scene,objA,objB,is_on,upper,views,n_view,n_on,pred_on,answer
stack3_scene0005,foam_brick,gelatin_box,True,foam_brick,"['view_el30_az135', 'view_el30_az210', 'view_el30_az195']",3,3,True,"[view_el30_az135] The image shows a foam brick placed on top of a gelatin box. The foam brick appears to be a simple, three-dimensional representation of a brick, likely made of foam or a similar material. The gelatin box, on the other hand, is a rectangular container with a label that suggests it contains gelatin, which is a common ingredient used in various food products such as desserts, marshmallows, and some types of candy. The foam brick is placed on the box, possibly for decorative or illustrative purposes, or it could be part of a display or a model setup. The || [view_el30_az210] The image shows a foam brick placed on top of a gelatin box. The foam brick appears to be a simple, three-dimensional representation of a brick, likely made of foam or plastic, and it has a flat top surface. The gelatin box is a rectangular container with a red label, suggesting it might contain a product like gelatin, which is a common ingredient in various food products. The box has a clear plastic window, allowing the contents to be visible. The foam brick is positioned on the box, possibly for display or as part of a model or setup. The background is a || [view_el30_az195] The image shows a foam brick placed on top of a gelatin box. The foam brick appears to be a lightweight, possibly decorative or functional item, while the gelatin box is a container typically used for storing and transporting gelatin, which is a common ingredient in various food products such as desserts, marshmallows, and pharmaceuticals. The relationship between the two items is that of one object being placed on top of another, suggesting that the foam brick might be used to protect the gelatin box during transportation or storage, or it could simply be a decorative arrangement."
stack3_scene0006,tomato_soup_can,tuna_fish_can,True,tomato_soup_can,"['view_el30_az240', 'view_el30_az210', 'view_el30_az195']",3,2,True,"[view_el30_az240] The image shows two cans of food stacked on top of each other. The can on top appears to be a can of tomato soup, while the can on the bottom looks like a can of tuna fish. The relationship between these two cans is that they are both types of canned food, typically found in a pantry or kitchen for storage and consumption. They are not directly related in terms of their contents, as tomato soup is a liquid food made from tomatoes, while tuna fish is a solid food made from fish. The cans are stacked in a way that suggests they are being stored or displayed, possibly || [view_el30_az210] The image shows two cans of food stacked on top of each other. The top can appears to be a can of tomato soup, while the bottom can looks like a can of tuna fish. The relationship between these two cans is that they are both types of canned food, typically found in a pantry or kitchen for storage and consumption. They are not directly related in terms of their contents, as tomato soup is a liquid food made from tomatoes, while tuna fish is a solid food made from fish. The cans are stacked in a way that suggests they are being stored or displayed, possibly for easy access || [view_el30_az195] The image shows a can of tomato soup and a can of tuna fish. These two items are often used together in various recipes, particularly in dishes that involve combining the flavors of the tomato soup with the protein of the tuna fish. For example, a tuna salad might include canned tuna mixed with ingredients like mayonnaise, chopped onions, and diced tomatoes, which could be made with the tomato soup can. Another example is a tuna noodle casserole, where canned tuna is combined with tomato soup, noodles, and other ingredients like vegetables and breadcrumbs, then baked in a casserole dish"
stack3_scene0011,tomato_soup_can,tuna_fish_can,True,tomato_soup_can,"['view_el30_az135', 'view_el45_az135', 'view_el30_az195']",3,3,True,"[view_el30_az135] The image shows two cans of food stacked on top of each other. The top can is a can of ""Campbells Tomato Soup,"" and the bottom can is a can of ""Bumble Bee Tuna Fish."" These two products are often used together to create a simple and quick meal, commonly known as a tuna noodle casserole or tuna salad. The combination of canned tuna and tomato soup is a popular choice for a quick and easy lunch or snack, as it requires minimal preparation and can be made with various additional ingredients such as noodles, mayonnaise, and herbs. || [view_el45_az135] The image shows two cans of food stacked on top of each other. The top can is labeled ""Campbells Tomato Soup,"" and the bottom can is labeled ""Bumble Bee Tuna Fish."" These cans are not related in terms of their contents; the tomato soup can contains a liquid soup made from tomatoes, while the tuna fish can contains canned tuna fish. The cans are stacked in a way that suggests they are being stored or displayed together, possibly in a pantry or on a shelf. The relationship between the two cans is that of a simple arrangement for storage or display, with no direct || [view_el30_az195] The image shows a can of tomato soup on top of a can of tuna fish. The cans are stacked one on top of the other, with the tomato soup can on top. This arrangement suggests that the two cans are being stored together, possibly indicating that they are part of a meal or a pantry where they are kept for easy access. The cans are placed on a flat surface, which could be a table or a countertop. The image is a simple, clear representation of the cans without any additional context or background details."
stack3_scene0013,foam_brick,sponge,True,foam_brick,"['view_el60_az180', 'view_el90', 'view_el60_az195']",3,3,True,"[view_el60_az180] The image shows a foam brick with three holes in it, placed on top of a sponge. The sponge appears to be used as a base or support for the foam brick, possibly to prevent it from slipping or to provide a stable surface for the brick to rest on. The foam brick and sponge are both commonly used in various applications, such as educational settings for children to learn about building and construction, or in DIY projects where lightweight materials are preferred. The foam brick is likely used to simulate the appearance of a real brick, while the sponge is a soft, absorbent material that can be used || [view_el90] The image you've provided appears to show a foam brick with three holes in it, and a sponge is placed on top of it. The foam brick and the sponge are not directly related in terms of their properties or functions. The foam brick is likely a type of foam used for insulation, buoyancy, or as a decorative element, while the sponge is a porous material typically used for cleaning, absorbing liquids, or as a cushioning material. The sponge is placed on top of the foam brick, possibly for a demonstration or a visual comparison, but they are not connected in any functional or structural || [view_el60_az195] The image shows a foam brick with three holes in it, placed on top of a sponge. The foam brick appears to be a lightweight, possibly educational or decorative item, while the sponge is a soft, absorbent material. The relationship between the two objects in this context seems to be that the sponge is being used to provide a stable surface for the foam brick to rest on, possibly to prevent it from slipping or to keep it in place. The sponge's absorbent nature might also be used to keep the foam brick clean or to provide a cushioned surface for handling the foam brick."
stack3_scene0014,master_chef_can,tomato_soup_can,True,tomato_soup_can,"['view_el45_az225', 'view_el45_az135', 'view_el30_az210']",3,3,True,"[view_el45_az225] The image shows two cans of food stacked on top of each other. The can on top appears to be a can of coffee, as indicated by the visible label and the shape of the can, which is typical for coffee cans. The can on the bottom is a can of Master Chef tomato soup, as indicated by the label and the design of the can, which is common for canned soup packaging. The cans are placed in a way that the coffee can is on top of the tomato soup can, suggesting that they are being stored or displayed together. || [view_el45_az135] The image shows two cans of food stacked on top of each other. The top can is a red and white can of ""Campbells Tomato Soup,"" and the bottom can is a blue and white can of ""Better Half."" The relationship between these two cans is that they are both brands of canned food products, but they are different types of products. The ""Campbells Tomato Soup"" can is a product of the Campbell Soup Company, which is a well-known manufacturer of canned soups and other food products. The ""Better Half"" can is a product of the Better Half brand, || [view_el30_az210] The image shows two cans of food stacked on top of each other. The can on top appears to be a can of tomato soup, as indicated by the label and the visible contents. The can on the bottom is a can of Master Chai, which is a brand of tea. The relationship between these two cans is that they are placed one on top of the other, likely for storage or display purposes. The cans are not related in terms of their contents; one contains a liquid food item (tomato soup), while the other contains a beverage (tea)."
stack3_scene0015,foam_brick,gelatin_box,True,foam_brick,"['view_el30_az240', 'view_el45_az225', 'view_el30_az210']",3,3,True,"[view_el30_az240] The image shows a foam brick placed on top of a gelatin box. The foam brick appears to be a simple, rectangular block with a flat surface, while the gelatin box is a rectangular container with a red label and a white label, suggesting it is a product packaging. The foam brick is positioned on the box, which is likely used for storing or transporting the gelatin product. The relationship between the two objects is that of a container and its contents, with the foam brick serving as a protective or decorative element on top of the gelatin box. || [view_el45_az225] The image shows a foam brick placed on top of a gelatin box. The foam brick appears to be a lightweight, possibly decorative or functional item, while the gelatin box is a container typically used for storing gelatin, a protein derived from animal bones and connective tissue. The relationship between the two items is that of a container and its contents, with the foam brick serving as a decorative or functional item placed on top of the gelatin box. The foam brick may be used to protect the gelatin box from damage or to add a decorative touch to the presentation of the gelatin. || [view_el30_az210] The image shows a foam brick placed on top of a gelatin box. The foam brick appears to be a lightweight, possibly decorative or functional item, while the gelatin box is a container typically used for storing gelatin, a protein derived from animal bones and connective tissue. The relationship between the two items is that of one object being placed on top of another, suggesting a temporary or decorative arrangement rather than a functional one. The foam brick might be used to protect the gelatin box or to add a decorative touch to the scene."
stack3_scene0016,tomato_soup_can,tuna_fish_can,True,tomato_soup_can,"['view_el30_az240', 'view_el30_az210', 'view_el30_az195']",3,2,True,"[view_el30_az240] The image shows a can of tomato soup and a can of tuna fish. These two items are often used together in various recipes, particularly in dishes that involve a combination of fish and vegetables or a base of tomato soup. The tuna fish can is typically used for its protein content, while the tomato soup can provides a flavorful liquid base. Together, they can be used to make dishes like tuna noodle casserole, tuna salad, or tuna and tomato soup. The cans are placed side by side, suggesting they might be used together in a recipe or meal. || [view_el30_az210] The image shows two cans of food. The can on the left appears to be a can of tomato soup, as indicated by the red label with the word ""Tomato"" visible. The can on the right is a can of tuna fish, as indicated by the label that reads ""Tuna"" and the presence of an image of a tuna fish. The cans are stacked on top of each other, with the tomato soup can on top and the tuna fish can on the bottom. The cans are placed on a flat surface, which is a common way to store or display canned goods. The || [view_el30_az195] The image shows two cans of food stacked on top of each other. The top can appears to be a can of tomato soup, as indicated by the red label with the word ""Tomato"" visible. The bottom can is a can of tuna fish, as indicated by the label that reads ""Tuna"" and the presence of an image of a tuna fish. The cans are placed on a flat surface, and the background is a plain, light color, which suggests a clean and simple setting. The cans are likely placed together for a meal or snack that involves both the tomato soup and the"
stack3_scene0017,master_chef_can,tomato_soup_can,True,tomato_soup_can,"['view_el45_az225', 'view_el45_az135', 'view_el60_az180']",3,3,True,"[view_el45_az225] The image shows two cans of food stacked on top of each other. The can on top appears to be a can of coffee, as indicated by the visible label and the shape of the can, which is typical for coffee cans. The can on the bottom is a can of Master Chef tomato soup, as indicated by the label and the design of the can, which is common for canned soups. The cans are placed in a way that the coffee can is on top of the tomato soup can, suggesting that they are being stored or displayed together. || [view_el45_az135] The image shows two cans of food stacked on top of each other. The top can is a red and white can of ""Campbells Tomato Soup,"" and the bottom can is a blue and white can of ""Folgers Coffee."" The cans are placed on a flat surface, and there is a baseball visible in the background. The relationship between the two cans is that they are both food products, but they are different types of food. The tomato soup can is a non-perishable, canned food item, while the coffee can is a packaged coffee product. They are not related in || [view_el60_az180] The image shows two cans of food stacked on top of each other. The top can appears to be a can of coffee, as indicated by the red label with the word ""Folgers"" and the recognizable logo. The bottom can is a can of tomato soup, as indicated by the red label with the word ""Campbell's"" and the recognizable logo. The cans are placed on a flat surface, and there is a baseball visible in the background. The relationship between the two cans is that they are both food products, but they are different types of food. The coffee can is a"
stack3_scene0019,foam_brick,wood_block,True,foam_brick,"['view_el60_az195', 'view_el60_az180', 'view_el45_az225']",3,3,True,"[view_el60_az195] The image shows a foam brick and a wooden block placed on top of each other. The foam brick is a lighter color, likely white or off-white, and it has a smooth texture. The wooden block, on the other hand, is a darker color, likely brown, and it has a more natural, textured appearance. The foam brick is resting on the wooden block, which is placed on a flat surface. The contrast between the two materials is quite noticeable, with the foam brick appearing soft and the wooden block appearing hard and solid. This arrangement could be used for educational purposes to demonstrate the || [view_el60_az180] The image shows a foam brick placed on top of a wooden block. The foam brick appears to be a toy or a model, as it is a lighter color and has a more uniform appearance compared to a real brick. The wooden block, on the other hand, looks like a real piece of wood with a natural grain pattern and a darker color. The contrast between the two objects suggests that the foam brick is being used as a prop or a decorative element, possibly for a display or a creative project. The wooden block provides a base or a support for the foam brick, indicating that the arrangement || [view_el45_az225] The image shows a foam brick placed on top of a wooden block. The foam brick appears to be a lightweight, possibly educational or decorative item, while the wooden block is a solid, heavier material. The contrast between the two items suggests a difference in their properties, such as weight, durability, and possibly their intended use. The foam brick might be used for educational purposes to teach about building materials or for decorative purposes, while the wooden block is a more traditional and sturdy material that could be used for construction or as a base for other objects."
stack4_scene0002,tomato_soup_can,tuna_fish_can,True,tomato_soup_can,"['view_el30_az135', 'view_el30_az240', 'view_el30_az195']",3,3,True,"[view_el30_az135] The image shows two cans of food stacked on top of each other. The top can is labeled ""Campbell's Tomato Soup,"" and the bottom can is labeled ""Kirkland Signature Tuna Fish."" The relationship between these two cans is that they are both food products, but they are different types of food. The tomato soup can contains a liquid soup made from tomatoes, while the tuna fish can contains canned tuna fish. They are not related in terms of their ingredients or nutritional content; they are simply two separate food items. || [view_el30_az240] The image shows two cans of food placed on a flat surface. The can on the left appears to be a can of tomato soup, and the can on the right appears to be a can of tuna fish. These cans are commonly used for food storage and are often found in kitchens and pantries. The tomato soup can is typically used for storing liquid food items, while the tuna fish can is designed to hold solid food items, such as canned fish. The cans are sealed to preserve the food inside and are often used for cooking or as ingredients in various recipes. || [view_el30_az195] The image shows two cans of food placed on a flat surface. The can on the left is labeled ""Tomato Soup,"" and the can on the right is labeled ""Tuna Fish."" These cans are likely to be used for preparing a meal, possibly a tuna salad or a tuna and tomato soup dish. The cans are placed next to each other, suggesting that they might be used together in a recipe, or they could simply be placed there for convenience or organization. The red and blue labels on the cans provide a visual distinction between the two types of food."
stack4_scene0003,master_chef_can,pudding_box,True,master_chef_can,"['view_el30_az240', 'view_el30_az135', 'view_el30_az195']",3,3,True,"[view_el30_az240] In the image, there is a can of ""Master Chef"" coffee and a box of ""Master Chef"" pudding. The coffee can is placed on top of the pudding box, suggesting a relationship between the two products, possibly indicating that they are part of a product line or a promotional display. The presence of both items together might imply that they are meant to be enjoyed together, perhaps as a coffee break with a sweet treat. The branding on both items is consistent, suggesting they are from the same brand and are likely intended to be consumed together. || [view_el30_az135] The image shows a blue coffee can placed on top of a red pudding box. The coffee can is labeled ""Master Chef,"" suggesting it is a brand of coffee. The pudding box is labeled ""Master Chef"" as well, indicating that it is likely a product from the same brand. The relationship between the two items is that they are both food products, and they are placed together, possibly for display or sale. The presence of the same brand name on both items suggests they are part of a product line or a brand's offerings. || [view_el30_az195] The image shows a coffee can placed on top of a pudding box. The coffee can is blue with the words ""Master Chai"" visible, suggesting it is a brand of tea or coffee. The pudding box is red with a white label that is not clearly legible, but it appears to be a box of some type of dessert or sweet treat. The coffee can is positioned on the box, which is on a flat surface. The arrangement suggests a casual or informal setting, perhaps someone has placed the coffee can on the pudding box for convenience or to save space."
stack4_scene0006,gelatin_box,tomato_soup_can,True,tomato_soup_can,"['view_el30_az210', 'view_el30_az135', 'view_el30_az195']",3,3,True,"[view_el30_az210] The image shows a gelatin box and a can of tomato soup placed on a flat surface. The gelatin box is positioned in the foreground, and the can of tomato soup is placed behind it, slightly to the right. The gelatin box is red with white text and a clear plastic window, while the tomato soup can is silver with a red label and a white cap. The background is a plain, light-colored surface, and there are colorful blocks in the background, suggesting a playful or creative environment. The objects are stationary and appear to be in a still life arrangement. || [view_el30_az135] The image shows a can of tomato soup placed on top of a box of gelatin. The can is a cylindrical shape with a red label featuring the brand ""Campbells"" and the product name ""Tomato Soup."" The box of gelatin is rectangular with a red label that has the word ""Gelatin"" printed on it. The gelatin box is positioned directly below the can of tomato soup, suggesting a relationship between the two products, possibly indicating that the gelatin is an ingredient in the tomato soup. The arrangement of the items in the image is simple and straightforward, with || [view_el30_az195] The image shows a gelatin box and a can of tomato soup. The gelatin box is placed on top of the tomato soup can. The gelatin box appears to be a standard rectangular box with a clear plastic window, allowing the contents to be seen. The tomato soup can is cylindrical with a label wrapped around it, indicating the brand and possibly the flavor of the soup. The can is placed on a flat surface, and the gelatin box is positioned on top of it, creating a stack. The background is a plain, light-colored surface, which provides a neutral backdrop for the items"
stack4_scene0007,sponge,sugar_box,True,sugar_box,"['view_el45_az225', 'view_el30_az210', 'view_el30_az195']",3,3,True,"[view_el45_az225] The image shows a box of Domino Sugar placed on top of a sponge. The sponge is likely being used to provide a stable surface for the box, preventing it from slipping or falling. The sponge's texture and absorbent properties make it suitable for this purpose, as it can grip the surface it's placed on and provide a stable base for the box. The relationship between the sponge and the sugar box is one of support and stability, with the sponge serving as a protective barrier between the box and the surface it's placed on. || [view_el30_az210] The image shows a 3D rendering of a Domino Sugar box standing upright on a green sponge. The sponge is placed on a flat surface, which appears to be a table or a similar horizontal surface. The Domino Sugar box is a product of the Domino Sugar company, which is a brand of sugar products. The box is designed to be upright, with a label on the front that provides information about the product, such as its name, net weight, and possibly other details like the type of sugar it contains. The sponge is likely used to provide stability and prevent the box from tipping over, || [view_el30_az195] In the image, there is a yellow sponge placed on a surface in front of a box of Domino sugar. The sponge is positioned to the left of the sugar box, and it appears to be resting on a flat surface, possibly a table or a countertop. The sugar box is standing upright, with its label facing forward, and it is placed to the right of the sponge. The relationship between the sponge and the sugar box is that they are both objects placed on a surface, with the sponge being a soft, absorbent material and the sugar box being a container for sugar. The sponge"
stack4_scene0009,master_chef_can,pudding_box,True,master_chef_can,"['view_el30_az135', 'view_el45_az135', 'view_el30_az240']",3,3,True,"[view_el30_az135] The image shows a blue coffee can with the text ""Coffee"" visible on it, placed on top of a red box that appears to be a pudding box. The coffee can is positioned on the box, suggesting a relationship between the two items, possibly indicating that the coffee can is being used as a container for the pudding. The red box is likely the packaging for the pudding, and the coffee can is being repurposed as a makeshift container for the pudding. This arrangement is not typical for commercial products, so it might be a creative or improvised solution for storage or presentation. || [view_el45_az135] The image shows a blue coffee can with a red lid on top of a brown cardboard box. The coffee can appears to be placed on the box, suggesting a relationship between the two items. The coffee can is likely the product being sold, while the cardboard box is the packaging that holds the product. The box is designed to protect the coffee can during transportation and storage, and it may also serve as a display or a way to organize the product in a retail setting. The red lid on the coffee can is a part of the packaging, providing a seal to keep the coffee fresh and preventing any || [view_el30_az240] In the image, there is a blue can of Master Chef coffee and a red box of pudding. The coffee can is placed on top of the pudding box. The relationship between the two items is that they are both food products, with the coffee can being a beverage and the pudding box being a dessert. The coffee can is positioned above the pudding box, suggesting that the coffee might be used to accompany the pudding, or that the two items are simply placed next to each other for display or consumption."
stack4_scene0010,master_chef_can,tuna_fish_can,True,tuna_fish_can,"['view_el60_az180', 'view_el60_az195', 'view_el60_az255']",3,2,True,"[view_el60_az180] The image shows a can of coffee and a can of tuna fish. The can of coffee is positioned in the foreground, and the can of tuna fish is in the background. The coffee can is closer to the viewer, while the tuna can is further away. The two cans are not interacting with each other; they are simply placed in the same space, likely for the purpose of a comparison or a visual representation of two different food items. The cans are not stacked or connected in any way; they are separate objects. || [view_el60_az195] The image shows a can of coffee and a can of tuna fish. The coffee can is on top of the tuna can. The coffee can has a yellow label with the word ""Master"" visible, suggesting it is a brand of coffee. The tuna can is blue with a label that is not fully visible, but it appears to be a standard tuna can with a label that likely includes the brand name and possibly the type of tuna. The cans are placed against a plain background, and there is a small yellow object, possibly a ball or a toy, in the background. The relationship between the || [view_el60_az255] The image shows a can of Foster's beer and a can of tuna fish. The Foster's beer can is placed on the left side of the image, and the can of tuna fish is on the right side. The two cans are separate and distinct from each other, with no visible relationship between them. They are simply placed next to each other in the image."
stack4_scene0011,master_chef_can,tomato_soup_can,True,tomato_soup_can,"['view_el60_az180', 'view_el60_az255', 'view_el60_az195']",3,3,True,"[view_el60_az180] The image shows two cans of food stacked on top of each other. The top can appears to be a can of coffee, as indicated by the visible label and the shape of the can, which is typical for coffee cans. The bottom can is a can of tomato soup, as indicated by the label and the shape of the can, which is also characteristic of tomato soup cans. The cans are placed on a flat surface, and there is a small, round object that looks like a piece of fruit or a toy in the background. The cans are positioned in such a way that the coffee can || [view_el60_az255] The image shows two cans of food stacked on top of each other. The can on top appears to be a can of coffee, as indicated by the visible label and the shape of the can, which is typical for coffee cans. The can on the bottom is a can of Master Chef tomato soup, as indicated by the label and the design of the can, which is common for canned soup packaging. The cans are placed in a way that the coffee can is on top of the tomato soup can, suggesting that they are being stored or displayed together. || [view_el60_az195] The image shows two cans of food stacked on top of each other. The top can appears to be a can of coffee, as indicated by the red label with the word ""Coffee"" visible. The bottom can is a can of tomato soup, as indicated by the label ""Master Cook"" and the image of a tomato on the front. The cans are placed against a plain background, and there is a small, colorful object that looks like a toy or a small figurine in the background. The relationship between the two cans is that they are placed one on top of the other, with the"
stack4_scene0012,gelatin_box,tomato_soup_can,True,tomato_soup_can,"['view_el30_az240', 'view_el30_az210', 'view_el45_az225']",3,3,True,"[view_el30_az240] The image shows a gelatin box and a can of tomato soup. The gelatin box is placed on top of the tomato soup can. The gelatin box is red with white text and a clear plastic window, allowing the contents to be seen. The tomato soup can is silver with a red label, and it appears to be a standard commercial can. The objects are positioned in a way that the gelatin box is the uppermost item, and the tomato soup can is the base. The background is a plain, light color, providing a neutral backdrop that doesn't distract from the items. || [view_el30_az210] The image shows a gelatin box and a can of tomato soup. The gelatin box is placed on the left side of the image, and the can of tomato soup is on the right. The gelatin box is standing upright, while the tomato soup can is lying on its side. The gelatin box appears to be made of a translucent material, possibly plastic, and the tomato soup can is made of a metallic material, likely aluminum. The gelatin box is larger than the tomato soup can. The background is a plain, light-colored surface, which provides a neutral backdrop for the objects || [view_el45_az225] The image shows a gelatin box and a can of tomato soup. The gelatin box is placed on top of the tomato soup can. The gelatin box is red with white text and a clear plastic window, allowing the contents to be seen. The tomato soup can is silver with a red label, and it appears to be a standard commercial can. The relationship between the two items is that they are placed next to each other, with the gelatin box on top of the tomato soup can. This arrangement is likely for display purposes, perhaps in a store or a kitchen setting."
stack4_scene0014,sponge,sugar_box,True,sugar_box,"['view_el45_az135', 'view_el60_az180', 'view_el75_az105']",3,3,True,"[view_el45_az135] The image shows a box of Domino sugar placed on top of a yellow sponge. The sponge is likely being used to provide a stable surface for the sugar box, preventing it from slipping or falling. The sponge's texture and color contrast with the smooth, white surface of the sugar box, making the arrangement visually interesting. The sponge's presence suggests that the box is being displayed or stored in a way that requires it to be stable and secure. || [view_el60_az180] The image shows a box of Domino Sugar placed on top of a sponge. The sponge is likely being used to provide a stable surface for the sugar box, preventing it from directly touching the table or floor. This could be for cleanliness reasons or to prevent the sugar box from getting wet or dirty. The sponge also adds a visual element to the composition, contrasting with the solid color of the sugar box. || [view_el75_az105] The image shows a 3D rendering of a sponge and a sugar box. The sponge is placed on the right side of the image, and the sugar box is on the left. The sponge appears to be a simple, rectangular shape with a porous texture, while the sugar box is a more complex object with a label that reads ""Domino Sugar."" The sugar box is standing upright, and the sponge is lying flat. The two objects are not interacting with each other; they are just placed next to each other in the image. The background is plain and does not provide any additional context or"
stack4_scene0017,foam_brick,master_chef_can,True,foam_brick,"['view_el60_az195', 'view_el60_az180', 'view_el45_az225']",3,3,True,"[view_el60_az195] The image shows a 3D rendering of a foam brick placed on top of a can of coffee. The foam brick appears to be a toy or a prop, possibly used for a game or a display. The coffee can is a real product, likely a container of instant coffee, and it's placed on a flat surface. The foam brick is positioned in such a way that it seems to be resting on the coffee can, creating a playful or humorous visual juxtaposition between the two objects. The foam brick is likely used for decorative or educational purposes, such as teaching children about building structures or || [view_el60_az180] The image shows a foam brick structure placed on top of a cylindrical object, which appears to be a coffee can. The foam brick is designed to resemble a traditional brick wall, with a flat top and three holes that could be used to hold items or as part of a construction playset. The coffee can is a blue and white container with a label that includes an image of coffee beans and the text ""MEXICAN COFFEE,"" suggesting that the can contains a type of coffee. The relationship between the foam brick and the coffee can is that they are placed together in the image, || [view_el45_az225] In the image, there is a foam brick placed on top of a can of Master Chef coffee. The foam brick is a simple, three-dimensional representation of a brick, likely used for educational or demonstration purposes. The coffee can is a cylindrical container with a blue label that features the Master Chef logo and some text, which is not fully legible in the image. The can appears to be a product for sale, possibly in a retail setting. The foam brick is placed on the can, suggesting a playful or instructional arrangement, perhaps to demonstrate the weight or size of the brick in comparison to the"
stack4_scene0018,tomato_soup_can,tuna_fish_can,True,tomato_soup_can,"['view_el30_az135', 'view_el45_az135', 'view_el30_az195']",3,2,True,"[view_el30_az135] The image shows a can of tomato soup and a can of tuna fish. These two products are often used together in various recipes, particularly in dishes that involve combining the flavors of the tomato soup with the protein of the tuna fish. For example, a tuna salad might include canned tuna mixed with ingredients like mayonnaise, chopped celery, and diced onions, which are then seasoned with salt and pepper. The tomato soup can be used as a base for a creamy tuna soup, where the canned tuna is added to the soup along with other ingredients like vegetables, herbs, and spices. The combination of || [view_el45_az135] The image shows two cans of food stacked on top of each other. The can on the bottom is a can of ""Campbell's Tomato Soup,"" and the can on top is a can of ""Bumble Bee Tuna Fish."" These two products are often used together to create a simple and quick meal, commonly known as a tuna noodle casserole or tuna salad. The combination of canned tuna and tomato soup is a popular choice for a quick and easy lunch or snack, as it requires minimal preparation and can be customized with various ingredients such as noodles, vegetables, and seasonings. || [view_el30_az195] The image shows two cans of food placed on top of each other. The can on the bottom is a can of tomato soup, and the can on top is a can of tuna fish. The cans are stacked in such a way that the tomato soup can is the base, and the tuna fish can is placed directly on top of it. This arrangement is not typical for storing food, as cans are usually stored separately to prevent the flavors from mixing or to avoid potential damage to the cans. The image appears to be a 3D rendering or a digitally created scene rather than a photograph of real"
stack5_scene0005,pudding_box,tuna_fish_can,True,tuna_fish_can,"['view_el45_az135', 'view_el30_az135', 'view_el30_az240']",3,3,True,"[view_el45_az135] The image shows a 3D rendering of a pudding box and a can of tuna fish. The pudding box is placed on the left side of the image, and the can of tuna fish is on the right. The pudding box appears to be a cylindrical container with a label that suggests it contains a sweet pudding, possibly a type of custard or pudding mix. The can of tuna fish is a cylindrical container with a label that indicates it contains tuna, a type of fish. The two items are unrelated in terms of their contents or purpose; the pudding box is for a sweet food item, || [view_el30_az135] The image shows a can of tuna fish placed on top of a box of pudding. The can of tuna is labeled ""DARBY'S"" and appears to be a brand of canned tuna. The pudding box is partially visible, with the brand name ""DARBY'S"" also visible on it, suggesting that the brand of the pudding is the same as the brand of the tuna. This could be a coincidence or a deliberate branding choice by the manufacturer to create brand recognition. The relationship between the two items is that they are both food products, and they are placed together in the image, || [view_el30_az240] The image shows a 3D rendering of a pudding box and a tuna fish can. The pudding box is placed on top of the tuna fish can. The relationship between these two objects is that they are placed one on top of the other, with the pudding box being the uppermost item. The tuna fish can is the base, and the pudding box is the item that is placed on top of it. This arrangement is likely for the purpose of displaying the items or for a visual comparison."
stack5_scene0008,tomato_soup_can,tuna_fish_can,True,tomato_soup_can,"['view_el30_az195', 'view_el30_az135', 'view_el30_az210']",3,3,True,"[view_el30_az195] The image shows two cans of food placed side by side. The can on the left appears to be a can of tomato soup, as indicated by the red label with the word ""Tomato"" visible. The can on the right is a can of tuna fish, as indicated by the label that reads ""Tuna"" and the presence of an image of a tuna fish. The cans are stacked on top of each other, with the tomato soup can on top and the tuna fish can below it. The cans are placed on a flat surface, and there is a third object, which looks like || [view_el30_az135] The image shows a can of tomato soup and a can of tuna fish. The tomato soup can is placed on top of the tuna fish can. This arrangement suggests a relationship between the two items, possibly indicating that they are being used together in a meal or recipe. The tomato soup can is likely used to make a dish that incorporates the tuna fish, such as a tuna salad or a tuna and tomato soup. The cans are placed in a way that suggests they are part of a meal or cooking process, with the tomato soup can being the main ingredient and the tuna fish can being a secondary ingredient || [view_el30_az210] The image shows two cans of food placed side by side on a flat surface. The can on the left appears to be a can of tomato soup, as indicated by the red label with a picture of a tomato and the text ""TOMATO SOUP"" visible on the label. The can on the right is a can of tuna fish, as indicated by the blue label with a picture of a tuna fish and the text ""TUNA FISH"" visible on the label. The cans are stacked one on top of the other, with the tomato soup can on top and the tuna fish"
stack5_scene0011,foam_brick,sponge,True,foam_brick,"['view_el90', 'view_el45_az135', 'view_el75_az225']",3,0,False,"[view_el90] The image you've provided appears to be a composite of various objects that are not related to each other in a physical sense. There is a foam brick, a tennis ball, a sponge, and a blue and white object that could be a marker or a pen. These items are not connected in any way; they are simply different objects placed together in the image. The foam brick is a soft, lightweight material often used for decorative or educational purposes, while the sponge is a porous, absorbent material typically used for cleaning or as a tool in the bath. The tennis ball is a piece of || [view_el45_az135] The image shows a foam brick and a sponge. The foam brick appears to be a soft, lightweight material, possibly used for educational purposes or as a toy. The sponge, on the other hand, is a porous, absorbent material typically used for cleaning or as a cushion. The relationship between the two objects is that they are both soft, lightweight, and can be used for various purposes, such as play or cleaning. They are not directly related in terms of their function or purpose, but they share some common characteristics in terms of their physical properties. || [view_el75_az225] The image shows a foam brick and a sponge. The foam brick appears to be a soft, lightweight material, possibly used for padding or as a toy. The sponge is a porous, absorbent material, typically used for cleaning or as a cushion. They are two different objects with different properties and uses. The foam brick is likely meant for play or decorative purposes, while the sponge is a functional item used for cleaning or absorbing liquids."
stack5_scene0013,foam_brick,sponge,True,foam_brick,"['view_el90', 'view_el60_az180', 'view_el45_az135']",3,3,True,"[view_el90] The image you've provided appears to show a foam brick with two black dots on it, which could represent screws or nails, and a sponge. The foam brick is placed on top of the sponge, which is resting on a flat surface. The relationship between the foam brick and the sponge is that the sponge is acting as a support or base for the foam brick, providing a stable surface for the brick to rest on. The sponge's porous nature allows it to absorb and distribute the weight of the foam brick without collapsing or deforming. This arrangement is often used in model building or as a simple || [view_el60_az180] The image shows a foam brick placed on top of a sponge. The foam brick appears to be a lightweight, possibly educational or decorative item, while the sponge is a soft, absorbent material. The sponge is likely used to provide a stable surface for the foam brick to rest on, preventing it from slipping or falling. The relationship between the two items is that of a support system, with the sponge acting as a cushion or base for the foam brick. || [view_el45_az135] The image shows a foam brick placed on top of a sponge. The foam brick appears to be a toy or a model, possibly used for educational purposes or as a prop in a play scenario. The sponge is likely used to provide a soft surface for the foam brick to rest on, preventing it from scratching or damaging a hard surface. The sponge also provides a stable base for the foam brick, ensuring it doesn't slip or move around. The relationship between the foam brick and the sponge is one of support and protection, with the sponge acting as a cushion and a support for the foam brick."
stack5_scene0014,cracker_box,sugar_box,True,sugar_box,"['view_el60_az255', 'view_el60_az195', 'view_el60_az180']",3,3,True,"[view_el60_az255] The image shows a cracker box and a sugar box stacked on top of each other. The cracker box is at the bottom, and the sugar box is on top of it. The cracker box is red with the word ""Cheez-It"" visible, indicating it is a brand of cheese crackers. The sugar box is white with blue and yellow text, and it reads ""DOMINO SUGAR,"" which is a brand of sugar. The boxes are positioned in a way that the cracker box is supporting the weight of the sugar box, suggesting a relationship of one box being || [view_el60_az195] The image shows a cracker box and a sugar box stacked on top of each other. The cracker box is on the bottom, and the sugar box is on top. The cracker box is red with a label that features images of crackers and text that reads ""CHEEZ-IT"" and ""ARE THESE CHEESES READY?"" The sugar box is yellow with a label that reads ""FROZEN MOCHA LATTE PARFAIT"" and includes a picture of a frozen mocha latte. The two boxes are placed in such a way that the cracker box is supporting || [view_el60_az180] The image shows a box of frozen mocha latte parfait mix and a box of Cheez-It crackers. The frozen mocha latte parfait mix is placed on top of the Cheez-It crackers box. The relationship between the two boxes is that they are separate products, likely intended for different purposes. The frozen mocha latte parfait mix is a food item meant to be prepared and consumed, while the Cheez-It crackers are a snack. The boxes are placed together in the image, but they are not related in terms of their contents or the way they are used."
stack5_scene0016,tomato_soup_can,wood_block,True,tomato_soup_can,"['view_el60_az255', 'view_el60_az195', 'view_el60_az180']",3,3,True,"[view_el60_az255] In the image, there is a can of tomato soup placed on top of a wooden block. The can appears to be a standard, cylindrical can with a label that includes the brand name and possibly some nutritional information. The wooden block is a simple, rectangular piece of wood, likely used to provide a stable surface for the can. The relationship between the two objects is that the wooden block is serving as a support or stand for the can, keeping it upright and stable. This arrangement might be for display purposes or to prevent the can from rolling or tipping over. || [view_el60_az195] The image shows a can of tomato soup placed on top of a wooden block. The can is positioned upright, with the label facing forward, and the wooden block is supporting it. The block appears to be a simple, rectangular piece of wood, likely used to provide a stable surface for the can. The relationship between the two objects is that of a support structure, with the wooden block acting as a stand for the can, preventing it from tipping over. || [view_el60_az180] The image shows a can of tomato soup placed on top of a wooden block. The can is positioned upright, with the label facing forward, and the wooden block is supporting the can, preventing it from falling or rolling. The wooden block is placed on a flat surface, which is not visible in the image. The relationship between the tomato soup can and the wooden block is that of a stable support, with the block providing a platform for the can to rest on."
stack5_scene0018,gelatin_box,tomato_soup_can,True,tomato_soup_can,"['view_el30_az135', 'view_el45_az135', 'view_el45_az225']",3,3,True,"[view_el30_az135] The image shows a gelatin box and a can of tomato soup. The gelatin box is placed on the left side of the image, and the can of tomato soup is on the right. The gelatin box is standing upright, while the tomato soup can is lying horizontally. The gelatin box is slightly larger than the can of tomato soup. The background is a plain, light-colored surface, and there is a small, white object in the lower left corner of the image. The objects are static and there is no apparent interaction between them. The image is a simple, still-life composition || [view_el45_az135] The image shows a can of tomato soup placed on top of a box of gelatin. The can is upright, with the label facing forward, and the box is positioned directly beneath it. The gelatin box is a standard rectangular box with a label that is partially visible, showing the word ""gelatin"" and some other text that is not fully legible. The tomato soup can is a cylindrical can with a red label that features the brand name ""Campbells"" and the product name ""Tomato Soup."" The can has a yellow pull tab on the top, which is likely used || [view_el45_az225] The image shows a gelatin box and a can of tomato soup. The gelatin box is placed on top of the tomato soup can. The gelatin box is red with white text and a clear plastic window, allowing the contents to be seen. The tomato soup can is silver with a red label, and it appears to be a standard commercial can. The two items are placed in a virtual environment, suggesting that this might be a screenshot from a video game or a 3D modeling software. The background is plain and does not provide any additional context or setting."
stack5_scene0019,cracker_box,sugar_box,True,sugar_box,"['view_el60_az180', 'view_el60_az195', 'view_el45_az135']",3,2,True,"[view_el60_az180] The image shows two boxes stacked on top of each other. The top box is a box of Domino Sugar, which is a brand of granulated sugar. The bottom box is a box of Cheez-It crackers. The relationship between these two items is that they are both food products, but they are not related in terms of their ingredients or the way they are used in cooking or eating. The Domino Sugar box is a source of sugar, which is a sweetener, while the Cheez-It crackers are a savory snack made from crackers and cheese. They are placed together in the image || [view_el60_az195] The image shows two boxes of food products. The box on the left is a box of Domino Sugar, which is a brand of granulated sugar. The box on the right is a box of Cheez-It crackers. The relationship between these two products is that they are both commonly used as ingredients in various recipes, particularly in sweet and savory dishes. Sugar is a key ingredient in many desserts and baked goods, while crackers are often used as a base for cheese, dips, or spreads. They are both staples in many households and are often found in kitchens for use in cooking and snacking || [view_el45_az135] The image shows a box of Cheez-It crackers and a box of sugar. The Cheez-It box is on top of the sugar box. The Cheez-It box is red with a yellow label and features images of the crackers, suggesting that the contents are visible through the transparent packaging. The sugar box is white with a blue label and has a clear plastic window, allowing the contents to be seen. The boxes are stacked in a way that the Cheez-It box is the uppermost, and the sugar box is the one that is being supported by the Cheez-"
stack5_scene0020,pudding_box,tuna_fish_can,True,tuna_fish_can,"['view_el30_az135', 'view_el45_az135', 'view_el45_az225']",3,3,True,"[view_el30_az135] The image shows a can of tuna fish placed on top of a box of pudding. The relationship between the two items is that they are unrelated food products. The can of tuna fish is a source of protein, typically used in various dishes such as salads, sandwiches, and casseroles, while the pudding box is a sweet dessert item, often served chilled. The juxtaposition of these two items in the image is likely for illustrative or humorous purposes, as they are not commonly consumed together in a meal. || [view_el45_az135] The image shows a can of tuna fish placed on top of a box of pudding. The tuna can is open, revealing the contents inside, which are not visible in the image. The pudding box is closed and appears to be a standard retail product packaging. The relationship between the two items is that they are placed next to each other, with the tuna can on top of the pudding box. This arrangement is likely coincidental and does not imply any direct relationship between the two products. They are simply placed in the same space, possibly for display or storage purposes. || [view_el45_az225] The image shows a pudding box and a can of tuna fish. The pudding box is placed on top of the can of tuna fish. The relationship between these two items is that they are unrelated in terms of their contents or typical use. Pudding is a sweet dessert made from milk, sugar, and flavorings, while tuna fish is a type of seafood that is often used in savory dishes. The juxtaposition of these two items in the image is likely for the purpose of creating an unusual or humorous visual, as they are not commonly associated with each other in everyday life."
stack5_scene0019,orange,sugar_box,False,,"['view_el30_az135', 'view_el45_az135', 'view_el75_az105']",3,2,True,"[view_el30_az135] The image shows a box of Cheez-It crackers and an orange. The box of Cheez-It crackers is placed on a surface, and the orange is sitting on the floor in front of the box. The box and the orange are separate objects, and there is no direct relationship between them in terms of their physical interaction or connection. They are simply placed next to each other in the image. || [view_el45_az135] The image shows a box of sugar and an orange. The box of sugar is placed on top of the orange, which is lying on its side. The box of sugar is positioned in such a way that it appears to be resting on the orange, creating a visual relationship between the two objects. The orange is partially visible, with the box of sugar obscuring part of it. The arrangement suggests a casual or random placement, with no apparent purpose or intention behind the positioning of the objects. || [view_el75_az105] In the image provided, there is an orange and a box of sugar. The orange is positioned on the right side of the image, while the sugar box is on the left. The orange appears to be in the foreground, closer to the viewer, while the sugar box is in the background, further away. The orange is depicted in a realistic manner, with its vibrant color and texture, while the sugar box is shown in a more stylized or cartoonish form, with a simplified design and a flat appearance. The background is a plain, neutral color, which helps to highlight the objects in"
stack5_scene0011,tennis_ball,wood_block,False,,"['view_el75_az105', 'view_el90', 'view_el75_az225']",3,1,False,"[view_el75_az105] The image shows a tennis ball and a wooden block. The tennis ball is on the left side of the image, and the wooden block is on the right side. The tennis ball is yellow and has a pattern of lines, which is typical for tennis balls. The wooden block appears to be a piece of wood with a visible grain pattern, suggesting it might be a piece of lumber or a block used for some kind of woodworking or construction. The two objects are not interacting with each other; they are simply placed next to each other in the image. || [view_el90] The image shows a tennis ball and a wooden block. The tennis ball is in the upper left corner, and the wooden block is in the lower right corner. The tennis ball is a bright yellow color, which is typical for tennis balls, and the wooden block appears to be a piece of wood with a natural wood grain pattern. The two objects are not directly interacting with each other; they are simply placed in the same space, suggesting a random arrangement. The tennis ball is not resting on the wooden block, and the wooden block is not resting on the tennis ball. They are separate items in || [view_el75_az225] The image shows a tennis ball and a wooden block. The tennis ball is in the upper right corner of the image, appearing to be in motion, possibly thrown or hit. The wooden block is located in the lower left corner of the image. It appears to be stationary and is not interacting with the tennis ball. The two objects are not directly related to each other; they are simply depicted in the same image, suggesting a casual or random arrangement."
stack5_scene0004,apple,large_clamp,False,,"['view_el60_az255', 'view_el45_az225', 'view_el75_az225']",3,1,False,"[view_el60_az255] In the image, there is a large clamp and two apples. The clamp appears to be a mechanical device, possibly used for gripping or holding objects. The apples are placed on the left side of the image, and the clamp is on the right side. The clamp is not directly interacting with the apples; it is simply placed in the same space as the apples. The relationship between the clamp and the apples is that they are both objects in the same virtual environment, but they are not connected or interacting with each other in any way that is visible in the image. || [view_el45_az225] In the image provided, there is a box of Domino sugar and two apples. The large clamp is not present in the image. The apples are depicted in a realistic 3D rendering, and the Domino sugar box is a real-life product. The clamp you're referring to is not visible in this image. If you have any other questions about the image or need information on the Domino sugar or apples, feel free to ask || [view_el75_az225] The image shows a 3D model of an apple and a large clamp. The apple is positioned to the left of the clamp, and they are both floating in a gray, empty space. The apple is a simple, smooth, red sphere with a small stem on top, while the clamp is a complex, black object with multiple arms and a handle. The clamp appears to be a tool used for gripping or holding objects, and it is much larger than the apple, suggesting a scale difference between the two. The relationship between the apple and the clamp is that of a simple, everyday object"
stack5_scene0004,large_clamp,strawberry,False,,"['view_el30_az135', 'view_el45_az135', 'view_el30_az195']",3,1,False,"[view_el30_az135] The image shows a large clamp positioned in front of a box of Domino Sugar. The clamp appears to be a mechanical device, possibly used for gripping or holding objects. In the foreground, there is a strawberry, which is a type of fruit. The clamp and the strawberry are not directly related; they are simply objects in the same image. The clamp is not interacting with the strawberry; it is just placed in the background. The image is a composite with a 3D rendering of the clamp and a photograph of the sugar box and strawberry. || [view_el45_az135] The image shows a large clamp with a box of Domino sugar on top of it, and a strawberry is placed on the ground in the foreground. The clamp and the strawberry are not directly related; they are simply objects placed in the same space. The clamp is a tool used for gripping or holding objects, while the strawberry is a type of fruit. The box of Domino sugar is placed on the clamp, suggesting that someone might be using the clamp to hold the box in place or to prevent it from falling. The strawberry is placed separately, not interacting with the clamp or the sugar box. || [view_el30_az195] The image shows a large clamp positioned next to a strawberry. The clamp appears to be a mechanical device, possibly used for gripping or holding objects. The strawberry is a small, red, ripe fruit. The clamp and the strawberry are inanimate objects and do not have a direct relationship. The clamp is not interacting with the strawberry; it is simply placed next to it. The image is a 3D rendering, suggesting it might be from a video game or a simulation."
stack5_scene0020,softball,tuna_fish_can,False,,"['view_el75_az105', 'view_el60_az180', 'view_el60_az195']",3,0,False,"[view_el75_az105] The image shows a softball and a can of tuna fish. The softball is a sports ball used in the game of softball, which is similar to baseball but with a larger ball and a shorter pitching distance. The can of tuna fish is a food item, typically used as a source of protein in various dishes. The relationship between the two items is that they are unrelated; the softball is a piece of sports equipment, while the tuna fish can is a food product. They are not connected in any practical or functional way; they are simply two different objects placed next to each other in the image. || [view_el60_az180] The image shows a softball and a can of tuna fish. The softball is a sports ball used in the game of softball, which is similar to baseball but with a larger ball and a shorter pitching distance. The can of tuna fish is a food item, typically used as a source of protein in various dishes. The relationship between the two items is that they are unrelated; the softball is a piece of sports equipment, while the tuna fish can is a food product. They are not connected in any practical or functional way; they are simply two different objects placed next to each other in the image. || [view_el60_az195] The image shows a softball and a can of tuna fish. The softball is a sports ball used in the game of softball, which is similar to baseball but with a larger ball and a shorter pitching distance. The can of tuna fish is a food product, typically used as a source of protein in various dishes. The relationship between the two items is that they are unrelated; the softball is a piece of sports equipment, while the tuna fish can is a food item. They are not connected in any practical or functional way; they are simply two different objects placed next to each other in the image."
stack3_scene0019,mug,wood_block,False,,"['view_el60_az255', 'view_el30_az240', 'view_el75_az225']",3,2,True,"[view_el60_az255] The image shows a red mug and a wooden block with holes in it. The mug appears to be placed on the ground, while the wooden block is standing upright. The mug is positioned to the right of the wooden block, and there is a gap between them. The mug and the wooden block are not interacting with each other; they are simply placed next to each other in the image. The wooden block has a series of holes that could be used for various purposes, such as hanging something or creating a pattern. The mug, on the other hand, is a common household item used for holding || [view_el30_az240] The image shows a red mug placed on a flat surface next to a wooden block. The mug is positioned to the right of the wooden block, which is standing upright. The mug appears to be empty and is facing the viewer directly. The wooden block is a simple, rectangular shape with a smooth finish, and it is placed on a flat surface that could be a table or a similar horizontal surface. The background is minimalistic, with a gradient from light to dark gray, which suggests a focus on the objects without any distractions. The overall scene is simple and straightforward, with no additional context or || [view_el75_az225] The image shows a red mug and a wooden block with three holes in it. The mug appears to be upside down, with its opening facing the viewer. The wooden block is positioned above the mug, and the holes in the block seem to align with the opening of the mug, suggesting that the block could be used to hold the mug in place or to create a specific arrangement. The relationship between the mug and the wooden block is one of potential interaction or use, possibly for a game or a creative display."
stack4_scene0019,medium_clamp,strawberry,False,,"['view_el60_az255', 'view_el75_az225', 'view_el45_az225']",3,0,False,"[view_el60_az255] The image shows a 3D model of a medium clamp and a strawberry. The clamp is positioned in the upper right corner of the image, while the strawberry is located in the lower left corner. The clamp appears to be a tool used for gripping or holding objects, and the strawberry is a type of fruit. The two objects are not interacting with each other; they are simply placed in the same 3D space. The clamp and the strawberry are unrelated in terms of their function or purpose; the clamp is a tool, and the strawberry is a food item. || [view_el75_az225] The image shows a 3D model of a medium clamp, which is a type of clamp used in woodworking to hold objects in place. The clamp is depicted in a way that suggests it is being used to hold a strawberry in place. The strawberry is shown with a green top, indicating it is likely a fresh, unripe strawberry. The clamp is positioned over the strawberry, with its jaws open and ready to close around the fruit. The image is a creative representation of the clamp's function, using a strawberry as a humorous and unexpected object to be clamped. || [view_el45_az225] In the image provided, there is a medium clamp and a strawberry. The medium clamp appears to be a mechanical device, possibly used for gripping or clamping objects. The strawberry is a natural, organic object, typically associated with agriculture and often used in culinary contexts. The medium clamp and the strawberry are not directly related in a biological or functional sense; they are two different types of objects with different purposes and origins. The medium clamp is likely used in industrial or manufacturing settings, while the strawberry is a food item."
stack5_scene0011,sponge,wood_block,False,,"['view_el90', 'view_el45_az135', 'view_el75_az225']",3,2,True,"[view_el90] The image shows a sponge and a wooden block. The sponge appears to be in the foreground, and the wooden block is in the background. The sponge is a soft, porous material, typically used for cleaning or absorbing liquids. The wooden block, on the other hand, is a solid, rigid object with a smooth surface, often used for various purposes such as a tool for woodworking, a part of a construction project, or even as a decorative piece. The relationship between the two objects is that they are distinct in terms of their properties and uses. The sponge is soft and absorbent, while || [view_el45_az135] The image shows a wooden block and a sponge. The sponge is placed on a surface, and the wooden block is standing upright next to it. The sponge is likely used for cleaning or absorbing moisture, while the wooden block appears to be a simple object, possibly used for a variety of purposes such as a base for a structure, a tool for a game, or as a decorative item. The relationship between the two objects is that they are placed next to each other, but they do not seem to have any direct interaction or connection based on the image alone. || [view_el75_az225] The image shows a sponge and a wooden block placed on a flat surface. The sponge is positioned to the right of the wooden block. The sponge appears to be a typical kitchen or bathroom sponge, while the wooden block has a series of holes in it, which could suggest it is used for a specific purpose, such as a tool holder or a part of a larger assembly. The two objects are not interacting with each other; they are simply placed next to each other."
stack4_scene0010,lemon,master_chef_can,False,,"['view_el75_az105', 'view_el45_az135', 'view_el30_az135']",3,1,False,"[view_el75_az105] The image shows a lemon and a coffee can placed on a flat surface. The lemon is positioned to the left of the coffee can. The lemon is a bright yellow color, indicating it is ripe and ready to be used. The coffee can appears to be a standard cylindrical can with a label that is not clearly visible. The lemon and the coffee can are inanimate objects and do not have a direct relationship; they are simply placed next to each other in the image. The lemon is a citrus fruit, while the coffee can is a container for coffee grounds. The lemon is often used in cooking || [view_el45_az135] The image shows a lemon and a can of coffee. The lemon is on the left side of the image, and the coffee can is on the right. The lemon is a real object, while the coffee can appears to be a 3D model or a digital rendering, as indicated by the texture and the way it's positioned in the image. The lemon is depicted in a realistic manner, with its yellow color and a slight reflection on its surface, suggesting a smooth texture. The coffee can, on the other hand, has a more stylized appearance, with a metallic sheen and a || [view_el30_az135] In the image, there is a lemon placed next to a can of coffee. The lemon is on the left side of the image, and the coffee can is on the right. The lemon is a bright yellow color, indicating it is ripe and ready to be used. The coffee can appears to be a standard cylindrical can with a label that includes the brand name ""Starbuck's,"" suggesting it is a product from the Starbucks coffee chain. The can is blue and white, with the Starbuck's logo prominently displayed. The relationship between the lemon and the coffee can is that they are"
stack5_scene0013,sponge,sugar_box,False,,"['view_el90', 'view_el60_az180', 'view_el45_az135']",3,3,True,"[view_el90] The image shows a sponge and a sugar box. The sponge is positioned below the sugar box, which is suspended in mid-air. The sponge appears to be resting on a surface, while the sugar box is floating above it. The relationship between the two objects is that they are in different states of motion or rest; the sponge is stationary, while the sugar box is in a state of suspension or levitation. The image does not provide any information about the cause of the sugar box's levitation or the nature of the surface the sponge is resting on. || [view_el60_az180] The image shows a box of Domino Sugar and a sponge. The sponge is placed on the right side of the image, while the sugar box is on the left. The sponge is not directly interacting with the sugar box; they are simply placed next to each other. The sponge is typically used for cleaning or absorbing liquids, while the sugar box is a container for sugar, a sweetener commonly used in cooking and baking. The relationship between the two objects is that of a juxtaposition of two different items, one used for cleaning and the other for culinary purposes. || [view_el45_az135] The image shows a 3D model of a sugar box labeled ""Domino Sugar"" and a 3D model of a sponge. The sponge is placed on a surface that appears to be a table or a similar flat surface. The relationship between the sponge and the sugar box is that they are both objects placed in a virtual environment, likely created using a 3D modeling software or a virtual reality platform. The sponge is positioned in front of the sugar box, and they are both stationary, suggesting a static scene. The sponge is not interacting with the sugar box; it is simply placed"
stack5_scene0019,bowl,cracker_box,False,,"['view_el75_az105', 'view_el75_az225', 'view_el45_az135']",3,3,True,"[view_el75_az105] The image shows a red bowl with a box of Domino Sugar on top of it. The box of Domino Sugar is leaning slightly to the left, and the bowl is positioned below it. The cracker box is not visible in the image; it appears to be behind the Domino Sugar box, which is in the foreground. The relationship between the bowl and the cracker box is that they are both objects placed on a flat surface, with the bowl being closer to the viewer and the cracker box being further away. The Domino Sugar box is in the middle, creating a layered effect with the bowl || [view_el75_az225] The image shows a bowl and a cracker box in a 3D rendering. The bowl is positioned to the right of the cracker box, and it appears to be empty. The cracker box is on the left, and it is partially stacked with another box on top of it. The boxes are likely meant to represent a snack setting, with the bowl possibly used for holding a dip or spread to accompany the crackers. The arrangement suggests a casual, informal setting, perhaps for a snack break or a meal. || [view_el45_az135] The image shows a red bowl and a box of Cheez-It crackers. The bowl is placed to the left of the box, and the box is positioned to the right of the bowl. The bowl appears to be empty, and the box is standing upright, with its front facing the viewer. The box has a label with images of crackers and text that suggests it contains cheese-flavored crackers. The relationship between the bowl and the box is that they are both objects placed on a flat surface, with the bowl being a container and the box being a package of food."
stack5_scene0006,extra_large_clamp,tennis_ball,False,,"['view_el90', 'view_el60_az255', 'view_el75_az105']",3,0,False,"[view_el90] The image shows an extra large clamp with a black handle and a black clamp head, which is designed to hold or clamp objects. In the background, there is a tennis ball, which is a small, round, yellow ball with a white net pattern. The tennis ball is much smaller in size compared to the clamp, emphasizing the difference in scale between the two objects. The tennis ball is not directly interacting with the clamp; it is simply placed in the background of the image. The relationship between the two objects is that of size comparison, with the tennis ball being much smaller than the clamp. || [view_el60_az255] The image shows an extra large clamp and a tennis ball. The clamp appears to be a tool used for gripping or holding objects, and it is placed in the upper left corner of the image. The tennis ball is located in the lower right corner. The clamp and the tennis ball are not directly interacting with each other; they are simply placed in the same space, suggesting a comparison or contrast between the two objects. The tennis ball is much smaller in size compared to the clamp, highlighting the difference in scale between the two items. || [view_el75_az105] The image shows a 3D model of an extra large clamp with a tennis ball placed next to it. The clamp appears to be designed to hold or clamp objects, and the tennis ball is a small, round object that is typically used in the sport of tennis. The relationship between the two objects in this context is likely to be a demonstration of the clamp's size and strength, as it is much larger than the tennis ball. This could be used to illustrate the clamp's capacity to hold or secure items that are significantly larger than the tennis ball."
stack5_scene0012,gelatin_box,phillips_screwdriver,False,,"['view_el60_az180', 'view_el60_az195', 'view_el45_az225']",3,0,False,"[view_el60_az180] The image shows a gelatin box and a Phillips screwdriver. The gelatin box is a consumer product, typically used in food preparation, while the Phillips screwdriver is a tool used for fastening screws. There is no direct relationship between the two items; they are unrelated in terms of their purpose or function. The gelatin box is a food item, and the screwdriver is a tool, and they are not connected in any practical or logical sense. || [view_el60_az195] The image shows a gelatin box and a Phillips screwdriver. The gelatin box is a consumer product, typically used for making desserts or snacks, while the Phillips screwdriver is a tool used for driving screws. The two items are unrelated in terms of their purpose or function. The gelatin box is a food item, and the screwdriver is a tool used in construction or maintenance. They are not related in any practical or functional sense. || [view_el45_az225] The image shows a gelatin box and a Phillips screwdriver. The gelatin box is a consumer product, typically used for food preparation, while the Phillips screwdriver is a tool used for fastening or loosening screws. The relationship between the two items is that they are unrelated in terms of their purpose or function. The gelatin box is a food item, and the screwdriver is a tool, and they are not connected in any practical or logical way. They are simply two different objects placed next to each other in the image."
stack4_scene0013,cracker_box,cups,False,,"['view_el75_az105', 'view_el45_az135', 'view_el90']",3,1,False,"[view_el75_az105] The image shows a box of Cheez-It crackers with a blue lid on top, and two green cups. The box is positioned above the cups, suggesting that the cups are placed on a surface below the box. The relationship between the cracker box and the cups appears to be that of a container and its contents. The box contains the crackers, and the cups are likely used for holding liquids, possibly to accompany the crackers. The arrangement of the objects suggests a casual setting, perhaps a snack or mealtime scenario. || [view_el45_az135] The image shows a box of Cheez-It crackers with a blue block on top, placed next to two green cups. The relationship between the cracker box and the cups is that they are both objects placed in a virtual environment, likely a 3D model or a computer-generated image. The cracker box is positioned to the right of the cups, and they are all set against a plain background. The cups appear to be empty and are likely part of a scene or a still from a video game or animation. The cracker box and cups are not interacting with each other; they || [view_el90] The image shows a red box of crackers with a blue label on it, and two green cups. The box is positioned on the right side of the image, and the cups are on the left side. The cups appear to be empty and are placed in a way that suggests they are not in use at the moment. The relationship between the cracker box and the cups is that they are both objects in the same space, but they are not directly interacting with each other. The cracker box is a food item, while the cups are typically used for holding beverages. The image is a simple"
stack5_scene0018,cups,tomato_soup_can,False,,"['view_el60_az255', 'view_el75_az225', 'view_el75_az105']",3,2,True,"[view_el60_az255] The image shows a 3D rendering of a yellow cup and a can of tomato soup. The cup appears to be a simple, cylindrical container with a handle on one side, suggesting it could be used for holding liquids, such as the tomato soup. The can of tomato soup is placed on a red surface, which could be a box or a plate, and it has a label that is not clearly visible. The relationship between the cup and the can of tomato soup is that the cup is a container that could be used to serve or consume the soup, but the image does not provide any || [view_el75_az225] The image shows a 3D rendering of a yellow plastic cup and a can of tomato soup. The cup appears to be a disposable, single-use item, while the can of tomato soup is a container typically used for storing and preserving food. The cup is placed to the right of the can, and both items are on a flat surface. The cup is empty, and the can is sealed, suggesting that the tomato soup is not currently being consumed. The relationship between the two items is that they are both containers, but they serve different purposes: the cup is for drinking, while the can || [view_el75_az105] The image shows a yellow cup and a red can of tomato soup. The yellow cup appears to be empty and is placed on the left side of the image. The red can of tomato soup is on the right side of the image, and it is open, suggesting that the soup has been consumed or is ready to be consumed. The two objects are unrelated in terms of their contents or purpose; the yellow cup is typically used for drinking liquids like coffee or tea, while the red can is a food item, specifically tomato soup. The image is a simple, abstract representation with no additional context or"
stack5_scene0018,cups,rubiks_cube,False,,"['view_el60_az255', 'view_el75_az225', 'view_el30_az240']",3,0,False,"[view_el60_az255] The image you've provided shows a Rubik's Cube and a yellow cup. The Rubik's Cube is a 3D puzzle that consists of a 3x3 matrix of smaller cubes, each with a different color on each of its six faces. The objective is to rotate the cube in various ways to align the colors on each face to a single color, usually white, with the help of a key on the top of the cube.  The yellow cup, on the other hand, is a simple, everyday object used for holding liquids. It has a cylindrical shape with a flat base || [view_el75_az225] The image you've provided shows a Rubik's Cube and two cups. The Rubik's Cube is a 3D puzzle that consists of a 3x3 matrix of smaller cubes, each with a different color on each of its six faces. The objective is to rotate the cube in various ways to align the colors on each face to a specific pattern, usually a solid color on each face.  The two cups in the image appear to be unrelated to the Rubik's Cube. They are objects that are typically used for holding liquids, such as coffee or tea. The cups are placed || [view_el30_az240] The image shows a Rubik's Cube, which is a 3D puzzle that consists of a 3x3 matrix of smaller cubes, each of which can be turned independently. The cube is known for its challenging nature, as it requires a series of rotations to align the colors on each face to a single color.  In the image, there are two cups placed near the Rubik's Cube. The cups appear to be empty and are not interacting with the cube in any way. They are simply objects placed in the same space as the cube, suggesting a casual arrangement, perhaps for a"
stack4_scene0006,cups,gelatin_box,False,,"['view_el30_az210', 'view_el30_az135', 'view_el30_az195']",3,3,True,"[view_el30_az210] In the image provided, there is a can of food placed on top of a red gelatin box. The can appears to be a standard cylindrical can, possibly containing a type of food such as vegetables, meat, or fish. The gelatin box is a rectangular container with a red label, which is typically used for storing gelatin, a protein derived from animal bones and connective tissue. The box is placed on a flat surface, and there is an orange cup to the right of the gelatin box. The cup and the gelatin box are not directly related; they are simply objects || [view_el30_az135] In the image, there is a can of tomato soup placed on top of a red gelatin box. The gelatin box is positioned on the left side of the image, and the can of tomato soup is on the right. The gelatin box appears to be a standard rectangular container, while the can of tomato soup is cylindrical with a label that reads ""Campbells Tomato Soup."" The orange cup in the background is not directly related to the gelatin box or the tomato soup can; it is simply part of the background and does not seem to have any connection to the other objects in || [view_el30_az195] In the image provided, there is a can of food placed on top of a gelatin box. The gelatin box is positioned on the left side of the image, and the can is on top of it. The can appears to be a can of something red, possibly a type of sauce or a canned food product. The gelatin box is a common household item used for storing and preparing gelatin. The relationship between the two items in this context is that the can is being used as a makeshift stand or support for the gelatin box. This arrangement is not typical for the use of"
stack4_scene0019,medium_clamp,wood_block,False,,"['view_el60_az255', 'view_el75_az105', 'view_el90']",3,1,False,"[view_el60_az255] The image shows a medium clamp, which appears to be a type of clamp used in woodworking or other crafts, placed on top of a wooden block. The clamp is designed to hold objects securely in place, often used to hold wood in place during gluing, drilling, or other operations. The wooden block serves as a base or support for the clamp, providing a stable surface for the clamp to rest on. The block's purpose is to prevent the clamp from slipping or moving during use, ensuring that the clamp maintains its position on the object it is clamping. || [view_el75_az105] In the image, there is a medium clamp with a red handle and a black body, which appears to be in the process of clamping down on a wooden block. The clamp is positioned in such a way that it would likely exert pressure on the block, possibly to hold it in place or to secure it for a specific purpose. The wooden block has a textured surface, suggesting it might be used for a particular task, such as woodworking or crafting. The relationship between the clamp and the block is that of a tool and its intended object, with the clamp being used to secure or manipulate the || [view_el90] The image shows a medium clamp and a wooden block. The medium clamp appears to be a tool used for holding or clamping objects in place, possibly for woodworking or other crafts. It has a black handle and a metal clamp head, which is likely used to grip or hold onto the wooden block. The wooden block has a textured surface, which could be for aesthetic purposes or to provide a better grip for the clamp. The block is positioned in the lower part of the image, and the clamp is positioned above it, suggesting that the clamp is either being used to hold the block in place or"
stack4_scene0004,rubiks_cube,wood_block,False,,"['view_el30_az135', 'view_el45_az135', 'view_el60_az180']",3,2,True,"[view_el30_az135] In the image, there is a Rubik's Cube placed on top of a wooden block. The wooden block appears to be a simple, flat piece of wood with a smooth surface, which contrasts with the colorful, complex design of the Rubik's Cube. The Rubik's Cube is a three-dimensional puzzle that requires rotation and manipulation to align its colors on each of its six faces. The wooden block, on the other hand, is a simple, static object that does not require any manipulation or alignment. The relationship between the two objects in this image is that the Rubik's Cube is || [view_el45_az135] In the image, there is a Rubik's Cube placed on top of a wooden block. The wooden block appears to be resting on a flat surface, and there is another Rubik's Cube lying on the ground next to the wooden block. The Rubik's Cube on the wooden block is oriented in a way that suggests it has been solved, with all the colors aligned, while the one on the ground is not solved and has its colors mixed up. The relationship between the Rubik's Cube and the wooden block is that the wooden block is serving as a support or base for the solved || [view_el60_az180] The image shows a Rubik's Cube and a wooden block. The Rubik's Cube is a 3D puzzle that consists of a 3x3 matrix of smaller cubes, each of which can be turned independently. The goal is to rotate the cube so that each of the six faces is a solid color, usually by aligning the colors on each face to create a perfect cube.  The wooden block, on the other hand, appears to be a simple, flat block made of wood. It is not a puzzle or a toy; it is a piece of wood with a flat surface"
stack5_scene0018,golf_ball,tomato_soup_can,False,,"['view_el30_az135', 'view_el45_az135', 'view_el75_az105']",3,1,False,"[view_el30_az135] In the image, there is a golf ball and a can of tomato soup. The golf ball is positioned on the left side of the image, and the can of tomato soup is on the right. The golf ball is in the foreground, while the can is in the background. The golf ball appears to be closer to the viewer than the can, suggesting that the golf ball is in the foreground and the can is in the background. The can is standing upright, and the golf ball is lying flat on the ground. The image does not depict any direct interaction between the golf ball and the can || [view_el45_az135] In the image, there is a can of tomato soup placed on top of a red box, which is positioned on a flat surface. The can appears to be a standard cylindrical can with a label that includes the brand name ""Campbells"" and the product name ""Tomato Soup."" The red box underneath the can is likely a cardboard box used for packaging or shipping the soup cans.  In the background, there is a golf ball, which is not directly related to the tomato soup can. The golf ball is placed on the same flat surface as the tomato soup can and box, but it || [view_el75_az105] The image shows a golf ball and a can of tomato soup. The golf ball is positioned in the lower right corner of the image, while the can of tomato soup is in the upper left corner. The two objects are not directly related to each other; they are simply placed in the same image, likely for the purpose of a visual comparison or to illustrate a random assortment of items. The golf ball is a small, round, hard object typically used in the sport of golf, while the can of tomato soup is a container of liquid food. The juxtaposition of these two items is unusual and"
stack4_scene0007,sponge,tomato_soup_can,False,,"['view_el45_az225', 'view_el30_az210', 'view_el30_az195']",3,3,True,"[view_el45_az225] The image shows a box of Domino Sugar and a can of tomato soup. The box of Domino Sugar is standing upright on a sponge, which is placed on a flat surface. The can of tomato soup is positioned in the background, slightly elevated from the surface it's resting on. The sponge is likely used to provide stability for the Domino Sugar box, preventing it from tipping over. The tomato soup can is not directly interacting with the sponge; it is simply placed nearby. The arrangement suggests a casual setting, perhaps a kitchen or a place where food is prepared or consumed. || [view_el30_az210] In the image, there is a box of Domino Sugar and a can of tomato soup. The box of Domino Sugar is standing upright on a yellow sponge, which is placed on a flat surface. The can of tomato soup is placed next to the box of Domino Sugar, but it is not resting on anything; it is simply sitting on the flat surface. The relationship between the sponge and the tomato soup can is that the sponge is supporting the Domino Sugar box, while the tomato soup can is separate and not interacting with the sponge. || [view_el30_az195] In the image, there is a yellow sponge placed on a surface next to a can of tomato soup. The sponge is positioned to the left of the can, and they are both on a flat surface. The sponge appears to be used for cleaning or absorbing moisture, while the can of tomato soup is a food product. The relationship between the two items is that they are placed next to each other, likely for convenience or to be used in a meal or cleaning process."
stack5_scene0019,bowl,orange,False,,"['view_el30_az135', 'view_el45_az135', 'view_el75_az105']",3,0,False,"[view_el30_az135] In the image, there is a red bowl and an orange. The bowl is positioned above the orange, suggesting that the bowl might be used for holding or serving the orange. The bowl and the orange are both objects that are typically associated with food or drink, and their proximity in the image could imply that the orange is being prepared for consumption or presentation. The orange is a fruit, and the bowl is a container, so their relationship is one of utility and function, with the bowl serving to hold the orange. || [view_el45_az135] In the image, there is a red bowl and an orange. The bowl is positioned above the orange, suggesting that the bowl might be used for holding or serving the orange. The bowl and the orange are not directly interacting with each other; they are simply placed in close proximity to each other. The bowl appears to be empty, and the orange is whole and unpeeled. The relationship between the bowl and the orange is that of a container and its contents, with the bowl being the container and the orange being the item contained within it. || [view_el75_az105] In the image, there is a bowl and an orange. The bowl appears to be empty and is positioned above the orange. The bowl and the orange are not directly interacting with each other; they are simply placed in the same space. The bowl is on the left side of the image, and the orange is on the right side. The bowl is tilted slightly, suggesting it might have been placed or moved recently. The orange is round and appears to be a common type of citrus fruit. The background is plain and does not provide any additional context or interaction between the bowl and the orange."
stack5_scene0012,gelatin_box,plum,False,,"['view_el75_az105', 'view_el90', 'view_el45_az135']",3,0,False,"[view_el75_az105] The image shows a gelatin box and a plum, which are two different objects. The gelatin box is a product packaging, typically used for storing and selling gelatin, which is a common ingredient in desserts and other food products. The plum is a type of fruit, known for its round shape and purple skin, which is a common ingredient in various culinary dishes, particularly in Asian cuisine. The two objects are unrelated in terms of their relationship; they are simply depicted in the same image. || [view_el90] The image shows a gelatin box and a plum, which are two different objects. The gelatin box is a product used for making desserts or snacks, while the plum is a type of fruit. They are not related in any direct or functional sense; they are simply two separate items placed in the same image. The gelatin box is likely used in the preparation of desserts, while the plum is a natural food item. || [view_el45_az135] The image shows a gelatin box and a plum. The gelatin box is a red container with a blue lid, and it appears to be a product used for making desserts or snacks. The plum is a purple fruit with a smooth skin, and it is placed to the left of the gelatin box. The gelatin box and the plum are separate objects, and there is no direct relationship between them in the image. They are simply placed next to each other in a virtual space."
stack5_scene0006,sugar_box,tennis_ball,False,,"['view_el90', 'view_el60_az255', 'view_el75_az105']",3,0,False,"[view_el90] The image shows a tennis ball in the air above a sugar box. The tennis ball is yellow with a black outline, indicating it is likely a three-dimensional object or a graphic representation of a tennis ball. The sugar box is a flat, rectangular object with a blue label on it, suggesting it is a container for sugar. The tennis ball is positioned above the sugar box, but there is no direct interaction between the two objects in the image. The tennis ball appears to be in motion, possibly thrown or hit, while the sugar box is stationary. The relationship between the two objects is that of || [view_el60_az255] The image shows a 3D rendering of a sugar box with a blue lid on top and a tennis ball in the background. The tennis ball is positioned to the right of the sugar box, and it appears to be floating in mid-air. The relationship between the two objects is that they are separate items, with no direct interaction or connection between them. The tennis ball is not inside the sugar box, and the sugar box is not used for playing tennis. The image is a simple composition with no implied action or relationship between the two objects. || [view_el75_az105] The image shows a 3D rendering of a sugar box with a blue lid and a tennis ball. The tennis ball is positioned in the background, slightly to the left of the sugar box. The relationship between the two objects is that they are separate items placed in a virtual space, likely created for a 3D modeling or rendering project. The tennis ball is not interacting with the sugar box; they are simply placed next to each other."
stack5_scene0001,cracker_box,flat_screwdriver,False,,"['view_el90', 'view_el60_az255', 'view_el75_az225']",3,1,False,"[view_el90] The image shows a cracker box with a blue label on the front, which is placed on a flat surface. Above the cracker box, there is a flat screwdriver with a red handle and a black shaft. The screwdriver is positioned in such a way that it appears to be floating or suspended in mid-air, with the cracker box directly below it. The relationship between the cracker box and the screwdriver is that they are unrelated objects placed in the same image, likely for the purpose of creating a humorous or surreal visual juxtaposition. The screwdriver is not typically associated with || [view_el60_az255] The image shows a cracker box labeled ""Cheez-It"" and a flathead screwdriver. The cracker box is positioned to the left of the screwdriver, and they are both floating in a white space, suggesting a digital or virtual environment. The relationship between the cracker box and the screwdriver is that they are unrelated objects. The cracker box is a food item, while the screwdriver is a tool used for driving screws. They are not typically associated with each other in a real-world context, but their juxtaposition in this image creates a playful or surreal visual. || [view_el75_az225] The image shows a red cracker box with a blue label on it, which appears to be a 3D rendering or a photograph of a real object. In the background, there is a flat screwdriver with a red handle and a black blade. The screwdriver is positioned above the cracker box, suggesting that the two objects are in the same space, likely in a virtual environment or a 3D model setup. The relationship between the cracker box and the screwdriver is that they are both objects within a 3D scene or a photograph, and they are not directly related"
stack4_scene0014,pitcher_base,sugar_box,False,,"['view_el45_az135', 'view_el30_az135', 'view_el60_az195']",3,2,True,"[view_el45_az135] The image shows a blue pitcher base and a box of Domino Sugar. The pitcher base is placed to the right of the sugar box, and they are both on a flat surface. The pitcher base appears to be a separate item from the sugar box, as they are not connected or integrated in any way. The sugar box is a product used for sweetening beverages, while the pitcher base is a container that typically holds water for making drinks. The two items are simply placed next to each other, likely for the purpose of a visual comparison or to show the items in a setting where they might be || [view_el30_az135] The image shows a blue pitcher and a box of Domino Sugar. The pitcher is placed on the right side of the image, and the sugar box is on the left. The pitcher is a three-dimensional object, likely a model or a 3D rendering, while the sugar box appears to be a real-life product. The sugar box is standing upright, and the pitcher is positioned horizontally, suggesting that they are not directly related in terms of their physical arrangement. The relationship between the two objects is that they are both items commonly found in a kitchen or a setting where sugar is used, but they || [view_el60_az195] The image shows a blue pitcher base with a lid on top of it, and a box of Domino sugar beside it. The pitcher base and the sugar box are placed on a flat surface, which appears to be a table or a similar flat surface. The relationship between the two objects is that they are placed next to each other, suggesting that they are part of a setup for a beverage, possibly a sugar-sweetened drink. The pitcher base is typically used for holding a pitcher of liquid, while the sugar box is a container for sugar, which can be used to sweeten the beverage."
stack5_scene0003,peach,sponge,False,,"['view_el60_az255', 'view_el45_az225', 'view_el75_az225']",3,1,False,"[view_el60_az255] The image shows a peach and a sponge. The peach is a type of fruit, while the sponge is a porous, absorbent material typically used for cleaning or drying. They are unrelated in terms of their nature or function. The peach is organic and edible, while the sponge is inorganic and used for practical purposes. || [view_el45_az225] The image you've provided appears to be a 3D rendering or a digital illustration. It shows a peach with a yellow and red color gradient, a blue cube, and a black object that could be interpreted as a sponge or a similar porous material. The peach is positioned to the right of the blue cube, which is resting on a yellow sponge or similar material. The black object is located to the left of the peach. The objects are not interacting with each other; they are simply placed in a static arrangement within the digital space. The peach is not in contact with the sponge or the || [view_el75_az225] The image you've provided appears to be a 3D rendering or a digital illustration of three objects: a peach, a sponge, and a blue cube. The peach is depicted with a reddish-orange color and a smooth, rounded surface, which is typical of a real-life peach. The sponge is shown with a yellowish color and a porous texture, which is characteristic of a sponge. The blue cube is a solid, three-dimensional object with a flat surface on each side.  In terms of their relationship, the peach and the sponge are not interacting with each other in this image. They"
stack5_scene0008,cups,tuna_fish_can,False,,"['view_el30_az195', 'view_el30_az135', 'view_el30_az210']",3,1,False,"[view_el30_az195] The image shows a 3D rendering of a cup and a can of tuna. The cup appears to be a simple, cylindrical container with a flat bottom and a slightly tapered top. It's a basic, everyday object that could be used for holding liquids or small items.  The can of tuna is a cylindrical container with a label wrapped around it, indicating that it contains tuna fish. The label typically includes information about the product, such as the brand, the type of tuna, and the net weight. The can is designed to protect the contents from external factors and to provide a convenient way to || [view_el30_az135] In the image, there is a stack of three cans, with the topmost can being a can of ""Campbells Tomato Soup."" Below that, there is a can of ""Kirkland Signature Tuna Fish,"" and at the bottom, there is an orange cup. The relationship between the cups and the tuna fish can is that they are all objects that are typically found in a kitchen or pantry, and they are placed in a way that suggests they are part of a meal or snack setup. The orange cup is likely used for drinking, while the cans of soup and tuna fish are || [view_el30_az210] The image shows a 3D rendering of a cup and a can of tuna fish. The cup is placed on the left side of the image, and the can of tuna is on the right. The cup appears to be a simple, cylindrical object with a handle, possibly a mug or a cup designed for holding liquids. The can of tuna is standing upright, with its label facing forward, indicating that it is a product of canned fish, likely tuna. The two objects are unrelated in terms of their function or purpose; the cup is typically used for holding beverages, while the can of tuna"
stack5_scene0017,master_chef_can,padlock,False,,"['view_el30_az240', 'view_el45_az225', 'view_el60_az255']",3,2,True,"[view_el30_az240] In the image provided, there is a can of ""Master Chef"" coffee and a padlock. The can of coffee is placed on the left side of the image, and the padlock is on the right side. The padlock is not directly related to the coffee can; they are two separate objects placed in the same space. The padlock is typically used for securing doors or other items, while the coffee can is a container for coffee. The relationship between the two objects is purely coincidental and based on their placement in the image. || [view_el45_az225] In the image provided, there is a can labeled ""Master Chef"" and a padlock. The can and the padlock are not directly related in any practical sense. The can appears to be a product, possibly a food item, while the padlock is a security device used to lock doors or containers. The juxtaposition of these two items in the image is likely for artistic or illustrative purposes, as it creates an unusual and unexpected combination. The image does not depict any functional relationship between the coffee can and the padlock; they are simply placed next to each other in a virtual environment || [view_el60_az255] In the image provided, there is a can of ""Festive Coffee"" and a padlock. The can is placed on a flat surface, and the padlock is hanging in the air, positioned above the can. The padlock is not directly related to the coffee can; they are simply objects placed in the same space. The padlock is typically used for securing doors or containers, while the coffee can is a consumer product. The relationship between the two objects is purely coincidental and does not imply any functional or logical connection between them."
stack5_scene0007,apple,sugar_box,False,,"['view_el60_az255', 'view_el30_az240', 'view_el45_az225']",3,1,False,"[view_el60_az255] In the image provided, there is an apple and a box of Domino sugar. The apple is on the right side of the image, and the Domino sugar box is on the left side. The apple and the sugar box are not directly interacting with each other; they are simply placed in the same space, which appears to be a virtual environment or a 3D rendering. The apple is a real-life object, while the Domino sugar box is a representation of a product, likely a 3D model or a digital illustration. The relationship between the two objects is that of a simple coexistence || [view_el30_az240] The image shows a box of Domino Sugar and two apples. The box of Domino Sugar is placed in the foreground, while the apples are positioned in the background. The apples are not directly interacting with the sugar box; they are simply placed in the same space, suggesting a casual arrangement. The relationship between the apple and the sugar box is that of a common household setting where food items are stored and consumed. The apples are a natural food item, while the Domino Sugar is a processed sugar product. The apples are not related to the sugar box in any specific way; they are just placed together in || [view_el45_az225] The image shows a 3D rendering of an apple and a box of Domino sugar. The apple is positioned to the right of the sugar box, and they are both placed on a flat surface. The apple is depicted in a realistic style, with a glossy surface and a slight shadow, suggesting a light source from the left side of the image. The Domino sugar box is shown in a simplified, cartoon-like style, with a white background and the Domino logo prominently displayed. The box appears to be a cylindrical container with a blue label. The overall composition of the image is simple and straightforward,"
stack5_scene0002,fork,master_chef_can,False,,"['view_el45_az225', 'view_el30_az240', 'view_el60_az195']",3,1,False,"[view_el45_az225] In the image, there is a red fork with a black handle and tines, which is positioned in the foreground. The fork is oriented diagonally from the top left to the bottom right of the image. In the background, there is a blue can of Master Chef coffee. The can is standing upright with its label facing forward. The can and the fork are not directly interacting with each other; they are simply placed in the same space, with the fork in the foreground and the coffee can in the background. The image appears to be a 3D rendering or a still from a video || [view_el30_az240] The image shows a fork and a coffee can. The fork is positioned to the left of the coffee can, and they are both on a flat surface. The fork is facing towards the viewer, while the coffee can is facing away. The fork appears to be a simple, everyday utensil, and the coffee can is a product that is likely used for brewing coffee. The relationship between the two objects is that they are placed next to each other, but they are not directly interacting with each other. The fork is not being used to pick up or manipulate the coffee can. || [view_el60_az195] In the image, there is a fork with a red handle and a black fork head, which is positioned in the lower right corner. The fork is not directly interacting with the coffee can, which is located in the upper left corner of the image. The coffee can appears to be a cylindrical container with a blue label, and there is a blue cube on top of it. The fork and the coffee can are separate objects in the image, and there is no visible connection or interaction between them. The image is a 3D rendering, and the objects are placed in a way that suggests they"
stack5_scene0016,fork,wood_block,False,,"['view_el60_az180', 'view_el60_az195', 'view_el45_az225']",3,2,True,"[view_el60_az180] The image shows a fork and a wooden block. The fork is positioned in front of the block, with its prongs facing towards the block. The wooden block appears to be supporting a can, which is not visible in the image. The fork is not directly interacting with the block; it is simply placed in front of it. The relationship between the fork and the block is that they are both part of the same scene, with the fork being a utensil and the block being a piece of wood, likely used for support or display. || [view_el60_az195] The image shows a fork and a wooden block. The fork is positioned in front of the block, with its prongs facing towards the block. The wooden block appears to be a simple, rectangular structure, likely used for a demonstration or as a part of a game or puzzle. The fork is not interacting with the block in any way; it is simply placed in front of it. The image is a 3D rendering, suggesting it might be from a video game or a simulation. || [view_el45_az225] The image shows a fork and a wooden block. The fork is positioned in front of the block, with the prongs of the fork facing towards the block. The wooden block is standing upright, and the fork is resting on the surface in front of it. The relationship between the fork and the wooden block appears to be that of a simple still life arrangement, with the fork and block placed in a way that suggests a casual or random setting. There is no apparent interaction or connection between the two objects; they are simply placed next to each other."
stack5_scene0014,baseball,plum,False,,"['view_el30_az135', 'view_el45_az135', 'view_el75_az105']",3,0,False,"[view_el30_az135] The image you've provided shows a baseball and a plum. The baseball is a sports ball used in the game of baseball, while the plum is a type of fruit. There is no direct relationship between the two objects; they are simply two different items that happen to be depicted in the same image. The baseball is a symbol of a sport, while the plum is a piece of food. The image is likely meant to show a contrast between a man-made object (the baseball) and a natural object (the plum). || [view_el45_az135] The image you've provided shows a baseball and a plum. The baseball is a sports ball used in the game of baseball, while the plum is a type of fruit. There is no direct relationship between the two objects; they are simply two different items that happen to be depicted together in the image. The baseball is a symbol of a sport, while the plum is a piece of food. The image is likely meant to show a contrast between a man-made object (the baseball) and a natural object (the plum). || [view_el75_az105] The image you've provided appears to be a 3D rendering or a digital illustration with three objects: a baseball, a box of crackers, and a plum. The baseball and the box of crackers are positioned in the upper part of the image, while the plum is located in the lower part.  The relationship between baseball and plum is purely coincidental in this image. Baseball is a sport, while a plum is a type of fruit. They are unrelated in terms of their nature or function. The image seems to be a random combination of objects, possibly for artistic or illustrative purposes."
stack4_scene0018,cracker_box,tuna_fish_can,False,,"['view_el30_az135', 'view_el45_az135', 'view_el30_az195']",3,1,False,"[view_el30_az135] The image shows a box of Cheez-It crackers and a can of tuna fish. The Cheez-It box is standing upright on the left side, while the tuna fish can is lying on its side on the right side. The Cheez-It box is red with a clear plastic window showing the crackers inside, and the tuna fish can is silver with a label that includes the brand name ""Bumble Bee"" and a picture of a tuna fish. The relationship between these two items is that they are both food products, but they are quite different in terms of their contents and uses || [view_el45_az135] The image shows a box of Cheez-It crackers and a can of ""Campbell's Tomato Soup."" The relationship between these two items is that they are often consumed together as a simple, quick, and satisfying snack or meal. The crackers are a crunchy snack that can be eaten on their own or dipped into the soup, which is a warm, comforting food that can be enjoyed with the crackers. This combination is a popular choice for a light lunch or a quick meal, especially in informal settings or when convenience is a priority. || [view_el30_az195] The image shows a box of Cheez-It crackers and a can of tuna fish. The Cheez-It box is prominently displayed in the foreground, with a close-up view of the packaging that includes images of the crackers and a question asking if these cheeses are ready. The can of tuna fish is placed in the background, partially obscured by the box. The relationship between the two items is that they are both food products, but they are quite different in terms of their contents and uses. The Cheez-It crackers are a snack food, typically enjoyed as a quick, portable snack,"
stack4_scene0001,cups,wood_block,False,,"['view_el30_az240', 'view_el45_az225', 'view_el60_az255']",3,3,True,"[view_el30_az240] In the image, there is a wooden block with a blue object on top of it. Below the block, there is a red cup. The relationship between the objects appears to be that the blue object is placed on the wooden block, and the red cup is positioned below the block. The objects are stationary, and there is no indication of any action or movement between them. The arrangement suggests a simple, static display with no implied interaction or connection between the objects beyond their physical proximity. || [view_el45_az225] In the image provided, there is a wooden block with a blue cube on top of it. To the right of the wooden block, there is a red cup. The relationship between the cups and the wooden block is that they are separate objects placed next to each other on a flat surface. The wooden block is a solid, three-dimensional object, while the cups appear to be hollow containers, likely used for holding liquids. The blue cube on the wooden block adds a contrasting color to the scene, creating a visual balance with the red cup. The arrangement of these objects suggests a simple, static display || [view_el60_az255] In the image provided, there is a wooden block with a blue cube on top of it. The block is placed on a flat surface, and there is a red cup to the right of the block. The relationship between the cups and the wooden block is that they are separate objects placed in the same space. The wooden block is a solid, three-dimensional object, while the cups are hollow containers typically used for holding liquids. The blue cube on top of the block adds an additional element to the composition, suggesting a theme of balance or contrast between the solid block and the empty cups."
stack4_scene0002,knife,tuna_fish_can,False,,"['view_el30_az135', 'view_el30_az195', 'view_el45_az135']",3,1,False,"[view_el30_az135] The image shows a red-handled knife lying on a flat surface, with a can of tuna fish placed behind it. The knife and the can are not directly interacting with each other; they are simply placed in the same space. The knife is positioned in the foreground, while the can is in the background, creating a sense of depth in the image. The knife appears to be a kitchen utensil, commonly used for cutting and opening food items, while the can of tuna is a packaged food product, typically used in cooking and meal preparation. The relationship between the two objects is that of a || [view_el30_az195] The image shows a red-handled knife and a can of tuna fish. The knife is positioned on the left side of the image, and the can of tuna is on the right. The knife and the can are not directly interacting with each other; they are simply placed in the same space. The knife is a tool used for cutting, while the can of tuna is a food product. The relationship between the two objects is that of a tool and a food item, with no direct connection or interaction between them. || [view_el45_az135] The image shows a knife and a can of tuna fish. The knife is positioned in the foreground, appearing to be a large, sharp kitchen knife with a red handle. The can of tuna fish is in the background, standing upright. The can is labeled ""TOMATO"" and has a blue label with a red and white design, suggesting it is a brand of canned tuna. The knife and the can are not directly interacting with each other; they are simply placed in the same space, likely in a kitchen or food preparation area. The knife is typically used for cutting and slicing, while"
stack5_scene0008,potted_meat_can,tomato_soup_can,False,,"['view_el45_az225', 'view_el30_az240', 'view_el60_az255']",3,1,False,"[view_el45_az225] The image shows two cans of food. On the left is a can of potted meat, which is typically a canned product containing meat, such as beef or pork, that has been cooked and preserved in a can. On the right is a can of tomato soup, which is a canned liquid food made from tomatoes, vegetables, and sometimes meat or fish, often seasoned with herbs and spices. The cans are placed side by side, but there is no direct relationship between the two products in terms of their contents or usage. They are simply two different types of canned food items. || [view_el30_az240] The image shows two cans of food placed on a flat surface. The can on the left appears to be a can of potted meat, which is a type of canned meat product. The can on the right looks like a can of tomato soup, which is a liquid food product made from tomatoes, often used as a base for various dishes. The cans are placed side by side, but there is no direct interaction between them; they are simply placed next to each other. The relationship between the two cans is that they are both food items, but they are different types of food products with different || [view_el60_az255] The image shows two cans of food. The can on the left appears to be a can of potted meat, which is typically a canned product containing meat, such as beef or pork, that has been cooked and preserved in a can. The can on the right looks like a can of tomato soup, which is a canned liquid food made from tomatoes, vegetables, and sometimes meat or fish, often seasoned with herbs and spices. The two cans are separate and distinct products, each serving a different purpose in a meal. The potted meat can is likely used as a protein source, while the"
stack4_scene0009,mustard_bottle,pudding_box,False,,"['view_el30_az135', 'view_el45_az135', 'view_el30_az240']",3,1,False,"[view_el30_az135] The image shows a mustard bottle and a pudding box placed next to each other on a flat surface. The mustard bottle is yellow with a red cap and a label that reads ""FRENCH'S"" with a ""40% more"" claim. The pudding box is blue with a white label that reads ""BETTER CHEF"" and ""NUTRITIOUS."" The mustard bottle is positioned in front of the pudding box, and there is a red object, which appears to be a knife, sticking out of the mustard bottle. The relationship between the mustard bottle and the pudding box is || [view_el45_az135] In the image, there is a mustard bottle and a pudding box. The mustard bottle is positioned to the right of the pudding box. The mustard bottle is yellow with a red label that reads ""FRENCH'S"" and ""40% Mustard."" The pudding box is blue with a white label that reads ""Baker's"" and ""Chocolate Pudding."" The mustard bottle is standing upright, while the pudding box is lying on its side. The mustard bottle appears to be in the foreground, while the pudding box is in the background. The mustard bottle is slightly out of focus, || [view_el30_az240] The image shows a mustard bottle and a pudding box. The mustard bottle is yellow with a label that includes the text ""Mustard"" and ""Facts,"" suggesting it is a product with information about its ingredients or nutritional content. The pudding box is blue with the text ""Master Chef"" and ""Pudding,"" indicating it is a product from a brand that specializes in culinary products, likely a dessert item.  The mustard bottle is placed to the left of the pudding box, and both items are set against a plain background. The mustard bottle is taller than the pudding box, and they are"
stack5_scene0018,cups,golf_ball,False,,"['view_el45_az135', 'view_el75_az105', 'view_el60_az180']",3,3,True,"[view_el45_az135] In the image provided, there is a can of tomatoes placed on top of a box of what appears to be canned goods, possibly tomatoes as well. The can is labeled ""Campbells"" and has a yellow lid. Below the can, there is a golf ball. The golf ball is not directly related to the can or the box; they are simply placed in the same space. The golf ball is a spherical object typically used in the sport of golf, while the can and box are food items. The relationship between the golf ball and the food items is purely coincidental and does not || [view_el75_az105] In the image provided, there is a yellow cup and a red cup, both appearing to be upside down. They are placed on a flat surface, which could be a table or a similar horizontal surface. There is also a golf ball visible in the image, which is located in the lower right corner. The golf ball is not in direct contact with the cups; it is simply placed in the same space as the cups. The relationship between the cups and the golf ball is that they are all objects placed in the same environment, but they are not interacting with each other in any way that is || [view_el60_az180] In the image provided, there are three objects: a can, a yellow cup, and a golf ball. The can and the yellow cup are placed on a flat surface, while the golf ball is positioned separately from them. The can and the yellow cup are not directly related to each other or to the golf ball. They are simply objects placed in a virtual space, possibly for a 3D modeling or rendering exercise. The golf ball is a common object used in golf sports, while the can and the yellow cup are everyday items that are not typically associated with golf. The relationship between these"
stack5_scene0013,padlock,sugar_box,False,,"['view_el45_az135', 'view_el30_az135', 'view_el30_az195']",3,2,True,"[view_el45_az135] The image shows a padlock and a box of Domino sugar. The padlock is a security device used to lock and secure objects, while the Domino sugar box is a container of sugar, a common ingredient used in cooking and baking. The padlock and the sugar box are unrelated in terms of their function or purpose. The padlock is a tool used to secure items, while the sugar box is a consumer product. The relationship between the two is purely coincidental and based on the juxtaposition of two unrelated items in the same image. || [view_el30_az135] The image shows a padlock lying on the ground next to a box of Domino sugar. The padlock and the sugar box are unrelated objects; they are simply placed next to each other in the image. The padlock is a security device used to lock doors, while the Domino sugar box is a container of sugar, a common ingredient used in cooking and baking. The juxtaposition of these two items in the image is likely coincidental and does not imply any relationship between them. || [view_el30_az195] In the image, there is a padlock lying on the ground next to a box of Domino sugar. The padlock and the sugar box are unrelated objects in this context. The padlock is a security device used to lock doors, gates, or other openings, while the Domino sugar box is a container of sugar, a common ingredient used in cooking and baking. The presence of these two items together in the image is coincidental and does not imply any relationship between them."
stack3_scene0015,adjustable_wrench,gelatin_box,False,,"['view_el30_az240', 'view_el45_az225', 'view_el30_az210']",3,1,False,"[view_el30_az240] The image shows an adjustable wrench and a gelatin box. The adjustable wrench is a tool used to tighten or loosen nuts and bolts. It is typically used in construction, automotive, and other industries where nuts and bolts are common. The gelatin box, on the other hand, is a container used to store gelatin, which is a protein derived from animal bones and connective tissue. It is commonly used in food production and is often found in kitchens or food processing facilities. The relationship between the two objects is that they are unrelated; the adjustable wrench is a tool, while the gelatin || [view_el45_az225] The image shows an adjustable wrench and a gelatin box. The gelatin box is placed on top of the wrench, which is lying on its side. The gelatin box appears to be a standard product packaging, likely used for storing and transporting gelatin. The adjustable wrench is a tool commonly used for tightening or loosening nuts and bolts, and it is placed in the foreground of the image. The relationship between the two objects is that they are both items that can be found in a toolbox or a workspace where tools and materials are used. The gelatin box is not typically associated with tools || [view_el30_az210] The image shows an adjustable wrench on the left and a gelatin box on the right. There is no direct relationship between the two objects; they are unrelated items. The adjustable wrench is a tool used for tightening or loosening nuts and bolts, while the gelatin box is a container for gelatin, a food product derived from animal bones and connective tissue. The juxtaposition of these two items in the image is likely for illustrative or artistic purposes, as they are not commonly associated with each other in a practical sense."
stack5_scene0018,gelatin_box,rubiks_cube,False,,"['view_el45_az135', 'view_el30_az135', 'view_el45_az225']",3,1,False,"[view_el45_az135] The image shows a gelatin box and a Rubik's Cube. The gelatin box is placed on top of a red box, and the Rubik's Cube is floating in the air above the gelatin box. The gelatin box is a product of the brand ""Campbells,"" as indicated by the label. The Rubik's Cube is a three-dimensional puzzle toy known for its challenging design and is often used as a symbol of complexity and problem-solving. The relationship between the two objects in the image is purely coincidental; they are unrelated items placed together in a virtual environment. || [view_el30_az135] In the image provided, there is no direct relationship between the gelatin box and the Rubik's Cube. They are two separate objects placed in a virtual environment, possibly for a 3D modeling or rendering exercise. The gelatin box is a representation of a food product, while the Rubik's Cube is a toy known for its puzzle-solving aspect. The two objects are not related in any practical or real-world context; they are simply placed next to each other in a digital space. || [view_el45_az225] The image shows a gelatin box and a Rubik's Cube. The gelatin box is a cylindrical container with a label that suggests it contains a product made from gelatin, which is a common ingredient in desserts and some pharmaceutical products. The Rubik's Cube is a three-dimensional puzzle that consists of a 3x3 matrix of smaller cubes, each of which can be turned independently. The puzzle is known for its challenging nature and is often used as a tool for developing spatial awareness and problem-solving skills. There is no direct relationship between the gelatin box and the Rubik's Cube"
stack5_scene0001,apple,cracker_box,False,,"['view_el30_az135', 'view_el45_az135', 'view_el75_az105']",3,1,False,"[view_el30_az135] In the image, there is a red apple and a box of ""Cheez-It"" crackers. The apple is on the left side of the image, and the cracker box is on the right. The apple and the cracker box are not directly related in terms of their relationship to each other; they are simply two separate objects placed next to each other in the image. The apple is a type of fruit, while the cracker box is a container of snack crackers. They are not connected in any way other than being depicted in the same visual frame. || [view_el45_az135] The image shows a red apple and a box of Cheez-It crackers. The apple is placed on the left side of the image, while the box of crackers is on the right. The apple and the cracker box are not directly related in terms of their relationship; they are simply two separate objects placed next to each other in the image. The apple is a type of fruit, while the cracker box is a container of snack crackers. They are both common household items, but they serve different purposes and are not typically associated with each other in a practical sense. || [view_el75_az105] The image shows a red apple and a box of Cheez-It crackers. The apple is on the left side of the image, and the cracker box is on the right. The apple and the cracker box are not directly related in terms of their relationship to each other; they are simply two separate objects placed next to each other in the image. The apple is a type of fruit, while the cracker box is a container of snack crackers."
stack3_scene0005,foam_brick,racquetball,False,,"['view_el30_az240', 'view_el30_az210', 'view_el45_az225']",3,3,True,"[view_el30_az240] The image shows a foam brick placed on top of a red box, which appears to be a package of Coca-Cola. Below the foam brick and the box, there is a blue rubber ball. The foam brick and the rubber ball are not directly interacting with each other; they are separated by the box. The foam brick is resting on the box, and the rubber ball is on the ground. The arrangement suggests a casual display or a playful setup, with the foam brick and the rubber ball being unrelated objects placed in the same scene. || [view_el30_az210] The image shows a foam brick placed on top of a red rectangular object, which appears to be a box or a package. In the background, there is a blue rubber ball. The foam brick and the rubber ball are not directly interacting with each other; they are separate objects in the scene. The foam brick is positioned on the red object, which is placed on a flat surface. The rubber ball is located in the background, slightly to the right of the foam brick and the red object. The arrangement of the objects suggests a simple, static display, possibly for a demonstration or a product display || [view_el45_az225] The image shows a foam brick placed on top of a red box, which appears to be a package of some kind, possibly a toy or a craft item. In the background, there is a blue rubber ball. The foam brick and the rubber ball are not directly interacting with each other; they are separate objects in the scene. The foam brick is resting on the box, while the rubber ball is positioned at a distance from the brick. The relationship between the two objects is that they are both part of the same scene, but they are not connected or interacting with each other in any way."
stack5_scene0012,orange,plum,False,,"['view_el75_az105', 'view_el90', 'view_el45_az135']",3,0,False,"[view_el75_az105] The image you've provided appears to be a simple, abstract representation of an orange and a plum. The orange is depicted on the right side, and the plum is on the left. They are not shown in a realistic or detailed manner, but rather as simple shapes or icons. The relationship between the orange and the plum is that they are both types of fruit, but they are distinct in terms of their color, shape, and possibly their taste and texture. The orange is typically round and orange in color, while the plum is often round or oval and purple or red in color. They are || [view_el90] The image you've provided appears to show two objects: an orange and a plum. They are both types of fruit, but they belong to different species and have distinct characteristics.  The orange is a citrus fruit, typically round or oval in shape, with a smooth skin that is usually bright orange in color. It is a popular fruit known for its juicy, sweet flesh and is often consumed fresh or used in various culinary dishes.  The plum, on the other hand, is a stone fruit, which means it has a hard pit or stone in the center. It is generally round or oval in shape || [view_el45_az135] The image shows an orange and a plum, which are both types of citrus and stone fruits, respectively. They are placed next to each other on a plain background. The orange is on the right side of the image, and the plum is on the left. The orange is round and has a bright orange color, while the plum is round and has a deep purple color. They are both fruits that are commonly consumed for their nutritional value and are often used in various culinary dishes. The orange is a citrus fruit, which means it is typically high in vitamin C and has a tangy flavor,"
stack3_scene0006,bleach_cleanser,tomato_soup_can,False,,"['view_el45_az225', 'view_el30_az240', 'view_el30_az210']",3,1,False,"[view_el45_az225] The image shows a bottle of bleach and a can of tomato soup. These two items are unrelated in terms of their purpose or function. The bleach bottle is typically used for cleaning and disinfecting surfaces, while the tomato soup can is a food item, likely a canned soup made from tomatoes. They are not related in any practical or functional sense; they serve entirely different purposes. || [view_el30_az240] The image shows a bottle of bleach and a can of tomato soup. The bleach bottle is standing upright on the left side of the image, while the tomato soup can is lying on its side on the right. The bottle and can are placed on a flat surface, which appears to be a table or a similar horizontal surface. The bleach bottle is larger and taller than the tomato soup can, which is smaller and shorter. The bottle has a label that is not clearly visible, while the can has a label that is partially visible, showing the words ""BLEACH"" and ""Tomato Soup."" || [view_el30_az210] The image shows a bottle of bleach and a can of tomato soup. These two items are unrelated in terms of their purpose or function. The bleach bottle is typically used for cleaning and disinfecting surfaces, while the tomato soup can is a food item, likely a canned soup made from tomatoes. They are placed next to each other, but their relationship is purely coincidental and does not imply any connection or interaction between them."
stack4_scene0004,bleach_cleanser,wood_block,False,,"['view_el30_az135', 'view_el45_az135', 'view_el60_az195']",3,2,True,"[view_el30_az135] The image shows a bottle of bleach placed next to a wooden block. The bleach bottle is typically used for cleaning purposes, while the wooden block appears to be a tool or a part of a construction or woodworking project. The relationship between the two items in this context is likely that the bleach is being used to clean the wooden block, perhaps to remove stains or to prepare the surface for a specific task. The presence of the wooden block suggests that some kind of work or repair is being done, and the bleach is being used as part of that process. || [view_el45_az135] The image shows a bottle of bleach on the left and a wooden block on the right. The bottle of bleach is standing upright, and the wooden block is placed on top of it. The bottle appears to be a standard household cleaning product, while the wooden block seems to be a simple structure, possibly used for a DIY project or as a base for another object. The relationship between the two items in this context is that the wooden block is resting on the bottle of bleach, which is likely being used as a temporary support or base. || [view_el60_az195] The image shows a bottle of bleach with its cap off, placed to the left of a wooden block. The bottle appears to be a standard household cleaning product, typically used for its disinfectant and bleaching properties. The wooden block is placed on top of a container that looks like a plastic tub, possibly a container for storing or organizing items. The relationship between the bleach bottle and the wooden block is that they are both objects placed in a scene, likely for a purpose such as cleaning or organizing. The bleach bottle is not directly interacting with the wooden block; they are simply placed next to"
stack5_scene0002,bleach_cleanser,master_chef_can,False,,"['view_el45_az225', 'view_el60_az255', 'view_el45_az135']",3,0,False,"[view_el45_az225] The image shows a bottle of ""Salt Scrub"" and a can of ""Master Chef."" The bottle of Salt Scrub is positioned to the left of the coffee can. The Salt Scrub bottle is white with a label that includes a green and yellow design, suggesting it is a cleaning product. The Master Chef can is blue with a label that features a coffee cup design, indicating it is likely a product related to coffee or coffee-making. The two items are placed side by side on a flat surface, and there is a small blue object, which appears to be a block or a piece || [view_el60_az255] The image shows a bottle of ""Soft Scrub"" cleaning product and a can of ""Master Chef"" coffee. The bottle and the can are placed next to each other, but there is no direct relationship between them. They are unrelated products, with the cleaning product being used for household cleaning and the coffee can being a food item. The positioning of the two items in the image is likely coincidental and does not imply any connection between them. || [view_el45_az135] The image shows a bottle of bleach on the left and a can of coffee on the right. The bottle of bleach is white with a green label, and the can of coffee is blue with a label that includes a picture of a coffee cup and the word ""MAGNUM."" The two items are placed side by side on a flat surface. The relationship between the two items is that they are unrelated in terms of their contents or purpose. Bleach is a strong chemical used for cleaning and disinfecting, while coffee is a beverage made from roasted coffee beans. They are not typically used together"
stack5_scene0009,knife,potted_meat_can,False,,"['view_el90', 'view_el75_az105', 'view_el60_az255']",3,2,True,"[view_el90] The image shows a knife and a potted meat can. The knife is positioned above the can, and it appears to be in a state of motion, as if it has been thrown or is falling. The potted meat can is stationary and is placed on a flat surface. The knife and the can are the only objects in the image, and there is no interaction between them; they are simply depicted in a dynamic and static state, respectively. The image does not provide any context or narrative about the relationship between the two objects. || [view_el75_az105] The image shows a knife and a potted meat can. The knife is positioned above the can, and it appears that the knife is pointing towards the can. The knife is red with a black handle, and the can is green with a blue lid. The can is placed on a flat surface, and the knife is resting on top of it. The image is simple and does not depict any action or interaction between the two objects; they are just placed next to each other. || [view_el60_az255] The image shows a knife and a potted meat can. The knife is positioned to the right of the can, and it appears to be floating or suspended in mid-air. The potted meat can is on the left side of the image, and it seems to be stationary. The background is a plain, light-colored surface that provides a neutral backdrop for the objects. The knife and the can are the only objects in the image, and there is no interaction between them visible in this still image. The knife is facing the viewer, and the can is facing away."
stack4_scene0010,lemon,tuna_fish_can,False,,"['view_el75_az105', 'view_el90', 'view_el45_az135']",3,1,False,"[view_el75_az105] The image shows a lemon and a can of tuna fish. The lemon is placed to the left of the can, and they are both on a plain background. The lemon is a citrus fruit, known for its acidic juice, which is often used to add flavor to various dishes, including fish. The can of tuna fish is a common food item, often used in recipes that call for canned fish. The lemon and the tuna fish can are not directly related in terms of their relationship to each other; they are simply placed next to each other in the image. The lemon is a fruit, while || [view_el90] The image shows a lemon and a tuna fish can. The lemon is in the upper left corner, and the tuna fish can is in the lower right corner. The lemon is a citrus fruit, typically used for its juice, which is often used to add flavor to various dishes, including fish. The tuna fish can is a container for canned tuna, which is a common ingredient in many recipes, particularly in dishes where a citrus flavor is desired. The juxtaposition of the lemon and the tuna fish can could suggest a culinary context where the lemon juice might be used to enhance the flavor of the tuna || [view_el45_az135] The image shows a lemon and a can of tuna fish. The lemon is placed on the left side of the image, and the can of tuna is on the right. The lemon is a citrus fruit, typically used for its juice, which is often squeezed over food to add a tangy flavor. The can of tuna is a food product, which is a source of protein and is often used in various dishes, such as salads, sandwiches, and pasta dishes. The two items are unrelated in terms of their relationship; they are simply placed next to each other in the image."
stack4_scene0005,fork,sponge,False,,"['view_el60_az255', 'view_el45_az225', 'view_el75_az225']",3,1,False,"[view_el60_az255] The image shows a fork and a sponge. The fork is a utensil typically used for eating, with a handle and four tines. The sponge is a soft, porous object used for cleaning or absorbing liquids. They are two different objects with different functions and are not related in any practical or functional sense. The sponge is placed on a surface, and the fork is lying next to it. The sponge is also near a small blue cube, which could be a toy or a decorative item. || [view_el45_az225] The image shows a fork and a sponge. The fork is a utensil typically used for eating, with a handle and four tines. The sponge, on the other hand, is a porous, absorbent material commonly used for cleaning purposes. The two objects are unrelated in terms of their function or purpose; the fork is used for eating, while the sponge is used for cleaning surfaces. They are placed next to each other in the image, but they do not have a direct relationship or interaction with each other. || [view_el75_az225] The image shows a fork and a sponge. The fork is a utensil used for eating, typically made of metal with a handle and tines for holding food. The sponge, on the other hand, is a porous, absorbent material often used for cleaning or drying. They are two different objects with different functions and properties. The fork is used for eating and is typically made of metal, while the sponge is used for cleaning and is made of a porous material that absorbs liquids."
stack4_scene0012,spoon,tomato_soup_can,False,,"['view_el60_az255', 'view_el90', 'view_el75_az225']",3,3,True,"[view_el60_az255] The image shows a spoon and a can of tomato soup. The spoon is positioned to the right of the can, and it appears to be in a state of motion, as if it has just been used to scoop out some soup. The can is placed on a surface that looks like a table or a countertop, and there is a banana to the left of the can. The scene suggests a casual setting, perhaps someone is about to enjoy a meal or snack. The spoon and the can are the main objects in the image, and their relationship is that of a utensil used for consuming || [view_el90] The image shows a spoon and a can of tomato soup. The spoon is positioned above the can, suggesting that it is either being used to scoop the soup from the can or is about to be used. The can is placed on a flat surface, and the spoon is hovering slightly above it, indicating that it is not yet in contact with the soup. The image is a simple, two-dimensional representation with a plain background, emphasizing the objects without any additional context or detail. || [view_el75_az225] The image shows a spoon and a can of tomato soup. The spoon is positioned to the right of the can, and they are both placed on a flat surface. The spoon is facing towards the viewer, while the can is facing away. The spoon appears to be a simple, black plastic utensil, and the can is a cylindrical container with a red label, which is typical for a can of tomato soup. The background is a plain, light color, providing a neutral backdrop that doesn't distract from the objects. The image is a still, with no indication of movement or action."
stack4_scene0008,cups,master_chef_can,False,,"['view_el30_az135', 'view_el45_az135', 'view_el30_az195']",3,1,False,"[view_el30_az135] The image shows a 3D rendering of a coffee can and two cups. The coffee can is blue and has a label on it, suggesting it is a product of ""Peterhof."" The two cups are also blue and appear to be empty. The relationship between the coffee can and the cups is that the coffee can is likely the source of the coffee that would be poured into the cups. The cups are typically used for drinking coffee, and the can is a common container for storing and selling coffee. The presence of the coffee can and the cups together might imply that someone is about to prepare || [view_el45_az135] In the image, there are two objects: a blue coffee can and a blue cup. The coffee can is standing upright, and there is a blue lid on top of it. The cup is lying on its side, and there is an orange object, which appears to be a ball or a small toy, resting on top of the coffee can. The relationship between the coffee can and the cup is that they are both blue and share a similar color, but they are different objects with different functions. The coffee can is typically used for storing and serving coffee, while the cup is used for drinking || [view_el30_az195] In the image, there is a blue coffee can labeled ""Master Che"" and a blue cup placed next to it. The cup appears to be empty and is positioned in front of the coffee can. The relationship between the two objects suggests that the cup is likely meant to be used for drinking coffee, and the coffee can is the source of the coffee. The positioning of the cup in front of the can might imply that the coffee is ready to be poured into the cup. The image is simple and does not depict any action, but the arrangement of the objects suggests a typical scenario where someone might"
stack4_scene0007,lemon,sponge,False,,"['view_el75_az105', 'view_el45_az135', 'view_el30_az135']",3,0,False,"[view_el75_az105] The image shows a lemon and a sponge. The lemon is a citrus fruit, typically used for its juice, which is a popular ingredient in various recipes and beverages. The sponge, on the other hand, is a porous, absorbent material often used for cleaning purposes. The relationship between the lemon and the sponge is that they are both objects, but they have different functions and properties. The lemon is organic and edible, while the sponge is inorganic and used for cleaning. They are not related in any functional or biological sense; they are simply two different items placed next to each other in the || [view_el45_az135] The image shows a lemon and a sponge. The lemon is a citrus fruit, typically used for its juice, which is a popular ingredient in various recipes and beverages. The sponge, on the other hand, is a porous, absorbent material often used for cleaning purposes. The relationship between the lemon and the sponge is that they are both objects, but they have different functions and properties. The lemon is organic and edible, while the sponge is inorganic and used for cleaning. They are not related in any functional or biological sense; they are simply two different items placed next to each other in the || [view_el30_az135] The image shows a lemon and a sponge. The lemon is a citrus fruit, typically used for its juice, which is a popular ingredient in various recipes and beverages. The sponge, on the other hand, is a porous, absorbent material often used for cleaning purposes. The relationship between the lemon and the sponge is that they are both objects, but they have different functions and properties. The lemon is organic and edible, while the sponge is inorganic and used for cleaning. They are not related in any functional or biological sense; they are simply two different items placed next to each other in the"
stack3_scene0012,potted_meat_can,sponge,False,,"['view_el60_az255', 'view_el45_az225', 'view_el30_az240']",3,3,True,"[view_el60_az255] The image shows a potted meat can and a sponge. The potted meat can is placed on top of the sponge. The sponge is lying flat on a surface, and the potted meat can is positioned on top of it, with the lid of the can open. The relationship between the two objects is that the potted meat can is resting on the sponge, which is providing a surface for the can to sit on. The sponge is likely being used to prevent the potted meat can from directly touching the surface, which could be for cleanliness or to prevent scratches or damage to the surface || [view_el45_az225] The image shows a potted meat can with a blue lid and a sponge. The potted meat can is placed above the sponge, which is lying flat on the ground. The relationship between the potted meat can and the sponge is that they are two separate objects, one on top of the other. The potted meat can is the upper object, and the sponge is the lower object. They are not interacting with each other; they are simply placed in a certain arrangement within the image. || [view_el30_az240] The image shows a potted meat can and a sponge. The potted meat can is placed above the sponge, and there is a small blue object on top of the can. The sponge appears to be lying flat on a surface, and the potted meat can is positioned directly above it. The relationship between the two objects is that they are in close proximity to each other, with the potted meat can being the uppermost object. The blue object on top of the can is also in contact with the sponge, indicating that the can is resting directly on the sponge."
stack5_scene0016,fork,strawberry,False,,"['view_el30_az240', 'view_el45_az225', 'view_el30_az210']",3,2,True,"[view_el30_az240] The image shows a fork and a strawberry. The fork is lying on the surface, and the strawberry is positioned to the right of the fork. The fork is a utensil typically used for eating, while the strawberry is a type of fruit. The relationship between the two objects in this context is that they are placed next to each other, suggesting a setting where someone might be preparing to eat the strawberry. The fork is not directly interacting with the strawberry; it is simply placed in the same space. || [view_el45_az225] The image shows a fork and a strawberry placed on a flat surface. The fork is positioned to the left of the strawberry, and both objects are facing the viewer. The fork appears to be a simple, stylized representation without any additional details or context, while the strawberry is depicted with a simple texture and a green top, suggesting it is ripe and ready to be eaten. The relationship between the fork and the strawberry is that of a utensil used for eating, and the strawberry is a food item that can be eaten with a fork. The image does not provide any additional information about the interaction || [view_el30_az210] The image shows a fork and a strawberry. The fork is positioned on the left side of the image, and the strawberry is on the right. They are not directly interacting with each other; they are simply placed next to each other in the image. The fork is a utensil typically used for eating, while the strawberry is a type of fruit. The image does not depict any action or interaction between the fork and the strawberry; they are static objects in a still image."
stack4_scene0018,foam_brick,tuna_fish_can,False,,"['view_el30_az135', 'view_el45_az135', 'view_el30_az195']",3,1,False,"[view_el30_az135] The image shows a foam brick and a can of tuna fish. The foam brick is a type of building material that is lightweight, durable, and often used for its insulating properties. It is placed next to the can of tuna fish, which is a type of canned seafood product made from small fish, typically skipjack or yellowfin tuna. The can is a common consumer product used for food storage and is often found in kitchens and pantries. The relationship between the two items is that they are unrelated in terms of their purpose or function. The foam brick is a building material, while the || [view_el45_az135] The image shows a foam brick and a can of tuna. The foam brick is a type of building material that is lightweight, durable, and often used for its insulating properties. It is typically used for construction purposes, such as building walls, partitions, or even as a decorative element.  The can of tuna, on the other hand, is a food product containing canned tuna fish. It is a common food item used in various cuisines around the world, particularly in dishes that require a protein source. The can of tuna is not related to the foam brick in terms of their purpose or function || [view_el30_az195] The image shows a foam brick and a can of tuna fish. The foam brick is a type of building material that is lightweight, durable, and often used for construction purposes. It is placed on the left side of the image, and it appears to be a standard size for its type.  The can of tuna fish is on the right side of the image. It is a cylindrical can with a label that includes the brand name ""KRAFT"" and some text that is not fully legible due to the angle and resolution of the image. The can is likely used for storing and transporting the tuna"
stack4_scene0019,strawberry,wood_block,False,,"['view_el30_az195', 'view_el30_az210', 'view_el30_az135']",3,3,True,"[view_el30_az195] In the image, there is a wooden block with a blue cube on top of it, and a red strawberry is placed on the ground in front of the block. The relationship between the strawberry and the wooden block is that they are both objects in the same space, but they are not directly interacting with each other. The strawberry is a food item, while the wooden block is a piece of furniture or a decorative item. The blue cube on top of the wooden block adds an element of color contrast to the scene. The arrangement of these objects suggests a casual setting, perhaps a still life composition or || [view_el30_az210] In the image, there is a wooden block with a blue cube on top of it, and a red strawberry is placed on the ground in front of the block. The relationship between the strawberry and the wooden block is that they are both objects in the same space, but they are not directly interacting with each other. The strawberry is a food item, while the wooden block is a piece of furniture or a decorative item. The blue cube on top of the wooden block adds an element of color contrast to the scene. The arrangement of these objects suggests a still life composition, where the focus is on || [view_el30_az135] In the image, there is a wooden block with a blue cube on top of it, and a red strawberry with a green leaf is placed on the ground in front of the block. The relationship between the strawberry and the wooden block is that they are both objects in the same space, but they are not directly interacting with each other. The strawberry is a food item, while the wooden block is a piece of furniture or a decorative item. The blue cube on top of the wooden block is a geometric shape, and the strawberry is a natural, organic object. The image does not depict any action"
stack4_scene0011,sponge,tomato_soup_can,False,,"['view_el60_az195', 'view_el45_az225', 'view_el60_az180']",3,3,True,"[view_el60_az195] The image shows a sponge and a can of tomato soup. The sponge is placed on the right side of the image, while the can is on the left. The sponge appears to be a yellow, porous material, likely used for cleaning or absorbing liquids. The can of tomato soup is cylindrical with a label that includes a picture of a tomato, suggesting that it contains tomato soup. The can is standing upright, and the label is visible, indicating the contents of the can. The relationship between the sponge and the can is that they are two separate objects placed next to each other in the image, || [view_el45_az225] In the image, there is a yellow sponge and a can of tomato soup. The sponge is placed on the ground, while the can of tomato soup is standing upright. The sponge and the can are not directly interacting with each other; they are simply placed in the same space. The sponge is on the left side of the image, and the can is on the right. The can appears to be a product of the brand ""Master Chef,"" as indicated by the text on the can. The image is a 3D rendering, which is a digital representation of a scene that could be created || [view_el60_az180] The image shows a can of tomato soup placed on top of another can, which appears to be a can of ""Muller's"" brand. The can of tomato soup is positioned directly above the can of Muller's, suggesting a relationship between the two items, possibly indicating that the Muller's can is being used as a base or support for the tomato soup can. This arrangement could be for display purposes, perhaps in a store or a kitchen setting, to show the tomato soup can in a prominent position. The sponge in the foreground is unrelated to the cans and is likely there for"
stack5_scene0010,pitcher_base,potted_meat_can,False,,"['view_el30_az135', 'view_el30_az240', 'view_el45_az135']",3,3,True,"[view_el30_az135] The image shows a blue pitcher base and a can of SPAM. The pitcher base is a decorative item that is typically used to hold a pitcher or a vase. It is placed on a flat surface, which appears to be a table or a similar flat surface. The can of SPAM is a product that contains canned precooked meat, which is a popular convenience food. The SPAM can is placed next to the pitcher base, suggesting that they are both items that might be found in a kitchen or a dining area. The relationship between the two items is that they are both objects that can || [view_el30_az240] The image shows a 3D model of a blue pitcher base on the left and a can of meat on the right. The pitcher base appears to be a separate object from the can of meat, as they are not connected or interacting with each other in the image. The pitcher base is a standalone object, while the can of meat is a different item. They are placed on a flat surface, suggesting they are being displayed or used for some purpose, possibly in a 3D modeling or rendering context. || [view_el45_az135] The image shows a blue pitcher base and a can of SPAM. The pitcher base is a separate object from the can of SPAM. The pitcher base is a part of a larger pitcher that is not visible in the image, and it is placed on a flat surface. The can of SPAM is a cylindrical container with a label that features an image of a SPAM product, which is a type of canned precooked meat product made by the Hormel company. The can and the pitcher base are distinct items, and there is no direct relationship between them other than their proximity in the image"
