scene,objA,objB,is_on,upper,views,n_view,n_on,pred_on,answer
stack3_scene0005,foam_brick,gelatin_box,True,foam_brick,"['view_el30_az135', 'view_el30_az210', 'view_el30_az195', 'view_el30_az240']",4,4,True,"[view_el30_az135] The image shows a foam brick placed on top of a gelatin box. The foam brick appears to be a lightweight, possibly decorative or functional item, while the gelatin box is a product typically used for food preparation, particularly for desserts or savory dishes that require gelatin as a gelling agent. The relationship between the two items is that of one object being placed on top of another, with the foam brick serving as a decorative or functional element, and the gelatin box being the base or surface on which the foam brick is placed. || [view_el30_az210] The image shows a foam brick placed on top of a gelatin box. The foam brick appears to be a lightweight, possibly decorative or functional item, while the gelatin box is a container typically used for storing gelatin, a protein derived from animal bones and connective tissue. The relationship between the two items is that of a container and its contents, with the foam brick serving as a decorative or functional item placed on top of the gelatin box. The foam brick may be used to protect the gelatin box from damage or to add a decorative touch to the presentation of the gelatin. || [view_el30_az195] The image shows a foam brick placed on top of a gelatin box. The foam brick appears to be a lightweight, possibly decorative or functional item, while the gelatin box is a food product, typically used for desserts or savory dishes. The relationship between the two items is that of a container and its contents. The foam brick is placed on the gelatin box, which is the container for the gelatin product. The foam brick may serve to protect the gelatin box during transportation or storage, or it could be used as a decorative element to make the product more visually appealing. || [view_el30_az240] The image shows a foam brick placed on top of a gelatin box. The foam brick appears to be a simple, three-dimensional representation of a brick, likely made of foam or plastic, and it has three holes in it, which could be for nails or screws. The gelatin box is a red container with a label that is partially visible, suggesting it is a product packaging. The foam brick is positioned on the box, which is placed on a flat surface. The relationship between the foam brick and the gelatin box is that of an object placed on top of another object, with the"
stack3_scene0006,tomato_soup_can,tuna_fish_can,True,tomato_soup_can,"['view_el30_az240', 'view_el30_az210', 'view_el30_az195', 'view_el30_az135']",4,3,True,"[view_el30_az240] The image shows two cans of food stacked on top of each other. The can on top appears to be a can of tomato soup, as indicated by the visible label with a red background and what looks like a tomato image. The can on the bottom is a can of tuna fish, as indicated by the label with a blue background and the word ""Tuna"" visible. The cans are placed in a way that suggests they are part of a meal or a food storage arrangement, possibly indicating that the tuna fish is being used as a protein source to complement the tomato soup. || [view_el30_az210] The image shows two cans of food stacked on top of each other. The can on top appears to be a can of tomato soup, as indicated by the visible label with the word ""Tomato"" and the presence of what looks like a tomato on the label. The can on the bottom is a can of tuna fish, as indicated by the visible label with the word ""Tuna"" and the presence of what looks like a tuna fish on the label. The cans are placed in a way that suggests they are part of a meal or a food preparation, possibly indicating that the tomato soup and || [view_el30_az195] The image shows two cans of food stacked on top of each other. The can on top appears to be a can of tomato soup, as indicated by the red label with the word ""Tomato"" visible. The can on the bottom is a can of tuna fish, as indicated by the label that reads ""Tuna Fish."" The cans are placed in a way that suggests they are part of a meal or a food preparation, with the tomato soup can likely being used as a base for a dish, and the tuna fish can being a source of protein to be added to the meal. The || [view_el30_az135] The image shows two cans of food. The can on the left is a can of ""Campbells Tomato Soup,"" which is a brand of canned tomato soup. The can on the right is a can of ""StarKist Tuna Fish,"" which is a brand of canned tuna. These two products are unrelated in terms of their contents or ingredients. Tomato soup is a liquid food made from tomatoes, while tuna fish is a type of canned fish, typically made from tuna. They are different types of food and are not related in terms of their composition or intended use."
stack3_scene0011,tomato_soup_can,tuna_fish_can,True,tomato_soup_can,"['view_el30_az135', 'view_el30_az195', 'view_el30_az210', 'view_el30_az240']",4,4,True,"[view_el30_az135] The image shows two cans of food stacked on top of each other. The top can is a can of ""Campbells Tomato Soup,"" and the bottom can is a can of ""Dunkin' Tuna Fish."" These cans are likely placed together for a meal or snack that combines the flavors of tomato soup and tuna fish. The combination of these two items is a common one in many households, as they can be used to create a quick and easy meal, often served with crackers or bread. The cans are placed in a way that suggests they are ready to be opened and consumed. || [view_el30_az195] The image shows two cans of food stacked on top of each other. The can on top appears to be a can of tomato soup, as indicated by the red label with the word ""Tomato"" visible. The can on the bottom is a can of tuna fish, as indicated by the label that reads ""Tuna"" and the presence of an image of a tuna fish. The cans are placed in a way that suggests they are part of a meal or a food preparation, possibly indicating that the tomato soup is being served with tuna, which is a common combination in various cuisines. || [view_el30_az210] The image shows two cans of food stacked on top of each other. The can on top appears to be a can of tomato soup, as indicated by the visible label with a red background and what looks like a tomato image. The can on the bottom is a can of tuna fish, as indicated by the label with a blue background and the word ""Tuna"" visible. The cans are placed in a way that suggests they are part of a meal or a food preparation, possibly indicating that the tuna fish is being used in a dish that requires tomato soup, such as a tuna noodle c || [view_el30_az240] The image shows two cans of food stacked on top of each other. The can on top appears to be a can of tomato soup, as indicated by the visible label with the word ""Tomato"" and the presence of what looks like a tomato on the label. The can on the bottom is a can of tuna fish, as indicated by the visible label with the word ""Tuna"" and the presence of what looks like a tuna fish on the label. The cans are placed in a way that suggests they are part of a meal or a food preparation, possibly indicating that the tomato soup is"
stack3_scene0013,foam_brick,sponge,True,foam_brick,"['view_el30_az195', 'view_el30_az210', 'view_el30_az240', 'view_el30_az135']",4,4,True,"[view_el30_az195] The image shows a foam brick placed on top of a sponge. The foam brick appears to be a lightweight, possibly educational or decorative item, while the sponge is a soft, absorbent material. The sponge is likely used to provide a stable surface for the foam brick to rest on, preventing it from slipping or falling. The relationship between the two objects is that of a support system, with the sponge acting as a cushion or base for the foam brick. || [view_el30_az210] The image shows a 3D model of a foam brick with a sponge underneath it. The foam brick appears to be resting on top of the sponge, which is likely used to provide a stable base for the brick or to prevent it from slipping. The sponge is typically used to absorb moisture and provide a cushioned surface, which could be useful in this context to prevent the foam brick from getting wet or to provide a soft surface for the brick to rest on. The relationship between the foam brick and the sponge is one of support and stability. || [view_el30_az240] The image shows a 3D model of a foam brick with a sponge underneath it. The sponge appears to be placed on a flat surface, and the foam brick is positioned on top of the sponge. The sponge is likely there to provide a soft, cushioned surface for the foam brick to rest on, possibly to prevent damage to the surface beneath or to provide a stable base for the foam brick. The relationship between the foam brick and the sponge is that of a support structure, with the sponge acting as a protective layer and a support for the foam brick. || [view_el30_az135] The image shows a foam brick placed on top of a sponge. The foam brick appears to be a lightweight, possibly educational or decorative item, while the sponge is a soft, absorbent material. The relationship between the two items is that the sponge is providing a surface for the foam brick to rest on, and it may also be used to demonstrate the difference in texture and material properties between the two objects. The sponge is likely used for cleaning or absorbing liquids, while the foam brick is not typically used for such purposes."
stack3_scene0014,master_chef_can,tomato_soup_can,True,tomato_soup_can,"['view_el30_az210', 'view_el30_az240', 'view_el30_az195', 'view_el30_az135']",4,4,True,"[view_el30_az210] The image shows two cans of food stacked on top of each other. The can on top appears to be a can of coffee, as indicated by the label and the visible coffee beans. The can on the bottom is a can of Master Chef Ground Coffee, as indicated by the label. The relationship between these two cans is that they are both containers for different types of food, with the coffee can containing coffee beans and the tomato soup can containing tomato soup. They are stacked in a way that the coffee can is placed on top of the tomato soup can, suggesting that they are being stored or displayed || [view_el30_az240] The image shows two cans of food stacked on top of each other. The can on top appears to be a can of coffee, as indicated by the text ""Master Chef"" and the image of a cup of coffee on the label. The can on the bottom is a can of tomato soup, also labeled ""Master Chef."" The cans are placed against a plain background, and the image is rendered in a 3D or CGI style, suggesting it might be from a video game or a digital simulation. The cans are depicted in a realistic manner, with reflections and shading that give them a lif || [view_el30_az195] The image shows two cans of food stacked on top of each other. The can on top is a can of ""Master Chef"" coffee, and the can on the bottom is a can of ""Master Chef"" tomato soup. The cans appear to be from the same brand, as indicated by the similar design and color scheme. The coffee can is red and white, while the tomato soup can is blue and white. The cans are placed against a plain background, which suggests that the image might be from a product catalog or a promotional material for the brand's food products. || [view_el30_az135] The image shows two cans of food stacked on top of each other. The top can is labeled ""Campbells Tomato Soup,"" and the bottom can is labeled ""Master Chef Premium Coffee."" The relationship between these two cans is that they are different types of food products, one being a canned soup and the other being a canned coffee. They are not related in terms of ingredients or production process, but they are placed together in the image, possibly for a visual comparison or to show a variety of food items."
stack3_scene0015,foam_brick,gelatin_box,True,foam_brick,"['view_el30_az240', 'view_el30_az210', 'view_el30_az135', 'view_el30_az195']",4,4,True,"[view_el30_az240] The image shows a foam brick placed on top of a gelatin box. The foam brick appears to be a lightweight, possibly decorative or functional item, while the gelatin box is a container typically used for storing gelatin, a common ingredient in desserts and other food products. The relationship between the two items is that of a container and its contents, with the foam brick serving as a decorative or functional item placed on top of the gelatin box. The foam brick may be used to protect the gelatin box from damage or to add a decorative touch to the presentation of the gelatin. || [view_el30_az210] The image shows a foam brick placed on top of a gelatin box. The foam brick appears to be a lightweight, possibly decorative or functional item, while the gelatin box is a container typically used for storing gelatin, a protein derived from animal bones and connective tissue. The relationship between the two items is that of a container and its contents, with the foam brick serving as a decorative or functional item placed on top of the gelatin box. The gelatin box is likely used for storage and protection of the gelatin inside, while the foam brick could be used for a variety of || [view_el30_az135] The image shows a foam brick placed on top of a gelatin box. The foam brick appears to be a simple, three-dimensional structure made of foam, possibly used for decorative or functional purposes. The gelatin box, on the other hand, is a commercial product used for food storage, typically containing gelatin in a powdered form. The relationship between the two objects in the image is that the foam brick is placed on top of the gelatin box, suggesting a temporary or decorative arrangement rather than a functional one. The foam brick is not related to the gelatin box in terms of their intended || [view_el30_az195] The image shows a foam brick placed on top of a gelatin box. The foam brick appears to be a lightweight, possibly decorative or functional item, while the gelatin box is a food product, typically used for desserts or savory dishes. The relationship between the two items is that of a container and its contents. The foam brick is placed on the gelatin box, which is the container for the gelatin product. The foam brick may serve to protect the gelatin box during transportation or storage, or it could be used as a decorative element to make the product more visually appealing."
stack3_scene0016,tomato_soup_can,tuna_fish_can,True,tomato_soup_can,"['view_el30_az240', 'view_el30_az210', 'view_el30_az195', 'view_el30_az135']",4,3,True,"[view_el30_az240] The image shows two cans of food. The can on the left appears to be a can of tomato soup, as indicated by the visible label with the word ""Tomato"" and the presence of what looks like a tomato on the label. The can on the right is a can of tuna fish, as indicated by the visible label with the word ""Tuna"" and the presence of what looks like a tuna fish on the label. The cans are placed side by side, suggesting they are part of a meal or a food preparation process where the tomato soup and tuna fish might be used together. || [view_el30_az210] The image shows two cans of food stacked on top of each other. The can on top appears to be a can of tomato soup, as indicated by the red label with the word ""Tomato"" visible. The can on the bottom is a can of tuna fish, as indicated by the label that reads ""Tuna"" and the presence of an image of a tuna fish. The cans are placed in a way that suggests they are part of a meal or a food preparation, possibly indicating that the tomato soup is being served with tuna, which is a common combination in various cuisines. || [view_el30_az195] The image shows two cans of food stacked on top of each other. The can on top appears to be a can of tomato soup, as indicated by the red label with the word ""Tomato"" visible. The can on the bottom is a can of tuna fish, as indicated by the label that reads ""Tuna"" and the presence of an image of a tuna fish. The cans are likely placed in this order to suggest a combination of the two products, which is a common pairing in culinary contexts. The idea is that the tomato soup can be used as a base for a tuna salad || [view_el30_az135] The image shows two cans of food stacked on top of each other. The top can is a can of ""Campbell's Tomato Soup,"" and the bottom can is a can of ""Kirkland Signature Tuna Fish."" These cans are likely placed together for a meal or snack that combines the flavors of tomato soup and tuna fish. The combination of these two items is a common one in many households, as the tuna fish can be added to the tomato soup to create a heartier, more filling meal. The tuna fish can is placed on top of the tomato soup can, suggesting that the"
stack3_scene0017,master_chef_can,tomato_soup_can,True,tomato_soup_can,"['view_el30_az210', 'view_el30_az240', 'view_el30_az195', 'view_el30_az135']",4,4,True,"[view_el30_az210] The image shows two cans of food stacked on top of each other. The can on top appears to be a can of coffee, as indicated by the label that includes a picture of a cup of coffee and the word ""Master Chef."" The can on the bottom is a can of tomato soup, as indicated by the label that includes a picture of a tomato and the word ""Master Chef."" The cans are likely part of a product line or a brand, as they both have the same label design and the word ""Master Chef"" suggests a culinary theme. The cans are placed against a plain background || [view_el30_az240] The image shows two cans of food stacked on top of each other. The can on top appears to be a can of coffee, as indicated by the text ""Master Chef"" and the image of a cup of coffee. The can on the bottom is a can of tomato soup, also labeled ""Master Chef."" The cans are placed on a flat surface, and the image is rendered in a 3D graphics style, suggesting it might be from a video game or a simulation. The cans are depicted with a realistic texture and lighting, giving them a lifelike appearance. The relationship between the || [view_el30_az195] The image shows two cans of food stacked on top of each other. The can on top appears to be a can of coffee, as indicated by the text ""Master Chefs"" and the image of a cup of coffee. The can on the bottom is a can of tomato soup, as indicated by the text ""Master Chefs"" and the image of a tomato. The cans are placed in a way that suggests they are part of a collection or display, possibly for a product or a promotional image. The relationship between the two cans is that they are both food products, likely intended for consumption || [view_el30_az135] The image shows two cans of food stacked on top of each other. The top can is a can of ""Campbell's Tomato Soup,"" and the bottom can is a can of ""Master Chef Premium Coffee."" The cans are placed in a way that the coffee can is on top of the tomato soup can. This arrangement suggests a contrast between the two products, as coffee and tomato soup are quite different in terms of taste and usage. The coffee can is typically used for making hot beverages, while the tomato soup can is used for preparing a warm, savory soup. The stacking of the cans could"
stack3_scene0019,foam_brick,wood_block,True,foam_brick,"['view_el30_az210', 'view_el30_az195', 'view_el30_az240', 'view_el30_az135']",4,4,True,"[view_el30_az210] The image shows a foam brick on top of a wooden block. The foam brick appears to be a lighter color, possibly white or light gray, while the wooden block is a darker shade, likely brown or black. The foam brick is placed directly on top of the wooden block, suggesting a simple, straightforward relationship between the two objects. The foam brick is likely used for a specific purpose, such as a prop, a display, or a model, while the wooden block serves as a base or support. The contrast in color and material between the two objects adds visual interest to the composition. || [view_el30_az195] The image shows a foam brick placed on top of a wooden block. The foam brick appears to be a lighter color, possibly white or light gray, while the wooden block is a darker shade, likely brown or tan, indicating a natural wood color. The foam brick is resting on the flat surface of the wooden block, which is standing upright on a white surface. The contrast between the two materials is quite noticeable, with the foam brick being softer and lighter than the wooden block, which is denser and heavier. This arrangement could be part of a display or a setup for a demonstration or educational || [view_el30_az240] The image shows a foam brick on top of a wooden block. The foam brick appears to be a lighter color, possibly white or light gray, while the wooden block is a darker shade, likely brown or black. The foam brick is placed directly on top of the wooden block, suggesting a simple, straightforward relationship between the two objects. The foam brick is likely used for its lightweight and durable properties, while the wooden block provides a solid base for support or display. The contrast in color and material between the two objects creates a visually interesting composition. || [view_el30_az135] The image shows a foam brick and a wooden block placed on top of each other. The foam brick is a lighter color, likely white or off-white, and it appears to be a soft, lightweight material, possibly used for decorative or educational purposes. The wooden block, on the other hand, is a darker color, likely brown, and it is made of a harder, denser material, which is typically used for construction or as a building material. The contrast between the two blocks in terms of material, color, and texture is quite evident."
stack4_scene0002,tomato_soup_can,tuna_fish_can,True,tomato_soup_can,"['view_el30_az135', 'view_el30_az240', 'view_el30_az195', 'view_el30_az210']",4,3,True,"[view_el30_az135] The image shows two cans of food. The top can is labeled ""Campbell's Tomato Soup,"" indicating that it contains tomato soup. The bottom can is labeled ""StarKist Tuna Fish,"" which suggests that it contains tuna fish. These cans are not related in terms of their contents; the tomato soup can contains a liquid soup made from tomatoes, while the tuna fish can contains canned tuna fish. They are two different types of food products, and their contents are distinct from each other. || [view_el30_az240] The image shows two cans of food stacked on top of each other. The can on top appears to be a can of tomato soup, as indicated by the visible label with a red background and what looks like a tomato image. The can on the bottom is a can of tuna fish, as indicated by the label with a blue background and the word ""Tuna"" visible. The relationship between these two cans is that they are both types of canned food, likely used for making meals or snacks. The tomato soup can is typically used for making soups, sauces, or other dishes that require a || [view_el30_az195] The image shows two cans of food. The can on the left appears to be a can of tomato soup, as indicated by the red label with the word ""Tomato"" visible. The can on the right is a can of tuna fish, as indicated by the label that reads ""Tuna"" and the presence of an image of a tuna fish. The cans are stacked on top of each other, with the tomato soup can on top and the tuna fish can on the bottom. The cans are placed against a plain background, and there is a blue object in the background, which could be || [view_el30_az210] The image shows two cans of food stacked on top of each other. The can on top appears to be a can of tomato soup, as indicated by the visible label with the word ""Tomato"" and the presence of what looks like a tomato on the label. The can on the bottom is a can of tuna fish, as indicated by the visible label with the word ""Tuna"" and the presence of what looks like a tuna fish on the label. The cans are placed in a way that suggests they are part of a meal or a food preparation, possibly indicating that the tomato soup and"
stack4_scene0003,master_chef_can,pudding_box,True,master_chef_can,"['view_el30_az240', 'view_el30_az135', 'view_el30_az195', 'view_el30_az210']",4,3,True,"[view_el30_az240] The image shows a can of ""Master Chef"" coffee and a box of ""Master Chef"" pudding. The can and the box are placed next to each other, suggesting that they are related products, likely from the same brand or product line. The presence of both items together might indicate that they are part of a meal or a snack, with the coffee serving as a beverage and the pudding as a dessert or a sweet treat. The branding consistency between the two items suggests they are designed to be enjoyed together or as part of a similar culinary experience. || [view_el30_az135] The image shows a cylindrical blue coffee can with the text ""Master Chef"" on it, placed on top of a rectangular box. The box appears to be a package of pudding, as indicated by the text ""Master Chef"" and ""Coffee Pudding"" visible on the box. The coffee can is positioned on the box, suggesting a thematic connection between the two products, possibly indicating that the coffee can is used in the preparation of the pudding. The design of the coffee can and the pudding box suggests a brand association, with the ""Master Chef"" branding being consistent across both products. || [view_el30_az195] The image shows a can of Master Coffee and a box of pudding. The can is placed on top of the pudding box. The relationship between the two items is that they are both food products, but they are different types of food. The coffee can is a beverage product, while the pudding box is a dessert product. The can is likely used for storing and transporting the coffee, while the box is used for packaging and selling the pudding. The arrangement of the items in the image suggests a casual display, possibly for marketing or promotional purposes, highlighting the variety of food products available. || [view_el30_az210] The image shows a can of ""Master Chef"" coffee on top of a box of ""Master Chef"" chocolate pudding. The relationship between the two items is that they are both branded products, likely from the same manufacturer, and are placed together to suggest a pairing or a combination that might be enjoyed together. The coffee can and the pudding box are likely intended to be consumed together, with the coffee being a beverage to accompany the chocolate pudding. The presentation of the items together could be for marketing purposes, to indicate that the products are part of a larger food or beverage line."
stack4_scene0006,gelatin_box,tomato_soup_can,True,tomato_soup_can,"['view_el30_az210', 'view_el30_az135', 'view_el30_az195', 'view_el30_az240']",4,4,True,"[view_el30_az210] The image shows a can of tomato soup placed on top of a box of gelatin. The can appears to be a standard commercial product, likely used for cooking or consumption. The box of gelatin is also a commercial product, typically used in food preparation for its gelling properties. The relationship between the two items is that they are both food products, but they serve different purposes in the culinary world. The tomato soup can is a ready-to-eat food item, while the gelatin box is an ingredient that would be used in recipes to create dishes like desserts, savory dishes, or to || [view_el30_az135] The image shows a can of Campbell's Tomato Soup placed on top of a box of gelatin. The gelatin box is positioned directly below the can, suggesting a relationship between the two products. Gelatin is a common ingredient in many food products, including soups, sauces, and desserts. It is often used to thicken or stabilize these items. The presence of the gelatin box beneath the tomato soup can could imply that the tomato soup contains gelatin as an ingredient, or it could simply be a coincidental arrangement for the purpose of the image. || [view_el30_az195] The image shows a can of ""Tomato Soup"" placed on top of a box of ""Gelatine."" The can and the box are positioned in such a way that the can appears to be floating above the box, creating an optical illusion. This is likely achieved through the use of a transparent or translucent material for the box, allowing the can to be seen through it. The arrangement is playful and might be used for artistic or humorous purposes. || [view_el30_az240] The image shows a gelatin box and a can of tomato soup. The gelatin box is placed on top of the tomato soup can. The gelatin box is red with white text and appears to be a product used for food preparation, particularly for desserts or savory dishes that require a gel-like texture. The tomato soup can is silver with a red label, indicating that it is a canned food product, likely a liquid or semi-solid soup. The relationship between the two items is that they are placed next to each other, with the gelatin box on top of the tomato soup can, suggesting"
stack4_scene0007,sponge,sugar_box,True,sugar_box,"['view_el30_az210', 'view_el30_az195', 'view_el30_az240', 'view_el30_az135']",4,4,True,"[view_el30_az210] The image shows a box of Domino Sugar with a sponge placed on top of it. The sponge is likely there to provide a stable surface for the box to rest on, preventing it from directly touching the floor or another surface. This could be for aesthetic reasons, to keep the box clean, or to prevent any moisture from the sponge from seeping into the box. The sponge also adds a visual element to the presentation of the box, making it more appealing or organized. || [view_el30_az195] The image shows a box of Domino Sugar with a yellow sponge placed on top of it. The sponge is resting on the box, and the box is placed on a surface that appears to be a table or a similar flat surface. The relationship between the sponge and the sugar box is that of a simple, everyday arrangement where the sponge is being used to absorb any moisture or spillage from the sugar box. This is a common practice to prevent sugar from spilling onto the surface below. || [view_el30_az240] In the image, there is a box of Domino Sugar placed on a yellow sponge. The sponge is positioned in front of the sugar box, and it appears to be supporting the box. The relationship between the sponge and the sugar box is that the sponge is acting as a stand or support for the box, likely to keep it upright or to prevent it from rolling or falling. The sponge is also providing a contrast in color to the white and blue box, making the box stand out more in the image. || [view_el30_az135] The image shows a box of Domino Sugar placed on top of a sponge. The sponge is likely being used to provide a stable surface for the box, preventing it from slipping or falling. The sponge's absorbent nature would help to keep the box from sliding off if it were placed directly on a smooth surface. This setup is common in retail environments where products are displayed on shelves or tables, where a sponge can help to keep the product in place and prevent damage to the packaging."
stack4_scene0009,master_chef_can,pudding_box,True,master_chef_can,"['view_el30_az135', 'view_el30_az240', 'view_el30_az195']",3,2,True,"[view_el30_az135] The image shows a can of ""Master Chef"" coffee and a box of ""Master Chef"" pudding. The can and the box are both branded with the same name, suggesting that they are part of the same product line or brand. The coffee can is placed on top of the pudding box, which is on a flat surface. The arrangement of the items indicates that they are likely meant to be consumed together, perhaps as a coffee break or a dessert pairing. The design of the packaging is consistent, with the same color scheme and branding, which is typical for products from the same manufacturer. || [view_el30_az240] The image shows a can of Master Chef coffee on top of a box of pudding. The coffee can is blue with the Master Chef logo prominently displayed, and the pudding box is red with a label that is not clearly visible. The relationship between the two items is that they are placed next to each other, with the coffee can on top of the pudding box. This arrangement suggests that they are being displayed together, possibly for sale or as part of a food display. The items are not directly related to each other in terms of their contents or purpose; coffee and pudding are two different types of food || [view_el30_az195] The image shows a can of Master Chai coffee and a box of Jell-O pudding. The coffee can is placed in front of the pudding box, suggesting a relationship between the two items, possibly indicating that they are being used together to create a beverage or dessert. The Master Chai coffee can is likely used to make a warm beverage, while the Jell-O pudding is a cold, sweet dessert. The juxtaposition of these two items could imply a contrast between the warm and cold, the sweet and savory, or the hot and cold beverages and desserts."
stack4_scene0010,master_chef_can,tuna_fish_can,True,tuna_fish_can,"['view_el30_az195', 'view_el30_az210', 'view_el30_az135', 'view_el30_az240']",4,3,True,"[view_el30_az195] The image shows a can of ""Master Chef"" coffee and a can of ""Master Chef"" tuna fish. The cans are stacked on top of each other, with the coffee can on top and the tuna fish can below. The cans appear to be of the same brand, as indicated by the ""Master Chef"" logo and the similar design elements. The cans are likely part of a product line that offers both coffee and tuna fish, suggesting that the brand may specialize in food and beverage products. The cans are placed against a plain background, which emphasizes the cans and their branding. || [view_el30_az210] The image shows a can of ""Master Chef Coffee"" and a can of ""Master Chef Tuna Fish."" The cans are stacked on top of each other, with the coffee can on top. The relationship between the two cans is that they are both products of the ""Master Chef"" brand, suggesting that they are part of a line of food products. The cans are likely designed to be easily recognizable and to indicate that they are part of the same brand's offerings. The stacking of the cans could be for display purposes, such as in a store or a promotional image. || [view_el30_az135] The image shows two cans placed on top of each other. The can on the bottom is labeled ""Master Chef,"" which suggests it is a brand of coffee. The can on top is labeled ""StarKist,"" which is a brand of canned tuna. The relationship between these two cans is that they are both food products, but they are different types of food. The coffee can is for a beverage, while the tuna can is for a type of seafood. They are not related in terms of their contents or purpose, but they are placed together in the image, possibly for a visual comparison or || [view_el30_az240] The image shows a can of ""Master Chef"" canned coffee and a can of ""Master Chef"" canned tuna fish. The cans are similar in appearance, suggesting they are part of the same brand's product line. The cans are designed to be easily recognizable and to convey the brand's identity. The use of the same brand name and similar design elements indicates that these products are likely intended for the same market and are part of a consistent branding strategy."
stack4_scene0011,master_chef_can,tomato_soup_can,True,tomato_soup_can,"['view_el30_az135', 'view_el30_az240', 'view_el30_az210', 'view_el30_az195']",4,4,True,"[view_el30_az135] The image shows two cans of food stacked on top of each other. The top can is a red and white can of ""Campbell's Tomato Soup,"" and the bottom can is a blue and white can of ""Water Chef."" The cans are not related to each other in terms of their contents; the top can contains tomato soup, while the bottom can contains water. The cans are simply stacked for display or storage purposes. || [view_el30_az240] The image shows two cans of food stacked on top of each other. The can on top appears to be a can of tomato soup, as indicated by the visible label. The can on the bottom is a can of coffee, as indicated by the label that reads ""Master Chef."" The cans are placed on a flat surface, and there is a small object that looks like a piece of fruit or a vegetable in the background. The relationship between the two cans is that they are placed one on top of the other, with the coffee can on the bottom and the tomato soup can on top. || [view_el30_az210] The image shows two cans of food stacked on top of each other. The can on top appears to be a can of coffee, as indicated by the visible label and the recognizable design of a coffee cup. The can on the bottom is a can of Master Chef brand tomato soup, as indicated by the label and the image of a tomato on the front. The relationship between these two cans is that they are both food products, likely meant for consumption, and they are placed in a way that suggests they are being displayed or stored. The coffee can is placed on top of the tomato soup can, || [view_el30_az195] The image shows two cans of food stacked on top of each other. The can on top appears to be a can of coffee, as indicated by the visible text and the design on the can, which suggests it is a brand of coffee. The can on the bottom is a can of MasterChef Ground Coffee, which is a product of Nestlé. The relationship between these two cans is that they are both containers of coffee products, but they are different brands and likely different types of coffee blends or roast levels. The can of coffee on top is a can of instant coffee, while the can on"
stack4_scene0012,gelatin_box,tomato_soup_can,True,tomato_soup_can,"['view_el30_az240', 'view_el30_az210', 'view_el30_az195', 'view_el30_az135']",4,4,True,"[view_el30_az240] The image shows a gelatin box and a can of tomato soup. The gelatin box is placed on top of the tomato soup can. The gelatin box is red with white text and appears to be a standard commercial product packaging. The tomato soup can is silver with red and white text, and it also looks like a typical commercial product can. The arrangement of the items in the image is simple and straightforward, with the gelatin box on top of the tomato soup can. There is no apparent relationship between the two items other than their physical proximity in the image. || [view_el30_az210] The image shows a can of tomato soup placed on top of a box of gelatin. The can appears to be a standard commercial product, likely used for cooking or consumption. The box of gelatin is also a commercial product, typically used as a food additive to give structure to desserts and other food items. The relationship between the two items is that they are placed next to each other, possibly for display or storage purposes. The gelatin box is likely used to store the gelatin, while the can of tomato soup is a product that can be used in various recipes. || [view_el30_az195] The image shows a can of ""Tomato Soup"" placed on top of a box of ""Gelatin."" The can and the box are positioned in such a way that the can is resting directly on the box. The relationship between the two items is that they are placed in a manner that suggests they are being used together, possibly for a recipe that involves gelatin and tomato soup. The gelatin box is likely used to dissolve the gelatin in a liquid, such as the tomato soup, to create a gel-like substance, which is often used in desserts or savory dishes to add texture || [view_el30_az135] The image shows a can of tomato soup placed on top of a box of gelatin. The can is labeled ""Campbell's Tomato Soup,"" indicating it is a product of the Campbell Soup Company. The box of gelatin is positioned directly below the can, suggesting a relationship between the two products, possibly in the context of food preparation or cooking. Gelatin is often used as a thickening agent in soups, sauces, and other dishes, so the placement of the gelatin box under the tomato soup can could imply that the gelatin is intended to be used in the preparation of the"
stack4_scene0014,sponge,sugar_box,True,sugar_box,"['view_el30_az135', 'view_el30_az195', 'view_el30_az240', 'view_el30_az210']",4,2,True,"[view_el30_az135] The image shows a box of Domino Sugar with a sponge placed underneath it. The sponge is likely there to provide a stable surface for the box to rest on, preventing it from directly touching the floor or another surface. This could be for cleanliness or to prevent the box from getting dirty or damaged. The sponge also provides a slight elevation, which might be for aesthetic purposes or to make it easier to see the box. || [view_el30_az195] The image shows a box of Domino Sugar next to a blue cylindrical object that appears to be a sponge. The box is standing upright on a surface, and the sponge is placed horizontally next to it. The sponge is not directly interacting with the sugar box; they are simply placed in close proximity to each other. The sponge is likely there for cleaning or wiping purposes, while the sugar box is a product for sweetening food and beverages. The relationship between the two items is that of a common household setting where cleaning supplies are kept near food items. || [view_el30_az240] The image shows a blue cup and a yellow box labeled ""Domino Sugar."" The cup is positioned to the left of the box, and they are both placed on a flat surface. The cup appears to be empty, and the box is upright, suggesting that the items are stationary and not in use at the moment. The relationship between the sponge and the sugar box is that they are two separate objects placed next to each other, likely for convenience or organization. The sponge is not visible in the image, so there is no direct relationship between it and the sugar box. || [view_el30_az210] The image you've provided is quite blurry, but it appears to show a blue object, possibly a sponge, next to a yellow object that could be a sugar box. Due to the low resolution and lack of clear details, it's difficult to provide a precise description of the relationship between the two objects. However, based on the context, it seems that the sponge is placed near the sugar box, suggesting they might be in a kitchen or a place where food is prepared or stored. The sponge is typically used for cleaning and moisture absorption, while the sugar box is a container for storing sugar."
stack4_scene0017,foam_brick,master_chef_can,True,foam_brick,"['view_el30_az210', 'view_el30_az195', 'view_el30_az135', 'view_el30_az240']",4,4,True,"[view_el30_az210] In the image, there is a foam brick placed on top of a can of ""Master Chef"" coffee. The foam brick is a common prop used in various settings, such as construction sites, to represent a real brick for safety or aesthetic purposes. The coffee can is a product that is likely used for making coffee, and the ""Master Chef"" branding suggests it might be a premium or high-quality product. The relationship between the two objects in this context is likely coincidental, with the foam brick being used to create a visual effect or to represent a real brick in a setting where a real || [view_el30_az195] In the image, there is a foam brick placed on top of a can of Master Cheeser Coffee. The foam brick is a common prop used in various settings, such as construction sites, to simulate the appearance of real bricks for safety or aesthetic purposes. The can of coffee is a product that is likely used for making coffee, as indicated by the label and the image of a cup of coffee on the can. The relationship between the two objects in this context is likely coincidental, with the foam brick being used as a prop and the coffee can being a product for sale or use. || [view_el30_az135] The image shows a foam brick placed on top of a cylindrical container that appears to be a coffee can. The foam brick is a common prop used in various settings, such as theater, film, or photography, to represent a real brick but with a lightweight and durable material. The coffee can is likely used to represent a coffee shop or a container of coffee. The combination of these two items suggests a setting where a coffee shop or a coffee-related scene is being depicted. The foam brick is used to add a realistic touch to the scene, while the coffee can serves as a prop to indicate the || [view_el30_az240] The image shows a foam brick placed on top of a can of Master Chef coffee. The foam brick is a common prop used in various settings, such as construction sites, to represent a real brick for safety or aesthetic purposes. The can of coffee is likely used as a prop to represent a product or to be used in a scene where the foam brick is placed on it. The relationship between the two objects in this context is likely a temporary one, with the foam brick being used to create a visual effect or to demonstrate the weight of the brick."
stack4_scene0018,tomato_soup_can,tuna_fish_can,True,tomato_soup_can,"['view_el30_az135', 'view_el30_az195', 'view_el30_az210', 'view_el30_az240']",4,3,True,"[view_el30_az135] The image shows a can of ""Campbell's Tomato Soup"" and a can of ""StarKist Tuna Fish."" These two products are not directly related in terms of their ingredients or preparation. Tomato soup is a liquid food made from tomatoes, often seasoned with herbs and spices, and it is typically served as a warm, comforting meal or snack. Tuna fish, on the other hand, is a canned fish product made from tuna, often served as a protein-rich snack or used as an ingredient in various dishes. The two products are packaged separately and are not used together in the same || [view_el30_az195] The image shows a can of tomato soup and a can of tuna fish. The tomato soup can is placed on top of the tuna fish can. This arrangement suggests a relationship between the two products, possibly indicating that they are being used together in a meal or recipe. Tomato soup is a common accompaniment to tuna fish, often served with it in dishes like tuna salad or tuna noodle casserole. The cans are placed in a way that suggests they are part of a meal or a cooking process, with the tomato soup can being the main ingredient and the tuna fish can being a secondary || [view_el30_az210] The image shows two cans of food stacked on top of each other. The can on top appears to be a can of tomato soup, as indicated by the visible label with the word ""Tomato"" and the recognizable red and white color scheme of the brand. The can on the bottom is a can of tuna fish, as indicated by the label that reads ""Tuna"" and the presence of an image of a tuna fish. The cans are placed in a way that suggests they are part of a meal or a food preparation, possibly indicating that the tomato soup and tuna fish are being used together || [view_el30_az240] The image shows two cans of food stacked on top of each other. The can on top appears to be a can of tomato soup, as indicated by the visible label with a red background and what looks like a tomato image. The can on the bottom is a can of tuna fish, as indicated by the label with a blue background and the word ""Tuna"" visible. The cans are placed in a way that suggests they are being stored or displayed, possibly in a pantry or on a shelf. The relationship between the two cans is that they are both food products, likely used in different recipes"
stack5_scene0005,pudding_box,tuna_fish_can,True,tuna_fish_can,"['view_el30_az135', 'view_el30_az240', 'view_el30_az195', 'view_el30_az210']",4,4,True,"[view_el30_az135] The image shows a can of tuna fish placed on top of a box of pudding. The tuna can is positioned on the lid of the pudding box, which is open. The relationship between the two items is that they are placed in a way that suggests a connection or a contrast between the two products. Tuna is a source of protein and is often used in various dishes, while pudding is a sweet dessert. The juxtaposition of these two items could be seen as a playful or humorous representation of the contrast between savory and sweet food items. || [view_el30_az240] The image shows a can of tuna fish placed on top of a box of pudding. The tuna can is positioned directly above the pudding box, suggesting a relationship between the two items that could be interpreted as a humorous or unexpected pairing. The juxtaposition of a food item typically associated with savory dishes (tuna) and a sweet treat (pudding) creates a playful contrast. The image might be used to convey a sense of surprise or to illustrate a concept in a creative or artistic context. || [view_el30_az195] The image shows a can of tuna fish placed on top of a box of pudding. The can of tuna is positioned directly above the pudding box, suggesting a relationship between the two items that could be interpreted as a humorous or unexpected pairing. The juxtaposition of a food item typically associated with savory dishes (tuna) and a sweet treat (pudding) creates a playful contrast. The image might be used to convey a message about unexpected combinations or to simply entertain by showing an unusual arrangement of everyday items. || [view_el30_az210] The image shows a can of tuna fish placed on top of a box of pudding. The tuna can is positioned directly above the pudding box, which is resting on a red surface. The relationship between the two items is that they are placed in a manner that suggests they are being used together, possibly for a meal or snack. The tuna can is typically used for storing canned fish, while the pudding box is for storing a dessert. The juxtaposition of these two items in the image might be intended to suggest a combination of savory and sweet food items, or it could simply be a random arrangement for"
stack5_scene0008,tomato_soup_can,tuna_fish_can,True,tomato_soup_can,"['view_el30_az195', 'view_el30_az135', 'view_el30_az210', 'view_el30_az240']",4,4,True,"[view_el30_az195] The image shows two cans of food stacked on top of each other. The can on top appears to be a can of tomato soup, as indicated by the red label with the word ""Tomato"" visible. The can on the bottom is a can of tuna fish, as indicated by the label that reads ""Tuna"" and the presence of an image of a tuna fish. The cans are likely placed in this manner to suggest a combination of these two food items, which is a common pairing in various recipes, such as tuna salad or tuna noodle casserole, where the tuna is || [view_el30_az135] The image shows a can of tomato soup and a can of tuna fish. The tomato soup can is placed on top of the tuna fish can. This arrangement suggests a relationship between the two products, possibly indicating that they are being used together in a meal or recipe. The tomato soup can is likely used for its contents, which are a liquid soup made from tomatoes, and the tuna fish can is likely used for its contents, which are canned tuna fish. The combination of these two products is common in various dishes, such as tuna salad, tuna noodle casserole, or tuna and tomato || [view_el30_az210] The image shows two cans of food stacked on top of each other. The can on top appears to be a can of tomato soup, as indicated by the visible label with a picture of tomato soup and the text ""Tomato Soup."" The can on the bottom is a can of tuna fish, as indicated by the label with a picture of tuna and the text ""Tuna Fish."" The relationship between these two cans is that they are both food products, likely used in different recipes or meals. The tomato soup can is typically used in dishes where a liquid base is required, such as soups || [view_el30_az240] The image shows two cans of food. The can on top appears to be a can of tomato soup, as indicated by the visible label with the word ""Tomato"" and the presence of a tomato image. The can on the bottom is a can of tuna fish, as indicated by the visible label with the word ""Tuna"" and the presence of a tuna fish image. These cans are commonly found in grocery stores and are used to store and transport food products. The cans are stacked on top of each other, which is a common way to store and display canned goods."
stack5_scene0011,foam_brick,sponge,True,foam_brick,"['view_el30_az135', 'view_el30_az240', 'view_el30_az210']",3,2,True,"[view_el30_az135] The image shows a foam brick placed on top of a sponge. The foam brick appears to be a toy or a model, possibly used for educational purposes or as a prop in a play scenario. The sponge is likely used to provide a soft surface for the foam brick to rest on, preventing damage to the brick or the surface it is placed on. The sponge also provides a contrast in texture and color to the foam brick, making the arrangement visually interesting. The relationship between the foam brick and the sponge is one of support and contrast, with the sponge serving as a cushion and the foam brick as || [view_el30_az240] The image shows a foam brick with three holes in it, placed on top of a sponge. The foam brick appears to be a toy or a prop, possibly used for educational purposes to demonstrate the concept of buoyancy or to teach children about the properties of materials. The sponge underneath the foam brick is likely there to provide a soft surface for the brick to rest on, and it may also be used to demonstrate the concept of buoyancy or to show how the foam brick interacts with the sponge. The relationship between the foam brick and the sponge seems to be one of interaction, with the sponge providing || [view_el30_az210] The image you've provided appears to show a foam brick and a sponge. The foam brick is a type of artificial building material made from expanded polystyrene foam. It is lightweight, durable, and often used for insulation, as it provides a good insulating barrier. The sponge, on the other hand, is a porous, soft material typically made from natural or synthetic fibers. It is designed to absorb and retain water, and it is commonly used for cleaning, padding, and other purposes. The relationship between the two objects in the image is that they are placed next to each other,"
stack5_scene0013,foam_brick,sponge,True,foam_brick,"['view_el30_az135', 'view_el30_az195', 'view_el30_az210', 'view_el30_az240']",4,3,True,"[view_el30_az135] The image shows a foam brick placed on top of a sponge. The foam brick appears to be a toy or a model, possibly used for educational purposes or as a decorative item. The sponge is likely used to provide a soft surface for the foam brick to rest on, preventing it from scratching or damaging the surface it is placed on. The sponge also provides a cushioning effect, which might be useful if the foam brick is being used as a prop or for a specific activity that requires a soft landing. The relationship between the foam brick and the sponge is one of support and protection, with the || [view_el30_az195] The image shows a 3D model of a structure that appears to be made of foam bricks, with a sponge underneath it. The foam bricks are arranged to form a rectangular shape, and there are three holes in the top brick, suggesting it might be designed to hold something or represent a part of a larger assembly. The sponge is placed beneath the bricks, likely to provide a stable base or to prevent the bricks from slipping. The sponge's texture contrasts with the smooth surface of the foam bricks, and the overall setup seems to be a simple, educational model, possibly used to demonstrate concepts such || [view_el30_az210] The image shows a foam brick placed on top of a sponge. The foam brick appears to be a lightweight, possibly educational or decorative item, while the sponge is a soft, absorbent material. The sponge is likely used to provide a stable surface for the foam brick to rest on, preventing it from slipping or falling. The relationship between the two items is that of a support system, with the sponge acting as a cushion or base for the foam brick. || [view_el30_az240] The image you've provided appears to show a foam brick and a sponge. The foam brick is a type of lightweight, insulating material often used for building, construction, and decorative purposes. It is typically made from a foam material such as polyethylene or polypropylene, which is then cut into the shape of bricks.  The sponge, on the other hand, is a porous, absorbent material made from a network of tiny air bubbles trapped within a material, usually a type of foam. Sponges are commonly used for cleaning, as they can absorb liquids and dirt without becoming saturated."
stack5_scene0014,cracker_box,sugar_box,True,sugar_box,"['view_el30_az210', 'view_el30_az195', 'view_el30_az240', 'view_el30_az135']",4,4,True,"[view_el30_az210] The image shows a box of Cheez-It crackers and a box of sugar. The Cheez-It box is on top of the sugar box. The Cheez-It box is red with a yellow label and features images of the crackers, suggesting they are the main product inside. The sugar box is below the Cheez-It box and is partially visible. It appears to be a standard sugar packaging with a label that is not fully visible in the image. The relationship between the two boxes is that the Cheez-It box is placed on top of the sugar box, indicating that || [view_el30_az195] The image shows a box of Cheez-It crackers and a box of sugar. The Cheez-It box is on top of the sugar box. The Cheez-It box is red with a yellow label that features images of the crackers and text that reads ""Are these cheeses ready?"" The sugar box is white with a label that shows a picture of sugar and text that reads ""REAL SUGAR."" The two boxes are placed on a surface that appears to be a table or a similar flat surface. The Cheez-It box is positioned above the sugar box, indicating that the || [view_el30_az240] The image shows two boxes of crackers and a box of sugar. The box of crackers is positioned on top of the box of sugar. The boxes are stacked in a way that the box of crackers is the uppermost box, with the box of sugar directly beneath it. The arrangement suggests that the boxes are placed in a manner that is both stable and visually appealing, with the larger box of crackers on top to draw attention to the product. The boxes are likely placed in a retail setting, such as a grocery store, where they would be displayed for customers to purchase. || [view_el30_az135] The image shows two boxes of snacks, one labeled ""Cheez-It"" and the other ""REAL."" The ""Cheez-It"" box is on top of the ""REAL"" box. The ""Cheez-It"" box is a bright yellow color with a red border, and it features images of crackers with cheese on them. The ""REAL"" box is red with a white border and has images of crackers without cheese. The ""Cheez-It"" box is placed on top of the ""REAL"" box, suggesting that the ""Cheez-It"" crackers are a"
stack5_scene0016,tomato_soup_can,wood_block,True,tomato_soup_can,"['view_el30_az240', 'view_el30_az210', 'view_el30_az195', 'view_el30_az135']",4,4,True,"[view_el30_az240] In the image, there is a can of tomato soup placed on top of a wooden block. The can is standing upright, with its label facing the viewer, and the block is positioned on a flat surface. The wooden block appears to be a simple, rectangular piece of wood, likely used to provide a stable surface for the can. The relationship between the two objects is that of a container resting on a support, which is a common arrangement for displaying or storing items. The wooden block is serving as a makeshift stand for the can, possibly to keep it upright or to make it more visible. || [view_el30_az210] The image shows a can of tomato soup placed on top of a wooden block. The can is positioned at the center of the block, which is resting on a flat surface. The can appears to be the focal point of the composition, with the wooden block serving as a support or pedestal to elevate it. The relationship between the two objects suggests a simple, straightforward arrangement, with the can being the main subject and the block providing a contrasting texture and color to the smooth, metallic surface of the can. The block's position relative to the can is stable, indicating that the can is securely placed on || [view_el30_az195] The image shows a can of tomato soup placed on top of a wooden block. The can is positioned upright, with the label facing forward, and the block is supporting the can, preventing it from falling or rolling. The wooden block is placed on a flat surface, which could be a table or a similar horizontal surface. The relationship between the tomato soup can and the wooden block is that of a stable support, with the block providing a platform for the can to rest on. || [view_el30_az135] The image shows a can of tomato soup placed on top of a wooden block. The can is positioned at the center of the block, which is resting on a flat surface. The wooden block appears to be a simple, rectangular structure, likely designed to provide a stable base for the can. The can itself is a cylindrical container with a label that indicates it is a can of tomato soup from the brand Campbell's. The label also includes a gold seal, suggesting a quality or premium product. The overall arrangement suggests a display or presentation of the product, possibly for marketing or promotional purposes."
stack5_scene0018,gelatin_box,tomato_soup_can,True,tomato_soup_can,"['view_el30_az135', 'view_el30_az240', 'view_el30_az210', 'view_el30_az195']",4,4,True,"[view_el30_az135] The image shows a can of ""Campbells Tomato Soup"" placed on top of a box of gelatin. The gelatin box is positioned directly below the can, suggesting a relationship between the two products. Gelatin is a common ingredient in many food products, including soups, desserts, and snacks. It is often used as a thickening agent or to add texture to the final product. The placement of the gelatin box under the tomato soup can could imply that the gelatin is used in the preparation of the soup, or it could simply be a coincidental arrangement for the purpose || [view_el30_az240] The image shows a can of tomato soup placed on top of a box of gelatin. The can appears to be a standard commercial product, likely used for cooking or consumption. The box of gelatin is also a commercial product, typically used as a food additive to give structure to desserts and other food items. The relationship between the two items is that they are both food products, but they serve different purposes in the culinary world. The tomato soup can is a ready-to-eat food item, while the gelatin box is an ingredient that is used to create various dishes, such as desserts, || [view_el30_az210] The image shows a can of tomato soup placed on top of a box of gelatin. The can appears to be a standard commercial product, likely used for cooking or food storage, while the box of gelatin suggests that it is a food ingredient, commonly used in desserts, jellies, and other culinary applications. The relationship between the two items is that they are placed next to each other, with the can on top of the box, but they are not directly related in terms of their function or purpose. The gelatin box is a raw ingredient, while the can of tomato soup is || [view_el30_az195] The image shows a can of tomato soup placed on top of a box of gelatin. The can appears to be a standard commercial product, likely used for cooking or consumption. The box of gelatin is also a commercial product, typically used as a food ingredient to give structure to desserts and other dishes. The relationship between the two items is that they are both food products, but they serve different purposes in the culinary world. The can of tomato soup is a ready-to-eat food item, while the box of gelatin is an ingredient that is used to create dishes like desserts, marshmall"
stack5_scene0019,cracker_box,sugar_box,True,sugar_box,"['view_el30_az135', 'view_el30_az240', 'view_el30_az210', 'view_el30_az195']",4,2,True,"[view_el30_az135] The image shows two boxes of Cheez-It crackers. The box on the left is the original Cheez-It box, which contains the classic cheese-flavored crackers. The box on the right is a special edition box, which features a variety of flavors such as ""Groovy Gouda,"" ""Mozzarella,"" ""Pesto,"" and ""Brie."" This box is designed to appeal to those who enjoy different types of cheese flavors in their crackers. The relationship between the two boxes is that they both contain crackers, but the special edition box offers a more diverse range of || [view_el30_az240] The image shows two boxes of crackers and a box of sugar. The box of crackers is positioned on top of the box of sugar. The boxes are stacked in a way that the box of crackers is the uppermost box, with the box of sugar directly beneath it. This arrangement suggests that the boxes are being stored or displayed in a way that the crackers are placed above the sugar, possibly for easy access or to save space. || [view_el30_az210] The image shows two boxes of snacks placed on a surface. The box on the left is a red box of ""Cheez-It"" crackers, which are cheese-flavored crackers. The box on the right is a white box of Domino sugar, which is a brand of granulated sugar. The relationship between these two items is that they are often used together in recipes, such as making cheese dips or spreads, where the sugar is used to balance the savory flavors of the cheese. The sugar is typically used to sweeten the cheese, adding a contrasting taste to the dish. || [view_el30_az195] The image shows a box of Cheez-It crackers and a box of sugar. The Cheez-It box is prominently displayed in the foreground, with a clear view of its packaging and the text ""Are these cheeses ready?"" suggesting a playful and humorous approach to the product. The sugar box is partially visible in the background, indicating that these two items are placed next to each other, likely for comparison or contrast. The relationship between the two boxes is that they are both food products, but they serve different purposes and are intended for different culinary uses. The Cheez-It crackers are a"
stack5_scene0020,pudding_box,tuna_fish_can,True,tuna_fish_can,"['view_el30_az135', 'view_el30_az240', 'view_el30_az195', 'view_el30_az210']",4,4,True,"[view_el30_az135] The image shows a can of StarKist brand light tuna fish placed on top of a box of pudding. The relationship between the two items is that they are unrelated food products. The can of tuna is a source of protein and is typically used in recipes that require canned fish, such as salads, sandwiches, or as a topping for dishes like pasta or rice. The pudding box, on the other hand, is a dessert item, usually made from sweetened milk or cream, sugar, and flavorings, and is often served chilled. The juxtaposition of these two items in the image is || [view_el30_az240] The image shows a can of tuna fish placed on top of a box of pudding. The tuna can is positioned directly above the pudding box, suggesting a relationship between the two items that is likely coincidental. The image does not provide any context or information about the relationship between the two products. They are simply placed next to each other in a way that is not typical for their packaging or storage. The image appears to be a 3D rendering or a digital illustration rather than a photograph of real-life objects. || [view_el30_az195] The image shows a can of tuna fish placed on top of a box of pudding. The tuna can is positioned directly above the pudding box, suggesting a relationship between the two items that could be interpreted as a humorous or unexpected pairing. The juxtaposition of a canned fish product with a dessert item like pudding is unusual, as they are not typically consumed together. The image might be used to convey a sense of surprise or to illustrate a concept in a playful manner. || [view_el30_az210] The image shows a can of tuna fish placed on top of a box of pudding. The tuna can is positioned directly above the pudding box, suggesting a relationship between the two items that is likely coincidental. The tuna can and the pudding box are unrelated products, and their placement in this manner is likely for the purpose of the image, perhaps to create a humorous or unexpected visual juxtaposition. The image does not imply any direct relationship between the two items; they are simply placed in this manner for the sake of the composition."
stack5_scene0019,orange,sugar_box,False,,"['view_el30_az135', 'view_el30_az210', 'view_el30_az195', 'view_el30_az240']",4,3,True,"[view_el30_az135] The image shows a box of Cheez-It crackers and an orange. The box of Cheez-It crackers is placed on a surface, and the orange is sitting on the floor in front of the box. The box and the orange are separate objects, and there is no direct relationship between them in terms of their physical interaction or connection. They are simply placed next to each other in the image. || [view_el30_az210] In the image, there is a box of Cheez-It crackers on the left side, which is a type of snack. On the right side, there is a box of Domino Sugar. The relationship between these two items is that they are both food products, but they serve different purposes in a meal or snack. The Cheez-It crackers are a savory snack, while the Domino Sugar is a sweetener used in various recipes, such as baking, cooking, or as a sweetener for beverages. They are placed next to each other on a table, suggesting they are part of a || [view_el30_az195] The image shows a box of ""Cheez-It"" crackers, which are a type of cheese-flavored cracker. The box is designed to resemble a slice of orange, with the crackers depicted as slices of cheese. The text on the box suggests that the crackers are ""Real"" and ""Original,"" and they are described as ""Gooey,"" ""Grooves,"" ""Baby Swirls,"" ""Swirls,"" ""Mozzarella,"" and ""Mozzarella Twist."" The box is placed on a surface with a real orange beside it, which is a coincidence || [view_el30_az240] The image shows a box of Cheez-It crackers on top of a box of orange-flavored sugar. The Cheez-It box is red with a yellow label that features an illustration of the crackers and the text ""Are these Cheez-It ready?"" suggesting that the crackers are ready to be eaten. The orange-flavored sugar box is partially visible, with the top of the box showing a label that includes an orange color swatch, indicating the flavor of the sugar. The relationship between the two boxes is that they are stacked on top of each other, with the Cheez-"
stack5_scene0011,tennis_ball,wood_block,False,,"['view_el30_az135', 'view_el30_az240', 'view_el30_az210']",3,2,True,"[view_el30_az135] The image shows a tennis ball and a wooden block placed on a flat surface. The tennis ball is positioned to the left of the wooden block. The wooden block appears to be a simple, rectangular shape with a flat top and a slightly raised base, which could be used for various purposes, such as a base for a small structure or as a tool for a specific task. The tennis ball is a common object used in the sport of tennis, and it is placed next to the wooden block, suggesting a casual arrangement or perhaps a setup for a game or practice session. The relationship between the two || [view_el30_az240] In the image, there is a tennis ball and a wooden block. The tennis ball is positioned to the right of the wooden block, and it appears to be in motion, as if it has been thrown or is about to be hit by the block. The wooden block is stationary and seems to be placed on a flat surface. The relationship between the two objects suggests a dynamic interaction, possibly indicating a game of tennis or a similar activity where the ball is being used to interact with the block. The block could be used to bounce the ball back or to practice hitting the ball against a solid surface || [view_el30_az210] The image shows a wooden block with a textured surface, likely made of wood, and a tennis ball placed to the right of the block. The tennis ball is not in contact with the wooden block; they are separate objects. The tennis ball is round and has a bright color, while the wooden block has a natural, earthy tone. The block appears to be a simple, three-dimensional object with a flat top and bottom, and the tennis ball is positioned at an angle, not aligned with the block. The background is a plain, light-colored surface, which provides a neutral backdrop that contrasts"
stack5_scene0004,apple,large_clamp,False,,"['view_el30_az240', 'view_el30_az210', 'view_el30_az135', 'view_el30_az195']",4,1,False,"[view_el30_az240] The image shows a red apple and a large clamp, which appears to be a mechanical device used for gripping or holding objects. The apple is positioned to the left of the clamp, and they are both set against a plain background. The apple is a real-life object, while the clamp is a 3D model or a digital representation, suggesting that the image might be from a computer-generated environment or a 3D modeling software. The relationship between the apple and the clamp is that they are both objects in the same space, but they are not interacting with each other in any way that is || [view_el30_az210] In the image provided, there is a red apple and a large clamp. The apple is positioned on the left side of the image, while the clamp is on the right. The clamp appears to be a mechanical device, possibly used for gripping or clamping objects. The apple and the clamp are not directly interacting with each other; they are simply placed in the same space. The apple is a natural, organic object, while the clamp is a man-made, mechanical object. The relationship between them is purely coincidental and does not imply any functional or symbolic connection. || [view_el30_az135] The image shows a red apple and a large clamp, which appears to be a part of a mechanical device or tool. The clamp is positioned to the left of the apple, and it seems to be a component that could be used for gripping or holding objects. The apple is depicted in a realistic style, while the clamp has a more abstract, simplified appearance, suggesting it might be a 3D model or a graphic representation rather than a real object. The relationship between the apple and the clamp is that they are both objects in the same space, but they are not interacting with each other in || [view_el30_az195] In the image provided, there is a red apple and a large clamp. The clamp appears to be a mechanical device, possibly used for securing or holding objects in place. The apple is placed on the ground, and the clamp is positioned above it, suggesting that the clamp is not currently in use and is simply placed there. The relationship between the apple and the clamp is that of an unrelated object and a tool, with no direct interaction or connection between them. The clamp is not being used to hold the apple, and the apple is not being used to operate the clamp. The image is a"
stack5_scene0004,large_clamp,strawberry,False,,"['view_el30_az135', 'view_el30_az195', 'view_el30_az210', 'view_el30_az240']",4,1,False,"[view_el30_az135] The image shows a large clamp, which appears to be a mechanical device, positioned in front of a box of strawberries. The clamp is designed to hold or clamp objects securely, and in this context, it is placed in a way that suggests it might be used to hold or clamp the strawberries. However, the image does not provide any information about the actual relationship between the clamp and the strawberries. It could be a playful or humorous juxtaposition, or it might be part of a demonstration or experiment involving the clamp and the strawberries. The image does not provide enough context to determine the exact relationship or || [view_el30_az195] The image shows a large clamp, which appears to be a mechanical device, positioned above a strawberry. The clamp is designed to hold or clamp objects securely, and in this context, it seems to be in a state of readiness to grasp the strawberry. The strawberry is a small, red, ripe fruit with a green stem and leaves, and it is placed on a plain background. The clamp and the strawberry are the main objects in the image, and their relationship is that of a potential interaction, with the clamp possibly being used to pick or hold the strawberry. || [view_el30_az210] The image shows a large clamp, which appears to be a mechanical device, placed next to a strawberry. The clamp is much larger than the strawberry, indicating a significant size difference between the two objects. The clamp is likely designed for gripping or holding objects, while the strawberry is a small, organic fruit. The relationship between the two is purely a matter of size and scale, with the clamp being an inanimate object and the strawberry being a natural, edible item. || [view_el30_az240] The image shows a large clamp and a strawberry. The clamp appears to be a mechanical device, possibly used for gripping or holding objects, while the strawberry is a natural, organic object. The clamp and the strawberry are not directly related in a functional or biological sense. The clamp is a man-made object, whereas the strawberry is a product of nature. They are simply placed next to each other in the image, which is a still from a video game, as indicated by the graphical style and the presence of a box that might represent an item or a power-up in the game."
stack5_scene0020,softball,tuna_fish_can,False,,"['view_el30_az135', 'view_el30_az195', 'view_el30_az210', 'view_el30_az240']",4,0,False,"[view_el30_az135] The image shows a softball and a can of tuna fish. The softball is a sports ball used in the game of softball, which is similar to baseball but with a larger ball and a shorter pitching distance. The can of tuna fish is a food product, typically used as a source of protein in various dishes. The relationship between the two items is that they are unrelated; the softball is a piece of sports equipment, while the tuna fish can is a food item. They are not connected in any practical or functional way; they are simply two different objects placed next to each other in the image. || [view_el30_az195] The image shows a softball and a can of tuna fish. The softball is a sports ball used in the game of softball, which is similar to baseball but with a larger ball and a shorter pitching distance. The can of tuna fish is a food item, typically used as a source of protein in various dishes. The relationship between the two items is that they are unrelated; the softball is a piece of sports equipment, while the tuna fish can is a food product. They are not connected in any practical or functional way; they are simply two different objects placed next to each other in the image. || [view_el30_az210] The image shows a softball and a can of tuna fish. The softball is positioned in the foreground, appearing larger and more prominent due to its proximity to the viewer. The can of tuna fish is in the background, smaller in size and less detailed, suggesting it is further away from the viewer. The relationship between the two objects is that they are both items commonly found in a sports bag or a gym bag, as the softball is a piece of sports equipment and the tuna fish can is a food item that athletes might carry with them for quick meals or snacks. The image is a simple composition with || [view_el30_az240] The image shows a softball and a can of tuna fish. The softball is prominently displayed in the foreground, with the can of tuna fish in the background. The relationship between the two objects is that they are unrelated. The softball is a piece of sports equipment used in the game of softball, while the can of tuna fish is a food product. They are not connected in any practical or functional way; they are simply placed next to each other in the image."
stack3_scene0019,mug,wood_block,False,,"['view_el30_az240', 'view_el30_az210', 'view_el30_az195', 'view_el30_az135']",4,3,True,"[view_el30_az240] The image shows a red mug placed on a flat surface next to a wooden block. The mug is positioned to the right of the wooden block, which is standing upright. The mug appears to be empty and is facing the viewer directly. The wooden block is a simple, rectangular shape with a smooth finish, and it is placed on a flat surface that could be a table or a similar horizontal surface. The background is minimalistic, with a gradient from light to dark gray, which suggests a focus on the objects without any distractions. The overall scene is simple and straightforward, with no additional context or || [view_el30_az210] The image shows a wooden block with a red object, which appears to be a mug, placed next to it. The mug is positioned on the right side of the wooden block, and they are both on a flat surface. The wooden block is taller than the mug, and they are both in a vertical orientation. The mug is facing the viewer, while the wooden block is facing away, with its back side visible. The relationship between the mug and the wooden block is that of a simple, everyday arrangement, with the mug being a common household item and the wooden block possibly serving as a decorative || [view_el30_az195] The image shows a wooden block with a red object, which appears to be a mug, placed on top of it. The mug is positioned on the right side of the wooden block, and the block is standing on a flat surface. The relationship between the mug and the wooden block is that the mug is resting on the block, suggesting a casual or decorative arrangement. The wooden block provides a base for the mug, and the mug adds a pop of color and a functional element to the composition. || [view_el30_az135] The image shows a wooden block with a red mug placed on top of it. The mug is positioned on the uppermost surface of the block, which is the topmost part of the structure. The block appears to be a simple, rectangular piece of wood, and the mug is a common household item, typically used for holding liquids. The relationship between the mug and the wooden block is that of an object resting on another object, with the mug being the object that is resting on the block."
stack4_scene0019,medium_clamp,strawberry,False,,"['view_el30_az240', 'view_el30_az210', 'view_el30_az195', 'view_el30_az135']",4,0,False,"[view_el30_az240] The image you've provided appears to be a 3D rendering or a digital illustration. It shows a medium clamp, which is a type of clamp used in woodworking to hold objects in place, and a strawberry. The medium clamp is depicted in a realistic style, with a wooden texture and a metallic finish, while the strawberry is shown in a simplified, cartoon-like style with a red color and a smooth surface.  The medium clamp and the strawberry are not related in any practical or real-world sense. The medium clamp is a tool used in woodworking, while the strawberry is a type of fruit. || [view_el30_az210] The image shows a 3D model of a medium clamp, which appears to be a type of clamp used in woodworking or construction to hold objects in place. The clamp is shown in a side view, with its body and head visible. In the background, there is a small, red, spherical object that resembles a strawberry. The strawberry is positioned at a distance from the clamp, and there is no direct interaction between the two objects in the image. The strawberry is simply placed in the scene as a contrasting element to the clamp, providing a pop of color and a different shape to the composition || [view_el30_az195] The image shows a 3D model of a medium clamp and a strawberry. The clamp is positioned on the left side of the image, and the strawberry is on the right. The clamp appears to be a mechanical device, possibly used for gripping or clamping objects, while the strawberry is a natural, organic object. There is no direct interaction between the two objects in the image; they are simply placed next to each other. The clamp and the strawberry are unrelated in terms of their function or purpose; they are just two different items depicted in a 3D rendering. || [view_el30_az135] The image shows a 3D model of a medium clamp, which is a type of clamp used in woodworking to hold objects in place. The clamp is depicted in a realistic wood grain texture, suggesting it is made of wood. In the foreground, there is a 3D model of a strawberry, which appears to be a stylized or cartoonish representation rather than a realistic one. The strawberry is shown with a simple, rounded shape and a green leaf on top, indicating it is not meant to be a detailed or lifelike depiction of a real strawberry. The medium clamp and the"
stack5_scene0011,sponge,wood_block,False,,"['view_el30_az135', 'view_el30_az240', 'view_el30_az210']",3,3,True,"[view_el30_az135] In the image, there is a wooden block and a sponge. The sponge is placed on a surface, and the wooden block is standing upright next to it. The sponge appears to be resting on a flat, possibly metallic, base or stand, which is not visible in the image. The wooden block is positioned to the right of the sponge, and both objects are in a static position relative to each other. The sponge is not interacting with the wooden block; they are simply placed next to each other. || [view_el30_az240] The image shows a wooden block and a sponge. The sponge is placed on the ground, and the wooden block is standing upright next to it. The sponge is not attached to the wooden block; they are separate objects. The sponge is typically used for cleaning or absorbing liquids, while the wooden block could be used for various purposes such as a tool for woodworking, a part of a game, or as a decorative item. The relationship between the two objects is that of two distinct items placed next to each other, with no apparent connection or interaction between them. || [view_el30_az210] The image shows a wooden block with a sponge attached to it. The sponge appears to be secured to the block, likely for the purpose of cleaning or wiping surfaces. The wooden block is placed on a flat surface, and there are other objects in the background, but the focus is on the sponge and the block. The sponge is typically used for its absorbent properties, which would be useful for cleaning up spills or wiping down surfaces. The wooden block provides a stable base for the sponge, making it easier to handle and use."
stack4_scene0010,lemon,master_chef_can,False,,"['view_el30_az135', 'view_el30_az240']",2,0,False,"[view_el30_az135] The image shows a lemon and a can of coffee. The lemon is positioned in the foreground, appearing larger due to its proximity to the viewer. The can of coffee is in the background, appearing smaller due to its distance from the viewer. The lemon is facing the viewer, while the can of coffee is facing away, with its label facing the viewer. The lemon is on the left side of the image, and the can of coffee is on the right side. The lemon is in the foreground, and the can of coffee is in the background. The lemon is facing the viewer, and the || [view_el30_az240] The image shows a can of ""Master Chef"" coffee, which is placed in front of a lemon. The lemon is positioned to the right of the coffee can, and it appears to be slightly out of focus, giving the impression that it is in the background. The lemon is yellow, and its position relative to the coffee can suggests that it is not directly related to the coffee can; they are simply placed next to each other in the image. The lemon is a citrus fruit, while the coffee can is a product containing coffee grounds. The relationship between the two is that of a still life"
stack5_scene0013,sponge,sugar_box,False,,"['view_el30_az135', 'view_el30_az195', 'view_el30_az210', 'view_el30_az240']",4,4,True,"[view_el30_az135] The image shows a 3D rendering of a sugar box and a sponge. The sugar box is positioned to the left of the sponge, and they are both placed on a flat surface. The sugar box is standing upright, while the sponge is lying flat. The sugar box appears to be a product of Domino Sugar, as indicated by the branding on the box. The sponge is placed to the right of the sugar box, and they are both in a clear, well-lit environment. The relationship between the two objects is that they are placed next to each other, with the sponge being a || [view_el30_az195] In the image, there is a box of Domino Sugar placed on top of a sponge. The sponge is positioned on a flat surface, which appears to be a table or a similar horizontal surface. The box of Domino Sugar is standing upright, with its label facing forward, and the sponge is supporting it from below. The sponge is likely used to provide a stable base for the sugar box, preventing it from slipping or falling. The relationship between the sponge and the sugar box is that of a support system, with the sponge acting as a cushion or a barrier to keep the box in place. || [view_el30_az210] In the image, there is a yellow sponge placed on a white surface next to a box of Domino Sugar. The sponge and the sugar box are not directly related; they are simply placed next to each other on the table. The sponge is likely there for cleaning or drying purposes, while the sugar box is a product for sweetening food or beverages. The arrangement of these items suggests a casual setting, perhaps a kitchen or a place where someone is preparing to cook or bake. || [view_el30_az240] In the image provided, there is a sponge and a box of Domino sugar. The sponge is placed on the left side of the image, and the Domino sugar box is on the right side. The sponge appears to be a kitchen or cleaning sponge, typically used for wiping surfaces. The Domino sugar box is a product used for sweetening food and beverages. The two items are unrelated in terms of their function or purpose; they are simply placed next to each other in the image."
stack5_scene0019,bowl,cracker_box,False,,"['view_el30_az135', 'view_el30_az240', 'view_el30_az210', 'view_el30_az195']",4,3,True,"[view_el30_az135] The image shows a red bowl and a box of Cheez-It crackers. The bowl is placed to the left of the box, and both items are on a flat surface. The bowl appears to be empty, and the box of crackers is standing upright, with its label facing the viewer. The box is designed to be visually appealing with its bright colors and images of crackers, suggesting that it is a product meant to be consumed. The bowl, on the other hand, is a container typically used for holding food or liquid. The relationship between the two items could be that the bowl is used || [view_el30_az240] In the image, there is a red cracker box with the text ""Cheez-It"" prominently displayed, suggesting that it contains cheese-flavored crackers. The box is standing upright on a flat surface, and there is a red bowl placed next to it. The bowl appears to be empty and is positioned to the right of the cracker box. The relationship between the bowl and the cracker box is that they are both objects placed on the same surface, likely in a setting where someone might be preparing to eat or serve snacks. The bowl could potentially be used to hold a dip or || [view_el30_az210] The image shows a box of Cheez-It crackers and a box of Domino sugar. The Cheez-It box is standing upright on a flat surface, and the Domino sugar box is lying on its side next to the Cheez-It box. The Cheez-It box is in the foreground, and the Domino sugar box is in the background. The two items are not directly related; they are simply placed next to each other in the image. The Cheez-It box is a food product, while the Domino sugar box is a container of sugar, which is a non-food || [view_el30_az195] The image shows a box of Cheez-It crackers, which is a brand of cheese-flavored crackers. The box is designed to be visually appealing and informative, with images of the crackers and text that describes the product. The box is placed on a surface, and there is a bowl in the foreground, which appears to be empty. The bowl and the cracker box are not directly related; they are simply objects in the same space. The bowl could be used to hold the crackers, but it is not a part of the product itself. The relationship between the bowl and the cracker"
stack5_scene0006,extra_large_clamp,tennis_ball,False,,"['view_el30_az240', 'view_el30_az135', 'view_el30_az210', 'view_el30_az195']",4,0,False,"[view_el30_az240] The image shows an extra large clamp and a tennis ball. The clamp appears to be a tool used for gripping or holding objects, and it is significantly larger than a standard clamp, suggesting it might be designed for heavy-duty use or for a specific application where a larger grip is required. The tennis ball is a common object used in sports, particularly tennis, and is much smaller in size compared to the clamp. The relationship between the two objects is that they are unrelated in terms of their typical uses or contexts. The clamp is a tool, while the tennis ball is a piece of sports equipment. || [view_el30_az135] The image shows a 3D rendering of an extra large clamp with a tennis ball in the background. The clamp appears to be a mechanical device with a large opening and a smaller opening, possibly for securing or gripping objects. The tennis ball is depicted in a smaller scale compared to the clamp, emphasizing the size difference between the two objects. The tennis ball is shown in a way that suggests it is being held or manipulated by the clamp, which is not possible in reality due to the scale difference. The image is likely meant to demonstrate the size of the clamp in comparison to a common object, || [view_el30_az210] The image shows a 3D rendering of an extra large clamp with a tennis ball in the background. The clamp appears to be a tool designed for gripping or holding objects, possibly for industrial or mechanical purposes. The tennis ball is depicted as a small, round object with a yellow surface and a visible seam, which is characteristic of a tennis ball. The relationship between the extra large clamp and the tennis ball is that they are two separate objects placed in the same virtual space, likely for the purpose of demonstrating the size difference between the two items. The tennis ball is much smaller than the clamp, || [view_el30_az195] The image shows a 3D rendering of an extra large clamp with a tennis ball in the background. The clamp appears to be a tool designed for gripping or holding objects, possibly for industrial or mechanical purposes. The tennis ball is placed to the right of the clamp, and it is much smaller in size compared to the clamp. The relationship between the two objects is that they are unrelated in terms of their function or purpose. The tennis ball is a recreational item, while the clamp is a tool typically used in a work or industrial setting. The image is likely meant to show the scale difference between"
stack5_scene0012,gelatin_box,phillips_screwdriver,False,,"['view_el30_az195', 'view_el30_az210', 'view_el30_az240', 'view_el30_az135']",4,0,False,"[view_el30_az195] The image shows a gelatin box and a Phillips screwdriver. The gelatin box is a consumer product, typically used for food preparation, while the Phillips screwdriver is a tool used for fastening or loosening screws. The relationship between the two items is that they are unrelated in terms of their purpose or function. The gelatin box is a food item, and the screwdriver is a tool, and they are not connected in any practical or logical way. They are simply two different objects that happen to be in the same image. || [view_el30_az210] The image shows a gelatin box and a Phillips screwdriver. The gelatin box is a consumer product, typically used for food preparation, while the Phillips screwdriver is a tool used for fastening or loosening screws. The relationship between the two items is that they are unrelated in terms of their purpose or function. The gelatin box is a food item, and the screwdriver is a tool, and they are not connected in any practical or logical way. They are simply two different objects placed next to each other in the image. || [view_el30_az240] The image shows a gelatin box and a Phillips screwdriver. The gelatin box is a consumer product, typically used for food preparation, while the Phillips screwdriver is a tool used for fastening or loosening screws. The relationship between the two items is that they are unrelated in terms of their purpose or function. The gelatin box is a food item, and the screwdriver is a tool, and they are not connected in any practical or logical way. They are simply two different objects placed next to each other in the image. || [view_el30_az135] The image shows a gelatin box and a Phillips screwdriver. The gelatin box is a consumer product, typically used for food preparation, while the Phillips screwdriver is a tool used for fastening or loosening screws. The relationship between the two items is that they are unrelated in terms of their purpose or function. The gelatin box is a food item, and the screwdriver is a tool, and they are not connected in any practical or logical way. They are simply two different objects placed next to each other in the image."
stack4_scene0013,cracker_box,cups,False,,"['view_el30_az135', 'view_el30_az240']",2,2,True,"[view_el30_az135] The image shows a box of Cheez-It crackers and two green cups. The box is standing upright on a flat surface, and the cups are placed on the ground in front of the box. The cups appear to be empty and are positioned at an angle, with one cup closer to the box than the other. The relationship between the cracker box and the cups is that they are both objects placed in a scene, likely for a purpose such as a still life composition or a product display. The cups are not directly related to the cracker box; they are simply placed in the same || [view_el30_az240] In the image, there is a box of Cheez-It crackers on a table, and two cups are placed next to it. The cups appear to be empty and are positioned on the right side of the box. The relationship between the cracker box and the cups is that they are both objects placed on a surface, likely a table or a countertop, and they are in close proximity to each other. The cups are not directly related to the cracker box; they are simply placed next to it, possibly for a meal or snack setup."
stack5_scene0018,cups,tomato_soup_can,False,,"['view_el30_az240', 'view_el30_az210', 'view_el30_az195']",3,2,True,"[view_el30_az240] The image shows a 3D rendering of a yellow cup and a can of tomato soup. The cup is placed to the right of the can, and both objects are on a flat surface. The can appears to be a standard cylindrical can with a label, and the cup is a simple, cylindrical container with a flat bottom. The relationship between the two objects is that they are both containers, but they serve different purposes. The can is designed to hold liquid, such as tomato soup, while the cup is typically used for drinking beverages. The can is likely made of metal, while the cup || [view_el30_az210] In the image, there is a can of tomato soup and a yellow cup. The can of tomato soup is placed on a red box, which is likely the packaging for the soup. The yellow cup is placed next to the can of tomato soup. The relationship between the two objects is that they are both items that can be used for holding liquids, but they serve different purposes. The can of tomato soup is a container for the soup itself, while the yellow cup is a separate container that can be used to hold liquids such as water, juice, or other beverages. The red box under the || [view_el30_az195] The image shows a can of tomato soup and a yellow cup. The can is placed on top of a red box, which is likely the packaging for the tomato soup. The yellow cup is positioned next to the can, but there is no direct interaction between the two objects. They are simply placed in the same space, possibly for a visual comparison or to suggest that the cup could be used to serve the soup. The relationship between the two objects is that of a product and a container, with the cup being a container that could be used to hold the soup."
stack5_scene0018,cups,rubiks_cube,False,,"['view_el30_az240', 'view_el30_az210', 'view_el30_az195']",3,0,False,"[view_el30_az240] The image you've provided shows a Rubik's Cube, which is a 3D puzzle that consists of a 3x3 matrix of smaller cubes, each of which can be turned independently. The puzzle is known for its challenging nature, as it requires a series of rotations to align the colors on each face to a single color.  The yellow cup in the image is not directly related to the Rubik's Cube. It appears to be a simple, cylindrical object, possibly a toy or a container. The red and yellow Rubik's Cube is a toy that is often used as a || [view_el30_az210] The image shows a Rubik's Cube and a cup. The Rubik's Cube is a three-dimensional puzzle that consists of a 3x3 matrix of smaller cubes, each of which can be turned independently. The objective is to rotate the cube so that each of the six faces is a solid color, usually by aligning the colors on each face to a single color.  The cup in the image is a simple, cylindrical object with a handle on one side. It is not directly related to the Rubik's Cube in terms of its function or purpose. The cup and the Rubik || [view_el30_az195] The image shows a Rubik's Cube and a cup. The Rubik's Cube is a three-dimensional puzzle that consists of a 3x3 matrix of smaller cubes, each of which can be turned independently. The objective is to rotate the cube so that each of the six faces is a solid color, usually by aligning the colors on each face to a single color.  The cup in the image is a simple, cylindrical object with a handle on one side. It is not directly related to the Rubik's Cube in terms of its function or purpose. The cup and the Rubik"
stack4_scene0006,cups,gelatin_box,False,,"['view_el30_az210', 'view_el30_az135', 'view_el30_az195', 'view_el30_az240']",4,4,True,"[view_el30_az210] The image shows a 3D rendering of a cup and a gelatin box. The cup appears to be a simple, cylindrical container with a flat base, and it is placed on top of the gelatin box. The gelatin box is a rectangular container with a red label, and it seems to be a product packaging, likely for gelatin, given the context. The cup and the gelatin box are not directly related in terms of their function or purpose; they are simply depicted in the same 3D space, with the cup placed on top of the box. The relationship between || [view_el30_az135] In the image, there is a can of ""Campbell's Tomato Soup"" placed on top of a red gelatin box. The gelatin box is positioned to the left of the can. To the right of the can, there is an orange cup. The cup and the gelatin box are not directly related; they are simply placed in the same scene. The cup is likely there to represent a container for a beverage, while the gelatin box is a food item, and the can of soup is a packaged food product. The arrangement of these items suggests a setting where someone might be || [view_el30_az195] The image shows a 3D rendering of a cup and a gelatin box. The cup appears to be a simple, cylindrical container with a flat bottom and a slightly tapered top. It is positioned to the right of the gelatin box. The gelatin box is depicted with a red label and a white background, which is typical for commercial packaging of gelatin products. The box is standing upright, and the cup is placed on top of it, suggesting a relationship between the two objects, possibly indicating that the cup is being used to hold a product, such as a gelatin-based dessert || [view_el30_az240] In the image provided, there is a cup and a gelatin box. The cup appears to be a simple, cylindrical container with a flat base, likely made of plastic or ceramic. It is placed on a flat surface, and there is a small amount of what looks like a red substance inside it, which could be a liquid or a gel.  The gelatin box is a rectangular container with a red label, suggesting it contains gelatin, which is a common ingredient used in desserts and other food products. The box is placed on a flat surface, and there is a small amount of gel"
stack4_scene0019,medium_clamp,wood_block,False,,"['view_el30_az240', 'view_el30_az210', 'view_el30_az195', 'view_el30_az135']",4,4,True,"[view_el30_az240] In the image, there is a medium clamp placed on top of a wooden block. The clamp appears to be a tool used for holding objects in place, possibly for woodworking or other tasks that require a secure grip. The wooden block serves as a base or support for the clamp, providing a stable surface for it to rest on. The clamp is positioned in such a way that it is ready to be used, with its jaws open and ready to close around an object. The background is a simple, plain surface, which suggests that the focus is on the clamp and the block, and there are || [view_el30_az210] In the image provided, there is a wooden block with a blue cube on top of it. The wooden block appears to be resting on a flat surface, which could be a table or a similar horizontal surface. There is also a red object that looks like a medium clamp or a clamp-like tool lying on the ground next to the wooden block. The medium clamp is not directly interacting with the wooden block; it is simply placed beside it. The relationship between the medium clamp and the wooden block is that of two separate objects placed in the same space, with no apparent connection or interaction between them. || [view_el30_az195] In the image provided, there is a wooden block with a blue cube on top of it. To the right of the wooden block, there is a black clamp with a red handle. The clamp appears to be a medium clamp, which is typically used to hold objects in place or to secure them to a surface. The clamp is not directly attached to the wooden block; it is placed separately on the same surface. The relationship between the medium clamp and the wooden block is that they are both objects placed on a surface, likely a table or a similar flat surface, and they are not interacting with || [view_el30_az135] The image shows a wooden block with a blue cube on top of it. The wooden block appears to be a medium clamp, which is a type of clamp used in woodworking and other crafts to hold objects in place. The clamp is designed to apply pressure to the object it's holding, ensuring it stays in place during a process like gluing, drying, or shaping. The blue cube on top of the clamp is likely a wedge or a similar tool used to apply additional pressure or to help hold the object in place. The clamp and the wedge are both tools used to secure objects during various tasks"
stack4_scene0004,rubiks_cube,wood_block,False,,"['view_el30_az135', 'view_el30_az195', 'view_el30_az210', 'view_el30_az240']",4,2,True,"[view_el30_az135] In the image, there is a Rubik's Cube placed on top of a wooden block. The wooden block appears to be a simple, flat piece of wood with a smooth surface. The Rubik's Cube is resting on the block, and it seems to be in a solved state, with all the colors aligned. The wooden block is likely being used as a stand or support to keep the cube upright and stable, possibly for display or to prevent it from rolling away. The background is a plain, neutral color, which helps to focus attention on the cube and the block. || [view_el30_az195] The image shows a Rubik's Cube and a wooden block placed on top of it. The wooden block appears to be resting on the top surface of the Rubik's Cube, which is a three-dimensional puzzle that can be rotated and rearranged to align the colors on each of its six faces to create a solid color. The wooden block is not part of the Rubik's Cube; it is an external object placed on top of it. The relationship between the two objects is that of a physical interaction, with the wooden block being in contact with the Rubik's Cube. || [view_el30_az210] The image shows a Rubik's Cube and a wooden block that appears to be a part of a 3D printer or a similar device. The Rubik's Cube is a classic 3D puzzle that requires the manipulation of its six faces to align the colors on each side to a single color. The wooden block, on the other hand, seems to be a part of a 3D printer, which is a device used to create three-dimensional objects from digital designs. The printer's block is likely a component that helps to secure the print bed or to hold the print head in place || [view_el30_az240] The image shows a Rubik's Cube and a wooden block. The Rubik's Cube is a three-dimensional puzzle that consists of a 3x3 matrix of smaller cubes, each of which can be turned independently to create a scrambled cube. The goal is to align the colors on each face of the cube to a single color (usually white, yellow, red, blue, or green) by rotating the smaller cubes.  The wooden block, on the other hand, appears to be a simple, unadorned piece of wood with a flat top and a cylindrical base. It is not"
stack5_scene0018,golf_ball,tomato_soup_can,False,,"['view_el30_az135', 'view_el30_az195', 'view_el30_az210', 'view_el30_az240']",4,1,False,"[view_el30_az135] The image shows a can of ""Campbells Tomato Soup"" placed on top of a box of the same product. In the foreground, there is a golf ball. The golf ball is not directly related to the tomato soup can or the box; they are simply objects in the same space. The golf ball is placed in the lower left corner of the image, while the tomato soup can and box are in the upper right corner. The objects are unrelated to each other; the golf ball is a sports item, and the tomato soup can is a food product. || [view_el30_az195] In the image, there is a golf ball positioned in the lower left corner, and a can of tomato soup is placed in the upper right corner. The golf ball and the can are not directly related to each other; they are simply two separate objects in a virtual environment. The golf ball is a common object used in the sport of golf, while the can of tomato soup is a food item. The image appears to be a 3D rendering or a screenshot from a video game, where these objects are placed in a virtual space. || [view_el30_az210] In the image, there is a golf ball and a can of tomato soup. The golf ball is positioned in the lower left corner, while the can of tomato soup is in the upper right corner. The golf ball is smaller in size compared to the can of tomato soup. The golf ball appears to be in the foreground, while the can is in the background. The can is standing upright on a surface, while the golf ball is not in contact with any surface. The image is a 3D rendering, as indicated by the shading and lighting, which gives the scene a realistic appearance. || [view_el30_az240] In the image, there is a golf ball and a can of tomato soup. The golf ball is positioned in the upper left corner, appearing to be in motion, as if it has been thrown or is about to be hit. The can of tomato soup is placed in the lower right corner, standing upright on a red surface. The can is labeled with the brand ""Campbell's"" and features an image of a bowl of soup. The two objects are unrelated in a real-world context; the golf ball is a sports item, while the can of tomato soup is a food product. The"
stack4_scene0007,sponge,tomato_soup_can,False,,"['view_el30_az210', 'view_el30_az195', 'view_el30_az240', 'view_el30_az135']",4,4,True,"[view_el30_az210] The image shows a box of Domino Sugar and a can of tomato soup. The box of Domino Sugar is standing upright on a sponge, which is placed on the ground. The can of tomato soup is lying flat on the ground next to the box of Domino Sugar. The sponge is likely used to provide stability for the box of sugar, preventing it from tipping over. The tomato soup can is not interacting with the sponge; it is simply placed next to the box of sugar. The arrangement suggests a casual setting, perhaps someone has placed the items there for convenience or to keep them from rolling around. || [view_el30_az195] The image shows a box of Domino Sugar and a can of tomato soup. The box of Domino Sugar is standing upright on a sponge, which is placed on a flat surface. The can of tomato soup is placed next to the box of Domino Sugar. The sponge is likely used to provide a stable base for the box of sugar, preventing it from tipping over. The tomato soup can is not directly interacting with the sponge; it is simply placed beside the box of sugar. The arrangement suggests a casual setting, perhaps a kitchen or a place where food is prepared or consumed. || [view_el30_az240] In the image, there is a yellow sponge with a blue label on it, which appears to be a cleaning product, placed on a green surface. Next to the sponge, there is a can of tomato soup. The can is red and white with a label that includes an image of a tomato and some text, which is typical for a product packaging. The sponge and the can are not directly related; they are simply placed next to each other in the image. The sponge is likely used for cleaning purposes, while the can of tomato soup is a food item. || [view_el30_az135] The image shows a can of tomato soup from the brand Campbell's, placed next to a box of Domino Sugar. The box of Domino Sugar is standing on a sponge, which is likely used to provide stability and prevent the box from slipping or tipping over. The sponge is placed on a flat surface, and the tomato soup can is positioned beside it. The relationship between the sponge and the tomato soup can is that the sponge is used to support the Domino Sugar box, while the tomato soup can is a separate item placed next to the box."
stack5_scene0019,bowl,orange,False,,"['view_el30_az135', 'view_el30_az240', 'view_el30_az210', 'view_el30_az195']",4,1,False,"[view_el30_az135] The image shows a red bowl and an orange. The bowl is positioned above the orange, suggesting that the bowl is either being used to hold the orange or is simply placed there for a moment. The orange is on a flat surface, and the bowl is resting on top of it, indicating that the bowl is not currently in use for holding the orange. The bowl and the orange are separate objects, and there is no direct interaction between them visible in this image. || [view_el30_az240] The image shows a red bowl and an orange. The bowl is positioned in the foreground, appearing larger and closer to the viewer. The orange is in the background, appearing smaller and further away. The bowl and the orange are not interacting with each other; they are simply placed in the same space, with the bowl in the foreground and the orange in the background. The bowl is a three-dimensional object, while the orange is a two-dimensional representation, likely a graphic or a sticker, given its flat appearance. || [view_el30_az210] The image shows a box of cereal with a picture of an orange on the side. The orange is depicted as a separate object, not directly related to the cereal itself. The orange is likely included as a visual element to suggest that the cereal is a healthy choice, as oranges are a good source of vitamin C and fiber. The relationship between the bowl of cereal and the orange is that they are both part of a meal or snack, but they are not directly connected in terms of their composition or taste. The orange is a fruit, while the cereal is a processed food. || [view_el30_az195] The image shows a box of ""Real"" cheese slices, with various types of cheese slices depicted on the packaging. There is an orange object in the foreground, which appears to be a ball or a spherical object, possibly a toy or a decorative item. The relationship between the bowl and the orange is that they are both objects in the image, but they are not directly related to each other. The bowl is likely a part of the packaging design, while the orange is a separate item in the scene. The bowl is used to hold the cheese slices, while the orange is not related to the"
stack5_scene0012,gelatin_box,plum,False,,"['view_el30_az135', 'view_el30_az240', 'view_el30_az195', 'view_el30_az210']",4,2,True,"[view_el30_az135] The image shows a gelatin box and a plum. The gelatin box is a red container with a blue lid, and it appears to be a product used for making desserts or snacks. The plum is a purple fruit with a smooth skin, and it is placed next to the gelatin box. The relationship between the gelatin box and the plum is that they are both objects in the same space, but they are not directly related to each other in terms of their function or purpose. The gelatin box is likely used for culinary purposes, while the plum is a natural food item. They || [view_el30_az240] The image shows a gelatin box with a blue cube on top of it and two spherical objects in the background. One of the spheres appears to be a plum, which is a type of fruit, while the other sphere is a different color and could be a different type of object. The gelatin box and the plum are not directly related; they are simply placed in the same virtual space. The gelatin box is a product used to make gelatin desserts, while the plum is a natural food item. The relationship between them is that they are both objects in a 3D environment, || [view_el30_az195] The image shows a gelatin box and a plum. The gelatin box is positioned in the foreground, and the plum is in the background. The gelatin box is a three-dimensional object with a red and white color scheme, and it appears to be a product packaging. The plum, on the other hand, is a three-dimensional representation of a fruit, colored in shades of purple, and it is positioned slightly above and to the left of the gelatin box. The plum is not interacting with the gelatin box; they are simply placed in the same virtual space, likely within a || [view_el30_az210] The image shows a gelatin box and a plum. The gelatin box is a product used to make gelatin desserts, such as jello, and it is placed on a flat surface. The plum is a fruit that is not directly related to the gelatin box. They are both objects in the image, but they are not connected in any way; they are simply placed next to each other. The plum is a natural food item, while the gelatin box is a packaged food product."
stack5_scene0006,sugar_box,tennis_ball,False,,"['view_el30_az240', 'view_el30_az135', 'view_el30_az210', 'view_el30_az195']",4,1,False,"[view_el30_az240] In the image, there is a box of Domino Sugar positioned in the foreground, with a tennis ball in the background. The tennis ball is slightly out of focus, which gives a sense of depth to the image. The box of sugar is in sharp focus, indicating it is closer to the viewer. The tennis ball appears to be in motion, as if it has been thrown or is about to be thrown, suggesting an action or activity related to the sport of tennis. The relationship between the two objects is that of a real-life scenario where someone might be preparing to play tennis and has a box || [view_el30_az135] The image shows a box of Domino Sugar and a tennis ball. The box is standing upright, and the tennis ball is positioned in the foreground, slightly to the left of the box. The tennis ball is not interacting with the sugar box; they are simply placed next to each other in the image. The tennis ball is a common object used in sports, while the sugar box is a product used for cooking and baking. The relationship between the two objects is that of a random arrangement, with no direct connection or interaction between them. || [view_el30_az210] In the image, there is a box of Domino Sugar placed on a surface, and a tennis ball is positioned in the background. The box and the tennis ball are not directly related; they are simply objects in the same space. The box is a product used for sweetening food and beverages, while the tennis ball is a piece of sports equipment used in the game of tennis. The image is a 3D rendering, which suggests it might be from a video game or a simulation where these objects are part of a virtual environment. || [view_el30_az195] The image shows a 3D rendering of a Domino Sugar box with a tennis ball placed next to it. The tennis ball is positioned to the right of the sugar box, slightly overlapping it. The tennis ball is not interacting with the sugar box; they are simply placed in the same space, likely for the purpose of creating a scene or a still life composition. The relationship between the two objects is that of a simple coexistence in a virtual environment, with no implied action or interaction between them."
stack5_scene0001,cracker_box,flat_screwdriver,False,,"['view_el30_az210', 'view_el30_az135', 'view_el30_az195', 'view_el30_az240']",4,3,True,"[view_el30_az210] The image shows a box of Cheez-It crackers with a flat screwdriver placed next to it. The relationship between the two objects is that they are unrelated. The Cheez-It box is a consumer product, typically found in a pantry or on a kitchen counter, while the flat screwdriver is a tool, commonly used for various tasks such as tightening screws, opening packages, or other small repairs. The juxtaposition of these two items is likely for humorous or illustrative purposes, as it's not a typical combination you would find in a real-life setting. || [view_el30_az135] The image shows a box of Cheez-It crackers and a flat screwdriver. The box of crackers is standing upright on a flat surface, and the screwdriver is lying on its side next to the box. The screwdriver is not related to the crackers; it's just placed there in the same scene. The relationship between the two objects is purely coincidental and does not imply any connection or interaction between them. The screwdriver is a tool, and the crackers are a food product. || [view_el30_az195] The image shows a box of Cheez-It crackers with a flat screwdriver placed on top of it. The relationship between the cracker box and the flat screwdriver is that of a juxtaposition. The cracker box is a consumer product, typically found in a kitchen or pantry, while the flat screwdriver is a tool, commonly used for various tasks such as tightening screws or opening packages. The combination of these two items in the same image creates a humorous or unexpected contrast, as they are not typically associated with each other in a practical sense. The flat screwdriver is not a typical || [view_el30_az240] The image shows a cracker box labeled ""Cheez-It"" and a can labeled ""Master Chef."" The cracker box is standing upright, and there is a flat screwdriver placed on top of it. The screwdriver is not directly related to the cracker box; it's simply placed there, possibly for a demonstration or as part of a setup for a video or a photograph. The relationship between the cracker box and the screwdriver is incidental and does not imply any functional or logical connection between the two items."
stack4_scene0014,pitcher_base,sugar_box,False,,"['view_el30_az135', 'view_el30_az195', 'view_el30_az240', 'view_el30_az210']",4,1,False,"[view_el30_az135] The image shows a blue pitcher and a box of Domino Sugar. The pitcher is placed on the right side of the image, and the sugar box is on the left. The pitcher is a three-dimensional object, likely a model or a 3D rendering, while the sugar box appears to be a real-life product. The sugar box is standing upright, and the pitcher is positioned horizontally, suggesting that they are not directly related in terms of their physical arrangement. The relationship between the two objects is that they are both items commonly found in a kitchen or a setting where sugar is used, but they || [view_el30_az195] The image shows a blue plastic pitcher base on the left and a box of Domino Sugar on the right. The pitcher base is a plastic container designed to hold a pitcher, which is typically used for dispensing beverages. The Domino Sugar box is a product packaging for sugar, which is a common ingredient used in various recipes and beverages. The two items are placed next to each other on a flat surface, suggesting they are part of a setting where someone might be preparing a drink or a meal that requires both a pitcher for serving and sugar for sweetening. The relationship between the two items is that they || [view_el30_az240] The image shows a blue pitcher base on the left and a box of Domino sugar on the right. The pitcher base appears to be a separate component from the sugar box, as they are not connected or integrated in any way. The pitcher base is a standalone object, while the sugar box is a product that contains sugar. The two items are placed next to each other on a flat surface, suggesting they are placed there for use or display. The relationship between the two items is that of a product and its packaging, with the pitcher base being a product that can be used for holding liquid, and || [view_el30_az210] The image shows a 3D rendering of a blue pitcher base with a lid that appears to be slightly askew or damaged. There is no visible sugar box in the image. The pitcher base is a standalone object, and there is no direct relationship between it and a sugar box depicted in the image. The image focuses on the pitcher base, and there is no context provided for any other objects or their relationship."
stack5_scene0003,peach,sponge,False,,"['view_el30_az240', 'view_el30_az210', 'view_el30_az195', 'view_el30_az135']",4,0,False,"[view_el30_az240] The image you've provided appears to be a 3D rendering or a digital illustration of various objects. There is a peach, a sponge, and a blue cube. The peach and the sponge are not directly related in a physical sense; they are two different objects with different properties and uses. The peach is a type of fruit, while the sponge is a porous material typically used for cleaning or absorbing liquids. The blue cube is a geometric shape, and it is not related to either the peach or the sponge in a physical sense. The relationship between these objects is purely as a collection of items || [view_el30_az210] The image shows a peach and a sponge. The peach is a type of fruit, while the sponge is a porous, absorbent material typically used for cleaning or as a bath sponge. They are unrelated in terms of their properties or functions; the peach is organic and edible, while the sponge is inorganic and used for cleaning purposes. The image is a simple representation of two objects that are not related to each other in any practical or scientific sense. || [view_el30_az195] The image shows a peach and a sponge. The peach is a type of fruit, while the sponge is a porous, absorbent material. They are unrelated in terms of their nature or function. The peach is organic and edible, while the sponge is inorganic and typically used for cleaning or absorbing liquids. The image is a simple representation of two different objects, one natural and one man-made. || [view_el30_az135] The image shows a peach and a sponge. The peach is a type of fruit, while the sponge is a porous, absorbent material typically used for cleaning or drying. They are unrelated in terms of their properties or functions. The peach is organic and edible, while the sponge is inorganic and used for practical purposes."
stack5_scene0008,cups,tuna_fish_can,False,,"['view_el30_az195', 'view_el30_az135', 'view_el30_az210', 'view_el30_az240']",4,1,False,"[view_el30_az195] The image shows a 3D rendering of a cylindrical object that appears to be a cup, placed next to a cylindrical object that looks like a can of tuna fish. The cup is positioned to the left of the can, and they are both standing upright on a flat surface. The cup is orange, while the can is blue and white, with text and labels that are typical for a can of tuna. The relationship between the two objects is that of a product and its packaging. The cup is a product, and the can is its packaging, designed to hold and protect the product during storage || [view_el30_az135] The image shows a can of ""Tomato Soup"" placed on top of a can of ""StarKist"" brand ""Tuna Fish."" The relationship between these two items is that they are both food products, but they serve different purposes in a meal. The can of tomato soup is a liquid food item, typically used as a base for soups or as a side dish. The can of tuna fish is a source of protein, often used in sandwiches, salads, or as a topping for other dishes. They are not directly related in terms of taste or texture but can be used together || [view_el30_az210] The image shows a 3D model of a cup and a can of tuna. The cup appears to be a simple, cylindrical object with a handle, possibly a mug or a cup designed for holding liquids. The can of tuna is standing upright, with its label facing the viewer. The label on the can is partially visible, but it's clear that it is a product of the brand ""BONITA,"" which is a well-known brand for canned tuna. The relationship between the two objects is that they are unrelated in terms of their function or purpose. The cup is typically used for holding || [view_el30_az240] The image shows a 3D model of a cup and a can of tuna. The cup appears to be a simple, cylindrical object with a handle, possibly a mug or a cup designed for holding liquids. The can of tuna is standing upright, with its label facing outward, showing that it is a product of canned fish, likely tuna. The relationship between the two objects is that they are unrelated in terms of their function or purpose. The cup is typically used for holding beverages, while the can of tuna is a food product. They are placed next to each other in the image, but"
stack5_scene0017,master_chef_can,padlock,False,,"['view_el30_az240', 'view_el30_az210', 'view_el30_az195', 'view_el30_az135']",4,4,True,"[view_el30_az240] In the image, there is a can of ""Master Chef"" coffee and a padlock. The can is placed on the left side of the image, and the padlock is on the right side. The padlock is not directly related to the coffee can; they are two separate objects. The padlock is typically used for securing doors or containers, while the coffee can is a product used for making coffee. The image does not depict any interaction between the two objects; they are simply placed next to each other in a virtual environment. || [view_el30_az210] In the image, there is a can of ""Master Chef"" coffee and a padlock. The padlock is placed on the coffee can, suggesting a connection between the two objects. It could imply that the padlock is used to secure the coffee can, perhaps to prevent theft or to keep the contents of the can safe from contamination. The padlock is locked, indicating that the coffee can is currently secured. The image does not provide any additional context or information about the relationship between the coffee can and the padlock beyond this visual representation. || [view_el30_az195] In the image, there is a can of Master Coffee and a padlock. The can is placed on a surface, and the padlock is lying on the ground next to it. The relationship between the two objects is that they are unrelated. The coffee can is a consumer product, while the padlock is a security device used to lock doors or containers. They are not connected in any practical or logical sense; they are simply placed next to each other in the image. || [view_el30_az135] In the image, there is a blue cylindrical object labeled ""Nestea Coffee"" with a small blue cube on top of it. To the right of the coffee can, there is a padlock with a blue body and a silver lock mechanism. The padlock is not attached to the coffee can; it is a separate object in the scene. The relationship between the two objects is that they are both depicted in a 3D rendering, suggesting they might be part of a product display or a digital model for some purpose. The padlock is not interacting with the coffee can; it is"
stack5_scene0007,apple,sugar_box,False,,"['view_el30_az240', 'view_el30_az135', 'view_el30_az210']",3,1,False,"[view_el30_az240] The image shows a box of Domino Sugar and two apples. The box of Domino Sugar is placed in the foreground, while the apples are positioned in the background. The apples are not directly interacting with the sugar box; they are simply placed in the same space, suggesting a casual arrangement. The relationship between the apple and the sugar box is that of a common household setting where food items are stored and consumed. The apples are a natural food item, while the Domino Sugar is a processed sugar product. The apples are not related to the sugar box in any specific way; they are just placed together in || [view_el30_az135] In the image, there is a red apple placed on top of a blue can of ""Darkist"" which appears to be a can of soda. To the right of the apple, there is a box of Domino Sugar. The apple and the sugar box are not directly related in terms of their relationship; they are simply placed next to each other in the image. The apple is a fruit, while the sugar box is a container of sugar, which is a common ingredient in many recipes, including those that might involve apples. The can of soda under the apple is a beverage that might be consumed || [view_el30_az210] The image shows a box of Domino Sugar, which is placed in front of a red apple. The box and the apple are both objects in the image, but they are not directly related to each other in terms of their relationship. The box is a product, and the apple is a fruit. They are simply placed next to each other in the image, suggesting a casual arrangement, perhaps for a visual comparison or to indicate that the sugar can be used in recipes that might include apples. The box and the apple are not interacting with each other; they are static objects in the image."
stack5_scene0002,fork,master_chef_can,False,,"['view_el30_az240', 'view_el30_az210', 'view_el30_az195', 'view_el30_az135']",4,2,True,"[view_el30_az240] The image shows a fork and a coffee can. The fork is positioned to the left of the coffee can, and they are both on a flat surface. The fork is facing towards the viewer, while the coffee can is facing away. The fork appears to be a simple, everyday utensil, and the coffee can is a product that is likely used for brewing coffee. The relationship between the two objects is that they are placed next to each other, but they are not directly interacting with each other. The fork is not being used to pick up or manipulate the coffee can. || [view_el30_az210] In the image, there is a blue coffee can labeled ""Master Chef"" and a red fork with black tines. The fork is positioned in the foreground, and the coffee can is in the background. The fork and the coffee can are not directly related to each other; they are two separate objects. The fork is a utensil used for eating, while the coffee can is a container for coffee. The image appears to be a 3D rendering or a digital illustration, as indicated by the simplistic and stylized appearance of the objects. || [view_el30_az195] In the image, there is a blue coffee can with a label that reads ""Master Chai"" and a small blue cube on top of it. Below the coffee can, there is a red fork with four tines. The fork and the coffee can are not directly related in a physical sense; they are two separate objects placed in the same virtual space. The fork is positioned below the coffee can, suggesting a possible action of someone about to pick up the fork to eat or drink. The relationship between the two objects is that of a container (the coffee can) and a utensil ( || [view_el30_az135] The image shows a fork and a coffee can placed on a flat surface. The fork is positioned to the right of the coffee can, and they are both facing the viewer. The fork is a simple utensil with a handle and four tines, while the coffee can is cylindrical with a blue label and a white cap. The can appears to be a container for coffee, possibly a can of instant coffee or a can of coffee grounds. The fork and the coffee can are unrelated objects; they are simply placed next to each other in the image."
stack5_scene0016,fork,wood_block,False,,"['view_el30_az195', 'view_el30_az210', 'view_el30_az135', 'view_el30_az240']",4,4,True,"[view_el30_az195] In the image, there is a red fork lying on the ground in front of a wooden block. The fork is positioned to the left of the block, and it appears to be resting on the ground, not attached to the block in any way. The wooden block is standing upright on a flat surface, and there is a can of soda placed on top of it. The arrangement suggests a casual setting, perhaps a break during a meal or a moment of relaxation. The fork and the block are not interacting with each other; they are simply placed in proximity to each other. || [view_el30_az210] The image shows a fork and a wooden block. The fork is lying on the surface, and the wooden block is standing upright. The fork is positioned in front of the block, with the handle of the fork facing towards the viewer and the tines pointing towards the block. The wooden block is placed to the right of the fork, and it appears to be a simple, rectangular block of wood. The relationship between the fork and the wooden block is that they are both objects placed on a surface, likely a table or a similar flat surface, and they are arranged in a way that the fork || [view_el30_az135] The image shows a fork and a wooden block. The fork is placed on the surface in front of the wooden block. The wooden block is standing upright, and the fork is lying flat on the surface, parallel to the block. The fork and the block are not interacting with each other; they are simply placed in the same space, with the fork being closer to the viewer than the block. || [view_el30_az240] The image shows a fork and a wooden block placed on a flat surface. The fork is positioned to the left of the wooden block, and it appears to be lying flat on the surface. The wooden block is standing upright to the right of the fork. The objects are not interacting with each other; they are simply placed next to each other. The fork is a utensil typically used for eating, while the wooden block could be a piece of furniture or a decorative item. The relationship between the two objects is that of two separate items placed in a static position relative to each other."
stack5_scene0014,baseball,plum,False,,"['view_el30_az135', 'view_el30_az195']",2,0,False,"[view_el30_az135] The image you've provided appears to be a 3D rendering or a digital illustration rather than a photograph of a real scene. It shows a baseball and a plum, which are two unrelated objects. The baseball is a sports ball used in the game of baseball, while the plum is a type of fruit. The relationship between these two objects is purely coincidental and is likely a creative or artistic choice to place them together in a digital composition. There is no inherent connection between baseball and plums in the real world; they are simply two different items that happen to be depicted together in this image || [view_el30_az195] The image you've provided appears to be a 3D rendering or a digital illustration with various objects. There is a baseball, a plum, and what seems to be a representation of a baseball glove or mitt. The baseball and the mitt are in the upper part of the image, while the plum is in the lower part.  The relationship between baseball and plum is that they are both objects that can be found in a 3D space or a digital environment. They are not inherently related in the sense that one is a sport and the other is a fruit. Baseball is a sport that involves"
stack4_scene0018,cracker_box,tuna_fish_can,False,,"['view_el30_az135', 'view_el30_az195', 'view_el30_az210', 'view_el30_az240']",4,0,False,"[view_el30_az135] The image shows a box of Cheez-It crackers and a can of Campbell's Tomato Soup. The relationship between these two items is that they are often consumed together as a simple, quick, and satisfying meal or snack. The crackers are a crunchy snack that can be eaten on their own or paired with various spreads or dips, while the tomato soup is a warm, comforting liquid that can be enjoyed with the crackers for added texture and flavor. This combination is a common choice for a light lunch or a convenient meal option, especially for those who enjoy a balance of savory and crunchy textures. || [view_el30_az195] The image shows a box of Cheez-It crackers and a can of tuna fish. The Cheez-It box is prominently displayed in the foreground, with a close-up view of the packaging that includes images of the crackers and a question asking if these cheeses are ready. The can of tuna fish is placed in the background, partially obscured by the box. The relationship between the two items is that they are both food products, but they are quite different in terms of their contents and uses. The Cheez-It crackers are a snack food, typically enjoyed as a quick, portable snack, || [view_el30_az210] The image shows a box of Cheez-It crackers and a can of tuna fish. The Cheez-It box is prominently displayed in the foreground, with a clear view of its packaging and the text ""ARE THESE CHEESES READY?"" suggesting that the crackers are a snack that mimics the taste of cheese. The can of tuna fish is placed in the background, partially obscured by the box. The relationship between the two items is that they are both food products, but they serve different purposes and are not typically consumed together. The Cheez-It crackers are a snack, while the || [view_el30_az240] The image shows a box of Cheez-It crackers and a can of tuna fish. The Cheez-It box is a product of the snack food company, which is known for its cheese-flavored crackers. The tuna fish can is a product of a brand that specializes in canned fish products, which are typically used as a source of protein in various recipes, such as salads, sandwiches, and casseroles. The two items are unrelated in terms of their ingredients or intended use; the Cheez-It crackers are a sweet and savory snack, while the tuna fish is a protein-rich"
stack4_scene0001,cups,wood_block,False,,"['view_el30_az240', 'view_el30_az210', 'view_el30_az195', 'view_el30_az135']",4,4,True,"[view_el30_az240] In the image, there is a wooden block with a blue object on top of it. Below the block, there is a red cup. The relationship between the objects appears to be that the blue object is placed on the wooden block, and the red cup is positioned below the block. The objects are stationary, and there is no indication of any action or movement between them. The arrangement suggests a simple, static display with no implied interaction or connection between the objects beyond their physical proximity. || [view_el30_az210] In the image, there is a wooden block with a blue cube on top of it. The block is placed on a flat surface, and there is a red cup to the right of the block. The red cup appears to be empty and is positioned on the same flat surface as the block. The blue cube on the block is not in contact with the red cup, and there is no visible interaction between the two objects. The arrangement suggests a simple, static scene with no implied action or relationship between the objects. || [view_el30_az195] In the image, there is a wooden block with a blue cube on top of it, and two cups are placed on the ground. The wooden block is positioned to the left of the image, and the blue cube is centered on top of it. The two cups are located to the right of the wooden block. The cups are red and appear to be empty. The background is a simple, plain color, providing a clear view of the objects without any distractions. The arrangement of the objects suggests a casual setting, possibly a play area or a workspace where someone might be using the wooden block and || [view_el30_az135] In the image, there is a wooden block with a blue cube on top of it. To the right of the wooden block, there is a red cup and a blue ball. The red cup is positioned to the right of the wooden block, and the blue ball is to the left of the wooden block. The objects are arranged in a way that the wooden block is centrally located, with the blue cube on top, and the red cup and blue ball are on either side of the block. The arrangement suggests a symmetrical layout with the wooden block as the central focus."
stack4_scene0002,knife,tuna_fish_can,False,,"['view_el30_az135', 'view_el30_az195', 'view_el30_az210', 'view_el30_az240']",4,1,False,"[view_el30_az135] The image shows a red-handled knife and a can of tuna fish. The knife is placed on the right side of the image, and the can of tuna is on the left. The knife and the can are not directly related; they are simply two separate objects placed next to each other in the image. The knife is a kitchen utensil, typically used for cutting and slicing, while the can of tuna is a food item, a canned fish product. The juxtaposition of these two items in the image is likely coincidental and does not imply any relationship between them beyond their presence in the || [view_el30_az195] The image shows a red-handled knife and a can of tuna fish. The knife is positioned to the left of the can, and they are both set against a plain background. The knife appears to be a utility knife with a black blade, and the can of tuna is a standard commercial product with a label that includes information about the contents and possibly the brand. The relationship between the knife and the can is that they are both objects placed in the same space, likely for the purpose of a demonstration or a still life composition. The knife is not being used to open the can of tuna; || [view_el30_az210] The image shows a red-handled knife and a can of tuna fish. The knife is positioned on the left side of the image, and the can of tuna is on the right. The knife and the can are not directly interacting with each other; they are simply placed in the same space. The knife is a tool used for cutting, while the can of tuna is a food product. The relationship between the two objects is that of a tool and a food item, with no direct connection or interaction between them. || [view_el30_az240] The image shows a knife with a red handle and a black blade, placed to the left of a can of tuna. The knife and the can are not directly related in terms of their function or purpose. The knife is a tool used for cutting and slicing, while the can of tuna is a food product containing fish. The juxtaposition of these two items in the image is likely for illustrative or artistic purposes, rather than to represent any practical relationship between them."
stack5_scene0008,potted_meat_can,tomato_soup_can,False,,"['view_el30_az240', 'view_el30_az210', 'view_el30_az195', 'view_el30_az135']",4,0,False,"[view_el30_az240] The image shows two cans of food. The can on the left appears to be a can of potted meat, which is a type of canned meat product. The can on the right looks like a can of tomato soup, which is a liquid food product made from tomatoes, often served as a base for other dishes or as a standalone meal. The cans are placed side by side, but there is no direct relationship between the two products in terms of their contents or usage. They are simply two different types of canned food items. || [view_el30_az210] The image shows two cans of food. The can on the left appears to be a can of potted meat, as indicated by the label which suggests it contains meat. The can on the right is labeled as ""Tomato Soup,"" indicating that it contains tomato soup. The cans are placed side by side, and there is no direct visual relationship between them; they are simply two separate items of food. The cans are of different sizes and colors, with the potted meat can being taller and the tomato soup can being shorter. || [view_el30_az195] The image shows two cans of food. The can on the left appears to be a can of potted meat, as indicated by the label, which typically contains processed meat products. The can on the right is labeled as ""Tomato Soup,"" suggesting it contains a liquid soup made from tomatoes. The cans are placed side by side, but there is no direct relationship between the contents of the cans. They are separate food items, one solid and one liquid, and are not related in terms of their ingredients or preparation. || [view_el30_az135] The image shows two cans of food. The can on the left is labeled ""SPAM,"" which is a brand of canned precooked meat, typically made from pork. The can on the right is labeled ""Campbell's Tomato Soup,"" which is a brand of canned tomato soup. The relationship between these two cans is that they are both food products, but they are different in terms of their contents and uses. The SPAM can contains a processed meat product, while the tomato soup can contains a liquid soup made from tomatoes. They are not related in terms of their ingredients or the way they"
stack4_scene0009,mustard_bottle,pudding_box,False,,"['view_el30_az135', 'view_el30_az240', 'view_el30_az195']",3,0,False,"[view_el30_az135] In the image, there is a mustard bottle labeled ""FRENCH'S"" and a pudding box labeled ""MISTER COFFEE."" The mustard bottle is positioned in front of the pudding box, with the bottle's spout pointing towards the pudding box. The relationship between the mustard bottle and the pudding box appears to be a playful juxtaposition, as mustard is typically a condiment used with savory dishes, while pudding is a sweet dessert. The image might be suggesting a humorous or unexpected combination of the two items, perhaps implying that the mustard is being used to add a savory element to the || [view_el30_az240] The image shows a mustard bottle and a pudding box. The mustard bottle is yellow with a label that includes the text ""Mustard"" and ""Pasta,"" suggesting that the mustard is a pasta sauce. The pudding box is blue with the text ""Master Chef"" and ""Pudding,"" indicating that it is a pudding product. The two items are placed next to each other, but there is no direct relationship between them in terms of their contents or purpose. They are simply two separate food items, one a condiment and the other a dessert. || [view_el30_az195] The image shows a mustard bottle and a pudding box placed next to each other. The mustard bottle is yellow and has a label on it, suggesting it is a product for sale. The pudding box is blue and red, indicating it is likely a food item, possibly a dessert given the term ""pudding"" which is often used to describe a sweet dish. The mustard bottle and pudding box are in a virtual environment, as indicated by the 3D rendering and the lack of a real-world context. The relationship between the two items is that they are both consumer goods, but they are"
stack5_scene0018,cups,golf_ball,False,,"['view_el30_az195', 'view_el30_az210', 'view_el30_az240']",3,1,False,"[view_el30_az195] In the image provided, there is a can of food, a yellow cup, and a golf ball. The can and the yellow cup are placed on a flat surface, and the golf ball is positioned in the background. The relationship between the cups and the golf ball is that they are all objects placed in a virtual environment, likely a 3D model or a simulation. The can and the yellow cup are in the foreground, while the golf ball is in the background, suggesting a depth of field effect or a perspective where the viewer's attention is drawn to the objects in the foreground first. || [view_el30_az210] In the image provided, there is a golf ball positioned to the left of a cylindrical object, which appears to be a can or a tube. To the right of the golf ball, there is a yellow cup. The golf ball and the cup are not directly related in terms of their physical properties or function. The golf ball is a small, round, hard object used in the sport of golf, while the cup is a container typically used for holding liquids. The cylindrical object, which could be a can or a tube, is also unrelated to the golf ball or the cup; it might be || [view_el30_az240] In the image provided, there is a golf ball positioned to the left of a cylindrical object, which appears to be a cup or a container. The golf ball is not directly interacting with the cup; they are simply placed in the same space. The golf ball is in the foreground, while the cup is in the background, suggesting a sense of depth in the image. The golf ball is also slightly out of focus, which gives the image a sense of motion or movement, as if the ball is rolling towards the cup. The relationship between the golf ball and the cup is one of juxtaposition"
stack5_scene0013,padlock,sugar_box,False,,"['view_el30_az135', 'view_el30_az195', 'view_el30_az210', 'view_el30_az240']",4,4,True,"[view_el30_az135] The image shows a padlock lying on the ground next to a box of Domino sugar. The padlock and the sugar box are unrelated objects; they are simply placed next to each other in the image. The padlock is a security device used to lock doors, while the Domino sugar box is a container of sugar, a common ingredient used in cooking and baking. The juxtaposition of these two items in the image is likely coincidental and does not imply any relationship between them. || [view_el30_az195] In the image, there is a padlock lying on the ground next to a box of Domino Sugar. The padlock and the sugar box are unrelated objects in this context. The padlock is a security device used to lock doors, gates, or other openings, while the Domino Sugar box is a container of sugar, a common ingredient in cooking and baking. The juxtaposition of these two items in the image is likely coincidental and does not imply any relationship between them. || [view_el30_az210] In the image provided, there is a padlock and a box of Domino sugar. The padlock is placed on the left side of the image, while the Domino sugar box is on the right. The padlock is a security device used to lock objects, typically made of metal and designed to be attached to a surface to secure it. The Domino sugar box, on the other hand, is a container of sugar, a common ingredient used in cooking and baking. The two objects are unrelated in terms of their function or purpose; the padlock is a tool for securing items, while the sugar || [view_el30_az240] In the image provided, there is a padlock and a box of Domino sugar. The padlock is a security device used to lock objects, typically made of metal and featuring a combination of a key and a numerical code. It is placed on the left side of the image, with its body facing the viewer and the keyhole visible.  The Domino sugar box is on the right side of the image, standing upright. It is a white box with a blue label and yellow text, indicating the brand and possibly the type of sugar it contains. The box is positioned in front of a large,"
stack3_scene0015,adjustable_wrench,gelatin_box,False,,"['view_el30_az240', 'view_el30_az210', 'view_el30_az135', 'view_el30_az195']",4,1,False,"[view_el30_az240] The image shows an adjustable wrench on the left and a gelatin box on the right. The gelatin box appears to be a product used for food preparation, typically used to dissolve gelatin in water to create a gel-like substance. The adjustable wrench, on the other hand, is a tool used for tightening or loosening nuts and bolts. It is not directly related to the gelatin box; they are two unrelated objects. The gelatin box is a consumer product, while the adjustable wrench is a tool commonly used in workshops or for home maintenance. || [view_el30_az210] The image shows an adjustable wrench on the left and a gelatin box on the right. The gelatin box appears to be a product used in cooking or baking, typically used to make desserts like jello or other gelatin-based dishes. The adjustable wrench, on the other hand, is a tool used for tightening or loosening nuts and bolts. It is not directly related to the gelatin box; they are two unrelated objects placed next to each other in the image. The gelatin box is a consumer product, while the wrench is a tool typically used in workshops or for maintenance tasks. || [view_el30_az135] The image shows an adjustable wrench and a gelatin box. The gelatin box is placed on top of the wrench, which is lying on its side. The gelatin box is red with white text and appears to be a product packaging. The wrench is a common tool used for tightening and loosening nuts and bolts. The juxtaposition of the two items in the image is unusual, as they are unrelated in terms of their function or purpose. The gelatin box is a consumer product, while the wrench is a tool typically used in workshops or for maintenance tasks. || [view_el30_az195] The image shows an adjustable wrench and a gelatin box. The gelatin box is floating in the air above the wrench, suggesting a playful or whimsical relationship between the two objects. The gelatin box appears to be a product, possibly a food item, while the adjustable wrench is a tool typically used for tightening or loosening nuts and bolts. The juxtaposition of these two items in the image creates a humorous or surreal visual, as it's not common to see a tool and a food product in such a close proximity or with the food item seemingly defying gravity."
stack5_scene0018,gelatin_box,rubiks_cube,False,,"['view_el30_az135', 'view_el30_az240', 'view_el30_az210', 'view_el30_az195']",4,1,False,"[view_el30_az135] The image shows a gelatin box and a Rubik's Cube. The gelatin box is a cylindrical container with a red label that reads ""KELLOGG'S"" and ""GELATIN"" with a picture of a gelatin dessert. The box is placed on a flat surface, and there is a Rubik's Cube floating in the air above it. The Rubik's Cube is a three-dimensional puzzle with a red, green, and yellow color scheme, consisting of six faces, each with a different color and a 3x3 matrix of smaller squares. The gel || [view_el30_az240] The image shows a gelatin box and a Rubik's Cube, which are two unrelated objects. The gelatin box is a container typically used for storing and selling gelatin, a food product derived from animal bones and connective tissue. The Rubik's Cube, on the other hand, is a three-dimensional puzzle toy that consists of a 3x3 matrix of smaller cubes, each of which can be turned independently to create a scrambled or solved state. The two objects are not related in any practical or functional sense; they serve entirely different purposes. The gelatin box is a consumer || [view_el30_az210] The image shows a gelatin box and a Rubik's Cube. The gelatin box is on the left, and the Rubik's Cube is on the right. The gelatin box is a cylindrical container with a label that is not clearly visible, but it appears to be a product packaging. The Rubik's Cube is a three-dimensional puzzle with a colorful design, consisting of six faces, each with a different color, and a central axis that allows the cube to rotate. The gelatin box and the Rubik's Cube are unrelated objects; they are simply placed next to each other || [view_el30_az195] The image shows a Rubik's Cube and a box of gelatin. The Rubik's Cube is a three-dimensional puzzle that consists of a 3x3 matrix of smaller cubes, each of which can be turned independently. The cube is known for its challenging nature, as it requires a series of rotations to align the colors on each face to a single color.  The box of gelatin, on the other hand, is a container typically used for storing and serving gelatinous desserts or snacks. It is not directly related to the Rubik's Cube in terms of their functions or the"
stack5_scene0001,apple,cracker_box,False,,"['view_el30_az135', 'view_el30_az195', 'view_el30_az210']",3,0,False,"[view_el30_az135] In the image, there is a red apple and a box of ""Cheez-It"" crackers. The apple is on the left side of the image, and the cracker box is on the right. The apple and the cracker box are not directly related in terms of their relationship to each other; they are simply two separate objects placed next to each other in the image. The apple is a type of fruit, while the cracker box is a container of snack crackers. They are not connected in any way other than being depicted in the same visual frame. || [view_el30_az195] The image shows a box of Cheez-It crackers with a label that features a variety of crackers and a question asking, ""Are these cheeses ready?"" The box is placed next to a red apple. The relationship between the apple and the cracker box is that they are both food items, but they are quite different in terms of their nutritional content and culinary uses. The apple is a fresh fruit, rich in vitamins, fiber, and natural sugars, while the cracker box contains processed crackers that are typically made from wheat flour, water, and salt, with added cheese flavoring. The || [view_el30_az210] The image shows a box of Cheez-It crackers, which is a brand of cheese-flavored crackers. The box is designed to resemble a classic apple, with the top portion of the box serving as the apple's ""head"" and the cracker packets visible through the ""apple's"" ""stem"" and ""seal."" The design is playful and visually appealing, using the apple as a metaphor for the crackers, suggesting that they are a delicious and satisfying snack. The relationship between the apple and the cracker box is one of creative branding and marketing, where the apple is used as"
stack3_scene0005,foam_brick,racquetball,False,,"['view_el30_az240', 'view_el30_az210', 'view_el30_az195', 'view_el30_az135']",4,4,True,"[view_el30_az240] The image shows a foam brick placed on top of a red box, which appears to be a package of some product. Below the box, there is a blue rubber ball. The foam brick and the rubber ball are not directly related to each other; they are simply placed in the same image, likely for illustrative or decorative purposes. The foam brick and the rubber ball are two different objects with different properties and uses. The foam brick is typically used for padding or as a lightweight building material, while the rubber ball is a type of toy or a component used in various applications such as sports equipment || [view_el30_az210] The image shows a foam brick placed on top of a red box, and a blue rubber ball is positioned in the background. The foam brick and the rubber ball are not directly interacting with each other; they are simply placed in the same space. The foam brick is a soft, lightweight material, while the rubber ball is a solid, round object with a smooth surface. The red box provides a contrasting background to the foam brick, making it stand out. The blue rubber ball adds a pop of color to the scene, creating a visually interesting composition. || [view_el30_az195] The image shows a foam brick placed on top of a red box, which appears to be a package of some kind, possibly a toy or a craft item. In the background, there is a blue rubber ball. The foam brick and the rubber ball are not directly related to each other; they are separate objects. The foam brick is a soft, lightweight material often used for building or decorative purposes, while the rubber ball is a spherical object made of a flexible material that can be used for various purposes such as play, exercise, or as a decorative item. The red box and the foam brick || [view_el30_az135] The image shows a foam brick placed on top of a red box, with a blue rubber ball positioned in the background. The foam brick and the rubber ball are not directly interacting with each other; they are simply placed in the same space. The foam brick is a three-dimensional object with a flat top surface, while the rubber ball is a spherical object with a smooth surface. The foam brick is resting on the red box, which appears to be a container or packaging, possibly for the foam brick itself. The rubber ball is not in contact with the foam brick or the box; it is just"
stack5_scene0012,orange,plum,False,,"['view_el30_az135', 'view_el30_az240', 'view_el30_az195', 'view_el30_az210']",4,0,False,"[view_el30_az135] The image shows two spherical objects: one is orange and the other is purple. They are placed against a neutral background, and there is a red object in the background that appears to be a box or container. The orange and purple spheres are not interacting with each other; they are simply placed next to each other. The relationship between the orange and purple spheres is that of two separate objects, each with its own distinct color and shape. There is no implied connection or interaction between them based on the image alone. || [view_el30_az240] The image you've provided appears to be a 3D rendering or a digital illustration with three objects: a blue cube, an orange sphere, and a purple sphere. The orange sphere is positioned above the blue cube, and the purple sphere is located above the orange sphere. The objects are floating in a white space, suggesting a simple, abstract composition without any specific relationship between the orange and purple spheres other than their relative positions in the image. The blue cube is at the bottom, serving as a base for the other two spheres. The image does not depict any interaction or relationship between the orange || [view_el30_az195] The image you've provided appears to show two spherical objects, one orange and one purple, placed against a neutral background. The orange sphere is positioned to the left of the purple sphere. The relationship between the two spheres is that they are separate objects, each with its own distinct color and shape. They are not connected or interacting with each other in any way that is visible in the image. The image is simple and does not depict any actions or interactions between the spheres. || [view_el30_az210] The image you've provided appears to show two spherical objects, one orange and one purple, floating in a virtual space. The orange sphere is on the left, and the purple sphere is on the right. They are not interacting with each other; they are simply floating independently in the same space. The relationship between the two spheres is that of two separate objects, each with its own properties and characteristics, such as color and size. They do not have any direct interaction or connection to each other based on the image provided."
stack3_scene0006,bleach_cleanser,tomato_soup_can,False,,"['view_el30_az240', 'view_el30_az210', 'view_el30_az195', 'view_el30_az135']",4,2,True,"[view_el30_az240] The image shows a bottle of bleach and a can of tomato soup. The bleach bottle is standing upright on the left side of the image, while the tomato soup can is lying on its side on the right. The bottle and can are placed on a flat surface, which appears to be a table or a similar horizontal surface. The bleach bottle is larger and taller than the tomato soup can, which is smaller and shorter. The bottle has a label that is not clearly visible, while the can has a label that is partially visible, showing the words ""BLEACH"" and ""Tomato Soup."" || [view_el30_az210] The image shows a bottle of bleach and a can of tomato soup. These two items are unrelated in terms of their purpose or function. The bleach bottle is typically used for cleaning and disinfecting surfaces, while the tomato soup can is a food item, likely a canned soup made from tomatoes. They are placed next to each other, but their relationship is purely coincidental and does not imply any connection or interaction between them. || [view_el30_az195] The image shows a bottle of bleach and a can of tomato soup. These two items are unrelated and have different uses. The bleach bottle is typically used for cleaning purposes, such as removing stains, disinfecting surfaces, and whitening clothes. It contains a strong chemical that can be hazardous if not used properly.  On the other hand, the can of tomato soup is a food item, a liquid meal or ingredient that is usually made from tomatoes, vegetables, and seasonings. It is a staple in many cuisines and is often used as a base for soups, sauces, or as || [view_el30_az135] The image shows a bottle of bleach and a can of tomato soup. The bleach bottle is positioned to the right of the tomato soup can. The bottle and the can are placed on a flat surface, which appears to be a table or a similar horizontal surface. The bleach bottle is standing upright, while the tomato soup can is lying on its side. The items are not interacting with each other; they are simply placed next to each other. The relationship between the two items is that of two separate objects placed in close proximity to each other, likely for the purpose of cleaning or food preparation."
stack4_scene0004,bleach_cleanser,wood_block,False,,"['view_el30_az135', 'view_el30_az195', 'view_el30_az210']",3,2,True,"[view_el30_az135] The image shows a bottle of bleach placed next to a wooden block. The bleach bottle is typically used for cleaning purposes, while the wooden block appears to be a tool or a part of a construction or woodworking project. The relationship between the two items in this context is likely that the bleach is being used to clean the wooden block, perhaps to remove stains or to prepare the surface for a specific task. The presence of the wooden block suggests that some kind of work or repair is being done, and the bleach is being used as part of that process. || [view_el30_az195] In the image, there is a bottle of bleach on the left and a wooden block on the right. The bottle of bleach is standing upright, and the wooden block is placed on top of it. The wooden block appears to be resting directly on the neck of the bottle, which is not a typical way to store or use either item. The arrangement seems unusual and could be part of a setup for a demonstration or an artistic composition. The background is a simple, neutral color, which puts the focus on the objects. || [view_el30_az210] In the image, there is a bottle of bleach on the left side and a wooden block on the right side. The bottle of bleach is standing upright, and the wooden block is placed on top of it. The wooden block appears to be resting directly on the bottle's cap, which is white in color. The bottle and the block are both on a flat surface, which looks like a table or a similar horizontal surface. The relationship between the two objects is that the wooden block is being supported by the bottle of bleach, with the bottle acting as a makeshift stand or support for the block."
stack5_scene0002,bleach_cleanser,master_chef_can,False,,"['view_el30_az210', 'view_el30_az195', 'view_el30_az135', 'view_el30_az240']",4,1,False,"[view_el30_az210] The image shows a bottle of ""Soft Scrub"" cleaning product and a can of ""Master Chef"" coffee. The bottle and can are placed side by side on a flat surface. The relationship between these two items is that they are unrelated in terms of their purpose or function. The Soft Scrub bottle is a cleaning product, typically used to clean surfaces and remove stains, while the Master Chef coffee can is a container for coffee grounds, used for brewing coffee. They are both consumer products, but they serve different purposes and are not related to each other in a practical sense. || [view_el30_az195] The image shows a bottle of bleach and a can of Master Coffee. The bleach bottle is on the left, and the coffee can is on the right. The relationship between these two items is that they are unrelated in terms of their contents or purpose. Bleach is a strong chemical cleaning agent, while coffee is a beverage made from roasted coffee beans. They are not typically used together, and their presence in the same image is likely coincidental or for illustrative purposes. || [view_el30_az135] The image shows a bottle of bleach on the left and a can of coffee on the right. The bottle of bleach is white with a green label, and the can of coffee is blue with a white label. They are placed on a flat surface, and there is a small blue object on top of the coffee can. The relationship between the two items is that they are unrelated in terms of their contents or purpose. Bleach is a strong chemical used for cleaning and disinfecting, while coffee is a beverage made from roasted coffee beans. The presence of these items together in the image is likely || [view_el30_az240] The image shows a bottle of ""Soft Scrub"" and a can of ""Master Chef"" coffee. The bottle of Soft Scrub is a cleaning product, typically used for scrubbing surfaces. The can of Master Chef coffee is a product used for making coffee. The relationship between these two items is that they are unrelated in terms of their purpose or function. The Soft Scrub is a cleaning agent, while the Master Chef coffee is a food item. They are not related in any practical or functional sense; they serve different purposes in different contexts."
stack5_scene0009,knife,potted_meat_can,False,,"['view_el30_az240', 'view_el30_az195', 'view_el30_az135']",3,1,False,"[view_el30_az240] The image shows a knife with a red handle and a black blade, which appears to be a digital rendering or a 3D model. In the background, there is a potted meat can, which is a container typically used for preserving and storing meat. The knife is positioned in the foreground, and the potted meat can is in the background. The relationship between the two objects is that they are both items commonly found in a kitchen or a place where food is prepared or stored. The knife is a tool used for cutting and slicing, while the potted meat can is a container for || [view_el30_az195] The image shows a knife and a can of meat, which appears to be a can of ""Wine"" (possibly a brand of canned meat). The knife is positioned in the upper right corner of the image, and the can is in the lower left corner. The knife is facing towards the can, suggesting that it might be used to open the can or to cut the meat inside. The relationship between the knife and the can is that they are both objects that are typically used in food preparation, with the knife being used for cutting and the can for holding food. || [view_el30_az135] The image shows a can of SPAM, which is a brand of canned precooked meat, typically made from pork. The can is placed on a surface, and there is a knife with a red handle sticking out of the top of the can. The knife appears to be used for opening the can, as it is inserted into the opening of the can to cut through the seal. The relationship between the knife and the can is that the knife is a tool used to open the can, allowing access to the contents inside."
stack4_scene0010,lemon,tuna_fish_can,False,,"['view_el30_az135', 'view_el30_az240']",2,1,False,"[view_el30_az135] The image shows a lemon and a can of tuna fish. The lemon is placed on the ground in front of the can. The can is labeled ""StarKist"" and ""Tuna in Water,"" indicating that it contains tuna fish in water. The lemon is a citrus fruit, often used to add a tangy flavor to various dishes, including fish. The presence of the lemon in front of the tuna can could suggest that the lemon is being used to enhance the flavor of the tuna, either by adding it to the dish or by using it to season the tuna before cooking. || [view_el30_az240] The image shows a can of tuna fish with a label that reads ""Master Chef."" In the background, there is a lemon, which is often used to add a citrus flavor to fish dishes, particularly to enhance the taste of tuna. The lemon is not directly related to the can of tuna; it is simply placed in the background, suggesting that it might be used as a condiment or ingredient in a dish made with the tuna. The lemon is often squeezed over the tuna before eating to add a fresh, tangy flavor."
stack4_scene0005,fork,sponge,False,,"['view_el30_az240', 'view_el30_az210', 'view_el30_az195', 'view_el30_az135']",4,1,False,"[view_el30_az240] The image shows a fork and a sponge. The fork is a utensil with a handle and four tines, typically used for eating. The sponge, on the other hand, is a porous, absorbent material often used for cleaning or drying. The two objects are unrelated in terms of their function or purpose; they serve different purposes in different contexts. The fork is used for eating, while the sponge is used for cleaning or absorbing liquids. || [view_el30_az210] The image shows a fork and a sponge. The fork is on the right side of the image, and the sponge is on the left. They are both objects that are commonly used for different purposes. The fork is typically used for eating, while the sponge is used for cleaning and absorbing liquids. They are not directly related to each other in terms of their function or purpose, but they are both everyday items that one might find in a kitchen or dining area. || [view_el30_az195] The image shows a fork and a sponge. The fork is positioned to the right of the sponge, and they are both floating in a virtual space. The sponge appears to be a simple, flat, yellow object, while the fork is a more complex object with a handle and tines. The relationship between the two objects is that they are separate items, not interacting with each other in this image. The sponge is placed on a surface that is not visible, and the fork is floating above the sponge. || [view_el30_az135] The image shows a fork and a sponge. The fork is a utensil typically used for eating, while the sponge is a porous, absorbent material commonly used for cleaning purposes. They are unrelated in terms of their function or relationship; they serve different purposes in different contexts. The fork is used for eating food, while the sponge is used for cleaning surfaces by absorbing liquids."
stack4_scene0012,spoon,tomato_soup_can,False,,"['view_el30_az240', 'view_el30_az210', 'view_el30_az195']",3,2,True,"[view_el30_az240] The image shows a spoon and a can of tomato soup. The spoon is positioned to the right of the can, and it appears to be lying on a flat surface. The can is standing upright on a red base, which is likely a part of the can's packaging. The spoon and the can are not directly interacting with each other; they are simply placed next to each other in the image. The spoon is typically used for consuming liquids, such as tomato soup, while the can is a container for the soup. The image does not depict any action or interaction between the spoon and the can || [view_el30_az210] The image shows a can of tomato soup and a spoon. The spoon is placed to the right of the can, and they are both on a flat surface. The spoon is facing towards the viewer, and the can is facing away from the viewer. The spoon and the can are not interacting with each other; they are simply placed next to each other. The can is upright, and the spoon is lying flat. The image is a simple representation of everyday objects, likely used for a meal or a snack. || [view_el30_az195] The image shows a can of tomato soup placed on top of a box of what appears to be a spoon. The spoon is depicted in a way that suggests it is either being used to scoop the soup or is part of the packaging design. The can and the spoon are the main objects in the image, and they are positioned in a way that might imply a connection between the two, possibly indicating that the spoon is used for the soup. The image is simple and lacks additional context, so the relationship between the spoon and the can is purely a visual suggestion based on the objects' proximity and the"
stack4_scene0008,cups,master_chef_can,False,,"['view_el30_az135', 'view_el30_az195', 'view_el30_az210', 'view_el30_az240']",4,2,True,"[view_el30_az135] The image shows a blue coffee can with a label that reads ""Coffee"" and a blue cup. The coffee can appears to be a cylindrical container with a lid, and there's a small blue object on top of it, which could be a lid or a cap. The cup is a simple, plain blue container with a handle, suggesting it might be used for drinking coffee or other beverages. The relationship between the two items is that they are both commonly used for holding and consuming coffee, with the coffee can being used for storing and the cup for serving. The presence of the coffee can and || [view_el30_az195] The image shows a blue coffee can with a label that reads ""Master Che"" and a blue cup. The relationship between the two objects suggests that the coffee can is the source of the coffee, and the cup is the container used to hold and drink the coffee. The can is typically used for storing and transporting coffee beans or ground coffee, while the cup is used for brewing and serving the coffee. The image is a simple representation of a common scene where someone might prepare a cup of coffee using the contents of the can. || [view_el30_az210] In the image, there is a blue coffee can labeled ""Master Chef"" and a smaller blue cup. The coffee can is placed on a surface, and the cup is positioned in front of it. The relationship between the two objects suggests that the cup is likely used for serving coffee, and the can is the container from which the coffee is poured. The cup is smaller than the can, indicating that it is designed to hold a single serving of coffee. The positioning of the cup in front of the can suggests that the coffee is being served or is ready to be served. || [view_el30_az240] The image shows a blue cup and a blue can of ""Master Chef"" coffee. The cup is placed in front of the can, suggesting a relationship between the two objects, likely indicating that the cup is meant to be used for the coffee contained in the can. The positioning of the cup and the can together implies that the cup is ready to be filled with coffee from the can. This is a common scenario in everyday life, where a cup is used to hold a beverage, in this case, coffee."
stack4_scene0007,lemon,sponge,False,,"['view_el30_az135', 'view_el30_az195', 'view_el30_az240']",3,1,False,"[view_el30_az135] The image shows a lemon and a sponge. The lemon is a citrus fruit, typically yellow in color, and is often used for its acidic juice, which is commonly used in cooking and as a cleaning agent. The sponge, on the other hand, is a porous, absorbent material, often used for cleaning purposes. The relationship between the lemon and the sponge in this image is that they are both objects placed in a virtual environment, possibly a 3D model or a video game, and they are not interacting with each other in a real-world context. The lemon is positioned to the left || [view_el30_az195] The image shows a lemon and a sponge. The lemon is a citrus fruit, typically used for its juice, which is a popular ingredient in various beverages and dishes. The sponge, on the other hand, is a porous, absorbent material often used for cleaning purposes. The relationship between the lemon and the sponge is that they are both objects in the same space, but they have no direct interaction or relationship with each other. The lemon is a natural object, while the sponge is a man-made object. They are simply placed next to each other in the image. || [view_el30_az240] The image shows a box of Domino Sugar with a lemon on top of it. The lemon is not a sponge; it is a citrus fruit. The box is placed on a sponge, which is a porous, absorbent material typically made from natural or synthetic fibers. The lemon is not in direct contact with the sponge; it is resting on top of the box, which is on top of the sponge. The sponge is likely there to provide a stable surface for the box and to prevent it from slipping or falling."
stack3_scene0012,potted_meat_can,sponge,False,,"['view_el30_az240', 'view_el30_az210', 'view_el30_az195', 'view_el30_az135']",4,2,True,"[view_el30_az240] The image shows a potted meat can with a blue lid and a sponge. The sponge is placed on the ground, and the can is positioned above it. The relationship between the potted meat can and the sponge appears to be that of a container and its contents. The sponge is likely used for cleaning or absorbing moisture, while the potted meat can is a container for food. The image does not depict any direct interaction between the two objects; they are simply placed next to each other. || [view_el30_az210] The image shows a potted meat can and a sponge. The potted meat can is depicted in a 3D rendering, with a blue lid on top, suggesting it is a container for a food product. The sponge is shown in a flat, two-dimensional representation, with a yellowish color and a porous texture, indicating it is a soft, absorbent material. The two objects are not directly related in a functional sense; they serve different purposes. The potted meat can is a container for food, while the sponge is a cleaning or wiping tool. They are shown together in the || [view_el30_az195] The image shows a 3D model of a potted meat can with a blue lid on top and a sponge beside it. The potted meat can appears to be a cylindrical container with a label on it, suggesting it might be a product like canned meat or a similar food item. The sponge is placed next to the can, and they are both set against a plain background. The relationship between the two objects is that they are placed in the same space, likely for display or comparison purposes, but they do not have any direct interaction or connection. The sponge is a common household item used || [view_el30_az135] The image shows a can of SPAM, which is a brand of canned precooked meat, and a sponge. The can is placed on top of the sponge, which is lying flat on a plain background. The relationship between the can and the sponge is that of an object resting on another object. The can is the object that is resting on the sponge, and the sponge is the object that is being used as a surface for the can to rest on. This arrangement is a common way to demonstrate the concept of objects resting on surfaces in a visual or educational context."
stack5_scene0016,fork,strawberry,False,,"['view_el30_az240', 'view_el30_az210', 'view_el30_az195', 'view_el30_az135']",4,0,False,"[view_el30_az240] The image shows a fork and a strawberry. The fork is positioned to the left of the strawberry, and they are both on a flat surface. The fork appears to be a simple, three-pronged utensil, and the strawberry is a red, round fruit with a textured surface, likely indicating its freshness. The fork and strawberry are not interacting with each other; they are just placed next to each other. The image is a simple, still-life composition with no implied action or movement. || [view_el30_az210] The image shows a fork and a strawberry. The fork is positioned to the left of the strawberry, and they are both on a plain background. The fork appears to be a simple, stylized representation without any additional context or interaction with the strawberry. The strawberry is depicted in a simplified manner, with a smooth surface and no visible seeds or details. The relationship between the fork and the strawberry is that of an object and a food item, with the fork being a utensil used for eating and the strawberry being a type of fruit. || [view_el30_az195] The image shows a fork and a strawberry. The fork is positioned on the left side of the image, and the strawberry is on the right. The fork appears to be a simple, stylized representation without any additional context or interaction with the strawberry. The strawberry is depicted in a simplified manner as well, with no indication of being eaten or otherwise affected by the fork. The two objects are separate and not interacting with each other in this image. || [view_el30_az135] The image shows a fork and a strawberry. The fork is positioned on the left side of the image, and the strawberry is on the right. The fork appears to be a simple, stylized representation without any additional details or context. The strawberry is depicted with a green leaf on top, indicating it is ripe and ready to be eaten. The background is a plain, light color, which suggests that the focus is on the fork and the strawberry. There is no direct interaction between the fork and the strawberry; they are simply placed next to each other in the image."
stack4_scene0018,foam_brick,tuna_fish_can,False,,"['view_el30_az135', 'view_el30_az195', 'view_el30_az210', 'view_el30_az240']",4,1,False,"[view_el30_az135] The image shows a foam brick and a can of tuna fish. The foam brick is a type of building material that is lightweight, durable, and often used for its insulating properties. It is placed on the left side of the image, and it appears to be a standard size for construction purposes.  On the right side of the image, there is a can of tuna fish. The can is labeled ""Darkist,"" which is a brand of canned tuna. The can is a common consumer product used for food, particularly in the preparation of various dishes that require tuna as an ingredient.  The relationship || [view_el30_az195] The image shows a foam brick on the left and a can of tuna on the right. The foam brick appears to be a model or a representation of a real brick, possibly used for educational or demonstration purposes. The can of tuna is a real product, typically used for food storage. There is no direct relationship between the foam brick and the can of tuna; they are two separate objects with different functions and purposes. The foam brick is likely used for teaching about building materials or construction, while the can of tuna is a consumer product used for food storage. || [view_el30_az210] The image shows a foam brick on the left and a can of tuna on the right. The foam brick appears to be a model or a representation of a real brick, possibly used for educational or demonstration purposes. The can of tuna is a real product, typically used for food storage. The relationship between the two items is that they are unrelated in terms of their purpose or function. The foam brick is likely used for teaching about building materials or construction, while the can of tuna is a consumer product used for food storage. They are placed next to each other in the image, but they serve completely || [view_el30_az240] The image shows a 3D model of a foam brick on the left and a 3D model of a tuna fish can on the right. The foam brick appears to be a simple, block-like structure with three holes on its top surface. The tuna fish can is cylindrical with a label wrapped around it, suggesting it is a product, possibly a canned fish product. The two objects are unrelated in terms of their real-world counterparts; foam bricks are typically used for decorative or structural purposes, while a tuna fish can is a food product. The image is a digital rendering and does not depict"
stack4_scene0019,strawberry,wood_block,False,,"['view_el30_az195', 'view_el30_az210', 'view_el30_az135', 'view_el30_az240']",4,4,True,"[view_el30_az195] The image shows a wooden block with a blue cube on top of it, placed on a flat surface. To the right of the wooden block, there is a red strawberry. The relationship between the strawberry and the wooden block is that they are two separate objects placed next to each other in the image. The wooden block is a solid, three-dimensional object, while the strawberry is a soft, organic, and edible fruit. They are not related in any functional or structural sense; they are simply depicted in the same image for visual comparison or artistic purposes. || [view_el30_az210] The image shows a wooden block with a blue cube on top of it, and a red strawberry on the ground in front of the block. The relationship between the strawberry and the wooden block is that they are both objects in the same space, but they are not directly related to each other in terms of their properties or functions. The wooden block is a solid, three-dimensional object made of wood, while the strawberry is a soft, organic, edible fruit. The blue cube on top of the wooden block is a geometric shape, and the red strawberry is a natural, organic object. There is no || [view_el30_az135] In the image, there is a wooden block with a blue cube on top of it, and a red strawberry with a green leaf is placed on the ground in front of the block. The relationship between the strawberry and the wooden block is that they are both objects in the same space, but they are not directly interacting with each other. The strawberry is a food item, while the wooden block is a piece of furniture or a decorative item. The blue cube on top of the wooden block is a geometric shape, and the strawberry is a natural, organic object. The image does not depict any action || [view_el30_az240] The image shows a wooden block with a blue cube on top of it, placed on a flat surface. To the left of the wooden block, there is a red spherical object, which appears to be a strawberry. The relationship between the strawberry and the wooden block is that they are both objects placed on a surface, but they are not directly related to each other in terms of their properties or functions. The strawberry is a food item, while the wooden block and blue cube are inanimate objects, likely used for educational or demonstration purposes. The arrangement of these objects in the image is likely for illustr"
stack4_scene0011,sponge,tomato_soup_can,False,,"['view_el30_az210', 'view_el30_az195', 'view_el30_az240', 'view_el30_az135']",4,4,True,"[view_el30_az210] The image shows a can of Master Chef tomato soup with a sponge placed next to it. The sponge is likely there to demonstrate the absorbent properties of the sponge, as it is a common practice to use a sponge to show how well it can absorb liquids. The can of tomato soup is placed on top of the can, which is a can of Master Chef tomato soup as well, suggesting that the cans are being used to create a stack. The arrangement of the objects is likely for a visual demonstration or an advertisement, highlighting the absorbent nature of the sponge and the stacking ability of the cans || [view_el30_az195] The image shows a can of Master Chef Tomato Soup placed on top of another can, which appears to be a can of ""Master"" brand food, possibly a type of canned food or sauce. The can of tomato soup is placed on top of the other can, which is resting on a flat surface. The sponge is placed on the flat surface next to the can of tomato soup. The relationship between the sponge and the can of tomato soup is that they are both objects placed on a flat surface, with the sponge being a separate item from the can. The sponge is not directly related to the || [view_el30_az240] In the image, there is a blue can of ""Master Chef"" tomato soup placed on top of a yellow sponge. The sponge is lying flat on a white surface. The can is positioned directly above the sponge, with the can's top edge resting on the sponge's surface. The arrangement suggests a playful or artistic composition, possibly for a still life or a creative project. The contrast between the blue of the can, the yellow of the sponge, and the white background creates a visually interesting scene. || [view_el30_az135] The image shows a can of tomato soup placed on top of a can of water. The can of water is placed on top of a sponge. The sponge is on the ground, and the can of tomato soup is on top of the can of water. This arrangement suggests a sequence of objects, with the sponge at the bottom, the can of water in the middle, and the can of tomato soup at the top. The sponge is likely there to provide a stable surface for the can of water, which in turn is used to support the can of tomato soup."
stack5_scene0010,pitcher_base,potted_meat_can,False,,"['view_el30_az135', 'view_el30_az240', 'view_el30_az210']",3,3,True,"[view_el30_az135] The image shows a blue pitcher base and a can of SPAM. The pitcher base is a decorative item that is typically used to hold a pitcher or a vase. It is placed on a flat surface, which appears to be a table or a similar flat surface. The can of SPAM is a product that contains canned precooked meat, which is a popular convenience food. The SPAM can is placed next to the pitcher base, suggesting that they are both items that might be found in a kitchen or a dining area. The relationship between the two items is that they are both objects that can || [view_el30_az240] The image shows a 3D model of a blue pitcher base on the left and a can of meat on the right. The pitcher base appears to be a separate object from the can of meat, as they are not connected or interacting with each other in the image. The pitcher base is a standalone object, while the can of meat is a different item. They are placed on a flat surface, suggesting they are being displayed or used for some purpose, possibly in a 3D modeling or rendering context. || [view_el30_az210] The image shows a 3D rendering of a pitcher base and a potted meat can. The pitcher base is a cylindrical object with a flat bottom and a slightly raised top, which is typical for a base that would be used to support a pitcher. The potted meat can, on the other hand, is a cylindrical container with a lid that appears to be slightly ajar or damaged, suggesting it may not be sealed properly. The two objects are placed on a flat surface, and there is a colorful block structure in the background, which could be part of a larger scene or a separate"
