vn 0 0 -1
vn 0 0 1
vn 0 -1 0
vn 1 0 0
vn 0 1 0
vn -1 0 0
v 0.25500 -0.01000 0.05000
v 0.26000 -0.01000 0.05000
v 0.26000 -0.00500 0.05000
v 0.25500 -0.00500 0.05000
v 0.25500 -0.01000 0.05500
v 0.26000 -0.01000 0.05500
v 0.26000 -0.00500 0.05500
v 0.25500 -0.00500 0.05500
v 0.25500 -0.01000 0.05500
v 0.26000 -0.01000 0.05500
v 0.26000 -0.00500 0.05500
v 0.25500 -0.00500 0.05500
v 0.25500 -0.01000 0.06000
v 0.26000 -0.01000 0.06000
v 0.26000 -0.00500 0.06000
v 0.25500 -0.00500 0.06000
v 0.25500 -0.01000 0.06000
v 0.26000 -0.01000 0.06000
v 0.26000 -0.00500 0.06000
v 0.25500 -0.00500 0.06000
v 0.25500 -0.01000 0.06500
v 0.26000 -0.01000 0.06500
v 0.26000 -0.00500 0.06500
v 0.25500 -0.00500 0.06500
v 0.25500 -0.01000 0.06500
v 0.26000 -0.01000 0.06500
v 0.26000 -0.00500 0.06500
v 0.25500 -0.00500 0.06500
v 0.25500 -0.01000 0.07000
v 0.26000 -0.01000 0.07000
v 0.26000 -0.00500 0.07000
v 0.25500 -0.00500 0.07000
v 0.25500 -0.01000 0.07000
v 0.26000 -0.01000 0.07000
v 0.26000 -0.00500 0.07000
v 0.25500 -0.00500 0.07000
v 0.25500 -0.01000 0.07500
v 0.26000 -0.01000 0.07500
v 0.26000 -0.00500 0.07500
v 0.25500 -0.00500 0.07500
v 0.25500 -0.01000 0.07500
v 0.26000 -0.01000 0.07500
v 0.26000 -0.00500 0.07500
v 0.25500 -0.00500 0.07500
v 0.25500 -0.01000 0.08000
v 0.26000 -0.01000 0.08000
v 0.26000 -0.00500 0.08000
v 0.25500 -0.00500 0.08000
v 0.25500 -0.01000 0.08000
v 0.26000 -0.01000 0.08000
v 0.26000 -0.00500 0.08000
v 0.25500 -0.00500 0.08000
v 0.25500 -0.01000 0.08500
v 0.26000 -0.01000 0.08500
v 0.26000 -0.00500 0.08500
v 0.25500 -0.00500 0.08500
v 0.25500 -0.01000 0.08500
v 0.26000 -0.01000 0.08500
v 0.26000 -0.00500 0.08500
v 0.25500 -0.00500 0.08500
v 0.25500 -0.01000 0.09000
v 0.26000 -0.01000 0.09000
v 0.26000 -0.00500 0.09000
v 0.25500 -0.00500 0.09000
v 0.25500 -0.01000 0.09000
v 0.26000 -0.01000 0.09000
v 0.26000 -0.00500 0.09000
v 0.25500 -0.00500 0.09000
v 0.25500 -0.01000 0.09500
v 0.26000 -0.01000 0.09500
v 0.26000 -0.00500 0.09500
v 0.25500 -0.00500 0.09500
v 0.25500 -0.01000 0.09500
v 0.26000 -0.01000 0.09500
v 0.26000 -0.00500 0.09500
v 0.25500 -0.00500 0.09500
v 0.25500 -0.01000 0.10000
v 0.26000 -0.01000 0.10000
v 0.26000 -0.00500 0.10000
v 0.25500 -0.00500 0.10000
v 0.25500 -0.01000 0.10000
v 0.26000 -0.01000 0.10000
v 0.26000 -0.00500 0.10000
v 0.25500 -0.00500 0.10000
v 0.25500 -0.01000 0.10500
v 0.26000 -0.01000 0.10500
v 0.26000 -0.00500 0.10500
v 0.25500 -0.00500 0.10500
v 0.25500 -0.01000 0.10500
v 0.26000 -0.01000 0.10500
v 0.26000 -0.00500 0.10500
v 0.25500 -0.00500 0.10500
v 0.25500 -0.01000 0.11000
v 0.26000 -0.01000 0.11000
v 0.26000 -0.00500 0.11000
v 0.25500 -0.00500 0.11000
v 0.25500 -0.01000 0.11000
v 0.26000 -0.01000 0.11000
v 0.26000 -0.00500 0.11000
v 0.25500 -0.00500 0.11000
v 0.25500 -0.01000 0.11500
v 0.26000 -0.01000 0.11500
v 0.26000 -0.00500 0.11500
v 0.25500 -0.00500 0.11500
v 0.26000 -0.02000 0.02500
v 0.26500 -0.02000 0.02500
v 0.26500 -0.01500 0.02500
v 0.26000 -0.01500 0.02500
v 0.26000 -0.02000 0.03000
v 0.26500 -0.02000 0.03000
v 0.26500 -0.01500 0.03000
v 0.26000 -0.01500 0.03000
v 0.26000 -0.02000 0.03500
v 0.26500 -0.02000 0.03500
v 0.26500 -0.01500 0.03500
v 0.26000 -0.01500 0.03500
v 0.26000 -0.02000 0.04000
v 0.26500 -0.02000 0.04000
v 0.26500 -0.01500 0.04000
v 0.26000 -0.01500 0.04000
v 0.26000 -0.01500 0.00500
v 0.26500 -0.01500 0.00500
v 0.26500 -0.01000 0.00500
v 0.26000 -0.01000 0.00500
v 0.26000 -0.01500 0.01000
v 0.26500 -0.01500 0.01000
v 0.26500 -0.01000 0.01000
v 0.26000 -0.01000 0.01000
v 0.26000 -0.01500 0.01000
v 0.26500 -0.01500 0.01000
v 0.26500 -0.01000 0.01000
v 0.26000 -0.01000 0.01000
v 0.26000 -0.01500 0.01500
v 0.26500 -0.01500 0.01500
v 0.26500 -0.01000 0.01500
v 0.26000 -0.01000 0.01500
v 0.26000 -0.01500 0.01500
v 0.26500 -0.01500 0.01500
v 0.26500 -0.01000 0.01500
v 0.26000 -0.01000 0.01500
v 0.26000 -0.01500 0.02000
v 0.26500 -0.01500 0.02000
v 0.26500 -0.01000 0.02000
v 0.26000 -0.01000 0.02000
v 0.26000 -0.01500 0.02000
v 0.26500 -0.01500 0.02000
v 0.26500 -0.01000 0.02000
v 0.26000 -0.01000 0.02000
v 0.26000 -0.01500 0.02500
v 0.26500 -0.01500 0.02500
v 0.26500 -0.01000 0.02500
v 0.26000 -0.01000 0.02500
v 0.26000 -0.01500 0.02500
v 0.26500 -0.01500 0.02500
v 0.26500 -0.01000 0.02500
v 0.26000 -0.01000 0.02500
v 0.26000 -0.01500 0.03000
v 0.26500 -0.01500 0.03000
v 0.26500 -0.01000 0.03000
v 0.26000 -0.01000 0.03000
v 0.26000 -0.01500 0.03000
v 0.26500 -0.01500 0.03000
v 0.26500 -0.01000 0.03000
v 0.26000 -0.01000 0.03000
v 0.26000 -0.01500 0.03500
v 0.26500 -0.01500 0.03500
v 0.26500 -0.01000 0.03500
v 0.26000 -0.01000 0.03500
v 0.26000 -0.01500 0.03500
v 0.26500 -0.01500 0.03500
v 0.26500 -0.01000 0.03500
v 0.26000 -0.01000 0.03500
v 0.26000 -0.01500 0.04000
v 0.26500 -0.01500 0.04000
v 0.26500 -0.01000 0.04000
v 0.26000 -0.01000 0.04000
v 0.26000 -0.01500 0.04000
v 0.26500 -0.01500 0.04000
v 0.26500 -0.01000 0.04000
v 0.26000 -0.01000 0.04000
v 0.26000 -0.01500 0.04500
v 0.26500 -0.01500 0.04500
v 0.26500 -0.01000 0.04500
v 0.26000 -0.01000 0.04500
v 0.26000 -0.01500 0.04500
v 0.26500 -0.01500 0.04500
v 0.26500 -0.01000 0.04500
v 0.26000 -0.01000 0.04500
v 0.26000 -0.01500 0.05000
v 0.26500 -0.01500 0.05000
v 0.26500 -0.01000 0.05000
v 0.26000 -0.01000 0.05000
v 0.26000 -0.01500 0.05000
v 0.26500 -0.01500 0.05000
v 0.26500 -0.01000 0.05000
v 0.26000 -0.01000 0.05000
v 0.26000 -0.01500 0.05500
v 0.26500 -0.01500 0.05500
v 0.26500 -0.01000 0.05500
v 0.26000 -0.01000 0.05500
v 0.26000 -0.01500 0.05500
v 0.26500 -0.01500 0.05500
v 0.26500 -0.01000 0.05500
v 0.26000 -0.01000 0.05500
v 0.26000 -0.01500 0.06000
v 0.26500 -0.01500 0.06000
v 0.26500 -0.01000 0.06000
v 0.26000 -0.01000 0.06000
v 0.26000 -0.01500 0.06000
v 0.26500 -0.01500 0.06000
v 0.26500 -0.01000 0.06000
v 0.26000 -0.01000 0.06000
v 0.26000 -0.01500 0.06500
v 0.26500 -0.01500 0.06500
v 0.26500 -0.01000 0.06500
v 0.26000 -0.01000 0.06500
v 0.26000 -0.01500 0.06500
v 0.26500 -0.01500 0.06500
v 0.26500 -0.01000 0.06500
v 0.26000 -0.01000 0.06500
v 0.26000 -0.01500 0.07000
v 0.26500 -0.01500 0.07000
v 0.26500 -0.01000 0.07000
v 0.26000 -0.01000 0.07000
v 0.26000 -0.01500 0.07000
v 0.26500 -0.01500 0.07000
v 0.26500 -0.01000 0.07000
v 0.26000 -0.01000 0.07000
v 0.26000 -0.01500 0.07500
v 0.26500 -0.01500 0.07500
v 0.26500 -0.01000 0.07500
v 0.26000 -0.01000 0.07500
v 0.26000 -0.01500 0.07500
v 0.26500 -0.01500 0.07500
v 0.26500 -0.01000 0.07500
v 0.26000 -0.01000 0.07500
v 0.26000 -0.01500 0.08000
v 0.26500 -0.01500 0.08000
v 0.26500 -0.01000 0.08000
v 0.26000 -0.01000 0.08000
v 0.26000 -0.01500 0.08000
v 0.26500 -0.01500 0.08000
v 0.26500 -0.01000 0.08000
v 0.26000 -0.01000 0.08000
v 0.26000 -0.01500 0.08500
v 0.26500 -0.01500 0.08500
v 0.26500 -0.01000 0.08500
v 0.26000 -0.01000 0.08500
v 0.26000 -0.01500 0.08500
v 0.26500 -0.01500 0.08500
v 0.26500 -0.01000 0.08500
v 0.26000 -0.01000 0.08500
v 0.26000 -0.01500 0.09000
v 0.26500 -0.01500 0.09000
v 0.26500 -0.01000 0.09000
v 0.26000 -0.01000 0.09000
v 0.26000 -0.01500 0.09000
v 0.26500 -0.01500 0.09000
v 0.26500 -0.01000 0.09000
v 0.26000 -0.01000 0.09000
v 0.26000 -0.01500 0.09500
v 0.26500 -0.01500 0.09500
v 0.26500 -0.01000 0.09500
v 0.26000 -0.01000 0.09500
v 0.26000 -0.01500 0.09500
v 0.26500 -0.01500 0.09500
v 0.26500 -0.01000 0.09500
v 0.26000 -0.01000 0.09500
v 0.26000 -0.01500 0.10000
v 0.26500 -0.01500 0.10000
v 0.26500 -0.01000 0.10000
v 0.26000 -0.01000 0.10000
v 0.26000 -0.01500 0.10000
v 0.26500 -0.01500 0.10000
v 0.26500 -0.01000 0.10000
v 0.26000 -0.01000 0.10000
v 0.26000 -0.01500 0.10500
v 0.26500 -0.01500 0.10500
v 0.26500 -0.01000 0.10500
v 0.26000 -0.01000 0.10500
v 0.26000 -0.01500 0.10500
v 0.26500 -0.01500 0.10500
v 0.26500 -0.01000 0.10500
v 0.26000 -0.01000 0.10500
v 0.26000 -0.01500 0.11000
v 0.26500 -0.01500 0.11000
v 0.26500 -0.01000 0.11000
v 0.26000 -0.01000 0.11000
v 0.26000 -0.01500 0.11000
v 0.26500 -0.01500 0.11000
v 0.26500 -0.01000 0.11000
v 0.26000 -0.01000 0.11000
v 0.26000 -0.01500 0.11500
v 0.26500 -0.01500 0.11500
v 0.26500 -0.01000 0.11500
v 0.26000 -0.01000 0.11500
v 0.26000 -0.01500 0.11500
v 0.26500 -0.01500 0.11500
v 0.26500 -0.01000 0.11500
v 0.26000 -0.01000 0.11500
v 0.26000 -0.01500 0.12000
v 0.26500 -0.01500 0.12000
v 0.26500 -0.01000 0.12000
v 0.26000 -0.01000 0.12000
v 0.26000 -0.01500 0.12000
v 0.26500 -0.01500 0.12000
v 0.26500 -0.01000 0.12000
v 0.26000 -0.01000 0.12000
v 0.26000 -0.01500 0.12500
v 0.26500 -0.01500 0.12500
v 0.26500 -0.01000 0.12500
v 0.26000 -0.01000 0.12500
v 0.26000 -0.01500 0.12500
v 0.26500 -0.01500 0.12500
v 0.26500 -0.01000 0.12500
v 0.26000 -0.01000 0.12500
v 0.26000 -0.01500 0.13000
v 0.26500 -0.01500 0.13000
v 0.26500 -0.01000 0.13000
v 0.26000 -0.01000 0.13000
v 0.26000 -0.01500 0.13000
v 0.26500 -0.01500 0.13000
v 0.26500 -0.01000 0.13000
v 0.26000 -0.01000 0.13000
v 0.26000 -0.01500 0.13500
v 0.26500 -0.01500 0.13500
v 0.26500 -0.01000 0.13500
v 0.26000 -0.01000 0.13500
v 0.26000 -0.01000 0.00000
v 0.26500 -0.01000 0.00000
v 0.26500 -0.00500 0.00000
v 0.26000 -0.00500 0.00000
v 0.26000 -0.01000 0.00500
v 0.26500 -0.01000 0.00500
v 0.26500 -0.00500 0.00500
v 0.26000 -0.00500 0.00500
v 0.26000 -0.01000 0.00500
v 0.26500 -0.01000 0.00500
v 0.26500 -0.00500 0.00500
v 0.26000 -0.00500 0.00500
v 0.26000 -0.01000 0.01000
v 0.26500 -0.01000 0.01000
v 0.26500 -0.00500 0.01000
v 0.26000 -0.00500 0.01000
v 0.26000 -0.01000 0.01000
v 0.26500 -0.01000 0.01000
v 0.26500 -0.00500 0.01000
v 0.26000 -0.00500 0.01000
v 0.26000 -0.01000 0.01500
v 0.26500 -0.01000 0.01500
v 0.26500 -0.00500 0.01500
v 0.26000 -0.00500 0.01500
v 0.26000 -0.01000 0.01500
v 0.26500 -0.01000 0.01500
v 0.26500 -0.00500 0.01500
v 0.26000 -0.00500 0.01500
v 0.26000 -0.01000 0.02000
v 0.26500 -0.01000 0.02000
v 0.26500 -0.00500 0.02000
v 0.26000 -0.00500 0.02000
v 0.26000 -0.01000 0.02000
v 0.26500 -0.01000 0.02000
v 0.26500 -0.00500 0.02000
v 0.26000 -0.00500 0.02000
v 0.26000 -0.01000 0.02500
v 0.26500 -0.01000 0.02500
v 0.26500 -0.00500 0.02500
v 0.26000 -0.00500 0.02500
v 0.26000 -0.01000 0.02500
v 0.26500 -0.01000 0.02500
v 0.26500 -0.00500 0.02500
v 0.26000 -0.00500 0.02500
v 0.26000 -0.01000 0.03000
v 0.26500 -0.01000 0.03000
v 0.26500 -0.00500 0.03000
v 0.26000 -0.00500 0.03000
v 0.26000 -0.01000 0.03000
v 0.26500 -0.01000 0.03000
v 0.26500 -0.00500 0.03000
v 0.26000 -0.00500 0.03000
v 0.26000 -0.01000 0.03500
v 0.26500 -0.01000 0.03500
v 0.26500 -0.00500 0.03500
v 0.26000 -0.00500 0.03500
v 0.26000 -0.01000 0.03500
v 0.26500 -0.01000 0.03500
v 0.26500 -0.00500 0.03500
v 0.26000 -0.00500 0.03500
v 0.26000 -0.01000 0.04000
v 0.26500 -0.01000 0.04000
v 0.26500 -0.00500 0.04000
v 0.26000 -0.00500 0.04000
v 0.26000 -0.01000 0.04000
v 0.26500 -0.01000 0.04000
v 0.26500 -0.00500 0.04000
v 0.26000 -0.00500 0.04000
v 0.26000 -0.01000 0.04500
v 0.26500 -0.01000 0.04500
v 0.26500 -0.00500 0.04500
v 0.26000 -0.00500 0.04500
v 0.26000 -0.01000 0.04500
v 0.26500 -0.01000 0.04500
v 0.26500 -0.00500 0.04500
v 0.26000 -0.00500 0.04500
v 0.26000 -0.01000 0.05000
v 0.26500 -0.01000 0.05000
v 0.26500 -0.00500 0.05000
v 0.26000 -0.00500 0.05000
v 0.26000 -0.01000 0.11500
v 0.26500 -0.01000 0.11500
v 0.26500 -0.00500 0.11500
v 0.26000 -0.00500 0.11500
v 0.26000 -0.01000 0.12000
v 0.26500 -0.01000 0.12000
v 0.26500 -0.00500 0.12000
v 0.26000 -0.00500 0.12000
v 0.26000 -0.01000 0.12000
v 0.26500 -0.01000 0.12000
v 0.26500 -0.00500 0.12000
v 0.26000 -0.00500 0.12000
v 0.26000 -0.01000 0.12500
v 0.26500 -0.01000 0.12500
v 0.26500 -0.00500 0.12500
v 0.26000 -0.00500 0.12500
v 0.26000 -0.01000 0.12500
v 0.26500 -0.01000 0.12500
v 0.26500 -0.00500 0.12500
v 0.26000 -0.00500 0.12500
v 0.26000 -0.01000 0.13000
v 0.26500 -0.01000 0.13000
v 0.26500 -0.00500 0.13000
v 0.26000 -0.00500 0.13000
v 0.26000 -0.01000 0.13000
v 0.26500 -0.01000 0.13000
v 0.26500 -0.00500 0.13000
v 0.26000 -0.00500 0.13000
v 0.26000 -0.01000 0.13500
v 0.26500 -0.01000 0.13500
v 0.26500 -0.00500 0.13500
v 0.26000 -0.00500 0.13500
v 0.26000 -0.01000 0.13500
v 0.26500 -0.01000 0.13500
v 0.26500 -0.00500 0.13500
v 0.26000 -0.00500 0.13500
v 0.26000 -0.01000 0.14000
v 0.26500 -0.01000 0.14000
v 0.26500 -0.00500 0.14000
v 0.26000 -0.00500 0.14000
v 0.26000 -0.01000 0.14000
v 0.26500 -0.01000 0.14000
v 0.26500 -0.00500 0.14000
v 0.26000 -0.00500 0.14000
v 0.26000 -0.01000 0.14500
v 0.26500 -0.01000 0.14500
v 0.26500 -0.00500 0.14500
v 0.26000 -0.00500 0.14500
v 0.26000 -0.00500 0.00000
v 0.26500 -0.00500 0.00000
v 0.26500 0.00000 0.00000
v 0.26000 0.00000 0.00000
v 0.26000 -0.00500 0.00500
v 0.26500 -0.00500 0.00500
v 0.26500 0.00000 0.00500
v 0.26000 0.00000 0.00500
v 0.26000 -0.00500 0.00500
v 0.26500 -0.00500 0.00500
v 0.26500 0.00000 0.00500
v 0.26000 0.00000 0.00500
v 0.26000 -0.00500 0.01000
v 0.26500 -0.00500 0.01000
v 0.26500 0.00000 0.01000
v 0.26000 0.00000 0.01000
v 0.26000 -0.00500 0.01000
v 0.26500 -0.00500 0.01000
v 0.26500 0.00000 0.01000
v 0.26000 0.00000 0.01000
v 0.26000 -0.00500 0.01500
v 0.26500 -0.00500 0.01500
v 0.26500 0.00000 0.01500
v 0.26000 0.00000 0.01500
v 0.26000 -0.00500 0.01500
v 0.26500 -0.00500 0.01500
v 0.26500 0.00000 0.01500
v 0.26000 0.00000 0.01500
v 0.26000 -0.00500 0.02000
v 0.26500 -0.00500 0.02000
v 0.26500 0.00000 0.02000
v 0.26000 0.00000 0.02000
v 0.26000 -0.00500 0.02000
v 0.26500 -0.00500 0.02000
v 0.26500 0.00000 0.02000
v 0.26000 0.00000 0.02000
v 0.26000 -0.00500 0.02500
v 0.26500 -0.00500 0.02500
v 0.26500 0.00000 0.02500
v 0.26000 0.00000 0.02500
v 0.26000 -0.00500 0.02500
v 0.26500 -0.00500 0.02500
v 0.26500 0.00000 0.02500
v 0.26000 0.00000 0.02500
v 0.26000 -0.00500 0.03000
v 0.26500 -0.00500 0.03000
v 0.26500 0.00000 0.03000
v 0.26000 0.00000 0.03000
v 0.26000 -0.00500 0.03000
v 0.26500 -0.00500 0.03000
v 0.26500 0.00000 0.03000
v 0.26000 0.00000 0.03000
v 0.26000 -0.00500 0.03500
v 0.26500 -0.00500 0.03500
v 0.26500 0.00000 0.03500
v 0.26000 0.00000 0.03500
v 0.26000 -0.00500 0.03500
v 0.26500 -0.00500 0.03500
v 0.26500 0.00000 0.03500
v 0.26000 0.00000 0.03500
v 0.26000 -0.00500 0.04000
v 0.26500 -0.00500 0.04000
v 0.26500 0.00000 0.04000
v 0.26000 0.00000 0.04000
v 0.26000 -0.00500 0.04000
v 0.26500 -0.00500 0.04000
v 0.26500 0.00000 0.04000
v 0.26000 0.00000 0.04000
v 0.26000 -0.00500 0.04500
v 0.26500 -0.00500 0.04500
v 0.26500 0.00000 0.04500
v 0.26000 0.00000 0.04500
v 0.26000 -0.00500 0.04500
v 0.26500 -0.00500 0.04500
v 0.26500 0.00000 0.04500
v 0.26000 0.00000 0.04500
v 0.26000 -0.00500 0.05000
v 0.26500 -0.00500 0.05000
v 0.26500 0.00000 0.05000
v 0.26000 0.00000 0.05000
v 0.26000 -0.00500 0.05000
v 0.26500 -0.00500 0.05000
v 0.26500 0.00000 0.05000
v 0.26000 0.00000 0.05000
v 0.26000 -0.00500 0.05500
v 0.26500 -0.00500 0.05500
v 0.26500 0.00000 0.05500
v 0.26000 0.00000 0.05500
v 0.26000 -0.00500 0.05500
v 0.26500 -0.00500 0.05500
v 0.26500 0.00000 0.05500
v 0.26000 0.00000 0.05500
v 0.26000 -0.00500 0.06000
v 0.26500 -0.00500 0.06000
v 0.26500 0.00000 0.06000
v 0.26000 0.00000 0.06000
v 0.26000 -0.00500 0.06000
v 0.26500 -0.00500 0.06000
v 0.26500 0.00000 0.06000
v 0.26000 0.00000 0.06000
v 0.26000 -0.00500 0.06500
v 0.26500 -0.00500 0.06500
v 0.26500 0.00000 0.06500
v 0.26000 0.00000 0.06500
v 0.26000 -0.00500 0.06500
v 0.26500 -0.00500 0.06500
v 0.26500 0.00000 0.06500
v 0.26000 0.00000 0.06500
v 0.26000 -0.00500 0.07000
v 0.26500 -0.00500 0.07000
v 0.26500 0.00000 0.07000
v 0.26000 0.00000 0.07000
v 0.26000 -0.00500 0.07000
v 0.26500 -0.00500 0.07000
v 0.26500 0.00000 0.07000
v 0.26000 0.00000 0.07000
v 0.26000 -0.00500 0.07500
v 0.26500 -0.00500 0.07500
v 0.26500 0.00000 0.07500
v 0.26000 0.00000 0.07500
v 0.26000 -0.00500 0.07500
v 0.26500 -0.00500 0.07500
v 0.26500 0.00000 0.07500
v 0.26000 0.00000 0.07500
v 0.26000 -0.00500 0.08000
v 0.26500 -0.00500 0.08000
v 0.26500 0.00000 0.08000
v 0.26000 0.00000 0.08000
v 0.26000 -0.00500 0.08000
v 0.26500 -0.00500 0.08000
v 0.26500 0.00000 0.08000
v 0.26000 0.00000 0.08000
v 0.26000 -0.00500 0.08500
v 0.26500 -0.00500 0.08500
v 0.26500 0.00000 0.08500
v 0.26000 0.00000 0.08500
v 0.26000 -0.00500 0.08500
v 0.26500 -0.00500 0.08500
v 0.26500 0.00000 0.08500
v 0.26000 0.00000 0.08500
v 0.26000 -0.00500 0.09000
v 0.26500 -0.00500 0.09000
v 0.26500 0.00000 0.09000
v 0.26000 0.00000 0.09000
v 0.26000 -0.00500 0.09000
v 0.26500 -0.00500 0.09000
v 0.26500 0.00000 0.09000
v 0.26000 0.00000 0.09000
v 0.26000 -0.00500 0.09500
v 0.26500 -0.00500 0.09500
v 0.26500 0.00000 0.09500
v 0.26000 0.00000 0.09500
v 0.26000 -0.00500 0.09500
v 0.26500 -0.00500 0.09500
v 0.26500 0.00000 0.09500
v 0.26000 0.00000 0.09500
v 0.26000 -0.00500 0.10000
v 0.26500 -0.00500 0.10000
v 0.26500 0.00000 0.10000
v 0.26000 0.00000 0.10000
v 0.26000 -0.00500 0.10000
v 0.26500 -0.00500 0.10000
v 0.26500 0.00000 0.10000
v 0.26000 0.00000 0.10000
v 0.26000 -0.00500 0.10500
v 0.26500 -0.00500 0.10500
v 0.26500 0.00000 0.10500
v 0.26000 0.00000 0.10500
v 0.26000 -0.00500 0.10500
v 0.26500 -0.00500 0.10500
v 0.26500 0.00000 0.10500
v 0.26000 0.00000 0.10500
v 0.26000 -0.00500 0.11000
v 0.26500 -0.00500 0.11000
v 0.26500 0.00000 0.11000
v 0.26000 0.00000 0.11000
v 0.26000 -0.00500 0.11000
v 0.26500 -0.00500 0.11000
v 0.26500 0.00000 0.11000
v 0.26000 0.00000 0.11000
v 0.26000 -0.00500 0.11500
v 0.26500 -0.00500 0.11500
v 0.26500 0.00000 0.11500
v 0.26000 0.00000 0.11500
v 0.26000 -0.00500 0.11500
v 0.26500 -0.00500 0.11500
v 0.26500 0.00000 0.11500
v 0.26000 0.00000 0.11500
v 0.26000 -0.00500 0.12000
v 0.26500 -0.00500 0.12000
v 0.26500 0.00000 0.12000
v 0.26000 0.00000 0.12000
v 0.26000 -0.00500 0.12000
v 0.26500 -0.00500 0.12000
v 0.26500 0.00000 0.12000
v 0.26000 0.00000 0.12000
v 0.26000 -0.00500 0.12500
v 0.26500 -0.00500 0.12500
v 0.26500 0.00000 0.12500
v 0.26000 0.00000 0.12500
v 0.26000 -0.00500 0.12500
v 0.26500 -0.00500 0.12500
v 0.26500 0.00000 0.12500
v 0.26000 0.00000 0.12500
v 0.26000 -0.00500 0.13000
v 0.26500 -0.00500 0.13000
v 0.26500 0.00000 0.13000
v 0.26000 0.00000 0.13000
v 0.26000 -0.00500 0.13000
v 0.26500 -0.00500 0.13000
v 0.26500 0.00000 0.13000
v 0.26000 0.00000 0.13000
v 0.26000 -0.00500 0.13500
v 0.26500 -0.00500 0.13500
v 0.26500 0.00000 0.13500
v 0.26000 0.00000 0.13500
v 0.26000 -0.00500 0.13500
v 0.26500 -0.00500 0.13500
v 0.26500 0.00000 0.13500
v 0.26000 0.00000 0.13500
v 0.26000 -0.00500 0.14000
v 0.26500 -0.00500 0.14000
v 0.26500 0.00000 0.14000
v 0.26000 0.00000 0.14000
v 0.26000 -0.00500 0.14000
v 0.26500 -0.00500 0.14000
v 0.26500 0.00000 0.14000
v 0.26000 0.00000 0.14000
v 0.26000 -0.00500 0.14500
v 0.26500 -0.00500 0.14500
v 0.26500 0.00000 0.14500
v 0.26000 0.00000 0.14500
v 0.26000 -0.00500 0.14500
v 0.26500 -0.00500 0.14500
v 0.26500 0.00000 0.14500
v 0.26000 0.00000 0.14500
v 0.26000 -0.00500 0.15000
v 0.26500 -0.00500 0.15000
v 0.26500 0.00000 0.15000
v 0.26000 0.00000 0.15000
v 0.26000 0.00000 0.00000
v 0.26500 0.00000 0.00000
v 0.26500 0.00500 0.00000
v 0.26000 0.00500 0.00000
v 0.26000 0.00000 0.00500
v 0.26500 0.00000 0.00500
v 0.26500 0.00500 0.00500
v 0.26000 0.00500 0.00500
v 0.26000 0.00000 0.00500
v 0.26500 0.00000 0.00500
v 0.26500 0.00500 0.00500
v 0.26000 0.00500 0.00500
v 0.26000 0.00000 0.01000
v 0.26500 0.00000 0.01000
v 0.26500 0.00500 0.01000
v 0.26000 0.00500 0.01000
v 0.26000 0.00000 0.01000
v 0.26500 0.00000 0.01000
v 0.26500 0.00500 0.01000
v 0.26000 0.00500 0.01000
v 0.26000 0.00000 0.01500
v 0.26500 0.00000 0.01500
v 0.26500 0.00500 0.01500
v 0.26000 0.00500 0.01500
v 0.26000 0.00000 0.01500
v 0.26500 0.00000 0.01500
v 0.26500 0.00500 0.01500
v 0.26000 0.00500 0.01500
v 0.26000 0.00000 0.02000
v 0.26500 0.00000 0.02000
v 0.26500 0.00500 0.02000
v 0.26000 0.00500 0.02000
v 0.26000 0.00000 0.02000
v 0.26500 0.00000 0.02000
v 0.26500 0.00500 0.02000
v 0.26000 0.00500 0.02000
v 0.26000 0.00000 0.02500
v 0.26500 0.00000 0.02500
v 0.26500 0.00500 0.02500
v 0.26000 0.00500 0.02500
v 0.26000 0.00000 0.02500
v 0.26500 0.00000 0.02500
v 0.26500 0.00500 0.02500
v 0.26000 0.00500 0.02500
v 0.26000 0.00000 0.03000
v 0.26500 0.00000 0.03000
v 0.26500 0.00500 0.03000
v 0.26000 0.00500 0.03000
v 0.26000 0.00000 0.03000
v 0.26500 0.00000 0.03000
v 0.26500 0.00500 0.03000
v 0.26000 0.00500 0.03000
v 0.26000 0.00000 0.03500
v 0.26500 0.00000 0.03500
v 0.26500 0.00500 0.03500
v 0.26000 0.00500 0.03500
v 0.26000 0.00000 0.03500
v 0.26500 0.00000 0.03500
v 0.26500 0.00500 0.03500
v 0.26000 0.00500 0.03500
v 0.26000 0.00000 0.04000
v 0.26500 0.00000 0.04000
v 0.26500 0.00500 0.04000
v 0.26000 0.00500 0.04000
v 0.26000 0.00000 0.04000
v 0.26500 0.00000 0.04000
v 0.26500 0.00500 0.04000
v 0.26000 0.00500 0.04000
v 0.26000 0.00000 0.04500
v 0.26500 0.00000 0.04500
v 0.26500 0.00500 0.04500
v 0.26000 0.00500 0.04500
v 0.26000 0.00000 0.04500
v 0.26500 0.00000 0.04500
v 0.26500 0.00500 0.04500
v 0.26000 0.00500 0.04500
v 0.26000 0.00000 0.05000
v 0.26500 0.00000 0.05000
v 0.26500 0.00500 0.05000
v 0.26000 0.00500 0.05000
v 0.26000 0.00000 0.05000
v 0.26500 0.00000 0.05000
v 0.26500 0.00500 0.05000
v 0.26000 0.00500 0.05000
v 0.26000 0.00000 0.05500
v 0.26500 0.00000 0.05500
v 0.26500 0.00500 0.05500
v 0.26000 0.00500 0.05500
v 0.26000 0.00000 0.05500
v 0.26500 0.00000 0.05500
v 0.26500 0.00500 0.05500
v 0.26000 0.00500 0.05500
v 0.26000 0.00000 0.06000
v 0.26500 0.00000 0.06000
v 0.26500 0.00500 0.06000
v 0.26000 0.00500 0.06000
v 0.26000 0.00000 0.06000
v 0.26500 0.00000 0.06000
v 0.26500 0.00500 0.06000
v 0.26000 0.00500 0.06000
v 0.26000 0.00000 0.06500
v 0.26500 0.00000 0.06500
v 0.26500 0.00500 0.06500
v 0.26000 0.00500 0.06500
v 0.26000 0.00000 0.06500
v 0.26500 0.00000 0.06500
v 0.26500 0.00500 0.06500
v 0.26000 0.00500 0.06500
v 0.26000 0.00000 0.07000
v 0.26500 0.00000 0.07000
v 0.26500 0.00500 0.07000
v 0.26000 0.00500 0.07000
v 0.26000 0.00000 0.07000
v 0.26500 0.00000 0.07000
v 0.26500 0.00500 0.07000
v 0.26000 0.00500 0.07000
v 0.26000 0.00000 0.07500
v 0.26500 0.00000 0.07500
v 0.26500 0.00500 0.07500
v 0.26000 0.00500 0.07500
v 0.26000 0.00000 0.07500
v 0.26500 0.00000 0.07500
v 0.26500 0.00500 0.07500
v 0.26000 0.00500 0.07500
v 0.26000 0.00000 0.08000
v 0.26500 0.00000 0.08000
v 0.26500 0.00500 0.08000
v 0.26000 0.00500 0.08000
v 0.26000 0.00000 0.08000
v 0.26500 0.00000 0.08000
v 0.26500 0.00500 0.08000
v 0.26000 0.00500 0.08000
v 0.26000 0.00000 0.08500
v 0.26500 0.00000 0.08500
v 0.26500 0.00500 0.08500
v 0.26000 0.00500 0.08500
v 0.26000 0.00000 0.08500
v 0.26500 0.00000 0.08500
v 0.26500 0.00500 0.08500
v 0.26000 0.00500 0.08500
v 0.26000 0.00000 0.09000
v 0.26500 0.00000 0.09000
v 0.26500 0.00500 0.09000
v 0.26000 0.00500 0.09000
v 0.26000 0.00000 0.09000
v 0.26500 0.00000 0.09000
v 0.26500 0.00500 0.09000
v 0.26000 0.00500 0.09000
v 0.26000 0.00000 0.09500
v 0.26500 0.00000 0.09500
v 0.26500 0.00500 0.09500
v 0.26000 0.00500 0.09500
v 0.26000 0.00000 0.09500
v 0.26500 0.00000 0.09500
v 0.26500 0.00500 0.09500
v 0.26000 0.00500 0.09500
v 0.26000 0.00000 0.10000
v 0.26500 0.00000 0.10000
v 0.26500 0.00500 0.10000
v 0.26000 0.00500 0.10000
v 0.26000 0.00000 0.10000
v 0.26500 0.00000 0.10000
v 0.26500 0.00500 0.10000
v 0.26000 0.00500 0.10000
v 0.26000 0.00000 0.10500
v 0.26500 0.00000 0.10500
v 0.26500 0.00500 0.10500
v 0.26000 0.00500 0.10500
v 0.26000 0.00000 0.10500
v 0.26500 0.00000 0.10500
v 0.26500 0.00500 0.10500
v 0.26000 0.00500 0.10500
v 0.26000 0.00000 0.11000
v 0.26500 0.00000 0.11000
v 0.26500 0.00500 0.11000
v 0.26000 0.00500 0.11000
v 0.26000 0.00000 0.11000
v 0.26500 0.00000 0.11000
v 0.26500 0.00500 0.11000
v 0.26000 0.00500 0.11000
v 0.26000 0.00000 0.11500
v 0.26500 0.00000 0.11500
v 0.26500 0.00500 0.11500
v 0.26000 0.00500 0.11500
v 0.26000 0.00000 0.11500
v 0.26500 0.00000 0.11500
v 0.26500 0.00500 0.11500
v 0.26000 0.00500 0.11500
v 0.26000 0.00000 0.12000
v 0.26500 0.00000 0.12000
v 0.26500 0.00500 0.12000
v 0.26000 0.00500 0.12000
v 0.26000 0.00000 0.12000
v 0.26500 0.00000 0.12000
v 0.26500 0.00500 0.12000
v 0.26000 0.00500 0.12000
v 0.26000 0.00000 0.12500
v 0.26500 0.00000 0.12500
v 0.26500 0.00500 0.12500
v 0.26000 0.00500 0.12500
v 0.26000 0.00000 0.12500
v 0.26500 0.00000 0.12500
v 0.26500 0.00500 0.12500
v 0.26000 0.00500 0.12500
v 0.26000 0.00000 0.13000
v 0.26500 0.00000 0.13000
v 0.26500 0.00500 0.13000
v 0.26000 0.00500 0.13000
v 0.26000 0.00000 0.13000
v 0.26500 0.00000 0.13000
v 0.26500 0.00500 0.13000
v 0.26000 0.00500 0.13000
v 0.26000 0.00000 0.13500
v 0.26500 0.00000 0.13500
v 0.26500 0.00500 0.13500
v 0.26000 0.00500 0.13500
v 0.26000 0.00000 0.13500
v 0.26500 0.00000 0.13500
v 0.26500 0.00500 0.13500
v 0.26000 0.00500 0.13500
v 0.26000 0.00000 0.14000
v 0.26500 0.00000 0.14000
v 0.26500 0.00500 0.14000
v 0.26000 0.00500 0.14000
v 0.26000 0.00000 0.14000
v 0.26500 0.00000 0.14000
v 0.26500 0.00500 0.14000
v 0.26000 0.00500 0.14000
v 0.26000 0.00000 0.14500
v 0.26500 0.00000 0.14500
v 0.26500 0.00500 0.14500
v 0.26000 0.00500 0.14500
v 0.26000 0.00000 0.14500
v 0.26500 0.00000 0.14500
v 0.26500 0.00500 0.14500
v 0.26000 0.00500 0.14500
v 0.26000 0.00000 0.15000
v 0.26500 0.00000 0.15000
v 0.26500 0.00500 0.15000
v 0.26000 0.00500 0.15000
v 0.26000 0.00500 0.00000
v 0.26500 0.00500 0.00000
v 0.26500 0.01000 0.00000
v 0.26000 0.01000 0.00000
v 0.26000 0.00500 0.00500
v 0.26500 0.00500 0.00500
v 0.26500 0.01000 0.00500
v 0.26000 0.01000 0.00500
v 0.26000 0.00500 0.00500
v 0.26500 0.00500 0.00500
v 0.26500 0.01000 0.00500
v 0.26000 0.01000 0.00500
v 0.26000 0.00500 0.01000
v 0.26500 0.00500 0.01000
v 0.26500 0.01000 0.01000
v 0.26000 0.01000 0.01000
v 0.26000 0.00500 0.01000
v 0.26500 0.00500 0.01000
v 0.26500 0.01000 0.01000
v 0.26000 0.01000 0.01000
v 0.26000 0.00500 0.01500
v 0.26500 0.00500 0.01500
v 0.26500 0.01000 0.01500
v 0.26000 0.01000 0.01500
v 0.26000 0.00500 0.01500
v 0.26500 0.00500 0.01500
v 0.26500 0.01000 0.01500
v 0.26000 0.01000 0.01500
v 0.26000 0.00500 0.02000
v 0.26500 0.00500 0.02000
v 0.26500 0.01000 0.02000
v 0.26000 0.01000 0.02000
v 0.26000 0.00500 0.02000
v 0.26500 0.00500 0.02000
v 0.26500 0.01000 0.02000
v 0.26000 0.01000 0.02000
v 0.26000 0.00500 0.02500
v 0.26500 0.00500 0.02500
v 0.26500 0.01000 0.02500
v 0.26000 0.01000 0.02500
v 0.26000 0.00500 0.02500
v 0.26500 0.00500 0.02500
v 0.26500 0.01000 0.02500
v 0.26000 0.01000 0.02500
v 0.26000 0.00500 0.03000
v 0.26500 0.00500 0.03000
v 0.26500 0.01000 0.03000
v 0.26000 0.01000 0.03000
v 0.26000 0.00500 0.03000
v 0.26500 0.00500 0.03000
v 0.26500 0.01000 0.03000
v 0.26000 0.01000 0.03000
v 0.26000 0.00500 0.03500
v 0.26500 0.00500 0.03500
v 0.26500 0.01000 0.03500
v 0.26000 0.01000 0.03500
v 0.26000 0.00500 0.03500
v 0.26500 0.00500 0.03500
v 0.26500 0.01000 0.03500
v 0.26000 0.01000 0.03500
v 0.26000 0.00500 0.04000
v 0.26500 0.00500 0.04000
v 0.26500 0.01000 0.04000
v 0.26000 0.01000 0.04000
v 0.26000 0.00500 0.04000
v 0.26500 0.00500 0.04000
v 0.26500 0.01000 0.04000
v 0.26000 0.01000 0.04000
v 0.26000 0.00500 0.04500
v 0.26500 0.00500 0.04500
v 0.26500 0.01000 0.04500
v 0.26000 0.01000 0.04500
v 0.26000 0.00500 0.04500
v 0.26500 0.00500 0.04500
v 0.26500 0.01000 0.04500
v 0.26000 0.01000 0.04500
v 0.26000 0.00500 0.05000
v 0.26500 0.00500 0.05000
v 0.26500 0.01000 0.05000
v 0.26000 0.01000 0.05000
v 0.26000 0.00500 0.05000
v 0.26500 0.00500 0.05000
v 0.26500 0.01000 0.05000
v 0.26000 0.01000 0.05000
v 0.26000 0.00500 0.05500
v 0.26500 0.00500 0.05500
v 0.26500 0.01000 0.05500
v 0.26000 0.01000 0.05500
v 0.26000 0.00500 0.05500
v 0.26500 0.00500 0.05500
v 0.26500 0.01000 0.05500
v 0.26000 0.01000 0.05500
v 0.26000 0.00500 0.06000
v 0.26500 0.00500 0.06000
v 0.26500 0.01000 0.06000
v 0.26000 0.01000 0.06000
v 0.26000 0.00500 0.06000
v 0.26500 0.00500 0.06000
v 0.26500 0.01000 0.06000
v 0.26000 0.01000 0.06000
v 0.26000 0.00500 0.06500
v 0.26500 0.00500 0.06500
v 0.26500 0.01000 0.06500
v 0.26000 0.01000 0.06500
v 0.26000 0.00500 0.06500
v 0.26500 0.00500 0.06500
v 0.26500 0.01000 0.06500
v 0.26000 0.01000 0.06500
v 0.26000 0.00500 0.07000
v 0.26500 0.00500 0.07000
v 0.26500 0.01000 0.07000
v 0.26000 0.01000 0.07000
v 0.26000 0.00500 0.07000
v 0.26500 0.00500 0.07000
v 0.26500 0.01000 0.07000
v 0.26000 0.01000 0.07000
v 0.26000 0.00500 0.07500
v 0.26500 0.00500 0.07500
v 0.26500 0.01000 0.07500
v 0.26000 0.01000 0.07500
v 0.26000 0.00500 0.07500
v 0.26500 0.00500 0.07500
v 0.26500 0.01000 0.07500
v 0.26000 0.01000 0.07500
v 0.26000 0.00500 0.08000
v 0.26500 0.00500 0.08000
v 0.26500 0.01000 0.08000
v 0.26000 0.01000 0.08000
v 0.26000 0.00500 0.08000
v 0.26500 0.00500 0.08000
v 0.26500 0.01000 0.08000
v 0.26000 0.01000 0.08000
v 0.26000 0.00500 0.08500
v 0.26500 0.00500 0.08500
v 0.26500 0.01000 0.08500
v 0.26000 0.01000 0.08500
v 0.26000 0.00500 0.08500
v 0.26500 0.00500 0.08500
v 0.26500 0.01000 0.08500
v 0.26000 0.01000 0.08500
v 0.26000 0.00500 0.09000
v 0.26500 0.00500 0.09000
v 0.26500 0.01000 0.09000
v 0.26000 0.01000 0.09000
v 0.26000 0.00500 0.09000
v 0.26500 0.00500 0.09000
v 0.26500 0.01000 0.09000
v 0.26000 0.01000 0.09000
v 0.26000 0.00500 0.09500
v 0.26500 0.00500 0.09500
v 0.26500 0.01000 0.09500
v 0.26000 0.01000 0.09500
v 0.26000 0.00500 0.09500
v 0.26500 0.00500 0.09500
v 0.26500 0.01000 0.09500
v 0.26000 0.01000 0.09500
v 0.26000 0.00500 0.10000
v 0.26500 0.00500 0.10000
v 0.26500 0.01000 0.10000
v 0.26000 0.01000 0.10000
v 0.26000 0.00500 0.10000
v 0.26500 0.00500 0.10000
v 0.26500 0.01000 0.10000
v 0.26000 0.01000 0.10000
v 0.26000 0.00500 0.10500
v 0.26500 0.00500 0.10500
v 0.26500 0.01000 0.10500
v 0.26000 0.01000 0.10500
v 0.26000 0.00500 0.10500
v 0.26500 0.00500 0.10500
v 0.26500 0.01000 0.10500
v 0.26000 0.01000 0.10500
v 0.26000 0.00500 0.11000
v 0.26500 0.00500 0.11000
v 0.26500 0.01000 0.11000
v 0.26000 0.01000 0.11000
v 0.26000 0.00500 0.11000
v 0.26500 0.00500 0.11000
v 0.26500 0.01000 0.11000
v 0.26000 0.01000 0.11000
v 0.26000 0.00500 0.11500
v 0.26500 0.00500 0.11500
v 0.26500 0.01000 0.11500
v 0.26000 0.01000 0.11500
v 0.26000 0.00500 0.11500
v 0.26500 0.00500 0.11500
v 0.26500 0.01000 0.11500
v 0.26000 0.01000 0.11500
v 0.26000 0.00500 0.12000
v 0.26500 0.00500 0.12000
v 0.26500 0.01000 0.12000
v 0.26000 0.01000 0.12000
v 0.26000 0.00500 0.12000
v 0.26500 0.00500 0.12000
v 0.26500 0.01000 0.12000
v 0.26000 0.01000 0.12000
v 0.26000 0.00500 0.12500
v 0.26500 0.00500 0.12500
v 0.26500 0.01000 0.12500
v 0.26000 0.01000 0.12500
v 0.26000 0.00500 0.12500
v 0.26500 0.00500 0.12500
v 0.26500 0.01000 0.12500
v 0.26000 0.01000 0.12500
v 0.26000 0.00500 0.13000
v 0.26500 0.00500 0.13000
v 0.26500 0.01000 0.13000
v 0.26000 0.01000 0.13000
v 0.26000 0.00500 0.13000
v 0.26500 0.00500 0.13000
v 0.26500 0.01000 0.13000
v 0.26000 0.01000 0.13000
v 0.26000 0.00500 0.13500
v 0.26500 0.00500 0.13500
v 0.26500 0.01000 0.13500
v 0.26000 0.01000 0.13500
v 0.26000 0.00500 0.13500
v 0.26500 0.00500 0.13500
v 0.26500 0.01000 0.13500
v 0.26000 0.01000 0.13500
v 0.26000 0.00500 0.14000
v 0.26500 0.00500 0.14000
v 0.26500 0.01000 0.14000
v 0.26000 0.01000 0.14000
v 0.26000 0.00500 0.14000
v 0.26500 0.00500 0.14000
v 0.26500 0.01000 0.14000
v 0.26000 0.01000 0.14000
v 0.26000 0.00500 0.14500
v 0.26500 0.00500 0.14500
v 0.26500 0.01000 0.14500
v 0.26000 0.01000 0.14500
v 0.26000 0.00500 0.14500
v 0.26500 0.00500 0.14500
v 0.26500 0.01000 0.14500
v 0.26000 0.01000 0.14500
v 0.26000 0.00500 0.15000
v 0.26500 0.00500 0.15000
v 0.26500 0.01000 0.15000
v 0.26000 0.01000 0.15000
v 0.26000 0.01000 0.00500
v 0.26500 0.01000 0.00500
v 0.26500 0.01500 0.00500
v 0.26000 0.01500 0.00500
v 0.26000 0.01000 0.01000
v 0.26500 0.01000 0.01000
v 0.26500 0.01500 0.01000
v 0.26000 0.01500 0.01000
v 0.26000 0.01000 0.01000
v 0.26500 0.01000 0.01000
v 0.26500 0.01500 0.01000
v 0.26000 0.01500 0.01000
v 0.26000 0.01000 0.01500
v 0.26500 0.01000 0.01500
v 0.26500 0.01500 0.01500
v 0.26000 0.01500 0.01500
v 0.26000 0.01000 0.01500
v 0.26500 0.01000 0.01500
v 0.26500 0.01500 0.01500
v 0.26000 0.01500 0.01500
v 0.26000 0.01000 0.02000
v 0.26500 0.01000 0.02000
v 0.26500 0.01500 0.02000
v 0.26000 0.01500 0.02000
v 0.26000 0.01000 0.02000
v 0.26500 0.01000 0.02000
v 0.26500 0.01500 0.02000
v 0.26000 0.01500 0.02000
v 0.26000 0.01000 0.02500
v 0.26500 0.01000 0.02500
v 0.26500 0.01500 0.02500
v 0.26000 0.01500 0.02500
v 0.26000 0.01000 0.02500
v 0.26500 0.01000 0.02500
v 0.26500 0.01500 0.02500
v 0.26000 0.01500 0.02500
v 0.26000 0.01000 0.03000
v 0.26500 0.01000 0.03000
v 0.26500 0.01500 0.03000
v 0.26000 0.01500 0.03000
v 0.26000 0.01000 0.03000
v 0.26500 0.01000 0.03000
v 0.26500 0.01500 0.03000
v 0.26000 0.01500 0.03000
v 0.26000 0.01000 0.03500
v 0.26500 0.01000 0.03500
v 0.26500 0.01500 0.03500
v 0.26000 0.01500 0.03500
v 0.26000 0.01000 0.03500
v 0.26500 0.01000 0.03500
v 0.26500 0.01500 0.03500
v 0.26000 0.01500 0.03500
v 0.26000 0.01000 0.04000
v 0.26500 0.01000 0.04000
v 0.26500 0.01500 0.04000
v 0.26000 0.01500 0.04000
v 0.26000 0.01000 0.04000
v 0.26500 0.01000 0.04000
v 0.26500 0.01500 0.04000
v 0.26000 0.01500 0.04000
v 0.26000 0.01000 0.04500
v 0.26500 0.01000 0.04500
v 0.26500 0.01500 0.04500
v 0.26000 0.01500 0.04500
v 0.26000 0.01000 0.04500
v 0.26500 0.01000 0.04500
v 0.26500 0.01500 0.04500
v 0.26000 0.01500 0.04500
v 0.26000 0.01000 0.05000
v 0.26500 0.01000 0.05000
v 0.26500 0.01500 0.05000
v 0.26000 0.01500 0.05000
v 0.26000 0.01000 0.05000
v 0.26500 0.01000 0.05000
v 0.26500 0.01500 0.05000
v 0.26000 0.01500 0.05000
v 0.26000 0.01000 0.05500
v 0.26500 0.01000 0.05500
v 0.26500 0.01500 0.05500
v 0.26000 0.01500 0.05500
v 0.26000 0.01000 0.05500
v 0.26500 0.01000 0.05500
v 0.26500 0.01500 0.05500
v 0.26000 0.01500 0.05500
v 0.26000 0.01000 0.06000
v 0.26500 0.01000 0.06000
v 0.26500 0.01500 0.06000
v 0.26000 0.01500 0.06000
v 0.26000 0.01000 0.06000
v 0.26500 0.01000 0.06000
v 0.26500 0.01500 0.06000
v 0.26000 0.01500 0.06000
v 0.26000 0.01000 0.06500
v 0.26500 0.01000 0.06500
v 0.26500 0.01500 0.06500
v 0.26000 0.01500 0.06500
v 0.26000 0.01000 0.06500
v 0.26500 0.01000 0.06500
v 0.26500 0.01500 0.06500
v 0.26000 0.01500 0.06500
v 0.26000 0.01000 0.07000
v 0.26500 0.01000 0.07000
v 0.26500 0.01500 0.07000
v 0.26000 0.01500 0.07000
v 0.26000 0.01000 0.07000
v 0.26500 0.01000 0.07000
v 0.26500 0.01500 0.07000
v 0.26000 0.01500 0.07000
v 0.26000 0.01000 0.07500
v 0.26500 0.01000 0.07500
v 0.26500 0.01500 0.07500
v 0.26000 0.01500 0.07500
v 0.26000 0.01000 0.07500
v 0.26500 0.01000 0.07500
v 0.26500 0.01500 0.07500
v 0.26000 0.01500 0.07500
v 0.26000 0.01000 0.08000
v 0.26500 0.01000 0.08000
v 0.26500 0.01500 0.08000
v 0.26000 0.01500 0.08000
v 0.26000 0.01000 0.08000
v 0.26500 0.01000 0.08000
v 0.26500 0.01500 0.08000
v 0.26000 0.01500 0.08000
v 0.26000 0.01000 0.08500
v 0.26500 0.01000 0.08500
v 0.26500 0.01500 0.08500
v 0.26000 0.01500 0.08500
v 0.26000 0.01000 0.08500
v 0.26500 0.01000 0.08500
v 0.26500 0.01500 0.08500
v 0.26000 0.01500 0.08500
v 0.26000 0.01000 0.09000
v 0.26500 0.01000 0.09000
v 0.26500 0.01500 0.09000
v 0.26000 0.01500 0.09000
v 0.26000 0.01000 0.09000
v 0.26500 0.01000 0.09000
v 0.26500 0.01500 0.09000
v 0.26000 0.01500 0.09000
v 0.26000 0.01000 0.09500
v 0.26500 0.01000 0.09500
v 0.26500 0.01500 0.09500
v 0.26000 0.01500 0.09500
v 0.26000 0.01000 0.09500
v 0.26500 0.01000 0.09500
v 0.26500 0.01500 0.09500
v 0.26000 0.01500 0.09500
v 0.26000 0.01000 0.10000
v 0.26500 0.01000 0.10000
v 0.26500 0.01500 0.10000
v 0.26000 0.01500 0.10000
v 0.26000 0.01000 0.10000
v 0.26500 0.01000 0.10000
v 0.26500 0.01500 0.10000
v 0.26000 0.01500 0.10000
v 0.26000 0.01000 0.10500
v 0.26500 0.01000 0.10500
v 0.26500 0.01500 0.10500
v 0.26000 0.01500 0.10500
v 0.26000 0.01000 0.10500
v 0.26500 0.01000 0.10500
v 0.26500 0.01500 0.10500
v 0.26000 0.01500 0.10500
v 0.26000 0.01000 0.11000
v 0.26500 0.01000 0.11000
v 0.26500 0.01500 0.11000
v 0.26000 0.01500 0.11000
v 0.26000 0.01000 0.11000
v 0.26500 0.01000 0.11000
v 0.26500 0.01500 0.11000
v 0.26000 0.01500 0.11000
v 0.26000 0.01000 0.11500
v 0.26500 0.01000 0.11500
v 0.26500 0.01500 0.11500
v 0.26000 0.01500 0.11500
v 0.26000 0.01000 0.11500
v 0.26500 0.01000 0.11500
v 0.26500 0.01500 0.11500
v 0.26000 0.01500 0.11500
v 0.26000 0.01000 0.12000
v 0.26500 0.01000 0.12000
v 0.26500 0.01500 0.12000
v 0.26000 0.01500 0.12000
v 0.26000 0.01000 0.12000
v 0.26500 0.01000 0.12000
v 0.26500 0.01500 0.12000
v 0.26000 0.01500 0.12000
v 0.26000 0.01000 0.12500
v 0.26500 0.01000 0.12500
v 0.26500 0.01500 0.12500
v 0.26000 0.01500 0.12500
v 0.26000 0.01000 0.12500
v 0.26500 0.01000 0.12500
v 0.26500 0.01500 0.12500
v 0.26000 0.01500 0.12500
v 0.26000 0.01000 0.13000
v 0.26500 0.01000 0.13000
v 0.26500 0.01500 0.13000
v 0.26000 0.01500 0.13000
v 0.26000 0.01000 0.13000
v 0.26500 0.01000 0.13000
v 0.26500 0.01500 0.13000
v 0.26000 0.01500 0.13000
v 0.26000 0.01000 0.13500
v 0.26500 0.01000 0.13500
v 0.26500 0.01500 0.13500
v 0.26000 0.01500 0.13500
v 0.26000 0.01000 0.13500
v 0.26500 0.01000 0.13500
v 0.26500 0.01500 0.13500
v 0.26000 0.01500 0.13500
v 0.26000 0.01000 0.14000
v 0.26500 0.01000 0.14000
v 0.26500 0.01500 0.14000
v 0.26000 0.01500 0.14000
v 0.26000 0.01000 0.14000
v 0.26500 0.01000 0.14000
v 0.26500 0.01500 0.14000
v 0.26000 0.01500 0.14000
v 0.26000 0.01000 0.14500
v 0.26500 0.01000 0.14500
v 0.26500 0.01500 0.14500
v 0.26000 0.01500 0.14500
v 0.26000 0.01500 0.11000
v 0.26500 0.01500 0.11000
v 0.26500 0.02000 0.11000
v 0.26000 0.02000 0.11000
v 0.26000 0.01500 0.11500
v 0.26500 0.01500 0.11500
v 0.26500 0.02000 0.11500
v 0.26000 0.02000 0.11500
v 0.26000 0.01500 0.11500
v 0.26500 0.01500 0.11500
v 0.26500 0.02000 0.11500
v 0.26000 0.02000 0.11500
v 0.26000 0.01500 0.12000
v 0.26500 0.01500 0.12000
v 0.26500 0.02000 0.12000
v 0.26000 0.02000 0.12000
v 0.26500 -0.02500 0.00500
v 0.27000 -0.02500 0.00500
v 0.27000 -0.02000 0.00500
v 0.26500 -0.02000 0.00500
v 0.26500 -0.02500 0.01000
v 0.27000 -0.02500 0.01000
v 0.27000 -0.02000 0.01000
v 0.26500 -0.02000 0.01000
v 0.26500 -0.02500 0.01000
v 0.27000 -0.02500 0.01000
v 0.27000 -0.02000 0.01000
v 0.26500 -0.02000 0.01000
v 0.26500 -0.02500 0.01500
v 0.27000 -0.02500 0.01500
v 0.27000 -0.02000 0.01500
v 0.26500 -0.02000 0.01500
v 0.26500 -0.02500 0.01500
v 0.27000 -0.02500 0.01500
v 0.27000 -0.02000 0.01500
v 0.26500 -0.02000 0.01500
v 0.26500 -0.02500 0.02000
v 0.27000 -0.02500 0.02000
v 0.27000 -0.02000 0.02000
v 0.26500 -0.02000 0.02000
v 0.26500 -0.02500 0.02000
v 0.27000 -0.02500 0.02000
v 0.27000 -0.02000 0.02000
v 0.26500 -0.02000 0.02000
v 0.26500 -0.02500 0.02500
v 0.27000 -0.02500 0.02500
v 0.27000 -0.02000 0.02500
v 0.26500 -0.02000 0.02500
v 0.26500 -0.02500 0.02500
v 0.27000 -0.02500 0.02500
v 0.27000 -0.02000 0.02500
v 0.26500 -0.02000 0.02500
v 0.26500 -0.02500 0.03000
v 0.27000 -0.02500 0.03000
v 0.27000 -0.02000 0.03000
v 0.26500 -0.02000 0.03000
v 0.26500 -0.02500 0.03000
v 0.27000 -0.02500 0.03000
v 0.27000 -0.02000 0.03000
v 0.26500 -0.02000 0.03000
v 0.26500 -0.02500 0.03500
v 0.27000 -0.02500 0.03500
v 0.27000 -0.02000 0.03500
v 0.26500 -0.02000 0.03500
v 0.26500 -0.02500 0.03500
v 0.27000 -0.02500 0.03500
v 0.27000 -0.02000 0.03500
v 0.26500 -0.02000 0.03500
v 0.26500 -0.02500 0.04000
v 0.27000 -0.02500 0.04000
v 0.27000 -0.02000 0.04000
v 0.26500 -0.02000 0.04000
v 0.26500 -0.02500 0.04000
v 0.27000 -0.02500 0.04000
v 0.27000 -0.02000 0.04000
v 0.26500 -0.02000 0.04000
v 0.26500 -0.02500 0.04500
v 0.27000 -0.02500 0.04500
v 0.27000 -0.02000 0.04500
v 0.26500 -0.02000 0.04500
v 0.26500 -0.02500 0.04500
v 0.27000 -0.02500 0.04500
v 0.27000 -0.02000 0.04500
v 0.26500 -0.02000 0.04500
v 0.26500 -0.02500 0.05000
v 0.27000 -0.02500 0.05000
v 0.27000 -0.02000 0.05000
v 0.26500 -0.02000 0.05000
v 0.26500 -0.02500 0.05000
v 0.27000 -0.02500 0.05000
v 0.27000 -0.02000 0.05000
v 0.26500 -0.02000 0.05000
v 0.26500 -0.02500 0.05500
v 0.27000 -0.02500 0.05500
v 0.27000 -0.02000 0.05500
v 0.26500 -0.02000 0.05500
v 0.26500 -0.02500 0.05500
v 0.27000 -0.02500 0.05500
v 0.27000 -0.02000 0.05500
v 0.26500 -0.02000 0.05500
v 0.26500 -0.02500 0.06000
v 0.27000 -0.02500 0.06000
v 0.27000 -0.02000 0.06000
v 0.26500 -0.02000 0.06000
v 0.26500 -0.02500 0.06000
v 0.27000 -0.02500 0.06000
v 0.27000 -0.02000 0.06000
v 0.26500 -0.02000 0.06000
v 0.26500 -0.02500 0.06500
v 0.27000 -0.02500 0.06500
v 0.27000 -0.02000 0.06500
v 0.26500 -0.02000 0.06500
v 0.26500 -0.02500 0.06500
v 0.27000 -0.02500 0.06500
v 0.27000 -0.02000 0.06500
v 0.26500 -0.02000 0.06500
v 0.26500 -0.02500 0.07000
v 0.27000 -0.02500 0.07000
v 0.27000 -0.02000 0.07000
v 0.26500 -0.02000 0.07000
v 0.26500 -0.02500 0.07000
v 0.27000 -0.02500 0.07000
v 0.27000 -0.02000 0.07000
v 0.26500 -0.02000 0.07000
v 0.26500 -0.02500 0.07500
v 0.27000 -0.02500 0.07500
v 0.27000 -0.02000 0.07500
v 0.26500 -0.02000 0.07500
v 0.26500 -0.02500 0.07500
v 0.27000 -0.02500 0.07500
v 0.27000 -0.02000 0.07500
v 0.26500 -0.02000 0.07500
v 0.26500 -0.02500 0.08000
v 0.27000 -0.02500 0.08000
v 0.27000 -0.02000 0.08000
v 0.26500 -0.02000 0.08000
v 0.26500 -0.02500 0.08000
v 0.27000 -0.02500 0.08000
v 0.27000 -0.02000 0.08000
v 0.26500 -0.02000 0.08000
v 0.26500 -0.02500 0.08500
v 0.27000 -0.02500 0.08500
v 0.27000 -0.02000 0.08500
v 0.26500 -0.02000 0.08500
v 0.26500 -0.02500 0.08500
v 0.27000 -0.02500 0.08500
v 0.27000 -0.02000 0.08500
v 0.26500 -0.02000 0.08500
v 0.26500 -0.02500 0.09000
v 0.27000 -0.02500 0.09000
v 0.27000 -0.02000 0.09000
v 0.26500 -0.02000 0.09000
v 0.26500 -0.02500 0.09500
v 0.27000 -0.02500 0.09500
v 0.27000 -0.02000 0.09500
v 0.26500 -0.02000 0.09500
v 0.26500 -0.02500 0.10000
v 0.27000 -0.02500 0.10000
v 0.27000 -0.02000 0.10000
v 0.26500 -0.02000 0.10000
v 0.26500 -0.02500 0.10000
v 0.27000 -0.02500 0.10000
v 0.27000 -0.02000 0.10000
v 0.26500 -0.02000 0.10000
v 0.26500 -0.02500 0.10500
v 0.27000 -0.02500 0.10500
v 0.27000 -0.02000 0.10500
v 0.26500 -0.02000 0.10500
v 0.26500 -0.02500 0.10500
v 0.27000 -0.02500 0.10500
v 0.27000 -0.02000 0.10500
v 0.26500 -0.02000 0.10500
v 0.26500 -0.02500 0.11000
v 0.27000 -0.02500 0.11000
v 0.27000 -0.02000 0.11000
v 0.26500 -0.02000 0.11000
v 0.26500 -0.02500 0.11000
v 0.27000 -0.02500 0.11000
v 0.27000 -0.02000 0.11000
v 0.26500 -0.02000 0.11000
v 0.26500 -0.02500 0.11500
v 0.27000 -0.02500 0.11500
v 0.27000 -0.02000 0.11500
v 0.26500 -0.02000 0.11500
v 0.26500 -0.02500 0.11500
v 0.27000 -0.02500 0.11500
v 0.27000 -0.02000 0.11500
v 0.26500 -0.02000 0.11500
v 0.26500 -0.02500 0.12000
v 0.27000 -0.02500 0.12000
v 0.27000 -0.02000 0.12000
v 0.26500 -0.02000 0.12000
v 0.26500 -0.02500 0.12000
v 0.27000 -0.02500 0.12000
v 0.27000 -0.02000 0.12000
v 0.26500 -0.02000 0.12000
v 0.26500 -0.02500 0.12500
v 0.27000 -0.02500 0.12500
v 0.27000 -0.02000 0.12500
v 0.26500 -0.02000 0.12500
v 0.26500 -0.02500 0.12500
v 0.27000 -0.02500 0.12500
v 0.27000 -0.02000 0.12500
v 0.26500 -0.02000 0.12500
v 0.26500 -0.02500 0.13000
v 0.27000 -0.02500 0.13000
v 0.27000 -0.02000 0.13000
v 0.26500 -0.02000 0.13000
v 0.26500 -0.02500 0.13000
v 0.27000 -0.02500 0.13000
v 0.27000 -0.02000 0.13000
v 0.26500 -0.02000 0.13000
v 0.26500 -0.02500 0.13500
v 0.27000 -0.02500 0.13500
v 0.27000 -0.02000 0.13500
v 0.26500 -0.02000 0.13500
v 0.26500 -0.02500 0.13500
v 0.27000 -0.02500 0.13500
v 0.27000 -0.02000 0.13500
v 0.26500 -0.02000 0.13500
v 0.26500 -0.02500 0.14000
v 0.27000 -0.02500 0.14000
v 0.27000 -0.02000 0.14000
v 0.26500 -0.02000 0.14000
v 0.26500 -0.02500 0.14000
v 0.27000 -0.02500 0.14000
v 0.27000 -0.02000 0.14000
v 0.26500 -0.02000 0.14000
v 0.26500 -0.02500 0.14500
v 0.27000 -0.02500 0.14500
v 0.27000 -0.02000 0.14500
v 0.26500 -0.02000 0.14500
v 0.26500 -0.02000 0.00000
v 0.27000 -0.02000 0.00000
v 0.27000 -0.01500 0.00000
v 0.26500 -0.01500 0.00000
v 0.26500 -0.02000 0.00500
v 0.27000 -0.02000 0.00500
v 0.27000 -0.01500 0.00500
v 0.26500 -0.01500 0.00500
v 0.26500 -0.02000 0.00500
v 0.27000 -0.02000 0.00500
v 0.27000 -0.01500 0.00500
v 0.26500 -0.01500 0.00500
v 0.26500 -0.02000 0.01000
v 0.27000 -0.02000 0.01000
v 0.27000 -0.01500 0.01000
v 0.26500 -0.01500 0.01000
v 0.26500 -0.02000 0.01000
v 0.27000 -0.02000 0.01000
v 0.27000 -0.01500 0.01000
v 0.26500 -0.01500 0.01000
v 0.26500 -0.02000 0.01500
v 0.27000 -0.02000 0.01500
v 0.27000 -0.01500 0.01500
v 0.26500 -0.01500 0.01500
v 0.26500 -0.02000 0.01500
v 0.27000 -0.02000 0.01500
v 0.27000 -0.01500 0.01500
v 0.26500 -0.01500 0.01500
v 0.26500 -0.02000 0.02000
v 0.27000 -0.02000 0.02000
v 0.27000 -0.01500 0.02000
v 0.26500 -0.01500 0.02000
v 0.26500 -0.02000 0.02000
v 0.27000 -0.02000 0.02000
v 0.27000 -0.01500 0.02000
v 0.26500 -0.01500 0.02000
v 0.26500 -0.02000 0.02500
v 0.27000 -0.02000 0.02500
v 0.27000 -0.01500 0.02500
v 0.26500 -0.01500 0.02500
v 0.26500 -0.02000 0.03000
v 0.27000 -0.02000 0.03000
v 0.27000 -0.01500 0.03000
v 0.26500 -0.01500 0.03000
v 0.26500 -0.02000 0.03500
v 0.27000 -0.02000 0.03500
v 0.27000 -0.01500 0.03500
v 0.26500 -0.01500 0.03500
v 0.26500 -0.02000 0.04000
v 0.27000 -0.02000 0.04000
v 0.27000 -0.01500 0.04000
v 0.26500 -0.01500 0.04000
v 0.26500 -0.02000 0.04500
v 0.27000 -0.02000 0.04500
v 0.27000 -0.01500 0.04500
v 0.26500 -0.01500 0.04500
v 0.26500 -0.02000 0.04500
v 0.27000 -0.02000 0.04500
v 0.27000 -0.01500 0.04500
v 0.26500 -0.01500 0.04500
v 0.26500 -0.02000 0.05000
v 0.27000 -0.02000 0.05000
v 0.27000 -0.01500 0.05000
v 0.26500 -0.01500 0.05000
v 0.26500 -0.02000 0.05000
v 0.27000 -0.02000 0.05000
v 0.27000 -0.01500 0.05000
v 0.26500 -0.01500 0.05000
v 0.26500 -0.02000 0.05500
v 0.27000 -0.02000 0.05500
v 0.27000 -0.01500 0.05500
v 0.26500 -0.01500 0.05500
v 0.26500 -0.02000 0.05500
v 0.27000 -0.02000 0.05500
v 0.27000 -0.01500 0.05500
v 0.26500 -0.01500 0.05500
v 0.26500 -0.02000 0.06000
v 0.27000 -0.02000 0.06000
v 0.27000 -0.01500 0.06000
v 0.26500 -0.01500 0.06000
v 0.26500 -0.02000 0.06000
v 0.27000 -0.02000 0.06000
v 0.27000 -0.01500 0.06000
v 0.26500 -0.01500 0.06000
v 0.26500 -0.02000 0.06500
v 0.27000 -0.02000 0.06500
v 0.27000 -0.01500 0.06500
v 0.26500 -0.01500 0.06500
v 0.26500 -0.02000 0.06500
v 0.27000 -0.02000 0.06500
v 0.27000 -0.01500 0.06500
v 0.26500 -0.01500 0.06500
v 0.26500 -0.02000 0.07000
v 0.27000 -0.02000 0.07000
v 0.27000 -0.01500 0.07000
v 0.26500 -0.01500 0.07000
v 0.26500 -0.02000 0.07000
v 0.27000 -0.02000 0.07000
v 0.27000 -0.01500 0.07000
v 0.26500 -0.01500 0.07000
v 0.26500 -0.02000 0.07500
v 0.27000 -0.02000 0.07500
v 0.27000 -0.01500 0.07500
v 0.26500 -0.01500 0.07500
v 0.26500 -0.02000 0.07500
v 0.27000 -0.02000 0.07500
v 0.27000 -0.01500 0.07500
v 0.26500 -0.01500 0.07500
v 0.26500 -0.02000 0.08000
v 0.27000 -0.02000 0.08000
v 0.27000 -0.01500 0.08000
v 0.26500 -0.01500 0.08000
v 0.26500 -0.02000 0.08000
v 0.27000 -0.02000 0.08000
v 0.27000 -0.01500 0.08000
v 0.26500 -0.01500 0.08000
v 0.26500 -0.02000 0.08500
v 0.27000 -0.02000 0.08500
v 0.27000 -0.01500 0.08500
v 0.26500 -0.01500 0.08500
v 0.26500 -0.02000 0.08500
v 0.27000 -0.02000 0.08500
v 0.27000 -0.01500 0.08500
v 0.26500 -0.01500 0.08500
v 0.26500 -0.02000 0.09000
v 0.27000 -0.02000 0.09000
v 0.27000 -0.01500 0.09000
v 0.26500 -0.01500 0.09000
v 0.26500 -0.02000 0.09000
v 0.27000 -0.02000 0.09000
v 0.27000 -0.01500 0.09000
v 0.26500 -0.01500 0.09000
v 0.26500 -0.02000 0.09500
v 0.27000 -0.02000 0.09500
v 0.27000 -0.01500 0.09500
v 0.26500 -0.01500 0.09500
v 0.26500 -0.02000 0.09500
v 0.27000 -0.02000 0.09500
v 0.27000 -0.01500 0.09500
v 0.26500 -0.01500 0.09500
v 0.26500 -0.02000 0.10000
v 0.27000 -0.02000 0.10000
v 0.27000 -0.01500 0.10000
v 0.26500 -0.01500 0.10000
v 0.26500 -0.02000 0.10000
v 0.27000 -0.02000 0.10000
v 0.27000 -0.01500 0.10000
v 0.26500 -0.01500 0.10000
v 0.26500 -0.02000 0.10500
v 0.27000 -0.02000 0.10500
v 0.27000 -0.01500 0.10500
v 0.26500 -0.01500 0.10500
v 0.26500 -0.02000 0.10500
v 0.27000 -0.02000 0.10500
v 0.27000 -0.01500 0.10500
v 0.26500 -0.01500 0.10500
v 0.26500 -0.02000 0.11000
v 0.27000 -0.02000 0.11000
v 0.27000 -0.01500 0.11000
v 0.26500 -0.01500 0.11000
v 0.26500 -0.02000 0.11000
v 0.27000 -0.02000 0.11000
v 0.27000 -0.01500 0.11000
v 0.26500 -0.01500 0.11000
v 0.26500 -0.02000 0.11500
v 0.27000 -0.02000 0.11500
v 0.27000 -0.01500 0.11500
v 0.26500 -0.01500 0.11500
v 0.26500 -0.02000 0.11500
v 0.27000 -0.02000 0.11500
v 0.27000 -0.01500 0.11500
v 0.26500 -0.01500 0.11500
v 0.26500 -0.02000 0.12000
v 0.27000 -0.02000 0.12000
v 0.27000 -0.01500 0.12000
v 0.26500 -0.01500 0.12000
v 0.26500 -0.02000 0.12000
v 0.27000 -0.02000 0.12000
v 0.27000 -0.01500 0.12000
v 0.26500 -0.01500 0.12000
v 0.26500 -0.02000 0.12500
v 0.27000 -0.02000 0.12500
v 0.27000 -0.01500 0.12500
v 0.26500 -0.01500 0.12500
v 0.26500 -0.02000 0.12500
v 0.27000 -0.02000 0.12500
v 0.27000 -0.01500 0.12500
v 0.26500 -0.01500 0.12500
v 0.26500 -0.02000 0.13000
v 0.27000 -0.02000 0.13000
v 0.27000 -0.01500 0.13000
v 0.26500 -0.01500 0.13000
v 0.26500 -0.02000 0.13000
v 0.27000 -0.02000 0.13000
v 0.27000 -0.01500 0.13000
v 0.26500 -0.01500 0.13000
v 0.26500 -0.02000 0.13500
v 0.27000 -0.02000 0.13500
v 0.27000 -0.01500 0.13500
v 0.26500 -0.01500 0.13500
v 0.26500 -0.02000 0.13500
v 0.27000 -0.02000 0.13500
v 0.27000 -0.01500 0.13500
v 0.26500 -0.01500 0.13500
v 0.26500 -0.02000 0.14000
v 0.27000 -0.02000 0.14000
v 0.27000 -0.01500 0.14000
v 0.26500 -0.01500 0.14000
v 0.26500 -0.02000 0.14000
v 0.27000 -0.02000 0.14000
v 0.27000 -0.01500 0.14000
v 0.26500 -0.01500 0.14000
v 0.26500 -0.02000 0.14500
v 0.27000 -0.02000 0.14500
v 0.27000 -0.01500 0.14500
v 0.26500 -0.01500 0.14500
v 0.26500 -0.02000 0.14500
v 0.27000 -0.02000 0.14500
v 0.27000 -0.01500 0.14500
v 0.26500 -0.01500 0.14500
v 0.26500 -0.02000 0.15000
v 0.27000 -0.02000 0.15000
v 0.27000 -0.01500 0.15000
v 0.26500 -0.01500 0.15000
v 0.26500 -0.01500 0.13500
v 0.27000 -0.01500 0.13500
v 0.27000 -0.01000 0.13500
v 0.26500 -0.01000 0.13500
v 0.26500 -0.01500 0.14000
v 0.27000 -0.01500 0.14000
v 0.27000 -0.01000 0.14000
v 0.26500 -0.01000 0.14000
v 0.26500 -0.01500 0.14000
v 0.27000 -0.01500 0.14000
v 0.27000 -0.01000 0.14000
v 0.26500 -0.01000 0.14000
v 0.26500 -0.01500 0.14500
v 0.27000 -0.01500 0.14500
v 0.27000 -0.01000 0.14500
v 0.26500 -0.01000 0.14500
v 0.26500 -0.01500 0.14500
v 0.27000 -0.01500 0.14500
v 0.27000 -0.01000 0.14500
v 0.26500 -0.01000 0.14500
v 0.26500 -0.01500 0.15000
v 0.27000 -0.01500 0.15000
v 0.27000 -0.01000 0.15000
v 0.26500 -0.01000 0.15000
v 0.26500 -0.01500 0.15000
v 0.27000 -0.01500 0.15000
v 0.27000 -0.01000 0.15000
v 0.26500 -0.01000 0.15000
v 0.26500 -0.01500 0.15500
v 0.27000 -0.01500 0.15500
v 0.27000 -0.01000 0.15500
v 0.26500 -0.01000 0.15500
v 0.26500 -0.01500 0.15500
v 0.27000 -0.01500 0.15500
v 0.27000 -0.01000 0.15500
v 0.26500 -0.01000 0.15500
v 0.26500 -0.01500 0.16000
v 0.27000 -0.01500 0.16000
v 0.27000 -0.01000 0.16000
v 0.26500 -0.01000 0.16000
v 0.26500 -0.01000 0.14500
v 0.27000 -0.01000 0.14500
v 0.27000 -0.00500 0.14500
v 0.26500 -0.00500 0.14500
v 0.26500 -0.01000 0.15000
v 0.27000 -0.01000 0.15000
v 0.27000 -0.00500 0.15000
v 0.26500 -0.00500 0.15000
v 0.26500 -0.01000 0.15000
v 0.27000 -0.01000 0.15000
v 0.27000 -0.00500 0.15000
v 0.26500 -0.00500 0.15000
v 0.26500 -0.01000 0.15500
v 0.27000 -0.01000 0.15500
v 0.27000 -0.00500 0.15500
v 0.26500 -0.00500 0.15500
v 0.26500 -0.01000 0.15500
v 0.27000 -0.01000 0.15500
v 0.27000 -0.00500 0.15500
v 0.26500 -0.00500 0.15500
v 0.26500 -0.01000 0.16000
v 0.27000 -0.01000 0.16000
v 0.27000 -0.00500 0.16000
v 0.26500 -0.00500 0.16000
v 0.26500 -0.01000 0.16000
v 0.27000 -0.01000 0.16000
v 0.27000 -0.00500 0.16000
v 0.26500 -0.00500 0.16000
v 0.26500 -0.01000 0.16500
v 0.27000 -0.01000 0.16500
v 0.27000 -0.00500 0.16500
v 0.26500 -0.00500 0.16500
v 0.26500 -0.01000 0.16500
v 0.27000 -0.01000 0.16500
v 0.27000 -0.00500 0.16500
v 0.26500 -0.00500 0.16500
v 0.26500 -0.01000 0.17000
v 0.27000 -0.01000 0.17000
v 0.27000 -0.00500 0.17000
v 0.26500 -0.00500 0.17000
v 0.26500 -0.01000 0.17000
v 0.27000 -0.01000 0.17000
v 0.27000 -0.00500 0.17000
v 0.26500 -0.00500 0.17000
v 0.26500 -0.01000 0.17500
v 0.27000 -0.01000 0.17500
v 0.27000 -0.00500 0.17500
v 0.26500 -0.00500 0.17500
v 0.26500 -0.00500 0.15000
v 0.27000 -0.00500 0.15000
v 0.27000 0.00000 0.15000
v 0.26500 0.00000 0.15000
v 0.26500 -0.00500 0.15500
v 0.27000 -0.00500 0.15500
v 0.27000 0.00000 0.15500
v 0.26500 0.00000 0.15500
v 0.26500 -0.00500 0.15500
v 0.27000 -0.00500 0.15500
v 0.27000 0.00000 0.15500
v 0.26500 0.00000 0.15500
v 0.26500 -0.00500 0.16000
v 0.27000 -0.00500 0.16000
v 0.27000 0.00000 0.16000
v 0.26500 0.00000 0.16000
v 0.26500 -0.00500 0.16000
v 0.27000 -0.00500 0.16000
v 0.27000 0.00000 0.16000
v 0.26500 0.00000 0.16000
v 0.26500 -0.00500 0.16500
v 0.27000 -0.00500 0.16500
v 0.27000 0.00000 0.16500
v 0.26500 0.00000 0.16500
v 0.26500 -0.00500 0.16500
v 0.27000 -0.00500 0.16500
v 0.27000 0.00000 0.16500
v 0.26500 0.00000 0.16500
v 0.26500 -0.00500 0.17000
v 0.27000 -0.00500 0.17000
v 0.27000 0.00000 0.17000
v 0.26500 0.00000 0.17000
v 0.26500 -0.00500 0.17000
v 0.27000 -0.00500 0.17000
v 0.27000 0.00000 0.17000
v 0.26500 0.00000 0.17000
v 0.26500 -0.00500 0.17500
v 0.27000 -0.00500 0.17500
v 0.27000 0.00000 0.17500
v 0.26500 0.00000 0.17500
v 0.26500 0.00000 0.15000
v 0.27000 0.00000 0.15000
v 0.27000 0.00500 0.15000
v 0.26500 0.00500 0.15000
v 0.26500 0.00000 0.15500
v 0.27000 0.00000 0.15500
v 0.27000 0.00500 0.15500
v 0.26500 0.00500 0.15500
v 0.26500 0.00000 0.15500
v 0.27000 0.00000 0.15500
v 0.27000 0.00500 0.15500
v 0.26500 0.00500 0.15500
v 0.26500 0.00000 0.16000
v 0.27000 0.00000 0.16000
v 0.27000 0.00500 0.16000
v 0.26500 0.00500 0.16000
v 0.26500 0.00000 0.16000
v 0.27000 0.00000 0.16000
v 0.27000 0.00500 0.16000
v 0.26500 0.00500 0.16000
v 0.26500 0.00000 0.16500
v 0.27000 0.00000 0.16500
v 0.27000 0.00500 0.16500
v 0.26500 0.00500 0.16500
v 0.26500 0.00000 0.16500
v 0.27000 0.00000 0.16500
v 0.27000 0.00500 0.16500
v 0.26500 0.00500 0.16500
v 0.26500 0.00000 0.17000
v 0.27000 0.00000 0.17000
v 0.27000 0.00500 0.17000
v 0.26500 0.00500 0.17000
v 0.26500 0.00000 0.17000
v 0.27000 0.00000 0.17000
v 0.27000 0.00500 0.17000
v 0.26500 0.00500 0.17000
v 0.26500 0.00000 0.17500
v 0.27000 0.00000 0.17500
v 0.27000 0.00500 0.17500
v 0.26500 0.00500 0.17500
v 0.26500 0.00500 0.15000
v 0.27000 0.00500 0.15000
v 0.27000 0.01000 0.15000
v 0.26500 0.01000 0.15000
v 0.26500 0.00500 0.15500
v 0.27000 0.00500 0.15500
v 0.27000 0.01000 0.15500
v 0.26500 0.01000 0.15500
v 0.26500 0.00500 0.15500
v 0.27000 0.00500 0.15500
v 0.27000 0.01000 0.15500
v 0.26500 0.01000 0.15500
v 0.26500 0.00500 0.16000
v 0.27000 0.00500 0.16000
v 0.27000 0.01000 0.16000
v 0.26500 0.01000 0.16000
v 0.26500 0.00500 0.16000
v 0.27000 0.00500 0.16000
v 0.27000 0.01000 0.16000
v 0.26500 0.01000 0.16000
v 0.26500 0.00500 0.16500
v 0.27000 0.00500 0.16500
v 0.27000 0.01000 0.16500
v 0.26500 0.01000 0.16500
v 0.26500 0.00500 0.16500
v 0.27000 0.00500 0.16500
v 0.27000 0.01000 0.16500
v 0.26500 0.01000 0.16500
v 0.26500 0.00500 0.17000
v 0.27000 0.00500 0.17000
v 0.27000 0.01000 0.17000
v 0.26500 0.01000 0.17000
v 0.26500 0.01000 0.00000
v 0.27000 0.01000 0.00000
v 0.27000 0.01500 0.00000
v 0.26500 0.01500 0.00000
v 0.26500 0.01000 0.00500
v 0.27000 0.01000 0.00500
v 0.27000 0.01500 0.00500
v 0.26500 0.01500 0.00500
v 0.26500 0.01000 0.14500
v 0.27000 0.01000 0.14500
v 0.27000 0.01500 0.14500
v 0.26500 0.01500 0.14500
v 0.26500 0.01000 0.15000
v 0.27000 0.01000 0.15000
v 0.27000 0.01500 0.15000
v 0.26500 0.01500 0.15000
v 0.26500 0.01000 0.15000
v 0.27000 0.01000 0.15000
v 0.27000 0.01500 0.15000
v 0.26500 0.01500 0.15000
v 0.26500 0.01000 0.15500
v 0.27000 0.01000 0.15500
v 0.27000 0.01500 0.15500
v 0.26500 0.01500 0.15500
v 0.26500 0.01500 0.00000
v 0.27000 0.01500 0.00000
v 0.27000 0.02000 0.00000
v 0.26500 0.02000 0.00000
v 0.26500 0.01500 0.00500
v 0.27000 0.01500 0.00500
v 0.27000 0.02000 0.00500
v 0.26500 0.02000 0.00500
v 0.26500 0.01500 0.00500
v 0.27000 0.01500 0.00500
v 0.27000 0.02000 0.00500
v 0.26500 0.02000 0.00500
v 0.26500 0.01500 0.01000
v 0.27000 0.01500 0.01000
v 0.27000 0.02000 0.01000
v 0.26500 0.02000 0.01000
v 0.26500 0.01500 0.01000
v 0.27000 0.01500 0.01000
v 0.27000 0.02000 0.01000
v 0.26500 0.02000 0.01000
v 0.26500 0.01500 0.01500
v 0.27000 0.01500 0.01500
v 0.27000 0.02000 0.01500
v 0.26500 0.02000 0.01500
v 0.26500 0.01500 0.01500
v 0.27000 0.01500 0.01500
v 0.27000 0.02000 0.01500
v 0.26500 0.02000 0.01500
v 0.26500 0.01500 0.02000
v 0.27000 0.01500 0.02000
v 0.27000 0.02000 0.02000
v 0.26500 0.02000 0.02000
v 0.26500 0.01500 0.02000
v 0.27000 0.01500 0.02000
v 0.27000 0.02000 0.02000
v 0.26500 0.02000 0.02000
v 0.26500 0.01500 0.02500
v 0.27000 0.01500 0.02500
v 0.27000 0.02000 0.02500
v 0.26500 0.02000 0.02500
v 0.26500 0.01500 0.02500
v 0.27000 0.01500 0.02500
v 0.27000 0.02000 0.02500
v 0.26500 0.02000 0.02500
v 0.26500 0.01500 0.03000
v 0.27000 0.01500 0.03000
v 0.27000 0.02000 0.03000
v 0.26500 0.02000 0.03000
v 0.26500 0.01500 0.03000
v 0.27000 0.01500 0.03000
v 0.27000 0.02000 0.03000
v 0.26500 0.02000 0.03000
v 0.26500 0.01500 0.03500
v 0.27000 0.01500 0.03500
v 0.27000 0.02000 0.03500
v 0.26500 0.02000 0.03500
v 0.26500 0.01500 0.03500
v 0.27000 0.01500 0.03500
v 0.27000 0.02000 0.03500
v 0.26500 0.02000 0.03500
v 0.26500 0.01500 0.04000
v 0.27000 0.01500 0.04000
v 0.27000 0.02000 0.04000
v 0.26500 0.02000 0.04000
v 0.26500 0.01500 0.04000
v 0.27000 0.01500 0.04000
v 0.27000 0.02000 0.04000
v 0.26500 0.02000 0.04000
v 0.26500 0.01500 0.04500
v 0.27000 0.01500 0.04500
v 0.27000 0.02000 0.04500
v 0.26500 0.02000 0.04500
v 0.26500 0.01500 0.04500
v 0.27000 0.01500 0.04500
v 0.27000 0.02000 0.04500
v 0.26500 0.02000 0.04500
v 0.26500 0.01500 0.05000
v 0.27000 0.01500 0.05000
v 0.27000 0.02000 0.05000
v 0.26500 0.02000 0.05000
v 0.26500 0.01500 0.05000
v 0.27000 0.01500 0.05000
v 0.27000 0.02000 0.05000
v 0.26500 0.02000 0.05000
v 0.26500 0.01500 0.05500
v 0.27000 0.01500 0.05500
v 0.27000 0.02000 0.05500
v 0.26500 0.02000 0.05500
v 0.26500 0.01500 0.05500
v 0.27000 0.01500 0.05500
v 0.27000 0.02000 0.05500
v 0.26500 0.02000 0.05500
v 0.26500 0.01500 0.06000
v 0.27000 0.01500 0.06000
v 0.27000 0.02000 0.06000
v 0.26500 0.02000 0.06000
v 0.26500 0.01500 0.06000
v 0.27000 0.01500 0.06000
v 0.27000 0.02000 0.06000
v 0.26500 0.02000 0.06000
v 0.26500 0.01500 0.06500
v 0.27000 0.01500 0.06500
v 0.27000 0.02000 0.06500
v 0.26500 0.02000 0.06500
v 0.26500 0.01500 0.06500
v 0.27000 0.01500 0.06500
v 0.27000 0.02000 0.06500
v 0.26500 0.02000 0.06500
v 0.26500 0.01500 0.07000
v 0.27000 0.01500 0.07000
v 0.27000 0.02000 0.07000
v 0.26500 0.02000 0.07000
v 0.26500 0.01500 0.07000
v 0.27000 0.01500 0.07000
v 0.27000 0.02000 0.07000
v 0.26500 0.02000 0.07000
v 0.26500 0.01500 0.07500
v 0.27000 0.01500 0.07500
v 0.27000 0.02000 0.07500
v 0.26500 0.02000 0.07500
v 0.26500 0.01500 0.07500
v 0.27000 0.01500 0.07500
v 0.27000 0.02000 0.07500
v 0.26500 0.02000 0.07500
v 0.26500 0.01500 0.08000
v 0.27000 0.01500 0.08000
v 0.27000 0.02000 0.08000
v 0.26500 0.02000 0.08000
v 0.26500 0.01500 0.08000
v 0.27000 0.01500 0.08000
v 0.27000 0.02000 0.08000
v 0.26500 0.02000 0.08000
v 0.26500 0.01500 0.08500
v 0.27000 0.01500 0.08500
v 0.27000 0.02000 0.08500
v 0.26500 0.02000 0.08500
v 0.26500 0.01500 0.08500
v 0.27000 0.01500 0.08500
v 0.27000 0.02000 0.08500
v 0.26500 0.02000 0.08500
v 0.26500 0.01500 0.09000
v 0.27000 0.01500 0.09000
v 0.27000 0.02000 0.09000
v 0.26500 0.02000 0.09000
v 0.26500 0.01500 0.09000
v 0.27000 0.01500 0.09000
v 0.27000 0.02000 0.09000
v 0.26500 0.02000 0.09000
v 0.26500 0.01500 0.09500
v 0.27000 0.01500 0.09500
v 0.27000 0.02000 0.09500
v 0.26500 0.02000 0.09500
v 0.26500 0.01500 0.09500
v 0.27000 0.01500 0.09500
v 0.27000 0.02000 0.09500
v 0.26500 0.02000 0.09500
v 0.26500 0.01500 0.10000
v 0.27000 0.01500 0.10000
v 0.27000 0.02000 0.10000
v 0.26500 0.02000 0.10000
v 0.26500 0.01500 0.10000
v 0.27000 0.01500 0.10000
v 0.27000 0.02000 0.10000
v 0.26500 0.02000 0.10000
v 0.26500 0.01500 0.10500
v 0.27000 0.01500 0.10500
v 0.27000 0.02000 0.10500
v 0.26500 0.02000 0.10500
v 0.26500 0.01500 0.10500
v 0.27000 0.01500 0.10500
v 0.27000 0.02000 0.10500
v 0.26500 0.02000 0.10500
v 0.26500 0.01500 0.11000
v 0.27000 0.01500 0.11000
v 0.27000 0.02000 0.11000
v 0.26500 0.02000 0.11000
v 0.26500 0.01500 0.12000
v 0.27000 0.01500 0.12000
v 0.27000 0.02000 0.12000
v 0.26500 0.02000 0.12000
v 0.26500 0.01500 0.12500
v 0.27000 0.01500 0.12500
v 0.27000 0.02000 0.12500
v 0.26500 0.02000 0.12500
v 0.26500 0.01500 0.12500
v 0.27000 0.01500 0.12500
v 0.27000 0.02000 0.12500
v 0.26500 0.02000 0.12500
v 0.26500 0.01500 0.13000
v 0.27000 0.01500 0.13000
v 0.27000 0.02000 0.13000
v 0.26500 0.02000 0.13000
v 0.26500 0.01500 0.13000
v 0.27000 0.01500 0.13000
v 0.27000 0.02000 0.13000
v 0.26500 0.02000 0.13000
v 0.26500 0.01500 0.13500
v 0.27000 0.01500 0.13500
v 0.27000 0.02000 0.13500
v 0.26500 0.02000 0.13500
v 0.26500 0.01500 0.13500
v 0.27000 0.01500 0.13500
v 0.27000 0.02000 0.13500
v 0.26500 0.02000 0.13500
v 0.26500 0.01500 0.14000
v 0.27000 0.01500 0.14000
v 0.27000 0.02000 0.14000
v 0.26500 0.02000 0.14000
v 0.26500 0.01500 0.14000
v 0.27000 0.01500 0.14000
v 0.27000 0.02000 0.14000
v 0.26500 0.02000 0.14000
v 0.26500 0.01500 0.14500
v 0.27000 0.01500 0.14500
v 0.27000 0.02000 0.14500
v 0.26500 0.02000 0.14500
v 0.26500 0.01500 0.14500
v 0.27000 0.01500 0.14500
v 0.27000 0.02000 0.14500
v 0.26500 0.02000 0.14500
v 0.26500 0.01500 0.15000
v 0.27000 0.01500 0.15000
v 0.27000 0.02000 0.15000
v 0.26500 0.02000 0.15000
v 0.26500 0.02000 0.00000
v 0.27000 0.02000 0.00000
v 0.27000 0.02500 0.00000
v 0.26500 0.02500 0.00000
v 0.26500 0.02000 0.00500
v 0.27000 0.02000 0.00500
v 0.27000 0.02500 0.00500
v 0.26500 0.02500 0.00500
v 0.26500 0.02000 0.00500
v 0.27000 0.02000 0.00500
v 0.27000 0.02500 0.00500
v 0.26500 0.02500 0.00500
v 0.26500 0.02000 0.01000
v 0.27000 0.02000 0.01000
v 0.27000 0.02500 0.01000
v 0.26500 0.02500 0.01000
v 0.26500 0.02000 0.01000
v 0.27000 0.02000 0.01000
v 0.27000 0.02500 0.01000
v 0.26500 0.02500 0.01000
v 0.26500 0.02000 0.01500
v 0.27000 0.02000 0.01500
v 0.27000 0.02500 0.01500
v 0.26500 0.02500 0.01500
v 0.26500 0.02000 0.01500
v 0.27000 0.02000 0.01500
v 0.27000 0.02500 0.01500
v 0.26500 0.02500 0.01500
v 0.26500 0.02000 0.02000
v 0.27000 0.02000 0.02000
v 0.27000 0.02500 0.02000
v 0.26500 0.02500 0.02000
v 0.26500 0.02000 0.02000
v 0.27000 0.02000 0.02000
v 0.27000 0.02500 0.02000
v 0.26500 0.02500 0.02000
v 0.26500 0.02000 0.02500
v 0.27000 0.02000 0.02500
v 0.27000 0.02500 0.02500
v 0.26500 0.02500 0.02500
v 0.26500 0.02000 0.02500
v 0.27000 0.02000 0.02500
v 0.27000 0.02500 0.02500
v 0.26500 0.02500 0.02500
v 0.26500 0.02000 0.03000
v 0.27000 0.02000 0.03000
v 0.27000 0.02500 0.03000
v 0.26500 0.02500 0.03000
v 0.26500 0.02000 0.03000
v 0.27000 0.02000 0.03000
v 0.27000 0.02500 0.03000
v 0.26500 0.02500 0.03000
v 0.26500 0.02000 0.03500
v 0.27000 0.02000 0.03500
v 0.27000 0.02500 0.03500
v 0.26500 0.02500 0.03500
v 0.26500 0.02000 0.03500
v 0.27000 0.02000 0.03500
v 0.27000 0.02500 0.03500
v 0.26500 0.02500 0.03500
v 0.26500 0.02000 0.04000
v 0.27000 0.02000 0.04000
v 0.27000 0.02500 0.04000
v 0.26500 0.02500 0.04000
v 0.26500 0.02000 0.04000
v 0.27000 0.02000 0.04000
v 0.27000 0.02500 0.04000
v 0.26500 0.02500 0.04000
v 0.26500 0.02000 0.04500
v 0.27000 0.02000 0.04500
v 0.27000 0.02500 0.04500
v 0.26500 0.02500 0.04500
v 0.26500 0.02000 0.04500
v 0.27000 0.02000 0.04500
v 0.27000 0.02500 0.04500
v 0.26500 0.02500 0.04500
v 0.26500 0.02000 0.05000
v 0.27000 0.02000 0.05000
v 0.27000 0.02500 0.05000
v 0.26500 0.02500 0.05000
v 0.26500 0.02000 0.05000
v 0.27000 0.02000 0.05000
v 0.27000 0.02500 0.05000
v 0.26500 0.02500 0.05000
v 0.26500 0.02000 0.05500
v 0.27000 0.02000 0.05500
v 0.27000 0.02500 0.05500
v 0.26500 0.02500 0.05500
v 0.26500 0.02000 0.05500
v 0.27000 0.02000 0.05500
v 0.27000 0.02500 0.05500
v 0.26500 0.02500 0.05500
v 0.26500 0.02000 0.06000
v 0.27000 0.02000 0.06000
v 0.27000 0.02500 0.06000
v 0.26500 0.02500 0.06000
v 0.26500 0.02000 0.06000
v 0.27000 0.02000 0.06000
v 0.27000 0.02500 0.06000
v 0.26500 0.02500 0.06000
v 0.26500 0.02000 0.06500
v 0.27000 0.02000 0.06500
v 0.27000 0.02500 0.06500
v 0.26500 0.02500 0.06500
v 0.26500 0.02000 0.06500
v 0.27000 0.02000 0.06500
v 0.27000 0.02500 0.06500
v 0.26500 0.02500 0.06500
v 0.26500 0.02000 0.07000
v 0.27000 0.02000 0.07000
v 0.27000 0.02500 0.07000
v 0.26500 0.02500 0.07000
v 0.26500 0.02000 0.07000
v 0.27000 0.02000 0.07000
v 0.27000 0.02500 0.07000
v 0.26500 0.02500 0.07000
v 0.26500 0.02000 0.07500
v 0.27000 0.02000 0.07500
v 0.27000 0.02500 0.07500
v 0.26500 0.02500 0.07500
v 0.26500 0.02000 0.07500
v 0.27000 0.02000 0.07500
v 0.27000 0.02500 0.07500
v 0.26500 0.02500 0.07500
v 0.26500 0.02000 0.08000
v 0.27000 0.02000 0.08000
v 0.27000 0.02500 0.08000
v 0.26500 0.02500 0.08000
v 0.26500 0.02000 0.08000
v 0.27000 0.02000 0.08000
v 0.27000 0.02500 0.08000
v 0.26500 0.02500 0.08000
v 0.26500 0.02000 0.08500
v 0.27000 0.02000 0.08500
v 0.27000 0.02500 0.08500
v 0.26500 0.02500 0.08500
v 0.26500 0.02000 0.08500
v 0.27000 0.02000 0.08500
v 0.27000 0.02500 0.08500
v 0.26500 0.02500 0.08500
v 0.26500 0.02000 0.09000
v 0.27000 0.02000 0.09000
v 0.27000 0.02500 0.09000
v 0.26500 0.02500 0.09000
v 0.26500 0.02000 0.09000
v 0.27000 0.02000 0.09000
v 0.27000 0.02500 0.09000
v 0.26500 0.02500 0.09000
v 0.26500 0.02000 0.09500
v 0.27000 0.02000 0.09500
v 0.27000 0.02500 0.09500
v 0.26500 0.02500 0.09500
v 0.26500 0.02000 0.09500
v 0.27000 0.02000 0.09500
v 0.27000 0.02500 0.09500
v 0.26500 0.02500 0.09500
v 0.26500 0.02000 0.10000
v 0.27000 0.02000 0.10000
v 0.27000 0.02500 0.10000
v 0.26500 0.02500 0.10000
v 0.26500 0.02000 0.10000
v 0.27000 0.02000 0.10000
v 0.27000 0.02500 0.10000
v 0.26500 0.02500 0.10000
v 0.26500 0.02000 0.10500
v 0.27000 0.02000 0.10500
v 0.27000 0.02500 0.10500
v 0.26500 0.02500 0.10500
v 0.26500 0.02000 0.10500
v 0.27000 0.02000 0.10500
v 0.27000 0.02500 0.10500
v 0.26500 0.02500 0.10500
v 0.26500 0.02000 0.11000
v 0.27000 0.02000 0.11000
v 0.27000 0.02500 0.11000
v 0.26500 0.02500 0.11000
v 0.26500 0.02000 0.11000
v 0.27000 0.02000 0.11000
v 0.27000 0.02500 0.11000
v 0.26500 0.02500 0.11000
v 0.26500 0.02000 0.11500
v 0.27000 0.02000 0.11500
v 0.27000 0.02500 0.11500
v 0.26500 0.02500 0.11500
v 0.26500 0.02000 0.11500
v 0.27000 0.02000 0.11500
v 0.27000 0.02500 0.11500
v 0.26500 0.02500 0.11500
v 0.26500 0.02000 0.12000
v 0.27000 0.02000 0.12000
v 0.27000 0.02500 0.12000
v 0.26500 0.02500 0.12000
v 0.26500 0.02000 0.12000
v 0.27000 0.02000 0.12000
v 0.27000 0.02500 0.12000
v 0.26500 0.02500 0.12000
v 0.26500 0.02000 0.12500
v 0.27000 0.02000 0.12500
v 0.27000 0.02500 0.12500
v 0.26500 0.02500 0.12500
v 0.26500 0.02000 0.12500
v 0.27000 0.02000 0.12500
v 0.27000 0.02500 0.12500
v 0.26500 0.02500 0.12500
v 0.26500 0.02000 0.13000
v 0.27000 0.02000 0.13000
v 0.27000 0.02500 0.13000
v 0.26500 0.02500 0.13000
v 0.26500 0.02000 0.13000
v 0.27000 0.02000 0.13000
v 0.27000 0.02500 0.13000
v 0.26500 0.02500 0.13000
v 0.26500 0.02000 0.13500
v 0.27000 0.02000 0.13500
v 0.27000 0.02500 0.13500
v 0.26500 0.02500 0.13500
v 0.26500 0.02000 0.13500
v 0.27000 0.02000 0.13500
v 0.27000 0.02500 0.13500
v 0.26500 0.02500 0.13500
v 0.26500 0.02000 0.14000
v 0.27000 0.02000 0.14000
v 0.27000 0.02500 0.14000
v 0.26500 0.02500 0.14000
v 0.26500 0.02000 0.14000
v 0.27000 0.02000 0.14000
v 0.27000 0.02500 0.14000
v 0.26500 0.02500 0.14000
v 0.26500 0.02000 0.14500
v 0.27000 0.02000 0.14500
v 0.27000 0.02500 0.14500
v 0.26500 0.02500 0.14500
v 0.26500 0.02500 0.00500
v 0.27000 0.02500 0.00500
v 0.27000 0.03000 0.00500
v 0.26500 0.03000 0.00500
v 0.26500 0.02500 0.01000
v 0.27000 0.02500 0.01000
v 0.27000 0.03000 0.01000
v 0.26500 0.03000 0.01000
v 0.26500 0.02500 0.01000
v 0.27000 0.02500 0.01000
v 0.27000 0.03000 0.01000
v 0.26500 0.03000 0.01000
v 0.26500 0.02500 0.01500
v 0.27000 0.02500 0.01500
v 0.27000 0.03000 0.01500
v 0.26500 0.03000 0.01500
v 0.26500 0.02500 0.01500
v 0.27000 0.02500 0.01500
v 0.27000 0.03000 0.01500
v 0.26500 0.03000 0.01500
v 0.26500 0.02500 0.02000
v 0.27000 0.02500 0.02000
v 0.27000 0.03000 0.02000
v 0.26500 0.03000 0.02000
v 0.26500 0.02500 0.02000
v 0.27000 0.02500 0.02000
v 0.27000 0.03000 0.02000
v 0.26500 0.03000 0.02000
v 0.26500 0.02500 0.02500
v 0.27000 0.02500 0.02500
v 0.27000 0.03000 0.02500
v 0.26500 0.03000 0.02500
v 0.26500 0.02500 0.02500
v 0.27000 0.02500 0.02500
v 0.27000 0.03000 0.02500
v 0.26500 0.03000 0.02500
v 0.26500 0.02500 0.03000
v 0.27000 0.02500 0.03000
v 0.27000 0.03000 0.03000
v 0.26500 0.03000 0.03000
v 0.26500 0.02500 0.03000
v 0.27000 0.02500 0.03000
v 0.27000 0.03000 0.03000
v 0.26500 0.03000 0.03000
v 0.26500 0.02500 0.03500
v 0.27000 0.02500 0.03500
v 0.27000 0.03000 0.03500
v 0.26500 0.03000 0.03500
v 0.26500 0.02500 0.03500
v 0.27000 0.02500 0.03500
v 0.27000 0.03000 0.03500
v 0.26500 0.03000 0.03500
v 0.26500 0.02500 0.04000
v 0.27000 0.02500 0.04000
v 0.27000 0.03000 0.04000
v 0.26500 0.03000 0.04000
v 0.26500 0.02500 0.04000
v 0.27000 0.02500 0.04000
v 0.27000 0.03000 0.04000
v 0.26500 0.03000 0.04000
v 0.26500 0.02500 0.04500
v 0.27000 0.02500 0.04500
v 0.27000 0.03000 0.04500
v 0.26500 0.03000 0.04500
v 0.26500 0.02500 0.04500
v 0.27000 0.02500 0.04500
v 0.27000 0.03000 0.04500
v 0.26500 0.03000 0.04500
v 0.26500 0.02500 0.05000
v 0.27000 0.02500 0.05000
v 0.27000 0.03000 0.05000
v 0.26500 0.03000 0.05000
v 0.26500 0.02500 0.05000
v 0.27000 0.02500 0.05000
v 0.27000 0.03000 0.05000
v 0.26500 0.03000 0.05000
v 0.26500 0.02500 0.05500
v 0.27000 0.02500 0.05500
v 0.27000 0.03000 0.05500
v 0.26500 0.03000 0.05500
v 0.26500 0.02500 0.05500
v 0.27000 0.02500 0.05500
v 0.27000 0.03000 0.05500
v 0.26500 0.03000 0.05500
v 0.26500 0.02500 0.06000
v 0.27000 0.02500 0.06000
v 0.27000 0.03000 0.06000
v 0.26500 0.03000 0.06000
v 0.26500 0.02500 0.06000
v 0.27000 0.02500 0.06000
v 0.27000 0.03000 0.06000
v 0.26500 0.03000 0.06000
v 0.26500 0.02500 0.06500
v 0.27000 0.02500 0.06500
v 0.27000 0.03000 0.06500
v 0.26500 0.03000 0.06500
v 0.26500 0.02500 0.06500
v 0.27000 0.02500 0.06500
v 0.27000 0.03000 0.06500
v 0.26500 0.03000 0.06500
v 0.26500 0.02500 0.07000
v 0.27000 0.02500 0.07000
v 0.27000 0.03000 0.07000
v 0.26500 0.03000 0.07000
v 0.26500 0.02500 0.07000
v 0.27000 0.02500 0.07000
v 0.27000 0.03000 0.07000
v 0.26500 0.03000 0.07000
v 0.26500 0.02500 0.07500
v 0.27000 0.02500 0.07500
v 0.27000 0.03000 0.07500
v 0.26500 0.03000 0.07500
v 0.26500 0.02500 0.07500
v 0.27000 0.02500 0.07500
v 0.27000 0.03000 0.07500
v 0.26500 0.03000 0.07500
v 0.26500 0.02500 0.08000
v 0.27000 0.02500 0.08000
v 0.27000 0.03000 0.08000
v 0.26500 0.03000 0.08000
v 0.26500 0.02500 0.08000
v 0.27000 0.02500 0.08000
v 0.27000 0.03000 0.08000
v 0.26500 0.03000 0.08000
v 0.26500 0.02500 0.08500
v 0.27000 0.02500 0.08500
v 0.27000 0.03000 0.08500
v 0.26500 0.03000 0.08500
v 0.26500 0.02500 0.08500
v 0.27000 0.02500 0.08500
v 0.27000 0.03000 0.08500
v 0.26500 0.03000 0.08500
v 0.26500 0.02500 0.09000
v 0.27000 0.02500 0.09000
v 0.27000 0.03000 0.09000
v 0.26500 0.03000 0.09000
v 0.26500 0.02500 0.09000
v 0.27000 0.02500 0.09000
v 0.27000 0.03000 0.09000
v 0.26500 0.03000 0.09000
v 0.26500 0.02500 0.09500
v 0.27000 0.02500 0.09500
v 0.27000 0.03000 0.09500
v 0.26500 0.03000 0.09500
v 0.26500 0.02500 0.09500
v 0.27000 0.02500 0.09500
v 0.27000 0.03000 0.09500
v 0.26500 0.03000 0.09500
v 0.26500 0.02500 0.10000
v 0.27000 0.02500 0.10000
v 0.27000 0.03000 0.10000
v 0.26500 0.03000 0.10000
v 0.26500 0.02500 0.10000
v 0.27000 0.02500 0.10000
v 0.27000 0.03000 0.10000
v 0.26500 0.03000 0.10000
v 0.26500 0.02500 0.10500
v 0.27000 0.02500 0.10500
v 0.27000 0.03000 0.10500
v 0.26500 0.03000 0.10500
v 0.26500 0.02500 0.10500
v 0.27000 0.02500 0.10500
v 0.27000 0.03000 0.10500
v 0.26500 0.03000 0.10500
v 0.26500 0.02500 0.11000
v 0.27000 0.02500 0.11000
v 0.27000 0.03000 0.11000
v 0.26500 0.03000 0.11000
v 0.26500 0.02500 0.11000
v 0.27000 0.02500 0.11000
v 0.27000 0.03000 0.11000
v 0.26500 0.03000 0.11000
v 0.26500 0.02500 0.11500
v 0.27000 0.02500 0.11500
v 0.27000 0.03000 0.11500
v 0.26500 0.03000 0.11500
v 0.26500 0.02500 0.11500
v 0.27000 0.02500 0.11500
v 0.27000 0.03000 0.11500
v 0.26500 0.03000 0.11500
v 0.26500 0.02500 0.12000
v 0.27000 0.02500 0.12000
v 0.27000 0.03000 0.12000
v 0.26500 0.03000 0.12000
v 0.26500 0.02500 0.12000
v 0.27000 0.02500 0.12000
v 0.27000 0.03000 0.12000
v 0.26500 0.03000 0.12000
v 0.26500 0.02500 0.12500
v 0.27000 0.02500 0.12500
v 0.27000 0.03000 0.12500
v 0.26500 0.03000 0.12500
v 0.26500 0.02500 0.12500
v 0.27000 0.02500 0.12500
v 0.27000 0.03000 0.12500
v 0.26500 0.03000 0.12500
v 0.26500 0.02500 0.13000
v 0.27000 0.02500 0.13000
v 0.27000 0.03000 0.13000
v 0.26500 0.03000 0.13000
v 0.26500 0.02500 0.13000
v 0.27000 0.02500 0.13000
v 0.27000 0.03000 0.13000
v 0.26500 0.03000 0.13000
v 0.26500 0.02500 0.13500
v 0.27000 0.02500 0.13500
v 0.27000 0.03000 0.13500
v 0.26500 0.03000 0.13500
v 0.26500 0.02500 0.13500
v 0.27000 0.02500 0.13500
v 0.27000 0.03000 0.13500
v 0.26500 0.03000 0.13500
v 0.26500 0.02500 0.14000
v 0.27000 0.02500 0.14000
v 0.27000 0.03000 0.14000
v 0.26500 0.03000 0.14000
v 0.27000 -0.03000 0.00000
v 0.27500 -0.03000 0.00000
v 0.27500 -0.02500 0.00000
v 0.27000 -0.02500 0.00000
v 0.27000 -0.03000 0.00500
v 0.27500 -0.03000 0.00500
v 0.27500 -0.02500 0.00500
v 0.27000 -0.02500 0.00500
v 0.27000 -0.03000 0.00500
v 0.27500 -0.03000 0.00500
v 0.27500 -0.02500 0.00500
v 0.27000 -0.02500 0.00500
v 0.27000 -0.03000 0.01000
v 0.27500 -0.03000 0.01000
v 0.27500 -0.02500 0.01000
v 0.27000 -0.02500 0.01000
v 0.27000 -0.03000 0.01000
v 0.27500 -0.03000 0.01000
v 0.27500 -0.02500 0.01000
v 0.27000 -0.02500 0.01000
v 0.27000 -0.03000 0.01500
v 0.27500 -0.03000 0.01500
v 0.27500 -0.02500 0.01500
v 0.27000 -0.02500 0.01500
v 0.27000 -0.03000 0.01500
v 0.27500 -0.03000 0.01500
v 0.27500 -0.02500 0.01500
v 0.27000 -0.02500 0.01500
v 0.27000 -0.03000 0.02000
v 0.27500 -0.03000 0.02000
v 0.27500 -0.02500 0.02000
v 0.27000 -0.02500 0.02000
v 0.27000 -0.03000 0.02000
v 0.27500 -0.03000 0.02000
v 0.27500 -0.02500 0.02000
v 0.27000 -0.02500 0.02000
v 0.27000 -0.03000 0.02500
v 0.27500 -0.03000 0.02500
v 0.27500 -0.02500 0.02500
v 0.27000 -0.02500 0.02500
v 0.27000 -0.03000 0.02500
v 0.27500 -0.03000 0.02500
v 0.27500 -0.02500 0.02500
v 0.27000 -0.02500 0.02500
v 0.27000 -0.03000 0.03000
v 0.27500 -0.03000 0.03000
v 0.27500 -0.02500 0.03000
v 0.27000 -0.02500 0.03000
v 0.27000 -0.03000 0.03000
v 0.27500 -0.03000 0.03000
v 0.27500 -0.02500 0.03000
v 0.27000 -0.02500 0.03000
v 0.27000 -0.03000 0.03500
v 0.27500 -0.03000 0.03500
v 0.27500 -0.02500 0.03500
v 0.27000 -0.02500 0.03500
v 0.27000 -0.03000 0.03500
v 0.27500 -0.03000 0.03500
v 0.27500 -0.02500 0.03500
v 0.27000 -0.02500 0.03500
v 0.27000 -0.03000 0.04000
v 0.27500 -0.03000 0.04000
v 0.27500 -0.02500 0.04000
v 0.27000 -0.02500 0.04000
v 0.27000 -0.03000 0.04000
v 0.27500 -0.03000 0.04000
v 0.27500 -0.02500 0.04000
v 0.27000 -0.02500 0.04000
v 0.27000 -0.03000 0.04500
v 0.27500 -0.03000 0.04500
v 0.27500 -0.02500 0.04500
v 0.27000 -0.02500 0.04500
v 0.27000 -0.03000 0.04500
v 0.27500 -0.03000 0.04500
v 0.27500 -0.02500 0.04500
v 0.27000 -0.02500 0.04500
v 0.27000 -0.03000 0.05000
v 0.27500 -0.03000 0.05000
v 0.27500 -0.02500 0.05000
v 0.27000 -0.02500 0.05000
v 0.27000 -0.03000 0.05000
v 0.27500 -0.03000 0.05000
v 0.27500 -0.02500 0.05000
v 0.27000 -0.02500 0.05000
v 0.27000 -0.03000 0.05500
v 0.27500 -0.03000 0.05500
v 0.27500 -0.02500 0.05500
v 0.27000 -0.02500 0.05500
v 0.27000 -0.03000 0.05500
v 0.27500 -0.03000 0.05500
v 0.27500 -0.02500 0.05500
v 0.27000 -0.02500 0.05500
v 0.27000 -0.03000 0.06000
v 0.27500 -0.03000 0.06000
v 0.27500 -0.02500 0.06000
v 0.27000 -0.02500 0.06000
v 0.27000 -0.03000 0.06000
v 0.27500 -0.03000 0.06000
v 0.27500 -0.02500 0.06000
v 0.27000 -0.02500 0.06000
v 0.27000 -0.03000 0.06500
v 0.27500 -0.03000 0.06500
v 0.27500 -0.02500 0.06500
v 0.27000 -0.02500 0.06500
v 0.27000 -0.03000 0.06500
v 0.27500 -0.03000 0.06500
v 0.27500 -0.02500 0.06500
v 0.27000 -0.02500 0.06500
v 0.27000 -0.03000 0.07000
v 0.27500 -0.03000 0.07000
v 0.27500 -0.02500 0.07000
v 0.27000 -0.02500 0.07000
v 0.27000 -0.03000 0.07000
v 0.27500 -0.03000 0.07000
v 0.27500 -0.02500 0.07000
v 0.27000 -0.02500 0.07000
v 0.27000 -0.03000 0.07500
v 0.27500 -0.03000 0.07500
v 0.27500 -0.02500 0.07500
v 0.27000 -0.02500 0.07500
v 0.27000 -0.03000 0.07500
v 0.27500 -0.03000 0.07500
v 0.27500 -0.02500 0.07500
v 0.27000 -0.02500 0.07500
v 0.27000 -0.03000 0.08000
v 0.27500 -0.03000 0.08000
v 0.27500 -0.02500 0.08000
v 0.27000 -0.02500 0.08000
v 0.27000 -0.03000 0.08000
v 0.27500 -0.03000 0.08000
v 0.27500 -0.02500 0.08000
v 0.27000 -0.02500 0.08000
v 0.27000 -0.03000 0.08500
v 0.27500 -0.03000 0.08500
v 0.27500 -0.02500 0.08500
v 0.27000 -0.02500 0.08500
v 0.27000 -0.03000 0.08500
v 0.27500 -0.03000 0.08500
v 0.27500 -0.02500 0.08500
v 0.27000 -0.02500 0.08500
v 0.27000 -0.03000 0.09000
v 0.27500 -0.03000 0.09000
v 0.27500 -0.02500 0.09000
v 0.27000 -0.02500 0.09000
v 0.27000 -0.03000 0.09000
v 0.27500 -0.03000 0.09000
v 0.27500 -0.02500 0.09000
v 0.27000 -0.02500 0.09000
v 0.27000 -0.03000 0.09500
v 0.27500 -0.03000 0.09500
v 0.27500 -0.02500 0.09500
v 0.27000 -0.02500 0.09500
v 0.27000 -0.03000 0.09500
v 0.27500 -0.03000 0.09500
v 0.27500 -0.02500 0.09500
v 0.27000 -0.02500 0.09500
v 0.27000 -0.03000 0.10000
v 0.27500 -0.03000 0.10000
v 0.27500 -0.02500 0.10000
v 0.27000 -0.02500 0.10000
v 0.27000 -0.03000 0.10000
v 0.27500 -0.03000 0.10000
v 0.27500 -0.02500 0.10000
v 0.27000 -0.02500 0.10000
v 0.27000 -0.03000 0.10500
v 0.27500 -0.03000 0.10500
v 0.27500 -0.02500 0.10500
v 0.27000 -0.02500 0.10500
v 0.27000 -0.03000 0.10500
v 0.27500 -0.03000 0.10500
v 0.27500 -0.02500 0.10500
v 0.27000 -0.02500 0.10500
v 0.27000 -0.03000 0.11000
v 0.27500 -0.03000 0.11000
v 0.27500 -0.02500 0.11000
v 0.27000 -0.02500 0.11000
v 0.27000 -0.03000 0.11000
v 0.27500 -0.03000 0.11000
v 0.27500 -0.02500 0.11000
v 0.27000 -0.02500 0.11000
v 0.27000 -0.03000 0.11500
v 0.27500 -0.03000 0.11500
v 0.27500 -0.02500 0.11500
v 0.27000 -0.02500 0.11500
v 0.27000 -0.03000 0.11500
v 0.27500 -0.03000 0.11500
v 0.27500 -0.02500 0.11500
v 0.27000 -0.02500 0.11500
v 0.27000 -0.03000 0.12000
v 0.27500 -0.03000 0.12000
v 0.27500 -0.02500 0.12000
v 0.27000 -0.02500 0.12000
v 0.27000 -0.03000 0.12000
v 0.27500 -0.03000 0.12000
v 0.27500 -0.02500 0.12000
v 0.27000 -0.02500 0.12000
v 0.27000 -0.03000 0.12500
v 0.27500 -0.03000 0.12500
v 0.27500 -0.02500 0.12500
v 0.27000 -0.02500 0.12500
v 0.27000 -0.03000 0.12500
v 0.27500 -0.03000 0.12500
v 0.27500 -0.02500 0.12500
v 0.27000 -0.02500 0.12500
v 0.27000 -0.03000 0.13000
v 0.27500 -0.03000 0.13000
v 0.27500 -0.02500 0.13000
v 0.27000 -0.02500 0.13000
v 0.27000 -0.03000 0.13000
v 0.27500 -0.03000 0.13000
v 0.27500 -0.02500 0.13000
v 0.27000 -0.02500 0.13000
v 0.27000 -0.03000 0.13500
v 0.27500 -0.03000 0.13500
v 0.27500 -0.02500 0.13500
v 0.27000 -0.02500 0.13500
v 0.27000 -0.03000 0.13500
v 0.27500 -0.03000 0.13500
v 0.27500 -0.02500 0.13500
v 0.27000 -0.02500 0.13500
v 0.27000 -0.03000 0.14000
v 0.27500 -0.03000 0.14000
v 0.27500 -0.02500 0.14000
v 0.27000 -0.02500 0.14000
v 0.27000 -0.03000 0.14000
v 0.27500 -0.03000 0.14000
v 0.27500 -0.02500 0.14000
v 0.27000 -0.02500 0.14000
v 0.27000 -0.03000 0.14500
v 0.27500 -0.03000 0.14500
v 0.27500 -0.02500 0.14500
v 0.27000 -0.02500 0.14500
v 0.27000 -0.03000 0.14500
v 0.27500 -0.03000 0.14500
v 0.27500 -0.02500 0.14500
v 0.27000 -0.02500 0.14500
v 0.27000 -0.03000 0.15000
v 0.27500 -0.03000 0.15000
v 0.27500 -0.02500 0.15000
v 0.27000 -0.02500 0.15000
v 0.27000 -0.02500 0.00000
v 0.27500 -0.02500 0.00000
v 0.27500 -0.02000 0.00000
v 0.27000 -0.02000 0.00000
v 0.27000 -0.02500 0.00500
v 0.27500 -0.02500 0.00500
v 0.27500 -0.02000 0.00500
v 0.27000 -0.02000 0.00500
v 0.27000 -0.02500 0.09000
v 0.27500 -0.02500 0.09000
v 0.27500 -0.02000 0.09000
v 0.27000 -0.02000 0.09000
v 0.27000 -0.02500 0.09500
v 0.27500 -0.02500 0.09500
v 0.27500 -0.02000 0.09500
v 0.27000 -0.02000 0.09500
v 0.27000 -0.02500 0.14000
v 0.27500 -0.02500 0.14000
v 0.27500 -0.02000 0.14000
v 0.27000 -0.02000 0.14000
v 0.27000 -0.02500 0.14500
v 0.27500 -0.02500 0.14500
v 0.27500 -0.02000 0.14500
v 0.27000 -0.02000 0.14500
v 0.27000 -0.02500 0.14500
v 0.27500 -0.02500 0.14500
v 0.27500 -0.02000 0.14500
v 0.27000 -0.02000 0.14500
v 0.27000 -0.02500 0.15000
v 0.27500 -0.02500 0.15000
v 0.27500 -0.02000 0.15000
v 0.27000 -0.02000 0.15000
v 0.27000 -0.02500 0.15000
v 0.27500 -0.02500 0.15000
v 0.27500 -0.02000 0.15000
v 0.27000 -0.02000 0.15000
v 0.27000 -0.02500 0.15500
v 0.27500 -0.02500 0.15500
v 0.27500 -0.02000 0.15500
v 0.27000 -0.02000 0.15500
v 0.27000 -0.02000 0.14000
v 0.27500 -0.02000 0.14000
v 0.27500 -0.01500 0.14000
v 0.27000 -0.01500 0.14000
v 0.27000 -0.02000 0.14500
v 0.27500 -0.02000 0.14500
v 0.27500 -0.01500 0.14500
v 0.27000 -0.01500 0.14500
v 0.27000 -0.02000 0.15000
v 0.27500 -0.02000 0.15000
v 0.27500 -0.01500 0.15000
v 0.27000 -0.01500 0.15000
v 0.27000 -0.02000 0.15500
v 0.27500 -0.02000 0.15500
v 0.27500 -0.01500 0.15500
v 0.27000 -0.01500 0.15500
v 0.27000 -0.02000 0.15500
v 0.27500 -0.02000 0.15500
v 0.27500 -0.01500 0.15500
v 0.27000 -0.01500 0.15500
v 0.27000 -0.02000 0.16000
v 0.27500 -0.02000 0.16000
v 0.27500 -0.01500 0.16000
v 0.27000 -0.01500 0.16000
v 0.27000 -0.02000 0.16000
v 0.27500 -0.02000 0.16000
v 0.27500 -0.01500 0.16000
v 0.27000 -0.01500 0.16000
v 0.27000 -0.02000 0.16500
v 0.27500 -0.02000 0.16500
v 0.27500 -0.01500 0.16500
v 0.27000 -0.01500 0.16500
v 0.27000 -0.01500 0.16000
v 0.27500 -0.01500 0.16000
v 0.27500 -0.01000 0.16000
v 0.27000 -0.01000 0.16000
v 0.27000 -0.01500 0.16500
v 0.27500 -0.01500 0.16500
v 0.27500 -0.01000 0.16500
v 0.27000 -0.01000 0.16500
v 0.27000 -0.01500 0.16500
v 0.27500 -0.01500 0.16500
v 0.27500 -0.01000 0.16500
v 0.27000 -0.01000 0.16500
v 0.27000 -0.01500 0.17000
v 0.27500 -0.01500 0.17000
v 0.27500 -0.01000 0.17000
v 0.27000 -0.01000 0.17000
v 0.27000 -0.01500 0.17000
v 0.27500 -0.01500 0.17000
v 0.27500 -0.01000 0.17000
v 0.27000 -0.01000 0.17000
v 0.27000 -0.01500 0.17500
v 0.27500 -0.01500 0.17500
v 0.27500 -0.01000 0.17500
v 0.27000 -0.01000 0.17500
v 0.27000 -0.01500 0.17500
v 0.27500 -0.01500 0.17500
v 0.27500 -0.01000 0.17500
v 0.27000 -0.01000 0.17500
v 0.27000 -0.01500 0.18000
v 0.27500 -0.01500 0.18000
v 0.27500 -0.01000 0.18000
v 0.27000 -0.01000 0.18000
v 0.27000 -0.01500 0.18000
v 0.27500 -0.01500 0.18000
v 0.27500 -0.01000 0.18000
v 0.27000 -0.01000 0.18000
v 0.27000 -0.01500 0.18500
v 0.27500 -0.01500 0.18500
v 0.27500 -0.01000 0.18500
v 0.27000 -0.01000 0.18500
v 0.27000 -0.01500 0.18500
v 0.27500 -0.01500 0.18500
v 0.27500 -0.01000 0.18500
v 0.27000 -0.01000 0.18500
v 0.27000 -0.01500 0.19000
v 0.27500 -0.01500 0.19000
v 0.27500 -0.01000 0.19000
v 0.27000 -0.01000 0.19000
v 0.27000 -0.01000 0.17500
v 0.27500 -0.01000 0.17500
v 0.27500 -0.00500 0.17500
v 0.27000 -0.00500 0.17500
v 0.27000 -0.01000 0.18000
v 0.27500 -0.01000 0.18000
v 0.27500 -0.00500 0.18000
v 0.27000 -0.00500 0.18000
v 0.27000 -0.01000 0.18000
v 0.27500 -0.01000 0.18000
v 0.27500 -0.00500 0.18000
v 0.27000 -0.00500 0.18000
v 0.27000 -0.01000 0.18500
v 0.27500 -0.01000 0.18500
v 0.27500 -0.00500 0.18500
v 0.27000 -0.00500 0.18500
v 0.27000 -0.01000 0.18500
v 0.27500 -0.01000 0.18500
v 0.27500 -0.00500 0.18500
v 0.27000 -0.00500 0.18500
v 0.27000 -0.01000 0.19000
v 0.27500 -0.01000 0.19000
v 0.27500 -0.00500 0.19000
v 0.27000 -0.00500 0.19000
v 0.27000 -0.00500 0.17500
v 0.27500 -0.00500 0.17500
v 0.27500 0.00000 0.17500
v 0.27000 0.00000 0.17500
v 0.27000 -0.00500 0.18000
v 0.27500 -0.00500 0.18000
v 0.27500 0.00000 0.18000
v 0.27000 0.00000 0.18000
v 0.27000 -0.00500 0.18000
v 0.27500 -0.00500 0.18000
v 0.27500 0.00000 0.18000
v 0.27000 0.00000 0.18000
v 0.27000 -0.00500 0.18500
v 0.27500 -0.00500 0.18500
v 0.27500 0.00000 0.18500
v 0.27000 0.00000 0.18500
v 0.27000 -0.00500 0.18500
v 0.27500 -0.00500 0.18500
v 0.27500 0.00000 0.18500
v 0.27000 0.00000 0.18500
v 0.27000 -0.00500 0.19000
v 0.27500 -0.00500 0.19000
v 0.27500 0.00000 0.19000
v 0.27000 0.00000 0.19000
v 0.27000 -0.00500 0.19000
v 0.27500 -0.00500 0.19000
v 0.27500 0.00000 0.19000
v 0.27000 0.00000 0.19000
v 0.27000 -0.00500 0.19500
v 0.27500 -0.00500 0.19500
v 0.27500 0.00000 0.19500
v 0.27000 0.00000 0.19500
v 0.27000 0.00000 0.17500
v 0.27500 0.00000 0.17500
v 0.27500 0.00500 0.17500
v 0.27000 0.00500 0.17500
v 0.27000 0.00000 0.18000
v 0.27500 0.00000 0.18000
v 0.27500 0.00500 0.18000
v 0.27000 0.00500 0.18000
v 0.27000 0.00000 0.18000
v 0.27500 0.00000 0.18000
v 0.27500 0.00500 0.18000
v 0.27000 0.00500 0.18000
v 0.27000 0.00000 0.18500
v 0.27500 0.00000 0.18500
v 0.27500 0.00500 0.18500
v 0.27000 0.00500 0.18500
v 0.27000 0.00000 0.18500
v 0.27500 0.00000 0.18500
v 0.27500 0.00500 0.18500
v 0.27000 0.00500 0.18500
v 0.27000 0.00000 0.19000
v 0.27500 0.00000 0.19000
v 0.27500 0.00500 0.19000
v 0.27000 0.00500 0.19000
v 0.27000 0.00500 0.17000
v 0.27500 0.00500 0.17000
v 0.27500 0.01000 0.17000
v 0.27000 0.01000 0.17000
v 0.27000 0.00500 0.17500
v 0.27500 0.00500 0.17500
v 0.27500 0.01000 0.17500
v 0.27000 0.01000 0.17500
v 0.27000 0.00500 0.17500
v 0.27500 0.00500 0.17500
v 0.27500 0.01000 0.17500
v 0.27000 0.01000 0.17500
v 0.27000 0.00500 0.18000
v 0.27500 0.00500 0.18000
v 0.27500 0.01000 0.18000
v 0.27000 0.01000 0.18000
v 0.27000 0.00500 0.18000
v 0.27500 0.00500 0.18000
v 0.27500 0.01000 0.18000
v 0.27000 0.01000 0.18000
v 0.27000 0.00500 0.18500
v 0.27500 0.00500 0.18500
v 0.27500 0.01000 0.18500
v 0.27000 0.01000 0.18500
v 0.27000 0.00500 0.18500
v 0.27500 0.00500 0.18500
v 0.27500 0.01000 0.18500
v 0.27000 0.01000 0.18500
v 0.27000 0.00500 0.19000
v 0.27500 0.00500 0.19000
v 0.27500 0.01000 0.19000
v 0.27000 0.01000 0.19000
v 0.27000 0.01000 0.15500
v 0.27500 0.01000 0.15500
v 0.27500 0.01500 0.15500
v 0.27000 0.01500 0.15500
v 0.27000 0.01000 0.16000
v 0.27500 0.01000 0.16000
v 0.27500 0.01500 0.16000
v 0.27000 0.01500 0.16000
v 0.27000 0.01000 0.16000
v 0.27500 0.01000 0.16000
v 0.27500 0.01500 0.16000
v 0.27000 0.01500 0.16000
v 0.27000 0.01000 0.16500
v 0.27500 0.01000 0.16500
v 0.27500 0.01500 0.16500
v 0.27000 0.01500 0.16500
v 0.27000 0.01000 0.16500
v 0.27500 0.01000 0.16500
v 0.27500 0.01500 0.16500
v 0.27000 0.01500 0.16500
v 0.27000 0.01000 0.17000
v 0.27500 0.01000 0.17000
v 0.27500 0.01500 0.17000
v 0.27000 0.01500 0.17000
v 0.27000 0.01000 0.17000
v 0.27500 0.01000 0.17000
v 0.27500 0.01500 0.17000
v 0.27000 0.01500 0.17000
v 0.27000 0.01000 0.17500
v 0.27500 0.01000 0.17500
v 0.27500 0.01500 0.17500
v 0.27000 0.01500 0.17500
v 0.27000 0.01000 0.17500
v 0.27500 0.01000 0.17500
v 0.27500 0.01500 0.17500
v 0.27000 0.01500 0.17500
v 0.27000 0.01000 0.18000
v 0.27500 0.01000 0.18000
v 0.27500 0.01500 0.18000
v 0.27000 0.01500 0.18000
v 0.27000 0.01000 0.18000
v 0.27500 0.01000 0.18000
v 0.27500 0.01500 0.18000
v 0.27000 0.01500 0.18000
v 0.27000 0.01000 0.18500
v 0.27500 0.01000 0.18500
v 0.27500 0.01500 0.18500
v 0.27000 0.01500 0.18500
v 0.27000 0.01500 0.15000
v 0.27500 0.01500 0.15000
v 0.27500 0.02000 0.15000
v 0.27000 0.02000 0.15000
v 0.27000 0.01500 0.15500
v 0.27500 0.01500 0.15500
v 0.27500 0.02000 0.15500
v 0.27000 0.02000 0.15500
v 0.27000 0.01500 0.15500
v 0.27500 0.01500 0.15500
v 0.27500 0.02000 0.15500
v 0.27000 0.02000 0.15500
v 0.27000 0.01500 0.16000
v 0.27500 0.01500 0.16000
v 0.27500 0.02000 0.16000
v 0.27000 0.02000 0.16000
v 0.27000 0.01500 0.16000
v 0.27500 0.01500 0.16000
v 0.27500 0.02000 0.16000
v 0.27000 0.02000 0.16000
v 0.27000 0.01500 0.16500
v 0.27500 0.01500 0.16500
v 0.27500 0.02000 0.16500
v 0.27000 0.02000 0.16500
v 0.27000 0.01500 0.16500
v 0.27500 0.01500 0.16500
v 0.27500 0.02000 0.16500
v 0.27000 0.02000 0.16500
v 0.27000 0.01500 0.17000
v 0.27500 0.01500 0.17000
v 0.27500 0.02000 0.17000
v 0.27000 0.02000 0.17000
v 0.27000 0.01500 0.17000
v 0.27500 0.01500 0.17000
v 0.27500 0.02000 0.17000
v 0.27000 0.02000 0.17000
v 0.27000 0.01500 0.17500
v 0.27500 0.01500 0.17500
v 0.27500 0.02000 0.17500
v 0.27000 0.02000 0.17500
v 0.27000 0.02000 0.14500
v 0.27500 0.02000 0.14500
v 0.27500 0.02500 0.14500
v 0.27000 0.02500 0.14500
v 0.27000 0.02000 0.15000
v 0.27500 0.02000 0.15000
v 0.27500 0.02500 0.15000
v 0.27000 0.02500 0.15000
v 0.27000 0.02000 0.15000
v 0.27500 0.02000 0.15000
v 0.27500 0.02500 0.15000
v 0.27000 0.02500 0.15000
v 0.27000 0.02000 0.15500
v 0.27500 0.02000 0.15500
v 0.27500 0.02500 0.15500
v 0.27000 0.02500 0.15500
v 0.27000 0.02000 0.15500
v 0.27500 0.02000 0.15500
v 0.27500 0.02500 0.15500
v 0.27000 0.02500 0.15500
v 0.27000 0.02000 0.16000
v 0.27500 0.02000 0.16000
v 0.27500 0.02500 0.16000
v 0.27000 0.02500 0.16000
v 0.27000 0.02500 0.00000
v 0.27500 0.02500 0.00000
v 0.27500 0.03000 0.00000
v 0.27000 0.03000 0.00000
v 0.27000 0.02500 0.00500
v 0.27500 0.02500 0.00500
v 0.27500 0.03000 0.00500
v 0.27000 0.03000 0.00500
v 0.27000 0.02500 0.14000
v 0.27500 0.02500 0.14000
v 0.27500 0.03000 0.14000
v 0.27000 0.03000 0.14000
v 0.27000 0.02500 0.14500
v 0.27500 0.02500 0.14500
v 0.27500 0.03000 0.14500
v 0.27000 0.03000 0.14500
v 0.27000 0.02500 0.14500
v 0.27500 0.02500 0.14500
v 0.27500 0.03000 0.14500
v 0.27000 0.03000 0.14500
v 0.27000 0.02500 0.15000
v 0.27500 0.02500 0.15000
v 0.27500 0.03000 0.15000
v 0.27000 0.03000 0.15000
v 0.27000 0.02500 0.15000
v 0.27500 0.02500 0.15000
v 0.27500 0.03000 0.15000
v 0.27000 0.03000 0.15000
v 0.27000 0.02500 0.15500
v 0.27500 0.02500 0.15500
v 0.27500 0.03000 0.15500
v 0.27000 0.03000 0.15500
v 0.27000 0.03000 0.00000
v 0.27500 0.03000 0.00000
v 0.27500 0.03500 0.00000
v 0.27000 0.03500 0.00000
v 0.27000 0.03000 0.00500
v 0.27500 0.03000 0.00500
v 0.27500 0.03500 0.00500
v 0.27000 0.03500 0.00500
v 0.27000 0.03000 0.00500
v 0.27500 0.03000 0.00500
v 0.27500 0.03500 0.00500
v 0.27000 0.03500 0.00500
v 0.27000 0.03000 0.01000
v 0.27500 0.03000 0.01000
v 0.27500 0.03500 0.01000
v 0.27000 0.03500 0.01000
v 0.27000 0.03000 0.01000
v 0.27500 0.03000 0.01000
v 0.27500 0.03500 0.01000
v 0.27000 0.03500 0.01000
v 0.27000 0.03000 0.01500
v 0.27500 0.03000 0.01500
v 0.27500 0.03500 0.01500
v 0.27000 0.03500 0.01500
v 0.27000 0.03000 0.01500
v 0.27500 0.03000 0.01500
v 0.27500 0.03500 0.01500
v 0.27000 0.03500 0.01500
v 0.27000 0.03000 0.02000
v 0.27500 0.03000 0.02000
v 0.27500 0.03500 0.02000
v 0.27000 0.03500 0.02000
v 0.27000 0.03000 0.02000
v 0.27500 0.03000 0.02000
v 0.27500 0.03500 0.02000
v 0.27000 0.03500 0.02000
v 0.27000 0.03000 0.02500
v 0.27500 0.03000 0.02500
v 0.27500 0.03500 0.02500
v 0.27000 0.03500 0.02500
v 0.27000 0.03000 0.02500
v 0.27500 0.03000 0.02500
v 0.27500 0.03500 0.02500
v 0.27000 0.03500 0.02500
v 0.27000 0.03000 0.03000
v 0.27500 0.03000 0.03000
v 0.27500 0.03500 0.03000
v 0.27000 0.03500 0.03000
v 0.27000 0.03000 0.03000
v 0.27500 0.03000 0.03000
v 0.27500 0.03500 0.03000
v 0.27000 0.03500 0.03000
v 0.27000 0.03000 0.03500
v 0.27500 0.03000 0.03500
v 0.27500 0.03500 0.03500
v 0.27000 0.03500 0.03500
v 0.27000 0.03000 0.03500
v 0.27500 0.03000 0.03500
v 0.27500 0.03500 0.03500
v 0.27000 0.03500 0.03500
v 0.27000 0.03000 0.04000
v 0.27500 0.03000 0.04000
v 0.27500 0.03500 0.04000
v 0.27000 0.03500 0.04000
v 0.27000 0.03000 0.04000
v 0.27500 0.03000 0.04000
v 0.27500 0.03500 0.04000
v 0.27000 0.03500 0.04000
v 0.27000 0.03000 0.04500
v 0.27500 0.03000 0.04500
v 0.27500 0.03500 0.04500
v 0.27000 0.03500 0.04500
v 0.27000 0.03000 0.04500
v 0.27500 0.03000 0.04500
v 0.27500 0.03500 0.04500
v 0.27000 0.03500 0.04500
v 0.27000 0.03000 0.05000
v 0.27500 0.03000 0.05000
v 0.27500 0.03500 0.05000
v 0.27000 0.03500 0.05000
v 0.27000 0.03000 0.05000
v 0.27500 0.03000 0.05000
v 0.27500 0.03500 0.05000
v 0.27000 0.03500 0.05000
v 0.27000 0.03000 0.05500
v 0.27500 0.03000 0.05500
v 0.27500 0.03500 0.05500
v 0.27000 0.03500 0.05500
v 0.27000 0.03000 0.05500
v 0.27500 0.03000 0.05500
v 0.27500 0.03500 0.05500
v 0.27000 0.03500 0.05500
v 0.27000 0.03000 0.06000
v 0.27500 0.03000 0.06000
v 0.27500 0.03500 0.06000
v 0.27000 0.03500 0.06000
v 0.27000 0.03000 0.06000
v 0.27500 0.03000 0.06000
v 0.27500 0.03500 0.06000
v 0.27000 0.03500 0.06000
v 0.27000 0.03000 0.06500
v 0.27500 0.03000 0.06500
v 0.27500 0.03500 0.06500
v 0.27000 0.03500 0.06500
v 0.27000 0.03000 0.06500
v 0.27500 0.03000 0.06500
v 0.27500 0.03500 0.06500
v 0.27000 0.03500 0.06500
v 0.27000 0.03000 0.07000
v 0.27500 0.03000 0.07000
v 0.27500 0.03500 0.07000
v 0.27000 0.03500 0.07000
v 0.27000 0.03000 0.07000
v 0.27500 0.03000 0.07000
v 0.27500 0.03500 0.07000
v 0.27000 0.03500 0.07000
v 0.27000 0.03000 0.07500
v 0.27500 0.03000 0.07500
v 0.27500 0.03500 0.07500
v 0.27000 0.03500 0.07500
v 0.27000 0.03000 0.07500
v 0.27500 0.03000 0.07500
v 0.27500 0.03500 0.07500
v 0.27000 0.03500 0.07500
v 0.27000 0.03000 0.08000
v 0.27500 0.03000 0.08000
v 0.27500 0.03500 0.08000
v 0.27000 0.03500 0.08000
v 0.27000 0.03000 0.08000
v 0.27500 0.03000 0.08000
v 0.27500 0.03500 0.08000
v 0.27000 0.03500 0.08000
v 0.27000 0.03000 0.08500
v 0.27500 0.03000 0.08500
v 0.27500 0.03500 0.08500
v 0.27000 0.03500 0.08500
v 0.27000 0.03000 0.08500
v 0.27500 0.03000 0.08500
v 0.27500 0.03500 0.08500
v 0.27000 0.03500 0.08500
v 0.27000 0.03000 0.09000
v 0.27500 0.03000 0.09000
v 0.27500 0.03500 0.09000
v 0.27000 0.03500 0.09000
v 0.27000 0.03000 0.09000
v 0.27500 0.03000 0.09000
v 0.27500 0.03500 0.09000
v 0.27000 0.03500 0.09000
v 0.27000 0.03000 0.09500
v 0.27500 0.03000 0.09500
v 0.27500 0.03500 0.09500
v 0.27000 0.03500 0.09500
v 0.27000 0.03000 0.09500
v 0.27500 0.03000 0.09500
v 0.27500 0.03500 0.09500
v 0.27000 0.03500 0.09500
v 0.27000 0.03000 0.10000
v 0.27500 0.03000 0.10000
v 0.27500 0.03500 0.10000
v 0.27000 0.03500 0.10000
v 0.27000 0.03000 0.10000
v 0.27500 0.03000 0.10000
v 0.27500 0.03500 0.10000
v 0.27000 0.03500 0.10000
v 0.27000 0.03000 0.10500
v 0.27500 0.03000 0.10500
v 0.27500 0.03500 0.10500
v 0.27000 0.03500 0.10500
v 0.27000 0.03000 0.10500
v 0.27500 0.03000 0.10500
v 0.27500 0.03500 0.10500
v 0.27000 0.03500 0.10500
v 0.27000 0.03000 0.11000
v 0.27500 0.03000 0.11000
v 0.27500 0.03500 0.11000
v 0.27000 0.03500 0.11000
v 0.27000 0.03000 0.11000
v 0.27500 0.03000 0.11000
v 0.27500 0.03500 0.11000
v 0.27000 0.03500 0.11000
v 0.27000 0.03000 0.11500
v 0.27500 0.03000 0.11500
v 0.27500 0.03500 0.11500
v 0.27000 0.03500 0.11500
v 0.27000 0.03000 0.11500
v 0.27500 0.03000 0.11500
v 0.27500 0.03500 0.11500
v 0.27000 0.03500 0.11500
v 0.27000 0.03000 0.12000
v 0.27500 0.03000 0.12000
v 0.27500 0.03500 0.12000
v 0.27000 0.03500 0.12000
v 0.27000 0.03000 0.12000
v 0.27500 0.03000 0.12000
v 0.27500 0.03500 0.12000
v 0.27000 0.03500 0.12000
v 0.27000 0.03000 0.12500
v 0.27500 0.03000 0.12500
v 0.27500 0.03500 0.12500
v 0.27000 0.03500 0.12500
v 0.27000 0.03000 0.12500
v 0.27500 0.03000 0.12500
v 0.27500 0.03500 0.12500
v 0.27000 0.03500 0.12500
v 0.27000 0.03000 0.13000
v 0.27500 0.03000 0.13000
v 0.27500 0.03500 0.13000
v 0.27000 0.03500 0.13000
v 0.27000 0.03000 0.13000
v 0.27500 0.03000 0.13000
v 0.27500 0.03500 0.13000
v 0.27000 0.03500 0.13000
v 0.27000 0.03000 0.13500
v 0.27500 0.03000 0.13500
v 0.27500 0.03500 0.13500
v 0.27000 0.03500 0.13500
v 0.27000 0.03000 0.13500
v 0.27500 0.03000 0.13500
v 0.27500 0.03500 0.13500
v 0.27000 0.03500 0.13500
v 0.27000 0.03000 0.14000
v 0.27500 0.03000 0.14000
v 0.27500 0.03500 0.14000
v 0.27000 0.03500 0.14000
v 0.27000 0.03000 0.14000
v 0.27500 0.03000 0.14000
v 0.27500 0.03500 0.14000
v 0.27000 0.03500 0.14000
v 0.27000 0.03000 0.14500
v 0.27500 0.03000 0.14500
v 0.27500 0.03500 0.14500
v 0.27000 0.03500 0.14500
v 0.27500 -0.04000 0.01000
v 0.28000 -0.04000 0.01000
v 0.28000 -0.03500 0.01000
v 0.27500 -0.03500 0.01000
v 0.27500 -0.04000 0.01500
v 0.28000 -0.04000 0.01500
v 0.28000 -0.03500 0.01500
v 0.27500 -0.03500 0.01500
v 0.27500 -0.04000 0.03500
v 0.28000 -0.04000 0.03500
v 0.28000 -0.03500 0.03500
v 0.27500 -0.03500 0.03500
v 0.27500 -0.04000 0.04000
v 0.28000 -0.04000 0.04000
v 0.28000 -0.03500 0.04000
v 0.27500 -0.03500 0.04000
v 0.27500 -0.04000 0.04500
v 0.28000 -0.04000 0.04500
v 0.28000 -0.03500 0.04500
v 0.27500 -0.03500 0.04500
v 0.27500 -0.04000 0.05000
v 0.28000 -0.04000 0.05000
v 0.28000 -0.03500 0.05000
v 0.27500 -0.03500 0.05000
v 0.27500 -0.04000 0.05000
v 0.28000 -0.04000 0.05000
v 0.28000 -0.03500 0.05000
v 0.27500 -0.03500 0.05000
v 0.27500 -0.04000 0.05500
v 0.28000 -0.04000 0.05500
v 0.28000 -0.03500 0.05500
v 0.27500 -0.03500 0.05500
v 0.27500 -0.04000 0.05500
v 0.28000 -0.04000 0.05500
v 0.28000 -0.03500 0.05500
v 0.27500 -0.03500 0.05500
v 0.27500 -0.04000 0.06000
v 0.28000 -0.04000 0.06000
v 0.28000 -0.03500 0.06000
v 0.27500 -0.03500 0.06000
v 0.27500 -0.04000 0.09000
v 0.28000 -0.04000 0.09000
v 0.28000 -0.03500 0.09000
v 0.27500 -0.03500 0.09000
v 0.27500 -0.04000 0.09500
v 0.28000 -0.04000 0.09500
v 0.28000 -0.03500 0.09500
v 0.27500 -0.03500 0.09500
v 0.27500 -0.04000 0.10000
v 0.28000 -0.04000 0.10000
v 0.28000 -0.03500 0.10000
v 0.27500 -0.03500 0.10000
v 0.27500 -0.04000 0.10500
v 0.28000 -0.04000 0.10500
v 0.28000 -0.03500 0.10500
v 0.27500 -0.03500 0.10500
v 0.27500 -0.04000 0.11500
v 0.28000 -0.04000 0.11500
v 0.28000 -0.03500 0.11500
v 0.27500 -0.03500 0.11500
v 0.27500 -0.04000 0.12000
v 0.28000 -0.04000 0.12000
v 0.28000 -0.03500 0.12000
v 0.27500 -0.03500 0.12000
v 0.27500 -0.04000 0.12000
v 0.28000 -0.04000 0.12000
v 0.28000 -0.03500 0.12000
v 0.27500 -0.03500 0.12000
v 0.27500 -0.04000 0.12500
v 0.28000 -0.04000 0.12500
v 0.28000 -0.03500 0.12500
v 0.27500 -0.03500 0.12500
v 0.27500 -0.04000 0.12500
v 0.28000 -0.04000 0.12500
v 0.28000 -0.03500 0.12500
v 0.27500 -0.03500 0.12500
v 0.27500 -0.04000 0.13000
v 0.28000 -0.04000 0.13000
v 0.28000 -0.03500 0.13000
v 0.27500 -0.03500 0.13000
v 0.27500 -0.04000 0.13000
v 0.28000 -0.04000 0.13000
v 0.28000 -0.03500 0.13000
v 0.27500 -0.03500 0.13000
v 0.27500 -0.04000 0.13500
v 0.28000 -0.04000 0.13500
v 0.28000 -0.03500 0.13500
v 0.27500 -0.03500 0.13500
v 0.27500 -0.03500 0.00000
v 0.28000 -0.03500 0.00000
v 0.28000 -0.03000 0.00000
v 0.27500 -0.03000 0.00000
v 0.27500 -0.03500 0.00500
v 0.28000 -0.03500 0.00500
v 0.28000 -0.03000 0.00500
v 0.27500 -0.03000 0.00500
v 0.27500 -0.03500 0.00500
v 0.28000 -0.03500 0.00500
v 0.28000 -0.03000 0.00500
v 0.27500 -0.03000 0.00500
v 0.27500 -0.03500 0.01000
v 0.28000 -0.03500 0.01000
v 0.28000 -0.03000 0.01000
v 0.27500 -0.03000 0.01000
v 0.27500 -0.03500 0.01000
v 0.28000 -0.03500 0.01000
v 0.28000 -0.03000 0.01000
v 0.27500 -0.03000 0.01000
v 0.27500 -0.03500 0.01500
v 0.28000 -0.03500 0.01500
v 0.28000 -0.03000 0.01500
v 0.27500 -0.03000 0.01500
v 0.27500 -0.03500 0.01500
v 0.28000 -0.03500 0.01500
v 0.28000 -0.03000 0.01500
v 0.27500 -0.03000 0.01500
v 0.27500 -0.03500 0.02000
v 0.28000 -0.03500 0.02000
v 0.28000 -0.03000 0.02000
v 0.27500 -0.03000 0.02000
v 0.27500 -0.03500 0.02000
v 0.28000 -0.03500 0.02000
v 0.28000 -0.03000 0.02000
v 0.27500 -0.03000 0.02000
v 0.27500 -0.03500 0.02500
v 0.28000 -0.03500 0.02500
v 0.28000 -0.03000 0.02500
v 0.27500 -0.03000 0.02500
v 0.27500 -0.03500 0.02500
v 0.28000 -0.03500 0.02500
v 0.28000 -0.03000 0.02500
v 0.27500 -0.03000 0.02500
v 0.27500 -0.03500 0.03000
v 0.28000 -0.03500 0.03000
v 0.28000 -0.03000 0.03000
v 0.27500 -0.03000 0.03000
v 0.27500 -0.03500 0.03000
v 0.28000 -0.03500 0.03000
v 0.28000 -0.03000 0.03000
v 0.27500 -0.03000 0.03000
v 0.27500 -0.03500 0.03500
v 0.28000 -0.03500 0.03500
v 0.28000 -0.03000 0.03500
v 0.27500 -0.03000 0.03500
v 0.27500 -0.03500 0.03500
v 0.28000 -0.03500 0.03500
v 0.28000 -0.03000 0.03500
v 0.27500 -0.03000 0.03500
v 0.27500 -0.03500 0.04000
v 0.28000 -0.03500 0.04000
v 0.28000 -0.03000 0.04000
v 0.27500 -0.03000 0.04000
v 0.27500 -0.03500 0.04000
v 0.28000 -0.03500 0.04000
v 0.28000 -0.03000 0.04000
v 0.27500 -0.03000 0.04000
v 0.27500 -0.03500 0.04500
v 0.28000 -0.03500 0.04500
v 0.28000 -0.03000 0.04500
v 0.27500 -0.03000 0.04500
v 0.27500 -0.03500 0.04500
v 0.28000 -0.03500 0.04500
v 0.28000 -0.03000 0.04500
v 0.27500 -0.03000 0.04500
v 0.27500 -0.03500 0.05000
v 0.28000 -0.03500 0.05000
v 0.28000 -0.03000 0.05000
v 0.27500 -0.03000 0.05000
v 0.27500 -0.03500 0.05000
v 0.28000 -0.03500 0.05000
v 0.28000 -0.03000 0.05000
v 0.27500 -0.03000 0.05000
v 0.27500 -0.03500 0.05500
v 0.28000 -0.03500 0.05500
v 0.28000 -0.03000 0.05500
v 0.27500 -0.03000 0.05500
v 0.27500 -0.03500 0.05500
v 0.28000 -0.03500 0.05500
v 0.28000 -0.03000 0.05500
v 0.27500 -0.03000 0.05500
v 0.27500 -0.03500 0.06000
v 0.28000 -0.03500 0.06000
v 0.28000 -0.03000 0.06000
v 0.27500 -0.03000 0.06000
v 0.27500 -0.03500 0.06000
v 0.28000 -0.03500 0.06000
v 0.28000 -0.03000 0.06000
v 0.27500 -0.03000 0.06000
v 0.27500 -0.03500 0.06500
v 0.28000 -0.03500 0.06500
v 0.28000 -0.03000 0.06500
v 0.27500 -0.03000 0.06500
v 0.27500 -0.03500 0.06500
v 0.28000 -0.03500 0.06500
v 0.28000 -0.03000 0.06500
v 0.27500 -0.03000 0.06500
v 0.27500 -0.03500 0.07000
v 0.28000 -0.03500 0.07000
v 0.28000 -0.03000 0.07000
v 0.27500 -0.03000 0.07000
v 0.27500 -0.03500 0.07000
v 0.28000 -0.03500 0.07000
v 0.28000 -0.03000 0.07000
v 0.27500 -0.03000 0.07000
v 0.27500 -0.03500 0.07500
v 0.28000 -0.03500 0.07500
v 0.28000 -0.03000 0.07500
v 0.27500 -0.03000 0.07500
v 0.27500 -0.03500 0.07500
v 0.28000 -0.03500 0.07500
v 0.28000 -0.03000 0.07500
v 0.27500 -0.03000 0.07500
v 0.27500 -0.03500 0.08000
v 0.28000 -0.03500 0.08000
v 0.28000 -0.03000 0.08000
v 0.27500 -0.03000 0.08000
v 0.27500 -0.03500 0.08000
v 0.28000 -0.03500 0.08000
v 0.28000 -0.03000 0.08000
v 0.27500 -0.03000 0.08000
v 0.27500 -0.03500 0.08500
v 0.28000 -0.03500 0.08500
v 0.28000 -0.03000 0.08500
v 0.27500 -0.03000 0.08500
v 0.27500 -0.03500 0.08500
v 0.28000 -0.03500 0.08500
v 0.28000 -0.03000 0.08500
v 0.27500 -0.03000 0.08500
v 0.27500 -0.03500 0.09000
v 0.28000 -0.03500 0.09000
v 0.28000 -0.03000 0.09000
v 0.27500 -0.03000 0.09000
v 0.27500 -0.03500 0.09000
v 0.28000 -0.03500 0.09000
v 0.28000 -0.03000 0.09000
v 0.27500 -0.03000 0.09000
v 0.27500 -0.03500 0.09500
v 0.28000 -0.03500 0.09500
v 0.28000 -0.03000 0.09500
v 0.27500 -0.03000 0.09500
v 0.27500 -0.03500 0.09500
v 0.28000 -0.03500 0.09500
v 0.28000 -0.03000 0.09500
v 0.27500 -0.03000 0.09500
v 0.27500 -0.03500 0.10000
v 0.28000 -0.03500 0.10000
v 0.28000 -0.03000 0.10000
v 0.27500 -0.03000 0.10000
v 0.27500 -0.03500 0.10000
v 0.28000 -0.03500 0.10000
v 0.28000 -0.03000 0.10000
v 0.27500 -0.03000 0.10000
v 0.27500 -0.03500 0.10500
v 0.28000 -0.03500 0.10500
v 0.28000 -0.03000 0.10500
v 0.27500 -0.03000 0.10500
v 0.27500 -0.03500 0.10500
v 0.28000 -0.03500 0.10500
v 0.28000 -0.03000 0.10500
v 0.27500 -0.03000 0.10500
v 0.27500 -0.03500 0.11000
v 0.28000 -0.03500 0.11000
v 0.28000 -0.03000 0.11000
v 0.27500 -0.03000 0.11000
v 0.27500 -0.03500 0.11000
v 0.28000 -0.03500 0.11000
v 0.28000 -0.03000 0.11000
v 0.27500 -0.03000 0.11000
v 0.27500 -0.03500 0.11500
v 0.28000 -0.03500 0.11500
v 0.28000 -0.03000 0.11500
v 0.27500 -0.03000 0.11500
v 0.27500 -0.03500 0.11500
v 0.28000 -0.03500 0.11500
v 0.28000 -0.03000 0.11500
v 0.27500 -0.03000 0.11500
v 0.27500 -0.03500 0.12000
v 0.28000 -0.03500 0.12000
v 0.28000 -0.03000 0.12000
v 0.27500 -0.03000 0.12000
v 0.27500 -0.03500 0.12000
v 0.28000 -0.03500 0.12000
v 0.28000 -0.03000 0.12000
v 0.27500 -0.03000 0.12000
v 0.27500 -0.03500 0.12500
v 0.28000 -0.03500 0.12500
v 0.28000 -0.03000 0.12500
v 0.27500 -0.03000 0.12500
v 0.27500 -0.03500 0.12500
v 0.28000 -0.03500 0.12500
v 0.28000 -0.03000 0.12500
v 0.27500 -0.03000 0.12500
v 0.27500 -0.03500 0.13000
v 0.28000 -0.03500 0.13000
v 0.28000 -0.03000 0.13000
v 0.27500 -0.03000 0.13000
v 0.27500 -0.03500 0.13000
v 0.28000 -0.03500 0.13000
v 0.28000 -0.03000 0.13000
v 0.27500 -0.03000 0.13000
v 0.27500 -0.03500 0.13500
v 0.28000 -0.03500 0.13500
v 0.28000 -0.03000 0.13500
v 0.27500 -0.03000 0.13500
v 0.27500 -0.03500 0.13500
v 0.28000 -0.03500 0.13500
v 0.28000 -0.03000 0.13500
v 0.27500 -0.03000 0.13500
v 0.27500 -0.03500 0.14000
v 0.28000 -0.03500 0.14000
v 0.28000 -0.03000 0.14000
v 0.27500 -0.03000 0.14000
v 0.27500 -0.03500 0.14000
v 0.28000 -0.03500 0.14000
v 0.28000 -0.03000 0.14000
v 0.27500 -0.03000 0.14000
v 0.27500 -0.03500 0.14500
v 0.28000 -0.03500 0.14500
v 0.28000 -0.03000 0.14500
v 0.27500 -0.03000 0.14500
v 0.27500 -0.03000 0.00000
v 0.28000 -0.03000 0.00000
v 0.28000 -0.02500 0.00000
v 0.27500 -0.02500 0.00000
v 0.27500 -0.03000 0.00500
v 0.28000 -0.03000 0.00500
v 0.28000 -0.02500 0.00500
v 0.27500 -0.02500 0.00500
v 0.27500 -0.03000 0.14000
v 0.28000 -0.03000 0.14000
v 0.28000 -0.02500 0.14000
v 0.27500 -0.02500 0.14000
v 0.27500 -0.03000 0.14500
v 0.28000 -0.03000 0.14500
v 0.28000 -0.02500 0.14500
v 0.27500 -0.02500 0.14500
v 0.27500 -0.03000 0.14500
v 0.28000 -0.03000 0.14500
v 0.28000 -0.02500 0.14500
v 0.27500 -0.02500 0.14500
v 0.27500 -0.03000 0.15000
v 0.28000 -0.03000 0.15000
v 0.28000 -0.02500 0.15000
v 0.27500 -0.02500 0.15000
v 0.27500 -0.02500 0.15000
v 0.28000 -0.02500 0.15000
v 0.28000 -0.02000 0.15000
v 0.27500 -0.02000 0.15000
v 0.27500 -0.02500 0.15500
v 0.28000 -0.02500 0.15500
v 0.28000 -0.02000 0.15500
v 0.27500 -0.02000 0.15500
v 0.27500 -0.02500 0.15500
v 0.28000 -0.02500 0.15500
v 0.28000 -0.02000 0.15500
v 0.27500 -0.02000 0.15500
v 0.27500 -0.02500 0.16000
v 0.28000 -0.02500 0.16000
v 0.28000 -0.02000 0.16000
v 0.27500 -0.02000 0.16000
v 0.27500 -0.02500 0.16000
v 0.28000 -0.02500 0.16000
v 0.28000 -0.02000 0.16000
v 0.27500 -0.02000 0.16000
v 0.27500 -0.02500 0.16500
v 0.28000 -0.02500 0.16500
v 0.28000 -0.02000 0.16500
v 0.27500 -0.02000 0.16500
v 0.27500 -0.02500 0.16500
v 0.28000 -0.02500 0.16500
v 0.28000 -0.02000 0.16500
v 0.27500 -0.02000 0.16500
v 0.27500 -0.02500 0.17000
v 0.28000 -0.02500 0.17000
v 0.28000 -0.02000 0.17000
v 0.27500 -0.02000 0.17000
v 0.27500 -0.02500 0.17000
v 0.28000 -0.02500 0.17000
v 0.28000 -0.02000 0.17000
v 0.27500 -0.02000 0.17000
v 0.27500 -0.02500 0.17500
v 0.28000 -0.02500 0.17500
v 0.28000 -0.02000 0.17500
v 0.27500 -0.02000 0.17500
v 0.27500 -0.02000 0.16500
v 0.28000 -0.02000 0.16500
v 0.28000 -0.01500 0.16500
v 0.27500 -0.01500 0.16500
v 0.27500 -0.02000 0.17000
v 0.28000 -0.02000 0.17000
v 0.28000 -0.01500 0.17000
v 0.27500 -0.01500 0.17000
v 0.27500 -0.02000 0.17000
v 0.28000 -0.02000 0.17000
v 0.28000 -0.01500 0.17000
v 0.27500 -0.01500 0.17000
v 0.27500 -0.02000 0.17500
v 0.28000 -0.02000 0.17500
v 0.28000 -0.01500 0.17500
v 0.27500 -0.01500 0.17500
v 0.27500 -0.02000 0.17500
v 0.28000 -0.02000 0.17500
v 0.28000 -0.01500 0.17500
v 0.27500 -0.01500 0.17500
v 0.27500 -0.02000 0.18000
v 0.28000 -0.02000 0.18000
v 0.28000 -0.01500 0.18000
v 0.27500 -0.01500 0.18000
v 0.27500 -0.02000 0.18000
v 0.28000 -0.02000 0.18000
v 0.28000 -0.01500 0.18000
v 0.27500 -0.01500 0.18000
v 0.27500 -0.02000 0.18500
v 0.28000 -0.02000 0.18500
v 0.28000 -0.01500 0.18500
v 0.27500 -0.01500 0.18500
v 0.27500 -0.01500 0.18500
v 0.28000 -0.01500 0.18500
v 0.28000 -0.01000 0.18500
v 0.27500 -0.01000 0.18500
v 0.27500 -0.01500 0.19000
v 0.28000 -0.01500 0.19000
v 0.28000 -0.01000 0.19000
v 0.27500 -0.01000 0.19000
v 0.27500 -0.01500 0.19000
v 0.28000 -0.01500 0.19000
v 0.28000 -0.01000 0.19000
v 0.27500 -0.01000 0.19000
v 0.27500 -0.01500 0.19500
v 0.28000 -0.01500 0.19500
v 0.28000 -0.01000 0.19500
v 0.27500 -0.01000 0.19500
v 0.27500 -0.01000 0.19000
v 0.28000 -0.01000 0.19000
v 0.28000 -0.00500 0.19000
v 0.27500 -0.00500 0.19000
v 0.27500 -0.01000 0.19500
v 0.28000 -0.01000 0.19500
v 0.28000 -0.00500 0.19500
v 0.27500 -0.00500 0.19500
v 0.27500 -0.00500 0.18500
v 0.28000 -0.00500 0.18500
v 0.28000 0.00000 0.18500
v 0.27500 0.00000 0.18500
v 0.27500 -0.00500 0.19000
v 0.28000 -0.00500 0.19000
v 0.28000 0.00000 0.19000
v 0.27500 0.00000 0.19000
v 0.27500 0.00000 0.18500
v 0.28000 0.00000 0.18500
v 0.28000 0.00500 0.18500
v 0.27500 0.00500 0.18500
v 0.27500 0.00000 0.19000
v 0.28000 0.00000 0.19000
v 0.28000 0.00500 0.19000
v 0.27500 0.00500 0.19000
v 0.27500 0.00500 0.18500
v 0.28000 0.00500 0.18500
v 0.28000 0.01000 0.18500
v 0.27500 0.01000 0.18500
v 0.27500 0.00500 0.19000
v 0.28000 0.00500 0.19000
v 0.28000 0.01000 0.19000
v 0.27500 0.01000 0.19000
v 0.27500 0.01000 0.18000
v 0.28000 0.01000 0.18000
v 0.28000 0.01500 0.18000
v 0.27500 0.01500 0.18000
v 0.27500 0.01000 0.18500
v 0.28000 0.01000 0.18500
v 0.28000 0.01500 0.18500
v 0.27500 0.01500 0.18500
v 0.27500 0.01500 0.17500
v 0.28000 0.01500 0.17500
v 0.28000 0.02000 0.17500
v 0.27500 0.02000 0.17500
v 0.27500 0.01500 0.18000
v 0.28000 0.01500 0.18000
v 0.28000 0.02000 0.18000
v 0.27500 0.02000 0.18000
v 0.27500 0.01500 0.18000
v 0.28000 0.01500 0.18000
v 0.28000 0.02000 0.18000
v 0.27500 0.02000 0.18000
v 0.27500 0.01500 0.18500
v 0.28000 0.01500 0.18500
v 0.28000 0.02000 0.18500
v 0.27500 0.02000 0.18500
v 0.27500 0.02000 0.16000
v 0.28000 0.02000 0.16000
v 0.28000 0.02500 0.16000
v 0.27500 0.02500 0.16000
v 0.27500 0.02000 0.16500
v 0.28000 0.02000 0.16500
v 0.28000 0.02500 0.16500
v 0.27500 0.02500 0.16500
v 0.27500 0.02000 0.16500
v 0.28000 0.02000 0.16500
v 0.28000 0.02500 0.16500
v 0.27500 0.02500 0.16500
v 0.27500 0.02000 0.17000
v 0.28000 0.02000 0.17000
v 0.28000 0.02500 0.17000
v 0.27500 0.02500 0.17000
v 0.27500 0.02000 0.17000
v 0.28000 0.02000 0.17000
v 0.28000 0.02500 0.17000
v 0.27500 0.02500 0.17000
v 0.27500 0.02000 0.17500
v 0.28000 0.02000 0.17500
v 0.28000 0.02500 0.17500
v 0.27500 0.02500 0.17500
v 0.27500 0.02000 0.17500
v 0.28000 0.02000 0.17500
v 0.28000 0.02500 0.17500
v 0.27500 0.02500 0.17500
v 0.27500 0.02000 0.18000
v 0.28000 0.02000 0.18000
v 0.28000 0.02500 0.18000
v 0.27500 0.02500 0.18000
v 0.27500 0.02500 0.15000
v 0.28000 0.02500 0.15000
v 0.28000 0.03000 0.15000
v 0.27500 0.03000 0.15000
v 0.27500 0.02500 0.15500
v 0.28000 0.02500 0.15500
v 0.28000 0.03000 0.15500
v 0.27500 0.03000 0.15500
v 0.27500 0.02500 0.15500
v 0.28000 0.02500 0.15500
v 0.28000 0.03000 0.15500
v 0.27500 0.03000 0.15500
v 0.27500 0.02500 0.16000
v 0.28000 0.02500 0.16000
v 0.28000 0.03000 0.16000
v 0.27500 0.03000 0.16000
v 0.27500 0.02500 0.16000
v 0.28000 0.02500 0.16000
v 0.28000 0.03000 0.16000
v 0.27500 0.03000 0.16000
v 0.27500 0.02500 0.16500
v 0.28000 0.02500 0.16500
v 0.28000 0.03000 0.16500
v 0.27500 0.03000 0.16500
v 0.27500 0.02500 0.16500
v 0.28000 0.02500 0.16500
v 0.28000 0.03000 0.16500
v 0.27500 0.03000 0.16500
v 0.27500 0.02500 0.17000
v 0.28000 0.02500 0.17000
v 0.28000 0.03000 0.17000
v 0.27500 0.03000 0.17000
v 0.27500 0.02500 0.17000
v 0.28000 0.02500 0.17000
v 0.28000 0.03000 0.17000
v 0.27500 0.03000 0.17000
v 0.27500 0.02500 0.17500
v 0.28000 0.02500 0.17500
v 0.28000 0.03000 0.17500
v 0.27500 0.03000 0.17500
v 0.27500 0.03000 0.00000
v 0.28000 0.03000 0.00000
v 0.28000 0.03500 0.00000
v 0.27500 0.03500 0.00000
v 0.27500 0.03000 0.00500
v 0.28000 0.03000 0.00500
v 0.28000 0.03500 0.00500
v 0.27500 0.03500 0.00500
v 0.27500 0.03000 0.14500
v 0.28000 0.03000 0.14500
v 0.28000 0.03500 0.14500
v 0.27500 0.03500 0.14500
v 0.27500 0.03000 0.15000
v 0.28000 0.03000 0.15000
v 0.28000 0.03500 0.15000
v 0.27500 0.03500 0.15000
v 0.27500 0.03500 0.00000
v 0.28000 0.03500 0.00000
v 0.28000 0.04000 0.00000
v 0.27500 0.04000 0.00000
v 0.27500 0.03500 0.00500
v 0.28000 0.03500 0.00500
v 0.28000 0.04000 0.00500
v 0.27500 0.04000 0.00500
v 0.27500 0.03500 0.00500
v 0.28000 0.03500 0.00500
v 0.28000 0.04000 0.00500
v 0.27500 0.04000 0.00500
v 0.27500 0.03500 0.01000
v 0.28000 0.03500 0.01000
v 0.28000 0.04000 0.01000
v 0.27500 0.04000 0.01000
v 0.27500 0.03500 0.01000
v 0.28000 0.03500 0.01000
v 0.28000 0.04000 0.01000
v 0.27500 0.04000 0.01000
v 0.27500 0.03500 0.01500
v 0.28000 0.03500 0.01500
v 0.28000 0.04000 0.01500
v 0.27500 0.04000 0.01500
v 0.27500 0.03500 0.01500
v 0.28000 0.03500 0.01500
v 0.28000 0.04000 0.01500
v 0.27500 0.04000 0.01500
v 0.27500 0.03500 0.02000
v 0.28000 0.03500 0.02000
v 0.28000 0.04000 0.02000
v 0.27500 0.04000 0.02000
v 0.27500 0.03500 0.02000
v 0.28000 0.03500 0.02000
v 0.28000 0.04000 0.02000
v 0.27500 0.04000 0.02000
v 0.27500 0.03500 0.02500
v 0.28000 0.03500 0.02500
v 0.28000 0.04000 0.02500
v 0.27500 0.04000 0.02500
v 0.27500 0.03500 0.02500
v 0.28000 0.03500 0.02500
v 0.28000 0.04000 0.02500
v 0.27500 0.04000 0.02500
v 0.27500 0.03500 0.03000
v 0.28000 0.03500 0.03000
v 0.28000 0.04000 0.03000
v 0.27500 0.04000 0.03000
v 0.27500 0.03500 0.03000
v 0.28000 0.03500 0.03000
v 0.28000 0.04000 0.03000
v 0.27500 0.04000 0.03000
v 0.27500 0.03500 0.03500
v 0.28000 0.03500 0.03500
v 0.28000 0.04000 0.03500
v 0.27500 0.04000 0.03500
v 0.27500 0.03500 0.03500
v 0.28000 0.03500 0.03500
v 0.28000 0.04000 0.03500
v 0.27500 0.04000 0.03500
v 0.27500 0.03500 0.04000
v 0.28000 0.03500 0.04000
v 0.28000 0.04000 0.04000
v 0.27500 0.04000 0.04000
v 0.27500 0.03500 0.04000
v 0.28000 0.03500 0.04000
v 0.28000 0.04000 0.04000
v 0.27500 0.04000 0.04000
v 0.27500 0.03500 0.04500
v 0.28000 0.03500 0.04500
v 0.28000 0.04000 0.04500
v 0.27500 0.04000 0.04500
v 0.27500 0.03500 0.04500
v 0.28000 0.03500 0.04500
v 0.28000 0.04000 0.04500
v 0.27500 0.04000 0.04500
v 0.27500 0.03500 0.05000
v 0.28000 0.03500 0.05000
v 0.28000 0.04000 0.05000
v 0.27500 0.04000 0.05000
v 0.27500 0.03500 0.05000
v 0.28000 0.03500 0.05000
v 0.28000 0.04000 0.05000
v 0.27500 0.04000 0.05000
v 0.27500 0.03500 0.05500
v 0.28000 0.03500 0.05500
v 0.28000 0.04000 0.05500
v 0.27500 0.04000 0.05500
v 0.27500 0.03500 0.05500
v 0.28000 0.03500 0.05500
v 0.28000 0.04000 0.05500
v 0.27500 0.04000 0.05500
v 0.27500 0.03500 0.06000
v 0.28000 0.03500 0.06000
v 0.28000 0.04000 0.06000
v 0.27500 0.04000 0.06000
v 0.27500 0.03500 0.06000
v 0.28000 0.03500 0.06000
v 0.28000 0.04000 0.06000
v 0.27500 0.04000 0.06000
v 0.27500 0.03500 0.06500
v 0.28000 0.03500 0.06500
v 0.28000 0.04000 0.06500
v 0.27500 0.04000 0.06500
v 0.27500 0.03500 0.06500
v 0.28000 0.03500 0.06500
v 0.28000 0.04000 0.06500
v 0.27500 0.04000 0.06500
v 0.27500 0.03500 0.07000
v 0.28000 0.03500 0.07000
v 0.28000 0.04000 0.07000
v 0.27500 0.04000 0.07000
v 0.27500 0.03500 0.07000
v 0.28000 0.03500 0.07000
v 0.28000 0.04000 0.07000
v 0.27500 0.04000 0.07000
v 0.27500 0.03500 0.07500
v 0.28000 0.03500 0.07500
v 0.28000 0.04000 0.07500
v 0.27500 0.04000 0.07500
v 0.27500 0.03500 0.07500
v 0.28000 0.03500 0.07500
v 0.28000 0.04000 0.07500
v 0.27500 0.04000 0.07500
v 0.27500 0.03500 0.08000
v 0.28000 0.03500 0.08000
v 0.28000 0.04000 0.08000
v 0.27500 0.04000 0.08000
v 0.27500 0.03500 0.08000
v 0.28000 0.03500 0.08000
v 0.28000 0.04000 0.08000
v 0.27500 0.04000 0.08000
v 0.27500 0.03500 0.08500
v 0.28000 0.03500 0.08500
v 0.28000 0.04000 0.08500
v 0.27500 0.04000 0.08500
v 0.27500 0.03500 0.08500
v 0.28000 0.03500 0.08500
v 0.28000 0.04000 0.08500
v 0.27500 0.04000 0.08500
v 0.27500 0.03500 0.09000
v 0.28000 0.03500 0.09000
v 0.28000 0.04000 0.09000
v 0.27500 0.04000 0.09000
v 0.27500 0.03500 0.09000
v 0.28000 0.03500 0.09000
v 0.28000 0.04000 0.09000
v 0.27500 0.04000 0.09000
v 0.27500 0.03500 0.09500
v 0.28000 0.03500 0.09500
v 0.28000 0.04000 0.09500
v 0.27500 0.04000 0.09500
v 0.27500 0.03500 0.09500
v 0.28000 0.03500 0.09500
v 0.28000 0.04000 0.09500
v 0.27500 0.04000 0.09500
v 0.27500 0.03500 0.10000
v 0.28000 0.03500 0.10000
v 0.28000 0.04000 0.10000
v 0.27500 0.04000 0.10000
v 0.27500 0.03500 0.10000
v 0.28000 0.03500 0.10000
v 0.28000 0.04000 0.10000
v 0.27500 0.04000 0.10000
v 0.27500 0.03500 0.10500
v 0.28000 0.03500 0.10500
v 0.28000 0.04000 0.10500
v 0.27500 0.04000 0.10500
v 0.27500 0.03500 0.10500
v 0.28000 0.03500 0.10500
v 0.28000 0.04000 0.10500
v 0.27500 0.04000 0.10500
v 0.27500 0.03500 0.11000
v 0.28000 0.03500 0.11000
v 0.28000 0.04000 0.11000
v 0.27500 0.04000 0.11000
v 0.27500 0.03500 0.11000
v 0.28000 0.03500 0.11000
v 0.28000 0.04000 0.11000
v 0.27500 0.04000 0.11000
v 0.27500 0.03500 0.11500
v 0.28000 0.03500 0.11500
v 0.28000 0.04000 0.11500
v 0.27500 0.04000 0.11500
v 0.27500 0.03500 0.11500
v 0.28000 0.03500 0.11500
v 0.28000 0.04000 0.11500
v 0.27500 0.04000 0.11500
v 0.27500 0.03500 0.12000
v 0.28000 0.03500 0.12000
v 0.28000 0.04000 0.12000
v 0.27500 0.04000 0.12000
v 0.27500 0.03500 0.12000
v 0.28000 0.03500 0.12000
v 0.28000 0.04000 0.12000
v 0.27500 0.04000 0.12000
v 0.27500 0.03500 0.12500
v 0.28000 0.03500 0.12500
v 0.28000 0.04000 0.12500
v 0.27500 0.04000 0.12500
v 0.27500 0.03500 0.12500
v 0.28000 0.03500 0.12500
v 0.28000 0.04000 0.12500
v 0.27500 0.04000 0.12500
v 0.27500 0.03500 0.13000
v 0.28000 0.03500 0.13000
v 0.28000 0.04000 0.13000
v 0.27500 0.04000 0.13000
v 0.27500 0.03500 0.13000
v 0.28000 0.03500 0.13000
v 0.28000 0.04000 0.13000
v 0.27500 0.04000 0.13000
v 0.27500 0.03500 0.13500
v 0.28000 0.03500 0.13500
v 0.28000 0.04000 0.13500
v 0.27500 0.04000 0.13500
v 0.27500 0.03500 0.13500
v 0.28000 0.03500 0.13500
v 0.28000 0.04000 0.13500
v 0.27500 0.04000 0.13500
v 0.27500 0.03500 0.14000
v 0.28000 0.03500 0.14000
v 0.28000 0.04000 0.14000
v 0.27500 0.04000 0.14000
v 0.27500 0.03500 0.14000
v 0.28000 0.03500 0.14000
v 0.28000 0.04000 0.14000
v 0.27500 0.04000 0.14000
v 0.27500 0.03500 0.14500
v 0.28000 0.03500 0.14500
v 0.28000 0.04000 0.14500
v 0.27500 0.04000 0.14500
v 0.28000 -0.04500 0.01500
v 0.28500 -0.04500 0.01500
v 0.28500 -0.04000 0.01500
v 0.28000 -0.04000 0.01500
v 0.28000 -0.04500 0.02000
v 0.28500 -0.04500 0.02000
v 0.28500 -0.04000 0.02000
v 0.28000 -0.04000 0.02000
v 0.28000 -0.04500 0.02000
v 0.28500 -0.04500 0.02000
v 0.28500 -0.04000 0.02000
v 0.28000 -0.04000 0.02000
v 0.28000 -0.04500 0.02500
v 0.28500 -0.04500 0.02500
v 0.28500 -0.04000 0.02500
v 0.28000 -0.04000 0.02500
v 0.28000 -0.04500 0.02500
v 0.28500 -0.04500 0.02500
v 0.28500 -0.04000 0.02500
v 0.28000 -0.04000 0.02500
v 0.28000 -0.04500 0.03000
v 0.28500 -0.04500 0.03000
v 0.28500 -0.04000 0.03000
v 0.28000 -0.04000 0.03000
v 0.28000 -0.04500 0.03000
v 0.28500 -0.04500 0.03000
v 0.28500 -0.04000 0.03000
v 0.28000 -0.04000 0.03000
v 0.28000 -0.04500 0.03500
v 0.28500 -0.04500 0.03500
v 0.28500 -0.04000 0.03500
v 0.28000 -0.04000 0.03500
v 0.28000 -0.04500 0.03500
v 0.28500 -0.04500 0.03500
v 0.28500 -0.04000 0.03500
v 0.28000 -0.04000 0.03500
v 0.28000 -0.04500 0.04000
v 0.28500 -0.04500 0.04000
v 0.28500 -0.04000 0.04000
v 0.28000 -0.04000 0.04000
v 0.28000 -0.04500 0.04000
v 0.28500 -0.04500 0.04000
v 0.28500 -0.04000 0.04000
v 0.28000 -0.04000 0.04000
v 0.28000 -0.04500 0.04500
v 0.28500 -0.04500 0.04500
v 0.28500 -0.04000 0.04500
v 0.28000 -0.04000 0.04500
v 0.28000 -0.04500 0.04500
v 0.28500 -0.04500 0.04500
v 0.28500 -0.04000 0.04500
v 0.28000 -0.04000 0.04500
v 0.28000 -0.04500 0.05000
v 0.28500 -0.04500 0.05000
v 0.28500 -0.04000 0.05000
v 0.28000 -0.04000 0.05000
v 0.28000 -0.04500 0.05000
v 0.28500 -0.04500 0.05000
v 0.28500 -0.04000 0.05000
v 0.28000 -0.04000 0.05000
v 0.28000 -0.04500 0.05500
v 0.28500 -0.04500 0.05500
v 0.28500 -0.04000 0.05500
v 0.28000 -0.04000 0.05500
v 0.28000 -0.04500 0.05500
v 0.28500 -0.04500 0.05500
v 0.28500 -0.04000 0.05500
v 0.28000 -0.04000 0.05500
v 0.28000 -0.04500 0.06000
v 0.28500 -0.04500 0.06000
v 0.28500 -0.04000 0.06000
v 0.28000 -0.04000 0.06000
v 0.28000 -0.04500 0.06000
v 0.28500 -0.04500 0.06000
v 0.28500 -0.04000 0.06000
v 0.28000 -0.04000 0.06000
v 0.28000 -0.04500 0.06500
v 0.28500 -0.04500 0.06500
v 0.28500 -0.04000 0.06500
v 0.28000 -0.04000 0.06500
v 0.28000 -0.04500 0.06500
v 0.28500 -0.04500 0.06500
v 0.28500 -0.04000 0.06500
v 0.28000 -0.04000 0.06500
v 0.28000 -0.04500 0.07000
v 0.28500 -0.04500 0.07000
v 0.28500 -0.04000 0.07000
v 0.28000 -0.04000 0.07000
v 0.28000 -0.04500 0.07000
v 0.28500 -0.04500 0.07000
v 0.28500 -0.04000 0.07000
v 0.28000 -0.04000 0.07000
v 0.28000 -0.04500 0.07500
v 0.28500 -0.04500 0.07500
v 0.28500 -0.04000 0.07500
v 0.28000 -0.04000 0.07500
v 0.28000 -0.04500 0.07500
v 0.28500 -0.04500 0.07500
v 0.28500 -0.04000 0.07500
v 0.28000 -0.04000 0.07500
v 0.28000 -0.04500 0.08000
v 0.28500 -0.04500 0.08000
v 0.28500 -0.04000 0.08000
v 0.28000 -0.04000 0.08000
v 0.28000 -0.04500 0.08000
v 0.28500 -0.04500 0.08000
v 0.28500 -0.04000 0.08000
v 0.28000 -0.04000 0.08000
v 0.28000 -0.04500 0.08500
v 0.28500 -0.04500 0.08500
v 0.28500 -0.04000 0.08500
v 0.28000 -0.04000 0.08500
v 0.28000 -0.04500 0.08500
v 0.28500 -0.04500 0.08500
v 0.28500 -0.04000 0.08500
v 0.28000 -0.04000 0.08500
v 0.28000 -0.04500 0.09000
v 0.28500 -0.04500 0.09000
v 0.28500 -0.04000 0.09000
v 0.28000 -0.04000 0.09000
v 0.28000 -0.04500 0.09000
v 0.28500 -0.04500 0.09000
v 0.28500 -0.04000 0.09000
v 0.28000 -0.04000 0.09000
v 0.28000 -0.04500 0.09500
v 0.28500 -0.04500 0.09500
v 0.28500 -0.04000 0.09500
v 0.28000 -0.04000 0.09500
v 0.28000 -0.04500 0.09500
v 0.28500 -0.04500 0.09500
v 0.28500 -0.04000 0.09500
v 0.28000 -0.04000 0.09500
v 0.28000 -0.04500 0.10000
v 0.28500 -0.04500 0.10000
v 0.28500 -0.04000 0.10000
v 0.28000 -0.04000 0.10000
v 0.28000 -0.04500 0.10000
v 0.28500 -0.04500 0.10000
v 0.28500 -0.04000 0.10000
v 0.28000 -0.04000 0.10000
v 0.28000 -0.04500 0.10500
v 0.28500 -0.04500 0.10500
v 0.28500 -0.04000 0.10500
v 0.28000 -0.04000 0.10500
v 0.28000 -0.04500 0.10500
v 0.28500 -0.04500 0.10500
v 0.28500 -0.04000 0.10500
v 0.28000 -0.04000 0.10500
v 0.28000 -0.04500 0.11000
v 0.28500 -0.04500 0.11000
v 0.28500 -0.04000 0.11000
v 0.28000 -0.04000 0.11000
v 0.28000 -0.04500 0.11000
v 0.28500 -0.04500 0.11000
v 0.28500 -0.04000 0.11000
v 0.28000 -0.04000 0.11000
v 0.28000 -0.04500 0.11500
v 0.28500 -0.04500 0.11500
v 0.28500 -0.04000 0.11500
v 0.28000 -0.04000 0.11500
v 0.28000 -0.04500 0.11500
v 0.28500 -0.04500 0.11500
v 0.28500 -0.04000 0.11500
v 0.28000 -0.04000 0.11500
v 0.28000 -0.04500 0.12000
v 0.28500 -0.04500 0.12000
v 0.28500 -0.04000 0.12000
v 0.28000 -0.04000 0.12000
v 0.28000 -0.04500 0.12000
v 0.28500 -0.04500 0.12000
v 0.28500 -0.04000 0.12000
v 0.28000 -0.04000 0.12000
v 0.28000 -0.04500 0.12500
v 0.28500 -0.04500 0.12500
v 0.28500 -0.04000 0.12500
v 0.28000 -0.04000 0.12500
v 0.28000 -0.04500 0.12500
v 0.28500 -0.04500 0.12500
v 0.28500 -0.04000 0.12500
v 0.28000 -0.04000 0.12500
v 0.28000 -0.04500 0.13000
v 0.28500 -0.04500 0.13000
v 0.28500 -0.04000 0.13000
v 0.28000 -0.04000 0.13000
v 0.28000 -0.04500 0.13000
v 0.28500 -0.04500 0.13000
v 0.28500 -0.04000 0.13000
v 0.28000 -0.04000 0.13000
v 0.28000 -0.04500 0.13500
v 0.28500 -0.04500 0.13500
v 0.28500 -0.04000 0.13500
v 0.28000 -0.04000 0.13500
v 0.28000 -0.04000 0.00000
v 0.28500 -0.04000 0.00000
v 0.28500 -0.03500 0.00000
v 0.28000 -0.03500 0.00000
v 0.28000 -0.04000 0.00500
v 0.28500 -0.04000 0.00500
v 0.28500 -0.03500 0.00500
v 0.28000 -0.03500 0.00500
v 0.28000 -0.04000 0.00500
v 0.28500 -0.04000 0.00500
v 0.28500 -0.03500 0.00500
v 0.28000 -0.03500 0.00500
v 0.28000 -0.04000 0.01000
v 0.28500 -0.04000 0.01000
v 0.28500 -0.03500 0.01000
v 0.28000 -0.03500 0.01000
v 0.28000 -0.04000 0.01000
v 0.28500 -0.04000 0.01000
v 0.28500 -0.03500 0.01000
v 0.28000 -0.03500 0.01000
v 0.28000 -0.04000 0.01500
v 0.28500 -0.04000 0.01500
v 0.28500 -0.03500 0.01500
v 0.28000 -0.03500 0.01500
v 0.28000 -0.04000 0.01500
v 0.28500 -0.04000 0.01500
v 0.28500 -0.03500 0.01500
v 0.28000 -0.03500 0.01500
v 0.28000 -0.04000 0.02000
v 0.28500 -0.04000 0.02000
v 0.28500 -0.03500 0.02000
v 0.28000 -0.03500 0.02000
v 0.28000 -0.04000 0.02000
v 0.28500 -0.04000 0.02000
v 0.28500 -0.03500 0.02000
v 0.28000 -0.03500 0.02000
v 0.28000 -0.04000 0.02500
v 0.28500 -0.04000 0.02500
v 0.28500 -0.03500 0.02500
v 0.28000 -0.03500 0.02500
v 0.28000 -0.04000 0.02500
v 0.28500 -0.04000 0.02500
v 0.28500 -0.03500 0.02500
v 0.28000 -0.03500 0.02500
v 0.28000 -0.04000 0.03000
v 0.28500 -0.04000 0.03000
v 0.28500 -0.03500 0.03000
v 0.28000 -0.03500 0.03000
v 0.28000 -0.04000 0.03000
v 0.28500 -0.04000 0.03000
v 0.28500 -0.03500 0.03000
v 0.28000 -0.03500 0.03000
v 0.28000 -0.04000 0.03500
v 0.28500 -0.04000 0.03500
v 0.28500 -0.03500 0.03500
v 0.28000 -0.03500 0.03500
v 0.28000 -0.04000 0.04000
v 0.28500 -0.04000 0.04000
v 0.28500 -0.03500 0.04000
v 0.28000 -0.03500 0.04000
v 0.28000 -0.04000 0.04500
v 0.28500 -0.04000 0.04500
v 0.28500 -0.03500 0.04500
v 0.28000 -0.03500 0.04500
v 0.28000 -0.04000 0.06000
v 0.28500 -0.04000 0.06000
v 0.28500 -0.03500 0.06000
v 0.28000 -0.03500 0.06000
v 0.28000 -0.04000 0.06500
v 0.28500 -0.04000 0.06500
v 0.28500 -0.03500 0.06500
v 0.28000 -0.03500 0.06500
v 0.28000 -0.04000 0.06500
v 0.28500 -0.04000 0.06500
v 0.28500 -0.03500 0.06500
v 0.28000 -0.03500 0.06500
v 0.28000 -0.04000 0.07000
v 0.28500 -0.04000 0.07000
v 0.28500 -0.03500 0.07000
v 0.28000 -0.03500 0.07000
v 0.28000 -0.04000 0.07000
v 0.28500 -0.04000 0.07000
v 0.28500 -0.03500 0.07000
v 0.28000 -0.03500 0.07000
v 0.28000 -0.04000 0.07500
v 0.28500 -0.04000 0.07500
v 0.28500 -0.03500 0.07500
v 0.28000 -0.03500 0.07500
v 0.28000 -0.04000 0.07500
v 0.28500 -0.04000 0.07500
v 0.28500 -0.03500 0.07500
v 0.28000 -0.03500 0.07500
v 0.28000 -0.04000 0.08000
v 0.28500 -0.04000 0.08000
v 0.28500 -0.03500 0.08000
v 0.28000 -0.03500 0.08000
v 0.28000 -0.04000 0.08000
v 0.28500 -0.04000 0.08000
v 0.28500 -0.03500 0.08000
v 0.28000 -0.03500 0.08000
v 0.28000 -0.04000 0.08500
v 0.28500 -0.04000 0.08500
v 0.28500 -0.03500 0.08500
v 0.28000 -0.03500 0.08500
v 0.28000 -0.04000 0.08500
v 0.28500 -0.04000 0.08500
v 0.28500 -0.03500 0.08500
v 0.28000 -0.03500 0.08500
v 0.28000 -0.04000 0.09000
v 0.28500 -0.04000 0.09000
v 0.28500 -0.03500 0.09000
v 0.28000 -0.03500 0.09000
v 0.28000 -0.04000 0.09500
v 0.28500 -0.04000 0.09500
v 0.28500 -0.03500 0.09500
v 0.28000 -0.03500 0.09500
v 0.28000 -0.04000 0.10000
v 0.28500 -0.04000 0.10000
v 0.28500 -0.03500 0.10000
v 0.28000 -0.03500 0.10000
v 0.28000 -0.04000 0.10500
v 0.28500 -0.04000 0.10500
v 0.28500 -0.03500 0.10500
v 0.28000 -0.03500 0.10500
v 0.28000 -0.04000 0.11000
v 0.28500 -0.04000 0.11000
v 0.28500 -0.03500 0.11000
v 0.28000 -0.03500 0.11000
v 0.28000 -0.04000 0.11000
v 0.28500 -0.04000 0.11000
v 0.28500 -0.03500 0.11000
v 0.28000 -0.03500 0.11000
v 0.28000 -0.04000 0.11500
v 0.28500 -0.04000 0.11500
v 0.28500 -0.03500 0.11500
v 0.28000 -0.03500 0.11500
v 0.28000 -0.04000 0.13500
v 0.28500 -0.04000 0.13500
v 0.28500 -0.03500 0.13500
v 0.28000 -0.03500 0.13500
v 0.28000 -0.04000 0.14000
v 0.28500 -0.04000 0.14000
v 0.28500 -0.03500 0.14000
v 0.28000 -0.03500 0.14000
v 0.28000 -0.04000 0.14000
v 0.28500 -0.04000 0.14000
v 0.28500 -0.03500 0.14000
v 0.28000 -0.03500 0.14000
v 0.28000 -0.04000 0.14500
v 0.28500 -0.04000 0.14500
v 0.28500 -0.03500 0.14500
v 0.28000 -0.03500 0.14500
v 0.28000 -0.03500 0.14500
v 0.28500 -0.03500 0.14500
v 0.28500 -0.03000 0.14500
v 0.28000 -0.03000 0.14500
v 0.28000 -0.03500 0.15000
v 0.28500 -0.03500 0.15000
v 0.28500 -0.03000 0.15000
v 0.28000 -0.03000 0.15000
v 0.28000 -0.03000 0.15000
v 0.28500 -0.03000 0.15000
v 0.28500 -0.02500 0.15000
v 0.28000 -0.02500 0.15000
v 0.28000 -0.03000 0.15500
v 0.28500 -0.03000 0.15500
v 0.28500 -0.02500 0.15500
v 0.28000 -0.02500 0.15500
v 0.28000 -0.03000 0.15500
v 0.28500 -0.03000 0.15500
v 0.28500 -0.02500 0.15500
v 0.28000 -0.02500 0.15500
v 0.28000 -0.03000 0.16000
v 0.28500 -0.03000 0.16000
v 0.28500 -0.02500 0.16000
v 0.28000 -0.02500 0.16000
v 0.28000 -0.03000 0.16000
v 0.28500 -0.03000 0.16000
v 0.28500 -0.02500 0.16000
v 0.28000 -0.02500 0.16000
v 0.28000 -0.03000 0.16500
v 0.28500 -0.03000 0.16500
v 0.28500 -0.02500 0.16500
v 0.28000 -0.02500 0.16500
v 0.28000 -0.03000 0.16500
v 0.28500 -0.03000 0.16500
v 0.28500 -0.02500 0.16500
v 0.28000 -0.02500 0.16500
v 0.28000 -0.03000 0.17000
v 0.28500 -0.03000 0.17000
v 0.28500 -0.02500 0.17000
v 0.28000 -0.02500 0.17000
v 0.28000 -0.03000 0.17000
v 0.28500 -0.03000 0.17000
v 0.28500 -0.02500 0.17000
v 0.28000 -0.02500 0.17000
v 0.28000 -0.03000 0.17500
v 0.28500 -0.03000 0.17500
v 0.28500 -0.02500 0.17500
v 0.28000 -0.02500 0.17500
v 0.28000 -0.03000 0.17500
v 0.28500 -0.03000 0.17500
v 0.28500 -0.02500 0.17500
v 0.28000 -0.02500 0.17500
v 0.28000 -0.03000 0.18000
v 0.28500 -0.03000 0.18000
v 0.28500 -0.02500 0.18000
v 0.28000 -0.02500 0.18000
v 0.28000 -0.02500 0.17500
v 0.28500 -0.02500 0.17500
v 0.28500 -0.02000 0.17500
v 0.28000 -0.02000 0.17500
v 0.28000 -0.02500 0.18000
v 0.28500 -0.02500 0.18000
v 0.28500 -0.02000 0.18000
v 0.28000 -0.02000 0.18000
v 0.28000 -0.02500 0.18000
v 0.28500 -0.02500 0.18000
v 0.28500 -0.02000 0.18000
v 0.28000 -0.02000 0.18000
v 0.28000 -0.02500 0.18500
v 0.28500 -0.02500 0.18500
v 0.28500 -0.02000 0.18500
v 0.28000 -0.02000 0.18500
v 0.28000 -0.02500 0.18500
v 0.28500 -0.02500 0.18500
v 0.28500 -0.02000 0.18500
v 0.28000 -0.02000 0.18500
v 0.28000 -0.02500 0.19000
v 0.28500 -0.02500 0.19000
v 0.28500 -0.02000 0.19000
v 0.28000 -0.02000 0.19000
v 0.28000 -0.02000 0.18500
v 0.28500 -0.02000 0.18500
v 0.28500 -0.01500 0.18500
v 0.28000 -0.01500 0.18500
v 0.28000 -0.02000 0.19000
v 0.28500 -0.02000 0.19000
v 0.28500 -0.01500 0.19000
v 0.28000 -0.01500 0.19000
v 0.28000 -0.02000 0.19000
v 0.28500 -0.02000 0.19000
v 0.28500 -0.01500 0.19000
v 0.28000 -0.01500 0.19000
v 0.28000 -0.02000 0.19500
v 0.28500 -0.02000 0.19500
v 0.28500 -0.01500 0.19500
v 0.28000 -0.01500 0.19500
v 0.28000 -0.01500 0.19000
v 0.28500 -0.01500 0.19000
v 0.28500 -0.01000 0.19000
v 0.28000 -0.01000 0.19000
v 0.28000 -0.01500 0.19500
v 0.28500 -0.01500 0.19500
v 0.28500 -0.01000 0.19500
v 0.28000 -0.01000 0.19500
v 0.28000 -0.01000 0.18500
v 0.28500 -0.01000 0.18500
v 0.28500 -0.00500 0.18500
v 0.28000 -0.00500 0.18500
v 0.28000 -0.01000 0.19000
v 0.28500 -0.01000 0.19000
v 0.28500 -0.00500 0.19000
v 0.28000 -0.00500 0.19000
v 0.28000 -0.00500 0.18500
v 0.28500 -0.00500 0.18500
v 0.28500 0.00000 0.18500
v 0.28000 0.00000 0.18500
v 0.28000 -0.00500 0.19000
v 0.28500 -0.00500 0.19000
v 0.28500 0.00000 0.19000
v 0.28000 0.00000 0.19000
v 0.28000 0.00000 0.18500
v 0.28500 0.00000 0.18500
v 0.28500 0.00500 0.18500
v 0.28000 0.00500 0.18500
v 0.28000 0.00000 0.19000
v 0.28500 0.00000 0.19000
v 0.28500 0.00500 0.19000
v 0.28000 0.00500 0.19000
v 0.28000 0.00500 0.18500
v 0.28500 0.00500 0.18500
v 0.28500 0.01000 0.18500
v 0.28000 0.01000 0.18500
v 0.28000 0.00500 0.19000
v 0.28500 0.00500 0.19000
v 0.28500 0.01000 0.19000
v 0.28000 0.01000 0.19000
v 0.28000 0.01000 0.18000
v 0.28500 0.01000 0.18000
v 0.28500 0.01500 0.18000
v 0.28000 0.01500 0.18000
v 0.28000 0.01000 0.18500
v 0.28500 0.01000 0.18500
v 0.28500 0.01500 0.18500
v 0.28000 0.01500 0.18500
v 0.28000 0.01500 0.18000
v 0.28500 0.01500 0.18000
v 0.28500 0.02000 0.18000
v 0.28000 0.02000 0.18000
v 0.28000 0.01500 0.18500
v 0.28500 0.01500 0.18500
v 0.28500 0.02000 0.18500
v 0.28000 0.02000 0.18500
v 0.28000 0.02000 0.18000
v 0.28500 0.02000 0.18000
v 0.28500 0.02500 0.18000
v 0.28000 0.02500 0.18000
v 0.28000 0.02000 0.18500
v 0.28500 0.02000 0.18500
v 0.28500 0.02500 0.18500
v 0.28000 0.02500 0.18500
v 0.28000 0.02500 0.17500
v 0.28500 0.02500 0.17500
v 0.28500 0.03000 0.17500
v 0.28000 0.03000 0.17500
v 0.28000 0.02500 0.18000
v 0.28500 0.02500 0.18000
v 0.28500 0.03000 0.18000
v 0.28000 0.03000 0.18000
v 0.28000 0.03000 0.15000
v 0.28500 0.03000 0.15000
v 0.28500 0.03500 0.15000
v 0.28000 0.03500 0.15000
v 0.28000 0.03000 0.15500
v 0.28500 0.03000 0.15500
v 0.28500 0.03500 0.15500
v 0.28000 0.03500 0.15500
v 0.28000 0.03000 0.15500
v 0.28500 0.03000 0.15500
v 0.28500 0.03500 0.15500
v 0.28000 0.03500 0.15500
v 0.28000 0.03000 0.16000
v 0.28500 0.03000 0.16000
v 0.28500 0.03500 0.16000
v 0.28000 0.03500 0.16000
v 0.28000 0.03000 0.16000
v 0.28500 0.03000 0.16000
v 0.28500 0.03500 0.16000
v 0.28000 0.03500 0.16000
v 0.28000 0.03000 0.16500
v 0.28500 0.03000 0.16500
v 0.28500 0.03500 0.16500
v 0.28000 0.03500 0.16500
v 0.28000 0.03000 0.16500
v 0.28500 0.03000 0.16500
v 0.28500 0.03500 0.16500
v 0.28000 0.03500 0.16500
v 0.28000 0.03000 0.17000
v 0.28500 0.03000 0.17000
v 0.28500 0.03500 0.17000
v 0.28000 0.03500 0.17000
v 0.28000 0.03000 0.17000
v 0.28500 0.03000 0.17000
v 0.28500 0.03500 0.17000
v 0.28000 0.03500 0.17000
v 0.28000 0.03000 0.17500
v 0.28500 0.03000 0.17500
v 0.28500 0.03500 0.17500
v 0.28000 0.03500 0.17500
v 0.28000 0.03500 0.00000
v 0.28500 0.03500 0.00000
v 0.28500 0.04000 0.00000
v 0.28000 0.04000 0.00000
v 0.28000 0.03500 0.00500
v 0.28500 0.03500 0.00500
v 0.28500 0.04000 0.00500
v 0.28000 0.04000 0.00500
v 0.28000 0.03500 0.14000
v 0.28500 0.03500 0.14000
v 0.28500 0.04000 0.14000
v 0.28000 0.04000 0.14000
v 0.28000 0.03500 0.14500
v 0.28500 0.03500 0.14500
v 0.28500 0.04000 0.14500
v 0.28000 0.04000 0.14500
v 0.28000 0.03500 0.14500
v 0.28500 0.03500 0.14500
v 0.28500 0.04000 0.14500
v 0.28000 0.04000 0.14500
v 0.28000 0.03500 0.15000
v 0.28500 0.03500 0.15000
v 0.28500 0.04000 0.15000
v 0.28000 0.04000 0.15000
v 0.28000 0.04000 0.00000
v 0.28500 0.04000 0.00000
v 0.28500 0.04500 0.00000
v 0.28000 0.04500 0.00000
v 0.28000 0.04000 0.00500
v 0.28500 0.04000 0.00500
v 0.28500 0.04500 0.00500
v 0.28000 0.04500 0.00500
v 0.28000 0.04000 0.00500
v 0.28500 0.04000 0.00500
v 0.28500 0.04500 0.00500
v 0.28000 0.04500 0.00500
v 0.28000 0.04000 0.01000
v 0.28500 0.04000 0.01000
v 0.28500 0.04500 0.01000
v 0.28000 0.04500 0.01000
v 0.28000 0.04000 0.01000
v 0.28500 0.04000 0.01000
v 0.28500 0.04500 0.01000
v 0.28000 0.04500 0.01000
v 0.28000 0.04000 0.01500
v 0.28500 0.04000 0.01500
v 0.28500 0.04500 0.01500
v 0.28000 0.04500 0.01500
v 0.28000 0.04000 0.01500
v 0.28500 0.04000 0.01500
v 0.28500 0.04500 0.01500
v 0.28000 0.04500 0.01500
v 0.28000 0.04000 0.02000
v 0.28500 0.04000 0.02000
v 0.28500 0.04500 0.02000
v 0.28000 0.04500 0.02000
v 0.28000 0.04000 0.02000
v 0.28500 0.04000 0.02000
v 0.28500 0.04500 0.02000
v 0.28000 0.04500 0.02000
v 0.28000 0.04000 0.02500
v 0.28500 0.04000 0.02500
v 0.28500 0.04500 0.02500
v 0.28000 0.04500 0.02500
v 0.28000 0.04000 0.02500
v 0.28500 0.04000 0.02500
v 0.28500 0.04500 0.02500
v 0.28000 0.04500 0.02500
v 0.28000 0.04000 0.03000
v 0.28500 0.04000 0.03000
v 0.28500 0.04500 0.03000
v 0.28000 0.04500 0.03000
v 0.28000 0.04000 0.03000
v 0.28500 0.04000 0.03000
v 0.28500 0.04500 0.03000
v 0.28000 0.04500 0.03000
v 0.28000 0.04000 0.03500
v 0.28500 0.04000 0.03500
v 0.28500 0.04500 0.03500
v 0.28000 0.04500 0.03500
v 0.28000 0.04000 0.03500
v 0.28500 0.04000 0.03500
v 0.28500 0.04500 0.03500
v 0.28000 0.04500 0.03500
v 0.28000 0.04000 0.04000
v 0.28500 0.04000 0.04000
v 0.28500 0.04500 0.04000
v 0.28000 0.04500 0.04000
v 0.28000 0.04000 0.04000
v 0.28500 0.04000 0.04000
v 0.28500 0.04500 0.04000
v 0.28000 0.04500 0.04000
v 0.28000 0.04000 0.04500
v 0.28500 0.04000 0.04500
v 0.28500 0.04500 0.04500
v 0.28000 0.04500 0.04500
v 0.28000 0.04000 0.04500
v 0.28500 0.04000 0.04500
v 0.28500 0.04500 0.04500
v 0.28000 0.04500 0.04500
v 0.28000 0.04000 0.05000
v 0.28500 0.04000 0.05000
v 0.28500 0.04500 0.05000
v 0.28000 0.04500 0.05000
v 0.28000 0.04000 0.05000
v 0.28500 0.04000 0.05000
v 0.28500 0.04500 0.05000
v 0.28000 0.04500 0.05000
v 0.28000 0.04000 0.05500
v 0.28500 0.04000 0.05500
v 0.28500 0.04500 0.05500
v 0.28000 0.04500 0.05500
v 0.28000 0.04000 0.05500
v 0.28500 0.04000 0.05500
v 0.28500 0.04500 0.05500
v 0.28000 0.04500 0.05500
v 0.28000 0.04000 0.06000
v 0.28500 0.04000 0.06000
v 0.28500 0.04500 0.06000
v 0.28000 0.04500 0.06000
v 0.28000 0.04000 0.06000
v 0.28500 0.04000 0.06000
v 0.28500 0.04500 0.06000
v 0.28000 0.04500 0.06000
v 0.28000 0.04000 0.06500
v 0.28500 0.04000 0.06500
v 0.28500 0.04500 0.06500
v 0.28000 0.04500 0.06500
v 0.28000 0.04000 0.06500
v 0.28500 0.04000 0.06500
v 0.28500 0.04500 0.06500
v 0.28000 0.04500 0.06500
v 0.28000 0.04000 0.07000
v 0.28500 0.04000 0.07000
v 0.28500 0.04500 0.07000
v 0.28000 0.04500 0.07000
v 0.28000 0.04000 0.07000
v 0.28500 0.04000 0.07000
v 0.28500 0.04500 0.07000
v 0.28000 0.04500 0.07000
v 0.28000 0.04000 0.07500
v 0.28500 0.04000 0.07500
v 0.28500 0.04500 0.07500
v 0.28000 0.04500 0.07500
v 0.28000 0.04000 0.07500
v 0.28500 0.04000 0.07500
v 0.28500 0.04500 0.07500
v 0.28000 0.04500 0.07500
v 0.28000 0.04000 0.08000
v 0.28500 0.04000 0.08000
v 0.28500 0.04500 0.08000
v 0.28000 0.04500 0.08000
v 0.28000 0.04000 0.08000
v 0.28500 0.04000 0.08000
v 0.28500 0.04500 0.08000
v 0.28000 0.04500 0.08000
v 0.28000 0.04000 0.08500
v 0.28500 0.04000 0.08500
v 0.28500 0.04500 0.08500
v 0.28000 0.04500 0.08500
v 0.28000 0.04000 0.08500
v 0.28500 0.04000 0.08500
v 0.28500 0.04500 0.08500
v 0.28000 0.04500 0.08500
v 0.28000 0.04000 0.09000
v 0.28500 0.04000 0.09000
v 0.28500 0.04500 0.09000
v 0.28000 0.04500 0.09000
v 0.28000 0.04000 0.09000
v 0.28500 0.04000 0.09000
v 0.28500 0.04500 0.09000
v 0.28000 0.04500 0.09000
v 0.28000 0.04000 0.09500
v 0.28500 0.04000 0.09500
v 0.28500 0.04500 0.09500
v 0.28000 0.04500 0.09500
v 0.28000 0.04000 0.09500
v 0.28500 0.04000 0.09500
v 0.28500 0.04500 0.09500
v 0.28000 0.04500 0.09500
v 0.28000 0.04000 0.10000
v 0.28500 0.04000 0.10000
v 0.28500 0.04500 0.10000
v 0.28000 0.04500 0.10000
v 0.28000 0.04000 0.10000
v 0.28500 0.04000 0.10000
v 0.28500 0.04500 0.10000
v 0.28000 0.04500 0.10000
v 0.28000 0.04000 0.10500
v 0.28500 0.04000 0.10500
v 0.28500 0.04500 0.10500
v 0.28000 0.04500 0.10500
v 0.28000 0.04000 0.10500
v 0.28500 0.04000 0.10500
v 0.28500 0.04500 0.10500
v 0.28000 0.04500 0.10500
v 0.28000 0.04000 0.11000
v 0.28500 0.04000 0.11000
v 0.28500 0.04500 0.11000
v 0.28000 0.04500 0.11000
v 0.28000 0.04000 0.11000
v 0.28500 0.04000 0.11000
v 0.28500 0.04500 0.11000
v 0.28000 0.04500 0.11000
v 0.28000 0.04000 0.11500
v 0.28500 0.04000 0.11500
v 0.28500 0.04500 0.11500
v 0.28000 0.04500 0.11500
v 0.28000 0.04000 0.11500
v 0.28500 0.04000 0.11500
v 0.28500 0.04500 0.11500
v 0.28000 0.04500 0.11500
v 0.28000 0.04000 0.12000
v 0.28500 0.04000 0.12000
v 0.28500 0.04500 0.12000
v 0.28000 0.04500 0.12000
v 0.28000 0.04000 0.12000
v 0.28500 0.04000 0.12000
v 0.28500 0.04500 0.12000
v 0.28000 0.04500 0.12000
v 0.28000 0.04000 0.12500
v 0.28500 0.04000 0.12500
v 0.28500 0.04500 0.12500
v 0.28000 0.04500 0.12500
v 0.28000 0.04000 0.12500
v 0.28500 0.04000 0.12500
v 0.28500 0.04500 0.12500
v 0.28000 0.04500 0.12500
v 0.28000 0.04000 0.13000
v 0.28500 0.04000 0.13000
v 0.28500 0.04500 0.13000
v 0.28000 0.04500 0.13000
v 0.28000 0.04000 0.13000
v 0.28500 0.04000 0.13000
v 0.28500 0.04500 0.13000
v 0.28000 0.04500 0.13000
v 0.28000 0.04000 0.13500
v 0.28500 0.04000 0.13500
v 0.28500 0.04500 0.13500
v 0.28000 0.04500 0.13500
v 0.28000 0.04000 0.13500
v 0.28500 0.04000 0.13500
v 0.28500 0.04500 0.13500
v 0.28000 0.04500 0.13500
v 0.28000 0.04000 0.14000
v 0.28500 0.04000 0.14000
v 0.28500 0.04500 0.14000
v 0.28000 0.04500 0.14000
v 0.28500 -0.05000 0.03000
v 0.29000 -0.05000 0.03000
v 0.29000 -0.04500 0.03000
v 0.28500 -0.04500 0.03000
v 0.28500 -0.05000 0.03500
v 0.29000 -0.05000 0.03500
v 0.29000 -0.04500 0.03500
v 0.28500 -0.04500 0.03500
v 0.28500 -0.05000 0.03500
v 0.29000 -0.05000 0.03500
v 0.29000 -0.04500 0.03500
v 0.28500 -0.04500 0.03500
v 0.28500 -0.05000 0.04000
v 0.29000 -0.05000 0.04000
v 0.29000 -0.04500 0.04000
v 0.28500 -0.04500 0.04000
v 0.28500 -0.05000 0.04000
v 0.29000 -0.05000 0.04000
v 0.29000 -0.04500 0.04000
v 0.28500 -0.04500 0.04000
v 0.28500 -0.05000 0.04500
v 0.29000 -0.05000 0.04500
v 0.29000 -0.04500 0.04500
v 0.28500 -0.04500 0.04500
v 0.28500 -0.05000 0.04500
v 0.29000 -0.05000 0.04500
v 0.29000 -0.04500 0.04500
v 0.28500 -0.04500 0.04500
v 0.28500 -0.05000 0.05000
v 0.29000 -0.05000 0.05000
v 0.29000 -0.04500 0.05000
v 0.28500 -0.04500 0.05000
v 0.28500 -0.05000 0.05000
v 0.29000 -0.05000 0.05000
v 0.29000 -0.04500 0.05000
v 0.28500 -0.04500 0.05000
v 0.28500 -0.05000 0.05500
v 0.29000 -0.05000 0.05500
v 0.29000 -0.04500 0.05500
v 0.28500 -0.04500 0.05500
v 0.28500 -0.05000 0.05500
v 0.29000 -0.05000 0.05500
v 0.29000 -0.04500 0.05500
v 0.28500 -0.04500 0.05500
v 0.28500 -0.05000 0.06000
v 0.29000 -0.05000 0.06000
v 0.29000 -0.04500 0.06000
v 0.28500 -0.04500 0.06000
v 0.28500 -0.05000 0.06000
v 0.29000 -0.05000 0.06000
v 0.29000 -0.04500 0.06000
v 0.28500 -0.04500 0.06000
v 0.28500 -0.05000 0.06500
v 0.29000 -0.05000 0.06500
v 0.29000 -0.04500 0.06500
v 0.28500 -0.04500 0.06500
v 0.28500 -0.05000 0.06500
v 0.29000 -0.05000 0.06500
v 0.29000 -0.04500 0.06500
v 0.28500 -0.04500 0.06500
v 0.28500 -0.05000 0.07000
v 0.29000 -0.05000 0.07000
v 0.29000 -0.04500 0.07000
v 0.28500 -0.04500 0.07000
v 0.28500 -0.05000 0.07000
v 0.29000 -0.05000 0.07000
v 0.29000 -0.04500 0.07000
v 0.28500 -0.04500 0.07000
v 0.28500 -0.05000 0.07500
v 0.29000 -0.05000 0.07500
v 0.29000 -0.04500 0.07500
v 0.28500 -0.04500 0.07500
v 0.28500 -0.05000 0.07500
v 0.29000 -0.05000 0.07500
v 0.29000 -0.04500 0.07500
v 0.28500 -0.04500 0.07500
v 0.28500 -0.05000 0.08000
v 0.29000 -0.05000 0.08000
v 0.29000 -0.04500 0.08000
v 0.28500 -0.04500 0.08000
v 0.28500 -0.05000 0.08000
v 0.29000 -0.05000 0.08000
v 0.29000 -0.04500 0.08000
v 0.28500 -0.04500 0.08000
v 0.28500 -0.05000 0.08500
v 0.29000 -0.05000 0.08500
v 0.29000 -0.04500 0.08500
v 0.28500 -0.04500 0.08500
v 0.28500 -0.05000 0.08500
v 0.29000 -0.05000 0.08500
v 0.29000 -0.04500 0.08500
v 0.28500 -0.04500 0.08500
v 0.28500 -0.05000 0.09000
v 0.29000 -0.05000 0.09000
v 0.29000 -0.04500 0.09000
v 0.28500 -0.04500 0.09000
v 0.28500 -0.05000 0.09000
v 0.29000 -0.05000 0.09000
v 0.29000 -0.04500 0.09000
v 0.28500 -0.04500 0.09000
v 0.28500 -0.05000 0.09500
v 0.29000 -0.05000 0.09500
v 0.29000 -0.04500 0.09500
v 0.28500 -0.04500 0.09500
v 0.28500 -0.05000 0.09500
v 0.29000 -0.05000 0.09500
v 0.29000 -0.04500 0.09500
v 0.28500 -0.04500 0.09500
v 0.28500 -0.05000 0.10000
v 0.29000 -0.05000 0.10000
v 0.29000 -0.04500 0.10000
v 0.28500 -0.04500 0.10000
v 0.28500 -0.05000 0.10000
v 0.29000 -0.05000 0.10000
v 0.29000 -0.04500 0.10000
v 0.28500 -0.04500 0.10000
v 0.28500 -0.05000 0.10500
v 0.29000 -0.05000 0.10500
v 0.29000 -0.04500 0.10500
v 0.28500 -0.04500 0.10500
v 0.28500 -0.04500 0.00000
v 0.29000 -0.04500 0.00000
v 0.29000 -0.04000 0.00000
v 0.28500 -0.04000 0.00000
v 0.28500 -0.04500 0.00500
v 0.29000 -0.04500 0.00500
v 0.29000 -0.04000 0.00500
v 0.28500 -0.04000 0.00500
v 0.28500 -0.04500 0.00500
v 0.29000 -0.04500 0.00500
v 0.29000 -0.04000 0.00500
v 0.28500 -0.04000 0.00500
v 0.28500 -0.04500 0.01000
v 0.29000 -0.04500 0.01000
v 0.29000 -0.04000 0.01000
v 0.28500 -0.04000 0.01000
v 0.28500 -0.04500 0.01000
v 0.29000 -0.04500 0.01000
v 0.29000 -0.04000 0.01000
v 0.28500 -0.04000 0.01000
v 0.28500 -0.04500 0.01500
v 0.29000 -0.04500 0.01500
v 0.29000 -0.04000 0.01500
v 0.28500 -0.04000 0.01500
v 0.28500 -0.04500 0.01500
v 0.29000 -0.04500 0.01500
v 0.29000 -0.04000 0.01500
v 0.28500 -0.04000 0.01500
v 0.28500 -0.04500 0.02000
v 0.29000 -0.04500 0.02000
v 0.29000 -0.04000 0.02000
v 0.28500 -0.04000 0.02000
v 0.28500 -0.04500 0.02000
v 0.29000 -0.04500 0.02000
v 0.29000 -0.04000 0.02000
v 0.28500 -0.04000 0.02000
v 0.28500 -0.04500 0.02500
v 0.29000 -0.04500 0.02500
v 0.29000 -0.04000 0.02500
v 0.28500 -0.04000 0.02500
v 0.28500 -0.04500 0.02500
v 0.29000 -0.04500 0.02500
v 0.29000 -0.04000 0.02500
v 0.28500 -0.04000 0.02500
v 0.28500 -0.04500 0.03000
v 0.29000 -0.04500 0.03000
v 0.29000 -0.04000 0.03000
v 0.28500 -0.04000 0.03000
v 0.28500 -0.04500 0.10500
v 0.29000 -0.04500 0.10500
v 0.29000 -0.04000 0.10500
v 0.28500 -0.04000 0.10500
v 0.28500 -0.04500 0.11000
v 0.29000 -0.04500 0.11000
v 0.29000 -0.04000 0.11000
v 0.28500 -0.04000 0.11000
v 0.28500 -0.04500 0.11000
v 0.29000 -0.04500 0.11000
v 0.29000 -0.04000 0.11000
v 0.28500 -0.04000 0.11000
v 0.28500 -0.04500 0.11500
v 0.29000 -0.04500 0.11500
v 0.29000 -0.04000 0.11500
v 0.28500 -0.04000 0.11500
v 0.28500 -0.04500 0.11500
v 0.29000 -0.04500 0.11500
v 0.29000 -0.04000 0.11500
v 0.28500 -0.04000 0.11500
v 0.28500 -0.04500 0.12000
v 0.29000 -0.04500 0.12000
v 0.29000 -0.04000 0.12000
v 0.28500 -0.04000 0.12000
v 0.28500 -0.04500 0.12000
v 0.29000 -0.04500 0.12000
v 0.29000 -0.04000 0.12000
v 0.28500 -0.04000 0.12000
v 0.28500 -0.04500 0.12500
v 0.29000 -0.04500 0.12500
v 0.29000 -0.04000 0.12500
v 0.28500 -0.04000 0.12500
v 0.28500 -0.04500 0.12500
v 0.29000 -0.04500 0.12500
v 0.29000 -0.04000 0.12500
v 0.28500 -0.04000 0.12500
v 0.28500 -0.04500 0.13000
v 0.29000 -0.04500 0.13000
v 0.29000 -0.04000 0.13000
v 0.28500 -0.04000 0.13000
v 0.28500 -0.04500 0.13000
v 0.29000 -0.04500 0.13000
v 0.29000 -0.04000 0.13000
v 0.28500 -0.04000 0.13000
v 0.28500 -0.04500 0.13500
v 0.29000 -0.04500 0.13500
v 0.29000 -0.04000 0.13500
v 0.28500 -0.04000 0.13500
v 0.28500 -0.04500 0.13500
v 0.29000 -0.04500 0.13500
v 0.29000 -0.04000 0.13500
v 0.28500 -0.04000 0.13500
v 0.28500 -0.04500 0.14000
v 0.29000 -0.04500 0.14000
v 0.29000 -0.04000 0.14000
v 0.28500 -0.04000 0.14000
v 0.28500 -0.04000 0.00000
v 0.29000 -0.04000 0.00000
v 0.29000 -0.03500 0.00000
v 0.28500 -0.03500 0.00000
v 0.28500 -0.04000 0.00500
v 0.29000 -0.04000 0.00500
v 0.29000 -0.03500 0.00500
v 0.28500 -0.03500 0.00500
v 0.28500 -0.04000 0.14000
v 0.29000 -0.04000 0.14000
v 0.29000 -0.03500 0.14000
v 0.28500 -0.03500 0.14000
v 0.28500 -0.04000 0.14500
v 0.29000 -0.04000 0.14500
v 0.29000 -0.03500 0.14500
v 0.28500 -0.03500 0.14500
v 0.28500 -0.04000 0.14500
v 0.29000 -0.04000 0.14500
v 0.29000 -0.03500 0.14500
v 0.28500 -0.03500 0.14500
v 0.28500 -0.04000 0.15000
v 0.29000 -0.04000 0.15000
v 0.29000 -0.03500 0.15000
v 0.28500 -0.03500 0.15000
v 0.28500 -0.04000 0.15500
v 0.29000 -0.04000 0.15500
v 0.29000 -0.03500 0.15500
v 0.28500 -0.03500 0.15500
v 0.28500 -0.04000 0.16000
v 0.29000 -0.04000 0.16000
v 0.29000 -0.03500 0.16000
v 0.28500 -0.03500 0.16000
v 0.28500 -0.04000 0.16000
v 0.29000 -0.04000 0.16000
v 0.29000 -0.03500 0.16000
v 0.28500 -0.03500 0.16000
v 0.28500 -0.04000 0.16500
v 0.29000 -0.04000 0.16500
v 0.29000 -0.03500 0.16500
v 0.28500 -0.03500 0.16500
v 0.28500 -0.03500 0.15000
v 0.29000 -0.03500 0.15000
v 0.29000 -0.03000 0.15000
v 0.28500 -0.03000 0.15000
v 0.28500 -0.03500 0.15500
v 0.29000 -0.03500 0.15500
v 0.29000 -0.03000 0.15500
v 0.28500 -0.03000 0.15500
v 0.28500 -0.03500 0.15500
v 0.29000 -0.03500 0.15500
v 0.29000 -0.03000 0.15500
v 0.28500 -0.03000 0.15500
v 0.28500 -0.03500 0.16000
v 0.29000 -0.03500 0.16000
v 0.29000 -0.03000 0.16000
v 0.28500 -0.03000 0.16000
v 0.28500 -0.03500 0.16000
v 0.29000 -0.03500 0.16000
v 0.29000 -0.03000 0.16000
v 0.28500 -0.03000 0.16000
v 0.28500 -0.03500 0.16500
v 0.29000 -0.03500 0.16500
v 0.29000 -0.03000 0.16500
v 0.28500 -0.03000 0.16500
v 0.28500 -0.03500 0.16500
v 0.29000 -0.03500 0.16500
v 0.29000 -0.03000 0.16500
v 0.28500 -0.03000 0.16500
v 0.28500 -0.03500 0.17000
v 0.29000 -0.03500 0.17000
v 0.29000 -0.03000 0.17000
v 0.28500 -0.03000 0.17000
v 0.28500 -0.03500 0.17000
v 0.29000 -0.03500 0.17000
v 0.29000 -0.03000 0.17000
v 0.28500 -0.03000 0.17000
v 0.28500 -0.03500 0.17500
v 0.29000 -0.03500 0.17500
v 0.29000 -0.03000 0.17500
v 0.28500 -0.03000 0.17500
v 0.28500 -0.03500 0.18000
v 0.29000 -0.03500 0.18000
v 0.29000 -0.03000 0.18000
v 0.28500 -0.03000 0.18000
v 0.28500 -0.03500 0.18500
v 0.29000 -0.03500 0.18500
v 0.29000 -0.03000 0.18500
v 0.28500 -0.03000 0.18500
v 0.28500 -0.03000 0.17500
v 0.29000 -0.03000 0.17500
v 0.29000 -0.02500 0.17500
v 0.28500 -0.02500 0.17500
v 0.28500 -0.03000 0.18000
v 0.29000 -0.03000 0.18000
v 0.29000 -0.02500 0.18000
v 0.28500 -0.02500 0.18000
v 0.28500 -0.03000 0.18000
v 0.29000 -0.03000 0.18000
v 0.29000 -0.02500 0.18000
v 0.28500 -0.02500 0.18000
v 0.28500 -0.03000 0.18500
v 0.29000 -0.03000 0.18500
v 0.29000 -0.02500 0.18500
v 0.28500 -0.02500 0.18500
v 0.28500 -0.03000 0.18500
v 0.29000 -0.03000 0.18500
v 0.29000 -0.02500 0.18500
v 0.28500 -0.02500 0.18500
v 0.28500 -0.03000 0.19000
v 0.29000 -0.03000 0.19000
v 0.29000 -0.02500 0.19000
v 0.28500 -0.02500 0.19000
v 0.28500 -0.02500 0.18500
v 0.29000 -0.02500 0.18500
v 0.29000 -0.02000 0.18500
v 0.28500 -0.02000 0.18500
v 0.28500 -0.02500 0.19000
v 0.29000 -0.02500 0.19000
v 0.29000 -0.02000 0.19000
v 0.28500 -0.02000 0.19000
v 0.28500 -0.02000 0.18500
v 0.29000 -0.02000 0.18500
v 0.29000 -0.01500 0.18500
v 0.28500 -0.01500 0.18500
v 0.28500 -0.02000 0.19000
v 0.29000 -0.02000 0.19000
v 0.29000 -0.01500 0.19000
v 0.28500 -0.01500 0.19000
v 0.28500 -0.01500 0.18500
v 0.29000 -0.01500 0.18500
v 0.29000 -0.01000 0.18500
v 0.28500 -0.01000 0.18500
v 0.28500 -0.01500 0.19000
v 0.29000 -0.01500 0.19000
v 0.29000 -0.01000 0.19000
v 0.28500 -0.01000 0.19000
v 0.28500 -0.01000 0.18500
v 0.29000 -0.01000 0.18500
v 0.29000 -0.00500 0.18500
v 0.28500 -0.00500 0.18500
v 0.28500 -0.01000 0.19000
v 0.29000 -0.01000 0.19000
v 0.29000 -0.00500 0.19000
v 0.28500 -0.00500 0.19000
v 0.28500 -0.00500 0.18500
v 0.29000 -0.00500 0.18500
v 0.29000 0.00000 0.18500
v 0.28500 0.00000 0.18500
v 0.28500 -0.00500 0.19000
v 0.29000 -0.00500 0.19000
v 0.29000 0.00000 0.19000
v 0.28500 0.00000 0.19000
v 0.28500 0.00000 0.18500
v 0.29000 0.00000 0.18500
v 0.29000 0.00500 0.18500
v 0.28500 0.00500 0.18500
v 0.28500 0.00000 0.19000
v 0.29000 0.00000 0.19000
v 0.29000 0.00500 0.19000
v 0.28500 0.00500 0.19000
v 0.28500 0.00500 0.18500
v 0.29000 0.00500 0.18500
v 0.29000 0.01000 0.18500
v 0.28500 0.01000 0.18500
v 0.28500 0.00500 0.19000
v 0.29000 0.00500 0.19000
v 0.29000 0.01000 0.19000
v 0.28500 0.01000 0.19000
v 0.28500 0.01000 0.18000
v 0.29000 0.01000 0.18000
v 0.29000 0.01500 0.18000
v 0.28500 0.01500 0.18000
v 0.28500 0.01000 0.18500
v 0.29000 0.01000 0.18500
v 0.29000 0.01500 0.18500
v 0.28500 0.01500 0.18500
v 0.28500 0.01500 0.18000
v 0.29000 0.01500 0.18000
v 0.29000 0.02000 0.18000
v 0.28500 0.02000 0.18000
v 0.28500 0.01500 0.18500
v 0.29000 0.01500 0.18500
v 0.29000 0.02000 0.18500
v 0.28500 0.02000 0.18500
v 0.28500 0.02000 0.18000
v 0.29000 0.02000 0.18000
v 0.29000 0.02500 0.18000
v 0.28500 0.02500 0.18000
v 0.28500 0.02000 0.18500
v 0.29000 0.02000 0.18500
v 0.29000 0.02500 0.18500
v 0.28500 0.02500 0.18500
v 0.28500 0.02500 0.17500
v 0.29000 0.02500 0.17500
v 0.29000 0.03000 0.17500
v 0.28500 0.03000 0.17500
v 0.28500 0.02500 0.18000
v 0.29000 0.02500 0.18000
v 0.29000 0.03000 0.18000
v 0.28500 0.03000 0.18000
v 0.28500 0.03000 0.14500
v 0.29000 0.03000 0.14500
v 0.29000 0.03500 0.14500
v 0.28500 0.03500 0.14500
v 0.28500 0.03000 0.15000
v 0.29000 0.03000 0.15000
v 0.29000 0.03500 0.15000
v 0.28500 0.03500 0.15000
v 0.28500 0.03000 0.15000
v 0.29000 0.03000 0.15000
v 0.29000 0.03500 0.15000
v 0.28500 0.03500 0.15000
v 0.28500 0.03000 0.15500
v 0.29000 0.03000 0.15500
v 0.29000 0.03500 0.15500
v 0.28500 0.03500 0.15500
v 0.28500 0.03000 0.16500
v 0.29000 0.03000 0.16500
v 0.29000 0.03500 0.16500
v 0.28500 0.03500 0.16500
v 0.28500 0.03000 0.17000
v 0.29000 0.03000 0.17000
v 0.29000 0.03500 0.17000
v 0.28500 0.03500 0.17000
v 0.28500 0.03000 0.17500
v 0.29000 0.03000 0.17500
v 0.29000 0.03500 0.17500
v 0.28500 0.03500 0.17500
v 0.28500 0.03000 0.18000
v 0.29000 0.03000 0.18000
v 0.29000 0.03500 0.18000
v 0.28500 0.03500 0.18000
v 0.28500 0.03500 0.14000
v 0.29000 0.03500 0.14000
v 0.29000 0.04000 0.14000
v 0.28500 0.04000 0.14000
v 0.28500 0.03500 0.14500
v 0.29000 0.03500 0.14500
v 0.29000 0.04000 0.14500
v 0.28500 0.04000 0.14500
v 0.28500 0.03500 0.15500
v 0.29000 0.03500 0.15500
v 0.29000 0.04000 0.15500
v 0.28500 0.04000 0.15500
v 0.28500 0.03500 0.16000
v 0.29000 0.03500 0.16000
v 0.29000 0.04000 0.16000
v 0.28500 0.04000 0.16000
v 0.28500 0.03500 0.16000
v 0.29000 0.03500 0.16000
v 0.29000 0.04000 0.16000
v 0.28500 0.04000 0.16000
v 0.28500 0.03500 0.16500
v 0.29000 0.03500 0.16500
v 0.29000 0.04000 0.16500
v 0.28500 0.04000 0.16500
v 0.28500 0.03500 0.17000
v 0.29000 0.03500 0.17000
v 0.29000 0.04000 0.17000
v 0.28500 0.04000 0.17000
v 0.28500 0.03500 0.17500
v 0.29000 0.03500 0.17500
v 0.29000 0.04000 0.17500
v 0.28500 0.04000 0.17500
v 0.28500 0.04000 0.00000
v 0.29000 0.04000 0.00000
v 0.29000 0.04500 0.00000
v 0.28500 0.04500 0.00000
v 0.28500 0.04000 0.00500
v 0.29000 0.04000 0.00500
v 0.29000 0.04500 0.00500
v 0.28500 0.04500 0.00500
v 0.28500 0.04000 0.00500
v 0.29000 0.04000 0.00500
v 0.29000 0.04500 0.00500
v 0.28500 0.04500 0.00500
v 0.28500 0.04000 0.01000
v 0.29000 0.04000 0.01000
v 0.29000 0.04500 0.01000
v 0.28500 0.04500 0.01000
v 0.28500 0.04000 0.01000
v 0.29000 0.04000 0.01000
v 0.29000 0.04500 0.01000
v 0.28500 0.04500 0.01000
v 0.28500 0.04000 0.01500
v 0.29000 0.04000 0.01500
v 0.29000 0.04500 0.01500
v 0.28500 0.04500 0.01500
v 0.28500 0.04000 0.01500
v 0.29000 0.04000 0.01500
v 0.29000 0.04500 0.01500
v 0.28500 0.04500 0.01500
v 0.28500 0.04000 0.02000
v 0.29000 0.04000 0.02000
v 0.29000 0.04500 0.02000
v 0.28500 0.04500 0.02000
v 0.28500 0.04000 0.02000
v 0.29000 0.04000 0.02000
v 0.29000 0.04500 0.02000
v 0.28500 0.04500 0.02000
v 0.28500 0.04000 0.02500
v 0.29000 0.04000 0.02500
v 0.29000 0.04500 0.02500
v 0.28500 0.04500 0.02500
v 0.28500 0.04000 0.02500
v 0.29000 0.04000 0.02500
v 0.29000 0.04500 0.02500
v 0.28500 0.04500 0.02500
v 0.28500 0.04000 0.03000
v 0.29000 0.04000 0.03000
v 0.29000 0.04500 0.03000
v 0.28500 0.04500 0.03000
v 0.28500 0.04000 0.03000
v 0.29000 0.04000 0.03000
v 0.29000 0.04500 0.03000
v 0.28500 0.04500 0.03000
v 0.28500 0.04000 0.03500
v 0.29000 0.04000 0.03500
v 0.29000 0.04500 0.03500
v 0.28500 0.04500 0.03500
v 0.28500 0.04000 0.03500
v 0.29000 0.04000 0.03500
v 0.29000 0.04500 0.03500
v 0.28500 0.04500 0.03500
v 0.28500 0.04000 0.04000
v 0.29000 0.04000 0.04000
v 0.29000 0.04500 0.04000
v 0.28500 0.04500 0.04000
v 0.28500 0.04000 0.04000
v 0.29000 0.04000 0.04000
v 0.29000 0.04500 0.04000
v 0.28500 0.04500 0.04000
v 0.28500 0.04000 0.04500
v 0.29000 0.04000 0.04500
v 0.29000 0.04500 0.04500
v 0.28500 0.04500 0.04500
v 0.28500 0.04000 0.04500
v 0.29000 0.04000 0.04500
v 0.29000 0.04500 0.04500
v 0.28500 0.04500 0.04500
v 0.28500 0.04000 0.05000
v 0.29000 0.04000 0.05000
v 0.29000 0.04500 0.05000
v 0.28500 0.04500 0.05000
v 0.28500 0.04000 0.05000
v 0.29000 0.04000 0.05000
v 0.29000 0.04500 0.05000
v 0.28500 0.04500 0.05000
v 0.28500 0.04000 0.05500
v 0.29000 0.04000 0.05500
v 0.29000 0.04500 0.05500
v 0.28500 0.04500 0.05500
v 0.28500 0.04000 0.05500
v 0.29000 0.04000 0.05500
v 0.29000 0.04500 0.05500
v 0.28500 0.04500 0.05500
v 0.28500 0.04000 0.06000
v 0.29000 0.04000 0.06000
v 0.29000 0.04500 0.06000
v 0.28500 0.04500 0.06000
v 0.28500 0.04000 0.06000
v 0.29000 0.04000 0.06000
v 0.29000 0.04500 0.06000
v 0.28500 0.04500 0.06000
v 0.28500 0.04000 0.06500
v 0.29000 0.04000 0.06500
v 0.29000 0.04500 0.06500
v 0.28500 0.04500 0.06500
v 0.28500 0.04000 0.06500
v 0.29000 0.04000 0.06500
v 0.29000 0.04500 0.06500
v 0.28500 0.04500 0.06500
v 0.28500 0.04000 0.07000
v 0.29000 0.04000 0.07000
v 0.29000 0.04500 0.07000
v 0.28500 0.04500 0.07000
v 0.28500 0.04000 0.07000
v 0.29000 0.04000 0.07000
v 0.29000 0.04500 0.07000
v 0.28500 0.04500 0.07000
v 0.28500 0.04000 0.07500
v 0.29000 0.04000 0.07500
v 0.29000 0.04500 0.07500
v 0.28500 0.04500 0.07500
v 0.28500 0.04000 0.07500
v 0.29000 0.04000 0.07500
v 0.29000 0.04500 0.07500
v 0.28500 0.04500 0.07500
v 0.28500 0.04000 0.08000
v 0.29000 0.04000 0.08000
v 0.29000 0.04500 0.08000
v 0.28500 0.04500 0.08000
v 0.28500 0.04000 0.08000
v 0.29000 0.04000 0.08000
v 0.29000 0.04500 0.08000
v 0.28500 0.04500 0.08000
v 0.28500 0.04000 0.08500
v 0.29000 0.04000 0.08500
v 0.29000 0.04500 0.08500
v 0.28500 0.04500 0.08500
v 0.28500 0.04000 0.08500
v 0.29000 0.04000 0.08500
v 0.29000 0.04500 0.08500
v 0.28500 0.04500 0.08500
v 0.28500 0.04000 0.09000
v 0.29000 0.04000 0.09000
v 0.29000 0.04500 0.09000
v 0.28500 0.04500 0.09000
v 0.28500 0.04000 0.09000
v 0.29000 0.04000 0.09000
v 0.29000 0.04500 0.09000
v 0.28500 0.04500 0.09000
v 0.28500 0.04000 0.09500
v 0.29000 0.04000 0.09500
v 0.29000 0.04500 0.09500
v 0.28500 0.04500 0.09500
v 0.28500 0.04000 0.09500
v 0.29000 0.04000 0.09500
v 0.29000 0.04500 0.09500
v 0.28500 0.04500 0.09500
v 0.28500 0.04000 0.10000
v 0.29000 0.04000 0.10000
v 0.29000 0.04500 0.10000
v 0.28500 0.04500 0.10000
v 0.28500 0.04000 0.10000
v 0.29000 0.04000 0.10000
v 0.29000 0.04500 0.10000
v 0.28500 0.04500 0.10000
v 0.28500 0.04000 0.10500
v 0.29000 0.04000 0.10500
v 0.29000 0.04500 0.10500
v 0.28500 0.04500 0.10500
v 0.28500 0.04000 0.10500
v 0.29000 0.04000 0.10500
v 0.29000 0.04500 0.10500
v 0.28500 0.04500 0.10500
v 0.28500 0.04000 0.11000
v 0.29000 0.04000 0.11000
v 0.29000 0.04500 0.11000
v 0.28500 0.04500 0.11000
v 0.28500 0.04000 0.11000
v 0.29000 0.04000 0.11000
v 0.29000 0.04500 0.11000
v 0.28500 0.04500 0.11000
v 0.28500 0.04000 0.11500
v 0.29000 0.04000 0.11500
v 0.29000 0.04500 0.11500
v 0.28500 0.04500 0.11500
v 0.28500 0.04000 0.11500
v 0.29000 0.04000 0.11500
v 0.29000 0.04500 0.11500
v 0.28500 0.04500 0.11500
v 0.28500 0.04000 0.12000
v 0.29000 0.04000 0.12000
v 0.29000 0.04500 0.12000
v 0.28500 0.04500 0.12000
v 0.28500 0.04000 0.12000
v 0.29000 0.04000 0.12000
v 0.29000 0.04500 0.12000
v 0.28500 0.04500 0.12000
v 0.28500 0.04000 0.12500
v 0.29000 0.04000 0.12500
v 0.29000 0.04500 0.12500
v 0.28500 0.04500 0.12500
v 0.28500 0.04000 0.12500
v 0.29000 0.04000 0.12500
v 0.29000 0.04500 0.12500
v 0.28500 0.04500 0.12500
v 0.28500 0.04000 0.13000
v 0.29000 0.04000 0.13000
v 0.29000 0.04500 0.13000
v 0.28500 0.04500 0.13000
v 0.28500 0.04000 0.13000
v 0.29000 0.04000 0.13000
v 0.29000 0.04500 0.13000
v 0.28500 0.04500 0.13000
v 0.28500 0.04000 0.13500
v 0.29000 0.04000 0.13500
v 0.29000 0.04500 0.13500
v 0.28500 0.04500 0.13500
v 0.28500 0.04000 0.13500
v 0.29000 0.04000 0.13500
v 0.29000 0.04500 0.13500
v 0.28500 0.04500 0.13500
v 0.28500 0.04000 0.14000
v 0.29000 0.04000 0.14000
v 0.29000 0.04500 0.14000
v 0.28500 0.04500 0.14000
v 0.28500 0.04000 0.14000
v 0.29000 0.04000 0.14000
v 0.29000 0.04500 0.14000
v 0.28500 0.04500 0.14000
v 0.28500 0.04000 0.14500
v 0.29000 0.04000 0.14500
v 0.29000 0.04500 0.14500
v 0.28500 0.04500 0.14500
v 0.29000 -0.05000 0.02000
v 0.29500 -0.05000 0.02000
v 0.29500 -0.04500 0.02000
v 0.29000 -0.04500 0.02000
v 0.29000 -0.05000 0.02500
v 0.29500 -0.05000 0.02500
v 0.29500 -0.04500 0.02500
v 0.29000 -0.04500 0.02500
v 0.29000 -0.05000 0.02500
v 0.29500 -0.05000 0.02500
v 0.29500 -0.04500 0.02500
v 0.29000 -0.04500 0.02500
v 0.29000 -0.05000 0.03000
v 0.29500 -0.05000 0.03000
v 0.29500 -0.04500 0.03000
v 0.29000 -0.04500 0.03000
v 0.29000 -0.05000 0.03000
v 0.29500 -0.05000 0.03000
v 0.29500 -0.04500 0.03000
v 0.29000 -0.04500 0.03000
v 0.29000 -0.05000 0.03500
v 0.29500 -0.05000 0.03500
v 0.29500 -0.04500 0.03500
v 0.29000 -0.04500 0.03500
v 0.29000 -0.05000 0.03500
v 0.29500 -0.05000 0.03500
v 0.29500 -0.04500 0.03500
v 0.29000 -0.04500 0.03500
v 0.29000 -0.05000 0.04000
v 0.29500 -0.05000 0.04000
v 0.29500 -0.04500 0.04000
v 0.29000 -0.04500 0.04000
v 0.29000 -0.05000 0.04000
v 0.29500 -0.05000 0.04000
v 0.29500 -0.04500 0.04000
v 0.29000 -0.04500 0.04000
v 0.29000 -0.05000 0.04500
v 0.29500 -0.05000 0.04500
v 0.29500 -0.04500 0.04500
v 0.29000 -0.04500 0.04500
v 0.29000 -0.05000 0.04500
v 0.29500 -0.05000 0.04500
v 0.29500 -0.04500 0.04500
v 0.29000 -0.04500 0.04500
v 0.29000 -0.05000 0.05000
v 0.29500 -0.05000 0.05000
v 0.29500 -0.04500 0.05000
v 0.29000 -0.04500 0.05000
v 0.29000 -0.05000 0.05000
v 0.29500 -0.05000 0.05000
v 0.29500 -0.04500 0.05000
v 0.29000 -0.04500 0.05000
v 0.29000 -0.05000 0.05500
v 0.29500 -0.05000 0.05500
v 0.29500 -0.04500 0.05500
v 0.29000 -0.04500 0.05500
v 0.29000 -0.05000 0.05500
v 0.29500 -0.05000 0.05500
v 0.29500 -0.04500 0.05500
v 0.29000 -0.04500 0.05500
v 0.29000 -0.05000 0.06000
v 0.29500 -0.05000 0.06000
v 0.29500 -0.04500 0.06000
v 0.29000 -0.04500 0.06000
v 0.29000 -0.05000 0.06000
v 0.29500 -0.05000 0.06000
v 0.29500 -0.04500 0.06000
v 0.29000 -0.04500 0.06000
v 0.29000 -0.05000 0.06500
v 0.29500 -0.05000 0.06500
v 0.29500 -0.04500 0.06500
v 0.29000 -0.04500 0.06500
v 0.29000 -0.05000 0.06500
v 0.29500 -0.05000 0.06500
v 0.29500 -0.04500 0.06500
v 0.29000 -0.04500 0.06500
v 0.29000 -0.05000 0.07000
v 0.29500 -0.05000 0.07000
v 0.29500 -0.04500 0.07000
v 0.29000 -0.04500 0.07000
v 0.29000 -0.05000 0.07000
v 0.29500 -0.05000 0.07000
v 0.29500 -0.04500 0.07000
v 0.29000 -0.04500 0.07000
v 0.29000 -0.05000 0.07500
v 0.29500 -0.05000 0.07500
v 0.29500 -0.04500 0.07500
v 0.29000 -0.04500 0.07500
v 0.29000 -0.05000 0.07500
v 0.29500 -0.05000 0.07500
v 0.29500 -0.04500 0.07500
v 0.29000 -0.04500 0.07500
v 0.29000 -0.05000 0.08000
v 0.29500 -0.05000 0.08000
v 0.29500 -0.04500 0.08000
v 0.29000 -0.04500 0.08000
v 0.29000 -0.05000 0.08000
v 0.29500 -0.05000 0.08000
v 0.29500 -0.04500 0.08000
v 0.29000 -0.04500 0.08000
v 0.29000 -0.05000 0.08500
v 0.29500 -0.05000 0.08500
v 0.29500 -0.04500 0.08500
v 0.29000 -0.04500 0.08500
v 0.29000 -0.05000 0.08500
v 0.29500 -0.05000 0.08500
v 0.29500 -0.04500 0.08500
v 0.29000 -0.04500 0.08500
v 0.29000 -0.05000 0.09000
v 0.29500 -0.05000 0.09000
v 0.29500 -0.04500 0.09000
v 0.29000 -0.04500 0.09000
v 0.29000 -0.05000 0.09000
v 0.29500 -0.05000 0.09000
v 0.29500 -0.04500 0.09000
v 0.29000 -0.04500 0.09000
v 0.29000 -0.05000 0.09500
v 0.29500 -0.05000 0.09500
v 0.29500 -0.04500 0.09500
v 0.29000 -0.04500 0.09500
v 0.29000 -0.05000 0.09500
v 0.29500 -0.05000 0.09500
v 0.29500 -0.04500 0.09500
v 0.29000 -0.04500 0.09500
v 0.29000 -0.05000 0.10000
v 0.29500 -0.05000 0.10000
v 0.29500 -0.04500 0.10000
v 0.29000 -0.04500 0.10000
v 0.29000 -0.05000 0.10000
v 0.29500 -0.05000 0.10000
v 0.29500 -0.04500 0.10000
v 0.29000 -0.04500 0.10000
v 0.29000 -0.05000 0.10500
v 0.29500 -0.05000 0.10500
v 0.29500 -0.04500 0.10500
v 0.29000 -0.04500 0.10500
v 0.29000 -0.05000 0.10500
v 0.29500 -0.05000 0.10500
v 0.29500 -0.04500 0.10500
v 0.29000 -0.04500 0.10500
v 0.29000 -0.05000 0.11000
v 0.29500 -0.05000 0.11000
v 0.29500 -0.04500 0.11000
v 0.29000 -0.04500 0.11000
v 0.29000 -0.05000 0.11000
v 0.29500 -0.05000 0.11000
v 0.29500 -0.04500 0.11000
v 0.29000 -0.04500 0.11000
v 0.29000 -0.05000 0.11500
v 0.29500 -0.05000 0.11500
v 0.29500 -0.04500 0.11500
v 0.29000 -0.04500 0.11500
v 0.29000 -0.05000 0.11500
v 0.29500 -0.05000 0.11500
v 0.29500 -0.04500 0.11500
v 0.29000 -0.04500 0.11500
v 0.29000 -0.05000 0.12000
v 0.29500 -0.05000 0.12000
v 0.29500 -0.04500 0.12000
v 0.29000 -0.04500 0.12000
v 0.29000 -0.05000 0.12000
v 0.29500 -0.05000 0.12000
v 0.29500 -0.04500 0.12000
v 0.29000 -0.04500 0.12000
v 0.29000 -0.05000 0.12500
v 0.29500 -0.05000 0.12500
v 0.29500 -0.04500 0.12500
v 0.29000 -0.04500 0.12500
v 0.29000 -0.04500 0.00000
v 0.29500 -0.04500 0.00000
v 0.29500 -0.04000 0.00000
v 0.29000 -0.04000 0.00000
v 0.29000 -0.04500 0.00500
v 0.29500 -0.04500 0.00500
v 0.29500 -0.04000 0.00500
v 0.29000 -0.04000 0.00500
v 0.29000 -0.04500 0.00500
v 0.29500 -0.04500 0.00500
v 0.29500 -0.04000 0.00500
v 0.29000 -0.04000 0.00500
v 0.29000 -0.04500 0.01000
v 0.29500 -0.04500 0.01000
v 0.29500 -0.04000 0.01000
v 0.29000 -0.04000 0.01000
v 0.29000 -0.04500 0.01000
v 0.29500 -0.04500 0.01000
v 0.29500 -0.04000 0.01000
v 0.29000 -0.04000 0.01000
v 0.29000 -0.04500 0.01500
v 0.29500 -0.04500 0.01500
v 0.29500 -0.04000 0.01500
v 0.29000 -0.04000 0.01500
v 0.29000 -0.04500 0.01500
v 0.29500 -0.04500 0.01500
v 0.29500 -0.04000 0.01500
v 0.29000 -0.04000 0.01500
v 0.29000 -0.04500 0.02000
v 0.29500 -0.04500 0.02000
v 0.29500 -0.04000 0.02000
v 0.29000 -0.04000 0.02000
v 0.29000 -0.04500 0.12500
v 0.29500 -0.04500 0.12500
v 0.29500 -0.04000 0.12500
v 0.29000 -0.04000 0.12500
v 0.29000 -0.04500 0.13000
v 0.29500 -0.04500 0.13000
v 0.29500 -0.04000 0.13000
v 0.29000 -0.04000 0.13000
v 0.29000 -0.04500 0.13000
v 0.29500 -0.04500 0.13000
v 0.29500 -0.04000 0.13000
v 0.29000 -0.04000 0.13000
v 0.29000 -0.04500 0.13500
v 0.29500 -0.04500 0.13500
v 0.29500 -0.04000 0.13500
v 0.29000 -0.04000 0.13500
v 0.29000 -0.04500 0.13500
v 0.29500 -0.04500 0.13500
v 0.29500 -0.04000 0.13500
v 0.29000 -0.04000 0.13500
v 0.29000 -0.04500 0.14000
v 0.29500 -0.04500 0.14000
v 0.29500 -0.04000 0.14000
v 0.29000 -0.04000 0.14000
v 0.29000 -0.04500 0.14000
v 0.29500 -0.04500 0.14000
v 0.29500 -0.04000 0.14000
v 0.29000 -0.04000 0.14000
v 0.29000 -0.04500 0.14500
v 0.29500 -0.04500 0.14500
v 0.29500 -0.04000 0.14500
v 0.29000 -0.04000 0.14500
v 0.29000 -0.04500 0.14500
v 0.29500 -0.04500 0.14500
v 0.29500 -0.04000 0.14500
v 0.29000 -0.04000 0.14500
v 0.29000 -0.04500 0.15000
v 0.29500 -0.04500 0.15000
v 0.29500 -0.04000 0.15000
v 0.29000 -0.04000 0.15000
v 0.29000 -0.04500 0.15000
v 0.29500 -0.04500 0.15000
v 0.29500 -0.04000 0.15000
v 0.29000 -0.04000 0.15000
v 0.29000 -0.04500 0.15500
v 0.29500 -0.04500 0.15500
v 0.29500 -0.04000 0.15500
v 0.29000 -0.04000 0.15500
v 0.29000 -0.04500 0.15500
v 0.29500 -0.04500 0.15500
v 0.29500 -0.04000 0.15500
v 0.29000 -0.04000 0.15500
v 0.29000 -0.04500 0.16000
v 0.29500 -0.04500 0.16000
v 0.29500 -0.04000 0.16000
v 0.29000 -0.04000 0.16000
v 0.29000 -0.04000 0.15000
v 0.29500 -0.04000 0.15000
v 0.29500 -0.03500 0.15000
v 0.29000 -0.03500 0.15000
v 0.29000 -0.04000 0.15500
v 0.29500 -0.04000 0.15500
v 0.29500 -0.03500 0.15500
v 0.29000 -0.03500 0.15500
v 0.29000 -0.04000 0.16000
v 0.29500 -0.04000 0.16000
v 0.29500 -0.03500 0.16000
v 0.29000 -0.03500 0.16000
v 0.29000 -0.04000 0.16500
v 0.29500 -0.04000 0.16500
v 0.29500 -0.03500 0.16500
v 0.29000 -0.03500 0.16500
v 0.29000 -0.04000 0.16500
v 0.29500 -0.04000 0.16500
v 0.29500 -0.03500 0.16500
v 0.29000 -0.03500 0.16500
v 0.29000 -0.04000 0.17000
v 0.29500 -0.04000 0.17000
v 0.29500 -0.03500 0.17000
v 0.29000 -0.03500 0.17000
v 0.29000 -0.04000 0.17500
v 0.29500 -0.04000 0.17500
v 0.29500 -0.03500 0.17500
v 0.29000 -0.03500 0.17500
v 0.29000 -0.04000 0.18000
v 0.29500 -0.04000 0.18000
v 0.29500 -0.03500 0.18000
v 0.29000 -0.03500 0.18000
v 0.29000 -0.04000 0.18000
v 0.29500 -0.04000 0.18000
v 0.29500 -0.03500 0.18000
v 0.29000 -0.03500 0.18000
v 0.29000 -0.04000 0.18500
v 0.29500 -0.04000 0.18500
v 0.29500 -0.03500 0.18500
v 0.29000 -0.03500 0.18500
v 0.29000 -0.03500 0.17000
v 0.29500 -0.03500 0.17000
v 0.29500 -0.03000 0.17000
v 0.29000 -0.03000 0.17000
v 0.29000 -0.03500 0.17500
v 0.29500 -0.03500 0.17500
v 0.29500 -0.03000 0.17500
v 0.29000 -0.03000 0.17500
v 0.29000 -0.03500 0.17500
v 0.29500 -0.03500 0.17500
v 0.29500 -0.03000 0.17500
v 0.29000 -0.03000 0.17500
v 0.29000 -0.03500 0.18000
v 0.29500 -0.03500 0.18000
v 0.29500 -0.03000 0.18000
v 0.29000 -0.03000 0.18000
v 0.29000 -0.03500 0.18500
v 0.29500 -0.03500 0.18500
v 0.29500 -0.03000 0.18500
v 0.29000 -0.03000 0.18500
v 0.29000 -0.03500 0.19000
v 0.29500 -0.03500 0.19000
v 0.29500 -0.03000 0.19000
v 0.29000 -0.03000 0.19000
v 0.29000 -0.03000 0.18500
v 0.29500 -0.03000 0.18500
v 0.29500 -0.02500 0.18500
v 0.29000 -0.02500 0.18500
v 0.29000 -0.03000 0.19000
v 0.29500 -0.03000 0.19000
v 0.29500 -0.02500 0.19000
v 0.29000 -0.02500 0.19000
v 0.29000 -0.02500 0.18500
v 0.29500 -0.02500 0.18500
v 0.29500 -0.02000 0.18500
v 0.29000 -0.02000 0.18500
v 0.29000 -0.02500 0.19000
v 0.29500 -0.02500 0.19000
v 0.29500 -0.02000 0.19000
v 0.29000 -0.02000 0.19000
v 0.29000 -0.02000 0.18500
v 0.29500 -0.02000 0.18500
v 0.29500 -0.01500 0.18500
v 0.29000 -0.01500 0.18500
v 0.29000 -0.02000 0.19000
v 0.29500 -0.02000 0.19000
v 0.29500 -0.01500 0.19000
v 0.29000 -0.01500 0.19000
v 0.29000 -0.01500 0.18500
v 0.29500 -0.01500 0.18500
v 0.29500 -0.01000 0.18500
v 0.29000 -0.01000 0.18500
v 0.29000 -0.01500 0.19000
v 0.29500 -0.01500 0.19000
v 0.29500 -0.01000 0.19000
v 0.29000 -0.01000 0.19000
v 0.29000 -0.01000 0.18500
v 0.29500 -0.01000 0.18500
v 0.29500 -0.00500 0.18500
v 0.29000 -0.00500 0.18500
v 0.29000 -0.01000 0.19000
v 0.29500 -0.01000 0.19000
v 0.29500 -0.00500 0.19000
v 0.29000 -0.00500 0.19000
v 0.29000 -0.00500 0.18500
v 0.29500 -0.00500 0.18500
v 0.29500 0.00000 0.18500
v 0.29000 0.00000 0.18500
v 0.29000 -0.00500 0.19000
v 0.29500 -0.00500 0.19000
v 0.29500 0.00000 0.19000
v 0.29000 0.00000 0.19000
v 0.29000 0.00000 0.18000
v 0.29500 0.00000 0.18000
v 0.29500 0.00500 0.18000
v 0.29000 0.00500 0.18000
v 0.29000 0.00000 0.18500
v 0.29500 0.00000 0.18500
v 0.29500 0.00500 0.18500
v 0.29000 0.00500 0.18500
v 0.29000 0.00500 0.18000
v 0.29500 0.00500 0.18000
v 0.29500 0.01000 0.18000
v 0.29000 0.01000 0.18000
v 0.29000 0.00500 0.18500
v 0.29500 0.00500 0.18500
v 0.29500 0.01000 0.18500
v 0.29000 0.01000 0.18500
v 0.29000 0.01000 0.18000
v 0.29500 0.01000 0.18000
v 0.29500 0.01500 0.18000
v 0.29000 0.01500 0.18000
v 0.29000 0.01000 0.18500
v 0.29500 0.01000 0.18500
v 0.29500 0.01500 0.18500
v 0.29000 0.01500 0.18500
v 0.29000 0.01500 0.18000
v 0.29500 0.01500 0.18000
v 0.29500 0.02000 0.18000
v 0.29000 0.02000 0.18000
v 0.29000 0.01500 0.18500
v 0.29500 0.01500 0.18500
v 0.29500 0.02000 0.18500
v 0.29000 0.02000 0.18500
v 0.29000 0.02000 0.18000
v 0.29500 0.02000 0.18000
v 0.29500 0.02500 0.18000
v 0.29000 0.02500 0.18000
v 0.29000 0.02000 0.18500
v 0.29500 0.02000 0.18500
v 0.29500 0.02500 0.18500
v 0.29000 0.02500 0.18500
v 0.29000 0.02500 0.17500
v 0.29500 0.02500 0.17500
v 0.29500 0.03000 0.17500
v 0.29000 0.03000 0.17500
v 0.29000 0.02500 0.18000
v 0.29500 0.02500 0.18000
v 0.29500 0.03000 0.18000
v 0.29000 0.03000 0.18000
v 0.29000 0.03000 0.17500
v 0.29500 0.03000 0.17500
v 0.29500 0.03500 0.17500
v 0.29000 0.03500 0.17500
v 0.29000 0.03000 0.18000
v 0.29500 0.03000 0.18000
v 0.29500 0.03500 0.18000
v 0.29000 0.03500 0.18000
v 0.29000 0.03500 0.14500
v 0.29500 0.03500 0.14500
v 0.29500 0.04000 0.14500
v 0.29000 0.04000 0.14500
v 0.29000 0.03500 0.15000
v 0.29500 0.03500 0.15000
v 0.29500 0.04000 0.15000
v 0.29000 0.04000 0.15000
v 0.29000 0.03500 0.15000
v 0.29500 0.03500 0.15000
v 0.29500 0.04000 0.15000
v 0.29000 0.04000 0.15000
v 0.29000 0.03500 0.15500
v 0.29500 0.03500 0.15500
v 0.29500 0.04000 0.15500
v 0.29000 0.04000 0.15500
v 0.29000 0.03500 0.15500
v 0.29500 0.03500 0.15500
v 0.29500 0.04000 0.15500
v 0.29000 0.04000 0.15500
v 0.29000 0.03500 0.16000
v 0.29500 0.03500 0.16000
v 0.29500 0.04000 0.16000
v 0.29000 0.04000 0.16000
v 0.29000 0.03500 0.16000
v 0.29500 0.03500 0.16000
v 0.29500 0.04000 0.16000
v 0.29000 0.04000 0.16000
v 0.29000 0.03500 0.16500
v 0.29500 0.03500 0.16500
v 0.29500 0.04000 0.16500
v 0.29000 0.04000 0.16500
v 0.29000 0.03500 0.16500
v 0.29500 0.03500 0.16500
v 0.29500 0.04000 0.16500
v 0.29000 0.04000 0.16500
v 0.29000 0.03500 0.17000
v 0.29500 0.03500 0.17000
v 0.29500 0.04000 0.17000
v 0.29000 0.04000 0.17000
v 0.29000 0.03500 0.17000
v 0.29500 0.03500 0.17000
v 0.29500 0.04000 0.17000
v 0.29000 0.04000 0.17000
v 0.29000 0.03500 0.17500
v 0.29500 0.03500 0.17500
v 0.29500 0.04000 0.17500
v 0.29000 0.04000 0.17500
v 0.29000 0.04000 0.00000
v 0.29500 0.04000 0.00000
v 0.29500 0.04500 0.00000
v 0.29000 0.04500 0.00000
v 0.29000 0.04000 0.00500
v 0.29500 0.04000 0.00500
v 0.29500 0.04500 0.00500
v 0.29000 0.04500 0.00500
v 0.29000 0.04000 0.14500
v 0.29500 0.04000 0.14500
v 0.29500 0.04500 0.14500
v 0.29000 0.04500 0.14500
v 0.29000 0.04000 0.15000
v 0.29500 0.04000 0.15000
v 0.29500 0.04500 0.15000
v 0.29000 0.04500 0.15000
v 0.29000 0.04500 0.00000
v 0.29500 0.04500 0.00000
v 0.29500 0.05000 0.00000
v 0.29000 0.05000 0.00000
v 0.29000 0.04500 0.00500
v 0.29500 0.04500 0.00500
v 0.29500 0.05000 0.00500
v 0.29000 0.05000 0.00500
v 0.29000 0.04500 0.00500
v 0.29500 0.04500 0.00500
v 0.29500 0.05000 0.00500
v 0.29000 0.05000 0.00500
v 0.29000 0.04500 0.01000
v 0.29500 0.04500 0.01000
v 0.29500 0.05000 0.01000
v 0.29000 0.05000 0.01000
v 0.29000 0.04500 0.01000
v 0.29500 0.04500 0.01000
v 0.29500 0.05000 0.01000
v 0.29000 0.05000 0.01000
v 0.29000 0.04500 0.01500
v 0.29500 0.04500 0.01500
v 0.29500 0.05000 0.01500
v 0.29000 0.05000 0.01500
v 0.29000 0.04500 0.01500
v 0.29500 0.04500 0.01500
v 0.29500 0.05000 0.01500
v 0.29000 0.05000 0.01500
v 0.29000 0.04500 0.02000
v 0.29500 0.04500 0.02000
v 0.29500 0.05000 0.02000
v 0.29000 0.05000 0.02000
v 0.29000 0.04500 0.02000
v 0.29500 0.04500 0.02000
v 0.29500 0.05000 0.02000
v 0.29000 0.05000 0.02000
v 0.29000 0.04500 0.02500
v 0.29500 0.04500 0.02500
v 0.29500 0.05000 0.02500
v 0.29000 0.05000 0.02500
v 0.29000 0.04500 0.02500
v 0.29500 0.04500 0.02500
v 0.29500 0.05000 0.02500
v 0.29000 0.05000 0.02500
v 0.29000 0.04500 0.03000
v 0.29500 0.04500 0.03000
v 0.29500 0.05000 0.03000
v 0.29000 0.05000 0.03000
v 0.29000 0.04500 0.03000
v 0.29500 0.04500 0.03000
v 0.29500 0.05000 0.03000
v 0.29000 0.05000 0.03000
v 0.29000 0.04500 0.03500
v 0.29500 0.04500 0.03500
v 0.29500 0.05000 0.03500
v 0.29000 0.05000 0.03500
v 0.29000 0.04500 0.03500
v 0.29500 0.04500 0.03500
v 0.29500 0.05000 0.03500
v 0.29000 0.05000 0.03500
v 0.29000 0.04500 0.04000
v 0.29500 0.04500 0.04000
v 0.29500 0.05000 0.04000
v 0.29000 0.05000 0.04000
v 0.29000 0.04500 0.04000
v 0.29500 0.04500 0.04000
v 0.29500 0.05000 0.04000
v 0.29000 0.05000 0.04000
v 0.29000 0.04500 0.04500
v 0.29500 0.04500 0.04500
v 0.29500 0.05000 0.04500
v 0.29000 0.05000 0.04500
v 0.29000 0.04500 0.04500
v 0.29500 0.04500 0.04500
v 0.29500 0.05000 0.04500
v 0.29000 0.05000 0.04500
v 0.29000 0.04500 0.05000
v 0.29500 0.04500 0.05000
v 0.29500 0.05000 0.05000
v 0.29000 0.05000 0.05000
v 0.29000 0.04500 0.05000
v 0.29500 0.04500 0.05000
v 0.29500 0.05000 0.05000
v 0.29000 0.05000 0.05000
v 0.29000 0.04500 0.05500
v 0.29500 0.04500 0.05500
v 0.29500 0.05000 0.05500
v 0.29000 0.05000 0.05500
v 0.29000 0.04500 0.05500
v 0.29500 0.04500 0.05500
v 0.29500 0.05000 0.05500
v 0.29000 0.05000 0.05500
v 0.29000 0.04500 0.06000
v 0.29500 0.04500 0.06000
v 0.29500 0.05000 0.06000
v 0.29000 0.05000 0.06000
v 0.29000 0.04500 0.06000
v 0.29500 0.04500 0.06000
v 0.29500 0.05000 0.06000
v 0.29000 0.05000 0.06000
v 0.29000 0.04500 0.06500
v 0.29500 0.04500 0.06500
v 0.29500 0.05000 0.06500
v 0.29000 0.05000 0.06500
v 0.29000 0.04500 0.06500
v 0.29500 0.04500 0.06500
v 0.29500 0.05000 0.06500
v 0.29000 0.05000 0.06500
v 0.29000 0.04500 0.07000
v 0.29500 0.04500 0.07000
v 0.29500 0.05000 0.07000
v 0.29000 0.05000 0.07000
v 0.29000 0.04500 0.07000
v 0.29500 0.04500 0.07000
v 0.29500 0.05000 0.07000
v 0.29000 0.05000 0.07000
v 0.29000 0.04500 0.07500
v 0.29500 0.04500 0.07500
v 0.29500 0.05000 0.07500
v 0.29000 0.05000 0.07500
v 0.29000 0.04500 0.07500
v 0.29500 0.04500 0.07500
v 0.29500 0.05000 0.07500
v 0.29000 0.05000 0.07500
v 0.29000 0.04500 0.08000
v 0.29500 0.04500 0.08000
v 0.29500 0.05000 0.08000
v 0.29000 0.05000 0.08000
v 0.29000 0.04500 0.08000
v 0.29500 0.04500 0.08000
v 0.29500 0.05000 0.08000
v 0.29000 0.05000 0.08000
v 0.29000 0.04500 0.08500
v 0.29500 0.04500 0.08500
v 0.29500 0.05000 0.08500
v 0.29000 0.05000 0.08500
v 0.29000 0.04500 0.08500
v 0.29500 0.04500 0.08500
v 0.29500 0.05000 0.08500
v 0.29000 0.05000 0.08500
v 0.29000 0.04500 0.09000
v 0.29500 0.04500 0.09000
v 0.29500 0.05000 0.09000
v 0.29000 0.05000 0.09000
v 0.29000 0.04500 0.09000
v 0.29500 0.04500 0.09000
v 0.29500 0.05000 0.09000
v 0.29000 0.05000 0.09000
v 0.29000 0.04500 0.09500
v 0.29500 0.04500 0.09500
v 0.29500 0.05000 0.09500
v 0.29000 0.05000 0.09500
v 0.29000 0.04500 0.09500
v 0.29500 0.04500 0.09500
v 0.29500 0.05000 0.09500
v 0.29000 0.05000 0.09500
v 0.29000 0.04500 0.10000
v 0.29500 0.04500 0.10000
v 0.29500 0.05000 0.10000
v 0.29000 0.05000 0.10000
v 0.29000 0.04500 0.10000
v 0.29500 0.04500 0.10000
v 0.29500 0.05000 0.10000
v 0.29000 0.05000 0.10000
v 0.29000 0.04500 0.10500
v 0.29500 0.04500 0.10500
v 0.29500 0.05000 0.10500
v 0.29000 0.05000 0.10500
v 0.29000 0.04500 0.10500
v 0.29500 0.04500 0.10500
v 0.29500 0.05000 0.10500
v 0.29000 0.05000 0.10500
v 0.29000 0.04500 0.11000
v 0.29500 0.04500 0.11000
v 0.29500 0.05000 0.11000
v 0.29000 0.05000 0.11000
v 0.29000 0.04500 0.11000
v 0.29500 0.04500 0.11000
v 0.29500 0.05000 0.11000
v 0.29000 0.05000 0.11000
v 0.29000 0.04500 0.11500
v 0.29500 0.04500 0.11500
v 0.29500 0.05000 0.11500
v 0.29000 0.05000 0.11500
v 0.29000 0.04500 0.11500
v 0.29500 0.04500 0.11500
v 0.29500 0.05000 0.11500
v 0.29000 0.05000 0.11500
v 0.29000 0.04500 0.12000
v 0.29500 0.04500 0.12000
v 0.29500 0.05000 0.12000
v 0.29000 0.05000 0.12000
v 0.29000 0.04500 0.12000
v 0.29500 0.04500 0.12000
v 0.29500 0.05000 0.12000
v 0.29000 0.05000 0.12000
v 0.29000 0.04500 0.12500
v 0.29500 0.04500 0.12500
v 0.29500 0.05000 0.12500
v 0.29000 0.05000 0.12500
v 0.29000 0.04500 0.12500
v 0.29500 0.04500 0.12500
v 0.29500 0.05000 0.12500
v 0.29000 0.05000 0.12500
v 0.29000 0.04500 0.13000
v 0.29500 0.04500 0.13000
v 0.29500 0.05000 0.13000
v 0.29000 0.05000 0.13000
v 0.29000 0.04500 0.13000
v 0.29500 0.04500 0.13000
v 0.29500 0.05000 0.13000
v 0.29000 0.05000 0.13000
v 0.29000 0.04500 0.13500
v 0.29500 0.04500 0.13500
v 0.29500 0.05000 0.13500
v 0.29000 0.05000 0.13500
v 0.29000 0.04500 0.13500
v 0.29500 0.04500 0.13500
v 0.29500 0.05000 0.13500
v 0.29000 0.05000 0.13500
v 0.29000 0.04500 0.14000
v 0.29500 0.04500 0.14000
v 0.29500 0.05000 0.14000
v 0.29000 0.05000 0.14000
v 0.29000 0.04500 0.14000
v 0.29500 0.04500 0.14000
v 0.29500 0.05000 0.14000
v 0.29000 0.05000 0.14000
v 0.29000 0.04500 0.14500
v 0.29500 0.04500 0.14500
v 0.29500 0.05000 0.14500
v 0.29000 0.05000 0.14500
v 0.29500 -0.05000 0.01000
v 0.30000 -0.05000 0.01000
v 0.30000 -0.04500 0.01000
v 0.29500 -0.04500 0.01000
v 0.29500 -0.05000 0.01500
v 0.30000 -0.05000 0.01500
v 0.30000 -0.04500 0.01500
v 0.29500 -0.04500 0.01500
v 0.29500 -0.05000 0.01500
v 0.30000 -0.05000 0.01500
v 0.30000 -0.04500 0.01500
v 0.29500 -0.04500 0.01500
v 0.29500 -0.05000 0.02000
v 0.30000 -0.05000 0.02000
v 0.30000 -0.04500 0.02000
v 0.29500 -0.04500 0.02000
v 0.29500 -0.05000 0.02000
v 0.30000 -0.05000 0.02000
v 0.30000 -0.04500 0.02000
v 0.29500 -0.04500 0.02000
v 0.29500 -0.05000 0.02500
v 0.30000 -0.05000 0.02500
v 0.30000 -0.04500 0.02500
v 0.29500 -0.04500 0.02500
v 0.29500 -0.05000 0.02500
v 0.30000 -0.05000 0.02500
v 0.30000 -0.04500 0.02500
v 0.29500 -0.04500 0.02500
v 0.29500 -0.05000 0.03000
v 0.30000 -0.05000 0.03000
v 0.30000 -0.04500 0.03000
v 0.29500 -0.04500 0.03000
v 0.29500 -0.05000 0.03000
v 0.30000 -0.05000 0.03000
v 0.30000 -0.04500 0.03000
v 0.29500 -0.04500 0.03000
v 0.29500 -0.05000 0.03500
v 0.30000 -0.05000 0.03500
v 0.30000 -0.04500 0.03500
v 0.29500 -0.04500 0.03500
v 0.29500 -0.05000 0.03500
v 0.30000 -0.05000 0.03500
v 0.30000 -0.04500 0.03500
v 0.29500 -0.04500 0.03500
v 0.29500 -0.05000 0.04000
v 0.30000 -0.05000 0.04000
v 0.30000 -0.04500 0.04000
v 0.29500 -0.04500 0.04000
v 0.29500 -0.05000 0.04000
v 0.30000 -0.05000 0.04000
v 0.30000 -0.04500 0.04000
v 0.29500 -0.04500 0.04000
v 0.29500 -0.05000 0.04500
v 0.30000 -0.05000 0.04500
v 0.30000 -0.04500 0.04500
v 0.29500 -0.04500 0.04500
v 0.29500 -0.05000 0.04500
v 0.30000 -0.05000 0.04500
v 0.30000 -0.04500 0.04500
v 0.29500 -0.04500 0.04500
v 0.29500 -0.05000 0.05000
v 0.30000 -0.05000 0.05000
v 0.30000 -0.04500 0.05000
v 0.29500 -0.04500 0.05000
v 0.29500 -0.05000 0.05000
v 0.30000 -0.05000 0.05000
v 0.30000 -0.04500 0.05000
v 0.29500 -0.04500 0.05000
v 0.29500 -0.05000 0.05500
v 0.30000 -0.05000 0.05500
v 0.30000 -0.04500 0.05500
v 0.29500 -0.04500 0.05500
v 0.29500 -0.05000 0.05500
v 0.30000 -0.05000 0.05500
v 0.30000 -0.04500 0.05500
v 0.29500 -0.04500 0.05500
v 0.29500 -0.05000 0.06000
v 0.30000 -0.05000 0.06000
v 0.30000 -0.04500 0.06000
v 0.29500 -0.04500 0.06000
v 0.29500 -0.05000 0.06000
v 0.30000 -0.05000 0.06000
v 0.30000 -0.04500 0.06000
v 0.29500 -0.04500 0.06000
v 0.29500 -0.05000 0.06500
v 0.30000 -0.05000 0.06500
v 0.30000 -0.04500 0.06500
v 0.29500 -0.04500 0.06500
v 0.29500 -0.05000 0.06500
v 0.30000 -0.05000 0.06500
v 0.30000 -0.04500 0.06500
v 0.29500 -0.04500 0.06500
v 0.29500 -0.05000 0.07000
v 0.30000 -0.05000 0.07000
v 0.30000 -0.04500 0.07000
v 0.29500 -0.04500 0.07000
v 0.29500 -0.05000 0.07000
v 0.30000 -0.05000 0.07000
v 0.30000 -0.04500 0.07000
v 0.29500 -0.04500 0.07000
v 0.29500 -0.05000 0.07500
v 0.30000 -0.05000 0.07500
v 0.30000 -0.04500 0.07500
v 0.29500 -0.04500 0.07500
v 0.29500 -0.05000 0.07500
v 0.30000 -0.05000 0.07500
v 0.30000 -0.04500 0.07500
v 0.29500 -0.04500 0.07500
v 0.29500 -0.05000 0.08000
v 0.30000 -0.05000 0.08000
v 0.30000 -0.04500 0.08000
v 0.29500 -0.04500 0.08000
v 0.29500 -0.05000 0.08000
v 0.30000 -0.05000 0.08000
v 0.30000 -0.04500 0.08000
v 0.29500 -0.04500 0.08000
v 0.29500 -0.05000 0.08500
v 0.30000 -0.05000 0.08500
v 0.30000 -0.04500 0.08500
v 0.29500 -0.04500 0.08500
v 0.29500 -0.05000 0.08500
v 0.30000 -0.05000 0.08500
v 0.30000 -0.04500 0.08500
v 0.29500 -0.04500 0.08500
v 0.29500 -0.05000 0.09000
v 0.30000 -0.05000 0.09000
v 0.30000 -0.04500 0.09000
v 0.29500 -0.04500 0.09000
v 0.29500 -0.05000 0.09000
v 0.30000 -0.05000 0.09000
v 0.30000 -0.04500 0.09000
v 0.29500 -0.04500 0.09000
v 0.29500 -0.05000 0.09500
v 0.30000 -0.05000 0.09500
v 0.30000 -0.04500 0.09500
v 0.29500 -0.04500 0.09500
v 0.29500 -0.05000 0.09500
v 0.30000 -0.05000 0.09500
v 0.30000 -0.04500 0.09500
v 0.29500 -0.04500 0.09500
v 0.29500 -0.05000 0.10000
v 0.30000 -0.05000 0.10000
v 0.30000 -0.04500 0.10000
v 0.29500 -0.04500 0.10000
v 0.29500 -0.05000 0.10000
v 0.30000 -0.05000 0.10000
v 0.30000 -0.04500 0.10000
v 0.29500 -0.04500 0.10000
v 0.29500 -0.05000 0.10500
v 0.30000 -0.05000 0.10500
v 0.30000 -0.04500 0.10500
v 0.29500 -0.04500 0.10500
v 0.29500 -0.05000 0.10500
v 0.30000 -0.05000 0.10500
v 0.30000 -0.04500 0.10500
v 0.29500 -0.04500 0.10500
v 0.29500 -0.05000 0.11000
v 0.30000 -0.05000 0.11000
v 0.30000 -0.04500 0.11000
v 0.29500 -0.04500 0.11000
v 0.29500 -0.05000 0.11000
v 0.30000 -0.05000 0.11000
v 0.30000 -0.04500 0.11000
v 0.29500 -0.04500 0.11000
v 0.29500 -0.05000 0.11500
v 0.30000 -0.05000 0.11500
v 0.30000 -0.04500 0.11500
v 0.29500 -0.04500 0.11500
v 0.29500 -0.05000 0.11500
v 0.30000 -0.05000 0.11500
v 0.30000 -0.04500 0.11500
v 0.29500 -0.04500 0.11500
v 0.29500 -0.05000 0.12000
v 0.30000 -0.05000 0.12000
v 0.30000 -0.04500 0.12000
v 0.29500 -0.04500 0.12000
v 0.29500 -0.05000 0.12000
v 0.30000 -0.05000 0.12000
v 0.30000 -0.04500 0.12000
v 0.29500 -0.04500 0.12000
v 0.29500 -0.05000 0.12500
v 0.30000 -0.05000 0.12500
v 0.30000 -0.04500 0.12500
v 0.29500 -0.04500 0.12500
v 0.29500 -0.05000 0.12500
v 0.30000 -0.05000 0.12500
v 0.30000 -0.04500 0.12500
v 0.29500 -0.04500 0.12500
v 0.29500 -0.05000 0.13000
v 0.30000 -0.05000 0.13000
v 0.30000 -0.04500 0.13000
v 0.29500 -0.04500 0.13000
v 0.29500 -0.05000 0.13000
v 0.30000 -0.05000 0.13000
v 0.30000 -0.04500 0.13000
v 0.29500 -0.04500 0.13000
v 0.29500 -0.05000 0.13500
v 0.30000 -0.05000 0.13500
v 0.30000 -0.04500 0.13500
v 0.29500 -0.04500 0.13500
v 0.29500 -0.04500 0.00000
v 0.30000 -0.04500 0.00000
v 0.30000 -0.04000 0.00000
v 0.29500 -0.04000 0.00000
v 0.29500 -0.04500 0.00500
v 0.30000 -0.04500 0.00500
v 0.30000 -0.04000 0.00500
v 0.29500 -0.04000 0.00500
v 0.29500 -0.04500 0.00500
v 0.30000 -0.04500 0.00500
v 0.30000 -0.04000 0.00500
v 0.29500 -0.04000 0.00500
v 0.29500 -0.04500 0.01000
v 0.30000 -0.04500 0.01000
v 0.30000 -0.04000 0.01000
v 0.29500 -0.04000 0.01000
v 0.29500 -0.04500 0.13500
v 0.30000 -0.04500 0.13500
v 0.30000 -0.04000 0.13500
v 0.29500 -0.04000 0.13500
v 0.29500 -0.04500 0.14000
v 0.30000 -0.04500 0.14000
v 0.30000 -0.04000 0.14000
v 0.29500 -0.04000 0.14000
v 0.29500 -0.04500 0.14000
v 0.30000 -0.04500 0.14000
v 0.30000 -0.04000 0.14000
v 0.29500 -0.04000 0.14000
v 0.29500 -0.04500 0.14500
v 0.30000 -0.04500 0.14500
v 0.30000 -0.04000 0.14500
v 0.29500 -0.04000 0.14500
v 0.29500 -0.04500 0.14500
v 0.30000 -0.04500 0.14500
v 0.30000 -0.04000 0.14500
v 0.29500 -0.04000 0.14500
v 0.29500 -0.04500 0.15000
v 0.30000 -0.04500 0.15000
v 0.30000 -0.04000 0.15000
v 0.29500 -0.04000 0.15000
v 0.29500 -0.04500 0.15000
v 0.30000 -0.04500 0.15000
v 0.30000 -0.04000 0.15000
v 0.29500 -0.04000 0.15000
v 0.29500 -0.04500 0.15500
v 0.30000 -0.04500 0.15500
v 0.30000 -0.04000 0.15500
v 0.29500 -0.04000 0.15500
v 0.29500 -0.04500 0.15500
v 0.30000 -0.04500 0.15500
v 0.30000 -0.04000 0.15500
v 0.29500 -0.04000 0.15500
v 0.29500 -0.04500 0.16000
v 0.30000 -0.04500 0.16000
v 0.30000 -0.04000 0.16000
v 0.29500 -0.04000 0.16000
v 0.29500 -0.04500 0.16000
v 0.30000 -0.04500 0.16000
v 0.30000 -0.04000 0.16000
v 0.29500 -0.04000 0.16000
v 0.29500 -0.04500 0.16500
v 0.30000 -0.04500 0.16500
v 0.30000 -0.04000 0.16500
v 0.29500 -0.04000 0.16500
v 0.29500 -0.04500 0.16500
v 0.30000 -0.04500 0.16500
v 0.30000 -0.04000 0.16500
v 0.29500 -0.04000 0.16500
v 0.29500 -0.04500 0.17000
v 0.30000 -0.04500 0.17000
v 0.30000 -0.04000 0.17000
v 0.29500 -0.04000 0.17000
v 0.29500 -0.04500 0.17000
v 0.30000 -0.04500 0.17000
v 0.30000 -0.04000 0.17000
v 0.29500 -0.04000 0.17000
v 0.29500 -0.04500 0.17500
v 0.30000 -0.04500 0.17500
v 0.30000 -0.04000 0.17500
v 0.29500 -0.04000 0.17500
v 0.29500 -0.04000 0.17000
v 0.30000 -0.04000 0.17000
v 0.30000 -0.03500 0.17000
v 0.29500 -0.03500 0.17000
v 0.29500 -0.04000 0.17500
v 0.30000 -0.04000 0.17500
v 0.30000 -0.03500 0.17500
v 0.29500 -0.03500 0.17500
v 0.29500 -0.04000 0.17500
v 0.30000 -0.04000 0.17500
v 0.30000 -0.03500 0.17500
v 0.29500 -0.03500 0.17500
v 0.29500 -0.04000 0.18000
v 0.30000 -0.04000 0.18000
v 0.30000 -0.03500 0.18000
v 0.29500 -0.03500 0.18000
v 0.29500 -0.04000 0.18000
v 0.30000 -0.04000 0.18000
v 0.30000 -0.03500 0.18000
v 0.29500 -0.03500 0.18000
v 0.29500 -0.04000 0.18500
v 0.30000 -0.04000 0.18500
v 0.30000 -0.03500 0.18500
v 0.29500 -0.03500 0.18500
v 0.29500 -0.03500 0.18000
v 0.30000 -0.03500 0.18000
v 0.30000 -0.03000 0.18000
v 0.29500 -0.03000 0.18000
v 0.29500 -0.03500 0.18500
v 0.30000 -0.03500 0.18500
v 0.30000 -0.03000 0.18500
v 0.29500 -0.03000 0.18500
v 0.29500 -0.03000 0.18500
v 0.30000 -0.03000 0.18500
v 0.30000 -0.02500 0.18500
v 0.29500 -0.02500 0.18500
v 0.29500 -0.03000 0.19000
v 0.30000 -0.03000 0.19000
v 0.30000 -0.02500 0.19000
v 0.29500 -0.02500 0.19000
v 0.29500 -0.02500 0.18500
v 0.30000 -0.02500 0.18500
v 0.30000 -0.02000 0.18500
v 0.29500 -0.02000 0.18500
v 0.29500 -0.02500 0.19000
v 0.30000 -0.02500 0.19000
v 0.30000 -0.02000 0.19000
v 0.29500 -0.02000 0.19000
v 0.29500 -0.02000 0.18500
v 0.30000 -0.02000 0.18500
v 0.30000 -0.01500 0.18500
v 0.29500 -0.01500 0.18500
v 0.29500 -0.02000 0.19000
v 0.30000 -0.02000 0.19000
v 0.30000 -0.01500 0.19000
v 0.29500 -0.01500 0.19000
v 0.29500 -0.01500 0.18500
v 0.30000 -0.01500 0.18500
v 0.30000 -0.01000 0.18500
v 0.29500 -0.01000 0.18500
v 0.29500 -0.01500 0.19000
v 0.30000 -0.01500 0.19000
v 0.30000 -0.01000 0.19000
v 0.29500 -0.01000 0.19000
v 0.29500 -0.01000 0.18500
v 0.30000 -0.01000 0.18500
v 0.30000 -0.00500 0.18500
v 0.29500 -0.00500 0.18500
v 0.29500 -0.01000 0.19000
v 0.30000 -0.01000 0.19000
v 0.30000 -0.00500 0.19000
v 0.29500 -0.00500 0.19000
v 0.29500 -0.00500 0.18500
v 0.30000 -0.00500 0.18500
v 0.30000 0.00000 0.18500
v 0.29500 0.00000 0.18500
v 0.29500 -0.00500 0.19000
v 0.30000 -0.00500 0.19000
v 0.30000 0.00000 0.19000
v 0.29500 0.00000 0.19000
v 0.29500 0.00000 0.18000
v 0.30000 0.00000 0.18000
v 0.30000 0.00500 0.18000
v 0.29500 0.00500 0.18000
v 0.29500 0.00000 0.18500
v 0.30000 0.00000 0.18500
v 0.30000 0.00500 0.18500
v 0.29500 0.00500 0.18500
v 0.29500 0.00500 0.18000
v 0.30000 0.00500 0.18000
v 0.30000 0.01000 0.18000
v 0.29500 0.01000 0.18000
v 0.29500 0.00500 0.18500
v 0.30000 0.00500 0.18500
v 0.30000 0.01000 0.18500
v 0.29500 0.01000 0.18500
v 0.29500 0.01000 0.18000
v 0.30000 0.01000 0.18000
v 0.30000 0.01500 0.18000
v 0.29500 0.01500 0.18000
v 0.29500 0.01000 0.18500
v 0.30000 0.01000 0.18500
v 0.30000 0.01500 0.18500
v 0.29500 0.01500 0.18500
v 0.29500 0.01500 0.18000
v 0.30000 0.01500 0.18000
v 0.30000 0.02000 0.18000
v 0.29500 0.02000 0.18000
v 0.29500 0.01500 0.18500
v 0.30000 0.01500 0.18500
v 0.30000 0.02000 0.18500
v 0.29500 0.02000 0.18500
v 0.29500 0.02000 0.17500
v 0.30000 0.02000 0.17500
v 0.30000 0.02500 0.17500
v 0.29500 0.02500 0.17500
v 0.29500 0.02000 0.18000
v 0.30000 0.02000 0.18000
v 0.30000 0.02500 0.18000
v 0.29500 0.02500 0.18000
v 0.29500 0.02500 0.17500
v 0.30000 0.02500 0.17500
v 0.30000 0.03000 0.17500
v 0.29500 0.03000 0.17500
v 0.29500 0.02500 0.18000
v 0.30000 0.02500 0.18000
v 0.30000 0.03000 0.18000
v 0.29500 0.03000 0.18000
v 0.29500 0.03000 0.17500
v 0.30000 0.03000 0.17500
v 0.30000 0.03500 0.17500
v 0.29500 0.03500 0.17500
v 0.29500 0.03000 0.18000
v 0.30000 0.03000 0.18000
v 0.30000 0.03500 0.18000
v 0.29500 0.03500 0.18000
v 0.29500 0.03500 0.16500
v 0.30000 0.03500 0.16500
v 0.30000 0.04000 0.16500
v 0.29500 0.04000 0.16500
v 0.29500 0.03500 0.17000
v 0.30000 0.03500 0.17000
v 0.30000 0.04000 0.17000
v 0.29500 0.04000 0.17000
v 0.29500 0.03500 0.17000
v 0.30000 0.03500 0.17000
v 0.30000 0.04000 0.17000
v 0.29500 0.04000 0.17000
v 0.29500 0.03500 0.17500
v 0.30000 0.03500 0.17500
v 0.30000 0.04000 0.17500
v 0.29500 0.04000 0.17500
v 0.29500 0.04000 0.14000
v 0.30000 0.04000 0.14000
v 0.30000 0.04500 0.14000
v 0.29500 0.04500 0.14000
v 0.29500 0.04000 0.14500
v 0.30000 0.04000 0.14500
v 0.30000 0.04500 0.14500
v 0.29500 0.04500 0.14500
v 0.29500 0.04000 0.14500
v 0.30000 0.04000 0.14500
v 0.30000 0.04500 0.14500
v 0.29500 0.04500 0.14500
v 0.29500 0.04000 0.15000
v 0.30000 0.04000 0.15000
v 0.30000 0.04500 0.15000
v 0.29500 0.04500 0.15000
v 0.29500 0.04000 0.15000
v 0.30000 0.04000 0.15000
v 0.30000 0.04500 0.15000
v 0.29500 0.04500 0.15000
v 0.29500 0.04000 0.15500
v 0.30000 0.04000 0.15500
v 0.30000 0.04500 0.15500
v 0.29500 0.04500 0.15500
v 0.29500 0.04000 0.15500
v 0.30000 0.04000 0.15500
v 0.30000 0.04500 0.15500
v 0.29500 0.04500 0.15500
v 0.29500 0.04000 0.16000
v 0.30000 0.04000 0.16000
v 0.30000 0.04500 0.16000
v 0.29500 0.04500 0.16000
v 0.29500 0.04000 0.16000
v 0.30000 0.04000 0.16000
v 0.30000 0.04500 0.16000
v 0.29500 0.04500 0.16000
v 0.29500 0.04000 0.16500
v 0.30000 0.04000 0.16500
v 0.30000 0.04500 0.16500
v 0.29500 0.04500 0.16500
v 0.29500 0.04500 0.00000
v 0.30000 0.04500 0.00000
v 0.30000 0.05000 0.00000
v 0.29500 0.05000 0.00000
v 0.29500 0.04500 0.00500
v 0.30000 0.04500 0.00500
v 0.30000 0.05000 0.00500
v 0.29500 0.05000 0.00500
v 0.29500 0.04500 0.00500
v 0.30000 0.04500 0.00500
v 0.30000 0.05000 0.00500
v 0.29500 0.05000 0.00500
v 0.29500 0.04500 0.01000
v 0.30000 0.04500 0.01000
v 0.30000 0.05000 0.01000
v 0.29500 0.05000 0.01000
v 0.29500 0.04500 0.01000
v 0.30000 0.04500 0.01000
v 0.30000 0.05000 0.01000
v 0.29500 0.05000 0.01000
v 0.29500 0.04500 0.01500
v 0.30000 0.04500 0.01500
v 0.30000 0.05000 0.01500
v 0.29500 0.05000 0.01500
v 0.29500 0.04500 0.01500
v 0.30000 0.04500 0.01500
v 0.30000 0.05000 0.01500
v 0.29500 0.05000 0.01500
v 0.29500 0.04500 0.02000
v 0.30000 0.04500 0.02000
v 0.30000 0.05000 0.02000
v 0.29500 0.05000 0.02000
v 0.29500 0.04500 0.02000
v 0.30000 0.04500 0.02000
v 0.30000 0.05000 0.02000
v 0.29500 0.05000 0.02000
v 0.29500 0.04500 0.02500
v 0.30000 0.04500 0.02500
v 0.30000 0.05000 0.02500
v 0.29500 0.05000 0.02500
v 0.29500 0.04500 0.02500
v 0.30000 0.04500 0.02500
v 0.30000 0.05000 0.02500
v 0.29500 0.05000 0.02500
v 0.29500 0.04500 0.03000
v 0.30000 0.04500 0.03000
v 0.30000 0.05000 0.03000
v 0.29500 0.05000 0.03000
v 0.29500 0.04500 0.03000
v 0.30000 0.04500 0.03000
v 0.30000 0.05000 0.03000
v 0.29500 0.05000 0.03000
v 0.29500 0.04500 0.03500
v 0.30000 0.04500 0.03500
v 0.30000 0.05000 0.03500
v 0.29500 0.05000 0.03500
v 0.29500 0.04500 0.03500
v 0.30000 0.04500 0.03500
v 0.30000 0.05000 0.03500
v 0.29500 0.05000 0.03500
v 0.29500 0.04500 0.04000
v 0.30000 0.04500 0.04000
v 0.30000 0.05000 0.04000
v 0.29500 0.05000 0.04000
v 0.29500 0.04500 0.04000
v 0.30000 0.04500 0.04000
v 0.30000 0.05000 0.04000
v 0.29500 0.05000 0.04000
v 0.29500 0.04500 0.04500
v 0.30000 0.04500 0.04500
v 0.30000 0.05000 0.04500
v 0.29500 0.05000 0.04500
v 0.29500 0.04500 0.04500
v 0.30000 0.04500 0.04500
v 0.30000 0.05000 0.04500
v 0.29500 0.05000 0.04500
v 0.29500 0.04500 0.05000
v 0.30000 0.04500 0.05000
v 0.30000 0.05000 0.05000
v 0.29500 0.05000 0.05000
v 0.29500 0.04500 0.05000
v 0.30000 0.04500 0.05000
v 0.30000 0.05000 0.05000
v 0.29500 0.05000 0.05000
v 0.29500 0.04500 0.05500
v 0.30000 0.04500 0.05500
v 0.30000 0.05000 0.05500
v 0.29500 0.05000 0.05500
v 0.29500 0.04500 0.05500
v 0.30000 0.04500 0.05500
v 0.30000 0.05000 0.05500
v 0.29500 0.05000 0.05500
v 0.29500 0.04500 0.06000
v 0.30000 0.04500 0.06000
v 0.30000 0.05000 0.06000
v 0.29500 0.05000 0.06000
v 0.29500 0.04500 0.06000
v 0.30000 0.04500 0.06000
v 0.30000 0.05000 0.06000
v 0.29500 0.05000 0.06000
v 0.29500 0.04500 0.06500
v 0.30000 0.04500 0.06500
v 0.30000 0.05000 0.06500
v 0.29500 0.05000 0.06500
v 0.29500 0.04500 0.06500
v 0.30000 0.04500 0.06500
v 0.30000 0.05000 0.06500
v 0.29500 0.05000 0.06500
v 0.29500 0.04500 0.07000
v 0.30000 0.04500 0.07000
v 0.30000 0.05000 0.07000
v 0.29500 0.05000 0.07000
v 0.29500 0.04500 0.07000
v 0.30000 0.04500 0.07000
v 0.30000 0.05000 0.07000
v 0.29500 0.05000 0.07000
v 0.29500 0.04500 0.07500
v 0.30000 0.04500 0.07500
v 0.30000 0.05000 0.07500
v 0.29500 0.05000 0.07500
v 0.29500 0.04500 0.07500
v 0.30000 0.04500 0.07500
v 0.30000 0.05000 0.07500
v 0.29500 0.05000 0.07500
v 0.29500 0.04500 0.08000
v 0.30000 0.04500 0.08000
v 0.30000 0.05000 0.08000
v 0.29500 0.05000 0.08000
v 0.29500 0.04500 0.08000
v 0.30000 0.04500 0.08000
v 0.30000 0.05000 0.08000
v 0.29500 0.05000 0.08000
v 0.29500 0.04500 0.08500
v 0.30000 0.04500 0.08500
v 0.30000 0.05000 0.08500
v 0.29500 0.05000 0.08500
v 0.29500 0.04500 0.08500
v 0.30000 0.04500 0.08500
v 0.30000 0.05000 0.08500
v 0.29500 0.05000 0.08500
v 0.29500 0.04500 0.09000
v 0.30000 0.04500 0.09000
v 0.30000 0.05000 0.09000
v 0.29500 0.05000 0.09000
v 0.29500 0.04500 0.09000
v 0.30000 0.04500 0.09000
v 0.30000 0.05000 0.09000
v 0.29500 0.05000 0.09000
v 0.29500 0.04500 0.09500
v 0.30000 0.04500 0.09500
v 0.30000 0.05000 0.09500
v 0.29500 0.05000 0.09500
v 0.29500 0.04500 0.09500
v 0.30000 0.04500 0.09500
v 0.30000 0.05000 0.09500
v 0.29500 0.05000 0.09500
v 0.29500 0.04500 0.10000
v 0.30000 0.04500 0.10000
v 0.30000 0.05000 0.10000
v 0.29500 0.05000 0.10000
v 0.29500 0.04500 0.10000
v 0.30000 0.04500 0.10000
v 0.30000 0.05000 0.10000
v 0.29500 0.05000 0.10000
v 0.29500 0.04500 0.10500
v 0.30000 0.04500 0.10500
v 0.30000 0.05000 0.10500
v 0.29500 0.05000 0.10500
v 0.29500 0.04500 0.10500
v 0.30000 0.04500 0.10500
v 0.30000 0.05000 0.10500
v 0.29500 0.05000 0.10500
v 0.29500 0.04500 0.11000
v 0.30000 0.04500 0.11000
v 0.30000 0.05000 0.11000
v 0.29500 0.05000 0.11000
v 0.29500 0.04500 0.11000
v 0.30000 0.04500 0.11000
v 0.30000 0.05000 0.11000
v 0.29500 0.05000 0.11000
v 0.29500 0.04500 0.11500
v 0.30000 0.04500 0.11500
v 0.30000 0.05000 0.11500
v 0.29500 0.05000 0.11500
v 0.29500 0.04500 0.11500
v 0.30000 0.04500 0.11500
v 0.30000 0.05000 0.11500
v 0.29500 0.05000 0.11500
v 0.29500 0.04500 0.12000
v 0.30000 0.04500 0.12000
v 0.30000 0.05000 0.12000
v 0.29500 0.05000 0.12000
v 0.29500 0.04500 0.12000
v 0.30000 0.04500 0.12000
v 0.30000 0.05000 0.12000
v 0.29500 0.05000 0.12000
v 0.29500 0.04500 0.12500
v 0.30000 0.04500 0.12500
v 0.30000 0.05000 0.12500
v 0.29500 0.05000 0.12500
v 0.29500 0.04500 0.12500
v 0.30000 0.04500 0.12500
v 0.30000 0.05000 0.12500
v 0.29500 0.05000 0.12500
v 0.29500 0.04500 0.13000
v 0.30000 0.04500 0.13000
v 0.30000 0.05000 0.13000
v 0.29500 0.05000 0.13000
v 0.29500 0.04500 0.13000
v 0.30000 0.04500 0.13000
v 0.30000 0.05000 0.13000
v 0.29500 0.05000 0.13000
v 0.29500 0.04500 0.13500
v 0.30000 0.04500 0.13500
v 0.30000 0.05000 0.13500
v 0.29500 0.05000 0.13500
v 0.29500 0.04500 0.13500
v 0.30000 0.04500 0.13500
v 0.30000 0.05000 0.13500
v 0.29500 0.05000 0.13500
v 0.29500 0.04500 0.14000
v 0.30000 0.04500 0.14000
v 0.30000 0.05000 0.14000
v 0.29500 0.05000 0.14000
v 0.29500 0.04500 0.14000
v 0.30000 0.04500 0.14000
v 0.30000 0.05000 0.14000
v 0.29500 0.05000 0.14000
v 0.29500 0.04500 0.14500
v 0.30000 0.04500 0.14500
v 0.30000 0.05000 0.14500
v 0.29500 0.05000 0.14500
v 0.30000 -0.05000 0.00000
v 0.30500 -0.05000 0.00000
v 0.30500 -0.04500 0.00000
v 0.30000 -0.04500 0.00000
v 0.30000 -0.05000 0.00500
v 0.30500 -0.05000 0.00500
v 0.30500 -0.04500 0.00500
v 0.30000 -0.04500 0.00500
v 0.30000 -0.05000 0.00500
v 0.30500 -0.05000 0.00500
v 0.30500 -0.04500 0.00500
v 0.30000 -0.04500 0.00500
v 0.30000 -0.05000 0.01000
v 0.30500 -0.05000 0.01000
v 0.30500 -0.04500 0.01000
v 0.30000 -0.04500 0.01000
v 0.30000 -0.05000 0.01000
v 0.30500 -0.05000 0.01000
v 0.30500 -0.04500 0.01000
v 0.30000 -0.04500 0.01000
v 0.30000 -0.05000 0.01500
v 0.30500 -0.05000 0.01500
v 0.30500 -0.04500 0.01500
v 0.30000 -0.04500 0.01500
v 0.30000 -0.05000 0.01500
v 0.30500 -0.05000 0.01500
v 0.30500 -0.04500 0.01500
v 0.30000 -0.04500 0.01500
v 0.30000 -0.05000 0.02000
v 0.30500 -0.05000 0.02000
v 0.30500 -0.04500 0.02000
v 0.30000 -0.04500 0.02000
v 0.30000 -0.05000 0.02000
v 0.30500 -0.05000 0.02000
v 0.30500 -0.04500 0.02000
v 0.30000 -0.04500 0.02000
v 0.30000 -0.05000 0.02500
v 0.30500 -0.05000 0.02500
v 0.30500 -0.04500 0.02500
v 0.30000 -0.04500 0.02500
v 0.30000 -0.05000 0.02500
v 0.30500 -0.05000 0.02500
v 0.30500 -0.04500 0.02500
v 0.30000 -0.04500 0.02500
v 0.30000 -0.05000 0.03000
v 0.30500 -0.05000 0.03000
v 0.30500 -0.04500 0.03000
v 0.30000 -0.04500 0.03000
v 0.30000 -0.05000 0.03000
v 0.30500 -0.05000 0.03000
v 0.30500 -0.04500 0.03000
v 0.30000 -0.04500 0.03000
v 0.30000 -0.05000 0.03500
v 0.30500 -0.05000 0.03500
v 0.30500 -0.04500 0.03500
v 0.30000 -0.04500 0.03500
v 0.30000 -0.05000 0.03500
v 0.30500 -0.05000 0.03500
v 0.30500 -0.04500 0.03500
v 0.30000 -0.04500 0.03500
v 0.30000 -0.05000 0.04000
v 0.30500 -0.05000 0.04000
v 0.30500 -0.04500 0.04000
v 0.30000 -0.04500 0.04000
v 0.30000 -0.05000 0.04000
v 0.30500 -0.05000 0.04000
v 0.30500 -0.04500 0.04000
v 0.30000 -0.04500 0.04000
v 0.30000 -0.05000 0.04500
v 0.30500 -0.05000 0.04500
v 0.30500 -0.04500 0.04500
v 0.30000 -0.04500 0.04500
v 0.30000 -0.05000 0.04500
v 0.30500 -0.05000 0.04500
v 0.30500 -0.04500 0.04500
v 0.30000 -0.04500 0.04500
v 0.30000 -0.05000 0.05000
v 0.30500 -0.05000 0.05000
v 0.30500 -0.04500 0.05000
v 0.30000 -0.04500 0.05000
v 0.30000 -0.05000 0.05000
v 0.30500 -0.05000 0.05000
v 0.30500 -0.04500 0.05000
v 0.30000 -0.04500 0.05000
v 0.30000 -0.05000 0.05500
v 0.30500 -0.05000 0.05500
v 0.30500 -0.04500 0.05500
v 0.30000 -0.04500 0.05500
v 0.30000 -0.05000 0.05500
v 0.30500 -0.05000 0.05500
v 0.30500 -0.04500 0.05500
v 0.30000 -0.04500 0.05500
v 0.30000 -0.05000 0.06000
v 0.30500 -0.05000 0.06000
v 0.30500 -0.04500 0.06000
v 0.30000 -0.04500 0.06000
v 0.30000 -0.05000 0.06000
v 0.30500 -0.05000 0.06000
v 0.30500 -0.04500 0.06000
v 0.30000 -0.04500 0.06000
v 0.30000 -0.05000 0.06500
v 0.30500 -0.05000 0.06500
v 0.30500 -0.04500 0.06500
v 0.30000 -0.04500 0.06500
v 0.30000 -0.05000 0.06500
v 0.30500 -0.05000 0.06500
v 0.30500 -0.04500 0.06500
v 0.30000 -0.04500 0.06500
v 0.30000 -0.05000 0.07000
v 0.30500 -0.05000 0.07000
v 0.30500 -0.04500 0.07000
v 0.30000 -0.04500 0.07000
v 0.30000 -0.05000 0.07000
v 0.30500 -0.05000 0.07000
v 0.30500 -0.04500 0.07000
v 0.30000 -0.04500 0.07000
v 0.30000 -0.05000 0.07500
v 0.30500 -0.05000 0.07500
v 0.30500 -0.04500 0.07500
v 0.30000 -0.04500 0.07500
v 0.30000 -0.05000 0.07500
v 0.30500 -0.05000 0.07500
v 0.30500 -0.04500 0.07500
v 0.30000 -0.04500 0.07500
v 0.30000 -0.05000 0.08000
v 0.30500 -0.05000 0.08000
v 0.30500 -0.04500 0.08000
v 0.30000 -0.04500 0.08000
v 0.30000 -0.05000 0.08000
v 0.30500 -0.05000 0.08000
v 0.30500 -0.04500 0.08000
v 0.30000 -0.04500 0.08000
v 0.30000 -0.05000 0.08500
v 0.30500 -0.05000 0.08500
v 0.30500 -0.04500 0.08500
v 0.30000 -0.04500 0.08500
v 0.30000 -0.05000 0.08500
v 0.30500 -0.05000 0.08500
v 0.30500 -0.04500 0.08500
v 0.30000 -0.04500 0.08500
v 0.30000 -0.05000 0.09000
v 0.30500 -0.05000 0.09000
v 0.30500 -0.04500 0.09000
v 0.30000 -0.04500 0.09000
v 0.30000 -0.05000 0.09000
v 0.30500 -0.05000 0.09000
v 0.30500 -0.04500 0.09000
v 0.30000 -0.04500 0.09000
v 0.30000 -0.05000 0.09500
v 0.30500 -0.05000 0.09500
v 0.30500 -0.04500 0.09500
v 0.30000 -0.04500 0.09500
v 0.30000 -0.05000 0.09500
v 0.30500 -0.05000 0.09500
v 0.30500 -0.04500 0.09500
v 0.30000 -0.04500 0.09500
v 0.30000 -0.05000 0.10000
v 0.30500 -0.05000 0.10000
v 0.30500 -0.04500 0.10000
v 0.30000 -0.04500 0.10000
v 0.30000 -0.05000 0.10000
v 0.30500 -0.05000 0.10000
v 0.30500 -0.04500 0.10000
v 0.30000 -0.04500 0.10000
v 0.30000 -0.05000 0.10500
v 0.30500 -0.05000 0.10500
v 0.30500 -0.04500 0.10500
v 0.30000 -0.04500 0.10500
v 0.30000 -0.05000 0.10500
v 0.30500 -0.05000 0.10500
v 0.30500 -0.04500 0.10500
v 0.30000 -0.04500 0.10500
v 0.30000 -0.05000 0.11000
v 0.30500 -0.05000 0.11000
v 0.30500 -0.04500 0.11000
v 0.30000 -0.04500 0.11000
v 0.30000 -0.05000 0.11000
v 0.30500 -0.05000 0.11000
v 0.30500 -0.04500 0.11000
v 0.30000 -0.04500 0.11000
v 0.30000 -0.05000 0.11500
v 0.30500 -0.05000 0.11500
v 0.30500 -0.04500 0.11500
v 0.30000 -0.04500 0.11500
v 0.30000 -0.05000 0.11500
v 0.30500 -0.05000 0.11500
v 0.30500 -0.04500 0.11500
v 0.30000 -0.04500 0.11500
v 0.30000 -0.05000 0.12000
v 0.30500 -0.05000 0.12000
v 0.30500 -0.04500 0.12000
v 0.30000 -0.04500 0.12000
v 0.30000 -0.05000 0.12000
v 0.30500 -0.05000 0.12000
v 0.30500 -0.04500 0.12000
v 0.30000 -0.04500 0.12000
v 0.30000 -0.05000 0.12500
v 0.30500 -0.05000 0.12500
v 0.30500 -0.04500 0.12500
v 0.30000 -0.04500 0.12500
v 0.30000 -0.05000 0.12500
v 0.30500 -0.05000 0.12500
v 0.30500 -0.04500 0.12500
v 0.30000 -0.04500 0.12500
v 0.30000 -0.05000 0.13000
v 0.30500 -0.05000 0.13000
v 0.30500 -0.04500 0.13000
v 0.30000 -0.04500 0.13000
v 0.30000 -0.05000 0.13000
v 0.30500 -0.05000 0.13000
v 0.30500 -0.04500 0.13000
v 0.30000 -0.04500 0.13000
v 0.30000 -0.05000 0.13500
v 0.30500 -0.05000 0.13500
v 0.30500 -0.04500 0.13500
v 0.30000 -0.04500 0.13500
v 0.30000 -0.05000 0.13500
v 0.30500 -0.05000 0.13500
v 0.30500 -0.04500 0.13500
v 0.30000 -0.04500 0.13500
v 0.30000 -0.05000 0.14000
v 0.30500 -0.05000 0.14000
v 0.30500 -0.04500 0.14000
v 0.30000 -0.04500 0.14000
v 0.30000 -0.05000 0.14000
v 0.30500 -0.05000 0.14000
v 0.30500 -0.04500 0.14000
v 0.30000 -0.04500 0.14000
v 0.30000 -0.05000 0.14500
v 0.30500 -0.05000 0.14500
v 0.30500 -0.04500 0.14500
v 0.30000 -0.04500 0.14500
v 0.30000 -0.04500 0.14500
v 0.30500 -0.04500 0.14500
v 0.30500 -0.04000 0.14500
v 0.30000 -0.04000 0.14500
v 0.30000 -0.04500 0.15000
v 0.30500 -0.04500 0.15000
v 0.30500 -0.04000 0.15000
v 0.30000 -0.04000 0.15000
v 0.30000 -0.04500 0.15000
v 0.30500 -0.04500 0.15000
v 0.30500 -0.04000 0.15000
v 0.30000 -0.04000 0.15000
v 0.30000 -0.04500 0.15500
v 0.30500 -0.04500 0.15500
v 0.30500 -0.04000 0.15500
v 0.30000 -0.04000 0.15500
v 0.30000 -0.04500 0.15500
v 0.30500 -0.04500 0.15500
v 0.30500 -0.04000 0.15500
v 0.30000 -0.04000 0.15500
v 0.30000 -0.04500 0.16000
v 0.30500 -0.04500 0.16000
v 0.30500 -0.04000 0.16000
v 0.30000 -0.04000 0.16000
v 0.30000 -0.04500 0.16000
v 0.30500 -0.04500 0.16000
v 0.30500 -0.04000 0.16000
v 0.30000 -0.04000 0.16000
v 0.30000 -0.04500 0.16500
v 0.30500 -0.04500 0.16500
v 0.30500 -0.04000 0.16500
v 0.30000 -0.04000 0.16500
v 0.30000 -0.04500 0.16500
v 0.30500 -0.04500 0.16500
v 0.30500 -0.04000 0.16500
v 0.30000 -0.04000 0.16500
v 0.30000 -0.04500 0.17000
v 0.30500 -0.04500 0.17000
v 0.30500 -0.04000 0.17000
v 0.30000 -0.04000 0.17000
v 0.30000 -0.04000 0.17000
v 0.30500 -0.04000 0.17000
v 0.30500 -0.03500 0.17000
v 0.30000 -0.03500 0.17000
v 0.30000 -0.04000 0.17500
v 0.30500 -0.04000 0.17500
v 0.30500 -0.03500 0.17500
v 0.30000 -0.03500 0.17500
v 0.30000 -0.04000 0.17500
v 0.30500 -0.04000 0.17500
v 0.30500 -0.03500 0.17500
v 0.30000 -0.03500 0.17500
v 0.30000 -0.04000 0.18000
v 0.30500 -0.04000 0.18000
v 0.30500 -0.03500 0.18000
v 0.30000 -0.03500 0.18000
v 0.30000 -0.04000 0.18000
v 0.30500 -0.04000 0.18000
v 0.30500 -0.03500 0.18000
v 0.30000 -0.03500 0.18000
v 0.30000 -0.04000 0.18500
v 0.30500 -0.04000 0.18500
v 0.30500 -0.03500 0.18500
v 0.30000 -0.03500 0.18500
v 0.30000 -0.03500 0.18500
v 0.30500 -0.03500 0.18500
v 0.30500 -0.03000 0.18500
v 0.30000 -0.03000 0.18500
v 0.30000 -0.03500 0.19000
v 0.30500 -0.03500 0.19000
v 0.30500 -0.03000 0.19000
v 0.30000 -0.03000 0.19000
v 0.30000 -0.03000 0.18500
v 0.30500 -0.03000 0.18500
v 0.30500 -0.02500 0.18500
v 0.30000 -0.02500 0.18500
v 0.30000 -0.03000 0.19000
v 0.30500 -0.03000 0.19000
v 0.30500 -0.02500 0.19000
v 0.30000 -0.02500 0.19000
v 0.30000 -0.02500 0.18500
v 0.30500 -0.02500 0.18500
v 0.30500 -0.02000 0.18500
v 0.30000 -0.02000 0.18500
v 0.30000 -0.02500 0.19000
v 0.30500 -0.02500 0.19000
v 0.30500 -0.02000 0.19000
v 0.30000 -0.02000 0.19000
v 0.30000 -0.02000 0.18500
v 0.30500 -0.02000 0.18500
v 0.30500 -0.01500 0.18500
v 0.30000 -0.01500 0.18500
v 0.30000 -0.02000 0.19000
v 0.30500 -0.02000 0.19000
v 0.30500 -0.01500 0.19000
v 0.30000 -0.01500 0.19000
v 0.30000 -0.01500 0.18500
v 0.30500 -0.01500 0.18500
v 0.30500 -0.01000 0.18500
v 0.30000 -0.01000 0.18500
v 0.30000 -0.01500 0.19000
v 0.30500 -0.01500 0.19000
v 0.30500 -0.01000 0.19000
v 0.30000 -0.01000 0.19000
v 0.30000 -0.01000 0.18500
v 0.30500 -0.01000 0.18500
v 0.30500 -0.00500 0.18500
v 0.30000 -0.00500 0.18500
v 0.30000 -0.01000 0.19000
v 0.30500 -0.01000 0.19000
v 0.30500 -0.00500 0.19000
v 0.30000 -0.00500 0.19000
v 0.30000 -0.00500 0.18000
v 0.30500 -0.00500 0.18000
v 0.30500 0.00000 0.18000
v 0.30000 0.00000 0.18000
v 0.30000 -0.00500 0.18500
v 0.30500 -0.00500 0.18500
v 0.30500 0.00000 0.18500
v 0.30000 0.00000 0.18500
v 0.30000 0.00000 0.18000
v 0.30500 0.00000 0.18000
v 0.30500 0.00500 0.18000
v 0.30000 0.00500 0.18000
v 0.30000 0.00000 0.18500
v 0.30500 0.00000 0.18500
v 0.30500 0.00500 0.18500
v 0.30000 0.00500 0.18500
v 0.30000 0.00500 0.18000
v 0.30500 0.00500 0.18000
v 0.30500 0.01000 0.18000
v 0.30000 0.01000 0.18000
v 0.30000 0.00500 0.18500
v 0.30500 0.00500 0.18500
v 0.30500 0.01000 0.18500
v 0.30000 0.01000 0.18500
v 0.30000 0.01000 0.18000
v 0.30500 0.01000 0.18000
v 0.30500 0.01500 0.18000
v 0.30000 0.01500 0.18000
v 0.30000 0.01000 0.18500
v 0.30500 0.01000 0.18500
v 0.30500 0.01500 0.18500
v 0.30000 0.01500 0.18500
v 0.30000 0.01500 0.18000
v 0.30500 0.01500 0.18000
v 0.30500 0.02000 0.18000
v 0.30000 0.02000 0.18000
v 0.30000 0.01500 0.18500
v 0.30500 0.01500 0.18500
v 0.30500 0.02000 0.18500
v 0.30000 0.02000 0.18500
v 0.30000 0.02000 0.17500
v 0.30500 0.02000 0.17500
v 0.30500 0.02500 0.17500
v 0.30000 0.02500 0.17500
v 0.30000 0.02000 0.18000
v 0.30500 0.02000 0.18000
v 0.30500 0.02500 0.18000
v 0.30000 0.02500 0.18000
v 0.30000 0.02500 0.17500
v 0.30500 0.02500 0.17500
v 0.30500 0.03000 0.17500
v 0.30000 0.03000 0.17500
v 0.30000 0.02500 0.18000
v 0.30500 0.02500 0.18000
v 0.30500 0.03000 0.18000
v 0.30000 0.03000 0.18000
v 0.30000 0.03000 0.17500
v 0.30500 0.03000 0.17500
v 0.30500 0.03500 0.17500
v 0.30000 0.03500 0.17500
v 0.30000 0.03000 0.18000
v 0.30500 0.03000 0.18000
v 0.30500 0.03500 0.18000
v 0.30000 0.03500 0.18000
v 0.30000 0.03500 0.17000
v 0.30500 0.03500 0.17000
v 0.30500 0.04000 0.17000
v 0.30000 0.04000 0.17000
v 0.30000 0.03500 0.17500
v 0.30500 0.03500 0.17500
v 0.30500 0.04000 0.17500
v 0.30000 0.04000 0.17500
v 0.30000 0.04000 0.14500
v 0.30500 0.04000 0.14500
v 0.30500 0.04500 0.14500
v 0.30000 0.04500 0.14500
v 0.30000 0.04000 0.15000
v 0.30500 0.04000 0.15000
v 0.30500 0.04500 0.15000
v 0.30000 0.04500 0.15000
v 0.30000 0.04000 0.15000
v 0.30500 0.04000 0.15000
v 0.30500 0.04500 0.15000
v 0.30000 0.04500 0.15000
v 0.30000 0.04000 0.15500
v 0.30500 0.04000 0.15500
v 0.30500 0.04500 0.15500
v 0.30000 0.04500 0.15500
v 0.30000 0.04000 0.15500
v 0.30500 0.04000 0.15500
v 0.30500 0.04500 0.15500
v 0.30000 0.04500 0.15500
v 0.30000 0.04000 0.16000
v 0.30500 0.04000 0.16000
v 0.30500 0.04500 0.16000
v 0.30000 0.04500 0.16000
v 0.30000 0.04000 0.16000
v 0.30500 0.04000 0.16000
v 0.30500 0.04500 0.16000
v 0.30000 0.04500 0.16000
v 0.30000 0.04000 0.16500
v 0.30500 0.04000 0.16500
v 0.30500 0.04500 0.16500
v 0.30000 0.04500 0.16500
v 0.30000 0.04000 0.16500
v 0.30500 0.04000 0.16500
v 0.30500 0.04500 0.16500
v 0.30000 0.04500 0.16500
v 0.30000 0.04000 0.17000
v 0.30500 0.04000 0.17000
v 0.30500 0.04500 0.17000
v 0.30000 0.04500 0.17000
v 0.30000 0.04000 0.17000
v 0.30500 0.04000 0.17000
v 0.30500 0.04500 0.17000
v 0.30000 0.04500 0.17000
v 0.30000 0.04000 0.17500
v 0.30500 0.04000 0.17500
v 0.30500 0.04500 0.17500
v 0.30000 0.04500 0.17500
v 0.30000 0.04500 0.00000
v 0.30500 0.04500 0.00000
v 0.30500 0.05000 0.00000
v 0.30000 0.05000 0.00000
v 0.30000 0.04500 0.00500
v 0.30500 0.04500 0.00500
v 0.30500 0.05000 0.00500
v 0.30000 0.05000 0.00500
v 0.30000 0.04500 0.00500
v 0.30500 0.04500 0.00500
v 0.30500 0.05000 0.00500
v 0.30000 0.05000 0.00500
v 0.30000 0.04500 0.01000
v 0.30500 0.04500 0.01000
v 0.30500 0.05000 0.01000
v 0.30000 0.05000 0.01000
v 0.30000 0.04500 0.01000
v 0.30500 0.04500 0.01000
v 0.30500 0.05000 0.01000
v 0.30000 0.05000 0.01000
v 0.30000 0.04500 0.01500
v 0.30500 0.04500 0.01500
v 0.30500 0.05000 0.01500
v 0.30000 0.05000 0.01500
v 0.30000 0.04500 0.01500
v 0.30500 0.04500 0.01500
v 0.30500 0.05000 0.01500
v 0.30000 0.05000 0.01500
v 0.30000 0.04500 0.02000
v 0.30500 0.04500 0.02000
v 0.30500 0.05000 0.02000
v 0.30000 0.05000 0.02000
v 0.30000 0.04500 0.02000
v 0.30500 0.04500 0.02000
v 0.30500 0.05000 0.02000
v 0.30000 0.05000 0.02000
v 0.30000 0.04500 0.02500
v 0.30500 0.04500 0.02500
v 0.30500 0.05000 0.02500
v 0.30000 0.05000 0.02500
v 0.30000 0.04500 0.02500
v 0.30500 0.04500 0.02500
v 0.30500 0.05000 0.02500
v 0.30000 0.05000 0.02500
v 0.30000 0.04500 0.03000
v 0.30500 0.04500 0.03000
v 0.30500 0.05000 0.03000
v 0.30000 0.05000 0.03000
v 0.30000 0.04500 0.03000
v 0.30500 0.04500 0.03000
v 0.30500 0.05000 0.03000
v 0.30000 0.05000 0.03000
v 0.30000 0.04500 0.03500
v 0.30500 0.04500 0.03500
v 0.30500 0.05000 0.03500
v 0.30000 0.05000 0.03500
v 0.30000 0.04500 0.03500
v 0.30500 0.04500 0.03500
v 0.30500 0.05000 0.03500
v 0.30000 0.05000 0.03500
v 0.30000 0.04500 0.04000
v 0.30500 0.04500 0.04000
v 0.30500 0.05000 0.04000
v 0.30000 0.05000 0.04000
v 0.30000 0.04500 0.04000
v 0.30500 0.04500 0.04000
v 0.30500 0.05000 0.04000
v 0.30000 0.05000 0.04000
v 0.30000 0.04500 0.04500
v 0.30500 0.04500 0.04500
v 0.30500 0.05000 0.04500
v 0.30000 0.05000 0.04500
v 0.30000 0.04500 0.04500
v 0.30500 0.04500 0.04500
v 0.30500 0.05000 0.04500
v 0.30000 0.05000 0.04500
v 0.30000 0.04500 0.05000
v 0.30500 0.04500 0.05000
v 0.30500 0.05000 0.05000
v 0.30000 0.05000 0.05000
v 0.30000 0.04500 0.05000
v 0.30500 0.04500 0.05000
v 0.30500 0.05000 0.05000
v 0.30000 0.05000 0.05000
v 0.30000 0.04500 0.05500
v 0.30500 0.04500 0.05500
v 0.30500 0.05000 0.05500
v 0.30000 0.05000 0.05500
v 0.30000 0.04500 0.05500
v 0.30500 0.04500 0.05500
v 0.30500 0.05000 0.05500
v 0.30000 0.05000 0.05500
v 0.30000 0.04500 0.06000
v 0.30500 0.04500 0.06000
v 0.30500 0.05000 0.06000
v 0.30000 0.05000 0.06000
v 0.30000 0.04500 0.06000
v 0.30500 0.04500 0.06000
v 0.30500 0.05000 0.06000
v 0.30000 0.05000 0.06000
v 0.30000 0.04500 0.06500
v 0.30500 0.04500 0.06500
v 0.30500 0.05000 0.06500
v 0.30000 0.05000 0.06500
v 0.30000 0.04500 0.06500
v 0.30500 0.04500 0.06500
v 0.30500 0.05000 0.06500
v 0.30000 0.05000 0.06500
v 0.30000 0.04500 0.07000
v 0.30500 0.04500 0.07000
v 0.30500 0.05000 0.07000
v 0.30000 0.05000 0.07000
v 0.30000 0.04500 0.07000
v 0.30500 0.04500 0.07000
v 0.30500 0.05000 0.07000
v 0.30000 0.05000 0.07000
v 0.30000 0.04500 0.07500
v 0.30500 0.04500 0.07500
v 0.30500 0.05000 0.07500
v 0.30000 0.05000 0.07500
v 0.30000 0.04500 0.07500
v 0.30500 0.04500 0.07500
v 0.30500 0.05000 0.07500
v 0.30000 0.05000 0.07500
v 0.30000 0.04500 0.08000
v 0.30500 0.04500 0.08000
v 0.30500 0.05000 0.08000
v 0.30000 0.05000 0.08000
v 0.30000 0.04500 0.08000
v 0.30500 0.04500 0.08000
v 0.30500 0.05000 0.08000
v 0.30000 0.05000 0.08000
v 0.30000 0.04500 0.08500
v 0.30500 0.04500 0.08500
v 0.30500 0.05000 0.08500
v 0.30000 0.05000 0.08500
v 0.30000 0.04500 0.08500
v 0.30500 0.04500 0.08500
v 0.30500 0.05000 0.08500
v 0.30000 0.05000 0.08500
v 0.30000 0.04500 0.09000
v 0.30500 0.04500 0.09000
v 0.30500 0.05000 0.09000
v 0.30000 0.05000 0.09000
v 0.30000 0.04500 0.09000
v 0.30500 0.04500 0.09000
v 0.30500 0.05000 0.09000
v 0.30000 0.05000 0.09000
v 0.30000 0.04500 0.09500
v 0.30500 0.04500 0.09500
v 0.30500 0.05000 0.09500
v 0.30000 0.05000 0.09500
v 0.30000 0.04500 0.09500
v 0.30500 0.04500 0.09500
v 0.30500 0.05000 0.09500
v 0.30000 0.05000 0.09500
v 0.30000 0.04500 0.10000
v 0.30500 0.04500 0.10000
v 0.30500 0.05000 0.10000
v 0.30000 0.05000 0.10000
v 0.30000 0.04500 0.10000
v 0.30500 0.04500 0.10000
v 0.30500 0.05000 0.10000
v 0.30000 0.05000 0.10000
v 0.30000 0.04500 0.10500
v 0.30500 0.04500 0.10500
v 0.30500 0.05000 0.10500
v 0.30000 0.05000 0.10500
v 0.30000 0.04500 0.11000
v 0.30500 0.04500 0.11000
v 0.30500 0.05000 0.11000
v 0.30000 0.05000 0.11000
v 0.30000 0.04500 0.11500
v 0.30500 0.04500 0.11500
v 0.30500 0.05000 0.11500
v 0.30000 0.05000 0.11500
v 0.30000 0.04500 0.11500
v 0.30500 0.04500 0.11500
v 0.30500 0.05000 0.11500
v 0.30000 0.05000 0.11500
v 0.30000 0.04500 0.12000
v 0.30500 0.04500 0.12000
v 0.30500 0.05000 0.12000
v 0.30000 0.05000 0.12000
v 0.30000 0.04500 0.12000
v 0.30500 0.04500 0.12000
v 0.30500 0.05000 0.12000
v 0.30000 0.05000 0.12000
v 0.30000 0.04500 0.12500
v 0.30500 0.04500 0.12500
v 0.30500 0.05000 0.12500
v 0.30000 0.05000 0.12500
v 0.30000 0.04500 0.12500
v 0.30500 0.04500 0.12500
v 0.30500 0.05000 0.12500
v 0.30000 0.05000 0.12500
v 0.30000 0.04500 0.13000
v 0.30500 0.04500 0.13000
v 0.30500 0.05000 0.13000
v 0.30000 0.05000 0.13000
v 0.30000 0.04500 0.13000
v 0.30500 0.04500 0.13000
v 0.30500 0.05000 0.13000
v 0.30000 0.05000 0.13000
v 0.30000 0.04500 0.13500
v 0.30500 0.04500 0.13500
v 0.30500 0.05000 0.13500
v 0.30000 0.05000 0.13500
v 0.30000 0.04500 0.13500
v 0.30500 0.04500 0.13500
v 0.30500 0.05000 0.13500
v 0.30000 0.05000 0.13500
v 0.30000 0.04500 0.14000
v 0.30500 0.04500 0.14000
v 0.30500 0.05000 0.14000
v 0.30000 0.05000 0.14000
v 0.30000 0.04500 0.14000
v 0.30500 0.04500 0.14000
v 0.30500 0.05000 0.14000
v 0.30000 0.05000 0.14000
v 0.30000 0.04500 0.14500
v 0.30500 0.04500 0.14500
v 0.30500 0.05000 0.14500
v 0.30000 0.05000 0.14500
v 0.30000 0.04500 0.14500
v 0.30500 0.04500 0.14500
v 0.30500 0.05000 0.14500
v 0.30000 0.05000 0.14500
v 0.30000 0.04500 0.15000
v 0.30500 0.04500 0.15000
v 0.30500 0.05000 0.15000
v 0.30000 0.05000 0.15000
v 0.30000 0.05000 0.10500
v 0.30500 0.05000 0.10500
v 0.30500 0.05500 0.10500
v 0.30000 0.05500 0.10500
v 0.30000 0.05000 0.11000
v 0.30500 0.05000 0.11000
v 0.30500 0.05500 0.11000
v 0.30000 0.05500 0.11000
v 0.30500 -0.05000 0.00000
v 0.31000 -0.05000 0.00000
v 0.31000 -0.04500 0.00000
v 0.30500 -0.04500 0.00000
v 0.30500 -0.05000 0.00500
v 0.31000 -0.05000 0.00500
v 0.31000 -0.04500 0.00500
v 0.30500 -0.04500 0.00500
v 0.30500 -0.05000 0.00500
v 0.31000 -0.05000 0.00500
v 0.31000 -0.04500 0.00500
v 0.30500 -0.04500 0.00500
v 0.30500 -0.05000 0.01000
v 0.31000 -0.05000 0.01000
v 0.31000 -0.04500 0.01000
v 0.30500 -0.04500 0.01000
v 0.30500 -0.05000 0.01000
v 0.31000 -0.05000 0.01000
v 0.31000 -0.04500 0.01000
v 0.30500 -0.04500 0.01000
v 0.30500 -0.05000 0.01500
v 0.31000 -0.05000 0.01500
v 0.31000 -0.04500 0.01500
v 0.30500 -0.04500 0.01500
v 0.30500 -0.05000 0.01500
v 0.31000 -0.05000 0.01500
v 0.31000 -0.04500 0.01500
v 0.30500 -0.04500 0.01500
v 0.30500 -0.05000 0.02000
v 0.31000 -0.05000 0.02000
v 0.31000 -0.04500 0.02000
v 0.30500 -0.04500 0.02000
v 0.30500 -0.05000 0.02000
v 0.31000 -0.05000 0.02000
v 0.31000 -0.04500 0.02000
v 0.30500 -0.04500 0.02000
v 0.30500 -0.05000 0.02500
v 0.31000 -0.05000 0.02500
v 0.31000 -0.04500 0.02500
v 0.30500 -0.04500 0.02500
v 0.30500 -0.05000 0.02500
v 0.31000 -0.05000 0.02500
v 0.31000 -0.04500 0.02500
v 0.30500 -0.04500 0.02500
v 0.30500 -0.05000 0.03000
v 0.31000 -0.05000 0.03000
v 0.31000 -0.04500 0.03000
v 0.30500 -0.04500 0.03000
v 0.30500 -0.05000 0.03000
v 0.31000 -0.05000 0.03000
v 0.31000 -0.04500 0.03000
v 0.30500 -0.04500 0.03000
v 0.30500 -0.05000 0.03500
v 0.31000 -0.05000 0.03500
v 0.31000 -0.04500 0.03500
v 0.30500 -0.04500 0.03500
v 0.30500 -0.05000 0.03500
v 0.31000 -0.05000 0.03500
v 0.31000 -0.04500 0.03500
v 0.30500 -0.04500 0.03500
v 0.30500 -0.05000 0.04000
v 0.31000 -0.05000 0.04000
v 0.31000 -0.04500 0.04000
v 0.30500 -0.04500 0.04000
v 0.30500 -0.05000 0.04000
v 0.31000 -0.05000 0.04000
v 0.31000 -0.04500 0.04000
v 0.30500 -0.04500 0.04000
v 0.30500 -0.05000 0.04500
v 0.31000 -0.05000 0.04500
v 0.31000 -0.04500 0.04500
v 0.30500 -0.04500 0.04500
v 0.30500 -0.05000 0.04500
v 0.31000 -0.05000 0.04500
v 0.31000 -0.04500 0.04500
v 0.30500 -0.04500 0.04500
v 0.30500 -0.05000 0.05000
v 0.31000 -0.05000 0.05000
v 0.31000 -0.04500 0.05000
v 0.30500 -0.04500 0.05000
v 0.30500 -0.05000 0.05000
v 0.31000 -0.05000 0.05000
v 0.31000 -0.04500 0.05000
v 0.30500 -0.04500 0.05000
v 0.30500 -0.05000 0.05500
v 0.31000 -0.05000 0.05500
v 0.31000 -0.04500 0.05500
v 0.30500 -0.04500 0.05500
v 0.30500 -0.05000 0.05500
v 0.31000 -0.05000 0.05500
v 0.31000 -0.04500 0.05500
v 0.30500 -0.04500 0.05500
v 0.30500 -0.05000 0.06000
v 0.31000 -0.05000 0.06000
v 0.31000 -0.04500 0.06000
v 0.30500 -0.04500 0.06000
v 0.30500 -0.05000 0.06000
v 0.31000 -0.05000 0.06000
v 0.31000 -0.04500 0.06000
v 0.30500 -0.04500 0.06000
v 0.30500 -0.05000 0.06500
v 0.31000 -0.05000 0.06500
v 0.31000 -0.04500 0.06500
v 0.30500 -0.04500 0.06500
v 0.30500 -0.05000 0.06500
v 0.31000 -0.05000 0.06500
v 0.31000 -0.04500 0.06500
v 0.30500 -0.04500 0.06500
v 0.30500 -0.05000 0.07000
v 0.31000 -0.05000 0.07000
v 0.31000 -0.04500 0.07000
v 0.30500 -0.04500 0.07000
v 0.30500 -0.05000 0.07000
v 0.31000 -0.05000 0.07000
v 0.31000 -0.04500 0.07000
v 0.30500 -0.04500 0.07000
v 0.30500 -0.05000 0.07500
v 0.31000 -0.05000 0.07500
v 0.31000 -0.04500 0.07500
v 0.30500 -0.04500 0.07500
v 0.30500 -0.05000 0.07500
v 0.31000 -0.05000 0.07500
v 0.31000 -0.04500 0.07500
v 0.30500 -0.04500 0.07500
v 0.30500 -0.05000 0.08000
v 0.31000 -0.05000 0.08000
v 0.31000 -0.04500 0.08000
v 0.30500 -0.04500 0.08000
v 0.30500 -0.05000 0.08000
v 0.31000 -0.05000 0.08000
v 0.31000 -0.04500 0.08000
v 0.30500 -0.04500 0.08000
v 0.30500 -0.05000 0.08500
v 0.31000 -0.05000 0.08500
v 0.31000 -0.04500 0.08500
v 0.30500 -0.04500 0.08500
v 0.30500 -0.05000 0.08500
v 0.31000 -0.05000 0.08500
v 0.31000 -0.04500 0.08500
v 0.30500 -0.04500 0.08500
v 0.30500 -0.05000 0.09000
v 0.31000 -0.05000 0.09000
v 0.31000 -0.04500 0.09000
v 0.30500 -0.04500 0.09000
v 0.30500 -0.05000 0.09000
v 0.31000 -0.05000 0.09000
v 0.31000 -0.04500 0.09000
v 0.30500 -0.04500 0.09000
v 0.30500 -0.05000 0.09500
v 0.31000 -0.05000 0.09500
v 0.31000 -0.04500 0.09500
v 0.30500 -0.04500 0.09500
v 0.30500 -0.05000 0.09500
v 0.31000 -0.05000 0.09500
v 0.31000 -0.04500 0.09500
v 0.30500 -0.04500 0.09500
v 0.30500 -0.05000 0.10000
v 0.31000 -0.05000 0.10000
v 0.31000 -0.04500 0.10000
v 0.30500 -0.04500 0.10000
v 0.30500 -0.05000 0.10000
v 0.31000 -0.05000 0.10000
v 0.31000 -0.04500 0.10000
v 0.30500 -0.04500 0.10000
v 0.30500 -0.05000 0.10500
v 0.31000 -0.05000 0.10500
v 0.31000 -0.04500 0.10500
v 0.30500 -0.04500 0.10500
v 0.30500 -0.05000 0.10500
v 0.31000 -0.05000 0.10500
v 0.31000 -0.04500 0.10500
v 0.30500 -0.04500 0.10500
v 0.30500 -0.05000 0.11000
v 0.31000 -0.05000 0.11000
v 0.31000 -0.04500 0.11000
v 0.30500 -0.04500 0.11000
v 0.30500 -0.05000 0.11000
v 0.31000 -0.05000 0.11000
v 0.31000 -0.04500 0.11000
v 0.30500 -0.04500 0.11000
v 0.30500 -0.05000 0.11500
v 0.31000 -0.05000 0.11500
v 0.31000 -0.04500 0.11500
v 0.30500 -0.04500 0.11500
v 0.30500 -0.05000 0.11500
v 0.31000 -0.05000 0.11500
v 0.31000 -0.04500 0.11500
v 0.30500 -0.04500 0.11500
v 0.30500 -0.05000 0.12000
v 0.31000 -0.05000 0.12000
v 0.31000 -0.04500 0.12000
v 0.30500 -0.04500 0.12000
v 0.30500 -0.05000 0.12000
v 0.31000 -0.05000 0.12000
v 0.31000 -0.04500 0.12000
v 0.30500 -0.04500 0.12000
v 0.30500 -0.05000 0.12500
v 0.31000 -0.05000 0.12500
v 0.31000 -0.04500 0.12500
v 0.30500 -0.04500 0.12500
v 0.30500 -0.05000 0.12500
v 0.31000 -0.05000 0.12500
v 0.31000 -0.04500 0.12500
v 0.30500 -0.04500 0.12500
v 0.30500 -0.05000 0.13000
v 0.31000 -0.05000 0.13000
v 0.31000 -0.04500 0.13000
v 0.30500 -0.04500 0.13000
v 0.30500 -0.05000 0.13000
v 0.31000 -0.05000 0.13000
v 0.31000 -0.04500 0.13000
v 0.30500 -0.04500 0.13000
v 0.30500 -0.05000 0.13500
v 0.31000 -0.05000 0.13500
v 0.31000 -0.04500 0.13500
v 0.30500 -0.04500 0.13500
v 0.30500 -0.05000 0.13500
v 0.31000 -0.05000 0.13500
v 0.31000 -0.04500 0.13500
v 0.30500 -0.04500 0.13500
v 0.30500 -0.05000 0.14000
v 0.31000 -0.05000 0.14000
v 0.31000 -0.04500 0.14000
v 0.30500 -0.04500 0.14000
v 0.30500 -0.05000 0.14000
v 0.31000 -0.05000 0.14000
v 0.31000 -0.04500 0.14000
v 0.30500 -0.04500 0.14000
v 0.30500 -0.05000 0.14500
v 0.31000 -0.05000 0.14500
v 0.31000 -0.04500 0.14500
v 0.30500 -0.04500 0.14500
v 0.30500 -0.05000 0.14500
v 0.31000 -0.05000 0.14500
v 0.31000 -0.04500 0.14500
v 0.30500 -0.04500 0.14500
v 0.30500 -0.05000 0.15000
v 0.31000 -0.05000 0.15000
v 0.31000 -0.04500 0.15000
v 0.30500 -0.04500 0.15000
v 0.30500 -0.04500 0.15000
v 0.31000 -0.04500 0.15000
v 0.31000 -0.04000 0.15000
v 0.30500 -0.04000 0.15000
v 0.30500 -0.04500 0.15500
v 0.31000 -0.04500 0.15500
v 0.31000 -0.04000 0.15500
v 0.30500 -0.04000 0.15500
v 0.30500 -0.04500 0.15500
v 0.31000 -0.04500 0.15500
v 0.31000 -0.04000 0.15500
v 0.30500 -0.04000 0.15500
v 0.30500 -0.04500 0.16000
v 0.31000 -0.04500 0.16000
v 0.31000 -0.04000 0.16000
v 0.30500 -0.04000 0.16000
v 0.30500 -0.04500 0.16000
v 0.31000 -0.04500 0.16000
v 0.31000 -0.04000 0.16000
v 0.30500 -0.04000 0.16000
v 0.30500 -0.04500 0.16500
v 0.31000 -0.04500 0.16500
v 0.31000 -0.04000 0.16500
v 0.30500 -0.04000 0.16500
v 0.30500 -0.04000 0.16500
v 0.31000 -0.04000 0.16500
v 0.31000 -0.03500 0.16500
v 0.30500 -0.03500 0.16500
v 0.30500 -0.04000 0.17000
v 0.31000 -0.04000 0.17000
v 0.31000 -0.03500 0.17000
v 0.30500 -0.03500 0.17000
v 0.30500 -0.04000 0.17000
v 0.31000 -0.04000 0.17000
v 0.31000 -0.03500 0.17000
v 0.30500 -0.03500 0.17000
v 0.30500 -0.04000 0.17500
v 0.31000 -0.04000 0.17500
v 0.31000 -0.03500 0.17500
v 0.30500 -0.03500 0.17500
v 0.30500 -0.04000 0.17500
v 0.31000 -0.04000 0.17500
v 0.31000 -0.03500 0.17500
v 0.30500 -0.03500 0.17500
v 0.30500 -0.04000 0.18000
v 0.31000 -0.04000 0.18000
v 0.31000 -0.03500 0.18000
v 0.30500 -0.03500 0.18000
v 0.30500 -0.03500 0.18000
v 0.31000 -0.03500 0.18000
v 0.31000 -0.03000 0.18000
v 0.30500 -0.03000 0.18000
v 0.30500 -0.03500 0.18500
v 0.31000 -0.03500 0.18500
v 0.31000 -0.03000 0.18500
v 0.30500 -0.03000 0.18500
v 0.30500 -0.03000 0.18000
v 0.31000 -0.03000 0.18000
v 0.31000 -0.02500 0.18000
v 0.30500 -0.02500 0.18000
v 0.30500 -0.03000 0.18500
v 0.31000 -0.03000 0.18500
v 0.31000 -0.02500 0.18500
v 0.30500 -0.02500 0.18500
v 0.30500 -0.02500 0.18500
v 0.31000 -0.02500 0.18500
v 0.31000 -0.02000 0.18500
v 0.30500 -0.02000 0.18500
v 0.30500 -0.02500 0.19000
v 0.31000 -0.02500 0.19000
v 0.31000 -0.02000 0.19000
v 0.30500 -0.02000 0.19000
v 0.30500 -0.02000 0.18000
v 0.31000 -0.02000 0.18000
v 0.31000 -0.01500 0.18000
v 0.30500 -0.01500 0.18000
v 0.30500 -0.02000 0.18500
v 0.31000 -0.02000 0.18500
v 0.31000 -0.01500 0.18500
v 0.30500 -0.01500 0.18500
v 0.30500 -0.01500 0.18000
v 0.31000 -0.01500 0.18000
v 0.31000 -0.01000 0.18000
v 0.30500 -0.01000 0.18000
v 0.30500 -0.01500 0.18500
v 0.31000 -0.01500 0.18500
v 0.31000 -0.01000 0.18500
v 0.30500 -0.01000 0.18500
v 0.30500 -0.01000 0.18000
v 0.31000 -0.01000 0.18000
v 0.31000 -0.00500 0.18000
v 0.30500 -0.00500 0.18000
v 0.30500 -0.01000 0.18500
v 0.31000 -0.01000 0.18500
v 0.31000 -0.00500 0.18500
v 0.30500 -0.00500 0.18500
v 0.30500 -0.00500 0.18000
v 0.31000 -0.00500 0.18000
v 0.31000 0.00000 0.18000
v 0.30500 0.00000 0.18000
v 0.30500 -0.00500 0.18500
v 0.31000 -0.00500 0.18500
v 0.31000 0.00000 0.18500
v 0.30500 0.00000 0.18500
v 0.30500 0.00000 0.18000
v 0.31000 0.00000 0.18000
v 0.31000 0.00500 0.18000
v 0.30500 0.00500 0.18000
v 0.30500 0.00000 0.18500
v 0.31000 0.00000 0.18500
v 0.31000 0.00500 0.18500
v 0.30500 0.00500 0.18500
v 0.30500 0.00500 0.18000
v 0.31000 0.00500 0.18000
v 0.31000 0.01000 0.18000
v 0.30500 0.01000 0.18000
v 0.30500 0.00500 0.18500
v 0.31000 0.00500 0.18500
v 0.31000 0.01000 0.18500
v 0.30500 0.01000 0.18500
v 0.30500 0.01000 0.18000
v 0.31000 0.01000 0.18000
v 0.31000 0.01500 0.18000
v 0.30500 0.01500 0.18000
v 0.30500 0.01000 0.18500
v 0.31000 0.01000 0.18500
v 0.31000 0.01500 0.18500
v 0.30500 0.01500 0.18500
v 0.30500 0.01500 0.18000
v 0.31000 0.01500 0.18000
v 0.31000 0.02000 0.18000
v 0.30500 0.02000 0.18000
v 0.30500 0.01500 0.18500
v 0.31000 0.01500 0.18500
v 0.31000 0.02000 0.18500
v 0.30500 0.02000 0.18500
v 0.30500 0.02000 0.17500
v 0.31000 0.02000 0.17500
v 0.31000 0.02500 0.17500
v 0.30500 0.02500 0.17500
v 0.30500 0.02000 0.18000
v 0.31000 0.02000 0.18000
v 0.31000 0.02500 0.18000
v 0.30500 0.02500 0.18000
v 0.30500 0.02500 0.17500
v 0.31000 0.02500 0.17500
v 0.31000 0.03000 0.17500
v 0.30500 0.03000 0.17500
v 0.30500 0.02500 0.18000
v 0.31000 0.02500 0.18000
v 0.31000 0.03000 0.18000
v 0.30500 0.03000 0.18000
v 0.30500 0.03000 0.17500
v 0.31000 0.03000 0.17500
v 0.31000 0.03500 0.17500
v 0.30500 0.03500 0.17500
v 0.30500 0.03000 0.18000
v 0.31000 0.03000 0.18000
v 0.31000 0.03500 0.18000
v 0.30500 0.03500 0.18000
v 0.30500 0.03500 0.17000
v 0.31000 0.03500 0.17000
v 0.31000 0.04000 0.17000
v 0.30500 0.04000 0.17000
v 0.30500 0.03500 0.17500
v 0.31000 0.03500 0.17500
v 0.31000 0.04000 0.17500
v 0.30500 0.04000 0.17500
v 0.30500 0.04000 0.15000
v 0.31000 0.04000 0.15000
v 0.31000 0.04500 0.15000
v 0.30500 0.04500 0.15000
v 0.30500 0.04000 0.15500
v 0.31000 0.04000 0.15500
v 0.31000 0.04500 0.15500
v 0.30500 0.04500 0.15500
v 0.30500 0.04000 0.15500
v 0.31000 0.04000 0.15500
v 0.31000 0.04500 0.15500
v 0.30500 0.04500 0.15500
v 0.30500 0.04000 0.16000
v 0.31000 0.04000 0.16000
v 0.31000 0.04500 0.16000
v 0.30500 0.04500 0.16000
v 0.30500 0.04000 0.16000
v 0.31000 0.04000 0.16000
v 0.31000 0.04500 0.16000
v 0.30500 0.04500 0.16000
v 0.30500 0.04000 0.16500
v 0.31000 0.04000 0.16500
v 0.31000 0.04500 0.16500
v 0.30500 0.04500 0.16500
v 0.30500 0.04000 0.16500
v 0.31000 0.04000 0.16500
v 0.31000 0.04500 0.16500
v 0.30500 0.04500 0.16500
v 0.30500 0.04000 0.17000
v 0.31000 0.04000 0.17000
v 0.31000 0.04500 0.17000
v 0.30500 0.04500 0.17000
v 0.30500 0.04000 0.17000
v 0.31000 0.04000 0.17000
v 0.31000 0.04500 0.17000
v 0.30500 0.04500 0.17000
v 0.30500 0.04000 0.17500
v 0.31000 0.04000 0.17500
v 0.31000 0.04500 0.17500
v 0.30500 0.04500 0.17500
v 0.30500 0.04500 0.00000
v 0.31000 0.04500 0.00000
v 0.31000 0.05000 0.00000
v 0.30500 0.05000 0.00000
v 0.30500 0.04500 0.00500
v 0.31000 0.04500 0.00500
v 0.31000 0.05000 0.00500
v 0.30500 0.05000 0.00500
v 0.30500 0.04500 0.13500
v 0.31000 0.04500 0.13500
v 0.31000 0.05000 0.13500
v 0.30500 0.05000 0.13500
v 0.30500 0.04500 0.14000
v 0.31000 0.04500 0.14000
v 0.31000 0.05000 0.14000
v 0.30500 0.05000 0.14000
v 0.30500 0.04500 0.14000
v 0.31000 0.04500 0.14000
v 0.31000 0.05000 0.14000
v 0.30500 0.05000 0.14000
v 0.30500 0.04500 0.14500
v 0.31000 0.04500 0.14500
v 0.31000 0.05000 0.14500
v 0.30500 0.05000 0.14500
v 0.30500 0.04500 0.14500
v 0.31000 0.04500 0.14500
v 0.31000 0.05000 0.14500
v 0.30500 0.05000 0.14500
v 0.30500 0.04500 0.15000
v 0.31000 0.04500 0.15000
v 0.31000 0.05000 0.15000
v 0.30500 0.05000 0.15000
v 0.30500 0.05000 0.00500
v 0.31000 0.05000 0.00500
v 0.31000 0.05500 0.00500
v 0.30500 0.05500 0.00500
v 0.30500 0.05000 0.01000
v 0.31000 0.05000 0.01000
v 0.31000 0.05500 0.01000
v 0.30500 0.05500 0.01000
v 0.30500 0.05000 0.01000
v 0.31000 0.05000 0.01000
v 0.31000 0.05500 0.01000
v 0.30500 0.05500 0.01000
v 0.30500 0.05000 0.01500
v 0.31000 0.05000 0.01500
v 0.31000 0.05500 0.01500
v 0.30500 0.05500 0.01500
v 0.30500 0.05000 0.01500
v 0.31000 0.05000 0.01500
v 0.31000 0.05500 0.01500
v 0.30500 0.05500 0.01500
v 0.30500 0.05000 0.02000
v 0.31000 0.05000 0.02000
v 0.31000 0.05500 0.02000
v 0.30500 0.05500 0.02000
v 0.30500 0.05000 0.02000
v 0.31000 0.05000 0.02000
v 0.31000 0.05500 0.02000
v 0.30500 0.05500 0.02000
v 0.30500 0.05000 0.02500
v 0.31000 0.05000 0.02500
v 0.31000 0.05500 0.02500
v 0.30500 0.05500 0.02500
v 0.30500 0.05000 0.02500
v 0.31000 0.05000 0.02500
v 0.31000 0.05500 0.02500
v 0.30500 0.05500 0.02500
v 0.30500 0.05000 0.03000
v 0.31000 0.05000 0.03000
v 0.31000 0.05500 0.03000
v 0.30500 0.05500 0.03000
v 0.30500 0.05000 0.03000
v 0.31000 0.05000 0.03000
v 0.31000 0.05500 0.03000
v 0.30500 0.05500 0.03000
v 0.30500 0.05000 0.03500
v 0.31000 0.05000 0.03500
v 0.31000 0.05500 0.03500
v 0.30500 0.05500 0.03500
v 0.30500 0.05000 0.03500
v 0.31000 0.05000 0.03500
v 0.31000 0.05500 0.03500
v 0.30500 0.05500 0.03500
v 0.30500 0.05000 0.04000
v 0.31000 0.05000 0.04000
v 0.31000 0.05500 0.04000
v 0.30500 0.05500 0.04000
v 0.30500 0.05000 0.04000
v 0.31000 0.05000 0.04000
v 0.31000 0.05500 0.04000
v 0.30500 0.05500 0.04000
v 0.30500 0.05000 0.04500
v 0.31000 0.05000 0.04500
v 0.31000 0.05500 0.04500
v 0.30500 0.05500 0.04500
v 0.30500 0.05000 0.04500
v 0.31000 0.05000 0.04500
v 0.31000 0.05500 0.04500
v 0.30500 0.05500 0.04500
v 0.30500 0.05000 0.05000
v 0.31000 0.05000 0.05000
v 0.31000 0.05500 0.05000
v 0.30500 0.05500 0.05000
v 0.30500 0.05000 0.05000
v 0.31000 0.05000 0.05000
v 0.31000 0.05500 0.05000
v 0.30500 0.05500 0.05000
v 0.30500 0.05000 0.05500
v 0.31000 0.05000 0.05500
v 0.31000 0.05500 0.05500
v 0.30500 0.05500 0.05500
v 0.30500 0.05000 0.05500
v 0.31000 0.05000 0.05500
v 0.31000 0.05500 0.05500
v 0.30500 0.05500 0.05500
v 0.30500 0.05000 0.06000
v 0.31000 0.05000 0.06000
v 0.31000 0.05500 0.06000
v 0.30500 0.05500 0.06000
v 0.30500 0.05000 0.06000
v 0.31000 0.05000 0.06000
v 0.31000 0.05500 0.06000
v 0.30500 0.05500 0.06000
v 0.30500 0.05000 0.06500
v 0.31000 0.05000 0.06500
v 0.31000 0.05500 0.06500
v 0.30500 0.05500 0.06500
v 0.30500 0.05000 0.06500
v 0.31000 0.05000 0.06500
v 0.31000 0.05500 0.06500
v 0.30500 0.05500 0.06500
v 0.30500 0.05000 0.07000
v 0.31000 0.05000 0.07000
v 0.31000 0.05500 0.07000
v 0.30500 0.05500 0.07000
v 0.30500 0.05000 0.07000
v 0.31000 0.05000 0.07000
v 0.31000 0.05500 0.07000
v 0.30500 0.05500 0.07000
v 0.30500 0.05000 0.07500
v 0.31000 0.05000 0.07500
v 0.31000 0.05500 0.07500
v 0.30500 0.05500 0.07500
v 0.30500 0.05000 0.07500
v 0.31000 0.05000 0.07500
v 0.31000 0.05500 0.07500
v 0.30500 0.05500 0.07500
v 0.30500 0.05000 0.08000
v 0.31000 0.05000 0.08000
v 0.31000 0.05500 0.08000
v 0.30500 0.05500 0.08000
v 0.30500 0.05000 0.08000
v 0.31000 0.05000 0.08000
v 0.31000 0.05500 0.08000
v 0.30500 0.05500 0.08000
v 0.30500 0.05000 0.08500
v 0.31000 0.05000 0.08500
v 0.31000 0.05500 0.08500
v 0.30500 0.05500 0.08500
v 0.30500 0.05000 0.08500
v 0.31000 0.05000 0.08500
v 0.31000 0.05500 0.08500
v 0.30500 0.05500 0.08500
v 0.30500 0.05000 0.09000
v 0.31000 0.05000 0.09000
v 0.31000 0.05500 0.09000
v 0.30500 0.05500 0.09000
v 0.30500 0.05000 0.09000
v 0.31000 0.05000 0.09000
v 0.31000 0.05500 0.09000
v 0.30500 0.05500 0.09000
v 0.30500 0.05000 0.09500
v 0.31000 0.05000 0.09500
v 0.31000 0.05500 0.09500
v 0.30500 0.05500 0.09500
v 0.30500 0.05000 0.09500
v 0.31000 0.05000 0.09500
v 0.31000 0.05500 0.09500
v 0.30500 0.05500 0.09500
v 0.30500 0.05000 0.10000
v 0.31000 0.05000 0.10000
v 0.31000 0.05500 0.10000
v 0.30500 0.05500 0.10000
v 0.30500 0.05000 0.10000
v 0.31000 0.05000 0.10000
v 0.31000 0.05500 0.10000
v 0.30500 0.05500 0.10000
v 0.30500 0.05000 0.10500
v 0.31000 0.05000 0.10500
v 0.31000 0.05500 0.10500
v 0.30500 0.05500 0.10500
v 0.30500 0.05000 0.10500
v 0.31000 0.05000 0.10500
v 0.31000 0.05500 0.10500
v 0.30500 0.05500 0.10500
v 0.30500 0.05000 0.11000
v 0.31000 0.05000 0.11000
v 0.31000 0.05500 0.11000
v 0.30500 0.05500 0.11000
v 0.30500 0.05000 0.11000
v 0.31000 0.05000 0.11000
v 0.31000 0.05500 0.11000
v 0.30500 0.05500 0.11000
v 0.30500 0.05000 0.11500
v 0.31000 0.05000 0.11500
v 0.31000 0.05500 0.11500
v 0.30500 0.05500 0.11500
v 0.30500 0.05000 0.11500
v 0.31000 0.05000 0.11500
v 0.31000 0.05500 0.11500
v 0.30500 0.05500 0.11500
v 0.30500 0.05000 0.12000
v 0.31000 0.05000 0.12000
v 0.31000 0.05500 0.12000
v 0.30500 0.05500 0.12000
v 0.30500 0.05000 0.12000
v 0.31000 0.05000 0.12000
v 0.31000 0.05500 0.12000
v 0.30500 0.05500 0.12000
v 0.30500 0.05000 0.12500
v 0.31000 0.05000 0.12500
v 0.31000 0.05500 0.12500
v 0.30500 0.05500 0.12500
v 0.30500 0.05000 0.12500
v 0.31000 0.05000 0.12500
v 0.31000 0.05500 0.12500
v 0.30500 0.05500 0.12500
v 0.30500 0.05000 0.13000
v 0.31000 0.05000 0.13000
v 0.31000 0.05500 0.13000
v 0.30500 0.05500 0.13000
v 0.30500 0.05000 0.13000
v 0.31000 0.05000 0.13000
v 0.31000 0.05500 0.13000
v 0.30500 0.05500 0.13000
v 0.30500 0.05000 0.13500
v 0.31000 0.05000 0.13500
v 0.31000 0.05500 0.13500
v 0.30500 0.05500 0.13500
v 0.31000 -0.05000 0.00000
v 0.31500 -0.05000 0.00000
v 0.31500 -0.04500 0.00000
v 0.31000 -0.04500 0.00000
v 0.31000 -0.05000 0.00500
v 0.31500 -0.05000 0.00500
v 0.31500 -0.04500 0.00500
v 0.31000 -0.04500 0.00500
v 0.31000 -0.05000 0.00500
v 0.31500 -0.05000 0.00500
v 0.31500 -0.04500 0.00500
v 0.31000 -0.04500 0.00500
v 0.31000 -0.05000 0.01000
v 0.31500 -0.05000 0.01000
v 0.31500 -0.04500 0.01000
v 0.31000 -0.04500 0.01000
v 0.31000 -0.05000 0.01000
v 0.31500 -0.05000 0.01000
v 0.31500 -0.04500 0.01000
v 0.31000 -0.04500 0.01000
v 0.31000 -0.05000 0.01500
v 0.31500 -0.05000 0.01500
v 0.31500 -0.04500 0.01500
v 0.31000 -0.04500 0.01500
v 0.31000 -0.05000 0.01500
v 0.31500 -0.05000 0.01500
v 0.31500 -0.04500 0.01500
v 0.31000 -0.04500 0.01500
v 0.31000 -0.05000 0.02000
v 0.31500 -0.05000 0.02000
v 0.31500 -0.04500 0.02000
v 0.31000 -0.04500 0.02000
v 0.31000 -0.05000 0.02000
v 0.31500 -0.05000 0.02000
v 0.31500 -0.04500 0.02000
v 0.31000 -0.04500 0.02000
v 0.31000 -0.05000 0.02500
v 0.31500 -0.05000 0.02500
v 0.31500 -0.04500 0.02500
v 0.31000 -0.04500 0.02500
v 0.31000 -0.05000 0.02500
v 0.31500 -0.05000 0.02500
v 0.31500 -0.04500 0.02500
v 0.31000 -0.04500 0.02500
v 0.31000 -0.05000 0.03000
v 0.31500 -0.05000 0.03000
v 0.31500 -0.04500 0.03000
v 0.31000 -0.04500 0.03000
v 0.31000 -0.05000 0.03000
v 0.31500 -0.05000 0.03000
v 0.31500 -0.04500 0.03000
v 0.31000 -0.04500 0.03000
v 0.31000 -0.05000 0.03500
v 0.31500 -0.05000 0.03500
v 0.31500 -0.04500 0.03500
v 0.31000 -0.04500 0.03500
v 0.31000 -0.05000 0.03500
v 0.31500 -0.05000 0.03500
v 0.31500 -0.04500 0.03500
v 0.31000 -0.04500 0.03500
v 0.31000 -0.05000 0.04000
v 0.31500 -0.05000 0.04000
v 0.31500 -0.04500 0.04000
v 0.31000 -0.04500 0.04000
v 0.31000 -0.05000 0.04000
v 0.31500 -0.05000 0.04000
v 0.31500 -0.04500 0.04000
v 0.31000 -0.04500 0.04000
v 0.31000 -0.05000 0.04500
v 0.31500 -0.05000 0.04500
v 0.31500 -0.04500 0.04500
v 0.31000 -0.04500 0.04500
v 0.31000 -0.05000 0.04500
v 0.31500 -0.05000 0.04500
v 0.31500 -0.04500 0.04500
v 0.31000 -0.04500 0.04500
v 0.31000 -0.05000 0.05000
v 0.31500 -0.05000 0.05000
v 0.31500 -0.04500 0.05000
v 0.31000 -0.04500 0.05000
v 0.31000 -0.05000 0.05000
v 0.31500 -0.05000 0.05000
v 0.31500 -0.04500 0.05000
v 0.31000 -0.04500 0.05000
v 0.31000 -0.05000 0.05500
v 0.31500 -0.05000 0.05500
v 0.31500 -0.04500 0.05500
v 0.31000 -0.04500 0.05500
v 0.31000 -0.05000 0.05500
v 0.31500 -0.05000 0.05500
v 0.31500 -0.04500 0.05500
v 0.31000 -0.04500 0.05500
v 0.31000 -0.05000 0.06000
v 0.31500 -0.05000 0.06000
v 0.31500 -0.04500 0.06000
v 0.31000 -0.04500 0.06000
v 0.31000 -0.05000 0.06000
v 0.31500 -0.05000 0.06000
v 0.31500 -0.04500 0.06000
v 0.31000 -0.04500 0.06000
v 0.31000 -0.05000 0.06500
v 0.31500 -0.05000 0.06500
v 0.31500 -0.04500 0.06500
v 0.31000 -0.04500 0.06500
v 0.31000 -0.05000 0.06500
v 0.31500 -0.05000 0.06500
v 0.31500 -0.04500 0.06500
v 0.31000 -0.04500 0.06500
v 0.31000 -0.05000 0.07000
v 0.31500 -0.05000 0.07000
v 0.31500 -0.04500 0.07000
v 0.31000 -0.04500 0.07000
v 0.31000 -0.05000 0.07000
v 0.31500 -0.05000 0.07000
v 0.31500 -0.04500 0.07000
v 0.31000 -0.04500 0.07000
v 0.31000 -0.05000 0.07500
v 0.31500 -0.05000 0.07500
v 0.31500 -0.04500 0.07500
v 0.31000 -0.04500 0.07500
v 0.31000 -0.05000 0.07500
v 0.31500 -0.05000 0.07500
v 0.31500 -0.04500 0.07500
v 0.31000 -0.04500 0.07500
v 0.31000 -0.05000 0.08000
v 0.31500 -0.05000 0.08000
v 0.31500 -0.04500 0.08000
v 0.31000 -0.04500 0.08000
v 0.31000 -0.05000 0.08000
v 0.31500 -0.05000 0.08000
v 0.31500 -0.04500 0.08000
v 0.31000 -0.04500 0.08000
v 0.31000 -0.05000 0.08500
v 0.31500 -0.05000 0.08500
v 0.31500 -0.04500 0.08500
v 0.31000 -0.04500 0.08500
v 0.31000 -0.05000 0.08500
v 0.31500 -0.05000 0.08500
v 0.31500 -0.04500 0.08500
v 0.31000 -0.04500 0.08500
v 0.31000 -0.05000 0.09000
v 0.31500 -0.05000 0.09000
v 0.31500 -0.04500 0.09000
v 0.31000 -0.04500 0.09000
v 0.31000 -0.05000 0.09000
v 0.31500 -0.05000 0.09000
v 0.31500 -0.04500 0.09000
v 0.31000 -0.04500 0.09000
v 0.31000 -0.05000 0.09500
v 0.31500 -0.05000 0.09500
v 0.31500 -0.04500 0.09500
v 0.31000 -0.04500 0.09500
v 0.31000 -0.05000 0.09500
v 0.31500 -0.05000 0.09500
v 0.31500 -0.04500 0.09500
v 0.31000 -0.04500 0.09500
v 0.31000 -0.05000 0.10000
v 0.31500 -0.05000 0.10000
v 0.31500 -0.04500 0.10000
v 0.31000 -0.04500 0.10000
v 0.31000 -0.05000 0.10000
v 0.31500 -0.05000 0.10000
v 0.31500 -0.04500 0.10000
v 0.31000 -0.04500 0.10000
v 0.31000 -0.05000 0.10500
v 0.31500 -0.05000 0.10500
v 0.31500 -0.04500 0.10500
v 0.31000 -0.04500 0.10500
v 0.31000 -0.05000 0.10500
v 0.31500 -0.05000 0.10500
v 0.31500 -0.04500 0.10500
v 0.31000 -0.04500 0.10500
v 0.31000 -0.05000 0.11000
v 0.31500 -0.05000 0.11000
v 0.31500 -0.04500 0.11000
v 0.31000 -0.04500 0.11000
v 0.31000 -0.05000 0.11000
v 0.31500 -0.05000 0.11000
v 0.31500 -0.04500 0.11000
v 0.31000 -0.04500 0.11000
v 0.31000 -0.05000 0.11500
v 0.31500 -0.05000 0.11500
v 0.31500 -0.04500 0.11500
v 0.31000 -0.04500 0.11500
v 0.31000 -0.05000 0.11500
v 0.31500 -0.05000 0.11500
v 0.31500 -0.04500 0.11500
v 0.31000 -0.04500 0.11500
v 0.31000 -0.05000 0.12000
v 0.31500 -0.05000 0.12000
v 0.31500 -0.04500 0.12000
v 0.31000 -0.04500 0.12000
v 0.31000 -0.05000 0.12000
v 0.31500 -0.05000 0.12000
v 0.31500 -0.04500 0.12000
v 0.31000 -0.04500 0.12000
v 0.31000 -0.05000 0.12500
v 0.31500 -0.05000 0.12500
v 0.31500 -0.04500 0.12500
v 0.31000 -0.04500 0.12500
v 0.31000 -0.05000 0.12500
v 0.31500 -0.05000 0.12500
v 0.31500 -0.04500 0.12500
v 0.31000 -0.04500 0.12500
v 0.31000 -0.05000 0.13000
v 0.31500 -0.05000 0.13000
v 0.31500 -0.04500 0.13000
v 0.31000 -0.04500 0.13000
v 0.31000 -0.05000 0.13000
v 0.31500 -0.05000 0.13000
v 0.31500 -0.04500 0.13000
v 0.31000 -0.04500 0.13000
v 0.31000 -0.05000 0.13500
v 0.31500 -0.05000 0.13500
v 0.31500 -0.04500 0.13500
v 0.31000 -0.04500 0.13500
v 0.31000 -0.05000 0.13500
v 0.31500 -0.05000 0.13500
v 0.31500 -0.04500 0.13500
v 0.31000 -0.04500 0.13500
v 0.31000 -0.05000 0.14000
v 0.31500 -0.05000 0.14000
v 0.31500 -0.04500 0.14000
v 0.31000 -0.04500 0.14000
v 0.31000 -0.05000 0.14000
v 0.31500 -0.05000 0.14000
v 0.31500 -0.04500 0.14000
v 0.31000 -0.04500 0.14000
v 0.31000 -0.05000 0.14500
v 0.31500 -0.05000 0.14500
v 0.31500 -0.04500 0.14500
v 0.31000 -0.04500 0.14500
v 0.31000 -0.05000 0.14500
v 0.31500 -0.05000 0.14500
v 0.31500 -0.04500 0.14500
v 0.31000 -0.04500 0.14500
v 0.31000 -0.05000 0.15000
v 0.31500 -0.05000 0.15000
v 0.31500 -0.04500 0.15000
v 0.31000 -0.04500 0.15000
v 0.31000 -0.04500 0.15000
v 0.31500 -0.04500 0.15000
v 0.31500 -0.04000 0.15000
v 0.31000 -0.04000 0.15000
v 0.31000 -0.04500 0.15500
v 0.31500 -0.04500 0.15500
v 0.31500 -0.04000 0.15500
v 0.31000 -0.04000 0.15500
v 0.31000 -0.04500 0.15500
v 0.31500 -0.04500 0.15500
v 0.31500 -0.04000 0.15500
v 0.31000 -0.04000 0.15500
v 0.31000 -0.04500 0.16000
v 0.31500 -0.04500 0.16000
v 0.31500 -0.04000 0.16000
v 0.31000 -0.04000 0.16000
v 0.31000 -0.04000 0.16000
v 0.31500 -0.04000 0.16000
v 0.31500 -0.03500 0.16000
v 0.31000 -0.03500 0.16000
v 0.31000 -0.04000 0.16500
v 0.31500 -0.04000 0.16500
v 0.31500 -0.03500 0.16500
v 0.31000 -0.03500 0.16500
v 0.31000 -0.04000 0.16500
v 0.31500 -0.04000 0.16500
v 0.31500 -0.03500 0.16500
v 0.31000 -0.03500 0.16500
v 0.31000 -0.04000 0.17000
v 0.31500 -0.04000 0.17000
v 0.31500 -0.03500 0.17000
v 0.31000 -0.03500 0.17000
v 0.31000 -0.04000 0.17000
v 0.31500 -0.04000 0.17000
v 0.31500 -0.03500 0.17000
v 0.31000 -0.03500 0.17000
v 0.31000 -0.04000 0.17500
v 0.31500 -0.04000 0.17500
v 0.31500 -0.03500 0.17500
v 0.31000 -0.03500 0.17500
v 0.31000 -0.04000 0.17500
v 0.31500 -0.04000 0.17500
v 0.31500 -0.03500 0.17500
v 0.31000 -0.03500 0.17500
v 0.31000 -0.04000 0.18000
v 0.31500 -0.04000 0.18000
v 0.31500 -0.03500 0.18000
v 0.31000 -0.03500 0.18000
v 0.31000 -0.03500 0.18000
v 0.31500 -0.03500 0.18000
v 0.31500 -0.03000 0.18000
v 0.31000 -0.03000 0.18000
v 0.31000 -0.03500 0.18500
v 0.31500 -0.03500 0.18500
v 0.31500 -0.03000 0.18500
v 0.31000 -0.03000 0.18500
v 0.31000 -0.03000 0.18000
v 0.31500 -0.03000 0.18000
v 0.31500 -0.02500 0.18000
v 0.31000 -0.02500 0.18000
v 0.31000 -0.03000 0.18500
v 0.31500 -0.03000 0.18500
v 0.31500 -0.02500 0.18500
v 0.31000 -0.02500 0.18500
v 0.31000 -0.02500 0.18000
v 0.31500 -0.02500 0.18000
v 0.31500 -0.02000 0.18000
v 0.31000 -0.02000 0.18000
v 0.31000 -0.02500 0.18500
v 0.31500 -0.02500 0.18500
v 0.31500 -0.02000 0.18500
v 0.31000 -0.02000 0.18500
v 0.31000 -0.02000 0.18000
v 0.31500 -0.02000 0.18000
v 0.31500 -0.01500 0.18000
v 0.31000 -0.01500 0.18000
v 0.31000 -0.02000 0.18500
v 0.31500 -0.02000 0.18500
v 0.31500 -0.01500 0.18500
v 0.31000 -0.01500 0.18500
v 0.31000 -0.01500 0.18000
v 0.31500 -0.01500 0.18000
v 0.31500 -0.01000 0.18000
v 0.31000 -0.01000 0.18000
v 0.31000 -0.01500 0.18500
v 0.31500 -0.01500 0.18500
v 0.31500 -0.01000 0.18500
v 0.31000 -0.01000 0.18500
v 0.31000 -0.01000 0.18000
v 0.31500 -0.01000 0.18000
v 0.31500 -0.00500 0.18000
v 0.31000 -0.00500 0.18000
v 0.31000 -0.01000 0.18500
v 0.31500 -0.01000 0.18500
v 0.31500 -0.00500 0.18500
v 0.31000 -0.00500 0.18500
v 0.31000 -0.00500 0.18000
v 0.31500 -0.00500 0.18000
v 0.31500 0.00000 0.18000
v 0.31000 0.00000 0.18000
v 0.31000 -0.00500 0.18500
v 0.31500 -0.00500 0.18500
v 0.31500 0.00000 0.18500
v 0.31000 0.00000 0.18500
v 0.31000 0.00000 0.18000
v 0.31500 0.00000 0.18000
v 0.31500 0.00500 0.18000
v 0.31000 0.00500 0.18000
v 0.31000 0.00000 0.18500
v 0.31500 0.00000 0.18500
v 0.31500 0.00500 0.18500
v 0.31000 0.00500 0.18500
v 0.31000 0.00500 0.18000
v 0.31500 0.00500 0.18000
v 0.31500 0.01000 0.18000
v 0.31000 0.01000 0.18000
v 0.31000 0.00500 0.18500
v 0.31500 0.00500 0.18500
v 0.31500 0.01000 0.18500
v 0.31000 0.01000 0.18500
v 0.31000 0.01000 0.17500
v 0.31500 0.01000 0.17500
v 0.31500 0.01500 0.17500
v 0.31000 0.01500 0.17500
v 0.31000 0.01000 0.18000
v 0.31500 0.01000 0.18000
v 0.31500 0.01500 0.18000
v 0.31000 0.01500 0.18000
v 0.31000 0.01500 0.17500
v 0.31500 0.01500 0.17500
v 0.31500 0.02000 0.17500
v 0.31000 0.02000 0.17500
v 0.31000 0.01500 0.18000
v 0.31500 0.01500 0.18000
v 0.31500 0.02000 0.18000
v 0.31000 0.02000 0.18000
v 0.31000 0.02000 0.17500
v 0.31500 0.02000 0.17500
v 0.31500 0.02500 0.17500
v 0.31000 0.02500 0.17500
v 0.31000 0.02000 0.18000
v 0.31500 0.02000 0.18000
v 0.31500 0.02500 0.18000
v 0.31000 0.02500 0.18000
v 0.31000 0.02500 0.17500
v 0.31500 0.02500 0.17500
v 0.31500 0.03000 0.17500
v 0.31000 0.03000 0.17500
v 0.31000 0.02500 0.18000
v 0.31500 0.02500 0.18000
v 0.31500 0.03000 0.18000
v 0.31000 0.03000 0.18000
v 0.31000 0.03000 0.17000
v 0.31500 0.03000 0.17000
v 0.31500 0.03500 0.17000
v 0.31000 0.03500 0.17000
v 0.31000 0.03000 0.17500
v 0.31500 0.03000 0.17500
v 0.31500 0.03500 0.17500
v 0.31000 0.03500 0.17500
v 0.31000 0.03500 0.17000
v 0.31500 0.03500 0.17000
v 0.31500 0.04000 0.17000
v 0.31000 0.04000 0.17000
v 0.31000 0.03500 0.17500
v 0.31500 0.03500 0.17500
v 0.31500 0.04000 0.17500
v 0.31000 0.04000 0.17500
v 0.31000 0.04000 0.16500
v 0.31500 0.04000 0.16500
v 0.31500 0.04500 0.16500
v 0.31000 0.04500 0.16500
v 0.31000 0.04000 0.17000
v 0.31500 0.04000 0.17000
v 0.31500 0.04500 0.17000
v 0.31000 0.04500 0.17000
v 0.31000 0.04000 0.17000
v 0.31500 0.04000 0.17000
v 0.31500 0.04500 0.17000
v 0.31000 0.04500 0.17000
v 0.31000 0.04000 0.17500
v 0.31500 0.04000 0.17500
v 0.31500 0.04500 0.17500
v 0.31000 0.04500 0.17500
v 0.31000 0.04500 0.13500
v 0.31500 0.04500 0.13500
v 0.31500 0.05000 0.13500
v 0.31000 0.05000 0.13500
v 0.31000 0.04500 0.14000
v 0.31500 0.04500 0.14000
v 0.31500 0.05000 0.14000
v 0.31000 0.05000 0.14000
v 0.31000 0.04500 0.14000
v 0.31500 0.04500 0.14000
v 0.31500 0.05000 0.14000
v 0.31000 0.05000 0.14000
v 0.31000 0.04500 0.14500
v 0.31500 0.04500 0.14500
v 0.31500 0.05000 0.14500
v 0.31000 0.05000 0.14500
v 0.31000 0.04500 0.14500
v 0.31500 0.04500 0.14500
v 0.31500 0.05000 0.14500
v 0.31000 0.05000 0.14500
v 0.31000 0.04500 0.15000
v 0.31500 0.04500 0.15000
v 0.31500 0.05000 0.15000
v 0.31000 0.05000 0.15000
v 0.31000 0.04500 0.15000
v 0.31500 0.04500 0.15000
v 0.31500 0.05000 0.15000
v 0.31000 0.05000 0.15000
v 0.31000 0.04500 0.15500
v 0.31500 0.04500 0.15500
v 0.31500 0.05000 0.15500
v 0.31000 0.05000 0.15500
v 0.31000 0.04500 0.15500
v 0.31500 0.04500 0.15500
v 0.31500 0.05000 0.15500
v 0.31000 0.05000 0.15500
v 0.31000 0.04500 0.16000
v 0.31500 0.04500 0.16000
v 0.31500 0.05000 0.16000
v 0.31000 0.05000 0.16000
v 0.31000 0.04500 0.16000
v 0.31500 0.04500 0.16000
v 0.31500 0.05000 0.16000
v 0.31000 0.05000 0.16000
v 0.31000 0.04500 0.16500
v 0.31500 0.04500 0.16500
v 0.31500 0.05000 0.16500
v 0.31000 0.05000 0.16500
v 0.31000 0.05000 0.00000
v 0.31500 0.05000 0.00000
v 0.31500 0.05500 0.00000
v 0.31000 0.05500 0.00000
v 0.31000 0.05000 0.00500
v 0.31500 0.05000 0.00500
v 0.31500 0.05500 0.00500
v 0.31000 0.05500 0.00500
v 0.31000 0.05000 0.00500
v 0.31500 0.05000 0.00500
v 0.31500 0.05500 0.00500
v 0.31000 0.05500 0.00500
v 0.31000 0.05000 0.01000
v 0.31500 0.05000 0.01000
v 0.31500 0.05500 0.01000
v 0.31000 0.05500 0.01000
v 0.31000 0.05000 0.01000
v 0.31500 0.05000 0.01000
v 0.31500 0.05500 0.01000
v 0.31000 0.05500 0.01000
v 0.31000 0.05000 0.01500
v 0.31500 0.05000 0.01500
v 0.31500 0.05500 0.01500
v 0.31000 0.05500 0.01500
v 0.31000 0.05000 0.01500
v 0.31500 0.05000 0.01500
v 0.31500 0.05500 0.01500
v 0.31000 0.05500 0.01500
v 0.31000 0.05000 0.02000
v 0.31500 0.05000 0.02000
v 0.31500 0.05500 0.02000
v 0.31000 0.05500 0.02000
v 0.31000 0.05000 0.02000
v 0.31500 0.05000 0.02000
v 0.31500 0.05500 0.02000
v 0.31000 0.05500 0.02000
v 0.31000 0.05000 0.02500
v 0.31500 0.05000 0.02500
v 0.31500 0.05500 0.02500
v 0.31000 0.05500 0.02500
v 0.31000 0.05000 0.02500
v 0.31500 0.05000 0.02500
v 0.31500 0.05500 0.02500
v 0.31000 0.05500 0.02500
v 0.31000 0.05000 0.03000
v 0.31500 0.05000 0.03000
v 0.31500 0.05500 0.03000
v 0.31000 0.05500 0.03000
v 0.31000 0.05000 0.03000
v 0.31500 0.05000 0.03000
v 0.31500 0.05500 0.03000
v 0.31000 0.05500 0.03000
v 0.31000 0.05000 0.03500
v 0.31500 0.05000 0.03500
v 0.31500 0.05500 0.03500
v 0.31000 0.05500 0.03500
v 0.31000 0.05000 0.03500
v 0.31500 0.05000 0.03500
v 0.31500 0.05500 0.03500
v 0.31000 0.05500 0.03500
v 0.31000 0.05000 0.04000
v 0.31500 0.05000 0.04000
v 0.31500 0.05500 0.04000
v 0.31000 0.05500 0.04000
v 0.31000 0.05000 0.04000
v 0.31500 0.05000 0.04000
v 0.31500 0.05500 0.04000
v 0.31000 0.05500 0.04000
v 0.31000 0.05000 0.04500
v 0.31500 0.05000 0.04500
v 0.31500 0.05500 0.04500
v 0.31000 0.05500 0.04500
v 0.31000 0.05000 0.04500
v 0.31500 0.05000 0.04500
v 0.31500 0.05500 0.04500
v 0.31000 0.05500 0.04500
v 0.31000 0.05000 0.05000
v 0.31500 0.05000 0.05000
v 0.31500 0.05500 0.05000
v 0.31000 0.05500 0.05000
v 0.31000 0.05000 0.05000
v 0.31500 0.05000 0.05000
v 0.31500 0.05500 0.05000
v 0.31000 0.05500 0.05000
v 0.31000 0.05000 0.05500
v 0.31500 0.05000 0.05500
v 0.31500 0.05500 0.05500
v 0.31000 0.05500 0.05500
v 0.31000 0.05000 0.05500
v 0.31500 0.05000 0.05500
v 0.31500 0.05500 0.05500
v 0.31000 0.05500 0.05500
v 0.31000 0.05000 0.06000
v 0.31500 0.05000 0.06000
v 0.31500 0.05500 0.06000
v 0.31000 0.05500 0.06000
v 0.31000 0.05000 0.06000
v 0.31500 0.05000 0.06000
v 0.31500 0.05500 0.06000
v 0.31000 0.05500 0.06000
v 0.31000 0.05000 0.06500
v 0.31500 0.05000 0.06500
v 0.31500 0.05500 0.06500
v 0.31000 0.05500 0.06500
v 0.31000 0.05000 0.06500
v 0.31500 0.05000 0.06500
v 0.31500 0.05500 0.06500
v 0.31000 0.05500 0.06500
v 0.31000 0.05000 0.07000
v 0.31500 0.05000 0.07000
v 0.31500 0.05500 0.07000
v 0.31000 0.05500 0.07000
v 0.31000 0.05000 0.07000
v 0.31500 0.05000 0.07000
v 0.31500 0.05500 0.07000
v 0.31000 0.05500 0.07000
v 0.31000 0.05000 0.07500
v 0.31500 0.05000 0.07500
v 0.31500 0.05500 0.07500
v 0.31000 0.05500 0.07500
v 0.31000 0.05000 0.07500
v 0.31500 0.05000 0.07500
v 0.31500 0.05500 0.07500
v 0.31000 0.05500 0.07500
v 0.31000 0.05000 0.08000
v 0.31500 0.05000 0.08000
v 0.31500 0.05500 0.08000
v 0.31000 0.05500 0.08000
v 0.31000 0.05000 0.08000
v 0.31500 0.05000 0.08000
v 0.31500 0.05500 0.08000
v 0.31000 0.05500 0.08000
v 0.31000 0.05000 0.08500
v 0.31500 0.05000 0.08500
v 0.31500 0.05500 0.08500
v 0.31000 0.05500 0.08500
v 0.31000 0.05000 0.08500
v 0.31500 0.05000 0.08500
v 0.31500 0.05500 0.08500
v 0.31000 0.05500 0.08500
v 0.31000 0.05000 0.09000
v 0.31500 0.05000 0.09000
v 0.31500 0.05500 0.09000
v 0.31000 0.05500 0.09000
v 0.31000 0.05000 0.09000
v 0.31500 0.05000 0.09000
v 0.31500 0.05500 0.09000
v 0.31000 0.05500 0.09000
v 0.31000 0.05000 0.09500
v 0.31500 0.05000 0.09500
v 0.31500 0.05500 0.09500
v 0.31000 0.05500 0.09500
v 0.31000 0.05000 0.09500
v 0.31500 0.05000 0.09500
v 0.31500 0.05500 0.09500
v 0.31000 0.05500 0.09500
v 0.31000 0.05000 0.10000
v 0.31500 0.05000 0.10000
v 0.31500 0.05500 0.10000
v 0.31000 0.05500 0.10000
v 0.31000 0.05000 0.10000
v 0.31500 0.05000 0.10000
v 0.31500 0.05500 0.10000
v 0.31000 0.05500 0.10000
v 0.31000 0.05000 0.10500
v 0.31500 0.05000 0.10500
v 0.31500 0.05500 0.10500
v 0.31000 0.05500 0.10500
v 0.31000 0.05000 0.10500
v 0.31500 0.05000 0.10500
v 0.31500 0.05500 0.10500
v 0.31000 0.05500 0.10500
v 0.31000 0.05000 0.11000
v 0.31500 0.05000 0.11000
v 0.31500 0.05500 0.11000
v 0.31000 0.05500 0.11000
v 0.31000 0.05000 0.11000
v 0.31500 0.05000 0.11000
v 0.31500 0.05500 0.11000
v 0.31000 0.05500 0.11000
v 0.31000 0.05000 0.11500
v 0.31500 0.05000 0.11500
v 0.31500 0.05500 0.11500
v 0.31000 0.05500 0.11500
v 0.31000 0.05000 0.11500
v 0.31500 0.05000 0.11500
v 0.31500 0.05500 0.11500
v 0.31000 0.05500 0.11500
v 0.31000 0.05000 0.12000
v 0.31500 0.05000 0.12000
v 0.31500 0.05500 0.12000
v 0.31000 0.05500 0.12000
v 0.31000 0.05000 0.12000
v 0.31500 0.05000 0.12000
v 0.31500 0.05500 0.12000
v 0.31000 0.05500 0.12000
v 0.31000 0.05000 0.12500
v 0.31500 0.05000 0.12500
v 0.31500 0.05500 0.12500
v 0.31000 0.05500 0.12500
v 0.31000 0.05000 0.12500
v 0.31500 0.05000 0.12500
v 0.31500 0.05500 0.12500
v 0.31000 0.05500 0.12500
v 0.31000 0.05000 0.13000
v 0.31500 0.05000 0.13000
v 0.31500 0.05500 0.13000
v 0.31000 0.05500 0.13000
v 0.31000 0.05000 0.13000
v 0.31500 0.05000 0.13000
v 0.31500 0.05500 0.13000
v 0.31000 0.05500 0.13000
v 0.31000 0.05000 0.13500
v 0.31500 0.05000 0.13500
v 0.31500 0.05500 0.13500
v 0.31000 0.05500 0.13500
v 0.31500 -0.05000 0.00000
v 0.32000 -0.05000 0.00000
v 0.32000 -0.04500 0.00000
v 0.31500 -0.04500 0.00000
v 0.31500 -0.05000 0.00500
v 0.32000 -0.05000 0.00500
v 0.32000 -0.04500 0.00500
v 0.31500 -0.04500 0.00500
v 0.31500 -0.05000 0.00500
v 0.32000 -0.05000 0.00500
v 0.32000 -0.04500 0.00500
v 0.31500 -0.04500 0.00500
v 0.31500 -0.05000 0.01000
v 0.32000 -0.05000 0.01000
v 0.32000 -0.04500 0.01000
v 0.31500 -0.04500 0.01000
v 0.31500 -0.05000 0.01000
v 0.32000 -0.05000 0.01000
v 0.32000 -0.04500 0.01000
v 0.31500 -0.04500 0.01000
v 0.31500 -0.05000 0.01500
v 0.32000 -0.05000 0.01500
v 0.32000 -0.04500 0.01500
v 0.31500 -0.04500 0.01500
v 0.31500 -0.05000 0.02000
v 0.32000 -0.05000 0.02000
v 0.32000 -0.04500 0.02000
v 0.31500 -0.04500 0.02000
v 0.31500 -0.05000 0.02500
v 0.32000 -0.05000 0.02500
v 0.32000 -0.04500 0.02500
v 0.31500 -0.04500 0.02500
v 0.31500 -0.05000 0.02500
v 0.32000 -0.05000 0.02500
v 0.32000 -0.04500 0.02500
v 0.31500 -0.04500 0.02500
v 0.31500 -0.05000 0.03000
v 0.32000 -0.05000 0.03000
v 0.32000 -0.04500 0.03000
v 0.31500 -0.04500 0.03000
v 0.31500 -0.05000 0.03000
v 0.32000 -0.05000 0.03000
v 0.32000 -0.04500 0.03000
v 0.31500 -0.04500 0.03000
v 0.31500 -0.05000 0.03500
v 0.32000 -0.05000 0.03500
v 0.32000 -0.04500 0.03500
v 0.31500 -0.04500 0.03500
v 0.31500 -0.05000 0.03500
v 0.32000 -0.05000 0.03500
v 0.32000 -0.04500 0.03500
v 0.31500 -0.04500 0.03500
v 0.31500 -0.05000 0.04000
v 0.32000 -0.05000 0.04000
v 0.32000 -0.04500 0.04000
v 0.31500 -0.04500 0.04000
v 0.31500 -0.05000 0.04000
v 0.32000 -0.05000 0.04000
v 0.32000 -0.04500 0.04000
v 0.31500 -0.04500 0.04000
v 0.31500 -0.05000 0.04500
v 0.32000 -0.05000 0.04500
v 0.32000 -0.04500 0.04500
v 0.31500 -0.04500 0.04500
v 0.31500 -0.05000 0.05000
v 0.32000 -0.05000 0.05000
v 0.32000 -0.04500 0.05000
v 0.31500 -0.04500 0.05000
v 0.31500 -0.05000 0.05500
v 0.32000 -0.05000 0.05500
v 0.32000 -0.04500 0.05500
v 0.31500 -0.04500 0.05500
v 0.31500 -0.05000 0.05500
v 0.32000 -0.05000 0.05500
v 0.32000 -0.04500 0.05500
v 0.31500 -0.04500 0.05500
v 0.31500 -0.05000 0.06000
v 0.32000 -0.05000 0.06000
v 0.32000 -0.04500 0.06000
v 0.31500 -0.04500 0.06000
v 0.31500 -0.05000 0.06000
v 0.32000 -0.05000 0.06000
v 0.32000 -0.04500 0.06000
v 0.31500 -0.04500 0.06000
v 0.31500 -0.05000 0.06500
v 0.32000 -0.05000 0.06500
v 0.32000 -0.04500 0.06500
v 0.31500 -0.04500 0.06500
v 0.31500 -0.05000 0.06500
v 0.32000 -0.05000 0.06500
v 0.32000 -0.04500 0.06500
v 0.31500 -0.04500 0.06500
v 0.31500 -0.05000 0.07000
v 0.32000 -0.05000 0.07000
v 0.32000 -0.04500 0.07000
v 0.31500 -0.04500 0.07000
v 0.31500 -0.05000 0.07000
v 0.32000 -0.05000 0.07000
v 0.32000 -0.04500 0.07000
v 0.31500 -0.04500 0.07000
v 0.31500 -0.05000 0.07500
v 0.32000 -0.05000 0.07500
v 0.32000 -0.04500 0.07500
v 0.31500 -0.04500 0.07500
v 0.31500 -0.05000 0.07500
v 0.32000 -0.05000 0.07500
v 0.32000 -0.04500 0.07500
v 0.31500 -0.04500 0.07500
v 0.31500 -0.05000 0.08000
v 0.32000 -0.05000 0.08000
v 0.32000 -0.04500 0.08000
v 0.31500 -0.04500 0.08000
v 0.31500 -0.05000 0.08000
v 0.32000 -0.05000 0.08000
v 0.32000 -0.04500 0.08000
v 0.31500 -0.04500 0.08000
v 0.31500 -0.05000 0.08500
v 0.32000 -0.05000 0.08500
v 0.32000 -0.04500 0.08500
v 0.31500 -0.04500 0.08500
v 0.31500 -0.05000 0.08500
v 0.32000 -0.05000 0.08500
v 0.32000 -0.04500 0.08500
v 0.31500 -0.04500 0.08500
v 0.31500 -0.05000 0.09000
v 0.32000 -0.05000 0.09000
v 0.32000 -0.04500 0.09000
v 0.31500 -0.04500 0.09000
v 0.31500 -0.05000 0.12000
v 0.32000 -0.05000 0.12000
v 0.32000 -0.04500 0.12000
v 0.31500 -0.04500 0.12000
v 0.31500 -0.05000 0.12500
v 0.32000 -0.05000 0.12500
v 0.32000 -0.04500 0.12500
v 0.31500 -0.04500 0.12500
v 0.31500 -0.05000 0.12500
v 0.32000 -0.05000 0.12500
v 0.32000 -0.04500 0.12500
v 0.31500 -0.04500 0.12500
v 0.31500 -0.05000 0.13000
v 0.32000 -0.05000 0.13000
v 0.32000 -0.04500 0.13000
v 0.31500 -0.04500 0.13000
v 0.31500 -0.05000 0.13000
v 0.32000 -0.05000 0.13000
v 0.32000 -0.04500 0.13000
v 0.31500 -0.04500 0.13000
v 0.31500 -0.05000 0.13500
v 0.32000 -0.05000 0.13500
v 0.32000 -0.04500 0.13500
v 0.31500 -0.04500 0.13500
v 0.31500 -0.05000 0.13500
v 0.32000 -0.05000 0.13500
v 0.32000 -0.04500 0.13500
v 0.31500 -0.04500 0.13500
v 0.31500 -0.05000 0.14000
v 0.32000 -0.05000 0.14000
v 0.32000 -0.04500 0.14000
v 0.31500 -0.04500 0.14000
v 0.31500 -0.05000 0.14000
v 0.32000 -0.05000 0.14000
v 0.32000 -0.04500 0.14000
v 0.31500 -0.04500 0.14000
v 0.31500 -0.05000 0.14500
v 0.32000 -0.05000 0.14500
v 0.32000 -0.04500 0.14500
v 0.31500 -0.04500 0.14500
v 0.31500 -0.04500 0.09500
v 0.32000 -0.04500 0.09500
v 0.32000 -0.04000 0.09500
v 0.31500 -0.04000 0.09500
v 0.31500 -0.04500 0.10000
v 0.32000 -0.04500 0.10000
v 0.32000 -0.04000 0.10000
v 0.31500 -0.04000 0.10000
v 0.31500 -0.04500 0.14500
v 0.32000 -0.04500 0.14500
v 0.32000 -0.04000 0.14500
v 0.31500 -0.04000 0.14500
v 0.31500 -0.04500 0.15000
v 0.32000 -0.04500 0.15000
v 0.32000 -0.04000 0.15000
v 0.31500 -0.04000 0.15000
v 0.31500 -0.04000 0.15500
v 0.32000 -0.04000 0.15500
v 0.32000 -0.03500 0.15500
v 0.31500 -0.03500 0.15500
v 0.31500 -0.04000 0.16000
v 0.32000 -0.04000 0.16000
v 0.32000 -0.03500 0.16000
v 0.31500 -0.03500 0.16000
v 0.31500 -0.04000 0.16000
v 0.32000 -0.04000 0.16000
v 0.32000 -0.03500 0.16000
v 0.31500 -0.03500 0.16000
v 0.31500 -0.04000 0.16500
v 0.32000 -0.04000 0.16500
v 0.32000 -0.03500 0.16500
v 0.31500 -0.03500 0.16500
v 0.31500 -0.04000 0.16500
v 0.32000 -0.04000 0.16500
v 0.32000 -0.03500 0.16500
v 0.31500 -0.03500 0.16500
v 0.31500 -0.04000 0.17000
v 0.32000 -0.04000 0.17000
v 0.32000 -0.03500 0.17000
v 0.31500 -0.03500 0.17000
v 0.31500 -0.04000 0.17000
v 0.32000 -0.04000 0.17000
v 0.32000 -0.03500 0.17000
v 0.31500 -0.03500 0.17000
v 0.31500 -0.04000 0.17500
v 0.32000 -0.04000 0.17500
v 0.32000 -0.03500 0.17500
v 0.31500 -0.03500 0.17500
v 0.31500 -0.04000 0.17500
v 0.32000 -0.04000 0.17500
v 0.32000 -0.03500 0.17500
v 0.31500 -0.03500 0.17500
v 0.31500 -0.04000 0.18000
v 0.32000 -0.04000 0.18000
v 0.32000 -0.03500 0.18000
v 0.31500 -0.03500 0.18000
v 0.31500 -0.03500 0.18000
v 0.32000 -0.03500 0.18000
v 0.32000 -0.03000 0.18000
v 0.31500 -0.03000 0.18000
v 0.31500 -0.03500 0.18500
v 0.32000 -0.03500 0.18500
v 0.32000 -0.03000 0.18500
v 0.31500 -0.03000 0.18500
v 0.31500 -0.03000 0.18000
v 0.32000 -0.03000 0.18000
v 0.32000 -0.02500 0.18000
v 0.31500 -0.02500 0.18000
v 0.31500 -0.03000 0.18500
v 0.32000 -0.03000 0.18500
v 0.32000 -0.02500 0.18500
v 0.31500 -0.02500 0.18500
v 0.31500 -0.02500 0.18000
v 0.32000 -0.02500 0.18000
v 0.32000 -0.02000 0.18000
v 0.31500 -0.02000 0.18000
v 0.31500 -0.02500 0.18500
v 0.32000 -0.02500 0.18500
v 0.32000 -0.02000 0.18500
v 0.31500 -0.02000 0.18500
v 0.31500 -0.02000 0.18000
v 0.32000 -0.02000 0.18000
v 0.32000 -0.01500 0.18000
v 0.31500 -0.01500 0.18000
v 0.31500 -0.02000 0.18500
v 0.32000 -0.02000 0.18500
v 0.32000 -0.01500 0.18500
v 0.31500 -0.01500 0.18500
v 0.31500 -0.01500 0.18000
v 0.32000 -0.01500 0.18000
v 0.32000 -0.01000 0.18000
v 0.31500 -0.01000 0.18000
v 0.31500 -0.01500 0.18500
v 0.32000 -0.01500 0.18500
v 0.32000 -0.01000 0.18500
v 0.31500 -0.01000 0.18500
v 0.31500 -0.01000 0.18000
v 0.32000 -0.01000 0.18000
v 0.32000 -0.00500 0.18000
v 0.31500 -0.00500 0.18000
v 0.31500 -0.01000 0.18500
v 0.32000 -0.01000 0.18500
v 0.32000 -0.00500 0.18500
v 0.31500 -0.00500 0.18500
v 0.31500 -0.00500 0.18000
v 0.32000 -0.00500 0.18000
v 0.32000 0.00000 0.18000
v 0.31500 0.00000 0.18000
v 0.31500 -0.00500 0.18500
v 0.32000 -0.00500 0.18500
v 0.32000 0.00000 0.18500
v 0.31500 0.00000 0.18500
v 0.31500 0.00000 0.18000
v 0.32000 0.00000 0.18000
v 0.32000 0.00500 0.18000
v 0.31500 0.00500 0.18000
v 0.31500 0.00000 0.18500
v 0.32000 0.00000 0.18500
v 0.32000 0.00500 0.18500
v 0.31500 0.00500 0.18500
v 0.31500 0.00500 0.17500
v 0.32000 0.00500 0.17500
v 0.32000 0.01000 0.17500
v 0.31500 0.01000 0.17500
v 0.31500 0.00500 0.18000
v 0.32000 0.00500 0.18000
v 0.32000 0.01000 0.18000
v 0.31500 0.01000 0.18000
v 0.31500 0.01000 0.17500
v 0.32000 0.01000 0.17500
v 0.32000 0.01500 0.17500
v 0.31500 0.01500 0.17500
v 0.31500 0.01000 0.18000
v 0.32000 0.01000 0.18000
v 0.32000 0.01500 0.18000
v 0.31500 0.01500 0.18000
v 0.31500 0.01500 0.17500
v 0.32000 0.01500 0.17500
v 0.32000 0.02000 0.17500
v 0.31500 0.02000 0.17500
v 0.31500 0.01500 0.18000
v 0.32000 0.01500 0.18000
v 0.32000 0.02000 0.18000
v 0.31500 0.02000 0.18000
v 0.31500 0.02000 0.17500
v 0.32000 0.02000 0.17500
v 0.32000 0.02500 0.17500
v 0.31500 0.02500 0.17500
v 0.31500 0.02000 0.18000
v 0.32000 0.02000 0.18000
v 0.32000 0.02500 0.18000
v 0.31500 0.02500 0.18000
v 0.31500 0.02500 0.17500
v 0.32000 0.02500 0.17500
v 0.32000 0.03000 0.17500
v 0.31500 0.03000 0.17500
v 0.31500 0.02500 0.18000
v 0.32000 0.02500 0.18000
v 0.32000 0.03000 0.18000
v 0.31500 0.03000 0.18000
v 0.31500 0.03000 0.17000
v 0.32000 0.03000 0.17000
v 0.32000 0.03500 0.17000
v 0.31500 0.03500 0.17000
v 0.31500 0.03000 0.17500
v 0.32000 0.03000 0.17500
v 0.32000 0.03500 0.17500
v 0.31500 0.03500 0.17500
v 0.31500 0.03500 0.17000
v 0.32000 0.03500 0.17000
v 0.32000 0.04000 0.17000
v 0.31500 0.04000 0.17000
v 0.31500 0.03500 0.17500
v 0.32000 0.03500 0.17500
v 0.32000 0.04000 0.17500
v 0.31500 0.04000 0.17500
v 0.31500 0.04000 0.17000
v 0.32000 0.04000 0.17000
v 0.32000 0.04500 0.17000
v 0.31500 0.04500 0.17000
v 0.31500 0.04000 0.17500
v 0.32000 0.04000 0.17500
v 0.32000 0.04500 0.17500
v 0.31500 0.04500 0.17500
v 0.31500 0.04500 0.13500
v 0.32000 0.04500 0.13500
v 0.32000 0.05000 0.13500
v 0.31500 0.05000 0.13500
v 0.31500 0.04500 0.14000
v 0.32000 0.04500 0.14000
v 0.32000 0.05000 0.14000
v 0.31500 0.05000 0.14000
v 0.31500 0.04500 0.14000
v 0.32000 0.04500 0.14000
v 0.32000 0.05000 0.14000
v 0.31500 0.05000 0.14000
v 0.31500 0.04500 0.14500
v 0.32000 0.04500 0.14500
v 0.32000 0.05000 0.14500
v 0.31500 0.05000 0.14500
v 0.31500 0.04500 0.14500
v 0.32000 0.04500 0.14500
v 0.32000 0.05000 0.14500
v 0.31500 0.05000 0.14500
v 0.31500 0.04500 0.15000
v 0.32000 0.04500 0.15000
v 0.32000 0.05000 0.15000
v 0.31500 0.05000 0.15000
v 0.31500 0.04500 0.15000
v 0.32000 0.04500 0.15000
v 0.32000 0.05000 0.15000
v 0.31500 0.05000 0.15000
v 0.31500 0.04500 0.15500
v 0.32000 0.04500 0.15500
v 0.32000 0.05000 0.15500
v 0.31500 0.05000 0.15500
v 0.31500 0.04500 0.15500
v 0.32000 0.04500 0.15500
v 0.32000 0.05000 0.15500
v 0.31500 0.05000 0.15500
v 0.31500 0.04500 0.16000
v 0.32000 0.04500 0.16000
v 0.32000 0.05000 0.16000
v 0.31500 0.05000 0.16000
v 0.31500 0.04500 0.16000
v 0.32000 0.04500 0.16000
v 0.32000 0.05000 0.16000
v 0.31500 0.05000 0.16000
v 0.31500 0.04500 0.16500
v 0.32000 0.04500 0.16500
v 0.32000 0.05000 0.16500
v 0.31500 0.05000 0.16500
v 0.31500 0.04500 0.16500
v 0.32000 0.04500 0.16500
v 0.32000 0.05000 0.16500
v 0.31500 0.05000 0.16500
v 0.31500 0.04500 0.17000
v 0.32000 0.04500 0.17000
v 0.32000 0.05000 0.17000
v 0.31500 0.05000 0.17000
v 0.31500 0.05000 0.00500
v 0.32000 0.05000 0.00500
v 0.32000 0.05500 0.00500
v 0.31500 0.05500 0.00500
v 0.31500 0.05000 0.01000
v 0.32000 0.05000 0.01000
v 0.32000 0.05500 0.01000
v 0.31500 0.05500 0.01000
v 0.31500 0.05000 0.01000
v 0.32000 0.05000 0.01000
v 0.32000 0.05500 0.01000
v 0.31500 0.05500 0.01000
v 0.31500 0.05000 0.01500
v 0.32000 0.05000 0.01500
v 0.32000 0.05500 0.01500
v 0.31500 0.05500 0.01500
v 0.31500 0.05000 0.01500
v 0.32000 0.05000 0.01500
v 0.32000 0.05500 0.01500
v 0.31500 0.05500 0.01500
v 0.31500 0.05000 0.02000
v 0.32000 0.05000 0.02000
v 0.32000 0.05500 0.02000
v 0.31500 0.05500 0.02000
v 0.31500 0.05000 0.02000
v 0.32000 0.05000 0.02000
v 0.32000 0.05500 0.02000
v 0.31500 0.05500 0.02000
v 0.31500 0.05000 0.02500
v 0.32000 0.05000 0.02500
v 0.32000 0.05500 0.02500
v 0.31500 0.05500 0.02500
v 0.31500 0.05000 0.02500
v 0.32000 0.05000 0.02500
v 0.32000 0.05500 0.02500
v 0.31500 0.05500 0.02500
v 0.31500 0.05000 0.03000
v 0.32000 0.05000 0.03000
v 0.32000 0.05500 0.03000
v 0.31500 0.05500 0.03000
v 0.31500 0.05000 0.03000
v 0.32000 0.05000 0.03000
v 0.32000 0.05500 0.03000
v 0.31500 0.05500 0.03000
v 0.31500 0.05000 0.03500
v 0.32000 0.05000 0.03500
v 0.32000 0.05500 0.03500
v 0.31500 0.05500 0.03500
v 0.31500 0.05000 0.03500
v 0.32000 0.05000 0.03500
v 0.32000 0.05500 0.03500
v 0.31500 0.05500 0.03500
v 0.31500 0.05000 0.04000
v 0.32000 0.05000 0.04000
v 0.32000 0.05500 0.04000
v 0.31500 0.05500 0.04000
v 0.31500 0.05000 0.08000
v 0.32000 0.05000 0.08000
v 0.32000 0.05500 0.08000
v 0.31500 0.05500 0.08000
v 0.31500 0.05000 0.08500
v 0.32000 0.05000 0.08500
v 0.32000 0.05500 0.08500
v 0.31500 0.05500 0.08500
v 0.31500 0.05000 0.08500
v 0.32000 0.05000 0.08500
v 0.32000 0.05500 0.08500
v 0.31500 0.05500 0.08500
v 0.31500 0.05000 0.09000
v 0.32000 0.05000 0.09000
v 0.32000 0.05500 0.09000
v 0.31500 0.05500 0.09000
v 0.31500 0.05000 0.09000
v 0.32000 0.05000 0.09000
v 0.32000 0.05500 0.09000
v 0.31500 0.05500 0.09000
v 0.31500 0.05000 0.09500
v 0.32000 0.05000 0.09500
v 0.32000 0.05500 0.09500
v 0.31500 0.05500 0.09500
v 0.31500 0.05000 0.09500
v 0.32000 0.05000 0.09500
v 0.32000 0.05500 0.09500
v 0.31500 0.05500 0.09500
v 0.31500 0.05000 0.10000
v 0.32000 0.05000 0.10000
v 0.32000 0.05500 0.10000
v 0.31500 0.05500 0.10000
v 0.31500 0.05000 0.10000
v 0.32000 0.05000 0.10000
v 0.32000 0.05500 0.10000
v 0.31500 0.05500 0.10000
v 0.31500 0.05000 0.10500
v 0.32000 0.05000 0.10500
v 0.32000 0.05500 0.10500
v 0.31500 0.05500 0.10500
v 0.31500 0.05000 0.10500
v 0.32000 0.05000 0.10500
v 0.32000 0.05500 0.10500
v 0.31500 0.05500 0.10500
v 0.31500 0.05000 0.11000
v 0.32000 0.05000 0.11000
v 0.32000 0.05500 0.11000
v 0.31500 0.05500 0.11000
v 0.31500 0.05000 0.11000
v 0.32000 0.05000 0.11000
v 0.32000 0.05500 0.11000
v 0.31500 0.05500 0.11000
v 0.31500 0.05000 0.11500
v 0.32000 0.05000 0.11500
v 0.32000 0.05500 0.11500
v 0.31500 0.05500 0.11500
v 0.31500 0.05000 0.11500
v 0.32000 0.05000 0.11500
v 0.32000 0.05500 0.11500
v 0.31500 0.05500 0.11500
v 0.31500 0.05000 0.12000
v 0.32000 0.05000 0.12000
v 0.32000 0.05500 0.12000
v 0.31500 0.05500 0.12000
v 0.31500 0.05000 0.12000
v 0.32000 0.05000 0.12000
v 0.32000 0.05500 0.12000
v 0.31500 0.05500 0.12000
v 0.31500 0.05000 0.12500
v 0.32000 0.05000 0.12500
v 0.32000 0.05500 0.12500
v 0.31500 0.05500 0.12500
v 0.31500 0.05000 0.12500
v 0.32000 0.05000 0.12500
v 0.32000 0.05500 0.12500
v 0.31500 0.05500 0.12500
v 0.31500 0.05000 0.13000
v 0.32000 0.05000 0.13000
v 0.32000 0.05500 0.13000
v 0.31500 0.05500 0.13000
v 0.31500 0.05000 0.13000
v 0.32000 0.05000 0.13000
v 0.32000 0.05500 0.13000
v 0.31500 0.05500 0.13000
v 0.31500 0.05000 0.13500
v 0.32000 0.05000 0.13500
v 0.32000 0.05500 0.13500
v 0.31500 0.05500 0.13500
v 0.31500 0.05500 0.04000
v 0.32000 0.05500 0.04000
v 0.32000 0.06000 0.04000
v 0.31500 0.06000 0.04000
v 0.31500 0.05500 0.04500
v 0.32000 0.05500 0.04500
v 0.32000 0.06000 0.04500
v 0.31500 0.06000 0.04500
v 0.31500 0.05500 0.04500
v 0.32000 0.05500 0.04500
v 0.32000 0.06000 0.04500
v 0.31500 0.06000 0.04500
v 0.31500 0.05500 0.05000
v 0.32000 0.05500 0.05000
v 0.32000 0.06000 0.05000
v 0.31500 0.06000 0.05000
v 0.31500 0.05500 0.05000
v 0.32000 0.05500 0.05000
v 0.32000 0.06000 0.05000
v 0.31500 0.06000 0.05000
v 0.31500 0.05500 0.05500
v 0.32000 0.05500 0.05500
v 0.32000 0.06000 0.05500
v 0.31500 0.06000 0.05500
v 0.31500 0.05500 0.05500
v 0.32000 0.05500 0.05500
v 0.32000 0.06000 0.05500
v 0.31500 0.06000 0.05500
v 0.31500 0.05500 0.06000
v 0.32000 0.05500 0.06000
v 0.32000 0.06000 0.06000
v 0.31500 0.06000 0.06000
v 0.31500 0.05500 0.06000
v 0.32000 0.05500 0.06000
v 0.32000 0.06000 0.06000
v 0.31500 0.06000 0.06000
v 0.31500 0.05500 0.06500
v 0.32000 0.05500 0.06500
v 0.32000 0.06000 0.06500
v 0.31500 0.06000 0.06500
v 0.31500 0.05500 0.06500
v 0.32000 0.05500 0.06500
v 0.32000 0.06000 0.06500
v 0.31500 0.06000 0.06500
v 0.31500 0.05500 0.07000
v 0.32000 0.05500 0.07000
v 0.32000 0.06000 0.07000
v 0.31500 0.06000 0.07000
v 0.31500 0.05500 0.07000
v 0.32000 0.05500 0.07000
v 0.32000 0.06000 0.07000
v 0.31500 0.06000 0.07000
v 0.31500 0.05500 0.07500
v 0.32000 0.05500 0.07500
v 0.32000 0.06000 0.07500
v 0.31500 0.06000 0.07500
v 0.31500 0.05500 0.07500
v 0.32000 0.05500 0.07500
v 0.32000 0.06000 0.07500
v 0.31500 0.06000 0.07500
v 0.31500 0.05500 0.08000
v 0.32000 0.05500 0.08000
v 0.32000 0.06000 0.08000
v 0.31500 0.06000 0.08000
v 0.32000 -0.04500 0.01000
v 0.32500 -0.04500 0.01000
v 0.32500 -0.04000 0.01000
v 0.32000 -0.04000 0.01000
v 0.32000 -0.04500 0.01500
v 0.32500 -0.04500 0.01500
v 0.32500 -0.04000 0.01500
v 0.32000 -0.04000 0.01500
v 0.32000 -0.04500 0.04000
v 0.32500 -0.04500 0.04000
v 0.32500 -0.04000 0.04000
v 0.32000 -0.04000 0.04000
v 0.32000 -0.04500 0.04500
v 0.32500 -0.04500 0.04500
v 0.32500 -0.04000 0.04500
v 0.32000 -0.04000 0.04500
v 0.32000 -0.04500 0.08500
v 0.32500 -0.04500 0.08500
v 0.32500 -0.04000 0.08500
v 0.32000 -0.04000 0.08500
v 0.32000 -0.04500 0.09000
v 0.32500 -0.04500 0.09000
v 0.32500 -0.04000 0.09000
v 0.32000 -0.04000 0.09000
v 0.32000 -0.04500 0.09000
v 0.32500 -0.04500 0.09000
v 0.32500 -0.04000 0.09000
v 0.32000 -0.04000 0.09000
v 0.32000 -0.04500 0.09500
v 0.32500 -0.04500 0.09500
v 0.32500 -0.04000 0.09500
v 0.32000 -0.04000 0.09500
v 0.32000 -0.04500 0.09500
v 0.32500 -0.04500 0.09500
v 0.32500 -0.04000 0.09500
v 0.32000 -0.04000 0.09500
v 0.32000 -0.04500 0.10000
v 0.32500 -0.04500 0.10000
v 0.32500 -0.04000 0.10000
v 0.32000 -0.04000 0.10000
v 0.32000 -0.04500 0.10000
v 0.32500 -0.04500 0.10000
v 0.32500 -0.04000 0.10000
v 0.32000 -0.04000 0.10000
v 0.32000 -0.04500 0.10500
v 0.32500 -0.04500 0.10500
v 0.32500 -0.04000 0.10500
v 0.32000 -0.04000 0.10500
v 0.32000 -0.04500 0.10500
v 0.32500 -0.04500 0.10500
v 0.32500 -0.04000 0.10500
v 0.32000 -0.04000 0.10500
v 0.32000 -0.04500 0.11000
v 0.32500 -0.04500 0.11000
v 0.32500 -0.04000 0.11000
v 0.32000 -0.04000 0.11000
v 0.32000 -0.04500 0.11000
v 0.32500 -0.04500 0.11000
v 0.32500 -0.04000 0.11000
v 0.32000 -0.04000 0.11000
v 0.32000 -0.04500 0.11500
v 0.32500 -0.04500 0.11500
v 0.32500 -0.04000 0.11500
v 0.32000 -0.04000 0.11500
v 0.32000 -0.04500 0.11500
v 0.32500 -0.04500 0.11500
v 0.32500 -0.04000 0.11500
v 0.32000 -0.04000 0.11500
v 0.32000 -0.04500 0.12000
v 0.32500 -0.04500 0.12000
v 0.32500 -0.04000 0.12000
v 0.32000 -0.04000 0.12000
v 0.32000 -0.04500 0.12000
v 0.32500 -0.04500 0.12000
v 0.32500 -0.04000 0.12000
v 0.32000 -0.04000 0.12000
v 0.32000 -0.04500 0.12500
v 0.32500 -0.04500 0.12500
v 0.32500 -0.04000 0.12500
v 0.32000 -0.04000 0.12500
v 0.32000 -0.04500 0.13000
v 0.32500 -0.04500 0.13000
v 0.32500 -0.04000 0.13000
v 0.32000 -0.04000 0.13000
v 0.32000 -0.04500 0.13500
v 0.32500 -0.04500 0.13500
v 0.32500 -0.04000 0.13500
v 0.32000 -0.04000 0.13500
v 0.32000 -0.04500 0.14500
v 0.32500 -0.04500 0.14500
v 0.32500 -0.04000 0.14500
v 0.32000 -0.04000 0.14500
v 0.32000 -0.04500 0.15000
v 0.32500 -0.04500 0.15000
v 0.32500 -0.04000 0.15000
v 0.32000 -0.04000 0.15000
v 0.32000 -0.04000 0.15000
v 0.32500 -0.04000 0.15000
v 0.32500 -0.03500 0.15000
v 0.32000 -0.03500 0.15000
v 0.32000 -0.04000 0.15500
v 0.32500 -0.04000 0.15500
v 0.32500 -0.03500 0.15500
v 0.32000 -0.03500 0.15500
v 0.32000 -0.04000 0.15500
v 0.32500 -0.04000 0.15500
v 0.32500 -0.03500 0.15500
v 0.32000 -0.03500 0.15500
v 0.32000 -0.04000 0.16000
v 0.32500 -0.04000 0.16000
v 0.32500 -0.03500 0.16000
v 0.32000 -0.03500 0.16000
v 0.32000 -0.04000 0.16000
v 0.32500 -0.04000 0.16000
v 0.32500 -0.03500 0.16000
v 0.32000 -0.03500 0.16000
v 0.32000 -0.04000 0.16500
v 0.32500 -0.04000 0.16500
v 0.32500 -0.03500 0.16500
v 0.32000 -0.03500 0.16500
v 0.32000 -0.04000 0.16500
v 0.32500 -0.04000 0.16500
v 0.32500 -0.03500 0.16500
v 0.32000 -0.03500 0.16500
v 0.32000 -0.04000 0.17000
v 0.32500 -0.04000 0.17000
v 0.32500 -0.03500 0.17000
v 0.32000 -0.03500 0.17000
v 0.32000 -0.04000 0.17000
v 0.32500 -0.04000 0.17000
v 0.32500 -0.03500 0.17000
v 0.32000 -0.03500 0.17000
v 0.32000 -0.04000 0.17500
v 0.32500 -0.04000 0.17500
v 0.32500 -0.03500 0.17500
v 0.32000 -0.03500 0.17500
v 0.32000 -0.03500 0.17500
v 0.32500 -0.03500 0.17500
v 0.32500 -0.03000 0.17500
v 0.32000 -0.03000 0.17500
v 0.32000 -0.03500 0.18000
v 0.32500 -0.03500 0.18000
v 0.32500 -0.03000 0.18000
v 0.32000 -0.03000 0.18000
v 0.32000 -0.03000 0.17500
v 0.32500 -0.03000 0.17500
v 0.32500 -0.02500 0.17500
v 0.32000 -0.02500 0.17500
v 0.32000 -0.03000 0.18000
v 0.32500 -0.03000 0.18000
v 0.32500 -0.02500 0.18000
v 0.32000 -0.02500 0.18000
v 0.32000 -0.02500 0.17500
v 0.32500 -0.02500 0.17500
v 0.32500 -0.02000 0.17500
v 0.32000 -0.02000 0.17500
v 0.32000 -0.02500 0.18000
v 0.32500 -0.02500 0.18000
v 0.32500 -0.02000 0.18000
v 0.32000 -0.02000 0.18000
v 0.32000 -0.02000 0.18000
v 0.32500 -0.02000 0.18000
v 0.32500 -0.01500 0.18000
v 0.32000 -0.01500 0.18000
v 0.32000 -0.02000 0.18500
v 0.32500 -0.02000 0.18500
v 0.32500 -0.01500 0.18500
v 0.32000 -0.01500 0.18500
v 0.32000 -0.01500 0.18000
v 0.32500 -0.01500 0.18000
v 0.32500 -0.01000 0.18000
v 0.32000 -0.01000 0.18000
v 0.32000 -0.01500 0.18500
v 0.32500 -0.01500 0.18500
v 0.32500 -0.01000 0.18500
v 0.32000 -0.01000 0.18500
v 0.32000 -0.01000 0.18000
v 0.32500 -0.01000 0.18000
v 0.32500 -0.00500 0.18000
v 0.32000 -0.00500 0.18000
v 0.32000 -0.01000 0.18500
v 0.32500 -0.01000 0.18500
v 0.32500 -0.00500 0.18500
v 0.32000 -0.00500 0.18500
v 0.32000 -0.00500 0.18000
v 0.32500 -0.00500 0.18000
v 0.32500 0.00000 0.18000
v 0.32000 0.00000 0.18000
v 0.32000 -0.00500 0.18500
v 0.32500 -0.00500 0.18500
v 0.32500 0.00000 0.18500
v 0.32000 0.00000 0.18500
v 0.32000 0.00000 0.17500
v 0.32500 0.00000 0.17500
v 0.32500 0.00500 0.17500
v 0.32000 0.00500 0.17500
v 0.32000 0.00000 0.18000
v 0.32500 0.00000 0.18000
v 0.32500 0.00500 0.18000
v 0.32000 0.00500 0.18000
v 0.32000 0.00500 0.17500
v 0.32500 0.00500 0.17500
v 0.32500 0.01000 0.17500
v 0.32000 0.01000 0.17500
v 0.32000 0.00500 0.18000
v 0.32500 0.00500 0.18000
v 0.32500 0.01000 0.18000
v 0.32000 0.01000 0.18000
v 0.32000 0.01000 0.17500
v 0.32500 0.01000 0.17500
v 0.32500 0.01500 0.17500
v 0.32000 0.01500 0.17500
v 0.32000 0.01000 0.18000
v 0.32500 0.01000 0.18000
v 0.32500 0.01500 0.18000
v 0.32000 0.01500 0.18000
v 0.32000 0.01500 0.17500
v 0.32500 0.01500 0.17500
v 0.32500 0.02000 0.17500
v 0.32000 0.02000 0.17500
v 0.32000 0.01500 0.18000
v 0.32500 0.01500 0.18000
v 0.32500 0.02000 0.18000
v 0.32000 0.02000 0.18000
v 0.32000 0.02000 0.17500
v 0.32500 0.02000 0.17500
v 0.32500 0.02500 0.17500
v 0.32000 0.02500 0.17500
v 0.32000 0.02000 0.18000
v 0.32500 0.02000 0.18000
v 0.32500 0.02500 0.18000
v 0.32000 0.02500 0.18000
v 0.32000 0.02500 0.17500
v 0.32500 0.02500 0.17500
v 0.32500 0.03000 0.17500
v 0.32000 0.03000 0.17500
v 0.32000 0.02500 0.18000
v 0.32500 0.02500 0.18000
v 0.32500 0.03000 0.18000
v 0.32000 0.03000 0.18000
v 0.32000 0.03000 0.17000
v 0.32500 0.03000 0.17000
v 0.32500 0.03500 0.17000
v 0.32000 0.03500 0.17000
v 0.32000 0.03000 0.17500
v 0.32500 0.03000 0.17500
v 0.32500 0.03500 0.17500
v 0.32000 0.03500 0.17500
v 0.32000 0.03500 0.17000
v 0.32500 0.03500 0.17000
v 0.32500 0.04000 0.17000
v 0.32000 0.04000 0.17000
v 0.32000 0.03500 0.17500
v 0.32500 0.03500 0.17500
v 0.32500 0.04000 0.17500
v 0.32000 0.04000 0.17500
v 0.32000 0.04000 0.17000
v 0.32500 0.04000 0.17000
v 0.32500 0.04500 0.17000
v 0.32000 0.04500 0.17000
v 0.32000 0.04000 0.17500
v 0.32500 0.04000 0.17500
v 0.32500 0.04500 0.17500
v 0.32000 0.04500 0.17500
v 0.32000 0.04500 0.13500
v 0.32500 0.04500 0.13500
v 0.32500 0.05000 0.13500
v 0.32000 0.05000 0.13500
v 0.32000 0.04500 0.14000
v 0.32500 0.04500 0.14000
v 0.32500 0.05000 0.14000
v 0.32000 0.05000 0.14000
v 0.32000 0.04500 0.14000
v 0.32500 0.04500 0.14000
v 0.32500 0.05000 0.14000
v 0.32000 0.05000 0.14000
v 0.32000 0.04500 0.14500
v 0.32500 0.04500 0.14500
v 0.32500 0.05000 0.14500
v 0.32000 0.05000 0.14500
v 0.32000 0.04500 0.14500
v 0.32500 0.04500 0.14500
v 0.32500 0.05000 0.14500
v 0.32000 0.05000 0.14500
v 0.32000 0.04500 0.15000
v 0.32500 0.04500 0.15000
v 0.32500 0.05000 0.15000
v 0.32000 0.05000 0.15000
v 0.32000 0.04500 0.15000
v 0.32500 0.04500 0.15000
v 0.32500 0.05000 0.15000
v 0.32000 0.05000 0.15000
v 0.32000 0.04500 0.15500
v 0.32500 0.04500 0.15500
v 0.32500 0.05000 0.15500
v 0.32000 0.05000 0.15500
v 0.32000 0.04500 0.15500
v 0.32500 0.04500 0.15500
v 0.32500 0.05000 0.15500
v 0.32000 0.05000 0.15500
v 0.32000 0.04500 0.16000
v 0.32500 0.04500 0.16000
v 0.32500 0.05000 0.16000
v 0.32000 0.05000 0.16000
v 0.32000 0.04500 0.16000
v 0.32500 0.04500 0.16000
v 0.32500 0.05000 0.16000
v 0.32000 0.05000 0.16000
v 0.32000 0.04500 0.16500
v 0.32500 0.04500 0.16500
v 0.32500 0.05000 0.16500
v 0.32000 0.05000 0.16500
v 0.32000 0.04500 0.16500
v 0.32500 0.04500 0.16500
v 0.32500 0.05000 0.16500
v 0.32000 0.05000 0.16500
v 0.32000 0.04500 0.17000
v 0.32500 0.04500 0.17000
v 0.32500 0.05000 0.17000
v 0.32000 0.05000 0.17000
v 0.32000 0.05000 0.00500
v 0.32500 0.05000 0.00500
v 0.32500 0.05500 0.00500
v 0.32000 0.05500 0.00500
v 0.32000 0.05000 0.01000
v 0.32500 0.05000 0.01000
v 0.32500 0.05500 0.01000
v 0.32000 0.05500 0.01000
v 0.32000 0.05000 0.01000
v 0.32500 0.05000 0.01000
v 0.32500 0.05500 0.01000
v 0.32000 0.05500 0.01000
v 0.32000 0.05000 0.01500
v 0.32500 0.05000 0.01500
v 0.32500 0.05500 0.01500
v 0.32000 0.05500 0.01500
v 0.32000 0.05000 0.01500
v 0.32500 0.05000 0.01500
v 0.32500 0.05500 0.01500
v 0.32000 0.05500 0.01500
v 0.32000 0.05000 0.02000
v 0.32500 0.05000 0.02000
v 0.32500 0.05500 0.02000
v 0.32000 0.05500 0.02000
v 0.32000 0.05000 0.02000
v 0.32500 0.05000 0.02000
v 0.32500 0.05500 0.02000
v 0.32000 0.05500 0.02000
v 0.32000 0.05000 0.02500
v 0.32500 0.05000 0.02500
v 0.32500 0.05500 0.02500
v 0.32000 0.05500 0.02500
v 0.32000 0.05000 0.02500
v 0.32500 0.05000 0.02500
v 0.32500 0.05500 0.02500
v 0.32000 0.05500 0.02500
v 0.32000 0.05000 0.03000
v 0.32500 0.05000 0.03000
v 0.32500 0.05500 0.03000
v 0.32000 0.05500 0.03000
v 0.32000 0.05000 0.03000
v 0.32500 0.05000 0.03000
v 0.32500 0.05500 0.03000
v 0.32000 0.05500 0.03000
v 0.32000 0.05000 0.03500
v 0.32500 0.05000 0.03500
v 0.32500 0.05500 0.03500
v 0.32000 0.05500 0.03500
v 0.32000 0.05000 0.07500
v 0.32500 0.05000 0.07500
v 0.32500 0.05500 0.07500
v 0.32000 0.05500 0.07500
v 0.32000 0.05000 0.08000
v 0.32500 0.05000 0.08000
v 0.32500 0.05500 0.08000
v 0.32000 0.05500 0.08000
v 0.32000 0.05000 0.08000
v 0.32500 0.05000 0.08000
v 0.32500 0.05500 0.08000
v 0.32000 0.05500 0.08000
v 0.32000 0.05000 0.08500
v 0.32500 0.05000 0.08500
v 0.32500 0.05500 0.08500
v 0.32000 0.05500 0.08500
v 0.32000 0.05000 0.08500
v 0.32500 0.05000 0.08500
v 0.32500 0.05500 0.08500
v 0.32000 0.05500 0.08500
v 0.32000 0.05000 0.09000
v 0.32500 0.05000 0.09000
v 0.32500 0.05500 0.09000
v 0.32000 0.05500 0.09000
v 0.32000 0.05000 0.09000
v 0.32500 0.05000 0.09000
v 0.32500 0.05500 0.09000
v 0.32000 0.05500 0.09000
v 0.32000 0.05000 0.09500
v 0.32500 0.05000 0.09500
v 0.32500 0.05500 0.09500
v 0.32000 0.05500 0.09500
v 0.32000 0.05000 0.09500
v 0.32500 0.05000 0.09500
v 0.32500 0.05500 0.09500
v 0.32000 0.05500 0.09500
v 0.32000 0.05000 0.10000
v 0.32500 0.05000 0.10000
v 0.32500 0.05500 0.10000
v 0.32000 0.05500 0.10000
v 0.32000 0.05000 0.10000
v 0.32500 0.05000 0.10000
v 0.32500 0.05500 0.10000
v 0.32000 0.05500 0.10000
v 0.32000 0.05000 0.10500
v 0.32500 0.05000 0.10500
v 0.32500 0.05500 0.10500
v 0.32000 0.05500 0.10500
v 0.32000 0.05000 0.10500
v 0.32500 0.05000 0.10500
v 0.32500 0.05500 0.10500
v 0.32000 0.05500 0.10500
v 0.32000 0.05000 0.11000
v 0.32500 0.05000 0.11000
v 0.32500 0.05500 0.11000
v 0.32000 0.05500 0.11000
v 0.32000 0.05000 0.11000
v 0.32500 0.05000 0.11000
v 0.32500 0.05500 0.11000
v 0.32000 0.05500 0.11000
v 0.32000 0.05000 0.11500
v 0.32500 0.05000 0.11500
v 0.32500 0.05500 0.11500
v 0.32000 0.05500 0.11500
v 0.32000 0.05000 0.11500
v 0.32500 0.05000 0.11500
v 0.32500 0.05500 0.11500
v 0.32000 0.05500 0.11500
v 0.32000 0.05000 0.12000
v 0.32500 0.05000 0.12000
v 0.32500 0.05500 0.12000
v 0.32000 0.05500 0.12000
v 0.32000 0.05000 0.12000
v 0.32500 0.05000 0.12000
v 0.32500 0.05500 0.12000
v 0.32000 0.05500 0.12000
v 0.32000 0.05000 0.12500
v 0.32500 0.05000 0.12500
v 0.32500 0.05500 0.12500
v 0.32000 0.05500 0.12500
v 0.32000 0.05000 0.12500
v 0.32500 0.05000 0.12500
v 0.32500 0.05500 0.12500
v 0.32000 0.05500 0.12500
v 0.32000 0.05000 0.13000
v 0.32500 0.05000 0.13000
v 0.32500 0.05500 0.13000
v 0.32000 0.05500 0.13000
v 0.32000 0.05000 0.13000
v 0.32500 0.05000 0.13000
v 0.32500 0.05500 0.13000
v 0.32000 0.05500 0.13000
v 0.32000 0.05000 0.13500
v 0.32500 0.05000 0.13500
v 0.32500 0.05500 0.13500
v 0.32000 0.05500 0.13500
v 0.32000 0.05500 0.04500
v 0.32500 0.05500 0.04500
v 0.32500 0.06000 0.04500
v 0.32000 0.06000 0.04500
v 0.32000 0.05500 0.05000
v 0.32500 0.05500 0.05000
v 0.32500 0.06000 0.05000
v 0.32000 0.06000 0.05000
v 0.32000 0.05500 0.06000
v 0.32500 0.05500 0.06000
v 0.32500 0.06000 0.06000
v 0.32000 0.06000 0.06000
v 0.32000 0.05500 0.06500
v 0.32500 0.05500 0.06500
v 0.32500 0.06000 0.06500
v 0.32000 0.06000 0.06500
v 0.32500 -0.04500 0.00000
v 0.33000 -0.04500 0.00000
v 0.33000 -0.04000 0.00000
v 0.32500 -0.04000 0.00000
v 0.32500 -0.04500 0.00500
v 0.33000 -0.04500 0.00500
v 0.33000 -0.04000 0.00500
v 0.32500 -0.04000 0.00500
v 0.32500 -0.04500 0.00500
v 0.33000 -0.04500 0.00500
v 0.33000 -0.04000 0.00500
v 0.32500 -0.04000 0.00500
v 0.32500 -0.04500 0.01000
v 0.33000 -0.04500 0.01000
v 0.33000 -0.04000 0.01000
v 0.32500 -0.04000 0.01000
v 0.32500 -0.04500 0.01000
v 0.33000 -0.04500 0.01000
v 0.33000 -0.04000 0.01000
v 0.32500 -0.04000 0.01000
v 0.32500 -0.04500 0.01500
v 0.33000 -0.04500 0.01500
v 0.33000 -0.04000 0.01500
v 0.32500 -0.04000 0.01500
v 0.32500 -0.04500 0.01500
v 0.33000 -0.04500 0.01500
v 0.33000 -0.04000 0.01500
v 0.32500 -0.04000 0.01500
v 0.32500 -0.04500 0.02000
v 0.33000 -0.04500 0.02000
v 0.33000 -0.04000 0.02000
v 0.32500 -0.04000 0.02000
v 0.32500 -0.04500 0.02000
v 0.33000 -0.04500 0.02000
v 0.33000 -0.04000 0.02000
v 0.32500 -0.04000 0.02000
v 0.32500 -0.04500 0.02500
v 0.33000 -0.04500 0.02500
v 0.33000 -0.04000 0.02500
v 0.32500 -0.04000 0.02500
v 0.32500 -0.04500 0.02500
v 0.33000 -0.04500 0.02500
v 0.33000 -0.04000 0.02500
v 0.32500 -0.04000 0.02500
v 0.32500 -0.04500 0.03000
v 0.33000 -0.04500 0.03000
v 0.33000 -0.04000 0.03000
v 0.32500 -0.04000 0.03000
v 0.32500 -0.04500 0.03000
v 0.33000 -0.04500 0.03000
v 0.33000 -0.04000 0.03000
v 0.32500 -0.04000 0.03000
v 0.32500 -0.04500 0.03500
v 0.33000 -0.04500 0.03500
v 0.33000 -0.04000 0.03500
v 0.32500 -0.04000 0.03500
v 0.32500 -0.04500 0.03500
v 0.33000 -0.04500 0.03500
v 0.33000 -0.04000 0.03500
v 0.32500 -0.04000 0.03500
v 0.32500 -0.04500 0.04000
v 0.33000 -0.04500 0.04000
v 0.33000 -0.04000 0.04000
v 0.32500 -0.04000 0.04000
v 0.32500 -0.04500 0.04000
v 0.33000 -0.04500 0.04000
v 0.33000 -0.04000 0.04000
v 0.32500 -0.04000 0.04000
v 0.32500 -0.04500 0.04500
v 0.33000 -0.04500 0.04500
v 0.33000 -0.04000 0.04500
v 0.32500 -0.04000 0.04500
v 0.32500 -0.04500 0.04500
v 0.33000 -0.04500 0.04500
v 0.33000 -0.04000 0.04500
v 0.32500 -0.04000 0.04500
v 0.32500 -0.04500 0.05000
v 0.33000 -0.04500 0.05000
v 0.33000 -0.04000 0.05000
v 0.32500 -0.04000 0.05000
v 0.32500 -0.04500 0.05000
v 0.33000 -0.04500 0.05000
v 0.33000 -0.04000 0.05000
v 0.32500 -0.04000 0.05000
v 0.32500 -0.04500 0.05500
v 0.33000 -0.04500 0.05500
v 0.33000 -0.04000 0.05500
v 0.32500 -0.04000 0.05500
v 0.32500 -0.04500 0.05500
v 0.33000 -0.04500 0.05500
v 0.33000 -0.04000 0.05500
v 0.32500 -0.04000 0.05500
v 0.32500 -0.04500 0.06000
v 0.33000 -0.04500 0.06000
v 0.33000 -0.04000 0.06000
v 0.32500 -0.04000 0.06000
v 0.32500 -0.04500 0.06000
v 0.33000 -0.04500 0.06000
v 0.33000 -0.04000 0.06000
v 0.32500 -0.04000 0.06000
v 0.32500 -0.04500 0.06500
v 0.33000 -0.04500 0.06500
v 0.33000 -0.04000 0.06500
v 0.32500 -0.04000 0.06500
v 0.32500 -0.04500 0.06500
v 0.33000 -0.04500 0.06500
v 0.33000 -0.04000 0.06500
v 0.32500 -0.04000 0.06500
v 0.32500 -0.04500 0.07000
v 0.33000 -0.04500 0.07000
v 0.33000 -0.04000 0.07000
v 0.32500 -0.04000 0.07000
v 0.32500 -0.04500 0.07000
v 0.33000 -0.04500 0.07000
v 0.33000 -0.04000 0.07000
v 0.32500 -0.04000 0.07000
v 0.32500 -0.04500 0.07500
v 0.33000 -0.04500 0.07500
v 0.33000 -0.04000 0.07500
v 0.32500 -0.04000 0.07500
v 0.32500 -0.04500 0.07500
v 0.33000 -0.04500 0.07500
v 0.33000 -0.04000 0.07500
v 0.32500 -0.04000 0.07500
v 0.32500 -0.04500 0.08000
v 0.33000 -0.04500 0.08000
v 0.33000 -0.04000 0.08000
v 0.32500 -0.04000 0.08000
v 0.32500 -0.04500 0.08000
v 0.33000 -0.04500 0.08000
v 0.33000 -0.04000 0.08000
v 0.32500 -0.04000 0.08000
v 0.32500 -0.04500 0.08500
v 0.33000 -0.04500 0.08500
v 0.33000 -0.04000 0.08500
v 0.32500 -0.04000 0.08500
v 0.32500 -0.04500 0.08500
v 0.33000 -0.04500 0.08500
v 0.33000 -0.04000 0.08500
v 0.32500 -0.04000 0.08500
v 0.32500 -0.04500 0.09000
v 0.33000 -0.04500 0.09000
v 0.33000 -0.04000 0.09000
v 0.32500 -0.04000 0.09000
v 0.32500 -0.04500 0.09000
v 0.33000 -0.04500 0.09000
v 0.33000 -0.04000 0.09000
v 0.32500 -0.04000 0.09000
v 0.32500 -0.04500 0.09500
v 0.33000 -0.04500 0.09500
v 0.33000 -0.04000 0.09500
v 0.32500 -0.04000 0.09500
v 0.32500 -0.04500 0.09500
v 0.33000 -0.04500 0.09500
v 0.33000 -0.04000 0.09500
v 0.32500 -0.04000 0.09500
v 0.32500 -0.04500 0.10000
v 0.33000 -0.04500 0.10000
v 0.33000 -0.04000 0.10000
v 0.32500 -0.04000 0.10000
v 0.32500 -0.04500 0.10000
v 0.33000 -0.04500 0.10000
v 0.33000 -0.04000 0.10000
v 0.32500 -0.04000 0.10000
v 0.32500 -0.04500 0.10500
v 0.33000 -0.04500 0.10500
v 0.33000 -0.04000 0.10500
v 0.32500 -0.04000 0.10500
v 0.32500 -0.04500 0.10500
v 0.33000 -0.04500 0.10500
v 0.33000 -0.04000 0.10500
v 0.32500 -0.04000 0.10500
v 0.32500 -0.04500 0.11000
v 0.33000 -0.04500 0.11000
v 0.33000 -0.04000 0.11000
v 0.32500 -0.04000 0.11000
v 0.32500 -0.04500 0.11000
v 0.33000 -0.04500 0.11000
v 0.33000 -0.04000 0.11000
v 0.32500 -0.04000 0.11000
v 0.32500 -0.04500 0.11500
v 0.33000 -0.04500 0.11500
v 0.33000 -0.04000 0.11500
v 0.32500 -0.04000 0.11500
v 0.32500 -0.04500 0.11500
v 0.33000 -0.04500 0.11500
v 0.33000 -0.04000 0.11500
v 0.32500 -0.04000 0.11500
v 0.32500 -0.04500 0.12000
v 0.33000 -0.04500 0.12000
v 0.33000 -0.04000 0.12000
v 0.32500 -0.04000 0.12000
v 0.32500 -0.04500 0.12000
v 0.33000 -0.04500 0.12000
v 0.33000 -0.04000 0.12000
v 0.32500 -0.04000 0.12000
v 0.32500 -0.04500 0.12500
v 0.33000 -0.04500 0.12500
v 0.33000 -0.04000 0.12500
v 0.32500 -0.04000 0.12500
v 0.32500 -0.04500 0.12500
v 0.33000 -0.04500 0.12500
v 0.33000 -0.04000 0.12500
v 0.32500 -0.04000 0.12500
v 0.32500 -0.04500 0.13000
v 0.33000 -0.04500 0.13000
v 0.33000 -0.04000 0.13000
v 0.32500 -0.04000 0.13000
v 0.32500 -0.04500 0.13000
v 0.33000 -0.04500 0.13000
v 0.33000 -0.04000 0.13000
v 0.32500 -0.04000 0.13000
v 0.32500 -0.04500 0.13500
v 0.33000 -0.04500 0.13500
v 0.33000 -0.04000 0.13500
v 0.32500 -0.04000 0.13500
v 0.32500 -0.04500 0.13500
v 0.33000 -0.04500 0.13500
v 0.33000 -0.04000 0.13500
v 0.32500 -0.04000 0.13500
v 0.32500 -0.04500 0.14000
v 0.33000 -0.04500 0.14000
v 0.33000 -0.04000 0.14000
v 0.32500 -0.04000 0.14000
v 0.32500 -0.04500 0.14000
v 0.33000 -0.04500 0.14000
v 0.33000 -0.04000 0.14000
v 0.32500 -0.04000 0.14000
v 0.32500 -0.04500 0.14500
v 0.33000 -0.04500 0.14500
v 0.33000 -0.04000 0.14500
v 0.32500 -0.04000 0.14500
v 0.32500 -0.04000 0.14500
v 0.33000 -0.04000 0.14500
v 0.33000 -0.03500 0.14500
v 0.32500 -0.03500 0.14500
v 0.32500 -0.04000 0.15000
v 0.33000 -0.04000 0.15000
v 0.33000 -0.03500 0.15000
v 0.32500 -0.03500 0.15000
v 0.32500 -0.04000 0.15500
v 0.33000 -0.04000 0.15500
v 0.33000 -0.03500 0.15500
v 0.32500 -0.03500 0.15500
v 0.32500 -0.04000 0.16000
v 0.33000 -0.04000 0.16000
v 0.33000 -0.03500 0.16000
v 0.32500 -0.03500 0.16000
v 0.32500 -0.03500 0.16500
v 0.33000 -0.03500 0.16500
v 0.33000 -0.03000 0.16500
v 0.32500 -0.03000 0.16500
v 0.32500 -0.03500 0.17000
v 0.33000 -0.03500 0.17000
v 0.33000 -0.03000 0.17000
v 0.32500 -0.03000 0.17000
v 0.32500 -0.03500 0.17000
v 0.33000 -0.03500 0.17000
v 0.33000 -0.03000 0.17000
v 0.32500 -0.03000 0.17000
v 0.32500 -0.03500 0.17500
v 0.33000 -0.03500 0.17500
v 0.33000 -0.03000 0.17500
v 0.32500 -0.03000 0.17500
v 0.32500 -0.03500 0.17500
v 0.33000 -0.03500 0.17500
v 0.33000 -0.03000 0.17500
v 0.32500 -0.03000 0.17500
v 0.32500 -0.03500 0.18000
v 0.33000 -0.03500 0.18000
v 0.33000 -0.03000 0.18000
v 0.32500 -0.03000 0.18000
v 0.32500 -0.03000 0.17500
v 0.33000 -0.03000 0.17500
v 0.33000 -0.02500 0.17500
v 0.32500 -0.02500 0.17500
v 0.32500 -0.03000 0.18000
v 0.33000 -0.03000 0.18000
v 0.33000 -0.02500 0.18000
v 0.32500 -0.02500 0.18000
v 0.32500 -0.02500 0.17500
v 0.33000 -0.02500 0.17500
v 0.33000 -0.02000 0.17500
v 0.32500 -0.02000 0.17500
v 0.32500 -0.02500 0.18000
v 0.33000 -0.02500 0.18000
v 0.33000 -0.02000 0.18000
v 0.32500 -0.02000 0.18000
v 0.32500 -0.02000 0.17500
v 0.33000 -0.02000 0.17500
v 0.33000 -0.01500 0.17500
v 0.32500 -0.01500 0.17500
v 0.32500 -0.02000 0.18000
v 0.33000 -0.02000 0.18000
v 0.33000 -0.01500 0.18000
v 0.32500 -0.01500 0.18000
v 0.32500 -0.01500 0.17500
v 0.33000 -0.01500 0.17500
v 0.33000 -0.01000 0.17500
v 0.32500 -0.01000 0.17500
v 0.32500 -0.01500 0.18000
v 0.33000 -0.01500 0.18000
v 0.33000 -0.01000 0.18000
v 0.32500 -0.01000 0.18000
v 0.32500 -0.01000 0.17500
v 0.33000 -0.01000 0.17500
v 0.33000 -0.00500 0.17500
v 0.32500 -0.00500 0.17500
v 0.32500 -0.01000 0.18000
v 0.33000 -0.01000 0.18000
v 0.33000 -0.00500 0.18000
v 0.32500 -0.00500 0.18000
v 0.32500 -0.00500 0.17500
v 0.33000 -0.00500 0.17500
v 0.33000 0.00000 0.17500
v 0.32500 0.00000 0.17500
v 0.32500 -0.00500 0.18000
v 0.33000 -0.00500 0.18000
v 0.33000 0.00000 0.18000
v 0.32500 0.00000 0.18000
v 0.32500 0.00000 0.17500
v 0.33000 0.00000 0.17500
v 0.33000 0.00500 0.17500
v 0.32500 0.00500 0.17500
v 0.32500 0.00000 0.18000
v 0.33000 0.00000 0.18000
v 0.33000 0.00500 0.18000
v 0.32500 0.00500 0.18000
v 0.32500 0.00500 0.17500
v 0.33000 0.00500 0.17500
v 0.33000 0.01000 0.17500
v 0.32500 0.01000 0.17500
v 0.32500 0.00500 0.18000
v 0.33000 0.00500 0.18000
v 0.33000 0.01000 0.18000
v 0.32500 0.01000 0.18000
v 0.32500 0.01000 0.17500
v 0.33000 0.01000 0.17500
v 0.33000 0.01500 0.17500
v 0.32500 0.01500 0.17500
v 0.32500 0.01000 0.18000
v 0.33000 0.01000 0.18000
v 0.33000 0.01500 0.18000
v 0.32500 0.01500 0.18000
v 0.32500 0.01500 0.17500
v 0.33000 0.01500 0.17500
v 0.33000 0.02000 0.17500
v 0.32500 0.02000 0.17500
v 0.32500 0.01500 0.18000
v 0.33000 0.01500 0.18000
v 0.33000 0.02000 0.18000
v 0.32500 0.02000 0.18000
v 0.32500 0.02000 0.17500
v 0.33000 0.02000 0.17500
v 0.33000 0.02500 0.17500
v 0.32500 0.02500 0.17500
v 0.32500 0.02000 0.18000
v 0.33000 0.02000 0.18000
v 0.33000 0.02500 0.18000
v 0.32500 0.02500 0.18000
v 0.32500 0.02500 0.17000
v 0.33000 0.02500 0.17000
v 0.33000 0.03000 0.17000
v 0.32500 0.03000 0.17000
v 0.32500 0.02500 0.17500
v 0.33000 0.02500 0.17500
v 0.33000 0.03000 0.17500
v 0.32500 0.03000 0.17500
v 0.32500 0.03000 0.17000
v 0.33000 0.03000 0.17000
v 0.33000 0.03500 0.17000
v 0.32500 0.03500 0.17000
v 0.32500 0.03000 0.17500
v 0.33000 0.03000 0.17500
v 0.33000 0.03500 0.17500
v 0.32500 0.03500 0.17500
v 0.32500 0.03500 0.17000
v 0.33000 0.03500 0.17000
v 0.33000 0.04000 0.17000
v 0.32500 0.04000 0.17000
v 0.32500 0.03500 0.17500
v 0.33000 0.03500 0.17500
v 0.33000 0.04000 0.17500
v 0.32500 0.04000 0.17500
v 0.32500 0.04000 0.16500
v 0.33000 0.04000 0.16500
v 0.33000 0.04500 0.16500
v 0.32500 0.04500 0.16500
v 0.32500 0.04000 0.17000
v 0.33000 0.04000 0.17000
v 0.33000 0.04500 0.17000
v 0.32500 0.04500 0.17000
v 0.32500 0.04500 0.13000
v 0.33000 0.04500 0.13000
v 0.33000 0.05000 0.13000
v 0.32500 0.05000 0.13000
v 0.32500 0.04500 0.13500
v 0.33000 0.04500 0.13500
v 0.33000 0.05000 0.13500
v 0.32500 0.05000 0.13500
v 0.32500 0.04500 0.14500
v 0.33000 0.04500 0.14500
v 0.33000 0.05000 0.14500
v 0.32500 0.05000 0.14500
v 0.32500 0.04500 0.15000
v 0.33000 0.04500 0.15000
v 0.33000 0.05000 0.15000
v 0.32500 0.05000 0.15000
v 0.32500 0.04500 0.15000
v 0.33000 0.04500 0.15000
v 0.33000 0.05000 0.15000
v 0.32500 0.05000 0.15000
v 0.32500 0.04500 0.15500
v 0.33000 0.04500 0.15500
v 0.33000 0.05000 0.15500
v 0.32500 0.05000 0.15500
v 0.32500 0.04500 0.15500
v 0.33000 0.04500 0.15500
v 0.33000 0.05000 0.15500
v 0.32500 0.05000 0.15500
v 0.32500 0.04500 0.16000
v 0.33000 0.04500 0.16000
v 0.33000 0.05000 0.16000
v 0.32500 0.05000 0.16000
v 0.32500 0.05000 0.01500
v 0.33000 0.05000 0.01500
v 0.33000 0.05500 0.01500
v 0.32500 0.05500 0.01500
v 0.32500 0.05000 0.02000
v 0.33000 0.05000 0.02000
v 0.33000 0.05500 0.02000
v 0.32500 0.05500 0.02000
v 0.32500 0.05000 0.02000
v 0.33000 0.05000 0.02000
v 0.33000 0.05500 0.02000
v 0.32500 0.05500 0.02000
v 0.32500 0.05000 0.02500
v 0.33000 0.05000 0.02500
v 0.33000 0.05500 0.02500
v 0.32500 0.05500 0.02500
v 0.32500 0.05000 0.02500
v 0.33000 0.05000 0.02500
v 0.33000 0.05500 0.02500
v 0.32500 0.05500 0.02500
v 0.32500 0.05000 0.03000
v 0.33000 0.05000 0.03000
v 0.33000 0.05500 0.03000
v 0.32500 0.05500 0.03000
v 0.32500 0.05000 0.03000
v 0.33000 0.05000 0.03000
v 0.33000 0.05500 0.03000
v 0.32500 0.05500 0.03000
v 0.32500 0.05000 0.03500
v 0.33000 0.05000 0.03500
v 0.33000 0.05500 0.03500
v 0.32500 0.05500 0.03500
v 0.32500 0.05000 0.03500
v 0.33000 0.05000 0.03500
v 0.33000 0.05500 0.03500
v 0.32500 0.05500 0.03500
v 0.32500 0.05000 0.04000
v 0.33000 0.05000 0.04000
v 0.33000 0.05500 0.04000
v 0.32500 0.05500 0.04000
v 0.32500 0.05000 0.05000
v 0.33000 0.05000 0.05000
v 0.33000 0.05500 0.05000
v 0.32500 0.05500 0.05000
v 0.32500 0.05000 0.05500
v 0.33000 0.05000 0.05500
v 0.33000 0.05500 0.05500
v 0.32500 0.05500 0.05500
v 0.32500 0.05000 0.06000
v 0.33000 0.05000 0.06000
v 0.33000 0.05500 0.06000
v 0.32500 0.05500 0.06000
v 0.32500 0.05000 0.06500
v 0.33000 0.05000 0.06500
v 0.33000 0.05500 0.06500
v 0.32500 0.05500 0.06500
v 0.32500 0.05000 0.06500
v 0.33000 0.05000 0.06500
v 0.33000 0.05500 0.06500
v 0.32500 0.05500 0.06500
v 0.32500 0.05000 0.07000
v 0.33000 0.05000 0.07000
v 0.33000 0.05500 0.07000
v 0.32500 0.05500 0.07000
v 0.32500 0.05000 0.07000
v 0.33000 0.05000 0.07000
v 0.33000 0.05500 0.07000
v 0.32500 0.05500 0.07000
v 0.32500 0.05000 0.07500
v 0.33000 0.05000 0.07500
v 0.33000 0.05500 0.07500
v 0.32500 0.05500 0.07500
v 0.32500 0.05000 0.07500
v 0.33000 0.05000 0.07500
v 0.33000 0.05500 0.07500
v 0.32500 0.05500 0.07500
v 0.32500 0.05000 0.08000
v 0.33000 0.05000 0.08000
v 0.33000 0.05500 0.08000
v 0.32500 0.05500 0.08000
v 0.32500 0.05000 0.08000
v 0.33000 0.05000 0.08000
v 0.33000 0.05500 0.08000
v 0.32500 0.05500 0.08000
v 0.32500 0.05000 0.08500
v 0.33000 0.05000 0.08500
v 0.33000 0.05500 0.08500
v 0.32500 0.05500 0.08500
v 0.32500 0.05000 0.08500
v 0.33000 0.05000 0.08500
v 0.33000 0.05500 0.08500
v 0.32500 0.05500 0.08500
v 0.32500 0.05000 0.09000
v 0.33000 0.05000 0.09000
v 0.33000 0.05500 0.09000
v 0.32500 0.05500 0.09000
v 0.32500 0.05000 0.09000
v 0.33000 0.05000 0.09000
v 0.33000 0.05500 0.09000
v 0.32500 0.05500 0.09000
v 0.32500 0.05000 0.09500
v 0.33000 0.05000 0.09500
v 0.33000 0.05500 0.09500
v 0.32500 0.05500 0.09500
v 0.32500 0.05000 0.09500
v 0.33000 0.05000 0.09500
v 0.33000 0.05500 0.09500
v 0.32500 0.05500 0.09500
v 0.32500 0.05000 0.10000
v 0.33000 0.05000 0.10000
v 0.33000 0.05500 0.10000
v 0.32500 0.05500 0.10000
v 0.32500 0.05000 0.10000
v 0.33000 0.05000 0.10000
v 0.33000 0.05500 0.10000
v 0.32500 0.05500 0.10000
v 0.32500 0.05000 0.10500
v 0.33000 0.05000 0.10500
v 0.33000 0.05500 0.10500
v 0.32500 0.05500 0.10500
v 0.32500 0.05000 0.10500
v 0.33000 0.05000 0.10500
v 0.33000 0.05500 0.10500
v 0.32500 0.05500 0.10500
v 0.32500 0.05000 0.11000
v 0.33000 0.05000 0.11000
v 0.33000 0.05500 0.11000
v 0.32500 0.05500 0.11000
v 0.32500 0.05000 0.11000
v 0.33000 0.05000 0.11000
v 0.33000 0.05500 0.11000
v 0.32500 0.05500 0.11000
v 0.32500 0.05000 0.11500
v 0.33000 0.05000 0.11500
v 0.33000 0.05500 0.11500
v 0.32500 0.05500 0.11500
v 0.32500 0.05000 0.12000
v 0.33000 0.05000 0.12000
v 0.33000 0.05500 0.12000
v 0.32500 0.05500 0.12000
v 0.32500 0.05000 0.12500
v 0.33000 0.05000 0.12500
v 0.33000 0.05500 0.12500
v 0.32500 0.05500 0.12500
v 0.32500 0.05000 0.12500
v 0.33000 0.05000 0.12500
v 0.33000 0.05500 0.12500
v 0.32500 0.05500 0.12500
v 0.32500 0.05000 0.13000
v 0.33000 0.05000 0.13000
v 0.33000 0.05500 0.13000
v 0.32500 0.05500 0.13000
v 0.32500 0.05000 0.13500
v 0.33000 0.05000 0.13500
v 0.33000 0.05500 0.13500
v 0.32500 0.05500 0.13500
v 0.32500 0.05000 0.14000
v 0.33000 0.05000 0.14000
v 0.33000 0.05500 0.14000
v 0.32500 0.05500 0.14000
v 0.32500 0.05000 0.14000
v 0.33000 0.05000 0.14000
v 0.33000 0.05500 0.14000
v 0.32500 0.05500 0.14000
v 0.32500 0.05000 0.14500
v 0.33000 0.05000 0.14500
v 0.33000 0.05500 0.14500
v 0.32500 0.05500 0.14500
v 0.33000 -0.04500 0.00000
v 0.33500 -0.04500 0.00000
v 0.33500 -0.04000 0.00000
v 0.33000 -0.04000 0.00000
v 0.33000 -0.04500 0.00500
v 0.33500 -0.04500 0.00500
v 0.33500 -0.04000 0.00500
v 0.33000 -0.04000 0.00500
v 0.33000 -0.04500 0.00500
v 0.33500 -0.04500 0.00500
v 0.33500 -0.04000 0.00500
v 0.33000 -0.04000 0.00500
v 0.33000 -0.04500 0.01000
v 0.33500 -0.04500 0.01000
v 0.33500 -0.04000 0.01000
v 0.33000 -0.04000 0.01000
v 0.33000 -0.04500 0.01000
v 0.33500 -0.04500 0.01000
v 0.33500 -0.04000 0.01000
v 0.33000 -0.04000 0.01000
v 0.33000 -0.04500 0.01500
v 0.33500 -0.04500 0.01500
v 0.33500 -0.04000 0.01500
v 0.33000 -0.04000 0.01500
v 0.33000 -0.04500 0.01500
v 0.33500 -0.04500 0.01500
v 0.33500 -0.04000 0.01500
v 0.33000 -0.04000 0.01500
v 0.33000 -0.04500 0.02000
v 0.33500 -0.04500 0.02000
v 0.33500 -0.04000 0.02000
v 0.33000 -0.04000 0.02000
v 0.33000 -0.04500 0.02000
v 0.33500 -0.04500 0.02000
v 0.33500 -0.04000 0.02000
v 0.33000 -0.04000 0.02000
v 0.33000 -0.04500 0.02500
v 0.33500 -0.04500 0.02500
v 0.33500 -0.04000 0.02500
v 0.33000 -0.04000 0.02500
v 0.33000 -0.04500 0.02500
v 0.33500 -0.04500 0.02500
v 0.33500 -0.04000 0.02500
v 0.33000 -0.04000 0.02500
v 0.33000 -0.04500 0.03000
v 0.33500 -0.04500 0.03000
v 0.33500 -0.04000 0.03000
v 0.33000 -0.04000 0.03000
v 0.33000 -0.04500 0.03000
v 0.33500 -0.04500 0.03000
v 0.33500 -0.04000 0.03000
v 0.33000 -0.04000 0.03000
v 0.33000 -0.04500 0.03500
v 0.33500 -0.04500 0.03500
v 0.33500 -0.04000 0.03500
v 0.33000 -0.04000 0.03500
v 0.33000 -0.04500 0.03500
v 0.33500 -0.04500 0.03500
v 0.33500 -0.04000 0.03500
v 0.33000 -0.04000 0.03500
v 0.33000 -0.04500 0.04000
v 0.33500 -0.04500 0.04000
v 0.33500 -0.04000 0.04000
v 0.33000 -0.04000 0.04000
v 0.33000 -0.04500 0.04000
v 0.33500 -0.04500 0.04000
v 0.33500 -0.04000 0.04000
v 0.33000 -0.04000 0.04000
v 0.33000 -0.04500 0.04500
v 0.33500 -0.04500 0.04500
v 0.33500 -0.04000 0.04500
v 0.33000 -0.04000 0.04500
v 0.33000 -0.04500 0.04500
v 0.33500 -0.04500 0.04500
v 0.33500 -0.04000 0.04500
v 0.33000 -0.04000 0.04500
v 0.33000 -0.04500 0.05000
v 0.33500 -0.04500 0.05000
v 0.33500 -0.04000 0.05000
v 0.33000 -0.04000 0.05000
v 0.33000 -0.04500 0.05000
v 0.33500 -0.04500 0.05000
v 0.33500 -0.04000 0.05000
v 0.33000 -0.04000 0.05000
v 0.33000 -0.04500 0.05500
v 0.33500 -0.04500 0.05500
v 0.33500 -0.04000 0.05500
v 0.33000 -0.04000 0.05500
v 0.33000 -0.04500 0.05500
v 0.33500 -0.04500 0.05500
v 0.33500 -0.04000 0.05500
v 0.33000 -0.04000 0.05500
v 0.33000 -0.04500 0.06000
v 0.33500 -0.04500 0.06000
v 0.33500 -0.04000 0.06000
v 0.33000 -0.04000 0.06000
v 0.33000 -0.04500 0.06000
v 0.33500 -0.04500 0.06000
v 0.33500 -0.04000 0.06000
v 0.33000 -0.04000 0.06000
v 0.33000 -0.04500 0.06500
v 0.33500 -0.04500 0.06500
v 0.33500 -0.04000 0.06500
v 0.33000 -0.04000 0.06500
v 0.33000 -0.04500 0.06500
v 0.33500 -0.04500 0.06500
v 0.33500 -0.04000 0.06500
v 0.33000 -0.04000 0.06500
v 0.33000 -0.04500 0.07000
v 0.33500 -0.04500 0.07000
v 0.33500 -0.04000 0.07000
v 0.33000 -0.04000 0.07000
v 0.33000 -0.04500 0.07000
v 0.33500 -0.04500 0.07000
v 0.33500 -0.04000 0.07000
v 0.33000 -0.04000 0.07000
v 0.33000 -0.04500 0.07500
v 0.33500 -0.04500 0.07500
v 0.33500 -0.04000 0.07500
v 0.33000 -0.04000 0.07500
v 0.33000 -0.04500 0.07500
v 0.33500 -0.04500 0.07500
v 0.33500 -0.04000 0.07500
v 0.33000 -0.04000 0.07500
v 0.33000 -0.04500 0.08000
v 0.33500 -0.04500 0.08000
v 0.33500 -0.04000 0.08000
v 0.33000 -0.04000 0.08000
v 0.33000 -0.04500 0.08000
v 0.33500 -0.04500 0.08000
v 0.33500 -0.04000 0.08000
v 0.33000 -0.04000 0.08000
v 0.33000 -0.04500 0.08500
v 0.33500 -0.04500 0.08500
v 0.33500 -0.04000 0.08500
v 0.33000 -0.04000 0.08500
v 0.33000 -0.04500 0.08500
v 0.33500 -0.04500 0.08500
v 0.33500 -0.04000 0.08500
v 0.33000 -0.04000 0.08500
v 0.33000 -0.04500 0.09000
v 0.33500 -0.04500 0.09000
v 0.33500 -0.04000 0.09000
v 0.33000 -0.04000 0.09000
v 0.33000 -0.04500 0.09000
v 0.33500 -0.04500 0.09000
v 0.33500 -0.04000 0.09000
v 0.33000 -0.04000 0.09000
v 0.33000 -0.04500 0.09500
v 0.33500 -0.04500 0.09500
v 0.33500 -0.04000 0.09500
v 0.33000 -0.04000 0.09500
v 0.33000 -0.04500 0.09500
v 0.33500 -0.04500 0.09500
v 0.33500 -0.04000 0.09500
v 0.33000 -0.04000 0.09500
v 0.33000 -0.04500 0.10000
v 0.33500 -0.04500 0.10000
v 0.33500 -0.04000 0.10000
v 0.33000 -0.04000 0.10000
v 0.33000 -0.04500 0.10000
v 0.33500 -0.04500 0.10000
v 0.33500 -0.04000 0.10000
v 0.33000 -0.04000 0.10000
v 0.33000 -0.04500 0.10500
v 0.33500 -0.04500 0.10500
v 0.33500 -0.04000 0.10500
v 0.33000 -0.04000 0.10500
v 0.33000 -0.04500 0.10500
v 0.33500 -0.04500 0.10500
v 0.33500 -0.04000 0.10500
v 0.33000 -0.04000 0.10500
v 0.33000 -0.04500 0.11000
v 0.33500 -0.04500 0.11000
v 0.33500 -0.04000 0.11000
v 0.33000 -0.04000 0.11000
v 0.33000 -0.04500 0.11000
v 0.33500 -0.04500 0.11000
v 0.33500 -0.04000 0.11000
v 0.33000 -0.04000 0.11000
v 0.33000 -0.04500 0.11500
v 0.33500 -0.04500 0.11500
v 0.33500 -0.04000 0.11500
v 0.33000 -0.04000 0.11500
v 0.33000 -0.04500 0.11500
v 0.33500 -0.04500 0.11500
v 0.33500 -0.04000 0.11500
v 0.33000 -0.04000 0.11500
v 0.33000 -0.04500 0.12000
v 0.33500 -0.04500 0.12000
v 0.33500 -0.04000 0.12000
v 0.33000 -0.04000 0.12000
v 0.33000 -0.04500 0.12000
v 0.33500 -0.04500 0.12000
v 0.33500 -0.04000 0.12000
v 0.33000 -0.04000 0.12000
v 0.33000 -0.04500 0.12500
v 0.33500 -0.04500 0.12500
v 0.33500 -0.04000 0.12500
v 0.33000 -0.04000 0.12500
v 0.33000 -0.04500 0.12500
v 0.33500 -0.04500 0.12500
v 0.33500 -0.04000 0.12500
v 0.33000 -0.04000 0.12500
v 0.33000 -0.04500 0.13000
v 0.33500 -0.04500 0.13000
v 0.33500 -0.04000 0.13000
v 0.33000 -0.04000 0.13000
v 0.33000 -0.04500 0.13000
v 0.33500 -0.04500 0.13000
v 0.33500 -0.04000 0.13000
v 0.33000 -0.04000 0.13000
v 0.33000 -0.04500 0.13500
v 0.33500 -0.04500 0.13500
v 0.33500 -0.04000 0.13500
v 0.33000 -0.04000 0.13500
v 0.33000 -0.04500 0.13500
v 0.33500 -0.04500 0.13500
v 0.33500 -0.04000 0.13500
v 0.33000 -0.04000 0.13500
v 0.33000 -0.04500 0.14000
v 0.33500 -0.04500 0.14000
v 0.33500 -0.04000 0.14000
v 0.33000 -0.04000 0.14000
v 0.33000 -0.04000 0.14000
v 0.33500 -0.04000 0.14000
v 0.33500 -0.03500 0.14000
v 0.33000 -0.03500 0.14000
v 0.33000 -0.04000 0.14500
v 0.33500 -0.04000 0.14500
v 0.33500 -0.03500 0.14500
v 0.33000 -0.03500 0.14500
v 0.33000 -0.03500 0.14500
v 0.33500 -0.03500 0.14500
v 0.33500 -0.03000 0.14500
v 0.33000 -0.03000 0.14500
v 0.33000 -0.03500 0.15000
v 0.33500 -0.03500 0.15000
v 0.33500 -0.03000 0.15000
v 0.33000 -0.03000 0.15000
v 0.33000 -0.03500 0.15000
v 0.33500 -0.03500 0.15000
v 0.33500 -0.03000 0.15000
v 0.33000 -0.03000 0.15000
v 0.33000 -0.03500 0.15500
v 0.33500 -0.03500 0.15500
v 0.33500 -0.03000 0.15500
v 0.33000 -0.03000 0.15500
v 0.33000 -0.03500 0.15500
v 0.33500 -0.03500 0.15500
v 0.33500 -0.03000 0.15500
v 0.33000 -0.03000 0.15500
v 0.33000 -0.03500 0.16000
v 0.33500 -0.03500 0.16000
v 0.33500 -0.03000 0.16000
v 0.33000 -0.03000 0.16000
v 0.33000 -0.03500 0.16000
v 0.33500 -0.03500 0.16000
v 0.33500 -0.03000 0.16000
v 0.33000 -0.03000 0.16000
v 0.33000 -0.03500 0.16500
v 0.33500 -0.03500 0.16500
v 0.33500 -0.03000 0.16500
v 0.33000 -0.03000 0.16500
v 0.33000 -0.03500 0.16500
v 0.33500 -0.03500 0.16500
v 0.33500 -0.03000 0.16500
v 0.33000 -0.03000 0.16500
v 0.33000 -0.03500 0.17000
v 0.33500 -0.03500 0.17000
v 0.33500 -0.03000 0.17000
v 0.33000 -0.03000 0.17000
v 0.33000 -0.03500 0.17000
v 0.33500 -0.03500 0.17000
v 0.33500 -0.03000 0.17000
v 0.33000 -0.03000 0.17000
v 0.33000 -0.03500 0.17500
v 0.33500 -0.03500 0.17500
v 0.33500 -0.03000 0.17500
v 0.33000 -0.03000 0.17500
v 0.33000 -0.03000 0.17500
v 0.33500 -0.03000 0.17500
v 0.33500 -0.02500 0.17500
v 0.33000 -0.02500 0.17500
v 0.33000 -0.03000 0.18000
v 0.33500 -0.03000 0.18000
v 0.33500 -0.02500 0.18000
v 0.33000 -0.02500 0.18000
v 0.33000 -0.02500 0.17500
v 0.33500 -0.02500 0.17500
v 0.33500 -0.02000 0.17500
v 0.33000 -0.02000 0.17500
v 0.33000 -0.02500 0.18000
v 0.33500 -0.02500 0.18000
v 0.33500 -0.02000 0.18000
v 0.33000 -0.02000 0.18000
v 0.33000 -0.02000 0.17500
v 0.33500 -0.02000 0.17500
v 0.33500 -0.01500 0.17500
v 0.33000 -0.01500 0.17500
v 0.33000 -0.02000 0.18000
v 0.33500 -0.02000 0.18000
v 0.33500 -0.01500 0.18000
v 0.33000 -0.01500 0.18000
v 0.33000 -0.01500 0.17500
v 0.33500 -0.01500 0.17500
v 0.33500 -0.01000 0.17500
v 0.33000 -0.01000 0.17500
v 0.33000 -0.01500 0.18000
v 0.33500 -0.01500 0.18000
v 0.33500 -0.01000 0.18000
v 0.33000 -0.01000 0.18000
v 0.33000 -0.01000 0.17500
v 0.33500 -0.01000 0.17500
v 0.33500 -0.00500 0.17500
v 0.33000 -0.00500 0.17500
v 0.33000 -0.01000 0.18000
v 0.33500 -0.01000 0.18000
v 0.33500 -0.00500 0.18000
v 0.33000 -0.00500 0.18000
v 0.33000 -0.00500 0.17500
v 0.33500 -0.00500 0.17500
v 0.33500 0.00000 0.17500
v 0.33000 0.00000 0.17500
v 0.33000 -0.00500 0.18000
v 0.33500 -0.00500 0.18000
v 0.33500 0.00000 0.18000
v 0.33000 0.00000 0.18000
v 0.33000 0.00000 0.17500
v 0.33500 0.00000 0.17500
v 0.33500 0.00500 0.17500
v 0.33000 0.00500 0.17500
v 0.33000 0.00000 0.18000
v 0.33500 0.00000 0.18000
v 0.33500 0.00500 0.18000
v 0.33000 0.00500 0.18000
v 0.33000 0.00500 0.17500
v 0.33500 0.00500 0.17500
v 0.33500 0.01000 0.17500
v 0.33000 0.01000 0.17500
v 0.33000 0.00500 0.18000
v 0.33500 0.00500 0.18000
v 0.33500 0.01000 0.18000
v 0.33000 0.01000 0.18000
v 0.33000 0.01000 0.17500
v 0.33500 0.01000 0.17500
v 0.33500 0.01500 0.17500
v 0.33000 0.01500 0.17500
v 0.33000 0.01000 0.18000
v 0.33500 0.01000 0.18000
v 0.33500 0.01500 0.18000
v 0.33000 0.01500 0.18000
v 0.33000 0.01500 0.17500
v 0.33500 0.01500 0.17500
v 0.33500 0.02000 0.17500
v 0.33000 0.02000 0.17500
v 0.33000 0.01500 0.18000
v 0.33500 0.01500 0.18000
v 0.33500 0.02000 0.18000
v 0.33000 0.02000 0.18000
v 0.33000 0.02000 0.17000
v 0.33500 0.02000 0.17000
v 0.33500 0.02500 0.17000
v 0.33000 0.02500 0.17000
v 0.33000 0.02000 0.17500
v 0.33500 0.02000 0.17500
v 0.33500 0.02500 0.17500
v 0.33000 0.02500 0.17500
v 0.33000 0.02500 0.17000
v 0.33500 0.02500 0.17000
v 0.33500 0.03000 0.17000
v 0.33000 0.03000 0.17000
v 0.33000 0.02500 0.17500
v 0.33500 0.02500 0.17500
v 0.33500 0.03000 0.17500
v 0.33000 0.03000 0.17500
v 0.33000 0.03000 0.17000
v 0.33500 0.03000 0.17000
v 0.33500 0.03500 0.17000
v 0.33000 0.03500 0.17000
v 0.33000 0.03000 0.17500
v 0.33500 0.03000 0.17500
v 0.33500 0.03500 0.17500
v 0.33000 0.03500 0.17500
v 0.33000 0.03500 0.17000
v 0.33500 0.03500 0.17000
v 0.33500 0.04000 0.17000
v 0.33000 0.04000 0.17000
v 0.33000 0.03500 0.17500
v 0.33500 0.03500 0.17500
v 0.33500 0.04000 0.17500
v 0.33000 0.04000 0.17500
v 0.33000 0.04000 0.16000
v 0.33500 0.04000 0.16000
v 0.33500 0.04500 0.16000
v 0.33000 0.04500 0.16000
v 0.33000 0.04000 0.16500
v 0.33500 0.04000 0.16500
v 0.33500 0.04500 0.16500
v 0.33000 0.04500 0.16500
v 0.33000 0.04500 0.11000
v 0.33500 0.04500 0.11000
v 0.33500 0.05000 0.11000
v 0.33000 0.05000 0.11000
v 0.33000 0.04500 0.11500
v 0.33500 0.04500 0.11500
v 0.33500 0.05000 0.11500
v 0.33000 0.05000 0.11500
v 0.33000 0.04500 0.12500
v 0.33500 0.04500 0.12500
v 0.33500 0.05000 0.12500
v 0.33000 0.05000 0.12500
v 0.33000 0.04500 0.13000
v 0.33500 0.04500 0.13000
v 0.33500 0.05000 0.13000
v 0.33000 0.05000 0.13000
v 0.33000 0.04500 0.14000
v 0.33500 0.04500 0.14000
v 0.33500 0.05000 0.14000
v 0.33000 0.05000 0.14000
v 0.33000 0.04500 0.14500
v 0.33500 0.04500 0.14500
v 0.33500 0.05000 0.14500
v 0.33000 0.05000 0.14500
v 0.33000 0.04500 0.14500
v 0.33500 0.04500 0.14500
v 0.33500 0.05000 0.14500
v 0.33000 0.05000 0.14500
v 0.33000 0.04500 0.15000
v 0.33500 0.04500 0.15000
v 0.33500 0.05000 0.15000
v 0.33000 0.05000 0.15000
v 0.33500 -0.04000 0.08000
v 0.34000 -0.04000 0.08000
v 0.34000 -0.03500 0.08000
v 0.33500 -0.03500 0.08000
v 0.33500 -0.04000 0.08500
v 0.34000 -0.04000 0.08500
v 0.34000 -0.03500 0.08500
v 0.33500 -0.03500 0.08500
v 0.33500 -0.04000 0.09500
v 0.34000 -0.04000 0.09500
v 0.34000 -0.03500 0.09500
v 0.33500 -0.03500 0.09500
v 0.33500 -0.04000 0.10000
v 0.34000 -0.04000 0.10000
v 0.34000 -0.03500 0.10000
v 0.33500 -0.03500 0.10000
v 0.33500 -0.04000 0.10500
v 0.34000 -0.04000 0.10500
v 0.34000 -0.03500 0.10500
v 0.33500 -0.03500 0.10500
v 0.33500 -0.04000 0.11000
v 0.34000 -0.04000 0.11000
v 0.34000 -0.03500 0.11000
v 0.33500 -0.03500 0.11000
v 0.33500 -0.04000 0.11500
v 0.34000 -0.04000 0.11500
v 0.34000 -0.03500 0.11500
v 0.33500 -0.03500 0.11500
v 0.33500 -0.04000 0.12000
v 0.34000 -0.04000 0.12000
v 0.34000 -0.03500 0.12000
v 0.33500 -0.03500 0.12000
v 0.33500 -0.04000 0.12000
v 0.34000 -0.04000 0.12000
v 0.34000 -0.03500 0.12000
v 0.33500 -0.03500 0.12000
v 0.33500 -0.04000 0.12500
v 0.34000 -0.04000 0.12500
v 0.34000 -0.03500 0.12500
v 0.33500 -0.03500 0.12500
v 0.33500 -0.04000 0.13000
v 0.34000 -0.04000 0.13000
v 0.34000 -0.03500 0.13000
v 0.33500 -0.03500 0.13000
v 0.33500 -0.04000 0.13500
v 0.34000 -0.04000 0.13500
v 0.34000 -0.03500 0.13500
v 0.33500 -0.03500 0.13500
v 0.33500 -0.04000 0.13500
v 0.34000 -0.04000 0.13500
v 0.34000 -0.03500 0.13500
v 0.33500 -0.03500 0.13500
v 0.33500 -0.04000 0.14000
v 0.34000 -0.04000 0.14000
v 0.34000 -0.03500 0.14000
v 0.33500 -0.03500 0.14000
v 0.33500 -0.04000 0.14000
v 0.34000 -0.04000 0.14000
v 0.34000 -0.03500 0.14000
v 0.33500 -0.03500 0.14000
v 0.33500 -0.04000 0.14500
v 0.34000 -0.04000 0.14500
v 0.34000 -0.03500 0.14500
v 0.33500 -0.03500 0.14500
v 0.33500 -0.03500 0.14500
v 0.34000 -0.03500 0.14500
v 0.34000 -0.03000 0.14500
v 0.33500 -0.03000 0.14500
v 0.33500 -0.03500 0.15000
v 0.34000 -0.03500 0.15000
v 0.34000 -0.03000 0.15000
v 0.33500 -0.03000 0.15000
v 0.33500 -0.03500 0.15000
v 0.34000 -0.03500 0.15000
v 0.34000 -0.03000 0.15000
v 0.33500 -0.03000 0.15000
v 0.33500 -0.03500 0.15500
v 0.34000 -0.03500 0.15500
v 0.34000 -0.03000 0.15500
v 0.33500 -0.03000 0.15500
v 0.33500 -0.03500 0.15500
v 0.34000 -0.03500 0.15500
v 0.34000 -0.03000 0.15500
v 0.33500 -0.03000 0.15500
v 0.33500 -0.03500 0.16000
v 0.34000 -0.03500 0.16000
v 0.34000 -0.03000 0.16000
v 0.33500 -0.03000 0.16000
v 0.33500 -0.03000 0.15500
v 0.34000 -0.03000 0.15500
v 0.34000 -0.02500 0.15500
v 0.33500 -0.02500 0.15500
v 0.33500 -0.03000 0.16000
v 0.34000 -0.03000 0.16000
v 0.34000 -0.02500 0.16000
v 0.33500 -0.02500 0.16000
v 0.33500 -0.03000 0.17000
v 0.34000 -0.03000 0.17000
v 0.34000 -0.02500 0.17000
v 0.33500 -0.02500 0.17000
v 0.33500 -0.03000 0.17500
v 0.34000 -0.03000 0.17500
v 0.34000 -0.02500 0.17500
v 0.33500 -0.02500 0.17500
v 0.33500 -0.02500 0.17000
v 0.34000 -0.02500 0.17000
v 0.34000 -0.02000 0.17000
v 0.33500 -0.02000 0.17000
v 0.33500 -0.02500 0.17500
v 0.34000 -0.02500 0.17500
v 0.34000 -0.02000 0.17500
v 0.33500 -0.02000 0.17500
v 0.33500 -0.02000 0.17000
v 0.34000 -0.02000 0.17000
v 0.34000 -0.01500 0.17000
v 0.33500 -0.01500 0.17000
v 0.33500 -0.02000 0.17500
v 0.34000 -0.02000 0.17500
v 0.34000 -0.01500 0.17500
v 0.33500 -0.01500 0.17500
v 0.33500 -0.01500 0.17500
v 0.34000 -0.01500 0.17500
v 0.34000 -0.01000 0.17500
v 0.33500 -0.01000 0.17500
v 0.33500 -0.01500 0.18000
v 0.34000 -0.01500 0.18000
v 0.34000 -0.01000 0.18000
v 0.33500 -0.01000 0.18000
v 0.33500 -0.01000 0.17500
v 0.34000 -0.01000 0.17500
v 0.34000 -0.00500 0.17500
v 0.33500 -0.00500 0.17500
v 0.33500 -0.01000 0.18000
v 0.34000 -0.01000 0.18000
v 0.34000 -0.00500 0.18000
v 0.33500 -0.00500 0.18000
v 0.33500 -0.00500 0.17500
v 0.34000 -0.00500 0.17500
v 0.34000 0.00000 0.17500
v 0.33500 0.00000 0.17500
v 0.33500 -0.00500 0.18000
v 0.34000 -0.00500 0.18000
v 0.34000 0.00000 0.18000
v 0.33500 0.00000 0.18000
v 0.33500 0.00000 0.17500
v 0.34000 0.00000 0.17500
v 0.34000 0.00500 0.17500
v 0.33500 0.00500 0.17500
v 0.33500 0.00000 0.18000
v 0.34000 0.00000 0.18000
v 0.34000 0.00500 0.18000
v 0.33500 0.00500 0.18000
v 0.33500 0.00500 0.17500
v 0.34000 0.00500 0.17500
v 0.34000 0.01000 0.17500
v 0.33500 0.01000 0.17500
v 0.33500 0.00500 0.18000
v 0.34000 0.00500 0.18000
v 0.34000 0.01000 0.18000
v 0.33500 0.01000 0.18000
v 0.33500 0.01000 0.17000
v 0.34000 0.01000 0.17000
v 0.34000 0.01500 0.17000
v 0.33500 0.01500 0.17000
v 0.33500 0.01000 0.17500
v 0.34000 0.01000 0.17500
v 0.34000 0.01500 0.17500
v 0.33500 0.01500 0.17500
v 0.33500 0.01500 0.17000
v 0.34000 0.01500 0.17000
v 0.34000 0.02000 0.17000
v 0.33500 0.02000 0.17000
v 0.33500 0.01500 0.17500
v 0.34000 0.01500 0.17500
v 0.34000 0.02000 0.17500
v 0.33500 0.02000 0.17500
v 0.33500 0.02000 0.17000
v 0.34000 0.02000 0.17000
v 0.34000 0.02500 0.17000
v 0.33500 0.02500 0.17000
v 0.33500 0.02000 0.17500
v 0.34000 0.02000 0.17500
v 0.34000 0.02500 0.17500
v 0.33500 0.02500 0.17500
v 0.33500 0.02500 0.17000
v 0.34000 0.02500 0.17000
v 0.34000 0.03000 0.17000
v 0.33500 0.03000 0.17000
v 0.33500 0.02500 0.17500
v 0.34000 0.02500 0.17500
v 0.34000 0.03000 0.17500
v 0.33500 0.03000 0.17500
v 0.33500 0.03000 0.17000
v 0.34000 0.03000 0.17000
v 0.34000 0.03500 0.17000
v 0.33500 0.03500 0.17000
v 0.33500 0.03000 0.17500
v 0.34000 0.03000 0.17500
v 0.34000 0.03500 0.17500
v 0.33500 0.03500 0.17500
v 0.33500 0.03500 0.15500
v 0.34000 0.03500 0.15500
v 0.34000 0.04000 0.15500
v 0.33500 0.04000 0.15500
v 0.33500 0.03500 0.16000
v 0.34000 0.03500 0.16000
v 0.34000 0.04000 0.16000
v 0.33500 0.04000 0.16000
v 0.33500 0.04000 0.15000
v 0.34000 0.04000 0.15000
v 0.34000 0.04500 0.15000
v 0.33500 0.04500 0.15000
v 0.33500 0.04000 0.15500
v 0.34000 0.04000 0.15500
v 0.34000 0.04500 0.15500
v 0.33500 0.04500 0.15500
v 0.34000 -0.04000 0.12500
v 0.34500 -0.04000 0.12500
v 0.34500 -0.03500 0.12500
v 0.34000 -0.03500 0.12500
v 0.34000 -0.04000 0.13000
v 0.34500 -0.04000 0.13000
v 0.34500 -0.03500 0.13000
v 0.34000 -0.03500 0.13000
v 0.34000 -0.04000 0.13000
v 0.34500 -0.04000 0.13000
v 0.34500 -0.03500 0.13000
v 0.34000 -0.03500 0.13000
v 0.34000 -0.04000 0.13500
v 0.34500 -0.04000 0.13500
v 0.34500 -0.03500 0.13500
v 0.34000 -0.03500 0.13500
v 0.34000 -0.03500 0.08500
v 0.34500 -0.03500 0.08500
v 0.34500 -0.03000 0.08500
v 0.34000 -0.03000 0.08500
v 0.34000 -0.03500 0.09000
v 0.34500 -0.03500 0.09000
v 0.34500 -0.03000 0.09000
v 0.34000 -0.03000 0.09000
v 0.34000 -0.03500 0.09500
v 0.34500 -0.03500 0.09500
v 0.34500 -0.03000 0.09500
v 0.34000 -0.03000 0.09500
v 0.34000 -0.03500 0.10000
v 0.34500 -0.03500 0.10000
v 0.34500 -0.03000 0.10000
v 0.34000 -0.03000 0.10000
v 0.34000 -0.03500 0.10500
v 0.34500 -0.03500 0.10500
v 0.34500 -0.03000 0.10500
v 0.34000 -0.03000 0.10500
v 0.34000 -0.03500 0.11000
v 0.34500 -0.03500 0.11000
v 0.34500 -0.03000 0.11000
v 0.34000 -0.03000 0.11000
v 0.34000 -0.03500 0.13500
v 0.34500 -0.03500 0.13500
v 0.34500 -0.03000 0.13500
v 0.34000 -0.03000 0.13500
v 0.34000 -0.03500 0.14000
v 0.34500 -0.03500 0.14000
v 0.34500 -0.03000 0.14000
v 0.34000 -0.03000 0.14000
v 0.34000 -0.03500 0.14000
v 0.34500 -0.03500 0.14000
v 0.34500 -0.03000 0.14000
v 0.34000 -0.03000 0.14000
v 0.34000 -0.03500 0.14500
v 0.34500 -0.03500 0.14500
v 0.34500 -0.03000 0.14500
v 0.34000 -0.03000 0.14500
v 0.34000 -0.03500 0.14500
v 0.34500 -0.03500 0.14500
v 0.34500 -0.03000 0.14500
v 0.34000 -0.03000 0.14500
v 0.34000 -0.03500 0.15000
v 0.34500 -0.03500 0.15000
v 0.34500 -0.03000 0.15000
v 0.34000 -0.03000 0.15000
v 0.34000 -0.03000 0.15000
v 0.34500 -0.03000 0.15000
v 0.34500 -0.02500 0.15000
v 0.34000 -0.02500 0.15000
v 0.34000 -0.03000 0.15500
v 0.34500 -0.03000 0.15500
v 0.34500 -0.02500 0.15500
v 0.34000 -0.02500 0.15500
v 0.34000 -0.02500 0.15500
v 0.34500 -0.02500 0.15500
v 0.34500 -0.02000 0.15500
v 0.34000 -0.02000 0.15500
v 0.34000 -0.02500 0.16000
v 0.34500 -0.02500 0.16000
v 0.34500 -0.02000 0.16000
v 0.34000 -0.02000 0.16000
v 0.34000 -0.02500 0.17000
v 0.34500 -0.02500 0.17000
v 0.34500 -0.02000 0.17000
v 0.34000 -0.02000 0.17000
v 0.34000 -0.02500 0.17500
v 0.34500 -0.02500 0.17500
v 0.34500 -0.02000 0.17500
v 0.34000 -0.02000 0.17500
v 0.34000 -0.02000 0.17000
v 0.34500 -0.02000 0.17000
v 0.34500 -0.01500 0.17000
v 0.34000 -0.01500 0.17000
v 0.34000 -0.02000 0.17500
v 0.34500 -0.02000 0.17500
v 0.34500 -0.01500 0.17500
v 0.34000 -0.01500 0.17500
v 0.34000 -0.01500 0.17000
v 0.34500 -0.01500 0.17000
v 0.34500 -0.01000 0.17000
v 0.34000 -0.01000 0.17000
v 0.34000 -0.01500 0.17500
v 0.34500 -0.01500 0.17500
v 0.34500 -0.01000 0.17500
v 0.34000 -0.01000 0.17500
v 0.34000 -0.01000 0.17000
v 0.34500 -0.01000 0.17000
v 0.34500 -0.00500 0.17000
v 0.34000 -0.00500 0.17000
v 0.34000 -0.01000 0.17500
v 0.34500 -0.01000 0.17500
v 0.34500 -0.00500 0.17500
v 0.34000 -0.00500 0.17500
v 0.34000 -0.00500 0.17000
v 0.34500 -0.00500 0.17000
v 0.34500 0.00000 0.17000
v 0.34000 0.00000 0.17000
v 0.34000 -0.00500 0.17500
v 0.34500 -0.00500 0.17500
v 0.34500 0.00000 0.17500
v 0.34000 0.00000 0.17500
v 0.34000 0.00000 0.17000
v 0.34500 0.00000 0.17000
v 0.34500 0.00500 0.17000
v 0.34000 0.00500 0.17000
v 0.34000 0.00000 0.17500
v 0.34500 0.00000 0.17500
v 0.34500 0.00500 0.17500
v 0.34000 0.00500 0.17500
v 0.34000 0.00500 0.17000
v 0.34500 0.00500 0.17000
v 0.34500 0.01000 0.17000
v 0.34000 0.01000 0.17000
v 0.34000 0.00500 0.17500
v 0.34500 0.00500 0.17500
v 0.34500 0.01000 0.17500
v 0.34000 0.01000 0.17500
v 0.34000 0.01000 0.17000
v 0.34500 0.01000 0.17000
v 0.34500 0.01500 0.17000
v 0.34000 0.01500 0.17000
v 0.34000 0.01000 0.17500
v 0.34500 0.01000 0.17500
v 0.34500 0.01500 0.17500
v 0.34000 0.01500 0.17500
v 0.34000 0.01500 0.17000
v 0.34500 0.01500 0.17000
v 0.34500 0.02000 0.17000
v 0.34000 0.02000 0.17000
v 0.34000 0.01500 0.17500
v 0.34500 0.01500 0.17500
v 0.34500 0.02000 0.17500
v 0.34000 0.02000 0.17500
v 0.34000 0.02000 0.17000
v 0.34500 0.02000 0.17000
v 0.34500 0.02500 0.17000
v 0.34000 0.02500 0.17000
v 0.34000 0.02000 0.17500
v 0.34500 0.02000 0.17500
v 0.34500 0.02500 0.17500
v 0.34000 0.02500 0.17500
v 0.34000 0.02500 0.17000
v 0.34500 0.02500 0.17000
v 0.34500 0.03000 0.17000
v 0.34000 0.03000 0.17000
v 0.34000 0.02500 0.17500
v 0.34500 0.02500 0.17500
v 0.34500 0.03000 0.17500
v 0.34000 0.03000 0.17500
v 0.34000 0.03000 0.15000
v 0.34500 0.03000 0.15000
v 0.34500 0.03500 0.15000
v 0.34000 0.03500 0.15000
v 0.34000 0.03000 0.15500
v 0.34500 0.03000 0.15500
v 0.34500 0.03500 0.15500
v 0.34000 0.03500 0.15500
v 0.34000 0.03500 0.15000
v 0.34500 0.03500 0.15000
v 0.34500 0.04000 0.15000
v 0.34000 0.04000 0.15000
v 0.34000 0.03500 0.15500
v 0.34500 0.03500 0.15500
v 0.34500 0.04000 0.15500
v 0.34000 0.04000 0.15500
v 0.34500 -0.03500 0.08000
v 0.35000 -0.03500 0.08000
v 0.35000 -0.03000 0.08000
v 0.34500 -0.03000 0.08000
v 0.34500 -0.03500 0.08500
v 0.35000 -0.03500 0.08500
v 0.35000 -0.03000 0.08500
v 0.34500 -0.03000 0.08500
v 0.34500 -0.03500 0.08500
v 0.35000 -0.03500 0.08500
v 0.35000 -0.03000 0.08500
v 0.34500 -0.03000 0.08500
v 0.34500 -0.03500 0.09000
v 0.35000 -0.03500 0.09000
v 0.35000 -0.03000 0.09000
v 0.34500 -0.03000 0.09000
v 0.34500 -0.03500 0.09000
v 0.35000 -0.03500 0.09000
v 0.35000 -0.03000 0.09000
v 0.34500 -0.03000 0.09000
v 0.34500 -0.03500 0.09500
v 0.35000 -0.03500 0.09500
v 0.35000 -0.03000 0.09500
v 0.34500 -0.03000 0.09500
v 0.34500 -0.03500 0.10000
v 0.35000 -0.03500 0.10000
v 0.35000 -0.03000 0.10000
v 0.34500 -0.03000 0.10000
v 0.34500 -0.03500 0.10500
v 0.35000 -0.03500 0.10500
v 0.35000 -0.03000 0.10500
v 0.34500 -0.03000 0.10500
v 0.34500 -0.03500 0.10500
v 0.35000 -0.03500 0.10500
v 0.35000 -0.03000 0.10500
v 0.34500 -0.03000 0.10500
v 0.34500 -0.03500 0.11000
v 0.35000 -0.03500 0.11000
v 0.35000 -0.03000 0.11000
v 0.34500 -0.03000 0.11000
v 0.34500 -0.03500 0.11000
v 0.35000 -0.03500 0.11000
v 0.35000 -0.03000 0.11000
v 0.34500 -0.03000 0.11000
v 0.34500 -0.03500 0.11500
v 0.35000 -0.03500 0.11500
v 0.35000 -0.03000 0.11500
v 0.34500 -0.03000 0.11500
v 0.34500 -0.03500 0.11500
v 0.35000 -0.03500 0.11500
v 0.35000 -0.03000 0.11500
v 0.34500 -0.03000 0.11500
v 0.34500 -0.03500 0.12000
v 0.35000 -0.03500 0.12000
v 0.35000 -0.03000 0.12000
v 0.34500 -0.03000 0.12000
v 0.34500 -0.03500 0.12000
v 0.35000 -0.03500 0.12000
v 0.35000 -0.03000 0.12000
v 0.34500 -0.03000 0.12000
v 0.34500 -0.03500 0.12500
v 0.35000 -0.03500 0.12500
v 0.35000 -0.03000 0.12500
v 0.34500 -0.03000 0.12500
v 0.34500 -0.03500 0.12500
v 0.35000 -0.03500 0.12500
v 0.35000 -0.03000 0.12500
v 0.34500 -0.03000 0.12500
v 0.34500 -0.03500 0.13000
v 0.35000 -0.03500 0.13000
v 0.35000 -0.03000 0.13000
v 0.34500 -0.03000 0.13000
v 0.34500 -0.03500 0.13000
v 0.35000 -0.03500 0.13000
v 0.35000 -0.03000 0.13000
v 0.34500 -0.03000 0.13000
v 0.34500 -0.03500 0.13500
v 0.35000 -0.03500 0.13500
v 0.35000 -0.03000 0.13500
v 0.34500 -0.03000 0.13500
v 0.34500 -0.03500 0.13500
v 0.35000 -0.03500 0.13500
v 0.35000 -0.03000 0.13500
v 0.34500 -0.03000 0.13500
v 0.34500 -0.03500 0.14000
v 0.35000 -0.03500 0.14000
v 0.35000 -0.03000 0.14000
v 0.34500 -0.03000 0.14000
v 0.34500 -0.03500 0.14000
v 0.35000 -0.03500 0.14000
v 0.35000 -0.03000 0.14000
v 0.34500 -0.03000 0.14000
v 0.34500 -0.03500 0.14500
v 0.35000 -0.03500 0.14500
v 0.35000 -0.03000 0.14500
v 0.34500 -0.03000 0.14500
v 0.34500 -0.03000 0.14000
v 0.35000 -0.03000 0.14000
v 0.35000 -0.02500 0.14000
v 0.34500 -0.02500 0.14000
v 0.34500 -0.03000 0.14500
v 0.35000 -0.03000 0.14500
v 0.35000 -0.02500 0.14500
v 0.34500 -0.02500 0.14500
v 0.34500 -0.03000 0.14500
v 0.35000 -0.03000 0.14500
v 0.35000 -0.02500 0.14500
v 0.34500 -0.02500 0.14500
v 0.34500 -0.03000 0.15000
v 0.35000 -0.03000 0.15000
v 0.35000 -0.02500 0.15000
v 0.34500 -0.02500 0.15000
v 0.34500 -0.02500 0.14500
v 0.35000 -0.02500 0.14500
v 0.35000 -0.02000 0.14500
v 0.34500 -0.02000 0.14500
v 0.34500 -0.02500 0.15000
v 0.35000 -0.02500 0.15000
v 0.35000 -0.02000 0.15000
v 0.34500 -0.02000 0.15000
v 0.34500 -0.02000 0.14500
v 0.35000 -0.02000 0.14500
v 0.35000 -0.01500 0.14500
v 0.34500 -0.01500 0.14500
v 0.34500 -0.02000 0.15000
v 0.35000 -0.02000 0.15000
v 0.35000 -0.01500 0.15000
v 0.34500 -0.01500 0.15000
v 0.34500 -0.02000 0.15000
v 0.35000 -0.02000 0.15000
v 0.35000 -0.01500 0.15000
v 0.34500 -0.01500 0.15000
v 0.34500 -0.02000 0.15500
v 0.35000 -0.02000 0.15500
v 0.35000 -0.01500 0.15500
v 0.34500 -0.01500 0.15500
v 0.34500 -0.02000 0.15500
v 0.35000 -0.02000 0.15500
v 0.35000 -0.01500 0.15500
v 0.34500 -0.01500 0.15500
v 0.34500 -0.02000 0.16000
v 0.35000 -0.02000 0.16000
v 0.35000 -0.01500 0.16000
v 0.34500 -0.01500 0.16000
v 0.34500 -0.02000 0.17000
v 0.35000 -0.02000 0.17000
v 0.35000 -0.01500 0.17000
v 0.34500 -0.01500 0.17000
v 0.34500 -0.02000 0.17500
v 0.35000 -0.02000 0.17500
v 0.35000 -0.01500 0.17500
v 0.34500 -0.01500 0.17500
v 0.34500 -0.01500 0.17000
v 0.35000 -0.01500 0.17000
v 0.35000 -0.01000 0.17000
v 0.34500 -0.01000 0.17000
v 0.34500 -0.01500 0.17500
v 0.35000 -0.01500 0.17500
v 0.35000 -0.01000 0.17500
v 0.34500 -0.01000 0.17500
v 0.34500 -0.01000 0.17000
v 0.35000 -0.01000 0.17000
v 0.35000 -0.00500 0.17000
v 0.34500 -0.00500 0.17000
v 0.34500 -0.01000 0.17500
v 0.35000 -0.01000 0.17500
v 0.35000 -0.00500 0.17500
v 0.34500 -0.00500 0.17500
v 0.34500 -0.00500 0.17000
v 0.35000 -0.00500 0.17000
v 0.35000 0.00000 0.17000
v 0.34500 0.00000 0.17000
v 0.34500 -0.00500 0.17500
v 0.35000 -0.00500 0.17500
v 0.35000 0.00000 0.17500
v 0.34500 0.00000 0.17500
v 0.34500 0.00000 0.17000
v 0.35000 0.00000 0.17000
v 0.35000 0.00500 0.17000
v 0.34500 0.00500 0.17000
v 0.34500 0.00000 0.17500
v 0.35000 0.00000 0.17500
v 0.35000 0.00500 0.17500
v 0.34500 0.00500 0.17500
v 0.34500 0.00500 0.17000
v 0.35000 0.00500 0.17000
v 0.35000 0.01000 0.17000
v 0.34500 0.01000 0.17000
v 0.34500 0.00500 0.17500
v 0.35000 0.00500 0.17500
v 0.35000 0.01000 0.17500
v 0.34500 0.01000 0.17500
v 0.34500 0.01000 0.17000
v 0.35000 0.01000 0.17000
v 0.35000 0.01500 0.17000
v 0.34500 0.01500 0.17000
v 0.34500 0.01000 0.17500
v 0.35000 0.01000 0.17500
v 0.35000 0.01500 0.17500
v 0.34500 0.01500 0.17500
v 0.34500 0.01500 0.17000
v 0.35000 0.01500 0.17000
v 0.35000 0.02000 0.17000
v 0.34500 0.02000 0.17000
v 0.34500 0.01500 0.17500
v 0.35000 0.01500 0.17500
v 0.35000 0.02000 0.17500
v 0.34500 0.02000 0.17500
v 0.34500 0.02000 0.16500
v 0.35000 0.02000 0.16500
v 0.35000 0.02500 0.16500
v 0.34500 0.02500 0.16500
v 0.34500 0.02000 0.17000
v 0.35000 0.02000 0.17000
v 0.35000 0.02500 0.17000
v 0.34500 0.02500 0.17000
v 0.34500 0.02500 0.14500
v 0.35000 0.02500 0.14500
v 0.35000 0.03000 0.14500
v 0.34500 0.03000 0.14500
v 0.34500 0.02500 0.15000
v 0.35000 0.02500 0.15000
v 0.35000 0.03000 0.15000
v 0.34500 0.03000 0.15000
v 0.34500 0.03000 0.14500
v 0.35000 0.03000 0.14500
v 0.35000 0.03500 0.14500
v 0.34500 0.03500 0.14500
v 0.34500 0.03000 0.15000
v 0.35000 0.03000 0.15000
v 0.35000 0.03500 0.15000
v 0.34500 0.03500 0.15000
v 0.35000 -0.03000 0.08500
v 0.35500 -0.03000 0.08500
v 0.35500 -0.02500 0.08500
v 0.35000 -0.02500 0.08500
v 0.35000 -0.03000 0.09000
v 0.35500 -0.03000 0.09000
v 0.35500 -0.02500 0.09000
v 0.35000 -0.02500 0.09000
v 0.35000 -0.03000 0.09500
v 0.35500 -0.03000 0.09500
v 0.35500 -0.02500 0.09500
v 0.35000 -0.02500 0.09500
v 0.35000 -0.03000 0.10000
v 0.35500 -0.03000 0.10000
v 0.35500 -0.02500 0.10000
v 0.35000 -0.02500 0.10000
v 0.35000 -0.03000 0.10000
v 0.35500 -0.03000 0.10000
v 0.35500 -0.02500 0.10000
v 0.35000 -0.02500 0.10000
v 0.35000 -0.03000 0.10500
v 0.35500 -0.03000 0.10500
v 0.35500 -0.02500 0.10500
v 0.35000 -0.02500 0.10500
v 0.35000 -0.03000 0.11500
v 0.35500 -0.03000 0.11500
v 0.35500 -0.02500 0.11500
v 0.35000 -0.02500 0.11500
v 0.35000 -0.03000 0.12000
v 0.35500 -0.03000 0.12000
v 0.35500 -0.02500 0.12000
v 0.35000 -0.02500 0.12000
v 0.35000 -0.03000 0.12000
v 0.35500 -0.03000 0.12000
v 0.35500 -0.02500 0.12000
v 0.35000 -0.02500 0.12000
v 0.35000 -0.03000 0.12500
v 0.35500 -0.03000 0.12500
v 0.35500 -0.02500 0.12500
v 0.35000 -0.02500 0.12500
v 0.35000 -0.03000 0.12500
v 0.35500 -0.03000 0.12500
v 0.35500 -0.02500 0.12500
v 0.35000 -0.02500 0.12500
v 0.35000 -0.03000 0.13000
v 0.35500 -0.03000 0.13000
v 0.35500 -0.02500 0.13000
v 0.35000 -0.02500 0.13000
v 0.35000 -0.02500 0.13000
v 0.35500 -0.02500 0.13000
v 0.35500 -0.02000 0.13000
v 0.35000 -0.02000 0.13000
v 0.35000 -0.02500 0.13500
v 0.35500 -0.02500 0.13500
v 0.35500 -0.02000 0.13500
v 0.35000 -0.02000 0.13500
v 0.35000 -0.02500 0.13500
v 0.35500 -0.02500 0.13500
v 0.35500 -0.02000 0.13500
v 0.35000 -0.02000 0.13500
v 0.35000 -0.02500 0.14000
v 0.35500 -0.02500 0.14000
v 0.35500 -0.02000 0.14000
v 0.35000 -0.02000 0.14000
v 0.35000 -0.02500 0.14000
v 0.35500 -0.02500 0.14000
v 0.35500 -0.02000 0.14000
v 0.35000 -0.02000 0.14000
v 0.35000 -0.02500 0.14500
v 0.35500 -0.02500 0.14500
v 0.35500 -0.02000 0.14500
v 0.35000 -0.02000 0.14500
v 0.35000 -0.02000 0.14000
v 0.35500 -0.02000 0.14000
v 0.35500 -0.01500 0.14000
v 0.35000 -0.01500 0.14000
v 0.35000 -0.02000 0.14500
v 0.35500 -0.02000 0.14500
v 0.35500 -0.01500 0.14500
v 0.35000 -0.01500 0.14500
v 0.35000 -0.01500 0.14000
v 0.35500 -0.01500 0.14000
v 0.35500 -0.01000 0.14000
v 0.35000 -0.01000 0.14000
v 0.35000 -0.01500 0.14500
v 0.35500 -0.01500 0.14500
v 0.35500 -0.01000 0.14500
v 0.35000 -0.01000 0.14500
v 0.35000 -0.01500 0.14500
v 0.35500 -0.01500 0.14500
v 0.35500 -0.01000 0.14500
v 0.35000 -0.01000 0.14500
v 0.35000 -0.01500 0.15000
v 0.35500 -0.01500 0.15000
v 0.35500 -0.01000 0.15000
v 0.35000 -0.01000 0.15000
v 0.35000 -0.01500 0.15000
v 0.35500 -0.01500 0.15000
v 0.35500 -0.01000 0.15000
v 0.35000 -0.01000 0.15000
v 0.35000 -0.01500 0.15500
v 0.35500 -0.01500 0.15500
v 0.35500 -0.01000 0.15500
v 0.35000 -0.01000 0.15500
v 0.35000 -0.01500 0.15500
v 0.35500 -0.01500 0.15500
v 0.35500 -0.01000 0.15500
v 0.35000 -0.01000 0.15500
v 0.35000 -0.01500 0.16000
v 0.35500 -0.01500 0.16000
v 0.35500 -0.01000 0.16000
v 0.35000 -0.01000 0.16000
v 0.35000 -0.01500 0.16500
v 0.35500 -0.01500 0.16500
v 0.35500 -0.01000 0.16500
v 0.35000 -0.01000 0.16500
v 0.35000 -0.01500 0.17000
v 0.35500 -0.01500 0.17000
v 0.35500 -0.01000 0.17000
v 0.35000 -0.01000 0.17000
v 0.35000 -0.01000 0.16500
v 0.35500 -0.01000 0.16500
v 0.35500 -0.00500 0.16500
v 0.35000 -0.00500 0.16500
v 0.35000 -0.01000 0.17000
v 0.35500 -0.01000 0.17000
v 0.35500 -0.00500 0.17000
v 0.35000 -0.00500 0.17000
v 0.35000 -0.00500 0.17000
v 0.35500 -0.00500 0.17000
v 0.35500 0.00000 0.17000
v 0.35000 0.00000 0.17000
v 0.35000 -0.00500 0.17500
v 0.35500 -0.00500 0.17500
v 0.35500 0.00000 0.17500
v 0.35000 0.00000 0.17500
v 0.35000 0.00000 0.17000
v 0.35500 0.00000 0.17000
v 0.35500 0.00500 0.17000
v 0.35000 0.00500 0.17000
v 0.35000 0.00000 0.17500
v 0.35500 0.00000 0.17500
v 0.35500 0.00500 0.17500
v 0.35000 0.00500 0.17500
v 0.35000 0.00500 0.16500
v 0.35500 0.00500 0.16500
v 0.35500 0.01000 0.16500
v 0.35000 0.01000 0.16500
v 0.35000 0.00500 0.17000
v 0.35500 0.00500 0.17000
v 0.35500 0.01000 0.17000
v 0.35000 0.01000 0.17000
v 0.35000 0.01000 0.16500
v 0.35500 0.01000 0.16500
v 0.35500 0.01500 0.16500
v 0.35000 0.01500 0.16500
v 0.35000 0.01000 0.17000
v 0.35500 0.01000 0.17000
v 0.35500 0.01500 0.17000
v 0.35000 0.01500 0.17000
v 0.35000 0.01500 0.16000
v 0.35500 0.01500 0.16000
v 0.35500 0.02000 0.16000
v 0.35000 0.02000 0.16000
v 0.35000 0.01500 0.16500
v 0.35500 0.01500 0.16500
v 0.35500 0.02000 0.16500
v 0.35000 0.02000 0.16500
v 0.35000 0.02000 0.14000
v 0.35500 0.02000 0.14000
v 0.35500 0.02500 0.14000
v 0.35000 0.02500 0.14000
v 0.35000 0.02000 0.14500
v 0.35500 0.02000 0.14500
v 0.35500 0.02500 0.14500
v 0.35000 0.02500 0.14500
v 0.35000 0.02500 0.14000
v 0.35500 0.02500 0.14000
v 0.35500 0.03000 0.14000
v 0.35000 0.03000 0.14000
v 0.35000 0.02500 0.14500
v 0.35500 0.02500 0.14500
v 0.35500 0.03000 0.14500
v 0.35000 0.03000 0.14500
v 0.35500 -0.02500 0.08000
v 0.36000 -0.02500 0.08000
v 0.36000 -0.02000 0.08000
v 0.35500 -0.02000 0.08000
v 0.35500 -0.02500 0.08500
v 0.36000 -0.02500 0.08500
v 0.36000 -0.02000 0.08500
v 0.35500 -0.02000 0.08500
v 0.35500 -0.01500 0.13000
v 0.36000 -0.01500 0.13000
v 0.36000 -0.01000 0.13000
v 0.35500 -0.01000 0.13000
v 0.35500 -0.01500 0.13500
v 0.36000 -0.01500 0.13500
v 0.36000 -0.01000 0.13500
v 0.35500 -0.01000 0.13500
v 0.35500 -0.01500 0.13500
v 0.36000 -0.01500 0.13500
v 0.36000 -0.01000 0.13500
v 0.35500 -0.01000 0.13500
v 0.35500 -0.01500 0.14000
v 0.36000 -0.01500 0.14000
v 0.36000 -0.01000 0.14000
v 0.35500 -0.01000 0.14000
v 0.35500 -0.01000 0.13500
v 0.36000 -0.01000 0.13500
v 0.36000 -0.00500 0.13500
v 0.35500 -0.00500 0.13500
v 0.35500 -0.01000 0.14000
v 0.36000 -0.01000 0.14000
v 0.36000 -0.00500 0.14000
v 0.35500 -0.00500 0.14000
v 0.35500 -0.01000 0.14000
v 0.36000 -0.01000 0.14000
v 0.36000 -0.00500 0.14000
v 0.35500 -0.00500 0.14000
v 0.35500 -0.01000 0.14500
v 0.36000 -0.01000 0.14500
v 0.36000 -0.00500 0.14500
v 0.35500 -0.00500 0.14500
v 0.35500 -0.01000 0.14500
v 0.36000 -0.01000 0.14500
v 0.36000 -0.00500 0.14500
v 0.35500 -0.00500 0.14500
v 0.35500 -0.01000 0.15000
v 0.36000 -0.01000 0.15000
v 0.36000 -0.00500 0.15000
v 0.35500 -0.00500 0.15000
v 0.35500 -0.00500 0.15000
v 0.36000 -0.00500 0.15000
v 0.36000 0.00000 0.15000
v 0.35500 0.00000 0.15000
v 0.35500 -0.00500 0.15500
v 0.36000 -0.00500 0.15500
v 0.36000 0.00000 0.15500
v 0.35500 0.00000 0.15500
v 0.35500 0.00000 0.15000
v 0.36000 0.00000 0.15000
v 0.36000 0.00500 0.15000
v 0.35500 0.00500 0.15000
v 0.35500 0.00000 0.15500
v 0.36000 0.00000 0.15500
v 0.36000 0.00500 0.15500
v 0.35500 0.00500 0.15500
v 0.35500 0.00500 0.15000
v 0.36000 0.00500 0.15000
v 0.36000 0.01000 0.15000
v 0.35500 0.01000 0.15000
v 0.35500 0.00500 0.15500
v 0.36000 0.00500 0.15500
v 0.36000 0.01000 0.15500
v 0.35500 0.01000 0.15500
v 0.35500 0.01000 0.15000
v 0.36000 0.01000 0.15000
v 0.36000 0.01500 0.15000
v 0.35500 0.01500 0.15000
v 0.35500 0.01000 0.15500
v 0.36000 0.01000 0.15500
v 0.36000 0.01500 0.15500
v 0.35500 0.01500 0.15500
v 0.35500 0.01500 0.13500
v 0.36000 0.01500 0.13500
v 0.36000 0.02000 0.13500
v 0.35500 0.02000 0.13500
v 0.35500 0.01500 0.14000
v 0.36000 0.01500 0.14000
v 0.36000 0.02000 0.14000
v 0.35500 0.02000 0.14000
v 0.35500 0.02000 0.13500
v 0.36000 0.02000 0.13500
v 0.36000 0.02500 0.13500
v 0.35500 0.02500 0.13500
v 0.35500 0.02000 0.14000
v 0.36000 0.02000 0.14000
v 0.36000 0.02500 0.14000
v 0.35500 0.02500 0.14000
f 1//1 3//1 2//1
f 1//1 4//1 3//1
f 1//3 6//3 5//3
f 1//3 2//3 6//3
f 2//4 7//4 6//4
f 2//4 3//4 7//4
f 3//5 8//5 7//5
f 3//5 4//5 8//5
f 4//6 5//6 8//6
f 4//6 1//6 5//6
f 9//3 14//3 13//3
f 9//3 10//3 14//3
f 10//4 15//4 14//4
f 10//4 11//4 15//4
f 11//5 16//5 15//5
f 11//5 12//5 16//5
f 12//6 13//6 16//6
f 12//6 9//6 13//6
f 17//3 22//3 21//3
f 17//3 18//3 22//3
f 18//4 23//4 22//4
f 18//4 19//4 23//4
f 19//5 24//5 23//5
f 19//5 20//5 24//5
f 20//6 21//6 24//6
f 20//6 17//6 21//6
f 25//3 30//3 29//3
f 25//3 26//3 30//3
f 26//4 31//4 30//4
f 26//4 27//4 31//4
f 27//5 32//5 31//5
f 27//5 28//5 32//5
f 28//6 29//6 32//6
f 28//6 25//6 29//6
f 33//3 38//3 37//3
f 33//3 34//3 38//3
f 34//4 39//4 38//4
f 34//4 35//4 39//4
f 35//5 40//5 39//5
f 35//5 36//5 40//5
f 36//6 37//6 40//6
f 36//6 33//6 37//6
f 41//3 46//3 45//3
f 41//3 42//3 46//3
f 42//4 47//4 46//4
f 42//4 43//4 47//4
f 43//5 48//5 47//5
f 43//5 44//5 48//5
f 44//6 45//6 48//6
f 44//6 41//6 45//6
f 49//3 54//3 53//3
f 49//3 50//3 54//3
f 50//4 55//4 54//4
f 50//4 51//4 55//4
f 51//5 56//5 55//5
f 51//5 52//5 56//5
f 52//6 53//6 56//6
f 52//6 49//6 53//6
f 57//3 62//3 61//3
f 57//3 58//3 62//3
f 58//4 63//4 62//4
f 58//4 59//4 63//4
f 59//5 64//5 63//5
f 59//5 60//5 64//5
f 60//6 61//6 64//6
f 60//6 57//6 61//6
f 65//3 70//3 69//3
f 65//3 66//3 70//3
f 66//4 71//4 70//4
f 66//4 67//4 71//4
f 67//5 72//5 71//5
f 67//5 68//5 72//5
f 68//6 69//6 72//6
f 68//6 65//6 69//6
f 73//3 78//3 77//3
f 73//3 74//3 78//3
f 74//4 79//4 78//4
f 74//4 75//4 79//4
f 75//5 80//5 79//5
f 75//5 76//5 80//5
f 76//6 77//6 80//6
f 76//6 73//6 77//6
f 81//3 86//3 85//3
f 81//3 82//3 86//3
f 82//4 87//4 86//4
f 82//4 83//4 87//4
f 83//5 88//5 87//5
f 83//5 84//5 88//5
f 84//6 85//6 88//6
f 84//6 81//6 85//6
f 89//3 94//3 93//3
f 89//3 90//3 94//3
f 90//4 95//4 94//4
f 90//4 91//4 95//4
f 91//5 96//5 95//5
f 91//5 92//5 96//5
f 92//6 93//6 96//6
f 92//6 89//6 93//6
f 101//2 102//2 103//2
f 101//2 103//2 104//2
f 97//3 102//3 101//3
f 97//3 98//3 102//3
f 98//4 103//4 102//4
f 98//4 99//4 103//4
f 99//5 104//5 103//5
f 99//5 100//5 104//5
f 100//6 101//6 104//6
f 100//6 97//6 101//6
f 105//1 107//1 106//1
f 105//1 108//1 107//1
f 109//2 110//2 111//2
f 109//2 111//2 112//2
f 105//3 110//3 109//3
f 105//3 106//3 110//3
f 106//4 111//4 110//4
f 106//4 107//4 111//4
f 108//6 109//6 112//6
f 108//6 105//6 109//6
f 113//1 115//1 114//1
f 113//1 116//1 115//1
f 117//2 118//2 119//2
f 117//2 119//2 120//2
f 113//3 118//3 117//3
f 113//3 114//3 118//3
f 114//4 119//4 118//4
f 114//4 115//4 119//4
f 116//6 117//6 120//6
f 116//6 113//6 117//6
f 121//1 123//1 122//1
f 121//1 124//1 123//1
f 121//3 126//3 125//3
f 121//3 122//3 126//3
f 122//4 127//4 126//4
f 122//4 123//4 127//4
f 124//6 125//6 128//6
f 124//6 121//6 125//6
f 129//3 134//3 133//3
f 129//3 130//3 134//3
f 130//4 135//4 134//4
f 130//4 131//4 135//4
f 132//6 133//6 136//6
f 132//6 129//6 133//6
f 137//3 142//3 141//3
f 137//3 138//3 142//3
f 138//4 143//4 142//4
f 138//4 139//4 143//4
f 140//6 141//6 144//6
f 140//6 137//6 141//6
f 145//3 150//3 149//3
f 145//3 146//3 150//3
f 146//4 151//4 150//4
f 146//4 147//4 151//4
f 148//6 149//6 152//6
f 148//6 145//6 149//6
f 154//4 159//4 158//4
f 154//4 155//4 159//4
f 156//6 157//6 160//6
f 156//6 153//6 157//6
f 161//3 166//3 165//3
f 161//3 162//3 166//3
f 162//4 167//4 166//4
f 162//4 163//4 167//4
f 164//6 165//6 168//6
f 164//6 161//6 165//6
f 170//4 175//4 174//4
f 170//4 171//4 175//4
f 172//6 173//6 176//6
f 172//6 169//6 173//6
f 177//3 182//3 181//3
f 177//3 178//3 182//3
f 178//4 183//4 182//4
f 178//4 179//4 183//4
f 180//6 181//6 184//6
f 180//6 177//6 181//6
f 185//3 190//3 189//3
f 185//3 186//3 190//3
f 186//4 191//4 190//4
f 186//4 187//4 191//4
f 188//6 189//6 192//6
f 188//6 185//6 189//6
f 193//3 198//3 197//3
f 193//3 194//3 198//3
f 194//4 199//4 198//4
f 194//4 195//4 199//4
f 195//5 200//5 199//5
f 195//5 196//5 200//5
f 196//6 197//6 200//6
f 196//6 193//6 197//6
f 201//3 206//3 205//3
f 201//3 202//3 206//3
f 202//4 207//4 206//4
f 202//4 203//4 207//4
f 203//5 208//5 207//5
f 203//5 204//5 208//5
f 204//6 205//6 208//6
f 204//6 201//6 205//6
f 209//3 214//3 213//3
f 209//3 210//3 214//3
f 210//4 215//4 214//4
f 210//4 211//4 215//4
f 211//5 216//5 215//5
f 211//5 212//5 216//5
f 212//6 213//6 216//6
f 212//6 209//6 213//6
f 217//3 222//3 221//3
f 217//3 218//3 222//3
f 218//4 223//4 222//4
f 218//4 219//4 223//4
f 219//5 224//5 223//5
f 219//5 220//5 224//5
f 220//6 221//6 224//6
f 220//6 217//6 221//6
f 225//3 230//3 229//3
f 225//3 226//3 230//3
f 226//4 231//4 230//4
f 226//4 227//4 231//4
f 227//5 232//5 231//5
f 227//5 228//5 232//5
f 228//6 229//6 232//6
f 228//6 225//6 229//6
f 233//3 238//3 237//3
f 233//3 234//3 238//3
f 234//4 239//4 238//4
f 234//4 235//4 239//4
f 235//5 240//5 239//5
f 235//5 236//5 240//5
f 236//6 237//6 240//6
f 236//6 233//6 237//6
f 241//3 246//3 245//3
f 241//3 242//3 246//3
f 242//4 247//4 246//4
f 242//4 243//4 247//4
f 243//5 248//5 247//5
f 243//5 244//5 248//5
f 244//6 245//6 248//6
f 244//6 241//6 245//6
f 249//3 254//3 253//3
f 249//3 250//3 254//3
f 250//4 255//4 254//4
f 250//4 251//4 255//4
f 251//5 256//5 255//5
f 251//5 252//5 256//5
f 252//6 253//6 256//6
f 252//6 249//6 253//6
f 257//3 262//3 261//3
f 257//3 258//3 262//3
f 258//4 263//4 262//4
f 258//4 259//4 263//4
f 259//5 264//5 263//5
f 259//5 260//5 264//5
f 260//6 261//6 264//6
f 260//6 257//6 261//6
f 265//3 270//3 269//3
f 265//3 266//3 270//3
f 266//4 271//4 270//4
f 266//4 267//4 271//4
f 267//5 272//5 271//5
f 267//5 268//5 272//5
f 268//6 269//6 272//6
f 268//6 265//6 269//6
f 273//3 278//3 277//3
f 273//3 274//3 278//3
f 274//4 279//4 278//4
f 274//4 275//4 279//4
f 275//5 280//5 279//5
f 275//5 276//5 280//5
f 276//6 277//6 280//6
f 276//6 273//6 277//6
f 281//3 286//3 285//3
f 281//3 282//3 286//3
f 282//4 287//4 286//4
f 282//4 283//4 287//4
f 283//5 288//5 287//5
f 283//5 284//5 288//5
f 284//6 285//6 288//6
f 284//6 281//6 285//6
f 289//3 294//3 293//3
f 289//3 290//3 294//3
f 290//4 295//4 294//4
f 290//4 291//4 295//4
f 291//5 296//5 295//5
f 291//5 292//5 296//5
f 292//6 293//6 296//6
f 292//6 289//6 293//6
f 297//3 302//3 301//3
f 297//3 298//3 302//3
f 298//4 303//4 302//4
f 298//4 299//4 303//4
f 300//6 301//6 304//6
f 300//6 297//6 301//6
f 305//3 310//3 309//3
f 305//3 306//3 310//3
f 306//4 311//4 310//4
f 306//4 307//4 311//4
f 308//6 309//6 312//6
f 308//6 305//6 309//6
f 313//3 318//3 317//3
f 313//3 314//3 318//3
f 314//4 319//4 318//4
f 314//4 315//4 319//4
f 316//6 317//6 320//6
f 316//6 313//6 317//6
f 325//2 326//2 327//2
f 325//2 327//2 328//2
f 321//3 326//3 325//3
f 321//3 322//3 326//3
f 322//4 327//4 326//4
f 322//4 323//4 327//4
f 324//6 325//6 328//6
f 324//6 321//6 325//6
f 329//1 331//1 330//1
f 329//1 332//1 331//1
f 329//3 334//3 333//3
f 329//3 330//3 334//3
f 330//4 335//4 334//4
f 330//4 331//4 335//4
f 332//6 333//6 336//6
f 332//6 329//6 333//6
f 338//4 343//4 342//4
f 338//4 339//4 343//4
f 340//6 341//6 344//6
f 340//6 337//6 341//6
f 346//4 351//4 350//4
f 346//4 347//4 351//4
f 348//6 349//6 352//6
f 348//6 345//6 349//6
f 354//4 359//4 358//4
f 354//4 355//4 359//4
f 356//6 357//6 360//6
f 356//6 353//6 357//6
f 362//4 367//4 366//4
f 362//4 363//4 367//4
f 364//6 365//6 368//6
f 364//6 361//6 365//6
f 370//4 375//4 374//4
f 370//4 371//4 375//4
f 372//6 373//6 376//6
f 372//6 369//6 373//6
f 378//4 383//4 382//4
f 378//4 379//4 383//4
f 380//6 381//6 384//6
f 380//6 377//6 381//6
f 386//4 391//4 390//4
f 386//4 387//4 391//4
f 388//6 389//6 392//6
f 388//6 385//6 389//6
f 394//4 399//4 398//4
f 394//4 395//4 399//4
f 396//6 397//6 400//6
f 396//6 393//6 397//6
f 405//2 406//2 407//2
f 405//2 407//2 408//2
f 402//4 407//4 406//4
f 402//4 403//4 407//4
f 404//6 405//6 408//6
f 404//6 401//6 405//6
f 409//1 411//1 410//1
f 409//1 412//1 411//1
f 410//4 415//4 414//4
f 410//4 411//4 415//4
f 412//6 413//6 416//6
f 412//6 409//6 413//6
f 418//4 423//4 422//4
f 418//4 419//4 423//4
f 420//6 421//6 424//6
f 420//6 417//6 421//6
f 426//4 431//4 430//4
f 426//4 427//4 431//4
f 428//6 429//6 432//6
f 428//6 425//6 429//6
f 434//4 439//4 438//4
f 434//4 435//4 439//4
f 436//6 437//6 440//6
f 436//6 433//6 437//6
f 441//3 446//3 445//3
f 441//3 442//3 446//3
f 442//4 447//4 446//4
f 442//4 443//4 447//4
f 444//6 445//6 448//6
f 444//6 441//6 445//6
f 453//2 454//2 455//2
f 453//2 455//2 456//2
f 449//3 454//3 453//3
f 449//3 450//3 454//3
f 450//4 455//4 454//4
f 450//4 451//4 455//4
f 452//6 453//6 456//6
f 452//6 449//6 453//6
f 457//1 459//1 458//1
f 457//1 460//1 459//1
f 458//4 463//4 462//4
f 458//4 459//4 463//4
f 460//6 461//6 464//6
f 460//6 457//6 461//6
f 466//4 471//4 470//4
f 466//4 467//4 471//4
f 468//6 469//6 472//6
f 468//6 465//6 469//6
f 474//4 479//4 478//4
f 474//4 475//4 479//4
f 476//6 477//6 480//6
f 476//6 473//6 477//6
f 482//4 487//4 486//4
f 482//4 483//4 487//4
f 484//6 485//6 488//6
f 484//6 481//6 485//6
f 490//4 495//4 494//4
f 490//4 491//4 495//4
f 492//6 493//6 496//6
f 492//6 489//6 493//6
f 498//4 503//4 502//4
f 498//4 499//4 503//4
f 500//6 501//6 504//6
f 500//6 497//6 501//6
f 506//4 511//4 510//4
f 506//4 507//4 511//4
f 508//6 509//6 512//6
f 508//6 505//6 509//6
f 514//4 519//4 518//4
f 514//4 515//4 519//4
f 516//6 517//6 520//6
f 516//6 513//6 517//6
f 522//4 527//4 526//4
f 522//4 523//4 527//4
f 524//6 525//6 528//6
f 524//6 521//6 525//6
f 530//4 535//4 534//4
f 530//4 531//4 535//4
f 532//6 533//6 536//6
f 532//6 529//6 533//6
f 537//3 542//3 541//3
f 537//3 538//3 542//3
f 538//4 543//4 542//4
f 538//4 539//4 543//4
f 540//6 541//6 544//6
f 540//6 537//6 541//6
f 545//3 550//3 549//3
f 545//3 546//3 550//3
f 546//4 551//4 550//4
f 546//4 547//4 551//4
f 548//6 549//6 552//6
f 548//6 545//6 549//6
f 553//3 558//3 557//3
f 553//3 554//3 558//3
f 554//4 559//4 558//4
f 554//4 555//4 559//4
f 556//6 557//6 560//6
f 556//6 553//6 557//6
f 561//3 566//3 565//3
f 561//3 562//3 566//3
f 562//4 567//4 566//4
f 562//4 563//4 567//4
f 564//6 565//6 568//6
f 564//6 561//6 565//6
f 569//3 574//3 573//3
f 569//3 570//3 574//3
f 570//4 575//4 574//4
f 570//4 571//4 575//4
f 572//6 573//6 576//6
f 572//6 569//6 573//6
f 577//3 582//3 581//3
f 577//3 578//3 582//3
f 578//4 583//4 582//4
f 578//4 579//4 583//4
f 580//6 581//6 584//6
f 580//6 577//6 581//6
f 585//3 590//3 589//3
f 585//3 586//3 590//3
f 586//4 591//4 590//4
f 586//4 587//4 591//4
f 588//6 589//6 592//6
f 588//6 585//6 589//6
f 593//3 598//3 597//3
f 593//3 594//3 598//3
f 594//4 599//4 598//4
f 594//4 595//4 599//4
f 596//6 597//6 600//6
f 596//6 593//6 597//6
f 601//3 606//3 605//3
f 601//3 602//3 606//3
f 602//4 607//4 606//4
f 602//4 603//4 607//4
f 604//6 605//6 608//6
f 604//6 601//6 605//6
f 609//3 614//3 613//3
f 609//3 610//3 614//3
f 610//4 615//4 614//4
f 610//4 611//4 615//4
f 612//6 613//6 616//6
f 612//6 609//6 613//6
f 617//3 622//3 621//3
f 617//3 618//3 622//3
f 618//4 623//4 622//4
f 618//4 619//4 623//4
f 620//6 621//6 624//6
f 620//6 617//6 621//6
f 625//3 630//3 629//3
f 625//3 626//3 630//3
f 626//4 631//4 630//4
f 626//4 627//4 631//4
f 628//6 629//6 632//6
f 628//6 625//6 629//6
f 633//3 638//3 637//3
f 633//3 634//3 638//3
f 634//4 639//4 638//4
f 634//4 635//4 639//4
f 636//6 637//6 640//6
f 636//6 633//6 637//6
f 642//4 647//4 646//4
f 642//4 643//4 647//4
f 644//6 645//6 648//6
f 644//6 641//6 645//6
f 650//4 655//4 654//4
f 650//4 651//4 655//4
f 652//6 653//6 656//6
f 652//6 649//6 653//6
f 658//4 663//4 662//4
f 658//4 659//4 663//4
f 660//6 661//6 664//6
f 660//6 657//6 661//6
f 666//4 671//4 670//4
f 666//4 667//4 671//4
f 668//6 669//6 672//6
f 668//6 665//6 669//6
f 674//4 679//4 678//4
f 674//4 675//4 679//4
f 676//6 677//6 680//6
f 676//6 673//6 677//6
f 682//4 687//4 686//4
f 682//4 683//4 687//4
f 684//6 685//6 688//6
f 684//6 681//6 685//6
f 693//2 694//2 695//2
f 693//2 695//2 696//2
f 689//3 694//3 693//3
f 689//3 690//3 694//3
f 690//4 695//4 694//4
f 690//4 691//4 695//4
f 692//6 693//6 696//6
f 692//6 689//6 693//6
f 697//1 699//1 698//1
f 697//1 700//1 699//1
f 698//4 703//4 702//4
f 698//4 699//4 703//4
f 700//6 701//6 704//6
f 700//6 697//6 701//6
f 706//4 711//4 710//4
f 706//4 707//4 711//4
f 708//6 709//6 712//6
f 708//6 705//6 709//6
f 714//4 719//4 718//4
f 714//4 715//4 719//4
f 716//6 717//6 720//6
f 716//6 713//6 717//6
f 722//4 727//4 726//4
f 722//4 723//4 727//4
f 724//6 725//6 728//6
f 724//6 721//6 725//6
f 730//4 735//4 734//4
f 730//4 731//4 735//4
f 732//6 733//6 736//6
f 732//6 729//6 733//6
f 738//4 743//4 742//4
f 738//4 739//4 743//4
f 740//6 741//6 744//6
f 740//6 737//6 741//6
f 746//4 751//4 750//4
f 746//4 747//4 751//4
f 748//6 749//6 752//6
f 748//6 745//6 749//6
f 754//4 759//4 758//4
f 754//4 755//4 759//4
f 756//6 757//6 760//6
f 756//6 753//6 757//6
f 762//4 767//4 766//4
f 762//4 763//4 767//4
f 764//6 765//6 768//6
f 764//6 761//6 765//6
f 770//4 775//4 774//4
f 770//4 771//4 775//4
f 772//6 773//6 776//6
f 772//6 769//6 773//6
f 778//4 783//4 782//4
f 778//4 779//4 783//4
f 780//6 781//6 784//6
f 780//6 777//6 781//6
f 786//4 791//4 790//4
f 786//4 787//4 791//4
f 788//6 789//6 792//6
f 788//6 785//6 789//6
f 794//4 799//4 798//4
f 794//4 795//4 799//4
f 796//6 797//6 800//6
f 796//6 793//6 797//6
f 802//4 807//4 806//4
f 802//4 803//4 807//4
f 804//6 805//6 808//6
f 804//6 801//6 805//6
f 810//4 815//4 814//4
f 810//4 811//4 815//4
f 812//6 813//6 816//6
f 812//6 809//6 813//6
f 818//4 823//4 822//4
f 818//4 819//4 823//4
f 820//6 821//6 824//6
f 820//6 817//6 821//6
f 826//4 831//4 830//4
f 826//4 827//4 831//4
f 828//6 829//6 832//6
f 828//6 825//6 829//6
f 834//4 839//4 838//4
f 834//4 835//4 839//4
f 836//6 837//6 840//6
f 836//6 833//6 837//6
f 842//4 847//4 846//4
f 842//4 843//4 847//4
f 844//6 845//6 848//6
f 844//6 841//6 845//6
f 850//4 855//4 854//4
f 850//4 851//4 855//4
f 852//6 853//6 856//6
f 852//6 849//6 853//6
f 858//4 863//4 862//4
f 858//4 859//4 863//4
f 860//6 861//6 864//6
f 860//6 857//6 861//6
f 866//4 871//4 870//4
f 866//4 867//4 871//4
f 868//6 869//6 872//6
f 868//6 865//6 869//6
f 874//4 879//4 878//4
f 874//4 875//4 879//4
f 876//6 877//6 880//6
f 876//6 873//6 877//6
f 882//4 887//4 886//4
f 882//4 883//4 887//4
f 884//6 885//6 888//6
f 884//6 881//6 885//6
f 890//4 895//4 894//4
f 890//4 891//4 895//4
f 892//6 893//6 896//6
f 892//6 889//6 893//6
f 898//4 903//4 902//4
f 898//4 899//4 903//4
f 900//6 901//6 904//6
f 900//6 897//6 901//6
f 906//4 911//4 910//4
f 906//4 907//4 911//4
f 908//6 909//6 912//6
f 908//6 905//6 909//6
f 914//4 919//4 918//4
f 914//4 915//4 919//4
f 916//6 917//6 920//6
f 916//6 913//6 917//6
f 922//4 927//4 926//4
f 922//4 923//4 927//4
f 924//6 925//6 928//6
f 924//6 921//6 925//6
f 933//2 934//2 935//2
f 933//2 935//2 936//2
f 930//4 935//4 934//4
f 930//4 931//4 935//4
f 932//6 933//6 936//6
f 932//6 929//6 933//6
f 937//1 939//1 938//1
f 937//1 940//1 939//1
f 938//4 943//4 942//4
f 938//4 939//4 943//4
f 939//5 944//5 943//5
f 939//5 940//5 944//5
f 940//6 941//6 944//6
f 940//6 937//6 941//6
f 946//4 951//4 950//4
f 946//4 947//4 951//4
f 948//6 949//6 952//6
f 948//6 945//6 949//6
f 954//4 959//4 958//4
f 954//4 955//4 959//4
f 956//6 957//6 960//6
f 956//6 953//6 957//6
f 962//4 967//4 966//4
f 962//4 963//4 967//4
f 964//6 965//6 968//6
f 964//6 961//6 965//6
f 970//4 975//4 974//4
f 970//4 971//4 975//4
f 972//6 973//6 976//6
f 972//6 969//6 973//6
f 978//4 983//4 982//4
f 978//4 979//4 983//4
f 980//6 981//6 984//6
f 980//6 977//6 981//6
f 986//4 991//4 990//4
f 986//4 987//4 991//4
f 988//6 989//6 992//6
f 988//6 985//6 989//6
f 994//4 999//4 998//4
f 994//4 995//4 999//4
f 996//6 997//6 1000//6
f 996//6 993//6 997//6
f 1002//4 1007//4 1006//4
f 1002//4 1003//4 1007//4
f 1004//6 1005//6 1008//6
f 1004//6 1001//6 1005//6
f 1010//4 1015//4 1014//4
f 1010//4 1011//4 1015//4
f 1012//6 1013//6 1016//6
f 1012//6 1009//6 1013//6
f 1018//4 1023//4 1022//4
f 1018//4 1019//4 1023//4
f 1020//6 1021//6 1024//6
f 1020//6 1017//6 1021//6
f 1026//4 1031//4 1030//4
f 1026//4 1027//4 1031//4
f 1028//6 1029//6 1032//6
f 1028//6 1025//6 1029//6
f 1034//4 1039//4 1038//4
f 1034//4 1035//4 1039//4
f 1036//6 1037//6 1040//6
f 1036//6 1033//6 1037//6
f 1042//4 1047//4 1046//4
f 1042//4 1043//4 1047//4
f 1044//6 1045//6 1048//6
f 1044//6 1041//6 1045//6
f 1050//4 1055//4 1054//4
f 1050//4 1051//4 1055//4
f 1052//6 1053//6 1056//6
f 1052//6 1049//6 1053//6
f 1058//4 1063//4 1062//4
f 1058//4 1059//4 1063//4
f 1060//6 1061//6 1064//6
f 1060//6 1057//6 1061//6
f 1066//4 1071//4 1070//4
f 1066//4 1067//4 1071//4
f 1068//6 1069//6 1072//6
f 1068//6 1065//6 1069//6
f 1074//4 1079//4 1078//4
f 1074//4 1075//4 1079//4
f 1076//6 1077//6 1080//6
f 1076//6 1073//6 1077//6
f 1082//4 1087//4 1086//4
f 1082//4 1083//4 1087//4
f 1084//6 1085//6 1088//6
f 1084//6 1081//6 1085//6
f 1090//4 1095//4 1094//4
f 1090//4 1091//4 1095//4
f 1092//6 1093//6 1096//6
f 1092//6 1089//6 1093//6
f 1098//4 1103//4 1102//4
f 1098//4 1099//4 1103//4
f 1100//6 1101//6 1104//6
f 1100//6 1097//6 1101//6
f 1106//4 1111//4 1110//4
f 1106//4 1107//4 1111//4
f 1108//6 1109//6 1112//6
f 1108//6 1105//6 1109//6
f 1114//4 1119//4 1118//4
f 1114//4 1115//4 1119//4
f 1116//6 1117//6 1120//6
f 1116//6 1113//6 1117//6
f 1122//4 1127//4 1126//4
f 1122//4 1123//4 1127//4
f 1124//6 1125//6 1128//6
f 1124//6 1121//6 1125//6
f 1130//4 1135//4 1134//4
f 1130//4 1131//4 1135//4
f 1132//6 1133//6 1136//6
f 1132//6 1129//6 1133//6
f 1138//4 1143//4 1142//4
f 1138//4 1139//4 1143//4
f 1140//6 1141//6 1144//6
f 1140//6 1137//6 1141//6
f 1146//4 1151//4 1150//4
f 1146//4 1147//4 1151//4
f 1148//6 1149//6 1152//6
f 1148//6 1145//6 1149//6
f 1154//4 1159//4 1158//4
f 1154//4 1155//4 1159//4
f 1156//6 1157//6 1160//6
f 1156//6 1153//6 1157//6
f 1162//4 1167//4 1166//4
f 1162//4 1163//4 1167//4
f 1164//6 1165//6 1168//6
f 1164//6 1161//6 1165//6
f 1173//2 1174//2 1175//2
f 1173//2 1175//2 1176//2
f 1170//4 1175//4 1174//4
f 1170//4 1171//4 1175//4
f 1171//5 1176//5 1175//5
f 1171//5 1172//5 1176//5
f 1172//6 1173//6 1176//6
f 1172//6 1169//6 1173//6
f 1177//1 1179//1 1178//1
f 1177//1 1180//1 1179//1
f 1178//4 1183//4 1182//4
f 1178//4 1179//4 1183//4
f 1179//5 1184//5 1183//5
f 1179//5 1180//5 1184//5
f 1180//6 1181//6 1184//6
f 1180//6 1177//6 1181//6
f 1186//4 1191//4 1190//4
f 1186//4 1187//4 1191//4
f 1187//5 1192//5 1191//5
f 1187//5 1188//5 1192//5
f 1188//6 1189//6 1192//6
f 1188//6 1185//6 1189//6
f 1194//4 1199//4 1198//4
f 1194//4 1195//4 1199//4
f 1195//5 1200//5 1199//5
f 1195//5 1196//5 1200//5
f 1196//6 1197//6 1200//6
f 1196//6 1193//6 1197//6
f 1202//4 1207//4 1206//4
f 1202//4 1203//4 1207//4
f 1203//5 1208//5 1207//5
f 1203//5 1204//5 1208//5
f 1204//6 1205//6 1208//6
f 1204//6 1201//6 1205//6
f 1210//4 1215//4 1214//4
f 1210//4 1211//4 1215//4
f 1211//5 1216//5 1215//5
f 1211//5 1212//5 1216//5
f 1212//6 1213//6 1216//6
f 1212//6 1209//6 1213//6
f 1218//4 1223//4 1222//4
f 1218//4 1219//4 1223//4
f 1219//5 1224//5 1223//5
f 1219//5 1220//5 1224//5
f 1220//6 1221//6 1224//6
f 1220//6 1217//6 1221//6
f 1226//4 1231//4 1230//4
f 1226//4 1227//4 1231//4
f 1227//5 1232//5 1231//5
f 1227//5 1228//5 1232//5
f 1228//6 1229//6 1232//6
f 1228//6 1225//6 1229//6
f 1234//4 1239//4 1238//4
f 1234//4 1235//4 1239//4
f 1235//5 1240//5 1239//5
f 1235//5 1236//5 1240//5
f 1236//6 1237//6 1240//6
f 1236//6 1233//6 1237//6
f 1242//4 1247//4 1246//4
f 1242//4 1243//4 1247//4
f 1243//5 1248//5 1247//5
f 1243//5 1244//5 1248//5
f 1244//6 1245//6 1248//6
f 1244//6 1241//6 1245//6
f 1250//4 1255//4 1254//4
f 1250//4 1251//4 1255//4
f 1251//5 1256//5 1255//5
f 1251//5 1252//5 1256//5
f 1252//6 1253//6 1256//6
f 1252//6 1249//6 1253//6
f 1258//4 1263//4 1262//4
f 1258//4 1259//4 1263//4
f 1259//5 1264//5 1263//5
f 1259//5 1260//5 1264//5
f 1260//6 1261//6 1264//6
f 1260//6 1257//6 1261//6
f 1266//4 1271//4 1270//4
f 1266//4 1267//4 1271//4
f 1267//5 1272//5 1271//5
f 1267//5 1268//5 1272//5
f 1268//6 1269//6 1272//6
f 1268//6 1265//6 1269//6
f 1274//4 1279//4 1278//4
f 1274//4 1275//4 1279//4
f 1275//5 1280//5 1279//5
f 1275//5 1276//5 1280//5
f 1276//6 1277//6 1280//6
f 1276//6 1273//6 1277//6
f 1282//4 1287//4 1286//4
f 1282//4 1283//4 1287//4
f 1283//5 1288//5 1287//5
f 1283//5 1284//5 1288//5
f 1284//6 1285//6 1288//6
f 1284//6 1281//6 1285//6
f 1290//4 1295//4 1294//4
f 1290//4 1291//4 1295//4
f 1291//5 1296//5 1295//5
f 1291//5 1292//5 1296//5
f 1292//6 1293//6 1296//6
f 1292//6 1289//6 1293//6
f 1298//4 1303//4 1302//4
f 1298//4 1299//4 1303//4
f 1299//5 1304//5 1303//5
f 1299//5 1300//5 1304//5
f 1300//6 1301//6 1304//6
f 1300//6 1297//6 1301//6
f 1306//4 1311//4 1310//4
f 1306//4 1307//4 1311//4
f 1307//5 1312//5 1311//5
f 1307//5 1308//5 1312//5
f 1308//6 1309//6 1312//6
f 1308//6 1305//6 1309//6
f 1314//4 1319//4 1318//4
f 1314//4 1315//4 1319//4
f 1315//5 1320//5 1319//5
f 1315//5 1316//5 1320//5
f 1316//6 1317//6 1320//6
f 1316//6 1313//6 1317//6
f 1322//4 1327//4 1326//4
f 1322//4 1323//4 1327//4
f 1323//5 1328//5 1327//5
f 1323//5 1324//5 1328//5
f 1324//6 1325//6 1328//6
f 1324//6 1321//6 1325//6
f 1330//4 1335//4 1334//4
f 1330//4 1331//4 1335//4
f 1331//5 1336//5 1335//5
f 1331//5 1332//5 1336//5
f 1332//6 1333//6 1336//6
f 1332//6 1329//6 1333//6
f 1338//4 1343//4 1342//4
f 1338//4 1339//4 1343//4
f 1339//5 1344//5 1343//5
f 1339//5 1340//5 1344//5
f 1340//6 1341//6 1344//6
f 1340//6 1337//6 1341//6
f 1346//4 1351//4 1350//4
f 1346//4 1347//4 1351//4
f 1348//6 1349//6 1352//6
f 1348//6 1345//6 1349//6
f 1354//4 1359//4 1358//4
f 1354//4 1355//4 1359//4
f 1356//6 1357//6 1360//6
f 1356//6 1353//6 1357//6
f 1362//4 1367//4 1366//4
f 1362//4 1363//4 1367//4
f 1363//5 1368//5 1367//5
f 1363//5 1364//5 1368//5
f 1364//6 1365//6 1368//6
f 1364//6 1361//6 1365//6
f 1370//4 1375//4 1374//4
f 1370//4 1371//4 1375//4
f 1371//5 1376//5 1375//5
f 1371//5 1372//5 1376//5
f 1372//6 1373//6 1376//6
f 1372//6 1369//6 1373//6
f 1378//4 1383//4 1382//4
f 1378//4 1379//4 1383//4
f 1379//5 1384//5 1383//5
f 1379//5 1380//5 1384//5
f 1380//6 1381//6 1384//6
f 1380//6 1377//6 1381//6
f 1386//4 1391//4 1390//4
f 1386//4 1387//4 1391//4
f 1387//5 1392//5 1391//5
f 1387//5 1388//5 1392//5
f 1388//6 1389//6 1392//6
f 1388//6 1385//6 1389//6
f 1397//2 1398//2 1399//2
f 1397//2 1399//2 1400//2
f 1394//4 1399//4 1398//4
f 1394//4 1395//4 1399//4
f 1395//5 1400//5 1399//5
f 1395//5 1396//5 1400//5
f 1396//6 1397//6 1400//6
f 1396//6 1393//6 1397//6
f 1401//1 1403//1 1402//1
f 1401//1 1404//1 1403//1
f 1402//4 1407//4 1406//4
f 1402//4 1403//4 1407//4
f 1403//5 1408//5 1407//5
f 1403//5 1404//5 1408//5
f 1404//6 1405//6 1408//6
f 1404//6 1401//6 1405//6
f 1413//2 1414//2 1415//2
f 1413//2 1415//2 1416//2
f 1410//4 1415//4 1414//4
f 1410//4 1411//4 1415//4
f 1411//5 1416//5 1415//5
f 1411//5 1412//5 1416//5
f 1412//6 1413//6 1416//6
f 1412//6 1409//6 1413//6
f 1417//1 1419//1 1418//1
f 1417//1 1420//1 1419//1
f 1417//3 1422//3 1421//3
f 1417//3 1418//3 1422//3
f 1418//4 1423//4 1422//4
f 1418//4 1419//4 1423//4
f 1420//6 1421//6 1424//6
f 1420//6 1417//6 1421//6
f 1425//3 1430//3 1429//3
f 1425//3 1426//3 1430//3
f 1426//4 1431//4 1430//4
f 1426//4 1427//4 1431//4
f 1428//6 1429//6 1432//6
f 1428//6 1425//6 1429//6
f 1433//3 1438//3 1437//3
f 1433//3 1434//3 1438//3
f 1434//4 1439//4 1438//4
f 1434//4 1435//4 1439//4
f 1436//6 1437//6 1440//6
f 1436//6 1433//6 1437//6
f 1441//3 1446//3 1445//3
f 1441//3 1442//3 1446//3
f 1442//4 1447//4 1446//4
f 1442//4 1443//4 1447//4
f 1444//6 1445//6 1448//6
f 1444//6 1441//6 1445//6
f 1449//3 1454//3 1453//3
f 1449//3 1450//3 1454//3
f 1450//4 1455//4 1454//4
f 1450//4 1451//4 1455//4
f 1451//5 1456//5 1455//5
f 1451//5 1452//5 1456//5
f 1452//6 1453//6 1456//6
f 1452//6 1449//6 1453//6
f 1457//3 1462//3 1461//3
f 1457//3 1458//3 1462//3
f 1458//4 1463//4 1462//4
f 1458//4 1459//4 1463//4
f 1460//6 1461//6 1464//6
f 1460//6 1457//6 1461//6
f 1465//3 1470//3 1469//3
f 1465//3 1466//3 1470//3
f 1466//4 1471//4 1470//4
f 1466//4 1467//4 1471//4
f 1467//5 1472//5 1471//5
f 1467//5 1468//5 1472//5
f 1468//6 1469//6 1472//6
f 1468//6 1465//6 1469//6
f 1473//3 1478//3 1477//3
f 1473//3 1474//3 1478//3
f 1474//4 1479//4 1478//4
f 1474//4 1475//4 1479//4
f 1476//6 1477//6 1480//6
f 1476//6 1473//6 1477//6
f 1481//3 1486//3 1485//3
f 1481//3 1482//3 1486//3
f 1482//4 1487//4 1486//4
f 1482//4 1483//4 1487//4
f 1484//6 1485//6 1488//6
f 1484//6 1481//6 1485//6
f 1489//3 1494//3 1493//3
f 1489//3 1490//3 1494//3
f 1490//4 1495//4 1494//4
f 1490//4 1491//4 1495//4
f 1492//6 1493//6 1496//6
f 1492//6 1489//6 1493//6
f 1497//3 1502//3 1501//3
f 1497//3 1498//3 1502//3
f 1498//4 1503//4 1502//4
f 1498//4 1499//4 1503//4
f 1500//6 1501//6 1504//6
f 1500//6 1497//6 1501//6
f 1505//3 1510//3 1509//3
f 1505//3 1506//3 1510//3
f 1506//4 1511//4 1510//4
f 1506//4 1507//4 1511//4
f 1508//6 1509//6 1512//6
f 1508//6 1505//6 1509//6
f 1513//3 1518//3 1517//3
f 1513//3 1514//3 1518//3
f 1514//4 1519//4 1518//4
f 1514//4 1515//4 1519//4
f 1516//6 1517//6 1520//6
f 1516//6 1513//6 1517//6
f 1521//3 1526//3 1525//3
f 1521//3 1522//3 1526//3
f 1522//4 1527//4 1526//4
f 1522//4 1523//4 1527//4
f 1524//6 1525//6 1528//6
f 1524//6 1521//6 1525//6
f 1529//3 1534//3 1533//3
f 1529//3 1530//3 1534//3
f 1530//4 1535//4 1534//4
f 1530//4 1531//4 1535//4
f 1532//6 1533//6 1536//6
f 1532//6 1529//6 1533//6
f 1537//3 1542//3 1541//3
f 1537//3 1538//3 1542//3
f 1538//4 1543//4 1542//4
f 1538//4 1539//4 1543//4
f 1540//6 1541//6 1544//6
f 1540//6 1537//6 1541//6
f 1549//2 1550//2 1551//2
f 1549//2 1551//2 1552//2
f 1545//3 1550//3 1549//3
f 1545//3 1546//3 1550//3
f 1546//4 1551//4 1550//4
f 1546//4 1547//4 1551//4
f 1548//6 1549//6 1552//6
f 1548//6 1545//6 1549//6
f 1553//1 1555//1 1554//1
f 1553//1 1556//1 1555//1
f 1553//3 1558//3 1557//3
f 1553//3 1554//3 1558//3
f 1554//4 1559//4 1558//4
f 1554//4 1555//4 1559//4
f 1556//6 1557//6 1560//6
f 1556//6 1553//6 1557//6
f 1561//3 1566//3 1565//3
f 1561//3 1562//3 1566//3
f 1562//4 1567//4 1566//4
f 1562//4 1563//4 1567//4
f 1564//6 1565//6 1568//6
f 1564//6 1561//6 1565//6
f 1569//3 1574//3 1573//3
f 1569//3 1570//3 1574//3
f 1570//4 1575//4 1574//4
f 1570//4 1571//4 1575//4
f 1572//6 1573//6 1576//6
f 1572//6 1569//6 1573//6
f 1577//3 1582//3 1581//3
f 1577//3 1578//3 1582//3
f 1578//4 1583//4 1582//4
f 1578//4 1579//4 1583//4
f 1580//6 1581//6 1584//6
f 1580//6 1577//6 1581//6
f 1585//3 1590//3 1589//3
f 1585//3 1586//3 1590//3
f 1586//4 1591//4 1590//4
f 1586//4 1587//4 1591//4
f 1588//6 1589//6 1592//6
f 1588//6 1585//6 1589//6
f 1593//3 1598//3 1597//3
f 1593//3 1594//3 1598//3
f 1594//4 1599//4 1598//4
f 1594//4 1595//4 1599//4
f 1596//6 1597//6 1600//6
f 1596//6 1593//6 1597//6
f 1601//3 1606//3 1605//3
f 1601//3 1602//3 1606//3
f 1602//4 1607//4 1606//4
f 1602//4 1603//4 1607//4
f 1604//6 1605//6 1608//6
f 1604//6 1601//6 1605//6
f 1609//3 1614//3 1613//3
f 1609//3 1610//3 1614//3
f 1610//4 1615//4 1614//4
f 1610//4 1611//4 1615//4
f 1612//6 1613//6 1616//6
f 1612//6 1609//6 1613//6
f 1617//3 1622//3 1621//3
f 1617//3 1618//3 1622//3
f 1618//4 1623//4 1622//4
f 1618//4 1619//4 1623//4
f 1620//6 1621//6 1624//6
f 1620//6 1617//6 1621//6
f 1629//2 1630//2 1631//2
f 1629//2 1631//2 1632//2
f 1625//3 1630//3 1629//3
f 1625//3 1626//3 1630//3
f 1628//6 1629//6 1632//6
f 1628//6 1625//6 1629//6
f 1633//1 1635//1 1634//1
f 1633//1 1636//1 1635//1
f 1633//3 1638//3 1637//3
f 1633//3 1634//3 1638//3
f 1634//4 1639//4 1638//4
f 1634//4 1635//4 1639//4
f 1635//5 1640//5 1639//5
f 1635//5 1636//5 1640//5
f 1636//6 1637//6 1640//6
f 1636//6 1633//6 1637//6
f 1642//4 1647//4 1646//4
f 1642//4 1643//4 1647//4
f 1643//5 1648//5 1647//5
f 1643//5 1644//5 1648//5
f 1644//6 1645//6 1648//6
f 1644//6 1641//6 1645//6
f 1650//4 1655//4 1654//4
f 1650//4 1651//4 1655//4
f 1651//5 1656//5 1655//5
f 1651//5 1652//5 1656//5
f 1652//6 1653//6 1656//6
f 1652//6 1649//6 1653//6
f 1658//4 1663//4 1662//4
f 1658//4 1659//4 1663//4
f 1659//5 1664//5 1663//5
f 1659//5 1660//5 1664//5
f 1660//6 1661//6 1664//6
f 1660//6 1657//6 1661//6
f 1669//2 1670//2 1671//2
f 1669//2 1671//2 1672//2
f 1666//4 1671//4 1670//4
f 1666//4 1667//4 1671//4
f 1667//5 1672//5 1671//5
f 1667//5 1668//5 1672//5
f 1668//6 1669//6 1672//6
f 1668//6 1665//6 1669//6
f 1673//1 1675//1 1674//1
f 1673//1 1676//1 1675//1
f 1677//2 1678//2 1679//2
f 1677//2 1679//2 1680//2
f 1674//4 1679//4 1678//4
f 1674//4 1675//4 1679//4
f 1675//5 1680//5 1679//5
f 1675//5 1676//5 1680//5
f 1676//6 1677//6 1680//6
f 1676//6 1673//6 1677//6
f 1681//1 1683//1 1682//1
f 1681//1 1684//1 1683//1
f 1682//4 1687//4 1686//4
f 1682//4 1683//4 1687//4
f 1683//5 1688//5 1687//5
f 1683//5 1684//5 1688//5
f 1684//6 1685//6 1688//6
f 1684//6 1681//6 1685//6
f 1690//4 1695//4 1694//4
f 1690//4 1691//4 1695//4
f 1691//5 1696//5 1695//5
f 1691//5 1692//5 1696//5
f 1692//6 1693//6 1696//6
f 1692//6 1689//6 1693//6
f 1698//4 1703//4 1702//4
f 1698//4 1699//4 1703//4
f 1699//5 1704//5 1703//5
f 1699//5 1700//5 1704//5
f 1700//6 1701//6 1704//6
f 1700//6 1697//6 1701//6
f 1706//4 1711//4 1710//4
f 1706//4 1707//4 1711//4
f 1707//5 1712//5 1711//5
f 1707//5 1708//5 1712//5
f 1708//6 1709//6 1712//6
f 1708//6 1705//6 1709//6
f 1714//4 1719//4 1718//4
f 1714//4 1715//4 1719//4
f 1715//5 1720//5 1719//5
f 1715//5 1716//5 1720//5
f 1716//6 1717//6 1720//6
f 1716//6 1713//6 1717//6
f 1722//4 1727//4 1726//4
f 1722//4 1723//4 1727//4
f 1723//5 1728//5 1727//5
f 1723//5 1724//5 1728//5
f 1724//6 1725//6 1728//6
f 1724//6 1721//6 1725//6
f 1730//4 1735//4 1734//4
f 1730//4 1731//4 1735//4
f 1731//5 1736//5 1735//5
f 1731//5 1732//5 1736//5
f 1732//6 1733//6 1736//6
f 1732//6 1729//6 1733//6
f 1738//4 1743//4 1742//4
f 1738//4 1739//4 1743//4
f 1739//5 1744//5 1743//5
f 1739//5 1740//5 1744//5
f 1740//6 1741//6 1744//6
f 1740//6 1737//6 1741//6
f 1746//4 1751//4 1750//4
f 1746//4 1747//4 1751//4
f 1747//5 1752//5 1751//5
f 1747//5 1748//5 1752//5
f 1748//6 1749//6 1752//6
f 1748//6 1745//6 1749//6
f 1754//4 1759//4 1758//4
f 1754//4 1755//4 1759//4
f 1755//5 1760//5 1759//5
f 1755//5 1756//5 1760//5
f 1756//6 1757//6 1760//6
f 1756//6 1753//6 1757//6
f 1761//3 1766//3 1765//3
f 1761//3 1762//3 1766//3
f 1762//4 1767//4 1766//4
f 1762//4 1763//4 1767//4
f 1763//5 1768//5 1767//5
f 1763//5 1764//5 1768//5
f 1764//6 1765//6 1768//6
f 1764//6 1761//6 1765//6
f 1770//4 1775//4 1774//4
f 1770//4 1771//4 1775//4
f 1771//5 1776//5 1775//5
f 1771//5 1772//5 1776//5
f 1772//6 1773//6 1776//6
f 1772//6 1769//6 1773//6
f 1778//4 1783//4 1782//4
f 1778//4 1779//4 1783//4
f 1779//5 1784//5 1783//5
f 1779//5 1780//5 1784//5
f 1780//6 1781//6 1784//6
f 1780//6 1777//6 1781//6
f 1786//4 1791//4 1790//4
f 1786//4 1787//4 1791//4
f 1787//5 1792//5 1791//5
f 1787//5 1788//5 1792//5
f 1788//6 1789//6 1792//6
f 1788//6 1785//6 1789//6
f 1794//4 1799//4 1798//4
f 1794//4 1795//4 1799//4
f 1795//5 1800//5 1799//5
f 1795//5 1796//5 1800//5
f 1796//6 1797//6 1800//6
f 1796//6 1793//6 1797//6
f 1802//4 1807//4 1806//4
f 1802//4 1803//4 1807//4
f 1803//5 1808//5 1807//5
f 1803//5 1804//5 1808//5
f 1804//6 1805//6 1808//6
f 1804//6 1801//6 1805//6
f 1810//4 1815//4 1814//4
f 1810//4 1811//4 1815//4
f 1811//5 1816//5 1815//5
f 1811//5 1812//5 1816//5
f 1812//6 1813//6 1816//6
f 1812//6 1809//6 1813//6
f 1818//4 1823//4 1822//4
f 1818//4 1819//4 1823//4
f 1819//5 1824//5 1823//5
f 1819//5 1820//5 1824//5
f 1820//6 1821//6 1824//6
f 1820//6 1817//6 1821//6
f 1826//4 1831//4 1830//4
f 1826//4 1827//4 1831//4
f 1827//5 1832//5 1831//5
f 1827//5 1828//5 1832//5
f 1828//6 1829//6 1832//6
f 1828//6 1825//6 1829//6
f 1834//4 1839//4 1838//4
f 1834//4 1835//4 1839//4
f 1836//6 1837//6 1840//6
f 1836//6 1833//6 1837//6
f 1844//6 1845//6 1848//6
f 1844//6 1841//6 1845//6
f 1853//2 1854//2 1855//2
f 1853//2 1855//2 1856//2
f 1849//3 1854//3 1853//3
f 1849//3 1850//3 1854//3
f 1850//4 1855//4 1854//4
f 1850//4 1851//4 1855//4
f 1852//6 1853//6 1856//6
f 1852//6 1849//6 1853//6
f 1857//1 1859//1 1858//1
f 1857//1 1860//1 1859//1
f 1858//4 1863//4 1862//4
f 1858//4 1859//4 1863//4
f 1859//5 1864//5 1863//5
f 1859//5 1860//5 1864//5
f 1860//6 1861//6 1864//6
f 1860//6 1857//6 1861//6
f 1866//4 1871//4 1870//4
f 1866//4 1867//4 1871//4
f 1867//5 1872//5 1871//5
f 1867//5 1868//5 1872//5
f 1868//6 1869//6 1872//6
f 1868//6 1865//6 1869//6
f 1874//4 1879//4 1878//4
f 1874//4 1875//4 1879//4
f 1876//6 1877//6 1880//6
f 1876//6 1873//6 1877//6
f 1881//3 1886//3 1885//3
f 1881//3 1882//3 1886//3
f 1882//4 1887//4 1886//4
f 1882//4 1883//4 1887//4
f 1884//6 1885//6 1888//6
f 1884//6 1881//6 1885//6
f 1893//2 1894//2 1895//2
f 1893//2 1895//2 1896//2
f 1889//3 1894//3 1893//3
f 1889//3 1890//3 1894//3
f 1890//4 1895//4 1894//4
f 1890//4 1891//4 1895//4
f 1892//6 1893//6 1896//6
f 1892//6 1889//6 1893//6
f 1897//1 1899//1 1898//1
f 1897//1 1900//1 1899//1
f 1898//4 1903//4 1902//4
f 1898//4 1899//4 1903//4
f 1899//5 1904//5 1903//5
f 1899//5 1900//5 1904//5
f 1900//6 1901//6 1904//6
f 1900//6 1897//6 1901//6
f 1906//4 1911//4 1910//4
f 1906//4 1907//4 1911//4
f 1908//6 1909//6 1912//6
f 1908//6 1905//6 1909//6
f 1914//4 1919//4 1918//4
f 1914//4 1915//4 1919//4
f 1916//6 1917//6 1920//6
f 1916//6 1913//6 1917//6
f 1921//3 1926//3 1925//3
f 1921//3 1922//3 1926//3
f 1922//4 1927//4 1926//4
f 1922//4 1923//4 1927//4
f 1924//6 1925//6 1928//6
f 1924//6 1921//6 1925//6
f 1929//3 1934//3 1933//3
f 1929//3 1930//3 1934//3
f 1930//4 1935//4 1934//4
f 1930//4 1931//4 1935//4
f 1932//6 1933//6 1936//6
f 1932//6 1929//6 1933//6
f 1941//2 1942//2 1943//2
f 1941//2 1943//2 1944//2
f 1937//3 1942//3 1941//3
f 1937//3 1938//3 1942//3
f 1938//4 1943//4 1942//4
f 1938//4 1939//4 1943//4
f 1940//6 1941//6 1944//6
f 1940//6 1937//6 1941//6
f 1945//1 1947//1 1946//1
f 1945//1 1948//1 1947//1
f 1946//4 1951//4 1950//4
f 1946//4 1947//4 1951//4
f 1948//6 1949//6 1952//6
f 1948//6 1945//6 1949//6
f 1954//4 1959//4 1958//4
f 1954//4 1955//4 1959//4
f 1956//6 1957//6 1960//6
f 1956//6 1953//6 1957//6
f 1962//4 1967//4 1966//4
f 1962//4 1963//4 1967//4
f 1964//6 1965//6 1968//6
f 1964//6 1961//6 1965//6
f 1970//4 1975//4 1974//4
f 1970//4 1971//4 1975//4
f 1972//6 1973//6 1976//6
f 1972//6 1969//6 1973//6
f 1981//2 1982//2 1983//2
f 1981//2 1983//2 1984//2
f 1978//4 1983//4 1982//4
f 1978//4 1979//4 1983//4
f 1980//6 1981//6 1984//6
f 1980//6 1977//6 1981//6
f 1985//1 1987//1 1986//1
f 1985//1 1988//1 1987//1
f 1986//4 1991//4 1990//4
f 1986//4 1987//4 1991//4
f 1988//6 1989//6 1992//6
f 1988//6 1985//6 1989//6
f 1994//4 1999//4 1998//4
f 1994//4 1995//4 1999//4
f 1996//6 1997//6 2000//6
f 1996//6 1993//6 1997//6
f 2002//4 2007//4 2006//4
f 2002//4 2003//4 2007//4
f 2004//6 2005//6 2008//6
f 2004//6 2001//6 2005//6
f 2010//4 2015//4 2014//4
f 2010//4 2011//4 2015//4
f 2012//6 2013//6 2016//6
f 2012//6 2009//6 2013//6
f 2021//2 2022//2 2023//2
f 2021//2 2023//2 2024//2
f 2018//4 2023//4 2022//4
f 2018//4 2019//4 2023//4
f 2019//5 2024//5 2023//5
f 2019//5 2020//5 2024//5
f 2020//6 2021//6 2024//6
f 2020//6 2017//6 2021//6
f 2025//1 2027//1 2026//1
f 2025//1 2028//1 2027//1
f 2026//4 2031//4 2030//4
f 2026//4 2027//4 2031//4
f 2028//6 2029//6 2032//6
f 2028//6 2025//6 2029//6
f 2034//4 2039//4 2038//4
f 2034//4 2035//4 2039//4
f 2035//5 2040//5 2039//5
f 2035//5 2036//5 2040//5
f 2036//6 2037//6 2040//6
f 2036//6 2033//6 2037//6
f 2042//4 2047//4 2046//4
f 2042//4 2043//4 2047//4
f 2043//5 2048//5 2047//5
f 2043//5 2044//5 2048//5
f 2044//6 2045//6 2048//6
f 2044//6 2041//6 2045//6
f 2053//2 2054//2 2055//2
f 2053//2 2055//2 2056//2
f 2050//4 2055//4 2054//4
f 2050//4 2051//4 2055//4
f 2051//5 2056//5 2055//5
f 2051//5 2052//5 2056//5
f 2052//6 2053//6 2056//6
f 2052//6 2049//6 2053//6
f 2057//1 2059//1 2058//1
f 2057//1 2060//1 2059//1
f 2061//2 2062//2 2063//2
f 2061//2 2063//2 2064//2
f 2057//3 2062//3 2061//3
f 2057//3 2058//3 2062//3
f 2058//4 2063//4 2062//4
f 2058//4 2059//4 2063//4
f 2060//6 2061//6 2064//6
f 2060//6 2057//6 2061//6
f 2065//1 2067//1 2066//1
f 2065//1 2068//1 2067//1
f 2065//3 2070//3 2069//3
f 2065//3 2066//3 2070//3
f 2066//4 2071//4 2070//4
f 2066//4 2067//4 2071//4
f 2068//6 2069//6 2072//6
f 2068//6 2065//6 2069//6
f 2077//2 2078//2 2079//2
f 2077//2 2079//2 2080//2
f 2074//4 2079//4 2078//4
f 2074//4 2075//4 2079//4
f 2075//5 2080//5 2079//5
f 2075//5 2076//5 2080//5
f 2076//6 2077//6 2080//6
f 2076//6 2073//6 2077//6
f 2081//1 2083//1 2082//1
f 2081//1 2084//1 2083//1
f 2082//4 2087//4 2086//4
f 2082//4 2083//4 2087//4
f 2084//6 2085//6 2088//6
f 2084//6 2081//6 2085//6
f 2089//3 2094//3 2093//3
f 2089//3 2090//3 2094//3
f 2090//4 2095//4 2094//4
f 2090//4 2091//4 2095//4
f 2092//6 2093//6 2096//6
f 2092//6 2089//6 2093//6
f 2097//3 2102//3 2101//3
f 2097//3 2098//3 2102//3
f 2098//4 2103//4 2102//4
f 2098//4 2099//4 2103//4
f 2100//6 2101//6 2104//6
f 2100//6 2097//6 2101//6
f 2105//3 2110//3 2109//3
f 2105//3 2106//3 2110//3
f 2106//4 2111//4 2110//4
f 2106//4 2107//4 2111//4
f 2108//6 2109//6 2112//6
f 2108//6 2105//6 2109//6
f 2113//3 2118//3 2117//3
f 2113//3 2114//3 2118//3
f 2114//4 2119//4 2118//4
f 2114//4 2115//4 2119//4
f 2116//6 2117//6 2120//6
f 2116//6 2113//6 2117//6
f 2121//3 2126//3 2125//3
f 2121//3 2122//3 2126//3
f 2122//4 2127//4 2126//4
f 2122//4 2123//4 2127//4
f 2124//6 2125//6 2128//6
f 2124//6 2121//6 2125//6
f 2129//3 2134//3 2133//3
f 2129//3 2130//3 2134//3
f 2130//4 2135//4 2134//4
f 2130//4 2131//4 2135//4
f 2132//6 2133//6 2136//6
f 2132//6 2129//6 2133//6
f 2137//3 2142//3 2141//3
f 2137//3 2138//3 2142//3
f 2138//4 2143//4 2142//4
f 2138//4 2139//4 2143//4
f 2140//6 2141//6 2144//6
f 2140//6 2137//6 2141//6
f 2145//3 2150//3 2149//3
f 2145//3 2146//3 2150//3
f 2146//4 2151//4 2150//4
f 2146//4 2147//4 2151//4
f 2148//6 2149//6 2152//6
f 2148//6 2145//6 2149//6
f 2153//3 2158//3 2157//3
f 2153//3 2154//3 2158//3
f 2154//4 2159//4 2158//4
f 2154//4 2155//4 2159//4
f 2156//6 2157//6 2160//6
f 2156//6 2153//6 2157//6
f 2161//3 2166//3 2165//3
f 2161//3 2162//3 2166//3
f 2162//4 2167//4 2166//4
f 2162//4 2163//4 2167//4
f 2164//6 2165//6 2168//6
f 2164//6 2161//6 2165//6
f 2169//3 2174//3 2173//3
f 2169//3 2170//3 2174//3
f 2170//4 2175//4 2174//4
f 2170//4 2171//4 2175//4
f 2172//6 2173//6 2176//6
f 2172//6 2169//6 2173//6
f 2177//3 2182//3 2181//3
f 2177//3 2178//3 2182//3
f 2178//4 2183//4 2182//4
f 2178//4 2179//4 2183//4
f 2180//6 2181//6 2184//6
f 2180//6 2177//6 2181//6
f 2185//3 2190//3 2189//3
f 2185//3 2186//3 2190//3
f 2186//4 2191//4 2190//4
f 2186//4 2187//4 2191//4
f 2188//6 2189//6 2192//6
f 2188//6 2185//6 2189//6
f 2193//3 2198//3 2197//3
f 2193//3 2194//3 2198//3
f 2194//4 2199//4 2198//4
f 2194//4 2195//4 2199//4
f 2196//6 2197//6 2200//6
f 2196//6 2193//6 2197//6
f 2201//3 2206//3 2205//3
f 2201//3 2202//3 2206//3
f 2202//4 2207//4 2206//4
f 2202//4 2203//4 2207//4
f 2204//6 2205//6 2208//6
f 2204//6 2201//6 2205//6
f 2209//3 2214//3 2213//3
f 2209//3 2210//3 2214//3
f 2210//4 2215//4 2214//4
f 2210//4 2211//4 2215//4
f 2212//6 2213//6 2216//6
f 2212//6 2209//6 2213//6
f 2217//3 2222//3 2221//3
f 2217//3 2218//3 2222//3
f 2218//4 2223//4 2222//4
f 2218//4 2219//4 2223//4
f 2220//6 2221//6 2224//6
f 2220//6 2217//6 2221//6
f 2225//3 2230//3 2229//3
f 2225//3 2226//3 2230//3
f 2226//4 2231//4 2230//4
f 2226//4 2227//4 2231//4
f 2228//6 2229//6 2232//6
f 2228//6 2225//6 2229//6
f 2233//3 2238//3 2237//3
f 2233//3 2234//3 2238//3
f 2234//4 2239//4 2238//4
f 2234//4 2235//4 2239//4
f 2236//6 2237//6 2240//6
f 2236//6 2233//6 2237//6
f 2241//3 2246//3 2245//3
f 2241//3 2242//3 2246//3
f 2242//4 2247//4 2246//4
f 2242//4 2243//4 2247//4
f 2244//6 2245//6 2248//6
f 2244//6 2241//6 2245//6
f 2253//2 2254//2 2255//2
f 2253//2 2255//2 2256//2
f 2249//3 2254//3 2253//3
f 2249//3 2250//3 2254//3
f 2250//4 2255//4 2254//4
f 2250//4 2251//4 2255//4
f 2252//6 2253//6 2256//6
f 2252//6 2249//6 2253//6
f 2257//1 2259//1 2258//1
f 2257//1 2260//1 2259//1
f 2257//3 2262//3 2261//3
f 2257//3 2258//3 2262//3
f 2258//4 2263//4 2262//4
f 2258//4 2259//4 2263//4
f 2260//6 2261//6 2264//6
f 2260//6 2257//6 2261//6
f 2265//3 2270//3 2269//3
f 2265//3 2266//3 2270//3
f 2266//4 2271//4 2270//4
f 2266//4 2267//4 2271//4
f 2268//6 2269//6 2272//6
f 2268//6 2265//6 2269//6
f 2273//3 2278//3 2277//3
f 2273//3 2274//3 2278//3
f 2274//4 2279//4 2278//4
f 2274//4 2275//4 2279//4
f 2276//6 2277//6 2280//6
f 2276//6 2273//6 2277//6
f 2281//3 2286//3 2285//3
f 2281//3 2282//3 2286//3
f 2282//4 2287//4 2286//4
f 2282//4 2283//4 2287//4
f 2284//6 2285//6 2288//6
f 2284//6 2281//6 2285//6
f 2289//3 2294//3 2293//3
f 2289//3 2290//3 2294//3
f 2290//4 2295//4 2294//4
f 2290//4 2291//4 2295//4
f 2292//6 2293//6 2296//6
f 2292//6 2289//6 2293//6
f 2301//2 2302//2 2303//2
f 2301//2 2303//2 2304//2
f 2298//4 2303//4 2302//4
f 2298//4 2299//4 2303//4
f 2299//5 2304//5 2303//5
f 2299//5 2300//5 2304//5
f 2300//6 2301//6 2304//6
f 2300//6 2297//6 2301//6
f 2305//1 2307//1 2306//1
f 2305//1 2308//1 2307//1
f 2306//4 2311//4 2310//4
f 2306//4 2307//4 2311//4
f 2307//5 2312//5 2311//5
f 2307//5 2308//5 2312//5
f 2308//6 2309//6 2312//6
f 2308//6 2305//6 2309//6
f 2314//4 2319//4 2318//4
f 2314//4 2315//4 2319//4
f 2316//6 2317//6 2320//6
f 2316//6 2313//6 2317//6
f 2322//4 2327//4 2326//4
f 2322//4 2323//4 2327//4
f 2324//6 2325//6 2328//6
f 2324//6 2321//6 2325//6
f 2330//4 2335//4 2334//4
f 2330//4 2331//4 2335//4
f 2332//6 2333//6 2336//6
f 2332//6 2329//6 2333//6
f 2338//4 2343//4 2342//4
f 2338//4 2339//4 2343//4
f 2340//6 2341//6 2344//6
f 2340//6 2337//6 2341//6
f 2346//4 2351//4 2350//4
f 2346//4 2347//4 2351//4
f 2348//6 2349//6 2352//6
f 2348//6 2345//6 2349//6
f 2354//4 2359//4 2358//4
f 2354//4 2355//4 2359//4
f 2356//6 2357//6 2360//6
f 2356//6 2353//6 2357//6
f 2362//4 2367//4 2366//4
f 2362//4 2363//4 2367//4
f 2364//6 2365//6 2368//6
f 2364//6 2361//6 2365//6
f 2370//4 2375//4 2374//4
f 2370//4 2371//4 2375//4
f 2372//6 2373//6 2376//6
f 2372//6 2369//6 2373//6
f 2378//4 2383//4 2382//4
f 2378//4 2379//4 2383//4
f 2380//6 2381//6 2384//6
f 2380//6 2377//6 2381//6
f 2386//4 2391//4 2390//4
f 2386//4 2387//4 2391//4
f 2388//6 2389//6 2392//6
f 2388//6 2385//6 2389//6
f 2394//4 2399//4 2398//4
f 2394//4 2395//4 2399//4
f 2396//6 2397//6 2400//6
f 2396//6 2393//6 2397//6
f 2402//4 2407//4 2406//4
f 2402//4 2403//4 2407//4
f 2404//6 2405//6 2408//6
f 2404//6 2401//6 2405//6
f 2410//4 2415//4 2414//4
f 2410//4 2411//4 2415//4
f 2412//6 2413//6 2416//6
f 2412//6 2409//6 2413//6
f 2418//4 2423//4 2422//4
f 2418//4 2419//4 2423//4
f 2420//6 2421//6 2424//6
f 2420//6 2417//6 2421//6
f 2426//4 2431//4 2430//4
f 2426//4 2427//4 2431//4
f 2428//6 2429//6 2432//6
f 2428//6 2425//6 2429//6
f 2434//4 2439//4 2438//4
f 2434//4 2435//4 2439//4
f 2436//6 2437//6 2440//6
f 2436//6 2433//6 2437//6
f 2442//4 2447//4 2446//4
f 2442//4 2443//4 2447//4
f 2444//6 2445//6 2448//6
f 2444//6 2441//6 2445//6
f 2450//4 2455//4 2454//4
f 2450//4 2451//4 2455//4
f 2452//6 2453//6 2456//6
f 2452//6 2449//6 2453//6
f 2458//4 2463//4 2462//4
f 2458//4 2459//4 2463//4
f 2460//6 2461//6 2464//6
f 2460//6 2457//6 2461//6
f 2466//4 2471//4 2470//4
f 2466//4 2467//4 2471//4
f 2468//6 2469//6 2472//6
f 2468//6 2465//6 2469//6
f 2474//4 2479//4 2478//4
f 2474//4 2475//4 2479//4
f 2476//6 2477//6 2480//6
f 2476//6 2473//6 2477//6
f 2481//3 2486//3 2485//3
f 2481//3 2482//3 2486//3
f 2482//4 2487//4 2486//4
f 2482//4 2483//4 2487//4
f 2484//6 2485//6 2488//6
f 2484//6 2481//6 2485//6
f 2489//3 2494//3 2493//3
f 2489//3 2490//3 2494//3
f 2490//4 2495//4 2494//4
f 2490//4 2491//4 2495//4
f 2492//6 2493//6 2496//6
f 2492//6 2489//6 2493//6
f 2498//4 2503//4 2502//4
f 2498//4 2499//4 2503//4
f 2500//6 2501//6 2504//6
f 2500//6 2497//6 2501//6
f 2506//4 2511//4 2510//4
f 2506//4 2507//4 2511//4
f 2508//6 2509//6 2512//6
f 2508//6 2505//6 2509//6
f 2514//4 2519//4 2518//4
f 2514//4 2515//4 2519//4
f 2516//6 2517//6 2520//6
f 2516//6 2513//6 2517//6
f 2522//4 2527//4 2526//4
f 2522//4 2523//4 2527//4
f 2524//6 2525//6 2528//6
f 2524//6 2521//6 2525//6
f 2533//2 2534//2 2535//2
f 2533//2 2535//2 2536//2
f 2530//4 2535//4 2534//4
f 2530//4 2531//4 2535//4
f 2531//5 2536//5 2535//5
f 2531//5 2532//5 2536//5
f 2532//6 2533//6 2536//6
f 2532//6 2529//6 2533//6
f 2537//1 2539//1 2538//1
f 2537//1 2540//1 2539//1
f 2538//4 2543//4 2542//4
f 2538//4 2539//4 2543//4
f 2539//5 2544//5 2543//5
f 2539//5 2540//5 2544//5
f 2540//6 2541//6 2544//6
f 2540//6 2537//6 2541//6
f 2546//4 2551//4 2550//4
f 2546//4 2547//4 2551//4
f 2547//5 2552//5 2551//5
f 2547//5 2548//5 2552//5
f 2548//6 2549//6 2552//6
f 2548//6 2545//6 2549//6
f 2554//4 2559//4 2558//4
f 2554//4 2555//4 2559//4
f 2555//5 2560//5 2559//5
f 2555//5 2556//5 2560//5
f 2556//6 2557//6 2560//6
f 2556//6 2553//6 2557//6
f 2562//4 2567//4 2566//4
f 2562//4 2563//4 2567//4
f 2563//5 2568//5 2567//5
f 2563//5 2564//5 2568//5
f 2564//6 2565//6 2568//6
f 2564//6 2561//6 2565//6
f 2570//4 2575//4 2574//4
f 2570//4 2571//4 2575//4
f 2571//5 2576//5 2575//5
f 2571//5 2572//5 2576//5
f 2572//6 2573//6 2576//6
f 2572//6 2569//6 2573//6
f 2578//4 2583//4 2582//4
f 2578//4 2579//4 2583//4
f 2579//5 2584//5 2583//5
f 2579//5 2580//5 2584//5
f 2580//6 2581//6 2584//6
f 2580//6 2577//6 2581//6
f 2586//4 2591//4 2590//4
f 2586//4 2587//4 2591//4
f 2587//5 2592//5 2591//5
f 2587//5 2588//5 2592//5
f 2588//6 2589//6 2592//6
f 2588//6 2585//6 2589//6
f 2594//4 2599//4 2598//4
f 2594//4 2595//4 2599//4
f 2595//5 2600//5 2599//5
f 2595//5 2596//5 2600//5
f 2596//6 2597//6 2600//6
f 2596//6 2593//6 2597//6
f 2602//4 2607//4 2606//4
f 2602//4 2603//4 2607//4
f 2603//5 2608//5 2607//5
f 2603//5 2604//5 2608//5
f 2604//6 2605//6 2608//6
f 2604//6 2601//6 2605//6
f 2610//4 2615//4 2614//4
f 2610//4 2611//4 2615//4
f 2611//5 2616//5 2615//5
f 2611//5 2612//5 2616//5
f 2612//6 2613//6 2616//6
f 2612//6 2609//6 2613//6
f 2618//4 2623//4 2622//4
f 2618//4 2619//4 2623//4
f 2619//5 2624//5 2623//5
f 2619//5 2620//5 2624//5
f 2620//6 2621//6 2624//6
f 2620//6 2617//6 2621//6
f 2626//4 2631//4 2630//4
f 2626//4 2627//4 2631//4
f 2627//5 2632//5 2631//5
f 2627//5 2628//5 2632//5
f 2628//6 2629//6 2632//6
f 2628//6 2625//6 2629//6
f 2634//4 2639//4 2638//4
f 2634//4 2635//4 2639//4
f 2635//5 2640//5 2639//5
f 2635//5 2636//5 2640//5
f 2636//6 2637//6 2640//6
f 2636//6 2633//6 2637//6
f 2642//4 2647//4 2646//4
f 2642//4 2643//4 2647//4
f 2643//5 2648//5 2647//5
f 2643//5 2644//5 2648//5
f 2644//6 2645//6 2648//6
f 2644//6 2641//6 2645//6
f 2650//4 2655//4 2654//4
f 2650//4 2651//4 2655//4
f 2651//5 2656//5 2655//5
f 2651//5 2652//5 2656//5
f 2652//6 2653//6 2656//6
f 2652//6 2649//6 2653//6
f 2658//4 2663//4 2662//4
f 2658//4 2659//4 2663//4
f 2659//5 2664//5 2663//5
f 2659//5 2660//5 2664//5
f 2660//6 2661//6 2664//6
f 2660//6 2657//6 2661//6
f 2666//4 2671//4 2670//4
f 2666//4 2667//4 2671//4
f 2667//5 2672//5 2671//5
f 2667//5 2668//5 2672//5
f 2668//6 2669//6 2672//6
f 2668//6 2665//6 2669//6
f 2674//4 2679//4 2678//4
f 2674//4 2675//4 2679//4
f 2675//5 2680//5 2679//5
f 2675//5 2676//5 2680//5
f 2676//6 2677//6 2680//6
f 2676//6 2673//6 2677//6
f 2682//4 2687//4 2686//4
f 2682//4 2683//4 2687//4
f 2683//5 2688//5 2687//5
f 2683//5 2684//5 2688//5
f 2684//6 2685//6 2688//6
f 2684//6 2681//6 2685//6
f 2690//4 2695//4 2694//4
f 2690//4 2691//4 2695//4
f 2691//5 2696//5 2695//5
f 2691//5 2692//5 2696//5
f 2692//6 2693//6 2696//6
f 2692//6 2689//6 2693//6
f 2698//4 2703//4 2702//4
f 2698//4 2699//4 2703//4
f 2699//5 2704//5 2703//5
f 2699//5 2700//5 2704//5
f 2700//6 2701//6 2704//6
f 2700//6 2697//6 2701//6
f 2706//4 2711//4 2710//4
f 2706//4 2707//4 2711//4
f 2707//5 2712//5 2711//5
f 2707//5 2708//5 2712//5
f 2708//6 2709//6 2712//6
f 2708//6 2705//6 2709//6
f 2714//4 2719//4 2718//4
f 2714//4 2715//4 2719//4
f 2715//5 2720//5 2719//5
f 2715//5 2716//5 2720//5
f 2716//6 2717//6 2720//6
f 2716//6 2713//6 2717//6
f 2722//4 2727//4 2726//4
f 2722//4 2723//4 2727//4
f 2723//5 2728//5 2727//5
f 2723//5 2724//5 2728//5
f 2724//6 2725//6 2728//6
f 2724//6 2721//6 2725//6
f 2730//4 2735//4 2734//4
f 2730//4 2731//4 2735//4
f 2731//5 2736//5 2735//5
f 2731//5 2732//5 2736//5
f 2732//6 2733//6 2736//6
f 2732//6 2729//6 2733//6
f 2738//4 2743//4 2742//4
f 2738//4 2739//4 2743//4
f 2739//5 2744//5 2743//5
f 2739//5 2740//5 2744//5
f 2740//6 2741//6 2744//6
f 2740//6 2737//6 2741//6
f 2749//2 2750//2 2751//2
f 2749//2 2751//2 2752//2
f 2746//4 2751//4 2750//4
f 2746//4 2747//4 2751//4
f 2747//5 2752//5 2751//5
f 2747//5 2748//5 2752//5
f 2748//6 2749//6 2752//6
f 2748//6 2745//6 2749//6
f 2753//1 2755//1 2754//1
f 2753//1 2756//1 2755//1
f 2753//3 2758//3 2757//3
f 2753//3 2754//3 2758//3
f 2756//6 2757//6 2760//6
f 2756//6 2753//6 2757//6
f 2761//3 2766//3 2765//3
f 2761//3 2762//3 2766//3
f 2762//4 2767//4 2766//4
f 2762//4 2763//4 2767//4
f 2763//5 2768//5 2767//5
f 2763//5 2764//5 2768//5
f 2764//6 2765//6 2768//6
f 2764//6 2761//6 2765//6
f 2769//3 2774//3 2773//3
f 2769//3 2770//3 2774//3
f 2770//4 2775//4 2774//4
f 2770//4 2771//4 2775//4
f 2771//5 2776//5 2775//5
f 2771//5 2772//5 2776//5
f 2772//6 2773//6 2776//6
f 2772//6 2769//6 2773//6
f 2777//3 2782//3 2781//3
f 2777//3 2778//3 2782//3
f 2778//4 2783//4 2782//4
f 2778//4 2779//4 2783//4
f 2779//5 2784//5 2783//5
f 2779//5 2780//5 2784//5
f 2780//6 2781//6 2784//6
f 2780//6 2777//6 2781//6
f 2785//3 2790//3 2789//3
f 2785//3 2786//3 2790//3
f 2786//4 2791//4 2790//4
f 2786//4 2787//4 2791//4
f 2787//5 2792//5 2791//5
f 2787//5 2788//5 2792//5
f 2788//6 2789//6 2792//6
f 2788//6 2785//6 2789//6
f 2793//3 2798//3 2797//3
f 2793//3 2794//3 2798//3
f 2794//4 2799//4 2798//4
f 2794//4 2795//4 2799//4
f 2795//5 2800//5 2799//5
f 2795//5 2796//5 2800//5
f 2796//6 2797//6 2800//6
f 2796//6 2793//6 2797//6
f 2801//3 2806//3 2805//3
f 2801//3 2802//3 2806//3
f 2802//4 2807//4 2806//4
f 2802//4 2803//4 2807//4
f 2803//5 2808//5 2807//5
f 2803//5 2804//5 2808//5
f 2804//6 2805//6 2808//6
f 2804//6 2801//6 2805//6
f 2809//3 2814//3 2813//3
f 2809//3 2810//3 2814//3
f 2810//4 2815//4 2814//4
f 2810//4 2811//4 2815//4
f 2811//5 2816//5 2815//5
f 2811//5 2812//5 2816//5
f 2812//6 2813//6 2816//6
f 2812//6 2809//6 2813//6
f 2817//3 2822//3 2821//3
f 2817//3 2818//3 2822//3
f 2818//4 2823//4 2822//4
f 2818//4 2819//4 2823//4
f 2819//5 2824//5 2823//5
f 2819//5 2820//5 2824//5
f 2820//6 2821//6 2824//6
f 2820//6 2817//6 2821//6
f 2825//3 2830//3 2829//3
f 2825//3 2826//3 2830//3
f 2826//4 2831//4 2830//4
f 2826//4 2827//4 2831//4
f 2827//5 2832//5 2831//5
f 2827//5 2828//5 2832//5
f 2828//6 2829//6 2832//6
f 2828//6 2825//6 2829//6
f 2833//3 2838//3 2837//3
f 2833//3 2834//3 2838//3
f 2834//4 2839//4 2838//4
f 2834//4 2835//4 2839//4
f 2835//5 2840//5 2839//5
f 2835//5 2836//5 2840//5
f 2836//6 2837//6 2840//6
f 2836//6 2833//6 2837//6
f 2841//3 2846//3 2845//3
f 2841//3 2842//3 2846//3
f 2842//4 2847//4 2846//4
f 2842//4 2843//4 2847//4
f 2843//5 2848//5 2847//5
f 2843//5 2844//5 2848//5
f 2844//6 2845//6 2848//6
f 2844//6 2841//6 2845//6
f 2849//3 2854//3 2853//3
f 2849//3 2850//3 2854//3
f 2850//4 2855//4 2854//4
f 2850//4 2851//4 2855//4
f 2851//5 2856//5 2855//5
f 2851//5 2852//5 2856//5
f 2852//6 2853//6 2856//6
f 2852//6 2849//6 2853//6
f 2857//3 2862//3 2861//3
f 2857//3 2858//3 2862//3
f 2858//4 2863//4 2862//4
f 2858//4 2859//4 2863//4
f 2859//5 2864//5 2863//5
f 2859//5 2860//5 2864//5
f 2860//6 2861//6 2864//6
f 2860//6 2857//6 2861//6
f 2865//3 2870//3 2869//3
f 2865//3 2866//3 2870//3
f 2866//4 2871//4 2870//4
f 2866//4 2867//4 2871//4
f 2867//5 2872//5 2871//5
f 2867//5 2868//5 2872//5
f 2868//6 2869//6 2872//6
f 2868//6 2865//6 2869//6
f 2873//3 2878//3 2877//3
f 2873//3 2874//3 2878//3
f 2874//4 2879//4 2878//4
f 2874//4 2875//4 2879//4
f 2875//5 2880//5 2879//5
f 2875//5 2876//5 2880//5
f 2876//6 2877//6 2880//6
f 2876//6 2873//6 2877//6
f 2881//3 2886//3 2885//3
f 2881//3 2882//3 2886//3
f 2882//4 2887//4 2886//4
f 2882//4 2883//4 2887//4
f 2883//5 2888//5 2887//5
f 2883//5 2884//5 2888//5
f 2884//6 2885//6 2888//6
f 2884//6 2881//6 2885//6
f 2889//3 2894//3 2893//3
f 2889//3 2890//3 2894//3
f 2890//4 2895//4 2894//4
f 2890//4 2891//4 2895//4
f 2891//5 2896//5 2895//5
f 2891//5 2892//5 2896//5
f 2892//6 2893//6 2896//6
f 2892//6 2889//6 2893//6
f 2897//3 2902//3 2901//3
f 2897//3 2898//3 2902//3
f 2898//4 2903//4 2902//4
f 2898//4 2899//4 2903//4
f 2900//6 2901//6 2904//6
f 2900//6 2897//6 2901//6
f 2905//3 2910//3 2909//3
f 2905//3 2906//3 2910//3
f 2906//4 2911//4 2910//4
f 2906//4 2907//4 2911//4
f 2907//5 2912//5 2911//5
f 2907//5 2908//5 2912//5
f 2908//6 2909//6 2912//6
f 2908//6 2905//6 2909//6
f 2913//3 2918//3 2917//3
f 2913//3 2914//3 2918//3
f 2914//4 2919//4 2918//4
f 2914//4 2915//4 2919//4
f 2915//5 2920//5 2919//5
f 2915//5 2916//5 2920//5
f 2916//6 2917//6 2920//6
f 2916//6 2913//6 2917//6
f 2921//3 2926//3 2925//3
f 2921//3 2922//3 2926//3
f 2922//4 2927//4 2926//4
f 2922//4 2923//4 2927//4
f 2923//5 2928//5 2927//5
f 2923//5 2924//5 2928//5
f 2924//6 2925//6 2928//6
f 2924//6 2921//6 2925//6
f 2929//3 2934//3 2933//3
f 2929//3 2930//3 2934//3
f 2930//4 2935//4 2934//4
f 2930//4 2931//4 2935//4
f 2931//5 2936//5 2935//5
f 2931//5 2932//5 2936//5
f 2932//6 2933//6 2936//6
f 2932//6 2929//6 2933//6
f 2937//3 2942//3 2941//3
f 2937//3 2938//3 2942//3
f 2938//4 2943//4 2942//4
f 2938//4 2939//4 2943//4
f 2939//5 2944//5 2943//5
f 2939//5 2940//5 2944//5
f 2940//6 2941//6 2944//6
f 2940//6 2937//6 2941//6
f 2945//3 2950//3 2949//3
f 2945//3 2946//3 2950//3
f 2946//4 2951//4 2950//4
f 2946//4 2947//4 2951//4
f 2947//5 2952//5 2951//5
f 2947//5 2948//5 2952//5
f 2948//6 2949//6 2952//6
f 2948//6 2945//6 2949//6
f 2953//3 2958//3 2957//3
f 2953//3 2954//3 2958//3
f 2954//4 2959//4 2958//4
f 2954//4 2955//4 2959//4
f 2955//5 2960//5 2959//5
f 2955//5 2956//5 2960//5
f 2956//6 2957//6 2960//6
f 2956//6 2953//6 2957//6
f 2961//3 2966//3 2965//3
f 2961//3 2962//3 2966//3
f 2962//4 2967//4 2966//4
f 2962//4 2963//4 2967//4
f 2963//5 2968//5 2967//5
f 2963//5 2964//5 2968//5
f 2964//6 2965//6 2968//6
f 2964//6 2961//6 2965//6
f 2969//3 2974//3 2973//3
f 2969//3 2970//3 2974//3
f 2970//4 2975//4 2974//4
f 2970//4 2971//4 2975//4
f 2971//5 2976//5 2975//5
f 2971//5 2972//5 2976//5
f 2972//6 2973//6 2976//6
f 2972//6 2969//6 2973//6
f 2977//3 2982//3 2981//3
f 2977//3 2978//3 2982//3
f 2980//6 2981//6 2984//6
f 2980//6 2977//6 2981//6
f 2989//2 2990//2 2991//2
f 2989//2 2991//2 2992//2
f 2985//3 2990//3 2989//3
f 2985//3 2986//3 2990//3
f 2988//6 2989//6 2992//6
f 2988//6 2985//6 2989//6
f 2993//1 2995//1 2994//1
f 2993//1 2996//1 2995//1
f 2997//2 2998//2 2999//2
f 2997//2 2999//2 3000//2
f 2994//4 2999//4 2998//4
f 2994//4 2995//4 2999//4
f 2995//5 3000//5 2999//5
f 2995//5 2996//5 3000//5
f 2996//6 2997//6 3000//6
f 2996//6 2993//6 2997//6
f 3001//1 3003//1 3002//1
f 3001//1 3004//1 3003//1
f 3005//2 3006//2 3007//2
f 3005//2 3007//2 3008//2
f 3002//4 3007//4 3006//4
f 3002//4 3003//4 3007//4
f 3003//5 3008//5 3007//5
f 3003//5 3004//5 3008//5
f 3004//6 3005//6 3008//6
f 3004//6 3001//6 3005//6
f 3009//1 3011//1 3010//1
f 3009//1 3012//1 3011//1
f 3010//4 3015//4 3014//4
f 3010//4 3011//4 3015//4
f 3018//4 3023//4 3022//4
f 3018//4 3019//4 3023//4
f 3019//5 3024//5 3023//5
f 3019//5 3020//5 3024//5
f 3020//6 3021//6 3024//6
f 3020//6 3017//6 3021//6
f 3029//2 3030//2 3031//2
f 3029//2 3031//2 3032//2
f 3025//3 3030//3 3029//3
f 3025//3 3026//3 3030//3
f 3028//6 3029//6 3032//6
f 3028//6 3025//6 3029//6
f 3033//1 3035//1 3034//1
f 3033//1 3036//1 3035//1
f 3037//2 3038//2 3039//2
f 3037//2 3039//2 3040//2
f 3034//4 3039//4 3038//4
f 3034//4 3035//4 3039//4
f 3035//5 3040//5 3039//5
f 3035//5 3036//5 3040//5
f 3041//1 3043//1 3042//1
f 3041//1 3044//1 3043//1
f 3042//4 3047//4 3046//4
f 3042//4 3043//4 3047//4
f 3043//5 3048//5 3047//5
f 3043//5 3044//5 3048//5
f 3044//6 3045//6 3048//6
f 3044//6 3041//6 3045//6
f 3049//3 3054//3 3053//3
f 3049//3 3050//3 3054//3
f 3050//4 3055//4 3054//4
f 3050//4 3051//4 3055//4
f 3051//5 3056//5 3055//5
f 3051//5 3052//5 3056//5
f 3052//6 3053//6 3056//6
f 3052//6 3049//6 3053//6
f 3061//2 3062//2 3063//2
f 3061//2 3063//2 3064//2
f 3057//3 3062//3 3061//3
f 3057//3 3058//3 3062//3
f 3058//4 3063//4 3062//4
f 3058//4 3059//4 3063//4
f 3060//6 3061//6 3064//6
f 3060//6 3057//6 3061//6
f 3065//1 3067//1 3066//1
f 3065//1 3068//1 3067//1
f 3066//4 3071//4 3070//4
f 3066//4 3067//4 3071//4
f 3067//5 3072//5 3071//5
f 3067//5 3068//5 3072//5
f 3068//6 3069//6 3072//6
f 3068//6 3065//6 3069//6
f 3073//3 3078//3 3077//3
f 3073//3 3074//3 3078//3
f 3074//4 3079//4 3078//4
f 3074//4 3075//4 3079//4
f 3075//5 3080//5 3079//5
f 3075//5 3076//5 3080//5
f 3076//6 3077//6 3080//6
f 3076//6 3073//6 3077//6
f 3081//3 3086//3 3085//3
f 3081//3 3082//3 3086//3
f 3082//4 3087//4 3086//4
f 3082//4 3083//4 3087//4
f 3083//5 3088//5 3087//5
f 3083//5 3084//5 3088//5
f 3084//6 3085//6 3088//6
f 3084//6 3081//6 3085//6
f 3089//3 3094//3 3093//3
f 3089//3 3090//3 3094//3
f 3090//4 3095//4 3094//4
f 3090//4 3091//4 3095//4
f 3092//6 3093//6 3096//6
f 3092//6 3089//6 3093//6
f 3097//3 3102//3 3101//3
f 3097//3 3098//3 3102//3
f 3098//4 3103//4 3102//4
f 3098//4 3099//4 3103//4
f 3100//6 3101//6 3104//6
f 3100//6 3097//6 3101//6
f 3109//2 3110//2 3111//2
f 3109//2 3111//2 3112//2
f 3105//3 3110//3 3109//3
f 3105//3 3106//3 3110//3
f 3108//6 3109//6 3112//6
f 3108//6 3105//6 3109//6
f 3113//1 3115//1 3114//1
f 3113//1 3116//1 3115//1
f 3114//4 3119//4 3118//4
f 3114//4 3115//4 3119//4
f 3116//6 3117//6 3120//6
f 3116//6 3113//6 3117//6
f 3122//4 3127//4 3126//4
f 3122//4 3123//4 3127//4
f 3124//6 3125//6 3128//6
f 3124//6 3121//6 3125//6
f 3133//2 3134//2 3135//2
f 3133//2 3135//2 3136//2
f 3130//4 3135//4 3134//4
f 3130//4 3131//4 3135//4
f 3132//6 3133//6 3136//6
f 3132//6 3129//6 3133//6
f 3137//1 3139//1 3138//1
f 3137//1 3140//1 3139//1
f 3138//4 3143//4 3142//4
f 3138//4 3139//4 3143//4
f 3140//6 3141//6 3144//6
f 3140//6 3137//6 3141//6
f 3146//4 3151//4 3150//4
f 3146//4 3147//4 3151//4
f 3148//6 3149//6 3152//6
f 3148//6 3145//6 3149//6
f 3156//6 3157//6 3160//6
f 3156//6 3153//6 3157//6
f 3165//2 3166//2 3167//2
f 3165//2 3167//2 3168//2
f 3161//3 3166//3 3165//3
f 3161//3 3162//3 3166//3
f 3162//4 3167//4 3166//4
f 3162//4 3163//4 3167//4
f 3163//5 3168//5 3167//5
f 3163//5 3164//5 3168//5
f 3164//6 3165//6 3168//6
f 3164//6 3161//6 3165//6
f 3169//1 3171//1 3170//1
f 3169//1 3172//1 3171//1
f 3170//4 3175//4 3174//4
f 3170//4 3171//4 3175//4
f 3172//6 3173//6 3176//6
f 3172//6 3169//6 3173//6
f 3178//4 3183//4 3182//4
f 3178//4 3179//4 3183//4
f 3180//6 3181//6 3184//6
f 3180//6 3177//6 3181//6
f 3189//2 3190//2 3191//2
f 3189//2 3191//2 3192//2
f 3188//6 3189//6 3192//6
f 3188//6 3185//6 3189//6
f 3193//1 3195//1 3194//1
f 3193//1 3196//1 3195//1
f 3193//3 3198//3 3197//3
f 3193//3 3194//3 3198//3
f 3194//4 3199//4 3198//4
f 3194//4 3195//4 3199//4
f 3196//6 3197//6 3200//6
f 3196//6 3193//6 3197//6
f 3202//4 3207//4 3206//4
f 3202//4 3203//4 3207//4
f 3204//6 3205//6 3208//6
f 3204//6 3201//6 3205//6
f 3210//4 3215//4 3214//4
f 3210//4 3211//4 3215//4
f 3212//6 3213//6 3216//6
f 3212//6 3209//6 3213//6
f 3221//2 3222//2 3223//2
f 3221//2 3223//2 3224//2
f 3219//5 3224//5 3223//5
f 3219//5 3220//5 3224//5
f 3220//6 3221//6 3224//6
f 3220//6 3217//6 3221//6
f 3225//1 3227//1 3226//1
f 3225//1 3228//1 3227//1
f 3225//3 3230//3 3229//3
f 3225//3 3226//3 3230//3
f 3226//4 3231//4 3230//4
f 3226//4 3227//4 3231//4
f 3228//6 3229//6 3232//6
f 3228//6 3225//6 3229//6
f 3233//3 3238//3 3237//3
f 3233//3 3234//3 3238//3
f 3234//4 3239//4 3238//4
f 3234//4 3235//4 3239//4
f 3236//6 3237//6 3240//6
f 3236//6 3233//6 3237//6
f 3241//3 3246//3 3245//3
f 3241//3 3242//3 3246//3
f 3242//4 3247//4 3246//4
f 3242//4 3243//4 3247//4
f 3244//6 3245//6 3248//6
f 3244//6 3241//6 3245//6
f 3250//4 3255//4 3254//4
f 3250//4 3251//4 3255//4
f 3252//6 3253//6 3256//6
f 3252//6 3249//6 3253//6
f 3258//4 3263//4 3262//4
f 3258//4 3259//4 3263//4
f 3259//5 3264//5 3263//5
f 3259//5 3260//5 3264//5
f 3260//6 3261//6 3264//6
f 3260//6 3257//6 3261//6
f 3269//2 3270//2 3271//2
f 3269//2 3271//2 3272//2
f 3267//5 3272//5 3271//5
f 3267//5 3268//5 3272//5
f 3268//6 3269//6 3272//6
f 3268//6 3265//6 3269//6
f 3273//1 3275//1 3274//1
f 3273//1 3276//1 3275//1
f 3273//3 3278//3 3277//3
f 3273//3 3274//3 3278//3
f 3274//4 3279//4 3278//4
f 3274//4 3275//4 3279//4
f 3276//6 3277//6 3280//6
f 3276//6 3273//6 3277//6
f 3282//4 3287//4 3286//4
f 3282//4 3283//4 3287//4
f 3284//6 3285//6 3288//6
f 3284//6 3281//6 3285//6
f 3290//4 3295//4 3294//4
f 3290//4 3291//4 3295//4
f 3291//5 3296//5 3295//5
f 3291//5 3292//5 3296//5
f 3292//6 3293//6 3296//6
f 3292//6 3289//6 3293//6
f 3298//4 3303//4 3302//4
f 3298//4 3299//4 3303//4
f 3299//5 3304//5 3303//5
f 3299//5 3300//5 3304//5
f 3300//6 3301//6 3304//6
f 3300//6 3297//6 3301//6
f 3309//2 3310//2 3311//2
f 3309//2 3311//2 3312//2
f 3306//4 3311//4 3310//4
f 3306//4 3307//4 3311//4
f 3307//5 3312//5 3311//5
f 3307//5 3308//5 3312//5
f 3308//6 3309//6 3312//6
f 3308//6 3305//6 3309//6
f 3313//1 3315//1 3314//1
f 3313//1 3316//1 3315//1
f 3313//3 3318//3 3317//3
f 3313//3 3314//3 3318//3
f 3314//4 3319//4 3318//4
f 3314//4 3315//4 3319//4
f 3316//6 3317//6 3320//6
f 3316//6 3313//6 3317//6
f 3322//4 3327//4 3326//4
f 3322//4 3323//4 3327//4
f 3324//6 3325//6 3328//6
f 3324//6 3321//6 3325//6
f 3333//2 3334//2 3335//2
f 3333//2 3335//2 3336//2
f 3330//4 3335//4 3334//4
f 3330//4 3331//4 3335//4
f 3331//5 3336//5 3335//5
f 3331//5 3332//5 3336//5
f 3332//6 3333//6 3336//6
f 3332//6 3329//6 3333//6
f 3337//1 3339//1 3338//1
f 3337//1 3340//1 3339//1
f 3341//2 3342//2 3343//2
f 3341//2 3343//2 3344//2
f 3337//3 3342//3 3341//3
f 3337//3 3338//3 3342//3
f 3338//4 3343//4 3342//4
f 3338//4 3339//4 3343//4
f 3340//6 3341//6 3344//6
f 3340//6 3337//6 3341//6
f 3345//1 3347//1 3346//1
f 3345//1 3348//1 3347//1
f 3345//3 3350//3 3349//3
f 3345//3 3346//3 3350//3
f 3346//4 3351//4 3350//4
f 3346//4 3347//4 3351//4
f 3348//6 3349//6 3352//6
f 3348//6 3345//6 3349//6
f 3354//4 3359//4 3358//4
f 3354//4 3355//4 3359//4
f 3355//5 3360//5 3359//5
f 3355//5 3356//5 3360//5
f 3356//6 3357//6 3360//6
f 3356//6 3353//6 3357//6
f 3365//2 3366//2 3367//2
f 3365//2 3367//2 3368//2
f 3363//5 3368//5 3367//5
f 3363//5 3364//5 3368//5
f 3364//6 3365//6 3368//6
f 3364//6 3361//6 3365//6
f 3369//1 3371//1 3370//1
f 3369//1 3372//1 3371//1
f 3371//5 3376//5 3375//5
f 3371//5 3372//5 3376//5
f 3372//6 3373//6 3376//6
f 3372//6 3369//6 3373//6
f 3377//3 3382//3 3381//3
f 3377//3 3378//3 3382//3
f 3378//4 3383//4 3382//4
f 3378//4 3379//4 3383//4
f 3379//5 3384//5 3383//5
f 3379//5 3380//5 3384//5
f 3380//6 3381//6 3384//6
f 3380//6 3377//6 3381//6
f 3385//3 3390//3 3389//3
f 3385//3 3386//3 3390//3
f 3386//4 3391//4 3390//4
f 3386//4 3387//4 3391//4
f 3387//5 3392//5 3391//5
f 3387//5 3388//5 3392//5
f 3388//6 3389//6 3392//6
f 3388//6 3385//6 3389//6
f 3393//3 3398//3 3397//3
f 3393//3 3394//3 3398//3
f 3394//4 3399//4 3398//4
f 3394//4 3395//4 3399//4
f 3395//5 3400//5 3399//5
f 3395//5 3396//5 3400//5
f 3396//6 3397//6 3400//6
f 3396//6 3393//6 3397//6
f 3401//3 3406//3 3405//3
f 3401//3 3402//3 3406//3
f 3402//4 3407//4 3406//4
f 3402//4 3403//4 3407//4
f 3403//5 3408//5 3407//5
f 3403//5 3404//5 3408//5
f 3404//6 3405//6 3408//6
f 3404//6 3401//6 3405//6
f 3409//3 3414//3 3413//3
f 3409//3 3410//3 3414//3
f 3410//4 3415//4 3414//4
f 3410//4 3411//4 3415//4
f 3411//5 3416//5 3415//5
f 3411//5 3412//5 3416//5
f 3412//6 3413//6 3416//6
f 3412//6 3409//6 3413//6
f 3417//3 3422//3 3421//3
f 3417//3 3418//3 3422//3
f 3418//4 3423//4 3422//4
f 3418//4 3419//4 3423//4
f 3419//5 3424//5 3423//5
f 3419//5 3420//5 3424//5
f 3420//6 3421//6 3424//6
f 3420//6 3417//6 3421//6
f 3425//3 3430//3 3429//3
f 3425//3 3426//3 3430//3
f 3426//4 3431//4 3430//4
f 3426//4 3427//4 3431//4
f 3427//5 3432//5 3431//5
f 3427//5 3428//5 3432//5
f 3428//6 3429//6 3432//6
f 3428//6 3425//6 3429//6
f 3433//3 3438//3 3437//3
f 3433//3 3434//3 3438//3
f 3434//4 3439//4 3438//4
f 3434//4 3435//4 3439//4
f 3435//5 3440//5 3439//5
f 3435//5 3436//5 3440//5
f 3436//6 3437//6 3440//6
f 3436//6 3433//6 3437//6
f 3441//3 3446//3 3445//3
f 3441//3 3442//3 3446//3
f 3442//4 3447//4 3446//4
f 3442//4 3443//4 3447//4
f 3443//5 3448//5 3447//5
f 3443//5 3444//5 3448//5
f 3444//6 3445//6 3448//6
f 3444//6 3441//6 3445//6
f 3449//3 3454//3 3453//3
f 3449//3 3450//3 3454//3
f 3450//4 3455//4 3454//4
f 3450//4 3451//4 3455//4
f 3451//5 3456//5 3455//5
f 3451//5 3452//5 3456//5
f 3452//6 3453//6 3456//6
f 3452//6 3449//6 3453//6
f 3457//3 3462//3 3461//3
f 3457//3 3458//3 3462//3
f 3458//4 3463//4 3462//4
f 3458//4 3459//4 3463//4
f 3459//5 3464//5 3463//5
f 3459//5 3460//5 3464//5
f 3460//6 3461//6 3464//6
f 3460//6 3457//6 3461//6
f 3465//3 3470//3 3469//3
f 3465//3 3466//3 3470//3
f 3466//4 3471//4 3470//4
f 3466//4 3467//4 3471//4
f 3467//5 3472//5 3471//5
f 3467//5 3468//5 3472//5
f 3468//6 3469//6 3472//6
f 3468//6 3465//6 3469//6
f 3473//3 3478//3 3477//3
f 3473//3 3474//3 3478//3
f 3474//4 3479//4 3478//4
f 3474//4 3475//4 3479//4
f 3475//5 3480//5 3479//5
f 3475//5 3476//5 3480//5
f 3476//6 3477//6 3480//6
f 3476//6 3473//6 3477//6
f 3481//3 3486//3 3485//3
f 3481//3 3482//3 3486//3
f 3482//4 3487//4 3486//4
f 3482//4 3483//4 3487//4
f 3483//5 3488//5 3487//5
f 3483//5 3484//5 3488//5
f 3484//6 3485//6 3488//6
f 3484//6 3481//6 3485//6
f 3489//3 3494//3 3493//3
f 3489//3 3490//3 3494//3
f 3490//4 3495//4 3494//4
f 3490//4 3491//4 3495//4
f 3491//5 3496//5 3495//5
f 3491//5 3492//5 3496//5
f 3492//6 3493//6 3496//6
f 3492//6 3489//6 3493//6
f 3497//3 3502//3 3501//3
f 3497//3 3498//3 3502//3
f 3498//4 3503//4 3502//4
f 3498//4 3499//4 3503//4
f 3499//5 3504//5 3503//5
f 3499//5 3500//5 3504//5
f 3500//6 3501//6 3504//6
f 3500//6 3497//6 3501//6
f 3505//3 3510//3 3509//3
f 3505//3 3506//3 3510//3
f 3506//4 3511//4 3510//4
f 3506//4 3507//4 3511//4
f 3507//5 3512//5 3511//5
f 3507//5 3508//5 3512//5
f 3508//6 3509//6 3512//6
f 3508//6 3505//6 3509//6
f 3513//3 3518//3 3517//3
f 3513//3 3514//3 3518//3
f 3514//4 3519//4 3518//4
f 3514//4 3515//4 3519//4
f 3515//5 3520//5 3519//5
f 3515//5 3516//5 3520//5
f 3516//6 3517//6 3520//6
f 3516//6 3513//6 3517//6
f 3521//3 3526//3 3525//3
f 3521//3 3522//3 3526//3
f 3522//4 3527//4 3526//4
f 3522//4 3523//4 3527//4
f 3523//5 3528//5 3527//5
f 3523//5 3524//5 3528//5
f 3524//6 3525//6 3528//6
f 3524//6 3521//6 3525//6
f 3529//3 3534//3 3533//3
f 3529//3 3530//3 3534//3
f 3530//4 3535//4 3534//4
f 3530//4 3531//4 3535//4
f 3531//5 3536//5 3535//5
f 3531//5 3532//5 3536//5
f 3532//6 3533//6 3536//6
f 3532//6 3529//6 3533//6
f 3537//3 3542//3 3541//3
f 3537//3 3538//3 3542//3
f 3538//4 3543//4 3542//4
f 3538//4 3539//4 3543//4
f 3539//5 3544//5 3543//5
f 3539//5 3540//5 3544//5
f 3540//6 3541//6 3544//6
f 3540//6 3537//6 3541//6
f 3545//3 3550//3 3549//3
f 3545//3 3546//3 3550//3
f 3546//4 3551//4 3550//4
f 3546//4 3547//4 3551//4
f 3547//5 3552//5 3551//5
f 3547//5 3548//5 3552//5
f 3548//6 3549//6 3552//6
f 3548//6 3545//6 3549//6
f 3553//3 3558//3 3557//3
f 3553//3 3554//3 3558//3
f 3554//4 3559//4 3558//4
f 3554//4 3555//4 3559//4
f 3555//5 3560//5 3559//5
f 3555//5 3556//5 3560//5
f 3556//6 3557//6 3560//6
f 3556//6 3553//6 3557//6
f 3561//3 3566//3 3565//3
f 3561//3 3562//3 3566//3
f 3562//4 3567//4 3566//4
f 3562//4 3563//4 3567//4
f 3563//5 3568//5 3567//5
f 3563//5 3564//5 3568//5
f 3564//6 3565//6 3568//6
f 3564//6 3561//6 3565//6
f 3569//3 3574//3 3573//3
f 3569//3 3570//3 3574//3
f 3570//4 3575//4 3574//4
f 3570//4 3571//4 3575//4
f 3571//5 3576//5 3575//5
f 3571//5 3572//5 3576//5
f 3572//6 3573//6 3576//6
f 3572//6 3569//6 3573//6
f 3577//3 3582//3 3581//3
f 3577//3 3578//3 3582//3
f 3578//4 3583//4 3582//4
f 3578//4 3579//4 3583//4
f 3579//5 3584//5 3583//5
f 3579//5 3580//5 3584//5
f 3580//6 3581//6 3584//6
f 3580//6 3577//6 3581//6
f 3585//3 3590//3 3589//3
f 3585//3 3586//3 3590//3
f 3586//4 3591//4 3590//4
f 3586//4 3587//4 3591//4
f 3587//5 3592//5 3591//5
f 3587//5 3588//5 3592//5
f 3588//6 3589//6 3592//6
f 3588//6 3585//6 3589//6
f 3597//2 3598//2 3599//2
f 3597//2 3599//2 3600//2
f 3594//4 3599//4 3598//4
f 3594//4 3595//4 3599//4
f 3595//5 3600//5 3599//5
f 3595//5 3596//5 3600//5
f 3596//6 3597//6 3600//6
f 3596//6 3593//6 3597//6
f 3601//1 3603//1 3602//1
f 3601//1 3604//1 3603//1
f 3605//2 3606//2 3607//2
f 3605//2 3607//2 3608//2
f 3601//3 3606//3 3605//3
f 3601//3 3602//3 3606//3
f 3604//6 3605//6 3608//6
f 3604//6 3601//6 3605//6
f 3609//1 3611//1 3610//1
f 3609//1 3612//1 3611//1
f 3613//2 3614//2 3615//2
f 3613//2 3615//2 3616//2
f 3609//3 3614//3 3613//3
f 3609//3 3610//3 3614//3
f 3610//4 3615//4 3614//4
f 3610//4 3611//4 3615//4
f 3612//6 3613//6 3616//6
f 3612//6 3609//6 3613//6
f 3617//1 3619//1 3618//1
f 3617//1 3620//1 3619//1
f 3617//3 3622//3 3621//3
f 3617//3 3618//3 3622//3
f 3618//4 3623//4 3622//4
f 3618//4 3619//4 3623//4
f 3620//6 3621//6 3624//6
f 3620//6 3617//6 3621//6
f 3625//3 3630//3 3629//3
f 3625//3 3626//3 3630//3
f 3626//4 3631//4 3630//4
f 3626//4 3627//4 3631//4
f 3628//6 3629//6 3632//6
f 3628//6 3625//6 3629//6
f 3637//2 3638//2 3639//2
f 3637//2 3639//2 3640//2
f 3633//3 3638//3 3637//3
f 3633//3 3634//3 3638//3
f 3634//4 3639//4 3638//4
f 3634//4 3635//4 3639//4
f 3636//6 3637//6 3640//6
f 3636//6 3633//6 3637//6
f 3641//1 3643//1 3642//1
f 3641//1 3644//1 3643//1
f 3645//2 3646//2 3647//2
f 3645//2 3647//2 3648//2
f 3641//3 3646//3 3645//3
f 3641//3 3642//3 3646//3
f 3642//4 3647//4 3646//4
f 3642//4 3643//4 3647//4
f 3644//6 3645//6 3648//6
f 3644//6 3641//6 3645//6
f 3649//1 3651//1 3650//1
f 3649//1 3652//1 3651//1
f 3653//2 3654//2 3655//2
f 3653//2 3655//2 3656//2
f 3649//3 3654//3 3653//3
f 3649//3 3650//3 3654//3
f 3650//4 3655//4 3654//4
f 3650//4 3651//4 3655//4
f 3652//6 3653//6 3656//6
f 3652//6 3649//6 3653//6
f 3657//1 3659//1 3658//1
f 3657//1 3660//1 3659//1
f 3657//3 3662//3 3661//3
f 3657//3 3658//3 3662//3
f 3658//4 3663//4 3662//4
f 3658//4 3659//4 3663//4
f 3660//6 3661//6 3664//6
f 3660//6 3657//6 3661//6
f 3665//3 3670//3 3669//3
f 3665//3 3666//3 3670//3
f 3666//4 3671//4 3670//4
f 3666//4 3667//4 3671//4
f 3668//6 3669//6 3672//6
f 3668//6 3665//6 3669//6
f 3673//3 3678//3 3677//3
f 3673//3 3674//3 3678//3
f 3674//4 3679//4 3678//4
f 3674//4 3675//4 3679//4
f 3676//6 3677//6 3680//6
f 3676//6 3673//6 3677//6
f 3685//2 3686//2 3687//2
f 3685//2 3687//2 3688//2
f 3681//3 3686//3 3685//3
f 3681//3 3682//3 3686//3
f 3682//4 3687//4 3686//4
f 3682//4 3683//4 3687//4
f 3684//6 3685//6 3688//6
f 3684//6 3681//6 3685//6
f 3689//1 3691//1 3690//1
f 3689//1 3692//1 3691//1
f 3689//3 3694//3 3693//3
f 3689//3 3690//3 3694//3
f 3690//4 3695//4 3694//4
f 3690//4 3691//4 3695//4
f 3692//6 3693//6 3696//6
f 3692//6 3689//6 3693//6
f 3697//3 3702//3 3701//3
f 3697//3 3698//3 3702//3
f 3698//4 3703//4 3702//4
f 3698//4 3699//4 3703//4
f 3699//5 3704//5 3703//5
f 3699//5 3700//5 3704//5
f 3700//6 3701//6 3704//6
f 3700//6 3697//6 3701//6
f 3706//4 3711//4 3710//4
f 3706//4 3707//4 3711//4
f 3707//5 3712//5 3711//5
f 3707//5 3708//5 3712//5
f 3708//6 3709//6 3712//6
f 3708//6 3705//6 3709//6
f 3713//3 3718//3 3717//3
f 3713//3 3714//3 3718//3
f 3714//4 3719//4 3718//4
f 3714//4 3715//4 3719//4
f 3715//5 3720//5 3719//5
f 3715//5 3716//5 3720//5
f 3716//6 3717//6 3720//6
f 3716//6 3713//6 3717//6
f 3721//3 3726//3 3725//3
f 3721//3 3722//3 3726//3
f 3722//4 3727//4 3726//4
f 3722//4 3723//4 3727//4
f 3723//5 3728//5 3727//5
f 3723//5 3724//5 3728//5
f 3724//6 3725//6 3728//6
f 3724//6 3721//6 3725//6
f 3729//3 3734//3 3733//3
f 3729//3 3730//3 3734//3
f 3730//4 3735//4 3734//4
f 3730//4 3731//4 3735//4
f 3731//5 3736//5 3735//5
f 3731//5 3732//5 3736//5
f 3732//6 3733//6 3736//6
f 3732//6 3729//6 3733//6
f 3737//3 3742//3 3741//3
f 3737//3 3738//3 3742//3
f 3738//4 3743//4 3742//4
f 3738//4 3739//4 3743//4
f 3739//5 3744//5 3743//5
f 3739//5 3740//5 3744//5
f 3740//6 3741//6 3744//6
f 3740//6 3737//6 3741//6
f 3746//4 3751//4 3750//4
f 3746//4 3747//4 3751//4
f 3747//5 3752//5 3751//5
f 3747//5 3748//5 3752//5
f 3748//6 3749//6 3752//6
f 3748//6 3745//6 3749//6
f 3753//3 3758//3 3757//3
f 3753//3 3754//3 3758//3
f 3754//4 3759//4 3758//4
f 3754//4 3755//4 3759//4
f 3755//5 3760//5 3759//5
f 3755//5 3756//5 3760//5
f 3756//6 3757//6 3760//6
f 3756//6 3753//6 3757//6
f 3762//4 3767//4 3766//4
f 3762//4 3763//4 3767//4
f 3763//5 3768//5 3767//5
f 3763//5 3764//5 3768//5
f 3764//6 3765//6 3768//6
f 3764//6 3761//6 3765//6
f 3770//4 3775//4 3774//4
f 3770//4 3771//4 3775//4
f 3771//5 3776//5 3775//5
f 3771//5 3772//5 3776//5
f 3772//6 3773//6 3776//6
f 3772//6 3769//6 3773//6
f 3778//4 3783//4 3782//4
f 3778//4 3779//4 3783//4
f 3779//5 3784//5 3783//5
f 3779//5 3780//5 3784//5
f 3780//6 3781//6 3784//6
f 3780//6 3777//6 3781//6
f 3785//3 3790//3 3789//3
f 3785//3 3786//3 3790//3
f 3786//4 3791//4 3790//4
f 3786//4 3787//4 3791//4
f 3787//5 3792//5 3791//5
f 3787//5 3788//5 3792//5
f 3788//6 3789//6 3792//6
f 3788//6 3785//6 3789//6
f 3793//3 3798//3 3797//3
f 3793//3 3794//3 3798//3
f 3794//4 3799//4 3798//4
f 3794//4 3795//4 3799//4
f 3795//5 3800//5 3799//5
f 3795//5 3796//5 3800//5
f 3796//6 3797//6 3800//6
f 3796//6 3793//6 3797//6
f 3801//3 3806//3 3805//3
f 3801//3 3802//3 3806//3
f 3802//4 3807//4 3806//4
f 3802//4 3803//4 3807//4
f 3803//5 3808//5 3807//5
f 3803//5 3804//5 3808//5
f 3804//6 3805//6 3808//6
f 3804//6 3801//6 3805//6
f 3809//3 3814//3 3813//3
f 3809//3 3810//3 3814//3
f 3810//4 3815//4 3814//4
f 3810//4 3811//4 3815//4
f 3811//5 3816//5 3815//5
f 3811//5 3812//5 3816//5
f 3812//6 3813//6 3816//6
f 3812//6 3809//6 3813//6
f 3817//3 3822//3 3821//3
f 3817//3 3818//3 3822//3
f 3818//4 3823//4 3822//4
f 3818//4 3819//4 3823//4
f 3819//5 3824//5 3823//5
f 3819//5 3820//5 3824//5
f 3820//6 3821//6 3824//6
f 3820//6 3817//6 3821//6
f 3825//3 3830//3 3829//3
f 3825//3 3826//3 3830//3
f 3826//4 3831//4 3830//4
f 3826//4 3827//4 3831//4
f 3827//5 3832//5 3831//5
f 3827//5 3828//5 3832//5
f 3828//6 3829//6 3832//6
f 3828//6 3825//6 3829//6
f 3834//4 3839//4 3838//4
f 3834//4 3835//4 3839//4
f 3835//5 3840//5 3839//5
f 3835//5 3836//5 3840//5
f 3836//6 3837//6 3840//6
f 3836//6 3833//6 3837//6
f 3841//3 3846//3 3845//3
f 3841//3 3842//3 3846//3
f 3842//4 3847//4 3846//4
f 3842//4 3843//4 3847//4
f 3843//5 3848//5 3847//5
f 3843//5 3844//5 3848//5
f 3844//6 3845//6 3848//6
f 3844//6 3841//6 3845//6
f 3850//4 3855//4 3854//4
f 3850//4 3851//4 3855//4
f 3851//5 3856//5 3855//5
f 3851//5 3852//5 3856//5
f 3852//6 3853//6 3856//6
f 3852//6 3849//6 3853//6
f 3857//3 3862//3 3861//3
f 3857//3 3858//3 3862//3
f 3858//4 3863//4 3862//4
f 3858//4 3859//4 3863//4
f 3859//5 3864//5 3863//5
f 3859//5 3860//5 3864//5
f 3860//6 3861//6 3864//6
f 3860//6 3857//6 3861//6
f 3865//3 3870//3 3869//3
f 3865//3 3866//3 3870//3
f 3866//4 3871//4 3870//4
f 3866//4 3867//4 3871//4
f 3867//5 3872//5 3871//5
f 3867//5 3868//5 3872//5
f 3868//6 3869//6 3872//6
f 3868//6 3865//6 3869//6
f 3874//4 3879//4 3878//4
f 3874//4 3875//4 3879//4
f 3875//5 3880//5 3879//5
f 3875//5 3876//5 3880//5
f 3876//6 3877//6 3880//6
f 3876//6 3873//6 3877//6
f 3882//4 3887//4 3886//4
f 3882//4 3883//4 3887//4
f 3883//5 3888//5 3887//5
f 3883//5 3884//5 3888//5
f 3884//6 3885//6 3888//6
f 3884//6 3881//6 3885//6
f 3890//4 3895//4 3894//4
f 3890//4 3891//4 3895//4
f 3891//5 3896//5 3895//5
f 3891//5 3892//5 3896//5
f 3892//6 3893//6 3896//6
f 3892//6 3889//6 3893//6
f 3898//4 3903//4 3902//4
f 3898//4 3899//4 3903//4
f 3899//5 3904//5 3903//5
f 3899//5 3900//5 3904//5
f 3900//6 3901//6 3904//6
f 3900//6 3897//6 3901//6
f 3905//3 3910//3 3909//3
f 3905//3 3906//3 3910//3
f 3906//4 3911//4 3910//4
f 3906//4 3907//4 3911//4
f 3907//5 3912//5 3911//5
f 3907//5 3908//5 3912//5
f 3908//6 3909//6 3912//6
f 3908//6 3905//6 3909//6
f 3917//2 3918//2 3919//2
f 3917//2 3919//2 3920//2
f 3913//3 3918//3 3917//3
f 3913//3 3914//3 3918//3
f 3914//4 3919//4 3918//4
f 3914//4 3915//4 3919//4
f 3916//6 3917//6 3920//6
f 3916//6 3913//6 3917//6
f 3921//1 3923//1 3922//1
f 3921//1 3924//1 3923//1
f 3925//2 3926//2 3927//2
f 3925//2 3927//2 3928//2
f 3922//4 3927//4 3926//4
f 3922//4 3923//4 3927//4
f 3923//5 3928//5 3927//5
f 3923//5 3924//5 3928//5
f 3929//1 3931//1 3930//1
f 3929//1 3932//1 3931//1
f 3930//4 3935//4 3934//4
f 3930//4 3931//4 3935//4
f 3931//5 3936//5 3935//5
f 3931//5 3932//5 3936//5
f 3941//2 3942//2 3943//2
f 3941//2 3943//2 3944//2
f 3937//3 3942//3 3941//3
f 3937//3 3938//3 3942//3
f 3938//4 3943//4 3942//4
f 3938//4 3939//4 3943//4
f 3939//5 3944//5 3943//5
f 3939//5 3940//5 3944//5
f 3945//1 3947//1 3946//1
f 3945//1 3948//1 3947//1
f 3945//3 3950//3 3949//3
f 3945//3 3946//3 3950//3
f 3946//4 3951//4 3950//4
f 3946//4 3947//4 3951//4
f 3947//5 3952//5 3951//5
f 3947//5 3948//5 3952//5
f 3953//3 3958//3 3957//3
f 3953//3 3954//3 3958//3
f 3954//4 3959//4 3958//4
f 3954//4 3955//4 3959//4
f 3955//5 3960//5 3959//5
f 3955//5 3956//5 3960//5
f 3956//6 3957//6 3960//6
f 3956//6 3953//6 3957//6
f 3961//3 3966//3 3965//3
f 3961//3 3962//3 3966//3
f 3962//4 3967//4 3966//4
f 3962//4 3963//4 3967//4
f 3963//5 3968//5 3967//5
f 3963//5 3964//5 3968//5
f 3964//6 3965//6 3968//6
f 3964//6 3961//6 3965//6
f 3969//3 3974//3 3973//3
f 3969//3 3970//3 3974//3
f 3970//4 3975//4 3974//4
f 3970//4 3971//4 3975//4
f 3972//6 3973//6 3976//6
f 3972//6 3969//6 3973//6
f 3981//2 3982//2 3983//2
f 3981//2 3983//2 3984//2
f 3977//3 3982//3 3981//3
f 3977//3 3978//3 3982//3
f 3978//4 3983//4 3982//4
f 3978//4 3979//4 3983//4
f 3980//6 3981//6 3984//6
f 3980//6 3977//6 3981//6
f 3985//1 3987//1 3986//1
f 3985//1 3988//1 3987//1
f 3986//4 3991//4 3990//4
f 3986//4 3987//4 3991//4
f 3987//5 3992//5 3991//5
f 3987//5 3988//5 3992//5
f 3988//6 3989//6 3992//6
f 3988//6 3985//6 3989//6
f 3994//4 3999//4 3998//4
f 3994//4 3995//4 3999//4
f 3995//5 4000//5 3999//5
f 3995//5 3996//5 4000//5
f 3996//6 3997//6 4000//6
f 3996//6 3993//6 3997//6
f 4001//3 4006//3 4005//3
f 4001//3 4002//3 4006//3
f 4002//4 4007//4 4006//4
f 4002//4 4003//4 4007//4
f 4003//5 4008//5 4007//5
f 4003//5 4004//5 4008//5
f 4004//6 4005//6 4008//6
f 4004//6 4001//6 4005//6
f 4013//2 4014//2 4015//2
f 4013//2 4015//2 4016//2
f 4009//3 4014//3 4013//3
f 4009//3 4010//3 4014//3
f 4010//4 4015//4 4014//4
f 4010//4 4011//4 4015//4
f 4011//5 4016//5 4015//5
f 4011//5 4012//5 4016//5
f 4012//6 4013//6 4016//6
f 4012//6 4009//6 4013//6
f 4017//1 4019//1 4018//1
f 4017//1 4020//1 4019//1
f 4017//3 4022//3 4021//3
f 4017//3 4018//3 4022//3
f 4018//4 4023//4 4022//4
f 4018//4 4019//4 4023//4
f 4019//5 4024//5 4023//5
f 4019//5 4020//5 4024//5
f 4029//2 4030//2 4031//2
f 4029//2 4031//2 4032//2
f 4025//3 4030//3 4029//3
f 4025//3 4026//3 4030//3
f 4028//6 4029//6 4032//6
f 4028//6 4025//6 4029//6
f 4033//1 4035//1 4034//1
f 4033//1 4036//1 4035//1
f 4037//2 4038//2 4039//2
f 4037//2 4039//2 4040//2
f 4034//4 4039//4 4038//4
f 4034//4 4035//4 4039//4
f 4035//5 4040//5 4039//5
f 4035//5 4036//5 4040//5
f 4036//6 4037//6 4040//6
f 4036//6 4033//6 4037//6
f 4041//1 4043//1 4042//1
f 4041//1 4044//1 4043//1
f 4045//2 4046//2 4047//2
f 4045//2 4047//2 4048//2
f 4041//3 4046//3 4045//3
f 4041//3 4042//3 4046//3
f 4049//1 4051//1 4050//1
f 4049//1 4052//1 4051//1
f 4053//2 4054//2 4055//2
f 4053//2 4055//2 4056//2
f 4057//1 4059//1 4058//1
f 4057//1 4060//1 4059//1
f 4061//2 4062//2 4063//2
f 4061//2 4063//2 4064//2
f 4059//5 4064//5 4063//5
f 4059//5 4060//5 4064//5
f 4065//1 4067//1 4066//1
f 4065//1 4068//1 4067//1
f 4069//2 4070//2 4071//2
f 4069//2 4071//2 4072//2
f 4065//3 4070//3 4069//3
f 4065//3 4066//3 4070//3
f 4073//1 4075//1 4074//1
f 4073//1 4076//1 4075//1
f 4073//3 4078//3 4077//3
f 4073//3 4074//3 4078//3
f 4074//4 4079//4 4078//4
f 4074//4 4075//4 4079//4
f 4076//6 4077//6 4080//6
f 4076//6 4073//6 4077//6
f 4085//2 4086//2 4087//2
f 4085//2 4087//2 4088//2
f 4083//5 4088//5 4087//5
f 4083//5 4084//5 4088//5
f 4084//6 4085//6 4088//6
f 4084//6 4081//6 4085//6
f 4089//1 4091//1 4090//1
f 4089//1 4092//1 4091//1
f 4089//3 4094//3 4093//3
f 4089//3 4090//3 4094//3
f 4090//4 4095//4 4094//4
f 4090//4 4091//4 4095//4
f 4092//6 4093//6 4096//6
f 4092//6 4089//6 4093//6
f 4097//3 4102//3 4101//3
f 4097//3 4098//3 4102//3
f 4098//4 4103//4 4102//4
f 4098//4 4099//4 4103//4
f 4100//6 4101//6 4104//6
f 4100//6 4097//6 4101//6
f 4105//3 4110//3 4109//3
f 4105//3 4106//3 4110//3
f 4106//4 4111//4 4110//4
f 4106//4 4107//4 4111//4
f 4108//6 4109//6 4112//6
f 4108//6 4105//6 4109//6
f 4117//2 4118//2 4119//2
f 4117//2 4119//2 4120//2
f 4114//4 4119//4 4118//4
f 4114//4 4115//4 4119//4
f 4115//5 4120//5 4119//5
f 4115//5 4116//5 4120//5
f 4116//6 4117//6 4120//6
f 4116//6 4113//6 4117//6
f 4121//1 4123//1 4122//1
f 4121//1 4124//1 4123//1
f 4121//3 4126//3 4125//3
f 4121//3 4122//3 4126//3
f 4122//4 4127//4 4126//4
f 4122//4 4123//4 4127//4
f 4123//5 4128//5 4127//5
f 4123//5 4124//5 4128//5
f 4129//3 4134//3 4133//3
f 4129//3 4130//3 4134//3
f 4130//4 4135//4 4134//4
f 4130//4 4131//4 4135//4
f 4131//5 4136//5 4135//5
f 4131//5 4132//5 4136//5
f 4132//6 4133//6 4136//6
f 4132//6 4129//6 4133//6
f 4138//4 4143//4 4142//4
f 4138//4 4139//4 4143//4
f 4139//5 4144//5 4143//5
f 4139//5 4140//5 4144//5
f 4140//6 4141//6 4144//6
f 4140//6 4137//6 4141//6
f 4146//4 4151//4 4150//4
f 4146//4 4147//4 4151//4
f 4147//5 4152//5 4151//5
f 4147//5 4148//5 4152//5
f 4148//6 4149//6 4152//6
f 4148//6 4145//6 4149//6
f 4157//2 4158//2 4159//2
f 4157//2 4159//2 4160//2
f 4154//4 4159//4 4158//4
f 4154//4 4155//4 4159//4
f 4155//5 4160//5 4159//5
f 4155//5 4156//5 4160//5
f 4156//6 4157//6 4160//6
f 4156//6 4153//6 4157//6
f 4161//1 4163//1 4162//1
f 4161//1 4164//1 4163//1
f 4165//2 4166//2 4167//2
f 4165//2 4167//2 4168//2
f 4161//3 4166//3 4165//3
f 4161//3 4162//3 4166//3
f 4162//4 4167//4 4166//4
f 4162//4 4163//4 4167//4
f 4169//1 4171//1 4170//1
f 4169//1 4172//1 4171//1
f 4173//2 4174//2 4175//2
f 4173//2 4175//2 4176//2
f 4169//3 4174//3 4173//3
f 4169//3 4170//3 4174//3
f 4170//4 4175//4 4174//4
f 4170//4 4171//4 4175//4
f 4171//5 4176//5 4175//5
f 4171//5 4172//5 4176//5
f 4172//6 4173//6 4176//6
f 4172//6 4169//6 4173//6
f 4177//1 4179//1 4178//1
f 4177//1 4180//1 4179//1
f 4179//5 4184//5 4183//5
f 4179//5 4180//5 4184//5
f 4180//6 4181//6 4184//6
f 4180//6 4177//6 4181//6
f 4185//3 4190//3 4189//3
f 4185//3 4186//3 4190//3
f 4186//4 4191//4 4190//4
f 4186//4 4187//4 4191//4
f 4187//5 4192//5 4191//5
f 4187//5 4188//5 4192//5
f 4188//6 4189//6 4192//6
f 4188//6 4185//6 4189//6
f 4193//3 4198//3 4197//3
f 4193//3 4194//3 4198//3
f 4194//4 4199//4 4198//4
f 4194//4 4195//4 4199//4
f 4195//5 4200//5 4199//5
f 4195//5 4196//5 4200//5
f 4196//6 4197//6 4200//6
f 4196//6 4193//6 4197//6
f 4201//3 4206//3 4205//3
f 4201//3 4202//3 4206//3
f 4202//4 4207//4 4206//4
f 4202//4 4203//4 4207//4
f 4203//5 4208//5 4207//5
f 4203//5 4204//5 4208//5
f 4204//6 4205//6 4208//6
f 4204//6 4201//6 4205//6
f 4209//3 4214//3 4213//3
f 4209//3 4210//3 4214//3
f 4210//4 4215//4 4214//4
f 4210//4 4211//4 4215//4
f 4211//5 4216//5 4215//5
f 4211//5 4212//5 4216//5
f 4212//6 4213//6 4216//6
f 4212//6 4209//6 4213//6
f 4217//3 4222//3 4221//3
f 4217//3 4218//3 4222//3
f 4218//4 4223//4 4222//4
f 4218//4 4219//4 4223//4
f 4219//5 4224//5 4223//5
f 4219//5 4220//5 4224//5
f 4220//6 4221//6 4224//6
f 4220//6 4217//6 4221//6
f 4225//3 4230//3 4229//3
f 4225//3 4226//3 4230//3
f 4226//4 4231//4 4230//4
f 4226//4 4227//4 4231//4
f 4227//5 4232//5 4231//5
f 4227//5 4228//5 4232//5
f 4228//6 4229//6 4232//6
f 4228//6 4225//6 4229//6
f 4233//3 4238//3 4237//3
f 4233//3 4234//3 4238//3
f 4234//4 4239//4 4238//4
f 4234//4 4235//4 4239//4
f 4235//5 4240//5 4239//5
f 4235//5 4236//5 4240//5
f 4236//6 4237//6 4240//6
f 4236//6 4233//6 4237//6
f 4241//3 4246//3 4245//3
f 4241//3 4242//3 4246//3
f 4242//4 4247//4 4246//4
f 4242//4 4243//4 4247//4
f 4243//5 4248//5 4247//5
f 4243//5 4244//5 4248//5
f 4244//6 4245//6 4248//6
f 4244//6 4241//6 4245//6
f 4249//3 4254//3 4253//3
f 4249//3 4250//3 4254//3
f 4250//4 4255//4 4254//4
f 4250//4 4251//4 4255//4
f 4251//5 4256//5 4255//5
f 4251//5 4252//5 4256//5
f 4252//6 4253//6 4256//6
f 4252//6 4249//6 4253//6
f 4257//3 4262//3 4261//3
f 4257//3 4258//3 4262//3
f 4258//4 4263//4 4262//4
f 4258//4 4259//4 4263//4
f 4259//5 4264//5 4263//5
f 4259//5 4260//5 4264//5
f 4260//6 4261//6 4264//6
f 4260//6 4257//6 4261//6
f 4265//3 4270//3 4269//3
f 4265//3 4266//3 4270//3
f 4266//4 4271//4 4270//4
f 4266//4 4267//4 4271//4
f 4267//5 4272//5 4271//5
f 4267//5 4268//5 4272//5
f 4268//6 4269//6 4272//6
f 4268//6 4265//6 4269//6
f 4273//3 4278//3 4277//3
f 4273//3 4274//3 4278//3
f 4274//4 4279//4 4278//4
f 4274//4 4275//4 4279//4
f 4275//5 4280//5 4279//5
f 4275//5 4276//5 4280//5
f 4276//6 4277//6 4280//6
f 4276//6 4273//6 4277//6
f 4281//3 4286//3 4285//3
f 4281//3 4282//3 4286//3
f 4282//4 4287//4 4286//4
f 4282//4 4283//4 4287//4
f 4283//5 4288//5 4287//5
f 4283//5 4284//5 4288//5
f 4284//6 4285//6 4288//6
f 4284//6 4281//6 4285//6
f 4289//3 4294//3 4293//3
f 4289//3 4290//3 4294//3
f 4290//4 4295//4 4294//4
f 4290//4 4291//4 4295//4
f 4291//5 4296//5 4295//5
f 4291//5 4292//5 4296//5
f 4292//6 4293//6 4296//6
f 4292//6 4289//6 4293//6
f 4297//3 4302//3 4301//3
f 4297//3 4298//3 4302//3
f 4298//4 4303//4 4302//4
f 4298//4 4299//4 4303//4
f 4299//5 4304//5 4303//5
f 4299//5 4300//5 4304//5
f 4300//6 4301//6 4304//6
f 4300//6 4297//6 4301//6
f 4305//3 4310//3 4309//3
f 4305//3 4306//3 4310//3
f 4306//4 4311//4 4310//4
f 4306//4 4307//4 4311//4
f 4307//5 4312//5 4311//5
f 4307//5 4308//5 4312//5
f 4308//6 4309//6 4312//6
f 4308//6 4305//6 4309//6
f 4313//3 4318//3 4317//3
f 4313//3 4314//3 4318//3
f 4314//4 4319//4 4318//4
f 4314//4 4315//4 4319//4
f 4315//5 4320//5 4319//5
f 4315//5 4316//5 4320//5
f 4316//6 4317//6 4320//6
f 4316//6 4313//6 4317//6
f 4321//3 4326//3 4325//3
f 4321//3 4322//3 4326//3
f 4322//4 4327//4 4326//4
f 4322//4 4323//4 4327//4
f 4323//5 4328//5 4327//5
f 4323//5 4324//5 4328//5
f 4324//6 4325//6 4328//6
f 4324//6 4321//6 4325//6
f 4329//3 4334//3 4333//3
f 4329//3 4330//3 4334//3
f 4330//4 4335//4 4334//4
f 4330//4 4331//4 4335//4
f 4331//5 4336//5 4335//5
f 4331//5 4332//5 4336//5
f 4332//6 4333//6 4336//6
f 4332//6 4329//6 4333//6
f 4337//3 4342//3 4341//3
f 4337//3 4338//3 4342//3
f 4338//4 4343//4 4342//4
f 4338//4 4339//4 4343//4
f 4339//5 4344//5 4343//5
f 4339//5 4340//5 4344//5
f 4340//6 4341//6 4344//6
f 4340//6 4337//6 4341//6
f 4345//3 4350//3 4349//3
f 4345//3 4346//3 4350//3
f 4346//4 4351//4 4350//4
f 4346//4 4347//4 4351//4
f 4347//5 4352//5 4351//5
f 4347//5 4348//5 4352//5
f 4348//6 4349//6 4352//6
f 4348//6 4345//6 4349//6
f 4353//3 4358//3 4357//3
f 4353//3 4354//3 4358//3
f 4354//4 4359//4 4358//4
f 4354//4 4355//4 4359//4
f 4355//5 4360//5 4359//5
f 4355//5 4356//5 4360//5
f 4356//6 4357//6 4360//6
f 4356//6 4353//6 4357//6
f 4361//3 4366//3 4365//3
f 4361//3 4362//3 4366//3
f 4362//4 4367//4 4366//4
f 4362//4 4363//4 4367//4
f 4363//5 4368//5 4367//5
f 4363//5 4364//5 4368//5
f 4364//6 4365//6 4368//6
f 4364//6 4361//6 4365//6
f 4369//3 4374//3 4373//3
f 4369//3 4370//3 4374//3
f 4370//4 4375//4 4374//4
f 4370//4 4371//4 4375//4
f 4371//5 4376//5 4375//5
f 4371//5 4372//5 4376//5
f 4372//6 4373//6 4376//6
f 4372//6 4369//6 4373//6
f 4377//3 4382//3 4381//3
f 4377//3 4378//3 4382//3
f 4378//4 4383//4 4382//4
f 4378//4 4379//4 4383//4
f 4379//5 4384//5 4383//5
f 4379//5 4380//5 4384//5
f 4380//6 4381//6 4384//6
f 4380//6 4377//6 4381//6
f 4385//3 4390//3 4389//3
f 4385//3 4386//3 4390//3
f 4386//4 4391//4 4390//4
f 4386//4 4387//4 4391//4
f 4387//5 4392//5 4391//5
f 4387//5 4388//5 4392//5
f 4388//6 4389//6 4392//6
f 4388//6 4385//6 4389//6
f 4393//3 4398//3 4397//3
f 4393//3 4394//3 4398//3
f 4394//4 4399//4 4398//4
f 4394//4 4395//4 4399//4
f 4395//5 4400//5 4399//5
f 4395//5 4396//5 4400//5
f 4396//6 4397//6 4400//6
f 4396//6 4393//6 4397//6
f 4405//2 4406//2 4407//2
f 4405//2 4407//2 4408//2
f 4401//3 4406//3 4405//3
f 4401//3 4402//3 4406//3
f 4403//5 4408//5 4407//5
f 4403//5 4404//5 4408//5
f 4404//6 4405//6 4408//6
f 4404//6 4401//6 4405//6
f 4409//1 4411//1 4410//1
f 4409//1 4412//1 4411//1
f 4409//3 4414//3 4413//3
f 4409//3 4410//3 4414//3
f 4412//6 4413//6 4416//6
f 4412//6 4409//6 4413//6
f 4417//3 4422//3 4421//3
f 4417//3 4418//3 4422//3
f 4420//6 4421//6 4424//6
f 4420//6 4417//6 4421//6
f 4425//3 4430//3 4429//3
f 4425//3 4426//3 4430//3
f 4428//6 4429//6 4432//6
f 4428//6 4425//6 4429//6
f 4433//3 4438//3 4437//3
f 4433//3 4434//3 4438//3
f 4434//4 4439//4 4438//4
f 4434//4 4435//4 4439//4
f 4436//6 4437//6 4440//6
f 4436//6 4433//6 4437//6
f 4441//3 4446//3 4445//3
f 4441//3 4442//3 4446//3
f 4442//4 4447//4 4446//4
f 4442//4 4443//4 4447//4
f 4443//5 4448//5 4447//5
f 4443//5 4444//5 4448//5
f 4444//6 4445//6 4448//6
f 4444//6 4441//6 4445//6
f 4449//3 4454//3 4453//3
f 4449//3 4450//3 4454//3
f 4450//4 4455//4 4454//4
f 4450//4 4451//4 4455//4
f 4452//6 4453//6 4456//6
f 4452//6 4449//6 4453//6
f 4457//3 4462//3 4461//3
f 4457//3 4458//3 4462//3
f 4458//4 4463//4 4462//4
f 4458//4 4459//4 4463//4
f 4459//5 4464//5 4463//5
f 4459//5 4460//5 4464//5
f 4460//6 4461//6 4464//6
f 4460//6 4457//6 4461//6
f 4465//3 4470//3 4469//3
f 4465//3 4466//3 4470//3
f 4466//4 4471//4 4470//4
f 4466//4 4467//4 4471//4
f 4467//5 4472//5 4471//5
f 4467//5 4468//5 4472//5
f 4468//6 4469//6 4472//6
f 4468//6 4465//6 4469//6
f 4473//3 4478//3 4477//3
f 4473//3 4474//3 4478//3
f 4474//4 4479//4 4478//4
f 4474//4 4475//4 4479//4
f 4475//5 4480//5 4479//5
f 4475//5 4476//5 4480//5
f 4476//6 4477//6 4480//6
f 4476//6 4473//6 4477//6
f 4481//3 4486//3 4485//3
f 4481//3 4482//3 4486//3
f 4482//4 4487//4 4486//4
f 4482//4 4483//4 4487//4
f 4484//6 4485//6 4488//6
f 4484//6 4481//6 4485//6
f 4489//3 4494//3 4493//3
f 4489//3 4490//3 4494//3
f 4490//4 4495//4 4494//4
f 4490//4 4491//4 4495//4
f 4492//6 4493//6 4496//6
f 4492//6 4489//6 4493//6
f 4497//3 4502//3 4501//3
f 4497//3 4498//3 4502//3
f 4498//4 4503//4 4502//4
f 4498//4 4499//4 4503//4
f 4500//6 4501//6 4504//6
f 4500//6 4497//6 4501//6
f 4505//3 4510//3 4509//3
f 4505//3 4506//3 4510//3
f 4506//4 4511//4 4510//4
f 4506//4 4507//4 4511//4
f 4508//6 4509//6 4512//6
f 4508//6 4505//6 4509//6
f 4513//3 4518//3 4517//3
f 4513//3 4514//3 4518//3
f 4514//4 4519//4 4518//4
f 4514//4 4515//4 4519//4
f 4516//6 4517//6 4520//6
f 4516//6 4513//6 4517//6
f 4521//3 4526//3 4525//3
f 4521//3 4522//3 4526//3
f 4522//4 4527//4 4526//4
f 4522//4 4523//4 4527//4
f 4524//6 4525//6 4528//6
f 4524//6 4521//6 4525//6
f 4529//3 4534//3 4533//3
f 4529//3 4530//3 4534//3
f 4530//4 4535//4 4534//4
f 4530//4 4531//4 4535//4
f 4531//5 4536//5 4535//5
f 4531//5 4532//5 4536//5
f 4532//6 4533//6 4536//6
f 4532//6 4529//6 4533//6
f 4537//3 4542//3 4541//3
f 4537//3 4538//3 4542//3
f 4538//4 4543//4 4542//4
f 4538//4 4539//4 4543//4
f 4540//6 4541//6 4544//6
f 4540//6 4537//6 4541//6
f 4545//3 4550//3 4549//3
f 4545//3 4546//3 4550//3
f 4546//4 4551//4 4550//4
f 4546//4 4547//4 4551//4
f 4547//5 4552//5 4551//5
f 4547//5 4548//5 4552//5
f 4548//6 4549//6 4552//6
f 4548//6 4545//6 4549//6
f 4553//3 4558//3 4557//3
f 4553//3 4554//3 4558//3
f 4556//6 4557//6 4560//6
f 4556//6 4553//6 4557//6
f 4561//3 4566//3 4565//3
f 4561//3 4562//3 4566//3
f 4564//6 4565//6 4568//6
f 4564//6 4561//6 4565//6
f 4569//3 4574//3 4573//3
f 4569//3 4570//3 4574//3
f 4571//5 4576//5 4575//5
f 4571//5 4572//5 4576//5
f 4572//6 4573//6 4576//6
f 4572//6 4569//6 4573//6
f 4577//3 4582//3 4581//3
f 4577//3 4578//3 4582//3
f 4579//5 4584//5 4583//5
f 4579//5 4580//5 4584//5
f 4580//6 4581//6 4584//6
f 4580//6 4577//6 4581//6
f 4585//3 4590//3 4589//3
f 4585//3 4586//3 4590//3
f 4587//5 4592//5 4591//5
f 4587//5 4588//5 4592//5
f 4588//6 4589//6 4592//6
f 4588//6 4585//6 4589//6
f 4597//2 4598//2 4599//2
f 4597//2 4599//2 4600//2
f 4593//3 4598//3 4597//3
f 4593//3 4594//3 4598//3
f 4595//5 4600//5 4599//5
f 4595//5 4596//5 4600//5
f 4596//6 4597//6 4600//6
f 4596//6 4593//6 4597//6
f 4601//1 4603//1 4602//1
f 4601//1 4604//1 4603//1
f 4601//3 4606//3 4605//3
f 4601//3 4602//3 4606//3
f 4603//5 4608//5 4607//5
f 4603//5 4604//5 4608//5
f 4604//6 4605//6 4608//6
f 4604//6 4601//6 4605//6
f 4609//3 4614//3 4613//3
f 4609//3 4610//3 4614//3
f 4610//4 4615//4 4614//4
f 4610//4 4611//4 4615//4
f 4611//5 4616//5 4615//5
f 4611//5 4612//5 4616//5
f 4612//6 4613//6 4616//6
f 4612//6 4609//6 4613//6
f 4617//3 4622//3 4621//3
f 4617//3 4618//3 4622//3
f 4618//4 4623//4 4622//4
f 4618//4 4619//4 4623//4
f 4619//5 4624//5 4623//5
f 4619//5 4620//5 4624//5
f 4626//4 4631//4 4630//4
f 4626//4 4627//4 4631//4
f 4627//5 4632//5 4631//5
f 4627//5 4628//5 4632//5
f 4628//6 4629//6 4632//6
f 4628//6 4625//6 4629//6
f 4634//4 4639//4 4638//4
f 4634//4 4635//4 4639//4
f 4635//5 4640//5 4639//5
f 4635//5 4636//5 4640//5
f 4636//6 4637//6 4640//6
f 4636//6 4633//6 4637//6
f 4642//4 4647//4 4646//4
f 4642//4 4643//4 4647//4
f 4643//5 4648//5 4647//5
f 4643//5 4644//5 4648//5
f 4644//6 4645//6 4648//6
f 4644//6 4641//6 4645//6
f 4653//2 4654//2 4655//2
f 4653//2 4655//2 4656//2
f 4650//4 4655//4 4654//4
f 4650//4 4651//4 4655//4
f 4651//5 4656//5 4655//5
f 4651//5 4652//5 4656//5
f 4652//6 4653//6 4656//6
f 4652//6 4649//6 4653//6
f 4657//1 4659//1 4658//1
f 4657//1 4660//1 4659//1
f 4661//2 4662//2 4663//2
f 4661//2 4663//2 4664//2
f 4658//4 4663//4 4662//4
f 4658//4 4659//4 4663//4
f 4659//5 4664//5 4663//5
f 4659//5 4660//5 4664//5
f 4660//6 4661//6 4664//6
f 4660//6 4657//6 4661//6
f 4665//1 4667//1 4666//1
f 4665//1 4668//1 4667//1
f 4666//4 4671//4 4670//4
f 4666//4 4667//4 4671//4
f 4667//5 4672//5 4671//5
f 4667//5 4668//5 4672//5
f 4668//6 4669//6 4672//6
f 4668//6 4665//6 4669//6
f 4674//4 4679//4 4678//4
f 4674//4 4675//4 4679//4
f 4675//5 4680//5 4679//5
f 4675//5 4676//5 4680//5
f 4676//6 4677//6 4680//6
f 4676//6 4673//6 4677//6
f 4682//4 4687//4 4686//4
f 4682//4 4683//4 4687//4
f 4683//5 4688//5 4687//5
f 4683//5 4684//5 4688//5
f 4684//6 4685//6 4688//6
f 4684//6 4681//6 4685//6
f 4690//4 4695//4 4694//4
f 4690//4 4691//4 4695//4
f 4691//5 4696//5 4695//5
f 4691//5 4692//5 4696//5
f 4692//6 4693//6 4696//6
f 4692//6 4689//6 4693//6
f 4698//4 4703//4 4702//4
f 4698//4 4699//4 4703//4
f 4699//5 4704//5 4703//5
f 4699//5 4700//5 4704//5
f 4700//6 4701//6 4704//6
f 4700//6 4697//6 4701//6
f 4709//2 4710//2 4711//2
f 4709//2 4711//2 4712//2
f 4706//4 4711//4 4710//4
f 4706//4 4707//4 4711//4
f 4707//5 4712//5 4711//5
f 4707//5 4708//5 4712//5
f 4708//6 4709//6 4712//6
f 4708//6 4705//6 4709//6
f 4713//1 4715//1 4714//1
f 4713//1 4716//1 4715//1
f 4717//2 4718//2 4719//2
f 4717//2 4719//2 4720//2
f 4714//4 4719//4 4718//4
f 4714//4 4715//4 4719//4
f 4715//5 4720//5 4719//5
f 4715//5 4716//5 4720//5
f 4716//6 4717//6 4720//6
f 4716//6 4713//6 4717//6
f 4721//1 4723//1 4722//1
f 4721//1 4724//1 4723//1
f 4722//4 4727//4 4726//4
f 4722//4 4723//4 4727//4
f 4723//5 4728//5 4727//5
f 4723//5 4724//5 4728//5
f 4724//6 4725//6 4728//6
f 4724//6 4721//6 4725//6
f 4733//2 4734//2 4735//2
f 4733//2 4735//2 4736//2
f 4730//4 4735//4 4734//4
f 4730//4 4731//4 4735//4
f 4731//5 4736//5 4735//5
f 4731//5 4732//5 4736//5
f 4732//6 4733//6 4736//6
f 4732//6 4729//6 4733//6
f 4737//1 4739//1 4738//1
f 4737//1 4740//1 4739//1
f 4737//3 4742//3 4741//3
f 4737//3 4738//3 4742//3
f 4738//4 4743//4 4742//4
f 4738//4 4739//4 4743//4
f 4739//5 4744//5 4743//5
f 4739//5 4740//5 4744//5
f 4740//6 4741//6 4744//6
f 4740//6 4737//6 4741//6
f 4749//2 4750//2 4751//2
f 4749//2 4751//2 4752//2
f 4745//3 4750//3 4749//3
f 4745//3 4746//3 4750//3
f 4747//5 4752//5 4751//5
f 4747//5 4748//5 4752//5
f 4748//6 4749//6 4752//6
f 4748//6 4745//6 4749//6
f 4753//1 4755//1 4754//1
f 4753//1 4756//1 4755//1
f 4757//2 4758//2 4759//2
f 4757//2 4759//2 4760//2
f 4753//3 4758//3 4757//3
f 4753//3 4754//3 4758//3
f 4754//4 4759//4 4758//4
f 4754//4 4755//4 4759//4
f 4755//5 4760//5 4759//5
f 4755//5 4756//5 4760//5
f 4756//6 4757//6 4760//6
f 4756//6 4753//6 4757//6
f 4761//1 4763//1 4762//1
f 4761//1 4764//1 4763//1
f 4761//3 4766//3 4765//3
f 4761//3 4762//3 4766//3
f 4762//4 4767//4 4766//4
f 4762//4 4763//4 4767//4
f 4763//5 4768//5 4767//5
f 4763//5 4764//5 4768//5
f 4764//6 4765//6 4768//6
f 4764//6 4761//6 4765//6
f 4769//3 4774//3 4773//3
f 4769//3 4770//3 4774//3
f 4770//4 4775//4 4774//4
f 4770//4 4771//4 4775//4
f 4771//5 4776//5 4775//5
f 4771//5 4772//5 4776//5
f 4772//6 4773//6 4776//6
f 4772//6 4769//6 4773//6
f 4777//3 4782//3 4781//3
f 4777//3 4778//3 4782//3
f 4778//4 4783//4 4782//4
f 4778//4 4779//4 4783//4
f 4779//5 4784//5 4783//5
f 4779//5 4780//5 4784//5
f 4780//6 4781//6 4784//6
f 4780//6 4777//6 4781//6
f 4785//3 4790//3 4789//3
f 4785//3 4786//3 4790//3
f 4786//4 4791//4 4790//4
f 4786//4 4787//4 4791//4
f 4787//5 4792//5 4791//5
f 4787//5 4788//5 4792//5
f 4788//6 4789//6 4792//6
f 4788//6 4785//6 4789//6
f 4793//3 4798//3 4797//3
f 4793//3 4794//3 4798//3
f 4794//4 4799//4 4798//4
f 4794//4 4795//4 4799//4
f 4795//5 4800//5 4799//5
f 4795//5 4796//5 4800//5
f 4796//6 4797//6 4800//6
f 4796//6 4793//6 4797//6
f 4805//2 4806//2 4807//2
f 4805//2 4807//2 4808//2
f 4801//3 4806//3 4805//3
f 4801//3 4802//3 4806//3
f 4804//6 4805//6 4808//6
f 4804//6 4801//6 4805//6
f 4809//1 4811//1 4810//1
f 4809//1 4812//1 4811//1
f 4810//4 4815//4 4814//4
f 4810//4 4811//4 4815//4
f 4811//5 4816//5 4815//5
f 4811//5 4812//5 4816//5
f 4812//6 4813//6 4816//6
f 4812//6 4809//6 4813//6
f 4817//3 4822//3 4821//3
f 4817//3 4818//3 4822//3
f 4818//4 4823//4 4822//4
f 4818//4 4819//4 4823//4
f 4819//5 4824//5 4823//5
f 4819//5 4820//5 4824//5
f 4820//6 4821//6 4824//6
f 4820//6 4817//6 4821//6
f 4829//2 4830//2 4831//2
f 4829//2 4831//2 4832//2
f 4825//3 4830//3 4829//3
f 4825//3 4826//3 4830//3
f 4828//6 4829//6 4832//6
f 4828//6 4825//6 4829//6
f 4833//1 4835//1 4834//1
f 4833//1 4836//1 4835//1
f 4835//5 4840//5 4839//5
f 4835//5 4836//5 4840//5
f 4836//6 4837//6 4840//6
f 4836//6 4833//6 4837//6
f 4845//2 4846//2 4847//2
f 4845//2 4847//2 4848//2
f 4841//3 4846//3 4845//3
f 4841//3 4842//3 4846//3
f 4842//4 4847//4 4846//4
f 4842//4 4843//4 4847//4
f 4844//6 4845//6 4848//6
f 4844//6 4841//6 4845//6
f 4849//1 4851//1 4850//1
f 4849//1 4852//1 4851//1
f 4853//2 4854//2 4855//2
f 4853//2 4855//2 4856//2
f 4850//4 4855//4 4854//4
f 4850//4 4851//4 4855//4
f 4851//5 4856//5 4855//5
f 4851//5 4852//5 4856//5
f 4857//1 4859//1 4858//1
f 4857//1 4860//1 4859//1
f 4861//2 4862//2 4863//2
f 4861//2 4863//2 4864//2
f 4857//3 4862//3 4861//3
f 4857//3 4858//3 4862//3
f 4860//6 4861//6 4864//6
f 4860//6 4857//6 4861//6
f 4865//1 4867//1 4866//1
f 4865//1 4868//1 4867//1
f 4869//2 4870//2 4871//2
f 4869//2 4871//2 4872//2
f 4873//1 4875//1 4874//1
f 4873//1 4876//1 4875//1
f 4877//2 4878//2 4879//2
f 4877//2 4879//2 4880//2
f 4881//1 4883//1 4882//1
f 4881//1 4884//1 4883//1
f 4885//2 4886//2 4887//2
f 4885//2 4887//2 4888//2
f 4883//5 4888//5 4887//5
f 4883//5 4884//5 4888//5
f 4889//1 4891//1 4890//1
f 4889//1 4892//1 4891//1
f 4893//2 4894//2 4895//2
f 4893//2 4895//2 4896//2
f 4889//3 4894//3 4893//3
f 4889//3 4890//3 4894//3
f 4897//1 4899//1 4898//1
f 4897//1 4900//1 4899//1
f 4901//2 4902//2 4903//2
f 4901//2 4903//2 4904//2
f 4905//1 4907//1 4906//1
f 4905//1 4908//1 4907//1
f 4909//2 4910//2 4911//2
f 4909//2 4911//2 4912//2
f 4907//5 4912//5 4911//5
f 4907//5 4908//5 4912//5
f 4908//6 4909//6 4912//6
f 4908//6 4905//6 4909//6
f 4913//1 4915//1 4914//1
f 4913//1 4916//1 4915//1
f 4917//2 4918//2 4919//2
f 4917//2 4919//2 4920//2
f 4913//3 4918//3 4917//3
f 4913//3 4914//3 4918//3
f 4915//5 4920//5 4919//5
f 4915//5 4916//5 4920//5
f 4916//6 4917//6 4920//6
f 4916//6 4913//6 4917//6
f 4921//1 4923//1 4922//1
f 4921//1 4924//1 4923//1
f 4921//3 4926//3 4925//3
f 4921//3 4922//3 4926//3
f 4923//5 4928//5 4927//5
f 4923//5 4924//5 4928//5
f 4924//6 4925//6 4928//6
f 4924//6 4921//6 4925//6
f 4929//3 4934//3 4933//3
f 4929//3 4930//3 4934//3
f 4930//4 4935//4 4934//4
f 4930//4 4931//4 4935//4
f 4931//5 4936//5 4935//5
f 4931//5 4932//5 4936//5
f 4932//6 4933//6 4936//6
f 4932//6 4929//6 4933//6
f 4937//3 4942//3 4941//3
f 4937//3 4938//3 4942//3
f 4938//4 4943//4 4942//4
f 4938//4 4939//4 4943//4
f 4939//5 4944//5 4943//5
f 4939//5 4940//5 4944//5
f 4940//6 4941//6 4944//6
f 4940//6 4937//6 4941//6
f 4945//3 4950//3 4949//3
f 4945//3 4946//3 4950//3
f 4947//5 4952//5 4951//5
f 4947//5 4948//5 4952//5
f 4948//6 4949//6 4952//6
f 4948//6 4945//6 4949//6
f 4957//2 4958//2 4959//2
f 4957//2 4959//2 4960//2
f 4953//3 4958//3 4957//3
f 4953//3 4954//3 4958//3
f 4954//4 4959//4 4958//4
f 4954//4 4955//4 4959//4
f 4955//5 4960//5 4959//5
f 4955//5 4956//5 4960//5
f 4956//6 4957//6 4960//6
f 4956//6 4953//6 4957//6
f 4961//1 4963//1 4962//1
f 4961//1 4964//1 4963//1
f 4965//2 4966//2 4967//2
f 4965//2 4967//2 4968//2
f 4961//3 4966//3 4965//3
f 4961//3 4962//3 4966//3
f 4962//4 4967//4 4966//4
f 4962//4 4963//4 4967//4
f 4969//1 4971//1 4970//1
f 4969//1 4972//1 4971//1
f 4969//3 4974//3 4973//3
f 4969//3 4970//3 4974//3
f 4971//5 4976//5 4975//5
f 4971//5 4972//5 4976//5
f 4981//2 4982//2 4983//2
f 4981//2 4983//2 4984//2
f 4977//3 4982//3 4981//3
f 4977//3 4978//3 4982//3
f 4978//4 4983//4 4982//4
f 4978//4 4979//4 4983//4
f 4979//5 4984//5 4983//5
f 4979//5 4980//5 4984//5
f 4980//6 4981//6 4984//6
f 4980//6 4977//6 4981//6
f 4985//1 4987//1 4986//1
f 4985//1 4988//1 4987//1
f 4987//5 4992//5 4991//5
f 4987//5 4988//5 4992//5
f 4988//6 4989//6 4992//6
f 4988//6 4985//6 4989//6
f 4993//3 4998//3 4997//3
f 4993//3 4994//3 4998//3
f 4995//5 5000//5 4999//5
f 4995//5 4996//5 5000//5
f 4996//6 4997//6 5000//6
f 4996//6 4993//6 4997//6
f 5001//3 5006//3 5005//3
f 5001//3 5002//3 5006//3
f 5003//5 5008//5 5007//5
f 5003//5 5004//5 5008//5
f 5004//6 5005//6 5008//6
f 5004//6 5001//6 5005//6
f 5009//3 5014//3 5013//3
f 5009//3 5010//3 5014//3
f 5011//5 5016//5 5015//5
f 5011//5 5012//5 5016//5
f 5012//6 5013//6 5016//6
f 5012//6 5009//6 5013//6
f 5017//3 5022//3 5021//3
f 5017//3 5018//3 5022//3
f 5019//5 5024//5 5023//5
f 5019//5 5020//5 5024//5
f 5020//6 5021//6 5024//6
f 5020//6 5017//6 5021//6
f 5025//3 5030//3 5029//3
f 5025//3 5026//3 5030//3
f 5027//5 5032//5 5031//5
f 5027//5 5028//5 5032//5
f 5028//6 5029//6 5032//6
f 5028//6 5025//6 5029//6
f 5033//3 5038//3 5037//3
f 5033//3 5034//3 5038//3
f 5035//5 5040//5 5039//5
f 5035//5 5036//5 5040//5
f 5036//6 5037//6 5040//6
f 5036//6 5033//6 5037//6
f 5041//3 5046//3 5045//3
f 5041//3 5042//3 5046//3
f 5043//5 5048//5 5047//5
f 5043//5 5044//5 5048//5
f 5044//6 5045//6 5048//6
f 5044//6 5041//6 5045//6
f 5049//3 5054//3 5053//3
f 5049//3 5050//3 5054//3
f 5051//5 5056//5 5055//5
f 5051//5 5052//5 5056//5
f 5052//6 5053//6 5056//6
f 5052//6 5049//6 5053//6
f 5057//3 5062//3 5061//3
f 5057//3 5058//3 5062//3
f 5059//5 5064//5 5063//5
f 5059//5 5060//5 5064//5
f 5060//6 5061//6 5064//6
f 5060//6 5057//6 5061//6
f 5065//3 5070//3 5069//3
f 5065//3 5066//3 5070//3
f 5067//5 5072//5 5071//5
f 5067//5 5068//5 5072//5
f 5068//6 5069//6 5072//6
f 5068//6 5065//6 5069//6
f 5073//3 5078//3 5077//3
f 5073//3 5074//3 5078//3
f 5075//5 5080//5 5079//5
f 5075//5 5076//5 5080//5
f 5076//6 5077//6 5080//6
f 5076//6 5073//6 5077//6
f 5081//3 5086//3 5085//3
f 5081//3 5082//3 5086//3
f 5083//5 5088//5 5087//5
f 5083//5 5084//5 5088//5
f 5084//6 5085//6 5088//6
f 5084//6 5081//6 5085//6
f 5089//3 5094//3 5093//3
f 5089//3 5090//3 5094//3
f 5091//5 5096//5 5095//5
f 5091//5 5092//5 5096//5
f 5092//6 5093//6 5096//6
f 5092//6 5089//6 5093//6
f 5097//3 5102//3 5101//3
f 5097//3 5098//3 5102//3
f 5099//5 5104//5 5103//5
f 5099//5 5100//5 5104//5
f 5100//6 5101//6 5104//6
f 5100//6 5097//6 5101//6
f 5105//3 5110//3 5109//3
f 5105//3 5106//3 5110//3
f 5107//5 5112//5 5111//5
f 5107//5 5108//5 5112//5
f 5108//6 5109//6 5112//6
f 5108//6 5105//6 5109//6
f 5113//3 5118//3 5117//3
f 5113//3 5114//3 5118//3
f 5115//5 5120//5 5119//5
f 5115//5 5116//5 5120//5
f 5116//6 5117//6 5120//6
f 5116//6 5113//6 5117//6
f 5121//3 5126//3 5125//3
f 5121//3 5122//3 5126//3
f 5123//5 5128//5 5127//5
f 5123//5 5124//5 5128//5
f 5124//6 5125//6 5128//6
f 5124//6 5121//6 5125//6
f 5129//3 5134//3 5133//3
f 5129//3 5130//3 5134//3
f 5131//5 5136//5 5135//5
f 5131//5 5132//5 5136//5
f 5132//6 5133//6 5136//6
f 5132//6 5129//6 5133//6
f 5137//3 5142//3 5141//3
f 5137//3 5138//3 5142//3
f 5139//5 5144//5 5143//5
f 5139//5 5140//5 5144//5
f 5140//6 5141//6 5144//6
f 5140//6 5137//6 5141//6
f 5145//3 5150//3 5149//3
f 5145//3 5146//3 5150//3
f 5147//5 5152//5 5151//5
f 5147//5 5148//5 5152//5
f 5148//6 5149//6 5152//6
f 5148//6 5145//6 5149//6
f 5153//3 5158//3 5157//3
f 5153//3 5154//3 5158//3
f 5155//5 5160//5 5159//5
f 5155//5 5156//5 5160//5
f 5156//6 5157//6 5160//6
f 5156//6 5153//6 5157//6
f 5161//3 5166//3 5165//3
f 5161//3 5162//3 5166//3
f 5163//5 5168//5 5167//5
f 5163//5 5164//5 5168//5
f 5164//6 5165//6 5168//6
f 5164//6 5161//6 5165//6
f 5169//3 5174//3 5173//3
f 5169//3 5170//3 5174//3
f 5171//5 5176//5 5175//5
f 5171//5 5172//5 5176//5
f 5172//6 5173//6 5176//6
f 5172//6 5169//6 5173//6
f 5177//3 5182//3 5181//3
f 5177//3 5178//3 5182//3
f 5179//5 5184//5 5183//5
f 5179//5 5180//5 5184//5
f 5180//6 5181//6 5184//6
f 5180//6 5177//6 5181//6
f 5185//3 5190//3 5189//3
f 5185//3 5186//3 5190//3
f 5187//5 5192//5 5191//5
f 5187//5 5188//5 5192//5
f 5188//6 5189//6 5192//6
f 5188//6 5185//6 5189//6
f 5193//3 5198//3 5197//3
f 5193//3 5194//3 5198//3
f 5195//5 5200//5 5199//5
f 5195//5 5196//5 5200//5
f 5196//6 5197//6 5200//6
f 5196//6 5193//6 5197//6
f 5205//2 5206//2 5207//2
f 5205//2 5207//2 5208//2
f 5201//3 5206//3 5205//3
f 5201//3 5202//3 5206//3
f 5203//5 5208//5 5207//5
f 5203//5 5204//5 5208//5
f 5204//6 5205//6 5208//6
f 5204//6 5201//6 5205//6
f 5209//1 5211//1 5210//1
f 5209//1 5212//1 5211//1
f 5209//3 5214//3 5213//3
f 5209//3 5210//3 5214//3
f 5211//5 5216//5 5215//5
f 5211//5 5212//5 5216//5
f 5212//6 5213//6 5216//6
f 5212//6 5209//6 5213//6
f 5217//3 5222//3 5221//3
f 5217//3 5218//3 5222//3
f 5219//5 5224//5 5223//5
f 5219//5 5220//5 5224//5
f 5220//6 5221//6 5224//6
f 5220//6 5217//6 5221//6
f 5225//3 5230//3 5229//3
f 5225//3 5226//3 5230//3
f 5227//5 5232//5 5231//5
f 5227//5 5228//5 5232//5
f 5228//6 5229//6 5232//6
f 5228//6 5225//6 5229//6
f 5233//3 5238//3 5237//3
f 5233//3 5234//3 5238//3
f 5235//5 5240//5 5239//5
f 5235//5 5236//5 5240//5
f 5236//6 5237//6 5240//6
f 5236//6 5233//6 5237//6
f 5241//3 5246//3 5245//3
f 5241//3 5242//3 5246//3
f 5243//5 5248//5 5247//5
f 5243//5 5244//5 5248//5
f 5244//6 5245//6 5248//6
f 5244//6 5241//6 5245//6
f 5249//3 5254//3 5253//3
f 5249//3 5250//3 5254//3
f 5251//5 5256//5 5255//5
f 5251//5 5252//5 5256//5
f 5252//6 5253//6 5256//6
f 5252//6 5249//6 5253//6
f 5257//3 5262//3 5261//3
f 5257//3 5258//3 5262//3
f 5259//5 5264//5 5263//5
f 5259//5 5260//5 5264//5
f 5260//6 5261//6 5264//6
f 5260//6 5257//6 5261//6
f 5265//3 5270//3 5269//3
f 5265//3 5266//3 5270//3
f 5267//5 5272//5 5271//5
f 5267//5 5268//5 5272//5
f 5268//6 5269//6 5272//6
f 5268//6 5265//6 5269//6
f 5273//3 5278//3 5277//3
f 5273//3 5274//3 5278//3
f 5275//5 5280//5 5279//5
f 5275//5 5276//5 5280//5
f 5276//6 5277//6 5280//6
f 5276//6 5273//6 5277//6
f 5281//3 5286//3 5285//3
f 5281//3 5282//3 5286//3
f 5283//5 5288//5 5287//5
f 5283//5 5284//5 5288//5
f 5284//6 5285//6 5288//6
f 5284//6 5281//6 5285//6
f 5289//3 5294//3 5293//3
f 5289//3 5290//3 5294//3
f 5291//5 5296//5 5295//5
f 5291//5 5292//5 5296//5
f 5292//6 5293//6 5296//6
f 5292//6 5289//6 5293//6
f 5297//3 5302//3 5301//3
f 5297//3 5298//3 5302//3
f 5299//5 5304//5 5303//5
f 5299//5 5300//5 5304//5
f 5300//6 5301//6 5304//6
f 5300//6 5297//6 5301//6
f 5305//3 5310//3 5309//3
f 5305//3 5306//3 5310//3
f 5307//5 5312//5 5311//5
f 5307//5 5308//5 5312//5
f 5308//6 5309//6 5312//6
f 5308//6 5305//6 5309//6
f 5313//3 5318//3 5317//3
f 5313//3 5314//3 5318//3
f 5315//5 5320//5 5319//5
f 5315//5 5316//5 5320//5
f 5316//6 5317//6 5320//6
f 5316//6 5313//6 5317//6
f 5325//2 5326//2 5327//2
f 5325//2 5327//2 5328//2
f 5321//3 5326//3 5325//3
f 5321//3 5322//3 5326//3
f 5323//5 5328//5 5327//5
f 5323//5 5324//5 5328//5
f 5324//6 5325//6 5328//6
f 5324//6 5321//6 5325//6
f 5329//1 5331//1 5330//1
f 5329//1 5332//1 5331//1
f 5329//3 5334//3 5333//3
f 5329//3 5330//3 5334//3
f 5332//6 5333//6 5336//6
f 5332//6 5329//6 5333//6
f 5337//3 5342//3 5341//3
f 5337//3 5338//3 5342//3
f 5339//5 5344//5 5343//5
f 5339//5 5340//5 5344//5
f 5340//6 5341//6 5344//6
f 5340//6 5337//6 5341//6
f 5345//3 5350//3 5349//3
f 5345//3 5346//3 5350//3
f 5347//5 5352//5 5351//5
f 5347//5 5348//5 5352//5
f 5348//6 5349//6 5352//6
f 5348//6 5345//6 5349//6
f 5353//3 5358//3 5357//3
f 5353//3 5354//3 5358//3
f 5355//5 5360//5 5359//5
f 5355//5 5356//5 5360//5
f 5361//3 5366//3 5365//3
f 5361//3 5362//3 5366//3
f 5362//4 5367//4 5366//4
f 5362//4 5363//4 5367//4
f 5363//5 5368//5 5367//5
f 5363//5 5364//5 5368//5
f 5373//2 5374//2 5375//2
f 5373//2 5375//2 5376//2
f 5369//3 5374//3 5373//3
f 5369//3 5370//3 5374//3
f 5370//4 5375//4 5374//4
f 5370//4 5371//4 5375//4
f 5371//5 5376//5 5375//5
f 5371//5 5372//5 5376//5
f 5377//1 5379//1 5378//1
f 5377//1 5380//1 5379//1
f 5377//3 5382//3 5381//3
f 5377//3 5378//3 5382//3
f 5378//4 5383//4 5382//4
f 5378//4 5379//4 5383//4
f 5379//5 5384//5 5383//5
f 5379//5 5380//5 5384//5
f 5385//3 5390//3 5389//3
f 5385//3 5386//3 5390//3
f 5386//4 5391//4 5390//4
f 5386//4 5387//4 5391//4
f 5387//5 5392//5 5391//5
f 5387//5 5388//5 5392//5
f 5393//3 5398//3 5397//3
f 5393//3 5394//3 5398//3
f 5394//4 5399//4 5398//4
f 5394//4 5395//4 5399//4
f 5395//5 5400//5 5399//5
f 5395//5 5396//5 5400//5
f 5401//3 5406//3 5405//3
f 5401//3 5402//3 5406//3
f 5402//4 5407//4 5406//4
f 5402//4 5403//4 5407//4
f 5403//5 5408//5 5407//5
f 5403//5 5404//5 5408//5
f 5409//3 5414//3 5413//3
f 5409//3 5410//3 5414//3
f 5411//5 5416//5 5415//5
f 5411//5 5412//5 5416//5
f 5417//3 5422//3 5421//3
f 5417//3 5418//3 5422//3
f 5419//5 5424//5 5423//5
f 5419//5 5420//5 5424//5
f 5429//2 5430//2 5431//2
f 5429//2 5431//2 5432//2
f 5425//3 5430//3 5429//3
f 5425//3 5426//3 5430//3
f 5427//5 5432//5 5431//5
f 5427//5 5428//5 5432//5
f 5428//6 5429//6 5432//6
f 5428//6 5425//6 5429//6
f 5433//1 5435//1 5434//1
f 5433//1 5436//1 5435//1
f 5437//2 5438//2 5439//2
f 5437//2 5439//2 5440//2
f 5434//4 5439//4 5438//4
f 5434//4 5435//4 5439//4
f 5435//5 5440//5 5439//5
f 5435//5 5436//5 5440//5
f 5441//1 5443//1 5442//1
f 5441//1 5444//1 5443//1
f 5441//3 5446//3 5445//3
f 5441//3 5442//3 5446//3
f 5442//4 5447//4 5446//4
f 5442//4 5443//4 5447//4
f 5443//5 5448//5 5447//5
f 5443//5 5444//5 5448//5
f 5453//2 5454//2 5455//2
f 5453//2 5455//2 5456//2
f 5449//3 5454//3 5453//3
f 5449//3 5450//3 5454//3
f 5450//4 5455//4 5454//4
f 5450//4 5451//4 5455//4
f 5451//5 5456//5 5455//5
f 5451//5 5452//5 5456//5
f 5452//6 5453//6 5456//6
f 5452//6 5449//6 5453//6
f 5457//1 5459//1 5458//1
f 5457//1 5460//1 5459//1
f 5457//3 5462//3 5461//3
f 5457//3 5458//3 5462//3
f 5458//4 5463//4 5462//4
f 5458//4 5459//4 5463//4
f 5460//6 5461//6 5464//6
f 5460//6 5457//6 5461//6
f 5469//2 5470//2 5471//2
f 5469//2 5471//2 5472//2
f 5465//3 5470//3 5469//3
f 5465//3 5466//3 5470//3
f 5468//6 5469//6 5472//6
f 5468//6 5465//6 5469//6
f 5473//1 5475//1 5474//1
f 5473//1 5476//1 5475//1
f 5473//3 5478//3 5477//3
f 5473//3 5474//3 5478//3
f 5474//4 5479//4 5478//4
f 5474//4 5475//4 5479//4
f 5475//5 5480//5 5479//5
f 5475//5 5476//5 5480//5
f 5476//6 5477//6 5480//6
f 5476//6 5473//6 5477//6
f 5482//4 5487//4 5486//4
f 5482//4 5483//4 5487//4
f 5483//5 5488//5 5487//5
f 5483//5 5484//5 5488//5
f 5484//6 5485//6 5488//6
f 5484//6 5481//6 5485//6
f 5490//4 5495//4 5494//4
f 5490//4 5491//4 5495//4
f 5491//5 5496//5 5495//5
f 5491//5 5492//5 5496//5
f 5492//6 5493//6 5496//6
f 5492//6 5489//6 5493//6
f 5497//3 5502//3 5501//3
f 5497//3 5498//3 5502//3
f 5498//4 5503//4 5502//4
f 5498//4 5499//4 5503//4
f 5499//5 5504//5 5503//5
f 5499//5 5500//5 5504//5
f 5500//6 5501//6 5504//6
f 5500//6 5497//6 5501//6
f 5509//2 5510//2 5511//2
f 5509//2 5511//2 5512//2
f 5505//3 5510//3 5509//3
f 5505//3 5506//3 5510//3
f 5507//5 5512//5 5511//5
f 5507//5 5508//5 5512//5
f 5508//6 5509//6 5512//6
f 5508//6 5505//6 5509//6
f 5513//1 5515//1 5514//1
f 5513//1 5516//1 5515//1
f 5517//2 5518//2 5519//2
f 5517//2 5519//2 5520//2
f 5513//3 5518//3 5517//3
f 5513//3 5514//3 5518//3
f 5514//4 5519//4 5518//4
f 5514//4 5515//4 5519//4
f 5516//6 5517//6 5520//6
f 5516//6 5513//6 5517//6
f 5521//1 5523//1 5522//1
f 5521//1 5524//1 5523//1
f 5521//3 5526//3 5525//3
f 5521//3 5522//3 5526//3
f 5522//4 5527//4 5526//4
f 5522//4 5523//4 5527//4
f 5523//5 5528//5 5527//5
f 5523//5 5524//5 5528//5
f 5530//4 5535//4 5534//4
f 5530//4 5531//4 5535//4
f 5531//5 5536//5 5535//5
f 5531//5 5532//5 5536//5
f 5532//6 5533//6 5536//6
f 5532//6 5529//6 5533//6
f 5541//2 5542//2 5543//2
f 5541//2 5543//2 5544//2
f 5537//3 5542//3 5541//3
f 5537//3 5538//3 5542//3
f 5540//6 5541//6 5544//6
f 5540//6 5537//6 5541//6
f 5545//1 5547//1 5546//1
f 5545//1 5548//1 5547//1
f 5549//2 5550//2 5551//2
f 5549//2 5551//2 5552//2
f 5553//1 5555//1 5554//1
f 5553//1 5556//1 5555//1
f 5557//2 5558//2 5559//2
f 5557//2 5559//2 5560//2
f 5561//1 5563//1 5562//1
f 5561//1 5564//1 5563//1
f 5565//2 5566//2 5567//2
f 5565//2 5567//2 5568//2
f 5564//6 5565//6 5568//6
f 5564//6 5561//6 5565//6
f 5569//1 5571//1 5570//1
f 5569//1 5572//1 5571//1
f 5573//2 5574//2 5575//2
f 5573//2 5575//2 5576//2
f 5577//1 5579//1 5578//1
f 5577//1 5580//1 5579//1
f 5581//2 5582//2 5583//2
f 5581//2 5583//2 5584//2
f 5585//1 5587//1 5586//1
f 5585//1 5588//1 5587//1
f 5589//2 5590//2 5591//2
f 5589//2 5591//2 5592//2
f 5586//4 5591//4 5590//4
f 5586//4 5587//4 5591//4
f 5593//1 5595//1 5594//1
f 5593//1 5596//1 5595//1
f 5597//2 5598//2 5599//2
f 5597//2 5599//2 5600//2
f 5594//4 5599//4 5598//4
f 5594//4 5595//4 5599//4
f 5595//5 5600//5 5599//5
f 5595//5 5596//5 5600//5
f 5601//1 5603//1 5602//1
f 5601//1 5604//1 5603//1
f 5605//2 5606//2 5607//2
f 5605//2 5607//2 5608//2
f 5601//3 5606//3 5605//3
f 5601//3 5602//3 5606//3
f 5609//1 5611//1 5610//1
f 5609//1 5612//1 5611//1
f 5613//2 5614//2 5615//2
f 5613//2 5615//2 5616//2
f 5617//1 5619//1 5618//1
f 5617//1 5620//1 5619//1
f 5621//2 5622//2 5623//2
f 5621//2 5623//2 5624//2
f 5619//5 5624//5 5623//5
f 5619//5 5620//5 5624//5
f 5625//1 5627//1 5626//1
f 5625//1 5628//1 5627//1
f 5629//2 5630//2 5631//2
f 5629//2 5631//2 5632//2
f 5625//3 5630//3 5629//3
f 5625//3 5626//3 5630//3
f 5633//1 5635//1 5634//1
f 5633//1 5636//1 5635//1
f 5633//3 5638//3 5637//3
f 5633//3 5634//3 5638//3
f 5634//4 5639//4 5638//4
f 5634//4 5635//4 5639//4
f 5635//5 5640//5 5639//5
f 5635//5 5636//5 5640//5
f 5636//6 5637//6 5640//6
f 5636//6 5633//6 5637//6
f 5645//2 5646//2 5647//2
f 5645//2 5647//2 5648//2
f 5641//3 5646//3 5645//3
f 5641//3 5642//3 5646//3
f 5642//4 5647//4 5646//4
f 5642//4 5643//4 5647//4
f 5643//5 5648//5 5647//5
f 5643//5 5644//5 5648//5
f 5649//1 5651//1 5650//1
f 5649//1 5652//1 5651//1
f 5653//2 5654//2 5655//2
f 5653//2 5655//2 5656//2
f 5649//3 5654//3 5653//3
f 5649//3 5650//3 5654//3
f 5650//4 5655//4 5654//4
f 5650//4 5651//4 5655//4
f 5651//5 5656//5 5655//5
f 5651//5 5652//5 5656//5
f 5657//1 5659//1 5658//1
f 5657//1 5660//1 5659//1
f 5661//2 5662//2 5663//2
f 5661//2 5663//2 5664//2
f 5659//5 5664//5 5663//5
f 5659//5 5660//5 5664//5
f 5660//6 5661//6 5664//6
f 5660//6 5657//6 5661//6
f 5665//1 5667//1 5666//1
f 5665//1 5668//1 5667//1
f 5669//2 5670//2 5671//2
f 5669//2 5671//2 5672//2
f 5665//3 5670//3 5669//3
f 5665//3 5666//3 5670//3
f 5666//4 5671//4 5670//4
f 5666//4 5667//4 5671//4
f 5673//1 5675//1 5674//1
f 5673//1 5676//1 5675//1
f 5673//3 5678//3 5677//3
f 5673//3 5674//3 5678//3
f 5675//5 5680//5 5679//5
f 5675//5 5676//5 5680//5
f 5676//6 5677//6 5680//6
f 5676//6 5673//6 5677//6
f 5685//2 5686//2 5687//2
f 5685//2 5687//2 5688//2
f 5681//3 5686//3 5685//3
f 5681//3 5682//3 5686//3
f 5683//5 5688//5 5687//5
f 5683//5 5684//5 5688//5
f 5684//6 5685//6 5688//6
f 5684//6 5681//6 5685//6
f 5689//1 5691//1 5690//1
f 5689//1 5692//1 5691//1
f 5693//2 5694//2 5695//2
f 5693//2 5695//2 5696//2
f 5689//3 5694//3 5693//3
f 5689//3 5690//3 5694//3
f 5691//5 5696//5 5695//5
f 5691//5 5692//5 5696//5
f 5692//6 5693//6 5696//6
f 5692//6 5689//6 5693//6
f 5697//1 5699//1 5698//1
f 5697//1 5700//1 5699//1
f 5697//3 5702//3 5701//3
f 5697//3 5698//3 5702//3
f 5699//5 5704//5 5703//5
f 5699//5 5700//5 5704//5
f 5705//3 5710//3 5709//3
f 5705//3 5706//3 5710//3
f 5706//4 5711//4 5710//4
f 5706//4 5707//4 5711//4
f 5707//5 5712//5 5711//5
f 5707//5 5708//5 5712//5
f 5713//3 5718//3 5717//3
f 5713//3 5714//3 5718//3
f 5714//4 5719//4 5718//4
f 5714//4 5715//4 5719//4
f 5715//5 5720//5 5719//5
f 5715//5 5716//5 5720//5
f 5721//3 5726//3 5725//3
f 5721//3 5722//3 5726//3
f 5722//4 5727//4 5726//4
f 5722//4 5723//4 5727//4
f 5723//5 5728//5 5727//5
f 5723//5 5724//5 5728//5
f 5729//3 5734//3 5733//3
f 5729//3 5730//3 5734//3
f 5730//4 5735//4 5734//4
f 5730//4 5731//4 5735//4
f 5731//5 5736//5 5735//5
f 5731//5 5732//5 5736//5
f 5737//3 5742//3 5741//3
f 5737//3 5738//3 5742//3
f 5738//4 5743//4 5742//4
f 5738//4 5739//4 5743//4
f 5739//5 5744//5 5743//5
f 5739//5 5740//5 5744//5
f 5745//3 5750//3 5749//3
f 5745//3 5746//3 5750//3
f 5746//4 5751//4 5750//4
f 5746//4 5747//4 5751//4
f 5747//5 5752//5 5751//5
f 5747//5 5748//5 5752//5
f 5753//3 5758//3 5757//3
f 5753//3 5754//3 5758//3
f 5754//4 5759//4 5758//4
f 5754//4 5755//4 5759//4
f 5755//5 5760//5 5759//5
f 5755//5 5756//5 5760//5
f 5761//3 5766//3 5765//3
f 5761//3 5762//3 5766//3
f 5762//4 5767//4 5766//4
f 5762//4 5763//4 5767//4
f 5763//5 5768//5 5767//5
f 5763//5 5764//5 5768//5
f 5769//3 5774//3 5773//3
f 5769//3 5770//3 5774//3
f 5770//4 5775//4 5774//4
f 5770//4 5771//4 5775//4
f 5771//5 5776//5 5775//5
f 5771//5 5772//5 5776//5
f 5777//3 5782//3 5781//3
f 5777//3 5778//3 5782//3
f 5778//4 5783//4 5782//4
f 5778//4 5779//4 5783//4
f 5779//5 5784//5 5783//5
f 5779//5 5780//5 5784//5
f 5785//3 5790//3 5789//3
f 5785//3 5786//3 5790//3
f 5786//4 5791//4 5790//4
f 5786//4 5787//4 5791//4
f 5787//5 5792//5 5791//5
f 5787//5 5788//5 5792//5
f 5793//3 5798//3 5797//3
f 5793//3 5794//3 5798//3
f 5794//4 5799//4 5798//4
f 5794//4 5795//4 5799//4
f 5795//5 5800//5 5799//5
f 5795//5 5796//5 5800//5
f 5801//3 5806//3 5805//3
f 5801//3 5802//3 5806//3
f 5802//4 5807//4 5806//4
f 5802//4 5803//4 5807//4
f 5803//5 5808//5 5807//5
f 5803//5 5804//5 5808//5
f 5809//3 5814//3 5813//3
f 5809//3 5810//3 5814//3
f 5810//4 5815//4 5814//4
f 5810//4 5811//4 5815//4
f 5811//5 5816//5 5815//5
f 5811//5 5812//5 5816//5
f 5817//3 5822//3 5821//3
f 5817//3 5818//3 5822//3
f 5818//4 5823//4 5822//4
f 5818//4 5819//4 5823//4
f 5819//5 5824//5 5823//5
f 5819//5 5820//5 5824//5
f 5825//3 5830//3 5829//3
f 5825//3 5826//3 5830//3
f 5826//4 5831//4 5830//4
f 5826//4 5827//4 5831//4
f 5827//5 5832//5 5831//5
f 5827//5 5828//5 5832//5
f 5833//3 5838//3 5837//3
f 5833//3 5834//3 5838//3
f 5834//4 5839//4 5838//4
f 5834//4 5835//4 5839//4
f 5835//5 5840//5 5839//5
f 5835//5 5836//5 5840//5
f 5841//3 5846//3 5845//3
f 5841//3 5842//3 5846//3
f 5842//4 5847//4 5846//4
f 5842//4 5843//4 5847//4
f 5843//5 5848//5 5847//5
f 5843//5 5844//5 5848//5
f 5849//3 5854//3 5853//3
f 5849//3 5850//3 5854//3
f 5850//4 5855//4 5854//4
f 5850//4 5851//4 5855//4
f 5851//5 5856//5 5855//5
f 5851//5 5852//5 5856//5
f 5857//3 5862//3 5861//3
f 5857//3 5858//3 5862//3
f 5858//4 5863//4 5862//4
f 5858//4 5859//4 5863//4
f 5859//5 5864//5 5863//5
f 5859//5 5860//5 5864//5
f 5865//3 5870//3 5869//3
f 5865//3 5866//3 5870//3
f 5866//4 5871//4 5870//4
f 5866//4 5867//4 5871//4
f 5867//5 5872//5 5871//5
f 5867//5 5868//5 5872//5
f 5873//3 5878//3 5877//3
f 5873//3 5874//3 5878//3
f 5874//4 5879//4 5878//4
f 5874//4 5875//4 5879//4
f 5875//5 5880//5 5879//5
f 5875//5 5876//5 5880//5
f 5881//3 5886//3 5885//3
f 5881//3 5882//3 5886//3
f 5882//4 5887//4 5886//4
f 5882//4 5883//4 5887//4
f 5883//5 5888//5 5887//5
f 5883//5 5884//5 5888//5
f 5889//3 5894//3 5893//3
f 5889//3 5890//3 5894//3
f 5890//4 5895//4 5894//4
f 5890//4 5891//4 5895//4
f 5891//5 5896//5 5895//5
f 5891//5 5892//5 5896//5
f 5897//3 5902//3 5901//3
f 5897//3 5898//3 5902//3
f 5898//4 5903//4 5902//4
f 5898//4 5899//4 5903//4
f 5899//5 5904//5 5903//5
f 5899//5 5900//5 5904//5
f 5905//3 5910//3 5909//3
f 5905//3 5906//3 5910//3
f 5906//4 5911//4 5910//4
f 5906//4 5907//4 5911//4
f 5907//5 5912//5 5911//5
f 5907//5 5908//5 5912//5
f 5913//3 5918//3 5917//3
f 5913//3 5914//3 5918//3
f 5914//4 5919//4 5918//4
f 5914//4 5915//4 5919//4
f 5915//5 5920//5 5919//5
f 5915//5 5916//5 5920//5
f 5925//2 5926//2 5927//2
f 5925//2 5927//2 5928//2
f 5922//4 5927//4 5926//4
f 5922//4 5923//4 5927//4
f 5923//5 5928//5 5927//5
f 5923//5 5924//5 5928//5
f 5924//6 5925//6 5928//6
f 5924//6 5921//6 5925//6
f 5929//1 5931//1 5930//1
f 5929//1 5932//1 5931//1
f 5929//3 5934//3 5933//3
f 5929//3 5930//3 5934//3
f 5931//5 5936//5 5935//5
f 5931//5 5932//5 5936//5
f 5932//6 5933//6 5936//6
f 5932//6 5929//6 5933//6
f 5937//3 5942//3 5941//3
f 5937//3 5938//3 5942//3
f 5939//5 5944//5 5943//5
f 5939//5 5940//5 5944//5
f 5940//6 5941//6 5944//6
f 5940//6 5937//6 5941//6
f 5945//3 5950//3 5949//3
f 5945//3 5946//3 5950//3
f 5947//5 5952//5 5951//5
f 5947//5 5948//5 5952//5
f 5953//3 5958//3 5957//3
f 5953//3 5954//3 5958//3
f 5955//5 5960//5 5959//5
f 5955//5 5956//5 5960//5
f 5961//3 5966//3 5965//3
f 5961//3 5962//3 5966//3
f 5963//5 5968//5 5967//5
f 5963//5 5964//5 5968//5
f 5969//3 5974//3 5973//3
f 5969//3 5970//3 5974//3
f 5971//5 5976//5 5975//5
f 5971//5 5972//5 5976//5
f 5977//3 5982//3 5981//3
f 5977//3 5978//3 5982//3
f 5979//5 5984//5 5983//5
f 5979//5 5980//5 5984//5
f 5985//3 5990//3 5989//3
f 5985//3 5986//3 5990//3
f 5987//5 5992//5 5991//5
f 5987//5 5988//5 5992//5
f 5993//3 5998//3 5997//3
f 5993//3 5994//3 5998//3
f 5995//5 6000//5 5999//5
f 5995//5 5996//5 6000//5
f 6001//3 6006//3 6005//3
f 6001//3 6002//3 6006//3
f 6003//5 6008//5 6007//5
f 6003//5 6004//5 6008//5
f 6009//3 6014//3 6013//3
f 6009//3 6010//3 6014//3
f 6011//5 6016//5 6015//5
f 6011//5 6012//5 6016//5
f 6017//3 6022//3 6021//3
f 6017//3 6018//3 6022//3
f 6019//5 6024//5 6023//5
f 6019//5 6020//5 6024//5
f 6025//3 6030//3 6029//3
f 6025//3 6026//3 6030//3
f 6027//5 6032//5 6031//5
f 6027//5 6028//5 6032//5
f 6033//3 6038//3 6037//3
f 6033//3 6034//3 6038//3
f 6035//5 6040//5 6039//5
f 6035//5 6036//5 6040//5
f 6041//3 6046//3 6045//3
f 6041//3 6042//3 6046//3
f 6043//5 6048//5 6047//5
f 6043//5 6044//5 6048//5
f 6049//3 6054//3 6053//3
f 6049//3 6050//3 6054//3
f 6051//5 6056//5 6055//5
f 6051//5 6052//5 6056//5
f 6057//3 6062//3 6061//3
f 6057//3 6058//3 6062//3
f 6059//5 6064//5 6063//5
f 6059//5 6060//5 6064//5
f 6065//3 6070//3 6069//3
f 6065//3 6066//3 6070//3
f 6067//5 6072//5 6071//5
f 6067//5 6068//5 6072//5
f 6068//6 6069//6 6072//6
f 6068//6 6065//6 6069//6
f 6073//3 6078//3 6077//3
f 6073//3 6074//3 6078//3
f 6075//5 6080//5 6079//5
f 6075//5 6076//5 6080//5
f 6076//6 6077//6 6080//6
f 6076//6 6073//6 6077//6
f 6081//3 6086//3 6085//3
f 6081//3 6082//3 6086//3
f 6083//5 6088//5 6087//5
f 6083//5 6084//5 6088//5
f 6084//6 6085//6 6088//6
f 6084//6 6081//6 6085//6
f 6093//2 6094//2 6095//2
f 6093//2 6095//2 6096//2
f 6089//3 6094//3 6093//3
f 6089//3 6090//3 6094//3
f 6091//5 6096//5 6095//5
f 6091//5 6092//5 6096//5
f 6092//6 6093//6 6096//6
f 6092//6 6089//6 6093//6
f 6097//1 6099//1 6098//1
f 6097//1 6100//1 6099//1
f 6097//3 6102//3 6101//3
f 6097//3 6098//3 6102//3
f 6099//5 6104//5 6103//5
f 6099//5 6100//5 6104//5
f 6105//3 6110//3 6109//3
f 6105//3 6106//3 6110//3
f 6107//5 6112//5 6111//5
f 6107//5 6108//5 6112//5
f 6113//3 6118//3 6117//3
f 6113//3 6114//3 6118//3
f 6114//4 6119//4 6118//4
f 6114//4 6115//4 6119//4
f 6115//5 6120//5 6119//5
f 6115//5 6116//5 6120//5
f 6125//2 6126//2 6127//2
f 6125//2 6127//2 6128//2
f 6121//3 6126//3 6125//3
f 6121//3 6122//3 6126//3
f 6122//4 6127//4 6126//4
f 6122//4 6123//4 6127//4
f 6123//5 6128//5 6127//5
f 6123//5 6124//5 6128//5
f 6129//1 6131//1 6130//1
f 6129//1 6132//1 6131//1
f 6129//3 6134//3 6133//3
f 6129//3 6130//3 6134//3
f 6130//4 6135//4 6134//4
f 6130//4 6131//4 6135//4
f 6131//5 6136//5 6135//5
f 6131//5 6132//5 6136//5
f 6137//3 6142//3 6141//3
f 6137//3 6138//3 6142//3
f 6138//4 6143//4 6142//4
f 6138//4 6139//4 6143//4
f 6139//5 6144//5 6143//5
f 6139//5 6140//5 6144//5
f 6145//3 6150//3 6149//3
f 6145//3 6146//3 6150//3
f 6147//5 6152//5 6151//5
f 6147//5 6148//5 6152//5
f 6153//3 6158//3 6157//3
f 6153//3 6154//3 6158//3
f 6155//5 6160//5 6159//5
f 6155//5 6156//5 6160//5
f 6156//6 6157//6 6160//6
f 6156//6 6153//6 6157//6
f 6161//3 6166//3 6165//3
f 6161//3 6162//3 6166//3
f 6163//5 6168//5 6167//5
f 6163//5 6164//5 6168//5
f 6164//6 6165//6 6168//6
f 6164//6 6161//6 6165//6
f 6169//3 6174//3 6173//3
f 6169//3 6170//3 6174//3
f 6172//6 6173//6 6176//6
f 6172//6 6169//6 6173//6
f 6181//2 6182//2 6183//2
f 6181//2 6183//2 6184//2
f 6177//3 6182//3 6181//3
f 6177//3 6178//3 6182//3
f 6179//5 6184//5 6183//5
f 6179//5 6180//5 6184//5
f 6180//6 6181//6 6184//6
f 6180//6 6177//6 6181//6
f 6185//1 6187//1 6186//1
f 6185//1 6188//1 6187//1
f 6189//2 6190//2 6191//2
f 6189//2 6191//2 6192//2
f 6186//4 6191//4 6190//4
f 6186//4 6187//4 6191//4
f 6187//5 6192//5 6191//5
f 6187//5 6188//5 6192//5
f 6188//6 6189//6 6192//6
f 6188//6 6185//6 6189//6
f 6193//1 6195//1 6194//1
f 6193//1 6196//1 6195//1
f 6193//3 6198//3 6197//3
f 6193//3 6194//3 6198//3
f 6194//4 6199//4 6198//4
f 6194//4 6195//4 6199//4
f 6195//5 6200//5 6199//5
f 6195//5 6196//5 6200//5
f 6205//2 6206//2 6207//2
f 6205//2 6207//2 6208//2
f 6201//3 6206//3 6205//3
f 6201//3 6202//3 6206//3
f 6202//4 6207//4 6206//4
f 6202//4 6203//4 6207//4
f 6203//5 6208//5 6207//5
f 6203//5 6204//5 6208//5
f 6204//6 6205//6 6208//6
f 6204//6 6201//6 6205//6
f 6209//1 6211//1 6210//1
f 6209//1 6212//1 6211//1
f 6209//3 6214//3 6213//3
f 6209//3 6210//3 6214//3
f 6212//6 6213//6 6216//6
f 6212//6 6209//6 6213//6
f 6221//2 6222//2 6223//2
f 6221//2 6223//2 6224//2
f 6217//3 6222//3 6221//3
f 6217//3 6218//3 6222//3
f 6219//5 6224//5 6223//5
f 6219//5 6220//5 6224//5
f 6220//6 6221//6 6224//6
f 6220//6 6217//6 6221//6
f 6225//1 6227//1 6226//1
f 6225//1 6228//1 6227//1
f 6225//3 6230//3 6229//3
f 6225//3 6226//3 6230//3
f 6226//4 6231//4 6230//4
f 6226//4 6227//4 6231//4
f 6227//5 6232//5 6231//5
f 6227//5 6228//5 6232//5
f 6237//2 6238//2 6239//2
f 6237//2 6239//2 6240//2
f 6234//4 6239//4 6238//4
f 6234//4 6235//4 6239//4
f 6235//5 6240//5 6239//5
f 6235//5 6236//5 6240//5
f 6236//6 6237//6 6240//6
f 6236//6 6233//6 6237//6
f 6241//1 6243//1 6242//1
f 6241//1 6244//1 6243//1
f 6245//2 6246//2 6247//2
f 6245//2 6247//2 6248//2
f 6241//3 6246//3 6245//3
f 6241//3 6242//3 6246//3
f 6242//4 6247//4 6246//4
f 6242//4 6243//4 6247//4
f 6244//6 6245//6 6248//6
f 6244//6 6241//6 6245//6
f 6249//1 6251//1 6250//1
f 6249//1 6252//1 6251//1
f 6253//2 6254//2 6255//2
f 6253//2 6255//2 6256//2
f 6257//1 6259//1 6258//1
f 6257//1 6260//1 6259//1
f 6261//2 6262//2 6263//2
f 6261//2 6263//2 6264//2
f 6265//1 6267//1 6266//1
f 6265//1 6268//1 6267//1
f 6269//2 6270//2 6271//2
f 6269//2 6271//2 6272//2
f 6273//1 6275//1 6274//1
f 6273//1 6276//1 6275//1
f 6277//2 6278//2 6279//2
f 6277//2 6279//2 6280//2
f 6281//1 6283//1 6282//1
f 6281//1 6284//1 6283//1
f 6285//2 6286//2 6287//2
f 6285//2 6287//2 6288//2
f 6289//1 6291//1 6290//1
f 6289//1 6292//1 6291//1
f 6293//2 6294//2 6295//2
f 6293//2 6295//2 6296//2
f 6291//5 6296//5 6295//5
f 6291//5 6292//5 6296//5
f 6297//1 6299//1 6298//1
f 6297//1 6300//1 6299//1
f 6301//2 6302//2 6303//2
f 6301//2 6303//2 6304//2
f 6297//3 6302//3 6301//3
f 6297//3 6298//3 6302//3
f 6300//6 6301//6 6304//6
f 6300//6 6297//6 6301//6
f 6305//1 6307//1 6306//1
f 6305//1 6308//1 6307//1
f 6309//2 6310//2 6311//2
f 6309//2 6311//2 6312//2
f 6308//6 6309//6 6312//6
f 6308//6 6305//6 6309//6
f 6313//1 6315//1 6314//1
f 6313//1 6316//1 6315//1
f 6317//2 6318//2 6319//2
f 6317//2 6319//2 6320//2
f 6321//1 6323//1 6322//1
f 6321//1 6324//1 6323//1
f 6325//2 6326//2 6327//2
f 6325//2 6327//2 6328//2
f 6329//1 6331//1 6330//1
f 6329//1 6332//1 6331//1
f 6333//2 6334//2 6335//2
f 6333//2 6335//2 6336//2
f 6330//4 6335//4 6334//4
f 6330//4 6331//4 6335//4
f 6331//5 6336//5 6335//5
f 6331//5 6332//5 6336//5
f 6337//1 6339//1 6338//1
f 6337//1 6340//1 6339//1
f 6341//2 6342//2 6343//2
f 6341//2 6343//2 6344//2
f 6337//3 6342//3 6341//3
f 6337//3 6338//3 6342//3
f 6345//1 6347//1 6346//1
f 6345//1 6348//1 6347//1
f 6349//2 6350//2 6351//2
f 6349//2 6351//2 6352//2
f 6347//5 6352//5 6351//5
f 6347//5 6348//5 6352//5
f 6353//1 6355//1 6354//1
f 6353//1 6356//1 6355//1
f 6353//3 6358//3 6357//3
f 6353//3 6354//3 6358//3
f 6354//4 6359//4 6358//4
f 6354//4 6355//4 6359//4
f 6356//6 6357//6 6360//6
f 6356//6 6353//6 6357//6
f 6361//3 6366//3 6365//3
f 6361//3 6362//3 6366//3
f 6362//4 6367//4 6366//4
f 6362//4 6363//4 6367//4
f 6363//5 6368//5 6367//5
f 6363//5 6364//5 6368//5
f 6364//6 6365//6 6368//6
f 6364//6 6361//6 6365//6
f 6369//3 6374//3 6373//3
f 6369//3 6370//3 6374//3
f 6370//4 6375//4 6374//4
f 6370//4 6371//4 6375//4
f 6371//5 6376//5 6375//5
f 6371//5 6372//5 6376//5
f 6377//3 6382//3 6381//3
f 6377//3 6378//3 6382//3
f 6378//4 6383//4 6382//4
f 6378//4 6379//4 6383//4
f 6379//5 6384//5 6383//5
f 6379//5 6380//5 6384//5
f 6385//3 6390//3 6389//3
f 6385//3 6386//3 6390//3
f 6387//5 6392//5 6391//5
f 6387//5 6388//5 6392//5
f 6388//6 6389//6 6392//6
f 6388//6 6385//6 6389//6
f 6397//2 6398//2 6399//2
f 6397//2 6399//2 6400//2
f 6393//3 6398//3 6397//3
f 6393//3 6394//3 6398//3
f 6395//5 6400//5 6399//5
f 6395//5 6396//5 6400//5
f 6401//1 6403//1 6402//1
f 6401//1 6404//1 6403//1
f 6405//2 6406//2 6407//2
f 6405//2 6407//2 6408//2
f 6401//3 6406//3 6405//3
f 6401//3 6402//3 6406//3
f 6402//4 6407//4 6406//4
f 6402//4 6403//4 6407//4
f 6409//1 6411//1 6410//1
f 6409//1 6412//1 6411//1
f 6413//2 6414//2 6415//2
f 6413//2 6415//2 6416//2
f 6411//5 6416//5 6415//5
f 6411//5 6412//5 6416//5
f 6412//6 6413//6 6416//6
f 6412//6 6409//6 6413//6
f 6417//1 6419//1 6418//1
f 6417//1 6420//1 6419//1
f 6419//5 6424//5 6423//5
f 6419//5 6420//5 6424//5
f 6420//6 6421//6 6424//6
f 6420//6 6417//6 6421//6
f 6425//3 6430//3 6429//3
f 6425//3 6426//3 6430//3
f 6427//5 6432//5 6431//5
f 6427//5 6428//5 6432//5
f 6428//6 6429//6 6432//6
f 6428//6 6425//6 6429//6
f 6433//3 6438//3 6437//3
f 6433//3 6434//3 6438//3
f 6435//5 6440//5 6439//5
f 6435//5 6436//5 6440//5
f 6436//6 6437//6 6440//6
f 6436//6 6433//6 6437//6
f 6441//3 6446//3 6445//3
f 6441//3 6442//3 6446//3
f 6443//5 6448//5 6447//5
f 6443//5 6444//5 6448//5
f 6444//6 6445//6 6448//6
f 6444//6 6441//6 6445//6
f 6449//3 6454//3 6453//3
f 6449//3 6450//3 6454//3
f 6451//5 6456//5 6455//5
f 6451//5 6452//5 6456//5
f 6452//6 6453//6 6456//6
f 6452//6 6449//6 6453//6
f 6457//3 6462//3 6461//3
f 6457//3 6458//3 6462//3
f 6459//5 6464//5 6463//5
f 6459//5 6460//5 6464//5
f 6460//6 6461//6 6464//6
f 6460//6 6457//6 6461//6
f 6465//3 6470//3 6469//3
f 6465//3 6466//3 6470//3
f 6467//5 6472//5 6471//5
f 6467//5 6468//5 6472//5
f 6468//6 6469//6 6472//6
f 6468//6 6465//6 6469//6
f 6473//3 6478//3 6477//3
f 6473//3 6474//3 6478//3
f 6475//5 6480//5 6479//5
f 6475//5 6476//5 6480//5
f 6476//6 6477//6 6480//6
f 6476//6 6473//6 6477//6
f 6481//3 6486//3 6485//3
f 6481//3 6482//3 6486//3
f 6483//5 6488//5 6487//5
f 6483//5 6484//5 6488//5
f 6484//6 6485//6 6488//6
f 6484//6 6481//6 6485//6
f 6489//3 6494//3 6493//3
f 6489//3 6490//3 6494//3
f 6491//5 6496//5 6495//5
f 6491//5 6492//5 6496//5
f 6492//6 6493//6 6496//6
f 6492//6 6489//6 6493//6
f 6497//3 6502//3 6501//3
f 6497//3 6498//3 6502//3
f 6499//5 6504//5 6503//5
f 6499//5 6500//5 6504//5
f 6500//6 6501//6 6504//6
f 6500//6 6497//6 6501//6
f 6505//3 6510//3 6509//3
f 6505//3 6506//3 6510//3
f 6507//5 6512//5 6511//5
f 6507//5 6508//5 6512//5
f 6508//6 6509//6 6512//6
f 6508//6 6505//6 6509//6
f 6513//3 6518//3 6517//3
f 6513//3 6514//3 6518//3
f 6515//5 6520//5 6519//5
f 6515//5 6516//5 6520//5
f 6516//6 6517//6 6520//6
f 6516//6 6513//6 6517//6
f 6521//3 6526//3 6525//3
f 6521//3 6522//3 6526//3
f 6523//5 6528//5 6527//5
f 6523//5 6524//5 6528//5
f 6524//6 6525//6 6528//6
f 6524//6 6521//6 6525//6
f 6529//3 6534//3 6533//3
f 6529//3 6530//3 6534//3
f 6531//5 6536//5 6535//5
f 6531//5 6532//5 6536//5
f 6532//6 6533//6 6536//6
f 6532//6 6529//6 6533//6
f 6537//3 6542//3 6541//3
f 6537//3 6538//3 6542//3
f 6539//5 6544//5 6543//5
f 6539//5 6540//5 6544//5
f 6540//6 6541//6 6544//6
f 6540//6 6537//6 6541//6
f 6545//3 6550//3 6549//3
f 6545//3 6546//3 6550//3
f 6547//5 6552//5 6551//5
f 6547//5 6548//5 6552//5
f 6548//6 6549//6 6552//6
f 6548//6 6545//6 6549//6
f 6553//3 6558//3 6557//3
f 6553//3 6554//3 6558//3
f 6555//5 6560//5 6559//5
f 6555//5 6556//5 6560//5
f 6556//6 6557//6 6560//6
f 6556//6 6553//6 6557//6
f 6561//3 6566//3 6565//3
f 6561//3 6562//3 6566//3
f 6563//5 6568//5 6567//5
f 6563//5 6564//5 6568//5
f 6564//6 6565//6 6568//6
f 6564//6 6561//6 6565//6
f 6569//3 6574//3 6573//3
f 6569//3 6570//3 6574//3
f 6571//5 6576//5 6575//5
f 6571//5 6572//5 6576//5
f 6572//6 6573//6 6576//6
f 6572//6 6569//6 6573//6
f 6577//3 6582//3 6581//3
f 6577//3 6578//3 6582//3
f 6579//5 6584//5 6583//5
f 6579//5 6580//5 6584//5
f 6580//6 6581//6 6584//6
f 6580//6 6577//6 6581//6
f 6585//3 6590//3 6589//3
f 6585//3 6586//3 6590//3
f 6587//5 6592//5 6591//5
f 6587//5 6588//5 6592//5
f 6588//6 6589//6 6592//6
f 6588//6 6585//6 6589//6
f 6593//3 6598//3 6597//3
f 6593//3 6594//3 6598//3
f 6595//5 6600//5 6599//5
f 6595//5 6596//5 6600//5
f 6596//6 6597//6 6600//6
f 6596//6 6593//6 6597//6
f 6601//3 6606//3 6605//3
f 6601//3 6602//3 6606//3
f 6603//5 6608//5 6607//5
f 6603//5 6604//5 6608//5
f 6604//6 6605//6 6608//6
f 6604//6 6601//6 6605//6
f 6609//3 6614//3 6613//3
f 6609//3 6610//3 6614//3
f 6611//5 6616//5 6615//5
f 6611//5 6612//5 6616//5
f 6612//6 6613//6 6616//6
f 6612//6 6609//6 6613//6
f 6617//3 6622//3 6621//3
f 6617//3 6618//3 6622//3
f 6619//5 6624//5 6623//5
f 6619//5 6620//5 6624//5
f 6620//6 6621//6 6624//6
f 6620//6 6617//6 6621//6
f 6625//3 6630//3 6629//3
f 6625//3 6626//3 6630//3
f 6627//5 6632//5 6631//5
f 6627//5 6628//5 6632//5
f 6628//6 6629//6 6632//6
f 6628//6 6625//6 6629//6
f 6633//3 6638//3 6637//3
f 6633//3 6634//3 6638//3
f 6635//5 6640//5 6639//5
f 6635//5 6636//5 6640//5
f 6636//6 6637//6 6640//6
f 6636//6 6633//6 6637//6
f 6645//2 6646//2 6647//2
f 6645//2 6647//2 6648//2
f 6641//3 6646//3 6645//3
f 6641//3 6642//3 6646//3
f 6643//5 6648//5 6647//5
f 6643//5 6644//5 6648//5
f 6644//6 6645//6 6648//6
f 6644//6 6641//6 6645//6
f 6649//1 6651//1 6650//1
f 6649//1 6652//1 6651//1
f 6649//3 6654//3 6653//3
f 6649//3 6650//3 6654//3
f 6651//5 6656//5 6655//5
f 6651//5 6652//5 6656//5
f 6652//6 6653//6 6656//6
f 6652//6 6649//6 6653//6
f 6657//3 6662//3 6661//3
f 6657//3 6658//3 6662//3
f 6659//5 6664//5 6663//5
f 6659//5 6660//5 6664//5
f 6660//6 6661//6 6664//6
f 6660//6 6657//6 6661//6
f 6665//3 6670//3 6669//3
f 6665//3 6666//3 6670//3
f 6667//5 6672//5 6671//5
f 6667//5 6668//5 6672//5
f 6673//3 6678//3 6677//3
f 6673//3 6674//3 6678//3
f 6675//5 6680//5 6679//5
f 6675//5 6676//5 6680//5
f 6681//3 6686//3 6685//3
f 6681//3 6682//3 6686//3
f 6683//5 6688//5 6687//5
f 6683//5 6684//5 6688//5
f 6689//3 6694//3 6693//3
f 6689//3 6690//3 6694//3
f 6691//5 6696//5 6695//5
f 6691//5 6692//5 6696//5
f 6697//3 6702//3 6701//3
f 6697//3 6698//3 6702//3
f 6699//5 6704//5 6703//5
f 6699//5 6700//5 6704//5
f 6705//3 6710//3 6709//3
f 6705//3 6706//3 6710//3
f 6707//5 6712//5 6711//5
f 6707//5 6708//5 6712//5
f 6713//3 6718//3 6717//3
f 6713//3 6714//3 6718//3
f 6715//5 6720//5 6719//5
f 6715//5 6716//5 6720//5
f 6721//3 6726//3 6725//3
f 6721//3 6722//3 6726//3
f 6723//5 6728//5 6727//5
f 6723//5 6724//5 6728//5
f 6729//3 6734//3 6733//3
f 6729//3 6730//3 6734//3
f 6731//5 6736//5 6735//5
f 6731//5 6732//5 6736//5
f 6737//3 6742//3 6741//3
f 6737//3 6738//3 6742//3
f 6739//5 6744//5 6743//5
f 6739//5 6740//5 6744//5
f 6745//3 6750//3 6749//3
f 6745//3 6746//3 6750//3
f 6747//5 6752//5 6751//5
f 6747//5 6748//5 6752//5
f 6753//3 6758//3 6757//3
f 6753//3 6754//3 6758//3
f 6755//5 6760//5 6759//5
f 6755//5 6756//5 6760//5
f 6761//3 6766//3 6765//3
f 6761//3 6762//3 6766//3
f 6763//5 6768//5 6767//5
f 6763//5 6764//5 6768//5
f 6769//3 6774//3 6773//3
f 6769//3 6770//3 6774//3
f 6771//5 6776//5 6775//5
f 6771//5 6772//5 6776//5
f 6777//3 6782//3 6781//3
f 6777//3 6778//3 6782//3
f 6779//5 6784//5 6783//5
f 6779//5 6780//5 6784//5
f 6785//3 6790//3 6789//3
f 6785//3 6786//3 6790//3
f 6787//5 6792//5 6791//5
f 6787//5 6788//5 6792//5
f 6793//3 6798//3 6797//3
f 6793//3 6794//3 6798//3
f 6795//5 6800//5 6799//5
f 6795//5 6796//5 6800//5
f 6801//3 6806//3 6805//3
f 6801//3 6802//3 6806//3
f 6803//5 6808//5 6807//5
f 6803//5 6804//5 6808//5
f 6809//3 6814//3 6813//3
f 6809//3 6810//3 6814//3
f 6811//5 6816//5 6815//5
f 6811//5 6812//5 6816//5
f 6817//3 6822//3 6821//3
f 6817//3 6818//3 6822//3
f 6819//5 6824//5 6823//5
f 6819//5 6820//5 6824//5
f 6825//3 6830//3 6829//3
f 6825//3 6826//3 6830//3
f 6827//5 6832//5 6831//5
f 6827//5 6828//5 6832//5
f 6833//3 6838//3 6837//3
f 6833//3 6834//3 6838//3
f 6835//5 6840//5 6839//5
f 6835//5 6836//5 6840//5
f 6836//6 6837//6 6840//6
f 6836//6 6833//6 6837//6
f 6845//2 6846//2 6847//2
f 6845//2 6847//2 6848//2
f 6841//3 6846//3 6845//3
f 6841//3 6842//3 6846//3
f 6843//5 6848//5 6847//5
f 6843//5 6844//5 6848//5
f 6844//6 6845//6 6848//6
f 6844//6 6841//6 6845//6
f 6849//1 6851//1 6850//1
f 6849//1 6852//1 6851//1
f 6849//3 6854//3 6853//3
f 6849//3 6850//3 6854//3
f 6850//4 6855//4 6854//4
f 6850//4 6851//4 6855//4
f 6851//5 6856//5 6855//5
f 6851//5 6852//5 6856//5
f 6861//2 6862//2 6863//2
f 6861//2 6863//2 6864//2
f 6857//3 6862//3 6861//3
f 6857//3 6858//3 6862//3
f 6858//4 6863//4 6862//4
f 6858//4 6859//4 6863//4
f 6859//5 6864//5 6863//5
f 6859//5 6860//5 6864//5
f 6865//1 6867//1 6866//1
f 6865//1 6868//1 6867//1
f 6865//3 6870//3 6869//3
f 6865//3 6866//3 6870//3
f 6866//4 6871//4 6870//4
f 6866//4 6867//4 6871//4
f 6867//5 6872//5 6871//5
f 6867//5 6868//5 6872//5
f 6873//3 6878//3 6877//3
f 6873//3 6874//3 6878//3
f 6874//4 6879//4 6878//4
f 6874//4 6875//4 6879//4
f 6875//5 6880//5 6879//5
f 6875//5 6876//5 6880//5
f 6881//3 6886//3 6885//3
f 6881//3 6882//3 6886//3
f 6883//5 6888//5 6887//5
f 6883//5 6884//5 6888//5
f 6889//3 6894//3 6893//3
f 6889//3 6890//3 6894//3
f 6891//5 6896//5 6895//5
f 6891//5 6892//5 6896//5
f 6897//3 6902//3 6901//3
f 6897//3 6898//3 6902//3
f 6899//5 6904//5 6903//5
f 6899//5 6900//5 6904//5
f 6905//3 6910//3 6909//3
f 6905//3 6906//3 6910//3
f 6907//5 6912//5 6911//5
f 6907//5 6908//5 6912//5
f 6908//6 6909//6 6912//6
f 6908//6 6905//6 6909//6
f 6913//3 6918//3 6917//3
f 6913//3 6914//3 6918//3
f 6915//5 6920//5 6919//5
f 6915//5 6916//5 6920//5
f 6916//6 6917//6 6920//6
f 6916//6 6913//6 6917//6
f 6925//2 6926//2 6927//2
f 6925//2 6927//2 6928//2
f 6921//3 6926//3 6925//3
f 6921//3 6922//3 6926//3
f 6922//4 6927//4 6926//4
f 6922//4 6923//4 6927//4
f 6924//6 6925//6 6928//6
f 6924//6 6921//6 6925//6
f 6929//1 6931//1 6930//1
f 6929//1 6932//1 6931//1
f 6931//5 6936//5 6935//5
f 6931//5 6932//5 6936//5
f 6932//6 6933//6 6936//6
f 6932//6 6929//6 6933//6
f 6937//3 6942//3 6941//3
f 6937//3 6938//3 6942//3
f 6939//5 6944//5 6943//5
f 6939//5 6940//5 6944//5
f 6949//2 6950//2 6951//2
f 6949//2 6951//2 6952//2
f 6945//3 6950//3 6949//3
f 6945//3 6946//3 6950//3
f 6953//1 6955//1 6954//1
f 6953//1 6956//1 6955//1
f 6957//2 6958//2 6959//2
f 6957//2 6959//2 6960//2
f 6954//4 6959//4 6958//4
f 6954//4 6955//4 6959//4
f 6955//5 6960//5 6959//5
f 6955//5 6956//5 6960//5
f 6956//6 6957//6 6960//6
f 6956//6 6953//6 6957//6
f 6961//1 6963//1 6962//1
f 6961//1 6964//1 6963//1
f 6965//2 6966//2 6967//2
f 6965//2 6967//2 6968//2
f 6961//3 6966//3 6965//3
f 6961//3 6962//3 6966//3
f 6969//1 6971//1 6970//1
f 6969//1 6972//1 6971//1
f 6973//2 6974//2 6975//2
f 6973//2 6975//2 6976//2
f 6977//1 6979//1 6978//1
f 6977//1 6980//1 6979//1
f 6981//2 6982//2 6983//2
f 6981//2 6983//2 6984//2
f 6985//1 6987//1 6986//1
f 6985//1 6988//1 6987//1
f 6989//2 6990//2 6991//2
f 6989//2 6991//2 6992//2
f 6993//1 6995//1 6994//1
f 6993//1 6996//1 6995//1
f 6997//2 6998//2 6999//2
f 6997//2 6999//2 7000//2
f 7001//1 7003//1 7002//1
f 7001//1 7004//1 7003//1
f 7005//2 7006//2 7007//2
f 7005//2 7007//2 7008//2
f 7002//4 7007//4 7006//4
f 7002//4 7003//4 7007//4
f 7003//5 7008//5 7007//5
f 7003//5 7004//5 7008//5
f 7009//1 7011//1 7010//1
f 7009//1 7012//1 7011//1
f 7013//2 7014//2 7015//2
f 7013//2 7015//2 7016//2
f 7009//3 7014//3 7013//3
f 7009//3 7010//3 7014//3
f 7017//1 7019//1 7018//1
f 7017//1 7020//1 7019//1
f 7021//2 7022//2 7023//2
f 7021//2 7023//2 7024//2
f 7025//1 7027//1 7026//1
f 7025//1 7028//1 7027//1
f 7029//2 7030//2 7031//2
f 7029//2 7031//2 7032//2
f 7033//1 7035//1 7034//1
f 7033//1 7036//1 7035//1
f 7037//2 7038//2 7039//2
f 7037//2 7039//2 7040//2
f 7035//5 7040//5 7039//5
f 7035//5 7036//5 7040//5
f 7041//1 7043//1 7042//1
f 7041//1 7044//1 7043//1
f 7045//2 7046//2 7047//2
f 7045//2 7047//2 7048//2
f 7041//3 7046//3 7045//3
f 7041//3 7042//3 7046//3
f 7044//6 7045//6 7048//6
f 7044//6 7041//6 7045//6
f 7049//1 7051//1 7050//1
f 7049//1 7052//1 7051//1
f 7053//2 7054//2 7055//2
f 7053//2 7055//2 7056//2
f 7057//1 7059//1 7058//1
f 7057//1 7060//1 7059//1
f 7061//2 7062//2 7063//2
f 7061//2 7063//2 7064//2
f 7059//5 7064//5 7063//5
f 7059//5 7060//5 7064//5
f 7065//1 7067//1 7066//1
f 7065//1 7068//1 7067//1
f 7065//3 7070//3 7069//3
f 7065//3 7066//3 7070//3
f 7066//4 7071//4 7070//4
f 7066//4 7067//4 7071//4
f 7067//5 7072//5 7071//5
f 7067//5 7068//5 7072//5
f 7077//2 7078//2 7079//2
f 7077//2 7079//2 7080//2
f 7073//3 7078//3 7077//3
f 7073//3 7074//3 7078//3
f 7075//5 7080//5 7079//5
f 7075//5 7076//5 7080//5
f 7081//1 7083//1 7082//1
f 7081//1 7084//1 7083//1
f 7081//3 7086//3 7085//3
f 7081//3 7082//3 7086//3
f 7082//4 7087//4 7086//4
f 7082//4 7083//4 7087//4
f 7084//6 7085//6 7088//6
f 7084//6 7081//6 7085//6
f 7089//3 7094//3 7093//3
f 7089//3 7090//3 7094//3
f 7091//5 7096//5 7095//5
f 7091//5 7092//5 7096//5
f 7097//3 7102//3 7101//3
f 7097//3 7098//3 7102//3
f 7099//5 7104//5 7103//5
f 7099//5 7100//5 7104//5
f 7100//6 7101//6 7104//6
f 7100//6 7097//6 7101//6
f 7105//3 7110//3 7109//3
f 7105//3 7106//3 7110//3
f 7107//5 7112//5 7111//5
f 7107//5 7108//5 7112//5
f 7108//6 7109//6 7112//6
f 7108//6 7105//6 7109//6
f 7117//2 7118//2 7119//2
f 7117//2 7119//2 7120//2
f 7113//3 7118//3 7117//3
f 7113//3 7114//3 7118//3
f 7115//5 7120//5 7119//5
f 7115//5 7116//5 7120//5
f 7116//6 7117//6 7120//6
f 7116//6 7113//6 7117//6
f 7121//1 7123//1 7122//1
f 7121//1 7124//1 7123//1
f 7121//3 7126//3 7125//3
f 7121//3 7122//3 7126//3
f 7123//5 7128//5 7127//5
f 7123//5 7124//5 7128//5
f 7129//3 7134//3 7133//3
f 7129//3 7130//3 7134//3
f 7131//5 7136//5 7135//5
f 7131//5 7132//5 7136//5
f 7137//3 7142//3 7141//3
f 7137//3 7138//3 7142//3
f 7139//5 7144//5 7143//5
f 7139//5 7140//5 7144//5
f 7145//3 7150//3 7149//3
f 7145//3 7146//3 7150//3
f 7147//5 7152//5 7151//5
f 7147//5 7148//5 7152//5
f 7153//3 7158//3 7157//3
f 7153//3 7154//3 7158//3
f 7155//5 7160//5 7159//5
f 7155//5 7156//5 7160//5
f 7161//3 7166//3 7165//3
f 7161//3 7162//3 7166//3
f 7163//5 7168//5 7167//5
f 7163//5 7164//5 7168//5
f 7169//3 7174//3 7173//3
f 7169//3 7170//3 7174//3
f 7171//5 7176//5 7175//5
f 7171//5 7172//5 7176//5
f 7177//3 7182//3 7181//3
f 7177//3 7178//3 7182//3
f 7179//5 7184//5 7183//5
f 7179//5 7180//5 7184//5
f 7185//3 7190//3 7189//3
f 7185//3 7186//3 7190//3
f 7187//5 7192//5 7191//5
f 7187//5 7188//5 7192//5
f 7193//3 7198//3 7197//3
f 7193//3 7194//3 7198//3
f 7195//5 7200//5 7199//5
f 7195//5 7196//5 7200//5
f 7201//3 7206//3 7205//3
f 7201//3 7202//3 7206//3
f 7203//5 7208//5 7207//5
f 7203//5 7204//5 7208//5
f 7209//3 7214//3 7213//3
f 7209//3 7210//3 7214//3
f 7211//5 7216//5 7215//5
f 7211//5 7212//5 7216//5
f 7217//3 7222//3 7221//3
f 7217//3 7218//3 7222//3
f 7219//5 7224//5 7223//5
f 7219//5 7220//5 7224//5
f 7225//3 7230//3 7229//3
f 7225//3 7226//3 7230//3
f 7227//5 7232//5 7231//5
f 7227//5 7228//5 7232//5
f 7233//3 7238//3 7237//3
f 7233//3 7234//3 7238//3
f 7235//5 7240//5 7239//5
f 7235//5 7236//5 7240//5
f 7241//3 7246//3 7245//3
f 7241//3 7242//3 7246//3
f 7243//5 7248//5 7247//5
f 7243//5 7244//5 7248//5
f 7249//3 7254//3 7253//3
f 7249//3 7250//3 7254//3
f 7251//5 7256//5 7255//5
f 7251//5 7252//5 7256//5
f 7257//3 7262//3 7261//3
f 7257//3 7258//3 7262//3
f 7259//5 7264//5 7263//5
f 7259//5 7260//5 7264//5
f 7265//3 7270//3 7269//3
f 7265//3 7266//3 7270//3
f 7267//5 7272//5 7271//5
f 7267//5 7268//5 7272//5
f 7273//3 7278//3 7277//3
f 7273//3 7274//3 7278//3
f 7275//5 7280//5 7279//5
f 7275//5 7276//5 7280//5
f 7281//3 7286//3 7285//3
f 7281//3 7282//3 7286//3
f 7283//5 7288//5 7287//5
f 7283//5 7284//5 7288//5
f 7289//3 7294//3 7293//3
f 7289//3 7290//3 7294//3
f 7290//4 7295//4 7294//4
f 7290//4 7291//4 7295//4
f 7291//5 7296//5 7295//5
f 7291//5 7292//5 7296//5
f 7297//3 7302//3 7301//3
f 7297//3 7298//3 7302//3
f 7299//5 7304//5 7303//5
f 7299//5 7300//5 7304//5
f 7305//3 7310//3 7309//3
f 7305//3 7306//3 7310//3
f 7307//5 7312//5 7311//5
f 7307//5 7308//5 7312//5
f 7313//3 7318//3 7317//3
f 7313//3 7314//3 7318//3
f 7315//5 7320//5 7319//5
f 7315//5 7316//5 7320//5
f 7321//3 7326//3 7325//3
f 7321//3 7322//3 7326//3
f 7323//5 7328//5 7327//5
f 7323//5 7324//5 7328//5
f 7329//3 7334//3 7333//3
f 7329//3 7330//3 7334//3
f 7331//5 7336//5 7335//5
f 7331//5 7332//5 7336//5
f 7337//3 7342//3 7341//3
f 7337//3 7338//3 7342//3
f 7339//5 7344//5 7343//5
f 7339//5 7340//5 7344//5
f 7349//2 7350//2 7351//2
f 7349//2 7351//2 7352//2
f 7347//5 7352//5 7351//5
f 7347//5 7348//5 7352//5
f 7353//1 7355//1 7354//1
f 7353//1 7356//1 7355//1
f 7353//3 7358//3 7357//3
f 7353//3 7354//3 7358//3
f 7355//5 7360//5 7359//5
f 7355//5 7356//5 7360//5
f 7356//6 7357//6 7360//6
f 7356//6 7353//6 7357//6
f 7361//3 7366//3 7365//3
f 7361//3 7362//3 7366//3
f 7363//5 7368//5 7367//5
f 7363//5 7364//5 7368//5
f 7364//6 7365//6 7368//6
f 7364//6 7361//6 7365//6
f 7369//3 7374//3 7373//3
f 7369//3 7370//3 7374//3
f 7371//5 7376//5 7375//5
f 7371//5 7372//5 7376//5
f 7377//3 7382//3 7381//3
f 7377//3 7378//3 7382//3
f 7379//5 7384//5 7383//5
f 7379//5 7380//5 7384//5
f 7385//3 7390//3 7389//3
f 7385//3 7386//3 7390//3
f 7387//5 7392//5 7391//5
f 7387//5 7388//5 7392//5
f 7393//3 7398//3 7397//3
f 7393//3 7394//3 7398//3
f 7395//5 7400//5 7399//5
f 7395//5 7396//5 7400//5
f 7401//3 7406//3 7405//3
f 7401//3 7402//3 7406//3
f 7403//5 7408//5 7407//5
f 7403//5 7404//5 7408//5
f 7409//3 7414//3 7413//3
f 7409//3 7410//3 7414//3
f 7411//5 7416//5 7415//5
f 7411//5 7412//5 7416//5
f 7417//3 7422//3 7421//3
f 7417//3 7418//3 7422//3
f 7419//5 7424//5 7423//5
f 7419//5 7420//5 7424//5
f 7425//3 7430//3 7429//3
f 7425//3 7426//3 7430//3
f 7427//5 7432//5 7431//5
f 7427//5 7428//5 7432//5
f 7433//3 7438//3 7437//3
f 7433//3 7434//3 7438//3
f 7435//5 7440//5 7439//5
f 7435//5 7436//5 7440//5
f 7441//3 7446//3 7445//3
f 7441//3 7442//3 7446//3
f 7443//5 7448//5 7447//5
f 7443//5 7444//5 7448//5
f 7449//3 7454//3 7453//3
f 7449//3 7450//3 7454//3
f 7451//5 7456//5 7455//5
f 7451//5 7452//5 7456//5
f 7457//3 7462//3 7461//3
f 7457//3 7458//3 7462//3
f 7459//5 7464//5 7463//5
f 7459//5 7460//5 7464//5
f 7465//3 7470//3 7469//3
f 7465//3 7466//3 7470//3
f 7467//5 7472//5 7471//5
f 7467//5 7468//5 7472//5
f 7473//3 7478//3 7477//3
f 7473//3 7474//3 7478//3
f 7475//5 7480//5 7479//5
f 7475//5 7476//5 7480//5
f 7481//3 7486//3 7485//3
f 7481//3 7482//3 7486//3
f 7483//5 7488//5 7487//5
f 7483//5 7484//5 7488//5
f 7489//3 7494//3 7493//3
f 7489//3 7490//3 7494//3
f 7491//5 7496//5 7495//5
f 7491//5 7492//5 7496//5
f 7497//3 7502//3 7501//3
f 7497//3 7498//3 7502//3
f 7499//5 7504//5 7503//5
f 7499//5 7500//5 7504//5
f 7505//3 7510//3 7509//3
f 7505//3 7506//3 7510//3
f 7507//5 7512//5 7511//5
f 7507//5 7508//5 7512//5
f 7513//3 7518//3 7517//3
f 7513//3 7514//3 7518//3
f 7515//5 7520//5 7519//5
f 7515//5 7516//5 7520//5
f 7521//3 7526//3 7525//3
f 7521//3 7522//3 7526//3
f 7523//5 7528//5 7527//5
f 7523//5 7524//5 7528//5
f 7529//3 7534//3 7533//3
f 7529//3 7530//3 7534//3
f 7531//5 7536//5 7535//5
f 7531//5 7532//5 7536//5
f 7537//3 7542//3 7541//3
f 7537//3 7538//3 7542//3
f 7539//5 7544//5 7543//5
f 7539//5 7540//5 7544//5
f 7545//3 7550//3 7549//3
f 7545//3 7546//3 7550//3
f 7547//5 7552//5 7551//5
f 7547//5 7548//5 7552//5
f 7553//3 7558//3 7557//3
f 7553//3 7554//3 7558//3
f 7555//5 7560//5 7559//5
f 7555//5 7556//5 7560//5
f 7561//3 7566//3 7565//3
f 7561//3 7562//3 7566//3
f 7563//5 7568//5 7567//5
f 7563//5 7564//5 7568//5
f 7569//3 7574//3 7573//3
f 7569//3 7570//3 7574//3
f 7571//5 7576//5 7575//5
f 7571//5 7572//5 7576//5
f 7572//6 7573//6 7576//6
f 7572//6 7569//6 7573//6
f 7581//2 7582//2 7583//2
f 7581//2 7583//2 7584//2
f 7577//3 7582//3 7581//3
f 7577//3 7578//3 7582//3
f 7579//5 7584//5 7583//5
f 7579//5 7580//5 7584//5
f 7580//6 7581//6 7584//6
f 7580//6 7577//6 7581//6
f 7585//1 7587//1 7586//1
f 7585//1 7588//1 7587//1
f 7585//3 7590//3 7589//3
f 7585//3 7586//3 7590//3
f 7586//4 7591//4 7590//4
f 7586//4 7587//4 7591//4
f 7587//5 7592//5 7591//5
f 7587//5 7588//5 7592//5
f 7593//3 7598//3 7597//3
f 7593//3 7594//3 7598//3
f 7595//5 7600//5 7599//5
f 7595//5 7596//5 7600//5
f 7601//3 7606//3 7605//3
f 7601//3 7602//3 7606//3
f 7603//5 7608//5 7607//5
f 7603//5 7604//5 7608//5
f 7609//3 7614//3 7613//3
f 7609//3 7610//3 7614//3
f 7611//5 7616//5 7615//5
f 7611//5 7612//5 7616//5
f 7621//2 7622//2 7623//2
f 7621//2 7623//2 7624//2
f 7617//3 7622//3 7621//3
f 7617//3 7618//3 7622//3
f 7618//4 7623//4 7622//4
f 7618//4 7619//4 7623//4
f 7619//5 7624//5 7623//5
f 7619//5 7620//5 7624//5
f 7625//1 7627//1 7626//1
f 7625//1 7628//1 7627//1
f 7625//3 7630//3 7629//3
f 7625//3 7626//3 7630//3
f 7627//5 7632//5 7631//5
f 7627//5 7628//5 7632//5
f 7633//3 7638//3 7637//3
f 7633//3 7634//3 7638//3
f 7635//5 7640//5 7639//5
f 7635//5 7636//5 7640//5
f 7645//2 7646//2 7647//2
f 7645//2 7647//2 7648//2
f 7641//3 7646//3 7645//3
f 7641//3 7642//3 7646//3
f 7642//4 7647//4 7646//4
f 7642//4 7643//4 7647//4
f 7643//5 7648//5 7647//5
f 7643//5 7644//5 7648//5
f 7649//1 7651//1 7650//1
f 7649//1 7652//1 7651//1
f 7653//2 7654//2 7655//2
f 7653//2 7655//2 7656//2
f 7649//3 7654//3 7653//3
f 7649//3 7650//3 7654//3
f 7650//4 7655//4 7654//4
f 7650//4 7651//4 7655//4
f 7652//6 7653//6 7656//6
f 7652//6 7649//6 7653//6
f 7657//1 7659//1 7658//1
f 7657//1 7660//1 7659//1
f 7661//2 7662//2 7663//2
f 7661//2 7663//2 7664//2
f 7658//4 7663//4 7662//4
f 7658//4 7659//4 7663//4
f 7665//1 7667//1 7666//1
f 7665//1 7668//1 7667//1
f 7669//2 7670//2 7671//2
f 7669//2 7671//2 7672//2
f 7673//1 7675//1 7674//1
f 7673//1 7676//1 7675//1
f 7677//2 7678//2 7679//2
f 7677//2 7679//2 7680//2
f 7674//4 7679//4 7678//4
f 7674//4 7675//4 7679//4
f 7681//1 7683//1 7682//1
f 7681//1 7684//1 7683//1
f 7685//2 7686//2 7687//2
f 7685//2 7687//2 7688//2
f 7682//4 7687//4 7686//4
f 7682//4 7683//4 7687//4
f 7689//1 7691//1 7690//1
f 7689//1 7692//1 7691//1
f 7693//2 7694//2 7695//2
f 7693//2 7695//2 7696//2
f 7690//4 7695//4 7694//4
f 7690//4 7691//4 7695//4
f 7691//5 7696//5 7695//5
f 7691//5 7692//5 7696//5
f 7697//1 7699//1 7698//1
f 7697//1 7700//1 7699//1
f 7701//2 7702//2 7703//2
f 7701//2 7703//2 7704//2
f 7697//3 7702//3 7701//3
f 7697//3 7698//3 7702//3
f 7700//6 7701//6 7704//6
f 7700//6 7697//6 7701//6
f 7705//1 7707//1 7706//1
f 7705//1 7708//1 7707//1
f 7709//2 7710//2 7711//2
f 7709//2 7711//2 7712//2
f 7713//1 7715//1 7714//1
f 7713//1 7716//1 7715//1
f 7717//2 7718//2 7719//2
f 7717//2 7719//2 7720//2
f 7721//1 7723//1 7722//1
f 7721//1 7724//1 7723//1
f 7725//2 7726//2 7727//2
f 7725//2 7727//2 7728//2
f 7729//1 7731//1 7730//1
f 7729//1 7732//1 7731//1
f 7733//2 7734//2 7735//2
f 7733//2 7735//2 7736//2
f 7731//5 7736//5 7735//5
f 7731//5 7732//5 7736//5
f 7737//1 7739//1 7738//1
f 7737//1 7740//1 7739//1
f 7741//2 7742//2 7743//2
f 7741//2 7743//2 7744//2
f 7737//3 7742//3 7741//3
f 7737//3 7738//3 7742//3
f 7745//1 7747//1 7746//1
f 7745//1 7748//1 7747//1
f 7749//2 7750//2 7751//2
f 7749//2 7751//2 7752//2
f 7753//1 7755//1 7754//1
f 7753//1 7756//1 7755//1
f 7757//2 7758//2 7759//2
f 7757//2 7759//2 7760//2
f 7755//5 7760//5 7759//5
f 7755//5 7756//5 7760//5
f 7761//1 7763//1 7762//1
f 7761//1 7764//1 7763//1
f 7765//2 7766//2 7767//2
f 7765//2 7767//2 7768//2
f 7761//3 7766//3 7765//3
f 7761//3 7762//3 7766//3
f 7769//1 7771//1 7770//1
f 7769//1 7772//1 7771//1
f 7769//3 7774//3 7773//3
f 7769//3 7770//3 7774//3
f 7770//4 7775//4 7774//4
f 7770//4 7771//4 7775//4
f 7777//3 7782//3 7781//3
f 7777//3 7778//3 7782//3
f 7779//5 7784//5 7783//5
f 7779//5 7780//5 7784//5
f 7785//3 7790//3 7789//3
f 7785//3 7786//3 7790//3
f 7787//5 7792//5 7791//5
f 7787//5 7788//5 7792//5
f 7793//3 7798//3 7797//3
f 7793//3 7794//3 7798//3
f 7795//5 7800//5 7799//5
f 7795//5 7796//5 7800//5
f 7801//3 7806//3 7805//3
f 7801//3 7802//3 7806//3
f 7803//5 7808//5 7807//5
f 7803//5 7804//5 7808//5
f 7804//6 7805//6 7808//6
f 7804//6 7801//6 7805//6
f 7813//2 7814//2 7815//2
f 7813//2 7815//2 7816//2
f 7811//5 7816//5 7815//5
f 7811//5 7812//5 7816//5
f 7812//6 7813//6 7816//6
f 7812//6 7809//6 7813//6
f 7817//1 7819//1 7818//1
f 7817//1 7820//1 7819//1
f 7817//3 7822//3 7821//3
f 7817//3 7818//3 7822//3
f 7819//5 7824//5 7823//5
f 7819//5 7820//5 7824//5
f 7825//3 7830//3 7829//3
f 7825//3 7826//3 7830//3
f 7826//4 7831//4 7830//4
f 7826//4 7827//4 7831//4
f 7827//5 7832//5 7831//5
f 7827//5 7828//5 7832//5
f 7833//3 7838//3 7837//3
f 7833//3 7834//3 7838//3
f 7834//4 7839//4 7838//4
f 7834//4 7835//4 7839//4
f 7835//5 7840//5 7839//5
f 7835//5 7836//5 7840//5
f 7841//3 7846//3 7845//3
f 7841//3 7842//3 7846//3
f 7842//4 7847//4 7846//4
f 7842//4 7843//4 7847//4
f 7843//5 7848//5 7847//5
f 7843//5 7844//5 7848//5
f 7849//3 7854//3 7853//3
f 7849//3 7850//3 7854//3
f 7850//4 7855//4 7854//4
f 7850//4 7851//4 7855//4
f 7851//5 7856//5 7855//5
f 7851//5 7852//5 7856//5
f 7857//3 7862//3 7861//3
f 7857//3 7858//3 7862//3
f 7858//4 7863//4 7862//4
f 7858//4 7859//4 7863//4
f 7859//5 7864//5 7863//5
f 7859//5 7860//5 7864//5
f 7865//3 7870//3 7869//3
f 7865//3 7866//3 7870//3
f 7866//4 7871//4 7870//4
f 7866//4 7867//4 7871//4
f 7867//5 7872//5 7871//5
f 7867//5 7868//5 7872//5
f 7873//3 7878//3 7877//3
f 7873//3 7874//3 7878//3
f 7874//4 7879//4 7878//4
f 7874//4 7875//4 7879//4
f 7875//5 7880//5 7879//5
f 7875//5 7876//5 7880//5
f 7881//3 7886//3 7885//3
f 7881//3 7882//3 7886//3
f 7882//4 7887//4 7886//4
f 7882//4 7883//4 7887//4
f 7883//5 7888//5 7887//5
f 7883//5 7884//5 7888//5
f 7889//3 7894//3 7893//3
f 7889//3 7890//3 7894//3
f 7890//4 7895//4 7894//4
f 7890//4 7891//4 7895//4
f 7891//5 7896//5 7895//5
f 7891//5 7892//5 7896//5
f 7897//3 7902//3 7901//3
f 7897//3 7898//3 7902//3
f 7898//4 7903//4 7902//4
f 7898//4 7899//4 7903//4
f 7899//5 7904//5 7903//5
f 7899//5 7900//5 7904//5
f 7905//3 7910//3 7909//3
f 7905//3 7906//3 7910//3
f 7906//4 7911//4 7910//4
f 7906//4 7907//4 7911//4
f 7907//5 7912//5 7911//5
f 7907//5 7908//5 7912//5
f 7913//3 7918//3 7917//3
f 7913//3 7914//3 7918//3
f 7914//4 7919//4 7918//4
f 7914//4 7915//4 7919//4
f 7915//5 7920//5 7919//5
f 7915//5 7916//5 7920//5
f 7921//3 7926//3 7925//3
f 7921//3 7922//3 7926//3
f 7922//4 7927//4 7926//4
f 7922//4 7923//4 7927//4
f 7923//5 7928//5 7927//5
f 7923//5 7924//5 7928//5
f 7929//3 7934//3 7933//3
f 7929//3 7930//3 7934//3
f 7930//4 7935//4 7934//4
f 7930//4 7931//4 7935//4
f 7931//5 7936//5 7935//5
f 7931//5 7932//5 7936//5
f 7937//3 7942//3 7941//3
f 7937//3 7938//3 7942//3
f 7938//4 7943//4 7942//4
f 7938//4 7939//4 7943//4
f 7939//5 7944//5 7943//5
f 7939//5 7940//5 7944//5
f 7945//3 7950//3 7949//3
f 7945//3 7946//3 7950//3
f 7946//4 7951//4 7950//4
f 7946//4 7947//4 7951//4
f 7947//5 7952//5 7951//5
f 7947//5 7948//5 7952//5
f 7953//3 7958//3 7957//3
f 7953//3 7954//3 7958//3
f 7954//4 7959//4 7958//4
f 7954//4 7955//4 7959//4
f 7955//5 7960//5 7959//5
f 7955//5 7956//5 7960//5
f 7961//3 7966//3 7965//3
f 7961//3 7962//3 7966//3
f 7962//4 7967//4 7966//4
f 7962//4 7963//4 7967//4
f 7963//5 7968//5 7967//5
f 7963//5 7964//5 7968//5
f 7969//3 7974//3 7973//3
f 7969//3 7970//3 7974//3
f 7970//4 7975//4 7974//4
f 7970//4 7971//4 7975//4
f 7971//5 7976//5 7975//5
f 7971//5 7972//5 7976//5
f 7981//2 7982//2 7983//2
f 7981//2 7983//2 7984//2
f 7977//3 7982//3 7981//3
f 7977//3 7978//3 7982//3
f 7978//4 7983//4 7982//4
f 7978//4 7979//4 7983//4
f 7979//5 7984//5 7983//5
f 7979//5 7980//5 7984//5
f 7985//1 7987//1 7986//1
f 7985//1 7988//1 7987//1
f 7985//3 7990//3 7989//3
f 7985//3 7986//3 7990//3
f 7986//4 7991//4 7990//4
f 7986//4 7987//4 7991//4
f 7987//5 7992//5 7991//5
f 7987//5 7988//5 7992//5
f 7993//3 7998//3 7997//3
f 7993//3 7994//3 7998//3
f 7994//4 7999//4 7998//4
f 7994//4 7995//4 7999//4
f 7995//5 8000//5 7999//5
f 7995//5 7996//5 8000//5
f 8001//3 8006//3 8005//3
f 8001//3 8002//3 8006//3
f 8002//4 8007//4 8006//4
f 8002//4 8003//4 8007//4
f 8003//5 8008//5 8007//5
f 8003//5 8004//5 8008//5
f 8009//3 8014//3 8013//3
f 8009//3 8010//3 8014//3
f 8010//4 8015//4 8014//4
f 8010//4 8011//4 8015//4
f 8011//5 8016//5 8015//5
f 8011//5 8012//5 8016//5
f 8017//3 8022//3 8021//3
f 8017//3 8018//3 8022//3
f 8018//4 8023//4 8022//4
f 8018//4 8019//4 8023//4
f 8019//5 8024//5 8023//5
f 8019//5 8020//5 8024//5
f 8025//3 8030//3 8029//3
f 8025//3 8026//3 8030//3
f 8027//5 8032//5 8031//5
f 8027//5 8028//5 8032//5
f 8033//3 8038//3 8037//3
f 8033//3 8034//3 8038//3
f 8035//5 8040//5 8039//5
f 8035//5 8036//5 8040//5
f 8045//2 8046//2 8047//2
f 8045//2 8047//2 8048//2
f 8043//5 8048//5 8047//5
f 8043//5 8044//5 8048//5
f 8044//6 8045//6 8048//6
f 8044//6 8041//6 8045//6
f 8049//1 8051//1 8050//1
f 8049//1 8052//1 8051//1
f 8053//2 8054//2 8055//2
f 8053//2 8055//2 8056//2
f 8049//3 8054//3 8053//3
f 8049//3 8050//3 8054//3
f 8051//5 8056//5 8055//5
f 8051//5 8052//5 8056//5
f 8052//6 8053//6 8056//6
f 8052//6 8049//6 8053//6
f 8057//1 8059//1 8058//1
f 8057//1 8060//1 8059//1
f 8057//3 8062//3 8061//3
f 8057//3 8058//3 8062//3
f 8059//5 8064//5 8063//5
f 8059//5 8060//5 8064//5
f 8065//3 8070//3 8069//3
f 8065//3 8066//3 8070//3
f 8067//5 8072//5 8071//5
f 8067//5 8068//5 8072//5
f 8073//3 8078//3 8077//3
f 8073//3 8074//3 8078//3
f 8075//5 8080//5 8079//5
f 8075//5 8076//5 8080//5
f 8081//3 8086//3 8085//3
f 8081//3 8082//3 8086//3
f 8083//5 8088//5 8087//5
f 8083//5 8084//5 8088//5
f 8089//3 8094//3 8093//3
f 8089//3 8090//3 8094//3
f 8091//5 8096//5 8095//5
f 8091//5 8092//5 8096//5
f 8097//3 8102//3 8101//3
f 8097//3 8098//3 8102//3
f 8099//5 8104//5 8103//5
f 8099//5 8100//5 8104//5
f 8105//3 8110//3 8109//3
f 8105//3 8106//3 8110//3
f 8107//5 8112//5 8111//5
f 8107//5 8108//5 8112//5
f 8113//3 8118//3 8117//3
f 8113//3 8114//3 8118//3
f 8115//5 8120//5 8119//5
f 8115//5 8116//5 8120//5
f 8121//3 8126//3 8125//3
f 8121//3 8122//3 8126//3
f 8123//5 8128//5 8127//5
f 8123//5 8124//5 8128//5
f 8129//3 8134//3 8133//3
f 8129//3 8130//3 8134//3
f 8131//5 8136//5 8135//5
f 8131//5 8132//5 8136//5
f 8137//3 8142//3 8141//3
f 8137//3 8138//3 8142//3
f 8139//5 8144//5 8143//5
f 8139//5 8140//5 8144//5
f 8145//3 8150//3 8149//3
f 8145//3 8146//3 8150//3
f 8147//5 8152//5 8151//5
f 8147//5 8148//5 8152//5
f 8153//3 8158//3 8157//3
f 8153//3 8154//3 8158//3
f 8155//5 8160//5 8159//5
f 8155//5 8156//5 8160//5
f 8161//3 8166//3 8165//3
f 8161//3 8162//3 8166//3
f 8163//5 8168//5 8167//5
f 8163//5 8164//5 8168//5
f 8169//3 8174//3 8173//3
f 8169//3 8170//3 8174//3
f 8171//5 8176//5 8175//5
f 8171//5 8172//5 8176//5
f 8177//3 8182//3 8181//3
f 8177//3 8178//3 8182//3
f 8179//5 8184//5 8183//5
f 8179//5 8180//5 8184//5
f 8185//3 8190//3 8189//3
f 8185//3 8186//3 8190//3
f 8187//5 8192//5 8191//5
f 8187//5 8188//5 8192//5
f 8193//3 8198//3 8197//3
f 8193//3 8194//3 8198//3
f 8195//5 8200//5 8199//5
f 8195//5 8196//5 8200//5
f 8201//3 8206//3 8205//3
f 8201//3 8202//3 8206//3
f 8203//5 8208//5 8207//5
f 8203//5 8204//5 8208//5
f 8209//3 8214//3 8213//3
f 8209//3 8210//3 8214//3
f 8211//5 8216//5 8215//5
f 8211//5 8212//5 8216//5
f 8217//3 8222//3 8221//3
f 8217//3 8218//3 8222//3
f 8219//5 8224//5 8223//5
f 8219//5 8220//5 8224//5
f 8225//3 8230//3 8229//3
f 8225//3 8226//3 8230//3
f 8227//5 8232//5 8231//5
f 8227//5 8228//5 8232//5
f 8233//3 8238//3 8237//3
f 8233//3 8234//3 8238//3
f 8235//5 8240//5 8239//5
f 8235//5 8236//5 8240//5
f 8241//3 8246//3 8245//3
f 8241//3 8242//3 8246//3
f 8243//5 8248//5 8247//5
f 8243//5 8244//5 8248//5
f 8249//3 8254//3 8253//3
f 8249//3 8250//3 8254//3
f 8251//5 8256//5 8255//5
f 8251//5 8252//5 8256//5
f 8257//3 8262//3 8261//3
f 8257//3 8258//3 8262//3
f 8259//5 8264//5 8263//5
f 8259//5 8260//5 8264//5
f 8265//3 8270//3 8269//3
f 8265//3 8266//3 8270//3
f 8267//5 8272//5 8271//5
f 8267//5 8268//5 8272//5
f 8273//3 8278//3 8277//3
f 8273//3 8274//3 8278//3
f 8275//5 8280//5 8279//5
f 8275//5 8276//5 8280//5
f 8281//3 8286//3 8285//3
f 8281//3 8282//3 8286//3
f 8283//5 8288//5 8287//5
f 8283//5 8284//5 8288//5
f 8293//2 8294//2 8295//2
f 8293//2 8295//2 8296//2
f 8289//3 8294//3 8293//3
f 8289//3 8290//3 8294//3
f 8291//5 8296//5 8295//5
f 8291//5 8292//5 8296//5
f 8292//6 8293//6 8296//6
f 8292//6 8289//6 8293//6
f 8297//1 8299//1 8298//1
f 8297//1 8300//1 8299//1
f 8297//3 8302//3 8301//3
f 8297//3 8298//3 8302//3
f 8299//5 8304//5 8303//5
f 8299//5 8300//5 8304//5
f 8305//3 8310//3 8309//3
f 8305//3 8306//3 8310//3
f 8307//5 8312//5 8311//5
f 8307//5 8308//5 8312//5
f 8317//2 8318//2 8319//2
f 8317//2 8319//2 8320//2
f 8313//3 8318//3 8317//3
f 8313//3 8314//3 8318//3
f 8314//4 8319//4 8318//4
f 8314//4 8315//4 8319//4
f 8315//5 8320//5 8319//5
f 8315//5 8316//5 8320//5
f 8321//1 8323//1 8322//1
f 8321//1 8324//1 8323//1
f 8321//3 8326//3 8325//3
f 8321//3 8322//3 8326//3
f 8323//5 8328//5 8327//5
f 8323//5 8324//5 8328//5
f 8324//6 8325//6 8328//6
f 8324//6 8321//6 8325//6
f 8329//3 8334//3 8333//3
f 8329//3 8330//3 8334//3
f 8331//5 8336//5 8335//5
f 8331//5 8332//5 8336//5
f 8341//2 8342//2 8343//2
f 8341//2 8343//2 8344//2
f 8337//3 8342//3 8341//3
f 8337//3 8338//3 8342//3
f 8339//5 8344//5 8343//5
f 8339//5 8340//5 8344//5
f 8345//1 8347//1 8346//1
f 8345//1 8348//1 8347//1
f 8349//2 8350//2 8351//2
f 8349//2 8351//2 8352//2
f 8345//3 8350//3 8349//3
f 8345//3 8346//3 8350//3
f 8348//6 8349//6 8352//6
f 8348//6 8345//6 8349//6
f 8353//1 8355//1 8354//1
f 8353//1 8356//1 8355//1
f 8357//2 8358//2 8359//2
f 8357//2 8359//2 8360//2
f 8355//5 8360//5 8359//5
f 8355//5 8356//5 8360//5
f 8356//6 8357//6 8360//6
f 8356//6 8353//6 8357//6
f 8361//1 8363//1 8362//1
f 8361//1 8364//1 8363//1
f 8365//2 8366//2 8367//2
f 8365//2 8367//2 8368//2
f 8361//3 8366//3 8365//3
f 8361//3 8362//3 8366//3
f 8362//4 8367//4 8366//4
f 8362//4 8363//4 8367//4
f 8363//5 8368//5 8367//5
f 8363//5 8364//5 8368//5
f 8369//1 8371//1 8370//1
f 8369//1 8372//1 8371//1
f 8373//2 8374//2 8375//2
f 8373//2 8375//2 8376//2
f 8369//3 8374//3 8373//3
f 8369//3 8370//3 8374//3
f 8372//6 8373//6 8376//6
f 8372//6 8369//6 8373//6
f 8377//1 8379//1 8378//1
f 8377//1 8380//1 8379//1
f 8381//2 8382//2 8383//2
f 8381//2 8383//2 8384//2
f 8380//6 8381//6 8384//6
f 8380//6 8377//6 8381//6
f 8385//1 8387//1 8386//1
f 8385//1 8388//1 8387//1
f 8389//2 8390//2 8391//2
f 8389//2 8391//2 8392//2
f 8388//6 8389//6 8392//6
f 8388//6 8385//6 8389//6
f 8393//1 8395//1 8394//1
f 8393//1 8396//1 8395//1
f 8397//2 8398//2 8399//2
f 8397//2 8399//2 8400//2
f 8401//1 8403//1 8402//1
f 8401//1 8404//1 8403//1
f 8405//2 8406//2 8407//2
f 8405//2 8407//2 8408//2
f 8409//1 8411//1 8410//1
f 8409//1 8412//1 8411//1
f 8413//2 8414//2 8415//2
f 8413//2 8415//2 8416//2
f 8417//1 8419//1 8418//1
f 8417//1 8420//1 8419//1
f 8421//2 8422//2 8423//2
f 8421//2 8423//2 8424//2
f 8418//4 8423//4 8422//4
f 8418//4 8419//4 8423//4
f 8425//1 8427//1 8426//1
f 8425//1 8428//1 8427//1
f 8429//2 8430//2 8431//2
f 8429//2 8431//2 8432//2
f 8426//4 8431//4 8430//4
f 8426//4 8427//4 8431//4
f 8427//5 8432//5 8431//5
f 8427//5 8428//5 8432//5
f 8433//1 8435//1 8434//1
f 8433//1 8436//1 8435//1
f 8437//2 8438//2 8439//2
f 8437//2 8439//2 8440//2
f 8433//3 8438//3 8437//3
f 8433//3 8434//3 8438//3
f 8441//1 8443//1 8442//1
f 8441//1 8444//1 8443//1
f 8445//2 8446//2 8447//2
f 8445//2 8447//2 8448//2
f 8449//1 8451//1 8450//1
f 8449//1 8452//1 8451//1
f 8453//2 8454//2 8455//2
f 8453//2 8455//2 8456//2
f 8450//4 8455//4 8454//4
f 8450//4 8451//4 8455//4
f 8451//5 8456//5 8455//5
f 8451//5 8452//5 8456//5
f 8457//1 8459//1 8458//1
f 8457//1 8460//1 8459//1
f 8461//2 8462//2 8463//2
f 8461//2 8463//2 8464//2
f 8457//3 8462//3 8461//3
f 8457//3 8458//3 8462//3
f 8465//1 8467//1 8466//1
f 8465//1 8468//1 8467//1
f 8465//3 8470//3 8469//3
f 8465//3 8466//3 8470//3
f 8466//4 8471//4 8470//4
f 8466//4 8467//4 8471//4
f 8467//5 8472//5 8471//5
f 8467//5 8468//5 8472//5
f 8473//3 8478//3 8477//3
f 8473//3 8474//3 8478//3
f 8474//4 8479//4 8478//4
f 8474//4 8475//4 8479//4
f 8475//5 8480//5 8479//5
f 8475//5 8476//5 8480//5
f 8481//3 8486//3 8485//3
f 8481//3 8482//3 8486//3
f 8482//4 8487//4 8486//4
f 8482//4 8483//4 8487//4
f 8483//5 8488//5 8487//5
f 8483//5 8484//5 8488//5
f 8489//3 8494//3 8493//3
f 8489//3 8490//3 8494//3
f 8491//5 8496//5 8495//5
f 8491//5 8492//5 8496//5
f 8501//2 8502//2 8503//2
f 8501//2 8503//2 8504//2
f 8499//5 8504//5 8503//5
f 8499//5 8500//5 8504//5
f 8505//1 8507//1 8506//1
f 8505//1 8508//1 8507//1
f 8509//2 8510//2 8511//2
f 8509//2 8511//2 8512//2
f 8505//3 8510//3 8509//3
f 8505//3 8506//3 8510//3
f 8506//4 8511//4 8510//4
f 8506//4 8507//4 8511//4
f 8507//5 8512//5 8511//5
f 8507//5 8508//5 8512//5
f 8513//1 8515//1 8514//1
f 8513//1 8516//1 8515//1
f 8513//3 8518//3 8517//3
f 8513//3 8514//3 8518//3
f 8515//5 8520//5 8519//5
f 8515//5 8516//5 8520//5
f 8521//3 8526//3 8525//3
f 8521//3 8522//3 8526//3
f 8523//5 8528//5 8527//5
f 8523//5 8524//5 8528//5
f 8533//2 8534//2 8535//2
f 8533//2 8535//2 8536//2
f 8529//3 8534//3 8533//3
f 8529//3 8530//3 8534//3
f 8531//5 8536//5 8535//5
f 8531//5 8532//5 8536//5
f 8537//1 8539//1 8538//1
f 8537//1 8540//1 8539//1
f 8537//3 8542//3 8541//3
f 8537//3 8538//3 8542//3
f 8539//5 8544//5 8543//5
f 8539//5 8540//5 8544//5
f 8540//6 8541//6 8544//6
f 8540//6 8537//6 8541//6
f 8545//3 8550//3 8549//3
f 8545//3 8546//3 8550//3
f 8547//5 8552//5 8551//5
f 8547//5 8548//5 8552//5
f 8548//6 8549//6 8552//6
f 8548//6 8545//6 8549//6
f 8553//3 8558//3 8557//3
f 8553//3 8554//3 8558//3
f 8555//5 8560//5 8559//5
f 8555//5 8556//5 8560//5
f 8556//6 8557//6 8560//6
f 8556//6 8553//6 8557//6
f 8561//3 8566//3 8565//3
f 8561//3 8562//3 8566//3
f 8563//5 8568//5 8567//5
f 8563//5 8564//5 8568//5
f 8564//6 8565//6 8568//6
f 8564//6 8561//6 8565//6
f 8569//3 8574//3 8573//3
f 8569//3 8570//3 8574//3
f 8571//5 8576//5 8575//5
f 8571//5 8572//5 8576//5
f 8572//6 8573//6 8576//6
f 8572//6 8569//6 8573//6
f 8577//3 8582//3 8581//3
f 8577//3 8578//3 8582//3
f 8579//5 8584//5 8583//5
f 8579//5 8580//5 8584//5
f 8580//6 8581//6 8584//6
f 8580//6 8577//6 8581//6
f 8585//3 8590//3 8589//3
f 8585//3 8586//3 8590//3
f 8587//5 8592//5 8591//5
f 8587//5 8588//5 8592//5
f 8588//6 8589//6 8592//6
f 8588//6 8585//6 8589//6
f 8593//3 8598//3 8597//3
f 8593//3 8594//3 8598//3
f 8595//5 8600//5 8599//5
f 8595//5 8596//5 8600//5
f 8596//6 8597//6 8600//6
f 8596//6 8593//6 8597//6
f 8601//3 8606//3 8605//3
f 8601//3 8602//3 8606//3
f 8603//5 8608//5 8607//5
f 8603//5 8604//5 8608//5
f 8604//6 8605//6 8608//6
f 8604//6 8601//6 8605//6
f 8609//3 8614//3 8613//3
f 8609//3 8610//3 8614//3
f 8611//5 8616//5 8615//5
f 8611//5 8612//5 8616//5
f 8612//6 8613//6 8616//6
f 8612//6 8609//6 8613//6
f 8617//3 8622//3 8621//3
f 8617//3 8618//3 8622//3
f 8619//5 8624//5 8623//5
f 8619//5 8620//5 8624//5
f 8620//6 8621//6 8624//6
f 8620//6 8617//6 8621//6
f 8625//3 8630//3 8629//3
f 8625//3 8626//3 8630//3
f 8627//5 8632//5 8631//5
f 8627//5 8628//5 8632//5
f 8628//6 8629//6 8632//6
f 8628//6 8625//6 8629//6
f 8633//3 8638//3 8637//3
f 8633//3 8634//3 8638//3
f 8635//5 8640//5 8639//5
f 8635//5 8636//5 8640//5
f 8636//6 8637//6 8640//6
f 8636//6 8633//6 8637//6
f 8641//3 8646//3 8645//3
f 8641//3 8642//3 8646//3
f 8643//5 8648//5 8647//5
f 8643//5 8644//5 8648//5
f 8644//6 8645//6 8648//6
f 8644//6 8641//6 8645//6
f 8649//3 8654//3 8653//3
f 8649//3 8650//3 8654//3
f 8651//5 8656//5 8655//5
f 8651//5 8652//5 8656//5
f 8652//6 8653//6 8656//6
f 8652//6 8649//6 8653//6
f 8657//3 8662//3 8661//3
f 8657//3 8658//3 8662//3
f 8659//5 8664//5 8663//5
f 8659//5 8660//5 8664//5
f 8660//6 8661//6 8664//6
f 8660//6 8657//6 8661//6
f 8665//3 8670//3 8669//3
f 8665//3 8666//3 8670//3
f 8667//5 8672//5 8671//5
f 8667//5 8668//5 8672//5
f 8668//6 8669//6 8672//6
f 8668//6 8665//6 8669//6
f 8673//3 8678//3 8677//3
f 8673//3 8674//3 8678//3
f 8675//5 8680//5 8679//5
f 8675//5 8676//5 8680//5
f 8676//6 8677//6 8680//6
f 8676//6 8673//6 8677//6
f 8681//3 8686//3 8685//3
f 8681//3 8682//3 8686//3
f 8683//5 8688//5 8687//5
f 8683//5 8684//5 8688//5
f 8684//6 8685//6 8688//6
f 8684//6 8681//6 8685//6
f 8689//3 8694//3 8693//3
f 8689//3 8690//3 8694//3
f 8691//5 8696//5 8695//5
f 8691//5 8692//5 8696//5
f 8692//6 8693//6 8696//6
f 8692//6 8689//6 8693//6
f 8697//3 8702//3 8701//3
f 8697//3 8698//3 8702//3
f 8699//5 8704//5 8703//5
f 8699//5 8700//5 8704//5
f 8705//3 8710//3 8709//3
f 8705//3 8706//3 8710//3
f 8707//5 8712//5 8711//5
f 8707//5 8708//5 8712//5
f 8708//6 8709//6 8712//6
f 8708//6 8705//6 8709//6
f 8713//3 8718//3 8717//3
f 8713//3 8714//3 8718//3
f 8715//5 8720//5 8719//5
f 8715//5 8716//5 8720//5
f 8716//6 8717//6 8720//6
f 8716//6 8713//6 8717//6
f 8721//3 8726//3 8725//3
f 8721//3 8722//3 8726//3
f 8723//5 8728//5 8727//5
f 8723//5 8724//5 8728//5
f 8724//6 8725//6 8728//6
f 8724//6 8721//6 8725//6
f 8729//3 8734//3 8733//3
f 8729//3 8730//3 8734//3
f 8731//5 8736//5 8735//5
f 8731//5 8732//5 8736//5
f 8732//6 8733//6 8736//6
f 8732//6 8729//6 8733//6
f 8741//2 8742//2 8743//2
f 8741//2 8743//2 8744//2
f 8737//3 8742//3 8741//3
f 8737//3 8738//3 8742//3
f 8739//5 8744//5 8743//5
f 8739//5 8740//5 8744//5
f 8740//6 8741//6 8744//6
f 8740//6 8737//6 8741//6
f 8745//1 8747//1 8746//1
f 8745//1 8748//1 8747//1
f 8745//3 8750//3 8749//3
f 8745//3 8746//3 8750//3
f 8747//5 8752//5 8751//5
f 8747//5 8748//5 8752//5
f 8753//3 8758//3 8757//3
f 8753//3 8754//3 8758//3
f 8755//5 8760//5 8759//5
f 8755//5 8756//5 8760//5
f 8761//3 8766//3 8765//3
f 8761//3 8762//3 8766//3
f 8763//5 8768//5 8767//5
f 8763//5 8764//5 8768//5
f 8769//3 8774//3 8773//3
f 8769//3 8770//3 8774//3
f 8770//4 8775//4 8774//4
f 8770//4 8771//4 8775//4
f 8771//5 8776//5 8775//5
f 8771//5 8772//5 8776//5
f 8777//3 8782//3 8781//3
f 8777//3 8778//3 8782//3
f 8779//5 8784//5 8783//5
f 8779//5 8780//5 8784//5
f 8785//3 8790//3 8789//3
f 8785//3 8786//3 8790//3
f 8787//5 8792//5 8791//5
f 8787//5 8788//5 8792//5
f 8793//3 8798//3 8797//3
f 8793//3 8794//3 8798//3
f 8795//5 8800//5 8799//5
f 8795//5 8796//5 8800//5
f 8801//3 8806//3 8805//3
f 8801//3 8802//3 8806//3
f 8803//5 8808//5 8807//5
f 8803//5 8804//5 8808//5
f 8809//3 8814//3 8813//3
f 8809//3 8810//3 8814//3
f 8811//5 8816//5 8815//5
f 8811//5 8812//5 8816//5
f 8817//3 8822//3 8821//3
f 8817//3 8818//3 8822//3
f 8818//4 8823//4 8822//4
f 8818//4 8819//4 8823//4
f 8819//5 8824//5 8823//5
f 8819//5 8820//5 8824//5
f 8825//3 8830//3 8829//3
f 8825//3 8826//3 8830//3
f 8827//5 8832//5 8831//5
f 8827//5 8828//5 8832//5
f 8833//3 8838//3 8837//3
f 8833//3 8834//3 8838//3
f 8835//5 8840//5 8839//5
f 8835//5 8836//5 8840//5
f 8841//3 8846//3 8845//3
f 8841//3 8842//3 8846//3
f 8843//5 8848//5 8847//5
f 8843//5 8844//5 8848//5
f 8849//3 8854//3 8853//3
f 8849//3 8850//3 8854//3
f 8851//5 8856//5 8855//5
f 8851//5 8852//5 8856//5
f 8857//3 8862//3 8861//3
f 8857//3 8858//3 8862//3
f 8859//5 8864//5 8863//5
f 8859//5 8860//5 8864//5
f 8865//3 8870//3 8869//3
f 8865//3 8866//3 8870//3
f 8867//5 8872//5 8871//5
f 8867//5 8868//5 8872//5
f 8873//3 8878//3 8877//3
f 8873//3 8874//3 8878//3
f 8875//5 8880//5 8879//5
f 8875//5 8876//5 8880//5
f 8881//3 8886//3 8885//3
f 8881//3 8882//3 8886//3
f 8883//5 8888//5 8887//5
f 8883//5 8884//5 8888//5
f 8889//3 8894//3 8893//3
f 8889//3 8890//3 8894//3
f 8890//4 8895//4 8894//4
f 8890//4 8891//4 8895//4
f 8891//5 8896//5 8895//5
f 8891//5 8892//5 8896//5
f 8897//3 8902//3 8901//3
f 8897//3 8898//3 8902//3
f 8898//4 8903//4 8902//4
f 8898//4 8899//4 8903//4
f 8899//5 8904//5 8903//5
f 8899//5 8900//5 8904//5
f 8905//3 8910//3 8909//3
f 8905//3 8906//3 8910//3
f 8906//4 8911//4 8910//4
f 8906//4 8907//4 8911//4
f 8907//5 8912//5 8911//5
f 8907//5 8908//5 8912//5
f 8913//3 8918//3 8917//3
f 8913//3 8914//3 8918//3
f 8914//4 8919//4 8918//4
f 8914//4 8915//4 8919//4
f 8915//5 8920//5 8919//5
f 8915//5 8916//5 8920//5
f 8921//3 8926//3 8925//3
f 8921//3 8922//3 8926//3
f 8922//4 8927//4 8926//4
f 8922//4 8923//4 8927//4
f 8923//5 8928//5 8927//5
f 8923//5 8924//5 8928//5
f 8929//3 8934//3 8933//3
f 8929//3 8930//3 8934//3
f 8930//4 8935//4 8934//4
f 8930//4 8931//4 8935//4
f 8931//5 8936//5 8935//5
f 8931//5 8932//5 8936//5
f 8937//3 8942//3 8941//3
f 8937//3 8938//3 8942//3
f 8939//5 8944//5 8943//5
f 8939//5 8940//5 8944//5
f 8945//3 8950//3 8949//3
f 8945//3 8946//3 8950//3
f 8947//5 8952//5 8951//5
f 8947//5 8948//5 8952//5
f 8953//3 8958//3 8957//3
f 8953//3 8954//3 8958//3
f 8955//5 8960//5 8959//5
f 8955//5 8956//5 8960//5
f 8961//3 8966//3 8965//3
f 8961//3 8962//3 8966//3
f 8963//5 8968//5 8967//5
f 8963//5 8964//5 8968//5
f 8969//3 8974//3 8973//3
f 8969//3 8970//3 8974//3
f 8971//5 8976//5 8975//5
f 8971//5 8972//5 8976//5
f 8981//2 8982//2 8983//2
f 8981//2 8983//2 8984//2
f 8977//3 8982//3 8981//3
f 8977//3 8978//3 8982//3
f 8978//4 8983//4 8982//4
f 8978//4 8979//4 8983//4
f 8979//5 8984//5 8983//5
f 8979//5 8980//5 8984//5
f 8985//1 8987//1 8986//1
f 8985//1 8988//1 8987//1
f 8985//3 8990//3 8989//3
f 8985//3 8986//3 8990//3
f 8986//4 8991//4 8990//4
f 8986//4 8987//4 8991//4
f 8987//5 8992//5 8991//5
f 8987//5 8988//5 8992//5
f 8997//2 8998//2 8999//2
f 8997//2 8999//2 9000//2
f 8993//3 8998//3 8997//3
f 8993//3 8994//3 8998//3
f 8994//4 8999//4 8998//4
f 8994//4 8995//4 8999//4
f 8995//5 9000//5 8999//5
f 8995//5 8996//5 9000//5
f 9001//1 9003//1 9002//1
f 9001//1 9004//1 9003//1
f 9001//3 9006//3 9005//3
f 9001//3 9002//3 9006//3
f 9003//5 9008//5 9007//5
f 9003//5 9004//5 9008//5
f 9004//6 9005//6 9008//6
f 9004//6 9001//6 9005//6
f 9009//3 9014//3 9013//3
f 9009//3 9010//3 9014//3
f 9011//5 9016//5 9015//5
f 9011//5 9012//5 9016//5
f 9017//3 9022//3 9021//3
f 9017//3 9018//3 9022//3
f 9019//5 9024//5 9023//5
f 9019//5 9020//5 9024//5
f 9029//2 9030//2 9031//2
f 9029//2 9031//2 9032//2
f 9025//3 9030//3 9029//3
f 9025//3 9026//3 9030//3
f 9027//5 9032//5 9031//5
f 9027//5 9028//5 9032//5
f 9033//1 9035//1 9034//1
f 9033//1 9036//1 9035//1
f 9037//2 9038//2 9039//2
f 9037//2 9039//2 9040//2
f 9033//3 9038//3 9037//3
f 9033//3 9034//3 9038//3
f 9041//1 9043//1 9042//1
f 9041//1 9044//1 9043//1
f 9045//2 9046//2 9047//2
f 9045//2 9047//2 9048//2
f 9049//1 9051//1 9050//1
f 9049//1 9052//1 9051//1
f 9053//2 9054//2 9055//2
f 9053//2 9055//2 9056//2
f 9052//6 9053//6 9056//6
f 9052//6 9049//6 9053//6
f 9057//1 9059//1 9058//1
f 9057//1 9060//1 9059//1
f 9061//2 9062//2 9063//2
f 9061//2 9063//2 9064//2
f 9065//1 9067//1 9066//1
f 9065//1 9068//1 9067//1
f 9069//2 9070//2 9071//2
f 9069//2 9071//2 9072//2
f 9073//1 9075//1 9074//1
f 9073//1 9076//1 9075//1
f 9077//2 9078//2 9079//2
f 9077//2 9079//2 9080//2
f 9081//1 9083//1 9082//1
f 9081//1 9084//1 9083//1
f 9085//2 9086//2 9087//2
f 9085//2 9087//2 9088//2
f 9089//1 9091//1 9090//1
f 9089//1 9092//1 9091//1
f 9093//2 9094//2 9095//2
f 9093//2 9095//2 9096//2
f 9097//1 9099//1 9098//1
f 9097//1 9100//1 9099//1
f 9101//2 9102//2 9103//2
f 9101//2 9103//2 9104//2
f 9098//4 9103//4 9102//4
f 9098//4 9099//4 9103//4
f 9099//5 9104//5 9103//5
f 9099//5 9100//5 9104//5
f 9105//1 9107//1 9106//1
f 9105//1 9108//1 9107//1
f 9109//2 9110//2 9111//2
f 9109//2 9111//2 9112//2
f 9105//3 9110//3 9109//3
f 9105//3 9106//3 9110//3
f 9108//6 9109//6 9112//6
f 9108//6 9105//6 9109//6
f 9113//1 9115//1 9114//1
f 9113//1 9116//1 9115//1
f 9117//2 9118//2 9119//2
f 9117//2 9119//2 9120//2
f 9116//6 9117//6 9120//6
f 9116//6 9113//6 9117//6
f 9121//1 9123//1 9122//1
f 9121//1 9124//1 9123//1
f 9125//2 9126//2 9127//2
f 9125//2 9127//2 9128//2
f 9129//1 9131//1 9130//1
f 9129//1 9132//1 9131//1
f 9133//2 9134//2 9135//2
f 9133//2 9135//2 9136//2
f 9131//5 9136//5 9135//5
f 9131//5 9132//5 9136//5
f 9137//1 9139//1 9138//1
f 9137//1 9140//1 9139//1
f 9141//2 9142//2 9143//2
f 9141//2 9143//2 9144//2
f 9137//3 9142//3 9141//3
f 9137//3 9138//3 9142//3
f 9140//6 9141//6 9144//6
f 9140//6 9137//6 9141//6
f 9145//1 9147//1 9146//1
f 9145//1 9148//1 9147//1
f 9149//2 9150//2 9151//2
f 9149//2 9151//2 9152//2
f 9153//1 9155//1 9154//1
f 9153//1 9156//1 9155//1
f 9153//3 9158//3 9157//3
f 9153//3 9154//3 9158//3
f 9154//4 9159//4 9158//4
f 9154//4 9155//4 9159//4
f 9155//5 9160//5 9159//5
f 9155//5 9156//5 9160//5
f 9165//2 9166//2 9167//2
f 9165//2 9167//2 9168//2
f 9163//5 9168//5 9167//5
f 9163//5 9164//5 9168//5
f 9169//1 9171//1 9170//1
f 9169//1 9172//1 9171//1
f 9169//3 9174//3 9173//3
f 9169//3 9170//3 9174//3
f 9171//5 9176//5 9175//5
f 9171//5 9172//5 9176//5
f 9177//3 9182//3 9181//3
f 9177//3 9178//3 9182//3
f 9179//5 9184//5 9183//5
f 9179//5 9180//5 9184//5
f 9185//3 9190//3 9189//3
f 9185//3 9186//3 9190//3
f 9187//5 9192//5 9191//5
f 9187//5 9188//5 9192//5
f 9193//3 9198//3 9197//3
f 9193//3 9194//3 9198//3
f 9195//5 9200//5 9199//5
f 9195//5 9196//5 9200//5
f 9196//6 9197//6 9200//6
f 9196//6 9193//6 9197//6
f 9201//3 9206//3 9205//3
f 9201//3 9202//3 9206//3
f 9203//5 9208//5 9207//5
f 9203//5 9204//5 9208//5
f 9204//6 9205//6 9208//6
f 9204//6 9201//6 9205//6
f 9213//2 9214//2 9215//2
f 9213//2 9215//2 9216//2
f 9209//3 9214//3 9213//3
f 9209//3 9210//3 9214//3
f 9211//5 9216//5 9215//5
f 9211//5 9212//5 9216//5
f 9212//6 9213//6 9216//6
f 9212//6 9209//6 9213//6
f 9217//1 9219//1 9218//1
f 9217//1 9220//1 9219//1
f 9217//3 9222//3 9221//3
f 9217//3 9218//3 9222//3
f 9218//4 9223//4 9222//4
f 9218//4 9219//4 9223//4
f 9219//5 9224//5 9223//5
f 9219//5 9220//5 9224//5
f 9220//6 9221//6 9224//6
f 9220//6 9217//6 9221//6
f 9225//3 9230//3 9229//3
f 9225//3 9226//3 9230//3
f 9227//5 9232//5 9231//5
f 9227//5 9228//5 9232//5
f 9233//3 9238//3 9237//3
f 9233//3 9234//3 9238//3
f 9235//5 9240//5 9239//5
f 9235//5 9236//5 9240//5
f 9241//3 9246//3 9245//3
f 9241//3 9242//3 9246//3
f 9243//5 9248//5 9247//5
f 9243//5 9244//5 9248//5
f 9249//3 9254//3 9253//3
f 9249//3 9250//3 9254//3
f 9251//5 9256//5 9255//5
f 9251//5 9252//5 9256//5
f 9257//3 9262//3 9261//3
f 9257//3 9258//3 9262//3
f 9259//5 9264//5 9263//5
f 9259//5 9260//5 9264//5
f 9265//3 9270//3 9269//3
f 9265//3 9266//3 9270//3
f 9267//5 9272//5 9271//5
f 9267//5 9268//5 9272//5
f 9273//3 9278//3 9277//3
f 9273//3 9274//3 9278//3
f 9275//5 9280//5 9279//5
f 9275//5 9276//5 9280//5
f 9281//3 9286//3 9285//3
f 9281//3 9282//3 9286//3
f 9282//4 9287//4 9286//4
f 9282//4 9283//4 9287//4
f 9283//5 9288//5 9287//5
f 9283//5 9284//5 9288//5
f 9289//3 9294//3 9293//3
f 9289//3 9290//3 9294//3
f 9290//4 9295//4 9294//4
f 9290//4 9291//4 9295//4
f 9291//5 9296//5 9295//5
f 9291//5 9292//5 9296//5
f 9297//3 9302//3 9301//3
f 9297//3 9298//3 9302//3
f 9298//4 9303//4 9302//4
f 9298//4 9299//4 9303//4
f 9299//5 9304//5 9303//5
f 9299//5 9300//5 9304//5
f 9305//3 9310//3 9309//3
f 9305//3 9306//3 9310//3
f 9306//4 9311//4 9310//4
f 9306//4 9307//4 9311//4
f 9307//5 9312//5 9311//5
f 9307//5 9308//5 9312//5
f 9313//3 9318//3 9317//3
f 9313//3 9314//3 9318//3
f 9314//4 9319//4 9318//4
f 9314//4 9315//4 9319//4
f 9315//5 9320//5 9319//5
f 9315//5 9316//5 9320//5
f 9321//3 9326//3 9325//3
f 9321//3 9322//3 9326//3
f 9322//4 9327//4 9326//4
f 9322//4 9323//4 9327//4
f 9323//5 9328//5 9327//5
f 9323//5 9324//5 9328//5
f 9329//3 9334//3 9333//3
f 9329//3 9330//3 9334//3
f 9330//4 9335//4 9334//4
f 9330//4 9331//4 9335//4
f 9331//5 9336//5 9335//5
f 9331//5 9332//5 9336//5
f 9337//3 9342//3 9341//3
f 9337//3 9338//3 9342//3
f 9338//4 9343//4 9342//4
f 9338//4 9339//4 9343//4
f 9339//5 9344//5 9343//5
f 9339//5 9340//5 9344//5
f 9345//3 9350//3 9349//3
f 9345//3 9346//3 9350//3
f 9347//5 9352//5 9351//5
f 9347//5 9348//5 9352//5
f 9353//3 9358//3 9357//3
f 9353//3 9354//3 9358//3
f 9355//5 9360//5 9359//5
f 9355//5 9356//5 9360//5
f 9361//3 9366//3 9365//3
f 9361//3 9362//3 9366//3
f 9363//5 9368//5 9367//5
f 9363//5 9364//5 9368//5
f 9369//3 9374//3 9373//3
f 9369//3 9370//3 9374//3
f 9371//5 9376//5 9375//5
f 9371//5 9372//5 9376//5
f 9377//3 9382//3 9381//3
f 9377//3 9378//3 9382//3
f 9379//5 9384//5 9383//5
f 9379//5 9380//5 9384//5
f 9385//3 9390//3 9389//3
f 9385//3 9386//3 9390//3
f 9387//5 9392//5 9391//5
f 9387//5 9388//5 9392//5
f 9393//3 9398//3 9397//3
f 9393//3 9394//3 9398//3
f 9395//5 9400//5 9399//5
f 9395//5 9396//5 9400//5
f 9401//3 9406//3 9405//3
f 9401//3 9402//3 9406//3
f 9403//5 9408//5 9407//5
f 9403//5 9404//5 9408//5
f 9409//3 9414//3 9413//3
f 9409//3 9410//3 9414//3
f 9411//5 9416//5 9415//5
f 9411//5 9412//5 9416//5
f 9417//3 9422//3 9421//3
f 9417//3 9418//3 9422//3
f 9419//5 9424//5 9423//5
f 9419//5 9420//5 9424//5
f 9429//2 9430//2 9431//2
f 9429//2 9431//2 9432//2
f 9425//3 9430//3 9429//3
f 9425//3 9426//3 9430//3
f 9427//5 9432//5 9431//5
f 9427//5 9428//5 9432//5
f 9433//1 9435//1 9434//1
f 9433//1 9436//1 9435//1
f 9433//3 9438//3 9437//3
f 9433//3 9434//3 9438//3
f 9434//4 9439//4 9438//4
f 9434//4 9435//4 9439//4
f 9435//5 9440//5 9439//5
f 9435//5 9436//5 9440//5
f 9441//3 9446//3 9445//3
f 9441//3 9442//3 9446//3
f 9442//4 9447//4 9446//4
f 9442//4 9443//4 9447//4
f 9443//5 9448//5 9447//5
f 9443//5 9444//5 9448//5
f 9453//2 9454//2 9455//2
f 9453//2 9455//2 9456//2
f 9449//3 9454//3 9453//3
f 9449//3 9450//3 9454//3
f 9450//4 9455//4 9454//4
f 9450//4 9451//4 9455//4
f 9451//5 9456//5 9455//5
f 9451//5 9452//5 9456//5
f 9457//1 9459//1 9458//1
f 9457//1 9460//1 9459//1
f 9457//3 9462//3 9461//3
f 9457//3 9458//3 9462//3
f 9458//4 9463//4 9462//4
f 9458//4 9459//4 9463//4
f 9459//5 9464//5 9463//5
f 9459//5 9460//5 9464//5
f 9465//3 9470//3 9469//3
f 9465//3 9466//3 9470//3
f 9466//4 9471//4 9470//4
f 9466//4 9467//4 9471//4
f 9467//5 9472//5 9471//5
f 9467//5 9468//5 9472//5
f 9473//3 9478//3 9477//3
f 9473//3 9474//3 9478//3
f 9474//4 9479//4 9478//4
f 9474//4 9475//4 9479//4
f 9475//5 9480//5 9479//5
f 9475//5 9476//5 9480//5
f 9481//3 9486//3 9485//3
f 9481//3 9482//3 9486//3
f 9482//4 9487//4 9486//4
f 9482//4 9483//4 9487//4
f 9483//5 9488//5 9487//5
f 9483//5 9484//5 9488//5
f 9493//2 9494//2 9495//2
f 9493//2 9495//2 9496//2
f 9489//3 9494//3 9493//3
f 9489//3 9490//3 9494//3
f 9490//4 9495//4 9494//4
f 9490//4 9491//4 9495//4
f 9491//5 9496//5 9495//5
f 9491//5 9492//5 9496//5
f 9497//1 9499//1 9498//1
f 9497//1 9500//1 9499//1
f 9497//3 9502//3 9501//3
f 9497//3 9498//3 9502//3
f 9498//4 9503//4 9502//4
f 9498//4 9499//4 9503//4
f 9499//5 9504//5 9503//5
f 9499//5 9500//5 9504//5
f 9505//3 9510//3 9509//3
f 9505//3 9506//3 9510//3
f 9506//4 9511//4 9510//4
f 9506//4 9507//4 9511//4
f 9507//5 9512//5 9511//5
f 9507//5 9508//5 9512//5
f 9513//3 9518//3 9517//3
f 9513//3 9514//3 9518//3
f 9514//4 9519//4 9518//4
f 9514//4 9515//4 9519//4
f 9515//5 9520//5 9519//5
f 9515//5 9516//5 9520//5
f 9521//3 9526//3 9525//3
f 9521//3 9522//3 9526//3
f 9522//4 9527//4 9526//4
f 9522//4 9523//4 9527//4
f 9523//5 9528//5 9527//5
f 9523//5 9524//5 9528//5
f 9529//3 9534//3 9533//3
f 9529//3 9530//3 9534//3
f 9530//4 9535//4 9534//4
f 9530//4 9531//4 9535//4
f 9531//5 9536//5 9535//5
f 9531//5 9532//5 9536//5
f 9537//3 9542//3 9541//3
f 9537//3 9538//3 9542//3
f 9538//4 9543//4 9542//4
f 9538//4 9539//4 9543//4
f 9539//5 9544//5 9543//5
f 9539//5 9540//5 9544//5
f 9545//3 9550//3 9549//3
f 9545//3 9546//3 9550//3
f 9546//4 9551//4 9550//4
f 9546//4 9547//4 9551//4
f 9547//5 9552//5 9551//5
f 9547//5 9548//5 9552//5
f 9557//2 9558//2 9559//2
f 9557//2 9559//2 9560//2
f 9553//3 9558//3 9557//3
f 9553//3 9554//3 9558//3
f 9554//4 9559//4 9558//4
f 9554//4 9555//4 9559//4
f 9555//5 9560//5 9559//5
f 9555//5 9556//5 9560//5
f 9561//1 9563//1 9562//1
f 9561//1 9564//1 9563//1
f 9561//3 9566//3 9565//3
f 9561//3 9562//3 9566//3
f 9562//4 9567//4 9566//4
f 9562//4 9563//4 9567//4
f 9563//5 9568//5 9567//5
f 9563//5 9564//5 9568//5
f 9569//3 9574//3 9573//3
f 9569//3 9570//3 9574//3
f 9570//4 9575//4 9574//4
f 9570//4 9571//4 9575//4
f 9571//5 9576//5 9575//5
f 9571//5 9572//5 9576//5
f 9577//3 9582//3 9581//3
f 9577//3 9578//3 9582//3
f 9578//4 9583//4 9582//4
f 9578//4 9579//4 9583//4
f 9579//5 9584//5 9583//5
f 9579//5 9580//5 9584//5
f 9585//3 9590//3 9589//3
f 9585//3 9586//3 9590//3
f 9586//4 9591//4 9590//4
f 9586//4 9587//4 9591//4
f 9587//5 9592//5 9591//5
f 9587//5 9588//5 9592//5
f 9597//2 9598//2 9599//2
f 9597//2 9599//2 9600//2
f 9593//3 9598//3 9597//3
f 9593//3 9594//3 9598//3
f 9594//4 9599//4 9598//4
f 9594//4 9595//4 9599//4
f 9595//5 9600//5 9599//5
f 9595//5 9596//5 9600//5
f 9601//1 9603//1 9602//1
f 9601//1 9604//1 9603//1
f 9605//2 9606//2 9607//2
f 9605//2 9607//2 9608//2
f 9601//3 9606//3 9605//3
f 9601//3 9602//3 9606//3
f 9603//5 9608//5 9607//5
f 9603//5 9604//5 9608//5
f 9604//6 9605//6 9608//6
f 9604//6 9601//6 9605//6
f 9609//1 9611//1 9610//1
f 9609//1 9612//1 9611//1
f 9613//2 9614//2 9615//2
f 9613//2 9615//2 9616//2
f 9609//3 9614//3 9613//3
f 9609//3 9610//3 9614//3
f 9611//5 9616//5 9615//5
f 9611//5 9612//5 9616//5
f 9612//6 9613//6 9616//6
f 9612//6 9609//6 9613//6
f 9617//1 9619//1 9618//1
f 9617//1 9620//1 9619//1
f 9617//3 9622//3 9621//3
f 9617//3 9618//3 9622//3
f 9619//5 9624//5 9623//5
f 9619//5 9620//5 9624//5
f 9620//6 9621//6 9624//6
f 9620//6 9617//6 9621//6
f 9625//3 9630//3 9629//3
f 9625//3 9626//3 9630//3
f 9627//5 9632//5 9631//5
f 9627//5 9628//5 9632//5
f 9633//3 9638//3 9637//3
f 9633//3 9634//3 9638//3
f 9635//5 9640//5 9639//5
f 9635//5 9636//5 9640//5
f 9641//3 9646//3 9645//3
f 9641//3 9642//3 9646//3
f 9643//5 9648//5 9647//5
f 9643//5 9644//5 9648//5
f 9653//2 9654//2 9655//2
f 9653//2 9655//2 9656//2
f 9649//3 9654//3 9653//3
f 9649//3 9650//3 9654//3
f 9650//4 9655//4 9654//4
f 9650//4 9651//4 9655//4
f 9651//5 9656//5 9655//5
f 9651//5 9652//5 9656//5
f 9657//1 9659//1 9658//1
f 9657//1 9660//1 9659//1
f 9661//2 9662//2 9663//2
f 9661//2 9663//2 9664//2
f 9657//3 9662//3 9661//3
f 9657//3 9658//3 9662//3
f 9658//4 9663//4 9662//4
f 9658//4 9659//4 9663//4
f 9665//1 9667//1 9666//1
f 9665//1 9668//1 9667//1
f 9669//2 9670//2 9671//2
f 9669//2 9671//2 9672//2
f 9666//4 9671//4 9670//4
f 9666//4 9667//4 9671//4
f 9673//1 9675//1 9674//1
f 9673//1 9676//1 9675//1
f 9677//2 9678//2 9679//2
f 9677//2 9679//2 9680//2
f 9674//4 9679//4 9678//4
f 9674//4 9675//4 9679//4
f 9681//1 9683//1 9682//1
f 9681//1 9684//1 9683//1
f 9685//2 9686//2 9687//2
f 9685//2 9687//2 9688//2
f 9689//1 9691//1 9690//1
f 9689//1 9692//1 9691//1
f 9693//2 9694//2 9695//2
f 9693//2 9695//2 9696//2
f 9697//1 9699//1 9698//1
f 9697//1 9700//1 9699//1
f 9701//2 9702//2 9703//2
f 9701//2 9703//2 9704//2
f 9705//1 9707//1 9706//1
f 9705//1 9708//1 9707//1
f 9709//2 9710//2 9711//2
f 9709//2 9711//2 9712//2
f 9713//1 9715//1 9714//1
f 9713//1 9716//1 9715//1
f 9717//2 9718//2 9719//2
f 9717//2 9719//2 9720//2
f 9714//4 9719//4 9718//4
f 9714//4 9715//4 9719//4
f 9715//5 9720//5 9719//5
f 9715//5 9716//5 9720//5
f 9721//1 9723//1 9722//1
f 9721//1 9724//1 9723//1
f 9725//2 9726//2 9727//2
f 9725//2 9727//2 9728//2
f 9721//3 9726//3 9725//3
f 9721//3 9722//3 9726//3
f 9724//6 9725//6 9728//6
f 9724//6 9721//6 9725//6
f 9729//1 9731//1 9730//1
f 9729//1 9732//1 9731//1
f 9733//2 9734//2 9735//2
f 9733//2 9735//2 9736//2
f 9737//1 9739//1 9738//1
f 9737//1 9740//1 9739//1
f 9741//2 9742//2 9743//2
f 9741//2 9743//2 9744//2
f 9745//1 9747//1 9746//1
f 9745//1 9748//1 9747//1
f 9749//2 9750//2 9751//2
f 9749//2 9751//2 9752//2
f 9753//1 9755//1 9754//1
f 9753//1 9756//1 9755//1
f 9757//2 9758//2 9759//2
f 9757//2 9759//2 9760//2
f 9755//5 9760//5 9759//5
f 9755//5 9756//5 9760//5
f 9761//1 9763//1 9762//1
f 9761//1 9764//1 9763//1
f 9765//2 9766//2 9767//2
f 9765//2 9767//2 9768//2
f 9761//3 9766//3 9765//3
f 9761//3 9762//3 9766//3
f 9769//1 9771//1 9770//1
f 9769//1 9772//1 9771//1
f 9773//2 9774//2 9775//2
f 9773//2 9775//2 9776//2
f 9777//1 9779//1 9778//1
f 9777//1 9780//1 9779//1
f 9781//2 9782//2 9783//2
f 9781//2 9783//2 9784//2
f 9779//5 9784//5 9783//5
f 9779//5 9780//5 9784//5
f 9785//1 9787//1 9786//1
f 9785//1 9788//1 9787//1
f 9785//3 9790//3 9789//3
f 9785//3 9786//3 9790//3
f 9787//5 9792//5 9791//5
f 9787//5 9788//5 9792//5
f 9793//3 9798//3 9797//3
f 9793//3 9794//3 9798//3
f 9795//5 9800//5 9799//5
f 9795//5 9796//5 9800//5
f 9801//3 9806//3 9805//3
f 9801//3 9802//3 9806//3
f 9803//5 9808//5 9807//5
f 9803//5 9804//5 9808//5
f 9809//3 9814//3 9813//3
f 9809//3 9810//3 9814//3
f 9811//5 9816//5 9815//5
f 9811//5 9812//5 9816//5
f 9817//3 9822//3 9821//3
f 9817//3 9818//3 9822//3
f 9819//5 9824//5 9823//5
f 9819//5 9820//5 9824//5
f 9825//3 9830//3 9829//3
f 9825//3 9826//3 9830//3
f 9827//5 9832//5 9831//5
f 9827//5 9828//5 9832//5
f 9837//2 9838//2 9839//2
f 9837//2 9839//2 9840//2
f 9833//3 9838//3 9837//3
f 9833//3 9834//3 9838//3
f 9835//5 9840//5 9839//5
f 9835//5 9836//5 9840//5
f 9836//6 9837//6 9840//6
f 9836//6 9833//6 9837//6
f 9841//1 9843//1 9842//1
f 9841//1 9844//1 9843//1
f 9841//3 9846//3 9845//3
f 9841//3 9842//3 9846//3
f 9843//5 9848//5 9847//5
f 9843//5 9844//5 9848//5
f 9849//3 9854//3 9853//3
f 9849//3 9850//3 9854//3
f 9851//5 9856//5 9855//5
f 9851//5 9852//5 9856//5
f 9857//3 9862//3 9861//3
f 9857//3 9858//3 9862//3
f 9859//5 9864//5 9863//5
f 9859//5 9860//5 9864//5
f 9865//3 9870//3 9869//3
f 9865//3 9866//3 9870//3
f 9867//5 9872//5 9871//5
f 9867//5 9868//5 9872//5
f 9873//3 9878//3 9877//3
f 9873//3 9874//3 9878//3
f 9875//5 9880//5 9879//5
f 9875//5 9876//5 9880//5
f 9881//3 9886//3 9885//3
f 9881//3 9882//3 9886//3
f 9883//5 9888//5 9887//5
f 9883//5 9884//5 9888//5
f 9893//2 9894//2 9895//2
f 9893//2 9895//2 9896//2
f 9889//3 9894//3 9893//3
f 9889//3 9890//3 9894//3
f 9890//4 9895//4 9894//4
f 9890//4 9891//4 9895//4
f 9891//5 9896//5 9895//5
f 9891//5 9892//5 9896//5
f 9897//1 9899//1 9898//1
f 9897//1 9900//1 9899//1
f 9897//3 9902//3 9901//3
f 9897//3 9898//3 9902//3
f 9899//5 9904//5 9903//5
f 9899//5 9900//5 9904//5
f 9905//3 9910//3 9909//3
f 9905//3 9906//3 9910//3
f 9907//5 9912//5 9911//5
f 9907//5 9908//5 9912//5
f 9913//3 9918//3 9917//3
f 9913//3 9914//3 9918//3
f 9915//5 9920//5 9919//5
f 9915//5 9916//5 9920//5
f 9921//3 9926//3 9925//3
f 9921//3 9922//3 9926//3
f 9923//5 9928//5 9927//5
f 9923//5 9924//5 9928//5
f 9929//3 9934//3 9933//3
f 9929//3 9930//3 9934//3
f 9931//5 9936//5 9935//5
f 9931//5 9932//5 9936//5
f 9937//3 9942//3 9941//3
f 9937//3 9938//3 9942//3
f 9939//5 9944//5 9943//5
f 9939//5 9940//5 9944//5
f 9945//3 9950//3 9949//3
f 9945//3 9946//3 9950//3
f 9947//5 9952//5 9951//5
f 9947//5 9948//5 9952//5
f 9953//3 9958//3 9957//3
f 9953//3 9954//3 9958//3
f 9955//5 9960//5 9959//5
f 9955//5 9956//5 9960//5
f 9961//3 9966//3 9965//3
f 9961//3 9962//3 9966//3
f 9963//5 9968//5 9967//5
f 9963//5 9964//5 9968//5
f 9969//3 9974//3 9973//3
f 9969//3 9970//3 9974//3
f 9971//5 9976//5 9975//5
f 9971//5 9972//5 9976//5
f 9981//2 9982//2 9983//2
f 9981//2 9983//2 9984//2
f 9977//3 9982//3 9981//3
f 9977//3 9978//3 9982//3
f 9979//5 9984//5 9983//5
f 9979//5 9980//5 9984//5
f 9985//1 9987//1 9986//1
f 9985//1 9988//1 9987//1
f 9985//3 9990//3 9989//3
f 9985//3 9986//3 9990//3
f 9986//4 9991//4 9990//4
f 9986//4 9987//4 9991//4
f 9987//5 9992//5 9991//5
f 9987//5 9988//5 9992//5
f 9988//6 9989//6 9992//6
f 9988//6 9985//6 9989//6
f 9993//3 9998//3 9997//3
f 9993//3 9994//3 9998//3
f 9995//5 10000//5 9999//5
f 9995//5 9996//5 10000//5
f 9996//6 9997//6 10000//6
f 9996//6 9993//6 9997//6
f 10001//3 10006//3 10005//3
f 10001//3 10002//3 10006//3
f 10002//4 10007//4 10006//4
f 10002//4 10003//4 10007//4
f 10003//5 10008//5 10007//5
f 10003//5 10004//5 10008//5
f 10004//6 10005//6 10008//6
f 10004//6 10001//6 10005//6
f 10009//3 10014//3 10013//3
f 10009//3 10010//3 10014//3
f 10010//4 10015//4 10014//4
f 10010//4 10011//4 10015//4
f 10011//5 10016//5 10015//5
f 10011//5 10012//5 10016//5
f 10012//6 10013//6 10016//6
f 10012//6 10009//6 10013//6
f 10017//3 10022//3 10021//3
f 10017//3 10018//3 10022//3
f 10019//5 10024//5 10023//5
f 10019//5 10020//5 10024//5
f 10020//6 10021//6 10024//6
f 10020//6 10017//6 10021//6
f 10025//3 10030//3 10029//3
f 10025//3 10026//3 10030//3
f 10026//4 10031//4 10030//4
f 10026//4 10027//4 10031//4
f 10027//5 10032//5 10031//5
f 10027//5 10028//5 10032//5
f 10028//6 10029//6 10032//6
f 10028//6 10025//6 10029//6
f 10033//3 10038//3 10037//3
f 10033//3 10034//3 10038//3
f 10034//4 10039//4 10038//4
f 10034//4 10035//4 10039//4
f 10035//5 10040//5 10039//5
f 10035//5 10036//5 10040//5
f 10036//6 10037//6 10040//6
f 10036//6 10033//6 10037//6
f 10045//2 10046//2 10047//2
f 10045//2 10047//2 10048//2
f 10041//3 10046//3 10045//3
f 10041//3 10042//3 10046//3
f 10042//4 10047//4 10046//4
f 10042//4 10043//4 10047//4
f 10043//5 10048//5 10047//5
f 10043//5 10044//5 10048//5
f 10044//6 10045//6 10048//6
f 10044//6 10041//6 10045//6
f 10049//1 10051//1 10050//1
f 10049//1 10052//1 10051//1
f 10053//2 10054//2 10055//2
f 10053//2 10055//2 10056//2
f 10049//3 10054//3 10053//3
f 10049//3 10050//3 10054//3
f 10051//5 10056//5 10055//5
f 10051//5 10052//5 10056//5
f 10052//6 10053//6 10056//6
f 10052//6 10049//6 10053//6
f 10057//1 10059//1 10058//1
f 10057//1 10060//1 10059//1
f 10061//2 10062//2 10063//2
f 10061//2 10063//2 10064//2
f 10057//3 10062//3 10061//3
f 10057//3 10058//3 10062//3
f 10059//5 10064//5 10063//5
f 10059//5 10060//5 10064//5
f 10060//6 10061//6 10064//6
f 10060//6 10057//6 10061//6
f 10065//1 10067//1 10066//1
f 10065//1 10068//1 10067//1
f 10065//3 10070//3 10069//3
f 10065//3 10066//3 10070//3
f 10067//5 10072//5 10071//5
f 10067//5 10068//5 10072//5
f 10068//6 10069//6 10072//6
f 10068//6 10065//6 10069//6
f 10073//3 10078//3 10077//3
f 10073//3 10074//3 10078//3
f 10075//5 10080//5 10079//5
f 10075//5 10076//5 10080//5
f 10076//6 10077//6 10080//6
f 10076//6 10073//6 10077//6
f 10081//3 10086//3 10085//3
f 10081//3 10082//3 10086//3
f 10083//5 10088//5 10087//5
f 10083//5 10084//5 10088//5
f 10089//3 10094//3 10093//3
f 10089//3 10090//3 10094//3
f 10091//5 10096//5 10095//5
f 10091//5 10092//5 10096//5
f 10092//6 10093//6 10096//6
f 10092//6 10089//6 10093//6
f 10097//3 10102//3 10101//3
f 10097//3 10098//3 10102//3
f 10099//5 10104//5 10103//5
f 10099//5 10100//5 10104//5
f 10100//6 10101//6 10104//6
f 10100//6 10097//6 10101//6
f 10105//3 10110//3 10109//3
f 10105//3 10106//3 10110//3
f 10107//5 10112//5 10111//5
f 10107//5 10108//5 10112//5
f 10108//6 10109//6 10112//6
f 10108//6 10105//6 10109//6
f 10113//3 10118//3 10117//3
f 10113//3 10114//3 10118//3
f 10115//5 10120//5 10119//5
f 10115//5 10116//5 10120//5
f 10116//6 10117//6 10120//6
f 10116//6 10113//6 10117//6
f 10125//2 10126//2 10127//2
f 10125//2 10127//2 10128//2
f 10121//3 10126//3 10125//3
f 10121//3 10122//3 10126//3
f 10123//5 10128//5 10127//5
f 10123//5 10124//5 10128//5
f 10124//6 10125//6 10128//6
f 10124//6 10121//6 10125//6
f 10129//1 10131//1 10130//1
f 10129//1 10132//1 10131//1
f 10133//2 10134//2 10135//2
f 10133//2 10135//2 10136//2
f 10129//3 10134//3 10133//3
f 10129//3 10130//3 10134//3
f 10131//5 10136//5 10135//5
f 10131//5 10132//5 10136//5
f 10132//6 10133//6 10136//6
f 10132//6 10129//6 10133//6
f 10137//1 10139//1 10138//1
f 10137//1 10140//1 10139//1
f 10141//2 10142//2 10143//2
f 10141//2 10143//2 10144//2
f 10137//3 10142//3 10141//3
f 10137//3 10138//3 10142//3
f 10138//4 10143//4 10142//4
f 10138//4 10139//4 10143//4
f 10139//5 10144//5 10143//5
f 10139//5 10140//5 10144//5
f 10145//1 10147//1 10146//1
f 10145//1 10148//1 10147//1
f 10145//3 10150//3 10149//3
f 10145//3 10146//3 10150//3
f 10146//4 10151//4 10150//4
f 10146//4 10147//4 10151//4
f 10147//5 10152//5 10151//5
f 10147//5 10148//5 10152//5
f 10148//6 10149//6 10152//6
f 10148//6 10145//6 10149//6
f 10153//3 10158//3 10157//3
f 10153//3 10154//3 10158//3
f 10155//5 10160//5 10159//5
f 10155//5 10156//5 10160//5
f 10161//3 10166//3 10165//3
f 10161//3 10162//3 10166//3
f 10162//4 10167//4 10166//4
f 10162//4 10163//4 10167//4
f 10163//5 10168//5 10167//5
f 10163//5 10164//5 10168//5
f 10169//3 10174//3 10173//3
f 10169//3 10170//3 10174//3
f 10170//4 10175//4 10174//4
f 10170//4 10171//4 10175//4
f 10171//5 10176//5 10175//5
f 10171//5 10172//5 10176//5
f 10181//2 10182//2 10183//2
f 10181//2 10183//2 10184//2
f 10177//3 10182//3 10181//3
f 10177//3 10178//3 10182//3
f 10178//4 10183//4 10182//4
f 10178//4 10179//4 10183//4
f 10179//5 10184//5 10183//5
f 10179//5 10180//5 10184//5
f 10185//1 10187//1 10186//1
f 10185//1 10188//1 10187//1
f 10189//2 10190//2 10191//2
f 10189//2 10191//2 10192//2
f 10185//3 10190//3 10189//3
f 10185//3 10186//3 10190//3
f 10188//6 10189//6 10192//6
f 10188//6 10185//6 10189//6
f 10193//1 10195//1 10194//1
f 10193//1 10196//1 10195//1
f 10197//2 10198//2 10199//2
f 10197//2 10199//2 10200//2
f 10196//6 10197//6 10200//6
f 10196//6 10193//6 10197//6
f 10201//1 10203//1 10202//1
f 10201//1 10204//1 10203//1
f 10205//2 10206//2 10207//2
f 10205//2 10207//2 10208//2
f 10203//5 10208//5 10207//5
f 10203//5 10204//5 10208//5
f 10204//6 10205//6 10208//6
f 10204//6 10201//6 10205//6
f 10209//1 10211//1 10210//1
f 10209//1 10212//1 10211//1
f 10213//2 10214//2 10215//2
f 10213//2 10215//2 10216//2
f 10209//3 10214//3 10213//3
f 10209//3 10210//3 10214//3
f 10210//4 10215//4 10214//4
f 10210//4 10211//4 10215//4
f 10217//1 10219//1 10218//1
f 10217//1 10220//1 10219//1
f 10221//2 10222//2 10223//2
f 10221//2 10223//2 10224//2
f 10218//4 10223//4 10222//4
f 10218//4 10219//4 10223//4
f 10225//1 10227//1 10226//1
f 10225//1 10228//1 10227//1
f 10229//2 10230//2 10231//2
f 10229//2 10231//2 10232//2
f 10226//4 10231//4 10230//4
f 10226//4 10227//4 10231//4
f 10233//1 10235//1 10234//1
f 10233//1 10236//1 10235//1
f 10237//2 10238//2 10239//2
f 10237//2 10239//2 10240//2
f 10234//4 10239//4 10238//4
f 10234//4 10235//4 10239//4
f 10235//5 10240//5 10239//5
f 10235//5 10236//5 10240//5
f 10241//1 10243//1 10242//1
f 10241//1 10244//1 10243//1
f 10245//2 10246//2 10247//2
f 10245//2 10247//2 10248//2
f 10241//3 10246//3 10245//3
f 10241//3 10242//3 10246//3
f 10244//6 10245//6 10248//6
f 10244//6 10241//6 10245//6
f 10249//1 10251//1 10250//1
f 10249//1 10252//1 10251//1
f 10253//2 10254//2 10255//2
f 10253//2 10255//2 10256//2
f 10257//1 10259//1 10258//1
f 10257//1 10260//1 10259//1
f 10261//2 10262//2 10263//2
f 10261//2 10263//2 10264//2
f 10265//1 10267//1 10266//1
f 10265//1 10268//1 10267//1
f 10269//2 10270//2 10271//2
f 10269//2 10271//2 10272//2
f 10273//1 10275//1 10274//1
f 10273//1 10276//1 10275//1
f 10277//2 10278//2 10279//2
f 10277//2 10279//2 10280//2
f 10281//1 10283//1 10282//1
f 10281//1 10284//1 10283//1
f 10285//2 10286//2 10287//2
f 10285//2 10287//2 10288//2
f 10282//4 10287//4 10286//4
f 10282//4 10283//4 10287//4
f 10283//5 10288//5 10287//5
f 10283//5 10284//5 10288//5
f 10289//1 10291//1 10290//1
f 10289//1 10292//1 10291//1
f 10293//2 10294//2 10295//2
f 10293//2 10295//2 10296//2
f 10289//3 10294//3 10293//3
f 10289//3 10290//3 10294//3
f 10297//1 10299//1 10298//1
f 10297//1 10300//1 10299//1
f 10301//2 10302//2 10303//2
f 10301//2 10303//2 10304//2
f 10305//1 10307//1 10306//1
f 10305//1 10308//1 10307//1
f 10309//2 10310//2 10311//2
f 10309//2 10311//2 10312//2
f 10306//4 10311//4 10310//4
f 10306//4 10307//4 10311//4
f 10307//5 10312//5 10311//5
f 10307//5 10308//5 10312//5
f 10313//1 10315//1 10314//1
f 10313//1 10316//1 10315//1
f 10313//3 10318//3 10317//3
f 10313//3 10314//3 10318//3
f 10314//4 10319//4 10318//4
f 10314//4 10315//4 10319//4
f 10315//5 10320//5 10319//5
f 10315//5 10316//5 10320//5
f 10321//3 10326//3 10325//3
f 10321//3 10322//3 10326//3
f 10322//4 10327//4 10326//4
f 10322//4 10323//4 10327//4
f 10323//5 10328//5 10327//5
f 10323//5 10324//5 10328//5
f 10329//3 10334//3 10333//3
f 10329//3 10330//3 10334//3
f 10331//5 10336//5 10335//5
f 10331//5 10332//5 10336//5
f 10337//3 10342//3 10341//3
f 10337//3 10338//3 10342//3
f 10339//5 10344//5 10343//5
f 10339//5 10340//5 10344//5
f 10345//3 10350//3 10349//3
f 10345//3 10346//3 10350//3
f 10347//5 10352//5 10351//5
f 10347//5 10348//5 10352//5
f 10353//3 10358//3 10357//3
f 10353//3 10354//3 10358//3
f 10354//4 10359//4 10358//4
f 10354//4 10355//4 10359//4
f 10355//5 10360//5 10359//5
f 10355//5 10356//5 10360//5
f 10365//2 10366//2 10367//2
f 10365//2 10367//2 10368//2
f 10361//3 10366//3 10365//3
f 10361//3 10362//3 10366//3
f 10362//4 10367//4 10366//4
f 10362//4 10363//4 10367//4
f 10363//5 10368//5 10367//5
f 10363//5 10364//5 10368//5
f 10369//1 10371//1 10370//1
f 10369//1 10372//1 10371//1
f 10369//3 10374//3 10373//3
f 10369//3 10370//3 10374//3
f 10370//4 10375//4 10374//4
f 10370//4 10371//4 10375//4
f 10371//5 10376//5 10375//5
f 10371//5 10372//5 10376//5
f 10377//3 10382//3 10381//3
f 10377//3 10378//3 10382//3
f 10378//4 10383//4 10382//4
f 10378//4 10379//4 10383//4
f 10379//5 10384//5 10383//5
f 10379//5 10380//5 10384//5
f 10385//3 10390//3 10389//3
f 10385//3 10386//3 10390//3
f 10387//5 10392//5 10391//5
f 10387//5 10388//5 10392//5
f 10393//3 10398//3 10397//3
f 10393//3 10394//3 10398//3
f 10395//5 10400//5 10399//5
f 10395//5 10396//5 10400//5
f 10401//3 10406//3 10405//3
f 10401//3 10402//3 10406//3
f 10403//5 10408//5 10407//5
f 10403//5 10404//5 10408//5
f 10413//2 10414//2 10415//2
f 10413//2 10415//2 10416//2
f 10409//3 10414//3 10413//3
f 10409//3 10410//3 10414//3
f 10411//5 10416//5 10415//5
f 10411//5 10412//5 10416//5
f 10417//1 10419//1 10418//1
f 10417//1 10420//1 10419//1
f 10417//3 10422//3 10421//3
f 10417//3 10418//3 10422//3
f 10419//5 10424//5 10423//5
f 10419//5 10420//5 10424//5
f 10420//6 10421//6 10424//6
f 10420//6 10417//6 10421//6
f 10425//3 10430//3 10429//3
f 10425//3 10426//3 10430//3
f 10427//5 10432//5 10431//5
f 10427//5 10428//5 10432//5
f 10433//3 10438//3 10437//3
f 10433//3 10434//3 10438//3
f 10435//5 10440//5 10439//5
f 10435//5 10436//5 10440//5
f 10441//3 10446//3 10445//3
f 10441//3 10442//3 10446//3
f 10443//5 10448//5 10447//5
f 10443//5 10444//5 10448//5
f 10449//3 10454//3 10453//3
f 10449//3 10450//3 10454//3
f 10451//5 10456//5 10455//5
f 10451//5 10452//5 10456//5
f 10457//3 10462//3 10461//3
f 10457//3 10458//3 10462//3
f 10459//5 10464//5 10463//5
f 10459//5 10460//5 10464//5
f 10465//3 10470//3 10469//3
f 10465//3 10466//3 10470//3
f 10467//5 10472//5 10471//5
f 10467//5 10468//5 10472//5
f 10473//3 10478//3 10477//3
f 10473//3 10474//3 10478//3
f 10475//5 10480//5 10479//5
f 10475//5 10476//5 10480//5
f 10481//3 10486//3 10485//3
f 10481//3 10482//3 10486//3
f 10482//4 10487//4 10486//4
f 10482//4 10483//4 10487//4
f 10483//5 10488//5 10487//5
f 10483//5 10484//5 10488//5
f 10489//3 10494//3 10493//3
f 10489//3 10490//3 10494//3
f 10491//5 10496//5 10495//5
f 10491//5 10492//5 10496//5
f 10497//3 10502//3 10501//3
f 10497//3 10498//3 10502//3
f 10499//5 10504//5 10503//5
f 10499//5 10500//5 10504//5
f 10509//2 10510//2 10511//2
f 10509//2 10511//2 10512//2
f 10505//3 10510//3 10509//3
f 10505//3 10506//3 10510//3
f 10506//4 10511//4 10510//4
f 10506//4 10507//4 10511//4
f 10507//5 10512//5 10511//5
f 10507//5 10508//5 10512//5
f 10513//1 10515//1 10514//1
f 10513//1 10516//1 10515//1
f 10517//2 10518//2 10519//2
f 10517//2 10519//2 10520//2
f 10513//3 10518//3 10517//3
f 10513//3 10514//3 10518//3
f 10514//4 10519//4 10518//4
f 10514//4 10515//4 10519//4
f 10515//5 10520//5 10519//5
f 10515//5 10516//5 10520//5
f 10521//1 10523//1 10522//1
f 10521//1 10524//1 10523//1
f 10525//2 10526//2 10527//2
f 10525//2 10527//2 10528//2
f 10521//3 10526//3 10525//3
f 10521//3 10522//3 10526//3
f 10522//4 10527//4 10526//4
f 10522//4 10523//4 10527//4
f 10523//5 10528//5 10527//5
f 10523//5 10524//5 10528//5
f 10529//1 10531//1 10530//1
f 10529//1 10532//1 10531//1
f 10529//3 10534//3 10533//3
f 10529//3 10530//3 10534//3
f 10531//5 10536//5 10535//5
f 10531//5 10532//5 10536//5
f 10532//6 10533//6 10536//6
f 10532//6 10529//6 10533//6
f 10537//3 10542//3 10541//3
f 10537//3 10538//3 10542//3
f 10539//5 10544//5 10543//5
f 10539//5 10540//5 10544//5
f 10540//6 10541//6 10544//6
f 10540//6 10537//6 10541//6
f 10545//3 10550//3 10549//3
f 10545//3 10546//3 10550//3
f 10547//5 10552//5 10551//5
f 10547//5 10548//5 10552//5
f 10553//3 10558//3 10557//3
f 10553//3 10554//3 10558//3
f 10555//5 10560//5 10559//5
f 10555//5 10556//5 10560//5
f 10556//6 10557//6 10560//6
f 10556//6 10553//6 10557//6
f 10561//3 10566//3 10565//3
f 10561//3 10562//3 10566//3
f 10563//5 10568//5 10567//5
f 10563//5 10564//5 10568//5
f 10564//6 10565//6 10568//6
f 10564//6 10561//6 10565//6
f 10569//3 10574//3 10573//3
f 10569//3 10570//3 10574//3
f 10571//5 10576//5 10575//5
f 10571//5 10572//5 10576//5
f 10572//6 10573//6 10576//6
f 10572//6 10569//6 10573//6
f 10577//3 10582//3 10581//3
f 10577//3 10578//3 10582//3
f 10579//5 10584//5 10583//5
f 10579//5 10580//5 10584//5
f 10580//6 10581//6 10584//6
f 10580//6 10577//6 10581//6
f 10585//3 10590//3 10589//3
f 10585//3 10586//3 10590//3
f 10587//5 10592//5 10591//5
f 10587//5 10588//5 10592//5
f 10588//6 10589//6 10592//6
f 10588//6 10585//6 10589//6
f 10593//3 10598//3 10597//3
f 10593//3 10594//3 10598//3
f 10595//5 10600//5 10599//5
f 10595//5 10596//5 10600//5
f 10601//3 10606//3 10605//3
f 10601//3 10602//3 10606//3
f 10603//5 10608//5 10607//5
f 10603//5 10604//5 10608//5
f 10604//6 10605//6 10608//6
f 10604//6 10601//6 10605//6
f 10609//3 10614//3 10613//3
f 10609//3 10610//3 10614//3
f 10611//5 10616//5 10615//5
f 10611//5 10612//5 10616//5
f 10612//6 10613//6 10616//6
f 10612//6 10609//6 10613//6
f 10617//3 10622//3 10621//3
f 10617//3 10618//3 10622//3
f 10619//5 10624//5 10623//5
f 10619//5 10620//5 10624//5
f 10620//6 10621//6 10624//6
f 10620//6 10617//6 10621//6
f 10625//3 10630//3 10629//3
f 10625//3 10626//3 10630//3
f 10627//5 10632//5 10631//5
f 10627//5 10628//5 10632//5
f 10628//6 10629//6 10632//6
f 10628//6 10625//6 10629//6
f 10633//3 10638//3 10637//3
f 10633//3 10634//3 10638//3
f 10635//5 10640//5 10639//5
f 10635//5 10636//5 10640//5
f 10636//6 10637//6 10640//6
f 10636//6 10633//6 10637//6
f 10641//3 10646//3 10645//3
f 10641//3 10642//3 10646//3
f 10643//5 10648//5 10647//5
f 10643//5 10644//5 10648//5
f 10644//6 10645//6 10648//6
f 10644//6 10641//6 10645//6
f 10649//3 10654//3 10653//3
f 10649//3 10650//3 10654//3
f 10651//5 10656//5 10655//5
f 10651//5 10652//5 10656//5
f 10652//6 10653//6 10656//6
f 10652//6 10649//6 10653//6
f 10657//3 10662//3 10661//3
f 10657//3 10658//3 10662//3
f 10659//5 10664//5 10663//5
f 10659//5 10660//5 10664//5
f 10660//6 10661//6 10664//6
f 10660//6 10657//6 10661//6
f 10665//3 10670//3 10669//3
f 10665//3 10666//3 10670//3
f 10667//5 10672//5 10671//5
f 10667//5 10668//5 10672//5
f 10673//3 10678//3 10677//3
f 10673//3 10674//3 10678//3
f 10675//5 10680//5 10679//5
f 10675//5 10676//5 10680//5
f 10681//3 10686//3 10685//3
f 10681//3 10682//3 10686//3
f 10683//5 10688//5 10687//5
f 10683//5 10684//5 10688//5
f 10689//3 10694//3 10693//3
f 10689//3 10690//3 10694//3
f 10691//5 10696//5 10695//5
f 10691//5 10692//5 10696//5
f 10697//3 10702//3 10701//3
f 10697//3 10698//3 10702//3
f 10699//5 10704//5 10703//5
f 10699//5 10700//5 10704//5
f 10705//3 10710//3 10709//3
f 10705//3 10706//3 10710//3
f 10707//5 10712//5 10711//5
f 10707//5 10708//5 10712//5
f 10713//3 10718//3 10717//3
f 10713//3 10714//3 10718//3
f 10715//5 10720//5 10719//5
f 10715//5 10716//5 10720//5
f 10721//3 10726//3 10725//3
f 10721//3 10722//3 10726//3
f 10723//5 10728//5 10727//5
f 10723//5 10724//5 10728//5
f 10729//3 10734//3 10733//3
f 10729//3 10730//3 10734//3
f 10731//5 10736//5 10735//5
f 10731//5 10732//5 10736//5
f 10732//6 10733//6 10736//6
f 10732//6 10729//6 10733//6
f 10737//3 10742//3 10741//3
f 10737//3 10738//3 10742//3
f 10739//5 10744//5 10743//5
f 10739//5 10740//5 10744//5
f 10745//3 10750//3 10749//3
f 10745//3 10746//3 10750//3
f 10747//5 10752//5 10751//5
f 10747//5 10748//5 10752//5
f 10748//6 10749//6 10752//6
f 10748//6 10745//6 10749//6
f 10757//2 10758//2 10759//2
f 10757//2 10759//2 10760//2
f 10753//3 10758//3 10757//3
f 10753//3 10754//3 10758//3
f 10754//4 10759//4 10758//4
f 10754//4 10755//4 10759//4
f 10755//5 10760//5 10759//5
f 10755//5 10756//5 10760//5
f 10756//6 10757//6 10760//6
f 10756//6 10753//6 10757//6
f 10761//1 10763//1 10762//1
f 10761//1 10764//1 10763//1
f 10765//2 10766//2 10767//2
f 10765//2 10767//2 10768//2
f 10761//3 10766//3 10765//3
f 10761//3 10762//3 10766//3
f 10762//4 10767//4 10766//4
f 10762//4 10763//4 10767//4
f 10763//5 10768//5 10767//5
f 10763//5 10764//5 10768//5
f 10764//6 10765//6 10768//6
f 10764//6 10761//6 10765//6
f 10769//1 10771//1 10770//1
f 10769//1 10772//1 10771//1
f 10773//2 10774//2 10775//2
f 10773//2 10775//2 10776//2
f 10769//3 10774//3 10773//3
f 10769//3 10770//3 10774//3
f 10770//4 10775//4 10774//4
f 10770//4 10771//4 10775//4
f 10771//5 10776//5 10775//5
f 10771//5 10772//5 10776//5
f 10777//1 10779//1 10778//1
f 10777//1 10780//1 10779//1
f 10777//3 10782//3 10781//3
f 10777//3 10778//3 10782//3
f 10779//5 10784//5 10783//5
f 10779//5 10780//5 10784//5
f 10780//6 10781//6 10784//6
f 10780//6 10777//6 10781//6
f 10785//3 10790//3 10789//3
f 10785//3 10786//3 10790//3
f 10787//5 10792//5 10791//5
f 10787//5 10788//5 10792//5
f 10788//6 10789//6 10792//6
f 10788//6 10785//6 10789//6
f 10797//2 10798//2 10799//2
f 10797//2 10799//2 10800//2
f 10793//3 10798//3 10797//3
f 10793//3 10794//3 10798//3
f 10794//4 10799//4 10798//4
f 10794//4 10795//4 10799//4
f 10801//1 10803//1 10802//1
f 10801//1 10804//1 10803//1
f 10805//2 10806//2 10807//2
f 10805//2 10807//2 10808//2
f 10809//1 10811//1 10810//1
f 10809//1 10812//1 10811//1
f 10813//2 10814//2 10815//2
f 10813//2 10815//2 10816//2
f 10817//1 10819//1 10818//1
f 10817//1 10820//1 10819//1
f 10821//2 10822//2 10823//2
f 10821//2 10823//2 10824//2
f 10820//6 10821//6 10824//6
f 10820//6 10817//6 10821//6
f 10825//1 10827//1 10826//1
f 10825//1 10828//1 10827//1
f 10829//2 10830//2 10831//2
f 10829//2 10831//2 10832//2
f 10828//6 10829//6 10832//6
f 10828//6 10825//6 10829//6
f 10833//1 10835//1 10834//1
f 10833//1 10836//1 10835//1
f 10837//2 10838//2 10839//2
f 10837//2 10839//2 10840//2
f 10836//6 10837//6 10840//6
f 10836//6 10833//6 10837//6
f 10841//1 10843//1 10842//1
f 10841//1 10844//1 10843//1
f 10845//2 10846//2 10847//2
f 10845//2 10847//2 10848//2
f 10844//6 10845//6 10848//6
f 10844//6 10841//6 10845//6
f 10849//1 10851//1 10850//1
f 10849//1 10852//1 10851//1
f 10853//2 10854//2 10855//2
f 10853//2 10855//2 10856//2
f 10857//1 10859//1 10858//1
f 10857//1 10860//1 10859//1
f 10861//2 10862//2 10863//2
f 10861//2 10863//2 10864//2
f 10865//1 10867//1 10866//1
f 10865//1 10868//1 10867//1
f 10869//2 10870//2 10871//2
f 10869//2 10871//2 10872//2
f 10873//1 10875//1 10874//1
f 10873//1 10876//1 10875//1
f 10877//2 10878//2 10879//2
f 10877//2 10879//2 10880//2
f 10881//1 10883//1 10882//1
f 10881//1 10884//1 10883//1
f 10885//2 10886//2 10887//2
f 10885//2 10887//2 10888//2
f 10882//4 10887//4 10886//4
f 10882//4 10883//4 10887//4
f 10883//5 10888//5 10887//5
f 10883//5 10884//5 10888//5
f 10889//1 10891//1 10890//1
f 10889//1 10892//1 10891//1
f 10893//2 10894//2 10895//2
f 10893//2 10895//2 10896//2
f 10889//3 10894//3 10893//3
f 10889//3 10890//3 10894//3
f 10892//6 10893//6 10896//6
f 10892//6 10889//6 10893//6
f 10897//1 10899//1 10898//1
f 10897//1 10900//1 10899//1
f 10901//2 10902//2 10903//2
f 10901//2 10903//2 10904//2
f 10905//1 10907//1 10906//1
f 10905//1 10908//1 10907//1
f 10909//2 10910//2 10911//2
f 10909//2 10911//2 10912//2
f 10907//5 10912//5 10911//5
f 10907//5 10908//5 10912//5
f 10913//1 10915//1 10914//1
f 10913//1 10916//1 10915//1
f 10917//2 10918//2 10919//2
f 10917//2 10919//2 10920//2
f 10913//3 10918//3 10917//3
f 10913//3 10914//3 10918//3
f 10914//4 10919//4 10918//4
f 10914//4 10915//4 10919//4
f 10915//5 10920//5 10919//5
f 10915//5 10916//5 10920//5
f 10916//6 10917//6 10920//6
f 10916//6 10913//6 10917//6
f 10921//1 10923//1 10922//1
f 10921//1 10924//1 10923//1
f 10925//2 10926//2 10927//2
f 10925//2 10927//2 10928//2
f 10921//3 10926//3 10925//3
f 10921//3 10922//3 10926//3
f 10922//4 10927//4 10926//4
f 10922//4 10923//4 10927//4
f 10923//5 10928//5 10927//5
f 10923//5 10924//5 10928//5
f 10924//6 10925//6 10928//6
f 10924//6 10921//6 10925//6
f 10929//1 10931//1 10930//1
f 10929//1 10932//1 10931//1
f 10929//3 10934//3 10933//3
f 10929//3 10930//3 10934//3
f 10931//5 10936//5 10935//5
f 10931//5 10932//5 10936//5
f 10937//3 10942//3 10941//3
f 10937//3 10938//3 10942//3
f 10938//4 10943//4 10942//4
f 10938//4 10939//4 10943//4
f 10939//5 10944//5 10943//5
f 10939//5 10940//5 10944//5
f 10949//2 10950//2 10951//2
f 10949//2 10951//2 10952//2
f 10945//3 10950//3 10949//3
f 10945//3 10946//3 10950//3
f 10946//4 10951//4 10950//4
f 10946//4 10947//4 10951//4
f 10947//5 10952//5 10951//5
f 10947//5 10948//5 10952//5
f 10953//1 10955//1 10954//1
f 10953//1 10956//1 10955//1
f 10953//3 10958//3 10957//3
f 10953//3 10954//3 10958//3
f 10954//4 10959//4 10958//4
f 10954//4 10955//4 10959//4
f 10955//5 10960//5 10959//5
f 10955//5 10956//5 10960//5
f 10961//3 10966//3 10965//3
f 10961//3 10962//3 10966//3
f 10962//4 10967//4 10966//4
f 10962//4 10963//4 10967//4
f 10963//5 10968//5 10967//5
f 10963//5 10964//5 10968//5
f 10969//3 10974//3 10973//3
f 10969//3 10970//3 10974//3
f 10970//4 10975//4 10974//4
f 10970//4 10971//4 10975//4
f 10971//5 10976//5 10975//5
f 10971//5 10972//5 10976//5
f 10977//3 10982//3 10981//3
f 10977//3 10978//3 10982//3
f 10978//4 10983//4 10982//4
f 10978//4 10979//4 10983//4
f 10979//5 10984//5 10983//5
f 10979//5 10980//5 10984//5
f 10989//2 10990//2 10991//2
f 10989//2 10991//2 10992//2
f 10985//3 10990//3 10989//3
f 10985//3 10986//3 10990//3
f 10986//4 10991//4 10990//4
f 10986//4 10987//4 10991//4
f 10987//5 10992//5 10991//5
f 10987//5 10988//5 10992//5
f 10988//6 10989//6 10992//6
f 10988//6 10985//6 10989//6
f 10993//1 10995//1 10994//1
f 10993//1 10996//1 10995//1
f 10997//2 10998//2 10999//2
f 10997//2 10999//2 11000//2
f 10993//3 10998//3 10997//3
f 10993//3 10994//3 10998//3
f 10994//4 10999//4 10998//4
f 10994//4 10995//4 10999//4
f 10995//5 11000//5 10999//5
f 10995//5 10996//5 11000//5
f 10996//6 10997//6 11000//6
f 10996//6 10993//6 10997//6
f 11001//1 11003//1 11002//1
f 11001//1 11004//1 11003//1
f 11001//3 11006//3 11005//3
f 11001//3 11002//3 11006//3
f 11002//4 11007//4 11006//4
f 11002//4 11003//4 11007//4
f 11003//5 11008//5 11007//5
f 11003//5 11004//5 11008//5
f 11004//6 11005//6 11008//6
f 11004//6 11001//6 11005//6
f 11009//3 11014//3 11013//3
f 11009//3 11010//3 11014//3
f 11010//4 11015//4 11014//4
f 11010//4 11011//4 11015//4
f 11011//5 11016//5 11015//5
f 11011//5 11012//5 11016//5
f 11012//6 11013//6 11016//6
f 11012//6 11009//6 11013//6
f 11017//3 11022//3 11021//3
f 11017//3 11018//3 11022//3
f 11018//4 11023//4 11022//4
f 11018//4 11019//4 11023//4
f 11019//5 11024//5 11023//5
f 11019//5 11020//5 11024//5
f 11020//6 11021//6 11024//6
f 11020//6 11017//6 11021//6
f 11025//3 11030//3 11029//3
f 11025//3 11026//3 11030//3
f 11026//4 11031//4 11030//4
f 11026//4 11027//4 11031//4
f 11027//5 11032//5 11031//5
f 11027//5 11028//5 11032//5
f 11033//3 11038//3 11037//3
f 11033//3 11034//3 11038//3
f 11034//4 11039//4 11038//4
f 11034//4 11035//4 11039//4
f 11035//5 11040//5 11039//5
f 11035//5 11036//5 11040//5
f 11041//3 11046//3 11045//3
f 11041//3 11042//3 11046//3
f 11042//4 11047//4 11046//4
f 11042//4 11043//4 11047//4
f 11043//5 11048//5 11047//5
f 11043//5 11044//5 11048//5
f 11049//3 11054//3 11053//3
f 11049//3 11050//3 11054//3
f 11050//4 11055//4 11054//4
f 11050//4 11051//4 11055//4
f 11051//5 11056//5 11055//5
f 11051//5 11052//5 11056//5
f 11057//3 11062//3 11061//3
f 11057//3 11058//3 11062//3
f 11058//4 11063//4 11062//4
f 11058//4 11059//4 11063//4
f 11059//5 11064//5 11063//5
f 11059//5 11060//5 11064//5
f 11065//3 11070//3 11069//3
f 11065//3 11066//3 11070//3
f 11066//4 11071//4 11070//4
f 11066//4 11067//4 11071//4
f 11067//5 11072//5 11071//5
f 11067//5 11068//5 11072//5
f 11073//3 11078//3 11077//3
f 11073//3 11074//3 11078//3
f 11074//4 11079//4 11078//4
f 11074//4 11075//4 11079//4
f 11075//5 11080//5 11079//5
f 11075//5 11076//5 11080//5
f 11085//2 11086//2 11087//2
f 11085//2 11087//2 11088//2
f 11081//3 11086//3 11085//3
f 11081//3 11082//3 11086//3
f 11082//4 11087//4 11086//4
f 11082//4 11083//4 11087//4
f 11083//5 11088//5 11087//5
f 11083//5 11084//5 11088//5
f 11089//1 11091//1 11090//1
f 11089//1 11092//1 11091//1
f 11089//3 11094//3 11093//3
f 11089//3 11090//3 11094//3
f 11090//4 11095//4 11094//4
f 11090//4 11091//4 11095//4
f 11091//5 11096//5 11095//5
f 11091//5 11092//5 11096//5
f 11101//2 11102//2 11103//2
f 11101//2 11103//2 11104//2
f 11097//3 11102//3 11101//3
f 11097//3 11098//3 11102//3
f 11098//4 11103//4 11102//4
f 11098//4 11099//4 11103//4
f 11099//5 11104//5 11103//5
f 11099//5 11100//5 11104//5
f 11105//1 11107//1 11106//1
f 11105//1 11108//1 11107//1
f 11105//3 11110//3 11109//3
f 11105//3 11106//3 11110//3
f 11106//4 11111//4 11110//4
f 11106//4 11107//4 11111//4
f 11107//5 11112//5 11111//5
f 11107//5 11108//5 11112//5
f 11108//6 11109//6 11112//6
f 11108//6 11105//6 11109//6
f 11117//2 11118//2 11119//2
f 11117//2 11119//2 11120//2
f 11113//3 11118//3 11117//3
f 11113//3 11114//3 11118//3
f 11114//4 11119//4 11118//4
f 11114//4 11115//4 11119//4
f 11115//5 11120//5 11119//5
f 11115//5 11116//5 11120//5
f 11116//6 11117//6 11120//6
f 11116//6 11113//6 11117//6
f 11121//1 11123//1 11122//1
f 11121//1 11124//1 11123//1
f 11121//3 11126//3 11125//3
f 11121//3 11122//3 11126//3
f 11122//4 11127//4 11126//4
f 11122//4 11123//4 11127//4
f 11123//5 11128//5 11127//5
f 11123//5 11124//5 11128//5
f 11129//3 11134//3 11133//3
f 11129//3 11130//3 11134//3
f 11130//4 11135//4 11134//4
f 11130//4 11131//4 11135//4
f 11131//5 11136//5 11135//5
f 11131//5 11132//5 11136//5
f 11137//3 11142//3 11141//3
f 11137//3 11138//3 11142//3
f 11138//4 11143//4 11142//4
f 11138//4 11139//4 11143//4
f 11139//5 11144//5 11143//5
f 11139//5 11140//5 11144//5
f 11145//3 11150//3 11149//3
f 11145//3 11146//3 11150//3
f 11146//4 11151//4 11150//4
f 11146//4 11147//4 11151//4
f 11147//5 11152//5 11151//5
f 11147//5 11148//5 11152//5
f 11153//3 11158//3 11157//3
f 11153//3 11154//3 11158//3
f 11154//4 11159//4 11158//4
f 11154//4 11155//4 11159//4
f 11155//5 11160//5 11159//5
f 11155//5 11156//5 11160//5
f 11161//3 11166//3 11165//3
f 11161//3 11162//3 11166//3
f 11162//4 11167//4 11166//4
f 11162//4 11163//4 11167//4
f 11163//5 11168//5 11167//5
f 11163//5 11164//5 11168//5
f 11169//3 11174//3 11173//3
f 11169//3 11170//3 11174//3
f 11170//4 11175//4 11174//4
f 11170//4 11171//4 11175//4
f 11171//5 11176//5 11175//5
f 11171//5 11172//5 11176//5
f 11177//3 11182//3 11181//3
f 11177//3 11178//3 11182//3
f 11178//4 11183//4 11182//4
f 11178//4 11179//4 11183//4
f 11179//5 11184//5 11183//5
f 11179//5 11180//5 11184//5
f 11185//3 11190//3 11189//3
f 11185//3 11186//3 11190//3
f 11186//4 11191//4 11190//4
f 11186//4 11187//4 11191//4
f 11187//5 11192//5 11191//5
f 11187//5 11188//5 11192//5
f 11193//3 11198//3 11197//3
f 11193//3 11194//3 11198//3
f 11194//4 11199//4 11198//4
f 11194//4 11195//4 11199//4
f 11195//5 11200//5 11199//5
f 11195//5 11196//5 11200//5
f 11201//3 11206//3 11205//3
f 11201//3 11202//3 11206//3
f 11202//4 11207//4 11206//4
f 11202//4 11203//4 11207//4
f 11203//5 11208//5 11207//5
f 11203//5 11204//5 11208//5
f 11209//3 11214//3 11213//3
f 11209//3 11210//3 11214//3
f 11210//4 11215//4 11214//4
f 11210//4 11211//4 11215//4
f 11211//5 11216//5 11215//5
f 11211//5 11212//5 11216//5
f 11217//3 11222//3 11221//3
f 11217//3 11218//3 11222//3
f 11218//4 11223//4 11222//4
f 11218//4 11219//4 11223//4
f 11219//5 11224//5 11223//5
f 11219//5 11220//5 11224//5
f 11225//3 11230//3 11229//3
f 11225//3 11226//3 11230//3
f 11226//4 11231//4 11230//4
f 11226//4 11227//4 11231//4
f 11227//5 11232//5 11231//5
f 11227//5 11228//5 11232//5
f 11233//3 11238//3 11237//3
f 11233//3 11234//3 11238//3
f 11234//4 11239//4 11238//4
f 11234//4 11235//4 11239//4
f 11235//5 11240//5 11239//5
f 11235//5 11236//5 11240//5
f 11241//3 11246//3 11245//3
f 11241//3 11242//3 11246//3
f 11242//4 11247//4 11246//4
f 11242//4 11243//4 11247//4
f 11243//5 11248//5 11247//5
f 11243//5 11244//5 11248//5
f 11249//3 11254//3 11253//3
f 11249//3 11250//3 11254//3
f 11250//4 11255//4 11254//4
f 11250//4 11251//4 11255//4
f 11251//5 11256//5 11255//5
f 11251//5 11252//5 11256//5
f 11257//3 11262//3 11261//3
f 11257//3 11258//3 11262//3
f 11258//4 11263//4 11262//4
f 11258//4 11259//4 11263//4
f 11259//5 11264//5 11263//5
f 11259//5 11260//5 11264//5
f 11265//3 11270//3 11269//3
f 11265//3 11266//3 11270//3
f 11266//4 11271//4 11270//4
f 11266//4 11267//4 11271//4
f 11267//5 11272//5 11271//5
f 11267//5 11268//5 11272//5
f 11273//3 11278//3 11277//3
f 11273//3 11274//3 11278//3
f 11274//4 11279//4 11278//4
f 11274//4 11275//4 11279//4
f 11275//5 11280//5 11279//5
f 11275//5 11276//5 11280//5
f 11281//3 11286//3 11285//3
f 11281//3 11282//3 11286//3
f 11282//4 11287//4 11286//4
f 11282//4 11283//4 11287//4
f 11283//5 11288//5 11287//5
f 11283//5 11284//5 11288//5
f 11289//3 11294//3 11293//3
f 11289//3 11290//3 11294//3
f 11290//4 11295//4 11294//4
f 11290//4 11291//4 11295//4
f 11291//5 11296//5 11295//5
f 11291//5 11292//5 11296//5
f 11297//3 11302//3 11301//3
f 11297//3 11298//3 11302//3
f 11298//4 11303//4 11302//4
f 11298//4 11299//4 11303//4
f 11299//5 11304//5 11303//5
f 11299//5 11300//5 11304//5
f 11305//3 11310//3 11309//3
f 11305//3 11306//3 11310//3
f 11306//4 11311//4 11310//4
f 11306//4 11307//4 11311//4
f 11307//5 11312//5 11311//5
f 11307//5 11308//5 11312//5
f 11313//3 11318//3 11317//3
f 11313//3 11314//3 11318//3
f 11314//4 11319//4 11318//4
f 11314//4 11315//4 11319//4
f 11315//5 11320//5 11319//5
f 11315//5 11316//5 11320//5
f 11321//3 11326//3 11325//3
f 11321//3 11322//3 11326//3
f 11322//4 11327//4 11326//4
f 11322//4 11323//4 11327//4
f 11323//5 11328//5 11327//5
f 11323//5 11324//5 11328//5
f 11329//3 11334//3 11333//3
f 11329//3 11330//3 11334//3
f 11330//4 11335//4 11334//4
f 11330//4 11331//4 11335//4
f 11331//5 11336//5 11335//5
f 11331//5 11332//5 11336//5
f 11341//2 11342//2 11343//2
f 11341//2 11343//2 11344//2
f 11337//3 11342//3 11341//3
f 11337//3 11338//3 11342//3
f 11338//4 11343//4 11342//4
f 11338//4 11339//4 11343//4
f 11339//5 11344//5 11343//5
f 11339//5 11340//5 11344//5
f 11345//1 11347//1 11346//1
f 11345//1 11348//1 11347//1
f 11349//2 11350//2 11351//2
f 11349//2 11351//2 11352//2
f 11345//3 11350//3 11349//3
f 11345//3 11346//3 11350//3
f 11347//5 11352//5 11351//5
f 11347//5 11348//5 11352//5
f 11348//6 11349//6 11352//6
f 11348//6 11345//6 11349//6
f 11353//1 11355//1 11354//1
f 11353//1 11356//1 11355//1
f 11353//3 11358//3 11357//3
f 11353//3 11354//3 11358//3
f 11355//5 11360//5 11359//5
f 11355//5 11356//5 11360//5
f 11356//6 11357//6 11360//6
f 11356//6 11353//6 11357//6
f 11361//3 11366//3 11365//3
f 11361//3 11362//3 11366//3
f 11363//5 11368//5 11367//5
f 11363//5 11364//5 11368//5
f 11364//6 11365//6 11368//6
f 11364//6 11361//6 11365//6
f 11369//3 11374//3 11373//3
f 11369//3 11370//3 11374//3
f 11371//5 11376//5 11375//5
f 11371//5 11372//5 11376//5
f 11372//6 11373//6 11376//6
f 11372//6 11369//6 11373//6
f 11377//3 11382//3 11381//3
f 11377//3 11378//3 11382//3
f 11378//4 11383//4 11382//4
f 11378//4 11379//4 11383//4
f 11379//5 11384//5 11383//5
f 11379//5 11380//5 11384//5
f 11380//6 11381//6 11384//6
f 11380//6 11377//6 11381//6
f 11385//3 11390//3 11389//3
f 11385//3 11386//3 11390//3
f 11386//4 11391//4 11390//4
f 11386//4 11387//4 11391//4
f 11387//5 11392//5 11391//5
f 11387//5 11388//5 11392//5
f 11397//2 11398//2 11399//2
f 11397//2 11399//2 11400//2
f 11393//3 11398//3 11397//3
f 11393//3 11394//3 11398//3
f 11394//4 11399//4 11398//4
f 11394//4 11395//4 11399//4
f 11395//5 11400//5 11399//5
f 11395//5 11396//5 11400//5
f 11401//1 11403//1 11402//1
f 11401//1 11404//1 11403//1
f 11405//2 11406//2 11407//2
f 11405//2 11407//2 11408//2
f 11401//3 11406//3 11405//3
f 11401//3 11402//3 11406//3
f 11402//4 11407//4 11406//4
f 11402//4 11403//4 11407//4
f 11409//1 11411//1 11410//1
f 11409//1 11412//1 11411//1
f 11413//2 11414//2 11415//2
f 11413//2 11415//2 11416//2
f 11410//4 11415//4 11414//4
f 11410//4 11411//4 11415//4
f 11417//1 11419//1 11418//1
f 11417//1 11420//1 11419//1
f 11421//2 11422//2 11423//2
f 11421//2 11423//2 11424//2
f 11418//4 11423//4 11422//4
f 11418//4 11419//4 11423//4
f 11425//1 11427//1 11426//1
f 11425//1 11428//1 11427//1
f 11429//2 11430//2 11431//2
f 11429//2 11431//2 11432//2
f 11433//1 11435//1 11434//1
f 11433//1 11436//1 11435//1
f 11437//2 11438//2 11439//2
f 11437//2 11439//2 11440//2
f 11441//1 11443//1 11442//1
f 11441//1 11444//1 11443//1
f 11445//2 11446//2 11447//2
f 11445//2 11447//2 11448//2
f 11449//1 11451//1 11450//1
f 11449//1 11452//1 11451//1
f 11453//2 11454//2 11455//2
f 11453//2 11455//2 11456//2
f 11457//1 11459//1 11458//1
f 11457//1 11460//1 11459//1
f 11461//2 11462//2 11463//2
f 11461//2 11463//2 11464//2
f 11465//1 11467//1 11466//1
f 11465//1 11468//1 11467//1
f 11469//2 11470//2 11471//2
f 11469//2 11471//2 11472//2
f 11466//4 11471//4 11470//4
f 11466//4 11467//4 11471//4
f 11473//1 11475//1 11474//1
f 11473//1 11476//1 11475//1
f 11477//2 11478//2 11479//2
f 11477//2 11479//2 11480//2
f 11474//4 11479//4 11478//4
f 11474//4 11475//4 11479//4
f 11475//5 11480//5 11479//5
f 11475//5 11476//5 11480//5
f 11481//1 11483//1 11482//1
f 11481//1 11484//1 11483//1
f 11485//2 11486//2 11487//2
f 11485//2 11487//2 11488//2
f 11481//3 11486//3 11485//3
f 11481//3 11482//3 11486//3
f 11484//6 11485//6 11488//6
f 11484//6 11481//6 11485//6
f 11489//1 11491//1 11490//1
f 11489//1 11492//1 11491//1
f 11493//2 11494//2 11495//2
f 11493//2 11495//2 11496//2
f 11497//1 11499//1 11498//1
f 11497//1 11500//1 11499//1
f 11501//2 11502//2 11503//2
f 11501//2 11503//2 11504//2
f 11505//1 11507//1 11506//1
f 11505//1 11508//1 11507//1
f 11509//2 11510//2 11511//2
f 11509//2 11511//2 11512//2
f 11506//4 11511//4 11510//4
f 11506//4 11507//4 11511//4
f 11507//5 11512//5 11511//5
f 11507//5 11508//5 11512//5
f 11513//1 11515//1 11514//1
f 11513//1 11516//1 11515//1
f 11517//2 11518//2 11519//2
f 11517//2 11519//2 11520//2
f 11513//3 11518//3 11517//3
f 11513//3 11514//3 11518//3
f 11514//4 11519//4 11518//4
f 11514//4 11515//4 11519//4
f 11515//5 11520//5 11519//5
f 11515//5 11516//5 11520//5
f 11516//6 11517//6 11520//6
f 11516//6 11513//6 11517//6
f 11521//1 11523//1 11522//1
f 11521//1 11524//1 11523//1
f 11525//2 11526//2 11527//2
f 11525//2 11527//2 11528//2
f 11521//3 11526//3 11525//3
f 11521//3 11522//3 11526//3
f 11522//4 11527//4 11526//4
f 11522//4 11523//4 11527//4
f 11523//5 11528//5 11527//5
f 11523//5 11524//5 11528//5
f 11524//6 11525//6 11528//6
f 11524//6 11521//6 11525//6
f 11529//1 11531//1 11530//1
f 11529//1 11532//1 11531//1
f 11533//2 11534//2 11535//2
f 11533//2 11535//2 11536//2
f 11529//3 11534//3 11533//3
f 11529//3 11530//3 11534//3
f 11530//4 11535//4 11534//4
f 11530//4 11531//4 11535//4
f 11531//5 11536//5 11535//5
f 11531//5 11532//5 11536//5
f 11532//6 11533//6 11536//6
f 11532//6 11529//6 11533//6
f 11537//1 11539//1 11538//1
f 11537//1 11540//1 11539//1
f 11537//3 11542//3 11541//3
f 11537//3 11538//3 11542//3
f 11538//4 11543//4 11542//4
f 11538//4 11539//4 11543//4
f 11539//5 11544//5 11543//5
f 11539//5 11540//5 11544//5
f 11540//6 11541//6 11544//6
f 11540//6 11537//6 11541//6
f 11549//2 11550//2 11551//2
f 11549//2 11551//2 11552//2
f 11545//3 11550//3 11549//3
f 11545//3 11546//3 11550//3
f 11546//4 11551//4 11550//4
f 11546//4 11547//4 11551//4
f 11547//5 11552//5 11551//5
f 11547//5 11548//5 11552//5
f 11553//1 11555//1 11554//1
f 11553//1 11556//1 11555//1
f 11557//2 11558//2 11559//2
f 11557//2 11559//2 11560//2
f 11553//3 11558//3 11557//3
f 11553//3 11554//3 11558//3
f 11554//4 11559//4 11558//4
f 11554//4 11555//4 11559//4
f 11555//5 11560//5 11559//5
f 11555//5 11556//5 11560//5
f 11556//6 11557//6 11560//6
f 11556//6 11553//6 11557//6
f 11561//1 11563//1 11562//1
f 11561//1 11564//1 11563//1
f 11565//2 11566//2 11567//2
f 11565//2 11567//2 11568//2
f 11561//3 11566//3 11565//3
f 11561//3 11562//3 11566//3
f 11562//4 11567//4 11566//4
f 11562//4 11563//4 11567//4
f 11563//5 11568//5 11567//5
f 11563//5 11564//5 11568//5
f 11564//6 11565//6 11568//6
f 11564//6 11561//6 11565//6
f 11569//1 11571//1 11570//1
f 11569//1 11572//1 11571//1
f 11573//2 11574//2 11575//2
f 11573//2 11575//2 11576//2
f 11569//3 11574//3 11573//3
f 11569//3 11570//3 11574//3
f 11570//4 11575//4 11574//4
f 11570//4 11571//4 11575//4
f 11571//5 11576//5 11575//5
f 11571//5 11572//5 11576//5
f 11572//6 11573//6 11576//6
f 11572//6 11569//6 11573//6
f 11577//1 11579//1 11578//1
f 11577//1 11580//1 11579//1
f 11577//3 11582//3 11581//3
f 11577//3 11578//3 11582//3
f 11578//4 11583//4 11582//4
f 11578//4 11579//4 11583//4
f 11579//5 11584//5 11583//5
f 11579//5 11580//5 11584//5
f 11580//6 11581//6 11584//6
f 11580//6 11577//6 11581//6
f 11589//2 11590//2 11591//2
f 11589//2 11591//2 11592//2
f 11585//3 11590//3 11589//3
f 11585//3 11586//3 11590//3
f 11586//4 11591//4 11590//4
f 11586//4 11587//4 11591//4
f 11587//5 11592//5 11591//5
f 11587//5 11588//5 11592//5
f 11588//6 11589//6 11592//6
f 11588//6 11585//6 11589//6
f 11593//1 11595//1 11594//1
f 11593//1 11596//1 11595//1
f 11593//3 11598//3 11597//3
f 11593//3 11594//3 11598//3
f 11595//5 11600//5 11599//5
f 11595//5 11596//5 11600//5
f 11596//6 11597//6 11600//6
f 11596//6 11593//6 11597//6
f 11601//3 11606//3 11605//3
f 11601//3 11602//3 11606//3
f 11602//4 11607//4 11606//4
f 11602//4 11603//4 11607//4
f 11603//5 11608//5 11607//5
f 11603//5 11604//5 11608//5
f 11604//6 11605//6 11608//6
f 11604//6 11601//6 11605//6
f 11613//2 11614//2 11615//2
f 11613//2 11615//2 11616//2
f 11609//3 11614//3 11613//3
f 11609//3 11610//3 11614//3
f 11610//4 11615//4 11614//4
f 11610//4 11611//4 11615//4
f 11611//5 11616//5 11615//5
f 11611//5 11612//5 11616//5
f 11617//1 11619//1 11618//1
f 11617//1 11620//1 11619//1
f 11617//3 11622//3 11621//3
f 11617//3 11618//3 11622//3
f 11619//5 11624//5 11623//5
f 11619//5 11620//5 11624//5
f 11625//3 11630//3 11629//3
f 11625//3 11626//3 11630//3
f 11626//4 11631//4 11630//4
f 11626//4 11627//4 11631//4
f 11627//5 11632//5 11631//5
f 11627//5 11628//5 11632//5
f 11637//2 11638//2 11639//2
f 11637//2 11639//2 11640//2
f 11633//3 11638//3 11637//3
f 11633//3 11634//3 11638//3
f 11634//4 11639//4 11638//4
f 11634//4 11635//4 11639//4
f 11641//1 11643//1 11642//1
f 11641//1 11644//1 11643//1
f 11645//2 11646//2 11647//2
f 11645//2 11647//2 11648//2
f 11642//4 11647//4 11646//4
f 11642//4 11643//4 11647//4
f 11643//5 11648//5 11647//5
f 11643//5 11644//5 11648//5
f 11644//6 11645//6 11648//6
f 11644//6 11641//6 11645//6
f 11649//1 11651//1 11650//1
f 11649//1 11652//1 11651//1
f 11653//2 11654//2 11655//2
f 11653//2 11655//2 11656//2
f 11649//3 11654//3 11653//3
f 11649//3 11650//3 11654//3
f 11650//4 11655//4 11654//4
f 11650//4 11651//4 11655//4
f 11652//6 11653//6 11656//6
f 11652//6 11649//6 11653//6
f 11657//1 11659//1 11658//1
f 11657//1 11660//1 11659//1
f 11661//2 11662//2 11663//2
f 11661//2 11663//2 11664//2
f 11660//6 11661//6 11664//6
f 11660//6 11657//6 11661//6
f 11665//1 11667//1 11666//1
f 11665//1 11668//1 11667//1
f 11669//2 11670//2 11671//2
f 11669//2 11671//2 11672//2
f 11667//5 11672//5 11671//5
f 11667//5 11668//5 11672//5
f 11668//6 11669//6 11672//6
f 11668//6 11665//6 11669//6
f 11673//1 11675//1 11674//1
f 11673//1 11676//1 11675//1
f 11677//2 11678//2 11679//2
f 11677//2 11679//2 11680//2
f 11673//3 11678//3 11677//3
f 11673//3 11674//3 11678//3
f 11674//4 11679//4 11678//4
f 11674//4 11675//4 11679//4
f 11681//1 11683//1 11682//1
f 11681//1 11684//1 11683//1
f 11685//2 11686//2 11687//2
f 11685//2 11687//2 11688//2
f 11682//4 11687//4 11686//4
f 11682//4 11683//4 11687//4
f 11689//1 11691//1 11690//1
f 11689//1 11692//1 11691//1
f 11693//2 11694//2 11695//2
f 11693//2 11695//2 11696//2
f 11690//4 11695//4 11694//4
f 11690//4 11691//4 11695//4
f 11697//1 11699//1 11698//1
f 11697//1 11700//1 11699//1
f 11701//2 11702//2 11703//2
f 11701//2 11703//2 11704//2
f 11698//4 11703//4 11702//4
f 11698//4 11699//4 11703//4
f 11705//1 11707//1 11706//1
f 11705//1 11708//1 11707//1
f 11709//2 11710//2 11711//2
f 11709//2 11711//2 11712//2
f 11706//4 11711//4 11710//4
f 11706//4 11707//4 11711//4
f 11707//5 11712//5 11711//5
f 11707//5 11708//5 11712//5
f 11713//1 11715//1 11714//1
f 11713//1 11716//1 11715//1
f 11717//2 11718//2 11719//2
f 11717//2 11719//2 11720//2
f 11713//3 11718//3 11717//3
f 11713//3 11714//3 11718//3
f 11716//6 11717//6 11720//6
f 11716//6 11713//6 11717//6
f 11721//1 11723//1 11722//1
f 11721//1 11724//1 11723//1
f 11725//2 11726//2 11727//2
f 11725//2 11727//2 11728//2
f 11724//6 11725//6 11728//6
f 11724//6 11721//6 11725//6
f 11729//1 11731//1 11730//1
f 11729//1 11732//1 11731//1
f 11733//2 11734//2 11735//2
f 11733//2 11735//2 11736//2
f 11737//1 11739//1 11738//1
f 11737//1 11740//1 11739//1
f 11741//2 11742//2 11743//2
f 11741//2 11743//2 11744//2
f 11745//1 11747//1 11746//1
f 11745//1 11748//1 11747//1
f 11749//2 11750//2 11751//2
f 11749//2 11751//2 11752//2
f 11746//4 11751//4 11750//4
f 11746//4 11747//4 11751//4
f 11747//5 11752//5 11751//5
f 11747//5 11748//5 11752//5
f 11753//1 11755//1 11754//1
f 11753//1 11756//1 11755//1
f 11757//2 11758//2 11759//2
f 11757//2 11759//2 11760//2
f 11753//3 11758//3 11757//3
f 11753//3 11754//3 11758//3
f 11754//4 11759//4 11758//4
f 11754//4 11755//4 11759//4
f 11755//5 11760//5 11759//5
f 11755//5 11756//5 11760//5
f 11756//6 11757//6 11760//6
f 11756//6 11753//6 11757//6
f 11761//1 11763//1 11762//1
f 11761//1 11764//1 11763//1
f 11765//2 11766//2 11767//2
f 11765//2 11767//2 11768//2
f 11761//3 11766//3 11765//3
f 11761//3 11762//3 11766//3
f 11762//4 11767//4 11766//4
f 11762//4 11763//4 11767//4
f 11763//5 11768//5 11767//5
f 11763//5 11764//5 11768//5
f 11764//6 11765//6 11768//6
f 11764//6 11761//6 11765//6
f 11769//1 11771//1 11770//1
f 11769//1 11772//1 11771//1
f 11769//3 11774//3 11773//3
f 11769//3 11770//3 11774//3
f 11770//4 11775//4 11774//4
f 11770//4 11771//4 11775//4
f 11771//5 11776//5 11775//5
f 11771//5 11772//5 11776//5
f 11772//6 11773//6 11776//6
f 11772//6 11769//6 11773//6
f 11781//2 11782//2 11783//2
f 11781//2 11783//2 11784//2
f 11777//3 11782//3 11781//3
f 11777//3 11778//3 11782//3
f 11778//4 11783//4 11782//4
f 11778//4 11779//4 11783//4
f 11779//5 11784//5 11783//5
f 11779//5 11780//5 11784//5
f 11785//1 11787//1 11786//1
f 11785//1 11788//1 11787//1
f 11789//2 11790//2 11791//2
f 11789//2 11791//2 11792//2
f 11785//3 11790//3 11789//3
f 11785//3 11786//3 11790//3
f 11787//5 11792//5 11791//5
f 11787//5 11788//5 11792//5
f 11788//6 11789//6 11792//6
f 11788//6 11785//6 11789//6
f 11793//1 11795//1 11794//1
f 11793//1 11796//1 11795//1
f 11797//2 11798//2 11799//2
f 11797//2 11799//2 11800//2
f 11793//3 11798//3 11797//3
f 11793//3 11794//3 11798//3
f 11794//4 11799//4 11798//4
f 11794//4 11795//4 11799//4
f 11795//5 11800//5 11799//5
f 11795//5 11796//5 11800//5
f 11796//6 11797//6 11800//6
f 11796//6 11793//6 11797//6
f 11801//1 11803//1 11802//1
f 11801//1 11804//1 11803//1
f 11805//2 11806//2 11807//2
f 11805//2 11807//2 11808//2
f 11801//3 11806//3 11805//3
f 11801//3 11802//3 11806//3
f 11803//5 11808//5 11807//5
f 11803//5 11804//5 11808//5
f 11804//6 11805//6 11808//6
f 11804//6 11801//6 11805//6
f 11809//1 11811//1 11810//1
f 11809//1 11812//1 11811//1
f 11809//3 11814//3 11813//3
f 11809//3 11810//3 11814//3
f 11811//5 11816//5 11815//5
f 11811//5 11812//5 11816//5
f 11812//6 11813//6 11816//6
f 11812//6 11809//6 11813//6
f 11817//3 11822//3 11821//3
f 11817//3 11818//3 11822//3
f 11819//5 11824//5 11823//5
f 11819//5 11820//5 11824//5
f 11820//6 11821//6 11824//6
f 11820//6 11817//6 11821//6
f 11829//2 11830//2 11831//2
f 11829//2 11831//2 11832//2
f 11825//3 11830//3 11829//3
f 11825//3 11826//3 11830//3
f 11826//4 11831//4 11830//4
f 11826//4 11827//4 11831//4
f 11827//5 11832//5 11831//5
f 11827//5 11828//5 11832//5
f 11833//1 11835//1 11834//1
f 11833//1 11836//1 11835//1
f 11837//2 11838//2 11839//2
f 11837//2 11839//2 11840//2
f 11833//3 11838//3 11837//3
f 11833//3 11834//3 11838//3
f 11834//4 11839//4 11838//4
f 11834//4 11835//4 11839//4
f 11835//5 11840//5 11839//5
f 11835//5 11836//5 11840//5
f 11836//6 11837//6 11840//6
f 11836//6 11833//6 11837//6
f 11841//1 11843//1 11842//1
f 11841//1 11844//1 11843//1
f 11845//2 11846//2 11847//2
f 11845//2 11847//2 11848//2
f 11841//3 11846//3 11845//3
f 11841//3 11842//3 11846//3
f 11842//4 11847//4 11846//4
f 11842//4 11843//4 11847//4
f 11843//5 11848//5 11847//5
f 11843//5 11844//5 11848//5
f 11844//6 11845//6 11848//6
f 11844//6 11841//6 11845//6
f 11849//1 11851//1 11850//1
f 11849//1 11852//1 11851//1
f 11853//2 11854//2 11855//2
f 11853//2 11855//2 11856//2
f 11849//3 11854//3 11853//3
f 11849//3 11850//3 11854//3
f 11850//4 11855//4 11854//4
f 11850//4 11851//4 11855//4
f 11857//1 11859//1 11858//1
f 11857//1 11860//1 11859//1
f 11861//2 11862//2 11863//2
f 11861//2 11863//2 11864//2
f 11865//1 11867//1 11866//1
f 11865//1 11868//1 11867//1
f 11869//2 11870//2 11871//2
f 11869//2 11871//2 11872//2
f 11868//6 11869//6 11872//6
f 11868//6 11865//6 11869//6
f 11873//1 11875//1 11874//1
f 11873//1 11876//1 11875//1
f 11877//2 11878//2 11879//2
f 11877//2 11879//2 11880//2
f 11876//6 11877//6 11880//6
f 11876//6 11873//6 11877//6
f 11881//1 11883//1 11882//1
f 11881//1 11884//1 11883//1
f 11885//2 11886//2 11887//2
f 11885//2 11887//2 11888//2
f 11884//6 11885//6 11888//6
f 11884//6 11881//6 11885//6
f 11889//1 11891//1 11890//1
f 11889//1 11892//1 11891//1
f 11893//2 11894//2 11895//2
f 11893//2 11895//2 11896//2
f 11892//6 11893//6 11896//6
f 11892//6 11889//6 11893//6
f 11897//1 11899//1 11898//1
f 11897//1 11900//1 11899//1
f 11901//2 11902//2 11903//2
f 11901//2 11903//2 11904//2
f 11900//6 11901//6 11904//6
f 11900//6 11897//6 11901//6
f 11905//1 11907//1 11906//1
f 11905//1 11908//1 11907//1
f 11909//2 11910//2 11911//2
f 11909//2 11911//2 11912//2
f 11913//1 11915//1 11914//1
f 11913//1 11916//1 11915//1
f 11917//2 11918//2 11919//2
f 11917//2 11919//2 11920//2
f 11921//1 11923//1 11922//1
f 11921//1 11924//1 11923//1
f 11925//2 11926//2 11927//2
f 11925//2 11927//2 11928//2
f 11922//4 11927//4 11926//4
f 11922//4 11923//4 11927//4
f 11929//1 11931//1 11930//1
f 11929//1 11932//1 11931//1
f 11933//2 11934//2 11935//2
f 11933//2 11935//2 11936//2
f 11930//4 11935//4 11934//4
f 11930//4 11931//4 11935//4
f 11931//5 11936//5 11935//5
f 11931//5 11932//5 11936//5
f 11937//1 11939//1 11938//1
f 11937//1 11940//1 11939//1
f 11941//2 11942//2 11943//2
f 11941//2 11943//2 11944//2
f 11937//3 11942//3 11941//3
f 11937//3 11938//3 11942//3
f 11938//4 11943//4 11942//4
f 11938//4 11939//4 11943//4
f 11940//6 11941//6 11944//6
f 11940//6 11937//6 11941//6
f 11945//1 11947//1 11946//1
f 11945//1 11948//1 11947//1
f 11949//2 11950//2 11951//2
f 11949//2 11951//2 11952//2
f 11946//4 11951//4 11950//4
f 11946//4 11947//4 11951//4
f 11947//5 11952//5 11951//5
f 11947//5 11948//5 11952//5
f 11948//6 11949//6 11952//6
f 11948//6 11945//6 11949//6
f 11953//1 11955//1 11954//1
f 11953//1 11956//1 11955//1
f 11953//3 11958//3 11957//3
f 11953//3 11954//3 11958//3
f 11954//4 11959//4 11958//4
f 11954//4 11955//4 11959//4
f 11955//5 11960//5 11959//5
f 11955//5 11956//5 11960//5
f 11956//6 11957//6 11960//6
f 11956//6 11953//6 11957//6
f 11961//3 11966//3 11965//3
f 11961//3 11962//3 11966//3
f 11962//4 11967//4 11966//4
f 11962//4 11963//4 11967//4
f 11963//5 11968//5 11967//5
f 11963//5 11964//5 11968//5
f 11973//2 11974//2 11975//2
f 11973//2 11975//2 11976//2
f 11969//3 11974//3 11973//3
f 11969//3 11970//3 11974//3
f 11970//4 11975//4 11974//4
f 11970//4 11971//4 11975//4
f 11971//5 11976//5 11975//5
f 11971//5 11972//5 11976//5
f 11972//6 11973//6 11976//6
f 11972//6 11969//6 11973//6
f 11977//1 11979//1 11978//1
f 11977//1 11980//1 11979//1
f 11977//3 11982//3 11981//3
f 11977//3 11978//3 11982//3
f 11978//4 11983//4 11982//4
f 11978//4 11979//4 11983//4
f 11979//5 11984//5 11983//5
f 11979//5 11980//5 11984//5
f 11980//6 11981//6 11984//6
f 11980//6 11977//6 11981//6
f 11985//3 11990//3 11989//3
f 11985//3 11986//3 11990//3
f 11986//4 11991//4 11990//4
f 11986//4 11987//4 11991//4
f 11987//5 11992//5 11991//5
f 11987//5 11988//5 11992//5
f 11993//3 11998//3 11997//3
f 11993//3 11994//3 11998//3
f 11994//4 11999//4 11998//4
f 11994//4 11995//4 11999//4
f 11995//5 12000//5 11999//5
f 11995//5 11996//5 12000//5
f 11996//6 11997//6 12000//6
f 11996//6 11993//6 11997//6
f 12001//3 12006//3 12005//3
f 12001//3 12002//3 12006//3
f 12002//4 12007//4 12006//4
f 12002//4 12003//4 12007//4
f 12003//5 12008//5 12007//5
f 12003//5 12004//5 12008//5
f 12004//6 12005//6 12008//6
f 12004//6 12001//6 12005//6
f 12009//3 12014//3 12013//3
f 12009//3 12010//3 12014//3
f 12010//4 12015//4 12014//4
f 12010//4 12011//4 12015//4
f 12011//5 12016//5 12015//5
f 12011//5 12012//5 12016//5
f 12012//6 12013//6 12016//6
f 12012//6 12009//6 12013//6
f 12017//3 12022//3 12021//3
f 12017//3 12018//3 12022//3
f 12018//4 12023//4 12022//4
f 12018//4 12019//4 12023//4
f 12019//5 12024//5 12023//5
f 12019//5 12020//5 12024//5
f 12020//6 12021//6 12024//6
f 12020//6 12017//6 12021//6
f 12025//3 12030//3 12029//3
f 12025//3 12026//3 12030//3
f 12026//4 12031//4 12030//4
f 12026//4 12027//4 12031//4
f 12027//5 12032//5 12031//5
f 12027//5 12028//5 12032//5
f 12028//6 12029//6 12032//6
f 12028//6 12025//6 12029//6
f 12033//3 12038//3 12037//3
f 12033//3 12034//3 12038//3
f 12034//4 12039//4 12038//4
f 12034//4 12035//4 12039//4
f 12035//5 12040//5 12039//5
f 12035//5 12036//5 12040//5
f 12045//2 12046//2 12047//2
f 12045//2 12047//2 12048//2
f 12041//3 12046//3 12045//3
f 12041//3 12042//3 12046//3
f 12042//4 12047//4 12046//4
f 12042//4 12043//4 12047//4
f 12049//1 12051//1 12050//1
f 12049//1 12052//1 12051//1
f 12050//4 12055//4 12054//4
f 12050//4 12051//4 12055//4
f 12051//5 12056//5 12055//5
f 12051//5 12052//5 12056//5
f 12052//6 12053//6 12056//6
f 12052//6 12049//6 12053//6
f 12061//2 12062//2 12063//2
f 12061//2 12063//2 12064//2
f 12057//3 12062//3 12061//3
f 12057//3 12058//3 12062//3
f 12058//4 12063//4 12062//4
f 12058//4 12059//4 12063//4
f 12060//6 12061//6 12064//6
f 12060//6 12057//6 12061//6
f 12065//1 12067//1 12066//1
f 12065//1 12068//1 12067//1
f 12069//2 12070//2 12071//2
f 12069//2 12071//2 12072//2
f 12066//4 12071//4 12070//4
f 12066//4 12067//4 12071//4
f 12068//6 12069//6 12072//6
f 12068//6 12065//6 12069//6
f 12073//1 12075//1 12074//1
f 12073//1 12076//1 12075//1
f 12074//4 12079//4 12078//4
f 12074//4 12075//4 12079//4
f 12075//5 12080//5 12079//5
f 12075//5 12076//5 12080//5
f 12076//6 12077//6 12080//6
f 12076//6 12073//6 12077//6
f 12081//3 12086//3 12085//3
f 12081//3 12082//3 12086//3
f 12082//4 12087//4 12086//4
f 12082//4 12083//4 12087//4
f 12083//5 12088//5 12087//5
f 12083//5 12084//5 12088//5
f 12084//6 12085//6 12088//6
f 12084//6 12081//6 12085//6
f 12093//2 12094//2 12095//2
f 12093//2 12095//2 12096//2
f 12089//3 12094//3 12093//3
f 12089//3 12090//3 12094//3
f 12090//4 12095//4 12094//4
f 12090//4 12091//4 12095//4
f 12091//5 12096//5 12095//5
f 12091//5 12092//5 12096//5
f 12092//6 12093//6 12096//6
f 12092//6 12089//6 12093//6
f 12097//1 12099//1 12098//1
f 12097//1 12100//1 12099//1
f 12101//2 12102//2 12103//2
f 12101//2 12103//2 12104//2
f 12097//3 12102//3 12101//3
f 12097//3 12098//3 12102//3
f 12098//4 12103//4 12102//4
f 12098//4 12099//4 12103//4
f 12105//1 12107//1 12106//1
f 12105//1 12108//1 12107//1
f 12109//2 12110//2 12111//2
f 12109//2 12111//2 12112//2
f 12106//4 12111//4 12110//4
f 12106//4 12107//4 12111//4
f 12113//1 12115//1 12114//1
f 12113//1 12116//1 12115//1
f 12117//2 12118//2 12119//2
f 12117//2 12119//2 12120//2
f 12114//4 12119//4 12118//4
f 12114//4 12115//4 12119//4
f 12121//1 12123//1 12122//1
f 12121//1 12124//1 12123//1
f 12125//2 12126//2 12127//2
f 12125//2 12127//2 12128//2
f 12129//1 12131//1 12130//1
f 12129//1 12132//1 12131//1
f 12133//2 12134//2 12135//2
f 12133//2 12135//2 12136//2
f 12137//1 12139//1 12138//1
f 12137//1 12140//1 12139//1
f 12141//2 12142//2 12143//2
f 12141//2 12143//2 12144//2
f 12138//4 12143//4 12142//4
f 12138//4 12139//4 12143//4
f 12145//1 12147//1 12146//1
f 12145//1 12148//1 12147//1
f 12149//2 12150//2 12151//2
f 12149//2 12151//2 12152//2
f 12146//4 12151//4 12150//4
f 12146//4 12147//4 12151//4
f 12153//1 12155//1 12154//1
f 12153//1 12156//1 12155//1
f 12157//2 12158//2 12159//2
f 12157//2 12159//2 12160//2
f 12154//4 12159//4 12158//4
f 12154//4 12155//4 12159//4
f 12155//5 12160//5 12159//5
f 12155//5 12156//5 12160//5
f 12161//1 12163//1 12162//1
f 12161//1 12164//1 12163//1
f 12165//2 12166//2 12167//2
f 12165//2 12167//2 12168//2
f 12161//3 12166//3 12165//3
f 12161//3 12162//3 12166//3
f 12162//4 12167//4 12166//4
f 12162//4 12163//4 12167//4
f 12163//5 12168//5 12167//5
f 12163//5 12164//5 12168//5
f 12164//6 12165//6 12168//6
f 12164//6 12161//6 12165//6
f 12169//1 12171//1 12170//1
f 12169//1 12172//1 12171//1
f 12173//2 12174//2 12175//2
f 12173//2 12175//2 12176//2
f 12169//3 12174//3 12173//3
f 12169//3 12170//3 12174//3
f 12170//4 12175//4 12174//4
f 12170//4 12171//4 12175//4
f 12172//6 12173//6 12176//6
f 12172//6 12169//6 12173//6
f 12177//1 12179//1 12178//1
f 12177//1 12180//1 12179//1
f 12181//2 12182//2 12183//2
f 12181//2 12183//2 12184//2
f 12178//4 12183//4 12182//4
f 12178//4 12179//4 12183//4
f 12179//5 12184//5 12183//5
f 12179//5 12180//5 12184//5
f 12180//6 12181//6 12184//6
f 12180//6 12177//6 12181//6
f 12185//1 12187//1 12186//1
f 12185//1 12188//1 12187//1
f 12189//2 12190//2 12191//2
f 12189//2 12191//2 12192//2
f 12185//3 12190//3 12189//3
f 12185//3 12186//3 12190//3
f 12186//4 12191//4 12190//4
f 12186//4 12187//4 12191//4
f 12187//5 12192//5 12191//5
f 12187//5 12188//5 12192//5
f 12188//6 12189//6 12192//6
f 12188//6 12185//6 12189//6
f 12193//1 12195//1 12194//1
f 12193//1 12196//1 12195//1
f 12193//3 12198//3 12197//3
f 12193//3 12194//3 12198//3
f 12194//4 12199//4 12198//4
f 12194//4 12195//4 12199//4
f 12195//5 12200//5 12199//5
f 12195//5 12196//5 12200//5
f 12196//6 12197//6 12200//6
f 12196//6 12193//6 12197//6
f 12205//2 12206//2 12207//2
f 12205//2 12207//2 12208//2
f 12201//3 12206//3 12205//3
f 12201//3 12202//3 12206//3
f 12202//4 12207//4 12206//4
f 12202//4 12203//4 12207//4
f 12203//5 12208//5 12207//5
f 12203//5 12204//5 12208//5
f 12204//6 12205//6 12208//6
f 12204//6 12201//6 12205//6
f 12209//1 12211//1 12210//1
f 12209//1 12212//1 12211//1
f 12209//3 12214//3 12213//3
f 12209//3 12210//3 12214//3
f 12210//4 12215//4 12214//4
f 12210//4 12211//4 12215//4
f 12211//5 12216//5 12215//5
f 12211//5 12212//5 12216//5
f 12212//6 12213//6 12216//6
f 12212//6 12209//6 12213//6
f 12217//3 12222//3 12221//3
f 12217//3 12218//3 12222//3
f 12218//4 12223//4 12222//4
f 12218//4 12219//4 12223//4
f 12219//5 12224//5 12223//5
f 12219//5 12220//5 12224//5
f 12220//6 12221//6 12224//6
f 12220//6 12217//6 12221//6
f 12229//2 12230//2 12231//2
f 12229//2 12231//2 12232//2
f 12225//3 12230//3 12229//3
f 12225//3 12226//3 12230//3
f 12226//4 12231//4 12230//4
f 12226//4 12227//4 12231//4
f 12227//5 12232//5 12231//5
f 12227//5 12228//5 12232//5
f 12228//6 12229//6 12232//6
f 12228//6 12225//6 12229//6
f 12233//1 12235//1 12234//1
f 12233//1 12236//1 12235//1
f 12233//3 12238//3 12237//3
f 12233//3 12234//3 12238//3
f 12234//4 12239//4 12238//4
f 12234//4 12235//4 12239//4
f 12235//5 12240//5 12239//5
f 12235//5 12236//5 12240//5
f 12236//6 12237//6 12240//6
f 12236//6 12233//6 12237//6
f 12241//3 12246//3 12245//3
f 12241//3 12242//3 12246//3
f 12242//4 12247//4 12246//4
f 12242//4 12243//4 12247//4
f 12243//5 12248//5 12247//5
f 12243//5 12244//5 12248//5
f 12244//6 12245//6 12248//6
f 12244//6 12241//6 12245//6
f 12253//2 12254//2 12255//2
f 12253//2 12255//2 12256//2
f 12249//3 12254//3 12253//3
f 12249//3 12250//3 12254//3
f 12250//4 12255//4 12254//4
f 12250//4 12251//4 12255//4
f 12252//6 12253//6 12256//6
f 12252//6 12249//6 12253//6
f 12257//1 12259//1 12258//1
f 12257//1 12260//1 12259//1
f 12261//2 12262//2 12263//2
f 12261//2 12263//2 12264//2
f 12258//4 12263//4 12262//4
f 12258//4 12259//4 12263//4
f 12260//6 12261//6 12264//6
f 12260//6 12257//6 12261//6
f 12265//1 12267//1 12266//1
f 12265//1 12268//1 12267//1
f 12266//4 12271//4 12270//4
f 12266//4 12267//4 12271//4
f 12267//5 12272//5 12271//5
f 12267//5 12268//5 12272//5
f 12268//6 12269//6 12272//6
f 12268//6 12265//6 12269//6
f 12273//3 12278//3 12277//3
f 12273//3 12274//3 12278//3
f 12274//4 12279//4 12278//4
f 12274//4 12275//4 12279//4
f 12275//5 12280//5 12279//5
f 12275//5 12276//5 12280//5
f 12276//6 12277//6 12280//6
f 12276//6 12273//6 12277//6
f 12281//3 12286//3 12285//3
f 12281//3 12282//3 12286//3
f 12282//4 12287//4 12286//4
f 12282//4 12283//4 12287//4
f 12283//5 12288//5 12287//5
f 12283//5 12284//5 12288//5
f 12284//6 12285//6 12288//6
f 12284//6 12281//6 12285//6
f 12293//2 12294//2 12295//2
f 12293//2 12295//2 12296//2
f 12289//3 12294//3 12293//3
f 12289//3 12290//3 12294//3
f 12290//4 12295//4 12294//4
f 12290//4 12291//4 12295//4
f 12291//5 12296//5 12295//5
f 12291//5 12292//5 12296//5
f 12292//6 12293//6 12296//6
f 12292//6 12289//6 12293//6
f 12297//1 12299//1 12298//1
f 12297//1 12300//1 12299//1
f 12301//2 12302//2 12303//2
f 12301//2 12303//2 12304//2
f 12297//3 12302//3 12301//3
f 12297//3 12298//3 12302//3
f 12298//4 12303//4 12302//4
f 12298//4 12299//4 12303//4
f 12300//6 12301//6 12304//6
f 12300//6 12297//6 12301//6
f 12305//1 12307//1 12306//1
f 12305//1 12308//1 12307//1
f 12309//2 12310//2 12311//2
f 12309//2 12311//2 12312//2
f 12306//4 12311//4 12310//4
f 12306//4 12307//4 12311//4
f 12307//5 12312//5 12311//5
f 12307//5 12308//5 12312//5
f 12308//6 12309//6 12312//6
f 12308//6 12305//6 12309//6
f 12313//1 12315//1 12314//1
f 12313//1 12316//1 12315//1
f 12317//2 12318//2 12319//2
f 12317//2 12319//2 12320//2
f 12313//3 12318//3 12317//3
f 12313//3 12314//3 12318//3
f 12314//4 12319//4 12318//4
f 12314//4 12315//4 12319//4
f 12321//1 12323//1 12322//1
f 12321//1 12324//1 12323//1
f 12325//2 12326//2 12327//2
f 12325//2 12327//2 12328//2
f 12322//4 12327//4 12326//4
f 12322//4 12323//4 12327//4
f 12323//5 12328//5 12327//5
f 12323//5 12324//5 12328//5
f 12329//1 12331//1 12330//1
f 12329//1 12332//1 12331//1
f 12333//2 12334//2 12335//2
f 12333//2 12335//2 12336//2
f 12329//3 12334//3 12333//3
f 12329//3 12330//3 12334//3
f 12330//4 12335//4 12334//4
f 12330//4 12331//4 12335//4
f 12332//6 12333//6 12336//6
f 12332//6 12329//6 12333//6
f 12337//1 12339//1 12338//1
f 12337//1 12340//1 12339//1
f 12341//2 12342//2 12343//2
f 12341//2 12343//2 12344//2
f 12338//4 12343//4 12342//4
f 12338//4 12339//4 12343//4
f 12339//5 12344//5 12343//5
f 12339//5 12340//5 12344//5
f 12340//6 12341//6 12344//6
f 12340//6 12337//6 12341//6
f 12345//1 12347//1 12346//1
f 12345//1 12348//1 12347//1
f 12349//2 12350//2 12351//2
f 12349//2 12351//2 12352//2
f 12345//3 12350//3 12349//3
f 12345//3 12346//3 12350//3
f 12346//4 12351//4 12350//4
f 12346//4 12347//4 12351//4
f 12347//5 12352//5 12351//5
f 12347//5 12348//5 12352//5
f 12348//6 12349//6 12352//6
f 12348//6 12345//6 12349//6
f 12353//1 12355//1 12354//1
f 12353//1 12356//1 12355//1
f 12357//2 12358//2 12359//2
f 12357//2 12359//2 12360//2
f 12353//3 12358//3 12357//3
f 12353//3 12354//3 12358//3
f 12354//4 12359//4 12358//4
f 12354//4 12355//4 12359//4
f 12356//6 12357//6 12360//6
f 12356//6 12353//6 12357//6
f 12361//1 12363//1 12362//1
f 12361//1 12364//1 12363//1
f 12365//2 12366//2 12367//2
f 12365//2 12367//2 12368//2
f 12362//4 12367//4 12366//4
f 12362//4 12363//4 12367//4
f 12363//5 12368//5 12367//5
f 12363//5 12364//5 12368//5
f 12364//6 12365//6 12368//6
f 12364//6 12361//6 12365//6
f 12369//1 12371//1 12370//1
f 12369//1 12372//1 12371//1
f 12373//2 12374//2 12375//2
f 12373//2 12375//2 12376//2
f 12369//3 12374//3 12373//3
f 12369//3 12370//3 12374//3
f 12370//4 12375//4 12374//4
f 12370//4 12371//4 12375//4
f 12371//5 12376//5 12375//5
f 12371//5 12372//5 12376//5
f 12372//6 12373//6 12376//6
f 12372//6 12369//6 12373//6
f 12377//1 12379//1 12378//1
f 12377//1 12380//1 12379//1
f 12377//3 12382//3 12381//3
f 12377//3 12378//3 12382//3
f 12378//4 12383//4 12382//4
f 12378//4 12379//4 12383//4
f 12379//5 12384//5 12383//5
f 12379//5 12380//5 12384//5
f 12380//6 12381//6 12384//6
f 12380//6 12377//6 12381//6
f 12389//2 12390//2 12391//2
f 12389//2 12391//2 12392//2
f 12385//3 12390//3 12389//3
f 12385//3 12386//3 12390//3
f 12386//4 12391//4 12390//4
f 12386//4 12387//4 12391//4
f 12388//6 12389//6 12392//6
f 12388//6 12385//6 12389//6
f 12393//1 12395//1 12394//1
f 12393//1 12396//1 12395//1
f 12394//4 12399//4 12398//4
f 12394//4 12395//4 12399//4
f 12395//5 12400//5 12399//5
f 12395//5 12396//5 12400//5
f 12396//6 12397//6 12400//6
f 12396//6 12393//6 12397//6
f 12401//3 12406//3 12405//3
f 12401//3 12402//3 12406//3
f 12402//4 12407//4 12406//4
f 12402//4 12403//4 12407//4
f 12403//5 12408//5 12407//5
f 12403//5 12404//5 12408//5
f 12404//6 12405//6 12408//6
f 12404//6 12401//6 12405//6
f 12413//2 12414//2 12415//2
f 12413//2 12415//2 12416//2
f 12409//3 12414//3 12413//3
f 12409//3 12410//3 12414//3
f 12410//4 12415//4 12414//4
f 12410//4 12411//4 12415//4
f 12411//5 12416//5 12415//5
f 12411//5 12412//5 12416//5
f 12412//6 12413//6 12416//6
f 12412//6 12409//6 12413//6
f 12417//1 12419//1 12418//1
f 12417//1 12420//1 12419//1
f 12421//2 12422//2 12423//2
f 12421//2 12423//2 12424//2
f 12417//3 12422//3 12421//3
f 12417//3 12418//3 12422//3
f 12418//4 12423//4 12422//4
f 12418//4 12419//4 12423//4
f 12420//6 12421//6 12424//6
f 12420//6 12417//6 12421//6
f 12425//1 12427//1 12426//1
f 12425//1 12428//1 12427//1
f 12429//2 12430//2 12431//2
f 12429//2 12431//2 12432//2
f 12426//4 12431//4 12430//4
f 12426//4 12427//4 12431//4
f 12428//6 12429//6 12432//6
f 12428//6 12425//6 12429//6
f 12433//1 12435//1 12434//1
f 12433//1 12436//1 12435//1
f 12437//2 12438//2 12439//2
f 12437//2 12439//2 12440//2
f 12434//4 12439//4 12438//4
f 12434//4 12435//4 12439//4
f 12436//6 12437//6 12440//6
f 12436//6 12433//6 12437//6
f 12441//1 12443//1 12442//1
f 12441//1 12444//1 12443//1
f 12445//2 12446//2 12447//2
f 12445//2 12447//2 12448//2
f 12442//4 12447//4 12446//4
f 12442//4 12443//4 12447//4
f 12443//5 12448//5 12447//5
f 12443//5 12444//5 12448//5
f 12444//6 12445//6 12448//6
f 12444//6 12441//6 12445//6
f 12449//1 12451//1 12450//1
f 12449//1 12452//1 12451//1
f 12453//2 12454//2 12455//2
f 12453//2 12455//2 12456//2
f 12449//3 12454//3 12453//3
f 12449//3 12450//3 12454//3
f 12450//4 12455//4 12454//4
f 12450//4 12451//4 12455//4
f 12452//6 12453//6 12456//6
f 12452//6 12449//6 12453//6
f 12457//1 12459//1 12458//1
f 12457//1 12460//1 12459//1
f 12461//2 12462//2 12463//2
f 12461//2 12463//2 12464//2
f 12458//4 12463//4 12462//4
f 12458//4 12459//4 12463//4
f 12459//5 12464//5 12463//5
f 12459//5 12460//5 12464//5
f 12460//6 12461//6 12464//6
f 12460//6 12457//6 12461//6
