vn 0 0 -1
vn 0 0 1
vn 0 -1 0
vn 1 0 0
vn 0 1 0
vn -1 0 0
v 0.39500 -0.16500 0.06000
v 0.40000 -0.16500 0.06000
v 0.40000 -0.16000 0.06000
v 0.39500 -0.16000 0.06000
v 0.39500 -0.16500 0.06500
v 0.40000 -0.16500 0.06500
v 0.40000 -0.16000 0.06500
v 0.39500 -0.16000 0.06500
v 0.39500 -0.16500 0.06500
v 0.40000 -0.16500 0.06500
v 0.40000 -0.16000 0.06500
v 0.39500 -0.16000 0.06500
v 0.39500 -0.16500 0.07000
v 0.40000 -0.16500 0.07000
v 0.40000 -0.16000 0.07000
v 0.39500 -0.16000 0.07000
v 0.39500 -0.16500 0.07000
v 0.40000 -0.16500 0.07000
v 0.40000 -0.16000 0.07000
v 0.39500 -0.16000 0.07000
v 0.39500 -0.16500 0.07500
v 0.40000 -0.16500 0.07500
v 0.40000 -0.16000 0.07500
v 0.39500 -0.16000 0.07500
v 0.39500 -0.16500 0.08000
v 0.40000 -0.16500 0.08000
v 0.40000 -0.16000 0.08000
v 0.39500 -0.16000 0.08000
v 0.39500 -0.16500 0.08500
v 0.40000 -0.16500 0.08500
v 0.40000 -0.16000 0.08500
v 0.39500 -0.16000 0.08500
v 0.39500 -0.16500 0.08500
v 0.40000 -0.16500 0.08500
v 0.40000 -0.16000 0.08500
v 0.39500 -0.16000 0.08500
v 0.39500 -0.16500 0.09000
v 0.40000 -0.16500 0.09000
v 0.40000 -0.16000 0.09000
v 0.39500 -0.16000 0.09000
v 0.39500 -0.16500 0.09000
v 0.40000 -0.16500 0.09000
v 0.40000 -0.16000 0.09000
v 0.39500 -0.16000 0.09000
v 0.39500 -0.16500 0.09500
v 0.40000 -0.16500 0.09500
v 0.40000 -0.16000 0.09500
v 0.39500 -0.16000 0.09500
v 0.39500 -0.16500 0.09500
v 0.40000 -0.16500 0.09500
v 0.40000 -0.16000 0.09500
v 0.39500 -0.16000 0.09500
v 0.39500 -0.16500 0.10000
v 0.40000 -0.16500 0.10000
v 0.40000 -0.16000 0.10000
v 0.39500 -0.16000 0.10000
v 0.39500 -0.16500 0.10000
v 0.40000 -0.16500 0.10000
v 0.40000 -0.16000 0.10000
v 0.39500 -0.16000 0.10000
v 0.39500 -0.16500 0.10500
v 0.40000 -0.16500 0.10500
v 0.40000 -0.16000 0.10500
v 0.39500 -0.16000 0.10500
v 0.39500 -0.16500 0.10500
v 0.40000 -0.16500 0.10500
v 0.40000 -0.16000 0.10500
v 0.39500 -0.16000 0.10500
v 0.39500 -0.16500 0.11000
v 0.40000 -0.16500 0.11000
v 0.40000 -0.16000 0.11000
v 0.39500 -0.16000 0.11000
v 0.39500 -0.16500 0.11000
v 0.40000 -0.16500 0.11000
v 0.40000 -0.16000 0.11000
v 0.39500 -0.16000 0.11000
v 0.39500 -0.16500 0.11500
v 0.40000 -0.16500 0.11500
v 0.40000 -0.16000 0.11500
v 0.39500 -0.16000 0.11500
v 0.39500 -0.16500 0.11500
v 0.40000 -0.16500 0.11500
v 0.40000 -0.16000 0.11500
v 0.39500 -0.16000 0.11500
v 0.39500 -0.16500 0.12000
v 0.40000 -0.16500 0.12000
v 0.40000 -0.16000 0.12000
v 0.39500 -0.16000 0.12000
v 0.39500 -0.16500 0.12000
v 0.40000 -0.16500 0.12000
v 0.40000 -0.16000 0.12000
v 0.39500 -0.16000 0.12000
v 0.39500 -0.16500 0.12500
v 0.40000 -0.16500 0.12500
v 0.40000 -0.16000 0.12500
v 0.39500 -0.16000 0.12500
v 0.39500 -0.16500 0.12500
v 0.40000 -0.16500 0.12500
v 0.40000 -0.16000 0.12500
v 0.39500 -0.16000 0.12500
v 0.39500 -0.16500 0.13000
v 0.40000 -0.16500 0.13000
v 0.40000 -0.16000 0.13000
v 0.39500 -0.16000 0.13000
v 0.39500 -0.16500 0.13000
v 0.40000 -0.16500 0.13000
v 0.40000 -0.16000 0.13000
v 0.39500 -0.16000 0.13000
v 0.39500 -0.16500 0.13500
v 0.40000 -0.16500 0.13500
v 0.40000 -0.16000 0.13500
v 0.39500 -0.16000 0.13500
v 0.39500 -0.16500 0.13500
v 0.40000 -0.16500 0.13500
v 0.40000 -0.16000 0.13500
v 0.39500 -0.16000 0.13500
v 0.39500 -0.16500 0.14000
v 0.40000 -0.16500 0.14000
v 0.40000 -0.16000 0.14000
v 0.39500 -0.16000 0.14000
v 0.39500 -0.16500 0.14000
v 0.40000 -0.16500 0.14000
v 0.40000 -0.16000 0.14000
v 0.39500 -0.16000 0.14000
v 0.39500 -0.16500 0.14500
v 0.40000 -0.16500 0.14500
v 0.40000 -0.16000 0.14500
v 0.39500 -0.16000 0.14500
v 0.39500 -0.16500 0.14500
v 0.40000 -0.16500 0.14500
v 0.40000 -0.16000 0.14500
v 0.39500 -0.16000 0.14500
v 0.39500 -0.16500 0.15000
v 0.40000 -0.16500 0.15000
v 0.40000 -0.16000 0.15000
v 0.39500 -0.16000 0.15000
v 0.39500 -0.16500 0.15000
v 0.40000 -0.16500 0.15000
v 0.40000 -0.16000 0.15000
v 0.39500 -0.16000 0.15000
v 0.39500 -0.16500 0.15500
v 0.40000 -0.16500 0.15500
v 0.40000 -0.16000 0.15500
v 0.39500 -0.16000 0.15500
v 0.39500 -0.16000 0.05500
v 0.40000 -0.16000 0.05500
v 0.40000 -0.15500 0.05500
v 0.39500 -0.15500 0.05500
v 0.39500 -0.16000 0.06000
v 0.40000 -0.16000 0.06000
v 0.40000 -0.15500 0.06000
v 0.39500 -0.15500 0.06000
v 0.39500 -0.16000 0.06000
v 0.40000 -0.16000 0.06000
v 0.40000 -0.15500 0.06000
v 0.39500 -0.15500 0.06000
v 0.39500 -0.16000 0.06500
v 0.40000 -0.16000 0.06500
v 0.40000 -0.15500 0.06500
v 0.39500 -0.15500 0.06500
v 0.39500 -0.16000 0.06500
v 0.40000 -0.16000 0.06500
v 0.40000 -0.15500 0.06500
v 0.39500 -0.15500 0.06500
v 0.39500 -0.16000 0.07000
v 0.40000 -0.16000 0.07000
v 0.40000 -0.15500 0.07000
v 0.39500 -0.15500 0.07000
v 0.39500 -0.16000 0.07000
v 0.40000 -0.16000 0.07000
v 0.40000 -0.15500 0.07000
v 0.39500 -0.15500 0.07000
v 0.39500 -0.16000 0.07500
v 0.40000 -0.16000 0.07500
v 0.40000 -0.15500 0.07500
v 0.39500 -0.15500 0.07500
v 0.39500 -0.16000 0.07500
v 0.40000 -0.16000 0.07500
v 0.40000 -0.15500 0.07500
v 0.39500 -0.15500 0.07500
v 0.39500 -0.16000 0.08000
v 0.40000 -0.16000 0.08000
v 0.40000 -0.15500 0.08000
v 0.39500 -0.15500 0.08000
v 0.39500 -0.16000 0.08000
v 0.40000 -0.16000 0.08000
v 0.40000 -0.15500 0.08000
v 0.39500 -0.15500 0.08000
v 0.39500 -0.16000 0.08500
v 0.40000 -0.16000 0.08500
v 0.40000 -0.15500 0.08500
v 0.39500 -0.15500 0.08500
v 0.39500 -0.16000 0.08500
v 0.40000 -0.16000 0.08500
v 0.40000 -0.15500 0.08500
v 0.39500 -0.15500 0.08500
v 0.39500 -0.16000 0.09000
v 0.40000 -0.16000 0.09000
v 0.40000 -0.15500 0.09000
v 0.39500 -0.15500 0.09000
v 0.39500 -0.16000 0.09000
v 0.40000 -0.16000 0.09000
v 0.40000 -0.15500 0.09000
v 0.39500 -0.15500 0.09000
v 0.39500 -0.16000 0.09500
v 0.40000 -0.16000 0.09500
v 0.40000 -0.15500 0.09500
v 0.39500 -0.15500 0.09500
v 0.39500 -0.16000 0.09500
v 0.40000 -0.16000 0.09500
v 0.40000 -0.15500 0.09500
v 0.39500 -0.15500 0.09500
v 0.39500 -0.16000 0.10000
v 0.40000 -0.16000 0.10000
v 0.40000 -0.15500 0.10000
v 0.39500 -0.15500 0.10000
v 0.39500 -0.16000 0.10000
v 0.40000 -0.16000 0.10000
v 0.40000 -0.15500 0.10000
v 0.39500 -0.15500 0.10000
v 0.39500 -0.16000 0.10500
v 0.40000 -0.16000 0.10500
v 0.40000 -0.15500 0.10500
v 0.39500 -0.15500 0.10500
v 0.39500 -0.16000 0.10500
v 0.40000 -0.16000 0.10500
v 0.40000 -0.15500 0.10500
v 0.39500 -0.15500 0.10500
v 0.39500 -0.16000 0.11000
v 0.40000 -0.16000 0.11000
v 0.40000 -0.15500 0.11000
v 0.39500 -0.15500 0.11000
v 0.39500 -0.16000 0.11000
v 0.40000 -0.16000 0.11000
v 0.40000 -0.15500 0.11000
v 0.39500 -0.15500 0.11000
v 0.39500 -0.16000 0.11500
v 0.40000 -0.16000 0.11500
v 0.40000 -0.15500 0.11500
v 0.39500 -0.15500 0.11500
v 0.39500 -0.16000 0.11500
v 0.40000 -0.16000 0.11500
v 0.40000 -0.15500 0.11500
v 0.39500 -0.15500 0.11500
v 0.39500 -0.16000 0.12000
v 0.40000 -0.16000 0.12000
v 0.40000 -0.15500 0.12000
v 0.39500 -0.15500 0.12000
v 0.39500 -0.16000 0.12000
v 0.40000 -0.16000 0.12000
v 0.40000 -0.15500 0.12000
v 0.39500 -0.15500 0.12000
v 0.39500 -0.16000 0.12500
v 0.40000 -0.16000 0.12500
v 0.40000 -0.15500 0.12500
v 0.39500 -0.15500 0.12500
v 0.39500 -0.16000 0.12500
v 0.40000 -0.16000 0.12500
v 0.40000 -0.15500 0.12500
v 0.39500 -0.15500 0.12500
v 0.39500 -0.16000 0.13000
v 0.40000 -0.16000 0.13000
v 0.40000 -0.15500 0.13000
v 0.39500 -0.15500 0.13000
v 0.39500 -0.16000 0.13000
v 0.40000 -0.16000 0.13000
v 0.40000 -0.15500 0.13000
v 0.39500 -0.15500 0.13000
v 0.39500 -0.16000 0.13500
v 0.40000 -0.16000 0.13500
v 0.40000 -0.15500 0.13500
v 0.39500 -0.15500 0.13500
v 0.39500 -0.16000 0.13500
v 0.40000 -0.16000 0.13500
v 0.40000 -0.15500 0.13500
v 0.39500 -0.15500 0.13500
v 0.39500 -0.16000 0.14000
v 0.40000 -0.16000 0.14000
v 0.40000 -0.15500 0.14000
v 0.39500 -0.15500 0.14000
v 0.39500 -0.16000 0.14000
v 0.40000 -0.16000 0.14000
v 0.40000 -0.15500 0.14000
v 0.39500 -0.15500 0.14000
v 0.39500 -0.16000 0.14500
v 0.40000 -0.16000 0.14500
v 0.40000 -0.15500 0.14500
v 0.39500 -0.15500 0.14500
v 0.39500 -0.16000 0.14500
v 0.40000 -0.16000 0.14500
v 0.40000 -0.15500 0.14500
v 0.39500 -0.15500 0.14500
v 0.39500 -0.16000 0.15000
v 0.40000 -0.16000 0.15000
v 0.40000 -0.15500 0.15000
v 0.39500 -0.15500 0.15000
v 0.39500 -0.16000 0.15000
v 0.40000 -0.16000 0.15000
v 0.40000 -0.15500 0.15000
v 0.39500 -0.15500 0.15000
v 0.39500 -0.16000 0.15500
v 0.40000 -0.16000 0.15500
v 0.40000 -0.15500 0.15500
v 0.39500 -0.15500 0.15500
v 0.39500 -0.16000 0.15500
v 0.40000 -0.16000 0.15500
v 0.40000 -0.15500 0.15500
v 0.39500 -0.15500 0.15500
v 0.39500 -0.16000 0.16000
v 0.40000 -0.16000 0.16000
v 0.40000 -0.15500 0.16000
v 0.39500 -0.15500 0.16000
v 0.39500 -0.16000 0.16000
v 0.40000 -0.16000 0.16000
v 0.40000 -0.15500 0.16000
v 0.39500 -0.15500 0.16000
v 0.39500 -0.16000 0.16500
v 0.40000 -0.16000 0.16500
v 0.40000 -0.15500 0.16500
v 0.39500 -0.15500 0.16500
v 0.39500 -0.16000 0.16500
v 0.40000 -0.16000 0.16500
v 0.40000 -0.15500 0.16500
v 0.39500 -0.15500 0.16500
v 0.39500 -0.16000 0.17000
v 0.40000 -0.16000 0.17000
v 0.40000 -0.15500 0.17000
v 0.39500 -0.15500 0.17000
v 0.39500 -0.16000 0.17000
v 0.40000 -0.16000 0.17000
v 0.40000 -0.15500 0.17000
v 0.39500 -0.15500 0.17000
v 0.39500 -0.16000 0.17500
v 0.40000 -0.16000 0.17500
v 0.40000 -0.15500 0.17500
v 0.39500 -0.15500 0.17500
v 0.39500 -0.15500 0.05000
v 0.40000 -0.15500 0.05000
v 0.40000 -0.15000 0.05000
v 0.39500 -0.15000 0.05000
v 0.39500 -0.15500 0.05500
v 0.40000 -0.15500 0.05500
v 0.40000 -0.15000 0.05500
v 0.39500 -0.15000 0.05500
v 0.39500 -0.15500 0.05500
v 0.40000 -0.15500 0.05500
v 0.40000 -0.15000 0.05500
v 0.39500 -0.15000 0.05500
v 0.39500 -0.15500 0.06000
v 0.40000 -0.15500 0.06000
v 0.40000 -0.15000 0.06000
v 0.39500 -0.15000 0.06000
v 0.39500 -0.15500 0.06000
v 0.40000 -0.15500 0.06000
v 0.40000 -0.15000 0.06000
v 0.39500 -0.15000 0.06000
v 0.39500 -0.15500 0.06500
v 0.40000 -0.15500 0.06500
v 0.40000 -0.15000 0.06500
v 0.39500 -0.15000 0.06500
v 0.39500 -0.15500 0.06500
v 0.40000 -0.15500 0.06500
v 0.40000 -0.15000 0.06500
v 0.39500 -0.15000 0.06500
v 0.39500 -0.15500 0.07000
v 0.40000 -0.15500 0.07000
v 0.40000 -0.15000 0.07000
v 0.39500 -0.15000 0.07000
v 0.39500 -0.15500 0.07000
v 0.40000 -0.15500 0.07000
v 0.40000 -0.15000 0.07000
v 0.39500 -0.15000 0.07000
v 0.39500 -0.15500 0.07500
v 0.40000 -0.15500 0.07500
v 0.40000 -0.15000 0.07500
v 0.39500 -0.15000 0.07500
v 0.39500 -0.15500 0.07500
v 0.40000 -0.15500 0.07500
v 0.40000 -0.15000 0.07500
v 0.39500 -0.15000 0.07500
v 0.39500 -0.15500 0.08000
v 0.40000 -0.15500 0.08000
v 0.40000 -0.15000 0.08000
v 0.39500 -0.15000 0.08000
v 0.39500 -0.15500 0.08000
v 0.40000 -0.15500 0.08000
v 0.40000 -0.15000 0.08000
v 0.39500 -0.15000 0.08000
v 0.39500 -0.15500 0.08500
v 0.40000 -0.15500 0.08500
v 0.40000 -0.15000 0.08500
v 0.39500 -0.15000 0.08500
v 0.39500 -0.15500 0.08500
v 0.40000 -0.15500 0.08500
v 0.40000 -0.15000 0.08500
v 0.39500 -0.15000 0.08500
v 0.39500 -0.15500 0.09000
v 0.40000 -0.15500 0.09000
v 0.40000 -0.15000 0.09000
v 0.39500 -0.15000 0.09000
v 0.39500 -0.15500 0.09000
v 0.40000 -0.15500 0.09000
v 0.40000 -0.15000 0.09000
v 0.39500 -0.15000 0.09000
v 0.39500 -0.15500 0.09500
v 0.40000 -0.15500 0.09500
v 0.40000 -0.15000 0.09500
v 0.39500 -0.15000 0.09500
v 0.39500 -0.15500 0.09500
v 0.40000 -0.15500 0.09500
v 0.40000 -0.15000 0.09500
v 0.39500 -0.15000 0.09500
v 0.39500 -0.15500 0.10000
v 0.40000 -0.15500 0.10000
v 0.40000 -0.15000 0.10000
v 0.39500 -0.15000 0.10000
v 0.39500 -0.15500 0.10000
v 0.40000 -0.15500 0.10000
v 0.40000 -0.15000 0.10000
v 0.39500 -0.15000 0.10000
v 0.39500 -0.15500 0.10500
v 0.40000 -0.15500 0.10500
v 0.40000 -0.15000 0.10500
v 0.39500 -0.15000 0.10500
v 0.39500 -0.15500 0.10500
v 0.40000 -0.15500 0.10500
v 0.40000 -0.15000 0.10500
v 0.39500 -0.15000 0.10500
v 0.39500 -0.15500 0.11000
v 0.40000 -0.15500 0.11000
v 0.40000 -0.15000 0.11000
v 0.39500 -0.15000 0.11000
v 0.39500 -0.15500 0.11000
v 0.40000 -0.15500 0.11000
v 0.40000 -0.15000 0.11000
v 0.39500 -0.15000 0.11000
v 0.39500 -0.15500 0.11500
v 0.40000 -0.15500 0.11500
v 0.40000 -0.15000 0.11500
v 0.39500 -0.15000 0.11500
v 0.39500 -0.15500 0.11500
v 0.40000 -0.15500 0.11500
v 0.40000 -0.15000 0.11500
v 0.39500 -0.15000 0.11500
v 0.39500 -0.15500 0.12000
v 0.40000 -0.15500 0.12000
v 0.40000 -0.15000 0.12000
v 0.39500 -0.15000 0.12000
v 0.39500 -0.15500 0.12000
v 0.40000 -0.15500 0.12000
v 0.40000 -0.15000 0.12000
v 0.39500 -0.15000 0.12000
v 0.39500 -0.15500 0.12500
v 0.40000 -0.15500 0.12500
v 0.40000 -0.15000 0.12500
v 0.39500 -0.15000 0.12500
v 0.39500 -0.15500 0.12500
v 0.40000 -0.15500 0.12500
v 0.40000 -0.15000 0.12500
v 0.39500 -0.15000 0.12500
v 0.39500 -0.15500 0.13000
v 0.40000 -0.15500 0.13000
v 0.40000 -0.15000 0.13000
v 0.39500 -0.15000 0.13000
v 0.39500 -0.15500 0.13000
v 0.40000 -0.15500 0.13000
v 0.40000 -0.15000 0.13000
v 0.39500 -0.15000 0.13000
v 0.39500 -0.15500 0.13500
v 0.40000 -0.15500 0.13500
v 0.40000 -0.15000 0.13500
v 0.39500 -0.15000 0.13500
v 0.39500 -0.15500 0.13500
v 0.40000 -0.15500 0.13500
v 0.40000 -0.15000 0.13500
v 0.39500 -0.15000 0.13500
v 0.39500 -0.15500 0.14000
v 0.40000 -0.15500 0.14000
v 0.40000 -0.15000 0.14000
v 0.39500 -0.15000 0.14000
v 0.39500 -0.15500 0.14000
v 0.40000 -0.15500 0.14000
v 0.40000 -0.15000 0.14000
v 0.39500 -0.15000 0.14000
v 0.39500 -0.15500 0.14500
v 0.40000 -0.15500 0.14500
v 0.40000 -0.15000 0.14500
v 0.39500 -0.15000 0.14500
v 0.39500 -0.15500 0.14500
v 0.40000 -0.15500 0.14500
v 0.40000 -0.15000 0.14500
v 0.39500 -0.15000 0.14500
v 0.39500 -0.15500 0.15000
v 0.40000 -0.15500 0.15000
v 0.40000 -0.15000 0.15000
v 0.39500 -0.15000 0.15000
v 0.39500 -0.15500 0.15500
v 0.40000 -0.15500 0.15500
v 0.40000 -0.15000 0.15500
v 0.39500 -0.15000 0.15500
v 0.39500 -0.15500 0.16000
v 0.40000 -0.15500 0.16000
v 0.40000 -0.15000 0.16000
v 0.39500 -0.15000 0.16000
v 0.39500 -0.15500 0.16000
v 0.40000 -0.15500 0.16000
v 0.40000 -0.15000 0.16000
v 0.39500 -0.15000 0.16000
v 0.39500 -0.15500 0.16500
v 0.40000 -0.15500 0.16500
v 0.40000 -0.15000 0.16500
v 0.39500 -0.15000 0.16500
v 0.39500 -0.15500 0.16500
v 0.40000 -0.15500 0.16500
v 0.40000 -0.15000 0.16500
v 0.39500 -0.15000 0.16500
v 0.39500 -0.15500 0.17000
v 0.40000 -0.15500 0.17000
v 0.40000 -0.15000 0.17000
v 0.39500 -0.15000 0.17000
v 0.39500 -0.15500 0.17000
v 0.40000 -0.15500 0.17000
v 0.40000 -0.15000 0.17000
v 0.39500 -0.15000 0.17000
v 0.39500 -0.15500 0.17500
v 0.40000 -0.15500 0.17500
v 0.40000 -0.15000 0.17500
v 0.39500 -0.15000 0.17500
v 0.39500 -0.15000 0.08000
v 0.40000 -0.15000 0.08000
v 0.40000 -0.14500 0.08000
v 0.39500 -0.14500 0.08000
v 0.39500 -0.15000 0.08500
v 0.40000 -0.15000 0.08500
v 0.40000 -0.14500 0.08500
v 0.39500 -0.14500 0.08500
v 0.39500 -0.15000 0.08500
v 0.40000 -0.15000 0.08500
v 0.40000 -0.14500 0.08500
v 0.39500 -0.14500 0.08500
v 0.39500 -0.15000 0.09000
v 0.40000 -0.15000 0.09000
v 0.40000 -0.14500 0.09000
v 0.39500 -0.14500 0.09000
v 0.39500 -0.15000 0.11000
v 0.40000 -0.15000 0.11000
v 0.40000 -0.14500 0.11000
v 0.39500 -0.14500 0.11000
v 0.39500 -0.15000 0.11500
v 0.40000 -0.15000 0.11500
v 0.40000 -0.14500 0.11500
v 0.39500 -0.14500 0.11500
v 0.40000 -0.18500 0.03500
v 0.40500 -0.18500 0.03500
v 0.40500 -0.18000 0.03500
v 0.40000 -0.18000 0.03500
v 0.40000 -0.18500 0.04000
v 0.40500 -0.18500 0.04000
v 0.40500 -0.18000 0.04000
v 0.40000 -0.18000 0.04000
v 0.40000 -0.18500 0.04500
v 0.40500 -0.18500 0.04500
v 0.40500 -0.18000 0.04500
v 0.40000 -0.18000 0.04500
v 0.40000 -0.18500 0.05000
v 0.40500 -0.18500 0.05000
v 0.40500 -0.18000 0.05000
v 0.40000 -0.18000 0.05000
v 0.40000 -0.18500 0.06000
v 0.40500 -0.18500 0.06000
v 0.40500 -0.18000 0.06000
v 0.40000 -0.18000 0.06000
v 0.40000 -0.18500 0.06500
v 0.40500 -0.18500 0.06500
v 0.40500 -0.18000 0.06500
v 0.40000 -0.18000 0.06500
v 0.40000 -0.18500 0.06500
v 0.40500 -0.18500 0.06500
v 0.40500 -0.18000 0.06500
v 0.40000 -0.18000 0.06500
v 0.40000 -0.18500 0.07000
v 0.40500 -0.18500 0.07000
v 0.40500 -0.18000 0.07000
v 0.40000 -0.18000 0.07000
v 0.40000 -0.18500 0.07000
v 0.40500 -0.18500 0.07000
v 0.40500 -0.18000 0.07000
v 0.40000 -0.18000 0.07000
v 0.40000 -0.18500 0.07500
v 0.40500 -0.18500 0.07500
v 0.40500 -0.18000 0.07500
v 0.40000 -0.18000 0.07500
v 0.40000 -0.18500 0.07500
v 0.40500 -0.18500 0.07500
v 0.40500 -0.18000 0.07500
v 0.40000 -0.18000 0.07500
v 0.40000 -0.18500 0.08000
v 0.40500 -0.18500 0.08000
v 0.40500 -0.18000 0.08000
v 0.40000 -0.18000 0.08000
v 0.40000 -0.18500 0.08500
v 0.40500 -0.18500 0.08500
v 0.40500 -0.18000 0.08500
v 0.40000 -0.18000 0.08500
v 0.40000 -0.18500 0.09000
v 0.40500 -0.18500 0.09000
v 0.40500 -0.18000 0.09000
v 0.40000 -0.18000 0.09000
v 0.40000 -0.18500 0.09500
v 0.40500 -0.18500 0.09500
v 0.40500 -0.18000 0.09500
v 0.40000 -0.18000 0.09500
v 0.40000 -0.18500 0.10000
v 0.40500 -0.18500 0.10000
v 0.40500 -0.18000 0.10000
v 0.40000 -0.18000 0.10000
v 0.40000 -0.18500 0.11000
v 0.40500 -0.18500 0.11000
v 0.40500 -0.18000 0.11000
v 0.40000 -0.18000 0.11000
v 0.40000 -0.18500 0.11500
v 0.40500 -0.18500 0.11500
v 0.40500 -0.18000 0.11500
v 0.40000 -0.18000 0.11500
v 0.40000 -0.18000 0.03000
v 0.40500 -0.18000 0.03000
v 0.40500 -0.17500 0.03000
v 0.40000 -0.17500 0.03000
v 0.40000 -0.18000 0.03500
v 0.40500 -0.18000 0.03500
v 0.40500 -0.17500 0.03500
v 0.40000 -0.17500 0.03500
v 0.40000 -0.18000 0.03500
v 0.40500 -0.18000 0.03500
v 0.40500 -0.17500 0.03500
v 0.40000 -0.17500 0.03500
v 0.40000 -0.18000 0.04000
v 0.40500 -0.18000 0.04000
v 0.40500 -0.17500 0.04000
v 0.40000 -0.17500 0.04000
v 0.40000 -0.18000 0.04000
v 0.40500 -0.18000 0.04000
v 0.40500 -0.17500 0.04000
v 0.40000 -0.17500 0.04000
v 0.40000 -0.18000 0.04500
v 0.40500 -0.18000 0.04500
v 0.40500 -0.17500 0.04500
v 0.40000 -0.17500 0.04500
v 0.40000 -0.18000 0.04500
v 0.40500 -0.18000 0.04500
v 0.40500 -0.17500 0.04500
v 0.40000 -0.17500 0.04500
v 0.40000 -0.18000 0.05000
v 0.40500 -0.18000 0.05000
v 0.40500 -0.17500 0.05000
v 0.40000 -0.17500 0.05000
v 0.40000 -0.18000 0.05000
v 0.40500 -0.18000 0.05000
v 0.40500 -0.17500 0.05000
v 0.40000 -0.17500 0.05000
v 0.40000 -0.18000 0.05500
v 0.40500 -0.18000 0.05500
v 0.40500 -0.17500 0.05500
v 0.40000 -0.17500 0.05500
v 0.40000 -0.18000 0.05500
v 0.40500 -0.18000 0.05500
v 0.40500 -0.17500 0.05500
v 0.40000 -0.17500 0.05500
v 0.40000 -0.18000 0.06000
v 0.40500 -0.18000 0.06000
v 0.40500 -0.17500 0.06000
v 0.40000 -0.17500 0.06000
v 0.40000 -0.18000 0.06000
v 0.40500 -0.18000 0.06000
v 0.40500 -0.17500 0.06000
v 0.40000 -0.17500 0.06000
v 0.40000 -0.18000 0.06500
v 0.40500 -0.18000 0.06500
v 0.40500 -0.17500 0.06500
v 0.40000 -0.17500 0.06500
v 0.40000 -0.18000 0.06500
v 0.40500 -0.18000 0.06500
v 0.40500 -0.17500 0.06500
v 0.40000 -0.17500 0.06500
v 0.40000 -0.18000 0.07000
v 0.40500 -0.18000 0.07000
v 0.40500 -0.17500 0.07000
v 0.40000 -0.17500 0.07000
v 0.40000 -0.18000 0.07000
v 0.40500 -0.18000 0.07000
v 0.40500 -0.17500 0.07000
v 0.40000 -0.17500 0.07000
v 0.40000 -0.18000 0.07500
v 0.40500 -0.18000 0.07500
v 0.40500 -0.17500 0.07500
v 0.40000 -0.17500 0.07500
v 0.40000 -0.18000 0.07500
v 0.40500 -0.18000 0.07500
v 0.40500 -0.17500 0.07500
v 0.40000 -0.17500 0.07500
v 0.40000 -0.18000 0.08000
v 0.40500 -0.18000 0.08000
v 0.40500 -0.17500 0.08000
v 0.40000 -0.17500 0.08000
v 0.40000 -0.18000 0.08000
v 0.40500 -0.18000 0.08000
v 0.40500 -0.17500 0.08000
v 0.40000 -0.17500 0.08000
v 0.40000 -0.18000 0.08500
v 0.40500 -0.18000 0.08500
v 0.40500 -0.17500 0.08500
v 0.40000 -0.17500 0.08500
v 0.40000 -0.18000 0.08500
v 0.40500 -0.18000 0.08500
v 0.40500 -0.17500 0.08500
v 0.40000 -0.17500 0.08500
v 0.40000 -0.18000 0.09000
v 0.40500 -0.18000 0.09000
v 0.40500 -0.17500 0.09000
v 0.40000 -0.17500 0.09000
v 0.40000 -0.18000 0.09000
v 0.40500 -0.18000 0.09000
v 0.40500 -0.17500 0.09000
v 0.40000 -0.17500 0.09000
v 0.40000 -0.18000 0.09500
v 0.40500 -0.18000 0.09500
v 0.40500 -0.17500 0.09500
v 0.40000 -0.17500 0.09500
v 0.40000 -0.18000 0.09500
v 0.40500 -0.18000 0.09500
v 0.40500 -0.17500 0.09500
v 0.40000 -0.17500 0.09500
v 0.40000 -0.18000 0.10000
v 0.40500 -0.18000 0.10000
v 0.40500 -0.17500 0.10000
v 0.40000 -0.17500 0.10000
v 0.40000 -0.18000 0.10000
v 0.40500 -0.18000 0.10000
v 0.40500 -0.17500 0.10000
v 0.40000 -0.17500 0.10000
v 0.40000 -0.18000 0.10500
v 0.40500 -0.18000 0.10500
v 0.40500 -0.17500 0.10500
v 0.40000 -0.17500 0.10500
v 0.40000 -0.18000 0.10500
v 0.40500 -0.18000 0.10500
v 0.40500 -0.17500 0.10500
v 0.40000 -0.17500 0.10500
v 0.40000 -0.18000 0.11000
v 0.40500 -0.18000 0.11000
v 0.40500 -0.17500 0.11000
v 0.40000 -0.17500 0.11000
v 0.40000 -0.18000 0.11000
v 0.40500 -0.18000 0.11000
v 0.40500 -0.17500 0.11000
v 0.40000 -0.17500 0.11000
v 0.40000 -0.18000 0.11500
v 0.40500 -0.18000 0.11500
v 0.40500 -0.17500 0.11500
v 0.40000 -0.17500 0.11500
v 0.40000 -0.18000 0.11500
v 0.40500 -0.18000 0.11500
v 0.40500 -0.17500 0.11500
v 0.40000 -0.17500 0.11500
v 0.40000 -0.18000 0.12000
v 0.40500 -0.18000 0.12000
v 0.40500 -0.17500 0.12000
v 0.40000 -0.17500 0.12000
v 0.40000 -0.18000 0.12000
v 0.40500 -0.18000 0.12000
v 0.40500 -0.17500 0.12000
v 0.40000 -0.17500 0.12000
v 0.40000 -0.18000 0.12500
v 0.40500 -0.18000 0.12500
v 0.40500 -0.17500 0.12500
v 0.40000 -0.17500 0.12500
v 0.40000 -0.18000 0.12500
v 0.40500 -0.18000 0.12500
v 0.40500 -0.17500 0.12500
v 0.40000 -0.17500 0.12500
v 0.40000 -0.18000 0.13000
v 0.40500 -0.18000 0.13000
v 0.40500 -0.17500 0.13000
v 0.40000 -0.17500 0.13000
v 0.40000 -0.18000 0.13000
v 0.40500 -0.18000 0.13000
v 0.40500 -0.17500 0.13000
v 0.40000 -0.17500 0.13000
v 0.40000 -0.18000 0.13500
v 0.40500 -0.18000 0.13500
v 0.40500 -0.17500 0.13500
v 0.40000 -0.17500 0.13500
v 0.40000 -0.18000 0.13500
v 0.40500 -0.18000 0.13500
v 0.40500 -0.17500 0.13500
v 0.40000 -0.17500 0.13500
v 0.40000 -0.18000 0.14000
v 0.40500 -0.18000 0.14000
v 0.40500 -0.17500 0.14000
v 0.40000 -0.17500 0.14000
v 0.40000 -0.18000 0.14000
v 0.40500 -0.18000 0.14000
v 0.40500 -0.17500 0.14000
v 0.40000 -0.17500 0.14000
v 0.40000 -0.18000 0.14500
v 0.40500 -0.18000 0.14500
v 0.40500 -0.17500 0.14500
v 0.40000 -0.17500 0.14500
v 0.40000 -0.18000 0.14500
v 0.40500 -0.18000 0.14500
v 0.40500 -0.17500 0.14500
v 0.40000 -0.17500 0.14500
v 0.40000 -0.18000 0.15000
v 0.40500 -0.18000 0.15000
v 0.40500 -0.17500 0.15000
v 0.40000 -0.17500 0.15000
v 0.40000 -0.17500 0.02500
v 0.40500 -0.17500 0.02500
v 0.40500 -0.17000 0.02500
v 0.40000 -0.17000 0.02500
v 0.40000 -0.17500 0.03000
v 0.40500 -0.17500 0.03000
v 0.40500 -0.17000 0.03000
v 0.40000 -0.17000 0.03000
v 0.40000 -0.17500 0.03000
v 0.40500 -0.17500 0.03000
v 0.40500 -0.17000 0.03000
v 0.40000 -0.17000 0.03000
v 0.40000 -0.17500 0.03500
v 0.40500 -0.17500 0.03500
v 0.40500 -0.17000 0.03500
v 0.40000 -0.17000 0.03500
v 0.40000 -0.17500 0.03500
v 0.40500 -0.17500 0.03500
v 0.40500 -0.17000 0.03500
v 0.40000 -0.17000 0.03500
v 0.40000 -0.17500 0.04000
v 0.40500 -0.17500 0.04000
v 0.40500 -0.17000 0.04000
v 0.40000 -0.17000 0.04000
v 0.40000 -0.17500 0.04000
v 0.40500 -0.17500 0.04000
v 0.40500 -0.17000 0.04000
v 0.40000 -0.17000 0.04000
v 0.40000 -0.17500 0.04500
v 0.40500 -0.17500 0.04500
v 0.40500 -0.17000 0.04500
v 0.40000 -0.17000 0.04500
v 0.40000 -0.17500 0.04500
v 0.40500 -0.17500 0.04500
v 0.40500 -0.17000 0.04500
v 0.40000 -0.17000 0.04500
v 0.40000 -0.17500 0.05000
v 0.40500 -0.17500 0.05000
v 0.40500 -0.17000 0.05000
v 0.40000 -0.17000 0.05000
v 0.40000 -0.17500 0.05000
v 0.40500 -0.17500 0.05000
v 0.40500 -0.17000 0.05000
v 0.40000 -0.17000 0.05000
v 0.40000 -0.17500 0.05500
v 0.40500 -0.17500 0.05500
v 0.40500 -0.17000 0.05500
v 0.40000 -0.17000 0.05500
v 0.40000 -0.17500 0.05500
v 0.40500 -0.17500 0.05500
v 0.40500 -0.17000 0.05500
v 0.40000 -0.17000 0.05500
v 0.40000 -0.17500 0.06000
v 0.40500 -0.17500 0.06000
v 0.40500 -0.17000 0.06000
v 0.40000 -0.17000 0.06000
v 0.40000 -0.17500 0.06000
v 0.40500 -0.17500 0.06000
v 0.40500 -0.17000 0.06000
v 0.40000 -0.17000 0.06000
v 0.40000 -0.17500 0.06500
v 0.40500 -0.17500 0.06500
v 0.40500 -0.17000 0.06500
v 0.40000 -0.17000 0.06500
v 0.40000 -0.17500 0.06500
v 0.40500 -0.17500 0.06500
v 0.40500 -0.17000 0.06500
v 0.40000 -0.17000 0.06500
v 0.40000 -0.17500 0.07000
v 0.40500 -0.17500 0.07000
v 0.40500 -0.17000 0.07000
v 0.40000 -0.17000 0.07000
v 0.40000 -0.17500 0.07000
v 0.40500 -0.17500 0.07000
v 0.40500 -0.17000 0.07000
v 0.40000 -0.17000 0.07000
v 0.40000 -0.17500 0.07500
v 0.40500 -0.17500 0.07500
v 0.40500 -0.17000 0.07500
v 0.40000 -0.17000 0.07500
v 0.40000 -0.17500 0.07500
v 0.40500 -0.17500 0.07500
v 0.40500 -0.17000 0.07500
v 0.40000 -0.17000 0.07500
v 0.40000 -0.17500 0.08000
v 0.40500 -0.17500 0.08000
v 0.40500 -0.17000 0.08000
v 0.40000 -0.17000 0.08000
v 0.40000 -0.17500 0.08000
v 0.40500 -0.17500 0.08000
v 0.40500 -0.17000 0.08000
v 0.40000 -0.17000 0.08000
v 0.40000 -0.17500 0.08500
v 0.40500 -0.17500 0.08500
v 0.40500 -0.17000 0.08500
v 0.40000 -0.17000 0.08500
v 0.40000 -0.17500 0.08500
v 0.40500 -0.17500 0.08500
v 0.40500 -0.17000 0.08500
v 0.40000 -0.17000 0.08500
v 0.40000 -0.17500 0.09000
v 0.40500 -0.17500 0.09000
v 0.40500 -0.17000 0.09000
v 0.40000 -0.17000 0.09000
v 0.40000 -0.17500 0.09000
v 0.40500 -0.17500 0.09000
v 0.40500 -0.17000 0.09000
v 0.40000 -0.17000 0.09000
v 0.40000 -0.17500 0.09500
v 0.40500 -0.17500 0.09500
v 0.40500 -0.17000 0.09500
v 0.40000 -0.17000 0.09500
v 0.40000 -0.17500 0.09500
v 0.40500 -0.17500 0.09500
v 0.40500 -0.17000 0.09500
v 0.40000 -0.17000 0.09500
v 0.40000 -0.17500 0.10000
v 0.40500 -0.17500 0.10000
v 0.40500 -0.17000 0.10000
v 0.40000 -0.17000 0.10000
v 0.40000 -0.17500 0.10000
v 0.40500 -0.17500 0.10000
v 0.40500 -0.17000 0.10000
v 0.40000 -0.17000 0.10000
v 0.40000 -0.17500 0.10500
v 0.40500 -0.17500 0.10500
v 0.40500 -0.17000 0.10500
v 0.40000 -0.17000 0.10500
v 0.40000 -0.17500 0.10500
v 0.40500 -0.17500 0.10500
v 0.40500 -0.17000 0.10500
v 0.40000 -0.17000 0.10500
v 0.40000 -0.17500 0.11000
v 0.40500 -0.17500 0.11000
v 0.40500 -0.17000 0.11000
v 0.40000 -0.17000 0.11000
v 0.40000 -0.17500 0.11000
v 0.40500 -0.17500 0.11000
v 0.40500 -0.17000 0.11000
v 0.40000 -0.17000 0.11000
v 0.40000 -0.17500 0.11500
v 0.40500 -0.17500 0.11500
v 0.40500 -0.17000 0.11500
v 0.40000 -0.17000 0.11500
v 0.40000 -0.17500 0.11500
v 0.40500 -0.17500 0.11500
v 0.40500 -0.17000 0.11500
v 0.40000 -0.17000 0.11500
v 0.40000 -0.17500 0.12000
v 0.40500 -0.17500 0.12000
v 0.40500 -0.17000 0.12000
v 0.40000 -0.17000 0.12000
v 0.40000 -0.17500 0.12000
v 0.40500 -0.17500 0.12000
v 0.40500 -0.17000 0.12000
v 0.40000 -0.17000 0.12000
v 0.40000 -0.17500 0.12500
v 0.40500 -0.17500 0.12500
v 0.40500 -0.17000 0.12500
v 0.40000 -0.17000 0.12500
v 0.40000 -0.17500 0.12500
v 0.40500 -0.17500 0.12500
v 0.40500 -0.17000 0.12500
v 0.40000 -0.17000 0.12500
v 0.40000 -0.17500 0.13000
v 0.40500 -0.17500 0.13000
v 0.40500 -0.17000 0.13000
v 0.40000 -0.17000 0.13000
v 0.40000 -0.17500 0.13000
v 0.40500 -0.17500 0.13000
v 0.40500 -0.17000 0.13000
v 0.40000 -0.17000 0.13000
v 0.40000 -0.17500 0.13500
v 0.40500 -0.17500 0.13500
v 0.40500 -0.17000 0.13500
v 0.40000 -0.17000 0.13500
v 0.40000 -0.17500 0.13500
v 0.40500 -0.17500 0.13500
v 0.40500 -0.17000 0.13500
v 0.40000 -0.17000 0.13500
v 0.40000 -0.17500 0.14000
v 0.40500 -0.17500 0.14000
v 0.40500 -0.17000 0.14000
v 0.40000 -0.17000 0.14000
v 0.40000 -0.17500 0.14000
v 0.40500 -0.17500 0.14000
v 0.40500 -0.17000 0.14000
v 0.40000 -0.17000 0.14000
v 0.40000 -0.17500 0.14500
v 0.40500 -0.17500 0.14500
v 0.40500 -0.17000 0.14500
v 0.40000 -0.17000 0.14500
v 0.40000 -0.17500 0.14500
v 0.40500 -0.17500 0.14500
v 0.40500 -0.17000 0.14500
v 0.40000 -0.17000 0.14500
v 0.40000 -0.17500 0.15000
v 0.40500 -0.17500 0.15000
v 0.40500 -0.17000 0.15000
v 0.40000 -0.17000 0.15000
v 0.40000 -0.17500 0.15000
v 0.40500 -0.17500 0.15000
v 0.40500 -0.17000 0.15000
v 0.40000 -0.17000 0.15000
v 0.40000 -0.17500 0.15500
v 0.40500 -0.17500 0.15500
v 0.40500 -0.17000 0.15500
v 0.40000 -0.17000 0.15500
v 0.40000 -0.17500 0.15500
v 0.40500 -0.17500 0.15500
v 0.40500 -0.17000 0.15500
v 0.40000 -0.17000 0.15500
v 0.40000 -0.17500 0.16000
v 0.40500 -0.17500 0.16000
v 0.40500 -0.17000 0.16000
v 0.40000 -0.17000 0.16000
v 0.40000 -0.17500 0.16000
v 0.40500 -0.17500 0.16000
v 0.40500 -0.17000 0.16000
v 0.40000 -0.17000 0.16000
v 0.40000 -0.17500 0.16500
v 0.40500 -0.17500 0.16500
v 0.40500 -0.17000 0.16500
v 0.40000 -0.17000 0.16500
v 0.40000 -0.17000 0.02500
v 0.40500 -0.17000 0.02500
v 0.40500 -0.16500 0.02500
v 0.40000 -0.16500 0.02500
v 0.40000 -0.17000 0.03000
v 0.40500 -0.17000 0.03000
v 0.40500 -0.16500 0.03000
v 0.40000 -0.16500 0.03000
v 0.40000 -0.17000 0.03000
v 0.40500 -0.17000 0.03000
v 0.40500 -0.16500 0.03000
v 0.40000 -0.16500 0.03000
v 0.40000 -0.17000 0.03500
v 0.40500 -0.17000 0.03500
v 0.40500 -0.16500 0.03500
v 0.40000 -0.16500 0.03500
v 0.40000 -0.17000 0.03500
v 0.40500 -0.17000 0.03500
v 0.40500 -0.16500 0.03500
v 0.40000 -0.16500 0.03500
v 0.40000 -0.17000 0.04000
v 0.40500 -0.17000 0.04000
v 0.40500 -0.16500 0.04000
v 0.40000 -0.16500 0.04000
v 0.40000 -0.17000 0.04000
v 0.40500 -0.17000 0.04000
v 0.40500 -0.16500 0.04000
v 0.40000 -0.16500 0.04000
v 0.40000 -0.17000 0.04500
v 0.40500 -0.17000 0.04500
v 0.40500 -0.16500 0.04500
v 0.40000 -0.16500 0.04500
v 0.40000 -0.17000 0.04500
v 0.40500 -0.17000 0.04500
v 0.40500 -0.16500 0.04500
v 0.40000 -0.16500 0.04500
v 0.40000 -0.17000 0.05000
v 0.40500 -0.17000 0.05000
v 0.40500 -0.16500 0.05000
v 0.40000 -0.16500 0.05000
v 0.40000 -0.17000 0.05000
v 0.40500 -0.17000 0.05000
v 0.40500 -0.16500 0.05000
v 0.40000 -0.16500 0.05000
v 0.40000 -0.17000 0.05500
v 0.40500 -0.17000 0.05500
v 0.40500 -0.16500 0.05500
v 0.40000 -0.16500 0.05500
v 0.40000 -0.17000 0.05500
v 0.40500 -0.17000 0.05500
v 0.40500 -0.16500 0.05500
v 0.40000 -0.16500 0.05500
v 0.40000 -0.17000 0.06000
v 0.40500 -0.17000 0.06000
v 0.40500 -0.16500 0.06000
v 0.40000 -0.16500 0.06000
v 0.40000 -0.17000 0.06000
v 0.40500 -0.17000 0.06000
v 0.40500 -0.16500 0.06000
v 0.40000 -0.16500 0.06000
v 0.40000 -0.17000 0.06500
v 0.40500 -0.17000 0.06500
v 0.40500 -0.16500 0.06500
v 0.40000 -0.16500 0.06500
v 0.40000 -0.17000 0.06500
v 0.40500 -0.17000 0.06500
v 0.40500 -0.16500 0.06500
v 0.40000 -0.16500 0.06500
v 0.40000 -0.17000 0.07000
v 0.40500 -0.17000 0.07000
v 0.40500 -0.16500 0.07000
v 0.40000 -0.16500 0.07000
v 0.40000 -0.17000 0.07000
v 0.40500 -0.17000 0.07000
v 0.40500 -0.16500 0.07000
v 0.40000 -0.16500 0.07000
v 0.40000 -0.17000 0.07500
v 0.40500 -0.17000 0.07500
v 0.40500 -0.16500 0.07500
v 0.40000 -0.16500 0.07500
v 0.40000 -0.17000 0.07500
v 0.40500 -0.17000 0.07500
v 0.40500 -0.16500 0.07500
v 0.40000 -0.16500 0.07500
v 0.40000 -0.17000 0.08000
v 0.40500 -0.17000 0.08000
v 0.40500 -0.16500 0.08000
v 0.40000 -0.16500 0.08000
v 0.40000 -0.17000 0.08000
v 0.40500 -0.17000 0.08000
v 0.40500 -0.16500 0.08000
v 0.40000 -0.16500 0.08000
v 0.40000 -0.17000 0.08500
v 0.40500 -0.17000 0.08500
v 0.40500 -0.16500 0.08500
v 0.40000 -0.16500 0.08500
v 0.40000 -0.17000 0.08500
v 0.40500 -0.17000 0.08500
v 0.40500 -0.16500 0.08500
v 0.40000 -0.16500 0.08500
v 0.40000 -0.17000 0.09000
v 0.40500 -0.17000 0.09000
v 0.40500 -0.16500 0.09000
v 0.40000 -0.16500 0.09000
v 0.40000 -0.17000 0.09000
v 0.40500 -0.17000 0.09000
v 0.40500 -0.16500 0.09000
v 0.40000 -0.16500 0.09000
v 0.40000 -0.17000 0.09500
v 0.40500 -0.17000 0.09500
v 0.40500 -0.16500 0.09500
v 0.40000 -0.16500 0.09500
v 0.40000 -0.17000 0.09500
v 0.40500 -0.17000 0.09500
v 0.40500 -0.16500 0.09500
v 0.40000 -0.16500 0.09500
v 0.40000 -0.17000 0.10000
v 0.40500 -0.17000 0.10000
v 0.40500 -0.16500 0.10000
v 0.40000 -0.16500 0.10000
v 0.40000 -0.17000 0.10000
v 0.40500 -0.17000 0.10000
v 0.40500 -0.16500 0.10000
v 0.40000 -0.16500 0.10000
v 0.40000 -0.17000 0.10500
v 0.40500 -0.17000 0.10500
v 0.40500 -0.16500 0.10500
v 0.40000 -0.16500 0.10500
v 0.40000 -0.17000 0.10500
v 0.40500 -0.17000 0.10500
v 0.40500 -0.16500 0.10500
v 0.40000 -0.16500 0.10500
v 0.40000 -0.17000 0.11000
v 0.40500 -0.17000 0.11000
v 0.40500 -0.16500 0.11000
v 0.40000 -0.16500 0.11000
v 0.40000 -0.17000 0.11000
v 0.40500 -0.17000 0.11000
v 0.40500 -0.16500 0.11000
v 0.40000 -0.16500 0.11000
v 0.40000 -0.17000 0.11500
v 0.40500 -0.17000 0.11500
v 0.40500 -0.16500 0.11500
v 0.40000 -0.16500 0.11500
v 0.40000 -0.17000 0.11500
v 0.40500 -0.17000 0.11500
v 0.40500 -0.16500 0.11500
v 0.40000 -0.16500 0.11500
v 0.40000 -0.17000 0.12000
v 0.40500 -0.17000 0.12000
v 0.40500 -0.16500 0.12000
v 0.40000 -0.16500 0.12000
v 0.40000 -0.17000 0.12000
v 0.40500 -0.17000 0.12000
v 0.40500 -0.16500 0.12000
v 0.40000 -0.16500 0.12000
v 0.40000 -0.17000 0.12500
v 0.40500 -0.17000 0.12500
v 0.40500 -0.16500 0.12500
v 0.40000 -0.16500 0.12500
v 0.40000 -0.17000 0.12500
v 0.40500 -0.17000 0.12500
v 0.40500 -0.16500 0.12500
v 0.40000 -0.16500 0.12500
v 0.40000 -0.17000 0.13000
v 0.40500 -0.17000 0.13000
v 0.40500 -0.16500 0.13000
v 0.40000 -0.16500 0.13000
v 0.40000 -0.17000 0.13000
v 0.40500 -0.17000 0.13000
v 0.40500 -0.16500 0.13000
v 0.40000 -0.16500 0.13000
v 0.40000 -0.17000 0.13500
v 0.40500 -0.17000 0.13500
v 0.40500 -0.16500 0.13500
v 0.40000 -0.16500 0.13500
v 0.40000 -0.17000 0.13500
v 0.40500 -0.17000 0.13500
v 0.40500 -0.16500 0.13500
v 0.40000 -0.16500 0.13500
v 0.40000 -0.17000 0.14000
v 0.40500 -0.17000 0.14000
v 0.40500 -0.16500 0.14000
v 0.40000 -0.16500 0.14000
v 0.40000 -0.17000 0.14000
v 0.40500 -0.17000 0.14000
v 0.40500 -0.16500 0.14000
v 0.40000 -0.16500 0.14000
v 0.40000 -0.17000 0.14500
v 0.40500 -0.17000 0.14500
v 0.40500 -0.16500 0.14500
v 0.40000 -0.16500 0.14500
v 0.40000 -0.17000 0.14500
v 0.40500 -0.17000 0.14500
v 0.40500 -0.16500 0.14500
v 0.40000 -0.16500 0.14500
v 0.40000 -0.17000 0.15000
v 0.40500 -0.17000 0.15000
v 0.40500 -0.16500 0.15000
v 0.40000 -0.16500 0.15000
v 0.40000 -0.17000 0.15000
v 0.40500 -0.17000 0.15000
v 0.40500 -0.16500 0.15000
v 0.40000 -0.16500 0.15000
v 0.40000 -0.17000 0.15500
v 0.40500 -0.17000 0.15500
v 0.40500 -0.16500 0.15500
v 0.40000 -0.16500 0.15500
v 0.40000 -0.17000 0.15500
v 0.40500 -0.17000 0.15500
v 0.40500 -0.16500 0.15500
v 0.40000 -0.16500 0.15500
v 0.40000 -0.17000 0.16000
v 0.40500 -0.17000 0.16000
v 0.40500 -0.16500 0.16000
v 0.40000 -0.16500 0.16000
v 0.40000 -0.17000 0.16000
v 0.40500 -0.17000 0.16000
v 0.40500 -0.16500 0.16000
v 0.40000 -0.16500 0.16000
v 0.40000 -0.17000 0.16500
v 0.40500 -0.17000 0.16500
v 0.40500 -0.16500 0.16500
v 0.40000 -0.16500 0.16500
v 0.40000 -0.17000 0.16500
v 0.40500 -0.17000 0.16500
v 0.40500 -0.16500 0.16500
v 0.40000 -0.16500 0.16500
v 0.40000 -0.17000 0.17000
v 0.40500 -0.17000 0.17000
v 0.40500 -0.16500 0.17000
v 0.40000 -0.16500 0.17000
v 0.40000 -0.17000 0.17000
v 0.40500 -0.17000 0.17000
v 0.40500 -0.16500 0.17000
v 0.40000 -0.16500 0.17000
v 0.40000 -0.17000 0.17500
v 0.40500 -0.17000 0.17500
v 0.40500 -0.16500 0.17500
v 0.40000 -0.16500 0.17500
v 0.40000 -0.16500 0.02500
v 0.40500 -0.16500 0.02500
v 0.40500 -0.16000 0.02500
v 0.40000 -0.16000 0.02500
v 0.40000 -0.16500 0.03000
v 0.40500 -0.16500 0.03000
v 0.40500 -0.16000 0.03000
v 0.40000 -0.16000 0.03000
v 0.40000 -0.16500 0.03000
v 0.40500 -0.16500 0.03000
v 0.40500 -0.16000 0.03000
v 0.40000 -0.16000 0.03000
v 0.40000 -0.16500 0.03500
v 0.40500 -0.16500 0.03500
v 0.40500 -0.16000 0.03500
v 0.40000 -0.16000 0.03500
v 0.40000 -0.16500 0.03500
v 0.40500 -0.16500 0.03500
v 0.40500 -0.16000 0.03500
v 0.40000 -0.16000 0.03500
v 0.40000 -0.16500 0.04000
v 0.40500 -0.16500 0.04000
v 0.40500 -0.16000 0.04000
v 0.40000 -0.16000 0.04000
v 0.40000 -0.16500 0.04000
v 0.40500 -0.16500 0.04000
v 0.40500 -0.16000 0.04000
v 0.40000 -0.16000 0.04000
v 0.40000 -0.16500 0.04500
v 0.40500 -0.16500 0.04500
v 0.40500 -0.16000 0.04500
v 0.40000 -0.16000 0.04500
v 0.40000 -0.16500 0.04500
v 0.40500 -0.16500 0.04500
v 0.40500 -0.16000 0.04500
v 0.40000 -0.16000 0.04500
v 0.40000 -0.16500 0.05000
v 0.40500 -0.16500 0.05000
v 0.40500 -0.16000 0.05000
v 0.40000 -0.16000 0.05000
v 0.40000 -0.16500 0.05000
v 0.40500 -0.16500 0.05000
v 0.40500 -0.16000 0.05000
v 0.40000 -0.16000 0.05000
v 0.40000 -0.16500 0.05500
v 0.40500 -0.16500 0.05500
v 0.40500 -0.16000 0.05500
v 0.40000 -0.16000 0.05500
v 0.40000 -0.16500 0.05500
v 0.40500 -0.16500 0.05500
v 0.40500 -0.16000 0.05500
v 0.40000 -0.16000 0.05500
v 0.40000 -0.16500 0.06000
v 0.40500 -0.16500 0.06000
v 0.40500 -0.16000 0.06000
v 0.40000 -0.16000 0.06000
v 0.40000 -0.16500 0.07500
v 0.40500 -0.16500 0.07500
v 0.40500 -0.16000 0.07500
v 0.40000 -0.16000 0.07500
v 0.40000 -0.16500 0.08000
v 0.40500 -0.16500 0.08000
v 0.40500 -0.16000 0.08000
v 0.40000 -0.16000 0.08000
v 0.40000 -0.16500 0.15500
v 0.40500 -0.16500 0.15500
v 0.40500 -0.16000 0.15500
v 0.40000 -0.16000 0.15500
v 0.40000 -0.16500 0.16000
v 0.40500 -0.16500 0.16000
v 0.40500 -0.16000 0.16000
v 0.40000 -0.16000 0.16000
v 0.40000 -0.16500 0.16000
v 0.40500 -0.16500 0.16000
v 0.40500 -0.16000 0.16000
v 0.40000 -0.16000 0.16000
v 0.40000 -0.16500 0.16500
v 0.40500 -0.16500 0.16500
v 0.40500 -0.16000 0.16500
v 0.40000 -0.16000 0.16500
v 0.40000 -0.16500 0.16500
v 0.40500 -0.16500 0.16500
v 0.40500 -0.16000 0.16500
v 0.40000 -0.16000 0.16500
v 0.40000 -0.16500 0.17000
v 0.40500 -0.16500 0.17000
v 0.40500 -0.16000 0.17000
v 0.40000 -0.16000 0.17000
v 0.40000 -0.16500 0.17000
v 0.40500 -0.16500 0.17000
v 0.40500 -0.16000 0.17000
v 0.40000 -0.16000 0.17000
v 0.40000 -0.16500 0.17500
v 0.40500 -0.16500 0.17500
v 0.40500 -0.16000 0.17500
v 0.40000 -0.16000 0.17500
v 0.40000 -0.16500 0.17500
v 0.40500 -0.16500 0.17500
v 0.40500 -0.16000 0.17500
v 0.40000 -0.16000 0.17500
v 0.40000 -0.16500 0.18000
v 0.40500 -0.16500 0.18000
v 0.40500 -0.16000 0.18000
v 0.40000 -0.16000 0.18000
v 0.40000 -0.16000 0.03000
v 0.40500 -0.16000 0.03000
v 0.40500 -0.15500 0.03000
v 0.40000 -0.15500 0.03000
v 0.40000 -0.16000 0.03500
v 0.40500 -0.16000 0.03500
v 0.40500 -0.15500 0.03500
v 0.40000 -0.15500 0.03500
v 0.40000 -0.16000 0.03500
v 0.40500 -0.16000 0.03500
v 0.40500 -0.15500 0.03500
v 0.40000 -0.15500 0.03500
v 0.40000 -0.16000 0.04000
v 0.40500 -0.16000 0.04000
v 0.40500 -0.15500 0.04000
v 0.40000 -0.15500 0.04000
v 0.40000 -0.16000 0.04000
v 0.40500 -0.16000 0.04000
v 0.40500 -0.15500 0.04000
v 0.40000 -0.15500 0.04000
v 0.40000 -0.16000 0.04500
v 0.40500 -0.16000 0.04500
v 0.40500 -0.15500 0.04500
v 0.40000 -0.15500 0.04500
v 0.40000 -0.16000 0.04500
v 0.40500 -0.16000 0.04500
v 0.40500 -0.15500 0.04500
v 0.40000 -0.15500 0.04500
v 0.40000 -0.16000 0.05000
v 0.40500 -0.16000 0.05000
v 0.40500 -0.15500 0.05000
v 0.40000 -0.15500 0.05000
v 0.40000 -0.16000 0.05000
v 0.40500 -0.16000 0.05000
v 0.40500 -0.15500 0.05000
v 0.40000 -0.15500 0.05000
v 0.40000 -0.16000 0.05500
v 0.40500 -0.16000 0.05500
v 0.40500 -0.15500 0.05500
v 0.40000 -0.15500 0.05500
v 0.40000 -0.16000 0.17500
v 0.40500 -0.16000 0.17500
v 0.40500 -0.15500 0.17500
v 0.40000 -0.15500 0.17500
v 0.40000 -0.16000 0.18000
v 0.40500 -0.16000 0.18000
v 0.40500 -0.15500 0.18000
v 0.40000 -0.15500 0.18000
v 0.40000 -0.16000 0.18000
v 0.40500 -0.16000 0.18000
v 0.40500 -0.15500 0.18000
v 0.40000 -0.15500 0.18000
v 0.40000 -0.16000 0.18500
v 0.40500 -0.16000 0.18500
v 0.40500 -0.15500 0.18500
v 0.40000 -0.15500 0.18500
v 0.40000 -0.16000 0.18500
v 0.40500 -0.16000 0.18500
v 0.40500 -0.15500 0.18500
v 0.40000 -0.15500 0.18500
v 0.40000 -0.16000 0.19000
v 0.40500 -0.16000 0.19000
v 0.40500 -0.15500 0.19000
v 0.40000 -0.15500 0.19000
v 0.40000 -0.15500 0.03000
v 0.40500 -0.15500 0.03000
v 0.40500 -0.15000 0.03000
v 0.40000 -0.15000 0.03000
v 0.40000 -0.15500 0.03500
v 0.40500 -0.15500 0.03500
v 0.40500 -0.15000 0.03500
v 0.40000 -0.15000 0.03500
v 0.40000 -0.15500 0.03500
v 0.40500 -0.15500 0.03500
v 0.40500 -0.15000 0.03500
v 0.40000 -0.15000 0.03500
v 0.40000 -0.15500 0.04000
v 0.40500 -0.15500 0.04000
v 0.40500 -0.15000 0.04000
v 0.40000 -0.15000 0.04000
v 0.40000 -0.15500 0.04000
v 0.40500 -0.15500 0.04000
v 0.40500 -0.15000 0.04000
v 0.40000 -0.15000 0.04000
v 0.40000 -0.15500 0.04500
v 0.40500 -0.15500 0.04500
v 0.40500 -0.15000 0.04500
v 0.40000 -0.15000 0.04500
v 0.40000 -0.15500 0.04500
v 0.40500 -0.15500 0.04500
v 0.40500 -0.15000 0.04500
v 0.40000 -0.15000 0.04500
v 0.40000 -0.15500 0.05000
v 0.40500 -0.15500 0.05000
v 0.40500 -0.15000 0.05000
v 0.40000 -0.15000 0.05000
v 0.40000 -0.15500 0.15000
v 0.40500 -0.15500 0.15000
v 0.40500 -0.15000 0.15000
v 0.40000 -0.15000 0.15000
v 0.40000 -0.15500 0.15500
v 0.40500 -0.15500 0.15500
v 0.40500 -0.15000 0.15500
v 0.40000 -0.15000 0.15500
v 0.40000 -0.15500 0.16500
v 0.40500 -0.15500 0.16500
v 0.40500 -0.15000 0.16500
v 0.40000 -0.15000 0.16500
v 0.40000 -0.15500 0.17000
v 0.40500 -0.15500 0.17000
v 0.40500 -0.15000 0.17000
v 0.40000 -0.15000 0.17000
v 0.40000 -0.15500 0.17000
v 0.40500 -0.15500 0.17000
v 0.40500 -0.15000 0.17000
v 0.40000 -0.15000 0.17000
v 0.40000 -0.15500 0.17500
v 0.40500 -0.15500 0.17500
v 0.40500 -0.15000 0.17500
v 0.40000 -0.15000 0.17500
v 0.40000 -0.15500 0.17500
v 0.40500 -0.15500 0.17500
v 0.40500 -0.15000 0.17500
v 0.40000 -0.15000 0.17500
v 0.40000 -0.15500 0.18000
v 0.40500 -0.15500 0.18000
v 0.40500 -0.15000 0.18000
v 0.40000 -0.15000 0.18000
v 0.40000 -0.15500 0.18000
v 0.40500 -0.15500 0.18000
v 0.40500 -0.15000 0.18000
v 0.40000 -0.15000 0.18000
v 0.40000 -0.15500 0.18500
v 0.40500 -0.15500 0.18500
v 0.40500 -0.15000 0.18500
v 0.40000 -0.15000 0.18500
v 0.40000 -0.15000 0.03500
v 0.40500 -0.15000 0.03500
v 0.40500 -0.14500 0.03500
v 0.40000 -0.14500 0.03500
v 0.40000 -0.15000 0.04000
v 0.40500 -0.15000 0.04000
v 0.40500 -0.14500 0.04000
v 0.40000 -0.14500 0.04000
v 0.40000 -0.15000 0.04000
v 0.40500 -0.15000 0.04000
v 0.40500 -0.14500 0.04000
v 0.40000 -0.14500 0.04000
v 0.40000 -0.15000 0.04500
v 0.40500 -0.15000 0.04500
v 0.40500 -0.14500 0.04500
v 0.40000 -0.14500 0.04500
v 0.40000 -0.15000 0.04500
v 0.40500 -0.15000 0.04500
v 0.40500 -0.14500 0.04500
v 0.40000 -0.14500 0.04500
v 0.40000 -0.15000 0.05000
v 0.40500 -0.15000 0.05000
v 0.40500 -0.14500 0.05000
v 0.40000 -0.14500 0.05000
v 0.40000 -0.15000 0.05000
v 0.40500 -0.15000 0.05000
v 0.40500 -0.14500 0.05000
v 0.40000 -0.14500 0.05000
v 0.40000 -0.15000 0.05500
v 0.40500 -0.15000 0.05500
v 0.40500 -0.14500 0.05500
v 0.40000 -0.14500 0.05500
v 0.40000 -0.15000 0.05500
v 0.40500 -0.15000 0.05500
v 0.40500 -0.14500 0.05500
v 0.40000 -0.14500 0.05500
v 0.40000 -0.15000 0.06000
v 0.40500 -0.15000 0.06000
v 0.40500 -0.14500 0.06000
v 0.40000 -0.14500 0.06000
v 0.40000 -0.15000 0.06000
v 0.40500 -0.15000 0.06000
v 0.40500 -0.14500 0.06000
v 0.40000 -0.14500 0.06000
v 0.40000 -0.15000 0.06500
v 0.40500 -0.15000 0.06500
v 0.40500 -0.14500 0.06500
v 0.40000 -0.14500 0.06500
v 0.40000 -0.15000 0.06500
v 0.40500 -0.15000 0.06500
v 0.40500 -0.14500 0.06500
v 0.40000 -0.14500 0.06500
v 0.40000 -0.15000 0.07000
v 0.40500 -0.15000 0.07000
v 0.40500 -0.14500 0.07000
v 0.40000 -0.14500 0.07000
v 0.40000 -0.15000 0.07000
v 0.40500 -0.15000 0.07000
v 0.40500 -0.14500 0.07000
v 0.40000 -0.14500 0.07000
v 0.40000 -0.15000 0.07500
v 0.40500 -0.15000 0.07500
v 0.40500 -0.14500 0.07500
v 0.40000 -0.14500 0.07500
v 0.40000 -0.15000 0.08500
v 0.40500 -0.15000 0.08500
v 0.40500 -0.14500 0.08500
v 0.40000 -0.14500 0.08500
v 0.40000 -0.15000 0.09000
v 0.40500 -0.15000 0.09000
v 0.40500 -0.14500 0.09000
v 0.40000 -0.14500 0.09000
v 0.40000 -0.15000 0.09000
v 0.40500 -0.15000 0.09000
v 0.40500 -0.14500 0.09000
v 0.40000 -0.14500 0.09000
v 0.40000 -0.15000 0.09500
v 0.40500 -0.15000 0.09500
v 0.40500 -0.14500 0.09500
v 0.40000 -0.14500 0.09500
v 0.40000 -0.15000 0.09500
v 0.40500 -0.15000 0.09500
v 0.40500 -0.14500 0.09500
v 0.40000 -0.14500 0.09500
v 0.40000 -0.15000 0.10000
v 0.40500 -0.15000 0.10000
v 0.40500 -0.14500 0.10000
v 0.40000 -0.14500 0.10000
v 0.40000 -0.15000 0.10000
v 0.40500 -0.15000 0.10000
v 0.40500 -0.14500 0.10000
v 0.40000 -0.14500 0.10000
v 0.40000 -0.15000 0.10500
v 0.40500 -0.15000 0.10500
v 0.40500 -0.14500 0.10500
v 0.40000 -0.14500 0.10500
v 0.40000 -0.15000 0.10500
v 0.40500 -0.15000 0.10500
v 0.40500 -0.14500 0.10500
v 0.40000 -0.14500 0.10500
v 0.40000 -0.15000 0.11000
v 0.40500 -0.15000 0.11000
v 0.40500 -0.14500 0.11000
v 0.40000 -0.14500 0.11000
v 0.40000 -0.15000 0.11000
v 0.40500 -0.15000 0.11000
v 0.40500 -0.14500 0.11000
v 0.40000 -0.14500 0.11000
v 0.40000 -0.15000 0.11500
v 0.40500 -0.15000 0.11500
v 0.40500 -0.14500 0.11500
v 0.40000 -0.14500 0.11500
v 0.40000 -0.15000 0.11500
v 0.40500 -0.15000 0.11500
v 0.40500 -0.14500 0.11500
v 0.40000 -0.14500 0.11500
v 0.40000 -0.15000 0.12000
v 0.40500 -0.15000 0.12000
v 0.40500 -0.14500 0.12000
v 0.40000 -0.14500 0.12000
v 0.40000 -0.15000 0.12000
v 0.40500 -0.15000 0.12000
v 0.40500 -0.14500 0.12000
v 0.40000 -0.14500 0.12000
v 0.40000 -0.15000 0.12500
v 0.40500 -0.15000 0.12500
v 0.40500 -0.14500 0.12500
v 0.40000 -0.14500 0.12500
v 0.40000 -0.15000 0.12500
v 0.40500 -0.15000 0.12500
v 0.40500 -0.14500 0.12500
v 0.40000 -0.14500 0.12500
v 0.40000 -0.15000 0.13000
v 0.40500 -0.15000 0.13000
v 0.40500 -0.14500 0.13000
v 0.40000 -0.14500 0.13000
v 0.40000 -0.15000 0.13000
v 0.40500 -0.15000 0.13000
v 0.40500 -0.14500 0.13000
v 0.40000 -0.14500 0.13000
v 0.40000 -0.15000 0.13500
v 0.40500 -0.15000 0.13500
v 0.40500 -0.14500 0.13500
v 0.40000 -0.14500 0.13500
v 0.40000 -0.15000 0.13500
v 0.40500 -0.15000 0.13500
v 0.40500 -0.14500 0.13500
v 0.40000 -0.14500 0.13500
v 0.40000 -0.15000 0.14000
v 0.40500 -0.15000 0.14000
v 0.40500 -0.14500 0.14000
v 0.40000 -0.14500 0.14000
v 0.40000 -0.15000 0.14000
v 0.40500 -0.15000 0.14000
v 0.40500 -0.14500 0.14000
v 0.40000 -0.14500 0.14000
v 0.40000 -0.15000 0.14500
v 0.40500 -0.15000 0.14500
v 0.40500 -0.14500 0.14500
v 0.40000 -0.14500 0.14500
v 0.40000 -0.15000 0.14500
v 0.40500 -0.15000 0.14500
v 0.40500 -0.14500 0.14500
v 0.40000 -0.14500 0.14500
v 0.40000 -0.15000 0.15000
v 0.40500 -0.15000 0.15000
v 0.40500 -0.14500 0.15000
v 0.40000 -0.14500 0.15000
v 0.40000 -0.15000 0.15000
v 0.40500 -0.15000 0.15000
v 0.40500 -0.14500 0.15000
v 0.40000 -0.14500 0.15000
v 0.40000 -0.15000 0.15500
v 0.40500 -0.15000 0.15500
v 0.40500 -0.14500 0.15500
v 0.40000 -0.14500 0.15500
v 0.40000 -0.15000 0.15500
v 0.40500 -0.15000 0.15500
v 0.40500 -0.14500 0.15500
v 0.40000 -0.14500 0.15500
v 0.40000 -0.15000 0.16000
v 0.40500 -0.15000 0.16000
v 0.40500 -0.14500 0.16000
v 0.40000 -0.14500 0.16000
v 0.40000 -0.15000 0.16000
v 0.40500 -0.15000 0.16000
v 0.40500 -0.14500 0.16000
v 0.40000 -0.14500 0.16000
v 0.40000 -0.15000 0.16500
v 0.40500 -0.15000 0.16500
v 0.40500 -0.14500 0.16500
v 0.40000 -0.14500 0.16500
v 0.40000 -0.14500 0.05000
v 0.40500 -0.14500 0.05000
v 0.40500 -0.14000 0.05000
v 0.40000 -0.14000 0.05000
v 0.40000 -0.14500 0.05500
v 0.40500 -0.14500 0.05500
v 0.40500 -0.14000 0.05500
v 0.40000 -0.14000 0.05500
v 0.40000 -0.14500 0.05500
v 0.40500 -0.14500 0.05500
v 0.40500 -0.14000 0.05500
v 0.40000 -0.14000 0.05500
v 0.40000 -0.14500 0.06000
v 0.40500 -0.14500 0.06000
v 0.40500 -0.14000 0.06000
v 0.40000 -0.14000 0.06000
v 0.40000 -0.14500 0.06000
v 0.40500 -0.14500 0.06000
v 0.40500 -0.14000 0.06000
v 0.40000 -0.14000 0.06000
v 0.40000 -0.14500 0.06500
v 0.40500 -0.14500 0.06500
v 0.40500 -0.14000 0.06500
v 0.40000 -0.14000 0.06500
v 0.40000 -0.14500 0.06500
v 0.40500 -0.14500 0.06500
v 0.40500 -0.14000 0.06500
v 0.40000 -0.14000 0.06500
v 0.40000 -0.14500 0.07000
v 0.40500 -0.14500 0.07000
v 0.40500 -0.14000 0.07000
v 0.40000 -0.14000 0.07000
v 0.40000 -0.14500 0.07000
v 0.40500 -0.14500 0.07000
v 0.40500 -0.14000 0.07000
v 0.40000 -0.14000 0.07000
v 0.40000 -0.14500 0.07500
v 0.40500 -0.14500 0.07500
v 0.40500 -0.14000 0.07500
v 0.40000 -0.14000 0.07500
v 0.40000 -0.14500 0.07500
v 0.40500 -0.14500 0.07500
v 0.40500 -0.14000 0.07500
v 0.40000 -0.14000 0.07500
v 0.40000 -0.14500 0.08000
v 0.40500 -0.14500 0.08000
v 0.40500 -0.14000 0.08000
v 0.40000 -0.14000 0.08000
v 0.40000 -0.14500 0.08000
v 0.40500 -0.14500 0.08000
v 0.40500 -0.14000 0.08000
v 0.40000 -0.14000 0.08000
v 0.40000 -0.14500 0.08500
v 0.40500 -0.14500 0.08500
v 0.40500 -0.14000 0.08500
v 0.40000 -0.14000 0.08500
v 0.40000 -0.14500 0.09000
v 0.40500 -0.14500 0.09000
v 0.40500 -0.14000 0.09000
v 0.40000 -0.14000 0.09000
v 0.40000 -0.14500 0.09500
v 0.40500 -0.14500 0.09500
v 0.40500 -0.14000 0.09500
v 0.40000 -0.14000 0.09500
v 0.40000 -0.14500 0.10500
v 0.40500 -0.14500 0.10500
v 0.40500 -0.14000 0.10500
v 0.40000 -0.14000 0.10500
v 0.40000 -0.14500 0.11000
v 0.40500 -0.14500 0.11000
v 0.40500 -0.14000 0.11000
v 0.40000 -0.14000 0.11000
v 0.40500 -0.19500 0.03000
v 0.41000 -0.19500 0.03000
v 0.41000 -0.19000 0.03000
v 0.40500 -0.19000 0.03000
v 0.40500 -0.19500 0.03500
v 0.41000 -0.19500 0.03500
v 0.41000 -0.19000 0.03500
v 0.40500 -0.19000 0.03500
v 0.40500 -0.19500 0.03500
v 0.41000 -0.19500 0.03500
v 0.41000 -0.19000 0.03500
v 0.40500 -0.19000 0.03500
v 0.40500 -0.19500 0.04000
v 0.41000 -0.19500 0.04000
v 0.41000 -0.19000 0.04000
v 0.40500 -0.19000 0.04000
v 0.40500 -0.19500 0.04000
v 0.41000 -0.19500 0.04000
v 0.41000 -0.19000 0.04000
v 0.40500 -0.19000 0.04000
v 0.40500 -0.19500 0.04500
v 0.41000 -0.19500 0.04500
v 0.41000 -0.19000 0.04500
v 0.40500 -0.19000 0.04500
v 0.40500 -0.19500 0.04500
v 0.41000 -0.19500 0.04500
v 0.41000 -0.19000 0.04500
v 0.40500 -0.19000 0.04500
v 0.40500 -0.19500 0.05000
v 0.41000 -0.19500 0.05000
v 0.41000 -0.19000 0.05000
v 0.40500 -0.19000 0.05000
v 0.40500 -0.19500 0.05000
v 0.41000 -0.19500 0.05000
v 0.41000 -0.19000 0.05000
v 0.40500 -0.19000 0.05000
v 0.40500 -0.19500 0.05500
v 0.41000 -0.19500 0.05500
v 0.41000 -0.19000 0.05500
v 0.40500 -0.19000 0.05500
v 0.40500 -0.19500 0.05500
v 0.41000 -0.19500 0.05500
v 0.41000 -0.19000 0.05500
v 0.40500 -0.19000 0.05500
v 0.40500 -0.19500 0.06000
v 0.41000 -0.19500 0.06000
v 0.41000 -0.19000 0.06000
v 0.40500 -0.19000 0.06000
v 0.40500 -0.19500 0.06000
v 0.41000 -0.19500 0.06000
v 0.41000 -0.19000 0.06000
v 0.40500 -0.19000 0.06000
v 0.40500 -0.19500 0.06500
v 0.41000 -0.19500 0.06500
v 0.41000 -0.19000 0.06500
v 0.40500 -0.19000 0.06500
v 0.40500 -0.19500 0.06500
v 0.41000 -0.19500 0.06500
v 0.41000 -0.19000 0.06500
v 0.40500 -0.19000 0.06500
v 0.40500 -0.19500 0.07000
v 0.41000 -0.19500 0.07000
v 0.41000 -0.19000 0.07000
v 0.40500 -0.19000 0.07000
v 0.40500 -0.19500 0.07000
v 0.41000 -0.19500 0.07000
v 0.41000 -0.19000 0.07000
v 0.40500 -0.19000 0.07000
v 0.40500 -0.19500 0.07500
v 0.41000 -0.19500 0.07500
v 0.41000 -0.19000 0.07500
v 0.40500 -0.19000 0.07500
v 0.40500 -0.19500 0.07500
v 0.41000 -0.19500 0.07500
v 0.41000 -0.19000 0.07500
v 0.40500 -0.19000 0.07500
v 0.40500 -0.19500 0.08000
v 0.41000 -0.19500 0.08000
v 0.41000 -0.19000 0.08000
v 0.40500 -0.19000 0.08000
v 0.40500 -0.19500 0.08000
v 0.41000 -0.19500 0.08000
v 0.41000 -0.19000 0.08000
v 0.40500 -0.19000 0.08000
v 0.40500 -0.19500 0.08500
v 0.41000 -0.19500 0.08500
v 0.41000 -0.19000 0.08500
v 0.40500 -0.19000 0.08500
v 0.40500 -0.19500 0.08500
v 0.41000 -0.19500 0.08500
v 0.41000 -0.19000 0.08500
v 0.40500 -0.19000 0.08500
v 0.40500 -0.19500 0.09000
v 0.41000 -0.19500 0.09000
v 0.41000 -0.19000 0.09000
v 0.40500 -0.19000 0.09000
v 0.40500 -0.19500 0.09000
v 0.41000 -0.19500 0.09000
v 0.41000 -0.19000 0.09000
v 0.40500 -0.19000 0.09000
v 0.40500 -0.19500 0.09500
v 0.41000 -0.19500 0.09500
v 0.41000 -0.19000 0.09500
v 0.40500 -0.19000 0.09500
v 0.40500 -0.19500 0.09500
v 0.41000 -0.19500 0.09500
v 0.41000 -0.19000 0.09500
v 0.40500 -0.19000 0.09500
v 0.40500 -0.19500 0.10000
v 0.41000 -0.19500 0.10000
v 0.41000 -0.19000 0.10000
v 0.40500 -0.19000 0.10000
v 0.40500 -0.19500 0.10000
v 0.41000 -0.19500 0.10000
v 0.41000 -0.19000 0.10000
v 0.40500 -0.19000 0.10000
v 0.40500 -0.19500 0.10500
v 0.41000 -0.19500 0.10500
v 0.41000 -0.19000 0.10500
v 0.40500 -0.19000 0.10500
v 0.40500 -0.19500 0.10500
v 0.41000 -0.19500 0.10500
v 0.41000 -0.19000 0.10500
v 0.40500 -0.19000 0.10500
v 0.40500 -0.19500 0.11000
v 0.41000 -0.19500 0.11000
v 0.41000 -0.19000 0.11000
v 0.40500 -0.19000 0.11000
v 0.40500 -0.19500 0.11000
v 0.41000 -0.19500 0.11000
v 0.41000 -0.19000 0.11000
v 0.40500 -0.19000 0.11000
v 0.40500 -0.19500 0.11500
v 0.41000 -0.19500 0.11500
v 0.41000 -0.19000 0.11500
v 0.40500 -0.19000 0.11500
v 0.40500 -0.19500 0.11500
v 0.41000 -0.19500 0.11500
v 0.41000 -0.19000 0.11500
v 0.40500 -0.19000 0.11500
v 0.40500 -0.19500 0.12000
v 0.41000 -0.19500 0.12000
v 0.41000 -0.19000 0.12000
v 0.40500 -0.19000 0.12000
v 0.40500 -0.19500 0.12000
v 0.41000 -0.19500 0.12000
v 0.41000 -0.19000 0.12000
v 0.40500 -0.19000 0.12000
v 0.40500 -0.19500 0.12500
v 0.41000 -0.19500 0.12500
v 0.41000 -0.19000 0.12500
v 0.40500 -0.19000 0.12500
v 0.40500 -0.19500 0.12500
v 0.41000 -0.19500 0.12500
v 0.41000 -0.19000 0.12500
v 0.40500 -0.19000 0.12500
v 0.40500 -0.19500 0.13000
v 0.41000 -0.19500 0.13000
v 0.41000 -0.19000 0.13000
v 0.40500 -0.19000 0.13000
v 0.40500 -0.19500 0.13000
v 0.41000 -0.19500 0.13000
v 0.41000 -0.19000 0.13000
v 0.40500 -0.19000 0.13000
v 0.40500 -0.19500 0.13500
v 0.41000 -0.19500 0.13500
v 0.41000 -0.19000 0.13500
v 0.40500 -0.19000 0.13500
v 0.40500 -0.19000 0.02500
v 0.41000 -0.19000 0.02500
v 0.41000 -0.18500 0.02500
v 0.40500 -0.18500 0.02500
v 0.40500 -0.19000 0.03000
v 0.41000 -0.19000 0.03000
v 0.41000 -0.18500 0.03000
v 0.40500 -0.18500 0.03000
v 0.40500 -0.19000 0.03000
v 0.41000 -0.19000 0.03000
v 0.41000 -0.18500 0.03000
v 0.40500 -0.18500 0.03000
v 0.40500 -0.19000 0.03500
v 0.41000 -0.19000 0.03500
v 0.41000 -0.18500 0.03500
v 0.40500 -0.18500 0.03500
v 0.40500 -0.19000 0.03500
v 0.41000 -0.19000 0.03500
v 0.41000 -0.18500 0.03500
v 0.40500 -0.18500 0.03500
v 0.40500 -0.19000 0.04000
v 0.41000 -0.19000 0.04000
v 0.41000 -0.18500 0.04000
v 0.40500 -0.18500 0.04000
v 0.40500 -0.19000 0.04000
v 0.41000 -0.19000 0.04000
v 0.41000 -0.18500 0.04000
v 0.40500 -0.18500 0.04000
v 0.40500 -0.19000 0.04500
v 0.41000 -0.19000 0.04500
v 0.41000 -0.18500 0.04500
v 0.40500 -0.18500 0.04500
v 0.40500 -0.19000 0.04500
v 0.41000 -0.19000 0.04500
v 0.41000 -0.18500 0.04500
v 0.40500 -0.18500 0.04500
v 0.40500 -0.19000 0.05000
v 0.41000 -0.19000 0.05000
v 0.41000 -0.18500 0.05000
v 0.40500 -0.18500 0.05000
v 0.40500 -0.19000 0.05000
v 0.41000 -0.19000 0.05000
v 0.41000 -0.18500 0.05000
v 0.40500 -0.18500 0.05000
v 0.40500 -0.19000 0.05500
v 0.41000 -0.19000 0.05500
v 0.41000 -0.18500 0.05500
v 0.40500 -0.18500 0.05500
v 0.40500 -0.19000 0.05500
v 0.41000 -0.19000 0.05500
v 0.41000 -0.18500 0.05500
v 0.40500 -0.18500 0.05500
v 0.40500 -0.19000 0.06000
v 0.41000 -0.19000 0.06000
v 0.41000 -0.18500 0.06000
v 0.40500 -0.18500 0.06000
v 0.40500 -0.19000 0.06000
v 0.41000 -0.19000 0.06000
v 0.41000 -0.18500 0.06000
v 0.40500 -0.18500 0.06000
v 0.40500 -0.19000 0.06500
v 0.41000 -0.19000 0.06500
v 0.41000 -0.18500 0.06500
v 0.40500 -0.18500 0.06500
v 0.40500 -0.19000 0.06500
v 0.41000 -0.19000 0.06500
v 0.41000 -0.18500 0.06500
v 0.40500 -0.18500 0.06500
v 0.40500 -0.19000 0.07000
v 0.41000 -0.19000 0.07000
v 0.41000 -0.18500 0.07000
v 0.40500 -0.18500 0.07000
v 0.40500 -0.19000 0.07000
v 0.41000 -0.19000 0.07000
v 0.41000 -0.18500 0.07000
v 0.40500 -0.18500 0.07000
v 0.40500 -0.19000 0.07500
v 0.41000 -0.19000 0.07500
v 0.41000 -0.18500 0.07500
v 0.40500 -0.18500 0.07500
v 0.40500 -0.19000 0.07500
v 0.41000 -0.19000 0.07500
v 0.41000 -0.18500 0.07500
v 0.40500 -0.18500 0.07500
v 0.40500 -0.19000 0.08000
v 0.41000 -0.19000 0.08000
v 0.41000 -0.18500 0.08000
v 0.40500 -0.18500 0.08000
v 0.40500 -0.19000 0.08000
v 0.41000 -0.19000 0.08000
v 0.41000 -0.18500 0.08000
v 0.40500 -0.18500 0.08000
v 0.40500 -0.19000 0.08500
v 0.41000 -0.19000 0.08500
v 0.41000 -0.18500 0.08500
v 0.40500 -0.18500 0.08500
v 0.40500 -0.19000 0.08500
v 0.41000 -0.19000 0.08500
v 0.41000 -0.18500 0.08500
v 0.40500 -0.18500 0.08500
v 0.40500 -0.19000 0.09000
v 0.41000 -0.19000 0.09000
v 0.41000 -0.18500 0.09000
v 0.40500 -0.18500 0.09000
v 0.40500 -0.19000 0.09000
v 0.41000 -0.19000 0.09000
v 0.41000 -0.18500 0.09000
v 0.40500 -0.18500 0.09000
v 0.40500 -0.19000 0.09500
v 0.41000 -0.19000 0.09500
v 0.41000 -0.18500 0.09500
v 0.40500 -0.18500 0.09500
v 0.40500 -0.19000 0.09500
v 0.41000 -0.19000 0.09500
v 0.41000 -0.18500 0.09500
v 0.40500 -0.18500 0.09500
v 0.40500 -0.19000 0.10000
v 0.41000 -0.19000 0.10000
v 0.41000 -0.18500 0.10000
v 0.40500 -0.18500 0.10000
v 0.40500 -0.19000 0.10000
v 0.41000 -0.19000 0.10000
v 0.41000 -0.18500 0.10000
v 0.40500 -0.18500 0.10000
v 0.40500 -0.19000 0.10500
v 0.41000 -0.19000 0.10500
v 0.41000 -0.18500 0.10500
v 0.40500 -0.18500 0.10500
v 0.40500 -0.19000 0.10500
v 0.41000 -0.19000 0.10500
v 0.41000 -0.18500 0.10500
v 0.40500 -0.18500 0.10500
v 0.40500 -0.19000 0.11000
v 0.41000 -0.19000 0.11000
v 0.41000 -0.18500 0.11000
v 0.40500 -0.18500 0.11000
v 0.40500 -0.19000 0.11000
v 0.41000 -0.19000 0.11000
v 0.41000 -0.18500 0.11000
v 0.40500 -0.18500 0.11000
v 0.40500 -0.19000 0.11500
v 0.41000 -0.19000 0.11500
v 0.41000 -0.18500 0.11500
v 0.40500 -0.18500 0.11500
v 0.40500 -0.19000 0.11500
v 0.41000 -0.19000 0.11500
v 0.41000 -0.18500 0.11500
v 0.40500 -0.18500 0.11500
v 0.40500 -0.19000 0.12000
v 0.41000 -0.19000 0.12000
v 0.41000 -0.18500 0.12000
v 0.40500 -0.18500 0.12000
v 0.40500 -0.19000 0.12000
v 0.41000 -0.19000 0.12000
v 0.41000 -0.18500 0.12000
v 0.40500 -0.18500 0.12000
v 0.40500 -0.19000 0.12500
v 0.41000 -0.19000 0.12500
v 0.41000 -0.18500 0.12500
v 0.40500 -0.18500 0.12500
v 0.40500 -0.19000 0.12500
v 0.41000 -0.19000 0.12500
v 0.41000 -0.18500 0.12500
v 0.40500 -0.18500 0.12500
v 0.40500 -0.19000 0.13000
v 0.41000 -0.19000 0.13000
v 0.41000 -0.18500 0.13000
v 0.40500 -0.18500 0.13000
v 0.40500 -0.19000 0.13000
v 0.41000 -0.19000 0.13000
v 0.41000 -0.18500 0.13000
v 0.40500 -0.18500 0.13000
v 0.40500 -0.19000 0.13500
v 0.41000 -0.19000 0.13500
v 0.41000 -0.18500 0.13500
v 0.40500 -0.18500 0.13500
v 0.40500 -0.19000 0.13500
v 0.41000 -0.19000 0.13500
v 0.41000 -0.18500 0.13500
v 0.40500 -0.18500 0.13500
v 0.40500 -0.19000 0.14000
v 0.41000 -0.19000 0.14000
v 0.41000 -0.18500 0.14000
v 0.40500 -0.18500 0.14000
v 0.40500 -0.19000 0.14000
v 0.41000 -0.19000 0.14000
v 0.41000 -0.18500 0.14000
v 0.40500 -0.18500 0.14000
v 0.40500 -0.19000 0.14500
v 0.41000 -0.19000 0.14500
v 0.41000 -0.18500 0.14500
v 0.40500 -0.18500 0.14500
v 0.40500 -0.18500 0.02500
v 0.41000 -0.18500 0.02500
v 0.41000 -0.18000 0.02500
v 0.40500 -0.18000 0.02500
v 0.40500 -0.18500 0.03000
v 0.41000 -0.18500 0.03000
v 0.41000 -0.18000 0.03000
v 0.40500 -0.18000 0.03000
v 0.40500 -0.18500 0.03000
v 0.41000 -0.18500 0.03000
v 0.41000 -0.18000 0.03000
v 0.40500 -0.18000 0.03000
v 0.40500 -0.18500 0.03500
v 0.41000 -0.18500 0.03500
v 0.41000 -0.18000 0.03500
v 0.40500 -0.18000 0.03500
v 0.40500 -0.18500 0.04000
v 0.41000 -0.18500 0.04000
v 0.41000 -0.18000 0.04000
v 0.40500 -0.18000 0.04000
v 0.40500 -0.18500 0.04500
v 0.41000 -0.18500 0.04500
v 0.41000 -0.18000 0.04500
v 0.40500 -0.18000 0.04500
v 0.40500 -0.18500 0.05000
v 0.41000 -0.18500 0.05000
v 0.41000 -0.18000 0.05000
v 0.40500 -0.18000 0.05000
v 0.40500 -0.18500 0.05500
v 0.41000 -0.18500 0.05500
v 0.41000 -0.18000 0.05500
v 0.40500 -0.18000 0.05500
v 0.40500 -0.18500 0.05500
v 0.41000 -0.18500 0.05500
v 0.41000 -0.18000 0.05500
v 0.40500 -0.18000 0.05500
v 0.40500 -0.18500 0.06000
v 0.41000 -0.18500 0.06000
v 0.41000 -0.18000 0.06000
v 0.40500 -0.18000 0.06000
v 0.40500 -0.18500 0.08000
v 0.41000 -0.18500 0.08000
v 0.41000 -0.18000 0.08000
v 0.40500 -0.18000 0.08000
v 0.40500 -0.18500 0.08500
v 0.41000 -0.18500 0.08500
v 0.41000 -0.18000 0.08500
v 0.40500 -0.18000 0.08500
v 0.40500 -0.18500 0.09000
v 0.41000 -0.18500 0.09000
v 0.41000 -0.18000 0.09000
v 0.40500 -0.18000 0.09000
v 0.40500 -0.18500 0.09500
v 0.41000 -0.18500 0.09500
v 0.41000 -0.18000 0.09500
v 0.40500 -0.18000 0.09500
v 0.40500 -0.18500 0.10000
v 0.41000 -0.18500 0.10000
v 0.41000 -0.18000 0.10000
v 0.40500 -0.18000 0.10000
v 0.40500 -0.18500 0.10500
v 0.41000 -0.18500 0.10500
v 0.41000 -0.18000 0.10500
v 0.40500 -0.18000 0.10500
v 0.40500 -0.18500 0.10500
v 0.41000 -0.18500 0.10500
v 0.41000 -0.18000 0.10500
v 0.40500 -0.18000 0.10500
v 0.40500 -0.18500 0.11000
v 0.41000 -0.18500 0.11000
v 0.41000 -0.18000 0.11000
v 0.40500 -0.18000 0.11000
v 0.40500 -0.18500 0.11500
v 0.41000 -0.18500 0.11500
v 0.41000 -0.18000 0.11500
v 0.40500 -0.18000 0.11500
v 0.40500 -0.18500 0.12000
v 0.41000 -0.18500 0.12000
v 0.41000 -0.18000 0.12000
v 0.40500 -0.18000 0.12000
v 0.40500 -0.18500 0.12000
v 0.41000 -0.18500 0.12000
v 0.41000 -0.18000 0.12000
v 0.40500 -0.18000 0.12000
v 0.40500 -0.18500 0.12500
v 0.41000 -0.18500 0.12500
v 0.41000 -0.18000 0.12500
v 0.40500 -0.18000 0.12500
v 0.40500 -0.18500 0.12500
v 0.41000 -0.18500 0.12500
v 0.41000 -0.18000 0.12500
v 0.40500 -0.18000 0.12500
v 0.40500 -0.18500 0.13000
v 0.41000 -0.18500 0.13000
v 0.41000 -0.18000 0.13000
v 0.40500 -0.18000 0.13000
v 0.40500 -0.18500 0.13000
v 0.41000 -0.18500 0.13000
v 0.41000 -0.18000 0.13000
v 0.40500 -0.18000 0.13000
v 0.40500 -0.18500 0.13500
v 0.41000 -0.18500 0.13500
v 0.41000 -0.18000 0.13500
v 0.40500 -0.18000 0.13500
v 0.40500 -0.18500 0.13500
v 0.41000 -0.18500 0.13500
v 0.41000 -0.18000 0.13500
v 0.40500 -0.18000 0.13500
v 0.40500 -0.18500 0.14000
v 0.41000 -0.18500 0.14000
v 0.41000 -0.18000 0.14000
v 0.40500 -0.18000 0.14000
v 0.40500 -0.18500 0.14000
v 0.41000 -0.18500 0.14000
v 0.41000 -0.18000 0.14000
v 0.40500 -0.18000 0.14000
v 0.40500 -0.18500 0.14500
v 0.41000 -0.18500 0.14500
v 0.41000 -0.18000 0.14500
v 0.40500 -0.18000 0.14500
v 0.40500 -0.18500 0.14500
v 0.41000 -0.18500 0.14500
v 0.41000 -0.18000 0.14500
v 0.40500 -0.18000 0.14500
v 0.40500 -0.18500 0.15000
v 0.41000 -0.18500 0.15000
v 0.41000 -0.18000 0.15000
v 0.40500 -0.18000 0.15000
v 0.40500 -0.18000 0.02500
v 0.41000 -0.18000 0.02500
v 0.41000 -0.17500 0.02500
v 0.40500 -0.17500 0.02500
v 0.40500 -0.18000 0.03000
v 0.41000 -0.18000 0.03000
v 0.41000 -0.17500 0.03000
v 0.40500 -0.17500 0.03000
v 0.40500 -0.18000 0.15000
v 0.41000 -0.18000 0.15000
v 0.41000 -0.17500 0.15000
v 0.40500 -0.17500 0.15000
v 0.40500 -0.18000 0.15500
v 0.41000 -0.18000 0.15500
v 0.41000 -0.17500 0.15500
v 0.40500 -0.17500 0.15500
v 0.40500 -0.18000 0.15500
v 0.41000 -0.18000 0.15500
v 0.41000 -0.17500 0.15500
v 0.40500 -0.17500 0.15500
v 0.40500 -0.18000 0.16000
v 0.41000 -0.18000 0.16000
v 0.41000 -0.17500 0.16000
v 0.40500 -0.17500 0.16000
v 0.40500 -0.18000 0.16000
v 0.41000 -0.18000 0.16000
v 0.41000 -0.17500 0.16000
v 0.40500 -0.17500 0.16000
v 0.40500 -0.18000 0.16500
v 0.41000 -0.18000 0.16500
v 0.41000 -0.17500 0.16500
v 0.40500 -0.17500 0.16500
v 0.40500 -0.17500 0.16500
v 0.41000 -0.17500 0.16500
v 0.41000 -0.17000 0.16500
v 0.40500 -0.17000 0.16500
v 0.40500 -0.17500 0.17000
v 0.41000 -0.17500 0.17000
v 0.41000 -0.17000 0.17000
v 0.40500 -0.17000 0.17000
v 0.40500 -0.17500 0.17000
v 0.41000 -0.17500 0.17000
v 0.41000 -0.17000 0.17000
v 0.40500 -0.17000 0.17000
v 0.40500 -0.17500 0.17500
v 0.41000 -0.17500 0.17500
v 0.41000 -0.17000 0.17500
v 0.40500 -0.17000 0.17500
v 0.40500 -0.17000 0.17500
v 0.41000 -0.17000 0.17500
v 0.41000 -0.16500 0.17500
v 0.40500 -0.16500 0.17500
v 0.40500 -0.17000 0.18000
v 0.41000 -0.17000 0.18000
v 0.41000 -0.16500 0.18000
v 0.40500 -0.16500 0.18000
v 0.40500 -0.17000 0.18000
v 0.41000 -0.17000 0.18000
v 0.41000 -0.16500 0.18000
v 0.40500 -0.16500 0.18000
v 0.40500 -0.17000 0.18500
v 0.41000 -0.17000 0.18500
v 0.41000 -0.16500 0.18500
v 0.40500 -0.16500 0.18500
v 0.40500 -0.16500 0.18000
v 0.41000 -0.16500 0.18000
v 0.41000 -0.16000 0.18000
v 0.40500 -0.16000 0.18000
v 0.40500 -0.16500 0.18500
v 0.41000 -0.16500 0.18500
v 0.41000 -0.16000 0.18500
v 0.40500 -0.16000 0.18500
v 0.40500 -0.16500 0.18500
v 0.41000 -0.16500 0.18500
v 0.41000 -0.16000 0.18500
v 0.40500 -0.16000 0.18500
v 0.40500 -0.16500 0.19000
v 0.41000 -0.16500 0.19000
v 0.41000 -0.16000 0.19000
v 0.40500 -0.16000 0.19000
v 0.40500 -0.16000 0.02000
v 0.41000 -0.16000 0.02000
v 0.41000 -0.15500 0.02000
v 0.40500 -0.15500 0.02000
v 0.40500 -0.16000 0.02500
v 0.41000 -0.16000 0.02500
v 0.41000 -0.15500 0.02500
v 0.40500 -0.15500 0.02500
v 0.40500 -0.16000 0.18500
v 0.41000 -0.16000 0.18500
v 0.41000 -0.15500 0.18500
v 0.40500 -0.15500 0.18500
v 0.40500 -0.16000 0.19000
v 0.41000 -0.16000 0.19000
v 0.41000 -0.15500 0.19000
v 0.40500 -0.15500 0.19000
v 0.40500 -0.15500 0.01500
v 0.41000 -0.15500 0.01500
v 0.41000 -0.15000 0.01500
v 0.40500 -0.15000 0.01500
v 0.40500 -0.15500 0.02000
v 0.41000 -0.15500 0.02000
v 0.41000 -0.15000 0.02000
v 0.40500 -0.15000 0.02000
v 0.40500 -0.15500 0.02000
v 0.41000 -0.15500 0.02000
v 0.41000 -0.15000 0.02000
v 0.40500 -0.15000 0.02000
v 0.40500 -0.15500 0.02500
v 0.41000 -0.15500 0.02500
v 0.41000 -0.15000 0.02500
v 0.40500 -0.15000 0.02500
v 0.40500 -0.15500 0.16500
v 0.41000 -0.15500 0.16500
v 0.41000 -0.15000 0.16500
v 0.40500 -0.15000 0.16500
v 0.40500 -0.15500 0.17000
v 0.41000 -0.15500 0.17000
v 0.41000 -0.15000 0.17000
v 0.40500 -0.15000 0.17000
v 0.40500 -0.15500 0.17000
v 0.41000 -0.15500 0.17000
v 0.41000 -0.15000 0.17000
v 0.40500 -0.15000 0.17000
v 0.40500 -0.15500 0.17500
v 0.41000 -0.15500 0.17500
v 0.41000 -0.15000 0.17500
v 0.40500 -0.15000 0.17500
v 0.40500 -0.15500 0.17500
v 0.41000 -0.15500 0.17500
v 0.41000 -0.15000 0.17500
v 0.40500 -0.15000 0.17500
v 0.40500 -0.15500 0.18000
v 0.41000 -0.15500 0.18000
v 0.41000 -0.15000 0.18000
v 0.40500 -0.15000 0.18000
v 0.40500 -0.15500 0.18000
v 0.41000 -0.15500 0.18000
v 0.41000 -0.15000 0.18000
v 0.40500 -0.15000 0.18000
v 0.40500 -0.15500 0.18500
v 0.41000 -0.15500 0.18500
v 0.41000 -0.15000 0.18500
v 0.40500 -0.15000 0.18500
v 0.40500 -0.15500 0.18500
v 0.41000 -0.15500 0.18500
v 0.41000 -0.15000 0.18500
v 0.40500 -0.15000 0.18500
v 0.40500 -0.15500 0.19000
v 0.41000 -0.15500 0.19000
v 0.41000 -0.15000 0.19000
v 0.40500 -0.15000 0.19000
v 0.40500 -0.15000 0.01500
v 0.41000 -0.15000 0.01500
v 0.41000 -0.14500 0.01500
v 0.40500 -0.14500 0.01500
v 0.40500 -0.15000 0.02000
v 0.41000 -0.15000 0.02000
v 0.41000 -0.14500 0.02000
v 0.40500 -0.14500 0.02000
v 0.40500 -0.15000 0.02000
v 0.41000 -0.15000 0.02000
v 0.41000 -0.14500 0.02000
v 0.40500 -0.14500 0.02000
v 0.40500 -0.15000 0.02500
v 0.41000 -0.15000 0.02500
v 0.41000 -0.14500 0.02500
v 0.40500 -0.14500 0.02500
v 0.40500 -0.15000 0.02500
v 0.41000 -0.15000 0.02500
v 0.41000 -0.14500 0.02500
v 0.40500 -0.14500 0.02500
v 0.40500 -0.15000 0.03000
v 0.41000 -0.15000 0.03000
v 0.41000 -0.14500 0.03000
v 0.40500 -0.14500 0.03000
v 0.40500 -0.15000 0.15500
v 0.41000 -0.15000 0.15500
v 0.41000 -0.14500 0.15500
v 0.40500 -0.14500 0.15500
v 0.40500 -0.15000 0.16000
v 0.41000 -0.15000 0.16000
v 0.41000 -0.14500 0.16000
v 0.40500 -0.14500 0.16000
v 0.40500 -0.15000 0.16000
v 0.41000 -0.15000 0.16000
v 0.41000 -0.14500 0.16000
v 0.40500 -0.14500 0.16000
v 0.40500 -0.15000 0.16500
v 0.41000 -0.15000 0.16500
v 0.41000 -0.14500 0.16500
v 0.40500 -0.14500 0.16500
v 0.40500 -0.14500 0.02000
v 0.41000 -0.14500 0.02000
v 0.41000 -0.14000 0.02000
v 0.40500 -0.14000 0.02000
v 0.40500 -0.14500 0.02500
v 0.41000 -0.14500 0.02500
v 0.41000 -0.14000 0.02500
v 0.40500 -0.14000 0.02500
v 0.40500 -0.14500 0.02500
v 0.41000 -0.14500 0.02500
v 0.41000 -0.14000 0.02500
v 0.40500 -0.14000 0.02500
v 0.40500 -0.14500 0.03000
v 0.41000 -0.14500 0.03000
v 0.41000 -0.14000 0.03000
v 0.40500 -0.14000 0.03000
v 0.40500 -0.14500 0.03000
v 0.41000 -0.14500 0.03000
v 0.41000 -0.14000 0.03000
v 0.40500 -0.14000 0.03000
v 0.40500 -0.14500 0.03500
v 0.41000 -0.14500 0.03500
v 0.41000 -0.14000 0.03500
v 0.40500 -0.14000 0.03500
v 0.40500 -0.14500 0.03500
v 0.41000 -0.14500 0.03500
v 0.41000 -0.14000 0.03500
v 0.40500 -0.14000 0.03500
v 0.40500 -0.14500 0.04000
v 0.41000 -0.14500 0.04000
v 0.41000 -0.14000 0.04000
v 0.40500 -0.14000 0.04000
v 0.40500 -0.14500 0.04000
v 0.41000 -0.14500 0.04000
v 0.41000 -0.14000 0.04000
v 0.40500 -0.14000 0.04000
v 0.40500 -0.14500 0.04500
v 0.41000 -0.14500 0.04500
v 0.41000 -0.14000 0.04500
v 0.40500 -0.14000 0.04500
v 0.40500 -0.14500 0.08500
v 0.41000 -0.14500 0.08500
v 0.41000 -0.14000 0.08500
v 0.40500 -0.14000 0.08500
v 0.40500 -0.14500 0.09000
v 0.41000 -0.14500 0.09000
v 0.41000 -0.14000 0.09000
v 0.40500 -0.14000 0.09000
v 0.40500 -0.14500 0.09000
v 0.41000 -0.14500 0.09000
v 0.41000 -0.14000 0.09000
v 0.40500 -0.14000 0.09000
v 0.40500 -0.14500 0.09500
v 0.41000 -0.14500 0.09500
v 0.41000 -0.14000 0.09500
v 0.40500 -0.14000 0.09500
v 0.40500 -0.14500 0.09500
v 0.41000 -0.14500 0.09500
v 0.41000 -0.14000 0.09500
v 0.40500 -0.14000 0.09500
v 0.40500 -0.14500 0.10000
v 0.41000 -0.14500 0.10000
v 0.41000 -0.14000 0.10000
v 0.40500 -0.14000 0.10000
v 0.40500 -0.14500 0.10000
v 0.41000 -0.14500 0.10000
v 0.41000 -0.14000 0.10000
v 0.40500 -0.14000 0.10000
v 0.40500 -0.14500 0.10500
v 0.41000 -0.14500 0.10500
v 0.41000 -0.14000 0.10500
v 0.40500 -0.14000 0.10500
v 0.40500 -0.14500 0.10500
v 0.41000 -0.14500 0.10500
v 0.41000 -0.14000 0.10500
v 0.40500 -0.14000 0.10500
v 0.40500 -0.14500 0.11000
v 0.41000 -0.14500 0.11000
v 0.41000 -0.14000 0.11000
v 0.40500 -0.14000 0.11000
v 0.40500 -0.14500 0.11000
v 0.41000 -0.14500 0.11000
v 0.41000 -0.14000 0.11000
v 0.40500 -0.14000 0.11000
v 0.40500 -0.14500 0.11500
v 0.41000 -0.14500 0.11500
v 0.41000 -0.14000 0.11500
v 0.40500 -0.14000 0.11500
v 0.40500 -0.14500 0.11500
v 0.41000 -0.14500 0.11500
v 0.41000 -0.14000 0.11500
v 0.40500 -0.14000 0.11500
v 0.40500 -0.14500 0.12000
v 0.41000 -0.14500 0.12000
v 0.41000 -0.14000 0.12000
v 0.40500 -0.14000 0.12000
v 0.40500 -0.14500 0.12000
v 0.41000 -0.14500 0.12000
v 0.41000 -0.14000 0.12000
v 0.40500 -0.14000 0.12000
v 0.40500 -0.14500 0.12500
v 0.41000 -0.14500 0.12500
v 0.41000 -0.14000 0.12500
v 0.40500 -0.14000 0.12500
v 0.40500 -0.14500 0.12500
v 0.41000 -0.14500 0.12500
v 0.41000 -0.14000 0.12500
v 0.40500 -0.14000 0.12500
v 0.40500 -0.14500 0.13000
v 0.41000 -0.14500 0.13000
v 0.41000 -0.14000 0.13000
v 0.40500 -0.14000 0.13000
v 0.40500 -0.14500 0.13000
v 0.41000 -0.14500 0.13000
v 0.41000 -0.14000 0.13000
v 0.40500 -0.14000 0.13000
v 0.40500 -0.14500 0.13500
v 0.41000 -0.14500 0.13500
v 0.41000 -0.14000 0.13500
v 0.40500 -0.14000 0.13500
v 0.40500 -0.14500 0.13500
v 0.41000 -0.14500 0.13500
v 0.41000 -0.14000 0.13500
v 0.40500 -0.14000 0.13500
v 0.40500 -0.14500 0.14000
v 0.41000 -0.14500 0.14000
v 0.41000 -0.14000 0.14000
v 0.40500 -0.14000 0.14000
v 0.40500 -0.14500 0.14000
v 0.41000 -0.14500 0.14000
v 0.41000 -0.14000 0.14000
v 0.40500 -0.14000 0.14000
v 0.40500 -0.14500 0.14500
v 0.41000 -0.14500 0.14500
v 0.41000 -0.14000 0.14500
v 0.40500 -0.14000 0.14500
v 0.40500 -0.14500 0.14500
v 0.41000 -0.14500 0.14500
v 0.41000 -0.14000 0.14500
v 0.40500 -0.14000 0.14500
v 0.40500 -0.14500 0.15000
v 0.41000 -0.14500 0.15000
v 0.41000 -0.14000 0.15000
v 0.40500 -0.14000 0.15000
v 0.40500 -0.14500 0.15000
v 0.41000 -0.14500 0.15000
v 0.41000 -0.14000 0.15000
v 0.40500 -0.14000 0.15000
v 0.40500 -0.14500 0.15500
v 0.41000 -0.14500 0.15500
v 0.41000 -0.14000 0.15500
v 0.40500 -0.14000 0.15500
v 0.40500 -0.14000 0.03000
v 0.41000 -0.14000 0.03000
v 0.41000 -0.13500 0.03000
v 0.40500 -0.13500 0.03000
v 0.40500 -0.14000 0.03500
v 0.41000 -0.14000 0.03500
v 0.41000 -0.13500 0.03500
v 0.40500 -0.13500 0.03500
v 0.40500 -0.14000 0.03500
v 0.41000 -0.14000 0.03500
v 0.41000 -0.13500 0.03500
v 0.40500 -0.13500 0.03500
v 0.40500 -0.14000 0.04000
v 0.41000 -0.14000 0.04000
v 0.41000 -0.13500 0.04000
v 0.40500 -0.13500 0.04000
v 0.40500 -0.14000 0.04000
v 0.41000 -0.14000 0.04000
v 0.41000 -0.13500 0.04000
v 0.40500 -0.13500 0.04000
v 0.40500 -0.14000 0.04500
v 0.41000 -0.14000 0.04500
v 0.41000 -0.13500 0.04500
v 0.40500 -0.13500 0.04500
v 0.40500 -0.14000 0.04500
v 0.41000 -0.14000 0.04500
v 0.41000 -0.13500 0.04500
v 0.40500 -0.13500 0.04500
v 0.40500 -0.14000 0.05000
v 0.41000 -0.14000 0.05000
v 0.41000 -0.13500 0.05000
v 0.40500 -0.13500 0.05000
v 0.40500 -0.14000 0.05000
v 0.41000 -0.14000 0.05000
v 0.41000 -0.13500 0.05000
v 0.40500 -0.13500 0.05000
v 0.40500 -0.14000 0.05500
v 0.41000 -0.14000 0.05500
v 0.41000 -0.13500 0.05500
v 0.40500 -0.13500 0.05500
v 0.40500 -0.14000 0.05500
v 0.41000 -0.14000 0.05500
v 0.41000 -0.13500 0.05500
v 0.40500 -0.13500 0.05500
v 0.40500 -0.14000 0.06000
v 0.41000 -0.14000 0.06000
v 0.41000 -0.13500 0.06000
v 0.40500 -0.13500 0.06000
v 0.40500 -0.14000 0.06000
v 0.41000 -0.14000 0.06000
v 0.41000 -0.13500 0.06000
v 0.40500 -0.13500 0.06000
v 0.40500 -0.14000 0.06500
v 0.41000 -0.14000 0.06500
v 0.41000 -0.13500 0.06500
v 0.40500 -0.13500 0.06500
v 0.40500 -0.14000 0.06500
v 0.41000 -0.14000 0.06500
v 0.41000 -0.13500 0.06500
v 0.40500 -0.13500 0.06500
v 0.40500 -0.14000 0.07000
v 0.41000 -0.14000 0.07000
v 0.41000 -0.13500 0.07000
v 0.40500 -0.13500 0.07000
v 0.40500 -0.14000 0.07000
v 0.41000 -0.14000 0.07000
v 0.41000 -0.13500 0.07000
v 0.40500 -0.13500 0.07000
v 0.40500 -0.14000 0.07500
v 0.41000 -0.14000 0.07500
v 0.41000 -0.13500 0.07500
v 0.40500 -0.13500 0.07500
v 0.40500 -0.14000 0.07500
v 0.41000 -0.14000 0.07500
v 0.41000 -0.13500 0.07500
v 0.40500 -0.13500 0.07500
v 0.40500 -0.14000 0.08000
v 0.41000 -0.14000 0.08000
v 0.41000 -0.13500 0.08000
v 0.40500 -0.13500 0.08000
v 0.40500 -0.14000 0.08000
v 0.41000 -0.14000 0.08000
v 0.41000 -0.13500 0.08000
v 0.40500 -0.13500 0.08000
v 0.40500 -0.14000 0.08500
v 0.41000 -0.14000 0.08500
v 0.41000 -0.13500 0.08500
v 0.40500 -0.13500 0.08500
v 0.40500 -0.14000 0.08500
v 0.41000 -0.14000 0.08500
v 0.41000 -0.13500 0.08500
v 0.40500 -0.13500 0.08500
v 0.40500 -0.14000 0.09000
v 0.41000 -0.14000 0.09000
v 0.41000 -0.13500 0.09000
v 0.40500 -0.13500 0.09000
v 0.40500 -0.14000 0.09500
v 0.41000 -0.14000 0.09500
v 0.41000 -0.13500 0.09500
v 0.40500 -0.13500 0.09500
v 0.40500 -0.14000 0.10000
v 0.41000 -0.14000 0.10000
v 0.41000 -0.13500 0.10000
v 0.40500 -0.13500 0.10000
v 0.41000 -0.20000 0.04000
v 0.41500 -0.20000 0.04000
v 0.41500 -0.19500 0.04000
v 0.41000 -0.19500 0.04000
v 0.41000 -0.20000 0.04500
v 0.41500 -0.20000 0.04500
v 0.41500 -0.19500 0.04500
v 0.41000 -0.19500 0.04500
v 0.41000 -0.20000 0.04500
v 0.41500 -0.20000 0.04500
v 0.41500 -0.19500 0.04500
v 0.41000 -0.19500 0.04500
v 0.41000 -0.20000 0.05000
v 0.41500 -0.20000 0.05000
v 0.41500 -0.19500 0.05000
v 0.41000 -0.19500 0.05000
v 0.41000 -0.20000 0.05000
v 0.41500 -0.20000 0.05000
v 0.41500 -0.19500 0.05000
v 0.41000 -0.19500 0.05000
v 0.41000 -0.20000 0.05500
v 0.41500 -0.20000 0.05500
v 0.41500 -0.19500 0.05500
v 0.41000 -0.19500 0.05500
v 0.41000 -0.20000 0.05500
v 0.41500 -0.20000 0.05500
v 0.41500 -0.19500 0.05500
v 0.41000 -0.19500 0.05500
v 0.41000 -0.20000 0.06000
v 0.41500 -0.20000 0.06000
v 0.41500 -0.19500 0.06000
v 0.41000 -0.19500 0.06000
v 0.41000 -0.20000 0.06000
v 0.41500 -0.20000 0.06000
v 0.41500 -0.19500 0.06000
v 0.41000 -0.19500 0.06000
v 0.41000 -0.20000 0.06500
v 0.41500 -0.20000 0.06500
v 0.41500 -0.19500 0.06500
v 0.41000 -0.19500 0.06500
v 0.41000 -0.20000 0.06500
v 0.41500 -0.20000 0.06500
v 0.41500 -0.19500 0.06500
v 0.41000 -0.19500 0.06500
v 0.41000 -0.20000 0.07000
v 0.41500 -0.20000 0.07000
v 0.41500 -0.19500 0.07000
v 0.41000 -0.19500 0.07000
v 0.41000 -0.20000 0.07000
v 0.41500 -0.20000 0.07000
v 0.41500 -0.19500 0.07000
v 0.41000 -0.19500 0.07000
v 0.41000 -0.20000 0.07500
v 0.41500 -0.20000 0.07500
v 0.41500 -0.19500 0.07500
v 0.41000 -0.19500 0.07500
v 0.41000 -0.20000 0.07500
v 0.41500 -0.20000 0.07500
v 0.41500 -0.19500 0.07500
v 0.41000 -0.19500 0.07500
v 0.41000 -0.20000 0.08000
v 0.41500 -0.20000 0.08000
v 0.41500 -0.19500 0.08000
v 0.41000 -0.19500 0.08000
v 0.41000 -0.20000 0.08000
v 0.41500 -0.20000 0.08000
v 0.41500 -0.19500 0.08000
v 0.41000 -0.19500 0.08000
v 0.41000 -0.20000 0.08500
v 0.41500 -0.20000 0.08500
v 0.41500 -0.19500 0.08500
v 0.41000 -0.19500 0.08500
v 0.41000 -0.20000 0.08500
v 0.41500 -0.20000 0.08500
v 0.41500 -0.19500 0.08500
v 0.41000 -0.19500 0.08500
v 0.41000 -0.20000 0.09000
v 0.41500 -0.20000 0.09000
v 0.41500 -0.19500 0.09000
v 0.41000 -0.19500 0.09000
v 0.41000 -0.20000 0.12000
v 0.41500 -0.20000 0.12000
v 0.41500 -0.19500 0.12000
v 0.41000 -0.19500 0.12000
v 0.41000 -0.20000 0.12500
v 0.41500 -0.20000 0.12500
v 0.41500 -0.19500 0.12500
v 0.41000 -0.19500 0.12500
v 0.41000 -0.20000 0.12500
v 0.41500 -0.20000 0.12500
v 0.41500 -0.19500 0.12500
v 0.41000 -0.19500 0.12500
v 0.41000 -0.20000 0.13000
v 0.41500 -0.20000 0.13000
v 0.41500 -0.19500 0.13000
v 0.41000 -0.19500 0.13000
v 0.41000 -0.20000 0.13000
v 0.41500 -0.20000 0.13000
v 0.41500 -0.19500 0.13000
v 0.41000 -0.19500 0.13000
v 0.41000 -0.20000 0.13500
v 0.41500 -0.20000 0.13500
v 0.41500 -0.19500 0.13500
v 0.41000 -0.19500 0.13500
v 0.41000 -0.19500 0.03000
v 0.41500 -0.19500 0.03000
v 0.41500 -0.19000 0.03000
v 0.41000 -0.19000 0.03000
v 0.41000 -0.19500 0.03500
v 0.41500 -0.19500 0.03500
v 0.41500 -0.19000 0.03500
v 0.41000 -0.19000 0.03500
v 0.41000 -0.19500 0.03500
v 0.41500 -0.19500 0.03500
v 0.41500 -0.19000 0.03500
v 0.41000 -0.19000 0.03500
v 0.41000 -0.19500 0.04000
v 0.41500 -0.19500 0.04000
v 0.41500 -0.19000 0.04000
v 0.41000 -0.19000 0.04000
v 0.41000 -0.19500 0.09500
v 0.41500 -0.19500 0.09500
v 0.41500 -0.19000 0.09500
v 0.41000 -0.19000 0.09500
v 0.41000 -0.19500 0.10000
v 0.41500 -0.19500 0.10000
v 0.41500 -0.19000 0.10000
v 0.41000 -0.19000 0.10000
v 0.41000 -0.19500 0.10500
v 0.41500 -0.19500 0.10500
v 0.41500 -0.19000 0.10500
v 0.41000 -0.19000 0.10500
v 0.41000 -0.19500 0.11000
v 0.41500 -0.19500 0.11000
v 0.41500 -0.19000 0.11000
v 0.41000 -0.19000 0.11000
v 0.41000 -0.19500 0.11000
v 0.41500 -0.19500 0.11000
v 0.41500 -0.19000 0.11000
v 0.41000 -0.19000 0.11000
v 0.41000 -0.19500 0.11500
v 0.41500 -0.19500 0.11500
v 0.41500 -0.19000 0.11500
v 0.41000 -0.19000 0.11500
v 0.41000 -0.19500 0.11500
v 0.41500 -0.19500 0.11500
v 0.41500 -0.19000 0.11500
v 0.41000 -0.19000 0.11500
v 0.41000 -0.19500 0.12000
v 0.41500 -0.19500 0.12000
v 0.41500 -0.19000 0.12000
v 0.41000 -0.19000 0.12000
v 0.41000 -0.19500 0.13500
v 0.41500 -0.19500 0.13500
v 0.41500 -0.19000 0.13500
v 0.41000 -0.19000 0.13500
v 0.41000 -0.19500 0.14000
v 0.41500 -0.19500 0.14000
v 0.41500 -0.19000 0.14000
v 0.41000 -0.19000 0.14000
v 0.41000 -0.19500 0.14000
v 0.41500 -0.19500 0.14000
v 0.41500 -0.19000 0.14000
v 0.41000 -0.19000 0.14000
v 0.41000 -0.19500 0.14500
v 0.41500 -0.19500 0.14500
v 0.41500 -0.19000 0.14500
v 0.41000 -0.19000 0.14500
v 0.41000 -0.19000 0.02000
v 0.41500 -0.19000 0.02000
v 0.41500 -0.18500 0.02000
v 0.41000 -0.18500 0.02000
v 0.41000 -0.19000 0.02500
v 0.41500 -0.19000 0.02500
v 0.41500 -0.18500 0.02500
v 0.41000 -0.18500 0.02500
v 0.41000 -0.19000 0.14500
v 0.41500 -0.19000 0.14500
v 0.41500 -0.18500 0.14500
v 0.41000 -0.18500 0.14500
v 0.41000 -0.19000 0.15000
v 0.41500 -0.19000 0.15000
v 0.41500 -0.18500 0.15000
v 0.41000 -0.18500 0.15000
v 0.41000 -0.19000 0.15000
v 0.41500 -0.19000 0.15000
v 0.41500 -0.18500 0.15000
v 0.41000 -0.18500 0.15000
v 0.41000 -0.19000 0.15500
v 0.41500 -0.19000 0.15500
v 0.41500 -0.18500 0.15500
v 0.41000 -0.18500 0.15500
v 0.41000 -0.18500 0.15000
v 0.41500 -0.18500 0.15000
v 0.41500 -0.18000 0.15000
v 0.41000 -0.18000 0.15000
v 0.41000 -0.18500 0.15500
v 0.41500 -0.18500 0.15500
v 0.41500 -0.18000 0.15500
v 0.41000 -0.18000 0.15500
v 0.41000 -0.18500 0.15500
v 0.41500 -0.18500 0.15500
v 0.41500 -0.18000 0.15500
v 0.41000 -0.18000 0.15500
v 0.41000 -0.18500 0.16000
v 0.41500 -0.18500 0.16000
v 0.41500 -0.18000 0.16000
v 0.41000 -0.18000 0.16000
v 0.41000 -0.18500 0.16000
v 0.41500 -0.18500 0.16000
v 0.41500 -0.18000 0.16000
v 0.41000 -0.18000 0.16000
v 0.41000 -0.18500 0.16500
v 0.41500 -0.18500 0.16500
v 0.41500 -0.18000 0.16500
v 0.41000 -0.18000 0.16500
v 0.41000 -0.18000 0.16500
v 0.41500 -0.18000 0.16500
v 0.41500 -0.17500 0.16500
v 0.41000 -0.17500 0.16500
v 0.41000 -0.18000 0.17000
v 0.41500 -0.18000 0.17000
v 0.41500 -0.17500 0.17000
v 0.41000 -0.17500 0.17000
v 0.41000 -0.17500 0.17000
v 0.41500 -0.17500 0.17000
v 0.41500 -0.17000 0.17000
v 0.41000 -0.17000 0.17000
v 0.41000 -0.17500 0.17500
v 0.41500 -0.17500 0.17500
v 0.41500 -0.17000 0.17500
v 0.41000 -0.17000 0.17500
v 0.41000 -0.17500 0.17500
v 0.41500 -0.17500 0.17500
v 0.41500 -0.17000 0.17500
v 0.41000 -0.17000 0.17500
v 0.41000 -0.17500 0.18000
v 0.41500 -0.17500 0.18000
v 0.41500 -0.17000 0.18000
v 0.41000 -0.17000 0.18000
v 0.41000 -0.17500 0.18000
v 0.41500 -0.17500 0.18000
v 0.41500 -0.17000 0.18000
v 0.41000 -0.17000 0.18000
v 0.41000 -0.17500 0.18500
v 0.41500 -0.17500 0.18500
v 0.41500 -0.17000 0.18500
v 0.41000 -0.17000 0.18500
v 0.41000 -0.17000 0.18500
v 0.41500 -0.17000 0.18500
v 0.41500 -0.16500 0.18500
v 0.41000 -0.16500 0.18500
v 0.41000 -0.17000 0.19000
v 0.41500 -0.17000 0.19000
v 0.41500 -0.16500 0.19000
v 0.41000 -0.16500 0.19000
v 0.41000 -0.16500 0.18500
v 0.41500 -0.16500 0.18500
v 0.41500 -0.16000 0.18500
v 0.41000 -0.16000 0.18500
v 0.41000 -0.16500 0.19000
v 0.41500 -0.16500 0.19000
v 0.41500 -0.16000 0.19000
v 0.41000 -0.16000 0.19000
v 0.41000 -0.16000 0.18500
v 0.41500 -0.16000 0.18500
v 0.41500 -0.15500 0.18500
v 0.41000 -0.15500 0.18500
v 0.41000 -0.16000 0.19000
v 0.41500 -0.16000 0.19000
v 0.41500 -0.15500 0.19000
v 0.41000 -0.15500 0.19000
v 0.41000 -0.15500 0.17000
v 0.41500 -0.15500 0.17000
v 0.41500 -0.15000 0.17000
v 0.41000 -0.15000 0.17000
v 0.41000 -0.15500 0.17500
v 0.41500 -0.15500 0.17500
v 0.41500 -0.15000 0.17500
v 0.41000 -0.15000 0.17500
v 0.41000 -0.15500 0.17500
v 0.41500 -0.15500 0.17500
v 0.41500 -0.15000 0.17500
v 0.41000 -0.15000 0.17500
v 0.41000 -0.15500 0.18000
v 0.41500 -0.15500 0.18000
v 0.41500 -0.15000 0.18000
v 0.41000 -0.15000 0.18000
v 0.41000 -0.15500 0.18000
v 0.41500 -0.15500 0.18000
v 0.41500 -0.15000 0.18000
v 0.41000 -0.15000 0.18000
v 0.41000 -0.15500 0.18500
v 0.41500 -0.15500 0.18500
v 0.41500 -0.15000 0.18500
v 0.41000 -0.15000 0.18500
v 0.41000 -0.15500 0.18500
v 0.41500 -0.15500 0.18500
v 0.41500 -0.15000 0.18500
v 0.41000 -0.15000 0.18500
v 0.41000 -0.15500 0.19000
v 0.41500 -0.15500 0.19000
v 0.41500 -0.15000 0.19000
v 0.41000 -0.15000 0.19000
v 0.41000 -0.15000 0.15500
v 0.41500 -0.15000 0.15500
v 0.41500 -0.14500 0.15500
v 0.41000 -0.14500 0.15500
v 0.41000 -0.15000 0.16000
v 0.41500 -0.15000 0.16000
v 0.41500 -0.14500 0.16000
v 0.41000 -0.14500 0.16000
v 0.41000 -0.15000 0.16000
v 0.41500 -0.15000 0.16000
v 0.41500 -0.14500 0.16000
v 0.41000 -0.14500 0.16000
v 0.41000 -0.15000 0.16500
v 0.41500 -0.15000 0.16500
v 0.41500 -0.14500 0.16500
v 0.41000 -0.14500 0.16500
v 0.41000 -0.15000 0.16500
v 0.41500 -0.15000 0.16500
v 0.41500 -0.14500 0.16500
v 0.41000 -0.14500 0.16500
v 0.41000 -0.15000 0.17000
v 0.41500 -0.15000 0.17000
v 0.41500 -0.14500 0.17000
v 0.41000 -0.14500 0.17000
v 0.41000 -0.14500 0.01000
v 0.41500 -0.14500 0.01000
v 0.41500 -0.14000 0.01000
v 0.41000 -0.14000 0.01000
v 0.41000 -0.14500 0.01500
v 0.41500 -0.14500 0.01500
v 0.41500 -0.14000 0.01500
v 0.41000 -0.14000 0.01500
v 0.41000 -0.14500 0.14500
v 0.41500 -0.14500 0.14500
v 0.41500 -0.14000 0.14500
v 0.41000 -0.14000 0.14500
v 0.41000 -0.14500 0.15000
v 0.41500 -0.14500 0.15000
v 0.41500 -0.14000 0.15000
v 0.41000 -0.14000 0.15000
v 0.41000 -0.14500 0.15000
v 0.41500 -0.14500 0.15000
v 0.41500 -0.14000 0.15000
v 0.41000 -0.14000 0.15000
v 0.41000 -0.14500 0.15500
v 0.41500 -0.14500 0.15500
v 0.41500 -0.14000 0.15500
v 0.41000 -0.14000 0.15500
v 0.41000 -0.14000 0.01500
v 0.41500 -0.14000 0.01500
v 0.41500 -0.13500 0.01500
v 0.41000 -0.13500 0.01500
v 0.41000 -0.14000 0.02000
v 0.41500 -0.14000 0.02000
v 0.41500 -0.13500 0.02000
v 0.41000 -0.13500 0.02000
v 0.41000 -0.14000 0.02000
v 0.41500 -0.14000 0.02000
v 0.41500 -0.13500 0.02000
v 0.41000 -0.13500 0.02000
v 0.41000 -0.14000 0.02500
v 0.41500 -0.14000 0.02500
v 0.41500 -0.13500 0.02500
v 0.41000 -0.13500 0.02500
v 0.41000 -0.14000 0.09000
v 0.41500 -0.14000 0.09000
v 0.41500 -0.13500 0.09000
v 0.41000 -0.13500 0.09000
v 0.41000 -0.14000 0.09500
v 0.41500 -0.14000 0.09500
v 0.41500 -0.13500 0.09500
v 0.41000 -0.13500 0.09500
v 0.41000 -0.14000 0.09500
v 0.41500 -0.14000 0.09500
v 0.41500 -0.13500 0.09500
v 0.41000 -0.13500 0.09500
v 0.41000 -0.14000 0.10000
v 0.41500 -0.14000 0.10000
v 0.41500 -0.13500 0.10000
v 0.41000 -0.13500 0.10000
v 0.41000 -0.14000 0.10000
v 0.41500 -0.14000 0.10000
v 0.41500 -0.13500 0.10000
v 0.41000 -0.13500 0.10000
v 0.41000 -0.14000 0.10500
v 0.41500 -0.14000 0.10500
v 0.41500 -0.13500 0.10500
v 0.41000 -0.13500 0.10500
v 0.41000 -0.14000 0.10500
v 0.41500 -0.14000 0.10500
v 0.41500 -0.13500 0.10500
v 0.41000 -0.13500 0.10500
v 0.41000 -0.14000 0.11000
v 0.41500 -0.14000 0.11000
v 0.41500 -0.13500 0.11000
v 0.41000 -0.13500 0.11000
v 0.41000 -0.14000 0.11000
v 0.41500 -0.14000 0.11000
v 0.41500 -0.13500 0.11000
v 0.41000 -0.13500 0.11000
v 0.41000 -0.14000 0.11500
v 0.41500 -0.14000 0.11500
v 0.41500 -0.13500 0.11500
v 0.41000 -0.13500 0.11500
v 0.41000 -0.14000 0.11500
v 0.41500 -0.14000 0.11500
v 0.41500 -0.13500 0.11500
v 0.41000 -0.13500 0.11500
v 0.41000 -0.14000 0.12000
v 0.41500 -0.14000 0.12000
v 0.41500 -0.13500 0.12000
v 0.41000 -0.13500 0.12000
v 0.41000 -0.14000 0.12000
v 0.41500 -0.14000 0.12000
v 0.41500 -0.13500 0.12000
v 0.41000 -0.13500 0.12000
v 0.41000 -0.14000 0.12500
v 0.41500 -0.14000 0.12500
v 0.41500 -0.13500 0.12500
v 0.41000 -0.13500 0.12500
v 0.41000 -0.14000 0.12500
v 0.41500 -0.14000 0.12500
v 0.41500 -0.13500 0.12500
v 0.41000 -0.13500 0.12500
v 0.41000 -0.14000 0.13000
v 0.41500 -0.14000 0.13000
v 0.41500 -0.13500 0.13000
v 0.41000 -0.13500 0.13000
v 0.41000 -0.14000 0.13000
v 0.41500 -0.14000 0.13000
v 0.41500 -0.13500 0.13000
v 0.41000 -0.13500 0.13000
v 0.41000 -0.14000 0.13500
v 0.41500 -0.14000 0.13500
v 0.41500 -0.13500 0.13500
v 0.41000 -0.13500 0.13500
v 0.41000 -0.14000 0.13500
v 0.41500 -0.14000 0.13500
v 0.41500 -0.13500 0.13500
v 0.41000 -0.13500 0.13500
v 0.41000 -0.14000 0.14000
v 0.41500 -0.14000 0.14000
v 0.41500 -0.13500 0.14000
v 0.41000 -0.13500 0.14000
v 0.41000 -0.14000 0.14000
v 0.41500 -0.14000 0.14000
v 0.41500 -0.13500 0.14000
v 0.41000 -0.13500 0.14000
v 0.41000 -0.14000 0.14500
v 0.41500 -0.14000 0.14500
v 0.41500 -0.13500 0.14500
v 0.41000 -0.13500 0.14500
v 0.41000 -0.13500 0.01500
v 0.41500 -0.13500 0.01500
v 0.41500 -0.13000 0.01500
v 0.41000 -0.13000 0.01500
v 0.41000 -0.13500 0.02000
v 0.41500 -0.13500 0.02000
v 0.41500 -0.13000 0.02000
v 0.41000 -0.13000 0.02000
v 0.41000 -0.13500 0.02000
v 0.41500 -0.13500 0.02000
v 0.41500 -0.13000 0.02000
v 0.41000 -0.13000 0.02000
v 0.41000 -0.13500 0.02500
v 0.41500 -0.13500 0.02500
v 0.41500 -0.13000 0.02500
v 0.41000 -0.13000 0.02500
v 0.41000 -0.13500 0.02500
v 0.41500 -0.13500 0.02500
v 0.41500 -0.13000 0.02500
v 0.41000 -0.13000 0.02500
v 0.41000 -0.13500 0.03000
v 0.41500 -0.13500 0.03000
v 0.41500 -0.13000 0.03000
v 0.41000 -0.13000 0.03000
v 0.41000 -0.13500 0.03000
v 0.41500 -0.13500 0.03000
v 0.41500 -0.13000 0.03000
v 0.41000 -0.13000 0.03000
v 0.41000 -0.13500 0.03500
v 0.41500 -0.13500 0.03500
v 0.41500 -0.13000 0.03500
v 0.41000 -0.13000 0.03500
v 0.41000 -0.13500 0.03500
v 0.41500 -0.13500 0.03500
v 0.41500 -0.13000 0.03500
v 0.41000 -0.13000 0.03500
v 0.41000 -0.13500 0.04000
v 0.41500 -0.13500 0.04000
v 0.41500 -0.13000 0.04000
v 0.41000 -0.13000 0.04000
v 0.41000 -0.13500 0.04000
v 0.41500 -0.13500 0.04000
v 0.41500 -0.13000 0.04000
v 0.41000 -0.13000 0.04000
v 0.41000 -0.13500 0.04500
v 0.41500 -0.13500 0.04500
v 0.41500 -0.13000 0.04500
v 0.41000 -0.13000 0.04500
v 0.41000 -0.13500 0.04500
v 0.41500 -0.13500 0.04500
v 0.41500 -0.13000 0.04500
v 0.41000 -0.13000 0.04500
v 0.41000 -0.13500 0.05000
v 0.41500 -0.13500 0.05000
v 0.41500 -0.13000 0.05000
v 0.41000 -0.13000 0.05000
v 0.41000 -0.13500 0.05000
v 0.41500 -0.13500 0.05000
v 0.41500 -0.13000 0.05000
v 0.41000 -0.13000 0.05000
v 0.41000 -0.13500 0.05500
v 0.41500 -0.13500 0.05500
v 0.41500 -0.13000 0.05500
v 0.41000 -0.13000 0.05500
v 0.41000 -0.13500 0.05500
v 0.41500 -0.13500 0.05500
v 0.41500 -0.13000 0.05500
v 0.41000 -0.13000 0.05500
v 0.41000 -0.13500 0.06000
v 0.41500 -0.13500 0.06000
v 0.41500 -0.13000 0.06000
v 0.41000 -0.13000 0.06000
v 0.41000 -0.13500 0.06000
v 0.41500 -0.13500 0.06000
v 0.41500 -0.13000 0.06000
v 0.41000 -0.13000 0.06000
v 0.41000 -0.13500 0.06500
v 0.41500 -0.13500 0.06500
v 0.41500 -0.13000 0.06500
v 0.41000 -0.13000 0.06500
v 0.41000 -0.13500 0.06500
v 0.41500 -0.13500 0.06500
v 0.41500 -0.13000 0.06500
v 0.41000 -0.13000 0.06500
v 0.41000 -0.13500 0.07000
v 0.41500 -0.13500 0.07000
v 0.41500 -0.13000 0.07000
v 0.41000 -0.13000 0.07000
v 0.41000 -0.13500 0.07000
v 0.41500 -0.13500 0.07000
v 0.41500 -0.13000 0.07000
v 0.41000 -0.13000 0.07000
v 0.41000 -0.13500 0.07500
v 0.41500 -0.13500 0.07500
v 0.41500 -0.13000 0.07500
v 0.41000 -0.13000 0.07500
v 0.41000 -0.13500 0.07500
v 0.41500 -0.13500 0.07500
v 0.41500 -0.13000 0.07500
v 0.41000 -0.13000 0.07500
v 0.41000 -0.13500 0.08000
v 0.41500 -0.13500 0.08000
v 0.41500 -0.13000 0.08000
v 0.41000 -0.13000 0.08000
v 0.41000 -0.13500 0.08000
v 0.41500 -0.13500 0.08000
v 0.41500 -0.13000 0.08000
v 0.41000 -0.13000 0.08000
v 0.41000 -0.13500 0.08500
v 0.41500 -0.13500 0.08500
v 0.41500 -0.13000 0.08500
v 0.41000 -0.13000 0.08500
v 0.41000 -0.13500 0.08500
v 0.41500 -0.13500 0.08500
v 0.41500 -0.13000 0.08500
v 0.41000 -0.13000 0.08500
v 0.41000 -0.13500 0.09000
v 0.41500 -0.13500 0.09000
v 0.41500 -0.13000 0.09000
v 0.41000 -0.13000 0.09000
v 0.41000 -0.13500 0.09000
v 0.41500 -0.13500 0.09000
v 0.41500 -0.13000 0.09000
v 0.41000 -0.13000 0.09000
v 0.41000 -0.13500 0.09500
v 0.41500 -0.13500 0.09500
v 0.41500 -0.13000 0.09500
v 0.41000 -0.13000 0.09500
v 0.41000 -0.13500 0.10000
v 0.41500 -0.13500 0.10000
v 0.41500 -0.13000 0.10000
v 0.41000 -0.13000 0.10000
v 0.41000 -0.13500 0.10500
v 0.41500 -0.13500 0.10500
v 0.41500 -0.13000 0.10500
v 0.41000 -0.13000 0.10500
v 0.41000 -0.13500 0.11000
v 0.41500 -0.13500 0.11000
v 0.41500 -0.13000 0.11000
v 0.41000 -0.13000 0.11000
v 0.41000 -0.13500 0.11500
v 0.41500 -0.13500 0.11500
v 0.41500 -0.13000 0.11500
v 0.41000 -0.13000 0.11500
v 0.41500 -0.20000 0.04000
v 0.42000 -0.20000 0.04000
v 0.42000 -0.19500 0.04000
v 0.41500 -0.19500 0.04000
v 0.41500 -0.20000 0.04500
v 0.42000 -0.20000 0.04500
v 0.42000 -0.19500 0.04500
v 0.41500 -0.19500 0.04500
v 0.41500 -0.20000 0.06500
v 0.42000 -0.20000 0.06500
v 0.42000 -0.19500 0.06500
v 0.41500 -0.19500 0.06500
v 0.41500 -0.20000 0.07000
v 0.42000 -0.20000 0.07000
v 0.42000 -0.19500 0.07000
v 0.41500 -0.19500 0.07000
v 0.41500 -0.20000 0.07000
v 0.42000 -0.20000 0.07000
v 0.42000 -0.19500 0.07000
v 0.41500 -0.19500 0.07000
v 0.41500 -0.20000 0.07500
v 0.42000 -0.20000 0.07500
v 0.42000 -0.19500 0.07500
v 0.41500 -0.19500 0.07500
v 0.41500 -0.20000 0.07500
v 0.42000 -0.20000 0.07500
v 0.42000 -0.19500 0.07500
v 0.41500 -0.19500 0.07500
v 0.41500 -0.20000 0.08000
v 0.42000 -0.20000 0.08000
v 0.42000 -0.19500 0.08000
v 0.41500 -0.19500 0.08000
v 0.41500 -0.20000 0.08500
v 0.42000 -0.20000 0.08500
v 0.42000 -0.19500 0.08500
v 0.41500 -0.19500 0.08500
v 0.41500 -0.20000 0.09000
v 0.42000 -0.20000 0.09000
v 0.42000 -0.19500 0.09000
v 0.41500 -0.19500 0.09000
v 0.41500 -0.20000 0.09000
v 0.42000 -0.20000 0.09000
v 0.42000 -0.19500 0.09000
v 0.41500 -0.19500 0.09000
v 0.41500 -0.20000 0.09500
v 0.42000 -0.20000 0.09500
v 0.42000 -0.19500 0.09500
v 0.41500 -0.19500 0.09500
v 0.41500 -0.20000 0.09500
v 0.42000 -0.20000 0.09500
v 0.42000 -0.19500 0.09500
v 0.41500 -0.19500 0.09500
v 0.41500 -0.20000 0.10000
v 0.42000 -0.20000 0.10000
v 0.42000 -0.19500 0.10000
v 0.41500 -0.19500 0.10000
v 0.41500 -0.20000 0.10000
v 0.42000 -0.20000 0.10000
v 0.42000 -0.19500 0.10000
v 0.41500 -0.19500 0.10000
v 0.41500 -0.20000 0.10500
v 0.42000 -0.20000 0.10500
v 0.42000 -0.19500 0.10500
v 0.41500 -0.19500 0.10500
v 0.41500 -0.20000 0.10500
v 0.42000 -0.20000 0.10500
v 0.42000 -0.19500 0.10500
v 0.41500 -0.19500 0.10500
v 0.41500 -0.20000 0.11000
v 0.42000 -0.20000 0.11000
v 0.42000 -0.19500 0.11000
v 0.41500 -0.19500 0.11000
v 0.41500 -0.20000 0.11000
v 0.42000 -0.20000 0.11000
v 0.42000 -0.19500 0.11000
v 0.41500 -0.19500 0.11000
v 0.41500 -0.20000 0.11500
v 0.42000 -0.20000 0.11500
v 0.42000 -0.19500 0.11500
v 0.41500 -0.19500 0.11500
v 0.41500 -0.20000 0.11500
v 0.42000 -0.20000 0.11500
v 0.42000 -0.19500 0.11500
v 0.41500 -0.19500 0.11500
v 0.41500 -0.20000 0.12000
v 0.42000 -0.20000 0.12000
v 0.42000 -0.19500 0.12000
v 0.41500 -0.19500 0.12000
v 0.41500 -0.20000 0.12000
v 0.42000 -0.20000 0.12000
v 0.42000 -0.19500 0.12000
v 0.41500 -0.19500 0.12000
v 0.41500 -0.20000 0.12500
v 0.42000 -0.20000 0.12500
v 0.42000 -0.19500 0.12500
v 0.41500 -0.19500 0.12500
v 0.41500 -0.20000 0.12500
v 0.42000 -0.20000 0.12500
v 0.42000 -0.19500 0.12500
v 0.41500 -0.19500 0.12500
v 0.41500 -0.20000 0.13000
v 0.42000 -0.20000 0.13000
v 0.42000 -0.19500 0.13000
v 0.41500 -0.19500 0.13000
v 0.41500 -0.20000 0.13000
v 0.42000 -0.20000 0.13000
v 0.42000 -0.19500 0.13000
v 0.41500 -0.19500 0.13000
v 0.41500 -0.20000 0.13500
v 0.42000 -0.20000 0.13500
v 0.42000 -0.19500 0.13500
v 0.41500 -0.19500 0.13500
v 0.41500 -0.20000 0.13500
v 0.42000 -0.20000 0.13500
v 0.42000 -0.19500 0.13500
v 0.41500 -0.19500 0.13500
v 0.41500 -0.20000 0.14000
v 0.42000 -0.20000 0.14000
v 0.42000 -0.19500 0.14000
v 0.41500 -0.19500 0.14000
v 0.41500 -0.19500 0.02500
v 0.42000 -0.19500 0.02500
v 0.42000 -0.19000 0.02500
v 0.41500 -0.19000 0.02500
v 0.41500 -0.19500 0.03000
v 0.42000 -0.19500 0.03000
v 0.42000 -0.19000 0.03000
v 0.41500 -0.19000 0.03000
v 0.41500 -0.19500 0.03000
v 0.42000 -0.19500 0.03000
v 0.42000 -0.19000 0.03000
v 0.41500 -0.19000 0.03000
v 0.41500 -0.19500 0.03500
v 0.42000 -0.19500 0.03500
v 0.42000 -0.19000 0.03500
v 0.41500 -0.19000 0.03500
v 0.41500 -0.19500 0.14000
v 0.42000 -0.19500 0.14000
v 0.42000 -0.19000 0.14000
v 0.41500 -0.19000 0.14000
v 0.41500 -0.19500 0.14500
v 0.42000 -0.19500 0.14500
v 0.42000 -0.19000 0.14500
v 0.41500 -0.19000 0.14500
v 0.41500 -0.19500 0.14500
v 0.42000 -0.19500 0.14500
v 0.42000 -0.19000 0.14500
v 0.41500 -0.19000 0.14500
v 0.41500 -0.19500 0.15000
v 0.42000 -0.19500 0.15000
v 0.42000 -0.19000 0.15000
v 0.41500 -0.19000 0.15000
v 0.41500 -0.19500 0.15000
v 0.42000 -0.19500 0.15000
v 0.42000 -0.19000 0.15000
v 0.41500 -0.19000 0.15000
v 0.41500 -0.19500 0.15500
v 0.42000 -0.19500 0.15500
v 0.42000 -0.19000 0.15500
v 0.41500 -0.19000 0.15500
v 0.41500 -0.19000 0.01500
v 0.42000 -0.19000 0.01500
v 0.42000 -0.18500 0.01500
v 0.41500 -0.18500 0.01500
v 0.41500 -0.19000 0.02000
v 0.42000 -0.19000 0.02000
v 0.42000 -0.18500 0.02000
v 0.41500 -0.18500 0.02000
v 0.41500 -0.19000 0.02000
v 0.42000 -0.19000 0.02000
v 0.42000 -0.18500 0.02000
v 0.41500 -0.18500 0.02000
v 0.41500 -0.19000 0.02500
v 0.42000 -0.19000 0.02500
v 0.42000 -0.18500 0.02500
v 0.41500 -0.18500 0.02500
v 0.41500 -0.19000 0.15500
v 0.42000 -0.19000 0.15500
v 0.42000 -0.18500 0.15500
v 0.41500 -0.18500 0.15500
v 0.41500 -0.19000 0.16000
v 0.42000 -0.19000 0.16000
v 0.42000 -0.18500 0.16000
v 0.41500 -0.18500 0.16000
v 0.41500 -0.19000 0.16000
v 0.42000 -0.19000 0.16000
v 0.42000 -0.18500 0.16000
v 0.41500 -0.18500 0.16000
v 0.41500 -0.19000 0.16500
v 0.42000 -0.19000 0.16500
v 0.42000 -0.18500 0.16500
v 0.41500 -0.18500 0.16500
v 0.41500 -0.18500 0.16500
v 0.42000 -0.18500 0.16500
v 0.42000 -0.18000 0.16500
v 0.41500 -0.18000 0.16500
v 0.41500 -0.18500 0.17000
v 0.42000 -0.18500 0.17000
v 0.42000 -0.18000 0.17000
v 0.41500 -0.18000 0.17000
v 0.41500 -0.18500 0.17000
v 0.42000 -0.18500 0.17000
v 0.42000 -0.18000 0.17000
v 0.41500 -0.18000 0.17000
v 0.41500 -0.18500 0.17500
v 0.42000 -0.18500 0.17500
v 0.42000 -0.18000 0.17500
v 0.41500 -0.18000 0.17500
v 0.41500 -0.18000 0.17000
v 0.42000 -0.18000 0.17000
v 0.42000 -0.17500 0.17000
v 0.41500 -0.17500 0.17000
v 0.41500 -0.18000 0.17500
v 0.42000 -0.18000 0.17500
v 0.42000 -0.17500 0.17500
v 0.41500 -0.17500 0.17500
v 0.41500 -0.18000 0.17500
v 0.42000 -0.18000 0.17500
v 0.42000 -0.17500 0.17500
v 0.41500 -0.17500 0.17500
v 0.41500 -0.18000 0.18000
v 0.42000 -0.18000 0.18000
v 0.42000 -0.17500 0.18000
v 0.41500 -0.17500 0.18000
v 0.41500 -0.18000 0.18000
v 0.42000 -0.18000 0.18000
v 0.42000 -0.17500 0.18000
v 0.41500 -0.17500 0.18000
v 0.41500 -0.18000 0.18500
v 0.42000 -0.18000 0.18500
v 0.42000 -0.17500 0.18500
v 0.41500 -0.17500 0.18500
v 0.41500 -0.17500 0.18500
v 0.42000 -0.17500 0.18500
v 0.42000 -0.17000 0.18500
v 0.41500 -0.17000 0.18500
v 0.41500 -0.17500 0.19000
v 0.42000 -0.17500 0.19000
v 0.42000 -0.17000 0.19000
v 0.41500 -0.17000 0.19000
v 0.41500 -0.17000 0.18500
v 0.42000 -0.17000 0.18500
v 0.42000 -0.16500 0.18500
v 0.41500 -0.16500 0.18500
v 0.41500 -0.17000 0.19000
v 0.42000 -0.17000 0.19000
v 0.42000 -0.16500 0.19000
v 0.41500 -0.16500 0.19000
v 0.41500 -0.16500 0.18500
v 0.42000 -0.16500 0.18500
v 0.42000 -0.16000 0.18500
v 0.41500 -0.16000 0.18500
v 0.41500 -0.16500 0.19000
v 0.42000 -0.16500 0.19000
v 0.42000 -0.16000 0.19000
v 0.41500 -0.16000 0.19000
v 0.41500 -0.16000 0.18500
v 0.42000 -0.16000 0.18500
v 0.42000 -0.15500 0.18500
v 0.41500 -0.15500 0.18500
v 0.41500 -0.16000 0.19000
v 0.42000 -0.16000 0.19000
v 0.42000 -0.15500 0.19000
v 0.41500 -0.15500 0.19000
v 0.41500 -0.15500 0.18000
v 0.42000 -0.15500 0.18000
v 0.42000 -0.15000 0.18000
v 0.41500 -0.15000 0.18000
v 0.41500 -0.15500 0.18500
v 0.42000 -0.15500 0.18500
v 0.42000 -0.15000 0.18500
v 0.41500 -0.15000 0.18500
v 0.41500 -0.15500 0.18500
v 0.42000 -0.15500 0.18500
v 0.42000 -0.15000 0.18500
v 0.41500 -0.15000 0.18500
v 0.41500 -0.15500 0.19000
v 0.42000 -0.15500 0.19000
v 0.42000 -0.15000 0.19000
v 0.41500 -0.15000 0.19000
v 0.41500 -0.15000 0.15500
v 0.42000 -0.15000 0.15500
v 0.42000 -0.14500 0.15500
v 0.41500 -0.14500 0.15500
v 0.41500 -0.15000 0.16000
v 0.42000 -0.15000 0.16000
v 0.42000 -0.14500 0.16000
v 0.41500 -0.14500 0.16000
v 0.41500 -0.15000 0.16000
v 0.42000 -0.15000 0.16000
v 0.42000 -0.14500 0.16000
v 0.41500 -0.14500 0.16000
v 0.41500 -0.15000 0.16500
v 0.42000 -0.15000 0.16500
v 0.42000 -0.14500 0.16500
v 0.41500 -0.14500 0.16500
v 0.41500 -0.15000 0.16500
v 0.42000 -0.15000 0.16500
v 0.42000 -0.14500 0.16500
v 0.41500 -0.14500 0.16500
v 0.41500 -0.15000 0.17000
v 0.42000 -0.15000 0.17000
v 0.42000 -0.14500 0.17000
v 0.41500 -0.14500 0.17000
v 0.41500 -0.15000 0.17000
v 0.42000 -0.15000 0.17000
v 0.42000 -0.14500 0.17000
v 0.41500 -0.14500 0.17000
v 0.41500 -0.15000 0.17500
v 0.42000 -0.15000 0.17500
v 0.42000 -0.14500 0.17500
v 0.41500 -0.14500 0.17500
v 0.41500 -0.15000 0.17500
v 0.42000 -0.15000 0.17500
v 0.42000 -0.14500 0.17500
v 0.41500 -0.14500 0.17500
v 0.41500 -0.15000 0.18000
v 0.42000 -0.15000 0.18000
v 0.42000 -0.14500 0.18000
v 0.41500 -0.14500 0.18000
v 0.41500 -0.14500 0.14500
v 0.42000 -0.14500 0.14500
v 0.42000 -0.14000 0.14500
v 0.41500 -0.14000 0.14500
v 0.41500 -0.14500 0.15000
v 0.42000 -0.14500 0.15000
v 0.42000 -0.14000 0.15000
v 0.41500 -0.14000 0.15000
v 0.41500 -0.14500 0.15000
v 0.42000 -0.14500 0.15000
v 0.42000 -0.14000 0.15000
v 0.41500 -0.14000 0.15000
v 0.41500 -0.14500 0.15500
v 0.42000 -0.14500 0.15500
v 0.42000 -0.14000 0.15500
v 0.41500 -0.14000 0.15500
v 0.41500 -0.14000 0.14000
v 0.42000 -0.14000 0.14000
v 0.42000 -0.13500 0.14000
v 0.41500 -0.13500 0.14000
v 0.41500 -0.14000 0.14500
v 0.42000 -0.14000 0.14500
v 0.42000 -0.13500 0.14500
v 0.41500 -0.13500 0.14500
v 0.41500 -0.13500 0.09500
v 0.42000 -0.13500 0.09500
v 0.42000 -0.13000 0.09500
v 0.41500 -0.13000 0.09500
v 0.41500 -0.13500 0.10000
v 0.42000 -0.13500 0.10000
v 0.42000 -0.13000 0.10000
v 0.41500 -0.13000 0.10000
v 0.41500 -0.13500 0.10500
v 0.42000 -0.13500 0.10500
v 0.42000 -0.13000 0.10500
v 0.41500 -0.13000 0.10500
v 0.41500 -0.13500 0.11000
v 0.42000 -0.13500 0.11000
v 0.42000 -0.13000 0.11000
v 0.41500 -0.13000 0.11000
v 0.41500 -0.13500 0.11000
v 0.42000 -0.13500 0.11000
v 0.42000 -0.13000 0.11000
v 0.41500 -0.13000 0.11000
v 0.41500 -0.13500 0.11500
v 0.42000 -0.13500 0.11500
v 0.42000 -0.13000 0.11500
v 0.41500 -0.13000 0.11500
v 0.41500 -0.13500 0.11500
v 0.42000 -0.13500 0.11500
v 0.42000 -0.13000 0.11500
v 0.41500 -0.13000 0.11500
v 0.41500 -0.13500 0.12000
v 0.42000 -0.13500 0.12000
v 0.42000 -0.13000 0.12000
v 0.41500 -0.13000 0.12000
v 0.41500 -0.13500 0.12000
v 0.42000 -0.13500 0.12000
v 0.42000 -0.13000 0.12000
v 0.41500 -0.13000 0.12000
v 0.41500 -0.13500 0.12500
v 0.42000 -0.13500 0.12500
v 0.42000 -0.13000 0.12500
v 0.41500 -0.13000 0.12500
v 0.41500 -0.13500 0.12500
v 0.42000 -0.13500 0.12500
v 0.42000 -0.13000 0.12500
v 0.41500 -0.13000 0.12500
v 0.41500 -0.13500 0.13000
v 0.42000 -0.13500 0.13000
v 0.42000 -0.13000 0.13000
v 0.41500 -0.13000 0.13000
v 0.41500 -0.13500 0.13000
v 0.42000 -0.13500 0.13000
v 0.42000 -0.13000 0.13000
v 0.41500 -0.13000 0.13000
v 0.41500 -0.13500 0.13500
v 0.42000 -0.13500 0.13500
v 0.42000 -0.13000 0.13500
v 0.41500 -0.13000 0.13500
v 0.41500 -0.13500 0.13500
v 0.42000 -0.13500 0.13500
v 0.42000 -0.13000 0.13500
v 0.41500 -0.13000 0.13500
v 0.41500 -0.13500 0.14000
v 0.42000 -0.13500 0.14000
v 0.42000 -0.13000 0.14000
v 0.41500 -0.13000 0.14000
v 0.41500 -0.13000 0.01500
v 0.42000 -0.13000 0.01500
v 0.42000 -0.12500 0.01500
v 0.41500 -0.12500 0.01500
v 0.41500 -0.13000 0.02000
v 0.42000 -0.13000 0.02000
v 0.42000 -0.12500 0.02000
v 0.41500 -0.12500 0.02000
v 0.41500 -0.13000 0.02000
v 0.42000 -0.13000 0.02000
v 0.42000 -0.12500 0.02000
v 0.41500 -0.12500 0.02000
v 0.41500 -0.13000 0.02500
v 0.42000 -0.13000 0.02500
v 0.42000 -0.12500 0.02500
v 0.41500 -0.12500 0.02500
v 0.41500 -0.13000 0.02500
v 0.42000 -0.13000 0.02500
v 0.42000 -0.12500 0.02500
v 0.41500 -0.12500 0.02500
v 0.41500 -0.13000 0.03000
v 0.42000 -0.13000 0.03000
v 0.42000 -0.12500 0.03000
v 0.41500 -0.12500 0.03000
v 0.41500 -0.13000 0.03000
v 0.42000 -0.13000 0.03000
v 0.42000 -0.12500 0.03000
v 0.41500 -0.12500 0.03000
v 0.41500 -0.13000 0.03500
v 0.42000 -0.13000 0.03500
v 0.42000 -0.12500 0.03500
v 0.41500 -0.12500 0.03500
v 0.41500 -0.13000 0.03500
v 0.42000 -0.13000 0.03500
v 0.42000 -0.12500 0.03500
v 0.41500 -0.12500 0.03500
v 0.41500 -0.13000 0.04000
v 0.42000 -0.13000 0.04000
v 0.42000 -0.12500 0.04000
v 0.41500 -0.12500 0.04000
v 0.41500 -0.13000 0.04000
v 0.42000 -0.13000 0.04000
v 0.42000 -0.12500 0.04000
v 0.41500 -0.12500 0.04000
v 0.41500 -0.13000 0.04500
v 0.42000 -0.13000 0.04500
v 0.42000 -0.12500 0.04500
v 0.41500 -0.12500 0.04500
v 0.41500 -0.13000 0.04500
v 0.42000 -0.13000 0.04500
v 0.42000 -0.12500 0.04500
v 0.41500 -0.12500 0.04500
v 0.41500 -0.13000 0.05000
v 0.42000 -0.13000 0.05000
v 0.42000 -0.12500 0.05000
v 0.41500 -0.12500 0.05000
v 0.41500 -0.13000 0.05000
v 0.42000 -0.13000 0.05000
v 0.42000 -0.12500 0.05000
v 0.41500 -0.12500 0.05000
v 0.41500 -0.13000 0.05500
v 0.42000 -0.13000 0.05500
v 0.42000 -0.12500 0.05500
v 0.41500 -0.12500 0.05500
v 0.41500 -0.13000 0.05500
v 0.42000 -0.13000 0.05500
v 0.42000 -0.12500 0.05500
v 0.41500 -0.12500 0.05500
v 0.41500 -0.13000 0.06000
v 0.42000 -0.13000 0.06000
v 0.42000 -0.12500 0.06000
v 0.41500 -0.12500 0.06000
v 0.41500 -0.13000 0.06000
v 0.42000 -0.13000 0.06000
v 0.42000 -0.12500 0.06000
v 0.41500 -0.12500 0.06000
v 0.41500 -0.13000 0.06500
v 0.42000 -0.13000 0.06500
v 0.42000 -0.12500 0.06500
v 0.41500 -0.12500 0.06500
v 0.41500 -0.13000 0.06500
v 0.42000 -0.13000 0.06500
v 0.42000 -0.12500 0.06500
v 0.41500 -0.12500 0.06500
v 0.41500 -0.13000 0.07000
v 0.42000 -0.13000 0.07000
v 0.42000 -0.12500 0.07000
v 0.41500 -0.12500 0.07000
v 0.41500 -0.13000 0.07000
v 0.42000 -0.13000 0.07000
v 0.42000 -0.12500 0.07000
v 0.41500 -0.12500 0.07000
v 0.41500 -0.13000 0.07500
v 0.42000 -0.13000 0.07500
v 0.42000 -0.12500 0.07500
v 0.41500 -0.12500 0.07500
v 0.41500 -0.13000 0.07500
v 0.42000 -0.13000 0.07500
v 0.42000 -0.12500 0.07500
v 0.41500 -0.12500 0.07500
v 0.41500 -0.13000 0.08000
v 0.42000 -0.13000 0.08000
v 0.42000 -0.12500 0.08000
v 0.41500 -0.12500 0.08000
v 0.41500 -0.13000 0.08000
v 0.42000 -0.13000 0.08000
v 0.42000 -0.12500 0.08000
v 0.41500 -0.12500 0.08000
v 0.41500 -0.13000 0.08500
v 0.42000 -0.13000 0.08500
v 0.42000 -0.12500 0.08500
v 0.41500 -0.12500 0.08500
v 0.41500 -0.13000 0.09000
v 0.42000 -0.13000 0.09000
v 0.42000 -0.12500 0.09000
v 0.41500 -0.12500 0.09000
v 0.41500 -0.13000 0.09500
v 0.42000 -0.13000 0.09500
v 0.42000 -0.12500 0.09500
v 0.41500 -0.12500 0.09500
v 0.41500 -0.13000 0.09500
v 0.42000 -0.13000 0.09500
v 0.42000 -0.12500 0.09500
v 0.41500 -0.12500 0.09500
v 0.41500 -0.13000 0.10000
v 0.42000 -0.13000 0.10000
v 0.42000 -0.12500 0.10000
v 0.41500 -0.12500 0.10000
v 0.41500 -0.13000 0.10000
v 0.42000 -0.13000 0.10000
v 0.42000 -0.12500 0.10000
v 0.41500 -0.12500 0.10000
v 0.41500 -0.13000 0.10500
v 0.42000 -0.13000 0.10500
v 0.42000 -0.12500 0.10500
v 0.41500 -0.12500 0.10500
v 0.41500 -0.13000 0.10500
v 0.42000 -0.13000 0.10500
v 0.42000 -0.12500 0.10500
v 0.41500 -0.12500 0.10500
v 0.41500 -0.13000 0.11000
v 0.42000 -0.13000 0.11000
v 0.42000 -0.12500 0.11000
v 0.41500 -0.12500 0.11000
v 0.42000 -0.20000 0.04000
v 0.42500 -0.20000 0.04000
v 0.42500 -0.19500 0.04000
v 0.42000 -0.19500 0.04000
v 0.42000 -0.20000 0.04500
v 0.42500 -0.20000 0.04500
v 0.42500 -0.19500 0.04500
v 0.42000 -0.19500 0.04500
v 0.42000 -0.20000 0.04500
v 0.42500 -0.20000 0.04500
v 0.42500 -0.19500 0.04500
v 0.42000 -0.19500 0.04500
v 0.42000 -0.20000 0.05000
v 0.42500 -0.20000 0.05000
v 0.42500 -0.19500 0.05000
v 0.42000 -0.19500 0.05000
v 0.42000 -0.20000 0.07500
v 0.42500 -0.20000 0.07500
v 0.42500 -0.19500 0.07500
v 0.42000 -0.19500 0.07500
v 0.42000 -0.20000 0.08000
v 0.42500 -0.20000 0.08000
v 0.42500 -0.19500 0.08000
v 0.42000 -0.19500 0.08000
v 0.42000 -0.20000 0.08000
v 0.42500 -0.20000 0.08000
v 0.42500 -0.19500 0.08000
v 0.42000 -0.19500 0.08000
v 0.42000 -0.20000 0.08500
v 0.42500 -0.20000 0.08500
v 0.42500 -0.19500 0.08500
v 0.42000 -0.19500 0.08500
v 0.42000 -0.20000 0.09000
v 0.42500 -0.20000 0.09000
v 0.42500 -0.19500 0.09000
v 0.42000 -0.19500 0.09000
v 0.42000 -0.20000 0.09500
v 0.42500 -0.20000 0.09500
v 0.42500 -0.19500 0.09500
v 0.42000 -0.19500 0.09500
v 0.42000 -0.20000 0.09500
v 0.42500 -0.20000 0.09500
v 0.42500 -0.19500 0.09500
v 0.42000 -0.19500 0.09500
v 0.42000 -0.20000 0.10000
v 0.42500 -0.20000 0.10000
v 0.42500 -0.19500 0.10000
v 0.42000 -0.19500 0.10000
v 0.42000 -0.20000 0.10000
v 0.42500 -0.20000 0.10000
v 0.42500 -0.19500 0.10000
v 0.42000 -0.19500 0.10000
v 0.42000 -0.20000 0.10500
v 0.42500 -0.20000 0.10500
v 0.42500 -0.19500 0.10500
v 0.42000 -0.19500 0.10500
v 0.42000 -0.20000 0.10500
v 0.42500 -0.20000 0.10500
v 0.42500 -0.19500 0.10500
v 0.42000 -0.19500 0.10500
v 0.42000 -0.20000 0.11000
v 0.42500 -0.20000 0.11000
v 0.42500 -0.19500 0.11000
v 0.42000 -0.19500 0.11000
v 0.42000 -0.20000 0.11000
v 0.42500 -0.20000 0.11000
v 0.42500 -0.19500 0.11000
v 0.42000 -0.19500 0.11000
v 0.42000 -0.20000 0.11500
v 0.42500 -0.20000 0.11500
v 0.42500 -0.19500 0.11500
v 0.42000 -0.19500 0.11500
v 0.42000 -0.20000 0.11500
v 0.42500 -0.20000 0.11500
v 0.42500 -0.19500 0.11500
v 0.42000 -0.19500 0.11500
v 0.42000 -0.20000 0.12000
v 0.42500 -0.20000 0.12000
v 0.42500 -0.19500 0.12000
v 0.42000 -0.19500 0.12000
v 0.42000 -0.20000 0.12000
v 0.42500 -0.20000 0.12000
v 0.42500 -0.19500 0.12000
v 0.42000 -0.19500 0.12000
v 0.42000 -0.20000 0.12500
v 0.42500 -0.20000 0.12500
v 0.42500 -0.19500 0.12500
v 0.42000 -0.19500 0.12500
v 0.42000 -0.20000 0.12500
v 0.42500 -0.20000 0.12500
v 0.42500 -0.19500 0.12500
v 0.42000 -0.19500 0.12500
v 0.42000 -0.20000 0.13000
v 0.42500 -0.20000 0.13000
v 0.42500 -0.19500 0.13000
v 0.42000 -0.19500 0.13000
v 0.42000 -0.20000 0.13000
v 0.42500 -0.20000 0.13000
v 0.42500 -0.19500 0.13000
v 0.42000 -0.19500 0.13000
v 0.42000 -0.20000 0.13500
v 0.42500 -0.20000 0.13500
v 0.42500 -0.19500 0.13500
v 0.42000 -0.19500 0.13500
v 0.42000 -0.20000 0.13500
v 0.42500 -0.20000 0.13500
v 0.42500 -0.19500 0.13500
v 0.42000 -0.19500 0.13500
v 0.42000 -0.20000 0.14000
v 0.42500 -0.20000 0.14000
v 0.42500 -0.19500 0.14000
v 0.42000 -0.19500 0.14000
v 0.42000 -0.19500 0.02000
v 0.42500 -0.19500 0.02000
v 0.42500 -0.19000 0.02000
v 0.42000 -0.19000 0.02000
v 0.42000 -0.19500 0.02500
v 0.42500 -0.19500 0.02500
v 0.42500 -0.19000 0.02500
v 0.42000 -0.19000 0.02500
v 0.42000 -0.19500 0.02500
v 0.42500 -0.19500 0.02500
v 0.42500 -0.19000 0.02500
v 0.42000 -0.19000 0.02500
v 0.42000 -0.19500 0.03000
v 0.42500 -0.19500 0.03000
v 0.42500 -0.19000 0.03000
v 0.42000 -0.19000 0.03000
v 0.42000 -0.19500 0.03000
v 0.42500 -0.19500 0.03000
v 0.42500 -0.19000 0.03000
v 0.42000 -0.19000 0.03000
v 0.42000 -0.19500 0.03500
v 0.42500 -0.19500 0.03500
v 0.42500 -0.19000 0.03500
v 0.42000 -0.19000 0.03500
v 0.42000 -0.19500 0.14000
v 0.42500 -0.19500 0.14000
v 0.42500 -0.19000 0.14000
v 0.42000 -0.19000 0.14000
v 0.42000 -0.19500 0.14500
v 0.42500 -0.19500 0.14500
v 0.42500 -0.19000 0.14500
v 0.42000 -0.19000 0.14500
v 0.42000 -0.19500 0.14500
v 0.42500 -0.19500 0.14500
v 0.42500 -0.19000 0.14500
v 0.42000 -0.19000 0.14500
v 0.42000 -0.19500 0.15000
v 0.42500 -0.19500 0.15000
v 0.42500 -0.19000 0.15000
v 0.42000 -0.19000 0.15000
v 0.42000 -0.19500 0.15000
v 0.42500 -0.19500 0.15000
v 0.42500 -0.19000 0.15000
v 0.42000 -0.19000 0.15000
v 0.42000 -0.19500 0.15500
v 0.42500 -0.19500 0.15500
v 0.42500 -0.19000 0.15500
v 0.42000 -0.19000 0.15500
v 0.42000 -0.19500 0.15500
v 0.42500 -0.19500 0.15500
v 0.42500 -0.19000 0.15500
v 0.42000 -0.19000 0.15500
v 0.42000 -0.19500 0.16000
v 0.42500 -0.19500 0.16000
v 0.42500 -0.19000 0.16000
v 0.42000 -0.19000 0.16000
v 0.42000 -0.19500 0.16000
v 0.42500 -0.19500 0.16000
v 0.42500 -0.19000 0.16000
v 0.42000 -0.19000 0.16000
v 0.42000 -0.19500 0.16500
v 0.42500 -0.19500 0.16500
v 0.42500 -0.19000 0.16500
v 0.42000 -0.19000 0.16500
v 0.42000 -0.19000 0.01000
v 0.42500 -0.19000 0.01000
v 0.42500 -0.18500 0.01000
v 0.42000 -0.18500 0.01000
v 0.42000 -0.19000 0.01500
v 0.42500 -0.19000 0.01500
v 0.42500 -0.18500 0.01500
v 0.42000 -0.18500 0.01500
v 0.42000 -0.19000 0.01500
v 0.42500 -0.19000 0.01500
v 0.42500 -0.18500 0.01500
v 0.42000 -0.18500 0.01500
v 0.42000 -0.19000 0.02000
v 0.42500 -0.19000 0.02000
v 0.42500 -0.18500 0.02000
v 0.42000 -0.18500 0.02000
v 0.42000 -0.19000 0.16500
v 0.42500 -0.19000 0.16500
v 0.42500 -0.18500 0.16500
v 0.42000 -0.18500 0.16500
v 0.42000 -0.19000 0.17000
v 0.42500 -0.19000 0.17000
v 0.42500 -0.18500 0.17000
v 0.42000 -0.18500 0.17000
v 0.42000 -0.19000 0.17000
v 0.42500 -0.19000 0.17000
v 0.42500 -0.18500 0.17000
v 0.42000 -0.18500 0.17000
v 0.42000 -0.19000 0.17500
v 0.42500 -0.19000 0.17500
v 0.42500 -0.18500 0.17500
v 0.42000 -0.18500 0.17500
v 0.42000 -0.18500 0.17500
v 0.42500 -0.18500 0.17500
v 0.42500 -0.18000 0.17500
v 0.42000 -0.18000 0.17500
v 0.42000 -0.18500 0.18000
v 0.42500 -0.18500 0.18000
v 0.42500 -0.18000 0.18000
v 0.42000 -0.18000 0.18000
v 0.42000 -0.18500 0.18000
v 0.42500 -0.18500 0.18000
v 0.42500 -0.18000 0.18000
v 0.42000 -0.18000 0.18000
v 0.42000 -0.18500 0.18500
v 0.42500 -0.18500 0.18500
v 0.42500 -0.18000 0.18500
v 0.42000 -0.18000 0.18500
v 0.42000 -0.18000 0.18500
v 0.42500 -0.18000 0.18500
v 0.42500 -0.17500 0.18500
v 0.42000 -0.17500 0.18500
v 0.42000 -0.18000 0.19000
v 0.42500 -0.18000 0.19000
v 0.42500 -0.17500 0.19000
v 0.42000 -0.17500 0.19000
v 0.42000 -0.17500 0.18500
v 0.42500 -0.17500 0.18500
v 0.42500 -0.17000 0.18500
v 0.42000 -0.17000 0.18500
v 0.42000 -0.17500 0.19000
v 0.42500 -0.17500 0.19000
v 0.42500 -0.17000 0.19000
v 0.42000 -0.17000 0.19000
v 0.42000 -0.17000 0.18500
v 0.42500 -0.17000 0.18500
v 0.42500 -0.16500 0.18500
v 0.42000 -0.16500 0.18500
v 0.42000 -0.17000 0.19000
v 0.42500 -0.17000 0.19000
v 0.42500 -0.16500 0.19000
v 0.42000 -0.16500 0.19000
v 0.42000 -0.16500 0.18500
v 0.42500 -0.16500 0.18500
v 0.42500 -0.16000 0.18500
v 0.42000 -0.16000 0.18500
v 0.42000 -0.16500 0.19000
v 0.42500 -0.16500 0.19000
v 0.42500 -0.16000 0.19000
v 0.42000 -0.16000 0.19000
v 0.42000 -0.16000 0.18500
v 0.42500 -0.16000 0.18500
v 0.42500 -0.15500 0.18500
v 0.42000 -0.15500 0.18500
v 0.42000 -0.16000 0.19000
v 0.42500 -0.16000 0.19000
v 0.42500 -0.15500 0.19000
v 0.42000 -0.15500 0.19000
v 0.42000 -0.15500 0.18000
v 0.42500 -0.15500 0.18000
v 0.42500 -0.15000 0.18000
v 0.42000 -0.15000 0.18000
v 0.42000 -0.15500 0.18500
v 0.42500 -0.15500 0.18500
v 0.42500 -0.15000 0.18500
v 0.42000 -0.15000 0.18500
v 0.42000 -0.15000 0.16000
v 0.42500 -0.15000 0.16000
v 0.42500 -0.14500 0.16000
v 0.42000 -0.14500 0.16000
v 0.42000 -0.15000 0.16500
v 0.42500 -0.15000 0.16500
v 0.42500 -0.14500 0.16500
v 0.42000 -0.14500 0.16500
v 0.42000 -0.15000 0.16500
v 0.42500 -0.15000 0.16500
v 0.42500 -0.14500 0.16500
v 0.42000 -0.14500 0.16500
v 0.42000 -0.15000 0.17000
v 0.42500 -0.15000 0.17000
v 0.42500 -0.14500 0.17000
v 0.42000 -0.14500 0.17000
v 0.42000 -0.15000 0.17000
v 0.42500 -0.15000 0.17000
v 0.42500 -0.14500 0.17000
v 0.42000 -0.14500 0.17000
v 0.42000 -0.15000 0.17500
v 0.42500 -0.15000 0.17500
v 0.42500 -0.14500 0.17500
v 0.42000 -0.14500 0.17500
v 0.42000 -0.15000 0.17500
v 0.42500 -0.15000 0.17500
v 0.42500 -0.14500 0.17500
v 0.42000 -0.14500 0.17500
v 0.42000 -0.15000 0.18000
v 0.42500 -0.15000 0.18000
v 0.42500 -0.14500 0.18000
v 0.42000 -0.14500 0.18000
v 0.42000 -0.14500 0.14500
v 0.42500 -0.14500 0.14500
v 0.42500 -0.14000 0.14500
v 0.42000 -0.14000 0.14500
v 0.42000 -0.14500 0.15000
v 0.42500 -0.14500 0.15000
v 0.42500 -0.14000 0.15000
v 0.42000 -0.14000 0.15000
v 0.42000 -0.14500 0.15000
v 0.42500 -0.14500 0.15000
v 0.42500 -0.14000 0.15000
v 0.42000 -0.14000 0.15000
v 0.42000 -0.14500 0.15500
v 0.42500 -0.14500 0.15500
v 0.42500 -0.14000 0.15500
v 0.42000 -0.14000 0.15500
v 0.42000 -0.14500 0.15500
v 0.42500 -0.14500 0.15500
v 0.42500 -0.14000 0.15500
v 0.42000 -0.14000 0.15500
v 0.42000 -0.14500 0.16000
v 0.42500 -0.14500 0.16000
v 0.42500 -0.14000 0.16000
v 0.42000 -0.14000 0.16000
v 0.42000 -0.14000 0.14000
v 0.42500 -0.14000 0.14000
v 0.42500 -0.13500 0.14000
v 0.42000 -0.13500 0.14000
v 0.42000 -0.14000 0.14500
v 0.42500 -0.14000 0.14500
v 0.42500 -0.13500 0.14500
v 0.42000 -0.13500 0.14500
v 0.42000 -0.13500 0.13000
v 0.42500 -0.13500 0.13000
v 0.42500 -0.13000 0.13000
v 0.42000 -0.13000 0.13000
v 0.42000 -0.13500 0.13500
v 0.42500 -0.13500 0.13500
v 0.42500 -0.13000 0.13500
v 0.42000 -0.13000 0.13500
v 0.42000 -0.13500 0.13500
v 0.42500 -0.13500 0.13500
v 0.42500 -0.13000 0.13500
v 0.42000 -0.13000 0.13500
v 0.42000 -0.13500 0.14000
v 0.42500 -0.13500 0.14000
v 0.42500 -0.13000 0.14000
v 0.42000 -0.13000 0.14000
v 0.42000 -0.13000 0.11000
v 0.42500 -0.13000 0.11000
v 0.42500 -0.12500 0.11000
v 0.42000 -0.12500 0.11000
v 0.42000 -0.13000 0.11500
v 0.42500 -0.13000 0.11500
v 0.42500 -0.12500 0.11500
v 0.42000 -0.12500 0.11500
v 0.42000 -0.13000 0.11500
v 0.42500 -0.13000 0.11500
v 0.42500 -0.12500 0.11500
v 0.42000 -0.12500 0.11500
v 0.42000 -0.13000 0.12000
v 0.42500 -0.13000 0.12000
v 0.42500 -0.12500 0.12000
v 0.42000 -0.12500 0.12000
v 0.42000 -0.13000 0.12000
v 0.42500 -0.13000 0.12000
v 0.42500 -0.12500 0.12000
v 0.42000 -0.12500 0.12000
v 0.42000 -0.13000 0.12500
v 0.42500 -0.13000 0.12500
v 0.42500 -0.12500 0.12500
v 0.42000 -0.12500 0.12500
v 0.42000 -0.13000 0.12500
v 0.42500 -0.13000 0.12500
v 0.42500 -0.12500 0.12500
v 0.42000 -0.12500 0.12500
v 0.42000 -0.13000 0.13000
v 0.42500 -0.13000 0.13000
v 0.42500 -0.12500 0.13000
v 0.42000 -0.12500 0.13000
v 0.42000 -0.12500 0.01500
v 0.42500 -0.12500 0.01500
v 0.42500 -0.12000 0.01500
v 0.42000 -0.12000 0.01500
v 0.42000 -0.12500 0.02000
v 0.42500 -0.12500 0.02000
v 0.42500 -0.12000 0.02000
v 0.42000 -0.12000 0.02000
v 0.42000 -0.12500 0.02000
v 0.42500 -0.12500 0.02000
v 0.42500 -0.12000 0.02000
v 0.42000 -0.12000 0.02000
v 0.42000 -0.12500 0.02500
v 0.42500 -0.12500 0.02500
v 0.42500 -0.12000 0.02500
v 0.42000 -0.12000 0.02500
v 0.42000 -0.12500 0.02500
v 0.42500 -0.12500 0.02500
v 0.42500 -0.12000 0.02500
v 0.42000 -0.12000 0.02500
v 0.42000 -0.12500 0.03000
v 0.42500 -0.12500 0.03000
v 0.42500 -0.12000 0.03000
v 0.42000 -0.12000 0.03000
v 0.42000 -0.12500 0.03000
v 0.42500 -0.12500 0.03000
v 0.42500 -0.12000 0.03000
v 0.42000 -0.12000 0.03000
v 0.42000 -0.12500 0.03500
v 0.42500 -0.12500 0.03500
v 0.42500 -0.12000 0.03500
v 0.42000 -0.12000 0.03500
v 0.42000 -0.12500 0.03500
v 0.42500 -0.12500 0.03500
v 0.42500 -0.12000 0.03500
v 0.42000 -0.12000 0.03500
v 0.42000 -0.12500 0.04000
v 0.42500 -0.12500 0.04000
v 0.42500 -0.12000 0.04000
v 0.42000 -0.12000 0.04000
v 0.42000 -0.12500 0.04000
v 0.42500 -0.12500 0.04000
v 0.42500 -0.12000 0.04000
v 0.42000 -0.12000 0.04000
v 0.42000 -0.12500 0.04500
v 0.42500 -0.12500 0.04500
v 0.42500 -0.12000 0.04500
v 0.42000 -0.12000 0.04500
v 0.42000 -0.12500 0.04500
v 0.42500 -0.12500 0.04500
v 0.42500 -0.12000 0.04500
v 0.42000 -0.12000 0.04500
v 0.42000 -0.12500 0.05000
v 0.42500 -0.12500 0.05000
v 0.42500 -0.12000 0.05000
v 0.42000 -0.12000 0.05000
v 0.42000 -0.12500 0.05000
v 0.42500 -0.12500 0.05000
v 0.42500 -0.12000 0.05000
v 0.42000 -0.12000 0.05000
v 0.42000 -0.12500 0.05500
v 0.42500 -0.12500 0.05500
v 0.42500 -0.12000 0.05500
v 0.42000 -0.12000 0.05500
v 0.42000 -0.12500 0.05500
v 0.42500 -0.12500 0.05500
v 0.42500 -0.12000 0.05500
v 0.42000 -0.12000 0.05500
v 0.42000 -0.12500 0.06000
v 0.42500 -0.12500 0.06000
v 0.42500 -0.12000 0.06000
v 0.42000 -0.12000 0.06000
v 0.42000 -0.12500 0.06000
v 0.42500 -0.12500 0.06000
v 0.42500 -0.12000 0.06000
v 0.42000 -0.12000 0.06000
v 0.42000 -0.12500 0.06500
v 0.42500 -0.12500 0.06500
v 0.42500 -0.12000 0.06500
v 0.42000 -0.12000 0.06500
v 0.42000 -0.12500 0.06500
v 0.42500 -0.12500 0.06500
v 0.42500 -0.12000 0.06500
v 0.42000 -0.12000 0.06500
v 0.42000 -0.12500 0.07000
v 0.42500 -0.12500 0.07000
v 0.42500 -0.12000 0.07000
v 0.42000 -0.12000 0.07000
v 0.42000 -0.12500 0.07000
v 0.42500 -0.12500 0.07000
v 0.42500 -0.12000 0.07000
v 0.42000 -0.12000 0.07000
v 0.42000 -0.12500 0.07500
v 0.42500 -0.12500 0.07500
v 0.42500 -0.12000 0.07500
v 0.42000 -0.12000 0.07500
v 0.42000 -0.12500 0.07500
v 0.42500 -0.12500 0.07500
v 0.42500 -0.12000 0.07500
v 0.42000 -0.12000 0.07500
v 0.42000 -0.12500 0.08000
v 0.42500 -0.12500 0.08000
v 0.42500 -0.12000 0.08000
v 0.42000 -0.12000 0.08000
v 0.42000 -0.12500 0.08000
v 0.42500 -0.12500 0.08000
v 0.42500 -0.12000 0.08000
v 0.42000 -0.12000 0.08000
v 0.42000 -0.12500 0.08500
v 0.42500 -0.12500 0.08500
v 0.42500 -0.12000 0.08500
v 0.42000 -0.12000 0.08500
v 0.42000 -0.12500 0.08500
v 0.42500 -0.12500 0.08500
v 0.42500 -0.12000 0.08500
v 0.42000 -0.12000 0.08500
v 0.42000 -0.12500 0.09000
v 0.42500 -0.12500 0.09000
v 0.42500 -0.12000 0.09000
v 0.42000 -0.12000 0.09000
v 0.42000 -0.12500 0.09000
v 0.42500 -0.12500 0.09000
v 0.42500 -0.12000 0.09000
v 0.42000 -0.12000 0.09000
v 0.42000 -0.12500 0.09500
v 0.42500 -0.12500 0.09500
v 0.42500 -0.12000 0.09500
v 0.42000 -0.12000 0.09500
v 0.42000 -0.12500 0.09500
v 0.42500 -0.12500 0.09500
v 0.42500 -0.12000 0.09500
v 0.42000 -0.12000 0.09500
v 0.42000 -0.12500 0.10000
v 0.42500 -0.12500 0.10000
v 0.42500 -0.12000 0.10000
v 0.42000 -0.12000 0.10000
v 0.42000 -0.12500 0.10000
v 0.42500 -0.12500 0.10000
v 0.42500 -0.12000 0.10000
v 0.42000 -0.12000 0.10000
v 0.42000 -0.12500 0.10500
v 0.42500 -0.12500 0.10500
v 0.42500 -0.12000 0.10500
v 0.42000 -0.12000 0.10500
v 0.42000 -0.12500 0.10500
v 0.42500 -0.12500 0.10500
v 0.42500 -0.12000 0.10500
v 0.42000 -0.12000 0.10500
v 0.42000 -0.12500 0.11000
v 0.42500 -0.12500 0.11000
v 0.42500 -0.12000 0.11000
v 0.42000 -0.12000 0.11000
v 0.42500 -0.20000 0.04000
v 0.43000 -0.20000 0.04000
v 0.43000 -0.19500 0.04000
v 0.42500 -0.19500 0.04000
v 0.42500 -0.20000 0.04500
v 0.43000 -0.20000 0.04500
v 0.43000 -0.19500 0.04500
v 0.42500 -0.19500 0.04500
v 0.42500 -0.20000 0.04500
v 0.43000 -0.20000 0.04500
v 0.43000 -0.19500 0.04500
v 0.42500 -0.19500 0.04500
v 0.42500 -0.20000 0.05000
v 0.43000 -0.20000 0.05000
v 0.43000 -0.19500 0.05000
v 0.42500 -0.19500 0.05000
v 0.42500 -0.20000 0.05000
v 0.43000 -0.20000 0.05000
v 0.43000 -0.19500 0.05000
v 0.42500 -0.19500 0.05000
v 0.42500 -0.20000 0.05500
v 0.43000 -0.20000 0.05500
v 0.43000 -0.19500 0.05500
v 0.42500 -0.19500 0.05500
v 0.42500 -0.20000 0.08000
v 0.43000 -0.20000 0.08000
v 0.43000 -0.19500 0.08000
v 0.42500 -0.19500 0.08000
v 0.42500 -0.20000 0.08500
v 0.43000 -0.20000 0.08500
v 0.43000 -0.19500 0.08500
v 0.42500 -0.19500 0.08500
v 0.42500 -0.20000 0.08500
v 0.43000 -0.20000 0.08500
v 0.43000 -0.19500 0.08500
v 0.42500 -0.19500 0.08500
v 0.42500 -0.20000 0.09000
v 0.43000 -0.20000 0.09000
v 0.43000 -0.19500 0.09000
v 0.42500 -0.19500 0.09000
v 0.42500 -0.20000 0.09500
v 0.43000 -0.20000 0.09500
v 0.43000 -0.19500 0.09500
v 0.42500 -0.19500 0.09500
v 0.42500 -0.20000 0.10000
v 0.43000 -0.20000 0.10000
v 0.43000 -0.19500 0.10000
v 0.42500 -0.19500 0.10000
v 0.42500 -0.20000 0.10500
v 0.43000 -0.20000 0.10500
v 0.43000 -0.19500 0.10500
v 0.42500 -0.19500 0.10500
v 0.42500 -0.20000 0.11000
v 0.43000 -0.20000 0.11000
v 0.43000 -0.19500 0.11000
v 0.42500 -0.19500 0.11000
v 0.42500 -0.20000 0.11000
v 0.43000 -0.20000 0.11000
v 0.43000 -0.19500 0.11000
v 0.42500 -0.19500 0.11000
v 0.42500 -0.20000 0.11500
v 0.43000 -0.20000 0.11500
v 0.43000 -0.19500 0.11500
v 0.42500 -0.19500 0.11500
v 0.42500 -0.20000 0.12000
v 0.43000 -0.20000 0.12000
v 0.43000 -0.19500 0.12000
v 0.42500 -0.19500 0.12000
v 0.42500 -0.20000 0.12500
v 0.43000 -0.20000 0.12500
v 0.43000 -0.19500 0.12500
v 0.42500 -0.19500 0.12500
v 0.42500 -0.20000 0.12500
v 0.43000 -0.20000 0.12500
v 0.43000 -0.19500 0.12500
v 0.42500 -0.19500 0.12500
v 0.42500 -0.20000 0.13000
v 0.43000 -0.20000 0.13000
v 0.43000 -0.19500 0.13000
v 0.42500 -0.19500 0.13000
v 0.42500 -0.20000 0.13000
v 0.43000 -0.20000 0.13000
v 0.43000 -0.19500 0.13000
v 0.42500 -0.19500 0.13000
v 0.42500 -0.20000 0.13500
v 0.43000 -0.20000 0.13500
v 0.43000 -0.19500 0.13500
v 0.42500 -0.19500 0.13500
v 0.42500 -0.20000 0.13500
v 0.43000 -0.20000 0.13500
v 0.43000 -0.19500 0.13500
v 0.42500 -0.19500 0.13500
v 0.42500 -0.20000 0.14000
v 0.43000 -0.20000 0.14000
v 0.43000 -0.19500 0.14000
v 0.42500 -0.19500 0.14000
v 0.42500 -0.20000 0.14000
v 0.43000 -0.20000 0.14000
v 0.43000 -0.19500 0.14000
v 0.42500 -0.19500 0.14000
v 0.42500 -0.20000 0.14500
v 0.43000 -0.20000 0.14500
v 0.43000 -0.19500 0.14500
v 0.42500 -0.19500 0.14500
v 0.42500 -0.20000 0.14500
v 0.43000 -0.20000 0.14500
v 0.43000 -0.19500 0.14500
v 0.42500 -0.19500 0.14500
v 0.42500 -0.20000 0.15000
v 0.43000 -0.20000 0.15000
v 0.43000 -0.19500 0.15000
v 0.42500 -0.19500 0.15000
v 0.42500 -0.19500 0.01500
v 0.43000 -0.19500 0.01500
v 0.43000 -0.19000 0.01500
v 0.42500 -0.19000 0.01500
v 0.42500 -0.19500 0.02000
v 0.43000 -0.19500 0.02000
v 0.43000 -0.19000 0.02000
v 0.42500 -0.19000 0.02000
v 0.42500 -0.19500 0.02000
v 0.43000 -0.19500 0.02000
v 0.43000 -0.19000 0.02000
v 0.42500 -0.19000 0.02000
v 0.42500 -0.19500 0.02500
v 0.43000 -0.19500 0.02500
v 0.43000 -0.19000 0.02500
v 0.42500 -0.19000 0.02500
v 0.42500 -0.19500 0.02500
v 0.43000 -0.19500 0.02500
v 0.43000 -0.19000 0.02500
v 0.42500 -0.19000 0.02500
v 0.42500 -0.19500 0.03000
v 0.43000 -0.19500 0.03000
v 0.43000 -0.19000 0.03000
v 0.42500 -0.19000 0.03000
v 0.42500 -0.19500 0.03000
v 0.43000 -0.19500 0.03000
v 0.43000 -0.19000 0.03000
v 0.42500 -0.19000 0.03000
v 0.42500 -0.19500 0.03500
v 0.43000 -0.19500 0.03500
v 0.43000 -0.19000 0.03500
v 0.42500 -0.19000 0.03500
v 0.42500 -0.19500 0.15000
v 0.43000 -0.19500 0.15000
v 0.43000 -0.19000 0.15000
v 0.42500 -0.19000 0.15000
v 0.42500 -0.19500 0.15500
v 0.43000 -0.19500 0.15500
v 0.43000 -0.19000 0.15500
v 0.42500 -0.19000 0.15500
v 0.42500 -0.19500 0.15500
v 0.43000 -0.19500 0.15500
v 0.43000 -0.19000 0.15500
v 0.42500 -0.19000 0.15500
v 0.42500 -0.19500 0.16000
v 0.43000 -0.19500 0.16000
v 0.43000 -0.19000 0.16000
v 0.42500 -0.19000 0.16000
v 0.42500 -0.19500 0.16000
v 0.43000 -0.19500 0.16000
v 0.43000 -0.19000 0.16000
v 0.42500 -0.19000 0.16000
v 0.42500 -0.19500 0.16500
v 0.43000 -0.19500 0.16500
v 0.43000 -0.19000 0.16500
v 0.42500 -0.19000 0.16500
v 0.42500 -0.19500 0.16500
v 0.43000 -0.19500 0.16500
v 0.43000 -0.19000 0.16500
v 0.42500 -0.19000 0.16500
v 0.42500 -0.19500 0.17000
v 0.43000 -0.19500 0.17000
v 0.43000 -0.19000 0.17000
v 0.42500 -0.19000 0.17000
v 0.42500 -0.19500 0.17000
v 0.43000 -0.19500 0.17000
v 0.43000 -0.19000 0.17000
v 0.42500 -0.19000 0.17000
v 0.42500 -0.19500 0.17500
v 0.43000 -0.19500 0.17500
v 0.43000 -0.19000 0.17500
v 0.42500 -0.19000 0.17500
v 0.42500 -0.19000 0.01000
v 0.43000 -0.19000 0.01000
v 0.43000 -0.18500 0.01000
v 0.42500 -0.18500 0.01000
v 0.42500 -0.19000 0.01500
v 0.43000 -0.19000 0.01500
v 0.43000 -0.18500 0.01500
v 0.42500 -0.18500 0.01500
v 0.42500 -0.19000 0.17500
v 0.43000 -0.19000 0.17500
v 0.43000 -0.18500 0.17500
v 0.42500 -0.18500 0.17500
v 0.42500 -0.19000 0.18000
v 0.43000 -0.19000 0.18000
v 0.43000 -0.18500 0.18000
v 0.42500 -0.18500 0.18000
v 0.42500 -0.18500 0.18000
v 0.43000 -0.18500 0.18000
v 0.43000 -0.18000 0.18000
v 0.42500 -0.18000 0.18000
v 0.42500 -0.18500 0.18500
v 0.43000 -0.18500 0.18500
v 0.43000 -0.18000 0.18500
v 0.42500 -0.18000 0.18500
v 0.42500 -0.18000 0.18500
v 0.43000 -0.18000 0.18500
v 0.43000 -0.17500 0.18500
v 0.42500 -0.17500 0.18500
v 0.42500 -0.18000 0.19000
v 0.43000 -0.18000 0.19000
v 0.43000 -0.17500 0.19000
v 0.42500 -0.17500 0.19000
v 0.42500 -0.17500 0.18500
v 0.43000 -0.17500 0.18500
v 0.43000 -0.17000 0.18500
v 0.42500 -0.17000 0.18500
v 0.42500 -0.17500 0.19000
v 0.43000 -0.17500 0.19000
v 0.43000 -0.17000 0.19000
v 0.42500 -0.17000 0.19000
v 0.42500 -0.17000 0.18500
v 0.43000 -0.17000 0.18500
v 0.43000 -0.16500 0.18500
v 0.42500 -0.16500 0.18500
v 0.42500 -0.17000 0.19000
v 0.43000 -0.17000 0.19000
v 0.43000 -0.16500 0.19000
v 0.42500 -0.16500 0.19000
v 0.42500 -0.16500 0.18500
v 0.43000 -0.16500 0.18500
v 0.43000 -0.16000 0.18500
v 0.42500 -0.16000 0.18500
v 0.42500 -0.16500 0.19000
v 0.43000 -0.16500 0.19000
v 0.43000 -0.16000 0.19000
v 0.42500 -0.16000 0.19000
v 0.42500 -0.16000 0.18000
v 0.43000 -0.16000 0.18000
v 0.43000 -0.15500 0.18000
v 0.42500 -0.15500 0.18000
v 0.42500 -0.16000 0.18500
v 0.43000 -0.16000 0.18500
v 0.43000 -0.15500 0.18500
v 0.42500 -0.15500 0.18500
v 0.42500 -0.15500 0.18000
v 0.43000 -0.15500 0.18000
v 0.43000 -0.15000 0.18000
v 0.42500 -0.15000 0.18000
v 0.42500 -0.15500 0.18500
v 0.43000 -0.15500 0.18500
v 0.43000 -0.15000 0.18500
v 0.42500 -0.15000 0.18500
v 0.42500 -0.15000 0.17000
v 0.43000 -0.15000 0.17000
v 0.43000 -0.14500 0.17000
v 0.42500 -0.14500 0.17000
v 0.42500 -0.15000 0.17500
v 0.43000 -0.15000 0.17500
v 0.43000 -0.14500 0.17500
v 0.42500 -0.14500 0.17500
v 0.42500 -0.15000 0.17500
v 0.43000 -0.15000 0.17500
v 0.43000 -0.14500 0.17500
v 0.42500 -0.14500 0.17500
v 0.42500 -0.15000 0.18000
v 0.43000 -0.15000 0.18000
v 0.43000 -0.14500 0.18000
v 0.42500 -0.14500 0.18000
v 0.42500 -0.15000 0.18000
v 0.43000 -0.15000 0.18000
v 0.43000 -0.14500 0.18000
v 0.42500 -0.14500 0.18000
v 0.42500 -0.15000 0.18500
v 0.43000 -0.15000 0.18500
v 0.43000 -0.14500 0.18500
v 0.42500 -0.14500 0.18500
v 0.42500 -0.14500 0.14500
v 0.43000 -0.14500 0.14500
v 0.43000 -0.14000 0.14500
v 0.42500 -0.14000 0.14500
v 0.42500 -0.14500 0.15000
v 0.43000 -0.14500 0.15000
v 0.43000 -0.14000 0.15000
v 0.42500 -0.14000 0.15000
v 0.42500 -0.14500 0.15000
v 0.43000 -0.14500 0.15000
v 0.43000 -0.14000 0.15000
v 0.42500 -0.14000 0.15000
v 0.42500 -0.14500 0.15500
v 0.43000 -0.14500 0.15500
v 0.43000 -0.14000 0.15500
v 0.42500 -0.14000 0.15500
v 0.42500 -0.14500 0.15500
v 0.43000 -0.14500 0.15500
v 0.43000 -0.14000 0.15500
v 0.42500 -0.14000 0.15500
v 0.42500 -0.14500 0.16000
v 0.43000 -0.14500 0.16000
v 0.43000 -0.14000 0.16000
v 0.42500 -0.14000 0.16000
v 0.42500 -0.14500 0.16000
v 0.43000 -0.14500 0.16000
v 0.43000 -0.14000 0.16000
v 0.42500 -0.14000 0.16000
v 0.42500 -0.14500 0.16500
v 0.43000 -0.14500 0.16500
v 0.43000 -0.14000 0.16500
v 0.42500 -0.14000 0.16500
v 0.42500 -0.14500 0.16500
v 0.43000 -0.14500 0.16500
v 0.43000 -0.14000 0.16500
v 0.42500 -0.14000 0.16500
v 0.42500 -0.14500 0.17000
v 0.43000 -0.14500 0.17000
v 0.43000 -0.14000 0.17000
v 0.42500 -0.14000 0.17000
v 0.42500 -0.14000 0.14000
v 0.43000 -0.14000 0.14000
v 0.43000 -0.13500 0.14000
v 0.42500 -0.13500 0.14000
v 0.42500 -0.14000 0.14500
v 0.43000 -0.14000 0.14500
v 0.43000 -0.13500 0.14500
v 0.42500 -0.13500 0.14500
v 0.42500 -0.13500 0.13000
v 0.43000 -0.13500 0.13000
v 0.43000 -0.13000 0.13000
v 0.42500 -0.13000 0.13000
v 0.42500 -0.13500 0.13500
v 0.43000 -0.13500 0.13500
v 0.43000 -0.13000 0.13500
v 0.42500 -0.13000 0.13500
v 0.42500 -0.13500 0.13500
v 0.43000 -0.13500 0.13500
v 0.43000 -0.13000 0.13500
v 0.42500 -0.13000 0.13500
v 0.42500 -0.13500 0.14000
v 0.43000 -0.13500 0.14000
v 0.43000 -0.13000 0.14000
v 0.42500 -0.13000 0.14000
v 0.42500 -0.13000 0.12500
v 0.43000 -0.13000 0.12500
v 0.43000 -0.12500 0.12500
v 0.42500 -0.12500 0.12500
v 0.42500 -0.13000 0.13000
v 0.43000 -0.13000 0.13000
v 0.43000 -0.12500 0.13000
v 0.42500 -0.12500 0.13000
v 0.42500 -0.12500 0.11000
v 0.43000 -0.12500 0.11000
v 0.43000 -0.12000 0.11000
v 0.42500 -0.12000 0.11000
v 0.42500 -0.12500 0.11500
v 0.43000 -0.12500 0.11500
v 0.43000 -0.12000 0.11500
v 0.42500 -0.12000 0.11500
v 0.42500 -0.12500 0.11500
v 0.43000 -0.12500 0.11500
v 0.43000 -0.12000 0.11500
v 0.42500 -0.12000 0.11500
v 0.42500 -0.12500 0.12000
v 0.43000 -0.12500 0.12000
v 0.43000 -0.12000 0.12000
v 0.42500 -0.12000 0.12000
v 0.42500 -0.12500 0.12000
v 0.43000 -0.12500 0.12000
v 0.43000 -0.12000 0.12000
v 0.42500 -0.12000 0.12000
v 0.42500 -0.12500 0.12500
v 0.43000 -0.12500 0.12500
v 0.43000 -0.12000 0.12500
v 0.42500 -0.12000 0.12500
v 0.42500 -0.12000 0.01500
v 0.43000 -0.12000 0.01500
v 0.43000 -0.11500 0.01500
v 0.42500 -0.11500 0.01500
v 0.42500 -0.12000 0.02000
v 0.43000 -0.12000 0.02000
v 0.43000 -0.11500 0.02000
v 0.42500 -0.11500 0.02000
v 0.42500 -0.12000 0.02000
v 0.43000 -0.12000 0.02000
v 0.43000 -0.11500 0.02000
v 0.42500 -0.11500 0.02000
v 0.42500 -0.12000 0.02500
v 0.43000 -0.12000 0.02500
v 0.43000 -0.11500 0.02500
v 0.42500 -0.11500 0.02500
v 0.42500 -0.12000 0.02500
v 0.43000 -0.12000 0.02500
v 0.43000 -0.11500 0.02500
v 0.42500 -0.11500 0.02500
v 0.42500 -0.12000 0.03000
v 0.43000 -0.12000 0.03000
v 0.43000 -0.11500 0.03000
v 0.42500 -0.11500 0.03000
v 0.42500 -0.12000 0.03000
v 0.43000 -0.12000 0.03000
v 0.43000 -0.11500 0.03000
v 0.42500 -0.11500 0.03000
v 0.42500 -0.12000 0.03500
v 0.43000 -0.12000 0.03500
v 0.43000 -0.11500 0.03500
v 0.42500 -0.11500 0.03500
v 0.42500 -0.12000 0.03500
v 0.43000 -0.12000 0.03500
v 0.43000 -0.11500 0.03500
v 0.42500 -0.11500 0.03500
v 0.42500 -0.12000 0.04000
v 0.43000 -0.12000 0.04000
v 0.43000 -0.11500 0.04000
v 0.42500 -0.11500 0.04000
v 0.42500 -0.12000 0.04000
v 0.43000 -0.12000 0.04000
v 0.43000 -0.11500 0.04000
v 0.42500 -0.11500 0.04000
v 0.42500 -0.12000 0.04500
v 0.43000 -0.12000 0.04500
v 0.43000 -0.11500 0.04500
v 0.42500 -0.11500 0.04500
v 0.42500 -0.12000 0.04500
v 0.43000 -0.12000 0.04500
v 0.43000 -0.11500 0.04500
v 0.42500 -0.11500 0.04500
v 0.42500 -0.12000 0.05000
v 0.43000 -0.12000 0.05000
v 0.43000 -0.11500 0.05000
v 0.42500 -0.11500 0.05000
v 0.42500 -0.12000 0.05000
v 0.43000 -0.12000 0.05000
v 0.43000 -0.11500 0.05000
v 0.42500 -0.11500 0.05000
v 0.42500 -0.12000 0.05500
v 0.43000 -0.12000 0.05500
v 0.43000 -0.11500 0.05500
v 0.42500 -0.11500 0.05500
v 0.42500 -0.12000 0.05500
v 0.43000 -0.12000 0.05500
v 0.43000 -0.11500 0.05500
v 0.42500 -0.11500 0.05500
v 0.42500 -0.12000 0.06000
v 0.43000 -0.12000 0.06000
v 0.43000 -0.11500 0.06000
v 0.42500 -0.11500 0.06000
v 0.42500 -0.12000 0.06000
v 0.43000 -0.12000 0.06000
v 0.43000 -0.11500 0.06000
v 0.42500 -0.11500 0.06000
v 0.42500 -0.12000 0.06500
v 0.43000 -0.12000 0.06500
v 0.43000 -0.11500 0.06500
v 0.42500 -0.11500 0.06500
v 0.42500 -0.12000 0.06500
v 0.43000 -0.12000 0.06500
v 0.43000 -0.11500 0.06500
v 0.42500 -0.11500 0.06500
v 0.42500 -0.12000 0.07000
v 0.43000 -0.12000 0.07000
v 0.43000 -0.11500 0.07000
v 0.42500 -0.11500 0.07000
v 0.42500 -0.12000 0.07000
v 0.43000 -0.12000 0.07000
v 0.43000 -0.11500 0.07000
v 0.42500 -0.11500 0.07000
v 0.42500 -0.12000 0.07500
v 0.43000 -0.12000 0.07500
v 0.43000 -0.11500 0.07500
v 0.42500 -0.11500 0.07500
v 0.42500 -0.12000 0.07500
v 0.43000 -0.12000 0.07500
v 0.43000 -0.11500 0.07500
v 0.42500 -0.11500 0.07500
v 0.42500 -0.12000 0.08000
v 0.43000 -0.12000 0.08000
v 0.43000 -0.11500 0.08000
v 0.42500 -0.11500 0.08000
v 0.42500 -0.12000 0.08000
v 0.43000 -0.12000 0.08000
v 0.43000 -0.11500 0.08000
v 0.42500 -0.11500 0.08000
v 0.42500 -0.12000 0.08500
v 0.43000 -0.12000 0.08500
v 0.43000 -0.11500 0.08500
v 0.42500 -0.11500 0.08500
v 0.42500 -0.12000 0.08500
v 0.43000 -0.12000 0.08500
v 0.43000 -0.11500 0.08500
v 0.42500 -0.11500 0.08500
v 0.42500 -0.12000 0.09000
v 0.43000 -0.12000 0.09000
v 0.43000 -0.11500 0.09000
v 0.42500 -0.11500 0.09000
v 0.42500 -0.12000 0.09000
v 0.43000 -0.12000 0.09000
v 0.43000 -0.11500 0.09000
v 0.42500 -0.11500 0.09000
v 0.42500 -0.12000 0.09500
v 0.43000 -0.12000 0.09500
v 0.43000 -0.11500 0.09500
v 0.42500 -0.11500 0.09500
v 0.42500 -0.12000 0.09500
v 0.43000 -0.12000 0.09500
v 0.43000 -0.11500 0.09500
v 0.42500 -0.11500 0.09500
v 0.42500 -0.12000 0.10000
v 0.43000 -0.12000 0.10000
v 0.43000 -0.11500 0.10000
v 0.42500 -0.11500 0.10000
v 0.42500 -0.12000 0.10000
v 0.43000 -0.12000 0.10000
v 0.43000 -0.11500 0.10000
v 0.42500 -0.11500 0.10000
v 0.42500 -0.12000 0.10500
v 0.43000 -0.12000 0.10500
v 0.43000 -0.11500 0.10500
v 0.42500 -0.11500 0.10500
v 0.42500 -0.12000 0.10500
v 0.43000 -0.12000 0.10500
v 0.43000 -0.11500 0.10500
v 0.42500 -0.11500 0.10500
v 0.42500 -0.12000 0.11000
v 0.43000 -0.12000 0.11000
v 0.43000 -0.11500 0.11000
v 0.42500 -0.11500 0.11000
v 0.43000 -0.20000 0.04000
v 0.43500 -0.20000 0.04000
v 0.43500 -0.19500 0.04000
v 0.43000 -0.19500 0.04000
v 0.43000 -0.20000 0.04500
v 0.43500 -0.20000 0.04500
v 0.43500 -0.19500 0.04500
v 0.43000 -0.19500 0.04500
v 0.43000 -0.20000 0.04500
v 0.43500 -0.20000 0.04500
v 0.43500 -0.19500 0.04500
v 0.43000 -0.19500 0.04500
v 0.43000 -0.20000 0.05000
v 0.43500 -0.20000 0.05000
v 0.43500 -0.19500 0.05000
v 0.43000 -0.19500 0.05000
v 0.43000 -0.20000 0.05000
v 0.43500 -0.20000 0.05000
v 0.43500 -0.19500 0.05000
v 0.43000 -0.19500 0.05000
v 0.43000 -0.20000 0.05500
v 0.43500 -0.20000 0.05500
v 0.43500 -0.19500 0.05500
v 0.43000 -0.19500 0.05500
v 0.43000 -0.20000 0.05500
v 0.43500 -0.20000 0.05500
v 0.43500 -0.19500 0.05500
v 0.43000 -0.19500 0.05500
v 0.43000 -0.20000 0.06000
v 0.43500 -0.20000 0.06000
v 0.43500 -0.19500 0.06000
v 0.43000 -0.19500 0.06000
v 0.43000 -0.20000 0.08500
v 0.43500 -0.20000 0.08500
v 0.43500 -0.19500 0.08500
v 0.43000 -0.19500 0.08500
v 0.43000 -0.20000 0.09000
v 0.43500 -0.20000 0.09000
v 0.43500 -0.19500 0.09000
v 0.43000 -0.19500 0.09000
v 0.43000 -0.20000 0.09000
v 0.43500 -0.20000 0.09000
v 0.43500 -0.19500 0.09000
v 0.43000 -0.19500 0.09000
v 0.43000 -0.20000 0.09500
v 0.43500 -0.20000 0.09500
v 0.43500 -0.19500 0.09500
v 0.43000 -0.19500 0.09500
v 0.43000 -0.20000 0.09500
v 0.43500 -0.20000 0.09500
v 0.43500 -0.19500 0.09500
v 0.43000 -0.19500 0.09500
v 0.43000 -0.20000 0.10000
v 0.43500 -0.20000 0.10000
v 0.43500 -0.19500 0.10000
v 0.43000 -0.19500 0.10000
v 0.43000 -0.20000 0.10000
v 0.43500 -0.20000 0.10000
v 0.43500 -0.19500 0.10000
v 0.43000 -0.19500 0.10000
v 0.43000 -0.20000 0.10500
v 0.43500 -0.20000 0.10500
v 0.43500 -0.19500 0.10500
v 0.43000 -0.19500 0.10500
v 0.43000 -0.20000 0.12500
v 0.43500 -0.20000 0.12500
v 0.43500 -0.19500 0.12500
v 0.43000 -0.19500 0.12500
v 0.43000 -0.20000 0.13000
v 0.43500 -0.20000 0.13000
v 0.43500 -0.19500 0.13000
v 0.43000 -0.19500 0.13000
v 0.43000 -0.20000 0.13000
v 0.43500 -0.20000 0.13000
v 0.43500 -0.19500 0.13000
v 0.43000 -0.19500 0.13000
v 0.43000 -0.20000 0.13500
v 0.43500 -0.20000 0.13500
v 0.43500 -0.19500 0.13500
v 0.43000 -0.19500 0.13500
v 0.43000 -0.20000 0.13500
v 0.43500 -0.20000 0.13500
v 0.43500 -0.19500 0.13500
v 0.43000 -0.19500 0.13500
v 0.43000 -0.20000 0.14000
v 0.43500 -0.20000 0.14000
v 0.43500 -0.19500 0.14000
v 0.43000 -0.19500 0.14000
v 0.43000 -0.20000 0.14000
v 0.43500 -0.20000 0.14000
v 0.43500 -0.19500 0.14000
v 0.43000 -0.19500 0.14000
v 0.43000 -0.20000 0.14500
v 0.43500 -0.20000 0.14500
v 0.43500 -0.19500 0.14500
v 0.43000 -0.19500 0.14500
v 0.43000 -0.20000 0.14500
v 0.43500 -0.20000 0.14500
v 0.43500 -0.19500 0.14500
v 0.43000 -0.19500 0.14500
v 0.43000 -0.20000 0.15000
v 0.43500 -0.20000 0.15000
v 0.43500 -0.19500 0.15000
v 0.43000 -0.19500 0.15000
v 0.43000 -0.20000 0.15000
v 0.43500 -0.20000 0.15000
v 0.43500 -0.19500 0.15000
v 0.43000 -0.19500 0.15000
v 0.43000 -0.20000 0.15500
v 0.43500 -0.20000 0.15500
v 0.43500 -0.19500 0.15500
v 0.43000 -0.19500 0.15500
v 0.43000 -0.20000 0.15500
v 0.43500 -0.20000 0.15500
v 0.43500 -0.19500 0.15500
v 0.43000 -0.19500 0.15500
v 0.43000 -0.20000 0.16000
v 0.43500 -0.20000 0.16000
v 0.43500 -0.19500 0.16000
v 0.43000 -0.19500 0.16000
v 0.43000 -0.20000 0.16000
v 0.43500 -0.20000 0.16000
v 0.43500 -0.19500 0.16000
v 0.43000 -0.19500 0.16000
v 0.43000 -0.20000 0.16500
v 0.43500 -0.20000 0.16500
v 0.43500 -0.19500 0.16500
v 0.43000 -0.19500 0.16500
v 0.43000 -0.19500 0.01000
v 0.43500 -0.19500 0.01000
v 0.43500 -0.19000 0.01000
v 0.43000 -0.19000 0.01000
v 0.43000 -0.19500 0.01500
v 0.43500 -0.19500 0.01500
v 0.43500 -0.19000 0.01500
v 0.43000 -0.19000 0.01500
v 0.43000 -0.19500 0.01500
v 0.43500 -0.19500 0.01500
v 0.43500 -0.19000 0.01500
v 0.43000 -0.19000 0.01500
v 0.43000 -0.19500 0.02000
v 0.43500 -0.19500 0.02000
v 0.43500 -0.19000 0.02000
v 0.43000 -0.19000 0.02000
v 0.43000 -0.19500 0.02000
v 0.43500 -0.19500 0.02000
v 0.43500 -0.19000 0.02000
v 0.43000 -0.19000 0.02000
v 0.43000 -0.19500 0.02500
v 0.43500 -0.19500 0.02500
v 0.43500 -0.19000 0.02500
v 0.43000 -0.19000 0.02500
v 0.43000 -0.19500 0.02500
v 0.43500 -0.19500 0.02500
v 0.43500 -0.19000 0.02500
v 0.43000 -0.19000 0.02500
v 0.43000 -0.19500 0.03000
v 0.43500 -0.19500 0.03000
v 0.43500 -0.19000 0.03000
v 0.43000 -0.19000 0.03000
v 0.43000 -0.19500 0.03000
v 0.43500 -0.19500 0.03000
v 0.43500 -0.19000 0.03000
v 0.43000 -0.19000 0.03000
v 0.43000 -0.19500 0.03500
v 0.43500 -0.19500 0.03500
v 0.43500 -0.19000 0.03500
v 0.43000 -0.19000 0.03500
v 0.43000 -0.19500 0.16500
v 0.43500 -0.19500 0.16500
v 0.43500 -0.19000 0.16500
v 0.43000 -0.19000 0.16500
v 0.43000 -0.19500 0.17000
v 0.43500 -0.19500 0.17000
v 0.43500 -0.19000 0.17000
v 0.43000 -0.19000 0.17000
v 0.43000 -0.19500 0.17000
v 0.43500 -0.19500 0.17000
v 0.43500 -0.19000 0.17000
v 0.43000 -0.19000 0.17000
v 0.43000 -0.19500 0.17500
v 0.43500 -0.19500 0.17500
v 0.43500 -0.19000 0.17500
v 0.43000 -0.19000 0.17500
v 0.43000 -0.19500 0.17500
v 0.43500 -0.19500 0.17500
v 0.43500 -0.19000 0.17500
v 0.43000 -0.19000 0.17500
v 0.43000 -0.19500 0.18000
v 0.43500 -0.19500 0.18000
v 0.43500 -0.19000 0.18000
v 0.43000 -0.19000 0.18000
v 0.43000 -0.19000 0.18000
v 0.43500 -0.19000 0.18000
v 0.43500 -0.18500 0.18000
v 0.43000 -0.18500 0.18000
v 0.43000 -0.19000 0.18500
v 0.43500 -0.19000 0.18500
v 0.43500 -0.18500 0.18500
v 0.43000 -0.18500 0.18500
v 0.43000 -0.18500 0.18000
v 0.43500 -0.18500 0.18000
v 0.43500 -0.18000 0.18000
v 0.43000 -0.18000 0.18000
v 0.43000 -0.18500 0.18500
v 0.43500 -0.18500 0.18500
v 0.43500 -0.18000 0.18500
v 0.43000 -0.18000 0.18500
v 0.43000 -0.18000 0.18500
v 0.43500 -0.18000 0.18500
v 0.43500 -0.17500 0.18500
v 0.43000 -0.17500 0.18500
v 0.43000 -0.18000 0.19000
v 0.43500 -0.18000 0.19000
v 0.43500 -0.17500 0.19000
v 0.43000 -0.17500 0.19000
v 0.43000 -0.17500 0.18500
v 0.43500 -0.17500 0.18500
v 0.43500 -0.17000 0.18500
v 0.43000 -0.17000 0.18500
v 0.43000 -0.17500 0.19000
v 0.43500 -0.17500 0.19000
v 0.43500 -0.17000 0.19000
v 0.43000 -0.17000 0.19000
v 0.43000 -0.17000 0.18500
v 0.43500 -0.17000 0.18500
v 0.43500 -0.16500 0.18500
v 0.43000 -0.16500 0.18500
v 0.43000 -0.17000 0.19000
v 0.43500 -0.17000 0.19000
v 0.43500 -0.16500 0.19000
v 0.43000 -0.16500 0.19000
v 0.43000 -0.16500 0.18000
v 0.43500 -0.16500 0.18000
v 0.43500 -0.16000 0.18000
v 0.43000 -0.16000 0.18000
v 0.43000 -0.16500 0.18500
v 0.43500 -0.16500 0.18500
v 0.43500 -0.16000 0.18500
v 0.43000 -0.16000 0.18500
v 0.43000 -0.16000 0.18000
v 0.43500 -0.16000 0.18000
v 0.43500 -0.15500 0.18000
v 0.43000 -0.15500 0.18000
v 0.43000 -0.16000 0.18500
v 0.43500 -0.16000 0.18500
v 0.43500 -0.15500 0.18500
v 0.43000 -0.15500 0.18500
v 0.43000 -0.15500 0.18000
v 0.43500 -0.15500 0.18000
v 0.43500 -0.15000 0.18000
v 0.43000 -0.15000 0.18000
v 0.43000 -0.15500 0.18500
v 0.43500 -0.15500 0.18500
v 0.43500 -0.15000 0.18500
v 0.43000 -0.15000 0.18500
v 0.43000 -0.15000 0.18000
v 0.43500 -0.15000 0.18000
v 0.43500 -0.14500 0.18000
v 0.43000 -0.14500 0.18000
v 0.43000 -0.15000 0.18500
v 0.43500 -0.15000 0.18500
v 0.43500 -0.14500 0.18500
v 0.43000 -0.14500 0.18500
v 0.43000 -0.14500 0.15000
v 0.43500 -0.14500 0.15000
v 0.43500 -0.14000 0.15000
v 0.43000 -0.14000 0.15000
v 0.43000 -0.14500 0.15500
v 0.43500 -0.14500 0.15500
v 0.43500 -0.14000 0.15500
v 0.43000 -0.14000 0.15500
v 0.43000 -0.14500 0.15500
v 0.43500 -0.14500 0.15500
v 0.43500 -0.14000 0.15500
v 0.43000 -0.14000 0.15500
v 0.43000 -0.14500 0.16000
v 0.43500 -0.14500 0.16000
v 0.43500 -0.14000 0.16000
v 0.43000 -0.14000 0.16000
v 0.43000 -0.14500 0.16000
v 0.43500 -0.14500 0.16000
v 0.43500 -0.14000 0.16000
v 0.43000 -0.14000 0.16000
v 0.43000 -0.14500 0.16500
v 0.43500 -0.14500 0.16500
v 0.43500 -0.14000 0.16500
v 0.43000 -0.14000 0.16500
v 0.43000 -0.14500 0.16500
v 0.43500 -0.14500 0.16500
v 0.43500 -0.14000 0.16500
v 0.43000 -0.14000 0.16500
v 0.43000 -0.14500 0.17000
v 0.43500 -0.14500 0.17000
v 0.43500 -0.14000 0.17000
v 0.43000 -0.14000 0.17000
v 0.43000 -0.14500 0.17000
v 0.43500 -0.14500 0.17000
v 0.43500 -0.14000 0.17000
v 0.43000 -0.14000 0.17000
v 0.43000 -0.14500 0.17500
v 0.43500 -0.14500 0.17500
v 0.43500 -0.14000 0.17500
v 0.43000 -0.14000 0.17500
v 0.43000 -0.14500 0.17500
v 0.43500 -0.14500 0.17500
v 0.43500 -0.14000 0.17500
v 0.43000 -0.14000 0.17500
v 0.43000 -0.14500 0.18000
v 0.43500 -0.14500 0.18000
v 0.43500 -0.14000 0.18000
v 0.43000 -0.14000 0.18000
v 0.43000 -0.14500 0.18000
v 0.43500 -0.14500 0.18000
v 0.43500 -0.14000 0.18000
v 0.43000 -0.14000 0.18000
v 0.43000 -0.14500 0.18500
v 0.43500 -0.14500 0.18500
v 0.43500 -0.14000 0.18500
v 0.43000 -0.14000 0.18500
v 0.43000 -0.14000 0.14000
v 0.43500 -0.14000 0.14000
v 0.43500 -0.13500 0.14000
v 0.43000 -0.13500 0.14000
v 0.43000 -0.14000 0.14500
v 0.43500 -0.14000 0.14500
v 0.43500 -0.13500 0.14500
v 0.43000 -0.13500 0.14500
v 0.43000 -0.14000 0.14500
v 0.43500 -0.14000 0.14500
v 0.43500 -0.13500 0.14500
v 0.43000 -0.13500 0.14500
v 0.43000 -0.14000 0.15000
v 0.43500 -0.14000 0.15000
v 0.43500 -0.13500 0.15000
v 0.43000 -0.13500 0.15000
v 0.43000 -0.13500 0.13000
v 0.43500 -0.13500 0.13000
v 0.43500 -0.13000 0.13000
v 0.43000 -0.13000 0.13000
v 0.43000 -0.13500 0.13500
v 0.43500 -0.13500 0.13500
v 0.43500 -0.13000 0.13500
v 0.43000 -0.13000 0.13500
v 0.43000 -0.13500 0.13500
v 0.43500 -0.13500 0.13500
v 0.43500 -0.13000 0.13500
v 0.43000 -0.13000 0.13500
v 0.43000 -0.13500 0.14000
v 0.43500 -0.13500 0.14000
v 0.43500 -0.13000 0.14000
v 0.43000 -0.13000 0.14000
v 0.43000 -0.13000 0.12500
v 0.43500 -0.13000 0.12500
v 0.43500 -0.12500 0.12500
v 0.43000 -0.12500 0.12500
v 0.43000 -0.13000 0.13000
v 0.43500 -0.13000 0.13000
v 0.43500 -0.12500 0.13000
v 0.43000 -0.12500 0.13000
v 0.43000 -0.12500 0.11000
v 0.43500 -0.12500 0.11000
v 0.43500 -0.12000 0.11000
v 0.43000 -0.12000 0.11000
v 0.43000 -0.12500 0.11500
v 0.43500 -0.12500 0.11500
v 0.43500 -0.12000 0.11500
v 0.43000 -0.12000 0.11500
v 0.43000 -0.12500 0.11500
v 0.43500 -0.12500 0.11500
v 0.43500 -0.12000 0.11500
v 0.43000 -0.12000 0.11500
v 0.43000 -0.12500 0.12000
v 0.43500 -0.12500 0.12000
v 0.43500 -0.12000 0.12000
v 0.43000 -0.12000 0.12000
v 0.43000 -0.12500 0.12000
v 0.43500 -0.12500 0.12000
v 0.43500 -0.12000 0.12000
v 0.43000 -0.12000 0.12000
v 0.43000 -0.12500 0.12500
v 0.43500 -0.12500 0.12500
v 0.43500 -0.12000 0.12500
v 0.43000 -0.12000 0.12500
v 0.43000 -0.12000 0.09500
v 0.43500 -0.12000 0.09500
v 0.43500 -0.11500 0.09500
v 0.43000 -0.11500 0.09500
v 0.43000 -0.12000 0.10000
v 0.43500 -0.12000 0.10000
v 0.43500 -0.11500 0.10000
v 0.43000 -0.11500 0.10000
v 0.43000 -0.12000 0.10000
v 0.43500 -0.12000 0.10000
v 0.43500 -0.11500 0.10000
v 0.43000 -0.11500 0.10000
v 0.43000 -0.12000 0.10500
v 0.43500 -0.12000 0.10500
v 0.43500 -0.11500 0.10500
v 0.43000 -0.11500 0.10500
v 0.43000 -0.12000 0.10500
v 0.43500 -0.12000 0.10500
v 0.43500 -0.11500 0.10500
v 0.43000 -0.11500 0.10500
v 0.43000 -0.12000 0.11000
v 0.43500 -0.12000 0.11000
v 0.43500 -0.11500 0.11000
v 0.43000 -0.11500 0.11000
v 0.43000 -0.11500 0.06500
v 0.43500 -0.11500 0.06500
v 0.43500 -0.11000 0.06500
v 0.43000 -0.11000 0.06500
v 0.43000 -0.11500 0.07000
v 0.43500 -0.11500 0.07000
v 0.43500 -0.11000 0.07000
v 0.43000 -0.11000 0.07000
v 0.43000 -0.11500 0.07500
v 0.43500 -0.11500 0.07500
v 0.43500 -0.11000 0.07500
v 0.43000 -0.11000 0.07500
v 0.43000 -0.11500 0.08000
v 0.43500 -0.11500 0.08000
v 0.43500 -0.11000 0.08000
v 0.43000 -0.11000 0.08000
v 0.43500 -0.20000 0.04500
v 0.44000 -0.20000 0.04500
v 0.44000 -0.19500 0.04500
v 0.43500 -0.19500 0.04500
v 0.43500 -0.20000 0.05000
v 0.44000 -0.20000 0.05000
v 0.44000 -0.19500 0.05000
v 0.43500 -0.19500 0.05000
v 0.43500 -0.20000 0.05000
v 0.44000 -0.20000 0.05000
v 0.44000 -0.19500 0.05000
v 0.43500 -0.19500 0.05000
v 0.43500 -0.20000 0.05500
v 0.44000 -0.20000 0.05500
v 0.44000 -0.19500 0.05500
v 0.43500 -0.19500 0.05500
v 0.43500 -0.20000 0.05500
v 0.44000 -0.20000 0.05500
v 0.44000 -0.19500 0.05500
v 0.43500 -0.19500 0.05500
v 0.43500 -0.20000 0.06000
v 0.44000 -0.20000 0.06000
v 0.44000 -0.19500 0.06000
v 0.43500 -0.19500 0.06000
v 0.43500 -0.20000 0.06000
v 0.44000 -0.20000 0.06000
v 0.44000 -0.19500 0.06000
v 0.43500 -0.19500 0.06000
v 0.43500 -0.20000 0.06500
v 0.44000 -0.20000 0.06500
v 0.44000 -0.19500 0.06500
v 0.43500 -0.19500 0.06500
v 0.43500 -0.20000 0.06500
v 0.44000 -0.20000 0.06500
v 0.44000 -0.19500 0.06500
v 0.43500 -0.19500 0.06500
v 0.43500 -0.20000 0.07000
v 0.44000 -0.20000 0.07000
v 0.44000 -0.19500 0.07000
v 0.43500 -0.19500 0.07000
v 0.43500 -0.20000 0.07000
v 0.44000 -0.20000 0.07000
v 0.44000 -0.19500 0.07000
v 0.43500 -0.19500 0.07000
v 0.43500 -0.20000 0.07500
v 0.44000 -0.20000 0.07500
v 0.44000 -0.19500 0.07500
v 0.43500 -0.19500 0.07500
v 0.43500 -0.20000 0.09000
v 0.44000 -0.20000 0.09000
v 0.44000 -0.19500 0.09000
v 0.43500 -0.19500 0.09000
v 0.43500 -0.20000 0.09500
v 0.44000 -0.20000 0.09500
v 0.44000 -0.19500 0.09500
v 0.43500 -0.19500 0.09500
v 0.43500 -0.20000 0.09500
v 0.44000 -0.20000 0.09500
v 0.44000 -0.19500 0.09500
v 0.43500 -0.19500 0.09500
v 0.43500 -0.20000 0.10000
v 0.44000 -0.20000 0.10000
v 0.44000 -0.19500 0.10000
v 0.43500 -0.19500 0.10000
v 0.43500 -0.20000 0.13500
v 0.44000 -0.20000 0.13500
v 0.44000 -0.19500 0.13500
v 0.43500 -0.19500 0.13500
v 0.43500 -0.20000 0.14000
v 0.44000 -0.20000 0.14000
v 0.44000 -0.19500 0.14000
v 0.43500 -0.19500 0.14000
v 0.43500 -0.20000 0.14000
v 0.44000 -0.20000 0.14000
v 0.44000 -0.19500 0.14000
v 0.43500 -0.19500 0.14000
v 0.43500 -0.20000 0.14500
v 0.44000 -0.20000 0.14500
v 0.44000 -0.19500 0.14500
v 0.43500 -0.19500 0.14500
v 0.43500 -0.20000 0.14500
v 0.44000 -0.20000 0.14500
v 0.44000 -0.19500 0.14500
v 0.43500 -0.19500 0.14500
v 0.43500 -0.20000 0.15000
v 0.44000 -0.20000 0.15000
v 0.44000 -0.19500 0.15000
v 0.43500 -0.19500 0.15000
v 0.43500 -0.20000 0.15000
v 0.44000 -0.20000 0.15000
v 0.44000 -0.19500 0.15000
v 0.43500 -0.19500 0.15000
v 0.43500 -0.20000 0.15500
v 0.44000 -0.20000 0.15500
v 0.44000 -0.19500 0.15500
v 0.43500 -0.19500 0.15500
v 0.43500 -0.20000 0.15500
v 0.44000 -0.20000 0.15500
v 0.44000 -0.19500 0.15500
v 0.43500 -0.19500 0.15500
v 0.43500 -0.20000 0.16000
v 0.44000 -0.20000 0.16000
v 0.44000 -0.19500 0.16000
v 0.43500 -0.19500 0.16000
v 0.43500 -0.20000 0.16000
v 0.44000 -0.20000 0.16000
v 0.44000 -0.19500 0.16000
v 0.43500 -0.19500 0.16000
v 0.43500 -0.20000 0.16500
v 0.44000 -0.20000 0.16500
v 0.44000 -0.19500 0.16500
v 0.43500 -0.19500 0.16500
v 0.43500 -0.20000 0.16500
v 0.44000 -0.20000 0.16500
v 0.44000 -0.19500 0.16500
v 0.43500 -0.19500 0.16500
v 0.43500 -0.20000 0.17000
v 0.44000 -0.20000 0.17000
v 0.44000 -0.19500 0.17000
v 0.43500 -0.19500 0.17000
v 0.43500 -0.19500 0.01000
v 0.44000 -0.19500 0.01000
v 0.44000 -0.19000 0.01000
v 0.43500 -0.19000 0.01000
v 0.43500 -0.19500 0.01500
v 0.44000 -0.19500 0.01500
v 0.44000 -0.19000 0.01500
v 0.43500 -0.19000 0.01500
v 0.43500 -0.19500 0.02000
v 0.44000 -0.19500 0.02000
v 0.44000 -0.19000 0.02000
v 0.43500 -0.19000 0.02000
v 0.43500 -0.19500 0.02500
v 0.44000 -0.19500 0.02500
v 0.44000 -0.19000 0.02500
v 0.43500 -0.19000 0.02500
v 0.43500 -0.19500 0.02500
v 0.44000 -0.19500 0.02500
v 0.44000 -0.19000 0.02500
v 0.43500 -0.19000 0.02500
v 0.43500 -0.19500 0.03000
v 0.44000 -0.19500 0.03000
v 0.44000 -0.19000 0.03000
v 0.43500 -0.19000 0.03000
v 0.43500 -0.19500 0.03000
v 0.44000 -0.19500 0.03000
v 0.44000 -0.19000 0.03000
v 0.43500 -0.19000 0.03000
v 0.43500 -0.19500 0.03500
v 0.44000 -0.19500 0.03500
v 0.44000 -0.19000 0.03500
v 0.43500 -0.19000 0.03500
v 0.43500 -0.19500 0.17000
v 0.44000 -0.19500 0.17000
v 0.44000 -0.19000 0.17000
v 0.43500 -0.19000 0.17000
v 0.43500 -0.19500 0.17500
v 0.44000 -0.19500 0.17500
v 0.44000 -0.19000 0.17500
v 0.43500 -0.19000 0.17500
v 0.43500 -0.19500 0.17500
v 0.44000 -0.19500 0.17500
v 0.44000 -0.19000 0.17500
v 0.43500 -0.19000 0.17500
v 0.43500 -0.19500 0.18000
v 0.44000 -0.19500 0.18000
v 0.44000 -0.19000 0.18000
v 0.43500 -0.19000 0.18000
v 0.43500 -0.19000 0.18000
v 0.44000 -0.19000 0.18000
v 0.44000 -0.18500 0.18000
v 0.43500 -0.18500 0.18000
v 0.43500 -0.19000 0.18500
v 0.44000 -0.19000 0.18500
v 0.44000 -0.18500 0.18500
v 0.43500 -0.18500 0.18500
v 0.43500 -0.18500 0.18500
v 0.44000 -0.18500 0.18500
v 0.44000 -0.18000 0.18500
v 0.43500 -0.18000 0.18500
v 0.43500 -0.18500 0.19000
v 0.44000 -0.18500 0.19000
v 0.44000 -0.18000 0.19000
v 0.43500 -0.18000 0.19000
v 0.43500 -0.18000 0.18500
v 0.44000 -0.18000 0.18500
v 0.44000 -0.17500 0.18500
v 0.43500 -0.17500 0.18500
v 0.43500 -0.18000 0.19000
v 0.44000 -0.18000 0.19000
v 0.44000 -0.17500 0.19000
v 0.43500 -0.17500 0.19000
v 0.43500 -0.17500 0.18500
v 0.44000 -0.17500 0.18500
v 0.44000 -0.17000 0.18500
v 0.43500 -0.17000 0.18500
v 0.43500 -0.17500 0.19000
v 0.44000 -0.17500 0.19000
v 0.44000 -0.17000 0.19000
v 0.43500 -0.17000 0.19000
v 0.43500 -0.17000 0.18000
v 0.44000 -0.17000 0.18000
v 0.44000 -0.16500 0.18000
v 0.43500 -0.16500 0.18000
v 0.43500 -0.17000 0.18500
v 0.44000 -0.17000 0.18500
v 0.44000 -0.16500 0.18500
v 0.43500 -0.16500 0.18500
v 0.43500 -0.16500 0.18000
v 0.44000 -0.16500 0.18000
v 0.44000 -0.16000 0.18000
v 0.43500 -0.16000 0.18000
v 0.43500 -0.16500 0.18500
v 0.44000 -0.16500 0.18500
v 0.44000 -0.16000 0.18500
v 0.43500 -0.16000 0.18500
v 0.43500 -0.16000 0.18000
v 0.44000 -0.16000 0.18000
v 0.44000 -0.15500 0.18000
v 0.43500 -0.15500 0.18000
v 0.43500 -0.16000 0.18500
v 0.44000 -0.16000 0.18500
v 0.44000 -0.15500 0.18500
v 0.43500 -0.15500 0.18500
v 0.43500 -0.15500 0.18000
v 0.44000 -0.15500 0.18000
v 0.44000 -0.15000 0.18000
v 0.43500 -0.15000 0.18000
v 0.43500 -0.15500 0.18500
v 0.44000 -0.15500 0.18500
v 0.44000 -0.15000 0.18500
v 0.43500 -0.15000 0.18500
v 0.43500 -0.15000 0.17500
v 0.44000 -0.15000 0.17500
v 0.44000 -0.14500 0.17500
v 0.43500 -0.14500 0.17500
v 0.43500 -0.15000 0.18000
v 0.44000 -0.15000 0.18000
v 0.44000 -0.14500 0.18000
v 0.43500 -0.14500 0.18000
v 0.43500 -0.14500 0.15500
v 0.44000 -0.14500 0.15500
v 0.44000 -0.14000 0.15500
v 0.43500 -0.14000 0.15500
v 0.43500 -0.14500 0.16000
v 0.44000 -0.14500 0.16000
v 0.44000 -0.14000 0.16000
v 0.43500 -0.14000 0.16000
v 0.43500 -0.14500 0.16000
v 0.44000 -0.14500 0.16000
v 0.44000 -0.14000 0.16000
v 0.43500 -0.14000 0.16000
v 0.43500 -0.14500 0.16500
v 0.44000 -0.14500 0.16500
v 0.44000 -0.14000 0.16500
v 0.43500 -0.14000 0.16500
v 0.43500 -0.14500 0.16500
v 0.44000 -0.14500 0.16500
v 0.44000 -0.14000 0.16500
v 0.43500 -0.14000 0.16500
v 0.43500 -0.14500 0.17000
v 0.44000 -0.14500 0.17000
v 0.44000 -0.14000 0.17000
v 0.43500 -0.14000 0.17000
v 0.43500 -0.14500 0.17000
v 0.44000 -0.14500 0.17000
v 0.44000 -0.14000 0.17000
v 0.43500 -0.14000 0.17000
v 0.43500 -0.14500 0.17500
v 0.44000 -0.14500 0.17500
v 0.44000 -0.14000 0.17500
v 0.43500 -0.14000 0.17500
v 0.43500 -0.14500 0.17500
v 0.44000 -0.14500 0.17500
v 0.44000 -0.14000 0.17500
v 0.43500 -0.14000 0.17500
v 0.43500 -0.14500 0.18000
v 0.44000 -0.14500 0.18000
v 0.44000 -0.14000 0.18000
v 0.43500 -0.14000 0.18000
v 0.43500 -0.14500 0.18000
v 0.44000 -0.14500 0.18000
v 0.44000 -0.14000 0.18000
v 0.43500 -0.14000 0.18000
v 0.43500 -0.14500 0.18500
v 0.44000 -0.14500 0.18500
v 0.44000 -0.14000 0.18500
v 0.43500 -0.14000 0.18500
v 0.43500 -0.14000 0.14000
v 0.44000 -0.14000 0.14000
v 0.44000 -0.13500 0.14000
v 0.43500 -0.13500 0.14000
v 0.43500 -0.14000 0.14500
v 0.44000 -0.14000 0.14500
v 0.44000 -0.13500 0.14500
v 0.43500 -0.13500 0.14500
v 0.43500 -0.14000 0.14500
v 0.44000 -0.14000 0.14500
v 0.44000 -0.13500 0.14500
v 0.43500 -0.13500 0.14500
v 0.43500 -0.14000 0.15000
v 0.44000 -0.14000 0.15000
v 0.44000 -0.13500 0.15000
v 0.43500 -0.13500 0.15000
v 0.43500 -0.14000 0.15000
v 0.44000 -0.14000 0.15000
v 0.44000 -0.13500 0.15000
v 0.43500 -0.13500 0.15000
v 0.43500 -0.14000 0.15500
v 0.44000 -0.14000 0.15500
v 0.44000 -0.13500 0.15500
v 0.43500 -0.13500 0.15500
v 0.43500 -0.13500 0.13000
v 0.44000 -0.13500 0.13000
v 0.44000 -0.13000 0.13000
v 0.43500 -0.13000 0.13000
v 0.43500 -0.13500 0.13500
v 0.44000 -0.13500 0.13500
v 0.44000 -0.13000 0.13500
v 0.43500 -0.13000 0.13500
v 0.43500 -0.13500 0.13500
v 0.44000 -0.13500 0.13500
v 0.44000 -0.13000 0.13500
v 0.43500 -0.13000 0.13500
v 0.43500 -0.13500 0.14000
v 0.44000 -0.13500 0.14000
v 0.44000 -0.13000 0.14000
v 0.43500 -0.13000 0.14000
v 0.43500 -0.13000 0.12500
v 0.44000 -0.13000 0.12500
v 0.44000 -0.12500 0.12500
v 0.43500 -0.12500 0.12500
v 0.43500 -0.13000 0.13000
v 0.44000 -0.13000 0.13000
v 0.44000 -0.12500 0.13000
v 0.43500 -0.12500 0.13000
v 0.43500 -0.12500 0.11500
v 0.44000 -0.12500 0.11500
v 0.44000 -0.12000 0.11500
v 0.43500 -0.12000 0.11500
v 0.43500 -0.12500 0.12000
v 0.44000 -0.12500 0.12000
v 0.44000 -0.12000 0.12000
v 0.43500 -0.12000 0.12000
v 0.43500 -0.12500 0.12000
v 0.44000 -0.12500 0.12000
v 0.44000 -0.12000 0.12000
v 0.43500 -0.12000 0.12000
v 0.43500 -0.12500 0.12500
v 0.44000 -0.12500 0.12500
v 0.44000 -0.12000 0.12500
v 0.43500 -0.12000 0.12500
v 0.43500 -0.12000 0.10000
v 0.44000 -0.12000 0.10000
v 0.44000 -0.11500 0.10000
v 0.43500 -0.11500 0.10000
v 0.43500 -0.12000 0.10500
v 0.44000 -0.12000 0.10500
v 0.44000 -0.11500 0.10500
v 0.43500 -0.11500 0.10500
v 0.43500 -0.12000 0.10500
v 0.44000 -0.12000 0.10500
v 0.44000 -0.11500 0.10500
v 0.43500 -0.11500 0.10500
v 0.43500 -0.12000 0.11000
v 0.44000 -0.12000 0.11000
v 0.44000 -0.11500 0.11000
v 0.43500 -0.11500 0.11000
v 0.43500 -0.12000 0.11000
v 0.44000 -0.12000 0.11000
v 0.44000 -0.11500 0.11000
v 0.43500 -0.11500 0.11000
v 0.43500 -0.12000 0.11500
v 0.44000 -0.12000 0.11500
v 0.44000 -0.11500 0.11500
v 0.43500 -0.11500 0.11500
v 0.43500 -0.11500 0.07500
v 0.44000 -0.11500 0.07500
v 0.44000 -0.11000 0.07500
v 0.43500 -0.11000 0.07500
v 0.43500 -0.11500 0.08000
v 0.44000 -0.11500 0.08000
v 0.44000 -0.11000 0.08000
v 0.43500 -0.11000 0.08000
v 0.43500 -0.11500 0.08000
v 0.44000 -0.11500 0.08000
v 0.44000 -0.11000 0.08000
v 0.43500 -0.11000 0.08000
v 0.43500 -0.11500 0.08500
v 0.44000 -0.11500 0.08500
v 0.44000 -0.11000 0.08500
v 0.43500 -0.11000 0.08500
v 0.43500 -0.11500 0.08500
v 0.44000 -0.11500 0.08500
v 0.44000 -0.11000 0.08500
v 0.43500 -0.11000 0.08500
v 0.43500 -0.11500 0.09000
v 0.44000 -0.11500 0.09000
v 0.44000 -0.11000 0.09000
v 0.43500 -0.11000 0.09000
v 0.43500 -0.11500 0.09000
v 0.44000 -0.11500 0.09000
v 0.44000 -0.11000 0.09000
v 0.43500 -0.11000 0.09000
v 0.43500 -0.11500 0.09500
v 0.44000 -0.11500 0.09500
v 0.44000 -0.11000 0.09500
v 0.43500 -0.11000 0.09500
v 0.43500 -0.11500 0.09500
v 0.44000 -0.11500 0.09500
v 0.44000 -0.11000 0.09500
v 0.43500 -0.11000 0.09500
v 0.43500 -0.11500 0.10000
v 0.44000 -0.11500 0.10000
v 0.44000 -0.11000 0.10000
v 0.43500 -0.11000 0.10000
v 0.44000 -0.20500 0.14000
v 0.44500 -0.20500 0.14000
v 0.44500 -0.20000 0.14000
v 0.44000 -0.20000 0.14000
v 0.44000 -0.20500 0.14500
v 0.44500 -0.20500 0.14500
v 0.44500 -0.20000 0.14500
v 0.44000 -0.20000 0.14500
v 0.44000 -0.20500 0.14500
v 0.44500 -0.20500 0.14500
v 0.44500 -0.20000 0.14500
v 0.44000 -0.20000 0.14500
v 0.44000 -0.20500 0.15000
v 0.44500 -0.20500 0.15000
v 0.44500 -0.20000 0.15000
v 0.44000 -0.20000 0.15000
v 0.44000 -0.20000 0.04500
v 0.44500 -0.20000 0.04500
v 0.44500 -0.19500 0.04500
v 0.44000 -0.19500 0.04500
v 0.44000 -0.20000 0.05000
v 0.44500 -0.20000 0.05000
v 0.44500 -0.19500 0.05000
v 0.44000 -0.19500 0.05000
v 0.44000 -0.20000 0.05000
v 0.44500 -0.20000 0.05000
v 0.44500 -0.19500 0.05000
v 0.44000 -0.19500 0.05000
v 0.44000 -0.20000 0.05500
v 0.44500 -0.20000 0.05500
v 0.44500 -0.19500 0.05500
v 0.44000 -0.19500 0.05500
v 0.44000 -0.20000 0.05500
v 0.44500 -0.20000 0.05500
v 0.44500 -0.19500 0.05500
v 0.44000 -0.19500 0.05500
v 0.44000 -0.20000 0.06000
v 0.44500 -0.20000 0.06000
v 0.44500 -0.19500 0.06000
v 0.44000 -0.19500 0.06000
v 0.44000 -0.20000 0.06000
v 0.44500 -0.20000 0.06000
v 0.44500 -0.19500 0.06000
v 0.44000 -0.19500 0.06000
v 0.44000 -0.20000 0.06500
v 0.44500 -0.20000 0.06500
v 0.44500 -0.19500 0.06500
v 0.44000 -0.19500 0.06500
v 0.44000 -0.20000 0.07000
v 0.44500 -0.20000 0.07000
v 0.44500 -0.19500 0.07000
v 0.44000 -0.19500 0.07000
v 0.44000 -0.20000 0.07500
v 0.44500 -0.20000 0.07500
v 0.44500 -0.19500 0.07500
v 0.44000 -0.19500 0.07500
v 0.44000 -0.20000 0.07500
v 0.44500 -0.20000 0.07500
v 0.44500 -0.19500 0.07500
v 0.44000 -0.19500 0.07500
v 0.44000 -0.20000 0.08000
v 0.44500 -0.20000 0.08000
v 0.44500 -0.19500 0.08000
v 0.44000 -0.19500 0.08000
v 0.44000 -0.20000 0.08000
v 0.44500 -0.20000 0.08000
v 0.44500 -0.19500 0.08000
v 0.44000 -0.19500 0.08000
v 0.44000 -0.20000 0.08500
v 0.44500 -0.20000 0.08500
v 0.44500 -0.19500 0.08500
v 0.44000 -0.19500 0.08500
v 0.44000 -0.20000 0.09000
v 0.44500 -0.20000 0.09000
v 0.44500 -0.19500 0.09000
v 0.44000 -0.19500 0.09000
v 0.44000 -0.20000 0.09500
v 0.44500 -0.20000 0.09500
v 0.44500 -0.19500 0.09500
v 0.44000 -0.19500 0.09500
v 0.44000 -0.20000 0.13500
v 0.44500 -0.20000 0.13500
v 0.44500 -0.19500 0.13500
v 0.44000 -0.19500 0.13500
v 0.44000 -0.20000 0.14000
v 0.44500 -0.20000 0.14000
v 0.44500 -0.19500 0.14000
v 0.44000 -0.19500 0.14000
v 0.44000 -0.20000 0.15000
v 0.44500 -0.20000 0.15000
v 0.44500 -0.19500 0.15000
v 0.44000 -0.19500 0.15000
v 0.44000 -0.20000 0.15500
v 0.44500 -0.20000 0.15500
v 0.44500 -0.19500 0.15500
v 0.44000 -0.19500 0.15500
v 0.44000 -0.20000 0.15500
v 0.44500 -0.20000 0.15500
v 0.44500 -0.19500 0.15500
v 0.44000 -0.19500 0.15500
v 0.44000 -0.20000 0.16000
v 0.44500 -0.20000 0.16000
v 0.44500 -0.19500 0.16000
v 0.44000 -0.19500 0.16000
v 0.44000 -0.20000 0.16000
v 0.44500 -0.20000 0.16000
v 0.44500 -0.19500 0.16000
v 0.44000 -0.19500 0.16000
v 0.44000 -0.20000 0.16500
v 0.44500 -0.20000 0.16500
v 0.44500 -0.19500 0.16500
v 0.44000 -0.19500 0.16500
v 0.44000 -0.20000 0.16500
v 0.44500 -0.20000 0.16500
v 0.44500 -0.19500 0.16500
v 0.44000 -0.19500 0.16500
v 0.44000 -0.20000 0.17000
v 0.44500 -0.20000 0.17000
v 0.44500 -0.19500 0.17000
v 0.44000 -0.19500 0.17000
v 0.44000 -0.19500 0.00500
v 0.44500 -0.19500 0.00500
v 0.44500 -0.19000 0.00500
v 0.44000 -0.19000 0.00500
v 0.44000 -0.19500 0.01000
v 0.44500 -0.19500 0.01000
v 0.44500 -0.19000 0.01000
v 0.44000 -0.19000 0.01000
v 0.44000 -0.19500 0.01000
v 0.44500 -0.19500 0.01000
v 0.44500 -0.19000 0.01000
v 0.44000 -0.19000 0.01000
v 0.44000 -0.19500 0.01500
v 0.44500 -0.19500 0.01500
v 0.44500 -0.19000 0.01500
v 0.44000 -0.19000 0.01500
v 0.44000 -0.19500 0.01500
v 0.44500 -0.19500 0.01500
v 0.44500 -0.19000 0.01500
v 0.44000 -0.19000 0.01500
v 0.44000 -0.19500 0.02000
v 0.44500 -0.19500 0.02000
v 0.44500 -0.19000 0.02000
v 0.44000 -0.19000 0.02000
v 0.44000 -0.19500 0.02500
v 0.44500 -0.19500 0.02500
v 0.44500 -0.19000 0.02500
v 0.44000 -0.19000 0.02500
v 0.44000 -0.19500 0.03000
v 0.44500 -0.19500 0.03000
v 0.44500 -0.19000 0.03000
v 0.44000 -0.19000 0.03000
v 0.44000 -0.19500 0.03000
v 0.44500 -0.19500 0.03000
v 0.44500 -0.19000 0.03000
v 0.44000 -0.19000 0.03000
v 0.44000 -0.19500 0.03500
v 0.44500 -0.19500 0.03500
v 0.44500 -0.19000 0.03500
v 0.44000 -0.19000 0.03500
v 0.44000 -0.19500 0.03500
v 0.44500 -0.19500 0.03500
v 0.44500 -0.19000 0.03500
v 0.44000 -0.19000 0.03500
v 0.44000 -0.19500 0.04000
v 0.44500 -0.19500 0.04000
v 0.44500 -0.19000 0.04000
v 0.44000 -0.19000 0.04000
v 0.44000 -0.19500 0.17000
v 0.44500 -0.19500 0.17000
v 0.44500 -0.19000 0.17000
v 0.44000 -0.19000 0.17000
v 0.44000 -0.19500 0.17500
v 0.44500 -0.19500 0.17500
v 0.44500 -0.19000 0.17500
v 0.44000 -0.19000 0.17500
v 0.44000 -0.19500 0.17500
v 0.44500 -0.19500 0.17500
v 0.44500 -0.19000 0.17500
v 0.44000 -0.19000 0.17500
v 0.44000 -0.19500 0.18000
v 0.44500 -0.19500 0.18000
v 0.44500 -0.19000 0.18000
v 0.44000 -0.19000 0.18000
v 0.44000 -0.19000 0.18000
v 0.44500 -0.19000 0.18000
v 0.44500 -0.18500 0.18000
v 0.44000 -0.18500 0.18000
v 0.44000 -0.19000 0.18500
v 0.44500 -0.19000 0.18500
v 0.44500 -0.18500 0.18500
v 0.44000 -0.18500 0.18500
v 0.44000 -0.18500 0.18500
v 0.44500 -0.18500 0.18500
v 0.44500 -0.18000 0.18500
v 0.44000 -0.18000 0.18500
v 0.44000 -0.18500 0.19000
v 0.44500 -0.18500 0.19000
v 0.44500 -0.18000 0.19000
v 0.44000 -0.18000 0.19000
v 0.44000 -0.18000 0.18500
v 0.44500 -0.18000 0.18500
v 0.44500 -0.17500 0.18500
v 0.44000 -0.17500 0.18500
v 0.44000 -0.18000 0.19000
v 0.44500 -0.18000 0.19000
v 0.44500 -0.17500 0.19000
v 0.44000 -0.17500 0.19000
v 0.44000 -0.17500 0.18000
v 0.44500 -0.17500 0.18000
v 0.44500 -0.17000 0.18000
v 0.44000 -0.17000 0.18000
v 0.44000 -0.17500 0.18500
v 0.44500 -0.17500 0.18500
v 0.44500 -0.17000 0.18500
v 0.44000 -0.17000 0.18500
v 0.44000 -0.17000 0.18000
v 0.44500 -0.17000 0.18000
v 0.44500 -0.16500 0.18000
v 0.44000 -0.16500 0.18000
v 0.44000 -0.17000 0.18500
v 0.44500 -0.17000 0.18500
v 0.44500 -0.16500 0.18500
v 0.44000 -0.16500 0.18500
v 0.44000 -0.16500 0.18000
v 0.44500 -0.16500 0.18000
v 0.44500 -0.16000 0.18000
v 0.44000 -0.16000 0.18000
v 0.44000 -0.16500 0.18500
v 0.44500 -0.16500 0.18500
v 0.44500 -0.16000 0.18500
v 0.44000 -0.16000 0.18500
v 0.44000 -0.16000 0.18000
v 0.44500 -0.16000 0.18000
v 0.44500 -0.15500 0.18000
v 0.44000 -0.15500 0.18000
v 0.44000 -0.16000 0.18500
v 0.44500 -0.16000 0.18500
v 0.44500 -0.15500 0.18500
v 0.44000 -0.15500 0.18500
v 0.44000 -0.15500 0.17500
v 0.44500 -0.15500 0.17500
v 0.44500 -0.15000 0.17500
v 0.44000 -0.15000 0.17500
v 0.44000 -0.15500 0.18000
v 0.44500 -0.15500 0.18000
v 0.44500 -0.15000 0.18000
v 0.44000 -0.15000 0.18000
v 0.44000 -0.15000 0.17500
v 0.44500 -0.15000 0.17500
v 0.44500 -0.14500 0.17500
v 0.44000 -0.14500 0.17500
v 0.44000 -0.15000 0.18000
v 0.44500 -0.15000 0.18000
v 0.44500 -0.14500 0.18000
v 0.44000 -0.14500 0.18000
v 0.44000 -0.14500 0.15500
v 0.44500 -0.14500 0.15500
v 0.44500 -0.14000 0.15500
v 0.44000 -0.14000 0.15500
v 0.44000 -0.14500 0.16000
v 0.44500 -0.14500 0.16000
v 0.44500 -0.14000 0.16000
v 0.44000 -0.14000 0.16000
v 0.44000 -0.14500 0.16000
v 0.44500 -0.14500 0.16000
v 0.44500 -0.14000 0.16000
v 0.44000 -0.14000 0.16000
v 0.44000 -0.14500 0.16500
v 0.44500 -0.14500 0.16500
v 0.44500 -0.14000 0.16500
v 0.44000 -0.14000 0.16500
v 0.44000 -0.14500 0.16500
v 0.44500 -0.14500 0.16500
v 0.44500 -0.14000 0.16500
v 0.44000 -0.14000 0.16500
v 0.44000 -0.14500 0.17000
v 0.44500 -0.14500 0.17000
v 0.44500 -0.14000 0.17000
v 0.44000 -0.14000 0.17000
v 0.44000 -0.14500 0.17000
v 0.44500 -0.14500 0.17000
v 0.44500 -0.14000 0.17000
v 0.44000 -0.14000 0.17000
v 0.44000 -0.14500 0.17500
v 0.44500 -0.14500 0.17500
v 0.44500 -0.14000 0.17500
v 0.44000 -0.14000 0.17500
v 0.44000 -0.14500 0.17500
v 0.44500 -0.14500 0.17500
v 0.44500 -0.14000 0.17500
v 0.44000 -0.14000 0.17500
v 0.44000 -0.14500 0.18000
v 0.44500 -0.14500 0.18000
v 0.44500 -0.14000 0.18000
v 0.44000 -0.14000 0.18000
v 0.44000 -0.14000 0.14000
v 0.44500 -0.14000 0.14000
v 0.44500 -0.13500 0.14000
v 0.44000 -0.13500 0.14000
v 0.44000 -0.14000 0.14500
v 0.44500 -0.14000 0.14500
v 0.44500 -0.13500 0.14500
v 0.44000 -0.13500 0.14500
v 0.44000 -0.14000 0.14500
v 0.44500 -0.14000 0.14500
v 0.44500 -0.13500 0.14500
v 0.44000 -0.13500 0.14500
v 0.44000 -0.14000 0.15000
v 0.44500 -0.14000 0.15000
v 0.44500 -0.13500 0.15000
v 0.44000 -0.13500 0.15000
v 0.44000 -0.14000 0.15000
v 0.44500 -0.14000 0.15000
v 0.44500 -0.13500 0.15000
v 0.44000 -0.13500 0.15000
v 0.44000 -0.14000 0.15500
v 0.44500 -0.14000 0.15500
v 0.44500 -0.13500 0.15500
v 0.44000 -0.13500 0.15500
v 0.44000 -0.13500 0.13000
v 0.44500 -0.13500 0.13000
v 0.44500 -0.13000 0.13000
v 0.44000 -0.13000 0.13000
v 0.44000 -0.13500 0.13500
v 0.44500 -0.13500 0.13500
v 0.44500 -0.13000 0.13500
v 0.44000 -0.13000 0.13500
v 0.44000 -0.13500 0.13500
v 0.44500 -0.13500 0.13500
v 0.44500 -0.13000 0.13500
v 0.44000 -0.13000 0.13500
v 0.44000 -0.13500 0.14000
v 0.44500 -0.13500 0.14000
v 0.44500 -0.13000 0.14000
v 0.44000 -0.13000 0.14000
v 0.44000 -0.13000 0.12000
v 0.44500 -0.13000 0.12000
v 0.44500 -0.12500 0.12000
v 0.44000 -0.12500 0.12000
v 0.44000 -0.13000 0.12500
v 0.44500 -0.13000 0.12500
v 0.44500 -0.12500 0.12500
v 0.44000 -0.12500 0.12500
v 0.44000 -0.13000 0.12500
v 0.44500 -0.13000 0.12500
v 0.44500 -0.12500 0.12500
v 0.44000 -0.12500 0.12500
v 0.44000 -0.13000 0.13000
v 0.44500 -0.13000 0.13000
v 0.44500 -0.12500 0.13000
v 0.44000 -0.12500 0.13000
v 0.44000 -0.12500 0.11000
v 0.44500 -0.12500 0.11000
v 0.44500 -0.12000 0.11000
v 0.44000 -0.12000 0.11000
v 0.44000 -0.12500 0.11500
v 0.44500 -0.12500 0.11500
v 0.44500 -0.12000 0.11500
v 0.44000 -0.12000 0.11500
v 0.44000 -0.12500 0.11500
v 0.44500 -0.12500 0.11500
v 0.44500 -0.12000 0.11500
v 0.44000 -0.12000 0.11500
v 0.44000 -0.12500 0.12000
v 0.44500 -0.12500 0.12000
v 0.44500 -0.12000 0.12000
v 0.44000 -0.12000 0.12000
v 0.44000 -0.12000 0.10500
v 0.44500 -0.12000 0.10500
v 0.44500 -0.11500 0.10500
v 0.44000 -0.11500 0.10500
v 0.44000 -0.12000 0.11000
v 0.44500 -0.12000 0.11000
v 0.44500 -0.11500 0.11000
v 0.44000 -0.11500 0.11000
v 0.44000 -0.11500 0.08500
v 0.44500 -0.11500 0.08500
v 0.44500 -0.11000 0.08500
v 0.44000 -0.11000 0.08500
v 0.44000 -0.11500 0.09000
v 0.44500 -0.11500 0.09000
v 0.44500 -0.11000 0.09000
v 0.44000 -0.11000 0.09000
v 0.44500 -0.20500 0.14000
v 0.45000 -0.20500 0.14000
v 0.45000 -0.20000 0.14000
v 0.44500 -0.20000 0.14000
v 0.44500 -0.20500 0.14500
v 0.45000 -0.20500 0.14500
v 0.45000 -0.20000 0.14500
v 0.44500 -0.20000 0.14500
v 0.44500 -0.20500 0.14500
v 0.45000 -0.20500 0.14500
v 0.45000 -0.20000 0.14500
v 0.44500 -0.20000 0.14500
v 0.44500 -0.20500 0.15000
v 0.45000 -0.20500 0.15000
v 0.45000 -0.20000 0.15000
v 0.44500 -0.20000 0.15000
v 0.44500 -0.20000 0.05000
v 0.45000 -0.20000 0.05000
v 0.45000 -0.19500 0.05000
v 0.44500 -0.19500 0.05000
v 0.44500 -0.20000 0.05500
v 0.45000 -0.20000 0.05500
v 0.45000 -0.19500 0.05500
v 0.44500 -0.19500 0.05500
v 0.44500 -0.20000 0.05500
v 0.45000 -0.20000 0.05500
v 0.45000 -0.19500 0.05500
v 0.44500 -0.19500 0.05500
v 0.44500 -0.20000 0.06000
v 0.45000 -0.20000 0.06000
v 0.45000 -0.19500 0.06000
v 0.44500 -0.19500 0.06000
v 0.44500 -0.20000 0.06000
v 0.45000 -0.20000 0.06000
v 0.45000 -0.19500 0.06000
v 0.44500 -0.19500 0.06000
v 0.44500 -0.20000 0.06500
v 0.45000 -0.20000 0.06500
v 0.45000 -0.19500 0.06500
v 0.44500 -0.19500 0.06500
v 0.44500 -0.20000 0.06500
v 0.45000 -0.20000 0.06500
v 0.45000 -0.19500 0.06500
v 0.44500 -0.19500 0.06500
v 0.44500 -0.20000 0.07000
v 0.45000 -0.20000 0.07000
v 0.45000 -0.19500 0.07000
v 0.44500 -0.19500 0.07000
v 0.44500 -0.20000 0.08000
v 0.45000 -0.20000 0.08000
v 0.45000 -0.19500 0.08000
v 0.44500 -0.19500 0.08000
v 0.44500 -0.20000 0.08500
v 0.45000 -0.20000 0.08500
v 0.45000 -0.19500 0.08500
v 0.44500 -0.19500 0.08500
v 0.44500 -0.20000 0.08500
v 0.45000 -0.20000 0.08500
v 0.45000 -0.19500 0.08500
v 0.44500 -0.19500 0.08500
v 0.44500 -0.20000 0.09000
v 0.45000 -0.20000 0.09000
v 0.45000 -0.19500 0.09000
v 0.44500 -0.19500 0.09000
v 0.44500 -0.20000 0.15000
v 0.45000 -0.20000 0.15000
v 0.45000 -0.19500 0.15000
v 0.44500 -0.19500 0.15000
v 0.44500 -0.20000 0.15500
v 0.45000 -0.20000 0.15500
v 0.45000 -0.19500 0.15500
v 0.44500 -0.19500 0.15500
v 0.44500 -0.20000 0.15500
v 0.45000 -0.20000 0.15500
v 0.45000 -0.19500 0.15500
v 0.44500 -0.19500 0.15500
v 0.44500 -0.20000 0.16000
v 0.45000 -0.20000 0.16000
v 0.45000 -0.19500 0.16000
v 0.44500 -0.19500 0.16000
v 0.44500 -0.19500 0.00500
v 0.45000 -0.19500 0.00500
v 0.45000 -0.19000 0.00500
v 0.44500 -0.19000 0.00500
v 0.44500 -0.19500 0.01000
v 0.45000 -0.19500 0.01000
v 0.45000 -0.19000 0.01000
v 0.44500 -0.19000 0.01000
v 0.44500 -0.19500 0.03000
v 0.45000 -0.19500 0.03000
v 0.45000 -0.19000 0.03000
v 0.44500 -0.19000 0.03000
v 0.44500 -0.19500 0.03500
v 0.45000 -0.19500 0.03500
v 0.45000 -0.19000 0.03500
v 0.44500 -0.19000 0.03500
v 0.44500 -0.19500 0.03500
v 0.45000 -0.19500 0.03500
v 0.45000 -0.19000 0.03500
v 0.44500 -0.19000 0.03500
v 0.44500 -0.19500 0.04000
v 0.45000 -0.19500 0.04000
v 0.45000 -0.19000 0.04000
v 0.44500 -0.19000 0.04000
v 0.44500 -0.19500 0.17000
v 0.45000 -0.19500 0.17000
v 0.45000 -0.19000 0.17000
v 0.44500 -0.19000 0.17000
v 0.44500 -0.19500 0.17500
v 0.45000 -0.19500 0.17500
v 0.45000 -0.19000 0.17500
v 0.44500 -0.19000 0.17500
v 0.44500 -0.19000 0.18000
v 0.45000 -0.19000 0.18000
v 0.45000 -0.18500 0.18000
v 0.44500 -0.18500 0.18000
v 0.44500 -0.19000 0.18500
v 0.45000 -0.19000 0.18500
v 0.45000 -0.18500 0.18500
v 0.44500 -0.18500 0.18500
v 0.44500 -0.18500 0.18500
v 0.45000 -0.18500 0.18500
v 0.45000 -0.18000 0.18500
v 0.44500 -0.18000 0.18500
v 0.44500 -0.18500 0.19000
v 0.45000 -0.18500 0.19000
v 0.45000 -0.18000 0.19000
v 0.44500 -0.18000 0.19000
v 0.44500 -0.18000 0.18500
v 0.45000 -0.18000 0.18500
v 0.45000 -0.17500 0.18500
v 0.44500 -0.17500 0.18500
v 0.44500 -0.18000 0.19000
v 0.45000 -0.18000 0.19000
v 0.45000 -0.17500 0.19000
v 0.44500 -0.17500 0.19000
v 0.44500 -0.17500 0.18000
v 0.45000 -0.17500 0.18000
v 0.45000 -0.17000 0.18000
v 0.44500 -0.17000 0.18000
v 0.44500 -0.17500 0.18500
v 0.45000 -0.17500 0.18500
v 0.45000 -0.17000 0.18500
v 0.44500 -0.17000 0.18500
v 0.44500 -0.17000 0.18000
v 0.45000 -0.17000 0.18000
v 0.45000 -0.16500 0.18000
v 0.44500 -0.16500 0.18000
v 0.44500 -0.17000 0.18500
v 0.45000 -0.17000 0.18500
v 0.45000 -0.16500 0.18500
v 0.44500 -0.16500 0.18500
v 0.44500 -0.16500 0.18000
v 0.45000 -0.16500 0.18000
v 0.45000 -0.16000 0.18000
v 0.44500 -0.16000 0.18000
v 0.44500 -0.16500 0.18500
v 0.45000 -0.16500 0.18500
v 0.45000 -0.16000 0.18500
v 0.44500 -0.16000 0.18500
v 0.44500 -0.16000 0.17500
v 0.45000 -0.16000 0.17500
v 0.45000 -0.15500 0.17500
v 0.44500 -0.15500 0.17500
v 0.44500 -0.16000 0.18000
v 0.45000 -0.16000 0.18000
v 0.45000 -0.15500 0.18000
v 0.44500 -0.15500 0.18000
v 0.44500 -0.15500 0.17500
v 0.45000 -0.15500 0.17500
v 0.45000 -0.15000 0.17500
v 0.44500 -0.15000 0.17500
v 0.44500 -0.15500 0.18000
v 0.45000 -0.15500 0.18000
v 0.45000 -0.15000 0.18000
v 0.44500 -0.15000 0.18000
v 0.44500 -0.15000 0.17500
v 0.45000 -0.15000 0.17500
v 0.45000 -0.14500 0.17500
v 0.44500 -0.14500 0.17500
v 0.44500 -0.15000 0.18000
v 0.45000 -0.15000 0.18000
v 0.45000 -0.14500 0.18000
v 0.44500 -0.14500 0.18000
v 0.44500 -0.14500 0.15000
v 0.45000 -0.14500 0.15000
v 0.45000 -0.14000 0.15000
v 0.44500 -0.14000 0.15000
v 0.44500 -0.14500 0.15500
v 0.45000 -0.14500 0.15500
v 0.45000 -0.14000 0.15500
v 0.44500 -0.14000 0.15500
v 0.44500 -0.14500 0.15500
v 0.45000 -0.14500 0.15500
v 0.45000 -0.14000 0.15500
v 0.44500 -0.14000 0.15500
v 0.44500 -0.14500 0.16000
v 0.45000 -0.14500 0.16000
v 0.45000 -0.14000 0.16000
v 0.44500 -0.14000 0.16000
v 0.44500 -0.14500 0.16000
v 0.45000 -0.14500 0.16000
v 0.45000 -0.14000 0.16000
v 0.44500 -0.14000 0.16000
v 0.44500 -0.14500 0.16500
v 0.45000 -0.14500 0.16500
v 0.45000 -0.14000 0.16500
v 0.44500 -0.14000 0.16500
v 0.44500 -0.14500 0.16500
v 0.45000 -0.14500 0.16500
v 0.45000 -0.14000 0.16500
v 0.44500 -0.14000 0.16500
v 0.44500 -0.14500 0.17000
v 0.45000 -0.14500 0.17000
v 0.45000 -0.14000 0.17000
v 0.44500 -0.14000 0.17000
v 0.44500 -0.14500 0.17000
v 0.45000 -0.14500 0.17000
v 0.45000 -0.14000 0.17000
v 0.44500 -0.14000 0.17000
v 0.44500 -0.14500 0.17500
v 0.45000 -0.14500 0.17500
v 0.45000 -0.14000 0.17500
v 0.44500 -0.14000 0.17500
v 0.44500 -0.14000 0.14000
v 0.45000 -0.14000 0.14000
v 0.45000 -0.13500 0.14000
v 0.44500 -0.13500 0.14000
v 0.44500 -0.14000 0.14500
v 0.45000 -0.14000 0.14500
v 0.45000 -0.13500 0.14500
v 0.44500 -0.13500 0.14500
v 0.44500 -0.14000 0.14500
v 0.45000 -0.14000 0.14500
v 0.45000 -0.13500 0.14500
v 0.44500 -0.13500 0.14500
v 0.44500 -0.14000 0.15000
v 0.45000 -0.14000 0.15000
v 0.45000 -0.13500 0.15000
v 0.44500 -0.13500 0.15000
v 0.44500 -0.13500 0.12500
v 0.45000 -0.13500 0.12500
v 0.45000 -0.13000 0.12500
v 0.44500 -0.13000 0.12500
v 0.44500 -0.13500 0.13000
v 0.45000 -0.13500 0.13000
v 0.45000 -0.13000 0.13000
v 0.44500 -0.13000 0.13000
v 0.44500 -0.13500 0.13000
v 0.45000 -0.13500 0.13000
v 0.45000 -0.13000 0.13000
v 0.44500 -0.13000 0.13000
v 0.44500 -0.13500 0.13500
v 0.45000 -0.13500 0.13500
v 0.45000 -0.13000 0.13500
v 0.44500 -0.13000 0.13500
v 0.44500 -0.13500 0.13500
v 0.45000 -0.13500 0.13500
v 0.45000 -0.13000 0.13500
v 0.44500 -0.13000 0.13500
v 0.44500 -0.13500 0.14000
v 0.45000 -0.13500 0.14000
v 0.45000 -0.13000 0.14000
v 0.44500 -0.13000 0.14000
v 0.44500 -0.13000 0.11000
v 0.45000 -0.13000 0.11000
v 0.45000 -0.12500 0.11000
v 0.44500 -0.12500 0.11000
v 0.44500 -0.13000 0.11500
v 0.45000 -0.13000 0.11500
v 0.45000 -0.12500 0.11500
v 0.44500 -0.12500 0.11500
v 0.44500 -0.13000 0.12000
v 0.45000 -0.13000 0.12000
v 0.45000 -0.12500 0.12000
v 0.44500 -0.12500 0.12000
v 0.44500 -0.13000 0.12500
v 0.45000 -0.13000 0.12500
v 0.45000 -0.12500 0.12500
v 0.44500 -0.12500 0.12500
v 0.44500 -0.12500 0.10500
v 0.45000 -0.12500 0.10500
v 0.45000 -0.12000 0.10500
v 0.44500 -0.12000 0.10500
v 0.44500 -0.12500 0.11000
v 0.45000 -0.12500 0.11000
v 0.45000 -0.12000 0.11000
v 0.44500 -0.12000 0.11000
v 0.44500 -0.12000 0.09000
v 0.45000 -0.12000 0.09000
v 0.45000 -0.11500 0.09000
v 0.44500 -0.11500 0.09000
v 0.44500 -0.12000 0.09500
v 0.45000 -0.12000 0.09500
v 0.45000 -0.11500 0.09500
v 0.44500 -0.11500 0.09500
v 0.44500 -0.12000 0.09500
v 0.45000 -0.12000 0.09500
v 0.45000 -0.11500 0.09500
v 0.44500 -0.11500 0.09500
v 0.44500 -0.12000 0.10000
v 0.45000 -0.12000 0.10000
v 0.45000 -0.11500 0.10000
v 0.44500 -0.11500 0.10000
v 0.44500 -0.11500 0.08000
v 0.45000 -0.11500 0.08000
v 0.45000 -0.11000 0.08000
v 0.44500 -0.11000 0.08000
v 0.44500 -0.11500 0.08500
v 0.45000 -0.11500 0.08500
v 0.45000 -0.11000 0.08500
v 0.44500 -0.11000 0.08500
v 0.45000 -0.20000 0.04500
v 0.45500 -0.20000 0.04500
v 0.45500 -0.19500 0.04500
v 0.45000 -0.19500 0.04500
v 0.45000 -0.20000 0.05000
v 0.45500 -0.20000 0.05000
v 0.45500 -0.19500 0.05000
v 0.45000 -0.19500 0.05000
v 0.45000 -0.20000 0.05000
v 0.45500 -0.20000 0.05000
v 0.45500 -0.19500 0.05000
v 0.45000 -0.19500 0.05000
v 0.45000 -0.20000 0.05500
v 0.45500 -0.20000 0.05500
v 0.45500 -0.19500 0.05500
v 0.45000 -0.19500 0.05500
v 0.45000 -0.20000 0.05500
v 0.45500 -0.20000 0.05500
v 0.45500 -0.19500 0.05500
v 0.45000 -0.19500 0.05500
v 0.45000 -0.20000 0.06000
v 0.45500 -0.20000 0.06000
v 0.45500 -0.19500 0.06000
v 0.45000 -0.19500 0.06000
v 0.45000 -0.20000 0.06000
v 0.45500 -0.20000 0.06000
v 0.45500 -0.19500 0.06000
v 0.45000 -0.19500 0.06000
v 0.45000 -0.20000 0.06500
v 0.45500 -0.20000 0.06500
v 0.45500 -0.19500 0.06500
v 0.45000 -0.19500 0.06500
v 0.45000 -0.20000 0.06500
v 0.45500 -0.20000 0.06500
v 0.45500 -0.19500 0.06500
v 0.45000 -0.19500 0.06500
v 0.45000 -0.20000 0.07000
v 0.45500 -0.20000 0.07000
v 0.45500 -0.19500 0.07000
v 0.45000 -0.19500 0.07000
v 0.45000 -0.20000 0.07000
v 0.45500 -0.20000 0.07000
v 0.45500 -0.19500 0.07000
v 0.45000 -0.19500 0.07000
v 0.45000 -0.20000 0.07500
v 0.45500 -0.20000 0.07500
v 0.45500 -0.19500 0.07500
v 0.45000 -0.19500 0.07500
v 0.45000 -0.20000 0.15000
v 0.45500 -0.20000 0.15000
v 0.45500 -0.19500 0.15000
v 0.45000 -0.19500 0.15000
v 0.45000 -0.20000 0.15500
v 0.45500 -0.20000 0.15500
v 0.45500 -0.19500 0.15500
v 0.45000 -0.19500 0.15500
v 0.45000 -0.19500 0.03000
v 0.45500 -0.19500 0.03000
v 0.45500 -0.19000 0.03000
v 0.45000 -0.19000 0.03000
v 0.45000 -0.19500 0.03500
v 0.45500 -0.19500 0.03500
v 0.45500 -0.19000 0.03500
v 0.45000 -0.19000 0.03500
v 0.45000 -0.19500 0.03500
v 0.45500 -0.19500 0.03500
v 0.45500 -0.19000 0.03500
v 0.45000 -0.19000 0.03500
v 0.45000 -0.19500 0.04000
v 0.45500 -0.19500 0.04000
v 0.45500 -0.19000 0.04000
v 0.45000 -0.19000 0.04000
v 0.45000 -0.19500 0.08500
v 0.45500 -0.19500 0.08500
v 0.45500 -0.19000 0.08500
v 0.45000 -0.19000 0.08500
v 0.45000 -0.19500 0.09000
v 0.45500 -0.19500 0.09000
v 0.45500 -0.19000 0.09000
v 0.45000 -0.19000 0.09000
v 0.45000 -0.19000 0.02000
v 0.45500 -0.19000 0.02000
v 0.45500 -0.18500 0.02000
v 0.45000 -0.18500 0.02000
v 0.45000 -0.19000 0.02500
v 0.45500 -0.19000 0.02500
v 0.45500 -0.18500 0.02500
v 0.45000 -0.18500 0.02500
v 0.45000 -0.19000 0.17000
v 0.45500 -0.19000 0.17000
v 0.45500 -0.18500 0.17000
v 0.45000 -0.18500 0.17000
v 0.45000 -0.19000 0.17500
v 0.45500 -0.19000 0.17500
v 0.45500 -0.18500 0.17500
v 0.45000 -0.18500 0.17500
v 0.45000 -0.18500 0.18000
v 0.45500 -0.18500 0.18000
v 0.45500 -0.18000 0.18000
v 0.45000 -0.18000 0.18000
v 0.45000 -0.18500 0.18500
v 0.45500 -0.18500 0.18500
v 0.45500 -0.18000 0.18500
v 0.45000 -0.18000 0.18500
v 0.45000 -0.18000 0.18000
v 0.45500 -0.18000 0.18000
v 0.45500 -0.17500 0.18000
v 0.45000 -0.17500 0.18000
v 0.45000 -0.18000 0.18500
v 0.45500 -0.18000 0.18500
v 0.45500 -0.17500 0.18500
v 0.45000 -0.17500 0.18500
v 0.45000 -0.17500 0.18000
v 0.45500 -0.17500 0.18000
v 0.45500 -0.17000 0.18000
v 0.45000 -0.17000 0.18000
v 0.45000 -0.17500 0.18500
v 0.45500 -0.17500 0.18500
v 0.45500 -0.17000 0.18500
v 0.45000 -0.17000 0.18500
v 0.45000 -0.17000 0.17500
v 0.45500 -0.17000 0.17500
v 0.45500 -0.16500 0.17500
v 0.45000 -0.16500 0.17500
v 0.45000 -0.17000 0.18000
v 0.45500 -0.17000 0.18000
v 0.45500 -0.16500 0.18000
v 0.45000 -0.16500 0.18000
v 0.45000 -0.16500 0.17500
v 0.45500 -0.16500 0.17500
v 0.45500 -0.16000 0.17500
v 0.45000 -0.16000 0.17500
v 0.45000 -0.16500 0.18000
v 0.45500 -0.16500 0.18000
v 0.45500 -0.16000 0.18000
v 0.45000 -0.16000 0.18000
v 0.45000 -0.16000 0.17500
v 0.45500 -0.16000 0.17500
v 0.45500 -0.15500 0.17500
v 0.45000 -0.15500 0.17500
v 0.45000 -0.16000 0.18000
v 0.45500 -0.16000 0.18000
v 0.45500 -0.15500 0.18000
v 0.45000 -0.15500 0.18000
v 0.45000 -0.15500 0.17500
v 0.45500 -0.15500 0.17500
v 0.45500 -0.15000 0.17500
v 0.45000 -0.15000 0.17500
v 0.45000 -0.15500 0.18000
v 0.45500 -0.15500 0.18000
v 0.45500 -0.15000 0.18000
v 0.45000 -0.15000 0.18000
v 0.45000 -0.15000 0.16500
v 0.45500 -0.15000 0.16500
v 0.45500 -0.14500 0.16500
v 0.45000 -0.14500 0.16500
v 0.45000 -0.15000 0.17000
v 0.45500 -0.15000 0.17000
v 0.45500 -0.14500 0.17000
v 0.45000 -0.14500 0.17000
v 0.45000 -0.15000 0.17000
v 0.45500 -0.15000 0.17000
v 0.45500 -0.14500 0.17000
v 0.45000 -0.14500 0.17000
v 0.45000 -0.15000 0.17500
v 0.45500 -0.15000 0.17500
v 0.45500 -0.14500 0.17500
v 0.45000 -0.14500 0.17500
v 0.45000 -0.15000 0.17500
v 0.45500 -0.15000 0.17500
v 0.45500 -0.14500 0.17500
v 0.45000 -0.14500 0.17500
v 0.45000 -0.15000 0.18000
v 0.45500 -0.15000 0.18000
v 0.45500 -0.14500 0.18000
v 0.45000 -0.14500 0.18000
v 0.45000 -0.14500 0.14500
v 0.45500 -0.14500 0.14500
v 0.45500 -0.14000 0.14500
v 0.45000 -0.14000 0.14500
v 0.45000 -0.14500 0.15000
v 0.45500 -0.14500 0.15000
v 0.45500 -0.14000 0.15000
v 0.45000 -0.14000 0.15000
v 0.45000 -0.14500 0.15000
v 0.45500 -0.14500 0.15000
v 0.45500 -0.14000 0.15000
v 0.45000 -0.14000 0.15000
v 0.45000 -0.14500 0.15500
v 0.45500 -0.14500 0.15500
v 0.45500 -0.14000 0.15500
v 0.45000 -0.14000 0.15500
v 0.45000 -0.14500 0.15500
v 0.45500 -0.14500 0.15500
v 0.45500 -0.14000 0.15500
v 0.45000 -0.14000 0.15500
v 0.45000 -0.14500 0.16000
v 0.45500 -0.14500 0.16000
v 0.45500 -0.14000 0.16000
v 0.45000 -0.14000 0.16000
v 0.45000 -0.14500 0.16000
v 0.45500 -0.14500 0.16000
v 0.45500 -0.14000 0.16000
v 0.45000 -0.14000 0.16000
v 0.45000 -0.14500 0.16500
v 0.45500 -0.14500 0.16500
v 0.45500 -0.14000 0.16500
v 0.45000 -0.14000 0.16500
v 0.45000 -0.14000 0.13500
v 0.45500 -0.14000 0.13500
v 0.45500 -0.13500 0.13500
v 0.45000 -0.13500 0.13500
v 0.45000 -0.14000 0.14000
v 0.45500 -0.14000 0.14000
v 0.45500 -0.13500 0.14000
v 0.45000 -0.13500 0.14000
v 0.45000 -0.14000 0.14000
v 0.45500 -0.14000 0.14000
v 0.45500 -0.13500 0.14000
v 0.45000 -0.13500 0.14000
v 0.45000 -0.14000 0.14500
v 0.45500 -0.14000 0.14500
v 0.45500 -0.13500 0.14500
v 0.45000 -0.13500 0.14500
v 0.45000 -0.13500 0.11500
v 0.45500 -0.13500 0.11500
v 0.45500 -0.13000 0.11500
v 0.45000 -0.13000 0.11500
v 0.45000 -0.13500 0.12000
v 0.45500 -0.13500 0.12000
v 0.45500 -0.13000 0.12000
v 0.45000 -0.13000 0.12000
v 0.45000 -0.13500 0.12000
v 0.45500 -0.13500 0.12000
v 0.45500 -0.13000 0.12000
v 0.45000 -0.13000 0.12000
v 0.45000 -0.13500 0.12500
v 0.45500 -0.13500 0.12500
v 0.45500 -0.13000 0.12500
v 0.45000 -0.13000 0.12500
v 0.45000 -0.13500 0.12500
v 0.45500 -0.13500 0.12500
v 0.45500 -0.13000 0.12500
v 0.45000 -0.13000 0.12500
v 0.45000 -0.13500 0.13000
v 0.45500 -0.13500 0.13000
v 0.45500 -0.13000 0.13000
v 0.45000 -0.13000 0.13000
v 0.45000 -0.13500 0.13000
v 0.45500 -0.13500 0.13000
v 0.45500 -0.13000 0.13000
v 0.45000 -0.13000 0.13000
v 0.45000 -0.13500 0.13500
v 0.45500 -0.13500 0.13500
v 0.45500 -0.13000 0.13500
v 0.45000 -0.13000 0.13500
v 0.45000 -0.13000 0.10500
v 0.45500 -0.13000 0.10500
v 0.45500 -0.12500 0.10500
v 0.45000 -0.12500 0.10500
v 0.45000 -0.13000 0.11000
v 0.45500 -0.13000 0.11000
v 0.45500 -0.12500 0.11000
v 0.45000 -0.12500 0.11000
v 0.45000 -0.12500 0.09500
v 0.45500 -0.12500 0.09500
v 0.45500 -0.12000 0.09500
v 0.45000 -0.12000 0.09500
v 0.45000 -0.12500 0.10000
v 0.45500 -0.12500 0.10000
v 0.45500 -0.12000 0.10000
v 0.45000 -0.12000 0.10000
v 0.45000 -0.12000 0.08500
v 0.45500 -0.12000 0.08500
v 0.45500 -0.11500 0.08500
v 0.45000 -0.11500 0.08500
v 0.45000 -0.12000 0.09000
v 0.45500 -0.12000 0.09000
v 0.45500 -0.11500 0.09000
v 0.45000 -0.11500 0.09000
v 0.45500 -0.19500 0.02500
v 0.46000 -0.19500 0.02500
v 0.46000 -0.19000 0.02500
v 0.45500 -0.19000 0.02500
v 0.45500 -0.19500 0.03000
v 0.46000 -0.19500 0.03000
v 0.46000 -0.19000 0.03000
v 0.45500 -0.19000 0.03000
v 0.45500 -0.19500 0.03000
v 0.46000 -0.19500 0.03000
v 0.46000 -0.19000 0.03000
v 0.45500 -0.19000 0.03000
v 0.45500 -0.19500 0.03500
v 0.46000 -0.19500 0.03500
v 0.46000 -0.19000 0.03500
v 0.45500 -0.19000 0.03500
v 0.45500 -0.19500 0.03500
v 0.46000 -0.19500 0.03500
v 0.46000 -0.19000 0.03500
v 0.45500 -0.19000 0.03500
v 0.45500 -0.19500 0.04000
v 0.46000 -0.19500 0.04000
v 0.46000 -0.19000 0.04000
v 0.45500 -0.19000 0.04000
v 0.45500 -0.19500 0.07000
v 0.46000 -0.19500 0.07000
v 0.46000 -0.19000 0.07000
v 0.45500 -0.19000 0.07000
v 0.45500 -0.19500 0.07500
v 0.46000 -0.19500 0.07500
v 0.46000 -0.19000 0.07500
v 0.45500 -0.19000 0.07500
v 0.45500 -0.19500 0.08000
v 0.46000 -0.19500 0.08000
v 0.46000 -0.19000 0.08000
v 0.45500 -0.19000 0.08000
v 0.45500 -0.19500 0.08500
v 0.46000 -0.19500 0.08500
v 0.46000 -0.19000 0.08500
v 0.45500 -0.19000 0.08500
v 0.45500 -0.19000 0.02000
v 0.46000 -0.19000 0.02000
v 0.46000 -0.18500 0.02000
v 0.45500 -0.18500 0.02000
v 0.45500 -0.19000 0.02500
v 0.46000 -0.19000 0.02500
v 0.46000 -0.18500 0.02500
v 0.45500 -0.18500 0.02500
v 0.45500 -0.18000 0.18000
v 0.46000 -0.18000 0.18000
v 0.46000 -0.17500 0.18000
v 0.45500 -0.17500 0.18000
v 0.45500 -0.18000 0.18500
v 0.46000 -0.18000 0.18500
v 0.46000 -0.17500 0.18500
v 0.45500 -0.17500 0.18500
v 0.45500 -0.16500 0.17500
v 0.46000 -0.16500 0.17500
v 0.46000 -0.16000 0.17500
v 0.45500 -0.16000 0.17500
v 0.45500 -0.16500 0.18000
v 0.46000 -0.16500 0.18000
v 0.46000 -0.16000 0.18000
v 0.45500 -0.16000 0.18000
v 0.45500 -0.16000 0.17500
v 0.46000 -0.16000 0.17500
v 0.46000 -0.15500 0.17500
v 0.45500 -0.15500 0.17500
v 0.45500 -0.16000 0.18000
v 0.46000 -0.16000 0.18000
v 0.46000 -0.15500 0.18000
v 0.45500 -0.15500 0.18000
v 0.45500 -0.15500 0.17500
v 0.46000 -0.15500 0.17500
v 0.46000 -0.15000 0.17500
v 0.45500 -0.15000 0.17500
v 0.45500 -0.15500 0.18000
v 0.46000 -0.15500 0.18000
v 0.46000 -0.15000 0.18000
v 0.45500 -0.15000 0.18000
v 0.45500 -0.15000 0.15500
v 0.46000 -0.15000 0.15500
v 0.46000 -0.14500 0.15500
v 0.45500 -0.14500 0.15500
v 0.45500 -0.15000 0.16000
v 0.46000 -0.15000 0.16000
v 0.46000 -0.14500 0.16000
v 0.45500 -0.14500 0.16000
v 0.45500 -0.15000 0.16000
v 0.46000 -0.15000 0.16000
v 0.46000 -0.14500 0.16000
v 0.45500 -0.14500 0.16000
v 0.45500 -0.15000 0.16500
v 0.46000 -0.15000 0.16500
v 0.46000 -0.14500 0.16500
v 0.45500 -0.14500 0.16500
v 0.45500 -0.15000 0.16500
v 0.46000 -0.15000 0.16500
v 0.46000 -0.14500 0.16500
v 0.45500 -0.14500 0.16500
v 0.45500 -0.15000 0.17000
v 0.46000 -0.15000 0.17000
v 0.46000 -0.14500 0.17000
v 0.45500 -0.14500 0.17000
v 0.45500 -0.14500 0.14000
v 0.46000 -0.14500 0.14000
v 0.46000 -0.14000 0.14000
v 0.45500 -0.14000 0.14000
v 0.45500 -0.14500 0.14500
v 0.46000 -0.14500 0.14500
v 0.46000 -0.14000 0.14500
v 0.45500 -0.14000 0.14500
v 0.45500 -0.14000 0.13000
v 0.46000 -0.14000 0.13000
v 0.46000 -0.13500 0.13000
v 0.45500 -0.13500 0.13000
v 0.45500 -0.14000 0.13500
v 0.46000 -0.14000 0.13500
v 0.46000 -0.13500 0.13500
v 0.45500 -0.13500 0.13500
v 0.45500 -0.13500 0.10000
v 0.46000 -0.13500 0.10000
v 0.46000 -0.13000 0.10000
v 0.45500 -0.13000 0.10000
v 0.45500 -0.13500 0.10500
v 0.46000 -0.13500 0.10500
v 0.46000 -0.13000 0.10500
v 0.45500 -0.13000 0.10500
v 0.45500 -0.13500 0.11000
v 0.46000 -0.13500 0.11000
v 0.46000 -0.13000 0.11000
v 0.45500 -0.13000 0.11000
v 0.45500 -0.13500 0.11500
v 0.46000 -0.13500 0.11500
v 0.46000 -0.13000 0.11500
v 0.45500 -0.13000 0.11500
v 0.45500 -0.13500 0.11500
v 0.46000 -0.13500 0.11500
v 0.46000 -0.13000 0.11500
v 0.45500 -0.13000 0.11500
v 0.45500 -0.13500 0.12000
v 0.46000 -0.13500 0.12000
v 0.46000 -0.13000 0.12000
v 0.45500 -0.13000 0.12000
v 0.45500 -0.13000 0.09500
v 0.46000 -0.13000 0.09500
v 0.46000 -0.12500 0.09500
v 0.45500 -0.12500 0.09500
v 0.45500 -0.13000 0.10000
v 0.46000 -0.13000 0.10000
v 0.46000 -0.12500 0.10000
v 0.45500 -0.12500 0.10000
v 0.45500 -0.12500 0.08500
v 0.46000 -0.12500 0.08500
v 0.46000 -0.12000 0.08500
v 0.45500 -0.12000 0.08500
v 0.45500 -0.12500 0.09000
v 0.46000 -0.12500 0.09000
v 0.46000 -0.12000 0.09000
v 0.45500 -0.12000 0.09000
v 0.46000 -0.19500 0.03000
v 0.46500 -0.19500 0.03000
v 0.46500 -0.19000 0.03000
v 0.46000 -0.19000 0.03000
v 0.46000 -0.19500 0.03500
v 0.46500 -0.19500 0.03500
v 0.46500 -0.19000 0.03500
v 0.46000 -0.19000 0.03500
v 0.46000 -0.19500 0.03500
v 0.46500 -0.19500 0.03500
v 0.46500 -0.19000 0.03500
v 0.46000 -0.19000 0.03500
v 0.46000 -0.19500 0.04000
v 0.46500 -0.19500 0.04000
v 0.46500 -0.19000 0.04000
v 0.46000 -0.19000 0.04000
v 0.46000 -0.19500 0.05500
v 0.46500 -0.19500 0.05500
v 0.46500 -0.19000 0.05500
v 0.46000 -0.19000 0.05500
v 0.46000 -0.19500 0.06000
v 0.46500 -0.19500 0.06000
v 0.46500 -0.19000 0.06000
v 0.46000 -0.19000 0.06000
v 0.46000 -0.19500 0.07000
v 0.46500 -0.19500 0.07000
v 0.46500 -0.19000 0.07000
v 0.46000 -0.19000 0.07000
v 0.46000 -0.19500 0.07500
v 0.46500 -0.19500 0.07500
v 0.46500 -0.19000 0.07500
v 0.46000 -0.19000 0.07500
v 0.46000 -0.19500 0.07500
v 0.46500 -0.19500 0.07500
v 0.46500 -0.19000 0.07500
v 0.46000 -0.19000 0.07500
v 0.46000 -0.19500 0.08000
v 0.46500 -0.19500 0.08000
v 0.46500 -0.19000 0.08000
v 0.46000 -0.19000 0.08000
v 0.46000 -0.19000 0.08000
v 0.46500 -0.19000 0.08000
v 0.46500 -0.18500 0.08000
v 0.46000 -0.18500 0.08000
v 0.46000 -0.19000 0.08500
v 0.46500 -0.19000 0.08500
v 0.46500 -0.18500 0.08500
v 0.46000 -0.18500 0.08500
v 0.46000 -0.17000 0.17000
v 0.46500 -0.17000 0.17000
v 0.46500 -0.16500 0.17000
v 0.46000 -0.16500 0.17000
v 0.46000 -0.17000 0.17500
v 0.46500 -0.17000 0.17500
v 0.46500 -0.16500 0.17500
v 0.46000 -0.16500 0.17500
v 0.46000 -0.16000 0.17000
v 0.46500 -0.16000 0.17000
v 0.46500 -0.15500 0.17000
v 0.46000 -0.15500 0.17000
v 0.46000 -0.16000 0.17500
v 0.46500 -0.16000 0.17500
v 0.46500 -0.15500 0.17500
v 0.46000 -0.15500 0.17500
v 0.46000 -0.16000 0.17500
v 0.46500 -0.16000 0.17500
v 0.46500 -0.15500 0.17500
v 0.46000 -0.15500 0.17500
v 0.46000 -0.16000 0.18000
v 0.46500 -0.16000 0.18000
v 0.46500 -0.15500 0.18000
v 0.46000 -0.15500 0.18000
v 0.46000 -0.15500 0.16000
v 0.46500 -0.15500 0.16000
v 0.46500 -0.15000 0.16000
v 0.46000 -0.15000 0.16000
v 0.46000 -0.15500 0.16500
v 0.46500 -0.15500 0.16500
v 0.46500 -0.15000 0.16500
v 0.46000 -0.15000 0.16500
v 0.46000 -0.15500 0.16500
v 0.46500 -0.15500 0.16500
v 0.46500 -0.15000 0.16500
v 0.46000 -0.15000 0.16500
v 0.46000 -0.15500 0.17000
v 0.46500 -0.15500 0.17000
v 0.46500 -0.15000 0.17000
v 0.46000 -0.15000 0.17000
v 0.46000 -0.15500 0.17000
v 0.46500 -0.15500 0.17000
v 0.46500 -0.15000 0.17000
v 0.46000 -0.15000 0.17000
v 0.46000 -0.15500 0.17500
v 0.46500 -0.15500 0.17500
v 0.46500 -0.15000 0.17500
v 0.46000 -0.15000 0.17500
v 0.46000 -0.15000 0.14000
v 0.46500 -0.15000 0.14000
v 0.46500 -0.14500 0.14000
v 0.46000 -0.14500 0.14000
v 0.46000 -0.15000 0.14500
v 0.46500 -0.15000 0.14500
v 0.46500 -0.14500 0.14500
v 0.46000 -0.14500 0.14500
v 0.46000 -0.14500 0.13000
v 0.46500 -0.14500 0.13000
v 0.46500 -0.14000 0.13000
v 0.46000 -0.14000 0.13000
v 0.46000 -0.14500 0.13500
v 0.46500 -0.14500 0.13500
v 0.46500 -0.14000 0.13500
v 0.46000 -0.14000 0.13500
v 0.46000 -0.14000 0.11500
v 0.46500 -0.14000 0.11500
v 0.46500 -0.13500 0.11500
v 0.46000 -0.13500 0.11500
v 0.46000 -0.14000 0.12000
v 0.46500 -0.14000 0.12000
v 0.46500 -0.13500 0.12000
v 0.46000 -0.13500 0.12000
v 0.46000 -0.14000 0.12000
v 0.46500 -0.14000 0.12000
v 0.46500 -0.13500 0.12000
v 0.46000 -0.13500 0.12000
v 0.46000 -0.14000 0.12500
v 0.46500 -0.14000 0.12500
v 0.46500 -0.13500 0.12500
v 0.46000 -0.13500 0.12500
v 0.46000 -0.13500 0.10000
v 0.46500 -0.13500 0.10000
v 0.46500 -0.13000 0.10000
v 0.46000 -0.13000 0.10000
v 0.46000 -0.13500 0.10500
v 0.46500 -0.13500 0.10500
v 0.46500 -0.13000 0.10500
v 0.46000 -0.13000 0.10500
v 0.46000 -0.13000 0.08500
v 0.46500 -0.13000 0.08500
v 0.46500 -0.12500 0.08500
v 0.46000 -0.12500 0.08500
v 0.46000 -0.13000 0.09000
v 0.46500 -0.13000 0.09000
v 0.46500 -0.12500 0.09000
v 0.46000 -0.12500 0.09000
v 0.46500 -0.19500 0.03000
v 0.47000 -0.19500 0.03000
v 0.47000 -0.19000 0.03000
v 0.46500 -0.19000 0.03000
v 0.46500 -0.19500 0.03500
v 0.47000 -0.19500 0.03500
v 0.47000 -0.19000 0.03500
v 0.46500 -0.19000 0.03500
v 0.46500 -0.19500 0.03500
v 0.47000 -0.19500 0.03500
v 0.47000 -0.19000 0.03500
v 0.46500 -0.19000 0.03500
v 0.46500 -0.19500 0.04000
v 0.47000 -0.19500 0.04000
v 0.47000 -0.19000 0.04000
v 0.46500 -0.19000 0.04000
v 0.46500 -0.19500 0.04000
v 0.47000 -0.19500 0.04000
v 0.47000 -0.19000 0.04000
v 0.46500 -0.19000 0.04000
v 0.46500 -0.19500 0.04500
v 0.47000 -0.19500 0.04500
v 0.47000 -0.19000 0.04500
v 0.46500 -0.19000 0.04500
v 0.46500 -0.19500 0.04500
v 0.47000 -0.19500 0.04500
v 0.47000 -0.19000 0.04500
v 0.46500 -0.19000 0.04500
v 0.46500 -0.19500 0.05000
v 0.47000 -0.19500 0.05000
v 0.47000 -0.19000 0.05000
v 0.46500 -0.19000 0.05000
v 0.46500 -0.19500 0.05000
v 0.47000 -0.19500 0.05000
v 0.47000 -0.19000 0.05000
v 0.46500 -0.19000 0.05000
v 0.46500 -0.19500 0.05500
v 0.47000 -0.19500 0.05500
v 0.47000 -0.19000 0.05500
v 0.46500 -0.19000 0.05500
v 0.46500 -0.19500 0.05500
v 0.47000 -0.19500 0.05500
v 0.47000 -0.19000 0.05500
v 0.46500 -0.19000 0.05500
v 0.46500 -0.19500 0.06000
v 0.47000 -0.19500 0.06000
v 0.47000 -0.19000 0.06000
v 0.46500 -0.19000 0.06000
v 0.46500 -0.19500 0.06000
v 0.47000 -0.19500 0.06000
v 0.47000 -0.19000 0.06000
v 0.46500 -0.19000 0.06000
v 0.46500 -0.19500 0.06500
v 0.47000 -0.19500 0.06500
v 0.47000 -0.19000 0.06500
v 0.46500 -0.19000 0.06500
v 0.46500 -0.19500 0.06500
v 0.47000 -0.19500 0.06500
v 0.47000 -0.19000 0.06500
v 0.46500 -0.19000 0.06500
v 0.46500 -0.19500 0.07000
v 0.47000 -0.19500 0.07000
v 0.47000 -0.19000 0.07000
v 0.46500 -0.19000 0.07000
v 0.46500 -0.19500 0.07000
v 0.47000 -0.19500 0.07000
v 0.47000 -0.19000 0.07000
v 0.46500 -0.19000 0.07000
v 0.46500 -0.19500 0.07500
v 0.47000 -0.19500 0.07500
v 0.47000 -0.19000 0.07500
v 0.46500 -0.19000 0.07500
v 0.46500 -0.17000 0.17000
v 0.47000 -0.17000 0.17000
v 0.47000 -0.16500 0.17000
v 0.46500 -0.16500 0.17000
v 0.46500 -0.17000 0.17500
v 0.47000 -0.17000 0.17500
v 0.47000 -0.16500 0.17500
v 0.46500 -0.16500 0.17500
v 0.46500 -0.16500 0.17000
v 0.47000 -0.16500 0.17000
v 0.47000 -0.16000 0.17000
v 0.46500 -0.16000 0.17000
v 0.46500 -0.16500 0.17500
v 0.47000 -0.16500 0.17500
v 0.47000 -0.16000 0.17500
v 0.46500 -0.16000 0.17500
v 0.46500 -0.14500 0.11000
v 0.47000 -0.14500 0.11000
v 0.47000 -0.14000 0.11000
v 0.46500 -0.14000 0.11000
v 0.46500 -0.14500 0.11500
v 0.47000 -0.14500 0.11500
v 0.47000 -0.14000 0.11500
v 0.46500 -0.14000 0.11500
v 0.46500 -0.14000 0.10000
v 0.47000 -0.14000 0.10000
v 0.47000 -0.13500 0.10000
v 0.46500 -0.13500 0.10000
v 0.46500 -0.14000 0.10500
v 0.47000 -0.14000 0.10500
v 0.47000 -0.13500 0.10500
v 0.46500 -0.13500 0.10500
v 0.46500 -0.14000 0.11000
v 0.47000 -0.14000 0.11000
v 0.47000 -0.13500 0.11000
v 0.46500 -0.13500 0.11000
v 0.46500 -0.14000 0.11500
v 0.47000 -0.14000 0.11500
v 0.47000 -0.13500 0.11500
v 0.46500 -0.13500 0.11500
v 0.46500 -0.13500 0.09000
v 0.47000 -0.13500 0.09000
v 0.47000 -0.13000 0.09000
v 0.46500 -0.13000 0.09000
v 0.46500 -0.13500 0.09500
v 0.47000 -0.13500 0.09500
v 0.47000 -0.13000 0.09500
v 0.46500 -0.13000 0.09500
v 0.47000 -0.14500 0.10000
v 0.47500 -0.14500 0.10000
v 0.47500 -0.14000 0.10000
v 0.47000 -0.14000 0.10000
v 0.47000 -0.14500 0.10500
v 0.47500 -0.14500 0.10500
v 0.47500 -0.14000 0.10500
v 0.47000 -0.14000 0.10500
v 0.47000 -0.14000 0.09500
v 0.47500 -0.14000 0.09500
v 0.47500 -0.13500 0.09500
v 0.47000 -0.13500 0.09500
v 0.47000 -0.14000 0.10000
v 0.47500 -0.14000 0.10000
v 0.47500 -0.13500 0.10000
v 0.47000 -0.13500 0.10000
v 0.47000 -0.14000 0.10000
v 0.47500 -0.14000 0.10000
v 0.47500 -0.13500 0.10000
v 0.47000 -0.13500 0.10000
v 0.47000 -0.14000 0.10500
v 0.47500 -0.14000 0.10500
v 0.47500 -0.13500 0.10500
v 0.47000 -0.13500 0.10500
f 1//1 3//1 2//1
f 1//1 4//1 3//1
f 1//3 6//3 5//3
f 1//3 2//3 6//3
f 2//4 7//4 6//4
f 2//4 3//4 7//4
f 4//6 5//6 8//6
f 4//6 1//6 5//6
f 9//3 14//3 13//3
f 9//3 10//3 14//3
f 10//4 15//4 14//4
f 10//4 11//4 15//4
f 12//6 13//6 16//6
f 12//6 9//6 13//6
f 21//2 22//2 23//2
f 21//2 23//2 24//2
f 17//3 22//3 21//3
f 17//3 18//3 22//3
f 18//4 23//4 22//4
f 18//4 19//4 23//4
f 20//6 21//6 24//6
f 20//6 17//6 21//6
f 25//1 27//1 26//1
f 25//1 28//1 27//1
f 25//3 30//3 29//3
f 25//3 26//3 30//3
f 26//4 31//4 30//4
f 26//4 27//4 31//4
f 28//6 29//6 32//6
f 28//6 25//6 29//6
f 33//3 38//3 37//3
f 33//3 34//3 38//3
f 34//4 39//4 38//4
f 34//4 35//4 39//4
f 36//6 37//6 40//6
f 36//6 33//6 37//6
f 41//3 46//3 45//3
f 41//3 42//3 46//3
f 42//4 47//4 46//4
f 42//4 43//4 47//4
f 44//6 45//6 48//6
f 44//6 41//6 45//6
f 49//3 54//3 53//3
f 49//3 50//3 54//3
f 50//4 55//4 54//4
f 50//4 51//4 55//4
f 52//6 53//6 56//6
f 52//6 49//6 53//6
f 57//3 62//3 61//3
f 57//3 58//3 62//3
f 58//4 63//4 62//4
f 58//4 59//4 63//4
f 60//6 61//6 64//6
f 60//6 57//6 61//6
f 65//3 70//3 69//3
f 65//3 66//3 70//3
f 66//4 71//4 70//4
f 66//4 67//4 71//4
f 68//6 69//6 72//6
f 68//6 65//6 69//6
f 73//3 78//3 77//3
f 73//3 74//3 78//3
f 74//4 79//4 78//4
f 74//4 75//4 79//4
f 76//6 77//6 80//6
f 76//6 73//6 77//6
f 81//3 86//3 85//3
f 81//3 82//3 86//3
f 82//4 87//4 86//4
f 82//4 83//4 87//4
f 84//6 85//6 88//6
f 84//6 81//6 85//6
f 89//3 94//3 93//3
f 89//3 90//3 94//3
f 90//4 95//4 94//4
f 90//4 91//4 95//4
f 92//6 93//6 96//6
f 92//6 89//6 93//6
f 97//3 102//3 101//3
f 97//3 98//3 102//3
f 98//4 103//4 102//4
f 98//4 99//4 103//4
f 100//6 101//6 104//6
f 100//6 97//6 101//6
f 105//3 110//3 109//3
f 105//3 106//3 110//3
f 106//4 111//4 110//4
f 106//4 107//4 111//4
f 108//6 109//6 112//6
f 108//6 105//6 109//6
f 113//3 118//3 117//3
f 113//3 114//3 118//3
f 114//4 119//4 118//4
f 114//4 115//4 119//4
f 116//6 117//6 120//6
f 116//6 113//6 117//6
f 121//3 126//3 125//3
f 121//3 122//3 126//3
f 122//4 127//4 126//4
f 122//4 123//4 127//4
f 124//6 125//6 128//6
f 124//6 121//6 125//6
f 129//3 134//3 133//3
f 129//3 130//3 134//3
f 130//4 135//4 134//4
f 130//4 131//4 135//4
f 132//6 133//6 136//6
f 132//6 129//6 133//6
f 141//2 142//2 143//2
f 141//2 143//2 144//2
f 137//3 142//3 141//3
f 137//3 138//3 142//3
f 138//4 143//4 142//4
f 138//4 139//4 143//4
f 140//6 141//6 144//6
f 140//6 137//6 141//6
f 145//1 147//1 146//1
f 145//1 148//1 147//1
f 145//3 150//3 149//3
f 145//3 146//3 150//3
f 146//4 151//4 150//4
f 146//4 147//4 151//4
f 148//6 149//6 152//6
f 148//6 145//6 149//6
f 154//4 159//4 158//4
f 154//4 155//4 159//4
f 156//6 157//6 160//6
f 156//6 153//6 157//6
f 162//4 167//4 166//4
f 162//4 163//4 167//4
f 164//6 165//6 168//6
f 164//6 161//6 165//6
f 170//4 175//4 174//4
f 170//4 171//4 175//4
f 172//6 173//6 176//6
f 172//6 169//6 173//6
f 177//3 182//3 181//3
f 177//3 178//3 182//3
f 178//4 183//4 182//4
f 178//4 179//4 183//4
f 180//6 181//6 184//6
f 180//6 177//6 181//6
f 186//4 191//4 190//4
f 186//4 187//4 191//4
f 188//6 189//6 192//6
f 188//6 185//6 189//6
f 194//4 199//4 198//4
f 194//4 195//4 199//4
f 196//6 197//6 200//6
f 196//6 193//6 197//6
f 202//4 207//4 206//4
f 202//4 203//4 207//4
f 204//6 205//6 208//6
f 204//6 201//6 205//6
f 210//4 215//4 214//4
f 210//4 211//4 215//4
f 212//6 213//6 216//6
f 212//6 209//6 213//6
f 218//4 223//4 222//4
f 218//4 219//4 223//4
f 220//6 221//6 224//6
f 220//6 217//6 221//6
f 226//4 231//4 230//4
f 226//4 227//4 231//4
f 228//6 229//6 232//6
f 228//6 225//6 229//6
f 234//4 239//4 238//4
f 234//4 235//4 239//4
f 236//6 237//6 240//6
f 236//6 233//6 237//6
f 242//4 247//4 246//4
f 242//4 243//4 247//4
f 244//6 245//6 248//6
f 244//6 241//6 245//6
f 250//4 255//4 254//4
f 250//4 251//4 255//4
f 252//6 253//6 256//6
f 252//6 249//6 253//6
f 258//4 263//4 262//4
f 258//4 259//4 263//4
f 260//6 261//6 264//6
f 260//6 257//6 261//6
f 266//4 271//4 270//4
f 266//4 267//4 271//4
f 268//6 269//6 272//6
f 268//6 265//6 269//6
f 274//4 279//4 278//4
f 274//4 275//4 279//4
f 276//6 277//6 280//6
f 276//6 273//6 277//6
f 282//4 287//4 286//4
f 282//4 283//4 287//4
f 284//6 285//6 288//6
f 284//6 281//6 285//6
f 290//4 295//4 294//4
f 290//4 291//4 295//4
f 292//6 293//6 296//6
f 292//6 289//6 293//6
f 298//4 303//4 302//4
f 298//4 299//4 303//4
f 299//5 304//5 303//5
f 299//5 300//5 304//5
f 300//6 301//6 304//6
f 300//6 297//6 301//6
f 305//3 310//3 309//3
f 305//3 306//3 310//3
f 306//4 311//4 310//4
f 306//4 307//4 311//4
f 308//6 309//6 312//6
f 308//6 305//6 309//6
f 313//3 318//3 317//3
f 313//3 314//3 318//3
f 314//4 319//4 318//4
f 314//4 315//4 319//4
f 316//6 317//6 320//6
f 316//6 313//6 317//6
f 321//3 326//3 325//3
f 321//3 322//3 326//3
f 322//4 327//4 326//4
f 322//4 323//4 327//4
f 324//6 325//6 328//6
f 324//6 321//6 325//6
f 333//2 334//2 335//2
f 333//2 335//2 336//2
f 329//3 334//3 333//3
f 329//3 330//3 334//3
f 330//4 335//4 334//4
f 330//4 331//4 335//4
f 332//6 333//6 336//6
f 332//6 329//6 333//6
f 337//1 339//1 338//1
f 337//1 340//1 339//1
f 337//3 342//3 341//3
f 337//3 338//3 342//3
f 338//4 343//4 342//4
f 338//4 339//4 343//4
f 339//5 344//5 343//5
f 339//5 340//5 344//5
f 340//6 341//6 344//6
f 340//6 337//6 341//6
f 346//4 351//4 350//4
f 346//4 347//4 351//4
f 347//5 352//5 351//5
f 347//5 348//5 352//5
f 348//6 349//6 352//6
f 348//6 345//6 349//6
f 354//4 359//4 358//4
f 354//4 355//4 359//4
f 355//5 360//5 359//5
f 355//5 356//5 360//5
f 356//6 357//6 360//6
f 356//6 353//6 357//6
f 362//4 367//4 366//4
f 362//4 363//4 367//4
f 363//5 368//5 367//5
f 363//5 364//5 368//5
f 364//6 365//6 368//6
f 364//6 361//6 365//6
f 370//4 375//4 374//4
f 370//4 371//4 375//4
f 371//5 376//5 375//5
f 371//5 372//5 376//5
f 372//6 373//6 376//6
f 372//6 369//6 373//6
f 378//4 383//4 382//4
f 378//4 379//4 383//4
f 379//5 384//5 383//5
f 379//5 380//5 384//5
f 380//6 381//6 384//6
f 380//6 377//6 381//6
f 386//4 391//4 390//4
f 386//4 387//4 391//4
f 388//6 389//6 392//6
f 388//6 385//6 389//6
f 394//4 399//4 398//4
f 394//4 395//4 399//4
f 396//6 397//6 400//6
f 396//6 393//6 397//6
f 402//4 407//4 406//4
f 402//4 403//4 407//4
f 403//5 408//5 407//5
f 403//5 404//5 408//5
f 404//6 405//6 408//6
f 404//6 401//6 405//6
f 410//4 415//4 414//4
f 410//4 411//4 415//4
f 411//5 416//5 415//5
f 411//5 412//5 416//5
f 412//6 413//6 416//6
f 412//6 409//6 413//6
f 418//4 423//4 422//4
f 418//4 419//4 423//4
f 419//5 424//5 423//5
f 419//5 420//5 424//5
f 420//6 421//6 424//6
f 420//6 417//6 421//6
f 426//4 431//4 430//4
f 426//4 427//4 431//4
f 427//5 432//5 431//5
f 427//5 428//5 432//5
f 428//6 429//6 432//6
f 428//6 425//6 429//6
f 434//4 439//4 438//4
f 434//4 435//4 439//4
f 436//6 437//6 440//6
f 436//6 433//6 437//6
f 442//4 447//4 446//4
f 442//4 443//4 447//4
f 443//5 448//5 447//5
f 443//5 444//5 448//5
f 444//6 445//6 448//6
f 444//6 441//6 445//6
f 450//4 455//4 454//4
f 450//4 451//4 455//4
f 451//5 456//5 455//5
f 451//5 452//5 456//5
f 452//6 453//6 456//6
f 452//6 449//6 453//6
f 458//4 463//4 462//4
f 458//4 459//4 463//4
f 459//5 464//5 463//5
f 459//5 460//5 464//5
f 460//6 461//6 464//6
f 460//6 457//6 461//6
f 466//4 471//4 470//4
f 466//4 467//4 471//4
f 467//5 472//5 471//5
f 467//5 468//5 472//5
f 468//6 469//6 472//6
f 468//6 465//6 469//6
f 474//4 479//4 478//4
f 474//4 475//4 479//4
f 475//5 480//5 479//5
f 475//5 476//5 480//5
f 476//6 477//6 480//6
f 476//6 473//6 477//6
f 482//4 487//4 486//4
f 482//4 483//4 487//4
f 483//5 488//5 487//5
f 483//5 484//5 488//5
f 484//6 485//6 488//6
f 484//6 481//6 485//6
f 493//2 494//2 495//2
f 493//2 495//2 496//2
f 490//4 495//4 494//4
f 490//4 491//4 495//4
f 491//5 496//5 495//5
f 491//5 492//5 496//5
f 492//6 493//6 496//6
f 492//6 489//6 493//6
f 497//1 499//1 498//1
f 497//1 500//1 499//1
f 498//4 503//4 502//4
f 498//4 499//4 503//4
f 499//5 504//5 503//5
f 499//5 500//5 504//5
f 500//6 501//6 504//6
f 500//6 497//6 501//6
f 506//4 511//4 510//4
f 506//4 507//4 511//4
f 507//5 512//5 511//5
f 507//5 508//5 512//5
f 508//6 509//6 512//6
f 508//6 505//6 509//6
f 515//5 520//5 519//5
f 515//5 516//5 520//5
f 516//6 517//6 520//6
f 516//6 513//6 517//6
f 525//2 526//2 527//2
f 525//2 527//2 528//2
f 523//5 528//5 527//5
f 523//5 524//5 528//5
f 524//6 525//6 528//6
f 524//6 521//6 525//6
f 529//1 531//1 530//1
f 529//1 532//1 531//1
f 530//4 535//4 534//4
f 530//4 531//4 535//4
f 531//5 536//5 535//5
f 531//5 532//5 536//5
f 532//6 533//6 536//6
f 532//6 529//6 533//6
f 541//2 542//2 543//2
f 541//2 543//2 544//2
f 539//5 544//5 543//5
f 539//5 540//5 544//5
f 540//6 541//6 544//6
f 540//6 537//6 541//6
f 545//1 547//1 546//1
f 545//1 548//1 547//1
f 549//2 550//2 551//2
f 549//2 551//2 552//2
f 547//5 552//5 551//5
f 547//5 548//5 552//5
f 548//6 549//6 552//6
f 548//6 545//6 549//6
f 553//1 555//1 554//1
f 553//1 556//1 555//1
f 557//2 558//2 559//2
f 557//2 559//2 560//2
f 553//3 558//3 557//3
f 553//3 554//3 558//3
f 554//4 559//4 558//4
f 554//4 555//4 559//4
f 556//6 557//6 560//6
f 556//6 553//6 557//6
f 561//1 563//1 562//1
f 561//1 564//1 563//1
f 565//2 566//2 567//2
f 565//2 567//2 568//2
f 561//3 566//3 565//3
f 561//3 562//3 566//3
f 562//4 567//4 566//4
f 562//4 563//4 567//4
f 564//6 565//6 568//6
f 564//6 561//6 565//6
f 569//1 571//1 570//1
f 569//1 572//1 571//1
f 569//3 574//3 573//3
f 569//3 570//3 574//3
f 570//4 575//4 574//4
f 570//4 571//4 575//4
f 572//6 573//6 576//6
f 572//6 569//6 573//6
f 577//3 582//3 581//3
f 577//3 578//3 582//3
f 578//4 583//4 582//4
f 578//4 579//4 583//4
f 580//6 581//6 584//6
f 580//6 577//6 581//6
f 585//3 590//3 589//3
f 585//3 586//3 590//3
f 586//4 591//4 590//4
f 586//4 587//4 591//4
f 588//6 589//6 592//6
f 588//6 585//6 589//6
f 597//2 598//2 599//2
f 597//2 599//2 600//2
f 593//3 598//3 597//3
f 593//3 594//3 598//3
f 594//4 599//4 598//4
f 594//4 595//4 599//4
f 596//6 597//6 600//6
f 596//6 593//6 597//6
f 601//1 603//1 602//1
f 601//1 604//1 603//1
f 605//2 606//2 607//2
f 605//2 607//2 608//2
f 601//3 606//3 605//3
f 601//3 602//3 606//3
f 602//4 607//4 606//4
f 602//4 603//4 607//4
f 604//6 605//6 608//6
f 604//6 601//6 605//6
f 609//1 611//1 610//1
f 609//1 612//1 611//1
f 613//2 614//2 615//2
f 613//2 615//2 616//2
f 609//3 614//3 613//3
f 609//3 610//3 614//3
f 610//4 615//4 614//4
f 610//4 611//4 615//4
f 612//6 613//6 616//6
f 612//6 609//6 613//6
f 617//1 619//1 618//1
f 617//1 620//1 619//1
f 621//2 622//2 623//2
f 621//2 623//2 624//2
f 617//3 622//3 621//3
f 617//3 618//3 622//3
f 618//4 623//4 622//4
f 618//4 619//4 623//4
f 620//6 621//6 624//6
f 620//6 617//6 621//6
f 625//1 627//1 626//1
f 625//1 628//1 627//1
f 625//3 630//3 629//3
f 625//3 626//3 630//3
f 626//4 631//4 630//4
f 626//4 627//4 631//4
f 628//6 629//6 632//6
f 628//6 625//6 629//6
f 634//4 639//4 638//4
f 634//4 635//4 639//4
f 636//6 637//6 640//6
f 636//6 633//6 637//6
f 641//3 646//3 645//3
f 641//3 642//3 646//3
f 642//4 647//4 646//4
f 642//4 643//4 647//4
f 644//6 645//6 648//6
f 644//6 641//6 645//6
f 650//4 655//4 654//4
f 650//4 651//4 655//4
f 652//6 653//6 656//6
f 652//6 649//6 653//6
f 657//3 662//3 661//3
f 657//3 658//3 662//3
f 658//4 663//4 662//4
f 658//4 659//4 663//4
f 660//6 661//6 664//6
f 660//6 657//6 661//6
f 665//3 670//3 669//3
f 665//3 666//3 670//3
f 666//4 671//4 670//4
f 666//4 667//4 671//4
f 668//6 669//6 672//6
f 668//6 665//6 669//6
f 674//4 679//4 678//4
f 674//4 675//4 679//4
f 676//6 677//6 680//6
f 676//6 673//6 677//6
f 682//4 687//4 686//4
f 682//4 683//4 687//4
f 684//6 685//6 688//6
f 684//6 681//6 685//6
f 690//4 695//4 694//4
f 690//4 691//4 695//4
f 692//6 693//6 696//6
f 692//6 689//6 693//6
f 698//4 703//4 702//4
f 698//4 699//4 703//4
f 700//6 701//6 704//6
f 700//6 697//6 701//6
f 705//3 710//3 709//3
f 705//3 706//3 710//3
f 706//4 711//4 710//4
f 706//4 707//4 711//4
f 708//6 709//6 712//6
f 708//6 705//6 709//6
f 714//4 719//4 718//4
f 714//4 715//4 719//4
f 716//6 717//6 720//6
f 716//6 713//6 717//6
f 721//3 726//3 725//3
f 721//3 722//3 726//3
f 722//4 727//4 726//4
f 722//4 723//4 727//4
f 724//6 725//6 728//6
f 724//6 721//6 725//6
f 730//4 735//4 734//4
f 730//4 731//4 735//4
f 732//6 733//6 736//6
f 732//6 729//6 733//6
f 737//3 742//3 741//3
f 737//3 738//3 742//3
f 738//4 743//4 742//4
f 738//4 739//4 743//4
f 740//6 741//6 744//6
f 740//6 737//6 741//6
f 745//3 750//3 749//3
f 745//3 746//3 750//3
f 746//4 751//4 750//4
f 746//4 747//4 751//4
f 748//6 749//6 752//6
f 748//6 745//6 749//6
f 754//4 759//4 758//4
f 754//4 755//4 759//4
f 756//6 757//6 760//6
f 756//6 753//6 757//6
f 761//3 766//3 765//3
f 761//3 762//3 766//3
f 762//4 767//4 766//4
f 762//4 763//4 767//4
f 764//6 765//6 768//6
f 764//6 761//6 765//6
f 769//3 774//3 773//3
f 769//3 770//3 774//3
f 770//4 775//4 774//4
f 770//4 771//4 775//4
f 772//6 773//6 776//6
f 772//6 769//6 773//6
f 777//3 782//3 781//3
f 777//3 778//3 782//3
f 778//4 783//4 782//4
f 778//4 779//4 783//4
f 780//6 781//6 784//6
f 780//6 777//6 781//6
f 785//3 790//3 789//3
f 785//3 786//3 790//3
f 786//4 791//4 790//4
f 786//4 787//4 791//4
f 788//6 789//6 792//6
f 788//6 785//6 789//6
f 793//3 798//3 797//3
f 793//3 794//3 798//3
f 794//4 799//4 798//4
f 794//4 795//4 799//4
f 796//6 797//6 800//6
f 796//6 793//6 797//6
f 801//3 806//3 805//3
f 801//3 802//3 806//3
f 802//4 807//4 806//4
f 802//4 803//4 807//4
f 804//6 805//6 808//6
f 804//6 801//6 805//6
f 813//2 814//2 815//2
f 813//2 815//2 816//2
f 809//3 814//3 813//3
f 809//3 810//3 814//3
f 810//4 815//4 814//4
f 810//4 811//4 815//4
f 812//6 813//6 816//6
f 812//6 809//6 813//6
f 817//1 819//1 818//1
f 817//1 820//1 819//1
f 817//3 822//3 821//3
f 817//3 818//3 822//3
f 818//4 823//4 822//4
f 818//4 819//4 823//4
f 820//6 821//6 824//6
f 820//6 817//6 821//6
f 826//4 831//4 830//4
f 826//4 827//4 831//4
f 828//6 829//6 832//6
f 828//6 825//6 829//6
f 834//4 839//4 838//4
f 834//4 835//4 839//4
f 836//6 837//6 840//6
f 836//6 833//6 837//6
f 842//4 847//4 846//4
f 842//4 843//4 847//4
f 844//6 845//6 848//6
f 844//6 841//6 845//6
f 850//4 855//4 854//4
f 850//4 851//4 855//4
f 852//6 853//6 856//6
f 852//6 849//6 853//6
f 858//4 863//4 862//4
f 858//4 859//4 863//4
f 860//6 861//6 864//6
f 860//6 857//6 861//6
f 866//4 871//4 870//4
f 866//4 867//4 871//4
f 868//6 869//6 872//6
f 868//6 865//6 869//6
f 874//4 879//4 878//4
f 874//4 875//4 879//4
f 876//6 877//6 880//6
f 876//6 873//6 877//6
f 882//4 887//4 886//4
f 882//4 883//4 887//4
f 884//6 885//6 888//6
f 884//6 881//6 885//6
f 890//4 895//4 894//4
f 890//4 891//4 895//4
f 892//6 893//6 896//6
f 892//6 889//6 893//6
f 898//4 903//4 902//4
f 898//4 899//4 903//4
f 900//6 901//6 904//6
f 900//6 897//6 901//6
f 906//4 911//4 910//4
f 906//4 907//4 911//4
f 908//6 909//6 912//6
f 908//6 905//6 909//6
f 914//4 919//4 918//4
f 914//4 915//4 919//4
f 916//6 917//6 920//6
f 916//6 913//6 917//6
f 922//4 927//4 926//4
f 922//4 923//4 927//4
f 924//6 925//6 928//6
f 924//6 921//6 925//6
f 930//4 935//4 934//4
f 930//4 931//4 935//4
f 932//6 933//6 936//6
f 932//6 929//6 933//6
f 938//4 943//4 942//4
f 938//4 939//4 943//4
f 940//6 941//6 944//6
f 940//6 937//6 941//6
f 946//4 951//4 950//4
f 946//4 947//4 951//4
f 948//6 949//6 952//6
f 948//6 945//6 949//6
f 954//4 959//4 958//4
f 954//4 955//4 959//4
f 956//6 957//6 960//6
f 956//6 953//6 957//6
f 962//4 967//4 966//4
f 962//4 963//4 967//4
f 964//6 965//6 968//6
f 964//6 961//6 965//6
f 970//4 975//4 974//4
f 970//4 971//4 975//4
f 972//6 973//6 976//6
f 972//6 969//6 973//6
f 978//4 983//4 982//4
f 978//4 979//4 983//4
f 980//6 981//6 984//6
f 980//6 977//6 981//6
f 986//4 991//4 990//4
f 986//4 987//4 991//4
f 988//6 989//6 992//6
f 988//6 985//6 989//6
f 994//4 999//4 998//4
f 994//4 995//4 999//4
f 996//6 997//6 1000//6
f 996//6 993//6 997//6
f 1002//4 1007//4 1006//4
f 1002//4 1003//4 1007//4
f 1004//6 1005//6 1008//6
f 1004//6 1001//6 1005//6
f 1010//4 1015//4 1014//4
f 1010//4 1011//4 1015//4
f 1012//6 1013//6 1016//6
f 1012//6 1009//6 1013//6
f 1017//3 1022//3 1021//3
f 1017//3 1018//3 1022//3
f 1018//4 1023//4 1022//4
f 1018//4 1019//4 1023//4
f 1020//6 1021//6 1024//6
f 1020//6 1017//6 1021//6
f 1025//3 1030//3 1029//3
f 1025//3 1026//3 1030//3
f 1026//4 1031//4 1030//4
f 1026//4 1027//4 1031//4
f 1028//6 1029//6 1032//6
f 1028//6 1025//6 1029//6
f 1037//2 1038//2 1039//2
f 1037//2 1039//2 1040//2
f 1033//3 1038//3 1037//3
f 1033//3 1034//3 1038//3
f 1034//4 1039//4 1038//4
f 1034//4 1035//4 1039//4
f 1036//6 1037//6 1040//6
f 1036//6 1033//6 1037//6
f 1041//1 1043//1 1042//1
f 1041//1 1044//1 1043//1
f 1042//4 1047//4 1046//4
f 1042//4 1043//4 1047//4
f 1044//6 1045//6 1048//6
f 1044//6 1041//6 1045//6
f 1050//4 1055//4 1054//4
f 1050//4 1051//4 1055//4
f 1052//6 1053//6 1056//6
f 1052//6 1049//6 1053//6
f 1058//4 1063//4 1062//4
f 1058//4 1059//4 1063//4
f 1060//6 1061//6 1064//6
f 1060//6 1057//6 1061//6
f 1066//4 1071//4 1070//4
f 1066//4 1067//4 1071//4
f 1068//6 1069//6 1072//6
f 1068//6 1065//6 1069//6
f 1074//4 1079//4 1078//4
f 1074//4 1075//4 1079//4
f 1076//6 1077//6 1080//6
f 1076//6 1073//6 1077//6
f 1082//4 1087//4 1086//4
f 1082//4 1083//4 1087//4
f 1084//6 1085//6 1088//6
f 1084//6 1081//6 1085//6
f 1090//4 1095//4 1094//4
f 1090//4 1091//4 1095//4
f 1092//6 1093//6 1096//6
f 1092//6 1089//6 1093//6
f 1098//4 1103//4 1102//4
f 1098//4 1099//4 1103//4
f 1099//5 1104//5 1103//5
f 1099//5 1100//5 1104//5
f 1100//6 1101//6 1104//6
f 1100//6 1097//6 1101//6
f 1106//4 1111//4 1110//4
f 1106//4 1107//4 1111//4
f 1107//5 1112//5 1111//5
f 1107//5 1108//5 1112//5
f 1108//6 1109//6 1112//6
f 1108//6 1105//6 1109//6
f 1114//4 1119//4 1118//4
f 1114//4 1115//4 1119//4
f 1115//5 1120//5 1119//5
f 1115//5 1116//5 1120//5
f 1116//6 1117//6 1120//6
f 1116//6 1113//6 1117//6
f 1122//4 1127//4 1126//4
f 1122//4 1123//4 1127//4
f 1124//6 1125//6 1128//6
f 1124//6 1121//6 1125//6
f 1130//4 1135//4 1134//4
f 1130//4 1131//4 1135//4
f 1131//5 1136//5 1135//5
f 1131//5 1132//5 1136//5
f 1132//6 1133//6 1136//6
f 1132//6 1129//6 1133//6
f 1138//4 1143//4 1142//4
f 1138//4 1139//4 1143//4
f 1139//5 1144//5 1143//5
f 1139//5 1140//5 1144//5
f 1140//6 1141//6 1144//6
f 1140//6 1137//6 1141//6
f 1146//4 1151//4 1150//4
f 1146//4 1147//4 1151//4
f 1147//5 1152//5 1151//5
f 1147//5 1148//5 1152//5
f 1148//6 1149//6 1152//6
f 1148//6 1145//6 1149//6
f 1154//4 1159//4 1158//4
f 1154//4 1155//4 1159//4
f 1155//5 1160//5 1159//5
f 1155//5 1156//5 1160//5
f 1156//6 1157//6 1160//6
f 1156//6 1153//6 1157//6
f 1162//4 1167//4 1166//4
f 1162//4 1163//4 1167//4
f 1163//5 1168//5 1167//5
f 1163//5 1164//5 1168//5
f 1164//6 1165//6 1168//6
f 1164//6 1161//6 1165//6
f 1170//4 1175//4 1174//4
f 1170//4 1171//4 1175//4
f 1171//5 1176//5 1175//5
f 1171//5 1172//5 1176//5
f 1172//6 1173//6 1176//6
f 1172//6 1169//6 1173//6
f 1178//4 1183//4 1182//4
f 1178//4 1179//4 1183//4
f 1179//5 1184//5 1183//5
f 1179//5 1180//5 1184//5
f 1180//6 1181//6 1184//6
f 1180//6 1177//6 1181//6
f 1186//4 1191//4 1190//4
f 1186//4 1187//4 1191//4
f 1187//5 1192//5 1191//5
f 1187//5 1188//5 1192//5
f 1188//6 1189//6 1192//6
f 1188//6 1185//6 1189//6
f 1194//4 1199//4 1198//4
f 1194//4 1195//4 1199//4
f 1195//5 1200//5 1199//5
f 1195//5 1196//5 1200//5
f 1196//6 1197//6 1200//6
f 1196//6 1193//6 1197//6
f 1202//4 1207//4 1206//4
f 1202//4 1203//4 1207//4
f 1203//5 1208//5 1207//5
f 1203//5 1204//5 1208//5
f 1204//6 1205//6 1208//6
f 1204//6 1201//6 1205//6
f 1210//4 1215//4 1214//4
f 1210//4 1211//4 1215//4
f 1211//5 1216//5 1215//5
f 1211//5 1212//5 1216//5
f 1212//6 1213//6 1216//6
f 1212//6 1209//6 1213//6
f 1218//4 1223//4 1222//4
f 1218//4 1219//4 1223//4
f 1219//5 1224//5 1223//5
f 1219//5 1220//5 1224//5
f 1220//6 1221//6 1224//6
f 1220//6 1217//6 1221//6
f 1226//4 1231//4 1230//4
f 1226//4 1227//4 1231//4
f 1227//5 1232//5 1231//5
f 1227//5 1228//5 1232//5
f 1228//6 1229//6 1232//6
f 1228//6 1225//6 1229//6
f 1234//4 1239//4 1238//4
f 1234//4 1235//4 1239//4
f 1235//5 1240//5 1239//5
f 1235//5 1236//5 1240//5
f 1236//6 1237//6 1240//6
f 1236//6 1233//6 1237//6
f 1242//4 1247//4 1246//4
f 1242//4 1243//4 1247//4
f 1243//5 1248//5 1247//5
f 1243//5 1244//5 1248//5
f 1244//6 1245//6 1248//6
f 1244//6 1241//6 1245//6
f 1250//4 1255//4 1254//4
f 1250//4 1251//4 1255//4
f 1252//6 1253//6 1256//6
f 1252//6 1249//6 1253//6
f 1258//4 1263//4 1262//4
f 1258//4 1259//4 1263//4
f 1260//6 1261//6 1264//6
f 1260//6 1257//6 1261//6
f 1265//3 1270//3 1269//3
f 1265//3 1266//3 1270//3
f 1266//4 1271//4 1270//4
f 1266//4 1267//4 1271//4
f 1268//6 1269//6 1272//6
f 1268//6 1265//6 1269//6
f 1277//2 1278//2 1279//2
f 1277//2 1279//2 1280//2
f 1273//3 1278//3 1277//3
f 1273//3 1274//3 1278//3
f 1274//4 1279//4 1278//4
f 1274//4 1275//4 1279//4
f 1276//6 1277//6 1280//6
f 1276//6 1273//6 1277//6
f 1281//1 1283//1 1282//1
f 1281//1 1284//1 1283//1
f 1282//4 1287//4 1286//4
f 1282//4 1283//4 1287//4
f 1283//5 1288//5 1287//5
f 1283//5 1284//5 1288//5
f 1284//6 1285//6 1288//6
f 1284//6 1281//6 1285//6
f 1290//4 1295//4 1294//4
f 1290//4 1291//4 1295//4
f 1292//6 1293//6 1296//6
f 1292//6 1289//6 1293//6
f 1298//4 1303//4 1302//4
f 1298//4 1299//4 1303//4
f 1300//6 1301//6 1304//6
f 1300//6 1297//6 1301//6
f 1306//4 1311//4 1310//4
f 1306//4 1307//4 1311//4
f 1308//6 1309//6 1312//6
f 1308//6 1305//6 1309//6
f 1314//4 1319//4 1318//4
f 1314//4 1315//4 1319//4
f 1316//6 1317//6 1320//6
f 1316//6 1313//6 1317//6
f 1322//4 1327//4 1326//4
f 1322//4 1323//4 1327//4
f 1324//6 1325//6 1328//6
f 1324//6 1321//6 1325//6
f 1333//2 1334//2 1335//2
f 1333//2 1335//2 1336//2
f 1330//4 1335//4 1334//4
f 1330//4 1331//4 1335//4
f 1331//5 1336//5 1335//5
f 1331//5 1332//5 1336//5
f 1332//6 1333//6 1336//6
f 1332//6 1329//6 1333//6
f 1337//1 1339//1 1338//1
f 1337//1 1340//1 1339//1
f 1341//2 1342//2 1343//2
f 1341//2 1343//2 1344//2
f 1338//4 1343//4 1342//4
f 1338//4 1339//4 1343//4
f 1339//5 1344//5 1343//5
f 1339//5 1340//5 1344//5
f 1340//6 1341//6 1344//6
f 1340//6 1337//6 1341//6
f 1345//1 1347//1 1346//1
f 1345//1 1348//1 1347//1
f 1346//4 1351//4 1350//4
f 1346//4 1347//4 1351//4
f 1347//5 1352//5 1351//5
f 1347//5 1348//5 1352//5
f 1348//6 1349//6 1352//6
f 1348//6 1345//6 1349//6
f 1354//4 1359//4 1358//4
f 1354//4 1355//4 1359//4
f 1355//5 1360//5 1359//5
f 1355//5 1356//5 1360//5
f 1356//6 1357//6 1360//6
f 1356//6 1353//6 1357//6
f 1362//4 1367//4 1366//4
f 1362//4 1363//4 1367//4
f 1363//5 1368//5 1367//5
f 1363//5 1364//5 1368//5
f 1364//6 1365//6 1368//6
f 1364//6 1361//6 1365//6
f 1370//4 1375//4 1374//4
f 1370//4 1371//4 1375//4
f 1371//5 1376//5 1375//5
f 1371//5 1372//5 1376//5
f 1372//6 1373//6 1376//6
f 1372//6 1369//6 1373//6
f 1381//2 1382//2 1383//2
f 1381//2 1383//2 1384//2
f 1377//3 1382//3 1381//3
f 1377//3 1378//3 1382//3
f 1378//4 1383//4 1382//4
f 1378//4 1379//4 1383//4
f 1380//6 1381//6 1384//6
f 1380//6 1377//6 1381//6
f 1385//1 1387//1 1386//1
f 1385//1 1388//1 1387//1
f 1386//4 1391//4 1390//4
f 1386//4 1387//4 1391//4
f 1388//6 1389//6 1392//6
f 1388//6 1385//6 1389//6
f 1394//4 1399//4 1398//4
f 1394//4 1395//4 1399//4
f 1396//6 1397//6 1400//6
f 1396//6 1393//6 1397//6
f 1402//4 1407//4 1406//4
f 1402//4 1403//4 1407//4
f 1404//6 1405//6 1408//6
f 1404//6 1401//6 1405//6
f 1410//4 1415//4 1414//4
f 1410//4 1411//4 1415//4
f 1412//6 1413//6 1416//6
f 1412//6 1409//6 1413//6
f 1421//2 1422//2 1423//2
f 1421//2 1423//2 1424//2
f 1418//4 1423//4 1422//4
f 1418//4 1419//4 1423//4
f 1419//5 1424//5 1423//5
f 1419//5 1420//5 1424//5
f 1420//6 1421//6 1424//6
f 1420//6 1417//6 1421//6
f 1425//1 1427//1 1426//1
f 1425//1 1428//1 1427//1
f 1426//4 1431//4 1430//4
f 1426//4 1427//4 1431//4
f 1428//6 1429//6 1432//6
f 1428//6 1425//6 1429//6
f 1433//3 1438//3 1437//3
f 1433//3 1434//3 1438//3
f 1434//4 1439//4 1438//4
f 1434//4 1435//4 1439//4
f 1436//6 1437//6 1440//6
f 1436//6 1433//6 1437//6
f 1445//2 1446//2 1447//2
f 1445//2 1447//2 1448//2
f 1441//3 1446//3 1445//3
f 1441//3 1442//3 1446//3
f 1443//5 1448//5 1447//5
f 1443//5 1444//5 1448//5
f 1444//6 1445//6 1448//6
f 1444//6 1441//6 1445//6
f 1449//1 1451//1 1450//1
f 1449//1 1452//1 1451//1
f 1450//4 1455//4 1454//4
f 1450//4 1451//4 1455//4
f 1451//5 1456//5 1455//5
f 1451//5 1452//5 1456//5
f 1452//6 1453//6 1456//6
f 1452//6 1449//6 1453//6
f 1458//4 1463//4 1462//4
f 1458//4 1459//4 1463//4
f 1460//6 1461//6 1464//6
f 1460//6 1457//6 1461//6
f 1466//4 1471//4 1470//4
f 1466//4 1467//4 1471//4
f 1468//6 1469//6 1472//6
f 1468//6 1465//6 1469//6
f 1477//2 1478//2 1479//2
f 1477//2 1479//2 1480//2
f 1474//4 1479//4 1478//4
f 1474//4 1475//4 1479//4
f 1476//6 1477//6 1480//6
f 1476//6 1473//6 1477//6
f 1481//1 1483//1 1482//1
f 1481//1 1484//1 1483//1
f 1485//2 1486//2 1487//2
f 1485//2 1487//2 1488//2
f 1481//3 1486//3 1485//3
f 1481//3 1482//3 1486//3
f 1482//4 1487//4 1486//4
f 1482//4 1483//4 1487//4
f 1484//6 1485//6 1488//6
f 1484//6 1481//6 1485//6
f 1489//1 1491//1 1490//1
f 1489//1 1492//1 1491//1
f 1489//3 1494//3 1493//3
f 1489//3 1490//3 1494//3
f 1491//5 1496//5 1495//5
f 1491//5 1492//5 1496//5
f 1497//3 1502//3 1501//3
f 1497//3 1498//3 1502//3
f 1499//5 1504//5 1503//5
f 1499//5 1500//5 1504//5
f 1507//5 1512//5 1511//5
f 1507//5 1508//5 1512//5
f 1508//6 1509//6 1512//6
f 1508//6 1505//6 1509//6
f 1517//2 1518//2 1519//2
f 1517//2 1519//2 1520//2
f 1515//5 1520//5 1519//5
f 1515//5 1516//5 1520//5
f 1516//6 1517//6 1520//6
f 1516//6 1513//6 1517//6
f 1521//1 1523//1 1522//1
f 1521//1 1524//1 1523//1
f 1522//4 1527//4 1526//4
f 1522//4 1523//4 1527//4
f 1523//5 1528//5 1527//5
f 1523//5 1524//5 1528//5
f 1524//6 1525//6 1528//6
f 1524//6 1521//6 1525//6
f 1530//4 1535//4 1534//4
f 1530//4 1531//4 1535//4
f 1531//5 1536//5 1535//5
f 1531//5 1532//5 1536//5
f 1532//6 1533//6 1536//6
f 1532//6 1529//6 1533//6
f 1538//4 1543//4 1542//4
f 1538//4 1539//4 1543//4
f 1539//5 1544//5 1543//5
f 1539//5 1540//5 1544//5
f 1540//6 1541//6 1544//6
f 1540//6 1537//6 1541//6
f 1545//3 1550//3 1549//3
f 1545//3 1546//3 1550//3
f 1546//4 1551//4 1550//4
f 1546//4 1547//4 1551//4
f 1548//6 1549//6 1552//6
f 1548//6 1545//6 1549//6
f 1553//3 1558//3 1557//3
f 1553//3 1554//3 1558//3
f 1554//4 1559//4 1558//4
f 1554//4 1555//4 1559//4
f 1556//6 1557//6 1560//6
f 1556//6 1553//6 1557//6
f 1561//3 1566//3 1565//3
f 1561//3 1562//3 1566//3
f 1562//4 1567//4 1566//4
f 1562//4 1563//4 1567//4
f 1564//6 1565//6 1568//6
f 1564//6 1561//6 1565//6
f 1569//3 1574//3 1573//3
f 1569//3 1570//3 1574//3
f 1570//4 1575//4 1574//4
f 1570//4 1571//4 1575//4
f 1572//6 1573//6 1576//6
f 1572//6 1569//6 1573//6
f 1581//2 1582//2 1583//2
f 1581//2 1583//2 1584//2
f 1577//3 1582//3 1581//3
f 1577//3 1578//3 1582//3
f 1578//4 1583//4 1582//4
f 1578//4 1579//4 1583//4
f 1580//6 1581//6 1584//6
f 1580//6 1577//6 1581//6
f 1585//1 1587//1 1586//1
f 1585//1 1588//1 1587//1
f 1585//3 1590//3 1589//3
f 1585//3 1586//3 1590//3
f 1586//4 1591//4 1590//4
f 1586//4 1587//4 1591//4
f 1587//5 1592//5 1591//5
f 1587//5 1588//5 1592//5
f 1593//3 1598//3 1597//3
f 1593//3 1594//3 1598//3
f 1594//4 1599//4 1598//4
f 1594//4 1595//4 1599//4
f 1596//6 1597//6 1600//6
f 1596//6 1593//6 1597//6
f 1601//3 1606//3 1605//3
f 1601//3 1602//3 1606//3
f 1602//4 1607//4 1606//4
f 1602//4 1603//4 1607//4
f 1603//5 1608//5 1607//5
f 1603//5 1604//5 1608//5
f 1604//6 1605//6 1608//6
f 1604//6 1601//6 1605//6
f 1609//3 1614//3 1613//3
f 1609//3 1610//3 1614//3
f 1610//4 1615//4 1614//4
f 1610//4 1611//4 1615//4
f 1611//5 1616//5 1615//5
f 1611//5 1612//5 1616//5
f 1612//6 1613//6 1616//6
f 1612//6 1609//6 1613//6
f 1617//3 1622//3 1621//3
f 1617//3 1618//3 1622//3
f 1618//4 1623//4 1622//4
f 1618//4 1619//4 1623//4
f 1620//6 1621//6 1624//6
f 1620//6 1617//6 1621//6
f 1625//3 1630//3 1629//3
f 1625//3 1626//3 1630//3
f 1626//4 1631//4 1630//4
f 1626//4 1627//4 1631//4
f 1627//5 1632//5 1631//5
f 1627//5 1628//5 1632//5
f 1633//3 1638//3 1637//3
f 1633//3 1634//3 1638//3
f 1634//4 1639//4 1638//4
f 1634//4 1635//4 1639//4
f 1635//5 1640//5 1639//5
f 1635//5 1636//5 1640//5
f 1636//6 1637//6 1640//6
f 1636//6 1633//6 1637//6
f 1641//3 1646//3 1645//3
f 1641//3 1642//3 1646//3
f 1642//4 1647//4 1646//4
f 1642//4 1643//4 1647//4
f 1643//5 1648//5 1647//5
f 1643//5 1644//5 1648//5
f 1644//6 1645//6 1648//6
f 1644//6 1641//6 1645//6
f 1649//3 1654//3 1653//3
f 1649//3 1650//3 1654//3
f 1650//4 1655//4 1654//4
f 1650//4 1651//4 1655//4
f 1651//5 1656//5 1655//5
f 1651//5 1652//5 1656//5
f 1652//6 1653//6 1656//6
f 1652//6 1649//6 1653//6
f 1657//3 1662//3 1661//3
f 1657//3 1658//3 1662//3
f 1658//4 1663//4 1662//4
f 1658//4 1659//4 1663//4
f 1659//5 1664//5 1663//5
f 1659//5 1660//5 1664//5
f 1660//6 1661//6 1664//6
f 1660//6 1657//6 1661//6
f 1665//3 1670//3 1669//3
f 1665//3 1666//3 1670//3
f 1666//4 1671//4 1670//4
f 1666//4 1667//4 1671//4
f 1667//5 1672//5 1671//5
f 1667//5 1668//5 1672//5
f 1668//6 1669//6 1672//6
f 1668//6 1665//6 1669//6
f 1673//3 1678//3 1677//3
f 1673//3 1674//3 1678//3
f 1674//4 1679//4 1678//4
f 1674//4 1675//4 1679//4
f 1675//5 1680//5 1679//5
f 1675//5 1676//5 1680//5
f 1676//6 1677//6 1680//6
f 1676//6 1673//6 1677//6
f 1681//3 1686//3 1685//3
f 1681//3 1682//3 1686//3
f 1682//4 1687//4 1686//4
f 1682//4 1683//4 1687//4
f 1683//5 1688//5 1687//5
f 1683//5 1684//5 1688//5
f 1684//6 1685//6 1688//6
f 1684//6 1681//6 1685//6
f 1690//4 1695//4 1694//4
f 1690//4 1691//4 1695//4
f 1691//5 1696//5 1695//5
f 1691//5 1692//5 1696//5
f 1692//6 1693//6 1696//6
f 1692//6 1689//6 1693//6
f 1697//3 1702//3 1701//3
f 1697//3 1698//3 1702//3
f 1699//5 1704//5 1703//5
f 1699//5 1700//5 1704//5
f 1700//6 1701//6 1704//6
f 1700//6 1697//6 1701//6
f 1709//2 1710//2 1711//2
f 1709//2 1711//2 1712//2
f 1705//3 1710//3 1709//3
f 1705//3 1706//3 1710//3
f 1707//5 1712//5 1711//5
f 1707//5 1708//5 1712//5
f 1708//6 1709//6 1712//6
f 1708//6 1705//6 1709//6
f 1713//1 1715//1 1714//1
f 1713//1 1716//1 1715//1
f 1714//4 1719//4 1718//4
f 1714//4 1715//4 1719//4
f 1715//5 1720//5 1719//5
f 1715//5 1716//5 1720//5
f 1716//6 1717//6 1720//6
f 1716//6 1713//6 1717//6
f 1722//4 1727//4 1726//4
f 1722//4 1723//4 1727//4
f 1723//5 1728//5 1727//5
f 1723//5 1724//5 1728//5
f 1724//6 1725//6 1728//6
f 1724//6 1721//6 1725//6
f 1730//4 1735//4 1734//4
f 1730//4 1731//4 1735//4
f 1731//5 1736//5 1735//5
f 1731//5 1732//5 1736//5
f 1732//6 1733//6 1736//6
f 1732//6 1729//6 1733//6
f 1738//4 1743//4 1742//4
f 1738//4 1739//4 1743//4
f 1739//5 1744//5 1743//5
f 1739//5 1740//5 1744//5
f 1740//6 1741//6 1744//6
f 1740//6 1737//6 1741//6
f 1746//4 1751//4 1750//4
f 1746//4 1747//4 1751//4
f 1747//5 1752//5 1751//5
f 1747//5 1748//5 1752//5
f 1748//6 1749//6 1752//6
f 1748//6 1745//6 1749//6
f 1753//3 1758//3 1757//3
f 1753//3 1754//3 1758//3
f 1754//4 1759//4 1758//4
f 1754//4 1755//4 1759//4
f 1755//5 1760//5 1759//5
f 1755//5 1756//5 1760//5
f 1756//6 1757//6 1760//6
f 1756//6 1753//6 1757//6
f 1765//2 1766//2 1767//2
f 1765//2 1767//2 1768//2
f 1761//3 1766//3 1765//3
f 1761//3 1762//3 1766//3
f 1762//4 1767//4 1766//4
f 1762//4 1763//4 1767//4
f 1763//5 1768//5 1767//5
f 1763//5 1764//5 1768//5
f 1764//6 1765//6 1768//6
f 1764//6 1761//6 1765//6
f 1769//1 1771//1 1770//1
f 1769//1 1772//1 1771//1
f 1773//2 1774//2 1775//2
f 1773//2 1775//2 1776//2
f 1771//5 1776//5 1775//5
f 1771//5 1772//5 1776//5
f 1772//6 1773//6 1776//6
f 1772//6 1769//6 1773//6
f 1777//1 1779//1 1778//1
f 1777//1 1780//1 1779//1
f 1781//2 1782//2 1783//2
f 1781//2 1783//2 1784//2
f 1779//5 1784//5 1783//5
f 1779//5 1780//5 1784//5
f 1780//6 1781//6 1784//6
f 1780//6 1777//6 1781//6
f 1785//1 1787//1 1786//1
f 1785//1 1788//1 1787//1
f 1785//3 1790//3 1789//3
f 1785//3 1786//3 1790//3
f 1788//6 1789//6 1792//6
f 1788//6 1785//6 1789//6
f 1793//3 1798//3 1797//3
f 1793//3 1794//3 1798//3
f 1796//6 1797//6 1800//6
f 1796//6 1793//6 1797//6
f 1801//3 1806//3 1805//3
f 1801//3 1802//3 1806//3
f 1802//4 1807//4 1806//4
f 1802//4 1803//4 1807//4
f 1804//6 1805//6 1808//6
f 1804//6 1801//6 1805//6
f 1809//3 1814//3 1813//3
f 1809//3 1810//3 1814//3
f 1810//4 1815//4 1814//4
f 1810//4 1811//4 1815//4
f 1812//6 1813//6 1816//6
f 1812//6 1809//6 1813//6
f 1817//3 1822//3 1821//3
f 1817//3 1818//3 1822//3
f 1818//4 1823//4 1822//4
f 1818//4 1819//4 1823//4
f 1820//6 1821//6 1824//6
f 1820//6 1817//6 1821//6
f 1825//3 1830//3 1829//3
f 1825//3 1826//3 1830//3
f 1826//4 1831//4 1830//4
f 1826//4 1827//4 1831//4
f 1828//6 1829//6 1832//6
f 1828//6 1825//6 1829//6
f 1833//3 1838//3 1837//3
f 1833//3 1834//3 1838//3
f 1834//4 1839//4 1838//4
f 1834//4 1835//4 1839//4
f 1836//6 1837//6 1840//6
f 1836//6 1833//6 1837//6
f 1841//3 1846//3 1845//3
f 1841//3 1842//3 1846//3
f 1842//4 1847//4 1846//4
f 1842//4 1843//4 1847//4
f 1844//6 1845//6 1848//6
f 1844//6 1841//6 1845//6
f 1849//3 1854//3 1853//3
f 1849//3 1850//3 1854//3
f 1850//4 1855//4 1854//4
f 1850//4 1851//4 1855//4
f 1852//6 1853//6 1856//6
f 1852//6 1849//6 1853//6
f 1857//3 1862//3 1861//3
f 1857//3 1858//3 1862//3
f 1858//4 1863//4 1862//4
f 1858//4 1859//4 1863//4
f 1860//6 1861//6 1864//6
f 1860//6 1857//6 1861//6
f 1865//3 1870//3 1869//3
f 1865//3 1866//3 1870//3
f 1866//4 1871//4 1870//4
f 1866//4 1867//4 1871//4
f 1868//6 1869//6 1872//6
f 1868//6 1865//6 1869//6
f 1873//3 1878//3 1877//3
f 1873//3 1874//3 1878//3
f 1874//4 1879//4 1878//4
f 1874//4 1875//4 1879//4
f 1876//6 1877//6 1880//6
f 1876//6 1873//6 1877//6
f 1881//3 1886//3 1885//3
f 1881//3 1882//3 1886//3
f 1882//4 1887//4 1886//4
f 1882//4 1883//4 1887//4
f 1884//6 1885//6 1888//6
f 1884//6 1881//6 1885//6
f 1889//3 1894//3 1893//3
f 1889//3 1890//3 1894//3
f 1892//6 1893//6 1896//6
f 1892//6 1889//6 1893//6
f 1897//3 1902//3 1901//3
f 1897//3 1898//3 1902//3
f 1898//4 1903//4 1902//4
f 1898//4 1899//4 1903//4
f 1900//6 1901//6 1904//6
f 1900//6 1897//6 1901//6
f 1905//3 1910//3 1909//3
f 1905//3 1906//3 1910//3
f 1908//6 1909//6 1912//6
f 1908//6 1905//6 1909//6
f 1913//3 1918//3 1917//3
f 1913//3 1914//3 1918//3
f 1916//6 1917//6 1920//6
f 1916//6 1913//6 1917//6
f 1921//3 1926//3 1925//3
f 1921//3 1922//3 1926//3
f 1924//6 1925//6 1928//6
f 1924//6 1921//6 1925//6
f 1929//3 1934//3 1933//3
f 1929//3 1930//3 1934//3
f 1930//4 1935//4 1934//4
f 1930//4 1931//4 1935//4
f 1932//6 1933//6 1936//6
f 1932//6 1929//6 1933//6
f 1937//3 1942//3 1941//3
f 1937//3 1938//3 1942//3
f 1938//4 1943//4 1942//4
f 1938//4 1939//4 1943//4
f 1940//6 1941//6 1944//6
f 1940//6 1937//6 1941//6
f 1949//2 1950//2 1951//2
f 1949//2 1951//2 1952//2
f 1945//3 1950//3 1949//3
f 1945//3 1946//3 1950//3
f 1946//4 1951//4 1950//4
f 1946//4 1947//4 1951//4
f 1948//6 1949//6 1952//6
f 1948//6 1945//6 1949//6
f 1953//1 1955//1 1954//1
f 1953//1 1956//1 1955//1
f 1953//3 1958//3 1957//3
f 1953//3 1954//3 1958//3
f 1954//4 1959//4 1958//4
f 1954//4 1955//4 1959//4
f 1956//6 1957//6 1960//6
f 1956//6 1953//6 1957//6
f 1962//4 1967//4 1966//4
f 1962//4 1963//4 1967//4
f 1964//6 1965//6 1968//6
f 1964//6 1961//6 1965//6
f 1970//4 1975//4 1974//4
f 1970//4 1971//4 1975//4
f 1971//5 1976//5 1975//5
f 1971//5 1972//5 1976//5
f 1972//6 1973//6 1976//6
f 1972//6 1969//6 1973//6
f 1978//4 1983//4 1982//4
f 1978//4 1979//4 1983//4
f 1980//6 1981//6 1984//6
f 1980//6 1977//6 1981//6
f 1986//4 1991//4 1990//4
f 1986//4 1987//4 1991//4
f 1987//5 1992//5 1991//5
f 1987//5 1988//5 1992//5
f 1988//6 1989//6 1992//6
f 1988//6 1985//6 1989//6
f 1994//4 1999//4 1998//4
f 1994//4 1995//4 1999//4
f 1996//6 1997//6 2000//6
f 1996//6 1993//6 1997//6
f 2002//4 2007//4 2006//4
f 2002//4 2003//4 2007//4
f 2004//6 2005//6 2008//6
f 2004//6 2001//6 2005//6
f 2010//4 2015//4 2014//4
f 2010//4 2011//4 2015//4
f 2011//5 2016//5 2015//5
f 2011//5 2012//5 2016//5
f 2012//6 2013//6 2016//6
f 2012//6 2009//6 2013//6
f 2018//4 2023//4 2022//4
f 2018//4 2019//4 2023//4
f 2019//5 2024//5 2023//5
f 2019//5 2020//5 2024//5
f 2020//6 2021//6 2024//6
f 2020//6 2017//6 2021//6
f 2026//4 2031//4 2030//4
f 2026//4 2027//4 2031//4
f 2027//5 2032//5 2031//5
f 2027//5 2028//5 2032//5
f 2028//6 2029//6 2032//6
f 2028//6 2025//6 2029//6
f 2034//4 2039//4 2038//4
f 2034//4 2035//4 2039//4
f 2035//5 2040//5 2039//5
f 2035//5 2036//5 2040//5
f 2036//6 2037//6 2040//6
f 2036//6 2033//6 2037//6
f 2042//4 2047//4 2046//4
f 2042//4 2043//4 2047//4
f 2044//6 2045//6 2048//6
f 2044//6 2041//6 2045//6
f 2050//4 2055//4 2054//4
f 2050//4 2051//4 2055//4
f 2051//5 2056//5 2055//5
f 2051//5 2052//5 2056//5
f 2052//6 2053//6 2056//6
f 2052//6 2049//6 2053//6
f 2058//4 2063//4 2062//4
f 2058//4 2059//4 2063//4
f 2060//6 2061//6 2064//6
f 2060//6 2057//6 2061//6
f 2066//4 2071//4 2070//4
f 2066//4 2067//4 2071//4
f 2067//5 2072//5 2071//5
f 2067//5 2068//5 2072//5
f 2068//6 2069//6 2072//6
f 2068//6 2065//6 2069//6
f 2074//4 2079//4 2078//4
f 2074//4 2075//4 2079//4
f 2076//6 2077//6 2080//6
f 2076//6 2073//6 2077//6
f 2082//4 2087//4 2086//4
f 2082//4 2083//4 2087//4
f 2084//6 2085//6 2088//6
f 2084//6 2081//6 2085//6
f 2090//4 2095//4 2094//4
f 2090//4 2091//4 2095//4
f 2091//5 2096//5 2095//5
f 2091//5 2092//5 2096//5
f 2092//6 2093//6 2096//6
f 2092//6 2089//6 2093//6
f 2098//4 2103//4 2102//4
f 2098//4 2099//4 2103//4
f 2100//6 2101//6 2104//6
f 2100//6 2097//6 2101//6
f 2106//4 2111//4 2110//4
f 2106//4 2107//4 2111//4
f 2108//6 2109//6 2112//6
f 2108//6 2105//6 2109//6
f 2114//4 2119//4 2118//4
f 2114//4 2115//4 2119//4
f 2116//6 2117//6 2120//6
f 2116//6 2113//6 2117//6
f 2122//4 2127//4 2126//4
f 2122//4 2123//4 2127//4
f 2124//6 2125//6 2128//6
f 2124//6 2121//6 2125//6
f 2129//3 2134//3 2133//3
f 2129//3 2130//3 2134//3
f 2130//4 2135//4 2134//4
f 2130//4 2131//4 2135//4
f 2132//6 2133//6 2136//6
f 2132//6 2129//6 2133//6
f 2141//2 2142//2 2143//2
f 2141//2 2143//2 2144//2
f 2137//3 2142//3 2141//3
f 2137//3 2138//3 2142//3
f 2138//4 2143//4 2142//4
f 2138//4 2139//4 2143//4
f 2140//6 2141//6 2144//6
f 2140//6 2137//6 2141//6
f 2145//1 2147//1 2146//1
f 2145//1 2148//1 2147//1
f 2146//4 2151//4 2150//4
f 2146//4 2147//4 2151//4
f 2148//6 2149//6 2152//6
f 2148//6 2145//6 2149//6
f 2157//2 2158//2 2159//2
f 2157//2 2159//2 2160//2
f 2154//4 2159//4 2158//4
f 2154//4 2155//4 2159//4
f 2155//5 2160//5 2159//5
f 2155//5 2156//5 2160//5
f 2156//6 2157//6 2160//6
f 2156//6 2153//6 2157//6
f 2161//1 2163//1 2162//1
f 2161//1 2164//1 2163//1
f 2165//2 2166//2 2167//2
f 2165//2 2167//2 2168//2
f 2162//4 2167//4 2166//4
f 2162//4 2163//4 2167//4
f 2163//5 2168//5 2167//5
f 2163//5 2164//5 2168//5
f 2164//6 2165//6 2168//6
f 2164//6 2161//6 2165//6
f 2169//1 2171//1 2170//1
f 2169//1 2172//1 2171//1
f 2170//4 2175//4 2174//4
f 2170//4 2171//4 2175//4
f 2171//5 2176//5 2175//5
f 2171//5 2172//5 2176//5
f 2172//6 2173//6 2176//6
f 2172//6 2169//6 2173//6
f 2181//2 2182//2 2183//2
f 2181//2 2183//2 2184//2
f 2178//4 2183//4 2182//4
f 2178//4 2179//4 2183//4
f 2179//5 2184//5 2183//5
f 2179//5 2180//5 2184//5
f 2180//6 2181//6 2184//6
f 2180//6 2177//6 2181//6
f 2185//1 2187//1 2186//1
f 2185//1 2188//1 2187//1
f 2189//2 2190//2 2191//2
f 2189//2 2191//2 2192//2
f 2186//4 2191//4 2190//4
f 2186//4 2187//4 2191//4
f 2187//5 2192//5 2191//5
f 2187//5 2188//5 2192//5
f 2188//6 2189//6 2192//6
f 2188//6 2185//6 2189//6
f 2193//1 2195//1 2194//1
f 2193//1 2196//1 2195//1
f 2197//2 2198//2 2199//2
f 2197//2 2199//2 2200//2
f 2194//4 2199//4 2198//4
f 2194//4 2195//4 2199//4
f 2195//5 2200//5 2199//5
f 2195//5 2196//5 2200//5
f 2196//6 2197//6 2200//6
f 2196//6 2193//6 2197//6
f 2201//1 2203//1 2202//1
f 2201//1 2204//1 2203//1
f 2202//4 2207//4 2206//4
f 2202//4 2203//4 2207//4
f 2203//5 2208//5 2207//5
f 2203//5 2204//5 2208//5
f 2204//6 2205//6 2208//6
f 2204//6 2201//6 2205//6
f 2213//2 2214//2 2215//2
f 2213//2 2215//2 2216//2
f 2210//4 2215//4 2214//4
f 2210//4 2211//4 2215//4
f 2211//5 2216//5 2215//5
f 2211//5 2212//5 2216//5
f 2212//6 2213//6 2216//6
f 2212//6 2209//6 2213//6
f 2217//1 2219//1 2218//1
f 2217//1 2220//1 2219//1
f 2218//4 2223//4 2222//4
f 2218//4 2219//4 2223//4
f 2219//5 2224//5 2223//5
f 2219//5 2220//5 2224//5
f 2220//6 2221//6 2224//6
f 2220//6 2217//6 2221//6
f 2226//4 2231//4 2230//4
f 2226//4 2227//4 2231//4
f 2227//5 2232//5 2231//5
f 2227//5 2228//5 2232//5
f 2228//6 2229//6 2232//6
f 2228//6 2225//6 2229//6
f 2234//4 2239//4 2238//4
f 2234//4 2235//4 2239//4
f 2235//5 2240//5 2239//5
f 2235//5 2236//5 2240//5
f 2236//6 2237//6 2240//6
f 2236//6 2233//6 2237//6
f 2242//4 2247//4 2246//4
f 2242//4 2243//4 2247//4
f 2243//5 2248//5 2247//5
f 2243//5 2244//5 2248//5
f 2244//6 2245//6 2248//6
f 2244//6 2241//6 2245//6
f 2250//4 2255//4 2254//4
f 2250//4 2251//4 2255//4
f 2251//5 2256//5 2255//5
f 2251//5 2252//5 2256//5
f 2252//6 2253//6 2256//6
f 2252//6 2249//6 2253//6
f 2258//4 2263//4 2262//4
f 2258//4 2259//4 2263//4
f 2259//5 2264//5 2263//5
f 2259//5 2260//5 2264//5
f 2260//6 2261//6 2264//6
f 2260//6 2257//6 2261//6
f 2269//2 2270//2 2271//2
f 2269//2 2271//2 2272//2
f 2265//3 2270//3 2269//3
f 2265//3 2266//3 2270//3
f 2266//4 2271//4 2270//4
f 2266//4 2267//4 2271//4
f 2267//5 2272//5 2271//5
f 2267//5 2268//5 2272//5
f 2268//6 2269//6 2272//6
f 2268//6 2265//6 2269//6
f 2273//1 2275//1 2274//1
f 2273//1 2276//1 2275//1
f 2277//2 2278//2 2279//2
f 2277//2 2279//2 2280//2
f 2274//4 2279//4 2278//4
f 2274//4 2275//4 2279//4
f 2275//5 2280//5 2279//5
f 2275//5 2276//5 2280//5
f 2276//6 2277//6 2280//6
f 2276//6 2273//6 2277//6
f 2281//1 2283//1 2282//1
f 2281//1 2284//1 2283//1
f 2281//3 2286//3 2285//3
f 2281//3 2282//3 2286//3
f 2282//4 2287//4 2286//4
f 2282//4 2283//4 2287//4
f 2283//5 2288//5 2287//5
f 2283//5 2284//5 2288//5
f 2284//6 2285//6 2288//6
f 2284//6 2281//6 2285//6
f 2289//3 2294//3 2293//3
f 2289//3 2290//3 2294//3
f 2290//4 2295//4 2294//4
f 2290//4 2291//4 2295//4
f 2291//5 2296//5 2295//5
f 2291//5 2292//5 2296//5
f 2292//6 2293//6 2296//6
f 2292//6 2289//6 2293//6
f 2301//2 2302//2 2303//2
f 2301//2 2303//2 2304//2
f 2297//3 2302//3 2301//3
f 2297//3 2298//3 2302//3
f 2298//4 2303//4 2302//4
f 2298//4 2299//4 2303//4
f 2299//5 2304//5 2303//5
f 2299//5 2300//5 2304//5
f 2300//6 2301//6 2304//6
f 2300//6 2297//6 2301//6
f 2305//1 2307//1 2306//1
f 2305//1 2308//1 2307//1
f 2305//3 2310//3 2309//3
f 2305//3 2306//3 2310//3
f 2306//4 2311//4 2310//4
f 2306//4 2307//4 2311//4
f 2307//5 2312//5 2311//5
f 2307//5 2308//5 2312//5
f 2308//6 2309//6 2312//6
f 2308//6 2305//6 2309//6
f 2317//2 2318//2 2319//2
f 2317//2 2319//2 2320//2
f 2313//3 2318//3 2317//3
f 2313//3 2314//3 2318//3
f 2315//5 2320//5 2319//5
f 2315//5 2316//5 2320//5
f 2316//6 2317//6 2320//6
f 2316//6 2313//6 2317//6
f 2321//1 2323//1 2322//1
f 2321//1 2324//1 2323//1
f 2321//3 2326//3 2325//3
f 2321//3 2322//3 2326//3
f 2322//4 2327//4 2326//4
f 2322//4 2323//4 2327//4
f 2323//5 2328//5 2327//5
f 2323//5 2324//5 2328//5
f 2324//6 2325//6 2328//6
f 2324//6 2321//6 2325//6
f 2333//2 2334//2 2335//2
f 2333//2 2335//2 2336//2
f 2329//3 2334//3 2333//3
f 2329//3 2330//3 2334//3
f 2330//4 2335//4 2334//4
f 2330//4 2331//4 2335//4
f 2332//6 2333//6 2336//6
f 2332//6 2329//6 2333//6
f 2337//1 2339//1 2338//1
f 2337//1 2340//1 2339//1
f 2338//4 2343//4 2342//4
f 2338//4 2339//4 2343//4
f 2339//5 2344//5 2343//5
f 2339//5 2340//5 2344//5
f 2340//6 2341//6 2344//6
f 2340//6 2337//6 2341//6
f 2349//2 2350//2 2351//2
f 2349//2 2351//2 2352//2
f 2345//3 2350//3 2349//3
f 2345//3 2346//3 2350//3
f 2348//6 2349//6 2352//6
f 2348//6 2345//6 2349//6
f 2353//1 2355//1 2354//1
f 2353//1 2356//1 2355//1
f 2357//2 2358//2 2359//2
f 2357//2 2359//2 2360//2
f 2353//3 2358//3 2357//3
f 2353//3 2354//3 2358//3
f 2354//4 2359//4 2358//4
f 2354//4 2355//4 2359//4
f 2356//6 2357//6 2360//6
f 2356//6 2353//6 2357//6
f 2361//1 2363//1 2362//1
f 2361//1 2364//1 2363//1
f 2365//2 2366//2 2367//2
f 2365//2 2367//2 2368//2
f 2369//1 2371//1 2370//1
f 2369//1 2372//1 2371//1
f 2369//3 2374//3 2373//3
f 2369//3 2370//3 2374//3
f 2370//4 2375//4 2374//4
f 2370//4 2371//4 2375//4
f 2372//6 2373//6 2376//6
f 2372//6 2369//6 2373//6
f 2381//2 2382//2 2383//2
f 2381//2 2383//2 2384//2
f 2378//4 2383//4 2382//4
f 2378//4 2379//4 2383//4
f 2380//6 2381//6 2384//6
f 2380//6 2377//6 2381//6
f 2385//1 2387//1 2386//1
f 2385//1 2388//1 2387//1
f 2385//3 2390//3 2389//3
f 2385//3 2386//3 2390//3
f 2386//4 2391//4 2390//4
f 2386//4 2387//4 2391//4
f 2387//5 2392//5 2391//5
f 2387//5 2388//5 2392//5
f 2393//3 2398//3 2397//3
f 2393//3 2394//3 2398//3
f 2395//5 2400//5 2399//5
f 2395//5 2396//5 2400//5
f 2401//3 2406//3 2405//3
f 2401//3 2402//3 2406//3
f 2403//5 2408//5 2407//5
f 2403//5 2404//5 2408//5
f 2409//3 2414//3 2413//3
f 2409//3 2410//3 2414//3
f 2411//5 2416//5 2415//5
f 2411//5 2412//5 2416//5
f 2421//2 2422//2 2423//2
f 2421//2 2423//2 2424//2
f 2419//5 2424//5 2423//5
f 2419//5 2420//5 2424//5
f 2420//6 2421//6 2424//6
f 2420//6 2417//6 2421//6
f 2425//1 2427//1 2426//1
f 2425//1 2428//1 2427//1
f 2426//4 2431//4 2430//4
f 2426//4 2427//4 2431//4
f 2427//5 2432//5 2431//5
f 2427//5 2428//5 2432//5
f 2428//6 2429//6 2432//6
f 2428//6 2425//6 2429//6
f 2434//4 2439//4 2438//4
f 2434//4 2435//4 2439//4
f 2436//6 2437//6 2440//6
f 2436//6 2433//6 2437//6
f 2445//2 2446//2 2447//2
f 2445//2 2447//2 2448//2
f 2441//3 2446//3 2445//3
f 2441//3 2442//3 2446//3
f 2442//4 2447//4 2446//4
f 2442//4 2443//4 2447//4
f 2444//6 2445//6 2448//6
f 2444//6 2441//6 2445//6
f 2449//1 2451//1 2450//1
f 2449//1 2452//1 2451//1
f 2449//3 2454//3 2453//3
f 2449//3 2450//3 2454//3
f 2451//5 2456//5 2455//5
f 2451//5 2452//5 2456//5
f 2461//2 2462//2 2463//2
f 2461//2 2463//2 2464//2
f 2457//3 2462//3 2461//3
f 2457//3 2458//3 2462//3
f 2459//5 2464//5 2463//5
f 2459//5 2460//5 2464//5
f 2465//1 2467//1 2466//1
f 2465//1 2468//1 2467//1
f 2466//4 2471//4 2470//4
f 2466//4 2467//4 2471//4
f 2467//5 2472//5 2471//5
f 2467//5 2468//5 2472//5
f 2468//6 2469//6 2472//6
f 2468//6 2465//6 2469//6
f 2474//4 2479//4 2478//4
f 2474//4 2475//4 2479//4
f 2475//5 2480//5 2479//5
f 2475//5 2476//5 2480//5
f 2476//6 2477//6 2480//6
f 2476//6 2473//6 2477//6
f 2481//3 2486//3 2485//3
f 2481//3 2482//3 2486//3
f 2482//4 2487//4 2486//4
f 2482//4 2483//4 2487//4
f 2484//6 2485//6 2488//6
f 2484//6 2481//6 2485//6
f 2489//3 2494//3 2493//3
f 2489//3 2490//3 2494//3
f 2490//4 2495//4 2494//4
f 2490//4 2491//4 2495//4
f 2492//6 2493//6 2496//6
f 2492//6 2489//6 2493//6
f 2501//2 2502//2 2503//2
f 2501//2 2503//2 2504//2
f 2497//3 2502//3 2501//3
f 2497//3 2498//3 2502//3
f 2498//4 2503//4 2502//4
f 2498//4 2499//4 2503//4
f 2500//6 2501//6 2504//6
f 2500//6 2497//6 2501//6
f 2505//1 2507//1 2506//1
f 2505//1 2508//1 2507//1
f 2505//3 2510//3 2509//3
f 2505//3 2506//3 2510//3
f 2506//4 2511//4 2510//4
f 2506//4 2507//4 2511//4
f 2508//6 2509//6 2512//6
f 2508//6 2505//6 2509//6
f 2513//3 2518//3 2517//3
f 2513//3 2514//3 2518//3
f 2514//4 2519//4 2518//4
f 2514//4 2515//4 2519//4
f 2515//5 2520//5 2519//5
f 2515//5 2516//5 2520//5
f 2521//3 2526//3 2525//3
f 2521//3 2522//3 2526//3
f 2522//4 2527//4 2526//4
f 2522//4 2523//4 2527//4
f 2524//6 2525//6 2528//6
f 2524//6 2521//6 2525//6
f 2529//3 2534//3 2533//3
f 2529//3 2530//3 2534//3
f 2530//4 2535//4 2534//4
f 2530//4 2531//4 2535//4
f 2531//5 2536//5 2535//5
f 2531//5 2532//5 2536//5
f 2532//6 2533//6 2536//6
f 2532//6 2529//6 2533//6
f 2537//3 2542//3 2541//3
f 2537//3 2538//3 2542//3
f 2538//4 2543//4 2542//4
f 2538//4 2539//4 2543//4
f 2539//5 2544//5 2543//5
f 2539//5 2540//5 2544//5
f 2545//3 2550//3 2549//3
f 2545//3 2546//3 2550//3
f 2546//4 2551//4 2550//4
f 2546//4 2547//4 2551//4
f 2547//5 2552//5 2551//5
f 2547//5 2548//5 2552//5
f 2548//6 2549//6 2552//6
f 2548//6 2545//6 2549//6
f 2553//3 2558//3 2557//3
f 2553//3 2554//3 2558//3
f 2554//4 2559//4 2558//4
f 2554//4 2555//4 2559//4
f 2555//5 2560//5 2559//5
f 2555//5 2556//5 2560//5
f 2556//6 2557//6 2560//6
f 2556//6 2553//6 2557//6
f 2561//3 2566//3 2565//3
f 2561//3 2562//3 2566//3
f 2562//4 2567//4 2566//4
f 2562//4 2563//4 2567//4
f 2563//5 2568//5 2567//5
f 2563//5 2564//5 2568//5
f 2564//6 2565//6 2568//6
f 2564//6 2561//6 2565//6
f 2569//3 2574//3 2573//3
f 2569//3 2570//3 2574//3
f 2570//4 2575//4 2574//4
f 2570//4 2571//4 2575//4
f 2571//5 2576//5 2575//5
f 2571//5 2572//5 2576//5
f 2572//6 2573//6 2576//6
f 2572//6 2569//6 2573//6
f 2577//3 2582//3 2581//3
f 2577//3 2578//3 2582//3
f 2578//4 2583//4 2582//4
f 2578//4 2579//4 2583//4
f 2579//5 2584//5 2583//5
f 2579//5 2580//5 2584//5
f 2580//6 2581//6 2584//6
f 2580//6 2577//6 2581//6
f 2585//3 2590//3 2589//3
f 2585//3 2586//3 2590//3
f 2586//4 2591//4 2590//4
f 2586//4 2587//4 2591//4
f 2587//5 2592//5 2591//5
f 2587//5 2588//5 2592//5
f 2588//6 2589//6 2592//6
f 2588//6 2585//6 2589//6
f 2593//3 2598//3 2597//3
f 2593//3 2594//3 2598//3
f 2594//4 2599//4 2598//4
f 2594//4 2595//4 2599//4
f 2595//5 2600//5 2599//5
f 2595//5 2596//5 2600//5
f 2596//6 2597//6 2600//6
f 2596//6 2593//6 2597//6
f 2601//3 2606//3 2605//3
f 2601//3 2602//3 2606//3
f 2603//5 2608//5 2607//5
f 2603//5 2604//5 2608//5
f 2604//6 2605//6 2608//6
f 2604//6 2601//6 2605//6
f 2613//2 2614//2 2615//2
f 2613//2 2615//2 2616//2
f 2609//3 2614//3 2613//3
f 2609//3 2610//3 2614//3
f 2611//5 2616//5 2615//5
f 2611//5 2612//5 2616//5
f 2612//6 2613//6 2616//6
f 2612//6 2609//6 2613//6
f 2617//1 2619//1 2618//1
f 2617//1 2620//1 2619//1
f 2618//4 2623//4 2622//4
f 2618//4 2619//4 2623//4
f 2619//5 2624//5 2623//5
f 2619//5 2620//5 2624//5
f 2620//6 2621//6 2624//6
f 2620//6 2617//6 2621//6
f 2626//4 2631//4 2630//4
f 2626//4 2627//4 2631//4
f 2627//5 2632//5 2631//5
f 2627//5 2628//5 2632//5
f 2628//6 2629//6 2632//6
f 2628//6 2625//6 2629//6
f 2634//4 2639//4 2638//4
f 2634//4 2635//4 2639//4
f 2635//5 2640//5 2639//5
f 2635//5 2636//5 2640//5
f 2636//6 2637//6 2640//6
f 2636//6 2633//6 2637//6
f 2641//3 2646//3 2645//3
f 2641//3 2642//3 2646//3
f 2642//4 2647//4 2646//4
f 2642//4 2643//4 2647//4
f 2643//5 2648//5 2647//5
f 2643//5 2644//5 2648//5
f 2644//6 2645//6 2648//6
f 2644//6 2641//6 2645//6
f 2649//3 2654//3 2653//3
f 2649//3 2650//3 2654//3
f 2650//4 2655//4 2654//4
f 2650//4 2651//4 2655//4
f 2651//5 2656//5 2655//5
f 2651//5 2652//5 2656//5
f 2652//6 2653//6 2656//6
f 2652//6 2649//6 2653//6
f 2657//3 2662//3 2661//3
f 2657//3 2658//3 2662//3
f 2658//4 2663//4 2662//4
f 2658//4 2659//4 2663//4
f 2659//5 2664//5 2663//5
f 2659//5 2660//5 2664//5
f 2660//6 2661//6 2664//6
f 2660//6 2657//6 2661//6
f 2665//3 2670//3 2669//3
f 2665//3 2666//3 2670//3
f 2666//4 2671//4 2670//4
f 2666//4 2667//4 2671//4
f 2667//5 2672//5 2671//5
f 2667//5 2668//5 2672//5
f 2668//6 2669//6 2672//6
f 2668//6 2665//6 2669//6
f 2673//3 2678//3 2677//3
f 2673//3 2674//3 2678//3
f 2674//4 2679//4 2678//4
f 2674//4 2675//4 2679//4
f 2675//5 2680//5 2679//5
f 2675//5 2676//5 2680//5
f 2676//6 2677//6 2680//6
f 2676//6 2673//6 2677//6
f 2681//3 2686//3 2685//3
f 2681//3 2682//3 2686//3
f 2682//4 2687//4 2686//4
f 2682//4 2683//4 2687//4
f 2683//5 2688//5 2687//5
f 2683//5 2684//5 2688//5
f 2684//6 2685//6 2688//6
f 2684//6 2681//6 2685//6
f 2689//3 2694//3 2693//3
f 2689//3 2690//3 2694//3
f 2690//4 2695//4 2694//4
f 2690//4 2691//4 2695//4
f 2691//5 2696//5 2695//5
f 2691//5 2692//5 2696//5
f 2692//6 2693//6 2696//6
f 2692//6 2689//6 2693//6
f 2697//3 2702//3 2701//3
f 2697//3 2698//3 2702//3
f 2698//4 2703//4 2702//4
f 2698//4 2699//4 2703//4
f 2699//5 2704//5 2703//5
f 2699//5 2700//5 2704//5
f 2700//6 2701//6 2704//6
f 2700//6 2697//6 2701//6
f 2709//2 2710//2 2711//2
f 2709//2 2711//2 2712//2
f 2706//4 2711//4 2710//4
f 2706//4 2707//4 2711//4
f 2707//5 2712//5 2711//5
f 2707//5 2708//5 2712//5
f 2708//6 2709//6 2712//6
f 2708//6 2705//6 2709//6
f 2713//1 2715//1 2714//1
f 2713//1 2716//1 2715//1
f 2717//2 2718//2 2719//2
f 2717//2 2719//2 2720//2
f 2715//5 2720//5 2719//5
f 2715//5 2716//5 2720//5
f 2716//6 2717//6 2720//6
f 2716//6 2713//6 2717//6
f 2721//1 2723//1 2722//1
f 2721//1 2724//1 2723//1
f 2721//3 2726//3 2725//3
f 2721//3 2722//3 2726//3
f 2723//5 2728//5 2727//5
f 2723//5 2724//5 2728//5
f 2724//6 2725//6 2728//6
f 2724//6 2721//6 2725//6
f 2729//3 2734//3 2733//3
f 2729//3 2730//3 2734//3
f 2730//4 2735//4 2734//4
f 2730//4 2731//4 2735//4
f 2731//5 2736//5 2735//5
f 2731//5 2732//5 2736//5
f 2732//6 2733//6 2736//6
f 2732//6 2729//6 2733//6
f 2737//3 2742//3 2741//3
f 2737//3 2738//3 2742//3
f 2738//4 2743//4 2742//4
f 2738//4 2739//4 2743//4
f 2739//5 2744//5 2743//5
f 2739//5 2740//5 2744//5
f 2740//6 2741//6 2744//6
f 2740//6 2737//6 2741//6
f 2745//3 2750//3 2749//3
f 2745//3 2746//3 2750//3
f 2746//4 2751//4 2750//4
f 2746//4 2747//4 2751//4
f 2747//5 2752//5 2751//5
f 2747//5 2748//5 2752//5
f 2748//6 2749//6 2752//6
f 2748//6 2745//6 2749//6
f 2753//3 2758//3 2757//3
f 2753//3 2754//3 2758//3
f 2754//4 2759//4 2758//4
f 2754//4 2755//4 2759//4
f 2755//5 2760//5 2759//5
f 2755//5 2756//5 2760//5
f 2756//6 2757//6 2760//6
f 2756//6 2753//6 2757//6
f 2761//3 2766//3 2765//3
f 2761//3 2762//3 2766//3
f 2763//5 2768//5 2767//5
f 2763//5 2764//5 2768//5
f 2764//6 2765//6 2768//6
f 2764//6 2761//6 2765//6
f 2769//3 2774//3 2773//3
f 2769//3 2770//3 2774//3
f 2771//5 2776//5 2775//5
f 2771//5 2772//5 2776//5
f 2772//6 2773//6 2776//6
f 2772//6 2769//6 2773//6
f 2777//3 2782//3 2781//3
f 2777//3 2778//3 2782//3
f 2779//5 2784//5 2783//5
f 2779//5 2780//5 2784//5
f 2780//6 2781//6 2784//6
f 2780//6 2777//6 2781//6
f 2785//3 2790//3 2789//3
f 2785//3 2786//3 2790//3
f 2786//4 2791//4 2790//4
f 2786//4 2787//4 2791//4
f 2787//5 2792//5 2791//5
f 2787//5 2788//5 2792//5
f 2788//6 2789//6 2792//6
f 2788//6 2785//6 2789//6
f 2797//2 2798//2 2799//2
f 2797//2 2799//2 2800//2
f 2793//3 2798//3 2797//3
f 2793//3 2794//3 2798//3
f 2795//5 2800//5 2799//5
f 2795//5 2796//5 2800//5
f 2796//6 2797//6 2800//6
f 2796//6 2793//6 2797//6
f 2801//1 2803//1 2802//1
f 2801//1 2804//1 2803//1
f 2801//3 2806//3 2805//3
f 2801//3 2802//3 2806//3
f 2803//5 2808//5 2807//5
f 2803//5 2804//5 2808//5
f 2804//6 2805//6 2808//6
f 2804//6 2801//6 2805//6
f 2809//3 2814//3 2813//3
f 2809//3 2810//3 2814//3
f 2811//5 2816//5 2815//5
f 2811//5 2812//5 2816//5
f 2812//6 2813//6 2816//6
f 2812//6 2809//6 2813//6
f 2821//2 2822//2 2823//2
f 2821//2 2823//2 2824//2
f 2817//3 2822//3 2821//3
f 2817//3 2818//3 2822//3
f 2819//5 2824//5 2823//5
f 2819//5 2820//5 2824//5
f 2820//6 2821//6 2824//6
f 2820//6 2817//6 2821//6
f 2825//1 2827//1 2826//1
f 2825//1 2828//1 2827//1
f 2825//3 2830//3 2829//3
f 2825//3 2826//3 2830//3
f 2827//5 2832//5 2831//5
f 2827//5 2828//5 2832//5
f 2837//2 2838//2 2839//2
f 2837//2 2839//2 2840//2
f 2833//3 2838//3 2837//3
f 2833//3 2834//3 2838//3
f 2834//4 2839//4 2838//4
f 2834//4 2835//4 2839//4
f 2835//5 2840//5 2839//5
f 2835//5 2836//5 2840//5
f 2841//1 2843//1 2842//1
f 2841//1 2844//1 2843//1
f 2845//2 2846//2 2847//2
f 2845//2 2847//2 2848//2
f 2841//3 2846//3 2845//3
f 2841//3 2842//3 2846//3
f 2842//4 2847//4 2846//4
f 2842//4 2843//4 2847//4
f 2843//5 2848//5 2847//5
f 2843//5 2844//5 2848//5
f 2849//1 2851//1 2850//1
f 2849//1 2852//1 2851//1
f 2849//3 2854//3 2853//3
f 2849//3 2850//3 2854//3
f 2850//4 2855//4 2854//4
f 2850//4 2851//4 2855//4
f 2851//5 2856//5 2855//5
f 2851//5 2852//5 2856//5
f 2857//3 2862//3 2861//3
f 2857//3 2858//3 2862//3
f 2858//4 2863//4 2862//4
f 2858//4 2859//4 2863//4
f 2859//5 2864//5 2863//5
f 2859//5 2860//5 2864//5
f 2869//2 2870//2 2871//2
f 2869//2 2871//2 2872//2
f 2865//3 2870//3 2869//3
f 2865//3 2866//3 2870//3
f 2866//4 2871//4 2870//4
f 2866//4 2867//4 2871//4
f 2867//5 2872//5 2871//5
f 2867//5 2868//5 2872//5
f 2873//1 2875//1 2874//1
f 2873//1 2876//1 2875//1
f 2873//3 2878//3 2877//3
f 2873//3 2874//3 2878//3
f 2874//4 2879//4 2878//4
f 2874//4 2875//4 2879//4
f 2875//5 2880//5 2879//5
f 2875//5 2876//5 2880//5
f 2876//6 2877//6 2880//6
f 2876//6 2873//6 2877//6
f 2885//2 2886//2 2887//2
f 2885//2 2887//2 2888//2
f 2881//3 2886//3 2885//3
f 2881//3 2882//3 2886//3
f 2883//5 2888//5 2887//5
f 2883//5 2884//5 2888//5
f 2884//6 2885//6 2888//6
f 2884//6 2881//6 2885//6
f 2889//1 2891//1 2890//1
f 2889//1 2892//1 2891//1
f 2893//2 2894//2 2895//2
f 2893//2 2895//2 2896//2
f 2889//3 2894//3 2893//3
f 2889//3 2890//3 2894//3
f 2891//5 2896//5 2895//5
f 2891//5 2892//5 2896//5
f 2892//6 2893//6 2896//6
f 2892//6 2889//6 2893//6
f 2897//1 2899//1 2898//1
f 2897//1 2900//1 2899//1
f 2897//3 2902//3 2901//3
f 2897//3 2898//3 2902//3
f 2898//4 2903//4 2902//4
f 2898//4 2899//4 2903//4
f 2899//5 2904//5 2903//5
f 2899//5 2900//5 2904//5
f 2900//6 2901//6 2904//6
f 2900//6 2897//6 2901//6
f 2909//2 2910//2 2911//2
f 2909//2 2911//2 2912//2
f 2905//3 2910//3 2909//3
f 2905//3 2906//3 2910//3
f 2906//4 2911//4 2910//4
f 2906//4 2907//4 2911//4
f 2908//6 2909//6 2912//6
f 2908//6 2905//6 2909//6
f 2913//1 2915//1 2914//1
f 2913//1 2916//1 2915//1
f 2914//4 2919//4 2918//4
f 2914//4 2915//4 2919//4
f 2915//5 2920//5 2919//5
f 2915//5 2916//5 2920//5
f 2916//6 2917//6 2920//6
f 2916//6 2913//6 2917//6
f 2921//3 2926//3 2925//3
f 2921//3 2922//3 2926//3
f 2922//4 2927//4 2926//4
f 2922//4 2923//4 2927//4
f 2923//5 2928//5 2927//5
f 2923//5 2924//5 2928//5
f 2924//6 2925//6 2928//6
f 2924//6 2921//6 2925//6
f 2933//2 2934//2 2935//2
f 2933//2 2935//2 2936//2
f 2929//3 2934//3 2933//3
f 2929//3 2930//3 2934//3
f 2930//4 2935//4 2934//4
f 2930//4 2931//4 2935//4
f 2931//5 2936//5 2935//5
f 2931//5 2932//5 2936//5
f 2932//6 2933//6 2936//6
f 2932//6 2929//6 2933//6
f 2937//1 2939//1 2938//1
f 2937//1 2940//1 2939//1
f 2941//2 2942//2 2943//2
f 2941//2 2943//2 2944//2
f 2937//3 2942//3 2941//3
f 2937//3 2938//3 2942//3
f 2938//4 2943//4 2942//4
f 2938//4 2939//4 2943//4
f 2939//5 2944//5 2943//5
f 2939//5 2940//5 2944//5
f 2940//6 2941//6 2944//6
f 2940//6 2937//6 2941//6
f 2945//1 2947//1 2946//1
f 2945//1 2948//1 2947//1
f 2945//3 2950//3 2949//3
f 2945//3 2946//3 2950//3
f 2946//4 2951//4 2950//4
f 2946//4 2947//4 2951//4
f 2947//5 2952//5 2951//5
f 2947//5 2948//5 2952//5
f 2953//3 2958//3 2957//3
f 2953//3 2954//3 2958//3
f 2954//4 2959//4 2958//4
f 2954//4 2955//4 2959//4
f 2955//5 2960//5 2959//5
f 2955//5 2956//5 2960//5
f 2956//6 2957//6 2960//6
f 2956//6 2953//6 2957//6
f 2965//2 2966//2 2967//2
f 2965//2 2967//2 2968//2
f 2961//3 2966//3 2965//3
f 2961//3 2962//3 2966//3
f 2962//4 2967//4 2966//4
f 2962//4 2963//4 2967//4
f 2963//5 2968//5 2967//5
f 2963//5 2964//5 2968//5
f 2964//6 2965//6 2968//6
f 2964//6 2961//6 2965//6
f 2969//1 2971//1 2970//1
f 2969//1 2972//1 2971//1
f 2973//2 2974//2 2975//2
f 2973//2 2975//2 2976//2
f 2969//3 2974//3 2973//3
f 2969//3 2970//3 2974//3
f 2972//6 2973//6 2976//6
f 2972//6 2969//6 2973//6
f 2977//1 2979//1 2978//1
f 2977//1 2980//1 2979//1
f 2981//2 2982//2 2983//2
f 2981//2 2983//2 2984//2
f 2985//1 2987//1 2986//1
f 2985//1 2988//1 2987//1
f 2989//2 2990//2 2991//2
f 2989//2 2991//2 2992//2
f 2993//1 2995//1 2994//1
f 2993//1 2996//1 2995//1
f 2993//3 2998//3 2997//3
f 2993//3 2994//3 2998//3
f 2994//4 2999//4 2998//4
f 2994//4 2995//4 2999//4
f 2995//5 3000//5 2999//5
f 2995//5 2996//5 3000//5
f 3001//3 3006//3 3005//3
f 3001//3 3002//3 3006//3
f 3002//4 3007//4 3006//4
f 3002//4 3003//4 3007//4
f 3003//5 3008//5 3007//5
f 3003//5 3004//5 3008//5
f 3009//3 3014//3 3013//3
f 3009//3 3010//3 3014//3
f 3011//5 3016//5 3015//5
f 3011//5 3012//5 3016//5
f 3021//2 3022//2 3023//2
f 3021//2 3023//2 3024//2
f 3019//5 3024//5 3023//5
f 3019//5 3020//5 3024//5
f 3025//1 3027//1 3026//1
f 3025//1 3028//1 3027//1
f 3025//3 3030//3 3029//3
f 3025//3 3026//3 3030//3
f 3027//5 3032//5 3031//5
f 3027//5 3028//5 3032//5
f 3033//3 3038//3 3037//3
f 3033//3 3034//3 3038//3
f 3035//5 3040//5 3039//5
f 3035//5 3036//5 3040//5
f 3045//2 3046//2 3047//2
f 3045//2 3047//2 3048//2
f 3041//3 3046//3 3045//3
f 3041//3 3042//3 3046//3
f 3043//5 3048//5 3047//5
f 3043//5 3044//5 3048//5
f 3044//6 3045//6 3048//6
f 3044//6 3041//6 3045//6
f 3049//1 3051//1 3050//1
f 3049//1 3052//1 3051//1
f 3053//2 3054//2 3055//2
f 3053//2 3055//2 3056//2
f 3049//3 3054//3 3053//3
f 3049//3 3050//3 3054//3
f 3050//4 3055//4 3054//4
f 3050//4 3051//4 3055//4
f 3051//5 3056//5 3055//5
f 3051//5 3052//5 3056//5
f 3052//6 3053//6 3056//6
f 3052//6 3049//6 3053//6
f 3057//1 3059//1 3058//1
f 3057//1 3060//1 3059//1
f 3057//3 3062//3 3061//3
f 3057//3 3058//3 3062//3
f 3059//5 3064//5 3063//5
f 3059//5 3060//5 3064//5
f 3069//2 3070//2 3071//2
f 3069//2 3071//2 3072//2
f 3065//3 3070//3 3069//3
f 3065//3 3066//3 3070//3
f 3067//5 3072//5 3071//5
f 3067//5 3068//5 3072//5
f 3073//1 3075//1 3074//1
f 3073//1 3076//1 3075//1
f 3073//3 3078//3 3077//3
f 3073//3 3074//3 3078//3
f 3074//4 3079//4 3078//4
f 3074//4 3075//4 3079//4
f 3076//6 3077//6 3080//6
f 3076//6 3073//6 3077//6
f 3085//2 3086//2 3087//2
f 3085//2 3087//2 3088//2
f 3081//3 3086//3 3085//3
f 3081//3 3082//3 3086//3
f 3082//4 3087//4 3086//4
f 3082//4 3083//4 3087//4
f 3084//6 3085//6 3088//6
f 3084//6 3081//6 3085//6
f 3089//1 3091//1 3090//1
f 3089//1 3092//1 3091//1
f 3089//3 3094//3 3093//3
f 3089//3 3090//3 3094//3
f 3090//4 3095//4 3094//4
f 3090//4 3091//4 3095//4
f 3092//6 3093//6 3096//6
f 3092//6 3089//6 3093//6
f 3097//3 3102//3 3101//3
f 3097//3 3098//3 3102//3
f 3098//4 3103//4 3102//4
f 3098//4 3099//4 3103//4
f 3099//5 3104//5 3103//5
f 3099//5 3100//5 3104//5
f 3105//3 3110//3 3109//3
f 3105//3 3106//3 3110//3
f 3106//4 3111//4 3110//4
f 3106//4 3107//4 3111//4
f 3108//6 3109//6 3112//6
f 3108//6 3105//6 3109//6
f 3113//3 3118//3 3117//3
f 3113//3 3114//3 3118//3
f 3114//4 3119//4 3118//4
f 3114//4 3115//4 3119//4
f 3115//5 3120//5 3119//5
f 3115//5 3116//5 3120//5
f 3116//6 3117//6 3120//6
f 3116//6 3113//6 3117//6
f 3121//3 3126//3 3125//3
f 3121//3 3122//3 3126//3
f 3122//4 3127//4 3126//4
f 3122//4 3123//4 3127//4
f 3124//6 3125//6 3128//6
f 3124//6 3121//6 3125//6
f 3129//3 3134//3 3133//3
f 3129//3 3130//3 3134//3
f 3130//4 3135//4 3134//4
f 3130//4 3131//4 3135//4
f 3131//5 3136//5 3135//5
f 3131//5 3132//5 3136//5
f 3132//6 3133//6 3136//6
f 3132//6 3129//6 3133//6
f 3137//3 3142//3 3141//3
f 3137//3 3138//3 3142//3
f 3138//4 3143//4 3142//4
f 3138//4 3139//4 3143//4
f 3139//5 3144//5 3143//5
f 3139//5 3140//5 3144//5
f 3140//6 3141//6 3144//6
f 3140//6 3137//6 3141//6
f 3145//3 3150//3 3149//3
f 3145//3 3146//3 3150//3
f 3146//4 3151//4 3150//4
f 3146//4 3147//4 3151//4
f 3147//5 3152//5 3151//5
f 3147//5 3148//5 3152//5
f 3148//6 3149//6 3152//6
f 3148//6 3145//6 3149//6
f 3153//3 3158//3 3157//3
f 3153//3 3154//3 3158//3
f 3154//4 3159//4 3158//4
f 3154//4 3155//4 3159//4
f 3155//5 3160//5 3159//5
f 3155//5 3156//5 3160//5
f 3156//6 3157//6 3160//6
f 3156//6 3153//6 3157//6
f 3161//3 3166//3 3165//3
f 3161//3 3162//3 3166//3
f 3162//4 3167//4 3166//4
f 3162//4 3163//4 3167//4
f 3163//5 3168//5 3167//5
f 3163//5 3164//5 3168//5
f 3164//6 3165//6 3168//6
f 3164//6 3161//6 3165//6
f 3173//2 3174//2 3175//2
f 3173//2 3175//2 3176//2
f 3169//3 3174//3 3173//3
f 3169//3 3170//3 3174//3
f 3171//5 3176//5 3175//5
f 3171//5 3172//5 3176//5
f 3172//6 3173//6 3176//6
f 3172//6 3169//6 3173//6
f 3177//1 3179//1 3178//1
f 3177//1 3180//1 3179//1
f 3178//4 3183//4 3182//4
f 3178//4 3179//4 3183//4
f 3179//5 3184//5 3183//5
f 3179//5 3180//5 3184//5
f 3180//6 3181//6 3184//6
f 3180//6 3177//6 3181//6
f 3186//4 3191//4 3190//4
f 3186//4 3187//4 3191//4
f 3187//5 3192//5 3191//5
f 3187//5 3188//5 3192//5
f 3188//6 3189//6 3192//6
f 3188//6 3185//6 3189//6
f 3193//3 3198//3 3197//3
f 3193//3 3194//3 3198//3
f 3194//4 3199//4 3198//4
f 3194//4 3195//4 3199//4
f 3195//5 3200//5 3199//5
f 3195//5 3196//5 3200//5
f 3196//6 3197//6 3200//6
f 3196//6 3193//6 3197//6
f 3201//3 3206//3 3205//3
f 3201//3 3202//3 3206//3
f 3202//4 3207//4 3206//4
f 3202//4 3203//4 3207//4
f 3203//5 3208//5 3207//5
f 3203//5 3204//5 3208//5
f 3204//6 3205//6 3208//6
f 3204//6 3201//6 3205//6
f 3209//3 3214//3 3213//3
f 3209//3 3210//3 3214//3
f 3210//4 3215//4 3214//4
f 3210//4 3211//4 3215//4
f 3211//5 3216//5 3215//5
f 3211//5 3212//5 3216//5
f 3212//6 3213//6 3216//6
f 3212//6 3209//6 3213//6
f 3217//3 3222//3 3221//3
f 3217//3 3218//3 3222//3
f 3218//4 3223//4 3222//4
f 3218//4 3219//4 3223//4
f 3219//5 3224//5 3223//5
f 3219//5 3220//5 3224//5
f 3220//6 3221//6 3224//6
f 3220//6 3217//6 3221//6
f 3225//3 3230//3 3229//3
f 3225//3 3226//3 3230//3
f 3226//4 3231//4 3230//4
f 3226//4 3227//4 3231//4
f 3227//5 3232//5 3231//5
f 3227//5 3228//5 3232//5
f 3228//6 3229//6 3232//6
f 3228//6 3225//6 3229//6
f 3233//3 3238//3 3237//3
f 3233//3 3234//3 3238//3
f 3234//4 3239//4 3238//4
f 3234//4 3235//4 3239//4
f 3235//5 3240//5 3239//5
f 3235//5 3236//5 3240//5
f 3236//6 3237//6 3240//6
f 3236//6 3233//6 3237//6
f 3241//3 3246//3 3245//3
f 3241//3 3242//3 3246//3
f 3242//4 3247//4 3246//4
f 3242//4 3243//4 3247//4
f 3243//5 3248//5 3247//5
f 3243//5 3244//5 3248//5
f 3244//6 3245//6 3248//6
f 3244//6 3241//6 3245//6
f 3249//3 3254//3 3253//3
f 3249//3 3250//3 3254//3
f 3250//4 3255//4 3254//4
f 3250//4 3251//4 3255//4
f 3251//5 3256//5 3255//5
f 3251//5 3252//5 3256//5
f 3252//6 3253//6 3256//6
f 3252//6 3249//6 3253//6
f 3257//3 3262//3 3261//3
f 3257//3 3258//3 3262//3
f 3258//4 3263//4 3262//4
f 3258//4 3259//4 3263//4
f 3259//5 3264//5 3263//5
f 3259//5 3260//5 3264//5
f 3260//6 3261//6 3264//6
f 3260//6 3257//6 3261//6
f 3265//3 3270//3 3269//3
f 3265//3 3266//3 3270//3
f 3266//4 3271//4 3270//4
f 3266//4 3267//4 3271//4
f 3267//5 3272//5 3271//5
f 3267//5 3268//5 3272//5
f 3268//6 3269//6 3272//6
f 3268//6 3265//6 3269//6
f 3273//3 3278//3 3277//3
f 3273//3 3274//3 3278//3
f 3274//4 3279//4 3278//4
f 3274//4 3275//4 3279//4
f 3275//5 3280//5 3279//5
f 3275//5 3276//5 3280//5
f 3276//6 3277//6 3280//6
f 3276//6 3273//6 3277//6
f 3281//3 3286//3 3285//3
f 3281//3 3282//3 3286//3
f 3282//4 3287//4 3286//4
f 3282//4 3283//4 3287//4
f 3283//5 3288//5 3287//5
f 3283//5 3284//5 3288//5
f 3284//6 3285//6 3288//6
f 3284//6 3281//6 3285//6
f 3289//3 3294//3 3293//3
f 3289//3 3290//3 3294//3
f 3290//4 3295//4 3294//4
f 3290//4 3291//4 3295//4
f 3291//5 3296//5 3295//5
f 3291//5 3292//5 3296//5
f 3292//6 3293//6 3296//6
f 3292//6 3289//6 3293//6
f 3301//2 3302//2 3303//2
f 3301//2 3303//2 3304//2
f 3298//4 3303//4 3302//4
f 3298//4 3299//4 3303//4
f 3299//5 3304//5 3303//5
f 3299//5 3300//5 3304//5
f 3300//6 3301//6 3304//6
f 3300//6 3297//6 3301//6
f 3305//1 3307//1 3306//1
f 3305//1 3308//1 3307//1
f 3309//2 3310//2 3311//2
f 3309//2 3311//2 3312//2
f 3306//4 3311//4 3310//4
f 3306//4 3307//4 3311//4
f 3307//5 3312//5 3311//5
f 3307//5 3308//5 3312//5
f 3308//6 3309//6 3312//6
f 3308//6 3305//6 3309//6
f 3313//1 3315//1 3314//1
f 3313//1 3316//1 3315//1
f 3317//2 3318//2 3319//2
f 3317//2 3319//2 3320//2
f 3315//5 3320//5 3319//5
f 3315//5 3316//5 3320//5
f 3316//6 3317//6 3320//6
f 3316//6 3313//6 3317//6
f 3321//1 3323//1 3322//1
f 3321//1 3324//1 3323//1
f 3325//2 3326//2 3327//2
f 3325//2 3327//2 3328//2
f 3321//3 3326//3 3325//3
f 3321//3 3322//3 3326//3
f 3323//5 3328//5 3327//5
f 3323//5 3324//5 3328//5
f 3329//1 3331//1 3330//1
f 3329//1 3332//1 3331//1
f 3329//3 3334//3 3333//3
f 3329//3 3330//3 3334//3
f 3330//4 3335//4 3334//4
f 3330//4 3331//4 3335//4
f 3331//5 3336//5 3335//5
f 3331//5 3332//5 3336//5
f 3337//3 3342//3 3341//3
f 3337//3 3338//3 3342//3
f 3338//4 3343//4 3342//4
f 3338//4 3339//4 3343//4
f 3339//5 3344//5 3343//5
f 3339//5 3340//5 3344//5
f 3349//2 3350//2 3351//2
f 3349//2 3351//2 3352//2
f 3345//3 3350//3 3349//3
f 3345//3 3346//3 3350//3
f 3347//5 3352//5 3351//5
f 3347//5 3348//5 3352//5
f 3353//1 3355//1 3354//1
f 3353//1 3356//1 3355//1
f 3353//3 3358//3 3357//3
f 3353//3 3354//3 3358//3
f 3354//4 3359//4 3358//4
f 3354//4 3355//4 3359//4
f 3355//5 3360//5 3359//5
f 3355//5 3356//5 3360//5
f 3361//3 3366//3 3365//3
f 3361//3 3362//3 3366//3
f 3363//5 3368//5 3367//5
f 3363//5 3364//5 3368//5
f 3364//6 3365//6 3368//6
f 3364//6 3361//6 3365//6
f 3369//3 3374//3 3373//3
f 3369//3 3370//3 3374//3
f 3371//5 3376//5 3375//5
f 3371//5 3372//5 3376//5
f 3372//6 3373//6 3376//6
f 3372//6 3369//6 3373//6
f 3377//3 3382//3 3381//3
f 3377//3 3378//3 3382//3
f 3379//5 3384//5 3383//5
f 3379//5 3380//5 3384//5
f 3380//6 3381//6 3384//6
f 3380//6 3377//6 3381//6
f 3385//3 3390//3 3389//3
f 3385//3 3386//3 3390//3
f 3387//5 3392//5 3391//5
f 3387//5 3388//5 3392//5
f 3388//6 3389//6 3392//6
f 3388//6 3385//6 3389//6
f 3393//3 3398//3 3397//3
f 3393//3 3394//3 3398//3
f 3395//5 3400//5 3399//5
f 3395//5 3396//5 3400//5
f 3396//6 3397//6 3400//6
f 3396//6 3393//6 3397//6
f 3401//3 3406//3 3405//3
f 3401//3 3402//3 3406//3
f 3403//5 3408//5 3407//5
f 3403//5 3404//5 3408//5
f 3404//6 3405//6 3408//6
f 3404//6 3401//6 3405//6
f 3409//3 3414//3 3413//3
f 3409//3 3410//3 3414//3
f 3411//5 3416//5 3415//5
f 3411//5 3412//5 3416//5
f 3417//3 3422//3 3421//3
f 3417//3 3418//3 3422//3
f 3419//5 3424//5 3423//5
f 3419//5 3420//5 3424//5
f 3425//3 3430//3 3429//3
f 3425//3 3426//3 3430//3
f 3427//5 3432//5 3431//5
f 3427//5 3428//5 3432//5
f 3437//2 3438//2 3439//2
f 3437//2 3439//2 3440//2
f 3433//3 3438//3 3437//3
f 3433//3 3434//3 3438//3
f 3435//5 3440//5 3439//5
f 3435//5 3436//5 3440//5
f 3436//6 3437//6 3440//6
f 3436//6 3433//6 3437//6
f 3441//1 3443//1 3442//1
f 3441//1 3444//1 3443//1
f 3441//3 3446//3 3445//3
f 3441//3 3442//3 3446//3
f 3443//5 3448//5 3447//5
f 3443//5 3444//5 3448//5
f 3444//6 3445//6 3448//6
f 3444//6 3441//6 3445//6
f 3453//2 3454//2 3455//2
f 3453//2 3455//2 3456//2
f 3449//3 3454//3 3453//3
f 3449//3 3450//3 3454//3
f 3451//5 3456//5 3455//5
f 3451//5 3452//5 3456//5
f 3457//1 3459//1 3458//1
f 3457//1 3460//1 3459//1
f 3457//3 3462//3 3461//3
f 3457//3 3458//3 3462//3
f 3459//5 3464//5 3463//5
f 3459//5 3460//5 3464//5
f 3465//3 3470//3 3469//3
f 3465//3 3466//3 3470//3
f 3467//5 3472//5 3471//5
f 3467//5 3468//5 3472//5
f 3468//6 3469//6 3472//6
f 3468//6 3465//6 3469//6
f 3477//2 3478//2 3479//2
f 3477//2 3479//2 3480//2
f 3473//3 3478//3 3477//3
f 3473//3 3474//3 3478//3
f 3475//5 3480//5 3479//5
f 3475//5 3476//5 3480//5
f 3476//6 3477//6 3480//6
f 3476//6 3473//6 3477//6
f 3481//1 3483//1 3482//1
f 3481//1 3484//1 3483//1
f 3481//3 3486//3 3485//3
f 3481//3 3482//3 3486//3
f 3483//5 3488//5 3487//5
f 3483//5 3484//5 3488//5
f 3484//6 3485//6 3488//6
f 3484//6 3481//6 3485//6
f 3493//2 3494//2 3495//2
f 3493//2 3495//2 3496//2
f 3489//3 3494//3 3493//3
f 3489//3 3490//3 3494//3
f 3490//4 3495//4 3494//4
f 3490//4 3491//4 3495//4
f 3491//5 3496//5 3495//5
f 3491//5 3492//5 3496//5
f 3497//1 3499//1 3498//1
f 3497//1 3500//1 3499//1
f 3497//3 3502//3 3501//3
f 3497//3 3498//3 3502//3
f 3498//4 3503//4 3502//4
f 3498//4 3499//4 3503//4
f 3499//5 3504//5 3503//5
f 3499//5 3500//5 3504//5
f 3500//6 3501//6 3504//6
f 3500//6 3497//6 3501//6
f 3509//2 3510//2 3511//2
f 3509//2 3511//2 3512//2
f 3505//3 3510//3 3509//3
f 3505//3 3506//3 3510//3
f 3506//4 3511//4 3510//4
f 3506//4 3507//4 3511//4
f 3507//5 3512//5 3511//5
f 3507//5 3508//5 3512//5
f 3508//6 3509//6 3512//6
f 3508//6 3505//6 3509//6
f 3513//1 3515//1 3514//1
f 3513//1 3516//1 3515//1
f 3513//3 3518//3 3517//3
f 3513//3 3514//3 3518//3
f 3514//4 3519//4 3518//4
f 3514//4 3515//4 3519//4
f 3515//5 3520//5 3519//5
f 3515//5 3516//5 3520//5
f 3516//6 3517//6 3520//6
f 3516//6 3513//6 3517//6
f 3525//2 3526//2 3527//2
f 3525//2 3527//2 3528//2
f 3521//3 3526//3 3525//3
f 3521//3 3522//3 3526//3
f 3522//4 3527//4 3526//4
f 3522//4 3523//4 3527//4
f 3524//6 3525//6 3528//6
f 3524//6 3521//6 3525//6
f 3529//1 3531//1 3530//1
f 3529//1 3532//1 3531//1
f 3530//4 3535//4 3534//4
f 3530//4 3531//4 3535//4
f 3531//5 3536//5 3535//5
f 3531//5 3532//5 3536//5
f 3532//6 3533//6 3536//6
f 3532//6 3529//6 3533//6
f 3537//3 3542//3 3541//3
f 3537//3 3538//3 3542//3
f 3538//4 3543//4 3542//4
f 3538//4 3539//4 3543//4
f 3539//5 3544//5 3543//5
f 3539//5 3540//5 3544//5
f 3540//6 3541//6 3544//6
f 3540//6 3537//6 3541//6
f 3549//2 3550//2 3551//2
f 3549//2 3551//2 3552//2
f 3545//3 3550//3 3549//3
f 3545//3 3546//3 3550//3
f 3546//4 3551//4 3550//4
f 3546//4 3547//4 3551//4
f 3547//5 3552//5 3551//5
f 3547//5 3548//5 3552//5
f 3548//6 3549//6 3552//6
f 3548//6 3545//6 3549//6
f 3553//1 3555//1 3554//1
f 3553//1 3556//1 3555//1
f 3557//2 3558//2 3559//2
f 3557//2 3559//2 3560//2
f 3553//3 3558//3 3557//3
f 3553//3 3554//3 3558//3
f 3556//6 3557//6 3560//6
f 3556//6 3553//6 3557//6
f 3561//1 3563//1 3562//1
f 3561//1 3564//1 3563//1
f 3565//2 3566//2 3567//2
f 3565//2 3567//2 3568//2
f 3569//1 3571//1 3570//1
f 3569//1 3572//1 3571//1
f 3573//2 3574//2 3575//2
f 3573//2 3575//2 3576//2
f 3577//1 3579//1 3578//1
f 3577//1 3580//1 3579//1
f 3581//2 3582//2 3583//2
f 3581//2 3583//2 3584//2
f 3585//1 3587//1 3586//1
f 3585//1 3588//1 3587//1
f 3585//3 3590//3 3589//3
f 3585//3 3586//3 3590//3
f 3587//5 3592//5 3591//5
f 3587//5 3588//5 3592//5
f 3597//2 3598//2 3599//2
f 3597//2 3599//2 3600//2
f 3594//4 3599//4 3598//4
f 3594//4 3595//4 3599//4
f 3595//5 3600//5 3599//5
f 3595//5 3596//5 3600//5
f 3601//1 3603//1 3602//1
f 3601//1 3604//1 3603//1
f 3601//3 3606//3 3605//3
f 3601//3 3602//3 3606//3
f 3602//4 3607//4 3606//4
f 3602//4 3603//4 3607//4
f 3603//5 3608//5 3607//5
f 3603//5 3604//5 3608//5
f 3609//3 3614//3 3613//3
f 3609//3 3610//3 3614//3
f 3611//5 3616//5 3615//5
f 3611//5 3612//5 3616//5
f 3617//3 3622//3 3621//3
f 3617//3 3618//3 3622//3
f 3619//5 3624//5 3623//5
f 3619//5 3620//5 3624//5
f 3625//3 3630//3 3629//3
f 3625//3 3626//3 3630//3
f 3627//5 3632//5 3631//5
f 3627//5 3628//5 3632//5
f 3628//6 3629//6 3632//6
f 3628//6 3625//6 3629//6
f 3637//2 3638//2 3639//2
f 3637//2 3639//2 3640//2
f 3633//3 3638//3 3637//3
f 3633//3 3634//3 3638//3
f 3635//5 3640//5 3639//5
f 3635//5 3636//5 3640//5
f 3636//6 3637//6 3640//6
f 3636//6 3633//6 3637//6
f 3641//1 3643//1 3642//1
f 3641//1 3644//1 3643//1
f 3641//3 3646//3 3645//3
f 3641//3 3642//3 3646//3
f 3643//5 3648//5 3647//5
f 3643//5 3644//5 3648//5
f 3653//2 3654//2 3655//2
f 3653//2 3655//2 3656//2
f 3649//3 3654//3 3653//3
f 3649//3 3650//3 3654//3
f 3651//5 3656//5 3655//5
f 3651//5 3652//5 3656//5
f 3657//1 3659//1 3658//1
f 3657//1 3660//1 3659//1
f 3661//2 3662//2 3663//2
f 3661//2 3663//2 3664//2
f 3657//3 3662//3 3661//3
f 3657//3 3658//3 3662//3
f 3659//5 3664//5 3663//5
f 3659//5 3660//5 3664//5
f 3665//1 3667//1 3666//1
f 3665//1 3668//1 3667//1
f 3669//2 3670//2 3671//2
f 3669//2 3671//2 3672//2
f 3665//3 3670//3 3669//3
f 3665//3 3666//3 3670//3
f 3666//4 3671//4 3670//4
f 3666//4 3667//4 3671//4
f 3668//6 3669//6 3672//6
f 3668//6 3665//6 3669//6
f 3673//1 3675//1 3674//1
f 3673//1 3676//1 3675//1
f 3673//3 3678//3 3677//3
f 3673//3 3674//3 3678//3
f 3674//4 3679//4 3678//4
f 3674//4 3675//4 3679//4
f 3676//6 3677//6 3680//6
f 3676//6 3673//6 3677//6
f 3681//3 3686//3 3685//3
f 3681//3 3682//3 3686//3
f 3682//4 3687//4 3686//4
f 3682//4 3683//4 3687//4
f 3683//5 3688//5 3687//5
f 3683//5 3684//5 3688//5
f 3689//3 3694//3 3693//3
f 3689//3 3690//3 3694//3
f 3690//4 3695//4 3694//4
f 3690//4 3691//4 3695//4
f 3691//5 3696//5 3695//5
f 3691//5 3692//5 3696//5
f 3692//6 3693//6 3696//6
f 3692//6 3689//6 3693//6
f 3697//3 3702//3 3701//3
f 3697//3 3698//3 3702//3
f 3698//4 3703//4 3702//4
f 3698//4 3699//4 3703//4
f 3699//5 3704//5 3703//5
f 3699//5 3700//5 3704//5
f 3700//6 3701//6 3704//6
f 3700//6 3697//6 3701//6
f 3705//3 3710//3 3709//3
f 3705//3 3706//3 3710//3
f 3706//4 3711//4 3710//4
f 3706//4 3707//4 3711//4
f 3707//5 3712//5 3711//5
f 3707//5 3708//5 3712//5
f 3708//6 3709//6 3712//6
f 3708//6 3705//6 3709//6
f 3713//3 3718//3 3717//3
f 3713//3 3714//3 3718//3
f 3715//5 3720//5 3719//5
f 3715//5 3716//5 3720//5
f 3716//6 3717//6 3720//6
f 3716//6 3713//6 3717//6
f 3725//2 3726//2 3727//2
f 3725//2 3727//2 3728//2
f 3721//3 3726//3 3725//3
f 3721//3 3722//3 3726//3
f 3723//5 3728//5 3727//5
f 3723//5 3724//5 3728//5
f 3724//6 3725//6 3728//6
f 3724//6 3721//6 3725//6
f 3729//1 3731//1 3730//1
f 3729//1 3732//1 3731//1
f 3729//3 3734//3 3733//3
f 3729//3 3730//3 3734//3
f 3730//4 3735//4 3734//4
f 3730//4 3731//4 3735//4
f 3731//5 3736//5 3735//5
f 3731//5 3732//5 3736//5
f 3732//6 3733//6 3736//6
f 3732//6 3729//6 3733//6
f 3737//3 3742//3 3741//3
f 3737//3 3738//3 3742//3
f 3738//4 3743//4 3742//4
f 3738//4 3739//4 3743//4
f 3739//5 3744//5 3743//5
f 3739//5 3740//5 3744//5
f 3740//6 3741//6 3744//6
f 3740//6 3737//6 3741//6
f 3745//3 3750//3 3749//3
f 3745//3 3746//3 3750//3
f 3746//4 3751//4 3750//4
f 3746//4 3747//4 3751//4
f 3747//5 3752//5 3751//5
f 3747//5 3748//5 3752//5
f 3748//6 3749//6 3752//6
f 3748//6 3745//6 3749//6
f 3753//3 3758//3 3757//3
f 3753//3 3754//3 3758//3
f 3754//4 3759//4 3758//4
f 3754//4 3755//4 3759//4
f 3755//5 3760//5 3759//5
f 3755//5 3756//5 3760//5
f 3756//6 3757//6 3760//6
f 3756//6 3753//6 3757//6
f 3761//3 3766//3 3765//3
f 3761//3 3762//3 3766//3
f 3762//4 3767//4 3766//4
f 3762//4 3763//4 3767//4
f 3763//5 3768//5 3767//5
f 3763//5 3764//5 3768//5
f 3764//6 3765//6 3768//6
f 3764//6 3761//6 3765//6
f 3769//3 3774//3 3773//3
f 3769//3 3770//3 3774//3
f 3770//4 3775//4 3774//4
f 3770//4 3771//4 3775//4
f 3771//5 3776//5 3775//5
f 3771//5 3772//5 3776//5
f 3772//6 3773//6 3776//6
f 3772//6 3769//6 3773//6
f 3777//3 3782//3 3781//3
f 3777//3 3778//3 3782//3
f 3778//4 3783//4 3782//4
f 3778//4 3779//4 3783//4
f 3779//5 3784//5 3783//5
f 3779//5 3780//5 3784//5
f 3780//6 3781//6 3784//6
f 3780//6 3777//6 3781//6
f 3785//3 3790//3 3789//3
f 3785//3 3786//3 3790//3
f 3786//4 3791//4 3790//4
f 3786//4 3787//4 3791//4
f 3787//5 3792//5 3791//5
f 3787//5 3788//5 3792//5
f 3788//6 3789//6 3792//6
f 3788//6 3785//6 3789//6
f 3793//3 3798//3 3797//3
f 3793//3 3794//3 3798//3
f 3794//4 3799//4 3798//4
f 3794//4 3795//4 3799//4
f 3795//5 3800//5 3799//5
f 3795//5 3796//5 3800//5
f 3796//6 3797//6 3800//6
f 3796//6 3793//6 3797//6
f 3801//3 3806//3 3805//3
f 3801//3 3802//3 3806//3
f 3802//4 3807//4 3806//4
f 3802//4 3803//4 3807//4
f 3803//5 3808//5 3807//5
f 3803//5 3804//5 3808//5
f 3804//6 3805//6 3808//6
f 3804//6 3801//6 3805//6
f 3809//3 3814//3 3813//3
f 3809//3 3810//3 3814//3
f 3810//4 3815//4 3814//4
f 3810//4 3811//4 3815//4
f 3811//5 3816//5 3815//5
f 3811//5 3812//5 3816//5
f 3812//6 3813//6 3816//6
f 3812//6 3809//6 3813//6
f 3817//3 3822//3 3821//3
f 3817//3 3818//3 3822//3
f 3818//4 3823//4 3822//4
f 3818//4 3819//4 3823//4
f 3819//5 3824//5 3823//5
f 3819//5 3820//5 3824//5
f 3820//6 3821//6 3824//6
f 3820//6 3817//6 3821//6
f 3825//3 3830//3 3829//3
f 3825//3 3826//3 3830//3
f 3826//4 3831//4 3830//4
f 3826//4 3827//4 3831//4
f 3827//5 3832//5 3831//5
f 3827//5 3828//5 3832//5
f 3828//6 3829//6 3832//6
f 3828//6 3825//6 3829//6
f 3837//2 3838//2 3839//2
f 3837//2 3839//2 3840//2
f 3833//3 3838//3 3837//3
f 3833//3 3834//3 3838//3
f 3834//4 3839//4 3838//4
f 3834//4 3835//4 3839//4
f 3835//5 3840//5 3839//5
f 3835//5 3836//5 3840//5
f 3836//6 3837//6 3840//6
f 3836//6 3833//6 3837//6
f 3841//1 3843//1 3842//1
f 3841//1 3844//1 3843//1
f 3841//3 3846//3 3845//3
f 3841//3 3842//3 3846//3
f 3842//4 3847//4 3846//4
f 3842//4 3843//4 3847//4
f 3843//5 3848//5 3847//5
f 3843//5 3844//5 3848//5
f 3844//6 3845//6 3848//6
f 3844//6 3841//6 3845//6
f 3850//4 3855//4 3854//4
f 3850//4 3851//4 3855//4
f 3851//5 3856//5 3855//5
f 3851//5 3852//5 3856//5
f 3852//6 3853//6 3856//6
f 3852//6 3849//6 3853//6
f 3857//3 3862//3 3861//3
f 3857//3 3858//3 3862//3
f 3858//4 3863//4 3862//4
f 3858//4 3859//4 3863//4
f 3859//5 3864//5 3863//5
f 3859//5 3860//5 3864//5
f 3860//6 3861//6 3864//6
f 3860//6 3857//6 3861//6
f 3869//2 3870//2 3871//2
f 3869//2 3871//2 3872//2
f 3866//4 3871//4 3870//4
f 3866//4 3867//4 3871//4
f 3867//5 3872//5 3871//5
f 3867//5 3868//5 3872//5
f 3868//6 3869//6 3872//6
f 3868//6 3865//6 3869//6
f 3873//1 3875//1 3874//1
f 3873//1 3876//1 3875//1
f 3873//3 3878//3 3877//3
f 3873//3 3874//3 3878//3
f 3875//5 3880//5 3879//5
f 3875//5 3876//5 3880//5
f 3885//2 3886//2 3887//2
f 3885//2 3887//2 3888//2
f 3881//3 3886//3 3885//3
f 3881//3 3882//3 3886//3
f 3883//5 3888//5 3887//5
f 3883//5 3884//5 3888//5
f 3884//6 3885//6 3888//6
f 3884//6 3881//6 3885//6
f 3889//1 3891//1 3890//1
f 3889//1 3892//1 3891//1
f 3889//3 3894//3 3893//3
f 3889//3 3890//3 3894//3
f 3890//4 3895//4 3894//4
f 3890//4 3891//4 3895//4
f 3891//5 3896//5 3895//5
f 3891//5 3892//5 3896//5
f 3901//2 3902//2 3903//2
f 3901//2 3903//2 3904//2
f 3897//3 3902//3 3901//3
f 3897//3 3898//3 3902//3
f 3899//5 3904//5 3903//5
f 3899//5 3900//5 3904//5
f 3900//6 3901//6 3904//6
f 3900//6 3897//6 3901//6
f 3905//1 3907//1 3906//1
f 3905//1 3908//1 3907//1
f 3905//3 3910//3 3909//3
f 3905//3 3906//3 3910//3
f 3906//4 3911//4 3910//4
f 3906//4 3907//4 3911//4
f 3907//5 3912//5 3911//5
f 3907//5 3908//5 3912//5
f 3913//3 3918//3 3917//3
f 3913//3 3914//3 3918//3
f 3915//5 3920//5 3919//5
f 3915//5 3916//5 3920//5
f 3921//3 3926//3 3925//3
f 3921//3 3922//3 3926//3
f 3922//4 3927//4 3926//4
f 3922//4 3923//4 3927//4
f 3923//5 3928//5 3927//5
f 3923//5 3924//5 3928//5
f 3929//3 3934//3 3933//3
f 3929//3 3930//3 3934//3
f 3931//5 3936//5 3935//5
f 3931//5 3932//5 3936//5
f 3937//3 3942//3 3941//3
f 3937//3 3938//3 3942//3
f 3939//5 3944//5 3943//5
f 3939//5 3940//5 3944//5
f 3945//3 3950//3 3949//3
f 3945//3 3946//3 3950//3
f 3946//4 3951//4 3950//4
f 3946//4 3947//4 3951//4
f 3947//5 3952//5 3951//5
f 3947//5 3948//5 3952//5
f 3953//3 3958//3 3957//3
f 3953//3 3954//3 3958//3
f 3955//5 3960//5 3959//5
f 3955//5 3956//5 3960//5
f 3961//3 3966//3 3965//3
f 3961//3 3962//3 3966//3
f 3963//5 3968//5 3967//5
f 3963//5 3964//5 3968//5
f 3969//3 3974//3 3973//3
f 3969//3 3970//3 3974//3
f 3971//5 3976//5 3975//5
f 3971//5 3972//5 3976//5
f 3981//2 3982//2 3983//2
f 3981//2 3983//2 3984//2
f 3977//3 3982//3 3981//3
f 3977//3 3978//3 3982//3
f 3979//5 3984//5 3983//5
f 3979//5 3980//5 3984//5
f 3985//1 3987//1 3986//1
f 3985//1 3988//1 3987//1
f 3985//3 3990//3 3989//3
f 3985//3 3986//3 3990//3
f 3987//5 3992//5 3991//5
f 3987//5 3988//5 3992//5
f 3988//6 3989//6 3992//6
f 3988//6 3985//6 3989//6
f 3993//3 3998//3 3997//3
f 3993//3 3994//3 3998//3
f 3995//5 4000//5 3999//5
f 3995//5 3996//5 4000//5
f 4005//2 4006//2 4007//2
f 4005//2 4007//2 4008//2
f 4001//3 4006//3 4005//3
f 4001//3 4002//3 4006//3
f 4003//5 4008//5 4007//5
f 4003//5 4004//5 4008//5
f 4009//1 4011//1 4010//1
f 4009//1 4012//1 4011//1
f 4009//3 4014//3 4013//3
f 4009//3 4010//3 4014//3
f 4010//4 4015//4 4014//4
f 4010//4 4011//4 4015//4
f 4011//5 4016//5 4015//5
f 4011//5 4012//5 4016//5
f 4017//3 4022//3 4021//3
f 4017//3 4018//3 4022//3
f 4018//4 4023//4 4022//4
f 4018//4 4019//4 4023//4
f 4019//5 4024//5 4023//5
f 4019//5 4020//5 4024//5
f 4025//3 4030//3 4029//3
f 4025//3 4026//3 4030//3
f 4027//5 4032//5 4031//5
f 4027//5 4028//5 4032//5
f 4033//3 4038//3 4037//3
f 4033//3 4034//3 4038//3
f 4035//5 4040//5 4039//5
f 4035//5 4036//5 4040//5
f 4036//6 4037//6 4040//6
f 4036//6 4033//6 4037//6
f 4045//2 4046//2 4047//2
f 4045//2 4047//2 4048//2
f 4041//3 4046//3 4045//3
f 4041//3 4042//3 4046//3
f 4043//5 4048//5 4047//5
f 4043//5 4044//5 4048//5
f 4044//6 4045//6 4048//6
f 4044//6 4041//6 4045//6
f 4049//1 4051//1 4050//1
f 4049//1 4052//1 4051//1
f 4049//3 4054//3 4053//3
f 4049//3 4050//3 4054//3
f 4051//5 4056//5 4055//5
f 4051//5 4052//5 4056//5
f 4052//6 4053//6 4056//6
f 4052//6 4049//6 4053//6
f 4061//2 4062//2 4063//2
f 4061//2 4063//2 4064//2
f 4057//3 4062//3 4061//3
f 4057//3 4058//3 4062//3
f 4058//4 4063//4 4062//4
f 4058//4 4059//4 4063//4
f 4059//5 4064//5 4063//5
f 4059//5 4060//5 4064//5
f 4065//1 4067//1 4066//1
f 4065//1 4068//1 4067//1
f 4065//3 4070//3 4069//3
f 4065//3 4066//3 4070//3
f 4066//4 4071//4 4070//4
f 4066//4 4067//4 4071//4
f 4067//5 4072//5 4071//5
f 4067//5 4068//5 4072//5
f 4068//6 4069//6 4072//6
f 4068//6 4065//6 4069//6
f 4077//2 4078//2 4079//2
f 4077//2 4079//2 4080//2
f 4073//3 4078//3 4077//3
f 4073//3 4074//3 4078//3
f 4074//4 4079//4 4078//4
f 4074//4 4075//4 4079//4
f 4075//5 4080//5 4079//5
f 4075//5 4076//5 4080//5
f 4076//6 4077//6 4080//6
f 4076//6 4073//6 4077//6
f 4081//1 4083//1 4082//1
f 4081//1 4084//1 4083//1
f 4081//3 4086//3 4085//3
f 4081//3 4082//3 4086//3
f 4082//4 4087//4 4086//4
f 4082//4 4083//4 4087//4
f 4083//5 4088//5 4087//5
f 4083//5 4084//5 4088//5
f 4084//6 4085//6 4088//6
f 4084//6 4081//6 4085//6
f 4093//2 4094//2 4095//2
f 4093//2 4095//2 4096//2
f 4089//3 4094//3 4093//3
f 4089//3 4090//3 4094//3
f 4091//5 4096//5 4095//5
f 4091//5 4092//5 4096//5
f 4092//6 4093//6 4096//6
f 4092//6 4089//6 4093//6
f 4097//1 4099//1 4098//1
f 4097//1 4100//1 4099//1
f 4101//2 4102//2 4103//2
f 4101//2 4103//2 4104//2
f 4097//3 4102//3 4101//3
f 4097//3 4098//3 4102//3
f 4100//6 4101//6 4104//6
f 4100//6 4097//6 4101//6
f 4105//1 4107//1 4106//1
f 4105//1 4108//1 4107//1
f 4109//2 4110//2 4111//2
f 4109//2 4111//2 4112//2
f 4113//1 4115//1 4114//1
f 4113//1 4116//1 4115//1
f 4117//2 4118//2 4119//2
f 4117//2 4119//2 4120//2
f 4121//1 4123//1 4122//1
f 4121//1 4124//1 4123//1
f 4125//2 4126//2 4127//2
f 4125//2 4127//2 4128//2
f 4129//1 4131//1 4130//1
f 4129//1 4132//1 4131//1
f 4133//2 4134//2 4135//2
f 4133//2 4135//2 4136//2
f 4130//4 4135//4 4134//4
f 4130//4 4131//4 4135//4
f 4131//5 4136//5 4135//5
f 4131//5 4132//5 4136//5
f 4137//1 4139//1 4138//1
f 4137//1 4140//1 4139//1
f 4141//2 4142//2 4143//2
f 4141//2 4143//2 4144//2
f 4137//3 4142//3 4141//3
f 4137//3 4138//3 4142//3
f 4139//5 4144//5 4143//5
f 4139//5 4140//5 4144//5
f 4145//1 4147//1 4146//1
f 4145//1 4148//1 4147//1
f 4145//3 4150//3 4149//3
f 4145//3 4146//3 4150//3
f 4146//4 4151//4 4150//4
f 4146//4 4147//4 4151//4
f 4147//5 4152//5 4151//5
f 4147//5 4148//5 4152//5
f 4153//3 4158//3 4157//3
f 4153//3 4154//3 4158//3
f 4154//4 4159//4 4158//4
f 4154//4 4155//4 4159//4
f 4155//5 4160//5 4159//5
f 4155//5 4156//5 4160//5
f 4161//3 4166//3 4165//3
f 4161//3 4162//3 4166//3
f 4163//5 4168//5 4167//5
f 4163//5 4164//5 4168//5
f 4173//2 4174//2 4175//2
f 4173//2 4175//2 4176//2
f 4169//3 4174//3 4173//3
f 4169//3 4170//3 4174//3
f 4171//5 4176//5 4175//5
f 4171//5 4172//5 4176//5
f 4177//1 4179//1 4178//1
f 4177//1 4180//1 4179//1
f 4177//3 4182//3 4181//3
f 4177//3 4178//3 4182//3
f 4179//5 4184//5 4183//5
f 4179//5 4180//5 4184//5
f 4185//3 4190//3 4189//3
f 4185//3 4186//3 4190//3
f 4187//5 4192//5 4191//5
f 4187//5 4188//5 4192//5
f 4197//2 4198//2 4199//2
f 4197//2 4199//2 4200//2
f 4193//3 4198//3 4197//3
f 4193//3 4194//3 4198//3
f 4195//5 4200//5 4199//5
f 4195//5 4196//5 4200//5
f 4196//6 4197//6 4200//6
f 4196//6 4193//6 4197//6
f 4201//1 4203//1 4202//1
f 4201//1 4204//1 4203//1
f 4205//2 4206//2 4207//2
f 4205//2 4207//2 4208//2
f 4201//3 4206//3 4205//3
f 4201//3 4202//3 4206//3
f 4203//5 4208//5 4207//5
f 4203//5 4204//5 4208//5
f 4209//1 4211//1 4210//1
f 4209//1 4212//1 4211//1
f 4209//3 4214//3 4213//3
f 4209//3 4210//3 4214//3
f 4211//5 4216//5 4215//5
f 4211//5 4212//5 4216//5
f 4221//2 4222//2 4223//2
f 4221//2 4223//2 4224//2
f 4217//3 4222//3 4221//3
f 4217//3 4218//3 4222//3
f 4219//5 4224//5 4223//5
f 4219//5 4220//5 4224//5
f 4225//1 4227//1 4226//1
f 4225//1 4228//1 4227//1
f 4225//3 4230//3 4229//3
f 4225//3 4226//3 4230//3
f 4226//4 4231//4 4230//4
f 4226//4 4227//4 4231//4
f 4227//5 4232//5 4231//5
f 4227//5 4228//5 4232//5
f 4228//6 4229//6 4232//6
f 4228//6 4225//6 4229//6
f 4233//3 4238//3 4237//3
f 4233//3 4234//3 4238//3
f 4234//4 4239//4 4238//4
f 4234//4 4235//4 4239//4
f 4235//5 4240//5 4239//5
f 4235//5 4236//5 4240//5
f 4236//6 4237//6 4240//6
f 4236//6 4233//6 4237//6
f 4241//3 4246//3 4245//3
f 4241//3 4242//3 4246//3
f 4242//4 4247//4 4246//4
f 4242//4 4243//4 4247//4
f 4243//5 4248//5 4247//5
f 4243//5 4244//5 4248//5
f 4244//6 4245//6 4248//6
f 4244//6 4241//6 4245//6
f 4253//2 4254//2 4255//2
f 4253//2 4255//2 4256//2
f 4249//3 4254//3 4253//3
f 4249//3 4250//3 4254//3
f 4251//5 4256//5 4255//5
f 4251//5 4252//5 4256//5
f 4252//6 4253//6 4256//6
f 4252//6 4249//6 4253//6
f 4257//1 4259//1 4258//1
f 4257//1 4260//1 4259//1
f 4257//3 4262//3 4261//3
f 4257//3 4258//3 4262//3
f 4258//4 4263//4 4262//4
f 4258//4 4259//4 4263//4
f 4259//5 4264//5 4263//5
f 4259//5 4260//5 4264//5
f 4260//6 4261//6 4264//6
f 4260//6 4257//6 4261//6
f 4265//3 4270//3 4269//3
f 4265//3 4266//3 4270//3
f 4266//4 4271//4 4270//4
f 4266//4 4267//4 4271//4
f 4267//5 4272//5 4271//5
f 4267//5 4268//5 4272//5
f 4268//6 4269//6 4272//6
f 4268//6 4265//6 4269//6
f 4273//3 4278//3 4277//3
f 4273//3 4274//3 4278//3
f 4274//4 4279//4 4278//4
f 4274//4 4275//4 4279//4
f 4275//5 4280//5 4279//5
f 4275//5 4276//5 4280//5
f 4276//6 4277//6 4280//6
f 4276//6 4273//6 4277//6
f 4281//3 4286//3 4285//3
f 4281//3 4282//3 4286//3
f 4282//4 4287//4 4286//4
f 4282//4 4283//4 4287//4
f 4283//5 4288//5 4287//5
f 4283//5 4284//5 4288//5
f 4284//6 4285//6 4288//6
f 4284//6 4281//6 4285//6
f 4289//3 4294//3 4293//3
f 4289//3 4290//3 4294//3
f 4290//4 4295//4 4294//4
f 4290//4 4291//4 4295//4
f 4291//5 4296//5 4295//5
f 4291//5 4292//5 4296//5
f 4292//6 4293//6 4296//6
f 4292//6 4289//6 4293//6
f 4297//3 4302//3 4301//3
f 4297//3 4298//3 4302//3
f 4298//4 4303//4 4302//4
f 4298//4 4299//4 4303//4
f 4299//5 4304//5 4303//5
f 4299//5 4300//5 4304//5
f 4300//6 4301//6 4304//6
f 4300//6 4297//6 4301//6
f 4305//3 4310//3 4309//3
f 4305//3 4306//3 4310//3
f 4306//4 4311//4 4310//4
f 4306//4 4307//4 4311//4
f 4307//5 4312//5 4311//5
f 4307//5 4308//5 4312//5
f 4308//6 4309//6 4312//6
f 4308//6 4305//6 4309//6
f 4313//3 4318//3 4317//3
f 4313//3 4314//3 4318//3
f 4314//4 4319//4 4318//4
f 4314//4 4315//4 4319//4
f 4315//5 4320//5 4319//5
f 4315//5 4316//5 4320//5
f 4316//6 4317//6 4320//6
f 4316//6 4313//6 4317//6
f 4321//3 4326//3 4325//3
f 4321//3 4322//3 4326//3
f 4322//4 4327//4 4326//4
f 4322//4 4323//4 4327//4
f 4323//5 4328//5 4327//5
f 4323//5 4324//5 4328//5
f 4324//6 4325//6 4328//6
f 4324//6 4321//6 4325//6
f 4329//3 4334//3 4333//3
f 4329//3 4330//3 4334//3
f 4330//4 4335//4 4334//4
f 4330//4 4331//4 4335//4
f 4331//5 4336//5 4335//5
f 4331//5 4332//5 4336//5
f 4332//6 4333//6 4336//6
f 4332//6 4329//6 4333//6
f 4337//3 4342//3 4341//3
f 4337//3 4338//3 4342//3
f 4338//4 4343//4 4342//4
f 4338//4 4339//4 4343//4
f 4339//5 4344//5 4343//5
f 4339//5 4340//5 4344//5
f 4340//6 4341//6 4344//6
f 4340//6 4337//6 4341//6
f 4345//3 4350//3 4349//3
f 4345//3 4346//3 4350//3
f 4346//4 4351//4 4350//4
f 4346//4 4347//4 4351//4
f 4347//5 4352//5 4351//5
f 4347//5 4348//5 4352//5
f 4348//6 4349//6 4352//6
f 4348//6 4345//6 4349//6
f 4353//3 4358//3 4357//3
f 4353//3 4354//3 4358//3
f 4354//4 4359//4 4358//4
f 4354//4 4355//4 4359//4
f 4355//5 4360//5 4359//5
f 4355//5 4356//5 4360//5
f 4356//6 4357//6 4360//6
f 4356//6 4353//6 4357//6
f 4361//3 4366//3 4365//3
f 4361//3 4362//3 4366//3
f 4362//4 4367//4 4366//4
f 4362//4 4363//4 4367//4
f 4363//5 4368//5 4367//5
f 4363//5 4364//5 4368//5
f 4364//6 4365//6 4368//6
f 4364//6 4361//6 4365//6
f 4369//3 4374//3 4373//3
f 4369//3 4370//3 4374//3
f 4370//4 4375//4 4374//4
f 4370//4 4371//4 4375//4
f 4371//5 4376//5 4375//5
f 4371//5 4372//5 4376//5
f 4372//6 4373//6 4376//6
f 4372//6 4369//6 4373//6
f 4377//3 4382//3 4381//3
f 4377//3 4378//3 4382//3
f 4378//4 4383//4 4382//4
f 4378//4 4379//4 4383//4
f 4379//5 4384//5 4383//5
f 4379//5 4380//5 4384//5
f 4380//6 4381//6 4384//6
f 4380//6 4377//6 4381//6
f 4385//3 4390//3 4389//3
f 4385//3 4386//3 4390//3
f 4386//4 4391//4 4390//4
f 4386//4 4387//4 4391//4
f 4387//5 4392//5 4391//5
f 4387//5 4388//5 4392//5
f 4388//6 4389//6 4392//6
f 4388//6 4385//6 4389//6
f 4393//3 4398//3 4397//3
f 4393//3 4394//3 4398//3
f 4394//4 4399//4 4398//4
f 4394//4 4395//4 4399//4
f 4395//5 4400//5 4399//5
f 4395//5 4396//5 4400//5
f 4396//6 4397//6 4400//6
f 4396//6 4393//6 4397//6
f 4405//2 4406//2 4407//2
f 4405//2 4407//2 4408//2
f 4401//3 4406//3 4405//3
f 4401//3 4402//3 4406//3
f 4402//4 4407//4 4406//4
f 4402//4 4403//4 4407//4
f 4403//5 4408//5 4407//5
f 4403//5 4404//5 4408//5
f 4404//6 4405//6 4408//6
f 4404//6 4401//6 4405//6
f 4409//1 4411//1 4410//1
f 4409//1 4412//1 4411//1
f 4409//3 4414//3 4413//3
f 4409//3 4410//3 4414//3
f 4411//5 4416//5 4415//5
f 4411//5 4412//5 4416//5
f 4417//3 4422//3 4421//3
f 4417//3 4418//3 4422//3
f 4419//5 4424//5 4423//5
f 4419//5 4420//5 4424//5
f 4429//2 4430//2 4431//2
f 4429//2 4431//2 4432//2
f 4425//3 4430//3 4429//3
f 4425//3 4426//3 4430//3
f 4427//5 4432//5 4431//5
f 4427//5 4428//5 4432//5
f 4428//6 4429//6 4432//6
f 4428//6 4425//6 4429//6
f 4433//1 4435//1 4434//1
f 4433//1 4436//1 4435//1
f 4433//3 4438//3 4437//3
f 4433//3 4434//3 4438//3
f 4434//4 4439//4 4438//4
f 4434//4 4435//4 4439//4
f 4435//5 4440//5 4439//5
f 4435//5 4436//5 4440//5
f 4445//2 4446//2 4447//2
f 4445//2 4447//2 4448//2
f 4441//3 4446//3 4445//3
f 4441//3 4442//3 4446//3
f 4443//5 4448//5 4447//5
f 4443//5 4444//5 4448//5
f 4444//6 4445//6 4448//6
f 4444//6 4441//6 4445//6
f 4449//1 4451//1 4450//1
f 4449//1 4452//1 4451//1
f 4453//2 4454//2 4455//2
f 4453//2 4455//2 4456//2
f 4449//3 4454//3 4453//3
f 4449//3 4450//3 4454//3
f 4451//5 4456//5 4455//5
f 4451//5 4452//5 4456//5
f 4457//1 4459//1 4458//1
f 4457//1 4460//1 4459//1
f 4457//3 4462//3 4461//3
f 4457//3 4458//3 4462//3
f 4458//4 4463//4 4462//4
f 4458//4 4459//4 4463//4
f 4459//5 4464//5 4463//5
f 4459//5 4460//5 4464//5
f 4469//2 4470//2 4471//2
f 4469//2 4471//2 4472//2
f 4465//3 4470//3 4469//3
f 4465//3 4466//3 4470//3
f 4466//4 4471//4 4470//4
f 4466//4 4467//4 4471//4
f 4467//5 4472//5 4471//5
f 4467//5 4468//5 4472//5
f 4473//1 4475//1 4474//1
f 4473//1 4476//1 4475//1
f 4473//3 4478//3 4477//3
f 4473//3 4474//3 4478//3
f 4474//4 4479//4 4478//4
f 4474//4 4475//4 4479//4
f 4475//5 4480//5 4479//5
f 4475//5 4476//5 4480//5
f 4481//3 4486//3 4485//3
f 4481//3 4482//3 4486//3
f 4483//5 4488//5 4487//5
f 4483//5 4484//5 4488//5
f 4489//3 4494//3 4493//3
f 4489//3 4490//3 4494//3
f 4491//5 4496//5 4495//5
f 4491//5 4492//5 4496//5
f 4497//3 4502//3 4501//3
f 4497//3 4498//3 4502//3
f 4499//5 4504//5 4503//5
f 4499//5 4500//5 4504//5
f 4505//3 4510//3 4509//3
f 4505//3 4506//3 4510//3
f 4507//5 4512//5 4511//5
f 4507//5 4508//5 4512//5
f 4508//6 4509//6 4512//6
f 4508//6 4505//6 4509//6
f 4517//2 4518//2 4519//2
f 4517//2 4519//2 4520//2
f 4513//3 4518//3 4517//3
f 4513//3 4514//3 4518//3
f 4515//5 4520//5 4519//5
f 4515//5 4516//5 4520//5
f 4516//6 4517//6 4520//6
f 4516//6 4513//6 4517//6
f 4521//1 4523//1 4522//1
f 4521//1 4524//1 4523//1
f 4521//3 4526//3 4525//3
f 4521//3 4522//3 4526//3
f 4523//5 4528//5 4527//5
f 4523//5 4524//5 4528//5
f 4524//6 4525//6 4528//6
f 4524//6 4521//6 4525//6
f 4529//3 4534//3 4533//3
f 4529//3 4530//3 4534//3
f 4531//5 4536//5 4535//5
f 4531//5 4532//5 4536//5
f 4537//3 4542//3 4541//3
f 4537//3 4538//3 4542//3
f 4539//5 4544//5 4543//5
f 4539//5 4540//5 4544//5
f 4549//2 4550//2 4551//2
f 4549//2 4551//2 4552//2
f 4545//3 4550//3 4549//3
f 4545//3 4546//3 4550//3
f 4547//5 4552//5 4551//5
f 4547//5 4548//5 4552//5
f 4553//1 4555//1 4554//1
f 4553//1 4556//1 4555//1
f 4553//3 4558//3 4557//3
f 4553//3 4554//3 4558//3
f 4554//4 4559//4 4558//4
f 4554//4 4555//4 4559//4
f 4555//5 4560//5 4559//5
f 4555//5 4556//5 4560//5
f 4561//3 4566//3 4565//3
f 4561//3 4562//3 4566//3
f 4562//4 4567//4 4566//4
f 4562//4 4563//4 4567//4
f 4563//5 4568//5 4567//5
f 4563//5 4564//5 4568//5
f 4569//3 4574//3 4573//3
f 4569//3 4570//3 4574//3
f 4570//4 4575//4 4574//4
f 4570//4 4571//4 4575//4
f 4571//5 4576//5 4575//5
f 4571//5 4572//5 4576//5
f 4577//3 4582//3 4581//3
f 4577//3 4578//3 4582//3
f 4579//5 4584//5 4583//5
f 4579//5 4580//5 4584//5
f 4580//6 4581//6 4584//6
f 4580//6 4577//6 4581//6
f 4589//2 4590//2 4591//2
f 4589//2 4591//2 4592//2
f 4585//3 4590//3 4589//3
f 4585//3 4586//3 4590//3
f 4587//5 4592//5 4591//5
f 4587//5 4588//5 4592//5
f 4588//6 4589//6 4592//6
f 4588//6 4585//6 4589//6
f 4593//1 4595//1 4594//1
f 4593//1 4596//1 4595//1
f 4597//2 4598//2 4599//2
f 4597//2 4599//2 4600//2
f 4593//3 4598//3 4597//3
f 4593//3 4594//3 4598//3
f 4594//4 4599//4 4598//4
f 4594//4 4595//4 4599//4
f 4595//5 4600//5 4599//5
f 4595//5 4596//5 4600//5
f 4601//1 4603//1 4602//1
f 4601//1 4604//1 4603//1
f 4605//2 4606//2 4607//2
f 4605//2 4607//2 4608//2
f 4601//3 4606//3 4605//3
f 4601//3 4602//3 4606//3
f 4602//4 4607//4 4606//4
f 4602//4 4603//4 4607//4
f 4603//5 4608//5 4607//5
f 4603//5 4604//5 4608//5
f 4604//6 4605//6 4608//6
f 4604//6 4601//6 4605//6
f 4609//1 4611//1 4610//1
f 4609//1 4612//1 4611//1
f 4613//2 4614//2 4615//2
f 4613//2 4615//2 4616//2
f 4609//3 4614//3 4613//3
f 4609//3 4610//3 4614//3
f 4611//5 4616//5 4615//5
f 4611//5 4612//5 4616//5
f 4617//1 4619//1 4618//1
f 4617//1 4620//1 4619//1
f 4621//2 4622//2 4623//2
f 4621//2 4623//2 4624//2
f 4617//3 4622//3 4621//3
f 4617//3 4618//3 4622//3
f 4625//1 4627//1 4626//1
f 4625//1 4628//1 4627//1
f 4629//2 4630//2 4631//2
f 4629//2 4631//2 4632//2
f 4633//1 4635//1 4634//1
f 4633//1 4636//1 4635//1
f 4637//2 4638//2 4639//2
f 4637//2 4639//2 4640//2
f 4641//1 4643//1 4642//1
f 4641//1 4644//1 4643//1
f 4645//2 4646//2 4647//2
f 4645//2 4647//2 4648//2
f 4642//4 4647//4 4646//4
f 4642//4 4643//4 4647//4
f 4643//5 4648//5 4647//5
f 4643//5 4644//5 4648//5
f 4649//1 4651//1 4650//1
f 4649//1 4652//1 4651//1
f 4653//2 4654//2 4655//2
f 4653//2 4655//2 4656//2
f 4649//3 4654//3 4653//3
f 4649//3 4650//3 4654//3
f 4652//6 4653//6 4656//6
f 4652//6 4649//6 4653//6
f 4657//1 4659//1 4658//1
f 4657//1 4660//1 4659//1
f 4661//2 4662//2 4663//2
f 4661//2 4663//2 4664//2
f 4665//1 4667//1 4666//1
f 4665//1 4668//1 4667//1
f 4665//3 4670//3 4669//3
f 4665//3 4666//3 4670//3
f 4666//4 4671//4 4670//4
f 4666//4 4667//4 4671//4
f 4667//5 4672//5 4671//5
f 4667//5 4668//5 4672//5
f 4673//3 4678//3 4677//3
f 4673//3 4674//3 4678//3
f 4674//4 4679//4 4678//4
f 4674//4 4675//4 4679//4
f 4675//5 4680//5 4679//5
f 4675//5 4676//5 4680//5
f 4685//2 4686//2 4687//2
f 4685//2 4687//2 4688//2
f 4683//5 4688//5 4687//5
f 4683//5 4684//5 4688//5
f 4684//6 4685//6 4688//6
f 4684//6 4681//6 4685//6
f 4689//1 4691//1 4690//1
f 4689//1 4692//1 4691//1
f 4689//3 4694//3 4693//3
f 4689//3 4690//3 4694//3
f 4690//4 4695//4 4694//4
f 4690//4 4691//4 4695//4
f 4691//5 4696//5 4695//5
f 4691//5 4692//5 4696//5
f 4697//3 4702//3 4701//3
f 4697//3 4698//3 4702//3
f 4699//5 4704//5 4703//5
f 4699//5 4700//5 4704//5
f 4705//3 4710//3 4709//3
f 4705//3 4706//3 4710//3
f 4707//5 4712//5 4711//5
f 4707//5 4708//5 4712//5
f 4713//3 4718//3 4717//3
f 4713//3 4714//3 4718//3
f 4715//5 4720//5 4719//5
f 4715//5 4716//5 4720//5
f 4716//6 4717//6 4720//6
f 4716//6 4713//6 4717//6
f 4725//2 4726//2 4727//2
f 4725//2 4727//2 4728//2
f 4721//3 4726//3 4725//3
f 4721//3 4722//3 4726//3
f 4723//5 4728//5 4727//5
f 4723//5 4724//5 4728//5
f 4724//6 4725//6 4728//6
f 4724//6 4721//6 4725//6
f 4729//1 4731//1 4730//1
f 4729//1 4732//1 4731//1
f 4733//2 4734//2 4735//2
f 4733//2 4735//2 4736//2
f 4729//3 4734//3 4733//3
f 4729//3 4730//3 4734//3
f 4731//5 4736//5 4735//5
f 4731//5 4732//5 4736//5
f 4737//1 4739//1 4738//1
f 4737//1 4740//1 4739//1
f 4737//3 4742//3 4741//3
f 4737//3 4738//3 4742//3
f 4739//5 4744//5 4743//5
f 4739//5 4740//5 4744//5
f 4749//2 4750//2 4751//2
f 4749//2 4751//2 4752//2
f 4745//3 4750//3 4749//3
f 4745//3 4746//3 4750//3
f 4747//5 4752//5 4751//5
f 4747//5 4748//5 4752//5
f 4753//1 4755//1 4754//1
f 4753//1 4756//1 4755//1
f 4757//2 4758//2 4759//2
f 4757//2 4759//2 4760//2
f 4753//3 4758//3 4757//3
f 4753//3 4754//3 4758//3
f 4755//5 4760//5 4759//5
f 4755//5 4756//5 4760//5
f 4761//1 4763//1 4762//1
f 4761//1 4764//1 4763//1
f 4761//3 4766//3 4765//3
f 4761//3 4762//3 4766//3
f 4763//5 4768//5 4767//5
f 4763//5 4764//5 4768//5
f 4764//6 4765//6 4768//6
f 4764//6 4761//6 4765//6
f 4769//3 4774//3 4773//3
f 4769//3 4770//3 4774//3
f 4771//5 4776//5 4775//5
f 4771//5 4772//5 4776//5
f 4772//6 4773//6 4776//6
f 4772//6 4769//6 4773//6
f 4781//2 4782//2 4783//2
f 4781//2 4783//2 4784//2
f 4777//3 4782//3 4781//3
f 4777//3 4778//3 4782//3
f 4779//5 4784//5 4783//5
f 4779//5 4780//5 4784//5
f 4780//6 4781//6 4784//6
f 4780//6 4777//6 4781//6
f 4785//1 4787//1 4786//1
f 4785//1 4788//1 4787//1
f 4785//3 4790//3 4789//3
f 4785//3 4786//3 4790//3
f 4786//4 4791//4 4790//4
f 4786//4 4787//4 4791//4
f 4787//5 4792//5 4791//5
f 4787//5 4788//5 4792//5
f 4788//6 4789//6 4792//6
f 4788//6 4785//6 4789//6
f 4793//3 4798//3 4797//3
f 4793//3 4794//3 4798//3
f 4794//4 4799//4 4798//4
f 4794//4 4795//4 4799//4
f 4795//5 4800//5 4799//5
f 4795//5 4796//5 4800//5
f 4796//6 4797//6 4800//6
f 4796//6 4793//6 4797//6
f 4801//3 4806//3 4805//3
f 4801//3 4802//3 4806//3
f 4802//4 4807//4 4806//4
f 4802//4 4803//4 4807//4
f 4803//5 4808//5 4807//5
f 4803//5 4804//5 4808//5
f 4804//6 4805//6 4808//6
f 4804//6 4801//6 4805//6
f 4809//3 4814//3 4813//3
f 4809//3 4810//3 4814//3
f 4810//4 4815//4 4814//4
f 4810//4 4811//4 4815//4
f 4811//5 4816//5 4815//5
f 4811//5 4812//5 4816//5
f 4812//6 4813//6 4816//6
f 4812//6 4809//6 4813//6
f 4817//3 4822//3 4821//3
f 4817//3 4818//3 4822//3
f 4818//4 4823//4 4822//4
f 4818//4 4819//4 4823//4
f 4819//5 4824//5 4823//5
f 4819//5 4820//5 4824//5
f 4820//6 4821//6 4824//6
f 4820//6 4817//6 4821//6
f 4825//3 4830//3 4829//3
f 4825//3 4826//3 4830//3
f 4826//4 4831//4 4830//4
f 4826//4 4827//4 4831//4
f 4827//5 4832//5 4831//5
f 4827//5 4828//5 4832//5
f 4828//6 4829//6 4832//6
f 4828//6 4825//6 4829//6
f 4833//3 4838//3 4837//3
f 4833//3 4834//3 4838//3
f 4834//4 4839//4 4838//4
f 4834//4 4835//4 4839//4
f 4835//5 4840//5 4839//5
f 4835//5 4836//5 4840//5
f 4836//6 4837//6 4840//6
f 4836//6 4833//6 4837//6
f 4841//3 4846//3 4845//3
f 4841//3 4842//3 4846//3
f 4842//4 4847//4 4846//4
f 4842//4 4843//4 4847//4
f 4843//5 4848//5 4847//5
f 4843//5 4844//5 4848//5
f 4844//6 4845//6 4848//6
f 4844//6 4841//6 4845//6
f 4849//3 4854//3 4853//3
f 4849//3 4850//3 4854//3
f 4850//4 4855//4 4854//4
f 4850//4 4851//4 4855//4
f 4851//5 4856//5 4855//5
f 4851//5 4852//5 4856//5
f 4852//6 4853//6 4856//6
f 4852//6 4849//6 4853//6
f 4857//3 4862//3 4861//3
f 4857//3 4858//3 4862//3
f 4858//4 4863//4 4862//4
f 4858//4 4859//4 4863//4
f 4859//5 4864//5 4863//5
f 4859//5 4860//5 4864//5
f 4860//6 4861//6 4864//6
f 4860//6 4857//6 4861//6
f 4865//3 4870//3 4869//3
f 4865//3 4866//3 4870//3
f 4866//4 4871//4 4870//4
f 4866//4 4867//4 4871//4
f 4867//5 4872//5 4871//5
f 4867//5 4868//5 4872//5
f 4868//6 4869//6 4872//6
f 4868//6 4865//6 4869//6
f 4873//3 4878//3 4877//3
f 4873//3 4874//3 4878//3
f 4874//4 4879//4 4878//4
f 4874//4 4875//4 4879//4
f 4875//5 4880//5 4879//5
f 4875//5 4876//5 4880//5
f 4876//6 4877//6 4880//6
f 4876//6 4873//6 4877//6
f 4881//3 4886//3 4885//3
f 4881//3 4882//3 4886//3
f 4882//4 4887//4 4886//4
f 4882//4 4883//4 4887//4
f 4883//5 4888//5 4887//5
f 4883//5 4884//5 4888//5
f 4884//6 4885//6 4888//6
f 4884//6 4881//6 4885//6
f 4889//3 4894//3 4893//3
f 4889//3 4890//3 4894//3
f 4890//4 4895//4 4894//4
f 4890//4 4891//4 4895//4
f 4891//5 4896//5 4895//5
f 4891//5 4892//5 4896//5
f 4892//6 4893//6 4896//6
f 4892//6 4889//6 4893//6
f 4897//3 4902//3 4901//3
f 4897//3 4898//3 4902//3
f 4898//4 4903//4 4902//4
f 4898//4 4899//4 4903//4
f 4899//5 4904//5 4903//5
f 4899//5 4900//5 4904//5
f 4900//6 4901//6 4904//6
f 4900//6 4897//6 4901//6
f 4905//3 4910//3 4909//3
f 4905//3 4906//3 4910//3
f 4906//4 4911//4 4910//4
f 4906//4 4907//4 4911//4
f 4907//5 4912//5 4911//5
f 4907//5 4908//5 4912//5
f 4908//6 4909//6 4912//6
f 4908//6 4905//6 4909//6
f 4913//3 4918//3 4917//3
f 4913//3 4914//3 4918//3
f 4915//5 4920//5 4919//5
f 4915//5 4916//5 4920//5
f 4916//6 4917//6 4920//6
f 4916//6 4913//6 4917//6
f 4921//3 4926//3 4925//3
f 4921//3 4922//3 4926//3
f 4923//5 4928//5 4927//5
f 4923//5 4924//5 4928//5
f 4924//6 4925//6 4928//6
f 4924//6 4921//6 4925//6
f 4933//2 4934//2 4935//2
f 4933//2 4935//2 4936//2
f 4929//3 4934//3 4933//3
f 4929//3 4930//3 4934//3
f 4931//5 4936//5 4935//5
f 4931//5 4932//5 4936//5
f 4932//6 4933//6 4936//6
f 4932//6 4929//6 4933//6
f 4937//1 4939//1 4938//1
f 4937//1 4940//1 4939//1
f 4937//3 4942//3 4941//3
f 4937//3 4938//3 4942//3
f 4938//4 4943//4 4942//4
f 4938//4 4939//4 4943//4
f 4939//5 4944//5 4943//5
f 4939//5 4940//5 4944//5
f 4945//3 4950//3 4949//3
f 4945//3 4946//3 4950//3
f 4947//5 4952//5 4951//5
f 4947//5 4948//5 4952//5
f 4953//3 4958//3 4957//3
f 4953//3 4954//3 4958//3
f 4955//5 4960//5 4959//5
f 4955//5 4956//5 4960//5
f 4965//2 4966//2 4967//2
f 4965//2 4967//2 4968//2
f 4961//3 4966//3 4965//3
f 4961//3 4962//3 4966//3
f 4963//5 4968//5 4967//5
f 4963//5 4964//5 4968//5
f 4964//6 4965//6 4968//6
f 4964//6 4961//6 4965//6
f 4969//1 4971//1 4970//1
f 4969//1 4972//1 4971//1
f 4969//3 4974//3 4973//3
f 4969//3 4970//3 4974//3
f 4970//4 4975//4 4974//4
f 4970//4 4971//4 4975//4
f 4971//5 4976//5 4975//5
f 4971//5 4972//5 4976//5
f 4977//3 4982//3 4981//3
f 4977//3 4978//3 4982//3
f 4979//5 4984//5 4983//5
f 4979//5 4980//5 4984//5
f 4980//6 4981//6 4984//6
f 4980//6 4977//6 4981//6
f 4985//3 4990//3 4989//3
f 4985//3 4986//3 4990//3
f 4987//5 4992//5 4991//5
f 4987//5 4988//5 4992//5
f 4997//2 4998//2 4999//2
f 4997//2 4999//2 5000//2
f 4993//3 4998//3 4997//3
f 4993//3 4994//3 4998//3
f 4994//4 4999//4 4998//4
f 4994//4 4995//4 4999//4
f 4995//5 5000//5 4999//5
f 4995//5 4996//5 5000//5
f 4996//6 4997//6 5000//6
f 4996//6 4993//6 4997//6
f 5001//1 5003//1 5002//1
f 5001//1 5004//1 5003//1
f 5001//3 5006//3 5005//3
f 5001//3 5002//3 5006//3
f 5002//4 5007//4 5006//4
f 5002//4 5003//4 5007//4
f 5003//5 5008//5 5007//5
f 5003//5 5004//5 5008//5
f 5009//3 5014//3 5013//3
f 5009//3 5010//3 5014//3
f 5010//4 5015//4 5014//4
f 5010//4 5011//4 5015//4
f 5011//5 5016//5 5015//5
f 5011//5 5012//5 5016//5
f 5017//3 5022//3 5021//3
f 5017//3 5018//3 5022//3
f 5019//5 5024//5 5023//5
f 5019//5 5020//5 5024//5
f 5025//3 5030//3 5029//3
f 5025//3 5026//3 5030//3
f 5027//5 5032//5 5031//5
f 5027//5 5028//5 5032//5
f 5033//3 5038//3 5037//3
f 5033//3 5034//3 5038//3
f 5035//5 5040//5 5039//5
f 5035//5 5036//5 5040//5
f 5041//3 5046//3 5045//3
f 5041//3 5042//3 5046//3
f 5043//5 5048//5 5047//5
f 5043//5 5044//5 5048//5
f 5044//6 5045//6 5048//6
f 5044//6 5041//6 5045//6
f 5049//3 5054//3 5053//3
f 5049//3 5050//3 5054//3
f 5051//5 5056//5 5055//5
f 5051//5 5052//5 5056//5
f 5052//6 5053//6 5056//6
f 5052//6 5049//6 5053//6
f 5061//2 5062//2 5063//2
f 5061//2 5063//2 5064//2
f 5057//3 5062//3 5061//3
f 5057//3 5058//3 5062//3
f 5059//5 5064//5 5063//5
f 5059//5 5060//5 5064//5
f 5060//6 5061//6 5064//6
f 5060//6 5057//6 5061//6
f 5065//1 5067//1 5066//1
f 5065//1 5068//1 5067//1
f 5065//3 5070//3 5069//3
f 5065//3 5066//3 5070//3
f 5067//5 5072//5 5071//5
f 5067//5 5068//5 5072//5
f 5068//6 5069//6 5072//6
f 5068//6 5065//6 5069//6
f 5073//3 5078//3 5077//3
f 5073//3 5074//3 5078//3
f 5074//4 5079//4 5078//4
f 5074//4 5075//4 5079//4
f 5075//5 5080//5 5079//5
f 5075//5 5076//5 5080//5
f 5081//3 5086//3 5085//3
f 5081//3 5082//3 5086//3
f 5083//5 5088//5 5087//5
f 5083//5 5084//5 5088//5
f 5089//3 5094//3 5093//3
f 5089//3 5090//3 5094//3
f 5091//5 5096//5 5095//5
f 5091//5 5092//5 5096//5
f 5101//2 5102//2 5103//2
f 5101//2 5103//2 5104//2
f 5097//3 5102//3 5101//3
f 5097//3 5098//3 5102//3
f 5099//5 5104//5 5103//5
f 5099//5 5100//5 5104//5
f 5105//1 5107//1 5106//1
f 5105//1 5108//1 5107//1
f 5105//3 5110//3 5109//3
f 5105//3 5106//3 5110//3
f 5106//4 5111//4 5110//4
f 5106//4 5107//4 5111//4
f 5107//5 5112//5 5111//5
f 5107//5 5108//5 5112//5
f 5113//3 5118//3 5117//3
f 5113//3 5114//3 5118//3
f 5115//5 5120//5 5119//5
f 5115//5 5116//5 5120//5
f 5125//2 5126//2 5127//2
f 5125//2 5127//2 5128//2
f 5121//3 5126//3 5125//3
f 5121//3 5122//3 5126//3
f 5123//5 5128//5 5127//5
f 5123//5 5124//5 5128//5
f 5124//6 5125//6 5128//6
f 5124//6 5121//6 5125//6
f 5129//1 5131//1 5130//1
f 5129//1 5132//1 5131//1
f 5133//2 5134//2 5135//2
f 5133//2 5135//2 5136//2
f 5129//3 5134//3 5133//3
f 5129//3 5130//3 5134//3
f 5132//6 5133//6 5136//6
f 5132//6 5129//6 5133//6
f 5137//1 5139//1 5138//1
f 5137//1 5140//1 5139//1
f 5141//2 5142//2 5143//2
f 5141//2 5143//2 5144//2
f 5138//4 5143//4 5142//4
f 5138//4 5139//4 5143//4
f 5139//5 5144//5 5143//5
f 5139//5 5140//5 5144//5
f 5145//1 5147//1 5146//1
f 5145//1 5148//1 5147//1
f 5149//2 5150//2 5151//2
f 5149//2 5151//2 5152//2
f 5145//3 5150//3 5149//3
f 5145//3 5146//3 5150//3
f 5153//1 5155//1 5154//1
f 5153//1 5156//1 5155//1
f 5157//2 5158//2 5159//2
f 5157//2 5159//2 5160//2
f 5161//1 5163//1 5162//1
f 5161//1 5164//1 5163//1
f 5165//2 5166//2 5167//2
f 5165//2 5167//2 5168//2
f 5162//4 5167//4 5166//4
f 5162//4 5163//4 5167//4
f 5163//5 5168//5 5167//5
f 5163//5 5164//5 5168//5
f 5169//1 5171//1 5170//1
f 5169//1 5172//1 5171//1
f 5173//2 5174//2 5175//2
f 5173//2 5175//2 5176//2
f 5169//3 5174//3 5173//3
f 5169//3 5170//3 5174//3
f 5172//6 5173//6 5176//6
f 5172//6 5169//6 5173//6
f 5177//1 5179//1 5178//1
f 5177//1 5180//1 5179//1
f 5181//2 5182//2 5183//2
f 5181//2 5183//2 5184//2
f 5185//1 5187//1 5186//1
f 5185//1 5188//1 5187//1
f 5189//2 5190//2 5191//2
f 5189//2 5191//2 5192//2
f 5193//1 5195//1 5194//1
f 5193//1 5196//1 5195//1
f 5197//2 5198//2 5199//2
f 5197//2 5199//2 5200//2
f 5194//4 5199//4 5198//4
f 5194//4 5195//4 5199//4
f 5201//1 5203//1 5202//1
f 5201//1 5204//1 5203//1
f 5201//3 5206//3 5205//3
f 5201//3 5202//3 5206//3
f 5202//4 5207//4 5206//4
f 5202//4 5203//4 5207//4
f 5203//5 5208//5 5207//5
f 5203//5 5204//5 5208//5
f 5209//3 5214//3 5213//3
f 5209//3 5210//3 5214//3
f 5211//5 5216//5 5215//5
f 5211//5 5212//5 5216//5
f 5217//3 5222//3 5221//3
f 5217//3 5218//3 5222//3
f 5219//5 5224//5 5223//5
f 5219//5 5220//5 5224//5
f 5225//3 5230//3 5229//3
f 5225//3 5226//3 5230//3
f 5227//5 5232//5 5231//5
f 5227//5 5228//5 5232//5
f 5233//3 5238//3 5237//3
f 5233//3 5234//3 5238//3
f 5235//5 5240//5 5239//5
f 5235//5 5236//5 5240//5
f 5236//6 5237//6 5240//6
f 5236//6 5233//6 5237//6
f 5241//3 5246//3 5245//3
f 5241//3 5242//3 5246//3
f 5243//5 5248//5 5247//5
f 5243//5 5244//5 5248//5
f 5244//6 5245//6 5248//6
f 5244//6 5241//6 5245//6
f 5253//2 5254//2 5255//2
f 5253//2 5255//2 5256//2
f 5251//5 5256//5 5255//5
f 5251//5 5252//5 5256//5
f 5252//6 5253//6 5256//6
f 5252//6 5249//6 5253//6
f 5257//1 5259//1 5258//1
f 5257//1 5260//1 5259//1
f 5257//3 5262//3 5261//3
f 5257//3 5258//3 5262//3
f 5259//5 5264//5 5263//5
f 5259//5 5260//5 5264//5
f 5269//2 5270//2 5271//2
f 5269//2 5271//2 5272//2
f 5265//3 5270//3 5269//3
f 5265//3 5266//3 5270//3
f 5267//5 5272//5 5271//5
f 5267//5 5268//5 5272//5
f 5268//6 5269//6 5272//6
f 5268//6 5265//6 5269//6
f 5273//1 5275//1 5274//1
f 5273//1 5276//1 5275//1
f 5273//3 5278//3 5277//3
f 5273//3 5274//3 5278//3
f 5275//5 5280//5 5279//5
f 5275//5 5276//5 5280//5
f 5285//2 5286//2 5287//2
f 5285//2 5287//2 5288//2
f 5281//3 5286//3 5285//3
f 5281//3 5282//3 5286//3
f 5283//5 5288//5 5287//5
f 5283//5 5284//5 5288//5
f 5289//1 5291//1 5290//1
f 5289//1 5292//1 5291//1
f 5293//2 5294//2 5295//2
f 5293//2 5295//2 5296//2
f 5289//3 5294//3 5293//3
f 5289//3 5290//3 5294//3
f 5291//5 5296//5 5295//5
f 5291//5 5292//5 5296//5
f 5297//1 5299//1 5298//1
f 5297//1 5300//1 5299//1
f 5297//3 5302//3 5301//3
f 5297//3 5298//3 5302//3
f 5298//4 5303//4 5302//4
f 5298//4 5299//4 5303//4
f 5299//5 5304//5 5303//5
f 5299//5 5300//5 5304//5
f 5305//3 5310//3 5309//3
f 5305//3 5306//3 5310//3
f 5307//5 5312//5 5311//5
f 5307//5 5308//5 5312//5
f 5317//2 5318//2 5319//2
f 5317//2 5319//2 5320//2
f 5313//3 5318//3 5317//3
f 5313//3 5314//3 5318//3
f 5315//5 5320//5 5319//5
f 5315//5 5316//5 5320//5
f 5321//1 5323//1 5322//1
f 5321//1 5324//1 5323//1
f 5321//3 5326//3 5325//3
f 5321//3 5322//3 5326//3
f 5322//4 5327//4 5326//4
f 5322//4 5323//4 5327//4
f 5323//5 5328//5 5327//5
f 5323//5 5324//5 5328//5
f 5329//3 5334//3 5333//3
f 5329//3 5330//3 5334//3
f 5331//5 5336//5 5335//5
f 5331//5 5332//5 5336//5
f 5341//2 5342//2 5343//2
f 5341//2 5343//2 5344//2
f 5337//3 5342//3 5341//3
f 5337//3 5338//3 5342//3
f 5339//5 5344//5 5343//5
f 5339//5 5340//5 5344//5
f 5345//1 5347//1 5346//1
f 5345//1 5348//1 5347//1
f 5349//2 5350//2 5351//2
f 5349//2 5351//2 5352//2
f 5345//3 5350//3 5349//3
f 5345//3 5346//3 5350//3
f 5346//4 5351//4 5350//4
f 5346//4 5347//4 5351//4
f 5347//5 5352//5 5351//5
f 5347//5 5348//5 5352//5
f 5348//6 5349//6 5352//6
f 5348//6 5345//6 5349//6
f 5353//1 5355//1 5354//1
f 5353//1 5356//1 5355//1
f 5357//2 5358//2 5359//2
f 5357//2 5359//2 5360//2
f 5353//3 5358//3 5357//3
f 5353//3 5354//3 5358//3
f 5355//5 5360//5 5359//5
f 5355//5 5356//5 5360//5
f 5356//6 5357//6 5360//6
f 5356//6 5353//6 5357//6
f 5361//1 5363//1 5362//1
f 5361//1 5364//1 5363//1
f 5361//3 5366//3 5365//3
f 5361//3 5362//3 5366//3
f 5363//5 5368//5 5367//5
f 5363//5 5364//5 5368//5
f 5369//3 5374//3 5373//3
f 5369//3 5370//3 5374//3
f 5371//5 5376//5 5375//5
f 5371//5 5372//5 5376//5
f 5377//3 5382//3 5381//3
f 5377//3 5378//3 5382//3
f 5379//5 5384//5 5383//5
f 5379//5 5380//5 5384//5
f 5385//3 5390//3 5389//3
f 5385//3 5386//3 5390//3
f 5387//5 5392//5 5391//5
f 5387//5 5388//5 5392//5
f 5388//6 5389//6 5392//6
f 5388//6 5385//6 5389//6
f 5393//3 5398//3 5397//3
f 5393//3 5394//3 5398//3
f 5394//4 5399//4 5398//4
f 5394//4 5395//4 5399//4
f 5395//5 5400//5 5399//5
f 5395//5 5396//5 5400//5
f 5396//6 5397//6 5400//6
f 5396//6 5393//6 5397//6
f 5405//2 5406//2 5407//2
f 5405//2 5407//2 5408//2
f 5401//3 5406//3 5405//3
f 5401//3 5402//3 5406//3
f 5403//5 5408//5 5407//5
f 5403//5 5404//5 5408//5
f 5404//6 5405//6 5408//6
f 5404//6 5401//6 5405//6
f 5409//1 5411//1 5410//1
f 5409//1 5412//1 5411//1
f 5409//3 5414//3 5413//3
f 5409//3 5410//3 5414//3
f 5411//5 5416//5 5415//5
f 5411//5 5412//5 5416//5
f 5421//2 5422//2 5423//2
f 5421//2 5423//2 5424//2
f 5417//3 5422//3 5421//3
f 5417//3 5418//3 5422//3
f 5418//4 5423//4 5422//4
f 5418//4 5419//4 5423//4
f 5419//5 5424//5 5423//5
f 5419//5 5420//5 5424//5
f 5425//1 5427//1 5426//1
f 5425//1 5428//1 5427//1
f 5425//3 5430//3 5429//3
f 5425//3 5426//3 5430//3
f 5427//5 5432//5 5431//5
f 5427//5 5428//5 5432//5
f 5433//3 5438//3 5437//3
f 5433//3 5434//3 5438//3
f 5434//4 5439//4 5438//4
f 5434//4 5435//4 5439//4
f 5435//5 5440//5 5439//5
f 5435//5 5436//5 5440//5
f 5441//3 5446//3 5445//3
f 5441//3 5442//3 5446//3
f 5442//4 5447//4 5446//4
f 5442//4 5443//4 5447//4
f 5443//5 5448//5 5447//5
f 5443//5 5444//5 5448//5
f 5449//3 5454//3 5453//3
f 5449//3 5450//3 5454//3
f 5451//5 5456//5 5455//5
f 5451//5 5452//5 5456//5
f 5457//3 5462//3 5461//3
f 5457//3 5458//3 5462//3
f 5459//5 5464//5 5463//5
f 5459//5 5460//5 5464//5
f 5465//3 5470//3 5469//3
f 5465//3 5466//3 5470//3
f 5467//5 5472//5 5471//5
f 5467//5 5468//5 5472//5
f 5477//2 5478//2 5479//2
f 5477//2 5479//2 5480//2
f 5473//3 5478//3 5477//3
f 5473//3 5474//3 5478//3
f 5475//5 5480//5 5479//5
f 5475//5 5476//5 5480//5
f 5476//6 5477//6 5480//6
f 5476//6 5473//6 5477//6
f 5481//1 5483//1 5482//1
f 5481//1 5484//1 5483//1
f 5485//2 5486//2 5487//2
f 5485//2 5487//2 5488//2
f 5481//3 5486//3 5485//3
f 5481//3 5482//3 5486//3
f 5483//5 5488//5 5487//5
f 5483//5 5484//5 5488//5
f 5489//1 5491//1 5490//1
f 5489//1 5492//1 5491//1
f 5489//3 5494//3 5493//3
f 5489//3 5490//3 5494//3
f 5490//4 5495//4 5494//4
f 5490//4 5491//4 5495//4
f 5491//5 5496//5 5495//5
f 5491//5 5492//5 5496//5
f 5497//3 5502//3 5501//3
f 5497//3 5498//3 5502//3
f 5499//5 5504//5 5503//5
f 5499//5 5500//5 5504//5
f 5509//2 5510//2 5511//2
f 5509//2 5511//2 5512//2
f 5505//3 5510//3 5509//3
f 5505//3 5506//3 5510//3
f 5507//5 5512//5 5511//5
f 5507//5 5508//5 5512//5
f 5513//1 5515//1 5514//1
f 5513//1 5516//1 5515//1
f 5513//3 5518//3 5517//3
f 5513//3 5514//3 5518//3
f 5515//5 5520//5 5519//5
f 5515//5 5516//5 5520//5
f 5525//2 5526//2 5527//2
f 5525//2 5527//2 5528//2
f 5521//3 5526//3 5525//3
f 5521//3 5522//3 5526//3
f 5523//5 5528//5 5527//5
f 5523//5 5524//5 5528//5
f 5529//1 5531//1 5530//1
f 5529//1 5532//1 5531//1
f 5533//2 5534//2 5535//2
f 5533//2 5535//2 5536//2
f 5529//3 5534//3 5533//3
f 5529//3 5530//3 5534//3
f 5531//5 5536//5 5535//5
f 5531//5 5532//5 5536//5
f 5537//1 5539//1 5538//1
f 5537//1 5540//1 5539//1
f 5541//2 5542//2 5543//2
f 5541//2 5543//2 5544//2
f 5537//3 5542//3 5541//3
f 5537//3 5538//3 5542//3
f 5540//6 5541//6 5544//6
f 5540//6 5537//6 5541//6
f 5545//1 5547//1 5546//1
f 5545//1 5548//1 5547//1
f 5549//2 5550//2 5551//2
f 5549//2 5551//2 5552//2
f 5553//1 5555//1 5554//1
f 5553//1 5556//1 5555//1
f 5557//2 5558//2 5559//2
f 5557//2 5559//2 5560//2
f 5554//4 5559//4 5558//4
f 5554//4 5555//4 5559//4
f 5555//5 5560//5 5559//5
f 5555//5 5556//5 5560//5
f 5561//1 5563//1 5562//1
f 5561//1 5564//1 5563//1
f 5565//2 5566//2 5567//2
f 5565//2 5567//2 5568//2
f 5561//3 5566//3 5565//3
f 5561//3 5562//3 5566//3
f 5564//6 5565//6 5568//6
f 5564//6 5561//6 5565//6
f 5569//1 5571//1 5570//1
f 5569//1 5572//1 5571//1
f 5573//2 5574//2 5575//2
f 5573//2 5575//2 5576//2
f 5577//1 5579//1 5578//1
f 5577//1 5580//1 5579//1
f 5581//2 5582//2 5583//2
f 5581//2 5583//2 5584//2
f 5585//1 5587//1 5586//1
f 5585//1 5588//1 5587//1
f 5589//2 5590//2 5591//2
f 5589//2 5591//2 5592//2
f 5586//4 5591//4 5590//4
f 5586//4 5587//4 5591//4
f 5587//5 5592//5 5591//5
f 5587//5 5588//5 5592//5
f 5593//1 5595//1 5594//1
f 5593//1 5596//1 5595//1
f 5597//2 5598//2 5599//2
f 5597//2 5599//2 5600//2
f 5593//3 5598//3 5597//3
f 5593//3 5594//3 5598//3
f 5596//6 5597//6 5600//6
f 5596//6 5593//6 5597//6
f 5601//1 5603//1 5602//1
f 5601//1 5604//1 5603//1
f 5601//3 5606//3 5605//3
f 5601//3 5602//3 5606//3
f 5603//5 5608//5 5607//5
f 5603//5 5604//5 5608//5
f 5609//3 5614//3 5613//3
f 5609//3 5610//3 5614//3
f 5611//5 5616//5 5615//5
f 5611//5 5612//5 5616//5
f 5617//3 5622//3 5621//3
f 5617//3 5618//3 5622//3
f 5619//5 5624//5 5623//5
f 5619//5 5620//5 5624//5
f 5625//3 5630//3 5629//3
f 5625//3 5626//3 5630//3
f 5627//5 5632//5 5631//5
f 5627//5 5628//5 5632//5
f 5635//5 5640//5 5639//5
f 5635//5 5636//5 5640//5
f 5645//2 5646//2 5647//2
f 5645//2 5647//2 5648//2
f 5641//3 5646//3 5645//3
f 5641//3 5642//3 5646//3
f 5642//4 5647//4 5646//4
f 5642//4 5643//4 5647//4
f 5643//5 5648//5 5647//5
f 5643//5 5644//5 5648//5
f 5649//1 5651//1 5650//1
f 5649//1 5652//1 5651//1
f 5649//3 5654//3 5653//3
f 5649//3 5650//3 5654//3
f 5651//5 5656//5 5655//5
f 5651//5 5652//5 5656//5
f 5657//3 5662//3 5661//3
f 5657//3 5658//3 5662//3
f 5659//5 5664//5 5663//5
f 5659//5 5660//5 5664//5
f 5669//2 5670//2 5671//2
f 5669//2 5671//2 5672//2
f 5665//3 5670//3 5669//3
f 5665//3 5666//3 5670//3
f 5667//5 5672//5 5671//5
f 5667//5 5668//5 5672//5
f 5668//6 5669//6 5672//6
f 5668//6 5665//6 5669//6
f 5673//1 5675//1 5674//1
f 5673//1 5676//1 5675//1
f 5673//3 5678//3 5677//3
f 5673//3 5674//3 5678//3
f 5675//5 5680//5 5679//5
f 5675//5 5676//5 5680//5
f 5685//2 5686//2 5687//2
f 5685//2 5687//2 5688//2
f 5681//3 5686//3 5685//3
f 5681//3 5682//3 5686//3
f 5683//5 5688//5 5687//5
f 5683//5 5684//5 5688//5
f 5689//1 5691//1 5690//1
f 5689//1 5692//1 5691//1
f 5693//2 5694//2 5695//2
f 5693//2 5695//2 5696//2
f 5689//3 5694//3 5693//3
f 5689//3 5690//3 5694//3
f 5691//5 5696//5 5695//5
f 5691//5 5692//5 5696//5
f 5697//1 5699//1 5698//1
f 5697//1 5700//1 5699//1
f 5697//3 5702//3 5701//3
f 5697//3 5698//3 5702//3
f 5699//5 5704//5 5703//5
f 5699//5 5700//5 5704//5
f 5709//2 5710//2 5711//2
f 5709//2 5711//2 5712//2
f 5705//3 5710//3 5709//3
f 5705//3 5706//3 5710//3
f 5706//4 5711//4 5710//4
f 5706//4 5707//4 5711//4
f 5707//5 5712//5 5711//5
f 5707//5 5708//5 5712//5
f 5713//1 5715//1 5714//1
f 5713//1 5716//1 5715//1
f 5713//3 5718//3 5717//3
f 5713//3 5714//3 5718//3
f 5714//4 5719//4 5718//4
f 5714//4 5715//4 5719//4
f 5715//5 5720//5 5719//5
f 5715//5 5716//5 5720//5
f 5721//3 5726//3 5725//3
f 5721//3 5722//3 5726//3
f 5723//5 5728//5 5727//5
f 5723//5 5724//5 5728//5
f 5733//2 5734//2 5735//2
f 5733//2 5735//2 5736//2
f 5729//3 5734//3 5733//3
f 5729//3 5730//3 5734//3
f 5730//4 5735//4 5734//4
f 5730//4 5731//4 5735//4
f 5731//5 5736//5 5735//5
f 5731//5 5732//5 5736//5
f 5732//6 5733//6 5736//6
f 5732//6 5729//6 5733//6
f 5737//1 5739//1 5738//1
f 5737//1 5740//1 5739//1
f 5737//3 5742//3 5741//3
f 5737//3 5738//3 5742//3
f 5738//4 5743//4 5742//4
f 5738//4 5739//4 5743//4
f 5739//5 5744//5 5743//5
f 5739//5 5740//5 5744//5
f 5745//3 5750//3 5749//3
f 5745//3 5746//3 5750//3
f 5746//4 5751//4 5750//4
f 5746//4 5747//4 5751//4
f 5747//5 5752//5 5751//5
f 5747//5 5748//5 5752//5
f 5748//6 5749//6 5752//6
f 5748//6 5745//6 5749//6
f 5753//3 5758//3 5757//3
f 5753//3 5754//3 5758//3
f 5755//5 5760//5 5759//5
f 5755//5 5756//5 5760//5
f 5756//6 5757//6 5760//6
f 5756//6 5753//6 5757//6
f 5761//3 5766//3 5765//3
f 5761//3 5762//3 5766//3
f 5762//4 5767//4 5766//4
f 5762//4 5763//4 5767//4
f 5763//5 5768//5 5767//5
f 5763//5 5764//5 5768//5
f 5764//6 5765//6 5768//6
f 5764//6 5761//6 5765//6
f 5773//2 5774//2 5775//2
f 5773//2 5775//2 5776//2
f 5769//3 5774//3 5773//3
f 5769//3 5770//3 5774//3
f 5770//4 5775//4 5774//4
f 5770//4 5771//4 5775//4
f 5771//5 5776//5 5775//5
f 5771//5 5772//5 5776//5
f 5772//6 5773//6 5776//6
f 5772//6 5769//6 5773//6
f 5777//1 5779//1 5778//1
f 5777//1 5780//1 5779//1
f 5777//3 5782//3 5781//3
f 5777//3 5778//3 5782//3
f 5779//5 5784//5 5783//5
f 5779//5 5780//5 5784//5
f 5780//6 5781//6 5784//6
f 5780//6 5777//6 5781//6
f 5789//2 5790//2 5791//2
f 5789//2 5791//2 5792//2
f 5785//3 5790//3 5789//3
f 5785//3 5786//3 5790//3
f 5787//5 5792//5 5791//5
f 5787//5 5788//5 5792//5
f 5788//6 5789//6 5792//6
f 5788//6 5785//6 5789//6
f 5793//1 5795//1 5794//1
f 5793//1 5796//1 5795//1
f 5793//3 5798//3 5797//3
f 5793//3 5794//3 5798//3
f 5794//4 5799//4 5798//4
f 5794//4 5795//4 5799//4
f 5795//5 5800//5 5799//5
f 5795//5 5796//5 5800//5
f 5801//3 5806//3 5805//3
f 5801//3 5802//3 5806//3
f 5803//5 5808//5 5807//5
f 5803//5 5804//5 5808//5
f 5809//3 5814//3 5813//3
f 5809//3 5810//3 5814//3
f 5811//5 5816//5 5815//5
f 5811//5 5812//5 5816//5
f 5821//2 5822//2 5823//2
f 5821//2 5823//2 5824//2
f 5817//3 5822//3 5821//3
f 5817//3 5818//3 5822//3
f 5819//5 5824//5 5823//5
f 5819//5 5820//5 5824//5
f 5825//1 5827//1 5826//1
f 5825//1 5828//1 5827//1
f 5825//3 5830//3 5829//3
f 5825//3 5826//3 5830//3
f 5826//4 5831//4 5830//4
f 5826//4 5827//4 5831//4
f 5827//5 5832//5 5831//5
f 5827//5 5828//5 5832//5
f 5833//3 5838//3 5837//3
f 5833//3 5834//3 5838//3
f 5834//4 5839//4 5838//4
f 5834//4 5835//4 5839//4
f 5835//5 5840//5 5839//5
f 5835//5 5836//5 5840//5
f 5836//6 5837//6 5840//6
f 5836//6 5833//6 5837//6
f 5845//2 5846//2 5847//2
f 5845//2 5847//2 5848//2
f 5841//3 5846//3 5845//3
f 5841//3 5842//3 5846//3
f 5843//5 5848//5 5847//5
f 5843//5 5844//5 5848//5
f 5844//6 5845//6 5848//6
f 5844//6 5841//6 5845//6
f 5849//1 5851//1 5850//1
f 5849//1 5852//1 5851//1
f 5853//2 5854//2 5855//2
f 5853//2 5855//2 5856//2
f 5849//3 5854//3 5853//3
f 5849//3 5850//3 5854//3
f 5850//4 5855//4 5854//4
f 5850//4 5851//4 5855//4
f 5851//5 5856//5 5855//5
f 5851//5 5852//5 5856//5
f 5857//1 5859//1 5858//1
f 5857//1 5860//1 5859//1
f 5861//2 5862//2 5863//2
f 5861//2 5863//2 5864//2
f 5857//3 5862//3 5861//3
f 5857//3 5858//3 5862//3
f 5858//4 5863//4 5862//4
f 5858//4 5859//4 5863//4
f 5859//5 5864//5 5863//5
f 5859//5 5860//5 5864//5
f 5865//1 5867//1 5866//1
f 5865//1 5868//1 5867//1
f 5865//3 5870//3 5869//3
f 5865//3 5866//3 5870//3
f 5867//5 5872//5 5871//5
f 5867//5 5868//5 5872//5
f 5873//3 5878//3 5877//3
f 5873//3 5874//3 5878//3
f 5875//5 5880//5 5879//5
f 5875//5 5876//5 5880//5
f 5881//3 5886//3 5885//3
f 5881//3 5882//3 5886//3
f 5882//4 5887//4 5886//4
f 5882//4 5883//4 5887//4
f 5883//5 5888//5 5887//5
f 5883//5 5884//5 5888//5
f 5893//2 5894//2 5895//2
f 5893//2 5895//2 5896//2
f 5889//3 5894//3 5893//3
f 5889//3 5890//3 5894//3
f 5890//4 5895//4 5894//4
f 5890//4 5891//4 5895//4
f 5891//5 5896//5 5895//5
f 5891//5 5892//5 5896//5
f 5897//1 5899//1 5898//1
f 5897//1 5900//1 5899//1
f 5897//3 5902//3 5901//3
f 5897//3 5898//3 5902//3
f 5899//5 5904//5 5903//5
f 5899//5 5900//5 5904//5
f 5900//6 5901//6 5904//6
f 5900//6 5897//6 5901//6
f 5905//3 5910//3 5909//3
f 5905//3 5906//3 5910//3
f 5906//4 5911//4 5910//4
f 5906//4 5907//4 5911//4
f 5907//5 5912//5 5911//5
f 5907//5 5908//5 5912//5
f 5917//2 5918//2 5919//2
f 5917//2 5919//2 5920//2
f 5913//3 5918//3 5917//3
f 5913//3 5914//3 5918//3
f 5914//4 5919//4 5918//4
f 5914//4 5915//4 5919//4
f 5915//5 5920//5 5919//5
f 5915//5 5916//5 5920//5
f 5916//6 5917//6 5920//6
f 5916//6 5913//6 5917//6
f 5921//1 5923//1 5922//1
f 5921//1 5924//1 5923//1
f 5921//3 5926//3 5925//3
f 5921//3 5922//3 5926//3
f 5922//4 5927//4 5926//4
f 5922//4 5923//4 5927//4
f 5923//5 5928//5 5927//5
f 5923//5 5924//5 5928//5
f 5929//3 5934//3 5933//3
f 5929//3 5930//3 5934//3
f 5931//5 5936//5 5935//5
f 5931//5 5932//5 5936//5
f 5941//2 5942//2 5943//2
f 5941//2 5943//2 5944//2
f 5937//3 5942//3 5941//3
f 5937//3 5938//3 5942//3
f 5939//5 5944//5 5943//5
f 5939//5 5940//5 5944//5
f 5940//6 5941//6 5944//6
f 5940//6 5937//6 5941//6
f 5945//1 5947//1 5946//1
f 5945//1 5948//1 5947//1
f 5945//3 5950//3 5949//3
f 5945//3 5946//3 5950//3
f 5947//5 5952//5 5951//5
f 5947//5 5948//5 5952//5
f 5957//2 5958//2 5959//2
f 5957//2 5959//2 5960//2
f 5953//3 5958//3 5957//3
f 5953//3 5954//3 5958//3
f 5954//4 5959//4 5958//4
f 5954//4 5955//4 5959//4
f 5955//5 5960//5 5959//5
f 5955//5 5956//5 5960//5
f 5961//1 5963//1 5962//1
f 5961//1 5964//1 5963//1
f 5965//2 5966//2 5967//2
f 5965//2 5967//2 5968//2
f 5961//3 5966//3 5965//3
f 5961//3 5962//3 5966//3
f 5963//5 5968//5 5967//5
f 5963//5 5964//5 5968//5
f 5969//1 5971//1 5970//1
f 5969//1 5972//1 5971//1
f 5973//2 5974//2 5975//2
f 5973//2 5975//2 5976//2
f 5969//3 5974//3 5973//3
f 5969//3 5970//3 5974//3
f 5977//1 5979//1 5978//1
f 5977//1 5980//1 5979//1
f 5981//2 5982//2 5983//2
f 5981//2 5983//2 5984//2
f 5979//5 5984//5 5983//5
f 5979//5 5980//5 5984//5
f 5985//1 5987//1 5986//1
f 5985//1 5988//1 5987//1
f 5989//2 5990//2 5991//2
f 5989//2 5991//2 5992//2
f 5985//3 5990//3 5989//3
f 5985//3 5986//3 5990//3
f 5988//6 5989//6 5992//6
f 5988//6 5985//6 5989//6
f 5993//1 5995//1 5994//1
f 5993//1 5996//1 5995//1
f 5997//2 5998//2 5999//2
f 5997//2 5999//2 6000//2
f 6001//1 6003//1 6002//1
f 6001//1 6004//1 6003//1
f 6005//2 6006//2 6007//2
f 6005//2 6007//2 6008//2
f 6009//1 6011//1 6010//1
f 6009//1 6012//1 6011//1
f 6013//2 6014//2 6015//2
f 6013//2 6015//2 6016//2
f 6010//4 6015//4 6014//4
f 6010//4 6011//4 6015//4
f 6011//5 6016//5 6015//5
f 6011//5 6012//5 6016//5
f 6017//1 6019//1 6018//1
f 6017//1 6020//1 6019//1
f 6021//2 6022//2 6023//2
f 6021//2 6023//2 6024//2
f 6017//3 6022//3 6021//3
f 6017//3 6018//3 6022//3
f 6020//6 6021//6 6024//6
f 6020//6 6017//6 6021//6
f 6025//1 6027//1 6026//1
f 6025//1 6028//1 6027//1
f 6029//2 6030//2 6031//2
f 6029//2 6031//2 6032//2
f 6033//1 6035//1 6034//1
f 6033//1 6036//1 6035//1
f 6033//3 6038//3 6037//3
f 6033//3 6034//3 6038//3
f 6035//5 6040//5 6039//5
f 6035//5 6036//5 6040//5
f 6041//3 6046//3 6045//3
f 6041//3 6042//3 6046//3
f 6043//5 6048//5 6047//5
f 6043//5 6044//5 6048//5
f 6049//3 6054//3 6053//3
f 6049//3 6050//3 6054//3
f 6051//5 6056//5 6055//5
f 6051//5 6052//5 6056//5
f 6057//3 6062//3 6061//3
f 6057//3 6058//3 6062//3
f 6059//5 6064//5 6063//5
f 6059//5 6060//5 6064//5
f 6069//2 6070//2 6071//2
f 6069//2 6071//2 6072//2
f 6066//4 6071//4 6070//4
f 6066//4 6067//4 6071//4
f 6067//5 6072//5 6071//5
f 6067//5 6068//5 6072//5
f 6073//1 6075//1 6074//1
f 6073//1 6076//1 6075//1
f 6073//3 6078//3 6077//3
f 6073//3 6074//3 6078//3
f 6075//5 6080//5 6079//5
f 6075//5 6076//5 6080//5
f 6081//3 6086//3 6085//3
f 6081//3 6082//3 6086//3
f 6083//5 6088//5 6087//5
f 6083//5 6084//5 6088//5
f 6093//2 6094//2 6095//2
f 6093//2 6095//2 6096//2
f 6089//3 6094//3 6093//3
f 6089//3 6090//3 6094//3
f 6090//4 6095//4 6094//4
f 6090//4 6091//4 6095//4
f 6091//5 6096//5 6095//5
f 6091//5 6092//5 6096//5
f 6097//1 6099//1 6098//1
f 6097//1 6100//1 6099//1
f 6097//3 6102//3 6101//3
f 6097//3 6098//3 6102//3
f 6099//5 6104//5 6103//5
f 6099//5 6100//5 6104//5
f 6109//2 6110//2 6111//2
f 6109//2 6111//2 6112//2
f 6105//3 6110//3 6109//3
f 6105//3 6106//3 6110//3
f 6107//5 6112//5 6111//5
f 6107//5 6108//5 6112//5
f 6113//1 6115//1 6114//1
f 6113//1 6116//1 6115//1
f 6113//3 6118//3 6117//3
f 6113//3 6114//3 6118//3
f 6115//5 6120//5 6119//5
f 6115//5 6116//5 6120//5
f 6116//6 6117//6 6120//6
f 6116//6 6113//6 6117//6
f 6125//2 6126//2 6127//2
f 6125//2 6127//2 6128//2
f 6121//3 6126//3 6125//3
f 6121//3 6122//3 6126//3
f 6122//4 6127//4 6126//4
f 6122//4 6123//4 6127//4
f 6123//5 6128//5 6127//5
f 6123//5 6124//5 6128//5
f 6129//1 6131//1 6130//1
f 6129//1 6132//1 6131//1
f 6129//3 6134//3 6133//3
f 6129//3 6130//3 6134//3
f 6130//4 6135//4 6134//4
f 6130//4 6131//4 6135//4
f 6131//5 6136//5 6135//5
f 6131//5 6132//5 6136//5
f 6132//6 6133//6 6136//6
f 6132//6 6129//6 6133//6
f 6141//2 6142//2 6143//2
f 6141//2 6143//2 6144//2
f 6137//3 6142//3 6141//3
f 6137//3 6138//3 6142//3
f 6138//4 6143//4 6142//4
f 6138//4 6139//4 6143//4
f 6139//5 6144//5 6143//5
f 6139//5 6140//5 6144//5
f 6145//1 6147//1 6146//1
f 6145//1 6148//1 6147//1
f 6149//2 6150//2 6151//2
f 6149//2 6151//2 6152//2
f 6145//3 6150//3 6149//3
f 6145//3 6146//3 6150//3
f 6146//4 6151//4 6150//4
f 6146//4 6147//4 6151//4
f 6147//5 6152//5 6151//5
f 6147//5 6148//5 6152//5
f 6153//1 6155//1 6154//1
f 6153//1 6156//1 6155//1
f 6157//2 6158//2 6159//2
f 6157//2 6159//2 6160//2
f 6153//3 6158//3 6157//3
f 6153//3 6154//3 6158//3
f 6154//4 6159//4 6158//4
f 6154//4 6155//4 6159//4
f 6155//5 6160//5 6159//5
f 6155//5 6156//5 6160//5
f 6161//1 6163//1 6162//1
f 6161//1 6164//1 6163//1
f 6161//3 6166//3 6165//3
f 6161//3 6162//3 6166//3
f 6162//4 6167//4 6166//4
f 6162//4 6163//4 6167//4
f 6163//5 6168//5 6167//5
f 6163//5 6164//5 6168//5
f 6173//2 6174//2 6175//2
f 6173//2 6175//2 6176//2
f 6169//3 6174//3 6173//3
f 6169//3 6170//3 6174//3
f 6170//4 6175//4 6174//4
f 6170//4 6171//4 6175//4
f 6171//5 6176//5 6175//5
f 6171//5 6172//5 6176//5
f 6177//1 6179//1 6178//1
f 6177//1 6180//1 6179//1
f 6177//3 6182//3 6181//3
f 6177//3 6178//3 6182//3
f 6179//5 6184//5 6183//5
f 6179//5 6180//5 6184//5
f 6185//3 6190//3 6189//3
f 6185//3 6186//3 6190//3
f 6187//5 6192//5 6191//5
f 6187//5 6188//5 6192//5
f 6193//3 6198//3 6197//3
f 6193//3 6194//3 6198//3
f 6195//5 6200//5 6199//5
f 6195//5 6196//5 6200//5
f 6205//2 6206//2 6207//2
f 6205//2 6207//2 6208//2
f 6201//3 6206//3 6205//3
f 6201//3 6202//3 6206//3
f 6203//5 6208//5 6207//5
f 6203//5 6204//5 6208//5
f 6204//6 6205//6 6208//6
f 6204//6 6201//6 6205//6
f 6209//1 6211//1 6210//1
f 6209//1 6212//1 6211//1
f 6209//3 6214//3 6213//3
f 6209//3 6210//3 6214//3
f 6210//4 6215//4 6214//4
f 6210//4 6211//4 6215//4
f 6211//5 6216//5 6215//5
f 6211//5 6212//5 6216//5
f 6221//2 6222//2 6223//2
f 6221//2 6223//2 6224//2
f 6217//3 6222//3 6221//3
f 6217//3 6218//3 6222//3
f 6218//4 6223//4 6222//4
f 6218//4 6219//4 6223//4
f 6219//5 6224//5 6223//5
f 6219//5 6220//5 6224//5
f 6220//6 6221//6 6224//6
f 6220//6 6217//6 6221//6
f 6225//1 6227//1 6226//1
f 6225//1 6228//1 6227//1
f 6225//3 6230//3 6229//3
f 6225//3 6226//3 6230//3
f 6227//5 6232//5 6231//5
f 6227//5 6228//5 6232//5
f 6237//2 6238//2 6239//2
f 6237//2 6239//2 6240//2
f 6233//3 6238//3 6237//3
f 6233//3 6234//3 6238//3
f 6234//4 6239//4 6238//4
f 6234//4 6235//4 6239//4
f 6235//5 6240//5 6239//5
f 6235//5 6236//5 6240//5
f 6241//1 6243//1 6242//1
f 6241//1 6244//1 6243//1
f 6245//2 6246//2 6247//2
f 6245//2 6247//2 6248//2
f 6241//3 6246//3 6245//3
f 6241//3 6242//3 6246//3
f 6242//4 6247//4 6246//4
f 6242//4 6243//4 6247//4
f 6243//5 6248//5 6247//5
f 6243//5 6244//5 6248//5
f 6249//1 6251//1 6250//1
f 6249//1 6252//1 6251//1
f 6249//3 6254//3 6253//3
f 6249//3 6250//3 6254//3
f 6251//5 6256//5 6255//5
f 6251//5 6252//5 6256//5
f 6261//2 6262//2 6263//2
f 6261//2 6263//2 6264//2
f 6257//3 6262//3 6261//3
f 6257//3 6258//3 6262//3
f 6259//5 6264//5 6263//5
f 6259//5 6260//5 6264//5
f 6265//1 6267//1 6266//1
f 6265//1 6268//1 6267//1
f 6269//2 6270//2 6271//2
f 6269//2 6271//2 6272//2
f 6265//3 6270//3 6269//3
f 6265//3 6266//3 6270//3
f 6266//4 6271//4 6270//4
f 6266//4 6267//4 6271//4
f 6267//5 6272//5 6271//5
f 6267//5 6268//5 6272//5
f 6273//1 6275//1 6274//1
f 6273//1 6276//1 6275//1
f 6277//2 6278//2 6279//2
f 6277//2 6279//2 6280//2
f 6273//3 6278//3 6277//3
f 6273//3 6274//3 6278//3
f 6274//4 6279//4 6278//4
f 6274//4 6275//4 6279//4
f 6275//5 6280//5 6279//5
f 6275//5 6276//5 6280//5
f 6281//1 6283//1 6282//1
f 6281//1 6284//1 6283//1
f 6285//2 6286//2 6287//2
f 6285//2 6287//2 6288//2
f 6281//3 6286//3 6285//3
f 6281//3 6282//3 6286//3
f 6282//4 6287//4 6286//4
f 6282//4 6283//4 6287//4
f 6289//1 6291//1 6290//1
f 6289//1 6292//1 6291//1
f 6293//2 6294//2 6295//2
f 6293//2 6295//2 6296//2
f 6290//4 6295//4 6294//4
f 6290//4 6291//4 6295//4
f 6291//5 6296//5 6295//5
f 6291//5 6292//5 6296//5
f 6297//1 6299//1 6298//1
f 6297//1 6300//1 6299//1
f 6301//2 6302//2 6303//2
f 6301//2 6303//2 6304//2
f 6297//3 6302//3 6301//3
f 6297//3 6298//3 6302//3
f 6305//1 6307//1 6306//1
f 6305//1 6308//1 6307//1
f 6309//2 6310//2 6311//2
f 6309//2 6311//2 6312//2
f 6306//4 6311//4 6310//4
f 6306//4 6307//4 6311//4
f 6313//1 6315//1 6314//1
f 6313//1 6316//1 6315//1
f 6317//2 6318//2 6319//2
f 6317//2 6319//2 6320//2
f 6314//4 6319//4 6318//4
f 6314//4 6315//4 6319//4
f 6315//5 6320//5 6319//5
f 6315//5 6316//5 6320//5
f 6321//1 6323//1 6322//1
f 6321//1 6324//1 6323//1
f 6325//2 6326//2 6327//2
f 6325//2 6327//2 6328//2
f 6321//3 6326//3 6325//3
f 6321//3 6322//3 6326//3
f 6324//6 6325//6 6328//6
f 6324//6 6321//6 6325//6
f 6329//1 6331//1 6330//1
f 6329//1 6332//1 6331//1
f 6333//2 6334//2 6335//2
f 6333//2 6335//2 6336//2
f 6337//1 6339//1 6338//1
f 6337//1 6340//1 6339//1
f 6341//2 6342//2 6343//2
f 6341//2 6343//2 6344//2
f 6339//5 6344//5 6343//5
f 6339//5 6340//5 6344//5
f 6345//1 6347//1 6346//1
f 6345//1 6348//1 6347//1
f 6345//3 6350//3 6349//3
f 6345//3 6346//3 6350//3
f 6347//5 6352//5 6351//5
f 6347//5 6348//5 6352//5
f 6348//6 6349//6 6352//6
f 6348//6 6345//6 6349//6
f 6353//3 6358//3 6357//3
f 6353//3 6354//3 6358//3
f 6355//5 6360//5 6359//5
f 6355//5 6356//5 6360//5
f 6361//3 6366//3 6365//3
f 6361//3 6362//3 6366//3
f 6363//5 6368//5 6367//5
f 6363//5 6364//5 6368//5
f 6369//3 6374//3 6373//3
f 6369//3 6370//3 6374//3
f 6370//4 6375//4 6374//4
f 6370//4 6371//4 6375//4
f 6371//5 6376//5 6375//5
f 6371//5 6372//5 6376//5
f 6381//2 6382//2 6383//2
f 6381//2 6383//2 6384//2
f 6377//3 6382//3 6381//3
f 6377//3 6378//3 6382//3
f 6378//4 6383//4 6382//4
f 6378//4 6379//4 6383//4
f 6379//5 6384//5 6383//5
f 6379//5 6380//5 6384//5
f 6385//1 6387//1 6386//1
f 6385//1 6388//1 6387//1
f 6385//3 6390//3 6389//3
f 6385//3 6386//3 6390//3
f 6387//5 6392//5 6391//5
f 6387//5 6388//5 6392//5
f 6397//2 6398//2 6399//2
f 6397//2 6399//2 6400//2
f 6393//3 6398//3 6397//3
f 6393//3 6394//3 6398//3
f 6394//4 6399//4 6398//4
f 6394//4 6395//4 6399//4
f 6395//5 6400//5 6399//5
f 6395//5 6396//5 6400//5
f 6401//1 6403//1 6402//1
f 6401//1 6404//1 6403//1
f 6401//3 6406//3 6405//3
f 6401//3 6402//3 6406//3
f 6403//5 6408//5 6407//5
f 6403//5 6404//5 6408//5
f 6404//6 6405//6 6408//6
f 6404//6 6401//6 6405//6
f 6409//3 6414//3 6413//3
f 6409//3 6410//3 6414//3
f 6411//5 6416//5 6415//5
f 6411//5 6412//5 6416//5
f 6421//2 6422//2 6423//2
f 6421//2 6423//2 6424//2
f 6417//3 6422//3 6421//3
f 6417//3 6418//3 6422//3
f 6418//4 6423//4 6422//4
f 6418//4 6419//4 6423//4
f 6419//5 6424//5 6423//5
f 6419//5 6420//5 6424//5
f 6425//1 6427//1 6426//1
f 6425//1 6428//1 6427//1
f 6429//2 6430//2 6431//2
f 6429//2 6431//2 6432//2
f 6425//3 6430//3 6429//3
f 6425//3 6426//3 6430//3
f 6426//4 6431//4 6430//4
f 6426//4 6427//4 6431//4
f 6427//5 6432//5 6431//5
f 6427//5 6428//5 6432//5
f 6428//6 6429//6 6432//6
f 6428//6 6425//6 6429//6
f 6433//1 6435//1 6434//1
f 6433//1 6436//1 6435//1
f 6437//2 6438//2 6439//2
f 6437//2 6439//2 6440//2
f 6433//3 6438//3 6437//3
f 6433//3 6434//3 6438//3
f 6434//4 6439//4 6438//4
f 6434//4 6435//4 6439//4
f 6435//5 6440//5 6439//5
f 6435//5 6436//5 6440//5
f 6441//1 6443//1 6442//1
f 6441//1 6444//1 6443//1
f 6445//2 6446//2 6447//2
f 6445//2 6447//2 6448//2
f 6441//3 6446//3 6445//3
f 6441//3 6442//3 6446//3
f 6442//4 6447//4 6446//4
f 6442//4 6443//4 6447//4
f 6443//5 6448//5 6447//5
f 6443//5 6444//5 6448//5
f 6444//6 6445//6 6448//6
f 6444//6 6441//6 6445//6
f 6449//1 6451//1 6450//1
f 6449//1 6452//1 6451//1
f 6449//3 6454//3 6453//3
f 6449//3 6450//3 6454//3
f 6450//4 6455//4 6454//4
f 6450//4 6451//4 6455//4
f 6451//5 6456//5 6455//5
f 6451//5 6452//5 6456//5
f 6452//6 6453//6 6456//6
f 6452//6 6449//6 6453//6
f 6461//2 6462//2 6463//2
f 6461//2 6463//2 6464//2
f 6457//3 6462//3 6461//3
f 6457//3 6458//3 6462//3
f 6458//4 6463//4 6462//4
f 6458//4 6459//4 6463//4
f 6459//5 6464//5 6463//5
f 6459//5 6460//5 6464//5
f 6460//6 6461//6 6464//6
f 6460//6 6457//6 6461//6
f 6465//1 6467//1 6466//1
f 6465//1 6468//1 6467//1
f 6469//2 6470//2 6471//2
f 6469//2 6471//2 6472//2
f 6465//3 6470//3 6469//3
f 6465//3 6466//3 6470//3
f 6466//4 6471//4 6470//4
f 6466//4 6467//4 6471//4
f 6467//5 6472//5 6471//5
f 6467//5 6468//5 6472//5
f 6468//6 6469//6 6472//6
f 6468//6 6465//6 6469//6
f 6473//1 6475//1 6474//1
f 6473//1 6476//1 6475//1
f 6473//3 6478//3 6477//3
f 6473//3 6474//3 6478//3
f 6474//4 6479//4 6478//4
f 6474//4 6475//4 6479//4
f 6475//5 6480//5 6479//5
f 6475//5 6476//5 6480//5
f 6476//6 6477//6 6480//6
f 6476//6 6473//6 6477//6
f 6481//3 6486//3 6485//3
f 6481//3 6482//3 6486//3
f 6482//4 6487//4 6486//4
f 6482//4 6483//4 6487//4
f 6483//5 6488//5 6487//5
f 6483//5 6484//5 6488//5
f 6489//3 6494//3 6493//3
f 6489//3 6490//3 6494//3
f 6490//4 6495//4 6494//4
f 6490//4 6491//4 6495//4
f 6491//5 6496//5 6495//5
f 6491//5 6492//5 6496//5
f 6497//3 6502//3 6501//3
f 6497//3 6498//3 6502//3
f 6498//4 6503//4 6502//4
f 6498//4 6499//4 6503//4
f 6499//5 6504//5 6503//5
f 6499//5 6500//5 6504//5
f 6505//3 6510//3 6509//3
f 6505//3 6506//3 6510//3
f 6506//4 6511//4 6510//4
f 6506//4 6507//4 6511//4
f 6507//5 6512//5 6511//5
f 6507//5 6508//5 6512//5
f 6517//2 6518//2 6519//2
f 6517//2 6519//2 6520//2
f 6513//3 6518//3 6517//3
f 6513//3 6514//3 6518//3
f 6514//4 6519//4 6518//4
f 6514//4 6515//4 6519//4
f 6515//5 6520//5 6519//5
f 6515//5 6516//5 6520//5
f 6516//6 6517//6 6520//6
f 6516//6 6513//6 6517//6
f 6521//1 6523//1 6522//1
f 6521//1 6524//1 6523//1
f 6525//2 6526//2 6527//2
f 6525//2 6527//2 6528//2
f 6521//3 6526//3 6525//3
f 6521//3 6522//3 6526//3
f 6522//4 6527//4 6526//4
f 6522//4 6523//4 6527//4
f 6523//5 6528//5 6527//5
f 6523//5 6524//5 6528//5
f 6529//1 6531//1 6530//1
f 6529//1 6532//1 6531//1
f 6529//3 6534//3 6533//3
f 6529//3 6530//3 6534//3
f 6531//5 6536//5 6535//5
f 6531//5 6532//5 6536//5
f 6541//2 6542//2 6543//2
f 6541//2 6543//2 6544//2
f 6537//3 6542//3 6541//3
f 6537//3 6538//3 6542//3
f 6539//5 6544//5 6543//5
f 6539//5 6540//5 6544//5
f 6545//1 6547//1 6546//1
f 6545//1 6548//1 6547//1
f 6549//2 6550//2 6551//2
f 6549//2 6551//2 6552//2
f 6545//3 6550//3 6549//3
f 6545//3 6546//3 6550//3
f 6546//4 6551//4 6550//4
f 6546//4 6547//4 6551//4
f 6547//5 6552//5 6551//5
f 6547//5 6548//5 6552//5
f 6548//6 6549//6 6552//6
f 6548//6 6545//6 6549//6
f 6553//1 6555//1 6554//1
f 6553//1 6556//1 6555//1
f 6557//2 6558//2 6559//2
f 6557//2 6559//2 6560//2
f 6553//3 6558//3 6557//3
f 6553//3 6554//3 6558//3
f 6555//5 6560//5 6559//5
f 6555//5 6556//5 6560//5
f 6556//6 6557//6 6560//6
f 6556//6 6553//6 6557//6
f 6561//1 6563//1 6562//1
f 6561//1 6564//1 6563//1
f 6565//2 6566//2 6567//2
f 6565//2 6567//2 6568//2
f 6561//3 6566//3 6565//3
f 6561//3 6562//3 6566//3
f 6562//4 6567//4 6566//4
f 6562//4 6563//4 6567//4
f 6563//5 6568//5 6567//5
f 6563//5 6564//5 6568//5
f 6564//6 6565//6 6568//6
f 6564//6 6561//6 6565//6
f 6569//1 6571//1 6570//1
f 6569//1 6572//1 6571//1
f 6573//2 6574//2 6575//2
f 6573//2 6575//2 6576//2
f 6569//3 6574//3 6573//3
f 6569//3 6570//3 6574//3
f 6570//4 6575//4 6574//4
f 6570//4 6571//4 6575//4
f 6572//6 6573//6 6576//6
f 6572//6 6569//6 6573//6
f 6577//1 6579//1 6578//1
f 6577//1 6580//1 6579//1
f 6581//2 6582//2 6583//2
f 6581//2 6583//2 6584//2
f 6580//6 6581//6 6584//6
f 6580//6 6577//6 6581//6
f 6585//1 6587//1 6586//1
f 6585//1 6588//1 6587//1
f 6589//2 6590//2 6591//2
f 6589//2 6591//2 6592//2
f 6586//4 6591//4 6590//4
f 6586//4 6587//4 6591//4
f 6587//5 6592//5 6591//5
f 6587//5 6588//5 6592//5
f 6593//1 6595//1 6594//1
f 6593//1 6596//1 6595//1
f 6597//2 6598//2 6599//2
f 6597//2 6599//2 6600//2
f 6593//3 6598//3 6597//3
f 6593//3 6594//3 6598//3
f 6594//4 6599//4 6598//4
f 6594//4 6595//4 6599//4
f 6596//6 6597//6 6600//6
f 6596//6 6593//6 6597//6
f 6601//1 6603//1 6602//1
f 6601//1 6604//1 6603//1
f 6605//2 6606//2 6607//2
f 6605//2 6607//2 6608//2
f 6604//6 6605//6 6608//6
f 6604//6 6601//6 6605//6
f 6609//1 6611//1 6610//1
f 6609//1 6612//1 6611//1
f 6613//2 6614//2 6615//2
f 6613//2 6615//2 6616//2
f 6617//1 6619//1 6618//1
f 6617//1 6620//1 6619//1
f 6621//2 6622//2 6623//2
f 6621//2 6623//2 6624//2
f 6625//1 6627//1 6626//1
f 6625//1 6628//1 6627//1
f 6625//3 6630//3 6629//3
f 6625//3 6626//3 6630//3
f 6627//5 6632//5 6631//5
f 6627//5 6628//5 6632//5
f 6628//6 6629//6 6632//6
f 6628//6 6625//6 6629//6
f 6633//3 6638//3 6637//3
f 6633//3 6634//3 6638//3
f 6634//4 6639//4 6638//4
f 6634//4 6635//4 6639//4
f 6635//5 6640//5 6639//5
f 6635//5 6636//5 6640//5
f 6636//6 6637//6 6640//6
f 6636//6 6633//6 6637//6
f 6645//2 6646//2 6647//2
f 6645//2 6647//2 6648//2
f 6642//4 6647//4 6646//4
f 6642//4 6643//4 6647//4
f 6643//5 6648//5 6647//5
f 6643//5 6644//5 6648//5
f 6649//1 6651//1 6650//1
f 6649//1 6652//1 6651//1
f 6649//3 6654//3 6653//3
f 6649//3 6650//3 6654//3
f 6650//4 6655//4 6654//4
f 6650//4 6651//4 6655//4
f 6651//5 6656//5 6655//5
f 6651//5 6652//5 6656//5
f 6652//6 6653//6 6656//6
f 6652//6 6649//6 6653//6
f 6657//3 6662//3 6661//3
f 6657//3 6658//3 6662//3
f 6658//4 6663//4 6662//4
f 6658//4 6659//4 6663//4
f 6659//5 6664//5 6663//5
f 6659//5 6660//5 6664//5
f 6665//3 6670//3 6669//3
f 6665//3 6666//3 6670//3
f 6666//4 6671//4 6670//4
f 6666//4 6667//4 6671//4
f 6667//5 6672//5 6671//5
f 6667//5 6668//5 6672//5
f 6677//2 6678//2 6679//2
f 6677//2 6679//2 6680//2
f 6673//3 6678//3 6677//3
f 6673//3 6674//3 6678//3
f 6674//4 6679//4 6678//4
f 6674//4 6675//4 6679//4
f 6675//5 6680//5 6679//5
f 6675//5 6676//5 6680//5
f 6681//1 6683//1 6682//1
f 6681//1 6684//1 6683//1
f 6681//3 6686//3 6685//3
f 6681//3 6682//3 6686//3
f 6682//4 6687//4 6686//4
f 6682//4 6683//4 6687//4
f 6683//5 6688//5 6687//5
f 6683//5 6684//5 6688//5
f 6684//6 6685//6 6688//6
f 6684//6 6681//6 6685//6
f 6693//2 6694//2 6695//2
f 6693//2 6695//2 6696//2
f 6689//3 6694//3 6693//3
f 6689//3 6690//3 6694//3
f 6690//4 6695//4 6694//4
f 6690//4 6691//4 6695//4
f 6691//5 6696//5 6695//5
f 6691//5 6692//5 6696//5
f 6697//1 6699//1 6698//1
f 6697//1 6700//1 6699//1
f 6697//3 6702//3 6701//3
f 6697//3 6698//3 6702//3
f 6699//5 6704//5 6703//5
f 6699//5 6700//5 6704//5
f 6700//6 6701//6 6704//6
f 6700//6 6697//6 6701//6
f 6705//3 6710//3 6709//3
f 6705//3 6706//3 6710//3
f 6706//4 6711//4 6710//4
f 6706//4 6707//4 6711//4
f 6707//5 6712//5 6711//5
f 6707//5 6708//5 6712//5
f 6708//6 6709//6 6712//6
f 6708//6 6705//6 6709//6
f 6713//3 6718//3 6717//3
f 6713//3 6714//3 6718//3
f 6714//4 6719//4 6718//4
f 6714//4 6715//4 6719//4
f 6715//5 6720//5 6719//5
f 6715//5 6716//5 6720//5
f 6725//2 6726//2 6727//2
f 6725//2 6727//2 6728//2
f 6721//3 6726//3 6725//3
f 6721//3 6722//3 6726//3
f 6722//4 6727//4 6726//4
f 6722//4 6723//4 6727//4
f 6723//5 6728//5 6727//5
f 6723//5 6724//5 6728//5
f 6729//1 6731//1 6730//1
f 6729//1 6732//1 6731//1
f 6733//2 6734//2 6735//2
f 6733//2 6735//2 6736//2
f 6729//3 6734//3 6733//3
f 6729//3 6730//3 6734//3
f 6730//4 6735//4 6734//4
f 6730//4 6731//4 6735//4
f 6731//5 6736//5 6735//5
f 6731//5 6732//5 6736//5
f 6732//6 6733//6 6736//6
f 6732//6 6729//6 6733//6
f 6737//1 6739//1 6738//1
f 6737//1 6740//1 6739//1
f 6741//2 6742//2 6743//2
f 6741//2 6743//2 6744//2
f 6737//3 6742//3 6741//3
f 6737//3 6738//3 6742//3
f 6738//4 6743//4 6742//4
f 6738//4 6739//4 6743//4
f 6739//5 6744//5 6743//5
f 6739//5 6740//5 6744//5
f 6740//6 6741//6 6744//6
f 6740//6 6737//6 6741//6
f 6745//1 6747//1 6746//1
f 6745//1 6748//1 6747//1
f 6749//2 6750//2 6751//2
f 6749//2 6751//2 6752//2
f 6745//3 6750//3 6749//3
f 6745//3 6746//3 6750//3
f 6746//4 6751//4 6750//4
f 6746//4 6747//4 6751//4
f 6747//5 6752//5 6751//5
f 6747//5 6748//5 6752//5
f 6748//6 6749//6 6752//6
f 6748//6 6745//6 6749//6
f 6753//1 6755//1 6754//1
f 6753//1 6756//1 6755//1
f 6753//3 6758//3 6757//3
f 6753//3 6754//3 6758//3
f 6754//4 6759//4 6758//4
f 6754//4 6755//4 6759//4
f 6755//5 6760//5 6759//5
f 6755//5 6756//5 6760//5
f 6756//6 6757//6 6760//6
f 6756//6 6753//6 6757//6
f 6761//3 6766//3 6765//3
f 6761//3 6762//3 6766//3
f 6763//5 6768//5 6767//5
f 6763//5 6764//5 6768//5
f 6773//2 6774//2 6775//2
f 6773//2 6775//2 6776//2
f 6769//3 6774//3 6773//3
f 6769//3 6770//3 6774//3
f 6771//5 6776//5 6775//5
f 6771//5 6772//5 6776//5
f 6777//1 6779//1 6778//1
f 6777//1 6780//1 6779//1
f 6781//2 6782//2 6783//2
f 6781//2 6783//2 6784//2
f 6777//3 6782//3 6781//3
f 6777//3 6778//3 6782//3
f 6779//5 6784//5 6783//5
f 6779//5 6780//5 6784//5
f 6780//6 6781//6 6784//6
f 6780//6 6777//6 6781//6
f 6785//1 6787//1 6786//1
f 6785//1 6788//1 6787//1
f 6789//2 6790//2 6791//2
f 6789//2 6791//2 6792//2
f 6785//3 6790//3 6789//3
f 6785//3 6786//3 6790//3
f 6786//4 6791//4 6790//4
f 6786//4 6787//4 6791//4
f 6787//5 6792//5 6791//5
f 6787//5 6788//5 6792//5
f 6788//6 6789//6 6792//6
f 6788//6 6785//6 6789//6
f 6793//1 6795//1 6794//1
f 6793//1 6796//1 6795//1
f 6797//2 6798//2 6799//2
f 6797//2 6799//2 6800//2
f 6793//3 6798//3 6797//3
f 6793//3 6794//3 6798//3
f 6794//4 6799//4 6798//4
f 6794//4 6795//4 6799//4
f 6795//5 6800//5 6799//5
f 6795//5 6796//5 6800//5
f 6801//1 6803//1 6802//1
f 6801//1 6804//1 6803//1
f 6805//2 6806//2 6807//2
f 6805//2 6807//2 6808//2
f 6801//3 6806//3 6805//3
f 6801//3 6802//3 6806//3
f 6802//4 6807//4 6806//4
f 6802//4 6803//4 6807//4
f 6803//5 6808//5 6807//5
f 6803//5 6804//5 6808//5
f 6809//1 6811//1 6810//1
f 6809//1 6812//1 6811//1
f 6813//2 6814//2 6815//2
f 6813//2 6815//2 6816//2
f 6809//3 6814//3 6813//3
f 6809//3 6810//3 6814//3
f 6810//4 6815//4 6814//4
f 6810//4 6811//4 6815//4
f 6817//1 6819//1 6818//1
f 6817//1 6820//1 6819//1
f 6821//2 6822//2 6823//2
f 6821//2 6823//2 6824//2
f 6825//1 6827//1 6826//1
f 6825//1 6828//1 6827//1
f 6829//2 6830//2 6831//2
f 6829//2 6831//2 6832//2
f 6826//4 6831//4 6830//4
f 6826//4 6827//4 6831//4
f 6827//5 6832//5 6831//5
f 6827//5 6828//5 6832//5
f 6833//1 6835//1 6834//1
f 6833//1 6836//1 6835//1
f 6833//3 6838//3 6837//3
f 6833//3 6834//3 6838//3
f 6834//4 6839//4 6838//4
f 6834//4 6835//4 6839//4
f 6835//5 6840//5 6839//5
f 6835//5 6836//5 6840//5
f 6836//6 6837//6 6840//6
f 6836//6 6833//6 6837//6
f 6841//3 6846//3 6845//3
f 6841//3 6842//3 6846//3
f 6842//4 6847//4 6846//4
f 6842//4 6843//4 6847//4
f 6843//5 6848//5 6847//5
f 6843//5 6844//5 6848//5
f 6844//6 6845//6 6848//6
f 6844//6 6841//6 6845//6
f 6853//2 6854//2 6855//2
f 6853//2 6855//2 6856//2
f 6849//3 6854//3 6853//3
f 6849//3 6850//3 6854//3
f 6850//4 6855//4 6854//4
f 6850//4 6851//4 6855//4
f 6851//5 6856//5 6855//5
f 6851//5 6852//5 6856//5
f 6857//1 6859//1 6858//1
f 6857//1 6860//1 6859//1
f 6861//2 6862//2 6863//2
f 6861//2 6863//2 6864//2
f 6857//3 6862//3 6861//3
f 6857//3 6858//3 6862//3
f 6858//4 6863//4 6862//4
f 6858//4 6859//4 6863//4
f 6859//5 6864//5 6863//5
f 6859//5 6860//5 6864//5
f 6860//6 6861//6 6864//6
f 6860//6 6857//6 6861//6
f 6865//1 6867//1 6866//1
f 6865//1 6868//1 6867//1
f 6869//2 6870//2 6871//2
f 6869//2 6871//2 6872//2
f 6865//3 6870//3 6869//3
f 6865//3 6866//3 6870//3
f 6866//4 6871//4 6870//4
f 6866//4 6867//4 6871//4
f 6867//5 6872//5 6871//5
f 6867//5 6868//5 6872//5
f 6868//6 6869//6 6872//6
f 6868//6 6865//6 6869//6
f 6873//1 6875//1 6874//1
f 6873//1 6876//1 6875//1
f 6877//2 6878//2 6879//2
f 6877//2 6879//2 6880//2
f 6873//3 6878//3 6877//3
f 6873//3 6874//3 6878//3
f 6875//5 6880//5 6879//5
f 6875//5 6876//5 6880//5
f 6876//6 6877//6 6880//6
f 6876//6 6873//6 6877//6
f 6881//1 6883//1 6882//1
f 6881//1 6884//1 6883//1
f 6881//3 6886//3 6885//3
f 6881//3 6882//3 6886//3
f 6882//4 6887//4 6886//4
f 6882//4 6883//4 6887//4
f 6883//5 6888//5 6887//5
f 6883//5 6884//5 6888//5
f 6884//6 6885//6 6888//6
f 6884//6 6881//6 6885//6
f 6893//2 6894//2 6895//2
f 6893//2 6895//2 6896//2
f 6889//3 6894//3 6893//3
f 6889//3 6890//3 6894//3
f 6890//4 6895//4 6894//4
f 6890//4 6891//4 6895//4
f 6891//5 6896//5 6895//5
f 6891//5 6892//5 6896//5
f 6897//1 6899//1 6898//1
f 6897//1 6900//1 6899//1
f 6901//2 6902//2 6903//2
f 6901//2 6903//2 6904//2
f 6897//3 6902//3 6901//3
f 6897//3 6898//3 6902//3
f 6898//4 6903//4 6902//4
f 6898//4 6899//4 6903//4
f 6899//5 6904//5 6903//5
f 6899//5 6900//5 6904//5
f 6900//6 6901//6 6904//6
f 6900//6 6897//6 6901//6
f 6905//1 6907//1 6906//1
f 6905//1 6908//1 6907//1
f 6909//2 6910//2 6911//2
f 6909//2 6911//2 6912//2
f 6905//3 6910//3 6909//3
f 6905//3 6906//3 6910//3
f 6906//4 6911//4 6910//4
f 6906//4 6907//4 6911//4
f 6907//5 6912//5 6911//5
f 6907//5 6908//5 6912//5
f 6908//6 6909//6 6912//6
f 6908//6 6905//6 6909//6
f 6913//1 6915//1 6914//1
f 6913//1 6916//1 6915//1
f 6913//3 6918//3 6917//3
f 6913//3 6914//3 6918//3
f 6915//5 6920//5 6919//5
f 6915//5 6916//5 6920//5
f 6925//2 6926//2 6927//2
f 6925//2 6927//2 6928//2
f 6921//3 6926//3 6925//3
f 6921//3 6922//3 6926//3
f 6923//5 6928//5 6927//5
f 6923//5 6924//5 6928//5
f 6929//1 6931//1 6930//1
f 6929//1 6932//1 6931//1
f 6933//2 6934//2 6935//2
f 6933//2 6935//2 6936//2
f 6929//3 6934//3 6933//3
f 6929//3 6930//3 6934//3
f 6931//5 6936//5 6935//5
f 6931//5 6932//5 6936//5
f 6932//6 6933//6 6936//6
f 6932//6 6929//6 6933//6
f 6937//1 6939//1 6938//1
f 6937//1 6940//1 6939//1
f 6937//3 6942//3 6941//3
f 6937//3 6938//3 6942//3
f 6939//5 6944//5 6943//5
f 6939//5 6940//5 6944//5
f 6949//2 6950//2 6951//2
f 6949//2 6951//2 6952//2
f 6945//3 6950//3 6949//3
f 6945//3 6946//3 6950//3
f 6946//4 6951//4 6950//4
f 6946//4 6947//4 6951//4
f 6947//5 6952//5 6951//5
f 6947//5 6948//5 6952//5
f 6948//6 6949//6 6952//6
f 6948//6 6945//6 6949//6
f 6953//1 6955//1 6954//1
f 6953//1 6956//1 6955//1
f 6957//2 6958//2 6959//2
f 6957//2 6959//2 6960//2
f 6953//3 6958//3 6957//3
f 6953//3 6954//3 6958//3
f 6954//4 6959//4 6958//4
f 6954//4 6955//4 6959//4
f 6955//5 6960//5 6959//5
f 6955//5 6956//5 6960//5
f 6956//6 6957//6 6960//6
f 6956//6 6953//6 6957//6
f 6961//1 6963//1 6962//1
f 6961//1 6964//1 6963//1
f 6965//2 6966//2 6967//2
f 6965//2 6967//2 6968//2
f 6961//3 6966//3 6965//3
f 6961//3 6962//3 6966//3
f 6963//5 6968//5 6967//5
f 6963//5 6964//5 6968//5
f 6964//6 6965//6 6968//6
f 6964//6 6961//6 6965//6
f 6969//1 6971//1 6970//1
f 6969//1 6972//1 6971//1
f 6969//3 6974//3 6973//3
f 6969//3 6970//3 6974//3
f 6970//4 6975//4 6974//4
f 6970//4 6971//4 6975//4
f 6972//6 6973//6 6976//6
f 6972//6 6969//6 6973//6
f 6981//2 6982//2 6983//2
f 6981//2 6983//2 6984//2
f 6977//3 6982//3 6981//3
f 6977//3 6978//3 6982//3
f 6978//4 6983//4 6982//4
f 6978//4 6979//4 6983//4
f 6979//5 6984//5 6983//5
f 6979//5 6980//5 6984//5
f 6985//1 6987//1 6986//1
f 6985//1 6988//1 6987//1
f 6985//3 6990//3 6989//3
f 6985//3 6986//3 6990//3
f 6986//4 6991//4 6990//4
f 6986//4 6987//4 6991//4
f 6987//5 6992//5 6991//5
f 6987//5 6988//5 6992//5
f 6988//6 6989//6 6992//6
f 6988//6 6985//6 6989//6
f 6993//3 6998//3 6997//3
f 6993//3 6994//3 6998//3
f 6994//4 6999//4 6998//4
f 6994//4 6995//4 6999//4
f 6995//5 7000//5 6999//5
f 6995//5 6996//5 7000//5
f 6996//6 6997//6 7000//6
f 6996//6 6993//6 6997//6
f 7005//2 7006//2 7007//2
f 7005//2 7007//2 7008//2
f 7002//4 7007//4 7006//4
f 7002//4 7003//4 7007//4
f 7003//5 7008//5 7007//5
f 7003//5 7004//5 7008//5
f 7004//6 7005//6 7008//6
f 7004//6 7001//6 7005//6
f 7009//1 7011//1 7010//1
f 7009//1 7012//1 7011//1
f 7013//2 7014//2 7015//2
f 7013//2 7015//2 7016//2
f 7009//3 7014//3 7013//3
f 7009//3 7010//3 7014//3
f 7010//4 7015//4 7014//4
f 7010//4 7011//4 7015//4
f 7011//5 7016//5 7015//5
f 7011//5 7012//5 7016//5
f 7012//6 7013//6 7016//6
f 7012//6 7009//6 7013//6
f 7017//1 7019//1 7018//1
f 7017//1 7020//1 7019//1
f 7021//2 7022//2 7023//2
f 7021//2 7023//2 7024//2
f 7017//3 7022//3 7021//3
f 7017//3 7018//3 7022//3
f 7018//4 7023//4 7022//4
f 7018//4 7019//4 7023//4
f 7019//5 7024//5 7023//5
f 7019//5 7020//5 7024//5
f 7020//6 7021//6 7024//6
f 7020//6 7017//6 7021//6
f 7025//1 7027//1 7026//1
f 7025//1 7028//1 7027//1
f 7025//3 7030//3 7029//3
f 7025//3 7026//3 7030//3
f 7026//4 7031//4 7030//4
f 7026//4 7027//4 7031//4
f 7027//5 7032//5 7031//5
f 7027//5 7028//5 7032//5
f 7028//6 7029//6 7032//6
f 7028//6 7025//6 7029//6
f 7037//2 7038//2 7039//2
f 7037//2 7039//2 7040//2
f 7033//3 7038//3 7037//3
f 7033//3 7034//3 7038//3
f 7034//4 7039//4 7038//4
f 7034//4 7035//4 7039//4
f 7035//5 7040//5 7039//5
f 7035//5 7036//5 7040//5
f 7036//6 7037//6 7040//6
f 7036//6 7033//6 7037//6
f 7041//1 7043//1 7042//1
f 7041//1 7044//1 7043//1
f 7045//2 7046//2 7047//2
f 7045//2 7047//2 7048//2
f 7041//3 7046//3 7045//3
f 7041//3 7042//3 7046//3
f 7042//4 7047//4 7046//4
f 7042//4 7043//4 7047//4
f 7043//5 7048//5 7047//5
f 7043//5 7044//5 7048//5
f 7049//1 7051//1 7050//1
f 7049//1 7052//1 7051//1
f 7053//2 7054//2 7055//2
f 7053//2 7055//2 7056//2
f 7049//3 7054//3 7053//3
f 7049//3 7050//3 7054//3
f 7050//4 7055//4 7054//4
f 7050//4 7051//4 7055//4
f 7051//5 7056//5 7055//5
f 7051//5 7052//5 7056//5
f 7052//6 7053//6 7056//6
f 7052//6 7049//6 7053//6
f 7057//1 7059//1 7058//1
f 7057//1 7060//1 7059//1
f 7057//3 7062//3 7061//3
f 7057//3 7058//3 7062//3
f 7058//4 7063//4 7062//4
f 7058//4 7059//4 7063//4
f 7059//5 7064//5 7063//5
f 7059//5 7060//5 7064//5
f 7065//3 7070//3 7069//3
f 7065//3 7066//3 7070//3
f 7066//4 7071//4 7070//4
f 7066//4 7067//4 7071//4
f 7067//5 7072//5 7071//5
f 7067//5 7068//5 7072//5
f 7073//3 7078//3 7077//3
f 7073//3 7074//3 7078//3
f 7074//4 7079//4 7078//4
f 7074//4 7075//4 7079//4
f 7075//5 7080//5 7079//5
f 7075//5 7076//5 7080//5
f 7076//6 7077//6 7080//6
f 7076//6 7073//6 7077//6
f 7081//3 7086//3 7085//3
f 7081//3 7082//3 7086//3
f 7082//4 7087//4 7086//4
f 7082//4 7083//4 7087//4
f 7083//5 7088//5 7087//5
f 7083//5 7084//5 7088//5
f 7084//6 7085//6 7088//6
f 7084//6 7081//6 7085//6
f 7089//3 7094//3 7093//3
f 7089//3 7090//3 7094//3
f 7090//4 7095//4 7094//4
f 7090//4 7091//4 7095//4
f 7091//5 7096//5 7095//5
f 7091//5 7092//5 7096//5
f 7092//6 7093//6 7096//6
f 7092//6 7089//6 7093//6
f 7097//3 7102//3 7101//3
f 7097//3 7098//3 7102//3
f 7098//4 7103//4 7102//4
f 7098//4 7099//4 7103//4
f 7099//5 7104//5 7103//5
f 7099//5 7100//5 7104//5
f 7105//3 7110//3 7109//3
f 7105//3 7106//3 7110//3
f 7106//4 7111//4 7110//4
f 7106//4 7107//4 7111//4
f 7107//5 7112//5 7111//5
f 7107//5 7108//5 7112//5
f 7108//6 7109//6 7112//6
f 7108//6 7105//6 7109//6
f 7113//3 7118//3 7117//3
f 7113//3 7114//3 7118//3
f 7114//4 7119//4 7118//4
f 7114//4 7115//4 7119//4
f 7115//5 7120//5 7119//5
f 7115//5 7116//5 7120//5
f 7116//6 7117//6 7120//6
f 7116//6 7113//6 7117//6
f 7125//2 7126//2 7127//2
f 7125//2 7127//2 7128//2
f 7121//3 7126//3 7125//3
f 7121//3 7122//3 7126//3
f 7122//4 7127//4 7126//4
f 7122//4 7123//4 7127//4
f 7123//5 7128//5 7127//5
f 7123//5 7124//5 7128//5
f 7129//1 7131//1 7130//1
f 7129//1 7132//1 7131//1
f 7133//2 7134//2 7135//2
f 7133//2 7135//2 7136//2
f 7129//3 7134//3 7133//3
f 7129//3 7130//3 7134//3
f 7130//4 7135//4 7134//4
f 7130//4 7131//4 7135//4
f 7137//1 7139//1 7138//1
f 7137//1 7140//1 7139//1
f 7141//2 7142//2 7143//2
f 7141//2 7143//2 7144//2
f 7138//4 7143//4 7142//4
f 7138//4 7139//4 7143//4
f 7139//5 7144//5 7143//5
f 7139//5 7140//5 7144//5
f 7140//6 7141//6 7144//6
f 7140//6 7137//6 7141//6
f 7145//1 7147//1 7146//1
f 7145//1 7148//1 7147//1
f 7149//2 7150//2 7151//2
f 7149//2 7151//2 7152//2
f 7145//3 7150//3 7149//3
f 7145//3 7146//3 7150//3
f 7146//4 7151//4 7150//4
f 7146//4 7147//4 7151//4
f 7148//6 7149//6 7152//6
f 7148//6 7145//6 7149//6
f 7153//1 7155//1 7154//1
f 7153//1 7156//1 7155//1
f 7157//2 7158//2 7159//2
f 7157//2 7159//2 7160//2
f 7153//3 7158//3 7157//3
f 7153//3 7154//3 7158//3
f 7155//5 7160//5 7159//5
f 7155//5 7156//5 7160//5
f 7156//6 7157//6 7160//6
f 7156//6 7153//6 7157//6
f 7161//1 7163//1 7162//1
f 7161//1 7164//1 7163//1
f 7165//2 7166//2 7167//2
f 7165//2 7167//2 7168//2
f 7162//4 7167//4 7166//4
f 7162//4 7163//4 7167//4
f 7163//5 7168//5 7167//5
f 7163//5 7164//5 7168//5
f 7164//6 7165//6 7168//6
f 7164//6 7161//6 7165//6
f 7169//1 7171//1 7170//1
f 7169//1 7172//1 7171//1
f 7173//2 7174//2 7175//2
f 7173//2 7175//2 7176//2
f 7169//3 7174//3 7173//3
f 7169//3 7170//3 7174//3
f 7170//4 7175//4 7174//4
f 7170//4 7171//4 7175//4
f 7171//5 7176//5 7175//5
f 7171//5 7172//5 7176//5
f 7172//6 7173//6 7176//6
f 7172//6 7169//6 7173//6
f 7177//1 7179//1 7178//1
f 7177//1 7180//1 7179//1
f 7181//2 7182//2 7183//2
f 7181//2 7183//2 7184//2
f 7177//3 7182//3 7181//3
f 7177//3 7178//3 7182//3
f 7178//4 7183//4 7182//4
f 7178//4 7179//4 7183//4
f 7180//6 7181//6 7184//6
f 7180//6 7177//6 7181//6
f 7185//1 7187//1 7186//1
f 7185//1 7188//1 7187//1
f 7185//3 7190//3 7189//3
f 7185//3 7186//3 7190//3
f 7186//4 7191//4 7190//4
f 7186//4 7187//4 7191//4
f 7187//5 7192//5 7191//5
f 7187//5 7188//5 7192//5
f 7188//6 7189//6 7192//6
f 7188//6 7185//6 7189//6
f 7197//2 7198//2 7199//2
f 7197//2 7199//2 7200//2
f 7194//4 7199//4 7198//4
f 7194//4 7195//4 7199//4
f 7195//5 7200//5 7199//5
f 7195//5 7196//5 7200//5
