vn 0 0 -1
vn 0 0 1
vn 0 -1 0
vn 1 0 0
vn 0 1 0
vn -1 0 0
v 0.32500 -0.19000 0.00500
v 0.33000 -0.19000 0.00500
v 0.33000 -0.18500 0.00500
v 0.32500 -0.18500 0.00500
v 0.32500 -0.19000 0.01000
v 0.33000 -0.19000 0.01000
v 0.33000 -0.18500 0.01000
v 0.32500 -0.18500 0.01000
v 0.32500 -0.19000 0.01000
v 0.33000 -0.19000 0.01000
v 0.33000 -0.18500 0.01000
v 0.32500 -0.18500 0.01000
v 0.32500 -0.19000 0.01500
v 0.33000 -0.19000 0.01500
v 0.33000 -0.18500 0.01500
v 0.32500 -0.18500 0.01500
v 0.32500 -0.19000 0.01500
v 0.33000 -0.19000 0.01500
v 0.33000 -0.18500 0.01500
v 0.32500 -0.18500 0.01500
v 0.32500 -0.19000 0.02000
v 0.33000 -0.19000 0.02000
v 0.33000 -0.18500 0.02000
v 0.32500 -0.18500 0.02000
v 0.32500 -0.18500 0.00500
v 0.33000 -0.18500 0.00500
v 0.33000 -0.18000 0.00500
v 0.32500 -0.18000 0.00500
v 0.32500 -0.18500 0.01000
v 0.33000 -0.18500 0.01000
v 0.33000 -0.18000 0.01000
v 0.32500 -0.18000 0.01000
v 0.32500 -0.18500 0.01000
v 0.33000 -0.18500 0.01000
v 0.33000 -0.18000 0.01000
v 0.32500 -0.18000 0.01000
v 0.32500 -0.18500 0.01500
v 0.33000 -0.18500 0.01500
v 0.33000 -0.18000 0.01500
v 0.32500 -0.18000 0.01500
v 0.32500 -0.18500 0.01500
v 0.33000 -0.18500 0.01500
v 0.33000 -0.18000 0.01500
v 0.32500 -0.18000 0.01500
v 0.32500 -0.18500 0.02000
v 0.33000 -0.18500 0.02000
v 0.33000 -0.18000 0.02000
v 0.32500 -0.18000 0.02000
v 0.32500 -0.18500 0.02000
v 0.33000 -0.18500 0.02000
v 0.33000 -0.18000 0.02000
v 0.32500 -0.18000 0.02000
v 0.32500 -0.18500 0.02500
v 0.33000 -0.18500 0.02500
v 0.33000 -0.18000 0.02500
v 0.32500 -0.18000 0.02500
v 0.32500 -0.18500 0.02500
v 0.33000 -0.18500 0.02500
v 0.33000 -0.18000 0.02500
v 0.32500 -0.18000 0.02500
v 0.32500 -0.18500 0.03000
v 0.33000 -0.18500 0.03000
v 0.33000 -0.18000 0.03000
v 0.32500 -0.18000 0.03000
v 0.32500 -0.18000 0.00500
v 0.33000 -0.18000 0.00500
v 0.33000 -0.17500 0.00500
v 0.32500 -0.17500 0.00500
v 0.32500 -0.18000 0.01000
v 0.33000 -0.18000 0.01000
v 0.33000 -0.17500 0.01000
v 0.32500 -0.17500 0.01000
v 0.32500 -0.18000 0.01000
v 0.33000 -0.18000 0.01000
v 0.33000 -0.17500 0.01000
v 0.32500 -0.17500 0.01000
v 0.32500 -0.18000 0.01500
v 0.33000 -0.18000 0.01500
v 0.33000 -0.17500 0.01500
v 0.32500 -0.17500 0.01500
v 0.32500 -0.18000 0.01500
v 0.33000 -0.18000 0.01500
v 0.33000 -0.17500 0.01500
v 0.32500 -0.17500 0.01500
v 0.32500 -0.18000 0.02000
v 0.33000 -0.18000 0.02000
v 0.33000 -0.17500 0.02000
v 0.32500 -0.17500 0.02000
v 0.32500 -0.18000 0.02000
v 0.33000 -0.18000 0.02000
v 0.33000 -0.17500 0.02000
v 0.32500 -0.17500 0.02000
v 0.32500 -0.18000 0.02500
v 0.33000 -0.18000 0.02500
v 0.33000 -0.17500 0.02500
v 0.32500 -0.17500 0.02500
v 0.32500 -0.18000 0.02500
v 0.33000 -0.18000 0.02500
v 0.33000 -0.17500 0.02500
v 0.32500 -0.17500 0.02500
v 0.32500 -0.18000 0.03000
v 0.33000 -0.18000 0.03000
v 0.33000 -0.17500 0.03000
v 0.32500 -0.17500 0.03000
v 0.32500 -0.18000 0.03000
v 0.33000 -0.18000 0.03000
v 0.33000 -0.17500 0.03000
v 0.32500 -0.17500 0.03000
v 0.32500 -0.18000 0.03500
v 0.33000 -0.18000 0.03500
v 0.33000 -0.17500 0.03500
v 0.32500 -0.17500 0.03500
v 0.32500 -0.18000 0.03500
v 0.33000 -0.18000 0.03500
v 0.33000 -0.17500 0.03500
v 0.32500 -0.17500 0.03500
v 0.32500 -0.18000 0.04000
v 0.33000 -0.18000 0.04000
v 0.33000 -0.17500 0.04000
v 0.32500 -0.17500 0.04000
v 0.32500 -0.17500 0.00500
v 0.33000 -0.17500 0.00500
v 0.33000 -0.17000 0.00500
v 0.32500 -0.17000 0.00500
v 0.32500 -0.17500 0.01000
v 0.33000 -0.17500 0.01000
v 0.33000 -0.17000 0.01000
v 0.32500 -0.17000 0.01000
v 0.32500 -0.17500 0.01000
v 0.33000 -0.17500 0.01000
v 0.33000 -0.17000 0.01000
v 0.32500 -0.17000 0.01000
v 0.32500 -0.17500 0.01500
v 0.33000 -0.17500 0.01500
v 0.33000 -0.17000 0.01500
v 0.32500 -0.17000 0.01500
v 0.32500 -0.17500 0.01500
v 0.33000 -0.17500 0.01500
v 0.33000 -0.17000 0.01500
v 0.32500 -0.17000 0.01500
v 0.32500 -0.17500 0.02000
v 0.33000 -0.17500 0.02000
v 0.33000 -0.17000 0.02000
v 0.32500 -0.17000 0.02000
v 0.32500 -0.17500 0.02000
v 0.33000 -0.17500 0.02000
v 0.33000 -0.17000 0.02000
v 0.32500 -0.17000 0.02000
v 0.32500 -0.17500 0.02500
v 0.33000 -0.17500 0.02500
v 0.33000 -0.17000 0.02500
v 0.32500 -0.17000 0.02500
v 0.32500 -0.17500 0.02500
v 0.33000 -0.17500 0.02500
v 0.33000 -0.17000 0.02500
v 0.32500 -0.17000 0.02500
v 0.32500 -0.17500 0.03000
v 0.33000 -0.17500 0.03000
v 0.33000 -0.17000 0.03000
v 0.32500 -0.17000 0.03000
v 0.32500 -0.17500 0.03000
v 0.33000 -0.17500 0.03000
v 0.33000 -0.17000 0.03000
v 0.32500 -0.17000 0.03000
v 0.32500 -0.17500 0.03500
v 0.33000 -0.17500 0.03500
v 0.33000 -0.17000 0.03500
v 0.32500 -0.17000 0.03500
v 0.32500 -0.17500 0.03500
v 0.33000 -0.17500 0.03500
v 0.33000 -0.17000 0.03500
v 0.32500 -0.17000 0.03500
v 0.32500 -0.17500 0.04000
v 0.33000 -0.17500 0.04000
v 0.33000 -0.17000 0.04000
v 0.32500 -0.17000 0.04000
v 0.32500 -0.17500 0.04000
v 0.33000 -0.17500 0.04000
v 0.33000 -0.17000 0.04000
v 0.32500 -0.17000 0.04000
v 0.32500 -0.17500 0.04500
v 0.33000 -0.17500 0.04500
v 0.33000 -0.17000 0.04500
v 0.32500 -0.17000 0.04500
v 0.32500 -0.17500 0.04500
v 0.33000 -0.17500 0.04500
v 0.33000 -0.17000 0.04500
v 0.32500 -0.17000 0.04500
v 0.32500 -0.17500 0.05000
v 0.33000 -0.17500 0.05000
v 0.33000 -0.17000 0.05000
v 0.32500 -0.17000 0.05000
v 0.32500 -0.17000 0.02500
v 0.33000 -0.17000 0.02500
v 0.33000 -0.16500 0.02500
v 0.32500 -0.16500 0.02500
v 0.32500 -0.17000 0.03000
v 0.33000 -0.17000 0.03000
v 0.33000 -0.16500 0.03000
v 0.32500 -0.16500 0.03000
v 0.33000 -0.21000 0.00500
v 0.33500 -0.21000 0.00500
v 0.33500 -0.20500 0.00500
v 0.33000 -0.20500 0.00500
v 0.33000 -0.21000 0.01000
v 0.33500 -0.21000 0.01000
v 0.33500 -0.20500 0.01000
v 0.33000 -0.20500 0.01000
v 0.33000 -0.21000 0.01000
v 0.33500 -0.21000 0.01000
v 0.33500 -0.20500 0.01000
v 0.33000 -0.20500 0.01000
v 0.33000 -0.21000 0.01500
v 0.33500 -0.21000 0.01500
v 0.33500 -0.20500 0.01500
v 0.33000 -0.20500 0.01500
v 0.33000 -0.21000 0.01500
v 0.33500 -0.21000 0.01500
v 0.33500 -0.20500 0.01500
v 0.33000 -0.20500 0.01500
v 0.33000 -0.21000 0.02000
v 0.33500 -0.21000 0.02000
v 0.33500 -0.20500 0.02000
v 0.33000 -0.20500 0.02000
v 0.33000 -0.20500 0.00000
v 0.33500 -0.20500 0.00000
v 0.33500 -0.20000 0.00000
v 0.33000 -0.20000 0.00000
v 0.33000 -0.20500 0.00500
v 0.33500 -0.20500 0.00500
v 0.33500 -0.20000 0.00500
v 0.33000 -0.20000 0.00500
v 0.33000 -0.20500 0.00500
v 0.33500 -0.20500 0.00500
v 0.33500 -0.20000 0.00500
v 0.33000 -0.20000 0.00500
v 0.33000 -0.20500 0.01000
v 0.33500 -0.20500 0.01000
v 0.33500 -0.20000 0.01000
v 0.33000 -0.20000 0.01000
v 0.33000 -0.20500 0.01000
v 0.33500 -0.20500 0.01000
v 0.33500 -0.20000 0.01000
v 0.33000 -0.20000 0.01000
v 0.33000 -0.20500 0.01500
v 0.33500 -0.20500 0.01500
v 0.33500 -0.20000 0.01500
v 0.33000 -0.20000 0.01500
v 0.33000 -0.20500 0.01500
v 0.33500 -0.20500 0.01500
v 0.33500 -0.20000 0.01500
v 0.33000 -0.20000 0.01500
v 0.33000 -0.20500 0.02000
v 0.33500 -0.20500 0.02000
v 0.33500 -0.20000 0.02000
v 0.33000 -0.20000 0.02000
v 0.33000 -0.20500 0.02000
v 0.33500 -0.20500 0.02000
v 0.33500 -0.20000 0.02000
v 0.33000 -0.20000 0.02000
v 0.33000 -0.20500 0.02500
v 0.33500 -0.20500 0.02500
v 0.33500 -0.20000 0.02500
v 0.33000 -0.20000 0.02500
v 0.33000 -0.20000 0.00000
v 0.33500 -0.20000 0.00000
v 0.33500 -0.19500 0.00000
v 0.33000 -0.19500 0.00000
v 0.33000 -0.20000 0.00500
v 0.33500 -0.20000 0.00500
v 0.33500 -0.19500 0.00500
v 0.33000 -0.19500 0.00500
v 0.33000 -0.20000 0.00500
v 0.33500 -0.20000 0.00500
v 0.33500 -0.19500 0.00500
v 0.33000 -0.19500 0.00500
v 0.33000 -0.20000 0.01000
v 0.33500 -0.20000 0.01000
v 0.33500 -0.19500 0.01000
v 0.33000 -0.19500 0.01000
v 0.33000 -0.20000 0.01000
v 0.33500 -0.20000 0.01000
v 0.33500 -0.19500 0.01000
v 0.33000 -0.19500 0.01000
v 0.33000 -0.20000 0.01500
v 0.33500 -0.20000 0.01500
v 0.33500 -0.19500 0.01500
v 0.33000 -0.19500 0.01500
v 0.33000 -0.20000 0.01500
v 0.33500 -0.20000 0.01500
v 0.33500 -0.19500 0.01500
v 0.33000 -0.19500 0.01500
v 0.33000 -0.20000 0.02000
v 0.33500 -0.20000 0.02000
v 0.33500 -0.19500 0.02000
v 0.33000 -0.19500 0.02000
v 0.33000 -0.20000 0.02000
v 0.33500 -0.20000 0.02000
v 0.33500 -0.19500 0.02000
v 0.33000 -0.19500 0.02000
v 0.33000 -0.20000 0.02500
v 0.33500 -0.20000 0.02500
v 0.33500 -0.19500 0.02500
v 0.33000 -0.19500 0.02500
v 0.33000 -0.20000 0.02500
v 0.33500 -0.20000 0.02500
v 0.33500 -0.19500 0.02500
v 0.33000 -0.19500 0.02500
v 0.33000 -0.20000 0.03000
v 0.33500 -0.20000 0.03000
v 0.33500 -0.19500 0.03000
v 0.33000 -0.19500 0.03000
v 0.33000 -0.20000 0.03000
v 0.33500 -0.20000 0.03000
v 0.33500 -0.19500 0.03000
v 0.33000 -0.19500 0.03000
v 0.33000 -0.20000 0.03500
v 0.33500 -0.20000 0.03500
v 0.33500 -0.19500 0.03500
v 0.33000 -0.19500 0.03500
v 0.33000 -0.20000 0.03500
v 0.33500 -0.20000 0.03500
v 0.33500 -0.19500 0.03500
v 0.33000 -0.19500 0.03500
v 0.33000 -0.20000 0.04000
v 0.33500 -0.20000 0.04000
v 0.33500 -0.19500 0.04000
v 0.33000 -0.19500 0.04000
v 0.33000 -0.20000 0.04000
v 0.33500 -0.20000 0.04000
v 0.33500 -0.19500 0.04000
v 0.33000 -0.19500 0.04000
v 0.33000 -0.20000 0.04500
v 0.33500 -0.20000 0.04500
v 0.33500 -0.19500 0.04500
v 0.33000 -0.19500 0.04500
v 0.33000 -0.20000 0.04500
v 0.33500 -0.20000 0.04500
v 0.33500 -0.19500 0.04500
v 0.33000 -0.19500 0.04500
v 0.33000 -0.20000 0.05000
v 0.33500 -0.20000 0.05000
v 0.33500 -0.19500 0.05000
v 0.33000 -0.19500 0.05000
v 0.33000 -0.19500 0.00000
v 0.33500 -0.19500 0.00000
v 0.33500 -0.19000 0.00000
v 0.33000 -0.19000 0.00000
v 0.33000 -0.19500 0.00500
v 0.33500 -0.19500 0.00500
v 0.33500 -0.19000 0.00500
v 0.33000 -0.19000 0.00500
v 0.33000 -0.19500 0.00500
v 0.33500 -0.19500 0.00500
v 0.33500 -0.19000 0.00500
v 0.33000 -0.19000 0.00500
v 0.33000 -0.19500 0.01000
v 0.33500 -0.19500 0.01000
v 0.33500 -0.19000 0.01000
v 0.33000 -0.19000 0.01000
v 0.33000 -0.19500 0.01000
v 0.33500 -0.19500 0.01000
v 0.33500 -0.19000 0.01000
v 0.33000 -0.19000 0.01000
v 0.33000 -0.19500 0.01500
v 0.33500 -0.19500 0.01500
v 0.33500 -0.19000 0.01500
v 0.33000 -0.19000 0.01500
v 0.33000 -0.19500 0.01500
v 0.33500 -0.19500 0.01500
v 0.33500 -0.19000 0.01500
v 0.33000 -0.19000 0.01500
v 0.33000 -0.19500 0.02000
v 0.33500 -0.19500 0.02000
v 0.33500 -0.19000 0.02000
v 0.33000 -0.19000 0.02000
v 0.33000 -0.19500 0.02000
v 0.33500 -0.19500 0.02000
v 0.33500 -0.19000 0.02000
v 0.33000 -0.19000 0.02000
v 0.33000 -0.19500 0.02500
v 0.33500 -0.19500 0.02500
v 0.33500 -0.19000 0.02500
v 0.33000 -0.19000 0.02500
v 0.33000 -0.19500 0.02500
v 0.33500 -0.19500 0.02500
v 0.33500 -0.19000 0.02500
v 0.33000 -0.19000 0.02500
v 0.33000 -0.19500 0.03000
v 0.33500 -0.19500 0.03000
v 0.33500 -0.19000 0.03000
v 0.33000 -0.19000 0.03000
v 0.33000 -0.19500 0.03000
v 0.33500 -0.19500 0.03000
v 0.33500 -0.19000 0.03000
v 0.33000 -0.19000 0.03000
v 0.33000 -0.19500 0.03500
v 0.33500 -0.19500 0.03500
v 0.33500 -0.19000 0.03500
v 0.33000 -0.19000 0.03500
v 0.33000 -0.19500 0.03500
v 0.33500 -0.19500 0.03500
v 0.33500 -0.19000 0.03500
v 0.33000 -0.19000 0.03500
v 0.33000 -0.19500 0.04000
v 0.33500 -0.19500 0.04000
v 0.33500 -0.19000 0.04000
v 0.33000 -0.19000 0.04000
v 0.33000 -0.19500 0.04000
v 0.33500 -0.19500 0.04000
v 0.33500 -0.19000 0.04000
v 0.33000 -0.19000 0.04000
v 0.33000 -0.19500 0.04500
v 0.33500 -0.19500 0.04500
v 0.33500 -0.19000 0.04500
v 0.33000 -0.19000 0.04500
v 0.33000 -0.19500 0.04500
v 0.33500 -0.19500 0.04500
v 0.33500 -0.19000 0.04500
v 0.33000 -0.19000 0.04500
v 0.33000 -0.19500 0.05000
v 0.33500 -0.19500 0.05000
v 0.33500 -0.19000 0.05000
v 0.33000 -0.19000 0.05000
v 0.33000 -0.19500 0.05000
v 0.33500 -0.19500 0.05000
v 0.33500 -0.19000 0.05000
v 0.33000 -0.19000 0.05000
v 0.33000 -0.19500 0.05500
v 0.33500 -0.19500 0.05500
v 0.33500 -0.19000 0.05500
v 0.33000 -0.19000 0.05500
v 0.33000 -0.19500 0.06000
v 0.33500 -0.19500 0.06000
v 0.33500 -0.19000 0.06000
v 0.33000 -0.19000 0.06000
v 0.33000 -0.19500 0.06500
v 0.33500 -0.19500 0.06500
v 0.33500 -0.19000 0.06500
v 0.33000 -0.19000 0.06500
v 0.33000 -0.19000 0.00000
v 0.33500 -0.19000 0.00000
v 0.33500 -0.18500 0.00000
v 0.33000 -0.18500 0.00000
v 0.33000 -0.19000 0.00500
v 0.33500 -0.19000 0.00500
v 0.33500 -0.18500 0.00500
v 0.33000 -0.18500 0.00500
v 0.33000 -0.19000 0.02000
v 0.33500 -0.19000 0.02000
v 0.33500 -0.18500 0.02000
v 0.33000 -0.18500 0.02000
v 0.33000 -0.19000 0.02500
v 0.33500 -0.19000 0.02500
v 0.33500 -0.18500 0.02500
v 0.33000 -0.18500 0.02500
v 0.33000 -0.19000 0.02500
v 0.33500 -0.19000 0.02500
v 0.33500 -0.18500 0.02500
v 0.33000 -0.18500 0.02500
v 0.33000 -0.19000 0.03000
v 0.33500 -0.19000 0.03000
v 0.33500 -0.18500 0.03000
v 0.33000 -0.18500 0.03000
v 0.33000 -0.19000 0.03000
v 0.33500 -0.19000 0.03000
v 0.33500 -0.18500 0.03000
v 0.33000 -0.18500 0.03000
v 0.33000 -0.19000 0.03500
v 0.33500 -0.19000 0.03500
v 0.33500 -0.18500 0.03500
v 0.33000 -0.18500 0.03500
v 0.33000 -0.19000 0.03500
v 0.33500 -0.19000 0.03500
v 0.33500 -0.18500 0.03500
v 0.33000 -0.18500 0.03500
v 0.33000 -0.19000 0.04000
v 0.33500 -0.19000 0.04000
v 0.33500 -0.18500 0.04000
v 0.33000 -0.18500 0.04000
v 0.33000 -0.19000 0.04000
v 0.33500 -0.19000 0.04000
v 0.33500 -0.18500 0.04000
v 0.33000 -0.18500 0.04000
v 0.33000 -0.19000 0.04500
v 0.33500 -0.19000 0.04500
v 0.33500 -0.18500 0.04500
v 0.33000 -0.18500 0.04500
v 0.33000 -0.19000 0.04500
v 0.33500 -0.19000 0.04500
v 0.33500 -0.18500 0.04500
v 0.33000 -0.18500 0.04500
v 0.33000 -0.19000 0.05000
v 0.33500 -0.19000 0.05000
v 0.33500 -0.18500 0.05000
v 0.33000 -0.18500 0.05000
v 0.33000 -0.19000 0.05000
v 0.33500 -0.19000 0.05000
v 0.33500 -0.18500 0.05000
v 0.33000 -0.18500 0.05000
v 0.33000 -0.19000 0.05500
v 0.33500 -0.19000 0.05500
v 0.33500 -0.18500 0.05500
v 0.33000 -0.18500 0.05500
v 0.33000 -0.19000 0.05500
v 0.33500 -0.19000 0.05500
v 0.33500 -0.18500 0.05500
v 0.33000 -0.18500 0.05500
v 0.33000 -0.19000 0.06000
v 0.33500 -0.19000 0.06000
v 0.33500 -0.18500 0.06000
v 0.33000 -0.18500 0.06000
v 0.33000 -0.19000 0.06000
v 0.33500 -0.19000 0.06000
v 0.33500 -0.18500 0.06000
v 0.33000 -0.18500 0.06000
v 0.33000 -0.19000 0.06500
v 0.33500 -0.19000 0.06500
v 0.33500 -0.18500 0.06500
v 0.33000 -0.18500 0.06500
v 0.33000 -0.19000 0.06500
v 0.33500 -0.19000 0.06500
v 0.33500 -0.18500 0.06500
v 0.33000 -0.18500 0.06500
v 0.33000 -0.19000 0.07000
v 0.33500 -0.19000 0.07000
v 0.33500 -0.18500 0.07000
v 0.33000 -0.18500 0.07000
v 0.33000 -0.19000 0.07000
v 0.33500 -0.19000 0.07000
v 0.33500 -0.18500 0.07000
v 0.33000 -0.18500 0.07000
v 0.33000 -0.19000 0.07500
v 0.33500 -0.19000 0.07500
v 0.33500 -0.18500 0.07500
v 0.33000 -0.18500 0.07500
v 0.33000 -0.18500 0.03000
v 0.33500 -0.18500 0.03000
v 0.33500 -0.18000 0.03000
v 0.33000 -0.18000 0.03000
v 0.33000 -0.18500 0.03500
v 0.33500 -0.18500 0.03500
v 0.33500 -0.18000 0.03500
v 0.33000 -0.18000 0.03500
v 0.33000 -0.18500 0.03500
v 0.33500 -0.18500 0.03500
v 0.33500 -0.18000 0.03500
v 0.33000 -0.18000 0.03500
v 0.33000 -0.18500 0.04000
v 0.33500 -0.18500 0.04000
v 0.33500 -0.18000 0.04000
v 0.33000 -0.18000 0.04000
v 0.33000 -0.18500 0.04000
v 0.33500 -0.18500 0.04000
v 0.33500 -0.18000 0.04000
v 0.33000 -0.18000 0.04000
v 0.33000 -0.18500 0.04500
v 0.33500 -0.18500 0.04500
v 0.33500 -0.18000 0.04500
v 0.33000 -0.18000 0.04500
v 0.33000 -0.18500 0.04500
v 0.33500 -0.18500 0.04500
v 0.33500 -0.18000 0.04500
v 0.33000 -0.18000 0.04500
v 0.33000 -0.18500 0.05000
v 0.33500 -0.18500 0.05000
v 0.33500 -0.18000 0.05000
v 0.33000 -0.18000 0.05000
v 0.33000 -0.18500 0.05000
v 0.33500 -0.18500 0.05000
v 0.33500 -0.18000 0.05000
v 0.33000 -0.18000 0.05000
v 0.33000 -0.18500 0.05500
v 0.33500 -0.18500 0.05500
v 0.33500 -0.18000 0.05500
v 0.33000 -0.18000 0.05500
v 0.33000 -0.18500 0.05500
v 0.33500 -0.18500 0.05500
v 0.33500 -0.18000 0.05500
v 0.33000 -0.18000 0.05500
v 0.33000 -0.18500 0.06000
v 0.33500 -0.18500 0.06000
v 0.33500 -0.18000 0.06000
v 0.33000 -0.18000 0.06000
v 0.33000 -0.18500 0.06000
v 0.33500 -0.18500 0.06000
v 0.33500 -0.18000 0.06000
v 0.33000 -0.18000 0.06000
v 0.33000 -0.18500 0.06500
v 0.33500 -0.18500 0.06500
v 0.33500 -0.18000 0.06500
v 0.33000 -0.18000 0.06500
v 0.33000 -0.18500 0.06500
v 0.33500 -0.18500 0.06500
v 0.33500 -0.18000 0.06500
v 0.33000 -0.18000 0.06500
v 0.33000 -0.18500 0.07000
v 0.33500 -0.18500 0.07000
v 0.33500 -0.18000 0.07000
v 0.33000 -0.18000 0.07000
v 0.33000 -0.18500 0.07000
v 0.33500 -0.18500 0.07000
v 0.33500 -0.18000 0.07000
v 0.33000 -0.18000 0.07000
v 0.33000 -0.18500 0.07500
v 0.33500 -0.18500 0.07500
v 0.33500 -0.18000 0.07500
v 0.33000 -0.18000 0.07500
v 0.33000 -0.18500 0.07500
v 0.33500 -0.18500 0.07500
v 0.33500 -0.18000 0.07500
v 0.33000 -0.18000 0.07500
v 0.33000 -0.18500 0.08000
v 0.33500 -0.18500 0.08000
v 0.33500 -0.18000 0.08000
v 0.33000 -0.18000 0.08000
v 0.33000 -0.18500 0.08000
v 0.33500 -0.18500 0.08000
v 0.33500 -0.18000 0.08000
v 0.33000 -0.18000 0.08000
v 0.33000 -0.18500 0.08500
v 0.33500 -0.18500 0.08500
v 0.33500 -0.18000 0.08500
v 0.33000 -0.18000 0.08500
v 0.33000 -0.18000 0.04000
v 0.33500 -0.18000 0.04000
v 0.33500 -0.17500 0.04000
v 0.33000 -0.17500 0.04000
v 0.33000 -0.18000 0.04500
v 0.33500 -0.18000 0.04500
v 0.33500 -0.17500 0.04500
v 0.33000 -0.17500 0.04500
v 0.33000 -0.18000 0.04500
v 0.33500 -0.18000 0.04500
v 0.33500 -0.17500 0.04500
v 0.33000 -0.17500 0.04500
v 0.33000 -0.18000 0.05000
v 0.33500 -0.18000 0.05000
v 0.33500 -0.17500 0.05000
v 0.33000 -0.17500 0.05000
v 0.33000 -0.18000 0.05000
v 0.33500 -0.18000 0.05000
v 0.33500 -0.17500 0.05000
v 0.33000 -0.17500 0.05000
v 0.33000 -0.18000 0.05500
v 0.33500 -0.18000 0.05500
v 0.33500 -0.17500 0.05500
v 0.33000 -0.17500 0.05500
v 0.33000 -0.18000 0.05500
v 0.33500 -0.18000 0.05500
v 0.33500 -0.17500 0.05500
v 0.33000 -0.17500 0.05500
v 0.33000 -0.18000 0.06000
v 0.33500 -0.18000 0.06000
v 0.33500 -0.17500 0.06000
v 0.33000 -0.17500 0.06000
v 0.33000 -0.18000 0.06000
v 0.33500 -0.18000 0.06000
v 0.33500 -0.17500 0.06000
v 0.33000 -0.17500 0.06000
v 0.33000 -0.18000 0.06500
v 0.33500 -0.18000 0.06500
v 0.33500 -0.17500 0.06500
v 0.33000 -0.17500 0.06500
v 0.33000 -0.18000 0.06500
v 0.33500 -0.18000 0.06500
v 0.33500 -0.17500 0.06500
v 0.33000 -0.17500 0.06500
v 0.33000 -0.18000 0.07000
v 0.33500 -0.18000 0.07000
v 0.33500 -0.17500 0.07000
v 0.33000 -0.17500 0.07000
v 0.33000 -0.18000 0.07000
v 0.33500 -0.18000 0.07000
v 0.33500 -0.17500 0.07000
v 0.33000 -0.17500 0.07000
v 0.33000 -0.18000 0.07500
v 0.33500 -0.18000 0.07500
v 0.33500 -0.17500 0.07500
v 0.33000 -0.17500 0.07500
v 0.33000 -0.18000 0.07500
v 0.33500 -0.18000 0.07500
v 0.33500 -0.17500 0.07500
v 0.33000 -0.17500 0.07500
v 0.33000 -0.18000 0.08000
v 0.33500 -0.18000 0.08000
v 0.33500 -0.17500 0.08000
v 0.33000 -0.17500 0.08000
v 0.33000 -0.18000 0.08000
v 0.33500 -0.18000 0.08000
v 0.33500 -0.17500 0.08000
v 0.33000 -0.17500 0.08000
v 0.33000 -0.18000 0.08500
v 0.33500 -0.18000 0.08500
v 0.33500 -0.17500 0.08500
v 0.33000 -0.17500 0.08500
v 0.33000 -0.18000 0.08500
v 0.33500 -0.18000 0.08500
v 0.33500 -0.17500 0.08500
v 0.33000 -0.17500 0.08500
v 0.33000 -0.18000 0.09000
v 0.33500 -0.18000 0.09000
v 0.33500 -0.17500 0.09000
v 0.33000 -0.17500 0.09000
v 0.33000 -0.18000 0.09000
v 0.33500 -0.18000 0.09000
v 0.33500 -0.17500 0.09000
v 0.33000 -0.17500 0.09000
v 0.33000 -0.18000 0.09500
v 0.33500 -0.18000 0.09500
v 0.33500 -0.17500 0.09500
v 0.33000 -0.17500 0.09500
v 0.33000 -0.17500 0.00000
v 0.33500 -0.17500 0.00000
v 0.33500 -0.17000 0.00000
v 0.33000 -0.17000 0.00000
v 0.33000 -0.17500 0.00500
v 0.33500 -0.17500 0.00500
v 0.33500 -0.17000 0.00500
v 0.33000 -0.17000 0.00500
v 0.33000 -0.17500 0.05000
v 0.33500 -0.17500 0.05000
v 0.33500 -0.17000 0.05000
v 0.33000 -0.17000 0.05000
v 0.33000 -0.17500 0.05500
v 0.33500 -0.17500 0.05500
v 0.33500 -0.17000 0.05500
v 0.33000 -0.17000 0.05500
v 0.33000 -0.17500 0.05500
v 0.33500 -0.17500 0.05500
v 0.33500 -0.17000 0.05500
v 0.33000 -0.17000 0.05500
v 0.33000 -0.17500 0.06000
v 0.33500 -0.17500 0.06000
v 0.33500 -0.17000 0.06000
v 0.33000 -0.17000 0.06000
v 0.33000 -0.17500 0.06000
v 0.33500 -0.17500 0.06000
v 0.33500 -0.17000 0.06000
v 0.33000 -0.17000 0.06000
v 0.33000 -0.17500 0.06500
v 0.33500 -0.17500 0.06500
v 0.33500 -0.17000 0.06500
v 0.33000 -0.17000 0.06500
v 0.33000 -0.17500 0.06500
v 0.33500 -0.17500 0.06500
v 0.33500 -0.17000 0.06500
v 0.33000 -0.17000 0.06500
v 0.33000 -0.17500 0.07000
v 0.33500 -0.17500 0.07000
v 0.33500 -0.17000 0.07000
v 0.33000 -0.17000 0.07000
v 0.33000 -0.17500 0.07000
v 0.33500 -0.17500 0.07000
v 0.33500 -0.17000 0.07000
v 0.33000 -0.17000 0.07000
v 0.33000 -0.17500 0.07500
v 0.33500 -0.17500 0.07500
v 0.33500 -0.17000 0.07500
v 0.33000 -0.17000 0.07500
v 0.33000 -0.17500 0.07500
v 0.33500 -0.17500 0.07500
v 0.33500 -0.17000 0.07500
v 0.33000 -0.17000 0.07500
v 0.33000 -0.17500 0.08000
v 0.33500 -0.17500 0.08000
v 0.33500 -0.17000 0.08000
v 0.33000 -0.17000 0.08000
v 0.33000 -0.17500 0.08000
v 0.33500 -0.17500 0.08000
v 0.33500 -0.17000 0.08000
v 0.33000 -0.17000 0.08000
v 0.33000 -0.17500 0.08500
v 0.33500 -0.17500 0.08500
v 0.33500 -0.17000 0.08500
v 0.33000 -0.17000 0.08500
v 0.33000 -0.17500 0.08500
v 0.33500 -0.17500 0.08500
v 0.33500 -0.17000 0.08500
v 0.33000 -0.17000 0.08500
v 0.33000 -0.17500 0.09000
v 0.33500 -0.17500 0.09000
v 0.33500 -0.17000 0.09000
v 0.33000 -0.17000 0.09000
v 0.33000 -0.17500 0.09000
v 0.33500 -0.17500 0.09000
v 0.33500 -0.17000 0.09000
v 0.33000 -0.17000 0.09000
v 0.33000 -0.17500 0.09500
v 0.33500 -0.17500 0.09500
v 0.33500 -0.17000 0.09500
v 0.33000 -0.17000 0.09500
v 0.33000 -0.17500 0.09500
v 0.33500 -0.17500 0.09500
v 0.33500 -0.17000 0.09500
v 0.33000 -0.17000 0.09500
v 0.33000 -0.17500 0.10000
v 0.33500 -0.17500 0.10000
v 0.33500 -0.17000 0.10000
v 0.33000 -0.17000 0.10000
v 0.33000 -0.17500 0.10000
v 0.33500 -0.17500 0.10000
v 0.33500 -0.17000 0.10000
v 0.33000 -0.17000 0.10000
v 0.33000 -0.17500 0.10500
v 0.33500 -0.17500 0.10500
v 0.33500 -0.17000 0.10500
v 0.33000 -0.17000 0.10500
v 0.33000 -0.17000 0.00000
v 0.33500 -0.17000 0.00000
v 0.33500 -0.16500 0.00000
v 0.33000 -0.16500 0.00000
v 0.33000 -0.17000 0.00500
v 0.33500 -0.17000 0.00500
v 0.33500 -0.16500 0.00500
v 0.33000 -0.16500 0.00500
v 0.33000 -0.17000 0.00500
v 0.33500 -0.17000 0.00500
v 0.33500 -0.16500 0.00500
v 0.33000 -0.16500 0.00500
v 0.33000 -0.17000 0.01000
v 0.33500 -0.17000 0.01000
v 0.33500 -0.16500 0.01000
v 0.33000 -0.16500 0.01000
v 0.33000 -0.17000 0.01000
v 0.33500 -0.17000 0.01000
v 0.33500 -0.16500 0.01000
v 0.33000 -0.16500 0.01000
v 0.33000 -0.17000 0.01500
v 0.33500 -0.17000 0.01500
v 0.33500 -0.16500 0.01500
v 0.33000 -0.16500 0.01500
v 0.33000 -0.17000 0.01500
v 0.33500 -0.17000 0.01500
v 0.33500 -0.16500 0.01500
v 0.33000 -0.16500 0.01500
v 0.33000 -0.17000 0.02000
v 0.33500 -0.17000 0.02000
v 0.33500 -0.16500 0.02000
v 0.33000 -0.16500 0.02000
v 0.33000 -0.17000 0.02000
v 0.33500 -0.17000 0.02000
v 0.33500 -0.16500 0.02000
v 0.33000 -0.16500 0.02000
v 0.33000 -0.17000 0.02500
v 0.33500 -0.17000 0.02500
v 0.33500 -0.16500 0.02500
v 0.33000 -0.16500 0.02500
v 0.33000 -0.17000 0.03000
v 0.33500 -0.17000 0.03000
v 0.33500 -0.16500 0.03000
v 0.33000 -0.16500 0.03000
v 0.33000 -0.17000 0.03500
v 0.33500 -0.17000 0.03500
v 0.33500 -0.16500 0.03500
v 0.33000 -0.16500 0.03500
v 0.33000 -0.17000 0.03500
v 0.33500 -0.17000 0.03500
v 0.33500 -0.16500 0.03500
v 0.33000 -0.16500 0.03500
v 0.33000 -0.17000 0.04000
v 0.33500 -0.17000 0.04000
v 0.33500 -0.16500 0.04000
v 0.33000 -0.16500 0.04000
v 0.33000 -0.17000 0.04000
v 0.33500 -0.17000 0.04000
v 0.33500 -0.16500 0.04000
v 0.33000 -0.16500 0.04000
v 0.33000 -0.17000 0.04500
v 0.33500 -0.17000 0.04500
v 0.33500 -0.16500 0.04500
v 0.33000 -0.16500 0.04500
v 0.33000 -0.17000 0.04500
v 0.33500 -0.17000 0.04500
v 0.33500 -0.16500 0.04500
v 0.33000 -0.16500 0.04500
v 0.33000 -0.17000 0.05000
v 0.33500 -0.17000 0.05000
v 0.33500 -0.16500 0.05000
v 0.33000 -0.16500 0.05000
v 0.33000 -0.17000 0.05000
v 0.33500 -0.17000 0.05000
v 0.33500 -0.16500 0.05000
v 0.33000 -0.16500 0.05000
v 0.33000 -0.17000 0.05500
v 0.33500 -0.17000 0.05500
v 0.33500 -0.16500 0.05500
v 0.33000 -0.16500 0.05500
v 0.33000 -0.17000 0.05500
v 0.33500 -0.17000 0.05500
v 0.33500 -0.16500 0.05500
v 0.33000 -0.16500 0.05500
v 0.33000 -0.17000 0.06000
v 0.33500 -0.17000 0.06000
v 0.33500 -0.16500 0.06000
v 0.33000 -0.16500 0.06000
v 0.33000 -0.17000 0.06000
v 0.33500 -0.17000 0.06000
v 0.33500 -0.16500 0.06000
v 0.33000 -0.16500 0.06000
v 0.33000 -0.17000 0.06500
v 0.33500 -0.17000 0.06500
v 0.33500 -0.16500 0.06500
v 0.33000 -0.16500 0.06500
v 0.33000 -0.17000 0.06500
v 0.33500 -0.17000 0.06500
v 0.33500 -0.16500 0.06500
v 0.33000 -0.16500 0.06500
v 0.33000 -0.17000 0.07000
v 0.33500 -0.17000 0.07000
v 0.33500 -0.16500 0.07000
v 0.33000 -0.16500 0.07000
v 0.33000 -0.17000 0.07000
v 0.33500 -0.17000 0.07000
v 0.33500 -0.16500 0.07000
v 0.33000 -0.16500 0.07000
v 0.33000 -0.17000 0.07500
v 0.33500 -0.17000 0.07500
v 0.33500 -0.16500 0.07500
v 0.33000 -0.16500 0.07500
v 0.33000 -0.16500 0.00000
v 0.33500 -0.16500 0.00000
v 0.33500 -0.16000 0.00000
v 0.33000 -0.16000 0.00000
v 0.33000 -0.16500 0.00500
v 0.33500 -0.16500 0.00500
v 0.33500 -0.16000 0.00500
v 0.33000 -0.16000 0.00500
v 0.33000 -0.16500 0.00500
v 0.33500 -0.16500 0.00500
v 0.33500 -0.16000 0.00500
v 0.33000 -0.16000 0.00500
v 0.33000 -0.16500 0.01000
v 0.33500 -0.16500 0.01000
v 0.33500 -0.16000 0.01000
v 0.33000 -0.16000 0.01000
v 0.33000 -0.16500 0.01000
v 0.33500 -0.16500 0.01000
v 0.33500 -0.16000 0.01000
v 0.33000 -0.16000 0.01000
v 0.33000 -0.16500 0.01500
v 0.33500 -0.16500 0.01500
v 0.33500 -0.16000 0.01500
v 0.33000 -0.16000 0.01500
v 0.33000 -0.16500 0.01500
v 0.33500 -0.16500 0.01500
v 0.33500 -0.16000 0.01500
v 0.33000 -0.16000 0.01500
v 0.33000 -0.16500 0.02000
v 0.33500 -0.16500 0.02000
v 0.33500 -0.16000 0.02000
v 0.33000 -0.16000 0.02000
v 0.33000 -0.16500 0.02000
v 0.33500 -0.16500 0.02000
v 0.33500 -0.16000 0.02000
v 0.33000 -0.16000 0.02000
v 0.33000 -0.16500 0.02500
v 0.33500 -0.16500 0.02500
v 0.33500 -0.16000 0.02500
v 0.33000 -0.16000 0.02500
v 0.33000 -0.16500 0.02500
v 0.33500 -0.16500 0.02500
v 0.33500 -0.16000 0.02500
v 0.33000 -0.16000 0.02500
v 0.33000 -0.16500 0.03000
v 0.33500 -0.16500 0.03000
v 0.33500 -0.16000 0.03000
v 0.33000 -0.16000 0.03000
v 0.33000 -0.16500 0.03000
v 0.33500 -0.16500 0.03000
v 0.33500 -0.16000 0.03000
v 0.33000 -0.16000 0.03000
v 0.33000 -0.16500 0.03500
v 0.33500 -0.16500 0.03500
v 0.33500 -0.16000 0.03500
v 0.33000 -0.16000 0.03500
v 0.33000 -0.16500 0.03500
v 0.33500 -0.16500 0.03500
v 0.33500 -0.16000 0.03500
v 0.33000 -0.16000 0.03500
v 0.33000 -0.16500 0.04000
v 0.33500 -0.16500 0.04000
v 0.33500 -0.16000 0.04000
v 0.33000 -0.16000 0.04000
v 0.33000 -0.16500 0.04000
v 0.33500 -0.16500 0.04000
v 0.33500 -0.16000 0.04000
v 0.33000 -0.16000 0.04000
v 0.33000 -0.16500 0.04500
v 0.33500 -0.16500 0.04500
v 0.33500 -0.16000 0.04500
v 0.33000 -0.16000 0.04500
v 0.33000 -0.16000 0.00500
v 0.33500 -0.16000 0.00500
v 0.33500 -0.15500 0.00500
v 0.33000 -0.15500 0.00500
v 0.33000 -0.16000 0.01000
v 0.33500 -0.16000 0.01000
v 0.33500 -0.15500 0.01000
v 0.33000 -0.15500 0.01000
v 0.33000 -0.16000 0.01000
v 0.33500 -0.16000 0.01000
v 0.33500 -0.15500 0.01000
v 0.33000 -0.15500 0.01000
v 0.33000 -0.16000 0.01500
v 0.33500 -0.16000 0.01500
v 0.33500 -0.15500 0.01500
v 0.33000 -0.15500 0.01500
v 0.33000 -0.16000 0.01500
v 0.33500 -0.16000 0.01500
v 0.33500 -0.15500 0.01500
v 0.33000 -0.15500 0.01500
v 0.33000 -0.16000 0.02000
v 0.33500 -0.16000 0.02000
v 0.33500 -0.15500 0.02000
v 0.33000 -0.15500 0.02000
v 0.33000 -0.16000 0.02000
v 0.33500 -0.16000 0.02000
v 0.33500 -0.15500 0.02000
v 0.33000 -0.15500 0.02000
v 0.33000 -0.16000 0.02500
v 0.33500 -0.16000 0.02500
v 0.33500 -0.15500 0.02500
v 0.33000 -0.15500 0.02500
v 0.33500 -0.21500 0.00500
v 0.34000 -0.21500 0.00500
v 0.34000 -0.21000 0.00500
v 0.33500 -0.21000 0.00500
v 0.33500 -0.21500 0.01000
v 0.34000 -0.21500 0.01000
v 0.34000 -0.21000 0.01000
v 0.33500 -0.21000 0.01000
v 0.33500 -0.21500 0.01000
v 0.34000 -0.21500 0.01000
v 0.34000 -0.21000 0.01000
v 0.33500 -0.21000 0.01000
v 0.33500 -0.21500 0.01500
v 0.34000 -0.21500 0.01500
v 0.34000 -0.21000 0.01500
v 0.33500 -0.21000 0.01500
v 0.33500 -0.21000 0.00000
v 0.34000 -0.21000 0.00000
v 0.34000 -0.20500 0.00000
v 0.33500 -0.20500 0.00000
v 0.33500 -0.21000 0.00500
v 0.34000 -0.21000 0.00500
v 0.34000 -0.20500 0.00500
v 0.33500 -0.20500 0.00500
v 0.33500 -0.21000 0.01500
v 0.34000 -0.21000 0.01500
v 0.34000 -0.20500 0.01500
v 0.33500 -0.20500 0.01500
v 0.33500 -0.21000 0.02000
v 0.34000 -0.21000 0.02000
v 0.34000 -0.20500 0.02000
v 0.33500 -0.20500 0.02000
v 0.33500 -0.21000 0.02000
v 0.34000 -0.21000 0.02000
v 0.34000 -0.20500 0.02000
v 0.33500 -0.20500 0.02000
v 0.33500 -0.21000 0.02500
v 0.34000 -0.21000 0.02500
v 0.34000 -0.20500 0.02500
v 0.33500 -0.20500 0.02500
v 0.33500 -0.21000 0.02500
v 0.34000 -0.21000 0.02500
v 0.34000 -0.20500 0.02500
v 0.33500 -0.20500 0.02500
v 0.33500 -0.21000 0.03000
v 0.34000 -0.21000 0.03000
v 0.34000 -0.20500 0.03000
v 0.33500 -0.20500 0.03000
v 0.33500 -0.21000 0.03000
v 0.34000 -0.21000 0.03000
v 0.34000 -0.20500 0.03000
v 0.33500 -0.20500 0.03000
v 0.33500 -0.21000 0.03500
v 0.34000 -0.21000 0.03500
v 0.34000 -0.20500 0.03500
v 0.33500 -0.20500 0.03500
v 0.33500 -0.20500 0.02500
v 0.34000 -0.20500 0.02500
v 0.34000 -0.20000 0.02500
v 0.33500 -0.20000 0.02500
v 0.33500 -0.20500 0.03000
v 0.34000 -0.20500 0.03000
v 0.34000 -0.20000 0.03000
v 0.33500 -0.20000 0.03000
v 0.33500 -0.20500 0.03000
v 0.34000 -0.20500 0.03000
v 0.34000 -0.20000 0.03000
v 0.33500 -0.20000 0.03000
v 0.33500 -0.20500 0.03500
v 0.34000 -0.20500 0.03500
v 0.34000 -0.20000 0.03500
v 0.33500 -0.20000 0.03500
v 0.33500 -0.20500 0.03500
v 0.34000 -0.20500 0.03500
v 0.34000 -0.20000 0.03500
v 0.33500 -0.20000 0.03500
v 0.33500 -0.20500 0.04000
v 0.34000 -0.20500 0.04000
v 0.34000 -0.20000 0.04000
v 0.33500 -0.20000 0.04000
v 0.33500 -0.20500 0.04000
v 0.34000 -0.20500 0.04000
v 0.34000 -0.20000 0.04000
v 0.33500 -0.20000 0.04000
v 0.33500 -0.20500 0.04500
v 0.34000 -0.20500 0.04500
v 0.34000 -0.20000 0.04500
v 0.33500 -0.20000 0.04500
v 0.33500 -0.20500 0.04500
v 0.34000 -0.20500 0.04500
v 0.34000 -0.20000 0.04500
v 0.33500 -0.20000 0.04500
v 0.33500 -0.20500 0.05000
v 0.34000 -0.20500 0.05000
v 0.34000 -0.20000 0.05000
v 0.33500 -0.20000 0.05000
v 0.33500 -0.20500 0.05000
v 0.34000 -0.20500 0.05000
v 0.34000 -0.20000 0.05000
v 0.33500 -0.20000 0.05000
v 0.33500 -0.20500 0.05500
v 0.34000 -0.20500 0.05500
v 0.34000 -0.20000 0.05500
v 0.33500 -0.20000 0.05500
v 0.33500 -0.20500 0.05500
v 0.34000 -0.20500 0.05500
v 0.34000 -0.20000 0.05500
v 0.33500 -0.20000 0.05500
v 0.33500 -0.20500 0.06000
v 0.34000 -0.20500 0.06000
v 0.34000 -0.20000 0.06000
v 0.33500 -0.20000 0.06000
v 0.33500 -0.20500 0.06000
v 0.34000 -0.20500 0.06000
v 0.34000 -0.20000 0.06000
v 0.33500 -0.20000 0.06000
v 0.33500 -0.20500 0.06500
v 0.34000 -0.20500 0.06500
v 0.34000 -0.20000 0.06500
v 0.33500 -0.20000 0.06500
v 0.33500 -0.20500 0.06500
v 0.34000 -0.20500 0.06500
v 0.34000 -0.20000 0.06500
v 0.33500 -0.20000 0.06500
v 0.33500 -0.20500 0.07000
v 0.34000 -0.20500 0.07000
v 0.34000 -0.20000 0.07000
v 0.33500 -0.20000 0.07000
v 0.33500 -0.20500 0.07000
v 0.34000 -0.20500 0.07000
v 0.34000 -0.20000 0.07000
v 0.33500 -0.20000 0.07000
v 0.33500 -0.20500 0.07500
v 0.34000 -0.20500 0.07500
v 0.34000 -0.20000 0.07500
v 0.33500 -0.20000 0.07500
v 0.33500 -0.20000 0.05000
v 0.34000 -0.20000 0.05000
v 0.34000 -0.19500 0.05000
v 0.33500 -0.19500 0.05000
v 0.33500 -0.20000 0.05500
v 0.34000 -0.20000 0.05500
v 0.34000 -0.19500 0.05500
v 0.33500 -0.19500 0.05500
v 0.33500 -0.20000 0.05500
v 0.34000 -0.20000 0.05500
v 0.34000 -0.19500 0.05500
v 0.33500 -0.19500 0.05500
v 0.33500 -0.20000 0.06000
v 0.34000 -0.20000 0.06000
v 0.34000 -0.19500 0.06000
v 0.33500 -0.19500 0.06000
v 0.33500 -0.20000 0.06000
v 0.34000 -0.20000 0.06000
v 0.34000 -0.19500 0.06000
v 0.33500 -0.19500 0.06000
v 0.33500 -0.20000 0.06500
v 0.34000 -0.20000 0.06500
v 0.34000 -0.19500 0.06500
v 0.33500 -0.19500 0.06500
v 0.33500 -0.20000 0.06500
v 0.34000 -0.20000 0.06500
v 0.34000 -0.19500 0.06500
v 0.33500 -0.19500 0.06500
v 0.33500 -0.20000 0.07000
v 0.34000 -0.20000 0.07000
v 0.34000 -0.19500 0.07000
v 0.33500 -0.19500 0.07000
v 0.33500 -0.20000 0.07000
v 0.34000 -0.20000 0.07000
v 0.34000 -0.19500 0.07000
v 0.33500 -0.19500 0.07000
v 0.33500 -0.20000 0.07500
v 0.34000 -0.20000 0.07500
v 0.34000 -0.19500 0.07500
v 0.33500 -0.19500 0.07500
v 0.33500 -0.20000 0.07500
v 0.34000 -0.20000 0.07500
v 0.34000 -0.19500 0.07500
v 0.33500 -0.19500 0.07500
v 0.33500 -0.20000 0.08000
v 0.34000 -0.20000 0.08000
v 0.34000 -0.19500 0.08000
v 0.33500 -0.19500 0.08000
v 0.33500 -0.20000 0.08000
v 0.34000 -0.20000 0.08000
v 0.34000 -0.19500 0.08000
v 0.33500 -0.19500 0.08000
v 0.33500 -0.20000 0.08500
v 0.34000 -0.20000 0.08500
v 0.34000 -0.19500 0.08500
v 0.33500 -0.19500 0.08500
v 0.33500 -0.20000 0.08500
v 0.34000 -0.20000 0.08500
v 0.34000 -0.19500 0.08500
v 0.33500 -0.19500 0.08500
v 0.33500 -0.20000 0.09000
v 0.34000 -0.20000 0.09000
v 0.34000 -0.19500 0.09000
v 0.33500 -0.19500 0.09000
v 0.33500 -0.20000 0.09000
v 0.34000 -0.20000 0.09000
v 0.34000 -0.19500 0.09000
v 0.33500 -0.19500 0.09000
v 0.33500 -0.20000 0.09500
v 0.34000 -0.20000 0.09500
v 0.34000 -0.19500 0.09500
v 0.33500 -0.19500 0.09500
v 0.33500 -0.20000 0.09500
v 0.34000 -0.20000 0.09500
v 0.34000 -0.19500 0.09500
v 0.33500 -0.19500 0.09500
v 0.33500 -0.20000 0.10000
v 0.34000 -0.20000 0.10000
v 0.34000 -0.19500 0.10000
v 0.33500 -0.19500 0.10000
v 0.33500 -0.20000 0.10000
v 0.34000 -0.20000 0.10000
v 0.34000 -0.19500 0.10000
v 0.33500 -0.19500 0.10000
v 0.33500 -0.20000 0.10500
v 0.34000 -0.20000 0.10500
v 0.34000 -0.19500 0.10500
v 0.33500 -0.19500 0.10500
v 0.33500 -0.19500 0.05500
v 0.34000 -0.19500 0.05500
v 0.34000 -0.19000 0.05500
v 0.33500 -0.19000 0.05500
v 0.33500 -0.19500 0.06000
v 0.34000 -0.19500 0.06000
v 0.34000 -0.19000 0.06000
v 0.33500 -0.19000 0.06000
v 0.33500 -0.19500 0.06500
v 0.34000 -0.19500 0.06500
v 0.34000 -0.19000 0.06500
v 0.33500 -0.19000 0.06500
v 0.33500 -0.19500 0.07000
v 0.34000 -0.19500 0.07000
v 0.34000 -0.19000 0.07000
v 0.33500 -0.19000 0.07000
v 0.33500 -0.19500 0.07000
v 0.34000 -0.19500 0.07000
v 0.34000 -0.19000 0.07000
v 0.33500 -0.19000 0.07000
v 0.33500 -0.19500 0.07500
v 0.34000 -0.19500 0.07500
v 0.34000 -0.19000 0.07500
v 0.33500 -0.19000 0.07500
v 0.33500 -0.19500 0.07500
v 0.34000 -0.19500 0.07500
v 0.34000 -0.19000 0.07500
v 0.33500 -0.19000 0.07500
v 0.33500 -0.19500 0.08000
v 0.34000 -0.19500 0.08000
v 0.34000 -0.19000 0.08000
v 0.33500 -0.19000 0.08000
v 0.33500 -0.19500 0.08000
v 0.34000 -0.19500 0.08000
v 0.34000 -0.19000 0.08000
v 0.33500 -0.19000 0.08000
v 0.33500 -0.19500 0.08500
v 0.34000 -0.19500 0.08500
v 0.34000 -0.19000 0.08500
v 0.33500 -0.19000 0.08500
v 0.33500 -0.19500 0.08500
v 0.34000 -0.19500 0.08500
v 0.34000 -0.19000 0.08500
v 0.33500 -0.19000 0.08500
v 0.33500 -0.19500 0.09000
v 0.34000 -0.19500 0.09000
v 0.34000 -0.19000 0.09000
v 0.33500 -0.19000 0.09000
v 0.33500 -0.19500 0.09000
v 0.34000 -0.19500 0.09000
v 0.34000 -0.19000 0.09000
v 0.33500 -0.19000 0.09000
v 0.33500 -0.19500 0.09500
v 0.34000 -0.19500 0.09500
v 0.34000 -0.19000 0.09500
v 0.33500 -0.19000 0.09500
v 0.33500 -0.19500 0.09500
v 0.34000 -0.19500 0.09500
v 0.34000 -0.19000 0.09500
v 0.33500 -0.19000 0.09500
v 0.33500 -0.19500 0.10000
v 0.34000 -0.19500 0.10000
v 0.34000 -0.19000 0.10000
v 0.33500 -0.19000 0.10000
v 0.33500 -0.19500 0.10000
v 0.34000 -0.19500 0.10000
v 0.34000 -0.19000 0.10000
v 0.33500 -0.19000 0.10000
v 0.33500 -0.19500 0.10500
v 0.34000 -0.19500 0.10500
v 0.34000 -0.19000 0.10500
v 0.33500 -0.19000 0.10500
v 0.33500 -0.19500 0.10500
v 0.34000 -0.19500 0.10500
v 0.34000 -0.19000 0.10500
v 0.33500 -0.19000 0.10500
v 0.33500 -0.19500 0.11000
v 0.34000 -0.19500 0.11000
v 0.34000 -0.19000 0.11000
v 0.33500 -0.19000 0.11000
v 0.33500 -0.19000 0.07500
v 0.34000 -0.19000 0.07500
v 0.34000 -0.18500 0.07500
v 0.33500 -0.18500 0.07500
v 0.33500 -0.19000 0.08000
v 0.34000 -0.19000 0.08000
v 0.34000 -0.18500 0.08000
v 0.33500 -0.18500 0.08000
v 0.33500 -0.19000 0.08000
v 0.34000 -0.19000 0.08000
v 0.34000 -0.18500 0.08000
v 0.33500 -0.18500 0.08000
v 0.33500 -0.19000 0.08500
v 0.34000 -0.19000 0.08500
v 0.34000 -0.18500 0.08500
v 0.33500 -0.18500 0.08500
v 0.33500 -0.19000 0.08500
v 0.34000 -0.19000 0.08500
v 0.34000 -0.18500 0.08500
v 0.33500 -0.18500 0.08500
v 0.33500 -0.19000 0.09000
v 0.34000 -0.19000 0.09000
v 0.34000 -0.18500 0.09000
v 0.33500 -0.18500 0.09000
v 0.33500 -0.19000 0.09000
v 0.34000 -0.19000 0.09000
v 0.34000 -0.18500 0.09000
v 0.33500 -0.18500 0.09000
v 0.33500 -0.19000 0.09500
v 0.34000 -0.19000 0.09500
v 0.34000 -0.18500 0.09500
v 0.33500 -0.18500 0.09500
v 0.33500 -0.19000 0.09500
v 0.34000 -0.19000 0.09500
v 0.34000 -0.18500 0.09500
v 0.33500 -0.18500 0.09500
v 0.33500 -0.19000 0.10000
v 0.34000 -0.19000 0.10000
v 0.34000 -0.18500 0.10000
v 0.33500 -0.18500 0.10000
v 0.33500 -0.19000 0.10000
v 0.34000 -0.19000 0.10000
v 0.34000 -0.18500 0.10000
v 0.33500 -0.18500 0.10000
v 0.33500 -0.19000 0.10500
v 0.34000 -0.19000 0.10500
v 0.34000 -0.18500 0.10500
v 0.33500 -0.18500 0.10500
v 0.33500 -0.19000 0.10500
v 0.34000 -0.19000 0.10500
v 0.34000 -0.18500 0.10500
v 0.33500 -0.18500 0.10500
v 0.33500 -0.19000 0.11000
v 0.34000 -0.19000 0.11000
v 0.34000 -0.18500 0.11000
v 0.33500 -0.18500 0.11000
v 0.33500 -0.19000 0.11000
v 0.34000 -0.19000 0.11000
v 0.34000 -0.18500 0.11000
v 0.33500 -0.18500 0.11000
v 0.33500 -0.19000 0.11500
v 0.34000 -0.19000 0.11500
v 0.34000 -0.18500 0.11500
v 0.33500 -0.18500 0.11500
v 0.33500 -0.19000 0.11500
v 0.34000 -0.19000 0.11500
v 0.34000 -0.18500 0.11500
v 0.33500 -0.18500 0.11500
v 0.33500 -0.19000 0.12000
v 0.34000 -0.19000 0.12000
v 0.34000 -0.18500 0.12000
v 0.33500 -0.18500 0.12000
v 0.33500 -0.18500 0.08500
v 0.34000 -0.18500 0.08500
v 0.34000 -0.18000 0.08500
v 0.33500 -0.18000 0.08500
v 0.33500 -0.18500 0.09000
v 0.34000 -0.18500 0.09000
v 0.34000 -0.18000 0.09000
v 0.33500 -0.18000 0.09000
v 0.33500 -0.18500 0.09000
v 0.34000 -0.18500 0.09000
v 0.34000 -0.18000 0.09000
v 0.33500 -0.18000 0.09000
v 0.33500 -0.18500 0.09500
v 0.34000 -0.18500 0.09500
v 0.34000 -0.18000 0.09500
v 0.33500 -0.18000 0.09500
v 0.33500 -0.18500 0.09500
v 0.34000 -0.18500 0.09500
v 0.34000 -0.18000 0.09500
v 0.33500 -0.18000 0.09500
v 0.33500 -0.18500 0.10000
v 0.34000 -0.18500 0.10000
v 0.34000 -0.18000 0.10000
v 0.33500 -0.18000 0.10000
v 0.33500 -0.18500 0.10000
v 0.34000 -0.18500 0.10000
v 0.34000 -0.18000 0.10000
v 0.33500 -0.18000 0.10000
v 0.33500 -0.18500 0.10500
v 0.34000 -0.18500 0.10500
v 0.34000 -0.18000 0.10500
v 0.33500 -0.18000 0.10500
v 0.33500 -0.18500 0.10500
v 0.34000 -0.18500 0.10500
v 0.34000 -0.18000 0.10500
v 0.33500 -0.18000 0.10500
v 0.33500 -0.18500 0.11000
v 0.34000 -0.18500 0.11000
v 0.34000 -0.18000 0.11000
v 0.33500 -0.18000 0.11000
v 0.33500 -0.18500 0.11000
v 0.34000 -0.18500 0.11000
v 0.34000 -0.18000 0.11000
v 0.33500 -0.18000 0.11000
v 0.33500 -0.18500 0.11500
v 0.34000 -0.18500 0.11500
v 0.34000 -0.18000 0.11500
v 0.33500 -0.18000 0.11500
v 0.33500 -0.18500 0.11500
v 0.34000 -0.18500 0.11500
v 0.34000 -0.18000 0.11500
v 0.33500 -0.18000 0.11500
v 0.33500 -0.18500 0.12000
v 0.34000 -0.18500 0.12000
v 0.34000 -0.18000 0.12000
v 0.33500 -0.18000 0.12000
v 0.33500 -0.18500 0.12000
v 0.34000 -0.18500 0.12000
v 0.34000 -0.18000 0.12000
v 0.33500 -0.18000 0.12000
v 0.33500 -0.18500 0.12500
v 0.34000 -0.18500 0.12500
v 0.34000 -0.18000 0.12500
v 0.33500 -0.18000 0.12500
v 0.33500 -0.18500 0.12500
v 0.34000 -0.18500 0.12500
v 0.34000 -0.18000 0.12500
v 0.33500 -0.18000 0.12500
v 0.33500 -0.18500 0.13000
v 0.34000 -0.18500 0.13000
v 0.34000 -0.18000 0.13000
v 0.33500 -0.18000 0.13000
v 0.33500 -0.18500 0.13000
v 0.34000 -0.18500 0.13000
v 0.34000 -0.18000 0.13000
v 0.33500 -0.18000 0.13000
v 0.33500 -0.18500 0.13500
v 0.34000 -0.18500 0.13500
v 0.34000 -0.18000 0.13500
v 0.33500 -0.18000 0.13500
v 0.33500 -0.18000 0.09500
v 0.34000 -0.18000 0.09500
v 0.34000 -0.17500 0.09500
v 0.33500 -0.17500 0.09500
v 0.33500 -0.18000 0.10000
v 0.34000 -0.18000 0.10000
v 0.34000 -0.17500 0.10000
v 0.33500 -0.17500 0.10000
v 0.33500 -0.18000 0.10000
v 0.34000 -0.18000 0.10000
v 0.34000 -0.17500 0.10000
v 0.33500 -0.17500 0.10000
v 0.33500 -0.18000 0.10500
v 0.34000 -0.18000 0.10500
v 0.34000 -0.17500 0.10500
v 0.33500 -0.17500 0.10500
v 0.33500 -0.18000 0.10500
v 0.34000 -0.18000 0.10500
v 0.34000 -0.17500 0.10500
v 0.33500 -0.17500 0.10500
v 0.33500 -0.18000 0.11000
v 0.34000 -0.18000 0.11000
v 0.34000 -0.17500 0.11000
v 0.33500 -0.17500 0.11000
v 0.33500 -0.18000 0.11000
v 0.34000 -0.18000 0.11000
v 0.34000 -0.17500 0.11000
v 0.33500 -0.17500 0.11000
v 0.33500 -0.18000 0.11500
v 0.34000 -0.18000 0.11500
v 0.34000 -0.17500 0.11500
v 0.33500 -0.17500 0.11500
v 0.33500 -0.18000 0.11500
v 0.34000 -0.18000 0.11500
v 0.34000 -0.17500 0.11500
v 0.33500 -0.17500 0.11500
v 0.33500 -0.18000 0.12000
v 0.34000 -0.18000 0.12000
v 0.34000 -0.17500 0.12000
v 0.33500 -0.17500 0.12000
v 0.33500 -0.18000 0.12000
v 0.34000 -0.18000 0.12000
v 0.34000 -0.17500 0.12000
v 0.33500 -0.17500 0.12000
v 0.33500 -0.18000 0.12500
v 0.34000 -0.18000 0.12500
v 0.34000 -0.17500 0.12500
v 0.33500 -0.17500 0.12500
v 0.33500 -0.18000 0.12500
v 0.34000 -0.18000 0.12500
v 0.34000 -0.17500 0.12500
v 0.33500 -0.17500 0.12500
v 0.33500 -0.18000 0.13000
v 0.34000 -0.18000 0.13000
v 0.34000 -0.17500 0.13000
v 0.33500 -0.17500 0.13000
v 0.33500 -0.18000 0.13000
v 0.34000 -0.18000 0.13000
v 0.34000 -0.17500 0.13000
v 0.33500 -0.17500 0.13000
v 0.33500 -0.18000 0.13500
v 0.34000 -0.18000 0.13500
v 0.34000 -0.17500 0.13500
v 0.33500 -0.17500 0.13500
v 0.33500 -0.18000 0.13500
v 0.34000 -0.18000 0.13500
v 0.34000 -0.17500 0.13500
v 0.33500 -0.17500 0.13500
v 0.33500 -0.18000 0.14000
v 0.34000 -0.18000 0.14000
v 0.34000 -0.17500 0.14000
v 0.33500 -0.17500 0.14000
v 0.33500 -0.18000 0.14000
v 0.34000 -0.18000 0.14000
v 0.34000 -0.17500 0.14000
v 0.33500 -0.17500 0.14000
v 0.33500 -0.18000 0.14500
v 0.34000 -0.18000 0.14500
v 0.34000 -0.17500 0.14500
v 0.33500 -0.17500 0.14500
v 0.33500 -0.17500 0.10500
v 0.34000 -0.17500 0.10500
v 0.34000 -0.17000 0.10500
v 0.33500 -0.17000 0.10500
v 0.33500 -0.17500 0.11000
v 0.34000 -0.17500 0.11000
v 0.34000 -0.17000 0.11000
v 0.33500 -0.17000 0.11000
v 0.33500 -0.17500 0.11000
v 0.34000 -0.17500 0.11000
v 0.34000 -0.17000 0.11000
v 0.33500 -0.17000 0.11000
v 0.33500 -0.17500 0.11500
v 0.34000 -0.17500 0.11500
v 0.34000 -0.17000 0.11500
v 0.33500 -0.17000 0.11500
v 0.33500 -0.17500 0.11500
v 0.34000 -0.17500 0.11500
v 0.34000 -0.17000 0.11500
v 0.33500 -0.17000 0.11500
v 0.33500 -0.17500 0.12000
v 0.34000 -0.17500 0.12000
v 0.34000 -0.17000 0.12000
v 0.33500 -0.17000 0.12000
v 0.33500 -0.17500 0.12000
v 0.34000 -0.17500 0.12000
v 0.34000 -0.17000 0.12000
v 0.33500 -0.17000 0.12000
v 0.33500 -0.17500 0.12500
v 0.34000 -0.17500 0.12500
v 0.34000 -0.17000 0.12500
v 0.33500 -0.17000 0.12500
v 0.33500 -0.17500 0.12500
v 0.34000 -0.17500 0.12500
v 0.34000 -0.17000 0.12500
v 0.33500 -0.17000 0.12500
v 0.33500 -0.17500 0.13000
v 0.34000 -0.17500 0.13000
v 0.34000 -0.17000 0.13000
v 0.33500 -0.17000 0.13000
v 0.33500 -0.17500 0.13000
v 0.34000 -0.17500 0.13000
v 0.34000 -0.17000 0.13000
v 0.33500 -0.17000 0.13000
v 0.33500 -0.17500 0.13500
v 0.34000 -0.17500 0.13500
v 0.34000 -0.17000 0.13500
v 0.33500 -0.17000 0.13500
v 0.33500 -0.17500 0.13500
v 0.34000 -0.17500 0.13500
v 0.34000 -0.17000 0.13500
v 0.33500 -0.17000 0.13500
v 0.33500 -0.17500 0.14000
v 0.34000 -0.17500 0.14000
v 0.34000 -0.17000 0.14000
v 0.33500 -0.17000 0.14000
v 0.33500 -0.17500 0.14000
v 0.34000 -0.17500 0.14000
v 0.34000 -0.17000 0.14000
v 0.33500 -0.17000 0.14000
v 0.33500 -0.17500 0.14500
v 0.34000 -0.17500 0.14500
v 0.34000 -0.17000 0.14500
v 0.33500 -0.17000 0.14500
v 0.33500 -0.17000 0.07500
v 0.34000 -0.17000 0.07500
v 0.34000 -0.16500 0.07500
v 0.33500 -0.16500 0.07500
v 0.33500 -0.17000 0.08000
v 0.34000 -0.17000 0.08000
v 0.34000 -0.16500 0.08000
v 0.33500 -0.16500 0.08000
v 0.33500 -0.17000 0.08000
v 0.34000 -0.17000 0.08000
v 0.34000 -0.16500 0.08000
v 0.33500 -0.16500 0.08000
v 0.33500 -0.17000 0.08500
v 0.34000 -0.17000 0.08500
v 0.34000 -0.16500 0.08500
v 0.33500 -0.16500 0.08500
v 0.33500 -0.17000 0.08500
v 0.34000 -0.17000 0.08500
v 0.34000 -0.16500 0.08500
v 0.33500 -0.16500 0.08500
v 0.33500 -0.17000 0.09000
v 0.34000 -0.17000 0.09000
v 0.34000 -0.16500 0.09000
v 0.33500 -0.16500 0.09000
v 0.33500 -0.17000 0.09000
v 0.34000 -0.17000 0.09000
v 0.34000 -0.16500 0.09000
v 0.33500 -0.16500 0.09000
v 0.33500 -0.17000 0.09500
v 0.34000 -0.17000 0.09500
v 0.34000 -0.16500 0.09500
v 0.33500 -0.16500 0.09500
v 0.33500 -0.17000 0.09500
v 0.34000 -0.17000 0.09500
v 0.34000 -0.16500 0.09500
v 0.33500 -0.16500 0.09500
v 0.33500 -0.17000 0.10000
v 0.34000 -0.17000 0.10000
v 0.34000 -0.16500 0.10000
v 0.33500 -0.16500 0.10000
v 0.33500 -0.17000 0.10000
v 0.34000 -0.17000 0.10000
v 0.34000 -0.16500 0.10000
v 0.33500 -0.16500 0.10000
v 0.33500 -0.17000 0.10500
v 0.34000 -0.17000 0.10500
v 0.34000 -0.16500 0.10500
v 0.33500 -0.16500 0.10500
v 0.33500 -0.17000 0.10500
v 0.34000 -0.17000 0.10500
v 0.34000 -0.16500 0.10500
v 0.33500 -0.16500 0.10500
v 0.33500 -0.17000 0.11000
v 0.34000 -0.17000 0.11000
v 0.34000 -0.16500 0.11000
v 0.33500 -0.16500 0.11000
v 0.33500 -0.17000 0.11000
v 0.34000 -0.17000 0.11000
v 0.34000 -0.16500 0.11000
v 0.33500 -0.16500 0.11000
v 0.33500 -0.17000 0.11500
v 0.34000 -0.17000 0.11500
v 0.34000 -0.16500 0.11500
v 0.33500 -0.16500 0.11500
v 0.33500 -0.16500 0.04000
v 0.34000 -0.16500 0.04000
v 0.34000 -0.16000 0.04000
v 0.33500 -0.16000 0.04000
v 0.33500 -0.16500 0.04500
v 0.34000 -0.16500 0.04500
v 0.34000 -0.16000 0.04500
v 0.33500 -0.16000 0.04500
v 0.33500 -0.16500 0.04500
v 0.34000 -0.16500 0.04500
v 0.34000 -0.16000 0.04500
v 0.33500 -0.16000 0.04500
v 0.33500 -0.16500 0.05000
v 0.34000 -0.16500 0.05000
v 0.34000 -0.16000 0.05000
v 0.33500 -0.16000 0.05000
v 0.33500 -0.16500 0.05000
v 0.34000 -0.16500 0.05000
v 0.34000 -0.16000 0.05000
v 0.33500 -0.16000 0.05000
v 0.33500 -0.16500 0.05500
v 0.34000 -0.16500 0.05500
v 0.34000 -0.16000 0.05500
v 0.33500 -0.16000 0.05500
v 0.33500 -0.16500 0.05500
v 0.34000 -0.16500 0.05500
v 0.34000 -0.16000 0.05500
v 0.33500 -0.16000 0.05500
v 0.33500 -0.16500 0.06000
v 0.34000 -0.16500 0.06000
v 0.34000 -0.16000 0.06000
v 0.33500 -0.16000 0.06000
v 0.33500 -0.16500 0.06000
v 0.34000 -0.16500 0.06000
v 0.34000 -0.16000 0.06000
v 0.33500 -0.16000 0.06000
v 0.33500 -0.16500 0.06500
v 0.34000 -0.16500 0.06500
v 0.34000 -0.16000 0.06500
v 0.33500 -0.16000 0.06500
v 0.33500 -0.16500 0.06500
v 0.34000 -0.16500 0.06500
v 0.34000 -0.16000 0.06500
v 0.33500 -0.16000 0.06500
v 0.33500 -0.16500 0.07000
v 0.34000 -0.16500 0.07000
v 0.34000 -0.16000 0.07000
v 0.33500 -0.16000 0.07000
v 0.33500 -0.16500 0.07000
v 0.34000 -0.16500 0.07000
v 0.34000 -0.16000 0.07000
v 0.33500 -0.16000 0.07000
v 0.33500 -0.16500 0.07500
v 0.34000 -0.16500 0.07500
v 0.34000 -0.16000 0.07500
v 0.33500 -0.16000 0.07500
v 0.33500 -0.16000 0.00000
v 0.34000 -0.16000 0.00000
v 0.34000 -0.15500 0.00000
v 0.33500 -0.15500 0.00000
v 0.33500 -0.16000 0.00500
v 0.34000 -0.16000 0.00500
v 0.34000 -0.15500 0.00500
v 0.33500 -0.15500 0.00500
v 0.33500 -0.16000 0.00500
v 0.34000 -0.16000 0.00500
v 0.34000 -0.15500 0.00500
v 0.33500 -0.15500 0.00500
v 0.33500 -0.16000 0.01000
v 0.34000 -0.16000 0.01000
v 0.34000 -0.15500 0.01000
v 0.33500 -0.15500 0.01000
v 0.33500 -0.16000 0.01500
v 0.34000 -0.16000 0.01500
v 0.34000 -0.15500 0.01500
v 0.33500 -0.15500 0.01500
v 0.33500 -0.16000 0.02000
v 0.34000 -0.16000 0.02000
v 0.34000 -0.15500 0.02000
v 0.33500 -0.15500 0.02000
v 0.33500 -0.16000 0.02000
v 0.34000 -0.16000 0.02000
v 0.34000 -0.15500 0.02000
v 0.33500 -0.15500 0.02000
v 0.33500 -0.16000 0.02500
v 0.34000 -0.16000 0.02500
v 0.34000 -0.15500 0.02500
v 0.33500 -0.15500 0.02500
v 0.33500 -0.16000 0.02500
v 0.34000 -0.16000 0.02500
v 0.34000 -0.15500 0.02500
v 0.33500 -0.15500 0.02500
v 0.33500 -0.16000 0.03000
v 0.34000 -0.16000 0.03000
v 0.34000 -0.15500 0.03000
v 0.33500 -0.15500 0.03000
v 0.33500 -0.16000 0.03000
v 0.34000 -0.16000 0.03000
v 0.34000 -0.15500 0.03000
v 0.33500 -0.15500 0.03000
v 0.33500 -0.16000 0.03500
v 0.34000 -0.16000 0.03500
v 0.34000 -0.15500 0.03500
v 0.33500 -0.15500 0.03500
v 0.33500 -0.16000 0.03500
v 0.34000 -0.16000 0.03500
v 0.34000 -0.15500 0.03500
v 0.33500 -0.15500 0.03500
v 0.33500 -0.16000 0.04000
v 0.34000 -0.16000 0.04000
v 0.34000 -0.15500 0.04000
v 0.33500 -0.15500 0.04000
v 0.33500 -0.15500 0.01000
v 0.34000 -0.15500 0.01000
v 0.34000 -0.15000 0.01000
v 0.33500 -0.15000 0.01000
v 0.33500 -0.15500 0.01500
v 0.34000 -0.15500 0.01500
v 0.34000 -0.15000 0.01500
v 0.33500 -0.15000 0.01500
v 0.34000 -0.21500 0.00500
v 0.34500 -0.21500 0.00500
v 0.34500 -0.21000 0.00500
v 0.34000 -0.21000 0.00500
v 0.34000 -0.21500 0.01000
v 0.34500 -0.21500 0.01000
v 0.34500 -0.21000 0.01000
v 0.34000 -0.21000 0.01000
v 0.34000 -0.21500 0.01000
v 0.34500 -0.21500 0.01000
v 0.34500 -0.21000 0.01000
v 0.34000 -0.21000 0.01000
v 0.34000 -0.21500 0.01500
v 0.34500 -0.21500 0.01500
v 0.34500 -0.21000 0.01500
v 0.34000 -0.21000 0.01500
v 0.34000 -0.21500 0.01500
v 0.34500 -0.21500 0.01500
v 0.34500 -0.21000 0.01500
v 0.34000 -0.21000 0.01500
v 0.34000 -0.21500 0.02000
v 0.34500 -0.21500 0.02000
v 0.34500 -0.21000 0.02000
v 0.34000 -0.21000 0.02000
v 0.34000 -0.21000 0.02000
v 0.34500 -0.21000 0.02000
v 0.34500 -0.20500 0.02000
v 0.34000 -0.20500 0.02000
v 0.34000 -0.21000 0.02500
v 0.34500 -0.21000 0.02500
v 0.34500 -0.20500 0.02500
v 0.34000 -0.20500 0.02500
v 0.34000 -0.21000 0.02500
v 0.34500 -0.21000 0.02500
v 0.34500 -0.20500 0.02500
v 0.34000 -0.20500 0.02500
v 0.34000 -0.21000 0.03000
v 0.34500 -0.21000 0.03000
v 0.34500 -0.20500 0.03000
v 0.34000 -0.20500 0.03000
v 0.34000 -0.21000 0.03000
v 0.34500 -0.21000 0.03000
v 0.34500 -0.20500 0.03000
v 0.34000 -0.20500 0.03000
v 0.34000 -0.21000 0.03500
v 0.34500 -0.21000 0.03500
v 0.34500 -0.20500 0.03500
v 0.34000 -0.20500 0.03500
v 0.34000 -0.21000 0.03500
v 0.34500 -0.21000 0.03500
v 0.34500 -0.20500 0.03500
v 0.34000 -0.20500 0.03500
v 0.34000 -0.21000 0.04000
v 0.34500 -0.21000 0.04000
v 0.34500 -0.20500 0.04000
v 0.34000 -0.20500 0.04000
v 0.34000 -0.21000 0.04000
v 0.34500 -0.21000 0.04000
v 0.34500 -0.20500 0.04000
v 0.34000 -0.20500 0.04000
v 0.34000 -0.21000 0.04500
v 0.34500 -0.21000 0.04500
v 0.34500 -0.20500 0.04500
v 0.34000 -0.20500 0.04500
v 0.34000 -0.21000 0.04500
v 0.34500 -0.21000 0.04500
v 0.34500 -0.20500 0.04500
v 0.34000 -0.20500 0.04500
v 0.34000 -0.21000 0.05000
v 0.34500 -0.21000 0.05000
v 0.34500 -0.20500 0.05000
v 0.34000 -0.20500 0.05000
v 0.34000 -0.21000 0.05000
v 0.34500 -0.21000 0.05000
v 0.34500 -0.20500 0.05000
v 0.34000 -0.20500 0.05000
v 0.34000 -0.21000 0.05500
v 0.34500 -0.21000 0.05500
v 0.34500 -0.20500 0.05500
v 0.34000 -0.20500 0.05500
v 0.34000 -0.21000 0.05500
v 0.34500 -0.21000 0.05500
v 0.34500 -0.20500 0.05500
v 0.34000 -0.20500 0.05500
v 0.34000 -0.21000 0.06000
v 0.34500 -0.21000 0.06000
v 0.34500 -0.20500 0.06000
v 0.34000 -0.20500 0.06000
v 0.34000 -0.21000 0.06000
v 0.34500 -0.21000 0.06000
v 0.34500 -0.20500 0.06000
v 0.34000 -0.20500 0.06000
v 0.34000 -0.21000 0.06500
v 0.34500 -0.21000 0.06500
v 0.34500 -0.20500 0.06500
v 0.34000 -0.20500 0.06500
v 0.34000 -0.21000 0.06500
v 0.34500 -0.21000 0.06500
v 0.34500 -0.20500 0.06500
v 0.34000 -0.20500 0.06500
v 0.34000 -0.21000 0.07000
v 0.34500 -0.21000 0.07000
v 0.34500 -0.20500 0.07000
v 0.34000 -0.20500 0.07000
v 0.34000 -0.20500 0.07000
v 0.34500 -0.20500 0.07000
v 0.34500 -0.20000 0.07000
v 0.34000 -0.20000 0.07000
v 0.34000 -0.20500 0.07500
v 0.34500 -0.20500 0.07500
v 0.34500 -0.20000 0.07500
v 0.34000 -0.20000 0.07500
v 0.34000 -0.20500 0.07500
v 0.34500 -0.20500 0.07500
v 0.34500 -0.20000 0.07500
v 0.34000 -0.20000 0.07500
v 0.34000 -0.20500 0.08000
v 0.34500 -0.20500 0.08000
v 0.34500 -0.20000 0.08000
v 0.34000 -0.20000 0.08000
v 0.34000 -0.20500 0.08000
v 0.34500 -0.20500 0.08000
v 0.34500 -0.20000 0.08000
v 0.34000 -0.20000 0.08000
v 0.34000 -0.20500 0.08500
v 0.34500 -0.20500 0.08500
v 0.34500 -0.20000 0.08500
v 0.34000 -0.20000 0.08500
v 0.34000 -0.20500 0.08500
v 0.34500 -0.20500 0.08500
v 0.34500 -0.20000 0.08500
v 0.34000 -0.20000 0.08500
v 0.34000 -0.20500 0.09000
v 0.34500 -0.20500 0.09000
v 0.34500 -0.20000 0.09000
v 0.34000 -0.20000 0.09000
v 0.34000 -0.20500 0.09000
v 0.34500 -0.20500 0.09000
v 0.34500 -0.20000 0.09000
v 0.34000 -0.20000 0.09000
v 0.34000 -0.20500 0.09500
v 0.34500 -0.20500 0.09500
v 0.34500 -0.20000 0.09500
v 0.34000 -0.20000 0.09500
v 0.34000 -0.20500 0.09500
v 0.34500 -0.20500 0.09500
v 0.34500 -0.20000 0.09500
v 0.34000 -0.20000 0.09500
v 0.34000 -0.20500 0.10000
v 0.34500 -0.20500 0.10000
v 0.34500 -0.20000 0.10000
v 0.34000 -0.20000 0.10000
v 0.34000 -0.20500 0.10000
v 0.34500 -0.20500 0.10000
v 0.34500 -0.20000 0.10000
v 0.34000 -0.20000 0.10000
v 0.34000 -0.20500 0.10500
v 0.34500 -0.20500 0.10500
v 0.34500 -0.20000 0.10500
v 0.34000 -0.20000 0.10500
v 0.34000 -0.20500 0.10500
v 0.34500 -0.20500 0.10500
v 0.34500 -0.20000 0.10500
v 0.34000 -0.20000 0.10500
v 0.34000 -0.20500 0.11000
v 0.34500 -0.20500 0.11000
v 0.34500 -0.20000 0.11000
v 0.34000 -0.20000 0.11000
v 0.34000 -0.20500 0.11000
v 0.34500 -0.20500 0.11000
v 0.34500 -0.20000 0.11000
v 0.34000 -0.20000 0.11000
v 0.34000 -0.20500 0.11500
v 0.34500 -0.20500 0.11500
v 0.34500 -0.20000 0.11500
v 0.34000 -0.20000 0.11500
v 0.34000 -0.20000 0.10500
v 0.34500 -0.20000 0.10500
v 0.34500 -0.19500 0.10500
v 0.34000 -0.19500 0.10500
v 0.34000 -0.20000 0.11000
v 0.34500 -0.20000 0.11000
v 0.34500 -0.19500 0.11000
v 0.34000 -0.19500 0.11000
v 0.34000 -0.20000 0.11000
v 0.34500 -0.20000 0.11000
v 0.34500 -0.19500 0.11000
v 0.34000 -0.19500 0.11000
v 0.34000 -0.20000 0.11500
v 0.34500 -0.20000 0.11500
v 0.34500 -0.19500 0.11500
v 0.34000 -0.19500 0.11500
v 0.34000 -0.20000 0.11500
v 0.34500 -0.20000 0.11500
v 0.34500 -0.19500 0.11500
v 0.34000 -0.19500 0.11500
v 0.34000 -0.20000 0.12000
v 0.34500 -0.20000 0.12000
v 0.34500 -0.19500 0.12000
v 0.34000 -0.19500 0.12000
v 0.34000 -0.20000 0.12000
v 0.34500 -0.20000 0.12000
v 0.34500 -0.19500 0.12000
v 0.34000 -0.19500 0.12000
v 0.34000 -0.20000 0.12500
v 0.34500 -0.20000 0.12500
v 0.34500 -0.19500 0.12500
v 0.34000 -0.19500 0.12500
v 0.34000 -0.20000 0.12500
v 0.34500 -0.20000 0.12500
v 0.34500 -0.19500 0.12500
v 0.34000 -0.19500 0.12500
v 0.34000 -0.20000 0.13000
v 0.34500 -0.20000 0.13000
v 0.34500 -0.19500 0.13000
v 0.34000 -0.19500 0.13000
v 0.34000 -0.20000 0.13000
v 0.34500 -0.20000 0.13000
v 0.34500 -0.19500 0.13000
v 0.34000 -0.19500 0.13000
v 0.34000 -0.20000 0.13500
v 0.34500 -0.20000 0.13500
v 0.34500 -0.19500 0.13500
v 0.34000 -0.19500 0.13500
v 0.34000 -0.19500 0.11000
v 0.34500 -0.19500 0.11000
v 0.34500 -0.19000 0.11000
v 0.34000 -0.19000 0.11000
v 0.34000 -0.19500 0.11500
v 0.34500 -0.19500 0.11500
v 0.34500 -0.19000 0.11500
v 0.34000 -0.19000 0.11500
v 0.34000 -0.19500 0.11500
v 0.34500 -0.19500 0.11500
v 0.34500 -0.19000 0.11500
v 0.34000 -0.19000 0.11500
v 0.34000 -0.19500 0.12000
v 0.34500 -0.19500 0.12000
v 0.34500 -0.19000 0.12000
v 0.34000 -0.19000 0.12000
v 0.34000 -0.19500 0.12000
v 0.34500 -0.19500 0.12000
v 0.34500 -0.19000 0.12000
v 0.34000 -0.19000 0.12000
v 0.34000 -0.19500 0.12500
v 0.34500 -0.19500 0.12500
v 0.34500 -0.19000 0.12500
v 0.34000 -0.19000 0.12500
v 0.34000 -0.19500 0.12500
v 0.34500 -0.19500 0.12500
v 0.34500 -0.19000 0.12500
v 0.34000 -0.19000 0.12500
v 0.34000 -0.19500 0.13000
v 0.34500 -0.19500 0.13000
v 0.34500 -0.19000 0.13000
v 0.34000 -0.19000 0.13000
v 0.34000 -0.19500 0.13000
v 0.34500 -0.19500 0.13000
v 0.34500 -0.19000 0.13000
v 0.34000 -0.19000 0.13000
v 0.34000 -0.19500 0.13500
v 0.34500 -0.19500 0.13500
v 0.34500 -0.19000 0.13500
v 0.34000 -0.19000 0.13500
v 0.34000 -0.19500 0.13500
v 0.34500 -0.19500 0.13500
v 0.34500 -0.19000 0.13500
v 0.34000 -0.19000 0.13500
v 0.34000 -0.19500 0.14000
v 0.34500 -0.19500 0.14000
v 0.34500 -0.19000 0.14000
v 0.34000 -0.19000 0.14000
v 0.34000 -0.19500 0.14000
v 0.34500 -0.19500 0.14000
v 0.34500 -0.19000 0.14000
v 0.34000 -0.19000 0.14000
v 0.34000 -0.19500 0.14500
v 0.34500 -0.19500 0.14500
v 0.34500 -0.19000 0.14500
v 0.34000 -0.19000 0.14500
v 0.34000 -0.19000 0.12000
v 0.34500 -0.19000 0.12000
v 0.34500 -0.18500 0.12000
v 0.34000 -0.18500 0.12000
v 0.34000 -0.19000 0.12500
v 0.34500 -0.19000 0.12500
v 0.34500 -0.18500 0.12500
v 0.34000 -0.18500 0.12500
v 0.34000 -0.19000 0.12500
v 0.34500 -0.19000 0.12500
v 0.34500 -0.18500 0.12500
v 0.34000 -0.18500 0.12500
v 0.34000 -0.19000 0.13000
v 0.34500 -0.19000 0.13000
v 0.34500 -0.18500 0.13000
v 0.34000 -0.18500 0.13000
v 0.34000 -0.19000 0.13000
v 0.34500 -0.19000 0.13000
v 0.34500 -0.18500 0.13000
v 0.34000 -0.18500 0.13000
v 0.34000 -0.19000 0.13500
v 0.34500 -0.19000 0.13500
v 0.34500 -0.18500 0.13500
v 0.34000 -0.18500 0.13500
v 0.34000 -0.19000 0.13500
v 0.34500 -0.19000 0.13500
v 0.34500 -0.18500 0.13500
v 0.34000 -0.18500 0.13500
v 0.34000 -0.19000 0.14000
v 0.34500 -0.19000 0.14000
v 0.34500 -0.18500 0.14000
v 0.34000 -0.18500 0.14000
v 0.34000 -0.19000 0.14000
v 0.34500 -0.19000 0.14000
v 0.34500 -0.18500 0.14000
v 0.34000 -0.18500 0.14000
v 0.34000 -0.19000 0.14500
v 0.34500 -0.19000 0.14500
v 0.34500 -0.18500 0.14500
v 0.34000 -0.18500 0.14500
v 0.34000 -0.19000 0.14500
v 0.34500 -0.19000 0.14500
v 0.34500 -0.18500 0.14500
v 0.34000 -0.18500 0.14500
v 0.34000 -0.19000 0.15000
v 0.34500 -0.19000 0.15000
v 0.34500 -0.18500 0.15000
v 0.34000 -0.18500 0.15000
v 0.34000 -0.19000 0.15000
v 0.34500 -0.19000 0.15000
v 0.34500 -0.18500 0.15000
v 0.34000 -0.18500 0.15000
v 0.34000 -0.19000 0.15500
v 0.34500 -0.19000 0.15500
v 0.34500 -0.18500 0.15500
v 0.34000 -0.18500 0.15500
v 0.34000 -0.18500 0.13500
v 0.34500 -0.18500 0.13500
v 0.34500 -0.18000 0.13500
v 0.34000 -0.18000 0.13500
v 0.34000 -0.18500 0.14000
v 0.34500 -0.18500 0.14000
v 0.34500 -0.18000 0.14000
v 0.34000 -0.18000 0.14000
v 0.34000 -0.18500 0.14000
v 0.34500 -0.18500 0.14000
v 0.34500 -0.18000 0.14000
v 0.34000 -0.18000 0.14000
v 0.34000 -0.18500 0.14500
v 0.34500 -0.18500 0.14500
v 0.34500 -0.18000 0.14500
v 0.34000 -0.18000 0.14500
v 0.34000 -0.18500 0.14500
v 0.34500 -0.18500 0.14500
v 0.34500 -0.18000 0.14500
v 0.34000 -0.18000 0.14500
v 0.34000 -0.18500 0.15000
v 0.34500 -0.18500 0.15000
v 0.34500 -0.18000 0.15000
v 0.34000 -0.18000 0.15000
v 0.34000 -0.18500 0.15000
v 0.34500 -0.18500 0.15000
v 0.34500 -0.18000 0.15000
v 0.34000 -0.18000 0.15000
v 0.34000 -0.18500 0.15500
v 0.34500 -0.18500 0.15500
v 0.34500 -0.18000 0.15500
v 0.34000 -0.18000 0.15500
v 0.34000 -0.18500 0.15500
v 0.34500 -0.18500 0.15500
v 0.34500 -0.18000 0.15500
v 0.34000 -0.18000 0.15500
v 0.34000 -0.18500 0.16000
v 0.34500 -0.18500 0.16000
v 0.34500 -0.18000 0.16000
v 0.34000 -0.18000 0.16000
v 0.34000 -0.18500 0.16000
v 0.34500 -0.18500 0.16000
v 0.34500 -0.18000 0.16000
v 0.34000 -0.18000 0.16000
v 0.34000 -0.18500 0.16500
v 0.34500 -0.18500 0.16500
v 0.34500 -0.18000 0.16500
v 0.34000 -0.18000 0.16500
v 0.34000 -0.18000 0.14500
v 0.34500 -0.18000 0.14500
v 0.34500 -0.17500 0.14500
v 0.34000 -0.17500 0.14500
v 0.34000 -0.18000 0.15000
v 0.34500 -0.18000 0.15000
v 0.34500 -0.17500 0.15000
v 0.34000 -0.17500 0.15000
v 0.34000 -0.18000 0.15000
v 0.34500 -0.18000 0.15000
v 0.34500 -0.17500 0.15000
v 0.34000 -0.17500 0.15000
v 0.34000 -0.18000 0.15500
v 0.34500 -0.18000 0.15500
v 0.34500 -0.17500 0.15500
v 0.34000 -0.17500 0.15500
v 0.34000 -0.18000 0.15500
v 0.34500 -0.18000 0.15500
v 0.34500 -0.17500 0.15500
v 0.34000 -0.17500 0.15500
v 0.34000 -0.18000 0.16000
v 0.34500 -0.18000 0.16000
v 0.34500 -0.17500 0.16000
v 0.34000 -0.17500 0.16000
v 0.34000 -0.18000 0.16000
v 0.34500 -0.18000 0.16000
v 0.34500 -0.17500 0.16000
v 0.34000 -0.17500 0.16000
v 0.34000 -0.18000 0.16500
v 0.34500 -0.18000 0.16500
v 0.34500 -0.17500 0.16500
v 0.34000 -0.17500 0.16500
v 0.34000 -0.18000 0.16500
v 0.34500 -0.18000 0.16500
v 0.34500 -0.17500 0.16500
v 0.34000 -0.17500 0.16500
v 0.34000 -0.18000 0.17000
v 0.34500 -0.18000 0.17000
v 0.34500 -0.17500 0.17000
v 0.34000 -0.17500 0.17000
v 0.34000 -0.18000 0.17000
v 0.34500 -0.18000 0.17000
v 0.34500 -0.17500 0.17000
v 0.34000 -0.17500 0.17000
v 0.34000 -0.18000 0.17500
v 0.34500 -0.18000 0.17500
v 0.34500 -0.17500 0.17500
v 0.34000 -0.17500 0.17500
v 0.34000 -0.18000 0.17500
v 0.34500 -0.18000 0.17500
v 0.34500 -0.17500 0.17500
v 0.34000 -0.17500 0.17500
v 0.34000 -0.18000 0.18000
v 0.34500 -0.18000 0.18000
v 0.34500 -0.17500 0.18000
v 0.34000 -0.17500 0.18000
v 0.34000 -0.17500 0.14500
v 0.34500 -0.17500 0.14500
v 0.34500 -0.17000 0.14500
v 0.34000 -0.17000 0.14500
v 0.34000 -0.17500 0.15000
v 0.34500 -0.17500 0.15000
v 0.34500 -0.17000 0.15000
v 0.34000 -0.17000 0.15000
v 0.34000 -0.17500 0.15000
v 0.34500 -0.17500 0.15000
v 0.34500 -0.17000 0.15000
v 0.34000 -0.17000 0.15000
v 0.34000 -0.17500 0.15500
v 0.34500 -0.17500 0.15500
v 0.34500 -0.17000 0.15500
v 0.34000 -0.17000 0.15500
v 0.34000 -0.17500 0.15500
v 0.34500 -0.17500 0.15500
v 0.34500 -0.17000 0.15500
v 0.34000 -0.17000 0.15500
v 0.34000 -0.17500 0.16000
v 0.34500 -0.17500 0.16000
v 0.34500 -0.17000 0.16000
v 0.34000 -0.17000 0.16000
v 0.34000 -0.17500 0.16000
v 0.34500 -0.17500 0.16000
v 0.34500 -0.17000 0.16000
v 0.34000 -0.17000 0.16000
v 0.34000 -0.17500 0.16500
v 0.34500 -0.17500 0.16500
v 0.34500 -0.17000 0.16500
v 0.34000 -0.17000 0.16500
v 0.34000 -0.17500 0.16500
v 0.34500 -0.17500 0.16500
v 0.34500 -0.17000 0.16500
v 0.34000 -0.17000 0.16500
v 0.34000 -0.17500 0.17000
v 0.34500 -0.17500 0.17000
v 0.34500 -0.17000 0.17000
v 0.34000 -0.17000 0.17000
v 0.34000 -0.17500 0.17000
v 0.34500 -0.17500 0.17000
v 0.34500 -0.17000 0.17000
v 0.34000 -0.17000 0.17000
v 0.34000 -0.17500 0.17500
v 0.34500 -0.17500 0.17500
v 0.34500 -0.17000 0.17500
v 0.34000 -0.17000 0.17500
v 0.34000 -0.17000 0.11000
v 0.34500 -0.17000 0.11000
v 0.34500 -0.16500 0.11000
v 0.34000 -0.16500 0.11000
v 0.34000 -0.17000 0.11500
v 0.34500 -0.17000 0.11500
v 0.34500 -0.16500 0.11500
v 0.34000 -0.16500 0.11500
v 0.34000 -0.17000 0.11500
v 0.34500 -0.17000 0.11500
v 0.34500 -0.16500 0.11500
v 0.34000 -0.16500 0.11500
v 0.34000 -0.17000 0.12000
v 0.34500 -0.17000 0.12000
v 0.34500 -0.16500 0.12000
v 0.34000 -0.16500 0.12000
v 0.34000 -0.17000 0.12000
v 0.34500 -0.17000 0.12000
v 0.34500 -0.16500 0.12000
v 0.34000 -0.16500 0.12000
v 0.34000 -0.17000 0.12500
v 0.34500 -0.17000 0.12500
v 0.34500 -0.16500 0.12500
v 0.34000 -0.16500 0.12500
v 0.34000 -0.17000 0.12500
v 0.34500 -0.17000 0.12500
v 0.34500 -0.16500 0.12500
v 0.34000 -0.16500 0.12500
v 0.34000 -0.17000 0.13000
v 0.34500 -0.17000 0.13000
v 0.34500 -0.16500 0.13000
v 0.34000 -0.16500 0.13000
v 0.34000 -0.17000 0.13000
v 0.34500 -0.17000 0.13000
v 0.34500 -0.16500 0.13000
v 0.34000 -0.16500 0.13000
v 0.34000 -0.17000 0.13500
v 0.34500 -0.17000 0.13500
v 0.34500 -0.16500 0.13500
v 0.34000 -0.16500 0.13500
v 0.34000 -0.17000 0.13500
v 0.34500 -0.17000 0.13500
v 0.34500 -0.16500 0.13500
v 0.34000 -0.16500 0.13500
v 0.34000 -0.17000 0.14000
v 0.34500 -0.17000 0.14000
v 0.34500 -0.16500 0.14000
v 0.34000 -0.16500 0.14000
v 0.34000 -0.17000 0.14000
v 0.34500 -0.17000 0.14000
v 0.34500 -0.16500 0.14000
v 0.34000 -0.16500 0.14000
v 0.34000 -0.17000 0.14500
v 0.34500 -0.17000 0.14500
v 0.34500 -0.16500 0.14500
v 0.34000 -0.16500 0.14500
v 0.34000 -0.16500 0.07500
v 0.34500 -0.16500 0.07500
v 0.34500 -0.16000 0.07500
v 0.34000 -0.16000 0.07500
v 0.34000 -0.16500 0.08000
v 0.34500 -0.16500 0.08000
v 0.34500 -0.16000 0.08000
v 0.34000 -0.16000 0.08000
v 0.34000 -0.16500 0.08000
v 0.34500 -0.16500 0.08000
v 0.34500 -0.16000 0.08000
v 0.34000 -0.16000 0.08000
v 0.34000 -0.16500 0.08500
v 0.34500 -0.16500 0.08500
v 0.34500 -0.16000 0.08500
v 0.34000 -0.16000 0.08500
v 0.34000 -0.16500 0.08500
v 0.34500 -0.16500 0.08500
v 0.34500 -0.16000 0.08500
v 0.34000 -0.16000 0.08500
v 0.34000 -0.16500 0.09000
v 0.34500 -0.16500 0.09000
v 0.34500 -0.16000 0.09000
v 0.34000 -0.16000 0.09000
v 0.34000 -0.16500 0.09000
v 0.34500 -0.16500 0.09000
v 0.34500 -0.16000 0.09000
v 0.34000 -0.16000 0.09000
v 0.34000 -0.16500 0.09500
v 0.34500 -0.16500 0.09500
v 0.34500 -0.16000 0.09500
v 0.34000 -0.16000 0.09500
v 0.34000 -0.16500 0.09500
v 0.34500 -0.16500 0.09500
v 0.34500 -0.16000 0.09500
v 0.34000 -0.16000 0.09500
v 0.34000 -0.16500 0.10000
v 0.34500 -0.16500 0.10000
v 0.34500 -0.16000 0.10000
v 0.34000 -0.16000 0.10000
v 0.34000 -0.16500 0.10000
v 0.34500 -0.16500 0.10000
v 0.34500 -0.16000 0.10000
v 0.34000 -0.16000 0.10000
v 0.34000 -0.16500 0.10500
v 0.34500 -0.16500 0.10500
v 0.34500 -0.16000 0.10500
v 0.34000 -0.16000 0.10500
v 0.34000 -0.16500 0.10500
v 0.34500 -0.16500 0.10500
v 0.34500 -0.16000 0.10500
v 0.34000 -0.16000 0.10500
v 0.34000 -0.16500 0.11000
v 0.34500 -0.16500 0.11000
v 0.34500 -0.16000 0.11000
v 0.34000 -0.16000 0.11000
v 0.34000 -0.16000 0.00000
v 0.34500 -0.16000 0.00000
v 0.34500 -0.15500 0.00000
v 0.34000 -0.15500 0.00000
v 0.34000 -0.16000 0.00500
v 0.34500 -0.16000 0.00500
v 0.34500 -0.15500 0.00500
v 0.34000 -0.15500 0.00500
v 0.34000 -0.16000 0.02000
v 0.34500 -0.16000 0.02000
v 0.34500 -0.15500 0.02000
v 0.34000 -0.15500 0.02000
v 0.34000 -0.16000 0.02500
v 0.34500 -0.16000 0.02500
v 0.34500 -0.15500 0.02500
v 0.34000 -0.15500 0.02500
v 0.34000 -0.16000 0.02500
v 0.34500 -0.16000 0.02500
v 0.34500 -0.15500 0.02500
v 0.34000 -0.15500 0.02500
v 0.34000 -0.16000 0.03000
v 0.34500 -0.16000 0.03000
v 0.34500 -0.15500 0.03000
v 0.34000 -0.15500 0.03000
v 0.34000 -0.16000 0.03000
v 0.34500 -0.16000 0.03000
v 0.34500 -0.15500 0.03000
v 0.34000 -0.15500 0.03000
v 0.34000 -0.16000 0.03500
v 0.34500 -0.16000 0.03500
v 0.34500 -0.15500 0.03500
v 0.34000 -0.15500 0.03500
v 0.34000 -0.16000 0.03500
v 0.34500 -0.16000 0.03500
v 0.34500 -0.15500 0.03500
v 0.34000 -0.15500 0.03500
v 0.34000 -0.16000 0.04000
v 0.34500 -0.16000 0.04000
v 0.34500 -0.15500 0.04000
v 0.34000 -0.15500 0.04000
v 0.34000 -0.16000 0.04000
v 0.34500 -0.16000 0.04000
v 0.34500 -0.15500 0.04000
v 0.34000 -0.15500 0.04000
v 0.34000 -0.16000 0.04500
v 0.34500 -0.16000 0.04500
v 0.34500 -0.15500 0.04500
v 0.34000 -0.15500 0.04500
v 0.34000 -0.16000 0.04500
v 0.34500 -0.16000 0.04500
v 0.34500 -0.15500 0.04500
v 0.34000 -0.15500 0.04500
v 0.34000 -0.16000 0.05000
v 0.34500 -0.16000 0.05000
v 0.34500 -0.15500 0.05000
v 0.34000 -0.15500 0.05000
v 0.34000 -0.16000 0.05000
v 0.34500 -0.16000 0.05000
v 0.34500 -0.15500 0.05000
v 0.34000 -0.15500 0.05000
v 0.34000 -0.16000 0.05500
v 0.34500 -0.16000 0.05500
v 0.34500 -0.15500 0.05500
v 0.34000 -0.15500 0.05500
v 0.34000 -0.16000 0.05500
v 0.34500 -0.16000 0.05500
v 0.34500 -0.15500 0.05500
v 0.34000 -0.15500 0.05500
v 0.34000 -0.16000 0.06000
v 0.34500 -0.16000 0.06000
v 0.34500 -0.15500 0.06000
v 0.34000 -0.15500 0.06000
v 0.34000 -0.16000 0.06000
v 0.34500 -0.16000 0.06000
v 0.34500 -0.15500 0.06000
v 0.34000 -0.15500 0.06000
v 0.34000 -0.16000 0.06500
v 0.34500 -0.16000 0.06500
v 0.34500 -0.15500 0.06500
v 0.34000 -0.15500 0.06500
v 0.34000 -0.16000 0.06500
v 0.34500 -0.16000 0.06500
v 0.34500 -0.15500 0.06500
v 0.34000 -0.15500 0.06500
v 0.34000 -0.16000 0.07000
v 0.34500 -0.16000 0.07000
v 0.34500 -0.15500 0.07000
v 0.34000 -0.15500 0.07000
v 0.34000 -0.16000 0.07000
v 0.34500 -0.16000 0.07000
v 0.34500 -0.15500 0.07000
v 0.34000 -0.15500 0.07000
v 0.34000 -0.16000 0.07500
v 0.34500 -0.16000 0.07500
v 0.34500 -0.15500 0.07500
v 0.34000 -0.15500 0.07500
v 0.34000 -0.15500 0.00500
v 0.34500 -0.15500 0.00500
v 0.34500 -0.15000 0.00500
v 0.34000 -0.15000 0.00500
v 0.34000 -0.15500 0.01000
v 0.34500 -0.15500 0.01000
v 0.34500 -0.15000 0.01000
v 0.34000 -0.15000 0.01000
v 0.34000 -0.15500 0.01000
v 0.34500 -0.15500 0.01000
v 0.34500 -0.15000 0.01000
v 0.34000 -0.15000 0.01000
v 0.34000 -0.15500 0.01500
v 0.34500 -0.15500 0.01500
v 0.34500 -0.15000 0.01500
v 0.34000 -0.15000 0.01500
v 0.34000 -0.15500 0.01500
v 0.34500 -0.15500 0.01500
v 0.34500 -0.15000 0.01500
v 0.34000 -0.15000 0.01500
v 0.34000 -0.15500 0.02000
v 0.34500 -0.15500 0.02000
v 0.34500 -0.15000 0.02000
v 0.34000 -0.15000 0.02000
v 0.34500 -0.21500 0.00000
v 0.35000 -0.21500 0.00000
v 0.35000 -0.21000 0.00000
v 0.34500 -0.21000 0.00000
v 0.34500 -0.21500 0.00500
v 0.35000 -0.21500 0.00500
v 0.35000 -0.21000 0.00500
v 0.34500 -0.21000 0.00500
v 0.34500 -0.21500 0.00500
v 0.35000 -0.21500 0.00500
v 0.35000 -0.21000 0.00500
v 0.34500 -0.21000 0.00500
v 0.34500 -0.21500 0.01000
v 0.35000 -0.21500 0.01000
v 0.35000 -0.21000 0.01000
v 0.34500 -0.21000 0.01000
v 0.34500 -0.21500 0.01000
v 0.35000 -0.21500 0.01000
v 0.35000 -0.21000 0.01000
v 0.34500 -0.21000 0.01000
v 0.34500 -0.21500 0.01500
v 0.35000 -0.21500 0.01500
v 0.35000 -0.21000 0.01500
v 0.34500 -0.21000 0.01500
v 0.34500 -0.21500 0.01500
v 0.35000 -0.21500 0.01500
v 0.35000 -0.21000 0.01500
v 0.34500 -0.21000 0.01500
v 0.34500 -0.21500 0.02000
v 0.35000 -0.21500 0.02000
v 0.35000 -0.21000 0.02000
v 0.34500 -0.21000 0.02000
v 0.34500 -0.21500 0.02000
v 0.35000 -0.21500 0.02000
v 0.35000 -0.21000 0.02000
v 0.34500 -0.21000 0.02000
v 0.34500 -0.21500 0.02500
v 0.35000 -0.21500 0.02500
v 0.35000 -0.21000 0.02500
v 0.34500 -0.21000 0.02500
v 0.34500 -0.21500 0.02500
v 0.35000 -0.21500 0.02500
v 0.35000 -0.21000 0.02500
v 0.34500 -0.21000 0.02500
v 0.34500 -0.21500 0.03000
v 0.35000 -0.21500 0.03000
v 0.35000 -0.21000 0.03000
v 0.34500 -0.21000 0.03000
v 0.34500 -0.21500 0.03000
v 0.35000 -0.21500 0.03000
v 0.35000 -0.21000 0.03000
v 0.34500 -0.21000 0.03000
v 0.34500 -0.21500 0.03500
v 0.35000 -0.21500 0.03500
v 0.35000 -0.21000 0.03500
v 0.34500 -0.21000 0.03500
v 0.34500 -0.21000 0.03500
v 0.35000 -0.21000 0.03500
v 0.35000 -0.20500 0.03500
v 0.34500 -0.20500 0.03500
v 0.34500 -0.21000 0.04000
v 0.35000 -0.21000 0.04000
v 0.35000 -0.20500 0.04000
v 0.34500 -0.20500 0.04000
v 0.34500 -0.21000 0.04000
v 0.35000 -0.21000 0.04000
v 0.35000 -0.20500 0.04000
v 0.34500 -0.20500 0.04000
v 0.34500 -0.21000 0.04500
v 0.35000 -0.21000 0.04500
v 0.35000 -0.20500 0.04500
v 0.34500 -0.20500 0.04500
v 0.34500 -0.21000 0.04500
v 0.35000 -0.21000 0.04500
v 0.35000 -0.20500 0.04500
v 0.34500 -0.20500 0.04500
v 0.34500 -0.21000 0.05000
v 0.35000 -0.21000 0.05000
v 0.35000 -0.20500 0.05000
v 0.34500 -0.20500 0.05000
v 0.34500 -0.21000 0.05000
v 0.35000 -0.21000 0.05000
v 0.35000 -0.20500 0.05000
v 0.34500 -0.20500 0.05000
v 0.34500 -0.21000 0.05500
v 0.35000 -0.21000 0.05500
v 0.35000 -0.20500 0.05500
v 0.34500 -0.20500 0.05500
v 0.34500 -0.21000 0.05500
v 0.35000 -0.21000 0.05500
v 0.35000 -0.20500 0.05500
v 0.34500 -0.20500 0.05500
v 0.34500 -0.21000 0.06000
v 0.35000 -0.21000 0.06000
v 0.35000 -0.20500 0.06000
v 0.34500 -0.20500 0.06000
v 0.34500 -0.21000 0.06000
v 0.35000 -0.21000 0.06000
v 0.35000 -0.20500 0.06000
v 0.34500 -0.20500 0.06000
v 0.34500 -0.21000 0.06500
v 0.35000 -0.21000 0.06500
v 0.35000 -0.20500 0.06500
v 0.34500 -0.20500 0.06500
v 0.34500 -0.21000 0.06500
v 0.35000 -0.21000 0.06500
v 0.35000 -0.20500 0.06500
v 0.34500 -0.20500 0.06500
v 0.34500 -0.21000 0.07000
v 0.35000 -0.21000 0.07000
v 0.35000 -0.20500 0.07000
v 0.34500 -0.20500 0.07000
v 0.34500 -0.21000 0.07000
v 0.35000 -0.21000 0.07000
v 0.35000 -0.20500 0.07000
v 0.34500 -0.20500 0.07000
v 0.34500 -0.21000 0.07500
v 0.35000 -0.21000 0.07500
v 0.35000 -0.20500 0.07500
v 0.34500 -0.20500 0.07500
v 0.34500 -0.21000 0.07500
v 0.35000 -0.21000 0.07500
v 0.35000 -0.20500 0.07500
v 0.34500 -0.20500 0.07500
v 0.34500 -0.21000 0.08000
v 0.35000 -0.21000 0.08000
v 0.35000 -0.20500 0.08000
v 0.34500 -0.20500 0.08000
v 0.34500 -0.21000 0.08000
v 0.35000 -0.21000 0.08000
v 0.35000 -0.20500 0.08000
v 0.34500 -0.20500 0.08000
v 0.34500 -0.21000 0.08500
v 0.35000 -0.21000 0.08500
v 0.35000 -0.20500 0.08500
v 0.34500 -0.20500 0.08500
v 0.34500 -0.21000 0.08500
v 0.35000 -0.21000 0.08500
v 0.35000 -0.20500 0.08500
v 0.34500 -0.20500 0.08500
v 0.34500 -0.21000 0.09000
v 0.35000 -0.21000 0.09000
v 0.35000 -0.20500 0.09000
v 0.34500 -0.20500 0.09000
v 0.34500 -0.21000 0.09000
v 0.35000 -0.21000 0.09000
v 0.35000 -0.20500 0.09000
v 0.34500 -0.20500 0.09000
v 0.34500 -0.21000 0.09500
v 0.35000 -0.21000 0.09500
v 0.35000 -0.20500 0.09500
v 0.34500 -0.20500 0.09500
v 0.34500 -0.21000 0.09500
v 0.35000 -0.21000 0.09500
v 0.35000 -0.20500 0.09500
v 0.34500 -0.20500 0.09500
v 0.34500 -0.21000 0.10000
v 0.35000 -0.21000 0.10000
v 0.35000 -0.20500 0.10000
v 0.34500 -0.20500 0.10000
v 0.34500 -0.21000 0.10000
v 0.35000 -0.21000 0.10000
v 0.35000 -0.20500 0.10000
v 0.34500 -0.20500 0.10000
v 0.34500 -0.21000 0.10500
v 0.35000 -0.21000 0.10500
v 0.35000 -0.20500 0.10500
v 0.34500 -0.20500 0.10500
v 0.34500 -0.20500 0.10500
v 0.35000 -0.20500 0.10500
v 0.35000 -0.20000 0.10500
v 0.34500 -0.20000 0.10500
v 0.34500 -0.20500 0.11000
v 0.35000 -0.20500 0.11000
v 0.35000 -0.20000 0.11000
v 0.34500 -0.20000 0.11000
v 0.34500 -0.20500 0.11000
v 0.35000 -0.20500 0.11000
v 0.35000 -0.20000 0.11000
v 0.34500 -0.20000 0.11000
v 0.34500 -0.20500 0.11500
v 0.35000 -0.20500 0.11500
v 0.35000 -0.20000 0.11500
v 0.34500 -0.20000 0.11500
v 0.34500 -0.20500 0.11500
v 0.35000 -0.20500 0.11500
v 0.35000 -0.20000 0.11500
v 0.34500 -0.20000 0.11500
v 0.34500 -0.20500 0.12000
v 0.35000 -0.20500 0.12000
v 0.35000 -0.20000 0.12000
v 0.34500 -0.20000 0.12000
v 0.34500 -0.20500 0.12000
v 0.35000 -0.20500 0.12000
v 0.35000 -0.20000 0.12000
v 0.34500 -0.20000 0.12000
v 0.34500 -0.20500 0.12500
v 0.35000 -0.20500 0.12500
v 0.35000 -0.20000 0.12500
v 0.34500 -0.20000 0.12500
v 0.34500 -0.20500 0.12500
v 0.35000 -0.20500 0.12500
v 0.35000 -0.20000 0.12500
v 0.34500 -0.20000 0.12500
v 0.34500 -0.20500 0.13000
v 0.35000 -0.20500 0.13000
v 0.35000 -0.20000 0.13000
v 0.34500 -0.20000 0.13000
v 0.34500 -0.20500 0.13000
v 0.35000 -0.20500 0.13000
v 0.35000 -0.20000 0.13000
v 0.34500 -0.20000 0.13000
v 0.34500 -0.20500 0.13500
v 0.35000 -0.20500 0.13500
v 0.35000 -0.20000 0.13500
v 0.34500 -0.20000 0.13500
v 0.34500 -0.20500 0.13500
v 0.35000 -0.20500 0.13500
v 0.35000 -0.20000 0.13500
v 0.34500 -0.20000 0.13500
v 0.34500 -0.20500 0.14000
v 0.35000 -0.20500 0.14000
v 0.35000 -0.20000 0.14000
v 0.34500 -0.20000 0.14000
v 0.34500 -0.20500 0.14000
v 0.35000 -0.20500 0.14000
v 0.35000 -0.20000 0.14000
v 0.34500 -0.20000 0.14000
v 0.34500 -0.20500 0.14500
v 0.35000 -0.20500 0.14500
v 0.35000 -0.20000 0.14500
v 0.34500 -0.20000 0.14500
v 0.34500 -0.20000 0.13500
v 0.35000 -0.20000 0.13500
v 0.35000 -0.19500 0.13500
v 0.34500 -0.19500 0.13500
v 0.34500 -0.20000 0.14000
v 0.35000 -0.20000 0.14000
v 0.35000 -0.19500 0.14000
v 0.34500 -0.19500 0.14000
v 0.34500 -0.20000 0.14000
v 0.35000 -0.20000 0.14000
v 0.35000 -0.19500 0.14000
v 0.34500 -0.19500 0.14000
v 0.34500 -0.20000 0.14500
v 0.35000 -0.20000 0.14500
v 0.35000 -0.19500 0.14500
v 0.34500 -0.19500 0.14500
v 0.34500 -0.20000 0.14500
v 0.35000 -0.20000 0.14500
v 0.35000 -0.19500 0.14500
v 0.34500 -0.19500 0.14500
v 0.34500 -0.20000 0.15000
v 0.35000 -0.20000 0.15000
v 0.35000 -0.19500 0.15000
v 0.34500 -0.19500 0.15000
v 0.34500 -0.20000 0.15000
v 0.35000 -0.20000 0.15000
v 0.35000 -0.19500 0.15000
v 0.34500 -0.19500 0.15000
v 0.34500 -0.20000 0.15500
v 0.35000 -0.20000 0.15500
v 0.35000 -0.19500 0.15500
v 0.34500 -0.19500 0.15500
v 0.34500 -0.20000 0.15500
v 0.35000 -0.20000 0.15500
v 0.35000 -0.19500 0.15500
v 0.34500 -0.19500 0.15500
v 0.34500 -0.20000 0.16000
v 0.35000 -0.20000 0.16000
v 0.35000 -0.19500 0.16000
v 0.34500 -0.19500 0.16000
v 0.34500 -0.19500 0.14500
v 0.35000 -0.19500 0.14500
v 0.35000 -0.19000 0.14500
v 0.34500 -0.19000 0.14500
v 0.34500 -0.19500 0.15000
v 0.35000 -0.19500 0.15000
v 0.35000 -0.19000 0.15000
v 0.34500 -0.19000 0.15000
v 0.34500 -0.19500 0.15000
v 0.35000 -0.19500 0.15000
v 0.35000 -0.19000 0.15000
v 0.34500 -0.19000 0.15000
v 0.34500 -0.19500 0.15500
v 0.35000 -0.19500 0.15500
v 0.35000 -0.19000 0.15500
v 0.34500 -0.19000 0.15500
v 0.34500 -0.19500 0.15500
v 0.35000 -0.19500 0.15500
v 0.35000 -0.19000 0.15500
v 0.34500 -0.19000 0.15500
v 0.34500 -0.19500 0.16000
v 0.35000 -0.19500 0.16000
v 0.35000 -0.19000 0.16000
v 0.34500 -0.19000 0.16000
v 0.34500 -0.19500 0.16000
v 0.35000 -0.19500 0.16000
v 0.35000 -0.19000 0.16000
v 0.34500 -0.19000 0.16000
v 0.34500 -0.19500 0.16500
v 0.35000 -0.19500 0.16500
v 0.35000 -0.19000 0.16500
v 0.34500 -0.19000 0.16500
v 0.34500 -0.19500 0.16500
v 0.35000 -0.19500 0.16500
v 0.35000 -0.19000 0.16500
v 0.34500 -0.19000 0.16500
v 0.34500 -0.19500 0.17000
v 0.35000 -0.19500 0.17000
v 0.35000 -0.19000 0.17000
v 0.34500 -0.19000 0.17000
v 0.34500 -0.19000 0.15500
v 0.35000 -0.19000 0.15500
v 0.35000 -0.18500 0.15500
v 0.34500 -0.18500 0.15500
v 0.34500 -0.19000 0.16000
v 0.35000 -0.19000 0.16000
v 0.35000 -0.18500 0.16000
v 0.34500 -0.18500 0.16000
v 0.34500 -0.19000 0.16000
v 0.35000 -0.19000 0.16000
v 0.35000 -0.18500 0.16000
v 0.34500 -0.18500 0.16000
v 0.34500 -0.19000 0.16500
v 0.35000 -0.19000 0.16500
v 0.35000 -0.18500 0.16500
v 0.34500 -0.18500 0.16500
v 0.34500 -0.19000 0.16500
v 0.35000 -0.19000 0.16500
v 0.35000 -0.18500 0.16500
v 0.34500 -0.18500 0.16500
v 0.34500 -0.19000 0.17000
v 0.35000 -0.19000 0.17000
v 0.35000 -0.18500 0.17000
v 0.34500 -0.18500 0.17000
v 0.34500 -0.19000 0.17000
v 0.35000 -0.19000 0.17000
v 0.35000 -0.18500 0.17000
v 0.34500 -0.18500 0.17000
v 0.34500 -0.19000 0.17500
v 0.35000 -0.19000 0.17500
v 0.35000 -0.18500 0.17500
v 0.34500 -0.18500 0.17500
v 0.34500 -0.19000 0.17500
v 0.35000 -0.19000 0.17500
v 0.35000 -0.18500 0.17500
v 0.34500 -0.18500 0.17500
v 0.34500 -0.19000 0.18000
v 0.35000 -0.19000 0.18000
v 0.35000 -0.18500 0.18000
v 0.34500 -0.18500 0.18000
v 0.34500 -0.18500 0.16500
v 0.35000 -0.18500 0.16500
v 0.35000 -0.18000 0.16500
v 0.34500 -0.18000 0.16500
v 0.34500 -0.18500 0.17000
v 0.35000 -0.18500 0.17000
v 0.35000 -0.18000 0.17000
v 0.34500 -0.18000 0.17000
v 0.34500 -0.18500 0.17000
v 0.35000 -0.18500 0.17000
v 0.35000 -0.18000 0.17000
v 0.34500 -0.18000 0.17000
v 0.34500 -0.18500 0.17500
v 0.35000 -0.18500 0.17500
v 0.35000 -0.18000 0.17500
v 0.34500 -0.18000 0.17500
v 0.34500 -0.18500 0.17500
v 0.35000 -0.18500 0.17500
v 0.35000 -0.18000 0.17500
v 0.34500 -0.18000 0.17500
v 0.34500 -0.18500 0.18000
v 0.35000 -0.18500 0.18000
v 0.35000 -0.18000 0.18000
v 0.34500 -0.18000 0.18000
v 0.34500 -0.18500 0.18000
v 0.35000 -0.18500 0.18000
v 0.35000 -0.18000 0.18000
v 0.34500 -0.18000 0.18000
v 0.34500 -0.18500 0.18500
v 0.35000 -0.18500 0.18500
v 0.35000 -0.18000 0.18500
v 0.34500 -0.18000 0.18500
v 0.34500 -0.18000 0.18000
v 0.35000 -0.18000 0.18000
v 0.35000 -0.17500 0.18000
v 0.34500 -0.17500 0.18000
v 0.34500 -0.18000 0.18500
v 0.35000 -0.18000 0.18500
v 0.35000 -0.17500 0.18500
v 0.34500 -0.17500 0.18500
v 0.34500 -0.18000 0.18500
v 0.35000 -0.18000 0.18500
v 0.35000 -0.17500 0.18500
v 0.34500 -0.17500 0.18500
v 0.34500 -0.18000 0.19000
v 0.35000 -0.18000 0.19000
v 0.35000 -0.17500 0.19000
v 0.34500 -0.17500 0.19000
v 0.34500 -0.18000 0.19000
v 0.35000 -0.18000 0.19000
v 0.35000 -0.17500 0.19000
v 0.34500 -0.17500 0.19000
v 0.34500 -0.18000 0.19500
v 0.35000 -0.18000 0.19500
v 0.35000 -0.17500 0.19500
v 0.34500 -0.17500 0.19500
v 0.34500 -0.17500 0.17000
v 0.35000 -0.17500 0.17000
v 0.35000 -0.17000 0.17000
v 0.34500 -0.17000 0.17000
v 0.34500 -0.17500 0.17500
v 0.35000 -0.17500 0.17500
v 0.35000 -0.17000 0.17500
v 0.34500 -0.17000 0.17500
v 0.34500 -0.17500 0.17500
v 0.35000 -0.17500 0.17500
v 0.35000 -0.17000 0.17500
v 0.34500 -0.17000 0.17500
v 0.34500 -0.17500 0.18000
v 0.35000 -0.17500 0.18000
v 0.35000 -0.17000 0.18000
v 0.34500 -0.17000 0.18000
v 0.34500 -0.17500 0.18000
v 0.35000 -0.17500 0.18000
v 0.35000 -0.17000 0.18000
v 0.34500 -0.17000 0.18000
v 0.34500 -0.17500 0.18500
v 0.35000 -0.17500 0.18500
v 0.35000 -0.17000 0.18500
v 0.34500 -0.17000 0.18500
v 0.34500 -0.17500 0.18500
v 0.35000 -0.17500 0.18500
v 0.35000 -0.17000 0.18500
v 0.34500 -0.17000 0.18500
v 0.34500 -0.17500 0.19000
v 0.35000 -0.17500 0.19000
v 0.35000 -0.17000 0.19000
v 0.34500 -0.17000 0.19000
v 0.34500 -0.17500 0.19000
v 0.35000 -0.17500 0.19000
v 0.35000 -0.17000 0.19000
v 0.34500 -0.17000 0.19000
v 0.34500 -0.17500 0.19500
v 0.35000 -0.17500 0.19500
v 0.35000 -0.17000 0.19500
v 0.34500 -0.17000 0.19500
v 0.34500 -0.17000 0.14000
v 0.35000 -0.17000 0.14000
v 0.35000 -0.16500 0.14000
v 0.34500 -0.16500 0.14000
v 0.34500 -0.17000 0.14500
v 0.35000 -0.17000 0.14500
v 0.35000 -0.16500 0.14500
v 0.34500 -0.16500 0.14500
v 0.34500 -0.17000 0.14500
v 0.35000 -0.17000 0.14500
v 0.35000 -0.16500 0.14500
v 0.34500 -0.16500 0.14500
v 0.34500 -0.17000 0.15000
v 0.35000 -0.17000 0.15000
v 0.35000 -0.16500 0.15000
v 0.34500 -0.16500 0.15000
v 0.34500 -0.17000 0.15000
v 0.35000 -0.17000 0.15000
v 0.35000 -0.16500 0.15000
v 0.34500 -0.16500 0.15000
v 0.34500 -0.17000 0.15500
v 0.35000 -0.17000 0.15500
v 0.35000 -0.16500 0.15500
v 0.34500 -0.16500 0.15500
v 0.34500 -0.17000 0.15500
v 0.35000 -0.17000 0.15500
v 0.35000 -0.16500 0.15500
v 0.34500 -0.16500 0.15500
v 0.34500 -0.17000 0.16000
v 0.35000 -0.17000 0.16000
v 0.35000 -0.16500 0.16000
v 0.34500 -0.16500 0.16000
v 0.34500 -0.17000 0.16000
v 0.35000 -0.17000 0.16000
v 0.35000 -0.16500 0.16000
v 0.34500 -0.16500 0.16000
v 0.34500 -0.17000 0.16500
v 0.35000 -0.17000 0.16500
v 0.35000 -0.16500 0.16500
v 0.34500 -0.16500 0.16500
v 0.34500 -0.17000 0.16500
v 0.35000 -0.17000 0.16500
v 0.35000 -0.16500 0.16500
v 0.34500 -0.16500 0.16500
v 0.34500 -0.17000 0.17000
v 0.35000 -0.17000 0.17000
v 0.35000 -0.16500 0.17000
v 0.34500 -0.16500 0.17000
v 0.34500 -0.16500 0.10500
v 0.35000 -0.16500 0.10500
v 0.35000 -0.16000 0.10500
v 0.34500 -0.16000 0.10500
v 0.34500 -0.16500 0.11000
v 0.35000 -0.16500 0.11000
v 0.35000 -0.16000 0.11000
v 0.34500 -0.16000 0.11000
v 0.34500 -0.16500 0.11000
v 0.35000 -0.16500 0.11000
v 0.35000 -0.16000 0.11000
v 0.34500 -0.16000 0.11000
v 0.34500 -0.16500 0.11500
v 0.35000 -0.16500 0.11500
v 0.35000 -0.16000 0.11500
v 0.34500 -0.16000 0.11500
v 0.34500 -0.16500 0.11500
v 0.35000 -0.16500 0.11500
v 0.35000 -0.16000 0.11500
v 0.34500 -0.16000 0.11500
v 0.34500 -0.16500 0.12000
v 0.35000 -0.16500 0.12000
v 0.35000 -0.16000 0.12000
v 0.34500 -0.16000 0.12000
v 0.34500 -0.16500 0.12000
v 0.35000 -0.16500 0.12000
v 0.35000 -0.16000 0.12000
v 0.34500 -0.16000 0.12000
v 0.34500 -0.16500 0.12500
v 0.35000 -0.16500 0.12500
v 0.35000 -0.16000 0.12500
v 0.34500 -0.16000 0.12500
v 0.34500 -0.16500 0.12500
v 0.35000 -0.16500 0.12500
v 0.35000 -0.16000 0.12500
v 0.34500 -0.16000 0.12500
v 0.34500 -0.16500 0.13000
v 0.35000 -0.16500 0.13000
v 0.35000 -0.16000 0.13000
v 0.34500 -0.16000 0.13000
v 0.34500 -0.16500 0.13000
v 0.35000 -0.16500 0.13000
v 0.35000 -0.16000 0.13000
v 0.34500 -0.16000 0.13000
v 0.34500 -0.16500 0.13500
v 0.35000 -0.16500 0.13500
v 0.35000 -0.16000 0.13500
v 0.34500 -0.16000 0.13500
v 0.34500 -0.16500 0.13500
v 0.35000 -0.16500 0.13500
v 0.35000 -0.16000 0.13500
v 0.34500 -0.16000 0.13500
v 0.34500 -0.16500 0.14000
v 0.35000 -0.16500 0.14000
v 0.35000 -0.16000 0.14000
v 0.34500 -0.16000 0.14000
v 0.34500 -0.16000 0.03000
v 0.35000 -0.16000 0.03000
v 0.35000 -0.15500 0.03000
v 0.34500 -0.15500 0.03000
v 0.34500 -0.16000 0.03500
v 0.35000 -0.16000 0.03500
v 0.35000 -0.15500 0.03500
v 0.34500 -0.15500 0.03500
v 0.34500 -0.16000 0.03500
v 0.35000 -0.16000 0.03500
v 0.35000 -0.15500 0.03500
v 0.34500 -0.15500 0.03500
v 0.34500 -0.16000 0.04000
v 0.35000 -0.16000 0.04000
v 0.35000 -0.15500 0.04000
v 0.34500 -0.15500 0.04000
v 0.34500 -0.16000 0.04000
v 0.35000 -0.16000 0.04000
v 0.35000 -0.15500 0.04000
v 0.34500 -0.15500 0.04000
v 0.34500 -0.16000 0.04500
v 0.35000 -0.16000 0.04500
v 0.35000 -0.15500 0.04500
v 0.34500 -0.15500 0.04500
v 0.34500 -0.16000 0.04500
v 0.35000 -0.16000 0.04500
v 0.35000 -0.15500 0.04500
v 0.34500 -0.15500 0.04500
v 0.34500 -0.16000 0.05000
v 0.35000 -0.16000 0.05000
v 0.35000 -0.15500 0.05000
v 0.34500 -0.15500 0.05000
v 0.34500 -0.16000 0.05000
v 0.35000 -0.16000 0.05000
v 0.35000 -0.15500 0.05000
v 0.34500 -0.15500 0.05000
v 0.34500 -0.16000 0.05500
v 0.35000 -0.16000 0.05500
v 0.35000 -0.15500 0.05500
v 0.34500 -0.15500 0.05500
v 0.34500 -0.16000 0.05500
v 0.35000 -0.16000 0.05500
v 0.35000 -0.15500 0.05500
v 0.34500 -0.15500 0.05500
v 0.34500 -0.16000 0.06000
v 0.35000 -0.16000 0.06000
v 0.35000 -0.15500 0.06000
v 0.34500 -0.15500 0.06000
v 0.34500 -0.16000 0.06000
v 0.35000 -0.16000 0.06000
v 0.35000 -0.15500 0.06000
v 0.34500 -0.15500 0.06000
v 0.34500 -0.16000 0.06500
v 0.35000 -0.16000 0.06500
v 0.35000 -0.15500 0.06500
v 0.34500 -0.15500 0.06500
v 0.34500 -0.16000 0.06500
v 0.35000 -0.16000 0.06500
v 0.35000 -0.15500 0.06500
v 0.34500 -0.15500 0.06500
v 0.34500 -0.16000 0.07000
v 0.35000 -0.16000 0.07000
v 0.35000 -0.15500 0.07000
v 0.34500 -0.15500 0.07000
v 0.34500 -0.16000 0.07000
v 0.35000 -0.16000 0.07000
v 0.35000 -0.15500 0.07000
v 0.34500 -0.15500 0.07000
v 0.34500 -0.16000 0.07500
v 0.35000 -0.16000 0.07500
v 0.35000 -0.15500 0.07500
v 0.34500 -0.15500 0.07500
v 0.34500 -0.16000 0.07500
v 0.35000 -0.16000 0.07500
v 0.35000 -0.15500 0.07500
v 0.34500 -0.15500 0.07500
v 0.34500 -0.16000 0.08000
v 0.35000 -0.16000 0.08000
v 0.35000 -0.15500 0.08000
v 0.34500 -0.15500 0.08000
v 0.34500 -0.16000 0.08000
v 0.35000 -0.16000 0.08000
v 0.35000 -0.15500 0.08000
v 0.34500 -0.15500 0.08000
v 0.34500 -0.16000 0.08500
v 0.35000 -0.16000 0.08500
v 0.35000 -0.15500 0.08500
v 0.34500 -0.15500 0.08500
v 0.34500 -0.16000 0.08500
v 0.35000 -0.16000 0.08500
v 0.35000 -0.15500 0.08500
v 0.34500 -0.15500 0.08500
v 0.34500 -0.16000 0.09000
v 0.35000 -0.16000 0.09000
v 0.35000 -0.15500 0.09000
v 0.34500 -0.15500 0.09000
v 0.34500 -0.16000 0.09000
v 0.35000 -0.16000 0.09000
v 0.35000 -0.15500 0.09000
v 0.34500 -0.15500 0.09000
v 0.34500 -0.16000 0.09500
v 0.35000 -0.16000 0.09500
v 0.35000 -0.15500 0.09500
v 0.34500 -0.15500 0.09500
v 0.34500 -0.16000 0.09500
v 0.35000 -0.16000 0.09500
v 0.35000 -0.15500 0.09500
v 0.34500 -0.15500 0.09500
v 0.34500 -0.16000 0.10000
v 0.35000 -0.16000 0.10000
v 0.35000 -0.15500 0.10000
v 0.34500 -0.15500 0.10000
v 0.34500 -0.16000 0.10000
v 0.35000 -0.16000 0.10000
v 0.35000 -0.15500 0.10000
v 0.34500 -0.15500 0.10000
v 0.34500 -0.16000 0.10500
v 0.35000 -0.16000 0.10500
v 0.35000 -0.15500 0.10500
v 0.34500 -0.15500 0.10500
v 0.34500 -0.15500 0.00500
v 0.35000 -0.15500 0.00500
v 0.35000 -0.15000 0.00500
v 0.34500 -0.15000 0.00500
v 0.34500 -0.15500 0.01000
v 0.35000 -0.15500 0.01000
v 0.35000 -0.15000 0.01000
v 0.34500 -0.15000 0.01000
v 0.34500 -0.15500 0.01000
v 0.35000 -0.15500 0.01000
v 0.35000 -0.15000 0.01000
v 0.34500 -0.15000 0.01000
v 0.34500 -0.15500 0.01500
v 0.35000 -0.15500 0.01500
v 0.35000 -0.15000 0.01500
v 0.34500 -0.15000 0.01500
v 0.34500 -0.15500 0.01500
v 0.35000 -0.15500 0.01500
v 0.35000 -0.15000 0.01500
v 0.34500 -0.15000 0.01500
v 0.34500 -0.15500 0.02000
v 0.35000 -0.15500 0.02000
v 0.35000 -0.15000 0.02000
v 0.34500 -0.15000 0.02000
v 0.34500 -0.15500 0.02000
v 0.35000 -0.15500 0.02000
v 0.35000 -0.15000 0.02000
v 0.34500 -0.15000 0.02000
v 0.34500 -0.15500 0.02500
v 0.35000 -0.15500 0.02500
v 0.35000 -0.15000 0.02500
v 0.34500 -0.15000 0.02500
v 0.34500 -0.15500 0.02500
v 0.35000 -0.15500 0.02500
v 0.35000 -0.15000 0.02500
v 0.34500 -0.15000 0.02500
v 0.34500 -0.15500 0.03000
v 0.35000 -0.15500 0.03000
v 0.35000 -0.15000 0.03000
v 0.34500 -0.15000 0.03000
v 0.35000 -0.21500 0.00500
v 0.35500 -0.21500 0.00500
v 0.35500 -0.21000 0.00500
v 0.35000 -0.21000 0.00500
v 0.35000 -0.21500 0.01000
v 0.35500 -0.21500 0.01000
v 0.35500 -0.21000 0.01000
v 0.35000 -0.21000 0.01000
v 0.35000 -0.21500 0.01000
v 0.35500 -0.21500 0.01000
v 0.35500 -0.21000 0.01000
v 0.35000 -0.21000 0.01000
v 0.35000 -0.21500 0.01500
v 0.35500 -0.21500 0.01500
v 0.35500 -0.21000 0.01500
v 0.35000 -0.21000 0.01500
v 0.35000 -0.21500 0.01500
v 0.35500 -0.21500 0.01500
v 0.35500 -0.21000 0.01500
v 0.35000 -0.21000 0.01500
v 0.35000 -0.21500 0.02000
v 0.35500 -0.21500 0.02000
v 0.35500 -0.21000 0.02000
v 0.35000 -0.21000 0.02000
v 0.35000 -0.21500 0.02000
v 0.35500 -0.21500 0.02000
v 0.35500 -0.21000 0.02000
v 0.35000 -0.21000 0.02000
v 0.35000 -0.21500 0.02500
v 0.35500 -0.21500 0.02500
v 0.35500 -0.21000 0.02500
v 0.35000 -0.21000 0.02500
v 0.35000 -0.21500 0.03000
v 0.35500 -0.21500 0.03000
v 0.35500 -0.21000 0.03000
v 0.35000 -0.21000 0.03000
v 0.35000 -0.21500 0.03500
v 0.35500 -0.21500 0.03500
v 0.35500 -0.21000 0.03500
v 0.35000 -0.21000 0.03500
v 0.35000 -0.21000 0.03500
v 0.35500 -0.21000 0.03500
v 0.35500 -0.20500 0.03500
v 0.35000 -0.20500 0.03500
v 0.35000 -0.21000 0.04000
v 0.35500 -0.21000 0.04000
v 0.35500 -0.20500 0.04000
v 0.35000 -0.20500 0.04000
v 0.35000 -0.21000 0.04000
v 0.35500 -0.21000 0.04000
v 0.35500 -0.20500 0.04000
v 0.35000 -0.20500 0.04000
v 0.35000 -0.21000 0.04500
v 0.35500 -0.21000 0.04500
v 0.35500 -0.20500 0.04500
v 0.35000 -0.20500 0.04500
v 0.35000 -0.21000 0.04500
v 0.35500 -0.21000 0.04500
v 0.35500 -0.20500 0.04500
v 0.35000 -0.20500 0.04500
v 0.35000 -0.21000 0.05000
v 0.35500 -0.21000 0.05000
v 0.35500 -0.20500 0.05000
v 0.35000 -0.20500 0.05000
v 0.35000 -0.21000 0.05000
v 0.35500 -0.21000 0.05000
v 0.35500 -0.20500 0.05000
v 0.35000 -0.20500 0.05000
v 0.35000 -0.21000 0.05500
v 0.35500 -0.21000 0.05500
v 0.35500 -0.20500 0.05500
v 0.35000 -0.20500 0.05500
v 0.35000 -0.21000 0.05500
v 0.35500 -0.21000 0.05500
v 0.35500 -0.20500 0.05500
v 0.35000 -0.20500 0.05500
v 0.35000 -0.21000 0.06000
v 0.35500 -0.21000 0.06000
v 0.35500 -0.20500 0.06000
v 0.35000 -0.20500 0.06000
v 0.35000 -0.21000 0.06000
v 0.35500 -0.21000 0.06000
v 0.35500 -0.20500 0.06000
v 0.35000 -0.20500 0.06000
v 0.35000 -0.21000 0.06500
v 0.35500 -0.21000 0.06500
v 0.35500 -0.20500 0.06500
v 0.35000 -0.20500 0.06500
v 0.35000 -0.21000 0.06500
v 0.35500 -0.21000 0.06500
v 0.35500 -0.20500 0.06500
v 0.35000 -0.20500 0.06500
v 0.35000 -0.21000 0.07000
v 0.35500 -0.21000 0.07000
v 0.35500 -0.20500 0.07000
v 0.35000 -0.20500 0.07000
v 0.35000 -0.21000 0.07000
v 0.35500 -0.21000 0.07000
v 0.35500 -0.20500 0.07000
v 0.35000 -0.20500 0.07000
v 0.35000 -0.21000 0.07500
v 0.35500 -0.21000 0.07500
v 0.35500 -0.20500 0.07500
v 0.35000 -0.20500 0.07500
v 0.35000 -0.21000 0.07500
v 0.35500 -0.21000 0.07500
v 0.35500 -0.20500 0.07500
v 0.35000 -0.20500 0.07500
v 0.35000 -0.21000 0.08000
v 0.35500 -0.21000 0.08000
v 0.35500 -0.20500 0.08000
v 0.35000 -0.20500 0.08000
v 0.35000 -0.21000 0.08000
v 0.35500 -0.21000 0.08000
v 0.35500 -0.20500 0.08000
v 0.35000 -0.20500 0.08000
v 0.35000 -0.21000 0.08500
v 0.35500 -0.21000 0.08500
v 0.35500 -0.20500 0.08500
v 0.35000 -0.20500 0.08500
v 0.35000 -0.21000 0.08500
v 0.35500 -0.21000 0.08500
v 0.35500 -0.20500 0.08500
v 0.35000 -0.20500 0.08500
v 0.35000 -0.21000 0.09000
v 0.35500 -0.21000 0.09000
v 0.35500 -0.20500 0.09000
v 0.35000 -0.20500 0.09000
v 0.35000 -0.21000 0.09000
v 0.35500 -0.21000 0.09000
v 0.35500 -0.20500 0.09000
v 0.35000 -0.20500 0.09000
v 0.35000 -0.21000 0.09500
v 0.35500 -0.21000 0.09500
v 0.35500 -0.20500 0.09500
v 0.35000 -0.20500 0.09500
v 0.35000 -0.21000 0.09500
v 0.35500 -0.21000 0.09500
v 0.35500 -0.20500 0.09500
v 0.35000 -0.20500 0.09500
v 0.35000 -0.21000 0.10000
v 0.35500 -0.21000 0.10000
v 0.35500 -0.20500 0.10000
v 0.35000 -0.20500 0.10000
v 0.35000 -0.21000 0.10000
v 0.35500 -0.21000 0.10000
v 0.35500 -0.20500 0.10000
v 0.35000 -0.20500 0.10000
v 0.35000 -0.21000 0.10500
v 0.35500 -0.21000 0.10500
v 0.35500 -0.20500 0.10500
v 0.35000 -0.20500 0.10500
v 0.35000 -0.21000 0.10500
v 0.35500 -0.21000 0.10500
v 0.35500 -0.20500 0.10500
v 0.35000 -0.20500 0.10500
v 0.35000 -0.21000 0.11000
v 0.35500 -0.21000 0.11000
v 0.35500 -0.20500 0.11000
v 0.35000 -0.20500 0.11000
v 0.35000 -0.21000 0.11000
v 0.35500 -0.21000 0.11000
v 0.35500 -0.20500 0.11000
v 0.35000 -0.20500 0.11000
v 0.35000 -0.21000 0.11500
v 0.35500 -0.21000 0.11500
v 0.35500 -0.20500 0.11500
v 0.35000 -0.20500 0.11500
v 0.35000 -0.21000 0.11500
v 0.35500 -0.21000 0.11500
v 0.35500 -0.20500 0.11500
v 0.35000 -0.20500 0.11500
v 0.35000 -0.21000 0.12000
v 0.35500 -0.21000 0.12000
v 0.35500 -0.20500 0.12000
v 0.35000 -0.20500 0.12000
v 0.35000 -0.21000 0.12000
v 0.35500 -0.21000 0.12000
v 0.35500 -0.20500 0.12000
v 0.35000 -0.20500 0.12000
v 0.35000 -0.21000 0.12500
v 0.35500 -0.21000 0.12500
v 0.35500 -0.20500 0.12500
v 0.35000 -0.20500 0.12500
v 0.35000 -0.20500 0.12500
v 0.35500 -0.20500 0.12500
v 0.35500 -0.20000 0.12500
v 0.35000 -0.20000 0.12500
v 0.35000 -0.20500 0.13000
v 0.35500 -0.20500 0.13000
v 0.35500 -0.20000 0.13000
v 0.35000 -0.20000 0.13000
v 0.35000 -0.20500 0.13000
v 0.35500 -0.20500 0.13000
v 0.35500 -0.20000 0.13000
v 0.35000 -0.20000 0.13000
v 0.35000 -0.20500 0.13500
v 0.35500 -0.20500 0.13500
v 0.35500 -0.20000 0.13500
v 0.35000 -0.20000 0.13500
v 0.35000 -0.20500 0.13500
v 0.35500 -0.20500 0.13500
v 0.35500 -0.20000 0.13500
v 0.35000 -0.20000 0.13500
v 0.35000 -0.20500 0.14000
v 0.35500 -0.20500 0.14000
v 0.35500 -0.20000 0.14000
v 0.35000 -0.20000 0.14000
v 0.35000 -0.20500 0.14000
v 0.35500 -0.20500 0.14000
v 0.35500 -0.20000 0.14000
v 0.35000 -0.20000 0.14000
v 0.35000 -0.20500 0.14500
v 0.35500 -0.20500 0.14500
v 0.35500 -0.20000 0.14500
v 0.35000 -0.20000 0.14500
v 0.35000 -0.20500 0.14500
v 0.35500 -0.20500 0.14500
v 0.35500 -0.20000 0.14500
v 0.35000 -0.20000 0.14500
v 0.35000 -0.20500 0.15000
v 0.35500 -0.20500 0.15000
v 0.35500 -0.20000 0.15000
v 0.35000 -0.20000 0.15000
v 0.35000 -0.20500 0.15000
v 0.35500 -0.20500 0.15000
v 0.35500 -0.20000 0.15000
v 0.35000 -0.20000 0.15000
v 0.35000 -0.20500 0.15500
v 0.35500 -0.20500 0.15500
v 0.35500 -0.20000 0.15500
v 0.35000 -0.20000 0.15500
v 0.35000 -0.20500 0.15500
v 0.35500 -0.20500 0.15500
v 0.35500 -0.20000 0.15500
v 0.35000 -0.20000 0.15500
v 0.35000 -0.20500 0.16000
v 0.35500 -0.20500 0.16000
v 0.35500 -0.20000 0.16000
v 0.35000 -0.20000 0.16000
v 0.35000 -0.20500 0.16000
v 0.35500 -0.20500 0.16000
v 0.35500 -0.20000 0.16000
v 0.35000 -0.20000 0.16000
v 0.35000 -0.20500 0.16500
v 0.35500 -0.20500 0.16500
v 0.35500 -0.20000 0.16500
v 0.35000 -0.20000 0.16500
v 0.35000 -0.20000 0.16000
v 0.35500 -0.20000 0.16000
v 0.35500 -0.19500 0.16000
v 0.35000 -0.19500 0.16000
v 0.35000 -0.20000 0.16500
v 0.35500 -0.20000 0.16500
v 0.35500 -0.19500 0.16500
v 0.35000 -0.19500 0.16500
v 0.35000 -0.20000 0.16500
v 0.35500 -0.20000 0.16500
v 0.35500 -0.19500 0.16500
v 0.35000 -0.19500 0.16500
v 0.35000 -0.20000 0.17000
v 0.35500 -0.20000 0.17000
v 0.35500 -0.19500 0.17000
v 0.35000 -0.19500 0.17000
v 0.35000 -0.20000 0.17000
v 0.35500 -0.20000 0.17000
v 0.35500 -0.19500 0.17000
v 0.35000 -0.19500 0.17000
v 0.35000 -0.20000 0.17500
v 0.35500 -0.20000 0.17500
v 0.35500 -0.19500 0.17500
v 0.35000 -0.19500 0.17500
v 0.35000 -0.19500 0.17000
v 0.35500 -0.19500 0.17000
v 0.35500 -0.19000 0.17000
v 0.35000 -0.19000 0.17000
v 0.35000 -0.19500 0.17500
v 0.35500 -0.19500 0.17500
v 0.35500 -0.19000 0.17500
v 0.35000 -0.19000 0.17500
v 0.35000 -0.19500 0.17500
v 0.35500 -0.19500 0.17500
v 0.35500 -0.19000 0.17500
v 0.35000 -0.19000 0.17500
v 0.35000 -0.19500 0.18000
v 0.35500 -0.19500 0.18000
v 0.35500 -0.19000 0.18000
v 0.35000 -0.19000 0.18000
v 0.35000 -0.19000 0.18000
v 0.35500 -0.19000 0.18000
v 0.35500 -0.18500 0.18000
v 0.35000 -0.18500 0.18000
v 0.35000 -0.19000 0.18500
v 0.35500 -0.19000 0.18500
v 0.35500 -0.18500 0.18500
v 0.35000 -0.18500 0.18500
v 0.35000 -0.19000 0.18500
v 0.35500 -0.19000 0.18500
v 0.35500 -0.18500 0.18500
v 0.35000 -0.18500 0.18500
v 0.35000 -0.19000 0.19000
v 0.35500 -0.19000 0.19000
v 0.35500 -0.18500 0.19000
v 0.35000 -0.18500 0.19000
v 0.35000 -0.18500 0.18500
v 0.35500 -0.18500 0.18500
v 0.35500 -0.18000 0.18500
v 0.35000 -0.18000 0.18500
v 0.35000 -0.18500 0.19000
v 0.35500 -0.18500 0.19000
v 0.35500 -0.18000 0.19000
v 0.35000 -0.18000 0.19000
v 0.35000 -0.18500 0.19000
v 0.35500 -0.18500 0.19000
v 0.35500 -0.18000 0.19000
v 0.35000 -0.18000 0.19000
v 0.35000 -0.18500 0.19500
v 0.35500 -0.18500 0.19500
v 0.35500 -0.18000 0.19500
v 0.35000 -0.18000 0.19500
v 0.35000 -0.18500 0.19500
v 0.35500 -0.18500 0.19500
v 0.35500 -0.18000 0.19500
v 0.35000 -0.18000 0.19500
v 0.35000 -0.18500 0.20000
v 0.35500 -0.18500 0.20000
v 0.35500 -0.18000 0.20000
v 0.35000 -0.18000 0.20000
v 0.35000 -0.18500 0.20000
v 0.35500 -0.18500 0.20000
v 0.35500 -0.18000 0.20000
v 0.35000 -0.18000 0.20000
v 0.35000 -0.18500 0.20500
v 0.35500 -0.18500 0.20500
v 0.35500 -0.18000 0.20500
v 0.35000 -0.18000 0.20500
v 0.35000 -0.18000 0.19500
v 0.35500 -0.18000 0.19500
v 0.35500 -0.17500 0.19500
v 0.35000 -0.17500 0.19500
v 0.35000 -0.18000 0.20000
v 0.35500 -0.18000 0.20000
v 0.35500 -0.17500 0.20000
v 0.35000 -0.17500 0.20000
v 0.35000 -0.18000 0.20000
v 0.35500 -0.18000 0.20000
v 0.35500 -0.17500 0.20000
v 0.35000 -0.17500 0.20000
v 0.35000 -0.18000 0.20500
v 0.35500 -0.18000 0.20500
v 0.35500 -0.17500 0.20500
v 0.35000 -0.17500 0.20500
v 0.35000 -0.17500 0.19000
v 0.35500 -0.17500 0.19000
v 0.35500 -0.17000 0.19000
v 0.35000 -0.17000 0.19000
v 0.35000 -0.17500 0.19500
v 0.35500 -0.17500 0.19500
v 0.35500 -0.17000 0.19500
v 0.35000 -0.17000 0.19500
v 0.35000 -0.17500 0.19500
v 0.35500 -0.17500 0.19500
v 0.35500 -0.17000 0.19500
v 0.35000 -0.17000 0.19500
v 0.35000 -0.17500 0.20000
v 0.35500 -0.17500 0.20000
v 0.35500 -0.17000 0.20000
v 0.35000 -0.17000 0.20000
v 0.35000 -0.17000 0.17000
v 0.35500 -0.17000 0.17000
v 0.35500 -0.16500 0.17000
v 0.35000 -0.16500 0.17000
v 0.35000 -0.17000 0.17500
v 0.35500 -0.17000 0.17500
v 0.35500 -0.16500 0.17500
v 0.35000 -0.16500 0.17500
v 0.35000 -0.17000 0.17500
v 0.35500 -0.17000 0.17500
v 0.35500 -0.16500 0.17500
v 0.35000 -0.16500 0.17500
v 0.35000 -0.17000 0.18000
v 0.35500 -0.17000 0.18000
v 0.35500 -0.16500 0.18000
v 0.35000 -0.16500 0.18000
v 0.35000 -0.17000 0.18000
v 0.35500 -0.17000 0.18000
v 0.35500 -0.16500 0.18000
v 0.35000 -0.16500 0.18000
v 0.35000 -0.17000 0.18500
v 0.35500 -0.17000 0.18500
v 0.35500 -0.16500 0.18500
v 0.35000 -0.16500 0.18500
v 0.35000 -0.17000 0.18500
v 0.35500 -0.17000 0.18500
v 0.35500 -0.16500 0.18500
v 0.35000 -0.16500 0.18500
v 0.35000 -0.17000 0.19000
v 0.35500 -0.17000 0.19000
v 0.35500 -0.16500 0.19000
v 0.35000 -0.16500 0.19000
v 0.35000 -0.16500 0.12500
v 0.35500 -0.16500 0.12500
v 0.35500 -0.16000 0.12500
v 0.35000 -0.16000 0.12500
v 0.35000 -0.16500 0.13000
v 0.35500 -0.16500 0.13000
v 0.35500 -0.16000 0.13000
v 0.35000 -0.16000 0.13000
v 0.35000 -0.16500 0.13000
v 0.35500 -0.16500 0.13000
v 0.35500 -0.16000 0.13000
v 0.35000 -0.16000 0.13000
v 0.35000 -0.16500 0.13500
v 0.35500 -0.16500 0.13500
v 0.35500 -0.16000 0.13500
v 0.35000 -0.16000 0.13500
v 0.35000 -0.16500 0.13500
v 0.35500 -0.16500 0.13500
v 0.35500 -0.16000 0.13500
v 0.35000 -0.16000 0.13500
v 0.35000 -0.16500 0.14000
v 0.35500 -0.16500 0.14000
v 0.35500 -0.16000 0.14000
v 0.35000 -0.16000 0.14000
v 0.35000 -0.16500 0.14000
v 0.35500 -0.16500 0.14000
v 0.35500 -0.16000 0.14000
v 0.35000 -0.16000 0.14000
v 0.35000 -0.16500 0.14500
v 0.35500 -0.16500 0.14500
v 0.35500 -0.16000 0.14500
v 0.35000 -0.16000 0.14500
v 0.35000 -0.16500 0.14500
v 0.35500 -0.16500 0.14500
v 0.35500 -0.16000 0.14500
v 0.35000 -0.16000 0.14500
v 0.35000 -0.16500 0.15000
v 0.35500 -0.16500 0.15000
v 0.35500 -0.16000 0.15000
v 0.35000 -0.16000 0.15000
v 0.35000 -0.16500 0.15000
v 0.35500 -0.16500 0.15000
v 0.35500 -0.16000 0.15000
v 0.35000 -0.16000 0.15000
v 0.35000 -0.16500 0.15500
v 0.35500 -0.16500 0.15500
v 0.35500 -0.16000 0.15500
v 0.35000 -0.16000 0.15500
v 0.35000 -0.16500 0.15500
v 0.35500 -0.16500 0.15500
v 0.35500 -0.16000 0.15500
v 0.35000 -0.16000 0.15500
v 0.35000 -0.16500 0.16000
v 0.35500 -0.16500 0.16000
v 0.35500 -0.16000 0.16000
v 0.35000 -0.16000 0.16000
v 0.35000 -0.16500 0.16000
v 0.35500 -0.16500 0.16000
v 0.35500 -0.16000 0.16000
v 0.35000 -0.16000 0.16000
v 0.35000 -0.16500 0.16500
v 0.35500 -0.16500 0.16500
v 0.35500 -0.16000 0.16500
v 0.35000 -0.16000 0.16500
v 0.35000 -0.16500 0.16500
v 0.35500 -0.16500 0.16500
v 0.35500 -0.16000 0.16500
v 0.35000 -0.16000 0.16500
v 0.35000 -0.16500 0.17000
v 0.35500 -0.16500 0.17000
v 0.35500 -0.16000 0.17000
v 0.35000 -0.16000 0.17000
v 0.35000 -0.16000 0.04500
v 0.35500 -0.16000 0.04500
v 0.35500 -0.15500 0.04500
v 0.35000 -0.15500 0.04500
v 0.35000 -0.16000 0.05000
v 0.35500 -0.16000 0.05000
v 0.35500 -0.15500 0.05000
v 0.35000 -0.15500 0.05000
v 0.35000 -0.16000 0.05000
v 0.35500 -0.16000 0.05000
v 0.35500 -0.15500 0.05000
v 0.35000 -0.15500 0.05000
v 0.35000 -0.16000 0.05500
v 0.35500 -0.16000 0.05500
v 0.35500 -0.15500 0.05500
v 0.35000 -0.15500 0.05500
v 0.35000 -0.16000 0.05500
v 0.35500 -0.16000 0.05500
v 0.35500 -0.15500 0.05500
v 0.35000 -0.15500 0.05500
v 0.35000 -0.16000 0.06000
v 0.35500 -0.16000 0.06000
v 0.35500 -0.15500 0.06000
v 0.35000 -0.15500 0.06000
v 0.35000 -0.16000 0.06000
v 0.35500 -0.16000 0.06000
v 0.35500 -0.15500 0.06000
v 0.35000 -0.15500 0.06000
v 0.35000 -0.16000 0.06500
v 0.35500 -0.16000 0.06500
v 0.35500 -0.15500 0.06500
v 0.35000 -0.15500 0.06500
v 0.35000 -0.16000 0.06500
v 0.35500 -0.16000 0.06500
v 0.35500 -0.15500 0.06500
v 0.35000 -0.15500 0.06500
v 0.35000 -0.16000 0.07000
v 0.35500 -0.16000 0.07000
v 0.35500 -0.15500 0.07000
v 0.35000 -0.15500 0.07000
v 0.35000 -0.16000 0.07000
v 0.35500 -0.16000 0.07000
v 0.35500 -0.15500 0.07000
v 0.35000 -0.15500 0.07000
v 0.35000 -0.16000 0.07500
v 0.35500 -0.16000 0.07500
v 0.35500 -0.15500 0.07500
v 0.35000 -0.15500 0.07500
v 0.35000 -0.16000 0.07500
v 0.35500 -0.16000 0.07500
v 0.35500 -0.15500 0.07500
v 0.35000 -0.15500 0.07500
v 0.35000 -0.16000 0.08000
v 0.35500 -0.16000 0.08000
v 0.35500 -0.15500 0.08000
v 0.35000 -0.15500 0.08000
v 0.35000 -0.16000 0.08000
v 0.35500 -0.16000 0.08000
v 0.35500 -0.15500 0.08000
v 0.35000 -0.15500 0.08000
v 0.35000 -0.16000 0.08500
v 0.35500 -0.16000 0.08500
v 0.35500 -0.15500 0.08500
v 0.35000 -0.15500 0.08500
v 0.35000 -0.16000 0.08500
v 0.35500 -0.16000 0.08500
v 0.35500 -0.15500 0.08500
v 0.35000 -0.15500 0.08500
v 0.35000 -0.16000 0.09000
v 0.35500 -0.16000 0.09000
v 0.35500 -0.15500 0.09000
v 0.35000 -0.15500 0.09000
v 0.35000 -0.16000 0.09000
v 0.35500 -0.16000 0.09000
v 0.35500 -0.15500 0.09000
v 0.35000 -0.15500 0.09000
v 0.35000 -0.16000 0.09500
v 0.35500 -0.16000 0.09500
v 0.35500 -0.15500 0.09500
v 0.35000 -0.15500 0.09500
v 0.35000 -0.16000 0.09500
v 0.35500 -0.16000 0.09500
v 0.35500 -0.15500 0.09500
v 0.35000 -0.15500 0.09500
v 0.35000 -0.16000 0.10000
v 0.35500 -0.16000 0.10000
v 0.35500 -0.15500 0.10000
v 0.35000 -0.15500 0.10000
v 0.35000 -0.16000 0.10000
v 0.35500 -0.16000 0.10000
v 0.35500 -0.15500 0.10000
v 0.35000 -0.15500 0.10000
v 0.35000 -0.16000 0.10500
v 0.35500 -0.16000 0.10500
v 0.35500 -0.15500 0.10500
v 0.35000 -0.15500 0.10500
v 0.35000 -0.16000 0.10500
v 0.35500 -0.16000 0.10500
v 0.35500 -0.15500 0.10500
v 0.35000 -0.15500 0.10500
v 0.35000 -0.16000 0.11000
v 0.35500 -0.16000 0.11000
v 0.35500 -0.15500 0.11000
v 0.35000 -0.15500 0.11000
v 0.35000 -0.16000 0.11000
v 0.35500 -0.16000 0.11000
v 0.35500 -0.15500 0.11000
v 0.35000 -0.15500 0.11000
v 0.35000 -0.16000 0.11500
v 0.35500 -0.16000 0.11500
v 0.35500 -0.15500 0.11500
v 0.35000 -0.15500 0.11500
v 0.35000 -0.16000 0.11500
v 0.35500 -0.16000 0.11500
v 0.35500 -0.15500 0.11500
v 0.35000 -0.15500 0.11500
v 0.35000 -0.16000 0.12000
v 0.35500 -0.16000 0.12000
v 0.35500 -0.15500 0.12000
v 0.35000 -0.15500 0.12000
v 0.35000 -0.16000 0.12000
v 0.35500 -0.16000 0.12000
v 0.35500 -0.15500 0.12000
v 0.35000 -0.15500 0.12000
v 0.35000 -0.16000 0.12500
v 0.35500 -0.16000 0.12500
v 0.35500 -0.15500 0.12500
v 0.35000 -0.15500 0.12500
v 0.35000 -0.15500 0.00000
v 0.35500 -0.15500 0.00000
v 0.35500 -0.15000 0.00000
v 0.35000 -0.15000 0.00000
v 0.35000 -0.15500 0.00500
v 0.35500 -0.15500 0.00500
v 0.35500 -0.15000 0.00500
v 0.35000 -0.15000 0.00500
v 0.35000 -0.15500 0.00500
v 0.35500 -0.15500 0.00500
v 0.35500 -0.15000 0.00500
v 0.35000 -0.15000 0.00500
v 0.35000 -0.15500 0.01000
v 0.35500 -0.15500 0.01000
v 0.35500 -0.15000 0.01000
v 0.35000 -0.15000 0.01000
v 0.35000 -0.15500 0.01000
v 0.35500 -0.15500 0.01000
v 0.35500 -0.15000 0.01000
v 0.35000 -0.15000 0.01000
v 0.35000 -0.15500 0.01500
v 0.35500 -0.15500 0.01500
v 0.35500 -0.15000 0.01500
v 0.35000 -0.15000 0.01500
v 0.35000 -0.15500 0.01500
v 0.35500 -0.15500 0.01500
v 0.35500 -0.15000 0.01500
v 0.35000 -0.15000 0.01500
v 0.35000 -0.15500 0.02000
v 0.35500 -0.15500 0.02000
v 0.35500 -0.15000 0.02000
v 0.35000 -0.15000 0.02000
v 0.35000 -0.15500 0.02000
v 0.35500 -0.15500 0.02000
v 0.35500 -0.15000 0.02000
v 0.35000 -0.15000 0.02000
v 0.35000 -0.15500 0.02500
v 0.35500 -0.15500 0.02500
v 0.35500 -0.15000 0.02500
v 0.35000 -0.15000 0.02500
v 0.35000 -0.15500 0.02500
v 0.35500 -0.15500 0.02500
v 0.35500 -0.15000 0.02500
v 0.35000 -0.15000 0.02500
v 0.35000 -0.15500 0.03000
v 0.35500 -0.15500 0.03000
v 0.35500 -0.15000 0.03000
v 0.35000 -0.15000 0.03000
v 0.35000 -0.15500 0.03000
v 0.35500 -0.15500 0.03000
v 0.35500 -0.15000 0.03000
v 0.35000 -0.15000 0.03000
v 0.35000 -0.15500 0.03500
v 0.35500 -0.15500 0.03500
v 0.35500 -0.15000 0.03500
v 0.35000 -0.15000 0.03500
v 0.35000 -0.15500 0.03500
v 0.35500 -0.15500 0.03500
v 0.35500 -0.15000 0.03500
v 0.35000 -0.15000 0.03500
v 0.35000 -0.15500 0.04000
v 0.35500 -0.15500 0.04000
v 0.35500 -0.15000 0.04000
v 0.35000 -0.15000 0.04000
v 0.35000 -0.15500 0.04000
v 0.35500 -0.15500 0.04000
v 0.35500 -0.15000 0.04000
v 0.35000 -0.15000 0.04000
v 0.35000 -0.15500 0.04500
v 0.35500 -0.15500 0.04500
v 0.35500 -0.15000 0.04500
v 0.35000 -0.15000 0.04500
v 0.35500 -0.21500 0.00000
v 0.36000 -0.21500 0.00000
v 0.36000 -0.21000 0.00000
v 0.35500 -0.21000 0.00000
v 0.35500 -0.21500 0.00500
v 0.36000 -0.21500 0.00500
v 0.36000 -0.21000 0.00500
v 0.35500 -0.21000 0.00500
v 0.35500 -0.21500 0.00500
v 0.36000 -0.21500 0.00500
v 0.36000 -0.21000 0.00500
v 0.35500 -0.21000 0.00500
v 0.35500 -0.21500 0.01000
v 0.36000 -0.21500 0.01000
v 0.36000 -0.21000 0.01000
v 0.35500 -0.21000 0.01000
v 0.35500 -0.21500 0.01000
v 0.36000 -0.21500 0.01000
v 0.36000 -0.21000 0.01000
v 0.35500 -0.21000 0.01000
v 0.35500 -0.21500 0.01500
v 0.36000 -0.21500 0.01500
v 0.36000 -0.21000 0.01500
v 0.35500 -0.21000 0.01500
v 0.35500 -0.21500 0.02000
v 0.36000 -0.21500 0.02000
v 0.36000 -0.21000 0.02000
v 0.35500 -0.21000 0.02000
v 0.35500 -0.21500 0.02500
v 0.36000 -0.21500 0.02500
v 0.36000 -0.21000 0.02500
v 0.35500 -0.21000 0.02500
v 0.35500 -0.21500 0.02500
v 0.36000 -0.21500 0.02500
v 0.36000 -0.21000 0.02500
v 0.35500 -0.21000 0.02500
v 0.35500 -0.21500 0.03000
v 0.36000 -0.21500 0.03000
v 0.36000 -0.21000 0.03000
v 0.35500 -0.21000 0.03000
v 0.35500 -0.21500 0.03000
v 0.36000 -0.21500 0.03000
v 0.36000 -0.21000 0.03000
v 0.35500 -0.21000 0.03000
v 0.35500 -0.21500 0.03500
v 0.36000 -0.21500 0.03500
v 0.36000 -0.21000 0.03500
v 0.35500 -0.21000 0.03500
v 0.35500 -0.21500 0.03500
v 0.36000 -0.21500 0.03500
v 0.36000 -0.21000 0.03500
v 0.35500 -0.21000 0.03500
v 0.35500 -0.21500 0.04000
v 0.36000 -0.21500 0.04000
v 0.36000 -0.21000 0.04000
v 0.35500 -0.21000 0.04000
v 0.35500 -0.21500 0.04000
v 0.36000 -0.21500 0.04000
v 0.36000 -0.21000 0.04000
v 0.35500 -0.21000 0.04000
v 0.35500 -0.21500 0.04500
v 0.36000 -0.21500 0.04500
v 0.36000 -0.21000 0.04500
v 0.35500 -0.21000 0.04500
v 0.35500 -0.21500 0.04500
v 0.36000 -0.21500 0.04500
v 0.36000 -0.21000 0.04500
v 0.35500 -0.21000 0.04500
v 0.35500 -0.21500 0.05000
v 0.36000 -0.21500 0.05000
v 0.36000 -0.21000 0.05000
v 0.35500 -0.21000 0.05000
v 0.35500 -0.21500 0.05000
v 0.36000 -0.21500 0.05000
v 0.36000 -0.21000 0.05000
v 0.35500 -0.21000 0.05000
v 0.35500 -0.21500 0.05500
v 0.36000 -0.21500 0.05500
v 0.36000 -0.21000 0.05500
v 0.35500 -0.21000 0.05500
v 0.35500 -0.21500 0.05500
v 0.36000 -0.21500 0.05500
v 0.36000 -0.21000 0.05500
v 0.35500 -0.21000 0.05500
v 0.35500 -0.21500 0.06000
v 0.36000 -0.21500 0.06000
v 0.36000 -0.21000 0.06000
v 0.35500 -0.21000 0.06000
v 0.35500 -0.21000 0.06000
v 0.36000 -0.21000 0.06000
v 0.36000 -0.20500 0.06000
v 0.35500 -0.20500 0.06000
v 0.35500 -0.21000 0.06500
v 0.36000 -0.21000 0.06500
v 0.36000 -0.20500 0.06500
v 0.35500 -0.20500 0.06500
v 0.35500 -0.21000 0.06500
v 0.36000 -0.21000 0.06500
v 0.36000 -0.20500 0.06500
v 0.35500 -0.20500 0.06500
v 0.35500 -0.21000 0.07000
v 0.36000 -0.21000 0.07000
v 0.36000 -0.20500 0.07000
v 0.35500 -0.20500 0.07000
v 0.35500 -0.21000 0.07000
v 0.36000 -0.21000 0.07000
v 0.36000 -0.20500 0.07000
v 0.35500 -0.20500 0.07000
v 0.35500 -0.21000 0.07500
v 0.36000 -0.21000 0.07500
v 0.36000 -0.20500 0.07500
v 0.35500 -0.20500 0.07500
v 0.35500 -0.21000 0.07500
v 0.36000 -0.21000 0.07500
v 0.36000 -0.20500 0.07500
v 0.35500 -0.20500 0.07500
v 0.35500 -0.21000 0.08000
v 0.36000 -0.21000 0.08000
v 0.36000 -0.20500 0.08000
v 0.35500 -0.20500 0.08000
v 0.35500 -0.21000 0.08000
v 0.36000 -0.21000 0.08000
v 0.36000 -0.20500 0.08000
v 0.35500 -0.20500 0.08000
v 0.35500 -0.21000 0.08500
v 0.36000 -0.21000 0.08500
v 0.36000 -0.20500 0.08500
v 0.35500 -0.20500 0.08500
v 0.35500 -0.21000 0.08500
v 0.36000 -0.21000 0.08500
v 0.36000 -0.20500 0.08500
v 0.35500 -0.20500 0.08500
v 0.35500 -0.21000 0.09000
v 0.36000 -0.21000 0.09000
v 0.36000 -0.20500 0.09000
v 0.35500 -0.20500 0.09000
v 0.35500 -0.21000 0.09000
v 0.36000 -0.21000 0.09000
v 0.36000 -0.20500 0.09000
v 0.35500 -0.20500 0.09000
v 0.35500 -0.21000 0.09500
v 0.36000 -0.21000 0.09500
v 0.36000 -0.20500 0.09500
v 0.35500 -0.20500 0.09500
v 0.35500 -0.21000 0.09500
v 0.36000 -0.21000 0.09500
v 0.36000 -0.20500 0.09500
v 0.35500 -0.20500 0.09500
v 0.35500 -0.21000 0.10000
v 0.36000 -0.21000 0.10000
v 0.36000 -0.20500 0.10000
v 0.35500 -0.20500 0.10000
v 0.35500 -0.21000 0.10000
v 0.36000 -0.21000 0.10000
v 0.36000 -0.20500 0.10000
v 0.35500 -0.20500 0.10000
v 0.35500 -0.21000 0.10500
v 0.36000 -0.21000 0.10500
v 0.36000 -0.20500 0.10500
v 0.35500 -0.20500 0.10500
v 0.35500 -0.21000 0.10500
v 0.36000 -0.21000 0.10500
v 0.36000 -0.20500 0.10500
v 0.35500 -0.20500 0.10500
v 0.35500 -0.21000 0.11000
v 0.36000 -0.21000 0.11000
v 0.36000 -0.20500 0.11000
v 0.35500 -0.20500 0.11000
v 0.35500 -0.21000 0.11000
v 0.36000 -0.21000 0.11000
v 0.36000 -0.20500 0.11000
v 0.35500 -0.20500 0.11000
v 0.35500 -0.21000 0.11500
v 0.36000 -0.21000 0.11500
v 0.36000 -0.20500 0.11500
v 0.35500 -0.20500 0.11500
v 0.35500 -0.21000 0.11500
v 0.36000 -0.21000 0.11500
v 0.36000 -0.20500 0.11500
v 0.35500 -0.20500 0.11500
v 0.35500 -0.21000 0.12000
v 0.36000 -0.21000 0.12000
v 0.36000 -0.20500 0.12000
v 0.35500 -0.20500 0.12000
v 0.35500 -0.21000 0.12000
v 0.36000 -0.21000 0.12000
v 0.36000 -0.20500 0.12000
v 0.35500 -0.20500 0.12000
v 0.35500 -0.21000 0.12500
v 0.36000 -0.21000 0.12500
v 0.36000 -0.20500 0.12500
v 0.35500 -0.20500 0.12500
v 0.35500 -0.21000 0.12500
v 0.36000 -0.21000 0.12500
v 0.36000 -0.20500 0.12500
v 0.35500 -0.20500 0.12500
v 0.35500 -0.21000 0.13000
v 0.36000 -0.21000 0.13000
v 0.36000 -0.20500 0.13000
v 0.35500 -0.20500 0.13000
v 0.35500 -0.21000 0.13000
v 0.36000 -0.21000 0.13000
v 0.36000 -0.20500 0.13000
v 0.35500 -0.20500 0.13000
v 0.35500 -0.21000 0.13500
v 0.36000 -0.21000 0.13500
v 0.36000 -0.20500 0.13500
v 0.35500 -0.20500 0.13500
v 0.35500 -0.21000 0.13500
v 0.36000 -0.21000 0.13500
v 0.36000 -0.20500 0.13500
v 0.35500 -0.20500 0.13500
v 0.35500 -0.21000 0.14000
v 0.36000 -0.21000 0.14000
v 0.36000 -0.20500 0.14000
v 0.35500 -0.20500 0.14000
v 0.35500 -0.20500 0.14000
v 0.36000 -0.20500 0.14000
v 0.36000 -0.20000 0.14000
v 0.35500 -0.20000 0.14000
v 0.35500 -0.20500 0.14500
v 0.36000 -0.20500 0.14500
v 0.36000 -0.20000 0.14500
v 0.35500 -0.20000 0.14500
v 0.35500 -0.20500 0.14500
v 0.36000 -0.20500 0.14500
v 0.36000 -0.20000 0.14500
v 0.35500 -0.20000 0.14500
v 0.35500 -0.20500 0.15000
v 0.36000 -0.20500 0.15000
v 0.36000 -0.20000 0.15000
v 0.35500 -0.20000 0.15000
v 0.35500 -0.20500 0.15000
v 0.36000 -0.20500 0.15000
v 0.36000 -0.20000 0.15000
v 0.35500 -0.20000 0.15000
v 0.35500 -0.20500 0.15500
v 0.36000 -0.20500 0.15500
v 0.36000 -0.20000 0.15500
v 0.35500 -0.20000 0.15500
v 0.35500 -0.20500 0.15500
v 0.36000 -0.20500 0.15500
v 0.36000 -0.20000 0.15500
v 0.35500 -0.20000 0.15500
v 0.35500 -0.20500 0.16000
v 0.36000 -0.20500 0.16000
v 0.36000 -0.20000 0.16000
v 0.35500 -0.20000 0.16000
v 0.35500 -0.20500 0.16000
v 0.36000 -0.20500 0.16000
v 0.36000 -0.20000 0.16000
v 0.35500 -0.20000 0.16000
v 0.35500 -0.20500 0.16500
v 0.36000 -0.20500 0.16500
v 0.36000 -0.20000 0.16500
v 0.35500 -0.20000 0.16500
v 0.35500 -0.20500 0.16500
v 0.36000 -0.20500 0.16500
v 0.36000 -0.20000 0.16500
v 0.35500 -0.20000 0.16500
v 0.35500 -0.20500 0.17000
v 0.36000 -0.20500 0.17000
v 0.36000 -0.20000 0.17000
v 0.35500 -0.20000 0.17000
v 0.35500 -0.20500 0.17000
v 0.36000 -0.20500 0.17000
v 0.36000 -0.20000 0.17000
v 0.35500 -0.20000 0.17000
v 0.35500 -0.20500 0.17500
v 0.36000 -0.20500 0.17500
v 0.36000 -0.20000 0.17500
v 0.35500 -0.20000 0.17500
v 0.35500 -0.20000 0.17500
v 0.36000 -0.20000 0.17500
v 0.36000 -0.19500 0.17500
v 0.35500 -0.19500 0.17500
v 0.35500 -0.20000 0.18000
v 0.36000 -0.20000 0.18000
v 0.36000 -0.19500 0.18000
v 0.35500 -0.19500 0.18000
v 0.35500 -0.20000 0.18000
v 0.36000 -0.20000 0.18000
v 0.36000 -0.19500 0.18000
v 0.35500 -0.19500 0.18000
v 0.35500 -0.20000 0.18500
v 0.36000 -0.20000 0.18500
v 0.36000 -0.19500 0.18500
v 0.35500 -0.19500 0.18500
v 0.35500 -0.20000 0.20500
v 0.36000 -0.20000 0.20500
v 0.36000 -0.19500 0.20500
v 0.35500 -0.19500 0.20500
v 0.35500 -0.20000 0.21000
v 0.36000 -0.20000 0.21000
v 0.36000 -0.19500 0.21000
v 0.35500 -0.19500 0.21000
v 0.35500 -0.19500 0.18000
v 0.36000 -0.19500 0.18000
v 0.36000 -0.19000 0.18000
v 0.35500 -0.19000 0.18000
v 0.35500 -0.19500 0.18500
v 0.36000 -0.19500 0.18500
v 0.36000 -0.19000 0.18500
v 0.35500 -0.19000 0.18500
v 0.35500 -0.19500 0.18500
v 0.36000 -0.19500 0.18500
v 0.36000 -0.19000 0.18500
v 0.35500 -0.19000 0.18500
v 0.35500 -0.19500 0.19000
v 0.36000 -0.19500 0.19000
v 0.36000 -0.19000 0.19000
v 0.35500 -0.19000 0.19000
v 0.35500 -0.19500 0.19000
v 0.36000 -0.19500 0.19000
v 0.36000 -0.19000 0.19000
v 0.35500 -0.19000 0.19000
v 0.35500 -0.19500 0.19500
v 0.36000 -0.19500 0.19500
v 0.36000 -0.19000 0.19500
v 0.35500 -0.19000 0.19500
v 0.35500 -0.19500 0.19500
v 0.36000 -0.19500 0.19500
v 0.36000 -0.19000 0.19500
v 0.35500 -0.19000 0.19500
v 0.35500 -0.19500 0.20000
v 0.36000 -0.19500 0.20000
v 0.36000 -0.19000 0.20000
v 0.35500 -0.19000 0.20000
v 0.35500 -0.19500 0.20000
v 0.36000 -0.19500 0.20000
v 0.36000 -0.19000 0.20000
v 0.35500 -0.19000 0.20000
v 0.35500 -0.19500 0.20500
v 0.36000 -0.19500 0.20500
v 0.36000 -0.19000 0.20500
v 0.35500 -0.19000 0.20500
v 0.35500 -0.19000 0.19000
v 0.36000 -0.19000 0.19000
v 0.36000 -0.18500 0.19000
v 0.35500 -0.18500 0.19000
v 0.35500 -0.19000 0.19500
v 0.36000 -0.19000 0.19500
v 0.36000 -0.18500 0.19500
v 0.35500 -0.18500 0.19500
v 0.35500 -0.19000 0.19500
v 0.36000 -0.19000 0.19500
v 0.36000 -0.18500 0.19500
v 0.35500 -0.18500 0.19500
v 0.35500 -0.19000 0.20000
v 0.36000 -0.19000 0.20000
v 0.36000 -0.18500 0.20000
v 0.35500 -0.18500 0.20000
v 0.35500 -0.19000 0.20000
v 0.36000 -0.19000 0.20000
v 0.36000 -0.18500 0.20000
v 0.35500 -0.18500 0.20000
v 0.35500 -0.19000 0.20500
v 0.36000 -0.19000 0.20500
v 0.36000 -0.18500 0.20500
v 0.35500 -0.18500 0.20500
v 0.35500 -0.17000 0.17500
v 0.36000 -0.17000 0.17500
v 0.36000 -0.16500 0.17500
v 0.35500 -0.16500 0.17500
v 0.35500 -0.17000 0.18000
v 0.36000 -0.17000 0.18000
v 0.36000 -0.16500 0.18000
v 0.35500 -0.16500 0.18000
v 0.35500 -0.17000 0.18000
v 0.36000 -0.17000 0.18000
v 0.36000 -0.16500 0.18000
v 0.35500 -0.16500 0.18000
v 0.35500 -0.17000 0.18500
v 0.36000 -0.17000 0.18500
v 0.36000 -0.16500 0.18500
v 0.35500 -0.16500 0.18500
v 0.35500 -0.17000 0.18500
v 0.36000 -0.17000 0.18500
v 0.36000 -0.16500 0.18500
v 0.35500 -0.16500 0.18500
v 0.35500 -0.17000 0.19000
v 0.36000 -0.17000 0.19000
v 0.36000 -0.16500 0.19000
v 0.35500 -0.16500 0.19000
v 0.35500 -0.17000 0.19000
v 0.36000 -0.17000 0.19000
v 0.36000 -0.16500 0.19000
v 0.35500 -0.16500 0.19000
v 0.35500 -0.17000 0.19500
v 0.36000 -0.17000 0.19500
v 0.36000 -0.16500 0.19500
v 0.35500 -0.16500 0.19500
v 0.35500 -0.17000 0.19500
v 0.36000 -0.17000 0.19500
v 0.36000 -0.16500 0.19500
v 0.35500 -0.16500 0.19500
v 0.35500 -0.17000 0.20000
v 0.36000 -0.17000 0.20000
v 0.36000 -0.16500 0.20000
v 0.35500 -0.16500 0.20000
v 0.35500 -0.17000 0.20000
v 0.36000 -0.17000 0.20000
v 0.36000 -0.16500 0.20000
v 0.35500 -0.16500 0.20000
v 0.35500 -0.17000 0.20500
v 0.36000 -0.17000 0.20500
v 0.36000 -0.16500 0.20500
v 0.35500 -0.16500 0.20500
v 0.35500 -0.17000 0.20500
v 0.36000 -0.17000 0.20500
v 0.36000 -0.16500 0.20500
v 0.35500 -0.16500 0.20500
v 0.35500 -0.17000 0.21000
v 0.36000 -0.17000 0.21000
v 0.36000 -0.16500 0.21000
v 0.35500 -0.16500 0.21000
v 0.35500 -0.17000 0.21000
v 0.36000 -0.17000 0.21000
v 0.36000 -0.16500 0.21000
v 0.35500 -0.16500 0.21000
v 0.35500 -0.17000 0.21500
v 0.36000 -0.17000 0.21500
v 0.36000 -0.16500 0.21500
v 0.35500 -0.16500 0.21500
v 0.35500 -0.16500 0.14500
v 0.36000 -0.16500 0.14500
v 0.36000 -0.16000 0.14500
v 0.35500 -0.16000 0.14500
v 0.35500 -0.16500 0.15000
v 0.36000 -0.16500 0.15000
v 0.36000 -0.16000 0.15000
v 0.35500 -0.16000 0.15000
v 0.35500 -0.16500 0.15000
v 0.36000 -0.16500 0.15000
v 0.36000 -0.16000 0.15000
v 0.35500 -0.16000 0.15000
v 0.35500 -0.16500 0.15500
v 0.36000 -0.16500 0.15500
v 0.36000 -0.16000 0.15500
v 0.35500 -0.16000 0.15500
v 0.35500 -0.16500 0.15500
v 0.36000 -0.16500 0.15500
v 0.36000 -0.16000 0.15500
v 0.35500 -0.16000 0.15500
v 0.35500 -0.16500 0.16000
v 0.36000 -0.16500 0.16000
v 0.36000 -0.16000 0.16000
v 0.35500 -0.16000 0.16000
v 0.35500 -0.16500 0.16000
v 0.36000 -0.16500 0.16000
v 0.36000 -0.16000 0.16000
v 0.35500 -0.16000 0.16000
v 0.35500 -0.16500 0.16500
v 0.36000 -0.16500 0.16500
v 0.36000 -0.16000 0.16500
v 0.35500 -0.16000 0.16500
v 0.35500 -0.16500 0.16500
v 0.36000 -0.16500 0.16500
v 0.36000 -0.16000 0.16500
v 0.35500 -0.16000 0.16500
v 0.35500 -0.16500 0.17000
v 0.36000 -0.16500 0.17000
v 0.36000 -0.16000 0.17000
v 0.35500 -0.16000 0.17000
v 0.35500 -0.16500 0.17000
v 0.36000 -0.16500 0.17000
v 0.36000 -0.16000 0.17000
v 0.35500 -0.16000 0.17000
v 0.35500 -0.16500 0.17500
v 0.36000 -0.16500 0.17500
v 0.36000 -0.16000 0.17500
v 0.35500 -0.16000 0.17500
v 0.35500 -0.16000 0.07500
v 0.36000 -0.16000 0.07500
v 0.36000 -0.15500 0.07500
v 0.35500 -0.15500 0.07500
v 0.35500 -0.16000 0.08000
v 0.36000 -0.16000 0.08000
v 0.36000 -0.15500 0.08000
v 0.35500 -0.15500 0.08000
v 0.35500 -0.16000 0.08000
v 0.36000 -0.16000 0.08000
v 0.36000 -0.15500 0.08000
v 0.35500 -0.15500 0.08000
v 0.35500 -0.16000 0.08500
v 0.36000 -0.16000 0.08500
v 0.36000 -0.15500 0.08500
v 0.35500 -0.15500 0.08500
v 0.35500 -0.16000 0.08500
v 0.36000 -0.16000 0.08500
v 0.36000 -0.15500 0.08500
v 0.35500 -0.15500 0.08500
v 0.35500 -0.16000 0.09000
v 0.36000 -0.16000 0.09000
v 0.36000 -0.15500 0.09000
v 0.35500 -0.15500 0.09000
v 0.35500 -0.16000 0.09000
v 0.36000 -0.16000 0.09000
v 0.36000 -0.15500 0.09000
v 0.35500 -0.15500 0.09000
v 0.35500 -0.16000 0.09500
v 0.36000 -0.16000 0.09500
v 0.36000 -0.15500 0.09500
v 0.35500 -0.15500 0.09500
v 0.35500 -0.16000 0.09500
v 0.36000 -0.16000 0.09500
v 0.36000 -0.15500 0.09500
v 0.35500 -0.15500 0.09500
v 0.35500 -0.16000 0.10000
v 0.36000 -0.16000 0.10000
v 0.36000 -0.15500 0.10000
v 0.35500 -0.15500 0.10000
v 0.35500 -0.16000 0.10000
v 0.36000 -0.16000 0.10000
v 0.36000 -0.15500 0.10000
v 0.35500 -0.15500 0.10000
v 0.35500 -0.16000 0.10500
v 0.36000 -0.16000 0.10500
v 0.36000 -0.15500 0.10500
v 0.35500 -0.15500 0.10500
v 0.35500 -0.16000 0.10500
v 0.36000 -0.16000 0.10500
v 0.36000 -0.15500 0.10500
v 0.35500 -0.15500 0.10500
v 0.35500 -0.16000 0.11000
v 0.36000 -0.16000 0.11000
v 0.36000 -0.15500 0.11000
v 0.35500 -0.15500 0.11000
v 0.35500 -0.16000 0.11000
v 0.36000 -0.16000 0.11000
v 0.36000 -0.15500 0.11000
v 0.35500 -0.15500 0.11000
v 0.35500 -0.16000 0.11500
v 0.36000 -0.16000 0.11500
v 0.36000 -0.15500 0.11500
v 0.35500 -0.15500 0.11500
v 0.35500 -0.16000 0.11500
v 0.36000 -0.16000 0.11500
v 0.36000 -0.15500 0.11500
v 0.35500 -0.15500 0.11500
v 0.35500 -0.16000 0.12000
v 0.36000 -0.16000 0.12000
v 0.36000 -0.15500 0.12000
v 0.35500 -0.15500 0.12000
v 0.35500 -0.16000 0.12000
v 0.36000 -0.16000 0.12000
v 0.36000 -0.15500 0.12000
v 0.35500 -0.15500 0.12000
v 0.35500 -0.16000 0.12500
v 0.36000 -0.16000 0.12500
v 0.36000 -0.15500 0.12500
v 0.35500 -0.15500 0.12500
v 0.35500 -0.16000 0.12500
v 0.36000 -0.16000 0.12500
v 0.36000 -0.15500 0.12500
v 0.35500 -0.15500 0.12500
v 0.35500 -0.16000 0.13000
v 0.36000 -0.16000 0.13000
v 0.36000 -0.15500 0.13000
v 0.35500 -0.15500 0.13000
v 0.35500 -0.16000 0.13000
v 0.36000 -0.16000 0.13000
v 0.36000 -0.15500 0.13000
v 0.35500 -0.15500 0.13000
v 0.35500 -0.16000 0.13500
v 0.36000 -0.16000 0.13500
v 0.36000 -0.15500 0.13500
v 0.35500 -0.15500 0.13500
v 0.35500 -0.16000 0.13500
v 0.36000 -0.16000 0.13500
v 0.36000 -0.15500 0.13500
v 0.35500 -0.15500 0.13500
v 0.35500 -0.16000 0.14000
v 0.36000 -0.16000 0.14000
v 0.36000 -0.15500 0.14000
v 0.35500 -0.15500 0.14000
v 0.35500 -0.16000 0.14000
v 0.36000 -0.16000 0.14000
v 0.36000 -0.15500 0.14000
v 0.35500 -0.15500 0.14000
v 0.35500 -0.16000 0.14500
v 0.36000 -0.16000 0.14500
v 0.36000 -0.15500 0.14500
v 0.35500 -0.15500 0.14500
v 0.35500 -0.15500 0.00000
v 0.36000 -0.15500 0.00000
v 0.36000 -0.15000 0.00000
v 0.35500 -0.15000 0.00000
v 0.35500 -0.15500 0.00500
v 0.36000 -0.15500 0.00500
v 0.36000 -0.15000 0.00500
v 0.35500 -0.15000 0.00500
v 0.35500 -0.15500 0.00500
v 0.36000 -0.15500 0.00500
v 0.36000 -0.15000 0.00500
v 0.35500 -0.15000 0.00500
v 0.35500 -0.15500 0.01000
v 0.36000 -0.15500 0.01000
v 0.36000 -0.15000 0.01000
v 0.35500 -0.15000 0.01000
v 0.35500 -0.15500 0.01000
v 0.36000 -0.15500 0.01000
v 0.36000 -0.15000 0.01000
v 0.35500 -0.15000 0.01000
v 0.35500 -0.15500 0.01500
v 0.36000 -0.15500 0.01500
v 0.36000 -0.15000 0.01500
v 0.35500 -0.15000 0.01500
v 0.35500 -0.15500 0.01500
v 0.36000 -0.15500 0.01500
v 0.36000 -0.15000 0.01500
v 0.35500 -0.15000 0.01500
v 0.35500 -0.15500 0.02000
v 0.36000 -0.15500 0.02000
v 0.36000 -0.15000 0.02000
v 0.35500 -0.15000 0.02000
v 0.35500 -0.15500 0.02000
v 0.36000 -0.15500 0.02000
v 0.36000 -0.15000 0.02000
v 0.35500 -0.15000 0.02000
v 0.35500 -0.15500 0.02500
v 0.36000 -0.15500 0.02500
v 0.36000 -0.15000 0.02500
v 0.35500 -0.15000 0.02500
v 0.35500 -0.15500 0.02500
v 0.36000 -0.15500 0.02500
v 0.36000 -0.15000 0.02500
v 0.35500 -0.15000 0.02500
v 0.35500 -0.15500 0.03000
v 0.36000 -0.15500 0.03000
v 0.36000 -0.15000 0.03000
v 0.35500 -0.15000 0.03000
v 0.35500 -0.15500 0.03000
v 0.36000 -0.15500 0.03000
v 0.36000 -0.15000 0.03000
v 0.35500 -0.15000 0.03000
v 0.35500 -0.15500 0.03500
v 0.36000 -0.15500 0.03500
v 0.36000 -0.15000 0.03500
v 0.35500 -0.15000 0.03500
v 0.35500 -0.15500 0.03500
v 0.36000 -0.15500 0.03500
v 0.36000 -0.15000 0.03500
v 0.35500 -0.15000 0.03500
v 0.35500 -0.15500 0.04000
v 0.36000 -0.15500 0.04000
v 0.36000 -0.15000 0.04000
v 0.35500 -0.15000 0.04000
v 0.35500 -0.15500 0.04000
v 0.36000 -0.15500 0.04000
v 0.36000 -0.15000 0.04000
v 0.35500 -0.15000 0.04000
v 0.35500 -0.15500 0.04500
v 0.36000 -0.15500 0.04500
v 0.36000 -0.15000 0.04500
v 0.35500 -0.15000 0.04500
v 0.35500 -0.15500 0.04500
v 0.36000 -0.15500 0.04500
v 0.36000 -0.15000 0.04500
v 0.35500 -0.15000 0.04500
v 0.35500 -0.15500 0.05000
v 0.36000 -0.15500 0.05000
v 0.36000 -0.15000 0.05000
v 0.35500 -0.15000 0.05000
v 0.35500 -0.15500 0.05000
v 0.36000 -0.15500 0.05000
v 0.36000 -0.15000 0.05000
v 0.35500 -0.15000 0.05000
v 0.35500 -0.15500 0.05500
v 0.36000 -0.15500 0.05500
v 0.36000 -0.15000 0.05500
v 0.35500 -0.15000 0.05500
v 0.35500 -0.15500 0.05500
v 0.36000 -0.15500 0.05500
v 0.36000 -0.15000 0.05500
v 0.35500 -0.15000 0.05500
v 0.35500 -0.15500 0.06000
v 0.36000 -0.15500 0.06000
v 0.36000 -0.15000 0.06000
v 0.35500 -0.15000 0.06000
v 0.35500 -0.15500 0.06000
v 0.36000 -0.15500 0.06000
v 0.36000 -0.15000 0.06000
v 0.35500 -0.15000 0.06000
v 0.35500 -0.15500 0.06500
v 0.36000 -0.15500 0.06500
v 0.36000 -0.15000 0.06500
v 0.35500 -0.15000 0.06500
v 0.35500 -0.15500 0.06500
v 0.36000 -0.15500 0.06500
v 0.36000 -0.15000 0.06500
v 0.35500 -0.15000 0.06500
v 0.35500 -0.15500 0.07000
v 0.36000 -0.15500 0.07000
v 0.36000 -0.15000 0.07000
v 0.35500 -0.15000 0.07000
v 0.35500 -0.15500 0.07000
v 0.36000 -0.15500 0.07000
v 0.36000 -0.15000 0.07000
v 0.35500 -0.15000 0.07000
v 0.35500 -0.15500 0.07500
v 0.36000 -0.15500 0.07500
v 0.36000 -0.15000 0.07500
v 0.35500 -0.15000 0.07500
v 0.36000 -0.21500 0.01000
v 0.36500 -0.21500 0.01000
v 0.36500 -0.21000 0.01000
v 0.36000 -0.21000 0.01000
v 0.36000 -0.21500 0.01500
v 0.36500 -0.21500 0.01500
v 0.36500 -0.21000 0.01500
v 0.36000 -0.21000 0.01500
v 0.36000 -0.21500 0.01500
v 0.36500 -0.21500 0.01500
v 0.36500 -0.21000 0.01500
v 0.36000 -0.21000 0.01500
v 0.36000 -0.21500 0.02000
v 0.36500 -0.21500 0.02000
v 0.36500 -0.21000 0.02000
v 0.36000 -0.21000 0.02000
v 0.36000 -0.21500 0.02000
v 0.36500 -0.21500 0.02000
v 0.36500 -0.21000 0.02000
v 0.36000 -0.21000 0.02000
v 0.36000 -0.21500 0.02500
v 0.36500 -0.21500 0.02500
v 0.36500 -0.21000 0.02500
v 0.36000 -0.21000 0.02500
v 0.36000 -0.21500 0.02500
v 0.36500 -0.21500 0.02500
v 0.36500 -0.21000 0.02500
v 0.36000 -0.21000 0.02500
v 0.36000 -0.21500 0.03000
v 0.36500 -0.21500 0.03000
v 0.36500 -0.21000 0.03000
v 0.36000 -0.21000 0.03000
v 0.36000 -0.21500 0.03000
v 0.36500 -0.21500 0.03000
v 0.36500 -0.21000 0.03000
v 0.36000 -0.21000 0.03000
v 0.36000 -0.21500 0.03500
v 0.36500 -0.21500 0.03500
v 0.36500 -0.21000 0.03500
v 0.36000 -0.21000 0.03500
v 0.36000 -0.21500 0.03500
v 0.36500 -0.21500 0.03500
v 0.36500 -0.21000 0.03500
v 0.36000 -0.21000 0.03500
v 0.36000 -0.21500 0.04000
v 0.36500 -0.21500 0.04000
v 0.36500 -0.21000 0.04000
v 0.36000 -0.21000 0.04000
v 0.36000 -0.21500 0.05500
v 0.36500 -0.21500 0.05500
v 0.36500 -0.21000 0.05500
v 0.36000 -0.21000 0.05500
v 0.36000 -0.21500 0.06000
v 0.36500 -0.21500 0.06000
v 0.36500 -0.21000 0.06000
v 0.36000 -0.21000 0.06000
v 0.36000 -0.21500 0.06000
v 0.36500 -0.21500 0.06000
v 0.36500 -0.21000 0.06000
v 0.36000 -0.21000 0.06000
v 0.36000 -0.21500 0.06500
v 0.36500 -0.21500 0.06500
v 0.36500 -0.21000 0.06500
v 0.36000 -0.21000 0.06500
v 0.36000 -0.21500 0.06500
v 0.36500 -0.21500 0.06500
v 0.36500 -0.21000 0.06500
v 0.36000 -0.21000 0.06500
v 0.36000 -0.21500 0.07000
v 0.36500 -0.21500 0.07000
v 0.36500 -0.21000 0.07000
v 0.36000 -0.21000 0.07000
v 0.36000 -0.21500 0.07000
v 0.36500 -0.21500 0.07000
v 0.36500 -0.21000 0.07000
v 0.36000 -0.21000 0.07000
v 0.36000 -0.21500 0.07500
v 0.36500 -0.21500 0.07500
v 0.36500 -0.21000 0.07500
v 0.36000 -0.21000 0.07500
v 0.36000 -0.21500 0.07500
v 0.36500 -0.21500 0.07500
v 0.36500 -0.21000 0.07500
v 0.36000 -0.21000 0.07500
v 0.36000 -0.21500 0.08000
v 0.36500 -0.21500 0.08000
v 0.36500 -0.21000 0.08000
v 0.36000 -0.21000 0.08000
v 0.36000 -0.21500 0.08000
v 0.36500 -0.21500 0.08000
v 0.36500 -0.21000 0.08000
v 0.36000 -0.21000 0.08000
v 0.36000 -0.21500 0.08500
v 0.36500 -0.21500 0.08500
v 0.36500 -0.21000 0.08500
v 0.36000 -0.21000 0.08500
v 0.36000 -0.21500 0.08500
v 0.36500 -0.21500 0.08500
v 0.36500 -0.21000 0.08500
v 0.36000 -0.21000 0.08500
v 0.36000 -0.21500 0.09000
v 0.36500 -0.21500 0.09000
v 0.36500 -0.21000 0.09000
v 0.36000 -0.21000 0.09000
v 0.36000 -0.21000 0.09000
v 0.36500 -0.21000 0.09000
v 0.36500 -0.20500 0.09000
v 0.36000 -0.20500 0.09000
v 0.36000 -0.21000 0.09500
v 0.36500 -0.21000 0.09500
v 0.36500 -0.20500 0.09500
v 0.36000 -0.20500 0.09500
v 0.36000 -0.21000 0.09500
v 0.36500 -0.21000 0.09500
v 0.36500 -0.20500 0.09500
v 0.36000 -0.20500 0.09500
v 0.36000 -0.21000 0.10000
v 0.36500 -0.21000 0.10000
v 0.36500 -0.20500 0.10000
v 0.36000 -0.20500 0.10000
v 0.36000 -0.21000 0.10000
v 0.36500 -0.21000 0.10000
v 0.36500 -0.20500 0.10000
v 0.36000 -0.20500 0.10000
v 0.36000 -0.21000 0.10500
v 0.36500 -0.21000 0.10500
v 0.36500 -0.20500 0.10500
v 0.36000 -0.20500 0.10500
v 0.36000 -0.21000 0.10500
v 0.36500 -0.21000 0.10500
v 0.36500 -0.20500 0.10500
v 0.36000 -0.20500 0.10500
v 0.36000 -0.21000 0.11000
v 0.36500 -0.21000 0.11000
v 0.36500 -0.20500 0.11000
v 0.36000 -0.20500 0.11000
v 0.36000 -0.21000 0.11000
v 0.36500 -0.21000 0.11000
v 0.36500 -0.20500 0.11000
v 0.36000 -0.20500 0.11000
v 0.36000 -0.21000 0.11500
v 0.36500 -0.21000 0.11500
v 0.36500 -0.20500 0.11500
v 0.36000 -0.20500 0.11500
v 0.36000 -0.21000 0.11500
v 0.36500 -0.21000 0.11500
v 0.36500 -0.20500 0.11500
v 0.36000 -0.20500 0.11500
v 0.36000 -0.21000 0.12000
v 0.36500 -0.21000 0.12000
v 0.36500 -0.20500 0.12000
v 0.36000 -0.20500 0.12000
v 0.36000 -0.21000 0.12000
v 0.36500 -0.21000 0.12000
v 0.36500 -0.20500 0.12000
v 0.36000 -0.20500 0.12000
v 0.36000 -0.21000 0.12500
v 0.36500 -0.21000 0.12500
v 0.36500 -0.20500 0.12500
v 0.36000 -0.20500 0.12500
v 0.36000 -0.21000 0.12500
v 0.36500 -0.21000 0.12500
v 0.36500 -0.20500 0.12500
v 0.36000 -0.20500 0.12500
v 0.36000 -0.21000 0.13000
v 0.36500 -0.21000 0.13000
v 0.36500 -0.20500 0.13000
v 0.36000 -0.20500 0.13000
v 0.36000 -0.21000 0.13000
v 0.36500 -0.21000 0.13000
v 0.36500 -0.20500 0.13000
v 0.36000 -0.20500 0.13000
v 0.36000 -0.21000 0.13500
v 0.36500 -0.21000 0.13500
v 0.36500 -0.20500 0.13500
v 0.36000 -0.20500 0.13500
v 0.36000 -0.21000 0.13500
v 0.36500 -0.21000 0.13500
v 0.36500 -0.20500 0.13500
v 0.36000 -0.20500 0.13500
v 0.36000 -0.21000 0.14000
v 0.36500 -0.21000 0.14000
v 0.36500 -0.20500 0.14000
v 0.36000 -0.20500 0.14000
v 0.36000 -0.21000 0.14000
v 0.36500 -0.21000 0.14000
v 0.36500 -0.20500 0.14000
v 0.36000 -0.20500 0.14000
v 0.36000 -0.21000 0.14500
v 0.36500 -0.21000 0.14500
v 0.36500 -0.20500 0.14500
v 0.36000 -0.20500 0.14500
v 0.36000 -0.21000 0.14500
v 0.36500 -0.21000 0.14500
v 0.36500 -0.20500 0.14500
v 0.36000 -0.20500 0.14500
v 0.36000 -0.21000 0.15000
v 0.36500 -0.21000 0.15000
v 0.36500 -0.20500 0.15000
v 0.36000 -0.20500 0.15000
v 0.36000 -0.21000 0.15000
v 0.36500 -0.21000 0.15000
v 0.36500 -0.20500 0.15000
v 0.36000 -0.20500 0.15000
v 0.36000 -0.21000 0.15500
v 0.36500 -0.21000 0.15500
v 0.36500 -0.20500 0.15500
v 0.36000 -0.20500 0.15500
v 0.36000 -0.21000 0.15500
v 0.36500 -0.21000 0.15500
v 0.36500 -0.20500 0.15500
v 0.36000 -0.20500 0.15500
v 0.36000 -0.21000 0.16000
v 0.36500 -0.21000 0.16000
v 0.36500 -0.20500 0.16000
v 0.36000 -0.20500 0.16000
v 0.36000 -0.20500 0.16000
v 0.36500 -0.20500 0.16000
v 0.36500 -0.20000 0.16000
v 0.36000 -0.20000 0.16000
v 0.36000 -0.20500 0.16500
v 0.36500 -0.20500 0.16500
v 0.36500 -0.20000 0.16500
v 0.36000 -0.20000 0.16500
v 0.36000 -0.20500 0.16500
v 0.36500 -0.20500 0.16500
v 0.36500 -0.20000 0.16500
v 0.36000 -0.20000 0.16500
v 0.36000 -0.20500 0.17000
v 0.36500 -0.20500 0.17000
v 0.36500 -0.20000 0.17000
v 0.36000 -0.20000 0.17000
v 0.36000 -0.20500 0.17000
v 0.36500 -0.20500 0.17000
v 0.36500 -0.20000 0.17000
v 0.36000 -0.20000 0.17000
v 0.36000 -0.20500 0.17500
v 0.36500 -0.20500 0.17500
v 0.36500 -0.20000 0.17500
v 0.36000 -0.20000 0.17500
v 0.36000 -0.20500 0.17500
v 0.36500 -0.20500 0.17500
v 0.36500 -0.20000 0.17500
v 0.36000 -0.20000 0.17500
v 0.36000 -0.20500 0.18000
v 0.36500 -0.20500 0.18000
v 0.36500 -0.20000 0.18000
v 0.36000 -0.20000 0.18000
v 0.36000 -0.20500 0.18000
v 0.36500 -0.20500 0.18000
v 0.36500 -0.20000 0.18000
v 0.36000 -0.20000 0.18000
v 0.36000 -0.20500 0.18500
v 0.36500 -0.20500 0.18500
v 0.36500 -0.20000 0.18500
v 0.36000 -0.20000 0.18500
v 0.36000 -0.20500 0.20500
v 0.36500 -0.20500 0.20500
v 0.36500 -0.20000 0.20500
v 0.36000 -0.20000 0.20500
v 0.36000 -0.20500 0.21000
v 0.36500 -0.20500 0.21000
v 0.36500 -0.20000 0.21000
v 0.36000 -0.20000 0.21000
v 0.36000 -0.20500 0.21000
v 0.36500 -0.20500 0.21000
v 0.36500 -0.20000 0.21000
v 0.36000 -0.20000 0.21000
v 0.36000 -0.20500 0.21500
v 0.36500 -0.20500 0.21500
v 0.36500 -0.20000 0.21500
v 0.36000 -0.20000 0.21500
v 0.36000 -0.20000 0.18500
v 0.36500 -0.20000 0.18500
v 0.36500 -0.19500 0.18500
v 0.36000 -0.19500 0.18500
v 0.36000 -0.20000 0.19000
v 0.36500 -0.20000 0.19000
v 0.36500 -0.19500 0.19000
v 0.36000 -0.19500 0.19000
v 0.36000 -0.20000 0.19000
v 0.36500 -0.20000 0.19000
v 0.36500 -0.19500 0.19000
v 0.36000 -0.19500 0.19000
v 0.36000 -0.20000 0.19500
v 0.36500 -0.20000 0.19500
v 0.36500 -0.19500 0.19500
v 0.36000 -0.19500 0.19500
v 0.36000 -0.20000 0.19500
v 0.36500 -0.20000 0.19500
v 0.36500 -0.19500 0.19500
v 0.36000 -0.19500 0.19500
v 0.36000 -0.20000 0.20000
v 0.36500 -0.20000 0.20000
v 0.36500 -0.19500 0.20000
v 0.36000 -0.19500 0.20000
v 0.36000 -0.20000 0.20000
v 0.36500 -0.20000 0.20000
v 0.36500 -0.19500 0.20000
v 0.36000 -0.19500 0.20000
v 0.36000 -0.20000 0.20500
v 0.36500 -0.20000 0.20500
v 0.36500 -0.19500 0.20500
v 0.36000 -0.19500 0.20500
v 0.36000 -0.17000 0.19500
v 0.36500 -0.17000 0.19500
v 0.36500 -0.16500 0.19500
v 0.36000 -0.16500 0.19500
v 0.36000 -0.17000 0.20000
v 0.36500 -0.17000 0.20000
v 0.36500 -0.16500 0.20000
v 0.36000 -0.16500 0.20000
v 0.36000 -0.17000 0.20000
v 0.36500 -0.17000 0.20000
v 0.36500 -0.16500 0.20000
v 0.36000 -0.16500 0.20000
v 0.36000 -0.17000 0.20500
v 0.36500 -0.17000 0.20500
v 0.36500 -0.16500 0.20500
v 0.36000 -0.16500 0.20500
v 0.36000 -0.17000 0.21000
v 0.36500 -0.17000 0.21000
v 0.36500 -0.16500 0.21000
v 0.36000 -0.16500 0.21000
v 0.36000 -0.17000 0.21500
v 0.36500 -0.17000 0.21500
v 0.36500 -0.16500 0.21500
v 0.36000 -0.16500 0.21500
v 0.36000 -0.17000 0.21500
v 0.36500 -0.17000 0.21500
v 0.36500 -0.16500 0.21500
v 0.36000 -0.16500 0.21500
v 0.36000 -0.17000 0.22000
v 0.36500 -0.17000 0.22000
v 0.36500 -0.16500 0.22000
v 0.36000 -0.16500 0.22000
v 0.36000 -0.17000 0.22000
v 0.36500 -0.17000 0.22000
v 0.36500 -0.16500 0.22000
v 0.36000 -0.16500 0.22000
v 0.36000 -0.17000 0.22500
v 0.36500 -0.17000 0.22500
v 0.36500 -0.16500 0.22500
v 0.36000 -0.16500 0.22500
v 0.36000 -0.17000 0.22500
v 0.36500 -0.17000 0.22500
v 0.36500 -0.16500 0.22500
v 0.36000 -0.16500 0.22500
v 0.36000 -0.17000 0.23000
v 0.36500 -0.17000 0.23000
v 0.36500 -0.16500 0.23000
v 0.36000 -0.16500 0.23000
v 0.36000 -0.16500 0.15500
v 0.36500 -0.16500 0.15500
v 0.36500 -0.16000 0.15500
v 0.36000 -0.16000 0.15500
v 0.36000 -0.16500 0.16000
v 0.36500 -0.16500 0.16000
v 0.36500 -0.16000 0.16000
v 0.36000 -0.16000 0.16000
v 0.36000 -0.16500 0.16000
v 0.36500 -0.16500 0.16000
v 0.36500 -0.16000 0.16000
v 0.36000 -0.16000 0.16000
v 0.36000 -0.16500 0.16500
v 0.36500 -0.16500 0.16500
v 0.36500 -0.16000 0.16500
v 0.36000 -0.16000 0.16500
v 0.36000 -0.16500 0.16500
v 0.36500 -0.16500 0.16500
v 0.36500 -0.16000 0.16500
v 0.36000 -0.16000 0.16500
v 0.36000 -0.16500 0.17000
v 0.36500 -0.16500 0.17000
v 0.36500 -0.16000 0.17000
v 0.36000 -0.16000 0.17000
v 0.36000 -0.16500 0.17000
v 0.36500 -0.16500 0.17000
v 0.36500 -0.16000 0.17000
v 0.36000 -0.16000 0.17000
v 0.36000 -0.16500 0.17500
v 0.36500 -0.16500 0.17500
v 0.36500 -0.16000 0.17500
v 0.36000 -0.16000 0.17500
v 0.36000 -0.16500 0.17500
v 0.36500 -0.16500 0.17500
v 0.36500 -0.16000 0.17500
v 0.36000 -0.16000 0.17500
v 0.36000 -0.16500 0.18000
v 0.36500 -0.16500 0.18000
v 0.36500 -0.16000 0.18000
v 0.36000 -0.16000 0.18000
v 0.36000 -0.16500 0.18000
v 0.36500 -0.16500 0.18000
v 0.36500 -0.16000 0.18000
v 0.36000 -0.16000 0.18000
v 0.36000 -0.16500 0.18500
v 0.36500 -0.16500 0.18500
v 0.36500 -0.16000 0.18500
v 0.36000 -0.16000 0.18500
v 0.36000 -0.16500 0.18500
v 0.36500 -0.16500 0.18500
v 0.36500 -0.16000 0.18500
v 0.36000 -0.16000 0.18500
v 0.36000 -0.16500 0.19000
v 0.36500 -0.16500 0.19000
v 0.36500 -0.16000 0.19000
v 0.36000 -0.16000 0.19000
v 0.36000 -0.16500 0.19000
v 0.36500 -0.16500 0.19000
v 0.36500 -0.16000 0.19000
v 0.36000 -0.16000 0.19000
v 0.36000 -0.16500 0.19500
v 0.36500 -0.16500 0.19500
v 0.36500 -0.16000 0.19500
v 0.36000 -0.16000 0.19500
v 0.36000 -0.16500 0.20500
v 0.36500 -0.16500 0.20500
v 0.36500 -0.16000 0.20500
v 0.36000 -0.16000 0.20500
v 0.36000 -0.16500 0.21000
v 0.36500 -0.16500 0.21000
v 0.36500 -0.16000 0.21000
v 0.36000 -0.16000 0.21000
v 0.36000 -0.16000 0.07000
v 0.36500 -0.16000 0.07000
v 0.36500 -0.15500 0.07000
v 0.36000 -0.15500 0.07000
v 0.36000 -0.16000 0.07500
v 0.36500 -0.16000 0.07500
v 0.36500 -0.15500 0.07500
v 0.36000 -0.15500 0.07500
v 0.36000 -0.16000 0.07500
v 0.36500 -0.16000 0.07500
v 0.36500 -0.15500 0.07500
v 0.36000 -0.15500 0.07500
v 0.36000 -0.16000 0.08000
v 0.36500 -0.16000 0.08000
v 0.36500 -0.15500 0.08000
v 0.36000 -0.15500 0.08000
v 0.36000 -0.16000 0.08000
v 0.36500 -0.16000 0.08000
v 0.36500 -0.15500 0.08000
v 0.36000 -0.15500 0.08000
v 0.36000 -0.16000 0.08500
v 0.36500 -0.16000 0.08500
v 0.36500 -0.15500 0.08500
v 0.36000 -0.15500 0.08500
v 0.36000 -0.16000 0.08500
v 0.36500 -0.16000 0.08500
v 0.36500 -0.15500 0.08500
v 0.36000 -0.15500 0.08500
v 0.36000 -0.16000 0.09000
v 0.36500 -0.16000 0.09000
v 0.36500 -0.15500 0.09000
v 0.36000 -0.15500 0.09000
v 0.36000 -0.16000 0.09000
v 0.36500 -0.16000 0.09000
v 0.36500 -0.15500 0.09000
v 0.36000 -0.15500 0.09000
v 0.36000 -0.16000 0.09500
v 0.36500 -0.16000 0.09500
v 0.36500 -0.15500 0.09500
v 0.36000 -0.15500 0.09500
v 0.36000 -0.16000 0.09500
v 0.36500 -0.16000 0.09500
v 0.36500 -0.15500 0.09500
v 0.36000 -0.15500 0.09500
v 0.36000 -0.16000 0.10000
v 0.36500 -0.16000 0.10000
v 0.36500 -0.15500 0.10000
v 0.36000 -0.15500 0.10000
v 0.36000 -0.16000 0.10000
v 0.36500 -0.16000 0.10000
v 0.36500 -0.15500 0.10000
v 0.36000 -0.15500 0.10000
v 0.36000 -0.16000 0.10500
v 0.36500 -0.16000 0.10500
v 0.36500 -0.15500 0.10500
v 0.36000 -0.15500 0.10500
v 0.36000 -0.16000 0.10500
v 0.36500 -0.16000 0.10500
v 0.36500 -0.15500 0.10500
v 0.36000 -0.15500 0.10500
v 0.36000 -0.16000 0.11000
v 0.36500 -0.16000 0.11000
v 0.36500 -0.15500 0.11000
v 0.36000 -0.15500 0.11000
v 0.36000 -0.16000 0.11000
v 0.36500 -0.16000 0.11000
v 0.36500 -0.15500 0.11000
v 0.36000 -0.15500 0.11000
v 0.36000 -0.16000 0.11500
v 0.36500 -0.16000 0.11500
v 0.36500 -0.15500 0.11500
v 0.36000 -0.15500 0.11500
v 0.36000 -0.16000 0.11500
v 0.36500 -0.16000 0.11500
v 0.36500 -0.15500 0.11500
v 0.36000 -0.15500 0.11500
v 0.36000 -0.16000 0.12000
v 0.36500 -0.16000 0.12000
v 0.36500 -0.15500 0.12000
v 0.36000 -0.15500 0.12000
v 0.36000 -0.16000 0.12000
v 0.36500 -0.16000 0.12000
v 0.36500 -0.15500 0.12000
v 0.36000 -0.15500 0.12000
v 0.36000 -0.16000 0.12500
v 0.36500 -0.16000 0.12500
v 0.36500 -0.15500 0.12500
v 0.36000 -0.15500 0.12500
v 0.36000 -0.16000 0.12500
v 0.36500 -0.16000 0.12500
v 0.36500 -0.15500 0.12500
v 0.36000 -0.15500 0.12500
v 0.36000 -0.16000 0.13000
v 0.36500 -0.16000 0.13000
v 0.36500 -0.15500 0.13000
v 0.36000 -0.15500 0.13000
v 0.36000 -0.16000 0.13000
v 0.36500 -0.16000 0.13000
v 0.36500 -0.15500 0.13000
v 0.36000 -0.15500 0.13000
v 0.36000 -0.16000 0.13500
v 0.36500 -0.16000 0.13500
v 0.36500 -0.15500 0.13500
v 0.36000 -0.15500 0.13500
v 0.36000 -0.16000 0.13500
v 0.36500 -0.16000 0.13500
v 0.36500 -0.15500 0.13500
v 0.36000 -0.15500 0.13500
v 0.36000 -0.16000 0.14000
v 0.36500 -0.16000 0.14000
v 0.36500 -0.15500 0.14000
v 0.36000 -0.15500 0.14000
v 0.36000 -0.16000 0.14000
v 0.36500 -0.16000 0.14000
v 0.36500 -0.15500 0.14000
v 0.36000 -0.15500 0.14000
v 0.36000 -0.16000 0.14500
v 0.36500 -0.16000 0.14500
v 0.36500 -0.15500 0.14500
v 0.36000 -0.15500 0.14500
v 0.36000 -0.16000 0.14500
v 0.36500 -0.16000 0.14500
v 0.36500 -0.15500 0.14500
v 0.36000 -0.15500 0.14500
v 0.36000 -0.16000 0.15000
v 0.36500 -0.16000 0.15000
v 0.36500 -0.15500 0.15000
v 0.36000 -0.15500 0.15000
v 0.36000 -0.16000 0.15000
v 0.36500 -0.16000 0.15000
v 0.36500 -0.15500 0.15000
v 0.36000 -0.15500 0.15000
v 0.36000 -0.16000 0.15500
v 0.36500 -0.16000 0.15500
v 0.36500 -0.15500 0.15500
v 0.36000 -0.15500 0.15500
v 0.36000 -0.15500 0.00000
v 0.36500 -0.15500 0.00000
v 0.36500 -0.15000 0.00000
v 0.36000 -0.15000 0.00000
v 0.36000 -0.15500 0.00500
v 0.36500 -0.15500 0.00500
v 0.36500 -0.15000 0.00500
v 0.36000 -0.15000 0.00500
v 0.36000 -0.15500 0.00500
v 0.36500 -0.15500 0.00500
v 0.36500 -0.15000 0.00500
v 0.36000 -0.15000 0.00500
v 0.36000 -0.15500 0.01000
v 0.36500 -0.15500 0.01000
v 0.36500 -0.15000 0.01000
v 0.36000 -0.15000 0.01000
v 0.36000 -0.15500 0.01000
v 0.36500 -0.15500 0.01000
v 0.36500 -0.15000 0.01000
v 0.36000 -0.15000 0.01000
v 0.36000 -0.15500 0.01500
v 0.36500 -0.15500 0.01500
v 0.36500 -0.15000 0.01500
v 0.36000 -0.15000 0.01500
v 0.36000 -0.15500 0.01500
v 0.36500 -0.15500 0.01500
v 0.36500 -0.15000 0.01500
v 0.36000 -0.15000 0.01500
v 0.36000 -0.15500 0.02000
v 0.36500 -0.15500 0.02000
v 0.36500 -0.15000 0.02000
v 0.36000 -0.15000 0.02000
v 0.36000 -0.15500 0.02000
v 0.36500 -0.15500 0.02000
v 0.36500 -0.15000 0.02000
v 0.36000 -0.15000 0.02000
v 0.36000 -0.15500 0.02500
v 0.36500 -0.15500 0.02500
v 0.36500 -0.15000 0.02500
v 0.36000 -0.15000 0.02500
v 0.36000 -0.15500 0.02500
v 0.36500 -0.15500 0.02500
v 0.36500 -0.15000 0.02500
v 0.36000 -0.15000 0.02500
v 0.36000 -0.15500 0.03000
v 0.36500 -0.15500 0.03000
v 0.36500 -0.15000 0.03000
v 0.36000 -0.15000 0.03000
v 0.36000 -0.15500 0.03000
v 0.36500 -0.15500 0.03000
v 0.36500 -0.15000 0.03000
v 0.36000 -0.15000 0.03000
v 0.36000 -0.15500 0.03500
v 0.36500 -0.15500 0.03500
v 0.36500 -0.15000 0.03500
v 0.36000 -0.15000 0.03500
v 0.36000 -0.15500 0.03500
v 0.36500 -0.15500 0.03500
v 0.36500 -0.15000 0.03500
v 0.36000 -0.15000 0.03500
v 0.36000 -0.15500 0.04000
v 0.36500 -0.15500 0.04000
v 0.36500 -0.15000 0.04000
v 0.36000 -0.15000 0.04000
v 0.36000 -0.15500 0.04000
v 0.36500 -0.15500 0.04000
v 0.36500 -0.15000 0.04000
v 0.36000 -0.15000 0.04000
v 0.36000 -0.15500 0.04500
v 0.36500 -0.15500 0.04500
v 0.36500 -0.15000 0.04500
v 0.36000 -0.15000 0.04500
v 0.36000 -0.15500 0.04500
v 0.36500 -0.15500 0.04500
v 0.36500 -0.15000 0.04500
v 0.36000 -0.15000 0.04500
v 0.36000 -0.15500 0.05000
v 0.36500 -0.15500 0.05000
v 0.36500 -0.15000 0.05000
v 0.36000 -0.15000 0.05000
v 0.36000 -0.15500 0.05000
v 0.36500 -0.15500 0.05000
v 0.36500 -0.15000 0.05000
v 0.36000 -0.15000 0.05000
v 0.36000 -0.15500 0.05500
v 0.36500 -0.15500 0.05500
v 0.36500 -0.15000 0.05500
v 0.36000 -0.15000 0.05500
v 0.36000 -0.15500 0.05500
v 0.36500 -0.15500 0.05500
v 0.36500 -0.15000 0.05500
v 0.36000 -0.15000 0.05500
v 0.36000 -0.15500 0.06000
v 0.36500 -0.15500 0.06000
v 0.36500 -0.15000 0.06000
v 0.36000 -0.15000 0.06000
v 0.36000 -0.15500 0.06000
v 0.36500 -0.15500 0.06000
v 0.36500 -0.15000 0.06000
v 0.36000 -0.15000 0.06000
v 0.36000 -0.15500 0.06500
v 0.36500 -0.15500 0.06500
v 0.36500 -0.15000 0.06500
v 0.36000 -0.15000 0.06500
v 0.36000 -0.15500 0.06500
v 0.36500 -0.15500 0.06500
v 0.36500 -0.15000 0.06500
v 0.36000 -0.15000 0.06500
v 0.36000 -0.15500 0.07000
v 0.36500 -0.15500 0.07000
v 0.36500 -0.15000 0.07000
v 0.36000 -0.15000 0.07000
v 0.36500 -0.22000 0.02000
v 0.37000 -0.22000 0.02000
v 0.37000 -0.21500 0.02000
v 0.36500 -0.21500 0.02000
v 0.36500 -0.22000 0.02500
v 0.37000 -0.22000 0.02500
v 0.37000 -0.21500 0.02500
v 0.36500 -0.21500 0.02500
v 0.36500 -0.22000 0.02500
v 0.37000 -0.22000 0.02500
v 0.37000 -0.21500 0.02500
v 0.36500 -0.21500 0.02500
v 0.36500 -0.22000 0.03000
v 0.37000 -0.22000 0.03000
v 0.37000 -0.21500 0.03000
v 0.36500 -0.21500 0.03000
v 0.36500 -0.22000 0.03500
v 0.37000 -0.22000 0.03500
v 0.37000 -0.21500 0.03500
v 0.36500 -0.21500 0.03500
v 0.36500 -0.22000 0.04000
v 0.37000 -0.22000 0.04000
v 0.37000 -0.21500 0.04000
v 0.36500 -0.21500 0.04000
v 0.36500 -0.21500 0.00000
v 0.37000 -0.21500 0.00000
v 0.37000 -0.21000 0.00000
v 0.36500 -0.21000 0.00000
v 0.36500 -0.21500 0.00500
v 0.37000 -0.21500 0.00500
v 0.37000 -0.21000 0.00500
v 0.36500 -0.21000 0.00500
v 0.36500 -0.21500 0.00500
v 0.37000 -0.21500 0.00500
v 0.37000 -0.21000 0.00500
v 0.36500 -0.21000 0.00500
v 0.36500 -0.21500 0.01000
v 0.37000 -0.21500 0.01000
v 0.37000 -0.21000 0.01000
v 0.36500 -0.21000 0.01000
v 0.36500 -0.21500 0.01000
v 0.37000 -0.21500 0.01000
v 0.37000 -0.21000 0.01000
v 0.36500 -0.21000 0.01000
v 0.36500 -0.21500 0.01500
v 0.37000 -0.21500 0.01500
v 0.37000 -0.21000 0.01500
v 0.36500 -0.21000 0.01500
v 0.36500 -0.21500 0.04000
v 0.37000 -0.21500 0.04000
v 0.37000 -0.21000 0.04000
v 0.36500 -0.21000 0.04000
v 0.36500 -0.21500 0.04500
v 0.37000 -0.21500 0.04500
v 0.37000 -0.21000 0.04500
v 0.36500 -0.21000 0.04500
v 0.36500 -0.21500 0.04500
v 0.37000 -0.21500 0.04500
v 0.37000 -0.21000 0.04500
v 0.36500 -0.21000 0.04500
v 0.36500 -0.21500 0.05000
v 0.37000 -0.21500 0.05000
v 0.37000 -0.21000 0.05000
v 0.36500 -0.21000 0.05000
v 0.36500 -0.21500 0.05000
v 0.37000 -0.21500 0.05000
v 0.37000 -0.21000 0.05000
v 0.36500 -0.21000 0.05000
v 0.36500 -0.21500 0.05500
v 0.37000 -0.21500 0.05500
v 0.37000 -0.21000 0.05500
v 0.36500 -0.21000 0.05500
v 0.36500 -0.21500 0.05500
v 0.37000 -0.21500 0.05500
v 0.37000 -0.21000 0.05500
v 0.36500 -0.21000 0.05500
v 0.36500 -0.21500 0.06000
v 0.37000 -0.21500 0.06000
v 0.37000 -0.21000 0.06000
v 0.36500 -0.21000 0.06000
v 0.36500 -0.21500 0.06000
v 0.37000 -0.21500 0.06000
v 0.37000 -0.21000 0.06000
v 0.36500 -0.21000 0.06000
v 0.36500 -0.21500 0.06500
v 0.37000 -0.21500 0.06500
v 0.37000 -0.21000 0.06500
v 0.36500 -0.21000 0.06500
v 0.36500 -0.21500 0.06500
v 0.37000 -0.21500 0.06500
v 0.37000 -0.21000 0.06500
v 0.36500 -0.21000 0.06500
v 0.36500 -0.21500 0.07000
v 0.37000 -0.21500 0.07000
v 0.37000 -0.21000 0.07000
v 0.36500 -0.21000 0.07000
v 0.36500 -0.21500 0.07000
v 0.37000 -0.21500 0.07000
v 0.37000 -0.21000 0.07000
v 0.36500 -0.21000 0.07000
v 0.36500 -0.21500 0.07500
v 0.37000 -0.21500 0.07500
v 0.37000 -0.21000 0.07500
v 0.36500 -0.21000 0.07500
v 0.36500 -0.21500 0.07500
v 0.37000 -0.21500 0.07500
v 0.37000 -0.21000 0.07500
v 0.36500 -0.21000 0.07500
v 0.36500 -0.21500 0.08000
v 0.37000 -0.21500 0.08000
v 0.37000 -0.21000 0.08000
v 0.36500 -0.21000 0.08000
v 0.36500 -0.21500 0.08000
v 0.37000 -0.21500 0.08000
v 0.37000 -0.21000 0.08000
v 0.36500 -0.21000 0.08000
v 0.36500 -0.21500 0.08500
v 0.37000 -0.21500 0.08500
v 0.37000 -0.21000 0.08500
v 0.36500 -0.21000 0.08500
v 0.36500 -0.21500 0.08500
v 0.37000 -0.21500 0.08500
v 0.37000 -0.21000 0.08500
v 0.36500 -0.21000 0.08500
v 0.36500 -0.21500 0.09000
v 0.37000 -0.21500 0.09000
v 0.37000 -0.21000 0.09000
v 0.36500 -0.21000 0.09000
v 0.36500 -0.21500 0.09000
v 0.37000 -0.21500 0.09000
v 0.37000 -0.21000 0.09000
v 0.36500 -0.21000 0.09000
v 0.36500 -0.21500 0.09500
v 0.37000 -0.21500 0.09500
v 0.37000 -0.21000 0.09500
v 0.36500 -0.21000 0.09500
v 0.36500 -0.21500 0.09500
v 0.37000 -0.21500 0.09500
v 0.37000 -0.21000 0.09500
v 0.36500 -0.21000 0.09500
v 0.36500 -0.21500 0.10000
v 0.37000 -0.21500 0.10000
v 0.37000 -0.21000 0.10000
v 0.36500 -0.21000 0.10000
v 0.36500 -0.21500 0.10000
v 0.37000 -0.21500 0.10000
v 0.37000 -0.21000 0.10000
v 0.36500 -0.21000 0.10000
v 0.36500 -0.21500 0.10500
v 0.37000 -0.21500 0.10500
v 0.37000 -0.21000 0.10500
v 0.36500 -0.21000 0.10500
v 0.36500 -0.21500 0.10500
v 0.37000 -0.21500 0.10500
v 0.37000 -0.21000 0.10500
v 0.36500 -0.21000 0.10500
v 0.36500 -0.21500 0.11000
v 0.37000 -0.21500 0.11000
v 0.37000 -0.21000 0.11000
v 0.36500 -0.21000 0.11000
v 0.36500 -0.21000 0.11000
v 0.37000 -0.21000 0.11000
v 0.37000 -0.20500 0.11000
v 0.36500 -0.20500 0.11000
v 0.36500 -0.21000 0.11500
v 0.37000 -0.21000 0.11500
v 0.37000 -0.20500 0.11500
v 0.36500 -0.20500 0.11500
v 0.36500 -0.21000 0.11500
v 0.37000 -0.21000 0.11500
v 0.37000 -0.20500 0.11500
v 0.36500 -0.20500 0.11500
v 0.36500 -0.21000 0.12000
v 0.37000 -0.21000 0.12000
v 0.37000 -0.20500 0.12000
v 0.36500 -0.20500 0.12000
v 0.36500 -0.21000 0.12000
v 0.37000 -0.21000 0.12000
v 0.37000 -0.20500 0.12000
v 0.36500 -0.20500 0.12000
v 0.36500 -0.21000 0.12500
v 0.37000 -0.21000 0.12500
v 0.37000 -0.20500 0.12500
v 0.36500 -0.20500 0.12500
v 0.36500 -0.21000 0.12500
v 0.37000 -0.21000 0.12500
v 0.37000 -0.20500 0.12500
v 0.36500 -0.20500 0.12500
v 0.36500 -0.21000 0.13000
v 0.37000 -0.21000 0.13000
v 0.37000 -0.20500 0.13000
v 0.36500 -0.20500 0.13000
v 0.36500 -0.21000 0.13000
v 0.37000 -0.21000 0.13000
v 0.37000 -0.20500 0.13000
v 0.36500 -0.20500 0.13000
v 0.36500 -0.21000 0.13500
v 0.37000 -0.21000 0.13500
v 0.37000 -0.20500 0.13500
v 0.36500 -0.20500 0.13500
v 0.36500 -0.21000 0.13500
v 0.37000 -0.21000 0.13500
v 0.37000 -0.20500 0.13500
v 0.36500 -0.20500 0.13500
v 0.36500 -0.21000 0.14000
v 0.37000 -0.21000 0.14000
v 0.37000 -0.20500 0.14000
v 0.36500 -0.20500 0.14000
v 0.36500 -0.21000 0.14000
v 0.37000 -0.21000 0.14000
v 0.37000 -0.20500 0.14000
v 0.36500 -0.20500 0.14000
v 0.36500 -0.21000 0.14500
v 0.37000 -0.21000 0.14500
v 0.37000 -0.20500 0.14500
v 0.36500 -0.20500 0.14500
v 0.36500 -0.21000 0.14500
v 0.37000 -0.21000 0.14500
v 0.37000 -0.20500 0.14500
v 0.36500 -0.20500 0.14500
v 0.36500 -0.21000 0.15000
v 0.37000 -0.21000 0.15000
v 0.37000 -0.20500 0.15000
v 0.36500 -0.20500 0.15000
v 0.36500 -0.21000 0.15000
v 0.37000 -0.21000 0.15000
v 0.37000 -0.20500 0.15000
v 0.36500 -0.20500 0.15000
v 0.36500 -0.21000 0.15500
v 0.37000 -0.21000 0.15500
v 0.37000 -0.20500 0.15500
v 0.36500 -0.20500 0.15500
v 0.36500 -0.21000 0.15500
v 0.37000 -0.21000 0.15500
v 0.37000 -0.20500 0.15500
v 0.36500 -0.20500 0.15500
v 0.36500 -0.21000 0.16000
v 0.37000 -0.21000 0.16000
v 0.37000 -0.20500 0.16000
v 0.36500 -0.20500 0.16000
v 0.36500 -0.21000 0.16000
v 0.37000 -0.21000 0.16000
v 0.37000 -0.20500 0.16000
v 0.36500 -0.20500 0.16000
v 0.36500 -0.21000 0.16500
v 0.37000 -0.21000 0.16500
v 0.37000 -0.20500 0.16500
v 0.36500 -0.20500 0.16500
v 0.36500 -0.21000 0.16500
v 0.37000 -0.21000 0.16500
v 0.37000 -0.20500 0.16500
v 0.36500 -0.20500 0.16500
v 0.36500 -0.21000 0.17000
v 0.37000 -0.21000 0.17000
v 0.37000 -0.20500 0.17000
v 0.36500 -0.20500 0.17000
v 0.36500 -0.20500 0.17000
v 0.37000 -0.20500 0.17000
v 0.37000 -0.20000 0.17000
v 0.36500 -0.20000 0.17000
v 0.36500 -0.20500 0.17500
v 0.37000 -0.20500 0.17500
v 0.37000 -0.20000 0.17500
v 0.36500 -0.20000 0.17500
v 0.36500 -0.20500 0.17500
v 0.37000 -0.20500 0.17500
v 0.37000 -0.20000 0.17500
v 0.36500 -0.20000 0.17500
v 0.36500 -0.20500 0.18000
v 0.37000 -0.20500 0.18000
v 0.37000 -0.20000 0.18000
v 0.36500 -0.20000 0.18000
v 0.36500 -0.20500 0.18000
v 0.37000 -0.20500 0.18000
v 0.37000 -0.20000 0.18000
v 0.36500 -0.20000 0.18000
v 0.36500 -0.20500 0.18500
v 0.37000 -0.20500 0.18500
v 0.37000 -0.20000 0.18500
v 0.36500 -0.20000 0.18500
v 0.36500 -0.20500 0.18500
v 0.37000 -0.20500 0.18500
v 0.37000 -0.20000 0.18500
v 0.36500 -0.20000 0.18500
v 0.36500 -0.20500 0.19000
v 0.37000 -0.20500 0.19000
v 0.37000 -0.20000 0.19000
v 0.36500 -0.20000 0.19000
v 0.36500 -0.20500 0.19000
v 0.37000 -0.20500 0.19000
v 0.37000 -0.20000 0.19000
v 0.36500 -0.20000 0.19000
v 0.36500 -0.20500 0.19500
v 0.37000 -0.20500 0.19500
v 0.37000 -0.20000 0.19500
v 0.36500 -0.20000 0.19500
v 0.36500 -0.20500 0.19500
v 0.37000 -0.20500 0.19500
v 0.37000 -0.20000 0.19500
v 0.36500 -0.20000 0.19500
v 0.36500 -0.20500 0.20000
v 0.37000 -0.20500 0.20000
v 0.37000 -0.20000 0.20000
v 0.36500 -0.20000 0.20000
v 0.36500 -0.20500 0.20000
v 0.37000 -0.20500 0.20000
v 0.37000 -0.20000 0.20000
v 0.36500 -0.20000 0.20000
v 0.36500 -0.20500 0.20500
v 0.37000 -0.20500 0.20500
v 0.37000 -0.20000 0.20500
v 0.36500 -0.20000 0.20500
v 0.36500 -0.20500 0.20500
v 0.37000 -0.20500 0.20500
v 0.37000 -0.20000 0.20500
v 0.36500 -0.20000 0.20500
v 0.36500 -0.20500 0.21000
v 0.37000 -0.20500 0.21000
v 0.37000 -0.20000 0.21000
v 0.36500 -0.20000 0.21000
v 0.36500 -0.20500 0.21000
v 0.37000 -0.20500 0.21000
v 0.37000 -0.20000 0.21000
v 0.36500 -0.20000 0.21000
v 0.36500 -0.20500 0.21500
v 0.37000 -0.20500 0.21500
v 0.37000 -0.20000 0.21500
v 0.36500 -0.20000 0.21500
v 0.36500 -0.17500 0.23000
v 0.37000 -0.17500 0.23000
v 0.37000 -0.17000 0.23000
v 0.36500 -0.17000 0.23000
v 0.36500 -0.17500 0.23500
v 0.37000 -0.17500 0.23500
v 0.37000 -0.17000 0.23500
v 0.36500 -0.17000 0.23500
v 0.36500 -0.17000 0.22000
v 0.37000 -0.17000 0.22000
v 0.37000 -0.16500 0.22000
v 0.36500 -0.16500 0.22000
v 0.36500 -0.17000 0.22500
v 0.37000 -0.17000 0.22500
v 0.37000 -0.16500 0.22500
v 0.36500 -0.16500 0.22500
v 0.36500 -0.17000 0.22500
v 0.37000 -0.17000 0.22500
v 0.37000 -0.16500 0.22500
v 0.36500 -0.16500 0.22500
v 0.36500 -0.17000 0.23000
v 0.37000 -0.17000 0.23000
v 0.37000 -0.16500 0.23000
v 0.36500 -0.16500 0.23000
v 0.36500 -0.16500 0.18000
v 0.37000 -0.16500 0.18000
v 0.37000 -0.16000 0.18000
v 0.36500 -0.16000 0.18000
v 0.36500 -0.16500 0.18500
v 0.37000 -0.16500 0.18500
v 0.37000 -0.16000 0.18500
v 0.36500 -0.16000 0.18500
v 0.36500 -0.16500 0.18500
v 0.37000 -0.16500 0.18500
v 0.37000 -0.16000 0.18500
v 0.36500 -0.16000 0.18500
v 0.36500 -0.16500 0.19000
v 0.37000 -0.16500 0.19000
v 0.37000 -0.16000 0.19000
v 0.36500 -0.16000 0.19000
v 0.36500 -0.16500 0.19000
v 0.37000 -0.16500 0.19000
v 0.37000 -0.16000 0.19000
v 0.36500 -0.16000 0.19000
v 0.36500 -0.16500 0.19500
v 0.37000 -0.16500 0.19500
v 0.37000 -0.16000 0.19500
v 0.36500 -0.16000 0.19500
v 0.36500 -0.16500 0.19500
v 0.37000 -0.16500 0.19500
v 0.37000 -0.16000 0.19500
v 0.36500 -0.16000 0.19500
v 0.36500 -0.16500 0.20000
v 0.37000 -0.16500 0.20000
v 0.37000 -0.16000 0.20000
v 0.36500 -0.16000 0.20000
v 0.36500 -0.16500 0.20000
v 0.37000 -0.16500 0.20000
v 0.37000 -0.16000 0.20000
v 0.36500 -0.16000 0.20000
v 0.36500 -0.16500 0.20500
v 0.37000 -0.16500 0.20500
v 0.37000 -0.16000 0.20500
v 0.36500 -0.16000 0.20500
v 0.36500 -0.16500 0.20500
v 0.37000 -0.16500 0.20500
v 0.37000 -0.16000 0.20500
v 0.36500 -0.16000 0.20500
v 0.36500 -0.16500 0.21000
v 0.37000 -0.16500 0.21000
v 0.37000 -0.16000 0.21000
v 0.36500 -0.16000 0.21000
v 0.36500 -0.16500 0.21000
v 0.37000 -0.16500 0.21000
v 0.37000 -0.16000 0.21000
v 0.36500 -0.16000 0.21000
v 0.36500 -0.16500 0.21500
v 0.37000 -0.16500 0.21500
v 0.37000 -0.16000 0.21500
v 0.36500 -0.16000 0.21500
v 0.36500 -0.16500 0.21500
v 0.37000 -0.16500 0.21500
v 0.37000 -0.16000 0.21500
v 0.36500 -0.16000 0.21500
v 0.36500 -0.16500 0.22000
v 0.37000 -0.16500 0.22000
v 0.37000 -0.16000 0.22000
v 0.36500 -0.16000 0.22000
v 0.36500 -0.16000 0.09500
v 0.37000 -0.16000 0.09500
v 0.37000 -0.15500 0.09500
v 0.36500 -0.15500 0.09500
v 0.36500 -0.16000 0.10000
v 0.37000 -0.16000 0.10000
v 0.37000 -0.15500 0.10000
v 0.36500 -0.15500 0.10000
v 0.36500 -0.16000 0.10000
v 0.37000 -0.16000 0.10000
v 0.37000 -0.15500 0.10000
v 0.36500 -0.15500 0.10000
v 0.36500 -0.16000 0.10500
v 0.37000 -0.16000 0.10500
v 0.37000 -0.15500 0.10500
v 0.36500 -0.15500 0.10500
v 0.36500 -0.16000 0.10500
v 0.37000 -0.16000 0.10500
v 0.37000 -0.15500 0.10500
v 0.36500 -0.15500 0.10500
v 0.36500 -0.16000 0.11000
v 0.37000 -0.16000 0.11000
v 0.37000 -0.15500 0.11000
v 0.36500 -0.15500 0.11000
v 0.36500 -0.16000 0.11000
v 0.37000 -0.16000 0.11000
v 0.37000 -0.15500 0.11000
v 0.36500 -0.15500 0.11000
v 0.36500 -0.16000 0.11500
v 0.37000 -0.16000 0.11500
v 0.37000 -0.15500 0.11500
v 0.36500 -0.15500 0.11500
v 0.36500 -0.16000 0.11500
v 0.37000 -0.16000 0.11500
v 0.37000 -0.15500 0.11500
v 0.36500 -0.15500 0.11500
v 0.36500 -0.16000 0.12000
v 0.37000 -0.16000 0.12000
v 0.37000 -0.15500 0.12000
v 0.36500 -0.15500 0.12000
v 0.36500 -0.16000 0.12000
v 0.37000 -0.16000 0.12000
v 0.37000 -0.15500 0.12000
v 0.36500 -0.15500 0.12000
v 0.36500 -0.16000 0.12500
v 0.37000 -0.16000 0.12500
v 0.37000 -0.15500 0.12500
v 0.36500 -0.15500 0.12500
v 0.36500 -0.16000 0.12500
v 0.37000 -0.16000 0.12500
v 0.37000 -0.15500 0.12500
v 0.36500 -0.15500 0.12500
v 0.36500 -0.16000 0.13000
v 0.37000 -0.16000 0.13000
v 0.37000 -0.15500 0.13000
v 0.36500 -0.15500 0.13000
v 0.36500 -0.16000 0.13000
v 0.37000 -0.16000 0.13000
v 0.37000 -0.15500 0.13000
v 0.36500 -0.15500 0.13000
v 0.36500 -0.16000 0.13500
v 0.37000 -0.16000 0.13500
v 0.37000 -0.15500 0.13500
v 0.36500 -0.15500 0.13500
v 0.36500 -0.16000 0.13500
v 0.37000 -0.16000 0.13500
v 0.37000 -0.15500 0.13500
v 0.36500 -0.15500 0.13500
v 0.36500 -0.16000 0.14000
v 0.37000 -0.16000 0.14000
v 0.37000 -0.15500 0.14000
v 0.36500 -0.15500 0.14000
v 0.36500 -0.16000 0.14000
v 0.37000 -0.16000 0.14000
v 0.37000 -0.15500 0.14000
v 0.36500 -0.15500 0.14000
v 0.36500 -0.16000 0.14500
v 0.37000 -0.16000 0.14500
v 0.37000 -0.15500 0.14500
v 0.36500 -0.15500 0.14500
v 0.36500 -0.16000 0.14500
v 0.37000 -0.16000 0.14500
v 0.37000 -0.15500 0.14500
v 0.36500 -0.15500 0.14500
v 0.36500 -0.16000 0.15000
v 0.37000 -0.16000 0.15000
v 0.37000 -0.15500 0.15000
v 0.36500 -0.15500 0.15000
v 0.36500 -0.16000 0.15000
v 0.37000 -0.16000 0.15000
v 0.37000 -0.15500 0.15000
v 0.36500 -0.15500 0.15000
v 0.36500 -0.16000 0.15500
v 0.37000 -0.16000 0.15500
v 0.37000 -0.15500 0.15500
v 0.36500 -0.15500 0.15500
v 0.36500 -0.16000 0.15500
v 0.37000 -0.16000 0.15500
v 0.37000 -0.15500 0.15500
v 0.36500 -0.15500 0.15500
v 0.36500 -0.16000 0.16000
v 0.37000 -0.16000 0.16000
v 0.37000 -0.15500 0.16000
v 0.36500 -0.15500 0.16000
v 0.36500 -0.16000 0.16000
v 0.37000 -0.16000 0.16000
v 0.37000 -0.15500 0.16000
v 0.36500 -0.15500 0.16000
v 0.36500 -0.16000 0.16500
v 0.37000 -0.16000 0.16500
v 0.37000 -0.15500 0.16500
v 0.36500 -0.15500 0.16500
v 0.36500 -0.16000 0.16500
v 0.37000 -0.16000 0.16500
v 0.37000 -0.15500 0.16500
v 0.36500 -0.15500 0.16500
v 0.36500 -0.16000 0.17000
v 0.37000 -0.16000 0.17000
v 0.37000 -0.15500 0.17000
v 0.36500 -0.15500 0.17000
v 0.36500 -0.16000 0.17000
v 0.37000 -0.16000 0.17000
v 0.37000 -0.15500 0.17000
v 0.36500 -0.15500 0.17000
v 0.36500 -0.16000 0.17500
v 0.37000 -0.16000 0.17500
v 0.37000 -0.15500 0.17500
v 0.36500 -0.15500 0.17500
v 0.36500 -0.16000 0.17500
v 0.37000 -0.16000 0.17500
v 0.37000 -0.15500 0.17500
v 0.36500 -0.15500 0.17500
v 0.36500 -0.16000 0.18000
v 0.37000 -0.16000 0.18000
v 0.37000 -0.15500 0.18000
v 0.36500 -0.15500 0.18000
v 0.36500 -0.15500 0.00000
v 0.37000 -0.15500 0.00000
v 0.37000 -0.15000 0.00000
v 0.36500 -0.15000 0.00000
v 0.36500 -0.15500 0.00500
v 0.37000 -0.15500 0.00500
v 0.37000 -0.15000 0.00500
v 0.36500 -0.15000 0.00500
v 0.36500 -0.15500 0.00500
v 0.37000 -0.15500 0.00500
v 0.37000 -0.15000 0.00500
v 0.36500 -0.15000 0.00500
v 0.36500 -0.15500 0.01000
v 0.37000 -0.15500 0.01000
v 0.37000 -0.15000 0.01000
v 0.36500 -0.15000 0.01000
v 0.36500 -0.15500 0.01000
v 0.37000 -0.15500 0.01000
v 0.37000 -0.15000 0.01000
v 0.36500 -0.15000 0.01000
v 0.36500 -0.15500 0.01500
v 0.37000 -0.15500 0.01500
v 0.37000 -0.15000 0.01500
v 0.36500 -0.15000 0.01500
v 0.36500 -0.15500 0.01500
v 0.37000 -0.15500 0.01500
v 0.37000 -0.15000 0.01500
v 0.36500 -0.15000 0.01500
v 0.36500 -0.15500 0.02000
v 0.37000 -0.15500 0.02000
v 0.37000 -0.15000 0.02000
v 0.36500 -0.15000 0.02000
v 0.36500 -0.15500 0.02000
v 0.37000 -0.15500 0.02000
v 0.37000 -0.15000 0.02000
v 0.36500 -0.15000 0.02000
v 0.36500 -0.15500 0.02500
v 0.37000 -0.15500 0.02500
v 0.37000 -0.15000 0.02500
v 0.36500 -0.15000 0.02500
v 0.36500 -0.15500 0.02500
v 0.37000 -0.15500 0.02500
v 0.37000 -0.15000 0.02500
v 0.36500 -0.15000 0.02500
v 0.36500 -0.15500 0.03000
v 0.37000 -0.15500 0.03000
v 0.37000 -0.15000 0.03000
v 0.36500 -0.15000 0.03000
v 0.36500 -0.15500 0.03000
v 0.37000 -0.15500 0.03000
v 0.37000 -0.15000 0.03000
v 0.36500 -0.15000 0.03000
v 0.36500 -0.15500 0.03500
v 0.37000 -0.15500 0.03500
v 0.37000 -0.15000 0.03500
v 0.36500 -0.15000 0.03500
v 0.36500 -0.15500 0.03500
v 0.37000 -0.15500 0.03500
v 0.37000 -0.15000 0.03500
v 0.36500 -0.15000 0.03500
v 0.36500 -0.15500 0.04000
v 0.37000 -0.15500 0.04000
v 0.37000 -0.15000 0.04000
v 0.36500 -0.15000 0.04000
v 0.36500 -0.15500 0.04000
v 0.37000 -0.15500 0.04000
v 0.37000 -0.15000 0.04000
v 0.36500 -0.15000 0.04000
v 0.36500 -0.15500 0.04500
v 0.37000 -0.15500 0.04500
v 0.37000 -0.15000 0.04500
v 0.36500 -0.15000 0.04500
v 0.36500 -0.15500 0.04500
v 0.37000 -0.15500 0.04500
v 0.37000 -0.15000 0.04500
v 0.36500 -0.15000 0.04500
v 0.36500 -0.15500 0.05000
v 0.37000 -0.15500 0.05000
v 0.37000 -0.15000 0.05000
v 0.36500 -0.15000 0.05000
v 0.36500 -0.15500 0.05000
v 0.37000 -0.15500 0.05000
v 0.37000 -0.15000 0.05000
v 0.36500 -0.15000 0.05000
v 0.36500 -0.15500 0.05500
v 0.37000 -0.15500 0.05500
v 0.37000 -0.15000 0.05500
v 0.36500 -0.15000 0.05500
v 0.36500 -0.15500 0.05500
v 0.37000 -0.15500 0.05500
v 0.37000 -0.15000 0.05500
v 0.36500 -0.15000 0.05500
v 0.36500 -0.15500 0.06000
v 0.37000 -0.15500 0.06000
v 0.37000 -0.15000 0.06000
v 0.36500 -0.15000 0.06000
v 0.36500 -0.15500 0.06000
v 0.37000 -0.15500 0.06000
v 0.37000 -0.15000 0.06000
v 0.36500 -0.15000 0.06000
v 0.36500 -0.15500 0.06500
v 0.37000 -0.15500 0.06500
v 0.37000 -0.15000 0.06500
v 0.36500 -0.15000 0.06500
v 0.36500 -0.15500 0.06500
v 0.37000 -0.15500 0.06500
v 0.37000 -0.15000 0.06500
v 0.36500 -0.15000 0.06500
v 0.36500 -0.15500 0.07000
v 0.37000 -0.15500 0.07000
v 0.37000 -0.15000 0.07000
v 0.36500 -0.15000 0.07000
v 0.36500 -0.15500 0.07000
v 0.37000 -0.15500 0.07000
v 0.37000 -0.15000 0.07000
v 0.36500 -0.15000 0.07000
v 0.36500 -0.15500 0.07500
v 0.37000 -0.15500 0.07500
v 0.37000 -0.15000 0.07500
v 0.36500 -0.15000 0.07500
v 0.36500 -0.15500 0.07500
v 0.37000 -0.15500 0.07500
v 0.37000 -0.15000 0.07500
v 0.36500 -0.15000 0.07500
v 0.36500 -0.15500 0.08000
v 0.37000 -0.15500 0.08000
v 0.37000 -0.15000 0.08000
v 0.36500 -0.15000 0.08000
v 0.36500 -0.15500 0.08000
v 0.37000 -0.15500 0.08000
v 0.37000 -0.15000 0.08000
v 0.36500 -0.15000 0.08000
v 0.36500 -0.15500 0.08500
v 0.37000 -0.15500 0.08500
v 0.37000 -0.15000 0.08500
v 0.36500 -0.15000 0.08500
v 0.36500 -0.15500 0.08500
v 0.37000 -0.15500 0.08500
v 0.37000 -0.15000 0.08500
v 0.36500 -0.15000 0.08500
v 0.36500 -0.15500 0.09000
v 0.37000 -0.15500 0.09000
v 0.37000 -0.15000 0.09000
v 0.36500 -0.15000 0.09000
v 0.36500 -0.15500 0.09000
v 0.37000 -0.15500 0.09000
v 0.37000 -0.15000 0.09000
v 0.36500 -0.15000 0.09000
v 0.36500 -0.15500 0.09500
v 0.37000 -0.15500 0.09500
v 0.37000 -0.15000 0.09500
v 0.36500 -0.15000 0.09500
v 0.37000 -0.22000 0.02500
v 0.37500 -0.22000 0.02500
v 0.37500 -0.21500 0.02500
v 0.37000 -0.21500 0.02500
v 0.37000 -0.22000 0.03000
v 0.37500 -0.22000 0.03000
v 0.37500 -0.21500 0.03000
v 0.37000 -0.21500 0.03000
v 0.37000 -0.22000 0.03000
v 0.37500 -0.22000 0.03000
v 0.37500 -0.21500 0.03000
v 0.37000 -0.21500 0.03000
v 0.37000 -0.22000 0.03500
v 0.37500 -0.22000 0.03500
v 0.37500 -0.21500 0.03500
v 0.37000 -0.21500 0.03500
v 0.37000 -0.22000 0.03500
v 0.37500 -0.22000 0.03500
v 0.37500 -0.21500 0.03500
v 0.37000 -0.21500 0.03500
v 0.37000 -0.22000 0.04000
v 0.37500 -0.22000 0.04000
v 0.37500 -0.21500 0.04000
v 0.37000 -0.21500 0.04000
v 0.37000 -0.21500 0.01000
v 0.37500 -0.21500 0.01000
v 0.37500 -0.21000 0.01000
v 0.37000 -0.21000 0.01000
v 0.37000 -0.21500 0.01500
v 0.37500 -0.21500 0.01500
v 0.37500 -0.21000 0.01500
v 0.37000 -0.21000 0.01500
v 0.37000 -0.21500 0.04000
v 0.37500 -0.21500 0.04000
v 0.37500 -0.21000 0.04000
v 0.37000 -0.21000 0.04000
v 0.37000 -0.21500 0.04500
v 0.37500 -0.21500 0.04500
v 0.37500 -0.21000 0.04500
v 0.37000 -0.21000 0.04500
v 0.37000 -0.21500 0.04500
v 0.37500 -0.21500 0.04500
v 0.37500 -0.21000 0.04500
v 0.37000 -0.21000 0.04500
v 0.37000 -0.21500 0.05000
v 0.37500 -0.21500 0.05000
v 0.37500 -0.21000 0.05000
v 0.37000 -0.21000 0.05000
v 0.37000 -0.21500 0.05000
v 0.37500 -0.21500 0.05000
v 0.37500 -0.21000 0.05000
v 0.37000 -0.21000 0.05000
v 0.37000 -0.21500 0.05500
v 0.37500 -0.21500 0.05500
v 0.37500 -0.21000 0.05500
v 0.37000 -0.21000 0.05500
v 0.37000 -0.21500 0.05500
v 0.37500 -0.21500 0.05500
v 0.37500 -0.21000 0.05500
v 0.37000 -0.21000 0.05500
v 0.37000 -0.21500 0.06000
v 0.37500 -0.21500 0.06000
v 0.37500 -0.21000 0.06000
v 0.37000 -0.21000 0.06000
v 0.37000 -0.21500 0.06000
v 0.37500 -0.21500 0.06000
v 0.37500 -0.21000 0.06000
v 0.37000 -0.21000 0.06000
v 0.37000 -0.21500 0.06500
v 0.37500 -0.21500 0.06500
v 0.37500 -0.21000 0.06500
v 0.37000 -0.21000 0.06500
v 0.37000 -0.21500 0.06500
v 0.37500 -0.21500 0.06500
v 0.37500 -0.21000 0.06500
v 0.37000 -0.21000 0.06500
v 0.37000 -0.21500 0.07000
v 0.37500 -0.21500 0.07000
v 0.37500 -0.21000 0.07000
v 0.37000 -0.21000 0.07000
v 0.37000 -0.21500 0.07000
v 0.37500 -0.21500 0.07000
v 0.37500 -0.21000 0.07000
v 0.37000 -0.21000 0.07000
v 0.37000 -0.21500 0.07500
v 0.37500 -0.21500 0.07500
v 0.37500 -0.21000 0.07500
v 0.37000 -0.21000 0.07500
v 0.37000 -0.21500 0.07500
v 0.37500 -0.21500 0.07500
v 0.37500 -0.21000 0.07500
v 0.37000 -0.21000 0.07500
v 0.37000 -0.21500 0.08000
v 0.37500 -0.21500 0.08000
v 0.37500 -0.21000 0.08000
v 0.37000 -0.21000 0.08000
v 0.37000 -0.21500 0.08000
v 0.37500 -0.21500 0.08000
v 0.37500 -0.21000 0.08000
v 0.37000 -0.21000 0.08000
v 0.37000 -0.21500 0.08500
v 0.37500 -0.21500 0.08500
v 0.37500 -0.21000 0.08500
v 0.37000 -0.21000 0.08500
v 0.37000 -0.21500 0.08500
v 0.37500 -0.21500 0.08500
v 0.37500 -0.21000 0.08500
v 0.37000 -0.21000 0.08500
v 0.37000 -0.21500 0.09000
v 0.37500 -0.21500 0.09000
v 0.37500 -0.21000 0.09000
v 0.37000 -0.21000 0.09000
v 0.37000 -0.21500 0.09000
v 0.37500 -0.21500 0.09000
v 0.37500 -0.21000 0.09000
v 0.37000 -0.21000 0.09000
v 0.37000 -0.21500 0.09500
v 0.37500 -0.21500 0.09500
v 0.37500 -0.21000 0.09500
v 0.37000 -0.21000 0.09500
v 0.37000 -0.21500 0.09500
v 0.37500 -0.21500 0.09500
v 0.37500 -0.21000 0.09500
v 0.37000 -0.21000 0.09500
v 0.37000 -0.21500 0.10000
v 0.37500 -0.21500 0.10000
v 0.37500 -0.21000 0.10000
v 0.37000 -0.21000 0.10000
v 0.37000 -0.21500 0.10000
v 0.37500 -0.21500 0.10000
v 0.37500 -0.21000 0.10000
v 0.37000 -0.21000 0.10000
v 0.37000 -0.21500 0.10500
v 0.37500 -0.21500 0.10500
v 0.37500 -0.21000 0.10500
v 0.37000 -0.21000 0.10500
v 0.37000 -0.21500 0.10500
v 0.37500 -0.21500 0.10500
v 0.37500 -0.21000 0.10500
v 0.37000 -0.21000 0.10500
v 0.37000 -0.21500 0.11000
v 0.37500 -0.21500 0.11000
v 0.37500 -0.21000 0.11000
v 0.37000 -0.21000 0.11000
v 0.37000 -0.21500 0.11000
v 0.37500 -0.21500 0.11000
v 0.37500 -0.21000 0.11000
v 0.37000 -0.21000 0.11000
v 0.37000 -0.21500 0.11500
v 0.37500 -0.21500 0.11500
v 0.37500 -0.21000 0.11500
v 0.37000 -0.21000 0.11500
v 0.37000 -0.21500 0.11500
v 0.37500 -0.21500 0.11500
v 0.37500 -0.21000 0.11500
v 0.37000 -0.21000 0.11500
v 0.37000 -0.21500 0.12000
v 0.37500 -0.21500 0.12000
v 0.37500 -0.21000 0.12000
v 0.37000 -0.21000 0.12000
v 0.37000 -0.21500 0.12000
v 0.37500 -0.21500 0.12000
v 0.37500 -0.21000 0.12000
v 0.37000 -0.21000 0.12000
v 0.37000 -0.21500 0.12500
v 0.37500 -0.21500 0.12500
v 0.37500 -0.21000 0.12500
v 0.37000 -0.21000 0.12500
v 0.37000 -0.21000 0.12500
v 0.37500 -0.21000 0.12500
v 0.37500 -0.20500 0.12500
v 0.37000 -0.20500 0.12500
v 0.37000 -0.21000 0.13000
v 0.37500 -0.21000 0.13000
v 0.37500 -0.20500 0.13000
v 0.37000 -0.20500 0.13000
v 0.37000 -0.21000 0.13000
v 0.37500 -0.21000 0.13000
v 0.37500 -0.20500 0.13000
v 0.37000 -0.20500 0.13000
v 0.37000 -0.21000 0.13500
v 0.37500 -0.21000 0.13500
v 0.37500 -0.20500 0.13500
v 0.37000 -0.20500 0.13500
v 0.37000 -0.21000 0.13500
v 0.37500 -0.21000 0.13500
v 0.37500 -0.20500 0.13500
v 0.37000 -0.20500 0.13500
v 0.37000 -0.21000 0.14000
v 0.37500 -0.21000 0.14000
v 0.37500 -0.20500 0.14000
v 0.37000 -0.20500 0.14000
v 0.37000 -0.21000 0.14000
v 0.37500 -0.21000 0.14000
v 0.37500 -0.20500 0.14000
v 0.37000 -0.20500 0.14000
v 0.37000 -0.21000 0.14500
v 0.37500 -0.21000 0.14500
v 0.37500 -0.20500 0.14500
v 0.37000 -0.20500 0.14500
v 0.37000 -0.21000 0.14500
v 0.37500 -0.21000 0.14500
v 0.37500 -0.20500 0.14500
v 0.37000 -0.20500 0.14500
v 0.37000 -0.21000 0.15000
v 0.37500 -0.21000 0.15000
v 0.37500 -0.20500 0.15000
v 0.37000 -0.20500 0.15000
v 0.37000 -0.21000 0.15000
v 0.37500 -0.21000 0.15000
v 0.37500 -0.20500 0.15000
v 0.37000 -0.20500 0.15000
v 0.37000 -0.21000 0.15500
v 0.37500 -0.21000 0.15500
v 0.37500 -0.20500 0.15500
v 0.37000 -0.20500 0.15500
v 0.37000 -0.21000 0.15500
v 0.37500 -0.21000 0.15500
v 0.37500 -0.20500 0.15500
v 0.37000 -0.20500 0.15500
v 0.37000 -0.21000 0.16000
v 0.37500 -0.21000 0.16000
v 0.37500 -0.20500 0.16000
v 0.37000 -0.20500 0.16000
v 0.37000 -0.21000 0.16000
v 0.37500 -0.21000 0.16000
v 0.37500 -0.20500 0.16000
v 0.37000 -0.20500 0.16000
v 0.37000 -0.21000 0.16500
v 0.37500 -0.21000 0.16500
v 0.37500 -0.20500 0.16500
v 0.37000 -0.20500 0.16500
v 0.37000 -0.21000 0.16500
v 0.37500 -0.21000 0.16500
v 0.37500 -0.20500 0.16500
v 0.37000 -0.20500 0.16500
v 0.37000 -0.21000 0.17000
v 0.37500 -0.21000 0.17000
v 0.37500 -0.20500 0.17000
v 0.37000 -0.20500 0.17000
v 0.37000 -0.21000 0.17000
v 0.37500 -0.21000 0.17000
v 0.37500 -0.20500 0.17000
v 0.37000 -0.20500 0.17000
v 0.37000 -0.21000 0.17500
v 0.37500 -0.21000 0.17500
v 0.37500 -0.20500 0.17500
v 0.37000 -0.20500 0.17500
v 0.37000 -0.21000 0.17500
v 0.37500 -0.21000 0.17500
v 0.37500 -0.20500 0.17500
v 0.37000 -0.20500 0.17500
v 0.37000 -0.21000 0.18000
v 0.37500 -0.21000 0.18000
v 0.37500 -0.20500 0.18000
v 0.37000 -0.20500 0.18000
v 0.37000 -0.21000 0.18000
v 0.37500 -0.21000 0.18000
v 0.37500 -0.20500 0.18000
v 0.37000 -0.20500 0.18000
v 0.37000 -0.21000 0.18500
v 0.37500 -0.21000 0.18500
v 0.37500 -0.20500 0.18500
v 0.37000 -0.20500 0.18500
v 0.37000 -0.21000 0.19000
v 0.37500 -0.21000 0.19000
v 0.37500 -0.20500 0.19000
v 0.37000 -0.20500 0.19000
v 0.37000 -0.21000 0.19500
v 0.37500 -0.21000 0.19500
v 0.37500 -0.20500 0.19500
v 0.37000 -0.20500 0.19500
v 0.37000 -0.20500 0.18500
v 0.37500 -0.20500 0.18500
v 0.37500 -0.20000 0.18500
v 0.37000 -0.20000 0.18500
v 0.37000 -0.20500 0.19000
v 0.37500 -0.20500 0.19000
v 0.37500 -0.20000 0.19000
v 0.37000 -0.20000 0.19000
v 0.37000 -0.20500 0.19500
v 0.37500 -0.20500 0.19500
v 0.37500 -0.20000 0.19500
v 0.37000 -0.20000 0.19500
v 0.37000 -0.20500 0.20000
v 0.37500 -0.20500 0.20000
v 0.37500 -0.20000 0.20000
v 0.37000 -0.20000 0.20000
v 0.37000 -0.20500 0.20000
v 0.37500 -0.20500 0.20000
v 0.37500 -0.20000 0.20000
v 0.37000 -0.20000 0.20000
v 0.37000 -0.20500 0.20500
v 0.37500 -0.20500 0.20500
v 0.37500 -0.20000 0.20500
v 0.37000 -0.20000 0.20500
v 0.37000 -0.20500 0.20500
v 0.37500 -0.20500 0.20500
v 0.37500 -0.20000 0.20500
v 0.37000 -0.20000 0.20500
v 0.37000 -0.20500 0.21000
v 0.37500 -0.20500 0.21000
v 0.37500 -0.20000 0.21000
v 0.37000 -0.20000 0.21000
v 0.37000 -0.20500 0.21000
v 0.37500 -0.20500 0.21000
v 0.37500 -0.20000 0.21000
v 0.37000 -0.20000 0.21000
v 0.37000 -0.20500 0.21500
v 0.37500 -0.20500 0.21500
v 0.37500 -0.20000 0.21500
v 0.37000 -0.20000 0.21500
v 0.37000 -0.17500 0.23000
v 0.37500 -0.17500 0.23000
v 0.37500 -0.17000 0.23000
v 0.37000 -0.17000 0.23000
v 0.37000 -0.17500 0.23500
v 0.37500 -0.17500 0.23500
v 0.37500 -0.17000 0.23500
v 0.37000 -0.17000 0.23500
v 0.37000 -0.17000 0.22500
v 0.37500 -0.17000 0.22500
v 0.37500 -0.16500 0.22500
v 0.37000 -0.16500 0.22500
v 0.37000 -0.17000 0.23000
v 0.37500 -0.17000 0.23000
v 0.37500 -0.16500 0.23000
v 0.37000 -0.16500 0.23000
v 0.37000 -0.16500 0.19500
v 0.37500 -0.16500 0.19500
v 0.37500 -0.16000 0.19500
v 0.37000 -0.16000 0.19500
v 0.37000 -0.16500 0.20000
v 0.37500 -0.16500 0.20000
v 0.37500 -0.16000 0.20000
v 0.37000 -0.16000 0.20000
v 0.37000 -0.16500 0.20000
v 0.37500 -0.16500 0.20000
v 0.37500 -0.16000 0.20000
v 0.37000 -0.16000 0.20000
v 0.37000 -0.16500 0.20500
v 0.37500 -0.16500 0.20500
v 0.37500 -0.16000 0.20500
v 0.37000 -0.16000 0.20500
v 0.37000 -0.16500 0.20500
v 0.37500 -0.16500 0.20500
v 0.37500 -0.16000 0.20500
v 0.37000 -0.16000 0.20500
v 0.37000 -0.16500 0.21000
v 0.37500 -0.16500 0.21000
v 0.37500 -0.16000 0.21000
v 0.37000 -0.16000 0.21000
v 0.37000 -0.16500 0.21000
v 0.37500 -0.16500 0.21000
v 0.37500 -0.16000 0.21000
v 0.37000 -0.16000 0.21000
v 0.37000 -0.16500 0.21500
v 0.37500 -0.16500 0.21500
v 0.37500 -0.16000 0.21500
v 0.37000 -0.16000 0.21500
v 0.37000 -0.16500 0.21500
v 0.37500 -0.16500 0.21500
v 0.37500 -0.16000 0.21500
v 0.37000 -0.16000 0.21500
v 0.37000 -0.16500 0.22000
v 0.37500 -0.16500 0.22000
v 0.37500 -0.16000 0.22000
v 0.37000 -0.16000 0.22000
v 0.37000 -0.16500 0.22000
v 0.37500 -0.16500 0.22000
v 0.37500 -0.16000 0.22000
v 0.37000 -0.16000 0.22000
v 0.37000 -0.16500 0.22500
v 0.37500 -0.16500 0.22500
v 0.37500 -0.16000 0.22500
v 0.37000 -0.16000 0.22500
v 0.37000 -0.16000 0.10000
v 0.37500 -0.16000 0.10000
v 0.37500 -0.15500 0.10000
v 0.37000 -0.15500 0.10000
v 0.37000 -0.16000 0.10500
v 0.37500 -0.16000 0.10500
v 0.37500 -0.15500 0.10500
v 0.37000 -0.15500 0.10500
v 0.37000 -0.16000 0.10500
v 0.37500 -0.16000 0.10500
v 0.37500 -0.15500 0.10500
v 0.37000 -0.15500 0.10500
v 0.37000 -0.16000 0.11000
v 0.37500 -0.16000 0.11000
v 0.37500 -0.15500 0.11000
v 0.37000 -0.15500 0.11000
v 0.37000 -0.16000 0.11000
v 0.37500 -0.16000 0.11000
v 0.37500 -0.15500 0.11000
v 0.37000 -0.15500 0.11000
v 0.37000 -0.16000 0.11500
v 0.37500 -0.16000 0.11500
v 0.37500 -0.15500 0.11500
v 0.37000 -0.15500 0.11500
v 0.37000 -0.16000 0.11500
v 0.37500 -0.16000 0.11500
v 0.37500 -0.15500 0.11500
v 0.37000 -0.15500 0.11500
v 0.37000 -0.16000 0.12000
v 0.37500 -0.16000 0.12000
v 0.37500 -0.15500 0.12000
v 0.37000 -0.15500 0.12000
v 0.37000 -0.16000 0.12000
v 0.37500 -0.16000 0.12000
v 0.37500 -0.15500 0.12000
v 0.37000 -0.15500 0.12000
v 0.37000 -0.16000 0.12500
v 0.37500 -0.16000 0.12500
v 0.37500 -0.15500 0.12500
v 0.37000 -0.15500 0.12500
v 0.37000 -0.16000 0.12500
v 0.37500 -0.16000 0.12500
v 0.37500 -0.15500 0.12500
v 0.37000 -0.15500 0.12500
v 0.37000 -0.16000 0.13000
v 0.37500 -0.16000 0.13000
v 0.37500 -0.15500 0.13000
v 0.37000 -0.15500 0.13000
v 0.37000 -0.16000 0.13000
v 0.37500 -0.16000 0.13000
v 0.37500 -0.15500 0.13000
v 0.37000 -0.15500 0.13000
v 0.37000 -0.16000 0.13500
v 0.37500 -0.16000 0.13500
v 0.37500 -0.15500 0.13500
v 0.37000 -0.15500 0.13500
v 0.37000 -0.16000 0.13500
v 0.37500 -0.16000 0.13500
v 0.37500 -0.15500 0.13500
v 0.37000 -0.15500 0.13500
v 0.37000 -0.16000 0.14000
v 0.37500 -0.16000 0.14000
v 0.37500 -0.15500 0.14000
v 0.37000 -0.15500 0.14000
v 0.37000 -0.16000 0.14000
v 0.37500 -0.16000 0.14000
v 0.37500 -0.15500 0.14000
v 0.37000 -0.15500 0.14000
v 0.37000 -0.16000 0.14500
v 0.37500 -0.16000 0.14500
v 0.37500 -0.15500 0.14500
v 0.37000 -0.15500 0.14500
v 0.37000 -0.16000 0.14500
v 0.37500 -0.16000 0.14500
v 0.37500 -0.15500 0.14500
v 0.37000 -0.15500 0.14500
v 0.37000 -0.16000 0.15000
v 0.37500 -0.16000 0.15000
v 0.37500 -0.15500 0.15000
v 0.37000 -0.15500 0.15000
v 0.37000 -0.16000 0.15000
v 0.37500 -0.16000 0.15000
v 0.37500 -0.15500 0.15000
v 0.37000 -0.15500 0.15000
v 0.37000 -0.16000 0.15500
v 0.37500 -0.16000 0.15500
v 0.37500 -0.15500 0.15500
v 0.37000 -0.15500 0.15500
v 0.37000 -0.16000 0.15500
v 0.37500 -0.16000 0.15500
v 0.37500 -0.15500 0.15500
v 0.37000 -0.15500 0.15500
v 0.37000 -0.16000 0.16000
v 0.37500 -0.16000 0.16000
v 0.37500 -0.15500 0.16000
v 0.37000 -0.15500 0.16000
v 0.37000 -0.16000 0.16000
v 0.37500 -0.16000 0.16000
v 0.37500 -0.15500 0.16000
v 0.37000 -0.15500 0.16000
v 0.37000 -0.16000 0.16500
v 0.37500 -0.16000 0.16500
v 0.37500 -0.15500 0.16500
v 0.37000 -0.15500 0.16500
v 0.37000 -0.16000 0.16500
v 0.37500 -0.16000 0.16500
v 0.37500 -0.15500 0.16500
v 0.37000 -0.15500 0.16500
v 0.37000 -0.16000 0.17000
v 0.37500 -0.16000 0.17000
v 0.37500 -0.15500 0.17000
v 0.37000 -0.15500 0.17000
v 0.37000 -0.16000 0.17000
v 0.37500 -0.16000 0.17000
v 0.37500 -0.15500 0.17000
v 0.37000 -0.15500 0.17000
v 0.37000 -0.16000 0.17500
v 0.37500 -0.16000 0.17500
v 0.37500 -0.15500 0.17500
v 0.37000 -0.15500 0.17500
v 0.37000 -0.16000 0.17500
v 0.37500 -0.16000 0.17500
v 0.37500 -0.15500 0.17500
v 0.37000 -0.15500 0.17500
v 0.37000 -0.16000 0.18000
v 0.37500 -0.16000 0.18000
v 0.37500 -0.15500 0.18000
v 0.37000 -0.15500 0.18000
v 0.37000 -0.16000 0.18000
v 0.37500 -0.16000 0.18000
v 0.37500 -0.15500 0.18000
v 0.37000 -0.15500 0.18000
v 0.37000 -0.16000 0.18500
v 0.37500 -0.16000 0.18500
v 0.37500 -0.15500 0.18500
v 0.37000 -0.15500 0.18500
v 0.37000 -0.16000 0.18500
v 0.37500 -0.16000 0.18500
v 0.37500 -0.15500 0.18500
v 0.37000 -0.15500 0.18500
v 0.37000 -0.16000 0.19000
v 0.37500 -0.16000 0.19000
v 0.37500 -0.15500 0.19000
v 0.37000 -0.15500 0.19000
v 0.37000 -0.16000 0.19000
v 0.37500 -0.16000 0.19000
v 0.37500 -0.15500 0.19000
v 0.37000 -0.15500 0.19000
v 0.37000 -0.16000 0.19500
v 0.37500 -0.16000 0.19500
v 0.37500 -0.15500 0.19500
v 0.37000 -0.15500 0.19500
v 0.37000 -0.15500 0.00000
v 0.37500 -0.15500 0.00000
v 0.37500 -0.15000 0.00000
v 0.37000 -0.15000 0.00000
v 0.37000 -0.15500 0.00500
v 0.37500 -0.15500 0.00500
v 0.37500 -0.15000 0.00500
v 0.37000 -0.15000 0.00500
v 0.37000 -0.15500 0.00500
v 0.37500 -0.15500 0.00500
v 0.37500 -0.15000 0.00500
v 0.37000 -0.15000 0.00500
v 0.37000 -0.15500 0.01000
v 0.37500 -0.15500 0.01000
v 0.37500 -0.15000 0.01000
v 0.37000 -0.15000 0.01000
v 0.37000 -0.15500 0.01000
v 0.37500 -0.15500 0.01000
v 0.37500 -0.15000 0.01000
v 0.37000 -0.15000 0.01000
v 0.37000 -0.15500 0.01500
v 0.37500 -0.15500 0.01500
v 0.37500 -0.15000 0.01500
v 0.37000 -0.15000 0.01500
v 0.37000 -0.15500 0.01500
v 0.37500 -0.15500 0.01500
v 0.37500 -0.15000 0.01500
v 0.37000 -0.15000 0.01500
v 0.37000 -0.15500 0.02000
v 0.37500 -0.15500 0.02000
v 0.37500 -0.15000 0.02000
v 0.37000 -0.15000 0.02000
v 0.37000 -0.15500 0.02000
v 0.37500 -0.15500 0.02000
v 0.37500 -0.15000 0.02000
v 0.37000 -0.15000 0.02000
v 0.37000 -0.15500 0.02500
v 0.37500 -0.15500 0.02500
v 0.37500 -0.15000 0.02500
v 0.37000 -0.15000 0.02500
v 0.37000 -0.15500 0.02500
v 0.37500 -0.15500 0.02500
v 0.37500 -0.15000 0.02500
v 0.37000 -0.15000 0.02500
v 0.37000 -0.15500 0.03000
v 0.37500 -0.15500 0.03000
v 0.37500 -0.15000 0.03000
v 0.37000 -0.15000 0.03000
v 0.37000 -0.15500 0.03000
v 0.37500 -0.15500 0.03000
v 0.37500 -0.15000 0.03000
v 0.37000 -0.15000 0.03000
v 0.37000 -0.15500 0.03500
v 0.37500 -0.15500 0.03500
v 0.37500 -0.15000 0.03500
v 0.37000 -0.15000 0.03500
v 0.37000 -0.15500 0.03500
v 0.37500 -0.15500 0.03500
v 0.37500 -0.15000 0.03500
v 0.37000 -0.15000 0.03500
v 0.37000 -0.15500 0.04000
v 0.37500 -0.15500 0.04000
v 0.37500 -0.15000 0.04000
v 0.37000 -0.15000 0.04000
v 0.37000 -0.15500 0.04000
v 0.37500 -0.15500 0.04000
v 0.37500 -0.15000 0.04000
v 0.37000 -0.15000 0.04000
v 0.37000 -0.15500 0.04500
v 0.37500 -0.15500 0.04500
v 0.37500 -0.15000 0.04500
v 0.37000 -0.15000 0.04500
v 0.37000 -0.15500 0.04500
v 0.37500 -0.15500 0.04500
v 0.37500 -0.15000 0.04500
v 0.37000 -0.15000 0.04500
v 0.37000 -0.15500 0.05000
v 0.37500 -0.15500 0.05000
v 0.37500 -0.15000 0.05000
v 0.37000 -0.15000 0.05000
v 0.37000 -0.15500 0.05000
v 0.37500 -0.15500 0.05000
v 0.37500 -0.15000 0.05000
v 0.37000 -0.15000 0.05000
v 0.37000 -0.15500 0.05500
v 0.37500 -0.15500 0.05500
v 0.37500 -0.15000 0.05500
v 0.37000 -0.15000 0.05500
v 0.37000 -0.15500 0.05500
v 0.37500 -0.15500 0.05500
v 0.37500 -0.15000 0.05500
v 0.37000 -0.15000 0.05500
v 0.37000 -0.15500 0.06000
v 0.37500 -0.15500 0.06000
v 0.37500 -0.15000 0.06000
v 0.37000 -0.15000 0.06000
v 0.37000 -0.15500 0.06000
v 0.37500 -0.15500 0.06000
v 0.37500 -0.15000 0.06000
v 0.37000 -0.15000 0.06000
v 0.37000 -0.15500 0.06500
v 0.37500 -0.15500 0.06500
v 0.37500 -0.15000 0.06500
v 0.37000 -0.15000 0.06500
v 0.37000 -0.15500 0.06500
v 0.37500 -0.15500 0.06500
v 0.37500 -0.15000 0.06500
v 0.37000 -0.15000 0.06500
v 0.37000 -0.15500 0.07000
v 0.37500 -0.15500 0.07000
v 0.37500 -0.15000 0.07000
v 0.37000 -0.15000 0.07000
v 0.37000 -0.15500 0.07000
v 0.37500 -0.15500 0.07000
v 0.37500 -0.15000 0.07000
v 0.37000 -0.15000 0.07000
v 0.37000 -0.15500 0.07500
v 0.37500 -0.15500 0.07500
v 0.37500 -0.15000 0.07500
v 0.37000 -0.15000 0.07500
v 0.37000 -0.15500 0.07500
v 0.37500 -0.15500 0.07500
v 0.37500 -0.15000 0.07500
v 0.37000 -0.15000 0.07500
v 0.37000 -0.15500 0.08000
v 0.37500 -0.15500 0.08000
v 0.37500 -0.15000 0.08000
v 0.37000 -0.15000 0.08000
v 0.37000 -0.15500 0.08000
v 0.37500 -0.15500 0.08000
v 0.37500 -0.15000 0.08000
v 0.37000 -0.15000 0.08000
v 0.37000 -0.15500 0.08500
v 0.37500 -0.15500 0.08500
v 0.37500 -0.15000 0.08500
v 0.37000 -0.15000 0.08500
v 0.37000 -0.15500 0.08500
v 0.37500 -0.15500 0.08500
v 0.37500 -0.15000 0.08500
v 0.37000 -0.15000 0.08500
v 0.37000 -0.15500 0.09000
v 0.37500 -0.15500 0.09000
v 0.37500 -0.15000 0.09000
v 0.37000 -0.15000 0.09000
v 0.37000 -0.15500 0.09000
v 0.37500 -0.15500 0.09000
v 0.37500 -0.15000 0.09000
v 0.37000 -0.15000 0.09000
v 0.37000 -0.15500 0.09500
v 0.37500 -0.15500 0.09500
v 0.37500 -0.15000 0.09500
v 0.37000 -0.15000 0.09500
v 0.37000 -0.15500 0.09500
v 0.37500 -0.15500 0.09500
v 0.37500 -0.15000 0.09500
v 0.37000 -0.15000 0.09500
v 0.37000 -0.15500 0.10000
v 0.37500 -0.15500 0.10000
v 0.37500 -0.15000 0.10000
v 0.37000 -0.15000 0.10000
v 0.37500 -0.21500 0.07500
v 0.38000 -0.21500 0.07500
v 0.38000 -0.21000 0.07500
v 0.37500 -0.21000 0.07500
v 0.37500 -0.21500 0.08000
v 0.38000 -0.21500 0.08000
v 0.38000 -0.21000 0.08000
v 0.37500 -0.21000 0.08000
v 0.37500 -0.21500 0.08000
v 0.38000 -0.21500 0.08000
v 0.38000 -0.21000 0.08000
v 0.37500 -0.21000 0.08000
v 0.37500 -0.21500 0.08500
v 0.38000 -0.21500 0.08500
v 0.38000 -0.21000 0.08500
v 0.37500 -0.21000 0.08500
v 0.37500 -0.21500 0.08500
v 0.38000 -0.21500 0.08500
v 0.38000 -0.21000 0.08500
v 0.37500 -0.21000 0.08500
v 0.37500 -0.21500 0.09000
v 0.38000 -0.21500 0.09000
v 0.38000 -0.21000 0.09000
v 0.37500 -0.21000 0.09000
v 0.37500 -0.21500 0.09000
v 0.38000 -0.21500 0.09000
v 0.38000 -0.21000 0.09000
v 0.37500 -0.21000 0.09000
v 0.37500 -0.21500 0.09500
v 0.38000 -0.21500 0.09500
v 0.38000 -0.21000 0.09500
v 0.37500 -0.21000 0.09500
v 0.37500 -0.21500 0.09500
v 0.38000 -0.21500 0.09500
v 0.38000 -0.21000 0.09500
v 0.37500 -0.21000 0.09500
v 0.37500 -0.21500 0.10000
v 0.38000 -0.21500 0.10000
v 0.38000 -0.21000 0.10000
v 0.37500 -0.21000 0.10000
v 0.37500 -0.21500 0.10000
v 0.38000 -0.21500 0.10000
v 0.38000 -0.21000 0.10000
v 0.37500 -0.21000 0.10000
v 0.37500 -0.21500 0.10500
v 0.38000 -0.21500 0.10500
v 0.38000 -0.21000 0.10500
v 0.37500 -0.21000 0.10500
v 0.37500 -0.21500 0.10500
v 0.38000 -0.21500 0.10500
v 0.38000 -0.21000 0.10500
v 0.37500 -0.21000 0.10500
v 0.37500 -0.21500 0.11000
v 0.38000 -0.21500 0.11000
v 0.38000 -0.21000 0.11000
v 0.37500 -0.21000 0.11000
v 0.37500 -0.21000 0.12000
v 0.38000 -0.21000 0.12000
v 0.38000 -0.20500 0.12000
v 0.37500 -0.20500 0.12000
v 0.37500 -0.21000 0.12500
v 0.38000 -0.21000 0.12500
v 0.38000 -0.20500 0.12500
v 0.37500 -0.20500 0.12500
v 0.37500 -0.21000 0.12500
v 0.38000 -0.21000 0.12500
v 0.38000 -0.20500 0.12500
v 0.37500 -0.20500 0.12500
v 0.37500 -0.21000 0.13000
v 0.38000 -0.21000 0.13000
v 0.38000 -0.20500 0.13000
v 0.37500 -0.20500 0.13000
v 0.37500 -0.21000 0.13000
v 0.38000 -0.21000 0.13000
v 0.38000 -0.20500 0.13000
v 0.37500 -0.20500 0.13000
v 0.37500 -0.21000 0.13500
v 0.38000 -0.21000 0.13500
v 0.38000 -0.20500 0.13500
v 0.37500 -0.20500 0.13500
v 0.37500 -0.21000 0.13500
v 0.38000 -0.21000 0.13500
v 0.38000 -0.20500 0.13500
v 0.37500 -0.20500 0.13500
v 0.37500 -0.21000 0.14000
v 0.38000 -0.21000 0.14000
v 0.38000 -0.20500 0.14000
v 0.37500 -0.20500 0.14000
v 0.37500 -0.21000 0.14000
v 0.38000 -0.21000 0.14000
v 0.38000 -0.20500 0.14000
v 0.37500 -0.20500 0.14000
v 0.37500 -0.21000 0.14500
v 0.38000 -0.21000 0.14500
v 0.38000 -0.20500 0.14500
v 0.37500 -0.20500 0.14500
v 0.37500 -0.21000 0.14500
v 0.38000 -0.21000 0.14500
v 0.38000 -0.20500 0.14500
v 0.37500 -0.20500 0.14500
v 0.37500 -0.21000 0.15000
v 0.38000 -0.21000 0.15000
v 0.38000 -0.20500 0.15000
v 0.37500 -0.20500 0.15000
v 0.37500 -0.21000 0.15000
v 0.38000 -0.21000 0.15000
v 0.38000 -0.20500 0.15000
v 0.37500 -0.20500 0.15000
v 0.37500 -0.21000 0.15500
v 0.38000 -0.21000 0.15500
v 0.38000 -0.20500 0.15500
v 0.37500 -0.20500 0.15500
v 0.37500 -0.21000 0.15500
v 0.38000 -0.21000 0.15500
v 0.38000 -0.20500 0.15500
v 0.37500 -0.20500 0.15500
v 0.37500 -0.21000 0.16000
v 0.38000 -0.21000 0.16000
v 0.38000 -0.20500 0.16000
v 0.37500 -0.20500 0.16000
v 0.37500 -0.21000 0.16000
v 0.38000 -0.21000 0.16000
v 0.38000 -0.20500 0.16000
v 0.37500 -0.20500 0.16000
v 0.37500 -0.21000 0.16500
v 0.38000 -0.21000 0.16500
v 0.38000 -0.20500 0.16500
v 0.37500 -0.20500 0.16500
v 0.37500 -0.21000 0.16500
v 0.38000 -0.21000 0.16500
v 0.38000 -0.20500 0.16500
v 0.37500 -0.20500 0.16500
v 0.37500 -0.21000 0.17000
v 0.38000 -0.21000 0.17000
v 0.38000 -0.20500 0.17000
v 0.37500 -0.20500 0.17000
v 0.37500 -0.21000 0.17000
v 0.38000 -0.21000 0.17000
v 0.38000 -0.20500 0.17000
v 0.37500 -0.20500 0.17000
v 0.37500 -0.21000 0.17500
v 0.38000 -0.21000 0.17500
v 0.38000 -0.20500 0.17500
v 0.37500 -0.20500 0.17500
v 0.37500 -0.21000 0.17500
v 0.38000 -0.21000 0.17500
v 0.38000 -0.20500 0.17500
v 0.37500 -0.20500 0.17500
v 0.37500 -0.21000 0.18000
v 0.38000 -0.21000 0.18000
v 0.38000 -0.20500 0.18000
v 0.37500 -0.20500 0.18000
v 0.37500 -0.21000 0.18000
v 0.38000 -0.21000 0.18000
v 0.38000 -0.20500 0.18000
v 0.37500 -0.20500 0.18000
v 0.37500 -0.21000 0.18500
v 0.38000 -0.21000 0.18500
v 0.38000 -0.20500 0.18500
v 0.37500 -0.20500 0.18500
v 0.37500 -0.21000 0.18500
v 0.38000 -0.21000 0.18500
v 0.38000 -0.20500 0.18500
v 0.37500 -0.20500 0.18500
v 0.37500 -0.21000 0.19000
v 0.38000 -0.21000 0.19000
v 0.38000 -0.20500 0.19000
v 0.37500 -0.20500 0.19000
v 0.37500 -0.21000 0.19000
v 0.38000 -0.21000 0.19000
v 0.38000 -0.20500 0.19000
v 0.37500 -0.20500 0.19000
v 0.37500 -0.21000 0.19500
v 0.38000 -0.21000 0.19500
v 0.38000 -0.20500 0.19500
v 0.37500 -0.20500 0.19500
v 0.37500 -0.21000 0.19500
v 0.38000 -0.21000 0.19500
v 0.38000 -0.20500 0.19500
v 0.37500 -0.20500 0.19500
v 0.37500 -0.21000 0.20000
v 0.38000 -0.21000 0.20000
v 0.38000 -0.20500 0.20000
v 0.37500 -0.20500 0.20000
v 0.37500 -0.21000 0.20000
v 0.38000 -0.21000 0.20000
v 0.38000 -0.20500 0.20000
v 0.37500 -0.20500 0.20000
v 0.37500 -0.21000 0.20500
v 0.38000 -0.21000 0.20500
v 0.38000 -0.20500 0.20500
v 0.37500 -0.20500 0.20500
v 0.37500 -0.21000 0.20500
v 0.38000 -0.21000 0.20500
v 0.38000 -0.20500 0.20500
v 0.37500 -0.20500 0.20500
v 0.37500 -0.21000 0.21000
v 0.38000 -0.21000 0.21000
v 0.38000 -0.20500 0.21000
v 0.37500 -0.20500 0.21000
v 0.37500 -0.20500 0.21000
v 0.38000 -0.20500 0.21000
v 0.38000 -0.20000 0.21000
v 0.37500 -0.20000 0.21000
v 0.37500 -0.20500 0.21500
v 0.38000 -0.20500 0.21500
v 0.38000 -0.20000 0.21500
v 0.37500 -0.20000 0.21500
v 0.37500 -0.20500 0.21500
v 0.38000 -0.20500 0.21500
v 0.38000 -0.20000 0.21500
v 0.37500 -0.20000 0.21500
v 0.37500 -0.20500 0.22000
v 0.38000 -0.20500 0.22000
v 0.38000 -0.20000 0.22000
v 0.37500 -0.20000 0.22000
v 0.37500 -0.17000 0.22500
v 0.38000 -0.17000 0.22500
v 0.38000 -0.16500 0.22500
v 0.37500 -0.16500 0.22500
v 0.37500 -0.17000 0.23000
v 0.38000 -0.17000 0.23000
v 0.38000 -0.16500 0.23000
v 0.37500 -0.16500 0.23000
v 0.37500 -0.16500 0.21000
v 0.38000 -0.16500 0.21000
v 0.38000 -0.16000 0.21000
v 0.37500 -0.16000 0.21000
v 0.37500 -0.16500 0.21500
v 0.38000 -0.16500 0.21500
v 0.38000 -0.16000 0.21500
v 0.37500 -0.16000 0.21500
v 0.37500 -0.16500 0.21500
v 0.38000 -0.16500 0.21500
v 0.38000 -0.16000 0.21500
v 0.37500 -0.16000 0.21500
v 0.37500 -0.16500 0.22000
v 0.38000 -0.16500 0.22000
v 0.38000 -0.16000 0.22000
v 0.37500 -0.16000 0.22000
v 0.37500 -0.16500 0.22000
v 0.38000 -0.16500 0.22000
v 0.38000 -0.16000 0.22000
v 0.37500 -0.16000 0.22000
v 0.37500 -0.16500 0.22500
v 0.38000 -0.16500 0.22500
v 0.38000 -0.16000 0.22500
v 0.37500 -0.16000 0.22500
v 0.37500 -0.16000 0.12500
v 0.38000 -0.16000 0.12500
v 0.38000 -0.15500 0.12500
v 0.37500 -0.15500 0.12500
v 0.37500 -0.16000 0.13000
v 0.38000 -0.16000 0.13000
v 0.38000 -0.15500 0.13000
v 0.37500 -0.15500 0.13000
v 0.37500 -0.16000 0.13000
v 0.38000 -0.16000 0.13000
v 0.38000 -0.15500 0.13000
v 0.37500 -0.15500 0.13000
v 0.37500 -0.16000 0.13500
v 0.38000 -0.16000 0.13500
v 0.38000 -0.15500 0.13500
v 0.37500 -0.15500 0.13500
v 0.37500 -0.16000 0.13500
v 0.38000 -0.16000 0.13500
v 0.38000 -0.15500 0.13500
v 0.37500 -0.15500 0.13500
v 0.37500 -0.16000 0.14000
v 0.38000 -0.16000 0.14000
v 0.38000 -0.15500 0.14000
v 0.37500 -0.15500 0.14000
v 0.37500 -0.16000 0.14000
v 0.38000 -0.16000 0.14000
v 0.38000 -0.15500 0.14000
v 0.37500 -0.15500 0.14000
v 0.37500 -0.16000 0.14500
v 0.38000 -0.16000 0.14500
v 0.38000 -0.15500 0.14500
v 0.37500 -0.15500 0.14500
v 0.37500 -0.16000 0.14500
v 0.38000 -0.16000 0.14500
v 0.38000 -0.15500 0.14500
v 0.37500 -0.15500 0.14500
v 0.37500 -0.16000 0.15000
v 0.38000 -0.16000 0.15000
v 0.38000 -0.15500 0.15000
v 0.37500 -0.15500 0.15000
v 0.37500 -0.16000 0.15000
v 0.38000 -0.16000 0.15000
v 0.38000 -0.15500 0.15000
v 0.37500 -0.15500 0.15000
v 0.37500 -0.16000 0.15500
v 0.38000 -0.16000 0.15500
v 0.38000 -0.15500 0.15500
v 0.37500 -0.15500 0.15500
v 0.37500 -0.16000 0.15500
v 0.38000 -0.16000 0.15500
v 0.38000 -0.15500 0.15500
v 0.37500 -0.15500 0.15500
v 0.37500 -0.16000 0.16000
v 0.38000 -0.16000 0.16000
v 0.38000 -0.15500 0.16000
v 0.37500 -0.15500 0.16000
v 0.37500 -0.16000 0.16000
v 0.38000 -0.16000 0.16000
v 0.38000 -0.15500 0.16000
v 0.37500 -0.15500 0.16000
v 0.37500 -0.16000 0.16500
v 0.38000 -0.16000 0.16500
v 0.38000 -0.15500 0.16500
v 0.37500 -0.15500 0.16500
v 0.37500 -0.16000 0.16500
v 0.38000 -0.16000 0.16500
v 0.38000 -0.15500 0.16500
v 0.37500 -0.15500 0.16500
v 0.37500 -0.16000 0.17000
v 0.38000 -0.16000 0.17000
v 0.38000 -0.15500 0.17000
v 0.37500 -0.15500 0.17000
v 0.37500 -0.16000 0.17000
v 0.38000 -0.16000 0.17000
v 0.38000 -0.15500 0.17000
v 0.37500 -0.15500 0.17000
v 0.37500 -0.16000 0.17500
v 0.38000 -0.16000 0.17500
v 0.38000 -0.15500 0.17500
v 0.37500 -0.15500 0.17500
v 0.37500 -0.16000 0.17500
v 0.38000 -0.16000 0.17500
v 0.38000 -0.15500 0.17500
v 0.37500 -0.15500 0.17500
v 0.37500 -0.16000 0.18000
v 0.38000 -0.16000 0.18000
v 0.38000 -0.15500 0.18000
v 0.37500 -0.15500 0.18000
v 0.37500 -0.16000 0.18000
v 0.38000 -0.16000 0.18000
v 0.38000 -0.15500 0.18000
v 0.37500 -0.15500 0.18000
v 0.37500 -0.16000 0.18500
v 0.38000 -0.16000 0.18500
v 0.38000 -0.15500 0.18500
v 0.37500 -0.15500 0.18500
v 0.37500 -0.16000 0.18500
v 0.38000 -0.16000 0.18500
v 0.38000 -0.15500 0.18500
v 0.37500 -0.15500 0.18500
v 0.37500 -0.16000 0.19000
v 0.38000 -0.16000 0.19000
v 0.38000 -0.15500 0.19000
v 0.37500 -0.15500 0.19000
v 0.37500 -0.16000 0.19000
v 0.38000 -0.16000 0.19000
v 0.38000 -0.15500 0.19000
v 0.37500 -0.15500 0.19000
v 0.37500 -0.16000 0.19500
v 0.38000 -0.16000 0.19500
v 0.38000 -0.15500 0.19500
v 0.37500 -0.15500 0.19500
v 0.37500 -0.16000 0.19500
v 0.38000 -0.16000 0.19500
v 0.38000 -0.15500 0.19500
v 0.37500 -0.15500 0.19500
v 0.37500 -0.16000 0.20000
v 0.38000 -0.16000 0.20000
v 0.38000 -0.15500 0.20000
v 0.37500 -0.15500 0.20000
v 0.37500 -0.16000 0.20000
v 0.38000 -0.16000 0.20000
v 0.38000 -0.15500 0.20000
v 0.37500 -0.15500 0.20000
v 0.37500 -0.16000 0.20500
v 0.38000 -0.16000 0.20500
v 0.38000 -0.15500 0.20500
v 0.37500 -0.15500 0.20500
v 0.37500 -0.16000 0.20500
v 0.38000 -0.16000 0.20500
v 0.38000 -0.15500 0.20500
v 0.37500 -0.15500 0.20500
v 0.37500 -0.16000 0.21000
v 0.38000 -0.16000 0.21000
v 0.38000 -0.15500 0.21000
v 0.37500 -0.15500 0.21000
v 0.37500 -0.15500 0.00000
v 0.38000 -0.15500 0.00000
v 0.38000 -0.15000 0.00000
v 0.37500 -0.15000 0.00000
v 0.37500 -0.15500 0.00500
v 0.38000 -0.15500 0.00500
v 0.38000 -0.15000 0.00500
v 0.37500 -0.15000 0.00500
v 0.37500 -0.15500 0.00500
v 0.38000 -0.15500 0.00500
v 0.38000 -0.15000 0.00500
v 0.37500 -0.15000 0.00500
v 0.37500 -0.15500 0.01000
v 0.38000 -0.15500 0.01000
v 0.38000 -0.15000 0.01000
v 0.37500 -0.15000 0.01000
v 0.37500 -0.15500 0.01000
v 0.38000 -0.15500 0.01000
v 0.38000 -0.15000 0.01000
v 0.37500 -0.15000 0.01000
v 0.37500 -0.15500 0.01500
v 0.38000 -0.15500 0.01500
v 0.38000 -0.15000 0.01500
v 0.37500 -0.15000 0.01500
v 0.37500 -0.15500 0.01500
v 0.38000 -0.15500 0.01500
v 0.38000 -0.15000 0.01500
v 0.37500 -0.15000 0.01500
v 0.37500 -0.15500 0.02000
v 0.38000 -0.15500 0.02000
v 0.38000 -0.15000 0.02000
v 0.37500 -0.15000 0.02000
v 0.37500 -0.15500 0.02000
v 0.38000 -0.15500 0.02000
v 0.38000 -0.15000 0.02000
v 0.37500 -0.15000 0.02000
v 0.37500 -0.15500 0.02500
v 0.38000 -0.15500 0.02500
v 0.38000 -0.15000 0.02500
v 0.37500 -0.15000 0.02500
v 0.37500 -0.15500 0.02500
v 0.38000 -0.15500 0.02500
v 0.38000 -0.15000 0.02500
v 0.37500 -0.15000 0.02500
v 0.37500 -0.15500 0.03000
v 0.38000 -0.15500 0.03000
v 0.38000 -0.15000 0.03000
v 0.37500 -0.15000 0.03000
v 0.37500 -0.15500 0.03000
v 0.38000 -0.15500 0.03000
v 0.38000 -0.15000 0.03000
v 0.37500 -0.15000 0.03000
v 0.37500 -0.15500 0.03500
v 0.38000 -0.15500 0.03500
v 0.38000 -0.15000 0.03500
v 0.37500 -0.15000 0.03500
v 0.37500 -0.15500 0.03500
v 0.38000 -0.15500 0.03500
v 0.38000 -0.15000 0.03500
v 0.37500 -0.15000 0.03500
v 0.37500 -0.15500 0.04000
v 0.38000 -0.15500 0.04000
v 0.38000 -0.15000 0.04000
v 0.37500 -0.15000 0.04000
v 0.37500 -0.15500 0.04000
v 0.38000 -0.15500 0.04000
v 0.38000 -0.15000 0.04000
v 0.37500 -0.15000 0.04000
v 0.37500 -0.15500 0.04500
v 0.38000 -0.15500 0.04500
v 0.38000 -0.15000 0.04500
v 0.37500 -0.15000 0.04500
v 0.37500 -0.15500 0.04500
v 0.38000 -0.15500 0.04500
v 0.38000 -0.15000 0.04500
v 0.37500 -0.15000 0.04500
v 0.37500 -0.15500 0.05000
v 0.38000 -0.15500 0.05000
v 0.38000 -0.15000 0.05000
v 0.37500 -0.15000 0.05000
v 0.37500 -0.15500 0.05000
v 0.38000 -0.15500 0.05000
v 0.38000 -0.15000 0.05000
v 0.37500 -0.15000 0.05000
v 0.37500 -0.15500 0.05500
v 0.38000 -0.15500 0.05500
v 0.38000 -0.15000 0.05500
v 0.37500 -0.15000 0.05500
v 0.37500 -0.15500 0.05500
v 0.38000 -0.15500 0.05500
v 0.38000 -0.15000 0.05500
v 0.37500 -0.15000 0.05500
v 0.37500 -0.15500 0.06000
v 0.38000 -0.15500 0.06000
v 0.38000 -0.15000 0.06000
v 0.37500 -0.15000 0.06000
v 0.37500 -0.15500 0.06000
v 0.38000 -0.15500 0.06000
v 0.38000 -0.15000 0.06000
v 0.37500 -0.15000 0.06000
v 0.37500 -0.15500 0.06500
v 0.38000 -0.15500 0.06500
v 0.38000 -0.15000 0.06500
v 0.37500 -0.15000 0.06500
v 0.37500 -0.15500 0.06500
v 0.38000 -0.15500 0.06500
v 0.38000 -0.15000 0.06500
v 0.37500 -0.15000 0.06500
v 0.37500 -0.15500 0.07000
v 0.38000 -0.15500 0.07000
v 0.38000 -0.15000 0.07000
v 0.37500 -0.15000 0.07000
v 0.37500 -0.15500 0.07000
v 0.38000 -0.15500 0.07000
v 0.38000 -0.15000 0.07000
v 0.37500 -0.15000 0.07000
v 0.37500 -0.15500 0.07500
v 0.38000 -0.15500 0.07500
v 0.38000 -0.15000 0.07500
v 0.37500 -0.15000 0.07500
v 0.37500 -0.15500 0.07500
v 0.38000 -0.15500 0.07500
v 0.38000 -0.15000 0.07500
v 0.37500 -0.15000 0.07500
v 0.37500 -0.15500 0.08000
v 0.38000 -0.15500 0.08000
v 0.38000 -0.15000 0.08000
v 0.37500 -0.15000 0.08000
v 0.37500 -0.15500 0.08000
v 0.38000 -0.15500 0.08000
v 0.38000 -0.15000 0.08000
v 0.37500 -0.15000 0.08000
v 0.37500 -0.15500 0.08500
v 0.38000 -0.15500 0.08500
v 0.38000 -0.15000 0.08500
v 0.37500 -0.15000 0.08500
v 0.37500 -0.15500 0.08500
v 0.38000 -0.15500 0.08500
v 0.38000 -0.15000 0.08500
v 0.37500 -0.15000 0.08500
v 0.37500 -0.15500 0.09000
v 0.38000 -0.15500 0.09000
v 0.38000 -0.15000 0.09000
v 0.37500 -0.15000 0.09000
v 0.37500 -0.15500 0.09000
v 0.38000 -0.15500 0.09000
v 0.38000 -0.15000 0.09000
v 0.37500 -0.15000 0.09000
v 0.37500 -0.15500 0.09500
v 0.38000 -0.15500 0.09500
v 0.38000 -0.15000 0.09500
v 0.37500 -0.15000 0.09500
v 0.37500 -0.15500 0.09500
v 0.38000 -0.15500 0.09500
v 0.38000 -0.15000 0.09500
v 0.37500 -0.15000 0.09500
v 0.37500 -0.15500 0.10000
v 0.38000 -0.15500 0.10000
v 0.38000 -0.15000 0.10000
v 0.37500 -0.15000 0.10000
v 0.37500 -0.15500 0.10000
v 0.38000 -0.15500 0.10000
v 0.38000 -0.15000 0.10000
v 0.37500 -0.15000 0.10000
v 0.37500 -0.15500 0.10500
v 0.38000 -0.15500 0.10500
v 0.38000 -0.15000 0.10500
v 0.37500 -0.15000 0.10500
v 0.37500 -0.15500 0.10500
v 0.38000 -0.15500 0.10500
v 0.38000 -0.15000 0.10500
v 0.37500 -0.15000 0.10500
v 0.37500 -0.15500 0.11000
v 0.38000 -0.15500 0.11000
v 0.38000 -0.15000 0.11000
v 0.37500 -0.15000 0.11000
v 0.37500 -0.15500 0.11000
v 0.38000 -0.15500 0.11000
v 0.38000 -0.15000 0.11000
v 0.37500 -0.15000 0.11000
v 0.37500 -0.15500 0.11500
v 0.38000 -0.15500 0.11500
v 0.38000 -0.15000 0.11500
v 0.37500 -0.15000 0.11500
v 0.37500 -0.15500 0.11500
v 0.38000 -0.15500 0.11500
v 0.38000 -0.15000 0.11500
v 0.37500 -0.15000 0.11500
v 0.37500 -0.15500 0.12000
v 0.38000 -0.15500 0.12000
v 0.38000 -0.15000 0.12000
v 0.37500 -0.15000 0.12000
v 0.37500 -0.15500 0.12000
v 0.38000 -0.15500 0.12000
v 0.38000 -0.15000 0.12000
v 0.37500 -0.15000 0.12000
v 0.37500 -0.15500 0.12500
v 0.38000 -0.15500 0.12500
v 0.38000 -0.15000 0.12500
v 0.37500 -0.15000 0.12500
v 0.38000 -0.21500 0.03000
v 0.38500 -0.21500 0.03000
v 0.38500 -0.21000 0.03000
v 0.38000 -0.21000 0.03000
v 0.38000 -0.21500 0.03500
v 0.38500 -0.21500 0.03500
v 0.38500 -0.21000 0.03500
v 0.38000 -0.21000 0.03500
v 0.38000 -0.21500 0.03500
v 0.38500 -0.21500 0.03500
v 0.38500 -0.21000 0.03500
v 0.38000 -0.21000 0.03500
v 0.38000 -0.21500 0.04000
v 0.38500 -0.21500 0.04000
v 0.38500 -0.21000 0.04000
v 0.38000 -0.21000 0.04000
v 0.38000 -0.21500 0.04000
v 0.38500 -0.21500 0.04000
v 0.38500 -0.21000 0.04000
v 0.38000 -0.21000 0.04000
v 0.38000 -0.21500 0.04500
v 0.38500 -0.21500 0.04500
v 0.38500 -0.21000 0.04500
v 0.38000 -0.21000 0.04500
v 0.38000 -0.21500 0.04500
v 0.38500 -0.21500 0.04500
v 0.38500 -0.21000 0.04500
v 0.38000 -0.21000 0.04500
v 0.38000 -0.21500 0.05000
v 0.38500 -0.21500 0.05000
v 0.38500 -0.21000 0.05000
v 0.38000 -0.21000 0.05000
v 0.38000 -0.21500 0.05000
v 0.38500 -0.21500 0.05000
v 0.38500 -0.21000 0.05000
v 0.38000 -0.21000 0.05000
v 0.38000 -0.21500 0.05500
v 0.38500 -0.21500 0.05500
v 0.38500 -0.21000 0.05500
v 0.38000 -0.21000 0.05500
v 0.38000 -0.21500 0.05500
v 0.38500 -0.21500 0.05500
v 0.38500 -0.21000 0.05500
v 0.38000 -0.21000 0.05500
v 0.38000 -0.21500 0.06000
v 0.38500 -0.21500 0.06000
v 0.38500 -0.21000 0.06000
v 0.38000 -0.21000 0.06000
v 0.38000 -0.21500 0.06000
v 0.38500 -0.21500 0.06000
v 0.38500 -0.21000 0.06000
v 0.38000 -0.21000 0.06000
v 0.38000 -0.21500 0.06500
v 0.38500 -0.21500 0.06500
v 0.38500 -0.21000 0.06500
v 0.38000 -0.21000 0.06500
v 0.38000 -0.21500 0.06500
v 0.38500 -0.21500 0.06500
v 0.38500 -0.21000 0.06500
v 0.38000 -0.21000 0.06500
v 0.38000 -0.21500 0.07000
v 0.38500 -0.21500 0.07000
v 0.38500 -0.21000 0.07000
v 0.38000 -0.21000 0.07000
v 0.38000 -0.21500 0.07000
v 0.38500 -0.21500 0.07000
v 0.38500 -0.21000 0.07000
v 0.38000 -0.21000 0.07000
v 0.38000 -0.21500 0.07500
v 0.38500 -0.21500 0.07500
v 0.38500 -0.21000 0.07500
v 0.38000 -0.21000 0.07500
v 0.38000 -0.21500 0.07500
v 0.38500 -0.21500 0.07500
v 0.38500 -0.21000 0.07500
v 0.38000 -0.21000 0.07500
v 0.38000 -0.21500 0.08000
v 0.38500 -0.21500 0.08000
v 0.38500 -0.21000 0.08000
v 0.38000 -0.21000 0.08000
v 0.38000 -0.21500 0.08500
v 0.38500 -0.21500 0.08500
v 0.38500 -0.21000 0.08500
v 0.38000 -0.21000 0.08500
v 0.38000 -0.21500 0.09000
v 0.38500 -0.21500 0.09000
v 0.38500 -0.21000 0.09000
v 0.38000 -0.21000 0.09000
v 0.38000 -0.21000 0.10500
v 0.38500 -0.21000 0.10500
v 0.38500 -0.20500 0.10500
v 0.38000 -0.20500 0.10500
v 0.38000 -0.21000 0.11000
v 0.38500 -0.21000 0.11000
v 0.38500 -0.20500 0.11000
v 0.38000 -0.20500 0.11000
v 0.38000 -0.21000 0.11500
v 0.38500 -0.21000 0.11500
v 0.38500 -0.20500 0.11500
v 0.38000 -0.20500 0.11500
v 0.38000 -0.21000 0.12000
v 0.38500 -0.21000 0.12000
v 0.38500 -0.20500 0.12000
v 0.38000 -0.20500 0.12000
v 0.38000 -0.21000 0.12000
v 0.38500 -0.21000 0.12000
v 0.38500 -0.20500 0.12000
v 0.38000 -0.20500 0.12000
v 0.38000 -0.21000 0.12500
v 0.38500 -0.21000 0.12500
v 0.38500 -0.20500 0.12500
v 0.38000 -0.20500 0.12500
v 0.38000 -0.21000 0.12500
v 0.38500 -0.21000 0.12500
v 0.38500 -0.20500 0.12500
v 0.38000 -0.20500 0.12500
v 0.38000 -0.21000 0.13000
v 0.38500 -0.21000 0.13000
v 0.38500 -0.20500 0.13000
v 0.38000 -0.20500 0.13000
v 0.38000 -0.21000 0.13000
v 0.38500 -0.21000 0.13000
v 0.38500 -0.20500 0.13000
v 0.38000 -0.20500 0.13000
v 0.38000 -0.21000 0.13500
v 0.38500 -0.21000 0.13500
v 0.38500 -0.20500 0.13500
v 0.38000 -0.20500 0.13500
v 0.38000 -0.21000 0.13500
v 0.38500 -0.21000 0.13500
v 0.38500 -0.20500 0.13500
v 0.38000 -0.20500 0.13500
v 0.38000 -0.21000 0.14000
v 0.38500 -0.21000 0.14000
v 0.38500 -0.20500 0.14000
v 0.38000 -0.20500 0.14000
v 0.38000 -0.21000 0.14000
v 0.38500 -0.21000 0.14000
v 0.38500 -0.20500 0.14000
v 0.38000 -0.20500 0.14000
v 0.38000 -0.21000 0.14500
v 0.38500 -0.21000 0.14500
v 0.38500 -0.20500 0.14500
v 0.38000 -0.20500 0.14500
v 0.38000 -0.21000 0.14500
v 0.38500 -0.21000 0.14500
v 0.38500 -0.20500 0.14500
v 0.38000 -0.20500 0.14500
v 0.38000 -0.21000 0.15000
v 0.38500 -0.21000 0.15000
v 0.38500 -0.20500 0.15000
v 0.38000 -0.20500 0.15000
v 0.38000 -0.21000 0.15000
v 0.38500 -0.21000 0.15000
v 0.38500 -0.20500 0.15000
v 0.38000 -0.20500 0.15000
v 0.38000 -0.21000 0.15500
v 0.38500 -0.21000 0.15500
v 0.38500 -0.20500 0.15500
v 0.38000 -0.20500 0.15500
v 0.38000 -0.21000 0.15500
v 0.38500 -0.21000 0.15500
v 0.38500 -0.20500 0.15500
v 0.38000 -0.20500 0.15500
v 0.38000 -0.21000 0.16000
v 0.38500 -0.21000 0.16000
v 0.38500 -0.20500 0.16000
v 0.38000 -0.20500 0.16000
v 0.38000 -0.21000 0.16000
v 0.38500 -0.21000 0.16000
v 0.38500 -0.20500 0.16000
v 0.38000 -0.20500 0.16000
v 0.38000 -0.21000 0.16500
v 0.38500 -0.21000 0.16500
v 0.38500 -0.20500 0.16500
v 0.38000 -0.20500 0.16500
v 0.38000 -0.21000 0.16500
v 0.38500 -0.21000 0.16500
v 0.38500 -0.20500 0.16500
v 0.38000 -0.20500 0.16500
v 0.38000 -0.21000 0.17000
v 0.38500 -0.21000 0.17000
v 0.38500 -0.20500 0.17000
v 0.38000 -0.20500 0.17000
v 0.38000 -0.21000 0.17000
v 0.38500 -0.21000 0.17000
v 0.38500 -0.20500 0.17000
v 0.38000 -0.20500 0.17000
v 0.38000 -0.21000 0.17500
v 0.38500 -0.21000 0.17500
v 0.38500 -0.20500 0.17500
v 0.38000 -0.20500 0.17500
v 0.38000 -0.21000 0.17500
v 0.38500 -0.21000 0.17500
v 0.38500 -0.20500 0.17500
v 0.38000 -0.20500 0.17500
v 0.38000 -0.21000 0.18000
v 0.38500 -0.21000 0.18000
v 0.38500 -0.20500 0.18000
v 0.38000 -0.20500 0.18000
v 0.38000 -0.21000 0.18000
v 0.38500 -0.21000 0.18000
v 0.38500 -0.20500 0.18000
v 0.38000 -0.20500 0.18000
v 0.38000 -0.21000 0.18500
v 0.38500 -0.21000 0.18500
v 0.38500 -0.20500 0.18500
v 0.38000 -0.20500 0.18500
v 0.38000 -0.21000 0.18500
v 0.38500 -0.21000 0.18500
v 0.38500 -0.20500 0.18500
v 0.38000 -0.20500 0.18500
v 0.38000 -0.21000 0.19000
v 0.38500 -0.21000 0.19000
v 0.38500 -0.20500 0.19000
v 0.38000 -0.20500 0.19000
v 0.38000 -0.21000 0.19000
v 0.38500 -0.21000 0.19000
v 0.38500 -0.20500 0.19000
v 0.38000 -0.20500 0.19000
v 0.38000 -0.21000 0.19500
v 0.38500 -0.21000 0.19500
v 0.38500 -0.20500 0.19500
v 0.38000 -0.20500 0.19500
v 0.38000 -0.21000 0.19500
v 0.38500 -0.21000 0.19500
v 0.38500 -0.20500 0.19500
v 0.38000 -0.20500 0.19500
v 0.38000 -0.21000 0.20000
v 0.38500 -0.21000 0.20000
v 0.38500 -0.20500 0.20000
v 0.38000 -0.20500 0.20000
v 0.38000 -0.21000 0.20000
v 0.38500 -0.21000 0.20000
v 0.38500 -0.20500 0.20000
v 0.38000 -0.20500 0.20000
v 0.38000 -0.21000 0.20500
v 0.38500 -0.21000 0.20500
v 0.38500 -0.20500 0.20500
v 0.38000 -0.20500 0.20500
v 0.38000 -0.21000 0.20500
v 0.38500 -0.21000 0.20500
v 0.38500 -0.20500 0.20500
v 0.38000 -0.20500 0.20500
v 0.38000 -0.21000 0.21000
v 0.38500 -0.21000 0.21000
v 0.38500 -0.20500 0.21000
v 0.38000 -0.20500 0.21000
v 0.38000 -0.20500 0.21000
v 0.38500 -0.20500 0.21000
v 0.38500 -0.20000 0.21000
v 0.38000 -0.20000 0.21000
v 0.38000 -0.20500 0.21500
v 0.38500 -0.20500 0.21500
v 0.38500 -0.20000 0.21500
v 0.38000 -0.20000 0.21500
v 0.38000 -0.20500 0.21500
v 0.38500 -0.20500 0.21500
v 0.38500 -0.20000 0.21500
v 0.38000 -0.20000 0.21500
v 0.38000 -0.20500 0.22000
v 0.38500 -0.20500 0.22000
v 0.38500 -0.20000 0.22000
v 0.38000 -0.20000 0.22000
v 0.38000 -0.17000 0.22500
v 0.38500 -0.17000 0.22500
v 0.38500 -0.16500 0.22500
v 0.38000 -0.16500 0.22500
v 0.38000 -0.17000 0.23000
v 0.38500 -0.17000 0.23000
v 0.38500 -0.16500 0.23000
v 0.38000 -0.16500 0.23000
v 0.38000 -0.17000 0.23000
v 0.38500 -0.17000 0.23000
v 0.38500 -0.16500 0.23000
v 0.38000 -0.16500 0.23000
v 0.38000 -0.17000 0.23500
v 0.38500 -0.17000 0.23500
v 0.38500 -0.16500 0.23500
v 0.38000 -0.16500 0.23500
v 0.38000 -0.16500 0.21500
v 0.38500 -0.16500 0.21500
v 0.38500 -0.16000 0.21500
v 0.38000 -0.16000 0.21500
v 0.38000 -0.16500 0.22000
v 0.38500 -0.16500 0.22000
v 0.38500 -0.16000 0.22000
v 0.38000 -0.16000 0.22000
v 0.38000 -0.16500 0.22000
v 0.38500 -0.16500 0.22000
v 0.38500 -0.16000 0.22000
v 0.38000 -0.16000 0.22000
v 0.38000 -0.16500 0.22500
v 0.38500 -0.16500 0.22500
v 0.38500 -0.16000 0.22500
v 0.38000 -0.16000 0.22500
v 0.38000 -0.16000 0.12500
v 0.38500 -0.16000 0.12500
v 0.38500 -0.15500 0.12500
v 0.38000 -0.15500 0.12500
v 0.38000 -0.16000 0.13000
v 0.38500 -0.16000 0.13000
v 0.38500 -0.15500 0.13000
v 0.38000 -0.15500 0.13000
v 0.38000 -0.16000 0.13000
v 0.38500 -0.16000 0.13000
v 0.38500 -0.15500 0.13000
v 0.38000 -0.15500 0.13000
v 0.38000 -0.16000 0.13500
v 0.38500 -0.16000 0.13500
v 0.38500 -0.15500 0.13500
v 0.38000 -0.15500 0.13500
v 0.38000 -0.16000 0.13500
v 0.38500 -0.16000 0.13500
v 0.38500 -0.15500 0.13500
v 0.38000 -0.15500 0.13500
v 0.38000 -0.16000 0.14000
v 0.38500 -0.16000 0.14000
v 0.38500 -0.15500 0.14000
v 0.38000 -0.15500 0.14000
v 0.38000 -0.16000 0.14000
v 0.38500 -0.16000 0.14000
v 0.38500 -0.15500 0.14000
v 0.38000 -0.15500 0.14000
v 0.38000 -0.16000 0.14500
v 0.38500 -0.16000 0.14500
v 0.38500 -0.15500 0.14500
v 0.38000 -0.15500 0.14500
v 0.38000 -0.16000 0.14500
v 0.38500 -0.16000 0.14500
v 0.38500 -0.15500 0.14500
v 0.38000 -0.15500 0.14500
v 0.38000 -0.16000 0.15000
v 0.38500 -0.16000 0.15000
v 0.38500 -0.15500 0.15000
v 0.38000 -0.15500 0.15000
v 0.38000 -0.16000 0.15000
v 0.38500 -0.16000 0.15000
v 0.38500 -0.15500 0.15000
v 0.38000 -0.15500 0.15000
v 0.38000 -0.16000 0.15500
v 0.38500 -0.16000 0.15500
v 0.38500 -0.15500 0.15500
v 0.38000 -0.15500 0.15500
v 0.38000 -0.16000 0.15500
v 0.38500 -0.16000 0.15500
v 0.38500 -0.15500 0.15500
v 0.38000 -0.15500 0.15500
v 0.38000 -0.16000 0.16000
v 0.38500 -0.16000 0.16000
v 0.38500 -0.15500 0.16000
v 0.38000 -0.15500 0.16000
v 0.38000 -0.16000 0.16000
v 0.38500 -0.16000 0.16000
v 0.38500 -0.15500 0.16000
v 0.38000 -0.15500 0.16000
v 0.38000 -0.16000 0.16500
v 0.38500 -0.16000 0.16500
v 0.38500 -0.15500 0.16500
v 0.38000 -0.15500 0.16500
v 0.38000 -0.16000 0.16500
v 0.38500 -0.16000 0.16500
v 0.38500 -0.15500 0.16500
v 0.38000 -0.15500 0.16500
v 0.38000 -0.16000 0.17000
v 0.38500 -0.16000 0.17000
v 0.38500 -0.15500 0.17000
v 0.38000 -0.15500 0.17000
v 0.38000 -0.16000 0.17000
v 0.38500 -0.16000 0.17000
v 0.38500 -0.15500 0.17000
v 0.38000 -0.15500 0.17000
v 0.38000 -0.16000 0.17500
v 0.38500 -0.16000 0.17500
v 0.38500 -0.15500 0.17500
v 0.38000 -0.15500 0.17500
v 0.38000 -0.16000 0.17500
v 0.38500 -0.16000 0.17500
v 0.38500 -0.15500 0.17500
v 0.38000 -0.15500 0.17500
v 0.38000 -0.16000 0.18000
v 0.38500 -0.16000 0.18000
v 0.38500 -0.15500 0.18000
v 0.38000 -0.15500 0.18000
v 0.38000 -0.16000 0.18000
v 0.38500 -0.16000 0.18000
v 0.38500 -0.15500 0.18000
v 0.38000 -0.15500 0.18000
v 0.38000 -0.16000 0.18500
v 0.38500 -0.16000 0.18500
v 0.38500 -0.15500 0.18500
v 0.38000 -0.15500 0.18500
v 0.38000 -0.16000 0.18500
v 0.38500 -0.16000 0.18500
v 0.38500 -0.15500 0.18500
v 0.38000 -0.15500 0.18500
v 0.38000 -0.16000 0.19000
v 0.38500 -0.16000 0.19000
v 0.38500 -0.15500 0.19000
v 0.38000 -0.15500 0.19000
v 0.38000 -0.16000 0.19000
v 0.38500 -0.16000 0.19000
v 0.38500 -0.15500 0.19000
v 0.38000 -0.15500 0.19000
v 0.38000 -0.16000 0.19500
v 0.38500 -0.16000 0.19500
v 0.38500 -0.15500 0.19500
v 0.38000 -0.15500 0.19500
v 0.38000 -0.16000 0.19500
v 0.38500 -0.16000 0.19500
v 0.38500 -0.15500 0.19500
v 0.38000 -0.15500 0.19500
v 0.38000 -0.16000 0.20000
v 0.38500 -0.16000 0.20000
v 0.38500 -0.15500 0.20000
v 0.38000 -0.15500 0.20000
v 0.38000 -0.16000 0.20000
v 0.38500 -0.16000 0.20000
v 0.38500 -0.15500 0.20000
v 0.38000 -0.15500 0.20000
v 0.38000 -0.16000 0.20500
v 0.38500 -0.16000 0.20500
v 0.38500 -0.15500 0.20500
v 0.38000 -0.15500 0.20500
v 0.38000 -0.16000 0.20500
v 0.38500 -0.16000 0.20500
v 0.38500 -0.15500 0.20500
v 0.38000 -0.15500 0.20500
v 0.38000 -0.16000 0.21000
v 0.38500 -0.16000 0.21000
v 0.38500 -0.15500 0.21000
v 0.38000 -0.15500 0.21000
v 0.38000 -0.16000 0.21000
v 0.38500 -0.16000 0.21000
v 0.38500 -0.15500 0.21000
v 0.38000 -0.15500 0.21000
v 0.38000 -0.16000 0.21500
v 0.38500 -0.16000 0.21500
v 0.38500 -0.15500 0.21500
v 0.38000 -0.15500 0.21500
v 0.38000 -0.15500 0.00000
v 0.38500 -0.15500 0.00000
v 0.38500 -0.15000 0.00000
v 0.38000 -0.15000 0.00000
v 0.38000 -0.15500 0.00500
v 0.38500 -0.15500 0.00500
v 0.38500 -0.15000 0.00500
v 0.38000 -0.15000 0.00500
v 0.38000 -0.15500 0.00500
v 0.38500 -0.15500 0.00500
v 0.38500 -0.15000 0.00500
v 0.38000 -0.15000 0.00500
v 0.38000 -0.15500 0.01000
v 0.38500 -0.15500 0.01000
v 0.38500 -0.15000 0.01000
v 0.38000 -0.15000 0.01000
v 0.38000 -0.15500 0.01000
v 0.38500 -0.15500 0.01000
v 0.38500 -0.15000 0.01000
v 0.38000 -0.15000 0.01000
v 0.38000 -0.15500 0.01500
v 0.38500 -0.15500 0.01500
v 0.38500 -0.15000 0.01500
v 0.38000 -0.15000 0.01500
v 0.38000 -0.15500 0.01500
v 0.38500 -0.15500 0.01500
v 0.38500 -0.15000 0.01500
v 0.38000 -0.15000 0.01500
v 0.38000 -0.15500 0.02000
v 0.38500 -0.15500 0.02000
v 0.38500 -0.15000 0.02000
v 0.38000 -0.15000 0.02000
v 0.38000 -0.15500 0.02000
v 0.38500 -0.15500 0.02000
v 0.38500 -0.15000 0.02000
v 0.38000 -0.15000 0.02000
v 0.38000 -0.15500 0.02500
v 0.38500 -0.15500 0.02500
v 0.38500 -0.15000 0.02500
v 0.38000 -0.15000 0.02500
v 0.38000 -0.15500 0.02500
v 0.38500 -0.15500 0.02500
v 0.38500 -0.15000 0.02500
v 0.38000 -0.15000 0.02500
v 0.38000 -0.15500 0.03000
v 0.38500 -0.15500 0.03000
v 0.38500 -0.15000 0.03000
v 0.38000 -0.15000 0.03000
v 0.38000 -0.15500 0.03000
v 0.38500 -0.15500 0.03000
v 0.38500 -0.15000 0.03000
v 0.38000 -0.15000 0.03000
v 0.38000 -0.15500 0.03500
v 0.38500 -0.15500 0.03500
v 0.38500 -0.15000 0.03500
v 0.38000 -0.15000 0.03500
v 0.38000 -0.15500 0.03500
v 0.38500 -0.15500 0.03500
v 0.38500 -0.15000 0.03500
v 0.38000 -0.15000 0.03500
v 0.38000 -0.15500 0.04000
v 0.38500 -0.15500 0.04000
v 0.38500 -0.15000 0.04000
v 0.38000 -0.15000 0.04000
v 0.38000 -0.15500 0.04000
v 0.38500 -0.15500 0.04000
v 0.38500 -0.15000 0.04000
v 0.38000 -0.15000 0.04000
v 0.38000 -0.15500 0.04500
v 0.38500 -0.15500 0.04500
v 0.38500 -0.15000 0.04500
v 0.38000 -0.15000 0.04500
v 0.38000 -0.15500 0.04500
v 0.38500 -0.15500 0.04500
v 0.38500 -0.15000 0.04500
v 0.38000 -0.15000 0.04500
v 0.38000 -0.15500 0.05000
v 0.38500 -0.15500 0.05000
v 0.38500 -0.15000 0.05000
v 0.38000 -0.15000 0.05000
v 0.38000 -0.15500 0.05000
v 0.38500 -0.15500 0.05000
v 0.38500 -0.15000 0.05000
v 0.38000 -0.15000 0.05000
v 0.38000 -0.15500 0.05500
v 0.38500 -0.15500 0.05500
v 0.38500 -0.15000 0.05500
v 0.38000 -0.15000 0.05500
v 0.38000 -0.15500 0.05500
v 0.38500 -0.15500 0.05500
v 0.38500 -0.15000 0.05500
v 0.38000 -0.15000 0.05500
v 0.38000 -0.15500 0.06000
v 0.38500 -0.15500 0.06000
v 0.38500 -0.15000 0.06000
v 0.38000 -0.15000 0.06000
v 0.38000 -0.15500 0.06000
v 0.38500 -0.15500 0.06000
v 0.38500 -0.15000 0.06000
v 0.38000 -0.15000 0.06000
v 0.38000 -0.15500 0.06500
v 0.38500 -0.15500 0.06500
v 0.38500 -0.15000 0.06500
v 0.38000 -0.15000 0.06500
v 0.38000 -0.15500 0.06500
v 0.38500 -0.15500 0.06500
v 0.38500 -0.15000 0.06500
v 0.38000 -0.15000 0.06500
v 0.38000 -0.15500 0.07000
v 0.38500 -0.15500 0.07000
v 0.38500 -0.15000 0.07000
v 0.38000 -0.15000 0.07000
v 0.38000 -0.15500 0.07000
v 0.38500 -0.15500 0.07000
v 0.38500 -0.15000 0.07000
v 0.38000 -0.15000 0.07000
v 0.38000 -0.15500 0.07500
v 0.38500 -0.15500 0.07500
v 0.38500 -0.15000 0.07500
v 0.38000 -0.15000 0.07500
v 0.38000 -0.15500 0.07500
v 0.38500 -0.15500 0.07500
v 0.38500 -0.15000 0.07500
v 0.38000 -0.15000 0.07500
v 0.38000 -0.15500 0.08000
v 0.38500 -0.15500 0.08000
v 0.38500 -0.15000 0.08000
v 0.38000 -0.15000 0.08000
v 0.38000 -0.15500 0.08000
v 0.38500 -0.15500 0.08000
v 0.38500 -0.15000 0.08000
v 0.38000 -0.15000 0.08000
v 0.38000 -0.15500 0.08500
v 0.38500 -0.15500 0.08500
v 0.38500 -0.15000 0.08500
v 0.38000 -0.15000 0.08500
v 0.38000 -0.15500 0.08500
v 0.38500 -0.15500 0.08500
v 0.38500 -0.15000 0.08500
v 0.38000 -0.15000 0.08500
v 0.38000 -0.15500 0.09000
v 0.38500 -0.15500 0.09000
v 0.38500 -0.15000 0.09000
v 0.38000 -0.15000 0.09000
v 0.38000 -0.15500 0.09000
v 0.38500 -0.15500 0.09000
v 0.38500 -0.15000 0.09000
v 0.38000 -0.15000 0.09000
v 0.38000 -0.15500 0.09500
v 0.38500 -0.15500 0.09500
v 0.38500 -0.15000 0.09500
v 0.38000 -0.15000 0.09500
v 0.38000 -0.15500 0.09500
v 0.38500 -0.15500 0.09500
v 0.38500 -0.15000 0.09500
v 0.38000 -0.15000 0.09500
v 0.38000 -0.15500 0.10000
v 0.38500 -0.15500 0.10000
v 0.38500 -0.15000 0.10000
v 0.38000 -0.15000 0.10000
v 0.38000 -0.15500 0.10000
v 0.38500 -0.15500 0.10000
v 0.38500 -0.15000 0.10000
v 0.38000 -0.15000 0.10000
v 0.38000 -0.15500 0.10500
v 0.38500 -0.15500 0.10500
v 0.38500 -0.15000 0.10500
v 0.38000 -0.15000 0.10500
v 0.38000 -0.15500 0.10500
v 0.38500 -0.15500 0.10500
v 0.38500 -0.15000 0.10500
v 0.38000 -0.15000 0.10500
v 0.38000 -0.15500 0.11000
v 0.38500 -0.15500 0.11000
v 0.38500 -0.15000 0.11000
v 0.38000 -0.15000 0.11000
v 0.38000 -0.15500 0.11000
v 0.38500 -0.15500 0.11000
v 0.38500 -0.15000 0.11000
v 0.38000 -0.15000 0.11000
v 0.38000 -0.15500 0.11500
v 0.38500 -0.15500 0.11500
v 0.38500 -0.15000 0.11500
v 0.38000 -0.15000 0.11500
v 0.38000 -0.15500 0.11500
v 0.38500 -0.15500 0.11500
v 0.38500 -0.15000 0.11500
v 0.38000 -0.15000 0.11500
v 0.38000 -0.15500 0.12000
v 0.38500 -0.15500 0.12000
v 0.38500 -0.15000 0.12000
v 0.38000 -0.15000 0.12000
v 0.38000 -0.15500 0.12000
v 0.38500 -0.15500 0.12000
v 0.38500 -0.15000 0.12000
v 0.38000 -0.15000 0.12000
v 0.38000 -0.15500 0.12500
v 0.38500 -0.15500 0.12500
v 0.38500 -0.15000 0.12500
v 0.38000 -0.15000 0.12500
v 0.38500 -0.21500 0.06000
v 0.39000 -0.21500 0.06000
v 0.39000 -0.21000 0.06000
v 0.38500 -0.21000 0.06000
v 0.38500 -0.21500 0.06500
v 0.39000 -0.21500 0.06500
v 0.39000 -0.21000 0.06500
v 0.38500 -0.21000 0.06500
v 0.38500 -0.21500 0.07000
v 0.39000 -0.21500 0.07000
v 0.39000 -0.21000 0.07000
v 0.38500 -0.21000 0.07000
v 0.38500 -0.21500 0.07500
v 0.39000 -0.21500 0.07500
v 0.39000 -0.21000 0.07500
v 0.38500 -0.21000 0.07500
v 0.38500 -0.21500 0.07500
v 0.39000 -0.21500 0.07500
v 0.39000 -0.21000 0.07500
v 0.38500 -0.21000 0.07500
v 0.38500 -0.21500 0.08000
v 0.39000 -0.21500 0.08000
v 0.39000 -0.21000 0.08000
v 0.38500 -0.21000 0.08000
v 0.38500 -0.21500 0.08000
v 0.39000 -0.21500 0.08000
v 0.39000 -0.21000 0.08000
v 0.38500 -0.21000 0.08000
v 0.38500 -0.21500 0.08500
v 0.39000 -0.21500 0.08500
v 0.39000 -0.21000 0.08500
v 0.38500 -0.21000 0.08500
v 0.38500 -0.21500 0.08500
v 0.39000 -0.21500 0.08500
v 0.39000 -0.21000 0.08500
v 0.38500 -0.21000 0.08500
v 0.38500 -0.21500 0.09000
v 0.39000 -0.21500 0.09000
v 0.39000 -0.21000 0.09000
v 0.38500 -0.21000 0.09000
v 0.38500 -0.21000 0.09000
v 0.39000 -0.21000 0.09000
v 0.39000 -0.20500 0.09000
v 0.38500 -0.20500 0.09000
v 0.38500 -0.21000 0.09500
v 0.39000 -0.21000 0.09500
v 0.39000 -0.20500 0.09500
v 0.38500 -0.20500 0.09500
v 0.38500 -0.21000 0.09500
v 0.39000 -0.21000 0.09500
v 0.39000 -0.20500 0.09500
v 0.38500 -0.20500 0.09500
v 0.38500 -0.21000 0.10000
v 0.39000 -0.21000 0.10000
v 0.39000 -0.20500 0.10000
v 0.38500 -0.20500 0.10000
v 0.38500 -0.21000 0.10000
v 0.39000 -0.21000 0.10000
v 0.39000 -0.20500 0.10000
v 0.38500 -0.20500 0.10000
v 0.38500 -0.21000 0.10500
v 0.39000 -0.21000 0.10500
v 0.39000 -0.20500 0.10500
v 0.38500 -0.20500 0.10500
v 0.38500 -0.21000 0.10500
v 0.39000 -0.21000 0.10500
v 0.39000 -0.20500 0.10500
v 0.38500 -0.20500 0.10500
v 0.38500 -0.21000 0.11000
v 0.39000 -0.21000 0.11000
v 0.39000 -0.20500 0.11000
v 0.38500 -0.20500 0.11000
v 0.38500 -0.21000 0.11000
v 0.39000 -0.21000 0.11000
v 0.39000 -0.20500 0.11000
v 0.38500 -0.20500 0.11000
v 0.38500 -0.21000 0.11500
v 0.39000 -0.21000 0.11500
v 0.39000 -0.20500 0.11500
v 0.38500 -0.20500 0.11500
v 0.38500 -0.21000 0.11500
v 0.39000 -0.21000 0.11500
v 0.39000 -0.20500 0.11500
v 0.38500 -0.20500 0.11500
v 0.38500 -0.21000 0.12000
v 0.39000 -0.21000 0.12000
v 0.39000 -0.20500 0.12000
v 0.38500 -0.20500 0.12000
v 0.38500 -0.21000 0.12000
v 0.39000 -0.21000 0.12000
v 0.39000 -0.20500 0.12000
v 0.38500 -0.20500 0.12000
v 0.38500 -0.21000 0.12500
v 0.39000 -0.21000 0.12500
v 0.39000 -0.20500 0.12500
v 0.38500 -0.20500 0.12500
v 0.38500 -0.21000 0.12500
v 0.39000 -0.21000 0.12500
v 0.39000 -0.20500 0.12500
v 0.38500 -0.20500 0.12500
v 0.38500 -0.21000 0.13000
v 0.39000 -0.21000 0.13000
v 0.39000 -0.20500 0.13000
v 0.38500 -0.20500 0.13000
v 0.38500 -0.21000 0.13000
v 0.39000 -0.21000 0.13000
v 0.39000 -0.20500 0.13000
v 0.38500 -0.20500 0.13000
v 0.38500 -0.21000 0.13500
v 0.39000 -0.21000 0.13500
v 0.39000 -0.20500 0.13500
v 0.38500 -0.20500 0.13500
v 0.38500 -0.21000 0.13500
v 0.39000 -0.21000 0.13500
v 0.39000 -0.20500 0.13500
v 0.38500 -0.20500 0.13500
v 0.38500 -0.21000 0.14000
v 0.39000 -0.21000 0.14000
v 0.39000 -0.20500 0.14000
v 0.38500 -0.20500 0.14000
v 0.38500 -0.21000 0.14000
v 0.39000 -0.21000 0.14000
v 0.39000 -0.20500 0.14000
v 0.38500 -0.20500 0.14000
v 0.38500 -0.21000 0.14500
v 0.39000 -0.21000 0.14500
v 0.39000 -0.20500 0.14500
v 0.38500 -0.20500 0.14500
v 0.38500 -0.21000 0.14500
v 0.39000 -0.21000 0.14500
v 0.39000 -0.20500 0.14500
v 0.38500 -0.20500 0.14500
v 0.38500 -0.21000 0.15000
v 0.39000 -0.21000 0.15000
v 0.39000 -0.20500 0.15000
v 0.38500 -0.20500 0.15000
v 0.38500 -0.21000 0.15000
v 0.39000 -0.21000 0.15000
v 0.39000 -0.20500 0.15000
v 0.38500 -0.20500 0.15000
v 0.38500 -0.21000 0.15500
v 0.39000 -0.21000 0.15500
v 0.39000 -0.20500 0.15500
v 0.38500 -0.20500 0.15500
v 0.38500 -0.21000 0.15500
v 0.39000 -0.21000 0.15500
v 0.39000 -0.20500 0.15500
v 0.38500 -0.20500 0.15500
v 0.38500 -0.21000 0.16000
v 0.39000 -0.21000 0.16000
v 0.39000 -0.20500 0.16000
v 0.38500 -0.20500 0.16000
v 0.38500 -0.21000 0.16000
v 0.39000 -0.21000 0.16000
v 0.39000 -0.20500 0.16000
v 0.38500 -0.20500 0.16000
v 0.38500 -0.21000 0.16500
v 0.39000 -0.21000 0.16500
v 0.39000 -0.20500 0.16500
v 0.38500 -0.20500 0.16500
v 0.38500 -0.21000 0.16500
v 0.39000 -0.21000 0.16500
v 0.39000 -0.20500 0.16500
v 0.38500 -0.20500 0.16500
v 0.38500 -0.21000 0.17000
v 0.39000 -0.21000 0.17000
v 0.39000 -0.20500 0.17000
v 0.38500 -0.20500 0.17000
v 0.38500 -0.21000 0.17000
v 0.39000 -0.21000 0.17000
v 0.39000 -0.20500 0.17000
v 0.38500 -0.20500 0.17000
v 0.38500 -0.21000 0.17500
v 0.39000 -0.21000 0.17500
v 0.39000 -0.20500 0.17500
v 0.38500 -0.20500 0.17500
v 0.38500 -0.21000 0.17500
v 0.39000 -0.21000 0.17500
v 0.39000 -0.20500 0.17500
v 0.38500 -0.20500 0.17500
v 0.38500 -0.21000 0.18000
v 0.39000 -0.21000 0.18000
v 0.39000 -0.20500 0.18000
v 0.38500 -0.20500 0.18000
v 0.38500 -0.21000 0.18000
v 0.39000 -0.21000 0.18000
v 0.39000 -0.20500 0.18000
v 0.38500 -0.20500 0.18000
v 0.38500 -0.21000 0.18500
v 0.39000 -0.21000 0.18500
v 0.39000 -0.20500 0.18500
v 0.38500 -0.20500 0.18500
v 0.38500 -0.21000 0.18500
v 0.39000 -0.21000 0.18500
v 0.39000 -0.20500 0.18500
v 0.38500 -0.20500 0.18500
v 0.38500 -0.21000 0.19000
v 0.39000 -0.21000 0.19000
v 0.39000 -0.20500 0.19000
v 0.38500 -0.20500 0.19000
v 0.38500 -0.21000 0.19000
v 0.39000 -0.21000 0.19000
v 0.39000 -0.20500 0.19000
v 0.38500 -0.20500 0.19000
v 0.38500 -0.21000 0.19500
v 0.39000 -0.21000 0.19500
v 0.39000 -0.20500 0.19500
v 0.38500 -0.20500 0.19500
v 0.38500 -0.21000 0.19500
v 0.39000 -0.21000 0.19500
v 0.39000 -0.20500 0.19500
v 0.38500 -0.20500 0.19500
v 0.38500 -0.21000 0.20000
v 0.39000 -0.21000 0.20000
v 0.39000 -0.20500 0.20000
v 0.38500 -0.20500 0.20000
v 0.38500 -0.21000 0.20000
v 0.39000 -0.21000 0.20000
v 0.39000 -0.20500 0.20000
v 0.38500 -0.20500 0.20000
v 0.38500 -0.21000 0.20500
v 0.39000 -0.21000 0.20500
v 0.39000 -0.20500 0.20500
v 0.38500 -0.20500 0.20500
v 0.38500 -0.21000 0.20500
v 0.39000 -0.21000 0.20500
v 0.39000 -0.20500 0.20500
v 0.38500 -0.20500 0.20500
v 0.38500 -0.21000 0.21000
v 0.39000 -0.21000 0.21000
v 0.39000 -0.20500 0.21000
v 0.38500 -0.20500 0.21000
v 0.38500 -0.21000 0.21000
v 0.39000 -0.21000 0.21000
v 0.39000 -0.20500 0.21000
v 0.38500 -0.20500 0.21000
v 0.38500 -0.21000 0.21500
v 0.39000 -0.21000 0.21500
v 0.39000 -0.20500 0.21500
v 0.38500 -0.20500 0.21500
v 0.38500 -0.20500 0.21500
v 0.39000 -0.20500 0.21500
v 0.39000 -0.20000 0.21500
v 0.38500 -0.20000 0.21500
v 0.38500 -0.20500 0.22000
v 0.39000 -0.20500 0.22000
v 0.39000 -0.20000 0.22000
v 0.38500 -0.20000 0.22000
v 0.38500 -0.17000 0.22500
v 0.39000 -0.17000 0.22500
v 0.39000 -0.16500 0.22500
v 0.38500 -0.16500 0.22500
v 0.38500 -0.17000 0.23000
v 0.39000 -0.17000 0.23000
v 0.39000 -0.16500 0.23000
v 0.38500 -0.16500 0.23000
v 0.38500 -0.17000 0.23500
v 0.39000 -0.17000 0.23500
v 0.39000 -0.16500 0.23500
v 0.38500 -0.16500 0.23500
v 0.38500 -0.17000 0.24000
v 0.39000 -0.17000 0.24000
v 0.39000 -0.16500 0.24000
v 0.38500 -0.16500 0.24000
v 0.38500 -0.16500 0.22000
v 0.39000 -0.16500 0.22000
v 0.39000 -0.16000 0.22000
v 0.38500 -0.16000 0.22000
v 0.38500 -0.16500 0.22500
v 0.39000 -0.16500 0.22500
v 0.39000 -0.16000 0.22500
v 0.38500 -0.16000 0.22500
v 0.38500 -0.16000 0.11000
v 0.39000 -0.16000 0.11000
v 0.39000 -0.15500 0.11000
v 0.38500 -0.15500 0.11000
v 0.38500 -0.16000 0.11500
v 0.39000 -0.16000 0.11500
v 0.39000 -0.15500 0.11500
v 0.38500 -0.15500 0.11500
v 0.38500 -0.16000 0.12000
v 0.39000 -0.16000 0.12000
v 0.39000 -0.15500 0.12000
v 0.38500 -0.15500 0.12000
v 0.38500 -0.16000 0.12500
v 0.39000 -0.16000 0.12500
v 0.39000 -0.15500 0.12500
v 0.38500 -0.15500 0.12500
v 0.38500 -0.16000 0.12500
v 0.39000 -0.16000 0.12500
v 0.39000 -0.15500 0.12500
v 0.38500 -0.15500 0.12500
v 0.38500 -0.16000 0.13000
v 0.39000 -0.16000 0.13000
v 0.39000 -0.15500 0.13000
v 0.38500 -0.15500 0.13000
v 0.38500 -0.16000 0.13000
v 0.39000 -0.16000 0.13000
v 0.39000 -0.15500 0.13000
v 0.38500 -0.15500 0.13000
v 0.38500 -0.16000 0.13500
v 0.39000 -0.16000 0.13500
v 0.39000 -0.15500 0.13500
v 0.38500 -0.15500 0.13500
v 0.38500 -0.16000 0.13500
v 0.39000 -0.16000 0.13500
v 0.39000 -0.15500 0.13500
v 0.38500 -0.15500 0.13500
v 0.38500 -0.16000 0.14000
v 0.39000 -0.16000 0.14000
v 0.39000 -0.15500 0.14000
v 0.38500 -0.15500 0.14000
v 0.38500 -0.16000 0.14000
v 0.39000 -0.16000 0.14000
v 0.39000 -0.15500 0.14000
v 0.38500 -0.15500 0.14000
v 0.38500 -0.16000 0.14500
v 0.39000 -0.16000 0.14500
v 0.39000 -0.15500 0.14500
v 0.38500 -0.15500 0.14500
v 0.38500 -0.16000 0.14500
v 0.39000 -0.16000 0.14500
v 0.39000 -0.15500 0.14500
v 0.38500 -0.15500 0.14500
v 0.38500 -0.16000 0.15000
v 0.39000 -0.16000 0.15000
v 0.39000 -0.15500 0.15000
v 0.38500 -0.15500 0.15000
v 0.38500 -0.16000 0.15000
v 0.39000 -0.16000 0.15000
v 0.39000 -0.15500 0.15000
v 0.38500 -0.15500 0.15000
v 0.38500 -0.16000 0.15500
v 0.39000 -0.16000 0.15500
v 0.39000 -0.15500 0.15500
v 0.38500 -0.15500 0.15500
v 0.38500 -0.16000 0.15500
v 0.39000 -0.16000 0.15500
v 0.39000 -0.15500 0.15500
v 0.38500 -0.15500 0.15500
v 0.38500 -0.16000 0.16000
v 0.39000 -0.16000 0.16000
v 0.39000 -0.15500 0.16000
v 0.38500 -0.15500 0.16000
v 0.38500 -0.16000 0.16000
v 0.39000 -0.16000 0.16000
v 0.39000 -0.15500 0.16000
v 0.38500 -0.15500 0.16000
v 0.38500 -0.16000 0.16500
v 0.39000 -0.16000 0.16500
v 0.39000 -0.15500 0.16500
v 0.38500 -0.15500 0.16500
v 0.38500 -0.16000 0.16500
v 0.39000 -0.16000 0.16500
v 0.39000 -0.15500 0.16500
v 0.38500 -0.15500 0.16500
v 0.38500 -0.16000 0.17000
v 0.39000 -0.16000 0.17000
v 0.39000 -0.15500 0.17000
v 0.38500 -0.15500 0.17000
v 0.38500 -0.16000 0.17000
v 0.39000 -0.16000 0.17000
v 0.39000 -0.15500 0.17000
v 0.38500 -0.15500 0.17000
v 0.38500 -0.16000 0.17500
v 0.39000 -0.16000 0.17500
v 0.39000 -0.15500 0.17500
v 0.38500 -0.15500 0.17500
v 0.38500 -0.16000 0.17500
v 0.39000 -0.16000 0.17500
v 0.39000 -0.15500 0.17500
v 0.38500 -0.15500 0.17500
v 0.38500 -0.16000 0.18000
v 0.39000 -0.16000 0.18000
v 0.39000 -0.15500 0.18000
v 0.38500 -0.15500 0.18000
v 0.38500 -0.16000 0.18000
v 0.39000 -0.16000 0.18000
v 0.39000 -0.15500 0.18000
v 0.38500 -0.15500 0.18000
v 0.38500 -0.16000 0.18500
v 0.39000 -0.16000 0.18500
v 0.39000 -0.15500 0.18500
v 0.38500 -0.15500 0.18500
v 0.38500 -0.16000 0.18500
v 0.39000 -0.16000 0.18500
v 0.39000 -0.15500 0.18500
v 0.38500 -0.15500 0.18500
v 0.38500 -0.16000 0.19000
v 0.39000 -0.16000 0.19000
v 0.39000 -0.15500 0.19000
v 0.38500 -0.15500 0.19000
v 0.38500 -0.16000 0.19000
v 0.39000 -0.16000 0.19000
v 0.39000 -0.15500 0.19000
v 0.38500 -0.15500 0.19000
v 0.38500 -0.16000 0.19500
v 0.39000 -0.16000 0.19500
v 0.39000 -0.15500 0.19500
v 0.38500 -0.15500 0.19500
v 0.38500 -0.16000 0.19500
v 0.39000 -0.16000 0.19500
v 0.39000 -0.15500 0.19500
v 0.38500 -0.15500 0.19500
v 0.38500 -0.16000 0.20000
v 0.39000 -0.16000 0.20000
v 0.39000 -0.15500 0.20000
v 0.38500 -0.15500 0.20000
v 0.38500 -0.16000 0.20000
v 0.39000 -0.16000 0.20000
v 0.39000 -0.15500 0.20000
v 0.38500 -0.15500 0.20000
v 0.38500 -0.16000 0.20500
v 0.39000 -0.16000 0.20500
v 0.39000 -0.15500 0.20500
v 0.38500 -0.15500 0.20500
v 0.38500 -0.16000 0.20500
v 0.39000 -0.16000 0.20500
v 0.39000 -0.15500 0.20500
v 0.38500 -0.15500 0.20500
v 0.38500 -0.16000 0.21000
v 0.39000 -0.16000 0.21000
v 0.39000 -0.15500 0.21000
v 0.38500 -0.15500 0.21000
v 0.38500 -0.16000 0.21000
v 0.39000 -0.16000 0.21000
v 0.39000 -0.15500 0.21000
v 0.38500 -0.15500 0.21000
v 0.38500 -0.16000 0.21500
v 0.39000 -0.16000 0.21500
v 0.39000 -0.15500 0.21500
v 0.38500 -0.15500 0.21500
v 0.38500 -0.16000 0.21500
v 0.39000 -0.16000 0.21500
v 0.39000 -0.15500 0.21500
v 0.38500 -0.15500 0.21500
v 0.38500 -0.16000 0.22000
v 0.39000 -0.16000 0.22000
v 0.39000 -0.15500 0.22000
v 0.38500 -0.15500 0.22000
v 0.38500 -0.15500 0.00500
v 0.39000 -0.15500 0.00500
v 0.39000 -0.15000 0.00500
v 0.38500 -0.15000 0.00500
v 0.38500 -0.15500 0.01000
v 0.39000 -0.15500 0.01000
v 0.39000 -0.15000 0.01000
v 0.38500 -0.15000 0.01000
v 0.38500 -0.15500 0.01000
v 0.39000 -0.15500 0.01000
v 0.39000 -0.15000 0.01000
v 0.38500 -0.15000 0.01000
v 0.38500 -0.15500 0.01500
v 0.39000 -0.15500 0.01500
v 0.39000 -0.15000 0.01500
v 0.38500 -0.15000 0.01500
v 0.38500 -0.15500 0.01500
v 0.39000 -0.15500 0.01500
v 0.39000 -0.15000 0.01500
v 0.38500 -0.15000 0.01500
v 0.38500 -0.15500 0.02000
v 0.39000 -0.15500 0.02000
v 0.39000 -0.15000 0.02000
v 0.38500 -0.15000 0.02000
v 0.38500 -0.15500 0.02000
v 0.39000 -0.15500 0.02000
v 0.39000 -0.15000 0.02000
v 0.38500 -0.15000 0.02000
v 0.38500 -0.15500 0.02500
v 0.39000 -0.15500 0.02500
v 0.39000 -0.15000 0.02500
v 0.38500 -0.15000 0.02500
v 0.38500 -0.15500 0.02500
v 0.39000 -0.15500 0.02500
v 0.39000 -0.15000 0.02500
v 0.38500 -0.15000 0.02500
v 0.38500 -0.15500 0.03000
v 0.39000 -0.15500 0.03000
v 0.39000 -0.15000 0.03000
v 0.38500 -0.15000 0.03000
v 0.38500 -0.15500 0.03000
v 0.39000 -0.15500 0.03000
v 0.39000 -0.15000 0.03000
v 0.38500 -0.15000 0.03000
v 0.38500 -0.15500 0.03500
v 0.39000 -0.15500 0.03500
v 0.39000 -0.15000 0.03500
v 0.38500 -0.15000 0.03500
v 0.38500 -0.15500 0.03500
v 0.39000 -0.15500 0.03500
v 0.39000 -0.15000 0.03500
v 0.38500 -0.15000 0.03500
v 0.38500 -0.15500 0.04000
v 0.39000 -0.15500 0.04000
v 0.39000 -0.15000 0.04000
v 0.38500 -0.15000 0.04000
v 0.38500 -0.15500 0.04000
v 0.39000 -0.15500 0.04000
v 0.39000 -0.15000 0.04000
v 0.38500 -0.15000 0.04000
v 0.38500 -0.15500 0.04500
v 0.39000 -0.15500 0.04500
v 0.39000 -0.15000 0.04500
v 0.38500 -0.15000 0.04500
v 0.38500 -0.15500 0.04500
v 0.39000 -0.15500 0.04500
v 0.39000 -0.15000 0.04500
v 0.38500 -0.15000 0.04500
v 0.38500 -0.15500 0.05000
v 0.39000 -0.15500 0.05000
v 0.39000 -0.15000 0.05000
v 0.38500 -0.15000 0.05000
v 0.38500 -0.15500 0.05000
v 0.39000 -0.15500 0.05000
v 0.39000 -0.15000 0.05000
v 0.38500 -0.15000 0.05000
v 0.38500 -0.15500 0.05500
v 0.39000 -0.15500 0.05500
v 0.39000 -0.15000 0.05500
v 0.38500 -0.15000 0.05500
v 0.38500 -0.15500 0.05500
v 0.39000 -0.15500 0.05500
v 0.39000 -0.15000 0.05500
v 0.38500 -0.15000 0.05500
v 0.38500 -0.15500 0.06000
v 0.39000 -0.15500 0.06000
v 0.39000 -0.15000 0.06000
v 0.38500 -0.15000 0.06000
v 0.38500 -0.15500 0.06000
v 0.39000 -0.15500 0.06000
v 0.39000 -0.15000 0.06000
v 0.38500 -0.15000 0.06000
v 0.38500 -0.15500 0.06500
v 0.39000 -0.15500 0.06500
v 0.39000 -0.15000 0.06500
v 0.38500 -0.15000 0.06500
v 0.38500 -0.15500 0.06500
v 0.39000 -0.15500 0.06500
v 0.39000 -0.15000 0.06500
v 0.38500 -0.15000 0.06500
v 0.38500 -0.15500 0.07000
v 0.39000 -0.15500 0.07000
v 0.39000 -0.15000 0.07000
v 0.38500 -0.15000 0.07000
v 0.38500 -0.15500 0.07000
v 0.39000 -0.15500 0.07000
v 0.39000 -0.15000 0.07000
v 0.38500 -0.15000 0.07000
v 0.38500 -0.15500 0.07500
v 0.39000 -0.15500 0.07500
v 0.39000 -0.15000 0.07500
v 0.38500 -0.15000 0.07500
v 0.38500 -0.15500 0.07500
v 0.39000 -0.15500 0.07500
v 0.39000 -0.15000 0.07500
v 0.38500 -0.15000 0.07500
v 0.38500 -0.15500 0.08000
v 0.39000 -0.15500 0.08000
v 0.39000 -0.15000 0.08000
v 0.38500 -0.15000 0.08000
v 0.38500 -0.15500 0.08000
v 0.39000 -0.15500 0.08000
v 0.39000 -0.15000 0.08000
v 0.38500 -0.15000 0.08000
v 0.38500 -0.15500 0.08500
v 0.39000 -0.15500 0.08500
v 0.39000 -0.15000 0.08500
v 0.38500 -0.15000 0.08500
v 0.38500 -0.15500 0.08500
v 0.39000 -0.15500 0.08500
v 0.39000 -0.15000 0.08500
v 0.38500 -0.15000 0.08500
v 0.38500 -0.15500 0.09000
v 0.39000 -0.15500 0.09000
v 0.39000 -0.15000 0.09000
v 0.38500 -0.15000 0.09000
v 0.38500 -0.15500 0.09000
v 0.39000 -0.15500 0.09000
v 0.39000 -0.15000 0.09000
v 0.38500 -0.15000 0.09000
v 0.38500 -0.15500 0.09500
v 0.39000 -0.15500 0.09500
v 0.39000 -0.15000 0.09500
v 0.38500 -0.15000 0.09500
v 0.38500 -0.15500 0.09500
v 0.39000 -0.15500 0.09500
v 0.39000 -0.15000 0.09500
v 0.38500 -0.15000 0.09500
v 0.38500 -0.15500 0.10000
v 0.39000 -0.15500 0.10000
v 0.39000 -0.15000 0.10000
v 0.38500 -0.15000 0.10000
v 0.38500 -0.15500 0.10000
v 0.39000 -0.15500 0.10000
v 0.39000 -0.15000 0.10000
v 0.38500 -0.15000 0.10000
v 0.38500 -0.15500 0.10500
v 0.39000 -0.15500 0.10500
v 0.39000 -0.15000 0.10500
v 0.38500 -0.15000 0.10500
v 0.38500 -0.15500 0.10500
v 0.39000 -0.15500 0.10500
v 0.39000 -0.15000 0.10500
v 0.38500 -0.15000 0.10500
v 0.38500 -0.15500 0.11000
v 0.39000 -0.15500 0.11000
v 0.39000 -0.15000 0.11000
v 0.38500 -0.15000 0.11000
v 0.39000 -0.21500 0.04500
v 0.39500 -0.21500 0.04500
v 0.39500 -0.21000 0.04500
v 0.39000 -0.21000 0.04500
v 0.39000 -0.21500 0.05000
v 0.39500 -0.21500 0.05000
v 0.39500 -0.21000 0.05000
v 0.39000 -0.21000 0.05000
v 0.39000 -0.21500 0.05000
v 0.39500 -0.21500 0.05000
v 0.39500 -0.21000 0.05000
v 0.39000 -0.21000 0.05000
v 0.39000 -0.21500 0.05500
v 0.39500 -0.21500 0.05500
v 0.39500 -0.21000 0.05500
v 0.39000 -0.21000 0.05500
v 0.39000 -0.21500 0.05500
v 0.39500 -0.21500 0.05500
v 0.39500 -0.21000 0.05500
v 0.39000 -0.21000 0.05500
v 0.39000 -0.21500 0.06000
v 0.39500 -0.21500 0.06000
v 0.39500 -0.21000 0.06000
v 0.39000 -0.21000 0.06000
v 0.39000 -0.21500 0.06000
v 0.39500 -0.21500 0.06000
v 0.39500 -0.21000 0.06000
v 0.39000 -0.21000 0.06000
v 0.39000 -0.21500 0.06500
v 0.39500 -0.21500 0.06500
v 0.39500 -0.21000 0.06500
v 0.39000 -0.21000 0.06500
v 0.39000 -0.21500 0.07500
v 0.39500 -0.21500 0.07500
v 0.39500 -0.21000 0.07500
v 0.39000 -0.21000 0.07500
v 0.39000 -0.21500 0.08000
v 0.39500 -0.21500 0.08000
v 0.39500 -0.21000 0.08000
v 0.39000 -0.21000 0.08000
v 0.39000 -0.21500 0.08500
v 0.39500 -0.21500 0.08500
v 0.39500 -0.21000 0.08500
v 0.39000 -0.21000 0.08500
v 0.39000 -0.21500 0.09000
v 0.39500 -0.21500 0.09000
v 0.39500 -0.21000 0.09000
v 0.39000 -0.21000 0.09000
v 0.39000 -0.21500 0.09000
v 0.39500 -0.21500 0.09000
v 0.39500 -0.21000 0.09000
v 0.39000 -0.21000 0.09000
v 0.39000 -0.21500 0.09500
v 0.39500 -0.21500 0.09500
v 0.39500 -0.21000 0.09500
v 0.39000 -0.21000 0.09500
v 0.39000 -0.21500 0.09500
v 0.39500 -0.21500 0.09500
v 0.39500 -0.21000 0.09500
v 0.39000 -0.21000 0.09500
v 0.39000 -0.21500 0.10000
v 0.39500 -0.21500 0.10000
v 0.39500 -0.21000 0.10000
v 0.39000 -0.21000 0.10000
v 0.39000 -0.21000 0.10000
v 0.39500 -0.21000 0.10000
v 0.39500 -0.20500 0.10000
v 0.39000 -0.20500 0.10000
v 0.39000 -0.21000 0.10500
v 0.39500 -0.21000 0.10500
v 0.39500 -0.20500 0.10500
v 0.39000 -0.20500 0.10500
v 0.39000 -0.21000 0.10500
v 0.39500 -0.21000 0.10500
v 0.39500 -0.20500 0.10500
v 0.39000 -0.20500 0.10500
v 0.39000 -0.21000 0.11000
v 0.39500 -0.21000 0.11000
v 0.39500 -0.20500 0.11000
v 0.39000 -0.20500 0.11000
v 0.39000 -0.21000 0.11000
v 0.39500 -0.21000 0.11000
v 0.39500 -0.20500 0.11000
v 0.39000 -0.20500 0.11000
v 0.39000 -0.21000 0.11500
v 0.39500 -0.21000 0.11500
v 0.39500 -0.20500 0.11500
v 0.39000 -0.20500 0.11500
v 0.39000 -0.21000 0.11500
v 0.39500 -0.21000 0.11500
v 0.39500 -0.20500 0.11500
v 0.39000 -0.20500 0.11500
v 0.39000 -0.21000 0.12000
v 0.39500 -0.21000 0.12000
v 0.39500 -0.20500 0.12000
v 0.39000 -0.20500 0.12000
v 0.39000 -0.21000 0.12000
v 0.39500 -0.21000 0.12000
v 0.39500 -0.20500 0.12000
v 0.39000 -0.20500 0.12000
v 0.39000 -0.21000 0.12500
v 0.39500 -0.21000 0.12500
v 0.39500 -0.20500 0.12500
v 0.39000 -0.20500 0.12500
v 0.39000 -0.21000 0.12500
v 0.39500 -0.21000 0.12500
v 0.39500 -0.20500 0.12500
v 0.39000 -0.20500 0.12500
v 0.39000 -0.21000 0.13000
v 0.39500 -0.21000 0.13000
v 0.39500 -0.20500 0.13000
v 0.39000 -0.20500 0.13000
v 0.39000 -0.21000 0.13000
v 0.39500 -0.21000 0.13000
v 0.39500 -0.20500 0.13000
v 0.39000 -0.20500 0.13000
v 0.39000 -0.21000 0.13500
v 0.39500 -0.21000 0.13500
v 0.39500 -0.20500 0.13500
v 0.39000 -0.20500 0.13500
v 0.39000 -0.21000 0.13500
v 0.39500 -0.21000 0.13500
v 0.39500 -0.20500 0.13500
v 0.39000 -0.20500 0.13500
v 0.39000 -0.21000 0.14000
v 0.39500 -0.21000 0.14000
v 0.39500 -0.20500 0.14000
v 0.39000 -0.20500 0.14000
v 0.39000 -0.21000 0.14000
v 0.39500 -0.21000 0.14000
v 0.39500 -0.20500 0.14000
v 0.39000 -0.20500 0.14000
v 0.39000 -0.21000 0.14500
v 0.39500 -0.21000 0.14500
v 0.39500 -0.20500 0.14500
v 0.39000 -0.20500 0.14500
v 0.39000 -0.21000 0.14500
v 0.39500 -0.21000 0.14500
v 0.39500 -0.20500 0.14500
v 0.39000 -0.20500 0.14500
v 0.39000 -0.21000 0.15000
v 0.39500 -0.21000 0.15000
v 0.39500 -0.20500 0.15000
v 0.39000 -0.20500 0.15000
v 0.39000 -0.21000 0.15000
v 0.39500 -0.21000 0.15000
v 0.39500 -0.20500 0.15000
v 0.39000 -0.20500 0.15000
v 0.39000 -0.21000 0.15500
v 0.39500 -0.21000 0.15500
v 0.39500 -0.20500 0.15500
v 0.39000 -0.20500 0.15500
v 0.39000 -0.21000 0.15500
v 0.39500 -0.21000 0.15500
v 0.39500 -0.20500 0.15500
v 0.39000 -0.20500 0.15500
v 0.39000 -0.21000 0.16000
v 0.39500 -0.21000 0.16000
v 0.39500 -0.20500 0.16000
v 0.39000 -0.20500 0.16000
v 0.39000 -0.21000 0.16000
v 0.39500 -0.21000 0.16000
v 0.39500 -0.20500 0.16000
v 0.39000 -0.20500 0.16000
v 0.39000 -0.21000 0.16500
v 0.39500 -0.21000 0.16500
v 0.39500 -0.20500 0.16500
v 0.39000 -0.20500 0.16500
v 0.39000 -0.21000 0.16500
v 0.39500 -0.21000 0.16500
v 0.39500 -0.20500 0.16500
v 0.39000 -0.20500 0.16500
v 0.39000 -0.21000 0.17000
v 0.39500 -0.21000 0.17000
v 0.39500 -0.20500 0.17000
v 0.39000 -0.20500 0.17000
v 0.39000 -0.21000 0.17000
v 0.39500 -0.21000 0.17000
v 0.39500 -0.20500 0.17000
v 0.39000 -0.20500 0.17000
v 0.39000 -0.21000 0.17500
v 0.39500 -0.21000 0.17500
v 0.39500 -0.20500 0.17500
v 0.39000 -0.20500 0.17500
v 0.39000 -0.21000 0.17500
v 0.39500 -0.21000 0.17500
v 0.39500 -0.20500 0.17500
v 0.39000 -0.20500 0.17500
v 0.39000 -0.21000 0.18000
v 0.39500 -0.21000 0.18000
v 0.39500 -0.20500 0.18000
v 0.39000 -0.20500 0.18000
v 0.39000 -0.21000 0.18000
v 0.39500 -0.21000 0.18000
v 0.39500 -0.20500 0.18000
v 0.39000 -0.20500 0.18000
v 0.39000 -0.21000 0.18500
v 0.39500 -0.21000 0.18500
v 0.39500 -0.20500 0.18500
v 0.39000 -0.20500 0.18500
v 0.39000 -0.21000 0.18500
v 0.39500 -0.21000 0.18500
v 0.39500 -0.20500 0.18500
v 0.39000 -0.20500 0.18500
v 0.39000 -0.21000 0.19000
v 0.39500 -0.21000 0.19000
v 0.39500 -0.20500 0.19000
v 0.39000 -0.20500 0.19000
v 0.39000 -0.21000 0.19000
v 0.39500 -0.21000 0.19000
v 0.39500 -0.20500 0.19000
v 0.39000 -0.20500 0.19000
v 0.39000 -0.21000 0.19500
v 0.39500 -0.21000 0.19500
v 0.39500 -0.20500 0.19500
v 0.39000 -0.20500 0.19500
v 0.39000 -0.21000 0.19500
v 0.39500 -0.21000 0.19500
v 0.39500 -0.20500 0.19500
v 0.39000 -0.20500 0.19500
v 0.39000 -0.21000 0.20000
v 0.39500 -0.21000 0.20000
v 0.39500 -0.20500 0.20000
v 0.39000 -0.20500 0.20000
v 0.39000 -0.21000 0.20000
v 0.39500 -0.21000 0.20000
v 0.39500 -0.20500 0.20000
v 0.39000 -0.20500 0.20000
v 0.39000 -0.21000 0.20500
v 0.39500 -0.21000 0.20500
v 0.39500 -0.20500 0.20500
v 0.39000 -0.20500 0.20500
v 0.39000 -0.21000 0.20500
v 0.39500 -0.21000 0.20500
v 0.39500 -0.20500 0.20500
v 0.39000 -0.20500 0.20500
v 0.39000 -0.21000 0.21000
v 0.39500 -0.21000 0.21000
v 0.39500 -0.20500 0.21000
v 0.39000 -0.20500 0.21000
v 0.39000 -0.20500 0.21500
v 0.39500 -0.20500 0.21500
v 0.39500 -0.20000 0.21500
v 0.39000 -0.20000 0.21500
v 0.39000 -0.20500 0.22000
v 0.39500 -0.20500 0.22000
v 0.39500 -0.20000 0.22000
v 0.39000 -0.20000 0.22000
v 0.39000 -0.17500 0.23000
v 0.39500 -0.17500 0.23000
v 0.39500 -0.17000 0.23000
v 0.39000 -0.17000 0.23000
v 0.39000 -0.17500 0.23500
v 0.39500 -0.17500 0.23500
v 0.39500 -0.17000 0.23500
v 0.39000 -0.17000 0.23500
v 0.39000 -0.17500 0.23500
v 0.39500 -0.17500 0.23500
v 0.39500 -0.17000 0.23500
v 0.39000 -0.17000 0.23500
v 0.39000 -0.17500 0.24000
v 0.39500 -0.17500 0.24000
v 0.39500 -0.17000 0.24000
v 0.39000 -0.17000 0.24000
v 0.39000 -0.17000 0.22500
v 0.39500 -0.17000 0.22500
v 0.39500 -0.16500 0.22500
v 0.39000 -0.16500 0.22500
v 0.39000 -0.17000 0.23000
v 0.39500 -0.17000 0.23000
v 0.39500 -0.16500 0.23000
v 0.39000 -0.16500 0.23000
v 0.39000 -0.16500 0.21500
v 0.39500 -0.16500 0.21500
v 0.39500 -0.16000 0.21500
v 0.39000 -0.16000 0.21500
v 0.39000 -0.16500 0.22000
v 0.39500 -0.16500 0.22000
v 0.39500 -0.16000 0.22000
v 0.39000 -0.16000 0.22000
v 0.39000 -0.16500 0.22000
v 0.39500 -0.16500 0.22000
v 0.39500 -0.16000 0.22000
v 0.39000 -0.16000 0.22000
v 0.39000 -0.16500 0.22500
v 0.39500 -0.16500 0.22500
v 0.39500 -0.16000 0.22500
v 0.39000 -0.16000 0.22500
v 0.39000 -0.16000 0.08500
v 0.39500 -0.16000 0.08500
v 0.39500 -0.15500 0.08500
v 0.39000 -0.15500 0.08500
v 0.39000 -0.16000 0.09000
v 0.39500 -0.16000 0.09000
v 0.39500 -0.15500 0.09000
v 0.39000 -0.15500 0.09000
v 0.39000 -0.16000 0.10500
v 0.39500 -0.16000 0.10500
v 0.39500 -0.15500 0.10500
v 0.39000 -0.15500 0.10500
v 0.39000 -0.16000 0.11000
v 0.39500 -0.16000 0.11000
v 0.39500 -0.15500 0.11000
v 0.39000 -0.15500 0.11000
v 0.39000 -0.16000 0.11000
v 0.39500 -0.16000 0.11000
v 0.39500 -0.15500 0.11000
v 0.39000 -0.15500 0.11000
v 0.39000 -0.16000 0.11500
v 0.39500 -0.16000 0.11500
v 0.39500 -0.15500 0.11500
v 0.39000 -0.15500 0.11500
v 0.39000 -0.16000 0.11500
v 0.39500 -0.16000 0.11500
v 0.39500 -0.15500 0.11500
v 0.39000 -0.15500 0.11500
v 0.39000 -0.16000 0.12000
v 0.39500 -0.16000 0.12000
v 0.39500 -0.15500 0.12000
v 0.39000 -0.15500 0.12000
v 0.39000 -0.16000 0.12000
v 0.39500 -0.16000 0.12000
v 0.39500 -0.15500 0.12000
v 0.39000 -0.15500 0.12000
v 0.39000 -0.16000 0.12500
v 0.39500 -0.16000 0.12500
v 0.39500 -0.15500 0.12500
v 0.39000 -0.15500 0.12500
v 0.39000 -0.16000 0.12500
v 0.39500 -0.16000 0.12500
v 0.39500 -0.15500 0.12500
v 0.39000 -0.15500 0.12500
v 0.39000 -0.16000 0.13000
v 0.39500 -0.16000 0.13000
v 0.39500 -0.15500 0.13000
v 0.39000 -0.15500 0.13000
v 0.39000 -0.16000 0.13000
v 0.39500 -0.16000 0.13000
v 0.39500 -0.15500 0.13000
v 0.39000 -0.15500 0.13000
v 0.39000 -0.16000 0.13500
v 0.39500 -0.16000 0.13500
v 0.39500 -0.15500 0.13500
v 0.39000 -0.15500 0.13500
v 0.39000 -0.16000 0.13500
v 0.39500 -0.16000 0.13500
v 0.39500 -0.15500 0.13500
v 0.39000 -0.15500 0.13500
v 0.39000 -0.16000 0.14000
v 0.39500 -0.16000 0.14000
v 0.39500 -0.15500 0.14000
v 0.39000 -0.15500 0.14000
v 0.39000 -0.16000 0.14000
v 0.39500 -0.16000 0.14000
v 0.39500 -0.15500 0.14000
v 0.39000 -0.15500 0.14000
v 0.39000 -0.16000 0.14500
v 0.39500 -0.16000 0.14500
v 0.39500 -0.15500 0.14500
v 0.39000 -0.15500 0.14500
v 0.39000 -0.16000 0.14500
v 0.39500 -0.16000 0.14500
v 0.39500 -0.15500 0.14500
v 0.39000 -0.15500 0.14500
v 0.39000 -0.16000 0.15000
v 0.39500 -0.16000 0.15000
v 0.39500 -0.15500 0.15000
v 0.39000 -0.15500 0.15000
v 0.39000 -0.16000 0.15000
v 0.39500 -0.16000 0.15000
v 0.39500 -0.15500 0.15000
v 0.39000 -0.15500 0.15000
v 0.39000 -0.16000 0.15500
v 0.39500 -0.16000 0.15500
v 0.39500 -0.15500 0.15500
v 0.39000 -0.15500 0.15500
v 0.39000 -0.16000 0.15500
v 0.39500 -0.16000 0.15500
v 0.39500 -0.15500 0.15500
v 0.39000 -0.15500 0.15500
v 0.39000 -0.16000 0.16000
v 0.39500 -0.16000 0.16000
v 0.39500 -0.15500 0.16000
v 0.39000 -0.15500 0.16000
v 0.39000 -0.16000 0.16000
v 0.39500 -0.16000 0.16000
v 0.39500 -0.15500 0.16000
v 0.39000 -0.15500 0.16000
v 0.39000 -0.16000 0.16500
v 0.39500 -0.16000 0.16500
v 0.39500 -0.15500 0.16500
v 0.39000 -0.15500 0.16500
v 0.39000 -0.16000 0.16500
v 0.39500 -0.16000 0.16500
v 0.39500 -0.15500 0.16500
v 0.39000 -0.15500 0.16500
v 0.39000 -0.16000 0.17000
v 0.39500 -0.16000 0.17000
v 0.39500 -0.15500 0.17000
v 0.39000 -0.15500 0.17000
v 0.39000 -0.16000 0.17000
v 0.39500 -0.16000 0.17000
v 0.39500 -0.15500 0.17000
v 0.39000 -0.15500 0.17000
v 0.39000 -0.16000 0.17500
v 0.39500 -0.16000 0.17500
v 0.39500 -0.15500 0.17500
v 0.39000 -0.15500 0.17500
v 0.39000 -0.16000 0.17500
v 0.39500 -0.16000 0.17500
v 0.39500 -0.15500 0.17500
v 0.39000 -0.15500 0.17500
v 0.39000 -0.16000 0.18000
v 0.39500 -0.16000 0.18000
v 0.39500 -0.15500 0.18000
v 0.39000 -0.15500 0.18000
v 0.39000 -0.16000 0.18000
v 0.39500 -0.16000 0.18000
v 0.39500 -0.15500 0.18000
v 0.39000 -0.15500 0.18000
v 0.39000 -0.16000 0.18500
v 0.39500 -0.16000 0.18500
v 0.39500 -0.15500 0.18500
v 0.39000 -0.15500 0.18500
v 0.39000 -0.16000 0.18500
v 0.39500 -0.16000 0.18500
v 0.39500 -0.15500 0.18500
v 0.39000 -0.15500 0.18500
v 0.39000 -0.16000 0.19000
v 0.39500 -0.16000 0.19000
v 0.39500 -0.15500 0.19000
v 0.39000 -0.15500 0.19000
v 0.39000 -0.16000 0.19000
v 0.39500 -0.16000 0.19000
v 0.39500 -0.15500 0.19000
v 0.39000 -0.15500 0.19000
v 0.39000 -0.16000 0.19500
v 0.39500 -0.16000 0.19500
v 0.39500 -0.15500 0.19500
v 0.39000 -0.15500 0.19500
v 0.39000 -0.16000 0.19500
v 0.39500 -0.16000 0.19500
v 0.39500 -0.15500 0.19500
v 0.39000 -0.15500 0.19500
v 0.39000 -0.16000 0.20000
v 0.39500 -0.16000 0.20000
v 0.39500 -0.15500 0.20000
v 0.39000 -0.15500 0.20000
v 0.39000 -0.16000 0.20000
v 0.39500 -0.16000 0.20000
v 0.39500 -0.15500 0.20000
v 0.39000 -0.15500 0.20000
v 0.39000 -0.16000 0.20500
v 0.39500 -0.16000 0.20500
v 0.39500 -0.15500 0.20500
v 0.39000 -0.15500 0.20500
v 0.39000 -0.16000 0.20500
v 0.39500 -0.16000 0.20500
v 0.39500 -0.15500 0.20500
v 0.39000 -0.15500 0.20500
v 0.39000 -0.16000 0.21000
v 0.39500 -0.16000 0.21000
v 0.39500 -0.15500 0.21000
v 0.39000 -0.15500 0.21000
v 0.39000 -0.16000 0.21000
v 0.39500 -0.16000 0.21000
v 0.39500 -0.15500 0.21000
v 0.39000 -0.15500 0.21000
v 0.39000 -0.16000 0.21500
v 0.39500 -0.16000 0.21500
v 0.39500 -0.15500 0.21500
v 0.39000 -0.15500 0.21500
v 0.39000 -0.15500 0.00500
v 0.39500 -0.15500 0.00500
v 0.39500 -0.15000 0.00500
v 0.39000 -0.15000 0.00500
v 0.39000 -0.15500 0.01000
v 0.39500 -0.15500 0.01000
v 0.39500 -0.15000 0.01000
v 0.39000 -0.15000 0.01000
v 0.39000 -0.15500 0.01000
v 0.39500 -0.15500 0.01000
v 0.39500 -0.15000 0.01000
v 0.39000 -0.15000 0.01000
v 0.39000 -0.15500 0.01500
v 0.39500 -0.15500 0.01500
v 0.39500 -0.15000 0.01500
v 0.39000 -0.15000 0.01500
v 0.39000 -0.15500 0.01500
v 0.39500 -0.15500 0.01500
v 0.39500 -0.15000 0.01500
v 0.39000 -0.15000 0.01500
v 0.39000 -0.15500 0.02000
v 0.39500 -0.15500 0.02000
v 0.39500 -0.15000 0.02000
v 0.39000 -0.15000 0.02000
v 0.39000 -0.15500 0.02000
v 0.39500 -0.15500 0.02000
v 0.39500 -0.15000 0.02000
v 0.39000 -0.15000 0.02000
v 0.39000 -0.15500 0.02500
v 0.39500 -0.15500 0.02500
v 0.39500 -0.15000 0.02500
v 0.39000 -0.15000 0.02500
v 0.39000 -0.15500 0.02500
v 0.39500 -0.15500 0.02500
v 0.39500 -0.15000 0.02500
v 0.39000 -0.15000 0.02500
v 0.39000 -0.15500 0.03000
v 0.39500 -0.15500 0.03000
v 0.39500 -0.15000 0.03000
v 0.39000 -0.15000 0.03000
v 0.39000 -0.15500 0.03000
v 0.39500 -0.15500 0.03000
v 0.39500 -0.15000 0.03000
v 0.39000 -0.15000 0.03000
v 0.39000 -0.15500 0.03500
v 0.39500 -0.15500 0.03500
v 0.39500 -0.15000 0.03500
v 0.39000 -0.15000 0.03500
v 0.39000 -0.15500 0.03500
v 0.39500 -0.15500 0.03500
v 0.39500 -0.15000 0.03500
v 0.39000 -0.15000 0.03500
v 0.39000 -0.15500 0.04000
v 0.39500 -0.15500 0.04000
v 0.39500 -0.15000 0.04000
v 0.39000 -0.15000 0.04000
v 0.39000 -0.15500 0.04000
v 0.39500 -0.15500 0.04000
v 0.39500 -0.15000 0.04000
v 0.39000 -0.15000 0.04000
v 0.39000 -0.15500 0.04500
v 0.39500 -0.15500 0.04500
v 0.39500 -0.15000 0.04500
v 0.39000 -0.15000 0.04500
v 0.39000 -0.15500 0.04500
v 0.39500 -0.15500 0.04500
v 0.39500 -0.15000 0.04500
v 0.39000 -0.15000 0.04500
v 0.39000 -0.15500 0.05000
v 0.39500 -0.15500 0.05000
v 0.39500 -0.15000 0.05000
v 0.39000 -0.15000 0.05000
v 0.39000 -0.15500 0.05000
v 0.39500 -0.15500 0.05000
v 0.39500 -0.15000 0.05000
v 0.39000 -0.15000 0.05000
v 0.39000 -0.15500 0.05500
v 0.39500 -0.15500 0.05500
v 0.39500 -0.15000 0.05500
v 0.39000 -0.15000 0.05500
v 0.39000 -0.15500 0.05500
v 0.39500 -0.15500 0.05500
v 0.39500 -0.15000 0.05500
v 0.39000 -0.15000 0.05500
v 0.39000 -0.15500 0.06000
v 0.39500 -0.15500 0.06000
v 0.39500 -0.15000 0.06000
v 0.39000 -0.15000 0.06000
v 0.39000 -0.15500 0.06000
v 0.39500 -0.15500 0.06000
v 0.39500 -0.15000 0.06000
v 0.39000 -0.15000 0.06000
v 0.39000 -0.15500 0.06500
v 0.39500 -0.15500 0.06500
v 0.39500 -0.15000 0.06500
v 0.39000 -0.15000 0.06500
v 0.39000 -0.15500 0.06500
v 0.39500 -0.15500 0.06500
v 0.39500 -0.15000 0.06500
v 0.39000 -0.15000 0.06500
v 0.39000 -0.15500 0.07000
v 0.39500 -0.15500 0.07000
v 0.39500 -0.15000 0.07000
v 0.39000 -0.15000 0.07000
v 0.39000 -0.15500 0.07000
v 0.39500 -0.15500 0.07000
v 0.39500 -0.15000 0.07000
v 0.39000 -0.15000 0.07000
v 0.39000 -0.15500 0.07500
v 0.39500 -0.15500 0.07500
v 0.39500 -0.15000 0.07500
v 0.39000 -0.15000 0.07500
v 0.39000 -0.15500 0.07500
v 0.39500 -0.15500 0.07500
v 0.39500 -0.15000 0.07500
v 0.39000 -0.15000 0.07500
v 0.39000 -0.15500 0.08000
v 0.39500 -0.15500 0.08000
v 0.39500 -0.15000 0.08000
v 0.39000 -0.15000 0.08000
v 0.39500 -0.21500 0.06000
v 0.40000 -0.21500 0.06000
v 0.40000 -0.21000 0.06000
v 0.39500 -0.21000 0.06000
v 0.39500 -0.21500 0.06500
v 0.40000 -0.21500 0.06500
v 0.40000 -0.21000 0.06500
v 0.39500 -0.21000 0.06500
v 0.39500 -0.21500 0.07000
v 0.40000 -0.21500 0.07000
v 0.40000 -0.21000 0.07000
v 0.39500 -0.21000 0.07000
v 0.39500 -0.21500 0.07500
v 0.40000 -0.21500 0.07500
v 0.40000 -0.21000 0.07500
v 0.39500 -0.21000 0.07500
v 0.39500 -0.21500 0.07500
v 0.40000 -0.21500 0.07500
v 0.40000 -0.21000 0.07500
v 0.39500 -0.21000 0.07500
v 0.39500 -0.21500 0.08000
v 0.40000 -0.21500 0.08000
v 0.40000 -0.21000 0.08000
v 0.39500 -0.21000 0.08000
v 0.39500 -0.21500 0.08500
v 0.40000 -0.21500 0.08500
v 0.40000 -0.21000 0.08500
v 0.39500 -0.21000 0.08500
v 0.39500 -0.21500 0.09000
v 0.40000 -0.21500 0.09000
v 0.40000 -0.21000 0.09000
v 0.39500 -0.21000 0.09000
v 0.39500 -0.21500 0.10000
v 0.40000 -0.21500 0.10000
v 0.40000 -0.21000 0.10000
v 0.39500 -0.21000 0.10000
v 0.39500 -0.21500 0.10500
v 0.40000 -0.21500 0.10500
v 0.40000 -0.21000 0.10500
v 0.39500 -0.21000 0.10500
v 0.39500 -0.21500 0.10500
v 0.40000 -0.21500 0.10500
v 0.40000 -0.21000 0.10500
v 0.39500 -0.21000 0.10500
v 0.39500 -0.21500 0.11000
v 0.40000 -0.21500 0.11000
v 0.40000 -0.21000 0.11000
v 0.39500 -0.21000 0.11000
v 0.39500 -0.21000 0.09500
v 0.40000 -0.21000 0.09500
v 0.40000 -0.20500 0.09500
v 0.39500 -0.20500 0.09500
v 0.39500 -0.21000 0.10000
v 0.40000 -0.21000 0.10000
v 0.40000 -0.20500 0.10000
v 0.39500 -0.20500 0.10000
v 0.39500 -0.21000 0.11000
v 0.40000 -0.21000 0.11000
v 0.40000 -0.20500 0.11000
v 0.39500 -0.20500 0.11000
v 0.39500 -0.21000 0.11500
v 0.40000 -0.21000 0.11500
v 0.40000 -0.20500 0.11500
v 0.39500 -0.20500 0.11500
v 0.39500 -0.21000 0.11500
v 0.40000 -0.21000 0.11500
v 0.40000 -0.20500 0.11500
v 0.39500 -0.20500 0.11500
v 0.39500 -0.21000 0.12000
v 0.40000 -0.21000 0.12000
v 0.40000 -0.20500 0.12000
v 0.39500 -0.20500 0.12000
v 0.39500 -0.21000 0.12000
v 0.40000 -0.21000 0.12000
v 0.40000 -0.20500 0.12000
v 0.39500 -0.20500 0.12000
v 0.39500 -0.21000 0.12500
v 0.40000 -0.21000 0.12500
v 0.40000 -0.20500 0.12500
v 0.39500 -0.20500 0.12500
v 0.39500 -0.21000 0.12500
v 0.40000 -0.21000 0.12500
v 0.40000 -0.20500 0.12500
v 0.39500 -0.20500 0.12500
v 0.39500 -0.21000 0.13000
v 0.40000 -0.21000 0.13000
v 0.40000 -0.20500 0.13000
v 0.39500 -0.20500 0.13000
v 0.39500 -0.21000 0.13000
v 0.40000 -0.21000 0.13000
v 0.40000 -0.20500 0.13000
v 0.39500 -0.20500 0.13000
v 0.39500 -0.21000 0.13500
v 0.40000 -0.21000 0.13500
v 0.40000 -0.20500 0.13500
v 0.39500 -0.20500 0.13500
v 0.39500 -0.21000 0.13500
v 0.40000 -0.21000 0.13500
v 0.40000 -0.20500 0.13500
v 0.39500 -0.20500 0.13500
v 0.39500 -0.21000 0.14000
v 0.40000 -0.21000 0.14000
v 0.40000 -0.20500 0.14000
v 0.39500 -0.20500 0.14000
v 0.39500 -0.21000 0.14000
v 0.40000 -0.21000 0.14000
v 0.40000 -0.20500 0.14000
v 0.39500 -0.20500 0.14000
v 0.39500 -0.21000 0.14500
v 0.40000 -0.21000 0.14500
v 0.40000 -0.20500 0.14500
v 0.39500 -0.20500 0.14500
v 0.39500 -0.21000 0.14500
v 0.40000 -0.21000 0.14500
v 0.40000 -0.20500 0.14500
v 0.39500 -0.20500 0.14500
v 0.39500 -0.21000 0.15000
v 0.40000 -0.21000 0.15000
v 0.40000 -0.20500 0.15000
v 0.39500 -0.20500 0.15000
v 0.39500 -0.21000 0.15000
v 0.40000 -0.21000 0.15000
v 0.40000 -0.20500 0.15000
v 0.39500 -0.20500 0.15000
v 0.39500 -0.21000 0.15500
v 0.40000 -0.21000 0.15500
v 0.40000 -0.20500 0.15500
v 0.39500 -0.20500 0.15500
v 0.39500 -0.21000 0.15500
v 0.40000 -0.21000 0.15500
v 0.40000 -0.20500 0.15500
v 0.39500 -0.20500 0.15500
v 0.39500 -0.21000 0.16000
v 0.40000 -0.21000 0.16000
v 0.40000 -0.20500 0.16000
v 0.39500 -0.20500 0.16000
v 0.39500 -0.21000 0.16000
v 0.40000 -0.21000 0.16000
v 0.40000 -0.20500 0.16000
v 0.39500 -0.20500 0.16000
v 0.39500 -0.21000 0.16500
v 0.40000 -0.21000 0.16500
v 0.40000 -0.20500 0.16500
v 0.39500 -0.20500 0.16500
v 0.39500 -0.21000 0.16500
v 0.40000 -0.21000 0.16500
v 0.40000 -0.20500 0.16500
v 0.39500 -0.20500 0.16500
v 0.39500 -0.21000 0.17000
v 0.40000 -0.21000 0.17000
v 0.40000 -0.20500 0.17000
v 0.39500 -0.20500 0.17000
v 0.39500 -0.21000 0.17000
v 0.40000 -0.21000 0.17000
v 0.40000 -0.20500 0.17000
v 0.39500 -0.20500 0.17000
v 0.39500 -0.21000 0.17500
v 0.40000 -0.21000 0.17500
v 0.40000 -0.20500 0.17500
v 0.39500 -0.20500 0.17500
v 0.39500 -0.21000 0.17500
v 0.40000 -0.21000 0.17500
v 0.40000 -0.20500 0.17500
v 0.39500 -0.20500 0.17500
v 0.39500 -0.21000 0.18000
v 0.40000 -0.21000 0.18000
v 0.40000 -0.20500 0.18000
v 0.39500 -0.20500 0.18000
v 0.39500 -0.21000 0.18000
v 0.40000 -0.21000 0.18000
v 0.40000 -0.20500 0.18000
v 0.39500 -0.20500 0.18000
v 0.39500 -0.21000 0.18500
v 0.40000 -0.21000 0.18500
v 0.40000 -0.20500 0.18500
v 0.39500 -0.20500 0.18500
v 0.39500 -0.21000 0.18500
v 0.40000 -0.21000 0.18500
v 0.40000 -0.20500 0.18500
v 0.39500 -0.20500 0.18500
v 0.39500 -0.21000 0.19000
v 0.40000 -0.21000 0.19000
v 0.40000 -0.20500 0.19000
v 0.39500 -0.20500 0.19000
v 0.39500 -0.21000 0.19000
v 0.40000 -0.21000 0.19000
v 0.40000 -0.20500 0.19000
v 0.39500 -0.20500 0.19000
v 0.39500 -0.21000 0.19500
v 0.40000 -0.21000 0.19500
v 0.40000 -0.20500 0.19500
v 0.39500 -0.20500 0.19500
v 0.39500 -0.21000 0.19500
v 0.40000 -0.21000 0.19500
v 0.40000 -0.20500 0.19500
v 0.39500 -0.20500 0.19500
v 0.39500 -0.21000 0.20000
v 0.40000 -0.21000 0.20000
v 0.40000 -0.20500 0.20000
v 0.39500 -0.20500 0.20000
v 0.39500 -0.21000 0.20000
v 0.40000 -0.21000 0.20000
v 0.40000 -0.20500 0.20000
v 0.39500 -0.20500 0.20000
v 0.39500 -0.21000 0.20500
v 0.40000 -0.21000 0.20500
v 0.40000 -0.20500 0.20500
v 0.39500 -0.20500 0.20500
v 0.39500 -0.20500 0.21000
v 0.40000 -0.20500 0.21000
v 0.40000 -0.20000 0.21000
v 0.39500 -0.20000 0.21000
v 0.39500 -0.20500 0.21500
v 0.40000 -0.20500 0.21500
v 0.40000 -0.20000 0.21500
v 0.39500 -0.20000 0.21500
v 0.39500 -0.20500 0.21500
v 0.40000 -0.20500 0.21500
v 0.40000 -0.20000 0.21500
v 0.39500 -0.20000 0.21500
v 0.39500 -0.20500 0.22000
v 0.40000 -0.20500 0.22000
v 0.40000 -0.20000 0.22000
v 0.39500 -0.20000 0.22000
v 0.39500 -0.18000 0.23000
v 0.40000 -0.18000 0.23000
v 0.40000 -0.17500 0.23000
v 0.39500 -0.17500 0.23000
v 0.39500 -0.18000 0.23500
v 0.40000 -0.18000 0.23500
v 0.40000 -0.17500 0.23500
v 0.39500 -0.17500 0.23500
v 0.39500 -0.17500 0.22500
v 0.40000 -0.17500 0.22500
v 0.40000 -0.17000 0.22500
v 0.39500 -0.17000 0.22500
v 0.39500 -0.17500 0.23000
v 0.40000 -0.17500 0.23000
v 0.40000 -0.17000 0.23000
v 0.39500 -0.17000 0.23000
v 0.39500 -0.17000 0.22500
v 0.40000 -0.17000 0.22500
v 0.40000 -0.16500 0.22500
v 0.39500 -0.16500 0.22500
v 0.39500 -0.17000 0.23000
v 0.40000 -0.17000 0.23000
v 0.40000 -0.16500 0.23000
v 0.39500 -0.16500 0.23000
v 0.39500 -0.16500 0.14500
v 0.40000 -0.16500 0.14500
v 0.40000 -0.16000 0.14500
v 0.39500 -0.16000 0.14500
v 0.39500 -0.16500 0.15000
v 0.40000 -0.16500 0.15000
v 0.40000 -0.16000 0.15000
v 0.39500 -0.16000 0.15000
v 0.39500 -0.16500 0.15000
v 0.40000 -0.16500 0.15000
v 0.40000 -0.16000 0.15000
v 0.39500 -0.16000 0.15000
v 0.39500 -0.16500 0.15500
v 0.40000 -0.16500 0.15500
v 0.40000 -0.16000 0.15500
v 0.39500 -0.16000 0.15500
v 0.39500 -0.16500 0.15500
v 0.40000 -0.16500 0.15500
v 0.40000 -0.16000 0.15500
v 0.39500 -0.16000 0.15500
v 0.39500 -0.16500 0.16000
v 0.40000 -0.16500 0.16000
v 0.40000 -0.16000 0.16000
v 0.39500 -0.16000 0.16000
v 0.39500 -0.16500 0.20500
v 0.40000 -0.16500 0.20500
v 0.40000 -0.16000 0.20500
v 0.39500 -0.16000 0.20500
v 0.39500 -0.16500 0.21000
v 0.40000 -0.16500 0.21000
v 0.40000 -0.16000 0.21000
v 0.39500 -0.16000 0.21000
v 0.39500 -0.16500 0.21000
v 0.40000 -0.16500 0.21000
v 0.40000 -0.16000 0.21000
v 0.39500 -0.16000 0.21000
v 0.39500 -0.16500 0.21500
v 0.40000 -0.16500 0.21500
v 0.40000 -0.16000 0.21500
v 0.39500 -0.16000 0.21500
v 0.39500 -0.16500 0.21500
v 0.40000 -0.16500 0.21500
v 0.40000 -0.16000 0.21500
v 0.39500 -0.16000 0.21500
v 0.39500 -0.16500 0.22000
v 0.40000 -0.16500 0.22000
v 0.40000 -0.16000 0.22000
v 0.39500 -0.16000 0.22000
v 0.39500 -0.16500 0.22000
v 0.40000 -0.16500 0.22000
v 0.40000 -0.16000 0.22000
v 0.39500 -0.16000 0.22000
v 0.39500 -0.16500 0.22500
v 0.40000 -0.16500 0.22500
v 0.40000 -0.16000 0.22500
v 0.39500 -0.16000 0.22500
v 0.39500 -0.16000 0.07500
v 0.40000 -0.16000 0.07500
v 0.40000 -0.15500 0.07500
v 0.39500 -0.15500 0.07500
v 0.39500 -0.16000 0.08000
v 0.40000 -0.16000 0.08000
v 0.40000 -0.15500 0.08000
v 0.39500 -0.15500 0.08000
v 0.39500 -0.16000 0.08000
v 0.40000 -0.16000 0.08000
v 0.40000 -0.15500 0.08000
v 0.39500 -0.15500 0.08000
v 0.39500 -0.16000 0.08500
v 0.40000 -0.16000 0.08500
v 0.40000 -0.15500 0.08500
v 0.39500 -0.15500 0.08500
v 0.39500 -0.16000 0.08500
v 0.40000 -0.16000 0.08500
v 0.40000 -0.15500 0.08500
v 0.39500 -0.15500 0.08500
v 0.39500 -0.16000 0.09000
v 0.40000 -0.16000 0.09000
v 0.40000 -0.15500 0.09000
v 0.39500 -0.15500 0.09000
v 0.39500 -0.16000 0.09000
v 0.40000 -0.16000 0.09000
v 0.40000 -0.15500 0.09000
v 0.39500 -0.15500 0.09000
v 0.39500 -0.16000 0.09500
v 0.40000 -0.16000 0.09500
v 0.40000 -0.15500 0.09500
v 0.39500 -0.15500 0.09500
v 0.39500 -0.16000 0.09500
v 0.40000 -0.16000 0.09500
v 0.40000 -0.15500 0.09500
v 0.39500 -0.15500 0.09500
v 0.39500 -0.16000 0.10000
v 0.40000 -0.16000 0.10000
v 0.40000 -0.15500 0.10000
v 0.39500 -0.15500 0.10000
v 0.39500 -0.16000 0.10000
v 0.40000 -0.16000 0.10000
v 0.40000 -0.15500 0.10000
v 0.39500 -0.15500 0.10000
v 0.39500 -0.16000 0.10500
v 0.40000 -0.16000 0.10500
v 0.40000 -0.15500 0.10500
v 0.39500 -0.15500 0.10500
v 0.39500 -0.16000 0.10500
v 0.40000 -0.16000 0.10500
v 0.40000 -0.15500 0.10500
v 0.39500 -0.15500 0.10500
v 0.39500 -0.16000 0.11000
v 0.40000 -0.16000 0.11000
v 0.40000 -0.15500 0.11000
v 0.39500 -0.15500 0.11000
v 0.39500 -0.16000 0.11000
v 0.40000 -0.16000 0.11000
v 0.40000 -0.15500 0.11000
v 0.39500 -0.15500 0.11000
v 0.39500 -0.16000 0.11500
v 0.40000 -0.16000 0.11500
v 0.40000 -0.15500 0.11500
v 0.39500 -0.15500 0.11500
v 0.39500 -0.16000 0.11500
v 0.40000 -0.16000 0.11500
v 0.40000 -0.15500 0.11500
v 0.39500 -0.15500 0.11500
v 0.39500 -0.16000 0.12000
v 0.40000 -0.16000 0.12000
v 0.40000 -0.15500 0.12000
v 0.39500 -0.15500 0.12000
v 0.39500 -0.16000 0.12000
v 0.40000 -0.16000 0.12000
v 0.40000 -0.15500 0.12000
v 0.39500 -0.15500 0.12000
v 0.39500 -0.16000 0.12500
v 0.40000 -0.16000 0.12500
v 0.40000 -0.15500 0.12500
v 0.39500 -0.15500 0.12500
v 0.39500 -0.16000 0.12500
v 0.40000 -0.16000 0.12500
v 0.40000 -0.15500 0.12500
v 0.39500 -0.15500 0.12500
v 0.39500 -0.16000 0.13000
v 0.40000 -0.16000 0.13000
v 0.40000 -0.15500 0.13000
v 0.39500 -0.15500 0.13000
v 0.39500 -0.16000 0.13000
v 0.40000 -0.16000 0.13000
v 0.40000 -0.15500 0.13000
v 0.39500 -0.15500 0.13000
v 0.39500 -0.16000 0.13500
v 0.40000 -0.16000 0.13500
v 0.40000 -0.15500 0.13500
v 0.39500 -0.15500 0.13500
v 0.39500 -0.16000 0.13500
v 0.40000 -0.16000 0.13500
v 0.40000 -0.15500 0.13500
v 0.39500 -0.15500 0.13500
v 0.39500 -0.16000 0.14000
v 0.40000 -0.16000 0.14000
v 0.40000 -0.15500 0.14000
v 0.39500 -0.15500 0.14000
v 0.39500 -0.16000 0.14000
v 0.40000 -0.16000 0.14000
v 0.40000 -0.15500 0.14000
v 0.39500 -0.15500 0.14000
v 0.39500 -0.16000 0.14500
v 0.40000 -0.16000 0.14500
v 0.40000 -0.15500 0.14500
v 0.39500 -0.15500 0.14500
v 0.39500 -0.16000 0.17000
v 0.40000 -0.16000 0.17000
v 0.40000 -0.15500 0.17000
v 0.39500 -0.15500 0.17000
v 0.39500 -0.16000 0.17500
v 0.40000 -0.16000 0.17500
v 0.40000 -0.15500 0.17500
v 0.39500 -0.15500 0.17500
v 0.39500 -0.16000 0.17500
v 0.40000 -0.16000 0.17500
v 0.40000 -0.15500 0.17500
v 0.39500 -0.15500 0.17500
v 0.39500 -0.16000 0.18000
v 0.40000 -0.16000 0.18000
v 0.40000 -0.15500 0.18000
v 0.39500 -0.15500 0.18000
v 0.39500 -0.16000 0.18000
v 0.40000 -0.16000 0.18000
v 0.40000 -0.15500 0.18000
v 0.39500 -0.15500 0.18000
v 0.39500 -0.16000 0.18500
v 0.40000 -0.16000 0.18500
v 0.40000 -0.15500 0.18500
v 0.39500 -0.15500 0.18500
v 0.39500 -0.16000 0.18500
v 0.40000 -0.16000 0.18500
v 0.40000 -0.15500 0.18500
v 0.39500 -0.15500 0.18500
v 0.39500 -0.16000 0.19000
v 0.40000 -0.16000 0.19000
v 0.40000 -0.15500 0.19000
v 0.39500 -0.15500 0.19000
v 0.39500 -0.16000 0.19000
v 0.40000 -0.16000 0.19000
v 0.40000 -0.15500 0.19000
v 0.39500 -0.15500 0.19000
v 0.39500 -0.16000 0.19500
v 0.40000 -0.16000 0.19500
v 0.40000 -0.15500 0.19500
v 0.39500 -0.15500 0.19500
v 0.39500 -0.16000 0.19500
v 0.40000 -0.16000 0.19500
v 0.40000 -0.15500 0.19500
v 0.39500 -0.15500 0.19500
v 0.39500 -0.16000 0.20000
v 0.40000 -0.16000 0.20000
v 0.40000 -0.15500 0.20000
v 0.39500 -0.15500 0.20000
v 0.39500 -0.16000 0.20000
v 0.40000 -0.16000 0.20000
v 0.40000 -0.15500 0.20000
v 0.39500 -0.15500 0.20000
v 0.39500 -0.16000 0.20500
v 0.40000 -0.16000 0.20500
v 0.40000 -0.15500 0.20500
v 0.39500 -0.15500 0.20500
v 0.39500 -0.15500 0.00500
v 0.40000 -0.15500 0.00500
v 0.40000 -0.15000 0.00500
v 0.39500 -0.15000 0.00500
v 0.39500 -0.15500 0.01000
v 0.40000 -0.15500 0.01000
v 0.40000 -0.15000 0.01000
v 0.39500 -0.15000 0.01000
v 0.39500 -0.15500 0.01000
v 0.40000 -0.15500 0.01000
v 0.40000 -0.15000 0.01000
v 0.39500 -0.15000 0.01000
v 0.39500 -0.15500 0.01500
v 0.40000 -0.15500 0.01500
v 0.40000 -0.15000 0.01500
v 0.39500 -0.15000 0.01500
v 0.39500 -0.15500 0.01500
v 0.40000 -0.15500 0.01500
v 0.40000 -0.15000 0.01500
v 0.39500 -0.15000 0.01500
v 0.39500 -0.15500 0.02000
v 0.40000 -0.15500 0.02000
v 0.40000 -0.15000 0.02000
v 0.39500 -0.15000 0.02000
v 0.39500 -0.15500 0.02000
v 0.40000 -0.15500 0.02000
v 0.40000 -0.15000 0.02000
v 0.39500 -0.15000 0.02000
v 0.39500 -0.15500 0.02500
v 0.40000 -0.15500 0.02500
v 0.40000 -0.15000 0.02500
v 0.39500 -0.15000 0.02500
v 0.39500 -0.15500 0.02500
v 0.40000 -0.15500 0.02500
v 0.40000 -0.15000 0.02500
v 0.39500 -0.15000 0.02500
v 0.39500 -0.15500 0.03000
v 0.40000 -0.15500 0.03000
v 0.40000 -0.15000 0.03000
v 0.39500 -0.15000 0.03000
v 0.39500 -0.15500 0.03000
v 0.40000 -0.15500 0.03000
v 0.40000 -0.15000 0.03000
v 0.39500 -0.15000 0.03000
v 0.39500 -0.15500 0.03500
v 0.40000 -0.15500 0.03500
v 0.40000 -0.15000 0.03500
v 0.39500 -0.15000 0.03500
v 0.39500 -0.15500 0.03500
v 0.40000 -0.15500 0.03500
v 0.40000 -0.15000 0.03500
v 0.39500 -0.15000 0.03500
v 0.39500 -0.15500 0.04000
v 0.40000 -0.15500 0.04000
v 0.40000 -0.15000 0.04000
v 0.39500 -0.15000 0.04000
v 0.39500 -0.15500 0.04000
v 0.40000 -0.15500 0.04000
v 0.40000 -0.15000 0.04000
v 0.39500 -0.15000 0.04000
v 0.39500 -0.15500 0.04500
v 0.40000 -0.15500 0.04500
v 0.40000 -0.15000 0.04500
v 0.39500 -0.15000 0.04500
v 0.39500 -0.15500 0.04500
v 0.40000 -0.15500 0.04500
v 0.40000 -0.15000 0.04500
v 0.39500 -0.15000 0.04500
v 0.39500 -0.15500 0.05000
v 0.40000 -0.15500 0.05000
v 0.40000 -0.15000 0.05000
v 0.39500 -0.15000 0.05000
v 0.39500 -0.15500 0.05000
v 0.40000 -0.15500 0.05000
v 0.40000 -0.15000 0.05000
v 0.39500 -0.15000 0.05000
v 0.39500 -0.15500 0.05500
v 0.40000 -0.15500 0.05500
v 0.40000 -0.15000 0.05500
v 0.39500 -0.15000 0.05500
v 0.39500 -0.15500 0.05500
v 0.40000 -0.15500 0.05500
v 0.40000 -0.15000 0.05500
v 0.39500 -0.15000 0.05500
v 0.39500 -0.15500 0.06000
v 0.40000 -0.15500 0.06000
v 0.40000 -0.15000 0.06000
v 0.39500 -0.15000 0.06000
v 0.40000 -0.21500 0.06000
v 0.40500 -0.21500 0.06000
v 0.40500 -0.21000 0.06000
v 0.40000 -0.21000 0.06000
v 0.40000 -0.21500 0.06500
v 0.40500 -0.21500 0.06500
v 0.40500 -0.21000 0.06500
v 0.40000 -0.21000 0.06500
v 0.40000 -0.21000 0.10500
v 0.40500 -0.21000 0.10500
v 0.40500 -0.20500 0.10500
v 0.40000 -0.20500 0.10500
v 0.40000 -0.21000 0.11000
v 0.40500 -0.21000 0.11000
v 0.40500 -0.20500 0.11000
v 0.40000 -0.20500 0.11000
v 0.40000 -0.21000 0.11000
v 0.40500 -0.21000 0.11000
v 0.40500 -0.20500 0.11000
v 0.40000 -0.20500 0.11000
v 0.40000 -0.21000 0.11500
v 0.40500 -0.21000 0.11500
v 0.40500 -0.20500 0.11500
v 0.40000 -0.20500 0.11500
v 0.40000 -0.21000 0.11500
v 0.40500 -0.21000 0.11500
v 0.40500 -0.20500 0.11500
v 0.40000 -0.20500 0.11500
v 0.40000 -0.21000 0.12000
v 0.40500 -0.21000 0.12000
v 0.40500 -0.20500 0.12000
v 0.40000 -0.20500 0.12000
v 0.40000 -0.21000 0.12000
v 0.40500 -0.21000 0.12000
v 0.40500 -0.20500 0.12000
v 0.40000 -0.20500 0.12000
v 0.40000 -0.21000 0.12500
v 0.40500 -0.21000 0.12500
v 0.40500 -0.20500 0.12500
v 0.40000 -0.20500 0.12500
v 0.40000 -0.21000 0.12500
v 0.40500 -0.21000 0.12500
v 0.40500 -0.20500 0.12500
v 0.40000 -0.20500 0.12500
v 0.40000 -0.21000 0.13000
v 0.40500 -0.21000 0.13000
v 0.40500 -0.20500 0.13000
v 0.40000 -0.20500 0.13000
v 0.40000 -0.21000 0.13000
v 0.40500 -0.21000 0.13000
v 0.40500 -0.20500 0.13000
v 0.40000 -0.20500 0.13000
v 0.40000 -0.21000 0.13500
v 0.40500 -0.21000 0.13500
v 0.40500 -0.20500 0.13500
v 0.40000 -0.20500 0.13500
v 0.40000 -0.21000 0.13500
v 0.40500 -0.21000 0.13500
v 0.40500 -0.20500 0.13500
v 0.40000 -0.20500 0.13500
v 0.40000 -0.21000 0.14000
v 0.40500 -0.21000 0.14000
v 0.40500 -0.20500 0.14000
v 0.40000 -0.20500 0.14000
v 0.40000 -0.21000 0.14000
v 0.40500 -0.21000 0.14000
v 0.40500 -0.20500 0.14000
v 0.40000 -0.20500 0.14000
v 0.40000 -0.21000 0.14500
v 0.40500 -0.21000 0.14500
v 0.40500 -0.20500 0.14500
v 0.40000 -0.20500 0.14500
v 0.40000 -0.21000 0.14500
v 0.40500 -0.21000 0.14500
v 0.40500 -0.20500 0.14500
v 0.40000 -0.20500 0.14500
v 0.40000 -0.21000 0.15000
v 0.40500 -0.21000 0.15000
v 0.40500 -0.20500 0.15000
v 0.40000 -0.20500 0.15000
v 0.40000 -0.21000 0.15000
v 0.40500 -0.21000 0.15000
v 0.40500 -0.20500 0.15000
v 0.40000 -0.20500 0.15000
v 0.40000 -0.21000 0.15500
v 0.40500 -0.21000 0.15500
v 0.40500 -0.20500 0.15500
v 0.40000 -0.20500 0.15500
v 0.40000 -0.21000 0.15500
v 0.40500 -0.21000 0.15500
v 0.40500 -0.20500 0.15500
v 0.40000 -0.20500 0.15500
v 0.40000 -0.21000 0.16000
v 0.40500 -0.21000 0.16000
v 0.40500 -0.20500 0.16000
v 0.40000 -0.20500 0.16000
v 0.40000 -0.21000 0.18000
v 0.40500 -0.21000 0.18000
v 0.40500 -0.20500 0.18000
v 0.40000 -0.20500 0.18000
v 0.40000 -0.21000 0.18500
v 0.40500 -0.21000 0.18500
v 0.40500 -0.20500 0.18500
v 0.40000 -0.20500 0.18500
v 0.40000 -0.21000 0.18500
v 0.40500 -0.21000 0.18500
v 0.40500 -0.20500 0.18500
v 0.40000 -0.20500 0.18500
v 0.40000 -0.21000 0.19000
v 0.40500 -0.21000 0.19000
v 0.40500 -0.20500 0.19000
v 0.40000 -0.20500 0.19000
v 0.40000 -0.21000 0.19000
v 0.40500 -0.21000 0.19000
v 0.40500 -0.20500 0.19000
v 0.40000 -0.20500 0.19000
v 0.40000 -0.21000 0.19500
v 0.40500 -0.21000 0.19500
v 0.40500 -0.20500 0.19500
v 0.40000 -0.20500 0.19500
v 0.40000 -0.21000 0.19500
v 0.40500 -0.21000 0.19500
v 0.40500 -0.20500 0.19500
v 0.40000 -0.20500 0.19500
v 0.40000 -0.21000 0.20000
v 0.40500 -0.21000 0.20000
v 0.40500 -0.20500 0.20000
v 0.40000 -0.20500 0.20000
v 0.40000 -0.21000 0.20000
v 0.40500 -0.21000 0.20000
v 0.40500 -0.20500 0.20000
v 0.40000 -0.20500 0.20000
v 0.40000 -0.21000 0.20500
v 0.40500 -0.21000 0.20500
v 0.40500 -0.20500 0.20500
v 0.40000 -0.20500 0.20500
v 0.40000 -0.20500 0.20500
v 0.40500 -0.20500 0.20500
v 0.40500 -0.20000 0.20500
v 0.40000 -0.20000 0.20500
v 0.40000 -0.20500 0.21000
v 0.40500 -0.20500 0.21000
v 0.40500 -0.20000 0.21000
v 0.40000 -0.20000 0.21000
v 0.40000 -0.20500 0.21000
v 0.40500 -0.20500 0.21000
v 0.40500 -0.20000 0.21000
v 0.40000 -0.20000 0.21000
v 0.40000 -0.20500 0.21500
v 0.40500 -0.20500 0.21500
v 0.40500 -0.20000 0.21500
v 0.40000 -0.20000 0.21500
v 0.40000 -0.20500 0.21500
v 0.40500 -0.20500 0.21500
v 0.40500 -0.20000 0.21500
v 0.40000 -0.20000 0.21500
v 0.40000 -0.20500 0.22000
v 0.40500 -0.20500 0.22000
v 0.40500 -0.20000 0.22000
v 0.40000 -0.20000 0.22000
v 0.40000 -0.18000 0.22500
v 0.40500 -0.18000 0.22500
v 0.40500 -0.17500 0.22500
v 0.40000 -0.17500 0.22500
v 0.40000 -0.18000 0.23000
v 0.40500 -0.18000 0.23000
v 0.40500 -0.17500 0.23000
v 0.40000 -0.17500 0.23000
v 0.40000 -0.17500 0.22500
v 0.40500 -0.17500 0.22500
v 0.40500 -0.17000 0.22500
v 0.40000 -0.17000 0.22500
v 0.40000 -0.17500 0.23000
v 0.40500 -0.17500 0.23000
v 0.40500 -0.17000 0.23000
v 0.40000 -0.17000 0.23000
v 0.40000 -0.17000 0.22000
v 0.40500 -0.17000 0.22000
v 0.40500 -0.16500 0.22000
v 0.40000 -0.16500 0.22000
v 0.40000 -0.17000 0.22500
v 0.40500 -0.17000 0.22500
v 0.40500 -0.16500 0.22500
v 0.40000 -0.16500 0.22500
v 0.40000 -0.16500 0.13000
v 0.40500 -0.16500 0.13000
v 0.40500 -0.16000 0.13000
v 0.40000 -0.16000 0.13000
v 0.40000 -0.16500 0.13500
v 0.40500 -0.16500 0.13500
v 0.40500 -0.16000 0.13500
v 0.40000 -0.16000 0.13500
v 0.40000 -0.16500 0.13500
v 0.40500 -0.16500 0.13500
v 0.40500 -0.16000 0.13500
v 0.40000 -0.16000 0.13500
v 0.40000 -0.16500 0.14000
v 0.40500 -0.16500 0.14000
v 0.40500 -0.16000 0.14000
v 0.40000 -0.16000 0.14000
v 0.40000 -0.16500 0.14000
v 0.40500 -0.16500 0.14000
v 0.40500 -0.16000 0.14000
v 0.40000 -0.16000 0.14000
v 0.40000 -0.16500 0.14500
v 0.40500 -0.16500 0.14500
v 0.40500 -0.16000 0.14500
v 0.40000 -0.16000 0.14500
v 0.40000 -0.16500 0.14500
v 0.40500 -0.16500 0.14500
v 0.40500 -0.16000 0.14500
v 0.40000 -0.16000 0.14500
v 0.40000 -0.16500 0.15000
v 0.40500 -0.16500 0.15000
v 0.40500 -0.16000 0.15000
v 0.40000 -0.16000 0.15000
v 0.40000 -0.16500 0.15000
v 0.40500 -0.16500 0.15000
v 0.40500 -0.16000 0.15000
v 0.40000 -0.16000 0.15000
v 0.40000 -0.16500 0.15500
v 0.40500 -0.16500 0.15500
v 0.40500 -0.16000 0.15500
v 0.40000 -0.16000 0.15500
v 0.40000 -0.16500 0.15500
v 0.40500 -0.16500 0.15500
v 0.40500 -0.16000 0.15500
v 0.40000 -0.16000 0.15500
v 0.40000 -0.16500 0.16000
v 0.40500 -0.16500 0.16000
v 0.40500 -0.16000 0.16000
v 0.40000 -0.16000 0.16000
v 0.40000 -0.16500 0.16000
v 0.40500 -0.16500 0.16000
v 0.40500 -0.16000 0.16000
v 0.40000 -0.16000 0.16000
v 0.40000 -0.16500 0.16500
v 0.40500 -0.16500 0.16500
v 0.40500 -0.16000 0.16500
v 0.40000 -0.16000 0.16500
v 0.40000 -0.16500 0.16500
v 0.40500 -0.16500 0.16500
v 0.40500 -0.16000 0.16500
v 0.40000 -0.16000 0.16500
v 0.40000 -0.16500 0.17000
v 0.40500 -0.16500 0.17000
v 0.40500 -0.16000 0.17000
v 0.40000 -0.16000 0.17000
v 0.40000 -0.16500 0.17000
v 0.40500 -0.16500 0.17000
v 0.40500 -0.16000 0.17000
v 0.40000 -0.16000 0.17000
v 0.40000 -0.16500 0.17500
v 0.40500 -0.16500 0.17500
v 0.40500 -0.16000 0.17500
v 0.40000 -0.16000 0.17500
v 0.40000 -0.16500 0.20500
v 0.40500 -0.16500 0.20500
v 0.40500 -0.16000 0.20500
v 0.40000 -0.16000 0.20500
v 0.40000 -0.16500 0.21000
v 0.40500 -0.16500 0.21000
v 0.40500 -0.16000 0.21000
v 0.40000 -0.16000 0.21000
v 0.40000 -0.16500 0.21000
v 0.40500 -0.16500 0.21000
v 0.40500 -0.16000 0.21000
v 0.40000 -0.16000 0.21000
v 0.40000 -0.16500 0.21500
v 0.40500 -0.16500 0.21500
v 0.40500 -0.16000 0.21500
v 0.40000 -0.16000 0.21500
v 0.40000 -0.16500 0.21500
v 0.40500 -0.16500 0.21500
v 0.40500 -0.16000 0.21500
v 0.40000 -0.16000 0.21500
v 0.40000 -0.16500 0.22000
v 0.40500 -0.16500 0.22000
v 0.40500 -0.16000 0.22000
v 0.40000 -0.16000 0.22000
v 0.40000 -0.16000 0.05500
v 0.40500 -0.16000 0.05500
v 0.40500 -0.15500 0.05500
v 0.40000 -0.15500 0.05500
v 0.40000 -0.16000 0.06000
v 0.40500 -0.16000 0.06000
v 0.40500 -0.15500 0.06000
v 0.40000 -0.15500 0.06000
v 0.40000 -0.16000 0.06000
v 0.40500 -0.16000 0.06000
v 0.40500 -0.15500 0.06000
v 0.40000 -0.15500 0.06000
v 0.40000 -0.16000 0.06500
v 0.40500 -0.16000 0.06500
v 0.40500 -0.15500 0.06500
v 0.40000 -0.15500 0.06500
v 0.40000 -0.16000 0.06500
v 0.40500 -0.16000 0.06500
v 0.40500 -0.15500 0.06500
v 0.40000 -0.15500 0.06500
v 0.40000 -0.16000 0.07000
v 0.40500 -0.16000 0.07000
v 0.40500 -0.15500 0.07000
v 0.40000 -0.15500 0.07000
v 0.40000 -0.16000 0.07000
v 0.40500 -0.16000 0.07000
v 0.40500 -0.15500 0.07000
v 0.40000 -0.15500 0.07000
v 0.40000 -0.16000 0.07500
v 0.40500 -0.16000 0.07500
v 0.40500 -0.15500 0.07500
v 0.40000 -0.15500 0.07500
v 0.40000 -0.16000 0.07500
v 0.40500 -0.16000 0.07500
v 0.40500 -0.15500 0.07500
v 0.40000 -0.15500 0.07500
v 0.40000 -0.16000 0.08000
v 0.40500 -0.16000 0.08000
v 0.40500 -0.15500 0.08000
v 0.40000 -0.15500 0.08000
v 0.40000 -0.16000 0.08000
v 0.40500 -0.16000 0.08000
v 0.40500 -0.15500 0.08000
v 0.40000 -0.15500 0.08000
v 0.40000 -0.16000 0.08500
v 0.40500 -0.16000 0.08500
v 0.40500 -0.15500 0.08500
v 0.40000 -0.15500 0.08500
v 0.40000 -0.16000 0.08500
v 0.40500 -0.16000 0.08500
v 0.40500 -0.15500 0.08500
v 0.40000 -0.15500 0.08500
v 0.40000 -0.16000 0.09000
v 0.40500 -0.16000 0.09000
v 0.40500 -0.15500 0.09000
v 0.40000 -0.15500 0.09000
v 0.40000 -0.16000 0.09000
v 0.40500 -0.16000 0.09000
v 0.40500 -0.15500 0.09000
v 0.40000 -0.15500 0.09000
v 0.40000 -0.16000 0.09500
v 0.40500 -0.16000 0.09500
v 0.40500 -0.15500 0.09500
v 0.40000 -0.15500 0.09500
v 0.40000 -0.16000 0.09500
v 0.40500 -0.16000 0.09500
v 0.40500 -0.15500 0.09500
v 0.40000 -0.15500 0.09500
v 0.40000 -0.16000 0.10000
v 0.40500 -0.16000 0.10000
v 0.40500 -0.15500 0.10000
v 0.40000 -0.15500 0.10000
v 0.40000 -0.16000 0.10000
v 0.40500 -0.16000 0.10000
v 0.40500 -0.15500 0.10000
v 0.40000 -0.15500 0.10000
v 0.40000 -0.16000 0.10500
v 0.40500 -0.16000 0.10500
v 0.40500 -0.15500 0.10500
v 0.40000 -0.15500 0.10500
v 0.40000 -0.16000 0.10500
v 0.40500 -0.16000 0.10500
v 0.40500 -0.15500 0.10500
v 0.40000 -0.15500 0.10500
v 0.40000 -0.16000 0.11000
v 0.40500 -0.16000 0.11000
v 0.40500 -0.15500 0.11000
v 0.40000 -0.15500 0.11000
v 0.40000 -0.16000 0.11000
v 0.40500 -0.16000 0.11000
v 0.40500 -0.15500 0.11000
v 0.40000 -0.15500 0.11000
v 0.40000 -0.16000 0.11500
v 0.40500 -0.16000 0.11500
v 0.40500 -0.15500 0.11500
v 0.40000 -0.15500 0.11500
v 0.40000 -0.16000 0.11500
v 0.40500 -0.16000 0.11500
v 0.40500 -0.15500 0.11500
v 0.40000 -0.15500 0.11500
v 0.40000 -0.16000 0.12000
v 0.40500 -0.16000 0.12000
v 0.40500 -0.15500 0.12000
v 0.40000 -0.15500 0.12000
v 0.40000 -0.16000 0.12000
v 0.40500 -0.16000 0.12000
v 0.40500 -0.15500 0.12000
v 0.40000 -0.15500 0.12000
v 0.40000 -0.16000 0.12500
v 0.40500 -0.16000 0.12500
v 0.40500 -0.15500 0.12500
v 0.40000 -0.15500 0.12500
v 0.40000 -0.16000 0.18000
v 0.40500 -0.16000 0.18000
v 0.40500 -0.15500 0.18000
v 0.40000 -0.15500 0.18000
v 0.40000 -0.16000 0.18500
v 0.40500 -0.16000 0.18500
v 0.40500 -0.15500 0.18500
v 0.40000 -0.15500 0.18500
v 0.40000 -0.16000 0.18500
v 0.40500 -0.16000 0.18500
v 0.40500 -0.15500 0.18500
v 0.40000 -0.15500 0.18500
v 0.40000 -0.16000 0.19000
v 0.40500 -0.16000 0.19000
v 0.40500 -0.15500 0.19000
v 0.40000 -0.15500 0.19000
v 0.40000 -0.16000 0.19000
v 0.40500 -0.16000 0.19000
v 0.40500 -0.15500 0.19000
v 0.40000 -0.15500 0.19000
v 0.40000 -0.16000 0.19500
v 0.40500 -0.16000 0.19500
v 0.40500 -0.15500 0.19500
v 0.40000 -0.15500 0.19500
v 0.40000 -0.16000 0.19500
v 0.40500 -0.16000 0.19500
v 0.40500 -0.15500 0.19500
v 0.40000 -0.15500 0.19500
v 0.40000 -0.16000 0.20000
v 0.40500 -0.16000 0.20000
v 0.40500 -0.15500 0.20000
v 0.40000 -0.15500 0.20000
v 0.40000 -0.16000 0.20000
v 0.40500 -0.16000 0.20000
v 0.40500 -0.15500 0.20000
v 0.40000 -0.15500 0.20000
v 0.40000 -0.16000 0.20500
v 0.40500 -0.16000 0.20500
v 0.40500 -0.15500 0.20500
v 0.40000 -0.15500 0.20500
v 0.40000 -0.15500 0.00500
v 0.40500 -0.15500 0.00500
v 0.40500 -0.15000 0.00500
v 0.40000 -0.15000 0.00500
v 0.40000 -0.15500 0.01000
v 0.40500 -0.15500 0.01000
v 0.40500 -0.15000 0.01000
v 0.40000 -0.15000 0.01000
v 0.40000 -0.15500 0.01500
v 0.40500 -0.15500 0.01500
v 0.40500 -0.15000 0.01500
v 0.40000 -0.15000 0.01500
v 0.40000 -0.15500 0.02000
v 0.40500 -0.15500 0.02000
v 0.40500 -0.15000 0.02000
v 0.40000 -0.15000 0.02000
v 0.40000 -0.15500 0.02000
v 0.40500 -0.15500 0.02000
v 0.40500 -0.15000 0.02000
v 0.40000 -0.15000 0.02000
v 0.40000 -0.15500 0.02500
v 0.40500 -0.15500 0.02500
v 0.40500 -0.15000 0.02500
v 0.40000 -0.15000 0.02500
v 0.40000 -0.15500 0.02500
v 0.40500 -0.15500 0.02500
v 0.40500 -0.15000 0.02500
v 0.40000 -0.15000 0.02500
v 0.40000 -0.15500 0.03000
v 0.40500 -0.15500 0.03000
v 0.40500 -0.15000 0.03000
v 0.40000 -0.15000 0.03000
v 0.40000 -0.15500 0.03000
v 0.40500 -0.15500 0.03000
v 0.40500 -0.15000 0.03000
v 0.40000 -0.15000 0.03000
v 0.40000 -0.15500 0.03500
v 0.40500 -0.15500 0.03500
v 0.40500 -0.15000 0.03500
v 0.40000 -0.15000 0.03500
v 0.40000 -0.15500 0.03500
v 0.40500 -0.15500 0.03500
v 0.40500 -0.15000 0.03500
v 0.40000 -0.15000 0.03500
v 0.40000 -0.15500 0.04000
v 0.40500 -0.15500 0.04000
v 0.40500 -0.15000 0.04000
v 0.40000 -0.15000 0.04000
v 0.40000 -0.15500 0.04000
v 0.40500 -0.15500 0.04000
v 0.40500 -0.15000 0.04000
v 0.40000 -0.15000 0.04000
v 0.40000 -0.15500 0.04500
v 0.40500 -0.15500 0.04500
v 0.40500 -0.15000 0.04500
v 0.40000 -0.15000 0.04500
v 0.40500 -0.21000 0.06000
v 0.41000 -0.21000 0.06000
v 0.41000 -0.20500 0.06000
v 0.40500 -0.20500 0.06000
v 0.40500 -0.21000 0.06500
v 0.41000 -0.21000 0.06500
v 0.41000 -0.20500 0.06500
v 0.40500 -0.20500 0.06500
v 0.40500 -0.21000 0.10500
v 0.41000 -0.21000 0.10500
v 0.41000 -0.20500 0.10500
v 0.40500 -0.20500 0.10500
v 0.40500 -0.21000 0.11000
v 0.41000 -0.21000 0.11000
v 0.41000 -0.20500 0.11000
v 0.40500 -0.20500 0.11000
v 0.40500 -0.21000 0.11000
v 0.41000 -0.21000 0.11000
v 0.41000 -0.20500 0.11000
v 0.40500 -0.20500 0.11000
v 0.40500 -0.21000 0.11500
v 0.41000 -0.21000 0.11500
v 0.41000 -0.20500 0.11500
v 0.40500 -0.20500 0.11500
v 0.40500 -0.21000 0.11500
v 0.41000 -0.21000 0.11500
v 0.41000 -0.20500 0.11500
v 0.40500 -0.20500 0.11500
v 0.40500 -0.21000 0.12000
v 0.41000 -0.21000 0.12000
v 0.41000 -0.20500 0.12000
v 0.40500 -0.20500 0.12000
v 0.40500 -0.21000 0.12000
v 0.41000 -0.21000 0.12000
v 0.41000 -0.20500 0.12000
v 0.40500 -0.20500 0.12000
v 0.40500 -0.21000 0.12500
v 0.41000 -0.21000 0.12500
v 0.41000 -0.20500 0.12500
v 0.40500 -0.20500 0.12500
v 0.40500 -0.21000 0.12500
v 0.41000 -0.21000 0.12500
v 0.41000 -0.20500 0.12500
v 0.40500 -0.20500 0.12500
v 0.40500 -0.21000 0.13000
v 0.41000 -0.21000 0.13000
v 0.41000 -0.20500 0.13000
v 0.40500 -0.20500 0.13000
v 0.40500 -0.21000 0.13500
v 0.41000 -0.21000 0.13500
v 0.41000 -0.20500 0.13500
v 0.40500 -0.20500 0.13500
v 0.40500 -0.21000 0.14000
v 0.41000 -0.21000 0.14000
v 0.41000 -0.20500 0.14000
v 0.40500 -0.20500 0.14000
v 0.40500 -0.21000 0.18000
v 0.41000 -0.21000 0.18000
v 0.41000 -0.20500 0.18000
v 0.40500 -0.20500 0.18000
v 0.40500 -0.21000 0.18500
v 0.41000 -0.21000 0.18500
v 0.41000 -0.20500 0.18500
v 0.40500 -0.20500 0.18500
v 0.40500 -0.21000 0.18500
v 0.41000 -0.21000 0.18500
v 0.41000 -0.20500 0.18500
v 0.40500 -0.20500 0.18500
v 0.40500 -0.21000 0.19000
v 0.41000 -0.21000 0.19000
v 0.41000 -0.20500 0.19000
v 0.40500 -0.20500 0.19000
v 0.40500 -0.20500 0.20500
v 0.41000 -0.20500 0.20500
v 0.41000 -0.20000 0.20500
v 0.40500 -0.20000 0.20500
v 0.40500 -0.20500 0.21000
v 0.41000 -0.20500 0.21000
v 0.41000 -0.20000 0.21000
v 0.40500 -0.20000 0.21000
v 0.40500 -0.19000 0.22000
v 0.41000 -0.19000 0.22000
v 0.41000 -0.18500 0.22000
v 0.40500 -0.18500 0.22000
v 0.40500 -0.19000 0.22500
v 0.41000 -0.19000 0.22500
v 0.41000 -0.18500 0.22500
v 0.40500 -0.18500 0.22500
v 0.40500 -0.18500 0.22500
v 0.41000 -0.18500 0.22500
v 0.41000 -0.18000 0.22500
v 0.40500 -0.18000 0.22500
v 0.40500 -0.18500 0.23000
v 0.41000 -0.18500 0.23000
v 0.41000 -0.18000 0.23000
v 0.40500 -0.18000 0.23000
v 0.40500 -0.18000 0.22000
v 0.41000 -0.18000 0.22000
v 0.41000 -0.17500 0.22000
v 0.40500 -0.17500 0.22000
v 0.40500 -0.18000 0.22500
v 0.41000 -0.18000 0.22500
v 0.41000 -0.17500 0.22500
v 0.40500 -0.17500 0.22500
v 0.40500 -0.17500 0.22000
v 0.41000 -0.17500 0.22000
v 0.41000 -0.17000 0.22000
v 0.40500 -0.17000 0.22000
v 0.40500 -0.17500 0.22500
v 0.41000 -0.17500 0.22500
v 0.41000 -0.17000 0.22500
v 0.40500 -0.17000 0.22500
v 0.40500 -0.17000 0.21000
v 0.41000 -0.17000 0.21000
v 0.41000 -0.16500 0.21000
v 0.40500 -0.16500 0.21000
v 0.40500 -0.17000 0.21500
v 0.41000 -0.17000 0.21500
v 0.41000 -0.16500 0.21500
v 0.40500 -0.16500 0.21500
v 0.40500 -0.17000 0.21500
v 0.41000 -0.17000 0.21500
v 0.41000 -0.16500 0.21500
v 0.40500 -0.16500 0.21500
v 0.40500 -0.17000 0.22000
v 0.41000 -0.17000 0.22000
v 0.41000 -0.16500 0.22000
v 0.40500 -0.16500 0.22000
v 0.40500 -0.17000 0.22000
v 0.41000 -0.17000 0.22000
v 0.41000 -0.16500 0.22000
v 0.40500 -0.16500 0.22000
v 0.40500 -0.17000 0.22500
v 0.41000 -0.17000 0.22500
v 0.41000 -0.16500 0.22500
v 0.40500 -0.16500 0.22500
v 0.40500 -0.16500 0.12000
v 0.41000 -0.16500 0.12000
v 0.41000 -0.16000 0.12000
v 0.40500 -0.16000 0.12000
v 0.40500 -0.16500 0.12500
v 0.41000 -0.16500 0.12500
v 0.41000 -0.16000 0.12500
v 0.40500 -0.16000 0.12500
v 0.40500 -0.16500 0.12500
v 0.41000 -0.16500 0.12500
v 0.41000 -0.16000 0.12500
v 0.40500 -0.16000 0.12500
v 0.40500 -0.16500 0.13000
v 0.41000 -0.16500 0.13000
v 0.41000 -0.16000 0.13000
v 0.40500 -0.16000 0.13000
v 0.40500 -0.16500 0.13000
v 0.41000 -0.16500 0.13000
v 0.41000 -0.16000 0.13000
v 0.40500 -0.16000 0.13000
v 0.40500 -0.16500 0.13500
v 0.41000 -0.16500 0.13500
v 0.41000 -0.16000 0.13500
v 0.40500 -0.16000 0.13500
v 0.40500 -0.16500 0.13500
v 0.41000 -0.16500 0.13500
v 0.41000 -0.16000 0.13500
v 0.40500 -0.16000 0.13500
v 0.40500 -0.16500 0.14000
v 0.41000 -0.16500 0.14000
v 0.41000 -0.16000 0.14000
v 0.40500 -0.16000 0.14000
v 0.40500 -0.16500 0.14000
v 0.41000 -0.16500 0.14000
v 0.41000 -0.16000 0.14000
v 0.40500 -0.16000 0.14000
v 0.40500 -0.16500 0.14500
v 0.41000 -0.16500 0.14500
v 0.41000 -0.16000 0.14500
v 0.40500 -0.16000 0.14500
v 0.40500 -0.16500 0.14500
v 0.41000 -0.16500 0.14500
v 0.41000 -0.16000 0.14500
v 0.40500 -0.16000 0.14500
v 0.40500 -0.16500 0.15000
v 0.41000 -0.16500 0.15000
v 0.41000 -0.16000 0.15000
v 0.40500 -0.16000 0.15000
v 0.40500 -0.16500 0.15000
v 0.41000 -0.16500 0.15000
v 0.41000 -0.16000 0.15000
v 0.40500 -0.16000 0.15000
v 0.40500 -0.16500 0.15500
v 0.41000 -0.16500 0.15500
v 0.41000 -0.16000 0.15500
v 0.40500 -0.16000 0.15500
v 0.40500 -0.16500 0.15500
v 0.41000 -0.16500 0.15500
v 0.41000 -0.16000 0.15500
v 0.40500 -0.16000 0.15500
v 0.40500 -0.16500 0.16000
v 0.41000 -0.16500 0.16000
v 0.41000 -0.16000 0.16000
v 0.40500 -0.16000 0.16000
v 0.40500 -0.16500 0.16000
v 0.41000 -0.16500 0.16000
v 0.41000 -0.16000 0.16000
v 0.40500 -0.16000 0.16000
v 0.40500 -0.16500 0.16500
v 0.41000 -0.16500 0.16500
v 0.41000 -0.16000 0.16500
v 0.40500 -0.16000 0.16500
v 0.40500 -0.16500 0.16500
v 0.41000 -0.16500 0.16500
v 0.41000 -0.16000 0.16500
v 0.40500 -0.16000 0.16500
v 0.40500 -0.16500 0.17000
v 0.41000 -0.16500 0.17000
v 0.41000 -0.16000 0.17000
v 0.40500 -0.16000 0.17000
v 0.40500 -0.16500 0.17000
v 0.41000 -0.16500 0.17000
v 0.41000 -0.16000 0.17000
v 0.40500 -0.16000 0.17000
v 0.40500 -0.16500 0.17500
v 0.41000 -0.16500 0.17500
v 0.41000 -0.16000 0.17500
v 0.40500 -0.16000 0.17500
v 0.40500 -0.16500 0.17500
v 0.41000 -0.16500 0.17500
v 0.41000 -0.16000 0.17500
v 0.40500 -0.16000 0.17500
v 0.40500 -0.16500 0.18000
v 0.41000 -0.16500 0.18000
v 0.41000 -0.16000 0.18000
v 0.40500 -0.16000 0.18000
v 0.40500 -0.16500 0.18000
v 0.41000 -0.16500 0.18000
v 0.41000 -0.16000 0.18000
v 0.40500 -0.16000 0.18000
v 0.40500 -0.16500 0.18500
v 0.41000 -0.16500 0.18500
v 0.41000 -0.16000 0.18500
v 0.40500 -0.16000 0.18500
v 0.40500 -0.16500 0.18500
v 0.41000 -0.16500 0.18500
v 0.41000 -0.16000 0.18500
v 0.40500 -0.16000 0.18500
v 0.40500 -0.16500 0.19000
v 0.41000 -0.16500 0.19000
v 0.41000 -0.16000 0.19000
v 0.40500 -0.16000 0.19000
v 0.40500 -0.16500 0.19000
v 0.41000 -0.16500 0.19000
v 0.41000 -0.16000 0.19000
v 0.40500 -0.16000 0.19000
v 0.40500 -0.16500 0.19500
v 0.41000 -0.16500 0.19500
v 0.41000 -0.16000 0.19500
v 0.40500 -0.16000 0.19500
v 0.40500 -0.16500 0.20000
v 0.41000 -0.16500 0.20000
v 0.41000 -0.16000 0.20000
v 0.40500 -0.16000 0.20000
v 0.40500 -0.16500 0.20500
v 0.41000 -0.16500 0.20500
v 0.41000 -0.16000 0.20500
v 0.40500 -0.16000 0.20500
v 0.40500 -0.16500 0.20500
v 0.41000 -0.16500 0.20500
v 0.41000 -0.16000 0.20500
v 0.40500 -0.16000 0.20500
v 0.40500 -0.16500 0.21000
v 0.41000 -0.16500 0.21000
v 0.41000 -0.16000 0.21000
v 0.40500 -0.16000 0.21000
v 0.40500 -0.16000 0.04000
v 0.41000 -0.16000 0.04000
v 0.41000 -0.15500 0.04000
v 0.40500 -0.15500 0.04000
v 0.40500 -0.16000 0.04500
v 0.41000 -0.16000 0.04500
v 0.41000 -0.15500 0.04500
v 0.40500 -0.15500 0.04500
v 0.40500 -0.16000 0.04500
v 0.41000 -0.16000 0.04500
v 0.41000 -0.15500 0.04500
v 0.40500 -0.15500 0.04500
v 0.40500 -0.16000 0.05000
v 0.41000 -0.16000 0.05000
v 0.41000 -0.15500 0.05000
v 0.40500 -0.15500 0.05000
v 0.40500 -0.16000 0.05000
v 0.41000 -0.16000 0.05000
v 0.41000 -0.15500 0.05000
v 0.40500 -0.15500 0.05000
v 0.40500 -0.16000 0.05500
v 0.41000 -0.16000 0.05500
v 0.41000 -0.15500 0.05500
v 0.40500 -0.15500 0.05500
v 0.40500 -0.16000 0.05500
v 0.41000 -0.16000 0.05500
v 0.41000 -0.15500 0.05500
v 0.40500 -0.15500 0.05500
v 0.40500 -0.16000 0.06000
v 0.41000 -0.16000 0.06000
v 0.41000 -0.15500 0.06000
v 0.40500 -0.15500 0.06000
v 0.40500 -0.16000 0.06000
v 0.41000 -0.16000 0.06000
v 0.41000 -0.15500 0.06000
v 0.40500 -0.15500 0.06000
v 0.40500 -0.16000 0.06500
v 0.41000 -0.16000 0.06500
v 0.41000 -0.15500 0.06500
v 0.40500 -0.15500 0.06500
v 0.40500 -0.16000 0.06500
v 0.41000 -0.16000 0.06500
v 0.41000 -0.15500 0.06500
v 0.40500 -0.15500 0.06500
v 0.40500 -0.16000 0.07000
v 0.41000 -0.16000 0.07000
v 0.41000 -0.15500 0.07000
v 0.40500 -0.15500 0.07000
v 0.40500 -0.16000 0.07000
v 0.41000 -0.16000 0.07000
v 0.41000 -0.15500 0.07000
v 0.40500 -0.15500 0.07000
v 0.40500 -0.16000 0.07500
v 0.41000 -0.16000 0.07500
v 0.41000 -0.15500 0.07500
v 0.40500 -0.15500 0.07500
v 0.40500 -0.16000 0.07500
v 0.41000 -0.16000 0.07500
v 0.41000 -0.15500 0.07500
v 0.40500 -0.15500 0.07500
v 0.40500 -0.16000 0.08000
v 0.41000 -0.16000 0.08000
v 0.41000 -0.15500 0.08000
v 0.40500 -0.15500 0.08000
v 0.40500 -0.16000 0.08000
v 0.41000 -0.16000 0.08000
v 0.41000 -0.15500 0.08000
v 0.40500 -0.15500 0.08000
v 0.40500 -0.16000 0.08500
v 0.41000 -0.16000 0.08500
v 0.41000 -0.15500 0.08500
v 0.40500 -0.15500 0.08500
v 0.40500 -0.16000 0.08500
v 0.41000 -0.16000 0.08500
v 0.41000 -0.15500 0.08500
v 0.40500 -0.15500 0.08500
v 0.40500 -0.16000 0.09000
v 0.41000 -0.16000 0.09000
v 0.41000 -0.15500 0.09000
v 0.40500 -0.15500 0.09000
v 0.40500 -0.16000 0.09000
v 0.41000 -0.16000 0.09000
v 0.41000 -0.15500 0.09000
v 0.40500 -0.15500 0.09000
v 0.40500 -0.16000 0.09500
v 0.41000 -0.16000 0.09500
v 0.41000 -0.15500 0.09500
v 0.40500 -0.15500 0.09500
v 0.40500 -0.16000 0.09500
v 0.41000 -0.16000 0.09500
v 0.41000 -0.15500 0.09500
v 0.40500 -0.15500 0.09500
v 0.40500 -0.16000 0.10000
v 0.41000 -0.16000 0.10000
v 0.41000 -0.15500 0.10000
v 0.40500 -0.15500 0.10000
v 0.40500 -0.16000 0.10000
v 0.41000 -0.16000 0.10000
v 0.41000 -0.15500 0.10000
v 0.40500 -0.15500 0.10000
v 0.40500 -0.16000 0.10500
v 0.41000 -0.16000 0.10500
v 0.41000 -0.15500 0.10500
v 0.40500 -0.15500 0.10500
v 0.40500 -0.16000 0.10500
v 0.41000 -0.16000 0.10500
v 0.41000 -0.15500 0.10500
v 0.40500 -0.15500 0.10500
v 0.40500 -0.16000 0.11000
v 0.41000 -0.16000 0.11000
v 0.41000 -0.15500 0.11000
v 0.40500 -0.15500 0.11000
v 0.40500 -0.16000 0.11000
v 0.41000 -0.16000 0.11000
v 0.41000 -0.15500 0.11000
v 0.40500 -0.15500 0.11000
v 0.40500 -0.16000 0.11500
v 0.41000 -0.16000 0.11500
v 0.41000 -0.15500 0.11500
v 0.40500 -0.15500 0.11500
v 0.41000 -0.20500 0.20000
v 0.41500 -0.20500 0.20000
v 0.41500 -0.20000 0.20000
v 0.41000 -0.20000 0.20000
v 0.41000 -0.20500 0.20500
v 0.41500 -0.20500 0.20500
v 0.41500 -0.20000 0.20500
v 0.41000 -0.20000 0.20500
v 0.41000 -0.20000 0.21000
v 0.41500 -0.20000 0.21000
v 0.41500 -0.19500 0.21000
v 0.41000 -0.19500 0.21000
v 0.41000 -0.20000 0.21500
v 0.41500 -0.20000 0.21500
v 0.41500 -0.19500 0.21500
v 0.41000 -0.19500 0.21500
v 0.41000 -0.18000 0.21500
v 0.41500 -0.18000 0.21500
v 0.41500 -0.17500 0.21500
v 0.41000 -0.17500 0.21500
v 0.41000 -0.18000 0.22000
v 0.41500 -0.18000 0.22000
v 0.41500 -0.17500 0.22000
v 0.41000 -0.17500 0.22000
v 0.41000 -0.18000 0.22000
v 0.41500 -0.18000 0.22000
v 0.41500 -0.17500 0.22000
v 0.41000 -0.17500 0.22000
v 0.41000 -0.18000 0.22500
v 0.41500 -0.18000 0.22500
v 0.41500 -0.17500 0.22500
v 0.41000 -0.17500 0.22500
v 0.41000 -0.17500 0.21000
v 0.41500 -0.17500 0.21000
v 0.41500 -0.17000 0.21000
v 0.41000 -0.17000 0.21000
v 0.41000 -0.17500 0.21500
v 0.41500 -0.17500 0.21500
v 0.41500 -0.17000 0.21500
v 0.41000 -0.17000 0.21500
v 0.41000 -0.17500 0.21500
v 0.41500 -0.17500 0.21500
v 0.41500 -0.17000 0.21500
v 0.41000 -0.17000 0.21500
v 0.41000 -0.17500 0.22000
v 0.41500 -0.17500 0.22000
v 0.41500 -0.17000 0.22000
v 0.41000 -0.17000 0.22000
v 0.41000 -0.17000 0.20500
v 0.41500 -0.17000 0.20500
v 0.41500 -0.16500 0.20500
v 0.41000 -0.16500 0.20500
v 0.41000 -0.17000 0.21000
v 0.41500 -0.17000 0.21000
v 0.41500 -0.16500 0.21000
v 0.41000 -0.16500 0.21000
v 0.41000 -0.17000 0.21000
v 0.41500 -0.17000 0.21000
v 0.41500 -0.16500 0.21000
v 0.41000 -0.16500 0.21000
v 0.41000 -0.17000 0.21500
v 0.41500 -0.17000 0.21500
v 0.41500 -0.16500 0.21500
v 0.41000 -0.16500 0.21500
v 0.41000 -0.16500 0.08000
v 0.41500 -0.16500 0.08000
v 0.41500 -0.16000 0.08000
v 0.41000 -0.16000 0.08000
v 0.41000 -0.16500 0.08500
v 0.41500 -0.16500 0.08500
v 0.41500 -0.16000 0.08500
v 0.41000 -0.16000 0.08500
v 0.41000 -0.16500 0.09500
v 0.41500 -0.16500 0.09500
v 0.41500 -0.16000 0.09500
v 0.41000 -0.16000 0.09500
v 0.41000 -0.16500 0.10000
v 0.41500 -0.16500 0.10000
v 0.41500 -0.16000 0.10000
v 0.41000 -0.16000 0.10000
v 0.41000 -0.16500 0.10500
v 0.41500 -0.16500 0.10500
v 0.41500 -0.16000 0.10500
v 0.41000 -0.16000 0.10500
v 0.41000 -0.16500 0.11000
v 0.41500 -0.16500 0.11000
v 0.41500 -0.16000 0.11000
v 0.41000 -0.16000 0.11000
v 0.41000 -0.16500 0.11000
v 0.41500 -0.16500 0.11000
v 0.41500 -0.16000 0.11000
v 0.41000 -0.16000 0.11000
v 0.41000 -0.16500 0.11500
v 0.41500 -0.16500 0.11500
v 0.41500 -0.16000 0.11500
v 0.41000 -0.16000 0.11500
v 0.41000 -0.16500 0.11500
v 0.41500 -0.16500 0.11500
v 0.41500 -0.16000 0.11500
v 0.41000 -0.16000 0.11500
v 0.41000 -0.16500 0.12000
v 0.41500 -0.16500 0.12000
v 0.41500 -0.16000 0.12000
v 0.41000 -0.16000 0.12000
v 0.41000 -0.16500 0.12000
v 0.41500 -0.16500 0.12000
v 0.41500 -0.16000 0.12000
v 0.41000 -0.16000 0.12000
v 0.41000 -0.16500 0.12500
v 0.41500 -0.16500 0.12500
v 0.41500 -0.16000 0.12500
v 0.41000 -0.16000 0.12500
v 0.41000 -0.16500 0.12500
v 0.41500 -0.16500 0.12500
v 0.41500 -0.16000 0.12500
v 0.41000 -0.16000 0.12500
v 0.41000 -0.16500 0.13000
v 0.41500 -0.16500 0.13000
v 0.41500 -0.16000 0.13000
v 0.41000 -0.16000 0.13000
v 0.41000 -0.16500 0.13000
v 0.41500 -0.16500 0.13000
v 0.41500 -0.16000 0.13000
v 0.41000 -0.16000 0.13000
v 0.41000 -0.16500 0.13500
v 0.41500 -0.16500 0.13500
v 0.41500 -0.16000 0.13500
v 0.41000 -0.16000 0.13500
v 0.41000 -0.16500 0.13500
v 0.41500 -0.16500 0.13500
v 0.41500 -0.16000 0.13500
v 0.41000 -0.16000 0.13500
v 0.41000 -0.16500 0.14000
v 0.41500 -0.16500 0.14000
v 0.41500 -0.16000 0.14000
v 0.41000 -0.16000 0.14000
v 0.41000 -0.16500 0.14000
v 0.41500 -0.16500 0.14000
v 0.41500 -0.16000 0.14000
v 0.41000 -0.16000 0.14000
v 0.41000 -0.16500 0.14500
v 0.41500 -0.16500 0.14500
v 0.41500 -0.16000 0.14500
v 0.41000 -0.16000 0.14500
v 0.41000 -0.16500 0.14500
v 0.41500 -0.16500 0.14500
v 0.41500 -0.16000 0.14500
v 0.41000 -0.16000 0.14500
v 0.41000 -0.16500 0.15000
v 0.41500 -0.16500 0.15000
v 0.41500 -0.16000 0.15000
v 0.41000 -0.16000 0.15000
v 0.41000 -0.16500 0.15000
v 0.41500 -0.16500 0.15000
v 0.41500 -0.16000 0.15000
v 0.41000 -0.16000 0.15000
v 0.41000 -0.16500 0.15500
v 0.41500 -0.16500 0.15500
v 0.41500 -0.16000 0.15500
v 0.41000 -0.16000 0.15500
v 0.41000 -0.16500 0.15500
v 0.41500 -0.16500 0.15500
v 0.41500 -0.16000 0.15500
v 0.41000 -0.16000 0.15500
v 0.41000 -0.16500 0.16000
v 0.41500 -0.16500 0.16000
v 0.41500 -0.16000 0.16000
v 0.41000 -0.16000 0.16000
v 0.41000 -0.16500 0.16000
v 0.41500 -0.16500 0.16000
v 0.41500 -0.16000 0.16000
v 0.41000 -0.16000 0.16000
v 0.41000 -0.16500 0.16500
v 0.41500 -0.16500 0.16500
v 0.41500 -0.16000 0.16500
v 0.41000 -0.16000 0.16500
v 0.41000 -0.16500 0.16500
v 0.41500 -0.16500 0.16500
v 0.41500 -0.16000 0.16500
v 0.41000 -0.16000 0.16500
v 0.41000 -0.16500 0.17000
v 0.41500 -0.16500 0.17000
v 0.41500 -0.16000 0.17000
v 0.41000 -0.16000 0.17000
v 0.41000 -0.16500 0.17000
v 0.41500 -0.16500 0.17000
v 0.41500 -0.16000 0.17000
v 0.41000 -0.16000 0.17000
v 0.41000 -0.16500 0.17500
v 0.41500 -0.16500 0.17500
v 0.41500 -0.16000 0.17500
v 0.41000 -0.16000 0.17500
v 0.41000 -0.16500 0.17500
v 0.41500 -0.16500 0.17500
v 0.41500 -0.16000 0.17500
v 0.41000 -0.16000 0.17500
v 0.41000 -0.16500 0.18000
v 0.41500 -0.16500 0.18000
v 0.41500 -0.16000 0.18000
v 0.41000 -0.16000 0.18000
v 0.41000 -0.16500 0.18000
v 0.41500 -0.16500 0.18000
v 0.41500 -0.16000 0.18000
v 0.41000 -0.16000 0.18000
v 0.41000 -0.16500 0.18500
v 0.41500 -0.16500 0.18500
v 0.41500 -0.16000 0.18500
v 0.41000 -0.16000 0.18500
v 0.41000 -0.16500 0.18500
v 0.41500 -0.16500 0.18500
v 0.41500 -0.16000 0.18500
v 0.41000 -0.16000 0.18500
v 0.41000 -0.16500 0.19000
v 0.41500 -0.16500 0.19000
v 0.41500 -0.16000 0.19000
v 0.41000 -0.16000 0.19000
v 0.41000 -0.16500 0.19000
v 0.41500 -0.16500 0.19000
v 0.41500 -0.16000 0.19000
v 0.41000 -0.16000 0.19000
v 0.41000 -0.16500 0.19500
v 0.41500 -0.16500 0.19500
v 0.41500 -0.16000 0.19500
v 0.41000 -0.16000 0.19500
v 0.41000 -0.16500 0.19500
v 0.41500 -0.16500 0.19500
v 0.41500 -0.16000 0.19500
v 0.41000 -0.16000 0.19500
v 0.41000 -0.16500 0.20000
v 0.41500 -0.16500 0.20000
v 0.41500 -0.16000 0.20000
v 0.41000 -0.16000 0.20000
v 0.41000 -0.16000 0.03000
v 0.41500 -0.16000 0.03000
v 0.41500 -0.15500 0.03000
v 0.41000 -0.15500 0.03000
v 0.41000 -0.16000 0.03500
v 0.41500 -0.16000 0.03500
v 0.41500 -0.15500 0.03500
v 0.41000 -0.15500 0.03500
v 0.41000 -0.16000 0.03500
v 0.41500 -0.16000 0.03500
v 0.41500 -0.15500 0.03500
v 0.41000 -0.15500 0.03500
v 0.41000 -0.16000 0.04000
v 0.41500 -0.16000 0.04000
v 0.41500 -0.15500 0.04000
v 0.41000 -0.15500 0.04000
v 0.41000 -0.16000 0.04000
v 0.41500 -0.16000 0.04000
v 0.41500 -0.15500 0.04000
v 0.41000 -0.15500 0.04000
v 0.41000 -0.16000 0.04500
v 0.41500 -0.16000 0.04500
v 0.41500 -0.15500 0.04500
v 0.41000 -0.15500 0.04500
v 0.41000 -0.16000 0.04500
v 0.41500 -0.16000 0.04500
v 0.41500 -0.15500 0.04500
v 0.41000 -0.15500 0.04500
v 0.41000 -0.16000 0.05000
v 0.41500 -0.16000 0.05000
v 0.41500 -0.15500 0.05000
v 0.41000 -0.15500 0.05000
v 0.41000 -0.16000 0.05000
v 0.41500 -0.16000 0.05000
v 0.41500 -0.15500 0.05000
v 0.41000 -0.15500 0.05000
v 0.41000 -0.16000 0.05500
v 0.41500 -0.16000 0.05500
v 0.41500 -0.15500 0.05500
v 0.41000 -0.15500 0.05500
v 0.41000 -0.16000 0.05500
v 0.41500 -0.16000 0.05500
v 0.41500 -0.15500 0.05500
v 0.41000 -0.15500 0.05500
v 0.41000 -0.16000 0.06000
v 0.41500 -0.16000 0.06000
v 0.41500 -0.15500 0.06000
v 0.41000 -0.15500 0.06000
v 0.41000 -0.16000 0.06000
v 0.41500 -0.16000 0.06000
v 0.41500 -0.15500 0.06000
v 0.41000 -0.15500 0.06000
v 0.41000 -0.16000 0.06500
v 0.41500 -0.16000 0.06500
v 0.41500 -0.15500 0.06500
v 0.41000 -0.15500 0.06500
v 0.41000 -0.16000 0.06500
v 0.41500 -0.16000 0.06500
v 0.41500 -0.15500 0.06500
v 0.41000 -0.15500 0.06500
v 0.41000 -0.16000 0.07000
v 0.41500 -0.16000 0.07000
v 0.41500 -0.15500 0.07000
v 0.41000 -0.15500 0.07000
v 0.41000 -0.16000 0.07000
v 0.41500 -0.16000 0.07000
v 0.41500 -0.15500 0.07000
v 0.41000 -0.15500 0.07000
v 0.41000 -0.16000 0.07500
v 0.41500 -0.16000 0.07500
v 0.41500 -0.15500 0.07500
v 0.41000 -0.15500 0.07500
v 0.41500 -0.19500 0.21000
v 0.42000 -0.19500 0.21000
v 0.42000 -0.19000 0.21000
v 0.41500 -0.19000 0.21000
v 0.41500 -0.19500 0.21500
v 0.42000 -0.19500 0.21500
v 0.42000 -0.19000 0.21500
v 0.41500 -0.19000 0.21500
v 0.41500 -0.18500 0.21000
v 0.42000 -0.18500 0.21000
v 0.42000 -0.18000 0.21000
v 0.41500 -0.18000 0.21000
v 0.41500 -0.18500 0.21500
v 0.42000 -0.18500 0.21500
v 0.42000 -0.18000 0.21500
v 0.41500 -0.18000 0.21500
v 0.41500 -0.18500 0.21500
v 0.42000 -0.18500 0.21500
v 0.42000 -0.18000 0.21500
v 0.41500 -0.18000 0.21500
v 0.41500 -0.18500 0.22000
v 0.42000 -0.18500 0.22000
v 0.42000 -0.18000 0.22000
v 0.41500 -0.18000 0.22000
v 0.41500 -0.18000 0.20500
v 0.42000 -0.18000 0.20500
v 0.42000 -0.17500 0.20500
v 0.41500 -0.17500 0.20500
v 0.41500 -0.18000 0.21000
v 0.42000 -0.18000 0.21000
v 0.42000 -0.17500 0.21000
v 0.41500 -0.17500 0.21000
v 0.41500 -0.18000 0.21000
v 0.42000 -0.18000 0.21000
v 0.42000 -0.17500 0.21000
v 0.41500 -0.17500 0.21000
v 0.41500 -0.18000 0.21500
v 0.42000 -0.18000 0.21500
v 0.42000 -0.17500 0.21500
v 0.41500 -0.17500 0.21500
v 0.41500 -0.17500 0.20500
v 0.42000 -0.17500 0.20500
v 0.42000 -0.17000 0.20500
v 0.41500 -0.17000 0.20500
v 0.41500 -0.17500 0.21000
v 0.42000 -0.17500 0.21000
v 0.42000 -0.17000 0.21000
v 0.41500 -0.17000 0.21000
v 0.41500 -0.17000 0.15500
v 0.42000 -0.17000 0.15500
v 0.42000 -0.16500 0.15500
v 0.41500 -0.16500 0.15500
v 0.41500 -0.17000 0.16000
v 0.42000 -0.17000 0.16000
v 0.42000 -0.16500 0.16000
v 0.41500 -0.16500 0.16000
v 0.41500 -0.17000 0.16000
v 0.42000 -0.17000 0.16000
v 0.42000 -0.16500 0.16000
v 0.41500 -0.16500 0.16000
v 0.41500 -0.17000 0.16500
v 0.42000 -0.17000 0.16500
v 0.42000 -0.16500 0.16500
v 0.41500 -0.16500 0.16500
v 0.41500 -0.17000 0.16500
v 0.42000 -0.17000 0.16500
v 0.42000 -0.16500 0.16500
v 0.41500 -0.16500 0.16500
v 0.41500 -0.17000 0.17000
v 0.42000 -0.17000 0.17000
v 0.42000 -0.16500 0.17000
v 0.41500 -0.16500 0.17000
v 0.41500 -0.17000 0.17000
v 0.42000 -0.17000 0.17000
v 0.42000 -0.16500 0.17000
v 0.41500 -0.16500 0.17000
v 0.41500 -0.17000 0.17500
v 0.42000 -0.17000 0.17500
v 0.42000 -0.16500 0.17500
v 0.41500 -0.16500 0.17500
v 0.41500 -0.17000 0.17500
v 0.42000 -0.17000 0.17500
v 0.42000 -0.16500 0.17500
v 0.41500 -0.16500 0.17500
v 0.41500 -0.17000 0.18000
v 0.42000 -0.17000 0.18000
v 0.42000 -0.16500 0.18000
v 0.41500 -0.16500 0.18000
v 0.41500 -0.17000 0.18000
v 0.42000 -0.17000 0.18000
v 0.42000 -0.16500 0.18000
v 0.41500 -0.16500 0.18000
v 0.41500 -0.17000 0.18500
v 0.42000 -0.17000 0.18500
v 0.42000 -0.16500 0.18500
v 0.41500 -0.16500 0.18500
v 0.41500 -0.17000 0.19500
v 0.42000 -0.17000 0.19500
v 0.42000 -0.16500 0.19500
v 0.41500 -0.16500 0.19500
v 0.41500 -0.17000 0.20000
v 0.42000 -0.17000 0.20000
v 0.42000 -0.16500 0.20000
v 0.41500 -0.16500 0.20000
v 0.41500 -0.16500 0.07000
v 0.42000 -0.16500 0.07000
v 0.42000 -0.16000 0.07000
v 0.41500 -0.16000 0.07000
v 0.41500 -0.16500 0.07500
v 0.42000 -0.16500 0.07500
v 0.42000 -0.16000 0.07500
v 0.41500 -0.16000 0.07500
v 0.41500 -0.16500 0.07500
v 0.42000 -0.16500 0.07500
v 0.42000 -0.16000 0.07500
v 0.41500 -0.16000 0.07500
v 0.41500 -0.16500 0.08000
v 0.42000 -0.16500 0.08000
v 0.42000 -0.16000 0.08000
v 0.41500 -0.16000 0.08000
v 0.41500 -0.16500 0.08000
v 0.42000 -0.16500 0.08000
v 0.42000 -0.16000 0.08000
v 0.41500 -0.16000 0.08000
v 0.41500 -0.16500 0.08500
v 0.42000 -0.16500 0.08500
v 0.42000 -0.16000 0.08500
v 0.41500 -0.16000 0.08500
v 0.41500 -0.16500 0.08500
v 0.42000 -0.16500 0.08500
v 0.42000 -0.16000 0.08500
v 0.41500 -0.16000 0.08500
v 0.41500 -0.16500 0.09000
v 0.42000 -0.16500 0.09000
v 0.42000 -0.16000 0.09000
v 0.41500 -0.16000 0.09000
v 0.41500 -0.16500 0.09000
v 0.42000 -0.16500 0.09000
v 0.42000 -0.16000 0.09000
v 0.41500 -0.16000 0.09000
v 0.41500 -0.16500 0.09500
v 0.42000 -0.16500 0.09500
v 0.42000 -0.16000 0.09500
v 0.41500 -0.16000 0.09500
v 0.41500 -0.16500 0.09500
v 0.42000 -0.16500 0.09500
v 0.42000 -0.16000 0.09500
v 0.41500 -0.16000 0.09500
v 0.41500 -0.16500 0.10000
v 0.42000 -0.16500 0.10000
v 0.42000 -0.16000 0.10000
v 0.41500 -0.16000 0.10000
v 0.41500 -0.16500 0.10000
v 0.42000 -0.16500 0.10000
v 0.42000 -0.16000 0.10000
v 0.41500 -0.16000 0.10000
v 0.41500 -0.16500 0.10500
v 0.42000 -0.16500 0.10500
v 0.42000 -0.16000 0.10500
v 0.41500 -0.16000 0.10500
v 0.41500 -0.16500 0.10500
v 0.42000 -0.16500 0.10500
v 0.42000 -0.16000 0.10500
v 0.41500 -0.16000 0.10500
v 0.41500 -0.16500 0.11000
v 0.42000 -0.16500 0.11000
v 0.42000 -0.16000 0.11000
v 0.41500 -0.16000 0.11000
v 0.41500 -0.16500 0.11000
v 0.42000 -0.16500 0.11000
v 0.42000 -0.16000 0.11000
v 0.41500 -0.16000 0.11000
v 0.41500 -0.16500 0.11500
v 0.42000 -0.16500 0.11500
v 0.42000 -0.16000 0.11500
v 0.41500 -0.16000 0.11500
v 0.41500 -0.16500 0.11500
v 0.42000 -0.16500 0.11500
v 0.42000 -0.16000 0.11500
v 0.41500 -0.16000 0.11500
v 0.41500 -0.16500 0.12000
v 0.42000 -0.16500 0.12000
v 0.42000 -0.16000 0.12000
v 0.41500 -0.16000 0.12000
v 0.41500 -0.16500 0.12000
v 0.42000 -0.16500 0.12000
v 0.42000 -0.16000 0.12000
v 0.41500 -0.16000 0.12000
v 0.41500 -0.16500 0.12500
v 0.42000 -0.16500 0.12500
v 0.42000 -0.16000 0.12500
v 0.41500 -0.16000 0.12500
v 0.41500 -0.16500 0.12500
v 0.42000 -0.16500 0.12500
v 0.42000 -0.16000 0.12500
v 0.41500 -0.16000 0.12500
v 0.41500 -0.16500 0.13000
v 0.42000 -0.16500 0.13000
v 0.42000 -0.16000 0.13000
v 0.41500 -0.16000 0.13000
v 0.41500 -0.16500 0.13000
v 0.42000 -0.16500 0.13000
v 0.42000 -0.16000 0.13000
v 0.41500 -0.16000 0.13000
v 0.41500 -0.16500 0.13500
v 0.42000 -0.16500 0.13500
v 0.42000 -0.16000 0.13500
v 0.41500 -0.16000 0.13500
v 0.41500 -0.16500 0.13500
v 0.42000 -0.16500 0.13500
v 0.42000 -0.16000 0.13500
v 0.41500 -0.16000 0.13500
v 0.41500 -0.16500 0.14000
v 0.42000 -0.16500 0.14000
v 0.42000 -0.16000 0.14000
v 0.41500 -0.16000 0.14000
v 0.41500 -0.16500 0.14000
v 0.42000 -0.16500 0.14000
v 0.42000 -0.16000 0.14000
v 0.41500 -0.16000 0.14000
v 0.41500 -0.16500 0.14500
v 0.42000 -0.16500 0.14500
v 0.42000 -0.16000 0.14500
v 0.41500 -0.16000 0.14500
v 0.41500 -0.16500 0.15000
v 0.42000 -0.16500 0.15000
v 0.42000 -0.16000 0.15000
v 0.41500 -0.16000 0.15000
v 0.41500 -0.16500 0.15500
v 0.42000 -0.16500 0.15500
v 0.42000 -0.16000 0.15500
v 0.41500 -0.16000 0.15500
v 0.41500 -0.16500 0.15500
v 0.42000 -0.16500 0.15500
v 0.42000 -0.16000 0.15500
v 0.41500 -0.16000 0.15500
v 0.41500 -0.16500 0.16000
v 0.42000 -0.16500 0.16000
v 0.42000 -0.16000 0.16000
v 0.41500 -0.16000 0.16000
v 0.41500 -0.16000 0.03000
v 0.42000 -0.16000 0.03000
v 0.42000 -0.15500 0.03000
v 0.41500 -0.15500 0.03000
v 0.41500 -0.16000 0.03500
v 0.42000 -0.16000 0.03500
v 0.42000 -0.15500 0.03500
v 0.41500 -0.15500 0.03500
v 0.42000 -0.18500 0.20000
v 0.42500 -0.18500 0.20000
v 0.42500 -0.18000 0.20000
v 0.42000 -0.18000 0.20000
v 0.42000 -0.18500 0.20500
v 0.42500 -0.18500 0.20500
v 0.42500 -0.18000 0.20500
v 0.42000 -0.18000 0.20500
v 0.42000 -0.18000 0.19500
v 0.42500 -0.18000 0.19500
v 0.42500 -0.17500 0.19500
v 0.42000 -0.17500 0.19500
v 0.42000 -0.18000 0.20000
v 0.42500 -0.18000 0.20000
v 0.42500 -0.17500 0.20000
v 0.42000 -0.17500 0.20000
v 0.42000 -0.18000 0.20000
v 0.42500 -0.18000 0.20000
v 0.42500 -0.17500 0.20000
v 0.42000 -0.17500 0.20000
v 0.42000 -0.18000 0.20500
v 0.42500 -0.18000 0.20500
v 0.42500 -0.17500 0.20500
v 0.42000 -0.17500 0.20500
v 0.42000 -0.17500 0.14500
v 0.42500 -0.17500 0.14500
v 0.42500 -0.17000 0.14500
v 0.42000 -0.17000 0.14500
v 0.42000 -0.17500 0.15000
v 0.42500 -0.17500 0.15000
v 0.42500 -0.17000 0.15000
v 0.42000 -0.17000 0.15000
v 0.42000 -0.17500 0.15000
v 0.42500 -0.17500 0.15000
v 0.42500 -0.17000 0.15000
v 0.42000 -0.17000 0.15000
v 0.42000 -0.17500 0.15500
v 0.42500 -0.17500 0.15500
v 0.42500 -0.17000 0.15500
v 0.42000 -0.17000 0.15500
v 0.42000 -0.17500 0.15500
v 0.42500 -0.17500 0.15500
v 0.42500 -0.17000 0.15500
v 0.42000 -0.17000 0.15500
v 0.42000 -0.17500 0.16000
v 0.42500 -0.17500 0.16000
v 0.42500 -0.17000 0.16000
v 0.42000 -0.17000 0.16000
v 0.42000 -0.17500 0.16000
v 0.42500 -0.17500 0.16000
v 0.42500 -0.17000 0.16000
v 0.42000 -0.17000 0.16000
v 0.42000 -0.17500 0.16500
v 0.42500 -0.17500 0.16500
v 0.42500 -0.17000 0.16500
v 0.42000 -0.17000 0.16500
v 0.42000 -0.17500 0.16500
v 0.42500 -0.17500 0.16500
v 0.42500 -0.17000 0.16500
v 0.42000 -0.17000 0.16500
v 0.42000 -0.17500 0.17000
v 0.42500 -0.17500 0.17000
v 0.42500 -0.17000 0.17000
v 0.42000 -0.17000 0.17000
v 0.42000 -0.17500 0.17000
v 0.42500 -0.17500 0.17000
v 0.42500 -0.17000 0.17000
v 0.42000 -0.17000 0.17000
v 0.42000 -0.17500 0.17500
v 0.42500 -0.17500 0.17500
v 0.42500 -0.17000 0.17500
v 0.42000 -0.17000 0.17500
v 0.42000 -0.17500 0.17500
v 0.42500 -0.17500 0.17500
v 0.42500 -0.17000 0.17500
v 0.42000 -0.17000 0.17500
v 0.42000 -0.17500 0.18000
v 0.42500 -0.17500 0.18000
v 0.42500 -0.17000 0.18000
v 0.42000 -0.17000 0.18000
v 0.42000 -0.17500 0.18000
v 0.42500 -0.17500 0.18000
v 0.42500 -0.17000 0.18000
v 0.42000 -0.17000 0.18000
v 0.42000 -0.17500 0.18500
v 0.42500 -0.17500 0.18500
v 0.42500 -0.17000 0.18500
v 0.42000 -0.17000 0.18500
v 0.42000 -0.17500 0.18500
v 0.42500 -0.17500 0.18500
v 0.42500 -0.17000 0.18500
v 0.42000 -0.17000 0.18500
v 0.42000 -0.17500 0.19000
v 0.42500 -0.17500 0.19000
v 0.42500 -0.17000 0.19000
v 0.42000 -0.17000 0.19000
v 0.42000 -0.17500 0.19000
v 0.42500 -0.17500 0.19000
v 0.42500 -0.17000 0.19000
v 0.42000 -0.17000 0.19000
v 0.42000 -0.17500 0.19500
v 0.42500 -0.17500 0.19500
v 0.42500 -0.17000 0.19500
v 0.42000 -0.17000 0.19500
v 0.42000 -0.17500 0.19500
v 0.42500 -0.17500 0.19500
v 0.42500 -0.17000 0.19500
v 0.42000 -0.17000 0.19500
v 0.42000 -0.17500 0.20000
v 0.42500 -0.17500 0.20000
v 0.42500 -0.17000 0.20000
v 0.42000 -0.17000 0.20000
v 0.42000 -0.17000 0.10000
v 0.42500 -0.17000 0.10000
v 0.42500 -0.16500 0.10000
v 0.42000 -0.16500 0.10000
v 0.42000 -0.17000 0.10500
v 0.42500 -0.17000 0.10500
v 0.42500 -0.16500 0.10500
v 0.42000 -0.16500 0.10500
v 0.42000 -0.17000 0.11500
v 0.42500 -0.17000 0.11500
v 0.42500 -0.16500 0.11500
v 0.42000 -0.16500 0.11500
v 0.42000 -0.17000 0.12000
v 0.42500 -0.17000 0.12000
v 0.42500 -0.16500 0.12000
v 0.42000 -0.16500 0.12000
v 0.42000 -0.17000 0.12500
v 0.42500 -0.17000 0.12500
v 0.42500 -0.16500 0.12500
v 0.42000 -0.16500 0.12500
v 0.42000 -0.17000 0.13000
v 0.42500 -0.17000 0.13000
v 0.42500 -0.16500 0.13000
v 0.42000 -0.16500 0.13000
v 0.42000 -0.17000 0.13000
v 0.42500 -0.17000 0.13000
v 0.42500 -0.16500 0.13000
v 0.42000 -0.16500 0.13000
v 0.42000 -0.17000 0.13500
v 0.42500 -0.17000 0.13500
v 0.42500 -0.16500 0.13500
v 0.42000 -0.16500 0.13500
v 0.42000 -0.17000 0.13500
v 0.42500 -0.17000 0.13500
v 0.42500 -0.16500 0.13500
v 0.42000 -0.16500 0.13500
v 0.42000 -0.17000 0.14000
v 0.42500 -0.17000 0.14000
v 0.42500 -0.16500 0.14000
v 0.42000 -0.16500 0.14000
v 0.42000 -0.17000 0.14000
v 0.42500 -0.17000 0.14000
v 0.42500 -0.16500 0.14000
v 0.42000 -0.16500 0.14000
v 0.42000 -0.17000 0.14500
v 0.42500 -0.17000 0.14500
v 0.42500 -0.16500 0.14500
v 0.42000 -0.16500 0.14500
v 0.42000 -0.17000 0.14500
v 0.42500 -0.17000 0.14500
v 0.42500 -0.16500 0.14500
v 0.42000 -0.16500 0.14500
v 0.42000 -0.17000 0.15000
v 0.42500 -0.17000 0.15000
v 0.42500 -0.16500 0.15000
v 0.42000 -0.16500 0.15000
f 1//1 3//1 2//1
f 1//1 4//1 3//1
f 1//3 6//3 5//3
f 1//3 2//3 6//3
f 2//4 7//4 6//4
f 2//4 3//4 7//4
f 4//6 5//6 8//6
f 4//6 1//6 5//6
f 9//3 14//3 13//3
f 9//3 10//3 14//3
f 10//4 15//4 14//4
f 10//4 11//4 15//4
f 12//6 13//6 16//6
f 12//6 9//6 13//6
f 21//2 22//2 23//2
f 21//2 23//2 24//2
f 17//3 22//3 21//3
f 17//3 18//3 22//3
f 18//4 23//4 22//4
f 18//4 19//4 23//4
f 20//6 21//6 24//6
f 20//6 17//6 21//6
f 25//1 27//1 26//1
f 25//1 28//1 27//1
f 26//4 31//4 30//4
f 26//4 27//4 31//4
f 28//6 29//6 32//6
f 28//6 25//6 29//6
f 34//4 39//4 38//4
f 34//4 35//4 39//4
f 36//6 37//6 40//6
f 36//6 33//6 37//6
f 42//4 47//4 46//4
f 42//4 43//4 47//4
f 44//6 45//6 48//6
f 44//6 41//6 45//6
f 49//3 54//3 53//3
f 49//3 50//3 54//3
f 50//4 55//4 54//4
f 50//4 51//4 55//4
f 52//6 53//6 56//6
f 52//6 49//6 53//6
f 61//2 62//2 63//2
f 61//2 63//2 64//2
f 57//3 62//3 61//3
f 57//3 58//3 62//3
f 58//4 63//4 62//4
f 58//4 59//4 63//4
f 60//6 61//6 64//6
f 60//6 57//6 61//6
f 65//1 67//1 66//1
f 65//1 68//1 67//1
f 66//4 71//4 70//4
f 66//4 67//4 71//4
f 68//6 69//6 72//6
f 68//6 65//6 69//6
f 74//4 79//4 78//4
f 74//4 75//4 79//4
f 76//6 77//6 80//6
f 76//6 73//6 77//6
f 82//4 87//4 86//4
f 82//4 83//4 87//4
f 84//6 85//6 88//6
f 84//6 81//6 85//6
f 90//4 95//4 94//4
f 90//4 91//4 95//4
f 92//6 93//6 96//6
f 92//6 89//6 93//6
f 98//4 103//4 102//4
f 98//4 99//4 103//4
f 100//6 101//6 104//6
f 100//6 97//6 101//6
f 105//3 110//3 109//3
f 105//3 106//3 110//3
f 106//4 111//4 110//4
f 106//4 107//4 111//4
f 108//6 109//6 112//6
f 108//6 105//6 109//6
f 117//2 118//2 119//2
f 117//2 119//2 120//2
f 113//3 118//3 117//3
f 113//3 114//3 118//3
f 114//4 119//4 118//4
f 114//4 115//4 119//4
f 116//6 117//6 120//6
f 116//6 113//6 117//6
f 121//1 123//1 122//1
f 121//1 124//1 123//1
f 122//4 127//4 126//4
f 122//4 123//4 127//4
f 123//5 128//5 127//5
f 123//5 124//5 128//5
f 124//6 125//6 128//6
f 124//6 121//6 125//6
f 130//4 135//4 134//4
f 130//4 131//4 135//4
f 131//5 136//5 135//5
f 131//5 132//5 136//5
f 132//6 133//6 136//6
f 132//6 129//6 133//6
f 138//4 143//4 142//4
f 138//4 139//4 143//4
f 139//5 144//5 143//5
f 139//5 140//5 144//5
f 140//6 141//6 144//6
f 140//6 137//6 141//6
f 146//4 151//4 150//4
f 146//4 147//4 151//4
f 147//5 152//5 151//5
f 147//5 148//5 152//5
f 148//6 149//6 152//6
f 148//6 145//6 149//6
f 154//4 159//4 158//4
f 154//4 155//4 159//4
f 156//6 157//6 160//6
f 156//6 153//6 157//6
f 162//4 167//4 166//4
f 162//4 163//4 167//4
f 163//5 168//5 167//5
f 163//5 164//5 168//5
f 164//6 165//6 168//6
f 164//6 161//6 165//6
f 170//4 175//4 174//4
f 170//4 171//4 175//4
f 171//5 176//5 175//5
f 171//5 172//5 176//5
f 172//6 173//6 176//6
f 172//6 169//6 173//6
f 177//3 182//3 181//3
f 177//3 178//3 182//3
f 178//4 183//4 182//4
f 178//4 179//4 183//4
f 179//5 184//5 183//5
f 179//5 180//5 184//5
f 180//6 181//6 184//6
f 180//6 177//6 181//6
f 189//2 190//2 191//2
f 189//2 191//2 192//2
f 185//3 190//3 189//3
f 185//3 186//3 190//3
f 186//4 191//4 190//4
f 186//4 187//4 191//4
f 187//5 192//5 191//5
f 187//5 188//5 192//5
f 188//6 189//6 192//6
f 188//6 185//6 189//6
f 193//1 195//1 194//1
f 193//1 196//1 195//1
f 197//2 198//2 199//2
f 197//2 199//2 200//2
f 194//4 199//4 198//4
f 194//4 195//4 199//4
f 195//5 200//5 199//5
f 195//5 196//5 200//5
f 196//6 197//6 200//6
f 196//6 193//6 197//6
f 201//1 203//1 202//1
f 201//1 204//1 203//1
f 201//3 206//3 205//3
f 201//3 202//3 206//3
f 202//4 207//4 206//4
f 202//4 203//4 207//4
f 204//6 205//6 208//6
f 204//6 201//6 205//6
f 209//3 214//3 213//3
f 209//3 210//3 214//3
f 210//4 215//4 214//4
f 210//4 211//4 215//4
f 212//6 213//6 216//6
f 212//6 209//6 213//6
f 221//2 222//2 223//2
f 221//2 223//2 224//2
f 217//3 222//3 221//3
f 217//3 218//3 222//3
f 220//6 221//6 224//6
f 220//6 217//6 221//6
f 225//1 227//1 226//1
f 225//1 228//1 227//1
f 225//3 230//3 229//3
f 225//3 226//3 230//3
f 226//4 231//4 230//4
f 226//4 227//4 231//4
f 228//6 229//6 232//6
f 228//6 225//6 229//6
f 234//4 239//4 238//4
f 234//4 235//4 239//4
f 236//6 237//6 240//6
f 236//6 233//6 237//6
f 242//4 247//4 246//4
f 242//4 243//4 247//4
f 244//6 245//6 248//6
f 244//6 241//6 245//6
f 250//4 255//4 254//4
f 250//4 251//4 255//4
f 252//6 253//6 256//6
f 252//6 249//6 253//6
f 261//2 262//2 263//2
f 261//2 263//2 264//2
f 257//3 262//3 261//3
f 257//3 258//3 262//3
f 258//4 263//4 262//4
f 258//4 259//4 263//4
f 260//6 261//6 264//6
f 260//6 257//6 261//6
f 265//1 267//1 266//1
f 265//1 268//1 267//1
f 266//4 271//4 270//4
f 266//4 267//4 271//4
f 268//6 269//6 272//6
f 268//6 265//6 269//6
f 274//4 279//4 278//4
f 274//4 275//4 279//4
f 276//6 277//6 280//6
f 276//6 273//6 277//6
f 282//4 287//4 286//4
f 282//4 283//4 287//4
f 284//6 285//6 288//6
f 284//6 281//6 285//6
f 290//4 295//4 294//4
f 290//4 291//4 295//4
f 292//6 293//6 296//6
f 292//6 289//6 293//6
f 298//4 303//4 302//4
f 298//4 299//4 303//4
f 300//6 301//6 304//6
f 300//6 297//6 301//6
f 305//3 310//3 309//3
f 305//3 306//3 310//3
f 306//4 311//4 310//4
f 306//4 307//4 311//4
f 308//6 309//6 312//6
f 308//6 305//6 309//6
f 313//3 318//3 317//3
f 313//3 314//3 318//3
f 314//4 319//4 318//4
f 314//4 315//4 319//4
f 316//6 317//6 320//6
f 316//6 313//6 317//6
f 321//3 326//3 325//3
f 321//3 322//3 326//3
f 322//4 327//4 326//4
f 322//4 323//4 327//4
f 324//6 325//6 328//6
f 324//6 321//6 325//6
f 329//3 334//3 333//3
f 329//3 330//3 334//3
f 330//4 335//4 334//4
f 330//4 331//4 335//4
f 332//6 333//6 336//6
f 332//6 329//6 333//6
f 341//2 342//2 343//2
f 341//2 343//2 344//2
f 337//3 342//3 341//3
f 337//3 338//3 342//3
f 338//4 343//4 342//4
f 338//4 339//4 343//4
f 340//6 341//6 344//6
f 340//6 337//6 341//6
f 345//1 347//1 346//1
f 345//1 348//1 347//1
f 346//4 351//4 350//4
f 346//4 347//4 351//4
f 348//6 349//6 352//6
f 348//6 345//6 349//6
f 354//4 359//4 358//4
f 354//4 355//4 359//4
f 355//5 360//5 359//5
f 355//5 356//5 360//5
f 356//6 357//6 360//6
f 356//6 353//6 357//6
f 362//4 367//4 366//4
f 362//4 363//4 367//4
f 363//5 368//5 367//5
f 363//5 364//5 368//5
f 364//6 365//6 368//6
f 364//6 361//6 365//6
f 370//4 375//4 374//4
f 370//4 371//4 375//4
f 371//5 376//5 375//5
f 371//5 372//5 376//5
f 372//6 373//6 376//6
f 372//6 369//6 373//6
f 378//4 383//4 382//4
f 378//4 379//4 383//4
f 380//6 381//6 384//6
f 380//6 377//6 381//6
f 386//4 391//4 390//4
f 386//4 387//4 391//4
f 388//6 389//6 392//6
f 388//6 385//6 389//6
f 394//4 399//4 398//4
f 394//4 395//4 399//4
f 396//6 397//6 400//6
f 396//6 393//6 397//6
f 402//4 407//4 406//4
f 402//4 403//4 407//4
f 404//6 405//6 408//6
f 404//6 401//6 405//6
f 410//4 415//4 414//4
f 410//4 411//4 415//4
f 412//6 413//6 416//6
f 412//6 409//6 413//6
f 418//4 423//4 422//4
f 418//4 419//4 423//4
f 420//6 421//6 424//6
f 420//6 417//6 421//6
f 429//2 430//2 431//2
f 429//2 431//2 432//2
f 425//3 430//3 429//3
f 425//3 426//3 430//3
f 426//4 431//4 430//4
f 426//4 427//4 431//4
f 428//6 429//6 432//6
f 428//6 425//6 429//6
f 433//1 435//1 434//1
f 433//1 436//1 435//1
f 437//2 438//2 439//2
f 437//2 439//2 440//2
f 433//3 438//3 437//3
f 433//3 434//3 438//3
f 434//4 439//4 438//4
f 434//4 435//4 439//4
f 436//6 437//6 440//6
f 436//6 433//6 437//6
f 441//1 443//1 442//1
f 441//1 444//1 443//1
f 445//2 446//2 447//2
f 445//2 447//2 448//2
f 442//4 447//4 446//4
f 442//4 443//4 447//4
f 443//5 448//5 447//5
f 443//5 444//5 448//5
f 444//6 445//6 448//6
f 444//6 441//6 445//6
f 449//1 451//1 450//1
f 449//1 452//1 451//1
f 450//4 455//4 454//4
f 450//4 451//4 455//4
f 451//5 456//5 455//5
f 451//5 452//5 456//5
f 452//6 453//6 456//6
f 452//6 449//6 453//6
f 458//4 463//4 462//4
f 458//4 459//4 463//4
f 459//5 464//5 463//5
f 459//5 460//5 464//5
f 460//6 461//6 464//6
f 460//6 457//6 461//6
f 466//4 471//4 470//4
f 466//4 467//4 471//4
f 468//6 469//6 472//6
f 468//6 465//6 469//6
f 474//4 479//4 478//4
f 474//4 475//4 479//4
f 476//6 477//6 480//6
f 476//6 473//6 477//6
f 482//4 487//4 486//4
f 482//4 483//4 487//4
f 484//6 485//6 488//6
f 484//6 481//6 485//6
f 490//4 495//4 494//4
f 490//4 491//4 495//4
f 492//6 493//6 496//6
f 492//6 489//6 493//6
f 498//4 503//4 502//4
f 498//4 499//4 503//4
f 500//6 501//6 504//6
f 500//6 497//6 501//6
f 505//3 510//3 509//3
f 505//3 506//3 510//3
f 506//4 511//4 510//4
f 506//4 507//4 511//4
f 508//6 509//6 512//6
f 508//6 505//6 509//6
f 514//4 519//4 518//4
f 514//4 515//4 519//4
f 516//6 517//6 520//6
f 516//6 513//6 517//6
f 521//3 526//3 525//3
f 521//3 522//3 526//3
f 522//4 527//4 526//4
f 522//4 523//4 527//4
f 524//6 525//6 528//6
f 524//6 521//6 525//6
f 533//2 534//2 535//2
f 533//2 535//2 536//2
f 529//3 534//3 533//3
f 529//3 530//3 534//3
f 530//4 535//4 534//4
f 530//4 531//4 535//4
f 532//6 533//6 536//6
f 532//6 529//6 533//6
f 537//1 539//1 538//1
f 537//1 540//1 539//1
f 538//4 543//4 542//4
f 538//4 539//4 543//4
f 539//5 544//5 543//5
f 539//5 540//5 544//5
f 540//6 541//6 544//6
f 540//6 537//6 541//6
f 546//4 551//4 550//4
f 546//4 547//4 551//4
f 547//5 552//5 551//5
f 547//5 548//5 552//5
f 548//6 549//6 552//6
f 548//6 545//6 549//6
f 554//4 559//4 558//4
f 554//4 555//4 559//4
f 556//6 557//6 560//6
f 556//6 553//6 557//6
f 562//4 567//4 566//4
f 562//4 563//4 567//4
f 564//6 565//6 568//6
f 564//6 561//6 565//6
f 570//4 575//4 574//4
f 570//4 571//4 575//4
f 572//6 573//6 576//6
f 572//6 569//6 573//6
f 578//4 583//4 582//4
f 578//4 579//4 583//4
f 580//6 581//6 584//6
f 580//6 577//6 581//6
f 586//4 591//4 590//4
f 586//4 587//4 591//4
f 588//6 589//6 592//6
f 588//6 585//6 589//6
f 594//4 599//4 598//4
f 594//4 595//4 599//4
f 596//6 597//6 600//6
f 596//6 593//6 597//6
f 602//4 607//4 606//4
f 602//4 603//4 607//4
f 604//6 605//6 608//6
f 604//6 601//6 605//6
f 609//3 614//3 613//3
f 609//3 610//3 614//3
f 610//4 615//4 614//4
f 610//4 611//4 615//4
f 612//6 613//6 616//6
f 612//6 609//6 613//6
f 621//2 622//2 623//2
f 621//2 623//2 624//2
f 617//3 622//3 621//3
f 617//3 618//3 622//3
f 618//4 623//4 622//4
f 618//4 619//4 623//4
f 620//6 621//6 624//6
f 620//6 617//6 621//6
f 625//1 627//1 626//1
f 625//1 628//1 627//1
f 626//4 631//4 630//4
f 626//4 627//4 631//4
f 627//5 632//5 631//5
f 627//5 628//5 632//5
f 628//6 629//6 632//6
f 628//6 625//6 629//6
f 634//4 639//4 638//4
f 634//4 635//4 639//4
f 635//5 640//5 639//5
f 635//5 636//5 640//5
f 636//6 637//6 640//6
f 636//6 633//6 637//6
f 642//4 647//4 646//4
f 642//4 643//4 647//4
f 644//6 645//6 648//6
f 644//6 641//6 645//6
f 650//4 655//4 654//4
f 650//4 651//4 655//4
f 652//6 653//6 656//6
f 652//6 649//6 653//6
f 658//4 663//4 662//4
f 658//4 659//4 663//4
f 660//6 661//6 664//6
f 660//6 657//6 661//6
f 666//4 671//4 670//4
f 666//4 667//4 671//4
f 668//6 669//6 672//6
f 668//6 665//6 669//6
f 674//4 679//4 678//4
f 674//4 675//4 679//4
f 676//6 677//6 680//6
f 676//6 673//6 677//6
f 682//4 687//4 686//4
f 682//4 683//4 687//4
f 684//6 685//6 688//6
f 684//6 681//6 685//6
f 690//4 695//4 694//4
f 690//4 691//4 695//4
f 692//6 693//6 696//6
f 692//6 689//6 693//6
f 697//3 702//3 701//3
f 697//3 698//3 702//3
f 698//4 703//4 702//4
f 698//4 699//4 703//4
f 700//6 701//6 704//6
f 700//6 697//6 701//6
f 709//2 710//2 711//2
f 709//2 711//2 712//2
f 705//3 710//3 709//3
f 705//3 706//3 710//3
f 706//4 711//4 710//4
f 706//4 707//4 711//4
f 708//6 709//6 712//6
f 708//6 705//6 709//6
f 713//1 715//1 714//1
f 713//1 716//1 715//1
f 717//2 718//2 719//2
f 717//2 719//2 720//2
f 713//3 718//3 717//3
f 713//3 714//3 718//3
f 714//4 719//4 718//4
f 714//4 715//4 719//4
f 716//6 717//6 720//6
f 716//6 713//6 717//6
f 721//1 723//1 722//1
f 721//1 724//1 723//1
f 722//4 727//4 726//4
f 722//4 723//4 727//4
f 724//6 725//6 728//6
f 724//6 721//6 725//6
f 730//4 735//4 734//4
f 730//4 731//4 735//4
f 732//6 733//6 736//6
f 732//6 729//6 733//6
f 738//4 743//4 742//4
f 738//4 739//4 743//4
f 740//6 741//6 744//6
f 740//6 737//6 741//6
f 746//4 751//4 750//4
f 746//4 747//4 751//4
f 748//6 749//6 752//6
f 748//6 745//6 749//6
f 754//4 759//4 758//4
f 754//4 755//4 759//4
f 756//6 757//6 760//6
f 756//6 753//6 757//6
f 762//4 767//4 766//4
f 762//4 763//4 767//4
f 763//5 768//5 767//5
f 763//5 764//5 768//5
f 764//6 765//6 768//6
f 764//6 761//6 765//6
f 770//4 775//4 774//4
f 770//4 771//4 775//4
f 771//5 776//5 775//5
f 771//5 772//5 776//5
f 772//6 773//6 776//6
f 772//6 769//6 773//6
f 778//4 783//4 782//4
f 778//4 779//4 783//4
f 779//5 784//5 783//5
f 779//5 780//5 784//5
f 780//6 781//6 784//6
f 780//6 777//6 781//6
f 786//4 791//4 790//4
f 786//4 787//4 791//4
f 787//5 792//5 791//5
f 787//5 788//5 792//5
f 788//6 789//6 792//6
f 788//6 785//6 789//6
f 793//3 798//3 797//3
f 793//3 794//3 798//3
f 794//4 799//4 798//4
f 794//4 795//4 799//4
f 795//5 800//5 799//5
f 795//5 796//5 800//5
f 796//6 797//6 800//6
f 796//6 793//6 797//6
f 805//2 806//2 807//2
f 805//2 807//2 808//2
f 801//3 806//3 805//3
f 801//3 802//3 806//3
f 802//4 807//4 806//4
f 802//4 803//4 807//4
f 803//5 808//5 807//5
f 803//5 804//5 808//5
f 804//6 805//6 808//6
f 804//6 801//6 805//6
f 809//1 811//1 810//1
f 809//1 812//1 811//1
f 810//4 815//4 814//4
f 810//4 811//4 815//4
f 812//6 813//6 816//6
f 812//6 809//6 813//6
f 817//3 822//3 821//3
f 817//3 818//3 822//3
f 818//4 823//4 822//4
f 818//4 819//4 823//4
f 820//6 821//6 824//6
f 820//6 817//6 821//6
f 825//3 830//3 829//3
f 825//3 826//3 830//3
f 826//4 831//4 830//4
f 826//4 827//4 831//4
f 828//6 829//6 832//6
f 828//6 825//6 829//6
f 833//3 838//3 837//3
f 833//3 834//3 838//3
f 834//4 839//4 838//4
f 834//4 835//4 839//4
f 836//6 837//6 840//6
f 836//6 833//6 837//6
f 845//2 846//2 847//2
f 845//2 847//2 848//2
f 841//3 846//3 845//3
f 841//3 842//3 846//3
f 842//4 847//4 846//4
f 842//4 843//4 847//4
f 844//6 845//6 848//6
f 844//6 841//6 845//6
f 849//1 851//1 850//1
f 849//1 852//1 851//1
f 849//3 854//3 853//3
f 849//3 850//3 854//3
f 850//4 855//4 854//4
f 850//4 851//4 855//4
f 852//6 853//6 856//6
f 852//6 849//6 853//6
f 857//3 862//3 861//3
f 857//3 858//3 862//3
f 858//4 863//4 862//4
f 858//4 859//4 863//4
f 860//6 861//6 864//6
f 860//6 857//6 861//6
f 865//3 870//3 869//3
f 865//3 866//3 870//3
f 866//4 871//4 870//4
f 866//4 867//4 871//4
f 868//6 869//6 872//6
f 868//6 865//6 869//6
f 873//3 878//3 877//3
f 873//3 874//3 878//3
f 874//4 879//4 878//4
f 874//4 875//4 879//4
f 875//5 880//5 879//5
f 875//5 876//5 880//5
f 876//6 877//6 880//6
f 876//6 873//6 877//6
f 882//4 887//4 886//4
f 882//4 883//4 887//4
f 883//5 888//5 887//5
f 883//5 884//5 888//5
f 884//6 885//6 888//6
f 884//6 881//6 885//6
f 890//4 895//4 894//4
f 890//4 891//4 895//4
f 891//5 896//5 895//5
f 891//5 892//5 896//5
f 892//6 893//6 896//6
f 892//6 889//6 893//6
f 898//4 903//4 902//4
f 898//4 899//4 903//4
f 899//5 904//5 903//5
f 899//5 900//5 904//5
f 900//6 901//6 904//6
f 900//6 897//6 901//6
f 906//4 911//4 910//4
f 906//4 907//4 911//4
f 907//5 912//5 911//5
f 907//5 908//5 912//5
f 908//6 909//6 912//6
f 908//6 905//6 909//6
f 917//2 918//2 919//2
f 917//2 919//2 920//2
f 914//4 919//4 918//4
f 914//4 915//4 919//4
f 915//5 920//5 919//5
f 915//5 916//5 920//5
f 916//6 917//6 920//6
f 916//6 913//6 917//6
f 921//1 923//1 922//1
f 921//1 924//1 923//1
f 922//4 927//4 926//4
f 922//4 923//4 927//4
f 923//5 928//5 927//5
f 923//5 924//5 928//5
f 924//6 925//6 928//6
f 924//6 921//6 925//6
f 930//4 935//4 934//4
f 930//4 931//4 935//4
f 932//6 933//6 936//6
f 932//6 929//6 933//6
f 938//4 943//4 942//4
f 938//4 939//4 943//4
f 940//6 941//6 944//6
f 940//6 937//6 941//6
f 946//4 951//4 950//4
f 946//4 947//4 951//4
f 948//6 949//6 952//6
f 948//6 945//6 949//6
f 954//4 959//4 958//4
f 954//4 955//4 959//4
f 956//6 957//6 960//6
f 956//6 953//6 957//6
f 961//3 966//3 965//3
f 961//3 962//3 966//3
f 962//4 967//4 966//4
f 962//4 963//4 967//4
f 963//5 968//5 967//5
f 963//5 964//5 968//5
f 964//6 965//6 968//6
f 964//6 961//6 965//6
f 970//4 975//4 974//4
f 970//4 971//4 975//4
f 971//5 976//5 975//5
f 971//5 972//5 976//5
f 972//6 973//6 976//6
f 972//6 969//6 973//6
f 978//4 983//4 982//4
f 978//4 979//4 983//4
f 979//5 984//5 983//5
f 979//5 980//5 984//5
f 980//6 981//6 984//6
f 980//6 977//6 981//6
f 989//2 990//2 991//2
f 989//2 991//2 992//2
f 987//5 992//5 991//5
f 987//5 988//5 992//5
f 988//6 989//6 992//6
f 988//6 985//6 989//6
f 993//1 995//1 994//1
f 993//1 996//1 995//1
f 995//5 1000//5 999//5
f 995//5 996//5 1000//5
f 996//6 997//6 1000//6
f 996//6 993//6 997//6
f 1002//4 1007//4 1006//4
f 1002//4 1003//4 1007//4
f 1003//5 1008//5 1007//5
f 1003//5 1004//5 1008//5
f 1004//6 1005//6 1008//6
f 1004//6 1001//6 1005//6
f 1011//5 1016//5 1015//5
f 1011//5 1012//5 1016//5
f 1012//6 1013//6 1016//6
f 1012//6 1009//6 1013//6
f 1021//2 1022//2 1023//2
f 1021//2 1023//2 1024//2
f 1019//5 1024//5 1023//5
f 1019//5 1020//5 1024//5
f 1020//6 1021//6 1024//6
f 1020//6 1017//6 1021//6
f 1025//1 1027//1 1026//1
f 1025//1 1028//1 1027//1
f 1025//3 1030//3 1029//3
f 1025//3 1026//3 1030//3
f 1027//5 1032//5 1031//5
f 1027//5 1028//5 1032//5
f 1028//6 1029//6 1032//6
f 1028//6 1025//6 1029//6
f 1037//2 1038//2 1039//2
f 1037//2 1039//2 1040//2
f 1033//3 1038//3 1037//3
f 1033//3 1034//3 1038//3
f 1035//5 1040//5 1039//5
f 1035//5 1036//5 1040//5
f 1036//6 1037//6 1040//6
f 1036//6 1033//6 1037//6
f 1041//1 1043//1 1042//1
f 1041//1 1044//1 1043//1
f 1045//2 1046//2 1047//2
f 1045//2 1047//2 1048//2
f 1041//3 1046//3 1045//3
f 1041//3 1042//3 1046//3
f 1042//4 1047//4 1046//4
f 1042//4 1043//4 1047//4
f 1043//5 1048//5 1047//5
f 1043//5 1044//5 1048//5
f 1044//6 1045//6 1048//6
f 1044//6 1041//6 1045//6
f 1049//1 1051//1 1050//1
f 1049//1 1052//1 1051//1
f 1049//3 1054//3 1053//3
f 1049//3 1050//3 1054//3
f 1050//4 1055//4 1054//4
f 1050//4 1051//4 1055//4
f 1051//5 1056//5 1055//5
f 1051//5 1052//5 1056//5
f 1057//3 1062//3 1061//3
f 1057//3 1058//3 1062//3
f 1059//5 1064//5 1063//5
f 1059//5 1060//5 1064//5
f 1060//6 1061//6 1064//6
f 1060//6 1057//6 1061//6
f 1065//3 1070//3 1069//3
f 1065//3 1066//3 1070//3
f 1068//6 1069//6 1072//6
f 1068//6 1065//6 1069//6
f 1077//2 1078//2 1079//2
f 1077//2 1079//2 1080//2
f 1073//3 1078//3 1077//3
f 1073//3 1074//3 1078//3
f 1076//6 1077//6 1080//6
f 1076//6 1073//6 1077//6
f 1081//1 1083//1 1082//1
f 1081//1 1084//1 1083//1
f 1082//4 1087//4 1086//4
f 1082//4 1083//4 1087//4
f 1083//5 1088//5 1087//5
f 1083//5 1084//5 1088//5
f 1084//6 1085//6 1088//6
f 1084//6 1081//6 1085//6
f 1090//4 1095//4 1094//4
f 1090//4 1091//4 1095//4
f 1091//5 1096//5 1095//5
f 1091//5 1092//5 1096//5
f 1092//6 1093//6 1096//6
f 1092//6 1089//6 1093//6
f 1097//3 1102//3 1101//3
f 1097//3 1098//3 1102//3
f 1098//4 1103//4 1102//4
f 1098//4 1099//4 1103//4
f 1099//5 1104//5 1103//5
f 1099//5 1100//5 1104//5
f 1100//6 1101//6 1104//6
f 1100//6 1097//6 1101//6
f 1105//3 1110//3 1109//3
f 1105//3 1106//3 1110//3
f 1106//4 1111//4 1110//4
f 1106//4 1107//4 1111//4
f 1107//5 1112//5 1111//5
f 1107//5 1108//5 1112//5
f 1108//6 1109//6 1112//6
f 1108//6 1105//6 1109//6
f 1113//3 1118//3 1117//3
f 1113//3 1114//3 1118//3
f 1114//4 1119//4 1118//4
f 1114//4 1115//4 1119//4
f 1115//5 1120//5 1119//5
f 1115//5 1116//5 1120//5
f 1116//6 1117//6 1120//6
f 1116//6 1113//6 1117//6
f 1121//3 1126//3 1125//3
f 1121//3 1122//3 1126//3
f 1122//4 1127//4 1126//4
f 1122//4 1123//4 1127//4
f 1124//6 1125//6 1128//6
f 1124//6 1121//6 1125//6
f 1129//3 1134//3 1133//3
f 1129//3 1130//3 1134//3
f 1130//4 1135//4 1134//4
f 1130//4 1131//4 1135//4
f 1132//6 1133//6 1136//6
f 1132//6 1129//6 1133//6
f 1137//3 1142//3 1141//3
f 1137//3 1138//3 1142//3
f 1138//4 1143//4 1142//4
f 1138//4 1139//4 1143//4
f 1140//6 1141//6 1144//6
f 1140//6 1137//6 1141//6
f 1145//3 1150//3 1149//3
f 1145//3 1146//3 1150//3
f 1146//4 1151//4 1150//4
f 1146//4 1147//4 1151//4
f 1148//6 1149//6 1152//6
f 1148//6 1145//6 1149//6
f 1157//2 1158//2 1159//2
f 1157//2 1159//2 1160//2
f 1153//3 1158//3 1157//3
f 1153//3 1154//3 1158//3
f 1156//6 1157//6 1160//6
f 1156//6 1153//6 1157//6
f 1161//1 1163//1 1162//1
f 1161//1 1164//1 1163//1
f 1162//4 1167//4 1166//4
f 1162//4 1163//4 1167//4
f 1163//5 1168//5 1167//5
f 1163//5 1164//5 1168//5
f 1164//6 1165//6 1168//6
f 1164//6 1161//6 1165//6
f 1170//4 1175//4 1174//4
f 1170//4 1171//4 1175//4
f 1172//6 1173//6 1176//6
f 1172//6 1169//6 1173//6
f 1178//4 1183//4 1182//4
f 1178//4 1179//4 1183//4
f 1179//5 1184//5 1183//5
f 1179//5 1180//5 1184//5
f 1180//6 1181//6 1184//6
f 1180//6 1177//6 1181//6
f 1186//4 1191//4 1190//4
f 1186//4 1187//4 1191//4
f 1188//6 1189//6 1192//6
f 1188//6 1185//6 1189//6
f 1194//4 1199//4 1198//4
f 1194//4 1195//4 1199//4
f 1196//6 1197//6 1200//6
f 1196//6 1193//6 1197//6
f 1201//3 1206//3 1205//3
f 1201//3 1202//3 1206//3
f 1202//4 1207//4 1206//4
f 1202//4 1203//4 1207//4
f 1204//6 1205//6 1208//6
f 1204//6 1201//6 1205//6
f 1209//3 1214//3 1213//3
f 1209//3 1210//3 1214//3
f 1210//4 1215//4 1214//4
f 1210//4 1211//4 1215//4
f 1212//6 1213//6 1216//6
f 1212//6 1209//6 1213//6
f 1217//3 1222//3 1221//3
f 1217//3 1218//3 1222//3
f 1218//4 1223//4 1222//4
f 1218//4 1219//4 1223//4
f 1220//6 1221//6 1224//6
f 1220//6 1217//6 1221//6
f 1225//3 1230//3 1229//3
f 1225//3 1226//3 1230//3
f 1226//4 1231//4 1230//4
f 1226//4 1227//4 1231//4
f 1228//6 1229//6 1232//6
f 1228//6 1225//6 1229//6
f 1233//3 1238//3 1237//3
f 1233//3 1234//3 1238//3
f 1234//4 1239//4 1238//4
f 1234//4 1235//4 1239//4
f 1236//6 1237//6 1240//6
f 1236//6 1233//6 1237//6
f 1245//2 1246//2 1247//2
f 1245//2 1247//2 1248//2
f 1241//3 1246//3 1245//3
f 1241//3 1242//3 1246//3
f 1242//4 1247//4 1246//4
f 1242//4 1243//4 1247//4
f 1244//6 1245//6 1248//6
f 1244//6 1241//6 1245//6
f 1249//1 1251//1 1250//1
f 1249//1 1252//1 1251//1
f 1253//2 1254//2 1255//2
f 1253//2 1255//2 1256//2
f 1250//4 1255//4 1254//4
f 1250//4 1251//4 1255//4
f 1251//5 1256//5 1255//5
f 1251//5 1252//5 1256//5
f 1252//6 1253//6 1256//6
f 1252//6 1249//6 1253//6
f 1257//1 1259//1 1258//1
f 1257//1 1260//1 1259//1
f 1258//4 1263//4 1262//4
f 1258//4 1259//4 1263//4
f 1259//5 1264//5 1263//5
f 1259//5 1260//5 1264//5
f 1260//6 1261//6 1264//6
f 1260//6 1257//6 1261//6
f 1266//4 1271//4 1270//4
f 1266//4 1267//4 1271//4
f 1267//5 1272//5 1271//5
f 1267//5 1268//5 1272//5
f 1268//6 1269//6 1272//6
f 1268//6 1265//6 1269//6
f 1274//4 1279//4 1278//4
f 1274//4 1275//4 1279//4
f 1276//6 1277//6 1280//6
f 1276//6 1273//6 1277//6
f 1282//4 1287//4 1286//4
f 1282//4 1283//4 1287//4
f 1284//6 1285//6 1288//6
f 1284//6 1281//6 1285//6
f 1290//4 1295//4 1294//4
f 1290//4 1291//4 1295//4
f 1292//6 1293//6 1296//6
f 1292//6 1289//6 1293//6
f 1298//4 1303//4 1302//4
f 1298//4 1299//4 1303//4
f 1300//6 1301//6 1304//6
f 1300//6 1297//6 1301//6
f 1306//4 1311//4 1310//4
f 1306//4 1307//4 1311//4
f 1308//6 1309//6 1312//6
f 1308//6 1305//6 1309//6
f 1314//4 1319//4 1318//4
f 1314//4 1315//4 1319//4
f 1316//6 1317//6 1320//6
f 1316//6 1313//6 1317//6
f 1325//2 1326//2 1327//2
f 1325//2 1327//2 1328//2
f 1321//3 1326//3 1325//3
f 1321//3 1322//3 1326//3
f 1322//4 1327//4 1326//4
f 1322//4 1323//4 1327//4
f 1324//6 1325//6 1328//6
f 1324//6 1321//6 1325//6
f 1329//1 1331//1 1330//1
f 1329//1 1332//1 1331//1
f 1330//4 1335//4 1334//4
f 1330//4 1331//4 1335//4
f 1331//5 1336//5 1335//5
f 1331//5 1332//5 1336//5
f 1332//6 1333//6 1336//6
f 1332//6 1329//6 1333//6
f 1338//4 1343//4 1342//4
f 1338//4 1339//4 1343//4
f 1339//5 1344//5 1343//5
f 1339//5 1340//5 1344//5
f 1340//6 1341//6 1344//6
f 1340//6 1337//6 1341//6
f 1346//4 1351//4 1350//4
f 1346//4 1347//4 1351//4
f 1348//6 1349//6 1352//6
f 1348//6 1345//6 1349//6
f 1354//4 1359//4 1358//4
f 1354//4 1355//4 1359//4
f 1356//6 1357//6 1360//6
f 1356//6 1353//6 1357//6
f 1362//4 1367//4 1366//4
f 1362//4 1363//4 1367//4
f 1364//6 1365//6 1368//6
f 1364//6 1361//6 1365//6
f 1370//4 1375//4 1374//4
f 1370//4 1371//4 1375//4
f 1372//6 1373//6 1376//6
f 1372//6 1369//6 1373//6
f 1378//4 1383//4 1382//4
f 1378//4 1379//4 1383//4
f 1380//6 1381//6 1384//6
f 1380//6 1377//6 1381//6
f 1385//3 1390//3 1389//3
f 1385//3 1386//3 1390//3
f 1386//4 1391//4 1390//4
f 1386//4 1387//4 1391//4
f 1388//6 1389//6 1392//6
f 1388//6 1385//6 1389//6
f 1397//2 1398//2 1399//2
f 1397//2 1399//2 1400//2
f 1393//3 1398//3 1397//3
f 1393//3 1394//3 1398//3
f 1394//4 1399//4 1398//4
f 1394//4 1395//4 1399//4
f 1396//6 1397//6 1400//6
f 1396//6 1393//6 1397//6
f 1401//1 1403//1 1402//1
f 1401//1 1404//1 1403//1
f 1402//4 1407//4 1406//4
f 1402//4 1403//4 1407//4
f 1403//5 1408//5 1407//5
f 1403//5 1404//5 1408//5
f 1404//6 1405//6 1408//6
f 1404//6 1401//6 1405//6
f 1410//4 1415//4 1414//4
f 1410//4 1411//4 1415//4
f 1411//5 1416//5 1415//5
f 1411//5 1412//5 1416//5
f 1412//6 1413//6 1416//6
f 1412//6 1409//6 1413//6
f 1418//4 1423//4 1422//4
f 1418//4 1419//4 1423//4
f 1420//6 1421//6 1424//6
f 1420//6 1417//6 1421//6
f 1426//4 1431//4 1430//4
f 1426//4 1427//4 1431//4
f 1428//6 1429//6 1432//6
f 1428//6 1425//6 1429//6
f 1434//4 1439//4 1438//4
f 1434//4 1435//4 1439//4
f 1436//6 1437//6 1440//6
f 1436//6 1433//6 1437//6
f 1442//4 1447//4 1446//4
f 1442//4 1443//4 1447//4
f 1444//6 1445//6 1448//6
f 1444//6 1441//6 1445//6
f 1450//4 1455//4 1454//4
f 1450//4 1451//4 1455//4
f 1452//6 1453//6 1456//6
f 1452//6 1449//6 1453//6
f 1457//3 1462//3 1461//3
f 1457//3 1458//3 1462//3
f 1458//4 1463//4 1462//4
f 1458//4 1459//4 1463//4
f 1460//6 1461//6 1464//6
f 1460//6 1457//6 1461//6
f 1465//3 1470//3 1469//3
f 1465//3 1466//3 1470//3
f 1466//4 1471//4 1470//4
f 1466//4 1467//4 1471//4
f 1468//6 1469//6 1472//6
f 1468//6 1465//6 1469//6
f 1477//2 1478//2 1479//2
f 1477//2 1479//2 1480//2
f 1473//3 1478//3 1477//3
f 1473//3 1474//3 1478//3
f 1474//4 1479//4 1478//4
f 1474//4 1475//4 1479//4
f 1476//6 1477//6 1480//6
f 1476//6 1473//6 1477//6
f 1481//1 1483//1 1482//1
f 1481//1 1484//1 1483//1
f 1482//4 1487//4 1486//4
f 1482//4 1483//4 1487//4
f 1483//5 1488//5 1487//5
f 1483//5 1484//5 1488//5
f 1484//6 1485//6 1488//6
f 1484//6 1481//6 1485//6
f 1490//4 1495//4 1494//4
f 1490//4 1491//4 1495//4
f 1491//5 1496//5 1495//5
f 1491//5 1492//5 1496//5
f 1492//6 1493//6 1496//6
f 1492//6 1489//6 1493//6
f 1498//4 1503//4 1502//4
f 1498//4 1499//4 1503//4
f 1500//6 1501//6 1504//6
f 1500//6 1497//6 1501//6
f 1506//4 1511//4 1510//4
f 1506//4 1507//4 1511//4
f 1508//6 1509//6 1512//6
f 1508//6 1505//6 1509//6
f 1514//4 1519//4 1518//4
f 1514//4 1515//4 1519//4
f 1516//6 1517//6 1520//6
f 1516//6 1513//6 1517//6
f 1522//4 1527//4 1526//4
f 1522//4 1523//4 1527//4
f 1524//6 1525//6 1528//6
f 1524//6 1521//6 1525//6
f 1530//4 1535//4 1534//4
f 1530//4 1531//4 1535//4
f 1532//6 1533//6 1536//6
f 1532//6 1529//6 1533//6
f 1538//4 1543//4 1542//4
f 1538//4 1539//4 1543//4
f 1540//6 1541//6 1544//6
f 1540//6 1537//6 1541//6
f 1545//3 1550//3 1549//3
f 1545//3 1546//3 1550//3
f 1546//4 1551//4 1550//4
f 1546//4 1547//4 1551//4
f 1548//6 1549//6 1552//6
f 1548//6 1545//6 1549//6
f 1557//2 1558//2 1559//2
f 1557//2 1559//2 1560//2
f 1553//3 1558//3 1557//3
f 1553//3 1554//3 1558//3
f 1554//4 1559//4 1558//4
f 1554//4 1555//4 1559//4
f 1556//6 1557//6 1560//6
f 1556//6 1553//6 1557//6
f 1561//1 1563//1 1562//1
f 1561//1 1564//1 1563//1
f 1562//4 1567//4 1566//4
f 1562//4 1563//4 1567//4
f 1564//6 1565//6 1568//6
f 1564//6 1561//6 1565//6
f 1570//4 1575//4 1574//4
f 1570//4 1571//4 1575//4
f 1572//6 1573//6 1576//6
f 1572//6 1569//6 1573//6
f 1578//4 1583//4 1582//4
f 1578//4 1579//4 1583//4
f 1579//5 1584//5 1583//5
f 1579//5 1580//5 1584//5
f 1580//6 1581//6 1584//6
f 1580//6 1577//6 1581//6
f 1586//4 1591//4 1590//4
f 1586//4 1587//4 1591//4
f 1587//5 1592//5 1591//5
f 1587//5 1588//5 1592//5
f 1588//6 1589//6 1592//6
f 1588//6 1585//6 1589//6
f 1594//4 1599//4 1598//4
f 1594//4 1595//4 1599//4
f 1595//5 1600//5 1599//5
f 1595//5 1596//5 1600//5
f 1596//6 1597//6 1600//6
f 1596//6 1593//6 1597//6
f 1602//4 1607//4 1606//4
f 1602//4 1603//4 1607//4
f 1603//5 1608//5 1607//5
f 1603//5 1604//5 1608//5
f 1604//6 1605//6 1608//6
f 1604//6 1601//6 1605//6
f 1610//4 1615//4 1614//4
f 1610//4 1611//4 1615//4
f 1611//5 1616//5 1615//5
f 1611//5 1612//5 1616//5
f 1612//6 1613//6 1616//6
f 1612//6 1609//6 1613//6
f 1621//2 1622//2 1623//2
f 1621//2 1623//2 1624//2
f 1618//4 1623//4 1622//4
f 1618//4 1619//4 1623//4
f 1619//5 1624//5 1623//5
f 1619//5 1620//5 1624//5
f 1620//6 1621//6 1624//6
f 1620//6 1617//6 1621//6
f 1625//1 1627//1 1626//1
f 1625//1 1628//1 1627//1
f 1625//3 1630//3 1629//3
f 1625//3 1626//3 1630//3
f 1626//4 1631//4 1630//4
f 1626//4 1627//4 1631//4
f 1627//5 1632//5 1631//5
f 1627//5 1628//5 1632//5
f 1628//6 1629//6 1632//6
f 1628//6 1625//6 1629//6
f 1633//3 1638//3 1637//3
f 1633//3 1634//3 1638//3
f 1634//4 1639//4 1638//4
f 1634//4 1635//4 1639//4
f 1635//5 1640//5 1639//5
f 1635//5 1636//5 1640//5
f 1636//6 1637//6 1640//6
f 1636//6 1633//6 1637//6
f 1641//3 1646//3 1645//3
f 1641//3 1642//3 1646//3
f 1642//4 1647//4 1646//4
f 1642//4 1643//4 1647//4
f 1643//5 1648//5 1647//5
f 1643//5 1644//5 1648//5
f 1644//6 1645//6 1648//6
f 1644//6 1641//6 1645//6
f 1649//3 1654//3 1653//3
f 1649//3 1650//3 1654//3
f 1650//4 1655//4 1654//4
f 1650//4 1651//4 1655//4
f 1651//5 1656//5 1655//5
f 1651//5 1652//5 1656//5
f 1652//6 1653//6 1656//6
f 1652//6 1649//6 1653//6
f 1657//3 1662//3 1661//3
f 1657//3 1658//3 1662//3
f 1658//4 1663//4 1662//4
f 1658//4 1659//4 1663//4
f 1659//5 1664//5 1663//5
f 1659//5 1660//5 1664//5
f 1660//6 1661//6 1664//6
f 1660//6 1657//6 1661//6
f 1665//3 1670//3 1669//3
f 1665//3 1666//3 1670//3
f 1666//4 1671//4 1670//4
f 1666//4 1667//4 1671//4
f 1667//5 1672//5 1671//5
f 1667//5 1668//5 1672//5
f 1668//6 1669//6 1672//6
f 1668//6 1665//6 1669//6
f 1674//4 1679//4 1678//4
f 1674//4 1675//4 1679//4
f 1675//5 1680//5 1679//5
f 1675//5 1676//5 1680//5
f 1676//6 1677//6 1680//6
f 1676//6 1673//6 1677//6
f 1685//2 1686//2 1687//2
f 1685//2 1687//2 1688//2
f 1683//5 1688//5 1687//5
f 1683//5 1684//5 1688//5
f 1684//6 1685//6 1688//6
f 1684//6 1681//6 1685//6
f 1689//1 1691//1 1690//1
f 1689//1 1692//1 1691//1
f 1689//3 1694//3 1693//3
f 1689//3 1690//3 1694//3
f 1690//4 1695//4 1694//4
f 1690//4 1691//4 1695//4
f 1691//5 1696//5 1695//5
f 1691//5 1692//5 1696//5
f 1697//3 1702//3 1701//3
f 1697//3 1698//3 1702//3
f 1698//4 1703//4 1702//4
f 1698//4 1699//4 1703//4
f 1699//5 1704//5 1703//5
f 1699//5 1700//5 1704//5
f 1700//6 1701//6 1704//6
f 1700//6 1697//6 1701//6
f 1705//3 1710//3 1709//3
f 1705//3 1706//3 1710//3
f 1706//4 1711//4 1710//4
f 1706//4 1707//4 1711//4
f 1707//5 1712//5 1711//5
f 1707//5 1708//5 1712//5
f 1708//6 1709//6 1712//6
f 1708//6 1705//6 1709//6
f 1713//3 1718//3 1717//3
f 1713//3 1714//3 1718//3
f 1714//4 1719//4 1718//4
f 1714//4 1715//4 1719//4
f 1715//5 1720//5 1719//5
f 1715//5 1716//5 1720//5
f 1716//6 1717//6 1720//6
f 1716//6 1713//6 1717//6
f 1721//3 1726//3 1725//3
f 1721//3 1722//3 1726//3
f 1722//4 1727//4 1726//4
f 1722//4 1723//4 1727//4
f 1723//5 1728//5 1727//5
f 1723//5 1724//5 1728//5
f 1724//6 1725//6 1728//6
f 1724//6 1721//6 1725//6
f 1729//3 1734//3 1733//3
f 1729//3 1730//3 1734//3
f 1730//4 1735//4 1734//4
f 1730//4 1731//4 1735//4
f 1731//5 1736//5 1735//5
f 1731//5 1732//5 1736//5
f 1732//6 1733//6 1736//6
f 1732//6 1729//6 1733//6
f 1741//2 1742//2 1743//2
f 1741//2 1743//2 1744//2
f 1737//3 1742//3 1741//3
f 1737//3 1738//3 1742//3
f 1738//4 1743//4 1742//4
f 1738//4 1739//4 1743//4
f 1739//5 1744//5 1743//5
f 1739//5 1740//5 1744//5
f 1740//6 1741//6 1744//6
f 1740//6 1737//6 1741//6
f 1745//1 1747//1 1746//1
f 1745//1 1748//1 1747//1
f 1745//3 1750//3 1749//3
f 1745//3 1746//3 1750//3
f 1747//5 1752//5 1751//5
f 1747//5 1748//5 1752//5
f 1748//6 1749//6 1752//6
f 1748//6 1745//6 1749//6
f 1757//2 1758//2 1759//2
f 1757//2 1759//2 1760//2
f 1753//3 1758//3 1757//3
f 1753//3 1754//3 1758//3
f 1754//4 1759//4 1758//4
f 1754//4 1755//4 1759//4
f 1755//5 1760//5 1759//5
f 1755//5 1756//5 1760//5
f 1761//1 1763//1 1762//1
f 1761//1 1764//1 1763//1
f 1761//3 1766//3 1765//3
f 1761//3 1762//3 1766//3
f 1762//4 1767//4 1766//4
f 1762//4 1763//4 1767//4
f 1763//5 1768//5 1767//5
f 1763//5 1764//5 1768//5
f 1769//3 1774//3 1773//3
f 1769//3 1770//3 1774//3
f 1771//5 1776//5 1775//5
f 1771//5 1772//5 1776//5
f 1777//3 1782//3 1781//3
f 1777//3 1778//3 1782//3
f 1779//5 1784//5 1783//5
f 1779//5 1780//5 1784//5
f 1780//6 1781//6 1784//6
f 1780//6 1777//6 1781//6
f 1785//3 1790//3 1789//3
f 1785//3 1786//3 1790//3
f 1787//5 1792//5 1791//5
f 1787//5 1788//5 1792//5
f 1788//6 1789//6 1792//6
f 1788//6 1785//6 1789//6
f 1797//2 1798//2 1799//2
f 1797//2 1799//2 1800//2
f 1793//3 1798//3 1797//3
f 1793//3 1794//3 1798//3
f 1795//5 1800//5 1799//5
f 1795//5 1796//5 1800//5
f 1796//6 1797//6 1800//6
f 1796//6 1793//6 1797//6
f 1801//1 1803//1 1802//1
f 1801//1 1804//1 1803//1
f 1805//2 1806//2 1807//2
f 1805//2 1807//2 1808//2
f 1801//3 1806//3 1805//3
f 1801//3 1802//3 1806//3
f 1803//5 1808//5 1807//5
f 1803//5 1804//5 1808//5
f 1804//6 1805//6 1808//6
f 1804//6 1801//6 1805//6
f 1809//1 1811//1 1810//1
f 1809//1 1812//1 1811//1
f 1809//3 1814//3 1813//3
f 1809//3 1810//3 1814//3
f 1811//5 1816//5 1815//5
f 1811//5 1812//5 1816//5
f 1817//3 1822//3 1821//3
f 1817//3 1818//3 1822//3
f 1819//5 1824//5 1823//5
f 1819//5 1820//5 1824//5
f 1829//2 1830//2 1831//2
f 1829//2 1831//2 1832//2
f 1825//3 1830//3 1829//3
f 1825//3 1826//3 1830//3
f 1827//5 1832//5 1831//5
f 1827//5 1828//5 1832//5
f 1828//6 1829//6 1832//6
f 1828//6 1825//6 1829//6
f 1833//1 1835//1 1834//1
f 1833//1 1836//1 1835//1
f 1833//3 1838//3 1837//3
f 1833//3 1834//3 1838//3
f 1834//4 1839//4 1838//4
f 1834//4 1835//4 1839//4
f 1835//5 1840//5 1839//5
f 1835//5 1836//5 1840//5
f 1841//3 1846//3 1845//3
f 1841//3 1842//3 1846//3
f 1842//4 1847//4 1846//4
f 1842//4 1843//4 1847//4
f 1843//5 1848//5 1847//5
f 1843//5 1844//5 1848//5
f 1849//3 1854//3 1853//3
f 1849//3 1850//3 1854//3
f 1850//4 1855//4 1854//4
f 1850//4 1851//4 1855//4
f 1851//5 1856//5 1855//5
f 1851//5 1852//5 1856//5
f 1857//3 1862//3 1861//3
f 1857//3 1858//3 1862//3
f 1859//5 1864//5 1863//5
f 1859//5 1860//5 1864//5
f 1860//6 1861//6 1864//6
f 1860//6 1857//6 1861//6
f 1865//3 1870//3 1869//3
f 1865//3 1866//3 1870//3
f 1867//5 1872//5 1871//5
f 1867//5 1868//5 1872//5
f 1868//6 1869//6 1872//6
f 1868//6 1865//6 1869//6
f 1873//3 1878//3 1877//3
f 1873//3 1874//3 1878//3
f 1875//5 1880//5 1879//5
f 1875//5 1876//5 1880//5
f 1876//6 1877//6 1880//6
f 1876//6 1873//6 1877//6
f 1881//3 1886//3 1885//3
f 1881//3 1882//3 1886//3
f 1883//5 1888//5 1887//5
f 1883//5 1884//5 1888//5
f 1884//6 1885//6 1888//6
f 1884//6 1881//6 1885//6
f 1889//3 1894//3 1893//3
f 1889//3 1890//3 1894//3
f 1891//5 1896//5 1895//5
f 1891//5 1892//5 1896//5
f 1892//6 1893//6 1896//6
f 1892//6 1889//6 1893//6
f 1897//3 1902//3 1901//3
f 1897//3 1898//3 1902//3
f 1899//5 1904//5 1903//5
f 1899//5 1900//5 1904//5
f 1900//6 1901//6 1904//6
f 1900//6 1897//6 1901//6
f 1909//2 1910//2 1911//2
f 1909//2 1911//2 1912//2
f 1905//3 1910//3 1909//3
f 1905//3 1906//3 1910//3
f 1907//5 1912//5 1911//5
f 1907//5 1908//5 1912//5
f 1908//6 1909//6 1912//6
f 1908//6 1905//6 1909//6
f 1913//1 1915//1 1914//1
f 1913//1 1916//1 1915//1
f 1913//3 1918//3 1917//3
f 1913//3 1914//3 1918//3
f 1914//4 1919//4 1918//4
f 1914//4 1915//4 1919//4
f 1915//5 1920//5 1919//5
f 1915//5 1916//5 1920//5
f 1921//3 1926//3 1925//3
f 1921//3 1922//3 1926//3
f 1922//4 1927//4 1926//4
f 1922//4 1923//4 1927//4
f 1923//5 1928//5 1927//5
f 1923//5 1924//5 1928//5
f 1924//6 1925//6 1928//6
f 1924//6 1921//6 1925//6
f 1929//3 1934//3 1933//3
f 1929//3 1930//3 1934//3
f 1930//4 1935//4 1934//4
f 1930//4 1931//4 1935//4
f 1931//5 1936//5 1935//5
f 1931//5 1932//5 1936//5
f 1932//6 1933//6 1936//6
f 1932//6 1929//6 1933//6
f 1937//3 1942//3 1941//3
f 1937//3 1938//3 1942//3
f 1938//4 1943//4 1942//4
f 1938//4 1939//4 1943//4
f 1939//5 1944//5 1943//5
f 1939//5 1940//5 1944//5
f 1940//6 1941//6 1944//6
f 1940//6 1937//6 1941//6
f 1945//3 1950//3 1949//3
f 1945//3 1946//3 1950//3
f 1946//4 1951//4 1950//4
f 1946//4 1947//4 1951//4
f 1947//5 1952//5 1951//5
f 1947//5 1948//5 1952//5
f 1948//6 1949//6 1952//6
f 1948//6 1945//6 1949//6
f 1953//3 1958//3 1957//3
f 1953//3 1954//3 1958//3
f 1954//4 1959//4 1958//4
f 1954//4 1955//4 1959//4
f 1955//5 1960//5 1959//5
f 1955//5 1956//5 1960//5
f 1956//6 1957//6 1960//6
f 1956//6 1953//6 1957//6
f 1961//3 1966//3 1965//3
f 1961//3 1962//3 1966//3
f 1962//4 1967//4 1966//4
f 1962//4 1963//4 1967//4
f 1963//5 1968//5 1967//5
f 1963//5 1964//5 1968//5
f 1964//6 1965//6 1968//6
f 1964//6 1961//6 1965//6
f 1969//3 1974//3 1973//3
f 1969//3 1970//3 1974//3
f 1972//6 1973//6 1976//6
f 1972//6 1969//6 1973//6
f 1981//2 1982//2 1983//2
f 1981//2 1983//2 1984//2
f 1977//3 1982//3 1981//3
f 1977//3 1978//3 1982//3
f 1980//6 1981//6 1984//6
f 1980//6 1977//6 1981//6
f 1985//1 1987//1 1986//1
f 1985//1 1988//1 1987//1
f 1986//4 1991//4 1990//4
f 1986//4 1987//4 1991//4
f 1987//5 1992//5 1991//5
f 1987//5 1988//5 1992//5
f 1988//6 1989//6 1992//6
f 1988//6 1985//6 1989//6
f 1994//4 1999//4 1998//4
f 1994//4 1995//4 1999//4
f 1996//6 1997//6 2000//6
f 1996//6 1993//6 1997//6
f 2001//3 2006//3 2005//3
f 2001//3 2002//3 2006//3
f 2002//4 2007//4 2006//4
f 2002//4 2003//4 2007//4
f 2004//6 2005//6 2008//6
f 2004//6 2001//6 2005//6
f 2009//3 2014//3 2013//3
f 2009//3 2010//3 2014//3
f 2010//4 2015//4 2014//4
f 2010//4 2011//4 2015//4
f 2012//6 2013//6 2016//6
f 2012//6 2009//6 2013//6
f 2017//3 2022//3 2021//3
f 2017//3 2018//3 2022//3
f 2018//4 2023//4 2022//4
f 2018//4 2019//4 2023//4
f 2020//6 2021//6 2024//6
f 2020//6 2017//6 2021//6
f 2029//2 2030//2 2031//2
f 2029//2 2031//2 2032//2
f 2025//3 2030//3 2029//3
f 2025//3 2026//3 2030//3
f 2026//4 2031//4 2030//4
f 2026//4 2027//4 2031//4
f 2028//6 2029//6 2032//6
f 2028//6 2025//6 2029//6
f 2033//1 2035//1 2034//1
f 2033//1 2036//1 2035//1
f 2034//4 2039//4 2038//4
f 2034//4 2035//4 2039//4
f 2035//5 2040//5 2039//5
f 2035//5 2036//5 2040//5
f 2036//6 2037//6 2040//6
f 2036//6 2033//6 2037//6
f 2042//4 2047//4 2046//4
f 2042//4 2043//4 2047//4
f 2043//5 2048//5 2047//5
f 2043//5 2044//5 2048//5
f 2044//6 2045//6 2048//6
f 2044//6 2041//6 2045//6
f 2050//4 2055//4 2054//4
f 2050//4 2051//4 2055//4
f 2052//6 2053//6 2056//6
f 2052//6 2049//6 2053//6
f 2058//4 2063//4 2062//4
f 2058//4 2059//4 2063//4
f 2060//6 2061//6 2064//6
f 2060//6 2057//6 2061//6
f 2066//4 2071//4 2070//4
f 2066//4 2067//4 2071//4
f 2068//6 2069//6 2072//6
f 2068//6 2065//6 2069//6
f 2073//3 2078//3 2077//3
f 2073//3 2074//3 2078//3
f 2074//4 2079//4 2078//4
f 2074//4 2075//4 2079//4
f 2076//6 2077//6 2080//6
f 2076//6 2073//6 2077//6
f 2085//2 2086//2 2087//2
f 2085//2 2087//2 2088//2
f 2081//3 2086//3 2085//3
f 2081//3 2082//3 2086//3
f 2082//4 2087//4 2086//4
f 2082//4 2083//4 2087//4
f 2084//6 2085//6 2088//6
f 2084//6 2081//6 2085//6
f 2089//1 2091//1 2090//1
f 2089//1 2092//1 2091//1
f 2090//4 2095//4 2094//4
f 2090//4 2091//4 2095//4
f 2091//5 2096//5 2095//5
f 2091//5 2092//5 2096//5
f 2092//6 2093//6 2096//6
f 2092//6 2089//6 2093//6
f 2098//4 2103//4 2102//4
f 2098//4 2099//4 2103//4
f 2099//5 2104//5 2103//5
f 2099//5 2100//5 2104//5
f 2100//6 2101//6 2104//6
f 2100//6 2097//6 2101//6
f 2106//4 2111//4 2110//4
f 2106//4 2107//4 2111//4
f 2107//5 2112//5 2111//5
f 2107//5 2108//5 2112//5
f 2108//6 2109//6 2112//6
f 2108//6 2105//6 2109//6
f 2114//4 2119//4 2118//4
f 2114//4 2115//4 2119//4
f 2116//6 2117//6 2120//6
f 2116//6 2113//6 2117//6
f 2122//4 2127//4 2126//4
f 2122//4 2123//4 2127//4
f 2124//6 2125//6 2128//6
f 2124//6 2121//6 2125//6
f 2129//3 2134//3 2133//3
f 2129//3 2130//3 2134//3
f 2130//4 2135//4 2134//4
f 2130//4 2131//4 2135//4
f 2132//6 2133//6 2136//6
f 2132//6 2129//6 2133//6
f 2141//2 2142//2 2143//2
f 2141//2 2143//2 2144//2
f 2137//3 2142//3 2141//3
f 2137//3 2138//3 2142//3
f 2138//4 2143//4 2142//4
f 2138//4 2139//4 2143//4
f 2140//6 2141//6 2144//6
f 2140//6 2137//6 2141//6
f 2145//1 2147//1 2146//1
f 2145//1 2148//1 2147//1
f 2146//4 2151//4 2150//4
f 2146//4 2147//4 2151//4
f 2147//5 2152//5 2151//5
f 2147//5 2148//5 2152//5
f 2148//6 2149//6 2152//6
f 2148//6 2145//6 2149//6
f 2154//4 2159//4 2158//4
f 2154//4 2155//4 2159//4
f 2155//5 2160//5 2159//5
f 2155//5 2156//5 2160//5
f 2156//6 2157//6 2160//6
f 2156//6 2153//6 2157//6
f 2162//4 2167//4 2166//4
f 2162//4 2163//4 2167//4
f 2164//6 2165//6 2168//6
f 2164//6 2161//6 2165//6
f 2170//4 2175//4 2174//4
f 2170//4 2171//4 2175//4
f 2172//6 2173//6 2176//6
f 2172//6 2169//6 2173//6
f 2177//3 2182//3 2181//3
f 2177//3 2178//3 2182//3
f 2178//4 2183//4 2182//4
f 2178//4 2179//4 2183//4
f 2180//6 2181//6 2184//6
f 2180//6 2177//6 2181//6
f 2189//2 2190//2 2191//2
f 2189//2 2191//2 2192//2
f 2185//3 2190//3 2189//3
f 2185//3 2186//3 2190//3
f 2186//4 2191//4 2190//4
f 2186//4 2187//4 2191//4
f 2188//6 2189//6 2192//6
f 2188//6 2185//6 2189//6
f 2193//1 2195//1 2194//1
f 2193//1 2196//1 2195//1
f 2194//4 2199//4 2198//4
f 2194//4 2195//4 2199//4
f 2196//6 2197//6 2200//6
f 2196//6 2193//6 2197//6
f 2202//4 2207//4 2206//4
f 2202//4 2203//4 2207//4
f 2204//6 2205//6 2208//6
f 2204//6 2201//6 2205//6
f 2210//4 2215//4 2214//4
f 2210//4 2211//4 2215//4
f 2212//6 2213//6 2216//6
f 2212//6 2209//6 2213//6
f 2218//4 2223//4 2222//4
f 2218//4 2219//4 2223//4
f 2220//6 2221//6 2224//6
f 2220//6 2217//6 2221//6
f 2225//3 2230//3 2229//3
f 2225//3 2226//3 2230//3
f 2226//4 2231//4 2230//4
f 2226//4 2227//4 2231//4
f 2228//6 2229//6 2232//6
f 2228//6 2225//6 2229//6
f 2233//3 2238//3 2237//3
f 2233//3 2234//3 2238//3
f 2234//4 2239//4 2238//4
f 2234//4 2235//4 2239//4
f 2236//6 2237//6 2240//6
f 2236//6 2233//6 2237//6
f 2245//2 2246//2 2247//2
f 2245//2 2247//2 2248//2
f 2241//3 2246//3 2245//3
f 2241//3 2242//3 2246//3
f 2242//4 2247//4 2246//4
f 2242//4 2243//4 2247//4
f 2243//5 2248//5 2247//5
f 2243//5 2244//5 2248//5
f 2244//6 2245//6 2248//6
f 2244//6 2241//6 2245//6
f 2249//1 2251//1 2250//1
f 2249//1 2252//1 2251//1
f 2250//4 2255//4 2254//4
f 2250//4 2251//4 2255//4
f 2251//5 2256//5 2255//5
f 2251//5 2252//5 2256//5
f 2252//6 2253//6 2256//6
f 2252//6 2249//6 2253//6
f 2258//4 2263//4 2262//4
f 2258//4 2259//4 2263//4
f 2259//5 2264//5 2263//5
f 2259//5 2260//5 2264//5
f 2260//6 2261//6 2264//6
f 2260//6 2257//6 2261//6
f 2266//4 2271//4 2270//4
f 2266//4 2267//4 2271//4
f 2267//5 2272//5 2271//5
f 2267//5 2268//5 2272//5
f 2268//6 2269//6 2272//6
f 2268//6 2265//6 2269//6
f 2274//4 2279//4 2278//4
f 2274//4 2275//4 2279//4
f 2275//5 2280//5 2279//5
f 2275//5 2276//5 2280//5
f 2276//6 2277//6 2280//6
f 2276//6 2273//6 2277//6
f 2282//4 2287//4 2286//4
f 2282//4 2283//4 2287//4
f 2283//5 2288//5 2287//5
f 2283//5 2284//5 2288//5
f 2284//6 2285//6 2288//6
f 2284//6 2281//6 2285//6
f 2293//2 2294//2 2295//2
f 2293//2 2295//2 2296//2
f 2291//5 2296//5 2295//5
f 2291//5 2292//5 2296//5
f 2292//6 2293//6 2296//6
f 2292//6 2289//6 2293//6
f 2297//1 2299//1 2298//1
f 2297//1 2300//1 2299//1
f 2297//3 2302//3 2301//3
f 2297//3 2298//3 2302//3
f 2298//4 2303//4 2302//4
f 2298//4 2299//4 2303//4
f 2299//5 2304//5 2303//5
f 2299//5 2300//5 2304//5
f 2305//3 2310//3 2309//3
f 2305//3 2306//3 2310//3
f 2306//4 2311//4 2310//4
f 2306//4 2307//4 2311//4
f 2307//5 2312//5 2311//5
f 2307//5 2308//5 2312//5
f 2308//6 2309//6 2312//6
f 2308//6 2305//6 2309//6
f 2313//3 2318//3 2317//3
f 2313//3 2314//3 2318//3
f 2314//4 2319//4 2318//4
f 2314//4 2315//4 2319//4
f 2315//5 2320//5 2319//5
f 2315//5 2316//5 2320//5
f 2316//6 2317//6 2320//6
f 2316//6 2313//6 2317//6
f 2321//3 2326//3 2325//3
f 2321//3 2322//3 2326//3
f 2322//4 2327//4 2326//4
f 2322//4 2323//4 2327//4
f 2323//5 2328//5 2327//5
f 2323//5 2324//5 2328//5
f 2324//6 2325//6 2328//6
f 2324//6 2321//6 2325//6
f 2329//3 2334//3 2333//3
f 2329//3 2330//3 2334//3
f 2330//4 2335//4 2334//4
f 2330//4 2331//4 2335//4
f 2331//5 2336//5 2335//5
f 2331//5 2332//5 2336//5
f 2332//6 2333//6 2336//6
f 2332//6 2329//6 2333//6
f 2337//3 2342//3 2341//3
f 2337//3 2338//3 2342//3
f 2338//4 2343//4 2342//4
f 2338//4 2339//4 2343//4
f 2339//5 2344//5 2343//5
f 2339//5 2340//5 2344//5
f 2340//6 2341//6 2344//6
f 2340//6 2337//6 2341//6
f 2349//2 2350//2 2351//2
f 2349//2 2351//2 2352//2
f 2345//3 2350//3 2349//3
f 2345//3 2346//3 2350//3
f 2347//5 2352//5 2351//5
f 2347//5 2348//5 2352//5
f 2348//6 2349//6 2352//6
f 2348//6 2345//6 2349//6
f 2353//1 2355//1 2354//1
f 2353//1 2356//1 2355//1
f 2353//3 2358//3 2357//3
f 2353//3 2354//3 2358//3
f 2354//4 2359//4 2358//4
f 2354//4 2355//4 2359//4
f 2355//5 2360//5 2359//5
f 2355//5 2356//5 2360//5
f 2356//6 2357//6 2360//6
f 2356//6 2353//6 2357//6
f 2361//3 2366//3 2365//3
f 2361//3 2362//3 2366//3
f 2362//4 2367//4 2366//4
f 2362//4 2363//4 2367//4
f 2363//5 2368//5 2367//5
f 2363//5 2364//5 2368//5
f 2364//6 2365//6 2368//6
f 2364//6 2361//6 2365//6
f 2369//3 2374//3 2373//3
f 2369//3 2370//3 2374//3
f 2370//4 2375//4 2374//4
f 2370//4 2371//4 2375//4
f 2371//5 2376//5 2375//5
f 2371//5 2372//5 2376//5
f 2372//6 2373//6 2376//6
f 2372//6 2369//6 2373//6
f 2377//3 2382//3 2381//3
f 2377//3 2378//3 2382//3
f 2378//4 2383//4 2382//4
f 2378//4 2379//4 2383//4
f 2379//5 2384//5 2383//5
f 2379//5 2380//5 2384//5
f 2380//6 2381//6 2384//6
f 2380//6 2377//6 2381//6
f 2385//3 2390//3 2389//3
f 2385//3 2386//3 2390//3
f 2386//4 2391//4 2390//4
f 2386//4 2387//4 2391//4
f 2387//5 2392//5 2391//5
f 2387//5 2388//5 2392//5
f 2388//6 2389//6 2392//6
f 2388//6 2385//6 2389//6
f 2393//3 2398//3 2397//3
f 2393//3 2394//3 2398//3
f 2394//4 2399//4 2398//4
f 2394//4 2395//4 2399//4
f 2395//5 2400//5 2399//5
f 2395//5 2396//5 2400//5
f 2396//6 2397//6 2400//6
f 2396//6 2393//6 2397//6
f 2405//2 2406//2 2407//2
f 2405//2 2407//2 2408//2
f 2401//3 2406//3 2405//3
f 2401//3 2402//3 2406//3
f 2403//5 2408//5 2407//5
f 2403//5 2404//5 2408//5
f 2404//6 2405//6 2408//6
f 2404//6 2401//6 2405//6
f 2409//1 2411//1 2410//1
f 2409//1 2412//1 2411//1
f 2413//2 2414//2 2415//2
f 2413//2 2415//2 2416//2
f 2409//3 2414//3 2413//3
f 2409//3 2410//3 2414//3
f 2410//4 2415//4 2414//4
f 2410//4 2411//4 2415//4
f 2411//5 2416//5 2415//5
f 2411//5 2412//5 2416//5
f 2417//1 2419//1 2418//1
f 2417//1 2420//1 2419//1
f 2417//3 2422//3 2421//3
f 2417//3 2418//3 2422//3
f 2418//4 2423//4 2422//4
f 2418//4 2419//4 2423//4
f 2419//5 2424//5 2423//5
f 2419//5 2420//5 2424//5
f 2425//3 2430//3 2429//3
f 2425//3 2426//3 2430//3
f 2426//4 2431//4 2430//4
f 2426//4 2427//4 2431//4
f 2427//5 2432//5 2431//5
f 2427//5 2428//5 2432//5
f 2433//3 2438//3 2437//3
f 2433//3 2434//3 2438//3
f 2435//5 2440//5 2439//5
f 2435//5 2436//5 2440//5
f 2441//3 2446//3 2445//3
f 2441//3 2442//3 2446//3
f 2443//5 2448//5 2447//5
f 2443//5 2444//5 2448//5
f 2449//3 2454//3 2453//3
f 2449//3 2450//3 2454//3
f 2451//5 2456//5 2455//5
f 2451//5 2452//5 2456//5
f 2452//6 2453//6 2456//6
f 2452//6 2449//6 2453//6
f 2457//3 2462//3 2461//3
f 2457//3 2458//3 2462//3
f 2459//5 2464//5 2463//5
f 2459//5 2460//5 2464//5
f 2460//6 2461//6 2464//6
f 2460//6 2457//6 2461//6
f 2465//3 2470//3 2469//3
f 2465//3 2466//3 2470//3
f 2467//5 2472//5 2471//5
f 2467//5 2468//5 2472//5
f 2468//6 2469//6 2472//6
f 2468//6 2465//6 2469//6
f 2473//3 2478//3 2477//3
f 2473//3 2474//3 2478//3
f 2475//5 2480//5 2479//5
f 2475//5 2476//5 2480//5
f 2476//6 2477//6 2480//6
f 2476//6 2473//6 2477//6
f 2481//3 2486//3 2485//3
f 2481//3 2482//3 2486//3
f 2483//5 2488//5 2487//5
f 2483//5 2484//5 2488//5
f 2484//6 2485//6 2488//6
f 2484//6 2481//6 2485//6
f 2489//3 2494//3 2493//3
f 2489//3 2490//3 2494//3
f 2491//5 2496//5 2495//5
f 2491//5 2492//5 2496//5
f 2492//6 2493//6 2496//6
f 2492//6 2489//6 2493//6
f 2501//2 2502//2 2503//2
f 2501//2 2503//2 2504//2
f 2497//3 2502//3 2501//3
f 2497//3 2498//3 2502//3
f 2499//5 2504//5 2503//5
f 2499//5 2500//5 2504//5
f 2500//6 2501//6 2504//6
f 2500//6 2497//6 2501//6
f 2505//1 2507//1 2506//1
f 2505//1 2508//1 2507//1
f 2505//3 2510//3 2509//3
f 2505//3 2506//3 2510//3
f 2507//5 2512//5 2511//5
f 2507//5 2508//5 2512//5
f 2508//6 2509//6 2512//6
f 2508//6 2505//6 2509//6
f 2513//3 2518//3 2517//3
f 2513//3 2514//3 2518//3
f 2515//5 2520//5 2519//5
f 2515//5 2516//5 2520//5
f 2525//2 2526//2 2527//2
f 2525//2 2527//2 2528//2
f 2521//3 2526//3 2525//3
f 2521//3 2522//3 2526//3
f 2523//5 2528//5 2527//5
f 2523//5 2524//5 2528//5
f 2524//6 2525//6 2528//6
f 2524//6 2521//6 2525//6
f 2529//1 2531//1 2530//1
f 2529//1 2532//1 2531//1
f 2529//3 2534//3 2533//3
f 2529//3 2530//3 2534//3
f 2530//4 2535//4 2534//4
f 2530//4 2531//4 2535//4
f 2531//5 2536//5 2535//5
f 2531//5 2532//5 2536//5
f 2532//6 2533//6 2536//6
f 2532//6 2529//6 2533//6
f 2537//3 2542//3 2541//3
f 2537//3 2538//3 2542//3
f 2539//5 2544//5 2543//5
f 2539//5 2540//5 2544//5
f 2545//3 2550//3 2549//3
f 2545//3 2546//3 2550//3
f 2547//5 2552//5 2551//5
f 2547//5 2548//5 2552//5
f 2553//3 2558//3 2557//3
f 2553//3 2554//3 2558//3
f 2555//5 2560//5 2559//5
f 2555//5 2556//5 2560//5
f 2561//3 2566//3 2565//3
f 2561//3 2562//3 2566//3
f 2563//5 2568//5 2567//5
f 2563//5 2564//5 2568//5
f 2564//6 2565//6 2568//6
f 2564//6 2561//6 2565//6
f 2569//3 2574//3 2573//3
f 2569//3 2570//3 2574//3
f 2570//4 2575//4 2574//4
f 2570//4 2571//4 2575//4
f 2571//5 2576//5 2575//5
f 2571//5 2572//5 2576//5
f 2572//6 2573//6 2576//6
f 2572//6 2569//6 2573//6
f 2581//2 2582//2 2583//2
f 2581//2 2583//2 2584//2
f 2577//3 2582//3 2581//3
f 2577//3 2578//3 2582//3
f 2579//5 2584//5 2583//5
f 2579//5 2580//5 2584//5
f 2580//6 2581//6 2584//6
f 2580//6 2577//6 2581//6
f 2585//1 2587//1 2586//1
f 2585//1 2588//1 2587//1
f 2585//3 2590//3 2589//3
f 2585//3 2586//3 2590//3
f 2587//5 2592//5 2591//5
f 2587//5 2588//5 2592//5
f 2593//3 2598//3 2597//3
f 2593//3 2594//3 2598//3
f 2595//5 2600//5 2599//5
f 2595//5 2596//5 2600//5
f 2601//3 2606//3 2605//3
f 2601//3 2602//3 2606//3
f 2603//5 2608//5 2607//5
f 2603//5 2604//5 2608//5
f 2609//3 2614//3 2613//3
f 2609//3 2610//3 2614//3
f 2611//5 2616//5 2615//5
f 2611//5 2612//5 2616//5
f 2617//3 2622//3 2621//3
f 2617//3 2618//3 2622//3
f 2619//5 2624//5 2623//5
f 2619//5 2620//5 2624//5
f 2625//3 2630//3 2629//3
f 2625//3 2626//3 2630//3
f 2627//5 2632//5 2631//5
f 2627//5 2628//5 2632//5
f 2633//3 2638//3 2637//3
f 2633//3 2634//3 2638//3
f 2635//5 2640//5 2639//5
f 2635//5 2636//5 2640//5
f 2641//3 2646//3 2645//3
f 2641//3 2642//3 2646//3
f 2643//5 2648//5 2647//5
f 2643//5 2644//5 2648//5
f 2644//6 2645//6 2648//6
f 2644//6 2641//6 2645//6
f 2649//3 2654//3 2653//3
f 2649//3 2650//3 2654//3
f 2651//5 2656//5 2655//5
f 2651//5 2652//5 2656//5
f 2652//6 2653//6 2656//6
f 2652//6 2649//6 2653//6
f 2657//3 2662//3 2661//3
f 2657//3 2658//3 2662//3
f 2659//5 2664//5 2663//5
f 2659//5 2660//5 2664//5
f 2660//6 2661//6 2664//6
f 2660//6 2657//6 2661//6
f 2665//3 2670//3 2669//3
f 2665//3 2666//3 2670//3
f 2667//5 2672//5 2671//5
f 2667//5 2668//5 2672//5
f 2668//6 2669//6 2672//6
f 2668//6 2665//6 2669//6
f 2673//3 2678//3 2677//3
f 2673//3 2674//3 2678//3
f 2675//5 2680//5 2679//5
f 2675//5 2676//5 2680//5
f 2676//6 2677//6 2680//6
f 2676//6 2673//6 2677//6
f 2681//3 2686//3 2685//3
f 2681//3 2682//3 2686//3
f 2683//5 2688//5 2687//5
f 2683//5 2684//5 2688//5
f 2684//6 2685//6 2688//6
f 2684//6 2681//6 2685//6
f 2693//2 2694//2 2695//2
f 2693//2 2695//2 2696//2
f 2689//3 2694//3 2693//3
f 2689//3 2690//3 2694//3
f 2691//5 2696//5 2695//5
f 2691//5 2692//5 2696//5
f 2692//6 2693//6 2696//6
f 2692//6 2689//6 2693//6
f 2697//1 2699//1 2698//1
f 2697//1 2700//1 2699//1
f 2697//3 2702//3 2701//3
f 2697//3 2698//3 2702//3
f 2698//4 2703//4 2702//4
f 2698//4 2699//4 2703//4
f 2699//5 2704//5 2703//5
f 2699//5 2700//5 2704//5
f 2705//3 2710//3 2709//3
f 2705//3 2706//3 2710//3
f 2706//4 2711//4 2710//4
f 2706//4 2707//4 2711//4
f 2707//5 2712//5 2711//5
f 2707//5 2708//5 2712//5
f 2713//3 2718//3 2717//3
f 2713//3 2714//3 2718//3
f 2714//4 2719//4 2718//4
f 2714//4 2715//4 2719//4
f 2715//5 2720//5 2719//5
f 2715//5 2716//5 2720//5
f 2716//6 2717//6 2720//6
f 2716//6 2713//6 2717//6
f 2721//3 2726//3 2725//3
f 2721//3 2722//3 2726//3
f 2722//4 2727//4 2726//4
f 2722//4 2723//4 2727//4
f 2723//5 2728//5 2727//5
f 2723//5 2724//5 2728//5
f 2724//6 2725//6 2728//6
f 2724//6 2721//6 2725//6
f 2729//3 2734//3 2733//3
f 2729//3 2730//3 2734//3
f 2731//5 2736//5 2735//5
f 2731//5 2732//5 2736//5
f 2732//6 2733//6 2736//6
f 2732//6 2729//6 2733//6
f 2737//3 2742//3 2741//3
f 2737//3 2738//3 2742//3
f 2739//5 2744//5 2743//5
f 2739//5 2740//5 2744//5
f 2740//6 2741//6 2744//6
f 2740//6 2737//6 2741//6
f 2745//3 2750//3 2749//3
f 2745//3 2746//3 2750//3
f 2748//6 2749//6 2752//6
f 2748//6 2745//6 2749//6
f 2757//2 2758//2 2759//2
f 2757//2 2759//2 2760//2
f 2753//3 2758//3 2757//3
f 2753//3 2754//3 2758//3
f 2756//6 2757//6 2760//6
f 2756//6 2753//6 2757//6
f 2761//1 2763//1 2762//1
f 2761//1 2764//1 2763//1
f 2762//4 2767//4 2766//4
f 2762//4 2763//4 2767//4
f 2763//5 2768//5 2767//5
f 2763//5 2764//5 2768//5
f 2764//6 2765//6 2768//6
f 2764//6 2761//6 2765//6
f 2770//4 2775//4 2774//4
f 2770//4 2771//4 2775//4
f 2771//5 2776//5 2775//5
f 2771//5 2772//5 2776//5
f 2772//6 2773//6 2776//6
f 2772//6 2769//6 2773//6
f 2777//3 2782//3 2781//3
f 2777//3 2778//3 2782//3
f 2778//4 2783//4 2782//4
f 2778//4 2779//4 2783//4
f 2780//6 2781//6 2784//6
f 2780//6 2777//6 2781//6
f 2785//3 2790//3 2789//3
f 2785//3 2786//3 2790//3
f 2786//4 2791//4 2790//4
f 2786//4 2787//4 2791//4
f 2788//6 2789//6 2792//6
f 2788//6 2785//6 2789//6
f 2797//2 2798//2 2799//2
f 2797//2 2799//2 2800//2
f 2793//3 2798//3 2797//3
f 2793//3 2794//3 2798//3
f 2794//4 2799//4 2798//4
f 2794//4 2795//4 2799//4
f 2796//6 2797//6 2800//6
f 2796//6 2793//6 2797//6
f 2801//1 2803//1 2802//1
f 2801//1 2804//1 2803//1
f 2802//4 2807//4 2806//4
f 2802//4 2803//4 2807//4
f 2803//5 2808//5 2807//5
f 2803//5 2804//5 2808//5
f 2804//6 2805//6 2808//6
f 2804//6 2801//6 2805//6
f 2810//4 2815//4 2814//4
f 2810//4 2811//4 2815//4
f 2811//5 2816//5 2815//5
f 2811//5 2812//5 2816//5
f 2812//6 2813//6 2816//6
f 2812//6 2809//6 2813//6
f 2818//4 2823//4 2822//4
f 2818//4 2819//4 2823//4
f 2820//6 2821//6 2824//6
f 2820//6 2817//6 2821//6
f 2825//3 2830//3 2829//3
f 2825//3 2826//3 2830//3
f 2826//4 2831//4 2830//4
f 2826//4 2827//4 2831//4
f 2828//6 2829//6 2832//6
f 2828//6 2825//6 2829//6
f 2837//2 2838//2 2839//2
f 2837//2 2839//2 2840//2
f 2833//3 2838//3 2837//3
f 2833//3 2834//3 2838//3
f 2834//4 2839//4 2838//4
f 2834//4 2835//4 2839//4
f 2836//6 2837//6 2840//6
f 2836//6 2833//6 2837//6
f 2841//1 2843//1 2842//1
f 2841//1 2844//1 2843//1
f 2842//4 2847//4 2846//4
f 2842//4 2843//4 2847//4
f 2843//5 2848//5 2847//5
f 2843//5 2844//5 2848//5
f 2844//6 2845//6 2848//6
f 2844//6 2841//6 2845//6
f 2850//4 2855//4 2854//4
f 2850//4 2851//4 2855//4
f 2851//5 2856//5 2855//5
f 2851//5 2852//5 2856//5
f 2852//6 2853//6 2856//6
f 2852//6 2849//6 2853//6
f 2858//4 2863//4 2862//4
f 2858//4 2859//4 2863//4
f 2860//6 2861//6 2864//6
f 2860//6 2857//6 2861//6
f 2865//3 2870//3 2869//3
f 2865//3 2866//3 2870//3
f 2866//4 2871//4 2870//4
f 2866//4 2867//4 2871//4
f 2868//6 2869//6 2872//6
f 2868//6 2865//6 2869//6
f 2877//2 2878//2 2879//2
f 2877//2 2879//2 2880//2
f 2873//3 2878//3 2877//3
f 2873//3 2874//3 2878//3
f 2874//4 2879//4 2878//4
f 2874//4 2875//4 2879//4
f 2876//6 2877//6 2880//6
f 2876//6 2873//6 2877//6
f 2881//1 2883//1 2882//1
f 2881//1 2884//1 2883//1
f 2882//4 2887//4 2886//4
f 2882//4 2883//4 2887//4
f 2883//5 2888//5 2887//5
f 2883//5 2884//5 2888//5
f 2884//6 2885//6 2888//6
f 2884//6 2881//6 2885//6
f 2890//4 2895//4 2894//4
f 2890//4 2891//4 2895//4
f 2891//5 2896//5 2895//5
f 2891//5 2892//5 2896//5
f 2892//6 2893//6 2896//6
f 2892//6 2889//6 2893//6
f 2898//4 2903//4 2902//4
f 2898//4 2899//4 2903//4
f 2899//5 2904//5 2903//5
f 2899//5 2900//5 2904//5
f 2900//6 2901//6 2904//6
f 2900//6 2897//6 2901//6
f 2909//2 2910//2 2911//2
f 2909//2 2911//2 2912//2
f 2905//3 2910//3 2909//3
f 2905//3 2906//3 2910//3
f 2906//4 2911//4 2910//4
f 2906//4 2907//4 2911//4
f 2908//6 2909//6 2912//6
f 2908//6 2905//6 2909//6
f 2913//1 2915//1 2914//1
f 2913//1 2916//1 2915//1
f 2914//4 2919//4 2918//4
f 2914//4 2915//4 2919//4
f 2916//6 2917//6 2920//6
f 2916//6 2913//6 2917//6
f 2921//3 2926//3 2925//3
f 2921//3 2922//3 2926//3
f 2922//4 2927//4 2926//4
f 2922//4 2923//4 2927//4
f 2924//6 2925//6 2928//6
f 2924//6 2921//6 2925//6
f 2933//2 2934//2 2935//2
f 2933//2 2935//2 2936//2
f 2929//3 2934//3 2933//3
f 2929//3 2930//3 2934//3
f 2930//4 2935//4 2934//4
f 2930//4 2931//4 2935//4
f 2932//6 2933//6 2936//6
f 2932//6 2929//6 2933//6
f 2937//1 2939//1 2938//1
f 2937//1 2940//1 2939//1
f 2937//3 2942//3 2941//3
f 2937//3 2938//3 2942//3
f 2938//4 2943//4 2942//4
f 2938//4 2939//4 2943//4
f 2939//5 2944//5 2943//5
f 2939//5 2940//5 2944//5
f 2945//3 2950//3 2949//3
f 2945//3 2946//3 2950//3
f 2946//4 2951//4 2950//4
f 2946//4 2947//4 2951//4
f 2947//5 2952//5 2951//5
f 2947//5 2948//5 2952//5
f 2948//6 2949//6 2952//6
f 2948//6 2945//6 2949//6
f 2954//4 2959//4 2958//4
f 2954//4 2955//4 2959//4
f 2955//5 2960//5 2959//5
f 2955//5 2956//5 2960//5
f 2956//6 2957//6 2960//6
f 2956//6 2953//6 2957//6
f 2962//4 2967//4 2966//4
f 2962//4 2963//4 2967//4
f 2963//5 2968//5 2967//5
f 2963//5 2964//5 2968//5
f 2964//6 2965//6 2968//6
f 2964//6 2961//6 2965//6
f 2973//2 2974//2 2975//2
f 2973//2 2975//2 2976//2
f 2971//5 2976//5 2975//5
f 2971//5 2972//5 2976//5
f 2972//6 2973//6 2976//6
f 2972//6 2969//6 2973//6
f 2977//1 2979//1 2978//1
f 2977//1 2980//1 2979//1
f 2977//3 2982//3 2981//3
f 2977//3 2978//3 2982//3
f 2978//4 2983//4 2982//4
f 2978//4 2979//4 2983//4
f 2979//5 2984//5 2983//5
f 2979//5 2980//5 2984//5
f 2985//3 2990//3 2989//3
f 2985//3 2986//3 2990//3
f 2986//4 2991//4 2990//4
f 2986//4 2987//4 2991//4
f 2987//5 2992//5 2991//5
f 2987//5 2988//5 2992//5
f 2988//6 2989//6 2992//6
f 2988//6 2985//6 2989//6
f 2993//3 2998//3 2997//3
f 2993//3 2994//3 2998//3
f 2994//4 2999//4 2998//4
f 2994//4 2995//4 2999//4
f 2995//5 3000//5 2999//5
f 2995//5 2996//5 3000//5
f 2996//6 2997//6 3000//6
f 2996//6 2993//6 2997//6
f 3001//3 3006//3 3005//3
f 3001//3 3002//3 3006//3
f 3002//4 3007//4 3006//4
f 3002//4 3003//4 3007//4
f 3003//5 3008//5 3007//5
f 3003//5 3004//5 3008//5
f 3004//6 3005//6 3008//6
f 3004//6 3001//6 3005//6
f 3009//3 3014//3 3013//3
f 3009//3 3010//3 3014//3
f 3010//4 3015//4 3014//4
f 3010//4 3011//4 3015//4
f 3011//5 3016//5 3015//5
f 3011//5 3012//5 3016//5
f 3012//6 3013//6 3016//6
f 3012//6 3009//6 3013//6
f 3021//2 3022//2 3023//2
f 3021//2 3023//2 3024//2
f 3017//3 3022//3 3021//3
f 3017//3 3018//3 3022//3
f 3018//4 3023//4 3022//4
f 3018//4 3019//4 3023//4
f 3019//5 3024//5 3023//5
f 3019//5 3020//5 3024//5
f 3020//6 3021//6 3024//6
f 3020//6 3017//6 3021//6
f 3025//1 3027//1 3026//1
f 3025//1 3028//1 3027//1
f 3025//3 3030//3 3029//3
f 3025//3 3026//3 3030//3
f 3026//4 3031//4 3030//4
f 3026//4 3027//4 3031//4
f 3027//5 3032//5 3031//5
f 3027//5 3028//5 3032//5
f 3033//3 3038//3 3037//3
f 3033//3 3034//3 3038//3
f 3034//4 3039//4 3038//4
f 3034//4 3035//4 3039//4
f 3035//5 3040//5 3039//5
f 3035//5 3036//5 3040//5
f 3036//6 3037//6 3040//6
f 3036//6 3033//6 3037//6
f 3041//3 3046//3 3045//3
f 3041//3 3042//3 3046//3
f 3042//4 3047//4 3046//4
f 3042//4 3043//4 3047//4
f 3043//5 3048//5 3047//5
f 3043//5 3044//5 3048//5
f 3044//6 3045//6 3048//6
f 3044//6 3041//6 3045//6
f 3049//3 3054//3 3053//3
f 3049//3 3050//3 3054//3
f 3050//4 3055//4 3054//4
f 3050//4 3051//4 3055//4
f 3051//5 3056//5 3055//5
f 3051//5 3052//5 3056//5
f 3052//6 3053//6 3056//6
f 3052//6 3049//6 3053//6
f 3057//3 3062//3 3061//3
f 3057//3 3058//3 3062//3
f 3059//5 3064//5 3063//5
f 3059//5 3060//5 3064//5
f 3060//6 3061//6 3064//6
f 3060//6 3057//6 3061//6
f 3065//3 3070//3 3069//3
f 3065//3 3066//3 3070//3
f 3067//5 3072//5 3071//5
f 3067//5 3068//5 3072//5
f 3068//6 3069//6 3072//6
f 3068//6 3065//6 3069//6
f 3077//2 3078//2 3079//2
f 3077//2 3079//2 3080//2
f 3073//3 3078//3 3077//3
f 3073//3 3074//3 3078//3
f 3075//5 3080//5 3079//5
f 3075//5 3076//5 3080//5
f 3076//6 3077//6 3080//6
f 3076//6 3073//6 3077//6
f 3081//1 3083//1 3082//1
f 3081//1 3084//1 3083//1
f 3081//3 3086//3 3085//3
f 3081//3 3082//3 3086//3
f 3082//4 3087//4 3086//4
f 3082//4 3083//4 3087//4
f 3083//5 3088//5 3087//5
f 3083//5 3084//5 3088//5
f 3089//3 3094//3 3093//3
f 3089//3 3090//3 3094//3
f 3090//4 3095//4 3094//4
f 3090//4 3091//4 3095//4
f 3091//5 3096//5 3095//5
f 3091//5 3092//5 3096//5
f 3097//3 3102//3 3101//3
f 3097//3 3098//3 3102//3
f 3098//4 3103//4 3102//4
f 3098//4 3099//4 3103//4
f 3099//5 3104//5 3103//5
f 3099//5 3100//5 3104//5
f 3105//3 3110//3 3109//3
f 3105//3 3106//3 3110//3
f 3107//5 3112//5 3111//5
f 3107//5 3108//5 3112//5
f 3113//3 3118//3 3117//3
f 3113//3 3114//3 3118//3
f 3115//5 3120//5 3119//5
f 3115//5 3116//5 3120//5
f 3121//3 3126//3 3125//3
f 3121//3 3122//3 3126//3
f 3123//5 3128//5 3127//5
f 3123//5 3124//5 3128//5
f 3129//3 3134//3 3133//3
f 3129//3 3130//3 3134//3
f 3131//5 3136//5 3135//5
f 3131//5 3132//5 3136//5
f 3137//3 3142//3 3141//3
f 3137//3 3138//3 3142//3
f 3139//5 3144//5 3143//5
f 3139//5 3140//5 3144//5
f 3145//3 3150//3 3149//3
f 3145//3 3146//3 3150//3
f 3147//5 3152//5 3151//5
f 3147//5 3148//5 3152//5
f 3153//3 3158//3 3157//3
f 3153//3 3154//3 3158//3
f 3155//5 3160//5 3159//5
f 3155//5 3156//5 3160//5
f 3156//6 3157//6 3160//6
f 3156//6 3153//6 3157//6
f 3161//3 3166//3 3165//3
f 3161//3 3162//3 3166//3
f 3163//5 3168//5 3167//5
f 3163//5 3164//5 3168//5
f 3164//6 3165//6 3168//6
f 3164//6 3161//6 3165//6
f 3169//3 3174//3 3173//3
f 3169//3 3170//3 3174//3
f 3171//5 3176//5 3175//5
f 3171//5 3172//5 3176//5
f 3172//6 3173//6 3176//6
f 3172//6 3169//6 3173//6
f 3177//3 3182//3 3181//3
f 3177//3 3178//3 3182//3
f 3179//5 3184//5 3183//5
f 3179//5 3180//5 3184//5
f 3180//6 3181//6 3184//6
f 3180//6 3177//6 3181//6
f 3185//3 3190//3 3189//3
f 3185//3 3186//3 3190//3
f 3187//5 3192//5 3191//5
f 3187//5 3188//5 3192//5
f 3188//6 3189//6 3192//6
f 3188//6 3185//6 3189//6
f 3197//2 3198//2 3199//2
f 3197//2 3199//2 3200//2
f 3193//3 3198//3 3197//3
f 3193//3 3194//3 3198//3
f 3195//5 3200//5 3199//5
f 3195//5 3196//5 3200//5
f 3196//6 3197//6 3200//6
f 3196//6 3193//6 3197//6
f 3201//1 3203//1 3202//1
f 3201//1 3204//1 3203//1
f 3201//3 3206//3 3205//3
f 3201//3 3202//3 3206//3
f 3203//5 3208//5 3207//5
f 3203//5 3204//5 3208//5
f 3209//3 3214//3 3213//3
f 3209//3 3210//3 3214//3
f 3211//5 3216//5 3215//5
f 3211//5 3212//5 3216//5
f 3217//3 3222//3 3221//3
f 3217//3 3218//3 3222//3
f 3219//5 3224//5 3223//5
f 3219//5 3220//5 3224//5
f 3225//3 3230//3 3229//3
f 3225//3 3226//3 3230//3
f 3227//5 3232//5 3231//5
f 3227//5 3228//5 3232//5
f 3228//6 3229//6 3232//6
f 3228//6 3225//6 3229//6
f 3237//2 3238//2 3239//2
f 3237//2 3239//2 3240//2
f 3233//3 3238//3 3237//3
f 3233//3 3234//3 3238//3
f 3235//5 3240//5 3239//5
f 3235//5 3236//5 3240//5
f 3236//6 3237//6 3240//6
f 3236//6 3233//6 3237//6
f 3241//1 3243//1 3242//1
f 3241//1 3244//1 3243//1
f 3241//3 3246//3 3245//3
f 3241//3 3242//3 3246//3
f 3243//5 3248//5 3247//5
f 3243//5 3244//5 3248//5
f 3249//3 3254//3 3253//3
f 3249//3 3250//3 3254//3
f 3251//5 3256//5 3255//5
f 3251//5 3252//5 3256//5
f 3257//3 3262//3 3261//3
f 3257//3 3258//3 3262//3
f 3258//4 3263//4 3262//4
f 3258//4 3259//4 3263//4
f 3259//5 3264//5 3263//5
f 3259//5 3260//5 3264//5
f 3269//2 3270//2 3271//2
f 3269//2 3271//2 3272//2
f 3265//3 3270//3 3269//3
f 3265//3 3266//3 3270//3
f 3267//5 3272//5 3271//5
f 3267//5 3268//5 3272//5
f 3273//1 3275//1 3274//1
f 3273//1 3276//1 3275//1
f 3277//2 3278//2 3279//2
f 3277//2 3279//2 3280//2
f 3273//3 3278//3 3277//3
f 3273//3 3274//3 3278//3
f 3275//5 3280//5 3279//5
f 3275//5 3276//5 3280//5
f 3281//1 3283//1 3282//1
f 3281//1 3284//1 3283//1
f 3281//3 3286//3 3285//3
f 3281//3 3282//3 3286//3
f 3282//4 3287//4 3286//4
f 3282//4 3283//4 3287//4
f 3283//5 3288//5 3287//5
f 3283//5 3284//5 3288//5
f 3289//3 3294//3 3293//3
f 3289//3 3290//3 3294//3
f 3290//4 3295//4 3294//4
f 3290//4 3291//4 3295//4
f 3291//5 3296//5 3295//5
f 3291//5 3292//5 3296//5
f 3297//3 3302//3 3301//3
f 3297//3 3298//3 3302//3
f 3298//4 3303//4 3302//4
f 3298//4 3299//4 3303//4
f 3299//5 3304//5 3303//5
f 3299//5 3300//5 3304//5
f 3305//3 3310//3 3309//3
f 3305//3 3306//3 3310//3
f 3306//4 3311//4 3310//4
f 3306//4 3307//4 3311//4
f 3307//5 3312//5 3311//5
f 3307//5 3308//5 3312//5
f 3313//3 3318//3 3317//3
f 3313//3 3314//3 3318//3
f 3314//4 3319//4 3318//4
f 3314//4 3315//4 3319//4
f 3315//5 3320//5 3319//5
f 3315//5 3316//5 3320//5
f 3321//3 3326//3 3325//3
f 3321//3 3322//3 3326//3
f 3323//5 3328//5 3327//5
f 3323//5 3324//5 3328//5
f 3329//3 3334//3 3333//3
f 3329//3 3330//3 3334//3
f 3331//5 3336//5 3335//5
f 3331//5 3332//5 3336//5
f 3337//3 3342//3 3341//3
f 3337//3 3338//3 3342//3
f 3339//5 3344//5 3343//5
f 3339//5 3340//5 3344//5
f 3345//3 3350//3 3349//3
f 3345//3 3346//3 3350//3
f 3347//5 3352//5 3351//5
f 3347//5 3348//5 3352//5
f 3353//3 3358//3 3357//3
f 3353//3 3354//3 3358//3
f 3355//5 3360//5 3359//5
f 3355//5 3356//5 3360//5
f 3361//3 3366//3 3365//3
f 3361//3 3362//3 3366//3
f 3363//5 3368//5 3367//5
f 3363//5 3364//5 3368//5
f 3369//3 3374//3 3373//3
f 3369//3 3370//3 3374//3
f 3371//5 3376//5 3375//5
f 3371//5 3372//5 3376//5
f 3377//3 3382//3 3381//3
f 3377//3 3378//3 3382//3
f 3379//5 3384//5 3383//5
f 3379//5 3380//5 3384//5
f 3385//3 3390//3 3389//3
f 3385//3 3386//3 3390//3
f 3387//5 3392//5 3391//5
f 3387//5 3388//5 3392//5
f 3393//3 3398//3 3397//3
f 3393//3 3394//3 3398//3
f 3395//5 3400//5 3399//5
f 3395//5 3396//5 3400//5
f 3396//6 3397//6 3400//6
f 3396//6 3393//6 3397//6
f 3401//3 3406//3 3405//3
f 3401//3 3402//3 3406//3
f 3403//5 3408//5 3407//5
f 3403//5 3404//5 3408//5
f 3404//6 3405//6 3408//6
f 3404//6 3401//6 3405//6
f 3409//3 3414//3 3413//3
f 3409//3 3410//3 3414//3
f 3411//5 3416//5 3415//5
f 3411//5 3412//5 3416//5
f 3412//6 3413//6 3416//6
f 3412//6 3409//6 3413//6
f 3421//2 3422//2 3423//2
f 3421//2 3423//2 3424//2
f 3417//3 3422//3 3421//3
f 3417//3 3418//3 3422//3
f 3419//5 3424//5 3423//5
f 3419//5 3420//5 3424//5
f 3420//6 3421//6 3424//6
f 3420//6 3417//6 3421//6
f 3425//1 3427//1 3426//1
f 3425//1 3428//1 3427//1
f 3425//3 3430//3 3429//3
f 3425//3 3426//3 3430//3
f 3426//4 3431//4 3430//4
f 3426//4 3427//4 3431//4
f 3427//5 3432//5 3431//5
f 3427//5 3428//5 3432//5
f 3433//3 3438//3 3437//3
f 3433//3 3434//3 3438//3
f 3434//4 3439//4 3438//4
f 3434//4 3435//4 3439//4
f 3435//5 3440//5 3439//5
f 3435//5 3436//5 3440//5
f 3441//3 3446//3 3445//3
f 3441//3 3442//3 3446//3
f 3442//4 3447//4 3446//4
f 3442//4 3443//4 3447//4
f 3443//5 3448//5 3447//5
f 3443//5 3444//5 3448//5
f 3449//3 3454//3 3453//3
f 3449//3 3450//3 3454//3
f 3451//5 3456//5 3455//5
f 3451//5 3452//5 3456//5
f 3457//3 3462//3 3461//3
f 3457//3 3458//3 3462//3
f 3459//5 3464//5 3463//5
f 3459//5 3460//5 3464//5
f 3460//6 3461//6 3464//6
f 3460//6 3457//6 3461//6
f 3465//3 3470//3 3469//3
f 3465//3 3466//3 3470//3
f 3467//5 3472//5 3471//5
f 3467//5 3468//5 3472//5
f 3468//6 3469//6 3472//6
f 3468//6 3465//6 3469//6
f 3473//3 3478//3 3477//3
f 3473//3 3474//3 3478//3
f 3475//5 3480//5 3479//5
f 3475//5 3476//5 3480//5
f 3476//6 3477//6 3480//6
f 3476//6 3473//6 3477//6
f 3485//2 3486//2 3487//2
f 3485//2 3487//2 3488//2
f 3481//3 3486//3 3485//3
f 3481//3 3482//3 3486//3
f 3484//6 3485//6 3488//6
f 3484//6 3481//6 3485//6
f 3489//1 3491//1 3490//1
f 3489//1 3492//1 3491//1
f 3490//4 3495//4 3494//4
f 3490//4 3491//4 3495//4
f 3491//5 3496//5 3495//5
f 3491//5 3492//5 3496//5
f 3492//6 3493//6 3496//6
f 3492//6 3489//6 3493//6
f 3497//3 3502//3 3501//3
f 3497//3 3498//3 3502//3
f 3498//4 3503//4 3502//4
f 3498//4 3499//4 3503//4
f 3499//5 3504//5 3503//5
f 3499//5 3500//5 3504//5
f 3500//6 3501//6 3504//6
f 3500//6 3497//6 3501//6
f 3509//2 3510//2 3511//2
f 3509//2 3511//2 3512//2
f 3505//3 3510//3 3509//3
f 3505//3 3506//3 3510//3
f 3506//4 3511//4 3510//4
f 3506//4 3507//4 3511//4
f 3508//6 3509//6 3512//6
f 3508//6 3505//6 3509//6
f 3513//1 3515//1 3514//1
f 3513//1 3516//1 3515//1
f 3514//4 3519//4 3518//4
f 3514//4 3515//4 3519//4
f 3515//5 3520//5 3519//5
f 3515//5 3516//5 3520//5
f 3516//6 3517//6 3520//6
f 3516//6 3513//6 3517//6
f 3525//2 3526//2 3527//2
f 3525//2 3527//2 3528//2
f 3521//3 3526//3 3525//3
f 3521//3 3522//3 3526//3
f 3522//4 3527//4 3526//4
f 3522//4 3523//4 3527//4
f 3523//5 3528//5 3527//5
f 3523//5 3524//5 3528//5
f 3524//6 3525//6 3528//6
f 3524//6 3521//6 3525//6
f 3529//1 3531//1 3530//1
f 3529//1 3532//1 3531//1
f 3529//3 3534//3 3533//3
f 3529//3 3530//3 3534//3
f 3530//4 3535//4 3534//4
f 3530//4 3531//4 3535//4
f 3531//5 3536//5 3535//5
f 3531//5 3532//5 3536//5
f 3532//6 3533//6 3536//6
f 3532//6 3529//6 3533//6
f 3541//2 3542//2 3543//2
f 3541//2 3543//2 3544//2
f 3537//3 3542//3 3541//3
f 3537//3 3538//3 3542//3
f 3538//4 3543//4 3542//4
f 3538//4 3539//4 3543//4
f 3540//6 3541//6 3544//6
f 3540//6 3537//6 3541//6
f 3545//1 3547//1 3546//1
f 3545//1 3548//1 3547//1
f 3546//4 3551//4 3550//4
f 3546//4 3547//4 3551//4
f 3547//5 3552//5 3551//5
f 3547//5 3548//5 3552//5
f 3548//6 3549//6 3552//6
f 3548//6 3545//6 3549//6
f 3553//3 3558//3 3557//3
f 3553//3 3554//3 3558//3
f 3554//4 3559//4 3558//4
f 3554//4 3555//4 3559//4
f 3555//5 3560//5 3559//5
f 3555//5 3556//5 3560//5
f 3556//6 3557//6 3560//6
f 3556//6 3553//6 3557//6
f 3561//3 3566//3 3565//3
f 3561//3 3562//3 3566//3
f 3562//4 3567//4 3566//4
f 3562//4 3563//4 3567//4
f 3564//6 3565//6 3568//6
f 3564//6 3561//6 3565//6
f 3573//2 3574//2 3575//2
f 3573//2 3575//2 3576//2
f 3569//3 3574//3 3573//3
f 3569//3 3570//3 3574//3
f 3570//4 3575//4 3574//4
f 3570//4 3571//4 3575//4
f 3572//6 3573//6 3576//6
f 3572//6 3569//6 3573//6
f 3577//1 3579//1 3578//1
f 3577//1 3580//1 3579//1
f 3578//4 3583//4 3582//4
f 3578//4 3579//4 3583//4
f 3580//6 3581//6 3584//6
f 3580//6 3577//6 3581//6
f 3589//2 3590//2 3591//2
f 3589//2 3591//2 3592//2
f 3586//4 3591//4 3590//4
f 3586//4 3587//4 3591//4
f 3587//5 3592//5 3591//5
f 3587//5 3588//5 3592//5
f 3588//6 3589//6 3592//6
f 3588//6 3585//6 3589//6
f 3593//1 3595//1 3594//1
f 3593//1 3596//1 3595//1
f 3593//3 3598//3 3597//3
f 3593//3 3594//3 3598//3
f 3594//4 3599//4 3598//4
f 3594//4 3595//4 3599//4
f 3595//5 3600//5 3599//5
f 3595//5 3596//5 3600//5
f 3605//2 3606//2 3607//2
f 3605//2 3607//2 3608//2
f 3602//4 3607//4 3606//4
f 3602//4 3603//4 3607//4
f 3603//5 3608//5 3607//5
f 3603//5 3604//5 3608//5
f 3604//6 3605//6 3608//6
f 3604//6 3601//6 3605//6
f 3609//1 3611//1 3610//1
f 3609//1 3612//1 3611//1
f 3609//3 3614//3 3613//3
f 3609//3 3610//3 3614//3
f 3610//4 3615//4 3614//4
f 3610//4 3611//4 3615//4
f 3611//5 3616//5 3615//5
f 3611//5 3612//5 3616//5
f 3612//6 3613//6 3616//6
f 3612//6 3609//6 3613//6
f 3617//3 3622//3 3621//3
f 3617//3 3618//3 3622//3
f 3619//5 3624//5 3623//5
f 3619//5 3620//5 3624//5
f 3620//6 3621//6 3624//6
f 3620//6 3617//6 3621//6
f 3625//3 3630//3 3629//3
f 3625//3 3626//3 3630//3
f 3627//5 3632//5 3631//5
f 3627//5 3628//5 3632//5
f 3628//6 3629//6 3632//6
f 3628//6 3625//6 3629//6
f 3637//2 3638//2 3639//2
f 3637//2 3639//2 3640//2
f 3633//3 3638//3 3637//3
f 3633//3 3634//3 3638//3
f 3635//5 3640//5 3639//5
f 3635//5 3636//5 3640//5
f 3636//6 3637//6 3640//6
f 3636//6 3633//6 3637//6
f 3641//1 3643//1 3642//1
f 3641//1 3644//1 3643//1
f 3641//3 3646//3 3645//3
f 3641//3 3642//3 3646//3
f 3642//4 3647//4 3646//4
f 3642//4 3643//4 3647//4
f 3643//5 3648//5 3647//5
f 3643//5 3644//5 3648//5
f 3649//3 3654//3 3653//3
f 3649//3 3650//3 3654//3
f 3650//4 3655//4 3654//4
f 3650//4 3651//4 3655//4
f 3651//5 3656//5 3655//5
f 3651//5 3652//5 3656//5
f 3657//3 3662//3 3661//3
f 3657//3 3658//3 3662//3
f 3658//4 3663//4 3662//4
f 3658//4 3659//4 3663//4
f 3659//5 3664//5 3663//5
f 3659//5 3660//5 3664//5
f 3665//3 3670//3 3669//3
f 3665//3 3666//3 3670//3
f 3666//4 3671//4 3670//4
f 3666//4 3667//4 3671//4
f 3667//5 3672//5 3671//5
f 3667//5 3668//5 3672//5
f 3668//6 3669//6 3672//6
f 3668//6 3665//6 3669//6
f 3673//3 3678//3 3677//3
f 3673//3 3674//3 3678//3
f 3675//5 3680//5 3679//5
f 3675//5 3676//5 3680//5
f 3676//6 3677//6 3680//6
f 3676//6 3673//6 3677//6
f 3681//3 3686//3 3685//3
f 3681//3 3682//3 3686//3
f 3683//5 3688//5 3687//5
f 3683//5 3684//5 3688//5
f 3684//6 3685//6 3688//6
f 3684//6 3681//6 3685//6
f 3689//3 3694//3 3693//3
f 3689//3 3690//3 3694//3
f 3691//5 3696//5 3695//5
f 3691//5 3692//5 3696//5
f 3692//6 3693//6 3696//6
f 3692//6 3689//6 3693//6
f 3697//3 3702//3 3701//3
f 3697//3 3698//3 3702//3
f 3699//5 3704//5 3703//5
f 3699//5 3700//5 3704//5
f 3700//6 3701//6 3704//6
f 3700//6 3697//6 3701//6
f 3709//2 3710//2 3711//2
f 3709//2 3711//2 3712//2
f 3705//3 3710//3 3709//3
f 3705//3 3706//3 3710//3
f 3707//5 3712//5 3711//5
f 3707//5 3708//5 3712//5
f 3708//6 3709//6 3712//6
f 3708//6 3705//6 3709//6
f 3713//1 3715//1 3714//1
f 3713//1 3716//1 3715//1
f 3713//3 3718//3 3717//3
f 3713//3 3714//3 3718//3
f 3714//4 3719//4 3718//4
f 3714//4 3715//4 3719//4
f 3715//5 3720//5 3719//5
f 3715//5 3716//5 3720//5
f 3721//3 3726//3 3725//3
f 3721//3 3722//3 3726//3
f 3722//4 3727//4 3726//4
f 3722//4 3723//4 3727//4
f 3723//5 3728//5 3727//5
f 3723//5 3724//5 3728//5
f 3729//3 3734//3 3733//3
f 3729//3 3730//3 3734//3
f 3730//4 3735//4 3734//4
f 3730//4 3731//4 3735//4
f 3731//5 3736//5 3735//5
f 3731//5 3732//5 3736//5
f 3737//3 3742//3 3741//3
f 3737//3 3738//3 3742//3
f 3738//4 3743//4 3742//4
f 3738//4 3739//4 3743//4
f 3739//5 3744//5 3743//5
f 3739//5 3740//5 3744//5
f 3745//3 3750//3 3749//3
f 3745//3 3746//3 3750//3
f 3746//4 3751//4 3750//4
f 3746//4 3747//4 3751//4
f 3747//5 3752//5 3751//5
f 3747//5 3748//5 3752//5
f 3753//3 3758//3 3757//3
f 3753//3 3754//3 3758//3
f 3754//4 3759//4 3758//4
f 3754//4 3755//4 3759//4
f 3755//5 3760//5 3759//5
f 3755//5 3756//5 3760//5
f 3761//3 3766//3 3765//3
f 3761//3 3762//3 3766//3
f 3763//5 3768//5 3767//5
f 3763//5 3764//5 3768//5
f 3769//3 3774//3 3773//3
f 3769//3 3770//3 3774//3
f 3771//5 3776//5 3775//5
f 3771//5 3772//5 3776//5
f 3777//3 3782//3 3781//3
f 3777//3 3778//3 3782//3
f 3779//5 3784//5 3783//5
f 3779//5 3780//5 3784//5
f 3785//3 3790//3 3789//3
f 3785//3 3786//3 3790//3
f 3787//5 3792//5 3791//5
f 3787//5 3788//5 3792//5
f 3793//3 3798//3 3797//3
f 3793//3 3794//3 3798//3
f 3795//5 3800//5 3799//5
f 3795//5 3796//5 3800//5
f 3801//3 3806//3 3805//3
f 3801//3 3802//3 3806//3
f 3803//5 3808//5 3807//5
f 3803//5 3804//5 3808//5
f 3809//3 3814//3 3813//3
f 3809//3 3810//3 3814//3
f 3811//5 3816//5 3815//5
f 3811//5 3812//5 3816//5
f 3812//6 3813//6 3816//6
f 3812//6 3809//6 3813//6
f 3817//3 3822//3 3821//3
f 3817//3 3818//3 3822//3
f 3819//5 3824//5 3823//5
f 3819//5 3820//5 3824//5
f 3820//6 3821//6 3824//6
f 3820//6 3817//6 3821//6
f 3825//3 3830//3 3829//3
f 3825//3 3826//3 3830//3
f 3827//5 3832//5 3831//5
f 3827//5 3828//5 3832//5
f 3828//6 3829//6 3832//6
f 3828//6 3825//6 3829//6
f 3837//2 3838//2 3839//2
f 3837//2 3839//2 3840//2
f 3833//3 3838//3 3837//3
f 3833//3 3834//3 3838//3
f 3835//5 3840//5 3839//5
f 3835//5 3836//5 3840//5
f 3836//6 3837//6 3840//6
f 3836//6 3833//6 3837//6
f 3841//1 3843//1 3842//1
f 3841//1 3844//1 3843//1
f 3841//3 3846//3 3845//3
f 3841//3 3842//3 3846//3
f 3843//5 3848//5 3847//5
f 3843//5 3844//5 3848//5
f 3844//6 3845//6 3848//6
f 3844//6 3841//6 3845//6
f 3849//3 3854//3 3853//3
f 3849//3 3850//3 3854//3
f 3851//5 3856//5 3855//5
f 3851//5 3852//5 3856//5
f 3857//3 3862//3 3861//3
f 3857//3 3858//3 3862//3
f 3859//5 3864//5 3863//5
f 3859//5 3860//5 3864//5
f 3865//3 3870//3 3869//3
f 3865//3 3866//3 3870//3
f 3867//5 3872//5 3871//5
f 3867//5 3868//5 3872//5
f 3873//3 3878//3 3877//3
f 3873//3 3874//3 3878//3
f 3875//5 3880//5 3879//5
f 3875//5 3876//5 3880//5
f 3881//3 3886//3 3885//3
f 3881//3 3882//3 3886//3
f 3883//5 3888//5 3887//5
f 3883//5 3884//5 3888//5
f 3889//3 3894//3 3893//3
f 3889//3 3890//3 3894//3
f 3891//5 3896//5 3895//5
f 3891//5 3892//5 3896//5
f 3892//6 3893//6 3896//6
f 3892//6 3889//6 3893//6
f 3897//3 3902//3 3901//3
f 3897//3 3898//3 3902//3
f 3899//5 3904//5 3903//5
f 3899//5 3900//5 3904//5
f 3900//6 3901//6 3904//6
f 3900//6 3897//6 3901//6
f 3909//2 3910//2 3911//2
f 3909//2 3911//2 3912//2
f 3905//3 3910//3 3909//3
f 3905//3 3906//3 3910//3
f 3907//5 3912//5 3911//5
f 3907//5 3908//5 3912//5
f 3908//6 3909//6 3912//6
f 3908//6 3905//6 3909//6
f 3913//1 3915//1 3914//1
f 3913//1 3916//1 3915//1
f 3913//3 3918//3 3917//3
f 3913//3 3914//3 3918//3
f 3914//4 3919//4 3918//4
f 3914//4 3915//4 3919//4
f 3915//5 3920//5 3919//5
f 3915//5 3916//5 3920//5
f 3916//6 3917//6 3920//6
f 3916//6 3913//6 3917//6
f 3921//3 3926//3 3925//3
f 3921//3 3922//3 3926//3
f 3922//4 3927//4 3926//4
f 3922//4 3923//4 3927//4
f 3923//5 3928//5 3927//5
f 3923//5 3924//5 3928//5
f 3933//2 3934//2 3935//2
f 3933//2 3935//2 3936//2
f 3929//3 3934//3 3933//3
f 3929//3 3930//3 3934//3
f 3931//5 3936//5 3935//5
f 3931//5 3932//5 3936//5
f 3937//1 3939//1 3938//1
f 3937//1 3940//1 3939//1
f 3937//3 3942//3 3941//3
f 3937//3 3938//3 3942//3
f 3939//5 3944//5 3943//5
f 3939//5 3940//5 3944//5
f 3945//3 3950//3 3949//3
f 3945//3 3946//3 3950//3
f 3947//5 3952//5 3951//5
f 3947//5 3948//5 3952//5
f 3948//6 3949//6 3952//6
f 3948//6 3945//6 3949//6
f 3953//3 3958//3 3957//3
f 3953//3 3954//3 3958//3
f 3955//5 3960//5 3959//5
f 3955//5 3956//5 3960//5
f 3961//3 3966//3 3965//3
f 3961//3 3962//3 3966//3
f 3963//5 3968//5 3967//5
f 3963//5 3964//5 3968//5
f 3964//6 3965//6 3968//6
f 3964//6 3961//6 3965//6
f 3969//3 3974//3 3973//3
f 3969//3 3970//3 3974//3
f 3970//4 3975//4 3974//4
f 3970//4 3971//4 3975//4
f 3971//5 3976//5 3975//5
f 3971//5 3972//5 3976//5
f 3972//6 3973//6 3976//6
f 3972//6 3969//6 3973//6
f 3977//3 3982//3 3981//3
f 3977//3 3978//3 3982//3
f 3978//4 3983//4 3982//4
f 3978//4 3979//4 3983//4
f 3979//5 3984//5 3983//5
f 3979//5 3980//5 3984//5
f 3980//6 3981//6 3984//6
f 3980//6 3977//6 3981//6
f 3985//3 3990//3 3989//3
f 3985//3 3986//3 3990//3
f 3986//4 3991//4 3990//4
f 3986//4 3987//4 3991//4
f 3987//5 3992//5 3991//5
f 3987//5 3988//5 3992//5
f 3988//6 3989//6 3992//6
f 3988//6 3985//6 3989//6
f 3997//2 3998//2 3999//2
f 3997//2 3999//2 4000//2
f 3993//3 3998//3 3997//3
f 3993//3 3994//3 3998//3
f 3995//5 4000//5 3999//5
f 3995//5 3996//5 4000//5
f 3996//6 3997//6 4000//6
f 3996//6 3993//6 3997//6
f 4001//1 4003//1 4002//1
f 4001//1 4004//1 4003//1
f 4001//3 4006//3 4005//3
f 4001//3 4002//3 4006//3
f 4002//4 4007//4 4006//4
f 4002//4 4003//4 4007//4
f 4003//5 4008//5 4007//5
f 4003//5 4004//5 4008//5
f 4009//3 4014//3 4013//3
f 4009//3 4010//3 4014//3
f 4010//4 4015//4 4014//4
f 4010//4 4011//4 4015//4
f 4011//5 4016//5 4015//5
f 4011//5 4012//5 4016//5
f 4017//3 4022//3 4021//3
f 4017//3 4018//3 4022//3
f 4018//4 4023//4 4022//4
f 4018//4 4019//4 4023//4
f 4019//5 4024//5 4023//5
f 4019//5 4020//5 4024//5
f 4025//3 4030//3 4029//3
f 4025//3 4026//3 4030//3
f 4026//4 4031//4 4030//4
f 4026//4 4027//4 4031//4
f 4027//5 4032//5 4031//5
f 4027//5 4028//5 4032//5
f 4033//3 4038//3 4037//3
f 4033//3 4034//3 4038//3
f 4034//4 4039//4 4038//4
f 4034//4 4035//4 4039//4
f 4035//5 4040//5 4039//5
f 4035//5 4036//5 4040//5
f 4041//3 4046//3 4045//3
f 4041//3 4042//3 4046//3
f 4042//4 4047//4 4046//4
f 4042//4 4043//4 4047//4
f 4043//5 4048//5 4047//5
f 4043//5 4044//5 4048//5
f 4049//3 4054//3 4053//3
f 4049//3 4050//3 4054//3
f 4051//5 4056//5 4055//5
f 4051//5 4052//5 4056//5
f 4057//3 4062//3 4061//3
f 4057//3 4058//3 4062//3
f 4059//5 4064//5 4063//5
f 4059//5 4060//5 4064//5
f 4065//3 4070//3 4069//3
f 4065//3 4066//3 4070//3
f 4067//5 4072//5 4071//5
f 4067//5 4068//5 4072//5
f 4073//3 4078//3 4077//3
f 4073//3 4074//3 4078//3
f 4075//5 4080//5 4079//5
f 4075//5 4076//5 4080//5
f 4081//3 4086//3 4085//3
f 4081//3 4082//3 4086//3
f 4083//5 4088//5 4087//5
f 4083//5 4084//5 4088//5
f 4089//3 4094//3 4093//3
f 4089//3 4090//3 4094//3
f 4091//5 4096//5 4095//5
f 4091//5 4092//5 4096//5
f 4097//3 4102//3 4101//3
f 4097//3 4098//3 4102//3
f 4099//5 4104//5 4103//5
f 4099//5 4100//5 4104//5
f 4105//3 4110//3 4109//3
f 4105//3 4106//3 4110//3
f 4107//5 4112//5 4111//5
f 4107//5 4108//5 4112//5
f 4108//6 4109//6 4112//6
f 4108//6 4105//6 4109//6
f 4113//3 4118//3 4117//3
f 4113//3 4114//3 4118//3
f 4115//5 4120//5 4119//5
f 4115//5 4116//5 4120//5
f 4116//6 4117//6 4120//6
f 4116//6 4113//6 4117//6
f 4125//2 4126//2 4127//2
f 4125//2 4127//2 4128//2
f 4121//3 4126//3 4125//3
f 4121//3 4122//3 4126//3
f 4123//5 4128//5 4127//5
f 4123//5 4124//5 4128//5
f 4124//6 4125//6 4128//6
f 4124//6 4121//6 4125//6
f 4129//1 4131//1 4130//1
f 4129//1 4132//1 4131//1
f 4129//3 4134//3 4133//3
f 4129//3 4130//3 4134//3
f 4130//4 4135//4 4134//4
f 4130//4 4131//4 4135//4
f 4131//5 4136//5 4135//5
f 4131//5 4132//5 4136//5
f 4137//3 4142//3 4141//3
f 4137//3 4138//3 4142//3
f 4138//4 4143//4 4142//4
f 4138//4 4139//4 4143//4
f 4139//5 4144//5 4143//5
f 4139//5 4140//5 4144//5
f 4145//3 4150//3 4149//3
f 4145//3 4146//3 4150//3
f 4146//4 4151//4 4150//4
f 4146//4 4147//4 4151//4
f 4147//5 4152//5 4151//5
f 4147//5 4148//5 4152//5
f 4153//3 4158//3 4157//3
f 4153//3 4154//3 4158//3
f 4154//4 4159//4 4158//4
f 4154//4 4155//4 4159//4
f 4155//5 4160//5 4159//5
f 4155//5 4156//5 4160//5
f 4161//3 4166//3 4165//3
f 4161//3 4162//3 4166//3
f 4163//5 4168//5 4167//5
f 4163//5 4164//5 4168//5
f 4169//3 4174//3 4173//3
f 4169//3 4170//3 4174//3
f 4171//5 4176//5 4175//5
f 4171//5 4172//5 4176//5
f 4172//6 4173//6 4176//6
f 4172//6 4169//6 4173//6
f 4181//2 4182//2 4183//2
f 4181//2 4183//2 4184//2
f 4177//3 4182//3 4181//3
f 4177//3 4178//3 4182//3
f 4179//5 4184//5 4183//5
f 4179//5 4180//5 4184//5
f 4180//6 4181//6 4184//6
f 4180//6 4177//6 4181//6
f 4185//1 4187//1 4186//1
f 4185//1 4188//1 4187//1
f 4185//3 4190//3 4189//3
f 4185//3 4186//3 4190//3
f 4186//4 4191//4 4190//4
f 4186//4 4187//4 4191//4
f 4187//5 4192//5 4191//5
f 4187//5 4188//5 4192//5
f 4188//6 4189//6 4192//6
f 4188//6 4185//6 4189//6
f 4197//2 4198//2 4199//2
f 4197//2 4199//2 4200//2
f 4193//3 4198//3 4197//3
f 4193//3 4194//3 4198//3
f 4194//4 4199//4 4198//4
f 4194//4 4195//4 4199//4
f 4196//6 4197//6 4200//6
f 4196//6 4193//6 4197//6
f 4201//1 4203//1 4202//1
f 4201//1 4204//1 4203//1
f 4205//2 4206//2 4207//2
f 4205//2 4207//2 4208//2
f 4201//3 4206//3 4205//3
f 4201//3 4202//3 4206//3
f 4202//4 4207//4 4206//4
f 4202//4 4203//4 4207//4
f 4203//5 4208//5 4207//5
f 4203//5 4204//5 4208//5
f 4204//6 4205//6 4208//6
f 4204//6 4201//6 4205//6
f 4209//1 4211//1 4210//1
f 4209//1 4212//1 4211//1
f 4210//4 4215//4 4214//4
f 4210//4 4211//4 4215//4
f 4211//5 4216//5 4215//5
f 4211//5 4212//5 4216//5
f 4212//6 4213//6 4216//6
f 4212//6 4209//6 4213//6
f 4217//3 4222//3 4221//3
f 4217//3 4218//3 4222//3
f 4218//4 4223//4 4222//4
f 4218//4 4219//4 4223//4
f 4219//5 4224//5 4223//5
f 4219//5 4220//5 4224//5
f 4220//6 4221//6 4224//6
f 4220//6 4217//6 4221//6
f 4225//3 4230//3 4229//3
f 4225//3 4226//3 4230//3
f 4226//4 4231//4 4230//4
f 4226//4 4227//4 4231//4
f 4228//6 4229//6 4232//6
f 4228//6 4225//6 4229//6
f 4233//3 4238//3 4237//3
f 4233//3 4234//3 4238//3
f 4234//4 4239//4 4238//4
f 4234//4 4235//4 4239//4
f 4236//6 4237//6 4240//6
f 4236//6 4233//6 4237//6
f 4245//2 4246//2 4247//2
f 4245//2 4247//2 4248//2
f 4241//3 4246//3 4245//3
f 4241//3 4242//3 4246//3
f 4242//4 4247//4 4246//4
f 4242//4 4243//4 4247//4
f 4244//6 4245//6 4248//6
f 4244//6 4241//6 4245//6
f 4249//1 4251//1 4250//1
f 4249//1 4252//1 4251//1
f 4250//4 4255//4 4254//4
f 4250//4 4251//4 4255//4
f 4251//5 4256//5 4255//5
f 4251//5 4252//5 4256//5
f 4252//6 4253//6 4256//6
f 4252//6 4249//6 4253//6
f 4258//4 4263//4 4262//4
f 4258//4 4259//4 4263//4
f 4259//5 4264//5 4263//5
f 4259//5 4260//5 4264//5
f 4260//6 4261//6 4264//6
f 4260//6 4257//6 4261//6
f 4269//2 4270//2 4271//2
f 4269//2 4271//2 4272//2
f 4266//4 4271//4 4270//4
f 4266//4 4267//4 4271//4
f 4267//5 4272//5 4271//5
f 4267//5 4268//5 4272//5
f 4268//6 4269//6 4272//6
f 4268//6 4265//6 4269//6
f 4273//1 4275//1 4274//1
f 4273//1 4276//1 4275//1
f 4273//3 4278//3 4277//3
f 4273//3 4274//3 4278//3
f 4274//4 4279//4 4278//4
f 4274//4 4275//4 4279//4
f 4275//5 4280//5 4279//5
f 4275//5 4276//5 4280//5
f 4281//3 4286//3 4285//3
f 4281//3 4282//3 4286//3
f 4282//4 4287//4 4286//4
f 4282//4 4283//4 4287//4
f 4283//5 4288//5 4287//5
f 4283//5 4284//5 4288//5
f 4289//3 4294//3 4293//3
f 4289//3 4290//3 4294//3
f 4290//4 4295//4 4294//4
f 4290//4 4291//4 4295//4
f 4291//5 4296//5 4295//5
f 4291//5 4292//5 4296//5
f 4297//3 4302//3 4301//3
f 4297//3 4298//3 4302//3
f 4298//4 4303//4 4302//4
f 4298//4 4299//4 4303//4
f 4299//5 4304//5 4303//5
f 4299//5 4300//5 4304//5
f 4300//6 4301//6 4304//6
f 4300//6 4297//6 4301//6
f 4305//3 4310//3 4309//3
f 4305//3 4306//3 4310//3
f 4307//5 4312//5 4311//5
f 4307//5 4308//5 4312//5
f 4308//6 4309//6 4312//6
f 4308//6 4305//6 4309//6
f 4313//3 4318//3 4317//3
f 4313//3 4314//3 4318//3
f 4315//5 4320//5 4319//5
f 4315//5 4316//5 4320//5
f 4316//6 4317//6 4320//6
f 4316//6 4313//6 4317//6
f 4321//3 4326//3 4325//3
f 4321//3 4322//3 4326//3
f 4322//4 4327//4 4326//4
f 4322//4 4323//4 4327//4
f 4323//5 4328//5 4327//5
f 4323//5 4324//5 4328//5
f 4324//6 4325//6 4328//6
f 4324//6 4321//6 4325//6
f 4333//2 4334//2 4335//2
f 4333//2 4335//2 4336//2
f 4329//3 4334//3 4333//3
f 4329//3 4330//3 4334//3
f 4331//5 4336//5 4335//5
f 4331//5 4332//5 4336//5
f 4332//6 4333//6 4336//6
f 4332//6 4329//6 4333//6
f 4337//1 4339//1 4338//1
f 4337//1 4340//1 4339//1
f 4337//3 4342//3 4341//3
f 4337//3 4338//3 4342//3
f 4338//4 4343//4 4342//4
f 4338//4 4339//4 4343//4
f 4339//5 4344//5 4343//5
f 4339//5 4340//5 4344//5
f 4345//3 4350//3 4349//3
f 4345//3 4346//3 4350//3
f 4346//4 4351//4 4350//4
f 4346//4 4347//4 4351//4
f 4347//5 4352//5 4351//5
f 4347//5 4348//5 4352//5
f 4353//3 4358//3 4357//3
f 4353//3 4354//3 4358//3
f 4355//5 4360//5 4359//5
f 4355//5 4356//5 4360//5
f 4361//3 4366//3 4365//3
f 4361//3 4362//3 4366//3
f 4363//5 4368//5 4367//5
f 4363//5 4364//5 4368//5
f 4369//3 4374//3 4373//3
f 4369//3 4370//3 4374//3
f 4371//5 4376//5 4375//5
f 4371//5 4372//5 4376//5
f 4381//2 4382//2 4383//2
f 4381//2 4383//2 4384//2
f 4377//3 4382//3 4381//3
f 4377//3 4378//3 4382//3
f 4379//5 4384//5 4383//5
f 4379//5 4380//5 4384//5
f 4380//6 4381//6 4384//6
f 4380//6 4377//6 4381//6
f 4385//1 4387//1 4386//1
f 4385//1 4388//1 4387//1
f 4385//3 4390//3 4389//3
f 4385//3 4386//3 4390//3
f 4387//5 4392//5 4391//5
f 4387//5 4388//5 4392//5
f 4393//3 4398//3 4397//3
f 4393//3 4394//3 4398//3
f 4395//5 4400//5 4399//5
f 4395//5 4396//5 4400//5
f 4401//3 4406//3 4405//3
f 4401//3 4402//3 4406//3
f 4403//5 4408//5 4407//5
f 4403//5 4404//5 4408//5
f 4409//3 4414//3 4413//3
f 4409//3 4410//3 4414//3
f 4411//5 4416//5 4415//5
f 4411//5 4412//5 4416//5
f 4417//3 4422//3 4421//3
f 4417//3 4418//3 4422//3
f 4419//5 4424//5 4423//5
f 4419//5 4420//5 4424//5
f 4425//3 4430//3 4429//3
f 4425//3 4426//3 4430//3
f 4427//5 4432//5 4431//5
f 4427//5 4428//5 4432//5
f 4433//3 4438//3 4437//3
f 4433//3 4434//3 4438//3
f 4435//5 4440//5 4439//5
f 4435//5 4436//5 4440//5
f 4441//3 4446//3 4445//3
f 4441//3 4442//3 4446//3
f 4443//5 4448//5 4447//5
f 4443//5 4444//5 4448//5
f 4449//3 4454//3 4453//3
f 4449//3 4450//3 4454//3
f 4451//5 4456//5 4455//5
f 4451//5 4452//5 4456//5
f 4457//3 4462//3 4461//3
f 4457//3 4458//3 4462//3
f 4459//5 4464//5 4463//5
f 4459//5 4460//5 4464//5
f 4465//3 4470//3 4469//3
f 4465//3 4466//3 4470//3
f 4467//5 4472//5 4471//5
f 4467//5 4468//5 4472//5
f 4468//6 4469//6 4472//6
f 4468//6 4465//6 4469//6
f 4473//3 4478//3 4477//3
f 4473//3 4474//3 4478//3
f 4475//5 4480//5 4479//5
f 4475//5 4476//5 4480//5
f 4476//6 4477//6 4480//6
f 4476//6 4473//6 4477//6
f 4481//3 4486//3 4485//3
f 4481//3 4482//3 4486//3
f 4483//5 4488//5 4487//5
f 4483//5 4484//5 4488//5
f 4484//6 4485//6 4488//6
f 4484//6 4481//6 4485//6
f 4493//2 4494//2 4495//2
f 4493//2 4495//2 4496//2
f 4489//3 4494//3 4493//3
f 4489//3 4490//3 4494//3
f 4491//5 4496//5 4495//5
f 4491//5 4492//5 4496//5
f 4492//6 4493//6 4496//6
f 4492//6 4489//6 4493//6
f 4497//1 4499//1 4498//1
f 4497//1 4500//1 4499//1
f 4497//3 4502//3 4501//3
f 4497//3 4498//3 4502//3
f 4499//5 4504//5 4503//5
f 4499//5 4500//5 4504//5
f 4505//3 4510//3 4509//3
f 4505//3 4506//3 4510//3
f 4507//5 4512//5 4511//5
f 4507//5 4508//5 4512//5
f 4513//3 4518//3 4517//3
f 4513//3 4514//3 4518//3
f 4515//5 4520//5 4519//5
f 4515//5 4516//5 4520//5
f 4521//3 4526//3 4525//3
f 4521//3 4522//3 4526//3
f 4523//5 4528//5 4527//5
f 4523//5 4524//5 4528//5
f 4529//3 4534//3 4533//3
f 4529//3 4530//3 4534//3
f 4531//5 4536//5 4535//5
f 4531//5 4532//5 4536//5
f 4537//3 4542//3 4541//3
f 4537//3 4538//3 4542//3
f 4539//5 4544//5 4543//5
f 4539//5 4540//5 4544//5
f 4545//3 4550//3 4549//3
f 4545//3 4546//3 4550//3
f 4547//5 4552//5 4551//5
f 4547//5 4548//5 4552//5
f 4553//3 4558//3 4557//3
f 4553//3 4554//3 4558//3
f 4555//5 4560//5 4559//5
f 4555//5 4556//5 4560//5
f 4561//3 4566//3 4565//3
f 4561//3 4562//3 4566//3
f 4563//5 4568//5 4567//5
f 4563//5 4564//5 4568//5
f 4569//3 4574//3 4573//3
f 4569//3 4570//3 4574//3
f 4571//5 4576//5 4575//5
f 4571//5 4572//5 4576//5
f 4572//6 4573//6 4576//6
f 4572//6 4569//6 4573//6
f 4577//3 4582//3 4581//3
f 4577//3 4578//3 4582//3
f 4579//5 4584//5 4583//5
f 4579//5 4580//5 4584//5
f 4580//6 4581//6 4584//6
f 4580//6 4577//6 4581//6
f 4585//3 4590//3 4589//3
f 4585//3 4586//3 4590//3
f 4587//5 4592//5 4591//5
f 4587//5 4588//5 4592//5
f 4588//6 4589//6 4592//6
f 4588//6 4585//6 4589//6
f 4593//3 4598//3 4597//3
f 4593//3 4594//3 4598//3
f 4595//5 4600//5 4599//5
f 4595//5 4596//5 4600//5
f 4596//6 4597//6 4600//6
f 4596//6 4593//6 4597//6
f 4601//3 4606//3 4605//3
f 4601//3 4602//3 4606//3
f 4603//5 4608//5 4607//5
f 4603//5 4604//5 4608//5
f 4604//6 4605//6 4608//6
f 4604//6 4601//6 4605//6
f 4613//2 4614//2 4615//2
f 4613//2 4615//2 4616//2
f 4609//3 4614//3 4613//3
f 4609//3 4610//3 4614//3
f 4610//4 4615//4 4614//4
f 4610//4 4611//4 4615//4
f 4611//5 4616//5 4615//5
f 4611//5 4612//5 4616//5
f 4612//6 4613//6 4616//6
f 4612//6 4609//6 4613//6
f 4617//1 4619//1 4618//1
f 4617//1 4620//1 4619//1
f 4617//3 4622//3 4621//3
f 4617//3 4618//3 4622//3
f 4619//5 4624//5 4623//5
f 4619//5 4620//5 4624//5
f 4625//3 4630//3 4629//3
f 4625//3 4626//3 4630//3
f 4626//4 4631//4 4630//4
f 4626//4 4627//4 4631//4
f 4627//5 4632//5 4631//5
f 4627//5 4628//5 4632//5
f 4628//6 4629//6 4632//6
f 4628//6 4625//6 4629//6
f 4633//3 4638//3 4637//3
f 4633//3 4634//3 4638//3
f 4634//4 4639//4 4638//4
f 4634//4 4635//4 4639//4
f 4635//5 4640//5 4639//5
f 4635//5 4636//5 4640//5
f 4641//3 4646//3 4645//3
f 4641//3 4642//3 4646//3
f 4642//4 4647//4 4646//4
f 4642//4 4643//4 4647//4
f 4643//5 4648//5 4647//5
f 4643//5 4644//5 4648//5
f 4649//3 4654//3 4653//3
f 4649//3 4650//3 4654//3
f 4650//4 4655//4 4654//4
f 4650//4 4651//4 4655//4
f 4651//5 4656//5 4655//5
f 4651//5 4652//5 4656//5
f 4661//2 4662//2 4663//2
f 4661//2 4663//2 4664//2
f 4657//3 4662//3 4661//3
f 4657//3 4658//3 4662//3
f 4658//4 4663//4 4662//4
f 4658//4 4659//4 4663//4
f 4659//5 4664//5 4663//5
f 4659//5 4660//5 4664//5
f 4665//1 4667//1 4666//1
f 4665//1 4668//1 4667//1
f 4665//3 4670//3 4669//3
f 4665//3 4666//3 4670//3
f 4667//5 4672//5 4671//5
f 4667//5 4668//5 4672//5
f 4673//3 4678//3 4677//3
f 4673//3 4674//3 4678//3
f 4675//5 4680//5 4679//5
f 4675//5 4676//5 4680//5
f 4676//6 4677//6 4680//6
f 4676//6 4673//6 4677//6
f 4681//3 4686//3 4685//3
f 4681//3 4682//3 4686//3
f 4683//5 4688//5 4687//5
f 4683//5 4684//5 4688//5
f 4684//6 4685//6 4688//6
f 4684//6 4681//6 4685//6
f 4689//3 4694//3 4693//3
f 4689//3 4690//3 4694//3
f 4691//5 4696//5 4695//5
f 4691//5 4692//5 4696//5
f 4692//6 4693//6 4696//6
f 4692//6 4689//6 4693//6
f 4697//3 4702//3 4701//3
f 4697//3 4698//3 4702//3
f 4699//5 4704//5 4703//5
f 4699//5 4700//5 4704//5
f 4700//6 4701//6 4704//6
f 4700//6 4697//6 4701//6
f 4705//3 4710//3 4709//3
f 4705//3 4706//3 4710//3
f 4707//5 4712//5 4711//5
f 4707//5 4708//5 4712//5
f 4708//6 4709//6 4712//6
f 4708//6 4705//6 4709//6
f 4717//2 4718//2 4719//2
f 4717//2 4719//2 4720//2
f 4713//3 4718//3 4717//3
f 4713//3 4714//3 4718//3
f 4715//5 4720//5 4719//5
f 4715//5 4716//5 4720//5
f 4716//6 4717//6 4720//6
f 4716//6 4713//6 4717//6
f 4721//1 4723//1 4722//1
f 4721//1 4724//1 4723//1
f 4721//3 4726//3 4725//3
f 4721//3 4722//3 4726//3
f 4722//4 4727//4 4726//4
f 4722//4 4723//4 4727//4
f 4723//5 4728//5 4727//5
f 4723//5 4724//5 4728//5
f 4729//3 4734//3 4733//3
f 4729//3 4730//3 4734//3
f 4730//4 4735//4 4734//4
f 4730//4 4731//4 4735//4
f 4731//5 4736//5 4735//5
f 4731//5 4732//5 4736//5
f 4737//3 4742//3 4741//3
f 4737//3 4738//3 4742//3
f 4738//4 4743//4 4742//4
f 4738//4 4739//4 4743//4
f 4739//5 4744//5 4743//5
f 4739//5 4740//5 4744//5
f 4745//3 4750//3 4749//3
f 4745//3 4746//3 4750//3
f 4746//4 4751//4 4750//4
f 4746//4 4747//4 4751//4
f 4747//5 4752//5 4751//5
f 4747//5 4748//5 4752//5
f 4753//3 4758//3 4757//3
f 4753//3 4754//3 4758//3
f 4755//5 4760//5 4759//5
f 4755//5 4756//5 4760//5
f 4761//3 4766//3 4765//3
f 4761//3 4762//3 4766//3
f 4763//5 4768//5 4767//5
f 4763//5 4764//5 4768//5
f 4769//3 4774//3 4773//3
f 4769//3 4770//3 4774//3
f 4771//5 4776//5 4775//5
f 4771//5 4772//5 4776//5
f 4777//3 4782//3 4781//3
f 4777//3 4778//3 4782//3
f 4779//5 4784//5 4783//5
f 4779//5 4780//5 4784//5
f 4785//3 4790//3 4789//3
f 4785//3 4786//3 4790//3
f 4787//5 4792//5 4791//5
f 4787//5 4788//5 4792//5
f 4793//3 4798//3 4797//3
f 4793//3 4794//3 4798//3
f 4795//5 4800//5 4799//5
f 4795//5 4796//5 4800//5
f 4801//3 4806//3 4805//3
f 4801//3 4802//3 4806//3
f 4803//5 4808//5 4807//5
f 4803//5 4804//5 4808//5
f 4804//6 4805//6 4808//6
f 4804//6 4801//6 4805//6
f 4809//3 4814//3 4813//3
f 4809//3 4810//3 4814//3
f 4811//5 4816//5 4815//5
f 4811//5 4812//5 4816//5
f 4812//6 4813//6 4816//6
f 4812//6 4809//6 4813//6
f 4817//3 4822//3 4821//3
f 4817//3 4818//3 4822//3
f 4819//5 4824//5 4823//5
f 4819//5 4820//5 4824//5
f 4820//6 4821//6 4824//6
f 4820//6 4817//6 4821//6
f 4829//2 4830//2 4831//2
f 4829//2 4831//2 4832//2
f 4825//3 4830//3 4829//3
f 4825//3 4826//3 4830//3
f 4827//5 4832//5 4831//5
f 4827//5 4828//5 4832//5
f 4828//6 4829//6 4832//6
f 4828//6 4825//6 4829//6
f 4833//1 4835//1 4834//1
f 4833//1 4836//1 4835//1
f 4833//3 4838//3 4837//3
f 4833//3 4834//3 4838//3
f 4834//4 4839//4 4838//4
f 4834//4 4835//4 4839//4
f 4835//5 4840//5 4839//5
f 4835//5 4836//5 4840//5
f 4841//3 4846//3 4845//3
f 4841//3 4842//3 4846//3
f 4842//4 4847//4 4846//4
f 4842//4 4843//4 4847//4
f 4843//5 4848//5 4847//5
f 4843//5 4844//5 4848//5
f 4849//3 4854//3 4853//3
f 4849//3 4850//3 4854//3
f 4851//5 4856//5 4855//5
f 4851//5 4852//5 4856//5
f 4857//3 4862//3 4861//3
f 4857//3 4858//3 4862//3
f 4859//5 4864//5 4863//5
f 4859//5 4860//5 4864//5
f 4860//6 4861//6 4864//6
f 4860//6 4857//6 4861//6
f 4869//2 4870//2 4871//2
f 4869//2 4871//2 4872//2
f 4865//3 4870//3 4869//3
f 4865//3 4866//3 4870//3
f 4867//5 4872//5 4871//5
f 4867//5 4868//5 4872//5
f 4868//6 4869//6 4872//6
f 4868//6 4865//6 4869//6
f 4873//1 4875//1 4874//1
f 4873//1 4876//1 4875//1
f 4873//3 4878//3 4877//3
f 4873//3 4874//3 4878//3
f 4875//5 4880//5 4879//5
f 4875//5 4876//5 4880//5
f 4876//6 4877//6 4880//6
f 4876//6 4873//6 4877//6
f 4885//2 4886//2 4887//2
f 4885//2 4887//2 4888//2
f 4881//3 4886//3 4885//3
f 4881//3 4882//3 4886//3
f 4883//5 4888//5 4887//5
f 4883//5 4884//5 4888//5
f 4884//6 4885//6 4888//6
f 4884//6 4881//6 4885//6
f 4889//1 4891//1 4890//1
f 4889//1 4892//1 4891//1
f 4889//3 4894//3 4893//3
f 4889//3 4890//3 4894//3
f 4890//4 4895//4 4894//4
f 4890//4 4891//4 4895//4
f 4891//5 4896//5 4895//5
f 4891//5 4892//5 4896//5
f 4892//6 4893//6 4896//6
f 4892//6 4889//6 4893//6
f 4897//3 4902//3 4901//3
f 4897//3 4898//3 4902//3
f 4898//4 4903//4 4902//4
f 4898//4 4899//4 4903//4
f 4899//5 4904//5 4903//5
f 4899//5 4900//5 4904//5
f 4900//6 4901//6 4904//6
f 4900//6 4897//6 4901//6
f 4905//3 4910//3 4909//3
f 4905//3 4906//3 4910//3
f 4906//4 4911//4 4910//4
f 4906//4 4907//4 4911//4
f 4907//5 4912//5 4911//5
f 4907//5 4908//5 4912//5
f 4908//6 4909//6 4912//6
f 4908//6 4905//6 4909//6
f 4917//2 4918//2 4919//2
f 4917//2 4919//2 4920//2
f 4913//3 4918//3 4917//3
f 4913//3 4914//3 4918//3
f 4914//4 4919//4 4918//4
f 4914//4 4915//4 4919//4
f 4915//5 4920//5 4919//5
f 4915//5 4916//5 4920//5
f 4916//6 4917//6 4920//6
f 4916//6 4913//6 4917//6
f 4921//1 4923//1 4922//1
f 4921//1 4924//1 4923//1
f 4921//3 4926//3 4925//3
f 4921//3 4922//3 4926//3
f 4922//4 4927//4 4926//4
f 4922//4 4923//4 4927//4
f 4923//5 4928//5 4927//5
f 4923//5 4924//5 4928//5
f 4933//2 4934//2 4935//2
f 4933//2 4935//2 4936//2
f 4929//3 4934//3 4933//3
f 4929//3 4930//3 4934//3
f 4930//4 4935//4 4934//4
f 4930//4 4931//4 4935//4
f 4931//5 4936//5 4935//5
f 4931//5 4932//5 4936//5
f 4937//1 4939//1 4938//1
f 4937//1 4940//1 4939//1
f 4937//3 4942//3 4941//3
f 4937//3 4938//3 4942//3
f 4938//4 4943//4 4942//4
f 4938//4 4939//4 4943//4
f 4939//5 4944//5 4943//5
f 4939//5 4940//5 4944//5
f 4945//3 4950//3 4949//3
f 4945//3 4946//3 4950//3
f 4946//4 4951//4 4950//4
f 4946//4 4947//4 4951//4
f 4947//5 4952//5 4951//5
f 4947//5 4948//5 4952//5
f 4948//6 4949//6 4952//6
f 4948//6 4945//6 4949//6
f 4953//3 4958//3 4957//3
f 4953//3 4954//3 4958//3
f 4955//5 4960//5 4959//5
f 4955//5 4956//5 4960//5
f 4956//6 4957//6 4960//6
f 4956//6 4953//6 4957//6
f 4965//2 4966//2 4967//2
f 4965//2 4967//2 4968//2
f 4961//3 4966//3 4965//3
f 4961//3 4962//3 4966//3
f 4963//5 4968//5 4967//5
f 4963//5 4964//5 4968//5
f 4964//6 4965//6 4968//6
f 4964//6 4961//6 4965//6
f 4969//1 4971//1 4970//1
f 4969//1 4972//1 4971//1
f 4969//3 4974//3 4973//3
f 4969//3 4970//3 4974//3
f 4970//4 4975//4 4974//4
f 4970//4 4971//4 4975//4
f 4971//5 4976//5 4975//5
f 4971//5 4972//5 4976//5
f 4977//3 4982//3 4981//3
f 4977//3 4978//3 4982//3
f 4978//4 4983//4 4982//4
f 4978//4 4979//4 4983//4
f 4979//5 4984//5 4983//5
f 4979//5 4980//5 4984//5
f 4985//3 4990//3 4989//3
f 4985//3 4986//3 4990//3
f 4986//4 4991//4 4990//4
f 4986//4 4987//4 4991//4
f 4987//5 4992//5 4991//5
f 4987//5 4988//5 4992//5
f 4993//3 4998//3 4997//3
f 4993//3 4994//3 4998//3
f 4994//4 4999//4 4998//4
f 4994//4 4995//4 4999//4
f 4995//5 5000//5 4999//5
f 4995//5 4996//5 5000//5
f 5001//3 5006//3 5005//3
f 5001//3 5002//3 5006//3
f 5002//4 5007//4 5006//4
f 5002//4 5003//4 5007//4
f 5003//5 5008//5 5007//5
f 5003//5 5004//5 5008//5
f 5004//6 5005//6 5008//6
f 5004//6 5001//6 5005//6
f 5009//3 5014//3 5013//3
f 5009//3 5010//3 5014//3
f 5011//5 5016//5 5015//5
f 5011//5 5012//5 5016//5
f 5012//6 5013//6 5016//6
f 5012//6 5009//6 5013//6
f 5017//3 5022//3 5021//3
f 5017//3 5018//3 5022//3
f 5019//5 5024//5 5023//5
f 5019//5 5020//5 5024//5
f 5020//6 5021//6 5024//6
f 5020//6 5017//6 5021//6
f 5029//2 5030//2 5031//2
f 5029//2 5031//2 5032//2
f 5025//3 5030//3 5029//3
f 5025//3 5026//3 5030//3
f 5027//5 5032//5 5031//5
f 5027//5 5028//5 5032//5
f 5028//6 5029//6 5032//6
f 5028//6 5025//6 5029//6
f 5033//1 5035//1 5034//1
f 5033//1 5036//1 5035//1
f 5037//2 5038//2 5039//2
f 5037//2 5039//2 5040//2
f 5033//3 5038//3 5037//3
f 5033//3 5034//3 5038//3
f 5035//5 5040//5 5039//5
f 5035//5 5036//5 5040//5
f 5036//6 5037//6 5040//6
f 5036//6 5033//6 5037//6
f 5041//1 5043//1 5042//1
f 5041//1 5044//1 5043//1
f 5041//3 5046//3 5045//3
f 5041//3 5042//3 5046//3
f 5042//4 5047//4 5046//4
f 5042//4 5043//4 5047//4
f 5043//5 5048//5 5047//5
f 5043//5 5044//5 5048//5
f 5044//6 5045//6 5048//6
f 5044//6 5041//6 5045//6
f 5049//3 5054//3 5053//3
f 5049//3 5050//3 5054//3
f 5050//4 5055//4 5054//4
f 5050//4 5051//4 5055//4
f 5051//5 5056//5 5055//5
f 5051//5 5052//5 5056//5
f 5057//3 5062//3 5061//3
f 5057//3 5058//3 5062//3
f 5058//4 5063//4 5062//4
f 5058//4 5059//4 5063//4
f 5059//5 5064//5 5063//5
f 5059//5 5060//5 5064//5
f 5065//3 5070//3 5069//3
f 5065//3 5066//3 5070//3
f 5066//4 5071//4 5070//4
f 5066//4 5067//4 5071//4
f 5067//5 5072//5 5071//5
f 5067//5 5068//5 5072//5
f 5073//3 5078//3 5077//3
f 5073//3 5074//3 5078//3
f 5074//4 5079//4 5078//4
f 5074//4 5075//4 5079//4
f 5075//5 5080//5 5079//5
f 5075//5 5076//5 5080//5
f 5081//3 5086//3 5085//3
f 5081//3 5082//3 5086//3
f 5083//5 5088//5 5087//5
f 5083//5 5084//5 5088//5
f 5089//3 5094//3 5093//3
f 5089//3 5090//3 5094//3
f 5091//5 5096//5 5095//5
f 5091//5 5092//5 5096//5
f 5097//3 5102//3 5101//3
f 5097//3 5098//3 5102//3
f 5099//5 5104//5 5103//5
f 5099//5 5100//5 5104//5
f 5105//3 5110//3 5109//3
f 5105//3 5106//3 5110//3
f 5107//5 5112//5 5111//5
f 5107//5 5108//5 5112//5
f 5113//3 5118//3 5117//3
f 5113//3 5114//3 5118//3
f 5115//5 5120//5 5119//5
f 5115//5 5116//5 5120//5
f 5121//3 5126//3 5125//3
f 5121//3 5122//3 5126//3
f 5123//5 5128//5 5127//5
f 5123//5 5124//5 5128//5
f 5129//3 5134//3 5133//3
f 5129//3 5130//3 5134//3
f 5131//5 5136//5 5135//5
f 5131//5 5132//5 5136//5
f 5137//3 5142//3 5141//3
f 5137//3 5138//3 5142//3
f 5139//5 5144//5 5143//5
f 5139//5 5140//5 5144//5
f 5145//3 5150//3 5149//3
f 5145//3 5146//3 5150//3
f 5147//5 5152//5 5151//5
f 5147//5 5148//5 5152//5
f 5153//3 5158//3 5157//3
f 5153//3 5154//3 5158//3
f 5155//5 5160//5 5159//5
f 5155//5 5156//5 5160//5
f 5161//3 5166//3 5165//3
f 5161//3 5162//3 5166//3
f 5163//5 5168//5 5167//5
f 5163//5 5164//5 5168//5
f 5164//6 5165//6 5168//6
f 5164//6 5161//6 5165//6
f 5173//2 5174//2 5175//2
f 5173//2 5175//2 5176//2
f 5169//3 5174//3 5173//3
f 5169//3 5170//3 5174//3
f 5171//5 5176//5 5175//5
f 5171//5 5172//5 5176//5
f 5172//6 5173//6 5176//6
f 5172//6 5169//6 5173//6
f 5177//1 5179//1 5178//1
f 5177//1 5180//1 5179//1
f 5177//3 5182//3 5181//3
f 5177//3 5178//3 5182//3
f 5179//5 5184//5 5183//5
f 5179//5 5180//5 5184//5
f 5185//3 5190//3 5189//3
f 5185//3 5186//3 5190//3
f 5187//5 5192//5 5191//5
f 5187//5 5188//5 5192//5
f 5193//3 5198//3 5197//3
f 5193//3 5194//3 5198//3
f 5195//5 5200//5 5199//5
f 5195//5 5196//5 5200//5
f 5201//3 5206//3 5205//3
f 5201//3 5202//3 5206//3
f 5203//5 5208//5 5207//5
f 5203//5 5204//5 5208//5
f 5209//3 5214//3 5213//3
f 5209//3 5210//3 5214//3
f 5211//5 5216//5 5215//5
f 5211//5 5212//5 5216//5
f 5217//3 5222//3 5221//3
f 5217//3 5218//3 5222//3
f 5219//5 5224//5 5223//5
f 5219//5 5220//5 5224//5
f 5225//3 5230//3 5229//3
f 5225//3 5226//3 5230//3
f 5227//5 5232//5 5231//5
f 5227//5 5228//5 5232//5
f 5233//3 5238//3 5237//3
f 5233//3 5234//3 5238//3
f 5235//5 5240//5 5239//5
f 5235//5 5236//5 5240//5
f 5241//3 5246//3 5245//3
f 5241//3 5242//3 5246//3
f 5243//5 5248//5 5247//5
f 5243//5 5244//5 5248//5
f 5249//3 5254//3 5253//3
f 5249//3 5250//3 5254//3
f 5251//5 5256//5 5255//5
f 5251//5 5252//5 5256//5
f 5257//3 5262//3 5261//3
f 5257//3 5258//3 5262//3
f 5259//5 5264//5 5263//5
f 5259//5 5260//5 5264//5
f 5265//3 5270//3 5269//3
f 5265//3 5266//3 5270//3
f 5267//5 5272//5 5271//5
f 5267//5 5268//5 5272//5
f 5273//3 5278//3 5277//3
f 5273//3 5274//3 5278//3
f 5275//5 5280//5 5279//5
f 5275//5 5276//5 5280//5
f 5285//2 5286//2 5287//2
f 5285//2 5287//2 5288//2
f 5281//3 5286//3 5285//3
f 5281//3 5282//3 5286//3
f 5283//5 5288//5 5287//5
f 5283//5 5284//5 5288//5
f 5289//1 5291//1 5290//1
f 5289//1 5292//1 5291//1
f 5289//3 5294//3 5293//3
f 5289//3 5290//3 5294//3
f 5290//4 5295//4 5294//4
f 5290//4 5291//4 5295//4
f 5291//5 5296//5 5295//5
f 5291//5 5292//5 5296//5
f 5292//6 5293//6 5296//6
f 5292//6 5289//6 5293//6
f 5301//2 5302//2 5303//2
f 5301//2 5303//2 5304//2
f 5297//3 5302//3 5301//3
f 5297//3 5298//3 5302//3
f 5299//5 5304//5 5303//5
f 5299//5 5300//5 5304//5
f 5300//6 5301//6 5304//6
f 5300//6 5297//6 5301//6
f 5305//1 5307//1 5306//1
f 5305//1 5308//1 5307//1
f 5309//2 5310//2 5311//2
f 5309//2 5311//2 5312//2
f 5305//3 5310//3 5309//3
f 5305//3 5306//3 5310//3
f 5307//5 5312//5 5311//5
f 5307//5 5308//5 5312//5
f 5308//6 5309//6 5312//6
f 5308//6 5305//6 5309//6
f 5313//1 5315//1 5314//1
f 5313//1 5316//1 5315//1
f 5313//3 5318//3 5317//3
f 5313//3 5314//3 5318//3
f 5314//4 5319//4 5318//4
f 5314//4 5315//4 5319//4
f 5315//5 5320//5 5319//5
f 5315//5 5316//5 5320//5
f 5316//6 5317//6 5320//6
f 5316//6 5313//6 5317//6
f 5321//3 5326//3 5325//3
f 5321//3 5322//3 5326//3
f 5322//4 5327//4 5326//4
f 5322//4 5323//4 5327//4
f 5323//5 5328//5 5327//5
f 5323//5 5324//5 5328//5
f 5324//6 5325//6 5328//6
f 5324//6 5321//6 5325//6
f 5333//2 5334//2 5335//2
f 5333//2 5335//2 5336//2
f 5329//3 5334//3 5333//3
f 5329//3 5330//3 5334//3
f 5331//5 5336//5 5335//5
f 5331//5 5332//5 5336//5
f 5337//1 5339//1 5338//1
f 5337//1 5340//1 5339//1
f 5337//3 5342//3 5341//3
f 5337//3 5338//3 5342//3
f 5339//5 5344//5 5343//5
f 5339//5 5340//5 5344//5
f 5340//6 5341//6 5344//6
f 5340//6 5337//6 5341//6
f 5345//3 5350//3 5349//3
f 5345//3 5346//3 5350//3
f 5347//5 5352//5 5351//5
f 5347//5 5348//5 5352//5
f 5348//6 5349//6 5352//6
f 5348//6 5345//6 5349//6
f 5353//3 5358//3 5357//3
f 5353//3 5354//3 5358//3
f 5355//5 5360//5 5359//5
f 5355//5 5356//5 5360//5
f 5356//6 5357//6 5360//6
f 5356//6 5353//6 5357//6
f 5361//3 5366//3 5365//3
f 5361//3 5362//3 5366//3
f 5363//5 5368//5 5367//5
f 5363//5 5364//5 5368//5
f 5369//3 5374//3 5373//3
f 5369//3 5370//3 5374//3
f 5371//5 5376//5 5375//5
f 5371//5 5372//5 5376//5
f 5377//3 5382//3 5381//3
f 5377//3 5378//3 5382//3
f 5379//5 5384//5 5383//5
f 5379//5 5380//5 5384//5
f 5385//3 5390//3 5389//3
f 5385//3 5386//3 5390//3
f 5387//5 5392//5 5391//5
f 5387//5 5388//5 5392//5
f 5393//3 5398//3 5397//3
f 5393//3 5394//3 5398//3
f 5395//5 5400//5 5399//5
f 5395//5 5396//5 5400//5
f 5401//3 5406//3 5405//3
f 5401//3 5402//3 5406//3
f 5403//5 5408//5 5407//5
f 5403//5 5404//5 5408//5
f 5409//3 5414//3 5413//3
f 5409//3 5410//3 5414//3
f 5411//5 5416//5 5415//5
f 5411//5 5412//5 5416//5
f 5417//3 5422//3 5421//3
f 5417//3 5418//3 5422//3
f 5419//5 5424//5 5423//5
f 5419//5 5420//5 5424//5
f 5420//6 5421//6 5424//6
f 5420//6 5417//6 5421//6
f 5425//3 5430//3 5429//3
f 5425//3 5426//3 5430//3
f 5427//5 5432//5 5431//5
f 5427//5 5428//5 5432//5
f 5428//6 5429//6 5432//6
f 5428//6 5425//6 5429//6
f 5433//3 5438//3 5437//3
f 5433//3 5434//3 5438//3
f 5435//5 5440//5 5439//5
f 5435//5 5436//5 5440//5
f 5436//6 5437//6 5440//6
f 5436//6 5433//6 5437//6
f 5445//2 5446//2 5447//2
f 5445//2 5447//2 5448//2
f 5441//3 5446//3 5445//3
f 5441//3 5442//3 5446//3
f 5443//5 5448//5 5447//5
f 5443//5 5444//5 5448//5
f 5444//6 5445//6 5448//6
f 5444//6 5441//6 5445//6
f 5449//1 5451//1 5450//1
f 5449//1 5452//1 5451//1
f 5449//3 5454//3 5453//3
f 5449//3 5450//3 5454//3
f 5450//4 5455//4 5454//4
f 5450//4 5451//4 5455//4
f 5451//5 5456//5 5455//5
f 5451//5 5452//5 5456//5
f 5457//3 5462//3 5461//3
f 5457//3 5458//3 5462//3
f 5458//4 5463//4 5462//4
f 5458//4 5459//4 5463//4
f 5459//5 5464//5 5463//5
f 5459//5 5460//5 5464//5
f 5465//3 5470//3 5469//3
f 5465//3 5466//3 5470//3
f 5466//4 5471//4 5470//4
f 5466//4 5467//4 5471//4
f 5467//5 5472//5 5471//5
f 5467//5 5468//5 5472//5
f 5473//3 5478//3 5477//3
f 5473//3 5474//3 5478//3
f 5475//5 5480//5 5479//5
f 5475//5 5476//5 5480//5
f 5481//3 5486//3 5485//3
f 5481//3 5482//3 5486//3
f 5483//5 5488//5 5487//5
f 5483//5 5484//5 5488//5
f 5489//3 5494//3 5493//3
f 5489//3 5490//3 5494//3
f 5491//5 5496//5 5495//5
f 5491//5 5492//5 5496//5
f 5497//3 5502//3 5501//3
f 5497//3 5498//3 5502//3
f 5499//5 5504//5 5503//5
f 5499//5 5500//5 5504//5
f 5505//3 5510//3 5509//3
f 5505//3 5506//3 5510//3
f 5507//5 5512//5 5511//5
f 5507//5 5508//5 5512//5
f 5513//3 5518//3 5517//3
f 5513//3 5514//3 5518//3
f 5515//5 5520//5 5519//5
f 5515//5 5516//5 5520//5
f 5521//3 5526//3 5525//3
f 5521//3 5522//3 5526//3
f 5523//5 5528//5 5527//5
f 5523//5 5524//5 5528//5
f 5529//3 5534//3 5533//3
f 5529//3 5530//3 5534//3
f 5531//5 5536//5 5535//5
f 5531//5 5532//5 5536//5
f 5532//6 5533//6 5536//6
f 5532//6 5529//6 5533//6
f 5541//2 5542//2 5543//2
f 5541//2 5543//2 5544//2
f 5537//3 5542//3 5541//3
f 5537//3 5538//3 5542//3
f 5539//5 5544//5 5543//5
f 5539//5 5540//5 5544//5
f 5540//6 5541//6 5544//6
f 5540//6 5537//6 5541//6
f 5545//1 5547//1 5546//1
f 5545//1 5548//1 5547//1
f 5545//3 5550//3 5549//3
f 5545//3 5546//3 5550//3
f 5546//4 5551//4 5550//4
f 5546//4 5547//4 5551//4
f 5547//5 5552//5 5551//5
f 5547//5 5548//5 5552//5
f 5553//3 5558//3 5557//3
f 5553//3 5554//3 5558//3
f 5554//4 5559//4 5558//4
f 5554//4 5555//4 5559//4
f 5555//5 5560//5 5559//5
f 5555//5 5556//5 5560//5
f 5561//3 5566//3 5565//3
f 5561//3 5562//3 5566//3
f 5562//4 5567//4 5566//4
f 5562//4 5563//4 5567//4
f 5563//5 5568//5 5567//5
f 5563//5 5564//5 5568//5
f 5569//3 5574//3 5573//3
f 5569//3 5570//3 5574//3
f 5571//5 5576//5 5575//5
f 5571//5 5572//5 5576//5
f 5572//6 5573//6 5576//6
f 5572//6 5569//6 5573//6
f 5577//3 5582//3 5581//3
f 5577//3 5578//3 5582//3
f 5578//4 5583//4 5582//4
f 5578//4 5579//4 5583//4
f 5579//5 5584//5 5583//5
f 5579//5 5580//5 5584//5
f 5580//6 5581//6 5584//6
f 5580//6 5577//6 5581//6
f 5585//3 5590//3 5589//3
f 5585//3 5586//3 5590//3
f 5587//5 5592//5 5591//5
f 5587//5 5588//5 5592//5
f 5588//6 5589//6 5592//6
f 5588//6 5585//6 5589//6
f 5593//3 5598//3 5597//3
f 5593//3 5594//3 5598//3
f 5595//5 5600//5 5599//5
f 5595//5 5596//5 5600//5
f 5596//6 5597//6 5600//6
f 5596//6 5593//6 5597//6
f 5601//3 5606//3 5605//3
f 5601//3 5602//3 5606//3
f 5603//5 5608//5 5607//5
f 5603//5 5604//5 5608//5
f 5613//2 5614//2 5615//2
f 5613//2 5615//2 5616//2
f 5609//3 5614//3 5613//3
f 5609//3 5610//3 5614//3
f 5611//5 5616//5 5615//5
f 5611//5 5612//5 5616//5
f 5617//1 5619//1 5618//1
f 5617//1 5620//1 5619//1
f 5621//2 5622//2 5623//2
f 5621//2 5623//2 5624//2
f 5617//3 5622//3 5621//3
f 5617//3 5618//3 5622//3
f 5619//5 5624//5 5623//5
f 5619//5 5620//5 5624//5
f 5620//6 5621//6 5624//6
f 5620//6 5617//6 5621//6
f 5625//1 5627//1 5626//1
f 5625//1 5628//1 5627//1
f 5625//3 5630//3 5629//3
f 5625//3 5626//3 5630//3
f 5626//4 5631//4 5630//4
f 5626//4 5627//4 5631//4
f 5627//5 5632//5 5631//5
f 5627//5 5628//5 5632//5
f 5637//2 5638//2 5639//2
f 5637//2 5639//2 5640//2
f 5633//3 5638//3 5637//3
f 5633//3 5634//3 5638//3
f 5635//5 5640//5 5639//5
f 5635//5 5636//5 5640//5
f 5641//1 5643//1 5642//1
f 5641//1 5644//1 5643//1
f 5641//3 5646//3 5645//3
f 5641//3 5642//3 5646//3
f 5642//4 5647//4 5646//4
f 5642//4 5643//4 5647//4
f 5643//5 5648//5 5647//5
f 5643//5 5644//5 5648//5
f 5649//3 5654//3 5653//3
f 5649//3 5650//3 5654//3
f 5650//4 5655//4 5654//4
f 5650//4 5651//4 5655//4
f 5651//5 5656//5 5655//5
f 5651//5 5652//5 5656//5
f 5657//3 5662//3 5661//3
f 5657//3 5658//3 5662//3
f 5658//4 5663//4 5662//4
f 5658//4 5659//4 5663//4
f 5659//5 5664//5 5663//5
f 5659//5 5660//5 5664//5
f 5665//3 5670//3 5669//3
f 5665//3 5666//3 5670//3
f 5667//5 5672//5 5671//5
f 5667//5 5668//5 5672//5
f 5668//6 5669//6 5672//6
f 5668//6 5665//6 5669//6
f 5673//3 5678//3 5677//3
f 5673//3 5674//3 5678//3
f 5675//5 5680//5 5679//5
f 5675//5 5676//5 5680//5
f 5676//6 5677//6 5680//6
f 5676//6 5673//6 5677//6
f 5681//3 5686//3 5685//3
f 5681//3 5682//3 5686//3
f 5683//5 5688//5 5687//5
f 5683//5 5684//5 5688//5
f 5689//3 5694//3 5693//3
f 5689//3 5690//3 5694//3
f 5691//5 5696//5 5695//5
f 5691//5 5692//5 5696//5
f 5692//6 5693//6 5696//6
f 5692//6 5689//6 5693//6
f 5701//2 5702//2 5703//2
f 5701//2 5703//2 5704//2
f 5697//3 5702//3 5701//3
f 5697//3 5698//3 5702//3
f 5699//5 5704//5 5703//5
f 5699//5 5700//5 5704//5
f 5700//6 5701//6 5704//6
f 5700//6 5697//6 5701//6
f 5705//1 5707//1 5706//1
f 5705//1 5708//1 5707//1
f 5705//3 5710//3 5709//3
f 5705//3 5706//3 5710//3
f 5706//4 5711//4 5710//4
f 5706//4 5707//4 5711//4
f 5707//5 5712//5 5711//5
f 5707//5 5708//5 5712//5
f 5713//3 5718//3 5717//3
f 5713//3 5714//3 5718//3
f 5715//5 5720//5 5719//5
f 5715//5 5716//5 5720//5
f 5721//3 5726//3 5725//3
f 5721//3 5722//3 5726//3
f 5723//5 5728//5 5727//5
f 5723//5 5724//5 5728//5
f 5729//3 5734//3 5733//3
f 5729//3 5730//3 5734//3
f 5731//5 5736//5 5735//5
f 5731//5 5732//5 5736//5
f 5737//3 5742//3 5741//3
f 5737//3 5738//3 5742//3
f 5739//5 5744//5 5743//5
f 5739//5 5740//5 5744//5
f 5745//3 5750//3 5749//3
f 5745//3 5746//3 5750//3
f 5747//5 5752//5 5751//5
f 5747//5 5748//5 5752//5
f 5753//3 5758//3 5757//3
f 5753//3 5754//3 5758//3
f 5755//5 5760//5 5759//5
f 5755//5 5756//5 5760//5
f 5761//3 5766//3 5765//3
f 5761//3 5762//3 5766//3
f 5763//5 5768//5 5767//5
f 5763//5 5764//5 5768//5
f 5769//3 5774//3 5773//3
f 5769//3 5770//3 5774//3
f 5771//5 5776//5 5775//5
f 5771//5 5772//5 5776//5
f 5777//3 5782//3 5781//3
f 5777//3 5778//3 5782//3
f 5779//5 5784//5 5783//5
f 5779//5 5780//5 5784//5
f 5785//3 5790//3 5789//3
f 5785//3 5786//3 5790//3
f 5787//5 5792//5 5791//5
f 5787//5 5788//5 5792//5
f 5793//3 5798//3 5797//3
f 5793//3 5794//3 5798//3
f 5795//5 5800//5 5799//5
f 5795//5 5796//5 5800//5
f 5801//3 5806//3 5805//3
f 5801//3 5802//3 5806//3
f 5803//5 5808//5 5807//5
f 5803//5 5804//5 5808//5
f 5804//6 5805//6 5808//6
f 5804//6 5801//6 5805//6
f 5809//3 5814//3 5813//3
f 5809//3 5810//3 5814//3
f 5811//5 5816//5 5815//5
f 5811//5 5812//5 5816//5
f 5812//6 5813//6 5816//6
f 5812//6 5809//6 5813//6
f 5817//3 5822//3 5821//3
f 5817//3 5818//3 5822//3
f 5819//5 5824//5 5823//5
f 5819//5 5820//5 5824//5
f 5820//6 5821//6 5824//6
f 5820//6 5817//6 5821//6
f 5825//3 5830//3 5829//3
f 5825//3 5826//3 5830//3
f 5827//5 5832//5 5831//5
f 5827//5 5828//5 5832//5
f 5828//6 5829//6 5832//6
f 5828//6 5825//6 5829//6
f 5837//2 5838//2 5839//2
f 5837//2 5839//2 5840//2
f 5833//3 5838//3 5837//3
f 5833//3 5834//3 5838//3
f 5835//5 5840//5 5839//5
f 5835//5 5836//5 5840//5
f 5836//6 5837//6 5840//6
f 5836//6 5833//6 5837//6
f 5841//1 5843//1 5842//1
f 5841//1 5844//1 5843//1
f 5841//3 5846//3 5845//3
f 5841//3 5842//3 5846//3
f 5843//5 5848//5 5847//5
f 5843//5 5844//5 5848//5
f 5849//3 5854//3 5853//3
f 5849//3 5850//3 5854//3
f 5851//5 5856//5 5855//5
f 5851//5 5852//5 5856//5
f 5857//3 5862//3 5861//3
f 5857//3 5858//3 5862//3
f 5859//5 5864//5 5863//5
f 5859//5 5860//5 5864//5
f 5865//3 5870//3 5869//3
f 5865//3 5866//3 5870//3
f 5867//5 5872//5 5871//5
f 5867//5 5868//5 5872//5
f 5873//3 5878//3 5877//3
f 5873//3 5874//3 5878//3
f 5875//5 5880//5 5879//5
f 5875//5 5876//5 5880//5
f 5881//3 5886//3 5885//3
f 5881//3 5882//3 5886//3
f 5883//5 5888//5 5887//5
f 5883//5 5884//5 5888//5
f 5889//3 5894//3 5893//3
f 5889//3 5890//3 5894//3
f 5891//5 5896//5 5895//5
f 5891//5 5892//5 5896//5
f 5897//3 5902//3 5901//3
f 5897//3 5898//3 5902//3
f 5899//5 5904//5 5903//5
f 5899//5 5900//5 5904//5
f 5905//3 5910//3 5909//3
f 5905//3 5906//3 5910//3
f 5907//5 5912//5 5911//5
f 5907//5 5908//5 5912//5
f 5913//3 5918//3 5917//3
f 5913//3 5914//3 5918//3
f 5915//5 5920//5 5919//5
f 5915//5 5916//5 5920//5
f 5921//3 5926//3 5925//3
f 5921//3 5922//3 5926//3
f 5923//5 5928//5 5927//5
f 5923//5 5924//5 5928//5
f 5929//3 5934//3 5933//3
f 5929//3 5930//3 5934//3
f 5931//5 5936//5 5935//5
f 5931//5 5932//5 5936//5
f 5937//3 5942//3 5941//3
f 5937//3 5938//3 5942//3
f 5939//5 5944//5 5943//5
f 5939//5 5940//5 5944//5
f 5945//3 5950//3 5949//3
f 5945//3 5946//3 5950//3
f 5947//5 5952//5 5951//5
f 5947//5 5948//5 5952//5
f 5953//3 5958//3 5957//3
f 5953//3 5954//3 5958//3
f 5955//5 5960//5 5959//5
f 5955//5 5956//5 5960//5
f 5956//6 5957//6 5960//6
f 5956//6 5953//6 5957//6
f 5961//3 5966//3 5965//3
f 5961//3 5962//3 5966//3
f 5963//5 5968//5 5967//5
f 5963//5 5964//5 5968//5
f 5964//6 5965//6 5968//6
f 5964//6 5961//6 5965//6
f 5969//3 5974//3 5973//3
f 5969//3 5970//3 5974//3
f 5971//5 5976//5 5975//5
f 5971//5 5972//5 5976//5
f 5972//6 5973//6 5976//6
f 5972//6 5969//6 5973//6
f 5977//3 5982//3 5981//3
f 5977//3 5978//3 5982//3
f 5979//5 5984//5 5983//5
f 5979//5 5980//5 5984//5
f 5980//6 5981//6 5984//6
f 5980//6 5977//6 5981//6
f 5989//2 5990//2 5991//2
f 5989//2 5991//2 5992//2
f 5985//3 5990//3 5989//3
f 5985//3 5986//3 5990//3
f 5987//5 5992//5 5991//5
f 5987//5 5988//5 5992//5
f 5988//6 5989//6 5992//6
f 5988//6 5985//6 5989//6
f 5993//1 5995//1 5994//1
f 5993//1 5996//1 5995//1
f 5993//3 5998//3 5997//3
f 5993//3 5994//3 5998//3
f 5994//4 5999//4 5998//4
f 5994//4 5995//4 5999//4
f 5995//5 6000//5 5999//5
f 5995//5 5996//5 6000//5
f 6001//3 6006//3 6005//3
f 6001//3 6002//3 6006//3
f 6002//4 6007//4 6006//4
f 6002//4 6003//4 6007//4
f 6003//5 6008//5 6007//5
f 6003//5 6004//5 6008//5
f 6004//6 6005//6 6008//6
f 6004//6 6001//6 6005//6
f 6013//2 6014//2 6015//2
f 6013//2 6015//2 6016//2
f 6009//3 6014//3 6013//3
f 6009//3 6010//3 6014//3
f 6010//4 6015//4 6014//4
f 6010//4 6011//4 6015//4
f 6011//5 6016//5 6015//5
f 6011//5 6012//5 6016//5
f 6017//1 6019//1 6018//1
f 6017//1 6020//1 6019//1
f 6021//2 6022//2 6023//2
f 6021//2 6023//2 6024//2
f 6017//3 6022//3 6021//3
f 6017//3 6018//3 6022//3
f 6018//4 6023//4 6022//4
f 6018//4 6019//4 6023//4
f 6019//5 6024//5 6023//5
f 6019//5 6020//5 6024//5
f 6025//1 6027//1 6026//1
f 6025//1 6028//1 6027//1
f 6025//3 6030//3 6029//3
f 6025//3 6026//3 6030//3
f 6026//4 6031//4 6030//4
f 6026//4 6027//4 6031//4
f 6027//5 6032//5 6031//5
f 6027//5 6028//5 6032//5
f 6033//3 6038//3 6037//3
f 6033//3 6034//3 6038//3
f 6034//4 6039//4 6038//4
f 6034//4 6035//4 6039//4
f 6035//5 6040//5 6039//5
f 6035//5 6036//5 6040//5
f 6041//3 6046//3 6045//3
f 6041//3 6042//3 6046//3
f 6042//4 6047//4 6046//4
f 6042//4 6043//4 6047//4
f 6043//5 6048//5 6047//5
f 6043//5 6044//5 6048//5
f 6049//3 6054//3 6053//3
f 6049//3 6050//3 6054//3
f 6050//4 6055//4 6054//4
f 6050//4 6051//4 6055//4
f 6051//5 6056//5 6055//5
f 6051//5 6052//5 6056//5
f 6057//3 6062//3 6061//3
f 6057//3 6058//3 6062//3
f 6058//4 6063//4 6062//4
f 6058//4 6059//4 6063//4
f 6059//5 6064//5 6063//5
f 6059//5 6060//5 6064//5
f 6065//3 6070//3 6069//3
f 6065//3 6066//3 6070//3
f 6066//4 6071//4 6070//4
f 6066//4 6067//4 6071//4
f 6067//5 6072//5 6071//5
f 6067//5 6068//5 6072//5
f 6073//3 6078//3 6077//3
f 6073//3 6074//3 6078//3
f 6074//4 6079//4 6078//4
f 6074//4 6075//4 6079//4
f 6075//5 6080//5 6079//5
f 6075//5 6076//5 6080//5
f 6081//3 6086//3 6085//3
f 6081//3 6082//3 6086//3
f 6083//5 6088//5 6087//5
f 6083//5 6084//5 6088//5
f 6089//3 6094//3 6093//3
f 6089//3 6090//3 6094//3
f 6091//5 6096//5 6095//5
f 6091//5 6092//5 6096//5
f 6097//3 6102//3 6101//3
f 6097//3 6098//3 6102//3
f 6099//5 6104//5 6103//5
f 6099//5 6100//5 6104//5
f 6105//3 6110//3 6109//3
f 6105//3 6106//3 6110//3
f 6107//5 6112//5 6111//5
f 6107//5 6108//5 6112//5
f 6113//3 6118//3 6117//3
f 6113//3 6114//3 6118//3
f 6115//5 6120//5 6119//5
f 6115//5 6116//5 6120//5
f 6121//3 6126//3 6125//3
f 6121//3 6122//3 6126//3
f 6123//5 6128//5 6127//5
f 6123//5 6124//5 6128//5
f 6129//3 6134//3 6133//3
f 6129//3 6130//3 6134//3
f 6131//5 6136//5 6135//5
f 6131//5 6132//5 6136//5
f 6137//3 6142//3 6141//3
f 6137//3 6138//3 6142//3
f 6138//4 6143//4 6142//4
f 6138//4 6139//4 6143//4
f 6139//5 6144//5 6143//5
f 6139//5 6140//5 6144//5
f 6140//6 6141//6 6144//6
f 6140//6 6137//6 6141//6
f 6145//3 6150//3 6149//3
f 6145//3 6146//3 6150//3
f 6146//4 6151//4 6150//4
f 6146//4 6147//4 6151//4
f 6147//5 6152//5 6151//5
f 6147//5 6148//5 6152//5
f 6148//6 6149//6 6152//6
f 6148//6 6145//6 6149//6
f 6157//2 6158//2 6159//2
f 6157//2 6159//2 6160//2
f 6153//3 6158//3 6157//3
f 6153//3 6154//3 6158//3
f 6154//4 6159//4 6158//4
f 6154//4 6155//4 6159//4
f 6155//5 6160//5 6159//5
f 6155//5 6156//5 6160//5
f 6156//6 6157//6 6160//6
f 6156//6 6153//6 6157//6
f 6161//1 6163//1 6162//1
f 6161//1 6164//1 6163//1
f 6161//3 6166//3 6165//3
f 6161//3 6162//3 6166//3
f 6163//5 6168//5 6167//5
f 6163//5 6164//5 6168//5
f 6169//3 6174//3 6173//3
f 6169//3 6170//3 6174//3
f 6171//5 6176//5 6175//5
f 6171//5 6172//5 6176//5
f 6177//3 6182//3 6181//3
f 6177//3 6178//3 6182//3
f 6179//5 6184//5 6183//5
f 6179//5 6180//5 6184//5
f 6185//3 6190//3 6189//3
f 6185//3 6186//3 6190//3
f 6187//5 6192//5 6191//5
f 6187//5 6188//5 6192//5
f 6193//3 6198//3 6197//3
f 6193//3 6194//3 6198//3
f 6195//5 6200//5 6199//5
f 6195//5 6196//5 6200//5
f 6201//3 6206//3 6205//3
f 6201//3 6202//3 6206//3
f 6203//5 6208//5 6207//5
f 6203//5 6204//5 6208//5
f 6209//3 6214//3 6213//3
f 6209//3 6210//3 6214//3
f 6211//5 6216//5 6215//5
f 6211//5 6212//5 6216//5
f 6217//3 6222//3 6221//3
f 6217//3 6218//3 6222//3
f 6219//5 6224//5 6223//5
f 6219//5 6220//5 6224//5
f 6225//3 6230//3 6229//3
f 6225//3 6226//3 6230//3
f 6227//5 6232//5 6231//5
f 6227//5 6228//5 6232//5
f 6233//3 6238//3 6237//3
f 6233//3 6234//3 6238//3
f 6235//5 6240//5 6239//5
f 6235//5 6236//5 6240//5
f 6236//6 6237//6 6240//6
f 6236//6 6233//6 6237//6
f 6241//3 6246//3 6245//3
f 6241//3 6242//3 6246//3
f 6243//5 6248//5 6247//5
f 6243//5 6244//5 6248//5
f 6244//6 6245//6 6248//6
f 6244//6 6241//6 6245//6
f 6253//2 6254//2 6255//2
f 6253//2 6255//2 6256//2
f 6249//3 6254//3 6253//3
f 6249//3 6250//3 6254//3
f 6251//5 6256//5 6255//5
f 6251//5 6252//5 6256//5
f 6252//6 6253//6 6256//6
f 6252//6 6249//6 6253//6
f 6257//1 6259//1 6258//1
f 6257//1 6260//1 6259//1
f 6261//2 6262//2 6263//2
f 6261//2 6263//2 6264//2
f 6257//3 6262//3 6261//3
f 6257//3 6258//3 6262//3
f 6259//5 6264//5 6263//5
f 6259//5 6260//5 6264//5
f 6260//6 6261//6 6264//6
f 6260//6 6257//6 6261//6
f 6265//1 6267//1 6266//1
f 6265//1 6268//1 6267//1
f 6269//2 6270//2 6271//2
f 6269//2 6271//2 6272//2
f 6265//3 6270//3 6269//3
f 6265//3 6266//3 6270//3
f 6266//4 6271//4 6270//4
f 6266//4 6267//4 6271//4
f 6267//5 6272//5 6271//5
f 6267//5 6268//5 6272//5
f 6273//1 6275//1 6274//1
f 6273//1 6276//1 6275//1
f 6273//3 6278//3 6277//3
f 6273//3 6274//3 6278//3
f 6274//4 6279//4 6278//4
f 6274//4 6275//4 6279//4
f 6275//5 6280//5 6279//5
f 6275//5 6276//5 6280//5
f 6281//3 6286//3 6285//3
f 6281//3 6282//3 6286//3
f 6282//4 6287//4 6286//4
f 6282//4 6283//4 6287//4
f 6283//5 6288//5 6287//5
f 6283//5 6284//5 6288//5
f 6289//3 6294//3 6293//3
f 6289//3 6290//3 6294//3
f 6290//4 6295//4 6294//4
f 6290//4 6291//4 6295//4
f 6291//5 6296//5 6295//5
f 6291//5 6292//5 6296//5
f 6301//2 6302//2 6303//2
f 6301//2 6303//2 6304//2
f 6297//3 6302//3 6301//3
f 6297//3 6298//3 6302//3
f 6299//5 6304//5 6303//5
f 6299//5 6300//5 6304//5
f 6305//1 6307//1 6306//1
f 6305//1 6308//1 6307//1
f 6309//2 6310//2 6311//2
f 6309//2 6311//2 6312//2
f 6305//3 6310//3 6309//3
f 6305//3 6306//3 6310//3
f 6306//4 6311//4 6310//4
f 6306//4 6307//4 6311//4
f 6307//5 6312//5 6311//5
f 6307//5 6308//5 6312//5
f 6313//1 6315//1 6314//1
f 6313//1 6316//1 6315//1
f 6317//2 6318//2 6319//2
f 6317//2 6319//2 6320//2
f 6313//3 6318//3 6317//3
f 6313//3 6314//3 6318//3
f 6315//5 6320//5 6319//5
f 6315//5 6316//5 6320//5
f 6321//1 6323//1 6322//1
f 6321//1 6324//1 6323//1
f 6321//3 6326//3 6325//3
f 6321//3 6322//3 6326//3
f 6322//4 6327//4 6326//4
f 6322//4 6323//4 6327//4
f 6323//5 6328//5 6327//5
f 6323//5 6324//5 6328//5
f 6329//3 6334//3 6333//3
f 6329//3 6330//3 6334//3
f 6330//4 6335//4 6334//4
f 6330//4 6331//4 6335//4
f 6331//5 6336//5 6335//5
f 6331//5 6332//5 6336//5
f 6337//3 6342//3 6341//3
f 6337//3 6338//3 6342//3
f 6338//4 6343//4 6342//4
f 6338//4 6339//4 6343//4
f 6339//5 6344//5 6343//5
f 6339//5 6340//5 6344//5
f 6345//3 6350//3 6349//3
f 6345//3 6346//3 6350//3
f 6347//5 6352//5 6351//5
f 6347//5 6348//5 6352//5
f 6353//3 6358//3 6357//3
f 6353//3 6354//3 6358//3
f 6355//5 6360//5 6359//5
f 6355//5 6356//5 6360//5
f 6365//2 6366//2 6367//2
f 6365//2 6367//2 6368//2
f 6361//3 6366//3 6365//3
f 6361//3 6362//3 6366//3
f 6363//5 6368//5 6367//5
f 6363//5 6364//5 6368//5
f 6364//6 6365//6 6368//6
f 6364//6 6361//6 6365//6
f 6369//1 6371//1 6370//1
f 6369//1 6372//1 6371//1
f 6369//3 6374//3 6373//3
f 6369//3 6370//3 6374//3
f 6370//4 6375//4 6374//4
f 6370//4 6371//4 6375//4
f 6371//5 6376//5 6375//5
f 6371//5 6372//5 6376//5
f 6377//3 6382//3 6381//3
f 6377//3 6378//3 6382//3
f 6378//4 6383//4 6382//4
f 6378//4 6379//4 6383//4
f 6379//5 6384//5 6383//5
f 6379//5 6380//5 6384//5
f 6385//3 6390//3 6389//3
f 6385//3 6386//3 6390//3
f 6386//4 6391//4 6390//4
f 6386//4 6387//4 6391//4
f 6387//5 6392//5 6391//5
f 6387//5 6388//5 6392//5
f 6393//3 6398//3 6397//3
f 6393//3 6394//3 6398//3
f 6394//4 6399//4 6398//4
f 6394//4 6395//4 6399//4
f 6395//5 6400//5 6399//5
f 6395//5 6396//5 6400//5
f 6401//3 6406//3 6405//3
f 6401//3 6402//3 6406//3
f 6402//4 6407//4 6406//4
f 6402//4 6403//4 6407//4
f 6403//5 6408//5 6407//5
f 6403//5 6404//5 6408//5
f 6409//3 6414//3 6413//3
f 6409//3 6410//3 6414//3
f 6411//5 6416//5 6415//5
f 6411//5 6412//5 6416//5
f 6417//3 6422//3 6421//3
f 6417//3 6418//3 6422//3
f 6419//5 6424//5 6423//5
f 6419//5 6420//5 6424//5
f 6425//3 6430//3 6429//3
f 6425//3 6426//3 6430//3
f 6427//5 6432//5 6431//5
f 6427//5 6428//5 6432//5
f 6433//3 6438//3 6437//3
f 6433//3 6434//3 6438//3
f 6435//5 6440//5 6439//5
f 6435//5 6436//5 6440//5
f 6441//3 6446//3 6445//3
f 6441//3 6442//3 6446//3
f 6443//5 6448//5 6447//5
f 6443//5 6444//5 6448//5
f 6449//3 6454//3 6453//3
f 6449//3 6450//3 6454//3
f 6451//5 6456//5 6455//5
f 6451//5 6452//5 6456//5
f 6457//3 6462//3 6461//3
f 6457//3 6458//3 6462//3
f 6459//5 6464//5 6463//5
f 6459//5 6460//5 6464//5
f 6465//3 6470//3 6469//3
f 6465//3 6466//3 6470//3
f 6467//5 6472//5 6471//5
f 6467//5 6468//5 6472//5
f 6473//3 6478//3 6477//3
f 6473//3 6474//3 6478//3
f 6475//5 6480//5 6479//5
f 6475//5 6476//5 6480//5
f 6481//3 6486//3 6485//3
f 6481//3 6482//3 6486//3
f 6483//5 6488//5 6487//5
f 6483//5 6484//5 6488//5
f 6489//3 6494//3 6493//3
f 6489//3 6490//3 6494//3
f 6491//5 6496//5 6495//5
f 6491//5 6492//5 6496//5
f 6497//3 6502//3 6501//3
f 6497//3 6498//3 6502//3
f 6499//5 6504//5 6503//5
f 6499//5 6500//5 6504//5
f 6500//6 6501//6 6504//6
f 6500//6 6497//6 6501//6
f 6505//3 6510//3 6509//3
f 6505//3 6506//3 6510//3
f 6507//5 6512//5 6511//5
f 6507//5 6508//5 6512//5
f 6508//6 6509//6 6512//6
f 6508//6 6505//6 6509//6
f 6517//2 6518//2 6519//2
f 6517//2 6519//2 6520//2
f 6513//3 6518//3 6517//3
f 6513//3 6514//3 6518//3
f 6515//5 6520//5 6519//5
f 6515//5 6516//5 6520//5
f 6516//6 6517//6 6520//6
f 6516//6 6513//6 6517//6
f 6521//1 6523//1 6522//1
f 6521//1 6524//1 6523//1
f 6521//3 6526//3 6525//3
f 6521//3 6522//3 6526//3
f 6523//5 6528//5 6527//5
f 6523//5 6524//5 6528//5
f 6529//3 6534//3 6533//3
f 6529//3 6530//3 6534//3
f 6531//5 6536//5 6535//5
f 6531//5 6532//5 6536//5
f 6537//3 6542//3 6541//3
f 6537//3 6538//3 6542//3
f 6539//5 6544//5 6543//5
f 6539//5 6540//5 6544//5
f 6545//3 6550//3 6549//3
f 6545//3 6546//3 6550//3
f 6547//5 6552//5 6551//5
f 6547//5 6548//5 6552//5
f 6553//3 6558//3 6557//3
f 6553//3 6554//3 6558//3
f 6555//5 6560//5 6559//5
f 6555//5 6556//5 6560//5
f 6561//3 6566//3 6565//3
f 6561//3 6562//3 6566//3
f 6563//5 6568//5 6567//5
f 6563//5 6564//5 6568//5
f 6569//3 6574//3 6573//3
f 6569//3 6570//3 6574//3
f 6571//5 6576//5 6575//5
f 6571//5 6572//5 6576//5
f 6577//3 6582//3 6581//3
f 6577//3 6578//3 6582//3
f 6579//5 6584//5 6583//5
f 6579//5 6580//5 6584//5
f 6585//3 6590//3 6589//3
f 6585//3 6586//3 6590//3
f 6587//5 6592//5 6591//5
f 6587//5 6588//5 6592//5
f 6593//3 6598//3 6597//3
f 6593//3 6594//3 6598//3
f 6595//5 6600//5 6599//5
f 6595//5 6596//5 6600//5
f 6601//3 6606//3 6605//3
f 6601//3 6602//3 6606//3
f 6603//5 6608//5 6607//5
f 6603//5 6604//5 6608//5
f 6609//3 6614//3 6613//3
f 6609//3 6610//3 6614//3
f 6611//5 6616//5 6615//5
f 6611//5 6612//5 6616//5
f 6617//3 6622//3 6621//3
f 6617//3 6618//3 6622//3
f 6619//5 6624//5 6623//5
f 6619//5 6620//5 6624//5
f 6625//3 6630//3 6629//3
f 6625//3 6626//3 6630//3
f 6627//5 6632//5 6631//5
f 6627//5 6628//5 6632//5
f 6633//3 6638//3 6637//3
f 6633//3 6634//3 6638//3
f 6635//5 6640//5 6639//5
f 6635//5 6636//5 6640//5
f 6641//3 6646//3 6645//3
f 6641//3 6642//3 6646//3
f 6643//5 6648//5 6647//5
f 6643//5 6644//5 6648//5
f 6649//3 6654//3 6653//3
f 6649//3 6650//3 6654//3
f 6651//5 6656//5 6655//5
f 6651//5 6652//5 6656//5
f 6657//3 6662//3 6661//3
f 6657//3 6658//3 6662//3
f 6659//5 6664//5 6663//5
f 6659//5 6660//5 6664//5
f 6665//3 6670//3 6669//3
f 6665//3 6666//3 6670//3
f 6667//5 6672//5 6671//5
f 6667//5 6668//5 6672//5
f 6677//2 6678//2 6679//2
f 6677//2 6679//2 6680//2
f 6673//3 6678//3 6677//3
f 6673//3 6674//3 6678//3
f 6675//5 6680//5 6679//5
f 6675//5 6676//5 6680//5
f 6676//6 6677//6 6680//6
f 6676//6 6673//6 6677//6
f 6681//1 6683//1 6682//1
f 6681//1 6684//1 6683//1
f 6681//3 6686//3 6685//3
f 6681//3 6682//3 6686//3
f 6683//5 6688//5 6687//5
f 6683//5 6684//5 6688//5
f 6689//3 6694//3 6693//3
f 6689//3 6690//3 6694//3
f 6690//4 6695//4 6694//4
f 6690//4 6691//4 6695//4
f 6691//5 6696//5 6695//5
f 6691//5 6692//5 6696//5
f 6697//3 6702//3 6701//3
f 6697//3 6698//3 6702//3
f 6699//5 6704//5 6703//5
f 6699//5 6700//5 6704//5
f 6705//3 6710//3 6709//3
f 6705//3 6706//3 6710//3
f 6706//4 6711//4 6710//4
f 6706//4 6707//4 6711//4
f 6707//5 6712//5 6711//5
f 6707//5 6708//5 6712//5
f 6713//3 6718//3 6717//3
f 6713//3 6714//3 6718//3
f 6714//4 6719//4 6718//4
f 6714//4 6715//4 6719//4
f 6715//5 6720//5 6719//5
f 6715//5 6716//5 6720//5
f 6721//3 6726//3 6725//3
f 6721//3 6722//3 6726//3
f 6722//4 6727//4 6726//4
f 6722//4 6723//4 6727//4
f 6723//5 6728//5 6727//5
f 6723//5 6724//5 6728//5
f 6733//2 6734//2 6735//2
f 6733//2 6735//2 6736//2
f 6729//3 6734//3 6733//3
f 6729//3 6730//3 6734//3
f 6730//4 6735//4 6734//4
f 6730//4 6731//4 6735//4
f 6731//5 6736//5 6735//5
f 6731//5 6732//5 6736//5
f 6737//1 6739//1 6738//1
f 6737//1 6740//1 6739//1
f 6737//3 6742//3 6741//3
f 6737//3 6738//3 6742//3
f 6739//5 6744//5 6743//5
f 6739//5 6740//5 6744//5
f 6740//6 6741//6 6744//6
f 6740//6 6737//6 6741//6
f 6745//3 6750//3 6749//3
f 6745//3 6746//3 6750//3
f 6747//5 6752//5 6751//5
f 6747//5 6748//5 6752//5
f 6753//3 6758//3 6757//3
f 6753//3 6754//3 6758//3
f 6755//5 6760//5 6759//5
f 6755//5 6756//5 6760//5
f 6761//3 6766//3 6765//3
f 6761//3 6762//3 6766//3
f 6763//5 6768//5 6767//5
f 6763//5 6764//5 6768//5
f 6769//3 6774//3 6773//3
f 6769//3 6770//3 6774//3
f 6771//5 6776//5 6775//5
f 6771//5 6772//5 6776//5
f 6777//3 6782//3 6781//3
f 6777//3 6778//3 6782//3
f 6779//5 6784//5 6783//5
f 6779//5 6780//5 6784//5
f 6785//3 6790//3 6789//3
f 6785//3 6786//3 6790//3
f 6787//5 6792//5 6791//5
f 6787//5 6788//5 6792//5
f 6793//3 6798//3 6797//3
f 6793//3 6794//3 6798//3
f 6795//5 6800//5 6799//5
f 6795//5 6796//5 6800//5
f 6801//3 6806//3 6805//3
f 6801//3 6802//3 6806//3
f 6803//5 6808//5 6807//5
f 6803//5 6804//5 6808//5
f 6809//3 6814//3 6813//3
f 6809//3 6810//3 6814//3
f 6811//5 6816//5 6815//5
f 6811//5 6812//5 6816//5
f 6817//3 6822//3 6821//3
f 6817//3 6818//3 6822//3
f 6819//5 6824//5 6823//5
f 6819//5 6820//5 6824//5
f 6825//3 6830//3 6829//3
f 6825//3 6826//3 6830//3
f 6827//5 6832//5 6831//5
f 6827//5 6828//5 6832//5
f 6833//3 6838//3 6837//3
f 6833//3 6834//3 6838//3
f 6835//5 6840//5 6839//5
f 6835//5 6836//5 6840//5
f 6841//3 6846//3 6845//3
f 6841//3 6842//3 6846//3
f 6843//5 6848//5 6847//5
f 6843//5 6844//5 6848//5
f 6844//6 6845//6 6848//6
f 6844//6 6841//6 6845//6
f 6849//3 6854//3 6853//3
f 6849//3 6850//3 6854//3
f 6851//5 6856//5 6855//5
f 6851//5 6852//5 6856//5
f 6857//3 6862//3 6861//3
f 6857//3 6858//3 6862//3
f 6859//5 6864//5 6863//5
f 6859//5 6860//5 6864//5
f 6860//6 6861//6 6864//6
f 6860//6 6857//6 6861//6
f 6865//3 6870//3 6869//3
f 6865//3 6866//3 6870//3
f 6867//5 6872//5 6871//5
f 6867//5 6868//5 6872//5
f 6868//6 6869//6 6872//6
f 6868//6 6865//6 6869//6
f 6877//2 6878//2 6879//2
f 6877//2 6879//2 6880//2
f 6873//3 6878//3 6877//3
f 6873//3 6874//3 6878//3
f 6875//5 6880//5 6879//5
f 6875//5 6876//5 6880//5
f 6876//6 6877//6 6880//6
f 6876//6 6873//6 6877//6
f 6881//1 6883//1 6882//1
f 6881//1 6884//1 6883//1
f 6881//3 6886//3 6885//3
f 6881//3 6882//3 6886//3
f 6883//5 6888//5 6887//5
f 6883//5 6884//5 6888//5
f 6893//2 6894//2 6895//2
f 6893//2 6895//2 6896//2
f 6889//3 6894//3 6893//3
f 6889//3 6890//3 6894//3
f 6891//5 6896//5 6895//5
f 6891//5 6892//5 6896//5
f 6892//6 6893//6 6896//6
f 6892//6 6889//6 6893//6
f 6897//1 6899//1 6898//1
f 6897//1 6900//1 6899//1
f 6901//2 6902//2 6903//2
f 6901//2 6903//2 6904//2
f 6897//3 6902//3 6901//3
f 6897//3 6898//3 6902//3
f 6899//5 6904//5 6903//5
f 6899//5 6900//5 6904//5
f 6905//1 6907//1 6906//1
f 6905//1 6908//1 6907//1
f 6905//3 6910//3 6909//3
f 6905//3 6906//3 6910//3
f 6906//4 6911//4 6910//4
f 6906//4 6907//4 6911//4
f 6907//5 6912//5 6911//5
f 6907//5 6908//5 6912//5
f 6913//3 6918//3 6917//3
f 6913//3 6914//3 6918//3
f 6915//5 6920//5 6919//5
f 6915//5 6916//5 6920//5
f 6925//2 6926//2 6927//2
f 6925//2 6927//2 6928//2
f 6921//3 6926//3 6925//3
f 6921//3 6922//3 6926//3
f 6923//5 6928//5 6927//5
f 6923//5 6924//5 6928//5
f 6929//1 6931//1 6930//1
f 6929//1 6932//1 6931//1
f 6929//3 6934//3 6933//3
f 6929//3 6930//3 6934//3
f 6931//5 6936//5 6935//5
f 6931//5 6932//5 6936//5
f 6937//3 6942//3 6941//3
f 6937//3 6938//3 6942//3
f 6939//5 6944//5 6943//5
f 6939//5 6940//5 6944//5
f 6945//3 6950//3 6949//3
f 6945//3 6946//3 6950//3
f 6947//5 6952//5 6951//5
f 6947//5 6948//5 6952//5
f 6953//3 6958//3 6957//3
f 6953//3 6954//3 6958//3
f 6955//5 6960//5 6959//5
f 6955//5 6956//5 6960//5
f 6961//3 6966//3 6965//3
f 6961//3 6962//3 6966//3
f 6963//5 6968//5 6967//5
f 6963//5 6964//5 6968//5
f 6969//3 6974//3 6973//3
f 6969//3 6970//3 6974//3
f 6971//5 6976//5 6975//5
f 6971//5 6972//5 6976//5
f 6977//3 6982//3 6981//3
f 6977//3 6978//3 6982//3
f 6979//5 6984//5 6983//5
f 6979//5 6980//5 6984//5
f 6985//3 6990//3 6989//3
f 6985//3 6986//3 6990//3
f 6987//5 6992//5 6991//5
f 6987//5 6988//5 6992//5
f 6993//3 6998//3 6997//3
f 6993//3 6994//3 6998//3
f 6995//5 7000//5 6999//5
f 6995//5 6996//5 7000//5
f 7001//3 7006//3 7005//3
f 7001//3 7002//3 7006//3
f 7003//5 7008//5 7007//5
f 7003//5 7004//5 7008//5
f 7009//3 7014//3 7013//3
f 7009//3 7010//3 7014//3
f 7011//5 7016//5 7015//5
f 7011//5 7012//5 7016//5
f 7017//3 7022//3 7021//3
f 7017//3 7018//3 7022//3
f 7019//5 7024//5 7023//5
f 7019//5 7020//5 7024//5
f 7025//3 7030//3 7029//3
f 7025//3 7026//3 7030//3
f 7027//5 7032//5 7031//5
f 7027//5 7028//5 7032//5
f 7033//3 7038//3 7037//3
f 7033//3 7034//3 7038//3
f 7035//5 7040//5 7039//5
f 7035//5 7036//5 7040//5
f 7041//3 7046//3 7045//3
f 7041//3 7042//3 7046//3
f 7043//5 7048//5 7047//5
f 7043//5 7044//5 7048//5
f 7044//6 7045//6 7048//6
f 7044//6 7041//6 7045//6
f 7049//3 7054//3 7053//3
f 7049//3 7050//3 7054//3
f 7051//5 7056//5 7055//5
f 7051//5 7052//5 7056//5
f 7052//6 7053//6 7056//6
f 7052//6 7049//6 7053//6
f 7061//2 7062//2 7063//2
f 7061//2 7063//2 7064//2
f 7057//3 7062//3 7061//3
f 7057//3 7058//3 7062//3
f 7059//5 7064//5 7063//5
f 7059//5 7060//5 7064//5
f 7060//6 7061//6 7064//6
f 7060//6 7057//6 7061//6
f 7065//1 7067//1 7066//1
f 7065//1 7068//1 7067//1
f 7065//3 7070//3 7069//3
f 7065//3 7066//3 7070//3
f 7067//5 7072//5 7071//5
f 7067//5 7068//5 7072//5
f 7073//3 7078//3 7077//3
f 7073//3 7074//3 7078//3
f 7075//5 7080//5 7079//5
f 7075//5 7076//5 7080//5
f 7081//3 7086//3 7085//3
f 7081//3 7082//3 7086//3
f 7083//5 7088//5 7087//5
f 7083//5 7084//5 7088//5
f 7089//3 7094//3 7093//3
f 7089//3 7090//3 7094//3
f 7091//5 7096//5 7095//5
f 7091//5 7092//5 7096//5
f 7097//3 7102//3 7101//3
f 7097//3 7098//3 7102//3
f 7099//5 7104//5 7103//5
f 7099//5 7100//5 7104//5
f 7105//3 7110//3 7109//3
f 7105//3 7106//3 7110//3
f 7107//5 7112//5 7111//5
f 7107//5 7108//5 7112//5
f 7113//3 7118//3 7117//3
f 7113//3 7114//3 7118//3
f 7115//5 7120//5 7119//5
f 7115//5 7116//5 7120//5
f 7121//3 7126//3 7125//3
f 7121//3 7122//3 7126//3
f 7123//5 7128//5 7127//5
f 7123//5 7124//5 7128//5
f 7129//3 7134//3 7133//3
f 7129//3 7130//3 7134//3
f 7131//5 7136//5 7135//5
f 7131//5 7132//5 7136//5
f 7137//3 7142//3 7141//3
f 7137//3 7138//3 7142//3
f 7139//5 7144//5 7143//5
f 7139//5 7140//5 7144//5
f 7145//3 7150//3 7149//3
f 7145//3 7146//3 7150//3
f 7147//5 7152//5 7151//5
f 7147//5 7148//5 7152//5
f 7153//3 7158//3 7157//3
f 7153//3 7154//3 7158//3
f 7155//5 7160//5 7159//5
f 7155//5 7156//5 7160//5
f 7161//3 7166//3 7165//3
f 7161//3 7162//3 7166//3
f 7163//5 7168//5 7167//5
f 7163//5 7164//5 7168//5
f 7169//3 7174//3 7173//3
f 7169//3 7170//3 7174//3
f 7171//5 7176//5 7175//5
f 7171//5 7172//5 7176//5
f 7177//3 7182//3 7181//3
f 7177//3 7178//3 7182//3
f 7179//5 7184//5 7183//5
f 7179//5 7180//5 7184//5
f 7185//3 7190//3 7189//3
f 7185//3 7186//3 7190//3
f 7187//5 7192//5 7191//5
f 7187//5 7188//5 7192//5
f 7193//3 7198//3 7197//3
f 7193//3 7194//3 7198//3
f 7195//5 7200//5 7199//5
f 7195//5 7196//5 7200//5
f 7201//3 7206//3 7205//3
f 7201//3 7202//3 7206//3
f 7203//5 7208//5 7207//5
f 7203//5 7204//5 7208//5
f 7209//3 7214//3 7213//3
f 7209//3 7210//3 7214//3
f 7211//5 7216//5 7215//5
f 7211//5 7212//5 7216//5
f 7217//3 7222//3 7221//3
f 7217//3 7218//3 7222//3
f 7219//5 7224//5 7223//5
f 7219//5 7220//5 7224//5
f 7225//3 7230//3 7229//3
f 7225//3 7226//3 7230//3
f 7227//5 7232//5 7231//5
f 7227//5 7228//5 7232//5
f 7228//6 7229//6 7232//6
f 7228//6 7225//6 7229//6
f 7233//3 7238//3 7237//3
f 7233//3 7234//3 7238//3
f 7235//5 7240//5 7239//5
f 7235//5 7236//5 7240//5
f 7236//6 7237//6 7240//6
f 7236//6 7233//6 7237//6
f 7241//3 7246//3 7245//3
f 7241//3 7242//3 7246//3
f 7243//5 7248//5 7247//5
f 7243//5 7244//5 7248//5
f 7244//6 7245//6 7248//6
f 7244//6 7241//6 7245//6
f 7249//3 7254//3 7253//3
f 7249//3 7250//3 7254//3
f 7251//5 7256//5 7255//5
f 7251//5 7252//5 7256//5
f 7252//6 7253//6 7256//6
f 7252//6 7249//6 7253//6
f 7261//2 7262//2 7263//2
f 7261//2 7263//2 7264//2
f 7257//3 7262//3 7261//3
f 7257//3 7258//3 7262//3
f 7259//5 7264//5 7263//5
f 7259//5 7260//5 7264//5
f 7260//6 7261//6 7264//6
f 7260//6 7257//6 7261//6
f 7265//1 7267//1 7266//1
f 7265//1 7268//1 7267//1
f 7265//3 7270//3 7269//3
f 7265//3 7266//3 7270//3
f 7266//4 7271//4 7270//4
f 7266//4 7267//4 7271//4
f 7267//5 7272//5 7271//5
f 7267//5 7268//5 7272//5
f 7268//6 7269//6 7272//6
f 7268//6 7265//6 7269//6
f 7273//3 7278//3 7277//3
f 7273//3 7274//3 7278//3
f 7274//4 7279//4 7278//4
f 7274//4 7275//4 7279//4
f 7275//5 7280//5 7279//5
f 7275//5 7276//5 7280//5
f 7276//6 7277//6 7280//6
f 7276//6 7273//6 7277//6
f 7281//3 7286//3 7285//3
f 7281//3 7282//3 7286//3
f 7282//4 7287//4 7286//4
f 7282//4 7283//4 7287//4
f 7283//5 7288//5 7287//5
f 7283//5 7284//5 7288//5
f 7284//6 7285//6 7288//6
f 7284//6 7281//6 7285//6
f 7289//3 7294//3 7293//3
f 7289//3 7290//3 7294//3
f 7290//4 7295//4 7294//4
f 7290//4 7291//4 7295//4
f 7291//5 7296//5 7295//5
f 7291//5 7292//5 7296//5
f 7292//6 7293//6 7296//6
f 7292//6 7289//6 7293//6
f 7297//3 7302//3 7301//3
f 7297//3 7298//3 7302//3
f 7298//4 7303//4 7302//4
f 7298//4 7299//4 7303//4
f 7299//5 7304//5 7303//5
f 7299//5 7300//5 7304//5
f 7300//6 7301//6 7304//6
f 7300//6 7297//6 7301//6
f 7305//3 7310//3 7309//3
f 7305//3 7306//3 7310//3
f 7306//4 7311//4 7310//4
f 7306//4 7307//4 7311//4
f 7307//5 7312//5 7311//5
f 7307//5 7308//5 7312//5
f 7308//6 7309//6 7312//6
f 7308//6 7305//6 7309//6
f 7313//3 7318//3 7317//3
f 7313//3 7314//3 7318//3
f 7315//5 7320//5 7319//5
f 7315//5 7316//5 7320//5
f 7316//6 7317//6 7320//6
f 7316//6 7313//6 7317//6
f 7321//3 7326//3 7325//3
f 7321//3 7322//3 7326//3
f 7322//4 7327//4 7326//4
f 7322//4 7323//4 7327//4
f 7323//5 7328//5 7327//5
f 7323//5 7324//5 7328//5
f 7324//6 7325//6 7328//6
f 7324//6 7321//6 7325//6
f 7329//3 7334//3 7333//3
f 7329//3 7330//3 7334//3
f 7331//5 7336//5 7335//5
f 7331//5 7332//5 7336//5
f 7332//6 7333//6 7336//6
f 7332//6 7329//6 7333//6
f 7341//2 7342//2 7343//2
f 7341//2 7343//2 7344//2
f 7337//3 7342//3 7341//3
f 7337//3 7338//3 7342//3
f 7339//5 7344//5 7343//5
f 7339//5 7340//5 7344//5
f 7345//1 7347//1 7346//1
f 7345//1 7348//1 7347//1
f 7349//2 7350//2 7351//2
f 7349//2 7351//2 7352//2
f 7345//3 7350//3 7349//3
f 7345//3 7346//3 7350//3
f 7347//5 7352//5 7351//5
f 7347//5 7348//5 7352//5
f 7353//1 7355//1 7354//1
f 7353//1 7356//1 7355//1
f 7357//2 7358//2 7359//2
f 7357//2 7359//2 7360//2
f 7353//3 7358//3 7357//3
f 7353//3 7354//3 7358//3
f 7355//5 7360//5 7359//5
f 7355//5 7356//5 7360//5
f 7356//6 7357//6 7360//6
f 7356//6 7353//6 7357//6
f 7361//1 7363//1 7362//1
f 7361//1 7364//1 7363//1
f 7361//3 7366//3 7365//3
f 7361//3 7362//3 7366//3
f 7363//5 7368//5 7367//5
f 7363//5 7364//5 7368//5
f 7364//6 7365//6 7368//6
f 7364//6 7361//6 7365//6
f 7369//3 7374//3 7373//3
f 7369//3 7370//3 7374//3
f 7371//5 7376//5 7375//5
f 7371//5 7372//5 7376//5
f 7377//3 7382//3 7381//3
f 7377//3 7378//3 7382//3
f 7379//5 7384//5 7383//5
f 7379//5 7380//5 7384//5
f 7385//3 7390//3 7389//3
f 7385//3 7386//3 7390//3
f 7387//5 7392//5 7391//5
f 7387//5 7388//5 7392//5
f 7393//3 7398//3 7397//3
f 7393//3 7394//3 7398//3
f 7395//5 7400//5 7399//5
f 7395//5 7396//5 7400//5
f 7401//3 7406//3 7405//3
f 7401//3 7402//3 7406//3
f 7403//5 7408//5 7407//5
f 7403//5 7404//5 7408//5
f 7409//3 7414//3 7413//3
f 7409//3 7410//3 7414//3
f 7411//5 7416//5 7415//5
f 7411//5 7412//5 7416//5
f 7417//3 7422//3 7421//3
f 7417//3 7418//3 7422//3
f 7419//5 7424//5 7423//5
f 7419//5 7420//5 7424//5
f 7425//3 7430//3 7429//3
f 7425//3 7426//3 7430//3
f 7427//5 7432//5 7431//5
f 7427//5 7428//5 7432//5
f 7433//3 7438//3 7437//3
f 7433//3 7434//3 7438//3
f 7435//5 7440//5 7439//5
f 7435//5 7436//5 7440//5
f 7441//3 7446//3 7445//3
f 7441//3 7442//3 7446//3
f 7443//5 7448//5 7447//5
f 7443//5 7444//5 7448//5
f 7449//3 7454//3 7453//3
f 7449//3 7450//3 7454//3
f 7451//5 7456//5 7455//5
f 7451//5 7452//5 7456//5
f 7457//3 7462//3 7461//3
f 7457//3 7458//3 7462//3
f 7459//5 7464//5 7463//5
f 7459//5 7460//5 7464//5
f 7465//3 7470//3 7469//3
f 7465//3 7466//3 7470//3
f 7467//5 7472//5 7471//5
f 7467//5 7468//5 7472//5
f 7473//3 7478//3 7477//3
f 7473//3 7474//3 7478//3
f 7475//5 7480//5 7479//5
f 7475//5 7476//5 7480//5
f 7481//3 7486//3 7485//3
f 7481//3 7482//3 7486//3
f 7483//5 7488//5 7487//5
f 7483//5 7484//5 7488//5
f 7489//3 7494//3 7493//3
f 7489//3 7490//3 7494//3
f 7491//5 7496//5 7495//5
f 7491//5 7492//5 7496//5
f 7497//3 7502//3 7501//3
f 7497//3 7498//3 7502//3
f 7499//5 7504//5 7503//5
f 7499//5 7500//5 7504//5
f 7509//2 7510//2 7511//2
f 7509//2 7511//2 7512//2
f 7505//3 7510//3 7509//3
f 7505//3 7506//3 7510//3
f 7507//5 7512//5 7511//5
f 7507//5 7508//5 7512//5
f 7513//1 7515//1 7514//1
f 7513//1 7516//1 7515//1
f 7513//3 7518//3 7517//3
f 7513//3 7514//3 7518//3
f 7514//4 7519//4 7518//4
f 7514//4 7515//4 7519//4
f 7515//5 7520//5 7519//5
f 7515//5 7516//5 7520//5
f 7525//2 7526//2 7527//2
f 7525//2 7527//2 7528//2
f 7521//3 7526//3 7525//3
f 7521//3 7522//3 7526//3
f 7523//5 7528//5 7527//5
f 7523//5 7524//5 7528//5
f 7529//1 7531//1 7530//1
f 7529//1 7532//1 7531//1
f 7529//3 7534//3 7533//3
f 7529//3 7530//3 7534//3
f 7531//5 7536//5 7535//5
f 7531//5 7532//5 7536//5
f 7541//2 7542//2 7543//2
f 7541//2 7543//2 7544//2
f 7537//3 7542//3 7541//3
f 7537//3 7538//3 7542//3
f 7538//4 7543//4 7542//4
f 7538//4 7539//4 7543//4
f 7539//5 7544//5 7543//5
f 7539//5 7540//5 7544//5
f 7540//6 7541//6 7544//6
f 7540//6 7537//6 7541//6
f 7545//1 7547//1 7546//1
f 7545//1 7548//1 7547//1
f 7545//3 7550//3 7549//3
f 7545//3 7546//3 7550//3
f 7546//4 7551//4 7550//4
f 7546//4 7547//4 7551//4
f 7547//5 7552//5 7551//5
f 7547//5 7548//5 7552//5
f 7557//2 7558//2 7559//2
f 7557//2 7559//2 7560//2
f 7553//3 7558//3 7557//3
f 7553//3 7554//3 7558//3
f 7555//5 7560//5 7559//5
f 7555//5 7556//5 7560//5
f 7561//1 7563//1 7562//1
f 7561//1 7564//1 7563//1
f 7561//3 7566//3 7565//3
f 7561//3 7562//3 7566//3
f 7563//5 7568//5 7567//5
f 7563//5 7564//5 7568//5
f 7569//3 7574//3 7573//3
f 7569//3 7570//3 7574//3
f 7571//5 7576//5 7575//5
f 7571//5 7572//5 7576//5
f 7577//3 7582//3 7581//3
f 7577//3 7578//3 7582//3
f 7579//5 7584//5 7583//5
f 7579//5 7580//5 7584//5
f 7585//3 7590//3 7589//3
f 7585//3 7586//3 7590//3
f 7587//5 7592//5 7591//5
f 7587//5 7588//5 7592//5
f 7593//3 7598//3 7597//3
f 7593//3 7594//3 7598//3
f 7595//5 7600//5 7599//5
f 7595//5 7596//5 7600//5
f 7601//3 7606//3 7605//3
f 7601//3 7602//3 7606//3
f 7603//5 7608//5 7607//5
f 7603//5 7604//5 7608//5
f 7609//3 7614//3 7613//3
f 7609//3 7610//3 7614//3
f 7611//5 7616//5 7615//5
f 7611//5 7612//5 7616//5
f 7617//3 7622//3 7621//3
f 7617//3 7618//3 7622//3
f 7619//5 7624//5 7623//5
f 7619//5 7620//5 7624//5
f 7625//3 7630//3 7629//3
f 7625//3 7626//3 7630//3
f 7627//5 7632//5 7631//5
f 7627//5 7628//5 7632//5
f 7633//3 7638//3 7637//3
f 7633//3 7634//3 7638//3
f 7635//5 7640//5 7639//5
f 7635//5 7636//5 7640//5
f 7641//3 7646//3 7645//3
f 7641//3 7642//3 7646//3
f 7643//5 7648//5 7647//5
f 7643//5 7644//5 7648//5
f 7649//3 7654//3 7653//3
f 7649//3 7650//3 7654//3
f 7651//5 7656//5 7655//5
f 7651//5 7652//5 7656//5
f 7657//3 7662//3 7661//3
f 7657//3 7658//3 7662//3
f 7659//5 7664//5 7663//5
f 7659//5 7660//5 7664//5
f 7665//3 7670//3 7669//3
f 7665//3 7666//3 7670//3
f 7667//5 7672//5 7671//5
f 7667//5 7668//5 7672//5
f 7673//3 7678//3 7677//3
f 7673//3 7674//3 7678//3
f 7675//5 7680//5 7679//5
f 7675//5 7676//5 7680//5
f 7681//3 7686//3 7685//3
f 7681//3 7682//3 7686//3
f 7683//5 7688//5 7687//5
f 7683//5 7684//5 7688//5
f 7689//3 7694//3 7693//3
f 7689//3 7690//3 7694//3
f 7691//5 7696//5 7695//5
f 7691//5 7692//5 7696//5
f 7701//2 7702//2 7703//2
f 7701//2 7703//2 7704//2
f 7697//3 7702//3 7701//3
f 7697//3 7698//3 7702//3
f 7699//5 7704//5 7703//5
f 7699//5 7700//5 7704//5
f 7700//6 7701//6 7704//6
f 7700//6 7697//6 7701//6
f 7705//1 7707//1 7706//1
f 7705//1 7708//1 7707//1
f 7705//3 7710//3 7709//3
f 7705//3 7706//3 7710//3
f 7706//4 7711//4 7710//4
f 7706//4 7707//4 7711//4
f 7707//5 7712//5 7711//5
f 7707//5 7708//5 7712//5
f 7713//3 7718//3 7717//3
f 7713//3 7714//3 7718//3
f 7715//5 7720//5 7719//5
f 7715//5 7716//5 7720//5
f 7721//3 7726//3 7725//3
f 7721//3 7722//3 7726//3
f 7723//5 7728//5 7727//5
f 7723//5 7724//5 7728//5
f 7729//3 7734//3 7733//3
f 7729//3 7730//3 7734//3
f 7731//5 7736//5 7735//5
f 7731//5 7732//5 7736//5
f 7737//3 7742//3 7741//3
f 7737//3 7738//3 7742//3
f 7739//5 7744//5 7743//5
f 7739//5 7740//5 7744//5
f 7745//3 7750//3 7749//3
f 7745//3 7746//3 7750//3
f 7747//5 7752//5 7751//5
f 7747//5 7748//5 7752//5
f 7753//3 7758//3 7757//3
f 7753//3 7754//3 7758//3
f 7755//5 7760//5 7759//5
f 7755//5 7756//5 7760//5
f 7761//3 7766//3 7765//3
f 7761//3 7762//3 7766//3
f 7763//5 7768//5 7767//5
f 7763//5 7764//5 7768//5
f 7769//3 7774//3 7773//3
f 7769//3 7770//3 7774//3
f 7771//5 7776//5 7775//5
f 7771//5 7772//5 7776//5
f 7777//3 7782//3 7781//3
f 7777//3 7778//3 7782//3
f 7779//5 7784//5 7783//5
f 7779//5 7780//5 7784//5
f 7785//3 7790//3 7789//3
f 7785//3 7786//3 7790//3
f 7787//5 7792//5 7791//5
f 7787//5 7788//5 7792//5
f 7793//3 7798//3 7797//3
f 7793//3 7794//3 7798//3
f 7795//5 7800//5 7799//5
f 7795//5 7796//5 7800//5
f 7801//3 7806//3 7805//3
f 7801//3 7802//3 7806//3
f 7803//5 7808//5 7807//5
f 7803//5 7804//5 7808//5
f 7809//3 7814//3 7813//3
f 7809//3 7810//3 7814//3
f 7811//5 7816//5 7815//5
f 7811//5 7812//5 7816//5
f 7817//3 7822//3 7821//3
f 7817//3 7818//3 7822//3
f 7819//5 7824//5 7823//5
f 7819//5 7820//5 7824//5
f 7825//3 7830//3 7829//3
f 7825//3 7826//3 7830//3
f 7827//5 7832//5 7831//5
f 7827//5 7828//5 7832//5
f 7833//3 7838//3 7837//3
f 7833//3 7834//3 7838//3
f 7835//5 7840//5 7839//5
f 7835//5 7836//5 7840//5
f 7841//3 7846//3 7845//3
f 7841//3 7842//3 7846//3
f 7843//5 7848//5 7847//5
f 7843//5 7844//5 7848//5
f 7849//3 7854//3 7853//3
f 7849//3 7850//3 7854//3
f 7851//5 7856//5 7855//5
f 7851//5 7852//5 7856//5
f 7857//3 7862//3 7861//3
f 7857//3 7858//3 7862//3
f 7859//5 7864//5 7863//5
f 7859//5 7860//5 7864//5
f 7865//3 7870//3 7869//3
f 7865//3 7866//3 7870//3
f 7867//5 7872//5 7871//5
f 7867//5 7868//5 7872//5
f 7873//3 7878//3 7877//3
f 7873//3 7874//3 7878//3
f 7875//5 7880//5 7879//5
f 7875//5 7876//5 7880//5
f 7881//3 7886//3 7885//3
f 7881//3 7882//3 7886//3
f 7882//4 7887//4 7886//4
f 7882//4 7883//4 7887//4
f 7883//5 7888//5 7887//5
f 7883//5 7884//5 7888//5
f 7889//3 7894//3 7893//3
f 7889//3 7890//3 7894//3
f 7890//4 7895//4 7894//4
f 7890//4 7891//4 7895//4
f 7891//5 7896//5 7895//5
f 7891//5 7892//5 7896//5
f 7901//2 7902//2 7903//2
f 7901//2 7903//2 7904//2
f 7897//3 7902//3 7901//3
f 7897//3 7898//3 7902//3
f 7898//4 7903//4 7902//4
f 7898//4 7899//4 7903//4
f 7899//5 7904//5 7903//5
f 7899//5 7900//5 7904//5
f 7905//1 7907//1 7906//1
f 7905//1 7908//1 7907//1
f 7909//2 7910//2 7911//2
f 7909//2 7911//2 7912//2
f 7905//3 7910//3 7909//3
f 7905//3 7906//3 7910//3
f 7907//5 7912//5 7911//5
f 7907//5 7908//5 7912//5
f 7913//1 7915//1 7914//1
f 7913//1 7916//1 7915//1
f 7913//3 7918//3 7917//3
f 7913//3 7914//3 7918//3
f 7914//4 7919//4 7918//4
f 7914//4 7915//4 7919//4
f 7915//5 7920//5 7919//5
f 7915//5 7916//5 7920//5
f 7921//3 7926//3 7925//3
f 7921//3 7922//3 7926//3
f 7923//5 7928//5 7927//5
f 7923//5 7924//5 7928//5
f 7929//3 7934//3 7933//3
f 7929//3 7930//3 7934//3
f 7930//4 7935//4 7934//4
f 7930//4 7931//4 7935//4
f 7931//5 7936//5 7935//5
f 7931//5 7932//5 7936//5
f 7932//6 7933//6 7936//6
f 7932//6 7929//6 7933//6
f 7941//2 7942//2 7943//2
f 7941//2 7943//2 7944//2
f 7937//3 7942//3 7941//3
f 7937//3 7938//3 7942//3
f 7939//5 7944//5 7943//5
f 7939//5 7940//5 7944//5
f 7945//1 7947//1 7946//1
f 7945//1 7948//1 7947//1
f 7945//3 7950//3 7949//3
f 7945//3 7946//3 7950//3
f 7946//4 7951//4 7950//4
f 7946//4 7947//4 7951//4
f 7947//5 7952//5 7951//5
f 7947//5 7948//5 7952//5
f 7948//6 7949//6 7952//6
f 7948//6 7945//6 7949//6
f 7953//3 7958//3 7957//3
f 7953//3 7954//3 7958//3
f 7954//4 7959//4 7958//4
f 7954//4 7955//4 7959//4
f 7955//5 7960//5 7959//5
f 7955//5 7956//5 7960//5
f 7956//6 7957//6 7960//6
f 7956//6 7953//6 7957//6
f 7961//3 7966//3 7965//3
f 7961//3 7962//3 7966//3
f 7963//5 7968//5 7967//5
f 7963//5 7964//5 7968//5
f 7964//6 7965//6 7968//6
f 7964//6 7961//6 7965//6
f 7969//3 7974//3 7973//3
f 7969//3 7970//3 7974//3
f 7971//5 7976//5 7975//5
f 7971//5 7972//5 7976//5
f 7977//3 7982//3 7981//3
f 7977//3 7978//3 7982//3
f 7979//5 7984//5 7983//5
f 7979//5 7980//5 7984//5
f 7980//6 7981//6 7984//6
f 7980//6 7977//6 7981//6
f 7985//3 7990//3 7989//3
f 7985//3 7986//3 7990//3
f 7987//5 7992//5 7991//5
f 7987//5 7988//5 7992//5
f 7993//3 7998//3 7997//3
f 7993//3 7994//3 7998//3
f 7995//5 8000//5 7999//5
f 7995//5 7996//5 8000//5
f 8001//3 8006//3 8005//3
f 8001//3 8002//3 8006//3
f 8003//5 8008//5 8007//5
f 8003//5 8004//5 8008//5
f 8009//3 8014//3 8013//3
f 8009//3 8010//3 8014//3
f 8011//5 8016//5 8015//5
f 8011//5 8012//5 8016//5
f 8017//3 8022//3 8021//3
f 8017//3 8018//3 8022//3
f 8019//5 8024//5 8023//5
f 8019//5 8020//5 8024//5
f 8025//3 8030//3 8029//3
f 8025//3 8026//3 8030//3
f 8027//5 8032//5 8031//5
f 8027//5 8028//5 8032//5
f 8033//3 8038//3 8037//3
f 8033//3 8034//3 8038//3
f 8035//5 8040//5 8039//5
f 8035//5 8036//5 8040//5
f 8041//3 8046//3 8045//3
f 8041//3 8042//3 8046//3
f 8043//5 8048//5 8047//5
f 8043//5 8044//5 8048//5
f 8049//3 8054//3 8053//3
f 8049//3 8050//3 8054//3
f 8051//5 8056//5 8055//5
f 8051//5 8052//5 8056//5
f 8057//3 8062//3 8061//3
f 8057//3 8058//3 8062//3
f 8059//5 8064//5 8063//5
f 8059//5 8060//5 8064//5
f 8065//3 8070//3 8069//3
f 8065//3 8066//3 8070//3
f 8067//5 8072//5 8071//5
f 8067//5 8068//5 8072//5
f 8073//3 8078//3 8077//3
f 8073//3 8074//3 8078//3
f 8075//5 8080//5 8079//5
f 8075//5 8076//5 8080//5
f 8081//3 8086//3 8085//3
f 8081//3 8082//3 8086//3
f 8083//5 8088//5 8087//5
f 8083//5 8084//5 8088//5
f 8089//3 8094//3 8093//3
f 8089//3 8090//3 8094//3
f 8091//5 8096//5 8095//5
f 8091//5 8092//5 8096//5
f 8097//3 8102//3 8101//3
f 8097//3 8098//3 8102//3
f 8099//5 8104//5 8103//5
f 8099//5 8100//5 8104//5
f 8105//3 8110//3 8109//3
f 8105//3 8106//3 8110//3
f 8107//5 8112//5 8111//5
f 8107//5 8108//5 8112//5
f 8113//3 8118//3 8117//3
f 8113//3 8114//3 8118//3
f 8115//5 8120//5 8119//5
f 8115//5 8116//5 8120//5
f 8121//3 8126//3 8125//3
f 8121//3 8122//3 8126//3
f 8123//5 8128//5 8127//5
f 8123//5 8124//5 8128//5
f 8129//3 8134//3 8133//3
f 8129//3 8130//3 8134//3
f 8131//5 8136//5 8135//5
f 8131//5 8132//5 8136//5
f 8141//2 8142//2 8143//2
f 8141//2 8143//2 8144//2
f 8137//3 8142//3 8141//3
f 8137//3 8138//3 8142//3
f 8138//4 8143//4 8142//4
f 8138//4 8139//4 8143//4
f 8139//5 8144//5 8143//5
f 8139//5 8140//5 8144//5
f 8140//6 8141//6 8144//6
f 8140//6 8137//6 8141//6
f 8145//1 8147//1 8146//1
f 8145//1 8148//1 8147//1
f 8149//2 8150//2 8151//2
f 8149//2 8151//2 8152//2
f 8145//3 8150//3 8149//3
f 8145//3 8146//3 8150//3
f 8147//5 8152//5 8151//5
f 8147//5 8148//5 8152//5
f 8153//1 8155//1 8154//1
f 8153//1 8156//1 8155//1
f 8157//2 8158//2 8159//2
f 8157//2 8159//2 8160//2
f 8153//3 8158//3 8157//3
f 8153//3 8154//3 8158//3
f 8155//5 8160//5 8159//5
f 8155//5 8156//5 8160//5
f 8161//1 8163//1 8162//1
f 8161//1 8164//1 8163//1
f 8165//2 8166//2 8167//2
f 8165//2 8167//2 8168//2
f 8161//3 8166//3 8165//3
f 8161//3 8162//3 8166//3
f 8162//4 8167//4 8166//4
f 8162//4 8163//4 8167//4
f 8163//5 8168//5 8167//5
f 8163//5 8164//5 8168//5
f 8164//6 8165//6 8168//6
f 8164//6 8161//6 8165//6
f 8169//1 8171//1 8170//1
f 8169//1 8172//1 8171//1
f 8173//2 8174//2 8175//2
f 8173//2 8175//2 8176//2
f 8169//3 8174//3 8173//3
f 8169//3 8170//3 8174//3
f 8171//5 8176//5 8175//5
f 8171//5 8172//5 8176//5
f 8177//1 8179//1 8178//1
f 8177//1 8180//1 8179//1
f 8181//2 8182//2 8183//2
f 8181//2 8183//2 8184//2
f 8177//3 8182//3 8181//3
f 8177//3 8178//3 8182//3
f 8179//5 8184//5 8183//5
f 8179//5 8180//5 8184//5
f 8180//6 8181//6 8184//6
f 8180//6 8177//6 8181//6
f 8185//1 8187//1 8186//1
f 8185//1 8188//1 8187//1
f 8185//3 8190//3 8189//3
f 8185//3 8186//3 8190//3
f 8187//5 8192//5 8191//5
f 8187//5 8188//5 8192//5
f 8188//6 8189//6 8192//6
f 8188//6 8185//6 8189//6
f 8193//3 8198//3 8197//3
f 8193//3 8194//3 8198//3
f 8195//5 8200//5 8199//5
f 8195//5 8196//5 8200//5
f 8201//3 8206//3 8205//3
f 8201//3 8202//3 8206//3
f 8203//5 8208//5 8207//5
f 8203//5 8204//5 8208//5
f 8209//3 8214//3 8213//3
f 8209//3 8210//3 8214//3
f 8211//5 8216//5 8215//5
f 8211//5 8212//5 8216//5
f 8217//3 8222//3 8221//3
f 8217//3 8218//3 8222//3
f 8219//5 8224//5 8223//5
f 8219//5 8220//5 8224//5
f 8225//3 8230//3 8229//3
f 8225//3 8226//3 8230//3
f 8227//5 8232//5 8231//5
f 8227//5 8228//5 8232//5
f 8233//3 8238//3 8237//3
f 8233//3 8234//3 8238//3
f 8235//5 8240//5 8239//5
f 8235//5 8236//5 8240//5
f 8241//3 8246//3 8245//3
f 8241//3 8242//3 8246//3
f 8243//5 8248//5 8247//5
f 8243//5 8244//5 8248//5
f 8249//3 8254//3 8253//3
f 8249//3 8250//3 8254//3
f 8251//5 8256//5 8255//5
f 8251//5 8252//5 8256//5
f 8257//3 8262//3 8261//3
f 8257//3 8258//3 8262//3
f 8259//5 8264//5 8263//5
f 8259//5 8260//5 8264//5
f 8265//3 8270//3 8269//3
f 8265//3 8266//3 8270//3
f 8267//5 8272//5 8271//5
f 8267//5 8268//5 8272//5
f 8273//3 8278//3 8277//3
f 8273//3 8274//3 8278//3
f 8275//5 8280//5 8279//5
f 8275//5 8276//5 8280//5
f 8281//3 8286//3 8285//3
f 8281//3 8282//3 8286//3
f 8283//5 8288//5 8287//5
f 8283//5 8284//5 8288//5
f 8289//3 8294//3 8293//3
f 8289//3 8290//3 8294//3
f 8291//5 8296//5 8295//5
f 8291//5 8292//5 8296//5
f 8297//3 8302//3 8301//3
f 8297//3 8298//3 8302//3
f 8299//5 8304//5 8303//5
f 8299//5 8300//5 8304//5
f 8305//3 8310//3 8309//3
f 8305//3 8306//3 8310//3
f 8307//5 8312//5 8311//5
f 8307//5 8308//5 8312//5
f 8313//3 8318//3 8317//3
f 8313//3 8314//3 8318//3
f 8315//5 8320//5 8319//5
f 8315//5 8316//5 8320//5
f 8321//3 8326//3 8325//3
f 8321//3 8322//3 8326//3
f 8323//5 8328//5 8327//5
f 8323//5 8324//5 8328//5
f 8329//3 8334//3 8333//3
f 8329//3 8330//3 8334//3
f 8331//5 8336//5 8335//5
f 8331//5 8332//5 8336//5
f 8341//2 8342//2 8343//2
f 8341//2 8343//2 8344//2
f 8337//3 8342//3 8341//3
f 8337//3 8338//3 8342//3
f 8338//4 8343//4 8342//4
f 8338//4 8339//4 8343//4
f 8339//5 8344//5 8343//5
f 8339//5 8340//5 8344//5
f 8340//6 8341//6 8344//6
f 8340//6 8337//6 8341//6
f 8345//1 8347//1 8346//1
f 8345//1 8348//1 8347//1
f 8345//3 8350//3 8349//3
f 8345//3 8346//3 8350//3
f 8347//5 8352//5 8351//5
f 8347//5 8348//5 8352//5
f 8353//3 8358//3 8357//3
f 8353//3 8354//3 8358//3
f 8355//5 8360//5 8359//5
f 8355//5 8356//5 8360//5
f 8361//3 8366//3 8365//3
f 8361//3 8362//3 8366//3
f 8363//5 8368//5 8367//5
f 8363//5 8364//5 8368//5
f 8369//3 8374//3 8373//3
f 8369//3 8370//3 8374//3
f 8371//5 8376//5 8375//5
f 8371//5 8372//5 8376//5
f 8377//3 8382//3 8381//3
f 8377//3 8378//3 8382//3
f 8379//5 8384//5 8383//5
f 8379//5 8380//5 8384//5
f 8385//3 8390//3 8389//3
f 8385//3 8386//3 8390//3
f 8387//5 8392//5 8391//5
f 8387//5 8388//5 8392//5
f 8393//3 8398//3 8397//3
f 8393//3 8394//3 8398//3
f 8395//5 8400//5 8399//5
f 8395//5 8396//5 8400//5
f 8401//3 8406//3 8405//3
f 8401//3 8402//3 8406//3
f 8403//5 8408//5 8407//5
f 8403//5 8404//5 8408//5
f 8409//3 8414//3 8413//3
f 8409//3 8410//3 8414//3
f 8411//5 8416//5 8415//5
f 8411//5 8412//5 8416//5
f 8417//3 8422//3 8421//3
f 8417//3 8418//3 8422//3
f 8419//5 8424//5 8423//5
f 8419//5 8420//5 8424//5
f 8425//3 8430//3 8429//3
f 8425//3 8426//3 8430//3
f 8427//5 8432//5 8431//5
f 8427//5 8428//5 8432//5
f 8433//3 8438//3 8437//3
f 8433//3 8434//3 8438//3
f 8435//5 8440//5 8439//5
f 8435//5 8436//5 8440//5
f 8441//3 8446//3 8445//3
f 8441//3 8442//3 8446//3
f 8443//5 8448//5 8447//5
f 8443//5 8444//5 8448//5
f 8449//3 8454//3 8453//3
f 8449//3 8450//3 8454//3
f 8451//5 8456//5 8455//5
f 8451//5 8452//5 8456//5
f 8457//3 8462//3 8461//3
f 8457//3 8458//3 8462//3
f 8459//5 8464//5 8463//5
f 8459//5 8460//5 8464//5
f 8465//3 8470//3 8469//3
f 8465//3 8466//3 8470//3
f 8466//4 8471//4 8470//4
f 8466//4 8467//4 8471//4
f 8467//5 8472//5 8471//5
f 8467//5 8468//5 8472//5
f 8473//3 8478//3 8477//3
f 8473//3 8474//3 8478//3
f 8474//4 8479//4 8478//4
f 8474//4 8475//4 8479//4
f 8475//5 8480//5 8479//5
f 8475//5 8476//5 8480//5
f 8481//3 8486//3 8485//3
f 8481//3 8482//3 8486//3
f 8482//4 8487//4 8486//4
f 8482//4 8483//4 8487//4
f 8483//5 8488//5 8487//5
f 8483//5 8484//5 8488//5
f 8489//3 8494//3 8493//3
f 8489//3 8490//3 8494//3
f 8490//4 8495//4 8494//4
f 8490//4 8491//4 8495//4
f 8491//5 8496//5 8495//5
f 8491//5 8492//5 8496//5
f 8497//3 8502//3 8501//3
f 8497//3 8498//3 8502//3
f 8498//4 8503//4 8502//4
f 8498//4 8499//4 8503//4
f 8499//5 8504//5 8503//5
f 8499//5 8500//5 8504//5
f 8509//2 8510//2 8511//2
f 8509//2 8511//2 8512//2
f 8505//3 8510//3 8509//3
f 8505//3 8506//3 8510//3
f 8506//4 8511//4 8510//4
f 8506//4 8507//4 8511//4
f 8507//5 8512//5 8511//5
f 8507//5 8508//5 8512//5
f 8513//1 8515//1 8514//1
f 8513//1 8516//1 8515//1
f 8513//3 8518//3 8517//3
f 8513//3 8514//3 8518//3
f 8514//4 8519//4 8518//4
f 8514//4 8515//4 8519//4
f 8515//5 8520//5 8519//5
f 8515//5 8516//5 8520//5
f 8516//6 8517//6 8520//6
f 8516//6 8513//6 8517//6
f 8521//3 8526//3 8525//3
f 8521//3 8522//3 8526//3
f 8522//4 8527//4 8526//4
f 8522//4 8523//4 8527//4
f 8523//5 8528//5 8527//5
f 8523//5 8524//5 8528//5
f 8524//6 8525//6 8528//6
f 8524//6 8521//6 8525//6
f 8529//3 8534//3 8533//3
f 8529//3 8530//3 8534//3
f 8530//4 8535//4 8534//4
f 8530//4 8531//4 8535//4
f 8531//5 8536//5 8535//5
f 8531//5 8532//5 8536//5
f 8532//6 8533//6 8536//6
f 8532//6 8529//6 8533//6
f 8541//2 8542//2 8543//2
f 8541//2 8543//2 8544//2
f 8537//3 8542//3 8541//3
f 8537//3 8538//3 8542//3
f 8539//5 8544//5 8543//5
f 8539//5 8540//5 8544//5
f 8545//1 8547//1 8546//1
f 8545//1 8548//1 8547//1
f 8549//2 8550//2 8551//2
f 8549//2 8551//2 8552//2
f 8545//3 8550//3 8549//3
f 8545//3 8546//3 8550//3
f 8547//5 8552//5 8551//5
f 8547//5 8548//5 8552//5
f 8553//1 8555//1 8554//1
f 8553//1 8556//1 8555//1
f 8553//3 8558//3 8557//3
f 8553//3 8554//3 8558//3
f 8555//5 8560//5 8559//5
f 8555//5 8556//5 8560//5
f 8561//3 8566//3 8565//3
f 8561//3 8562//3 8566//3
f 8562//4 8567//4 8566//4
f 8562//4 8563//4 8567//4
f 8563//5 8568//5 8567//5
f 8563//5 8564//5 8568//5
f 8564//6 8565//6 8568//6
f 8564//6 8561//6 8565//6
f 8573//2 8574//2 8575//2
f 8573//2 8575//2 8576//2
f 8569//3 8574//3 8573//3
f 8569//3 8570//3 8574//3
f 8570//4 8575//4 8574//4
f 8570//4 8571//4 8575//4
f 8571//5 8576//5 8575//5
f 8571//5 8572//5 8576//5
f 8572//6 8573//6 8576//6
f 8572//6 8569//6 8573//6
f 8577//1 8579//1 8578//1
f 8577//1 8580//1 8579//1
f 8577//3 8582//3 8581//3
f 8577//3 8578//3 8582//3
f 8578//4 8583//4 8582//4
f 8578//4 8579//4 8583//4
f 8579//5 8584//5 8583//5
f 8579//5 8580//5 8584//5
f 8585//3 8590//3 8589//3
f 8585//3 8586//3 8590//3
f 8586//4 8591//4 8590//4
f 8586//4 8587//4 8591//4
f 8587//5 8592//5 8591//5
f 8587//5 8588//5 8592//5
f 8593//3 8598//3 8597//3
f 8593//3 8594//3 8598//3
f 8595//5 8600//5 8599//5
f 8595//5 8596//5 8600//5
f 8601//3 8606//3 8605//3
f 8601//3 8602//3 8606//3
f 8603//5 8608//5 8607//5
f 8603//5 8604//5 8608//5
f 8609//3 8614//3 8613//3
f 8609//3 8610//3 8614//3
f 8611//5 8616//5 8615//5
f 8611//5 8612//5 8616//5
f 8617//3 8622//3 8621//3
f 8617//3 8618//3 8622//3
f 8619//5 8624//5 8623//5
f 8619//5 8620//5 8624//5
f 8625//3 8630//3 8629//3
f 8625//3 8626//3 8630//3
f 8627//5 8632//5 8631//5
f 8627//5 8628//5 8632//5
f 8633//3 8638//3 8637//3
f 8633//3 8634//3 8638//3
f 8635//5 8640//5 8639//5
f 8635//5 8636//5 8640//5
f 8641//3 8646//3 8645//3
f 8641//3 8642//3 8646//3
f 8643//5 8648//5 8647//5
f 8643//5 8644//5 8648//5
f 8649//3 8654//3 8653//3
f 8649//3 8650//3 8654//3
f 8651//5 8656//5 8655//5
f 8651//5 8652//5 8656//5
f 8657//3 8662//3 8661//3
f 8657//3 8658//3 8662//3
f 8659//5 8664//5 8663//5
f 8659//5 8660//5 8664//5
f 8665//3 8670//3 8669//3
f 8665//3 8666//3 8670//3
f 8667//5 8672//5 8671//5
f 8667//5 8668//5 8672//5
f 8673//3 8678//3 8677//3
f 8673//3 8674//3 8678//3
f 8675//5 8680//5 8679//5
f 8675//5 8676//5 8680//5
f 8681//3 8686//3 8685//3
f 8681//3 8682//3 8686//3
f 8683//5 8688//5 8687//5
f 8683//5 8684//5 8688//5
f 8689//3 8694//3 8693//3
f 8689//3 8690//3 8694//3
f 8691//5 8696//5 8695//5
f 8691//5 8692//5 8696//5
f 8697//3 8702//3 8701//3
f 8697//3 8698//3 8702//3
f 8699//5 8704//5 8703//5
f 8699//5 8700//5 8704//5
f 8705//3 8710//3 8709//3
f 8705//3 8706//3 8710//3
f 8707//5 8712//5 8711//5
f 8707//5 8708//5 8712//5
f 8713//3 8718//3 8717//3
f 8713//3 8714//3 8718//3
f 8715//5 8720//5 8719//5
f 8715//5 8716//5 8720//5
f 8721//3 8726//3 8725//3
f 8721//3 8722//3 8726//3
f 8723//5 8728//5 8727//5
f 8723//5 8724//5 8728//5
f 8729//3 8734//3 8733//3
f 8729//3 8730//3 8734//3
f 8731//5 8736//5 8735//5
f 8731//5 8732//5 8736//5
f 8737//3 8742//3 8741//3
f 8737//3 8738//3 8742//3
f 8739//5 8744//5 8743//5
f 8739//5 8740//5 8744//5
f 8749//2 8750//2 8751//2
f 8749//2 8751//2 8752//2
f 8745//3 8750//3 8749//3
f 8745//3 8746//3 8750//3
f 8746//4 8751//4 8750//4
f 8746//4 8747//4 8751//4
f 8747//5 8752//5 8751//5
f 8747//5 8748//5 8752//5
f 8753//1 8755//1 8754//1
f 8753//1 8756//1 8755//1
f 8757//2 8758//2 8759//2
f 8757//2 8759//2 8760//2
f 8753//3 8758//3 8757//3
f 8753//3 8754//3 8758//3
f 8755//5 8760//5 8759//5
f 8755//5 8756//5 8760//5
f 8761//1 8763//1 8762//1
f 8761//1 8764//1 8763//1
f 8761//3 8766//3 8765//3
f 8761//3 8762//3 8766//3
f 8762//4 8767//4 8766//4
f 8762//4 8763//4 8767//4
f 8763//5 8768//5 8767//5
f 8763//5 8764//5 8768//5
f 8764//6 8765//6 8768//6
f 8764//6 8761//6 8765//6
f 8773//2 8774//2 8775//2
f 8773//2 8775//2 8776//2
f 8769//3 8774//3 8773//3
f 8769//3 8770//3 8774//3
f 8770//4 8775//4 8774//4
f 8770//4 8771//4 8775//4
f 8771//5 8776//5 8775//5
f 8771//5 8772//5 8776//5
f 8772//6 8773//6 8776//6
f 8772//6 8769//6 8773//6
f 8777//1 8779//1 8778//1
f 8777//1 8780//1 8779//1
f 8781//2 8782//2 8783//2
f 8781//2 8783//2 8784//2
f 8777//3 8782//3 8781//3
f 8777//3 8778//3 8782//3
f 8779//5 8784//5 8783//5
f 8779//5 8780//5 8784//5
f 8785//1 8787//1 8786//1
f 8785//1 8788//1 8787//1
f 8785//3 8790//3 8789//3
f 8785//3 8786//3 8790//3
f 8787//5 8792//5 8791//5
f 8787//5 8788//5 8792//5
f 8788//6 8789//6 8792//6
f 8788//6 8785//6 8789//6
f 8797//2 8798//2 8799//2
f 8797//2 8799//2 8800//2
f 8793//3 8798//3 8797//3
f 8793//3 8794//3 8798//3
f 8795//5 8800//5 8799//5
f 8795//5 8796//5 8800//5
f 8801//1 8803//1 8802//1
f 8801//1 8804//1 8803//1
f 8805//2 8806//2 8807//2
f 8805//2 8807//2 8808//2
f 8801//3 8806//3 8805//3
f 8801//3 8802//3 8806//3
f 8803//5 8808//5 8807//5
f 8803//5 8804//5 8808//5
f 8804//6 8805//6 8808//6
f 8804//6 8801//6 8805//6
f 8809//1 8811//1 8810//1
f 8809//1 8812//1 8811//1
f 8809//3 8814//3 8813//3
f 8809//3 8810//3 8814//3
f 8811//5 8816//5 8815//5
f 8811//5 8812//5 8816//5
f 8812//6 8813//6 8816//6
f 8812//6 8809//6 8813//6
f 8817//3 8822//3 8821//3
f 8817//3 8818//3 8822//3
f 8819//5 8824//5 8823//5
f 8819//5 8820//5 8824//5
f 8825//3 8830//3 8829//3
f 8825//3 8826//3 8830//3
f 8827//5 8832//5 8831//5
f 8827//5 8828//5 8832//5
f 8828//6 8829//6 8832//6
f 8828//6 8825//6 8829//6
f 8833//3 8838//3 8837//3
f 8833//3 8834//3 8838//3
f 8835//5 8840//5 8839//5
f 8835//5 8836//5 8840//5
f 8841//3 8846//3 8845//3
f 8841//3 8842//3 8846//3
f 8843//5 8848//5 8847//5
f 8843//5 8844//5 8848//5
f 8849//3 8854//3 8853//3
f 8849//3 8850//3 8854//3
f 8851//5 8856//5 8855//5
f 8851//5 8852//5 8856//5
f 8857//3 8862//3 8861//3
f 8857//3 8858//3 8862//3
f 8859//5 8864//5 8863//5
f 8859//5 8860//5 8864//5
f 8865//3 8870//3 8869//3
f 8865//3 8866//3 8870//3
f 8867//5 8872//5 8871//5
f 8867//5 8868//5 8872//5
f 8873//3 8878//3 8877//3
f 8873//3 8874//3 8878//3
f 8874//4 8879//4 8878//4
f 8874//4 8875//4 8879//4
f 8875//5 8880//5 8879//5
f 8875//5 8876//5 8880//5
f 8881//3 8886//3 8885//3
f 8881//3 8882//3 8886//3
f 8882//4 8887//4 8886//4
f 8882//4 8883//4 8887//4
f 8883//5 8888//5 8887//5
f 8883//5 8884//5 8888//5
f 8889//3 8894//3 8893//3
f 8889//3 8890//3 8894//3
f 8890//4 8895//4 8894//4
f 8890//4 8891//4 8895//4
f 8891//5 8896//5 8895//5
f 8891//5 8892//5 8896//5
f 8897//3 8902//3 8901//3
f 8897//3 8898//3 8902//3
f 8898//4 8903//4 8902//4
f 8898//4 8899//4 8903//4
f 8899//5 8904//5 8903//5
f 8899//5 8900//5 8904//5
f 8905//3 8910//3 8909//3
f 8905//3 8906//3 8910//3
f 8906//4 8911//4 8910//4
f 8906//4 8907//4 8911//4
f 8907//5 8912//5 8911//5
f 8907//5 8908//5 8912//5
f 8913//3 8918//3 8917//3
f 8913//3 8914//3 8918//3
f 8915//5 8920//5 8919//5
f 8915//5 8916//5 8920//5
f 8921//3 8926//3 8925//3
f 8921//3 8922//3 8926//3
f 8923//5 8928//5 8927//5
f 8923//5 8924//5 8928//5
f 8929//3 8934//3 8933//3
f 8929//3 8930//3 8934//3
f 8931//5 8936//5 8935//5
f 8931//5 8932//5 8936//5
f 8937//3 8942//3 8941//3
f 8937//3 8938//3 8942//3
f 8939//5 8944//5 8943//5
f 8939//5 8940//5 8944//5
f 8945//3 8950//3 8949//3
f 8945//3 8946//3 8950//3
f 8947//5 8952//5 8951//5
f 8947//5 8948//5 8952//5
f 8953//3 8958//3 8957//3
f 8953//3 8954//3 8958//3
f 8955//5 8960//5 8959//5
f 8955//5 8956//5 8960//5
f 8961//3 8966//3 8965//3
f 8961//3 8962//3 8966//3
f 8963//5 8968//5 8967//5
f 8963//5 8964//5 8968//5
f 8969//3 8974//3 8973//3
f 8969//3 8970//3 8974//3
f 8970//4 8975//4 8974//4
f 8970//4 8971//4 8975//4
f 8971//5 8976//5 8975//5
f 8971//5 8972//5 8976//5
f 8981//2 8982//2 8983//2
f 8981//2 8983//2 8984//2
f 8977//3 8982//3 8981//3
f 8977//3 8978//3 8982//3
f 8978//4 8983//4 8982//4
f 8978//4 8979//4 8983//4
f 8979//5 8984//5 8983//5
f 8979//5 8980//5 8984//5
f 8985//1 8987//1 8986//1
f 8985//1 8988//1 8987//1
f 8985//3 8990//3 8989//3
f 8985//3 8986//3 8990//3
f 8987//5 8992//5 8991//5
f 8987//5 8988//5 8992//5
f 8993//3 8998//3 8997//3
f 8993//3 8994//3 8998//3
f 8995//5 9000//5 8999//5
f 8995//5 8996//5 9000//5
f 9001//3 9006//3 9005//3
f 9001//3 9002//3 9006//3
f 9003//5 9008//5 9007//5
f 9003//5 9004//5 9008//5
f 9009//3 9014//3 9013//3
f 9009//3 9010//3 9014//3
f 9011//5 9016//5 9015//5
f 9011//5 9012//5 9016//5
f 9017//3 9022//3 9021//3
f 9017//3 9018//3 9022//3
f 9019//5 9024//5 9023//5
f 9019//5 9020//5 9024//5
f 9025//3 9030//3 9029//3
f 9025//3 9026//3 9030//3
f 9027//5 9032//5 9031//5
f 9027//5 9028//5 9032//5
f 9033//3 9038//3 9037//3
f 9033//3 9034//3 9038//3
f 9035//5 9040//5 9039//5
f 9035//5 9036//5 9040//5
f 9041//3 9046//3 9045//3
f 9041//3 9042//3 9046//3
f 9043//5 9048//5 9047//5
f 9043//5 9044//5 9048//5
f 9049//3 9054//3 9053//3
f 9049//3 9050//3 9054//3
f 9051//5 9056//5 9055//5
f 9051//5 9052//5 9056//5
f 9057//3 9062//3 9061//3
f 9057//3 9058//3 9062//3
f 9059//5 9064//5 9063//5
f 9059//5 9060//5 9064//5
f 9065//3 9070//3 9069//3
f 9065//3 9066//3 9070//3
f 9067//5 9072//5 9071//5
f 9067//5 9068//5 9072//5
f 9073//3 9078//3 9077//3
f 9073//3 9074//3 9078//3
f 9074//4 9079//4 9078//4
f 9074//4 9075//4 9079//4
f 9075//5 9080//5 9079//5
f 9075//5 9076//5 9080//5
f 9081//3 9086//3 9085//3
f 9081//3 9082//3 9086//3
f 9082//4 9087//4 9086//4
f 9082//4 9083//4 9087//4
f 9083//5 9088//5 9087//5
f 9083//5 9084//5 9088//5
f 9089//3 9094//3 9093//3
f 9089//3 9090//3 9094//3
f 9090//4 9095//4 9094//4
f 9090//4 9091//4 9095//4
f 9091//5 9096//5 9095//5
f 9091//5 9092//5 9096//5
f 9101//2 9102//2 9103//2
f 9101//2 9103//2 9104//2
f 9097//3 9102//3 9101//3
f 9097//3 9098//3 9102//3
f 9098//4 9103//4 9102//4
f 9098//4 9099//4 9103//4
f 9099//5 9104//5 9103//5
f 9099//5 9100//5 9104//5
f 9105//1 9107//1 9106//1
f 9105//1 9108//1 9107//1
f 9109//2 9110//2 9111//2
f 9109//2 9111//2 9112//2
f 9105//3 9110//3 9109//3
f 9105//3 9106//3 9110//3
f 9107//5 9112//5 9111//5
f 9107//5 9108//5 9112//5
f 9113//1 9115//1 9114//1
f 9113//1 9116//1 9115//1
f 9113//3 9118//3 9117//3
f 9113//3 9114//3 9118//3
f 9114//4 9119//4 9118//4
f 9114//4 9115//4 9119//4
f 9115//5 9120//5 9119//5
f 9115//5 9116//5 9120//5
f 9116//6 9117//6 9120//6
f 9116//6 9113//6 9117//6
f 9125//2 9126//2 9127//2
f 9125//2 9127//2 9128//2
f 9121//3 9126//3 9125//3
f 9121//3 9122//3 9126//3
f 9122//4 9127//4 9126//4
f 9122//4 9123//4 9127//4
f 9123//5 9128//5 9127//5
f 9123//5 9124//5 9128//5
f 9129//1 9131//1 9130//1
f 9129//1 9132//1 9131//1
f 9133//2 9134//2 9135//2
f 9133//2 9135//2 9136//2
f 9129//3 9134//3 9133//3
f 9129//3 9130//3 9134//3
f 9130//4 9135//4 9134//4
f 9130//4 9131//4 9135//4
f 9131//5 9136//5 9135//5
f 9131//5 9132//5 9136//5
f 9137//1 9139//1 9138//1
f 9137//1 9140//1 9139//1
f 9137//3 9142//3 9141//3
f 9137//3 9138//3 9142//3
f 9138//4 9143//4 9142//4
f 9138//4 9139//4 9143//4
f 9139//5 9144//5 9143//5
f 9139//5 9140//5 9144//5
f 9140//6 9141//6 9144//6
f 9140//6 9137//6 9141//6
f 9149//2 9150//2 9151//2
f 9149//2 9151//2 9152//2
f 9145//3 9150//3 9149//3
f 9145//3 9146//3 9150//3
f 9146//4 9151//4 9150//4
f 9146//4 9147//4 9151//4
f 9147//5 9152//5 9151//5
f 9147//5 9148//5 9152//5
f 9148//6 9149//6 9152//6
f 9148//6 9145//6 9149//6
f 9153//1 9155//1 9154//1
f 9153//1 9156//1 9155//1
f 9157//2 9158//2 9159//2
f 9157//2 9159//2 9160//2
f 9153//3 9158//3 9157//3
f 9153//3 9154//3 9158//3
f 9154//4 9159//4 9158//4
f 9154//4 9155//4 9159//4
f 9155//5 9160//5 9159//5
f 9155//5 9156//5 9160//5
f 9156//6 9157//6 9160//6
f 9156//6 9153//6 9157//6
f 9161//1 9163//1 9162//1
f 9161//1 9164//1 9163//1
f 9161//3 9166//3 9165//3
f 9161//3 9162//3 9166//3
f 9163//5 9168//5 9167//5
f 9163//5 9164//5 9168//5
f 9169//3 9174//3 9173//3
f 9169//3 9170//3 9174//3
f 9171//5 9176//5 9175//5
f 9171//5 9172//5 9176//5
f 9177//3 9182//3 9181//3
f 9177//3 9178//3 9182//3
f 9179//5 9184//5 9183//5
f 9179//5 9180//5 9184//5
f 9185//3 9190//3 9189//3
f 9185//3 9186//3 9190//3
f 9187//5 9192//5 9191//5
f 9187//5 9188//5 9192//5
f 9193//3 9198//3 9197//3
f 9193//3 9194//3 9198//3
f 9195//5 9200//5 9199//5
f 9195//5 9196//5 9200//5
f 9201//3 9206//3 9205//3
f 9201//3 9202//3 9206//3
f 9203//5 9208//5 9207//5
f 9203//5 9204//5 9208//5
f 9209//3 9214//3 9213//3
f 9209//3 9210//3 9214//3
f 9211//5 9216//5 9215//5
f 9211//5 9212//5 9216//5
f 9217//3 9222//3 9221//3
f 9217//3 9218//3 9222//3
f 9219//5 9224//5 9223//5
f 9219//5 9220//5 9224//5
f 9225//3 9230//3 9229//3
f 9225//3 9226//3 9230//3
f 9227//5 9232//5 9231//5
f 9227//5 9228//5 9232//5
f 9233//3 9238//3 9237//3
f 9233//3 9234//3 9238//3
f 9235//5 9240//5 9239//5
f 9235//5 9236//5 9240//5
f 9241//3 9246//3 9245//3
f 9241//3 9242//3 9246//3
f 9242//4 9247//4 9246//4
f 9242//4 9243//4 9247//4
f 9243//5 9248//5 9247//5
f 9243//5 9244//5 9248//5
f 9249//3 9254//3 9253//3
f 9249//3 9250//3 9254//3
f 9250//4 9255//4 9254//4
f 9250//4 9251//4 9255//4
f 9251//5 9256//5 9255//5
f 9251//5 9252//5 9256//5
f 9257//3 9262//3 9261//3
f 9257//3 9258//3 9262//3
f 9258//4 9263//4 9262//4
f 9258//4 9259//4 9263//4
f 9259//5 9264//5 9263//5
f 9259//5 9260//5 9264//5
f 9265//3 9270//3 9269//3
f 9265//3 9266//3 9270//3
f 9266//4 9271//4 9270//4
f 9266//4 9267//4 9271//4
f 9267//5 9272//5 9271//5
f 9267//5 9268//5 9272//5
f 9273//3 9278//3 9277//3
f 9273//3 9274//3 9278//3
f 9275//5 9280//5 9279//5
f 9275//5 9276//5 9280//5
f 9281//3 9286//3 9285//3
f 9281//3 9282//3 9286//3
f 9283//5 9288//5 9287//5
f 9283//5 9284//5 9288//5
f 9289//3 9294//3 9293//3
f 9289//3 9290//3 9294//3
f 9291//5 9296//5 9295//5
f 9291//5 9292//5 9296//5
f 9297//3 9302//3 9301//3
f 9297//3 9298//3 9302//3
f 9299//5 9304//5 9303//5
f 9299//5 9300//5 9304//5
f 9309//2 9310//2 9311//2
f 9309//2 9311//2 9312//2
f 9305//3 9310//3 9309//3
f 9305//3 9306//3 9310//3
f 9307//5 9312//5 9311//5
f 9307//5 9308//5 9312//5
f 9313//1 9315//1 9314//1
f 9313//1 9316//1 9315//1
f 9313//3 9318//3 9317//3
f 9313//3 9314//3 9318//3
f 9315//5 9320//5 9319//5
f 9315//5 9316//5 9320//5
f 9316//6 9317//6 9320//6
f 9316//6 9313//6 9317//6
f 9325//2 9326//2 9327//2
f 9325//2 9327//2 9328//2
f 9321//3 9326//3 9325//3
f 9321//3 9322//3 9326//3
f 9323//5 9328//5 9327//5
f 9323//5 9324//5 9328//5
f 9329//1 9331//1 9330//1
f 9329//1 9332//1 9331//1
f 9333//2 9334//2 9335//2
f 9333//2 9335//2 9336//2
f 9329//3 9334//3 9333//3
f 9329//3 9330//3 9334//3
f 9330//4 9335//4 9334//4
f 9330//4 9331//4 9335//4
f 9331//5 9336//5 9335//5
f 9331//5 9332//5 9336//5
f 9332//6 9333//6 9336//6
f 9332//6 9329//6 9333//6
f 9337//1 9339//1 9338//1
f 9337//1 9340//1 9339//1
f 9341//2 9342//2 9343//2
f 9341//2 9343//2 9344//2
f 9337//3 9342//3 9341//3
f 9337//3 9338//3 9342//3
f 9340//6 9341//6 9344//6
f 9340//6 9337//6 9341//6
f 9345//1 9347//1 9346//1
f 9345//1 9348//1 9347//1
f 9349//2 9350//2 9351//2
f 9349//2 9351//2 9352//2
f 9346//4 9351//4 9350//4
f 9346//4 9347//4 9351//4
f 9347//5 9352//5 9351//5
f 9347//5 9348//5 9352//5
f 9353//1 9355//1 9354//1
f 9353//1 9356//1 9355//1
f 9353//3 9358//3 9357//3
f 9353//3 9354//3 9358//3
f 9355//5 9360//5 9359//5
f 9355//5 9356//5 9360//5
f 9356//6 9357//6 9360//6
f 9356//6 9353//6 9357//6
f 9361//3 9366//3 9365//3
f 9361//3 9362//3 9366//3
f 9363//5 9368//5 9367//5
f 9363//5 9364//5 9368//5
f 9364//6 9365//6 9368//6
f 9364//6 9361//6 9365//6
f 9373//2 9374//2 9375//2
f 9373//2 9375//2 9376//2
f 9369//3 9374//3 9373//3
f 9369//3 9370//3 9374//3
f 9371//5 9376//5 9375//5
f 9371//5 9372//5 9376//5
f 9372//6 9373//6 9376//6
f 9372//6 9369//6 9373//6
f 9377//1 9379//1 9378//1
f 9377//1 9380//1 9379//1
f 9377//3 9382//3 9381//3
f 9377//3 9378//3 9382//3
f 9379//5 9384//5 9383//5
f 9379//5 9380//5 9384//5
f 9380//6 9381//6 9384//6
f 9380//6 9377//6 9381//6
f 9385//3 9390//3 9389//3
f 9385//3 9386//3 9390//3
f 9387//5 9392//5 9391//5
f 9387//5 9388//5 9392//5
f 9388//6 9389//6 9392//6
f 9388//6 9385//6 9389//6
f 9393//3 9398//3 9397//3
f 9393//3 9394//3 9398//3
f 9395//5 9400//5 9399//5
f 9395//5 9396//5 9400//5
f 9405//2 9406//2 9407//2
f 9405//2 9407//2 9408//2
f 9401//3 9406//3 9405//3
f 9401//3 9402//3 9406//3
f 9402//4 9407//4 9406//4
f 9402//4 9403//4 9407//4
f 9403//5 9408//5 9407//5
f 9403//5 9404//5 9408//5
f 9409//1 9411//1 9410//1
f 9409//1 9412//1 9411//1
f 9409//3 9414//3 9413//3
f 9409//3 9410//3 9414//3
f 9411//5 9416//5 9415//5
f 9411//5 9412//5 9416//5
f 9412//6 9413//6 9416//6
f 9412//6 9409//6 9413//6
f 9417//3 9422//3 9421//3
f 9417//3 9418//3 9422//3
f 9419//5 9424//5 9423//5
f 9419//5 9420//5 9424//5
f 9420//6 9421//6 9424//6
f 9420//6 9417//6 9421//6
f 9425//3 9430//3 9429//3
f 9425//3 9426//3 9430//3
f 9427//5 9432//5 9431//5
f 9427//5 9428//5 9432//5
f 9433//3 9438//3 9437//3
f 9433//3 9434//3 9438//3
f 9435//5 9440//5 9439//5
f 9435//5 9436//5 9440//5
f 9436//6 9437//6 9440//6
f 9436//6 9433//6 9437//6
f 9441//3 9446//3 9445//3
f 9441//3 9442//3 9446//3
f 9443//5 9448//5 9447//5
f 9443//5 9444//5 9448//5
f 9444//6 9445//6 9448//6
f 9444//6 9441//6 9445//6
f 9449//3 9454//3 9453//3
f 9449//3 9450//3 9454//3
f 9451//5 9456//5 9455//5
f 9451//5 9452//5 9456//5
f 9452//6 9453//6 9456//6
f 9452//6 9449//6 9453//6
f 9457//3 9462//3 9461//3
f 9457//3 9458//3 9462//3
f 9459//5 9464//5 9463//5
f 9459//5 9460//5 9464//5
f 9465//3 9470//3 9469//3
f 9465//3 9466//3 9470//3
f 9467//5 9472//5 9471//5
f 9467//5 9468//5 9472//5
f 9473//3 9478//3 9477//3
f 9473//3 9474//3 9478//3
f 9475//5 9480//5 9479//5
f 9475//5 9476//5 9480//5
f 9481//3 9486//3 9485//3
f 9481//3 9482//3 9486//3
f 9483//5 9488//5 9487//5
f 9483//5 9484//5 9488//5
f 9489//3 9494//3 9493//3
f 9489//3 9490//3 9494//3
f 9490//4 9495//4 9494//4
f 9490//4 9491//4 9495//4
f 9491//5 9496//5 9495//5
f 9491//5 9492//5 9496//5
f 9497//3 9502//3 9501//3
f 9497//3 9498//3 9502//3
f 9498//4 9503//4 9502//4
f 9498//4 9499//4 9503//4
f 9499//5 9504//5 9503//5
f 9499//5 9500//5 9504//5
f 9505//3 9510//3 9509//3
f 9505//3 9506//3 9510//3
f 9506//4 9511//4 9510//4
f 9506//4 9507//4 9511//4
f 9507//5 9512//5 9511//5
f 9507//5 9508//5 9512//5
f 9517//2 9518//2 9519//2
f 9517//2 9519//2 9520//2
f 9513//3 9518//3 9517//3
f 9513//3 9514//3 9518//3
f 9514//4 9519//4 9518//4
f 9514//4 9515//4 9519//4
f 9515//5 9520//5 9519//5
f 9515//5 9516//5 9520//5
f 9521//1 9523//1 9522//1
f 9521//1 9524//1 9523//1
f 9521//3 9526//3 9525//3
f 9521//3 9522//3 9526//3
f 9522//4 9527//4 9526//4
f 9522//4 9523//4 9527//4
f 9523//5 9528//5 9527//5
f 9523//5 9524//5 9528//5
f 9529//3 9534//3 9533//3
f 9529//3 9530//3 9534//3
f 9530//4 9535//4 9534//4
f 9530//4 9531//4 9535//4
f 9531//5 9536//5 9535//5
f 9531//5 9532//5 9536//5
f 9537//3 9542//3 9541//3
f 9537//3 9538//3 9542//3
f 9539//5 9544//5 9543//5
f 9539//5 9540//5 9544//5
f 9545//3 9550//3 9549//3
f 9545//3 9546//3 9550//3
f 9547//5 9552//5 9551//5
f 9547//5 9548//5 9552//5
f 9553//3 9558//3 9557//3
f 9553//3 9554//3 9558//3
f 9555//5 9560//5 9559//5
f 9555//5 9556//5 9560//5
f 9561//3 9566//3 9565//3
f 9561//3 9562//3 9566//3
f 9563//5 9568//5 9567//5
f 9563//5 9564//5 9568//5
f 9573//2 9574//2 9575//2
f 9573//2 9575//2 9576//2
f 9569//3 9574//3 9573//3
f 9569//3 9570//3 9574//3
f 9571//5 9576//5 9575//5
f 9571//5 9572//5 9576//5
f 9577//1 9579//1 9578//1
f 9577//1 9580//1 9579//1
f 9577//3 9582//3 9581//3
f 9577//3 9578//3 9582//3
f 9579//5 9584//5 9583//5
f 9579//5 9580//5 9584//5
f 9585//3 9590//3 9589//3
f 9585//3 9586//3 9590//3
f 9586//4 9591//4 9590//4
f 9586//4 9587//4 9591//4
f 9587//5 9592//5 9591//5
f 9587//5 9588//5 9592//5
f 9593//3 9598//3 9597//3
f 9593//3 9594//3 9598//3
f 9595//5 9600//5 9599//5
f 9595//5 9596//5 9600//5
f 9601//3 9606//3 9605//3
f 9601//3 9602//3 9606//3
f 9603//5 9608//5 9607//5
f 9603//5 9604//5 9608//5
f 9609//3 9614//3 9613//3
f 9609//3 9610//3 9614//3
f 9611//5 9616//5 9615//5
f 9611//5 9612//5 9616//5
f 9617//3 9622//3 9621//3
f 9617//3 9618//3 9622//3
f 9619//5 9624//5 9623//5
f 9619//5 9620//5 9624//5
f 9625//3 9630//3 9629//3
f 9625//3 9626//3 9630//3
f 9627//5 9632//5 9631//5
f 9627//5 9628//5 9632//5
f 9633//3 9638//3 9637//3
f 9633//3 9634//3 9638//3
f 9635//5 9640//5 9639//5
f 9635//5 9636//5 9640//5
f 9641//3 9646//3 9645//3
f 9641//3 9642//3 9646//3
f 9642//4 9647//4 9646//4
f 9642//4 9643//4 9647//4
f 9643//5 9648//5 9647//5
f 9643//5 9644//5 9648//5
f 9649//3 9654//3 9653//3
f 9649//3 9650//3 9654//3
f 9650//4 9655//4 9654//4
f 9650//4 9651//4 9655//4
f 9651//5 9656//5 9655//5
f 9651//5 9652//5 9656//5
f 9661//2 9662//2 9663//2
f 9661//2 9663//2 9664//2
f 9657//3 9662//3 9661//3
f 9657//3 9658//3 9662//3
f 9658//4 9663//4 9662//4
f 9658//4 9659//4 9663//4
f 9659//5 9664//5 9663//5
f 9659//5 9660//5 9664//5
f 9665//1 9667//1 9666//1
f 9665//1 9668//1 9667//1
f 9669//2 9670//2 9671//2
f 9669//2 9671//2 9672//2
f 9665//3 9670//3 9669//3
f 9665//3 9666//3 9670//3
f 9666//4 9671//4 9670//4
f 9666//4 9667//4 9671//4
f 9667//5 9672//5 9671//5
f 9667//5 9668//5 9672//5
f 9673//1 9675//1 9674//1
f 9673//1 9676//1 9675//1
f 9673//3 9678//3 9677//3
f 9673//3 9674//3 9678//3
f 9675//5 9680//5 9679//5
f 9675//5 9676//5 9680//5
f 9676//6 9677//6 9680//6
f 9676//6 9673//6 9677//6
f 9681//3 9686//3 9685//3
f 9681//3 9682//3 9686//3
f 9683//5 9688//5 9687//5
f 9683//5 9684//5 9688//5
f 9689//3 9694//3 9693//3
f 9689//3 9690//3 9694//3
f 9691//5 9696//5 9695//5
f 9691//5 9692//5 9696//5
f 9697//3 9702//3 9701//3
f 9697//3 9698//3 9702//3
f 9699//5 9704//5 9703//5
f 9699//5 9700//5 9704//5
f 9705//3 9710//3 9709//3
f 9705//3 9706//3 9710//3
f 9707//5 9712//5 9711//5
f 9707//5 9708//5 9712//5
f 9713//3 9718//3 9717//3
f 9713//3 9714//3 9718//3
f 9714//4 9719//4 9718//4
f 9714//4 9715//4 9719//4
f 9715//5 9720//5 9719//5
f 9715//5 9716//5 9720//5
f 9721//3 9726//3 9725//3
f 9721//3 9722//3 9726//3
f 9723//5 9728//5 9727//5
f 9723//5 9724//5 9728//5
f 9729//3 9734//3 9733//3
f 9729//3 9730//3 9734//3
f 9730//4 9735//4 9734//4
f 9730//4 9731//4 9735//4
f 9731//5 9736//5 9735//5
f 9731//5 9732//5 9736//5
f 9737//3 9742//3 9741//3
f 9737//3 9738//3 9742//3
f 9738//4 9743//4 9742//4
f 9738//4 9739//4 9743//4
f 9739//5 9744//5 9743//5
f 9739//5 9740//5 9744//5
f 9745//3 9750//3 9749//3
f 9745//3 9746//3 9750//3
f 9746//4 9751//4 9750//4
f 9746//4 9747//4 9751//4
f 9747//5 9752//5 9751//5
f 9747//5 9748//5 9752//5
f 9757//2 9758//2 9759//2
f 9757//2 9759//2 9760//2
f 9753//3 9758//3 9757//3
f 9753//3 9754//3 9758//3
f 9754//4 9759//4 9758//4
f 9754//4 9755//4 9759//4
f 9755//5 9760//5 9759//5
f 9755//5 9756//5 9760//5
f 9761//1 9763//1 9762//1
f 9761//1 9764//1 9763//1
f 9761//3 9766//3 9765//3
f 9761//3 9762//3 9766//3
f 9763//5 9768//5 9767//5
f 9763//5 9764//5 9768//5
f 9769//3 9774//3 9773//3
f 9769//3 9770//3 9774//3
f 9771//5 9776//5 9775//5
f 9771//5 9772//5 9776//5
f 9777//3 9782//3 9781//3
f 9777//3 9778//3 9782//3
f 9778//4 9783//4 9782//4
f 9778//4 9779//4 9783//4
f 9779//5 9784//5 9783//5
f 9779//5 9780//5 9784//5
f 9785//3 9790//3 9789//3
f 9785//3 9786//3 9790//3
f 9786//4 9791//4 9790//4
f 9786//4 9787//4 9791//4
f 9787//5 9792//5 9791//5
f 9787//5 9788//5 9792//5
f 9797//2 9798//2 9799//2
f 9797//2 9799//2 9800//2
f 9793//3 9798//3 9797//3
f 9793//3 9794//3 9798//3
f 9794//4 9799//4 9798//4
f 9794//4 9795//4 9799//4
f 9795//5 9800//5 9799//5
f 9795//5 9796//5 9800//5
f 9801//1 9803//1 9802//1
f 9801//1 9804//1 9803//1
f 9801//3 9806//3 9805//3
f 9801//3 9802//3 9806//3
f 9803//5 9808//5 9807//5
f 9803//5 9804//5 9808//5
f 9804//6 9805//6 9808//6
f 9804//6 9801//6 9805//6
f 9809//3 9814//3 9813//3
f 9809//3 9810//3 9814//3
f 9810//4 9815//4 9814//4
f 9810//4 9811//4 9815//4
f 9811//5 9816//5 9815//5
f 9811//5 9812//5 9816//5
f 9821//2 9822//2 9823//2
f 9821//2 9823//2 9824//2
f 9817//3 9822//3 9821//3
f 9817//3 9818//3 9822//3
f 9818//4 9823//4 9822//4
f 9818//4 9819//4 9823//4
f 9819//5 9824//5 9823//5
f 9819//5 9820//5 9824//5
f 9825//1 9827//1 9826//1
f 9825//1 9828//1 9827//1
f 9829//2 9830//2 9831//2
f 9829//2 9831//2 9832//2
f 9825//3 9830//3 9829//3
f 9825//3 9826//3 9830//3
f 9826//4 9831//4 9830//4
f 9826//4 9827//4 9831//4
f 9828//6 9829//6 9832//6
f 9828//6 9825//6 9829//6
f 9833//1 9835//1 9834//1
f 9833//1 9836//1 9835//1
f 9837//2 9838//2 9839//2
f 9837//2 9839//2 9840//2
f 9834//4 9839//4 9838//4
f 9834//4 9835//4 9839//4
f 9835//5 9840//5 9839//5
f 9835//5 9836//5 9840//5
f 9841//1 9843//1 9842//1
f 9841//1 9844//1 9843//1
f 9845//2 9846//2 9847//2
f 9845//2 9847//2 9848//2
f 9841//3 9846//3 9845//3
f 9841//3 9842//3 9846//3
f 9843//5 9848//5 9847//5
f 9843//5 9844//5 9848//5
f 9844//6 9845//6 9848//6
f 9844//6 9841//6 9845//6
f 9849//1 9851//1 9850//1
f 9849//1 9852//1 9851//1
f 9849//3 9854//3 9853//3
f 9849//3 9850//3 9854//3
f 9851//5 9856//5 9855//5
f 9851//5 9852//5 9856//5
f 9852//6 9853//6 9856//6
f 9852//6 9849//6 9853//6
f 9857//3 9862//3 9861//3
f 9857//3 9858//3 9862//3
f 9859//5 9864//5 9863//5
f 9859//5 9860//5 9864//5
f 9860//6 9861//6 9864//6
f 9860//6 9857//6 9861//6
f 9865//3 9870//3 9869//3
f 9865//3 9866//3 9870//3
f 9867//5 9872//5 9871//5
f 9867//5 9868//5 9872//5
f 9868//6 9869//6 9872//6
f 9868//6 9865//6 9869//6
f 9873//3 9878//3 9877//3
f 9873//3 9874//3 9878//3
f 9875//5 9880//5 9879//5
f 9875//5 9876//5 9880//5
f 9881//3 9886//3 9885//3
f 9881//3 9882//3 9886//3
f 9883//5 9888//5 9887//5
f 9883//5 9884//5 9888//5
f 9889//3 9894//3 9893//3
f 9889//3 9890//3 9894//3
f 9891//5 9896//5 9895//5
f 9891//5 9892//5 9896//5
f 9897//3 9902//3 9901//3
f 9897//3 9898//3 9902//3
f 9899//5 9904//5 9903//5
f 9899//5 9900//5 9904//5
f 9900//6 9901//6 9904//6
f 9900//6 9897//6 9901//6
f 9905//3 9910//3 9909//3
f 9905//3 9906//3 9910//3
f 9907//5 9912//5 9911//5
f 9907//5 9908//5 9912//5
f 9908//6 9909//6 9912//6
f 9908//6 9905//6 9909//6
f 9917//2 9918//2 9919//2
f 9917//2 9919//2 9920//2
f 9913//3 9918//3 9917//3
f 9913//3 9914//3 9918//3
f 9915//5 9920//5 9919//5
f 9915//5 9916//5 9920//5
f 9916//6 9917//6 9920//6
f 9916//6 9913//6 9917//6
f 9921//1 9923//1 9922//1
f 9921//1 9924//1 9923//1
f 9921//3 9926//3 9925//3
f 9921//3 9922//3 9926//3
f 9923//5 9928//5 9927//5
f 9923//5 9924//5 9928//5
f 9929//3 9934//3 9933//3
f 9929//3 9930//3 9934//3
f 9930//4 9935//4 9934//4
f 9930//4 9931//4 9935//4
f 9931//5 9936//5 9935//5
f 9931//5 9932//5 9936//5
f 9941//2 9942//2 9943//2
f 9941//2 9943//2 9944//2
f 9937//3 9942//3 9941//3
f 9937//3 9938//3 9942//3
f 9938//4 9943//4 9942//4
f 9938//4 9939//4 9943//4
f 9939//5 9944//5 9943//5
f 9939//5 9940//5 9944//5
f 9945//1 9947//1 9946//1
f 9945//1 9948//1 9947//1
f 9945//3 9950//3 9949//3
f 9945//3 9946//3 9950//3
f 9947//5 9952//5 9951//5
f 9947//5 9948//5 9952//5
f 9948//6 9949//6 9952//6
f 9948//6 9945//6 9949//6
f 9953//3 9958//3 9957//3
f 9953//3 9954//3 9958//3
f 9955//5 9960//5 9959//5
f 9955//5 9956//5 9960//5
f 9956//6 9957//6 9960//6
f 9956//6 9953//6 9957//6
f 9961//3 9966//3 9965//3
f 9961//3 9962//3 9966//3
f 9963//5 9968//5 9967//5
f 9963//5 9964//5 9968//5
f 9964//6 9965//6 9968//6
f 9964//6 9961//6 9965//6
f 9969//3 9974//3 9973//3
f 9969//3 9970//3 9974//3
f 9971//5 9976//5 9975//5
f 9971//5 9972//5 9976//5
f 9972//6 9973//6 9976//6
f 9972//6 9969//6 9973//6
f 9977//3 9982//3 9981//3
f 9977//3 9978//3 9982//3
f 9979//5 9984//5 9983//5
f 9979//5 9980//5 9984//5
f 9985//3 9990//3 9989//3
f 9985//3 9986//3 9990//3
f 9987//5 9992//5 9991//5
f 9987//5 9988//5 9992//5
f 9993//3 9998//3 9997//3
f 9993//3 9994//3 9998//3
f 9995//5 10000//5 9999//5
f 9995//5 9996//5 10000//5
f 10001//3 10006//3 10005//3
f 10001//3 10002//3 10006//3
f 10003//5 10008//5 10007//5
f 10003//5 10004//5 10008//5
f 10009//3 10014//3 10013//3
f 10009//3 10010//3 10014//3
f 10011//5 10016//5 10015//5
f 10011//5 10012//5 10016//5
f 10017//3 10022//3 10021//3
f 10017//3 10018//3 10022//3
f 10019//5 10024//5 10023//5
f 10019//5 10020//5 10024//5
f 10025//3 10030//3 10029//3
f 10025//3 10026//3 10030//3
f 10027//5 10032//5 10031//5
f 10027//5 10028//5 10032//5
f 10033//3 10038//3 10037//3
f 10033//3 10034//3 10038//3
f 10035//5 10040//5 10039//5
f 10035//5 10036//5 10040//5
f 10041//3 10046//3 10045//3
f 10041//3 10042//3 10046//3
f 10042//4 10047//4 10046//4
f 10042//4 10043//4 10047//4
f 10043//5 10048//5 10047//5
f 10043//5 10044//5 10048//5
f 10053//2 10054//2 10055//2
f 10053//2 10055//2 10056//2
f 10049//3 10054//3 10053//3
f 10049//3 10050//3 10054//3
f 10050//4 10055//4 10054//4
f 10050//4 10051//4 10055//4
f 10051//5 10056//5 10055//5
f 10051//5 10052//5 10056//5
f 10057//1 10059//1 10058//1
f 10057//1 10060//1 10059//1
f 10057//3 10062//3 10061//3
f 10057//3 10058//3 10062//3
f 10058//4 10063//4 10062//4
f 10058//4 10059//4 10063//4
f 10059//5 10064//5 10063//5
f 10059//5 10060//5 10064//5
f 10065//3 10070//3 10069//3
f 10065//3 10066//3 10070//3
f 10066//4 10071//4 10070//4
f 10066//4 10067//4 10071//4
f 10067//5 10072//5 10071//5
f 10067//5 10068//5 10072//5
f 10073//3 10078//3 10077//3
f 10073//3 10074//3 10078//3
f 10074//4 10079//4 10078//4
f 10074//4 10075//4 10079//4
f 10075//5 10080//5 10079//5
f 10075//5 10076//5 10080//5
f 10081//3 10086//3 10085//3
f 10081//3 10082//3 10086//3
f 10082//4 10087//4 10086//4
f 10082//4 10083//4 10087//4
f 10083//5 10088//5 10087//5
f 10083//5 10084//5 10088//5
f 10093//2 10094//2 10095//2
f 10093//2 10095//2 10096//2
f 10089//3 10094//3 10093//3
f 10089//3 10090//3 10094//3
f 10090//4 10095//4 10094//4
f 10090//4 10091//4 10095//4
f 10091//5 10096//5 10095//5
f 10091//5 10092//5 10096//5
f 10097//1 10099//1 10098//1
f 10097//1 10100//1 10099//1
f 10101//2 10102//2 10103//2
f 10101//2 10103//2 10104//2
f 10097//3 10102//3 10101//3
f 10097//3 10098//3 10102//3
f 10098//4 10103//4 10102//4
f 10098//4 10099//4 10103//4
f 10099//5 10104//5 10103//5
f 10099//5 10100//5 10104//5
f 10105//1 10107//1 10106//1
f 10105//1 10108//1 10107//1
f 10105//3 10110//3 10109//3
f 10105//3 10106//3 10110//3
f 10106//4 10111//4 10110//4
f 10106//4 10107//4 10111//4
f 10107//5 10112//5 10111//5
f 10107//5 10108//5 10112//5
f 10113//3 10118//3 10117//3
f 10113//3 10114//3 10118//3
f 10114//4 10119//4 10118//4
f 10114//4 10115//4 10119//4
f 10115//5 10120//5 10119//5
f 10115//5 10116//5 10120//5
f 10121//3 10126//3 10125//3
f 10121//3 10122//3 10126//3
f 10122//4 10127//4 10126//4
f 10122//4 10123//4 10127//4
f 10123//5 10128//5 10127//5
f 10123//5 10124//5 10128//5
f 10129//3 10134//3 10133//3
f 10129//3 10130//3 10134//3
f 10130//4 10135//4 10134//4
f 10130//4 10131//4 10135//4
f 10131//5 10136//5 10135//5
f 10131//5 10132//5 10136//5
f 10137//3 10142//3 10141//3
f 10137//3 10138//3 10142//3
f 10138//4 10143//4 10142//4
f 10138//4 10139//4 10143//4
f 10139//5 10144//5 10143//5
f 10139//5 10140//5 10144//5
f 10149//2 10150//2 10151//2
f 10149//2 10151//2 10152//2
f 10145//3 10150//3 10149//3
f 10145//3 10146//3 10150//3
f 10146//4 10151//4 10150//4
f 10146//4 10147//4 10151//4
f 10147//5 10152//5 10151//5
f 10147//5 10148//5 10152//5
f 10153//1 10155//1 10154//1
f 10153//1 10156//1 10155//1
f 10157//2 10158//2 10159//2
f 10157//2 10159//2 10160//2
f 10153//3 10158//3 10157//3
f 10153//3 10154//3 10158//3
f 10154//4 10159//4 10158//4
f 10154//4 10155//4 10159//4
f 10155//5 10160//5 10159//5
f 10155//5 10156//5 10160//5
f 10156//6 10157//6 10160//6
f 10156//6 10153//6 10157//6
f 10161//1 10163//1 10162//1
f 10161//1 10164//1 10163//1
f 10161//3 10166//3 10165//3
f 10161//3 10162//3 10166//3
f 10162//4 10167//4 10166//4
f 10162//4 10163//4 10167//4
f 10163//5 10168//5 10167//5
f 10163//5 10164//5 10168//5
f 10169//3 10174//3 10173//3
f 10169//3 10170//3 10174//3
f 10170//4 10175//4 10174//4
f 10170//4 10171//4 10175//4
f 10171//5 10176//5 10175//5
f 10171//5 10172//5 10176//5
f 10177//3 10182//3 10181//3
f 10177//3 10178//3 10182//3
f 10178//4 10183//4 10182//4
f 10178//4 10179//4 10183//4
f 10179//5 10184//5 10183//5
f 10179//5 10180//5 10184//5
f 10185//3 10190//3 10189//3
f 10185//3 10186//3 10190//3
f 10186//4 10191//4 10190//4
f 10186//4 10187//4 10191//4
f 10187//5 10192//5 10191//5
f 10187//5 10188//5 10192//5
f 10197//2 10198//2 10199//2
f 10197//2 10199//2 10200//2
f 10193//3 10198//3 10197//3
f 10193//3 10194//3 10198//3
f 10194//4 10199//4 10198//4
f 10194//4 10195//4 10199//4
f 10195//5 10200//5 10199//5
f 10195//5 10196//5 10200//5
f 10201//1 10203//1 10202//1
f 10201//1 10204//1 10203//1
f 10205//2 10206//2 10207//2
f 10205//2 10207//2 10208//2
f 10201//3 10206//3 10205//3
f 10201//3 10202//3 10206//3
f 10202//4 10207//4 10206//4
f 10202//4 10203//4 10207//4
f 10203//5 10208//5 10207//5
f 10203//5 10204//5 10208//5
f 10209//1 10211//1 10210//1
f 10209//1 10212//1 10211//1
f 10209//3 10214//3 10213//3
f 10209//3 10210//3 10214//3
f 10210//4 10215//4 10214//4
f 10210//4 10211//4 10215//4
f 10211//5 10216//5 10215//5
f 10211//5 10212//5 10216//5
f 10221//2 10222//2 10223//2
f 10221//2 10223//2 10224//2
f 10217//3 10222//3 10221//3
f 10217//3 10218//3 10222//3
f 10218//4 10223//4 10222//4
f 10218//4 10219//4 10223//4
f 10219//5 10224//5 10223//5
f 10219//5 10220//5 10224//5
f 10225//1 10227//1 10226//1
f 10225//1 10228//1 10227//1
f 10229//2 10230//2 10231//2
f 10229//2 10231//2 10232//2
f 10225//3 10230//3 10229//3
f 10225//3 10226//3 10230//3
f 10226//4 10231//4 10230//4
f 10226//4 10227//4 10231//4
f 10227//5 10232//5 10231//5
f 10227//5 10228//5 10232//5
f 10233//1 10235//1 10234//1
f 10233//1 10236//1 10235//1
f 10237//2 10238//2 10239//2
f 10237//2 10239//2 10240//2
f 10233//3 10238//3 10237//3
f 10233//3 10234//3 10238//3
f 10234//4 10239//4 10238//4
f 10234//4 10235//4 10239//4
f 10235//5 10240//5 10239//5
f 10235//5 10236//5 10240//5
f 10236//6 10237//6 10240//6
f 10236//6 10233//6 10237//6
f 10241//1 10243//1 10242//1
f 10241//1 10244//1 10243//1
f 10245//2 10246//2 10247//2
f 10245//2 10247//2 10248//2
f 10241//3 10246//3 10245//3
f 10241//3 10242//3 10246//3
f 10242//4 10247//4 10246//4
f 10242//4 10243//4 10247//4
f 10243//5 10248//5 10247//5
f 10243//5 10244//5 10248//5
f 10244//6 10245//6 10248//6
f 10244//6 10241//6 10245//6
f 10249//1 10251//1 10250//1
f 10249//1 10252//1 10251//1
f 10253//2 10254//2 10255//2
f 10253//2 10255//2 10256//2
f 10249//3 10254//3 10253//3
f 10249//3 10250//3 10254//3
f 10252//6 10253//6 10256//6
f 10252//6 10249//6 10253//6
f 10257//1 10259//1 10258//1
f 10257//1 10260//1 10259//1
f 10261//2 10262//2 10263//2
f 10261//2 10263//2 10264//2
f 10258//4 10263//4 10262//4
f 10258//4 10259//4 10263//4
f 10260//6 10261//6 10264//6
f 10260//6 10257//6 10261//6
f 10265//1 10267//1 10266//1
f 10265//1 10268//1 10267//1
f 10265//3 10270//3 10269//3
f 10265//3 10266//3 10270//3
f 10267//5 10272//5 10271//5
f 10267//5 10268//5 10272//5
f 10268//6 10269//6 10272//6
f 10268//6 10265//6 10269//6
f 10273//3 10278//3 10277//3
f 10273//3 10274//3 10278//3
f 10274//4 10279//4 10278//4
f 10274//4 10275//4 10279//4
f 10275//5 10280//5 10279//5
f 10275//5 10276//5 10280//5
f 10276//6 10277//6 10280//6
f 10276//6 10273//6 10277//6
f 10285//2 10286//2 10287//2
f 10285//2 10287//2 10288//2
f 10282//4 10287//4 10286//4
f 10282//4 10283//4 10287//4
f 10283//5 10288//5 10287//5
f 10283//5 10284//5 10288//5
f 10289//1 10291//1 10290//1
f 10289//1 10292//1 10291//1
f 10289//3 10294//3 10293//3
f 10289//3 10290//3 10294//3
f 10291//5 10296//5 10295//5
f 10291//5 10292//5 10296//5
f 10292//6 10293//6 10296//6
f 10292//6 10289//6 10293//6
f 10297//3 10302//3 10301//3
f 10297//3 10298//3 10302//3
f 10299//5 10304//5 10303//5
f 10299//5 10300//5 10304//5
f 10300//6 10301//6 10304//6
f 10300//6 10297//6 10301//6
f 10305//3 10310//3 10309//3
f 10305//3 10306//3 10310//3
f 10307//5 10312//5 10311//5
f 10307//5 10308//5 10312//5
f 10313//3 10318//3 10317//3
f 10313//3 10314//3 10318//3
f 10315//5 10320//5 10319//5
f 10315//5 10316//5 10320//5
f 10321//3 10326//3 10325//3
f 10321//3 10322//3 10326//3
f 10323//5 10328//5 10327//5
f 10323//5 10324//5 10328//5
f 10329//3 10334//3 10333//3
f 10329//3 10330//3 10334//3
f 10331//5 10336//5 10335//5
f 10331//5 10332//5 10336//5
f 10337//3 10342//3 10341//3
f 10337//3 10338//3 10342//3
f 10339//5 10344//5 10343//5
f 10339//5 10340//5 10344//5
f 10345//3 10350//3 10349//3
f 10345//3 10346//3 10350//3
f 10347//5 10352//5 10351//5
f 10347//5 10348//5 10352//5
f 10353//3 10358//3 10357//3
f 10353//3 10354//3 10358//3
f 10355//5 10360//5 10359//5
f 10355//5 10356//5 10360//5
f 10361//3 10366//3 10365//3
f 10361//3 10362//3 10366//3
f 10363//5 10368//5 10367//5
f 10363//5 10364//5 10368//5
f 10369//3 10374//3 10373//3
f 10369//3 10370//3 10374//3
f 10371//5 10376//5 10375//5
f 10371//5 10372//5 10376//5
f 10377//3 10382//3 10381//3
f 10377//3 10378//3 10382//3
f 10379//5 10384//5 10383//5
f 10379//5 10380//5 10384//5
f 10380//6 10381//6 10384//6
f 10380//6 10377//6 10381//6
f 10385//3 10390//3 10389//3
f 10385//3 10386//3 10390//3
f 10387//5 10392//5 10391//5
f 10387//5 10388//5 10392//5
f 10388//6 10389//6 10392//6
f 10388//6 10385//6 10389//6
f 10393//3 10398//3 10397//3
f 10393//3 10394//3 10398//3
f 10395//5 10400//5 10399//5
f 10395//5 10396//5 10400//5
f 10396//6 10397//6 10400//6
f 10396//6 10393//6 10397//6
f 10405//2 10406//2 10407//2
f 10405//2 10407//2 10408//2
f 10401//3 10406//3 10405//3
f 10401//3 10402//3 10406//3
f 10403//5 10408//5 10407//5
f 10403//5 10404//5 10408//5
f 10404//6 10405//6 10408//6
f 10404//6 10401//6 10405//6
f 10409//1 10411//1 10410//1
f 10409//1 10412//1 10411//1
f 10409//3 10414//3 10413//3
f 10409//3 10410//3 10414//3
f 10410//4 10415//4 10414//4
f 10410//4 10411//4 10415//4
f 10411//5 10416//5 10415//5
f 10411//5 10412//5 10416//5
f 10412//6 10413//6 10416//6
f 10412//6 10409//6 10413//6
f 10421//2 10422//2 10423//2
f 10421//2 10423//2 10424//2
f 10417//3 10422//3 10421//3
f 10417//3 10418//3 10422//3
f 10418//4 10423//4 10422//4
f 10418//4 10419//4 10423//4
f 10419//5 10424//5 10423//5
f 10419//5 10420//5 10424//5
f 10425//1 10427//1 10426//1
f 10425//1 10428//1 10427//1
f 10425//3 10430//3 10429//3
f 10425//3 10426//3 10430//3
f 10427//5 10432//5 10431//5
f 10427//5 10428//5 10432//5
f 10428//6 10429//6 10432//6
f 10428//6 10425//6 10429//6
f 10433//3 10438//3 10437//3
f 10433//3 10434//3 10438//3
f 10435//5 10440//5 10439//5
f 10435//5 10436//5 10440//5
f 10436//6 10437//6 10440//6
f 10436//6 10433//6 10437//6
f 10441//3 10446//3 10445//3
f 10441//3 10442//3 10446//3
f 10443//5 10448//5 10447//5
f 10443//5 10444//5 10448//5
f 10444//6 10445//6 10448//6
f 10444//6 10441//6 10445//6
f 10449//3 10454//3 10453//3
f 10449//3 10450//3 10454//3
f 10451//5 10456//5 10455//5
f 10451//5 10452//5 10456//5
f 10457//3 10462//3 10461//3
f 10457//3 10458//3 10462//3
f 10459//5 10464//5 10463//5
f 10459//5 10460//5 10464//5
f 10465//3 10470//3 10469//3
f 10465//3 10466//3 10470//3
f 10467//5 10472//5 10471//5
f 10467//5 10468//5 10472//5
f 10473//3 10478//3 10477//3
f 10473//3 10474//3 10478//3
f 10475//5 10480//5 10479//5
f 10475//5 10476//5 10480//5
f 10481//3 10486//3 10485//3
f 10481//3 10482//3 10486//3
f 10482//4 10487//4 10486//4
f 10482//4 10483//4 10487//4
f 10483//5 10488//5 10487//5
f 10483//5 10484//5 10488//5
f 10489//3 10494//3 10493//3
f 10489//3 10490//3 10494//3
f 10490//4 10495//4 10494//4
f 10490//4 10491//4 10495//4
f 10491//5 10496//5 10495//5
f 10491//5 10492//5 10496//5
f 10497//3 10502//3 10501//3
f 10497//3 10498//3 10502//3
f 10498//4 10503//4 10502//4
f 10498//4 10499//4 10503//4
f 10499//5 10504//5 10503//5
f 10499//5 10500//5 10504//5
f 10505//3 10510//3 10509//3
f 10505//3 10506//3 10510//3
f 10506//4 10511//4 10510//4
f 10506//4 10507//4 10511//4
f 10507//5 10512//5 10511//5
f 10507//5 10508//5 10512//5
f 10513//3 10518//3 10517//3
f 10513//3 10514//3 10518//3
f 10514//4 10519//4 10518//4
f 10514//4 10515//4 10519//4
f 10515//5 10520//5 10519//5
f 10515//5 10516//5 10520//5
f 10521//3 10526//3 10525//3
f 10521//3 10522//3 10526//3
f 10522//4 10527//4 10526//4
f 10522//4 10523//4 10527//4
f 10523//5 10528//5 10527//5
f 10523//5 10524//5 10528//5
f 10529//3 10534//3 10533//3
f 10529//3 10530//3 10534//3
f 10530//4 10535//4 10534//4
f 10530//4 10531//4 10535//4
f 10531//5 10536//5 10535//5
f 10531//5 10532//5 10536//5
f 10541//2 10542//2 10543//2
f 10541//2 10543//2 10544//2
f 10537//3 10542//3 10541//3
f 10537//3 10538//3 10542//3
f 10538//4 10543//4 10542//4
f 10538//4 10539//4 10543//4
f 10539//5 10544//5 10543//5
f 10539//5 10540//5 10544//5
f 10545//1 10547//1 10546//1
f 10545//1 10548//1 10547//1
f 10549//2 10550//2 10551//2
f 10549//2 10551//2 10552//2
f 10545//3 10550//3 10549//3
f 10545//3 10546//3 10550//3
f 10546//4 10551//4 10550//4
f 10546//4 10547//4 10551//4
f 10547//5 10552//5 10551//5
f 10547//5 10548//5 10552//5
f 10548//6 10549//6 10552//6
f 10548//6 10545//6 10549//6
f 10553//1 10555//1 10554//1
f 10553//1 10556//1 10555//1
f 10557//2 10558//2 10559//2
f 10557//2 10559//2 10560//2
f 10553//3 10558//3 10557//3
f 10553//3 10554//3 10558//3
f 10554//4 10559//4 10558//4
f 10554//4 10555//4 10559//4
f 10555//5 10560//5 10559//5
f 10555//5 10556//5 10560//5
f 10556//6 10557//6 10560//6
f 10556//6 10553//6 10557//6
f 10561//1 10563//1 10562//1
f 10561//1 10564//1 10563//1
f 10561//3 10566//3 10565//3
f 10561//3 10562//3 10566//3
f 10562//4 10567//4 10566//4
f 10562//4 10563//4 10567//4
f 10564//6 10565//6 10568//6
f 10564//6 10561//6 10565//6
f 10573//2 10574//2 10575//2
f 10573//2 10575//2 10576//2
f 10569//3 10574//3 10573//3
f 10569//3 10570//3 10574//3
f 10570//4 10575//4 10574//4
f 10570//4 10571//4 10575//4
f 10571//5 10576//5 10575//5
f 10571//5 10572//5 10576//5
f 10577//1 10579//1 10578//1
f 10577//1 10580//1 10579//1
f 10577//3 10582//3 10581//3
f 10577//3 10578//3 10582//3
f 10578//4 10583//4 10582//4
f 10578//4 10579//4 10583//4
f 10580//6 10581//6 10584//6
f 10580//6 10577//6 10581//6
f 10589//2 10590//2 10591//2
f 10589//2 10591//2 10592//2
f 10586//4 10591//4 10590//4
f 10586//4 10587//4 10591//4
f 10587//5 10592//5 10591//5
f 10587//5 10588//5 10592//5
f 10588//6 10589//6 10592//6
f 10588//6 10585//6 10589//6
f 10593//1 10595//1 10594//1
f 10593//1 10596//1 10595//1
f 10593//3 10598//3 10597//3
f 10593//3 10594//3 10598//3
f 10594//4 10599//4 10598//4
f 10594//4 10595//4 10599//4
f 10595//5 10600//5 10599//5
f 10595//5 10596//5 10600//5
f 10596//6 10597//6 10600//6
f 10596//6 10593//6 10597//6
f 10605//2 10606//2 10607//2
f 10605//2 10607//2 10608//2
f 10602//4 10607//4 10606//4
f 10602//4 10603//4 10607//4
f 10603//5 10608//5 10607//5
f 10603//5 10604//5 10608//5
f 10609//1 10611//1 10610//1
f 10609//1 10612//1 10611//1
f 10613//2 10614//2 10615//2
f 10613//2 10615//2 10616//2
f 10609//3 10614//3 10613//3
f 10609//3 10610//3 10614//3
f 10611//5 10616//5 10615//5
f 10611//5 10612//5 10616//5
f 10612//6 10613//6 10616//6
f 10612//6 10609//6 10613//6
f 10617//1 10619//1 10618//1
f 10617//1 10620//1 10619//1
f 10621//2 10622//2 10623//2
f 10621//2 10623//2 10624//2
f 10617//3 10622//3 10621//3
f 10617//3 10618//3 10622//3
f 10619//5 10624//5 10623//5
f 10619//5 10620//5 10624//5
f 10620//6 10621//6 10624//6
f 10620//6 10617//6 10621//6
f 10625//1 10627//1 10626//1
f 10625//1 10628//1 10627//1
f 10625//3 10630//3 10629//3
f 10625//3 10626//3 10630//3
f 10627//5 10632//5 10631//5
f 10627//5 10628//5 10632//5
f 10628//6 10629//6 10632//6
f 10628//6 10625//6 10629//6
f 10633//3 10638//3 10637//3
f 10633//3 10634//3 10638//3
f 10635//5 10640//5 10639//5
f 10635//5 10636//5 10640//5
f 10636//6 10637//6 10640//6
f 10636//6 10633//6 10637//6
f 10641//3 10646//3 10645//3
f 10641//3 10642//3 10646//3
f 10643//5 10648//5 10647//5
f 10643//5 10644//5 10648//5
f 10644//6 10645//6 10648//6
f 10644//6 10641//6 10645//6
f 10649//3 10654//3 10653//3
f 10649//3 10650//3 10654//3
f 10651//5 10656//5 10655//5
f 10651//5 10652//5 10656//5
f 10657//3 10662//3 10661//3
f 10657//3 10658//3 10662//3
f 10659//5 10664//5 10663//5
f 10659//5 10660//5 10664//5
f 10665//3 10670//3 10669//3
f 10665//3 10666//3 10670//3
f 10667//5 10672//5 10671//5
f 10667//5 10668//5 10672//5
f 10673//3 10678//3 10677//3
f 10673//3 10674//3 10678//3
f 10675//5 10680//5 10679//5
f 10675//5 10676//5 10680//5
f 10681//3 10686//3 10685//3
f 10681//3 10682//3 10686//3
f 10683//5 10688//5 10687//5
f 10683//5 10684//5 10688//5
f 10689//3 10694//3 10693//3
f 10689//3 10690//3 10694//3
f 10690//4 10695//4 10694//4
f 10690//4 10691//4 10695//4
f 10691//5 10696//5 10695//5
f 10691//5 10692//5 10696//5
f 10697//3 10702//3 10701//3
f 10697//3 10698//3 10702//3
f 10699//5 10704//5 10703//5
f 10699//5 10700//5 10704//5
f 10705//3 10710//3 10709//3
f 10705//3 10706//3 10710//3
f 10707//5 10712//5 10711//5
f 10707//5 10708//5 10712//5
f 10713//3 10718//3 10717//3
f 10713//3 10714//3 10718//3
f 10714//4 10719//4 10718//4
f 10714//4 10715//4 10719//4
f 10715//5 10720//5 10719//5
f 10715//5 10716//5 10720//5
f 10721//3 10726//3 10725//3
f 10721//3 10722//3 10726//3
f 10722//4 10727//4 10726//4
f 10722//4 10723//4 10727//4
f 10723//5 10728//5 10727//5
f 10723//5 10724//5 10728//5
f 10729//3 10734//3 10733//3
f 10729//3 10730//3 10734//3
f 10730//4 10735//4 10734//4
f 10730//4 10731//4 10735//4
f 10731//5 10736//5 10735//5
f 10731//5 10732//5 10736//5
f 10737//3 10742//3 10741//3
f 10737//3 10738//3 10742//3
f 10738//4 10743//4 10742//4
f 10738//4 10739//4 10743//4
f 10739//5 10744//5 10743//5
f 10739//5 10740//5 10744//5
f 10745//3 10750//3 10749//3
f 10745//3 10746//3 10750//3
f 10746//4 10751//4 10750//4
f 10746//4 10747//4 10751//4
f 10747//5 10752//5 10751//5
f 10747//5 10748//5 10752//5
f 10753//3 10758//3 10757//3
f 10753//3 10754//3 10758//3
f 10754//4 10759//4 10758//4
f 10754//4 10755//4 10759//4
f 10755//5 10760//5 10759//5
f 10755//5 10756//5 10760//5
f 10761//3 10766//3 10765//3
f 10761//3 10762//3 10766//3
f 10762//4 10767//4 10766//4
f 10762//4 10763//4 10767//4
f 10763//5 10768//5 10767//5
f 10763//5 10764//5 10768//5
f 10773//2 10774//2 10775//2
f 10773//2 10775//2 10776//2
f 10769//3 10774//3 10773//3
f 10769//3 10770//3 10774//3
f 10770//4 10775//4 10774//4
f 10770//4 10771//4 10775//4
f 10771//5 10776//5 10775//5
f 10771//5 10772//5 10776//5
f 10772//6 10773//6 10776//6
f 10772//6 10769//6 10773//6
f 10777//1 10779//1 10778//1
f 10777//1 10780//1 10779//1
f 10777//3 10782//3 10781//3
f 10777//3 10778//3 10782//3
f 10779//5 10784//5 10783//5
f 10779//5 10780//5 10784//5
f 10780//6 10781//6 10784//6
f 10780//6 10777//6 10781//6
f 10785//3 10790//3 10789//3
f 10785//3 10786//3 10790//3
f 10786//4 10791//4 10790//4
f 10786//4 10787//4 10791//4
f 10787//5 10792//5 10791//5
f 10787//5 10788//5 10792//5
f 10788//6 10789//6 10792//6
f 10788//6 10785//6 10789//6
f 10793//3 10798//3 10797//3
f 10793//3 10794//3 10798//3
f 10794//4 10799//4 10798//4
f 10794//4 10795//4 10799//4
f 10795//5 10800//5 10799//5
f 10795//5 10796//5 10800//5
f 10801//3 10806//3 10805//3
f 10801//3 10802//3 10806//3
f 10802//4 10807//4 10806//4
f 10802//4 10803//4 10807//4
f 10803//5 10808//5 10807//5
f 10803//5 10804//5 10808//5
f 10809//3 10814//3 10813//3
f 10809//3 10810//3 10814//3
f 10810//4 10815//4 10814//4
f 10810//4 10811//4 10815//4
f 10811//5 10816//5 10815//5
f 10811//5 10812//5 10816//5
f 10817//3 10822//3 10821//3
f 10817//3 10818//3 10822//3
f 10818//4 10823//4 10822//4
f 10818//4 10819//4 10823//4
f 10819//5 10824//5 10823//5
f 10819//5 10820//5 10824//5
f 10825//3 10830//3 10829//3
f 10825//3 10826//3 10830//3
f 10826//4 10831//4 10830//4
f 10826//4 10827//4 10831//4
f 10827//5 10832//5 10831//5
f 10827//5 10828//5 10832//5
f 10833//3 10838//3 10837//3
f 10833//3 10834//3 10838//3
f 10834//4 10839//4 10838//4
f 10834//4 10835//4 10839//4
f 10835//5 10840//5 10839//5
f 10835//5 10836//5 10840//5
f 10845//2 10846//2 10847//2
f 10845//2 10847//2 10848//2
f 10841//3 10846//3 10845//3
f 10841//3 10842//3 10846//3
f 10842//4 10847//4 10846//4
f 10842//4 10843//4 10847//4
f 10843//5 10848//5 10847//5
f 10843//5 10844//5 10848//5
f 10849//1 10851//1 10850//1
f 10849//1 10852//1 10851//1
f 10853//2 10854//2 10855//2
f 10853//2 10855//2 10856//2
f 10849//3 10854//3 10853//3
f 10849//3 10850//3 10854//3
f 10850//4 10855//4 10854//4
f 10850//4 10851//4 10855//4
f 10851//5 10856//5 10855//5
f 10851//5 10852//5 10856//5
f 10852//6 10853//6 10856//6
f 10852//6 10849//6 10853//6
f 10857//1 10859//1 10858//1
f 10857//1 10860//1 10859//1
f 10857//3 10862//3 10861//3
f 10857//3 10858//3 10862//3
f 10858//4 10863//4 10862//4
f 10858//4 10859//4 10863//4
f 10860//6 10861//6 10864//6
f 10860//6 10857//6 10861//6
f 10869//2 10870//2 10871//2
f 10869//2 10871//2 10872//2
f 10865//3 10870//3 10869//3
f 10865//3 10866//3 10870//3
f 10866//4 10871//4 10870//4
f 10866//4 10867//4 10871//4
f 10867//5 10872//5 10871//5
f 10867//5 10868//5 10872//5
f 10868//6 10869//6 10872//6
f 10868//6 10865//6 10869//6
f 10873//1 10875//1 10874//1
f 10873//1 10876//1 10875//1
f 10873//3 10878//3 10877//3
f 10873//3 10874//3 10878//3
f 10874//4 10879//4 10878//4
f 10874//4 10875//4 10879//4
f 10876//6 10877//6 10880//6
f 10876//6 10873//6 10877//6
f 10885//2 10886//2 10887//2
f 10885//2 10887//2 10888//2
f 10882//4 10887//4 10886//4
f 10882//4 10883//4 10887//4
f 10883//5 10888//5 10887//5
f 10883//5 10884//5 10888//5
f 10884//6 10885//6 10888//6
f 10884//6 10881//6 10885//6
f 10889//1 10891//1 10890//1
f 10889//1 10892//1 10891//1
f 10893//2 10894//2 10895//2
f 10893//2 10895//2 10896//2
f 10890//4 10895//4 10894//4
f 10890//4 10891//4 10895//4
f 10891//5 10896//5 10895//5
f 10891//5 10892//5 10896//5
f 10892//6 10893//6 10896//6
f 10892//6 10889//6 10893//6
f 10897//1 10899//1 10898//1
f 10897//1 10900//1 10899//1
f 10897//3 10902//3 10901//3
f 10897//3 10898//3 10902//3
f 10898//4 10903//4 10902//4
f 10898//4 10899//4 10903//4
f 10900//6 10901//6 10904//6
f 10900//6 10897//6 10901//6
f 10905//3 10910//3 10909//3
f 10905//3 10906//3 10910//3
f 10906//4 10911//4 10910//4
f 10906//4 10907//4 10911//4
f 10907//5 10912//5 10911//5
f 10907//5 10908//5 10912//5
f 10908//6 10909//6 10912//6
f 10908//6 10905//6 10909//6
f 10913//3 10918//3 10917//3
f 10913//3 10914//3 10918//3
f 10914//4 10919//4 10918//4
f 10914//4 10915//4 10919//4
f 10915//5 10920//5 10919//5
f 10915//5 10916//5 10920//5
f 10916//6 10917//6 10920//6
f 10916//6 10913//6 10917//6
f 10921//3 10926//3 10925//3
f 10921//3 10922//3 10926//3
f 10922//4 10927//4 10926//4
f 10922//4 10923//4 10927//4
f 10923//5 10928//5 10927//5
f 10923//5 10924//5 10928//5
f 10924//6 10925//6 10928//6
f 10924//6 10921//6 10925//6
f 10929//3 10934//3 10933//3
f 10929//3 10930//3 10934//3
f 10930//4 10935//4 10934//4
f 10930//4 10931//4 10935//4
f 10931//5 10936//5 10935//5
f 10931//5 10932//5 10936//5
f 10932//6 10933//6 10936//6
f 10932//6 10929//6 10933//6
f 10941//2 10942//2 10943//2
f 10941//2 10943//2 10944//2
f 10937//3 10942//3 10941//3
f 10937//3 10938//3 10942//3
f 10938//4 10943//4 10942//4
f 10938//4 10939//4 10943//4
f 10939//5 10944//5 10943//5
f 10939//5 10940//5 10944//5
f 10940//6 10941//6 10944//6
f 10940//6 10937//6 10941//6
f 10945//1 10947//1 10946//1
f 10945//1 10948//1 10947//1
f 10949//2 10950//2 10951//2
f 10949//2 10951//2 10952//2
f 10945//3 10950//3 10949//3
f 10945//3 10946//3 10950//3
f 10946//4 10951//4 10950//4
f 10946//4 10947//4 10951//4
f 10947//5 10952//5 10951//5
f 10947//5 10948//5 10952//5
f 10948//6 10949//6 10952//6
f 10948//6 10945//6 10949//6
f 10953//1 10955//1 10954//1
f 10953//1 10956//1 10955//1
f 10953//3 10958//3 10957//3
f 10953//3 10954//3 10958//3
f 10954//4 10959//4 10958//4
f 10954//4 10955//4 10959//4
f 10955//5 10960//5 10959//5
f 10955//5 10956//5 10960//5
f 10956//6 10957//6 10960//6
f 10956//6 10953//6 10957//6
f 10961//3 10966//3 10965//3
f 10961//3 10962//3 10966//3
f 10962//4 10967//4 10966//4
f 10962//4 10963//4 10967//4
f 10963//5 10968//5 10967//5
f 10963//5 10964//5 10968//5
f 10964//6 10965//6 10968//6
f 10964//6 10961//6 10965//6
f 10969//3 10974//3 10973//3
f 10969//3 10970//3 10974//3
f 10970//4 10975//4 10974//4
f 10970//4 10971//4 10975//4
f 10971//5 10976//5 10975//5
f 10971//5 10972//5 10976//5
f 10977//3 10982//3 10981//3
f 10977//3 10978//3 10982//3
f 10978//4 10983//4 10982//4
f 10978//4 10979//4 10983//4
f 10979//5 10984//5 10983//5
f 10979//5 10980//5 10984//5
f 10980//6 10981//6 10984//6
f 10980//6 10977//6 10981//6
f 10985//3 10990//3 10989//3
f 10985//3 10986//3 10990//3
f 10986//4 10991//4 10990//4
f 10986//4 10987//4 10991//4
f 10987//5 10992//5 10991//5
f 10987//5 10988//5 10992//5
f 10988//6 10989//6 10992//6
f 10988//6 10985//6 10989//6
f 10993//3 10998//3 10997//3
f 10993//3 10994//3 10998//3
f 10994//4 10999//4 10998//4
f 10994//4 10995//4 10999//4
f 10995//5 11000//5 10999//5
f 10995//5 10996//5 11000//5
f 11001//3 11006//3 11005//3
f 11001//3 11002//3 11006//3
f 11002//4 11007//4 11006//4
f 11002//4 11003//4 11007//4
f 11003//5 11008//5 11007//5
f 11003//5 11004//5 11008//5
f 11004//6 11005//6 11008//6
f 11004//6 11001//6 11005//6
f 11009//3 11014//3 11013//3
f 11009//3 11010//3 11014//3
f 11010//4 11015//4 11014//4
f 11010//4 11011//4 11015//4
f 11011//5 11016//5 11015//5
f 11011//5 11012//5 11016//5
f 11017//3 11022//3 11021//3
f 11017//3 11018//3 11022//3
f 11018//4 11023//4 11022//4
f 11018//4 11019//4 11023//4
f 11019//5 11024//5 11023//5
f 11019//5 11020//5 11024//5
f 11025//3 11030//3 11029//3
f 11025//3 11026//3 11030//3
f 11026//4 11031//4 11030//4
f 11026//4 11027//4 11031//4
f 11027//5 11032//5 11031//5
f 11027//5 11028//5 11032//5
f 11033//3 11038//3 11037//3
f 11033//3 11034//3 11038//3
f 11034//4 11039//4 11038//4
f 11034//4 11035//4 11039//4
f 11035//5 11040//5 11039//5
f 11035//5 11036//5 11040//5
f 11041//3 11046//3 11045//3
f 11041//3 11042//3 11046//3
f 11042//4 11047//4 11046//4
f 11042//4 11043//4 11047//4
f 11043//5 11048//5 11047//5
f 11043//5 11044//5 11048//5
f 11049//3 11054//3 11053//3
f 11049//3 11050//3 11054//3
f 11050//4 11055//4 11054//4
f 11050//4 11051//4 11055//4
f 11051//5 11056//5 11055//5
f 11051//5 11052//5 11056//5
f 11057//3 11062//3 11061//3
f 11057//3 11058//3 11062//3
f 11058//4 11063//4 11062//4
f 11058//4 11059//4 11063//4
f 11059//5 11064//5 11063//5
f 11059//5 11060//5 11064//5
f 11069//2 11070//2 11071//2
f 11069//2 11071//2 11072//2
f 11065//3 11070//3 11069//3
f 11065//3 11066//3 11070//3
f 11066//4 11071//4 11070//4
f 11066//4 11067//4 11071//4
f 11067//5 11072//5 11071//5
f 11067//5 11068//5 11072//5
f 11073//1 11075//1 11074//1
f 11073//1 11076//1 11075//1
f 11073//3 11078//3 11077//3
f 11073//3 11074//3 11078//3
f 11074//4 11079//4 11078//4
f 11074//4 11075//4 11079//4
f 11075//5 11080//5 11079//5
f 11075//5 11076//5 11080//5
f 11085//2 11086//2 11087//2
f 11085//2 11087//2 11088//2
f 11082//4 11087//4 11086//4
f 11082//4 11083//4 11087//4
f 11083//5 11088//5 11087//5
f 11083//5 11084//5 11088//5
f 11089//1 11091//1 11090//1
f 11089//1 11092//1 11091//1
f 11093//2 11094//2 11095//2
f 11093//2 11095//2 11096//2
f 11089//3 11094//3 11093//3
f 11089//3 11090//3 11094//3
f 11090//4 11095//4 11094//4
f 11090//4 11091//4 11095//4
f 11091//5 11096//5 11095//5
f 11091//5 11092//5 11096//5
f 11097//1 11099//1 11098//1
f 11097//1 11100//1 11099//1
f 11101//2 11102//2 11103//2
f 11101//2 11103//2 11104//2
f 11097//3 11102//3 11101//3
f 11097//3 11098//3 11102//3
f 11098//4 11103//4 11102//4
f 11098//4 11099//4 11103//4
f 11100//6 11101//6 11104//6
f 11100//6 11097//6 11101//6
f 11105//1 11107//1 11106//1
f 11105//1 11108//1 11107//1
f 11105//3 11110//3 11109//3
f 11105//3 11106//3 11110//3
f 11106//4 11111//4 11110//4
f 11106//4 11107//4 11111//4
f 11108//6 11109//6 11112//6
f 11108//6 11105//6 11109//6
f 11117//2 11118//2 11119//2
f 11117//2 11119//2 11120//2
f 11114//4 11119//4 11118//4
f 11114//4 11115//4 11119//4
f 11115//5 11120//5 11119//5
f 11115//5 11116//5 11120//5
f 11116//6 11117//6 11120//6
f 11116//6 11113//6 11117//6
f 11121//1 11123//1 11122//1
f 11121//1 11124//1 11123//1
f 11121//3 11126//3 11125//3
f 11121//3 11122//3 11126//3
f 11122//4 11127//4 11126//4
f 11122//4 11123//4 11127//4
f 11124//6 11125//6 11128//6
f 11124//6 11121//6 11125//6
f 11129//3 11134//3 11133//3
f 11129//3 11130//3 11134//3
f 11130//4 11135//4 11134//4
f 11130//4 11131//4 11135//4
f 11131//5 11136//5 11135//5
f 11131//5 11132//5 11136//5
f 11132//6 11133//6 11136//6
f 11132//6 11129//6 11133//6
f 11137//3 11142//3 11141//3
f 11137//3 11138//3 11142//3
f 11138//4 11143//4 11142//4
f 11138//4 11139//4 11143//4
f 11139//5 11144//5 11143//5
f 11139//5 11140//5 11144//5
f 11140//6 11141//6 11144//6
f 11140//6 11137//6 11141//6
f 11145//3 11150//3 11149//3
f 11145//3 11146//3 11150//3
f 11146//4 11151//4 11150//4
f 11146//4 11147//4 11151//4
f 11147//5 11152//5 11151//5
f 11147//5 11148//5 11152//5
f 11148//6 11149//6 11152//6
f 11148//6 11145//6 11149//6
f 11153//3 11158//3 11157//3
f 11153//3 11154//3 11158//3
f 11154//4 11159//4 11158//4
f 11154//4 11155//4 11159//4
f 11155//5 11160//5 11159//5
f 11155//5 11156//5 11160//5
f 11156//6 11157//6 11160//6
f 11156//6 11153//6 11157//6
f 11161//3 11166//3 11165//3
f 11161//3 11162//3 11166//3
f 11162//4 11167//4 11166//4
f 11162//4 11163//4 11167//4
f 11163//5 11168//5 11167//5
f 11163//5 11164//5 11168//5
f 11164//6 11165//6 11168//6
f 11164//6 11161//6 11165//6
f 11169//3 11174//3 11173//3
f 11169//3 11170//3 11174//3
f 11170//4 11175//4 11174//4
f 11170//4 11171//4 11175//4
f 11171//5 11176//5 11175//5
f 11171//5 11172//5 11176//5
f 11172//6 11173//6 11176//6
f 11172//6 11169//6 11173//6
f 11177//3 11182//3 11181//3
f 11177//3 11178//3 11182//3
f 11178//4 11183//4 11182//4
f 11178//4 11179//4 11183//4
f 11179//5 11184//5 11183//5
f 11179//5 11180//5 11184//5
f 11180//6 11181//6 11184//6
f 11180//6 11177//6 11181//6
f 11185//3 11190//3 11189//3
f 11185//3 11186//3 11190//3
f 11186//4 11191//4 11190//4
f 11186//4 11187//4 11191//4
f 11187//5 11192//5 11191//5
f 11187//5 11188//5 11192//5
f 11188//6 11189//6 11192//6
f 11188//6 11185//6 11189//6
f 11193//3 11198//3 11197//3
f 11193//3 11194//3 11198//3
f 11194//4 11199//4 11198//4
f 11194//4 11195//4 11199//4
f 11195//5 11200//5 11199//5
f 11195//5 11196//5 11200//5
f 11196//6 11197//6 11200//6
f 11196//6 11193//6 11197//6
f 11205//2 11206//2 11207//2
f 11205//2 11207//2 11208//2
f 11202//4 11207//4 11206//4
f 11202//4 11203//4 11207//4
f 11203//5 11208//5 11207//5
f 11203//5 11204//5 11208//5
f 11204//6 11205//6 11208//6
f 11204//6 11201//6 11205//6
f 11209//1 11211//1 11210//1
f 11209//1 11212//1 11211//1
f 11213//2 11214//2 11215//2
f 11213//2 11215//2 11216//2
f 11209//3 11214//3 11213//3
f 11209//3 11210//3 11214//3
f 11210//4 11215//4 11214//4
f 11210//4 11211//4 11215//4
f 11211//5 11216//5 11215//5
f 11211//5 11212//5 11216//5
f 11212//6 11213//6 11216//6
f 11212//6 11209//6 11213//6
f 11217//1 11219//1 11218//1
f 11217//1 11220//1 11219//1
f 11221//2 11222//2 11223//2
f 11221//2 11223//2 11224//2
f 11217//3 11222//3 11221//3
f 11217//3 11218//3 11222//3
f 11218//4 11223//4 11222//4
f 11218//4 11219//4 11223//4
f 11219//5 11224//5 11223//5
f 11219//5 11220//5 11224//5
f 11220//6 11221//6 11224//6
f 11220//6 11217//6 11221//6
f 11225//1 11227//1 11226//1
f 11225//1 11228//1 11227//1
f 11225//3 11230//3 11229//3
f 11225//3 11226//3 11230//3
f 11226//4 11231//4 11230//4
f 11226//4 11227//4 11231//4
f 11227//5 11232//5 11231//5
f 11227//5 11228//5 11232//5
f 11228//6 11229//6 11232//6
f 11228//6 11225//6 11229//6
f 11233//3 11238//3 11237//3
f 11233//3 11234//3 11238//3
f 11234//4 11239//4 11238//4
f 11234//4 11235//4 11239//4
f 11235//5 11240//5 11239//5
f 11235//5 11236//5 11240//5
f 11236//6 11237//6 11240//6
f 11236//6 11233//6 11237//6
f 11241//3 11246//3 11245//3
f 11241//3 11242//3 11246//3
f 11242//4 11247//4 11246//4
f 11242//4 11243//4 11247//4
f 11243//5 11248//5 11247//5
f 11243//5 11244//5 11248//5
f 11244//6 11245//6 11248//6
f 11244//6 11241//6 11245//6
f 11249//3 11254//3 11253//3
f 11249//3 11250//3 11254//3
f 11250//4 11255//4 11254//4
f 11250//4 11251//4 11255//4
f 11251//5 11256//5 11255//5
f 11251//5 11252//5 11256//5
f 11252//6 11253//6 11256//6
f 11252//6 11249//6 11253//6
f 11261//2 11262//2 11263//2
f 11261//2 11263//2 11264//2
f 11258//4 11263//4 11262//4
f 11258//4 11259//4 11263//4
f 11259//5 11264//5 11263//5
f 11259//5 11260//5 11264//5
f 11260//6 11261//6 11264//6
f 11260//6 11257//6 11261//6
