v 0.52843 -0.16059 0.08235
v 0.52980 -0.16196 0.08235
v 0.52980 -0.16059 0.08167
v 0.52843 -0.16059 0.08373
v 0.52980 -0.16196 0.08373
v 0.52980 -0.16059 0.08441
v 0.52843 -0.15784 0.07961
v 0.52980 -0.15922 0.07961
v 0.52980 -0.15784 0.07892
v 0.52843 -0.15784 0.08098
v 0.52980 -0.15922 0.08098
v 0.52843 -0.15784 0.08235
v 0.52843 -0.15784 0.08373
v 0.52980 -0.15784 0.08441
v 0.52843 -0.15510 0.07824
v 0.52980 -0.15647 0.07824
v 0.52980 -0.15510 0.07755
v 0.52843 -0.15510 0.07961
v 0.52843 -0.15510 0.08098
v 0.52843 -0.15510 0.08235
v 0.52980 -0.15647 0.08373
v 0.52980 -0.15510 0.08304
v 0.52843 -0.15235 0.07549
v 0.52980 -0.15373 0.07549
v 0.52980 -0.15235 0.07480
v 0.52843 -0.15235 0.07686
v 0.52980 -0.15373 0.07686
v 0.52843 -0.15235 0.07824
v 0.52843 -0.15235 0.07961
v 0.52843 -0.15235 0.08098
v 0.52980 -0.15373 0.08235
v 0.52980 -0.15235 0.08167
v 0.52980 -0.15098 0.07549
v 0.52843 -0.14961 0.07686
v 0.52980 -0.14961 0.07618
v 0.52843 -0.14961 0.07824
v 0.52843 -0.14961 0.07961
v 0.52980 -0.15098 0.08098
v 0.52980 -0.14961 0.08029
v 0.52843 -0.14686 0.07686
v 0.52980 -0.14686 0.07618
v 0.52980 -0.14824 0.07824
v 0.52980 -0.14686 0.07755
v 0.52980 -0.14824 0.07961
v 0.52980 -0.14549 0.07686
v 0.53118 -0.16608 0.07824
v 0.53255 -0.16745 0.07824
v 0.53255 -0.16608 0.07755
v 0.53118 -0.16608 0.07961
v 0.53255 -0.16745 0.07961
v 0.53118 -0.16608 0.08098
v 0.53255 -0.16745 0.08098
v 0.53118 -0.16608 0.08235
v 0.53255 -0.16745 0.08235
v 0.53255 -0.16608 0.08304
v 0.53118 -0.16333 0.07275
v 0.53255 -0.16471 0.07275
v 0.53255 -0.16333 0.07206
v 0.53118 -0.16333 0.07412
v 0.53255 -0.16471 0.07412
v 0.53118 -0.16333 0.07549
v 0.53255 -0.16471 0.07549
v 0.53118 -0.16333 0.07686
v 0.53255 -0.16471 0.07686
v 0.53118 -0.16333 0.07824
v 0.53118 -0.16333 0.07961
v 0.53118 -0.16333 0.08098
v 0.53118 -0.16333 0.08235
v 0.53118 -0.16333 0.08373
v 0.53255 -0.16471 0.08373
v 0.53255 -0.16333 0.08441
v 0.53118 -0.16059 0.07137
v 0.53255 -0.16196 0.07137
v 0.53255 -0.16059 0.07069
v 0.53118 -0.16059 0.07275
v 0.53118 -0.16059 0.07412
v 0.53118 -0.16059 0.07549
v 0.53118 -0.16059 0.07686
v 0.53118 -0.16059 0.07824
v 0.53118 -0.16059 0.07961
v 0.53118 -0.16059 0.08098
v 0.53255 -0.16059 0.08441
v 0.53118 -0.15784 0.06863
v 0.53255 -0.15922 0.06863
v 0.53255 -0.15784 0.06794
v 0.53118 -0.15784 0.07000
v 0.53255 -0.15922 0.07000
v 0.53118 -0.15784 0.07137
v 0.53118 -0.15784 0.07275
v 0.53118 -0.15784 0.07412
v 0.53118 -0.15784 0.07549
v 0.53118 -0.15784 0.07686
v 0.53118 -0.15784 0.07824
v 0.53118 -0.15784 0.08373
v 0.53255 -0.15922 0.08373
v 0.53255 -0.15784 0.08304
v 0.53118 -0.15510 0.06725
v 0.53255 -0.15647 0.06725
v 0.53255 -0.15510 0.06657
v 0.53118 -0.15510 0.06863
v 0.53118 -0.15510 0.07000
v 0.53118 -0.15510 0.07137
v 0.53118 -0.15510 0.07275
v 0.53118 -0.15510 0.07412
v 0.53118 -0.15510 0.07549
v 0.53118 -0.15510 0.07686
v 0.53118 -0.15510 0.08235
v 0.53255 -0.15647 0.08235
v 0.53255 -0.15510 0.08167
v 0.53118 -0.15235 0.06725
v 0.53255 -0.15235 0.06657
v 0.53118 -0.15235 0.06863
v 0.53118 -0.15235 0.07000
v 0.53118 -0.15235 0.07137
v 0.53118 -0.15235 0.07275
v 0.53118 -0.15235 0.07412
v 0.53118 -0.15235 0.08098
v 0.53255 -0.15373 0.08098
v 0.53255 -0.15235 0.08029
v 0.53255 -0.15098 0.06725
v 0.53118 -0.14961 0.06863
v 0.53255 -0.14961 0.06794
v 0.53118 -0.14961 0.07000
v 0.53118 -0.14961 0.07137
v 0.53118 -0.14961 0.07275
v 0.53118 -0.14961 0.07412
v 0.53118 -0.14961 0.07549
v 0.53255 -0.14961 0.08029
v 0.53118 -0.14686 0.06863
v 0.53255 -0.14686 0.06794
v 0.53118 -0.14686 0.07000
v 0.53118 -0.14686 0.07137
v 0.53118 -0.14686 0.07275
v 0.53118 -0.14686 0.07412
v 0.53118 -0.14686 0.07549
v 0.53255 -0.14824 0.07824
v 0.53255 -0.14686 0.07755
v 0.53255 -0.14824 0.07961
v 0.53118 -0.14412 0.06863
v 0.53255 -0.14412 0.06794
v 0.53118 -0.14412 0.07000
v 0.53118 -0.14412 0.07137
v 0.53118 -0.14412 0.07275
v 0.53255 -0.14549 0.07412
v 0.53255 -0.14412 0.07343
v 0.53255 -0.14549 0.07549
v 0.53255 -0.14549 0.07686
v 0.53255 -0.14275 0.06863
v 0.53255 -0.14275 0.07000
v 0.53255 -0.14275 0.07137
v 0.53255 -0.14275 0.07275
v 0.53392 -0.16882 0.06863
v 0.53529 -0.17020 0.06863
v 0.53529 -0.16882 0.06794
v 0.53392 -0.16882 0.07000
v 0.53529 -0.17020 0.07000
v 0.53392 -0.16882 0.07137
v 0.53529 -0.17020 0.07137
v 0.53392 -0.16882 0.07275
v 0.53529 -0.17020 0.07275
v 0.53392 -0.16882 0.07412
v 0.53529 -0.17020 0.07412
v 0.53392 -0.16882 0.07549
v 0.53529 -0.17020 0.07549
v 0.53392 -0.16882 0.07686
v 0.53529 -0.17020 0.07686
v 0.53392 -0.16882 0.07824
v 0.53529 -0.17020 0.07824
v 0.53392 -0.16882 0.07961
v 0.53529 -0.17020 0.07961
v 0.53529 -0.16882 0.08029
v 0.53392 -0.16608 0.06451
v 0.53529 -0.16745 0.06451
v 0.53529 -0.16608 0.06382
v 0.53529 -0.16608 0.06520
v 0.53392 -0.16608 0.06725
v 0.53529 -0.16745 0.06725
v 0.53529 -0.16608 0.06657
v 0.53392 -0.16608 0.06863
v 0.53392 -0.16608 0.07000
v 0.53392 -0.16608 0.07137
v 0.53392 -0.16608 0.07275
v 0.53392 -0.16608 0.07412
v 0.53392 -0.16608 0.07549
v 0.53392 -0.16608 0.07686
v 0.53529 -0.16745 0.08098
v 0.53529 -0.16745 0.08235
v 0.53392 -0.16608 0.08373
v 0.53529 -0.16745 0.08373
v 0.53529 -0.16608 0.08441
v 0.53392 -0.16333 0.06314
v 0.53529 -0.16471 0.06314
v 0.53529 -0.16333 0.06245
v 0.53392 -0.16333 0.06451
v 0.53392 -0.16333 0.06588
v 0.53529 -0.16471 0.06588
v 0.53392 -0.16333 0.06725
v 0.53392 -0.16333 0.06863
v 0.53392 -0.16333 0.07000
v 0.53392 -0.16333 0.07137
v 0.53529 -0.16333 0.08441
v 0.53392 -0.16059 0.06039
v 0.53529 -0.16196 0.06039
v 0.53529 -0.16059 0.05971
v 0.53392 -0.16059 0.06176
v 0.53529 -0.16196 0.06176
v 0.53392 -0.16059 0.06314
v 0.53392 -0.16059 0.06451
v 0.53392 -0.16059 0.06588
v 0.53392 -0.16059 0.06725
v 0.53392 -0.16059 0.06863
v 0.53392 -0.16059 0.07000
v 0.53529 -0.16059 0.08441
v 0.53392 -0.15784 0.05765
v 0.53529 -0.15922 0.05765
v 0.53529 -0.15784 0.05696
v 0.53392 -0.15784 0.05902
v 0.53529 -0.15922 0.05902
v 0.53392 -0.15784 0.06039
v 0.53392 -0.15784 0.06176
v 0.53392 -0.15784 0.06314
v 0.53392 -0.15784 0.06451
v 0.53392 -0.15784 0.06588
v 0.53392 -0.15784 0.06725
v 0.53529 -0.15922 0.08373
v 0.53529 -0.15784 0.08304
v 0.53529 -0.15647 0.05765
v 0.53392 -0.15510 0.05902
v 0.53529 -0.15510 0.05833
v 0.53392 -0.15510 0.06039
v 0.53392 -0.15510 0.06176
v 0.53392 -0.15510 0.06314
v 0.53392 -0.15510 0.06451
v 0.53392 -0.15510 0.06588
v 0.53529 -0.15647 0.08235
v 0.53529 -0.15510 0.08167
v 0.53392 -0.15235 0.05902
v 0.53529 -0.15235 0.05833
v 0.53392 -0.15235 0.06039
v 0.53392 -0.15235 0.06176
v 0.53392 -0.15235 0.06314
v 0.53392 -0.15235 0.06451
v 0.53392 -0.15235 0.06588
v 0.53529 -0.15373 0.08098
v 0.53529 -0.15235 0.08029
v 0.53392 -0.14961 0.05902
v 0.53529 -0.14961 0.05833
v 0.53392 -0.14961 0.06039
v 0.53392 -0.14961 0.06176
v 0.53392 -0.14961 0.06314
v 0.53392 -0.14961 0.06451
v 0.53392 -0.14961 0.06588
v 0.53392 -0.14961 0.06725
v 0.53392 -0.14961 0.07961
v 0.53529 -0.15098 0.07961
v 0.53529 -0.14961 0.07892
v 0.53529 -0.14824 0.05902
v 0.53392 -0.14686 0.06039
v 0.53529 -0.14686 0.05971
v 0.53392 -0.14686 0.06176
v 0.53392 -0.14686 0.06314
v 0.53392 -0.14686 0.06451
v 0.53392 -0.14686 0.06588
v 0.53392 -0.14686 0.06725
v 0.53392 -0.14686 0.07686
v 0.53529 -0.14824 0.07686
v 0.53529 -0.14686 0.07618
v 0.53529 -0.14824 0.07824
v 0.53392 -0.14412 0.06039
v 0.53529 -0.14412 0.05971
v 0.53392 -0.14412 0.06176
v 0.53392 -0.14412 0.06314
v 0.53392 -0.14412 0.06451
v 0.53392 -0.14412 0.06588
v 0.53392 -0.14412 0.06725
v 0.53392 -0.14412 0.07412
v 0.53529 -0.14549 0.07549
v 0.53529 -0.14412 0.07480
v 0.53529 -0.14275 0.06039
v 0.53529 -0.14275 0.06176
v 0.53392 -0.14137 0.06314
v 0.53529 -0.14137 0.06245
v 0.53529 -0.14275 0.06451
v 0.53529 -0.14137 0.06382
v 0.53529 -0.14275 0.06588
v 0.53392 -0.14137 0.06725
v 0.53529 -0.14137 0.06657
v 0.53529 -0.14275 0.06863
v 0.53529 -0.14137 0.06794
v 0.53392 -0.14137 0.07000
v 0.53529 -0.14137 0.06931
v 0.53529 -0.14275 0.07137
v 0.53529 -0.14137 0.07069
v 0.53529 -0.14275 0.07275
v 0.53529 -0.14275 0.07412
v 0.53529 -0.14000 0.06314
v 0.53529 -0.14000 0.06725
v 0.53529 -0.14000 0.07000
v 0.53667 -0.17431 0.06725
v 0.53804 -0.17569 0.06725
v 0.53804 -0.17431 0.06657
v 0.53667 -0.17431 0.06863
v 0.53804 -0.17569 0.06863
v 0.53667 -0.17431 0.07000
v 0.53804 -0.17569 0.07000
v 0.53667 -0.17431 0.07137
v 0.53804 -0.17569 0.07137
v 0.53804 -0.17431 0.07206
v 0.53667 -0.17157 0.06039
v 0.53804 -0.17294 0.06039
v 0.53804 -0.17157 0.05971
v 0.53804 -0.17157 0.06108
v 0.53667 -0.17157 0.06314
v 0.53804 -0.17294 0.06314
v 0.53804 -0.17157 0.06245
v 0.53667 -0.17157 0.06451
v 0.53804 -0.17294 0.06451
v 0.53667 -0.17157 0.06588
v 0.53804 -0.17294 0.06588
v 0.53667 -0.17157 0.06725
v 0.53667 -0.17157 0.06863
v 0.53667 -0.17157 0.07000
v 0.53667 -0.17157 0.07137
v 0.53667 -0.17157 0.07275
v 0.53804 -0.17294 0.07275
v 0.53667 -0.17157 0.07412
v 0.53804 -0.17294 0.07412
v 0.53667 -0.17157 0.07549
v 0.53804 -0.17294 0.07549
v 0.53667 -0.17157 0.07686
v 0.53804 -0.17294 0.07686
v 0.53667 -0.17157 0.07824
v 0.53804 -0.17294 0.07824
v 0.53804 -0.17157 0.07892
v 0.53667 -0.16882 0.05902
v 0.53804 -0.17020 0.05902
v 0.53804 -0.16882 0.05833
v 0.53667 -0.16882 0.06039
v 0.53667 -0.16882 0.06176
v 0.53804 -0.17020 0.06176
v 0.53667 -0.16882 0.06314
v 0.53667 -0.16882 0.06451
v 0.53667 -0.16882 0.06588
v 0.53667 -0.16882 0.06725
v 0.53804 -0.17020 0.07961
v 0.53667 -0.16882 0.08098
v 0.53804 -0.17020 0.08098
v 0.53667 -0.16882 0.08235
v 0.53804 -0.17020 0.08235
v 0.53804 -0.16882 0.08304
v 0.53667 -0.16608 0.05353
v 0.53804 -0.16745 0.05353
v 0.53804 -0.16608 0.05284
v 0.53667 -0.16608 0.05490
v 0.53804 -0.16745 0.05490
v 0.53667 -0.16608 0.05627
v 0.53804 -0.16745 0.05627
v 0.53667 -0.16608 0.05765
v 0.53804 -0.16745 0.05765
v 0.53667 -0.16608 0.05902
v 0.53667 -0.16608 0.06039
v 0.53667 -0.16608 0.06176
v 0.53667 -0.16608 0.06314
v 0.53667 -0.16608 0.06588
v 0.53804 -0.16745 0.08373
v 0.53804 -0.16608 0.08441
v 0.53667 -0.16333 0.05216
v 0.53804 -0.16471 0.05216
v 0.53804 -0.16333 0.05147
v 0.53667 -0.16333 0.05353
v 0.53667 -0.16333 0.05490
v 0.53667 -0.16333 0.05627
v 0.53667 -0.16333 0.05765
v 0.53667 -0.16333 0.05902
v 0.53667 -0.16333 0.06039
v 0.53667 -0.16333 0.06176
v 0.53804 -0.16333 0.08441
v 0.53667 -0.16059 0.04941
v 0.53804 -0.16196 0.04941
v 0.53804 -0.16059 0.04873
v 0.53667 -0.16059 0.05078
v 0.53804 -0.16196 0.05078
v 0.53667 -0.16059 0.05216
v 0.53667 -0.16059 0.05353
v 0.53667 -0.16059 0.05490
v 0.53667 -0.16059 0.05627
v 0.53667 -0.16059 0.05765
v 0.53667 -0.16059 0.05902
v 0.53804 -0.16059 0.08441
v 0.53667 -0.15784 0.04941
v 0.53804 -0.15784 0.04873
v 0.53667 -0.15784 0.05078
v 0.53667 -0.15784 0.05216
v 0.53667 -0.15784 0.05353
v 0.53667 -0.15784 0.05490
v 0.53667 -0.15784 0.05627
v 0.53804 -0.15922 0.08373
v 0.53804 -0.15784 0.08304
v 0.53804 -0.15647 0.04941
v 0.53667 -0.15510 0.05078
v 0.53804 -0.15510 0.05010
v 0.53667 -0.15510 0.05216
v 0.53667 -0.15510 0.05353
v 0.53667 -0.15510 0.05490
v 0.53667 -0.15510 0.05627
v 0.53667 -0.15510 0.05765
v 0.53804 -0.15647 0.08235
v 0.53804 -0.15510 0.08167
v 0.53667 -0.15235 0.05078
v 0.53804 -0.15235 0.05010
v 0.53667 -0.15235 0.05216
v 0.53667 -0.15235 0.05353
v 0.53667 -0.15235 0.05490
v 0.53667 -0.15235 0.05627
v 0.53667 -0.15235 0.05765
v 0.53804 -0.15373 0.08098
v 0.53804 -0.15235 0.08029
v 0.53667 -0.14961 0.05078
v 0.53804 -0.14961 0.05010
v 0.53667 -0.14961 0.05216
v 0.53667 -0.14961 0.05353
v 0.53667 -0.14961 0.05490
v 0.53667 -0.14961 0.05627
v 0.53667 -0.14961 0.05765
v 0.53667 -0.14961 0.07961
v 0.53804 -0.14961 0.08029
v 0.53804 -0.14824 0.05078
v 0.53667 -0.14686 0.05216
v 0.53804 -0.14686 0.05147
v 0.53667 -0.14686 0.05353
v 0.53667 -0.14686 0.05490
v 0.53667 -0.14686 0.05627
v 0.53667 -0.14686 0.05765
v 0.53667 -0.14686 0.05902
v 0.53667 -0.14686 0.07686
v 0.53804 -0.14824 0.07824
v 0.53804 -0.14686 0.07755
v 0.53804 -0.14824 0.07961
v 0.53804 -0.14549 0.05216
v 0.53804 -0.14549 0.05353
v 0.53667 -0.14412 0.05490
v 0.53804 -0.14412 0.05422
v 0.53667 -0.14412 0.05627
v 0.53667 -0.14412 0.05765
v 0.53667 -0.14412 0.05902
v 0.53804 -0.14549 0.07549
v 0.53804 -0.14412 0.07480
v 0.53804 -0.14549 0.07686
v 0.53804 -0.14275 0.05490
v 0.53804 -0.14275 0.05627
v 0.53667 -0.14137 0.05765
v 0.53804 -0.14137 0.05696
v 0.53667 -0.14137 0.05902
v 0.53667 -0.14137 0.06039
v 0.53667 -0.14137 0.06176
v 0.53667 -0.14137 0.06451
v 0.53667 -0.14137 0.06588
v 0.53667 -0.14137 0.06863
v 0.53804 -0.14275 0.07137
v 0.53804 -0.14137 0.07069
v 0.53804 -0.14275 0.07275
v 0.53804 -0.14275 0.07412
v 0.53804 -0.14000 0.05765
v 0.53804 -0.14000 0.05902
v 0.53804 -0.14000 0.06039
v 0.53804 -0.14000 0.06176
v 0.53804 -0.14000 0.06314
v 0.53804 -0.14000 0.06451
v 0.53804 -0.14000 0.06588
v 0.53804 -0.14000 0.06725
v 0.53804 -0.14000 0.06863
v 0.53804 -0.14000 0.07000
v 0.53941 -0.17706 0.05902
v 0.54078 -0.17843 0.05902
v 0.54078 -0.17706 0.05833
v 0.54078 -0.17706 0.05971
v 0.53941 -0.17706 0.06176
v 0.54078 -0.17843 0.06176
v 0.54078 -0.17706 0.06108
v 0.54078 -0.17706 0.06245
v 0.53941 -0.17706 0.06451
v 0.54078 -0.17843 0.06451
v 0.54078 -0.17706 0.06382
v 0.53941 -0.17706 0.06588
v 0.54078 -0.17843 0.06588
v 0.53941 -0.17706 0.06725
v 0.54078 -0.17843 0.06725
v 0.53941 -0.17706 0.06863
v 0.54078 -0.17843 0.06863
v 0.54078 -0.17706 0.06931
v 0.53941 -0.17431 0.05490
v 0.54078 -0.17569 0.05490
v 0.54078 -0.17431 0.05422
v 0.53941 -0.17431 0.05627
v 0.54078 -0.17569 0.05627
v 0.53941 -0.17431 0.05765
v 0.54078 -0.17569 0.05765
v 0.53941 -0.17431 0.05902
v 0.53941 -0.17431 0.06039
v 0.54078 -0.17569 0.06039
v 0.53941 -0.17431 0.06176
v 0.53941 -0.17431 0.06314
v 0.54078 -0.17569 0.06314
v 0.53941 -0.17431 0.06451
v 0.53941 -0.17431 0.06588
v 0.54078 -0.17569 0.07000
v 0.54078 -0.17569 0.07137
v 0.53941 -0.17431 0.07275
v 0.54078 -0.17569 0.07275
v 0.53941 -0.17431 0.07412
v 0.54078 -0.17569 0.07412
v 0.53941 -0.17431 0.07549
v 0.54078 -0.17569 0.07549
v 0.54078 -0.17431 0.07618
v 0.53941 -0.17157 0.04941
v 0.54078 -0.17294 0.04941
v 0.54078 -0.17157 0.04873
v 0.53941 -0.17157 0.05078
v 0.54078 -0.17294 0.05078
v 0.53941 -0.17157 0.05216
v 0.54078 -0.17294 0.05216
v 0.53941 -0.17157 0.05353
v 0.54078 -0.17294 0.05353
v 0.53941 -0.17157 0.05490
v 0.53941 -0.17157 0.05627
v 0.53941 -0.17157 0.05765
v 0.53941 -0.17157 0.05902
v 0.53941 -0.17157 0.06176
v 0.54078 -0.17294 0.07686
v 0.54078 -0.17294 0.07824
v 0.53941 -0.17157 0.07961
v 0.54078 -0.17294 0.07961
v 0.53941 -0.17157 0.08098
v 0.54078 -0.17294 0.08098
v 0.54078 -0.17157 0.08167
v 0.53941 -0.16882 0.04529
v 0.54078 -0.17020 0.04529
v 0.54078 -0.16882 0.04461
v 0.53941 -0.16882 0.04667
v 0.54078 -0.17020 0.04667
v 0.53941 -0.16882 0.04804
v 0.54078 -0.17020 0.04804
v 0.53941 -0.16882 0.04941
v 0.53941 -0.16882 0.05078
v 0.53941 -0.16882 0.05216
v 0.53941 -0.16882 0.05353
v 0.53941 -0.16882 0.05490
v 0.53941 -0.16882 0.05627
v 0.53941 -0.16882 0.05765
v 0.54078 -0.17020 0.08235
v 0.53941 -0.16882 0.08373
v 0.54078 -0.17020 0.08373
v 0.54078 -0.16882 0.08441
v 0.53941 -0.16608 0.04255
v 0.54078 -0.16745 0.04255
v 0.54078 -0.16608 0.04186
v 0.53941 -0.16608 0.04392
v 0.54078 -0.16745 0.04392
v 0.53941 -0.16608 0.04529
v 0.53941 -0.16608 0.04667
v 0.53941 -0.16608 0.04804
v 0.53941 -0.16608 0.04941
v 0.53941 -0.16608 0.05078
v 0.53941 -0.16608 0.05216
v 0.54078 -0.16608 0.08441
v 0.53941 -0.16333 0.04118
v 0.54078 -0.16471 0.04118
v 0.54078 -0.16333 0.04049
v 0.53941 -0.16333 0.04255
v 0.53941 -0.16333 0.04392
v 0.53941 -0.16333 0.04529
v 0.53941 -0.16333 0.04667
v 0.53941 -0.16333 0.04804
v 0.53941 -0.16333 0.04941
v 0.53941 -0.16333 0.05078
v 0.53941 -0.16333 0.08373
v 0.54078 -0.16471 0.08373
v 0.54078 -0.16333 0.08304
v 0.53941 -0.16059 0.04118
v 0.54078 -0.16059 0.04049
v 0.53941 -0.16059 0.04255
v 0.53941 -0.16059 0.04392
v 0.53941 -0.16059 0.04529
v 0.53941 -0.16059 0.04667
v 0.53941 -0.16059 0.04804
v 0.53941 -0.16059 0.08373
v 0.54078 -0.16059 0.08304
v 0.53941 -0.15784 0.04118
v 0.54078 -0.15784 0.04049
v 0.53941 -0.15784 0.04255
v 0.53941 -0.15784 0.04392
v 0.53941 -0.15784 0.04529
v 0.53941 -0.15784 0.04667
v 0.53941 -0.15784 0.04804
v 0.53941 -0.15784 0.08235
v 0.54078 -0.15922 0.08235
v 0.54078 -0.15784 0.08167
v 0.54078 -0.15647 0.04118
v 0.53941 -0.15510 0.04255
v 0.54078 -0.15510 0.04186
v 0.53941 -0.15510 0.04392
v 0.53941 -0.15510 0.04529
v 0.53941 -0.15510 0.04667
v 0.53941 -0.15510 0.04804
v 0.53941 -0.15510 0.04941
v 0.54078 -0.15510 0.08167
v 0.53941 -0.15235 0.04255
v 0.54078 -0.15235 0.04186
v 0.53941 -0.15235 0.04392
v 0.53941 -0.15235 0.04529
v 0.53941 -0.15235 0.04667
v 0.53941 -0.15235 0.04804
v 0.53941 -0.15235 0.04941
v 0.54078 -0.15373 0.08098
v 0.54078 -0.15235 0.08029
v 0.53941 -0.14961 0.04255
v 0.54078 -0.14961 0.04186
v 0.53941 -0.14961 0.04392
v 0.53941 -0.14961 0.04529
v 0.53941 -0.14961 0.04667
v 0.53941 -0.14961 0.04804
v 0.53941 -0.14961 0.04941
v 0.53941 -0.14961 0.07961
v 0.54078 -0.15098 0.07961
v 0.54078 -0.14961 0.07892
v 0.54078 -0.14824 0.04255
v 0.54078 -0.14824 0.04392
v 0.53941 -0.14686 0.04529
v 0.54078 -0.14686 0.04461
v 0.53941 -0.14686 0.04667
v 0.53941 -0.14686 0.04804
v 0.53941 -0.14686 0.04941
v 0.53941 -0.14686 0.05078
v 0.54078 -0.14824 0.07824
v 0.54078 -0.14686 0.07755
v 0.54078 -0.14549 0.04529
v 0.54078 -0.14549 0.04667
v 0.54078 -0.14549 0.04804
v 0.53941 -0.14412 0.04941
v 0.54078 -0.14412 0.04873
v 0.53941 -0.14412 0.05078
v 0.53941 -0.14412 0.05216
v 0.53941 -0.14412 0.05353
v 0.54078 -0.14549 0.07549
v 0.54078 -0.14412 0.07480
v 0.54078 -0.14549 0.07686
v 0.54078 -0.14275 0.04941
v 0.53941 -0.14137 0.05078
v 0.54078 -0.14137 0.05010
v 0.53941 -0.14137 0.05216
v 0.53941 -0.14137 0.05353
v 0.53941 -0.14137 0.05490
v 0.53941 -0.14137 0.05627
v 0.54078 -0.14275 0.07137
v 0.54078 -0.14137 0.07069
v 0.54078 -0.14275 0.07275
v 0.54078 -0.14275 0.07412
v 0.54078 -0.14000 0.05078
v 0.54078 -0.14000 0.05216
v 0.54078 -0.14000 0.05353
v 0.54078 -0.14000 0.05490
v 0.54078 -0.14000 0.05627
v 0.54078 -0.14000 0.05765
v 0.54078 -0.14000 0.05902
v 0.54078 -0.14000 0.06039
v 0.54078 -0.14000 0.06176
v 0.54078 -0.14000 0.06314
v 0.54078 -0.14000 0.06451
v 0.54078 -0.14000 0.06588
v 0.54078 -0.14000 0.06725
v 0.54078 -0.14000 0.06863
v 0.54078 -0.14000 0.07000
v 0.54216 -0.17980 0.05490
v 0.54353 -0.18118 0.05490
v 0.54353 -0.17980 0.05422
v 0.54216 -0.17980 0.05627
v 0.54353 -0.18118 0.05627
v 0.54216 -0.17980 0.05765
v 0.54353 -0.18118 0.05765
v 0.54216 -0.17980 0.05902
v 0.54353 -0.18118 0.05902
v 0.54216 -0.17980 0.06039
v 0.54353 -0.18118 0.06039
v 0.54216 -0.17980 0.06176
v 0.54353 -0.18118 0.06176
v 0.54216 -0.17980 0.06314
v 0.54353 -0.18118 0.06314
v 0.54216 -0.17980 0.06451
v 0.54353 -0.18118 0.06451
v 0.54216 -0.17980 0.06588
v 0.54353 -0.18118 0.06588
v 0.54353 -0.17980 0.06657
v 0.54216 -0.17706 0.04529
v 0.54353 -0.17843 0.04529
v 0.54353 -0.17706 0.04461
v 0.54216 -0.17706 0.04667
v 0.54353 -0.17843 0.04667
v 0.54216 -0.17706 0.04804
v 0.54353 -0.17843 0.04804
v 0.54216 -0.17706 0.04941
v 0.54353 -0.17843 0.04941
v 0.54216 -0.17706 0.05078
v 0.54353 -0.17843 0.05078
v 0.54216 -0.17706 0.05216
v 0.54353 -0.17843 0.05216
v 0.54216 -0.17706 0.05353
v 0.54353 -0.17843 0.05353
v 0.54216 -0.17706 0.05490
v 0.54216 -0.17706 0.05627
v 0.54216 -0.17706 0.05765
v 0.54216 -0.17706 0.06039
v 0.54216 -0.17706 0.06314
v 0.54353 -0.17843 0.06725
v 0.54353 -0.17843 0.06863
v 0.54216 -0.17706 0.07000
v 0.54353 -0.17843 0.07000
v 0.54216 -0.17706 0.07137
v 0.54353 -0.17843 0.07137
v 0.54216 -0.17706 0.07275
v 0.54353 -0.17843 0.07275
v 0.54216 -0.17706 0.07412
v 0.54353 -0.17843 0.07412
v 0.54353 -0.17706 0.07480
v 0.54216 -0.17431 0.04118
v 0.54353 -0.17569 0.04118
v 0.54353 -0.17431 0.04049
v 0.54216 -0.17431 0.04255
v 0.54353 -0.17569 0.04255
v 0.54216 -0.17431 0.04392
v 0.54353 -0.17569 0.04392
v 0.54216 -0.17431 0.04529
v 0.54216 -0.17431 0.04667
v 0.54216 -0.17431 0.04804
v 0.54216 -0.17431 0.04941
v 0.54216 -0.17431 0.05078
v 0.54216 -0.17431 0.05216
v 0.54216 -0.17431 0.05353
v 0.54353 -0.17569 0.07549
v 0.54216 -0.17431 0.07686
v 0.54353 -0.17569 0.07686
v 0.54216 -0.17431 0.07824
v 0.54353 -0.17569 0.07824
v 0.54353 -0.17431 0.07892
v 0.54216 -0.17157 0.03569
v 0.54353 -0.17294 0.03569
v 0.54353 -0.17157 0.03500
v 0.54216 -0.17157 0.03706
v 0.54353 -0.17294 0.03706
v 0.54216 -0.17157 0.03843
v 0.54353 -0.17294 0.03843
v 0.54216 -0.17157 0.03980
v 0.54353 -0.17294 0.03980
v 0.54216 -0.17157 0.04118
v 0.54216 -0.17157 0.04255
v 0.54216 -0.17157 0.04392
v 0.54216 -0.17157 0.04529
v 0.54216 -0.17157 0.04667
v 0.54216 -0.17157 0.04804
v 0.54353 -0.17294 0.07961
v 0.54353 -0.17294 0.08098
v 0.54216 -0.17157 0.08235
v 0.54353 -0.17294 0.08235
v 0.54353 -0.17157 0.08304
v 0.54216 -0.16882 0.03431
v 0.54353 -0.17020 0.03431
v 0.54353 -0.16882 0.03363
v 0.54216 -0.16882 0.03569
v 0.54216 -0.16882 0.03706
v 0.54216 -0.16882 0.03843
v 0.54216 -0.16882 0.03980
v 0.54216 -0.16882 0.04118
v 0.54216 -0.16882 0.04255
v 0.54216 -0.16882 0.04392
v 0.54216 -0.16882 0.08373
v 0.54353 -0.16882 0.08304
v 0.54216 -0.16608 0.03157
v 0.54353 -0.16745 0.03157
v 0.54353 -0.16608 0.03088
v 0.54216 -0.16608 0.03294
v 0.54353 -0.16745 0.03294
v 0.54216 -0.16608 0.03431
v 0.54216 -0.16608 0.03569
v 0.54216 -0.16608 0.03706
v 0.54216 -0.16608 0.03843
v 0.54216 -0.16608 0.03980
v 0.54216 -0.16608 0.04118
v 0.54216 -0.16608 0.08373
v 0.54353 -0.16608 0.08304
v 0.54216 -0.16333 0.03157
v 0.54353 -0.16333 0.03088
v 0.54216 -0.16333 0.03294
v 0.54216 -0.16333 0.03431
v 0.54216 -0.16333 0.03569
v 0.54216 -0.16333 0.03706
v 0.54216 -0.16333 0.03843
v 0.54216 -0.16333 0.03980
v 0.54353 -0.16333 0.08304
v 0.54353 -0.16196 0.03157
v 0.54216 -0.16059 0.03294
v 0.54353 -0.16059 0.03225
v 0.54216 -0.16059 0.03431
v 0.54216 -0.16059 0.03569
v 0.54216 -0.16059 0.03706
v 0.54216 -0.16059 0.03843
v 0.54216 -0.16059 0.03980
v 0.54353 -0.16059 0.08304
v 0.54216 -0.15784 0.03294
v 0.54353 -0.15784 0.03225
v 0.54216 -0.15784 0.03431
v 0.54216 -0.15784 0.03569
v 0.54216 -0.15784 0.03706
v 0.54216 -0.15784 0.03843
v 0.54216 -0.15784 0.03980
v 0.54353 -0.15922 0.08235
v 0.54353 -0.15784 0.08167
v 0.54216 -0.15510 0.03294
v 0.54353 -0.15510 0.03225
v 0.54216 -0.15510 0.03431
v 0.54216 -0.15510 0.03569
v 0.54216 -0.15510 0.03706
v 0.54216 -0.15510 0.03843
v 0.54216 -0.15510 0.03980
v 0.54216 -0.15510 0.04118
v 0.54353 -0.15510 0.08167
v 0.54353 -0.15373 0.03294
v 0.54216 -0.15235 0.03431
v 0.54353 -0.15235 0.03363
v 0.54216 -0.15235 0.03569
v 0.54216 -0.15235 0.03706
v 0.54216 -0.15235 0.03843
v 0.54216 -0.15235 0.03980
v 0.54216 -0.15235 0.04118
v 0.54353 -0.15373 0.08098
v 0.54353 -0.15235 0.08029
v 0.54353 -0.15098 0.03431
v 0.54353 -0.15098 0.03569
v 0.54216 -0.14961 0.03706
v 0.54353 -0.14961 0.03637
v 0.54216 -0.14961 0.03843
v 0.54216 -0.14961 0.03980
v 0.54216 -0.14961 0.04118
v 0.54353 -0.15098 0.07961
v 0.54353 -0.14961 0.07892
v 0.54353 -0.14824 0.03706
v 0.54216 -0.14686 0.03843
v 0.54353 -0.14686 0.03775
v 0.54216 -0.14686 0.03980
v 0.54216 -0.14686 0.04118
v 0.54216 -0.14686 0.04255
v 0.54216 -0.14686 0.04392
v 0.54353 -0.14824 0.07824
v 0.54353 -0.14686 0.07755
v 0.54353 -0.14549 0.03843
v 0.54353 -0.14549 0.03980
v 0.54216 -0.14412 0.04118
v 0.54353 -0.14412 0.04049
v 0.54216 -0.14412 0.04255
v 0.54216 -0.14412 0.04392
v 0.54216 -0.14412 0.04529
v 0.54216 -0.14412 0.04667
v 0.54216 -0.14412 0.04804
v 0.54353 -0.14549 0.07549
v 0.54353 -0.14412 0.07480
v 0.54353 -0.14549 0.07686
v 0.54353 -0.14275 0.04118
v 0.54353 -0.14275 0.04255
v 0.54216 -0.14137 0.04392
v 0.54353 -0.14137 0.04324
v 0.54216 -0.14137 0.04529
v 0.54216 -0.14137 0.04667
v 0.54216 -0.14137 0.04804
v 0.54216 -0.14137 0.04941
v 0.54216 -0.14137 0.07137
v 0.54353 -0.14275 0.07275
v 0.54353 -0.14137 0.07206
v 0.54353 -0.14275 0.07412
v 0.54353 -0.14000 0.04392
v 0.54353 -0.14000 0.04529
v 0.54353 -0.14000 0.04667
v 0.54353 -0.14000 0.04804
v 0.54216 -0.13863 0.04941
v 0.54353 -0.13863 0.04873
v 0.54353 -0.14000 0.05078
v 0.54353 -0.13863 0.05010
v 0.54216 -0.13863 0.05216
v 0.54353 -0.13863 0.05147
v 0.54216 -0.13863 0.05353
v 0.54353 -0.14000 0.05490
v 0.54353 -0.13863 0.05422
v 0.54216 -0.13863 0.05627
v 0.54353 -0.13863 0.05559
v 0.54216 -0.13863 0.05765
v 0.54353 -0.14000 0.05902
v 0.54353 -0.13863 0.05833
v 0.54216 -0.13863 0.06039
v 0.54353 -0.13863 0.05971
v 0.54353 -0.14000 0.06176
v 0.54353 -0.13863 0.06108
v 0.54216 -0.13863 0.06314
v 0.54353 -0.13863 0.06245
v 0.54216 -0.13863 0.06451
v 0.54353 -0.14000 0.06588
v 0.54353 -0.13863 0.06520
v 0.54216 -0.13863 0.06725
v 0.54353 -0.13863 0.06657
v 0.54353 -0.14000 0.06863
v 0.54353 -0.13863 0.06794
v 0.54353 -0.14000 0.07000
v 0.54353 -0.14000 0.07137
v 0.54353 -0.13725 0.04941
v 0.54353 -0.13725 0.05216
v 0.54353 -0.13725 0.05353
v 0.54353 -0.13725 0.05627
v 0.54353 -0.13725 0.05765
v 0.54353 -0.13725 0.06039
v 0.54353 -0.13725 0.06314
v 0.54353 -0.13725 0.06451
v 0.54353 -0.13725 0.06725
v 0.54490 -0.18255 0.04392
v 0.54627 -0.18392 0.04392
v 0.54627 -0.18255 0.04324
v 0.54627 -0.18255 0.04461
v 0.54490 -0.18255 0.04667
v 0.54627 -0.18392 0.04667
v 0.54627 -0.18255 0.04598
v 0.54490 -0.18255 0.04804
v 0.54627 -0.18392 0.04804
v 0.54490 -0.18255 0.04941
v 0.54627 -0.18392 0.04941
v 0.54490 -0.18255 0.05078
v 0.54627 -0.18392 0.05078
v 0.54490 -0.18255 0.05216
v 0.54627 -0.18392 0.05216
v 0.54490 -0.18255 0.05353
v 0.54627 -0.18392 0.05353
v 0.54490 -0.18255 0.05490
v 0.54627 -0.18392 0.05490
v 0.54490 -0.18255 0.05627
v 0.54627 -0.18392 0.05627
v 0.54490 -0.18255 0.05765
v 0.54627 -0.18392 0.05765
v 0.54490 -0.18255 0.05902
v 0.54627 -0.18392 0.05902
v 0.54490 -0.18255 0.06039
v 0.54627 -0.18392 0.06039
v 0.54490 -0.18255 0.06176
v 0.54627 -0.18392 0.06176
v 0.54490 -0.18255 0.06314
v 0.54627 -0.18392 0.06314
v 0.54490 -0.18255 0.06451
v 0.54627 -0.18392 0.06451
v 0.54627 -0.18255 0.06520
v 0.54490 -0.17980 0.03706
v 0.54627 -0.18118 0.03706
v 0.54627 -0.17980 0.03637
v 0.54490 -0.17980 0.03843
v 0.54627 -0.18118 0.03843
v 0.54490 -0.17980 0.03980
v 0.54627 -0.18118 0.03980
v 0.54490 -0.17980 0.04118
v 0.54627 -0.18118 0.04118
v 0.54490 -0.17980 0.04255
v 0.54627 -0.18118 0.04255
v 0.54490 -0.17980 0.04392
v 0.54490 -0.17980 0.04529
v 0.54627 -0.18118 0.04529
v 0.54490 -0.17980 0.04667
v 0.54490 -0.17980 0.04804
v 0.54490 -0.17980 0.04941
v 0.54490 -0.17980 0.05078
v 0.54490 -0.17980 0.05216
v 0.54490 -0.17980 0.05353
v 0.54627 -0.18118 0.06588
v 0.54490 -0.17980 0.06725
v 0.54627 -0.18118 0.06725
v 0.54490 -0.17980 0.06863
v 0.54627 -0.18118 0.06863
v 0.54490 -0.17980 0.07000
v 0.54627 -0.18118 0.07000
v 0.54490 -0.17980 0.07137
v 0.54627 -0.18118 0.07137
v 0.54627 -0.17980 0.07206
v 0.54490 -0.17706 0.03294
v 0.54627 -0.17843 0.03294
v 0.54627 -0.17706 0.03225
v 0.54490 -0.17706 0.03431
v 0.54627 -0.17843 0.03431
v 0.54490 -0.17706 0.03569
v 0.54627 -0.17843 0.03569
v 0.54490 -0.17706 0.03706
v 0.54490 -0.17706 0.03843
v 0.54490 -0.17706 0.03980
v 0.54490 -0.17706 0.04118
v 0.54490 -0.17706 0.04255
v 0.54490 -0.17706 0.04392
v 0.54627 -0.17843 0.07275
v 0.54627 -0.17843 0.07412
v 0.54490 -0.17706 0.07549
v 0.54627 -0.17843 0.07549
v 0.54490 -0.17706 0.07686
v 0.54627 -0.17843 0.07686
v 0.54627 -0.17706 0.07755
v 0.54490 -0.17431 0.02745
v 0.54627 -0.17569 0.02745
v 0.54627 -0.17431 0.02676
v 0.54490 -0.17431 0.02882
v 0.54627 -0.17569 0.02882
v 0.54490 -0.17431 0.03020
v 0.54627 -0.17569 0.03020
v 0.54490 -0.17431 0.03157
v 0.54627 -0.17569 0.03157
v 0.54490 -0.17431 0.03294
v 0.54490 -0.17431 0.03431
v 0.54490 -0.17431 0.03569
v 0.54490 -0.17431 0.03706
v 0.54490 -0.17431 0.03843
v 0.54490 -0.17431 0.03980
v 0.54627 -0.17569 0.07824
v 0.54490 -0.17431 0.07961
v 0.54627 -0.17569 0.07961
v 0.54490 -0.17431 0.08098
v 0.54627 -0.17569 0.08098
v 0.54627 -0.17431 0.08167
v 0.54490 -0.17157 0.02608
v 0.54627 -0.17294 0.02608
v 0.54627 -0.17157 0.02539
v 0.54490 -0.17157 0.02745
v 0.54490 -0.17157 0.02882
v 0.54490 -0.17157 0.03020
v 0.54490 -0.17157 0.03157
v 0.54490 -0.17157 0.03294
v 0.54490 -0.17157 0.03431
v 0.54627 -0.17294 0.08235
v 0.54627 -0.17157 0.08304
v 0.54490 -0.16882 0.02608
v 0.54627 -0.16882 0.02539
v 0.54490 -0.16882 0.02745
v 0.54490 -0.16882 0.02882
v 0.54490 -0.16882 0.03020
v 0.54490 -0.16882 0.03157
v 0.54490 -0.16882 0.03294
v 0.54627 -0.16882 0.08304
v 0.54490 -0.16608 0.02333
v 0.54627 -0.16745 0.02333
v 0.54627 -0.16608 0.02265
v 0.54490 -0.16608 0.02471
v 0.54627 -0.16745 0.02471
v 0.54490 -0.16608 0.02608
v 0.54490 -0.16608 0.02745
v 0.54490 -0.16608 0.02882
v 0.54490 -0.16608 0.03020
v 0.54627 -0.16608 0.08304
v 0.54490 -0.16333 0.02333
v 0.54627 -0.16333 0.02265
v 0.54490 -0.16333 0.02471
v 0.54490 -0.16333 0.02608
v 0.54490 -0.16333 0.02745
v 0.54490 -0.16333 0.02882
v 0.54490 -0.16333 0.03020
v 0.54627 -0.16333 0.08304
v 0.54627 -0.16196 0.02333
v 0.54490 -0.16059 0.02471
v 0.54627 -0.16059 0.02402
v 0.54490 -0.16059 0.02608
v 0.54490 -0.16059 0.02745
v 0.54490 -0.16059 0.02882
v 0.54490 -0.16059 0.03020
v 0.54490 -0.16059 0.03157
v 0.54627 -0.16059 0.08304
v 0.54490 -0.15784 0.02471
v 0.54627 -0.15784 0.02402
v 0.54490 -0.15784 0.02608
v 0.54490 -0.15784 0.02745
v 0.54490 -0.15784 0.02882
v 0.54490 -0.15784 0.03020
v 0.54490 -0.15784 0.03157
v 0.54627 -0.15922 0.08235
v 0.54627 -0.15784 0.08167
v 0.54490 -0.15510 0.02471
v 0.54627 -0.15510 0.02402
v 0.54490 -0.15510 0.02608
v 0.54490 -0.15510 0.02745
v 0.54490 -0.15510 0.02882
v 0.54490 -0.15510 0.03020
v 0.54490 -0.15510 0.03157
v 0.54490 -0.15510 0.08098
v 0.54627 -0.15647 0.08098
v 0.54627 -0.15510 0.08029
v 0.54627 -0.15373 0.02471
v 0.54490 -0.15235 0.02608
v 0.54627 -0.15235 0.02539
v 0.54490 -0.15235 0.02745
v 0.54490 -0.15235 0.02882
v 0.54490 -0.15235 0.03020
v 0.54490 -0.15235 0.03157
v 0.54490 -0.15235 0.03294
v 0.54490 -0.15235 0.07961
v 0.54627 -0.15373 0.07961
v 0.54627 -0.15235 0.07892
v 0.54627 -0.15098 0.02608
v 0.54627 -0.15098 0.02745
v 0.54490 -0.14961 0.02882
v 0.54627 -0.14961 0.02814
v 0.54490 -0.14961 0.03020
v 0.54490 -0.14961 0.03157
v 0.54490 -0.14961 0.03294
v 0.54490 -0.14961 0.03431
v 0.54490 -0.14961 0.03569
v 0.54627 -0.14961 0.07892
v 0.54627 -0.14824 0.02882
v 0.54627 -0.14824 0.03020
v 0.54490 -0.14686 0.03157
v 0.54627 -0.14686 0.03088
v 0.54490 -0.14686 0.03294
v 0.54490 -0.14686 0.03431
v 0.54490 -0.14686 0.03569
v 0.54490 -0.14686 0.03706
v 0.54627 -0.14824 0.07824
v 0.54627 -0.14686 0.07755
v 0.54627 -0.14549 0.03157
v 0.54627 -0.14549 0.03294
v 0.54490 -0.14412 0.03431
v 0.54627 -0.14412 0.03363
v 0.54490 -0.14412 0.03569
v 0.54490 -0.14412 0.03706
v 0.54490 -0.14412 0.03843
v 0.54490 -0.14412 0.03980
v 0.54627 -0.14549 0.07549
v 0.54627 -0.14412 0.07480
v 0.54627 -0.14549 0.07686
v 0.54627 -0.14275 0.03431
v 0.54627 -0.14275 0.03569
v 0.54627 -0.14275 0.03706
v 0.54490 -0.14137 0.03843
v 0.54627 -0.14137 0.03775
v 0.54490 -0.14137 0.03980
v 0.54490 -0.14137 0.04118
v 0.54490 -0.14137 0.04255
v 0.54627 -0.14275 0.07275
v 0.54627 -0.14137 0.07206
v 0.54627 -0.14275 0.07412
v 0.54627 -0.14000 0.03843
v 0.54627 -0.14000 0.03980
v 0.54627 -0.14000 0.04118
v 0.54627 -0.14000 0.04255
v 0.54490 -0.13863 0.04392
v 0.54627 -0.13863 0.04324
v 0.54490 -0.13863 0.04529
v 0.54490 -0.13863 0.04667
v 0.54490 -0.13863 0.04804
v 0.54490 -0.13863 0.05078
v 0.54490 -0.13863 0.05490
v 0.54490 -0.13863 0.05902
v 0.54490 -0.13863 0.06176
v 0.54490 -0.13863 0.06588
v 0.54490 -0.13863 0.06725
v 0.54627 -0.14000 0.06725
v 0.54627 -0.13863 0.06657
v 0.54490 -0.13863 0.06863
v 0.54627 -0.13863 0.06794
v 0.54627 -0.14000 0.07000
v 0.54627 -0.13863 0.06931
v 0.54627 -0.14000 0.07137
v 0.54627 -0.13725 0.04392
v 0.54627 -0.13725 0.04529
v 0.54627 -0.13725 0.04667
v 0.54627 -0.13725 0.04804
v 0.54627 -0.13725 0.04941
v 0.54627 -0.13725 0.05078
v 0.54627 -0.13725 0.05216
v 0.54627 -0.13725 0.05353
v 0.54627 -0.13725 0.05490
v 0.54627 -0.13725 0.05627
v 0.54627 -0.13725 0.05765
v 0.54627 -0.13725 0.05902
v 0.54627 -0.13725 0.06039
v 0.54627 -0.13725 0.06176
v 0.54627 -0.13725 0.06314
v 0.54627 -0.13725 0.06451
v 0.54627 -0.13725 0.06588
v 0.54627 -0.13725 0.06863
v 0.54765 -0.18529 0.03843
v 0.54902 -0.18667 0.03843
v 0.54902 -0.18529 0.03775
v 0.54765 -0.18529 0.03980
v 0.54902 -0.18667 0.03980
v 0.54765 -0.18529 0.04118
v 0.54902 -0.18667 0.04118
v 0.54765 -0.18529 0.04255
v 0.54902 -0.18667 0.04255
v 0.54765 -0.18529 0.04392
v 0.54902 -0.18667 0.04392
v 0.54765 -0.18529 0.04529
v 0.54902 -0.18667 0.04529
v 0.54765 -0.18529 0.04667
v 0.54902 -0.18667 0.04667
v 0.54765 -0.18529 0.04804
v 0.54902 -0.18667 0.04804
v 0.54765 -0.18529 0.04941
v 0.54902 -0.18667 0.04941
v 0.54765 -0.18529 0.05078
v 0.54902 -0.18667 0.05078
v 0.54765 -0.18529 0.05216
v 0.54902 -0.18667 0.05216
v 0.54765 -0.18529 0.05353
v 0.54902 -0.18667 0.05353
v 0.54765 -0.18529 0.05490
v 0.54902 -0.18667 0.05490
v 0.54765 -0.18529 0.05627
v 0.54902 -0.18667 0.05627
v 0.54765 -0.18529 0.05765
v 0.54902 -0.18667 0.05765
v 0.54765 -0.18529 0.05902
v 0.54902 -0.18667 0.05902
v 0.54765 -0.18529 0.06039
v 0.54902 -0.18667 0.06039
v 0.54765 -0.18529 0.06176
v 0.54902 -0.18667 0.06176
v 0.54902 -0.18529 0.06245
v 0.54765 -0.18255 0.03157
v 0.54902 -0.18392 0.03157
v 0.54902 -0.18255 0.03088
v 0.54765 -0.18255 0.03294
v 0.54902 -0.18392 0.03294
v 0.54765 -0.18255 0.03431
v 0.54902 -0.18392 0.03431
v 0.54765 -0.18255 0.03569
v 0.54902 -0.18392 0.03569
v 0.54765 -0.18255 0.03706
v 0.54902 -0.18392 0.03706
v 0.54765 -0.18255 0.03843
v 0.54765 -0.18255 0.03980
v 0.54765 -0.18255 0.04118
v 0.54765 -0.18255 0.04255
v 0.54765 -0.18255 0.04529
v 0.54902 -0.18392 0.06314
v 0.54902 -0.18392 0.06451
v 0.54765 -0.18255 0.06588
v 0.54902 -0.18392 0.06588
v 0.54765 -0.18255 0.06725
v 0.54902 -0.18392 0.06725
v 0.54765 -0.18255 0.06863
v 0.54902 -0.18392 0.06863
v 0.54765 -0.18255 0.07000
v 0.54902 -0.18392 0.07000
v 0.54902 -0.18255 0.07069
v 0.54765 -0.17980 0.02745
v 0.54902 -0.18118 0.02745
v 0.54902 -0.17980 0.02676
v 0.54765 -0.17980 0.02882
v 0.54902 -0.18118 0.02882
v 0.54765 -0.17980 0.03020
v 0.54902 -0.18118 0.03020
v 0.54765 -0.17980 0.03157
v 0.54765 -0.17980 0.03294
v 0.54765 -0.17980 0.03431
v 0.54765 -0.17980 0.03569
v 0.54902 -0.18118 0.07137
v 0.54765 -0.17980 0.07275
v 0.54902 -0.18118 0.07275
v 0.54765 -0.17980 0.07412
v 0.54902 -0.18118 0.07412
v 0.54902 -0.17980 0.07480
v 0.54765 -0.17706 0.02471
v 0.54902 -0.17843 0.02471
v 0.54902 -0.17706 0.02402
v 0.54765 -0.17706 0.02608
v 0.54902 -0.17843 0.02608
v 0.54765 -0.17706 0.02745
v 0.54765 -0.17706 0.02882
v 0.54765 -0.17706 0.03020
v 0.54765 -0.17706 0.03157
v 0.54902 -0.17843 0.07549
v 0.54902 -0.17843 0.07686
v 0.54765 -0.17706 0.07824
v 0.54902 -0.17843 0.07824
v 0.54902 -0.17706 0.07892
v 0.54765 -0.17431 0.02059
v 0.54902 -0.17569 0.02059
v 0.54902 -0.17431 0.01990
v 0.54765 -0.17431 0.02196
v 0.54902 -0.17569 0.02196
v 0.54765 -0.17431 0.02333
v 0.54902 -0.17569 0.02333
v 0.54765 -0.17431 0.02471
v 0.54765 -0.17431 0.02608
v 0.54902 -0.17569 0.07961
v 0.54902 -0.17569 0.08098
v 0.54902 -0.17431 0.08167
v 0.54765 -0.17157 0.01922
v 0.54902 -0.17294 0.01922
v 0.54902 -0.17157 0.01853
v 0.54765 -0.17157 0.02059
v 0.54765 -0.17157 0.02196
v 0.54765 -0.17157 0.02333
v 0.54765 -0.17157 0.02471
v 0.54765 -0.17157 0.08235
v 0.54902 -0.17157 0.08167
v 0.54765 -0.16882 0.01647
v 0.54902 -0.17020 0.01647
v 0.54902 -0.16882 0.01578
v 0.54765 -0.16882 0.01784
v 0.54902 -0.17020 0.01784
v 0.54765 -0.16882 0.01922
v 0.54765 -0.16882 0.02059
v 0.54765 -0.16882 0.02196
v 0.54765 -0.16882 0.02333
v 0.54765 -0.16882 0.02471
v 0.54902 -0.17020 0.08235
v 0.54902 -0.16882 0.08304
v 0.54765 -0.16608 0.01647
v 0.54902 -0.16608 0.01578
v 0.54765 -0.16608 0.01784
v 0.54765 -0.16608 0.01922
v 0.54765 -0.16608 0.02059
v 0.54765 -0.16608 0.02196
v 0.54902 -0.16608 0.08304
v 0.54765 -0.16333 0.01647
v 0.54902 -0.16333 0.01578
v 0.54765 -0.16333 0.01784
v 0.54765 -0.16333 0.01922
v 0.54765 -0.16333 0.02059
v 0.54765 -0.16333 0.02196
v 0.54765 -0.16333 0.08235
v 0.54902 -0.16471 0.08235
v 0.54902 -0.16333 0.08167
v 0.54765 -0.16059 0.01647
v 0.54902 -0.16059 0.01578
v 0.54765 -0.16059 0.01784
v 0.54765 -0.16059 0.01922
v 0.54765 -0.16059 0.02059
v 0.54765 -0.16059 0.02196
v 0.54765 -0.16059 0.02333
v 0.54765 -0.16059 0.08235
v 0.54902 -0.16059 0.08167
v 0.54765 -0.15784 0.01647
v 0.54902 -0.15784 0.01578
v 0.54765 -0.15784 0.01784
v 0.54765 -0.15784 0.01922
v 0.54765 -0.15784 0.02059
v 0.54765 -0.15784 0.02196
v 0.54765 -0.15784 0.02333
v 0.54902 -0.15784 0.08167
v 0.54902 -0.15647 0.01647
v 0.54765 -0.15510 0.01784
v 0.54902 -0.15510 0.01716
v 0.54765 -0.15510 0.01922
v 0.54765 -0.15510 0.02059
v 0.54765 -0.15510 0.02196
v 0.54765 -0.15510 0.02333
v 0.54902 -0.15647 0.08098
v 0.54902 -0.15510 0.08029
v 0.54902 -0.15373 0.01784
v 0.54902 -0.15373 0.01922
v 0.54765 -0.15235 0.02059
v 0.54902 -0.15235 0.01990
v 0.54765 -0.15235 0.02196
v 0.54765 -0.15235 0.02333
v 0.54765 -0.15235 0.02471
v 0.54902 -0.15373 0.07961
v 0.54902 -0.15235 0.07892
v 0.54902 -0.15098 0.02059
v 0.54902 -0.15098 0.02196
v 0.54765 -0.14961 0.02333
v 0.54902 -0.14961 0.02265
v 0.54765 -0.14961 0.02471
v 0.54765 -0.14961 0.02608
v 0.54765 -0.14961 0.02745
v 0.54765 -0.14961 0.07824
v 0.54902 -0.15098 0.07824
v 0.54902 -0.14961 0.07755
v 0.54902 -0.14824 0.02333
v 0.54902 -0.14824 0.02471
v 0.54765 -0.14686 0.02608
v 0.54902 -0.14686 0.02539
v 0.54765 -0.14686 0.02745
v 0.54765 -0.14686 0.02882
v 0.54765 -0.14686 0.03020
v 0.54765 -0.14686 0.07686
v 0.54902 -0.14824 0.07686
v 0.54902 -0.14686 0.07618
v 0.54902 -0.14549 0.02608
v 0.54902 -0.14549 0.02745
v 0.54765 -0.14412 0.02882
v 0.54902 -0.14412 0.02814
v 0.54765 -0.14412 0.03020
v 0.54765 -0.14412 0.03157
v 0.54765 -0.14412 0.03294
v 0.54765 -0.14412 0.07412
v 0.54902 -0.14549 0.07412
v 0.54902 -0.14412 0.07343
v 0.54902 -0.14549 0.07549
v 0.54902 -0.14275 0.02882
v 0.54902 -0.14275 0.03020
v 0.54902 -0.14275 0.03157
v 0.54765 -0.14137 0.03294
v 0.54902 -0.14137 0.03225
v 0.54765 -0.14137 0.03431
v 0.54765 -0.14137 0.03569
v 0.54765 -0.14137 0.03706
v 0.54902 -0.14275 0.07275
v 0.54902 -0.14137 0.07206
v 0.54902 -0.14000 0.03294
v 0.54902 -0.14000 0.03431
v 0.54902 -0.14000 0.03569
v 0.54765 -0.13863 0.03706
v 0.54902 -0.13863 0.03637
v 0.54765 -0.13863 0.03843
v 0.54765 -0.13863 0.03980
v 0.54765 -0.13863 0.04118
v 0.54765 -0.13863 0.04255
v 0.54765 -0.13863 0.06725
v 0.54765 -0.13863 0.06863
v 0.54902 -0.14000 0.06863
v 0.54902 -0.13863 0.06794
v 0.54902 -0.14000 0.07000
v 0.54902 -0.14000 0.07137
v 0.54902 -0.13725 0.03706
v 0.54902 -0.13725 0.03843
v 0.54902 -0.13725 0.03980
v 0.54902 -0.13725 0.04118
v 0.54902 -0.13725 0.04255
v 0.54902 -0.13725 0.04392
v 0.54902 -0.13725 0.04529
v 0.54902 -0.13725 0.04667
v 0.54902 -0.13725 0.04804
v 0.54902 -0.13725 0.04941
v 0.54902 -0.13725 0.05078
v 0.54902 -0.13725 0.05216
v 0.54902 -0.13725 0.05353
v 0.54902 -0.13725 0.05490
v 0.54902 -0.13725 0.05627
v 0.54902 -0.13725 0.05765
v 0.54902 -0.13725 0.05902
v 0.54902 -0.13725 0.06039
v 0.54902 -0.13725 0.06176
v 0.54902 -0.13725 0.06314
v 0.54902 -0.13725 0.06451
v 0.54902 -0.13725 0.06588
v 0.54902 -0.13725 0.06725
v 0.55039 -0.18804 0.03431
v 0.55176 -0.18941 0.03431
v 0.55176 -0.18804 0.03363
v 0.55039 -0.18804 0.03569
v 0.55176 -0.18941 0.03569
v 0.55039 -0.18804 0.03706
v 0.55176 -0.18941 0.03706
v 0.55039 -0.18804 0.03843
v 0.55176 -0.18941 0.03843
v 0.55039 -0.18804 0.03980
v 0.55176 -0.18941 0.03980
v 0.55039 -0.18804 0.04118
v 0.55176 -0.18941 0.04118
v 0.55039 -0.18804 0.04255
v 0.55176 -0.18941 0.04255
v 0.55039 -0.18804 0.04392
v 0.55176 -0.18941 0.04392
v 0.55039 -0.18804 0.04529
v 0.55176 -0.18941 0.04529
v 0.55039 -0.18804 0.04667
v 0.55176 -0.18941 0.04667
v 0.55039 -0.18804 0.04804
v 0.55176 -0.18941 0.04804
v 0.55039 -0.18804 0.04941
v 0.55176 -0.18941 0.04941
v 0.55039 -0.18804 0.05078
v 0.55176 -0.18941 0.05078
v 0.55039 -0.18804 0.05216
v 0.55176 -0.18941 0.05216
v 0.55039 -0.18804 0.05353
v 0.55176 -0.18941 0.05353
v 0.55039 -0.18804 0.05490
v 0.55176 -0.18941 0.05490
v 0.55039 -0.18804 0.05627
v 0.55176 -0.18941 0.05627
v 0.55039 -0.18804 0.05765
v 0.55176 -0.18941 0.05765
v 0.55039 -0.18804 0.05902
v 0.55176 -0.18941 0.05902
v 0.55039 -0.18804 0.06039
v 0.55176 -0.18941 0.06039
v 0.55176 -0.18804 0.06108
v 0.55039 -0.18529 0.02882
v 0.55176 -0.18667 0.02882
v 0.55176 -0.18529 0.02814
v 0.55039 -0.18529 0.03020
v 0.55176 -0.18667 0.03020
v 0.55039 -0.18529 0.03157
v 0.55176 -0.18667 0.03157
v 0.55039 -0.18529 0.03294
v 0.55176 -0.18667 0.03294
v 0.55039 -0.18529 0.03431
v 0.55039 -0.18529 0.03569
v 0.55039 -0.18529 0.03706
v 0.55176 -0.18667 0.06176
v 0.55039 -0.18529 0.06314
v 0.55176 -0.18667 0.06314
v 0.55039 -0.18529 0.06451
v 0.55176 -0.18667 0.06451
v 0.55039 -0.18529 0.06588
v 0.55176 -0.18667 0.06588
v 0.55039 -0.18529 0.06725
v 0.55176 -0.18667 0.06725
v 0.55176 -0.18529 0.06794
v 0.55039 -0.18255 0.02333
v 0.55176 -0.18392 0.02333
v 0.55176 -0.18255 0.02265
v 0.55039 -0.18255 0.02471
v 0.55176 -0.18392 0.02471
v 0.55039 -0.18255 0.02608
v 0.55176 -0.18392 0.02608
v 0.55039 -0.18255 0.02745
v 0.55176 -0.18392 0.02745
v 0.55039 -0.18255 0.02882
v 0.55039 -0.18255 0.03020
v 0.55176 -0.18392 0.06863
v 0.55176 -0.18392 0.07000
v 0.55039 -0.18255 0.07137
v 0.55176 -0.18392 0.07137
v 0.55039 -0.18255 0.07275
v 0.55176 -0.18392 0.07275
v 0.55176 -0.18255 0.07343
v 0.55039 -0.17980 0.01922
v 0.55176 -0.18118 0.01922
v 0.55176 -0.17980 0.01853
v 0.55039 -0.17980 0.02059
v 0.55176 -0.18118 0.02059
v 0.55039 -0.17980 0.02196
v 0.55176 -0.18118 0.02196
v 0.55039 -0.17980 0.02333
v 0.55039 -0.17980 0.02471
v 0.55039 -0.17980 0.02608
v 0.55176 -0.18118 0.07412
v 0.55039 -0.17980 0.07549
v 0.55176 -0.18118 0.07549
v 0.55176 -0.17980 0.07618
v 0.55039 -0.17706 0.01647
v 0.55176 -0.17843 0.01647
v 0.55176 -0.17706 0.01578
v 0.55039 -0.17706 0.01784
v 0.55176 -0.17843 0.01784
v 0.55039 -0.17706 0.01922
v 0.55039 -0.17706 0.02059
v 0.55039 -0.17706 0.02196
v 0.55039 -0.17706 0.02333
v 0.55176 -0.17843 0.07686
v 0.55176 -0.17843 0.07824
v 0.55039 -0.17706 0.07961
v 0.55176 -0.17843 0.07961
v 0.55176 -0.17706 0.08029
v 0.55039 -0.17431 0.01373
v 0.55176 -0.17569 0.01373
v 0.55176 -0.17431 0.01304
v 0.55039 -0.17431 0.01510
v 0.55176 -0.17569 0.01510
v 0.55039 -0.17431 0.01647
v 0.55039 -0.17431 0.01784
v 0.55039 -0.17431 0.01922
v 0.55176 -0.17569 0.08098
v 0.55176 -0.17431 0.08167
v 0.55039 -0.17157 0.01235
v 0.55176 -0.17294 0.01235
v 0.55176 -0.17157 0.01167
v 0.55039 -0.17157 0.01373
v 0.55039 -0.17157 0.01510
v 0.55039 -0.17157 0.01647
v 0.55039 -0.17157 0.01784
v 0.55176 -0.17157 0.08167
v 0.55039 -0.16882 0.01098
v 0.55176 -0.17020 0.01098
v 0.55176 -0.16882 0.01029
v 0.55039 -0.16882 0.01235
v 0.55039 -0.16882 0.01373
v 0.55039 -0.16882 0.01510
v 0.55039 -0.16882 0.08235
v 0.55176 -0.16882 0.08167
v 0.55039 -0.16608 0.01098
v 0.55176 -0.16608 0.01029
v 0.55039 -0.16608 0.01235
v 0.55039 -0.16608 0.01373
v 0.55039 -0.16608 0.01510
v 0.55039 -0.16608 0.08235
v 0.55176 -0.16608 0.08167
v 0.55039 -0.16333 0.01098
v 0.55176 -0.16333 0.01029
v 0.55039 -0.16333 0.01235
v 0.55039 -0.16333 0.01373
v 0.55039 -0.16333 0.01510
v 0.55176 -0.16333 0.08167
v 0.55039 -0.16059 0.01098
v 0.55176 -0.16059 0.01029
v 0.55039 -0.16059 0.01235
v 0.55039 -0.16059 0.01373
v 0.55039 -0.16059 0.01510
v 0.55176 -0.16059 0.08167
v 0.55176 -0.15922 0.01098
v 0.55039 -0.15784 0.01235
v 0.55176 -0.15784 0.01167
v 0.55039 -0.15784 0.01373
v 0.55039 -0.15784 0.01510
v 0.55176 -0.15784 0.08167
v 0.55176 -0.15647 0.01235
v 0.55039 -0.15510 0.01373
v 0.55176 -0.15510 0.01304
v 0.55039 -0.15510 0.01510
v 0.55039 -0.15510 0.01647
v 0.55176 -0.15647 0.08098
v 0.55176 -0.15510 0.08029
v 0.55176 -0.15373 0.01373
v 0.55039 -0.15235 0.01510
v 0.55176 -0.15235 0.01441
v 0.55039 -0.15235 0.01647
v 0.55039 -0.15235 0.01784
v 0.55039 -0.15235 0.01922
v 0.55176 -0.15373 0.07961
v 0.55176 -0.15235 0.07892
v 0.55176 -0.15098 0.01510
v 0.55039 -0.14961 0.01647
v 0.55176 -0.14961 0.01578
v 0.55039 -0.14961 0.01784
v 0.55039 -0.14961 0.01922
v 0.55039 -0.14961 0.02059
v 0.55039 -0.14961 0.02196
v 0.55039 -0.14961 0.07824
v 0.55176 -0.14961 0.07892
v 0.55176 -0.14824 0.01647
v 0.55176 -0.14824 0.01784
v 0.55176 -0.14824 0.01922
v 0.55039 -0.14686 0.02059
v 0.55176 -0.14686 0.01990
v 0.55039 -0.14686 0.02196
v 0.55039 -0.14686 0.02333
v 0.55039 -0.14686 0.02471
v 0.55039 -0.14686 0.07686
v 0.55176 -0.14824 0.07824
v 0.55176 -0.14686 0.07755
v 0.55176 -0.14549 0.02059
v 0.55176 -0.14549 0.02196
v 0.55039 -0.14412 0.02333
v 0.55176 -0.14412 0.02265
v 0.55039 -0.14412 0.02471
v 0.55039 -0.14412 0.02608
v 0.55039 -0.14412 0.02745
v 0.55039 -0.14412 0.07412
v 0.55176 -0.14549 0.07549
v 0.55176 -0.14412 0.07480
v 0.55176 -0.14549 0.07686
v 0.55176 -0.14275 0.02333
v 0.55176 -0.14275 0.02471
v 0.55176 -0.14275 0.02608
v 0.55039 -0.14137 0.02745
v 0.55176 -0.14137 0.02676
v 0.55039 -0.14137 0.02882
v 0.55039 -0.14137 0.03020
v 0.55039 -0.14137 0.03157
v 0.55176 -0.14275 0.07275
v 0.55176 -0.14137 0.07206
v 0.55176 -0.14275 0.07412
v 0.55176 -0.14000 0.02745
v 0.55176 -0.14000 0.02882
v 0.55039 -0.13863 0.03020
v 0.55176 -0.13863 0.02951
v 0.55039 -0.13863 0.03157
v 0.55039 -0.13863 0.03294
v 0.55039 -0.13863 0.03431
v 0.55039 -0.13863 0.03569
v 0.55039 -0.13863 0.06863
v 0.55176 -0.14000 0.07000
v 0.55176 -0.13863 0.06931
v 0.55176 -0.14000 0.07137
v 0.55176 -0.13725 0.03020
v 0.55176 -0.13725 0.03157
v 0.55176 -0.13725 0.03294
v 0.55176 -0.13725 0.03431
v 0.55176 -0.13725 0.03569
v 0.55176 -0.13725 0.03706
v 0.55176 -0.13725 0.03843
v 0.55176 -0.13725 0.03980
v 0.55176 -0.13725 0.04118
v 0.55039 -0.13588 0.04255
v 0.55176 -0.13588 0.04186
v 0.55176 -0.13725 0.04392
v 0.55176 -0.13588 0.04324
v 0.55039 -0.13588 0.04529
v 0.55176 -0.13588 0.04461
v 0.55039 -0.13588 0.04667
v 0.55176 -0.13725 0.04804
v 0.55176 -0.13588 0.04735
v 0.55039 -0.13588 0.04941
v 0.55176 -0.13588 0.04873
v 0.55039 -0.13588 0.05078
v 0.55039 -0.13588 0.05216
v 0.55039 -0.13588 0.05353
v 0.55039 -0.13588 0.05490
v 0.55039 -0.13588 0.05627
v 0.55039 -0.13588 0.05765
v 0.55039 -0.13588 0.05902
v 0.55039 -0.13588 0.06039
v 0.55039 -0.13588 0.06176
v 0.55176 -0.13725 0.06314
v 0.55176 -0.13588 0.06245
v 0.55176 -0.13725 0.06451
v 0.55176 -0.13725 0.06588
v 0.55176 -0.13725 0.06725
v 0.55176 -0.13725 0.06863
v 0.55176 -0.13451 0.04255
v 0.55176 -0.13451 0.04529
v 0.55176 -0.13451 0.04667
v 0.55176 -0.13451 0.04941
v 0.55176 -0.13451 0.05078
v 0.55176 -0.13451 0.05216
v 0.55176 -0.13451 0.05353
v 0.55176 -0.13451 0.05490
v 0.55176 -0.13451 0.05627
v 0.55176 -0.13451 0.05765
v 0.55176 -0.13451 0.05902
v 0.55176 -0.13451 0.06039
v 0.55176 -0.13451 0.06176
v 0.55314 -0.19078 0.03157
v 0.55451 -0.19216 0.03157
v 0.55451 -0.19078 0.03088
v 0.55314 -0.19078 0.03294
v 0.55451 -0.19216 0.03294
v 0.55314 -0.19078 0.03431
v 0.55451 -0.19216 0.03431
v 0.55314 -0.19078 0.03569
v 0.55451 -0.19216 0.03569
v 0.55314 -0.19078 0.03706
v 0.55451 -0.19216 0.03706
v 0.55314 -0.19078 0.03843
v 0.55451 -0.19216 0.03843
v 0.55314 -0.19078 0.03980
v 0.55451 -0.19216 0.03980
v 0.55314 -0.19078 0.04118
v 0.55451 -0.19216 0.04118
v 0.55314 -0.19078 0.04255
v 0.55451 -0.19216 0.04255
v 0.55314 -0.19078 0.04392
v 0.55451 -0.19216 0.04392
v 0.55314 -0.19078 0.04529
v 0.55451 -0.19216 0.04529
v 0.55314 -0.19078 0.04667
v 0.55451 -0.19216 0.04667
v 0.55314 -0.19078 0.04804
v 0.55451 -0.19216 0.04804
v 0.55314 -0.19078 0.04941
v 0.55451 -0.19216 0.04941
v 0.55314 -0.19078 0.05078
v 0.55451 -0.19216 0.05078
v 0.55314 -0.19078 0.05216
v 0.55451 -0.19216 0.05216
v 0.55314 -0.19078 0.05353
v 0.55451 -0.19216 0.05353
v 0.55314 -0.19078 0.05490
v 0.55451 -0.19216 0.05490
v 0.55314 -0.19078 0.05627
v 0.55451 -0.19216 0.05627
v 0.55314 -0.19078 0.05765
v 0.55451 -0.19216 0.05765
v 0.55451 -0.19078 0.05833
v 0.55314 -0.18804 0.02608
v 0.55451 -0.18941 0.02608
v 0.55451 -0.18804 0.02539
v 0.55314 -0.18804 0.02745
v 0.55451 -0.18941 0.02745
v 0.55314 -0.18804 0.02882
v 0.55451 -0.18941 0.02882
v 0.55314 -0.18804 0.03020
v 0.55451 -0.18941 0.03020
v 0.55314 -0.18804 0.03157
v 0.55314 -0.18804 0.03294
v 0.55451 -0.18941 0.05902
v 0.55451 -0.18941 0.06039
v 0.55314 -0.18804 0.06176
v 0.55451 -0.18941 0.06176
v 0.55314 -0.18804 0.06314
v 0.55451 -0.18941 0.06314
v 0.55314 -0.18804 0.06451
v 0.55451 -0.18941 0.06451
v 0.55314 -0.18804 0.06588
v 0.55451 -0.18941 0.06588
v 0.55451 -0.18804 0.06657
v 0.55314 -0.18529 0.01922
v 0.55451 -0.18667 0.01922
v 0.55451 -0.18529 0.01853
v 0.55314 -0.18529 0.02059
v 0.55451 -0.18667 0.02059
v 0.55314 -0.18529 0.02196
v 0.55451 -0.18667 0.02196
v 0.55314 -0.18529 0.02333
v 0.55451 -0.18667 0.02333
v 0.55314 -0.18529 0.02471
v 0.55451 -0.18667 0.02471
v 0.55314 -0.18529 0.02608
v 0.55314 -0.18529 0.02745
v 0.55451 -0.18667 0.06725
v 0.55314 -0.18529 0.06863
v 0.55451 -0.18667 0.06863
v 0.55314 -0.18529 0.07000
v 0.55451 -0.18667 0.07000
v 0.55451 -0.18529 0.07069
v 0.55314 -0.18255 0.01647
v 0.55451 -0.18392 0.01647
v 0.55451 -0.18255 0.01578
v 0.55314 -0.18255 0.01784
v 0.55451 -0.18392 0.01784
v 0.55314 -0.18255 0.01922
v 0.55314 -0.18255 0.02059
v 0.55314 -0.18255 0.02196
v 0.55451 -0.18392 0.07137
v 0.55451 -0.18392 0.07275
v 0.55314 -0.18255 0.07412
v 0.55451 -0.18392 0.07412
v 0.55451 -0.18255 0.07480
v 0.55314 -0.17980 0.01373
v 0.55451 -0.18118 0.01373
v 0.55451 -0.17980 0.01304
v 0.55314 -0.17980 0.01510
v 0.55451 -0.18118 0.01510
v 0.55314 -0.17980 0.01647
v 0.55314 -0.17980 0.01784
v 0.55451 -0.18118 0.07549
v 0.55314 -0.17980 0.07686
v 0.55451 -0.18118 0.07686
v 0.55451 -0.17980 0.07755
v 0.55314 -0.17706 0.01098
v 0.55451 -0.17843 0.01098
v 0.55451 -0.17706 0.01029
v 0.55314 -0.17706 0.01235
v 0.55451 -0.17843 0.01235
v 0.55314 -0.17706 0.01373
v 0.55314 -0.17706 0.01510
v 0.55451 -0.17843 0.07824
v 0.55451 -0.17843 0.07961
v 0.55451 -0.17706 0.08029
v 0.55314 -0.17431 0.00961
v 0.55451 -0.17569 0.00961
v 0.55451 -0.17431 0.00892
v 0.55314 -0.17431 0.01098
v 0.55314 -0.17431 0.01235
v 0.55451 -0.17569 0.08098
v 0.55451 -0.17431 0.08167
v 0.55314 -0.17157 0.00961
v 0.55451 -0.17157 0.00892
v 0.55314 -0.17157 0.01098
v 0.55451 -0.17157 0.08167
v 0.55314 -0.16882 0.00824
v 0.55451 -0.17020 0.00824
v 0.55451 -0.16882 0.00755
v 0.55314 -0.16882 0.00961
v 0.55451 -0.16882 0.08167
v 0.55314 -0.16608 0.00824
v 0.55451 -0.16608 0.00755
v 0.55314 -0.16608 0.00961
v 0.55451 -0.16608 0.08167
v 0.55314 -0.16333 0.00686
v 0.55451 -0.16471 0.00686
v 0.55451 -0.16333 0.00618
v 0.55314 -0.16333 0.00824
v 0.55314 -0.16333 0.00961
v 0.55451 -0.16333 0.08167
v 0.55451 -0.16196 0.00686
v 0.55314 -0.16059 0.00824
v 0.55451 -0.16059 0.00755
v 0.55314 -0.16059 0.00961
v 0.55451 -0.16059 0.08167
v 0.55314 -0.15784 0.00824
v 0.55451 -0.15784 0.00755
v 0.55314 -0.15784 0.00961
v 0.55314 -0.15784 0.01098
v 0.55314 -0.15784 0.08098
v 0.55451 -0.15922 0.08098
v 0.55451 -0.15784 0.08029
v 0.55451 -0.15647 0.00824
v 0.55314 -0.15510 0.00961
v 0.55451 -0.15510 0.00892
v 0.55314 -0.15510 0.01098
v 0.55314 -0.15510 0.01235
v 0.55314 -0.15510 0.07961
v 0.55451 -0.15647 0.07961
v 0.55451 -0.15510 0.07892
v 0.55451 -0.15373 0.00961
v 0.55314 -0.15235 0.01098
v 0.55451 -0.15235 0.01029
v 0.55314 -0.15235 0.01235
v 0.55314 -0.15235 0.01373
v 0.55451 -0.15235 0.07892
v 0.55451 -0.15098 0.01098
v 0.55314 -0.14961 0.01235
v 0.55451 -0.14961 0.01167
v 0.55314 -0.14961 0.01373
v 0.55314 -0.14961 0.01510
v 0.55314 -0.14961 0.07824
v 0.55451 -0.15098 0.07824
v 0.55451 -0.14961 0.07755
v 0.55451 -0.14824 0.01235
v 0.55451 -0.14824 0.01373
v 0.55314 -0.14686 0.01510
v 0.55451 -0.14686 0.01441
v 0.55314 -0.14686 0.01647
v 0.55314 -0.14686 0.01784
v 0.55314 -0.14686 0.01922
v 0.55314 -0.14686 0.07686
v 0.55451 -0.14824 0.07686
v 0.55451 -0.14686 0.07618
v 0.55451 -0.14549 0.01510
v 0.55314 -0.14412 0.01647
v 0.55451 -0.14412 0.01578
v 0.55314 -0.14412 0.01784
v 0.55314 -0.14412 0.01922
v 0.55314 -0.14412 0.02059
v 0.55314 -0.14412 0.02196
v 0.55451 -0.14549 0.07549
v 0.55451 -0.14412 0.07480
v 0.55451 -0.14275 0.01647
v 0.55451 -0.14275 0.01784
v 0.55451 -0.14275 0.01922
v 0.55451 -0.14275 0.02059
v 0.55314 -0.14137 0.02196
v 0.55451 -0.14137 0.02127
v 0.55314 -0.14137 0.02333
v 0.55314 -0.14137 0.02471
v 0.55314 -0.14137 0.02608
v 0.55314 -0.14137 0.07275
v 0.55451 -0.14275 0.07412
v 0.55451 -0.14137 0.07343
v 0.55451 -0.14000 0.02196
v 0.55451 -0.14000 0.02333
v 0.55451 -0.14000 0.02471
v 0.55314 -0.13863 0.02608
v 0.55451 -0.13863 0.02539
v 0.55314 -0.13863 0.02745
v 0.55314 -0.13863 0.02882
v 0.55451 -0.14000 0.07000
v 0.55451 -0.13863 0.06931
v 0.55451 -0.14000 0.07137
v 0.55451 -0.14000 0.07275
v 0.55451 -0.13725 0.02608
v 0.55451 -0.13725 0.02745
v 0.55451 -0.13725 0.02882
v 0.55451 -0.13725 0.03020
v 0.55451 -0.13725 0.03157
v 0.55451 -0.13725 0.03294
v 0.55451 -0.13725 0.03431
v 0.55451 -0.13725 0.03569
v 0.55314 -0.13588 0.03706
v 0.55451 -0.13588 0.03637
v 0.55314 -0.13588 0.03843
v 0.55314 -0.13588 0.03980
v 0.55314 -0.13588 0.04118
v 0.55314 -0.13588 0.04392
v 0.55314 -0.13588 0.04804
v 0.55451 -0.13725 0.06314
v 0.55451 -0.13588 0.06245
v 0.55451 -0.13725 0.06451
v 0.55451 -0.13725 0.06588
v 0.55451 -0.13725 0.06725
v 0.55451 -0.13725 0.06863
v 0.55451 -0.13451 0.03706
v 0.55451 -0.13451 0.03843
v 0.55451 -0.13451 0.03980
v 0.55451 -0.13451 0.04118
v 0.55451 -0.13451 0.04255
v 0.55451 -0.13451 0.04392
v 0.55451 -0.13451 0.04529
v 0.55451 -0.13451 0.04667
v 0.55451 -0.13451 0.04804
v 0.55451 -0.13451 0.04941
v 0.55451 -0.13451 0.05078
v 0.55451 -0.13451 0.05216
v 0.55451 -0.13451 0.05353
v 0.55451 -0.13451 0.05490
v 0.55451 -0.13451 0.05627
v 0.55451 -0.13451 0.05765
v 0.55451 -0.13451 0.05902
v 0.55451 -0.13451 0.06039
v 0.55451 -0.13451 0.06176
v 0.55588 -0.19353 0.03294
v 0.55725 -0.19490 0.03294
v 0.55725 -0.19353 0.03225
v 0.55588 -0.19353 0.03431
v 0.55725 -0.19490 0.03431
v 0.55588 -0.19353 0.03569
v 0.55725 -0.19490 0.03569
v 0.55588 -0.19353 0.03706
v 0.55725 -0.19490 0.03706
v 0.55588 -0.19353 0.03843
v 0.55725 -0.19490 0.03843
v 0.55588 -0.19353 0.03980
v 0.55725 -0.19490 0.03980
v 0.55588 -0.19353 0.04118
v 0.55725 -0.19490 0.04118
v 0.55588 -0.19353 0.04255
v 0.55725 -0.19490 0.04255
v 0.55588 -0.19353 0.04392
v 0.55725 -0.19490 0.04392
v 0.55588 -0.19353 0.04529
v 0.55725 -0.19490 0.04529
v 0.55588 -0.19353 0.04667
v 0.55725 -0.19490 0.04667
v 0.55588 -0.19353 0.04804
v 0.55725 -0.19490 0.04804
v 0.55588 -0.19353 0.04941
v 0.55725 -0.19490 0.04941
v 0.55588 -0.19353 0.05078
v 0.55725 -0.19490 0.05078
v 0.55588 -0.19353 0.05216
v 0.55725 -0.19490 0.05216
v 0.55588 -0.19353 0.05353
v 0.55725 -0.19490 0.05353
v 0.55588 -0.19353 0.05490
v 0.55725 -0.19490 0.05490
v 0.55588 -0.19353 0.05627
v 0.55725 -0.19490 0.05627
v 0.55725 -0.19353 0.05696
v 0.55588 -0.19078 0.02608
v 0.55725 -0.19216 0.02608
v 0.55725 -0.19078 0.02539
v 0.55588 -0.19078 0.02745
v 0.55725 -0.19216 0.02745
v 0.55588 -0.19078 0.02882
v 0.55725 -0.19216 0.02882
v 0.55588 -0.19078 0.03020
v 0.55725 -0.19216 0.03020
v 0.55725 -0.19216 0.03157
v 0.55725 -0.19216 0.05765
v 0.55588 -0.19078 0.05902
v 0.55725 -0.19216 0.05902
v 0.55588 -0.19078 0.06039
v 0.55725 -0.19216 0.06039
v 0.55588 -0.19078 0.06176
v 0.55725 -0.19216 0.06176
v 0.55588 -0.19078 0.06314
v 0.55725 -0.19216 0.06314
v 0.55725 -0.19078 0.06382
v 0.55588 -0.18804 0.01784
v 0.55725 -0.18941 0.01784
v 0.55725 -0.18804 0.01716
v 0.55588 -0.18804 0.01922
v 0.55725 -0.18941 0.01922
v 0.55588 -0.18804 0.02059
v 0.55725 -0.18941 0.02059
v 0.55588 -0.18804 0.02196
v 0.55725 -0.18941 0.02196
v 0.55588 -0.18804 0.02333
v 0.55725 -0.18941 0.02333
v 0.55588 -0.18804 0.02471
v 0.55725 -0.18941 0.02471
v 0.55725 -0.18941 0.06451
v 0.55725 -0.18941 0.06588
v 0.55588 -0.18804 0.06725
v 0.55725 -0.18941 0.06725
v 0.55588 -0.18804 0.06863
v 0.55725 -0.18941 0.06863
v 0.55725 -0.18804 0.06931
v 0.55588 -0.18529 0.01373
v 0.55725 -0.18667 0.01373
v 0.55725 -0.18529 0.01304
v 0.55588 -0.18529 0.01510
v 0.55725 -0.18667 0.01510
v 0.55588 -0.18529 0.01647
v 0.55725 -0.18667 0.01647
v 0.55588 -0.18529 0.01784
v 0.55725 -0.18667 0.07000
v 0.55588 -0.18529 0.07137
v 0.55725 -0.18667 0.07137
v 0.55725 -0.18529 0.07206
v 0.55588 -0.18255 0.01098
v 0.55725 -0.18392 0.01098
v 0.55725 -0.18255 0.01029
v 0.55588 -0.18255 0.01235
v 0.55725 -0.18392 0.01235
v 0.55588 -0.18255 0.01373
v 0.55588 -0.18255 0.01510
v 0.55725 -0.18392 0.07275
v 0.55725 -0.18392 0.07412
v 0.55588 -0.18255 0.07549
v 0.55725 -0.18392 0.07549
v 0.55725 -0.18255 0.07618
v 0.55588 -0.17980 0.00961
v 0.55725 -0.18118 0.00961
v 0.55725 -0.17980 0.00892
v 0.55588 -0.17980 0.01098
v 0.55588 -0.17980 0.01235
v 0.55725 -0.18118 0.07686
v 0.55725 -0.17980 0.07755
v 0.55588 -0.17706 0.00824
v 0.55725 -0.17843 0.00824
v 0.55725 -0.17706 0.00755
v 0.55588 -0.17706 0.00961
v 0.55725 -0.17843 0.07824
v 0.55725 -0.17843 0.07961
v 0.55725 -0.17706 0.08029
v 0.55588 -0.17431 0.00686
v 0.55725 -0.17569 0.00686
v 0.55725 -0.17431 0.00618
v 0.55588 -0.17431 0.00824
v 0.55588 -0.17431 0.08098
v 0.55725 -0.17431 0.08029
v 0.55588 -0.17157 0.00549
v 0.55725 -0.17294 0.00549
v 0.55725 -0.17157 0.00480
v 0.55588 -0.17157 0.00686
v 0.55588 -0.17157 0.00824
v 0.55588 -0.17157 0.08098
v 0.55725 -0.17157 0.08029
v 0.55588 -0.16882 0.00549
v 0.55725 -0.16882 0.00480
v 0.55588 -0.16882 0.00686
v 0.55725 -0.17020 0.08098
v 0.55725 -0.16882 0.08167
v 0.55588 -0.16608 0.00549
v 0.55725 -0.16608 0.00480
v 0.55588 -0.16608 0.00686
v 0.55725 -0.16608 0.08167
v 0.55588 -0.16333 0.00549
v 0.55725 -0.16333 0.00480
v 0.55588 -0.16333 0.08098
v 0.55725 -0.16471 0.08098
v 0.55725 -0.16333 0.08029
v 0.55588 -0.16059 0.00549
v 0.55725 -0.16059 0.00480
v 0.55588 -0.16059 0.00686
v 0.55588 -0.16059 0.08098
v 0.55725 -0.16059 0.08029
v 0.55588 -0.15784 0.00549
v 0.55725 -0.15784 0.00480
v 0.55588 -0.15784 0.00686
v 0.55725 -0.15784 0.08029
v 0.55725 -0.15647 0.00549
v 0.55588 -0.15510 0.00686
v 0.55725 -0.15510 0.00618
v 0.55588 -0.15510 0.00824
v 0.55725 -0.15647 0.07961
v 0.55725 -0.15510 0.07892
v 0.55725 -0.15373 0.00686
v 0.55588 -0.15235 0.00824
v 0.55725 -0.15235 0.00755
v 0.55588 -0.15235 0.00961
v 0.55725 -0.15235 0.07892
v 0.55725 -0.15098 0.00824
v 0.55588 -0.14961 0.00961
v 0.55725 -0.14961 0.00892
v 0.55588 -0.14961 0.01098
v 0.55725 -0.15098 0.07824
v 0.55725 -0.14961 0.07755
v 0.55725 -0.14824 0.00961
v 0.55588 -0.14686 0.01098
v 0.55725 -0.14686 0.01029
v 0.55588 -0.14686 0.01235
v 0.55588 -0.14686 0.01373
v 0.55725 -0.14824 0.07686
v 0.55725 -0.14686 0.07618
v 0.55725 -0.14549 0.01098
v 0.55725 -0.14549 0.01235
v 0.55588 -0.14412 0.01373
v 0.55725 -0.14412 0.01304
v 0.55588 -0.14412 0.01510
v 0.55725 -0.14549 0.07549
v 0.55725 -0.14412 0.07480
v 0.55725 -0.14275 0.01373
v 0.55725 -0.14275 0.01510
v 0.55588 -0.14137 0.01647
v 0.55725 -0.14137 0.01578
v 0.55588 -0.14137 0.01784
v 0.55588 -0.14137 0.01922
v 0.55588 -0.14137 0.02059
v 0.55588 -0.14137 0.07275
v 0.55725 -0.14275 0.07275
v 0.55725 -0.14137 0.07206
v 0.55725 -0.14275 0.07412
v 0.55725 -0.14000 0.01647
v 0.55725 -0.14000 0.01784
v 0.55725 -0.14000 0.01922
v 0.55725 -0.14000 0.02059
v 0.55588 -0.13863 0.02196
v 0.55725 -0.13863 0.02127
v 0.55588 -0.13863 0.02333
v 0.55588 -0.13863 0.02471
v 0.55725 -0.14000 0.07000
v 0.55725 -0.13863 0.06931
v 0.55725 -0.14000 0.07137
v 0.55725 -0.13725 0.02196
v 0.55725 -0.13725 0.02333
v 0.55725 -0.13725 0.02471
v 0.55725 -0.13725 0.02608
v 0.55725 -0.13725 0.02745
v 0.55588 -0.13588 0.02882
v 0.55725 -0.13588 0.02814
v 0.55588 -0.13588 0.03020
v 0.55588 -0.13588 0.03157
v 0.55588 -0.13588 0.03294
v 0.55588 -0.13588 0.03431
v 0.55588 -0.13588 0.03569
v 0.55588 -0.13588 0.06314
v 0.55725 -0.13725 0.06451
v 0.55725 -0.13588 0.06382
v 0.55725 -0.13725 0.06588
v 0.55725 -0.13725 0.06725
v 0.55725 -0.13725 0.06863
v 0.55725 -0.13451 0.02882
v 0.55725 -0.13451 0.03020
v 0.55725 -0.13451 0.03157
v 0.55725 -0.13451 0.03294
v 0.55725 -0.13451 0.03431
v 0.55725 -0.13451 0.03569
v 0.55725 -0.13451 0.03706
v 0.55725 -0.13451 0.03843
v 0.55725 -0.13451 0.03980
v 0.55725 -0.13451 0.04118
v 0.55725 -0.13451 0.04255
v 0.55725 -0.13451 0.04392
v 0.55725 -0.13451 0.04529
v 0.55725 -0.13451 0.04667
v 0.55725 -0.13451 0.04804
v 0.55725 -0.13451 0.04941
v 0.55725 -0.13451 0.05078
v 0.55725 -0.13451 0.05216
v 0.55725 -0.13451 0.05353
v 0.55725 -0.13451 0.05490
v 0.55725 -0.13451 0.05627
v 0.55725 -0.13451 0.05765
v 0.55725 -0.13451 0.05902
v 0.55725 -0.13451 0.06039
v 0.55725 -0.13451 0.06176
v 0.55725 -0.13451 0.06314
v 0.55863 -0.19627 0.03706
v 0.56000 -0.19765 0.03706
v 0.56000 -0.19627 0.03637
v 0.56000 -0.19627 0.03775
v 0.55863 -0.19627 0.03980
v 0.56000 -0.19765 0.03980
v 0.56000 -0.19627 0.03912
v 0.55863 -0.19627 0.04118
v 0.56000 -0.19765 0.04118
v 0.56000 -0.19627 0.04186
v 0.55863 -0.19627 0.04392
v 0.56000 -0.19765 0.04392
v 0.56000 -0.19627 0.04324
v 0.55863 -0.19627 0.04529
v 0.56000 -0.19765 0.04529
v 0.55863 -0.19627 0.04667
v 0.56000 -0.19765 0.04667
v 0.55863 -0.19627 0.04804
v 0.56000 -0.19765 0.04804
v 0.56000 -0.19627 0.04873
v 0.55863 -0.19353 0.02608
v 0.56000 -0.19490 0.02608
v 0.56000 -0.19353 0.02539
v 0.55863 -0.19353 0.02745
v 0.56000 -0.19490 0.02745
v 0.55863 -0.19353 0.02882
v 0.56000 -0.19490 0.02882
v 0.55863 -0.19353 0.03020
v 0.56000 -0.19490 0.03020
v 0.55863 -0.19353 0.03157
v 0.56000 -0.19490 0.03157
v 0.56000 -0.19490 0.03294
v 0.56000 -0.19490 0.03431
v 0.56000 -0.19490 0.03569
v 0.56000 -0.19490 0.03843
v 0.56000 -0.19490 0.04255
v 0.56000 -0.19490 0.04941
v 0.56000 -0.19490 0.05078
v 0.56000 -0.19490 0.05216
v 0.56000 -0.19490 0.05353
v 0.56000 -0.19490 0.05490
v 0.56000 -0.19490 0.05627
v 0.55863 -0.19353 0.05765
v 0.56000 -0.19490 0.05765
v 0.55863 -0.19353 0.05902
v 0.56000 -0.19490 0.05902
v 0.55863 -0.19353 0.06039
v 0.56000 -0.19490 0.06039
v 0.55863 -0.19353 0.06176
v 0.56000 -0.19490 0.06176
v 0.56000 -0.19353 0.06245
v 0.55863 -0.19078 0.01922
v 0.56000 -0.19216 0.01922
v 0.56000 -0.19078 0.01853
v 0.55863 -0.19078 0.02059
v 0.56000 -0.19216 0.02059
v 0.55863 -0.19078 0.02196
v 0.56000 -0.19216 0.02196
v 0.55863 -0.19078 0.02333
v 0.56000 -0.19216 0.02333
v 0.55863 -0.19078 0.02471
v 0.56000 -0.19216 0.02471
v 0.56000 -0.19216 0.06314
v 0.55863 -0.19078 0.06451
v 0.56000 -0.19216 0.06451
v 0.56000 -0.19078 0.06520
v 0.55863 -0.18804 0.01373
v 0.56000 -0.18941 0.01373
v 0.56000 -0.18804 0.01304
v 0.55863 -0.18804 0.01510
v 0.56000 -0.18941 0.01510
v 0.55863 -0.18804 0.01647
v 0.56000 -0.18941 0.01647
v 0.56000 -0.18941 0.01784
v 0.56000 -0.18941 0.06588
v 0.56000 -0.18941 0.06725
v 0.56000 -0.18941 0.06863
v 0.55863 -0.18804 0.07000
v 0.56000 -0.18941 0.07000
v 0.56000 -0.18804 0.07069
v 0.55863 -0.18529 0.01098
v 0.56000 -0.18667 0.01098
v 0.56000 -0.18529 0.01029
v 0.55863 -0.18529 0.01235
v 0.56000 -0.18667 0.01235
v 0.56000 -0.18667 0.07137
v 0.55863 -0.18529 0.07275
v 0.56000 -0.18667 0.07275
v 0.56000 -0.18529 0.07343
v 0.55863 -0.18255 0.00824
v 0.56000 -0.18392 0.00824
v 0.56000 -0.18255 0.00755
v 0.55863 -0.18255 0.00961
v 0.56000 -0.18392 0.00961
v 0.56000 -0.18392 0.07412
v 0.56000 -0.18392 0.07549
v 0.56000 -0.18255 0.07618
v 0.55863 -0.17980 0.00549
v 0.56000 -0.18118 0.00549
v 0.56000 -0.17980 0.00480
v 0.55863 -0.17980 0.00686
v 0.56000 -0.18118 0.00686
v 0.55863 -0.17980 0.00824
v 0.56000 -0.18118 0.07686
v 0.56000 -0.17980 0.07755
v 0.55863 -0.17706 0.00412
v 0.56000 -0.17843 0.00412
v 0.56000 -0.17706 0.00343
v 0.55863 -0.17706 0.00549
v 0.55863 -0.17706 0.00686
v 0.56000 -0.17843 0.07824
v 0.55863 -0.17706 0.07961
v 0.56000 -0.17706 0.07892
v 0.55863 -0.17431 0.00412
v 0.56000 -0.17431 0.00343
v 0.55863 -0.17431 0.00549
v 0.56000 -0.17569 0.07961
v 0.56000 -0.17431 0.08029
v 0.55863 -0.17157 0.00412
v 0.56000 -0.17157 0.00343
v 0.56000 -0.17157 0.08029
v 0.55863 -0.16882 0.00412
v 0.56000 -0.16882 0.00343
v 0.55863 -0.16882 0.08098
v 0.56000 -0.16882 0.08029
v 0.55863 -0.16608 0.00412
v 0.56000 -0.16608 0.00343
v 0.55863 -0.16608 0.08098
v 0.56000 -0.16608 0.08029
v 0.55863 -0.16333 0.00412
v 0.56000 -0.16333 0.00343
v 0.56000 -0.16333 0.08029
v 0.55863 -0.16059 0.00412
v 0.56000 -0.16059 0.00343
v 0.56000 -0.16059 0.08029
v 0.55863 -0.15784 0.00412
v 0.56000 -0.15784 0.00343
v 0.56000 -0.15784 0.08029
v 0.55863 -0.15510 0.00412
v 0.56000 -0.15510 0.00343
v 0.55863 -0.15510 0.00549
v 0.56000 -0.15647 0.07961
v 0.56000 -0.15510 0.07892
v 0.56000 -0.15373 0.00412
v 0.55863 -0.15235 0.00549
v 0.56000 -0.15235 0.00480
v 0.55863 -0.15235 0.00686
v 0.55863 -0.15235 0.07824
v 0.56000 -0.15373 0.07824
v 0.56000 -0.15235 0.07755
v 0.56000 -0.15098 0.00549
v 0.55863 -0.14961 0.00686
v 0.56000 -0.14961 0.00618
v 0.55863 -0.14961 0.00824
v 0.55863 -0.14961 0.07686
v 0.56000 -0.15098 0.07686
v 0.56000 -0.14961 0.07618
v 0.56000 -0.14824 0.00686
v 0.55863 -0.14686 0.00824
v 0.56000 -0.14686 0.00755
v 0.55863 -0.14686 0.00961
v 0.56000 -0.14686 0.07618
v 0.56000 -0.14549 0.00824
v 0.56000 -0.14549 0.00961
v 0.55863 -0.14412 0.01098
v 0.56000 -0.14412 0.01029
v 0.55863 -0.14412 0.01235
v 0.56000 -0.14549 0.07549
v 0.56000 -0.14412 0.07480
v 0.56000 -0.14275 0.01098
v 0.56000 -0.14275 0.01235
v 0.55863 -0.14137 0.01373
v 0.56000 -0.14137 0.01304
v 0.55863 -0.14137 0.01510
v 0.56000 -0.14275 0.07275
v 0.56000 -0.14137 0.07206
v 0.56000 -0.14275 0.07412
v 0.56000 -0.14000 0.01373
v 0.56000 -0.14000 0.01510
v 0.56000 -0.14000 0.01647
v 0.55863 -0.13863 0.01784
v 0.56000 -0.13863 0.01716
v 0.55863 -0.13863 0.01922
v 0.55863 -0.13863 0.02059
v 0.56000 -0.14000 0.07000
v 0.56000 -0.13863 0.06931
v 0.56000 -0.14000 0.07137
v 0.56000 -0.13725 0.01784
v 0.56000 -0.13725 0.01922
v 0.56000 -0.13725 0.02059
v 0.56000 -0.13725 0.02196
v 0.56000 -0.13725 0.02333
v 0.55863 -0.13588 0.02471
v 0.56000 -0.13588 0.02402
v 0.55863 -0.13588 0.02608
v 0.55863 -0.13588 0.02745
v 0.55863 -0.13588 0.06451
v 0.55863 -0.13588 0.06588
v 0.56000 -0.13725 0.06725
v 0.56000 -0.13588 0.06657
v 0.56000 -0.13725 0.06863
v 0.56000 -0.13451 0.02471
v 0.56000 -0.13451 0.02608
v 0.56000 -0.13451 0.02745
v 0.56000 -0.13451 0.02882
v 0.56000 -0.13451 0.03020
v 0.56000 -0.13451 0.03157
v 0.56000 -0.13451 0.03294
v 0.55863 -0.13314 0.03431
v 0.56000 -0.13314 0.03363
v 0.55863 -0.13314 0.03569
v 0.56000 -0.13451 0.03706
v 0.56000 -0.13314 0.03637
v 0.55863 -0.13314 0.03843
v 0.56000 -0.13314 0.03775
v 0.55863 -0.13314 0.03980
v 0.55863 -0.13314 0.04118
v 0.55863 -0.13314 0.04255
v 0.55863 -0.13314 0.04392
v 0.55863 -0.13314 0.04529
v 0.55863 -0.13314 0.04667
v 0.55863 -0.13314 0.04804
v 0.55863 -0.13314 0.04941
v 0.55863 -0.13314 0.05078
v 0.55863 -0.13314 0.05216
v 0.55863 -0.13314 0.05353
v 0.55863 -0.13314 0.05490
v 0.55863 -0.13314 0.05627
v 0.56000 -0.13451 0.05765
v 0.56000 -0.13314 0.05696
v 0.55863 -0.13314 0.05902
v 0.56000 -0.13314 0.05833
v 0.56000 -0.13451 0.06039
v 0.56000 -0.13314 0.05971
v 0.56000 -0.13451 0.06176
v 0.56000 -0.13451 0.06314
v 0.56000 -0.13451 0.06451
v 0.56000 -0.13451 0.06588
v 0.56000 -0.13176 0.03431
v 0.56000 -0.13176 0.03569
v 0.56000 -0.13176 0.03843
v 0.56000 -0.13176 0.03980
v 0.56000 -0.13176 0.04118
v 0.56000 -0.13176 0.04255
v 0.56000 -0.13176 0.04392
v 0.56000 -0.13176 0.04529
v 0.56000 -0.13176 0.04667
v 0.56000 -0.13176 0.04804
v 0.56000 -0.13176 0.04941
v 0.56000 -0.13176 0.05078
v 0.56000 -0.13176 0.05216
v 0.56000 -0.13176 0.05353
v 0.56000 -0.13176 0.05490
v 0.56000 -0.13176 0.05627
v 0.56000 -0.13176 0.05902
v 0.56137 -0.19627 0.03020
v 0.56275 -0.19765 0.03020
v 0.56275 -0.19627 0.02951
v 0.56137 -0.19627 0.03157
v 0.56275 -0.19765 0.03157
v 0.56137 -0.19627 0.03294
v 0.56275 -0.19765 0.03294
v 0.56137 -0.19627 0.03431
v 0.56275 -0.19765 0.03431
v 0.56137 -0.19627 0.03569
v 0.56275 -0.19765 0.03569
v 0.56275 -0.19765 0.03706
v 0.56137 -0.19627 0.03843
v 0.56275 -0.19765 0.03843
v 0.56275 -0.19765 0.03980
v 0.56275 -0.19765 0.04118
v 0.56137 -0.19627 0.04255
v 0.56275 -0.19765 0.04255
v 0.56275 -0.19765 0.04392
v 0.56275 -0.19765 0.04529
v 0.56275 -0.19765 0.04667
v 0.56275 -0.19765 0.04804
v 0.56137 -0.19627 0.04941
v 0.56275 -0.19765 0.04941
v 0.56137 -0.19627 0.05078
v 0.56275 -0.19765 0.05078
v 0.56137 -0.19627 0.05216
v 0.56275 -0.19765 0.05216
v 0.56137 -0.19627 0.05353
v 0.56275 -0.19765 0.05353
v 0.56137 -0.19627 0.05490
v 0.56275 -0.19765 0.05490
v 0.56137 -0.19627 0.05627
v 0.56275 -0.19765 0.05627
v 0.56137 -0.19627 0.05765
v 0.56275 -0.19765 0.05765
v 0.56275 -0.19627 0.05833
v 0.56137 -0.19353 0.02196
v 0.56275 -0.19490 0.02196
v 0.56275 -0.19353 0.02127
v 0.56137 -0.19353 0.02333
v 0.56275 -0.19490 0.02333
v 0.56137 -0.19353 0.02471
v 0.56275 -0.19490 0.02471
v 0.56275 -0.19490 0.02608
v 0.56275 -0.19490 0.02745
v 0.56275 -0.19490 0.02882
v 0.56275 -0.19490 0.05902
v 0.56275 -0.19490 0.06039
v 0.56275 -0.19490 0.06176
v 0.56137 -0.19353 0.06314
v 0.56275 -0.19490 0.06314
v 0.56275 -0.19353 0.06382
v 0.56137 -0.19078 0.01373
v 0.56275 -0.19216 0.01373
v 0.56275 -0.19078 0.01304
v 0.56137 -0.19078 0.01510
v 0.56275 -0.19216 0.01510
v 0.56137 -0.19078 0.01647
v 0.56275 -0.19216 0.01647
v 0.56137 -0.19078 0.01784
v 0.56275 -0.19216 0.01784
v 0.56275 -0.19216 0.01922
v 0.56275 -0.19216 0.02059
v 0.56275 -0.19216 0.06451
v 0.56137 -0.19078 0.06588
v 0.56275 -0.19216 0.06588
v 0.56137 -0.19078 0.06725
v 0.56275 -0.19216 0.06725
v 0.56275 -0.19078 0.06794
v 0.56137 -0.18804 0.01098
v 0.56275 -0.18941 0.01098
v 0.56275 -0.18804 0.01029
v 0.56137 -0.18804 0.01235
v 0.56275 -0.18941 0.01235
v 0.56275 -0.18941 0.06863
v 0.56275 -0.18941 0.07000
v 0.56137 -0.18804 0.07137
v 0.56275 -0.18941 0.07137
v 0.56275 -0.18804 0.07206
v 0.56137 -0.18529 0.00961
v 0.56275 -0.18667 0.00961
v 0.56275 -0.18529 0.00892
v 0.56275 -0.18667 0.07275
v 0.56275 -0.18529 0.07343
v 0.56137 -0.18255 0.00549
v 0.56275 -0.18392 0.00549
v 0.56275 -0.18255 0.00480
v 0.56137 -0.18255 0.00686
v 0.56275 -0.18392 0.00686
v 0.56275 -0.18392 0.00824
v 0.56275 -0.18392 0.07412
v 0.56275 -0.18392 0.07549
v 0.56275 -0.18255 0.07618
v 0.56137 -0.17980 0.00412
v 0.56275 -0.18118 0.00412
v 0.56275 -0.17980 0.00343
v 0.56275 -0.18118 0.07686
v 0.56275 -0.17980 0.07755
v 0.56275 -0.17706 0.00343
v 0.56275 -0.17843 0.07824
v 0.56275 -0.17706 0.07892
v 0.56137 -0.17431 0.00275
v 0.56275 -0.17569 0.00275
v 0.56275 -0.17431 0.00206
v 0.56275 -0.17569 0.07961
v 0.56275 -0.17431 0.08029
v 0.56275 -0.17294 0.00275
v 0.56275 -0.17157 0.00343
v 0.56275 -0.17157 0.08029
v 0.56137 -0.16882 0.00275
v 0.56275 -0.17020 0.00275
v 0.56275 -0.16882 0.00206
v 0.56275 -0.16882 0.08029
v 0.56137 -0.16608 0.00275
v 0.56275 -0.16608 0.00206
v 0.56275 -0.16608 0.08029
v 0.56137 -0.16333 0.00275
v 0.56275 -0.16333 0.00206
v 0.56275 -0.16333 0.08029
v 0.56137 -0.16059 0.00275
v 0.56275 -0.16059 0.00206
v 0.56137 -0.16059 0.07961
v 0.56275 -0.16196 0.07961
v 0.56275 -0.16059 0.07892
v 0.56137 -0.15784 0.00275
v 0.56275 -0.15784 0.00206
v 0.56137 -0.15784 0.07961
v 0.56275 -0.15784 0.07892
v 0.56137 -0.15510 0.00275
v 0.56275 -0.15510 0.00206
v 0.56275 -0.15510 0.07892
v 0.56275 -0.15373 0.00275
v 0.56137 -0.15235 0.00412
v 0.56275 -0.15235 0.00343
v 0.56275 -0.15373 0.07824
v 0.56275 -0.15235 0.07755
v 0.56275 -0.15098 0.00412
v 0.56137 -0.14961 0.00549
v 0.56275 -0.14961 0.00480
v 0.56275 -0.15098 0.07686
v 0.56275 -0.14961 0.07618
v 0.56275 -0.14824 0.00549
v 0.56137 -0.14686 0.00686
v 0.56275 -0.14686 0.00618
v 0.56137 -0.14686 0.07549
v 0.56275 -0.14824 0.07549
v 0.56275 -0.14686 0.07480
v 0.56275 -0.14549 0.00686
v 0.56137 -0.14412 0.00824
v 0.56275 -0.14412 0.00755
v 0.56137 -0.14412 0.00961
v 0.56137 -0.14412 0.07412
v 0.56275 -0.14549 0.07412
v 0.56275 -0.14412 0.07343
v 0.56275 -0.14275 0.00824
v 0.56275 -0.14275 0.00961
v 0.56137 -0.14137 0.01098
v 0.56275 -0.14137 0.01029
v 0.56137 -0.14137 0.01235
v 0.56275 -0.14275 0.07275
v 0.56275 -0.14137 0.07206
v 0.56275 -0.14000 0.01098
v 0.56275 -0.14000 0.01235
v 0.56275 -0.14000 0.01373
v 0.56137 -0.13863 0.01510
v 0.56275 -0.13863 0.01441
v 0.56137 -0.13863 0.01647
v 0.56137 -0.13863 0.07000
v 0.56275 -0.14000 0.07137
v 0.56275 -0.13863 0.07069
v 0.56275 -0.13725 0.01510
v 0.56275 -0.13725 0.01647
v 0.56275 -0.13725 0.01784
v 0.56137 -0.13588 0.01922
v 0.56275 -0.13588 0.01853
v 0.56137 -0.13588 0.02059
v 0.56137 -0.13588 0.02196
v 0.56137 -0.13588 0.02333
v 0.56275 -0.13725 0.06725
v 0.56275 -0.13588 0.06657
v 0.56275 -0.13725 0.06863
v 0.56275 -0.13725 0.07000
v 0.56275 -0.13451 0.01922
v 0.56275 -0.13451 0.02059
v 0.56275 -0.13451 0.02196
v 0.56275 -0.13451 0.02333
v 0.56275 -0.13451 0.02471
v 0.56275 -0.13451 0.02608
v 0.56275 -0.13451 0.02745
v 0.56137 -0.13314 0.02882
v 0.56275 -0.13314 0.02814
v 0.56137 -0.13314 0.03020
v 0.56137 -0.13314 0.03157
v 0.56137 -0.13314 0.03294
v 0.56137 -0.13314 0.03706
v 0.56137 -0.13314 0.05765
v 0.56137 -0.13314 0.05902
v 0.56275 -0.13451 0.05902
v 0.56275 -0.13314 0.05833
v 0.56275 -0.13451 0.06039
v 0.56275 -0.13451 0.06176
v 0.56275 -0.13451 0.06314
v 0.56275 -0.13451 0.06451
v 0.56275 -0.13451 0.06588
v 0.56275 -0.13176 0.02882
v 0.56275 -0.13176 0.03020
v 0.56275 -0.13176 0.03157
v 0.56275 -0.13176 0.03294
v 0.56275 -0.13176 0.03431
v 0.56275 -0.13176 0.03569
v 0.56275 -0.13176 0.03706
v 0.56275 -0.13176 0.03843
v 0.56275 -0.13176 0.03980
v 0.56275 -0.13176 0.04118
v 0.56275 -0.13176 0.04255
v 0.56275 -0.13176 0.04392
v 0.56275 -0.13176 0.04529
v 0.56275 -0.13176 0.04667
v 0.56275 -0.13176 0.04804
v 0.56275 -0.13176 0.04941
v 0.56275 -0.13176 0.05078
v 0.56275 -0.13176 0.05216
v 0.56275 -0.13176 0.05353
v 0.56275 -0.13176 0.05490
v 0.56275 -0.13176 0.05627
v 0.56275 -0.13176 0.05765
v 0.56412 -0.19902 0.03706
v 0.56549 -0.20039 0.03706
v 0.56549 -0.19902 0.03637
v 0.56549 -0.19902 0.03775
v 0.56412 -0.19902 0.04255
v 0.56549 -0.20039 0.04255
v 0.56549 -0.19902 0.04186
v 0.56549 -0.19902 0.04324
v 0.56412 -0.19902 0.04529
v 0.56549 -0.20039 0.04529
v 0.56549 -0.19902 0.04461
v 0.56549 -0.19902 0.04598
v 0.56412 -0.19902 0.04941
v 0.56549 -0.20039 0.04941
v 0.56549 -0.19902 0.04873
v 0.56549 -0.19902 0.05010
v 0.56412 -0.19627 0.02333
v 0.56549 -0.19765 0.02333
v 0.56549 -0.19627 0.02265
v 0.56549 -0.19627 0.02402
v 0.56412 -0.19627 0.02608
v 0.56549 -0.19765 0.02608
v 0.56549 -0.19627 0.02539
v 0.56412 -0.19627 0.02745
v 0.56549 -0.19765 0.02745
v 0.56412 -0.19627 0.02882
v 0.56549 -0.19765 0.02882
v 0.56549 -0.19765 0.03020
v 0.56549 -0.19765 0.03157
v 0.56549 -0.19765 0.03294
v 0.56549 -0.19765 0.03431
v 0.56549 -0.19765 0.03569
v 0.56549 -0.19765 0.03843
v 0.56549 -0.19765 0.03980
v 0.56549 -0.19765 0.04118
v 0.56549 -0.19765 0.04392
v 0.56549 -0.19765 0.04667
v 0.56549 -0.19765 0.04804
v 0.56549 -0.19765 0.05078
v 0.56549 -0.19765 0.05216
v 0.56549 -0.19765 0.05353
v 0.56549 -0.19765 0.05490
v 0.56549 -0.19765 0.05627
v 0.56549 -0.19765 0.05765
v 0.56412 -0.19627 0.05902
v 0.56549 -0.19765 0.05902
v 0.56412 -0.19627 0.06039
v 0.56549 -0.19765 0.06039
v 0.56549 -0.19627 0.06108
v 0.56412 -0.19353 0.01784
v 0.56549 -0.19490 0.01784
v 0.56549 -0.19353 0.01716
v 0.56412 -0.19353 0.01922
v 0.56549 -0.19490 0.01922
v 0.56412 -0.19353 0.02059
v 0.56549 -0.19490 0.02059
v 0.56549 -0.19490 0.02196
v 0.56549 -0.19490 0.02471
v 0.56549 -0.19490 0.06176
v 0.56549 -0.19490 0.06314
v 0.56412 -0.19353 0.06451
v 0.56549 -0.19490 0.06451
v 0.56412 -0.19353 0.06588
v 0.56549 -0.19490 0.06588
v 0.56549 -0.19353 0.06657
v 0.56412 -0.19078 0.01235
v 0.56549 -0.19216 0.01235
v 0.56549 -0.19078 0.01167
v 0.56549 -0.19216 0.01373
v 0.56549 -0.19216 0.01510
v 0.56549 -0.19216 0.01647
v 0.56549 -0.19216 0.06725
v 0.56412 -0.19078 0.06863
v 0.56549 -0.19216 0.06863
v 0.56549 -0.19078 0.06931
v 0.56412 -0.18804 0.00824
v 0.56549 -0.18941 0.00824
v 0.56549 -0.18804 0.00755
v 0.56412 -0.18804 0.00961
v 0.56549 -0.18941 0.00961
v 0.56549 -0.18941 0.01098
v 0.56549 -0.18941 0.07000
v 0.56549 -0.18941 0.07137
v 0.56549 -0.18804 0.07206
v 0.56412 -0.18529 0.00686
v 0.56549 -0.18667 0.00686
v 0.56549 -0.18529 0.00618
v 0.56412 -0.18529 0.00824
v 0.56549 -0.18667 0.07275
v 0.56549 -0.18529 0.07343
v 0.56549 -0.18392 0.00549
v 0.56549 -0.18255 0.00480
v 0.56549 -0.18392 0.07412
v 0.56549 -0.18392 0.07549
v 0.56549 -0.18255 0.07618
v 0.56549 -0.18118 0.00412
v 0.56549 -0.17980 0.00343
v 0.56549 -0.18118 0.07686
v 0.56412 -0.17980 0.07824
v 0.56549 -0.18118 0.07824
v 0.56549 -0.17980 0.07892
v 0.56412 -0.17706 0.00275
v 0.56549 -0.17843 0.00275
v 0.56549 -0.17706 0.00206
v 0.56549 -0.17706 0.07892
v 0.56549 -0.17431 0.00206
v 0.56412 -0.17431 0.07961
v 0.56549 -0.17431 0.07892
v 0.56412 -0.17157 0.00275
v 0.56549 -0.17157 0.00206
v 0.56412 -0.17157 0.07961
v 0.56549 -0.17157 0.07892
v 0.56549 -0.16882 0.00206
v 0.56549 -0.17020 0.07961
v 0.56549 -0.16882 0.08029
v 0.56549 -0.16608 0.00206
v 0.56549 -0.16608 0.08029
v 0.56412 -0.16333 0.00137
v 0.56549 -0.16471 0.00137
v 0.56549 -0.16333 0.00069
v 0.56412 -0.16333 0.07961
v 0.56549 -0.16471 0.07961
v 0.56549 -0.16333 0.07892
v 0.56549 -0.16196 0.00137
v 0.56549 -0.16059 0.00206
v 0.56549 -0.16059 0.07892
v 0.56549 -0.15784 0.00206
v 0.56549 -0.15784 0.07892
v 0.56549 -0.15510 0.00206
v 0.56412 -0.15510 0.07824
v 0.56549 -0.15647 0.07824
v 0.56549 -0.15510 0.07755
v 0.56412 -0.15235 0.00275
v 0.56549 -0.15235 0.00206
v 0.56549 -0.15235 0.07755
v 0.56412 -0.14961 0.00275
v 0.56549 -0.14961 0.00206
v 0.56412 -0.14961 0.00412
v 0.56549 -0.15098 0.07686
v 0.56549 -0.14961 0.07618
v 0.56549 -0.14824 0.00275
v 0.56549 -0.14824 0.00412
v 0.56412 -0.14686 0.00549
v 0.56549 -0.14686 0.00480
v 0.56412 -0.14686 0.07549
v 0.56549 -0.14686 0.07618
v 0.56549 -0.14549 0.00549
v 0.56412 -0.14412 0.00686
v 0.56549 -0.14412 0.00618
v 0.56412 -0.14412 0.07412
v 0.56549 -0.14549 0.07549
v 0.56549 -0.14412 0.07480
v 0.56549 -0.14275 0.00686
v 0.56549 -0.14275 0.00824
v 0.56412 -0.14137 0.00961
v 0.56549 -0.14137 0.00892
v 0.56549 -0.14275 0.07275
v 0.56549 -0.14137 0.07206
v 0.56549 -0.14275 0.07412
v 0.56549 -0.14000 0.00961
v 0.56549 -0.14000 0.01098
v 0.56412 -0.13863 0.01235
v 0.56549 -0.13863 0.01167
v 0.56412 -0.13863 0.01373
v 0.56412 -0.13863 0.07000
v 0.56549 -0.14000 0.07000
v 0.56549 -0.13863 0.06931
v 0.56549 -0.14000 0.07137
v 0.56549 -0.13725 0.01235
v 0.56549 -0.13725 0.01373
v 0.56549 -0.13725 0.01510
v 0.56549 -0.13725 0.01647
v 0.56412 -0.13588 0.01784
v 0.56549 -0.13588 0.01716
v 0.56549 -0.13725 0.06725
v 0.56549 -0.13588 0.06657
v 0.56549 -0.13725 0.06863
v 0.56549 -0.13451 0.01784
v 0.56549 -0.13451 0.01922
v 0.56549 -0.13451 0.02059
v 0.56549 -0.13451 0.02196
v 0.56549 -0.13451 0.02333
v 0.56412 -0.13314 0.02471
v 0.56549 -0.13314 0.02402
v 0.56412 -0.13314 0.02608
v 0.56412 -0.13314 0.02745
v 0.56412 -0.13314 0.05902
v 0.56412 -0.13314 0.06039
v 0.56549 -0.13451 0.06176
v 0.56549 -0.13314 0.06108
v 0.56549 -0.13451 0.06314
v 0.56549 -0.13451 0.06451
v 0.56549 -0.13451 0.06588
v 0.56549 -0.13176 0.02471
v 0.56549 -0.13176 0.02608
v 0.56549 -0.13176 0.02745
v 0.56549 -0.13176 0.02882
v 0.56549 -0.13176 0.03020
v 0.56549 -0.13176 0.03157
v 0.56549 -0.13176 0.03294
v 0.56549 -0.13176 0.03431
v 0.56549 -0.13176 0.03569
v 0.56549 -0.13176 0.03706
v 0.56549 -0.13176 0.03843
v 0.56412 -0.13039 0.03980
v 0.56549 -0.13039 0.03912
v 0.56549 -0.13176 0.04118
v 0.56549 -0.13039 0.04049
v 0.56549 -0.13176 0.04255
v 0.56412 -0.13039 0.04392
v 0.56549 -0.13039 0.04324
v 0.56549 -0.13176 0.04529
v 0.56549 -0.13039 0.04461
v 0.56549 -0.13176 0.04667
v 0.56549 -0.13176 0.04804
v 0.56549 -0.13176 0.04941
v 0.56412 -0.13039 0.05078
v 0.56549 -0.13039 0.05010
v 0.56549 -0.13176 0.05216
v 0.56549 -0.13039 0.05147
v 0.56549 -0.13176 0.05353
v 0.56549 -0.13176 0.05490
v 0.56549 -0.13176 0.05627
v 0.56549 -0.13176 0.05765
v 0.56549 -0.13176 0.05902
v 0.56549 -0.13176 0.06039
v 0.56549 -0.12902 0.03980
v 0.56549 -0.12902 0.04392
v 0.56549 -0.12902 0.05078
v 0.56686 -0.19902 0.02882
v 0.56824 -0.20039 0.02882
v 0.56824 -0.19902 0.02814
v 0.56686 -0.19902 0.03020
v 0.56824 -0.20039 0.03020
v 0.56686 -0.19902 0.03157
v 0.56824 -0.20039 0.03157
v 0.56686 -0.19902 0.03294
v 0.56824 -0.20039 0.03294
v 0.56686 -0.19902 0.03431
v 0.56824 -0.20039 0.03431
v 0.56686 -0.19902 0.03569
v 0.56824 -0.20039 0.03569
v 0.56824 -0.20039 0.03706
v 0.56686 -0.19902 0.03843
v 0.56824 -0.20039 0.03843
v 0.56686 -0.19902 0.03980
v 0.56824 -0.20039 0.03980
v 0.56686 -0.19902 0.04118
v 0.56824 -0.20039 0.04118
v 0.56824 -0.20039 0.04255
v 0.56686 -0.19902 0.04392
v 0.56824 -0.20039 0.04392
v 0.56824 -0.20039 0.04529
v 0.56686 -0.19902 0.04667
v 0.56824 -0.20039 0.04667
v 0.56686 -0.19902 0.04804
v 0.56824 -0.20039 0.04804
v 0.56824 -0.20039 0.04941
v 0.56686 -0.19902 0.05078
v 0.56824 -0.20039 0.05078
v 0.56686 -0.19902 0.05216
v 0.56824 -0.20039 0.05216
v 0.56824 -0.19902 0.05284
v 0.56686 -0.19627 0.02059
v 0.56824 -0.19765 0.02059
v 0.56824 -0.19627 0.01990
v 0.56686 -0.19627 0.02196
v 0.56824 -0.19765 0.02196
v 0.56824 -0.19765 0.02333
v 0.56686 -0.19627 0.02471
v 0.56824 -0.19765 0.02471
v 0.56824 -0.19765 0.02608
v 0.56824 -0.19765 0.02745
v 0.56824 -0.19765 0.05353
v 0.56824 -0.19765 0.05490
v 0.56824 -0.19765 0.05627
v 0.56824 -0.19765 0.05765
v 0.56824 -0.19765 0.05902
v 0.56824 -0.19765 0.06039
v 0.56824 -0.19627 0.06108
v 0.56686 -0.19353 0.01373
v 0.56824 -0.19490 0.01373
v 0.56824 -0.19353 0.01304
v 0.56686 -0.19353 0.01510
v 0.56824 -0.19490 0.01510
v 0.56686 -0.19353 0.01647
v 0.56824 -0.19490 0.01647
v 0.56824 -0.19490 0.01784
v 0.56824 -0.19490 0.01922
v 0.56824 -0.19490 0.06176
v 0.56824 -0.19490 0.06314
v 0.56824 -0.19490 0.06451
v 0.56824 -0.19490 0.06588
v 0.56824 -0.19353 0.06657
v 0.56686 -0.19078 0.00961
v 0.56824 -0.19216 0.00961
v 0.56824 -0.19078 0.00892
v 0.56686 -0.19078 0.01098
v 0.56824 -0.19216 0.01098
v 0.56824 -0.19216 0.01235
v 0.56824 -0.19216 0.06725
v 0.56824 -0.19216 0.06863
v 0.56824 -0.19078 0.06931
v 0.56686 -0.18804 0.00686
v 0.56824 -0.18941 0.00686
v 0.56824 -0.18804 0.00618
v 0.56824 -0.18941 0.00824
v 0.56824 -0.18941 0.07000
v 0.56824 -0.18941 0.07137
v 0.56824 -0.18804 0.07206
v 0.56686 -0.18529 0.00549
v 0.56824 -0.18667 0.00549
v 0.56824 -0.18529 0.00480
v 0.56824 -0.18667 0.07275
v 0.56686 -0.18529 0.07412
v 0.56824 -0.18667 0.07412
v 0.56824 -0.18529 0.07480
v 0.56686 -0.18255 0.00412
v 0.56824 -0.18392 0.00412
v 0.56824 -0.18255 0.00343
v 0.56824 -0.18392 0.07549
v 0.56824 -0.18255 0.07618
v 0.56686 -0.17980 0.00275
v 0.56824 -0.18118 0.00275
v 0.56824 -0.17980 0.00206
v 0.56824 -0.18118 0.07686
v 0.56686 -0.17980 0.07824
v 0.56824 -0.17980 0.07755
v 0.56824 -0.17706 0.00206
v 0.56686 -0.17706 0.07824
v 0.56824 -0.17706 0.07755
v 0.56686 -0.17431 0.00137
v 0.56824 -0.17569 0.00137
v 0.56824 -0.17431 0.00069
v 0.56824 -0.17569 0.07824
v 0.56824 -0.17431 0.07892
v 0.56686 -0.17157 0.00137
v 0.56824 -0.17157 0.00069
v 0.56824 -0.17157 0.07892
v 0.56686 -0.16882 0.00137
v 0.56824 -0.16882 0.00069
v 0.56686 -0.16882 0.07961
v 0.56824 -0.16882 0.07892
v 0.56686 -0.16608 0.00137
v 0.56824 -0.16608 0.00069
v 0.56686 -0.16608 0.07961
v 0.56824 -0.16608 0.07892
v 0.56824 -0.16333 0.00069
v 0.56824 -0.16333 0.07892
v 0.56686 -0.16059 0.00137
v 0.56824 -0.16059 0.00069
v 0.56824 -0.16059 0.07892
v 0.56686 -0.15784 0.00137
v 0.56824 -0.15784 0.00069
v 0.56824 -0.15784 0.07892
v 0.56686 -0.15510 0.00137
v 0.56824 -0.15510 0.00069
v 0.56824 -0.15647 0.07824
v 0.56824 -0.15510 0.07755
v 0.56686 -0.15235 0.00137
v 0.56824 -0.15235 0.00069
v 0.56686 -0.15235 0.07686
v 0.56824 -0.15373 0.07686
v 0.56824 -0.15235 0.07618
v 0.56824 -0.15098 0.00137
v 0.56824 -0.14961 0.00206
v 0.56824 -0.14961 0.07618
v 0.56824 -0.14824 0.00275
v 0.56686 -0.14686 0.00412
v 0.56824 -0.14686 0.00343
v 0.56686 -0.14686 0.07549
v 0.56824 -0.14824 0.07549
v 0.56824 -0.14686 0.07480
v 0.56824 -0.14549 0.00412
v 0.56824 -0.14549 0.00549
v 0.56824 -0.14412 0.00618
v 0.56686 -0.14412 0.07412
v 0.56824 -0.14549 0.07412
v 0.56824 -0.14412 0.07343
v 0.56824 -0.14275 0.00686
v 0.56686 -0.14137 0.00824
v 0.56824 -0.14137 0.00755
v 0.56824 -0.14275 0.07275
v 0.56824 -0.14137 0.07206
v 0.56824 -0.14000 0.00824
v 0.56824 -0.14000 0.00961
v 0.56686 -0.13863 0.01098
v 0.56824 -0.13863 0.01029
v 0.56686 -0.13863 0.07000
v 0.56824 -0.14000 0.07137
v 0.56824 -0.13863 0.07069
v 0.56824 -0.13725 0.01098
v 0.56824 -0.13725 0.01235
v 0.56824 -0.13725 0.01373
v 0.56824 -0.13725 0.01510
v 0.56686 -0.13588 0.01647
v 0.56824 -0.13588 0.01578
v 0.56824 -0.13725 0.06725
v 0.56824 -0.13588 0.06657
v 0.56824 -0.13725 0.06863
v 0.56824 -0.13725 0.07000
v 0.56824 -0.13451 0.01647
v 0.56824 -0.13451 0.01784
v 0.56824 -0.13451 0.01922
v 0.56824 -0.13451 0.02059
v 0.56686 -0.13314 0.02196
v 0.56824 -0.13314 0.02127
v 0.56686 -0.13314 0.02333
v 0.56686 -0.13314 0.06176
v 0.56824 -0.13451 0.06314
v 0.56824 -0.13314 0.06245
v 0.56824 -0.13451 0.06451
v 0.56824 -0.13451 0.06588
v 0.56824 -0.13176 0.02196
v 0.56824 -0.13176 0.02333
v 0.56824 -0.13176 0.02471
v 0.56824 -0.13176 0.02608
v 0.56824 -0.13176 0.02745
v 0.56824 -0.13176 0.02882
v 0.56824 -0.13176 0.03020
v 0.56824 -0.13176 0.03157
v 0.56686 -0.13039 0.03294
v 0.56824 -0.13039 0.03225
v 0.56824 -0.13176 0.03431
v 0.56824 -0.13039 0.03363
v 0.56686 -0.13039 0.03569
v 0.56824 -0.13039 0.03500
v 0.56686 -0.13039 0.03706
v 0.56686 -0.13039 0.03843
v 0.56686 -0.13039 0.04118
v 0.56686 -0.13039 0.04255
v 0.56686 -0.13039 0.04529
v 0.56686 -0.13039 0.04667
v 0.56686 -0.13039 0.04804
v 0.56686 -0.13039 0.04941
v 0.56824 -0.13176 0.05216
v 0.56824 -0.13039 0.05147
v 0.56824 -0.13176 0.05353
v 0.56824 -0.13176 0.05490
v 0.56824 -0.13176 0.05627
v 0.56824 -0.13176 0.05765
v 0.56824 -0.13176 0.05902
v 0.56824 -0.13176 0.06039
v 0.56824 -0.13176 0.06176
v 0.56824 -0.12902 0.03294
v 0.56824 -0.12902 0.03569
v 0.56824 -0.12902 0.03706
v 0.56824 -0.12902 0.03843
v 0.56824 -0.12902 0.03980
v 0.56824 -0.12902 0.04118
v 0.56824 -0.12902 0.04255
v 0.56824 -0.12902 0.04392
v 0.56824 -0.12902 0.04529
v 0.56824 -0.12902 0.04667
v 0.56824 -0.12902 0.04804
v 0.56824 -0.12902 0.04941
v 0.56824 -0.12902 0.05078
v 0.56961 -0.19902 0.02471
v 0.57098 -0.20039 0.02471
v 0.57098 -0.19902 0.02402
v 0.56961 -0.19902 0.02608
v 0.57098 -0.20039 0.02608
v 0.56961 -0.19902 0.02745
v 0.57098 -0.20039 0.02745
v 0.57098 -0.20039 0.02882
v 0.57098 -0.20039 0.03020
v 0.57098 -0.20039 0.03157
v 0.57098 -0.20039 0.03294
v 0.57098 -0.20039 0.03431
v 0.57098 -0.20039 0.03569
v 0.57098 -0.20039 0.03706
v 0.57098 -0.20039 0.03843
v 0.57098 -0.20039 0.03980
v 0.57098 -0.20039 0.04118
v 0.57098 -0.20039 0.04255
v 0.57098 -0.20039 0.04392
v 0.57098 -0.20039 0.04529
v 0.57098 -0.20039 0.04667
v 0.57098 -0.20039 0.04804
v 0.57098 -0.20039 0.04941
v 0.57098 -0.20039 0.05078
v 0.57098 -0.20039 0.05216
v 0.56961 -0.19902 0.05353
v 0.57098 -0.20039 0.05353
v 0.56961 -0.19902 0.05490
v 0.57098 -0.20039 0.05490
v 0.57098 -0.19902 0.05559
v 0.56961 -0.19627 0.01784
v 0.57098 -0.19765 0.01784
v 0.57098 -0.19627 0.01716
v 0.56961 -0.19627 0.01922
v 0.57098 -0.19765 0.01922
v 0.57098 -0.19765 0.02059
v 0.57098 -0.19765 0.02196
v 0.57098 -0.19765 0.02333
v 0.57098 -0.19765 0.05627
v 0.57098 -0.19765 0.05765
v 0.57098 -0.19765 0.05902
v 0.57098 -0.19765 0.06039
v 0.56961 -0.19627 0.06176
v 0.57098 -0.19765 0.06176
v 0.56961 -0.19627 0.06314
v 0.57098 -0.19765 0.06314
v 0.57098 -0.19627 0.06382
v 0.56961 -0.19353 0.01235
v 0.57098 -0.19490 0.01235
v 0.57098 -0.19353 0.01167
v 0.57098 -0.19490 0.01373
v 0.57098 -0.19490 0.01510
v 0.57098 -0.19490 0.01647
v 0.57098 -0.19490 0.06451
v 0.57098 -0.19490 0.06588
v 0.56961 -0.19353 0.06725
v 0.57098 -0.19490 0.06725
v 0.57098 -0.19353 0.06794
v 0.56961 -0.19078 0.00824
v 0.57098 -0.19216 0.00824
v 0.57098 -0.19078 0.00755
v 0.57098 -0.19216 0.00961
v 0.57098 -0.19216 0.01098
v 0.57098 -0.19216 0.06863
v 0.57098 -0.19078 0.06931
v 0.57098 -0.18941 0.00686
v 0.57098 -0.18804 0.00618
v 0.57098 -0.18941 0.07000
v 0.57098 -0.18941 0.07137
v 0.57098 -0.18804 0.07206
v 0.57098 -0.18667 0.00549
v 0.57098 -0.18529 0.00480
v 0.57098 -0.18667 0.07275
v 0.57098 -0.18667 0.07412
v 0.57098 -0.18529 0.07480
v 0.57098 -0.18392 0.00412
v 0.57098 -0.18255 0.00343
v 0.57098 -0.18392 0.07549
v 0.57098 -0.18255 0.07618
v 0.57098 -0.18118 0.00275
v 0.57098 -0.17980 0.00206
v 0.57098 -0.18118 0.07686
v 0.57098 -0.17980 0.07755
v 0.56961 -0.17706 0.00137
v 0.57098 -0.17843 0.00137
v 0.57098 -0.17706 0.00069
v 0.57098 -0.17706 0.07755
v 0.57098 -0.17431 0.00069
v 0.57098 -0.17569 0.07824
v 0.57098 -0.17431 0.07892
v 0.56961 -0.17157 0.00000
v 0.57098 -0.17294 0.00000
v 0.57098 -0.17157 -0.00069
v 0.57098 -0.17157 0.07892
v 0.57098 -0.17020 0.00000
v 0.57098 -0.16882 0.00069
v 0.57098 -0.16882 0.07892
v 0.57098 -0.16608 0.00069
v 0.57098 -0.16608 0.07892
v 0.56961 -0.16333 0.00000
v 0.57098 -0.16471 0.00000
v 0.57098 -0.16333 -0.00069
v 0.57098 -0.16333 0.07892
v 0.57098 -0.16196 0.00000
v 0.57098 -0.16059 0.00069
v 0.56961 -0.16059 0.07824
v 0.57098 -0.16196 0.07824
v 0.57098 -0.16059 0.07755
v 0.57098 -0.15784 0.00069
v 0.56961 -0.15784 0.07824
v 0.57098 -0.15784 0.07755
v 0.57098 -0.15510 0.00069
v 0.57098 -0.15510 0.07755
v 0.56961 -0.15235 0.00000
v 0.57098 -0.15373 0.00000
v 0.57098 -0.15235 -0.00069
v 0.57098 -0.15373 0.07686
v 0.57098 -0.15235 0.07618
v 0.57098 -0.15098 0.00000
v 0.56961 -0.14961 0.00137
v 0.57098 -0.14961 0.00069
v 0.57098 -0.14961 0.07618
v 0.57098 -0.14824 0.00137
v 0.57098 -0.14824 0.00275
v 0.57098 -0.14686 0.00343
v 0.57098 -0.14824 0.07549
v 0.57098 -0.14686 0.07480
v 0.57098 -0.14549 0.00412
v 0.56961 -0.14412 0.00549
v 0.57098 -0.14412 0.00480
v 0.57098 -0.14549 0.07412
v 0.57098 -0.14412 0.07343
v 0.57098 -0.14275 0.00549
v 0.57098 -0.14275 0.00686
v 0.57098 -0.14137 0.00755
v 0.57098 -0.14275 0.07275
v 0.57098 -0.14137 0.07206
v 0.57098 -0.14000 0.00824
v 0.57098 -0.14000 0.00961
v 0.57098 -0.13863 0.01029
v 0.56961 -0.13863 0.07000
v 0.57098 -0.14000 0.07000
v 0.57098 -0.13863 0.06931
v 0.57098 -0.14000 0.07137
v 0.57098 -0.13725 0.01098
v 0.57098 -0.13725 0.01235
v 0.57098 -0.13725 0.01373
v 0.56961 -0.13588 0.01510
v 0.57098 -0.13588 0.01441
v 0.57098 -0.13725 0.06725
v 0.57098 -0.13588 0.06657
v 0.57098 -0.13725 0.06863
v 0.57098 -0.13451 0.01510
v 0.57098 -0.13451 0.01647
v 0.57098 -0.13451 0.01784
v 0.57098 -0.13451 0.01922
v 0.56961 -0.13314 0.02059
v 0.57098 -0.13314 0.01990
v 0.56961 -0.13314 0.06314
v 0.57098 -0.13451 0.06451
v 0.57098 -0.13314 0.06382
v 0.57098 -0.13451 0.06588
v 0.57098 -0.13176 0.02059
v 0.57098 -0.13176 0.02196
v 0.57098 -0.13176 0.02333
v 0.57098 -0.13176 0.02471
v 0.57098 -0.13176 0.02608
v 0.56961 -0.13039 0.02745
v 0.57098 -0.13039 0.02676
v 0.56961 -0.13039 0.02882
v 0.56961 -0.13039 0.03020
v 0.56961 -0.13039 0.03157
v 0.56961 -0.13039 0.03431
v 0.56961 -0.13039 0.05216
v 0.56961 -0.13039 0.05353
v 0.57098 -0.13176 0.05490
v 0.57098 -0.13039 0.05422
v 0.57098 -0.13176 0.05627
v 0.57098 -0.13176 0.05765
v 0.57098 -0.13176 0.05902
v 0.57098 -0.13176 0.06039
v 0.57098 -0.13176 0.06176
v 0.57098 -0.13176 0.06314
v 0.57098 -0.12902 0.02745
v 0.57098 -0.12902 0.02882
v 0.57098 -0.12902 0.03020
v 0.57098 -0.12902 0.03157
v 0.57098 -0.12902 0.03294
v 0.57098 -0.12902 0.03431
v 0.57098 -0.12902 0.03569
v 0.57098 -0.12902 0.03706
v 0.57098 -0.12902 0.03843
v 0.57098 -0.12902 0.03980
v 0.57098 -0.12902 0.04118
v 0.57098 -0.12902 0.04255
v 0.57098 -0.12902 0.04392
v 0.57098 -0.12902 0.04529
v 0.57098 -0.12902 0.04667
v 0.57098 -0.12902 0.04804
v 0.57098 -0.12902 0.04941
v 0.57098 -0.12902 0.05078
v 0.57098 -0.12902 0.05216
v 0.57098 -0.12902 0.05353
v 0.57235 -0.20176 0.03706
v 0.57373 -0.20314 0.03706
v 0.57373 -0.20176 0.03637
v 0.57373 -0.20176 0.03775
v 0.57235 -0.19902 0.02333
v 0.57373 -0.20039 0.02333
v 0.57373 -0.19902 0.02265
v 0.57373 -0.20039 0.02471
v 0.57373 -0.20039 0.02608
v 0.57373 -0.20039 0.02745
v 0.57373 -0.20039 0.02882
v 0.57373 -0.20039 0.03020
v 0.57373 -0.20039 0.03157
v 0.57373 -0.20039 0.03294
v 0.57373 -0.20039 0.03431
v 0.57373 -0.20039 0.03569
v 0.57373 -0.20039 0.03843
v 0.57373 -0.20039 0.03980
v 0.57373 -0.20039 0.04118
v 0.57373 -0.20039 0.04255
v 0.57373 -0.20039 0.04392
v 0.57373 -0.20039 0.04529
v 0.57373 -0.20039 0.04667
v 0.57373 -0.20039 0.04804
v 0.57373 -0.20039 0.04941
v 0.57373 -0.20039 0.05078
v 0.57373 -0.20039 0.05216
v 0.57373 -0.20039 0.05353
v 0.57373 -0.20039 0.05490
v 0.57235 -0.19902 0.05627
v 0.57373 -0.20039 0.05627
v 0.57235 -0.19902 0.05765
v 0.57373 -0.20039 0.05765
v 0.57373 -0.19902 0.05833
v 0.57235 -0.19627 0.01510
v 0.57373 -0.19765 0.01510
v 0.57373 -0.19627 0.01441
v 0.57235 -0.19627 0.01647
v 0.57373 -0.19765 0.01647
v 0.57373 -0.19765 0.01784
v 0.57373 -0.19765 0.01922
v 0.57373 -0.19765 0.02059
v 0.57373 -0.19765 0.02196
v 0.57373 -0.19765 0.05902
v 0.57373 -0.19765 0.06039
v 0.57373 -0.19765 0.06176
v 0.57373 -0.19765 0.06314
v 0.57235 -0.19627 0.06451
v 0.57373 -0.19765 0.06451
v 0.57373 -0.19627 0.06520
v 0.57235 -0.19353 0.01098
v 0.57373 -0.19490 0.01098
v 0.57373 -0.19353 0.01029
v 0.57373 -0.19490 0.01235
v 0.57373 -0.19490 0.01373
v 0.57373 -0.19490 0.06588
v 0.57373 -0.19490 0.06725
v 0.57373 -0.19353 0.06794
v 0.57235 -0.19078 0.00686
v 0.57373 -0.19216 0.00686
v 0.57373 -0.19078 0.00618
v 0.57373 -0.19216 0.00824
v 0.57373 -0.19216 0.00961
v 0.57373 -0.19216 0.06863
v 0.57235 -0.19078 0.07000
v 0.57373 -0.19216 0.07000
v 0.57373 -0.19078 0.07069
v 0.57235 -0.18804 0.00549
v 0.57373 -0.18941 0.00549
v 0.57373 -0.18804 0.00480
v 0.57373 -0.18941 0.07137
v 0.57373 -0.18804 0.07206
v 0.57235 -0.18529 0.00412
v 0.57373 -0.18667 0.00412
v 0.57373 -0.18529 0.00343
v 0.57373 -0.18667 0.07275
v 0.57373 -0.18667 0.07412
v 0.57373 -0.18529 0.07480
v 0.57235 -0.18255 0.00275
v 0.57373 -0.18392 0.00275
v 0.57373 -0.18255 0.00206
v 0.57373 -0.18392 0.07549
v 0.57373 -0.18255 0.07618
v 0.57235 -0.17980 0.00137
v 0.57373 -0.18118 0.00137
v 0.57373 -0.17980 0.00069
v 0.57373 -0.18118 0.07686
v 0.57373 -0.17980 0.07755
v 0.57373 -0.17706 0.00069
v 0.57373 -0.17706 0.07755
v 0.57235 -0.17431 0.00000
v 0.57373 -0.17569 0.00000
v 0.57373 -0.17431 -0.00069
v 0.57235 -0.17431 0.07824
v 0.57373 -0.17431 0.07755
v 0.57373 -0.17157 -0.00069
v 0.57235 -0.17157 0.07824
v 0.57373 -0.17157 0.07755
v 0.57235 -0.16882 0.00000
v 0.57373 -0.16882 -0.00069
v 0.57373 -0.17020 0.07824
v 0.57373 -0.16882 0.07892
v 0.57235 -0.16608 0.00000
v 0.57373 -0.16608 -0.00069
v 0.57235 -0.16608 0.07824
v 0.57373 -0.16745 0.07824
v 0.57373 -0.16608 0.07755
v 0.57373 -0.16333 -0.00069
v 0.57235 -0.16333 0.07824
v 0.57373 -0.16333 0.07755
v 0.57235 -0.16059 0.00000
v 0.57373 -0.16059 -0.00069
v 0.57373 -0.16059 0.07755
v 0.57235 -0.15784 0.00000
v 0.57373 -0.15784 -0.00069
v 0.57373 -0.15784 0.07755
v 0.57235 -0.15510 0.00000
v 0.57373 -0.15510 -0.00069
v 0.57235 -0.15510 0.07686
v 0.57373 -0.15647 0.07686
v 0.57373 -0.15510 0.07618
v 0.57373 -0.15235 -0.00069
v 0.57373 -0.15235 0.07618
v 0.57373 -0.15098 0.00000
v 0.57373 -0.14961 0.00069
v 0.57373 -0.14961 0.07618
v 0.57373 -0.14824 0.00137
v 0.57235 -0.14686 0.00275
v 0.57373 -0.14686 0.00206
v 0.57373 -0.14824 0.07549
v 0.57373 -0.14686 0.07480
v 0.57373 -0.14549 0.00275
v 0.57235 -0.14412 0.00412
v 0.57373 -0.14412 0.00343
v 0.57373 -0.14549 0.07412
v 0.57373 -0.14412 0.07343
v 0.57373 -0.14275 0.00412
v 0.57373 -0.14275 0.00549
v 0.57235 -0.14137 0.00686
v 0.57373 -0.14137 0.00618
v 0.57373 -0.14275 0.07275
v 0.57373 -0.14137 0.07206
v 0.57373 -0.14000 0.00686
v 0.57373 -0.14000 0.00824
v 0.57373 -0.14000 0.00961
v 0.57373 -0.13863 0.01029
v 0.57373 -0.14000 0.07000
v 0.57373 -0.13863 0.06931
v 0.57373 -0.14000 0.07137
v 0.57373 -0.13725 0.01098
v 0.57373 -0.13725 0.01235
v 0.57235 -0.13588 0.01373
v 0.57373 -0.13588 0.01304
v 0.57373 -0.13725 0.06725
v 0.57373 -0.13588 0.06657
v 0.57373 -0.13725 0.06863
v 0.57373 -0.13451 0.01373
v 0.57373 -0.13451 0.01510
v 0.57373 -0.13451 0.01647
v 0.57373 -0.13451 0.01784
v 0.57235 -0.13314 0.01922
v 0.57373 -0.13314 0.01853
v 0.57373 -0.13451 0.06451
v 0.57373 -0.13314 0.06382
v 0.57373 -0.13451 0.06588
v 0.57373 -0.13176 0.01922
v 0.57373 -0.13176 0.02059
v 0.57373 -0.13176 0.02196
v 0.57373 -0.13176 0.02333
v 0.57373 -0.13176 0.02471
v 0.57235 -0.13039 0.02608
v 0.57373 -0.13039 0.02539
v 0.57235 -0.13039 0.05490
v 0.57235 -0.13039 0.05627
v 0.57373 -0.13176 0.05765
v 0.57373 -0.13039 0.05696
v 0.57373 -0.13176 0.05902
v 0.57373 -0.13176 0.06039
v 0.57373 -0.13176 0.06176
v 0.57373 -0.13176 0.06314
v 0.57373 -0.12902 0.02608
v 0.57373 -0.12902 0.02745
v 0.57373 -0.12902 0.02882
v 0.57373 -0.12902 0.03020
v 0.57373 -0.12902 0.03157
v 0.57373 -0.12902 0.03294
v 0.57373 -0.12902 0.03431
v 0.57373 -0.12902 0.03569
v 0.57373 -0.12902 0.03706
v 0.57373 -0.12902 0.03843
v 0.57373 -0.12902 0.03980
v 0.57373 -0.12902 0.04118
v 0.57373 -0.12902 0.04255
v 0.57373 -0.12902 0.04392
v 0.57373 -0.12902 0.04529
v 0.57373 -0.12902 0.04667
v 0.57373 -0.12902 0.04804
v 0.57373 -0.12902 0.04941
v 0.57373 -0.12902 0.05078
v 0.57373 -0.12902 0.05216
v 0.57373 -0.12902 0.05353
v 0.57373 -0.12902 0.05490
v 0.57373 -0.12902 0.05627
v 0.57647 -0.20314 0.03706
v 0.57647 -0.20176 0.03637
v 0.57647 -0.20176 0.03775
v 0.57510 -0.20176 0.03980
v 0.57647 -0.20314 0.03980
v 0.57647 -0.20176 0.03912
v 0.57510 -0.20176 0.04118
v 0.57647 -0.20314 0.04118
v 0.57510 -0.20176 0.04255
v 0.57647 -0.20314 0.04255
v 0.57647 -0.20176 0.04324
v 0.57510 -0.19902 0.02196
v 0.57647 -0.20039 0.02196
v 0.57647 -0.19902 0.02127
v 0.57647 -0.20039 0.02333
v 0.57647 -0.20039 0.02471
v 0.57647 -0.20039 0.02608
v 0.57647 -0.20039 0.02745
v 0.57647 -0.20039 0.02882
v 0.57647 -0.20039 0.03020
v 0.57647 -0.20039 0.03157
v 0.57647 -0.20039 0.03294
v 0.57647 -0.20039 0.03431
v 0.57647 -0.20039 0.03569
v 0.57647 -0.20039 0.03843
v 0.57647 -0.20039 0.04392
v 0.57647 -0.20039 0.04529
v 0.57647 -0.20039 0.04667
v 0.57647 -0.20039 0.04804
v 0.57647 -0.20039 0.04941
v 0.57647 -0.20039 0.05078
v 0.57647 -0.20039 0.05216
v 0.57647 -0.20039 0.05353
v 0.57647 -0.20039 0.05490
v 0.57647 -0.20039 0.05627
v 0.57647 -0.20039 0.05765
v 0.57647 -0.19902 0.05833
v 0.57647 -0.19765 0.01510
v 0.57647 -0.19627 0.01441
v 0.57647 -0.19765 0.01647
v 0.57647 -0.19765 0.01784
v 0.57647 -0.19765 0.01922
v 0.57647 -0.19765 0.02059
v 0.57647 -0.19765 0.05902
v 0.57647 -0.19765 0.06039
v 0.57647 -0.19765 0.06176
v 0.57647 -0.19765 0.06314
v 0.57647 -0.19765 0.06451
v 0.57647 -0.19627 0.06520
v 0.57510 -0.19353 0.00961
v 0.57647 -0.19490 0.00961
v 0.57647 -0.19353 0.00892
v 0.57647 -0.19490 0.01098
v 0.57647 -0.19490 0.01235
v 0.57647 -0.19490 0.01373
v 0.57647 -0.19490 0.06588
v 0.57647 -0.19490 0.06725
v 0.57647 -0.19353 0.06794
v 0.57510 -0.19078 0.00686
v 0.57647 -0.19216 0.00824
v 0.57647 -0.19078 0.00755
v 0.57647 -0.19216 0.06863
v 0.57647 -0.19216 0.07000
v 0.57647 -0.19078 0.07069
v 0.57647 -0.18941 0.00549
v 0.57647 -0.18804 0.00480
v 0.57647 -0.18941 0.00686
v 0.57647 -0.18941 0.07137
v 0.57647 -0.18804 0.07206
v 0.57647 -0.18667 0.00412
v 0.57647 -0.18529 0.00343
v 0.57647 -0.18667 0.07275
v 0.57647 -0.18667 0.07412
v 0.57647 -0.18529 0.07480
v 0.57647 -0.18392 0.00275
v 0.57647 -0.18255 0.00206
v 0.57647 -0.18392 0.07549
v 0.57647 -0.18255 0.07618
v 0.57510 -0.17980 0.00000
v 0.57647 -0.18118 0.00000
v 0.57647 -0.17980 -0.00069
v 0.57647 -0.18118 0.00137
v 0.57510 -0.17980 0.07686
v 0.57647 -0.17980 0.07618
v 0.57510 -0.17706 0.00000
v 0.57647 -0.17706 -0.00069
v 0.57510 -0.17706 0.07686
v 0.57647 -0.17706 0.07618
v 0.57647 -0.17431 -0.00069
v 0.57647 -0.17569 0.07686
v 0.57647 -0.17431 0.07755
v 0.57647 -0.17157 -0.00069
v 0.57647 -0.17157 0.07755
v 0.57647 -0.16882 -0.00069
v 0.57510 -0.16882 0.07824
v 0.57647 -0.16882 0.07755
v 0.57647 -0.16608 -0.00069
v 0.57647 -0.16608 0.07755
v 0.57647 -0.16333 -0.00069
v 0.57647 -0.16333 0.07755
v 0.57647 -0.16059 -0.00069
v 0.57647 -0.16059 0.07755
v 0.57647 -0.15784 -0.00069
v 0.57647 -0.15784 0.07755
v 0.57647 -0.15510 -0.00069
v 0.57647 -0.15647 0.07686
v 0.57647 -0.15510 0.07618
v 0.57647 -0.15235 -0.00069
v 0.57647 -0.15235 0.07618
v 0.57510 -0.14961 0.00000
v 0.57647 -0.14961 -0.00069
v 0.57510 -0.14961 0.07549
v 0.57647 -0.15098 0.07549
v 0.57647 -0.14961 0.07480
v 0.57647 -0.14824 0.00000
v 0.57647 -0.14824 0.00137
v 0.57647 -0.14686 0.00206
v 0.57510 -0.14686 0.07412
v 0.57647 -0.14824 0.07412
v 0.57647 -0.14686 0.07343
v 0.57647 -0.14549 0.00275
v 0.57647 -0.14412 0.00343
v 0.57510 -0.14412 0.07275
v 0.57647 -0.14549 0.07275
v 0.57647 -0.14412 0.07206
v 0.57647 -0.14275 0.00412
v 0.57647 -0.14275 0.00549
v 0.57647 -0.14137 0.00618
v 0.57647 -0.14137 0.07206
v 0.57647 -0.14000 0.00686
v 0.57647 -0.14000 0.00824
v 0.57647 -0.14000 0.00961
v 0.57647 -0.13863 0.01029
v 0.57647 -0.14000 0.07000
v 0.57647 -0.13863 0.06931
v 0.57647 -0.14000 0.07137
v 0.57647 -0.13725 0.01098
v 0.57647 -0.13725 0.01235
v 0.57647 -0.13588 0.01304
v 0.57647 -0.13725 0.06725
v 0.57647 -0.13588 0.06657
v 0.57647 -0.13725 0.06863
v 0.57647 -0.13451 0.01373
v 0.57647 -0.13451 0.01510
v 0.57647 -0.13451 0.01647
v 0.57510 -0.13314 0.01784
v 0.57647 -0.13314 0.01716
v 0.57647 -0.13451 0.06451
v 0.57647 -0.13314 0.06382
v 0.57647 -0.13451 0.06588
v 0.57647 -0.13176 0.01784
v 0.57647 -0.13176 0.01922
v 0.57647 -0.13176 0.02059
v 0.57647 -0.13176 0.02196
v 0.57647 -0.13176 0.02333
v 0.57510 -0.13039 0.02471
v 0.57647 -0.13039 0.02402
v 0.57510 -0.13039 0.05765
v 0.57647 -0.13176 0.05902
v 0.57647 -0.13039 0.05833
v 0.57647 -0.13176 0.06039
v 0.57647 -0.13176 0.06176
v 0.57647 -0.13176 0.06314
v 0.57647 -0.12902 0.02471
v 0.57647 -0.12902 0.02608
v 0.57647 -0.12902 0.02745
v 0.57647 -0.12902 0.02882
v 0.57647 -0.12902 0.03020
v 0.57647 -0.12902 0.03157
v 0.57647 -0.12902 0.03294
v 0.57647 -0.12902 0.03431
v 0.57647 -0.12902 0.03569
v 0.57647 -0.12902 0.03706
v 0.57647 -0.12902 0.03843
v 0.57647 -0.12902 0.03980
v 0.57647 -0.12902 0.04118
v 0.57647 -0.12902 0.04255
v 0.57647 -0.12902 0.04392
v 0.57647 -0.12902 0.04529
v 0.57647 -0.12902 0.04667
v 0.57647 -0.12902 0.04804
v 0.57647 -0.12902 0.04941
v 0.57647 -0.12902 0.05078
v 0.57647 -0.12902 0.05216
v 0.57647 -0.12902 0.05353
v 0.57647 -0.12902 0.05490
v 0.57647 -0.12902 0.05627
v 0.57647 -0.12902 0.05765
v 0.57784 -0.20176 0.03569
v 0.57922 -0.20314 0.03569
v 0.57922 -0.20176 0.03500
v 0.57784 -0.20176 0.03706
v 0.57922 -0.20176 0.03637
v 0.57784 -0.20176 0.03843
v 0.57922 -0.20314 0.03843
v 0.57922 -0.20176 0.03775
v 0.57922 -0.20314 0.03980
v 0.57922 -0.20314 0.04118
v 0.57784 -0.20176 0.04255
v 0.57922 -0.20176 0.04186
v 0.57784 -0.20176 0.04392
v 0.57922 -0.20314 0.04392
v 0.57922 -0.20176 0.04324
v 0.57922 -0.20176 0.04461
v 0.57784 -0.20176 0.04667
v 0.57922 -0.20314 0.04667
v 0.57922 -0.20176 0.04598
v 0.57784 -0.20176 0.04804
v 0.57922 -0.20314 0.04804
v 0.57922 -0.20176 0.04873
v 0.57922 -0.20039 0.02196
v 0.57922 -0.19902 0.02127
v 0.57922 -0.20039 0.02333
v 0.57922 -0.20039 0.02471
v 0.57922 -0.20039 0.02608
v 0.57922 -0.20039 0.02745
v 0.57922 -0.20039 0.02882
v 0.57922 -0.20039 0.03020
v 0.57922 -0.20039 0.03157
v 0.57922 -0.20039 0.03294
v 0.57922 -0.20039 0.03431
v 0.57922 -0.20039 0.03706
v 0.57922 -0.20039 0.04255
v 0.57922 -0.20039 0.04529
v 0.57922 -0.20039 0.04941
v 0.57922 -0.20039 0.05078
v 0.57922 -0.20039 0.05216
v 0.57922 -0.20039 0.05353
v 0.57922 -0.20039 0.05490
v 0.57922 -0.20039 0.05627
v 0.57922 -0.20039 0.05765
v 0.57784 -0.19902 0.05902
v 0.57922 -0.20039 0.05902
v 0.57922 -0.19902 0.05971
v 0.57784 -0.19627 0.01373
v 0.57922 -0.19765 0.01373
v 0.57922 -0.19627 0.01304
v 0.57922 -0.19765 0.01510
v 0.57922 -0.19765 0.01647
v 0.57922 -0.19765 0.01784
v 0.57922 -0.19765 0.01922
v 0.57922 -0.19765 0.02059
v 0.57922 -0.19765 0.06039
v 0.57922 -0.19765 0.06176
v 0.57922 -0.19765 0.06314
v 0.57922 -0.19765 0.06451
v 0.57922 -0.19627 0.06520
v 0.57922 -0.19490 0.00961
v 0.57922 -0.19353 0.00892
v 0.57922 -0.19490 0.01098
v 0.57922 -0.19490 0.01235
v 0.57922 -0.19490 0.06588
v 0.57922 -0.19490 0.06725
v 0.57922 -0.19353 0.06794
v 0.57784 -0.19078 0.00686
v 0.57922 -0.19216 0.00686
v 0.57922 -0.19078 0.00618
v 0.57922 -0.19216 0.00824
v 0.57922 -0.19216 0.06863
v 0.57922 -0.19216 0.07000
v 0.57922 -0.19078 0.07069
v 0.57784 -0.18804 0.00412
v 0.57922 -0.18941 0.00412
v 0.57922 -0.18804 0.00343
v 0.57922 -0.18941 0.00549
v 0.57922 -0.18941 0.07137
v 0.57784 -0.18804 0.07275
v 0.57922 -0.18941 0.07275
v 0.57922 -0.18804 0.07343
v 0.57784 -0.18529 0.00275
v 0.57922 -0.18667 0.00275
v 0.57922 -0.18529 0.00206
v 0.57784 -0.18529 0.07412
v 0.57922 -0.18529 0.07343
v 0.57784 -0.18255 0.00137
v 0.57922 -0.18392 0.00137
v 0.57922 -0.18255 0.00069
v 0.57922 -0.18392 0.07412
v 0.57784 -0.18255 0.07549
v 0.57922 -0.18255 0.07480
v 0.57784 -0.17980 0.00000
v 0.57922 -0.17980 0.00069
v 0.57922 -0.18118 0.07549
v 0.57922 -0.17980 0.07618
v 0.57922 -0.17843 0.00000
v 0.57922 -0.17706 -0.00069
v 0.57922 -0.17706 0.07618
v 0.57922 -0.17431 -0.00069
v 0.57922 -0.17569 0.07686
v 0.57922 -0.17431 0.07755
v 0.57922 -0.17157 -0.00069
v 0.57784 -0.17157 0.07686
v 0.57922 -0.17294 0.07686
v 0.57922 -0.17157 0.07618
v 0.57922 -0.16882 -0.00069
v 0.57784 -0.16882 0.07686
v 0.57922 -0.16882 0.07618
v 0.57922 -0.16608 -0.00069
v 0.57922 -0.16745 0.07686
v 0.57922 -0.16608 0.07755
v 0.57922 -0.16333 -0.00069
v 0.57922 -0.16333 0.07755
v 0.57922 -0.16059 -0.00069
v 0.57784 -0.16059 0.07686
v 0.57922 -0.16196 0.07686
v 0.57922 -0.16059 0.07618
v 0.57922 -0.15784 -0.00069
v 0.57784 -0.15784 0.07686
v 0.57922 -0.15784 0.07618
v 0.57922 -0.15510 -0.00069
v 0.57922 -0.15510 0.07618
v 0.57922 -0.15235 -0.00069
v 0.57922 -0.15235 0.07618
v 0.57922 -0.14961 -0.00069
v 0.57922 -0.15098 0.07549
v 0.57922 -0.14961 0.07480
v 0.57922 -0.14824 0.00000
v 0.57922 -0.14824 0.00137
v 0.57922 -0.14686 0.00206
v 0.57784 -0.14686 0.07412
v 0.57922 -0.14686 0.07480
v 0.57922 -0.14549 0.00275
v 0.57922 -0.14412 0.00343
v 0.57784 -0.14412 0.07275
v 0.57922 -0.14549 0.07412
v 0.57922 -0.14412 0.07343
v 0.57922 -0.14275 0.00412
v 0.57784 -0.14137 0.00549
v 0.57922 -0.14137 0.00480
v 0.57922 -0.14275 0.07275
v 0.57922 -0.14137 0.07206
v 0.57922 -0.14000 0.00549
v 0.57922 -0.14000 0.00686
v 0.57922 -0.14000 0.00824
v 0.57784 -0.13863 0.00961
v 0.57922 -0.13863 0.00892
v 0.57784 -0.13863 0.07000
v 0.57922 -0.14000 0.07137
v 0.57922 -0.13863 0.07069
v 0.57922 -0.13725 0.00961
v 0.57922 -0.13725 0.01098
v 0.57922 -0.13725 0.01235
v 0.57784 -0.13588 0.01373
v 0.57922 -0.13725 0.01373
v 0.57922 -0.13588 0.01441
v 0.57784 -0.13588 0.06725
v 0.57922 -0.13725 0.06863
v 0.57922 -0.13588 0.06794
v 0.57922 -0.13725 0.07000
v 0.57922 -0.13451 0.01510
v 0.57922 -0.13451 0.01647
v 0.57922 -0.13314 0.01716
v 0.57922 -0.13451 0.06451
v 0.57922 -0.13314 0.06382
v 0.57922 -0.13451 0.06588
v 0.57922 -0.13451 0.06725
v 0.57922 -0.13176 0.01784
v 0.57922 -0.13176 0.01922
v 0.57922 -0.13176 0.02059
v 0.57922 -0.13176 0.02196
v 0.57922 -0.13176 0.02333
v 0.57922 -0.13039 0.02402
v 0.57922 -0.13176 0.05902
v 0.57922 -0.13039 0.05833
v 0.57922 -0.13176 0.06039
v 0.57922 -0.13176 0.06176
v 0.57922 -0.13176 0.06314
v 0.57922 -0.12902 0.02471
v 0.57922 -0.12902 0.02608
v 0.57922 -0.12902 0.02745
v 0.57922 -0.12902 0.02882
v 0.57922 -0.12902 0.03020
v 0.57922 -0.12902 0.03157
v 0.57922 -0.12902 0.03294
v 0.57922 -0.12902 0.03431
v 0.57922 -0.12902 0.03569
v 0.57922 -0.12902 0.03706
v 0.57922 -0.12902 0.03843
v 0.57922 -0.12902 0.03980
v 0.57784 -0.12765 0.04118
v 0.57922 -0.12765 0.04049
v 0.57784 -0.12765 0.04255
v 0.57784 -0.12765 0.04392
v 0.57784 -0.12765 0.04529
v 0.57922 -0.12902 0.04667
v 0.57922 -0.12765 0.04598
v 0.57784 -0.12765 0.04804
v 0.57922 -0.12765 0.04735
v 0.57922 -0.12902 0.04941
v 0.57922 -0.12765 0.04873
v 0.57922 -0.12902 0.05078
v 0.57922 -0.12902 0.05216
v 0.57922 -0.12902 0.05353
v 0.57922 -0.12902 0.05490
v 0.57922 -0.12902 0.05627
v 0.57922 -0.12902 0.05765
v 0.57922 -0.12627 0.04118
v 0.57922 -0.12627 0.04255
v 0.57922 -0.12627 0.04392
v 0.57922 -0.12627 0.04529
v 0.57922 -0.12627 0.04804
v 0.58059 -0.20176 0.03569
v 0.58059 -0.20176 0.03706
v 0.58196 -0.20314 0.03706
v 0.58196 -0.20176 0.03637
v 0.58196 -0.20314 0.03843
v 0.58196 -0.20314 0.03980
v 0.58059 -0.20176 0.04118
v 0.58196 -0.20176 0.04049
v 0.58059 -0.20176 0.04392
v 0.58059 -0.20176 0.04529
v 0.58196 -0.20314 0.04529
v 0.58196 -0.20176 0.04461
v 0.58059 -0.20176 0.04667
v 0.58196 -0.20176 0.04598
v 0.58059 -0.20176 0.04804
v 0.58059 -0.19902 0.02059
v 0.58196 -0.20039 0.02059
v 0.58196 -0.19902 0.01990
v 0.58196 -0.20039 0.02196
v 0.58196 -0.20039 0.02333
v 0.58196 -0.20039 0.02471
v 0.58196 -0.20039 0.02608
v 0.58196 -0.20039 0.02745
v 0.58196 -0.20039 0.02882
v 0.58196 -0.20039 0.03020
v 0.58196 -0.20039 0.03157
v 0.58196 -0.20039 0.03294
v 0.58196 -0.20039 0.03431
v 0.58196 -0.20039 0.03569
v 0.58196 -0.20039 0.04118
v 0.58196 -0.20039 0.04255
v 0.58196 -0.20039 0.04392
v 0.58196 -0.20039 0.04667
v 0.58196 -0.20039 0.04804
v 0.58196 -0.20039 0.04941
v 0.58196 -0.20039 0.05078
v 0.58196 -0.20039 0.05216
v 0.58196 -0.20039 0.05353
v 0.58196 -0.20039 0.05490
v 0.58196 -0.20039 0.05627
v 0.58196 -0.20039 0.05765
v 0.58196 -0.20039 0.05902
v 0.58196 -0.19902 0.05971
v 0.58059 -0.19627 0.01373
v 0.58196 -0.19765 0.01510
v 0.58196 -0.19627 0.01441
v 0.58196 -0.19765 0.01647
v 0.58196 -0.19765 0.01784
v 0.58196 -0.19765 0.01922
v 0.58196 -0.19765 0.06039
v 0.58196 -0.19765 0.06176
v 0.58196 -0.19765 0.06314
v 0.58196 -0.19765 0.06451
v 0.58196 -0.19627 0.06520
v 0.58059 -0.19353 0.00824
v 0.58196 -0.19490 0.00824
v 0.58196 -0.19353 0.00755
v 0.58196 -0.19490 0.00961
v 0.58196 -0.19490 0.01098
v 0.58196 -0.19490 0.01235
v 0.58196 -0.19490 0.01373
v 0.58196 -0.19490 0.06588
v 0.58196 -0.19490 0.06725
v 0.58196 -0.19353 0.06794
v 0.58196 -0.19216 0.00686
v 0.58196 -0.19078 0.00618
v 0.58196 -0.19216 0.06863
v 0.58196 -0.19216 0.07000
v 0.58196 -0.19078 0.07069
v 0.58196 -0.18941 0.00412
v 0.58196 -0.18804 0.00343
v 0.58196 -0.18941 0.00549
v 0.58196 -0.18941 0.07137
v 0.58059 -0.18804 0.07275
v 0.58196 -0.18804 0.07206
v 0.58059 -0.18529 0.00137
v 0.58196 -0.18667 0.00137
v 0.58196 -0.18529 0.00069
v 0.58196 -0.18667 0.00275
v 0.58196 -0.18667 0.07275
v 0.58196 -0.18529 0.07343
v 0.58059 -0.18255 0.00000
v 0.58196 -0.18392 0.00000
v 0.58196 -0.18255 -0.00069
v 0.58196 -0.18392 0.07412
v 0.58196 -0.18255 0.07480
v 0.58059 -0.17980 0.00000
v 0.58196 -0.17980 -0.00069
v 0.58196 -0.18118 0.07549
v 0.58196 -0.17980 0.07618
v 0.58196 -0.17706 -0.00069
v 0.58196 -0.17706 0.07618
v 0.58196 -0.17431 -0.00069
v 0.58059 -0.17431 0.07686
v 0.58196 -0.17431 0.07618
v 0.58196 -0.17157 -0.00069
v 0.58196 -0.17157 0.07618
v 0.58196 -0.16882 -0.00069
v 0.58196 -0.16882 0.07618
v 0.58196 -0.16608 -0.00069
v 0.58059 -0.16608 0.07686
v 0.58196 -0.16608 0.07618
v 0.58196 -0.16333 -0.00069
v 0.58059 -0.16333 0.07686
v 0.58196 -0.16333 0.07618
v 0.58196 -0.16059 -0.00069
v 0.58196 -0.16059 0.07618
v 0.58196 -0.15784 -0.00069
v 0.58196 -0.15784 0.07618
v 0.58196 -0.15510 -0.00069
v 0.58196 -0.15510 0.07618
v 0.58196 -0.15235 -0.00069
v 0.58059 -0.15235 0.07549
v 0.58196 -0.15373 0.07549
v 0.58196 -0.15235 0.07480
v 0.58196 -0.14961 -0.00069
v 0.58059 -0.14961 0.07412
v 0.58196 -0.15098 0.07412
v 0.58196 -0.14961 0.07343
v 0.58196 -0.14824 0.00000
v 0.58196 -0.14824 0.00137
v 0.58196 -0.14686 0.00206
v 0.58059 -0.14686 0.07412
v 0.58196 -0.14686 0.07343
v 0.58196 -0.14549 0.00275
v 0.58196 -0.14412 0.00343
v 0.58059 -0.14412 0.07275
v 0.58196 -0.14549 0.07275
v 0.58196 -0.14412 0.07206
v 0.58196 -0.14275 0.00412
v 0.58059 -0.14137 0.00549
v 0.58196 -0.14275 0.00549
v 0.58196 -0.14137 0.00618
v 0.58059 -0.14137 0.07137
v 0.58196 -0.14275 0.07137
v 0.58196 -0.14137 0.07069
v 0.58196 -0.14000 0.00686
v 0.58196 -0.14000 0.00824
v 0.58196 -0.13863 0.00892
v 0.58059 -0.13863 0.07000
v 0.58196 -0.14000 0.07000
v 0.58196 -0.13863 0.06931
v 0.58196 -0.13725 0.00961
v 0.58196 -0.13725 0.01098
v 0.58059 -0.13588 0.01235
v 0.58196 -0.13588 0.01167
v 0.58059 -0.13588 0.01373
v 0.58196 -0.13725 0.06863
v 0.58196 -0.13588 0.06794
v 0.58196 -0.13451 0.01235
v 0.58196 -0.13451 0.01373
v 0.58196 -0.13451 0.01510
v 0.58196 -0.13451 0.01647
v 0.58196 -0.13314 0.01716
v 0.58196 -0.13451 0.06451
v 0.58196 -0.13314 0.06382
v 0.58196 -0.13451 0.06588
v 0.58196 -0.13451 0.06725
v 0.58196 -0.13176 0.01784
v 0.58196 -0.13176 0.01922
v 0.58196 -0.13176 0.02059
v 0.58196 -0.13176 0.02196
v 0.58196 -0.13176 0.02333
v 0.58196 -0.13039 0.02402
v 0.58196 -0.13176 0.05902
v 0.58196 -0.13039 0.05833
v 0.58196 -0.13176 0.06039
v 0.58196 -0.13176 0.06176
v 0.58196 -0.13176 0.06314
v 0.58196 -0.12902 0.02471
v 0.58196 -0.12902 0.02608
v 0.58196 -0.12902 0.02745
v 0.58196 -0.12902 0.02882
v 0.58196 -0.12902 0.03020
v 0.58196 -0.12902 0.03157
v 0.58196 -0.12902 0.03294
v 0.58196 -0.12902 0.03431
v 0.58196 -0.12902 0.03569
v 0.58196 -0.12902 0.03706
v 0.58059 -0.12765 0.03843
v 0.58196 -0.12765 0.03775
v 0.58059 -0.12765 0.03980
v 0.58059 -0.12765 0.04667
v 0.58059 -0.12765 0.04804
v 0.58196 -0.12902 0.04804
v 0.58196 -0.12765 0.04735
v 0.58196 -0.12902 0.04941
v 0.58196 -0.12902 0.05078
v 0.58196 -0.12902 0.05216
v 0.58196 -0.12902 0.05353
v 0.58196 -0.12902 0.05490
v 0.58196 -0.12902 0.05627
v 0.58196 -0.12902 0.05765
v 0.58196 -0.12627 0.03843
v 0.58196 -0.12627 0.03980
v 0.58196 -0.12627 0.04118
v 0.58196 -0.12627 0.04255
v 0.58196 -0.12627 0.04392
v 0.58196 -0.12627 0.04529
v 0.58196 -0.12627 0.04667
v 0.58471 -0.20314 0.03706
v 0.58471 -0.20176 0.03637
v 0.58471 -0.20314 0.03843
v 0.58333 -0.20176 0.03980
v 0.58471 -0.20176 0.03912
v 0.58333 -0.20176 0.04529
v 0.58471 -0.20039 0.02059
v 0.58471 -0.19902 0.01990
v 0.58471 -0.20039 0.02196
v 0.58471 -0.20039 0.02333
v 0.58471 -0.20039 0.02471
v 0.58471 -0.20039 0.02608
v 0.58471 -0.20039 0.02745
v 0.58471 -0.20039 0.02882
v 0.58471 -0.20039 0.03020
v 0.58471 -0.20039 0.03157
v 0.58471 -0.20039 0.03294
v 0.58471 -0.20039 0.03431
v 0.58471 -0.20039 0.03569
v 0.58471 -0.20039 0.03980
v 0.58471 -0.20039 0.04118
v 0.58471 -0.20039 0.04255
v 0.58471 -0.20039 0.04392
v 0.58471 -0.20039 0.04529
v 0.58471 -0.20039 0.04667
v 0.58471 -0.20039 0.04804
v 0.58471 -0.20039 0.04941
v 0.58471 -0.20039 0.05078
v 0.58471 -0.20039 0.05216
v 0.58471 -0.20039 0.05353
v 0.58471 -0.20039 0.05490
v 0.58471 -0.20039 0.05627
v 0.58471 -0.20039 0.05765
v 0.58333 -0.19902 0.05902
v 0.58471 -0.19902 0.05833
v 0.58333 -0.19627 0.01373
v 0.58471 -0.19765 0.01373
v 0.58471 -0.19627 0.01304
v 0.58471 -0.19765 0.01510
v 0.58471 -0.19765 0.01647
v 0.58471 -0.19765 0.01784
v 0.58471 -0.19765 0.01922
v 0.58471 -0.19765 0.05902
v 0.58471 -0.19765 0.06039
v 0.58471 -0.19765 0.06176
v 0.58471 -0.19765 0.06314
v 0.58333 -0.19627 0.06451
v 0.58471 -0.19627 0.06382
v 0.58333 -0.19353 0.00824
v 0.58471 -0.19490 0.00961
v 0.58471 -0.19353 0.00892
v 0.58471 -0.19490 0.01098
v 0.58471 -0.19490 0.01235
v 0.58471 -0.19490 0.06451
v 0.58471 -0.19490 0.06588
v 0.58471 -0.19490 0.06725
v 0.58471 -0.19353 0.06794
v 0.58333 -0.19078 0.00549
v 0.58471 -0.19216 0.00549
v 0.58471 -0.19078 0.00480
v 0.58471 -0.19216 0.00686
v 0.58471 -0.19216 0.00824
v 0.58471 -0.19216 0.06863
v 0.58333 -0.19078 0.07000
v 0.58471 -0.19078 0.06931
v 0.58471 -0.18941 0.00412
v 0.58471 -0.18804 0.00343
v 0.58471 -0.18941 0.07000
v 0.58471 -0.18941 0.07137
v 0.58471 -0.18804 0.07206
v 0.58471 -0.18667 0.00137
v 0.58471 -0.18529 0.00069
v 0.58471 -0.18667 0.00275
v 0.58471 -0.18667 0.07275
v 0.58471 -0.18529 0.07343
v 0.58471 -0.18392 0.00000
v 0.58471 -0.18255 -0.00069
v 0.58471 -0.18392 0.07412
v 0.58471 -0.18255 0.07480
v 0.58471 -0.17980 -0.00069
v 0.58333 -0.17980 0.07549
v 0.58471 -0.17980 0.07480
v 0.58471 -0.17706 -0.00069
v 0.58333 -0.17706 0.07549
v 0.58471 -0.17706 0.07480
v 0.58471 -0.17431 -0.00069
v 0.58471 -0.17569 0.07549
v 0.58471 -0.17431 0.07618
v 0.58471 -0.17157 -0.00069
v 0.58471 -0.17157 0.07618
v 0.58471 -0.16882 -0.00069
v 0.58471 -0.16882 0.07618
v 0.58471 -0.16608 -0.00069
v 0.58471 -0.16608 0.07618
v 0.58471 -0.16333 -0.00069
v 0.58471 -0.16333 0.07618
v 0.58471 -0.16059 -0.00069
v 0.58471 -0.16059 0.07618
v 0.58471 -0.15784 -0.00069
v 0.58471 -0.15784 0.07618
v 0.58471 -0.15510 -0.00069
v 0.58333 -0.15510 0.07549
v 0.58471 -0.15647 0.07549
v 0.58471 -0.15510 0.07480
v 0.58471 -0.15235 -0.00069
v 0.58471 -0.15235 0.07480
v 0.58471 -0.14961 -0.00069
v 0.58471 -0.15098 0.07412
v 0.58471 -0.14961 0.07343
v 0.58471 -0.14824 0.00000
v 0.58333 -0.14686 0.00137
v 0.58471 -0.14686 0.00069
v 0.58471 -0.14686 0.07343
v 0.58471 -0.14549 0.00137
v 0.58471 -0.14549 0.00275
v 0.58471 -0.14412 0.00343
v 0.58471 -0.14549 0.07275
v 0.58471 -0.14412 0.07206
v 0.58471 -0.14275 0.00412
v 0.58471 -0.14275 0.00549
v 0.58471 -0.14137 0.00618
v 0.58471 -0.14275 0.07137
v 0.58471 -0.14137 0.07069
v 0.58471 -0.14000 0.00686
v 0.58471 -0.14000 0.00824
v 0.58471 -0.13863 0.00892
v 0.58471 -0.14000 0.07000
v 0.58471 -0.13863 0.06931
v 0.58471 -0.13725 0.00961
v 0.58471 -0.13725 0.01098
v 0.58333 -0.13588 0.01235
v 0.58471 -0.13725 0.01235
v 0.58471 -0.13588 0.01304
v 0.58333 -0.13588 0.06725
v 0.58471 -0.13725 0.06725
v 0.58471 -0.13588 0.06657
v 0.58471 -0.13725 0.06863
v 0.58471 -0.13451 0.01373
v 0.58471 -0.13451 0.01510
v 0.58471 -0.13451 0.01647
v 0.58471 -0.13314 0.01716
v 0.58471 -0.13451 0.06451
v 0.58471 -0.13314 0.06382
v 0.58471 -0.13451 0.06588
v 0.58471 -0.13176 0.01784
v 0.58471 -0.13176 0.01922
v 0.58471 -0.13176 0.02059
v 0.58471 -0.13176 0.02196
v 0.58471 -0.13176 0.02333
v 0.58333 -0.13039 0.02471
v 0.58471 -0.13176 0.02471
v 0.58471 -0.13039 0.02539
v 0.58333 -0.13039 0.05902
v 0.58471 -0.13176 0.06039
v 0.58471 -0.13039 0.05971
v 0.58471 -0.13176 0.06176
v 0.58471 -0.13176 0.06314
v 0.58471 -0.12902 0.02608
v 0.58471 -0.12902 0.02745
v 0.58471 -0.12902 0.02882
v 0.58471 -0.12902 0.03020
v 0.58471 -0.12902 0.03157
v 0.58471 -0.12902 0.03294
v 0.58471 -0.12902 0.03431
v 0.58471 -0.12902 0.03569
v 0.58471 -0.12902 0.03706
v 0.58333 -0.12765 0.03843
v 0.58471 -0.12902 0.03843
v 0.58333 -0.12765 0.03980
v 0.58471 -0.12902 0.03980
v 0.58471 -0.12765 0.04049
v 0.58333 -0.12765 0.04667
v 0.58471 -0.12902 0.04667
v 0.58471 -0.12765 0.04598
v 0.58471 -0.12902 0.04804
v 0.58471 -0.12902 0.04941
v 0.58471 -0.12902 0.05078
v 0.58471 -0.12902 0.05216
v 0.58471 -0.12902 0.05353
v 0.58471 -0.12902 0.05490
v 0.58471 -0.12902 0.05627
v 0.58471 -0.12902 0.05765
v 0.58471 -0.12902 0.05902
v 0.58471 -0.12627 0.04118
v 0.58471 -0.12627 0.04255
v 0.58471 -0.12627 0.04392
v 0.58471 -0.12627 0.04529
v 0.58608 -0.20176 0.03706
v 0.58608 -0.20176 0.03843
v 0.58745 -0.20039 0.02059
v 0.58745 -0.19902 0.01990
v 0.58745 -0.20039 0.02196
v 0.58745 -0.20039 0.02333
v 0.58745 -0.20039 0.02471
v 0.58745 -0.20039 0.02608
v 0.58745 -0.20039 0.02745
v 0.58745 -0.20039 0.02882
v 0.58745 -0.20039 0.03020
v 0.58745 -0.20039 0.03157
v 0.58745 -0.20039 0.03294
v 0.58745 -0.20039 0.03431
v 0.58745 -0.20039 0.03569
v 0.58745 -0.20039 0.03706
v 0.58745 -0.20039 0.03843
v 0.58745 -0.20039 0.03980
v 0.58745 -0.20039 0.04118
v 0.58745 -0.20039 0.04255
v 0.58745 -0.20039 0.04392
v 0.58745 -0.20039 0.04529
v 0.58745 -0.20039 0.04667
v 0.58745 -0.20039 0.04804
v 0.58745 -0.20039 0.04941
v 0.58745 -0.20039 0.05078
v 0.58745 -0.20039 0.05216
v 0.58745 -0.20039 0.05353
v 0.58745 -0.20039 0.05490
v 0.58745 -0.20039 0.05627
v 0.58608 -0.19902 0.05765
v 0.58745 -0.19902 0.05696
v 0.58608 -0.19627 0.01373
v 0.58745 -0.19765 0.01510
v 0.58745 -0.19627 0.01441
v 0.58745 -0.19765 0.01647
v 0.58745 -0.19765 0.01784
v 0.58745 -0.19765 0.01922
v 0.58745 -0.19765 0.05765
v 0.58745 -0.19765 0.05902
v 0.58745 -0.19765 0.06039
v 0.58745 -0.19765 0.06176
v 0.58745 -0.19765 0.06314
v 0.58745 -0.19627 0.06382
v 0.58608 -0.19353 0.00824
v 0.58745 -0.19490 0.00824
v 0.58745 -0.19353 0.00755
v 0.58745 -0.19490 0.00961
v 0.58745 -0.19490 0.01098
v 0.58745 -0.19490 0.01235
v 0.58745 -0.19490 0.01373
v 0.58745 -0.19490 0.06451
v 0.58745 -0.19490 0.06588
v 0.58608 -0.19353 0.06725
v 0.58745 -0.19353 0.06657
v 0.58608 -0.19078 0.00412
v 0.58745 -0.19216 0.00412
v 0.58745 -0.19078 0.00343
v 0.58745 -0.19216 0.00549
v 0.58745 -0.19216 0.00686
v 0.58745 -0.19216 0.06725
v 0.58745 -0.19216 0.06863
v 0.58745 -0.19078 0.06931
v 0.58608 -0.18804 0.00275
v 0.58745 -0.18941 0.00275
v 0.58745 -0.18804 0.00206
v 0.58745 -0.18941 0.07000
v 0.58608 -0.18804 0.07137
v 0.58745 -0.18804 0.07069
v 0.58608 -0.18529 0.00000
v 0.58745 -0.18667 0.00000
v 0.58745 -0.18529 -0.00069
v 0.58745 -0.18667 0.00137
v 0.58745 -0.18667 0.07137
v 0.58745 -0.18667 0.07275
v 0.58745 -0.18529 0.07343
v 0.58745 -0.18255 -0.00069
v 0.58608 -0.18255 0.07412
v 0.58745 -0.18255 0.07343
v 0.58745 -0.17980 -0.00069
v 0.58745 -0.18118 0.07412
v 0.58745 -0.17980 0.07480
v 0.58745 -0.17706 -0.00069
v 0.58745 -0.17706 0.07480
v 0.58745 -0.17431 -0.00069
v 0.58745 -0.17569 0.07549
v 0.58745 -0.17431 0.07618
v 0.58745 -0.17157 -0.00069
v 0.58608 -0.17157 0.07549
v 0.58745 -0.17294 0.07549
v 0.58745 -0.17157 0.07480
v 0.58745 -0.16882 -0.00069
v 0.58608 -0.16882 0.07549
v 0.58745 -0.16882 0.07480
v 0.58745 -0.16608 -0.00069
v 0.58745 -0.16745 0.07549
v 0.58745 -0.16608 0.07618
v 0.58745 -0.16333 -0.00069
v 0.58745 -0.16333 0.07618
v 0.58745 -0.16059 -0.00069
v 0.58608 -0.16059 0.07549
v 0.58745 -0.16196 0.07549
v 0.58745 -0.16059 0.07480
v 0.58745 -0.15784 -0.00069
v 0.58608 -0.15784 0.07549
v 0.58745 -0.15784 0.07480
v 0.58745 -0.15510 -0.00069
v 0.58745 -0.15510 0.07480
v 0.58745 -0.15235 -0.00069
v 0.58745 -0.15235 0.07480
v 0.58745 -0.14961 -0.00069
v 0.58745 -0.15098 0.07412
v 0.58745 -0.14961 0.07343
v 0.58745 -0.14824 0.00000
v 0.58745 -0.14686 0.00069
v 0.58608 -0.14686 0.07275
v 0.58745 -0.14824 0.07275
v 0.58745 -0.14686 0.07206
v 0.58745 -0.14549 0.00137
v 0.58745 -0.14549 0.00275
v 0.58745 -0.14412 0.00343
v 0.58745 -0.14412 0.07206
v 0.58745 -0.14275 0.00412
v 0.58745 -0.14275 0.00549
v 0.58608 -0.14137 0.00686
v 0.58745 -0.14275 0.00686
v 0.58745 -0.14137 0.00755
v 0.58745 -0.14275 0.07137
v 0.58745 -0.14137 0.07069
v 0.58745 -0.14000 0.00824
v 0.58608 -0.13863 0.00961
v 0.58745 -0.14000 0.00961
v 0.58745 -0.13863 0.01029
v 0.58745 -0.14000 0.07000
v 0.58745 -0.13863 0.06931
v 0.58745 -0.13725 0.01098
v 0.58745 -0.13725 0.01235
v 0.58608 -0.13588 0.01373
v 0.58745 -0.13725 0.01373
v 0.58745 -0.13588 0.01441
v 0.58608 -0.13588 0.06588
v 0.58745 -0.13725 0.06588
v 0.58745 -0.13588 0.06520
v 0.58745 -0.13725 0.06725
v 0.58745 -0.13725 0.06863
v 0.58745 -0.13451 0.01510
v 0.58745 -0.13451 0.01647
v 0.58608 -0.13314 0.01784
v 0.58745 -0.13451 0.01784
v 0.58745 -0.13314 0.01853
v 0.58608 -0.13314 0.06314
v 0.58745 -0.13451 0.06314
v 0.58745 -0.13314 0.06245
v 0.58745 -0.13451 0.06451
v 0.58745 -0.13176 0.01922
v 0.58745 -0.13176 0.02059
v 0.58745 -0.13176 0.02196
v 0.58745 -0.13176 0.02333
v 0.58745 -0.13176 0.02471
v 0.58608 -0.13039 0.02608
v 0.58745 -0.13176 0.02608
v 0.58745 -0.13039 0.02676
v 0.58608 -0.13039 0.05765
v 0.58745 -0.13176 0.05765
v 0.58745 -0.13039 0.05696
v 0.58608 -0.13039 0.05902
v 0.58745 -0.13176 0.05902
v 0.58745 -0.13176 0.06039
v 0.58745 -0.13176 0.06176
v 0.58745 -0.12902 0.02745
v 0.58745 -0.12902 0.02882
v 0.58745 -0.12902 0.03020
v 0.58745 -0.12902 0.03157
v 0.58745 -0.12902 0.03294
v 0.58745 -0.12902 0.03431
v 0.58745 -0.12902 0.03569
v 0.58745 -0.12902 0.03706
v 0.58745 -0.12902 0.03843
v 0.58745 -0.12902 0.03980
v 0.58608 -0.12765 0.04118
v 0.58745 -0.12902 0.04118
v 0.58608 -0.12765 0.04255
v 0.58745 -0.12902 0.04255
v 0.58608 -0.12765 0.04392
v 0.58745 -0.12902 0.04392
v 0.58608 -0.12765 0.04529
v 0.58745 -0.12902 0.04529
v 0.58745 -0.12902 0.04667
v 0.58745 -0.12902 0.04804
v 0.58745 -0.12902 0.04941
v 0.58745 -0.12902 0.05078
v 0.58745 -0.12902 0.05216
v 0.58745 -0.12902 0.05353
v 0.58745 -0.12902 0.05490
v 0.58745 -0.12902 0.05627
v 0.58882 -0.19902 0.02059
v 0.59020 -0.20039 0.02196
v 0.59020 -0.19902 0.02127
v 0.59020 -0.20039 0.02333
v 0.59020 -0.20039 0.02471
v 0.59020 -0.20039 0.02608
v 0.59020 -0.20039 0.02745
v 0.59020 -0.20039 0.02882
v 0.59020 -0.20039 0.03020
v 0.59020 -0.20039 0.03157
v 0.59020 -0.20039 0.03294
v 0.59020 -0.20039 0.03431
v 0.59020 -0.20039 0.03569
v 0.59020 -0.20039 0.03706
v 0.59020 -0.20039 0.03843
v 0.59020 -0.20039 0.03980
v 0.59020 -0.20039 0.04118
v 0.59020 -0.20039 0.04255
v 0.59020 -0.20039 0.04392
v 0.59020 -0.20039 0.04529
v 0.59020 -0.20039 0.04667
v 0.59020 -0.20039 0.04804
v 0.59020 -0.20039 0.04941
v 0.59020 -0.20039 0.05078
v 0.59020 -0.20039 0.05216
v 0.58882 -0.19902 0.05353
v 0.59020 -0.19902 0.05284
v 0.59020 -0.20039 0.05490
v 0.59020 -0.19902 0.05422
v 0.58882 -0.19902 0.05627
v 0.59020 -0.19902 0.05559
v 0.58882 -0.19627 0.01373
v 0.59020 -0.19765 0.01373
v 0.59020 -0.19627 0.01304
v 0.59020 -0.19765 0.01510
v 0.59020 -0.19765 0.01647
v 0.59020 -0.19765 0.01784
v 0.59020 -0.19765 0.01922
v 0.59020 -0.19765 0.02059
v 0.59020 -0.19765 0.05353
v 0.59020 -0.19765 0.05627
v 0.59020 -0.19765 0.05765
v 0.59020 -0.19765 0.05902
v 0.59020 -0.19765 0.06039
v 0.59020 -0.19765 0.06176
v 0.58882 -0.19627 0.06314
v 0.59020 -0.19627 0.06245
v 0.58882 -0.19353 0.00824
v 0.59020 -0.19490 0.00961
v 0.59020 -0.19353 0.00892
v 0.59020 -0.19490 0.01098
v 0.59020 -0.19490 0.01235
v 0.59020 -0.19490 0.06314
v 0.59020 -0.19490 0.06451
v 0.59020 -0.19490 0.06588
v 0.59020 -0.19353 0.06657
v 0.58882 -0.19078 0.00412
v 0.59020 -0.19216 0.00549
v 0.59020 -0.19078 0.00480
v 0.59020 -0.19216 0.00686
v 0.59020 -0.19216 0.00824
v 0.59020 -0.19216 0.06725
v 0.59020 -0.19216 0.06863
v 0.59020 -0.19078 0.06931
v 0.59020 -0.18941 0.00275
v 0.59020 -0.18804 0.00206
v 0.59020 -0.18941 0.00412
v 0.59020 -0.18941 0.07000
v 0.59020 -0.18804 0.07069
v 0.58882 -0.18529 0.00000
v 0.59020 -0.18667 0.00137
v 0.59020 -0.18529 0.00069
v 0.59020 -0.18667 0.07137
v 0.58882 -0.18529 0.07275
v 0.59020 -0.18529 0.07206
v 0.59020 -0.18392 0.00000
v 0.59020 -0.18255 -0.00069
v 0.59020 -0.18392 0.07275
v 0.59020 -0.18255 0.07343
v 0.59020 -0.17980 -0.00069
v 0.58882 -0.17980 0.07412
v 0.59020 -0.17980 0.07343
v 0.59020 -0.17706 -0.00069
v 0.58882 -0.17706 0.07412
v 0.59020 -0.17706 0.07343
v 0.59020 -0.17431 -0.00069
v 0.59020 -0.17569 0.07412
v 0.58882 -0.17431 0.07549
v 0.59020 -0.17431 0.07480
v 0.59020 -0.17157 -0.00069
v 0.59020 -0.17157 0.07480
v 0.59020 -0.16882 -0.00069
v 0.59020 -0.16882 0.07480
v 0.59020 -0.16608 -0.00069
v 0.58882 -0.16608 0.07549
v 0.59020 -0.16608 0.07480
v 0.59020 -0.16333 -0.00069
v 0.58882 -0.16333 0.07549
v 0.59020 -0.16333 0.07480
v 0.59020 -0.16059 -0.00069
v 0.59020 -0.16059 0.07480
v 0.59020 -0.15784 -0.00069
v 0.59020 -0.15784 0.07480
v 0.59020 -0.15510 -0.00069
v 0.59020 -0.15510 0.07480
v 0.59020 -0.15235 -0.00069
v 0.58882 -0.15235 0.07412
v 0.59020 -0.15373 0.07412
v 0.59020 -0.15235 0.07343
v 0.59020 -0.14961 -0.00069
v 0.59020 -0.14961 0.07343
v 0.59020 -0.14824 0.00000
v 0.59020 -0.14686 0.00069
v 0.59020 -0.14824 0.07275
v 0.59020 -0.14686 0.07206
v 0.59020 -0.14549 0.00137
v 0.59020 -0.14549 0.00275
v 0.58882 -0.14412 0.00412
v 0.59020 -0.14549 0.00412
v 0.59020 -0.14412 0.00480
v 0.58882 -0.14412 0.07137
v 0.59020 -0.14549 0.07137
v 0.59020 -0.14412 0.07069
v 0.59020 -0.14275 0.00549
v 0.58882 -0.14137 0.00686
v 0.59020 -0.14137 0.00618
v 0.59020 -0.14137 0.07069
v 0.59020 -0.14000 0.00686
v 0.59020 -0.14000 0.00824
v 0.59020 -0.14000 0.00961
v 0.59020 -0.13863 0.01029
v 0.59020 -0.14000 0.07000
v 0.59020 -0.13863 0.06931
v 0.59020 -0.13725 0.01098
v 0.59020 -0.13725 0.01235
v 0.59020 -0.13725 0.01373
v 0.59020 -0.13588 0.01441
v 0.59020 -0.13725 0.06588
v 0.59020 -0.13588 0.06520
v 0.59020 -0.13725 0.06725
v 0.59020 -0.13725 0.06863
v 0.59020 -0.13451 0.01510
v 0.59020 -0.13451 0.01647
v 0.59020 -0.13451 0.01784
v 0.58882 -0.13314 0.01922
v 0.59020 -0.13451 0.01922
v 0.59020 -0.13314 0.01990
v 0.58882 -0.13314 0.06176
v 0.59020 -0.13451 0.06176
v 0.59020 -0.13314 0.06108
v 0.59020 -0.13451 0.06314
v 0.59020 -0.13451 0.06451
v 0.59020 -0.13176 0.02059
v 0.59020 -0.13176 0.02196
v 0.59020 -0.13176 0.02333
v 0.59020 -0.13176 0.02471
v 0.59020 -0.13176 0.02608
v 0.59020 -0.13039 0.02676
v 0.58882 -0.13039 0.05627
v 0.59020 -0.13176 0.05627
v 0.59020 -0.13039 0.05559
v 0.59020 -0.13176 0.05765
v 0.59020 -0.13176 0.05902
v 0.59020 -0.13176 0.06039
v 0.59020 -0.12902 0.02745
v 0.59020 -0.12902 0.02882
v 0.59020 -0.12902 0.03020
v 0.59020 -0.12902 0.03157
v 0.59020 -0.12902 0.03294
v 0.59020 -0.12902 0.03431
v 0.59020 -0.12902 0.03569
v 0.59020 -0.12902 0.03706
v 0.59020 -0.12902 0.03843
v 0.59020 -0.12902 0.03980
v 0.59020 -0.12902 0.04118
v 0.59020 -0.12902 0.04255
v 0.59020 -0.12902 0.04392
v 0.59020 -0.12902 0.04529
v 0.59020 -0.12902 0.04667
v 0.59020 -0.12902 0.04804
v 0.59020 -0.12902 0.04941
v 0.59020 -0.12902 0.05078
v 0.59020 -0.12902 0.05216
v 0.59020 -0.12902 0.05353
v 0.59020 -0.12902 0.05490
v 0.59157 -0.19902 0.02196
v 0.59157 -0.19902 0.02333
v 0.59294 -0.20039 0.02471
v 0.59294 -0.19902 0.02402
v 0.59294 -0.20039 0.02608
v 0.59294 -0.20039 0.02745
v 0.59294 -0.20039 0.02882
v 0.59294 -0.20039 0.03020
v 0.59294 -0.20039 0.03157
v 0.59294 -0.20039 0.03294
v 0.59294 -0.20039 0.03431
v 0.59294 -0.20039 0.03569
v 0.59294 -0.20039 0.03706
v 0.59294 -0.20039 0.03843
v 0.59294 -0.20039 0.03980
v 0.59294 -0.20039 0.04118
v 0.59294 -0.20039 0.04255
v 0.59294 -0.20039 0.04392
v 0.59294 -0.20039 0.04529
v 0.59294 -0.20039 0.04667
v 0.59294 -0.20039 0.04804
v 0.59157 -0.19902 0.04941
v 0.59294 -0.19902 0.04873
v 0.59157 -0.19902 0.05078
v 0.59157 -0.19902 0.05216
v 0.59157 -0.19902 0.05490
v 0.59157 -0.19627 0.01373
v 0.59294 -0.19765 0.01510
v 0.59294 -0.19627 0.01441
v 0.59294 -0.19765 0.01647
v 0.59294 -0.19765 0.01784
v 0.59294 -0.19765 0.01922
v 0.59294 -0.19765 0.02059
v 0.59294 -0.19765 0.02196
v 0.59294 -0.19765 0.02333
v 0.59294 -0.19765 0.04941
v 0.59294 -0.19765 0.05078
v 0.59294 -0.19765 0.05216
v 0.59294 -0.19765 0.05353
v 0.59294 -0.19765 0.05490
v 0.59294 -0.19765 0.05627
v 0.59294 -0.19765 0.05765
v 0.59294 -0.19765 0.05902
v 0.59157 -0.19627 0.06039
v 0.59294 -0.19627 0.05971
v 0.59157 -0.19627 0.06176
v 0.59157 -0.19353 0.00824
v 0.59294 -0.19490 0.00824
v 0.59294 -0.19353 0.00755
v 0.59294 -0.19490 0.00961
v 0.59294 -0.19490 0.01098
v 0.59294 -0.19490 0.01235
v 0.59294 -0.19490 0.01373
v 0.59294 -0.19490 0.06039
v 0.59294 -0.19490 0.06176
v 0.59294 -0.19490 0.06314
v 0.59294 -0.19490 0.06451
v 0.59157 -0.19353 0.06588
v 0.59294 -0.19353 0.06520
v 0.59157 -0.19078 0.00412
v 0.59294 -0.19216 0.00412
v 0.59294 -0.19078 0.00343
v 0.59294 -0.19216 0.00549
v 0.59294 -0.19216 0.00686
v 0.59294 -0.19216 0.06588
v 0.59294 -0.19216 0.06725
v 0.59157 -0.19078 0.06863
v 0.59294 -0.19078 0.06794
v 0.59157 -0.18804 0.00137
v 0.59294 -0.18941 0.00137
v 0.59294 -0.18804 0.00069
v 0.59294 -0.18941 0.00275
v 0.59294 -0.18941 0.06863
v 0.59294 -0.18941 0.07000
v 0.59294 -0.18804 0.07069
v 0.59157 -0.18529 0.00000
v 0.59294 -0.18667 0.00000
v 0.59294 -0.18529 -0.00069
v 0.59294 -0.18667 0.07137
v 0.59294 -0.18529 0.07206
v 0.59294 -0.18255 -0.00069
v 0.59157 -0.18255 0.07275
v 0.59294 -0.18255 0.07206
v 0.59294 -0.17980 -0.00069
v 0.59294 -0.18118 0.07275
v 0.59294 -0.17980 0.07343
v 0.59294 -0.17706 -0.00069
v 0.59294 -0.17706 0.07343
v 0.59294 -0.17431 -0.00069
v 0.59294 -0.17569 0.07412
v 0.59294 -0.17431 0.07480
v 0.59294 -0.17157 -0.00069
v 0.59294 -0.17157 0.07480
v 0.59294 -0.16882 -0.00069
v 0.59294 -0.16882 0.07480
v 0.59294 -0.16608 -0.00069
v 0.59294 -0.16608 0.07480
v 0.59294 -0.16333 -0.00069
v 0.59294 -0.16333 0.07480
v 0.59294 -0.16059 -0.00069
v 0.59294 -0.16059 0.07480
v 0.59294 -0.15784 -0.00069
v 0.59157 -0.15784 0.07412
v 0.59294 -0.15922 0.07412
v 0.59294 -0.15784 0.07343
v 0.59294 -0.15510 -0.00069
v 0.59157 -0.15510 0.07412
v 0.59294 -0.15510 0.07343
v 0.59294 -0.15235 -0.00069
v 0.59294 -0.15235 0.07343
v 0.59294 -0.14961 -0.00069
v 0.59294 -0.14961 0.07343
v 0.59294 -0.14824 0.00000
v 0.59294 -0.14686 0.00069
v 0.59294 -0.14824 0.07275
v 0.59294 -0.14686 0.07206
v 0.59294 -0.14549 0.00137
v 0.59294 -0.14549 0.00275
v 0.59157 -0.14412 0.00412
v 0.59294 -0.14412 0.00343
v 0.59157 -0.14412 0.07137
v 0.59294 -0.14412 0.07206
v 0.59294 -0.14275 0.00412
v 0.59294 -0.14275 0.00549
v 0.59157 -0.14137 0.00686
v 0.59294 -0.14275 0.00686
v 0.59294 -0.14137 0.00755
v 0.59294 -0.14275 0.07137
v 0.59294 -0.14137 0.07069
v 0.59294 -0.14000 0.00824
v 0.59294 -0.14000 0.00961
v 0.59157 -0.13863 0.01098
v 0.59294 -0.14000 0.01098
v 0.59294 -0.13863 0.01167
v 0.59157 -0.13863 0.06863
v 0.59294 -0.14000 0.06863
v 0.59294 -0.13863 0.06794
v 0.59294 -0.14000 0.07000
v 0.59294 -0.13725 0.01235
v 0.59294 -0.13725 0.01373
v 0.59157 -0.13588 0.01510
v 0.59294 -0.13725 0.01510
v 0.59294 -0.13588 0.01578
v 0.59294 -0.13725 0.06588
v 0.59294 -0.13588 0.06520
v 0.59294 -0.13725 0.06725
v 0.59294 -0.13451 0.01647
v 0.59294 -0.13451 0.01784
v 0.59294 -0.13451 0.01922
v 0.59157 -0.13314 0.02059
v 0.59294 -0.13451 0.02059
v 0.59157 -0.13314 0.02196
v 0.59294 -0.13451 0.02196
v 0.59294 -0.13314 0.02265
v 0.59157 -0.13314 0.06039
v 0.59294 -0.13451 0.06039
v 0.59294 -0.13314 0.05971
v 0.59294 -0.13451 0.06176
v 0.59294 -0.13451 0.06314
v 0.59294 -0.13451 0.06451
v 0.59294 -0.13176 0.02333
v 0.59294 -0.13176 0.02471
v 0.59294 -0.13176 0.02608
v 0.59157 -0.13039 0.02745
v 0.59294 -0.13176 0.02745
v 0.59157 -0.13039 0.02882
v 0.59294 -0.13176 0.02882
v 0.59157 -0.13039 0.03020
v 0.59294 -0.13176 0.03020
v 0.59294 -0.13039 0.03088
v 0.59157 -0.13039 0.05216
v 0.59294 -0.13176 0.05216
v 0.59294 -0.13039 0.05147
v 0.59157 -0.13039 0.05353
v 0.59294 -0.13176 0.05353
v 0.59157 -0.13039 0.05490
v 0.59294 -0.13176 0.05490
v 0.59294 -0.13176 0.05627
v 0.59294 -0.13176 0.05765
v 0.59294 -0.13176 0.05902
v 0.59294 -0.12902 0.03157
v 0.59294 -0.12902 0.03294
v 0.59294 -0.12902 0.03431
v 0.59294 -0.12902 0.03569
v 0.59294 -0.12902 0.03706
v 0.59294 -0.12902 0.03843
v 0.59294 -0.12902 0.03980
v 0.59294 -0.12902 0.04118
v 0.59294 -0.12902 0.04255
v 0.59294 -0.12902 0.04392
v 0.59294 -0.12902 0.04529
v 0.59294 -0.12902 0.04667
v 0.59294 -0.12902 0.04804
v 0.59294 -0.12902 0.04941
v 0.59294 -0.12902 0.05078
v 0.59431 -0.19902 0.02333
v 0.59569 -0.20039 0.02333
v 0.59569 -0.19902 0.02265
v 0.59569 -0.20039 0.02471
v 0.59431 -0.19902 0.02608
v 0.59569 -0.19902 0.02539
v 0.59569 -0.20039 0.02745
v 0.59569 -0.19902 0.02676
v 0.59569 -0.20039 0.02882
v 0.59569 -0.20039 0.03020
v 0.59569 -0.20039 0.03157
v 0.59569 -0.20039 0.03294
v 0.59569 -0.20039 0.03431
v 0.59569 -0.20039 0.03569
v 0.59569 -0.20039 0.03706
v 0.59569 -0.20039 0.03843
v 0.59569 -0.20039 0.03980
v 0.59569 -0.20039 0.04118
v 0.59569 -0.20039 0.04255
v 0.59569 -0.20039 0.04392
v 0.59431 -0.19902 0.04529
v 0.59569 -0.19902 0.04461
v 0.59431 -0.19902 0.04667
v 0.59431 -0.19902 0.04804
v 0.59569 -0.19765 0.01510
v 0.59569 -0.19627 0.01441
v 0.59569 -0.19765 0.01647
v 0.59569 -0.19765 0.01784
v 0.59569 -0.19765 0.01922
v 0.59569 -0.19765 0.02059
v 0.59569 -0.19765 0.02196
v 0.59569 -0.19765 0.02608
v 0.59569 -0.19765 0.04529
v 0.59569 -0.19765 0.04667
v 0.59569 -0.19765 0.04804
v 0.59569 -0.19765 0.04941
v 0.59569 -0.19765 0.05078
v 0.59569 -0.19765 0.05216
v 0.59569 -0.19765 0.05353
v 0.59569 -0.19765 0.05490
v 0.59431 -0.19627 0.05627
v 0.59569 -0.19627 0.05559
v 0.59569 -0.19765 0.05765
v 0.59569 -0.19627 0.05696
v 0.59431 -0.19627 0.05902
v 0.59569 -0.19627 0.05833
v 0.59569 -0.19490 0.00824
v 0.59569 -0.19353 0.00755
v 0.59569 -0.19490 0.00961
v 0.59569 -0.19490 0.01098
v 0.59569 -0.19490 0.01235
v 0.59569 -0.19490 0.01373
v 0.59569 -0.19490 0.05627
v 0.59569 -0.19490 0.05902
v 0.59569 -0.19490 0.06039
v 0.59569 -0.19490 0.06176
v 0.59431 -0.19353 0.06314
v 0.59569 -0.19353 0.06245
v 0.59431 -0.19353 0.06451
v 0.59431 -0.19078 0.00412
v 0.59569 -0.19216 0.00549
v 0.59569 -0.19078 0.00480
v 0.59569 -0.19216 0.00686
v 0.59569 -0.19216 0.06314
v 0.59569 -0.19216 0.06451
v 0.59569 -0.19216 0.06588
v 0.59431 -0.19078 0.06725
v 0.59569 -0.19078 0.06657
v 0.59431 -0.18804 0.00137
v 0.59569 -0.18941 0.00275
v 0.59569 -0.18804 0.00206
v 0.59569 -0.18941 0.00412
v 0.59569 -0.18941 0.06725
v 0.59569 -0.18941 0.06863
v 0.59431 -0.18804 0.07000
v 0.59569 -0.18804 0.06931
v 0.59569 -0.18667 0.00000
v 0.59569 -0.18529 -0.00069
v 0.59569 -0.18667 0.00137
v 0.59569 -0.18667 0.07000
v 0.59431 -0.18529 0.07137
v 0.59569 -0.18529 0.07069
v 0.59569 -0.18255 -0.00069
v 0.59569 -0.18392 0.07137
v 0.59569 -0.18255 0.07206
v 0.59569 -0.17980 -0.00069
v 0.59431 -0.17980 0.07275
v 0.59569 -0.17980 0.07206
v 0.59569 -0.17706 -0.00069
v 0.59569 -0.17843 0.07275
v 0.59569 -0.17706 0.07343
v 0.59569 -0.17431 -0.00069
v 0.59431 -0.17431 0.07412
v 0.59569 -0.17431 0.07343
v 0.59569 -0.17157 -0.00069
v 0.59431 -0.17157 0.07412
v 0.59569 -0.17157 0.07343
v 0.59569 -0.16882 -0.00069
v 0.59431 -0.16882 0.07412
v 0.59569 -0.16882 0.07343
v 0.59569 -0.16608 -0.00069
v 0.59569 -0.16745 0.07412
v 0.59569 -0.16608 0.07480
v 0.59569 -0.16333 -0.00069
v 0.59569 -0.16333 0.07480
v 0.59569 -0.16059 -0.00069
v 0.59431 -0.16059 0.07412
v 0.59569 -0.16196 0.07412
v 0.59569 -0.16059 0.07343
v 0.59569 -0.15784 -0.00069
v 0.59569 -0.15784 0.07343
v 0.59569 -0.15510 -0.00069
v 0.59569 -0.15510 0.07343
v 0.59569 -0.15235 -0.00069
v 0.59431 -0.15235 0.07275
v 0.59569 -0.15373 0.07275
v 0.59569 -0.15235 0.07206
v 0.59569 -0.14961 -0.00069
v 0.59431 -0.14961 0.07275
v 0.59569 -0.14961 0.07206
v 0.59569 -0.14824 0.00000
v 0.59569 -0.14686 0.00069
v 0.59431 -0.14686 0.07137
v 0.59569 -0.14824 0.07137
v 0.59569 -0.14686 0.07069
v 0.59569 -0.14549 0.00137
v 0.59569 -0.14549 0.00275
v 0.59431 -0.14412 0.00412
v 0.59569 -0.14549 0.00412
v 0.59569 -0.14412 0.00480
v 0.59431 -0.14412 0.07137
v 0.59569 -0.14412 0.07069
v 0.59569 -0.14275 0.00549
v 0.59569 -0.14275 0.00686
v 0.59431 -0.14137 0.00824
v 0.59569 -0.14275 0.00824
v 0.59569 -0.14137 0.00892
v 0.59431 -0.14137 0.07000
v 0.59569 -0.14275 0.07000
v 0.59569 -0.14137 0.06931
v 0.59569 -0.14000 0.00961
v 0.59569 -0.14000 0.01098
v 0.59569 -0.13863 0.01167
v 0.59431 -0.13863 0.06725
v 0.59569 -0.14000 0.06725
v 0.59569 -0.13863 0.06657
v 0.59569 -0.14000 0.06863
v 0.59569 -0.13725 0.01235
v 0.59569 -0.13725 0.01373
v 0.59569 -0.13725 0.01510
v 0.59431 -0.13588 0.01647
v 0.59569 -0.13725 0.01647
v 0.59431 -0.13588 0.01784
v 0.59569 -0.13725 0.01784
v 0.59569 -0.13588 0.01853
v 0.59431 -0.13588 0.06314
v 0.59569 -0.13725 0.06314
v 0.59569 -0.13588 0.06245
v 0.59431 -0.13588 0.06451
v 0.59569 -0.13725 0.06451
v 0.59569 -0.13725 0.06588
v 0.59569 -0.13451 0.01922
v 0.59569 -0.13451 0.02059
v 0.59569 -0.13451 0.02196
v 0.59431 -0.13314 0.02333
v 0.59569 -0.13451 0.02333
v 0.59569 -0.13314 0.02402
v 0.59431 -0.13314 0.02608
v 0.59569 -0.13451 0.02608
v 0.59569 -0.13314 0.02539
v 0.59569 -0.13314 0.02676
v 0.59431 -0.13314 0.05902
v 0.59569 -0.13451 0.05902
v 0.59569 -0.13314 0.05833
v 0.59569 -0.13451 0.06039
v 0.59569 -0.13451 0.06176
v 0.59569 -0.13176 0.02471
v 0.59569 -0.13176 0.02745
v 0.59569 -0.13176 0.02882
v 0.59569 -0.13176 0.03020
v 0.59431 -0.13039 0.03157
v 0.59569 -0.13176 0.03157
v 0.59431 -0.13039 0.03294
v 0.59569 -0.13176 0.03294
v 0.59431 -0.13039 0.03431
v 0.59569 -0.13176 0.03431
v 0.59431 -0.13039 0.03569
v 0.59569 -0.13176 0.03569
v 0.59431 -0.13039 0.03706
v 0.59569 -0.13176 0.03706
v 0.59569 -0.13039 0.03775
v 0.59431 -0.13039 0.04255
v 0.59569 -0.13176 0.04255
v 0.59569 -0.13039 0.04186
v 0.59569 -0.13039 0.04324
v 0.59431 -0.13039 0.04804
v 0.59569 -0.13176 0.04804
v 0.59569 -0.13039 0.04735
v 0.59431 -0.13039 0.04941
v 0.59569 -0.13176 0.04941
v 0.59431 -0.13039 0.05078
v 0.59569 -0.13176 0.05078
v 0.59569 -0.13176 0.05216
v 0.59569 -0.13176 0.05353
v 0.59569 -0.13176 0.05490
v 0.59569 -0.13176 0.05627
v 0.59569 -0.13176 0.05765
v 0.59569 -0.12902 0.03843
v 0.59569 -0.12902 0.03980
v 0.59569 -0.12902 0.04118
v 0.59569 -0.12902 0.04392
v 0.59569 -0.12902 0.04529
v 0.59569 -0.12902 0.04667
v 0.59706 -0.19902 0.02333
v 0.59706 -0.19902 0.02471
v 0.59843 -0.20039 0.02745
v 0.59843 -0.19902 0.02676
v 0.59706 -0.19902 0.02882
v 0.59843 -0.19902 0.02814
v 0.59843 -0.20039 0.03020
v 0.59843 -0.19902 0.02951
v 0.59706 -0.19902 0.03157
v 0.59843 -0.19902 0.03088
v 0.59843 -0.20039 0.03294
v 0.59843 -0.19902 0.03225
v 0.59706 -0.19902 0.03431
v 0.59843 -0.19902 0.03363
v 0.59843 -0.20039 0.03569
v 0.59843 -0.19902 0.03500
v 0.59706 -0.19902 0.03706
v 0.59843 -0.19902 0.03637
v 0.59706 -0.19902 0.03843
v 0.59706 -0.19902 0.03980
v 0.59706 -0.19902 0.04118
v 0.59706 -0.19902 0.04255
v 0.59706 -0.19902 0.04392
v 0.59706 -0.19627 0.01510
v 0.59843 -0.19765 0.01647
v 0.59843 -0.19627 0.01578
v 0.59843 -0.19765 0.01784
v 0.59843 -0.19765 0.01922
v 0.59843 -0.19765 0.02059
v 0.59843 -0.19765 0.02196
v 0.59843 -0.19765 0.02333
v 0.59843 -0.19765 0.02471
v 0.59843 -0.19765 0.02608
v 0.59843 -0.19765 0.02882
v 0.59843 -0.19765 0.03157
v 0.59843 -0.19765 0.03431
v 0.59843 -0.19765 0.03706
v 0.59843 -0.19765 0.03843
v 0.59843 -0.19765 0.03980
v 0.59843 -0.19765 0.04118
v 0.59843 -0.19765 0.04255
v 0.59843 -0.19765 0.04392
v 0.59843 -0.19765 0.04529
v 0.59843 -0.19765 0.04667
v 0.59843 -0.19765 0.04804
v 0.59843 -0.19765 0.04941
v 0.59843 -0.19765 0.05078
v 0.59706 -0.19627 0.05216
v 0.59843 -0.19627 0.05147
v 0.59706 -0.19627 0.05353
v 0.59706 -0.19627 0.05490
v 0.59706 -0.19627 0.05765
v 0.59843 -0.19490 0.00824
v 0.59843 -0.19353 0.00755
v 0.59843 -0.19490 0.00961
v 0.59843 -0.19490 0.01098
v 0.59843 -0.19490 0.01235
v 0.59843 -0.19490 0.01373
v 0.59843 -0.19490 0.01510
v 0.59843 -0.19490 0.05216
v 0.59843 -0.19490 0.05353
v 0.59843 -0.19490 0.05490
v 0.59843 -0.19490 0.05627
v 0.59843 -0.19490 0.05765
v 0.59843 -0.19490 0.05902
v 0.59706 -0.19353 0.06039
v 0.59843 -0.19353 0.05971
v 0.59706 -0.19353 0.06176
v 0.59706 -0.19078 0.00412
v 0.59843 -0.19216 0.00412
v 0.59843 -0.19078 0.00343
v 0.59843 -0.19216 0.00549
v 0.59843 -0.19216 0.00686
v 0.59843 -0.19216 0.06039
v 0.59843 -0.19216 0.06176
v 0.59843 -0.19216 0.06314
v 0.59843 -0.19216 0.06451
v 0.59706 -0.19078 0.06588
v 0.59843 -0.19078 0.06520
v 0.59706 -0.18804 0.00137
v 0.59843 -0.18941 0.00137
v 0.59843 -0.18804 0.00069
v 0.59843 -0.18941 0.00275
v 0.59843 -0.18941 0.06588
v 0.59843 -0.18941 0.06725
v 0.59706 -0.18804 0.06863
v 0.59843 -0.18804 0.06794
v 0.59843 -0.18667 0.00000
v 0.59843 -0.18529 -0.00069
v 0.59843 -0.18667 0.06863
v 0.59843 -0.18667 0.07000
v 0.59843 -0.18529 0.07069
v 0.59843 -0.18255 -0.00069
v 0.59843 -0.18392 0.07137
v 0.59843 -0.18255 0.07206
v 0.59843 -0.17980 -0.00069
v 0.59843 -0.17980 0.07206
v 0.59843 -0.17706 -0.00069
v 0.59706 -0.17706 0.07275
v 0.59843 -0.17706 0.07206
v 0.59843 -0.17431 -0.00069
v 0.59706 -0.17431 0.07275
v 0.59843 -0.17431 0.07206
v 0.59843 -0.17157 -0.00069
v 0.59843 -0.17294 0.07275
v 0.59843 -0.17157 0.07343
v 0.59843 -0.16882 -0.00069
v 0.59843 -0.16882 0.07343
v 0.59843 -0.16608 -0.00069
v 0.59706 -0.16608 0.07412
v 0.59843 -0.16608 0.07343
v 0.59843 -0.16333 -0.00069
v 0.59706 -0.16333 0.07412
v 0.59843 -0.16333 0.07343
v 0.59843 -0.16059 -0.00069
v 0.59843 -0.16059 0.07343
v 0.59843 -0.15784 -0.00069
v 0.59843 -0.15784 0.07343
v 0.59843 -0.15510 -0.00069
v 0.59843 -0.15510 0.07343
v 0.59843 -0.15235 -0.00069
v 0.59843 -0.15373 0.07275
v 0.59843 -0.15235 0.07206
v 0.59843 -0.14961 -0.00069
v 0.59843 -0.14961 0.07206
v 0.59843 -0.14824 0.00000
v 0.59843 -0.14686 0.00069
v 0.59843 -0.14824 0.07137
v 0.59843 -0.14686 0.07069
v 0.59843 -0.14549 0.00137
v 0.59843 -0.14549 0.00275
v 0.59843 -0.14549 0.00412
v 0.59843 -0.14412 0.00480
v 0.59706 -0.14412 0.07000
v 0.59843 -0.14549 0.07000
v 0.59843 -0.14412 0.06931
v 0.59843 -0.14275 0.00549
v 0.59843 -0.14275 0.00686
v 0.59843 -0.14275 0.00824
v 0.59843 -0.14137 0.00892
v 0.59706 -0.14137 0.06863
v 0.59843 -0.14275 0.06863
v 0.59843 -0.14137 0.06794
v 0.59843 -0.14000 0.00961
v 0.59843 -0.14000 0.01098
v 0.59706 -0.13863 0.01235
v 0.59843 -0.14000 0.01235
v 0.59706 -0.13863 0.01373
v 0.59843 -0.14000 0.01373
v 0.59843 -0.13863 0.01441
v 0.59706 -0.13863 0.06451
v 0.59843 -0.14000 0.06451
v 0.59843 -0.13863 0.06382
v 0.59706 -0.13863 0.06588
v 0.59843 -0.14000 0.06588
v 0.59843 -0.14000 0.06725
v 0.59843 -0.13725 0.01510
v 0.59843 -0.13725 0.01647
v 0.59843 -0.13725 0.01784
v 0.59706 -0.13588 0.01922
v 0.59843 -0.13725 0.01922
v 0.59843 -0.13588 0.01990
v 0.59706 -0.13588 0.06176
v 0.59843 -0.13725 0.06176
v 0.59843 -0.13588 0.06108
v 0.59843 -0.13725 0.06314
v 0.59843 -0.13451 0.02059
v 0.59843 -0.13451 0.02196
v 0.59843 -0.13451 0.02333
v 0.59706 -0.13314 0.02471
v 0.59843 -0.13451 0.02471
v 0.59843 -0.13451 0.02608
v 0.59706 -0.13314 0.02745
v 0.59843 -0.13451 0.02745
v 0.59706 -0.13314 0.02882
v 0.59843 -0.13451 0.02882
v 0.59843 -0.13314 0.02951
v 0.59706 -0.13314 0.05490
v 0.59843 -0.13451 0.05490
v 0.59843 -0.13314 0.05422
v 0.59706 -0.13314 0.05627
v 0.59843 -0.13451 0.05627
v 0.59706 -0.13314 0.05765
v 0.59843 -0.13451 0.05765
v 0.59843 -0.13451 0.05902
v 0.59843 -0.13451 0.06039
v 0.59843 -0.13176 0.03020
v 0.59843 -0.13176 0.03157
v 0.59843 -0.13176 0.03294
v 0.59843 -0.13176 0.03431
v 0.59843 -0.13176 0.03569
v 0.59843 -0.13176 0.03706
v 0.59706 -0.13039 0.03843
v 0.59843 -0.13176 0.03843
v 0.59706 -0.13039 0.03980
v 0.59843 -0.13176 0.03980
v 0.59706 -0.13039 0.04118
v 0.59843 -0.13176 0.04118
v 0.59843 -0.13176 0.04255
v 0.59706 -0.13039 0.04392
v 0.59843 -0.13176 0.04392
v 0.59706 -0.13039 0.04529
v 0.59843 -0.13176 0.04529
v 0.59706 -0.13039 0.04667
v 0.59843 -0.13176 0.04667
v 0.59843 -0.13176 0.04804
v 0.59843 -0.13176 0.04941
v 0.59843 -0.13176 0.05078
v 0.59843 -0.13176 0.05216
v 0.59843 -0.13176 0.05353
v 0.59980 -0.19902 0.02745
v 0.59980 -0.19902 0.03020
v 0.59980 -0.19902 0.03294
v 0.59980 -0.19902 0.03569
v 0.59980 -0.19627 0.01510
v 0.60118 -0.19765 0.01510
v 0.60118 -0.19627 0.01441
v 0.60118 -0.19765 0.01647
v 0.60118 -0.19765 0.01784
v 0.60118 -0.19765 0.01922
v 0.60118 -0.19765 0.02059
v 0.60118 -0.19765 0.02196
v 0.60118 -0.19765 0.02333
v 0.60118 -0.19765 0.02471
v 0.60118 -0.19765 0.02608
v 0.60118 -0.19765 0.02745
v 0.60118 -0.19765 0.02882
v 0.60118 -0.19765 0.03020
v 0.60118 -0.19765 0.03157
v 0.60118 -0.19765 0.03294
v 0.60118 -0.19765 0.03431
v 0.60118 -0.19765 0.03569
v 0.60118 -0.19765 0.03706
v 0.60118 -0.19765 0.03843
v 0.60118 -0.19765 0.03980
v 0.60118 -0.19765 0.04118
v 0.60118 -0.19765 0.04255
v 0.60118 -0.19765 0.04392
v 0.60118 -0.19765 0.04529
v 0.60118 -0.19765 0.04667
v 0.60118 -0.19765 0.04804
v 0.59980 -0.19627 0.04941
v 0.60118 -0.19627 0.04873
v 0.59980 -0.19627 0.05078
v 0.59980 -0.19353 0.00824
v 0.60118 -0.19490 0.00961
v 0.60118 -0.19353 0.00892
v 0.60118 -0.19490 0.01098
v 0.60118 -0.19490 0.01235
v 0.60118 -0.19490 0.01373
v 0.60118 -0.19490 0.04941
v 0.60118 -0.19490 0.05078
v 0.60118 -0.19490 0.05216
v 0.60118 -0.19490 0.05353
v 0.60118 -0.19490 0.05490
v 0.60118 -0.19490 0.05627
v 0.59980 -0.19353 0.05765
v 0.60118 -0.19353 0.05696
v 0.59980 -0.19353 0.05902
v 0.60118 -0.19216 0.00412
v 0.60118 -0.19078 0.00343
v 0.60118 -0.19216 0.00549
v 0.60118 -0.19216 0.00686
v 0.60118 -0.19216 0.00824
v 0.60118 -0.19216 0.05765
v 0.60118 -0.19216 0.05902
v 0.60118 -0.19216 0.06039
v 0.59980 -0.19078 0.06176
v 0.60118 -0.19078 0.06108
v 0.59980 -0.19078 0.06314
v 0.59980 -0.19078 0.06451
v 0.60118 -0.18941 0.00137
v 0.60118 -0.18804 0.00069
v 0.60118 -0.18941 0.00275
v 0.60118 -0.18941 0.06176
v 0.60118 -0.18941 0.06314
v 0.60118 -0.18941 0.06451
v 0.59980 -0.18804 0.06588
v 0.60118 -0.18804 0.06520
v 0.59980 -0.18804 0.06725
v 0.60118 -0.18667 0.00000
v 0.60118 -0.18529 -0.00069
v 0.60118 -0.18667 0.06588
v 0.60118 -0.18667 0.06725
v 0.59980 -0.18529 0.06863
v 0.60118 -0.18529 0.06794
v 0.59980 -0.18529 0.07000
v 0.60118 -0.18255 -0.00069
v 0.60118 -0.18392 0.06863
v 0.59980 -0.18255 0.07000
v 0.60118 -0.18255 0.06931
v 0.59980 -0.18255 0.07137
v 0.60118 -0.17980 -0.00069
v 0.60118 -0.18118 0.07000
v 0.59980 -0.17980 0.07137
v 0.60118 -0.17980 0.07069
v 0.60118 -0.17706 -0.00069
v 0.60118 -0.17843 0.07137
v 0.60118 -0.17706 0.07206
v 0.60118 -0.17431 -0.00069
v 0.60118 -0.17431 0.07206
v 0.60118 -0.17157 -0.00069
v 0.60118 -0.17294 0.07275
v 0.60118 -0.17157 0.07343
v 0.60118 -0.16882 -0.00069
v 0.59980 -0.16882 0.07275
v 0.60118 -0.17020 0.07275
v 0.60118 -0.16882 0.07206
v 0.60118 -0.16608 -0.00069
v 0.60118 -0.16745 0.07275
v 0.60118 -0.16608 0.07343
v 0.60118 -0.16333 -0.00069
v 0.60118 -0.16333 0.07343
v 0.60118 -0.16059 -0.00069
v 0.60118 -0.16059 0.07343
v 0.60118 -0.15784 -0.00069
v 0.59980 -0.15784 0.07275
v 0.60118 -0.15922 0.07275
v 0.60118 -0.15784 0.07206
v 0.60118 -0.15510 -0.00069
v 0.59980 -0.15510 0.07275
v 0.60118 -0.15510 0.07206
v 0.60118 -0.15235 -0.00069
v 0.60118 -0.15235 0.07206
v 0.60118 -0.14961 -0.00069
v 0.59980 -0.14961 0.07137
v 0.60118 -0.15098 0.07137
v 0.60118 -0.14961 0.07069
v 0.60118 -0.14824 0.00000
v 0.59980 -0.14686 0.00137
v 0.60118 -0.14824 0.00137
v 0.59980 -0.14686 0.00275
v 0.60118 -0.14824 0.00275
v 0.60118 -0.14686 0.00343
v 0.59980 -0.14686 0.07000
v 0.60118 -0.14824 0.07000
v 0.60118 -0.14686 0.06931
v 0.60118 -0.14549 0.00412
v 0.59980 -0.14412 0.00549
v 0.60118 -0.14549 0.00549
v 0.60118 -0.14412 0.00618
v 0.59980 -0.14412 0.06863
v 0.60118 -0.14549 0.06863
v 0.60118 -0.14412 0.06794
v 0.60118 -0.14275 0.00686
v 0.60118 -0.14275 0.00824
v 0.59980 -0.14137 0.00961
v 0.60118 -0.14275 0.00961
v 0.59980 -0.14137 0.01098
v 0.60118 -0.14275 0.01098
v 0.60118 -0.14137 0.01167
v 0.59980 -0.14137 0.06588
v 0.60118 -0.14275 0.06588
v 0.60118 -0.14137 0.06520
v 0.59980 -0.14137 0.06725
v 0.60118 -0.14275 0.06725
v 0.60118 -0.14000 0.01235
v 0.60118 -0.14000 0.01373
v 0.59980 -0.13863 0.01510
v 0.60118 -0.14000 0.01510
v 0.59980 -0.13863 0.01647
v 0.60118 -0.14000 0.01647
v 0.60118 -0.13863 0.01716
v 0.59980 -0.13863 0.06314
v 0.60118 -0.14000 0.06314
v 0.60118 -0.13863 0.06245
v 0.60118 -0.14000 0.06451
v 0.60118 -0.13725 0.01784
v 0.60118 -0.13725 0.01922
v 0.59980 -0.13588 0.02059
v 0.60118 -0.13725 0.02059
v 0.59980 -0.13588 0.02196
v 0.60118 -0.13725 0.02196
v 0.59980 -0.13588 0.02333
v 0.60118 -0.13725 0.02333
v 0.60118 -0.13588 0.02402
v 0.59980 -0.13588 0.05902
v 0.60118 -0.13725 0.05902
v 0.60118 -0.13588 0.05833
v 0.59980 -0.13588 0.06039
v 0.60118 -0.13725 0.06039
v 0.60118 -0.13725 0.06176
v 0.60118 -0.13451 0.02471
v 0.60118 -0.13451 0.02608
v 0.60118 -0.13451 0.02745
v 0.60118 -0.13451 0.02882
v 0.59980 -0.13314 0.03020
v 0.60118 -0.13451 0.03020
v 0.59980 -0.13314 0.03157
v 0.60118 -0.13451 0.03157
v 0.59980 -0.13314 0.03294
v 0.60118 -0.13451 0.03294
v 0.59980 -0.13314 0.03431
v 0.60118 -0.13451 0.03431
v 0.59980 -0.13314 0.03569
v 0.60118 -0.13451 0.03569
v 0.59980 -0.13314 0.03706
v 0.60118 -0.13451 0.03706
v 0.59980 -0.13314 0.03843
v 0.60118 -0.13451 0.03843
v 0.59980 -0.13314 0.03980
v 0.60118 -0.13451 0.03980
v 0.60118 -0.13314 0.04049
v 0.59980 -0.13314 0.04255
v 0.60118 -0.13451 0.04255
v 0.60118 -0.13314 0.04186
v 0.59980 -0.13314 0.04392
v 0.60118 -0.13451 0.04392
v 0.59980 -0.13314 0.04529
v 0.60118 -0.13451 0.04529
v 0.59980 -0.13314 0.04667
v 0.60118 -0.13451 0.04667
v 0.59980 -0.13314 0.04804
v 0.60118 -0.13451 0.04804
v 0.59980 -0.13314 0.04941
v 0.60118 -0.13451 0.04941
v 0.59980 -0.13314 0.05078
v 0.60118 -0.13451 0.05078
v 0.59980 -0.13314 0.05216
v 0.60118 -0.13451 0.05216
v 0.59980 -0.13314 0.05353
v 0.60118 -0.13451 0.05353
v 0.60118 -0.13451 0.05490
v 0.60118 -0.13451 0.05627
v 0.60118 -0.13451 0.05765
v 0.60118 -0.13176 0.04118
v 0.60255 -0.19627 0.01510
v 0.60392 -0.19765 0.01647
v 0.60392 -0.19627 0.01578
v 0.60392 -0.19765 0.01784
v 0.60392 -0.19765 0.01922
v 0.60392 -0.19765 0.02059
v 0.60392 -0.19765 0.02196
v 0.60392 -0.19765 0.02333
v 0.60392 -0.19765 0.02471
v 0.60392 -0.19765 0.02608
v 0.60392 -0.19765 0.02745
v 0.60392 -0.19765 0.02882
v 0.60392 -0.19765 0.03020
v 0.60392 -0.19765 0.03157
v 0.60392 -0.19765 0.03294
v 0.60392 -0.19765 0.03431
v 0.60392 -0.19765 0.03569
v 0.60392 -0.19765 0.03706
v 0.60392 -0.19765 0.03843
v 0.60392 -0.19765 0.03980
v 0.60392 -0.19765 0.04118
v 0.60392 -0.19765 0.04255
v 0.60392 -0.19765 0.04392
v 0.60255 -0.19627 0.04529
v 0.60392 -0.19627 0.04461
v 0.60255 -0.19627 0.04667
v 0.60255 -0.19627 0.04804
v 0.60255 -0.19353 0.00824
v 0.60392 -0.19490 0.00824
v 0.60392 -0.19353 0.00755
v 0.60392 -0.19490 0.00961
v 0.60392 -0.19490 0.01098
v 0.60392 -0.19490 0.01235
v 0.60392 -0.19490 0.01373
v 0.60392 -0.19490 0.01510
v 0.60392 -0.19490 0.04529
v 0.60392 -0.19490 0.04667
v 0.60392 -0.19490 0.04804
v 0.60392 -0.19490 0.04941
v 0.60392 -0.19490 0.05078
v 0.60392 -0.19490 0.05216
v 0.60392 -0.19490 0.05353
v 0.60255 -0.19353 0.05490
v 0.60392 -0.19353 0.05422
v 0.60255 -0.19353 0.05627
v 0.60392 -0.19216 0.00412
v 0.60392 -0.19078 0.00343
v 0.60392 -0.19216 0.00549
v 0.60392 -0.19216 0.00686
v 0.60392 -0.19216 0.05490
v 0.60392 -0.19216 0.05627
v 0.60392 -0.19216 0.05765
v 0.60255 -0.19078 0.05902
v 0.60392 -0.19078 0.05833
v 0.60255 -0.19078 0.06039
v 0.60255 -0.18804 0.00000
v 0.60392 -0.18941 0.00000
v 0.60392 -0.18804 -0.00069
v 0.60392 -0.18941 0.00137
v 0.60392 -0.18941 0.00275
v 0.60392 -0.18941 0.05902
v 0.60392 -0.18941 0.06039
v 0.60392 -0.18941 0.06176
v 0.60255 -0.18804 0.06314
v 0.60392 -0.18804 0.06245
v 0.60255 -0.18804 0.06451
v 0.60392 -0.18529 -0.00069
v 0.60392 -0.18667 0.06314
v 0.60392 -0.18667 0.06451
v 0.60255 -0.18529 0.06588
v 0.60392 -0.18529 0.06520
v 0.60255 -0.18529 0.06725
v 0.60392 -0.18255 -0.00069
v 0.60392 -0.18392 0.06588
v 0.60392 -0.18392 0.06725
v 0.60255 -0.18255 0.06863
v 0.60392 -0.18255 0.06794
v 0.60392 -0.17980 -0.00069
v 0.60392 -0.18118 0.06863
v 0.60255 -0.17980 0.07000
v 0.60392 -0.17980 0.06931
v 0.60392 -0.17706 -0.00069
v 0.60392 -0.17843 0.07000
v 0.60255 -0.17706 0.07137
v 0.60392 -0.17706 0.07069
v 0.60392 -0.17431 -0.00069
v 0.60392 -0.17569 0.07137
v 0.60392 -0.17431 0.07206
v 0.60392 -0.17157 -0.00069
v 0.60255 -0.17157 0.07275
v 0.60392 -0.17157 0.07206
v 0.60392 -0.16882 -0.00069
v 0.60392 -0.16882 0.07206
v 0.60392 -0.16608 -0.00069
v 0.60255 -0.16608 0.07275
v 0.60392 -0.16608 0.07206
v 0.60392 -0.16333 -0.00069
v 0.60255 -0.16333 0.07275
v 0.60392 -0.16333 0.07206
v 0.60392 -0.16059 -0.00069
v 0.60255 -0.16059 0.07275
v 0.60392 -0.16059 0.07206
v 0.60392 -0.15784 -0.00069
v 0.60392 -0.15784 0.07206
v 0.60392 -0.15510 -0.00069
v 0.60255 -0.15510 0.07137
v 0.60392 -0.15647 0.07137
v 0.60392 -0.15510 0.07069
v 0.60392 -0.15235 -0.00069
v 0.60255 -0.15235 0.07137
v 0.60392 -0.15235 0.07069
v 0.60392 -0.14961 -0.00069
v 0.60255 -0.14961 0.07000
v 0.60392 -0.15098 0.07000
v 0.60392 -0.14961 0.06931
v 0.60392 -0.14824 0.00000
v 0.60392 -0.14824 0.00137
v 0.60392 -0.14824 0.00275
v 0.60392 -0.14686 0.00343
v 0.60255 -0.14686 0.06863
v 0.60392 -0.14824 0.06863
v 0.60392 -0.14686 0.06794
v 0.60392 -0.14549 0.00412
v 0.60392 -0.14549 0.00549
v 0.60255 -0.14412 0.00686
v 0.60392 -0.14549 0.00686
v 0.60392 -0.14412 0.00755
v 0.60255 -0.14412 0.06725
v 0.60392 -0.14549 0.06725
v 0.60392 -0.14412 0.06657
v 0.60392 -0.14275 0.00824
v 0.60392 -0.14275 0.00961
v 0.60392 -0.14275 0.01098
v 0.60392 -0.14137 0.01167
v 0.60255 -0.14137 0.06451
v 0.60392 -0.14275 0.06451
v 0.60392 -0.14137 0.06382
v 0.60392 -0.14275 0.06588
v 0.60392 -0.14000 0.01235
v 0.60392 -0.14000 0.01373
v 0.60392 -0.14000 0.01510
v 0.60392 -0.14000 0.01647
v 0.60255 -0.13863 0.01784
v 0.60392 -0.14000 0.01784
v 0.60392 -0.13863 0.01853
v 0.60255 -0.13863 0.02059
v 0.60392 -0.14000 0.02059
v 0.60392 -0.13863 0.01990
v 0.60392 -0.13863 0.02127
v 0.60255 -0.13863 0.06039
v 0.60392 -0.14000 0.06039
v 0.60392 -0.13863 0.05971
v 0.60255 -0.13863 0.06176
v 0.60392 -0.14000 0.06176
v 0.60392 -0.14000 0.06314
v 0.60392 -0.13725 0.01922
v 0.60392 -0.13725 0.02196
v 0.60392 -0.13725 0.02333
v 0.60255 -0.13588 0.02471
v 0.60392 -0.13725 0.02471
v 0.60255 -0.13588 0.02608
v 0.60392 -0.13725 0.02608
v 0.60255 -0.13588 0.02745
v 0.60392 -0.13725 0.02745
v 0.60255 -0.13588 0.02882
v 0.60392 -0.13725 0.02882
v 0.60255 -0.13588 0.03020
v 0.60392 -0.13725 0.03020
v 0.60255 -0.13588 0.03157
v 0.60392 -0.13725 0.03157
v 0.60392 -0.13588 0.03225
v 0.60255 -0.13588 0.05353
v 0.60392 -0.13725 0.05353
v 0.60392 -0.13588 0.05284
v 0.60255 -0.13588 0.05490
v 0.60392 -0.13725 0.05490
v 0.60255 -0.13588 0.05627
v 0.60392 -0.13725 0.05627
v 0.60255 -0.13588 0.05765
v 0.60392 -0.13725 0.05765
v 0.60392 -0.13725 0.05902
v 0.60392 -0.13451 0.03294
v 0.60392 -0.13451 0.03431
v 0.60392 -0.13451 0.03569
v 0.60392 -0.13451 0.03706
v 0.60392 -0.13451 0.03843
v 0.60392 -0.13451 0.03980
v 0.60255 -0.13314 0.04118
v 0.60392 -0.13451 0.04118
v 0.60392 -0.13451 0.04255
v 0.60392 -0.13451 0.04392
v 0.60392 -0.13451 0.04529
v 0.60392 -0.13451 0.04667
v 0.60392 -0.13451 0.04804
v 0.60392 -0.13451 0.04941
v 0.60392 -0.13451 0.05078
v 0.60392 -0.13451 0.05216
v 0.60529 -0.19627 0.01510
v 0.60667 -0.19765 0.01510
v 0.60667 -0.19627 0.01441
v 0.60667 -0.19765 0.01647
v 0.60667 -0.19765 0.01784
v 0.60667 -0.19765 0.01922
v 0.60667 -0.19765 0.02059
v 0.60667 -0.19765 0.02196
v 0.60667 -0.19765 0.02333
v 0.60667 -0.19765 0.02471
v 0.60667 -0.19765 0.02608
v 0.60667 -0.19765 0.02745
v 0.60667 -0.19765 0.02882
v 0.60667 -0.19765 0.03020
v 0.60667 -0.19765 0.03157
v 0.60667 -0.19765 0.03294
v 0.60667 -0.19765 0.03431
v 0.60667 -0.19765 0.03569
v 0.60667 -0.19765 0.03706
v 0.60529 -0.19627 0.03843
v 0.60667 -0.19627 0.03775
v 0.60529 -0.19627 0.03980
v 0.60529 -0.19627 0.04118
v 0.60529 -0.19627 0.04255
v 0.60529 -0.19627 0.04392
v 0.60529 -0.19353 0.00824
v 0.60667 -0.19490 0.00961
v 0.60667 -0.19353 0.00892
v 0.60667 -0.19490 0.01098
v 0.60667 -0.19490 0.01235
v 0.60667 -0.19490 0.01373
v 0.60667 -0.19490 0.03843
v 0.60667 -0.19490 0.03980
v 0.60667 -0.19490 0.04118
v 0.60667 -0.19490 0.04255
v 0.60667 -0.19490 0.04392
v 0.60667 -0.19490 0.04529
v 0.60667 -0.19490 0.04667
v 0.60667 -0.19490 0.04804
v 0.60667 -0.19490 0.04941
v 0.60529 -0.19353 0.05078
v 0.60667 -0.19353 0.05010
v 0.60529 -0.19353 0.05216
v 0.60529 -0.19353 0.05353
v 0.60529 -0.19078 0.00275
v 0.60667 -0.19216 0.00275
v 0.60667 -0.19078 0.00206
v 0.60667 -0.19216 0.00412
v 0.60667 -0.19216 0.00549
v 0.60667 -0.19216 0.00686
v 0.60667 -0.19216 0.00824
v 0.60667 -0.19216 0.05078
v 0.60667 -0.19216 0.05216
v 0.60667 -0.19216 0.05353
v 0.60667 -0.19216 0.05490
v 0.60529 -0.19078 0.05627
v 0.60667 -0.19078 0.05559
v 0.60529 -0.19078 0.05765
v 0.60667 -0.18941 0.00000
v 0.60667 -0.18804 -0.00069
v 0.60667 -0.18941 0.00137
v 0.60667 -0.18941 0.05627
v 0.60667 -0.18941 0.05765
v 0.60667 -0.18941 0.05902
v 0.60529 -0.18804 0.06039
v 0.60667 -0.18804 0.05971
v 0.60529 -0.18804 0.06176
v 0.60667 -0.18529 -0.00069
v 0.60667 -0.18667 0.06039
v 0.60667 -0.18667 0.06176
v 0.60529 -0.18529 0.06314
v 0.60667 -0.18529 0.06245
v 0.60529 -0.18529 0.06451
v 0.60667 -0.18255 -0.00069
v 0.60667 -0.18392 0.06314
v 0.60667 -0.18392 0.06451
v 0.60529 -0.18255 0.06588
v 0.60667 -0.18255 0.06520
v 0.60529 -0.18255 0.06725
v 0.60667 -0.17980 -0.00069
v 0.60667 -0.18118 0.06588
v 0.60529 -0.17980 0.06725
v 0.60667 -0.17980 0.06657
v 0.60529 -0.17980 0.06863
v 0.60667 -0.17706 -0.00069
v 0.60667 -0.17843 0.06725
v 0.60667 -0.17843 0.06863
v 0.60529 -0.17706 0.07000
v 0.60667 -0.17706 0.06931
v 0.60667 -0.17431 -0.00069
v 0.60529 -0.17431 0.07000
v 0.60667 -0.17431 0.06931
v 0.60529 -0.17431 0.07137
v 0.60667 -0.17157 -0.00069
v 0.60529 -0.17157 0.07000
v 0.60667 -0.17157 0.06931
v 0.60529 -0.17157 0.07137
v 0.60667 -0.16882 -0.00069
v 0.60667 -0.17020 0.07000
v 0.60529 -0.16882 0.07137
v 0.60667 -0.16882 0.07069
v 0.60667 -0.16608 -0.00069
v 0.60529 -0.16608 0.07137
v 0.60667 -0.16608 0.07069
v 0.60667 -0.16333 -0.00069
v 0.60529 -0.16333 0.07137
v 0.60667 -0.16333 0.07069
v 0.60667 -0.16059 -0.00069
v 0.60529 -0.16059 0.07000
v 0.60667 -0.16196 0.07000
v 0.60667 -0.16059 0.06931
v 0.60529 -0.16059 0.07137
v 0.60667 -0.15784 -0.00069
v 0.60529 -0.15784 0.07000
v 0.60667 -0.15784 0.06931
v 0.60529 -0.15784 0.07137
v 0.60667 -0.15510 -0.00069
v 0.60529 -0.15510 0.07000
v 0.60667 -0.15510 0.06931
v 0.60667 -0.15235 -0.00069
v 0.60529 -0.15235 0.06863
v 0.60667 -0.15373 0.06863
v 0.60667 -0.15235 0.06794
v 0.60529 -0.15235 0.07000
v 0.60529 -0.14961 0.00000
v 0.60667 -0.15098 0.00000
v 0.60667 -0.14961 0.00069
v 0.60529 -0.14961 0.06725
v 0.60667 -0.15098 0.06725
v 0.60667 -0.14961 0.06657
v 0.60529 -0.14961 0.06863
v 0.60667 -0.14824 0.00137
v 0.60667 -0.14824 0.00275
v 0.60529 -0.14686 0.00412
v 0.60667 -0.14824 0.00412
v 0.60667 -0.14686 0.00480
v 0.60529 -0.14686 0.06588
v 0.60667 -0.14824 0.06588
v 0.60667 -0.14686 0.06520
v 0.60529 -0.14686 0.06725
v 0.60667 -0.14549 0.00549
v 0.60667 -0.14549 0.00686
v 0.60529 -0.14412 0.00824
v 0.60667 -0.14549 0.00824
v 0.60529 -0.14412 0.00961
v 0.60667 -0.14549 0.00961
v 0.60667 -0.14412 0.01029
v 0.60529 -0.14412 0.06314
v 0.60667 -0.14549 0.06314
v 0.60667 -0.14412 0.06245
v 0.60529 -0.14412 0.06451
v 0.60667 -0.14549 0.06451
v 0.60529 -0.14412 0.06588
v 0.60667 -0.14275 0.01098
v 0.60529 -0.14137 0.01235
v 0.60667 -0.14275 0.01235
v 0.60529 -0.14137 0.01373
v 0.60667 -0.14275 0.01373
v 0.60529 -0.14137 0.01510
v 0.60667 -0.14275 0.01510
v 0.60667 -0.14137 0.01578
v 0.60529 -0.14137 0.05902
v 0.60667 -0.14275 0.05902
v 0.60667 -0.14137 0.05833
v 0.60529 -0.14137 0.06039
v 0.60667 -0.14275 0.06039
v 0.60529 -0.14137 0.06176
v 0.60667 -0.14275 0.06176
v 0.60529 -0.14137 0.06314
v 0.60667 -0.14000 0.01647
v 0.60667 -0.14000 0.01784
v 0.60529 -0.13863 0.01922
v 0.60667 -0.14000 0.01922
v 0.60667 -0.14000 0.02059
v 0.60529 -0.13863 0.02196
v 0.60667 -0.14000 0.02196
v 0.60529 -0.13863 0.02333
v 0.60667 -0.14000 0.02333
v 0.60667 -0.13863 0.02402
v 0.60529 -0.13863 0.02608
v 0.60667 -0.14000 0.02608
v 0.60667 -0.13863 0.02539
v 0.60529 -0.13863 0.02745
v 0.60667 -0.14000 0.02745
v 0.60529 -0.13863 0.02882
v 0.60667 -0.14000 0.02882
v 0.60667 -0.13863 0.02951
v 0.60529 -0.13863 0.05353
v 0.60667 -0.14000 0.05353
v 0.60667 -0.13863 0.05284
v 0.60529 -0.13863 0.05490
v 0.60667 -0.14000 0.05490
v 0.60529 -0.13863 0.05627
v 0.60667 -0.14000 0.05627
v 0.60529 -0.13863 0.05765
v 0.60667 -0.14000 0.05765
v 0.60529 -0.13863 0.05902
v 0.60667 -0.13725 0.02471
v 0.60667 -0.13725 0.03020
v 0.60667 -0.13725 0.03157
v 0.60529 -0.13588 0.03294
v 0.60667 -0.13725 0.03294
v 0.60529 -0.13588 0.03431
v 0.60667 -0.13725 0.03431
v 0.60529 -0.13588 0.03569
v 0.60667 -0.13725 0.03569
v 0.60529 -0.13588 0.03706
v 0.60667 -0.13725 0.03706
v 0.60529 -0.13588 0.03843
v 0.60667 -0.13725 0.03843
v 0.60529 -0.13588 0.03980
v 0.60667 -0.13725 0.03980
v 0.60529 -0.13588 0.04118
v 0.60667 -0.13725 0.04118
v 0.60529 -0.13588 0.04255
v 0.60667 -0.13725 0.04255
v 0.60529 -0.13588 0.04392
v 0.60667 -0.13725 0.04392
v 0.60529 -0.13588 0.04529
v 0.60667 -0.13725 0.04529
v 0.60529 -0.13588 0.04667
v 0.60667 -0.13725 0.04667
v 0.60529 -0.13588 0.04804
v 0.60667 -0.13725 0.04804
v 0.60529 -0.13588 0.04941
v 0.60667 -0.13725 0.04941
v 0.60529 -0.13588 0.05078
v 0.60667 -0.13725 0.05078
v 0.60529 -0.13588 0.05216
v 0.60667 -0.13725 0.05216
v 0.60804 -0.19627 0.01510
v 0.60804 -0.19627 0.01647
v 0.60941 -0.19765 0.01784
v 0.60941 -0.19627 0.01716
v 0.60941 -0.19765 0.01922
v 0.60941 -0.19765 0.02059
v 0.60941 -0.19765 0.02196
v 0.60941 -0.19765 0.02333
v 0.60941 -0.19765 0.02471
v 0.60941 -0.19765 0.02608
v 0.60941 -0.19765 0.02745
v 0.60941 -0.19765 0.02882
v 0.60804 -0.19627 0.03020
v 0.60941 -0.19627 0.02951
v 0.60941 -0.19765 0.03157
v 0.60941 -0.19627 0.03088
v 0.60804 -0.19627 0.03294
v 0.60941 -0.19627 0.03225
v 0.60941 -0.19765 0.03431
v 0.60941 -0.19627 0.03363
v 0.60804 -0.19627 0.03569
v 0.60941 -0.19627 0.03500
v 0.60804 -0.19627 0.03706
v 0.60804 -0.19353 0.00824
v 0.60941 -0.19490 0.00824
v 0.60941 -0.19353 0.00755
v 0.60941 -0.19490 0.00961
v 0.60941 -0.19490 0.01098
v 0.60941 -0.19490 0.01235
v 0.60941 -0.19490 0.01373
v 0.60941 -0.19490 0.01510
v 0.60941 -0.19490 0.01647
v 0.60941 -0.19490 0.03020
v 0.60941 -0.19490 0.03294
v 0.60941 -0.19490 0.03569
v 0.60941 -0.19490 0.03706
v 0.60941 -0.19490 0.03843
v 0.60941 -0.19490 0.03980
v 0.60941 -0.19490 0.04118
v 0.60941 -0.19490 0.04255
v 0.60941 -0.19490 0.04392
v 0.60941 -0.19490 0.04529
v 0.60941 -0.19490 0.04667
v 0.60804 -0.19353 0.04804
v 0.60941 -0.19353 0.04735
v 0.60804 -0.19353 0.04941
v 0.60804 -0.19078 0.00275
v 0.60941 -0.19216 0.00412
v 0.60941 -0.19078 0.00343
v 0.60941 -0.19216 0.00549
v 0.60941 -0.19216 0.00686
v 0.60941 -0.19216 0.04804
v 0.60941 -0.19216 0.04941
v 0.60941 -0.19216 0.05078
v 0.60804 -0.19078 0.05216
v 0.60941 -0.19078 0.05147
v 0.60804 -0.19078 0.05353
v 0.60804 -0.19078 0.05490
v 0.60941 -0.18941 0.00000
v 0.60941 -0.18804 -0.00069
v 0.60941 -0.18941 0.00137
v 0.60941 -0.18941 0.00275
v 0.60941 -0.18941 0.05216
v 0.60941 -0.18941 0.05353
v 0.60941 -0.18941 0.05490
v 0.60804 -0.18804 0.05627
v 0.60941 -0.18804 0.05559
v 0.60804 -0.18804 0.05765
v 0.60804 -0.18804 0.05902
v 0.60941 -0.18529 -0.00069
v 0.60941 -0.18667 0.05627
v 0.60941 -0.18667 0.05765
v 0.60804 -0.18529 0.05902
v 0.60941 -0.18529 0.05833
v 0.60804 -0.18529 0.06039
v 0.60804 -0.18529 0.06176
v 0.60941 -0.18255 -0.00069
v 0.60941 -0.18392 0.05902
v 0.60941 -0.18392 0.06039
v 0.60804 -0.18255 0.06176
v 0.60941 -0.18255 0.06108
v 0.60804 -0.18255 0.06314
v 0.60804 -0.18255 0.06451
v 0.60941 -0.17980 -0.00069
v 0.60941 -0.18118 0.06176
v 0.60941 -0.18118 0.06314
v 0.60804 -0.17980 0.06451
v 0.60941 -0.17980 0.06382
v 0.60804 -0.17980 0.06588
v 0.60941 -0.17706 -0.00069
v 0.60941 -0.17843 0.06451
v 0.60804 -0.17706 0.06588
v 0.60941 -0.17706 0.06520
v 0.60804 -0.17706 0.06725
v 0.60804 -0.17706 0.06863
v 0.60941 -0.17431 -0.00069
v 0.60941 -0.17569 0.06588
v 0.60804 -0.17431 0.06725
v 0.60941 -0.17431 0.06657
v 0.60804 -0.17431 0.06863
v 0.60941 -0.17157 -0.00069
v 0.60804 -0.17157 0.06725
v 0.60941 -0.17157 0.06657
v 0.60804 -0.17157 0.06863
v 0.60941 -0.16882 -0.00069
v 0.60941 -0.17020 0.06725
v 0.60804 -0.16882 0.06863
v 0.60941 -0.16882 0.06794
v 0.60804 -0.16882 0.07000
v 0.60941 -0.16608 -0.00069
v 0.60804 -0.16608 0.06863
v 0.60941 -0.16608 0.06794
v 0.60804 -0.16608 0.07000
v 0.60941 -0.16333 -0.00069
v 0.60804 -0.16333 0.06863
v 0.60941 -0.16333 0.06794
v 0.60804 -0.16333 0.07000
v 0.60941 -0.16059 -0.00069
v 0.60804 -0.16059 0.06725
v 0.60941 -0.16196 0.06725
v 0.60941 -0.16059 0.06657
v 0.60804 -0.16059 0.06863
v 0.60941 -0.15784 -0.00069
v 0.60941 -0.15922 0.06725
v 0.60804 -0.15784 0.06863
v 0.60941 -0.15784 0.06794
v 0.60941 -0.15510 -0.00069
v 0.60804 -0.15510 0.06725
v 0.60941 -0.15647 0.06725
v 0.60941 -0.15510 0.06657
v 0.60804 -0.15510 0.06863
v 0.60941 -0.15235 -0.00069
v 0.60804 -0.15235 0.06588
v 0.60941 -0.15373 0.06588
v 0.60941 -0.15235 0.06520
v 0.60804 -0.15235 0.06725
v 0.60941 -0.15098 0.00000
v 0.60804 -0.14961 0.00137
v 0.60941 -0.15098 0.00137
v 0.60941 -0.14961 0.00206
v 0.60804 -0.14961 0.06314
v 0.60941 -0.15098 0.06314
v 0.60941 -0.14961 0.06245
v 0.60804 -0.14961 0.06451
v 0.60941 -0.15098 0.06451
v 0.60804 -0.14961 0.06588
v 0.60941 -0.14824 0.00275
v 0.60941 -0.14824 0.00412
v 0.60804 -0.14686 0.00549
v 0.60941 -0.14824 0.00549
v 0.60804 -0.14686 0.00686
v 0.60941 -0.14824 0.00686
v 0.60941 -0.14686 0.00755
v 0.60804 -0.14686 0.06176
v 0.60941 -0.14824 0.06176
v 0.60941 -0.14686 0.06108
v 0.60804 -0.14686 0.06314
v 0.60804 -0.14686 0.06451
v 0.60941 -0.14549 0.00824
v 0.60941 -0.14549 0.00961
v 0.60804 -0.14412 0.01098
v 0.60941 -0.14549 0.01098
v 0.60804 -0.14412 0.01235
v 0.60941 -0.14549 0.01235
v 0.60804 -0.14412 0.01373
v 0.60941 -0.14549 0.01373
v 0.60941 -0.14412 0.01441
v 0.60804 -0.14412 0.05765
v 0.60941 -0.14549 0.05765
v 0.60941 -0.14412 0.05696
v 0.60804 -0.14412 0.05902
v 0.60941 -0.14549 0.05902
v 0.60804 -0.14412 0.06039
v 0.60941 -0.14549 0.06039
v 0.60804 -0.14412 0.06176
v 0.60941 -0.14275 0.01510
v 0.60804 -0.14137 0.01647
v 0.60941 -0.14275 0.01647
v 0.60804 -0.14137 0.01784
v 0.60941 -0.14275 0.01784
v 0.60804 -0.14137 0.01922
v 0.60941 -0.14275 0.01922
v 0.60804 -0.14137 0.02059
v 0.60941 -0.14275 0.02059
v 0.60941 -0.14137 0.02127
v 0.60804 -0.14137 0.05078
v 0.60941 -0.14275 0.05078
v 0.60941 -0.14137 0.05010
v 0.60804 -0.14137 0.05216
v 0.60941 -0.14275 0.05216
v 0.60804 -0.14137 0.05353
v 0.60941 -0.14275 0.05353
v 0.60804 -0.14137 0.05490
v 0.60941 -0.14275 0.05490
v 0.60804 -0.14137 0.05627
v 0.60941 -0.14275 0.05627
v 0.60804 -0.14137 0.05765
v 0.60941 -0.14000 0.02196
v 0.60941 -0.14000 0.02333
v 0.60804 -0.13863 0.02471
v 0.60941 -0.14000 0.02471
v 0.60941 -0.14000 0.02608
v 0.60941 -0.14000 0.02745
v 0.60941 -0.14000 0.02882
v 0.60804 -0.13863 0.03020
v 0.60941 -0.14000 0.03020
v 0.60804 -0.13863 0.03157
v 0.60941 -0.14000 0.03157
v 0.60804 -0.13863 0.03294
v 0.60941 -0.14000 0.03294
v 0.60804 -0.13863 0.03431
v 0.60941 -0.14000 0.03431
v 0.60804 -0.13863 0.03569
v 0.60941 -0.14000 0.03569
v 0.60804 -0.13863 0.03706
v 0.60941 -0.14000 0.03706
v 0.60804 -0.13863 0.03843
v 0.60941 -0.14000 0.03843
v 0.60804 -0.13863 0.03980
v 0.60941 -0.14000 0.03980
v 0.60804 -0.13863 0.04118
v 0.60941 -0.14000 0.04118
v 0.60804 -0.13863 0.04255
v 0.60941 -0.14000 0.04255
v 0.60804 -0.13863 0.04392
v 0.60941 -0.14000 0.04392
v 0.60804 -0.13863 0.04529
v 0.60941 -0.14000 0.04529
v 0.60804 -0.13863 0.04667
v 0.60941 -0.14000 0.04667
v 0.60804 -0.13863 0.04804
v 0.60941 -0.14000 0.04804
v 0.60804 -0.13863 0.04941
v 0.60941 -0.14000 0.04941
v 0.60804 -0.13863 0.05078
v 0.60804 -0.13863 0.05216
v 0.61078 -0.19627 0.01647
v 0.61216 -0.19765 0.01647
v 0.61216 -0.19627 0.01578
v 0.61078 -0.19627 0.01784
v 0.61216 -0.19627 0.01716
v 0.61078 -0.19627 0.01922
v 0.61078 -0.19627 0.02059
v 0.61078 -0.19627 0.02196
v 0.61078 -0.19627 0.02333
v 0.61078 -0.19627 0.02471
v 0.61078 -0.19627 0.02608
v 0.61078 -0.19627 0.02745
v 0.61078 -0.19627 0.02882
v 0.61078 -0.19627 0.03157
v 0.61078 -0.19627 0.03431
v 0.61078 -0.19353 0.00824
v 0.61216 -0.19490 0.00961
v 0.61216 -0.19353 0.00892
v 0.61216 -0.19490 0.01098
v 0.61216 -0.19490 0.01235
v 0.61216 -0.19490 0.01373
v 0.61216 -0.19490 0.01510
v 0.61216 -0.19490 0.01784
v 0.61216 -0.19490 0.01922
v 0.61216 -0.19490 0.02059
v 0.61216 -0.19490 0.02196
v 0.61216 -0.19490 0.02333
v 0.61216 -0.19490 0.02471
v 0.61216 -0.19490 0.02608
v 0.61216 -0.19490 0.02745
v 0.61216 -0.19490 0.02882
v 0.61216 -0.19490 0.03020
v 0.61216 -0.19490 0.03157
v 0.61216 -0.19490 0.03294
v 0.61216 -0.19490 0.03431
v 0.61216 -0.19490 0.03569
v 0.61216 -0.19490 0.03706
v 0.61216 -0.19490 0.03843
v 0.61216 -0.19490 0.03980
v 0.61078 -0.19353 0.04118
v 0.61216 -0.19353 0.04049
v 0.61078 -0.19353 0.04255
v 0.61078 -0.19353 0.04392
v 0.61078 -0.19353 0.04529
v 0.61078 -0.19353 0.04667
v 0.61078 -0.19078 0.00275
v 0.61216 -0.19216 0.00275
v 0.61216 -0.19078 0.00206
v 0.61216 -0.19216 0.00412
v 0.61216 -0.19216 0.00549
v 0.61216 -0.19216 0.00686
v 0.61216 -0.19216 0.00824
v 0.61216 -0.19216 0.04118
v 0.61216 -0.19216 0.04255
v 0.61216 -0.19216 0.04392
v 0.61216 -0.19216 0.04529
v 0.61216 -0.19216 0.04667
v 0.61216 -0.19216 0.04804
v 0.61078 -0.19078 0.04941
v 0.61216 -0.19078 0.04873
v 0.61078 -0.19078 0.05078
v 0.61216 -0.18941 0.00000
v 0.61216 -0.18804 -0.00069
v 0.61216 -0.18941 0.00137
v 0.61216 -0.18941 0.04941
v 0.61216 -0.18941 0.05078
v 0.61078 -0.18804 0.05216
v 0.61216 -0.18804 0.05147
v 0.61078 -0.18804 0.05353
v 0.61078 -0.18804 0.05490
v 0.61216 -0.18529 -0.00069
v 0.61216 -0.18667 0.05216
v 0.61216 -0.18667 0.05353
v 0.61216 -0.18667 0.05490
v 0.61078 -0.18529 0.05627
v 0.61216 -0.18529 0.05559
v 0.61078 -0.18529 0.05765
v 0.61216 -0.18255 -0.00069
v 0.61216 -0.18392 0.05627
v 0.61216 -0.18392 0.05765
v 0.61078 -0.18255 0.05902
v 0.61216 -0.18255 0.05833
v 0.61078 -0.18255 0.06039
v 0.61216 -0.17980 -0.00069
v 0.61216 -0.18118 0.05902
v 0.61078 -0.17980 0.06039
v 0.61216 -0.17980 0.05971
v 0.61078 -0.17980 0.06176
v 0.61078 -0.17980 0.06314
v 0.61216 -0.17706 -0.00069
v 0.61216 -0.17843 0.06039
v 0.61078 -0.17706 0.06176
v 0.61216 -0.17706 0.06108
v 0.61078 -0.17706 0.06314
v 0.61078 -0.17706 0.06451
v 0.61216 -0.17431 -0.00069
v 0.61216 -0.17569 0.06176
v 0.61078 -0.17431 0.06314
v 0.61216 -0.17431 0.06245
v 0.61078 -0.17431 0.06451
v 0.61078 -0.17431 0.06588
v 0.61216 -0.17157 -0.00069
v 0.61216 -0.17294 0.06314
v 0.61078 -0.17157 0.06451
v 0.61216 -0.17157 0.06382
v 0.61078 -0.17157 0.06588
v 0.61216 -0.16882 -0.00069
v 0.61216 -0.17020 0.06451
v 0.61078 -0.16882 0.06588
v 0.61216 -0.16882 0.06520
v 0.61078 -0.16882 0.06725
v 0.61216 -0.16608 -0.00069
v 0.61078 -0.16608 0.06451
v 0.61216 -0.16745 0.06451
v 0.61216 -0.16608 0.06382
v 0.61078 -0.16608 0.06588
v 0.61078 -0.16608 0.06725
v 0.61216 -0.16333 -0.00069
v 0.61216 -0.16471 0.06451
v 0.61078 -0.16333 0.06588
v 0.61216 -0.16333 0.06520
v 0.61078 -0.16333 0.06725
v 0.61216 -0.16059 -0.00069
v 0.61078 -0.16059 0.06451
v 0.61216 -0.16196 0.06451
v 0.61216 -0.16059 0.06382
v 0.61078 -0.16059 0.06588
v 0.61216 -0.15784 -0.00069
v 0.61078 -0.15784 0.06314
v 0.61216 -0.15922 0.06314
v 0.61216 -0.15784 0.06245
v 0.61078 -0.15784 0.06451
v 0.61078 -0.15784 0.06588
v 0.61078 -0.15784 0.06725
v 0.61216 -0.15510 -0.00069
v 0.61078 -0.15510 0.06314
v 0.61216 -0.15510 0.06245
v 0.61078 -0.15510 0.06451
v 0.61078 -0.15510 0.06588
v 0.61216 -0.15235 -0.00069
v 0.61078 -0.15235 0.06039
v 0.61216 -0.15373 0.06039
v 0.61216 -0.15235 0.05971
v 0.61078 -0.15235 0.06176
v 0.61216 -0.15373 0.06176
v 0.61078 -0.15235 0.06314
v 0.61078 -0.15235 0.06451
v 0.61216 -0.15098 0.00000
v 0.61216 -0.15098 0.00137
v 0.61078 -0.14961 0.00275
v 0.61216 -0.15098 0.00275
v 0.61216 -0.14961 0.00343
v 0.61078 -0.14961 0.05902
v 0.61216 -0.15098 0.05902
v 0.61216 -0.14961 0.05833
v 0.61078 -0.14961 0.06039
v 0.61078 -0.14961 0.06176
v 0.61216 -0.14824 0.00412
v 0.61216 -0.14824 0.00549
v 0.61216 -0.14824 0.00686
v 0.61078 -0.14686 0.00824
v 0.61216 -0.14824 0.00824
v 0.61216 -0.14686 0.00892
v 0.61078 -0.14686 0.05490
v 0.61216 -0.14824 0.05490
v 0.61216 -0.14686 0.05422
v 0.61078 -0.14686 0.05627
v 0.61216 -0.14824 0.05627
v 0.61078 -0.14686 0.05765
v 0.61216 -0.14824 0.05765
v 0.61078 -0.14686 0.05902
v 0.61078 -0.14686 0.06039
v 0.61216 -0.14549 0.00961
v 0.61216 -0.14549 0.01098
v 0.61216 -0.14549 0.01235
v 0.61216 -0.14549 0.01373
v 0.61078 -0.14412 0.01510
v 0.61216 -0.14549 0.01510
v 0.61216 -0.14412 0.01578
v 0.61078 -0.14412 0.01922
v 0.61216 -0.14549 0.01922
v 0.61216 -0.14412 0.01853
v 0.61216 -0.14412 0.01990
v 0.61078 -0.14412 0.04941
v 0.61216 -0.14549 0.04941
v 0.61216 -0.14412 0.04873
v 0.61078 -0.14412 0.05078
v 0.61216 -0.14549 0.05078
v 0.61078 -0.14412 0.05216
v 0.61216 -0.14549 0.05216
v 0.61078 -0.14412 0.05353
v 0.61216 -0.14549 0.05353
v 0.61078 -0.14412 0.05490
v 0.61078 -0.14412 0.05627
v 0.61216 -0.14275 0.01647
v 0.61216 -0.14275 0.01784
v 0.61216 -0.14275 0.02059
v 0.61078 -0.14137 0.02196
v 0.61216 -0.14275 0.02196
v 0.61078 -0.14137 0.02333
v 0.61216 -0.14275 0.02333
v 0.61078 -0.14137 0.02471
v 0.61216 -0.14275 0.02471
v 0.61078 -0.14137 0.02608
v 0.61216 -0.14275 0.02608
v 0.61078 -0.14137 0.02745
v 0.61216 -0.14275 0.02745
v 0.61078 -0.14137 0.02882
v 0.61216 -0.14275 0.02882
v 0.61078 -0.14137 0.03020
v 0.61216 -0.14275 0.03020
v 0.61078 -0.14137 0.03157
v 0.61216 -0.14275 0.03157
v 0.61078 -0.14137 0.03294
v 0.61216 -0.14275 0.03294
v 0.61078 -0.14137 0.03431
v 0.61216 -0.14275 0.03431
v 0.61078 -0.14137 0.03569
v 0.61216 -0.14275 0.03569
v 0.61216 -0.14137 0.03637
v 0.61078 -0.14137 0.03843
v 0.61216 -0.14275 0.03843
v 0.61216 -0.14137 0.03775
v 0.61078 -0.14137 0.03980
v 0.61216 -0.14275 0.03980
v 0.61078 -0.14137 0.04118
v 0.61216 -0.14275 0.04118
v 0.61078 -0.14137 0.04255
v 0.61216 -0.14275 0.04255
v 0.61078 -0.14137 0.04392
v 0.61216 -0.14275 0.04392
v 0.61078 -0.14137 0.04529
v 0.61216 -0.14275 0.04529
v 0.61078 -0.14137 0.04667
v 0.61216 -0.14275 0.04667
v 0.61078 -0.14137 0.04804
v 0.61216 -0.14275 0.04804
v 0.61078 -0.14137 0.04941
v 0.61216 -0.14000 0.03706
v 0.61353 -0.19627 0.01647
v 0.61490 -0.19490 0.00961
v 0.61490 -0.19353 0.00892
v 0.61353 -0.19353 0.01098
v 0.61490 -0.19353 0.01029
v 0.61490 -0.19490 0.01235
v 0.61490 -0.19353 0.01167
v 0.61490 -0.19490 0.01373
v 0.61490 -0.19490 0.01510
v 0.61490 -0.19490 0.01647
v 0.61490 -0.19490 0.01784
v 0.61490 -0.19490 0.01922
v 0.61490 -0.19490 0.02059
v 0.61490 -0.19490 0.02196
v 0.61490 -0.19490 0.02333
v 0.61490 -0.19490 0.02471
v 0.61490 -0.19490 0.02608
v 0.61490 -0.19490 0.02745
v 0.61490 -0.19490 0.02882
v 0.61490 -0.19490 0.03020
v 0.61490 -0.19490 0.03157
v 0.61490 -0.19490 0.03294
v 0.61490 -0.19490 0.03431
v 0.61490 -0.19490 0.03569
v 0.61490 -0.19490 0.03706
v 0.61353 -0.19353 0.03843
v 0.61490 -0.19353 0.03775
v 0.61353 -0.19353 0.03980
v 0.61490 -0.19216 0.00275
v 0.61490 -0.19078 0.00206
v 0.61490 -0.19216 0.00412
v 0.61490 -0.19216 0.00549
v 0.61490 -0.19216 0.00686
v 0.61490 -0.19216 0.00824
v 0.61490 -0.19216 0.01098
v 0.61490 -0.19216 0.03843
v 0.61490 -0.19216 0.03980
v 0.61490 -0.19216 0.04118
v 0.61490 -0.19216 0.04255
v 0.61490 -0.19216 0.04392
v 0.61353 -0.19078 0.04529
v 0.61490 -0.19078 0.04461
v 0.61353 -0.19078 0.04667
v 0.61353 -0.19078 0.04804
v 0.61490 -0.18941 0.00000
v 0.61490 -0.18804 -0.00069
v 0.61490 -0.18941 0.00137
v 0.61490 -0.18941 0.04529
v 0.61490 -0.18941 0.04667
v 0.61353 -0.18804 0.04804
v 0.61490 -0.18804 0.04735
v 0.61353 -0.18804 0.04941
v 0.61353 -0.18804 0.05078
v 0.61490 -0.18529 -0.00069
v 0.61490 -0.18667 0.04804
v 0.61490 -0.18667 0.04941
v 0.61353 -0.18529 0.05078
v 0.61490 -0.18529 0.05010
v 0.61353 -0.18529 0.05216
v 0.61353 -0.18529 0.05353
v 0.61353 -0.18529 0.05490
v 0.61490 -0.18255 -0.00069
v 0.61490 -0.18392 0.05078
v 0.61490 -0.18392 0.05216
v 0.61353 -0.18255 0.05353
v 0.61490 -0.18255 0.05284
v 0.61353 -0.18255 0.05490
v 0.61353 -0.18255 0.05627
v 0.61353 -0.18255 0.05765
v 0.61490 -0.17980 -0.00069
v 0.61490 -0.18118 0.05353
v 0.61353 -0.17980 0.05490
v 0.61490 -0.17980 0.05422
v 0.61353 -0.17980 0.05627
v 0.61353 -0.17980 0.05765
v 0.61353 -0.17980 0.05902
v 0.61490 -0.17706 -0.00069
v 0.61490 -0.17843 0.05490
v 0.61353 -0.17706 0.05627
v 0.61490 -0.17706 0.05559
v 0.61353 -0.17706 0.05765
v 0.61353 -0.17706 0.05902
v 0.61353 -0.17706 0.06039
v 0.61490 -0.17431 -0.00069
v 0.61490 -0.17569 0.05627
v 0.61490 -0.17569 0.05765
v 0.61353 -0.17431 0.05902
v 0.61490 -0.17431 0.05833
v 0.61353 -0.17431 0.06039
v 0.61353 -0.17431 0.06176
v 0.61490 -0.17157 -0.00069
v 0.61490 -0.17294 0.05902
v 0.61353 -0.17157 0.06039
v 0.61490 -0.17157 0.05971
v 0.61353 -0.17157 0.06176
v 0.61353 -0.17157 0.06314
v 0.61490 -0.16882 -0.00069
v 0.61490 -0.17020 0.06039
v 0.61353 -0.16882 0.06176
v 0.61490 -0.16882 0.06108
v 0.61353 -0.16882 0.06314
v 0.61353 -0.16882 0.06451
v 0.61490 -0.16608 -0.00069
v 0.61353 -0.16608 0.06039
v 0.61490 -0.16745 0.06039
v 0.61490 -0.16608 0.05971
v 0.61353 -0.16608 0.06176
v 0.61353 -0.16608 0.06314
v 0.61490 -0.16333 -0.00069
v 0.61353 -0.16333 0.06039
v 0.61490 -0.16333 0.05971
v 0.61353 -0.16333 0.06176
v 0.61353 -0.16333 0.06314
v 0.61353 -0.16333 0.06451
v 0.61490 -0.16059 -0.00069
v 0.61353 -0.16059 0.06039
v 0.61490 -0.16059 0.05971
v 0.61353 -0.16059 0.06176
v 0.61353 -0.16059 0.06314
v 0.61490 -0.15784 -0.00069
v 0.61353 -0.15784 0.05902
v 0.61490 -0.15922 0.05902
v 0.61490 -0.15784 0.05833
v 0.61353 -0.15784 0.06039
v 0.61353 -0.15784 0.06176
v 0.61490 -0.15510 -0.00069
v 0.61353 -0.15510 0.05490
v 0.61490 -0.15647 0.05490
v 0.61490 -0.15510 0.05422
v 0.61490 -0.15510 0.05559
v 0.61353 -0.15510 0.05765
v 0.61490 -0.15647 0.05765
v 0.61490 -0.15510 0.05696
v 0.61353 -0.15510 0.05902
v 0.61353 -0.15510 0.06039
v 0.61353 -0.15510 0.06176
v 0.61353 -0.15235 0.00000
v 0.61490 -0.15373 0.00000
v 0.61353 -0.15235 0.00137
v 0.61490 -0.15373 0.00137
v 0.61490 -0.15235 0.00206
v 0.61353 -0.15235 0.05353
v 0.61490 -0.15373 0.05353
v 0.61490 -0.15235 0.05284
v 0.61353 -0.15235 0.05490
v 0.61353 -0.15235 0.05627
v 0.61490 -0.15373 0.05627
v 0.61353 -0.15235 0.05765
v 0.61353 -0.15235 0.05902
v 0.61490 -0.15098 0.00275
v 0.61353 -0.14961 0.00412
v 0.61490 -0.15098 0.00412
v 0.61353 -0.14961 0.00549
v 0.61490 -0.15098 0.00549
v 0.61490 -0.14961 0.00618
v 0.61353 -0.14961 0.05216
v 0.61490 -0.15098 0.05216
v 0.61490 -0.14961 0.05147
v 0.61353 -0.14961 0.05353
v 0.61353 -0.14961 0.05490
v 0.61353 -0.14961 0.05627
v 0.61353 -0.14961 0.05765
v 0.61490 -0.14824 0.00686
v 0.61490 -0.14824 0.00824
v 0.61353 -0.14686 0.00961
v 0.61490 -0.14824 0.00961
v 0.61353 -0.14686 0.01098
v 0.61490 -0.14824 0.01098
v 0.61353 -0.14686 0.01235
v 0.61490 -0.14824 0.01235
v 0.61490 -0.14686 0.01304
v 0.61353 -0.14686 0.04529
v 0.61490 -0.14824 0.04529
v 0.61490 -0.14686 0.04461
v 0.61353 -0.14686 0.04667
v 0.61490 -0.14824 0.04667
v 0.61353 -0.14686 0.04804
v 0.61490 -0.14824 0.04804
v 0.61353 -0.14686 0.04941
v 0.61490 -0.14824 0.04941
v 0.61353 -0.14686 0.05078
v 0.61490 -0.14824 0.05078
v 0.61353 -0.14686 0.05216
v 0.61353 -0.14686 0.05353
v 0.61490 -0.14549 0.01373
v 0.61490 -0.14549 0.01510
v 0.61353 -0.14412 0.01647
v 0.61490 -0.14549 0.01647
v 0.61353 -0.14412 0.01784
v 0.61490 -0.14549 0.01784
v 0.61490 -0.14549 0.01922
v 0.61353 -0.14412 0.02059
v 0.61490 -0.14549 0.02059
v 0.61353 -0.14412 0.02196
v 0.61490 -0.14549 0.02196
v 0.61353 -0.14412 0.02333
v 0.61490 -0.14549 0.02333
v 0.61490 -0.14412 0.02402
v 0.61353 -0.14412 0.02745
v 0.61490 -0.14549 0.02745
v 0.61490 -0.14412 0.02676
v 0.61353 -0.14412 0.02882
v 0.61490 -0.14549 0.02882
v 0.61353 -0.14412 0.03020
v 0.61490 -0.14549 0.03020
v 0.61490 -0.14412 0.03088
v 0.61353 -0.14412 0.03843
v 0.61490 -0.14549 0.03843
v 0.61490 -0.14412 0.03775
v 0.61353 -0.14412 0.03980
v 0.61490 -0.14549 0.03980
v 0.61353 -0.14412 0.04118
v 0.61490 -0.14549 0.04118
v 0.61353 -0.14412 0.04255
v 0.61490 -0.14549 0.04255
v 0.61353 -0.14412 0.04392
v 0.61490 -0.14549 0.04392
v 0.61353 -0.14412 0.04529
v 0.61353 -0.14412 0.04667
v 0.61353 -0.14412 0.04804
v 0.61490 -0.14275 0.02471
v 0.61490 -0.14275 0.02608
v 0.61490 -0.14275 0.03157
v 0.61490 -0.14275 0.03294
v 0.61490 -0.14275 0.03431
v 0.61490 -0.14275 0.03569
v 0.61353 -0.14137 0.03706
v 0.61490 -0.14275 0.03706
v 0.61627 -0.19353 0.00961
v 0.61627 -0.19353 0.01098
v 0.61765 -0.19490 0.01098
v 0.61765 -0.19353 0.01029
v 0.61765 -0.19490 0.01235
v 0.61765 -0.19490 0.01373
v 0.61765 -0.19490 0.01510
v 0.61765 -0.19490 0.01647
v 0.61765 -0.19490 0.01784
v 0.61765 -0.19490 0.01922
v 0.61765 -0.19490 0.02059
v 0.61765 -0.19490 0.02196
v 0.61765 -0.19490 0.02333
v 0.61765 -0.19490 0.02471
v 0.61765 -0.19490 0.02608
v 0.61765 -0.19490 0.02745
v 0.61765 -0.19490 0.02882
v 0.61765 -0.19490 0.03020
v 0.61627 -0.19353 0.03157
v 0.61765 -0.19353 0.03088
v 0.61765 -0.19490 0.03294
v 0.61765 -0.19353 0.03225
v 0.61627 -0.19353 0.03431
v 0.61765 -0.19353 0.03363
v 0.61627 -0.19353 0.03569
v 0.61627 -0.19353 0.03706
v 0.61765 -0.19216 0.00275
v 0.61765 -0.19078 0.00206
v 0.61627 -0.19078 0.00412
v 0.61765 -0.19078 0.00343
v 0.61765 -0.19216 0.00549
v 0.61765 -0.19078 0.00480
v 0.61765 -0.19216 0.00686
v 0.61765 -0.19216 0.00824
v 0.61765 -0.19216 0.00961
v 0.61765 -0.19216 0.03157
v 0.61765 -0.19216 0.03431
v 0.61765 -0.19216 0.03569
v 0.61765 -0.19216 0.03706
v 0.61765 -0.19216 0.03843
v 0.61765 -0.19216 0.03980
v 0.61627 -0.19078 0.04118
v 0.61765 -0.19078 0.04049
v 0.61627 -0.19078 0.04255
v 0.61627 -0.19078 0.04392
v 0.61765 -0.18941 0.00000
v 0.61765 -0.18804 -0.00069
v 0.61765 -0.18941 0.00137
v 0.61765 -0.18941 0.00412
v 0.61765 -0.18941 0.04118
v 0.61765 -0.18941 0.04255
v 0.61627 -0.18804 0.04392
v 0.61765 -0.18804 0.04324
v 0.61627 -0.18804 0.04529
v 0.61627 -0.18804 0.04667
v 0.61765 -0.18529 -0.00069
v 0.61765 -0.18667 0.04392
v 0.61765 -0.18667 0.04529
v 0.61627 -0.18529 0.04667
v 0.61765 -0.18529 0.04598
v 0.61627 -0.18529 0.04804
v 0.61627 -0.18529 0.04941
v 0.61765 -0.18255 -0.00069
v 0.61765 -0.18392 0.04667
v 0.61627 -0.18255 0.04804
v 0.61765 -0.18255 0.04735
v 0.61627 -0.18255 0.04941
v 0.61627 -0.18255 0.05078
v 0.61627 -0.18255 0.05216
v 0.61765 -0.17980 -0.00069
v 0.61765 -0.18118 0.04804
v 0.61765 -0.18118 0.04941
v 0.61627 -0.17980 0.05078
v 0.61765 -0.17980 0.05010
v 0.61627 -0.17980 0.05216
v 0.61627 -0.17980 0.05353
v 0.61765 -0.17706 -0.00069
v 0.61765 -0.17843 0.05078
v 0.61627 -0.17706 0.05216
v 0.61765 -0.17706 0.05147
v 0.61627 -0.17706 0.05353
v 0.61627 -0.17706 0.05490
v 0.61765 -0.17431 -0.00069
v 0.61765 -0.17569 0.05216
v 0.61627 -0.17431 0.05353
v 0.61765 -0.17431 0.05284
v 0.61627 -0.17431 0.05490
v 0.61627 -0.17431 0.05627
v 0.61627 -0.17431 0.05765
v 0.61765 -0.17157 -0.00069
v 0.61765 -0.17294 0.05353
v 0.61627 -0.17157 0.05490
v 0.61765 -0.17157 0.05422
v 0.61627 -0.17157 0.05627
v 0.61627 -0.17157 0.05765
v 0.61627 -0.17157 0.05902
v 0.61765 -0.16882 -0.00069
v 0.61627 -0.16882 0.05490
v 0.61765 -0.16882 0.05422
v 0.61627 -0.16882 0.05627
v 0.61627 -0.16882 0.05765
v 0.61627 -0.16882 0.05902
v 0.61627 -0.16882 0.06039
v 0.61765 -0.16608 -0.00069
v 0.61627 -0.16608 0.05353
v 0.61765 -0.16745 0.05353
v 0.61765 -0.16608 0.05284
v 0.61627 -0.16608 0.05490
v 0.61627 -0.16608 0.05627
v 0.61627 -0.16608 0.05765
v 0.61627 -0.16608 0.05902
v 0.61765 -0.16333 -0.00069
v 0.61627 -0.16333 0.05353
v 0.61765 -0.16333 0.05284
v 0.61627 -0.16333 0.05490
v 0.61627 -0.16333 0.05627
v 0.61627 -0.16333 0.05765
v 0.61627 -0.16333 0.05902
v 0.61765 -0.16059 -0.00069
v 0.61627 -0.16059 0.05216
v 0.61765 -0.16196 0.05216
v 0.61765 -0.16059 0.05147
v 0.61627 -0.16059 0.05353
v 0.61627 -0.16059 0.05490
v 0.61627 -0.16059 0.05627
v 0.61627 -0.16059 0.05765
v 0.61627 -0.16059 0.05902
v 0.61765 -0.15784 -0.00069
v 0.61627 -0.15784 0.05078
v 0.61765 -0.15922 0.05078
v 0.61765 -0.15784 0.05010
v 0.61627 -0.15784 0.05216
v 0.61627 -0.15784 0.05353
v 0.61627 -0.15784 0.05490
v 0.61627 -0.15784 0.05627
v 0.61627 -0.15784 0.05765
v 0.61765 -0.15510 -0.00069
v 0.61627 -0.15510 0.04941
v 0.61765 -0.15647 0.04941
v 0.61765 -0.15510 0.04873
v 0.61627 -0.15510 0.05078
v 0.61627 -0.15510 0.05216
v 0.61627 -0.15510 0.05353
v 0.61627 -0.15510 0.05627
v 0.61765 -0.15373 0.00000
v 0.61765 -0.15373 0.00137
v 0.61765 -0.15235 0.00206
v 0.61627 -0.15235 0.00412
v 0.61765 -0.15373 0.00412
v 0.61765 -0.15235 0.00343
v 0.61765 -0.15235 0.00480
v 0.61627 -0.15235 0.04804
v 0.61765 -0.15373 0.04804
v 0.61765 -0.15235 0.04735
v 0.61627 -0.15235 0.04941
v 0.61627 -0.15235 0.05078
v 0.61627 -0.15235 0.05216
v 0.61765 -0.15098 0.00275
v 0.61765 -0.15098 0.00549
v 0.61627 -0.14961 0.00686
v 0.61765 -0.15098 0.00686
v 0.61627 -0.14961 0.00824
v 0.61765 -0.15098 0.00824
v 0.61627 -0.14961 0.00961
v 0.61765 -0.15098 0.00961
v 0.61627 -0.14961 0.01098
v 0.61765 -0.15098 0.01098
v 0.61765 -0.14961 0.01167
v 0.61627 -0.14961 0.04255
v 0.61765 -0.15098 0.04255
v 0.61765 -0.14961 0.04186
v 0.61627 -0.14961 0.04392
v 0.61765 -0.15098 0.04392
v 0.61627 -0.14961 0.04529
v 0.61765 -0.15098 0.04529
v 0.61627 -0.14961 0.04667
v 0.61765 -0.15098 0.04667
v 0.61627 -0.14961 0.04804
v 0.61627 -0.14961 0.04941
v 0.61627 -0.14961 0.05078
v 0.61765 -0.14824 0.01235
v 0.61627 -0.14686 0.01373
v 0.61765 -0.14824 0.01373
v 0.61627 -0.14686 0.01510
v 0.61765 -0.14824 0.01510
v 0.61627 -0.14686 0.01647
v 0.61765 -0.14824 0.01647
v 0.61627 -0.14686 0.01784
v 0.61765 -0.14824 0.01784
v 0.61627 -0.14686 0.01922
v 0.61765 -0.14824 0.01922
v 0.61627 -0.14686 0.02059
v 0.61765 -0.14824 0.02059
v 0.61765 -0.14686 0.02127
v 0.61627 -0.14686 0.03706
v 0.61765 -0.14824 0.03706
v 0.61765 -0.14686 0.03637
v 0.61627 -0.14686 0.03843
v 0.61765 -0.14824 0.03843
v 0.61627 -0.14686 0.03980
v 0.61765 -0.14824 0.03980
v 0.61627 -0.14686 0.04118
v 0.61765 -0.14824 0.04118
v 0.61627 -0.14686 0.04255
v 0.61627 -0.14686 0.04392
v 0.61765 -0.14549 0.02196
v 0.61765 -0.14549 0.02333
v 0.61627 -0.14412 0.02471
v 0.61765 -0.14549 0.02471
v 0.61627 -0.14412 0.02608
v 0.61765 -0.14549 0.02608
v 0.61765 -0.14549 0.02745
v 0.61765 -0.14549 0.02882
v 0.61765 -0.14549 0.03020
v 0.61627 -0.14412 0.03157
v 0.61765 -0.14549 0.03157
v 0.61627 -0.14412 0.03294
v 0.61765 -0.14549 0.03294
v 0.61627 -0.14412 0.03431
v 0.61765 -0.14549 0.03431
v 0.61627 -0.14412 0.03569
v 0.61765 -0.14549 0.03569
v 0.61627 -0.14412 0.03706
v 0.62039 -0.19490 0.01098
v 0.62039 -0.19353 0.01029
v 0.62039 -0.19490 0.01235
v 0.62039 -0.19490 0.01373
v 0.62039 -0.19490 0.01510
v 0.62039 -0.19490 0.01647
v 0.62039 -0.19490 0.01784
v 0.62039 -0.19490 0.01922
v 0.62039 -0.19490 0.02059
v 0.61902 -0.19353 0.02196
v 0.62039 -0.19353 0.02127
v 0.62039 -0.19490 0.02333
v 0.62039 -0.19353 0.02265
v 0.61902 -0.19353 0.02471
v 0.62039 -0.19353 0.02402
v 0.62039 -0.19490 0.02608
v 0.62039 -0.19353 0.02539
v 0.61902 -0.19353 0.02745
v 0.62039 -0.19353 0.02676
v 0.61902 -0.19353 0.02882
v 0.61902 -0.19353 0.03020
v 0.61902 -0.19353 0.03294
v 0.61902 -0.19078 0.00275
v 0.61902 -0.19078 0.00412
v 0.62039 -0.19216 0.00412
v 0.62039 -0.19078 0.00343
v 0.62039 -0.19216 0.00549
v 0.62039 -0.19216 0.00686
v 0.62039 -0.19216 0.00824
v 0.62039 -0.19216 0.00961
v 0.62039 -0.19216 0.02196
v 0.62039 -0.19216 0.02471
v 0.62039 -0.19216 0.02745
v 0.62039 -0.19216 0.02882
v 0.62039 -0.19216 0.03020
v 0.62039 -0.19216 0.03157
v 0.62039 -0.19216 0.03294
v 0.62039 -0.19216 0.03431
v 0.62039 -0.19216 0.03569
v 0.61902 -0.19078 0.03706
v 0.62039 -0.19078 0.03637
v 0.61902 -0.19078 0.03843
v 0.61902 -0.19078 0.03980
v 0.62039 -0.18941 0.00000
v 0.62039 -0.18804 -0.00069
v 0.62039 -0.18941 0.00137
v 0.62039 -0.18941 0.00275
v 0.62039 -0.18941 0.03706
v 0.62039 -0.18941 0.03843
v 0.61902 -0.18804 0.03980
v 0.62039 -0.18804 0.03912
v 0.61902 -0.18804 0.04118
v 0.61902 -0.18804 0.04255
v 0.62039 -0.18529 -0.00069
v 0.62039 -0.18667 0.03980
v 0.62039 -0.18667 0.04118
v 0.61902 -0.18529 0.04255
v 0.62039 -0.18529 0.04186
v 0.61902 -0.18529 0.04392
v 0.61902 -0.18529 0.04529
v 0.62039 -0.18255 -0.00069
v 0.62039 -0.18392 0.04255
v 0.61902 -0.18255 0.04392
v 0.62039 -0.18255 0.04324
v 0.61902 -0.18255 0.04529
v 0.61902 -0.18255 0.04667
v 0.62039 -0.17980 -0.00069
v 0.62039 -0.18118 0.04392
v 0.62039 -0.18118 0.04529
v 0.61902 -0.17980 0.04667
v 0.62039 -0.17980 0.04598
v 0.61902 -0.17980 0.04804
v 0.61902 -0.17980 0.04941
v 0.62039 -0.17706 -0.00069
v 0.61902 -0.17706 0.04667
v 0.62039 -0.17706 0.04598
v 0.61902 -0.17706 0.04804
v 0.61902 -0.17706 0.04941
v 0.61902 -0.17706 0.05078
v 0.62039 -0.17431 -0.00069
v 0.62039 -0.17569 0.04667
v 0.62039 -0.17569 0.04804
v 0.61902 -0.17431 0.04941
v 0.62039 -0.17431 0.04873
v 0.61902 -0.17431 0.05078
v 0.61902 -0.17431 0.05216
v 0.62039 -0.17157 -0.00069
v 0.61902 -0.17157 0.04941
v 0.62039 -0.17157 0.04873
v 0.61902 -0.17157 0.05078
v 0.61902 -0.17157 0.05216
v 0.61902 -0.17157 0.05353
v 0.62039 -0.16882 -0.00069
v 0.61902 -0.16882 0.04941
v 0.62039 -0.16882 0.04873
v 0.61902 -0.16882 0.05078
v 0.61902 -0.16882 0.05216
v 0.61902 -0.16882 0.05353
v 0.62039 -0.16608 -0.00069
v 0.61902 -0.16608 0.04804
v 0.62039 -0.16745 0.04804
v 0.62039 -0.16608 0.04735
v 0.61902 -0.16608 0.04941
v 0.61902 -0.16608 0.05078
v 0.61902 -0.16608 0.05216
v 0.62039 -0.16333 -0.00069
v 0.61902 -0.16333 0.04667
v 0.62039 -0.16471 0.04667
v 0.62039 -0.16333 0.04598
v 0.61902 -0.16333 0.04804
v 0.61902 -0.16333 0.04941
v 0.61902 -0.16333 0.05078
v 0.61902 -0.16333 0.05216
v 0.62039 -0.16059 -0.00069
v 0.61902 -0.16059 0.04667
v 0.62039 -0.16059 0.04598
v 0.61902 -0.16059 0.04804
v 0.61902 -0.16059 0.04941
v 0.61902 -0.16059 0.05078
v 0.62039 -0.15784 -0.00069
v 0.61902 -0.15784 0.04392
v 0.62039 -0.15922 0.04392
v 0.62039 -0.15784 0.04324
v 0.61902 -0.15784 0.04529
v 0.62039 -0.15922 0.04529
v 0.61902 -0.15784 0.04667
v 0.61902 -0.15784 0.04804
v 0.61902 -0.15784 0.04941
v 0.62039 -0.15510 -0.00069
v 0.61902 -0.15510 0.04118
v 0.62039 -0.15647 0.04118
v 0.62039 -0.15510 0.04049
v 0.61902 -0.15510 0.04255
v 0.62039 -0.15647 0.04255
v 0.61902 -0.15510 0.04392
v 0.61902 -0.15510 0.04529
v 0.61902 -0.15510 0.04667
v 0.61902 -0.15510 0.04804
v 0.62039 -0.15373 0.00000
v 0.62039 -0.15373 0.00137
v 0.61902 -0.15235 0.00275
v 0.62039 -0.15373 0.00275
v 0.62039 -0.15373 0.00412
v 0.61902 -0.15235 0.00549
v 0.62039 -0.15373 0.00549
v 0.62039 -0.15235 0.00618
v 0.61902 -0.15235 0.03843
v 0.62039 -0.15373 0.03843
v 0.62039 -0.15235 0.03775
v 0.61902 -0.15235 0.03980
v 0.62039 -0.15373 0.03980
v 0.61902 -0.15235 0.04118
v 0.61902 -0.15235 0.04255
v 0.61902 -0.15235 0.04392
v 0.61902 -0.15235 0.04529
v 0.61902 -0.15235 0.04667
v 0.62039 -0.15098 0.00686
v 0.62039 -0.15098 0.00824
v 0.62039 -0.15098 0.00961
v 0.62039 -0.15098 0.01098
v 0.61902 -0.14961 0.01235
v 0.62039 -0.15098 0.01235
v 0.61902 -0.14961 0.01373
v 0.62039 -0.15098 0.01373
v 0.62039 -0.14961 0.01441
v 0.61902 -0.14961 0.01784
v 0.62039 -0.15098 0.01784
v 0.62039 -0.14961 0.01716
v 0.61902 -0.14961 0.01922
v 0.62039 -0.15098 0.01922
v 0.62039 -0.14961 0.01990
v 0.61902 -0.14961 0.03294
v 0.62039 -0.15098 0.03294
v 0.62039 -0.14961 0.03225
v 0.61902 -0.14961 0.03431
v 0.62039 -0.15098 0.03431
v 0.61902 -0.14961 0.03569
v 0.62039 -0.15098 0.03569
v 0.61902 -0.14961 0.03706
v 0.62039 -0.15098 0.03706
v 0.61902 -0.14961 0.03843
v 0.61902 -0.14961 0.03980
v 0.61902 -0.14961 0.04118
v 0.62039 -0.14824 0.01510
v 0.62039 -0.14824 0.01647
v 0.62039 -0.14824 0.02059
v 0.61902 -0.14686 0.02196
v 0.62039 -0.14824 0.02196
v 0.61902 -0.14686 0.02333
v 0.62039 -0.14824 0.02333
v 0.61902 -0.14686 0.02471
v 0.62039 -0.14824 0.02471
v 0.61902 -0.14686 0.02608
v 0.62039 -0.14824 0.02608
v 0.61902 -0.14686 0.02745
v 0.62039 -0.14824 0.02745
v 0.61902 -0.14686 0.02882
v 0.62039 -0.14824 0.02882
v 0.61902 -0.14686 0.03020
v 0.62039 -0.14824 0.03020
v 0.61902 -0.14686 0.03157
v 0.62039 -0.14824 0.03157
v 0.61902 -0.14686 0.03294
v 0.61902 -0.14686 0.03431
v 0.61902 -0.14686 0.03569
v 0.62176 -0.19353 0.01098
v 0.62314 -0.19490 0.01235
v 0.62314 -0.19353 0.01167
v 0.62176 -0.19353 0.01373
v 0.62314 -0.19353 0.01304
v 0.62314 -0.19490 0.01510
v 0.62314 -0.19353 0.01441
v 0.62176 -0.19353 0.01647
v 0.62314 -0.19353 0.01578
v 0.62314 -0.19490 0.01784
v 0.62314 -0.19353 0.01716
v 0.62176 -0.19353 0.01922
v 0.62314 -0.19353 0.01853
v 0.62314 -0.19490 0.02059
v 0.62314 -0.19353 0.01990
v 0.62314 -0.19353 0.02127
v 0.62176 -0.19353 0.02333
v 0.62176 -0.19353 0.02608
v 0.62314 -0.19216 0.00412
v 0.62314 -0.19078 0.00343
v 0.62314 -0.19216 0.00549
v 0.62314 -0.19216 0.00686
v 0.62314 -0.19216 0.00824
v 0.62314 -0.19216 0.00961
v 0.62314 -0.19216 0.01098
v 0.62314 -0.19216 0.01373
v 0.62314 -0.19216 0.01647
v 0.62314 -0.19216 0.01922
v 0.62314 -0.19216 0.02196
v 0.62314 -0.19216 0.02333
v 0.62314 -0.19216 0.02471
v 0.62314 -0.19216 0.02608
v 0.62314 -0.19216 0.02745
v 0.62314 -0.19216 0.02882
v 0.62314 -0.19216 0.03020
v 0.62314 -0.19216 0.03157
v 0.62176 -0.19078 0.03294
v 0.62314 -0.19078 0.03225
v 0.62176 -0.19078 0.03431
v 0.62176 -0.19078 0.03569
v 0.62314 -0.18941 0.00000
v 0.62314 -0.18804 -0.00069
v 0.62314 -0.18941 0.00137
v 0.62314 -0.18941 0.00275
v 0.62314 -0.18941 0.03294
v 0.62314 -0.18941 0.03431
v 0.62176 -0.18804 0.03569
v 0.62314 -0.18804 0.03500
v 0.62176 -0.18804 0.03706
v 0.62176 -0.18804 0.03843
v 0.62314 -0.18529 -0.00069
v 0.62314 -0.18667 0.03569
v 0.62176 -0.18529 0.03706
v 0.62314 -0.18529 0.03637
v 0.62176 -0.18529 0.03843
v 0.62176 -0.18529 0.03980
v 0.62176 -0.18529 0.04118
v 0.62314 -0.18255 -0.00069
v 0.62314 -0.18392 0.03706
v 0.62176 -0.18255 0.03843
v 0.62314 -0.18255 0.03775
v 0.62176 -0.18255 0.03980
v 0.62176 -0.18255 0.04118
v 0.62176 -0.18255 0.04255
v 0.62314 -0.17980 -0.00069
v 0.62314 -0.18118 0.03843
v 0.62176 -0.17980 0.03980
v 0.62314 -0.17980 0.03912
v 0.62176 -0.17980 0.04118
v 0.62176 -0.17980 0.04255
v 0.62176 -0.17980 0.04392
v 0.62176 -0.17980 0.04529
v 0.62314 -0.17706 -0.00069
v 0.62314 -0.17843 0.03980
v 0.62176 -0.17706 0.04118
v 0.62314 -0.17706 0.04049
v 0.62176 -0.17706 0.04255
v 0.62176 -0.17706 0.04392
v 0.62176 -0.17706 0.04529
v 0.62314 -0.17431 -0.00069
v 0.62314 -0.17569 0.04118
v 0.62176 -0.17431 0.04255
v 0.62314 -0.17431 0.04186
v 0.62176 -0.17431 0.04392
v 0.62176 -0.17431 0.04529
v 0.62176 -0.17431 0.04667
v 0.62176 -0.17431 0.04804
v 0.62314 -0.17157 -0.00069
v 0.62314 -0.17294 0.04255
v 0.62176 -0.17157 0.04392
v 0.62314 -0.17157 0.04324
v 0.62176 -0.17157 0.04529
v 0.62176 -0.17157 0.04667
v 0.62176 -0.17157 0.04804
v 0.62314 -0.16882 -0.00069
v 0.62176 -0.16882 0.04118
v 0.62314 -0.17020 0.04118
v 0.62314 -0.16882 0.04049
v 0.62176 -0.16882 0.04255
v 0.62314 -0.17020 0.04255
v 0.62176 -0.16882 0.04392
v 0.62176 -0.16882 0.04529
v 0.62176 -0.16882 0.04667
v 0.62176 -0.16882 0.04804
v 0.62314 -0.16608 -0.00069
v 0.62314 -0.16745 0.04118
v 0.62176 -0.16608 0.04255
v 0.62314 -0.16608 0.04186
v 0.62176 -0.16608 0.04392
v 0.62176 -0.16608 0.04529
v 0.62176 -0.16608 0.04667
v 0.62314 -0.16333 -0.00069
v 0.62176 -0.16333 0.03980
v 0.62314 -0.16471 0.03980
v 0.62314 -0.16333 0.03912
v 0.62176 -0.16333 0.04118
v 0.62314 -0.16471 0.04118
v 0.62176 -0.16333 0.04255
v 0.62176 -0.16333 0.04392
v 0.62176 -0.16333 0.04529
v 0.62314 -0.16059 -0.00069
v 0.62176 -0.16059 0.03843
v 0.62314 -0.16196 0.03843
v 0.62314 -0.16059 0.03775
v 0.62176 -0.16059 0.03980
v 0.62176 -0.16059 0.04118
v 0.62176 -0.16059 0.04255
v 0.62176 -0.16059 0.04392
v 0.62176 -0.16059 0.04529
v 0.62314 -0.15784 -0.00069
v 0.62176 -0.15784 0.03706
v 0.62314 -0.15922 0.03706
v 0.62314 -0.15784 0.03637
v 0.62176 -0.15784 0.03843
v 0.62176 -0.15784 0.03980
v 0.62176 -0.15784 0.04118
v 0.62176 -0.15784 0.04255
v 0.62176 -0.15510 0.00000
v 0.62314 -0.15647 0.00000
v 0.62176 -0.15510 0.00137
v 0.62314 -0.15647 0.00137
v 0.62176 -0.15510 0.00275
v 0.62314 -0.15647 0.00275
v 0.62314 -0.15510 0.00343
v 0.62176 -0.15510 0.03431
v 0.62314 -0.15647 0.03431
v 0.62314 -0.15510 0.03363
v 0.62176 -0.15510 0.03569
v 0.62314 -0.15647 0.03569
v 0.62176 -0.15510 0.03706
v 0.62176 -0.15510 0.03843
v 0.62176 -0.15510 0.03980
v 0.62314 -0.15373 0.00412
v 0.62314 -0.15373 0.00549
v 0.62176 -0.15235 0.00686
v 0.62314 -0.15373 0.00686
v 0.62176 -0.15235 0.00824
v 0.62314 -0.15373 0.00824
v 0.62176 -0.15235 0.00961
v 0.62314 -0.15373 0.00961
v 0.62176 -0.15235 0.01098
v 0.62314 -0.15373 0.01098
v 0.62314 -0.15235 0.01167
v 0.62176 -0.15235 0.03020
v 0.62314 -0.15373 0.03020
v 0.62314 -0.15235 0.02951
v 0.62176 -0.15235 0.03157
v 0.62314 -0.15373 0.03157
v 0.62176 -0.15235 0.03294
v 0.62314 -0.15373 0.03294
v 0.62176 -0.15235 0.03431
v 0.62176 -0.15235 0.03569
v 0.62176 -0.15235 0.03706
v 0.62314 -0.15098 0.01235
v 0.62314 -0.15098 0.01373
v 0.62176 -0.14961 0.01510
v 0.62314 -0.15098 0.01510
v 0.62176 -0.14961 0.01647
v 0.62314 -0.15098 0.01647
v 0.62314 -0.15098 0.01784
v 0.62314 -0.15098 0.01922
v 0.62176 -0.14961 0.02059
v 0.62314 -0.15098 0.02059
v 0.62176 -0.14961 0.02196
v 0.62314 -0.15098 0.02196
v 0.62176 -0.14961 0.02333
v 0.62314 -0.15098 0.02333
v 0.62176 -0.14961 0.02471
v 0.62314 -0.15098 0.02471
v 0.62176 -0.14961 0.02608
v 0.62314 -0.15098 0.02608
v 0.62176 -0.14961 0.02745
v 0.62314 -0.15098 0.02745
v 0.62176 -0.14961 0.02882
v 0.62314 -0.15098 0.02882
v 0.62176 -0.14961 0.03020
v 0.62176 -0.14961 0.03157
v 0.62451 -0.19353 0.01235
v 0.62451 -0.19353 0.01510
v 0.62451 -0.19353 0.01784
v 0.62451 -0.19353 0.02059
v 0.62588 -0.19216 0.00412
v 0.62588 -0.19078 0.00343
v 0.62588 -0.19216 0.00549
v 0.62588 -0.19216 0.00686
v 0.62588 -0.19216 0.00824
v 0.62588 -0.19216 0.00961
v 0.62588 -0.19216 0.01098
v 0.62588 -0.19216 0.01235
v 0.62588 -0.19216 0.01373
v 0.62588 -0.19216 0.01510
v 0.62588 -0.19216 0.01647
v 0.62588 -0.19216 0.01784
v 0.62588 -0.19216 0.01922
v 0.62588 -0.19216 0.02059
v 0.62588 -0.19216 0.02196
v 0.62588 -0.19216 0.02333
v 0.62588 -0.19216 0.02471
v 0.62588 -0.19216 0.02608
v 0.62451 -0.19078 0.02745
v 0.62588 -0.19078 0.02676
v 0.62451 -0.19078 0.02882
v 0.62451 -0.19078 0.03020
v 0.62451 -0.19078 0.03157
v 0.62588 -0.18941 0.00000
v 0.62588 -0.18804 -0.00069
v 0.62588 -0.18941 0.00137
v 0.62588 -0.18941 0.00275
v 0.62588 -0.18941 0.02745
v 0.62588 -0.18941 0.02882
v 0.62451 -0.18804 0.03020
v 0.62588 -0.18804 0.02951
v 0.62451 -0.18804 0.03157
v 0.62451 -0.18804 0.03294
v 0.62451 -0.18804 0.03431
v 0.62588 -0.18529 -0.00069
v 0.62588 -0.18667 0.03020
v 0.62451 -0.18529 0.03157
v 0.62588 -0.18529 0.03088
v 0.62451 -0.18529 0.03294
v 0.62451 -0.18529 0.03431
v 0.62451 -0.18529 0.03569
v 0.62588 -0.18255 -0.00069
v 0.62588 -0.18392 0.03157
v 0.62588 -0.18392 0.03294
v 0.62451 -0.18255 0.03431
v 0.62588 -0.18255 0.03363
v 0.62451 -0.18255 0.03569
v 0.62451 -0.18255 0.03706
v 0.62588 -0.17980 -0.00069
v 0.62451 -0.17980 0.03431
v 0.62588 -0.17980 0.03363
v 0.62451 -0.17980 0.03569
v 0.62451 -0.17980 0.03706
v 0.62451 -0.17980 0.03843
v 0.62588 -0.17706 -0.00069
v 0.62588 -0.17843 0.03431
v 0.62588 -0.17843 0.03569
v 0.62451 -0.17706 0.03706
v 0.62588 -0.17706 0.03637
v 0.62451 -0.17706 0.03843
v 0.62451 -0.17706 0.03980
v 0.62588 -0.17431 -0.00069
v 0.62451 -0.17431 0.03706
v 0.62588 -0.17431 0.03637
v 0.62451 -0.17431 0.03843
v 0.62451 -0.17431 0.03980
v 0.62451 -0.17431 0.04118
v 0.62588 -0.17157 -0.00069
v 0.62451 -0.17157 0.03569
v 0.62588 -0.17294 0.03569
v 0.62588 -0.17157 0.03500
v 0.62451 -0.17157 0.03706
v 0.62451 -0.17157 0.03843
v 0.62451 -0.17157 0.03980
v 0.62451 -0.17157 0.04118
v 0.62451 -0.17157 0.04255
v 0.62588 -0.16882 -0.00069
v 0.62451 -0.16882 0.03569
v 0.62588 -0.16882 0.03500
v 0.62451 -0.16882 0.03706
v 0.62451 -0.16882 0.03843
v 0.62451 -0.16882 0.03980
v 0.62588 -0.16608 -0.00069
v 0.62451 -0.16608 0.03431
v 0.62588 -0.16745 0.03431
v 0.62588 -0.16608 0.03363
v 0.62451 -0.16608 0.03569
v 0.62451 -0.16608 0.03706
v 0.62451 -0.16608 0.03843
v 0.62451 -0.16608 0.03980
v 0.62451 -0.16608 0.04118
v 0.62588 -0.16333 -0.00069
v 0.62451 -0.16333 0.03294
v 0.62588 -0.16471 0.03294
v 0.62588 -0.16333 0.03225
v 0.62451 -0.16333 0.03431
v 0.62451 -0.16333 0.03569
v 0.62451 -0.16333 0.03706
v 0.62451 -0.16333 0.03843
v 0.62588 -0.16059 -0.00069
v 0.62451 -0.16059 0.03157
v 0.62588 -0.16196 0.03157
v 0.62588 -0.16059 0.03088
v 0.62451 -0.16059 0.03294
v 0.62451 -0.16059 0.03431
v 0.62451 -0.16059 0.03569
v 0.62451 -0.16059 0.03706
v 0.62588 -0.15784 -0.00069
v 0.62451 -0.15784 0.02882
v 0.62588 -0.15922 0.02882
v 0.62588 -0.15784 0.02814
v 0.62451 -0.15784 0.03020
v 0.62588 -0.15922 0.03020
v 0.62451 -0.15784 0.03157
v 0.62451 -0.15784 0.03294
v 0.62451 -0.15784 0.03431
v 0.62451 -0.15784 0.03569
v 0.62588 -0.15647 0.00000
v 0.62588 -0.15647 0.00137
v 0.62588 -0.15647 0.00275
v 0.62451 -0.15510 0.00412
v 0.62588 -0.15647 0.00412
v 0.62588 -0.15510 0.00480
v 0.62451 -0.15510 0.00824
v 0.62588 -0.15647 0.00824
v 0.62588 -0.15510 0.00755
v 0.62588 -0.15510 0.00892
v 0.62451 -0.15510 0.02333
v 0.62588 -0.15647 0.02333
v 0.62588 -0.15510 0.02265
v 0.62588 -0.15510 0.02402
v 0.62451 -0.15510 0.02608
v 0.62588 -0.15647 0.02608
v 0.62588 -0.15510 0.02539
v 0.62451 -0.15510 0.02745
v 0.62588 -0.15647 0.02745
v 0.62451 -0.15510 0.02882
v 0.62451 -0.15510 0.03020
v 0.62451 -0.15510 0.03157
v 0.62451 -0.15510 0.03294
v 0.62588 -0.15373 0.00549
v 0.62588 -0.15373 0.00686
v 0.62588 -0.15373 0.00961
v 0.62588 -0.15373 0.01098
v 0.62451 -0.15235 0.01235
v 0.62588 -0.15373 0.01235
v 0.62451 -0.15235 0.01373
v 0.62588 -0.15373 0.01373
v 0.62451 -0.15235 0.01510
v 0.62588 -0.15373 0.01510
v 0.62451 -0.15235 0.01647
v 0.62588 -0.15373 0.01647
v 0.62451 -0.15235 0.01784
v 0.62588 -0.15373 0.01784
v 0.62451 -0.15235 0.01922
v 0.62588 -0.15373 0.01922
v 0.62451 -0.15235 0.02059
v 0.62588 -0.15373 0.02059
v 0.62451 -0.15235 0.02196
v 0.62588 -0.15373 0.02196
v 0.62451 -0.15235 0.02333
v 0.62451 -0.15235 0.02471
v 0.62588 -0.15373 0.02471
v 0.62451 -0.15235 0.02608
v 0.62451 -0.15235 0.02745
v 0.62451 -0.15235 0.02882
v 0.62725 -0.19078 0.00275
v 0.62863 -0.19216 0.00275
v 0.62863 -0.19078 0.00206
v 0.62863 -0.19216 0.00412
v 0.62863 -0.19216 0.00549
v 0.62863 -0.19216 0.00686
v 0.62863 -0.19216 0.00824
v 0.62863 -0.19216 0.00961
v 0.62863 -0.19216 0.01098
v 0.62863 -0.19216 0.01235
v 0.62863 -0.19216 0.01373
v 0.62863 -0.19216 0.01510
v 0.62863 -0.19216 0.01647
v 0.62863 -0.19216 0.01784
v 0.62863 -0.19216 0.01922
v 0.62863 -0.19216 0.02059
v 0.62863 -0.19216 0.02196
v 0.62725 -0.19078 0.02333
v 0.62863 -0.19078 0.02265
v 0.62725 -0.19078 0.02471
v 0.62725 -0.19078 0.02608
v 0.62863 -0.18941 0.00000
v 0.62863 -0.18804 -0.00069
v 0.62863 -0.18941 0.00137
v 0.62863 -0.18941 0.02333
v 0.62863 -0.18941 0.02471
v 0.62725 -0.18804 0.02608
v 0.62863 -0.18804 0.02539
v 0.62725 -0.18804 0.02745
v 0.62725 -0.18804 0.02882
v 0.62863 -0.18529 -0.00069
v 0.62863 -0.18667 0.02608
v 0.62725 -0.18529 0.02745
v 0.62863 -0.18529 0.02676
v 0.62725 -0.18529 0.02882
v 0.62725 -0.18529 0.03020
v 0.62863 -0.18255 -0.00069
v 0.62863 -0.18392 0.02745
v 0.62725 -0.18255 0.02882
v 0.62863 -0.18255 0.02814
v 0.62725 -0.18255 0.03020
v 0.62725 -0.18255 0.03157
v 0.62725 -0.18255 0.03294
v 0.62863 -0.17980 -0.00069
v 0.62863 -0.18118 0.02882
v 0.62725 -0.17980 0.03020
v 0.62863 -0.17980 0.02951
v 0.62725 -0.17980 0.03157
v 0.62725 -0.17980 0.03294
v 0.62863 -0.17706 -0.00069
v 0.62725 -0.17706 0.03020
v 0.62863 -0.17706 0.02951
v 0.62725 -0.17706 0.03157
v 0.62725 -0.17706 0.03294
v 0.62725 -0.17706 0.03431
v 0.62725 -0.17706 0.03569
v 0.62863 -0.17431 -0.00069
v 0.62863 -0.17569 0.03020
v 0.62725 -0.17431 0.03157
v 0.62863 -0.17431 0.03088
v 0.62725 -0.17431 0.03294
v 0.62725 -0.17431 0.03431
v 0.62725 -0.17431 0.03569
v 0.62863 -0.17157 -0.00069
v 0.62725 -0.17157 0.03020
v 0.62863 -0.17294 0.03020
v 0.62863 -0.17157 0.02951
v 0.62725 -0.17157 0.03157
v 0.62725 -0.17157 0.03294
v 0.62725 -0.17157 0.03431
v 0.62863 -0.16882 -0.00069
v 0.62725 -0.16882 0.03020
v 0.62863 -0.16882 0.02951
v 0.62725 -0.16882 0.03157
v 0.62725 -0.16882 0.03294
v 0.62725 -0.16882 0.03431
v 0.62863 -0.16608 -0.00069
v 0.62725 -0.16608 0.02882
v 0.62863 -0.16745 0.02882
v 0.62863 -0.16608 0.02814
v 0.62725 -0.16608 0.03020
v 0.62725 -0.16608 0.03157
v 0.62725 -0.16608 0.03294
v 0.62863 -0.16333 -0.00069
v 0.62725 -0.16333 0.02608
v 0.62863 -0.16471 0.02608
v 0.62863 -0.16333 0.02539
v 0.62725 -0.16333 0.02745
v 0.62863 -0.16471 0.02745
v 0.62725 -0.16333 0.02882
v 0.62725 -0.16333 0.03020
v 0.62725 -0.16333 0.03157
v 0.62863 -0.16059 -0.00069
v 0.62725 -0.16059 0.02333
v 0.62863 -0.16196 0.02333
v 0.62863 -0.16059 0.02265
v 0.62725 -0.16059 0.02471
v 0.62863 -0.16196 0.02471
v 0.62725 -0.16059 0.02608
v 0.62725 -0.16059 0.02745
v 0.62725 -0.16059 0.02882
v 0.62725 -0.16059 0.03020
v 0.62725 -0.15784 0.00000
v 0.62863 -0.15922 0.00000
v 0.62725 -0.15784 0.00137
v 0.62863 -0.15922 0.00137
v 0.62725 -0.15784 0.00275
v 0.62863 -0.15922 0.00275
v 0.62863 -0.15784 0.00343
v 0.62725 -0.15784 0.02196
v 0.62863 -0.15922 0.02196
v 0.62863 -0.15784 0.02127
v 0.62725 -0.15784 0.02333
v 0.62725 -0.15784 0.02471
v 0.62725 -0.15784 0.02608
v 0.62725 -0.15784 0.02745
v 0.62863 -0.15647 0.00412
v 0.62725 -0.15510 0.00549
v 0.62863 -0.15647 0.00549
v 0.62725 -0.15510 0.00686
v 0.62863 -0.15647 0.00686
v 0.62863 -0.15647 0.00824
v 0.62725 -0.15510 0.00961
v 0.62863 -0.15647 0.00961
v 0.62725 -0.15510 0.01098
v 0.62863 -0.15647 0.01098
v 0.62725 -0.15510 0.01235
v 0.62863 -0.15647 0.01235
v 0.62863 -0.15510 0.01304
v 0.62725 -0.15510 0.01647
v 0.62863 -0.15647 0.01647
v 0.62863 -0.15510 0.01578
v 0.62725 -0.15510 0.01784
v 0.62863 -0.15647 0.01784
v 0.62725 -0.15510 0.01922
v 0.62863 -0.15647 0.01922
v 0.62725 -0.15510 0.02059
v 0.62863 -0.15647 0.02059
v 0.62725 -0.15510 0.02196
v 0.62725 -0.15510 0.02471
v 0.62863 -0.15373 0.01373
v 0.62863 -0.15373 0.01510
v 0.63000 -0.19078 0.00275
v 0.63000 -0.19078 0.00412
v 0.63137 -0.19216 0.00549
v 0.63137 -0.19078 0.00480
v 0.63137 -0.19216 0.00686
v 0.63137 -0.19216 0.00824
v 0.63137 -0.19216 0.00961
v 0.63137 -0.19216 0.01098
v 0.63137 -0.19216 0.01235
v 0.63137 -0.19216 0.01373
v 0.63137 -0.19216 0.01510
v 0.63137 -0.19216 0.01647
v 0.63137 -0.19216 0.01784
v 0.63000 -0.19078 0.01922
v 0.63137 -0.19078 0.01853
v 0.63000 -0.19078 0.02059
v 0.63000 -0.19078 0.02196
v 0.63137 -0.18941 0.00000
v 0.63137 -0.18804 -0.00069
v 0.63137 -0.18941 0.00137
v 0.63137 -0.18941 0.00275
v 0.63137 -0.18941 0.00412
v 0.63000 -0.18804 0.01922
v 0.63137 -0.18804 0.01853
v 0.63000 -0.18804 0.02059
v 0.63000 -0.18804 0.02196
v 0.63000 -0.18804 0.02333
v 0.63000 -0.18804 0.02471
v 0.63137 -0.18529 -0.00069
v 0.63137 -0.18667 0.01922
v 0.63137 -0.18667 0.02059
v 0.63000 -0.18529 0.02196
v 0.63137 -0.18529 0.02127
v 0.63000 -0.18529 0.02333
v 0.63000 -0.18529 0.02471
v 0.63000 -0.18529 0.02608
v 0.63137 -0.18255 -0.00069
v 0.63137 -0.18392 0.02196
v 0.63000 -0.18255 0.02333
v 0.63137 -0.18255 0.02265
v 0.63000 -0.18255 0.02471
v 0.63000 -0.18255 0.02608
v 0.63000 -0.18255 0.02745
v 0.63137 -0.17980 -0.00069
v 0.63137 -0.18118 0.02333
v 0.63000 -0.17980 0.02471
v 0.63137 -0.17980 0.02402
v 0.63000 -0.17980 0.02608
v 0.63000 -0.17980 0.02745
v 0.63000 -0.17980 0.02882
v 0.63137 -0.17706 -0.00069
v 0.63000 -0.17706 0.02471
v 0.63137 -0.17706 0.02402
v 0.63000 -0.17706 0.02608
v 0.63000 -0.17706 0.02745
v 0.63000 -0.17706 0.02882
v 0.63137 -0.17431 -0.00069
v 0.63000 -0.17431 0.02333
v 0.63137 -0.17569 0.02333
v 0.63137 -0.17431 0.02265
v 0.63000 -0.17431 0.02471
v 0.63000 -0.17431 0.02608
v 0.63000 -0.17431 0.02745
v 0.63000 -0.17431 0.02882
v 0.63000 -0.17431 0.03020
v 0.63137 -0.17157 -0.00069
v 0.63000 -0.17157 0.02333
v 0.63137 -0.17157 0.02265
v 0.63000 -0.17157 0.02471
v 0.63000 -0.17157 0.02608
v 0.63000 -0.17157 0.02745
v 0.63000 -0.17157 0.02882
v 0.63137 -0.16882 -0.00069
v 0.63000 -0.16882 0.02196
v 0.63137 -0.17020 0.02196
v 0.63137 -0.16882 0.02127
v 0.63000 -0.16882 0.02333
v 0.63000 -0.16882 0.02471
v 0.63000 -0.16882 0.02608
v 0.63000 -0.16882 0.02745
v 0.63000 -0.16882 0.02882
v 0.63137 -0.16608 -0.00069
v 0.63000 -0.16608 0.02059
v 0.63137 -0.16745 0.02059
v 0.63137 -0.16608 0.01990
v 0.63000 -0.16608 0.02196
v 0.63000 -0.16608 0.02333
v 0.63000 -0.16608 0.02471
v 0.63000 -0.16608 0.02608
v 0.63000 -0.16608 0.02745
v 0.63137 -0.16333 -0.00069
v 0.63000 -0.16333 0.01922
v 0.63137 -0.16471 0.01922
v 0.63137 -0.16333 0.01853
v 0.63000 -0.16333 0.02059
v 0.63000 -0.16333 0.02196
v 0.63000 -0.16333 0.02333
v 0.63000 -0.16333 0.02471
v 0.63000 -0.16059 0.00000
v 0.63137 -0.16196 0.00000
v 0.63137 -0.16059 0.00069
v 0.63000 -0.16059 0.01647
v 0.63137 -0.16196 0.01647
v 0.63137 -0.16059 0.01578
v 0.63000 -0.16059 0.01784
v 0.63137 -0.16196 0.01784
v 0.63000 -0.16059 0.01922
v 0.63000 -0.16059 0.02059
v 0.63000 -0.16059 0.02196
v 0.63137 -0.15922 0.00137
v 0.63137 -0.15922 0.00275
v 0.63000 -0.15784 0.00412
v 0.63137 -0.15922 0.00412
v 0.63000 -0.15784 0.00549
v 0.63137 -0.15922 0.00549
v 0.63000 -0.15784 0.00686
v 0.63137 -0.15922 0.00686
v 0.63000 -0.15784 0.00824
v 0.63137 -0.15922 0.00824
v 0.63000 -0.15784 0.00961
v 0.63137 -0.15922 0.00961
v 0.63000 -0.15784 0.01098
v 0.63137 -0.15922 0.01098
v 0.63000 -0.15784 0.01235
v 0.63137 -0.15922 0.01235
v 0.63000 -0.15784 0.01373
v 0.63137 -0.15922 0.01373
v 0.63000 -0.15784 0.01510
v 0.63137 -0.15922 0.01510
v 0.63000 -0.15784 0.01647
v 0.63000 -0.15784 0.01784
v 0.63000 -0.15784 0.01922
v 0.63000 -0.15784 0.02059
v 0.63000 -0.15510 0.01373
v 0.63000 -0.15510 0.01510
v 0.63275 -0.19078 0.00412
v 0.63412 -0.19216 0.00412
v 0.63412 -0.19078 0.00343
v 0.63275 -0.19078 0.00549
v 0.63412 -0.19078 0.00480
v 0.63412 -0.19216 0.00686
v 0.63412 -0.19078 0.00618
v 0.63275 -0.19078 0.00824
v 0.63412 -0.19078 0.00755
v 0.63412 -0.19216 0.00961
v 0.63412 -0.19078 0.00892
v 0.63275 -0.19078 0.01098
v 0.63412 -0.19078 0.01029
v 0.63412 -0.19216 0.01235
v 0.63412 -0.19078 0.01167
v 0.63275 -0.19078 0.01373
v 0.63412 -0.19078 0.01304
v 0.63275 -0.19078 0.01510
v 0.63275 -0.19078 0.01647
v 0.63275 -0.19078 0.01784
v 0.63412 -0.18941 0.00000
v 0.63412 -0.18804 -0.00069
v 0.63412 -0.18941 0.00137
v 0.63412 -0.18941 0.00275
v 0.63412 -0.18941 0.00549
v 0.63412 -0.18941 0.00824
v 0.63412 -0.18941 0.01098
v 0.63412 -0.18941 0.01373
v 0.63412 -0.18941 0.01510
v 0.63275 -0.18804 0.01647
v 0.63412 -0.18804 0.01578
v 0.63275 -0.18804 0.01784
v 0.63412 -0.18529 -0.00069
v 0.63275 -0.18529 0.01647
v 0.63412 -0.18529 0.01578
v 0.63275 -0.18529 0.01784
v 0.63275 -0.18529 0.01922
v 0.63275 -0.18529 0.02059
v 0.63412 -0.18255 -0.00069
v 0.63412 -0.18392 0.01647
v 0.63275 -0.18255 0.01784
v 0.63412 -0.18255 0.01716
v 0.63275 -0.18255 0.01922
v 0.63275 -0.18255 0.02059
v 0.63275 -0.18255 0.02196
v 0.63412 -0.17980 -0.00069
v 0.63412 -0.18118 0.01784
v 0.63275 -0.17980 0.01922
v 0.63412 -0.17980 0.01853
v 0.63275 -0.17980 0.02059
v 0.63275 -0.17980 0.02196
v 0.63275 -0.17980 0.02333
v 0.63412 -0.17706 -0.00069
v 0.63275 -0.17706 0.01922
v 0.63412 -0.17706 0.01853
v 0.63275 -0.17706 0.02059
v 0.63275 -0.17706 0.02196
v 0.63275 -0.17706 0.02333
v 0.63412 -0.17431 -0.00069
v 0.63275 -0.17431 0.01784
v 0.63412 -0.17569 0.01784
v 0.63412 -0.17431 0.01716
v 0.63275 -0.17431 0.01922
v 0.63275 -0.17431 0.02059
v 0.63275 -0.17431 0.02196
v 0.63412 -0.17157 -0.00069
v 0.63275 -0.17157 0.01510
v 0.63412 -0.17294 0.01510
v 0.63412 -0.17157 0.01441
v 0.63275 -0.17157 0.01647
v 0.63412 -0.17294 0.01647
v 0.63275 -0.17157 0.01784
v 0.63275 -0.17157 0.01922
v 0.63275 -0.17157 0.02059
v 0.63275 -0.17157 0.02196
v 0.63412 -0.16882 -0.00069
v 0.63412 -0.17020 0.01510
v 0.63275 -0.16882 0.01647
v 0.63412 -0.16882 0.01578
v 0.63275 -0.16882 0.01784
v 0.63275 -0.16882 0.01922
v 0.63275 -0.16882 0.02059
v 0.63412 -0.16608 -0.00069
v 0.63275 -0.16608 0.01235
v 0.63412 -0.16745 0.01235
v 0.63412 -0.16608 0.01167
v 0.63412 -0.16608 0.01304
v 0.63275 -0.16608 0.01510
v 0.63412 -0.16745 0.01510
v 0.63412 -0.16608 0.01441
v 0.63275 -0.16608 0.01647
v 0.63275 -0.16608 0.01784
v 0.63275 -0.16608 0.01922
v 0.63412 -0.16333 -0.00069
v 0.63275 -0.16333 0.01098
v 0.63412 -0.16471 0.01098
v 0.63412 -0.16333 0.01029
v 0.63275 -0.16333 0.01235
v 0.63275 -0.16333 0.01373
v 0.63412 -0.16471 0.01373
v 0.63275 -0.16333 0.01510
v 0.63275 -0.16333 0.01647
v 0.63275 -0.16333 0.01784
v 0.63412 -0.16196 0.00000
v 0.63275 -0.16059 0.00137
v 0.63412 -0.16196 0.00137
v 0.63275 -0.16059 0.00275
v 0.63412 -0.16196 0.00275
v 0.63412 -0.16059 0.00343
v 0.63275 -0.16059 0.00824
v 0.63412 -0.16196 0.00824
v 0.63412 -0.16059 0.00755
v 0.63275 -0.16059 0.00961
v 0.63412 -0.16196 0.00961
v 0.63275 -0.16059 0.01098
v 0.63275 -0.16059 0.01235
v 0.63275 -0.16059 0.01373
v 0.63275 -0.16059 0.01510
v 0.63412 -0.15922 0.00412
v 0.63412 -0.15922 0.00549
v 0.63412 -0.15922 0.00686
v 0.63549 -0.19078 0.00412
v 0.63686 -0.19216 0.00686
v 0.63686 -0.19078 0.00618
v 0.63686 -0.19078 0.00755
v 0.63549 -0.19078 0.00961
v 0.63549 -0.19078 0.01235
v 0.63686 -0.18941 0.00000
v 0.63686 -0.18804 -0.00069
v 0.63686 -0.18941 0.00137
v 0.63686 -0.18941 0.00275
v 0.63686 -0.18941 0.00412
v 0.63686 -0.18941 0.00549
v 0.63686 -0.18941 0.00824
v 0.63549 -0.18804 0.00961
v 0.63686 -0.18804 0.00892
v 0.63549 -0.18804 0.01098
v 0.63549 -0.18804 0.01235
v 0.63549 -0.18804 0.01373
v 0.63549 -0.18804 0.01510
v 0.63686 -0.18529 -0.00069
v 0.63686 -0.18667 0.00961
v 0.63686 -0.18667 0.01098
v 0.63549 -0.18529 0.01235
v 0.63686 -0.18529 0.01167
v 0.63549 -0.18529 0.01373
v 0.63549 -0.18529 0.01510
v 0.63686 -0.18255 -0.00069
v 0.63549 -0.18255 0.01235
v 0.63686 -0.18255 0.01167
v 0.63549 -0.18255 0.01373
v 0.63549 -0.18255 0.01510
v 0.63549 -0.18255 0.01647
v 0.63686 -0.17980 -0.00069
v 0.63549 -0.17980 0.01235
v 0.63686 -0.17980 0.01167
v 0.63549 -0.17980 0.01373
v 0.63549 -0.17980 0.01510
v 0.63549 -0.17980 0.01647
v 0.63549 -0.17980 0.01784
v 0.63686 -0.17706 -0.00069
v 0.63549 -0.17706 0.01098
v 0.63686 -0.17843 0.01098
v 0.63686 -0.17706 0.01029
v 0.63549 -0.17706 0.01235
v 0.63549 -0.17706 0.01373
v 0.63549 -0.17706 0.01510
v 0.63549 -0.17706 0.01647
v 0.63549 -0.17706 0.01784
v 0.63686 -0.17431 -0.00069
v 0.63549 -0.17431 0.01098
v 0.63686 -0.17431 0.01029
v 0.63549 -0.17431 0.01235
v 0.63549 -0.17431 0.01373
v 0.63549 -0.17431 0.01510
v 0.63549 -0.17431 0.01647
v 0.63686 -0.17157 -0.00069
v 0.63549 -0.17157 0.00961
v 0.63686 -0.17294 0.00961
v 0.63686 -0.17157 0.00892
v 0.63549 -0.17157 0.01098
v 0.63549 -0.17157 0.01235
v 0.63549 -0.17157 0.01373
v 0.63686 -0.16882 -0.00069
v 0.63549 -0.16882 0.00824
v 0.63686 -0.17020 0.00824
v 0.63686 -0.16882 0.00755
v 0.63549 -0.16882 0.00961
v 0.63549 -0.16882 0.01098
v 0.63549 -0.16882 0.01235
v 0.63549 -0.16882 0.01373
v 0.63549 -0.16882 0.01510
v 0.63686 -0.16608 -0.00069
v 0.63549 -0.16608 0.00686
v 0.63686 -0.16745 0.00686
v 0.63686 -0.16608 0.00618
v 0.63549 -0.16608 0.00824
v 0.63549 -0.16608 0.00961
v 0.63549 -0.16608 0.01098
v 0.63549 -0.16608 0.01373
v 0.63549 -0.16333 0.00000
v 0.63686 -0.16471 0.00000
v 0.63549 -0.16333 0.00137
v 0.63686 -0.16471 0.00137
v 0.63686 -0.16333 0.00206
v 0.63549 -0.16333 0.00549
v 0.63686 -0.16471 0.00549
v 0.63686 -0.16333 0.00480
v 0.63549 -0.16333 0.00686
v 0.63549 -0.16333 0.00824
v 0.63549 -0.16333 0.00961
v 0.63686 -0.16196 0.00275
v 0.63549 -0.16059 0.00412
v 0.63686 -0.16196 0.00412
v 0.63549 -0.16059 0.00549
v 0.63549 -0.16059 0.00686
v 0.63824 -0.19078 0.00686
v 0.63961 -0.18941 0.00000
v 0.63961 -0.18804 -0.00069
v 0.63961 -0.18941 0.00137
v 0.63961 -0.18941 0.00275
v 0.63824 -0.18804 0.00412
v 0.63961 -0.18804 0.00343
v 0.63824 -0.18804 0.00549
v 0.63824 -0.18804 0.00686
v 0.63824 -0.18804 0.00824
v 0.63961 -0.18529 -0.00069
v 0.63961 -0.18667 0.00412
v 0.63961 -0.18667 0.00549
v 0.63824 -0.18529 0.00686
v 0.63961 -0.18529 0.00618
v 0.63824 -0.18529 0.00824
v 0.63824 -0.18529 0.00961
v 0.63824 -0.18529 0.01098
v 0.63961 -0.18255 -0.00069
v 0.63824 -0.18255 0.00686
v 0.63961 -0.18255 0.00618
v 0.63824 -0.18255 0.00824
v 0.63824 -0.18255 0.00961
v 0.63824 -0.18255 0.01098
v 0.63961 -0.17980 -0.00069
v 0.63824 -0.17980 0.00549
v 0.63961 -0.18118 0.00549
v 0.63961 -0.17980 0.00480
v 0.63824 -0.17980 0.00686
v 0.63824 -0.17980 0.00824
v 0.63824 -0.17980 0.00961
v 0.63824 -0.17980 0.01098
v 0.63961 -0.17706 -0.00069
v 0.63824 -0.17706 0.00549
v 0.63961 -0.17706 0.00480
v 0.63824 -0.17706 0.00686
v 0.63824 -0.17706 0.00824
v 0.63824 -0.17706 0.00961
v 0.63961 -0.17431 -0.00069
v 0.63824 -0.17431 0.00412
v 0.63961 -0.17569 0.00412
v 0.63961 -0.17431 0.00343
v 0.63824 -0.17431 0.00549
v 0.63824 -0.17431 0.00686
v 0.63824 -0.17431 0.00824
v 0.63824 -0.17431 0.00961
v 0.63961 -0.17157 -0.00069
v 0.63824 -0.17157 0.00137
v 0.63961 -0.17294 0.00137
v 0.63961 -0.17157 0.00069
v 0.63824 -0.17157 0.00275
v 0.63961 -0.17294 0.00275
v 0.63824 -0.17157 0.00412
v 0.63824 -0.17157 0.00549
v 0.63824 -0.17157 0.00686
v 0.63824 -0.17157 0.00824
v 0.63824 -0.16882 0.00000
v 0.63961 -0.17020 0.00000
v 0.63824 -0.16882 0.00137
v 0.63824 -0.16882 0.00275
v 0.63824 -0.16882 0.00412
v 0.63824 -0.16882 0.00549
v 0.63824 -0.16882 0.00686
v 0.63824 -0.16608 0.00000
v 0.63824 -0.16608 0.00137
v 0.63824 -0.16608 0.00275
v 0.63824 -0.16608 0.00412
v 0.63824 -0.16608 0.00549
v 0.63824 -0.16333 0.00275
v 0.63824 -0.16333 0.00412
v 0.64098 -0.18804 0.00000
v 0.64098 -0.18804 0.00137
v 0.64098 -0.18804 0.00275
v 0.64098 -0.18529 0.00000
v 0.64098 -0.18529 0.00137
v 0.64098 -0.18529 0.00275
v 0.64098 -0.18529 0.00412
v 0.64098 -0.18529 0.00549
v 0.64235 -0.18392 0.00000
v 0.64235 -0.18255 -0.00069
v 0.64098 -0.18255 0.00137
v 0.64235 -0.18255 0.00069
v 0.64098 -0.18255 0.00275
v 0.64098 -0.18255 0.00412
v 0.64098 -0.18255 0.00549
v 0.64098 -0.17980 0.00000
v 0.64235 -0.18118 0.00000
v 0.64098 -0.17980 0.00137
v 0.64098 -0.17980 0.00275
v 0.64098 -0.17980 0.00412
v 0.64098 -0.17706 0.00000
v 0.64098 -0.17706 0.00137
v 0.64098 -0.17706 0.00275
v 0.64098 -0.17706 0.00412
v 0.64098 -0.17431 0.00000
v 0.64098 -0.17431 0.00137
v 0.64098 -0.17431 0.00275
v 0.64098 -0.17157 0.00000
v 0.64373 -0.18255 0.00000
f 3 2 1
f 2 5 4
f 1 2 4
f 5 6 4
f 9 8 7
f 8 11 10
f 7 8 10
f 11 3 1
f 11 1 10
f 10 1 12
f 1 4 12
f 4 13 12
f 6 14 13
f 4 6 13
f 17 16 15
f 16 9 7
f 16 7 15
f 15 7 18
f 7 10 18
f 10 19 18
f 10 12 19
f 12 20 19
f 21 22 20
f 21 20 13
f 13 20 12
f 13 14 21
f 25 24 23
f 24 27 26
f 23 24 26
f 27 17 15
f 27 15 26
f 26 15 28
f 15 18 28
f 18 29 28
f 18 19 29
f 19 30 29
f 31 32 30
f 31 30 20
f 20 30 19
f 20 22 31
f 25 23 33
f 35 33 23
f 35 23 34
f 34 23 26
f 26 28 34
f 28 36 34
f 28 29 36
f 29 37 36
f 38 39 37
f 38 37 30
f 30 37 29
f 30 32 38
f 41 35 34
f 40 41 34
f 42 43 40
f 42 40 36
f 36 40 34
f 36 37 44
f 42 36 44
f 37 39 44
f 41 40 45
f 40 43 45
f 48 47 46
f 47 50 49
f 46 47 49
f 50 52 51
f 49 50 51
f 52 54 53
f 51 52 53
f 54 55 53
f 58 57 56
f 57 60 59
f 56 57 59
f 60 62 61
f 59 60 61
f 62 64 63
f 61 62 63
f 64 48 46
f 64 46 63
f 63 46 65
f 46 49 65
f 49 66 65
f 49 51 66
f 51 67 66
f 51 53 67
f 53 68 67
f 55 70 69
f 55 69 53
f 53 69 68
f 70 71 69
f 74 73 72
f 73 58 56
f 73 56 72
f 72 56 75
f 56 59 75
f 59 76 75
f 59 61 76
f 61 77 76
f 61 63 77
f 63 78 77
f 63 65 78
f 65 79 78
f 65 66 79
f 66 80 79
f 66 67 80
f 67 81 80
f 3 68 2
f 3 81 68
f 81 67 68
f 69 2 68
f 5 2 69
f 5 69 71
f 5 71 6
f 6 71 82
f 85 84 83
f 84 87 86
f 83 84 86
f 87 74 72
f 87 72 86
f 86 72 88
f 72 75 88
f 75 89 88
f 75 76 89
f 76 90 89
f 76 77 90
f 77 91 90
f 77 78 91
f 78 92 91
f 78 79 92
f 79 93 92
f 9 80 8
f 9 93 80
f 93 79 80
f 81 8 80
f 11 8 81
f 81 3 11
f 96 94 95
f 95 94 14
f 95 14 82
f 82 14 6
f 99 98 97
f 98 85 83
f 98 83 97
f 97 83 100
f 83 86 100
f 86 101 100
f 86 88 101
f 88 102 101
f 88 89 102
f 89 103 102
f 89 90 103
f 90 104 103
f 90 91 104
f 91 105 104
f 91 92 105
f 92 106 105
f 17 93 16
f 17 106 93
f 106 92 93
f 93 9 16
f 109 107 108
f 94 22 21
f 96 22 94
f 96 107 22
f 96 108 107
f 94 21 14
f 111 99 97
f 110 111 97
f 97 100 110
f 100 112 110
f 100 101 112
f 101 113 112
f 101 102 113
f 102 114 113
f 102 103 114
f 103 115 114
f 103 104 115
f 104 116 115
f 25 105 24
f 25 116 105
f 116 104 105
f 106 24 105
f 27 24 106
f 106 17 27
f 119 117 118
f 107 32 31
f 109 32 107
f 109 117 32
f 109 118 117
f 107 31 22
f 111 110 120
f 122 120 110
f 122 110 121
f 121 110 112
f 112 113 121
f 113 123 121
f 113 114 123
f 114 124 123
f 114 115 124
f 115 125 124
f 115 116 125
f 116 126 125
f 33 116 25
f 33 127 116
f 127 126 116
f 33 35 127
f 117 39 38
f 117 119 39
f 119 128 39
f 117 38 32
f 130 122 121
f 129 130 121
f 121 123 129
f 123 131 129
f 123 124 131
f 124 132 131
f 124 125 132
f 125 133 132
f 125 126 133
f 126 134 133
f 126 127 134
f 127 135 134
f 127 41 135
f 35 41 127
f 43 136 137
f 42 136 43
f 136 42 138
f 42 44 138
f 138 44 39
f 128 138 39
f 140 130 129
f 139 140 129
f 129 131 139
f 131 141 139
f 131 132 141
f 132 142 141
f 132 133 142
f 133 143 142
f 144 145 143
f 144 143 134
f 134 143 133
f 134 135 146
f 144 134 146
f 135 41 45
f 135 45 146
f 146 45 147
f 147 45 43
f 137 147 43
f 140 139 148
f 139 141 149
f 148 139 149
f 141 142 150
f 149 141 150
f 142 143 151
f 150 142 151
f 143 145 151
f 154 153 152
f 153 156 155
f 152 153 155
f 156 158 157
f 155 156 157
f 158 160 159
f 157 158 159
f 160 162 161
f 159 160 161
f 162 164 163
f 161 162 163
f 164 166 165
f 163 164 165
f 166 168 167
f 165 166 167
f 168 170 169
f 167 168 169
f 170 171 169
f 174 173 172
f 173 175 172
f 178 177 176
f 177 154 152
f 177 152 176
f 176 152 179
f 152 155 179
f 155 180 179
f 155 157 180
f 157 181 180
f 157 159 181
f 159 182 181
f 159 161 182
f 161 183 182
f 161 163 183
f 163 184 183
f 163 165 184
f 165 185 184
f 48 167 47
f 48 185 167
f 185 165 167
f 169 47 167
f 50 47 169
f 171 50 169
f 171 186 50
f 186 52 50
f 186 187 52
f 52 187 54
f 188 55 54
f 188 54 189
f 189 54 187
f 189 190 188
f 193 192 191
f 192 174 172
f 192 172 191
f 191 172 194
f 175 196 195
f 175 195 172
f 172 195 194
f 196 178 176
f 196 176 195
f 195 176 197
f 176 179 197
f 179 198 197
f 179 180 198
f 180 199 198
f 180 181 199
f 181 200 199
f 58 182 57
f 58 200 182
f 200 181 182
f 183 57 182
f 60 57 183
f 184 60 183
f 62 60 184
f 185 62 184
f 64 62 185
f 185 48 64
f 188 70 55
f 70 188 190
f 70 190 71
f 71 190 201
f 204 203 202
f 203 206 205
f 202 203 205
f 206 193 191
f 206 191 205
f 205 191 207
f 191 194 207
f 194 208 207
f 194 195 208
f 195 209 208
f 195 197 209
f 197 210 209
f 197 198 210
f 198 211 210
f 198 199 211
f 199 212 211
f 74 200 73
f 74 212 200
f 212 199 200
f 200 58 73
f 201 213 71
f 213 82 71
f 216 215 214
f 215 218 217
f 214 215 217
f 218 204 202
f 218 202 217
f 217 202 219
f 202 205 219
f 205 220 219
f 205 207 220
f 207 221 220
f 207 208 221
f 208 222 221
f 208 209 222
f 209 223 222
f 209 210 223
f 210 224 223
f 85 211 84
f 85 224 211
f 224 210 211
f 212 84 211
f 87 84 212
f 212 74 87
f 96 225 226
f 95 225 96
f 225 95 82
f 213 225 82
f 216 214 227
f 229 227 214
f 229 214 228
f 228 214 217
f 217 219 228
f 219 230 228
f 219 220 230
f 220 231 230
f 220 221 231
f 221 232 231
f 221 222 232
f 222 233 232
f 222 223 233
f 223 234 233
f 99 224 98
f 99 234 224
f 234 223 224
f 224 85 98
f 109 235 236
f 108 235 109
f 235 108 96
f 226 235 96
f 238 229 228
f 237 238 228
f 228 230 237
f 230 239 237
f 230 231 239
f 231 240 239
f 231 232 240
f 232 241 240
f 232 233 241
f 233 242 241
f 233 234 242
f 234 243 242
f 234 111 243
f 99 111 234
f 119 244 245
f 118 244 119
f 244 118 109
f 236 244 109
f 247 238 237
f 246 247 237
f 237 239 246
f 239 248 246
f 239 240 248
f 240 249 248
f 240 241 249
f 241 250 249
f 241 242 250
f 242 251 250
f 242 243 251
f 243 252 251
f 120 243 111
f 120 253 243
f 253 252 243
f 120 122 253
f 256 254 255
f 255 254 128
f 255 128 245
f 245 128 119
f 247 246 257
f 259 257 246
f 259 246 258
f 258 246 248
f 248 249 258
f 249 260 258
f 249 250 260
f 250 261 260
f 250 251 261
f 251 262 261
f 251 252 262
f 252 263 262
f 252 253 263
f 253 264 263
f 253 130 264
f 122 130 253
f 267 265 266
f 137 266 265
f 137 136 266
f 136 268 266
f 254 256 268
f 254 268 138
f 138 268 136
f 254 138 128
f 270 259 258
f 269 270 258
f 258 260 269
f 260 271 269
f 260 261 271
f 261 272 271
f 261 262 272
f 262 273 272
f 262 263 273
f 263 274 273
f 263 264 274
f 264 275 274
f 264 140 275
f 130 140 264
f 144 276 145
f 276 277 278
f 276 144 277
f 144 146 277
f 265 267 277
f 265 277 147
f 147 277 146
f 265 147 137
f 270 269 279
f 269 271 280
f 279 269 280
f 282 280 271
f 282 271 281
f 281 271 272
f 283 284 281
f 283 281 273
f 273 281 272
f 273 274 285
f 283 273 285
f 287 285 274
f 287 274 286
f 286 274 275
f 140 286 275
f 140 288 286
f 140 148 288
f 289 286 288
f 291 149 290
f 291 288 149
f 288 148 149
f 290 292 293
f 290 149 292
f 149 150 292
f 292 150 294
f 150 151 294
f 145 276 295
f 145 295 151
f 151 295 294
f 276 278 295
f 282 281 296
f 281 284 296
f 287 286 297
f 286 289 297
f 291 290 298
f 290 293 298
f 301 300 299
f 300 303 302
f 299 300 302
f 303 305 304
f 302 303 304
f 305 307 306
f 304 305 306
f 307 308 306
f 311 310 309
f 310 312 309
f 315 314 313
f 314 317 316
f 313 314 316
f 317 319 318
f 316 317 318
f 319 301 299
f 319 299 318
f 318 299 320
f 299 302 320
f 302 321 320
f 302 304 321
f 304 322 321
f 304 306 322
f 306 323 322
f 308 325 324
f 308 324 306
f 306 324 323
f 325 327 326
f 324 325 326
f 327 329 328
f 326 327 328
f 329 331 330
f 328 329 330
f 331 333 332
f 330 331 332
f 333 334 332
f 337 336 335
f 336 311 309
f 336 309 335
f 335 309 338
f 312 340 339
f 312 339 309
f 309 339 338
f 340 315 313
f 340 313 339
f 339 313 341
f 313 316 341
f 316 342 341
f 316 318 342
f 318 343 342
f 318 320 343
f 320 344 343
f 154 321 153
f 154 344 321
f 344 320 321
f 322 153 321
f 156 153 322
f 323 156 322
f 158 156 323
f 324 158 323
f 160 158 324
f 326 160 324
f 162 160 326
f 328 162 326
f 164 162 328
f 330 164 328
f 166 164 330
f 332 166 330
f 168 166 332
f 334 168 332
f 334 345 168
f 345 170 168
f 346 171 170
f 346 170 347
f 347 170 345
f 347 349 348
f 346 347 348
f 349 350 348
f 353 352 351
f 352 355 354
f 351 352 354
f 355 357 356
f 354 355 356
f 357 359 358
f 356 357 358
f 359 337 335
f 359 335 358
f 358 335 360
f 335 338 360
f 338 361 360
f 338 339 361
f 339 362 361
f 339 341 362
f 341 363 362
f 174 342 173
f 174 363 342
f 363 341 342
f 173 364 175
f 173 342 364
f 342 343 364
f 178 344 177
f 178 364 344
f 364 343 344
f 344 154 177
f 346 186 171
f 348 186 346
f 187 186 348
f 350 187 348
f 350 365 187
f 365 189 187
f 189 365 366
f 190 189 366
f 369 368 367
f 368 353 351
f 368 351 367
f 367 351 370
f 351 354 370
f 354 371 370
f 354 356 371
f 356 372 371
f 356 358 372
f 358 373 372
f 358 360 373
f 360 374 373
f 360 361 374
f 361 375 374
f 361 362 375
f 362 376 375
f 193 363 192
f 193 376 363
f 376 362 363
f 363 174 192
f 364 196 175
f 364 178 196
f 366 377 190
f 377 201 190
f 380 379 378
f 379 382 381
f 378 379 381
f 382 369 367
f 382 367 381
f 381 367 383
f 367 370 383
f 370 384 383
f 370 371 384
f 371 385 384
f 371 372 385
f 372 386 385
f 372 373 386
f 373 387 386
f 373 374 387
f 374 388 387
f 204 375 203
f 204 388 375
f 388 374 375
f 376 203 375
f 206 203 376
f 376 193 206
f 377 389 201
f 389 213 201
f 391 380 378
f 390 391 378
f 378 381 390
f 381 392 390
f 381 383 392
f 383 393 392
f 383 384 393
f 384 394 393
f 384 385 394
f 385 395 394
f 385 386 395
f 386 396 395
f 216 387 215
f 216 396 387
f 396 386 387
f 388 215 387
f 218 215 388
f 388 204 218
f 226 397 398
f 225 397 226
f 397 225 213
f 389 397 213
f 391 390 399
f 401 399 390
f 401 390 400
f 400 390 392
f 392 393 400
f 393 402 400
f 393 394 402
f 394 403 402
f 394 395 403
f 395 404 403
f 395 396 404
f 396 405 404
f 227 396 216
f 227 406 396
f 406 405 396
f 227 229 406
f 236 407 408
f 235 407 236
f 407 235 226
f 398 407 226
f 410 401 400
f 409 410 400
f 400 402 409
f 402 411 409
f 402 403 411
f 403 412 411
f 403 404 412
f 404 413 412
f 404 405 413
f 405 414 413
f 405 406 414
f 406 415 414
f 406 238 415
f 229 238 406
f 245 416 417
f 244 416 245
f 416 244 236
f 408 416 236
f 419 410 409
f 418 419 409
f 409 411 418
f 411 420 418
f 411 412 420
f 412 421 420
f 412 413 421
f 413 422 421
f 413 414 422
f 414 423 422
f 414 415 423
f 415 424 423
f 415 247 424
f 238 247 415
f 255 425 256
f 425 255 245
f 425 245 426
f 426 245 417
f 419 418 427
f 429 427 418
f 429 418 428
f 428 418 420
f 420 421 428
f 421 430 428
f 421 422 430
f 422 431 430
f 422 423 431
f 423 432 431
f 423 424 432
f 424 433 432
f 257 424 247
f 257 434 424
f 434 433 424
f 257 259 434
f 266 435 267
f 435 436 437
f 435 266 436
f 266 268 436
f 256 425 438
f 256 438 268
f 268 438 436
f 425 426 438
f 429 428 439
f 428 430 440
f 439 428 440
f 442 440 430
f 442 430 441
f 441 430 431
f 431 432 441
f 432 443 441
f 432 433 443
f 433 444 443
f 433 434 444
f 434 445 444
f 434 270 445
f 259 270 434
f 278 446 447
f 277 446 278
f 267 435 448
f 267 448 277
f 277 448 446
f 435 437 448
f 442 441 449
f 441 443 450
f 449 441 450
f 452 450 443
f 452 443 451
f 451 443 444
f 444 445 451
f 445 453 451
f 279 445 270
f 279 454 445
f 454 453 445
f 280 454 279
f 455 454 280
f 280 282 455
f 283 456 284
f 285 456 283
f 457 456 285
f 285 287 457
f 288 458 289
f 288 291 458
f 293 459 460
f 292 459 293
f 459 292 461
f 292 294 461
f 461 294 462
f 294 295 462
f 462 295 278
f 447 462 278
f 452 451 463
f 451 453 464
f 463 451 464
f 453 454 465
f 464 453 465
f 454 455 466
f 465 454 466
f 455 282 296
f 455 296 466
f 466 296 467
f 284 456 468
f 284 468 296
f 296 468 467
f 456 457 469
f 468 456 469
f 457 287 297
f 457 297 469
f 469 297 470
f 289 458 471
f 289 471 297
f 297 471 470
f 458 291 298
f 458 298 471
f 471 298 472
f 472 298 293
f 460 472 293
f 475 474 473
f 474 476 473
f 479 478 477
f 478 480 477
f 483 482 481
f 482 485 484
f 481 482 484
f 485 487 486
f 484 485 486
f 487 489 488
f 486 487 488
f 489 490 488
f 493 492 491
f 492 495 494
f 491 492 494
f 495 497 496
f 494 495 496
f 497 475 473
f 497 473 496
f 496 473 498
f 476 500 499
f 476 499 473
f 473 499 498
f 500 479 477
f 500 477 499
f 499 477 501
f 480 503 502
f 480 502 477
f 477 502 501
f 503 483 481
f 503 481 502
f 502 481 504
f 481 484 504
f 484 505 504
f 301 486 300
f 301 505 486
f 505 484 486
f 488 300 486
f 303 300 488
f 490 303 488
f 490 506 303
f 506 305 303
f 506 507 305
f 305 507 307
f 508 308 307
f 508 307 509
f 509 307 507
f 509 511 510
f 508 509 510
f 511 513 512
f 510 511 512
f 513 514 512
f 517 516 515
f 516 519 518
f 515 516 518
f 519 521 520
f 518 519 520
f 521 523 522
f 520 521 522
f 523 493 491
f 523 491 522
f 522 491 524
f 491 494 524
f 494 525 524
f 494 496 525
f 496 526 525
f 496 498 526
f 498 527 526
f 311 499 310
f 311 527 499
f 527 498 499
f 310 528 312
f 310 499 528
f 499 501 528
f 315 502 314
f 315 528 502
f 528 501 502
f 504 314 502
f 317 314 504
f 505 317 504
f 319 317 505
f 505 301 319
f 508 325 308
f 510 325 508
f 327 325 510
f 512 327 510
f 329 327 512
f 514 329 512
f 514 529 329
f 529 331 329
f 529 530 331
f 331 530 333
f 531 334 333
f 531 333 532
f 532 333 530
f 532 534 533
f 531 532 533
f 534 535 533
f 538 537 536
f 537 540 539
f 536 537 539
f 540 542 541
f 539 540 541
f 542 517 515
f 542 515 541
f 541 515 543
f 515 518 543
f 518 544 543
f 518 520 544
f 520 545 544
f 520 522 545
f 522 546 545
f 522 524 546
f 524 547 546
f 524 525 547
f 525 548 547
f 525 526 548
f 526 549 548
f 337 527 336
f 337 549 527
f 549 526 527
f 527 311 336
f 528 340 312
f 528 315 340
f 531 345 334
f 533 345 531
f 347 345 533
f 535 347 533
f 535 550 347
f 550 349 347
f 551 350 349
f 551 349 552
f 552 349 550
f 552 553 551
f 556 555 554
f 555 558 557
f 554 555 557
f 558 538 536
f 558 536 557
f 557 536 559
f 536 539 559
f 539 560 559
f 539 541 560
f 541 561 560
f 541 543 561
f 543 562 561
f 543 544 562
f 544 563 562
f 544 545 563
f 545 564 563
f 353 546 352
f 353 564 546
f 564 545 546
f 547 352 546
f 355 352 547
f 548 355 547
f 357 355 548
f 549 357 548
f 359 357 549
f 549 337 359
f 551 365 350
f 365 551 553
f 365 553 366
f 366 553 565
f 568 567 566
f 567 556 554
f 567 554 566
f 566 554 569
f 554 557 569
f 557 570 569
f 557 559 570
f 559 571 570
f 559 560 571
f 560 572 571
f 560 561 572
f 561 573 572
f 561 562 573
f 562 574 573
f 562 563 574
f 563 575 574
f 369 564 368
f 369 575 564
f 575 563 564
f 564 353 368
f 578 576 577
f 577 576 377
f 577 377 565
f 565 377 366
f 580 568 566
f 579 580 566
f 566 569 579
f 569 581 579
f 569 570 581
f 570 582 581
f 570 571 582
f 571 583 582
f 571 572 583
f 572 584 583
f 572 573 584
f 573 585 584
f 380 574 379
f 380 585 574
f 585 573 574
f 575 379 574
f 382 379 575
f 575 369 382
f 587 576 578
f 586 576 587
f 576 586 389
f 377 576 389
f 589 580 579
f 588 589 579
f 579 581 588
f 581 590 588
f 581 582 590
f 582 591 590
f 582 583 591
f 583 592 591
f 583 584 592
f 584 593 592
f 584 585 593
f 585 594 593
f 585 391 594
f 380 391 585
f 597 595 596
f 586 398 397
f 587 398 586
f 587 595 398
f 587 596 595
f 586 397 389
f 589 588 598
f 600 598 588
f 600 588 599
f 599 588 590
f 590 591 599
f 591 601 599
f 591 592 601
f 592 602 601
f 592 593 602
f 593 603 602
f 593 594 603
f 594 604 603
f 399 594 391
f 399 605 594
f 605 604 594
f 399 401 605
f 595 408 407
f 595 597 408
f 597 606 408
f 595 407 398
f 608 600 599
f 607 608 599
f 599 601 607
f 601 609 607
f 601 602 609
f 602 610 609
f 602 603 610
f 603 611 610
f 603 604 611
f 604 612 611
f 604 605 612
f 605 613 612
f 605 410 613
f 401 410 605
f 417 614 615
f 416 614 417
f 614 416 408
f 606 614 408
f 617 608 607
f 616 617 607
f 607 609 616
f 609 618 616
f 609 610 618
f 610 619 618
f 610 611 619
f 611 620 619
f 611 612 620
f 612 621 620
f 612 613 621
f 613 622 621
f 613 419 622
f 410 419 613
f 625 623 624
f 624 623 426
f 624 426 615
f 615 426 417
f 617 616 626
f 616 618 627
f 626 616 627
f 629 627 618
f 629 618 628
f 628 618 619
f 619 620 628
f 620 630 628
f 620 621 630
f 621 631 630
f 621 622 631
f 622 632 631
f 427 622 419
f 427 633 622
f 633 632 622
f 427 429 633
f 437 634 635
f 436 634 437
f 623 625 634
f 623 634 438
f 438 634 436
f 623 438 426
f 629 628 636
f 628 630 637
f 636 628 637
f 630 631 638
f 637 630 638
f 640 638 631
f 640 631 639
f 639 631 632
f 632 633 639
f 633 641 639
f 439 633 429
f 439 642 633
f 642 641 633
f 440 642 439
f 643 642 440
f 440 442 643
f 447 644 645
f 446 644 447
f 644 446 646
f 446 448 646
f 646 448 437
f 635 646 437
f 640 639 647
f 649 647 639
f 649 639 648
f 648 639 641
f 641 642 648
f 642 650 648
f 642 643 650
f 643 651 650
f 449 643 442
f 449 652 643
f 652 651 643
f 450 652 449
f 653 652 450
f 450 452 653
f 460 654 655
f 459 654 460
f 654 459 656
f 459 461 656
f 656 461 657
f 461 462 657
f 657 462 447
f 645 657 447
f 649 648 658
f 648 650 659
f 658 648 659
f 650 651 660
f 659 650 660
f 651 652 661
f 660 651 661
f 652 653 662
f 661 652 662
f 653 452 463
f 653 463 662
f 662 463 663
f 663 463 664
f 463 464 664
f 664 464 665
f 464 465 665
f 665 465 666
f 465 466 666
f 666 466 667
f 466 467 667
f 667 467 668
f 467 468 668
f 668 468 669
f 468 469 669
f 669 469 670
f 469 470 670
f 670 470 671
f 470 471 671
f 671 471 672
f 471 472 672
f 672 472 460
f 655 672 460
f 675 674 673
f 674 677 676
f 673 674 676
f 677 679 678
f 676 677 678
f 679 681 680
f 678 679 680
f 681 683 682
f 680 681 682
f 683 685 684
f 682 683 684
f 685 687 686
f 684 685 686
f 687 689 688
f 686 687 688
f 689 691 690
f 688 689 690
f 691 692 690
f 695 694 693
f 694 697 696
f 693 694 696
f 697 699 698
f 696 697 698
f 699 701 700
f 698 699 700
f 701 703 702
f 700 701 702
f 703 705 704
f 702 703 704
f 705 707 706
f 704 705 706
f 707 675 673
f 707 673 706
f 706 673 708
f 673 676 708
f 676 709 708
f 676 678 709
f 678 710 709
f 475 680 474
f 475 710 680
f 710 678 680
f 474 711 476
f 474 680 711
f 680 682 711
f 479 684 478
f 479 711 684
f 711 682 684
f 478 712 480
f 478 684 712
f 684 686 712
f 483 688 482
f 483 712 688
f 712 686 688
f 690 482 688
f 485 482 690
f 692 485 690
f 692 713 485
f 713 487 485
f 713 714 487
f 487 714 489
f 715 490 489
f 715 489 716
f 716 489 714
f 716 718 717
f 715 716 717
f 718 720 719
f 717 718 719
f 720 722 721
f 719 720 721
f 722 723 721
f 726 725 724
f 725 728 727
f 724 725 727
f 728 730 729
f 727 728 729
f 730 695 693
f 730 693 729
f 729 693 731
f 693 696 731
f 696 732 731
f 696 698 732
f 698 733 732
f 698 700 733
f 700 734 733
f 700 702 734
f 702 735 734
f 702 704 735
f 704 736 735
f 704 706 736
f 706 737 736
f 493 708 492
f 493 737 708
f 737 706 708
f 709 492 708
f 495 492 709
f 710 495 709
f 497 495 710
f 710 475 497
f 711 500 476
f 711 479 500
f 712 503 480
f 712 483 503
f 715 506 490
f 717 506 715
f 507 506 717
f 719 507 717
f 509 507 719
f 721 509 719
f 511 509 721
f 723 511 721
f 723 738 511
f 738 513 511
f 739 514 513
f 739 513 740
f 740 513 738
f 740 742 741
f 739 740 741
f 742 743 741
f 746 745 744
f 745 748 747
f 744 745 747
f 748 750 749
f 747 748 749
f 750 752 751
f 749 750 751
f 752 726 724
f 752 724 751
f 751 724 753
f 724 727 753
f 727 754 753
f 727 729 754
f 729 755 754
f 729 731 755
f 731 756 755
f 731 732 756
f 732 757 756
f 732 733 757
f 733 758 757
f 517 734 516
f 517 758 734
f 758 733 734
f 735 516 734
f 519 516 735
f 736 519 735
f 521 519 736
f 737 521 736
f 523 521 737
f 737 493 523
f 739 529 514
f 741 529 739
f 530 529 741
f 743 530 741
f 743 759 530
f 759 532 530
f 759 760 532
f 532 760 534
f 761 535 534
f 761 534 762
f 762 534 760
f 762 763 761
f 766 765 764
f 765 746 744
f 765 744 764
f 764 744 767
f 744 747 767
f 747 768 767
f 747 749 768
f 749 769 768
f 749 751 769
f 751 770 769
f 751 753 770
f 753 771 770
f 753 754 771
f 754 772 771
f 754 755 772
f 755 773 772
f 538 756 537
f 538 773 756
f 773 755 756
f 757 537 756
f 540 537 757
f 758 540 757
f 542 540 758
f 758 517 542
f 761 550 535
f 761 552 550
f 761 775 552
f 761 763 775
f 774 552 775
f 552 774 553
f 778 777 776
f 777 780 779
f 776 777 779
f 780 766 764
f 780 764 779
f 779 764 781
f 764 767 781
f 767 782 781
f 767 768 782
f 768 783 782
f 768 769 783
f 769 784 783
f 769 770 784
f 770 785 784
f 770 771 785
f 771 786 785
f 556 772 555
f 556 786 772
f 786 771 772
f 773 555 772
f 558 555 773
f 773 538 558
f 788 774 775
f 787 774 788
f 774 787 565
f 553 774 565
f 790 778 776
f 789 790 776
f 776 779 789
f 779 791 789
f 779 781 791
f 781 792 791
f 781 782 792
f 782 793 792
f 782 783 793
f 783 794 793
f 783 784 794
f 784 795 794
f 784 785 795
f 785 796 795
f 568 786 567
f 568 796 786
f 796 785 786
f 786 556 567
f 787 578 577
f 787 788 578
f 788 797 578
f 787 577 565
f 790 789 798
f 800 798 789
f 800 789 799
f 799 789 791
f 791 792 799
f 792 801 799
f 792 793 801
f 793 802 801
f 793 794 802
f 794 803 802
f 794 795 803
f 795 804 803
f 795 796 804
f 796 805 804
f 796 580 805
f 568 580 796
f 797 806 578
f 806 587 578
f 808 800 799
f 807 808 799
f 799 801 807
f 801 809 807
f 801 802 809
f 802 810 809
f 802 803 810
f 803 811 810
f 803 804 811
f 804 812 811
f 804 805 812
f 805 813 812
f 805 589 813
f 580 589 805
f 597 814 815
f 596 814 597
f 814 596 587
f 806 814 587
f 817 808 807
f 816 817 807
f 807 809 816
f 809 818 816
f 809 810 818
f 810 819 818
f 810 811 819
f 811 820 819
f 811 812 820
f 812 821 820
f 812 813 821
f 813 822 821
f 598 813 589
f 598 823 813
f 823 822 813
f 598 600 823
f 815 824 597
f 824 606 597
f 817 816 825
f 827 825 816
f 827 816 826
f 826 816 818
f 818 819 826
f 819 828 826
f 819 820 828
f 820 829 828
f 820 821 829
f 821 830 829
f 821 822 830
f 822 831 830
f 822 823 831
f 823 832 831
f 823 608 832
f 600 608 823
f 615 833 834
f 614 833 615
f 833 614 606
f 824 833 606
f 827 826 835
f 826 828 836
f 835 826 836
f 838 836 828
f 838 828 837
f 837 828 829
f 829 830 837
f 830 839 837
f 830 831 839
f 831 840 839
f 831 832 840
f 832 841 840
f 832 617 841
f 608 617 832
f 625 842 843
f 624 842 625
f 842 624 615
f 834 842 615
f 838 837 844
f 846 844 837
f 846 837 845
f 845 837 839
f 839 840 845
f 840 847 845
f 840 841 847
f 841 848 847
f 626 841 617
f 626 849 841
f 849 848 841
f 627 849 626
f 850 849 627
f 627 629 850
f 635 851 852
f 634 851 635
f 851 634 625
f 843 851 625
f 846 845 853
f 845 847 854
f 853 845 854
f 856 854 847
f 856 847 855
f 855 847 848
f 848 849 855
f 849 857 855
f 849 850 857
f 850 858 857
f 636 850 629
f 636 859 850
f 859 858 850
f 637 859 636
f 860 859 637
f 638 860 637
f 861 860 638
f 638 640 861
f 645 862 863
f 644 862 645
f 862 644 864
f 644 646 864
f 864 646 635
f 852 864 635
f 856 855 865
f 855 857 866
f 865 855 866
f 868 866 857
f 868 857 867
f 867 857 858
f 858 859 867
f 859 869 867
f 859 860 869
f 860 870 869
f 860 861 870
f 861 871 870
f 647 861 640
f 647 872 861
f 872 871 861
f 647 649 872
f 654 873 655
f 873 874 875
f 873 654 874
f 654 656 874
f 874 656 876
f 656 657 876
f 876 657 645
f 863 876 645
f 868 867 877
f 867 869 878
f 877 867 878
f 869 870 879
f 878 869 879
f 870 871 880
f 879 870 880
f 882 880 871
f 882 871 881
f 881 871 872
f 649 881 872
f 649 883 881
f 649 658 883
f 884 881 883
f 886 659 885
f 886 883 659
f 883 658 659
f 660 885 659
f 887 885 660
f 887 888 889
f 887 660 888
f 660 661 888
f 891 662 890
f 891 888 662
f 888 661 662
f 663 890 662
f 892 890 663
f 892 893 894
f 892 663 893
f 663 664 893
f 896 665 895
f 896 893 665
f 893 664 665
f 895 897 898
f 895 665 897
f 665 666 897
f 900 667 899
f 900 897 667
f 897 666 667
f 668 899 667
f 901 899 668
f 901 902 903
f 901 668 902
f 668 669 902
f 905 670 904
f 905 902 670
f 902 669 670
f 904 906 907
f 904 670 906
f 670 671 906
f 906 671 908
f 671 672 908
f 655 873 909
f 655 909 672
f 672 909 908
f 873 875 909
f 882 881 910
f 881 884 910
f 886 885 911
f 885 887 912
f 911 885 912
f 887 889 912
f 891 890 913
f 890 892 914
f 913 890 914
f 892 894 914
f 896 895 915
f 895 898 915
f 900 899 916
f 899 901 917
f 916 899 917
f 901 903 917
f 905 904 918
f 904 907 918
f 921 920 919
f 920 922 919
f 925 924 923
f 924 927 926
f 923 924 926
f 927 929 928
f 926 927 928
f 929 931 930
f 928 929 930
f 931 933 932
f 930 931 932
f 933 935 934
f 932 933 934
f 935 937 936
f 934 935 936
f 937 939 938
f 936 937 938
f 939 941 940
f 938 939 940
f 941 943 942
f 940 941 942
f 943 945 944
f 942 943 944
f 945 947 946
f 944 945 946
f 947 949 948
f 946 947 948
f 949 951 950
f 948 949 950
f 951 952 950
f 955 954 953
f 954 957 956
f 953 954 956
f 957 959 958
f 956 957 958
f 959 961 960
f 958 959 960
f 961 963 962
f 960 961 962
f 963 921 919
f 963 919 962
f 962 919 964
f 922 966 965
f 922 965 919
f 919 965 964
f 966 925 923
f 966 923 965
f 965 923 967
f 923 926 967
f 926 968 967
f 926 928 968
f 928 969 968
f 928 930 969
f 930 970 969
f 930 932 970
f 932 971 970
f 932 934 971
f 934 972 971
f 675 936 674
f 675 972 936
f 972 934 936
f 938 674 936
f 677 674 938
f 940 677 938
f 679 677 940
f 942 679 940
f 681 679 942
f 944 681 942
f 683 681 944
f 946 683 944
f 685 683 946
f 948 685 946
f 687 685 948
f 950 687 948
f 689 687 950
f 952 689 950
f 952 973 689
f 973 691 689
f 974 692 691
f 974 691 975
f 975 691 973
f 975 977 976
f 974 975 976
f 977 979 978
f 976 977 978
f 979 981 980
f 978 979 980
f 981 982 980
f 985 984 983
f 984 987 986
f 983 984 986
f 987 989 988
f 986 987 988
f 989 955 953
f 989 953 988
f 988 953 990
f 953 956 990
f 956 991 990
f 956 958 991
f 958 992 991
f 958 960 992
f 960 993 992
f 960 962 993
f 962 994 993
f 962 964 994
f 964 995 994
f 695 965 694
f 695 995 965
f 995 964 965
f 967 694 965
f 697 694 967
f 968 697 967
f 699 697 968
f 969 699 968
f 701 699 969
f 970 701 969
f 703 701 970
f 971 703 970
f 705 703 971
f 972 705 971
f 707 705 972
f 972 675 707
f 974 713 692
f 976 713 974
f 714 713 976
f 978 714 976
f 716 714 978
f 980 716 978
f 718 716 980
f 982 718 980
f 982 996 718
f 996 720 718
f 996 997 720
f 720 997 722
f 998 723 722
f 998 722 999
f 999 722 997
f 999 1001 1000
f 998 999 1000
f 1001 1002 1000
f 1005 1004 1003
f 1004 1007 1006
f 1003 1004 1006
f 1007 1009 1008
f 1006 1007 1008
f 1009 1011 1010
f 1008 1009 1010
f 1011 985 983
f 1011 983 1010
f 1010 983 1012
f 983 986 1012
f 986 1013 1012
f 986 988 1013
f 988 1014 1013
f 988 990 1014
f 990 1015 1014
f 990 991 1015
f 991 1016 1015
f 991 992 1016
f 992 1017 1016
f 726 993 725
f 726 1017 993
f 1017 992 993
f 994 725 993
f 728 725 994
f 995 728 994
f 730 728 995
f 995 695 730
f 998 738 723
f 1000 738 998
f 740 738 1000
f 1002 740 1000
f 1002 1018 740
f 1018 742 740
f 1019 743 742
f 1019 742 1020
f 1020 742 1018
f 1020 1022 1021
f 1019 1020 1021
f 1022 1023 1021
f 1026 1025 1024
f 1025 1005 1003
f 1025 1003 1024
f 1024 1003 1027
f 1003 1006 1027
f 1006 1028 1027
f 1006 1008 1028
f 1008 1029 1028
f 1008 1010 1029
f 1010 1030 1029
f 1010 1012 1030
f 1012 1031 1030
f 1012 1013 1031
f 1013 1032 1031
f 746 1014 745
f 746 1032 1014
f 1032 1013 1014
f 1015 745 1014
f 748 745 1015
f 1016 748 1015
f 750 748 1016
f 1017 750 1016
f 752 750 1017
f 1017 726 752
f 1019 759 743
f 1021 759 1019
f 760 759 1021
f 1023 760 1021
f 1023 1033 760
f 1033 762 760
f 762 1033 1034
f 763 762 1034
f 1036 1026 1024
f 1035 1036 1024
f 1024 1027 1035
f 1027 1037 1035
f 1027 1028 1037
f 1028 1038 1037
f 1028 1029 1038
f 1029 1039 1038
f 1029 1030 1039
f 1030 1040 1039
f 1030 1031 1040
f 1031 1041 1040
f 766 1032 765
f 766 1041 1032
f 1041 1031 1032
f 1032 746 765
f 1034 1042 763
f 1042 775 763
f 1045 1044 1043
f 1044 1047 1046
f 1043 1044 1046
f 1047 1036 1035
f 1047 1035 1046
f 1046 1035 1048
f 1035 1037 1048
f 1037 1049 1048
f 1037 1038 1049
f 1038 1050 1049
f 1038 1039 1050
f 1039 1051 1050
f 778 1040 777
f 778 1051 1040
f 1051 1039 1040
f 1041 777 1040
f 780 777 1041
f 1041 766 780
f 1042 1052 775
f 1052 788 775
f 1054 1045 1043
f 1053 1054 1043
f 1043 1046 1053
f 1046 1055 1053
f 1046 1048 1055
f 1048 1056 1055
f 1048 1049 1056
f 1049 1057 1056
f 1049 1050 1057
f 1050 1058 1057
f 1050 1051 1058
f 1051 1059 1058
f 1051 790 1059
f 778 790 1051
f 1052 1060 788
f 1060 797 788
f 1054 1053 1061
f 1063 1061 1053
f 1063 1053 1062
f 1062 1053 1055
f 1055 1056 1062
f 1056 1064 1062
f 1056 1057 1064
f 1057 1065 1064
f 1057 1058 1065
f 1058 1066 1065
f 1058 1059 1066
f 1059 1067 1066
f 798 1059 790
f 798 1068 1059
f 1068 1067 1059
f 798 800 1068
f 1060 1069 797
f 1069 806 797
f 1071 1063 1062
f 1070 1071 1062
f 1062 1064 1070
f 1064 1072 1070
f 1064 1065 1072
f 1065 1073 1072
f 1065 1066 1073
f 1066 1074 1073
f 1066 1067 1074
f 1067 1075 1074
f 1067 1068 1075
f 1068 1076 1075
f 1068 808 1076
f 800 808 1068
f 815 1077 1078
f 814 1077 815
f 1077 814 806
f 1069 1077 806
f 1080 1071 1070
f 1079 1080 1070
f 1070 1072 1079
f 1072 1081 1079
f 1072 1073 1081
f 1073 1082 1081
f 1073 1074 1082
f 1074 1083 1082
f 1074 1075 1083
f 1075 1084 1083
f 1075 1076 1084
f 1076 1085 1084
f 1076 817 1085
f 808 817 1076
f 1088 1086 1087
f 1087 1086 824
f 1087 824 1078
f 1078 824 815
f 1080 1079 1089
f 1091 1089 1079
f 1091 1079 1090
f 1090 1079 1081
f 1081 1082 1090
f 1082 1092 1090
f 1082 1083 1092
f 1083 1093 1092
f 1083 1084 1093
f 1084 1094 1093
f 1084 1085 1094
f 1085 1095 1094
f 825 1085 817
f 825 1096 1085
f 1096 1095 1085
f 825 827 1096
f 1099 1097 1098
f 1086 834 833
f 1088 834 1086
f 1088 1097 834
f 1088 1098 1097
f 1086 833 824
f 1091 1090 1100
f 1090 1092 1101
f 1100 1090 1101
f 1103 1101 1092
f 1103 1092 1102
f 1102 1092 1093
f 1093 1094 1102
f 1094 1104 1102
f 1094 1095 1104
f 1095 1105 1104
f 1095 1096 1105
f 1096 1106 1105
f 835 1096 827
f 835 1107 1096
f 1107 1106 1096
f 836 1107 835
f 1108 1107 836
f 836 838 1108
f 1097 843 842
f 1097 1099 843
f 1099 1109 843
f 1097 842 834
f 1103 1102 1110
f 1102 1104 1111
f 1110 1102 1111
f 1113 1111 1104
f 1113 1104 1112
f 1112 1104 1105
f 1105 1106 1112
f 1106 1114 1112
f 1106 1107 1114
f 1107 1115 1114
f 1107 1108 1115
f 1108 1116 1115
f 844 1108 838
f 844 1117 1108
f 1117 1116 1108
f 844 846 1117
f 852 1118 1119
f 851 1118 852
f 1118 851 843
f 1109 1118 843
f 1113 1112 1120
f 1112 1114 1121
f 1120 1112 1121
f 1123 1121 1114
f 1123 1114 1122
f 1122 1114 1115
f 1115 1116 1122
f 1116 1124 1122
f 1116 1117 1124
f 1117 1125 1124
f 853 1117 846
f 853 1126 1117
f 1126 1125 1117
f 854 1126 853
f 1127 1126 854
f 854 856 1127
f 863 1128 1129
f 862 1128 863
f 1128 862 1130
f 862 864 1130
f 1130 864 852
f 1119 1130 852
f 1123 1122 1131
f 1122 1124 1132
f 1131 1122 1132
f 1124 1125 1133
f 1132 1124 1133
f 1135 1133 1125
f 1135 1125 1134
f 1134 1125 1126
f 1126 1127 1134
f 1127 1136 1134
f 865 1127 856
f 865 1137 1127
f 1137 1136 1127
f 866 1137 865
f 1138 1137 866
f 866 868 1138
f 875 1139 1140
f 874 1139 875
f 1139 874 1141
f 874 876 1141
f 1141 876 863
f 1129 1141 863
f 1135 1134 1142
f 1134 1136 1143
f 1142 1134 1143
f 1136 1137 1144
f 1143 1136 1144
f 1137 1138 1145
f 1144 1137 1145
f 1147 877 1146
f 1145 877 1147
f 1145 868 877
f 1145 1138 868
f 878 1146 877
f 1148 1146 878
f 879 1148 878
f 1149 1148 879
f 880 1149 879
f 1150 1149 880
f 880 882 1150
f 883 1151 884
f 883 886 1151
f 888 1152 889
f 888 891 1152
f 893 1153 894
f 893 896 1153
f 897 1154 898
f 897 900 1154
f 902 1155 903
f 1155 902 905
f 1158 1156 1157
f 1160 1157 1156
f 1159 907 906
f 1159 1161 1162
f 1159 906 1161
f 906 908 1161
f 1161 908 1163
f 908 909 1163
f 1163 909 875
f 1140 1163 875
f 1147 1146 1164
f 1146 1148 1165
f 1164 1146 1165
f 1148 1149 1166
f 1165 1148 1166
f 1149 1150 1167
f 1166 1149 1167
f 1150 882 910
f 1150 910 1167
f 1167 910 1168
f 884 1151 1169
f 884 1169 910
f 910 1169 1168
f 1151 886 911
f 1151 911 1169
f 1169 911 1170
f 1170 911 1171
f 911 912 1171
f 889 1152 1172
f 889 1172 912
f 912 1172 1171
f 1152 891 913
f 1152 913 1172
f 1172 913 1173
f 1173 913 1174
f 913 914 1174
f 894 1153 1175
f 894 1175 914
f 914 1175 1174
f 1153 896 915
f 1153 915 1175
f 1175 915 1176
f 898 1154 1177
f 898 1177 915
f 915 1177 1176
f 1154 900 916
f 1154 916 1177
f 1177 916 1178
f 1178 916 1179
f 916 917 1179
f 903 1155 1180
f 903 1180 917
f 917 1180 1179
f 1156 1158 1180
f 1156 1180 918
f 1155 905 1180
f 905 918 1180
f 907 1159 1181
f 907 1181 918
f 1160 1156 1181
f 1156 918 1181
f 1159 1162 1181
f 1184 1183 1182
f 1183 1186 1185
f 1182 1183 1185
f 1186 1188 1187
f 1185 1186 1187
f 1188 1190 1189
f 1187 1188 1189
f 1190 1192 1191
f 1189 1190 1191
f 1192 1194 1193
f 1191 1192 1193
f 1194 1196 1195
f 1193 1194 1195
f 1196 1198 1197
f 1195 1196 1197
f 1198 1200 1199
f 1197 1198 1199
f 1200 1202 1201
f 1199 1200 1201
f 1202 1204 1203
f 1201 1202 1203
f 1204 1206 1205
f 1203 1204 1205
f 1206 1208 1207
f 1205 1206 1207
f 1208 1210 1209
f 1207 1208 1209
f 1210 1212 1211
f 1209 1210 1211
f 1212 1214 1213
f 1211 1212 1213
f 1214 1216 1215
f 1213 1214 1215
f 1216 1218 1217
f 1215 1216 1217
f 1218 1219 1217
f 1222 1221 1220
f 1221 1224 1223
f 1220 1221 1223
f 1224 1226 1225
f 1223 1224 1225
f 1226 1228 1227
f 1225 1226 1227
f 1228 1230 1229
f 1227 1228 1229
f 1230 1184 1182
f 1230 1182 1229
f 1229 1182 1231
f 1182 1185 1231
f 1185 1232 1231
f 1185 1187 1232
f 1187 1233 1232
f 1187 1189 1233
f 1189 1234 1233
f 921 1191 920
f 921 1234 1191
f 1234 1189 1191
f 920 1235 922
f 920 1191 1235
f 1191 1193 1235
f 925 1195 924
f 925 1235 1195
f 1235 1193 1195
f 1197 924 1195
f 927 924 1197
f 1199 927 1197
f 929 927 1199
f 1201 929 1199
f 931 929 1201
f 1203 931 1201
f 933 931 1203
f 1205 933 1203
f 935 933 1205
f 1207 935 1205
f 937 935 1207
f 1209 937 1207
f 939 937 1209
f 1211 939 1209
f 941 939 1211
f 1213 941 1211
f 943 941 1213
f 1215 943 1213
f 945 943 1215
f 1217 945 1215
f 947 945 1217
f 1219 947 1217
f 1219 1236 947
f 1236 949 947
f 1236 1237 949
f 949 1237 951
f 1238 952 951
f 1238 951 1239
f 1239 951 1237
f 1239 1241 1240
f 1238 1239 1240
f 1241 1243 1242
f 1240 1241 1242
f 1243 1245 1244
f 1242 1243 1244
f 1245 1246 1244
f 1249 1248 1247
f 1248 1251 1250
f 1247 1248 1250
f 1251 1253 1252
f 1250 1251 1252
f 1253 1222 1220
f 1253 1220 1252
f 1252 1220 1254
f 1220 1223 1254
f 1223 1255 1254
f 1223 1225 1255
f 1225 1256 1255
f 1225 1227 1256
f 1227 1257 1256
f 955 1229 954
f 955 1257 1229
f 1257 1227 1229
f 1231 954 1229
f 957 954 1231
f 1232 957 1231
f 959 957 1232
f 1233 959 1232
f 961 959 1233
f 1234 961 1233
f 963 961 1234
f 1234 921 963
f 1235 966 922
f 1235 925 966
f 1238 973 952
f 1240 973 1238
f 975 973 1240
f 1242 975 1240
f 977 975 1242
f 1244 977 1242
f 979 977 1244
f 1246 979 1244
f 1246 1258 979
f 1258 981 979
f 1259 982 981
f 1259 981 1260
f 1260 981 1258
f 1260 1262 1261
f 1259 1260 1261
f 1262 1263 1261
f 1266 1265 1264
f 1265 1268 1267
f 1264 1265 1267
f 1268 1249 1247
f 1268 1247 1267
f 1267 1247 1269
f 1247 1250 1269
f 1250 1270 1269
f 1250 1252 1270
f 1252 1271 1270
f 1252 1254 1271
f 1254 1272 1271
f 985 1255 984
f 985 1272 1255
f 1272 1254 1255
f 1256 984 1255
f 987 984 1256
f 1257 987 1256
f 989 987 1257
f 1257 955 989
f 1259 996 982
f 1261 996 1259
f 997 996 1261
f 1263 997 1261
f 1263 1273 997
f 1273 999 997
f 1273 1274 999
f 999 1274 1001
f 1275 1002 1001
f 1275 1001 1276
f 1276 1001 1274
f 1276 1277 1275
f 1280 1279 1278
f 1279 1282 1281
f 1278 1279 1281
f 1282 1284 1283
f 1281 1282 1283
f 1284 1266 1264
f 1284 1264 1283
f 1283 1264 1285
f 1264 1267 1285
f 1267 1286 1285
f 1005 1269 1004
f 1005 1286 1269
f 1286 1267 1269
f 1270 1004 1269
f 1007 1004 1270
f 1271 1007 1270
f 1009 1007 1271
f 1272 1009 1271
f 1011 1009 1272
f 1272 985 1011
f 1275 1018 1002
f 1277 1018 1275
f 1277 1287 1018
f 1287 1020 1018
f 1287 1288 1020
f 1020 1288 1022
f 1022 1288 1289
f 1023 1022 1289
f 1292 1291 1290
f 1291 1280 1278
f 1291 1278 1290
f 1290 1278 1293
f 1278 1281 1293
f 1281 1294 1293
f 1281 1283 1294
f 1283 1295 1294
f 1283 1285 1295
f 1285 1296 1295
f 1026 1286 1025
f 1026 1296 1286
f 1296 1285 1286
f 1286 1005 1025
f 1033 1298 1297
f 1033 1023 1298
f 1023 1289 1298
f 1033 1297 1034
f 1301 1300 1299
f 1300 1303 1302
f 1299 1300 1302
f 1303 1292 1290
f 1303 1290 1302
f 1302 1290 1304
f 1290 1293 1304
f 1293 1305 1304
f 1293 1294 1305
f 1294 1306 1305
f 1294 1295 1306
f 1295 1307 1306
f 1295 1296 1307
f 1296 1308 1307
f 1296 1036 1308
f 1026 1036 1296
f 1298 1309 1297
f 1297 1309 1310
f 1297 1310 1034
f 1034 1310 1042
f 1312 1301 1299
f 1311 1312 1299
f 1299 1302 1311
f 1302 1313 1311
f 1302 1304 1313
f 1304 1314 1313
f 1304 1305 1314
f 1305 1315 1314
f 1305 1306 1315
f 1306 1316 1315
f 1045 1307 1044
f 1045 1316 1307
f 1316 1306 1307
f 1308 1044 1307
f 1047 1044 1308
f 1308 1036 1047
f 1310 1317 1042
f 1317 1052 1042
f 1319 1312 1311
f 1318 1319 1311
f 1311 1313 1318
f 1313 1320 1318
f 1313 1314 1320
f 1314 1321 1320
f 1314 1315 1321
f 1315 1322 1321
f 1315 1316 1322
f 1316 1323 1322
f 1316 1054 1323
f 1045 1054 1316
f 1326 1324 1325
f 1325 1324 1060
f 1325 1060 1317
f 1317 1060 1052
f 1328 1319 1318
f 1327 1328 1318
f 1318 1320 1327
f 1320 1329 1327
f 1320 1321 1329
f 1321 1330 1329
f 1321 1322 1330
f 1322 1331 1330
f 1322 1323 1331
f 1323 1332 1331
f 1061 1323 1054
f 1061 1333 1323
f 1333 1332 1323
f 1061 1063 1333
f 1335 1324 1326
f 1334 1324 1335
f 1324 1334 1069
f 1060 1324 1069
f 1337 1328 1327
f 1336 1337 1327
f 1327 1329 1336
f 1329 1338 1336
f 1329 1330 1338
f 1330 1339 1338
f 1330 1331 1339
f 1331 1340 1339
f 1331 1332 1340
f 1332 1341 1340
f 1332 1333 1341
f 1333 1342 1341
f 1333 1071 1342
f 1063 1071 1333
f 1334 1078 1077
f 1334 1335 1078
f 1335 1343 1078
f 1334 1077 1069
f 1337 1336 1344
f 1346 1344 1336
f 1346 1336 1345
f 1345 1336 1338
f 1338 1339 1345
f 1339 1347 1345
f 1339 1340 1347
f 1340 1348 1347
f 1340 1341 1348
f 1341 1349 1348
f 1341 1342 1349
f 1342 1350 1349
f 1342 1080 1350
f 1071 1080 1342
f 1088 1351 1352
f 1087 1351 1088
f 1351 1087 1078
f 1343 1351 1078
f 1346 1345 1353
f 1345 1347 1354
f 1353 1345 1354
f 1356 1354 1347
f 1356 1347 1355
f 1355 1347 1348
f 1348 1349 1355
f 1349 1357 1355
f 1349 1350 1357
f 1350 1358 1357
f 1089 1350 1080
f 1089 1359 1350
f 1359 1358 1350
f 1089 1091 1359
f 1099 1360 1361
f 1098 1360 1099
f 1360 1098 1088
f 1352 1360 1088
f 1356 1355 1362
f 1355 1357 1363
f 1362 1355 1363
f 1365 1363 1357
f 1365 1357 1364
f 1364 1357 1358
f 1358 1359 1364
f 1359 1366 1364
f 1100 1359 1091
f 1100 1367 1359
f 1367 1366 1359
f 1101 1367 1100
f 1368 1367 1101
f 1101 1103 1368
f 1371 1369 1370
f 1370 1369 1109
f 1370 1109 1361
f 1361 1109 1099
f 1365 1364 1372
f 1364 1366 1373
f 1372 1364 1373
f 1375 1373 1366
f 1375 1366 1374
f 1374 1366 1367
f 1367 1368 1374
f 1368 1376 1374
f 1110 1368 1103
f 1110 1377 1368
f 1377 1376 1368
f 1111 1377 1110
f 1378 1377 1111
f 1111 1113 1378
f 1381 1379 1380
f 1369 1119 1118
f 1371 1119 1369
f 1371 1379 1119
f 1371 1380 1379
f 1369 1118 1109
f 1375 1374 1382
f 1374 1376 1383
f 1382 1374 1383
f 1385 1383 1376
f 1385 1376 1384
f 1384 1376 1377
f 1377 1378 1384
f 1378 1386 1384
f 1120 1378 1113
f 1120 1387 1378
f 1387 1386 1378
f 1121 1387 1120
f 1388 1387 1121
f 1121 1123 1388
f 1391 1389 1390
f 1129 1390 1389
f 1129 1128 1390
f 1128 1392 1390
f 1379 1381 1392
f 1379 1392 1130
f 1130 1392 1128
f 1379 1130 1119
f 1385 1384 1393
f 1384 1386 1394
f 1393 1384 1394
f 1386 1387 1395
f 1394 1386 1395
f 1397 1395 1387
f 1397 1387 1396
f 1396 1387 1388
f 1131 1388 1123
f 1131 1398 1388
f 1398 1396 1388
f 1132 1398 1131
f 1399 1398 1132
f 1133 1399 1132
f 1400 1399 1133
f 1133 1135 1400
f 1140 1401 1402
f 1139 1401 1140
f 1389 1391 1401
f 1389 1401 1141
f 1141 1401 1139
f 1389 1141 1129
f 1397 1396 1403
f 1396 1398 1404
f 1403 1396 1404
f 1398 1399 1405
f 1404 1398 1405
f 1407 1405 1399
f 1407 1399 1406
f 1406 1399 1400
f 1142 1400 1135
f 1142 1408 1400
f 1408 1406 1400
f 1143 1408 1142
f 1409 1408 1143
f 1144 1409 1143
f 1410 1409 1144
f 1145 1410 1144
f 1411 1410 1145
f 1145 1147 1411
f 1157 1412 1158
f 1412 1157 1160
f 1415 1413 1414
f 1162 1414 1413
f 1162 1161 1414
f 1161 1416 1414
f 1416 1161 1417
f 1161 1163 1417
f 1417 1163 1140
f 1402 1417 1140
f 1407 1406 1418
f 1406 1408 1419
f 1418 1406 1419
f 1408 1409 1420
f 1419 1408 1420
f 1409 1410 1421
f 1420 1409 1421
f 1410 1411 1422
f 1421 1410 1422
f 1411 1147 1164
f 1411 1164 1422
f 1422 1164 1423
f 1423 1164 1424
f 1164 1165 1424
f 1424 1165 1425
f 1165 1166 1425
f 1425 1166 1426
f 1166 1167 1426
f 1426 1167 1427
f 1167 1168 1427
f 1427 1168 1428
f 1168 1169 1428
f 1428 1169 1429
f 1169 1170 1429
f 1429 1170 1430
f 1170 1171 1430
f 1430 1171 1431
f 1171 1172 1431
f 1431 1172 1432
f 1172 1173 1432
f 1432 1173 1433
f 1173 1174 1433
f 1433 1174 1434
f 1174 1175 1434
f 1434 1175 1435
f 1175 1176 1435
f 1435 1176 1436
f 1176 1177 1436
f 1436 1177 1437
f 1177 1178 1437
f 1437 1178 1438
f 1178 1179 1438
f 1438 1179 1439
f 1179 1180 1439
f 1158 1412 1440
f 1158 1440 1180
f 1180 1440 1439
f 1413 1415 1440
f 1413 1440 1181
f 1412 1160 1440
f 1160 1181 1440
f 1413 1181 1162
f 1443 1442 1441
f 1442 1445 1444
f 1441 1442 1444
f 1445 1447 1446
f 1444 1445 1446
f 1447 1449 1448
f 1446 1447 1448
f 1449 1451 1450
f 1448 1449 1450
f 1451 1453 1452
f 1450 1451 1452
f 1453 1455 1454
f 1452 1453 1454
f 1455 1457 1456
f 1454 1455 1456
f 1457 1459 1458
f 1456 1457 1458
f 1459 1461 1460
f 1458 1459 1460
f 1461 1463 1462
f 1460 1461 1462
f 1463 1465 1464
f 1462 1463 1464
f 1465 1467 1466
f 1464 1465 1466
f 1467 1469 1468
f 1466 1467 1468
f 1469 1471 1470
f 1468 1469 1470
f 1471 1473 1472
f 1470 1471 1472
f 1473 1475 1474
f 1472 1473 1474
f 1475 1477 1476
f 1474 1475 1476
f 1477 1479 1478
f 1476 1477 1478
f 1479 1481 1480
f 1478 1479 1480
f 1481 1482 1480
f 1485 1484 1483
f 1484 1487 1486
f 1483 1484 1486
f 1487 1489 1488
f 1486 1487 1488
f 1489 1491 1490
f 1488 1489 1490
f 1491 1443 1441
f 1491 1441 1490
f 1490 1441 1492
f 1441 1444 1492
f 1444 1493 1492
f 1444 1446 1493
f 1446 1494 1493
f 1184 1448 1183
f 1184 1494 1448
f 1494 1446 1448
f 1450 1183 1448
f 1186 1183 1450
f 1452 1186 1450
f 1188 1186 1452
f 1454 1188 1452
f 1190 1188 1454
f 1456 1190 1454
f 1192 1190 1456
f 1458 1192 1456
f 1194 1192 1458
f 1460 1194 1458
f 1196 1194 1460
f 1462 1196 1460
f 1198 1196 1462
f 1464 1198 1462
f 1200 1198 1464
f 1466 1200 1464
f 1202 1200 1466
f 1468 1202 1466
f 1204 1202 1468
f 1470 1204 1468
f 1206 1204 1470
f 1472 1206 1470
f 1208 1206 1472
f 1474 1208 1472
f 1210 1208 1474
f 1476 1210 1474
f 1212 1210 1476
f 1478 1212 1476
f 1214 1212 1478
f 1480 1214 1478
f 1216 1214 1480
f 1482 1216 1480
f 1482 1495 1216
f 1495 1218 1216
f 1496 1219 1218
f 1496 1218 1497
f 1497 1218 1495
f 1497 1499 1498
f 1496 1497 1498
f 1499 1501 1500
f 1498 1499 1500
f 1501 1503 1502
f 1500 1501 1502
f 1503 1504 1502
f 1507 1506 1505
f 1506 1509 1508
f 1505 1506 1508
f 1509 1511 1510
f 1508 1509 1510
f 1511 1513 1512
f 1510 1511 1512
f 1513 1485 1483
f 1513 1483 1512
f 1512 1483 1514
f 1483 1486 1514
f 1486 1515 1514
f 1222 1488 1221
f 1222 1515 1488
f 1515 1486 1488
f 1490 1221 1488
f 1224 1221 1490
f 1492 1224 1490
f 1226 1224 1492
f 1493 1226 1492
f 1228 1226 1493
f 1494 1228 1493
f 1230 1228 1494
f 1494 1184 1230
f 1496 1236 1219
f 1498 1236 1496
f 1237 1236 1498
f 1500 1237 1498
f 1239 1237 1500
f 1502 1239 1500
f 1241 1239 1502
f 1504 1241 1502
f 1504 1516 1241
f 1516 1243 1241
f 1516 1517 1243
f 1243 1517 1245
f 1518 1246 1245
f 1518 1245 1519
f 1519 1245 1517
f 1519 1521 1520
f 1518 1519 1520
f 1521 1522 1520
f 1525 1524 1523
f 1524 1527 1526
f 1523 1524 1526
f 1527 1529 1528
f 1526 1527 1528
f 1529 1507 1505
f 1529 1505 1528
f 1528 1505 1530
f 1505 1508 1530
f 1508 1531 1530
f 1508 1510 1531
f 1510 1532 1531
f 1249 1512 1248
f 1249 1532 1512
f 1532 1510 1512
f 1514 1248 1512
f 1251 1248 1514
f 1515 1251 1514
f 1253 1251 1515
f 1515 1222 1253
f 1518 1258 1246
f 1520 1258 1518
f 1260 1258 1520
f 1522 1260 1520
f 1522 1533 1260
f 1533 1262 1260
f 1534 1263 1262
f 1534 1262 1535
f 1535 1262 1533
f 1535 1536 1534
f 1539 1538 1537
f 1538 1541 1540
f 1537 1538 1540
f 1541 1525 1523
f 1541 1523 1540
f 1540 1523 1542
f 1523 1526 1542
f 1526 1543 1542
f 1526 1528 1543
f 1528 1544 1543
f 1528 1530 1544
f 1530 1545 1544
f 1266 1531 1265
f 1266 1545 1531
f 1545 1530 1531
f 1532 1265 1531
f 1268 1265 1532
f 1532 1249 1268
f 1534 1273 1263
f 1536 1273 1534
f 1536 1546 1273
f 1546 1274 1273
f 1546 1547 1274
f 1274 1547 1276
f 1548 1277 1276
f 1548 1276 1549
f 1549 1276 1547
f 1549 1550 1548
f 1553 1552 1551
f 1552 1555 1554
f 1551 1552 1554
f 1555 1539 1537
f 1555 1537 1554
f 1554 1537 1556
f 1537 1540 1556
f 1540 1557 1556
f 1540 1542 1557
f 1542 1558 1557
f 1280 1543 1279
f 1280 1558 1543
f 1558 1542 1543
f 1544 1279 1543
f 1282 1279 1544
f 1545 1282 1544
f 1284 1282 1545
f 1545 1266 1284
f 1548 1287 1277
f 1550 1287 1548
f 1550 1559 1287
f 1559 1288 1287
f 1288 1559 1560
f 1289 1288 1560
f 1563 1562 1561
f 1562 1553 1551
f 1562 1551 1561
f 1561 1551 1564
f 1551 1554 1564
f 1554 1565 1564
f 1554 1556 1565
f 1556 1566 1565
f 1556 1557 1566
f 1557 1567 1566
f 1292 1558 1291
f 1292 1567 1558
f 1567 1557 1558
f 1558 1280 1291
f 1560 1568 1289
f 1568 1298 1289
f 1571 1570 1569
f 1570 1563 1561
f 1570 1561 1569
f 1569 1561 1572
f 1561 1564 1572
f 1564 1573 1572
f 1564 1565 1573
f 1565 1574 1573
f 1301 1566 1300
f 1301 1574 1566
f 1574 1565 1566
f 1567 1300 1566
f 1303 1300 1567
f 1567 1292 1303
f 1309 1576 1575
f 1309 1298 1576
f 1298 1568 1576
f 1309 1575 1310
f 1578 1571 1569
f 1577 1578 1569
f 1569 1572 1577
f 1572 1579 1577
f 1572 1573 1579
f 1573 1580 1579
f 1573 1574 1580
f 1574 1581 1580
f 1574 1312 1581
f 1301 1312 1574
f 1583 1575 1576
f 1582 1575 1583
f 1575 1582 1317
f 1310 1575 1317
f 1585 1578 1577
f 1584 1585 1577
f 1577 1579 1584
f 1579 1586 1584
f 1579 1580 1586
f 1580 1587 1586
f 1580 1581 1587
f 1581 1588 1587
f 1581 1319 1588
f 1312 1319 1581
f 1582 1326 1325
f 1582 1583 1326
f 1583 1589 1326
f 1582 1325 1317
f 1591 1585 1584
f 1590 1591 1584
f 1584 1586 1590
f 1586 1592 1590
f 1586 1587 1592
f 1587 1593 1592
f 1587 1588 1593
f 1588 1594 1593
f 1588 1328 1594
f 1319 1328 1588
f 1589 1595 1326
f 1595 1335 1326
f 1591 1590 1596
f 1598 1596 1590
f 1598 1590 1597
f 1597 1590 1592
f 1592 1593 1597
f 1593 1599 1597
f 1593 1594 1599
f 1594 1600 1599
f 1594 1337 1600
f 1328 1337 1594
f 1595 1601 1335
f 1601 1343 1335
f 1598 1597 1602
f 1604 1602 1597
f 1604 1597 1603
f 1603 1597 1599
f 1599 1600 1603
f 1600 1605 1603
f 1344 1600 1337
f 1344 1606 1600
f 1606 1605 1600
f 1344 1346 1606
f 1352 1607 1608
f 1351 1607 1352
f 1607 1351 1343
f 1601 1607 1343
f 1604 1603 1609
f 1611 1609 1603
f 1611 1603 1610
f 1610 1603 1605
f 1605 1606 1610
f 1606 1612 1610
f 1353 1606 1346
f 1353 1613 1606
f 1613 1612 1606
f 1354 1613 1353
f 1614 1613 1354
f 1354 1356 1614
f 1361 1615 1616
f 1360 1615 1361
f 1615 1360 1352
f 1608 1615 1352
f 1611 1610 1617
f 1619 1617 1610
f 1619 1610 1618
f 1618 1610 1612
f 1612 1613 1618
f 1613 1620 1618
f 1613 1614 1620
f 1614 1621 1620
f 1362 1614 1356
f 1362 1622 1614
f 1622 1621 1614
f 1363 1622 1362
f 1623 1622 1363
f 1363 1365 1623
f 1370 1624 1371
f 1624 1370 1361
f 1624 1361 1625
f 1625 1361 1616
f 1619 1618 1626
f 1618 1620 1627
f 1626 1618 1627
f 1620 1621 1628
f 1627 1620 1628
f 1630 1628 1621
f 1630 1621 1629
f 1629 1621 1622
f 1622 1623 1629
f 1623 1631 1629
f 1372 1623 1365
f 1372 1632 1623
f 1632 1631 1623
f 1373 1632 1372
f 1633 1632 1373
f 1373 1375 1633
f 1380 1634 1381
f 1634 1635 1636
f 1380 1635 1634
f 1380 1624 1635
f 1380 1371 1624
f 1624 1625 1635
f 1630 1629 1637
f 1629 1631 1638
f 1637 1629 1638
f 1640 1638 1631
f 1640 1631 1639
f 1639 1631 1632
f 1632 1633 1639
f 1633 1641 1639
f 1382 1633 1375
f 1382 1642 1633
f 1642 1641 1633
f 1383 1642 1382
f 1643 1642 1383
f 1383 1385 1643
f 1390 1644 1391
f 1644 1645 1646
f 1644 1390 1645
f 1390 1392 1645
f 1381 1634 1647
f 1381 1647 1392
f 1392 1647 1645
f 1634 1636 1647
f 1640 1639 1648
f 1639 1641 1649
f 1648 1639 1649
f 1641 1642 1650
f 1649 1641 1650
f 1652 1650 1642
f 1652 1642 1651
f 1651 1642 1643
f 1393 1643 1385
f 1393 1653 1643
f 1653 1651 1643
f 1394 1653 1393
f 1654 1653 1394
f 1395 1654 1394
f 1655 1654 1395
f 1395 1397 1655
f 1402 1656 1657
f 1401 1656 1402
f 1391 1644 1658
f 1391 1658 1401
f 1401 1658 1656
f 1644 1646 1658
f 1652 1651 1659
f 1651 1653 1660
f 1659 1651 1660
f 1662 1660 1653
f 1662 1653 1661
f 1661 1653 1654
f 1654 1655 1661
f 1655 1663 1661
f 1403 1655 1397
f 1403 1664 1655
f 1664 1663 1655
f 1404 1664 1403
f 1665 1664 1404
f 1405 1665 1404
f 1666 1665 1405
f 1405 1407 1666
f 1414 1667 1415
f 1667 1668 1669
f 1667 1414 1668
f 1414 1416 1668
f 1668 1416 1670
f 1416 1417 1670
f 1670 1417 1402
f 1657 1670 1402
f 1662 1661 1671
f 1661 1663 1672
f 1671 1661 1672
f 1663 1664 1673
f 1672 1663 1673
f 1664 1665 1674
f 1673 1664 1674
f 1665 1666 1675
f 1674 1665 1675
f 1666 1407 1418
f 1666 1418 1675
f 1675 1418 1676
f 1676 1418 1677
f 1418 1419 1677
f 1677 1419 1678
f 1419 1420 1678
f 1678 1420 1679
f 1420 1421 1679
f 1681 1422 1680
f 1681 1679 1422
f 1679 1421 1422
f 1680 1682 1683
f 1680 1422 1682
f 1422 1423 1682
f 1685 1424 1684
f 1685 1682 1424
f 1682 1423 1424
f 1425 1684 1424
f 1686 1684 1425
f 1686 1687 1688
f 1686 1425 1687
f 1425 1426 1687
f 1690 1427 1689
f 1690 1687 1427
f 1687 1426 1427
f 1428 1689 1427
f 1691 1689 1428
f 1429 1691 1428
f 1692 1691 1429
f 1430 1692 1429
f 1693 1692 1430
f 1431 1693 1430
f 1694 1693 1431
f 1432 1694 1431
f 1695 1694 1432
f 1433 1695 1432
f 1696 1695 1433
f 1434 1696 1433
f 1697 1696 1434
f 1435 1697 1434
f 1698 1697 1435
f 1436 1698 1435
f 1699 1698 1436
f 1699 1700 1701
f 1699 1436 1700
f 1436 1437 1700
f 1700 1437 1702
f 1437 1438 1702
f 1702 1438 1703
f 1438 1439 1703
f 1703 1439 1704
f 1439 1440 1704
f 1415 1667 1705
f 1415 1705 1440
f 1440 1705 1704
f 1667 1669 1705
f 1681 1680 1706
f 1680 1683 1706
f 1685 1684 1707
f 1684 1686 1708
f 1707 1684 1708
f 1686 1688 1708
f 1690 1689 1709
f 1689 1691 1710
f 1709 1689 1710
f 1691 1692 1711
f 1710 1691 1711
f 1692 1693 1712
f 1711 1692 1712
f 1693 1694 1713
f 1712 1693 1713
f 1694 1695 1714
f 1713 1694 1714
f 1695 1696 1715
f 1714 1695 1715
f 1696 1697 1716
f 1715 1696 1716
f 1697 1698 1717
f 1716 1697 1717
f 1698 1699 1718
f 1717 1698 1718
f 1699 1701 1718
f 1721 1720 1719
f 1720 1723 1722
f 1719 1720 1722
f 1723 1725 1724
f 1722 1723 1724
f 1725 1727 1726
f 1724 1725 1726
f 1727 1729 1728
f 1726 1727 1728
f 1729 1731 1730
f 1728 1729 1730
f 1731 1733 1732
f 1730 1731 1732
f 1733 1735 1734
f 1732 1733 1734
f 1735 1737 1736
f 1734 1735 1736
f 1737 1739 1738
f 1736 1737 1738
f 1739 1741 1740
f 1738 1739 1740
f 1741 1743 1742
f 1740 1741 1742
f 1743 1745 1744
f 1742 1743 1744
f 1745 1747 1746
f 1744 1745 1746
f 1747 1749 1748
f 1746 1747 1748
f 1749 1751 1750
f 1748 1749 1750
f 1751 1753 1752
f 1750 1751 1752
f 1753 1755 1754
f 1752 1753 1754
f 1755 1757 1756
f 1754 1755 1756
f 1757 1759 1758
f 1756 1757 1758
f 1759 1760 1758
f 1763 1762 1761
f 1762 1765 1764
f 1761 1762 1764
f 1765 1767 1766
f 1764 1765 1766
f 1767 1769 1768
f 1766 1767 1768
f 1769 1721 1719
f 1769 1719 1768
f 1768 1719 1770
f 1719 1722 1770
f 1722 1771 1770
f 1443 1724 1442
f 1443 1771 1724
f 1771 1722 1724
f 1726 1442 1724
f 1445 1442 1726
f 1728 1445 1726
f 1447 1445 1728
f 1730 1447 1728
f 1449 1447 1730
f 1732 1449 1730
f 1451 1449 1732
f 1734 1451 1732
f 1453 1451 1734
f 1736 1453 1734
f 1455 1453 1736
f 1738 1455 1736
f 1457 1455 1738
f 1740 1457 1738
f 1459 1457 1740
f 1742 1459 1740
f 1461 1459 1742
f 1744 1461 1742
f 1463 1461 1744
f 1746 1463 1744
f 1465 1463 1746
f 1748 1465 1746
f 1467 1465 1748
f 1750 1467 1748
f 1469 1467 1750
f 1752 1469 1750
f 1471 1469 1752
f 1754 1471 1752
f 1473 1471 1754
f 1756 1473 1754
f 1475 1473 1756
f 1758 1475 1756
f 1477 1475 1758
f 1760 1477 1758
f 1760 1772 1477
f 1772 1479 1477
f 1772 1773 1479
f 1479 1773 1481
f 1774 1482 1481
f 1774 1481 1775
f 1775 1481 1773
f 1775 1777 1776
f 1774 1775 1776
f 1777 1779 1778
f 1776 1777 1778
f 1779 1781 1780
f 1778 1779 1780
f 1781 1782 1780
f 1785 1784 1783
f 1784 1787 1786
f 1783 1784 1786
f 1787 1789 1788
f 1786 1787 1788
f 1789 1791 1790
f 1788 1789 1790
f 1791 1793 1792
f 1790 1791 1792
f 1793 1763 1761
f 1793 1761 1792
f 1792 1761 1794
f 1761 1764 1794
f 1764 1795 1794
f 1485 1766 1484
f 1485 1795 1766
f 1795 1764 1766
f 1768 1484 1766
f 1487 1484 1768
f 1770 1487 1768
f 1489 1487 1770
f 1771 1489 1770
f 1491 1489 1771
f 1771 1443 1491
f 1774 1495 1482
f 1776 1495 1774
f 1497 1495 1776
f 1778 1497 1776
f 1499 1497 1778
f 1780 1499 1778
f 1501 1499 1780
f 1782 1501 1780
f 1782 1796 1501
f 1796 1503 1501
f 1797 1504 1503
f 1797 1503 1798
f 1798 1503 1796
f 1798 1800 1799
f 1797 1798 1799
f 1800 1801 1799
f 1804 1803 1802
f 1803 1806 1805
f 1802 1803 1805
f 1806 1785 1783
f 1806 1783 1805
f 1805 1783 1807
f 1783 1786 1807
f 1786 1808 1807
f 1786 1788 1808
f 1788 1809 1808
f 1507 1790 1506
f 1507 1809 1790
f 1809 1788 1790
f 1792 1506 1790
f 1509 1506 1792
f 1794 1509 1792
f 1511 1509 1794
f 1795 1511 1794
f 1513 1511 1795
f 1795 1485 1513
f 1797 1516 1504
f 1799 1516 1797
f 1517 1516 1799
f 1801 1517 1799
f 1801 1810 1517
f 1810 1519 1517
f 1810 1811 1519
f 1519 1811 1521
f 1812 1522 1521
f 1812 1521 1813
f 1813 1521 1811
f 1813 1814 1812
f 1817 1816 1815
f 1816 1819 1818
f 1815 1816 1818
f 1819 1804 1802
f 1819 1802 1818
f 1818 1802 1820
f 1802 1805 1820
f 1805 1821 1820
f 1525 1807 1524
f 1525 1821 1807
f 1821 1805 1807
f 1808 1524 1807
f 1527 1524 1808
f 1809 1527 1808
f 1529 1527 1809
f 1809 1507 1529
f 1812 1533 1522
f 1814 1533 1812
f 1814 1822 1533
f 1822 1535 1533
f 1823 1536 1535
f 1823 1535 1824
f 1824 1535 1822
f 1824 1825 1823
f 1828 1827 1826
f 1827 1830 1829
f 1826 1827 1829
f 1830 1817 1815
f 1830 1815 1829
f 1829 1815 1831
f 1815 1818 1831
f 1818 1832 1831
f 1539 1820 1538
f 1539 1832 1820
f 1832 1818 1820
f 1821 1538 1820
f 1541 1538 1821
f 1821 1525 1541
f 1823 1546 1536
f 1825 1546 1823
f 1825 1833 1546
f 1833 1547 1546
f 1833 1834 1547
f 1547 1834 1549
f 1549 1834 1835
f 1550 1549 1835
f 1838 1837 1836
f 1837 1828 1826
f 1837 1826 1836
f 1836 1826 1839
f 1826 1829 1839
f 1829 1840 1839
f 1553 1831 1552
f 1553 1840 1831
f 1840 1829 1831
f 1832 1552 1831
f 1555 1552 1832
f 1832 1539 1555
f 1835 1559 1550
f 1841 1559 1835
f 1559 1841 1842
f 1560 1559 1842
f 1844 1838 1836
f 1843 1844 1836
f 1836 1839 1843
f 1839 1845 1843
f 1563 1840 1562
f 1563 1845 1840
f 1845 1839 1840
f 1840 1553 1562
f 1842 1846 1560
f 1846 1568 1560
f 1849 1848 1847
f 1848 1844 1843
f 1848 1843 1847
f 1847 1843 1850
f 1571 1845 1570
f 1571 1850 1845
f 1850 1843 1845
f 1845 1563 1570
f 1846 1851 1568
f 1851 1576 1568
f 1853 1849 1847
f 1852 1853 1847
f 1847 1850 1852
f 1850 1854 1852
f 1850 1578 1854
f 1571 1578 1850
f 1851 1855 1576
f 1855 1583 1576
f 1858 1857 1856
f 1857 1853 1852
f 1857 1852 1856
f 1856 1852 1859
f 1852 1854 1859
f 1854 1860 1859
f 1854 1585 1860
f 1578 1585 1854
f 1855 1861 1583
f 1861 1589 1583
f 1858 1856 1862
f 1864 1862 1856
f 1864 1856 1863
f 1863 1856 1859
f 1859 1860 1863
f 1860 1865 1863
f 1860 1591 1865
f 1585 1591 1860
f 1861 1866 1589
f 1866 1595 1589
f 1868 1864 1863
f 1867 1868 1863
f 1863 1865 1867
f 1865 1869 1867
f 1596 1865 1591
f 1596 1870 1865
f 1870 1869 1865
f 1596 1598 1870
f 1873 1871 1872
f 1872 1871 1601
f 1872 1601 1866
f 1866 1601 1595
f 1868 1867 1874
f 1876 1874 1867
f 1876 1867 1875
f 1875 1867 1869
f 1869 1870 1875
f 1870 1877 1875
f 1602 1870 1598
f 1602 1878 1870
f 1878 1877 1870
f 1602 1604 1878
f 1881 1879 1880
f 1871 1608 1607
f 1873 1608 1871
f 1873 1879 1608
f 1873 1880 1879
f 1871 1607 1601
f 1876 1875 1882
f 1884 1882 1875
f 1884 1875 1883
f 1883 1875 1877
f 1877 1878 1883
f 1878 1885 1883
f 1609 1878 1604
f 1609 1886 1878
f 1886 1885 1878
f 1609 1611 1886
f 1879 1616 1615
f 1879 1881 1616
f 1881 1887 1616
f 1879 1615 1608
f 1884 1883 1888
f 1890 1888 1883
f 1890 1883 1889
f 1889 1883 1885
f 1885 1886 1889
f 1886 1891 1889
f 1617 1886 1611
f 1617 1892 1886
f 1892 1891 1886
f 1617 1619 1892
f 1895 1893 1894
f 1894 1893 1625
f 1894 1625 1887
f 1887 1625 1616
f 1890 1889 1896
f 1889 1891 1897
f 1896 1889 1897
f 1899 1897 1891
f 1899 1891 1898
f 1898 1891 1892
f 1626 1892 1619
f 1626 1900 1892
f 1900 1898 1892
f 1627 1900 1626
f 1901 1900 1627
f 1628 1901 1627
f 1902 1901 1628
f 1628 1630 1902
f 1905 1903 1904
f 1893 1636 1635
f 1895 1636 1893
f 1895 1903 1636
f 1895 1904 1903
f 1893 1635 1625
f 1899 1898 1906
f 1908 1906 1898
f 1908 1898 1907
f 1907 1898 1900
f 1900 1901 1907
f 1901 1909 1907
f 1901 1902 1909
f 1902 1910 1909
f 1637 1902 1630
f 1637 1911 1902
f 1911 1910 1902
f 1638 1911 1637
f 1912 1911 1638
f 1638 1640 1912
f 1646 1913 1914
f 1645 1913 1646
f 1903 1905 1913
f 1903 1913 1647
f 1647 1913 1645
f 1903 1647 1636
f 1908 1907 1915
f 1907 1909 1916
f 1915 1907 1916
f 1909 1910 1917
f 1916 1909 1917
f 1910 1911 1918
f 1917 1910 1918
f 1920 1918 1911
f 1920 1911 1919
f 1919 1911 1912
f 1648 1912 1640
f 1648 1921 1912
f 1921 1919 1912
f 1649 1921 1648
f 1922 1921 1649
f 1650 1922 1649
f 1923 1922 1650
f 1650 1652 1923
f 1656 1924 1657
f 1924 1925 1926
f 1924 1656 1925
f 1656 1658 1925
f 1925 1658 1646
f 1914 1925 1646
f 1920 1919 1927
f 1919 1921 1928
f 1927 1919 1928
f 1921 1922 1929
f 1928 1921 1929
f 1931 1929 1922
f 1931 1922 1930
f 1930 1922 1923
f 1659 1923 1652
f 1659 1932 1923
f 1932 1930 1923
f 1660 1932 1659
f 1933 1932 1660
f 1660 1662 1933
f 1669 1934 1935
f 1668 1934 1669
f 1934 1668 1936
f 1668 1670 1936
f 1657 1924 1937
f 1657 1937 1670
f 1670 1937 1936
f 1924 1926 1937
f 1931 1930 1938
f 1930 1932 1939
f 1938 1930 1939
f 1932 1933 1940
f 1939 1932 1940
f 1933 1662 1671
f 1933 1671 1940
f 1940 1671 1941
f 1941 1671 1942
f 1671 1672 1942
f 1942 1672 1943
f 1672 1673 1943
f 1943 1673 1944
f 1673 1674 1944
f 1944 1674 1945
f 1674 1675 1945
f 1947 1676 1946
f 1947 1945 1676
f 1945 1675 1676
f 1677 1946 1676
f 1948 1946 1677
f 1678 1948 1677
f 1949 1948 1678
f 1679 1949 1678
f 1950 1949 1679
f 1679 1681 1950
f 1682 1951 1683
f 1682 1685 1951
f 1687 1952 1688
f 1687 1690 1952
f 1701 1953 1954
f 1700 1953 1701
f 1953 1700 1955
f 1700 1702 1955
f 1955 1702 1956
f 1702 1703 1956
f 1956 1703 1957
f 1703 1704 1957
f 1957 1704 1958
f 1704 1705 1958
f 1958 1705 1669
f 1935 1958 1669
f 1947 1946 1959
f 1946 1948 1960
f 1959 1946 1960
f 1948 1949 1961
f 1960 1948 1961
f 1949 1950 1962
f 1961 1949 1962
f 1950 1681 1706
f 1950 1706 1962
f 1962 1706 1963
f 1683 1951 1964
f 1683 1964 1706
f 1706 1964 1963
f 1951 1685 1707
f 1951 1707 1964
f 1964 1707 1965
f 1965 1707 1966
f 1707 1708 1966
f 1688 1952 1967
f 1688 1967 1708
f 1708 1967 1966
f 1952 1690 1709
f 1952 1709 1967
f 1967 1709 1968
f 1968 1709 1969
f 1709 1710 1969
f 1969 1710 1970
f 1710 1711 1970
f 1970 1711 1971
f 1711 1712 1971
f 1971 1712 1972
f 1712 1713 1972
f 1972 1713 1973
f 1713 1714 1973
f 1973 1714 1974
f 1714 1715 1974
f 1974 1715 1975
f 1715 1716 1975
f 1975 1716 1976
f 1716 1717 1976
f 1976 1717 1977
f 1717 1718 1977
f 1977 1718 1701
f 1954 1977 1701
f 1980 1979 1978
f 1979 1982 1981
f 1978 1979 1981
f 1982 1984 1983
f 1981 1982 1983
f 1984 1986 1985
f 1983 1984 1985
f 1986 1988 1987
f 1985 1986 1987
f 1988 1990 1989
f 1987 1988 1989
f 1990 1992 1991
f 1989 1990 1991
f 1992 1994 1993
f 1991 1992 1993
f 1994 1996 1995
f 1993 1994 1995
f 1996 1998 1997
f 1995 1996 1997
f 1998 2000 1999
f 1997 1998 1999
f 2000 2002 2001
f 1999 2000 2001
f 2002 2004 2003
f 2001 2002 2003
f 2004 2006 2005
f 2003 2004 2005
f 2006 2008 2007
f 2005 2006 2007
f 2008 2010 2009
f 2007 2008 2009
f 2010 2012 2011
f 2009 2010 2011
f 2012 2014 2013
f 2011 2012 2013
f 2014 2015 2013
f 2018 2017 2016
f 2017 2020 2019
f 2016 2017 2019
f 2020 2022 2021
f 2019 2020 2021
f 2022 2024 2023
f 2021 2022 2023
f 1721 2023 2024
f 1721 2024 1720
f 1720 2024 2025
f 1978 2025 1980
f 1978 1723 2025
f 1723 1720 2025
f 1981 1723 1978
f 1725 1723 1981
f 1983 1725 1981
f 1727 1725 1983
f 1985 1727 1983
f 1729 1727 1985
f 1987 1729 1985
f 1731 1729 1987
f 1989 1731 1987
f 1733 1731 1989
f 1991 1733 1989
f 1735 1733 1991
f 1993 1735 1991
f 1737 1735 1993
f 1995 1737 1993
f 1739 1737 1995
f 1997 1739 1995
f 1741 1739 1997
f 1999 1741 1997
f 1743 1741 1999
f 2001 1743 1999
f 1745 1743 2001
f 2003 1745 2001
f 1747 1745 2003
f 2005 1747 2003
f 1749 1747 2005
f 2007 1749 2005
f 1751 1749 2007
f 2009 1751 2007
f 1753 1751 2009
f 2011 1753 2009
f 1755 1753 2011
f 2013 1755 2011
f 1757 1755 2013
f 2015 1757 2013
f 2015 2026 1757
f 2026 1759 1757
f 2027 1760 1759
f 2027 1759 2028
f 2028 1759 2026
f 2028 2030 2029
f 2027 2028 2029
f 2030 2032 2031
f 2029 2030 2031
f 2032 2034 2033
f 2031 2032 2033
f 2034 2035 2033
f 2038 2037 2036
f 2037 2040 2039
f 2036 2037 2039
f 2040 2042 2041
f 2039 2040 2041
f 2042 2044 2043
f 2041 2042 2043
f 2044 2046 2045
f 2043 2044 2045
f 2046 2048 2047
f 2045 2046 2047
f 2016 1762 1763
f 2018 2016 1763
f 2018 1763 2047
f 2018 2047 2048
f 2019 1762 2016
f 1765 1762 2019
f 2021 1765 2019
f 1767 1765 2021
f 2023 1767 2021
f 1769 1767 2023
f 2023 1721 1769
f 2027 1772 1760
f 2029 1772 2027
f 1773 1772 2029
f 2031 1773 2029
f 1775 1773 2031
f 2033 1775 2031
f 1777 1775 2033
f 2035 1777 2033
f 2035 2049 1777
f 2049 1779 1777
f 2049 2050 1779
f 1779 2050 1781
f 2051 1782 1781
f 2051 1781 2052
f 2052 1781 2050
f 2052 2054 2053
f 2051 2052 2053
f 2054 2055 2053
f 2058 2057 2056
f 2057 2060 2059
f 2056 2057 2059
f 2060 2062 2061
f 2059 2060 2061
f 2062 2038 2036
f 2062 2036 2061
f 2061 2036 2063
f 1785 2039 1784
f 1785 2063 2039
f 2063 2036 2039
f 2041 1784 2039
f 1787 1784 2041
f 2043 1787 2041
f 1789 1787 2043
f 2045 1789 2043
f 1791 1789 2045
f 2047 1791 2045
f 1793 1791 2047
f 2047 1763 1793
f 2051 1796 1782
f 2053 1796 2051
f 1798 1796 2053
f 2055 1798 2053
f 2055 2064 1798
f 2064 1800 1798
f 2065 1801 1800
f 2065 1800 2066
f 2066 1800 2064
f 2066 2067 2065
f 2070 2069 2068
f 2069 2072 2071
f 2068 2069 2071
f 2072 2058 2056
f 2072 2056 2071
f 2071 2056 2073
f 2056 2059 2073
f 2059 2074 2073
f 1804 2061 1803
f 1804 2074 2061
f 2074 2059 2061
f 2063 1803 2061
f 1806 1803 2063
f 2063 1785 1806
f 2065 1810 1801
f 2067 1810 2065
f 2067 2075 1810
f 2075 1811 1810
f 2075 2076 1811
f 1811 2076 1813
f 2077 1814 1813
f 2077 1813 2078
f 2078 1813 2076
f 2078 2079 2077
f 2082 2081 2080
f 2081 2070 2068
f 2081 2068 2080
f 2080 2068 2083
f 2068 2071 2083
f 2071 2084 2083
f 1817 2073 1816
f 1817 2084 2073
f 2084 2071 2073
f 2074 1816 2073
f 1819 1816 2074
f 2074 1804 1819
f 2077 1822 1814
f 2079 1822 2077
f 2079 2085 1822
f 2085 1824 1822
f 1824 2085 2086
f 1825 1824 2086
f 2089 2088 2087
f 2088 2082 2080
f 2088 2080 2087
f 2087 2080 2090
f 1828 2083 1827
f 1828 2090 2083
f 2090 2080 2083
f 2084 1827 2083
f 1830 1827 2084
f 2084 1817 1830
f 2086 1833 1825
f 2091 1833 2086
f 2091 2092 1833
f 1833 2092 1834
f 1834 2092 2093
f 1835 1834 2093
f 2096 2095 2094
f 2095 2089 2087
f 2095 2087 2094
f 2094 2087 2097
f 1838 2090 1837
f 1838 2097 2090
f 2097 2087 2090
f 2090 1828 1837
f 1841 2099 2098
f 1841 1835 2099
f 1835 2093 2099
f 1841 2098 1842
f 2102 2101 2100
f 2101 2096 2094
f 2101 2094 2100
f 2100 2094 2103
f 2094 2097 2103
f 2097 2104 2103
f 2097 1844 2104
f 1838 1844 2097
f 2106 2098 2099
f 2105 2098 2106
f 2098 2105 1846
f 1842 2098 1846
f 2108 2102 2100
f 2107 2108 2100
f 2100 2103 2107
f 2103 2109 2107
f 1849 2104 1848
f 1849 2109 2104
f 2109 2103 2104
f 2104 1844 1848
f 2106 2110 2105
f 2105 2110 2111
f 2105 2111 1846
f 1846 2111 1851
f 2113 2108 2107
f 2112 2113 2107
f 2107 2109 2112
f 2109 2114 2112
f 2109 1853 2114
f 1849 1853 2109
f 2111 2115 1851
f 2115 1855 1851
f 2117 2113 2112
f 2116 2117 2112
f 1858 2114 1857
f 1858 2116 2114
f 2116 2112 2114
f 2114 1853 1857
f 2120 2118 2119
f 2119 2118 1861
f 2119 1861 2115
f 2115 1861 1855
f 2122 2117 2116
f 2121 2122 2116
f 1862 2116 1858
f 1862 2123 2116
f 2123 2121 2116
f 1862 1864 2123
f 2125 2118 2120
f 2124 2118 2125
f 2118 2124 1866
f 1861 2118 1866
f 2127 2122 2121
f 2126 2127 2121
f 2121 2123 2126
f 2123 2128 2126
f 2123 1868 2128
f 1864 1868 2123
f 2124 1873 1872
f 2124 2125 1873
f 2125 2129 1873
f 2124 1872 1866
f 2127 2126 2130
f 2132 2130 2126
f 2132 2126 2131
f 2131 2126 2128
f 1874 2128 1868
f 1874 2133 2128
f 2133 2131 2128
f 1874 1876 2133
f 1881 2134 2135
f 1880 2134 1881
f 2134 1880 1873
f 2129 2134 1873
f 2132 2131 2136
f 2138 2136 2131
f 2138 2131 2137
f 2137 2131 2133
f 1882 2133 1876
f 1882 2139 2133
f 2139 2137 2133
f 1882 1884 2139
f 2135 2140 1881
f 2140 1887 1881
f 2138 2137 2141
f 2143 2141 2137
f 2143 2137 2142
f 2142 2137 2139
f 1888 2139 1884
f 1888 2144 2139
f 2144 2142 2139
f 1888 1890 2144
f 1895 2145 2146
f 1894 2145 1895
f 2145 1894 1887
f 2140 2145 1887
f 2143 2142 2147
f 2149 2147 2142
f 2149 2142 2148
f 2148 2142 2144
f 1896 2144 1890
f 1896 2150 2144
f 2150 2148 2144
f 1897 2150 1896
f 2151 2150 1897
f 1897 1899 2151
f 1905 2152 2153
f 1904 2152 1905
f 2152 1904 1895
f 2146 2152 1895
f 2149 2148 2154
f 2148 2150 2155
f 2154 2148 2155
f 2157 2155 2150
f 2157 2150 2156
f 2156 2150 2151
f 1906 2151 1899
f 1906 2158 2151
f 2158 2156 2151
f 1906 1908 2158
f 1914 2159 2160
f 1913 2159 1914
f 2159 1913 1905
f 2153 2159 1905
f 2157 2156 2161
f 2156 2158 2162
f 2161 2156 2162
f 2164 1915 2163
f 2162 1915 2164
f 2162 1908 1915
f 2162 2158 1908
f 1916 2163 1915
f 2165 2163 1916
f 1917 2165 1916
f 2166 2165 1917
f 1918 2166 1917
f 2167 2166 1918
f 1918 1920 2167
f 2170 2168 2169
f 1926 2169 2168
f 1926 1925 2169
f 1925 2171 2169
f 2171 1925 1914
f 2160 2171 1914
f 2164 2163 2172
f 2163 2165 2173
f 2172 2163 2173
f 2165 2166 2174
f 2173 2165 2174
f 2166 2167 2175
f 2174 2166 2175
f 2177 1927 2176
f 2175 1927 2177
f 2175 1920 1927
f 2175 2167 1920
f 1928 2176 1927
f 2178 2176 1928
f 1929 2178 1928
f 2179 2178 1929
f 1929 1931 2179
f 1935 2180 2181
f 1934 2180 1935
f 2180 1934 2182
f 1934 1936 2182
f 2168 2170 2182
f 2168 2182 1937
f 1937 2182 1936
f 2168 1937 1926
f 2177 2176 2183
f 2176 2178 2184
f 2183 2176 2184
f 2178 2179 2185
f 2184 2178 2185
f 2179 1931 1938
f 2179 1938 2185
f 2185 1938 2186
f 2186 1938 2187
f 1938 1939 2187
f 2189 1940 2188
f 2189 2187 1940
f 2187 1939 1940
f 1941 2188 1940
f 2190 2188 1941
f 1942 2190 1941
f 2191 2190 1942
f 1943 2191 1942
f 2192 2191 1943
f 1944 2192 1943
f 2193 2192 1944
f 1945 2193 1944
f 2194 2193 1945
f 1945 1947 2194
f 1953 2195 1954
f 2195 2196 2197
f 2195 1953 2196
f 1953 1955 2196
f 2196 1955 2198
f 1955 1956 2198
f 2198 1956 2199
f 1956 1957 2199
f 2199 1957 2200
f 1957 1958 2200
f 2200 1958 1935
f 2181 2200 1935
f 2189 2188 2201
f 2188 2190 2202
f 2201 2188 2202
f 2190 2191 2203
f 2202 2190 2203
f 2191 2192 2204
f 2203 2191 2204
f 2192 2193 2205
f 2204 2192 2205
f 2193 2194 2206
f 2205 2193 2206
f 2194 1947 1959
f 2194 1959 2206
f 2206 1959 2207
f 2207 1959 2208
f 1959 1960 2208
f 2208 1960 2209
f 1960 1961 2209
f 2209 1961 2210
f 1961 1962 2210
f 2210 1962 2211
f 1962 1963 2211
f 2211 1963 2212
f 1963 1964 2212
f 2212 1964 2213
f 1964 1965 2213
f 2213 1965 2214
f 1965 1966 2214
f 2214 1966 2215
f 1966 1967 2215
f 2215 1967 2216
f 1967 1968 2216
f 2216 1968 2217
f 1968 1969 2217
f 2217 1969 2218
f 1969 1970 2218
f 2218 1970 2219
f 1970 1971 2219
f 2219 1971 2220
f 1971 1972 2220
f 2220 1972 2221
f 1972 1973 2221
f 2221 1973 2222
f 1973 1974 2222
f 2222 1974 2223
f 1974 1975 2223
f 2223 1975 2224
f 1975 1976 2224
f 2224 1976 2225
f 1976 1977 2225
f 1954 2195 2226
f 1954 2226 1977
f 1977 2226 2225
f 2195 2197 2226
f 2229 2228 2227
f 2228 2230 2227
f 2233 2232 2231
f 2232 2235 2234
f 2231 2232 2234
f 2235 2236 2234
f 2239 2238 2237
f 2238 2241 2240
f 2237 2238 2240
f 2241 2243 2242
f 2240 2241 2242
f 2243 2245 2244
f 2242 2243 2244
f 2245 2246 2244
f 2249 2248 2247
f 2248 2251 2250
f 2247 2248 2250
f 2251 2253 2252
f 2250 2251 2252
f 2253 2255 2254
f 2252 2253 2254
f 2255 2257 2256
f 2254 2255 2256
f 1980 2256 2257
f 1980 2257 1979
f 1979 2257 2258
f 2258 2259 1979
f 1979 2259 1982
f 2259 2260 1982
f 1982 2260 1984
f 2227 2260 2229
f 2227 1986 2260
f 1986 1984 2260
f 2230 1986 2227
f 2230 2261 1986
f 2261 1988 1986
f 2231 2261 2233
f 2231 1990 2261
f 1990 1988 2261
f 2234 1990 2231
f 1992 1990 2234
f 2236 1992 2234
f 2236 2262 1992
f 2262 1994 1992
f 2237 2262 2239
f 2237 1996 2262
f 1996 1994 2262
f 2240 1996 2237
f 1998 1996 2240
f 2242 1998 2240
f 2000 1998 2242
f 2244 2000 2242
f 2002 2000 2244
f 2246 2002 2244
f 2246 2263 2002
f 2263 2004 2002
f 2263 2264 2004
f 2004 2264 2006
f 2264 2265 2006
f 2006 2265 2008
f 2265 2266 2008
f 2008 2266 2010
f 2266 2267 2010
f 2010 2267 2012
f 2267 2268 2012
f 2012 2268 2014
f 2269 2015 2014
f 2269 2014 2270
f 2270 2014 2268
f 2270 2272 2271
f 2269 2270 2271
f 2272 2274 2273
f 2271 2272 2273
f 2274 2276 2275
f 2273 2274 2275
f 2276 2277 2275
f 2280 2279 2278
f 2279 2282 2281
f 2278 2279 2281
f 2282 2284 2283
f 2281 2282 2283
f 2284 2286 2285
f 2283 2284 2285
f 2286 2288 2287
f 2285 2286 2287
f 2247 2017 2018
f 2249 2247 2018
f 2249 2018 2287
f 2249 2287 2288
f 2250 2017 2247
f 2020 2017 2250
f 2252 2020 2250
f 2022 2020 2252
f 2254 2022 2252
f 2024 2022 2254
f 2256 2024 2254
f 2025 2024 2256
f 2256 1980 2025
f 2269 2026 2015
f 2271 2026 2269
f 2028 2026 2271
f 2273 2028 2271
f 2030 2028 2273
f 2275 2030 2273
f 2032 2030 2275
f 2277 2032 2275
f 2277 2289 2032
f 2289 2034 2032
f 2290 2035 2034
f 2290 2034 2291
f 2291 2034 2289
f 2291 2292 2290
f 2295 2294 2293
f 2294 2297 2296
f 2293 2294 2296
f 2297 2299 2298
f 2296 2297 2298
f 2038 2298 2299
f 2038 2299 2037
f 2037 2299 2300
f 2278 2300 2280
f 2278 2040 2300
f 2040 2037 2300
f 2281 2040 2278
f 2042 2040 2281
f 2283 2042 2281
f 2044 2042 2283
f 2285 2044 2283
f 2046 2044 2285
f 2287 2046 2285
f 2048 2046 2287
f 2287 2018 2048
f 2290 2049 2035
f 2292 2049 2290
f 2292 2301 2049
f 2301 2050 2049
f 2301 2302 2050
f 2050 2302 2052
f 2302 2303 2052
f 2052 2303 2054
f 2304 2055 2054
f 2304 2054 2305
f 2305 2054 2303
f 2305 2306 2304
f 2309 2308 2307
f 2308 2311 2310
f 2307 2308 2310
f 2293 2057 2058
f 2295 2293 2058
f 2295 2058 2310
f 2295 2310 2311
f 2296 2057 2293
f 2060 2057 2296
f 2298 2060 2296
f 2062 2060 2298
f 2298 2038 2062
f 2304 2064 2055
f 2306 2064 2304
f 2306 2312 2064
f 2312 2066 2064
f 2313 2067 2066
f 2313 2066 2314
f 2314 2066 2312
f 2314 2315 2313
f 2318 2317 2316
f 2317 2320 2319
f 2316 2317 2319
f 2307 2069 2070
f 2309 2307 2070
f 2309 2070 2319
f 2309 2319 2320
f 2310 2069 2307
f 2072 2069 2310
f 2310 2058 2072
f 2313 2075 2067
f 2315 2075 2313
f 2315 2321 2075
f 2321 2076 2075
f 2321 2322 2076
f 2076 2322 2078
f 2078 2322 2323
f 2079 2078 2323
f 2326 2325 2324
f 2325 2328 2327
f 2324 2325 2327
f 2328 2318 2316
f 2328 2316 2327
f 2327 2316 2329
f 2082 2319 2081
f 2082 2329 2319
f 2329 2316 2319
f 2319 2070 2081
f 2323 2085 2079
f 2330 2085 2323
f 2085 2330 2331
f 2086 2085 2331
f 2334 2333 2332
f 2333 2326 2324
f 2333 2324 2332
f 2332 2324 2335
f 2324 2327 2335
f 2327 2336 2335
f 2089 2329 2088
f 2089 2336 2329
f 2336 2327 2329
f 2329 2082 2088
f 2331 2091 2086
f 2337 2091 2331
f 2339 2338 2092
f 2339 2092 2337
f 2337 2092 2091
f 2092 2338 2093
f 2341 2334 2332
f 2340 2341 2332
f 2332 2335 2340
f 2335 2342 2340
f 2096 2336 2095
f 2096 2342 2336
f 2342 2335 2336
f 2336 2089 2095
f 2339 2343 2338
f 2338 2343 2344
f 2338 2344 2093
f 2093 2344 2099
f 2346 2341 2340
f 2345 2346 2340
f 2102 2342 2101
f 2102 2345 2342
f 2345 2340 2342
f 2342 2096 2101
f 2344 2347 2099
f 2347 2106 2099
f 2349 2346 2345
f 2348 2349 2345
f 2345 2108 2348
f 2102 2108 2345
f 2110 2351 2350
f 2110 2106 2351
f 2106 2347 2351
f 2110 2350 2111
f 2353 2349 2348
f 2352 2353 2348
f 2348 2113 2352
f 2108 2113 2348
f 2355 2350 2351
f 2354 2350 2355
f 2350 2354 2115
f 2111 2350 2115
f 2357 2353 2352
f 2356 2357 2352
f 2352 2117 2356
f 2113 2117 2352
f 2354 2120 2119
f 2354 2355 2120
f 2355 2358 2120
f 2354 2119 2115
f 2360 2357 2356
f 2359 2360 2356
f 2356 2122 2359
f 2117 2122 2356
f 2358 2361 2120
f 2361 2125 2120
f 2363 2360 2359
f 2362 2363 2359
f 2359 2127 2362
f 2122 2127 2359
f 2361 2364 2125
f 2364 2129 2125
f 2366 2363 2362
f 2365 2366 2362
f 2130 2362 2127
f 2130 2367 2362
f 2367 2365 2362
f 2130 2132 2367
f 2135 2368 2369
f 2134 2368 2135
f 2368 2134 2129
f 2364 2368 2129
f 2366 2365 2370
f 2372 2370 2365
f 2372 2365 2371
f 2371 2365 2367
f 2136 2367 2132
f 2136 2373 2367
f 2373 2371 2367
f 2136 2138 2373
f 2376 2374 2375
f 2375 2374 2140
f 2375 2140 2369
f 2369 2140 2135
f 2372 2371 2377
f 2379 2377 2371
f 2379 2371 2378
f 2378 2371 2373
f 2141 2373 2138
f 2141 2380 2373
f 2380 2378 2373
f 2141 2143 2380
f 2383 2381 2382
f 2374 2146 2145
f 2376 2146 2374
f 2376 2381 2146
f 2376 2382 2381
f 2374 2145 2140
f 2379 2378 2384
f 2386 2384 2378
f 2386 2378 2385
f 2385 2378 2380
f 2147 2380 2143
f 2147 2387 2380
f 2387 2385 2380
f 2147 2149 2387
f 2381 2153 2152
f 2381 2383 2153
f 2383 2388 2153
f 2381 2152 2146
f 2386 2385 2389
f 2385 2387 2390
f 2389 2385 2390
f 2392 2154 2391
f 2390 2154 2392
f 2390 2149 2154
f 2390 2387 2149
f 2155 2391 2154
f 2393 2391 2155
f 2155 2157 2393
f 2160 2394 2395
f 2159 2394 2160
f 2394 2159 2153
f 2388 2394 2153
f 2392 2391 2396
f 2391 2393 2397
f 2396 2391 2397
f 2399 2161 2398
f 2397 2161 2399
f 2397 2157 2161
f 2397 2393 2157
f 2162 2398 2161
f 2400 2398 2162
f 2162 2164 2400
f 2170 2401 2402
f 2169 2401 2170
f 2401 2169 2403
f 2169 2171 2403
f 2403 2171 2160
f 2395 2403 2160
f 2399 2398 2404
f 2398 2400 2405
f 2404 2398 2405
f 2400 2164 2172
f 2400 2172 2405
f 2405 2172 2406
f 2408 2173 2407
f 2408 2406 2173
f 2406 2172 2173
f 2174 2407 2173
f 2409 2407 2174
f 2175 2409 2174
f 2410 2409 2175
f 2175 2177 2410
f 2181 2411 2412
f 2180 2411 2181
f 2411 2180 2413
f 2180 2182 2413
f 2413 2182 2170
f 2402 2413 2170
f 2408 2407 2414
f 2407 2409 2415
f 2414 2407 2415
f 2409 2410 2416
f 2415 2409 2416
f 2410 2177 2183
f 2410 2183 2416
f 2416 2183 2417
f 2417 2183 2418
f 2183 2184 2418
f 2420 2185 2419
f 2420 2418 2185
f 2418 2184 2185
f 2186 2419 2185
f 2421 2419 2186
f 2187 2421 2186
f 2422 2421 2187
f 2187 2189 2422
f 2196 2423 2197
f 2198 2423 2196
f 2424 2423 2198
f 2424 2425 2426
f 2424 2198 2425
f 2198 2199 2425
f 2425 2199 2427
f 2199 2200 2427
f 2427 2200 2181
f 2412 2427 2181
f 2420 2419 2428
f 2419 2421 2429
f 2428 2419 2429
f 2421 2422 2430
f 2429 2421 2430
f 2422 2189 2201
f 2422 2201 2430
f 2430 2201 2431
f 2431 2201 2432
f 2201 2202 2432
f 2432 2202 2433
f 2202 2203 2433
f 2433 2203 2434
f 2203 2204 2434
f 2436 2205 2435
f 2436 2434 2205
f 2434 2204 2205
f 2206 2435 2205
f 2437 2435 2206
f 2437 2438 2439
f 2437 2206 2438
f 2206 2207 2438
f 2441 2208 2440
f 2441 2438 2208
f 2438 2207 2208
f 2209 2440 2208
f 2442 2440 2209
f 2210 2442 2209
f 2443 2442 2210
f 2211 2443 2210
f 2444 2443 2211
f 2212 2444 2211
f 2445 2444 2212
f 2213 2445 2212
f 2446 2445 2213
f 2214 2446 2213
f 2447 2446 2214
f 2215 2447 2214
f 2448 2447 2215
f 2216 2448 2215
f 2449 2448 2216
f 2217 2449 2216
f 2450 2449 2217
f 2218 2450 2217
f 2451 2450 2218
f 2219 2451 2218
f 2452 2451 2219
f 2220 2452 2219
f 2453 2452 2220
f 2221 2453 2220
f 2454 2453 2221
f 2454 2455 2456
f 2454 2221 2455
f 2221 2222 2455
f 2458 2223 2457
f 2458 2455 2223
f 2455 2222 2223
f 2457 2459 2460
f 2457 2223 2459
f 2223 2224 2459
f 2459 2224 2461
f 2224 2225 2461
f 2461 2225 2462
f 2225 2226 2462
f 2197 2423 2463
f 2197 2463 2226
f 2226 2463 2462
f 2423 2424 2464
f 2463 2423 2464
f 2424 2426 2464
f 2436 2435 2465
f 2435 2437 2466
f 2465 2435 2466
f 2437 2439 2466
f 2441 2440 2467
f 2440 2442 2468
f 2467 2440 2468
f 2442 2443 2469
f 2468 2442 2469
f 2443 2444 2470
f 2469 2443 2470
f 2444 2445 2471
f 2470 2444 2471
f 2445 2446 2472
f 2471 2445 2472
f 2446 2447 2473
f 2472 2446 2473
f 2447 2448 2474
f 2473 2447 2474
f 2448 2449 2475
f 2474 2448 2475
f 2449 2450 2476
f 2475 2449 2476
f 2450 2451 2477
f 2476 2450 2477
f 2451 2452 2478
f 2477 2451 2478
f 2452 2453 2479
f 2478 2452 2479
f 2453 2454 2480
f 2479 2453 2480
f 2454 2456 2480
f 2458 2457 2481
f 2457 2460 2481
f 2484 2483 2482
f 2483 2486 2485
f 2482 2483 2485
f 2486 2488 2487
f 2485 2486 2487
f 2488 2490 2489
f 2487 2488 2489
f 2490 2492 2491
f 2489 2490 2491
f 2229 2491 2492
f 2229 2492 2228
f 2228 2492 2493
f 2494 2230 2228
f 2494 2228 2495
f 2495 2228 2493
f 2233 2494 2495
f 2233 2495 2232
f 2232 2495 2496
f 2496 2497 2232
f 2232 2497 2235
f 2498 2236 2235
f 2498 2235 2499
f 2499 2235 2497
f 2239 2498 2499
f 2239 2499 2238
f 2238 2499 2500
f 2500 2501 2238
f 2238 2501 2241
f 2501 2502 2241
f 2241 2502 2243
f 2502 2503 2243
f 2243 2503 2245
f 2504 2246 2245
f 2504 2245 2505
f 2505 2245 2503
f 2505 2507 2506
f 2504 2505 2506
f 2507 2509 2508
f 2506 2507 2508
f 2509 2511 2510
f 2508 2509 2510
f 2511 2513 2512
f 2510 2511 2512
f 2513 2515 2514
f 2512 2513 2514
f 2515 2517 2516
f 2514 2515 2516
f 2517 2518 2516
f 2521 2520 2519
f 2520 2523 2522
f 2519 2520 2522
f 2523 2525 2524
f 2522 2523 2524
f 2249 2524 2525
f 2249 2525 2248
f 2248 2525 2526
f 2526 2527 2248
f 2248 2527 2251
f 2527 2528 2251
f 2251 2528 2253
f 2482 2528 2484
f 2482 2255 2528
f 2255 2253 2528
f 2485 2255 2482
f 2257 2255 2485
f 2487 2257 2485
f 2258 2257 2487
f 2489 2258 2487
f 2259 2258 2489
f 2491 2259 2489
f 2260 2259 2491
f 2491 2229 2260
f 2494 2261 2230
f 2494 2233 2261
f 2498 2262 2236
f 2498 2239 2262
f 2504 2263 2246
f 2506 2263 2504
f 2264 2263 2506
f 2508 2264 2506
f 2265 2264 2508
f 2510 2265 2508
f 2266 2265 2510
f 2512 2266 2510
f 2267 2266 2512
f 2514 2267 2512
f 2268 2267 2514
f 2516 2268 2514
f 2270 2268 2516
f 2518 2270 2516
f 2518 2529 2270
f 2529 2272 2270
f 2529 2530 2272
f 2272 2530 2274
f 2530 2531 2274
f 2274 2531 2276
f 2532 2277 2276
f 2532 2276 2533
f 2533 2276 2531
f 2533 2534 2532
f 2537 2536 2535
f 2536 2539 2538
f 2535 2536 2538
f 2539 2541 2540
f 2538 2539 2540
f 2541 2543 2542
f 2540 2541 2542
f 2280 2542 2543
f 2280 2543 2279
f 2279 2543 2544
f 2544 2545 2279
f 2279 2545 2282
f 2519 2545 2521
f 2519 2284 2545
f 2284 2282 2545
f 2522 2284 2519
f 2286 2284 2522
f 2524 2286 2522
f 2288 2286 2524
f 2524 2249 2288
f 2532 2289 2277
f 2534 2289 2532
f 2534 2546 2289
f 2546 2291 2289
f 2547 2292 2291
f 2547 2291 2548
f 2548 2291 2546
f 2548 2550 2549
f 2547 2548 2549
f 2550 2551 2549
f 2554 2553 2552
f 2553 2556 2555
f 2552 2553 2555
f 2535 2294 2295
f 2537 2535 2295
f 2537 2295 2555
f 2537 2555 2556
f 2538 2294 2535
f 2297 2294 2538
f 2540 2297 2538
f 2299 2297 2540
f 2542 2299 2540
f 2300 2299 2542
f 2542 2280 2300
f 2547 2301 2292
f 2549 2301 2547
f 2302 2301 2549
f 2551 2302 2549
f 2551 2557 2302
f 2557 2303 2302
f 2557 2558 2303
f 2303 2558 2305
f 2559 2306 2305
f 2559 2305 2560
f 2560 2305 2558
f 2560 2561 2559
f 2564 2563 2562
f 2552 2308 2309
f 2554 2552 2309
f 2554 2309 2562
f 2554 2562 2563
f 2555 2308 2552
f 2311 2308 2555
f 2555 2295 2311
f 2559 2312 2306
f 2561 2312 2559
f 2561 2565 2312
f 2565 2314 2312
f 2314 2565 2566
f 2315 2314 2566
f 2569 2568 2567
f 2568 2571 2570
f 2567 2568 2570
f 2318 2570 2571
f 2318 2571 2317
f 2317 2571 2572
f 2562 2572 2564
f 2562 2320 2572
f 2320 2317 2572
f 2562 2309 2320
f 2566 2321 2315
f 2573 2321 2566
f 2573 2574 2321
f 2321 2574 2322
f 2322 2574 2575
f 2323 2322 2575
f 2578 2577 2576
f 2567 2325 2326
f 2569 2567 2326
f 2569 2326 2576
f 2569 2576 2577
f 2570 2325 2567
f 2328 2325 2570
f 2570 2318 2328
f 2575 2330 2323
f 2579 2330 2575
f 2330 2579 2580
f 2331 2330 2580
f 2576 2333 2334
f 2576 2334 2578
f 2578 2334 2581
f 2576 2326 2333
f 2580 2337 2331
f 2582 2337 2580
f 2337 2582 2583
f 2339 2337 2583
f 2586 2585 2584
f 2585 2341 2584
f 2585 2581 2341
f 2581 2334 2341
f 2583 2343 2339
f 2587 2343 2583
f 2343 2587 2588
f 2344 2343 2588
f 2586 2584 2589
f 2584 2590 2589
f 2584 2341 2590
f 2341 2346 2590
f 2588 2591 2344
f 2591 2347 2344
f 2594 2593 2592
f 2593 2349 2592
f 2593 2590 2349
f 2590 2346 2349
f 2591 2595 2347
f 2595 2351 2347
f 2597 2594 2592
f 2596 2597 2592
f 2592 2353 2596
f 2349 2353 2592
f 2595 2598 2351
f 2598 2355 2351
f 2600 2597 2596
f 2599 2600 2596
f 2596 2357 2599
f 2353 2357 2596
f 2598 2601 2355
f 2601 2358 2355
f 2603 2600 2599
f 2602 2603 2599
f 2599 2360 2602
f 2357 2360 2599
f 2606 2604 2605
f 2605 2604 2361
f 2605 2361 2601
f 2601 2361 2358
f 2608 2603 2602
f 2607 2608 2602
f 2602 2363 2607
f 2360 2363 2602
f 2610 2604 2606
f 2609 2604 2610
f 2604 2609 2364
f 2361 2604 2364
f 2612 2608 2607
f 2611 2612 2607
f 2607 2366 2611
f 2363 2366 2607
f 2609 2369 2368
f 2609 2610 2369
f 2610 2613 2369
f 2609 2368 2364
f 2612 2611 2614
f 2616 2370 2615
f 2614 2370 2616
f 2614 2366 2370
f 2614 2611 2366
f 2370 2372 2615
f 2376 2617 2618
f 2375 2617 2376
f 2617 2375 2369
f 2613 2617 2369
f 2616 2615 2619
f 2621 2377 2620
f 2619 2377 2621
f 2619 2372 2377
f 2619 2615 2372
f 2377 2379 2620
f 2383 2622 2623
f 2382 2622 2383
f 2622 2382 2376
f 2618 2622 2376
f 2621 2620 2624
f 2626 2384 2625
f 2624 2384 2626
f 2624 2379 2384
f 2624 2620 2379
f 2384 2386 2625
f 2629 2627 2628
f 2628 2627 2388
f 2628 2388 2623
f 2623 2388 2383
f 2626 2625 2630
f 2632 2389 2631
f 2630 2389 2632
f 2630 2386 2389
f 2630 2625 2386
f 2390 2631 2389
f 2633 2631 2390
f 2390 2392 2633
f 2636 2634 2635
f 2627 2395 2394
f 2629 2395 2627
f 2629 2634 2395
f 2629 2635 2634
f 2627 2394 2388
f 2632 2631 2637
f 2631 2633 2638
f 2637 2631 2638
f 2640 2396 2639
f 2638 2396 2640
f 2638 2392 2396
f 2638 2633 2392
f 2397 2639 2396
f 2641 2639 2397
f 2397 2399 2641
f 2402 2642 2643
f 2401 2642 2402
f 2634 2636 2642
f 2634 2642 2403
f 2403 2642 2401
f 2634 2403 2395
f 2640 2639 2644
f 2639 2641 2645
f 2644 2639 2645
f 2641 2399 2404
f 2641 2404 2645
f 2645 2404 2646
f 2648 2405 2647
f 2648 2646 2405
f 2646 2404 2405
f 2406 2647 2405
f 2649 2647 2406
f 2406 2408 2649
f 2411 2650 2412
f 2650 2651 2652
f 2650 2411 2651
f 2411 2413 2651
f 2651 2413 2402
f 2643 2651 2402
f 2648 2647 2653
f 2647 2649 2654
f 2653 2647 2654
f 2649 2408 2414
f 2649 2414 2654
f 2654 2414 2655
f 2657 2415 2656
f 2657 2655 2415
f 2655 2414 2415
f 2416 2656 2415
f 2658 2656 2416
f 2417 2658 2416
f 2659 2658 2417
f 2418 2659 2417
f 2660 2659 2418
f 2418 2420 2660
f 2426 2661 2662
f 2425 2661 2426
f 2661 2425 2663
f 2425 2427 2663
f 2412 2650 2664
f 2412 2664 2427
f 2427 2664 2663
f 2650 2652 2664
f 2657 2656 2665
f 2656 2658 2666
f 2665 2656 2666
f 2658 2659 2667
f 2666 2658 2667
f 2659 2660 2668
f 2667 2659 2668
f 2660 2420 2428
f 2660 2428 2668
f 2668 2428 2669
f 2669 2428 2670
f 2428 2429 2670
f 2670 2429 2671
f 2429 2430 2671
f 2673 2431 2672
f 2673 2671 2431
f 2671 2430 2431
f 2432 2672 2431
f 2674 2672 2432
f 2433 2674 2432
f 2675 2674 2433
f 2434 2675 2433
f 2676 2675 2434
f 2434 2436 2676
f 2438 2677 2439
f 2438 2441 2677
f 2455 2678 2456
f 2678 2455 2458
f 2681 2679 2680
f 2460 2680 2679
f 2460 2459 2680
f 2459 2682 2680
f 2682 2459 2683
f 2459 2461 2683
f 2683 2461 2684
f 2461 2462 2684
f 2684 2462 2685
f 2462 2463 2685
f 2685 2463 2686
f 2463 2464 2686
f 2686 2464 2426
f 2662 2686 2426
f 2673 2672 2687
f 2672 2674 2688
f 2687 2672 2688
f 2674 2675 2689
f 2688 2674 2689
f 2675 2676 2690
f 2689 2675 2690
f 2676 2436 2465
f 2676 2465 2690
f 2690 2465 2691
f 2691 2465 2692
f 2465 2466 2692
f 2439 2677 2693
f 2439 2693 2466
f 2466 2693 2692
f 2677 2441 2467
f 2677 2467 2693
f 2693 2467 2694
f 2694 2467 2695
f 2467 2468 2695
f 2695 2468 2696
f 2468 2469 2696
f 2696 2469 2697
f 2469 2470 2697
f 2697 2470 2698
f 2470 2471 2698
f 2698 2471 2699
f 2471 2472 2699
f 2699 2472 2700
f 2472 2473 2700
f 2700 2473 2701
f 2473 2474 2701
f 2701 2474 2702
f 2474 2475 2702
f 2702 2475 2703
f 2475 2476 2703
f 2703 2476 2704
f 2476 2477 2704
f 2704 2477 2705
f 2477 2478 2705
f 2705 2478 2706
f 2478 2479 2706
f 2706 2479 2707
f 2479 2480 2707
f 2456 2678 2708
f 2456 2708 2480
f 2480 2708 2707
f 2679 2681 2708
f 2679 2708 2481
f 2678 2458 2708
f 2458 2481 2708
f 2679 2481 2460
f 2711 2710 2709
f 2710 2712 2709
f 2715 2714 2713
f 2714 2716 2713
f 2719 2718 2717
f 2718 2720 2717
f 2723 2722 2721
f 2722 2724 2721
f 2727 2726 2725
f 2726 2728 2725
f 2731 2730 2729
f 2730 2733 2732
f 2729 2730 2732
f 2733 2735 2734
f 2732 2733 2734
f 2484 2734 2735
f 2484 2735 2483
f 2483 2735 2736
f 2736 2737 2483
f 2483 2737 2486
f 2737 2738 2486
f 2486 2738 2488
f 2738 2739 2488
f 2488 2739 2490
f 2739 2740 2490
f 2490 2740 2492
f 2709 2740 2711
f 2709 2493 2740
f 2493 2492 2740
f 2712 2493 2709
f 2712 2741 2493
f 2741 2495 2493
f 2741 2742 2495
f 2495 2742 2496
f 2742 2743 2496
f 2496 2743 2497
f 2713 2743 2715
f 2713 2499 2743
f 2499 2497 2743
f 2716 2499 2713
f 2716 2744 2499
f 2744 2500 2499
f 2717 2744 2719
f 2717 2501 2744
f 2501 2500 2744
f 2720 2501 2717
f 2720 2745 2501
f 2745 2502 2501
f 2745 2746 2502
f 2502 2746 2503
f 2721 2746 2723
f 2721 2505 2746
f 2505 2503 2746
f 2724 2505 2721
f 2724 2747 2505
f 2747 2507 2505
f 2747 2748 2507
f 2507 2748 2509
f 2748 2749 2509
f 2509 2749 2511
f 2749 2750 2511
f 2511 2750 2513
f 2750 2751 2513
f 2513 2751 2515
f 2751 2752 2515
f 2515 2752 2517
f 2753 2518 2517
f 2753 2517 2754
f 2754 2517 2752
f 2754 2756 2755
f 2753 2754 2755
f 2756 2757 2755
f 2760 2759 2758
f 2759 2762 2761
f 2758 2759 2761
f 2762 2764 2763
f 2761 2762 2763
f 2521 2763 2764
f 2521 2764 2520
f 2520 2764 2765
f 2725 2765 2727
f 2725 2523 2765
f 2523 2520 2765
f 2728 2523 2725
f 2728 2766 2523
f 2766 2525 2523
f 2729 2766 2731
f 2729 2526 2766
f 2526 2525 2766
f 2732 2526 2729
f 2527 2526 2732
f 2734 2527 2732
f 2528 2527 2734
f 2734 2484 2528
f 2753 2529 2518
f 2755 2529 2753
f 2530 2529 2755
f 2757 2530 2755
f 2757 2767 2530
f 2767 2531 2530
f 2767 2768 2531
f 2531 2768 2533
f 2769 2534 2533
f 2769 2533 2770
f 2770 2533 2768
f 2770 2772 2771
f 2769 2770 2771
f 2772 2773 2771
f 2776 2775 2774
f 2537 2774 2775
f 2537 2775 2536
f 2536 2775 2777
f 2777 2778 2536
f 2536 2778 2539
f 2778 2779 2539
f 2539 2779 2541
f 2758 2779 2760
f 2758 2543 2779
f 2543 2541 2779
f 2761 2543 2758
f 2544 2543 2761
f 2763 2544 2761
f 2545 2544 2763
f 2763 2521 2545
f 2769 2546 2534
f 2771 2546 2769
f 2548 2546 2771
f 2773 2548 2771
f 2773 2780 2548
f 2780 2550 2548
f 2781 2551 2550
f 2781 2550 2782
f 2782 2550 2780
f 2782 2783 2781
f 2786 2785 2784
f 2785 2788 2787
f 2784 2785 2787
f 2554 2787 2788
f 2554 2788 2553
f 2553 2788 2789
f 2774 2789 2776
f 2774 2556 2789
f 2556 2553 2789
f 2774 2537 2556
f 2781 2557 2551
f 2783 2557 2781
f 2783 2790 2557
f 2790 2558 2557
f 2790 2791 2558
f 2558 2791 2560
f 2560 2791 2792
f 2561 2560 2792
f 2795 2794 2793
f 2794 2786 2784
f 2794 2784 2793
f 2793 2784 2796
f 2564 2787 2563
f 2564 2796 2787
f 2796 2784 2787
f 2787 2554 2563
f 2792 2565 2561
f 2797 2565 2792
f 2565 2797 2798
f 2566 2565 2798
f 2569 2800 2799
f 2568 2569 2799
f 2793 2799 2795
f 2793 2571 2799
f 2571 2568 2799
f 2796 2571 2793
f 2572 2571 2796
f 2796 2564 2572
f 2798 2573 2566
f 2801 2573 2798
f 2801 2802 2573
f 2573 2802 2574
f 2574 2802 2803
f 2575 2574 2803
f 2578 2805 2804
f 2577 2578 2804
f 2804 2569 2577
f 2800 2569 2804
f 2803 2579 2575
f 2806 2579 2803
f 2807 2580 2579
f 2807 2579 2808
f 2808 2579 2806
f 2808 2809 2807
f 2812 2811 2810
f 2811 2581 2810
f 2811 2805 2581
f 2805 2578 2581
f 2807 2582 2580
f 2582 2807 2809
f 2582 2809 2583
f 2583 2809 2813
f 2810 2585 2586
f 2810 2586 2812
f 2812 2586 2814
f 2810 2581 2585
f 2587 2816 2815
f 2587 2583 2816
f 2583 2813 2816
f 2587 2815 2588
f 2589 2817 2818
f 2589 2818 2586
f 2586 2818 2814
f 2589 2590 2817
f 2820 2815 2816
f 2819 2815 2820
f 2815 2819 2591
f 2588 2815 2591
f 2817 2593 2594
f 2817 2594 2818
f 2818 2594 2821
f 2817 2590 2593
f 2820 2822 2819
f 2819 2822 2823
f 2819 2823 2591
f 2591 2823 2595
f 2821 2594 2824
f 2824 2594 2597
f 2823 2825 2595
f 2825 2598 2595
f 2828 2827 2826
f 2827 2600 2826
f 2827 2824 2600
f 2824 2597 2600
f 2831 2829 2830
f 2830 2829 2601
f 2830 2601 2825
f 2825 2601 2598
f 2828 2826 2832
f 2826 2833 2832
f 2826 2600 2833
f 2600 2603 2833
f 2829 2606 2605
f 2829 2831 2606
f 2831 2834 2606
f 2829 2605 2601
f 2833 2603 2835
f 2835 2603 2608
f 2834 2836 2606
f 2836 2610 2606
f 2835 2608 2837
f 2837 2608 2612
f 2840 2838 2839
f 2839 2838 2613
f 2839 2613 2836
f 2836 2613 2610
f 2614 2841 2842
f 2614 2842 2612
f 2612 2842 2837
f 2614 2616 2841
f 2838 2618 2617
f 2838 2840 2618
f 2840 2843 2618
f 2838 2617 2613
f 2845 2842 2841
f 2844 2845 2841
f 2619 2841 2616
f 2619 2846 2841
f 2846 2844 2841
f 2619 2621 2846
f 2623 2847 2848
f 2622 2847 2623
f 2847 2622 2618
f 2843 2847 2618
f 2845 2844 2849
f 2844 2846 2850
f 2849 2844 2850
f 2852 2624 2851
f 2850 2624 2852
f 2850 2621 2624
f 2850 2846 2621
f 2624 2626 2851
f 2628 2853 2629
f 2853 2628 2623
f 2853 2623 2854
f 2854 2623 2848
f 2852 2851 2855
f 2857 2630 2856
f 2855 2630 2857
f 2855 2626 2630
f 2855 2851 2626
f 2630 2632 2856
f 2635 2858 2636
f 2858 2859 2860
f 2635 2859 2858
f 2635 2853 2859
f 2635 2629 2853
f 2853 2854 2859
f 2857 2856 2861
f 2856 2632 2637
f 2856 2637 2861
f 2861 2637 2862
f 2864 2638 2863
f 2864 2862 2638
f 2862 2637 2638
f 2638 2640 2863
f 2643 2865 2866
f 2642 2865 2643
f 2636 2858 2867
f 2636 2867 2642
f 2642 2867 2865
f 2858 2860 2867
f 2864 2863 2868
f 2863 2640 2644
f 2863 2644 2868
f 2868 2644 2869
f 2871 2645 2870
f 2871 2869 2645
f 2869 2644 2645
f 2646 2870 2645
f 2872 2870 2646
f 2646 2648 2872
f 2875 2873 2874
f 2652 2874 2873
f 2652 2651 2874
f 2651 2876 2874
f 2876 2651 2643
f 2866 2876 2643
f 2871 2870 2877
f 2870 2872 2878
f 2877 2870 2878
f 2872 2648 2653
f 2872 2653 2878
f 2878 2653 2879
f 2879 2653 2880
f 2653 2654 2880
f 2882 2655 2881
f 2882 2880 2655
f 2880 2654 2655
f 2655 2657 2881
f 2662 2883 2884
f 2661 2883 2662
f 2883 2661 2885
f 2661 2663 2885
f 2873 2875 2885
f 2873 2885 2664
f 2664 2885 2663
f 2873 2664 2652
f 2882 2881 2886
f 2881 2657 2665
f 2881 2665 2886
f 2886 2665 2887
f 2887 2665 2888
f 2665 2666 2888
f 2888 2666 2889
f 2666 2667 2889
f 2889 2667 2890
f 2667 2668 2890
f 2892 2669 2891
f 2892 2890 2669
f 2890 2668 2669
f 2670 2891 2669
f 2893 2891 2670
f 2671 2893 2670
f 2894 2893 2671
f 2671 2673 2894
f 2680 2895 2681
f 2682 2895 2680
f 2896 2895 2682
f 2896 2897 2898
f 2896 2682 2897
f 2682 2683 2897
f 2897 2683 2899
f 2683 2684 2899
f 2899 2684 2900
f 2684 2685 2900
f 2900 2685 2901
f 2685 2686 2901
f 2901 2686 2662
f 2884 2901 2662
f 2892 2891 2902
f 2891 2893 2903
f 2902 2891 2903
f 2893 2894 2904
f 2903 2893 2904
f 2894 2673 2687
f 2894 2687 2904
f 2904 2687 2905
f 2905 2687 2906
f 2687 2688 2906
f 2906 2688 2907
f 2688 2689 2907
f 2907 2689 2908
f 2689 2690 2908
f 2908 2690 2909
f 2690 2691 2909
f 2909 2691 2910
f 2691 2692 2910
f 2910 2692 2911
f 2692 2693 2911
f 2911 2693 2912
f 2693 2694 2912
f 2914 2695 2913
f 2914 2912 2695
f 2912 2694 2695
f 2913 2915 2916
f 2913 2695 2915
f 2695 2696 2915
f 2915 2696 2917
f 2696 2697 2917
f 2919 2698 2918
f 2919 2917 2698
f 2917 2697 2698
f 2918 2920 2921
f 2918 2698 2920
f 2698 2699 2920
f 2920 2699 2922
f 2699 2700 2922
f 2922 2700 2923
f 2700 2701 2923
f 2923 2701 2924
f 2701 2702 2924
f 2926 2703 2925
f 2926 2924 2703
f 2924 2702 2703
f 2925 2927 2928
f 2925 2703 2927
f 2703 2704 2927
f 2927 2704 2929
f 2704 2705 2929
f 2929 2705 2930
f 2705 2706 2930
f 2930 2706 2931
f 2706 2707 2931
f 2931 2707 2932
f 2707 2708 2932
f 2681 2895 2933
f 2681 2933 2708
f 2708 2933 2932
f 2895 2896 2934
f 2933 2895 2934
f 2896 2898 2934
f 2914 2913 2935
f 2913 2916 2935
f 2919 2918 2936
f 2918 2921 2936
f 2926 2925 2937
f 2925 2928 2937
f 2940 2939 2938
f 2939 2942 2941
f 2938 2939 2941
f 2942 2944 2943
f 2941 2942 2943
f 2944 2946 2945
f 2943 2944 2945
f 2946 2948 2947
f 2945 2946 2947
f 2948 2950 2949
f 2947 2948 2949
f 2711 2949 2950
f 2711 2950 2710
f 2710 2950 2951
f 2952 2712 2710
f 2952 2710 2953
f 2953 2710 2951
f 2953 2955 2954
f 2952 2953 2954
f 2955 2957 2956
f 2954 2955 2956
f 2715 2956 2957
f 2715 2957 2714
f 2714 2957 2958
f 2959 2716 2714
f 2959 2714 2960
f 2960 2714 2958
f 2719 2959 2960
f 2719 2960 2718
f 2718 2960 2961
f 2962 2720 2718
f 2962 2718 2963
f 2963 2718 2961
f 2963 2965 2964
f 2962 2963 2964
f 2723 2964 2965
f 2723 2965 2722
f 2722 2965 2966
f 2967 2724 2722
f 2967 2722 2968
f 2968 2722 2966
f 2968 2970 2969
f 2967 2968 2969
f 2970 2971 2969
f 2974 2973 2972
f 2973 2976 2975
f 2972 2973 2975
f 2727 2975 2976
f 2727 2976 2726
f 2726 2976 2977
f 2978 2728 2726
f 2978 2726 2979
f 2979 2726 2977
f 2731 2978 2979
f 2731 2979 2730
f 2730 2979 2980
f 2980 2981 2730
f 2730 2981 2733
f 2938 2981 2940
f 2938 2735 2981
f 2735 2733 2981
f 2941 2735 2938
f 2736 2735 2941
f 2943 2736 2941
f 2737 2736 2943
f 2945 2737 2943
f 2738 2737 2945
f 2947 2738 2945
f 2739 2738 2947
f 2949 2739 2947
f 2740 2739 2949
f 2949 2711 2740
f 2952 2741 2712
f 2954 2741 2952
f 2742 2741 2954
f 2956 2742 2954
f 2743 2742 2956
f 2956 2715 2743
f 2959 2744 2716
f 2959 2719 2744
f 2962 2745 2720
f 2964 2745 2962
f 2746 2745 2964
f 2964 2723 2746
f 2967 2747 2724
f 2969 2747 2967
f 2748 2747 2969
f 2971 2748 2969
f 2971 2982 2748
f 2982 2749 2748
f 2982 2983 2749
f 2749 2983 2750
f 2983 2984 2750
f 2750 2984 2751
f 2984 2985 2751
f 2751 2985 2752
f 2985 2986 2752
f 2752 2986 2754
f 2986 2987 2754
f 2754 2987 2756
f 2756 2987 2988
f 2757 2756 2988
f 2991 2990 2989
f 2990 2993 2992
f 2989 2990 2992
f 2993 2995 2994
f 2992 2993 2994
f 2760 2994 2995
f 2760 2995 2759
f 2759 2995 2996
f 2996 2997 2759
f 2759 2997 2762
f 2972 2997 2974
f 2972 2764 2997
f 2764 2762 2997
f 2975 2764 2972
f 2765 2764 2975
f 2975 2727 2765
f 2978 2766 2728
f 2978 2731 2766
f 2988 2767 2757
f 2998 2767 2988
f 2998 2999 2767
f 2767 2999 2768
f 2999 3000 2768
f 2768 3000 2770
f 3000 3001 2770
f 2770 3001 2772
f 2772 3001 3002
f 2773 2772 3002
f 3005 3004 3003
f 3004 3007 3006
f 3003 3004 3006
f 2776 3006 3007
f 2776 3007 2775
f 2775 3007 3008
f 2989 3008 2991
f 2989 2777 3008
f 2777 2775 3008
f 2992 2777 2989
f 2778 2777 2992
f 2994 2778 2992
f 2779 2778 2994
f 2994 2760 2779
f 3002 2780 2773
f 3009 2780 3002
f 3009 3010 2780
f 2780 3010 2782
f 2782 3010 3011
f 2783 2782 3011
f 3014 3013 3012
f 2786 3012 3013
f 2786 3013 2785
f 2785 3013 3015
f 3003 3015 3005
f 3003 2788 3015
f 2788 2785 3015
f 3006 2788 3003
f 2789 2788 3006
f 3006 2776 2789
f 3011 2790 2783
f 3016 2790 3011
f 3016 3017 2790
f 2790 3017 2791
f 2791 3017 3018
f 2792 2791 3018
f 3021 3020 3019
f 3012 2794 2795
f 3014 3012 2795
f 3014 2795 3019
f 3014 3019 3020
f 3012 2786 2794
f 3018 2797 2792
f 3022 2797 3018
f 3023 2798 2797
f 3023 2797 3024
f 3024 2797 3022
f 3024 3025 3023
f 3028 3027 3026
f 3019 2799 2800
f 3021 3019 2800
f 3021 2800 3026
f 3021 3026 3027
f 3019 2795 2799
f 3023 2801 2798
f 3025 2801 3023
f 3025 3029 2801
f 3029 2802 2801
f 2802 3029 3030
f 2803 2802 3030
f 3033 3032 3031
f 3026 2804 2805
f 3028 3026 2805
f 3028 2805 3031
f 3028 3031 3032
f 3026 2800 2804
f 3030 2806 2803
f 3034 2806 3030
f 3036 3035 2808
f 3036 2808 3034
f 3034 2808 2806
f 2808 3035 2809
f 3031 2811 2812
f 3031 2812 3033
f 3033 2812 3037
f 3031 2805 2811
f 3039 3035 3036
f 3038 3035 3039
f 3035 3038 2813
f 2809 3035 2813
f 3042 3041 3040
f 3041 2814 3040
f 3041 3037 2814
f 3037 2812 2814
f 3039 3043 3038
f 3038 3043 3044
f 3038 3044 2813
f 2813 3044 2816
f 3046 3042 3040
f 3045 3046 3040
f 3040 2818 3045
f 2814 2818 3040
f 3044 3047 2816
f 3047 2820 2816
f 3049 3046 3045
f 3048 3049 3045
f 3045 2821 3048
f 2818 2821 3045
f 2822 3051 3050
f 2822 2820 3051
f 2820 3047 3051
f 2822 3050 2823
f 3053 3049 3048
f 3052 3053 3048
f 3048 2824 3052
f 2821 2824 3048
f 3055 3050 3051
f 3054 3050 3055
f 3050 3054 2825
f 2823 3050 2825
f 3052 2827 2828
f 3052 2828 3053
f 3053 2828 3056
f 3052 2824 2827
f 3054 2831 2830
f 3054 3055 2831
f 3055 3057 2831
f 3054 2830 2825
f 2832 3058 3059
f 2832 3059 2828
f 2828 3059 3056
f 2832 2833 3058
f 3057 3060 2831
f 3060 2834 2831
f 3062 3059 3058
f 3061 3062 3058
f 3058 2835 3061
f 2833 2835 3058
f 3060 3063 2834
f 3063 2836 2834
f 3065 3062 3061
f 3064 3065 3061
f 3061 2837 3064
f 2835 2837 3061
f 2840 3066 3067
f 2839 3066 2840
f 3066 2839 2836
f 3063 3066 2836
f 3069 3065 3064
f 3068 3069 3064
f 3064 2842 3068
f 2837 2842 3064
f 3072 3070 3071
f 3071 3070 2843
f 3071 2843 3067
f 3067 2843 2840
f 3069 3068 3073
f 3068 3074 3073
f 3068 2842 3074
f 2842 2845 3074
f 3070 2848 2847
f 3070 3072 2848
f 3072 3075 2848
f 3070 2847 2843
f 3074 2845 2849
f 3076 3074 2849
f 3078 2850 3077
f 3078 3076 2850
f 3076 2849 2850
f 2850 2852 3077
f 3081 3079 3080
f 3080 3079 2854
f 3080 2854 3075
f 3075 2854 2848
f 3078 3077 3082
f 3077 2852 2855
f 3077 2855 3082
f 3082 2855 3083
f 2855 3084 3083
f 2857 3084 2855
f 3087 3085 3086
f 3079 2860 2859
f 3081 2860 3079
f 3081 3085 2860
f 3081 3086 3085
f 3079 2859 2854
f 3084 2857 2861
f 3088 3084 2861
f 3090 2862 3089
f 3090 3088 2862
f 3088 2861 2862
f 2862 2864 3089
f 2866 3091 3092
f 2865 3091 2866
f 3085 3087 3091
f 3085 3091 2867
f 2867 3091 2865
f 3085 2867 2860
f 3090 3089 3093
f 3089 2864 2868
f 3089 2868 3093
f 3093 2868 3094
f 3096 2869 3095
f 3096 3094 2869
f 3094 2868 2869
f 2869 2871 3095
f 2874 3097 2875
f 3097 3098 3099
f 3097 2874 3098
f 2874 2876 3098
f 3098 2876 2866
f 3092 3098 2866
f 3096 3095 3100
f 3095 2871 2877
f 3095 2877 3100
f 3100 2877 3101
f 3101 2877 3102
f 2877 2878 3102
f 3102 2878 3103
f 2878 2879 3103
f 3105 2880 3104
f 3105 3103 2880
f 3103 2879 2880
f 2880 2882 3104
f 2884 3106 3107
f 2883 3106 2884
f 3106 2883 3108
f 2883 2885 3108
f 2875 3097 3109
f 2875 3109 2885
f 2885 3109 3108
f 3097 3099 3109
f 3105 3104 3110
f 3104 2882 2886
f 3104 2886 3110
f 3110 2886 3111
f 3111 2886 3112
f 2886 2887 3112
f 3112 2887 3113
f 2887 2888 3113
f 3115 2889 3114
f 3115 3113 2889
f 3113 2888 2889
f 2890 3114 2889
f 3116 3114 2890
f 2890 2892 3116
f 2897 3117 2898
f 3117 3118 3119
f 3117 2897 3118
f 2897 2899 3118
f 3118 2899 3120
f 2899 2900 3120
f 3120 2900 3121
f 2900 2901 3121
f 3121 2901 2884
f 3107 3121 2884
f 3115 3114 3122
f 3114 3116 3123
f 3122 3114 3123
f 3116 2892 2902
f 3116 2902 3123
f 3123 2902 3124
f 3124 2902 3125
f 2902 2903 3125
f 3125 2903 3126
f 2903 2904 3126
f 3126 2904 3127
f 2904 2905 3127
f 3127 2905 3128
f 2905 2906 3128
f 3128 2906 3129
f 2906 2907 3129
f 3131 2908 3130
f 3131 3129 2908
f 3129 2907 2908
f 3130 3132 3133
f 3130 2908 3132
f 2908 2909 3132
f 3135 2910 3134
f 3135 3132 2910
f 3132 2909 2910
f 2911 3134 2910
f 3136 3134 2911
f 2912 3136 2911
f 3137 3136 2912
f 2912 2914 3137
f 2915 3138 2916
f 2917 3138 2915
f 3139 3138 2917
f 2917 2919 3139
f 2920 3140 2921
f 2922 3140 2920
f 3141 3140 2922
f 2923 3141 2922
f 3142 3141 2923
f 2924 3142 2923
f 3143 3142 2924
f 2924 2926 3143
f 2928 3144 3145
f 2927 3144 2928
f 3144 2927 3146
f 2927 2929 3146
f 3146 2929 3147
f 2929 2930 3147
f 3147 2930 3148
f 2930 2931 3148
f 3148 2931 3149
f 2931 2932 3149
f 3149 2932 3150
f 2932 2933 3150
f 3150 2933 3151
f 2933 2934 3151
f 2898 3117 3152
f 2898 3152 2934
f 2934 3152 3151
f 3117 3119 3152
f 3131 3130 3153
f 3130 3133 3153
f 3135 3134 3154
f 3134 3136 3155
f 3154 3134 3155
f 3136 3137 3156
f 3155 3136 3156
f 3137 2914 2935
f 3137 2935 3156
f 3156 2935 3157
f 2916 3138 3158
f 2916 3158 2935
f 2935 3158 3157
f 3138 3139 3159
f 3158 3138 3159
f 3139 2919 2936
f 3139 2936 3159
f 3159 2936 3160
f 2921 3140 3161
f 2921 3161 2936
f 2936 3161 3160
f 3140 3141 3162
f 3161 3140 3162
f 3141 3142 3163
f 3162 3141 3163
f 3142 3143 3164
f 3163 3142 3164
f 3143 2926 2937
f 3143 2937 3164
f 3164 2937 3165
f 3165 2937 2928
f 3145 3165 2928
f 3168 3167 3166
f 3167 3170 3169
f 3166 3167 3169
f 3170 3172 3171
f 3169 3170 3171
f 2940 3171 3172
f 2940 3172 2939
f 2939 3172 3173
f 3173 3174 2939
f 2939 3174 2942
f 3174 3175 2942
f 2942 3175 2944
f 3175 3176 2944
f 2944 3176 2946
f 3176 3177 2946
f 2946 3177 2948
f 3177 3178 2948
f 2948 3178 2950
f 3178 3179 2950
f 2950 3179 2951
f 3179 3180 2951
f 2951 3180 2953
f 3180 3181 2953
f 2953 3181 2955
f 3181 3182 2955
f 2955 3182 2957
f 3182 3183 2957
f 2957 3183 2958
f 3183 3184 2958
f 2958 3184 2960
f 3184 3185 2960
f 2960 3185 2961
f 3185 3186 2961
f 2961 3186 2963
f 3186 3187 2963
f 2963 3187 2965
f 3187 3188 2965
f 2965 3188 2966
f 3188 3189 2966
f 2966 3189 2968
f 3189 3190 2968
f 2968 3190 2970
f 3191 2971 2970
f 3191 2970 3192
f 3192 2970 3190
f 3192 3194 3193
f 3191 3192 3193
f 3194 3195 3193
f 3198 3197 3196
f 3197 3200 3199
f 3196 3197 3199
f 2974 3199 3200
f 2974 3200 2973
f 2973 3200 3201
f 3201 3202 2973
f 2973 3202 2976
f 3202 3203 2976
f 2976 3203 2977
f 3166 3203 3168
f 3166 2979 3203
f 2979 2977 3203
f 3169 2979 3166
f 2980 2979 3169
f 3171 2980 3169
f 2981 2980 3171
f 3171 2940 2981
f 3191 2982 2971
f 3193 2982 3191
f 2983 2982 3193
f 3195 2983 3193
f 3195 3204 2983
f 3204 2984 2983
f 3204 3205 2984
f 2984 3205 2985
f 3205 3206 2985
f 2985 3206 2986
f 3206 3207 2986
f 2986 3207 2987
f 3208 2988 2987
f 3208 2987 3209
f 3209 2987 3207
f 3209 3211 3210
f 3208 3209 3210
f 3211 3212 3210
f 3215 3214 3213
f 2991 3213 3214
f 2991 3214 2990
f 2990 3214 3216
f 3216 3217 2990
f 2990 3217 2993
f 3217 3218 2993
f 2993 3218 2995
f 3196 3218 3198
f 3196 2996 3218
f 2996 2995 3218
f 3199 2996 3196
f 2997 2996 3199
f 3199 2974 2997
f 3208 2998 2988
f 3210 2998 3208
f 2999 2998 3210
f 3212 2999 3210
f 3212 3219 2999
f 3219 3000 2999
f 3219 3220 3000
f 3000 3220 3001
f 3221 3002 3001
f 3221 3001 3222
f 3222 3001 3220
f 3222 3223 3221
f 3226 3225 3224
f 3005 3224 3225
f 3005 3225 3004
f 3004 3225 3227
f 3227 3228 3004
f 3004 3228 3007
f 3213 3228 3215
f 3213 3008 3228
f 3008 3007 3228
f 3213 2991 3008
f 3221 3009 3002
f 3223 3009 3221
f 3223 3229 3009
f 3229 3010 3009
f 3010 3229 3230
f 3011 3010 3230
f 3014 3232 3231
f 3013 3014 3231
f 3224 3231 3226
f 3224 3015 3231
f 3015 3013 3231
f 3224 3005 3015
f 3230 3016 3011
f 3233 3016 3230
f 3233 3234 3016
f 3016 3234 3017
f 3017 3234 3235
f 3018 3017 3235
f 3021 3237 3236
f 3020 3021 3236
f 3236 3014 3020
f 3232 3014 3236
f 3235 3022 3018
f 3238 3022 3235
f 3238 3239 3022
f 3022 3239 3024
f 3024 3239 3240
f 3025 3024 3240
f 3028 3242 3241
f 3027 3028 3241
f 3241 3021 3027
f 3237 3021 3241
f 3240 3029 3025
f 3243 3029 3240
f 3029 3243 3244
f 3030 3029 3244
f 3033 3246 3245
f 3032 3033 3245
f 3245 3028 3032
f 3242 3028 3245
f 3244 3034 3030
f 3247 3034 3244
f 3034 3247 3248
f 3036 3034 3248
f 3251 3250 3249
f 3250 3037 3249
f 3250 3246 3037
f 3246 3033 3037
f 3248 3252 3036
f 3252 3039 3036
f 3249 3041 3042
f 3249 3042 3251
f 3251 3042 3253
f 3249 3037 3041
f 3252 3043 3039
f 3254 3043 3252
f 3043 3254 3255
f 3044 3043 3255
f 3258 3257 3256
f 3257 3046 3256
f 3257 3253 3046
f 3253 3042 3046
f 3255 3259 3044
f 3259 3047 3044
f 3258 3256 3260
f 3256 3261 3260
f 3256 3046 3261
f 3046 3049 3261
f 3259 3262 3047
f 3262 3051 3047
f 3261 3049 3263
f 3263 3049 3053
f 3262 3264 3051
f 3264 3055 3051
f 3267 3266 3265
f 3266 3056 3265
f 3266 3263 3056
f 3263 3053 3056
f 3264 3268 3055
f 3268 3057 3055
f 3267 3265 3269
f 3265 3270 3269
f 3265 3056 3270
f 3056 3059 3270
f 3273 3271 3272
f 3272 3271 3060
f 3272 3060 3268
f 3268 3060 3057
f 3270 3059 3274
f 3274 3059 3062
f 3276 3271 3273
f 3275 3271 3276
f 3271 3275 3063
f 3060 3271 3063
f 3274 3062 3277
f 3277 3062 3065
f 3275 3067 3066
f 3275 3276 3067
f 3276 3278 3067
f 3275 3066 3063
f 3281 3280 3279
f 3280 3069 3279
f 3280 3277 3069
f 3277 3065 3069
f 3072 3282 3283
f 3071 3282 3072
f 3282 3071 3067
f 3278 3282 3067
f 3281 3279 3284
f 3286 3073 3285
f 3284 3073 3286
f 3284 3069 3073
f 3284 3279 3069
f 3073 3074 3285
f 3283 3287 3072
f 3287 3075 3072
f 3286 3285 3288
f 3285 3074 3076
f 3285 3076 3288
f 3288 3076 3289
f 3076 3290 3289
f 3078 3290 3076
f 3081 3291 3292
f 3080 3291 3081
f 3291 3080 3075
f 3287 3291 3075
f 3290 3078 3082
f 3293 3290 3082
f 3295 3083 3294
f 3295 3293 3083
f 3293 3082 3083
f 3083 3084 3294
f 3087 3296 3297
f 3086 3296 3087
f 3296 3086 3081
f 3292 3296 3081
f 3295 3294 3298
f 3294 3084 3088
f 3294 3088 3298
f 3298 3088 3299
f 3088 3300 3299
f 3090 3300 3088
f 3092 3301 3302
f 3091 3301 3092
f 3301 3091 3087
f 3297 3301 3087
f 3300 3090 3093
f 3303 3300 3093
f 3303 3093 3304
f 3093 3094 3304
f 3094 3305 3304
f 3096 3305 3094
f 3308 3306 3307
f 3099 3307 3306
f 3099 3098 3307
f 3098 3309 3307
f 3309 3098 3092
f 3302 3309 3092
f 3305 3096 3100
f 3310 3305 3100
f 3310 3100 3311
f 3100 3101 3311
f 3311 3101 3312
f 3101 3102 3312
f 3314 3103 3313
f 3314 3312 3103
f 3312 3102 3103
f 3103 3105 3313
f 3107 3315 3316
f 3106 3315 3107
f 3315 3106 3317
f 3106 3108 3317
f 3306 3308 3317
f 3306 3317 3109
f 3109 3317 3108
f 3306 3109 3099
f 3314 3313 3318
f 3313 3105 3110
f 3313 3110 3318
f 3318 3110 3319
f 3319 3110 3320
f 3110 3111 3320
f 3320 3111 3321
f 3111 3112 3321
f 3323 3113 3322
f 3323 3321 3113
f 3321 3112 3113
f 3113 3115 3322
f 3118 3324 3119
f 3324 3325 3326
f 3324 3118 3325
f 3118 3120 3325
f 3325 3120 3327
f 3120 3121 3327
f 3327 3121 3107
f 3316 3327 3107
f 3323 3322 3328
f 3322 3115 3122
f 3322 3122 3328
f 3328 3122 3329
f 3329 3122 3330
f 3122 3123 3330
f 3330 3123 3331
f 3123 3124 3331
f 3331 3124 3332
f 3124 3125 3332
f 3334 3126 3333
f 3334 3332 3126
f 3332 3125 3126
f 3127 3333 3126
f 3335 3333 3127
f 3128 3335 3127
f 3336 3335 3128
f 3129 3336 3128
f 3337 3336 3129
f 3129 3131 3337
f 3132 3338 3133
f 3132 3135 3338
f 3144 3339 3145
f 3146 3339 3144
f 3340 3339 3146
f 3340 3341 3342
f 3340 3146 3341
f 3146 3147 3341
f 3341 3147 3343
f 3147 3148 3343
f 3343 3148 3344
f 3148 3149 3344
f 3344 3149 3345
f 3149 3150 3345
f 3345 3150 3346
f 3150 3151 3346
f 3346 3151 3347
f 3151 3152 3347
f 3119 3324 3348
f 3119 3348 3152
f 3152 3348 3347
f 3324 3326 3348
f 3334 3333 3349
f 3333 3335 3350
f 3349 3333 3350
f 3335 3336 3351
f 3350 3335 3351
f 3336 3337 3352
f 3351 3336 3352
f 3337 3131 3153
f 3337 3153 3352
f 3352 3153 3353
f 3133 3338 3354
f 3133 3354 3153
f 3153 3354 3353
f 3338 3135 3154
f 3338 3154 3354
f 3354 3154 3355
f 3355 3154 3356
f 3154 3155 3356
f 3356 3155 3357
f 3155 3156 3357
f 3357 3156 3358
f 3156 3157 3358
f 3358 3157 3359
f 3157 3158 3359
f 3359 3158 3360
f 3158 3159 3360
f 3360 3159 3361
f 3159 3160 3361
f 3361 3160 3362
f 3160 3161 3362
f 3362 3161 3363
f 3161 3162 3363
f 3363 3162 3364
f 3162 3163 3364
f 3364 3163 3365
f 3163 3164 3365
f 3365 3164 3366
f 3164 3165 3366
f 3145 3339 3367
f 3145 3367 3165
f 3165 3367 3366
f 3339 3340 3368
f 3367 3339 3368
f 3340 3342 3368
f 3371 3370 3369
f 3370 3372 3369
f 3375 3374 3373
f 3168 3373 3374
f 3168 3374 3167
f 3167 3374 3376
f 3376 3377 3167
f 3167 3377 3170
f 3377 3378 3170
f 3170 3378 3172
f 3378 3379 3172
f 3172 3379 3173
f 3379 3380 3173
f 3173 3380 3174
f 3380 3381 3174
f 3174 3381 3175
f 3381 3382 3175
f 3175 3382 3176
f 3382 3383 3176
f 3176 3383 3177
f 3383 3384 3177
f 3177 3384 3178
f 3369 3384 3371
f 3369 3179 3384
f 3179 3178 3384
f 3372 3179 3369
f 3372 3385 3179
f 3385 3180 3179
f 3385 3386 3180
f 3180 3386 3181
f 3386 3387 3181
f 3181 3387 3182
f 3387 3388 3182
f 3182 3388 3183
f 3388 3389 3183
f 3183 3389 3184
f 3389 3390 3184
f 3184 3390 3185
f 3390 3391 3185
f 3185 3391 3186
f 3391 3392 3186
f 3186 3392 3187
f 3392 3393 3187
f 3187 3393 3188
f 3393 3394 3188
f 3188 3394 3189
f 3394 3395 3189
f 3189 3395 3190
f 3395 3396 3190
f 3190 3396 3192
f 3396 3397 3192
f 3192 3397 3194
f 3398 3195 3194
f 3398 3194 3399
f 3399 3194 3397
f 3399 3401 3400
f 3398 3399 3400
f 3401 3402 3400
f 3405 3404 3403
f 3404 3407 3406
f 3403 3404 3406
f 3198 3406 3407
f 3198 3407 3197
f 3197 3407 3408
f 3408 3409 3197
f 3197 3409 3200
f 3409 3410 3200
f 3200 3410 3201
f 3410 3411 3201
f 3201 3411 3202
f 3373 3411 3375
f 3373 3203 3411
f 3203 3202 3411
f 3373 3168 3203
f 3398 3204 3195
f 3400 3204 3398
f 3205 3204 3400
f 3402 3205 3400
f 3402 3412 3205
f 3412 3206 3205
f 3412 3413 3206
f 3206 3413 3207
f 3413 3414 3207
f 3207 3414 3209
f 3414 3415 3209
f 3209 3415 3211
f 3416 3212 3211
f 3416 3211 3417
f 3417 3211 3415
f 3417 3418 3416
f 3421 3420 3419
f 3215 3419 3420
f 3215 3420 3214
f 3214 3420 3422
f 3422 3423 3214
f 3214 3423 3216
f 3403 3423 3405
f 3403 3217 3423
f 3217 3216 3423
f 3406 3217 3403
f 3218 3217 3406
f 3406 3198 3218
f 3416 3219 3212
f 3418 3219 3416
f 3418 3424 3219
f 3424 3220 3219
f 3424 3425 3220
f 3220 3425 3222
f 3222 3425 3426
f 3223 3222 3426
f 3429 3428 3427
f 3226 3427 3428
f 3226 3428 3225
f 3225 3428 3430
f 3430 3431 3225
f 3225 3431 3227
f 3419 3431 3421
f 3419 3228 3431
f 3228 3227 3431
f 3419 3215 3228
f 3426 3229 3223
f 3432 3229 3426
f 3433 3230 3229
f 3433 3229 3434
f 3434 3229 3432
f 3434 3435 3433
f 3438 3437 3436
f 3427 3231 3232
f 3429 3427 3232
f 3429 3232 3436
f 3429 3436 3437
f 3427 3226 3231
f 3433 3233 3230
f 3435 3233 3433
f 3435 3439 3233
f 3439 3234 3233
f 3234 3439 3440
f 3235 3234 3440
f 3443 3442 3441
f 3436 3236 3237
f 3438 3436 3237
f 3438 3237 3441
f 3438 3441 3442
f 3436 3232 3236
f 3440 3238 3235
f 3444 3238 3440
f 3444 3445 3238
f 3238 3445 3239
f 3239 3445 3446
f 3240 3239 3446
f 3449 3448 3447
f 3441 3241 3242
f 3443 3441 3242
f 3443 3242 3447
f 3443 3447 3448
f 3441 3237 3241
f 3446 3243 3240
f 3450 3243 3446
f 3243 3450 3451
f 3244 3243 3451
f 3454 3453 3452
f 3447 3245 3246
f 3449 3447 3246
f 3449 3246 3452
f 3449 3452 3453
f 3447 3242 3245
f 3451 3247 3244
f 3455 3247 3451
f 3247 3455 3456
f 3248 3247 3456
f 3452 3250 3251
f 3452 3251 3454
f 3454 3251 3457
f 3452 3246 3250
f 3456 3458 3248
f 3458 3252 3248
f 3461 3460 3459
f 3460 3253 3459
f 3460 3457 3253
f 3457 3251 3253
f 3254 3463 3462
f 3254 3252 3463
f 3252 3458 3463
f 3254 3462 3255
f 3459 3257 3258
f 3459 3258 3461
f 3461 3258 3464
f 3459 3253 3257
f 3466 3462 3463
f 3465 3462 3466
f 3462 3465 3259
f 3255 3462 3259
f 3260 3467 3468
f 3260 3468 3258
f 3258 3468 3464
f 3260 3261 3467
f 3466 3469 3465
f 3465 3469 3470
f 3465 3470 3259
f 3259 3470 3262
f 3472 3468 3467
f 3471 3472 3467
f 3467 3263 3471
f 3261 3263 3467
f 3475 3473 3474
f 3474 3473 3264
f 3474 3264 3470
f 3470 3264 3262
f 3471 3266 3267
f 3471 3267 3472
f 3472 3267 3476
f 3471 3263 3266
f 3478 3473 3475
f 3477 3473 3478
f 3473 3477 3268
f 3264 3473 3268
f 3269 3479 3480
f 3269 3480 3267
f 3267 3480 3476
f 3269 3270 3479
f 3477 3273 3272
f 3477 3478 3273
f 3478 3481 3273
f 3477 3272 3268
f 3483 3480 3479
f 3482 3483 3479
f 3479 3274 3482
f 3270 3274 3479
f 3481 3484 3273
f 3484 3276 3273
f 3486 3483 3482
f 3485 3486 3482
f 3482 3277 3485
f 3274 3277 3482
f 3489 3487 3488
f 3488 3487 3278
f 3488 3278 3484
f 3484 3278 3276
f 3485 3280 3281
f 3485 3281 3486
f 3486 3281 3490
f 3485 3277 3280
f 3487 3283 3282
f 3487 3489 3283
f 3489 3491 3283
f 3487 3282 3278
f 3490 3281 3284
f 3492 3490 3284
f 3284 3493 3492
f 3286 3493 3284
f 3491 3494 3283
f 3494 3287 3283
f 3493 3286 3288
f 3495 3493 3288
f 3497 3289 3496
f 3497 3495 3289
f 3495 3288 3289
f 3289 3290 3496
f 3292 3498 3499
f 3291 3498 3292
f 3498 3291 3287
f 3494 3498 3287
f 3497 3496 3500
f 3502 3293 3501
f 3500 3293 3502
f 3500 3290 3293
f 3500 3496 3290
f 3293 3295 3501
f 3297 3503 3504
f 3296 3503 3297
f 3503 3296 3292
f 3499 3503 3292
f 3502 3501 3505
f 3501 3295 3298
f 3501 3298 3505
f 3505 3298 3506
f 3508 3299 3507
f 3508 3506 3299
f 3506 3298 3299
f 3299 3300 3507
f 3302 3509 3510
f 3301 3509 3302
f 3509 3301 3297
f 3504 3509 3297
f 3508 3507 3511
f 3507 3300 3303
f 3507 3303 3511
f 3511 3303 3512
f 3512 3303 3513
f 3303 3304 3513
f 3304 3514 3513
f 3305 3514 3304
f 3308 3515 3516
f 3307 3515 3308
f 3515 3307 3517
f 3307 3309 3517
f 3517 3309 3302
f 3510 3517 3302
f 3514 3305 3310
f 3518 3514 3310
f 3518 3310 3519
f 3310 3311 3519
f 3521 3312 3520
f 3521 3519 3312
f 3519 3311 3312
f 3312 3314 3520
f 3316 3522 3523
f 3315 3522 3316
f 3522 3315 3524
f 3315 3317 3524
f 3524 3317 3308
f 3516 3524 3308
f 3521 3520 3525
f 3520 3314 3318
f 3520 3318 3525
f 3525 3318 3526
f 3526 3318 3527
f 3318 3319 3527
f 3527 3319 3528
f 3319 3320 3528
f 3530 3321 3529
f 3530 3528 3321
f 3528 3320 3321
f 3321 3323 3529
f 3326 3531 3532
f 3325 3531 3326
f 3531 3325 3533
f 3325 3327 3533
f 3533 3327 3316
f 3523 3533 3316
f 3530 3529 3534
f 3529 3323 3328
f 3529 3328 3534
f 3534 3328 3535
f 3535 3328 3536
f 3328 3329 3536
f 3536 3329 3537
f 3329 3330 3537
f 3537 3330 3538
f 3330 3331 3538
f 3540 3332 3539
f 3540 3538 3332
f 3538 3331 3332
f 3332 3334 3539
f 3341 3541 3342
f 3343 3541 3341
f 3542 3541 3343
f 3542 3543 3544
f 3542 3343 3543
f 3343 3344 3543
f 3543 3344 3545
f 3344 3345 3545
f 3545 3345 3546
f 3345 3346 3546
f 3546 3346 3547
f 3346 3347 3547
f 3547 3347 3548
f 3347 3348 3548
f 3548 3348 3326
f 3532 3548 3326
f 3540 3539 3549
f 3539 3334 3349
f 3539 3349 3549
f 3549 3349 3550
f 3550 3349 3551
f 3349 3350 3551
f 3551 3350 3552
f 3350 3351 3552
f 3552 3351 3553
f 3351 3352 3553
f 3553 3352 3554
f 3352 3353 3554
f 3554 3353 3555
f 3353 3354 3555
f 3555 3354 3556
f 3354 3355 3556
f 3556 3355 3557
f 3355 3356 3557
f 3557 3356 3558
f 3356 3357 3558
f 3558 3357 3559
f 3357 3358 3559
f 3559 3358 3560
f 3358 3359 3560
f 3560 3359 3561
f 3359 3360 3561
f 3561 3360 3562
f 3360 3361 3562
f 3562 3361 3563
f 3361 3362 3563
f 3563 3362 3564
f 3362 3363 3564
f 3564 3363 3565
f 3363 3364 3565
f 3565 3364 3566
f 3364 3365 3566
f 3566 3365 3567
f 3365 3366 3567
f 3567 3366 3568
f 3366 3367 3568
f 3568 3367 3569
f 3367 3368 3569
f 3342 3541 3570
f 3342 3570 3368
f 3368 3570 3569
f 3541 3542 3571
f 3570 3541 3571
f 3542 3544 3571
f 3371 3573 3572
f 3370 3371 3572
f 3370 3572 3574
f 3372 3370 3574
f 3577 3576 3575
f 3576 3579 3578
f 3575 3576 3578
f 3579 3581 3580
f 3578 3579 3580
f 3581 3582 3580
f 3585 3584 3583
f 3375 3583 3584
f 3375 3584 3374
f 3374 3584 3586
f 3586 3587 3374
f 3374 3587 3376
f 3587 3588 3376
f 3376 3588 3377
f 3588 3589 3377
f 3377 3589 3378
f 3589 3590 3378
f 3378 3590 3379
f 3590 3591 3379
f 3379 3591 3380
f 3591 3592 3380
f 3380 3592 3381
f 3592 3593 3381
f 3381 3593 3382
f 3593 3594 3382
f 3382 3594 3383
f 3594 3595 3383
f 3383 3595 3384
f 3595 3371 3384
f 3573 3371 3595
f 3574 3385 3372
f 3596 3385 3574
f 3575 3596 3577
f 3575 3386 3596
f 3386 3385 3596
f 3578 3386 3575
f 3387 3386 3578
f 3580 3387 3578
f 3388 3387 3580
f 3582 3388 3580
f 3582 3597 3388
f 3597 3389 3388
f 3597 3598 3389
f 3389 3598 3390
f 3598 3599 3390
f 3390 3599 3391
f 3599 3600 3391
f 3391 3600 3392
f 3600 3601 3392
f 3392 3601 3393
f 3601 3602 3393
f 3393 3602 3394
f 3602 3603 3394
f 3394 3603 3395
f 3603 3604 3395
f 3395 3604 3396
f 3604 3605 3396
f 3396 3605 3397
f 3605 3606 3397
f 3397 3606 3399
f 3606 3607 3399
f 3399 3607 3401
f 3401 3607 3608
f 3402 3401 3608
f 3405 3610 3609
f 3404 3405 3609
f 3609 3611 3404
f 3404 3611 3407
f 3611 3612 3407
f 3407 3612 3408
f 3612 3613 3408
f 3408 3613 3409
f 3613 3614 3409
f 3409 3614 3410
f 3583 3614 3585
f 3583 3411 3614
f 3411 3410 3614
f 3583 3375 3411
f 3608 3412 3402
f 3615 3412 3608
f 3615 3616 3412
f 3412 3616 3413
f 3616 3617 3413
f 3413 3617 3414
f 3617 3618 3414
f 3414 3618 3415
f 3618 3619 3415
f 3415 3619 3417
f 3417 3619 3620
f 3418 3417 3620
f 3623 3622 3621
f 3421 3621 3622
f 3421 3622 3420
f 3420 3622 3624
f 3624 3625 3420
f 3420 3625 3422
f 3625 3626 3422
f 3422 3626 3423
f 3626 3405 3423
f 3610 3405 3626
f 3620 3424 3418
f 3627 3424 3620
f 3627 3628 3424
f 3424 3628 3425
f 3425 3628 3629
f 3426 3425 3629
f 3428 3429 3630
f 3630 3632 3631
f 3630 3631 3428
f 3428 3631 3430
f 3621 3631 3623
f 3621 3431 3631
f 3431 3430 3631
f 3621 3421 3431
f 3629 3432 3426
f 3633 3432 3629
f 3633 3634 3432
f 3432 3634 3434
f 3434 3634 3635
f 3435 3434 3635
f 3438 3637 3636
f 3437 3438 3636
f 3429 3638 3630
f 3429 3437 3638
f 3437 3636 3638
f 3630 3638 3632
f 3635 3439 3435
f 3639 3439 3635
f 3439 3639 3640
f 3440 3439 3640
f 3443 3642 3641
f 3442 3443 3641
f 3641 3438 3442
f 3637 3438 3641
f 3640 3444 3440
f 3643 3444 3640
f 3643 3644 3444
f 3444 3644 3445
f 3445 3644 3645
f 3446 3445 3645
f 3449 3647 3646
f 3448 3449 3646
f 3646 3443 3448
f 3642 3443 3646
f 3645 3450 3446
f 3648 3450 3645
f 3450 3648 3649
f 3451 3450 3649
f 3652 3651 3650
f 3454 3650 3651
f 3454 3651 3453
f 3453 3651 3653
f 3653 3449 3453
f 3647 3449 3653
f 3455 3655 3654
f 3455 3451 3655
f 3451 3649 3655
f 3455 3654 3456
f 3657 3652 3650
f 3656 3657 3650
f 3650 3457 3656
f 3454 3457 3650
f 3659 3654 3655
f 3658 3654 3659
f 3654 3658 3458
f 3456 3654 3458
f 3656 3460 3461
f 3656 3461 3657
f 3657 3461 3660
f 3656 3457 3460
f 3659 3661 3658
f 3658 3661 3662
f 3658 3662 3458
f 3458 3662 3463
f 3660 3461 3663
f 3663 3461 3464
f 3662 3664 3463
f 3664 3466 3463
f 3663 3464 3665
f 3665 3464 3468
f 3469 3667 3666
f 3469 3466 3667
f 3466 3664 3667
f 3469 3666 3470
f 3665 3468 3668
f 3668 3468 3472
f 3666 3475 3474
f 3666 3667 3475
f 3667 3669 3475
f 3666 3474 3470
f 3668 3472 3670
f 3670 3472 3476
f 3669 3671 3475
f 3671 3478 3475
f 3670 3476 3672
f 3672 3476 3480
f 3671 3673 3478
f 3673 3481 3478
f 3672 3480 3674
f 3674 3480 3483
f 3673 3675 3481
f 3675 3484 3481
f 3674 3483 3676
f 3676 3483 3486
f 3489 3677 3678
f 3488 3677 3489
f 3677 3488 3484
f 3675 3677 3484
f 3676 3486 3679
f 3679 3486 3490
f 3678 3680 3489
f 3680 3491 3489
f 3492 3681 3682
f 3492 3682 3490
f 3490 3682 3679
f 3492 3493 3681
f 3685 3683 3684
f 3684 3683 3494
f 3684 3494 3680
f 3680 3494 3491
f 3682 3681 3686
f 3681 3493 3495
f 3681 3495 3686
f 3686 3495 3687
f 3495 3688 3687
f 3497 3688 3495
f 3691 3689 3690
f 3683 3499 3498
f 3685 3499 3683
f 3685 3689 3499
f 3685 3690 3689
f 3683 3498 3494
f 3688 3497 3500
f 3692 3688 3500
f 3500 3693 3692
f 3502 3693 3500
f 3696 3694 3695
f 3689 3504 3503
f 3691 3504 3689
f 3691 3694 3504
f 3691 3695 3694
f 3689 3503 3499
f 3693 3502 3505
f 3697 3693 3505
f 3697 3505 3698
f 3505 3506 3698
f 3506 3699 3698
f 3508 3699 3506
f 3694 3510 3509
f 3694 3696 3510
f 3696 3700 3510
f 3694 3509 3504
f 3699 3508 3511
f 3701 3699 3511
f 3701 3511 3702
f 3511 3512 3702
f 3702 3512 3703
f 3512 3513 3703
f 3513 3704 3703
f 3514 3704 3513
f 3516 3705 3706
f 3515 3705 3516
f 3705 3515 3707
f 3515 3517 3707
f 3707 3517 3510
f 3700 3707 3510
f 3704 3514 3518
f 3708 3704 3518
f 3708 3518 3709
f 3518 3519 3709
f 3519 3710 3709
f 3521 3710 3519
f 3523 3711 3712
f 3522 3711 3523
f 3711 3522 3713
f 3522 3524 3713
f 3713 3524 3516
f 3706 3713 3516
f 3710 3521 3525
f 3714 3710 3525
f 3714 3525 3715
f 3525 3526 3715
f 3715 3526 3716
f 3526 3527 3716
f 3718 3528 3717
f 3718 3716 3528
f 3716 3527 3528
f 3528 3530 3717
f 3532 3719 3720
f 3531 3719 3532
f 3719 3531 3721
f 3531 3533 3721
f 3721 3533 3523
f 3712 3721 3523
f 3718 3717 3722
f 3717 3530 3534
f 3717 3534 3722
f 3722 3534 3723
f 3723 3534 3724
f 3534 3535 3724
f 3724 3535 3725
f 3535 3536 3725
f 3725 3536 3726
f 3536 3537 3726
f 3728 3538 3727
f 3728 3726 3538
f 3726 3537 3538
f 3538 3540 3727
f 3543 3729 3544
f 3729 3730 3731
f 3729 3543 3730
f 3543 3545 3730
f 3730 3545 3732
f 3545 3546 3732
f 3732 3546 3733
f 3546 3547 3733
f 3733 3547 3734
f 3547 3548 3734
f 3734 3548 3532
f 3720 3734 3532
f 3728 3727 3735
f 3727 3540 3549
f 3727 3549 3735
f 3735 3549 3736
f 3736 3549 3737
f 3549 3550 3737
f 3737 3550 3738
f 3550 3551 3738
f 3738 3551 3739
f 3551 3552 3739
f 3739 3552 3740
f 3552 3553 3740
f 3740 3553 3741
f 3553 3554 3741
f 3741 3554 3742
f 3554 3555 3742
f 3742 3555 3743
f 3555 3556 3743
f 3743 3556 3744
f 3556 3557 3744
f 3744 3557 3745
f 3557 3558 3745
f 3745 3558 3746
f 3558 3559 3746
f 3746 3559 3747
f 3559 3560 3747
f 3747 3560 3748
f 3560 3561 3748
f 3748 3561 3749
f 3561 3562 3749
f 3749 3562 3750
f 3562 3563 3750
f 3750 3563 3751
f 3563 3564 3751
f 3751 3564 3752
f 3564 3565 3752
f 3752 3565 3753
f 3565 3566 3753
f 3753 3566 3754
f 3566 3567 3754
f 3754 3567 3755
f 3567 3568 3755
f 3755 3568 3756
f 3568 3569 3756
f 3756 3569 3757
f 3569 3570 3757
f 3757 3570 3758
f 3570 3571 3758
f 3544 3729 3759
f 3544 3759 3571
f 3571 3759 3758
f 3729 3731 3759
f 3762 3761 3760
f 3573 3760 3761
f 3573 3761 3572
f 3764 3763 3761
f 3763 3572 3761
f 3765 3574 3572
f 3765 3572 3766
f 3763 3767 3572
f 3767 3766 3572
f 3577 3765 3766
f 3577 3766 3576
f 3576 3766 3768
f 3768 3769 3576
f 3576 3769 3579
f 3771 3770 3581
f 3771 3581 3769
f 3769 3581 3579
f 3772 3582 3581
f 3772 3581 3773
f 3770 3774 3581
f 3774 3773 3581
f 3773 3775 3772
f 3778 3777 3776
f 3777 3780 3779
f 3776 3777 3779
f 3780 3781 3779
f 3585 3783 3782
f 3584 3585 3782
f 3782 3784 3584
f 3584 3784 3586
f 3784 3785 3586
f 3586 3785 3587
f 3785 3786 3587
f 3587 3786 3588
f 3786 3787 3588
f 3588 3787 3589
f 3787 3788 3589
f 3589 3788 3590
f 3788 3789 3590
f 3590 3789 3591
f 3789 3790 3591
f 3591 3790 3592
f 3790 3791 3592
f 3592 3791 3593
f 3791 3792 3593
f 3593 3792 3594
f 3760 3792 3762
f 3760 3595 3792
f 3595 3594 3792
f 3764 3793 3763
f 3760 3573 3595
f 3763 3793 3767
f 3574 3765 3596
f 3765 3577 3596
f 3771 3794 3770
f 3770 3794 3774
f 3582 3772 3597
f 3775 3597 3772
f 3775 3795 3597
f 3795 3598 3597
f 3776 3795 3778
f 3776 3599 3795
f 3599 3598 3795
f 3779 3599 3776
f 3600 3599 3779
f 3781 3600 3779
f 3781 3796 3600
f 3796 3601 3600
f 3796 3797 3601
f 3601 3797 3602
f 3797 3798 3602
f 3602 3798 3603
f 3798 3799 3603
f 3603 3799 3604
f 3799 3800 3604
f 3604 3800 3605
f 3800 3801 3605
f 3605 3801 3606
f 3801 3802 3606
f 3606 3802 3607
f 3803 3608 3607
f 3803 3607 3804
f 3804 3607 3802
f 3804 3805 3803
f 3808 3807 3806
f 3610 3806 3807
f 3610 3807 3609
f 3609 3807 3809
f 3809 3810 3609
f 3609 3810 3611
f 3810 3811 3611
f 3611 3811 3612
f 3811 3812 3612
f 3612 3812 3613
f 3812 3813 3613
f 3613 3813 3614
f 3813 3585 3614
f 3783 3585 3813
f 3803 3615 3608
f 3805 3615 3803
f 3805 3814 3615
f 3814 3616 3615
f 3814 3815 3616
f 3616 3815 3617
f 3815 3816 3617
f 3617 3816 3618
f 3816 3817 3618
f 3618 3817 3619
f 3619 3817 3818
f 3620 3619 3818
f 3623 3820 3819
f 3622 3623 3819
f 3819 3821 3622
f 3622 3821 3624
f 3821 3822 3624
f 3624 3822 3625
f 3806 3822 3808
f 3806 3626 3822
f 3626 3625 3822
f 3806 3610 3626
f 3818 3627 3620
f 3823 3627 3818
f 3823 3824 3627
f 3627 3824 3628
f 3628 3824 3825
f 3629 3628 3825
f 3828 3827 3826
f 3632 3826 3827
f 3632 3827 3631
f 3631 3827 3829
f 3829 3623 3631
f 3820 3623 3829
f 3825 3633 3629
f 3830 3633 3825
f 3830 3831 3633
f 3633 3831 3634
f 3634 3831 3832
f 3635 3634 3832
f 3835 3834 3833
f 3637 3833 3834
f 3637 3834 3636
f 3636 3834 3836
f 3826 3836 3828
f 3826 3638 3836
f 3638 3636 3836
f 3826 3632 3638
f 3832 3639 3635
f 3837 3639 3832
f 3838 3640 3639
f 3838 3639 3839
f 3839 3639 3837
f 3839 3840 3838
f 3843 3842 3841
f 3833 3641 3642
f 3835 3833 3642
f 3835 3642 3841
f 3835 3841 3842
f 3833 3637 3641
f 3838 3643 3640
f 3838 3644 3643
f 3838 3845 3644
f 3838 3840 3845
f 3844 3644 3845
f 3644 3844 3645
f 3848 3847 3846
f 3841 3646 3647
f 3843 3841 3647
f 3843 3647 3846
f 3843 3846 3847
f 3841 3642 3646
f 3845 3849 3844
f 3851 3850 3648
f 3849 3851 3648
f 3849 3648 3645
f 3849 3645 3844
f 3648 3850 3649
f 3651 3652 3852
f 3852 3853 3848
f 3852 3848 3653
f 3852 3653 3651
f 3653 3848 3846
f 3846 3647 3653
f 3851 3854 3850
f 3850 3854 3855
f 3850 3855 3649
f 3649 3855 3655
f 3856 3852 3652
f 3856 3652 3857
f 3857 3652 3657
f 3852 3856 3853
f 3855 3858 3655
f 3858 3659 3655
f 3857 3657 3859
f 3859 3657 3660
f 3858 3661 3659
f 3860 3661 3858
f 3661 3860 3861
f 3662 3661 3861
f 3859 3660 3862
f 3862 3660 3663
f 3865 3863 3864
f 3864 3863 3664
f 3864 3664 3861
f 3861 3664 3662
f 3862 3663 3866
f 3866 3663 3665
f 3868 3863 3865
f 3867 3863 3868
f 3863 3867 3667
f 3664 3863 3667
f 3866 3665 3869
f 3869 3665 3668
f 3868 3870 3867
f 3867 3870 3871
f 3867 3871 3667
f 3667 3871 3669
f 3869 3668 3872
f 3872 3668 3670
f 3871 3873 3669
f 3873 3671 3669
f 3872 3670 3874
f 3874 3670 3672
f 3877 3875 3876
f 3876 3875 3673
f 3876 3673 3873
f 3873 3673 3671
f 3874 3672 3878
f 3878 3672 3674
f 3880 3875 3877
f 3879 3875 3880
f 3875 3879 3675
f 3673 3875 3675
f 3878 3674 3881
f 3881 3674 3676
f 3879 3678 3677
f 3879 3880 3678
f 3880 3882 3678
f 3879 3677 3675
f 3881 3676 3883
f 3883 3676 3679
f 3882 3884 3678
f 3884 3680 3678
f 3883 3679 3885
f 3885 3679 3682
f 3685 3886 3887
f 3684 3886 3685
f 3886 3684 3680
f 3884 3886 3680
f 3885 3682 3686
f 3888 3885 3686
f 3888 3686 3889
f 3686 3687 3889
f 3687 3890 3889
f 3688 3890 3687
f 3690 3891 3691
f 3891 3690 3685
f 3891 3685 3892
f 3892 3685 3887
f 3890 3688 3692
f 3893 3890 3692
f 3692 3894 3893
f 3693 3894 3692
f 3695 3895 3696
f 3895 3896 3897
f 3695 3896 3895
f 3695 3891 3896
f 3695 3691 3891
f 3891 3892 3896
f 3894 3693 3697
f 3898 3894 3697
f 3900 3698 3899
f 3900 3898 3698
f 3898 3697 3698
f 3698 3699 3899
f 3901 3696 3895
f 3901 3902 3696
f 3902 3700 3696
f 3895 3897 3901
f 3900 3899 3903
f 3899 3699 3701
f 3899 3701 3903
f 3903 3701 3904
f 3904 3701 3905
f 3701 3702 3905
f 3907 3703 3906
f 3907 3905 3703
f 3905 3702 3703
f 3703 3704 3906
f 3705 3908 3706
f 3908 3909 3910
f 3908 3705 3909
f 3705 3707 3909
f 3909 3707 3700
f 3902 3909 3700
f 3907 3906 3911
f 3906 3704 3708
f 3906 3708 3911
f 3911 3708 3912
f 3912 3708 3913
f 3708 3709 3913
f 3914 3709 3710
f 3914 3915 3709
f 3915 3913 3709
f 3915 3914 3916
f 3711 3917 3712
f 3917 3918 3919
f 3917 3711 3918
f 3711 3713 3918
f 3706 3908 3920
f 3706 3920 3713
f 3713 3920 3918
f 3908 3910 3920
f 3914 3710 3714
f 3916 3914 3714
f 3916 3714 3921
f 3921 3714 3715
f 3921 3715 3922
f 3715 3716 3922
f 3716 3923 3922
f 3718 3923 3716
f 3720 3924 3925
f 3719 3924 3720
f 3924 3719 3926
f 3719 3721 3926
f 3712 3917 3927
f 3712 3927 3721
f 3721 3927 3926
f 3917 3919 3927
f 3923 3718 3722
f 3928 3923 3722
f 3928 3722 3929
f 3722 3723 3929
f 3929 3723 3930
f 3723 3724 3930
f 3930 3724 3931
f 3724 3725 3931
f 3931 3725 3932
f 3725 3726 3932
f 3726 3933 3932
f 3728 3933 3726
f 3731 3934 3935
f 3730 3934 3731
f 3934 3730 3936
f 3730 3732 3936
f 3936 3732 3937
f 3732 3733 3937
f 3937 3733 3938
f 3733 3734 3938
f 3938 3734 3720
f 3925 3938 3720
f 3933 3728 3735
f 3939 3933 3735
f 3939 3735 3940
f 3735 3736 3940
f 3940 3736 3941
f 3736 3737 3941
f 3941 3737 3942
f 3737 3738 3942
f 3942 3738 3943
f 3738 3739 3943
f 3943 3739 3944
f 3739 3740 3944
f 3944 3740 3945
f 3740 3741 3945
f 3945 3741 3946
f 3741 3742 3946
f 3946 3742 3947
f 3742 3743 3947
f 3947 3743 3948
f 3743 3744 3948
f 3948 3744 3949
f 3744 3745 3949
f 3949 3745 3950
f 3745 3746 3950
f 3952 3747 3951
f 3952 3950 3747
f 3950 3746 3747
f 3748 3951 3747
f 3953 3951 3748
f 3749 3953 3748
f 3954 3953 3749
f 3750 3954 3749
f 3955 3954 3750
f 3955 3956 3957
f 3955 3750 3956
f 3750 3751 3956
f 3959 3752 3958
f 3959 3956 3752
f 3956 3751 3752
f 3958 3960 3961
f 3958 3752 3960
f 3752 3753 3960
f 3960 3753 3962
f 3753 3754 3962
f 3962 3754 3963
f 3754 3755 3963
f 3963 3755 3964
f 3755 3756 3964
f 3964 3756 3965
f 3756 3757 3965
f 3965 3757 3966
f 3757 3758 3966
f 3966 3758 3967
f 3758 3759 3967
f 3967 3759 3731
f 3935 3967 3731
f 3952 3951 3968
f 3951 3953 3969
f 3968 3951 3969
f 3953 3954 3970
f 3969 3953 3970
f 3954 3955 3971
f 3970 3954 3971
f 3955 3957 3971
f 3959 3958 3972
f 3958 3961 3972
f 3761 3762 3973
f 3974 3764 3761
f 3974 3761 3975
f 3973 3976 3761
f 3976 3975 3761
f 3767 3974 3975
f 3767 3975 3766
f 3766 3975 3977
f 3977 3978 3766
f 3766 3978 3768
f 3980 3979 3769
f 3980 3769 3978
f 3978 3769 3768
f 3769 3979 3771
f 3773 3774 3981
f 3982 3775 3773
f 3982 3773 3983
f 3981 3984 3773
f 3984 3983 3773
f 3778 3982 3983
f 3778 3983 3777
f 3986 3985 3983
f 3985 3777 3983
f 3780 3777 3985
f 3987 3780 3985
f 3780 3987 3781
f 3990 3989 3988
f 3783 3988 3989
f 3783 3989 3782
f 3782 3989 3991
f 3991 3992 3782
f 3782 3992 3784
f 3992 3993 3784
f 3784 3993 3785
f 3993 3994 3785
f 3785 3994 3786
f 3994 3995 3786
f 3786 3995 3787
f 3995 3996 3787
f 3787 3996 3788
f 3996 3997 3788
f 3788 3997 3789
f 3997 3998 3789
f 3789 3998 3790
f 3998 3999 3790
f 3790 3999 3791
f 3999 4000 3791
f 3791 4000 3792
f 3762 4001 3973
f 3762 3792 4001
f 3792 4000 4001
f 3973 4001 3976
f 3764 3974 3793
f 3974 3767 3793
f 3980 4002 3979
f 3979 3794 3771
f 3979 4002 3794
f 4002 4003 3794
f 3774 4004 3981
f 3774 3794 4004
f 3794 4003 4004
f 3981 4004 3984
f 3775 3982 3795
f 3986 4005 3985
f 3982 3778 3795
f 3985 4006 3987
f 4005 4006 3985
f 3987 3796 3781
f 3987 4006 3796
f 4006 4007 3796
f 4007 4008 3796
f 3796 4008 3797
f 4008 4009 3797
f 3797 4009 3798
f 4009 4010 3798
f 3798 4010 3799
f 4010 4011 3799
f 3799 4011 3800
f 4011 4012 3800
f 3800 4012 3801
f 4012 4013 3801
f 3801 4013 3802
f 4013 4014 3802
f 3802 4014 3804
f 3804 4014 4015
f 3805 3804 4015
f 3807 3808 4016
f 4016 4018 4017
f 4016 4017 3807
f 3807 4017 3809
f 4017 4019 3809
f 3809 4019 3810
f 4019 4020 3810
f 3810 4020 3811
f 4020 4021 3811
f 3811 4021 3812
f 3988 4021 3990
f 3988 3813 4021
f 3813 3812 4021
f 3988 3783 3813
f 4015 3814 3805
f 4022 3814 4015
f 4022 4023 3814
f 3814 4023 3815
f 4023 4024 3815
f 3815 4024 3816
f 4024 4025 3816
f 3816 4025 3817
f 3817 4025 4026
f 3818 3817 4026
f 4029 4028 4027
f 3820 4027 4028
f 3820 4028 3819
f 3819 4028 4030
f 4030 4031 3819
f 3819 4031 3821
f 4031 4032 3821
f 3821 4032 3822
f 3808 4033 4016
f 3808 3822 4033
f 3822 4032 4033
f 4016 4033 4018
f 4026 3823 3818
f 4034 3823 4026
f 4034 4035 3823
f 3823 4035 3824
f 3824 4035 4036
f 3825 3824 4036
f 3828 4038 4037
f 3827 3828 4037
f 4027 4037 4029
f 4027 3829 4037
f 3829 3827 4037
f 4027 3820 3829
f 4036 3830 3825
f 4039 3830 4036
f 4039 4040 3830
f 3830 4040 3831
f 3831 4040 4041
f 3832 3831 4041
f 3835 4043 4042
f 3834 3835 4042
f 4042 4044 3834
f 3834 4044 3836
f 4044 3828 3836
f 4038 3828 4044
f 4041 3837 3832
f 4045 3837 4041
f 4047 4046 3839
f 4047 3839 4045
f 4045 3839 3837
f 3839 4046 3840
f 4050 4049 4048
f 3843 4048 4049
f 3843 4049 3842
f 3842 4049 4051
f 4051 3835 3842
f 4043 3835 4051
f 4047 4052 4046
f 4046 4052 4053
f 4046 4053 3840
f 3840 4053 3845
f 4056 4055 4054
f 4048 3847 3848
f 4050 4048 3848
f 4050 3848 4054
f 4050 4054 4055
f 4048 3843 3847
f 4053 3849 3845
f 4057 3849 4053
f 3849 4057 4058
f 3851 3849 4058
f 4060 4056 4054
f 4059 4060 4054
f 4054 3853 4059
f 3848 3853 4054
f 4058 3854 3851
f 4061 3854 4058
f 3854 4061 4062
f 3855 3854 4062
f 4059 3856 3857
f 4059 3857 4060
f 4060 3857 4063
f 4059 3853 3856
f 4062 4064 3855
f 4064 3858 3855
f 4063 3857 4065
f 4065 3857 3859
f 3860 4067 4066
f 3860 3858 4067
f 3858 4064 4067
f 3860 4066 3861
f 4065 3859 4068
f 4068 3859 3862
f 4066 3865 3864
f 4066 4067 3865
f 4067 4069 3865
f 4066 3864 3861
f 4068 3862 4070
f 4070 3862 3866
f 4069 4071 3865
f 4071 3868 3865
f 4070 3866 4072
f 4072 3866 3869
f 3870 4074 4073
f 3870 3868 4074
f 3868 4071 4074
f 3870 4073 3871
f 4072 3869 4075
f 4075 3869 3872
f 4077 4073 4074
f 4076 4073 4077
f 4073 4076 3873
f 3871 4073 3873
f 4075 3872 4078
f 4078 3872 3874
f 4076 3877 3876
f 4076 4077 3877
f 4077 4079 3877
f 4076 3876 3873
f 4078 3874 4080
f 4080 3874 3878
f 4079 4081 3877
f 4081 3880 3877
f 4080 3878 4082
f 4082 3878 3881
f 4081 4083 3880
f 4083 3882 3880
f 4082 3881 4084
f 4084 3881 3883
f 4087 4085 4086
f 4086 4085 3884
f 4086 3884 4083
f 4083 3884 3882
f 4084 3883 4088
f 4088 3883 3885
f 4091 4089 4090
f 4085 3887 3886
f 4087 3887 4085
f 4087 4089 3887
f 4087 4090 4089
f 4085 3886 3884
f 4088 3885 3888
f 4092 4088 3888
f 4092 3888 4093
f 3888 3889 4093
f 3889 4094 4093
f 3890 4094 3889
f 4096 4089 4091
f 4095 4089 4096
f 4089 4095 3892
f 3887 4089 3892
f 4094 3890 3893
f 4097 4094 3893
f 3893 4098 4097
f 3894 4098 3893
f 4101 4099 4100
f 4095 3897 3896
f 4096 3897 4095
f 4096 4099 3897
f 4096 4100 4099
f 4095 3896 3892
f 4098 3894 3898
f 4102 4098 3898
f 4103 3898 3900
f 4103 4104 3898
f 4104 4102 3898
f 4104 4103 4105
f 4108 4106 4107
f 4099 3902 3901
f 4101 3902 4099
f 4101 4106 3902
f 4101 4107 4106
f 4099 3901 3897
f 4103 3900 3903
f 4105 4103 3903
f 4105 3903 4109
f 4109 3903 3904
f 4109 3904 4110
f 3904 3905 4110
f 3905 4111 4110
f 3907 4111 3905
f 4114 4112 4113
f 4106 3910 3909
f 4108 3910 4106
f 4108 4112 3910
f 4108 4113 4112
f 4106 3909 3902
f 4111 3907 3911
f 4115 4111 3911
f 4115 3911 4116
f 3911 3912 4116
f 4118 3913 4117
f 4118 4116 3913
f 4116 3912 3913
f 3915 4117 3913
f 4119 4117 3915
f 3915 3916 4119
f 3919 4120 4121
f 3918 4120 3919
f 4112 4114 4120
f 4112 4120 3920
f 3920 4120 3918
f 4112 3920 3910
f 4118 4117 4122
f 4117 4119 4123
f 4122 4117 4123
f 4119 3916 3921
f 4119 3921 4123
f 4123 3921 4124
f 4124 3921 4125
f 3921 3922 4125
f 3922 4126 4125
f 3923 4126 3922
f 3925 4127 4128
f 3924 4127 3925
f 4127 3924 4129
f 3924 3926 4129
f 4129 3926 4130
f 3926 3927 4130
f 4130 3927 3919
f 4121 4130 3919
f 4126 3923 3928
f 4131 4126 3928
f 4131 3928 4132
f 3928 3929 4132
f 4132 3929 4133
f 3929 3930 4133
f 4133 3930 4134
f 3930 3931 4134
f 4134 3931 4135
f 3931 3932 4135
f 3932 4136 4135
f 3933 4136 3932
f 3935 4137 4138
f 3934 4137 3935
f 4137 3934 4139
f 3934 3936 4139
f 4139 3936 4140
f 3936 3937 4140
f 4140 3937 4141
f 3937 3938 4141
f 4141 3938 3925
f 4128 4141 3925
f 4136 3933 3939
f 4142 4136 3939
f 4142 3939 4143
f 3939 3940 4143
f 4143 3940 4144
f 3940 3941 4144
f 4144 3941 4145
f 3941 3942 4145
f 4145 3942 4146
f 3942 3943 4146
f 4146 3943 4147
f 3943 3944 4147
f 4147 3944 4148
f 3944 3945 4148
f 4148 3945 4149
f 3945 3946 4149
f 4149 3946 4150
f 3946 3947 4150
f 4150 3947 4151
f 3947 3948 4151
f 4153 3949 4152
f 4153 4151 3949
f 4151 3948 3949
f 3950 4152 3949
f 4154 4152 3950
f 3950 3952 4154
f 3956 4155 3957
f 4155 3956 3959
f 4158 4156 4157
f 3961 4157 4156
f 3961 3960 4157
f 3960 4159 4157
f 4159 3960 4160
f 3960 3962 4160
f 4160 3962 4161
f 3962 3963 4161
f 4161 3963 4162
f 3963 3964 4162
f 4162 3964 4163
f 3964 3965 4163
f 4163 3965 4164
f 3965 3966 4164
f 4164 3966 4165
f 3966 3967 4165
f 4165 3967 3935
f 4138 4165 3935
f 4153 4152 4166
f 4152 4154 4167
f 4166 4152 4167
f 4154 3952 3968
f 4154 3968 4167
f 4167 3968 4168
f 4168 3968 4169
f 3968 3969 4169
f 4169 3969 4170
f 3969 3970 4170
f 4170 3970 4171
f 3970 3971 4171
f 3957 4155 4172
f 3957 4172 3971
f 3971 4172 4171
f 4156 4158 4172
f 4156 4172 3972
f 4155 3959 4172
f 3959 3972 4172
f 4156 3972 3961
f 3976 4174 4173
f 3975 3976 4173
f 4173 4175 3975
f 3975 4175 3977
f 4177 4176 3978
f 4177 3978 4175
f 4175 3978 3977
f 3978 4176 3980
f 3983 3984 4178
f 3983 4178 3986
f 3990 4180 4179
f 3989 3990 4179
f 4179 4181 3989
f 3989 4181 3991
f 4181 4182 3991
f 3991 4182 3992
f 4182 4183 3992
f 3992 4183 3993
f 4183 4184 3993
f 3993 4184 3994
f 4184 4185 3994
f 3994 4185 3995
f 4185 4186 3995
f 3995 4186 3996
f 4186 4187 3996
f 3996 4187 3997
f 4187 4188 3997
f 3997 4188 3998
f 4188 4189 3998
f 3998 4189 3999
f 4189 4190 3999
f 3999 4190 4000
f 4190 4191 4000
f 4000 4191 4001
f 4191 3976 4001
f 4174 3976 4191
f 4177 4192 4176
f 4176 4002 3980
f 4176 4192 4002
f 4192 4193 4002
f 4193 4194 4002
f 4002 4194 4003
f 4194 4195 4003
f 4003 4195 4004
f 3984 4196 4178
f 3984 4004 4196
f 4004 4195 4196
f 4178 4005 3986
f 4178 4196 4005
f 4196 4197 4005
f 4197 4198 4005
f 4005 4198 4006
f 4198 4199 4006
f 4006 4199 4007
f 4199 4200 4007
f 4007 4200 4008
f 4200 4201 4008
f 4008 4201 4009
f 4201 4202 4009
f 4009 4202 4010
f 4202 4203 4010
f 4010 4203 4011
f 4203 4204 4011
f 4011 4204 4012
f 4204 4205 4012
f 4012 4205 4013
f 4207 4206 4014
f 4207 4014 4205
f 4205 4014 4013
f 4014 4206 4015
f 4210 4209 4208
f 4018 4208 4209
f 4018 4209 4017
f 4017 4209 4211
f 4211 4212 4017
f 4017 4212 4019
f 4212 4213 4019
f 4019 4213 4020
f 4213 4214 4020
f 4020 4214 4021
f 4214 3990 4021
f 4180 3990 4214
f 4207 4215 4206
f 4206 4022 4015
f 4206 4215 4022
f 4215 4216 4022
f 4216 4217 4022
f 4022 4217 4023
f 4217 4218 4023
f 4023 4218 4024
f 4220 4219 4025
f 4220 4025 4218
f 4218 4025 4024
f 4025 4219 4026
f 4028 4029 4221
f 4221 4223 4222
f 4221 4222 4028
f 4028 4222 4030
f 4222 4224 4030
f 4030 4224 4031
f 4224 4225 4031
f 4031 4225 4032
f 4208 4225 4210
f 4208 4033 4225
f 4033 4032 4225
f 4208 4018 4033
f 4220 4226 4219
f 4219 4034 4026
f 4219 4226 4034
f 4226 4227 4034
f 4227 4228 4034
f 4034 4228 4035
f 4035 4228 4229
f 4036 4035 4229
f 4232 4231 4230
f 4038 4230 4231
f 4038 4231 4037
f 4037 4231 4233
f 4029 4234 4221
f 4029 4037 4234
f 4037 4233 4234
f 4221 4234 4223
f 4229 4039 4036
f 4235 4039 4229
f 4237 4236 4040
f 4237 4040 4235
f 4235 4040 4039
f 4040 4236 4041
f 4043 4239 4238
f 4042 4043 4238
f 4230 4238 4232
f 4230 4044 4238
f 4044 4042 4238
f 4230 4038 4044
f 4237 4240 4236
f 4236 4045 4041
f 4236 4240 4045
f 4240 4241 4045
f 4045 4241 4242
f 4047 4045 4242
f 4050 4244 4243
f 4049 4050 4243
f 4243 4245 4049
f 4049 4245 4051
f 4245 4043 4051
f 4239 4043 4245
f 4242 4052 4047
f 4246 4052 4242
f 4052 4246 4247
f 4053 4052 4247
f 4056 4249 4248
f 4055 4056 4248
f 4248 4050 4055
f 4244 4050 4248
f 4247 4057 4053
f 4250 4057 4247
f 4057 4250 4251
f 4058 4057 4251
f 4249 4056 4252
f 4252 4056 4060
f 4061 4254 4253
f 4061 4058 4254
f 4058 4251 4254
f 4061 4253 4062
f 4252 4060 4255
f 4255 4060 4063
f 4257 4253 4254
f 4256 4253 4257
f 4253 4256 4064
f 4062 4253 4064
f 4255 4063 4258
f 4258 4063 4065
f 4257 4259 4256
f 4256 4259 4260
f 4256 4260 4064
f 4064 4260 4067
f 4258 4065 4261
f 4261 4065 4068
f 4260 4262 4067
f 4262 4069 4067
f 4261 4068 4263
f 4263 4068 4070
f 4262 4264 4069
f 4264 4071 4069
f 4263 4070 4265
f 4265 4070 4072
f 4264 4266 4071
f 4266 4074 4071
f 4265 4072 4267
f 4267 4072 4075
f 4266 4268 4074
f 4268 4077 4074
f 4267 4075 4269
f 4269 4075 4078
f 4268 4270 4077
f 4270 4079 4077
f 4269 4078 4271
f 4271 4078 4080
f 4270 4272 4079
f 4272 4081 4079
f 4271 4080 4273
f 4273 4080 4082
f 4276 4274 4275
f 4275 4274 4083
f 4275 4083 4272
f 4272 4083 4081
f 4273 4082 4277
f 4277 4082 4084
f 4274 4087 4086
f 4274 4276 4087
f 4276 4278 4087
f 4274 4086 4083
f 4277 4084 4279
f 4279 4084 4088
f 4091 4280 4281
f 4090 4280 4091
f 4280 4090 4087
f 4278 4280 4087
f 4279 4088 4092
f 4282 4279 4092
f 4284 4093 4283
f 4284 4282 4093
f 4282 4092 4093
f 4093 4094 4283
f 4281 4285 4091
f 4285 4096 4091
f 4284 4283 4286
f 4283 4094 4097
f 4283 4097 4286
f 4286 4097 4287
f 4097 4288 4287
f 4098 4288 4097
f 4101 4289 4290
f 4100 4289 4101
f 4289 4100 4096
f 4285 4289 4096
f 4288 4098 4102
f 4291 4288 4102
f 4291 4102 4292
f 4102 4104 4292
f 4104 4293 4292
f 4105 4293 4104
f 4108 4294 4295
f 4107 4294 4108
f 4294 4107 4101
f 4290 4294 4101
f 4293 4105 4109
f 4296 4293 4109
f 4296 4109 4297
f 4109 4110 4297
f 4110 4298 4297
f 4111 4298 4110
f 4114 4299 4300
f 4113 4299 4114
f 4299 4113 4108
f 4295 4299 4108
f 4298 4111 4115
f 4301 4298 4115
f 4301 4115 4302
f 4115 4116 4302
f 4303 4116 4118
f 4303 4304 4116
f 4304 4302 4116
f 4304 4303 4305
f 4308 4306 4307
f 4121 4307 4306
f 4121 4120 4307
f 4120 4309 4307
f 4309 4120 4114
f 4300 4309 4114
f 4303 4118 4122
f 4305 4303 4122
f 4305 4122 4310
f 4310 4122 4123
f 4310 4123 4311
f 4123 4124 4311
f 4311 4124 4312
f 4124 4125 4312
f 4125 4313 4312
f 4126 4313 4125
f 4128 4314 4315
f 4127 4314 4128
f 4314 4127 4316
f 4127 4129 4316
f 4306 4308 4316
f 4306 4316 4130
f 4130 4316 4129
f 4306 4130 4121
f 4313 4126 4131
f 4317 4313 4131
f 4317 4131 4318
f 4131 4132 4318
f 4318 4132 4319
f 4132 4133 4319
f 4319 4133 4320
f 4133 4134 4320
f 4320 4134 4321
f 4134 4135 4321
f 4322 4135 4136
f 4322 4323 4135
f 4323 4321 4135
f 4323 4322 4324
f 4137 4325 4138
f 4325 4326 4327
f 4325 4137 4326
f 4137 4139 4326
f 4326 4139 4328
f 4139 4140 4328
f 4328 4140 4329
f 4140 4141 4329
f 4329 4141 4128
f 4315 4329 4128
f 4322 4136 4142
f 4324 4322 4142
f 4324 4142 4330
f 4330 4142 4143
f 4330 4143 4331
f 4143 4144 4331
f 4331 4144 4332
f 4144 4145 4332
f 4332 4145 4333
f 4145 4146 4333
f 4333 4146 4334
f 4146 4147 4334
f 4334 4147 4335
f 4147 4148 4335
f 4335 4148 4336
f 4148 4149 4336
f 4336 4149 4337
f 4149 4150 4337
f 4337 4150 4338
f 4150 4151 4338
f 4339 4151 4153
f 4339 4340 4151
f 4340 4338 4151
f 4340 4341 4342
f 4339 4341 4340
f 4342 4341 4343
f 4346 4344 4345
f 4158 4345 4344
f 4158 4157 4345
f 4157 4347 4345
f 4347 4157 4348
f 4157 4159 4348
f 4348 4159 4349
f 4159 4160 4349
f 4349 4160 4350
f 4160 4161 4350
f 4350 4161 4351
f 4161 4162 4351
f 4351 4162 4352
f 4162 4163 4352
f 4352 4163 4353
f 4163 4164 4353
f 4353 4164 4354
f 4164 4165 4354
f 4138 4325 4355
f 4138 4355 4165
f 4165 4355 4354
f 4325 4327 4355
f 4339 4153 4166
f 4341 4339 4166
f 4167 4341 4166
f 4343 4341 4167
f 4343 4167 4356
f 4356 4167 4168
f 4356 4168 4357
f 4168 4169 4357
f 4357 4169 4358
f 4169 4170 4358
f 4358 4170 4359
f 4170 4171 4359
f 4344 4346 4359
f 4344 4359 4172
f 4172 4359 4171
f 4344 4172 4158
f 4173 4174 4360
f 4175 4173 4360
f 4361 4175 4360
f 4175 4361 4177
f 4180 4363 4362
f 4179 4180 4362
f 4362 4364 4179
f 4179 4364 4181
f 4364 4365 4181
f 4181 4365 4182
f 4365 4366 4182
f 4182 4366 4183
f 4366 4367 4183
f 4183 4367 4184
f 4367 4368 4184
f 4184 4368 4185
f 4368 4369 4185
f 4185 4369 4186
f 4369 4370 4186
f 4186 4370 4187
f 4370 4371 4187
f 4187 4371 4188
f 4371 4372 4188
f 4188 4372 4189
f 4372 4373 4189
f 4189 4373 4190
f 4373 4374 4190
f 4190 4374 4191
f 4174 4375 4360
f 4174 4191 4375
f 4191 4374 4375
f 4360 4376 4361
f 4375 4376 4360
f 4361 4192 4177
f 4361 4376 4192
f 4376 4377 4192
f 4377 4378 4192
f 4192 4378 4193
f 4378 4379 4193
f 4193 4379 4194
f 4379 4380 4194
f 4194 4380 4195
f 4380 4381 4195
f 4195 4381 4196
f 4381 4382 4196
f 4196 4382 4197
f 4382 4383 4197
f 4197 4383 4198
f 4383 4384 4198
f 4198 4384 4199
f 4384 4385 4199
f 4199 4385 4200
f 4385 4386 4200
f 4200 4386 4201
f 4386 4387 4201
f 4201 4387 4202
f 4387 4388 4202
f 4202 4388 4203
f 4388 4389 4203
f 4203 4389 4204
f 4391 4390 4205
f 4391 4205 4389
f 4389 4205 4204
f 4205 4390 4207
f 4209 4210 4392
f 4392 4394 4393
f 4392 4393 4209
f 4209 4393 4211
f 4393 4395 4211
f 4211 4395 4212
f 4395 4396 4212
f 4212 4396 4213
f 4396 4397 4213
f 4213 4397 4214
f 4397 4180 4214
f 4363 4180 4397
f 4391 4398 4390
f 4390 4215 4207
f 4390 4398 4215
f 4398 4399 4215
f 4399 4400 4215
f 4215 4400 4216
f 4400 4401 4216
f 4216 4401 4217
f 4401 4402 4217
f 4217 4402 4218
f 4218 4402 4403
f 4220 4218 4403
f 4406 4405 4404
f 4223 4404 4405
f 4223 4405 4222
f 4222 4405 4407
f 4407 4408 4222
f 4222 4408 4224
f 4408 4409 4224
f 4224 4409 4225
f 4210 4410 4392
f 4210 4225 4410
f 4225 4409 4410
f 4392 4410 4394
f 4403 4226 4220
f 4411 4226 4403
f 4411 4412 4226
f 4226 4412 4227
f 4414 4413 4228
f 4414 4228 4412
f 4412 4228 4227
f 4228 4413 4229
f 4417 4416 4415
f 4232 4415 4416
f 4232 4416 4231
f 4231 4416 4418
f 4418 4419 4231
f 4231 4419 4233
f 4404 4419 4406
f 4404 4234 4419
f 4234 4233 4419
f 4404 4223 4234
f 4414 4420 4413
f 4413 4235 4229
f 4413 4420 4235
f 4420 4421 4235
f 4235 4421 4422
f 4237 4235 4422
f 4425 4424 4423
f 4415 4238 4239
f 4417 4415 4239
f 4417 4239 4423
f 4417 4423 4424
f 4415 4232 4238
f 4422 4240 4237
f 4426 4240 4422
f 4428 4427 4241
f 4428 4241 4426
f 4426 4241 4240
f 4241 4427 4242
f 4431 4430 4429
f 4244 4429 4430
f 4244 4430 4243
f 4243 4430 4432
f 4423 4432 4425
f 4423 4245 4432
f 4245 4243 4432
f 4423 4239 4245
f 4428 4433 4427
f 4427 4246 4242
f 4427 4433 4246
f 4433 4434 4246
f 4246 4434 4435
f 4247 4246 4435
f 4429 4248 4249
f 4429 4249 4431
f 4431 4249 4436
f 4429 4244 4248
f 4250 4438 4437
f 4250 4247 4438
f 4247 4435 4438
f 4250 4437 4251
f 4436 4249 4439
f 4439 4249 4252
f 4438 4440 4437
f 4437 4440 4441
f 4437 4441 4251
f 4251 4441 4254
f 4439 4252 4442
f 4442 4252 4255
f 4441 4443 4254
f 4443 4257 4254
f 4442 4255 4444
f 4444 4255 4258
f 4443 4259 4257
f 4445 4259 4443
f 4259 4445 4446
f 4260 4259 4446
f 4444 4258 4447
f 4447 4258 4261
f 4450 4448 4449
f 4449 4448 4262
f 4449 4262 4446
f 4446 4262 4260
f 4447 4261 4451
f 4451 4261 4263
f 4453 4448 4450
f 4452 4448 4453
f 4448 4452 4264
f 4262 4448 4264
f 4451 4263 4454
f 4454 4263 4265
f 4453 4455 4452
f 4452 4455 4456
f 4452 4456 4264
f 4264 4456 4266
f 4454 4265 4457
f 4457 4265 4267
f 4456 4458 4266
f 4458 4268 4266
f 4457 4267 4459
f 4459 4267 4269
f 4462 4460 4461
f 4461 4460 4270
f 4461 4270 4458
f 4458 4270 4268
f 4459 4269 4463
f 4463 4269 4271
f 4465 4460 4462
f 4464 4460 4465
f 4460 4464 4272
f 4270 4460 4272
f 4463 4271 4466
f 4466 4271 4273
f 4464 4276 4275
f 4464 4465 4276
f 4465 4467 4276
f 4464 4275 4272
f 4466 4273 4468
f 4468 4273 4277
f 4467 4469 4276
f 4469 4278 4276
f 4468 4277 4470
f 4470 4277 4279
f 4281 4471 4472
f 4280 4471 4281
f 4471 4280 4278
f 4469 4471 4278
f 4470 4279 4282
f 4473 4470 4282
f 4282 4474 4473
f 4284 4474 4282
f 4477 4475 4476
f 4476 4475 4285
f 4476 4285 4472
f 4472 4285 4281
f 4474 4284 4286
f 4478 4474 4286
f 4478 4286 4479
f 4286 4287 4479
f 4287 4480 4479
f 4288 4480 4287
f 4475 4290 4289
f 4475 4477 4290
f 4477 4481 4290
f 4475 4289 4285
f 4480 4288 4291
f 4482 4480 4291
f 4482 4291 4483
f 4291 4292 4483
f 4484 4292 4293
f 4484 4485 4292
f 4485 4483 4292
f 4485 4484 4486
f 4295 4487 4488
f 4294 4487 4295
f 4487 4294 4290
f 4481 4487 4290
f 4484 4293 4296
f 4486 4484 4296
f 4486 4296 4489
f 4489 4296 4297
f 4490 4297 4298
f 4490 4491 4297
f 4491 4489 4297
f 4491 4490 4492
f 4300 4493 4494
f 4299 4493 4300
f 4493 4299 4295
f 4488 4493 4295
f 4490 4298 4301
f 4492 4490 4301
f 4492 4301 4495
f 4495 4301 4302
f 4495 4302 4496
f 4302 4304 4496
f 4497 4304 4305
f 4497 4498 4304
f 4498 4496 4304
f 4498 4497 4499
f 4502 4500 4501
f 4308 4501 4500
f 4308 4307 4501
f 4307 4503 4501
f 4503 4307 4504
f 4307 4309 4504
f 4504 4309 4300
f 4494 4504 4300
f 4497 4305 4310
f 4499 4497 4310
f 4499 4310 4505
f 4505 4310 4311
f 4505 4311 4506
f 4311 4312 4506
f 4507 4312 4313
f 4507 4508 4312
f 4508 4506 4312
f 4508 4507 4509
f 4512 4510 4511
f 4315 4511 4510
f 4315 4314 4511
f 4314 4513 4511
f 4500 4502 4513
f 4500 4513 4316
f 4316 4513 4314
f 4500 4316 4308
f 4507 4313 4317
f 4509 4507 4317
f 4509 4317 4514
f 4514 4317 4318
f 4514 4318 4515
f 4318 4319 4515
f 4515 4319 4516
f 4319 4320 4516
f 4516 4320 4517
f 4320 4321 4517
f 4517 4321 4518
f 4321 4323 4518
f 4519 4323 4324
f 4519 4520 4323
f 4520 4518 4323
f 4520 4519 4521
f 4524 4522 4523
f 4523 4525 4526
f 4522 4525 4523
f 4327 4526 4525
f 4327 4326 4526
f 4326 4527 4526
f 4527 4326 4528
f 4326 4328 4528
f 4510 4512 4528
f 4510 4528 4329
f 4329 4528 4328
f 4510 4329 4315
f 4519 4324 4330
f 4521 4519 4330
f 4521 4330 4529
f 4529 4330 4331
f 4529 4331 4530
f 4331 4332 4530
f 4530 4332 4531
f 4332 4333 4531
f 4531 4333 4532
f 4333 4334 4532
f 4532 4334 4533
f 4334 4335 4533
f 4533 4335 4534
f 4335 4336 4534
f 4534 4336 4535
f 4336 4337 4535
f 4535 4337 4536
f 4337 4338 4536
f 4536 4338 4537
f 4338 4340 4537
f 4537 4340 4538
f 4340 4342 4538
f 4539 4342 4343
f 4539 4540 4342
f 4540 4538 4342
f 4540 4541 4542
f 4539 4541 4540
f 4542 4543 4544
f 4541 4543 4542
f 4544 4545 4546
f 4543 4545 4544
f 4346 4546 4545
f 4346 4345 4546
f 4345 4547 4546
f 4547 4345 4548
f 4345 4347 4548
f 4548 4347 4549
f 4347 4348 4549
f 4549 4348 4550
f 4348 4349 4550
f 4550 4349 4551
f 4349 4350 4551
f 4551 4350 4552
f 4350 4351 4552
f 4552 4351 4553
f 4351 4352 4553
f 4553 4352 4554
f 4352 4353 4554
f 4522 4524 4554
f 4522 4554 4354
f 4354 4554 4353
f 4525 4522 4354
f 4355 4525 4354
f 4525 4355 4327
f 4539 4343 4356
f 4541 4539 4356
f 4357 4541 4356
f 4543 4541 4357
f 4358 4543 4357
f 4545 4543 4358
f 4359 4545 4358
f 4545 4359 4346
f 4362 4363 4555
f 4555 4557 4556
f 4555 4556 4362
f 4362 4556 4364
f 4556 4558 4364
f 4364 4558 4365
f 4558 4559 4365
f 4365 4559 4366
f 4559 4560 4366
f 4366 4560 4367
f 4560 4561 4367
f 4367 4561 4368
f 4561 4562 4368
f 4368 4562 4369
f 4562 4563 4369
f 4369 4563 4370
f 4563 4564 4370
f 4370 4564 4371
f 4564 4565 4371
f 4371 4565 4372
f 4565 4566 4372
f 4372 4566 4373
f 4566 4567 4373
f 4373 4567 4374
f 4567 4568 4374
f 4374 4568 4375
f 4568 4569 4375
f 4375 4569 4376
f 4569 4570 4376
f 4376 4570 4377
f 4570 4571 4377
f 4377 4571 4378
f 4571 4572 4378
f 4378 4572 4379
f 4572 4573 4379
f 4379 4573 4380
f 4573 4574 4380
f 4380 4574 4381
f 4574 4575 4381
f 4381 4575 4382
f 4575 4576 4382
f 4382 4576 4383
f 4576 4577 4383
f 4383 4577 4384
f 4577 4578 4384
f 4384 4578 4385
f 4578 4579 4385
f 4385 4579 4386
f 4581 4580 4387
f 4581 4387 4579
f 4579 4387 4386
f 4580 4583 4582
f 4580 4582 4387
f 4387 4582 4388
f 4585 4584 4389
f 4585 4389 4582
f 4582 4389 4388
f 4389 4584 4391
f 4588 4587 4586
f 4394 4586 4587
f 4394 4587 4393
f 4393 4587 4589
f 4589 4590 4393
f 4393 4590 4395
f 4590 4591 4395
f 4395 4591 4396
f 4591 4592 4396
f 4396 4592 4397
f 4363 4593 4555
f 4363 4397 4593
f 4397 4592 4593
f 4555 4593 4557
f 4581 4594 4580
f 4580 4594 4583
f 4585 4595 4584
f 4584 4398 4391
f 4584 4595 4398
f 4595 4596 4398
f 4596 4597 4398
f 4398 4597 4399
f 4597 4598 4399
f 4399 4598 4400
f 4598 4599 4400
f 4400 4599 4401
f 4601 4600 4402
f 4601 4402 4599
f 4599 4402 4401
f 4402 4600 4403
f 4405 4406 4602
f 4602 4604 4603
f 4602 4603 4405
f 4405 4603 4407
f 4603 4605 4407
f 4407 4605 4408
f 4605 4606 4408
f 4408 4606 4409
f 4586 4606 4588
f 4586 4410 4606
f 4410 4409 4606
f 4586 4394 4410
f 4601 4607 4600
f 4600 4411 4403
f 4600 4607 4411
f 4607 4608 4411
f 4608 4609 4411
f 4411 4609 4412
f 4412 4609 4610
f 4414 4412 4610
f 4416 4417 4611
f 4611 4613 4612
f 4611 4612 4416
f 4416 4612 4418
f 4612 4614 4418
f 4418 4614 4419
f 4406 4615 4602
f 4406 4419 4615
f 4419 4614 4615
f 4602 4615 4604
f 4610 4420 4414
f 4616 4420 4610
f 4616 4617 4420
f 4420 4617 4421
f 4421 4617 4618
f 4422 4421 4618
f 4425 4620 4619
f 4424 4425 4619
f 4417 4621 4611
f 4417 4424 4621
f 4424 4619 4621
f 4611 4621 4613
f 4618 4426 4422
f 4622 4426 4618
f 4426 4622 4623
f 4428 4426 4623
f 4430 4431 4624
f 4624 4626 4625
f 4624 4625 4430
f 4430 4625 4432
f 4625 4425 4432
f 4620 4425 4625
f 4623 4433 4428
f 4627 4433 4623
f 4629 4628 4434
f 4629 4434 4627
f 4627 4434 4433
f 4434 4628 4435
f 4630 4624 4431
f 4630 4431 4631
f 4631 4431 4436
f 4624 4630 4626
f 4629 4632 4628
f 4628 4632 4633
f 4628 4633 4435
f 4435 4633 4438
f 4631 4436 4634
f 4634 4436 4439
f 4440 4636 4635
f 4440 4438 4636
f 4438 4633 4636
f 4440 4635 4441
f 4634 4439 4637
f 4637 4439 4442
f 4639 4635 4636
f 4638 4635 4639
f 4635 4638 4443
f 4441 4635 4443
f 4637 4442 4640
f 4640 4442 4444
f 4639 4641 4638
f 4643 4642 4445
f 4641 4643 4445
f 4641 4445 4443
f 4641 4443 4638
f 4445 4642 4446
f 4640 4444 4644
f 4644 4444 4447
f 4642 4450 4449
f 4642 4643 4450
f 4643 4645 4450
f 4642 4449 4446
f 4644 4447 4646
f 4646 4447 4451
f 4645 4647 4450
f 4647 4453 4450
f 4646 4451 4648
f 4648 4451 4454
f 4455 4650 4649
f 4455 4453 4650
f 4453 4647 4650
f 4455 4649 4456
f 4648 4454 4651
f 4651 4454 4457
f 4653 4649 4650
f 4652 4649 4653
f 4649 4652 4458
f 4456 4649 4458
f 4651 4457 4654
f 4654 4457 4459
f 4652 4462 4461
f 4652 4653 4462
f 4653 4655 4462
f 4652 4461 4458
f 4654 4459 4656
f 4656 4459 4463
f 4655 4657 4462
f 4657 4465 4462
f 4656 4463 4658
f 4658 4463 4466
f 4657 4659 4465
f 4659 4467 4465
f 4658 4466 4660
f 4660 4466 4468
f 4663 4661 4662
f 4662 4661 4469
f 4662 4469 4659
f 4659 4469 4467
f 4660 4468 4664
f 4664 4468 4470
f 4661 4472 4471
f 4661 4663 4472
f 4663 4665 4472
f 4661 4471 4469
f 4664 4470 4473
f 4666 4664 4473
f 4473 4667 4666
f 4474 4667 4473
f 4477 4668 4669
f 4476 4668 4477
f 4668 4476 4472
f 4665 4668 4472
f 4667 4474 4478
f 4670 4667 4478
f 4670 4478 4671
f 4478 4479 4671
f 4672 4479 4480
f 4672 4673 4479
f 4673 4671 4479
f 4673 4672 4674
f 4677 4675 4676
f 4676 4675 4481
f 4676 4481 4669
f 4669 4481 4477
f 4672 4480 4482
f 4674 4672 4482
f 4674 4482 4678
f 4678 4482 4483
f 4680 4485 4679
f 4680 4678 4485
f 4678 4483 4485
f 4485 4486 4679
f 4675 4488 4487
f 4675 4677 4488
f 4677 4681 4488
f 4675 4487 4481
f 4680 4679 4682
f 4679 4486 4489
f 4679 4489 4682
f 4682 4489 4683
f 4683 4489 4684
f 4489 4491 4684
f 4491 4685 4684
f 4492 4685 4491
f 4494 4686 4687
f 4493 4686 4494
f 4686 4493 4488
f 4681 4686 4488
f 4685 4492 4495
f 4688 4685 4495
f 4688 4495 4689
f 4495 4496 4689
f 4689 4496 4690
f 4496 4498 4690
f 4498 4691 4690
f 4499 4691 4498
f 4502 4692 4693
f 4501 4692 4502
f 4692 4501 4694
f 4501 4503 4694
f 4694 4503 4695
f 4503 4504 4695
f 4695 4504 4494
f 4687 4695 4494
f 4691 4499 4505
f 4696 4691 4505
f 4696 4505 4697
f 4505 4506 4697
f 4697 4506 4698
f 4506 4508 4698
f 4699 4508 4509
f 4699 4700 4508
f 4700 4698 4508
f 4700 4699 4701
f 4704 4702 4703
f 4512 4703 4702
f 4512 4511 4703
f 4511 4705 4703
f 4705 4511 4706
f 4511 4513 4706
f 4706 4513 4502
f 4693 4706 4502
f 4699 4509 4514
f 4701 4699 4514
f 4701 4514 4707
f 4707 4514 4515
f 4707 4515 4708
f 4515 4516 4708
f 4708 4516 4709
f 4516 4517 4709
f 4709 4517 4710
f 4517 4518 4710
f 4710 4518 4711
f 4518 4520 4711
f 4520 4712 4711
f 4521 4712 4520
f 4715 4713 4714
f 4524 4714 4713
f 4524 4523 4714
f 4523 4716 4714
f 4716 4523 4717
f 4523 4526 4717
f 4717 4526 4718
f 4526 4527 4718
f 4702 4704 4718
f 4702 4718 4528
f 4528 4718 4527
f 4702 4528 4512
f 4712 4521 4529
f 4719 4712 4529
f 4719 4529 4720
f 4529 4530 4720
f 4720 4530 4721
f 4530 4531 4721
f 4721 4531 4722
f 4531 4532 4722
f 4722 4532 4723
f 4532 4533 4723
f 4723 4533 4724
f 4533 4534 4724
f 4724 4534 4725
f 4534 4535 4725
f 4725 4535 4726
f 4535 4536 4726
f 4726 4536 4727
f 4536 4537 4727
f 4727 4537 4728
f 4537 4538 4728
f 4728 4538 4729
f 4538 4540 4729
f 4729 4540 4730
f 4540 4542 4730
f 4730 4542 4731
f 4542 4544 4731
f 4731 4544 4732
f 4544 4546 4732
f 4732 4546 4733
f 4546 4547 4733
f 4733 4547 4734
f 4547 4548 4734
f 4734 4548 4735
f 4548 4549 4735
f 4735 4549 4736
f 4549 4550 4736
f 4736 4550 4737
f 4550 4551 4737
f 4737 4551 4738
f 4551 4552 4738
f 4738 4552 4739
f 4552 4553 4739
f 4713 4715 4739
f 4713 4739 4554
f 4554 4739 4553
f 4713 4554 4524
f 4556 4557 4740
f 4558 4556 4740
f 4741 4558 4740
f 4741 4743 4742
f 4741 4742 4558
f 4558 4742 4559
f 4742 4744 4559
f 4559 4744 4560
f 4744 4745 4560
f 4560 4745 4561
f 4745 4746 4561
f 4561 4746 4562
f 4746 4747 4562
f 4562 4747 4563
f 4747 4748 4563
f 4563 4748 4564
f 4748 4749 4564
f 4564 4749 4565
f 4749 4750 4565
f 4565 4750 4566
f 4750 4751 4566
f 4566 4751 4567
f 4751 4752 4567
f 4567 4752 4568
f 4752 4753 4568
f 4568 4753 4569
f 4753 4754 4569
f 4569 4754 4570
f 4754 4755 4570
f 4570 4755 4571
f 4755 4756 4571
f 4571 4756 4572
f 4756 4757 4572
f 4572 4757 4573
f 4757 4758 4573
f 4573 4758 4574
f 4758 4759 4574
f 4574 4759 4575
f 4759 4760 4575
f 4575 4760 4576
f 4762 4761 4577
f 4762 4577 4760
f 4760 4577 4576
f 4578 4577 4761
f 4763 4578 4761
f 4579 4578 4763
f 4764 4579 4763
f 4579 4764 4581
f 4582 4583 4765
f 4582 4765 4585
f 4587 4588 4766
f 4766 4768 4767
f 4766 4767 4587
f 4587 4767 4589
f 4767 4769 4589
f 4589 4769 4590
f 4769 4770 4590
f 4590 4770 4591
f 4770 4771 4591
f 4591 4771 4592
f 4771 4772 4592
f 4592 4772 4593
f 4557 4773 4740
f 4557 4593 4773
f 4593 4772 4773
f 4740 4774 4741
f 4773 4774 4740
f 4741 4774 4743
f 4762 4775 4761
f 4761 4776 4763
f 4775 4776 4761
f 4763 4777 4764
f 4776 4777 4763
f 4764 4594 4581
f 4764 4777 4594
f 4777 4778 4594
f 4583 4779 4765
f 4583 4594 4779
f 4594 4778 4779
f 4765 4595 4585
f 4765 4779 4595
f 4779 4780 4595
f 4780 4781 4595
f 4595 4781 4596
f 4781 4782 4596
f 4596 4782 4597
f 4784 4783 4598
f 4784 4598 4782
f 4782 4598 4597
f 4599 4598 4783
f 4785 4599 4783
f 4599 4785 4601
f 4788 4787 4786
f 4604 4786 4787
f 4604 4787 4603
f 4603 4787 4789
f 4789 4790 4603
f 4603 4790 4605
f 4790 4791 4605
f 4605 4791 4606
f 4588 4792 4766
f 4588 4606 4792
f 4606 4791 4792
f 4766 4792 4768
f 4784 4793 4783
f 4783 4794 4785
f 4793 4794 4783
f 4785 4607 4601
f 4785 4794 4607
f 4794 4795 4607
f 4795 4796 4607
f 4607 4796 4608
f 4798 4797 4609
f 4798 4609 4796
f 4796 4609 4608
f 4609 4797 4610
f 4801 4800 4799
f 4613 4799 4800
f 4613 4800 4612
f 4612 4800 4802
f 4802 4803 4612
f 4612 4803 4614
f 4786 4803 4788
f 4786 4615 4803
f 4615 4614 4803
f 4786 4604 4615
f 4798 4804 4797
f 4797 4616 4610
f 4797 4804 4616
f 4804 4805 4616
f 4807 4806 4617
f 4807 4617 4805
f 4805 4617 4616
f 4617 4806 4618
f 4810 4809 4808
f 4620 4808 4809
f 4620 4809 4619
f 4619 4809 4811
f 4799 4811 4801
f 4799 4621 4811
f 4621 4619 4811
f 4799 4613 4621
f 4807 4812 4806
f 4806 4622 4618
f 4806 4812 4622
f 4812 4813 4622
f 4622 4813 4814
f 4623 4622 4814
f 4817 4816 4815
f 4808 4625 4626
f 4810 4808 4626
f 4810 4626 4815
f 4810 4815 4816
f 4808 4620 4625
f 4814 4627 4623
f 4818 4627 4814
f 4627 4818 4819
f 4629 4627 4819
f 4815 4630 4631
f 4815 4631 4817
f 4817 4631 4820
f 4815 4626 4630
f 4632 4822 4821
f 4632 4629 4822
f 4629 4819 4822
f 4632 4821 4633
f 4820 4631 4823
f 4823 4631 4634
f 4822 4824 4821
f 4821 4824 4825
f 4821 4825 4633
f 4633 4825 4636
f 4823 4634 4826
f 4826 4634 4637
f 4825 4827 4636
f 4827 4639 4636
f 4826 4637 4828
f 4828 4637 4640
f 4827 4641 4639
f 4829 4641 4827
f 4641 4829 4830
f 4643 4641 4830
f 4828 4640 4831
f 4831 4640 4644
f 4830 4832 4643
f 4832 4645 4643
f 4831 4644 4833
f 4833 4644 4646
f 4832 4834 4645
f 4834 4647 4645
f 4833 4646 4835
f 4835 4646 4648
f 4834 4836 4647
f 4836 4650 4647
f 4835 4648 4837
f 4837 4648 4651
f 4836 4838 4650
f 4838 4653 4650
f 4837 4651 4839
f 4839 4651 4654
f 4838 4840 4653
f 4840 4655 4653
f 4839 4654 4841
f 4841 4654 4656
f 4844 4842 4843
f 4843 4842 4657
f 4843 4657 4840
f 4840 4657 4655
f 4841 4656 4845
f 4845 4656 4658
f 4847 4842 4844
f 4846 4842 4847
f 4842 4846 4659
f 4657 4842 4659
f 4845 4658 4848
f 4848 4658 4660
f 4846 4663 4662
f 4846 4847 4663
f 4847 4849 4663
f 4846 4662 4659
f 4848 4660 4850
f 4850 4660 4664
f 4849 4851 4663
f 4851 4665 4663
f 4850 4664 4666
f 4852 4850 4666
f 4666 4853 4852
f 4667 4853 4666
f 4669 4854 4855
f 4668 4854 4669
f 4854 4668 4665
f 4851 4854 4665
f 4853 4667 4670
f 4856 4853 4670
f 4856 4670 4857
f 4670 4671 4857
f 4859 4673 4858
f 4859 4857 4673
f 4857 4671 4673
f 4673 4674 4858
f 4676 4860 4677
f 4860 4676 4669
f 4860 4669 4861
f 4861 4669 4855
f 4859 4858 4862
f 4858 4674 4678
f 4858 4678 4862
f 4862 4678 4863
f 4864 4678 4680
f 4864 4865 4678
f 4865 4863 4678
f 4865 4864 4866
f 4867 4677 4860
f 4867 4868 4677
f 4868 4681 4677
f 4860 4861 4867
f 4864 4680 4682
f 4866 4864 4682
f 4866 4682 4869
f 4869 4682 4683
f 4869 4683 4870
f 4683 4684 4870
f 4871 4684 4685
f 4871 4872 4684
f 4872 4870 4684
f 4872 4871 4873
f 4876 4874 4875
f 4687 4875 4874
f 4687 4686 4875
f 4686 4877 4875
f 4877 4686 4681
f 4868 4877 4681
f 4871 4685 4688
f 4873 4871 4688
f 4873 4688 4878
f 4878 4688 4689
f 4878 4689 4879
f 4689 4690 4879
f 4880 4690 4691
f 4880 4881 4690
f 4881 4879 4690
f 4881 4880 4882
f 4693 4883 4884
f 4692 4883 4693
f 4883 4692 4885
f 4692 4694 4885
f 4874 4876 4885
f 4874 4885 4695
f 4695 4885 4694
f 4874 4695 4687
f 4880 4691 4696
f 4882 4880 4696
f 4882 4696 4886
f 4886 4696 4697
f 4886 4697 4887
f 4697 4698 4887
f 4887 4698 4888
f 4698 4700 4888
f 4889 4700 4701
f 4889 4890 4700
f 4890 4888 4700
f 4890 4891 4892
f 4889 4891 4890
f 4892 4891 4893
f 4896 4894 4895
f 4704 4895 4894
f 4704 4703 4895
f 4703 4897 4895
f 4897 4703 4898
f 4703 4705 4898
f 4898 4705 4899
f 4705 4706 4899
f 4899 4706 4693
f 4884 4899 4693
f 4889 4701 4707
f 4891 4889 4707
f 4708 4891 4707
f 4893 4891 4708
f 4893 4708 4900
f 4900 4708 4709
f 4900 4709 4901
f 4709 4710 4901
f 4901 4710 4902
f 4710 4711 4902
f 4903 4711 4712
f 4903 4904 4711
f 4904 4902 4711
f 4904 4905 4906
f 4903 4905 4904
f 4906 4907 4908
f 4905 4907 4906
f 4908 4907 4909
f 4912 4910 4911
f 4911 4913 4914
f 4910 4913 4911
f 4914 4915 4916
f 4913 4915 4914
f 4715 4916 4915
f 4715 4714 4916
f 4714 4917 4916
f 4917 4714 4918
f 4714 4716 4918
f 4918 4716 4919
f 4716 4717 4919
f 4894 4896 4919
f 4894 4919 4718
f 4718 4919 4717
f 4894 4718 4704
f 4903 4712 4719
f 4905 4903 4719
f 4720 4905 4719
f 4907 4905 4720
f 4721 4907 4720
f 4909 4907 4721
f 4909 4721 4920
f 4920 4721 4722
f 4920 4722 4921
f 4722 4723 4921
f 4921 4723 4922
f 4723 4724 4922
f 4922 4724 4923
f 4724 4725 4923
f 4923 4725 4924
f 4725 4726 4924
f 4924 4726 4925
f 4726 4727 4925
f 4925 4727 4926
f 4727 4728 4926
f 4926 4728 4927
f 4728 4729 4927
f 4927 4729 4928
f 4729 4730 4928
f 4928 4730 4929
f 4730 4731 4929
f 4929 4731 4930
f 4731 4732 4930
f 4930 4732 4931
f 4732 4733 4931
f 4931 4733 4932
f 4733 4734 4932
f 4932 4734 4933
f 4734 4735 4933
f 4933 4735 4934
f 4735 4736 4934
f 4910 4912 4934
f 4910 4934 4737
f 4737 4934 4736
f 4913 4910 4737
f 4738 4913 4737
f 4915 4913 4738
f 4739 4915 4738
f 4915 4739 4715
f 4937 4936 4935
f 4743 4935 4936
f 4743 4936 4742
f 4742 4936 4938
f 4940 4939 4744
f 4940 4744 4938
f 4938 4744 4742
f 4939 4942 4941
f 4939 4941 4744
f 4744 4941 4745
f 4941 4943 4745
f 4745 4943 4746
f 4943 4944 4746
f 4746 4944 4747
f 4944 4945 4747
f 4747 4945 4748
f 4945 4946 4748
f 4748 4946 4749
f 4946 4947 4749
f 4749 4947 4750
f 4947 4948 4750
f 4750 4948 4751
f 4948 4949 4751
f 4751 4949 4752
f 4949 4950 4752
f 4752 4950 4753
f 4950 4951 4753
f 4753 4951 4754
f 4951 4952 4754
f 4754 4952 4755
f 4952 4953 4755
f 4755 4953 4756
f 4953 4954 4756
f 4756 4954 4757
f 4956 4955 4758
f 4956 4758 4954
f 4954 4758 4757
f 4759 4758 4955
f 4957 4759 4955
f 4760 4759 4957
f 4958 4760 4957
f 4760 4958 4762
f 4768 4960 4959
f 4767 4768 4959
f 4959 4961 4767
f 4767 4961 4769
f 4961 4962 4769
f 4769 4962 4770
f 4962 4963 4770
f 4770 4963 4771
f 4963 4964 4771
f 4771 4964 4772
f 4964 4965 4772
f 4772 4965 4773
f 4935 4965 4937
f 4935 4774 4965
f 4774 4773 4965
f 4935 4743 4774
f 4940 4966 4939
f 4939 4966 4942
f 4956 4967 4955
f 4955 4968 4957
f 4967 4968 4955
f 4957 4969 4958
f 4968 4969 4957
f 4958 4775 4762
f 4958 4969 4775
f 4969 4970 4775
f 4970 4971 4775
f 4775 4971 4776
f 4971 4972 4776
f 4776 4972 4777
f 4972 4973 4777
f 4777 4973 4778
f 4973 4974 4778
f 4778 4974 4779
f 4976 4975 4780
f 4976 4780 4974
f 4974 4780 4779
f 4975 4978 4977
f 4975 4977 4780
f 4780 4977 4781
f 4980 4979 4782
f 4980 4782 4977
f 4977 4782 4781
f 4782 4979 4784
f 4788 4982 4981
f 4787 4788 4981
f 4981 4983 4787
f 4787 4983 4789
f 4983 4984 4789
f 4789 4984 4790
f 4984 4985 4790
f 4790 4985 4791
f 4985 4986 4791
f 4791 4986 4792
f 4986 4768 4792
f 4960 4768 4986
f 4976 4987 4975
f 4975 4987 4978
f 4980 4988 4979
f 4979 4793 4784
f 4979 4988 4793
f 4988 4989 4793
f 4989 4990 4793
f 4793 4990 4794
f 4992 4991 4795
f 4992 4795 4990
f 4990 4795 4794
f 4796 4795 4991
f 4993 4796 4991
f 4796 4993 4798
f 4800 4801 4994
f 4994 4996 4995
f 4994 4995 4800
f 4800 4995 4802
f 4995 4997 4802
f 4802 4997 4803
f 4997 4788 4803
f 4982 4788 4997
f 4992 4998 4991
f 4991 4999 4993
f 4998 4999 4991
f 4993 4804 4798
f 4993 4999 4804
f 4999 5000 4804
f 5002 5001 4805
f 5002 4805 5000
f 5000 4805 4804
f 4805 5001 4807
f 4809 4810 5003
f 5003 5005 5004
f 5003 5004 4809
f 4809 5004 4811
f 4801 5006 4994
f 4801 4811 5006
f 4811 5004 5006
f 4994 5006 4996
f 5002 5007 5001
f 5001 4812 4807
f 5001 5007 4812
f 5007 5008 4812
f 5010 5009 4813
f 5010 4813 5008
f 5008 4813 4812
f 4813 5009 4814
f 4817 5012 5011
f 4816 4817 5011
f 4810 5013 5003
f 4810 4816 5013
f 4816 5011 5013
f 5003 5013 5005
f 5010 5014 5009
f 5016 5015 4818
f 5014 5016 4818
f 5014 4818 4814
f 5014 4814 5009
f 4818 5015 4819
f 5012 4817 5017
f 5017 4817 4820
f 5016 5018 5015
f 5015 5018 5019
f 5015 5019 4819
f 4819 5019 4822
f 5017 4820 5020
f 5020 4820 4823
f 4824 5022 5021
f 4824 4822 5022
f 4822 5019 5022
f 4824 5021 4825
f 5020 4823 5023
f 5023 4823 4826
f 5022 5024 5021
f 5021 5024 5025
f 5021 5025 4825
f 4825 5025 4827
f 5023 4826 5026
f 5026 4826 4828
f 4829 5028 5027
f 4829 4827 5028
f 4827 5025 5028
f 4829 5027 4830
f 5026 4828 5029
f 5029 4828 4831
f 5031 5027 5028
f 5030 5027 5031
f 5027 5030 4832
f 4830 5027 4832
f 5029 4831 5032
f 5032 4831 4833
f 5034 5030 5031
f 5033 5030 5034
f 5030 5033 4834
f 4832 5030 4834
f 5032 4833 5035
f 5035 4833 4835
f 5034 5036 5033
f 5033 5036 5037
f 5033 5037 4834
f 4834 5037 4836
f 5035 4835 5038
f 5038 4835 4837
f 5037 5039 4836
f 5039 4838 4836
f 5038 4837 5040
f 5040 4837 4839
f 5043 5041 5042
f 5042 5041 4840
f 5042 4840 5039
f 5039 4840 4838
f 5040 4839 5044
f 5044 4839 4841
f 5041 4844 4843
f 5041 5043 4844
f 5043 5045 4844
f 5041 4843 4840
f 5044 4841 5046
f 5046 4841 4845
f 5045 5047 4844
f 5047 4847 4844
f 5046 4845 5048
f 5048 4845 4848
f 5051 5049 5050
f 5050 5049 4849
f 5050 4849 5047
f 5047 4849 4847
f 5048 4848 5052
f 5052 4848 4850
f 5054 5049 5051
f 5053 5049 5054
f 5049 5053 4851
f 4849 5049 4851
f 5052 4850 4852
f 5055 5052 4852
f 4852 5056 5055
f 4853 5056 4852
f 5059 5057 5058
f 5053 4855 4854
f 5054 4855 5053
f 5054 5057 4855
f 5054 5058 5057
f 5053 4854 4851
f 5056 4853 4856
f 5060 5056 4856
f 5060 4856 5061
f 4856 4857 5061
f 5062 4857 4859
f 5062 5063 4857
f 5063 5061 4857
f 5063 5062 5064
f 5066 5057 5059
f 5065 5057 5066
f 5057 5065 4861
f 4855 5057 4861
f 5062 4859 4862
f 5064 5062 4862
f 5064 4862 5067
f 5067 4862 4863
f 5067 4863 5068
f 4863 4865 5068
f 5069 4865 4866
f 5069 5070 4865
f 5070 5068 4865
f 5070 5069 5071
f 5074 5072 5073
f 5065 4868 4867
f 5066 4868 5065
f 5066 5072 4868
f 5066 5073 5072
f 5065 4867 4861
f 5069 4866 4869
f 5071 5069 4869
f 5071 4869 5075
f 5075 4869 4870
f 5075 4870 5076
f 4870 4872 5076
f 4872 5077 5076
f 4873 5077 4872
f 5080 5078 5079
f 4876 5079 5078
f 4876 4875 5079
f 4875 5081 5079
f 5072 5074 5081
f 5072 5081 4877
f 4877 5081 4875
f 5072 4877 4868
f 5077 4873 4878
f 5082 5077 4878
f 5082 4878 5083
f 4878 4879 5083
f 5083 4879 5084
f 4879 4881 5084
f 5085 4881 4882
f 5085 5086 4881
f 5086 5084 4881
f 5086 5087 5088
f 5085 5087 5086
f 5088 5087 5089
f 5092 5090 5091
f 5091 5093 5094
f 5090 5093 5091
f 4884 5094 5093
f 4884 4883 5094
f 4883 5095 5094
f 5078 5080 5095
f 5078 5095 4885
f 4885 5095 4883
f 5078 4885 4876
f 5085 4882 4886
f 5087 5085 4886
f 4887 5087 4886
f 5089 5087 4887
f 5089 4887 5096
f 5096 4887 4888
f 5096 4888 5097
f 4888 4890 5097
f 5097 4890 5098
f 4890 4892 5098
f 5099 4892 4893
f 5099 5100 4892
f 5100 5098 4892
f 5100 5099 5101
f 5104 5102 5103
f 5103 5102 5105
f 5108 5106 5107
f 4896 5107 5106
f 4896 4895 5107
f 4895 5109 5107
f 5109 4895 5110
f 4895 4897 5110
f 5090 5092 5110
f 5090 5110 4898
f 4898 5110 4897
f 5093 5090 4898
f 4899 5093 4898
f 5093 4899 4884
f 5099 4893 4900
f 5101 5099 4900
f 5101 4900 5111
f 5111 4900 4901
f 5102 5104 5111
f 5102 5111 4902
f 4902 5111 4901
f 5105 5102 4902
f 5105 4902 5112
f 5112 4902 4904
f 5112 4904 5113
f 4904 4906 5113
f 5113 4906 5114
f 4906 4908 5114
f 5115 4908 4909
f 5115 5116 4908
f 5116 5114 4908
f 5116 5117 5118
f 5115 5117 5116
f 5118 5119 5120
f 5117 5119 5118
f 5120 5121 5122
f 5119 5121 5120
f 5122 5123 5124
f 5121 5123 5122
f 5124 5123 5125
f 5128 5126 5127
f 5127 5126 5129
f 5132 5130 5131
f 5131 5133 5134
f 5130 5133 5131
f 5134 5135 5136
f 5133 5135 5134
f 4912 5136 5135
f 4912 4911 5136
f 4911 5137 5136
f 5137 4911 5138
f 4911 4914 5138
f 5138 4914 5139
f 4914 4916 5139
f 5139 4916 5140
f 4916 4917 5140
f 5140 4917 5141
f 4917 4918 5141
f 5106 5108 5141
f 5106 5141 4919
f 4919 5141 4918
f 5106 4919 4896
f 5115 4909 4920
f 5117 5115 4920
f 4921 5117 4920
f 5119 5117 4921
f 4922 5119 4921
f 5121 5119 4922
f 4923 5121 4922
f 5123 5121 4923
f 4924 5123 4923
f 5125 5123 4924
f 5125 4924 5142
f 5142 4924 4925
f 5142 4925 5143
f 4925 4926 5143
f 5143 4926 5144
f 4926 4927 5144
f 5126 5128 5144
f 5126 5144 4928
f 4928 5144 4927
f 5129 5126 4928
f 5129 4928 5145
f 5145 4928 4929
f 5145 4929 5146
f 4929 4930 5146
f 5146 4930 5147
f 4930 4931 5147
f 5130 5132 5147
f 5130 5147 4932
f 4932 5147 4931
f 5133 5130 4932
f 4933 5133 4932
f 5135 5133 4933
f 4934 5135 4933
f 5135 4934 4912
f 4936 4937 5148
f 4938 4936 5148
f 5149 4938 5148
f 4938 5149 4940
f 4942 5151 5150
f 4941 4942 5150
f 5153 5152 4943
f 5153 4943 5150
f 5150 4943 4941
f 5152 5155 5154
f 5152 5154 4943
f 4943 5154 4944
f 5157 5156 4945
f 5157 4945 5154
f 5154 4945 4944
f 5156 5159 5158
f 5156 5158 4945
f 4945 5158 4946
f 5161 5160 4947
f 5161 4947 5158
f 5158 4947 4946
f 5160 5163 5162
f 5160 5162 4947
f 4947 5162 4948
f 5165 5164 4949
f 5165 4949 5162
f 5162 4949 4948
f 4950 4949 5164
f 5166 4950 5164
f 4951 4950 5166
f 5167 4951 5166
f 4952 4951 5167
f 5168 4952 5167
f 4953 4952 5168
f 5169 4953 5168
f 4954 4953 5169
f 5170 4954 5169
f 4954 5170 4956
f 4959 4960 5171
f 5171 5173 5172
f 5171 5172 4959
f 4959 5172 4961
f 5172 5174 4961
f 4961 5174 4962
f 5174 5175 4962
f 4962 5175 4963
f 5175 5176 4963
f 4963 5176 4964
f 5176 5177 4964
f 4964 5177 4965
f 4937 5178 5148
f 4937 4965 5178
f 4965 5177 5178
f 5148 5179 5149
f 5178 5179 5148
f 5149 4966 4940
f 5149 5179 4966
f 5179 5180 4966
f 5180 4942 4966
f 5151 4942 5180
f 5153 5181 5152
f 5152 5181 5155
f 5157 5182 5156
f 5156 5182 5159
f 5161 5183 5160
f 5160 5183 5163
f 5165 5184 5164
f 5164 5185 5166
f 5184 5185 5164
f 5166 5186 5167
f 5185 5186 5166
f 5167 5187 5168
f 5186 5187 5167
f 5168 5188 5169
f 5187 5188 5168
f 5169 5189 5170
f 5188 5189 5169
f 5170 4967 4956
f 5170 5189 4967
f 5189 5190 4967
f 5190 5191 4967
f 4967 5191 4968
f 5191 5192 4968
f 4968 5192 4969
f 5192 5193 4969
f 4969 5193 4970
f 5193 5194 4970
f 4970 5194 4971
f 5196 5195 4972
f 5196 4972 5194
f 5194 4972 4971
f 4973 4972 5195
f 5197 4973 5195
f 4974 4973 5197
f 5198 4974 5197
f 4974 5198 4976
f 4977 4978 5199
f 4977 5199 4980
f 4982 5201 5200
f 4981 4982 5200
f 5200 5202 4981
f 4981 5202 4983
f 5202 5203 4983
f 4983 5203 4984
f 5203 5204 4984
f 4984 5204 4985
f 5204 5205 4985
f 4985 5205 4986
f 4960 5206 5171
f 4960 4986 5206
f 4986 5205 5206
f 5171 5206 5173
f 5196 5207 5195
f 5195 5208 5197
f 5207 5208 5195
f 5197 5209 5198
f 5208 5209 5197
f 5198 4987 4976
f 5198 5209 4987
f 5209 5210 4987
f 4978 5211 5199
f 4978 4987 5211
f 4987 5210 5211
f 5199 4988 4980
f 5199 5211 4988
f 5211 5212 4988
f 5214 5213 4989
f 5214 4989 5212
f 5212 4989 4988
f 4990 4989 5213
f 5215 4990 5213
f 4990 5215 4992
f 5218 5217 5216
f 4996 5216 5217
f 4996 5217 4995
f 4995 5217 5219
f 5219 5220 4995
f 4995 5220 4997
f 5220 4982 4997
f 5201 4982 5220
f 5214 5221 5213
f 5213 5222 5215
f 5221 5222 5213
f 5215 4998 4992
f 5215 5222 4998
f 5222 5223 4998
f 5223 5224 4998
f 4998 5224 4999
f 5226 5225 5000
f 5226 5000 5224
f 5224 5000 4999
f 5000 5225 5002
f 5229 5228 5227
f 5005 5227 5228
f 5005 5228 5004
f 5004 5228 5230
f 5216 5230 5218
f 5216 5006 5230
f 5006 5004 5230
f 5216 4996 5006
f 5226 5231 5225
f 5225 5007 5002
f 5225 5231 5007
f 5231 5232 5007
f 5234 5233 5008
f 5234 5008 5232
f 5232 5008 5007
f 5008 5233 5010
f 5012 5236 5235
f 5011 5012 5235
f 5227 5235 5229
f 5227 5013 5235
f 5013 5011 5235
f 5227 5005 5013
f 5234 5237 5233
f 5233 5014 5010
f 5233 5237 5014
f 5237 5238 5014
f 5014 5238 5239
f 5016 5014 5239
f 5236 5012 5240
f 5240 5012 5017
f 5239 5018 5016
f 5241 5018 5239
f 5018 5241 5242
f 5019 5018 5242
f 5240 5017 5243
f 5243 5017 5020
f 5242 5244 5019
f 5244 5022 5019
f 5243 5020 5245
f 5245 5020 5023
f 5024 5247 5246
f 5024 5022 5247
f 5022 5244 5247
f 5024 5246 5025
f 5245 5023 5248
f 5248 5023 5026
f 5250 5246 5247
f 5249 5246 5250
f 5246 5249 5028
f 5025 5246 5028
f 5248 5026 5251
f 5251 5026 5029
f 5250 5252 5249
f 5249 5252 5253
f 5249 5253 5028
f 5028 5253 5031
f 5251 5029 5254
f 5254 5029 5032
f 5253 5255 5031
f 5255 5034 5031
f 5254 5032 5256
f 5256 5032 5035
f 5036 5258 5257
f 5036 5034 5258
f 5034 5255 5258
f 5036 5257 5037
f 5256 5035 5259
f 5259 5035 5038
f 5261 5257 5258
f 5260 5257 5261
f 5257 5260 5039
f 5037 5257 5039
f 5259 5038 5262
f 5262 5038 5040
f 5260 5043 5042
f 5260 5261 5043
f 5261 5263 5043
f 5260 5042 5039
f 5262 5040 5264
f 5264 5040 5044
f 5263 5265 5043
f 5265 5045 5043
f 5264 5044 5266
f 5266 5044 5046
f 5265 5267 5045
f 5267 5047 5045
f 5266 5046 5268
f 5268 5046 5048
f 5051 5269 5270
f 5050 5269 5051
f 5269 5050 5047
f 5267 5269 5047
f 5268 5048 5271
f 5271 5048 5052
f 5270 5272 5051
f 5272 5054 5051
f 5271 5052 5055
f 5273 5271 5055
f 5055 5274 5273
f 5056 5274 5055
f 5059 5275 5276
f 5058 5275 5059
f 5275 5058 5054
f 5272 5275 5054
f 5274 5056 5060
f 5277 5274 5060
f 5277 5060 5278
f 5060 5061 5278
f 5278 5061 5279
f 5061 5063 5279
f 5063 5280 5279
f 5064 5280 5063
f 5283 5281 5282
f 5282 5281 5066
f 5282 5066 5276
f 5276 5066 5059
f 5280 5064 5067
f 5284 5280 5067
f 5284 5067 5285
f 5067 5068 5285
f 5285 5068 5286
f 5068 5070 5286
f 5070 5287 5286
f 5071 5287 5070
f 5290 5288 5289
f 5281 5074 5073
f 5283 5074 5281
f 5283 5288 5074
f 5283 5289 5288
f 5281 5073 5066
f 5287 5071 5075
f 5291 5287 5075
f 5291 5075 5292
f 5075 5076 5292
f 5293 5076 5077
f 5293 5294 5076
f 5294 5292 5076
f 5294 5295 5296
f 5293 5295 5294
f 5296 5295 5297
f 5300 5298 5299
f 5299 5301 5302
f 5298 5301 5299
f 5080 5302 5301
f 5080 5079 5302
f 5079 5303 5302
f 5288 5290 5303
f 5288 5303 5081
f 5081 5303 5079
f 5288 5081 5074
f 5293 5077 5082
f 5295 5293 5082
f 5083 5295 5082
f 5297 5295 5083
f 5297 5083 5304
f 5304 5083 5084
f 5304 5084 5305
f 5084 5086 5305
f 5305 5086 5306
f 5086 5088 5306
f 5307 5088 5089
f 5307 5308 5088
f 5308 5306 5088
f 5308 5307 5309
f 5312 5310 5311
f 5092 5311 5310
f 5092 5091 5311
f 5091 5313 5311
f 5298 5300 5313
f 5298 5313 5094
f 5094 5313 5091
f 5301 5298 5094
f 5095 5301 5094
f 5301 5095 5080
f 5307 5089 5096
f 5309 5307 5096
f 5309 5096 5314
f 5314 5096 5097
f 5314 5097 5315
f 5097 5098 5315
f 5315 5098 5316
f 5098 5100 5316
f 5317 5100 5101
f 5317 5318 5100
f 5318 5316 5100
f 5104 5318 5317
f 5104 5103 5318
f 5103 5319 5318
f 5320 5103 5105
f 5320 5321 5103
f 5321 5319 5103
f 5321 5322 5323
f 5320 5322 5321
f 5323 5322 5324
f 5327 5325 5326
f 5326 5328 5329
f 5325 5328 5326
f 5329 5330 5331
f 5328 5330 5329
f 5108 5331 5330
f 5108 5107 5331
f 5107 5332 5331
f 5332 5107 5333
f 5107 5109 5333
f 5310 5312 5333
f 5310 5333 5110
f 5110 5333 5109
f 5310 5110 5092
f 5317 5101 5111
f 5317 5111 5104
f 5320 5105 5112
f 5322 5320 5112
f 5113 5322 5112
f 5324 5322 5113
f 5324 5113 5334
f 5334 5113 5114
f 5334 5114 5335
f 5114 5116 5335
f 5335 5116 5336
f 5116 5118 5336
f 5336 5118 5337
f 5118 5120 5337
f 5337 5120 5338
f 5120 5122 5338
f 5338 5122 5339
f 5122 5124 5339
f 5340 5124 5125
f 5340 5341 5124
f 5341 5339 5124
f 5341 5342 5343
f 5340 5342 5341
f 5343 5344 5345
f 5342 5344 5343
f 5128 5345 5344
f 5128 5127 5345
f 5127 5346 5345
f 5347 5127 5129
f 5347 5348 5127
f 5348 5346 5127
f 5348 5349 5350
f 5347 5349 5348
f 5350 5351 5352
f 5349 5351 5350
f 5132 5352 5351
f 5132 5131 5352
f 5131 5353 5352
f 5353 5131 5354
f 5131 5134 5354
f 5354 5134 5355
f 5134 5136 5355
f 5355 5136 5356
f 5136 5137 5356
f 5356 5137 5357
f 5137 5138 5357
f 5325 5327 5357
f 5325 5357 5139
f 5139 5357 5138
f 5328 5325 5139
f 5140 5328 5139
f 5330 5328 5140
f 5141 5330 5140
f 5330 5141 5108
f 5340 5125 5142
f 5342 5340 5142
f 5143 5342 5142
f 5344 5342 5143
f 5144 5344 5143
f 5344 5144 5128
f 5347 5129 5145
f 5349 5347 5145
f 5146 5349 5145
f 5351 5349 5146
f 5147 5351 5146
f 5351 5147 5132
f 5150 5151 5358
f 5150 5358 5153
f 5154 5155 5359
f 5154 5359 5157
f 5158 5159 5360
f 5158 5360 5161
f 5162 5163 5361
f 5162 5361 5165
f 5364 5363 5362
f 5173 5362 5363
f 5173 5363 5172
f 5172 5363 5365
f 5365 5366 5172
f 5172 5366 5174
f 5366 5367 5174
f 5174 5367 5175
f 5367 5368 5175
f 5175 5368 5176
f 5368 5369 5176
f 5176 5369 5177
f 5369 5370 5177
f 5177 5370 5178
f 5370 5371 5178
f 5178 5371 5179
f 5371 5372 5179
f 5179 5372 5180
f 5151 5373 5358
f 5151 5180 5373
f 5180 5372 5373
f 5358 5181 5153
f 5358 5373 5181
f 5373 5374 5181
f 5155 5375 5359
f 5155 5181 5375
f 5181 5374 5375
f 5359 5182 5157
f 5359 5375 5182
f 5375 5376 5182
f 5159 5377 5360
f 5159 5182 5377
f 5182 5376 5377
f 5360 5183 5161
f 5360 5377 5183
f 5377 5378 5183
f 5163 5379 5361
f 5163 5183 5379
f 5183 5378 5379
f 5361 5184 5165
f 5361 5379 5184
f 5379 5380 5184
f 5380 5381 5184
f 5184 5381 5185
f 5381 5382 5185
f 5185 5382 5186
f 5382 5383 5186
f 5186 5383 5187
f 5383 5384 5187
f 5187 5384 5188
f 5384 5385 5188
f 5188 5385 5189
f 5385 5386 5189
f 5189 5386 5190
f 5386 5387 5190
f 5190 5387 5191
f 5387 5388 5191
f 5191 5388 5192
f 5390 5389 5193
f 5390 5193 5388
f 5388 5193 5192
f 5194 5193 5389
f 5391 5194 5389
f 5194 5391 5196
f 5200 5201 5392
f 5392 5394 5393
f 5392 5393 5200
f 5200 5393 5202
f 5393 5395 5202
f 5202 5395 5203
f 5395 5396 5203
f 5203 5396 5204
f 5396 5397 5204
f 5204 5397 5205
f 5362 5397 5364
f 5362 5206 5397
f 5206 5205 5397
f 5362 5173 5206
f 5390 5398 5389
f 5389 5399 5391
f 5398 5399 5389
f 5391 5207 5196
f 5391 5399 5207
f 5399 5400 5207
f 5400 5401 5207
f 5207 5401 5208
f 5401 5402 5208
f 5208 5402 5209
f 5402 5403 5209
f 5209 5403 5210
f 5405 5404 5211
f 5405 5211 5403
f 5403 5211 5210
f 5212 5211 5404
f 5406 5212 5404
f 5212 5406 5214
f 5218 5408 5407
f 5217 5218 5407
f 5407 5409 5217
f 5217 5409 5219
f 5409 5410 5219
f 5219 5410 5220
f 5201 5411 5392
f 5201 5220 5411
f 5220 5410 5411
f 5392 5411 5394
f 5405 5412 5404
f 5404 5413 5406
f 5412 5413 5404
f 5406 5221 5214
f 5406 5413 5221
f 5413 5414 5221
f 5416 5415 5222
f 5416 5222 5414
f 5414 5222 5221
f 5223 5222 5415
f 5417 5223 5415
f 5224 5223 5417
f 5418 5224 5417
f 5224 5418 5226
f 5229 5420 5419
f 5228 5229 5419
f 5419 5421 5228
f 5228 5421 5230
f 5421 5218 5230
f 5408 5218 5421
f 5416 5422 5415
f 5415 5423 5417
f 5422 5423 5415
f 5417 5424 5418
f 5423 5424 5417
f 5426 5425 5231
f 5424 5426 5231
f 5424 5231 5226
f 5424 5226 5418
f 5232 5231 5425
f 5427 5232 5425
f 5232 5427 5234
f 5236 5429 5428
f 5235 5236 5428
f 5428 5229 5235
f 5420 5229 5428
f 5426 5430 5425
f 5425 5431 5427
f 5430 5431 5425
f 5433 5432 5237
f 5431 5433 5237
f 5431 5237 5234
f 5431 5234 5427
f 5238 5237 5432
f 5434 5238 5432
f 5238 5434 5239
f 5429 5236 5435
f 5435 5236 5240
f 5433 5436 5432
f 5438 5432 5436
f 5438 5437 5432
f 5437 5434 5432
f 5241 5239 5434
f 5241 5434 5439
f 5439 5434 5437
f 5241 5439 5242
f 5435 5240 5440
f 5440 5240 5243
f 5438 5441 5437
f 5443 5437 5441
f 5443 5442 5437
f 5442 5439 5437
f 5439 5442 5244
f 5242 5439 5244
f 5440 5243 5444
f 5444 5243 5245
f 5443 5445 5442
f 5442 5445 5446
f 5442 5446 5244
f 5244 5446 5247
f 5444 5245 5447
f 5447 5245 5248
f 5446 5448 5247
f 5448 5250 5247
f 5447 5248 5449
f 5449 5248 5251
f 5448 5252 5250
f 5450 5252 5448
f 5252 5450 5451
f 5253 5252 5451
f 5449 5251 5452
f 5452 5251 5254
f 5455 5453 5454
f 5454 5453 5255
f 5454 5255 5451
f 5451 5255 5253
f 5452 5254 5456
f 5456 5254 5256
f 5455 5457 5453
f 5453 5457 5458
f 5453 5458 5255
f 5255 5458 5258
f 5456 5256 5459
f 5459 5256 5259
f 5458 5460 5258
f 5460 5261 5258
f 5459 5259 5461
f 5461 5259 5262
f 5460 5462 5261
f 5462 5263 5261
f 5461 5262 5463
f 5463 5262 5264
f 5466 5464 5465
f 5465 5464 5265
f 5465 5265 5462
f 5462 5265 5263
f 5463 5264 5467
f 5467 5264 5266
f 5469 5464 5466
f 5468 5464 5469
f 5464 5468 5267
f 5265 5464 5267
f 5467 5266 5470
f 5470 5266 5268
f 5468 5270 5269
f 5468 5469 5270
f 5469 5471 5270
f 5468 5269 5267
f 5470 5268 5472
f 5472 5268 5271
f 5475 5473 5474
f 5474 5473 5272
f 5474 5272 5471
f 5471 5272 5270
f 5472 5271 5273
f 5476 5472 5273
f 5477 5273 5274
f 5477 5478 5273
f 5478 5476 5273
f 5478 5479 5480
f 5477 5479 5478
f 5480 5479 5481
f 5484 5482 5483
f 5473 5276 5275
f 5475 5276 5473
f 5475 5482 5276
f 5475 5483 5482
f 5473 5275 5272
f 5477 5274 5277
f 5479 5477 5277
f 5278 5479 5277
f 5481 5479 5278
f 5481 5278 5485
f 5485 5278 5279
f 5486 5279 5280
f 5486 5487 5279
f 5487 5485 5279
f 5487 5486 5488
f 5491 5489 5490
f 5482 5283 5282
f 5484 5283 5482
f 5484 5489 5283
f 5484 5490 5489
f 5482 5282 5276
f 5486 5280 5284
f 5488 5486 5284
f 5488 5284 5492
f 5492 5284 5285
f 5492 5285 5493
f 5285 5286 5493
f 5494 5286 5287
f 5494 5495 5286
f 5495 5493 5286
f 5495 5496 5497
f 5494 5496 5495
f 5497 5496 5498
f 5501 5499 5500
f 5500 5502 5503
f 5499 5502 5500
f 5489 5290 5289
f 5491 5290 5489
f 5491 5502 5290
f 5491 5503 5502
f 5489 5289 5283
f 5494 5287 5291
f 5496 5494 5291
f 5292 5496 5291
f 5498 5496 5292
f 5498 5292 5504
f 5504 5292 5294
f 5504 5294 5505
f 5294 5296 5505
f 5506 5296 5297
f 5506 5507 5296
f 5507 5505 5296
f 5507 5508 5509
f 5506 5508 5507
f 5509 5508 5510
f 5513 5511 5512
f 5300 5512 5511
f 5300 5299 5512
f 5299 5514 5512
f 5499 5501 5514
f 5499 5514 5302
f 5302 5514 5299
f 5502 5499 5302
f 5303 5502 5302
f 5502 5303 5290
f 5506 5297 5304
f 5508 5506 5304
f 5305 5508 5304
f 5510 5508 5305
f 5510 5305 5515
f 5515 5305 5306
f 5515 5306 5516
f 5306 5308 5516
f 5517 5308 5309
f 5517 5518 5308
f 5518 5516 5308
f 5518 5519 5520
f 5517 5519 5518
f 5520 5521 5522
f 5519 5521 5520
f 5522 5521 5523
f 5526 5524 5525
f 5525 5527 5528
f 5524 5527 5525
f 5312 5528 5527
f 5312 5311 5528
f 5311 5529 5528
f 5511 5513 5529
f 5511 5529 5313
f 5313 5529 5311
f 5511 5313 5300
f 5517 5309 5314
f 5519 5517 5314
f 5315 5519 5314
f 5521 5519 5315
f 5316 5521 5315
f 5523 5521 5316
f 5523 5316 5530
f 5530 5316 5318
f 5530 5318 5531
f 5318 5319 5531
f 5531 5319 5532
f 5319 5321 5532
f 5532 5321 5533
f 5321 5323 5533
f 5534 5323 5324
f 5534 5535 5323
f 5535 5533 5323
f 5535 5536 5537
f 5534 5536 5535
f 5537 5538 5539
f 5536 5538 5537
f 5539 5540 5541
f 5538 5540 5539
f 5541 5542 5543
f 5540 5542 5541
f 5543 5544 5545
f 5542 5544 5543
f 5545 5546 5547
f 5544 5546 5545
f 5547 5548 5549
f 5546 5548 5547
f 5549 5548 5550
f 5553 5551 5552
f 5552 5554 5555
f 5551 5554 5552
f 5555 5556 5557
f 5554 5556 5555
f 5557 5558 5559
f 5556 5558 5557
f 5559 5560 5561
f 5558 5560 5559
f 5561 5562 5563
f 5560 5562 5561
f 5563 5564 5565
f 5562 5564 5563
f 5565 5566 5567
f 5564 5566 5565
f 5567 5568 5569
f 5566 5568 5567
f 5327 5569 5568
f 5327 5326 5569
f 5326 5570 5569
f 5570 5326 5571
f 5326 5329 5571
f 5571 5329 5572
f 5329 5331 5572
f 5524 5526 5572
f 5524 5572 5332
f 5332 5572 5331
f 5527 5524 5332
f 5333 5527 5332
f 5527 5333 5312
f 5534 5324 5334
f 5536 5534 5334
f 5335 5536 5334
f 5538 5536 5335
f 5336 5538 5335
f 5540 5538 5336
f 5337 5540 5336
f 5542 5540 5337
f 5338 5542 5337
f 5544 5542 5338
f 5339 5544 5338
f 5546 5544 5339
f 5341 5546 5339
f 5548 5546 5341
f 5343 5548 5341
f 5550 5548 5343
f 5550 5343 5573
f 5573 5343 5345
f 5551 5553 5573
f 5551 5573 5346
f 5346 5573 5345
f 5554 5551 5346
f 5348 5554 5346
f 5556 5554 5348
f 5350 5556 5348
f 5558 5556 5350
f 5352 5558 5350
f 5560 5558 5352
f 5353 5560 5352
f 5562 5560 5353
f 5354 5562 5353
f 5564 5562 5354
f 5355 5564 5354
f 5566 5564 5355
f 5356 5566 5355
f 5568 5566 5356
f 5357 5568 5356
f 5568 5357 5327
f 5363 5364 5574
f 5574 5576 5575
f 5574 5575 5363
f 5363 5575 5365
f 5575 5577 5365
f 5365 5577 5366
f 5577 5578 5366
f 5366 5578 5367
f 5578 5579 5367
f 5367 5579 5368
f 5579 5580 5368
f 5368 5580 5369
f 5580 5581 5369
f 5369 5581 5370
f 5581 5582 5370
f 5370 5582 5371
f 5582 5583 5371
f 5371 5583 5372
f 5583 5584 5372
f 5372 5584 5373
f 5584 5585 5373
f 5373 5585 5374
f 5585 5586 5374
f 5374 5586 5375
f 5586 5587 5375
f 5375 5587 5376
f 5587 5588 5376
f 5376 5588 5377
f 5588 5589 5377
f 5377 5589 5378
f 5589 5590 5378
f 5378 5590 5379
f 5590 5591 5379
f 5379 5591 5380
f 5591 5592 5380
f 5380 5592 5381
f 5592 5593 5381
f 5381 5593 5382
f 5593 5594 5382
f 5382 5594 5383
f 5594 5595 5383
f 5383 5595 5384
f 5595 5596 5384
f 5384 5596 5385
f 5598 5597 5386
f 5598 5386 5596
f 5596 5386 5385
f 5387 5386 5597
f 5599 5387 5597
f 5388 5387 5599
f 5600 5388 5599
f 5388 5600 5390
f 5603 5602 5601
f 5394 5601 5602
f 5394 5602 5393
f 5393 5602 5604
f 5604 5605 5393
f 5393 5605 5395
f 5605 5606 5395
f 5395 5606 5396
f 5606 5607 5396
f 5396 5607 5397
f 5364 5608 5574
f 5364 5397 5608
f 5397 5607 5608
f 5574 5608 5576
f 5598 5609 5597
f 5597 5610 5599
f 5609 5610 5597
f 5599 5611 5600
f 5610 5611 5599
f 5600 5398 5390
f 5600 5611 5398
f 5611 5612 5398
f 5612 5613 5398
f 5398 5613 5399
f 5613 5614 5399
f 5399 5614 5400
f 5614 5615 5400
f 5400 5615 5401
f 5617 5616 5402
f 5617 5402 5615
f 5615 5402 5401
f 5403 5402 5616
f 5618 5403 5616
f 5403 5618 5405
f 5408 5620 5619
f 5407 5408 5619
f 5619 5621 5407
f 5407 5621 5409
f 5621 5622 5409
f 5409 5622 5410
f 5601 5622 5603
f 5601 5411 5622
f 5411 5410 5622
f 5601 5394 5411
f 5617 5623 5616
f 5616 5624 5618
f 5623 5624 5616
f 5618 5412 5405
f 5618 5624 5412
f 5624 5625 5412
f 5627 5626 5413
f 5627 5413 5625
f 5625 5413 5412
f 5414 5413 5626
f 5628 5414 5626
f 5414 5628 5416
f 5631 5630 5629
f 5420 5629 5630
f 5420 5630 5419
f 5419 5630 5632
f 5632 5633 5419
f 5419 5633 5421
f 5633 5408 5421
f 5620 5408 5633
f 5627 5634 5626
f 5626 5635 5628
f 5634 5635 5626
f 5628 5422 5416
f 5628 5635 5422
f 5635 5636 5422
f 5638 5637 5423
f 5638 5423 5636
f 5636 5423 5422
f 5424 5423 5637
f 5639 5424 5637
f 5424 5639 5426
f 5629 5428 5429
f 5629 5429 5631
f 5631 5429 5640
f 5629 5420 5428
f 5638 5641 5637
f 5637 5642 5639
f 5641 5642 5637
f 5644 5643 5430
f 5642 5644 5430
f 5642 5430 5426
f 5642 5426 5639
f 5431 5430 5643
f 5645 5431 5643
f 5431 5645 5433
f 5640 5429 5646
f 5646 5429 5435
f 5644 5647 5643
f 5643 5648 5645
f 5647 5648 5643
f 5650 5649 5436
f 5648 5650 5436
f 5648 5436 5433
f 5648 5433 5645
f 5436 5649 5438
f 5646 5435 5651
f 5651 5435 5440
f 5650 5652 5649
f 5654 5653 5441
f 5652 5654 5441
f 5652 5441 5438
f 5652 5438 5649
f 5441 5653 5443
f 5651 5440 5655
f 5655 5440 5444
f 5654 5656 5653
f 5658 5657 5445
f 5656 5658 5445
f 5656 5445 5443
f 5656 5443 5653
f 5445 5657 5446
f 5655 5444 5659
f 5659 5444 5447
f 5658 5660 5657
f 5657 5660 5661
f 5657 5661 5446
f 5446 5661 5448
f 5659 5447 5662
f 5662 5447 5449
f 5450 5664 5663
f 5450 5448 5664
f 5448 5661 5664
f 5450 5663 5451
f 5662 5449 5665
f 5665 5449 5452
f 5663 5455 5454
f 5663 5664 5455
f 5664 5666 5455
f 5663 5454 5451
f 5665 5452 5667
f 5667 5452 5456
f 5457 5669 5668
f 5457 5455 5669
f 5455 5666 5669
f 5457 5668 5458
f 5667 5456 5670
f 5670 5456 5459
f 5672 5668 5669
f 5671 5668 5672
f 5668 5671 5460
f 5458 5668 5460
f 5670 5459 5673
f 5673 5459 5461
f 5675 5671 5672
f 5674 5671 5675
f 5671 5674 5462
f 5460 5671 5462
f 5673 5461 5676
f 5676 5461 5463
f 5674 5466 5465
f 5674 5675 5466
f 5675 5677 5466
f 5674 5465 5462
f 5676 5463 5678
f 5678 5463 5467
f 5681 5679 5680
f 5680 5679 5469
f 5680 5469 5677
f 5677 5469 5466
f 5678 5467 5682
f 5682 5467 5470
f 5684 5679 5681
f 5683 5679 5684
f 5679 5683 5471
f 5469 5679 5471
f 5682 5470 5685
f 5685 5470 5472
f 5688 5686 5687
f 5683 5475 5474
f 5684 5475 5683
f 5684 5686 5475
f 5684 5687 5686
f 5683 5474 5471
f 5685 5472 5476
f 5689 5685 5476
f 5689 5476 5690
f 5476 5478 5690
f 5690 5478 5691
f 5478 5480 5691
f 5480 5692 5691
f 5481 5692 5480
f 5695 5693 5694
f 5686 5484 5483
f 5688 5484 5686
f 5688 5693 5484
f 5688 5694 5693
f 5686 5483 5475
f 5692 5481 5485
f 5696 5692 5485
f 5696 5485 5697
f 5485 5487 5697
f 5698 5487 5488
f 5698 5699 5487
f 5699 5697 5487
f 5699 5698 5700
f 5703 5701 5702
f 5693 5491 5490
f 5695 5491 5693
f 5695 5701 5491
f 5695 5702 5701
f 5693 5490 5484
f 5698 5488 5492
f 5700 5698 5492
f 5700 5492 5704
f 5704 5492 5493
f 5704 5493 5705
f 5493 5495 5705
f 5705 5495 5706
f 5495 5497 5706
f 5497 5707 5706
f 5498 5707 5497
f 5710 5708 5709
f 5501 5709 5708
f 5501 5500 5709
f 5500 5711 5709
f 5701 5703 5711
f 5701 5711 5503
f 5503 5711 5500
f 5701 5503 5491
f 5707 5498 5504
f 5712 5707 5504
f 5712 5504 5713
f 5504 5505 5713
f 5713 5505 5714
f 5505 5507 5714
f 5714 5507 5715
f 5507 5509 5715
f 5716 5509 5510
f 5716 5717 5509
f 5717 5715 5509
f 5717 5716 5718
f 5721 5719 5720
f 5720 5719 5722
f 5725 5723 5724
f 5724 5726 5727
f 5723 5726 5724
f 5513 5727 5726
f 5513 5512 5727
f 5512 5728 5727
f 5708 5710 5728
f 5708 5728 5514
f 5514 5728 5512
f 5708 5514 5501
f 5716 5510 5515
f 5718 5716 5515
f 5718 5515 5729
f 5729 5515 5516
f 5719 5721 5729
f 5719 5729 5518
f 5518 5729 5516
f 5722 5719 5518
f 5722 5518 5730
f 5730 5518 5520
f 5730 5520 5731
f 5520 5522 5731
f 5732 5522 5523
f 5732 5733 5522
f 5733 5731 5522
f 5733 5734 5735
f 5732 5734 5733
f 5735 5736 5737
f 5734 5736 5735
f 5737 5738 5739
f 5736 5738 5737
f 5739 5740 5741
f 5738 5740 5739
f 5741 5742 5743
f 5740 5742 5741
f 5743 5742 5744
f 5747 5745 5746
f 5746 5748 5749
f 5745 5748 5746
f 5749 5750 5751
f 5748 5750 5749
f 5751 5752 5753
f 5750 5752 5751
f 5526 5753 5752
f 5526 5525 5753
f 5525 5754 5753
f 5723 5725 5754
f 5723 5754 5528
f 5528 5754 5525
f 5726 5723 5528
f 5529 5726 5528
f 5726 5529 5513
f 5732 5523 5530
f 5734 5732 5530
f 5531 5734 5530
f 5736 5734 5531
f 5532 5736 5531
f 5738 5736 5532
f 5533 5738 5532
f 5740 5738 5533
f 5535 5740 5533
f 5742 5740 5535
f 5537 5742 5535
f 5744 5742 5537
f 5744 5537 5755
f 5755 5537 5539
f 5755 5539 5756
f 5539 5541 5756
f 5756 5541 5757
f 5541 5543 5757
f 5757 5543 5758
f 5543 5545 5758
f 5758 5545 5759
f 5545 5547 5759
f 5759 5547 5760
f 5547 5549 5760
f 5761 5549 5550
f 5761 5762 5549
f 5762 5760 5549
f 5553 5762 5761
f 5553 5552 5762
f 5552 5763 5762
f 5763 5552 5764
f 5552 5555 5764
f 5764 5555 5765
f 5555 5557 5765
f 5765 5557 5766
f 5557 5559 5766
f 5766 5559 5767
f 5559 5561 5767
f 5767 5561 5768
f 5561 5563 5768
f 5768 5563 5769
f 5563 5565 5769
f 5769 5565 5770
f 5565 5567 5770
f 5745 5747 5770
f 5745 5770 5569
f 5569 5770 5567
f 5748 5745 5569
f 5570 5748 5569
f 5750 5748 5570
f 5571 5750 5570
f 5752 5750 5571
f 5572 5752 5571
f 5752 5572 5526
f 5761 5550 5573
f 5761 5573 5553
f 5773 5772 5771
f 5576 5771 5772
f 5576 5772 5575
f 5575 5772 5774
f 5774 5775 5575
f 5575 5775 5577
f 5775 5776 5577
f 5577 5776 5578
f 5776 5777 5578
f 5578 5777 5579
f 5777 5778 5579
f 5579 5778 5580
f 5778 5779 5580
f 5580 5779 5581
f 5779 5780 5581
f 5581 5780 5582
f 5780 5781 5582
f 5582 5781 5583
f 5781 5782 5583
f 5583 5782 5584
f 5782 5783 5584
f 5584 5783 5585
f 5783 5784 5585
f 5585 5784 5586
f 5784 5785 5586
f 5586 5785 5587
f 5785 5786 5587
f 5587 5786 5588
f 5786 5787 5588
f 5588 5787 5589
f 5787 5788 5589
f 5589 5788 5590
f 5788 5789 5590
f 5590 5789 5591
f 5791 5790 5592
f 5791 5592 5789
f 5789 5592 5591
f 5593 5592 5790
f 5792 5593 5790
f 5594 5593 5792
f 5793 5594 5792
f 5595 5594 5793
f 5794 5595 5793
f 5596 5595 5794
f 5795 5596 5794
f 5596 5795 5598
f 5602 5603 5796
f 5796 5798 5797
f 5796 5797 5602
f 5602 5797 5604
f 5797 5799 5604
f 5604 5799 5605
f 5799 5800 5605
f 5605 5800 5606
f 5800 5801 5606
f 5606 5801 5607
f 5771 5801 5773
f 5771 5608 5801
f 5608 5607 5801
f 5771 5576 5608
f 5791 5802 5790
f 5790 5803 5792
f 5802 5803 5790
f 5792 5804 5793
f 5803 5804 5792
f 5793 5805 5794
f 5804 5805 5793
f 5794 5806 5795
f 5805 5806 5794
f 5795 5609 5598
f 5795 5806 5609
f 5806 5807 5609
f 5807 5808 5609
f 5609 5808 5610
f 5808 5809 5610
f 5610 5809 5611
f 5809 5810 5611
f 5611 5810 5612
f 5812 5811 5613
f 5812 5613 5810
f 5810 5613 5612
f 5614 5613 5811
f 5813 5614 5811
f 5615 5614 5813
f 5814 5615 5813
f 5615 5814 5617
f 5817 5816 5815
f 5620 5815 5816
f 5620 5816 5619
f 5619 5816 5818
f 5818 5819 5619
f 5619 5819 5621
f 5819 5820 5621
f 5621 5820 5622
f 5603 5821 5796
f 5603 5622 5821
f 5622 5820 5821
f 5796 5821 5798
f 5812 5822 5811
f 5811 5823 5813
f 5822 5823 5811
f 5813 5824 5814
f 5823 5824 5813
f 5814 5623 5617
f 5814 5824 5623
f 5824 5825 5623
f 5827 5826 5624
f 5827 5624 5825
f 5825 5624 5623
f 5625 5624 5826
f 5828 5625 5826
f 5625 5828 5627
f 5631 5830 5829
f 5630 5631 5829
f 5829 5831 5630
f 5630 5831 5632
f 5815 5831 5817
f 5815 5633 5831
f 5633 5632 5831
f 5815 5620 5633
f 5827 5832 5826
f 5826 5833 5828
f 5832 5833 5826
f 5828 5634 5627
f 5828 5833 5634
f 5833 5834 5634
f 5836 5835 5635
f 5836 5635 5834
f 5834 5635 5634
f 5636 5635 5835
f 5837 5636 5835
f 5636 5837 5638
f 5830 5631 5838
f 5838 5631 5640
f 5836 5839 5835
f 5835 5840 5837
f 5839 5840 5835
f 5842 5841 5641
f 5840 5842 5641
f 5840 5641 5638
f 5840 5638 5837
f 5642 5641 5841
f 5843 5642 5841
f 5642 5843 5644
f 5838 5640 5844
f 5844 5640 5646
f 5842 5845 5841
f 5841 5846 5843
f 5845 5846 5841
f 5848 5847 5647
f 5846 5848 5647
f 5846 5647 5644
f 5846 5644 5843
f 5648 5647 5847
f 5849 5648 5847
f 5648 5849 5650
f 5844 5646 5850
f 5850 5646 5651
f 5848 5851 5847
f 5853 5847 5851
f 5853 5852 5847
f 5852 5849 5847
f 5652 5650 5849
f 5652 5849 5854
f 5854 5849 5852
f 5652 5854 5654
f 5850 5651 5855
f 5855 5651 5655
f 5853 5856 5852
f 5852 5857 5854
f 5856 5857 5852
f 5859 5858 5656
f 5857 5859 5656
f 5857 5656 5654
f 5857 5654 5854
f 5656 5858 5658
f 5855 5655 5860
f 5860 5655 5659
f 5862 5858 5859
f 5861 5858 5862
f 5660 5658 5858
f 5660 5858 5863
f 5863 5858 5861
f 5660 5863 5661
f 5860 5659 5864
f 5864 5659 5662
f 5866 5861 5862
f 5865 5861 5866
f 5861 5865 5863
f 5863 5865 5867
f 5863 5867 5664
f 5661 5863 5664
f 5864 5662 5868
f 5868 5662 5665
f 5866 5869 5865
f 5871 5865 5869
f 5871 5870 5865
f 5870 5867 5865
f 5867 5870 5666
f 5664 5867 5666
f 5868 5665 5872
f 5872 5665 5667
f 5874 5870 5871
f 5873 5870 5874
f 5870 5873 5669
f 5666 5870 5669
f 5872 5667 5875
f 5875 5667 5670
f 5877 5873 5874
f 5876 5873 5877
f 5873 5876 5672
f 5669 5873 5672
f 5875 5670 5878
f 5878 5670 5673
f 5881 5879 5880
f 5880 5876 5877
f 5880 5879 5876
f 5879 5882 5876
f 5876 5882 5675
f 5672 5876 5675
f 5878 5673 5883
f 5883 5673 5676
f 5885 5879 5881
f 5884 5879 5885
f 5879 5884 5882
f 5882 5884 5886
f 5882 5886 5677
f 5675 5882 5677
f 5883 5676 5887
f 5887 5676 5678
f 5889 5884 5885
f 5888 5884 5889
f 5681 5680 5886
f 5681 5886 5888
f 5888 5886 5884
f 5886 5680 5677
f 5887 5678 5890
f 5890 5678 5682
f 5893 5891 5892
f 5892 5888 5889
f 5892 5891 5888
f 5891 5894 5888
f 5888 5894 5684
f 5681 5888 5684
f 5895 5896 5890
f 5895 5890 5685
f 5685 5890 5682
f 5896 5895 5897
f 5900 5898 5899
f 5899 5891 5893
f 5899 5898 5891
f 5898 5901 5891
f 5688 5687 5894
f 5688 5894 5901
f 5901 5894 5891
f 5894 5687 5684
f 5895 5685 5689
f 5897 5895 5689
f 5897 5689 5902
f 5902 5689 5690
f 5902 5690 5903
f 5690 5691 5903
f 5904 5691 5692
f 5904 5905 5691
f 5905 5903 5691
f 5905 5904 5906
f 5909 5907 5908
f 5908 5898 5900
f 5908 5907 5898
f 5907 5910 5898
f 5695 5694 5901
f 5695 5901 5910
f 5910 5901 5898
f 5901 5694 5688
f 5904 5692 5696
f 5906 5904 5696
f 5906 5696 5911
f 5911 5696 5697
f 5911 5697 5912
f 5697 5699 5912
f 5913 5699 5700
f 5913 5914 5699
f 5914 5912 5699
f 5914 5915 5916
f 5913 5915 5914
f 5916 5915 5917
f 5920 5918 5919
f 5919 5921 5922
f 5918 5921 5919
f 5922 5907 5909
f 5922 5921 5907
f 5921 5923 5907
f 5703 5702 5910
f 5703 5910 5923
f 5923 5910 5907
f 5910 5702 5695
f 5913 5700 5704
f 5915 5913 5704
f 5705 5915 5704
f 5917 5915 5705
f 5917 5705 5924
f 5924 5705 5706
f 5925 5706 5707
f 5925 5926 5706
f 5926 5924 5706
f 5926 5927 5928
f 5925 5927 5926
f 5928 5929 5930
f 5927 5929 5928
f 5930 5929 5931
f 5934 5932 5933
f 5933 5935 5936
f 5932 5935 5933
f 5936 5937 5938
f 5935 5937 5936
f 5938 5918 5920
f 5938 5937 5918
f 5937 5939 5918
f 5710 5709 5921
f 5710 5921 5939
f 5939 5921 5918
f 5923 5921 5709
f 5711 5923 5709
f 5923 5711 5703
f 5925 5707 5712
f 5927 5925 5712
f 5713 5927 5712
f 5929 5927 5713
f 5714 5929 5713
f 5931 5929 5714
f 5931 5714 5940
f 5940 5714 5715
f 5940 5715 5941
f 5715 5717 5941
f 5942 5717 5718
f 5942 5943 5717
f 5943 5941 5717
f 5721 5943 5942
f 5721 5720 5943
f 5720 5944 5943
f 5945 5720 5722
f 5945 5946 5720
f 5946 5944 5720
f 5946 5947 5948
f 5945 5947 5946
f 5948 5947 5949
f 5952 5950 5951
f 5951 5953 5954
f 5950 5953 5951
f 5954 5955 5956
f 5953 5955 5954
f 5956 5955 5957
f 5960 5958 5959
f 5959 5961 5962
f 5958 5961 5959
f 5962 5963 5964
f 5961 5963 5962
f 5964 5965 5966
f 5963 5965 5964
f 5966 5932 5934
f 5966 5965 5932
f 5965 5967 5932
f 5725 5724 5935
f 5725 5935 5967
f 5967 5935 5932
f 5937 5935 5724
f 5727 5937 5724
f 5939 5937 5727
f 5728 5939 5727
f 5939 5728 5710
f 5942 5718 5729
f 5942 5729 5721
f 5945 5722 5730
f 5947 5945 5730
f 5731 5947 5730
f 5949 5947 5731
f 5949 5731 5968
f 5968 5731 5733
f 5950 5952 5968
f 5950 5968 5735
f 5735 5968 5733
f 5953 5950 5735
f 5737 5953 5735
f 5955 5953 5737
f 5739 5955 5737
f 5957 5955 5739
f 5957 5739 5969
f 5969 5739 5741
f 5969 5741 5970
f 5741 5743 5970
f 5971 5743 5744
f 5971 5972 5743
f 5972 5970 5743
f 5972 5973 5974
f 5971 5973 5972
f 5974 5975 5976
f 5973 5975 5974
f 5976 5977 5978
f 5975 5977 5976
f 5978 5979 5980
f 5977 5979 5978
f 5980 5981 5982
f 5979 5981 5980
f 5982 5983 5984
f 5981 5983 5982
f 5984 5985 5986
f 5983 5985 5984
f 5986 5987 5988
f 5985 5987 5986
f 5988 5989 5990
f 5987 5989 5988
f 5990 5991 5992
f 5989 5991 5990
f 5992 5993 5994
f 5991 5993 5992
f 5994 5995 5996
f 5993 5995 5994
f 5996 5997 5998
f 5995 5997 5996
f 5998 5999 6000
f 5997 5999 5998
f 5958 5747 5746
f 5960 5747 5958
f 5960 5999 5747
f 5960 6000 5999
f 5961 5958 5746
f 5749 5961 5746
f 5963 5961 5749
f 5751 5963 5749
f 5965 5963 5751
f 5753 5965 5751
f 5967 5965 5753
f 5754 5967 5753
f 5967 5754 5725
f 5971 5744 5755
f 5973 5971 5755
f 5756 5973 5755
f 5975 5973 5756
f 5757 5975 5756
f 5977 5975 5757
f 5758 5977 5757
f 5979 5977 5758
f 5759 5979 5758
f 5981 5979 5759
f 5760 5981 5759
f 5983 5981 5760
f 5762 5983 5760
f 5985 5983 5762
f 5763 5985 5762
f 5987 5985 5763
f 5764 5987 5763
f 5989 5987 5764
f 5765 5989 5764
f 5991 5989 5765
f 5766 5991 5765
f 5993 5991 5766
f 5767 5993 5766
f 5995 5993 5767
f 5768 5995 5767
f 5997 5995 5768
f 5769 5997 5768
f 5999 5997 5769
f 5770 5999 5769
f 5999 5770 5747
f 5772 5773 6001
f 5774 5772 6001
f 6002 5774 6001
f 6002 6004 6003
f 6002 6003 5774
f 5774 6003 5775
f 6003 6005 5775
f 5775 6005 5776
f 6005 6006 5776
f 5776 6006 5777
f 6006 6007 5777
f 5777 6007 5778
f 6007 6008 5778
f 5778 6008 5779
f 6008 6009 5779
f 5779 6009 5780
f 6009 6010 5780
f 5780 6010 5781
f 6010 6011 5781
f 5781 6011 5782
f 6011 6012 5782
f 5782 6012 5783
f 6014 6013 5784
f 6014 5784 6012
f 6012 5784 5783
f 6013 6016 6015
f 6013 6015 5784
f 5784 6015 5785
f 6018 6017 5786
f 6018 5786 6015
f 6015 5786 5785
f 6017 6020 6019
f 6017 6019 5786
f 5786 6019 5787
f 6022 6021 5788
f 6022 5788 6019
f 6019 5788 5787
f 5789 5788 6021
f 6023 5789 6021
f 5789 6023 5791
f 6026 6025 6024
f 5798 6024 6025
f 5798 6025 5797
f 5797 6025 6027
f 6027 6028 5797
f 5797 6028 5799
f 6028 6029 5799
f 5799 6029 5800
f 6029 6030 5800
f 5800 6030 5801
f 5773 6031 6001
f 5773 5801 6031
f 5801 6030 6031
f 6001 6032 6002
f 6031 6032 6001
f 6002 6032 6004
f 6014 6033 6013
f 6013 6033 6016
f 6018 6034 6017
f 6017 6034 6020
f 6022 6035 6021
f 6021 6036 6023
f 6035 6036 6021
f 6023 5802 5791
f 6023 6036 5802
f 6036 6037 5802
f 6037 6038 5802
f 5802 6038 5803
f 6038 6039 5803
f 5803 6039 5804
f 6039 6040 5804
f 5804 6040 5805
f 6040 6041 5805
f 5805 6041 5806
f 6041 6042 5806
f 5806 6042 5807
f 6042 6043 5807
f 5807 6043 5808
f 6045 6044 5809
f 6045 5809 6043
f 6043 5809 5808
f 5810 5809 6044
f 6046 5810 6044
f 5810 6046 5812
f 5816 5817 6047
f 6047 6049 6048
f 6047 6048 5816
f 5816 6048 5818
f 6048 6050 5818
f 5818 6050 5819
f 6050 6051 5819
f 5819 6051 5820
f 6024 6051 6026
f 6024 5821 6051
f 5821 5820 6051
f 6024 5798 5821
f 6045 6052 6044
f 6044 6053 6046
f 6052 6053 6044
f 6046 5822 5812
f 6046 6053 5822
f 6053 6054 5822
f 6056 6055 5823
f 6056 5823 6054
f 6054 5823 5822
f 5824 5823 6055
f 6057 5824 6055
f 5825 5824 6057
f 6058 5825 6057
f 5825 6058 5827
f 5830 6060 6059
f 5829 5830 6059
f 6059 6061 5829
f 5829 6061 5831
f 5817 6062 6047
f 5817 5831 6062
f 5831 6061 6062
f 6047 6062 6049
f 6056 6063 6055
f 6055 6064 6057
f 6063 6064 6055
f 6057 6065 6058
f 6064 6065 6057
f 6067 6066 5832
f 6065 6067 5832
f 6065 5832 5827
f 6065 5827 6058
f 5833 5832 6066
f 6068 5833 6066
f 5834 5833 6068
f 6069 5834 6068
f 5834 6069 5836
f 6060 5830 6070
f 6070 5830 5838
f 6067 6071 6066
f 6066 6072 6068
f 6071 6072 6066
f 6074 6068 6072
f 6074 6073 6068
f 6073 6069 6068
f 5839 5836 6069
f 5839 6069 6075
f 6075 6069 6073
f 5840 5839 6075
f 6076 5840 6075
f 5840 6076 5842
f 6070 5838 6077
f 6077 5838 5844
f 6074 6078 6073
f 6073 6079 6075
f 6078 6079 6073
f 6081 6075 6079
f 6081 6080 6075
f 6080 6076 6075
f 5845 5842 6076
f 5845 6076 6082
f 6082 6076 6080
f 5846 5845 6082
f 6083 5846 6082
f 5846 6083 5848
f 6077 5844 6084
f 6084 5844 5850
f 6081 6085 6080
f 6080 6086 6082
f 6085 6086 6080
f 6088 6082 6086
f 6088 6087 6082
f 6087 6083 6082
f 5851 5848 6083
f 5851 6083 6089
f 6089 6083 6087
f 5851 6089 5853
f 6084 5850 6090
f 6090 5850 5855
f 6088 6091 6087
f 6093 6087 6091
f 6093 6092 6087
f 6092 6089 6087
f 5856 5853 6089
f 5856 6089 6094
f 6094 6089 6092
f 5857 5856 6094
f 6095 5857 6094
f 5857 6095 5859
f 6090 5855 6096
f 6096 5855 5860
f 6093 6097 6092
f 6099 6092 6097
f 6099 6098 6092
f 6098 6094 6092
f 6094 6098 6095
f 6095 6098 6100
f 6095 6100 5862
f 5859 6095 5862
f 6096 5860 6101
f 6101 5860 5864
f 6103 6098 6099
f 6102 6098 6103
f 6098 6102 6100
f 6100 6102 6104
f 6100 6104 5866
f 5862 6100 5866
f 6101 5864 6105
f 6105 5864 5868
f 6103 6106 6102
f 6108 6102 6106
f 6108 6107 6102
f 6107 6104 6102
f 5869 5866 6104
f 5869 6104 6109
f 6109 6104 6107
f 5869 6109 5871
f 6105 5868 6110
f 6110 5868 5872
f 6112 6107 6108
f 6111 6107 6112
f 6107 6111 6109
f 6109 6111 6113
f 6109 6113 5874
f 5871 6109 5874
f 6110 5872 6114
f 6114 5872 5875
f 6116 6111 6112
f 6115 6111 6116
f 6111 6115 6113
f 6113 6115 6117
f 6113 6117 5877
f 5874 6113 5877
f 6114 5875 6118
f 6118 5875 5878
f 6121 6119 6120
f 6120 6115 6116
f 6120 6119 6115
f 6119 6122 6115
f 5881 5880 6117
f 5881 6117 6122
f 6122 6117 6115
f 6117 5880 5877
f 6118 5878 6123
f 6123 5878 5883
f 6121 6124 6119
f 6126 6119 6124
f 6126 6125 6119
f 6125 6122 6119
f 6122 6125 5885
f 5881 6122 5885
f 6123 5883 6127
f 6127 5883 5887
f 6130 6128 6129
f 6129 6125 6126
f 6129 6128 6125
f 6128 6131 6125
f 6125 6131 5889
f 5885 6125 5889
f 6127 5887 6132
f 6132 5887 5890
f 6135 6133 6134
f 6134 6128 6130
f 6134 6133 6128
f 6133 6136 6128
f 5893 5892 6131
f 5893 6131 6136
f 6136 6131 6128
f 6131 5892 5889
f 6132 5890 5896
f 6137 6132 5896
f 6138 5896 5897
f 6138 6139 5896
f 6139 6137 5896
f 6139 6138 6140
f 6143 6141 6142
f 6142 6144 6145
f 6141 6144 6142
f 6145 6133 6135
f 6145 6144 6133
f 6144 6146 6133
f 5900 5899 6136
f 5900 6136 6146
f 6146 6136 6133
f 6136 5899 5893
f 6138 5897 5902
f 6140 6138 5902
f 6140 5902 6147
f 6147 5902 5903
f 6147 5903 6148
f 5903 5905 6148
f 6149 5905 5906
f 6149 6150 5905
f 6150 6148 5905
f 6150 6151 6152
f 6149 6151 6150
f 6152 6151 6153
f 6156 6154 6155
f 6155 6141 6143
f 6155 6154 6141
f 6154 6157 6141
f 6141 6157 6144
f 6144 6157 6158
f 5909 5908 6146
f 5909 6146 6158
f 6158 6146 6144
f 6146 5908 5900
f 6149 5906 5911
f 6151 6149 5911
f 5912 6151 5911
f 6153 6151 5912
f 6153 5912 6159
f 6159 5912 5914
f 6159 5914 6160
f 5914 5916 6160
f 6161 5916 5917
f 6161 6162 5916
f 6162 6160 5916
f 6162 6163 6164
f 6161 6163 6162
f 6164 6165 6166
f 6163 6165 6164
f 6166 6165 6167
f 6170 6168 6169
f 6169 6171 6172
f 6168 6171 6169
f 6172 6173 6174
f 6171 6173 6172
f 6174 6154 6156
f 6174 6173 6154
f 6173 6175 6154
f 5920 5919 6157
f 5920 6157 6175
f 6175 6157 6154
f 6158 6157 5919
f 5922 6158 5919
f 6158 5922 5909
f 6161 5917 5924
f 6163 6161 5924
f 5926 6163 5924
f 6165 6163 5926
f 5928 6165 5926
f 6167 6165 5928
f 6167 5928 6176
f 6176 5928 5930
f 6177 5930 5931
f 6177 6178 5930
f 6178 6176 5930
f 6178 6179 6180
f 6177 6179 6178
f 6180 6181 6182
f 6179 6181 6180
f 6182 6183 6184
f 6181 6183 6182
f 6184 6183 6185
f 6188 6186 6187
f 6187 6189 6190
f 6186 6189 6187
f 6190 6191 6192
f 6189 6191 6190
f 6192 6193 6194
f 6191 6193 6192
f 6194 6195 6196
f 6193 6195 6194
f 6196 6168 6170
f 6196 6195 6168
f 6195 6197 6168
f 5934 5933 6171
f 5934 6171 6197
f 6197 6171 6168
f 6173 6171 5933
f 5936 6173 5933
f 6175 6173 5936
f 5938 6175 5936
f 6175 5938 5920
f 6177 5931 5940
f 6179 6177 5940
f 5941 6179 5940
f 6181 6179 5941
f 5943 6181 5941
f 6183 6181 5943
f 5944 6183 5943
f 6185 6183 5944
f 6185 5944 6198
f 6198 5944 5946
f 6198 5946 6199
f 5946 5948 6199
f 6200 5948 5949
f 6200 6201 5948
f 6201 6199 5948
f 5952 6201 6200
f 5952 5951 6201
f 5951 6202 6201
f 6202 5951 6203
f 5951 5954 6203
f 6203 5954 6204
f 5954 5956 6204
f 6205 5956 5957
f 6205 6206 5956
f 6206 6204 5956
f 6206 6207 6208
f 6205 6207 6206
f 6208 6209 6210
f 6207 6209 6208
f 6210 6211 6212
f 6209 6211 6210
f 6212 6213 6214
f 6211 6213 6212
f 6214 6215 6216
f 6213 6215 6214
f 6216 6217 6218
f 6215 6217 6216
f 6218 6219 6220
f 6217 6219 6218
f 6220 6221 6222
f 6219 6221 6220
f 6222 6223 6224
f 6221 6223 6222
f 6224 6225 6226
f 6223 6225 6224
f 6226 6227 6228
f 6225 6227 6226
f 6228 6229 6230
f 6227 6229 6228
f 6230 6231 6232
f 6229 6231 6230
f 6232 6233 6234
f 6231 6233 6232
f 6234 6186 6188
f 6234 6233 6186
f 6233 6235 6186
f 6186 6235 6189
f 6189 6235 6236
f 5960 5959 6191
f 5960 6191 6236
f 6236 6191 6189
f 6193 6191 5959
f 5962 6193 5959
f 6195 6193 5962
f 5964 6195 5962
f 6197 6195 5964
f 5966 6197 5964
f 6197 5966 5934
f 6200 5949 5968
f 6200 5968 5952
f 6205 5957 5969
f 6207 6205 5969
f 5970 6207 5969
f 6209 6207 5970
f 5972 6209 5970
f 6211 6209 5972
f 5974 6211 5972
f 6213 6211 5974
f 5976 6213 5974
f 6215 6213 5976
f 5978 6215 5976
f 6217 6215 5978
f 5980 6217 5978
f 6219 6217 5980
f 5982 6219 5980
f 6221 6219 5982
f 5984 6221 5982
f 6223 6221 5984
f 5986 6223 5984
f 6225 6223 5986
f 5988 6225 5986
f 6227 6225 5988
f 5990 6227 5988
f 6229 6227 5990
f 5992 6229 5990
f 6231 6229 5992
f 5994 6231 5992
f 6233 6231 5994
f 5996 6233 5994
f 6235 6233 5996
f 5998 6235 5996
f 6236 6235 5998
f 6000 6236 5998
f 6236 6000 5960
f 6239 6238 6237
f 6004 6237 6238
f 6004 6238 6003
f 6241 6240 6238
f 6240 6003 6238
f 6005 6003 6240
f 6242 6005 6240
f 6006 6005 6242
f 6243 6006 6242
f 6007 6006 6243
f 6244 6007 6243
f 6008 6007 6244
f 6245 6008 6244
f 6009 6008 6245
f 6246 6009 6245
f 6010 6009 6246
f 6247 6010 6246
f 6011 6010 6247
f 6248 6011 6247
f 6012 6011 6248
f 6249 6012 6248
f 6012 6249 6014
f 6015 6016 6250
f 6015 6250 6018
f 6019 6020 6251
f 6019 6251 6022
f 6025 6026 6252
f 6252 6254 6253
f 6252 6253 6025
f 6025 6253 6027
f 6253 6255 6027
f 6027 6255 6028
f 6255 6256 6028
f 6028 6256 6029
f 6256 6257 6029
f 6029 6257 6030
f 6257 6258 6030
f 6030 6258 6031
f 6237 6258 6239
f 6237 6032 6258
f 6032 6031 6258
f 6241 6259 6240
f 6237 6004 6032
f 6240 6260 6242
f 6259 6260 6240
f 6242 6261 6243
f 6260 6261 6242
f 6243 6262 6244
f 6261 6262 6243
f 6244 6263 6245
f 6262 6263 6244
f 6245 6264 6246
f 6263 6264 6245
f 6246 6265 6247
f 6264 6265 6246
f 6247 6266 6248
f 6265 6266 6247
f 6248 6267 6249
f 6266 6267 6248
f 6249 6033 6014
f 6249 6267 6033
f 6267 6268 6033
f 6016 6269 6250
f 6016 6033 6269
f 6033 6268 6269
f 6250 6034 6018
f 6250 6269 6034
f 6269 6270 6034
f 6020 6271 6251
f 6020 6034 6271
f 6034 6270 6271
f 6251 6035 6022
f 6251 6271 6035
f 6271 6272 6035
f 6272 6273 6035
f 6035 6273 6036
f 6273 6274 6036
f 6036 6274 6037
f 6274 6275 6037
f 6037 6275 6038
f 6277 6276 6039
f 6277 6039 6275
f 6275 6039 6038
f 6040 6039 6276
f 6278 6040 6276
f 6041 6040 6278
f 6279 6041 6278
f 6042 6041 6279
f 6280 6042 6279
f 6043 6042 6280
f 6281 6043 6280
f 6043 6281 6045
f 6284 6283 6282
f 6049 6282 6283
f 6049 6283 6048
f 6048 6283 6285
f 6285 6286 6048
f 6048 6286 6050
f 6286 6287 6050
f 6050 6287 6051
f 6026 6288 6252
f 6026 6051 6288
f 6051 6287 6288
f 6252 6288 6254
f 6277 6289 6276
f 6276 6290 6278
f 6289 6290 6276
f 6278 6291 6279
f 6290 6291 6278
f 6279 6292 6280
f 6291 6292 6279
f 6280 6293 6281
f 6292 6293 6280
f 6281 6052 6045
f 6281 6293 6052
f 6293 6294 6052
f 6296 6295 6053
f 6296 6053 6294
f 6294 6053 6052
f 6054 6053 6295
f 6297 6054 6295
f 6054 6297 6056
f 6060 6299 6298
f 6059 6060 6298
f 6298 6300 6059
f 6059 6300 6061
f 6282 6300 6284
f 6282 6062 6300
f 6062 6061 6300
f 6282 6049 6062
f 6296 6301 6295
f 6295 6302 6297
f 6301 6302 6295
f 6304 6303 6063
f 6302 6304 6063
f 6302 6063 6056
f 6302 6056 6297
f 6064 6063 6303
f 6305 6064 6303
f 6065 6064 6305
f 6306 6065 6305
f 6065 6306 6067
f 6299 6060 6307
f 6307 6060 6070
f 6304 6308 6303
f 6303 6309 6305
f 6308 6309 6303
f 6305 6310 6306
f 6309 6310 6305
f 6312 6311 6071
f 6310 6312 6071
f 6310 6071 6067
f 6310 6067 6306
f 6072 6071 6311
f 6313 6072 6311
f 6072 6313 6074
f 6307 6070 6314
f 6314 6070 6077
f 6312 6315 6311
f 6311 6316 6313
f 6315 6316 6311
f 6318 6317 6078
f 6316 6318 6078
f 6316 6078 6074
f 6316 6074 6313
f 6079 6078 6317
f 6319 6079 6317
f 6079 6319 6081
f 6314 6077 6320
f 6320 6077 6084
f 6318 6321 6317
f 6323 6317 6321
f 6323 6322 6317
f 6322 6319 6317
f 6085 6081 6319
f 6085 6319 6324
f 6324 6319 6322
f 6086 6085 6324
f 6325 6086 6324
f 6086 6325 6088
f 6320 6084 6326
f 6326 6084 6090
f 6323 6327 6322
f 6329 6322 6327
f 6329 6328 6322
f 6328 6324 6322
f 6324 6328 6325
f 6325 6328 6330
f 6091 6088 6325
f 6091 6325 6331
f 6331 6325 6330
f 6091 6331 6093
f 6326 6090 6332
f 6332 6090 6096
f 6329 6333 6328
f 6335 6328 6333
f 6335 6334 6328
f 6334 6330 6328
f 6330 6334 6331
f 6331 6334 6336
f 6097 6093 6331
f 6097 6331 6337
f 6337 6331 6336
f 6097 6337 6099
f 6332 6096 6338
f 6338 6096 6101
f 6335 6339 6334
f 6341 6334 6339
f 6341 6340 6334
f 6340 6336 6334
f 6336 6340 6337
f 6337 6340 6342
f 6337 6342 6103
f 6099 6337 6103
f 6338 6101 6343
f 6343 6101 6105
f 6341 6344 6340
f 6346 6340 6344
f 6346 6345 6340
f 6345 6342 6340
f 6106 6103 6342
f 6106 6342 6347
f 6347 6342 6345
f 6106 6347 6108
f 6343 6105 6348
f 6348 6105 6110
f 6351 6349 6350
f 6350 6345 6346
f 6350 6349 6345
f 6349 6352 6345
f 6345 6352 6347
f 6347 6352 6353
f 6347 6353 6112
f 6108 6347 6112
f 6348 6110 6354
f 6354 6110 6114
f 6351 6355 6349
f 6357 6349 6355
f 6357 6356 6349
f 6356 6352 6349
f 6352 6356 6353
f 6353 6356 6358
f 6353 6358 6116
f 6112 6353 6116
f 6354 6114 6359
f 6359 6114 6118
f 6362 6360 6361
f 6361 6356 6357
f 6361 6360 6356
f 6360 6363 6356
f 6121 6120 6358
f 6121 6358 6363
f 6363 6358 6356
f 6358 6120 6116
f 6359 6118 6364
f 6364 6118 6123
f 6367 6365 6366
f 6366 6360 6362
f 6366 6365 6360
f 6365 6368 6360
f 6360 6368 6363
f 6363 6368 6369
f 6124 6121 6363
f 6124 6363 6370
f 6370 6363 6369
f 6124 6370 6126
f 6364 6123 6371
f 6371 6123 6127
f 6373 6365 6367
f 6372 6365 6373
f 6365 6372 6368
f 6368 6372 6374
f 6368 6374 6369
f 6369 6374 6375
f 6130 6129 6370
f 6130 6370 6375
f 6375 6370 6369
f 6370 6129 6126
f 6371 6127 6376
f 6376 6127 6132
f 6379 6377 6378
f 6378 6380 6381
f 6377 6380 6378
f 6381 6372 6373
f 6381 6380 6372
f 6380 6382 6372
f 6372 6382 6374
f 6374 6382 6383
f 6135 6134 6375
f 6135 6375 6383
f 6383 6375 6374
f 6375 6134 6130
f 6376 6132 6137
f 6384 6376 6137
f 6384 6137 6385
f 6137 6139 6385
f 6386 6139 6140
f 6386 6387 6139
f 6387 6385 6139
f 6387 6386 6388
f 6391 6389 6390
f 6390 6377 6379
f 6390 6389 6377
f 6389 6392 6377
f 6377 6392 6380
f 6380 6392 6393
f 6143 6142 6382
f 6143 6382 6393
f 6393 6382 6380
f 6383 6382 6142
f 6145 6383 6142
f 6383 6145 6135
f 6386 6140 6147
f 6388 6386 6147
f 6388 6147 6394
f 6394 6147 6148
f 6394 6148 6395
f 6148 6150 6395
f 6395 6150 6396
f 6150 6152 6396
f 6397 6152 6153
f 6397 6398 6152
f 6398 6396 6152
f 6398 6397 6399
f 6402 6400 6401
f 6401 6403 6404
f 6400 6403 6401
f 6404 6405 6406
f 6403 6405 6404
f 6406 6389 6391
f 6406 6405 6389
f 6405 6407 6389
f 6389 6407 6392
f 6392 6407 6408
f 6156 6155 6393
f 6156 6393 6408
f 6408 6393 6392
f 6393 6155 6143
f 6397 6153 6159
f 6399 6397 6159
f 6399 6159 6409
f 6409 6159 6160
f 6409 6160 6410
f 6160 6162 6410
f 6410 6162 6411
f 6162 6164 6411
f 6411 6164 6412
f 6164 6166 6412
f 6413 6166 6167
f 6413 6414 6166
f 6414 6412 6166
f 6414 6413 6415
f 6418 6416 6417
f 6417 6416 6419
f 6422 6420 6421
f 6421 6423 6424
f 6420 6423 6421
f 6424 6425 6426
f 6423 6425 6424
f 6426 6427 6428
f 6425 6427 6426
f 6428 6400 6402
f 6428 6427 6400
f 6427 6429 6400
f 6400 6429 6403
f 6403 6429 6430
f 6170 6169 6405
f 6170 6405 6430
f 6430 6405 6403
f 6407 6405 6169
f 6172 6407 6169
f 6408 6407 6172
f 6174 6408 6172
f 6408 6174 6156
f 6413 6167 6176
f 6415 6413 6176
f 6415 6176 6431
f 6431 6176 6178
f 6431 6178 6432
f 6178 6180 6432
f 6416 6418 6432
f 6416 6432 6182
f 6182 6432 6180
f 6419 6416 6182
f 6419 6182 6433
f 6433 6182 6184
f 6434 6184 6185
f 6434 6435 6184
f 6435 6433 6184
f 6435 6436 6437
f 6434 6436 6435
f 6437 6438 6439
f 6436 6438 6437
f 6439 6440 6441
f 6438 6440 6439
f 6441 6442 6443
f 6440 6442 6441
f 6443 6444 6445
f 6442 6444 6443
f 6445 6446 6447
f 6444 6446 6445
f 6447 6448 6449
f 6446 6448 6447
f 6449 6450 6451
f 6448 6450 6449
f 6451 6452 6453
f 6450 6452 6451
f 6453 6454 6455
f 6452 6454 6453
f 6455 6454 6456
f 6459 6457 6458
f 6458 6460 6461
f 6457 6460 6458
f 6461 6462 6463
f 6460 6462 6461
f 6463 6464 6465
f 6462 6464 6463
f 6465 6466 6467
f 6464 6466 6465
f 6467 6468 6469
f 6466 6468 6467
f 6469 6470 6471
f 6468 6470 6469
f 6471 6472 6473
f 6470 6472 6471
f 6473 6420 6422
f 6473 6472 6420
f 6472 6474 6420
f 6188 6187 6423
f 6188 6423 6474
f 6474 6423 6420
f 6425 6423 6187
f 6190 6425 6187
f 6427 6425 6190
f 6192 6427 6190
f 6429 6427 6192
f 6194 6429 6192
f 6430 6429 6194
f 6196 6430 6194
f 6430 6196 6170
f 6434 6185 6198
f 6436 6434 6198
f 6199 6436 6198
f 6438 6436 6199
f 6201 6438 6199
f 6440 6438 6201
f 6202 6440 6201
f 6442 6440 6202
f 6203 6442 6202
f 6444 6442 6203
f 6204 6444 6203
f 6446 6444 6204
f 6206 6446 6204
f 6448 6446 6206
f 6208 6448 6206
f 6450 6448 6208
f 6210 6450 6208
f 6452 6450 6210
f 6212 6452 6210
f 6454 6452 6212
f 6214 6454 6212
f 6456 6454 6214
f 6456 6214 6475
f 6475 6214 6216
f 6457 6459 6475
f 6457 6475 6218
f 6218 6475 6216
f 6460 6457 6218
f 6220 6460 6218
f 6462 6460 6220
f 6222 6462 6220
f 6464 6462 6222
f 6224 6464 6222
f 6466 6464 6224
f 6226 6466 6224
f 6468 6466 6226
f 6228 6468 6226
f 6470 6468 6228
f 6230 6470 6228
f 6472 6470 6230
f 6232 6472 6230
f 6474 6472 6232
f 6234 6474 6232
f 6474 6234 6188
f 6238 6239 6476
f 6238 6476 6241
f 6254 6478 6477
f 6253 6254 6477
f 6480 6479 6255
f 6480 6255 6477
f 6477 6255 6253
f 6479 6482 6481
f 6479 6481 6255
f 6255 6481 6256
f 6481 6483 6256
f 6256 6483 6257
f 6483 6484 6257
f 6257 6484 6258
f 6239 6485 6476
f 6239 6258 6485
f 6258 6484 6485
f 6476 6259 6241
f 6476 6485 6259
f 6485 6486 6259
f 6486 6487 6259
f 6259 6487 6260
f 6487 6488 6260
f 6260 6488 6261
f 6488 6489 6261
f 6261 6489 6262
f 6489 6490 6262
f 6262 6490 6263
f 6490 6491 6263
f 6263 6491 6264
f 6491 6492 6264
f 6264 6492 6265
f 6492 6493 6265
f 6265 6493 6266
f 6493 6494 6266
f 6266 6494 6267
f 6494 6495 6267
f 6267 6495 6268
f 6495 6496 6268
f 6268 6496 6269
f 6496 6497 6269
f 6269 6497 6270
f 6497 6498 6270
f 6270 6498 6271
f 6498 6499 6271
f 6271 6499 6272
f 6499 6500 6272
f 6272 6500 6273
f 6502 6501 6274
f 6502 6274 6500
f 6500 6274 6273
f 6275 6274 6501
f 6503 6275 6501
f 6275 6503 6277
f 6284 6505 6504
f 6283 6284 6504
f 6504 6506 6283
f 6283 6506 6285
f 6506 6507 6285
f 6285 6507 6286
f 6507 6508 6286
f 6286 6508 6287
f 6508 6509 6287
f 6287 6509 6288
f 6509 6254 6288
f 6478 6254 6509
f 6480 6510 6479
f 6479 6510 6482
f 6502 6511 6501
f 6501 6512 6503
f 6511 6512 6501
f 6503 6289 6277
f 6503 6512 6289
f 6512 6513 6289
f 6513 6514 6289
f 6289 6514 6290
f 6514 6515 6290
f 6290 6515 6291
f 6517 6516 6292
f 6517 6292 6515
f 6515 6292 6291
f 6293 6292 6516
f 6518 6293 6516
f 6294 6293 6518
f 6519 6294 6518
f 6294 6519 6296
f 6299 6521 6520
f 6298 6299 6520
f 6520 6522 6298
f 6298 6522 6300
f 6522 6284 6300
f 6505 6284 6522
f 6517 6523 6516
f 6516 6524 6518
f 6523 6524 6516
f 6526 6518 6524
f 6526 6525 6518
f 6525 6519 6518
f 6301 6296 6519
f 6301 6519 6527
f 6527 6519 6525
f 6302 6301 6527
f 6528 6302 6527
f 6302 6528 6304
f 6521 6299 6529
f 6529 6299 6307
f 6526 6530 6525
f 6525 6531 6527
f 6530 6531 6525
f 6533 6527 6531
f 6533 6532 6527
f 6532 6528 6527
f 6308 6304 6528
f 6308 6528 6534
f 6534 6528 6532
f 6309 6308 6534
f 6535 6309 6534
f 6310 6309 6535
f 6536 6310 6535
f 6310 6536 6312
f 6529 6307 6537
f 6537 6307 6314
f 6533 6538 6532
f 6532 6539 6534
f 6538 6539 6532
f 6541 6534 6539
f 6541 6540 6534
f 6540 6535 6534
f 6535 6540 6536
f 6536 6540 6542
f 6315 6312 6536
f 6315 6536 6543
f 6543 6536 6542
f 6316 6315 6543
f 6544 6316 6543
f 6316 6544 6318
f 6537 6314 6545
f 6545 6314 6320
f 6541 6546 6540
f 6548 6540 6546
f 6548 6547 6540
f 6547 6542 6540
f 6542 6547 6543
f 6543 6547 6549
f 6543 6549 6544
f 6544 6549 6550
f 6321 6318 6544
f 6321 6544 6551
f 6551 6544 6550
f 6321 6551 6323
f 6545 6320 6552
f 6552 6320 6326
f 6548 6553 6547
f 6555 6547 6553
f 6555 6554 6547
f 6554 6549 6547
f 6549 6554 6550
f 6550 6554 6556
f 6550 6556 6551
f 6551 6556 6557
f 6327 6323 6551
f 6327 6551 6558
f 6558 6551 6557
f 6327 6558 6329
f 6552 6326 6559
f 6559 6326 6332
f 6555 6560 6554
f 6554 6561 6556
f 6560 6561 6554
f 6563 6556 6561
f 6563 6562 6556
f 6562 6557 6556
f 6557 6562 6558
f 6558 6562 6564
f 6333 6329 6558
f 6333 6558 6565
f 6565 6558 6564
f 6333 6565 6335
f 6559 6332 6566
f 6566 6332 6338
f 6563 6567 6562
f 6569 6562 6567
f 6569 6568 6562
f 6568 6564 6562
f 6564 6568 6565
f 6565 6568 6570
f 6339 6335 6565
f 6339 6565 6571
f 6571 6565 6570
f 6339 6571 6341
f 6566 6338 6572
f 6572 6338 6343
f 6569 6573 6568
f 6575 6568 6573
f 6575 6574 6568
f 6574 6570 6568
f 6570 6574 6571
f 6571 6574 6576
f 6344 6341 6571
f 6344 6571 6577
f 6577 6571 6576
f 6344 6577 6346
f 6572 6343 6578
f 6578 6343 6348
f 6581 6579 6580
f 6580 6574 6575
f 6580 6579 6574
f 6579 6582 6574
f 6574 6582 6576
f 6576 6582 6583
f 6351 6350 6577
f 6351 6577 6583
f 6583 6577 6576
f 6577 6350 6346
f 6578 6348 6584
f 6584 6348 6354
f 6586 6579 6581
f 6585 6579 6586
f 6579 6585 6582
f 6582 6585 6587
f 6582 6587 6583
f 6583 6587 6588
f 6355 6351 6583
f 6355 6583 6589
f 6589 6583 6588
f 6355 6589 6357
f 6584 6354 6590
f 6590 6354 6359
f 6592 6585 6586
f 6591 6585 6592
f 6585 6591 6587
f 6587 6591 6593
f 6587 6593 6588
f 6588 6593 6594
f 6362 6361 6589
f 6362 6589 6594
f 6594 6589 6588
f 6589 6361 6357
f 6590 6359 6595
f 6595 6359 6364
f 6598 6596 6597
f 6597 6591 6592
f 6597 6596 6591
f 6596 6599 6591
f 6591 6599 6593
f 6593 6599 6600
f 6367 6366 6594
f 6367 6594 6600
f 6600 6594 6593
f 6594 6366 6362
f 6595 6364 6601
f 6601 6364 6371
f 6604 6602 6603
f 6603 6602 6605
f 6608 6606 6607
f 6607 6596 6598
f 6607 6606 6596
f 6606 6609 6596
f 6596 6609 6599
f 6599 6609 6610
f 6599 6610 6600
f 6600 6610 6611
f 6600 6611 6373
f 6367 6600 6373
f 6612 6613 6601
f 6612 6601 6376
f 6376 6601 6371
f 6613 6614 6615
f 6612 6614 6613
f 6615 6614 6616
f 6619 6617 6618
f 6618 6602 6604
f 6618 6617 6602
f 6617 6620 6602
f 6605 6621 6622
f 6605 6602 6621
f 6602 6620 6621
f 6622 6606 6608
f 6622 6621 6606
f 6621 6623 6606
f 6606 6623 6609
f 6609 6623 6624
f 6379 6378 6610
f 6379 6610 6624
f 6624 6610 6609
f 6611 6610 6378
f 6381 6611 6378
f 6611 6381 6373
f 6612 6376 6384
f 6614 6612 6384
f 6385 6614 6384
f 6616 6614 6385
f 6616 6385 6625
f 6625 6385 6387
f 6626 6387 6388
f 6626 6627 6387
f 6627 6625 6387
f 6627 6628 6629
f 6626 6628 6627
f 6629 6628 6630
f 6633 6631 6632
f 6632 6617 6619
f 6632 6631 6617
f 6631 6634 6617
f 6617 6634 6620
f 6620 6634 6635
f 6620 6635 6621
f 6621 6635 6636
f 6621 6636 6623
f 6623 6636 6637
f 6391 6390 6624
f 6391 6624 6637
f 6637 6624 6623
f 6624 6390 6379
f 6626 6388 6394
f 6628 6626 6394
f 6395 6628 6394
f 6630 6628 6395
f 6630 6395 6638
f 6638 6395 6396
f 6638 6396 6639
f 6396 6398 6639
f 6640 6398 6399
f 6640 6641 6398
f 6641 6639 6398
f 6641 6642 6643
f 6640 6642 6641
f 6643 6644 6645
f 6642 6644 6643
f 6645 6644 6646
f 6649 6647 6648
f 6648 6650 6651
f 6647 6650 6648
f 6651 6652 6653
f 6650 6652 6651
f 6653 6654 6655
f 6652 6654 6653
f 6655 6656 6657
f 6654 6656 6655
f 6657 6631 6633
f 6657 6656 6631
f 6656 6658 6631
f 6631 6658 6634
f 6634 6658 6659
f 6402 6401 6635
f 6402 6635 6659
f 6659 6635 6634
f 6636 6635 6401
f 6404 6636 6401
f 6637 6636 6404
f 6406 6637 6404
f 6637 6406 6391
f 6640 6399 6409
f 6642 6640 6409
f 6410 6642 6409
f 6644 6642 6410
f 6411 6644 6410
f 6646 6644 6411
f 6646 6411 6660
f 6660 6411 6412
f 6660 6412 6661
f 6412 6414 6661
f 6662 6414 6415
f 6662 6663 6414
f 6663 6661 6414
f 6663 6664 6665
f 6662 6664 6663
f 6418 6665 6664
f 6418 6417 6665
f 6417 6666 6665
f 6667 6417 6419
f 6667 6668 6417
f 6668 6666 6417
f 6668 6669 6670
f 6667 6669 6668
f 6670 6671 6672
f 6669 6671 6670
f 6672 6671 6673
f 6676 6674 6675
f 6675 6677 6678
f 6674 6677 6675
f 6678 6679 6680
f 6677 6679 6678
f 6680 6679 6681
f 6684 6682 6683
f 6683 6685 6686
f 6682 6685 6683
f 6686 6687 6688
f 6685 6687 6686
f 6688 6689 6690
f 6687 6689 6688
f 6690 6691 6692
f 6689 6691 6690
f 6692 6647 6649
f 6692 6691 6647
f 6691 6693 6647
f 6647 6693 6650
f 6650 6693 6694
f 6650 6694 6652
f 6652 6694 6695
f 6422 6421 6654
f 6422 6654 6695
f 6695 6654 6652
f 6656 6654 6421
f 6424 6656 6421
f 6658 6656 6424
f 6426 6658 6424
f 6659 6658 6426
f 6428 6659 6426
f 6659 6428 6402
f 6662 6415 6431
f 6664 6662 6431
f 6432 6664 6431
f 6664 6432 6418
f 6667 6419 6433
f 6669 6667 6433
f 6435 6669 6433
f 6671 6669 6435
f 6437 6671 6435
f 6673 6671 6437
f 6673 6437 6696
f 6696 6437 6439
f 6696 6439 6697
f 6439 6441 6697
f 6674 6676 6697
f 6674 6697 6443
f 6443 6697 6441
f 6677 6674 6443
f 6445 6677 6443
f 6679 6677 6445
f 6447 6679 6445
f 6681 6679 6447
f 6681 6447 6698
f 6698 6447 6449
f 6698 6449 6699
f 6449 6451 6699
f 6699 6451 6700
f 6451 6453 6700
f 6700 6453 6701
f 6453 6455 6701
f 6702 6455 6456
f 6702 6703 6455
f 6703 6701 6455
f 6682 6459 6458
f 6684 6459 6682
f 6684 6702 6459
f 6684 6703 6702
f 6685 6682 6458
f 6461 6685 6458
f 6687 6685 6461
f 6463 6687 6461
f 6689 6687 6463
f 6465 6689 6463
f 6691 6689 6465
f 6467 6691 6465
f 6693 6691 6467
f 6469 6693 6467
f 6694 6693 6469
f 6471 6694 6469
f 6695 6694 6471
f 6473 6695 6471
f 6695 6473 6422
f 6702 6456 6475
f 6702 6475 6459
f 6477 6478 6704
f 6705 6480 6477
f 6705 6477 6706
f 6704 6707 6477
f 6707 6706 6477
f 6482 6705 6706
f 6482 6706 6481
f 6481 6706 6708
f 6708 6709 6481
f 6481 6709 6483
f 6709 6710 6483
f 6483 6710 6484
f 6710 6711 6484
f 6484 6711 6485
f 6711 6712 6485
f 6485 6712 6486
f 6712 6713 6486
f 6486 6713 6487
f 6713 6714 6487
f 6487 6714 6488
f 6714 6715 6488
f 6488 6715 6489
f 6715 6716 6489
f 6489 6716 6490
f 6716 6717 6490
f 6490 6717 6491
f 6717 6718 6491
f 6491 6718 6492
f 6718 6719 6492
f 6492 6719 6493
f 6719 6720 6493
f 6493 6720 6494
f 6720 6721 6494
f 6494 6721 6495
f 6723 6722 6496
f 6723 6496 6721
f 6721 6496 6495
f 6722 6725 6724
f 6722 6724 6496
f 6496 6724 6497
f 6727 6726 6498
f 6727 6498 6724
f 6724 6498 6497
f 6499 6498 6726
f 6728 6499 6726
f 6500 6499 6728
f 6729 6500 6728
f 6500 6729 6502
f 6505 6731 6730
f 6504 6505 6730
f 6733 6732 6506
f 6733 6506 6730
f 6730 6506 6504
f 6732 6735 6734
f 6732 6734 6506
f 6506 6734 6507
f 6734 6736 6507
f 6507 6736 6508
f 6736 6737 6508
f 6508 6737 6509
f 6478 6738 6704
f 6478 6509 6738
f 6509 6737 6738
f 6704 6738 6707
f 6480 6705 6510
f 6705 6482 6510
f 6723 6739 6722
f 6722 6739 6725
f 6727 6740 6726
f 6726 6741 6728
f 6740 6741 6726
f 6728 6742 6729
f 6741 6742 6728
f 6729 6511 6502
f 6729 6742 6511
f 6742 6743 6511
f 6743 6744 6511
f 6511 6744 6512
f 6746 6745 6513
f 6746 6513 6744
f 6744 6513 6512
f 6514 6513 6745
f 6747 6514 6745
f 6515 6514 6747
f 6748 6515 6747
f 6515 6748 6517
f 6521 6750 6749
f 6520 6521 6749
f 6749 6751 6520
f 6520 6751 6522
f 6751 6505 6522
f 6731 6505 6751
f 6733 6752 6732
f 6732 6752 6735
f 6746 6753 6745
f 6745 6754 6747
f 6753 6754 6745
f 6756 6747 6754
f 6756 6755 6747
f 6755 6748 6747
f 6523 6517 6748
f 6523 6748 6757
f 6757 6748 6755
f 6524 6523 6757
f 6758 6524 6757
f 6524 6758 6526
f 6750 6521 6759
f 6759 6521 6529
f 6756 6760 6755
f 6755 6761 6757
f 6760 6761 6755
f 6763 6757 6761
f 6763 6762 6757
f 6762 6758 6757
f 6530 6526 6758
f 6530 6758 6764
f 6764 6758 6762
f 6531 6530 6764
f 6765 6531 6764
f 6531 6765 6533
f 6759 6529 6766
f 6766 6529 6537
f 6763 6767 6762
f 6769 6762 6767
f 6769 6768 6762
f 6768 6764 6762
f 6764 6768 6765
f 6765 6768 6770
f 6538 6533 6765
f 6538 6765 6771
f 6771 6765 6770
f 6539 6538 6771
f 6772 6539 6771
f 6539 6772 6541
f 6766 6537 6773
f 6773 6537 6545
f 6769 6774 6768
f 6768 6775 6770
f 6774 6775 6768
f 6777 6770 6775
f 6777 6776 6770
f 6776 6771 6770
f 6771 6776 6772
f 6772 6776 6778
f 6546 6541 6772
f 6546 6772 6779
f 6779 6772 6778
f 6546 6779 6548
f 6773 6545 6780
f 6780 6545 6552
f 6777 6781 6776
f 6783 6776 6781
f 6783 6782 6776
f 6782 6778 6776
f 6778 6782 6779
f 6779 6782 6784
f 6553 6548 6779
f 6553 6779 6785
f 6785 6779 6784
f 6553 6785 6555
f 6780 6552 6786
f 6786 6552 6559
f 6783 6787 6782
f 6789 6782 6787
f 6789 6788 6782
f 6788 6784 6782
f 6784 6788 6785
f 6785 6788 6790
f 6560 6555 6785
f 6560 6785 6791
f 6791 6785 6790
f 6561 6560 6791
f 6792 6561 6791
f 6561 6792 6563
f 6786 6559 6793
f 6793 6559 6566
f 6789 6794 6788
f 6796 6788 6794
f 6796 6795 6788
f 6795 6790 6788
f 6790 6795 6791
f 6791 6795 6797
f 6791 6797 6792
f 6792 6797 6798
f 6567 6563 6792
f 6567 6792 6799
f 6799 6792 6798
f 6567 6799 6569
f 6793 6566 6800
f 6800 6566 6572
f 6802 6795 6796
f 6801 6795 6802
f 6795 6801 6797
f 6797 6801 6803
f 6797 6803 6798
f 6798 6803 6804
f 6798 6804 6799
f 6799 6804 6805
f 6573 6569 6799
f 6573 6799 6806
f 6806 6799 6805
f 6573 6806 6575
f 6800 6572 6807
f 6807 6572 6578
f 6810 6808 6809
f 6809 6801 6802
f 6809 6808 6801
f 6808 6811 6801
f 6801 6811 6803
f 6803 6811 6812
f 6803 6812 6804
f 6804 6812 6813
f 6804 6813 6805
f 6805 6813 6814
f 6581 6580 6806
f 6581 6806 6814
f 6814 6806 6805
f 6806 6580 6575
f 6807 6578 6815
f 6815 6578 6584
f 6817 6808 6810
f 6816 6808 6817
f 6808 6816 6811
f 6811 6816 6818
f 6811 6818 6812
f 6812 6818 6819
f 6812 6819 6813
f 6813 6819 6820
f 6813 6820 6814
f 6814 6820 6821
f 6814 6821 6586
f 6581 6814 6586
f 6815 6584 6822
f 6822 6584 6590
f 6825 6823 6824
f 6824 6816 6817
f 6824 6823 6816
f 6823 6826 6816
f 6816 6826 6818
f 6818 6826 6827
f 6818 6827 6819
f 6819 6827 6828
f 6819 6828 6820
f 6820 6828 6829
f 6820 6829 6821
f 6821 6829 6830
f 6821 6830 6592
f 6586 6821 6592
f 6822 6590 6831
f 6831 6590 6595
f 6834 6832 6833
f 6833 6823 6825
f 6833 6832 6823
f 6832 6835 6823
f 6823 6835 6826
f 6826 6835 6836
f 6826 6836 6827
f 6827 6836 6837
f 6827 6837 6828
f 6828 6837 6838
f 6828 6838 6829
f 6829 6838 6839
f 6598 6597 6830
f 6598 6830 6839
f 6839 6830 6829
f 6830 6597 6592
f 6831 6595 6840
f 6840 6595 6601
f 6843 6841 6842
f 6842 6832 6834
f 6842 6841 6832
f 6841 6844 6832
f 6832 6844 6835
f 6835 6844 6845
f 6835 6845 6836
f 6836 6845 6846
f 6604 6603 6837
f 6604 6837 6846
f 6846 6837 6836
f 6603 6605 6847
f 6603 6847 6837
f 6837 6847 6838
f 6608 6607 6839
f 6608 6839 6847
f 6847 6839 6838
f 6839 6607 6598
f 6840 6601 6613
f 6848 6840 6613
f 6848 6613 6849
f 6613 6615 6849
f 6615 6850 6849
f 6616 6850 6615
f 6853 6851 6852
f 6852 6851 6854
f 6857 6855 6856
f 6856 6841 6843
f 6856 6855 6841
f 6855 6858 6841
f 6841 6858 6844
f 6844 6858 6859
f 6844 6859 6845
f 6845 6859 6860
f 6619 6618 6846
f 6619 6846 6860
f 6860 6846 6845
f 6846 6618 6604
f 6847 6605 6622
f 6847 6622 6608
f 6850 6616 6625
f 6861 6850 6625
f 6851 6853 6861
f 6851 6861 6627
f 6627 6861 6625
f 6854 6851 6627
f 6854 6627 6862
f 6862 6627 6629
f 6863 6629 6630
f 6863 6864 6629
f 6864 6862 6629
f 6864 6865 6866
f 6863 6865 6864
f 6866 6867 6868
f 6865 6867 6866
f 6868 6869 6870
f 6867 6869 6868
f 6870 6869 6871
f 6874 6872 6873
f 6873 6875 6876
f 6872 6875 6873
f 6876 6877 6878
f 6875 6877 6876
f 6878 6879 6880
f 6877 6879 6878
f 6880 6855 6857
f 6880 6879 6855
f 6879 6881 6855
f 6855 6881 6858
f 6858 6881 6882
f 6858 6882 6859
f 6859 6882 6883
f 6633 6632 6860
f 6633 6860 6883
f 6883 6860 6859
f 6860 6632 6619
f 6863 6630 6638
f 6865 6863 6638
f 6639 6865 6638
f 6867 6865 6639
f 6641 6867 6639
f 6869 6867 6641
f 6643 6869 6641
f 6871 6869 6643
f 6871 6643 6884
f 6884 6643 6645
f 6885 6645 6646
f 6885 6886 6645
f 6886 6884 6645
f 6886 6887 6888
f 6885 6887 6886
f 6888 6889 6890
f 6887 6889 6888
f 6890 6891 6892
f 6889 6891 6890
f 6892 6893 6894
f 6891 6893 6892
f 6894 6895 6896
f 6893 6895 6894
f 6896 6895 6897
f 6900 6898 6899
f 6899 6901 6902
f 6898 6901 6899
f 6902 6903 6904
f 6901 6903 6902
f 6904 6905 6906
f 6903 6905 6904
f 6906 6872 6874
f 6906 6905 6872
f 6905 6907 6872
f 6872 6907 6875
f 6875 6907 6908
f 6649 6648 6877
f 6649 6877 6908
f 6908 6877 6875
f 6879 6877 6648
f 6651 6879 6648
f 6881 6879 6651
f 6653 6881 6651
f 6882 6881 6653
f 6655 6882 6653
f 6883 6882 6655
f 6657 6883 6655
f 6883 6657 6633
f 6885 6646 6660
f 6887 6885 6660
f 6661 6887 6660
f 6889 6887 6661
f 6663 6889 6661
f 6891 6889 6663
f 6665 6891 6663
f 6893 6891 6665
f 6666 6893 6665
f 6895 6893 6666
f 6668 6895 6666
f 6897 6895 6668
f 6897 6668 6909
f 6909 6668 6670
f 6909 6670 6910
f 6670 6672 6910
f 6911 6672 6673
f 6911 6912 6672
f 6912 6910 6672
f 6912 6913 6914
f 6911 6913 6912
f 6676 6914 6913
f 6676 6675 6914
f 6675 6915 6914
f 6915 6675 6916
f 6675 6678 6916
f 6916 6678 6917
f 6678 6680 6917
f 6918 6680 6681
f 6918 6919 6680
f 6919 6917 6680
f 6919 6920 6921
f 6918 6920 6919
f 6921 6922 6923
f 6920 6922 6921
f 6923 6924 6925
f 6922 6924 6923
f 6925 6898 6900
f 6925 6924 6898
f 6924 6926 6898
f 6684 6683 6901
f 6684 6901 6926
f 6926 6901 6898
f 6903 6901 6683
f 6686 6903 6683
f 6905 6903 6686
f 6688 6905 6686
f 6907 6905 6688
f 6690 6907 6688
f 6908 6907 6690
f 6692 6908 6690
f 6908 6692 6649
f 6911 6673 6696
f 6913 6911 6696
f 6697 6913 6696
f 6913 6697 6676
f 6918 6681 6698
f 6920 6918 6698
f 6699 6920 6698
f 6922 6920 6699
f 6700 6922 6699
f 6924 6922 6700
f 6701 6924 6700
f 6926 6924 6701
f 6703 6926 6701
f 6926 6703 6684
f 6707 6928 6927
f 6706 6707 6927
f 6927 6929 6706
f 6706 6929 6708
f 6929 6930 6708
f 6708 6930 6709
f 6930 6931 6709
f 6709 6931 6710
f 6931 6932 6710
f 6710 6932 6711
f 6932 6933 6711
f 6711 6933 6712
f 6933 6934 6712
f 6712 6934 6713
f 6934 6935 6713
f 6713 6935 6714
f 6937 6936 6715
f 6937 6715 6935
f 6935 6715 6714
f 6936 6939 6938
f 6936 6938 6715
f 6715 6938 6716
f 6941 6940 6717
f 6941 6717 6938
f 6938 6717 6716
f 6940 6943 6942
f 6940 6942 6717
f 6717 6942 6718
f 6945 6944 6719
f 6945 6719 6942
f 6942 6719 6718
f 6720 6719 6944
f 6946 6720 6944
f 6721 6720 6946
f 6947 6721 6946
f 6721 6947 6723
f 6724 6725 6948
f 6724 6948 6727
f 6730 6731 6949
f 6950 6733 6730
f 6950 6730 6951
f 6949 6952 6730
f 6952 6951 6730
f 6735 6950 6951
f 6735 6951 6734
f 6734 6951 6953
f 6953 6954 6734
f 6734 6954 6736
f 6954 6955 6736
f 6736 6955 6737
f 6955 6956 6737
f 6737 6956 6738
f 6956 6707 6738
f 6928 6707 6956
f 6937 6957 6936
f 6936 6957 6939
f 6941 6958 6940
f 6940 6958 6943
f 6945 6959 6944
f 6944 6960 6946
f 6959 6960 6944
f 6946 6961 6947
f 6960 6961 6946
f 6947 6739 6723
f 6947 6961 6739
f 6961 6962 6739
f 6725 6963 6948
f 6725 6739 6963
f 6739 6962 6963
f 6948 6740 6727
f 6948 6963 6740
f 6963 6964 6740
f 6964 6965 6740
f 6740 6965 6741
f 6967 6966 6742
f 6967 6742 6965
f 6965 6742 6741
f 6743 6742 6966
f 6968 6743 6966
f 6744 6743 6968
f 6969 6744 6968
f 6744 6969 6746
f 6750 6971 6970
f 6749 6750 6970
f 6970 6972 6749
f 6749 6972 6751
f 6731 6973 6949
f 6731 6751 6973
f 6751 6972 6973
f 6949 6973 6952
f 6733 6950 6752
f 6950 6735 6752
f 6967 6974 6966
f 6966 6975 6968
f 6974 6975 6966
f 6977 6968 6975
f 6977 6976 6968
f 6976 6969 6968
f 6753 6746 6969
f 6753 6969 6978
f 6978 6969 6976
f 6754 6753 6978
f 6979 6754 6978
f 6754 6979 6756
f 6971 6750 6980
f 6980 6750 6759
f 6977 6981 6976
f 6976 6982 6978
f 6981 6982 6976
f 6984 6978 6982
f 6984 6983 6978
f 6983 6979 6978
f 6760 6756 6979
f 6760 6979 6985
f 6985 6979 6983
f 6761 6760 6985
f 6986 6761 6985
f 6761 6986 6763
f 6980 6759 6987
f 6987 6759 6766
f 6984 6988 6983
f 6990 6983 6988
f 6990 6989 6983
f 6989 6985 6983
f 6985 6989 6986
f 6986 6989 6991
f 6767 6763 6986
f 6767 6986 6992
f 6992 6986 6991
f 6767 6992 6769
f 6987 6766 6993
f 6993 6766 6773
f 6990 6994 6989
f 6989 6995 6991
f 6994 6995 6989
f 6997 6991 6995
f 6997 6996 6991
f 6996 6992 6991
f 6774 6769 6992
f 6774 6992 6998
f 6998 6992 6996
f 6775 6774 6998
f 6999 6775 6998
f 6775 6999 6777
f 6993 6773 7000
f 7000 6773 6780
f 7002 6996 6997
f 7001 6996 7002
f 6996 7001 6998
f 6998 7001 7003
f 6998 7003 6999
f 6999 7003 7004
f 6781 6777 6999
f 6781 6999 7005
f 7005 6999 7004
f 6781 7005 6783
f 7000 6780 7006
f 7006 6780 6786
f 7002 7007 7001
f 7001 7008 7003
f 7007 7008 7001
f 7010 7003 7008
f 7010 7009 7003
f 7009 7004 7003
f 7004 7009 7005
f 7005 7009 7011
f 6787 6783 7005
f 6787 7005 7012
f 7012 7005 7011
f 6787 7012 6789
f 7006 6786 7013
f 7013 6786 6793
f 7015 7009 7010
f 7014 7009 7015
f 7009 7014 7011
f 7011 7014 7016
f 7011 7016 7012
f 7012 7016 7017
f 6794 6789 7012
f 6794 7012 7018
f 7018 7012 7017
f 6794 7018 6796
f 7013 6793 7019
f 7019 6793 6800
f 7021 7014 7015
f 7020 7014 7021
f 7014 7020 7016
f 7016 7020 7022
f 7016 7022 7017
f 7017 7022 7023
f 7017 7023 7018
f 7018 7023 7024
f 7018 7024 6802
f 6796 7018 6802
f 7019 6800 7025
f 7025 6800 6807
f 7028 7026 7027
f 7027 7020 7021
f 7027 7026 7020
f 7026 7029 7020
f 7020 7029 7022
f 7022 7029 7030
f 7022 7030 7023
f 7023 7030 7031
f 6810 6809 7024
f 6810 7024 7031
f 7031 7024 7023
f 7024 6809 6802
f 7025 6807 7032
f 7032 6807 6815
f 7035 7033 7034
f 7034 7026 7028
f 7034 7033 7026
f 7033 7036 7026
f 7026 7036 7029
f 7029 7036 7037
f 7029 7037 7030
f 7030 7037 7038
f 7030 7038 7031
f 7031 7038 7039
f 7031 7039 6817
f 6810 7031 6817
f 7032 6815 7040
f 7040 6815 6822
f 7042 7033 7035
f 7041 7033 7042
f 7033 7041 7036
f 7036 7041 7043
f 7036 7043 7037
f 7037 7043 7044
f 7037 7044 7038
f 7038 7044 7045
f 6825 6824 7039
f 6825 7039 7045
f 7045 7039 7038
f 7039 6824 6817
f 7040 6822 7046
f 7046 6822 6831
f 7049 7047 7048
f 7048 7050 7051
f 7047 7050 7048
f 7051 7041 7042
f 7051 7050 7041
f 7050 7052 7041
f 7041 7052 7043
f 7043 7052 7053
f 7043 7053 7044
f 7044 7053 7054
f 6834 6833 7045
f 6834 7045 7054
f 7054 7045 7044
f 7045 6833 6825
f 7046 6831 7055
f 7055 6831 6840
f 7058 7056 7057
f 7057 7059 7060
f 7056 7059 7057
f 7060 7047 7049
f 7060 7059 7047
f 7059 7061 7047
f 7047 7061 7050
f 7050 7061 7062
f 7050 7062 7052
f 7052 7062 7063
f 7052 7063 7053
f 7053 7063 7064
f 6843 6842 7054
f 6843 7054 7064
f 7064 7054 7053
f 7054 6842 6834
f 7055 6840 6848
f 7065 7055 6848
f 7065 6848 7066
f 6848 6849 7066
f 7067 6849 6850
f 7067 7068 6849
f 7068 7066 6849
f 6853 7068 7067
f 6853 6852 7068
f 6852 7069 7068
f 7070 6852 6854
f 7070 7071 6852
f 7071 7069 6852
f 7071 7070 7072
f 7075 7073 7074
f 7074 7076 7077
f 7073 7076 7074
f 7077 7056 7058
f 7077 7076 7056
f 7076 7078 7056
f 7056 7078 7059
f 7059 7078 7079
f 7059 7079 7061
f 7061 7079 7080
f 7061 7080 7062
f 7062 7080 7081
f 7062 7081 7063
f 7063 7081 7082
f 6857 6856 7064
f 6857 7064 7082
f 7082 7064 7063
f 7064 6856 6843
f 7067 6850 6861
f 7067 6861 6853
f 7070 6854 6862
f 7072 7070 6862
f 7072 6862 7083
f 7083 6862 6864
f 7083 6864 7084
f 6864 6866 7084
f 7084 6866 7085
f 6866 6868 7085
f 7085 6868 7086
f 6868 6870 7086
f 7087 6870 6871
f 7087 7088 6870
f 7088 7086 6870
f 7088 7089 7090
f 7087 7089 7088
f 7090 7089 7091
f 7094 7092 7093
f 7093 7095 7096
f 7092 7095 7093
f 7096 7095 7097
f 7100 7098 7099
f 7099 7101 7102
f 7098 7101 7099
f 7102 7103 7104
f 7101 7103 7102
f 7104 7105 7106
f 7103 7105 7104
f 7106 7073 7075
f 7106 7105 7073
f 7105 7107 7073
f 7073 7107 7076
f 7076 7107 7108
f 7076 7108 7078
f 7078 7108 7109
f 6874 6873 7079
f 6874 7079 7109
f 7109 7079 7078
f 7080 7079 6873
f 6876 7080 6873
f 7081 7080 6876
f 6878 7081 6876
f 7082 7081 6878
f 6880 7082 6878
f 7082 6880 6857
f 7087 6871 6884
f 7089 7087 6884
f 6886 7089 6884
f 7091 7089 6886
f 7091 6886 7110
f 7110 6886 6888
f 7110 6888 7111
f 6888 6890 7111
f 7092 7094 7111
f 7092 7111 6892
f 6892 7111 6890
f 7095 7092 6892
f 6894 7095 6892
f 7097 7095 6894
f 7097 6894 7112
f 7112 6894 6896
f 7113 6896 6897
f 7113 7114 6896
f 7114 7112 6896
f 7114 7115 7116
f 7113 7115 7114
f 7116 7117 7118
f 7115 7117 7116
f 7118 7119 7120
f 7117 7119 7118
f 7120 7121 7122
f 7119 7121 7120
f 7122 7123 7124
f 7121 7123 7122
f 7124 7125 7126
f 7123 7125 7124
f 7126 7127 7128
f 7125 7127 7126
f 7128 7098 7100
f 7128 7127 7098
f 7127 7129 7098
f 7098 7129 7101
f 7101 7129 7130
f 7101 7130 7103
f 7103 7130 7131
f 6900 6899 7105
f 6900 7105 7131
f 7131 7105 7103
f 7107 7105 6899
f 6902 7107 6899
f 7108 7107 6902
f 6904 7108 6902
f 7109 7108 6904
f 6906 7109 6904
f 7109 6906 6874
f 7113 6897 6909
f 7115 7113 6909
f 6910 7115 6909
f 7117 7115 6910
f 6912 7117 6910
f 7119 7117 6912
f 6914 7119 6912
f 7121 7119 6914
f 6915 7121 6914
f 7123 7121 6915
f 6916 7123 6915
f 7125 7123 6916
f 6917 7125 6916
f 7127 7125 6917
f 6919 7127 6917
f 7129 7127 6919
f 6921 7129 6919
f 7130 7129 6921
f 6923 7130 6921
f 7131 7130 6923
f 6925 7131 6923
f 7131 6925 6900
f 6927 6928 7132
f 7132 7134 7133
f 7132 7133 6927
f 6927 7133 6929
f 7136 7135 6930
f 7136 6930 7133
f 7133 6930 6929
f 7135 7138 7137
f 7135 7137 6930
f 6930 7137 6931
f 7140 7139 6932
f 7140 6932 7137
f 7137 6932 6931
f 7139 7142 7141
f 7139 7141 6932
f 6932 7141 6933
f 7144 7143 6934
f 7144 6934 7141
f 7141 6934 6933
f 7143 7146 7145
f 7143 7145 6934
f 6934 7145 6935
f 6935 7145 7147
f 6937 6935 7147
f 6938 6939 7148
f 6938 7148 6941
f 6942 6943 7149
f 6942 7149 6945
f 6952 7151 7150
f 6951 6952 7150
f 7150 7152 6951
f 6951 7152 6953
f 7152 7153 6953
f 6953 7153 6954
f 7153 7154 6954
f 6954 7154 6955
f 7154 7155 6955
f 6955 7155 6956
f 6928 7156 7132
f 6928 6956 7156
f 6956 7155 7156
f 7132 7156 7134
f 7136 7157 7135
f 7135 7157 7138
f 7140 7158 7139
f 7139 7158 7142
f 7144 7159 7143
f 7143 7159 7146
f 7147 6957 6937
f 7160 6957 7147
f 6939 7161 7148
f 6939 6957 7161
f 6957 7160 7161
f 7148 6958 6941
f 7148 7161 6958
f 7161 7162 6958
f 6943 7163 7149
f 6943 6958 7163
f 6958 7162 7163
f 7149 6959 6945
f 7149 7163 6959
f 7163 7164 6959
f 7164 7165 6959
f 6959 7165 6960
f 7165 7166 6960
f 6960 7166 6961
f 7166 7167 6961
f 6961 7167 6962
f 7169 7168 6963
f 7169 6963 7167
f 7167 6963 6962
f 6964 6963 7168
f 7170 6964 7168
f 6965 6964 7170
f 7171 6965 7170
f 6965 7171 6967
f 6971 7173 7172
f 6970 6971 7172
f 7172 7174 6970
f 6970 7174 6972
f 7174 7175 6972
f 6972 7175 6973
f 7175 6952 6973
f 7151 6952 7175
f 7169 7176 7168
f 7168 7177 7170
f 7176 7177 7168
f 7179 7170 7177
f 7179 7178 7170
f 7178 7171 7170
f 6974 6967 7171
f 6974 7171 7180
f 7180 7171 7178
f 6975 6974 7180
f 7181 6975 7180
f 6975 7181 6977
f 7173 6971 7182
f 7182 6971 6980
f 7179 7183 7178
f 7185 7178 7183
f 7185 7184 7178
f 7184 7180 7178
f 7180 7184 7181
f 7181 7184 7186
f 6981 6977 7181
f 6981 7181 7187
f 7187 7181 7186
f 6982 6981 7187
f 7188 6982 7187
f 6982 7188 6984
f 7182 6980 7189
f 7189 6980 6987
f 7185 7190 7184
f 7192 7184 7190
f 7192 7191 7184
f 7191 7186 7184
f 7186 7191 7187
f 7187 7191 7193
f 7187 7193 7188
f 7188 7193 7194
f 6988 6984 7188
f 6988 7188 7195
f 7195 7188 7194
f 6988 7195 6990
f 7189 6987 7196
f 7196 6987 6993
f 7192 7197 7191
f 7199 7191 7197
f 7199 7198 7191
f 7198 7193 7191
f 7193 7198 7194
f 7194 7198 7200
f 7194 7200 7195
f 7195 7200 7201
f 6994 6990 7195
f 6994 7195 7202
f 7202 7195 7201
f 6995 6994 7202
f 7203 6995 7202
f 6995 7203 6997
f 7196 6993 7204
f 7204 6993 7000
f 7199 7205 7198
f 7207 7198 7205
f 7207 7206 7198
f 7206 7200 7198
f 7200 7206 7201
f 7201 7206 7208
f 7201 7208 7202
f 7202 7208 7209
f 7202 7209 7203
f 7203 7209 7210
f 7203 7210 7002
f 6997 7203 7002
f 7204 7000 7211
f 7211 7000 7006
f 7207 7212 7206
f 7214 7206 7212
f 7214 7213 7206
f 7213 7208 7206
f 7208 7213 7209
f 7209 7213 7215
f 7209 7215 7210
f 7210 7215 7216
f 7007 7002 7210
f 7007 7210 7217
f 7217 7210 7216
f 7008 7007 7217
f 7218 7008 7217
f 7008 7218 7010
f 7211 7006 7219
f 7219 7006 7013
f 7214 7220 7213
f 7222 7213 7220
f 7222 7221 7213
f 7221 7215 7213
f 7215 7221 7216
f 7216 7221 7223
f 7216 7223 7217
f 7217 7223 7224
f 7217 7224 7218
f 7218 7224 7225
f 7218 7225 7015
f 7010 7218 7015
f 7219 7013 7226
f 7226 7013 7019
f 7229 7227 7228
f 7228 7230 7231
f 7227 7230 7228
f 7231 7221 7222
f 7231 7230 7221
f 7230 7232 7221
f 7221 7232 7223
f 7223 7232 7233
f 7223 7233 7224
f 7224 7233 7234
f 7224 7234 7225
f 7225 7234 7235
f 7225 7235 7021
f 7015 7225 7021
f 7226 7019 7236
f 7236 7019 7025
f 7229 7237 7227
f 7239 7227 7237
f 7239 7238 7227
f 7238 7230 7227
f 7230 7238 7232
f 7232 7238 7240
f 7232 7240 7233
f 7233 7240 7241
f 7233 7241 7234
f 7234 7241 7242
f 7028 7027 7235
f 7028 7235 7242
f 7242 7235 7234
f 7235 7027 7021
f 7236 7025 7243
f 7243 7025 7032
f 7246 7244 7245
f 7245 7247 7248
f 7244 7247 7245
f 7248 7238 7239
f 7248 7247 7238
f 7247 7249 7238
f 7238 7249 7240
f 7240 7249 7250
f 7240 7250 7241
f 7241 7250 7251
f 7035 7034 7242
f 7035 7242 7251
f 7251 7242 7241
f 7242 7034 7028
f 7243 7032 7252
f 7252 7032 7040
f 7255 7253 7254
f 7254 7244 7246
f 7254 7253 7244
f 7253 7256 7244
f 7244 7256 7247
f 7247 7256 7257
f 7247 7257 7249
f 7249 7257 7258
f 7249 7258 7250
f 7250 7258 7259
f 7250 7259 7251
f 7251 7259 7260
f 7251 7260 7042
f 7035 7251 7042
f 7252 7040 7261
f 7261 7040 7046
f 7264 7262 7263
f 7263 7253 7255
f 7263 7262 7253
f 7262 7265 7253
f 7253 7265 7256
f 7256 7265 7266
f 7256 7266 7257
f 7257 7266 7267
f 7257 7267 7258
f 7258 7267 7268
f 7049 7048 7259
f 7049 7259 7268
f 7268 7259 7258
f 7260 7259 7048
f 7051 7260 7048
f 7260 7051 7042
f 7269 7270 7261
f 7269 7261 7055
f 7055 7261 7046
f 7270 7271 7272
f 7269 7271 7270
f 7272 7273 7274
f 7271 7273 7272
f 7274 7273 7275
f 7278 7276 7277
f 7277 7279 7280
f 7276 7279 7277
f 7280 7262 7264
f 7280 7279 7262
f 7279 7281 7262
f 7262 7281 7265
f 7265 7281 7282
f 7265 7282 7266
f 7266 7282 7283
f 7058 7057 7267
f 7058 7267 7283
f 7283 7267 7266
f 7268 7267 7057
f 7060 7268 7057
f 7268 7060 7049
f 7269 7055 7065
f 7271 7269 7065
f 7066 7271 7065
f 7273 7271 7066
f 7068 7273 7066
f 7275 7273 7068
f 7275 7068 7284
f 7284 7068 7069
f 7284 7069 7285
f 7069 7071 7285
f 7286 7071 7072
f 7286 7287 7071
f 7287 7285 7071
f 7287 7288 7289
f 7286 7288 7287
f 7289 7290 7291
f 7288 7290 7289
f 7291 7292 7293
f 7290 7292 7291
f 7293 7292 7294
f 7297 7295 7296
f 7296 7298 7299
f 7295 7298 7296
f 7299 7300 7301
f 7298 7300 7299
f 7301 7276 7278
f 7301 7300 7276
f 7300 7302 7276
f 7276 7302 7279
f 7279 7302 7303
f 7279 7303 7281
f 7281 7303 7304
f 7075 7074 7282
f 7075 7282 7304
f 7304 7282 7281
f 7283 7282 7074
f 7077 7283 7074
f 7283 7077 7058
f 7286 7072 7083
f 7288 7286 7083
f 7084 7288 7083
f 7290 7288 7084
f 7085 7290 7084
f 7292 7290 7085
f 7086 7292 7085
f 7294 7292 7086
f 7294 7086 7305
f 7305 7086 7088
f 7305 7088 7306
f 7088 7090 7306
f 7307 7090 7091
f 7307 7308 7090
f 7308 7306 7090
f 7308 7309 7310
f 7307 7309 7308
f 7094 7310 7309
f 7094 7093 7310
f 7093 7311 7310
f 7311 7093 7312
f 7093 7096 7312
f 7313 7096 7097
f 7313 7314 7096
f 7314 7312 7096
f 7314 7315 7316
f 7313 7315 7314
f 7316 7317 7318
f 7315 7317 7316
f 7318 7319 7320
f 7317 7319 7318
f 7320 7321 7322
f 7319 7321 7320
f 7322 7323 7324
f 7321 7323 7322
f 7324 7325 7326
f 7323 7325 7324
f 7326 7295 7297
f 7326 7325 7295
f 7325 7327 7295
f 7295 7327 7298
f 7298 7327 7328
f 7100 7099 7300
f 7100 7300 7328
f 7328 7300 7298
f 7302 7300 7099
f 7102 7302 7099
f 7303 7302 7102
f 7104 7303 7102
f 7304 7303 7104
f 7106 7304 7104
f 7304 7106 7075
f 7307 7091 7110
f 7309 7307 7110
f 7111 7309 7110
f 7309 7111 7094
f 7313 7097 7112
f 7315 7313 7112
f 7114 7315 7112
f 7317 7315 7114
f 7116 7317 7114
f 7319 7317 7116
f 7118 7319 7116
f 7321 7319 7118
f 7120 7321 7118
f 7323 7321 7120
f 7122 7323 7120
f 7325 7323 7122
f 7124 7325 7122
f 7327 7325 7124
f 7126 7327 7124
f 7328 7327 7126
f 7128 7328 7126
f 7328 7128 7100
f 7133 7134 7329
f 7133 7329 7136
f 7137 7138 7330
f 7137 7330 7140
f 7141 7142 7331
f 7141 7331 7144
f 7145 7146 7332
f 7145 7332 7147
f 7151 7334 7333
f 7150 7151 7333
f 7333 7335 7150
f 7150 7335 7152
f 7335 7336 7152
f 7152 7336 7153
f 7336 7337 7153
f 7153 7337 7154
f 7337 7338 7154
f 7154 7338 7155
f 7338 7339 7155
f 7155 7339 7156
f 7134 7340 7329
f 7134 7156 7340
f 7156 7339 7340
f 7329 7157 7136
f 7329 7340 7157
f 7340 7341 7157
f 7138 7342 7330
f 7138 7157 7342
f 7157 7341 7342
f 7330 7158 7140
f 7330 7342 7158
f 7342 7343 7158
f 7142 7344 7331
f 7142 7158 7344
f 7158 7343 7344
f 7331 7159 7144
f 7331 7344 7159
f 7344 7345 7159
f 7146 7346 7332
f 7146 7159 7346
f 7159 7345 7346
f 7332 7160 7147
f 7332 7346 7160
f 7346 7347 7160
f 7347 7348 7160
f 7160 7348 7161
f 7348 7349 7161
f 7161 7349 7162
f 7349 7350 7162
f 7162 7350 7163
f 7352 7351 7164
f 7352 7164 7350
f 7350 7164 7163
f 7165 7164 7351
f 7353 7165 7351
f 7166 7165 7353
f 7354 7166 7353
f 7167 7166 7354
f 7355 7167 7354
f 7167 7355 7169
f 7173 7357 7356
f 7172 7173 7356
f 7356 7358 7172
f 7172 7358 7174
f 7358 7359 7174
f 7174 7359 7175
f 7359 7151 7175
f 7334 7151 7359
f 7352 7360 7351
f 7351 7361 7353
f 7360 7361 7351
f 7363 7353 7361
f 7363 7362 7353
f 7362 7354 7353
f 7354 7362 7355
f 7355 7362 7364
f 7176 7169 7355
f 7176 7355 7365
f 7365 7355 7364
f 7177 7176 7365
f 7366 7177 7365
f 7177 7366 7179
f 7357 7173 7367
f 7367 7173 7182
f 7363 7368 7362
f 7370 7362 7368
f 7370 7369 7362
f 7369 7364 7362
f 7364 7369 7365
f 7365 7369 7371
f 7365 7371 7366
f 7366 7371 7372
f 7183 7179 7366
f 7183 7366 7373
f 7373 7366 7372
f 7183 7373 7185
f 7367 7182 7374
f 7374 7182 7189
f 7370 7375 7369
f 7369 7376 7371
f 7375 7376 7369
f 7378 7371 7376
f 7378 7377 7371
f 7377 7372 7371
f 7372 7377 7373
f 7373 7377 7379
f 7190 7185 7373
f 7190 7373 7380
f 7380 7373 7379
f 7190 7380 7192
f 7374 7189 7381
f 7381 7189 7196
f 7383 7377 7378
f 7382 7377 7383
f 7377 7382 7379
f 7379 7382 7384
f 7379 7384 7380
f 7380 7384 7385
f 7197 7192 7380
f 7197 7380 7386
f 7386 7380 7385
f 7197 7386 7199
f 7381 7196 7387
f 7387 7196 7204
f 7383 7388 7382
f 7382 7389 7384
f 7388 7389 7382
f 7391 7384 7389
f 7391 7390 7384
f 7390 7385 7384
f 7385 7390 7386
f 7386 7390 7392
f 7205 7199 7386
f 7205 7386 7393
f 7393 7386 7392
f 7205 7393 7207
f 7387 7204 7394
f 7394 7204 7211
f 7396 7390 7391
f 7395 7390 7396
f 7390 7395 7392
f 7392 7395 7397
f 7392 7397 7393
f 7393 7397 7398
f 7212 7207 7393
f 7212 7393 7399
f 7399 7393 7398
f 7212 7399 7214
f 7394 7211 7400
f 7400 7211 7219
f 7403 7401 7402
f 7402 7395 7396
f 7402 7401 7395
f 7401 7404 7395
f 7395 7404 7397
f 7397 7404 7405
f 7397 7405 7398
f 7398 7405 7406
f 7398 7406 7399
f 7399 7406 7407
f 7220 7214 7399
f 7220 7399 7408
f 7408 7399 7407
f 7220 7408 7222
f 7400 7219 7409
f 7409 7219 7226
f 7411 7401 7403
f 7410 7401 7411
f 7401 7410 7404
f 7404 7410 7412
f 7404 7412 7405
f 7405 7412 7413
f 7405 7413 7406
f 7406 7413 7414
f 7229 7228 7407
f 7229 7407 7414
f 7414 7407 7406
f 7408 7407 7228
f 7231 7408 7228
f 7408 7231 7222
f 7409 7226 7415
f 7415 7226 7236
f 7418 7416 7417
f 7417 7410 7411
f 7417 7416 7410
f 7416 7419 7410
f 7410 7419 7412
f 7412 7419 7420
f 7412 7420 7413
f 7413 7420 7421
f 7413 7421 7414
f 7414 7421 7422
f 7237 7229 7414
f 7237 7414 7423
f 7423 7414 7422
f 7237 7423 7239
f 7415 7236 7424
f 7424 7236 7243
f 7427 7425 7426
f 7426 7416 7418
f 7426 7425 7416
f 7425 7428 7416
f 7416 7428 7419
f 7419 7428 7429
f 7419 7429 7420
f 7420 7429 7430
f 7420 7430 7421
f 7421 7430 7431
f 7246 7245 7422
f 7246 7422 7431
f 7431 7422 7421
f 7423 7422 7245
f 7248 7423 7245
f 7423 7248 7239
f 7424 7243 7432
f 7432 7243 7252
f 7435 7433 7434
f 7434 7425 7427
f 7434 7433 7425
f 7433 7436 7425
f 7425 7436 7428
f 7428 7436 7437
f 7428 7437 7429
f 7429 7437 7438
f 7429 7438 7430
f 7430 7438 7439
f 7255 7254 7431
f 7255 7431 7439
f 7439 7431 7430
f 7431 7254 7246
f 7432 7252 7440
f 7440 7252 7261
f 7443 7441 7442
f 7442 7444 7445
f 7441 7444 7442
f 7445 7433 7435
f 7445 7444 7433
f 7444 7446 7433
f 7433 7446 7436
f 7436 7446 7447
f 7436 7447 7437
f 7437 7447 7448
f 7437 7448 7438
f 7438 7448 7449
f 7264 7263 7439
f 7264 7439 7449
f 7449 7439 7438
f 7439 7263 7255
f 7440 7261 7270
f 7450 7440 7270
f 7450 7270 7451
f 7270 7272 7451
f 7451 7272 7452
f 7272 7274 7452
f 7453 7274 7275
f 7453 7454 7274
f 7454 7452 7274
f 7454 7453 7455
f 7458 7456 7457
f 7457 7456 7459
f 7462 7460 7461
f 7461 7460 7463
f 7466 7464 7465
f 7465 7467 7468
f 7464 7467 7465
f 7468 7441 7443
f 7468 7467 7441
f 7467 7469 7441
f 7441 7469 7444
f 7444 7469 7470
f 7444 7470 7446
f 7446 7470 7471
f 7446 7471 7447
f 7447 7471 7472
f 7278 7277 7448
f 7278 7448 7472
f 7472 7448 7447
f 7449 7448 7277
f 7280 7449 7277
f 7449 7280 7264
f 7453 7275 7284
f 7455 7453 7284
f 7455 7284 7473
f 7473 7284 7285
f 7473 7285 7474
f 7285 7287 7474
f 7456 7458 7474
f 7456 7474 7289
f 7289 7474 7287
f 7459 7456 7289
f 7459 7289 7475
f 7475 7289 7291
f 7475 7291 7476
f 7291 7293 7476
f 7477 7293 7294
f 7477 7478 7293
f 7478 7476 7293
f 7478 7479 7480
f 7477 7479 7478
f 7480 7481 7482
f 7479 7481 7480
f 7482 7483 7484
f 7481 7483 7482
f 7484 7485 7486
f 7483 7485 7484
f 7486 7487 7488
f 7485 7487 7486
f 7488 7489 7490
f 7487 7489 7488
f 7490 7491 7492
f 7489 7491 7490
f 7492 7460 7462
f 7492 7491 7460
f 7491 7493 7460
f 7463 7494 7495
f 7463 7460 7494
f 7460 7493 7494
f 7495 7464 7466
f 7495 7494 7464
f 7494 7496 7464
f 7464 7496 7467
f 7467 7496 7497
f 7467 7497 7469
f 7469 7497 7498
f 7297 7296 7470
f 7297 7470 7498
f 7498 7470 7469
f 7471 7470 7296
f 7299 7471 7296
f 7472 7471 7299
f 7301 7472 7299
f 7472 7301 7278
f 7477 7294 7305
f 7479 7477 7305
f 7306 7479 7305
f 7481 7479 7306
f 7308 7481 7306
f 7483 7481 7308
f 7310 7483 7308
f 7485 7483 7310
f 7311 7485 7310
f 7487 7485 7311
f 7312 7487 7311
f 7489 7487 7312
f 7314 7489 7312
f 7491 7489 7314
f 7316 7491 7314
f 7493 7491 7316
f 7318 7493 7316
f 7494 7493 7318
f 7320 7494 7318
f 7496 7494 7320
f 7322 7496 7320
f 7497 7496 7322
f 7324 7497 7322
f 7498 7497 7324
f 7326 7498 7324
f 7498 7326 7297
f 7501 7500 7499
f 7334 7499 7500
f 7334 7500 7333
f 7333 7500 7502
f 7502 7503 7333
f 7333 7503 7335
f 7503 7504 7335
f 7335 7504 7336
f 7504 7505 7336
f 7336 7505 7337
f 7505 7506 7337
f 7337 7506 7338
f 7506 7507 7338
f 7338 7507 7339
f 7507 7508 7339
f 7339 7508 7340
f 7508 7509 7340
f 7340 7509 7341
f 7509 7510 7341
f 7341 7510 7342
f 7510 7511 7342
f 7342 7511 7343
f 7511 7512 7343
f 7343 7512 7344
f 7512 7513 7344
f 7344 7513 7345
f 7513 7514 7345
f 7345 7514 7346
f 7514 7515 7346
f 7346 7515 7347
f 7517 7516 7348
f 7517 7348 7515
f 7515 7348 7347
f 7349 7348 7516
f 7518 7349 7516
f 7350 7349 7518
f 7519 7350 7518
f 7350 7519 7352
f 7357 7521 7520
f 7356 7357 7520
f 7520 7522 7356
f 7356 7522 7358
f 7499 7522 7501
f 7499 7359 7522
f 7359 7358 7522
f 7499 7334 7359
f 7517 7523 7516
f 7516 7524 7518
f 7523 7524 7516
f 7526 7518 7524
f 7526 7525 7518
f 7525 7519 7518
f 7360 7352 7519
f 7360 7519 7527
f 7527 7519 7525
f 7361 7360 7527
f 7528 7361 7527
f 7361 7528 7363
f 7521 7357 7529
f 7529 7357 7367
f 7526 7530 7525
f 7532 7525 7530
f 7532 7531 7525
f 7531 7527 7525
f 7527 7531 7528
f 7528 7531 7533
f 7368 7363 7528
f 7368 7528 7534
f 7534 7528 7533
f 7368 7534 7370
f 7529 7367 7535
f 7535 7367 7374
f 7532 7536 7531
f 7538 7531 7536
f 7538 7537 7531
f 7537 7533 7531
f 7533 7537 7534
f 7534 7537 7539
f 7375 7370 7534
f 7375 7534 7540
f 7540 7534 7539
f 7376 7375 7540
f 7541 7376 7540
f 7376 7541 7378
f 7535 7374 7542
f 7542 7374 7381
f 7538 7543 7537
f 7545 7537 7543
f 7545 7544 7537
f 7544 7539 7537
f 7539 7544 7540
f 7540 7544 7546
f 7540 7546 7541
f 7541 7546 7547
f 7541 7547 7383
f 7378 7541 7383
f 7542 7381 7548
f 7548 7381 7387
f 7550 7544 7545
f 7549 7544 7550
f 7544 7549 7546
f 7546 7549 7551
f 7546 7551 7547
f 7547 7551 7552
f 7388 7383 7547
f 7388 7547 7553
f 7553 7547 7552
f 7389 7388 7553
f 7554 7389 7553
f 7389 7554 7391
f 7548 7387 7555
f 7555 7387 7394
f 7550 7556 7549
f 7558 7549 7556
f 7558 7557 7549
f 7557 7551 7549
f 7551 7557 7552
f 7552 7557 7559
f 7552 7559 7553
f 7553 7559 7560
f 7553 7560 7554
f 7554 7560 7561
f 7554 7561 7396
f 7391 7554 7396
f 7555 7394 7562
f 7562 7394 7400
f 7565 7563 7564
f 7564 7557 7558
f 7564 7563 7557
f 7563 7566 7557
f 7557 7566 7559
f 7559 7566 7567
f 7559 7567 7560
f 7560 7567 7568
f 7403 7402 7561
f 7403 7561 7568
f 7568 7561 7560
f 7561 7402 7396
f 7562 7400 7569
f 7569 7400 7409
f 7571 7563 7565
f 7570 7563 7571
f 7563 7570 7566
f 7566 7570 7572
f 7566 7572 7567
f 7567 7572 7573
f 7567 7573 7568
f 7568 7573 7574
f 7568 7574 7411
f 7403 7568 7411
f 7569 7409 7575
f 7575 7409 7415
f 7578 7576 7577
f 7577 7570 7571
f 7577 7576 7570
f 7576 7579 7570
f 7570 7579 7572
f 7572 7579 7580
f 7572 7580 7573
f 7573 7580 7581
f 7418 7417 7574
f 7418 7574 7581
f 7581 7574 7573
f 7574 7417 7411
f 7575 7415 7582
f 7582 7415 7424
f 7585 7583 7584
f 7584 7586 7587
f 7583 7586 7584
f 7587 7576 7578
f 7587 7586 7576
f 7586 7588 7576
f 7576 7588 7579
f 7579 7588 7589
f 7579 7589 7580
f 7580 7589 7590
f 7427 7426 7581
f 7427 7581 7590
f 7590 7581 7580
f 7581 7426 7418
f 7582 7424 7591
f 7591 7424 7432
f 7594 7592 7593
f 7593 7595 7596
f 7592 7595 7593
f 7596 7583 7585
f 7596 7595 7583
f 7595 7597 7583
f 7583 7597 7586
f 7586 7597 7598
f 7586 7598 7588
f 7588 7598 7599
f 7588 7599 7589
f 7589 7599 7600
f 7435 7434 7590
f 7435 7590 7600
f 7600 7590 7589
f 7590 7434 7427
f 7601 7602 7591
f 7601 7591 7440
f 7440 7591 7432
f 7602 7603 7604
f 7601 7603 7602
f 7604 7605 7606
f 7603 7605 7604
f 7606 7605 7607
f 7610 7608 7609
f 7609 7592 7594
f 7609 7608 7592
f 7608 7611 7592
f 7592 7611 7595
f 7595 7611 7612
f 7595 7612 7597
f 7597 7612 7613
f 7597 7613 7598
f 7598 7613 7614
f 7443 7442 7599
f 7443 7599 7614
f 7614 7599 7598
f 7600 7599 7442
f 7445 7600 7442
f 7600 7445 7435
f 7601 7440 7450
f 7603 7601 7450
f 7451 7603 7450
f 7605 7603 7451
f 7452 7605 7451
f 7607 7605 7452
f 7607 7452 7615
f 7615 7452 7454
f 7616 7454 7455
f 7616 7617 7454
f 7617 7615 7454
f 7617 7618 7619
f 7616 7618 7617
f 7458 7619 7618
f 7458 7457 7619
f 7457 7620 7619
f 7621 7457 7459
f 7621 7622 7457
f 7622 7620 7457
f 7622 7623 7624
f 7621 7623 7622
f 7624 7625 7626
f 7623 7625 7624
f 7626 7625 7627
f 7630 7628 7629
f 7629 7631 7632
f 7628 7631 7629
f 7632 7633 7634
f 7631 7633 7632
f 7634 7635 7636
f 7633 7635 7634
f 7636 7608 7610
f 7636 7635 7608
f 7635 7637 7608
f 7462 7461 7611
f 7462 7611 7637
f 7637 7611 7608
f 7461 7463 7638
f 7461 7638 7611
f 7611 7638 7612
f 7466 7465 7613
f 7466 7613 7638
f 7638 7613 7612
f 7614 7613 7465
f 7468 7614 7465
f 7614 7468 7443
f 7616 7455 7473
f 7618 7616 7473
f 7474 7618 7473
f 7618 7474 7458
f 7621 7459 7475
f 7623 7621 7475
f 7476 7623 7475
f 7625 7623 7476
f 7478 7625 7476
f 7627 7625 7478
f 7627 7478 7639
f 7639 7478 7480
f 7639 7480 7640
f 7480 7482 7640
f 7628 7630 7640
f 7628 7640 7484
f 7484 7640 7482
f 7631 7628 7484
f 7486 7631 7484
f 7633 7631 7486
f 7488 7633 7486
f 7635 7633 7488
f 7490 7635 7488
f 7637 7635 7490
f 7492 7637 7490
f 7637 7492 7462
f 7638 7463 7495
f 7638 7495 7466
f 7500 7501 7641
f 7502 7500 7641
f 7642 7502 7641
f 7642 7644 7643
f 7642 7643 7502
f 7502 7643 7503
f 7643 7645 7503
f 7503 7645 7504
f 7645 7646 7504
f 7504 7646 7505
f 7646 7647 7505
f 7505 7647 7506
f 7647 7648 7506
f 7506 7648 7507
f 7648 7649 7507
f 7507 7649 7508
f 7649 7650 7508
f 7508 7650 7509
f 7650 7651 7509
f 7509 7651 7510
f 7651 7652 7510
f 7510 7652 7511
f 7652 7653 7511
f 7511 7653 7512
f 7655 7654 7513
f 7655 7513 7653
f 7653 7513 7512
f 7514 7513 7654
f 7656 7514 7654
f 7515 7514 7656
f 7657 7515 7656
f 7515 7657 7517
f 7521 7659 7658
f 7520 7521 7658
f 7658 7660 7520
f 7520 7660 7522
f 7501 7661 7641
f 7501 7522 7661
f 7522 7660 7661
f 7641 7662 7642
f 7661 7662 7641
f 7642 7662 7644
f 7664 7654 7655
f 7663 7654 7664
f 7654 7663 7656
f 7656 7663 7665
f 7656 7665 7657
f 7657 7665 7666
f 7523 7517 7657
f 7523 7657 7667
f 7667 7657 7666
f 7524 7523 7667
f 7668 7524 7667
f 7524 7668 7526
f 7659 7521 7669
f 7669 7521 7529
f 7664 7670 7663
f 7663 7671 7665
f 7670 7671 7663
f 7673 7665 7671
f 7673 7672 7665
f 7672 7666 7665
f 7666 7672 7667
f 7667 7672 7674
f 7667 7674 7668
f 7668 7674 7675
f 7530 7526 7668
f 7530 7668 7676
f 7676 7668 7675
f 7530 7676 7532
f 7669 7529 7677
f 7677 7529 7535
f 7673 7678 7672
f 7680 7672 7678
f 7680 7679 7672
f 7679 7674 7672
f 7674 7679 7675
f 7675 7679 7681
f 7675 7681 7676
f 7676 7681 7682
f 7536 7532 7676
f 7536 7676 7683
f 7683 7676 7682
f 7536 7683 7538
f 7677 7535 7684
f 7684 7535 7542
f 7680 7685 7679
f 7687 7679 7685
f 7687 7686 7679
f 7686 7681 7679
f 7681 7686 7682
f 7682 7686 7688
f 7682 7688 7683
f 7683 7688 7689
f 7543 7538 7683
f 7543 7683 7690
f 7690 7683 7689
f 7543 7690 7545
f 7684 7542 7691
f 7691 7542 7548
f 7693 7686 7687
f 7692 7686 7693
f 7686 7692 7688
f 7688 7692 7694
f 7688 7694 7689
f 7689 7694 7695
f 7689 7695 7690
f 7690 7695 7696
f 7690 7696 7550
f 7545 7690 7550
f 7691 7548 7697
f 7697 7548 7555
f 7700 7698 7699
f 7699 7692 7693
f 7699 7698 7692
f 7698 7701 7692
f 7692 7701 7694
f 7694 7701 7702
f 7694 7702 7695
f 7695 7702 7703
f 7695 7703 7696
f 7696 7703 7704
f 7556 7550 7696
f 7556 7696 7705
f 7705 7696 7704
f 7556 7705 7558
f 7697 7555 7706
f 7706 7555 7562
f 7708 7698 7700
f 7707 7698 7708
f 7698 7707 7701
f 7701 7707 7709
f 7701 7709 7702
f 7702 7709 7710
f 7702 7710 7703
f 7703 7710 7711
f 7703 7711 7704
f 7704 7711 7712
f 7565 7564 7705
f 7565 7705 7712
f 7712 7705 7704
f 7705 7564 7558
f 7706 7562 7713
f 7713 7562 7569
f 7716 7714 7715
f 7715 7707 7708
f 7715 7714 7707
f 7714 7717 7707
f 7707 7717 7709
f 7709 7717 7718
f 7709 7718 7710
f 7710 7718 7719
f 7710 7719 7711
f 7711 7719 7720
f 7711 7720 7712
f 7712 7720 7721
f 7712 7721 7571
f 7565 7712 7571
f 7713 7569 7722
f 7722 7569 7575
f 7725 7723 7724
f 7724 7714 7716
f 7724 7723 7714
f 7723 7726 7714
f 7714 7726 7717
f 7717 7726 7727
f 7717 7727 7718
f 7718 7727 7728
f 7718 7728 7719
f 7719 7728 7729
f 7719 7729 7720
f 7720 7729 7730
f 7578 7577 7721
f 7578 7721 7730
f 7730 7721 7720
f 7721 7577 7571
f 7722 7575 7731
f 7731 7575 7582
f 7734 7732 7733
f 7733 7723 7725
f 7733 7732 7723
f 7732 7735 7723
f 7723 7735 7726
f 7726 7735 7736
f 7726 7736 7727
f 7727 7736 7737
f 7727 7737 7728
f 7728 7737 7738
f 7585 7584 7729
f 7585 7729 7738
f 7738 7729 7728
f 7730 7729 7584
f 7587 7730 7584
f 7730 7587 7578
f 7739 7740 7731
f 7739 7731 7591
f 7591 7731 7582
f 7740 7739 7741
f 7744 7742 7743
f 7743 7745 7746
f 7742 7745 7743
f 7746 7732 7734
f 7746 7745 7732
f 7745 7747 7732
f 7732 7747 7735
f 7735 7747 7748
f 7735 7748 7736
f 7736 7748 7749
f 7594 7593 7737
f 7594 7737 7749
f 7749 7737 7736
f 7738 7737 7593
f 7596 7738 7593
f 7738 7596 7585
f 7739 7591 7602
f 7741 7739 7602
f 7741 7602 7750
f 7750 7602 7604
f 7750 7604 7751
f 7604 7606 7751
f 7752 7606 7607
f 7752 7753 7606
f 7753 7751 7606
f 7753 7754 7755
f 7752 7754 7753
f 7755 7756 7757
f 7754 7756 7755
f 7757 7758 7759
f 7756 7758 7757
f 7759 7760 7761
f 7758 7760 7759
f 7761 7762 7763
f 7760 7762 7761
f 7763 7764 7765
f 7762 7764 7763
f 7765 7766 7767
f 7764 7766 7765
f 7767 7768 7769
f 7766 7768 7767
f 7769 7742 7744
f 7769 7768 7742
f 7768 7770 7742
f 7742 7770 7745
f 7745 7770 7771
f 7745 7771 7747
f 7747 7771 7772
f 7747 7772 7748
f 7748 7772 7773
f 7610 7609 7749
f 7610 7749 7773
f 7773 7749 7748
f 7749 7609 7594
f 7752 7607 7615
f 7754 7752 7615
f 7617 7754 7615
f 7756 7754 7617
f 7619 7756 7617
f 7758 7756 7619
f 7620 7758 7619
f 7760 7758 7620
f 7622 7760 7620
f 7762 7760 7622
f 7624 7762 7622
f 7764 7762 7624
f 7626 7764 7624
f 7626 7627 7774
f 7626 7774 7764
f 7764 7774 7766
f 7766 7774 7768
f 7768 7774 7775
f 7630 7629 7770
f 7630 7770 7775
f 7775 7770 7768
f 7771 7770 7629
f 7632 7771 7629
f 7772 7771 7632
f 7634 7772 7632
f 7773 7772 7634
f 7636 7773 7634
f 7773 7636 7610
f 7774 7627 7639
f 7775 7774 7639
f 7640 7775 7639
f 7775 7640 7630
f 7778 7777 7776
f 7644 7776 7777
f 7644 7777 7643
f 7780 7779 7777
f 7779 7643 7777
f 7779 7782 7781
f 7779 7781 7643
f 7643 7781 7645
f 7784 7783 7646
f 7784 7646 7781
f 7781 7646 7645
f 7783 7786 7785
f 7783 7785 7646
f 7646 7785 7647
f 7788 7787 7648
f 7788 7648 7785
f 7785 7648 7647
f 7787 7790 7789
f 7787 7789 7648
f 7648 7789 7649
f 7792 7791 7650
f 7792 7650 7789
f 7789 7650 7649
f 7651 7650 7791
f 7793 7651 7791
f 7652 7651 7793
f 7794 7652 7793
f 7653 7652 7794
f 7795 7653 7794
f 7653 7795 7655
f 7659 7797 7796
f 7658 7659 7796
f 7796 7798 7658
f 7658 7798 7660
f 7798 7799 7660
f 7660 7799 7661
f 7776 7799 7778
f 7776 7662 7799
f 7662 7661 7799
f 7780 7800 7779
f 7776 7644 7662
f 7779 7800 7782
f 7784 7801 7783
f 7783 7801 7786
f 7788 7802 7787
f 7787 7802 7790
f 7792 7803 7791
f 7791 7804 7793
f 7803 7804 7791
f 7806 7793 7804
f 7806 7805 7793
f 7805 7794 7793
f 7794 7805 7795
f 7795 7805 7807
f 7795 7807 7664
f 7655 7795 7664
f 7797 7659 7808
f 7808 7659 7669
f 7810 7805 7806
f 7809 7805 7810
f 7805 7809 7807
f 7807 7809 7811
f 7670 7664 7807
f 7670 7807 7812
f 7812 7807 7811
f 7671 7670 7812
f 7813 7671 7812
f 7671 7813 7673
f 7808 7669 7814
f 7814 7669 7677
f 7810 7815 7809
f 7817 7809 7815
f 7817 7816 7809
f 7816 7811 7809
f 7811 7816 7812
f 7812 7816 7818
f 7812 7818 7813
f 7813 7818 7819
f 7678 7673 7813
f 7678 7813 7820
f 7820 7813 7819
f 7678 7820 7680
f 7814 7677 7821
f 7821 7677 7684
f 7817 7822 7816
f 7824 7816 7822
f 7824 7823 7816
f 7823 7818 7816
f 7818 7823 7819
f 7819 7823 7825
f 7819 7825 7820
f 7820 7825 7826
f 7685 7680 7820
f 7685 7820 7827
f 7827 7820 7826
f 7685 7827 7687
f 7821 7684 7828
f 7828 7684 7691
f 7830 7823 7824
f 7829 7823 7830
f 7823 7829 7825
f 7825 7829 7831
f 7825 7831 7826
f 7826 7831 7832
f 7826 7832 7827
f 7827 7832 7833
f 7827 7833 7693
f 7687 7827 7693
f 7828 7691 7834
f 7834 7691 7697
f 7837 7835 7836
f 7836 7829 7830
f 7836 7835 7829
f 7835 7838 7829
f 7829 7838 7831
f 7831 7838 7839
f 7831 7839 7832
f 7832 7839 7840
f 7700 7699 7833
f 7700 7833 7840
f 7840 7833 7832
f 7833 7699 7693
f 7834 7697 7841
f 7841 7697 7706
f 7844 7842 7843
f 7843 7845 7846
f 7842 7845 7843
f 7846 7835 7837
f 7846 7845 7835
f 7845 7847 7835
f 7835 7847 7838
f 7838 7847 7848
f 7838 7848 7839
f 7839 7848 7849
f 7839 7849 7840
f 7840 7849 7850
f 7840 7850 7708
f 7700 7840 7708
f 7841 7706 7851
f 7851 7706 7713
f 7844 7852 7842
f 7854 7842 7852
f 7854 7853 7842
f 7853 7845 7842
f 7845 7853 7847
f 7847 7853 7855
f 7847 7855 7848
f 7848 7855 7856
f 7848 7856 7849
f 7849 7856 7857
f 7716 7715 7850
f 7716 7850 7857
f 7857 7850 7849
f 7850 7715 7708
f 7851 7713 7858
f 7858 7713 7722
f 7861 7859 7860
f 7860 7859 7862
f 7865 7863 7864
f 7864 7853 7854
f 7864 7863 7853
f 7863 7866 7853
f 7853 7866 7855
f 7855 7866 7867
f 7855 7867 7856
f 7856 7867 7868
f 7725 7724 7857
f 7725 7857 7868
f 7868 7857 7856
f 7857 7724 7716
f 7858 7722 7869
f 7869 7722 7731
f 7872 7870 7871
f 7871 7859 7861
f 7871 7870 7859
f 7870 7873 7859
f 7862 7874 7875
f 7862 7859 7874
f 7859 7873 7874
f 7875 7863 7865
f 7875 7874 7863
f 7874 7876 7863
f 7863 7876 7866
f 7866 7876 7877
f 7866 7877 7867
f 7867 7877 7878
f 7734 7733 7868
f 7734 7868 7878
f 7878 7868 7867
f 7868 7733 7725
f 7869 7731 7740
f 7879 7869 7740
f 7880 7740 7741
f 7880 7881 7740
f 7881 7879 7740
f 7881 7882 7883
f 7880 7882 7881
f 7883 7882 7884
f 7887 7885 7886
f 7886 7888 7889
f 7885 7888 7886
f 7889 7870 7872
f 7889 7888 7870
f 7888 7890 7870
f 7870 7890 7873
f 7873 7890 7891
f 7873 7891 7874
f 7874 7891 7892
f 7874 7892 7876
f 7876 7892 7893
f 7744 7743 7877
f 7744 7877 7893
f 7893 7877 7876
f 7878 7877 7743
f 7746 7878 7743
f 7878 7746 7734
f 7880 7741 7750
f 7882 7880 7750
f 7751 7882 7750
f 7884 7882 7751
f 7884 7751 7894
f 7894 7751 7753
f 7894 7753 7895
f 7753 7755 7895
f 7895 7755 7896
f 7755 7757 7896
f 7885 7887 7896
f 7885 7896 7759
f 7759 7896 7757
f 7888 7885 7759
f 7761 7888 7759
f 7890 7888 7761
f 7763 7890 7761
f 7891 7890 7763
f 7765 7891 7763
f 7892 7891 7765
f 7767 7892 7765
f 7893 7892 7767
f 7769 7893 7767
f 7893 7769 7744
f 7777 7778 7897
f 7777 7897 7780
f 7782 7899 7898
f 7781 7782 7898
f 7781 7898 7900
f 7784 7781 7900
f 7785 7786 7901
f 7785 7901 7788
f 7789 7790 7902
f 7789 7902 7792
f 7797 7904 7903
f 7796 7797 7903
f 7903 7905 7796
f 7796 7905 7798
f 7905 7906 7798
f 7798 7906 7799
f 7778 7907 7897
f 7778 7799 7907
f 7799 7906 7907
f 7897 7800 7780
f 7897 7907 7800
f 7907 7908 7800
f 7908 7782 7800
f 7899 7782 7908
f 7900 7801 7784
f 7909 7801 7900
f 7786 7801 7909
f 7786 7909 7910
f 7786 7910 7901
f 7910 7909 7911
f 7802 7788 7901
f 7802 7901 7912
f 7912 7901 7910
f 7790 7802 7912
f 7790 7912 7902
f 7902 7912 7913
f 7803 7792 7902
f 7803 7902 7914
f 7914 7902 7913
f 7804 7803 7914
f 7915 7804 7914
f 7804 7915 7806
f 7904 7797 7916
f 7916 7797 7808
f 7911 7917 7910
f 7910 7918 7912
f 7917 7918 7910
f 7920 7912 7918
f 7920 7919 7912
f 7919 7913 7912
f 7913 7919 7914
f 7914 7919 7921
f 7914 7921 7915
f 7915 7921 7922
f 7915 7922 7810
f 7806 7915 7810
f 7916 7808 7923
f 7923 7808 7814
f 7925 7919 7920
f 7924 7919 7925
f 7919 7924 7921
f 7921 7924 7926
f 7921 7926 7922
f 7922 7926 7927
f 7815 7810 7922
f 7815 7922 7928
f 7928 7922 7927
f 7815 7928 7817
f 7923 7814 7929
f 7929 7814 7821
f 7931 7924 7925
f 7930 7924 7931
f 7924 7930 7926
f 7926 7930 7932
f 7926 7932 7927
f 7927 7932 7933
f 7927 7933 7928
f 7928 7933 7934
f 7822 7817 7928
f 7822 7928 7935
f 7935 7928 7934
f 7822 7935 7824
f 7929 7821 7936
f 7936 7821 7828
f 7939 7937 7938
f 7938 7930 7931
f 7938 7937 7930
f 7937 7940 7930
f 7930 7940 7932
f 7932 7940 7941
f 7932 7941 7933
f 7933 7941 7942
f 7933 7942 7934
f 7934 7942 7943
f 7934 7943 7935
f 7935 7943 7944
f 7935 7944 7830
f 7824 7935 7830
f 7936 7828 7945
f 7945 7828 7834
f 7947 7937 7939
f 7946 7937 7947
f 7937 7946 7940
f 7940 7946 7948
f 7940 7948 7941
f 7941 7948 7949
f 7941 7949 7942
f 7942 7949 7950
f 7942 7950 7943
f 7943 7950 7951
f 7837 7836 7944
f 7837 7944 7951
f 7951 7944 7943
f 7944 7836 7830
f 7945 7834 7952
f 7952 7834 7841
f 7955 7953 7954
f 7954 7946 7947
f 7954 7953 7946
f 7953 7956 7946
f 7946 7956 7948
f 7948 7956 7957
f 7948 7957 7949
f 7949 7957 7958
f 7844 7843 7950
f 7844 7950 7958
f 7958 7950 7949
f 7951 7950 7843
f 7846 7951 7843
f 7951 7846 7837
f 7952 7841 7959
f 7959 7841 7851
f 7962 7960 7961
f 7961 7953 7955
f 7961 7960 7953
f 7960 7963 7953
f 7953 7963 7956
f 7956 7963 7964
f 7956 7964 7957
f 7957 7964 7965
f 7957 7965 7958
f 7958 7965 7966
f 7852 7844 7958
f 7852 7958 7967
f 7967 7958 7966
f 7852 7967 7854
f 7959 7851 7968
f 7968 7851 7858
f 7971 7969 7970
f 7970 7960 7962
f 7970 7969 7960
f 7969 7972 7960
f 7960 7972 7963
f 7963 7972 7973
f 7963 7973 7964
f 7964 7973 7974
f 7861 7860 7965
f 7861 7965 7974
f 7974 7965 7964
f 7860 7862 7975
f 7860 7975 7965
f 7965 7975 7966
f 7865 7864 7967
f 7865 7967 7975
f 7975 7967 7966
f 7967 7864 7854
f 7976 7977 7968
f 7976 7968 7869
f 7869 7968 7858
f 7977 7978 7979
f 7976 7978 7977
f 7979 7978 7980
f 7983 7981 7982
f 7982 7969 7971
f 7982 7981 7969
f 7981 7984 7969
f 7969 7984 7972
f 7972 7984 7985
f 7972 7985 7973
f 7973 7985 7986
f 7872 7871 7974
f 7872 7974 7986
f 7986 7974 7973
f 7974 7871 7861
f 7975 7862 7875
f 7975 7875 7865
f 7976 7869 7879
f 7978 7976 7879
f 7881 7978 7879
f 7980 7978 7881
f 7980 7881 7987
f 7987 7881 7883
f 7988 7883 7884
f 7988 7989 7883
f 7989 7987 7883
f 7989 7981 7983
f 7989 7988 7981
f 7988 7990 7981
f 7981 7990 7984
f 7984 7990 7991
f 7887 7886 7985
f 7887 7985 7991
f 7991 7985 7984
f 7986 7985 7886
f 7889 7986 7886
f 7986 7889 7872
f 7988 7884 7894
f 7990 7988 7894
f 7895 7990 7894
f 7991 7990 7895
f 7896 7991 7895
f 7991 7896 7887
f 7898 7899 7992
f 7898 7992 7900
f 7904 7994 7993
f 7903 7904 7993
f 7993 7995 7903
f 7903 7995 7905
f 7995 7996 7905
f 7905 7996 7906
f 7998 7997 7907
f 7998 7907 7996
f 7996 7907 7906
f 7908 7907 7997
f 7999 7908 7997
f 7899 7908 7999
f 7899 7999 7992
f 7992 7999 8000
f 7909 7900 7992
f 7909 7992 8001
f 8001 7992 8000
f 7909 8001 7911
f 7994 7904 8002
f 8002 7904 7916
f 7998 8003 7997
f 7997 8004 7999
f 8003 8004 7997
f 8006 7999 8004
f 8006 8005 7999
f 8005 8000 7999
f 8000 8005 8001
f 8001 8005 8007
f 7917 7911 8001
f 7917 8001 8008
f 8008 8001 8007
f 7918 7917 8008
f 8009 7918 8008
f 7918 8009 7920
f 8002 7916 8010
f 8010 7916 7923
f 8012 8005 8006
f 8011 8005 8012
f 8005 8011 8007
f 8007 8011 8013
f 8007 8013 8008
f 8008 8013 8014
f 8008 8014 8009
f 8009 8014 8015
f 8009 8015 7925
f 7920 8009 7925
f 8010 7923 8016
f 8016 7923 7929
f 8019 8017 8018
f 8018 8011 8012
f 8018 8017 8011
f 8017 8020 8011
f 8011 8020 8013
f 8013 8020 8021
f 8013 8021 8014
f 8014 8021 8022
f 8014 8022 8015
f 8015 8022 8023
f 8015 8023 7931
f 7925 8015 7931
f 8016 7929 8024
f 8024 7929 7936
f 8026 8017 8019
f 8025 8017 8026
f 8017 8025 8020
f 8020 8025 8027
f 8020 8027 8021
f 8021 8027 8028
f 8021 8028 8022
f 8022 8028 8029
f 7939 7938 8023
f 7939 8023 8029
f 8029 8023 8022
f 8023 7938 7931
f 8024 7936 8030
f 8030 7936 7945
f 8033 8031 8032
f 8032 8025 8026
f 8032 8031 8025
f 8031 8034 8025
f 8025 8034 8027
f 8027 8034 8035
f 8027 8035 8028
f 8028 8035 8036
f 8028 8036 8029
f 8029 8036 8037
f 8029 8037 7947
f 7939 8029 7947
f 8030 7945 8038
f 8038 7945 7952
f 8041 8039 8040
f 8040 8042 8043
f 8039 8042 8040
f 8043 8031 8033
f 8043 8042 8031
f 8042 8044 8031
f 8031 8044 8034
f 8034 8044 8045
f 8034 8045 8035
f 8035 8045 8046
f 8035 8046 8036
f 8036 8046 8047
f 7955 7954 8037
f 7955 8037 8047
f 8047 8037 8036
f 8037 7954 7947
f 8048 8049 8038
f 8048 8038 7959
f 7959 8038 7952
f 8049 8039 8041
f 8049 8048 8039
f 8048 8050 8039
f 8039 8050 8042
f 8042 8050 8051
f 8042 8051 8044
f 8044 8051 8052
f 8044 8052 8045
f 8045 8052 8053
f 8045 8053 8046
f 8046 8053 8054
f 7962 7961 8047
f 7962 8047 8054
f 8054 8047 8046
f 8047 7961 7955
f 8055 8048 7959
f 7968 8055 7959
f 8048 8055 8050
f 8050 8055 8056
f 8050 8056 8051
f 8051 8056 8057
f 8051 8057 8052
f 8052 8057 8058
f 8052 8058 8053
f 8053 8058 8059
f 7971 7970 8054
f 7971 8054 8059
f 8059 8054 8053
f 8054 7970 7962
f 8055 7968 7977
f 8056 8055 7977
f 7979 8056 7977
f 7979 7980 8060
f 7979 8060 8056
f 8056 8060 8057
f 8057 8060 8058
f 8058 8060 8061
f 7983 7982 8059
f 7983 8059 8061
f 8061 8059 8058
f 8059 7982 7971
f 8060 7980 7987
f 8061 8060 7987
f 7989 8061 7987
f 8061 7989 7983
f 7993 7994 8062
f 7995 7993 8062
f 8063 7995 8062
f 7996 7995 8063
f 8064 7996 8063
f 7996 8064 7998
f 8065 8062 7994
f 8002 8065 7994
f 8062 8065 8063
f 8063 8065 8066
f 8063 8066 8064
f 8064 8066 8067
f 8003 7998 8064
f 8003 8064 8068
f 8068 8064 8067
f 8004 8003 8068
f 8069 8004 8068
f 8004 8069 8006
f 8070 8065 8002
f 8070 8002 8071
f 8071 8002 8010
f 8073 8065 8070
f 8073 8072 8065
f 8072 8066 8065
f 8066 8072 8067
f 8067 8072 8074
f 8067 8074 8068
f 8068 8074 8075
f 8068 8075 8069
f 8069 8075 8076
f 8069 8076 8012
f 8006 8069 8012
f 8077 8078 8071
f 8077 8071 8016
f 8016 8071 8010
f 8078 8072 8073
f 8078 8077 8072
f 8077 8079 8072
f 8072 8079 8074
f 8074 8079 8080
f 8074 8080 8075
f 8075 8080 8081
f 8019 8018 8076
f 8019 8076 8081
f 8081 8076 8075
f 8076 8018 8012
f 8082 8077 8016
f 8024 8082 8016
f 8077 8082 8079
f 8079 8082 8083
f 8079 8083 8080
f 8080 8083 8084
f 8080 8084 8081
f 8081 8084 8085
f 8081 8085 8026
f 8019 8081 8026
f 8086 8082 8024
f 8030 8086 8024
f 8082 8086 8083
f 8083 8086 8087
f 8083 8087 8084
f 8084 8087 8088
f 8033 8032 8085
f 8033 8085 8088
f 8088 8085 8084
f 8085 8032 8026
f 8089 8086 8030
f 8038 8089 8030
f 8041 8040 8087
f 8041 8087 8089
f 8089 8087 8086
f 8088 8087 8040
f 8043 8088 8040
f 8088 8043 8033
f 8089 8038 8049
f 8089 8049 8041
f 8070 8071 8090
f 8070 8090 8073
f 8090 8071 8078
f 8090 8078 8073
