v 0.12490 -0.12765 0.02745
v 0.12627 -0.12902 0.02745
v 0.12627 -0.12765 0.02676
v 0.12490 -0.12765 0.02882
v 0.12627 -0.12902 0.02882
v 0.12490 -0.12765 0.03020
v 0.12627 -0.12902 0.03020
v 0.12627 -0.12765 0.03088
v 0.12490 -0.12490 0.02333
v 0.12627 -0.12627 0.02333
v 0.12627 -0.12490 0.02265
v 0.12490 -0.12490 0.02471
v 0.12627 -0.12627 0.02471
v 0.12490 -0.12490 0.02608
v 0.12627 -0.12627 0.02608
v 0.12490 -0.12490 0.02745
v 0.12490 -0.12490 0.02882
v 0.12490 -0.12490 0.03020
v 0.12627 -0.12490 0.03088
v 0.12490 -0.12490 0.03294
v 0.12627 -0.12627 0.03294
v 0.12627 -0.12490 0.03225
v 0.12627 -0.12490 0.03363
v 0.12490 -0.12216 0.02059
v 0.12627 -0.12353 0.02059
v 0.12627 -0.12216 0.01990
v 0.12490 -0.12216 0.02196
v 0.12627 -0.12353 0.02196
v 0.12490 -0.12216 0.02333
v 0.12490 -0.12216 0.02471
v 0.12490 -0.12216 0.02608
v 0.12490 -0.12216 0.02745
v 0.12490 -0.12216 0.02882
v 0.12490 -0.12216 0.03020
v 0.12490 -0.12216 0.03157
v 0.12627 -0.12353 0.03157
v 0.12490 -0.12216 0.03294
v 0.12490 -0.12216 0.03431
v 0.12627 -0.12353 0.03431
v 0.12627 -0.12216 0.03500
v 0.12627 -0.12078 0.02059
v 0.12627 -0.12078 0.02196
v 0.12490 -0.11941 0.02333
v 0.12627 -0.11941 0.02265
v 0.12490 -0.11941 0.02471
v 0.12490 -0.11941 0.02608
v 0.12490 -0.11941 0.02745
v 0.12490 -0.11941 0.02882
v 0.12490 -0.11941 0.03020
v 0.12490 -0.11941 0.03157
v 0.12490 -0.11941 0.03294
v 0.12490 -0.11941 0.03431
v 0.12490 -0.11941 0.03569
v 0.12627 -0.12078 0.03569
v 0.12490 -0.11941 0.03706
v 0.12627 -0.12078 0.03706
v 0.12627 -0.11941 0.03775
v 0.12627 -0.11804 0.02333
v 0.12627 -0.11804 0.02471
v 0.12490 -0.11667 0.02608
v 0.12627 -0.11667 0.02539
v 0.12490 -0.11667 0.02745
v 0.12490 -0.11667 0.02882
v 0.12490 -0.11667 0.03020
v 0.12490 -0.11667 0.03157
v 0.12490 -0.11667 0.03294
v 0.12627 -0.11804 0.03431
v 0.12627 -0.11667 0.03363
v 0.12627 -0.11804 0.03569
v 0.12627 -0.11804 0.03706
v 0.12627 -0.11529 0.02608
v 0.12627 -0.11529 0.02745
v 0.12627 -0.11529 0.02882
v 0.12627 -0.11529 0.03020
v 0.12627 -0.11529 0.03157
v 0.12490 -0.11392 0.03294
v 0.12627 -0.11392 0.03225
v 0.12627 -0.11392 0.03363
v 0.12627 -0.11255 0.03294
v 0.12765 -0.13039 0.02196
v 0.12902 -0.13176 0.02196
v 0.12902 -0.13039 0.02127
v 0.12765 -0.13039 0.02333
v 0.12902 -0.13176 0.02333
v 0.12765 -0.13039 0.02471
v 0.12902 -0.13176 0.02471
v 0.12765 -0.13039 0.02608
v 0.12902 -0.13176 0.02608
v 0.12765 -0.13039 0.02745
v 0.12902 -0.13176 0.02745
v 0.12765 -0.13039 0.02882
v 0.12902 -0.13176 0.02882
v 0.12765 -0.13039 0.03020
v 0.12902 -0.13176 0.03020
v 0.12765 -0.13039 0.03157
v 0.12902 -0.13176 0.03157
v 0.12765 -0.13039 0.03294
v 0.12902 -0.13176 0.03294
v 0.12902 -0.13039 0.03363
v 0.12765 -0.12765 0.01922
v 0.12902 -0.12902 0.01922
v 0.12902 -0.12765 0.01853
v 0.12765 -0.12765 0.02059
v 0.12902 -0.12902 0.02059
v 0.12765 -0.12765 0.02196
v 0.12765 -0.12765 0.02333
v 0.12765 -0.12765 0.02471
v 0.12765 -0.12765 0.02608
v 0.12765 -0.12765 0.03157
v 0.12765 -0.12765 0.03294
v 0.12765 -0.12765 0.03431
v 0.12902 -0.12902 0.03431
v 0.12765 -0.12765 0.03569
v 0.12902 -0.12902 0.03569
v 0.12765 -0.12765 0.03706
v 0.12902 -0.12902 0.03706
v 0.12902 -0.12765 0.03775
v 0.12765 -0.12490 0.01647
v 0.12902 -0.12627 0.01647
v 0.12902 -0.12490 0.01578
v 0.12765 -0.12490 0.01784
v 0.12902 -0.12627 0.01784
v 0.12765 -0.12490 0.01922
v 0.12765 -0.12490 0.02059
v 0.12765 -0.12490 0.02196
v 0.12765 -0.12490 0.03157
v 0.12765 -0.12490 0.03431
v 0.12765 -0.12490 0.03569
v 0.12765 -0.12490 0.03706
v 0.12765 -0.12490 0.03843
v 0.12902 -0.12627 0.03843
v 0.12765 -0.12490 0.03980
v 0.12902 -0.12627 0.03980
v 0.12902 -0.12490 0.04049
v 0.12765 -0.12216 0.01647
v 0.12902 -0.12216 0.01578
v 0.12765 -0.12216 0.01784
v 0.12765 -0.12216 0.01922
v 0.12765 -0.12216 0.03569
v 0.12765 -0.12216 0.03706
v 0.12765 -0.12216 0.03843
v 0.12765 -0.12216 0.03980
v 0.12765 -0.12216 0.04118
v 0.12902 -0.12353 0.04118
v 0.12765 -0.12216 0.04255
v 0.12902 -0.12353 0.04255
v 0.12902 -0.12216 0.04324
v 0.12765 -0.11941 0.01647
v 0.12902 -0.11941 0.01578
v 0.12765 -0.11941 0.01784
v 0.12765 -0.11941 0.01922
v 0.12765 -0.11941 0.02059
v 0.12765 -0.11941 0.02196
v 0.12765 -0.11941 0.03843
v 0.12765 -0.11941 0.03980
v 0.12765 -0.11941 0.04118
v 0.12765 -0.11941 0.04255
v 0.12765 -0.11941 0.04392
v 0.12902 -0.12078 0.04392
v 0.12902 -0.11941 0.04461
v 0.12902 -0.11804 0.01647
v 0.12765 -0.11667 0.01784
v 0.12902 -0.11667 0.01716
v 0.12765 -0.11667 0.01922
v 0.12765 -0.11667 0.02059
v 0.12765 -0.11667 0.02196
v 0.12765 -0.11667 0.02333
v 0.12765 -0.11667 0.02471
v 0.12765 -0.11667 0.03431
v 0.12765 -0.11667 0.03569
v 0.12765 -0.11667 0.03706
v 0.12765 -0.11667 0.03843
v 0.12765 -0.11667 0.03980
v 0.12765 -0.11667 0.04118
v 0.12902 -0.11804 0.04255
v 0.12902 -0.11667 0.04186
v 0.12902 -0.11804 0.04392
v 0.12902 -0.11529 0.01784
v 0.12902 -0.11529 0.01922
v 0.12765 -0.11392 0.02059
v 0.12902 -0.11392 0.01990
v 0.12765 -0.11392 0.02196
v 0.12765 -0.11392 0.02333
v 0.12765 -0.11392 0.02471
v 0.12765 -0.11392 0.02608
v 0.12765 -0.11392 0.02745
v 0.12765 -0.11392 0.02882
v 0.12765 -0.11392 0.03020
v 0.12765 -0.11392 0.03157
v 0.12765 -0.11392 0.03431
v 0.12765 -0.11392 0.03569
v 0.12765 -0.11392 0.03706
v 0.12765 -0.11392 0.03843
v 0.12765 -0.11392 0.03980
v 0.12765 -0.11392 0.04118
v 0.12902 -0.11392 0.04186
v 0.12902 -0.11255 0.02059
v 0.12902 -0.11255 0.02196
v 0.12902 -0.11255 0.02333
v 0.12902 -0.11255 0.02471
v 0.12902 -0.11255 0.02608
v 0.12765 -0.11118 0.02745
v 0.12902 -0.11118 0.02676
v 0.12765 -0.11118 0.02882
v 0.12765 -0.11118 0.03020
v 0.12765 -0.11118 0.03157
v 0.12765 -0.11118 0.03294
v 0.12765 -0.11118 0.03431
v 0.12765 -0.11118 0.03569
v 0.12765 -0.11118 0.03706
v 0.12902 -0.11255 0.03843
v 0.12902 -0.11118 0.03775
v 0.12902 -0.11255 0.03980
v 0.12902 -0.11255 0.04118
v 0.12902 -0.10980 0.02745
v 0.12902 -0.10980 0.02882
v 0.12902 -0.10980 0.03020
v 0.12902 -0.10980 0.03157
v 0.12902 -0.10980 0.03294
v 0.12902 -0.10980 0.03431
v 0.12902 -0.10980 0.03569
v 0.12902 -0.10980 0.03706
v 0.13039 -0.13314 0.02196
v 0.13176 -0.13451 0.02196
v 0.13176 -0.13314 0.02127
v 0.13039 -0.13314 0.02333
v 0.13176 -0.13451 0.02333
v 0.13039 -0.13314 0.02471
v 0.13176 -0.13451 0.02471
v 0.13039 -0.13314 0.02608
v 0.13176 -0.13451 0.02608
v 0.13039 -0.13314 0.02745
v 0.13176 -0.13451 0.02745
v 0.13039 -0.13314 0.02882
v 0.13176 -0.13451 0.02882
v 0.13039 -0.13314 0.03020
v 0.13176 -0.13451 0.03020
v 0.13039 -0.13314 0.03157
v 0.13176 -0.13451 0.03157
v 0.13039 -0.13314 0.03294
v 0.13176 -0.13451 0.03294
v 0.13039 -0.13314 0.03431
v 0.13176 -0.13451 0.03431
v 0.13176 -0.13314 0.03500
v 0.13039 -0.13039 0.01784
v 0.13176 -0.13176 0.01784
v 0.13176 -0.13039 0.01716
v 0.13039 -0.13039 0.01922
v 0.13176 -0.13176 0.01922
v 0.13039 -0.13039 0.02059
v 0.13176 -0.13176 0.02059
v 0.13039 -0.13039 0.03431
v 0.13039 -0.13039 0.03569
v 0.13176 -0.13176 0.03569
v 0.13039 -0.13039 0.03706
v 0.13176 -0.13176 0.03706
v 0.13039 -0.13039 0.03843
v 0.13176 -0.13176 0.03843
v 0.13176 -0.13039 0.03912
v 0.13039 -0.12765 0.01510
v 0.13176 -0.12902 0.01510
v 0.13176 -0.12765 0.01441
v 0.13039 -0.12765 0.01647
v 0.13176 -0.12902 0.01647
v 0.13039 -0.12765 0.01784
v 0.13039 -0.12765 0.03843
v 0.13039 -0.12765 0.03980
v 0.13176 -0.12902 0.03980
v 0.13039 -0.12765 0.04118
v 0.13176 -0.12902 0.04118
v 0.13176 -0.12765 0.04186
v 0.13039 -0.12490 0.01510
v 0.13176 -0.12490 0.01441
v 0.13039 -0.12490 0.04118
v 0.13039 -0.12490 0.04255
v 0.13176 -0.12627 0.04255
v 0.13039 -0.12490 0.04392
v 0.13176 -0.12627 0.04392
v 0.13176 -0.12490 0.04461
v 0.13039 -0.12216 0.01510
v 0.13176 -0.12216 0.01441
v 0.13039 -0.12216 0.04392
v 0.13039 -0.12216 0.04529
v 0.13176 -0.12353 0.04529
v 0.13039 -0.12216 0.04667
v 0.13176 -0.12353 0.04667
v 0.13039 -0.12216 0.04804
v 0.13176 -0.12353 0.04804
v 0.13176 -0.12216 0.04873
v 0.13039 -0.11941 0.01510
v 0.13176 -0.11941 0.01441
v 0.13039 -0.11941 0.04529
v 0.13039 -0.11941 0.04667
v 0.13039 -0.11941 0.04804
v 0.13039 -0.11941 0.04941
v 0.13176 -0.12078 0.04941
v 0.13176 -0.11941 0.05010
v 0.13039 -0.11667 0.01510
v 0.13176 -0.11667 0.01441
v 0.13039 -0.11667 0.01647
v 0.13039 -0.11667 0.04255
v 0.13039 -0.11667 0.04392
v 0.13039 -0.11667 0.04529
v 0.13039 -0.11667 0.04667
v 0.13039 -0.11667 0.04804
v 0.13039 -0.11667 0.04941
v 0.13039 -0.11667 0.05078
v 0.13176 -0.11804 0.05078
v 0.13176 -0.11667 0.05147
v 0.13176 -0.11529 0.01510
v 0.13039 -0.11392 0.01647
v 0.13176 -0.11392 0.01578
v 0.13039 -0.11392 0.01784
v 0.13039 -0.11392 0.01922
v 0.13039 -0.11392 0.04255
v 0.13039 -0.11392 0.04392
v 0.13039 -0.11392 0.04529
v 0.13039 -0.11392 0.04667
v 0.13039 -0.11392 0.04804
v 0.13176 -0.11529 0.04941
v 0.13176 -0.11392 0.04873
v 0.13176 -0.11529 0.05078
v 0.13176 -0.11255 0.01647
v 0.13176 -0.11255 0.01784
v 0.13039 -0.11118 0.01922
v 0.13176 -0.11118 0.01853
v 0.13039 -0.11118 0.02059
v 0.13039 -0.11118 0.02196
v 0.13039 -0.11118 0.02333
v 0.13039 -0.11118 0.02471
v 0.13039 -0.11118 0.02608
v 0.13039 -0.11118 0.03843
v 0.13039 -0.11118 0.03980
v 0.13039 -0.11118 0.04118
v 0.13039 -0.11118 0.04255
v 0.13039 -0.11118 0.04392
v 0.13176 -0.11255 0.04529
v 0.13176 -0.11118 0.04461
v 0.13176 -0.11255 0.04667
v 0.13176 -0.11255 0.04804
v 0.13176 -0.10980 0.01922
v 0.13176 -0.10980 0.02059
v 0.13176 -0.10980 0.02196
v 0.13176 -0.10980 0.02333
v 0.13176 -0.10980 0.02471
v 0.13176 -0.10980 0.02608
v 0.13039 -0.10843 0.02745
v 0.13176 -0.10843 0.02676
v 0.13039 -0.10843 0.02882
v 0.13039 -0.10843 0.03020
v 0.13039 -0.10843 0.03157
v 0.13039 -0.10843 0.03294
v 0.13039 -0.10843 0.03431
v 0.13039 -0.10843 0.03569
v 0.13176 -0.10980 0.03706
v 0.13176 -0.10843 0.03637
v 0.13176 -0.10980 0.03843
v 0.13176 -0.10980 0.03980
v 0.13176 -0.10980 0.04118
v 0.13176 -0.10980 0.04255
v 0.13176 -0.10980 0.04392
v 0.13176 -0.10706 0.02745
v 0.13176 -0.10706 0.02882
v 0.13176 -0.10706 0.03020
v 0.13176 -0.10706 0.03157
v 0.13176 -0.10706 0.03294
v 0.13176 -0.10706 0.03431
v 0.13176 -0.10706 0.03569
v 0.13314 -0.13588 0.02471
v 0.13451 -0.13725 0.02471
v 0.13451 -0.13588 0.02402
v 0.13314 -0.13588 0.02608
v 0.13451 -0.13725 0.02608
v 0.13314 -0.13588 0.02745
v 0.13451 -0.13725 0.02745
v 0.13314 -0.13588 0.02882
v 0.13451 -0.13725 0.02882
v 0.13451 -0.13588 0.02951
v 0.13314 -0.13314 0.01922
v 0.13451 -0.13451 0.01922
v 0.13451 -0.13314 0.01853
v 0.13314 -0.13314 0.02059
v 0.13451 -0.13451 0.02059
v 0.13451 -0.13451 0.02196
v 0.13451 -0.13451 0.02333
v 0.13451 -0.13451 0.03020
v 0.13451 -0.13451 0.03157
v 0.13451 -0.13451 0.03294
v 0.13451 -0.13451 0.03431
v 0.13314 -0.13314 0.03569
v 0.13451 -0.13451 0.03569
v 0.13314 -0.13314 0.03706
v 0.13451 -0.13451 0.03706
v 0.13451 -0.13314 0.03775
v 0.13314 -0.13039 0.01510
v 0.13451 -0.13176 0.01510
v 0.13451 -0.13039 0.01441
v 0.13314 -0.13039 0.01647
v 0.13451 -0.13176 0.01647
v 0.13451 -0.13176 0.01784
v 0.13451 -0.13176 0.03843
v 0.13314 -0.13039 0.03980
v 0.13451 -0.13176 0.03980
v 0.13314 -0.13039 0.04118
v 0.13451 -0.13176 0.04118
v 0.13451 -0.13039 0.04186
v 0.13314 -0.12765 0.01373
v 0.13451 -0.12902 0.01373
v 0.13451 -0.12765 0.01304
v 0.13314 -0.12765 0.04255
v 0.13451 -0.12902 0.04255
v 0.13314 -0.12765 0.04392
v 0.13451 -0.12902 0.04392
v 0.13451 -0.12765 0.04461
v 0.13314 -0.12490 0.01373
v 0.13451 -0.12490 0.01304
v 0.13314 -0.12490 0.04529
v 0.13451 -0.12627 0.04529
v 0.13314 -0.12490 0.04667
v 0.13451 -0.12627 0.04667
v 0.13314 -0.12490 0.04804
v 0.13451 -0.12627 0.04804
v 0.13451 -0.12490 0.04873
v 0.13314 -0.12216 0.01373
v 0.13451 -0.12216 0.01304
v 0.13314 -0.12216 0.04941
v 0.13451 -0.12353 0.04941
v 0.13314 -0.12216 0.05078
v 0.13451 -0.12353 0.05078
v 0.13451 -0.12216 0.05147
v 0.13314 -0.11941 0.01373
v 0.13451 -0.11941 0.01304
v 0.13314 -0.11941 0.05078
v 0.13314 -0.11941 0.05216
v 0.13451 -0.12078 0.05216
v 0.13314 -0.11941 0.05353
v 0.13451 -0.12078 0.05353
v 0.13451 -0.11941 0.05422
v 0.13314 -0.11667 0.01373
v 0.13451 -0.11667 0.01304
v 0.13451 -0.11804 0.05216
v 0.13451 -0.11667 0.05147
v 0.13451 -0.11804 0.05353
v 0.13451 -0.11529 0.01373
v 0.13314 -0.11392 0.01510
v 0.13451 -0.11392 0.01441
v 0.13314 -0.11392 0.04804
v 0.13451 -0.11529 0.04804
v 0.13451 -0.11392 0.04735
v 0.13451 -0.11529 0.04941
v 0.13451 -0.11529 0.05078
v 0.13451 -0.11255 0.01510
v 0.13314 -0.11118 0.01647
v 0.13451 -0.11118 0.01578
v 0.13314 -0.11118 0.01784
v 0.13314 -0.11118 0.04529
v 0.13451 -0.11255 0.04667
v 0.13451 -0.11118 0.04598
v 0.13451 -0.10980 0.01647
v 0.13451 -0.10980 0.01784
v 0.13451 -0.10980 0.01922
v 0.13451 -0.10980 0.02059
v 0.13314 -0.10843 0.02196
v 0.13451 -0.10843 0.02127
v 0.13314 -0.10843 0.02333
v 0.13314 -0.10843 0.02471
v 0.13314 -0.10843 0.02608
v 0.13314 -0.10843 0.03706
v 0.13314 -0.10843 0.03843
v 0.13314 -0.10843 0.03980
v 0.13314 -0.10843 0.04118
v 0.13451 -0.10980 0.04255
v 0.13451 -0.10843 0.04186
v 0.13451 -0.10980 0.04392
v 0.13451 -0.10980 0.04529
v 0.13451 -0.10706 0.02196
v 0.13451 -0.10706 0.02333
v 0.13451 -0.10706 0.02471
v 0.13451 -0.10706 0.02608
v 0.13451 -0.10706 0.02745
v 0.13451 -0.10706 0.02882
v 0.13451 -0.10706 0.03020
v 0.13451 -0.10706 0.03157
v 0.13314 -0.10569 0.03294
v 0.13451 -0.10569 0.03225
v 0.13451 -0.10706 0.03431
v 0.13451 -0.10569 0.03363
v 0.13451 -0.10706 0.03569
v 0.13451 -0.10706 0.03706
v 0.13451 -0.10706 0.03843
v 0.13451 -0.10706 0.03980
v 0.13451 -0.10706 0.04118
v 0.13451 -0.10431 0.03294
v 0.13588 -0.13588 0.02059
v 0.13725 -0.13725 0.02059
v 0.13725 -0.13588 0.01990
v 0.13588 -0.13588 0.02196
v 0.13725 -0.13725 0.02196
v 0.13588 -0.13588 0.02333
v 0.13725 -0.13725 0.02333
v 0.13725 -0.13725 0.02471
v 0.13725 -0.13725 0.02608
v 0.13725 -0.13725 0.02745
v 0.13725 -0.13725 0.02882
v 0.13588 -0.13588 0.03020
v 0.13725 -0.13725 0.03020
v 0.13588 -0.13588 0.03157
v 0.13725 -0.13725 0.03157
v 0.13588 -0.13588 0.03294
v 0.13725 -0.13725 0.03294
v 0.13588 -0.13588 0.03431
v 0.13725 -0.13725 0.03431
v 0.13588 -0.13588 0.03569
v 0.13725 -0.13725 0.03569
v 0.13725 -0.13588 0.03637
v 0.13588 -0.13314 0.01647
v 0.13725 -0.13451 0.01647
v 0.13725 -0.13314 0.01578
v 0.13588 -0.13314 0.01784
v 0.13725 -0.13451 0.01784
v 0.13725 -0.13451 0.01922
v 0.13725 -0.13451 0.03706
v 0.13588 -0.13314 0.03843
v 0.13725 -0.13451 0.03843
v 0.13588 -0.13314 0.03980
v 0.13725 -0.13451 0.03980
v 0.13725 -0.13314 0.04049
v 0.13588 -0.13039 0.01373
v 0.13725 -0.13176 0.01373
v 0.13725 -0.13039 0.01304
v 0.13725 -0.13176 0.01510
v 0.13725 -0.13176 0.04118
v 0.13588 -0.13039 0.04255
v 0.13725 -0.13176 0.04255
v 0.13588 -0.13039 0.04392
v 0.13725 -0.13176 0.04392
v 0.13725 -0.13039 0.04461
v 0.13588 -0.12765 0.01235
v 0.13725 -0.12902 0.01235
v 0.13725 -0.12765 0.01167
v 0.13588 -0.12765 0.04529
v 0.13725 -0.12902 0.04529
v 0.13588 -0.12765 0.04667
v 0.13725 -0.12902 0.04667
v 0.13725 -0.12765 0.04735
v 0.13588 -0.12490 0.01235
v 0.13725 -0.12490 0.01167
v 0.13725 -0.12627 0.04804
v 0.13588 -0.12490 0.04941
v 0.13725 -0.12627 0.04941
v 0.13725 -0.12490 0.05010
v 0.13588 -0.12216 0.01098
v 0.13725 -0.12353 0.01098
v 0.13725 -0.12216 0.01029
v 0.13588 -0.12216 0.01235
v 0.13725 -0.12353 0.05078
v 0.13588 -0.12216 0.05216
v 0.13725 -0.12353 0.05216
v 0.13725 -0.12216 0.05284
v 0.13588 -0.11941 0.01098
v 0.13725 -0.11941 0.01029
v 0.13588 -0.11941 0.01235
v 0.13725 -0.12078 0.05353
v 0.13588 -0.11941 0.05490
v 0.13725 -0.12078 0.05490
v 0.13725 -0.11941 0.05559
v 0.13588 -0.11667 0.01098
v 0.13725 -0.11667 0.01029
v 0.13588 -0.11667 0.01235
v 0.13725 -0.11804 0.05216
v 0.13725 -0.11667 0.05147
v 0.13725 -0.11804 0.05353
v 0.13725 -0.11804 0.05490
v 0.13725 -0.11529 0.01098
v 0.13588 -0.11392 0.01235
v 0.13725 -0.11392 0.01167
v 0.13588 -0.11392 0.01373
v 0.13588 -0.11392 0.04804
v 0.13725 -0.11529 0.04941
v 0.13725 -0.11392 0.04873
v 0.13725 -0.11529 0.05078
v 0.13725 -0.11255 0.01235
v 0.13588 -0.11118 0.01373
v 0.13725 -0.11118 0.01304
v 0.13588 -0.11118 0.01510
v 0.13725 -0.11255 0.04667
v 0.13725 -0.11118 0.04598
v 0.13725 -0.11255 0.04804
v 0.13725 -0.10980 0.01373
v 0.13725 -0.10980 0.01510
v 0.13725 -0.10980 0.01647
v 0.13588 -0.10843 0.01784
v 0.13725 -0.10843 0.01716
v 0.13588 -0.10843 0.01922
v 0.13588 -0.10843 0.02059
v 0.13588 -0.10843 0.04255
v 0.13725 -0.10980 0.04392
v 0.13725 -0.10843 0.04324
v 0.13725 -0.10980 0.04529
v 0.13725 -0.10706 0.01784
v 0.13725 -0.10706 0.01922
v 0.13725 -0.10706 0.02059
v 0.13725 -0.10706 0.02196
v 0.13588 -0.10569 0.02333
v 0.13725 -0.10569 0.02265
v 0.13588 -0.10569 0.02471
v 0.13588 -0.10569 0.02608
v 0.13588 -0.10569 0.02745
v 0.13588 -0.10569 0.02882
v 0.13588 -0.10569 0.03020
v 0.13588 -0.10569 0.03157
v 0.13588 -0.10569 0.03431
v 0.13588 -0.10569 0.03569
v 0.13588 -0.10569 0.03706
v 0.13725 -0.10706 0.03843
v 0.13725 -0.10569 0.03775
v 0.13725 -0.10706 0.03980
v 0.13725 -0.10706 0.04118
v 0.13725 -0.10706 0.04255
v 0.13725 -0.10431 0.02333
v 0.13725 -0.10431 0.02471
v 0.13725 -0.10431 0.02608
v 0.13725 -0.10431 0.02745
v 0.13725 -0.10431 0.02882
v 0.13725 -0.10431 0.03020
v 0.13725 -0.10431 0.03157
v 0.13725 -0.10431 0.03294
v 0.13725 -0.10431 0.03431
v 0.13725 -0.10431 0.03569
v 0.13725 -0.10431 0.03706
v 0.13863 -0.13863 0.02333
v 0.14000 -0.14000 0.02333
v 0.14000 -0.13863 0.02265
v 0.13863 -0.13863 0.02471
v 0.14000 -0.14000 0.02471
v 0.13863 -0.13863 0.02608
v 0.14000 -0.14000 0.02608
v 0.14000 -0.13863 0.02676
v 0.13863 -0.13588 0.01784
v 0.14000 -0.13725 0.01784
v 0.14000 -0.13588 0.01716
v 0.13863 -0.13588 0.01922
v 0.14000 -0.13725 0.01922
v 0.14000 -0.13725 0.02059
v 0.14000 -0.13725 0.02196
v 0.14000 -0.13725 0.02745
v 0.14000 -0.13725 0.02882
v 0.14000 -0.13725 0.03020
v 0.14000 -0.13725 0.03157
v 0.14000 -0.13725 0.03294
v 0.14000 -0.13725 0.03431
v 0.14000 -0.13725 0.03569
v 0.13863 -0.13588 0.03706
v 0.14000 -0.13725 0.03706
v 0.13863 -0.13588 0.03843
v 0.14000 -0.13725 0.03843
v 0.14000 -0.13588 0.03912
v 0.13863 -0.13314 0.01373
v 0.14000 -0.13451 0.01373
v 0.14000 -0.13314 0.01304
v 0.13863 -0.13314 0.01510
v 0.14000 -0.13451 0.01510
v 0.14000 -0.13451 0.01647
v 0.14000 -0.13451 0.03980
v 0.13863 -0.13314 0.04118
v 0.14000 -0.13451 0.04118
v 0.13863 -0.13314 0.04255
v 0.14000 -0.13451 0.04255
v 0.14000 -0.13314 0.04324
v 0.13863 -0.13039 0.01235
v 0.14000 -0.13176 0.01235
v 0.14000 -0.13039 0.01167
v 0.14000 -0.13176 0.04392
v 0.13863 -0.13039 0.04529
v 0.14000 -0.13176 0.04529
v 0.14000 -0.13039 0.04598
v 0.13863 -0.12765 0.01098
v 0.14000 -0.12902 0.01098
v 0.14000 -0.12765 0.01029
v 0.14000 -0.12902 0.04667
v 0.13863 -0.12765 0.04804
v 0.14000 -0.12902 0.04804
v 0.14000 -0.12765 0.04873
v 0.13863 -0.12490 0.01098
v 0.14000 -0.12490 0.01029
v 0.14000 -0.12627 0.04941
v 0.13863 -0.12490 0.05078
v 0.14000 -0.12627 0.05078
v 0.14000 -0.12490 0.05147
v 0.13863 -0.12216 0.00961
v 0.14000 -0.12353 0.00961
v 0.14000 -0.12216 0.00892
v 0.14000 -0.12353 0.05216
v 0.13863 -0.12216 0.05353
v 0.14000 -0.12353 0.05353
v 0.14000 -0.12216 0.05422
v 0.13863 -0.11941 0.00961
v 0.14000 -0.11941 0.00892
v 0.14000 -0.12078 0.05490
v 0.14000 -0.11941 0.05559
v 0.13863 -0.11667 0.00961
v 0.14000 -0.11667 0.00892
v 0.14000 -0.11804 0.05216
v 0.14000 -0.11667 0.05147
v 0.14000 -0.11804 0.05353
v 0.14000 -0.11804 0.05490
v 0.14000 -0.11529 0.00961
v 0.13863 -0.11392 0.01098
v 0.14000 -0.11392 0.01029
v 0.14000 -0.11529 0.04941
v 0.14000 -0.11392 0.04873
v 0.14000 -0.11529 0.05078
v 0.14000 -0.11255 0.01098
v 0.13863 -0.11118 0.01235
v 0.14000 -0.11118 0.01167
v 0.14000 -0.11255 0.04667
v 0.14000 -0.11118 0.04598
v 0.14000 -0.11255 0.04804
v 0.14000 -0.10980 0.01235
v 0.14000 -0.10980 0.01373
v 0.13863 -0.10843 0.01510
v 0.14000 -0.10843 0.01441
v 0.13863 -0.10843 0.01647
v 0.14000 -0.10980 0.04392
v 0.14000 -0.10843 0.04324
v 0.14000 -0.10980 0.04529
v 0.14000 -0.10706 0.01510
v 0.14000 -0.10706 0.01647
v 0.13863 -0.10569 0.01784
v 0.14000 -0.10569 0.01716
v 0.13863 -0.10569 0.01922
v 0.13863 -0.10569 0.02059
v 0.13863 -0.10569 0.02196
v 0.13863 -0.10569 0.03843
v 0.14000 -0.10706 0.03980
v 0.14000 -0.10569 0.03912
v 0.14000 -0.10706 0.04118
v 0.14000 -0.10706 0.04255
v 0.14000 -0.10431 0.01784
v 0.14000 -0.10431 0.01922
v 0.14000 -0.10431 0.02059
v 0.14000 -0.10431 0.02196
v 0.14000 -0.10431 0.02333
v 0.14000 -0.10431 0.02471
v 0.14000 -0.10431 0.02608
v 0.14000 -0.10431 0.02745
v 0.13863 -0.10294 0.02882
v 0.14000 -0.10294 0.02814
v 0.13863 -0.10294 0.03020
v 0.13863 -0.10294 0.03157
v 0.13863 -0.10294 0.03294
v 0.13863 -0.10294 0.03431
v 0.14000 -0.10431 0.03569
v 0.14000 -0.10294 0.03500
v 0.14000 -0.10431 0.03706
v 0.14000 -0.10431 0.03843
v 0.14000 -0.10157 0.02882
v 0.14000 -0.10157 0.03020
v 0.14000 -0.10157 0.03157
v 0.14000 -0.10157 0.03294
v 0.14000 -0.10157 0.03431
v 0.14137 -0.13863 0.02059
v 0.14275 -0.14000 0.02059
v 0.14275 -0.13863 0.01990
v 0.14137 -0.13863 0.02196
v 0.14275 -0.14000 0.02196
v 0.14275 -0.14000 0.02333
v 0.14275 -0.14000 0.02471
v 0.14275 -0.14000 0.02608
v 0.14137 -0.13863 0.02745
v 0.14275 -0.14000 0.02745
v 0.14275 -0.13863 0.02814
v 0.14137 -0.13588 0.01647
v 0.14275 -0.13725 0.01647
v 0.14275 -0.13588 0.01578
v 0.14275 -0.13725 0.01784
v 0.14275 -0.13725 0.01922
v 0.14275 -0.13725 0.02882
v 0.14275 -0.13725 0.03020
v 0.14275 -0.13725 0.03157
v 0.14275 -0.13725 0.03294
v 0.14275 -0.13725 0.03431
v 0.14275 -0.13725 0.03569
v 0.14275 -0.13725 0.03706
v 0.14275 -0.13725 0.03843
v 0.14137 -0.13588 0.03980
v 0.14275 -0.13725 0.03980
v 0.14275 -0.13588 0.04049
v 0.14275 -0.13451 0.01373
v 0.14275 -0.13314 0.01304
v 0.14275 -0.13451 0.01510
v 0.14275 -0.13451 0.04118
v 0.14275 -0.13451 0.04255
v 0.14137 -0.13314 0.04392
v 0.14275 -0.13451 0.04392
v 0.14275 -0.13314 0.04461
v 0.14137 -0.13039 0.01098
v 0.14275 -0.13176 0.01098
v 0.14275 -0.13039 0.01029
v 0.14275 -0.13176 0.01235
v 0.14275 -0.13176 0.04529
v 0.14275 -0.13039 0.04598
v 0.14137 -0.12765 0.00961
v 0.14275 -0.12902 0.00961
v 0.14275 -0.12765 0.00892
v 0.14275 -0.12902 0.04667
v 0.14137 -0.12765 0.04804
v 0.14275 -0.12765 0.04735
v 0.14137 -0.12490 0.00961
v 0.14275 -0.12490 0.00892
v 0.14275 -0.12627 0.04804
v 0.14275 -0.12627 0.04941
v 0.14275 -0.12627 0.05078
v 0.14275 -0.12490 0.05147
v 0.14137 -0.12216 0.00824
v 0.14275 -0.12353 0.00824
v 0.14275 -0.12216 0.00755
v 0.14275 -0.12353 0.05216
v 0.14275 -0.12353 0.05353
v 0.14275 -0.12216 0.05422
v 0.14137 -0.11941 0.00824
v 0.14275 -0.11941 0.00755
v 0.14275 -0.12078 0.05490
v 0.14275 -0.11941 0.05559
v 0.14137 -0.11667 0.00824
v 0.14275 -0.11667 0.00755
v 0.14137 -0.11667 0.05216
v 0.14275 -0.11804 0.05353
v 0.14275 -0.11667 0.05284
v 0.14275 -0.11804 0.05490
v 0.14275 -0.11529 0.00824
v 0.14137 -0.11392 0.00961
v 0.14275 -0.11392 0.00892
v 0.14137 -0.11392 0.04941
v 0.14275 -0.11529 0.05078
v 0.14275 -0.11392 0.05010
v 0.14275 -0.11529 0.05216
v 0.14275 -0.11255 0.00961
v 0.14137 -0.11118 0.01098
v 0.14275 -0.11118 0.01029
v 0.14275 -0.11255 0.04667
v 0.14275 -0.11118 0.04598
v 0.14275 -0.11255 0.04804
v 0.14275 -0.11255 0.04941
v 0.14275 -0.10980 0.01098
v 0.14275 -0.10980 0.01235
v 0.14275 -0.10980 0.01373
v 0.14275 -0.10843 0.01441
v 0.14275 -0.10980 0.04392
v 0.14275 -0.10843 0.04324
v 0.14275 -0.10980 0.04529
v 0.14275 -0.10706 0.01510
v 0.14137 -0.10569 0.01647
v 0.14275 -0.10569 0.01578
v 0.14137 -0.10569 0.03980
v 0.14275 -0.10706 0.04118
v 0.14275 -0.10569 0.04049
v 0.14275 -0.10706 0.04255
v 0.14275 -0.10431 0.01647
v 0.14275 -0.10431 0.01784
v 0.14275 -0.10431 0.01922
v 0.14275 -0.10431 0.02059
v 0.14275 -0.10431 0.02196
v 0.14275 -0.10431 0.02333
v 0.14275 -0.10431 0.02471
v 0.14275 -0.10431 0.02608
v 0.14275 -0.10431 0.02745
v 0.14137 -0.10294 0.02882
v 0.14275 -0.10431 0.02882
v 0.14275 -0.10294 0.02951
v 0.14137 -0.10294 0.03569
v 0.14275 -0.10431 0.03706
v 0.14275 -0.10294 0.03637
v 0.14275 -0.10431 0.03843
v 0.14275 -0.10431 0.03980
v 0.14275 -0.10157 0.03020
v 0.14275 -0.10157 0.03157
v 0.14275 -0.10157 0.03294
v 0.14275 -0.10157 0.03431
v 0.14275 -0.10157 0.03569
v 0.14412 -0.13863 0.01922
v 0.14549 -0.14000 0.01922
v 0.14549 -0.13863 0.01853
v 0.14549 -0.14000 0.02059
v 0.14549 -0.14000 0.02196
v 0.14549 -0.14000 0.02333
v 0.14549 -0.14000 0.02471
v 0.14549 -0.14000 0.02608
v 0.14549 -0.14000 0.02745
v 0.14412 -0.13863 0.02882
v 0.14549 -0.14000 0.02882
v 0.14412 -0.13863 0.03020
v 0.14549 -0.14000 0.03020
v 0.14412 -0.13863 0.03157
v 0.14549 -0.14000 0.03157
v 0.14412 -0.13863 0.03294
v 0.14549 -0.14000 0.03294
v 0.14549 -0.13863 0.03363
v 0.14412 -0.13588 0.01510
v 0.14549 -0.13725 0.01510
v 0.14549 -0.13588 0.01441
v 0.14549 -0.13725 0.01647
v 0.14549 -0.13725 0.01784
v 0.14549 -0.13725 0.03431
v 0.14549 -0.13725 0.03569
v 0.14549 -0.13725 0.03706
v 0.14549 -0.13725 0.03843
v 0.14549 -0.13725 0.03980
v 0.14412 -0.13588 0.04118
v 0.14549 -0.13725 0.04118
v 0.14549 -0.13588 0.04186
v 0.14549 -0.13451 0.01373
v 0.14549 -0.13314 0.01304
v 0.14549 -0.13451 0.04255
v 0.14412 -0.13314 0.04392
v 0.14549 -0.13314 0.04324
v 0.14549 -0.13176 0.01098
v 0.14549 -0.13039 0.01029
v 0.14549 -0.13176 0.01235
v 0.14549 -0.13176 0.04392
v 0.14549 -0.13176 0.04529
v 0.14549 -0.13039 0.04598
v 0.14549 -0.12902 0.00961
v 0.14549 -0.12765 0.00892
v 0.14549 -0.12902 0.04667
v 0.14412 -0.12765 0.04804
v 0.14549 -0.12902 0.04804
v 0.14412 -0.12765 0.04941
v 0.14549 -0.12902 0.04941
v 0.14549 -0.12765 0.05010
v 0.14412 -0.12490 0.00824
v 0.14549 -0.12627 0.00824
v 0.14549 -0.12490 0.00755
v 0.14549 -0.12627 0.05078
v 0.14549 -0.12490 0.05147
v 0.14412 -0.12216 0.00686
v 0.14549 -0.12353 0.00686
v 0.14549 -0.12216 0.00618
v 0.14549 -0.12353 0.05216
v 0.14549 -0.12353 0.05353
v 0.14549 -0.12216 0.05422
v 0.14412 -0.11941 0.00686
v 0.14549 -0.11941 0.00618
v 0.14549 -0.12078 0.05490
v 0.14549 -0.11941 0.05559
v 0.14412 -0.11667 0.00686
v 0.14549 -0.11667 0.00618
v 0.14549 -0.11804 0.05353
v 0.14549 -0.11667 0.05284
v 0.14549 -0.11804 0.05490
v 0.14549 -0.11529 0.00686
v 0.14412 -0.11392 0.00824
v 0.14549 -0.11392 0.00755
v 0.14549 -0.11529 0.05078
v 0.14549 -0.11392 0.05010
v 0.14549 -0.11529 0.05216
v 0.14549 -0.11255 0.00824
v 0.14412 -0.11118 0.00961
v 0.14549 -0.11118 0.00892
v 0.14549 -0.11255 0.04667
v 0.14549 -0.11118 0.04598
v 0.14549 -0.11255 0.04804
v 0.14549 -0.11255 0.04941
v 0.14549 -0.10980 0.00961
v 0.14549 -0.10980 0.01098
v 0.14549 -0.10980 0.01235
v 0.14412 -0.10843 0.01373
v 0.14549 -0.10843 0.01304
v 0.14549 -0.10980 0.04392
v 0.14549 -0.10843 0.04324
v 0.14549 -0.10980 0.04529
v 0.14549 -0.10706 0.01373
v 0.14549 -0.10706 0.01510
v 0.14549 -0.10569 0.01578
v 0.14549 -0.10706 0.04118
v 0.14549 -0.10569 0.04049
v 0.14549 -0.10706 0.04255
v 0.14549 -0.10431 0.01647
v 0.14549 -0.10431 0.01784
v 0.14549 -0.10431 0.01922
v 0.14549 -0.10431 0.02059
v 0.14549 -0.10431 0.02196
v 0.14549 -0.10431 0.02333
v 0.14549 -0.10431 0.02471
v 0.14549 -0.10431 0.02608
v 0.14412 -0.10294 0.02745
v 0.14549 -0.10294 0.02676
v 0.14412 -0.10294 0.02882
v 0.14549 -0.10431 0.03706
v 0.14549 -0.10294 0.03637
v 0.14549 -0.10431 0.03843
v 0.14549 -0.10431 0.03980
v 0.14549 -0.10157 0.02745
v 0.14549 -0.10157 0.02882
v 0.14549 -0.10157 0.03020
v 0.14549 -0.10157 0.03157
v 0.14549 -0.10157 0.03294
v 0.14549 -0.10157 0.03431
v 0.14549 -0.10157 0.03569
v 0.14824 -0.14000 0.01922
v 0.14824 -0.13863 0.01853
v 0.14824 -0.14000 0.02059
v 0.14824 -0.14000 0.02196
v 0.14824 -0.14000 0.02333
v 0.14824 -0.14000 0.02471
v 0.14824 -0.14000 0.02608
v 0.14824 -0.14000 0.02745
v 0.14824 -0.14000 0.02882
v 0.14824 -0.14000 0.03020
v 0.14824 -0.14000 0.03157
v 0.14824 -0.14000 0.03294
v 0.14824 -0.13863 0.03363
v 0.14824 -0.13725 0.01510
v 0.14824 -0.13588 0.01441
v 0.14824 -0.13725 0.01647
v 0.14824 -0.13725 0.01784
v 0.14824 -0.13725 0.03431
v 0.14824 -0.13725 0.03569
v 0.14824 -0.13725 0.03706
v 0.14824 -0.13725 0.03843
v 0.14824 -0.13725 0.03980
v 0.14824 -0.13725 0.04118
v 0.14824 -0.13588 0.04186
v 0.14686 -0.13314 0.01235
v 0.14824 -0.13451 0.01235
v 0.14824 -0.13314 0.01167
v 0.14824 -0.13451 0.01373
v 0.14824 -0.13451 0.04255
v 0.14824 -0.13314 0.04324
v 0.14686 -0.13039 0.00961
v 0.14824 -0.13176 0.00961
v 0.14824 -0.13039 0.00892
v 0.14824 -0.13176 0.01098
v 0.14824 -0.13176 0.04392
v 0.14824 -0.13176 0.04529
v 0.14686 -0.13039 0.04667
v 0.14824 -0.13176 0.04667
v 0.14824 -0.13039 0.04735
v 0.14686 -0.12765 0.00824
v 0.14824 -0.12902 0.00824
v 0.14824 -0.12765 0.00755
v 0.14824 -0.12902 0.04804
v 0.14824 -0.12902 0.04941
v 0.14824 -0.12765 0.05010
v 0.14686 -0.12490 0.00686
v 0.14824 -0.12627 0.00686
v 0.14824 -0.12490 0.00618
v 0.14824 -0.12627 0.05078
v 0.14824 -0.12490 0.05147
v 0.14686 -0.12216 0.00549
v 0.14824 -0.12353 0.00549
v 0.14824 -0.12216 0.00480
v 0.14824 -0.12353 0.05216
v 0.14824 -0.12353 0.05353
v 0.14824 -0.12216 0.05422
v 0.14686 -0.11941 0.00549
v 0.14824 -0.11941 0.00480
v 0.14824 -0.12078 0.05490
v 0.14686 -0.11941 0.05627
v 0.14824 -0.12078 0.05627
v 0.14824 -0.11941 0.05696
v 0.14686 -0.11667 0.00549
v 0.14824 -0.11667 0.00480
v 0.14824 -0.11804 0.05353
v 0.14824 -0.11667 0.05284
v 0.14824 -0.11804 0.05490
v 0.14824 -0.11804 0.05627
v 0.14824 -0.11529 0.00549
v 0.14686 -0.11392 0.00686
v 0.14824 -0.11392 0.00618
v 0.14824 -0.11529 0.05078
v 0.14824 -0.11392 0.05010
v 0.14824 -0.11529 0.05216
v 0.14824 -0.11255 0.00686
v 0.14824 -0.11255 0.00824
v 0.14686 -0.11118 0.00961
v 0.14824 -0.11255 0.00961
v 0.14824 -0.11118 0.01029
v 0.14686 -0.11118 0.04667
v 0.14824 -0.11255 0.04804
v 0.14824 -0.11118 0.04735
v 0.14824 -0.11255 0.04941
v 0.14824 -0.10980 0.01098
v 0.14824 -0.10980 0.01235
v 0.14824 -0.10843 0.01304
v 0.14824 -0.10980 0.04392
v 0.14824 -0.10843 0.04324
v 0.14824 -0.10980 0.04529
v 0.14824 -0.10980 0.04667
v 0.14824 -0.10706 0.01373
v 0.14824 -0.10706 0.01510
v 0.14824 -0.10569 0.01578
v 0.14824 -0.10706 0.04118
v 0.14824 -0.10569 0.04049
v 0.14824 -0.10706 0.04255
v 0.14824 -0.10431 0.01647
v 0.14824 -0.10431 0.01784
v 0.14824 -0.10431 0.01922
v 0.14824 -0.10431 0.02059
v 0.14824 -0.10431 0.02196
v 0.14824 -0.10431 0.02333
v 0.14686 -0.10294 0.02471
v 0.14824 -0.10294 0.02402
v 0.14686 -0.10294 0.02608
v 0.14686 -0.10294 0.03569
v 0.14824 -0.10431 0.03569
v 0.14824 -0.10294 0.03500
v 0.14824 -0.10431 0.03706
v 0.14824 -0.10431 0.03843
v 0.14824 -0.10431 0.03980
v 0.14824 -0.10157 0.02471
v 0.14824 -0.10157 0.02608
v 0.14824 -0.10157 0.02745
v 0.14824 -0.10157 0.02882
v 0.14824 -0.10157 0.03020
v 0.14824 -0.10157 0.03157
v 0.14824 -0.10157 0.03294
v 0.14824 -0.10157 0.03431
v 0.15098 -0.14000 0.01922
v 0.15098 -0.13863 0.01853
v 0.15098 -0.14000 0.02059
v 0.15098 -0.14000 0.02196
v 0.15098 -0.14000 0.02333
v 0.15098 -0.14000 0.02471
v 0.15098 -0.14000 0.02608
v 0.15098 -0.14000 0.02745
v 0.15098 -0.14000 0.02882
v 0.15098 -0.14000 0.03020
v 0.15098 -0.14000 0.03157
v 0.15098 -0.14000 0.03294
v 0.15098 -0.13863 0.03363
v 0.15098 -0.13725 0.01510
v 0.15098 -0.13588 0.01441
v 0.15098 -0.13725 0.01647
v 0.15098 -0.13725 0.01784
v 0.15098 -0.13725 0.03431
v 0.15098 -0.13725 0.03569
v 0.15098 -0.13725 0.03706
v 0.15098 -0.13725 0.03843
v 0.15098 -0.13725 0.03980
v 0.15098 -0.13725 0.04118
v 0.15098 -0.13588 0.04186
v 0.15098 -0.13451 0.01235
v 0.15098 -0.13314 0.01167
v 0.15098 -0.13451 0.01373
v 0.15098 -0.13451 0.04255
v 0.14961 -0.13314 0.04392
v 0.15098 -0.13451 0.04392
v 0.15098 -0.13314 0.04461
v 0.15098 -0.13176 0.00961
v 0.15098 -0.13039 0.00892
v 0.15098 -0.13176 0.01098
v 0.15098 -0.13176 0.04529
v 0.15098 -0.13176 0.04667
v 0.15098 -0.13039 0.04735
v 0.14961 -0.12765 0.00686
v 0.15098 -0.12902 0.00686
v 0.15098 -0.12765 0.00618
v 0.15098 -0.12902 0.00824
v 0.15098 -0.12902 0.04804
v 0.14961 -0.12765 0.04941
v 0.15098 -0.12765 0.04873
v 0.14961 -0.12490 0.00549
v 0.15098 -0.12627 0.00549
v 0.15098 -0.12490 0.00480
v 0.15098 -0.12627 0.04941
v 0.15098 -0.12627 0.05078
v 0.14961 -0.12490 0.05216
v 0.15098 -0.12627 0.05216
v 0.15098 -0.12490 0.05284
v 0.14961 -0.12216 0.00412
v 0.15098 -0.12353 0.00412
v 0.15098 -0.12216 0.00343
v 0.15098 -0.12353 0.05353
v 0.15098 -0.12216 0.05422
v 0.14961 -0.11941 0.00412
v 0.15098 -0.11941 0.00343
v 0.15098 -0.12078 0.05490
v 0.15098 -0.12078 0.05627
v 0.15098 -0.11941 0.05696
v 0.15098 -0.11804 0.00412
v 0.15098 -0.11667 0.00480
v 0.14961 -0.11667 0.05353
v 0.15098 -0.11804 0.05490
v 0.15098 -0.11667 0.05422
v 0.15098 -0.11804 0.05627
v 0.15098 -0.11529 0.00549
v 0.15098 -0.11392 0.00618
v 0.14961 -0.11392 0.05078
v 0.15098 -0.11529 0.05216
v 0.15098 -0.11392 0.05147
v 0.15098 -0.11529 0.05353
v 0.15098 -0.11255 0.00686
v 0.15098 -0.11255 0.00824
v 0.15098 -0.11255 0.00961
v 0.15098 -0.11118 0.01029
v 0.15098 -0.11255 0.04804
v 0.15098 -0.11118 0.04735
v 0.15098 -0.11255 0.04941
v 0.15098 -0.11255 0.05078
v 0.15098 -0.10980 0.01098
v 0.15098 -0.10980 0.01235
v 0.15098 -0.10843 0.01304
v 0.14961 -0.10843 0.04392
v 0.15098 -0.10980 0.04529
v 0.15098 -0.10843 0.04461
v 0.15098 -0.10980 0.04667
v 0.15098 -0.10706 0.01373
v 0.15098 -0.10706 0.01510
v 0.15098 -0.10569 0.01578
v 0.15098 -0.10706 0.04118
v 0.15098 -0.10569 0.04049
v 0.15098 -0.10706 0.04255
v 0.15098 -0.10706 0.04392
v 0.15098 -0.10431 0.01647
v 0.15098 -0.10431 0.01784
v 0.15098 -0.10431 0.01922
v 0.15098 -0.10431 0.02059
v 0.15098 -0.10431 0.02196
v 0.15098 -0.10431 0.02333
v 0.14961 -0.10294 0.02471
v 0.15098 -0.10431 0.02471
v 0.15098 -0.10294 0.02539
v 0.15098 -0.10431 0.03569
v 0.15098 -0.10294 0.03500
v 0.15098 -0.10431 0.03706
v 0.15098 -0.10431 0.03843
v 0.15098 -0.10431 0.03980
v 0.15098 -0.10157 0.02608
v 0.15098 -0.10157 0.02745
v 0.15098 -0.10157 0.02882
v 0.15098 -0.10157 0.03020
v 0.15098 -0.10157 0.03157
v 0.15098 -0.10157 0.03294
v 0.15098 -0.10157 0.03431
v 0.15373 -0.14000 0.01922
v 0.15373 -0.13863 0.01853
v 0.15373 -0.14000 0.02059
v 0.15373 -0.14000 0.02196
v 0.15373 -0.14000 0.02333
v 0.15373 -0.14000 0.02471
v 0.15373 -0.14000 0.02608
v 0.15373 -0.14000 0.02745
v 0.15373 -0.14000 0.02882
v 0.15373 -0.14000 0.03020
v 0.15373 -0.14000 0.03157
v 0.15373 -0.14000 0.03294
v 0.15235 -0.13863 0.03431
v 0.15373 -0.14000 0.03431
v 0.15373 -0.13863 0.03500
v 0.15235 -0.13588 0.01373
v 0.15373 -0.13725 0.01373
v 0.15373 -0.13588 0.01304
v 0.15373 -0.13725 0.01510
v 0.15373 -0.13725 0.01647
v 0.15373 -0.13725 0.01784
v 0.15373 -0.13725 0.03569
v 0.15373 -0.13725 0.03706
v 0.15373 -0.13725 0.03843
v 0.15373 -0.13725 0.03980
v 0.15373 -0.13725 0.04118
v 0.15373 -0.13588 0.04186
v 0.15373 -0.13451 0.01235
v 0.15373 -0.13314 0.01167
v 0.15373 -0.13451 0.04255
v 0.15373 -0.13451 0.04392
v 0.15373 -0.13314 0.04461
v 0.15373 -0.13176 0.00961
v 0.15373 -0.13039 0.00892
v 0.15373 -0.13176 0.01098
v 0.15373 -0.13176 0.04529
v 0.15235 -0.13039 0.04667
v 0.15373 -0.13039 0.04598
v 0.15373 -0.12902 0.00686
v 0.15373 -0.12765 0.00618
v 0.15373 -0.12902 0.00824
v 0.15373 -0.12902 0.04667
v 0.15373 -0.12902 0.04804
v 0.15235 -0.12765 0.04941
v 0.15373 -0.12902 0.04941
v 0.15373 -0.12765 0.05010
v 0.15235 -0.12490 0.00412
v 0.15373 -0.12627 0.00412
v 0.15373 -0.12490 0.00343
v 0.15373 -0.12627 0.00549
v 0.15373 -0.12627 0.05078
v 0.15235 -0.12490 0.05216
v 0.15373 -0.12490 0.05147
v 0.15235 -0.12216 0.00275
v 0.15373 -0.12353 0.00275
v 0.15373 -0.12216 0.00206
v 0.15373 -0.12353 0.05216
v 0.15373 -0.12353 0.05353
v 0.15373 -0.12216 0.05422
v 0.15235 -0.11941 0.00275
v 0.15373 -0.11941 0.00206
v 0.15373 -0.12078 0.05490
v 0.15373 -0.12078 0.05627
v 0.15373 -0.11941 0.05696
v 0.15373 -0.11804 0.00275
v 0.15235 -0.11667 0.00412
v 0.15373 -0.11667 0.00343
v 0.15373 -0.11804 0.05490
v 0.15373 -0.11667 0.05422
v 0.15373 -0.11804 0.05627
v 0.15373 -0.11529 0.00412
v 0.15373 -0.11529 0.00549
v 0.15235 -0.11392 0.00686
v 0.15373 -0.11529 0.00686
v 0.15373 -0.11392 0.00755
v 0.15373 -0.11529 0.05216
v 0.15373 -0.11392 0.05147
v 0.15373 -0.11529 0.05353
v 0.15373 -0.11255 0.00824
v 0.15235 -0.11118 0.00961
v 0.15373 -0.11118 0.00892
v 0.15373 -0.11255 0.04804
v 0.15373 -0.11118 0.04735
v 0.15373 -0.11255 0.04941
v 0.15373 -0.11255 0.05078
v 0.15373 -0.10980 0.00961
v 0.15373 -0.10980 0.01098
v 0.15373 -0.10980 0.01235
v 0.15373 -0.10843 0.01304
v 0.15373 -0.10980 0.04529
v 0.15373 -0.10843 0.04461
v 0.15373 -0.10980 0.04667
v 0.15373 -0.10706 0.01373
v 0.15235 -0.10569 0.01510
v 0.15373 -0.10569 0.01441
v 0.15235 -0.10569 0.04118
v 0.15373 -0.10706 0.04255
v 0.15373 -0.10569 0.04186
v 0.15373 -0.10706 0.04392
v 0.15373 -0.10431 0.01510
v 0.15373 -0.10431 0.01647
v 0.15373 -0.10431 0.01784
v 0.15373 -0.10431 0.01922
v 0.15373 -0.10431 0.02059
v 0.15373 -0.10431 0.02196
v 0.15235 -0.10294 0.02333
v 0.15373 -0.10294 0.02265
v 0.15235 -0.10294 0.02471
v 0.15373 -0.10431 0.03569
v 0.15373 -0.10294 0.03500
v 0.15373 -0.10431 0.03706
v 0.15373 -0.10431 0.03843
v 0.15373 -0.10431 0.03980
v 0.15373 -0.10431 0.04118
v 0.15373 -0.10157 0.02333
v 0.15373 -0.10157 0.02471
v 0.15373 -0.10157 0.02608
v 0.15373 -0.10157 0.02745
v 0.15373 -0.10157 0.02882
v 0.15373 -0.10157 0.03020
v 0.15373 -0.10157 0.03157
v 0.15373 -0.10157 0.03294
v 0.15373 -0.10157 0.03431
v 0.15510 -0.13863 0.01784
v 0.15647 -0.14000 0.01784
v 0.15647 -0.13863 0.01716
v 0.15647 -0.14000 0.01922
v 0.15647 -0.14000 0.02059
v 0.15647 -0.14000 0.02196
v 0.15647 -0.14000 0.02333
v 0.15647 -0.14000 0.02471
v 0.15647 -0.14000 0.02608
v 0.15647 -0.14000 0.02745
v 0.15647 -0.14000 0.02882
v 0.15647 -0.14000 0.03020
v 0.15647 -0.14000 0.03157
v 0.15647 -0.14000 0.03294
v 0.15647 -0.14000 0.03431
v 0.15510 -0.13863 0.03569
v 0.15647 -0.14000 0.03569
v 0.15647 -0.13863 0.03637
v 0.15647 -0.13725 0.01373
v 0.15647 -0.13588 0.01304
v 0.15647 -0.13725 0.01510
v 0.15647 -0.13725 0.01647
v 0.15647 -0.13725 0.03706
v 0.15647 -0.13725 0.03843
v 0.15647 -0.13725 0.03980
v 0.15647 -0.13725 0.04118
v 0.15647 -0.13588 0.04186
v 0.15510 -0.13314 0.01098
v 0.15647 -0.13451 0.01098
v 0.15647 -0.13314 0.01029
v 0.15647 -0.13451 0.01235
v 0.15647 -0.13451 0.04255
v 0.15510 -0.13314 0.04392
v 0.15647 -0.13314 0.04324
v 0.15647 -0.13176 0.00961
v 0.15647 -0.13039 0.00892
v 0.15647 -0.13176 0.04392
v 0.15647 -0.13176 0.04529
v 0.15510 -0.13039 0.04667
v 0.15647 -0.13176 0.04667
v 0.15647 -0.13039 0.04735
v 0.15647 -0.12902 0.00686
v 0.15647 -0.12765 0.00618
v 0.15647 -0.12902 0.00824
v 0.15647 -0.12902 0.04804
v 0.15647 -0.12902 0.04941
v 0.15647 -0.12765 0.05010
v 0.15647 -0.12627 0.00412
v 0.15647 -0.12490 0.00343
v 0.15647 -0.12627 0.00549
v 0.15647 -0.12627 0.05078
v 0.15510 -0.12490 0.05216
v 0.15647 -0.12627 0.05216
v 0.15647 -0.12490 0.05284
v 0.15647 -0.12353 0.00275
v 0.15647 -0.12216 0.00206
v 0.15647 -0.12353 0.05353
v 0.15510 -0.12216 0.05490
v 0.15647 -0.12353 0.05490
v 0.15647 -0.12216 0.05559
v 0.15510 -0.11941 0.00137
v 0.15647 -0.12078 0.00137
v 0.15647 -0.11941 0.00069
v 0.15647 -0.12078 0.05627
v 0.15647 -0.11941 0.05696
v 0.15647 -0.11804 0.00137
v 0.15647 -0.11804 0.00275
v 0.15510 -0.11667 0.00412
v 0.15647 -0.11804 0.00412
v 0.15647 -0.11667 0.00480
v 0.15647 -0.11804 0.05490
v 0.15647 -0.11667 0.05422
v 0.15647 -0.11804 0.05627
v 0.15647 -0.11529 0.00549
v 0.15647 -0.11529 0.00686
v 0.15647 -0.11392 0.00755
v 0.15647 -0.11529 0.05216
v 0.15647 -0.11392 0.05147
v 0.15647 -0.11529 0.05353
v 0.15647 -0.11255 0.00824
v 0.15510 -0.11118 0.00961
v 0.15647 -0.11255 0.00961
v 0.15647 -0.11118 0.01029
v 0.15510 -0.11118 0.04804
v 0.15647 -0.11255 0.04941
v 0.15647 -0.11118 0.04873
v 0.15647 -0.11255 0.05078
v 0.15647 -0.10980 0.01098
v 0.15510 -0.10843 0.01235
v 0.15647 -0.10843 0.01167
v 0.15647 -0.10980 0.04529
v 0.15647 -0.10843 0.04461
v 0.15647 -0.10980 0.04667
v 0.15647 -0.10980 0.04804
v 0.15647 -0.10706 0.01235
v 0.15647 -0.10706 0.01373
v 0.15510 -0.10569 0.01510
v 0.15647 -0.10706 0.01510
v 0.15647 -0.10569 0.01578
v 0.15647 -0.10706 0.04255
v 0.15647 -0.10569 0.04186
v 0.15647 -0.10706 0.04392
v 0.15647 -0.10431 0.01647
v 0.15647 -0.10431 0.01784
v 0.15647 -0.10431 0.01922
v 0.15647 -0.10431 0.02059
v 0.15510 -0.10294 0.02196
v 0.15647 -0.10294 0.02127
v 0.15510 -0.10294 0.03569
v 0.15647 -0.10431 0.03706
v 0.15647 -0.10294 0.03637
v 0.15647 -0.10431 0.03843
v 0.15647 -0.10431 0.03980
v 0.15647 -0.10431 0.04118
v 0.15647 -0.10157 0.02196
v 0.15647 -0.10157 0.02333
v 0.15647 -0.10157 0.02471
v 0.15647 -0.10157 0.02608
v 0.15647 -0.10157 0.02745
v 0.15647 -0.10157 0.02882
v 0.15647 -0.10157 0.03020
v 0.15647 -0.10157 0.03157
v 0.15647 -0.10157 0.03294
v 0.15647 -0.10157 0.03431
v 0.15647 -0.10157 0.03569
v 0.15784 -0.14137 0.02333
v 0.15922 -0.14275 0.02333
v 0.15922 -0.14137 0.02265
v 0.15784 -0.14137 0.02471
v 0.15922 -0.14275 0.02471
v 0.15784 -0.14137 0.02608
v 0.15922 -0.14275 0.02608
v 0.15922 -0.14137 0.02676
v 0.15922 -0.14000 0.01784
v 0.15922 -0.13863 0.01716
v 0.15922 -0.14000 0.01922
v 0.15922 -0.14000 0.02059
v 0.15922 -0.14000 0.02196
v 0.15922 -0.14000 0.02745
v 0.15922 -0.14000 0.02882
v 0.15922 -0.14000 0.03020
v 0.15922 -0.14000 0.03157
v 0.15922 -0.14000 0.03294
v 0.15922 -0.14000 0.03431
v 0.15922 -0.14000 0.03569
v 0.15784 -0.13863 0.03706
v 0.15922 -0.14000 0.03706
v 0.15922 -0.13863 0.03775
v 0.15784 -0.13588 0.01235
v 0.15922 -0.13725 0.01235
v 0.15922 -0.13588 0.01167
v 0.15922 -0.13725 0.01373
v 0.15922 -0.13725 0.01510
v 0.15922 -0.13725 0.01647
v 0.15922 -0.13725 0.03843
v 0.15922 -0.13725 0.03980
v 0.15922 -0.13725 0.04118
v 0.15922 -0.13588 0.04186
v 0.15922 -0.13451 0.01098
v 0.15922 -0.13314 0.01029
v 0.15922 -0.13451 0.04255
v 0.15784 -0.13314 0.04392
v 0.15922 -0.13451 0.04392
v 0.15922 -0.13314 0.04461
v 0.15784 -0.13039 0.00824
v 0.15922 -0.13176 0.00824
v 0.15922 -0.13039 0.00755
v 0.15922 -0.13176 0.00961
v 0.15922 -0.13176 0.04529
v 0.15922 -0.13176 0.04667
v 0.15784 -0.13039 0.04804
v 0.15922 -0.13176 0.04804
v 0.15922 -0.13039 0.04873
v 0.15922 -0.12902 0.00686
v 0.15922 -0.12765 0.00618
v 0.15922 -0.12902 0.04941
v 0.15922 -0.12765 0.05010
v 0.15922 -0.12627 0.00412
v 0.15922 -0.12490 0.00343
v 0.15922 -0.12627 0.00549
v 0.15922 -0.12627 0.05078
v 0.15922 -0.12627 0.05216
v 0.15922 -0.12490 0.05284
v 0.15784 -0.12216 0.00137
v 0.15922 -0.12353 0.00137
v 0.15922 -0.12216 0.00069
v 0.15922 -0.12353 0.00275
v 0.15922 -0.12353 0.05353
v 0.15922 -0.12353 0.05490
v 0.15922 -0.12216 0.05559
v 0.15922 -0.11941 0.00069
v 0.15922 -0.12078 0.05627
v 0.15922 -0.11941 0.05696
v 0.15922 -0.11804 0.00137
v 0.15922 -0.11804 0.00275
v 0.15922 -0.11804 0.00412
v 0.15922 -0.11667 0.00480
v 0.15922 -0.11804 0.05490
v 0.15922 -0.11667 0.05422
v 0.15922 -0.11804 0.05627
v 0.15922 -0.11529 0.00549
v 0.15784 -0.11392 0.00686
v 0.15922 -0.11392 0.00618
v 0.15922 -0.11529 0.05216
v 0.15922 -0.11392 0.05147
v 0.15922 -0.11529 0.05353
v 0.15922 -0.11255 0.00686
v 0.15922 -0.11255 0.00824
v 0.15784 -0.11118 0.00961
v 0.15922 -0.11118 0.00892
v 0.15922 -0.11255 0.04941
v 0.15922 -0.11118 0.04873
v 0.15922 -0.11255 0.05078
v 0.15922 -0.10980 0.00961
v 0.15922 -0.10980 0.01098
v 0.15784 -0.10843 0.01235
v 0.15922 -0.10980 0.01235
v 0.15922 -0.10843 0.01304
v 0.15784 -0.10843 0.04529
v 0.15922 -0.10980 0.04667
v 0.15922 -0.10843 0.04598
v 0.15922 -0.10980 0.04804
v 0.15922 -0.10706 0.01373
v 0.15784 -0.10569 0.01510
v 0.15922 -0.10569 0.01441
v 0.15784 -0.10569 0.04255
v 0.15922 -0.10706 0.04392
v 0.15922 -0.10569 0.04324
v 0.15922 -0.10706 0.04529
v 0.15922 -0.10431 0.01510
v 0.15922 -0.10431 0.01647
v 0.15922 -0.10431 0.01784
v 0.15922 -0.10431 0.01922
v 0.15922 -0.10431 0.02059
v 0.15922 -0.10294 0.02127
v 0.15784 -0.10294 0.03706
v 0.15922 -0.10431 0.03843
v 0.15922 -0.10294 0.03775
v 0.15922 -0.10431 0.03980
v 0.15922 -0.10431 0.04118
v 0.15922 -0.10431 0.04255
v 0.15922 -0.10157 0.02196
v 0.15922 -0.10157 0.02333
v 0.15922 -0.10157 0.02471
v 0.15922 -0.10157 0.02608
v 0.15922 -0.10157 0.02745
v 0.15922 -0.10157 0.02882
v 0.15922 -0.10157 0.03020
v 0.15922 -0.10157 0.03157
v 0.15922 -0.10157 0.03294
v 0.15922 -0.10157 0.03431
v 0.15922 -0.10157 0.03569
v 0.15922 -0.10157 0.03706
v 0.16059 -0.14137 0.02333
v 0.16059 -0.14137 0.02471
v 0.16059 -0.14137 0.02608
v 0.16059 -0.13863 0.01647
v 0.16196 -0.14000 0.01647
v 0.16196 -0.13863 0.01578
v 0.16196 -0.14000 0.01784
v 0.16196 -0.14000 0.01922
v 0.16196 -0.14000 0.02059
v 0.16196 -0.14000 0.02196
v 0.16196 -0.14000 0.02333
v 0.16196 -0.14000 0.02471
v 0.16196 -0.14000 0.02608
v 0.16196 -0.14000 0.02745
v 0.16196 -0.14000 0.02882
v 0.16196 -0.14000 0.03020
v 0.16196 -0.14000 0.03157
v 0.16196 -0.14000 0.03294
v 0.16196 -0.14000 0.03431
v 0.16196 -0.14000 0.03569
v 0.16196 -0.14000 0.03706
v 0.16196 -0.13863 0.03775
v 0.16196 -0.13725 0.01235
v 0.16196 -0.13588 0.01167
v 0.16196 -0.13725 0.01373
v 0.16196 -0.13725 0.01510
v 0.16196 -0.13725 0.03843
v 0.16196 -0.13725 0.03980
v 0.16196 -0.13725 0.04118
v 0.16059 -0.13588 0.04255
v 0.16196 -0.13725 0.04255
v 0.16196 -0.13588 0.04324
v 0.16059 -0.13314 0.00961
v 0.16196 -0.13451 0.00961
v 0.16196 -0.13314 0.00892
v 0.16196 -0.13451 0.01098
v 0.16196 -0.13451 0.04392
v 0.16059 -0.13314 0.04529
v 0.16196 -0.13451 0.04529
v 0.16196 -0.13314 0.04598
v 0.16196 -0.13176 0.00824
v 0.16196 -0.13039 0.00755
v 0.16196 -0.13176 0.04667
v 0.16059 -0.13039 0.04804
v 0.16196 -0.13039 0.04735
v 0.16059 -0.12765 0.00549
v 0.16196 -0.12902 0.00549
v 0.16196 -0.12765 0.00480
v 0.16196 -0.12902 0.00686
v 0.16196 -0.12902 0.04804
v 0.16196 -0.12902 0.04941
v 0.16196 -0.12765 0.05010
v 0.16059 -0.12490 0.00275
v 0.16196 -0.12627 0.00275
v 0.16196 -0.12490 0.00206
v 0.16196 -0.12627 0.00412
v 0.16196 -0.12627 0.05078
v 0.16196 -0.12627 0.05216
v 0.16196 -0.12490 0.05284
v 0.16059 -0.12216 0.00000
v 0.16196 -0.12353 0.00000
v 0.16196 -0.12216 -0.00069
v 0.16196 -0.12353 0.00137
v 0.16196 -0.12353 0.05353
v 0.16196 -0.12353 0.05490
v 0.16196 -0.12216 0.05559
v 0.16196 -0.12078 0.00000
v 0.16059 -0.11941 0.00137
v 0.16196 -0.12078 0.00137
v 0.16196 -0.11941 0.00206
v 0.16196 -0.12078 0.05627
v 0.16196 -0.11941 0.05696
v 0.16196 -0.11804 0.00275
v 0.16059 -0.11667 0.00412
v 0.16196 -0.11667 0.00343
v 0.16196 -0.11804 0.05490
v 0.16196 -0.11667 0.05422
v 0.16196 -0.11804 0.05627
v 0.16196 -0.11529 0.00412
v 0.16196 -0.11529 0.00549
v 0.16196 -0.11392 0.00618
v 0.16196 -0.11529 0.05216
v 0.16196 -0.11392 0.05147
v 0.16196 -0.11529 0.05353
v 0.16196 -0.11255 0.00686
v 0.16196 -0.11255 0.00824
v 0.16196 -0.11118 0.00892
v 0.16196 -0.11255 0.04941
v 0.16196 -0.11118 0.04873
v 0.16196 -0.11255 0.05078
v 0.16196 -0.10980 0.00961
v 0.16196 -0.10980 0.01098
v 0.16059 -0.10843 0.01235
v 0.16196 -0.10843 0.01167
v 0.16196 -0.10980 0.04667
v 0.16196 -0.10843 0.04598
v 0.16196 -0.10980 0.04804
v 0.16196 -0.10706 0.01235
v 0.16059 -0.10569 0.01373
v 0.16196 -0.10569 0.01304
v 0.16196 -0.10706 0.04392
v 0.16196 -0.10569 0.04324
v 0.16196 -0.10706 0.04529
v 0.16196 -0.10431 0.01373
v 0.16196 -0.10431 0.01510
v 0.16196 -0.10431 0.01647
v 0.16196 -0.10431 0.01784
v 0.16196 -0.10431 0.01922
v 0.16059 -0.10294 0.02059
v 0.16196 -0.10294 0.01990
v 0.16059 -0.10294 0.03843
v 0.16196 -0.10431 0.03980
v 0.16196 -0.10294 0.03912
v 0.16196 -0.10431 0.04118
v 0.16196 -0.10431 0.04255
v 0.16196 -0.10157 0.02059
v 0.16196 -0.10157 0.02196
v 0.16196 -0.10157 0.02333
v 0.16196 -0.10157 0.02471
v 0.16196 -0.10157 0.02608
v 0.16196 -0.10157 0.02745
v 0.16196 -0.10157 0.02882
v 0.16196 -0.10157 0.03020
v 0.16196 -0.10157 0.03157
v 0.16196 -0.10157 0.03294
v 0.16196 -0.10157 0.03431
v 0.16196 -0.10157 0.03569
v 0.16196 -0.10157 0.03706
v 0.16196 -0.10157 0.03843
v 0.16333 -0.14137 0.02471
v 0.16471 -0.14275 0.02471
v 0.16471 -0.14137 0.02402
v 0.16333 -0.14137 0.02608
v 0.16471 -0.14275 0.02608
v 0.16471 -0.14137 0.02676
v 0.16471 -0.14000 0.01647
v 0.16471 -0.13863 0.01578
v 0.16471 -0.14000 0.01784
v 0.16471 -0.14000 0.01922
v 0.16471 -0.14000 0.02059
v 0.16471 -0.14000 0.02196
v 0.16471 -0.14000 0.02333
v 0.16471 -0.14000 0.02745
v 0.16471 -0.14000 0.02882
v 0.16471 -0.14000 0.03020
v 0.16471 -0.14000 0.03157
v 0.16471 -0.14000 0.03294
v 0.16471 -0.14000 0.03431
v 0.16471 -0.14000 0.03569
v 0.16471 -0.14000 0.03706
v 0.16471 -0.13863 0.03775
v 0.16471 -0.13725 0.01235
v 0.16471 -0.13588 0.01167
v 0.16471 -0.13725 0.01373
v 0.16471 -0.13725 0.01510
v 0.16471 -0.13725 0.03843
v 0.16471 -0.13725 0.03980
v 0.16471 -0.13725 0.04118
v 0.16471 -0.13725 0.04255
v 0.16471 -0.13588 0.04324
v 0.16471 -0.13451 0.00961
v 0.16471 -0.13314 0.00892
v 0.16471 -0.13451 0.01098
v 0.16471 -0.13451 0.04392
v 0.16333 -0.13314 0.04529
v 0.16471 -0.13314 0.04461
v 0.16333 -0.13039 0.00686
v 0.16471 -0.13176 0.00686
v 0.16471 -0.13039 0.00618
v 0.16471 -0.13176 0.00824
v 0.16471 -0.13176 0.04529
v 0.16471 -0.13176 0.04667
v 0.16333 -0.13039 0.04804
v 0.16471 -0.13176 0.04804
v 0.16471 -0.13039 0.04873
v 0.16471 -0.12902 0.00549
v 0.16471 -0.12765 0.00480
v 0.16471 -0.12902 0.04941
v 0.16471 -0.12765 0.05010
v 0.16471 -0.12627 0.00275
v 0.16471 -0.12490 0.00206
v 0.16471 -0.12627 0.00412
v 0.16471 -0.12627 0.05078
v 0.16471 -0.12627 0.05216
v 0.16471 -0.12490 0.05284
v 0.16471 -0.12353 0.00000
v 0.16471 -0.12216 -0.00069
v 0.16471 -0.12353 0.00137
v 0.16471 -0.12353 0.05353
v 0.16471 -0.12353 0.05490
v 0.16471 -0.12216 0.05559
v 0.16471 -0.12078 0.00000
v 0.16333 -0.11941 0.00137
v 0.16471 -0.11941 0.00069
v 0.16333 -0.11941 0.05627
v 0.16471 -0.11941 0.05559
v 0.16471 -0.11804 0.00137
v 0.16471 -0.11804 0.00275
v 0.16471 -0.11667 0.00343
v 0.16333 -0.11667 0.05490
v 0.16471 -0.11667 0.05559
v 0.16471 -0.11529 0.00412
v 0.16333 -0.11392 0.00549
v 0.16471 -0.11392 0.00480
v 0.16333 -0.11392 0.05216
v 0.16471 -0.11529 0.05353
v 0.16471 -0.11392 0.05284
v 0.16471 -0.11529 0.05490
v 0.16471 -0.11255 0.00549
v 0.16471 -0.11255 0.00686
v 0.16333 -0.11118 0.00824
v 0.16471 -0.11118 0.00755
v 0.16471 -0.11255 0.04941
v 0.16471 -0.11118 0.04873
v 0.16471 -0.11255 0.05078
v 0.16471 -0.11255 0.05216
v 0.16471 -0.10980 0.00824
v 0.16471 -0.10980 0.00961
v 0.16333 -0.10843 0.01098
v 0.16471 -0.10843 0.01029
v 0.16471 -0.10980 0.04667
v 0.16471 -0.10843 0.04598
v 0.16471 -0.10980 0.04804
v 0.16471 -0.10706 0.01098
v 0.16471 -0.10706 0.01235
v 0.16471 -0.10569 0.01304
v 0.16471 -0.10706 0.04392
v 0.16471 -0.10569 0.04324
v 0.16471 -0.10706 0.04529
v 0.16471 -0.10431 0.01373
v 0.16471 -0.10431 0.01510
v 0.16471 -0.10431 0.01647
v 0.16471 -0.10431 0.01784
v 0.16471 -0.10431 0.01922
v 0.16471 -0.10294 0.01990
v 0.16471 -0.10431 0.03980
v 0.16471 -0.10294 0.03912
v 0.16471 -0.10431 0.04118
v 0.16471 -0.10431 0.04255
v 0.16471 -0.10157 0.02059
v 0.16471 -0.10157 0.02196
v 0.16471 -0.10157 0.02333
v 0.16471 -0.10157 0.02471
v 0.16471 -0.10157 0.02608
v 0.16471 -0.10157 0.02745
v 0.16471 -0.10157 0.02882
v 0.16471 -0.10157 0.03020
v 0.16471 -0.10157 0.03157
v 0.16471 -0.10157 0.03294
v 0.16471 -0.10157 0.03431
v 0.16471 -0.10157 0.03569
v 0.16471 -0.10157 0.03706
v 0.16471 -0.10157 0.03843
v 0.16608 -0.14137 0.02471
v 0.16608 -0.14137 0.02608
v 0.16608 -0.13863 0.01647
v 0.16745 -0.14000 0.01784
v 0.16745 -0.13863 0.01716
v 0.16745 -0.14000 0.01922
v 0.16745 -0.14000 0.02059
v 0.16745 -0.14000 0.02196
v 0.16745 -0.14000 0.02333
v 0.16745 -0.14000 0.02471
v 0.16745 -0.14000 0.02608
v 0.16745 -0.14000 0.02745
v 0.16745 -0.14000 0.02882
v 0.16745 -0.14000 0.03020
v 0.16745 -0.14000 0.03157
v 0.16745 -0.14000 0.03294
v 0.16745 -0.14000 0.03431
v 0.16745 -0.14000 0.03569
v 0.16608 -0.13863 0.03706
v 0.16745 -0.13863 0.03637
v 0.16745 -0.13725 0.01235
v 0.16745 -0.13588 0.01167
v 0.16745 -0.13725 0.01373
v 0.16745 -0.13725 0.01510
v 0.16745 -0.13725 0.01647
v 0.16745 -0.13725 0.03706
v 0.16745 -0.13725 0.03843
v 0.16745 -0.13725 0.03980
v 0.16745 -0.13725 0.04118
v 0.16608 -0.13588 0.04255
v 0.16745 -0.13588 0.04186
v 0.16745 -0.13451 0.00961
v 0.16745 -0.13314 0.00892
v 0.16745 -0.13451 0.01098
v 0.16745 -0.13451 0.04255
v 0.16745 -0.13451 0.04392
v 0.16608 -0.13314 0.04529
v 0.16745 -0.13451 0.04529
v 0.16745 -0.13314 0.04598
v 0.16745 -0.13176 0.00686
v 0.16745 -0.13039 0.00618
v 0.16745 -0.13176 0.00824
v 0.16745 -0.13176 0.04667
v 0.16608 -0.13039 0.04804
v 0.16745 -0.13039 0.04735
v 0.16608 -0.12765 0.00412
v 0.16745 -0.12902 0.00412
v 0.16745 -0.12765 0.00343
v 0.16745 -0.12902 0.00549
v 0.16745 -0.12902 0.04804
v 0.16608 -0.12765 0.04941
v 0.16745 -0.12765 0.04873
v 0.16745 -0.12627 0.00275
v 0.16745 -0.12490 0.00206
v 0.16745 -0.12627 0.04941
v 0.16745 -0.12627 0.05078
v 0.16745 -0.12627 0.05216
v 0.16745 -0.12490 0.05284
v 0.16745 -0.12353 0.00000
v 0.16745 -0.12216 -0.00069
v 0.16745 -0.12353 0.00137
v 0.16745 -0.12353 0.05353
v 0.16608 -0.12216 0.05490
v 0.16745 -0.12216 0.05422
v 0.16608 -0.11941 0.00000
v 0.16745 -0.11941 -0.00069
v 0.16745 -0.12078 0.05490
v 0.16745 -0.11941 0.05559
v 0.16745 -0.11804 0.00000
v 0.16745 -0.11804 0.00137
v 0.16608 -0.11667 0.00275
v 0.16745 -0.11667 0.00206
v 0.16608 -0.11667 0.05490
v 0.16745 -0.11804 0.05490
v 0.16745 -0.11667 0.05422
v 0.16745 -0.11529 0.00275
v 0.16745 -0.11529 0.00412
v 0.16745 -0.11392 0.00480
v 0.16608 -0.11392 0.05216
v 0.16745 -0.11529 0.05216
v 0.16745 -0.11392 0.05147
v 0.16745 -0.11529 0.05353
v 0.16745 -0.11255 0.00549
v 0.16745 -0.11255 0.00686
v 0.16745 -0.11118 0.00755
v 0.16745 -0.11255 0.04941
v 0.16745 -0.11118 0.04873
v 0.16745 -0.11255 0.05078
v 0.16745 -0.10980 0.00824
v 0.16745 -0.10980 0.00961
v 0.16745 -0.10843 0.01029
v 0.16608 -0.10843 0.04667
v 0.16745 -0.10980 0.04804
v 0.16745 -0.10843 0.04735
v 0.16745 -0.10706 0.01098
v 0.16745 -0.10706 0.01235
v 0.16745 -0.10569 0.01304
v 0.16745 -0.10706 0.04392
v 0.16745 -0.10569 0.04324
v 0.16745 -0.10706 0.04529
v 0.16745 -0.10706 0.04667
v 0.16745 -0.10431 0.01373
v 0.16745 -0.10431 0.01510
v 0.16745 -0.10431 0.01647
v 0.16608 -0.10294 0.01784
v 0.16745 -0.10294 0.01716
v 0.16608 -0.10294 0.01922
v 0.16608 -0.10294 0.03843
v 0.16745 -0.10431 0.03843
v 0.16745 -0.10294 0.03775
v 0.16745 -0.10431 0.03980
v 0.16745 -0.10431 0.04118
v 0.16745 -0.10431 0.04255
v 0.16745 -0.10157 0.01784
v 0.16745 -0.10157 0.01922
v 0.16745 -0.10157 0.02059
v 0.16745 -0.10157 0.02196
v 0.16745 -0.10157 0.02333
v 0.16745 -0.10157 0.02471
v 0.16745 -0.10157 0.02608
v 0.16745 -0.10157 0.02745
v 0.16745 -0.10157 0.02882
v 0.16745 -0.10157 0.03020
v 0.16745 -0.10157 0.03157
v 0.16745 -0.10157 0.03294
v 0.16745 -0.10157 0.03431
v 0.16745 -0.10157 0.03569
v 0.16745 -0.10157 0.03706
v 0.16882 -0.13863 0.01510
v 0.17020 -0.14000 0.01510
v 0.17020 -0.13863 0.01441
v 0.16882 -0.13863 0.01647
v 0.17020 -0.14000 0.01647
v 0.17020 -0.14000 0.01784
v 0.17020 -0.14000 0.01922
v 0.17020 -0.14000 0.02059
v 0.17020 -0.14000 0.02196
v 0.17020 -0.14000 0.02333
v 0.17020 -0.14000 0.02471
v 0.17020 -0.14000 0.02608
v 0.17020 -0.14000 0.02745
v 0.17020 -0.14000 0.02882
v 0.17020 -0.14000 0.03020
v 0.17020 -0.14000 0.03157
v 0.17020 -0.14000 0.03294
v 0.16882 -0.13863 0.03431
v 0.17020 -0.13863 0.03363
v 0.16882 -0.13863 0.03569
v 0.17020 -0.13725 0.01235
v 0.17020 -0.13588 0.01167
v 0.17020 -0.13725 0.01373
v 0.17020 -0.13725 0.03431
v 0.17020 -0.13725 0.03569
v 0.17020 -0.13725 0.03706
v 0.17020 -0.13725 0.03843
v 0.17020 -0.13725 0.03980
v 0.17020 -0.13725 0.04118
v 0.17020 -0.13588 0.04186
v 0.17020 -0.13451 0.00961
v 0.17020 -0.13314 0.00892
v 0.17020 -0.13451 0.01098
v 0.17020 -0.13451 0.04255
v 0.17020 -0.13451 0.04392
v 0.16882 -0.13314 0.04529
v 0.17020 -0.13314 0.04461
v 0.17020 -0.13176 0.00686
v 0.17020 -0.13039 0.00618
v 0.17020 -0.13176 0.00824
v 0.17020 -0.13176 0.04529
v 0.16882 -0.13039 0.04667
v 0.17020 -0.13039 0.04598
v 0.17020 -0.12902 0.00412
v 0.17020 -0.12765 0.00343
v 0.17020 -0.12902 0.00549
v 0.17020 -0.12902 0.04667
v 0.17020 -0.12902 0.04804
v 0.17020 -0.12765 0.04873
v 0.16882 -0.12490 0.00137
v 0.17020 -0.12627 0.00137
v 0.17020 -0.12490 0.00069
v 0.17020 -0.12627 0.00275
v 0.17020 -0.12627 0.04941
v 0.17020 -0.12627 0.05078
v 0.16882 -0.12490 0.05216
v 0.17020 -0.12490 0.05147
v 0.17020 -0.12353 0.00000
v 0.17020 -0.12216 -0.00069
v 0.17020 -0.12353 0.05216
v 0.16882 -0.12216 0.05353
v 0.17020 -0.12216 0.05284
v 0.17020 -0.11941 -0.00069
v 0.16882 -0.11941 0.05353
v 0.17020 -0.11941 0.05284
v 0.16882 -0.11941 0.05490
v 0.17020 -0.11804 0.00000
v 0.17020 -0.11804 0.00137
v 0.17020 -0.11667 0.00206
v 0.17020 -0.11804 0.05353
v 0.17020 -0.11667 0.05422
v 0.17020 -0.11529 0.00275
v 0.17020 -0.11529 0.00412
v 0.17020 -0.11392 0.00480
v 0.16882 -0.11392 0.05216
v 0.17020 -0.11529 0.05353
v 0.17020 -0.11392 0.05284
v 0.17020 -0.11255 0.00549
v 0.17020 -0.11255 0.00686
v 0.17020 -0.11118 0.00755
v 0.16882 -0.11118 0.04941
v 0.17020 -0.11255 0.05078
v 0.17020 -0.11118 0.05010
v 0.17020 -0.11255 0.05216
v 0.17020 -0.10980 0.00824
v 0.17020 -0.10980 0.00961
v 0.17020 -0.10843 0.01029
v 0.17020 -0.10980 0.04804
v 0.17020 -0.10843 0.04735
v 0.17020 -0.10980 0.04941
v 0.17020 -0.10706 0.01098
v 0.17020 -0.10706 0.01235
v 0.17020 -0.10569 0.01304
v 0.17020 -0.10706 0.04392
v 0.17020 -0.10569 0.04324
v 0.17020 -0.10706 0.04529
v 0.17020 -0.10706 0.04667
v 0.17020 -0.10431 0.01373
v 0.17020 -0.10431 0.01510
v 0.17020 -0.10431 0.01647
v 0.16882 -0.10294 0.01784
v 0.17020 -0.10431 0.01784
v 0.17020 -0.10294 0.01853
v 0.17020 -0.10431 0.03843
v 0.17020 -0.10294 0.03775
v 0.17020 -0.10431 0.03980
v 0.17020 -0.10431 0.04118
v 0.17020 -0.10431 0.04255
v 0.17020 -0.10157 0.01922
v 0.17020 -0.10157 0.02059
v 0.17020 -0.10157 0.02196
v 0.17020 -0.10157 0.02333
v 0.17020 -0.10157 0.02471
v 0.17020 -0.10157 0.02608
v 0.17020 -0.10157 0.02745
v 0.17020 -0.10157 0.02882
v 0.17020 -0.10157 0.03020
v 0.17020 -0.10157 0.03157
v 0.17020 -0.10157 0.03294
v 0.17020 -0.10157 0.03431
v 0.17020 -0.10157 0.03569
v 0.17020 -0.10157 0.03706
v 0.17157 -0.13863 0.01510
v 0.17294 -0.14000 0.01647
v 0.17294 -0.13863 0.01578
v 0.17294 -0.14000 0.01784
v 0.17294 -0.14000 0.01922
v 0.17294 -0.14000 0.02059
v 0.17294 -0.14000 0.02196
v 0.17294 -0.14000 0.02333
v 0.17294 -0.14000 0.02471
v 0.17294 -0.14000 0.02608
v 0.17294 -0.14000 0.02745
v 0.17294 -0.14000 0.02882
v 0.17294 -0.14000 0.03020
v 0.17294 -0.14000 0.03157
v 0.17294 -0.14000 0.03294
v 0.17157 -0.13863 0.03431
v 0.17294 -0.14000 0.03431
v 0.17294 -0.13863 0.03500
v 0.17157 -0.13588 0.01098
v 0.17294 -0.13725 0.01098
v 0.17294 -0.13588 0.01029
v 0.17294 -0.13725 0.01235
v 0.17294 -0.13725 0.01373
v 0.17294 -0.13725 0.01510
v 0.17294 -0.13725 0.03569
v 0.17294 -0.13725 0.03706
v 0.17294 -0.13725 0.03843
v 0.17294 -0.13725 0.03980
v 0.17157 -0.13588 0.04118
v 0.17294 -0.13588 0.04049
v 0.17294 -0.13451 0.00961
v 0.17294 -0.13314 0.00892
v 0.17294 -0.13451 0.04118
v 0.17294 -0.13451 0.04255
v 0.17294 -0.13451 0.04392
v 0.17294 -0.13314 0.04461
v 0.17157 -0.13039 0.00549
v 0.17294 -0.13176 0.00549
v 0.17294 -0.13039 0.00480
v 0.17294 -0.13176 0.00686
v 0.17294 -0.13176 0.00824
v 0.17294 -0.13176 0.04529
v 0.17294 -0.13039 0.04598
v 0.17157 -0.12765 0.00275
v 0.17294 -0.12902 0.00275
v 0.17294 -0.12765 0.00206
v 0.17294 -0.12902 0.00412
v 0.17294 -0.12902 0.04667
v 0.17294 -0.12902 0.04804
v 0.17294 -0.12765 0.04873
v 0.17294 -0.12627 0.00137
v 0.17294 -0.12490 0.00069
v 0.17294 -0.12627 0.04941
v 0.17294 -0.12627 0.05078
v 0.17294 -0.12490 0.05147
v 0.17294 -0.12353 0.00000
v 0.17294 -0.12216 -0.00069
v 0.17294 -0.12353 0.05216
v 0.17294 -0.12216 0.05284
v 0.17294 -0.11941 -0.00069
v 0.17294 -0.11941 0.05284
v 0.17294 -0.11804 0.00000
v 0.17294 -0.11804 0.00137
v 0.17294 -0.11667 0.00206
v 0.17157 -0.11667 0.05353
v 0.17294 -0.11667 0.05284
v 0.17294 -0.11529 0.00275
v 0.17294 -0.11529 0.00412
v 0.17294 -0.11392 0.00480
v 0.17157 -0.11392 0.05216
v 0.17294 -0.11529 0.05216
v 0.17294 -0.11392 0.05147
v 0.17294 -0.11255 0.00549
v 0.17294 -0.11255 0.00686
v 0.17157 -0.11118 0.00824
v 0.17294 -0.11255 0.00824
v 0.17294 -0.11118 0.00892
v 0.17294 -0.11255 0.05078
v 0.17294 -0.11118 0.05010
v 0.17294 -0.10980 0.00961
v 0.17294 -0.10843 0.01029
v 0.17294 -0.10980 0.04804
v 0.17294 -0.10843 0.04735
v 0.17294 -0.10980 0.04941
v 0.17294 -0.10706 0.01098
v 0.17294 -0.10706 0.01235
v 0.17157 -0.10569 0.01373
v 0.17294 -0.10706 0.01373
v 0.17294 -0.10569 0.01441
v 0.17157 -0.10569 0.04392
v 0.17294 -0.10706 0.04529
v 0.17294 -0.10569 0.04461
v 0.17294 -0.10706 0.04667
v 0.17294 -0.10431 0.01510
v 0.17294 -0.10431 0.01647
v 0.17294 -0.10431 0.01784
v 0.17294 -0.10294 0.01853
v 0.17294 -0.10431 0.03843
v 0.17294 -0.10294 0.03775
v 0.17294 -0.10431 0.03980
v 0.17294 -0.10431 0.04118
v 0.17294 -0.10431 0.04255
v 0.17294 -0.10431 0.04392
v 0.17294 -0.10157 0.01922
v 0.17294 -0.10157 0.02059
v 0.17294 -0.10157 0.02196
v 0.17294 -0.10157 0.02333
v 0.17294 -0.10157 0.02471
v 0.17294 -0.10157 0.02608
v 0.17294 -0.10157 0.02745
v 0.17294 -0.10157 0.02882
v 0.17294 -0.10157 0.03020
v 0.17294 -0.10157 0.03157
v 0.17294 -0.10157 0.03294
v 0.17294 -0.10157 0.03431
v 0.17294 -0.10157 0.03569
v 0.17294 -0.10157 0.03706
v 0.17431 -0.13863 0.01647
v 0.17569 -0.14000 0.01784
v 0.17569 -0.13863 0.01716
v 0.17569 -0.14000 0.01922
v 0.17569 -0.14000 0.02059
v 0.17569 -0.14000 0.02196
v 0.17569 -0.14000 0.02333
v 0.17569 -0.14000 0.02471
v 0.17569 -0.14000 0.02608
v 0.17569 -0.14000 0.02745
v 0.17569 -0.14000 0.02882
v 0.17569 -0.14000 0.03020
v 0.17569 -0.14000 0.03157
v 0.17569 -0.14000 0.03294
v 0.17569 -0.14000 0.03431
v 0.17569 -0.13863 0.03500
v 0.17569 -0.13725 0.01098
v 0.17569 -0.13588 0.01029
v 0.17569 -0.13725 0.01235
v 0.17569 -0.13725 0.01373
v 0.17569 -0.13725 0.01510
v 0.17569 -0.13725 0.01647
v 0.17569 -0.13725 0.03569
v 0.17569 -0.13725 0.03706
v 0.17569 -0.13725 0.03843
v 0.17569 -0.13725 0.03980
v 0.17431 -0.13588 0.04118
v 0.17569 -0.13725 0.04118
v 0.17569 -0.13588 0.04186
v 0.17431 -0.13314 0.00824
v 0.17569 -0.13451 0.00824
v 0.17569 -0.13314 0.00755
v 0.17569 -0.13451 0.00961
v 0.17569 -0.13451 0.04255
v 0.17569 -0.13451 0.04392
v 0.17569 -0.13314 0.04461
v 0.17569 -0.13176 0.00549
v 0.17569 -0.13039 0.00480
v 0.17569 -0.13176 0.00686
v 0.17569 -0.13176 0.04529
v 0.17431 -0.13039 0.04667
v 0.17569 -0.13176 0.04667
v 0.17569 -0.13039 0.04735
v 0.17569 -0.12902 0.00275
v 0.17569 -0.12765 0.00206
v 0.17569 -0.12902 0.00412
v 0.17569 -0.12902 0.04804
v 0.17431 -0.12765 0.04941
v 0.17569 -0.12902 0.04941
v 0.17569 -0.12765 0.05010
v 0.17431 -0.12490 0.00000
v 0.17569 -0.12627 0.00000
v 0.17569 -0.12490 -0.00069
v 0.17569 -0.12627 0.00137
v 0.17431 -0.12490 0.05078
v 0.17569 -0.12490 0.05010
v 0.17569 -0.12216 -0.00069
v 0.17569 -0.12353 0.05078
v 0.17431 -0.12216 0.05216
v 0.17569 -0.12216 0.05147
v 0.17569 -0.11941 -0.00069
v 0.17431 -0.11941 0.05216
v 0.17569 -0.11941 0.05147
v 0.17569 -0.11804 0.00000
v 0.17569 -0.11804 0.00137
v 0.17569 -0.11667 0.00206
v 0.17431 -0.11667 0.05216
v 0.17569 -0.11667 0.05147
v 0.17569 -0.11529 0.00275
v 0.17569 -0.11529 0.00412
v 0.17431 -0.11392 0.00549
v 0.17569 -0.11529 0.00549
v 0.17569 -0.11392 0.00618
v 0.17569 -0.11392 0.05147
v 0.17569 -0.11255 0.00686
v 0.17431 -0.11118 0.00824
v 0.17569 -0.11118 0.00755
v 0.17569 -0.11255 0.05078
v 0.17569 -0.11118 0.05010
v 0.17569 -0.10980 0.00824
v 0.17569 -0.10980 0.00961
v 0.17431 -0.10843 0.01098
v 0.17569 -0.10980 0.01098
v 0.17569 -0.10843 0.01167
v 0.17569 -0.10980 0.04804
v 0.17569 -0.10843 0.04735
v 0.17569 -0.10980 0.04941
v 0.17569 -0.10706 0.01235
v 0.17569 -0.10706 0.01373
v 0.17569 -0.10569 0.01441
v 0.17569 -0.10706 0.04529
v 0.17569 -0.10569 0.04461
v 0.17569 -0.10706 0.04667
v 0.17569 -0.10431 0.01510
v 0.17569 -0.10431 0.01647
v 0.17569 -0.10431 0.01784
v 0.17569 -0.10294 0.01853
v 0.17431 -0.10294 0.03843
v 0.17431 -0.10294 0.03980
v 0.17569 -0.10431 0.04118
v 0.17569 -0.10294 0.04049
v 0.17569 -0.10431 0.04255
v 0.17569 -0.10431 0.04392
v 0.17569 -0.10157 0.01922
v 0.17569 -0.10157 0.02059
v 0.17569 -0.10157 0.02196
v 0.17569 -0.10157 0.02333
v 0.17569 -0.10157 0.02471
v 0.17569 -0.10157 0.02608
v 0.17569 -0.10157 0.02745
v 0.17431 -0.10020 0.02882
v 0.17569 -0.10020 0.02814
v 0.17569 -0.10157 0.03020
v 0.17569 -0.10020 0.02951
v 0.17569 -0.10157 0.03157
v 0.17569 -0.10157 0.03294
v 0.17569 -0.10157 0.03431
v 0.17569 -0.10157 0.03569
v 0.17569 -0.10157 0.03706
v 0.17569 -0.10157 0.03843
v 0.17569 -0.10157 0.03980
v 0.17569 -0.09882 0.02882
v 0.17706 -0.14137 0.01922
v 0.17843 -0.14275 0.01922
v 0.17843 -0.14137 0.01853
v 0.17706 -0.14137 0.02059
v 0.17843 -0.14275 0.02059
v 0.17706 -0.14137 0.02196
v 0.17843 -0.14275 0.02196
v 0.17706 -0.14137 0.02333
v 0.17843 -0.14275 0.02333
v 0.17706 -0.14137 0.02471
v 0.17843 -0.14275 0.02471
v 0.17706 -0.14137 0.02608
v 0.17843 -0.14275 0.02608
v 0.17706 -0.14137 0.02745
v 0.17843 -0.14275 0.02745
v 0.17706 -0.14137 0.02882
v 0.17843 -0.14275 0.02882
v 0.17706 -0.14137 0.03020
v 0.17843 -0.14275 0.03020
v 0.17843 -0.14137 0.03088
v 0.17706 -0.13863 0.01373
v 0.17843 -0.14000 0.01373
v 0.17843 -0.13863 0.01304
v 0.17706 -0.13863 0.01510
v 0.17843 -0.14000 0.01510
v 0.17706 -0.13863 0.01647
v 0.17843 -0.14000 0.01647
v 0.17843 -0.14000 0.01784
v 0.17843 -0.14000 0.03157
v 0.17843 -0.14000 0.03294
v 0.17843 -0.14000 0.03431
v 0.17706 -0.13863 0.03569
v 0.17843 -0.14000 0.03569
v 0.17706 -0.13863 0.03706
v 0.17843 -0.14000 0.03706
v 0.17706 -0.13863 0.03843
v 0.17843 -0.14000 0.03843
v 0.17843 -0.13863 0.03912
v 0.17706 -0.13588 0.00961
v 0.17843 -0.13725 0.00961
v 0.17843 -0.13588 0.00892
v 0.17843 -0.13725 0.01098
v 0.17843 -0.13725 0.01235
v 0.17843 -0.13725 0.03980
v 0.17843 -0.13725 0.04118
v 0.17706 -0.13588 0.04255
v 0.17843 -0.13725 0.04255
v 0.17706 -0.13588 0.04392
v 0.17843 -0.13725 0.04392
v 0.17843 -0.13588 0.04461
v 0.17706 -0.13314 0.00686
v 0.17843 -0.13451 0.00686
v 0.17843 -0.13314 0.00618
v 0.17843 -0.13451 0.00824
v 0.17706 -0.13314 0.04529
v 0.17843 -0.13451 0.04529
v 0.17706 -0.13314 0.04667
v 0.17843 -0.13451 0.04667
v 0.17843 -0.13314 0.04735
v 0.17843 -0.13176 0.00549
v 0.17843 -0.13039 0.00480
v 0.17843 -0.13039 0.04735
v 0.17843 -0.12902 0.00275
v 0.17843 -0.12765 0.00206
v 0.17843 -0.12902 0.00412
v 0.17843 -0.12902 0.04804
v 0.17706 -0.12765 0.04941
v 0.17843 -0.12765 0.04873
v 0.17843 -0.12627 0.00000
v 0.17843 -0.12490 -0.00069
v 0.17843 -0.12627 0.00137
v 0.17843 -0.12627 0.04941
v 0.17843 -0.12490 0.05010
v 0.17843 -0.12216 -0.00069
v 0.17706 -0.12216 0.05078
v 0.17843 -0.12216 0.05010
v 0.17843 -0.11941 -0.00069
v 0.17706 -0.11941 0.05078
v 0.17843 -0.11941 0.05010
v 0.17843 -0.11804 0.00000
v 0.17843 -0.11804 0.00137
v 0.17843 -0.11667 0.00206
v 0.17706 -0.11667 0.05078
v 0.17843 -0.11667 0.05010
v 0.17843 -0.11529 0.00275
v 0.17843 -0.11529 0.00412
v 0.17706 -0.11392 0.00549
v 0.17843 -0.11392 0.00480
v 0.17706 -0.11392 0.05078
v 0.17843 -0.11392 0.05010
v 0.17843 -0.11255 0.00549
v 0.17706 -0.11118 0.00686
v 0.17843 -0.11118 0.00618
v 0.17706 -0.11118 0.04941
v 0.17843 -0.11255 0.04941
v 0.17843 -0.11118 0.04873
v 0.17843 -0.10980 0.00686
v 0.17843 -0.10980 0.00824
v 0.17706 -0.10843 0.00961
v 0.17843 -0.10843 0.00892
v 0.17706 -0.10843 0.01098
v 0.17843 -0.10980 0.04804
v 0.17843 -0.10843 0.04735
v 0.17843 -0.10706 0.00961
v 0.17843 -0.10706 0.01098
v 0.17843 -0.10706 0.01235
v 0.17706 -0.10569 0.01373
v 0.17843 -0.10569 0.01304
v 0.17843 -0.10706 0.04529
v 0.17843 -0.10569 0.04461
v 0.17843 -0.10706 0.04667
v 0.17843 -0.10431 0.01373
v 0.17843 -0.10431 0.01510
v 0.17843 -0.10431 0.01647
v 0.17706 -0.10294 0.01784
v 0.17843 -0.10294 0.01716
v 0.17706 -0.10294 0.04118
v 0.17843 -0.10431 0.04255
v 0.17843 -0.10294 0.04186
v 0.17843 -0.10431 0.04392
v 0.17843 -0.10157 0.01784
v 0.17843 -0.10157 0.01922
v 0.17843 -0.10157 0.02059
v 0.17843 -0.10157 0.02196
v 0.17843 -0.10157 0.02333
v 0.17706 -0.10020 0.02471
v 0.17843 -0.10020 0.02402
v 0.17706 -0.10020 0.02608
v 0.17706 -0.10020 0.02745
v 0.17706 -0.10020 0.03020
v 0.17706 -0.10020 0.03157
v 0.17706 -0.10020 0.03294
v 0.17706 -0.10020 0.03431
v 0.17843 -0.10157 0.03569
v 0.17843 -0.10020 0.03500
v 0.17843 -0.10157 0.03706
v 0.17843 -0.10157 0.03843
v 0.17843 -0.10157 0.03980
v 0.17843 -0.10157 0.04118
v 0.17843 -0.09882 0.02471
v 0.17843 -0.09882 0.02608
v 0.17843 -0.09882 0.02745
v 0.17843 -0.09882 0.02882
v 0.17843 -0.09882 0.03020
v 0.17843 -0.09882 0.03157
v 0.17843 -0.09882 0.03294
v 0.17843 -0.09882 0.03431
v 0.17980 -0.14412 0.02196
v 0.18118 -0.14549 0.02196
v 0.18118 -0.14412 0.02127
v 0.17980 -0.14412 0.02333
v 0.18118 -0.14549 0.02333
v 0.18118 -0.14412 0.02402
v 0.17980 -0.14412 0.02608
v 0.18118 -0.14549 0.02608
v 0.18118 -0.14412 0.02539
v 0.18118 -0.14412 0.02676
v 0.17980 -0.14137 0.01647
v 0.18118 -0.14275 0.01647
v 0.18118 -0.14137 0.01578
v 0.17980 -0.14137 0.01784
v 0.18118 -0.14275 0.01784
v 0.18118 -0.14275 0.01922
v 0.18118 -0.14275 0.02059
v 0.18118 -0.14275 0.02471
v 0.18118 -0.14275 0.02745
v 0.18118 -0.14275 0.02882
v 0.18118 -0.14275 0.03020
v 0.17980 -0.14137 0.03157
v 0.18118 -0.14275 0.03157
v 0.17980 -0.14137 0.03294
v 0.18118 -0.14275 0.03294
v 0.17980 -0.14137 0.03431
v 0.18118 -0.14275 0.03431
v 0.17980 -0.14137 0.03569
v 0.18118 -0.14275 0.03569
v 0.17980 -0.14137 0.03706
v 0.18118 -0.14275 0.03706
v 0.17980 -0.14137 0.03843
v 0.18118 -0.14275 0.03843
v 0.18118 -0.14137 0.03912
v 0.17980 -0.13863 0.01235
v 0.18118 -0.14000 0.01235
v 0.18118 -0.13863 0.01167
v 0.18118 -0.14000 0.01373
v 0.18118 -0.14000 0.01510
v 0.17980 -0.13863 0.03980
v 0.18118 -0.14000 0.03980
v 0.17980 -0.13863 0.04118
v 0.18118 -0.14000 0.04118
v 0.18118 -0.13863 0.04186
v 0.17980 -0.13588 0.00824
v 0.18118 -0.13725 0.00824
v 0.18118 -0.13588 0.00755
v 0.18118 -0.13725 0.00961
v 0.18118 -0.13725 0.01098
v 0.18118 -0.13725 0.04255
v 0.17980 -0.13588 0.04392
v 0.18118 -0.13588 0.04324
v 0.18118 -0.13451 0.00686
v 0.18118 -0.13314 0.00618
v 0.18118 -0.13451 0.04392
v 0.18118 -0.13451 0.04529
v 0.17980 -0.13314 0.04667
v 0.18118 -0.13314 0.04598
v 0.18118 -0.13176 0.00549
v 0.18118 -0.13039 0.00480
v 0.17980 -0.13039 0.04667
v 0.18118 -0.13039 0.04598
v 0.18118 -0.12902 0.00275
v 0.18118 -0.12765 0.00206
v 0.18118 -0.12902 0.00412
v 0.18118 -0.12902 0.04667
v 0.17980 -0.12765 0.04804
v 0.18118 -0.12765 0.04735
v 0.18118 -0.12627 0.00000
v 0.18118 -0.12490 -0.00069
v 0.18118 -0.12627 0.00137
v 0.18118 -0.12627 0.04804
v 0.17980 -0.12490 0.04941
v 0.18118 -0.12490 0.04873
v 0.18118 -0.12216 -0.00069
v 0.17980 -0.12216 0.04941
v 0.18118 -0.12216 0.04873
v 0.18118 -0.11941 -0.00069
v 0.17980 -0.11941 0.04941
v 0.18118 -0.11941 0.04873
v 0.18118 -0.11804 0.00000
v 0.17980 -0.11667 0.00137
v 0.18118 -0.11667 0.00069
v 0.17980 -0.11667 0.04941
v 0.18118 -0.11667 0.04873
v 0.18118 -0.11529 0.00137
v 0.17980 -0.11392 0.00275
v 0.18118 -0.11392 0.00206
v 0.17980 -0.11392 0.00412
v 0.17980 -0.11392 0.04941
v 0.18118 -0.11392 0.04873
v 0.18118 -0.11255 0.00275
v 0.18118 -0.11255 0.00412
v 0.17980 -0.11118 0.00549
v 0.18118 -0.11118 0.00480
v 0.17980 -0.11118 0.04804
v 0.18118 -0.11255 0.04804
v 0.18118 -0.11118 0.04735
v 0.18118 -0.10980 0.00549
v 0.17980 -0.10843 0.00686
v 0.18118 -0.10843 0.00618
v 0.17980 -0.10843 0.00824
v 0.18118 -0.10843 0.04735
v 0.18118 -0.10706 0.00686
v 0.18118 -0.10706 0.00824
v 0.18118 -0.10706 0.00961
v 0.17980 -0.10569 0.01098
v 0.18118 -0.10569 0.01029
v 0.17980 -0.10569 0.01235
v 0.18118 -0.10706 0.04529
v 0.18118 -0.10569 0.04461
v 0.18118 -0.10706 0.04667
v 0.18118 -0.10431 0.01098
v 0.18118 -0.10431 0.01235
v 0.17980 -0.10294 0.01373
v 0.18118 -0.10294 0.01304
v 0.17980 -0.10294 0.01510
v 0.17980 -0.10294 0.01647
v 0.18118 -0.10431 0.04255
v 0.18118 -0.10294 0.04186
v 0.18118 -0.10431 0.04392
v 0.18118 -0.10157 0.01373
v 0.18118 -0.10157 0.01510
v 0.18118 -0.10157 0.01647
v 0.18118 -0.10157 0.01784
v 0.17980 -0.10020 0.01922
v 0.18118 -0.10020 0.01853
v 0.17980 -0.10020 0.02059
v 0.17980 -0.10020 0.02196
v 0.17980 -0.10020 0.02333
v 0.17980 -0.10020 0.03569
v 0.17980 -0.10020 0.03706
v 0.18118 -0.10157 0.03843
v 0.18118 -0.10020 0.03775
v 0.18118 -0.10157 0.03980
v 0.18118 -0.10157 0.04118
v 0.18118 -0.09882 0.01922
v 0.18118 -0.09882 0.02059
v 0.18118 -0.09882 0.02196
v 0.18118 -0.09882 0.02333
v 0.18118 -0.09882 0.02471
v 0.18118 -0.09882 0.02608
v 0.18118 -0.09882 0.02745
v 0.18118 -0.09882 0.02882
v 0.18118 -0.09882 0.03020
v 0.18118 -0.09882 0.03157
v 0.18118 -0.09882 0.03294
v 0.18118 -0.09882 0.03431
v 0.18118 -0.09882 0.03569
v 0.18118 -0.09882 0.03706
v 0.18255 -0.14412 0.01922
v 0.18392 -0.14549 0.01922
v 0.18392 -0.14412 0.01853
v 0.18255 -0.14412 0.02059
v 0.18392 -0.14549 0.02059
v 0.18392 -0.14549 0.02196
v 0.18392 -0.14549 0.02333
v 0.18255 -0.14412 0.02471
v 0.18392 -0.14549 0.02471
v 0.18392 -0.14549 0.02608
v 0.18255 -0.14412 0.02745
v 0.18392 -0.14549 0.02745
v 0.18255 -0.14412 0.02882
v 0.18392 -0.14549 0.02882
v 0.18255 -0.14412 0.03020
v 0.18392 -0.14549 0.03020
v 0.18392 -0.14412 0.03088
v 0.18255 -0.14137 0.01373
v 0.18392 -0.14275 0.01373
v 0.18392 -0.14137 0.01304
v 0.18255 -0.14137 0.01510
v 0.18392 -0.14275 0.01510
v 0.18392 -0.14275 0.01647
v 0.18392 -0.14275 0.01784
v 0.18392 -0.14275 0.03157
v 0.18392 -0.14275 0.03294
v 0.18392 -0.14275 0.03431
v 0.18392 -0.14275 0.03569
v 0.18255 -0.14137 0.03706
v 0.18392 -0.14137 0.03637
v 0.18255 -0.14137 0.03843
v 0.18255 -0.13863 0.01098
v 0.18392 -0.14000 0.01098
v 0.18392 -0.13863 0.01029
v 0.18392 -0.14000 0.01235
v 0.18392 -0.14000 0.03706
v 0.18392 -0.14000 0.03843
v 0.18255 -0.13863 0.03980
v 0.18392 -0.13863 0.03912
v 0.18255 -0.13863 0.04118
v 0.18392 -0.13725 0.00824
v 0.18392 -0.13588 0.00755
v 0.18392 -0.13725 0.00961
v 0.18392 -0.13725 0.03980
v 0.18392 -0.13725 0.04118
v 0.18255 -0.13588 0.04255
v 0.18392 -0.13588 0.04186
v 0.18255 -0.13314 0.00549
v 0.18392 -0.13451 0.00549
v 0.18392 -0.13314 0.00480
v 0.18392 -0.13451 0.00686
v 0.18392 -0.13451 0.04255
v 0.18255 -0.13314 0.04392
v 0.18392 -0.13314 0.04324
v 0.18255 -0.13314 0.04529
v 0.18255 -0.13039 0.00412
v 0.18392 -0.13176 0.00412
v 0.18392 -0.13039 0.00343
v 0.18392 -0.13176 0.04392
v 0.18392 -0.13176 0.04529
v 0.18392 -0.13039 0.04598
v 0.18392 -0.12902 0.00275
v 0.18392 -0.12765 0.00206
v 0.18255 -0.12765 0.04667
v 0.18392 -0.12765 0.04598
v 0.18392 -0.12627 0.00000
v 0.18392 -0.12490 -0.00069
v 0.18392 -0.12627 0.00137
v 0.18255 -0.12490 0.04667
v 0.18392 -0.12490 0.04598
v 0.18255 -0.12490 0.04804
v 0.18392 -0.12216 -0.00069
v 0.18392 -0.12353 0.04667
v 0.18255 -0.12216 0.04804
v 0.18392 -0.12216 0.04735
v 0.18392 -0.11941 -0.00069
v 0.18255 -0.11941 0.04804
v 0.18392 -0.11941 0.04735
v 0.18255 -0.11667 0.00000
v 0.18392 -0.11667 -0.00069
v 0.18255 -0.11667 0.04804
v 0.18392 -0.11667 0.04735
v 0.18392 -0.11529 0.00000
v 0.18392 -0.11529 0.00137
v 0.18392 -0.11392 0.00206
v 0.18255 -0.11392 0.04804
v 0.18392 -0.11392 0.04735
v 0.18392 -0.11255 0.00275
v 0.18255 -0.11118 0.00412
v 0.18392 -0.11118 0.00343
v 0.18392 -0.11118 0.04735
v 0.18392 -0.10980 0.00412
v 0.18392 -0.10980 0.00549
v 0.18392 -0.10843 0.00618
v 0.18255 -0.10843 0.04667
v 0.18392 -0.10980 0.04667
v 0.18392 -0.10843 0.04598
v 0.18392 -0.10706 0.00686
v 0.18392 -0.10706 0.00824
v 0.18255 -0.10569 0.00961
v 0.18392 -0.10569 0.00892
v 0.18255 -0.10569 0.04392
v 0.18392 -0.10706 0.04392
v 0.18392 -0.10569 0.04324
v 0.18392 -0.10706 0.04529
v 0.18392 -0.10431 0.00961
v 0.18392 -0.10431 0.01098
v 0.18255 -0.10294 0.01235
v 0.18392 -0.10294 0.01167
v 0.18255 -0.10294 0.04255
v 0.18392 -0.10294 0.04324
v 0.18392 -0.10157 0.01235
v 0.18392 -0.10157 0.01373
v 0.18255 -0.10020 0.01510
v 0.18392 -0.10020 0.01441
v 0.18255 -0.10020 0.01647
v 0.18255 -0.10020 0.01784
v 0.18255 -0.10020 0.03843
v 0.18392 -0.10157 0.03980
v 0.18392 -0.10020 0.03912
v 0.18392 -0.10157 0.04118
v 0.18392 -0.10157 0.04255
v 0.18392 -0.09882 0.01510
v 0.18392 -0.09882 0.01647
v 0.18392 -0.09882 0.01784
v 0.18392 -0.09882 0.01922
v 0.18392 -0.09882 0.02059
v 0.18392 -0.09882 0.02196
v 0.18392 -0.09882 0.02333
v 0.18392 -0.09882 0.02471
v 0.18392 -0.09882 0.02608
v 0.18392 -0.09882 0.02745
v 0.18255 -0.09745 0.02882
v 0.18392 -0.09745 0.02814
v 0.18255 -0.09745 0.03020
v 0.18255 -0.09745 0.03157
v 0.18255 -0.09745 0.03294
v 0.18392 -0.09882 0.03431
v 0.18392 -0.09745 0.03363
v 0.18392 -0.09882 0.03569
v 0.18392 -0.09882 0.03706
v 0.18392 -0.09882 0.03843
v 0.18392 -0.09608 0.02882
v 0.18392 -0.09608 0.03020
v 0.18392 -0.09608 0.03157
v 0.18392 -0.09608 0.03294
v 0.18529 -0.14412 0.01922
v 0.18667 -0.14549 0.02059
v 0.18667 -0.14412 0.01990
v 0.18667 -0.14549 0.02196
v 0.18667 -0.14549 0.02333
v 0.18667 -0.14549 0.02471
v 0.18667 -0.14549 0.02608
v 0.18667 -0.14549 0.02745
v 0.18667 -0.14549 0.02882
v 0.18529 -0.14412 0.03020
v 0.18667 -0.14412 0.02951
v 0.18667 -0.14275 0.01373
v 0.18667 -0.14137 0.01304
v 0.18667 -0.14275 0.01510
v 0.18667 -0.14275 0.01647
v 0.18667 -0.14275 0.01784
v 0.18667 -0.14275 0.01922
v 0.18667 -0.14275 0.03020
v 0.18667 -0.14275 0.03157
v 0.18667 -0.14275 0.03294
v 0.18529 -0.14137 0.03431
v 0.18667 -0.14137 0.03363
v 0.18529 -0.14137 0.03569
v 0.18667 -0.14000 0.01098
v 0.18667 -0.13863 0.01029
v 0.18667 -0.14000 0.01235
v 0.18667 -0.14000 0.03431
v 0.18667 -0.14000 0.03569
v 0.18667 -0.14000 0.03706
v 0.18529 -0.13863 0.03843
v 0.18667 -0.13863 0.03775
v 0.18667 -0.13725 0.00824
v 0.18667 -0.13588 0.00755
v 0.18667 -0.13725 0.00961
v 0.18667 -0.13725 0.03843
v 0.18529 -0.13588 0.03980
v 0.18667 -0.13588 0.03912
v 0.18529 -0.13588 0.04118
v 0.18667 -0.13451 0.00549
v 0.18667 -0.13314 0.00480
v 0.18667 -0.13451 0.00686
v 0.18667 -0.13451 0.03980
v 0.18667 -0.13451 0.04118
v 0.18529 -0.13314 0.04255
v 0.18667 -0.13314 0.04186
v 0.18529 -0.13039 0.00275
v 0.18667 -0.13176 0.00275
v 0.18667 -0.13039 0.00206
v 0.18667 -0.13176 0.00412
v 0.18667 -0.13176 0.04255
v 0.18667 -0.13176 0.04392
v 0.18529 -0.13039 0.04529
v 0.18667 -0.13039 0.04461
v 0.18529 -0.12765 0.00137
v 0.18667 -0.12902 0.00137
v 0.18667 -0.12765 0.00069
v 0.18529 -0.12765 0.04529
v 0.18667 -0.12765 0.04461
v 0.18667 -0.12627 0.00000
v 0.18667 -0.12490 -0.00069
v 0.18667 -0.12627 0.04529
v 0.18667 -0.12490 0.04598
v 0.18667 -0.12216 -0.00069
v 0.18529 -0.12216 0.04667
v 0.18667 -0.12216 0.04598
v 0.18667 -0.11941 -0.00069
v 0.18529 -0.11941 0.04667
v 0.18667 -0.11941 0.04598
v 0.18667 -0.11667 -0.00069
v 0.18529 -0.11667 0.04667
v 0.18667 -0.11667 0.04598
v 0.18667 -0.11529 0.00000
v 0.18529 -0.11392 0.00137
v 0.18667 -0.11392 0.00069
v 0.18667 -0.11529 0.04667
v 0.18667 -0.11392 0.04735
v 0.18667 -0.11255 0.00137
v 0.18667 -0.11255 0.00275
v 0.18667 -0.11118 0.00343
v 0.18529 -0.11118 0.04667
v 0.18667 -0.11255 0.04667
v 0.18667 -0.11118 0.04598
v 0.18667 -0.10980 0.00412
v 0.18529 -0.10843 0.00549
v 0.18667 -0.10843 0.00480
v 0.18529 -0.10843 0.04529
v 0.18667 -0.10980 0.04529
v 0.18667 -0.10843 0.04461
v 0.18667 -0.10706 0.00549
v 0.18667 -0.10706 0.00686
v 0.18667 -0.10706 0.00824
v 0.18667 -0.10569 0.00892
v 0.18667 -0.10706 0.04392
v 0.18667 -0.10569 0.04324
v 0.18667 -0.10431 0.00961
v 0.18529 -0.10294 0.01098
v 0.18667 -0.10294 0.01029
v 0.18529 -0.10294 0.04255
v 0.18667 -0.10431 0.04255
v 0.18667 -0.10294 0.04186
v 0.18667 -0.10157 0.01098
v 0.18667 -0.10157 0.01235
v 0.18667 -0.10157 0.01373
v 0.18529 -0.10020 0.01510
v 0.18667 -0.10157 0.01510
v 0.18667 -0.10020 0.01578
v 0.18529 -0.10020 0.03843
v 0.18667 -0.10157 0.03843
v 0.18667 -0.10020 0.03775
v 0.18667 -0.10157 0.03980
v 0.18667 -0.10157 0.04118
v 0.18667 -0.09882 0.01647
v 0.18667 -0.09882 0.01784
v 0.18667 -0.09882 0.01922
v 0.18667 -0.09882 0.02059
v 0.18667 -0.09882 0.02196
v 0.18667 -0.09882 0.02333
v 0.18529 -0.09745 0.02471
v 0.18667 -0.09745 0.02402
v 0.18529 -0.09745 0.02608
v 0.18529 -0.09745 0.02745
v 0.18529 -0.09745 0.03294
v 0.18667 -0.09882 0.03294
v 0.18667 -0.09745 0.03225
v 0.18667 -0.09882 0.03431
v 0.18667 -0.09882 0.03569
v 0.18667 -0.09882 0.03706
v 0.18667 -0.09608 0.02471
v 0.18667 -0.09608 0.02608
v 0.18667 -0.09608 0.02745
v 0.18667 -0.09608 0.02882
v 0.18667 -0.09608 0.03020
v 0.18667 -0.09608 0.03157
v 0.18941 -0.14549 0.02059
v 0.18941 -0.14412 0.01990
v 0.18941 -0.14549 0.02196
v 0.18941 -0.14549 0.02333
v 0.18941 -0.14549 0.02471
v 0.18941 -0.14549 0.02608
v 0.18804 -0.14412 0.02745
v 0.18941 -0.14412 0.02676
v 0.18804 -0.14412 0.02882
v 0.18804 -0.14137 0.01373
v 0.18941 -0.14275 0.01510
v 0.18941 -0.14137 0.01441
v 0.18941 -0.14275 0.01647
v 0.18941 -0.14275 0.01784
v 0.18941 -0.14275 0.01922
v 0.18941 -0.14275 0.02745
v 0.18941 -0.14275 0.02882
v 0.18941 -0.14275 0.03020
v 0.18941 -0.14275 0.03157
v 0.18804 -0.14137 0.03294
v 0.18941 -0.14137 0.03225
v 0.18804 -0.13863 0.00961
v 0.18941 -0.14000 0.00961
v 0.18941 -0.13863 0.00892
v 0.18941 -0.14000 0.01098
v 0.18941 -0.14000 0.01235
v 0.18941 -0.14000 0.01373
v 0.18941 -0.14000 0.03294
v 0.18941 -0.14000 0.03431
v 0.18941 -0.14000 0.03569
v 0.18804 -0.13863 0.03706
v 0.18941 -0.13863 0.03637
v 0.18941 -0.13725 0.00824
v 0.18941 -0.13588 0.00755
v 0.18941 -0.13725 0.03706
v 0.18804 -0.13588 0.03843
v 0.18941 -0.13588 0.03775
v 0.18941 -0.13451 0.00549
v 0.18941 -0.13314 0.00480
v 0.18941 -0.13451 0.00686
v 0.18941 -0.13451 0.03843
v 0.18941 -0.13451 0.03980
v 0.18804 -0.13314 0.04118
v 0.18941 -0.13314 0.04049
v 0.18941 -0.13176 0.00275
v 0.18941 -0.13039 0.00206
v 0.18941 -0.13176 0.00412
v 0.18941 -0.13176 0.04118
v 0.18804 -0.13039 0.04255
v 0.18941 -0.13039 0.04186
v 0.18804 -0.13039 0.04392
v 0.18804 -0.12765 0.00000
v 0.18941 -0.12902 0.00000
v 0.18941 -0.12765 -0.00069
v 0.18941 -0.12902 0.00137
v 0.18941 -0.12902 0.04255
v 0.18804 -0.12765 0.04392
v 0.18941 -0.12765 0.04324
v 0.18941 -0.12490 -0.00069
v 0.18941 -0.12627 0.04392
v 0.18804 -0.12490 0.04529
v 0.18941 -0.12490 0.04461
v 0.18941 -0.12216 -0.00069
v 0.18804 -0.12216 0.04529
v 0.18941 -0.12216 0.04461
v 0.18941 -0.11941 -0.00069
v 0.18804 -0.11941 0.04529
v 0.18941 -0.11941 0.04461
v 0.18941 -0.11667 -0.00069
v 0.18941 -0.11804 0.04529
v 0.18941 -0.11667 0.04598
v 0.18941 -0.11529 0.00000
v 0.18941 -0.11392 0.00069
v 0.18804 -0.11392 0.04667
v 0.18941 -0.11392 0.04598
v 0.18941 -0.11255 0.00137
v 0.18804 -0.11118 0.00275
v 0.18941 -0.11118 0.00206
v 0.18804 -0.11118 0.04529
v 0.18941 -0.11255 0.04529
v 0.18941 -0.11118 0.04461
v 0.18941 -0.10980 0.00275
v 0.18941 -0.10980 0.00412
v 0.18804 -0.10843 0.00549
v 0.18941 -0.10980 0.00549
v 0.18941 -0.10843 0.00618
v 0.18941 -0.10843 0.04461
v 0.18941 -0.10706 0.00686
v 0.18804 -0.10569 0.00824
v 0.18941 -0.10569 0.00755
v 0.18941 -0.10706 0.04392
v 0.18941 -0.10569 0.04324
v 0.18941 -0.10431 0.00824
v 0.18941 -0.10431 0.00961
v 0.18804 -0.10294 0.01098
v 0.18941 -0.10431 0.01098
v 0.18941 -0.10294 0.01167
v 0.18941 -0.10431 0.04255
v 0.18941 -0.10294 0.04186
v 0.18941 -0.10157 0.01235
v 0.18941 -0.10157 0.01373
v 0.18941 -0.10157 0.01510
v 0.18941 -0.10020 0.01578
v 0.18941 -0.10157 0.03843
v 0.18941 -0.10020 0.03775
v 0.18941 -0.10157 0.03980
v 0.18941 -0.10157 0.04118
v 0.18941 -0.09882 0.01647
v 0.18941 -0.09882 0.01784
v 0.18941 -0.09882 0.01922
v 0.18941 -0.09882 0.02059
v 0.18941 -0.09882 0.02196
v 0.18941 -0.09882 0.02333
v 0.18941 -0.09745 0.02402
v 0.18804 -0.09745 0.03294
v 0.18941 -0.09882 0.03431
v 0.18941 -0.09745 0.03363
v 0.18941 -0.09882 0.03569
v 0.18941 -0.09882 0.03706
v 0.18941 -0.09608 0.02471
v 0.18941 -0.09608 0.02608
v 0.18941 -0.09608 0.02745
v 0.18941 -0.09608 0.02882
v 0.18941 -0.09608 0.03020
v 0.18941 -0.09608 0.03157
v 0.18941 -0.09608 0.03294
v 0.19078 -0.14412 0.01922
v 0.19216 -0.14549 0.01922
v 0.19216 -0.14412 0.01853
v 0.19216 -0.14549 0.02059
v 0.19216 -0.14549 0.02196
v 0.19216 -0.14549 0.02333
v 0.19216 -0.14549 0.02471
v 0.19078 -0.14412 0.02608
v 0.19216 -0.14412 0.02539
v 0.19078 -0.14137 0.01373
v 0.19216 -0.14275 0.01373
v 0.19216 -0.14137 0.01304
v 0.19216 -0.14275 0.01510
v 0.19216 -0.14275 0.01647
v 0.19216 -0.14275 0.01784
v 0.19216 -0.14275 0.02608
v 0.19216 -0.14275 0.02745
v 0.19216 -0.14275 0.02882
v 0.19216 -0.14275 0.03020
v 0.19078 -0.14137 0.03157
v 0.19216 -0.14137 0.03088
v 0.19216 -0.14000 0.00961
v 0.19216 -0.13863 0.00892
v 0.19216 -0.14000 0.01098
v 0.19216 -0.14000 0.01235
v 0.19216 -0.14000 0.03157
v 0.19216 -0.14000 0.03294
v 0.19216 -0.14000 0.03431
v 0.19078 -0.13863 0.03569
v 0.19216 -0.13863 0.03500
v 0.19078 -0.13588 0.00686
v 0.19216 -0.13725 0.00686
v 0.19216 -0.13588 0.00618
v 0.19216 -0.13725 0.00824
v 0.19216 -0.13725 0.03569
v 0.19216 -0.13725 0.03706
v 0.19216 -0.13588 0.03775
v 0.19216 -0.13451 0.00549
v 0.19216 -0.13314 0.00480
v 0.19216 -0.13451 0.03843
v 0.19078 -0.13314 0.03980
v 0.19216 -0.13314 0.03912
v 0.19216 -0.13176 0.00275
v 0.19216 -0.13039 0.00206
v 0.19216 -0.13176 0.00412
v 0.19216 -0.13176 0.03980
v 0.19216 -0.13176 0.04118
v 0.19216 -0.13039 0.04186
v 0.19216 -0.12902 0.00000
v 0.19216 -0.12765 -0.00069
v 0.19216 -0.12902 0.00137
v 0.19078 -0.12765 0.04255
v 0.19216 -0.12765 0.04186
v 0.19216 -0.12490 -0.00069
v 0.19216 -0.12627 0.04255
v 0.19078 -0.12490 0.04392
v 0.19216 -0.12490 0.04324
v 0.19216 -0.12216 -0.00069
v 0.19078 -0.12216 0.04392
v 0.19216 -0.12216 0.04324
v 0.19216 -0.11941 -0.00069
v 0.19078 -0.11941 0.04392
v 0.19216 -0.11941 0.04324
v 0.19216 -0.11667 -0.00069
v 0.19216 -0.11804 0.04392
v 0.19078 -0.11667 0.04529
v 0.19216 -0.11667 0.04461
v 0.19078 -0.11392 0.00000
v 0.19216 -0.11392 -0.00069
v 0.19078 -0.11392 0.04529
v 0.19216 -0.11392 0.04461
v 0.19216 -0.11255 0.00000
v 0.19216 -0.11255 0.00137
v 0.19216 -0.11118 0.00206
v 0.19216 -0.11118 0.04461
v 0.19216 -0.10980 0.00275
v 0.19216 -0.10980 0.00412
v 0.19078 -0.10843 0.00549
v 0.19216 -0.10843 0.00480
v 0.19078 -0.10843 0.04392
v 0.19216 -0.10980 0.04392
v 0.19216 -0.10843 0.04324
v 0.19216 -0.10706 0.00549
v 0.19216 -0.10706 0.00686
v 0.19216 -0.10569 0.00755
v 0.19078 -0.10569 0.04255
v 0.19216 -0.10706 0.04255
v 0.19216 -0.10569 0.04186
v 0.19216 -0.10431 0.00824
v 0.19216 -0.10431 0.00961
v 0.19078 -0.10294 0.01098
v 0.19216 -0.10294 0.01029
v 0.19078 -0.10294 0.04118
v 0.19216 -0.10431 0.04118
v 0.19216 -0.10294 0.04049
v 0.19216 -0.10157 0.01098
v 0.19216 -0.10157 0.01235
v 0.19216 -0.10157 0.01373
v 0.19078 -0.10020 0.01510
v 0.19216 -0.10020 0.01441
v 0.19216 -0.10157 0.03843
v 0.19216 -0.10020 0.03775
v 0.19216 -0.10157 0.03980
v 0.19216 -0.09882 0.01510
v 0.19216 -0.09882 0.01647
v 0.19216 -0.09882 0.01784
v 0.19216 -0.09882 0.01922
v 0.19216 -0.09882 0.02059
v 0.19216 -0.09882 0.02196
v 0.19078 -0.09745 0.02333
v 0.19216 -0.09745 0.02265
v 0.19216 -0.09882 0.03431
v 0.19216 -0.09745 0.03363
v 0.19216 -0.09882 0.03569
v 0.19216 -0.09882 0.03706
v 0.19216 -0.09608 0.02333
v 0.19216 -0.09608 0.02471
v 0.19216 -0.09608 0.02608
v 0.19216 -0.09608 0.02745
v 0.19216 -0.09608 0.02882
v 0.19216 -0.09608 0.03020
v 0.19216 -0.09608 0.03157
v 0.19216 -0.09608 0.03294
v 0.19490 -0.14549 0.01922
v 0.19490 -0.14412 0.01853
v 0.19490 -0.14549 0.02059
v 0.19490 -0.14549 0.02196
v 0.19490 -0.14549 0.02333
v 0.19353 -0.14412 0.02471
v 0.19490 -0.14412 0.02402
v 0.19353 -0.14137 0.01235
v 0.19490 -0.14275 0.01235
v 0.19490 -0.14137 0.01167
v 0.19490 -0.14275 0.01373
v 0.19490 -0.14275 0.01510
v 0.19490 -0.14275 0.01647
v 0.19490 -0.14275 0.01784
v 0.19490 -0.14275 0.02471
v 0.19490 -0.14275 0.02608
v 0.19490 -0.14275 0.02745
v 0.19353 -0.14137 0.02882
v 0.19490 -0.14137 0.02814
v 0.19353 -0.14137 0.03020
v 0.19490 -0.14000 0.00961
v 0.19490 -0.13863 0.00892
v 0.19490 -0.14000 0.01098
v 0.19490 -0.14000 0.02882
v 0.19490 -0.14000 0.03020
v 0.19490 -0.14000 0.03157
v 0.19353 -0.13863 0.03294
v 0.19490 -0.13863 0.03225
v 0.19353 -0.13863 0.03431
v 0.19490 -0.13725 0.00686
v 0.19490 -0.13588 0.00618
v 0.19490 -0.13725 0.00824
v 0.19490 -0.13725 0.03294
v 0.19490 -0.13725 0.03431
v 0.19353 -0.13588 0.03569
v 0.19490 -0.13588 0.03500
v 0.19353 -0.13588 0.03706
v 0.19353 -0.13314 0.00412
v 0.19490 -0.13451 0.00412
v 0.19490 -0.13314 0.00343
v 0.19490 -0.13451 0.00549
v 0.19490 -0.13451 0.03569
v 0.19353 -0.13314 0.03706
v 0.19490 -0.13314 0.03637
v 0.19353 -0.13314 0.03843
v 0.19353 -0.13039 0.00137
v 0.19490 -0.13176 0.00137
v 0.19490 -0.13039 0.00069
v 0.19490 -0.13176 0.00275
v 0.19490 -0.13176 0.03706
v 0.19490 -0.13176 0.03843
v 0.19353 -0.13039 0.03980
v 0.19490 -0.13039 0.03912
v 0.19353 -0.13039 0.04118
v 0.19490 -0.12902 0.00000
v 0.19490 -0.12765 -0.00069
v 0.19490 -0.12902 0.03980
v 0.19353 -0.12765 0.04118
v 0.19490 -0.12765 0.04049
v 0.19490 -0.12490 -0.00069
v 0.19490 -0.12627 0.04118
v 0.19353 -0.12490 0.04255
v 0.19490 -0.12490 0.04186
v 0.19490 -0.12216 -0.00069
v 0.19353 -0.12216 0.04255
v 0.19490 -0.12216 0.04186
v 0.19490 -0.11941 -0.00069
v 0.19490 -0.12078 0.04255
v 0.19490 -0.11941 0.04324
v 0.19490 -0.11667 -0.00069
v 0.19353 -0.11667 0.04392
v 0.19490 -0.11667 0.04324
v 0.19490 -0.11392 -0.00069
v 0.19353 -0.11392 0.04392
v 0.19490 -0.11392 0.04324
v 0.19490 -0.11255 0.00000
v 0.19490 -0.11255 0.00137
v 0.19490 -0.11118 0.00206
v 0.19353 -0.11118 0.04392
v 0.19490 -0.11118 0.04324
v 0.19490 -0.10980 0.00275
v 0.19490 -0.10980 0.00412
v 0.19490 -0.10843 0.00480
v 0.19353 -0.10843 0.04255
v 0.19490 -0.10980 0.04255
v 0.19490 -0.10843 0.04186
v 0.19490 -0.10706 0.00549
v 0.19490 -0.10706 0.00686
v 0.19490 -0.10569 0.00755
v 0.19490 -0.10569 0.04186
v 0.19490 -0.10431 0.00824
v 0.19490 -0.10431 0.00961
v 0.19490 -0.10294 0.01029
v 0.19353 -0.10294 0.03980
v 0.19490 -0.10431 0.03980
v 0.19490 -0.10294 0.03912
v 0.19490 -0.10431 0.04118
v 0.19490 -0.10157 0.01098
v 0.19490 -0.10157 0.01235
v 0.19353 -0.10020 0.01373
v 0.19490 -0.10020 0.01304
v 0.19353 -0.10020 0.03843
v 0.19490 -0.10020 0.03912
v 0.19490 -0.09882 0.01373
v 0.19490 -0.09882 0.01510
v 0.19490 -0.09882 0.01647
v 0.19490 -0.09882 0.01784
v 0.19490 -0.09882 0.01922
v 0.19490 -0.09882 0.02059
v 0.19353 -0.09745 0.02196
v 0.19490 -0.09745 0.02127
v 0.19490 -0.09882 0.03431
v 0.19490 -0.09745 0.03363
v 0.19490 -0.09882 0.03569
v 0.19490 -0.09882 0.03706
v 0.19490 -0.09882 0.03843
v 0.19490 -0.09608 0.02196
v 0.19490 -0.09608 0.02333
v 0.19490 -0.09608 0.02471
v 0.19490 -0.09608 0.02608
v 0.19490 -0.09608 0.02745
v 0.19490 -0.09608 0.02882
v 0.19490 -0.09608 0.03020
v 0.19490 -0.09608 0.03157
v 0.19490 -0.09608 0.03294
v 0.19627 -0.14412 0.01510
v 0.19765 -0.14549 0.01510
v 0.19765 -0.14412 0.01441
v 0.19627 -0.14412 0.01647
v 0.19765 -0.14549 0.01647
v 0.19627 -0.14412 0.01784
v 0.19765 -0.14549 0.01784
v 0.19765 -0.14549 0.01922
v 0.19765 -0.14549 0.02059
v 0.19765 -0.14549 0.02196
v 0.19627 -0.14412 0.02333
v 0.19765 -0.14412 0.02265
v 0.19765 -0.14275 0.01235
v 0.19765 -0.14137 0.01167
v 0.19765 -0.14275 0.01373
v 0.19765 -0.14275 0.02333
v 0.19765 -0.14275 0.02471
v 0.19765 -0.14275 0.02608
v 0.19627 -0.14137 0.02745
v 0.19765 -0.14137 0.02676
v 0.19765 -0.14000 0.00961
v 0.19765 -0.13863 0.00892
v 0.19765 -0.14000 0.01098
v 0.19765 -0.14000 0.02745
v 0.19765 -0.14000 0.02882
v 0.19765 -0.14000 0.03020
v 0.19627 -0.13863 0.03157
v 0.19765 -0.13863 0.03088
v 0.19765 -0.13725 0.00686
v 0.19765 -0.13588 0.00618
v 0.19765 -0.13725 0.00824
v 0.19765 -0.13725 0.03157
v 0.19765 -0.13725 0.03294
v 0.19627 -0.13588 0.03431
v 0.19765 -0.13588 0.03363
v 0.19765 -0.13451 0.00412
v 0.19765 -0.13314 0.00343
v 0.19765 -0.13451 0.00549
v 0.19765 -0.13451 0.03431
v 0.19765 -0.13451 0.03569
v 0.19765 -0.13314 0.03637
v 0.19765 -0.13176 0.00137
v 0.19765 -0.13039 0.00069
v 0.19765 -0.13176 0.00275
v 0.19765 -0.13176 0.03706
v 0.19627 -0.13039 0.03843
v 0.19765 -0.13039 0.03775
v 0.19765 -0.12902 0.00000
v 0.19765 -0.12765 -0.00069
v 0.19765 -0.12902 0.03843
v 0.19627 -0.12765 0.03980
v 0.19765 -0.12765 0.03912
v 0.19765 -0.12490 -0.00069
v 0.19765 -0.12627 0.03980
v 0.19627 -0.12490 0.04118
v 0.19765 -0.12490 0.04049
v 0.19765 -0.12216 -0.00069
v 0.19627 -0.12216 0.04118
v 0.19765 -0.12216 0.04049
v 0.19765 -0.11941 -0.00069
v 0.19765 -0.12078 0.04118
v 0.19627 -0.11941 0.04255
v 0.19765 -0.11941 0.04186
v 0.19765 -0.11667 -0.00069
v 0.19627 -0.11667 0.04255
v 0.19765 -0.11667 0.04186
v 0.19765 -0.11392 -0.00069
v 0.19627 -0.11392 0.04255
v 0.19765 -0.11392 0.04186
v 0.19765 -0.11255 0.00000
v 0.19765 -0.11255 0.00137
v 0.19765 -0.11118 0.00206
v 0.19627 -0.11118 0.04255
v 0.19765 -0.11118 0.04186
v 0.19765 -0.10980 0.00275
v 0.19765 -0.10980 0.00412
v 0.19765 -0.10843 0.00480
v 0.19765 -0.10843 0.04186
v 0.19765 -0.10706 0.00549
v 0.19765 -0.10706 0.00686
v 0.19765 -0.10569 0.00755
v 0.19627 -0.10569 0.04118
v 0.19765 -0.10706 0.04118
v 0.19765 -0.10569 0.04049
v 0.19765 -0.10431 0.00824
v 0.19765 -0.10431 0.00961
v 0.19765 -0.10294 0.01029
v 0.19765 -0.10431 0.03980
v 0.19765 -0.10294 0.03912
v 0.19765 -0.10157 0.01098
v 0.19627 -0.10020 0.01235
v 0.19765 -0.10020 0.01167
v 0.19627 -0.10020 0.03843
v 0.19765 -0.10157 0.03843
v 0.19765 -0.10020 0.03775
v 0.19765 -0.09882 0.01235
v 0.19765 -0.09882 0.01373
v 0.19765 -0.09882 0.01510
v 0.19765 -0.09882 0.01647
v 0.19765 -0.09882 0.01784
v 0.19765 -0.09882 0.01922
v 0.19627 -0.09745 0.02059
v 0.19765 -0.09745 0.01990
v 0.19765 -0.09882 0.03431
v 0.19765 -0.09745 0.03363
v 0.19765 -0.09882 0.03569
v 0.19765 -0.09882 0.03706
v 0.19765 -0.09608 0.02059
v 0.19765 -0.09608 0.02196
v 0.19765 -0.09608 0.02333
v 0.19765 -0.09608 0.02471
v 0.19765 -0.09608 0.02608
v 0.19765 -0.09608 0.02745
v 0.19765 -0.09608 0.02882
v 0.19765 -0.09608 0.03020
v 0.19765 -0.09608 0.03157
v 0.19765 -0.09608 0.03294
v 0.19902 -0.14412 0.01510
v 0.19902 -0.14412 0.01647
v 0.20039 -0.14549 0.01784
v 0.20039 -0.14412 0.01716
v 0.20039 -0.14549 0.01922
v 0.20039 -0.14549 0.02059
v 0.19902 -0.14412 0.02196
v 0.20039 -0.14412 0.02127
v 0.19902 -0.14137 0.01098
v 0.20039 -0.14275 0.01098
v 0.20039 -0.14137 0.01029
v 0.20039 -0.14275 0.01235
v 0.20039 -0.14275 0.01373
v 0.20039 -0.14275 0.01510
v 0.20039 -0.14275 0.01647
v 0.20039 -0.14275 0.02196
v 0.20039 -0.14275 0.02333
v 0.19902 -0.14137 0.02471
v 0.20039 -0.14137 0.02402
v 0.19902 -0.14137 0.02608
v 0.19902 -0.13863 0.00824
v 0.20039 -0.14000 0.00824
v 0.20039 -0.13863 0.00755
v 0.20039 -0.14000 0.00961
v 0.20039 -0.14000 0.02471
v 0.20039 -0.14000 0.02608
v 0.20039 -0.14000 0.02745
v 0.20039 -0.14000 0.02882
v 0.19902 -0.13863 0.03020
v 0.20039 -0.13863 0.02951
v 0.19902 -0.13588 0.00549
v 0.20039 -0.13725 0.00549
v 0.20039 -0.13588 0.00480
v 0.20039 -0.13725 0.00686
v 0.20039 -0.13725 0.03020
v 0.20039 -0.13725 0.03157
v 0.19902 -0.13588 0.03294
v 0.20039 -0.13588 0.03225
v 0.20039 -0.13451 0.00412
v 0.20039 -0.13314 0.00343
v 0.20039 -0.13451 0.03294
v 0.19902 -0.13314 0.03431
v 0.20039 -0.13314 0.03363
v 0.19902 -0.13314 0.03569
v 0.20039 -0.13176 0.00137
v 0.20039 -0.13039 0.00069
v 0.20039 -0.13176 0.00275
v 0.20039 -0.13176 0.03431
v 0.20039 -0.13176 0.03569
v 0.19902 -0.13039 0.03706
v 0.20039 -0.13039 0.03637
v 0.20039 -0.12902 0.00000
v 0.20039 -0.12765 -0.00069
v 0.20039 -0.12902 0.03706
v 0.19902 -0.12765 0.03843
v 0.20039 -0.12765 0.03775
v 0.20039 -0.12490 -0.00069
v 0.20039 -0.12627 0.03843
v 0.19902 -0.12490 0.03980
v 0.20039 -0.12490 0.03912
v 0.20039 -0.12216 -0.00069
v 0.19902 -0.12216 0.03980
v 0.20039 -0.12216 0.03912
v 0.20039 -0.11941 -0.00069
v 0.20039 -0.12078 0.03980
v 0.19902 -0.11941 0.04118
v 0.20039 -0.11941 0.04049
v 0.20039 -0.11667 -0.00069
v 0.19902 -0.11667 0.04118
v 0.20039 -0.11667 0.04049
v 0.20039 -0.11392 -0.00069
v 0.19902 -0.11392 0.04118
v 0.20039 -0.11392 0.04049
v 0.20039 -0.11255 0.00000
v 0.20039 -0.11255 0.00137
v 0.20039 -0.11118 0.00206
v 0.19902 -0.11118 0.04118
v 0.20039 -0.11118 0.04049
v 0.20039 -0.10980 0.00275
v 0.19902 -0.10843 0.00412
v 0.20039 -0.10843 0.00343
v 0.19902 -0.10843 0.04118
v 0.20039 -0.10843 0.04049
v 0.20039 -0.10706 0.00412
v 0.20039 -0.10706 0.00549
v 0.19902 -0.10569 0.00686
v 0.20039 -0.10569 0.00618
v 0.19902 -0.10569 0.03980
v 0.20039 -0.10706 0.03980
v 0.20039 -0.10569 0.03912
v 0.20039 -0.10431 0.00686
v 0.20039 -0.10431 0.00824
v 0.19902 -0.10294 0.00961
v 0.20039 -0.10294 0.00892
v 0.19902 -0.10294 0.03843
v 0.20039 -0.10431 0.03843
v 0.20039 -0.10294 0.03775
v 0.20039 -0.10157 0.00961
v 0.20039 -0.10157 0.01098
v 0.20039 -0.10020 0.01167
v 0.19902 -0.10020 0.03706
v 0.20039 -0.10157 0.03706
v 0.20039 -0.10020 0.03637
v 0.20039 -0.09882 0.01235
v 0.20039 -0.09882 0.01373
v 0.20039 -0.09882 0.01510
v 0.20039 -0.09882 0.01647
v 0.19902 -0.09745 0.01784
v 0.20039 -0.09745 0.01716
v 0.19902 -0.09745 0.01922
v 0.20039 -0.09882 0.03431
v 0.20039 -0.09745 0.03363
v 0.20039 -0.09882 0.03569
v 0.20039 -0.09608 0.01784
v 0.20039 -0.09608 0.01922
v 0.20039 -0.09608 0.02059
v 0.20039 -0.09608 0.02196
v 0.20039 -0.09608 0.02333
v 0.20039 -0.09608 0.02471
v 0.20039 -0.09608 0.02608
v 0.20039 -0.09608 0.02745
v 0.20039 -0.09608 0.02882
v 0.20039 -0.09608 0.03020
v 0.20039 -0.09608 0.03157
v 0.20039 -0.09608 0.03294
v 0.20176 -0.14412 0.01784
v 0.20176 -0.14412 0.01922
v 0.20176 -0.14412 0.02059
v 0.20176 -0.14137 0.01098
v 0.20314 -0.14275 0.01235
v 0.20314 -0.14137 0.01167
v 0.20314 -0.14275 0.01373
v 0.20314 -0.14275 0.01510
v 0.20314 -0.14275 0.01647
v 0.20314 -0.14275 0.01784
v 0.20314 -0.14275 0.01922
v 0.20314 -0.14275 0.02059
v 0.20314 -0.14275 0.02196
v 0.20176 -0.14137 0.02333
v 0.20314 -0.14137 0.02265
v 0.20314 -0.14000 0.00824
v 0.20314 -0.13863 0.00755
v 0.20314 -0.14000 0.00961
v 0.20314 -0.14000 0.01098
v 0.20314 -0.14000 0.02333
v 0.20314 -0.14000 0.02471
v 0.20314 -0.14000 0.02608
v 0.20176 -0.13863 0.02745
v 0.20314 -0.13863 0.02676
v 0.20176 -0.13863 0.02882
v 0.20314 -0.13725 0.00549
v 0.20314 -0.13588 0.00480
v 0.20314 -0.13725 0.00686
v 0.20314 -0.13725 0.02745
v 0.20314 -0.13725 0.02882
v 0.20314 -0.13725 0.03020
v 0.20176 -0.13588 0.03157
v 0.20314 -0.13588 0.03088
v 0.20176 -0.13314 0.00275
v 0.20314 -0.13451 0.00275
v 0.20314 -0.13314 0.00206
v 0.20314 -0.13451 0.00412
v 0.20314 -0.13451 0.03157
v 0.20176 -0.13314 0.03294
v 0.20314 -0.13314 0.03225
v 0.20176 -0.13039 0.00000
v 0.20314 -0.13176 0.00000
v 0.20314 -0.13039 -0.00069
v 0.20314 -0.13176 0.00137
v 0.20314 -0.13176 0.03294
v 0.20314 -0.13176 0.03431
v 0.20176 -0.13039 0.03569
v 0.20314 -0.13039 0.03500
v 0.20314 -0.12765 -0.00069
v 0.20314 -0.12902 0.03569
v 0.20176 -0.12765 0.03706
v 0.20314 -0.12765 0.03637
v 0.20314 -0.12490 -0.00069
v 0.20314 -0.12627 0.03706
v 0.20176 -0.12490 0.03843
v 0.20314 -0.12490 0.03775
v 0.20314 -0.12216 -0.00069
v 0.20314 -0.12353 0.03843
v 0.20314 -0.12216 0.03912
v 0.20314 -0.11941 -0.00069
v 0.20176 -0.11941 0.03980
v 0.20314 -0.11941 0.03912
v 0.20314 -0.11667 -0.00069
v 0.20176 -0.11667 0.03980
v 0.20314 -0.11667 0.03912
v 0.20314 -0.11392 -0.00069
v 0.20176 -0.11392 0.03980
v 0.20314 -0.11392 0.03912
v 0.20176 -0.11118 0.00000
v 0.20314 -0.11118 -0.00069
v 0.20176 -0.11118 0.00137
v 0.20314 -0.11255 0.03980
v 0.20314 -0.11118 0.04049
v 0.20314 -0.10980 0.00000
v 0.20314 -0.10980 0.00137
v 0.20314 -0.10980 0.00275
v 0.20314 -0.10843 0.00343
v 0.20176 -0.10843 0.03980
v 0.20314 -0.10980 0.03980
v 0.20314 -0.10843 0.03912
v 0.20314 -0.10706 0.00412
v 0.20176 -0.10569 0.00549
v 0.20314 -0.10569 0.00480
v 0.20176 -0.10569 0.03843
v 0.20314 -0.10706 0.03843
v 0.20314 -0.10569 0.03775
v 0.20314 -0.10431 0.00549
v 0.20314 -0.10431 0.00686
v 0.20314 -0.10431 0.00824
v 0.20314 -0.10294 0.00892
v 0.20314 -0.10294 0.03775
v 0.20314 -0.10157 0.00961
v 0.20314 -0.10157 0.01098
v 0.20314 -0.10020 0.01167
v 0.20176 -0.10020 0.03569
v 0.20314 -0.10157 0.03569
v 0.20314 -0.10020 0.03500
v 0.20314 -0.10157 0.03706
v 0.20314 -0.09882 0.01235
v 0.20314 -0.09882 0.01373
v 0.20314 -0.09882 0.01510
v 0.20176 -0.09745 0.01647
v 0.20314 -0.09745 0.01578
v 0.20176 -0.09745 0.03431
v 0.20314 -0.09745 0.03500
v 0.20314 -0.09608 0.01647
v 0.20314 -0.09608 0.01784
v 0.20314 -0.09608 0.01922
v 0.20314 -0.09608 0.02059
v 0.20314 -0.09608 0.02196
v 0.20314 -0.09608 0.02333
v 0.20314 -0.09608 0.02471
v 0.20314 -0.09608 0.02608
v 0.20314 -0.09608 0.02745
v 0.20314 -0.09608 0.02882
v 0.20314 -0.09608 0.03020
v 0.20314 -0.09608 0.03157
v 0.20314 -0.09608 0.03294
v 0.20314 -0.09608 0.03431
v 0.20588 -0.14275 0.01235
v 0.20588 -0.14137 0.01167
v 0.20588 -0.14275 0.01373
v 0.20588 -0.14275 0.01510
v 0.20588 -0.14275 0.01647
v 0.20588 -0.14275 0.01784
v 0.20451 -0.14137 0.01922
v 0.20588 -0.14137 0.01853
v 0.20451 -0.14137 0.02059
v 0.20451 -0.14137 0.02196
v 0.20588 -0.14000 0.00824
v 0.20588 -0.13863 0.00755
v 0.20588 -0.14000 0.00961
v 0.20588 -0.14000 0.01098
v 0.20588 -0.14000 0.01922
v 0.20588 -0.14000 0.02059
v 0.20588 -0.14000 0.02196
v 0.20588 -0.14000 0.02333
v 0.20588 -0.14000 0.02471
v 0.20451 -0.13863 0.02608
v 0.20588 -0.13863 0.02539
v 0.20588 -0.13725 0.00549
v 0.20588 -0.13588 0.00480
v 0.20588 -0.13725 0.00686
v 0.20588 -0.13725 0.02608
v 0.20588 -0.13725 0.02745
v 0.20588 -0.13725 0.02882
v 0.20451 -0.13588 0.03020
v 0.20588 -0.13588 0.02951
v 0.20588 -0.13451 0.00275
v 0.20588 -0.13314 0.00206
v 0.20588 -0.13451 0.00412
v 0.20588 -0.13451 0.03020
v 0.20451 -0.13314 0.03157
v 0.20588 -0.13314 0.03088
v 0.20588 -0.13176 0.00000
v 0.20588 -0.13039 -0.00069
v 0.20588 -0.13176 0.00137
v 0.20588 -0.13176 0.03157
v 0.20451 -0.13039 0.03294
v 0.20588 -0.13039 0.03225
v 0.20451 -0.13039 0.03431
v 0.20588 -0.12765 -0.00069
v 0.20588 -0.12902 0.03294
v 0.20588 -0.12902 0.03431
v 0.20451 -0.12765 0.03569
v 0.20588 -0.12765 0.03500
v 0.20588 -0.12490 -0.00069
v 0.20451 -0.12490 0.03569
v 0.20588 -0.12490 0.03500
v 0.20451 -0.12490 0.03706
v 0.20588 -0.12216 -0.00069
v 0.20588 -0.12353 0.03569
v 0.20451 -0.12216 0.03706
v 0.20588 -0.12216 0.03637
v 0.20451 -0.12216 0.03843
v 0.20588 -0.11941 -0.00069
v 0.20588 -0.12078 0.03706
v 0.20451 -0.11941 0.03843
v 0.20588 -0.11941 0.03775
v 0.20588 -0.11667 -0.00069
v 0.20451 -0.11667 0.03843
v 0.20588 -0.11667 0.03775
v 0.20588 -0.11392 -0.00069
v 0.20451 -0.11392 0.03843
v 0.20588 -0.11392 0.03775
v 0.20588 -0.11118 -0.00069
v 0.20451 -0.11118 0.03843
v 0.20588 -0.11118 0.03775
v 0.20451 -0.11118 0.03980
v 0.20588 -0.10980 0.00000
v 0.20588 -0.10980 0.00137
v 0.20451 -0.10843 0.00275
v 0.20588 -0.10843 0.00206
v 0.20451 -0.10843 0.03843
v 0.20588 -0.10843 0.03775
v 0.20588 -0.10706 0.00275
v 0.20588 -0.10706 0.00412
v 0.20451 -0.10569 0.00549
v 0.20588 -0.10706 0.00549
v 0.20588 -0.10569 0.00618
v 0.20588 -0.10569 0.03775
v 0.20588 -0.10431 0.00686
v 0.20451 -0.10294 0.00824
v 0.20588 -0.10294 0.00755
v 0.20451 -0.10294 0.03706
v 0.20588 -0.10431 0.03706
v 0.20588 -0.10294 0.03637
v 0.20588 -0.10157 0.00824
v 0.20588 -0.10157 0.00961
v 0.20588 -0.10157 0.01098
v 0.20588 -0.10020 0.01167
v 0.20451 -0.10020 0.03431
v 0.20588 -0.10157 0.03431
v 0.20588 -0.10020 0.03363
v 0.20588 -0.10157 0.03569
v 0.20588 -0.09882 0.01235
v 0.20588 -0.09882 0.01373
v 0.20588 -0.09882 0.01510
v 0.20451 -0.09745 0.01647
v 0.20588 -0.09882 0.01647
v 0.20588 -0.09745 0.01716
v 0.20588 -0.09882 0.03431
v 0.20588 -0.09745 0.03500
v 0.20588 -0.09608 0.01784
v 0.20588 -0.09608 0.01922
v 0.20588 -0.09608 0.02059
v 0.20588 -0.09608 0.02196
v 0.20588 -0.09608 0.02333
v 0.20588 -0.09608 0.02471
v 0.20588 -0.09608 0.02608
v 0.20588 -0.09608 0.02745
v 0.20588 -0.09608 0.02882
v 0.20588 -0.09608 0.03020
v 0.20588 -0.09608 0.03157
v 0.20588 -0.09608 0.03294
v 0.20588 -0.09608 0.03431
v 0.20725 -0.14137 0.01235
v 0.20725 -0.14137 0.01373
v 0.20725 -0.14137 0.01510
v 0.20725 -0.14137 0.01647
v 0.20725 -0.14137 0.01784
v 0.20863 -0.14000 0.00824
v 0.20863 -0.13863 0.00755
v 0.20863 -0.14000 0.00961
v 0.20863 -0.14000 0.01098
v 0.20863 -0.14000 0.01235
v 0.20863 -0.14000 0.01373
v 0.20863 -0.14000 0.01510
v 0.20863 -0.14000 0.01647
v 0.20863 -0.14000 0.01784
v 0.20863 -0.14000 0.01922
v 0.20863 -0.14000 0.02059
v 0.20863 -0.14000 0.02196
v 0.20725 -0.13863 0.02333
v 0.20863 -0.13863 0.02265
v 0.20725 -0.13863 0.02471
v 0.20863 -0.13725 0.00549
v 0.20863 -0.13588 0.00480
v 0.20863 -0.13725 0.00686
v 0.20863 -0.13725 0.02333
v 0.20863 -0.13725 0.02471
v 0.20863 -0.13725 0.02608
v 0.20725 -0.13588 0.02745
v 0.20863 -0.13588 0.02676
v 0.20725 -0.13588 0.02882
v 0.20863 -0.13451 0.00275
v 0.20863 -0.13314 0.00206
v 0.20863 -0.13451 0.00412
v 0.20863 -0.13451 0.02745
v 0.20863 -0.13451 0.02882
v 0.20725 -0.13314 0.03020
v 0.20863 -0.13314 0.02951
v 0.20863 -0.13176 0.00000
v 0.20863 -0.13039 -0.00069
v 0.20863 -0.13176 0.00137
v 0.20863 -0.13176 0.03020
v 0.20863 -0.13176 0.03157
v 0.20863 -0.13039 0.03225
v 0.20863 -0.12765 -0.00069
v 0.20863 -0.12902 0.03294
v 0.20725 -0.12765 0.03431
v 0.20863 -0.12765 0.03363
v 0.20863 -0.12490 -0.00069
v 0.20863 -0.12627 0.03431
v 0.20863 -0.12490 0.03500
v 0.20863 -0.12216 -0.00069
v 0.20725 -0.12216 0.03569
v 0.20863 -0.12216 0.03500
v 0.20863 -0.11941 -0.00069
v 0.20863 -0.12078 0.03569
v 0.20725 -0.11941 0.03706
v 0.20863 -0.11941 0.03637
v 0.20863 -0.11667 -0.00069
v 0.20725 -0.11667 0.03706
v 0.20863 -0.11667 0.03637
v 0.20863 -0.11392 -0.00069
v 0.20863 -0.11529 0.03706
v 0.20863 -0.11392 0.03775
v 0.20863 -0.11118 -0.00069
v 0.20725 -0.11118 0.03706
v 0.20863 -0.11255 0.03706
v 0.20863 -0.11118 0.03637
v 0.20863 -0.10980 0.00000
v 0.20863 -0.10980 0.00137
v 0.20725 -0.10843 0.00275
v 0.20863 -0.10980 0.00275
v 0.20863 -0.10843 0.00343
v 0.20863 -0.10980 0.03706
v 0.20863 -0.10843 0.03775
v 0.20863 -0.10706 0.00412
v 0.20725 -0.10569 0.00549
v 0.20863 -0.10569 0.00480
v 0.20725 -0.10569 0.03706
v 0.20863 -0.10706 0.03706
v 0.20863 -0.10569 0.03637
v 0.20863 -0.10431 0.00549
v 0.20863 -0.10431 0.00686
v 0.20725 -0.10294 0.00824
v 0.20863 -0.10431 0.00824
v 0.20863 -0.10294 0.00892
v 0.20863 -0.10294 0.03637
v 0.20863 -0.10157 0.00961
v 0.20863 -0.10157 0.01098
v 0.20863 -0.10020 0.01167
v 0.20863 -0.10157 0.03431
v 0.20863 -0.10020 0.03363
v 0.20863 -0.10157 0.03569
v 0.20863 -0.09882 0.01235
v 0.20863 -0.09882 0.01373
v 0.20863 -0.09882 0.01510
v 0.20863 -0.09882 0.01647
v 0.20725 -0.09745 0.01784
v 0.20863 -0.09882 0.01784
v 0.20863 -0.09745 0.01853
v 0.20725 -0.09745 0.03431
v 0.20863 -0.09745 0.03363
v 0.20863 -0.09608 0.01922
v 0.20863 -0.09608 0.02059
v 0.20863 -0.09608 0.02196
v 0.20863 -0.09608 0.02333
v 0.20863 -0.09608 0.02471
v 0.20863 -0.09608 0.02608
v 0.20863 -0.09608 0.02745
v 0.20863 -0.09608 0.02882
v 0.20863 -0.09608 0.03020
v 0.20863 -0.09608 0.03157
v 0.20863 -0.09608 0.03294
v 0.21137 -0.14000 0.00824
v 0.21137 -0.13863 0.00755
v 0.21137 -0.14000 0.00961
v 0.21137 -0.14000 0.01098
v 0.21137 -0.14000 0.01235
v 0.21137 -0.14000 0.01373
v 0.21137 -0.14000 0.01510
v 0.21137 -0.14000 0.01647
v 0.21137 -0.14000 0.01784
v 0.21137 -0.14000 0.01922
v 0.21137 -0.14000 0.02059
v 0.21000 -0.13863 0.02196
v 0.21137 -0.13863 0.02127
v 0.21000 -0.13588 0.00412
v 0.21137 -0.13725 0.00412
v 0.21137 -0.13588 0.00343
v 0.21137 -0.13725 0.00549
v 0.21137 -0.13725 0.00686
v 0.21137 -0.13725 0.02196
v 0.21137 -0.13725 0.02333
v 0.21137 -0.13725 0.02471
v 0.21000 -0.13588 0.02608
v 0.21137 -0.13588 0.02539
v 0.21000 -0.13314 0.00137
v 0.21137 -0.13451 0.00137
v 0.21137 -0.13314 0.00069
v 0.21137 -0.13451 0.00275
v 0.21137 -0.13451 0.02608
v 0.21137 -0.13451 0.02745
v 0.21000 -0.13314 0.02882
v 0.21137 -0.13314 0.02814
v 0.21137 -0.13176 0.00000
v 0.21137 -0.13039 -0.00069
v 0.21137 -0.13176 0.02882
v 0.21000 -0.13039 0.03020
v 0.21137 -0.13039 0.02951
v 0.21000 -0.13039 0.03157
v 0.21137 -0.12765 -0.00069
v 0.21137 -0.12902 0.03020
v 0.21137 -0.12902 0.03157
v 0.21000 -0.12765 0.03294
v 0.21137 -0.12765 0.03225
v 0.21137 -0.12490 -0.00069
v 0.21137 -0.12627 0.03294
v 0.21000 -0.12490 0.03431
v 0.21137 -0.12490 0.03363
v 0.21137 -0.12216 -0.00069
v 0.21137 -0.12353 0.03431
v 0.21137 -0.12216 0.03500
v 0.21137 -0.11941 -0.00069
v 0.21000 -0.11941 0.03569
v 0.21137 -0.11941 0.03500
v 0.21137 -0.11667 -0.00069
v 0.21137 -0.11804 0.03569
v 0.21137 -0.11667 0.03637
v 0.21137 -0.11392 -0.00069
v 0.21000 -0.11392 0.03706
v 0.21137 -0.11392 0.03637
v 0.21137 -0.11118 -0.00069
v 0.21137 -0.11118 0.03637
v 0.21137 -0.10980 0.00000
v 0.21137 -0.10980 0.00137
v 0.21000 -0.10843 0.00275
v 0.21137 -0.10843 0.00206
v 0.21000 -0.10843 0.03706
v 0.21137 -0.10843 0.03637
v 0.21137 -0.10706 0.00275
v 0.21137 -0.10706 0.00412
v 0.21000 -0.10569 0.00549
v 0.21137 -0.10706 0.00549
v 0.21137 -0.10569 0.00618
v 0.21137 -0.10569 0.03637
v 0.21137 -0.10431 0.00686
v 0.21000 -0.10294 0.00824
v 0.21137 -0.10294 0.00755
v 0.21000 -0.10294 0.03569
v 0.21137 -0.10431 0.03569
v 0.21137 -0.10294 0.03500
v 0.21137 -0.10157 0.00824
v 0.21137 -0.10157 0.00961
v 0.21137 -0.10157 0.01098
v 0.21137 -0.10020 0.01167
v 0.21137 -0.10157 0.03431
v 0.21137 -0.10020 0.03363
v 0.21137 -0.09882 0.01235
v 0.21137 -0.09882 0.01373
v 0.21137 -0.09882 0.01510
v 0.21137 -0.09882 0.01647
v 0.21137 -0.09882 0.01784
v 0.21137 -0.09745 0.01853
v 0.21000 -0.09745 0.03294
v 0.21137 -0.09882 0.03294
v 0.21137 -0.09745 0.03225
v 0.21137 -0.09608 0.01922
v 0.21137 -0.09608 0.02059
v 0.21137 -0.09608 0.02196
v 0.21137 -0.09608 0.02333
v 0.21137 -0.09608 0.02471
v 0.21137 -0.09608 0.02608
v 0.21137 -0.09608 0.02745
v 0.21137 -0.09608 0.02882
v 0.21137 -0.09608 0.03020
v 0.21137 -0.09608 0.03157
v 0.21275 -0.13863 0.00824
v 0.21275 -0.13863 0.00961
v 0.21412 -0.14000 0.01098
v 0.21412 -0.13863 0.01029
v 0.21412 -0.14000 0.01235
v 0.21412 -0.14000 0.01373
v 0.21412 -0.14000 0.01510
v 0.21412 -0.14000 0.01647
v 0.21275 -0.13863 0.01784
v 0.21412 -0.13863 0.01716
v 0.21275 -0.13863 0.01922
v 0.21275 -0.13863 0.02059
v 0.21275 -0.13588 0.00412
v 0.21412 -0.13725 0.00549
v 0.21412 -0.13588 0.00480
v 0.21412 -0.13725 0.00686
v 0.21412 -0.13725 0.00824
v 0.21412 -0.13725 0.00961
v 0.21412 -0.13725 0.01784
v 0.21412 -0.13725 0.01922
v 0.21412 -0.13725 0.02059
v 0.21412 -0.13725 0.02196
v 0.21412 -0.13725 0.02333
v 0.21275 -0.13588 0.02471
v 0.21412 -0.13588 0.02402
v 0.21412 -0.13451 0.00137
v 0.21412 -0.13314 0.00069
v 0.21412 -0.13451 0.00275
v 0.21412 -0.13451 0.00412
v 0.21412 -0.13451 0.02471
v 0.21412 -0.13451 0.02608
v 0.21275 -0.13314 0.02745
v 0.21412 -0.13314 0.02676
v 0.21412 -0.13176 0.00000
v 0.21412 -0.13039 -0.00069
v 0.21412 -0.13176 0.02745
v 0.21275 -0.13039 0.02882
v 0.21412 -0.13039 0.02814
v 0.21412 -0.12765 -0.00069
v 0.21412 -0.12902 0.02882
v 0.21412 -0.12902 0.03020
v 0.21275 -0.12765 0.03157
v 0.21412 -0.12765 0.03088
v 0.21412 -0.12490 -0.00069
v 0.21412 -0.12627 0.03157
v 0.21275 -0.12490 0.03294
v 0.21412 -0.12490 0.03225
v 0.21412 -0.12216 -0.00069
v 0.21275 -0.12216 0.03294
v 0.21412 -0.12216 0.03225
v 0.21275 -0.12216 0.03431
v 0.21412 -0.11941 -0.00069
v 0.21412 -0.12078 0.03294
v 0.21275 -0.11941 0.03431
v 0.21412 -0.11941 0.03363
v 0.21412 -0.11667 -0.00069
v 0.21275 -0.11667 0.03431
v 0.21412 -0.11667 0.03363
v 0.21275 -0.11667 0.03569
v 0.21412 -0.11392 -0.00069
v 0.21412 -0.11529 0.03431
v 0.21275 -0.11392 0.03569
v 0.21412 -0.11392 0.03500
v 0.21412 -0.11118 -0.00069
v 0.21275 -0.11118 0.03569
v 0.21412 -0.11118 0.03500
v 0.21412 -0.10980 0.00000
v 0.21412 -0.10980 0.00137
v 0.21412 -0.10843 0.00206
v 0.21275 -0.10843 0.03569
v 0.21412 -0.10843 0.03500
v 0.21412 -0.10706 0.00275
v 0.21275 -0.10569 0.00412
v 0.21412 -0.10569 0.00343
v 0.21275 -0.10569 0.00549
v 0.21275 -0.10569 0.03569
v 0.21412 -0.10569 0.03500
v 0.21412 -0.10431 0.00412
v 0.21412 -0.10431 0.00549
v 0.21275 -0.10294 0.00686
v 0.21412 -0.10294 0.00618
v 0.21275 -0.10294 0.03431
v 0.21412 -0.10431 0.03431
v 0.21412 -0.10294 0.03363
v 0.21412 -0.10157 0.00686
v 0.21412 -0.10157 0.00824
v 0.21412 -0.10157 0.00961
v 0.21412 -0.10157 0.01098
v 0.21275 -0.10020 0.01235
v 0.21412 -0.10157 0.01235
v 0.21412 -0.10020 0.01304
v 0.21275 -0.10020 0.03294
v 0.21412 -0.10157 0.03294
v 0.21412 -0.10020 0.03225
v 0.21412 -0.09882 0.01373
v 0.21412 -0.09882 0.01510
v 0.21412 -0.09882 0.01647
v 0.21412 -0.09882 0.01784
v 0.21275 -0.09745 0.01922
v 0.21412 -0.09882 0.01922
v 0.21275 -0.09745 0.02059
v 0.21412 -0.09882 0.02059
v 0.21275 -0.09745 0.02196
v 0.21412 -0.09882 0.02196
v 0.21275 -0.09745 0.02333
v 0.21412 -0.09882 0.02333
v 0.21275 -0.09745 0.02471
v 0.21412 -0.09882 0.02471
v 0.21275 -0.09745 0.02608
v 0.21412 -0.09882 0.02608
v 0.21275 -0.09745 0.02745
v 0.21412 -0.09882 0.02745
v 0.21275 -0.09745 0.02882
v 0.21412 -0.09882 0.02882
v 0.21275 -0.09745 0.03020
v 0.21412 -0.09882 0.03020
v 0.21275 -0.09745 0.03157
v 0.21412 -0.09882 0.03157
v 0.21549 -0.13863 0.01098
v 0.21549 -0.13863 0.01235
v 0.21549 -0.13863 0.01373
v 0.21549 -0.13863 0.01510
v 0.21549 -0.13863 0.01647
v 0.21686 -0.13725 0.00549
v 0.21686 -0.13588 0.00480
v 0.21686 -0.13725 0.00686
v 0.21686 -0.13725 0.00824
v 0.21686 -0.13725 0.00961
v 0.21686 -0.13725 0.01098
v 0.21686 -0.13725 0.01235
v 0.21686 -0.13725 0.01373
v 0.21686 -0.13725 0.01510
v 0.21686 -0.13725 0.01647
v 0.21686 -0.13725 0.01784
v 0.21686 -0.13725 0.01922
v 0.21686 -0.13725 0.02059
v 0.21549 -0.13588 0.02196
v 0.21686 -0.13588 0.02127
v 0.21549 -0.13588 0.02333
v 0.21686 -0.13451 0.00137
v 0.21686 -0.13314 0.00069
v 0.21686 -0.13451 0.00275
v 0.21686 -0.13451 0.00412
v 0.21686 -0.13451 0.02196
v 0.21686 -0.13451 0.02333
v 0.21686 -0.13451 0.02471
v 0.21549 -0.13314 0.02608
v 0.21686 -0.13314 0.02539
v 0.21686 -0.13176 0.00000
v 0.21686 -0.13039 -0.00069
v 0.21686 -0.13176 0.02608
v 0.21549 -0.13039 0.02745
v 0.21686 -0.13039 0.02676
v 0.21686 -0.12765 -0.00069
v 0.21686 -0.12902 0.02745
v 0.21549 -0.12765 0.02882
v 0.21686 -0.12765 0.02814
v 0.21549 -0.12765 0.03020
v 0.21686 -0.12490 -0.00069
v 0.21686 -0.12627 0.02882
v 0.21686 -0.12627 0.03020
v 0.21549 -0.12490 0.03157
v 0.21686 -0.12490 0.03088
v 0.21686 -0.12216 -0.00069
v 0.21549 -0.12216 0.03157
v 0.21686 -0.12216 0.03088
v 0.21686 -0.11941 -0.00069
v 0.21686 -0.12078 0.03157
v 0.21549 -0.11941 0.03294
v 0.21686 -0.11941 0.03225
v 0.21686 -0.11667 -0.00069
v 0.21686 -0.11804 0.03294
v 0.21686 -0.11667 0.03363
v 0.21686 -0.11392 -0.00069
v 0.21549 -0.11392 0.03431
v 0.21686 -0.11392 0.03363
v 0.21686 -0.11118 -0.00069
v 0.21549 -0.11118 0.03431
v 0.21686 -0.11118 0.03363
v 0.21549 -0.10843 0.00000
v 0.21686 -0.10843 -0.00069
v 0.21549 -0.10843 0.00137
v 0.21549 -0.10843 0.03431
v 0.21686 -0.10843 0.03363
v 0.21686 -0.10706 0.00000
v 0.21686 -0.10706 0.00137
v 0.21549 -0.10569 0.00275
v 0.21686 -0.10569 0.00206
v 0.21549 -0.10569 0.03431
v 0.21686 -0.10569 0.03363
v 0.21686 -0.10431 0.00275
v 0.21686 -0.10431 0.00412
v 0.21549 -0.10294 0.00549
v 0.21686 -0.10294 0.00480
v 0.21549 -0.10294 0.03294
v 0.21686 -0.10431 0.03294
v 0.21686 -0.10294 0.03225
v 0.21686 -0.10157 0.00549
v 0.21686 -0.10157 0.00686
v 0.21686 -0.10157 0.00824
v 0.21686 -0.10157 0.00961
v 0.21686 -0.10157 0.01098
v 0.21686 -0.10157 0.01235
v 0.21549 -0.10020 0.01373
v 0.21686 -0.10157 0.01373
v 0.21549 -0.10020 0.01510
v 0.21686 -0.10157 0.01510
v 0.21549 -0.10020 0.01647
v 0.21686 -0.10157 0.01647
v 0.21686 -0.10020 0.01716
v 0.21686 -0.10020 0.03225
v 0.21686 -0.09882 0.01784
v 0.21686 -0.09882 0.01922
v 0.21686 -0.09882 0.02059
v 0.21686 -0.09882 0.02196
v 0.21686 -0.09882 0.02333
v 0.21686 -0.09882 0.02471
v 0.21686 -0.09882 0.02608
v 0.21686 -0.09882 0.02745
v 0.21686 -0.09882 0.02882
v 0.21686 -0.09882 0.03020
v 0.21686 -0.09882 0.03157
v 0.21961 -0.13725 0.00549
v 0.21961 -0.13588 0.00480
v 0.21961 -0.13725 0.00686
v 0.21961 -0.13725 0.00824
v 0.21961 -0.13725 0.00961
v 0.21961 -0.13725 0.01098
v 0.21961 -0.13725 0.01235
v 0.21961 -0.13725 0.01373
v 0.21961 -0.13725 0.01510
v 0.21961 -0.13725 0.01647
v 0.21961 -0.13725 0.01784
v 0.21824 -0.13588 0.01922
v 0.21961 -0.13588 0.01853
v 0.21824 -0.13588 0.02059
v 0.21961 -0.13451 0.00137
v 0.21961 -0.13314 0.00069
v 0.21961 -0.13451 0.00275
v 0.21961 -0.13451 0.00412
v 0.21961 -0.13451 0.01922
v 0.21961 -0.13451 0.02059
v 0.21961 -0.13451 0.02196
v 0.21824 -0.13314 0.02333
v 0.21961 -0.13314 0.02265
v 0.21824 -0.13314 0.02471
v 0.21961 -0.13176 0.00000
v 0.21961 -0.13039 -0.00069
v 0.21961 -0.13176 0.02333
v 0.21961 -0.13176 0.02471
v 0.21824 -0.13039 0.02608
v 0.21961 -0.13039 0.02539
v 0.21961 -0.12765 -0.00069
v 0.21961 -0.12902 0.02608
v 0.21961 -0.12902 0.02745
v 0.21961 -0.12765 0.02814
v 0.21961 -0.12490 -0.00069
v 0.21961 -0.12627 0.02882
v 0.21824 -0.12490 0.03020
v 0.21961 -0.12490 0.02951
v 0.21961 -0.12216 -0.00069
v 0.21824 -0.12216 0.03020
v 0.21961 -0.12216 0.02951
v 0.21961 -0.11941 -0.00069
v 0.21961 -0.12078 0.03020
v 0.21824 -0.11941 0.03157
v 0.21961 -0.11941 0.03088
v 0.21961 -0.11667 -0.00069
v 0.21961 -0.11804 0.03157
v 0.21824 -0.11667 0.03294
v 0.21961 -0.11667 0.03225
v 0.21961 -0.11392 -0.00069
v 0.21824 -0.11392 0.03294
v 0.21961 -0.11392 0.03225
v 0.21961 -0.11118 -0.00069
v 0.21824 -0.11118 0.03294
v 0.21961 -0.11118 0.03225
v 0.21961 -0.10843 -0.00069
v 0.21824 -0.10843 0.03294
v 0.21961 -0.10843 0.03225
v 0.21961 -0.10706 0.00000
v 0.21824 -0.10569 0.00137
v 0.21961 -0.10569 0.00069
v 0.21824 -0.10569 0.03294
v 0.21961 -0.10569 0.03225
v 0.21961 -0.10431 0.00137
v 0.21961 -0.10431 0.00275
v 0.21824 -0.10294 0.00412
v 0.21961 -0.10294 0.00343
v 0.21824 -0.10294 0.03157
v 0.21961 -0.10431 0.03157
v 0.21961 -0.10294 0.03088
v 0.21961 -0.10157 0.00412
v 0.21961 -0.10157 0.00549
v 0.21961 -0.10157 0.00686
v 0.21961 -0.10157 0.00824
v 0.21961 -0.10157 0.00961
v 0.21961 -0.10157 0.01098
v 0.21961 -0.10157 0.01235
v 0.21961 -0.10157 0.01373
v 0.21824 -0.10020 0.01510
v 0.21961 -0.10020 0.01441
v 0.21824 -0.10020 0.01647
v 0.21824 -0.10020 0.03157
v 0.21961 -0.10020 0.03088
v 0.21961 -0.09882 0.01510
v 0.21961 -0.09882 0.01647
v 0.21961 -0.09882 0.01784
v 0.21961 -0.09882 0.01922
v 0.21961 -0.09882 0.02059
v 0.21961 -0.09882 0.02196
v 0.21961 -0.09882 0.02333
v 0.21961 -0.09882 0.02471
v 0.21961 -0.09882 0.02608
v 0.21961 -0.09882 0.02745
v 0.21961 -0.09882 0.02882
v 0.21961 -0.09882 0.03020
v 0.22098 -0.13588 0.00549
v 0.22098 -0.13588 0.00686
v 0.22098 -0.13588 0.00824
v 0.22098 -0.13588 0.00961
v 0.22098 -0.13588 0.01098
v 0.22098 -0.13588 0.01235
v 0.22098 -0.13588 0.01373
v 0.22098 -0.13588 0.01510
v 0.22098 -0.13588 0.01647
v 0.22098 -0.13588 0.01784
v 0.22235 -0.13451 0.00137
v 0.22235 -0.13314 0.00069
v 0.22235 -0.13451 0.00275
v 0.22235 -0.13451 0.00412
v 0.22235 -0.13451 0.00549
v 0.22235 -0.13451 0.00686
v 0.22235 -0.13451 0.00824
v 0.22235 -0.13451 0.00961
v 0.22235 -0.13451 0.01098
v 0.22235 -0.13451 0.01235
v 0.22235 -0.13451 0.01373
v 0.22235 -0.13451 0.01510
v 0.22235 -0.13451 0.01647
v 0.22235 -0.13451 0.01784
v 0.22235 -0.13451 0.01922
v 0.22235 -0.13451 0.02059
v 0.22098 -0.13314 0.02196
v 0.22235 -0.13314 0.02127
v 0.22235 -0.13176 0.00000
v 0.22235 -0.13039 -0.00069
v 0.22235 -0.13176 0.02196
v 0.22235 -0.13176 0.02333
v 0.22098 -0.13039 0.02471
v 0.22235 -0.13039 0.02402
v 0.22235 -0.12765 -0.00069
v 0.22235 -0.12902 0.02471
v 0.22098 -0.12765 0.02608
v 0.22235 -0.12765 0.02539
v 0.22098 -0.12765 0.02745
v 0.22235 -0.12490 -0.00069
v 0.22235 -0.12627 0.02608
v 0.22235 -0.12627 0.02745
v 0.22098 -0.12490 0.02882
v 0.22235 -0.12490 0.02814
v 0.22235 -0.12216 -0.00069
v 0.22098 -0.12216 0.02882
v 0.22235 -0.12216 0.02814
v 0.22235 -0.11941 -0.00069
v 0.22235 -0.12078 0.02882
v 0.22098 -0.11941 0.03020
v 0.22235 -0.11941 0.02951
v 0.22235 -0.11667 -0.00069
v 0.22098 -0.11667 0.03020
v 0.22235 -0.11667 0.02951
v 0.22098 -0.11667 0.03157
v 0.22235 -0.11392 -0.00069
v 0.22235 -0.11529 0.03020
v 0.22098 -0.11392 0.03157
v 0.22235 -0.11392 0.03088
v 0.22235 -0.11118 -0.00069
v 0.22098 -0.11118 0.03157
v 0.22235 -0.11118 0.03088
v 0.22235 -0.10843 -0.00069
v 0.22098 -0.10843 0.03157
v 0.22235 -0.10843 0.03088
v 0.22098 -0.10569 0.00000
v 0.22235 -0.10569 -0.00069
v 0.22098 -0.10569 0.03157
v 0.22235 -0.10569 0.03088
v 0.22235 -0.10431 0.00000
v 0.22235 -0.10431 0.00137
v 0.22235 -0.10431 0.00275
v 0.22235 -0.10294 0.00343
v 0.22235 -0.10294 0.03088
v 0.22235 -0.10157 0.00412
v 0.22235 -0.10157 0.00549
v 0.22235 -0.10157 0.00686
v 0.22235 -0.10157 0.00824
v 0.22235 -0.10157 0.00961
v 0.22235 -0.10157 0.01098
v 0.22235 -0.10157 0.01235
v 0.22098 -0.10020 0.01373
v 0.22235 -0.10020 0.01304
v 0.22098 -0.10020 0.03020
v 0.22235 -0.10157 0.03020
v 0.22235 -0.10020 0.02951
v 0.22235 -0.09882 0.01373
v 0.22235 -0.09882 0.01510
v 0.22235 -0.09882 0.01647
v 0.22235 -0.09882 0.01784
v 0.22235 -0.09882 0.01922
v 0.22235 -0.09882 0.02059
v 0.22235 -0.09882 0.02196
v 0.22235 -0.09882 0.02333
v 0.22235 -0.09882 0.02471
v 0.22235 -0.09882 0.02608
v 0.22235 -0.09882 0.02745
v 0.22235 -0.09882 0.02882
v 0.22373 -0.13314 0.00137
v 0.22510 -0.13451 0.00275
v 0.22510 -0.13314 0.00206
v 0.22510 -0.13451 0.00412
v 0.22510 -0.13451 0.00549
v 0.22510 -0.13451 0.00686
v 0.22510 -0.13451 0.00824
v 0.22510 -0.13451 0.00961
v 0.22510 -0.13451 0.01098
v 0.22510 -0.13451 0.01235
v 0.22510 -0.13451 0.01373
v 0.22510 -0.13451 0.01510
v 0.22510 -0.13451 0.01647
v 0.22510 -0.13451 0.01784
v 0.22510 -0.13451 0.01922
v 0.22373 -0.13314 0.02059
v 0.22510 -0.13314 0.01990
v 0.22510 -0.13176 0.00000
v 0.22510 -0.13039 -0.00069
v 0.22510 -0.13176 0.00137
v 0.22510 -0.13176 0.02059
v 0.22510 -0.13176 0.02196
v 0.22373 -0.13039 0.02333
v 0.22510 -0.13039 0.02265
v 0.22510 -0.12765 -0.00069
v 0.22510 -0.12902 0.02333
v 0.22373 -0.12765 0.02471
v 0.22510 -0.12765 0.02402
v 0.22510 -0.12490 -0.00069
v 0.22510 -0.12627 0.02471
v 0.22510 -0.12627 0.02608
v 0.22373 -0.12490 0.02745
v 0.22510 -0.12490 0.02676
v 0.22510 -0.12216 -0.00069
v 0.22510 -0.12353 0.02745
v 0.22510 -0.12216 0.02814
v 0.22510 -0.11941 -0.00069
v 0.22373 -0.11941 0.02882
v 0.22510 -0.11941 0.02814
v 0.22510 -0.11667 -0.00069
v 0.22510 -0.11804 0.02882
v 0.22510 -0.11667 0.02951
v 0.22510 -0.11392 -0.00069
v 0.22373 -0.11392 0.03020
v 0.22510 -0.11392 0.02951
v 0.22510 -0.11118 -0.00069
v 0.22373 -0.11118 0.03020
v 0.22510 -0.11118 0.02951
v 0.22510 -0.10843 -0.00069
v 0.22373 -0.10843 0.03020
v 0.22510 -0.10843 0.02951
v 0.22373 -0.10569 0.00000
v 0.22510 -0.10706 0.00000
v 0.22510 -0.10569 0.00069
v 0.22510 -0.10706 0.03020
v 0.22510 -0.10569 0.03088
v 0.22510 -0.10431 0.00137
v 0.22510 -0.10431 0.00275
v 0.22510 -0.10294 0.00343
v 0.22373 -0.10294 0.03020
v 0.22510 -0.10431 0.03020
v 0.22510 -0.10294 0.02951
v 0.22510 -0.10157 0.00412
v 0.22510 -0.10157 0.00549
v 0.22510 -0.10157 0.00686
v 0.22510 -0.10157 0.00824
v 0.22510 -0.10157 0.00961
v 0.22510 -0.10157 0.01098
v 0.22510 -0.10157 0.01235
v 0.22373 -0.10020 0.01373
v 0.22510 -0.10157 0.01373
v 0.22510 -0.10020 0.01441
v 0.22510 -0.10020 0.02951
v 0.22510 -0.09882 0.01510
v 0.22510 -0.09882 0.01647
v 0.22510 -0.09882 0.01784
v 0.22510 -0.09882 0.01922
v 0.22510 -0.09882 0.02059
v 0.22510 -0.09882 0.02196
v 0.22510 -0.09882 0.02333
v 0.22510 -0.09882 0.02471
v 0.22510 -0.09882 0.02608
v 0.22510 -0.09882 0.02745
v 0.22510 -0.09882 0.02882
v 0.22647 -0.13314 0.00275
v 0.22647 -0.13314 0.00412
v 0.22647 -0.13314 0.00549
v 0.22647 -0.13314 0.00686
v 0.22647 -0.13314 0.00824
v 0.22647 -0.13314 0.00961
v 0.22647 -0.13314 0.01098
v 0.22784 -0.13451 0.01235
v 0.22784 -0.13314 0.01167
v 0.22784 -0.13451 0.01373
v 0.22784 -0.13451 0.01510
v 0.22784 -0.13451 0.01647
v 0.22647 -0.13314 0.01784
v 0.22784 -0.13314 0.01716
v 0.22647 -0.13314 0.01922
v 0.22784 -0.13176 0.00000
v 0.22784 -0.13039 -0.00069
v 0.22784 -0.13176 0.00137
v 0.22784 -0.13176 0.00275
v 0.22784 -0.13176 0.00412
v 0.22784 -0.13176 0.00549
v 0.22784 -0.13176 0.00686
v 0.22784 -0.13176 0.00824
v 0.22784 -0.13176 0.00961
v 0.22784 -0.13176 0.01098
v 0.22784 -0.13176 0.01784
v 0.22784 -0.13176 0.01922
v 0.22784 -0.13176 0.02059
v 0.22647 -0.13039 0.02196
v 0.22784 -0.13039 0.02127
v 0.22784 -0.12765 -0.00069
v 0.22784 -0.12902 0.02196
v 0.22647 -0.12765 0.02333
v 0.22784 -0.12765 0.02265
v 0.22784 -0.12490 -0.00069
v 0.22784 -0.12627 0.02333
v 0.22647 -0.12490 0.02471
v 0.22784 -0.12490 0.02402
v 0.22647 -0.12490 0.02608
v 0.22784 -0.12216 -0.00069
v 0.22784 -0.12353 0.02471
v 0.22784 -0.12353 0.02608
v 0.22647 -0.12216 0.02745
v 0.22784 -0.12216 0.02676
v 0.22784 -0.11941 -0.00069
v 0.22647 -0.11941 0.02745
v 0.22784 -0.11941 0.02676
v 0.22784 -0.11667 -0.00069
v 0.22784 -0.11804 0.02745
v 0.22647 -0.11667 0.02882
v 0.22784 -0.11667 0.02814
v 0.22784 -0.11392 -0.00069
v 0.22647 -0.11392 0.02882
v 0.22784 -0.11392 0.02814
v 0.22784 -0.11118 -0.00069
v 0.22647 -0.11118 0.02882
v 0.22784 -0.11118 0.02814
v 0.22784 -0.10843 -0.00069
v 0.22784 -0.10980 0.02882
v 0.22784 -0.10843 0.02951
v 0.22784 -0.10706 0.00000
v 0.22784 -0.10569 0.00069
v 0.22647 -0.10569 0.03020
v 0.22784 -0.10569 0.02951
v 0.22784 -0.10431 0.00137
v 0.22784 -0.10431 0.00275
v 0.22784 -0.10294 0.00343
v 0.22784 -0.10294 0.02951
v 0.22784 -0.10157 0.00412
v 0.22784 -0.10157 0.00549
v 0.22784 -0.10157 0.00686
v 0.22784 -0.10157 0.00824
v 0.22784 -0.10157 0.00961
v 0.22784 -0.10157 0.01098
v 0.22784 -0.10157 0.01235
v 0.22784 -0.10157 0.01373
v 0.22784 -0.10020 0.01441
v 0.22647 -0.10020 0.02882
v 0.22784 -0.10157 0.02882
v 0.22784 -0.10020 0.02814
v 0.22784 -0.09882 0.01510
v 0.22784 -0.09882 0.01647
v 0.22784 -0.09882 0.01784
v 0.22784 -0.09882 0.01922
v 0.22784 -0.09882 0.02059
v 0.22784 -0.09882 0.02196
v 0.22784 -0.09882 0.02333
v 0.22784 -0.09882 0.02471
v 0.22784 -0.09882 0.02608
v 0.22784 -0.09882 0.02745
v 0.22922 -0.13314 0.01235
v 0.22922 -0.13314 0.01373
v 0.22922 -0.13314 0.01510
v 0.22922 -0.13314 0.01647
v 0.23059 -0.13176 0.00000
v 0.23059 -0.13039 -0.00069
v 0.23059 -0.13176 0.00137
v 0.23059 -0.13176 0.00275
v 0.23059 -0.13176 0.00412
v 0.23059 -0.13176 0.00549
v 0.23059 -0.13176 0.00686
v 0.23059 -0.13176 0.00824
v 0.23059 -0.13176 0.00961
v 0.23059 -0.13176 0.01098
v 0.23059 -0.13176 0.01235
v 0.23059 -0.13176 0.01373
v 0.23059 -0.13176 0.01510
v 0.23059 -0.13176 0.01647
v 0.23059 -0.13176 0.01784
v 0.22922 -0.13039 0.01922
v 0.23059 -0.13039 0.01853
v 0.22922 -0.13039 0.02059
v 0.23059 -0.12765 -0.00069
v 0.23059 -0.12902 0.01922
v 0.23059 -0.12902 0.02059
v 0.22922 -0.12765 0.02196
v 0.23059 -0.12765 0.02127
v 0.23059 -0.12490 -0.00069
v 0.23059 -0.12627 0.02196
v 0.23059 -0.12627 0.02333
v 0.23059 -0.12490 0.02402
v 0.23059 -0.12216 -0.00069
v 0.22922 -0.12216 0.02471
v 0.23059 -0.12216 0.02402
v 0.22922 -0.12216 0.02608
v 0.23059 -0.11941 -0.00069
v 0.23059 -0.12078 0.02471
v 0.22922 -0.11941 0.02608
v 0.23059 -0.11941 0.02539
v 0.23059 -0.11667 -0.00069
v 0.23059 -0.11804 0.02608
v 0.22922 -0.11667 0.02745
v 0.23059 -0.11667 0.02676
v 0.23059 -0.11392 -0.00069
v 0.22922 -0.11392 0.02745
v 0.23059 -0.11392 0.02676
v 0.23059 -0.11118 -0.00069
v 0.23059 -0.11255 0.02745
v 0.23059 -0.11118 0.02814
v 0.23059 -0.10843 -0.00069
v 0.22922 -0.10843 0.02882
v 0.23059 -0.10843 0.02814
v 0.23059 -0.10706 0.00000
v 0.23059 -0.10569 0.00069
v 0.22922 -0.10569 0.02882
v 0.23059 -0.10569 0.02814
v 0.23059 -0.10431 0.00137
v 0.22922 -0.10294 0.00275
v 0.23059 -0.10294 0.00206
v 0.22922 -0.10294 0.02882
v 0.23059 -0.10294 0.02814
v 0.23059 -0.10157 0.00275
v 0.23059 -0.10157 0.00412
v 0.23059 -0.10157 0.00549
v 0.23059 -0.10157 0.00686
v 0.23059 -0.10157 0.00824
v 0.23059 -0.10157 0.00961
v 0.23059 -0.10157 0.01098
v 0.22922 -0.10020 0.01235
v 0.23059 -0.10020 0.01167
v 0.22922 -0.10020 0.01373
v 0.22922 -0.10020 0.02745
v 0.23059 -0.10157 0.02745
v 0.23059 -0.10020 0.02676
v 0.23059 -0.09882 0.01235
v 0.23059 -0.09882 0.01373
v 0.23059 -0.09882 0.01510
v 0.23059 -0.09882 0.01647
v 0.23059 -0.09882 0.01784
v 0.23059 -0.09882 0.01922
v 0.23059 -0.09882 0.02059
v 0.23059 -0.09882 0.02196
v 0.23059 -0.09882 0.02333
v 0.23059 -0.09882 0.02471
v 0.23059 -0.09882 0.02608
v 0.23333 -0.13176 0.00000
v 0.23333 -0.13039 -0.00069
v 0.23333 -0.13176 0.00137
v 0.23333 -0.13176 0.00275
v 0.23333 -0.13176 0.00412
v 0.23333 -0.13176 0.00549
v 0.23333 -0.13176 0.00686
v 0.23333 -0.13176 0.00824
v 0.23333 -0.13176 0.00961
v 0.23333 -0.13176 0.01098
v 0.23333 -0.13176 0.01235
v 0.23333 -0.13176 0.01373
v 0.23333 -0.13176 0.01510
v 0.23196 -0.13039 0.01647
v 0.23333 -0.13039 0.01578
v 0.23196 -0.13039 0.01784
v 0.23333 -0.12765 -0.00069
v 0.23333 -0.12902 0.01647
v 0.23333 -0.12902 0.01784
v 0.23196 -0.12765 0.01922
v 0.23333 -0.12765 0.01853
v 0.23196 -0.12765 0.02059
v 0.23333 -0.12490 -0.00069
v 0.23333 -0.12627 0.01922
v 0.23333 -0.12627 0.02059
v 0.23196 -0.12490 0.02196
v 0.23333 -0.12490 0.02127
v 0.23196 -0.12490 0.02333
v 0.23333 -0.12216 -0.00069
v 0.23333 -0.12353 0.02196
v 0.23333 -0.12353 0.02333
v 0.23333 -0.12216 0.02402
v 0.23333 -0.11941 -0.00069
v 0.23196 -0.11941 0.02471
v 0.23333 -0.11941 0.02402
v 0.23333 -0.11667 -0.00069
v 0.23333 -0.11804 0.02471
v 0.23196 -0.11667 0.02608
v 0.23333 -0.11667 0.02539
v 0.23333 -0.11392 -0.00069
v 0.23196 -0.11392 0.02608
v 0.23333 -0.11392 0.02539
v 0.23333 -0.11118 -0.00069
v 0.23333 -0.11255 0.02608
v 0.23196 -0.11118 0.02745
v 0.23333 -0.11118 0.02676
v 0.23333 -0.10843 -0.00069
v 0.23196 -0.10843 0.02745
v 0.23333 -0.10843 0.02676
v 0.23196 -0.10569 0.00000
v 0.23333 -0.10569 -0.00069
v 0.23196 -0.10569 0.02745
v 0.23333 -0.10569 0.02676
v 0.23333 -0.10431 0.00000
v 0.23333 -0.10431 0.00137
v 0.23333 -0.10294 0.00206
v 0.23196 -0.10294 0.02745
v 0.23333 -0.10294 0.02676
v 0.23333 -0.10157 0.00275
v 0.23333 -0.10157 0.00412
v 0.23333 -0.10157 0.00549
v 0.23333 -0.10157 0.00686
v 0.23333 -0.10157 0.00824
v 0.23333 -0.10157 0.00961
v 0.23333 -0.10157 0.01098
v 0.23333 -0.10020 0.01167
v 0.23333 -0.10020 0.02676
v 0.23333 -0.09882 0.01235
v 0.23333 -0.09882 0.01373
v 0.23333 -0.09882 0.01510
v 0.23333 -0.09882 0.01647
v 0.23333 -0.09882 0.01784
v 0.23333 -0.09882 0.01922
v 0.23333 -0.09882 0.02059
v 0.23333 -0.09882 0.02196
v 0.23333 -0.09882 0.02333
v 0.23333 -0.09882 0.02471
v 0.23333 -0.09882 0.02608
v 0.23471 -0.13039 0.00000
v 0.23471 -0.13039 0.00137
v 0.23471 -0.13039 0.00275
v 0.23471 -0.13039 0.00412
v 0.23471 -0.13039 0.00549
v 0.23471 -0.13039 0.00686
v 0.23471 -0.13039 0.00824
v 0.23471 -0.13039 0.00961
v 0.23471 -0.13039 0.01098
v 0.23471 -0.13039 0.01235
v 0.23471 -0.13039 0.01373
v 0.23471 -0.13039 0.01510
v 0.23608 -0.12902 0.00000
v 0.23608 -0.12765 -0.00069
v 0.23608 -0.12902 0.00137
v 0.23608 -0.12902 0.00275
v 0.23608 -0.12902 0.00412
v 0.23608 -0.12902 0.00549
v 0.23608 -0.12902 0.00686
v 0.23608 -0.12902 0.00824
v 0.23608 -0.12902 0.00961
v 0.23608 -0.12902 0.01098
v 0.23608 -0.12902 0.01235
v 0.23608 -0.12902 0.01373
v 0.23608 -0.12902 0.01510
v 0.23608 -0.12902 0.01647
v 0.23471 -0.12765 0.01784
v 0.23608 -0.12765 0.01716
v 0.23608 -0.12490 -0.00069
v 0.23608 -0.12627 0.01784
v 0.23608 -0.12627 0.01922
v 0.23471 -0.12490 0.02059
v 0.23608 -0.12490 0.01990
v 0.23608 -0.12216 -0.00069
v 0.23608 -0.12353 0.02059
v 0.23608 -0.12353 0.02196
v 0.23471 -0.12216 0.02333
v 0.23608 -0.12216 0.02265
v 0.23608 -0.11941 -0.00069
v 0.23471 -0.11941 0.02333
v 0.23608 -0.11941 0.02265
v 0.23608 -0.11667 -0.00069
v 0.23608 -0.11804 0.02333
v 0.23471 -0.11667 0.02471
v 0.23608 -0.11667 0.02402
v 0.23608 -0.11392 -0.00069
v 0.23471 -0.11392 0.02471
v 0.23608 -0.11392 0.02402
v 0.23608 -0.11118 -0.00069
v 0.23608 -0.11255 0.02471
v 0.23471 -0.11118 0.02608
v 0.23608 -0.11118 0.02539
v 0.23608 -0.10843 -0.00069
v 0.23471 -0.10843 0.02608
v 0.23608 -0.10843 0.02539
v 0.23471 -0.10569 0.00000
v 0.23608 -0.10706 0.00000
v 0.23608 -0.10569 0.00069
v 0.23471 -0.10569 0.02608
v 0.23608 -0.10569 0.02539
v 0.23608 -0.10431 0.00137
v 0.23471 -0.10294 0.00275
v 0.23608 -0.10431 0.00275
v 0.23471 -0.10294 0.00412
v 0.23608 -0.10431 0.00412
v 0.23471 -0.10294 0.00549
v 0.23608 -0.10431 0.00549
v 0.23608 -0.10294 0.00618
v 0.23471 -0.10294 0.02608
v 0.23608 -0.10294 0.02539
v 0.23608 -0.10157 0.00686
v 0.23608 -0.10157 0.00824
v 0.23608 -0.10157 0.00961
v 0.23608 -0.10157 0.01098
v 0.23471 -0.10020 0.01235
v 0.23608 -0.10157 0.01235
v 0.23608 -0.10020 0.01304
v 0.23471 -0.10020 0.02608
v 0.23608 -0.10020 0.02539
v 0.23608 -0.09882 0.01373
v 0.23608 -0.09882 0.01510
v 0.23608 -0.09882 0.01647
v 0.23608 -0.09882 0.01784
v 0.23608 -0.09882 0.01922
v 0.23608 -0.09882 0.02059
v 0.23608 -0.09882 0.02196
v 0.23608 -0.09882 0.02333
v 0.23608 -0.09882 0.02471
v 0.23882 -0.12902 0.00000
v 0.23882 -0.12765 -0.00069
v 0.23882 -0.12902 0.00137
v 0.23882 -0.12902 0.00275
v 0.23882 -0.12902 0.00412
v 0.23882 -0.12902 0.00549
v 0.23882 -0.12902 0.00686
v 0.23882 -0.12902 0.00824
v 0.23882 -0.12902 0.00961
v 0.23882 -0.12902 0.01098
v 0.23882 -0.12902 0.01235
v 0.23882 -0.12902 0.01373
v 0.23882 -0.12902 0.01510
v 0.23745 -0.12765 0.01647
v 0.23882 -0.12765 0.01578
v 0.23882 -0.12490 -0.00069
v 0.23882 -0.12627 0.01647
v 0.23882 -0.12627 0.01784
v 0.23745 -0.12490 0.01922
v 0.23882 -0.12490 0.01853
v 0.23882 -0.12216 -0.00069
v 0.23882 -0.12353 0.01922
v 0.23745 -0.12216 0.02059
v 0.23882 -0.12216 0.01990
v 0.23745 -0.12216 0.02196
v 0.23882 -0.11941 -0.00069
v 0.23882 -0.12078 0.02059
v 0.23745 -0.11941 0.02196
v 0.23882 -0.11941 0.02127
v 0.23882 -0.11667 -0.00069
v 0.23882 -0.11804 0.02196
v 0.23745 -0.11667 0.02333
v 0.23882 -0.11667 0.02265
v 0.23882 -0.11392 -0.00069
v 0.23745 -0.11392 0.02333
v 0.23882 -0.11392 0.02265
v 0.23882 -0.11118 -0.00069
v 0.23882 -0.11255 0.02333
v 0.23745 -0.11118 0.02471
v 0.23882 -0.11118 0.02402
v 0.23882 -0.10843 -0.00069
v 0.23745 -0.10843 0.02471
v 0.23882 -0.10843 0.02402
v 0.23745 -0.10569 0.00000
v 0.23882 -0.10569 -0.00069
v 0.23745 -0.10569 0.02471
v 0.23882 -0.10569 0.02402
v 0.23882 -0.10431 0.00000
v 0.23882 -0.10431 0.00137
v 0.23882 -0.10431 0.00275
v 0.23745 -0.10294 0.00412
v 0.23882 -0.10294 0.00343
v 0.23745 -0.10294 0.00549
v 0.23745 -0.10294 0.02471
v 0.23882 -0.10294 0.02402
v 0.23882 -0.10157 0.00412
v 0.23882 -0.10157 0.00549
v 0.23882 -0.10157 0.00686
v 0.23882 -0.10157 0.00824
v 0.23882 -0.10157 0.00961
v 0.23882 -0.10157 0.01098
v 0.23745 -0.10020 0.01235
v 0.23882 -0.10020 0.01167
v 0.23745 -0.10020 0.02471
v 0.23882 -0.10020 0.02402
v 0.23882 -0.09882 0.01235
v 0.23882 -0.09882 0.01373
v 0.23882 -0.09882 0.01510
v 0.23882 -0.09882 0.01647
v 0.23882 -0.09882 0.01784
v 0.23882 -0.09882 0.01922
v 0.23882 -0.09882 0.02059
v 0.23882 -0.09882 0.02196
v 0.23882 -0.09882 0.02333
v 0.24020 -0.12765 0.00000
v 0.24020 -0.12765 0.00137
v 0.24020 -0.12765 0.00275
v 0.24020 -0.12765 0.00412
v 0.24157 -0.12902 0.00549
v 0.24157 -0.12765 0.00480
v 0.24020 -0.12765 0.00686
v 0.24157 -0.12765 0.00618
v 0.24020 -0.12765 0.00824
v 0.24020 -0.12765 0.00961
v 0.24020 -0.12765 0.01098
v 0.24020 -0.12765 0.01235
v 0.24020 -0.12765 0.01373
v 0.24020 -0.12765 0.01510
v 0.24157 -0.12627 0.00000
v 0.24157 -0.12490 -0.00069
v 0.24157 -0.12627 0.00137
v 0.24157 -0.12627 0.00275
v 0.24157 -0.12627 0.00412
v 0.24157 -0.12627 0.00686
v 0.24157 -0.12627 0.00824
v 0.24157 -0.12627 0.00961
v 0.24157 -0.12627 0.01098
v 0.24157 -0.12627 0.01235
v 0.24157 -0.12627 0.01373
v 0.24157 -0.12627 0.01510
v 0.24157 -0.12627 0.01647
v 0.24020 -0.12490 0.01784
v 0.24157 -0.12490 0.01716
v 0.24157 -0.12216 -0.00069
v 0.24157 -0.12353 0.01784
v 0.24157 -0.12353 0.01922
v 0.24157 -0.12216 0.01990
v 0.24157 -0.11941 -0.00069
v 0.24020 -0.11941 0.02059
v 0.24157 -0.11941 0.01990
v 0.24157 -0.11667 -0.00069
v 0.24157 -0.11804 0.02059
v 0.24020 -0.11667 0.02196
v 0.24157 -0.11667 0.02127
v 0.24157 -0.11392 -0.00069
v 0.24157 -0.11529 0.02196
v 0.24157 -0.11392 0.02265
v 0.24157 -0.11118 -0.00069
v 0.24020 -0.11118 0.02333
v 0.24157 -0.11118 0.02265
v 0.24157 -0.10843 -0.00069
v 0.24020 -0.10843 0.02333
v 0.24157 -0.10843 0.02265
v 0.24157 -0.10569 -0.00069
v 0.24020 -0.10569 0.02333
v 0.24157 -0.10569 0.02265
v 0.24157 -0.10431 0.00000
v 0.24157 -0.10431 0.00137
v 0.24157 -0.10431 0.00275
v 0.24157 -0.10294 0.00343
v 0.24157 -0.10431 0.02333
v 0.24157 -0.10294 0.02402
v 0.24157 -0.10157 0.00412
v 0.24157 -0.10157 0.00549
v 0.24157 -0.10157 0.00686
v 0.24157 -0.10157 0.00824
v 0.24157 -0.10157 0.00961
v 0.24157 -0.10157 0.01098
v 0.24157 -0.10020 0.01167
v 0.24020 -0.10020 0.02333
v 0.24157 -0.10157 0.02333
v 0.24157 -0.10020 0.02265
v 0.24157 -0.09882 0.01235
v 0.24157 -0.09882 0.01373
v 0.24157 -0.09882 0.01510
v 0.24157 -0.09882 0.01647
v 0.24157 -0.09882 0.01784
v 0.24157 -0.09882 0.01922
v 0.24157 -0.09882 0.02059
v 0.24157 -0.09882 0.02196
v 0.24294 -0.12765 0.00549
v 0.24431 -0.12627 0.00000
v 0.24431 -0.12490 -0.00069
v 0.24431 -0.12627 0.00137
v 0.24431 -0.12627 0.00275
v 0.24431 -0.12627 0.00412
v 0.24431 -0.12627 0.00549
v 0.24431 -0.12627 0.00686
v 0.24431 -0.12627 0.00824
v 0.24431 -0.12627 0.00961
v 0.24431 -0.12627 0.01098
v 0.24431 -0.12627 0.01235
v 0.24431 -0.12627 0.01373
v 0.24294 -0.12490 0.01510
v 0.24431 -0.12490 0.01441
v 0.24294 -0.12490 0.01647
v 0.24431 -0.12216 -0.00069
v 0.24431 -0.12353 0.01510
v 0.24431 -0.12353 0.01647
v 0.24294 -0.12216 0.01784
v 0.24431 -0.12216 0.01716
v 0.24294 -0.12216 0.01922
v 0.24431 -0.11941 -0.00069
v 0.24431 -0.12078 0.01784
v 0.24431 -0.12078 0.01922
v 0.24431 -0.11941 0.01990
v 0.24431 -0.11667 -0.00069
v 0.24294 -0.11667 0.02059
v 0.24431 -0.11667 0.01990
v 0.24431 -0.11392 -0.00069
v 0.24431 -0.11529 0.02059
v 0.24294 -0.11392 0.02196
v 0.24431 -0.11392 0.02127
v 0.24431 -0.11118 -0.00069
v 0.24294 -0.11118 0.02196
v 0.24431 -0.11118 0.02127
v 0.24431 -0.10843 -0.00069
v 0.24294 -0.10843 0.02196
v 0.24431 -0.10843 0.02127
v 0.24294 -0.10569 0.00000
v 0.24431 -0.10706 0.00000
v 0.24431 -0.10569 0.00069
v 0.24431 -0.10706 0.02196
v 0.24431 -0.10569 0.02265
v 0.24431 -0.10431 0.00137
v 0.24431 -0.10431 0.00275
v 0.24294 -0.10294 0.00412
v 0.24431 -0.10431 0.00412
v 0.24294 -0.10294 0.00549
v 0.24431 -0.10431 0.00549
v 0.24431 -0.10294 0.00618
v 0.24294 -0.10294 0.02196
v 0.24431 -0.10431 0.02196
v 0.24431 -0.10294 0.02127
v 0.24294 -0.10294 0.02333
v 0.24431 -0.10157 0.00686
v 0.24431 -0.10157 0.00824
v 0.24431 -0.10157 0.00961
v 0.24431 -0.10157 0.01098
v 0.24294 -0.10020 0.01235
v 0.24431 -0.10157 0.01235
v 0.24431 -0.10020 0.01304
v 0.24431 -0.10157 0.02196
v 0.24431 -0.10020 0.02265
v 0.24431 -0.09882 0.01373
v 0.24431 -0.09882 0.01510
v 0.24431 -0.09882 0.01647
v 0.24431 -0.09882 0.01784
v 0.24431 -0.09882 0.01922
v 0.24431 -0.09882 0.02059
v 0.24431 -0.09882 0.02196
v 0.24569 -0.12490 0.00000
v 0.24569 -0.12490 0.00137
v 0.24706 -0.12627 0.00275
v 0.24706 -0.12490 0.00206
v 0.24706 -0.12627 0.00412
v 0.24706 -0.12627 0.00549
v 0.24706 -0.12627 0.00686
v 0.24706 -0.12627 0.00824
v 0.24569 -0.12490 0.00961
v 0.24706 -0.12490 0.00892
v 0.24569 -0.12490 0.01098
v 0.24569 -0.12490 0.01235
v 0.24569 -0.12490 0.01373
v 0.24706 -0.12353 0.00000
v 0.24706 -0.12216 -0.00069
v 0.24706 -0.12353 0.00137
v 0.24706 -0.12353 0.00961
v 0.24706 -0.12353 0.01098
v 0.24706 -0.12353 0.01235
v 0.24706 -0.12353 0.01373
v 0.24706 -0.12353 0.01510
v 0.24569 -0.12216 0.01647
v 0.24706 -0.12216 0.01578
v 0.24706 -0.11941 -0.00069
v 0.24706 -0.12078 0.01647
v 0.24569 -0.11941 0.01784
v 0.24706 -0.11941 0.01716
v 0.24569 -0.11941 0.01922
v 0.24706 -0.11667 -0.00069
v 0.24706 -0.11804 0.01784
v 0.24569 -0.11667 0.01922
v 0.24706 -0.11667 0.01853
v 0.24706 -0.11392 -0.00069
v 0.24569 -0.11392 0.01922
v 0.24706 -0.11392 0.01853
v 0.24569 -0.11392 0.02059
v 0.24706 -0.11118 -0.00069
v 0.24706 -0.11255 0.01922
v 0.24569 -0.11118 0.02059
v 0.24706 -0.11118 0.01990
v 0.24569 -0.10843 0.00000
v 0.24706 -0.10980 0.00000
v 0.24706 -0.10843 0.00069
v 0.24569 -0.10843 0.02059
v 0.24706 -0.10843 0.01990
v 0.24569 -0.10569 0.00137
v 0.24706 -0.10706 0.00137
v 0.24569 -0.10569 0.00275
v 0.24706 -0.10706 0.00275
v 0.24569 -0.10569 0.00412
v 0.24706 -0.10706 0.00412
v 0.24706 -0.10569 0.00480
v 0.24706 -0.10706 0.02059
v 0.24569 -0.10569 0.02196
v 0.24706 -0.10569 0.02127
v 0.24706 -0.10431 0.00549
v 0.24569 -0.10294 0.00686
v 0.24706 -0.10431 0.00686
v 0.24569 -0.10294 0.00824
v 0.24706 -0.10431 0.00824
v 0.24569 -0.10294 0.00961
v 0.24706 -0.10431 0.00961
v 0.24569 -0.10294 0.01098
v 0.24706 -0.10431 0.01098
v 0.24706 -0.10294 0.01167
v 0.24706 -0.10294 0.02127
v 0.24706 -0.10157 0.01235
v 0.24569 -0.10020 0.01373
v 0.24706 -0.10157 0.01373
v 0.24569 -0.10020 0.01510
v 0.24706 -0.10157 0.01510
v 0.24706 -0.10020 0.01578
v 0.24569 -0.10020 0.02196
v 0.24706 -0.10020 0.02127
v 0.24706 -0.09882 0.01647
v 0.24706 -0.09882 0.01784
v 0.24706 -0.09882 0.01922
v 0.24706 -0.09882 0.02059
v 0.24843 -0.12490 0.00275
v 0.24843 -0.12490 0.00412
v 0.24843 -0.12490 0.00549
v 0.24843 -0.12490 0.00686
v 0.24843 -0.12490 0.00824
v 0.24980 -0.12353 0.00000
v 0.24980 -0.12216 -0.00069
v 0.24980 -0.12353 0.00137
v 0.24980 -0.12353 0.00275
v 0.24980 -0.12353 0.00412
v 0.24980 -0.12353 0.00549
v 0.24980 -0.12353 0.00686
v 0.24980 -0.12353 0.00824
v 0.24980 -0.12353 0.00961
v 0.24980 -0.12353 0.01098
v 0.24843 -0.12216 0.01235
v 0.24980 -0.12216 0.01167
v 0.24843 -0.12216 0.01373
v 0.24843 -0.12216 0.01510
v 0.24980 -0.11941 -0.00069
v 0.24980 -0.12078 0.01235
v 0.24980 -0.12078 0.01373
v 0.24980 -0.12078 0.01510
v 0.24843 -0.11941 0.01647
v 0.24980 -0.11941 0.01578
v 0.24980 -0.11667 -0.00069
v 0.24980 -0.11804 0.01647
v 0.24843 -0.11667 0.01784
v 0.24980 -0.11667 0.01716
v 0.24980 -0.11392 -0.00069
v 0.24980 -0.11529 0.01784
v 0.24980 -0.11392 0.01853
v 0.24980 -0.11118 -0.00069
v 0.24843 -0.11118 0.01922
v 0.24980 -0.11118 0.01853
v 0.24980 -0.10980 0.00000
v 0.24843 -0.10843 0.00137
v 0.24980 -0.10980 0.00137
v 0.24843 -0.10843 0.00275
v 0.24980 -0.10980 0.00275
v 0.24843 -0.10843 0.00412
v 0.24980 -0.10980 0.00412
v 0.24843 -0.10843 0.00549
v 0.24980 -0.10980 0.00549
v 0.24980 -0.10843 0.00618
v 0.24980 -0.10980 0.01922
v 0.24980 -0.10843 0.01990
v 0.24843 -0.10569 0.00549
v 0.24843 -0.10569 0.00686
v 0.24980 -0.10706 0.00686
v 0.24843 -0.10569 0.00824
v 0.24980 -0.10706 0.00824
v 0.24980 -0.10569 0.00892
v 0.24843 -0.10569 0.01922
v 0.24980 -0.10706 0.01922
v 0.24980 -0.10569 0.01853
v 0.24843 -0.10569 0.02059
v 0.24980 -0.10431 0.00961
v 0.24980 -0.10431 0.01098
v 0.24843 -0.10294 0.01235
v 0.24980 -0.10431 0.01235
v 0.24980 -0.10294 0.01304
v 0.24980 -0.10431 0.01922
v 0.24843 -0.10294 0.02059
v 0.24980 -0.10294 0.01990
v 0.24980 -0.10157 0.01373
v 0.24980 -0.10157 0.01510
v 0.24843 -0.10020 0.01647
v 0.24980 -0.10157 0.01647
v 0.24843 -0.10020 0.01784
v 0.24980 -0.10157 0.01784
v 0.24980 -0.10020 0.01853
v 0.24843 -0.10020 0.02059
v 0.24980 -0.10020 0.01990
v 0.24980 -0.09882 0.01922
v 0.25255 -0.12353 0.00000
v 0.25255 -0.12216 -0.00069
v 0.25255 -0.12353 0.00137
v 0.25255 -0.12353 0.00275
v 0.25255 -0.12353 0.00412
v 0.25255 -0.12353 0.00549
v 0.25118 -0.12216 0.00686
v 0.25255 -0.12216 0.00618
v 0.25118 -0.12216 0.00824
v 0.25118 -0.12216 0.00961
v 0.25118 -0.12216 0.01098
v 0.25255 -0.11941 -0.00069
v 0.25255 -0.12078 0.00686
v 0.25255 -0.12078 0.00824
v 0.25255 -0.12078 0.00961
v 0.25255 -0.12078 0.01098
v 0.25255 -0.12078 0.01235
v 0.25255 -0.12078 0.01373
v 0.25255 -0.12078 0.01510
v 0.25255 -0.11941 0.01578
v 0.25255 -0.11667 -0.00069
v 0.25118 -0.11667 0.01647
v 0.25255 -0.11667 0.01578
v 0.25118 -0.11392 0.00000
v 0.25255 -0.11529 0.00000
v 0.25255 -0.11392 0.00069
v 0.25255 -0.11529 0.01647
v 0.25118 -0.11392 0.01784
v 0.25255 -0.11392 0.01716
v 0.25118 -0.11118 0.00000
v 0.25118 -0.11118 0.00137
v 0.25255 -0.11255 0.00137
v 0.25118 -0.11118 0.00275
v 0.25255 -0.11255 0.00275
v 0.25255 -0.11118 0.00343
v 0.25118 -0.11118 0.01784
v 0.25255 -0.11118 0.01716
v 0.25255 -0.10980 0.00412
v 0.25255 -0.10980 0.00549
v 0.25255 -0.10843 0.00618
v 0.25118 -0.10843 0.01784
v 0.25255 -0.10843 0.01716
v 0.25118 -0.10843 0.01922
v 0.25255 -0.10706 0.00686
v 0.25255 -0.10706 0.00824
v 0.25118 -0.10569 0.00961
v 0.25255 -0.10706 0.00961
v 0.25255 -0.10569 0.01029
v 0.25255 -0.10706 0.01784
v 0.25255 -0.10569 0.01853
v 0.25255 -0.10431 0.01098
v 0.25255 -0.10431 0.01235
v 0.25255 -0.10294 0.01304
v 0.25118 -0.10294 0.01922
v 0.25255 -0.10294 0.01853
v 0.25255 -0.10157 0.01373
v 0.25255 -0.10157 0.01510
v 0.25255 -0.10157 0.01647
v 0.25255 -0.10157 0.01784
v 0.25118 -0.10020 0.01922
v 0.25392 -0.12216 0.00000
v 0.25392 -0.12216 0.00137
v 0.25392 -0.12216 0.00275
v 0.25392 -0.12216 0.00412
v 0.25392 -0.12216 0.00549
v 0.25529 -0.12078 0.00000
v 0.25529 -0.11941 -0.00069
v 0.25529 -0.12078 0.00137
v 0.25529 -0.12078 0.00275
v 0.25529 -0.12078 0.00412
v 0.25529 -0.12078 0.00549
v 0.25529 -0.12078 0.00686
v 0.25529 -0.12078 0.00824
v 0.25529 -0.12078 0.00961
v 0.25529 -0.12078 0.01098
v 0.25529 -0.12078 0.01235
v 0.25392 -0.11941 0.01373
v 0.25529 -0.11941 0.01304
v 0.25392 -0.11941 0.01510
v 0.25529 -0.11667 -0.00069
v 0.25529 -0.11804 0.01373
v 0.25392 -0.11667 0.01510
v 0.25529 -0.11667 0.01441
v 0.25529 -0.11529 0.00000
v 0.25529 -0.11392 0.00069
v 0.25392 -0.11392 0.01510
v 0.25529 -0.11392 0.01441
v 0.25392 -0.11392 0.01647
v 0.25529 -0.11255 0.00137
v 0.25529 -0.11255 0.00275
v 0.25529 -0.11118 0.00343
v 0.25529 -0.11255 0.01510
v 0.25392 -0.11118 0.01647
v 0.25529 -0.11118 0.01578
v 0.25529 -0.10980 0.00412
v 0.25529 -0.10980 0.00549
v 0.25392 -0.10843 0.00686
v 0.25529 -0.10980 0.00686
v 0.25529 -0.10843 0.00755
v 0.25529 -0.10980 0.01647
v 0.25529 -0.10843 0.01716
v 0.25529 -0.10706 0.00824
v 0.25392 -0.10569 0.00961
v 0.25529 -0.10569 0.00892
v 0.25392 -0.10569 0.01784
v 0.25529 -0.10569 0.01716
v 0.25529 -0.10431 0.00961
v 0.25529 -0.10431 0.01098
v 0.25529 -0.10431 0.01235
v 0.25529 -0.10294 0.01304
v 0.25392 -0.10294 0.01784
v 0.25529 -0.10294 0.01716
v 0.25529 -0.10157 0.01373
v 0.25529 -0.10157 0.01510
v 0.25529 -0.10157 0.01647
v 0.25804 -0.12078 0.00000
v 0.25804 -0.11941 -0.00069
v 0.25804 -0.12078 0.00137
v 0.25804 -0.12078 0.00275
v 0.25804 -0.12078 0.00412
v 0.25804 -0.12078 0.00549
v 0.25804 -0.12078 0.00686
v 0.25667 -0.11941 0.00824
v 0.25804 -0.11941 0.00755
v 0.25667 -0.11941 0.00961
v 0.25667 -0.11941 0.01098
v 0.25667 -0.11941 0.01235
v 0.25804 -0.11667 -0.00069
v 0.25804 -0.11804 0.00824
v 0.25804 -0.11804 0.00961
v 0.25804 -0.11804 0.01098
v 0.25804 -0.11804 0.01235
v 0.25667 -0.11667 0.01373
v 0.25804 -0.11667 0.01304
v 0.25804 -0.11529 0.00000
v 0.25667 -0.11392 0.00137
v 0.25804 -0.11529 0.00137
v 0.25804 -0.11392 0.00206
v 0.25804 -0.11529 0.01373
v 0.25804 -0.11392 0.01441
v 0.25804 -0.11255 0.00275
v 0.25804 -0.11118 0.00343
v 0.25667 -0.11118 0.01510
v 0.25804 -0.11118 0.01441
v 0.25804 -0.10980 0.00412
v 0.25804 -0.10980 0.00549
v 0.25667 -0.10843 0.00686
v 0.25804 -0.10843 0.00618
v 0.25804 -0.10980 0.01510
v 0.25667 -0.10843 0.01647
v 0.25804 -0.10843 0.01578
v 0.25804 -0.10706 0.00686
v 0.25804 -0.10706 0.00824
v 0.25667 -0.10569 0.00961
v 0.25804 -0.10706 0.00961
v 0.25804 -0.10569 0.01029
v 0.25667 -0.10569 0.01647
v 0.25804 -0.10569 0.01578
v 0.25804 -0.10431 0.01098
v 0.25804 -0.10431 0.01235
v 0.25667 -0.10294 0.01373
v 0.25804 -0.10431 0.01373
v 0.25804 -0.10294 0.01441
v 0.25667 -0.10294 0.01647
v 0.25804 -0.10294 0.01578
v 0.25804 -0.10157 0.01510
v 0.25941 -0.11941 0.00000
v 0.25941 -0.11941 0.00137
v 0.25941 -0.11941 0.00275
v 0.25941 -0.11941 0.00412
v 0.25941 -0.11941 0.00549
v 0.25941 -0.11941 0.00686
v 0.26078 -0.11804 0.00000
v 0.26078 -0.11667 -0.00069
v 0.26078 -0.11804 0.00137
v 0.26078 -0.11804 0.00275
v 0.26078 -0.11804 0.00412
v 0.26078 -0.11804 0.00549
v 0.26078 -0.11804 0.00686
v 0.26078 -0.11804 0.00824
v 0.26078 -0.11804 0.00961
v 0.25941 -0.11667 0.01098
v 0.26078 -0.11667 0.01029
v 0.25941 -0.11667 0.01235
v 0.26078 -0.11529 0.00000
v 0.25941 -0.11392 0.00137
v 0.26078 -0.11392 0.00069
v 0.26078 -0.11529 0.01098
v 0.26078 -0.11529 0.01235
v 0.25941 -0.11392 0.01373
v 0.26078 -0.11392 0.01304
v 0.26078 -0.11255 0.00137
v 0.26078 -0.11255 0.00275
v 0.25941 -0.11118 0.00412
v 0.26078 -0.11255 0.00412
v 0.26078 -0.11118 0.00480
v 0.25941 -0.11118 0.01373
v 0.26078 -0.11118 0.01304
v 0.26078 -0.10980 0.00549
v 0.25941 -0.10843 0.00686
v 0.26078 -0.10980 0.00686
v 0.26078 -0.10843 0.00755
v 0.26078 -0.10980 0.01373
v 0.25941 -0.10843 0.01510
v 0.26078 -0.10843 0.01441
v 0.26078 -0.10706 0.00824
v 0.25941 -0.10569 0.00961
v 0.26078 -0.10569 0.00892
v 0.25941 -0.10569 0.01510
v 0.26078 -0.10569 0.01441
v 0.26078 -0.10431 0.00961
v 0.26078 -0.10431 0.01098
v 0.26078 -0.10431 0.01235
v 0.26078 -0.10431 0.01373
v 0.26078 -0.10431 0.01510
v 0.26078 -0.10294 0.01441
v 0.26078 -0.10294 0.01578
v 0.26078 -0.10157 0.01510
v 0.26353 -0.11804 0.00000
v 0.26353 -0.11667 -0.00069
v 0.26353 -0.11804 0.00137
v 0.26353 -0.11804 0.00275
v 0.26353 -0.11804 0.00412
v 0.26353 -0.11804 0.00549
v 0.26216 -0.11667 0.00686
v 0.26353 -0.11667 0.00618
v 0.26216 -0.11667 0.00824
v 0.26216 -0.11667 0.00961
v 0.26353 -0.11529 0.00000
v 0.26353 -0.11392 0.00069
v 0.26353 -0.11529 0.00686
v 0.26353 -0.11529 0.00824
v 0.26353 -0.11529 0.00961
v 0.26216 -0.11392 0.01098
v 0.26353 -0.11392 0.01029
v 0.26216 -0.11392 0.01235
v 0.26353 -0.11255 0.00137
v 0.26353 -0.11255 0.00275
v 0.26216 -0.11118 0.00412
v 0.26353 -0.11118 0.00343
v 0.26353 -0.11255 0.01098
v 0.26216 -0.11118 0.01235
v 0.26353 -0.11118 0.01167
v 0.26353 -0.10980 0.00412
v 0.26353 -0.10980 0.00549
v 0.26353 -0.10980 0.00686
v 0.26353 -0.10843 0.00755
v 0.26353 -0.10980 0.01235
v 0.26216 -0.10843 0.01373
v 0.26353 -0.10843 0.01304
v 0.26353 -0.10706 0.00824
v 0.26353 -0.10569 0.00892
v 0.26216 -0.10569 0.01373
v 0.26353 -0.10569 0.01304
v 0.26353 -0.10431 0.00961
v 0.26353 -0.10431 0.01098
v 0.26353 -0.10431 0.01235
v 0.26216 -0.10294 0.01510
v 0.26490 -0.11667 0.00000
v 0.26490 -0.11667 0.00137
v 0.26490 -0.11667 0.00275
v 0.26490 -0.11667 0.00412
v 0.26490 -0.11667 0.00549
v 0.26627 -0.11529 0.00137
v 0.26627 -0.11392 0.00069
v 0.26627 -0.11529 0.00275
v 0.26627 -0.11529 0.00412
v 0.26627 -0.11529 0.00549
v 0.26627 -0.11529 0.00686
v 0.26627 -0.11529 0.00824
v 0.26490 -0.11392 0.00961
v 0.26627 -0.11392 0.00892
v 0.26627 -0.11255 0.00137
v 0.26627 -0.11255 0.00275
v 0.26627 -0.11118 0.00343
v 0.26627 -0.11255 0.00961
v 0.26490 -0.11118 0.01098
v 0.26627 -0.11118 0.01029
v 0.26627 -0.10980 0.00412
v 0.26627 -0.10980 0.00549
v 0.26490 -0.10843 0.00686
v 0.26627 -0.10843 0.00618
v 0.26627 -0.10980 0.01098
v 0.26490 -0.10843 0.01235
v 0.26627 -0.10843 0.01167
v 0.26627 -0.10706 0.00686
v 0.26627 -0.10706 0.00824
v 0.26627 -0.10569 0.00892
v 0.26490 -0.10569 0.01235
v 0.26627 -0.10569 0.01167
v 0.26627 -0.10431 0.00961
v 0.26627 -0.10431 0.01098
v 0.26902 -0.11529 0.00137
v 0.26902 -0.11392 0.00069
v 0.26765 -0.11392 0.00275
v 0.26902 -0.11392 0.00206
v 0.26765 -0.11392 0.00412
v 0.26765 -0.11392 0.00549
v 0.26765 -0.11392 0.00686
v 0.26765 -0.11392 0.00824
v 0.26902 -0.11255 0.00137
v 0.26902 -0.11255 0.00412
v 0.26902 -0.11118 0.00343
v 0.26902 -0.11255 0.00549
v 0.26902 -0.11255 0.00686
v 0.26902 -0.11255 0.00824
v 0.26765 -0.11118 0.00961
v 0.26902 -0.11118 0.00892
v 0.26902 -0.10980 0.00412
v 0.26902 -0.10980 0.00549
v 0.26902 -0.10843 0.00618
v 0.26902 -0.10980 0.00961
v 0.26765 -0.10843 0.01098
v 0.26902 -0.10843 0.01029
v 0.26902 -0.10706 0.00686
v 0.26902 -0.10706 0.00824
v 0.26902 -0.10569 0.00892
v 0.26765 -0.10569 0.01098
v 0.26902 -0.10569 0.01029
v 0.26902 -0.10431 0.00961
v 0.27039 -0.11392 0.00137
v 0.27176 -0.11255 0.00412
v 0.27176 -0.11118 0.00343
v 0.27176 -0.11255 0.00549
v 0.27039 -0.11118 0.00686
v 0.27176 -0.11118 0.00618
v 0.27039 -0.11118 0.00824
v 0.27176 -0.10980 0.00412
v 0.27176 -0.10980 0.00549
v 0.27176 -0.10980 0.00686
v 0.27176 -0.10843 0.00618
v 0.27176 -0.10980 0.00824
v 0.27039 -0.10843 0.00961
v 0.27176 -0.10843 0.00892
v 0.27176 -0.10706 0.00686
v 0.27176 -0.10706 0.00824
v 0.27039 -0.10569 0.00961
v 0.27314 -0.11118 0.00412
v 0.27314 -0.11118 0.00549
v 0.27314 -0.10843 0.00686
v 0.27314 -0.10843 0.00824
f 3 2 1
f 2 5 4
f 1 2 4
f 5 7 6
f 4 5 6
f 7 8 6
f 11 10 9
f 10 13 12
f 9 10 12
f 13 15 14
f 12 13 14
f 15 3 1
f 15 1 14
f 14 1 16
f 1 4 16
f 4 17 16
f 4 6 17
f 6 18 17
f 8 19 18
f 6 8 18
f 22 21 20
f 21 23 20
f 26 25 24
f 25 28 27
f 24 25 27
f 28 11 9
f 28 9 27
f 27 9 29
f 9 12 29
f 12 30 29
f 12 14 30
f 14 31 30
f 14 16 31
f 16 32 31
f 16 17 32
f 17 33 32
f 17 18 33
f 18 34 33
f 19 36 35
f 19 35 18
f 18 35 34
f 36 22 20
f 36 20 35
f 35 20 37
f 23 39 38
f 23 38 20
f 20 38 37
f 39 40 38
f 26 24 41
f 24 27 42
f 41 24 42
f 44 42 27
f 44 27 43
f 43 27 29
f 29 30 43
f 30 45 43
f 30 31 45
f 31 46 45
f 31 32 46
f 32 47 46
f 32 33 47
f 33 48 47
f 33 34 48
f 34 49 48
f 34 35 49
f 35 50 49
f 35 37 50
f 37 51 50
f 37 38 51
f 38 52 51
f 40 54 53
f 40 53 38
f 38 53 52
f 54 56 55
f 53 54 55
f 56 57 55
f 44 43 58
f 43 45 59
f 58 43 59
f 61 59 45
f 61 45 60
f 60 45 46
f 46 47 60
f 47 62 60
f 47 48 62
f 48 63 62
f 48 49 63
f 49 64 63
f 49 50 64
f 50 65 64
f 50 51 65
f 51 66 65
f 67 68 66
f 67 66 52
f 52 66 51
f 52 53 69
f 67 52 69
f 53 55 70
f 69 53 70
f 55 57 70
f 61 60 71
f 60 62 72
f 71 60 72
f 62 63 73
f 72 62 73
f 63 64 74
f 73 63 74
f 64 65 75
f 74 64 75
f 77 75 65
f 77 65 76
f 76 65 66
f 68 78 76
f 66 68 76
f 77 76 79
f 76 78 79
f 82 81 80
f 81 84 83
f 80 81 83
f 84 86 85
f 83 84 85
f 86 88 87
f 85 86 87
f 88 90 89
f 87 88 89
f 90 92 91
f 89 90 91
f 92 94 93
f 91 92 93
f 94 96 95
f 93 94 95
f 96 98 97
f 95 96 97
f 98 99 97
f 102 101 100
f 101 104 103
f 100 101 103
f 104 82 80
f 104 80 103
f 103 80 105
f 80 83 105
f 83 106 105
f 83 85 106
f 85 107 106
f 85 87 107
f 87 108 107
f 3 89 2
f 3 108 89
f 108 87 89
f 91 2 89
f 5 2 91
f 93 5 91
f 7 5 93
f 7 109 8
f 7 93 109
f 93 95 109
f 95 97 109
f 97 110 109
f 99 112 111
f 99 111 97
f 97 111 110
f 112 114 113
f 111 112 113
f 114 116 115
f 113 114 115
f 116 117 115
f 120 119 118
f 119 122 121
f 118 119 121
f 122 102 100
f 122 100 121
f 121 100 123
f 100 103 123
f 103 124 123
f 103 105 124
f 105 125 124
f 11 106 10
f 11 125 106
f 125 105 106
f 107 10 106
f 13 10 107
f 108 13 107
f 15 13 108
f 108 3 15
f 126 8 109
f 19 8 126
f 22 110 21
f 22 126 110
f 126 109 110
f 21 127 23
f 21 110 127
f 110 111 127
f 111 113 127
f 113 128 127
f 113 115 128
f 115 129 128
f 117 131 130
f 117 130 115
f 115 130 129
f 131 133 132
f 130 131 132
f 133 134 132
f 136 120 118
f 135 136 118
f 118 121 135
f 121 137 135
f 121 123 137
f 123 138 137
f 26 124 25
f 26 138 124
f 138 123 124
f 125 25 124
f 28 25 125
f 125 11 28
f 126 36 19
f 126 22 36
f 127 39 23
f 39 139 40
f 39 127 139
f 127 128 139
f 128 129 139
f 129 140 139
f 129 130 140
f 130 141 140
f 130 132 141
f 132 142 141
f 134 144 143
f 134 143 132
f 132 143 142
f 144 146 145
f 143 144 145
f 146 147 145
f 149 136 135
f 148 149 135
f 135 137 148
f 137 150 148
f 137 138 150
f 138 151 150
f 41 138 26
f 41 152 138
f 152 151 138
f 42 152 41
f 153 152 42
f 42 44 153
f 139 54 40
f 140 54 139
f 56 54 140
f 56 154 57
f 56 140 154
f 140 141 154
f 141 142 154
f 142 155 154
f 142 143 155
f 143 156 155
f 143 145 156
f 145 157 156
f 147 159 158
f 147 158 145
f 145 158 157
f 159 160 158
f 149 148 161
f 163 161 148
f 163 148 162
f 162 148 150
f 150 151 162
f 151 164 162
f 151 152 164
f 152 165 164
f 152 153 165
f 153 166 165
f 58 153 44
f 58 167 153
f 167 166 153
f 59 167 58
f 168 167 59
f 59 61 168
f 67 169 68
f 69 169 67
f 170 169 69
f 70 170 69
f 171 170 70
f 57 171 70
f 57 154 171
f 154 172 171
f 154 155 172
f 155 173 172
f 155 156 173
f 156 174 173
f 175 176 174
f 175 174 157
f 157 174 156
f 157 158 177
f 175 157 177
f 158 160 177
f 163 162 178
f 162 164 179
f 178 162 179
f 181 179 164
f 181 164 180
f 180 164 165
f 165 166 180
f 166 182 180
f 166 167 182
f 167 183 182
f 167 168 183
f 168 184 183
f 71 168 61
f 71 185 168
f 185 184 168
f 72 185 71
f 186 185 72
f 73 186 72
f 187 186 73
f 74 187 73
f 188 187 74
f 75 188 74
f 189 188 75
f 75 77 189
f 190 68 169
f 78 68 190
f 169 170 190
f 170 191 190
f 170 171 191
f 171 192 191
f 171 172 192
f 172 193 192
f 172 173 193
f 173 194 193
f 173 174 194
f 174 195 194
f 176 196 195
f 174 176 195
f 181 180 197
f 180 182 198
f 197 180 198
f 182 183 199
f 198 182 199
f 183 184 200
f 199 183 200
f 184 185 201
f 200 184 201
f 203 201 185
f 203 185 202
f 202 185 186
f 186 187 202
f 187 204 202
f 187 188 204
f 188 205 204
f 188 189 205
f 189 206 205
f 79 189 77
f 79 207 189
f 207 206 189
f 78 207 79
f 78 190 207
f 190 208 207
f 190 191 208
f 191 209 208
f 191 192 209
f 192 210 209
f 211 212 210
f 211 210 193
f 193 210 192
f 193 194 213
f 211 193 213
f 194 195 214
f 213 194 214
f 195 196 214
f 203 202 215
f 202 204 216
f 215 202 216
f 204 205 217
f 216 204 217
f 205 206 218
f 217 205 218
f 206 207 219
f 218 206 219
f 207 208 220
f 219 207 220
f 208 209 221
f 220 208 221
f 209 210 222
f 221 209 222
f 210 212 222
f 225 224 223
f 224 227 226
f 223 224 226
f 227 229 228
f 226 227 228
f 229 231 230
f 228 229 230
f 231 233 232
f 230 231 232
f 233 235 234
f 232 233 234
f 235 237 236
f 234 235 236
f 237 239 238
f 236 237 238
f 239 241 240
f 238 239 240
f 241 243 242
f 240 241 242
f 243 244 242
f 247 246 245
f 246 249 248
f 245 246 248
f 249 251 250
f 248 249 250
f 223 81 82
f 225 223 82
f 225 82 250
f 225 250 251
f 226 81 223
f 84 81 226
f 228 84 226
f 86 84 228
f 230 86 228
f 88 86 230
f 232 88 230
f 90 88 232
f 234 90 232
f 92 90 234
f 236 92 234
f 94 92 236
f 238 94 236
f 96 94 238
f 240 96 238
f 98 96 240
f 98 252 99
f 98 240 252
f 240 242 252
f 244 254 253
f 244 253 242
f 242 253 252
f 254 256 255
f 253 254 255
f 256 258 257
f 255 256 257
f 258 259 257
f 262 261 260
f 261 264 263
f 260 261 263
f 264 247 245
f 264 245 263
f 263 245 265
f 102 248 101
f 102 265 248
f 265 245 248
f 250 101 248
f 104 101 250
f 250 82 104
f 252 112 99
f 253 112 252
f 114 112 253
f 255 114 253
f 116 114 255
f 116 266 117
f 116 255 266
f 255 257 266
f 259 268 267
f 259 267 257
f 257 267 266
f 268 270 269
f 267 268 269
f 270 271 269
f 273 262 260
f 272 273 260
f 120 263 119
f 120 272 263
f 272 260 263
f 265 119 263
f 122 119 265
f 265 102 122
f 266 131 117
f 267 131 266
f 133 131 267
f 133 274 134
f 133 267 274
f 267 269 274
f 271 276 275
f 271 275 269
f 269 275 274
f 276 278 277
f 275 276 277
f 278 279 277
f 281 273 272
f 280 281 272
f 272 136 280
f 120 136 272
f 274 144 134
f 275 144 274
f 146 144 275
f 146 282 147
f 146 275 282
f 275 277 282
f 279 284 283
f 279 283 277
f 277 283 282
f 284 286 285
f 283 284 285
f 286 288 287
f 285 286 287
f 288 289 287
f 291 281 280
f 290 291 280
f 280 149 290
f 136 149 280
f 282 159 147
f 159 292 160
f 159 282 292
f 282 283 292
f 283 285 292
f 285 293 292
f 285 287 293
f 287 294 293
f 289 296 295
f 289 295 287
f 287 295 294
f 296 297 295
f 299 291 290
f 298 299 290
f 161 290 149
f 161 300 290
f 300 298 290
f 161 163 300
f 175 301 176
f 177 301 175
f 302 301 177
f 160 302 177
f 160 292 302
f 292 303 302
f 292 293 303
f 293 304 303
f 293 294 304
f 294 305 304
f 294 295 305
f 295 306 305
f 297 308 307
f 297 307 295
f 295 307 306
f 308 309 307
f 299 298 310
f 312 310 298
f 312 298 311
f 311 298 300
f 178 300 163
f 178 313 300
f 313 311 300
f 179 313 178
f 314 313 179
f 179 181 314
f 315 176 301
f 196 176 315
f 301 302 315
f 302 316 315
f 302 303 316
f 303 317 316
f 303 304 317
f 304 318 317
f 304 305 318
f 305 319 318
f 320 321 319
f 320 319 306
f 306 319 305
f 306 307 322
f 320 306 322
f 307 309 322
f 312 311 323
f 311 313 324
f 323 311 324
f 326 324 313
f 326 313 325
f 325 313 314
f 197 314 181
f 197 327 314
f 327 325 314
f 198 327 197
f 328 327 198
f 199 328 198
f 329 328 199
f 200 329 199
f 330 329 200
f 201 330 200
f 331 330 201
f 201 203 331
f 211 332 212
f 213 332 211
f 333 332 213
f 214 333 213
f 334 333 214
f 196 334 214
f 196 315 334
f 315 335 334
f 315 316 335
f 316 336 335
f 337 338 336
f 337 336 317
f 317 336 316
f 317 318 339
f 337 317 339
f 318 319 340
f 339 318 340
f 319 321 340
f 326 325 341
f 325 327 342
f 341 325 342
f 327 328 343
f 342 327 343
f 328 329 344
f 343 328 344
f 329 330 345
f 344 329 345
f 330 331 346
f 345 330 346
f 348 215 347
f 346 215 348
f 346 203 215
f 346 331 203
f 216 347 215
f 349 347 216
f 217 349 216
f 350 349 217
f 218 350 217
f 351 350 218
f 219 351 218
f 352 351 219
f 220 352 219
f 353 352 220
f 221 353 220
f 354 353 221
f 354 355 356
f 354 221 355
f 221 222 355
f 212 332 357
f 212 357 222
f 222 357 355
f 332 333 358
f 357 332 358
f 333 334 359
f 358 333 359
f 334 335 360
f 359 334 360
f 335 336 361
f 360 335 361
f 336 338 361
f 348 347 362
f 347 349 363
f 362 347 363
f 349 350 364
f 363 349 364
f 350 351 365
f 364 350 365
f 351 352 366
f 365 351 366
f 352 353 367
f 366 352 367
f 353 354 368
f 367 353 368
f 354 356 368
f 371 370 369
f 370 373 372
f 369 370 372
f 373 375 374
f 372 373 374
f 375 377 376
f 374 375 376
f 377 378 376
f 381 380 379
f 380 383 382
f 379 380 382
f 225 382 383
f 225 383 224
f 224 383 384
f 384 385 224
f 224 385 227
f 369 385 371
f 369 229 385
f 229 227 385
f 372 229 369
f 231 229 372
f 374 231 372
f 233 231 374
f 376 233 374
f 235 233 376
f 378 235 376
f 378 386 235
f 386 237 235
f 386 387 237
f 237 387 239
f 387 388 239
f 239 388 241
f 388 389 241
f 241 389 243
f 390 244 243
f 390 243 391
f 391 243 389
f 391 393 392
f 390 391 392
f 393 394 392
f 397 396 395
f 396 399 398
f 395 396 398
f 247 398 399
f 247 399 246
f 246 399 400
f 379 400 381
f 379 249 400
f 249 246 400
f 382 249 379
f 251 249 382
f 382 225 251
f 390 254 244
f 392 254 390
f 256 254 392
f 394 256 392
f 394 401 256
f 401 258 256
f 402 259 258
f 402 258 403
f 403 258 401
f 403 405 404
f 402 403 404
f 405 406 404
f 409 408 407
f 395 261 262
f 397 395 262
f 397 262 407
f 397 407 408
f 398 261 395
f 264 261 398
f 398 247 264
f 402 268 259
f 404 268 402
f 270 268 404
f 270 410 271
f 404 410 270
f 404 411 410
f 404 406 411
f 411 413 412
f 410 411 412
f 413 414 412
f 416 409 407
f 415 416 407
f 407 273 415
f 262 273 407
f 410 276 271
f 412 276 410
f 278 276 412
f 278 417 279
f 412 417 278
f 412 418 417
f 412 414 418
f 418 420 419
f 417 418 419
f 420 422 421
f 419 420 421
f 422 423 421
f 425 416 415
f 424 425 415
f 415 281 424
f 273 281 415
f 417 284 279
f 419 284 417
f 286 284 419
f 421 286 419
f 288 286 421
f 288 426 289
f 421 426 288
f 421 427 426
f 421 423 427
f 427 429 428
f 426 427 428
f 429 430 428
f 432 425 424
f 431 432 424
f 424 291 431
f 281 291 424
f 426 296 289
f 296 433 297
f 296 426 433
f 426 428 433
f 430 435 434
f 430 434 428
f 428 434 433
f 435 437 436
f 434 435 436
f 437 438 436
f 440 432 431
f 439 440 431
f 431 299 439
f 291 299 431
f 433 308 297
f 441 433 434
f 441 309 433
f 441 442 309
f 309 308 433
f 434 436 443
f 441 434 443
f 436 438 443
f 440 439 444
f 446 310 445
f 444 310 446
f 444 299 310
f 444 439 299
f 310 312 445
f 449 447 448
f 321 448 447
f 321 320 448
f 320 450 448
f 450 320 451
f 320 322 451
f 451 322 309
f 442 451 309
f 446 445 452
f 454 323 453
f 452 323 454
f 452 312 323
f 452 445 312
f 324 453 323
f 455 453 324
f 324 326 455
f 337 456 338
f 456 457 458
f 456 337 457
f 337 339 457
f 447 449 457
f 447 457 340
f 340 457 339
f 447 340 321
f 454 453 459
f 453 455 460
f 459 453 460
f 455 326 341
f 455 341 460
f 460 341 461
f 461 341 462
f 341 342 462
f 464 343 463
f 464 462 343
f 462 342 343
f 344 463 343
f 465 463 344
f 345 465 344
f 466 465 345
f 346 466 345
f 467 466 346
f 346 348 467
f 355 468 356
f 357 468 355
f 469 468 357
f 358 469 357
f 470 469 358
f 359 470 358
f 471 470 359
f 471 472 473
f 471 359 472
f 359 360 472
f 472 360 474
f 360 361 474
f 338 456 475
f 338 475 361
f 361 475 474
f 456 458 475
f 464 463 476
f 463 465 477
f 476 463 477
f 465 466 478
f 477 465 478
f 466 467 479
f 478 466 479
f 467 348 362
f 467 362 479
f 479 362 480
f 480 362 481
f 362 363 481
f 481 363 482
f 363 364 482
f 482 364 483
f 364 365 483
f 485 366 484
f 485 483 366
f 483 365 366
f 484 486 487
f 484 366 486
f 366 367 486
f 486 367 488
f 367 368 488
f 356 468 489
f 356 489 368
f 368 489 488
f 468 469 490
f 489 468 490
f 469 470 491
f 490 469 491
f 470 471 492
f 491 470 492
f 471 473 492
f 485 484 493
f 484 487 493
f 496 495 494
f 495 498 497
f 494 495 497
f 498 500 499
f 497 498 499
f 371 499 500
f 371 500 370
f 370 500 501
f 501 502 370
f 370 502 373
f 502 503 373
f 373 503 375
f 503 504 375
f 375 504 377
f 505 378 377
f 505 377 506
f 506 377 504
f 506 508 507
f 505 506 507
f 508 510 509
f 507 508 509
f 510 512 511
f 509 510 511
f 512 514 513
f 511 512 513
f 514 515 513
f 518 517 516
f 517 520 519
f 516 517 519
f 381 519 520
f 381 520 380
f 380 520 521
f 494 521 496
f 494 383 521
f 383 380 521
f 497 383 494
f 384 383 497
f 499 384 497
f 385 384 499
f 499 371 385
f 505 386 378
f 507 386 505
f 387 386 507
f 509 387 507
f 388 387 509
f 511 388 509
f 389 388 511
f 513 389 511
f 391 389 513
f 515 391 513
f 515 522 391
f 522 393 391
f 523 394 393
f 523 393 524
f 524 393 522
f 524 526 525
f 523 524 525
f 526 527 525
f 530 529 528
f 397 528 529
f 397 529 396
f 396 529 531
f 516 531 518
f 516 399 531
f 399 396 531
f 519 399 516
f 400 399 519
f 519 381 400
f 523 401 394
f 525 401 523
f 403 401 525
f 527 403 525
f 527 532 403
f 532 405 403
f 533 406 405
f 533 405 534
f 534 405 532
f 534 536 535
f 533 534 535
f 536 537 535
f 540 539 538
f 528 408 409
f 530 528 409
f 530 409 538
f 530 538 539
f 528 397 408
f 533 411 406
f 535 411 533
f 413 411 535
f 413 541 414
f 535 541 413
f 535 542 541
f 535 537 542
f 542 544 543
f 541 542 543
f 544 545 543
f 547 540 538
f 546 547 538
f 538 416 546
f 409 416 538
f 541 418 414
f 543 418 541
f 420 418 543
f 545 420 543
f 545 548 420
f 548 422 420
f 549 423 422
f 549 422 550
f 550 422 548
f 550 551 549
f 554 553 552
f 553 547 546
f 553 546 552
f 552 546 555
f 546 425 555
f 416 425 546
f 549 427 423
f 551 427 549
f 551 556 427
f 556 429 427
f 557 430 429
f 557 429 558
f 558 429 556
f 558 559 557
f 561 554 552
f 560 561 552
f 552 555 560
f 555 562 560
f 555 432 562
f 425 432 555
f 557 435 430
f 559 435 557
f 559 563 435
f 563 437 435
f 564 438 437
f 564 437 565
f 565 437 563
f 565 566 564
f 568 561 560
f 567 568 560
f 560 562 567
f 562 569 567
f 562 440 569
f 432 440 562
f 442 570 571
f 441 570 442
f 570 441 572
f 441 443 572
f 438 564 573
f 438 573 443
f 443 573 572
f 564 566 573
f 568 567 574
f 576 574 567
f 576 567 575
f 575 567 569
f 444 569 440
f 444 577 569
f 577 575 569
f 444 446 577
f 448 578 449
f 578 579 580
f 578 448 579
f 448 450 579
f 579 450 581
f 450 451 581
f 581 451 442
f 571 581 442
f 576 575 582
f 584 582 575
f 584 575 583
f 583 575 577
f 452 577 446
f 452 585 577
f 585 583 577
f 452 454 585
f 458 586 587
f 457 586 458
f 449 578 588
f 449 588 457
f 457 588 586
f 578 580 588
f 584 583 589
f 583 585 590
f 589 583 590
f 585 454 459
f 585 459 590
f 590 459 591
f 593 460 592
f 593 591 460
f 591 459 460
f 461 592 460
f 594 592 461
f 462 594 461
f 595 594 462
f 462 464 595
f 472 596 473
f 596 597 598
f 596 472 597
f 472 474 597
f 597 474 599
f 474 475 599
f 599 475 458
f 587 599 458
f 593 592 600
f 592 594 601
f 600 592 601
f 594 595 602
f 601 594 602
f 595 464 476
f 595 476 602
f 602 476 603
f 605 477 604
f 605 603 477
f 603 476 477
f 478 604 477
f 606 604 478
f 479 606 478
f 607 606 479
f 480 607 479
f 608 607 480
f 481 608 480
f 609 608 481
f 482 609 481
f 610 609 482
f 483 610 482
f 611 610 483
f 483 485 611
f 486 612 487
f 488 612 486
f 613 612 488
f 489 613 488
f 614 613 489
f 614 615 616
f 614 489 615
f 489 490 615
f 615 490 617
f 490 491 617
f 617 491 618
f 491 492 618
f 473 596 619
f 473 619 492
f 492 619 618
f 596 598 619
f 605 604 620
f 604 606 621
f 620 604 621
f 606 607 622
f 621 606 622
f 607 608 623
f 622 607 623
f 608 609 624
f 623 608 624
f 609 610 625
f 624 609 625
f 610 611 626
f 625 610 626
f 611 485 493
f 611 493 626
f 626 493 627
f 487 612 628
f 487 628 493
f 493 628 627
f 612 613 629
f 628 612 629
f 613 614 630
f 629 613 630
f 614 616 630
f 633 632 631
f 632 635 634
f 631 632 634
f 635 637 636
f 634 635 636
f 637 638 636
f 641 640 639
f 640 643 642
f 639 640 642
f 496 642 643
f 496 643 495
f 495 643 644
f 644 645 495
f 495 645 498
f 631 645 633
f 631 500 645
f 500 498 645
f 634 500 631
f 501 500 634
f 636 501 634
f 502 501 636
f 638 502 636
f 638 646 502
f 646 503 502
f 646 647 503
f 503 647 504
f 647 648 504
f 504 648 506
f 648 649 506
f 506 649 508
f 649 650 508
f 508 650 510
f 650 651 510
f 510 651 512
f 651 652 512
f 512 652 514
f 653 515 514
f 653 514 654
f 654 514 652
f 654 656 655
f 653 654 655
f 656 657 655
f 660 659 658
f 659 662 661
f 658 659 661
f 518 661 662
f 518 662 517
f 517 662 663
f 639 663 641
f 639 520 663
f 520 517 663
f 642 520 639
f 521 520 642
f 642 496 521
f 653 522 515
f 655 522 653
f 524 522 655
f 657 524 655
f 657 664 524
f 664 526 524
f 665 527 526
f 665 526 666
f 666 526 664
f 666 668 667
f 665 666 667
f 668 669 667
f 672 671 670
f 658 529 530
f 660 658 530
f 660 530 670
f 660 670 671
f 661 529 658
f 531 529 661
f 661 518 531
f 665 532 527
f 667 532 665
f 534 532 667
f 669 534 667
f 669 673 534
f 673 536 534
f 674 537 536
f 674 536 675
f 675 536 673
f 675 676 674
f 679 678 677
f 670 539 540
f 672 670 540
f 672 540 677
f 672 677 678
f 670 530 539
f 674 542 537
f 676 542 674
f 676 680 542
f 680 544 542
f 681 545 544
f 681 544 682
f 682 544 680
f 682 683 681
f 685 679 677
f 684 685 677
f 677 547 684
f 540 547 677
f 681 548 545
f 683 548 681
f 683 686 548
f 686 550 548
f 687 551 550
f 687 550 688
f 688 550 686
f 688 689 687
f 692 691 690
f 684 553 554
f 685 684 554
f 685 554 690
f 685 690 691
f 684 547 553
f 687 556 551
f 689 556 687
f 689 693 556
f 693 558 556
f 694 559 558
f 694 558 695
f 695 558 693
f 695 696 694
f 698 692 690
f 697 698 690
f 690 561 697
f 554 561 690
f 694 563 559
f 696 563 694
f 696 699 563
f 699 565 563
f 565 699 700
f 566 565 700
f 702 698 697
f 701 702 697
f 697 568 701
f 561 568 697
f 571 703 704
f 570 703 571
f 703 570 705
f 570 572 705
f 705 572 706
f 572 573 706
f 706 573 566
f 700 706 566
f 702 701 707
f 709 574 708
f 707 574 709
f 707 568 574
f 707 701 568
f 574 576 708
f 580 710 711
f 579 710 580
f 710 579 712
f 579 581 712
f 712 581 571
f 704 712 571
f 709 708 713
f 715 582 714
f 713 582 715
f 713 576 582
f 713 708 576
f 582 584 714
f 587 716 717
f 586 716 587
f 716 586 718
f 586 588 718
f 718 588 580
f 711 718 580
f 715 714 719
f 714 584 589
f 714 589 719
f 719 589 720
f 722 590 721
f 722 720 590
f 720 589 590
f 591 721 590
f 723 721 591
f 591 593 723
f 598 724 725
f 597 724 598
f 724 597 726
f 597 599 726
f 726 599 587
f 717 726 587
f 722 721 727
f 721 723 728
f 727 721 728
f 730 600 729
f 728 600 730
f 728 593 600
f 728 723 593
f 601 729 600
f 731 729 601
f 602 731 601
f 732 731 602
f 603 732 602
f 733 732 603
f 603 605 733
f 615 734 616
f 734 735 736
f 734 615 735
f 615 617 735
f 735 617 737
f 617 618 737
f 737 618 738
f 618 619 738
f 738 619 598
f 725 738 598
f 730 729 739
f 729 731 740
f 739 729 740
f 731 732 741
f 740 731 741
f 732 733 742
f 741 732 742
f 733 605 620
f 733 620 742
f 742 620 743
f 743 620 744
f 620 621 744
f 744 621 745
f 621 622 745
f 745 622 746
f 622 623 746
f 748 624 747
f 748 746 624
f 746 623 624
f 625 747 624
f 749 747 625
f 626 749 625
f 750 749 626
f 627 750 626
f 751 750 627
f 628 751 627
f 752 751 628
f 752 753 754
f 752 628 753
f 628 629 753
f 753 629 755
f 629 630 755
f 616 734 756
f 616 756 630
f 630 756 755
f 734 736 756
f 748 747 757
f 747 749 758
f 757 747 758
f 749 750 759
f 758 749 759
f 750 751 760
f 759 750 760
f 751 752 761
f 760 751 761
f 752 754 761
f 764 763 762
f 763 766 765
f 762 763 765
f 633 765 766
f 633 766 632
f 632 766 767
f 767 768 632
f 632 768 635
f 768 769 635
f 635 769 637
f 770 638 637
f 770 637 771
f 771 637 769
f 771 772 770
f 775 774 773
f 641 773 774
f 641 774 640
f 640 774 776
f 776 777 640
f 640 777 643
f 762 777 764
f 762 644 777
f 644 643 777
f 765 644 762
f 645 644 765
f 765 633 645
f 770 646 638
f 772 646 770
f 772 778 646
f 778 647 646
f 778 779 647
f 647 779 648
f 779 780 648
f 648 780 649
f 780 781 649
f 649 781 650
f 781 782 650
f 650 782 651
f 782 783 651
f 651 783 652
f 783 784 652
f 652 784 654
f 784 785 654
f 654 785 656
f 786 657 656
f 786 656 787
f 787 656 785
f 787 788 786
f 660 790 789
f 659 660 789
f 789 791 659
f 659 791 662
f 773 791 775
f 773 663 791
f 663 662 791
f 773 641 663
f 786 664 657
f 788 664 786
f 788 792 664
f 792 666 664
f 792 793 666
f 666 793 668
f 794 669 668
f 794 668 795
f 795 668 793
f 795 796 794
f 799 798 797
f 672 797 798
f 672 798 671
f 671 798 800
f 800 660 671
f 790 660 800
f 794 673 669
f 796 673 794
f 796 801 673
f 801 675 673
f 675 801 802
f 676 675 802
f 805 804 803
f 797 678 679
f 799 797 679
f 799 679 803
f 799 803 804
f 797 672 678
f 802 680 676
f 806 680 802
f 808 807 682
f 808 682 806
f 806 682 680
f 682 807 683
f 810 805 803
f 809 810 803
f 803 685 809
f 679 685 803
f 808 811 807
f 807 686 683
f 807 811 686
f 811 812 686
f 812 813 686
f 686 813 688
f 688 813 814
f 689 688 814
f 817 816 815
f 809 691 692
f 810 809 692
f 810 692 815
f 810 815 816
f 809 685 691
f 814 693 689
f 818 693 814
f 818 819 693
f 693 819 695
f 695 819 820
f 696 695 820
f 822 817 815
f 821 822 815
f 815 698 821
f 692 698 815
f 820 699 696
f 823 699 820
f 699 823 824
f 700 699 824
f 826 822 821
f 825 826 821
f 821 702 825
f 698 702 821
f 703 827 704
f 827 828 829
f 827 703 828
f 703 705 828
f 828 705 830
f 705 706 830
f 830 706 700
f 824 830 700
f 826 825 831
f 833 707 832
f 831 707 833
f 831 702 707
f 831 825 702
f 707 709 832
f 710 834 711
f 834 835 836
f 834 710 835
f 710 712 835
f 704 827 837
f 704 837 712
f 712 837 835
f 827 829 837
f 833 832 838
f 840 713 839
f 838 713 840
f 838 709 713
f 838 832 709
f 713 715 839
f 717 841 842
f 716 841 717
f 841 716 843
f 716 718 843
f 711 834 844
f 711 844 718
f 718 844 843
f 834 836 844
f 840 839 845
f 839 715 719
f 839 719 845
f 845 719 846
f 846 719 847
f 719 720 847
f 720 848 847
f 722 848 720
f 725 849 850
f 724 849 725
f 849 724 851
f 724 726 851
f 851 726 717
f 842 851 717
f 848 722 727
f 852 848 727
f 854 728 853
f 854 852 728
f 852 727 728
f 728 730 853
f 735 855 736
f 855 856 857
f 855 735 856
f 735 737 856
f 856 737 858
f 737 738 858
f 858 738 725
f 850 858 725
f 854 853 859
f 853 730 739
f 853 739 859
f 859 739 860
f 860 739 861
f 739 740 861
f 861 740 862
f 740 741 862
f 862 741 863
f 741 742 863
f 863 742 864
f 742 743 864
f 864 743 865
f 743 744 865
f 865 744 866
f 744 745 866
f 866 745 867
f 745 746 867
f 868 746 748
f 868 869 746
f 869 867 746
f 869 868 870
f 753 871 754
f 871 872 873
f 871 753 872
f 753 755 872
f 872 755 874
f 755 756 874
f 736 855 875
f 736 875 756
f 756 875 874
f 855 857 875
f 868 748 757
f 870 868 757
f 870 757 876
f 876 757 758
f 876 758 877
f 758 759 877
f 877 759 878
f 759 760 878
f 878 760 879
f 760 761 879
f 754 871 880
f 754 880 761
f 761 880 879
f 871 873 880
f 883 882 881
f 764 881 882
f 764 882 763
f 763 882 884
f 884 885 763
f 763 885 766
f 885 886 766
f 766 886 767
f 886 887 767
f 767 887 768
f 887 888 768
f 768 888 769
f 888 889 769
f 769 889 771
f 890 772 771
f 890 771 891
f 891 771 889
f 891 893 892
f 890 891 892
f 893 895 894
f 892 893 894
f 895 897 896
f 894 895 896
f 897 898 896
f 901 900 899
f 775 899 900
f 775 900 774
f 774 900 902
f 902 903 774
f 774 903 776
f 881 903 883
f 881 777 903
f 777 776 903
f 881 764 777
f 890 778 772
f 892 778 890
f 779 778 892
f 894 779 892
f 780 779 894
f 896 780 894
f 781 780 896
f 898 781 896
f 898 904 781
f 904 782 781
f 904 905 782
f 782 905 783
f 905 906 783
f 783 906 784
f 906 907 784
f 784 907 785
f 907 908 785
f 785 908 787
f 909 788 787
f 909 787 910
f 910 787 908
f 910 911 909
f 790 913 912
f 789 790 912
f 899 912 901
f 899 791 912
f 791 789 912
f 899 775 791
f 909 792 788
f 911 792 909
f 911 914 792
f 914 793 792
f 916 915 795
f 916 795 914
f 914 795 793
f 795 915 796
f 799 918 917
f 798 799 917
f 917 919 798
f 798 919 800
f 919 790 800
f 913 790 919
f 916 920 915
f 915 801 796
f 915 920 801
f 920 921 801
f 801 921 922
f 802 801 922
f 805 924 923
f 804 805 923
f 923 799 804
f 918 799 923
f 922 806 802
f 925 806 922
f 926 808 806
f 926 806 927
f 927 806 925
f 927 929 928
f 926 927 928
f 929 930 928
f 933 932 931
f 932 810 931
f 932 924 810
f 924 805 810
f 926 811 808
f 928 811 926
f 812 811 928
f 930 812 928
f 930 934 812
f 934 813 812
f 813 934 935
f 814 813 935
f 938 937 936
f 931 816 817
f 933 931 817
f 933 817 936
f 933 936 937
f 931 810 816
f 935 818 814
f 939 818 935
f 939 940 818
f 818 940 819
f 819 940 941
f 820 819 941
f 943 938 936
f 942 943 936
f 936 822 942
f 817 822 936
f 941 823 820
f 944 823 941
f 823 944 945
f 824 823 945
f 947 943 942
f 946 947 942
f 942 826 946
f 822 826 942
f 829 948 949
f 828 948 829
f 948 828 950
f 828 830 950
f 950 830 824
f 945 950 824
f 947 946 951
f 953 831 952
f 951 831 953
f 951 826 831
f 951 946 826
f 831 833 952
f 836 954 955
f 835 954 836
f 954 835 956
f 835 837 956
f 956 837 829
f 949 956 829
f 953 952 957
f 959 838 958
f 957 838 959
f 957 833 838
f 957 952 833
f 838 840 958
f 842 960 961
f 841 960 842
f 960 841 962
f 841 843 962
f 962 843 963
f 843 844 963
f 963 844 836
f 955 963 836
f 959 958 964
f 958 840 845
f 958 845 964
f 964 845 965
f 965 845 966
f 845 846 966
f 968 847 967
f 968 966 847
f 966 846 847
f 847 848 967
f 850 969 970
f 849 969 850
f 969 849 971
f 849 851 971
f 971 851 842
f 961 971 842
f 968 967 972
f 967 848 852
f 967 852 972
f 972 852 973
f 852 974 973
f 854 974 852
f 857 975 976
f 856 975 857
f 975 856 977
f 856 858 977
f 977 858 850
f 970 977 850
f 974 854 859
f 978 974 859
f 978 859 979
f 859 860 979
f 979 860 980
f 860 861 980
f 980 861 981
f 861 862 981
f 981 862 982
f 862 863 982
f 982 863 983
f 863 864 983
f 983 864 984
f 864 865 984
f 984 865 985
f 865 866 985
f 987 867 986
f 987 985 867
f 985 866 867
f 869 986 867
f 988 986 869
f 869 870 988
f 873 989 990
f 872 989 873
f 989 872 991
f 872 874 991
f 991 874 992
f 874 875 992
f 992 875 857
f 976 992 857
f 987 986 993
f 986 988 994
f 993 986 994
f 988 870 876
f 988 876 994
f 994 876 995
f 995 876 996
f 876 877 996
f 996 877 997
f 877 878 997
f 997 878 998
f 878 879 998
f 998 879 999
f 879 880 999
f 999 880 873
f 990 999 873
f 883 1001 1000
f 882 883 1000
f 1000 1002 882
f 882 1002 884
f 1002 1003 884
f 884 1003 885
f 1003 1004 885
f 885 1004 886
f 1004 1005 886
f 886 1005 887
f 1005 1006 887
f 887 1006 888
f 1006 1007 888
f 888 1007 889
f 1007 1008 889
f 889 1008 891
f 1008 1009 891
f 891 1009 893
f 1009 1010 893
f 893 1010 895
f 1010 1011 895
f 895 1011 897
f 897 1011 1012
f 898 897 1012
f 901 1014 1013
f 900 901 1013
f 1013 1015 900
f 900 1015 902
f 1015 1016 902
f 902 1016 903
f 1016 883 903
f 1001 883 1016
f 1012 904 898
f 1017 904 1012
f 1017 1018 904
f 904 1018 905
f 1018 1019 905
f 905 1019 906
f 1019 1020 906
f 906 1020 907
f 1020 1021 907
f 907 1021 908
f 1021 1022 908
f 908 1022 910
f 910 1022 1023
f 911 910 1023
f 1026 1025 1024
f 913 1024 1025
f 913 1025 912
f 912 1025 1027
f 1027 901 912
f 1014 901 1027
f 1023 914 911
f 1028 914 1023
f 914 1028 1029
f 916 914 1029
f 1032 1031 1030
f 918 1030 1031
f 918 1031 917
f 917 1031 1033
f 1024 1033 1026
f 1024 919 1033
f 919 917 1033
f 1024 913 919
f 1029 920 916
f 1034 920 1029
f 1034 1035 920
f 920 1035 921
f 1036 922 921
f 1036 921 1037
f 1037 921 1035
f 1037 1038 1036
f 1041 1040 1039
f 1030 923 924
f 1032 1030 924
f 1032 924 1039
f 1032 1039 1040
f 1030 918 923
f 1036 925 922
f 1038 925 1036
f 1038 1042 925
f 1042 927 925
f 1042 1043 927
f 927 1043 929
f 929 1043 1044
f 930 929 1044
f 1047 1046 1045
f 1039 932 933
f 1041 1039 933
f 1041 933 1045
f 1041 1045 1046
f 1039 924 932
f 1044 934 930
f 1048 934 1044
f 934 1048 1049
f 935 934 1049
f 1052 1051 1050
f 1045 937 938
f 1047 1045 938
f 1047 938 1050
f 1047 1050 1051
f 1045 933 937
f 1049 939 935
f 1053 939 1049
f 1053 1054 939
f 939 1054 940
f 940 1054 1055
f 941 940 1055
f 1057 1052 1050
f 1056 1057 1050
f 1050 943 1056
f 938 943 1050
f 1055 944 941
f 1058 944 1055
f 1059 945 944
f 1059 944 1060
f 1060 944 1058
f 1060 1061 1059
f 1063 1057 1056
f 1062 1063 1056
f 1056 947 1062
f 943 947 1056
f 949 1064 1065
f 948 1064 949
f 1064 948 1066
f 948 950 1066
f 945 1059 1067
f 945 1067 950
f 950 1067 1066
f 1059 1061 1067
f 1063 1062 1068
f 1070 951 1069
f 1068 951 1070
f 1068 947 951
f 1068 1062 947
f 951 953 1069
f 955 1071 1072
f 954 1071 955
f 1071 954 1073
f 954 956 1073
f 1073 956 949
f 1065 1073 949
f 1070 1069 1074
f 1069 953 957
f 1069 957 1074
f 1074 957 1075
f 1076 957 959
f 1076 1077 957
f 1077 1075 957
f 1077 1076 1078
f 960 1079 961
f 1079 1080 1081
f 1079 960 1080
f 960 962 1080
f 1080 962 1082
f 962 963 1082
f 1082 963 955
f 1072 1082 955
f 1076 959 964
f 1078 1076 964
f 1078 964 1083
f 1083 964 965
f 1083 965 1084
f 965 966 1084
f 966 1085 1084
f 968 1085 966
f 970 1086 1087
f 969 1086 970
f 1086 969 1088
f 969 971 1088
f 961 1079 1089
f 961 1089 971
f 971 1089 1088
f 1079 1081 1089
f 1085 968 972
f 1090 1085 972
f 1090 972 1091
f 972 973 1091
f 973 1092 1091
f 974 1092 973
f 976 1093 1094
f 975 1093 976
f 1093 975 1095
f 975 977 1095
f 1095 977 970
f 1087 1095 970
f 1092 974 978
f 1096 1092 978
f 1096 978 1097
f 978 979 1097
f 1097 979 1098
f 979 980 1098
f 1098 980 1099
f 980 981 1099
f 1099 981 1100
f 981 982 1100
f 1100 982 1101
f 982 983 1101
f 1103 984 1102
f 1103 1101 984
f 1101 983 984
f 985 1102 984
f 1104 1102 985
f 985 987 1104
f 1107 1105 1106
f 990 1106 1105
f 990 989 1106
f 989 1108 1106
f 1108 989 1109
f 989 991 1109
f 1109 991 1110
f 991 992 1110
f 1110 992 976
f 1094 1110 976
f 1103 1102 1111
f 1102 1104 1112
f 1111 1102 1112
f 1104 987 993
f 1104 993 1112
f 1112 993 1113
f 1113 993 1114
f 993 994 1114
f 1114 994 1115
f 994 995 1115
f 1115 995 1116
f 995 996 1116
f 1116 996 1117
f 996 997 1117
f 1117 997 1118
f 997 998 1118
f 1105 1107 1118
f 1105 1118 999
f 999 1118 998
f 1105 999 990
f 1001 1120 1119
f 1000 1001 1119
f 1119 1121 1000
f 1000 1121 1002
f 1121 1122 1002
f 1002 1122 1003
f 1122 1123 1003
f 1003 1123 1004
f 1123 1124 1004
f 1004 1124 1005
f 1124 1125 1005
f 1005 1125 1006
f 1125 1126 1006
f 1006 1126 1007
f 1126 1127 1007
f 1007 1127 1008
f 1127 1128 1008
f 1008 1128 1009
f 1128 1129 1009
f 1009 1129 1010
f 1129 1130 1010
f 1010 1130 1011
f 1011 1130 1131
f 1012 1011 1131
f 1014 1133 1132
f 1013 1014 1132
f 1132 1134 1013
f 1013 1134 1015
f 1134 1135 1015
f 1015 1135 1016
f 1135 1001 1016
f 1120 1001 1135
f 1131 1017 1012
f 1136 1017 1131
f 1136 1137 1017
f 1017 1137 1018
f 1137 1138 1018
f 1018 1138 1019
f 1138 1139 1019
f 1019 1139 1020
f 1139 1140 1020
f 1020 1140 1021
f 1140 1141 1021
f 1021 1141 1022
f 1022 1141 1142
f 1023 1022 1142
f 1026 1144 1143
f 1025 1026 1143
f 1143 1145 1025
f 1025 1145 1027
f 1145 1014 1027
f 1133 1014 1145
f 1142 1028 1023
f 1146 1028 1142
f 1147 1029 1028
f 1147 1028 1148
f 1148 1028 1146
f 1148 1149 1147
f 1032 1151 1150
f 1031 1032 1150
f 1150 1152 1031
f 1031 1152 1033
f 1152 1026 1033
f 1144 1026 1152
f 1147 1034 1029
f 1149 1034 1147
f 1149 1153 1034
f 1153 1035 1034
f 1153 1154 1035
f 1035 1154 1037
f 1037 1154 1155
f 1038 1037 1155
f 1158 1157 1156
f 1041 1156 1157
f 1041 1157 1040
f 1040 1157 1159
f 1159 1032 1040
f 1151 1032 1159
f 1155 1042 1038
f 1160 1042 1155
f 1162 1161 1043
f 1162 1043 1160
f 1160 1043 1042
f 1043 1161 1044
f 1165 1164 1163
f 1156 1046 1047
f 1158 1156 1047
f 1158 1047 1163
f 1158 1163 1164
f 1156 1041 1046
f 1162 1166 1161
f 1161 1048 1044
f 1161 1166 1048
f 1166 1167 1048
f 1168 1049 1048
f 1168 1048 1169
f 1169 1048 1167
f 1169 1170 1168
f 1173 1172 1171
f 1163 1051 1052
f 1165 1163 1052
f 1165 1052 1171
f 1165 1171 1172
f 1163 1047 1051
f 1168 1053 1049
f 1170 1053 1168
f 1170 1174 1053
f 1174 1054 1053
f 1054 1174 1175
f 1055 1054 1175
f 1177 1173 1171
f 1176 1177 1171
f 1171 1057 1176
f 1052 1057 1171
f 1175 1058 1055
f 1178 1058 1175
f 1178 1179 1058
f 1058 1179 1060
f 1060 1179 1180
f 1061 1060 1180
f 1177 1176 1181
f 1176 1182 1181
f 1176 1057 1182
f 1057 1063 1182
f 1064 1183 1065
f 1183 1184 1185
f 1183 1064 1184
f 1064 1066 1184
f 1184 1066 1186
f 1066 1067 1186
f 1186 1067 1061
f 1180 1186 1061
f 1182 1063 1068
f 1187 1182 1068
f 1068 1188 1187
f 1070 1188 1068
f 1071 1189 1072
f 1189 1190 1191
f 1189 1071 1190
f 1071 1073 1190
f 1065 1183 1192
f 1065 1192 1073
f 1073 1192 1190
f 1183 1185 1192
f 1188 1070 1074
f 1193 1188 1074
f 1193 1074 1194
f 1074 1075 1194
f 1194 1075 1195
f 1075 1077 1195
f 1077 1196 1195
f 1078 1196 1077
f 1081 1197 1198
f 1080 1197 1081
f 1197 1080 1199
f 1080 1082 1199
f 1072 1189 1200
f 1072 1200 1082
f 1082 1200 1199
f 1189 1191 1200
f 1196 1078 1083
f 1201 1196 1083
f 1201 1083 1202
f 1083 1084 1202
f 1084 1203 1202
f 1085 1203 1084
f 1086 1204 1087
f 1204 1205 1206
f 1204 1086 1205
f 1086 1088 1205
f 1205 1088 1207
f 1088 1089 1207
f 1207 1089 1081
f 1198 1207 1081
f 1203 1085 1090
f 1208 1203 1090
f 1208 1090 1209
f 1090 1091 1209
f 1091 1210 1209
f 1092 1210 1091
f 1094 1211 1212
f 1093 1211 1094
f 1211 1093 1213
f 1093 1095 1213
f 1087 1204 1214
f 1087 1214 1095
f 1095 1214 1213
f 1204 1206 1214
f 1210 1092 1096
f 1215 1210 1096
f 1215 1096 1216
f 1096 1097 1216
f 1216 1097 1217
f 1097 1098 1217
f 1217 1098 1218
f 1098 1099 1218
f 1218 1099 1219
f 1099 1100 1219
f 1219 1100 1220
f 1100 1101 1220
f 1221 1101 1103
f 1221 1222 1101
f 1222 1220 1101
f 1222 1221 1223
f 1107 1224 1225
f 1106 1224 1107
f 1224 1106 1226
f 1106 1108 1226
f 1226 1108 1227
f 1108 1109 1227
f 1227 1109 1228
f 1109 1110 1228
f 1228 1110 1094
f 1212 1228 1094
f 1221 1103 1111
f 1223 1221 1111
f 1223 1111 1229
f 1229 1111 1112
f 1229 1112 1230
f 1112 1113 1230
f 1230 1113 1231
f 1113 1114 1231
f 1231 1114 1232
f 1114 1115 1232
f 1232 1115 1233
f 1115 1116 1233
f 1233 1116 1234
f 1116 1117 1234
f 1234 1117 1235
f 1117 1118 1235
f 1235 1118 1107
f 1225 1235 1107
f 1120 1237 1236
f 1119 1120 1236
f 1236 1238 1119
f 1119 1238 1121
f 1238 1239 1121
f 1121 1239 1122
f 1239 1240 1122
f 1122 1240 1123
f 1240 1241 1123
f 1123 1241 1124
f 1241 1242 1124
f 1124 1242 1125
f 1242 1243 1125
f 1125 1243 1126
f 1243 1244 1126
f 1126 1244 1127
f 1244 1245 1127
f 1127 1245 1128
f 1245 1246 1128
f 1128 1246 1129
f 1246 1247 1129
f 1129 1247 1130
f 1248 1131 1130
f 1248 1130 1249
f 1249 1130 1247
f 1249 1250 1248
f 1253 1252 1251
f 1133 1251 1252
f 1133 1252 1132
f 1132 1252 1254
f 1254 1255 1132
f 1132 1255 1134
f 1255 1256 1134
f 1134 1256 1135
f 1256 1120 1135
f 1237 1120 1256
f 1248 1136 1131
f 1250 1136 1248
f 1250 1257 1136
f 1257 1137 1136
f 1257 1258 1137
f 1137 1258 1138
f 1258 1259 1138
f 1138 1259 1139
f 1259 1260 1139
f 1139 1260 1140
f 1260 1261 1140
f 1140 1261 1141
f 1141 1261 1262
f 1142 1141 1262
f 1144 1264 1263
f 1143 1144 1263
f 1251 1263 1253
f 1251 1145 1263
f 1145 1143 1263
f 1251 1133 1145
f 1262 1146 1142
f 1265 1146 1262
f 1265 1266 1146
f 1146 1266 1148
f 1148 1266 1267
f 1149 1148 1267
f 1151 1269 1268
f 1150 1151 1268
f 1268 1270 1150
f 1150 1270 1152
f 1270 1144 1152
f 1264 1144 1270
f 1267 1153 1149
f 1271 1153 1267
f 1273 1272 1154
f 1273 1154 1271
f 1271 1154 1153
f 1154 1272 1155
f 1158 1275 1274
f 1157 1158 1274
f 1274 1276 1157
f 1157 1276 1159
f 1276 1151 1159
f 1269 1151 1276
f 1273 1277 1272
f 1272 1160 1155
f 1272 1277 1160
f 1277 1278 1160
f 1279 1162 1160
f 1279 1160 1280
f 1280 1160 1278
f 1280 1281 1279
f 1284 1283 1282
f 1165 1282 1283
f 1165 1283 1164
f 1164 1283 1285
f 1285 1158 1164
f 1275 1158 1285
f 1279 1166 1162
f 1281 1166 1279
f 1281 1286 1166
f 1286 1167 1166
f 1288 1287 1169
f 1288 1169 1286
f 1286 1169 1167
f 1169 1287 1170
f 1291 1290 1289
f 1282 1172 1173
f 1284 1282 1173
f 1284 1173 1289
f 1284 1289 1290
f 1282 1165 1172
f 1288 1292 1287
f 1287 1174 1170
f 1287 1292 1174
f 1292 1293 1174
f 1174 1293 1294
f 1175 1174 1294
f 1296 1291 1289
f 1295 1296 1289
f 1289 1177 1295
f 1173 1177 1289
f 1294 1178 1175
f 1297 1178 1294
f 1297 1298 1178
f 1178 1298 1179
f 1179 1298 1299
f 1180 1179 1299
f 1296 1295 1300
f 1302 1181 1301
f 1300 1181 1302
f 1300 1177 1181
f 1300 1295 1177
f 1181 1182 1301
f 1185 1303 1304
f 1184 1303 1185
f 1303 1184 1305
f 1184 1186 1305
f 1305 1186 1180
f 1299 1305 1180
f 1302 1301 1306
f 1301 1182 1187
f 1301 1187 1306
f 1306 1187 1307
f 1308 1187 1188
f 1308 1309 1187
f 1309 1307 1187
f 1309 1308 1310
f 1191 1311 1312
f 1190 1311 1191
f 1311 1190 1313
f 1190 1192 1313
f 1313 1192 1185
f 1304 1313 1185
f 1308 1188 1193
f 1310 1308 1193
f 1310 1193 1314
f 1314 1193 1194
f 1316 1195 1315
f 1316 1314 1195
f 1314 1194 1195
f 1195 1196 1315
f 1198 1317 1318
f 1197 1317 1198
f 1317 1197 1319
f 1197 1199 1319
f 1319 1199 1320
f 1199 1200 1320
f 1320 1200 1191
f 1312 1320 1191
f 1316 1315 1321
f 1315 1196 1201
f 1315 1201 1321
f 1321 1201 1322
f 1322 1201 1323
f 1201 1202 1323
f 1202 1324 1323
f 1203 1324 1202
f 1206 1325 1326
f 1205 1325 1206
f 1325 1205 1327
f 1205 1207 1327
f 1327 1207 1198
f 1318 1327 1198
f 1324 1203 1208
f 1328 1324 1208
f 1330 1209 1329
f 1330 1328 1209
f 1328 1208 1209
f 1209 1210 1329
f 1211 1331 1212
f 1331 1332 1333
f 1331 1211 1332
f 1211 1213 1332
f 1332 1213 1334
f 1213 1214 1334
f 1334 1214 1206
f 1326 1334 1206
f 1330 1329 1335
f 1329 1210 1215
f 1329 1215 1335
f 1335 1215 1336
f 1336 1215 1337
f 1215 1216 1337
f 1337 1216 1338
f 1216 1217 1338
f 1338 1217 1339
f 1217 1218 1339
f 1339 1218 1340
f 1218 1219 1340
f 1342 1220 1341
f 1342 1340 1220
f 1340 1219 1220
f 1222 1341 1220
f 1343 1341 1222
f 1222 1223 1343
f 1225 1344 1345
f 1224 1344 1225
f 1344 1224 1346
f 1224 1226 1346
f 1346 1226 1347
f 1226 1227 1347
f 1347 1227 1348
f 1227 1228 1348
f 1212 1331 1349
f 1212 1349 1228
f 1228 1349 1348
f 1331 1333 1349
f 1342 1341 1350
f 1341 1343 1351
f 1350 1341 1351
f 1343 1223 1229
f 1343 1229 1351
f 1351 1229 1352
f 1352 1229 1353
f 1229 1230 1353
f 1353 1230 1354
f 1230 1231 1354
f 1354 1231 1355
f 1231 1232 1355
f 1355 1232 1356
f 1232 1233 1356
f 1356 1233 1357
f 1233 1234 1357
f 1357 1234 1358
f 1234 1235 1358
f 1358 1235 1225
f 1345 1358 1225
f 1361 1360 1359
f 1237 1359 1360
f 1237 1360 1236
f 1236 1360 1362
f 1362 1363 1236
f 1236 1363 1238
f 1363 1364 1238
f 1238 1364 1239
f 1364 1365 1239
f 1239 1365 1240
f 1365 1366 1240
f 1240 1366 1241
f 1366 1367 1241
f 1241 1367 1242
f 1367 1368 1242
f 1242 1368 1243
f 1368 1369 1243
f 1243 1369 1244
f 1369 1370 1244
f 1244 1370 1245
f 1370 1371 1245
f 1245 1371 1246
f 1371 1372 1246
f 1246 1372 1247
f 1372 1373 1247
f 1247 1373 1249
f 1374 1250 1249
f 1374 1249 1375
f 1375 1249 1373
f 1375 1376 1374
f 1253 1378 1377
f 1252 1253 1377
f 1377 1379 1252
f 1252 1379 1254
f 1379 1380 1254
f 1254 1380 1255
f 1359 1380 1361
f 1359 1256 1380
f 1256 1255 1380
f 1359 1237 1256
f 1374 1257 1250
f 1376 1257 1374
f 1376 1381 1257
f 1381 1258 1257
f 1381 1382 1258
f 1258 1382 1259
f 1382 1383 1259
f 1259 1383 1260
f 1383 1384 1260
f 1260 1384 1261
f 1261 1384 1385
f 1262 1261 1385
f 1388 1387 1386
f 1264 1386 1387
f 1264 1387 1263
f 1263 1387 1389
f 1389 1253 1263
f 1378 1253 1389
f 1385 1265 1262
f 1390 1265 1385
f 1392 1391 1266
f 1392 1266 1390
f 1390 1266 1265
f 1266 1391 1267
f 1269 1394 1393
f 1268 1269 1393
f 1386 1393 1388
f 1386 1270 1393
f 1270 1268 1393
f 1386 1264 1270
f 1392 1395 1391
f 1391 1271 1267
f 1391 1395 1271
f 1395 1396 1271
f 1397 1273 1271
f 1397 1271 1398
f 1398 1271 1396
f 1398 1399 1397
f 1275 1401 1400
f 1274 1275 1400
f 1400 1402 1274
f 1274 1402 1276
f 1402 1269 1276
f 1394 1269 1402
f 1397 1277 1273
f 1399 1277 1397
f 1399 1403 1277
f 1403 1278 1277
f 1403 1404 1278
f 1278 1404 1280
f 1280 1404 1405
f 1281 1280 1405
f 1284 1407 1406
f 1283 1284 1406
f 1406 1408 1283
f 1283 1408 1285
f 1408 1275 1285
f 1401 1275 1408
f 1405 1286 1281
f 1409 1286 1405
f 1410 1288 1286
f 1410 1286 1411
f 1411 1286 1409
f 1411 1412 1410
f 1291 1414 1413
f 1290 1291 1413
f 1413 1284 1290
f 1407 1284 1413
f 1410 1292 1288
f 1412 1292 1410
f 1412 1415 1292
f 1415 1293 1292
f 1416 1294 1293
f 1416 1293 1417
f 1417 1293 1415
f 1417 1418 1416
f 1421 1420 1419
f 1420 1296 1419
f 1420 1414 1296
f 1414 1291 1296
f 1416 1297 1294
f 1418 1297 1416
f 1418 1422 1297
f 1422 1298 1297
f 1298 1422 1423
f 1299 1298 1423
f 1421 1419 1424
f 1419 1296 1300
f 1419 1300 1424
f 1424 1300 1425
f 1426 1300 1302
f 1426 1427 1300
f 1427 1425 1300
f 1427 1426 1428
f 1304 1429 1430
f 1303 1429 1304
f 1429 1303 1431
f 1303 1305 1431
f 1431 1305 1299
f 1423 1431 1299
f 1426 1302 1306
f 1428 1426 1306
f 1428 1306 1432
f 1432 1306 1307
f 1432 1307 1433
f 1307 1309 1433
f 1309 1434 1433
f 1310 1434 1309
f 1312 1435 1436
f 1311 1435 1312
f 1435 1311 1437
f 1311 1313 1437
f 1437 1313 1304
f 1430 1437 1304
f 1434 1310 1314
f 1438 1434 1314
f 1439 1314 1316
f 1439 1440 1314
f 1440 1438 1314
f 1440 1439 1441
f 1317 1442 1318
f 1442 1443 1444
f 1442 1317 1443
f 1317 1319 1443
f 1443 1319 1445
f 1319 1320 1445
f 1445 1320 1312
f 1436 1445 1312
f 1439 1316 1321
f 1441 1439 1321
f 1441 1321 1446
f 1446 1321 1322
f 1448 1323 1447
f 1448 1446 1323
f 1446 1322 1323
f 1323 1324 1447
f 1326 1449 1450
f 1325 1449 1326
f 1449 1325 1451
f 1325 1327 1451
f 1318 1442 1452
f 1318 1452 1327
f 1327 1452 1451
f 1442 1444 1452
f 1448 1447 1453
f 1447 1324 1328
f 1447 1328 1453
f 1453 1328 1454
f 1455 1328 1330
f 1455 1456 1328
f 1456 1454 1328
f 1456 1455 1457
f 1333 1458 1459
f 1332 1458 1333
f 1458 1332 1460
f 1332 1334 1460
f 1460 1334 1326
f 1450 1460 1326
f 1455 1330 1335
f 1457 1455 1335
f 1457 1335 1461
f 1461 1335 1336
f 1461 1336 1462
f 1336 1337 1462
f 1462 1337 1463
f 1337 1338 1463
f 1463 1338 1464
f 1338 1339 1464
f 1466 1340 1465
f 1466 1464 1340
f 1464 1339 1340
f 1340 1342 1465
f 1344 1467 1345
f 1467 1468 1469
f 1467 1344 1468
f 1344 1346 1468
f 1468 1346 1470
f 1346 1347 1470
f 1470 1347 1471
f 1347 1348 1471
f 1471 1348 1472
f 1348 1349 1472
f 1472 1349 1333
f 1459 1472 1333
f 1466 1465 1473
f 1465 1342 1350
f 1465 1350 1473
f 1473 1350 1474
f 1474 1350 1475
f 1350 1351 1475
f 1475 1351 1476
f 1351 1352 1476
f 1476 1352 1477
f 1352 1353 1477
f 1477 1353 1478
f 1353 1354 1478
f 1478 1354 1479
f 1354 1355 1479
f 1479 1355 1480
f 1355 1356 1480
f 1480 1356 1481
f 1356 1357 1481
f 1481 1357 1482
f 1357 1358 1482
f 1345 1467 1483
f 1345 1483 1358
f 1358 1483 1482
f 1467 1469 1483
f 1486 1485 1484
f 1485 1488 1487
f 1484 1485 1487
f 1488 1490 1489
f 1487 1488 1489
f 1490 1491 1489
f 1361 1493 1492
f 1360 1361 1492
f 1492 1494 1360
f 1360 1494 1362
f 1494 1495 1362
f 1362 1495 1363
f 1495 1496 1363
f 1363 1496 1364
f 1484 1496 1486
f 1484 1365 1496
f 1365 1364 1496
f 1487 1365 1484
f 1366 1365 1487
f 1489 1366 1487
f 1367 1366 1489
f 1491 1367 1489
f 1491 1497 1367
f 1497 1368 1367
f 1497 1498 1368
f 1368 1498 1369
f 1498 1499 1369
f 1369 1499 1370
f 1499 1500 1370
f 1370 1500 1371
f 1500 1501 1371
f 1371 1501 1372
f 1501 1502 1372
f 1372 1502 1373
f 1502 1503 1373
f 1373 1503 1375
f 1504 1376 1375
f 1504 1375 1505
f 1505 1375 1503
f 1505 1506 1504
f 1509 1508 1507
f 1378 1507 1508
f 1378 1508 1377
f 1377 1508 1510
f 1510 1511 1377
f 1377 1511 1379
f 1511 1512 1379
f 1379 1512 1380
f 1512 1361 1380
f 1493 1361 1512
f 1504 1381 1376
f 1506 1381 1504
f 1506 1513 1381
f 1513 1382 1381
f 1513 1514 1382
f 1382 1514 1383
f 1514 1515 1383
f 1383 1515 1384
f 1384 1515 1516
f 1385 1384 1516
f 1388 1518 1517
f 1387 1388 1517
f 1507 1517 1509
f 1507 1389 1517
f 1389 1387 1517
f 1507 1378 1389
f 1516 1390 1385
f 1519 1390 1516
f 1520 1392 1390
f 1520 1390 1521
f 1521 1390 1519
f 1521 1522 1520
f 1525 1524 1523
f 1394 1523 1524
f 1394 1524 1393
f 1393 1524 1526
f 1526 1388 1393
f 1518 1388 1526
f 1520 1395 1392
f 1522 1395 1520
f 1522 1527 1395
f 1527 1396 1395
f 1527 1528 1396
f 1396 1528 1398
f 1529 1399 1398
f 1529 1398 1530
f 1530 1398 1528
f 1530 1531 1529
f 1401 1533 1532
f 1400 1401 1532
f 1523 1532 1525
f 1523 1402 1532
f 1402 1400 1532
f 1523 1394 1402
f 1529 1403 1399
f 1531 1403 1529
f 1531 1534 1403
f 1534 1404 1403
f 1404 1534 1535
f 1405 1404 1535
f 1407 1537 1536
f 1406 1407 1536
f 1536 1538 1406
f 1406 1538 1408
f 1538 1401 1408
f 1533 1401 1538
f 1535 1409 1405
f 1539 1409 1535
f 1539 1540 1409
f 1409 1540 1411
f 1411 1540 1541
f 1412 1411 1541
f 1544 1543 1542
f 1414 1542 1543
f 1414 1543 1413
f 1413 1543 1545
f 1545 1407 1413
f 1537 1407 1545
f 1541 1415 1412
f 1546 1415 1541
f 1546 1547 1415
f 1415 1547 1417
f 1417 1547 1548
f 1418 1417 1548
f 1542 1420 1421
f 1542 1421 1544
f 1544 1421 1549
f 1542 1414 1420
f 1548 1422 1418
f 1550 1422 1548
f 1422 1550 1551
f 1423 1422 1551
f 1549 1421 1424
f 1552 1549 1424
f 1552 1424 1553
f 1424 1425 1553
f 1553 1425 1554
f 1425 1427 1554
f 1427 1555 1554
f 1428 1555 1427
f 1430 1556 1557
f 1429 1556 1430
f 1556 1429 1558
f 1429 1431 1558
f 1558 1431 1423
f 1551 1558 1423
f 1555 1428 1432
f 1559 1555 1432
f 1561 1433 1560
f 1561 1559 1433
f 1559 1432 1433
f 1433 1434 1560
f 1436 1562 1563
f 1435 1562 1436
f 1562 1435 1564
f 1435 1437 1564
f 1564 1437 1430
f 1557 1564 1430
f 1561 1560 1565
f 1560 1434 1438
f 1560 1438 1565
f 1565 1438 1566
f 1568 1440 1567
f 1568 1566 1440
f 1566 1438 1440
f 1440 1441 1567
f 1444 1569 1570
f 1443 1569 1444
f 1569 1443 1571
f 1443 1445 1571
f 1571 1445 1436
f 1563 1571 1436
f 1568 1567 1572
f 1567 1441 1446
f 1567 1446 1572
f 1572 1446 1573
f 1574 1446 1448
f 1574 1575 1446
f 1575 1573 1446
f 1575 1574 1576
f 1449 1577 1450
f 1577 1578 1579
f 1577 1449 1578
f 1449 1451 1578
f 1578 1451 1580
f 1451 1452 1580
f 1580 1452 1444
f 1570 1580 1444
f 1574 1448 1453
f 1576 1574 1453
f 1576 1453 1581
f 1581 1453 1454
f 1583 1456 1582
f 1583 1581 1456
f 1581 1454 1456
f 1456 1457 1582
f 1458 1584 1459
f 1584 1585 1586
f 1584 1458 1585
f 1458 1460 1585
f 1450 1577 1587
f 1450 1587 1460
f 1460 1587 1585
f 1577 1579 1587
f 1583 1582 1588
f 1582 1457 1461
f 1582 1461 1588
f 1588 1461 1589
f 1589 1461 1590
f 1461 1462 1590
f 1590 1462 1591
f 1462 1463 1591
f 1591 1463 1592
f 1463 1464 1592
f 1464 1593 1592
f 1466 1593 1464
f 1468 1594 1469
f 1594 1595 1596
f 1594 1468 1595
f 1468 1470 1595
f 1595 1470 1597
f 1470 1471 1597
f 1597 1471 1598
f 1471 1472 1598
f 1459 1584 1599
f 1459 1599 1472
f 1472 1599 1598
f 1584 1586 1599
f 1593 1466 1473
f 1600 1593 1473
f 1600 1473 1601
f 1473 1474 1601
f 1601 1474 1602
f 1474 1475 1602
f 1602 1475 1603
f 1475 1476 1603
f 1603 1476 1604
f 1476 1477 1604
f 1604 1477 1605
f 1477 1478 1605
f 1605 1478 1606
f 1478 1479 1606
f 1606 1479 1607
f 1479 1480 1607
f 1607 1480 1608
f 1480 1481 1608
f 1608 1481 1609
f 1481 1482 1609
f 1609 1482 1610
f 1482 1483 1610
f 1469 1594 1611
f 1469 1611 1483
f 1483 1611 1610
f 1594 1596 1611
f 1485 1486 1612
f 1488 1485 1612
f 1613 1488 1612
f 1490 1488 1613
f 1614 1490 1613
f 1490 1614 1491
f 1617 1616 1615
f 1493 1615 1616
f 1493 1616 1492
f 1492 1616 1618
f 1618 1619 1492
f 1492 1619 1494
f 1619 1620 1494
f 1494 1620 1495
f 1620 1621 1495
f 1495 1621 1496
f 1486 1622 1612
f 1486 1496 1622
f 1496 1621 1622
f 1612 1623 1613
f 1622 1623 1612
f 1613 1624 1614
f 1623 1624 1613
f 1614 1497 1491
f 1614 1624 1497
f 1624 1625 1497
f 1625 1626 1497
f 1497 1626 1498
f 1626 1627 1498
f 1498 1627 1499
f 1627 1628 1499
f 1499 1628 1500
f 1628 1629 1500
f 1500 1629 1501
f 1629 1630 1501
f 1501 1630 1502
f 1630 1631 1502
f 1502 1631 1503
f 1631 1632 1503
f 1503 1632 1505
f 1505 1632 1633
f 1506 1505 1633
f 1509 1635 1634
f 1508 1509 1634
f 1634 1636 1508
f 1508 1636 1510
f 1636 1637 1510
f 1510 1637 1511
f 1615 1637 1617
f 1615 1512 1637
f 1512 1511 1637
f 1615 1493 1512
f 1633 1513 1506
f 1638 1513 1633
f 1638 1639 1513
f 1513 1639 1514
f 1639 1640 1514
f 1514 1640 1515
f 1641 1516 1515
f 1641 1515 1642
f 1642 1515 1640
f 1642 1643 1641
f 1646 1645 1644
f 1518 1644 1645
f 1518 1645 1517
f 1517 1645 1647
f 1647 1509 1517
f 1635 1509 1647
f 1641 1519 1516
f 1643 1519 1641
f 1643 1648 1519
f 1648 1521 1519
f 1649 1522 1521
f 1649 1521 1650
f 1650 1521 1648
f 1650 1651 1649
f 1525 1653 1652
f 1524 1525 1652
f 1644 1652 1646
f 1644 1526 1652
f 1526 1524 1652
f 1644 1518 1526
f 1649 1527 1522
f 1651 1527 1649
f 1651 1654 1527
f 1654 1528 1527
f 1656 1655 1530
f 1656 1530 1654
f 1654 1530 1528
f 1530 1655 1531
f 1659 1658 1657
f 1533 1657 1658
f 1533 1658 1532
f 1532 1658 1660
f 1660 1525 1532
f 1653 1525 1660
f 1656 1661 1655
f 1655 1534 1531
f 1655 1661 1534
f 1661 1662 1534
f 1534 1662 1663
f 1535 1534 1663
f 1666 1665 1664
f 1537 1664 1665
f 1537 1665 1536
f 1536 1665 1667
f 1657 1667 1659
f 1657 1538 1667
f 1538 1536 1667
f 1657 1533 1538
f 1663 1539 1535
f 1668 1539 1663
f 1668 1669 1539
f 1539 1669 1540
f 1540 1669 1670
f 1541 1540 1670
f 1673 1672 1671
f 1544 1671 1672
f 1544 1672 1543
f 1543 1672 1674
f 1664 1674 1666
f 1664 1545 1674
f 1545 1543 1674
f 1664 1537 1545
f 1670 1546 1541
f 1675 1546 1670
f 1675 1676 1546
f 1546 1676 1547
f 1547 1676 1677
f 1548 1547 1677
f 1673 1671 1678
f 1671 1544 1549
f 1671 1549 1680
f 1671 1680 1678
f 1680 1549 1679
f 1680 1679 1681
f 1677 1550 1548
f 1682 1550 1677
f 1550 1682 1683
f 1551 1550 1683
f 1679 1549 1552
f 1681 1679 1552
f 1681 1552 1684
f 1684 1552 1553
f 1686 1554 1685
f 1686 1684 1554
f 1684 1553 1554
f 1554 1555 1685
f 1557 1687 1688
f 1556 1687 1557
f 1687 1556 1689
f 1556 1558 1689
f 1689 1558 1551
f 1683 1689 1551
f 1686 1685 1690
f 1685 1555 1559
f 1685 1559 1690
f 1690 1559 1691
f 1559 1692 1691
f 1561 1692 1559
f 1563 1693 1694
f 1562 1693 1563
f 1693 1562 1695
f 1562 1564 1695
f 1695 1564 1557
f 1688 1695 1557
f 1692 1561 1565
f 1696 1692 1565
f 1696 1565 1697
f 1565 1566 1697
f 1566 1698 1697
f 1568 1698 1566
f 1570 1699 1700
f 1569 1699 1570
f 1699 1569 1701
f 1569 1571 1701
f 1701 1571 1563
f 1694 1701 1563
f 1698 1568 1572
f 1702 1698 1572
f 1702 1572 1703
f 1572 1573 1703
f 1705 1575 1704
f 1705 1703 1575
f 1703 1573 1575
f 1575 1576 1704
f 1579 1706 1707
f 1578 1706 1579
f 1706 1578 1708
f 1578 1580 1708
f 1708 1580 1570
f 1700 1708 1570
f 1705 1704 1709
f 1711 1581 1710
f 1709 1581 1711
f 1709 1576 1581
f 1709 1704 1576
f 1581 1583 1710
f 1586 1712 1713
f 1585 1712 1586
f 1712 1585 1714
f 1585 1587 1714
f 1714 1587 1579
f 1707 1714 1579
f 1711 1710 1715
f 1710 1583 1588
f 1710 1588 1715
f 1715 1588 1716
f 1716 1588 1717
f 1588 1589 1717
f 1717 1589 1718
f 1589 1590 1718
f 1718 1590 1719
f 1590 1591 1719
f 1721 1592 1720
f 1721 1719 1592
f 1719 1591 1592
f 1592 1593 1720
f 1595 1722 1596
f 1722 1723 1724
f 1722 1595 1723
f 1595 1597 1723
f 1723 1597 1725
f 1597 1598 1725
f 1725 1598 1726
f 1598 1599 1726
f 1726 1599 1586
f 1713 1726 1586
f 1721 1720 1727
f 1720 1593 1600
f 1720 1600 1727
f 1727 1600 1728
f 1728 1600 1729
f 1600 1601 1729
f 1729 1601 1730
f 1601 1602 1730
f 1730 1602 1731
f 1602 1603 1731
f 1731 1603 1732
f 1603 1604 1732
f 1732 1604 1733
f 1604 1605 1733
f 1733 1605 1734
f 1605 1606 1734
f 1734 1606 1735
f 1606 1607 1735
f 1735 1607 1736
f 1607 1608 1736
f 1736 1608 1737
f 1608 1609 1737
f 1737 1609 1738
f 1609 1610 1738
f 1738 1610 1739
f 1610 1611 1739
f 1596 1722 1740
f 1596 1740 1611
f 1611 1740 1739
f 1722 1724 1740
f 1743 1742 1741
f 1742 1745 1744
f 1741 1742 1744
f 1745 1746 1744
f 1617 1748 1747
f 1616 1617 1747
f 1747 1749 1616
f 1616 1749 1618
f 1749 1750 1618
f 1618 1750 1619
f 1750 1751 1619
f 1619 1751 1620
f 1751 1752 1620
f 1620 1752 1621
f 1752 1753 1621
f 1621 1753 1622
f 1741 1753 1743
f 1741 1623 1753
f 1623 1622 1753
f 1744 1623 1741
f 1624 1623 1744
f 1746 1624 1744
f 1746 1754 1624
f 1754 1625 1624
f 1754 1755 1625
f 1625 1755 1626
f 1755 1756 1626
f 1626 1756 1627
f 1756 1757 1627
f 1627 1757 1628
f 1757 1758 1628
f 1628 1758 1629
f 1758 1759 1629
f 1629 1759 1630
f 1759 1760 1630
f 1630 1760 1631
f 1760 1761 1631
f 1631 1761 1632
f 1632 1761 1762
f 1633 1632 1762
f 1635 1764 1763
f 1634 1635 1763
f 1763 1765 1634
f 1634 1765 1636
f 1765 1766 1636
f 1636 1766 1637
f 1766 1617 1637
f 1748 1617 1766
f 1762 1638 1633
f 1767 1638 1762
f 1767 1768 1638
f 1638 1768 1639
f 1768 1769 1639
f 1639 1769 1640
f 1769 1770 1640
f 1640 1770 1642
f 1642 1770 1771
f 1643 1642 1771
f 1646 1773 1772
f 1645 1646 1772
f 1772 1774 1645
f 1645 1774 1647
f 1774 1635 1647
f 1764 1635 1774
f 1771 1648 1643
f 1775 1648 1771
f 1777 1776 1650
f 1777 1650 1775
f 1775 1650 1648
f 1650 1776 1651
f 1780 1779 1778
f 1653 1778 1779
f 1653 1779 1652
f 1652 1779 1781
f 1781 1646 1652
f 1773 1646 1781
f 1777 1782 1776
f 1776 1654 1651
f 1776 1782 1654
f 1782 1783 1654
f 1784 1656 1654
f 1784 1654 1785
f 1785 1654 1783
f 1785 1786 1784
f 1659 1788 1787
f 1658 1659 1787
f 1778 1787 1780
f 1778 1660 1787
f 1660 1658 1787
f 1778 1653 1660
f 1784 1661 1656
f 1786 1661 1784
f 1786 1789 1661
f 1789 1662 1661
f 1662 1789 1790
f 1663 1662 1790
f 1666 1792 1791
f 1665 1666 1791
f 1791 1793 1665
f 1665 1793 1667
f 1793 1659 1667
f 1788 1659 1793
f 1790 1668 1663
f 1794 1668 1790
f 1794 1795 1668
f 1668 1795 1669
f 1669 1795 1796
f 1670 1669 1796
f 1673 1798 1797
f 1672 1673 1797
f 1797 1799 1672
f 1672 1799 1674
f 1799 1666 1674
f 1792 1666 1799
f 1796 1675 1670
f 1800 1675 1796
f 1800 1801 1675
f 1675 1801 1676
f 1676 1801 1802
f 1677 1676 1802
f 1798 1673 1678
f 1803 1798 1678
f 1805 1680 1804
f 1805 1803 1680
f 1803 1678 1680
f 1680 1681 1804
f 1682 1807 1806
f 1682 1677 1807
f 1677 1802 1807
f 1682 1806 1683
f 1805 1804 1808
f 1804 1681 1684
f 1804 1684 1808
f 1808 1684 1809
f 1684 1810 1809
f 1686 1810 1684
f 1687 1811 1688
f 1811 1807 1812
f 1811 1689 1807
f 1811 1687 1689
f 1689 1806 1807
f 1806 1689 1683
f 1810 1686 1690
f 1813 1810 1690
f 1815 1691 1814
f 1815 1813 1691
f 1813 1690 1691
f 1691 1692 1814
f 1693 1816 1694
f 1816 1817 1818
f 1816 1693 1817
f 1693 1695 1817
f 1688 1811 1819
f 1688 1819 1695
f 1695 1819 1817
f 1811 1812 1819
f 1815 1814 1820
f 1814 1692 1696
f 1814 1696 1820
f 1820 1696 1821
f 1823 1697 1822
f 1823 1821 1697
f 1821 1696 1697
f 1697 1698 1822
f 1700 1824 1825
f 1699 1824 1700
f 1824 1699 1826
f 1699 1701 1826
f 1694 1816 1827
f 1694 1827 1701
f 1701 1827 1826
f 1816 1818 1827
f 1823 1822 1828
f 1822 1698 1702
f 1822 1702 1828
f 1828 1702 1829
f 1831 1703 1830
f 1831 1829 1703
f 1829 1702 1703
f 1703 1705 1830
f 1707 1832 1833
f 1706 1832 1707
f 1832 1706 1834
f 1706 1708 1834
f 1834 1708 1700
f 1825 1834 1700
f 1831 1830 1835
f 1830 1705 1709
f 1830 1709 1835
f 1835 1709 1836
f 1709 1837 1836
f 1711 1837 1709
f 1713 1838 1839
f 1712 1838 1713
f 1838 1712 1840
f 1712 1714 1840
f 1840 1714 1707
f 1833 1840 1707
f 1837 1711 1715
f 1841 1837 1715
f 1841 1715 1842
f 1715 1716 1842
f 1842 1716 1843
f 1716 1717 1843
f 1843 1717 1844
f 1717 1718 1844
f 1844 1718 1845
f 1718 1719 1845
f 1719 1846 1845
f 1721 1846 1719
f 1724 1847 1848
f 1723 1847 1724
f 1847 1723 1849
f 1723 1725 1849
f 1849 1725 1850
f 1725 1726 1850
f 1850 1726 1713
f 1839 1850 1713
f 1846 1721 1727
f 1851 1846 1727
f 1851 1727 1852
f 1727 1728 1852
f 1852 1728 1853
f 1728 1729 1853
f 1853 1729 1854
f 1729 1730 1854
f 1854 1730 1855
f 1730 1731 1855
f 1855 1731 1856
f 1731 1732 1856
f 1856 1732 1857
f 1732 1733 1857
f 1857 1733 1858
f 1733 1734 1858
f 1858 1734 1859
f 1734 1735 1859
f 1859 1735 1860
f 1735 1736 1860
f 1860 1736 1861
f 1736 1737 1861
f 1861 1737 1862
f 1737 1738 1862
f 1862 1738 1863
f 1738 1739 1863
f 1863 1739 1864
f 1739 1740 1864
f 1864 1740 1724
f 1848 1864 1724
f 1742 1743 1865
f 1745 1742 1865
f 1866 1745 1865
f 1745 1866 1746
f 1747 1748 1867
f 1867 1869 1868
f 1867 1868 1747
f 1747 1868 1749
f 1868 1870 1749
f 1749 1870 1750
f 1870 1871 1750
f 1750 1871 1751
f 1871 1872 1751
f 1751 1872 1752
f 1872 1873 1752
f 1752 1873 1753
f 1743 1874 1865
f 1743 1753 1874
f 1753 1873 1874
f 1865 1875 1866
f 1874 1875 1865
f 1866 1754 1746
f 1866 1875 1754
f 1875 1876 1754
f 1876 1877 1754
f 1754 1877 1755
f 1877 1878 1755
f 1755 1878 1756
f 1878 1879 1756
f 1756 1879 1757
f 1879 1880 1757
f 1757 1880 1758
f 1880 1881 1758
f 1758 1881 1759
f 1881 1882 1759
f 1759 1882 1760
f 1884 1883 1761
f 1884 1761 1882
f 1882 1761 1760
f 1761 1883 1762
f 1764 1886 1885
f 1763 1764 1885
f 1885 1887 1763
f 1763 1887 1765
f 1887 1888 1765
f 1765 1888 1766
f 1748 1889 1867
f 1748 1766 1889
f 1766 1888 1889
f 1867 1889 1869
f 1884 1890 1883
f 1883 1767 1762
f 1883 1890 1767
f 1890 1891 1767
f 1891 1892 1767
f 1767 1892 1768
f 1892 1893 1768
f 1768 1893 1769
f 1895 1894 1770
f 1895 1770 1893
f 1893 1770 1769
f 1770 1894 1771
f 1773 1897 1896
f 1772 1773 1896
f 1896 1898 1772
f 1772 1898 1774
f 1898 1764 1774
f 1886 1764 1898
f 1895 1899 1894
f 1894 1775 1771
f 1894 1899 1775
f 1899 1900 1775
f 1901 1777 1775
f 1901 1775 1902
f 1902 1775 1900
f 1902 1903 1901
f 1780 1905 1904
f 1779 1780 1904
f 1904 1906 1779
f 1779 1906 1781
f 1906 1773 1781
f 1897 1773 1906
f 1901 1782 1777
f 1903 1782 1901
f 1903 1907 1782
f 1907 1783 1782
f 1909 1908 1785
f 1909 1785 1907
f 1907 1785 1783
f 1785 1908 1786
f 1912 1911 1910
f 1788 1910 1911
f 1788 1911 1787
f 1787 1911 1913
f 1913 1780 1787
f 1905 1780 1913
f 1909 1914 1908
f 1916 1915 1789
f 1914 1916 1789
f 1914 1789 1786
f 1914 1786 1908
f 1789 1915 1790
f 1792 1918 1917
f 1791 1792 1917
f 1910 1917 1912
f 1910 1793 1917
f 1793 1791 1917
f 1910 1788 1793
f 1916 1919 1915
f 1915 1794 1790
f 1915 1919 1794
f 1919 1920 1794
f 1920 1921 1794
f 1794 1921 1795
f 1795 1921 1922
f 1796 1795 1922
f 1798 1924 1923
f 1797 1798 1923
f 1923 1925 1797
f 1797 1925 1799
f 1925 1792 1799
f 1918 1792 1925
f 1922 1800 1796
f 1926 1800 1922
f 1928 1927 1801
f 1928 1801 1926
f 1926 1801 1800
f 1801 1927 1802
f 1803 1929 1930
f 1803 1930 1798
f 1798 1930 1924
f 1803 1805 1929
f 1928 1931 1927
f 1927 1931 1932
f 1927 1932 1802
f 1802 1932 1807
f 1930 1929 1933
f 1929 1805 1808
f 1929 1808 1933
f 1933 1808 1934
f 1936 1809 1935
f 1936 1934 1809
f 1934 1808 1809
f 1809 1810 1935
f 1939 1937 1938
f 1938 1937 1812
f 1938 1812 1932
f 1932 1812 1807
f 1936 1935 1940
f 1935 1810 1813
f 1935 1813 1940
f 1940 1813 1941
f 1813 1942 1941
f 1815 1942 1813
f 1945 1943 1944
f 1818 1944 1943
f 1818 1817 1944
f 1817 1946 1944
f 1937 1939 1946
f 1937 1946 1819
f 1819 1946 1817
f 1937 1819 1812
f 1942 1815 1820
f 1947 1942 1820
f 1947 1820 1948
f 1820 1821 1948
f 1821 1949 1948
f 1823 1949 1821
f 1825 1950 1951
f 1824 1950 1825
f 1950 1824 1952
f 1824 1826 1952
f 1943 1945 1952
f 1943 1952 1827
f 1827 1952 1826
f 1943 1827 1818
f 1949 1823 1828
f 1953 1949 1828
f 1953 1828 1954
f 1828 1829 1954
f 1829 1955 1954
f 1831 1955 1829
f 1832 1956 1833
f 1956 1957 1958
f 1956 1832 1957
f 1832 1834 1957
f 1957 1834 1825
f 1951 1957 1825
f 1955 1831 1835
f 1959 1955 1835
f 1959 1835 1960
f 1835 1836 1960
f 1836 1961 1960
f 1837 1961 1836
f 1839 1962 1963
f 1838 1962 1839
f 1962 1838 1964
f 1838 1840 1964
f 1833 1956 1965
f 1833 1965 1840
f 1840 1965 1964
f 1956 1958 1965
f 1961 1837 1841
f 1966 1961 1841
f 1966 1841 1967
f 1841 1842 1967
f 1967 1842 1968
f 1842 1843 1968
f 1970 1844 1969
f 1970 1968 1844
f 1968 1843 1844
f 1845 1969 1844
f 1971 1969 1845
f 1845 1846 1971
f 1974 1972 1973
f 1848 1973 1972
f 1848 1847 1973
f 1847 1975 1973
f 1975 1847 1976
f 1847 1849 1976
f 1976 1849 1977
f 1849 1850 1977
f 1977 1850 1839
f 1963 1977 1839
f 1970 1969 1978
f 1969 1971 1979
f 1978 1969 1979
f 1971 1846 1851
f 1971 1851 1979
f 1979 1851 1980
f 1980 1851 1981
f 1851 1852 1981
f 1981 1852 1982
f 1852 1853 1982
f 1982 1853 1983
f 1853 1854 1983
f 1983 1854 1984
f 1854 1855 1984
f 1984 1855 1985
f 1855 1856 1985
f 1985 1856 1986
f 1856 1857 1986
f 1986 1857 1987
f 1857 1858 1987
f 1987 1858 1988
f 1858 1859 1988
f 1988 1859 1989
f 1859 1860 1989
f 1989 1860 1990
f 1860 1861 1990
f 1990 1861 1991
f 1861 1862 1991
f 1991 1862 1992
f 1862 1863 1992
f 1972 1974 1992
f 1972 1992 1864
f 1864 1992 1863
f 1972 1864 1848
f 1995 1994 1993
f 1994 1997 1996
f 1993 1994 1996
f 1869 1996 1997
f 1869 1997 1868
f 1868 1997 1998
f 1998 1999 1868
f 1868 1999 1870
f 1999 2000 1870
f 1870 2000 1871
f 2000 2001 1871
f 1871 2001 1872
f 2001 2002 1872
f 1872 2002 1873
f 2002 2003 1873
f 1873 2003 1874
f 2003 2004 1874
f 1874 2004 1875
f 2004 2005 1875
f 1875 2005 1876
f 2005 2006 1876
f 1876 2006 1877
f 2006 2007 1877
f 1877 2007 1878
f 2007 2008 1878
f 1878 2008 1879
f 2008 2009 1879
f 1879 2009 1880
f 2011 2010 1881
f 2011 1881 2009
f 2009 1881 1880
f 1882 1881 2010
f 2012 1882 2010
f 1882 2012 1884
f 1886 2014 2013
f 1885 1886 2013
f 2013 2015 1885
f 1885 2015 1887
f 1993 2015 1995
f 1993 1888 2015
f 1888 1887 2015
f 1996 1888 1993
f 1889 1888 1996
f 1996 1869 1889
f 2011 2016 2010
f 2010 2017 2012
f 2016 2017 2010
f 2012 1890 1884
f 2012 2017 1890
f 2017 2018 1890
f 2018 2019 1890
f 1890 2019 1891
f 2019 2020 1891
f 1891 2020 1892
f 2020 2021 1892
f 1892 2021 1893
f 1893 2021 2022
f 1895 1893 2022
f 1897 2024 2023
f 1896 1897 2023
f 2023 2025 1896
f 1896 2025 1898
f 2025 1886 1898
f 2014 1886 2025
f 2022 1899 1895
f 2026 1899 2022
f 2026 2027 1899
f 1899 2027 1900
f 2029 2028 1902
f 2029 1902 2027
f 2027 1902 1900
f 1902 2028 1903
f 1905 2031 2030
f 1904 1905 2030
f 2030 2032 1904
f 1904 2032 1906
f 2032 1897 1906
f 2024 1897 2032
f 2029 2033 2028
f 2035 2034 1907
f 2033 2035 1907
f 2033 1907 1903
f 2033 1903 2028
f 1907 2034 1909
f 1912 2037 2036
f 1911 1912 2036
f 2036 2038 1911
f 1911 2038 1913
f 2038 1905 1913
f 2031 1905 2038
f 2035 2039 2034
f 2034 1914 1909
f 2034 2039 1914
f 2039 2040 1914
f 1914 2040 2041
f 1916 1914 2041
f 2044 2043 2042
f 1918 2042 2043
f 1918 2043 1917
f 1917 2043 2045
f 2045 1912 1917
f 2037 1912 2045
f 2041 1919 1916
f 2046 1919 2041
f 2046 2047 1919
f 1919 2047 1920
f 2049 2048 1921
f 2049 1921 2047
f 2047 1921 1920
f 1921 2048 1922
f 1924 2051 2050
f 1923 1924 2050
f 2042 2050 2044
f 2042 1925 2050
f 1925 1923 2050
f 2042 1918 1925
f 2049 2052 2048
f 2054 2053 1926
f 2052 2054 1926
f 2052 1926 1922
f 2052 1922 2048
f 1926 2053 1928
f 2051 1924 2055
f 2055 1924 1930
f 2057 2053 2054
f 2056 2053 2057
f 1931 1928 2053
f 1931 2053 2058
f 2058 2053 2056
f 1931 2058 1932
f 2055 1930 1933
f 2059 2055 1933
f 2059 1933 2060
f 1933 1934 2060
f 1934 2061 2060
f 1936 2061 1934
f 2057 2062 2056
f 2062 2063 1939
f 2062 1939 2058
f 2062 2058 2056
f 1938 2058 1939
f 2058 1938 1932
f 2061 1936 1940
f 2064 2061 1940
f 2064 1940 2065
f 1940 1941 2065
f 1941 2066 2065
f 1942 2066 1941
f 1944 2067 1945
f 2067 2068 2069
f 2067 1944 2068
f 1944 1946 2068
f 2068 1946 1939
f 2063 2068 1939
f 2066 1942 1947
f 2070 2066 1947
f 2070 1947 2071
f 1947 1948 2071
f 1948 2072 2071
f 1949 2072 1948
f 1950 2073 1951
f 2073 2074 2075
f 2073 1950 2074
f 1950 1952 2074
f 1945 2067 2076
f 1945 2076 1952
f 1952 2076 2074
f 2067 2069 2076
f 2072 1949 1953
f 2077 2072 1953
f 2077 1953 2078
f 1953 1954 2078
f 1954 2079 2078
f 1955 2079 1954
f 1958 2080 2081
f 1957 2080 1958
f 1951 2073 2082
f 1951 2082 1957
f 1957 2082 2080
f 2073 2075 2082
f 2079 1955 1959
f 2083 2079 1959
f 2083 1959 2084
f 1959 1960 2084
f 1960 2085 2084
f 1961 2085 1960
f 1963 2086 2087
f 1962 2086 1963
f 2086 1962 2088
f 1962 1964 2088
f 2088 1964 2089
f 1964 1965 2089
f 2089 1965 1958
f 2081 2089 1958
f 2085 1961 1966
f 2090 2085 1966
f 2090 1966 2091
f 1966 1967 2091
f 2091 1967 2092
f 1967 1968 2092
f 2093 1968 1970
f 2093 2094 1968
f 2094 2092 1968
f 2094 2093 2095
f 1974 2096 2097
f 1973 2096 1974
f 2096 1973 2098
f 1973 1975 2098
f 2098 1975 2099
f 1975 1976 2099
f 2099 1976 2100
f 1976 1977 2100
f 2100 1977 1963
f 2087 2100 1963
f 2093 1970 1978
f 2095 2093 1978
f 2095 1978 2101
f 2101 1978 1979
f 2101 1979 2102
f 1979 1980 2102
f 2102 1980 2103
f 1980 1981 2103
f 2103 1981 2104
f 1981 1982 2104
f 2104 1982 2105
f 1982 1983 2105
f 2105 1983 2106
f 1983 1984 2106
f 2106 1984 2107
f 1984 1985 2107
f 2107 1985 2108
f 1985 1986 2108
f 2108 1986 2109
f 1986 1987 2109
f 2109 1987 2110
f 1987 1988 2110
f 2110 1988 2111
f 1988 1989 2111
f 2111 1989 2112
f 1989 1990 2112
f 2112 1990 2113
f 1990 1991 2113
f 2113 1991 2114
f 1991 1992 2114
f 2114 1992 1974
f 2097 2114 1974
f 1994 1995 2115
f 2115 2117 2116
f 2115 2116 1994
f 1994 2116 1997
f 2116 2118 1997
f 1997 2118 1998
f 2118 2119 1998
f 1998 2119 1999
f 2119 2120 1999
f 1999 2120 2000
f 2120 2121 2000
f 2000 2121 2001
f 2121 2122 2001
f 2001 2122 2002
f 2122 2123 2002
f 2002 2123 2003
f 2123 2124 2003
f 2003 2124 2004
f 2124 2125 2004
f 2004 2125 2005
f 2125 2126 2005
f 2005 2126 2006
f 2126 2127 2006
f 2006 2127 2007
f 2127 2128 2007
f 2007 2128 2008
f 2128 2129 2008
f 2008 2129 2009
f 2130 2011 2009
f 2130 2009 2131
f 2131 2009 2129
f 2131 2132 2130
f 2135 2134 2133
f 2014 2133 2134
f 2014 2134 2013
f 2013 2134 2136
f 2136 2137 2013
f 2013 2137 2015
f 1995 2138 2115
f 1995 2015 2138
f 2015 2137 2138
f 2115 2138 2117
f 2130 2016 2011
f 2132 2016 2130
f 2132 2139 2016
f 2139 2017 2016
f 2139 2140 2017
f 2017 2140 2018
f 2140 2141 2018
f 2018 2141 2019
f 2141 2142 2019
f 2019 2142 2020
f 2144 2143 2021
f 2144 2021 2142
f 2142 2021 2020
f 2021 2143 2022
f 2024 2146 2145
f 2023 2024 2145
f 2133 2145 2135
f 2133 2025 2145
f 2025 2023 2145
f 2133 2014 2025
f 2144 2147 2143
f 2143 2026 2022
f 2143 2147 2026
f 2147 2148 2026
f 2148 2149 2026
f 2026 2149 2027
f 2027 2149 2150
f 2029 2027 2150
f 2153 2152 2151
f 2031 2151 2152
f 2031 2152 2030
f 2030 2152 2154
f 2154 2155 2030
f 2030 2155 2032
f 2155 2024 2032
f 2146 2024 2155
f 2150 2033 2029
f 2156 2033 2150
f 2033 2156 2157
f 2035 2033 2157
f 2160 2159 2158
f 2037 2158 2159
f 2037 2159 2036
f 2036 2159 2161
f 2151 2161 2153
f 2151 2038 2161
f 2038 2036 2161
f 2151 2031 2038
f 2157 2039 2035
f 2162 2039 2157
f 2162 2163 2039
f 2039 2163 2040
f 2040 2163 2164
f 2041 2040 2164
f 2044 2166 2165
f 2043 2044 2165
f 2158 2165 2160
f 2158 2045 2165
f 2045 2043 2165
f 2158 2037 2045
f 2164 2046 2041
f 2167 2046 2164
f 2167 2168 2046
f 2046 2168 2047
f 2047 2168 2169
f 2049 2047 2169
f 2051 2171 2170
f 2050 2051 2170
f 2170 2044 2050
f 2166 2044 2170
f 2169 2052 2049
f 2172 2052 2169
f 2052 2172 2173
f 2054 2052 2173
f 2171 2051 2174
f 2174 2051 2055
f 2173 2175 2054
f 2175 2057 2054
f 2174 2055 2059
f 2176 2174 2059
f 2176 2059 2177
f 2059 2060 2177
f 2060 2178 2177
f 2061 2178 2060
f 2062 2180 2179
f 2062 2057 2180
f 2057 2175 2180
f 2062 2179 2063
f 2178 2061 2064
f 2181 2178 2064
f 2181 2064 2182
f 2064 2065 2182
f 2065 2183 2182
f 2066 2183 2065
f 2186 2184 2185
f 2179 2069 2068
f 2180 2069 2179
f 2180 2184 2069
f 2180 2185 2184
f 2179 2068 2063
f 2183 2066 2070
f 2187 2183 2070
f 2187 2070 2188
f 2070 2071 2188
f 2189 2071 2072
f 2189 2190 2071
f 2190 2188 2071
f 2190 2189 2191
f 2075 2192 2193
f 2074 2192 2075
f 2184 2186 2192
f 2184 2192 2076
f 2076 2192 2074
f 2184 2076 2069
f 2189 2072 2077
f 2191 2189 2077
f 2191 2077 2194
f 2194 2077 2078
f 2078 2195 2194
f 2079 2195 2078
f 2081 2196 2197
f 2080 2196 2081
f 2196 2080 2198
f 2080 2082 2198
f 2198 2082 2075
f 2193 2198 2075
f 2195 2079 2083
f 2199 2195 2083
f 2199 2083 2200
f 2083 2084 2200
f 2201 2084 2085
f 2201 2202 2084
f 2202 2200 2084
f 2202 2201 2203
f 2086 2204 2087
f 2204 2205 2206
f 2204 2086 2205
f 2086 2088 2205
f 2205 2088 2207
f 2088 2089 2207
f 2207 2089 2081
f 2197 2207 2081
f 2201 2085 2090
f 2203 2201 2090
f 2203 2090 2208
f 2208 2090 2091
f 2208 2091 2209
f 2091 2092 2209
f 2209 2092 2210
f 2092 2094 2210
f 2094 2211 2210
f 2095 2211 2094
f 2097 2212 2213
f 2096 2212 2097
f 2212 2096 2214
f 2096 2098 2214
f 2214 2098 2215
f 2098 2099 2215
f 2215 2099 2216
f 2099 2100 2216
f 2087 2204 2217
f 2087 2217 2100
f 2100 2217 2216
f 2204 2206 2217
f 2211 2095 2101
f 2218 2211 2101
f 2218 2101 2219
f 2101 2102 2219
f 2219 2102 2220
f 2102 2103 2220
f 2220 2103 2221
f 2103 2104 2221
f 2221 2104 2222
f 2104 2105 2222
f 2222 2105 2223
f 2105 2106 2223
f 2223 2106 2224
f 2106 2107 2224
f 2224 2107 2225
f 2107 2108 2225
f 2225 2108 2226
f 2108 2109 2226
f 2226 2109 2227
f 2109 2110 2227
f 2227 2110 2228
f 2110 2111 2228
f 2228 2111 2229
f 2111 2112 2229
f 2229 2112 2230
f 2112 2113 2230
f 2230 2113 2231
f 2113 2114 2231
f 2231 2114 2097
f 2213 2231 2097
f 2116 2117 2232
f 2232 2234 2233
f 2232 2233 2116
f 2116 2233 2118
f 2233 2235 2118
f 2118 2235 2119
f 2235 2236 2119
f 2119 2236 2120
f 2236 2237 2120
f 2120 2237 2121
f 2237 2238 2121
f 2121 2238 2122
f 2238 2239 2122
f 2122 2239 2123
f 2239 2240 2123
f 2123 2240 2124
f 2240 2241 2124
f 2124 2241 2125
f 2241 2242 2125
f 2125 2242 2126
f 2242 2243 2126
f 2126 2243 2127
f 2243 2244 2127
f 2127 2244 2128
f 2244 2245 2128
f 2128 2245 2129
f 2245 2246 2129
f 2129 2246 2131
f 2131 2246 2247
f 2132 2131 2247
f 2135 2249 2248
f 2134 2135 2248
f 2248 2250 2134
f 2134 2250 2136
f 2250 2251 2136
f 2136 2251 2137
f 2251 2252 2137
f 2137 2252 2138
f 2117 2253 2232
f 2117 2138 2253
f 2138 2252 2253
f 2232 2253 2234
f 2247 2139 2132
f 2254 2139 2247
f 2254 2255 2139
f 2139 2255 2140
f 2255 2256 2140
f 2140 2256 2141
f 2256 2257 2141
f 2141 2257 2142
f 2258 2144 2142
f 2258 2142 2259
f 2259 2142 2257
f 2259 2260 2258
f 2263 2262 2261
f 2146 2261 2262
f 2146 2262 2145
f 2145 2262 2264
f 2264 2135 2145
f 2249 2135 2264
f 2258 2147 2144
f 2260 2147 2258
f 2260 2265 2147
f 2265 2148 2147
f 2265 2266 2148
f 2148 2266 2149
f 2149 2266 2267
f 2150 2149 2267
f 2153 2269 2268
f 2152 2153 2268
f 2268 2270 2152
f 2152 2270 2154
f 2261 2270 2263
f 2261 2155 2270
f 2155 2154 2270
f 2261 2146 2155
f 2267 2156 2150
f 2271 2156 2267
f 2272 2157 2156
f 2272 2156 2273
f 2273 2156 2271
f 2273 2274 2272
f 2160 2276 2275
f 2159 2160 2275
f 2275 2277 2159
f 2159 2277 2161
f 2277 2153 2161
f 2269 2153 2277
f 2272 2162 2157
f 2274 2162 2272
f 2274 2278 2162
f 2278 2163 2162
f 2279 2164 2163
f 2279 2163 2280
f 2280 2163 2278
f 2280 2281 2279
f 2284 2283 2282
f 2166 2282 2283
f 2166 2283 2165
f 2165 2283 2285
f 2285 2160 2165
f 2276 2160 2285
f 2279 2167 2164
f 2279 2168 2167
f 2279 2287 2168
f 2279 2281 2287
f 2286 2168 2287
f 2168 2286 2169
f 2282 2170 2171
f 2282 2171 2284
f 2284 2171 2288
f 2282 2166 2170
f 2287 2289 2286
f 2291 2290 2172
f 2289 2291 2172
f 2289 2172 2169
f 2289 2169 2286
f 2172 2290 2173
f 2288 2171 2292
f 2292 2171 2174
f 2294 2290 2291
f 2293 2290 2294
f 2290 2293 2175
f 2173 2290 2175
f 2292 2174 2176
f 2295 2292 2176
f 2295 2176 2296
f 2176 2177 2296
f 2177 2297 2296
f 2178 2297 2177
f 2299 2293 2294
f 2298 2293 2299
f 2293 2298 2180
f 2175 2293 2180
f 2297 2178 2181
f 2300 2297 2181
f 2300 2181 2301
f 2181 2182 2301
f 2302 2182 2183
f 2302 2303 2182
f 2303 2301 2182
f 2303 2302 2304
f 2298 2186 2185
f 2298 2299 2186
f 2299 2305 2186
f 2298 2185 2180
f 2302 2183 2187
f 2304 2302 2187
f 2304 2187 2306
f 2306 2187 2188
f 2308 2190 2307
f 2308 2306 2190
f 2306 2188 2190
f 2190 2191 2307
f 2193 2309 2310
f 2192 2309 2193
f 2309 2192 2186
f 2305 2309 2186
f 2308 2307 2311
f 2307 2191 2194
f 2307 2194 2311
f 2311 2194 2312
f 2313 2194 2195
f 2313 2314 2194
f 2314 2312 2194
f 2314 2313 2315
f 2197 2316 2317
f 2196 2316 2197
f 2316 2196 2318
f 2196 2198 2318
f 2318 2198 2193
f 2310 2318 2193
f 2313 2195 2199
f 2315 2313 2199
f 2315 2199 2319
f 2319 2199 2200
f 2319 2200 2320
f 2200 2202 2320
f 2202 2321 2320
f 2203 2321 2202
f 2206 2322 2323
f 2205 2322 2206
f 2322 2205 2324
f 2205 2207 2324
f 2324 2207 2197
f 2317 2324 2197
f 2321 2203 2208
f 2325 2321 2208
f 2325 2208 2326
f 2208 2209 2326
f 2326 2209 2327
f 2209 2210 2327
f 2210 2328 2327
f 2211 2328 2210
f 2212 2329 2213
f 2214 2329 2212
f 2330 2329 2214
f 2330 2331 2332
f 2330 2214 2331
f 2214 2215 2331
f 2331 2215 2333
f 2215 2216 2333
f 2333 2216 2334
f 2216 2217 2334
f 2334 2217 2206
f 2323 2334 2206
f 2328 2211 2218
f 2335 2328 2218
f 2335 2218 2336
f 2218 2219 2336
f 2336 2219 2337
f 2219 2220 2337
f 2337 2220 2338
f 2220 2221 2338
f 2338 2221 2339
f 2221 2222 2339
f 2339 2222 2340
f 2222 2223 2340
f 2340 2223 2341
f 2223 2224 2341
f 2343 2225 2342
f 2343 2341 2225
f 2341 2224 2225
f 2342 2344 2345
f 2342 2225 2344
f 2225 2226 2344
f 2344 2226 2346
f 2226 2227 2346
f 2346 2227 2347
f 2227 2228 2347
f 2347 2228 2348
f 2228 2229 2348
f 2348 2229 2349
f 2229 2230 2349
f 2349 2230 2350
f 2230 2231 2350
f 2213 2329 2351
f 2213 2351 2231
f 2231 2351 2350
f 2329 2330 2352
f 2351 2329 2352
f 2330 2332 2352
f 2343 2342 2353
f 2342 2345 2353
f 2356 2355 2354
f 2355 2358 2357
f 2354 2355 2357
f 2358 2360 2359
f 2357 2358 2359
f 2360 2362 2361
f 2359 2360 2361
f 2362 2364 2363
f 2361 2362 2363
f 2364 2366 2365
f 2363 2364 2365
f 2366 2368 2367
f 2365 2366 2367
f 2368 2370 2369
f 2367 2368 2369
f 2370 2372 2371
f 2369 2370 2371
f 2372 2373 2371
f 2376 2375 2374
f 2375 2378 2377
f 2374 2375 2377
f 2378 2380 2379
f 2377 2378 2379
f 2234 2379 2380
f 2234 2380 2233
f 2233 2380 2381
f 2354 2381 2356
f 2354 2235 2381
f 2235 2233 2381
f 2357 2235 2354
f 2236 2235 2357
f 2359 2236 2357
f 2237 2236 2359
f 2361 2237 2359
f 2238 2237 2361
f 2363 2238 2361
f 2239 2238 2363
f 2365 2239 2363
f 2240 2239 2365
f 2367 2240 2365
f 2241 2240 2367
f 2369 2241 2367
f 2242 2241 2369
f 2371 2242 2369
f 2243 2242 2371
f 2373 2243 2371
f 2373 2382 2243
f 2382 2244 2243
f 2382 2383 2244
f 2244 2383 2245
f 2383 2384 2245
f 2245 2384 2246
f 2385 2247 2246
f 2385 2246 2386
f 2386 2246 2384
f 2386 2388 2387
f 2385 2386 2387
f 2388 2390 2389
f 2387 2388 2389
f 2390 2391 2389
f 2394 2393 2392
f 2249 2392 2393
f 2249 2393 2248
f 2248 2393 2395
f 2395 2396 2248
f 2248 2396 2250
f 2374 2396 2376
f 2374 2251 2396
f 2251 2250 2396
f 2377 2251 2374
f 2252 2251 2377
f 2379 2252 2377
f 2253 2252 2379
f 2379 2234 2253
f 2385 2254 2247
f 2387 2254 2385
f 2255 2254 2387
f 2389 2255 2387
f 2256 2255 2389
f 2391 2256 2389
f 2391 2397 2256
f 2397 2257 2256
f 2397 2398 2257
f 2257 2398 2259
f 2399 2260 2259
f 2399 2259 2400
f 2400 2259 2398
f 2400 2402 2401
f 2399 2400 2401
f 2402 2403 2401
f 2406 2405 2404
f 2263 2404 2405
f 2263 2405 2262
f 2262 2405 2407
f 2392 2407 2394
f 2392 2264 2407
f 2264 2262 2407
f 2392 2249 2264
f 2399 2265 2260
f 2401 2265 2399
f 2266 2265 2401
f 2266 2408 2267
f 2401 2408 2266
f 2401 2409 2408
f 2401 2403 2409
f 2409 2411 2410
f 2408 2409 2410
f 2411 2412 2410
f 2269 2414 2413
f 2268 2269 2413
f 2404 2413 2406
f 2404 2270 2413
f 2270 2268 2413
f 2404 2263 2270
f 2408 2271 2267
f 2410 2271 2408
f 2273 2271 2410
f 2273 2410 2412
f 2273 2412 2274
f 2274 2412 2415
f 2276 2417 2416
f 2275 2276 2416
f 2416 2418 2275
f 2275 2418 2277
f 2418 2269 2277
f 2414 2269 2418
f 2415 2278 2274
f 2419 2278 2415
f 2421 2420 2280
f 2421 2280 2419
f 2419 2280 2278
f 2280 2420 2281
f 2284 2423 2422
f 2283 2284 2422
f 2422 2424 2283
f 2283 2424 2285
f 2424 2276 2285
f 2417 2276 2424
f 2421 2425 2420
f 2420 2425 2426
f 2420 2426 2281
f 2281 2426 2287
f 2423 2284 2427
f 2427 2284 2288
f 2289 2429 2428
f 2289 2287 2429
f 2287 2426 2429
f 2289 2428 2291
f 2427 2288 2430
f 2430 2288 2292
f 2432 2428 2429
f 2431 2428 2432
f 2428 2431 2294
f 2291 2428 2294
f 2430 2292 2295
f 2433 2430 2295
f 2433 2295 2434
f 2295 2296 2434
f 2296 2435 2434
f 2297 2435 2296
f 2437 2431 2432
f 2436 2431 2437
f 2431 2436 2299
f 2294 2431 2299
f 2435 2297 2300
f 2438 2435 2300
f 2438 2300 2439
f 2300 2301 2439
f 2441 2303 2440
f 2441 2439 2303
f 2439 2301 2303
f 2303 2304 2440
f 2443 2436 2437
f 2442 2436 2443
f 2436 2442 2305
f 2299 2436 2305
f 2441 2440 2444
f 2446 2306 2445
f 2444 2306 2446
f 2444 2304 2306
f 2444 2440 2304
f 2306 2308 2445
f 2449 2447 2448
f 2442 2310 2309
f 2443 2310 2442
f 2443 2447 2310
f 2443 2448 2447
f 2442 2309 2305
f 2446 2445 2450
f 2445 2308 2311
f 2445 2311 2450
f 2450 2311 2451
f 2453 2312 2452
f 2453 2451 2312
f 2451 2311 2312
f 2314 2452 2312
f 2454 2452 2314
f 2314 2315 2454
f 2317 2455 2456
f 2316 2455 2317
f 2447 2449 2455
f 2447 2455 2318
f 2318 2455 2316
f 2447 2318 2310
f 2453 2452 2457
f 2452 2454 2458
f 2457 2452 2458
f 2454 2315 2319
f 2454 2319 2458
f 2458 2319 2459
f 2461 2320 2460
f 2461 2459 2320
f 2459 2319 2320
f 2320 2321 2460
f 2323 2462 2463
f 2322 2462 2323
f 2462 2322 2464
f 2322 2324 2464
f 2464 2324 2317
f 2456 2464 2317
f 2461 2460 2465
f 2460 2321 2325
f 2460 2325 2465
f 2465 2325 2466
f 2466 2325 2467
f 2325 2326 2467
f 2469 2327 2468
f 2469 2467 2327
f 2467 2326 2327
f 2327 2328 2468
f 2331 2470 2332
f 2470 2471 2472
f 2470 2331 2471
f 2331 2333 2471
f 2471 2333 2473
f 2333 2334 2473
f 2473 2334 2323
f 2463 2473 2323
f 2469 2468 2474
f 2468 2328 2335
f 2468 2335 2474
f 2474 2335 2475
f 2475 2335 2476
f 2335 2336 2476
f 2476 2336 2477
f 2336 2337 2477
f 2477 2337 2478
f 2337 2338 2478
f 2480 2339 2479
f 2480 2478 2339
f 2478 2338 2339
f 2340 2479 2339
f 2481 2479 2340
f 2341 2481 2340
f 2482 2481 2341
f 2341 2343 2482
f 2344 2483 2345
f 2346 2483 2344
f 2484 2483 2346
f 2347 2484 2346
f 2485 2484 2347
f 2348 2485 2347
f 2486 2485 2348
f 2486 2487 2488
f 2486 2348 2487
f 2348 2349 2487
f 2487 2349 2489
f 2349 2350 2489
f 2489 2350 2490
f 2350 2351 2490
f 2490 2351 2491
f 2351 2352 2491
f 2332 2470 2492
f 2332 2492 2352
f 2352 2492 2491
f 2470 2472 2492
f 2480 2479 2493
f 2479 2481 2494
f 2493 2479 2494
f 2481 2482 2495
f 2494 2481 2495
f 2482 2343 2353
f 2482 2353 2495
f 2495 2353 2496
f 2345 2483 2497
f 2345 2497 2353
f 2353 2497 2496
f 2483 2484 2498
f 2497 2483 2498
f 2484 2485 2499
f 2498 2484 2499
f 2485 2486 2500
f 2499 2485 2500
f 2486 2488 2500
f 2503 2502 2501
f 2502 2505 2504
f 2501 2502 2504
f 2505 2506 2504
f 2509 2508 2507
f 2508 2510 2507
f 2513 2512 2511
f 2512 2515 2514
f 2511 2512 2514
f 2356 2514 2515
f 2356 2515 2355
f 2355 2515 2516
f 2516 2517 2355
f 2355 2517 2358
f 2501 2517 2503
f 2501 2360 2517
f 2360 2358 2517
f 2504 2360 2501
f 2362 2360 2504
f 2506 2362 2504
f 2506 2518 2362
f 2518 2364 2362
f 2507 2518 2509
f 2507 2366 2518
f 2366 2364 2518
f 2510 2366 2507
f 2510 2519 2366
f 2519 2368 2366
f 2519 2520 2368
f 2368 2520 2370
f 2520 2521 2370
f 2370 2521 2372
f 2522 2373 2372
f 2522 2372 2523
f 2523 2372 2521
f 2523 2525 2524
f 2522 2523 2524
f 2525 2527 2526
f 2524 2525 2526
f 2527 2529 2528
f 2526 2527 2528
f 2529 2531 2530
f 2528 2529 2530
f 2531 2533 2532
f 2530 2531 2532
f 2533 2534 2532
f 2537 2536 2535
f 2376 2535 2536
f 2376 2536 2375
f 2375 2536 2538
f 2538 2539 2375
f 2375 2539 2378
f 2511 2539 2513
f 2511 2380 2539
f 2380 2378 2539
f 2514 2380 2511
f 2381 2380 2514
f 2514 2356 2381
f 2522 2382 2373
f 2524 2382 2522
f 2383 2382 2524
f 2526 2383 2524
f 2384 2383 2526
f 2528 2384 2526
f 2386 2384 2528
f 2530 2386 2528
f 2388 2386 2530
f 2532 2388 2530
f 2390 2388 2532
f 2390 2540 2391
f 2532 2540 2390
f 2532 2541 2540
f 2532 2534 2541
f 2541 2543 2542
f 2540 2541 2542
f 2543 2544 2542
f 2547 2546 2545
f 2394 2545 2546
f 2394 2546 2393
f 2393 2546 2548
f 2548 2549 2393
f 2393 2549 2395
f 2535 2549 2537
f 2535 2396 2549
f 2396 2395 2549
f 2535 2376 2396
f 2540 2397 2391
f 2542 2397 2540
f 2398 2397 2542
f 2544 2398 2542
f 2544 2550 2398
f 2550 2400 2398
f 2552 2551 2402
f 2552 2402 2550
f 2550 2402 2400
f 2402 2551 2403
f 2406 2554 2553
f 2405 2406 2553
f 2545 2553 2547
f 2545 2407 2553
f 2407 2405 2553
f 2545 2394 2407
f 2552 2555 2551
f 2551 2409 2403
f 2551 2555 2409
f 2555 2556 2409
f 2558 2557 2411
f 2558 2411 2556
f 2556 2411 2409
f 2411 2557 2412
f 2414 2560 2559
f 2413 2414 2559
f 2559 2406 2413
f 2554 2406 2559
f 2562 2557 2558
f 2561 2557 2562
f 2557 2561 2415
f 2412 2557 2415
f 2417 2564 2563
f 2416 2417 2563
f 2563 2565 2416
f 2416 2565 2418
f 2565 2414 2418
f 2560 2414 2565
f 2562 2566 2561
f 2568 2567 2419
f 2566 2568 2419
f 2566 2419 2415
f 2566 2415 2561
f 2419 2567 2421
f 2423 2570 2569
f 2422 2423 2569
f 2569 2571 2422
f 2422 2571 2424
f 2571 2417 2424
f 2564 2417 2571
f 2568 2572 2567
f 2574 2573 2425
f 2572 2574 2425
f 2572 2425 2421
f 2572 2421 2567
f 2425 2573 2426
f 2570 2423 2575
f 2575 2423 2427
f 2577 2573 2574
f 2576 2573 2577
f 2573 2576 2429
f 2426 2573 2429
f 2575 2427 2578
f 2578 2427 2430
f 2580 2576 2577
f 2579 2576 2580
f 2576 2579 2432
f 2429 2576 2432
f 2578 2430 2433
f 2581 2578 2433
f 2583 2434 2582
f 2583 2581 2434
f 2581 2433 2434
f 2434 2435 2582
f 2585 2579 2580
f 2584 2579 2585
f 2579 2584 2437
f 2432 2579 2437
f 2583 2582 2586
f 2588 2438 2587
f 2586 2438 2588
f 2586 2435 2438
f 2586 2582 2435
f 2439 2587 2438
f 2589 2587 2439
f 2439 2441 2589
f 2591 2584 2585
f 2590 2584 2591
f 2584 2590 2443
f 2437 2584 2443
f 2588 2587 2592
f 2587 2589 2593
f 2592 2587 2593
f 2595 2444 2594
f 2593 2444 2595
f 2593 2441 2444
f 2593 2589 2441
f 2444 2446 2594
f 2598 2596 2597
f 2590 2449 2448
f 2591 2449 2590
f 2591 2596 2449
f 2591 2597 2596
f 2590 2448 2443
f 2595 2594 2599
f 2601 2450 2600
f 2599 2450 2601
f 2599 2446 2450
f 2599 2594 2446
f 2451 2600 2450
f 2602 2600 2451
f 2451 2453 2602
f 2596 2456 2455
f 2596 2598 2456
f 2598 2603 2456
f 2596 2455 2449
f 2601 2600 2604
f 2600 2602 2605
f 2604 2600 2605
f 2602 2453 2457
f 2602 2457 2605
f 2605 2457 2606
f 2608 2458 2607
f 2608 2606 2458
f 2606 2457 2458
f 2459 2607 2458
f 2609 2607 2459
f 2459 2461 2609
f 2463 2610 2611
f 2462 2610 2463
f 2610 2462 2612
f 2462 2464 2612
f 2612 2464 2456
f 2603 2612 2456
f 2608 2607 2613
f 2607 2609 2614
f 2613 2607 2614
f 2616 2465 2615
f 2614 2465 2616
f 2614 2461 2465
f 2614 2609 2461
f 2466 2615 2465
f 2617 2615 2466
f 2467 2617 2466
f 2618 2617 2467
f 2467 2469 2618
f 2472 2619 2620
f 2471 2619 2472
f 2619 2471 2621
f 2471 2473 2621
f 2621 2473 2463
f 2611 2621 2463
f 2616 2615 2622
f 2615 2617 2623
f 2622 2615 2623
f 2617 2618 2624
f 2623 2617 2624
f 2618 2469 2474
f 2618 2474 2624
f 2624 2474 2625
f 2627 2475 2626
f 2627 2625 2475
f 2625 2474 2475
f 2476 2626 2475
f 2628 2626 2476
f 2477 2628 2476
f 2629 2628 2477
f 2478 2629 2477
f 2630 2629 2478
f 2478 2480 2630
f 2487 2631 2488
f 2489 2631 2487
f 2632 2631 2489
f 2632 2633 2634
f 2632 2489 2633
f 2489 2490 2633
f 2633 2490 2635
f 2490 2491 2635
f 2635 2491 2636
f 2491 2492 2636
f 2636 2492 2472
f 2620 2636 2472
f 2627 2626 2637
f 2626 2628 2638
f 2637 2626 2638
f 2628 2629 2639
f 2638 2628 2639
f 2629 2630 2640
f 2639 2629 2640
f 2630 2480 2493
f 2630 2493 2640
f 2640 2493 2641
f 2641 2493 2642
f 2493 2494 2642
f 2642 2494 2643
f 2494 2495 2643
f 2643 2495 2644
f 2495 2496 2644
f 2644 2496 2645
f 2496 2497 2645
f 2645 2497 2646
f 2497 2498 2646
f 2646 2498 2647
f 2498 2499 2647
f 2647 2499 2648
f 2499 2500 2648
f 2488 2631 2649
f 2488 2649 2500
f 2500 2649 2648
f 2631 2632 2650
f 2649 2631 2650
f 2632 2634 2650
f 2653 2652 2651
f 2652 2655 2654
f 2651 2652 2654
f 2503 2654 2655
f 2503 2655 2502
f 2502 2655 2656
f 2656 2657 2502
f 2502 2657 2505
f 2658 2506 2505
f 2658 2505 2659
f 2659 2505 2657
f 2509 2658 2659
f 2509 2659 2508
f 2508 2659 2660
f 2661 2510 2508
f 2661 2508 2662
f 2662 2508 2660
f 2662 2664 2663
f 2661 2662 2663
f 2664 2666 2665
f 2663 2664 2665
f 2666 2667 2665
f 2670 2669 2668
f 2669 2672 2671
f 2668 2669 2671
f 2513 2671 2672
f 2513 2672 2512
f 2512 2672 2673
f 2673 2674 2512
f 2512 2674 2515
f 2651 2674 2653
f 2651 2516 2674
f 2516 2515 2674
f 2654 2516 2651
f 2517 2516 2654
f 2654 2503 2517
f 2658 2518 2506
f 2658 2509 2518
f 2661 2519 2510
f 2663 2519 2661
f 2520 2519 2663
f 2665 2520 2663
f 2521 2520 2665
f 2667 2521 2665
f 2667 2675 2521
f 2675 2523 2521
f 2675 2676 2523
f 2523 2676 2525
f 2676 2677 2525
f 2525 2677 2527
f 2677 2678 2527
f 2527 2678 2529
f 2680 2679 2531
f 2680 2531 2678
f 2678 2531 2529
f 2533 2531 2679
f 2681 2533 2679
f 2533 2681 2534
f 2684 2683 2682
f 2537 2682 2683
f 2537 2683 2536
f 2536 2683 2685
f 2668 2685 2670
f 2668 2538 2685
f 2538 2536 2685
f 2671 2538 2668
f 2539 2538 2671
f 2671 2513 2539
f 2680 2686 2679
f 2679 2687 2681
f 2686 2687 2679
f 2689 2688 2541
f 2687 2689 2541
f 2687 2541 2534
f 2687 2534 2681
f 2543 2541 2688
f 2690 2543 2688
f 2543 2690 2544
f 2547 2692 2691
f 2546 2547 2691
f 2691 2693 2546
f 2546 2693 2548
f 2682 2693 2684
f 2682 2549 2693
f 2549 2548 2693
f 2682 2537 2549
f 2689 2694 2688
f 2688 2695 2690
f 2694 2695 2688
f 2697 2696 2550
f 2695 2697 2550
f 2695 2550 2544
f 2695 2544 2690
f 2550 2696 2552
f 2700 2699 2698
f 2554 2698 2699
f 2554 2699 2553
f 2553 2699 2701
f 2701 2547 2553
f 2692 2547 2701
f 2697 2702 2696
f 2704 2703 2555
f 2702 2704 2555
f 2702 2555 2552
f 2702 2552 2696
f 2556 2555 2703
f 2705 2556 2703
f 2556 2705 2558
f 2708 2707 2706
f 2698 2559 2560
f 2700 2698 2560
f 2700 2560 2706
f 2700 2706 2707
f 2698 2554 2559
f 2704 2709 2703
f 2703 2710 2705
f 2709 2710 2703
f 2705 2710 2711
f 2705 2711 2558
f 2558 2711 2562
f 2564 2713 2712
f 2563 2564 2712
f 2706 2712 2708
f 2706 2565 2712
f 2565 2563 2712
f 2706 2560 2565
f 2566 2715 2714
f 2566 2562 2715
f 2562 2711 2715
f 2566 2714 2568
f 2570 2717 2716
f 2569 2570 2716
f 2716 2718 2569
f 2569 2718 2571
f 2718 2564 2571
f 2713 2564 2718
f 2720 2714 2715
f 2719 2714 2720
f 2572 2568 2714
f 2572 2714 2721
f 2721 2714 2719
f 2572 2721 2574
f 2717 2570 2722
f 2722 2570 2575
f 2720 2723 2719
f 2725 2719 2723
f 2725 2724 2719
f 2724 2721 2719
f 2721 2724 2577
f 2574 2721 2577
f 2722 2575 2726
f 2726 2575 2578
f 2728 2724 2725
f 2727 2724 2728
f 2724 2727 2580
f 2577 2724 2580
f 2581 2729 2730
f 2581 2730 2578
f 2578 2730 2726
f 2581 2583 2729
f 2732 2727 2728
f 2731 2727 2732
f 2727 2731 2585
f 2580 2727 2585
f 2730 2729 2733
f 2729 2583 2586
f 2729 2586 2733
f 2733 2586 2734
f 2586 2735 2734
f 2588 2735 2586
f 2737 2731 2732
f 2736 2731 2737
f 2731 2736 2591
f 2585 2731 2591
f 2735 2588 2592
f 2738 2735 2592
f 2740 2593 2739
f 2740 2738 2593
f 2738 2592 2593
f 2593 2595 2739
f 2736 2598 2597
f 2736 2737 2598
f 2737 2741 2598
f 2736 2597 2591
f 2740 2739 2742
f 2739 2595 2599
f 2739 2599 2742
f 2742 2599 2743
f 2599 2744 2743
f 2601 2744 2599
f 2747 2745 2746
f 2746 2745 2603
f 2746 2603 2741
f 2741 2603 2598
f 2744 2601 2604
f 2748 2744 2604
f 2748 2604 2749
f 2604 2605 2749
f 2751 2606 2750
f 2751 2749 2606
f 2749 2605 2606
f 2606 2608 2750
f 2754 2752 2753
f 2611 2753 2752
f 2611 2610 2753
f 2610 2755 2753
f 2745 2747 2755
f 2745 2755 2612
f 2612 2755 2610
f 2745 2612 2603
f 2751 2750 2756
f 2750 2608 2613
f 2750 2613 2756
f 2756 2613 2757
f 2759 2614 2758
f 2759 2757 2614
f 2757 2613 2614
f 2614 2616 2758
f 2619 2760 2620
f 2760 2754 2761
f 2760 2621 2754
f 2760 2619 2621
f 2621 2752 2754
f 2752 2621 2611
f 2759 2758 2762
f 2758 2616 2622
f 2758 2622 2762
f 2762 2622 2763
f 2765 2623 2764
f 2765 2763 2623
f 2763 2622 2623
f 2624 2764 2623
f 2766 2764 2624
f 2625 2766 2624
f 2767 2766 2625
f 2625 2627 2767
f 2633 2768 2634
f 2768 2769 2770
f 2768 2633 2769
f 2633 2635 2769
f 2769 2635 2771
f 2635 2636 2771
f 2620 2760 2772
f 2620 2772 2636
f 2636 2772 2771
f 2760 2761 2772
f 2765 2764 2773
f 2764 2766 2774
f 2773 2764 2774
f 2766 2767 2775
f 2774 2766 2775
f 2767 2627 2637
f 2767 2637 2775
f 2775 2637 2776
f 2776 2637 2777
f 2637 2638 2777
f 2777 2638 2778
f 2638 2639 2778
f 2778 2639 2779
f 2639 2640 2779
f 2779 2640 2780
f 2640 2641 2780
f 2780 2641 2781
f 2641 2642 2781
f 2781 2642 2782
f 2642 2643 2782
f 2784 2644 2783
f 2784 2782 2644
f 2782 2643 2644
f 2645 2783 2644
f 2785 2783 2645
f 2646 2785 2645
f 2786 2785 2646
f 2647 2786 2646
f 2787 2786 2647
f 2787 2788 2789
f 2787 2647 2788
f 2647 2648 2788
f 2788 2648 2790
f 2648 2649 2790
f 2790 2649 2791
f 2649 2650 2791
f 2634 2768 2792
f 2634 2792 2650
f 2650 2792 2791
f 2768 2770 2792
f 2784 2783 2793
f 2783 2785 2794
f 2793 2783 2794
f 2785 2786 2795
f 2794 2785 2795
f 2786 2787 2796
f 2795 2786 2796
f 2787 2789 2796
f 2652 2653 2797
f 2797 2799 2798
f 2797 2798 2652
f 2652 2798 2655
f 2798 2800 2655
f 2655 2800 2656
f 2800 2801 2656
f 2656 2801 2657
f 2801 2802 2657
f 2657 2802 2659
f 2802 2803 2659
f 2659 2803 2660
f 2803 2804 2660
f 2660 2804 2662
f 2804 2805 2662
f 2662 2805 2664
f 2807 2806 2666
f 2807 2666 2805
f 2805 2666 2664
f 2666 2806 2667
f 2670 2809 2808
f 2669 2670 2808
f 2808 2810 2669
f 2669 2810 2672
f 2810 2811 2672
f 2672 2811 2673
f 2811 2812 2673
f 2673 2812 2674
f 2653 2813 2797
f 2653 2674 2813
f 2674 2812 2813
f 2797 2813 2799
f 2807 2814 2806
f 2806 2675 2667
f 2806 2814 2675
f 2814 2815 2675
f 2815 2816 2675
f 2675 2816 2676
f 2818 2817 2677
f 2818 2677 2816
f 2816 2677 2676
f 2678 2677 2817
f 2819 2678 2817
f 2678 2819 2680
f 2684 2821 2820
f 2683 2684 2820
f 2820 2822 2683
f 2683 2822 2685
f 2822 2670 2685
f 2809 2670 2822
f 2818 2823 2817
f 2817 2824 2819
f 2823 2824 2817
f 2819 2686 2680
f 2819 2824 2686
f 2824 2825 2686
f 2827 2826 2687
f 2827 2687 2825
f 2825 2687 2686
f 2687 2826 2689
f 2692 2829 2828
f 2691 2692 2828
f 2828 2830 2691
f 2691 2830 2693
f 2830 2684 2693
f 2821 2684 2830
f 2827 2831 2826
f 2833 2832 2694
f 2831 2833 2694
f 2831 2694 2689
f 2831 2689 2826
f 2695 2694 2832
f 2834 2695 2832
f 2695 2834 2697
f 2700 2836 2835
f 2699 2700 2835
f 2835 2837 2699
f 2699 2837 2701
f 2837 2692 2701
f 2829 2692 2837
f 2833 2838 2832
f 2832 2839 2834
f 2838 2839 2832
f 2841 2840 2702
f 2839 2841 2702
f 2839 2702 2697
f 2839 2697 2834
f 2702 2840 2704
f 2844 2843 2842
f 2708 2842 2843
f 2708 2843 2707
f 2707 2843 2845
f 2845 2700 2707
f 2836 2700 2845
f 2841 2846 2840
f 2840 2709 2704
f 2840 2846 2709
f 2846 2847 2709
f 2849 2848 2710
f 2849 2710 2847
f 2847 2710 2709
f 2710 2848 2711
f 2852 2851 2850
f 2842 2712 2713
f 2844 2842 2713
f 2844 2713 2850
f 2844 2850 2851
f 2842 2708 2712
f 2854 2848 2849
f 2853 2848 2854
f 2848 2853 2715
f 2711 2848 2715
f 2717 2856 2855
f 2716 2717 2855
f 2850 2855 2852
f 2850 2718 2855
f 2718 2716 2855
f 2850 2713 2718
f 2854 2857 2853
f 2853 2857 2858
f 2853 2858 2715
f 2715 2858 2720
f 2856 2717 2859
f 2859 2717 2722
f 2723 2861 2860
f 2723 2720 2861
f 2720 2858 2861
f 2723 2860 2725
f 2859 2722 2862
f 2862 2722 2726
f 2864 2860 2861
f 2863 2860 2864
f 2860 2863 2728
f 2725 2860 2728
f 2862 2726 2865
f 2865 2726 2730
f 2867 2863 2864
f 2866 2863 2867
f 2863 2866 2732
f 2728 2863 2732
f 2865 2730 2733
f 2868 2865 2733
f 2870 2734 2869
f 2870 2868 2734
f 2868 2733 2734
f 2734 2735 2869
f 2867 2871 2866
f 2866 2871 2872
f 2866 2872 2732
f 2732 2872 2737
f 2870 2869 2873
f 2869 2735 2738
f 2869 2738 2873
f 2873 2738 2874
f 2738 2875 2874
f 2740 2875 2738
f 2878 2876 2877
f 2877 2876 2741
f 2877 2741 2872
f 2872 2741 2737
f 2875 2740 2742
f 2879 2875 2742
f 2881 2743 2880
f 2881 2879 2743
f 2879 2742 2743
f 2743 2744 2880
f 2884 2882 2883
f 2876 2747 2746
f 2878 2747 2876
f 2878 2882 2747
f 2878 2883 2882
f 2876 2746 2741
f 2881 2880 2885
f 2880 2744 2748
f 2880 2748 2885
f 2885 2748 2886
f 2886 2748 2887
f 2748 2749 2887
f 2749 2888 2887
f 2751 2888 2749
f 2754 2889 2890
f 2753 2889 2754
f 2882 2884 2889
f 2882 2889 2755
f 2755 2889 2753
f 2882 2755 2747
f 2888 2751 2756
f 2891 2888 2756
f 2893 2757 2892
f 2893 2891 2757
f 2891 2756 2757
f 2757 2759 2892
f 2896 2894 2895
f 2895 2894 2761
f 2895 2761 2890
f 2890 2761 2754
f 2893 2892 2897
f 2892 2759 2762
f 2892 2762 2897
f 2897 2762 2898
f 2898 2762 2899
f 2762 2763 2899
f 2900 2763 2765
f 2900 2901 2763
f 2901 2899 2763
f 2901 2900 2902
f 2905 2903 2904
f 2770 2904 2903
f 2770 2769 2904
f 2769 2906 2904
f 2906 2769 2907
f 2769 2771 2907
f 2894 2896 2907
f 2894 2907 2772
f 2772 2907 2771
f 2894 2772 2761
f 2900 2765 2773
f 2902 2900 2773
f 2902 2773 2908
f 2908 2773 2774
f 2908 2774 2909
f 2774 2775 2909
f 2909 2775 2910
f 2775 2776 2910
f 2910 2776 2911
f 2776 2777 2911
f 2911 2777 2912
f 2777 2778 2912
f 2912 2778 2913
f 2778 2779 2913
f 2915 2780 2914
f 2915 2913 2780
f 2913 2779 2780
f 2781 2914 2780
f 2916 2914 2781
f 2782 2916 2781
f 2917 2916 2782
f 2782 2784 2917
f 2920 2918 2919
f 2789 2919 2918
f 2789 2788 2919
f 2788 2921 2919
f 2921 2788 2922
f 2788 2790 2922
f 2922 2790 2923
f 2790 2791 2923
f 2903 2905 2923
f 2903 2923 2792
f 2792 2923 2791
f 2903 2792 2770
f 2915 2914 2924
f 2914 2916 2925
f 2924 2914 2925
f 2916 2917 2926
f 2925 2916 2926
f 2917 2784 2793
f 2917 2793 2926
f 2926 2793 2927
f 2927 2793 2928
f 2793 2794 2928
f 2928 2794 2929
f 2794 2795 2929
f 2918 2920 2929
f 2918 2929 2796
f 2796 2929 2795
f 2918 2796 2789
f 2799 2931 2930
f 2798 2799 2930
f 2930 2932 2798
f 2798 2932 2800
f 2932 2933 2800
f 2800 2933 2801
f 2933 2934 2801
f 2801 2934 2802
f 2934 2935 2802
f 2802 2935 2803
f 2937 2936 2804
f 2937 2804 2935
f 2935 2804 2803
f 2805 2804 2936
f 2938 2805 2936
f 2805 2938 2807
f 2808 2809 2939
f 2939 2941 2940
f 2939 2940 2808
f 2808 2940 2810
f 2940 2942 2810
f 2810 2942 2811
f 2942 2943 2811
f 2811 2943 2812
f 2943 2944 2812
f 2812 2944 2813
f 2944 2799 2813
f 2931 2799 2944
f 2937 2945 2936
f 2936 2946 2938
f 2945 2946 2936
f 2938 2814 2807
f 2938 2946 2814
f 2946 2947 2814
f 2947 2948 2814
f 2814 2948 2815
f 2950 2949 2816
f 2950 2816 2948
f 2948 2816 2815
f 2816 2949 2818
f 2953 2952 2951
f 2821 2951 2952
f 2821 2952 2820
f 2820 2952 2954
f 2954 2955 2820
f 2820 2955 2822
f 2809 2956 2939
f 2809 2822 2956
f 2822 2955 2956
f 2939 2956 2941
f 2950 2957 2949
f 2949 2823 2818
f 2949 2957 2823
f 2957 2958 2823
f 2958 2959 2823
f 2823 2959 2824
f 2961 2960 2825
f 2961 2825 2959
f 2959 2825 2824
f 2825 2960 2827
f 2829 2963 2962
f 2828 2829 2962
f 2951 2962 2953
f 2951 2830 2962
f 2830 2828 2962
f 2951 2821 2830
f 2961 2964 2960
f 2966 2965 2831
f 2964 2966 2831
f 2964 2831 2827
f 2964 2827 2960
f 2831 2965 2833
f 2836 2968 2967
f 2835 2836 2967
f 2967 2969 2835
f 2835 2969 2837
f 2969 2829 2837
f 2963 2829 2969
f 2966 2970 2965
f 2965 2838 2833
f 2965 2970 2838
f 2970 2971 2838
f 2973 2972 2839
f 2973 2839 2971
f 2971 2839 2838
f 2839 2972 2841
f 2844 2975 2974
f 2843 2844 2974
f 2974 2976 2843
f 2843 2976 2845
f 2976 2836 2845
f 2968 2836 2976
f 2973 2977 2972
f 2979 2978 2846
f 2977 2979 2846
f 2977 2846 2841
f 2977 2841 2972
f 2847 2846 2978
f 2980 2847 2978
f 2847 2980 2849
f 2983 2982 2981
f 2852 2981 2982
f 2852 2982 2851
f 2851 2982 2984
f 2984 2844 2851
f 2975 2844 2984
f 2979 2985 2978
f 2987 2978 2985
f 2987 2986 2978
f 2986 2980 2978
f 2980 2986 2854
f 2849 2980 2854
f 2981 2855 2856
f 2981 2856 2983
f 2983 2856 2988
f 2981 2852 2855
f 2987 2989 2986
f 2991 2990 2857
f 2989 2991 2857
f 2989 2857 2854
f 2989 2854 2986
f 2857 2990 2858
f 2988 2856 2992
f 2992 2856 2859
f 2994 2990 2991
f 2993 2990 2994
f 2990 2993 2861
f 2858 2990 2861
f 2992 2859 2995
f 2995 2859 2862
f 2997 2993 2994
f 2996 2993 2997
f 2993 2996 2864
f 2861 2993 2864
f 2995 2862 2998
f 2998 2862 2865
f 2997 2999 2996
f 2996 2999 3000
f 2996 3000 2864
f 2864 3000 2867
f 2998 2865 2868
f 3001 2998 2868
f 2868 3002 3001
f 2870 3002 2868
f 2871 3004 3003
f 2871 2867 3004
f 2867 3000 3004
f 2871 3003 2872
f 3002 2870 2873
f 3005 3002 2873
f 3007 2874 3006
f 3007 3005 2874
f 3005 2873 2874
f 2874 2875 3006
f 3010 3008 3009
f 3003 2878 2877
f 3004 2878 3003
f 3004 3008 2878
f 3004 3009 3008
f 3003 2877 2872
f 3007 3006 3011
f 3006 2875 2879
f 3006 2879 3011
f 3011 2879 3012
f 3013 2879 2881
f 3013 3014 2879
f 3014 3012 2879
f 3014 3013 3015
f 3008 2884 2883
f 3008 3010 2884
f 3010 3016 2884
f 3008 2883 2878
f 3013 2881 2885
f 3015 3013 2885
f 3015 2885 3017
f 3017 2885 2886
f 3019 2887 3018
f 3019 3017 2887
f 3017 2886 2887
f 2887 2888 3018
f 2890 3020 3021
f 2889 3020 2890
f 3020 2889 2884
f 3016 3020 2884
f 3019 3018 3022
f 3018 2888 2891
f 3018 2891 3022
f 3022 2891 3023
f 3024 2891 2893
f 3024 3025 2891
f 3025 3023 2891
f 3025 3024 3026
f 2896 3027 3028
f 2895 3027 2896
f 3027 2895 2890
f 3021 3027 2890
f 3024 2893 2897
f 3026 3024 2897
f 3026 2897 3029
f 3029 2897 2898
f 3029 2898 3030
f 2898 2899 3030
f 3030 2899 3031
f 2899 2901 3031
f 2901 3032 3031
f 2902 3032 2901
f 2905 3033 3034
f 2904 3033 2905
f 3033 2904 3035
f 2904 2906 3035
f 3035 2906 3036
f 2906 2907 3036
f 3036 2907 2896
f 3028 3036 2896
f 3032 2902 2908
f 3037 3032 2908
f 3037 2908 3038
f 2908 2909 3038
f 3038 2909 3039
f 2909 2910 3039
f 3039 2910 3040
f 2910 2911 3040
f 3040 2911 3041
f 2911 2912 3041
f 3041 2912 3042
f 2912 2913 3042
f 2913 3043 3042
f 2915 3043 2913
f 2919 3044 2920
f 3044 3045 3046
f 3044 2919 3045
f 2919 2921 3045
f 3045 2921 3047
f 2921 2922 3047
f 3047 2922 3048
f 2922 2923 3048
f 3048 2923 2905
f 3034 3048 2905
f 3043 2915 2924
f 3049 3043 2924
f 3049 2924 3050
f 2924 2925 3050
f 3050 2925 3051
f 2925 2926 3051
f 3051 2926 3052
f 2926 2927 3052
f 3052 2927 3053
f 2927 2928 3053
f 3053 2928 3054
f 2928 2929 3054
f 2920 3044 3055
f 2920 3055 2929
f 2929 3055 3054
f 3044 3046 3055
f 3058 3057 3056
f 2931 3056 3057
f 2931 3057 2930
f 2930 3057 3059
f 3059 3060 2930
f 2930 3060 2932
f 3060 3061 2932
f 2932 3061 2933
f 3061 3062 2933
f 2933 3062 2934
f 3064 3063 2935
f 3064 2935 3062
f 3062 2935 2934
f 2935 3063 2937
f 3067 3066 3065
f 2941 3065 3066
f 2941 3066 2940
f 2940 3066 3068
f 3068 3069 2940
f 2940 3069 2942
f 3069 3070 2942
f 2942 3070 2943
f 3056 3070 3058
f 3056 2944 3070
f 2944 2943 3070
f 3056 2931 2944
f 3064 3071 3063
f 3063 2945 2937
f 3063 3071 2945
f 3071 3072 2945
f 3072 3073 2945
f 2945 3073 2946
f 3073 3074 2946
f 2946 3074 2947
f 3076 3075 2948
f 3076 2948 3074
f 3074 2948 2947
f 2948 3075 2950
f 2953 3078 3077
f 2952 2953 3077
f 3077 3079 2952
f 2952 3079 2954
f 3079 3080 2954
f 2954 3080 2955
f 3065 3080 3067
f 3065 2956 3080
f 2956 2955 3080
f 3065 2941 2956
f 3076 3081 3075
f 3075 2957 2950
f 3075 3081 2957
f 3081 3082 2957
f 3082 3083 2957
f 2957 3083 2958
f 3085 3084 2959
f 3085 2959 3083
f 3083 2959 2958
f 2959 3084 2961
f 3088 3087 3086
f 2963 3086 3087
f 2963 3087 2962
f 2962 3087 3089
f 3089 2953 2962
f 3078 2953 3089
f 3085 3090 3084
f 3084 2964 2961
f 3084 3090 2964
f 3090 3091 2964
f 2964 3091 3092
f 2966 2964 3092
f 2968 3094 3093
f 2967 2968 3093
f 3086 3093 3088
f 3086 2969 3093
f 2969 2967 3093
f 3086 2963 2969
f 3092 2970 2966
f 3095 2970 3092
f 3097 3096 2971
f 3097 2971 3095
f 3095 2971 2970
f 2971 3096 2973
f 2975 3099 3098
f 2974 2975 3098
f 3098 3100 2974
f 2974 3100 2976
f 3100 2968 2976
f 3094 2968 3100
f 3097 3101 3096
f 3096 2977 2973
f 3096 3101 2977
f 3101 3102 2977
f 2977 3102 3103
f 2979 2977 3103
f 2983 3105 3104
f 2982 2983 3104
f 3104 3106 2982
f 2982 3106 2984
f 3106 2975 2984
f 3099 2975 3106
f 2985 3108 3107
f 2985 2979 3108
f 2979 3103 3108
f 2985 3107 2987
f 3105 2983 3109
f 3109 2983 2988
f 3108 3110 3107
f 3112 3111 2989
f 3110 3112 2989
f 3110 2989 2987
f 3110 2987 3107
f 2989 3111 2991
f 3109 2988 3113
f 3113 2988 2992
f 3115 3111 3112
f 3114 3111 3115
f 3111 3114 2994
f 2991 3111 2994
f 3113 2992 3116
f 3116 2992 2995
f 3118 3114 3115
f 3117 3114 3118
f 3114 3117 2997
f 2994 3114 2997
f 3116 2995 3119
f 3119 2995 2998
f 3118 3120 3117
f 3122 3121 2999
f 3120 3122 2999
f 3120 2999 2997
f 3120 2997 3117
f 2999 3121 3000
f 3001 3123 3124
f 3001 3124 2998
f 2998 3124 3119
f 3001 3002 3123
f 3126 3121 3122
f 3125 3121 3126
f 3121 3125 3004
f 3000 3121 3004
f 3124 3123 3127
f 3123 3002 3005
f 3123 3005 3127
f 3127 3005 3128
f 3005 3129 3128
f 3007 3129 3005
f 3125 3010 3009
f 3125 3126 3010
f 3126 3130 3010
f 3125 3009 3004
f 3129 3007 3011
f 3131 3129 3011
f 3131 3011 3132
f 3011 3012 3132
f 3134 3014 3133
f 3134 3132 3014
f 3132 3012 3014
f 3014 3015 3133
f 3137 3135 3136
f 3136 3135 3016
f 3136 3016 3130
f 3130 3016 3010
f 3134 3133 3138
f 3133 3015 3017
f 3133 3017 3138
f 3138 3017 3139
f 3017 3140 3139
f 3019 3140 3017
f 3143 3141 3142
f 3135 3021 3020
f 3137 3021 3135
f 3137 3141 3021
f 3137 3142 3141
f 3135 3020 3016
f 3140 3019 3022
f 3144 3140 3022
f 3144 3022 3145
f 3022 3023 3145
f 3147 3025 3146
f 3147 3145 3025
f 3145 3023 3025
f 3025 3026 3146
f 3150 3148 3149
f 3141 3028 3027
f 3143 3028 3141
f 3143 3148 3028
f 3143 3149 3148
f 3141 3027 3021
f 3147 3146 3151
f 3146 3026 3029
f 3146 3029 3151
f 3151 3029 3152
f 3152 3029 3153
f 3029 3030 3153
f 3155 3031 3154
f 3155 3153 3031
f 3153 3030 3031
f 3031 3032 3154
f 3034 3156 3157
f 3033 3156 3034
f 3156 3033 3158
f 3033 3035 3158
f 3148 3150 3158
f 3148 3158 3036
f 3036 3158 3035
f 3148 3036 3028
f 3155 3154 3159
f 3154 3032 3037
f 3154 3037 3159
f 3159 3037 3160
f 3160 3037 3161
f 3037 3038 3161
f 3161 3038 3162
f 3038 3039 3162
f 3162 3039 3163
f 3039 3040 3163
f 3163 3040 3164
f 3040 3041 3164
f 3166 3042 3165
f 3166 3164 3042
f 3164 3041 3042
f 3042 3043 3165
f 3046 3167 3168
f 3045 3167 3046
f 3167 3045 3169
f 3045 3047 3169
f 3169 3047 3170
f 3047 3048 3170
f 3170 3048 3034
f 3157 3170 3034
f 3166 3165 3171
f 3165 3043 3049
f 3165 3049 3171
f 3171 3049 3172
f 3172 3049 3173
f 3049 3050 3173
f 3173 3050 3174
f 3050 3051 3174
f 3174 3051 3175
f 3051 3052 3175
f 3175 3052 3176
f 3052 3053 3176
f 3176 3053 3177
f 3053 3054 3177
f 3177 3054 3178
f 3054 3055 3178
f 3178 3055 3046
f 3168 3178 3046
f 3058 3180 3179
f 3057 3058 3179
f 3179 3181 3057
f 3057 3181 3059
f 3181 3182 3059
f 3059 3182 3060
f 3182 3183 3060
f 3060 3183 3061
f 3185 3184 3062
f 3185 3062 3183
f 3183 3062 3061
f 3062 3184 3064
f 3188 3187 3186
f 3067 3186 3187
f 3067 3187 3066
f 3066 3187 3189
f 3189 3190 3066
f 3066 3190 3068
f 3190 3191 3068
f 3068 3191 3069
f 3191 3192 3069
f 3069 3192 3070
f 3192 3058 3070
f 3180 3058 3192
f 3185 3193 3184
f 3184 3071 3064
f 3184 3193 3071
f 3193 3194 3071
f 3194 3195 3071
f 3071 3195 3072
f 3197 3196 3073
f 3197 3073 3195
f 3195 3073 3072
f 3074 3073 3196
f 3198 3074 3196
f 3074 3198 3076
f 3078 3200 3199
f 3077 3078 3199
f 3199 3201 3077
f 3077 3201 3079
f 3186 3201 3188
f 3186 3080 3201
f 3080 3079 3201
f 3186 3067 3080
f 3197 3202 3196
f 3196 3203 3198
f 3202 3203 3196
f 3198 3081 3076
f 3198 3203 3081
f 3203 3204 3081
f 3206 3205 3082
f 3206 3082 3204
f 3204 3082 3081
f 3083 3082 3205
f 3207 3083 3205
f 3083 3207 3085
f 3088 3209 3208
f 3087 3088 3208
f 3208 3210 3087
f 3087 3210 3089
f 3210 3078 3089
f 3200 3078 3210
f 3206 3211 3205
f 3205 3212 3207
f 3211 3212 3205
f 3214 3213 3090
f 3212 3214 3090
f 3212 3090 3085
f 3212 3085 3207
f 3091 3090 3213
f 3215 3091 3213
f 3091 3215 3092
f 3218 3217 3216
f 3094 3216 3217
f 3094 3217 3093
f 3093 3217 3219
f 3219 3088 3093
f 3209 3088 3219
f 3214 3220 3213
f 3222 3213 3220
f 3222 3221 3213
f 3221 3215 3213
f 3095 3092 3215
f 3095 3215 3223
f 3223 3215 3221
f 3095 3223 3097
f 3226 3225 3224
f 3099 3224 3225
f 3099 3225 3098
f 3098 3225 3227
f 3216 3227 3218
f 3216 3100 3227
f 3100 3098 3227
f 3216 3094 3100
f 3222 3228 3221
f 3221 3229 3223
f 3228 3229 3221
f 3231 3230 3101
f 3229 3231 3101
f 3229 3101 3097
f 3229 3097 3223
f 3102 3101 3230
f 3232 3102 3230
f 3102 3232 3103
f 3105 3234 3233
f 3104 3105 3233
f 3224 3233 3226
f 3224 3106 3233
f 3106 3104 3233
f 3224 3099 3106
f 3231 3235 3230
f 3237 3230 3235
f 3237 3236 3230
f 3236 3232 3230
f 3232 3236 3108
f 3103 3232 3108
f 3234 3105 3238
f 3238 3105 3109
f 3237 3239 3236
f 3241 3240 3110
f 3239 3241 3110
f 3239 3110 3108
f 3239 3108 3236
f 3110 3240 3112
f 3238 3109 3242
f 3242 3109 3113
f 3244 3240 3241
f 3243 3240 3244
f 3240 3243 3115
f 3112 3240 3115
f 3242 3113 3245
f 3245 3113 3116
f 3244 3246 3243
f 3243 3246 3247
f 3243 3247 3115
f 3115 3247 3118
f 3245 3116 3248
f 3248 3116 3119
f 3120 3250 3249
f 3120 3118 3250
f 3118 3247 3250
f 3120 3249 3122
f 3248 3119 3251
f 3251 3119 3124
f 3253 3249 3250
f 3252 3249 3253
f 3249 3252 3126
f 3122 3249 3126
f 3251 3124 3127
f 3254 3251 3127
f 3254 3127 3255
f 3127 3128 3255
f 3128 3256 3255
f 3129 3256 3128
f 3258 3252 3253
f 3257 3252 3258
f 3252 3257 3130
f 3126 3252 3130
f 3256 3129 3131
f 3259 3256 3131
f 3259 3131 3260
f 3131 3132 3260
f 3132 3261 3260
f 3134 3261 3132
f 3264 3262 3263
f 3257 3137 3136
f 3258 3137 3257
f 3258 3262 3137
f 3258 3263 3262
f 3257 3136 3130
f 3261 3134 3138
f 3265 3261 3138
f 3265 3138 3266
f 3138 3139 3266
f 3139 3267 3266
f 3140 3267 3139
f 3262 3143 3142
f 3262 3264 3143
f 3264 3268 3143
f 3262 3142 3137
f 3267 3140 3144
f 3269 3267 3144
f 3269 3144 3270
f 3144 3145 3270
f 3145 3271 3270
f 3147 3271 3145
f 3274 3272 3273
f 3150 3273 3272
f 3150 3149 3273
f 3149 3275 3273
f 3275 3149 3143
f 3268 3275 3143
f 3271 3147 3151
f 3276 3271 3151
f 3276 3151 3277
f 3151 3152 3277
f 3279 3153 3278
f 3279 3277 3153
f 3277 3152 3153
f 3153 3155 3278
f 3156 3280 3157
f 3280 3274 3281
f 3280 3158 3274
f 3280 3156 3158
f 3158 3272 3274
f 3272 3158 3150
f 3279 3278 3282
f 3278 3155 3159
f 3278 3159 3282
f 3282 3159 3283
f 3283 3159 3284
f 3159 3160 3284
f 3284 3160 3285
f 3160 3161 3285
f 3285 3161 3286
f 3161 3162 3286
f 3286 3162 3287
f 3162 3163 3287
f 3289 3164 3288
f 3289 3287 3164
f 3287 3163 3164
f 3164 3166 3288
f 3168 3290 3291
f 3167 3290 3168
f 3290 3167 3292
f 3167 3169 3292
f 3292 3169 3293
f 3169 3170 3293
f 3157 3280 3294
f 3157 3294 3170
f 3170 3294 3293
f 3280 3281 3294
f 3289 3288 3295
f 3288 3166 3171
f 3288 3171 3295
f 3295 3171 3296
f 3296 3171 3297
f 3171 3172 3297
f 3297 3172 3298
f 3172 3173 3298
f 3298 3173 3299
f 3173 3174 3299
f 3299 3174 3300
f 3174 3175 3300
f 3300 3175 3301
f 3175 3176 3301
f 3301 3176 3302
f 3176 3177 3302
f 3302 3177 3303
f 3177 3178 3303
f 3303 3178 3168
f 3291 3303 3168
f 3306 3305 3304
f 3305 3308 3307
f 3304 3305 3307
f 3308 3310 3309
f 3307 3308 3309
f 3180 3309 3310
f 3180 3310 3179
f 3179 3310 3311
f 3311 3312 3179
f 3179 3312 3181
f 3312 3313 3181
f 3181 3313 3182
f 3315 3314 3183
f 3315 3183 3313
f 3313 3183 3182
f 3183 3314 3185
f 3188 3317 3316
f 3187 3188 3316
f 3316 3318 3187
f 3187 3318 3189
f 3304 3318 3306
f 3304 3190 3318
f 3190 3189 3318
f 3307 3190 3304
f 3191 3190 3307
f 3309 3191 3307
f 3192 3191 3309
f 3309 3180 3192
f 3315 3319 3314
f 3314 3193 3185
f 3314 3319 3193
f 3319 3320 3193
f 3320 3321 3193
f 3193 3321 3194
f 3323 3322 3195
f 3323 3195 3321
f 3321 3195 3194
f 3195 3322 3197
f 3200 3325 3324
f 3199 3200 3324
f 3324 3326 3199
f 3199 3326 3201
f 3326 3188 3201
f 3317 3188 3326
f 3323 3327 3322
f 3322 3202 3197
f 3322 3327 3202
f 3327 3328 3202
f 3328 3329 3202
f 3202 3329 3203
f 3331 3330 3204
f 3331 3204 3329
f 3329 3204 3203
f 3204 3330 3206
f 3209 3333 3332
f 3208 3209 3332
f 3332 3334 3208
f 3208 3334 3210
f 3334 3200 3210
f 3325 3200 3334
f 3331 3335 3330
f 3330 3211 3206
f 3330 3335 3211
f 3335 3336 3211
f 3338 3337 3212
f 3338 3212 3336
f 3336 3212 3211
f 3212 3337 3214
f 3218 3340 3339
f 3217 3218 3339
f 3339 3341 3217
f 3217 3341 3219
f 3341 3209 3219
f 3333 3209 3341
f 3338 3342 3337
f 3337 3220 3214
f 3337 3342 3220
f 3342 3343 3220
f 3220 3343 3344
f 3222 3220 3344
f 3226 3346 3345
f 3225 3226 3345
f 3345 3347 3225
f 3225 3347 3227
f 3347 3218 3227
f 3340 3218 3347
f 3344 3228 3222
f 3348 3228 3344
f 3350 3349 3229
f 3350 3229 3348
f 3348 3229 3228
f 3229 3349 3231
f 3234 3352 3351
f 3233 3234 3351
f 3351 3226 3233
f 3346 3226 3351
f 3350 3353 3349
f 3355 3354 3235
f 3353 3355 3235
f 3353 3235 3231
f 3353 3231 3349
f 3235 3354 3237
f 3352 3234 3356
f 3356 3234 3238
f 3355 3357 3354
f 3359 3358 3239
f 3357 3359 3239
f 3357 3239 3237
f 3357 3237 3354
f 3239 3358 3241
f 3356 3238 3360
f 3360 3238 3242
f 3362 3358 3359
f 3361 3358 3362
f 3358 3361 3244
f 3241 3358 3244
f 3360 3242 3363
f 3363 3242 3245
f 3362 3364 3361
f 3366 3365 3246
f 3364 3366 3246
f 3364 3246 3244
f 3364 3244 3361
f 3246 3365 3247
f 3363 3245 3367
f 3367 3245 3248
f 3369 3365 3366
f 3368 3365 3369
f 3365 3368 3250
f 3247 3365 3250
f 3367 3248 3370
f 3370 3248 3251
f 3372 3368 3369
f 3371 3368 3372
f 3368 3371 3253
f 3250 3368 3253
f 3370 3251 3254
f 3373 3370 3254
f 3373 3254 3374
f 3254 3255 3374
f 3255 3375 3374
f 3256 3375 3255
f 3377 3371 3372
f 3376 3371 3377
f 3371 3376 3258
f 3253 3371 3258
f 3375 3256 3259
f 3378 3375 3259
f 3378 3259 3379
f 3259 3260 3379
f 3260 3380 3379
f 3261 3380 3260
f 3376 3264 3263
f 3376 3377 3264
f 3377 3381 3264
f 3376 3263 3258
f 3380 3261 3265
f 3382 3380 3265
f 3382 3265 3383
f 3265 3266 3383
f 3266 3384 3383
f 3267 3384 3266
f 3387 3385 3386
f 3386 3385 3268
f 3386 3268 3381
f 3381 3268 3264
f 3384 3267 3269
f 3388 3384 3269
f 3388 3269 3389
f 3269 3270 3389
f 3270 3390 3389
f 3271 3390 3270
f 3274 3391 3392
f 3273 3391 3274
f 3385 3387 3391
f 3385 3391 3275
f 3275 3391 3273
f 3385 3275 3268
f 3390 3271 3276
f 3393 3390 3276
f 3395 3277 3394
f 3395 3393 3277
f 3393 3276 3277
f 3277 3279 3394
f 3398 3396 3397
f 3397 3396 3281
f 3397 3281 3392
f 3392 3281 3274
f 3395 3394 3399
f 3394 3279 3282
f 3394 3282 3399
f 3399 3282 3400
f 3400 3282 3401
f 3282 3283 3401
f 3401 3283 3402
f 3283 3284 3402
f 3402 3284 3403
f 3284 3285 3403
f 3403 3285 3404
f 3285 3286 3404
f 3406 3287 3405
f 3406 3404 3287
f 3404 3286 3287
f 3287 3289 3405
f 3291 3407 3408
f 3290 3407 3291
f 3407 3290 3409
f 3290 3292 3409
f 3409 3292 3410
f 3292 3293 3410
f 3396 3398 3410
f 3396 3410 3294
f 3294 3410 3293
f 3396 3294 3281
f 3406 3405 3411
f 3405 3289 3295
f 3405 3295 3411
f 3411 3295 3412
f 3412 3295 3413
f 3295 3296 3413
f 3413 3296 3414
f 3296 3297 3414
f 3414 3297 3415
f 3297 3298 3415
f 3415 3298 3416
f 3298 3299 3416
f 3416 3299 3417
f 3299 3300 3417
f 3417 3300 3418
f 3300 3301 3418
f 3418 3301 3419
f 3301 3302 3419
f 3419 3302 3420
f 3302 3303 3420
f 3420 3303 3291
f 3408 3420 3291
f 3305 3306 3421
f 3308 3305 3421
f 3422 3308 3421
f 3422 3424 3423
f 3422 3423 3308
f 3308 3423 3310
f 3423 3425 3310
f 3310 3425 3311
f 3425 3426 3311
f 3311 3426 3312
f 3428 3427 3313
f 3428 3313 3426
f 3426 3313 3312
f 3313 3427 3315
f 3431 3430 3429
f 3317 3429 3430
f 3317 3430 3316
f 3316 3430 3432
f 3432 3433 3316
f 3316 3433 3318
f 3306 3434 3421
f 3306 3318 3434
f 3318 3433 3434
f 3421 3435 3422
f 3434 3435 3421
f 3422 3435 3424
f 3428 3436 3427
f 3427 3319 3315
f 3427 3436 3319
f 3436 3437 3319
f 3439 3438 3320
f 3439 3320 3437
f 3437 3320 3319
f 3321 3320 3438
f 3440 3321 3438
f 3321 3440 3323
f 3443 3442 3441
f 3325 3441 3442
f 3325 3442 3324
f 3324 3442 3444
f 3429 3444 3431
f 3429 3326 3444
f 3326 3324 3444
f 3429 3317 3326
f 3439 3445 3438
f 3438 3446 3440
f 3445 3446 3438
f 3440 3327 3323
f 3440 3446 3327
f 3446 3447 3327
f 3447 3448 3327
f 3327 3448 3328
f 3450 3449 3329
f 3450 3329 3448
f 3448 3329 3328
f 3329 3449 3331
f 3453 3452 3451
f 3333 3451 3452
f 3333 3452 3332
f 3332 3452 3454
f 3441 3454 3443
f 3441 3334 3454
f 3334 3332 3454
f 3441 3325 3334
f 3450 3455 3449
f 3449 3335 3331
f 3449 3455 3335
f 3455 3456 3335
f 3458 3457 3336
f 3458 3336 3456
f 3456 3336 3335
f 3336 3457 3338
f 3340 3460 3459
f 3339 3340 3459
f 3451 3459 3453
f 3451 3341 3459
f 3341 3339 3459
f 3451 3333 3341
f 3458 3461 3457
f 3463 3462 3342
f 3461 3463 3342
f 3461 3342 3338
f 3461 3338 3457
f 3343 3342 3462
f 3464 3343 3462
f 3343 3464 3344
f 3346 3466 3465
f 3345 3346 3465
f 3465 3467 3345
f 3345 3467 3347
f 3467 3340 3347
f 3460 3340 3467
f 3463 3468 3462
f 3462 3469 3464
f 3468 3469 3462
f 3471 3470 3348
f 3469 3471 3348
f 3469 3348 3344
f 3469 3344 3464
f 3348 3470 3350
f 3352 3473 3472
f 3351 3352 3472
f 3472 3346 3351
f 3466 3346 3472
f 3471 3474 3470
f 3476 3475 3353
f 3474 3476 3353
f 3474 3353 3350
f 3474 3350 3470
f 3353 3475 3355
f 3473 3352 3477
f 3477 3352 3356
f 3476 3478 3475
f 3480 3479 3357
f 3478 3480 3357
f 3478 3357 3355
f 3478 3355 3475
f 3357 3479 3359
f 3477 3356 3481
f 3481 3356 3360
f 3483 3479 3480
f 3482 3479 3483
f 3479 3482 3362
f 3359 3479 3362
f 3481 3360 3484
f 3484 3360 3363
f 3483 3485 3482
f 3487 3486 3364
f 3485 3487 3364
f 3485 3364 3362
f 3485 3362 3482
f 3364 3486 3366
f 3484 3363 3488
f 3488 3363 3367
f 3490 3486 3487
f 3489 3486 3490
f 3486 3489 3369
f 3366 3486 3369
f 3488 3367 3491
f 3491 3367 3370
f 3493 3489 3490
f 3492 3489 3493
f 3489 3492 3372
f 3369 3489 3372
f 3491 3370 3373
f 3494 3491 3373
f 3494 3373 3495
f 3373 3374 3495
f 3374 3496 3495
f 3375 3496 3374
f 3498 3492 3493
f 3497 3492 3498
f 3492 3497 3377
f 3372 3492 3377
f 3496 3375 3378
f 3499 3496 3378
f 3501 3379 3500
f 3501 3499 3379
f 3499 3378 3379
f 3379 3380 3500
f 3503 3497 3498
f 3502 3497 3503
f 3497 3502 3381
f 3377 3497 3381
f 3501 3500 3504
f 3500 3380 3382
f 3500 3382 3504
f 3504 3382 3505
f 3507 3383 3506
f 3507 3505 3383
f 3505 3382 3383
f 3383 3384 3506
f 3510 3508 3509
f 3502 3387 3386
f 3503 3387 3502
f 3503 3508 3387
f 3503 3509 3508
f 3502 3386 3381
f 3507 3506 3511
f 3506 3384 3388
f 3506 3388 3511
f 3511 3388 3512
f 3514 3389 3513
f 3514 3512 3389
f 3512 3388 3389
f 3389 3390 3513
f 3517 3515 3516
f 3508 3392 3391
f 3510 3392 3508
f 3510 3515 3392
f 3510 3516 3515
f 3508 3391 3387
f 3514 3513 3518
f 3513 3390 3393
f 3513 3393 3518
f 3518 3393 3519
f 3393 3520 3519
f 3395 3520 3393
f 3523 3521 3522
f 3515 3398 3397
f 3517 3398 3515
f 3517 3521 3398
f 3517 3522 3521
f 3515 3397 3392
f 3520 3395 3399
f 3524 3520 3399
f 3524 3399 3525
f 3399 3400 3525
f 3525 3400 3526
f 3400 3401 3526
f 3526 3401 3527
f 3401 3402 3527
f 3529 3403 3528
f 3529 3527 3403
f 3527 3402 3403
f 3404 3528 3403
f 3530 3528 3404
f 3404 3406 3530
f 3408 3531 3532
f 3407 3531 3408
f 3531 3407 3533
f 3407 3409 3533
f 3521 3523 3533
f 3521 3533 3410
f 3410 3533 3409
f 3521 3410 3398
f 3529 3528 3534
f 3528 3530 3535
f 3534 3528 3535
f 3530 3406 3411
f 3530 3411 3535
f 3535 3411 3536
f 3536 3411 3537
f 3411 3412 3537
f 3537 3412 3538
f 3412 3413 3538
f 3538 3413 3539
f 3413 3414 3539
f 3539 3414 3540
f 3414 3415 3540
f 3540 3415 3541
f 3415 3416 3541
f 3541 3416 3542
f 3416 3417 3542
f 3542 3417 3543
f 3417 3418 3543
f 3543 3418 3544
f 3418 3419 3544
f 3544 3419 3545
f 3419 3420 3545
f 3545 3420 3408
f 3532 3545 3408
f 3423 3424 3546
f 3425 3423 3546
f 3547 3425 3546
f 3426 3425 3547
f 3548 3426 3547
f 3426 3548 3428
f 3430 3431 3549
f 3549 3551 3550
f 3549 3550 3430
f 3430 3550 3432
f 3550 3552 3432
f 3432 3552 3433
f 3552 3553 3433
f 3433 3553 3434
f 3553 3554 3434
f 3434 3554 3435
f 3424 3555 3546
f 3424 3435 3555
f 3435 3554 3555
f 3546 3556 3547
f 3555 3556 3546
f 3547 3557 3548
f 3556 3557 3547
f 3548 3436 3428
f 3548 3557 3436
f 3557 3558 3436
f 3560 3559 3437
f 3560 3437 3558
f 3558 3437 3436
f 3437 3559 3439
f 3443 3562 3561
f 3442 3443 3561
f 3561 3563 3442
f 3442 3563 3444
f 3431 3564 3549
f 3431 3444 3564
f 3444 3563 3564
f 3549 3564 3551
f 3560 3565 3559
f 3559 3445 3439
f 3559 3565 3445
f 3565 3566 3445
f 3566 3567 3445
f 3445 3567 3446
f 3569 3568 3447
f 3569 3447 3567
f 3567 3447 3446
f 3448 3447 3568
f 3570 3448 3568
f 3448 3570 3450
f 3453 3572 3571
f 3452 3453 3571
f 3571 3573 3452
f 3452 3573 3454
f 3573 3443 3454
f 3562 3443 3573
f 3569 3574 3568
f 3568 3575 3570
f 3574 3575 3568
f 3570 3455 3450
f 3570 3575 3455
f 3575 3576 3455
f 3578 3577 3456
f 3578 3456 3576
f 3576 3456 3455
f 3456 3577 3458
f 3581 3580 3579
f 3460 3579 3580
f 3460 3580 3459
f 3459 3580 3582
f 3582 3453 3459
f 3572 3453 3582
f 3578 3583 3577
f 3585 3584 3461
f 3583 3585 3461
f 3583 3461 3458
f 3583 3458 3577
f 3461 3584 3463
f 3588 3587 3586
f 3466 3586 3587
f 3466 3587 3465
f 3465 3587 3589
f 3579 3589 3581
f 3579 3467 3589
f 3467 3465 3589
f 3579 3460 3467
f 3585 3590 3584
f 3584 3468 3463
f 3584 3590 3468
f 3590 3591 3468
f 3593 3592 3469
f 3593 3469 3591
f 3591 3469 3468
f 3469 3592 3471
f 3586 3472 3473
f 3586 3473 3588
f 3588 3473 3594
f 3586 3466 3472
f 3593 3595 3592
f 3597 3596 3474
f 3595 3597 3474
f 3595 3474 3471
f 3595 3471 3592
f 3474 3596 3476
f 3594 3473 3598
f 3598 3473 3477
f 3597 3599 3596
f 3601 3600 3478
f 3599 3601 3478
f 3599 3478 3476
f 3599 3476 3596
f 3478 3600 3480
f 3598 3477 3602
f 3602 3477 3481
f 3601 3603 3600
f 3600 3603 3604
f 3600 3604 3480
f 3480 3604 3483
f 3602 3481 3605
f 3605 3481 3484
f 3485 3607 3606
f 3485 3483 3607
f 3483 3604 3607
f 3485 3606 3487
f 3605 3484 3608
f 3608 3484 3488
f 3610 3606 3607
f 3609 3606 3610
f 3606 3609 3490
f 3487 3606 3490
f 3608 3488 3611
f 3611 3488 3491
f 3613 3609 3610
f 3612 3609 3613
f 3609 3612 3493
f 3490 3609 3493
f 3494 3614 3615
f 3494 3615 3491
f 3491 3615 3611
f 3495 3614 3494
f 3616 3614 3495
f 3495 3496 3616
f 3613 3617 3612
f 3612 3617 3618
f 3612 3618 3493
f 3493 3618 3498
f 3615 3614 3619
f 3614 3616 3620
f 3619 3614 3620
f 3616 3496 3499
f 3616 3499 3620
f 3620 3499 3621
f 3499 3622 3621
f 3501 3622 3499
f 3625 3623 3624
f 3624 3623 3503
f 3624 3503 3618
f 3618 3503 3498
f 3622 3501 3504
f 3626 3622 3504
f 3628 3505 3627
f 3628 3626 3505
f 3626 3504 3505
f 3505 3507 3627
f 3631 3629 3630
f 3623 3510 3509
f 3625 3510 3623
f 3625 3629 3510
f 3625 3630 3629
f 3623 3509 3503
f 3628 3627 3632
f 3627 3507 3511
f 3627 3511 3632
f 3632 3511 3633
f 3633 3511 3634
f 3511 3512 3634
f 3512 3635 3634
f 3514 3635 3512
f 3629 3517 3516
f 3629 3631 3517
f 3631 3636 3517
f 3629 3516 3510
f 3635 3514 3518
f 3637 3635 3518
f 3637 3518 3638
f 3518 3519 3638
f 3519 3639 3638
f 3520 3639 3519
f 3642 3640 3641
f 3523 3641 3640
f 3523 3522 3641
f 3522 3643 3641
f 3643 3522 3517
f 3636 3643 3517
f 3639 3520 3524
f 3644 3639 3524
f 3644 3524 3645
f 3524 3525 3645
f 3645 3525 3646
f 3525 3526 3646
f 3648 3527 3647
f 3648 3646 3527
f 3646 3526 3527
f 3527 3529 3647
f 3531 3649 3532
f 3649 3642 3650
f 3649 3533 3642
f 3649 3531 3533
f 3533 3640 3642
f 3640 3533 3523
f 3648 3647 3651
f 3647 3529 3534
f 3647 3534 3651
f 3651 3534 3652
f 3652 3534 3653
f 3534 3535 3653
f 3653 3535 3654
f 3535 3536 3654
f 3654 3536 3655
f 3536 3537 3655
f 3655 3537 3656
f 3537 3538 3656
f 3656 3538 3657
f 3538 3539 3657
f 3657 3539 3658
f 3539 3540 3658
f 3658 3540 3659
f 3540 3541 3659
f 3659 3541 3660
f 3541 3542 3660
f 3660 3542 3661
f 3542 3543 3661
f 3661 3543 3662
f 3543 3544 3662
f 3662 3544 3663
f 3544 3545 3663
f 3532 3649 3664
f 3532 3664 3545
f 3545 3664 3663
f 3649 3650 3664
f 3551 3666 3665
f 3550 3551 3665
f 3665 3667 3550
f 3550 3667 3552
f 3667 3668 3552
f 3552 3668 3553
f 3668 3669 3553
f 3553 3669 3554
f 3669 3670 3554
f 3554 3670 3555
f 3672 3671 3556
f 3672 3556 3670
f 3670 3556 3555
f 3557 3556 3671
f 3673 3557 3671
f 3558 3557 3673
f 3674 3558 3673
f 3558 3674 3560
f 3562 3676 3675
f 3561 3562 3675
f 3675 3677 3561
f 3561 3677 3563
f 3677 3678 3563
f 3563 3678 3564
f 3678 3551 3564
f 3666 3551 3678
f 3672 3679 3671
f 3671 3680 3673
f 3679 3680 3671
f 3673 3681 3674
f 3680 3681 3673
f 3674 3565 3560
f 3674 3681 3565
f 3681 3682 3565
f 3682 3683 3565
f 3565 3683 3566
f 3685 3684 3567
f 3685 3567 3683
f 3683 3567 3566
f 3567 3684 3569
f 3572 3687 3686
f 3571 3572 3686
f 3686 3688 3571
f 3571 3688 3573
f 3688 3562 3573
f 3676 3562 3688
f 3685 3689 3684
f 3684 3574 3569
f 3684 3689 3574
f 3689 3690 3574
f 3690 3691 3574
f 3574 3691 3575
f 3693 3692 3576
f 3693 3576 3691
f 3691 3576 3575
f 3576 3692 3578
f 3581 3695 3694
f 3580 3581 3694
f 3694 3696 3580
f 3580 3696 3582
f 3696 3572 3582
f 3687 3572 3696
f 3693 3697 3692
f 3699 3698 3583
f 3697 3699 3583
f 3697 3583 3578
f 3697 3578 3692
f 3583 3698 3585
f 3588 3701 3700
f 3587 3588 3700
f 3700 3702 3587
f 3587 3702 3589
f 3702 3581 3589
f 3695 3581 3702
f 3699 3703 3698
f 3705 3704 3590
f 3703 3705 3590
f 3703 3590 3585
f 3703 3585 3698
f 3591 3590 3704
f 3706 3591 3704
f 3591 3706 3593
f 3701 3588 3707
f 3707 3588 3594
f 3705 3708 3704
f 3704 3709 3706
f 3708 3709 3704
f 3711 3710 3595
f 3709 3711 3595
f 3709 3595 3593
f 3709 3593 3706
f 3595 3710 3597
f 3707 3594 3712
f 3712 3594 3598
f 3714 3710 3711
f 3713 3710 3714
f 3599 3597 3710
f 3599 3710 3715
f 3715 3710 3713
f 3599 3715 3601
f 3712 3598 3716
f 3716 3598 3602
f 3714 3717 3713
f 3719 3713 3717
f 3719 3718 3713
f 3718 3715 3713
f 3603 3601 3715
f 3603 3715 3720
f 3720 3715 3718
f 3603 3720 3604
f 3716 3602 3721
f 3721 3602 3605
f 3719 3722 3718
f 3724 3718 3722
f 3724 3723 3718
f 3723 3720 3718
f 3720 3723 3607
f 3604 3720 3607
f 3721 3605 3725
f 3725 3605 3608
f 3727 3723 3724
f 3726 3723 3727
f 3723 3726 3610
f 3607 3723 3610
f 3725 3608 3728
f 3728 3608 3611
f 3730 3726 3727
f 3729 3726 3730
f 3726 3729 3613
f 3610 3726 3613
f 3728 3611 3731
f 3731 3611 3615
f 3733 3729 3730
f 3732 3729 3733
f 3617 3613 3729
f 3617 3729 3734
f 3734 3729 3732
f 3617 3734 3618
f 3731 3615 3619
f 3735 3731 3619
f 3735 3619 3736
f 3619 3620 3736
f 3738 3621 3737
f 3738 3736 3621
f 3736 3620 3621
f 3621 3622 3737
f 3740 3732 3733
f 3739 3732 3740
f 3625 3624 3734
f 3625 3734 3739
f 3739 3734 3732
f 3734 3624 3618
f 3738 3737 3741
f 3737 3622 3626
f 3737 3626 3741
f 3741 3626 3742
f 3743 3626 3628
f 3743 3744 3626
f 3744 3742 3626
f 3744 3743 3745
f 3739 3631 3630
f 3739 3740 3631
f 3740 3746 3631
f 3739 3630 3625
f 3743 3628 3632
f 3745 3743 3632
f 3745 3632 3747
f 3747 3632 3633
f 3749 3634 3748
f 3749 3747 3634
f 3747 3633 3634
f 3634 3635 3748
f 3752 3750 3751
f 3751 3750 3636
f 3751 3636 3746
f 3746 3636 3631
f 3749 3748 3753
f 3748 3635 3637
f 3748 3637 3753
f 3753 3637 3754
f 3754 3637 3755
f 3637 3638 3755
f 3638 3756 3755
f 3639 3756 3638
f 3759 3757 3758
f 3642 3758 3757
f 3642 3641 3758
f 3641 3760 3758
f 3750 3752 3760
f 3750 3760 3643
f 3643 3760 3641
f 3750 3643 3636
f 3756 3639 3644
f 3761 3756 3644
f 3761 3644 3762
f 3644 3645 3762
f 3762 3645 3763
f 3645 3646 3763
f 3764 3646 3648
f 3764 3765 3646
f 3765 3763 3646
f 3765 3764 3766
f 3759 3767 3757
f 3757 3767 3768
f 3757 3768 3642
f 3642 3768 3650
f 3764 3648 3651
f 3766 3764 3651
f 3766 3651 3769
f 3769 3651 3652
f 3769 3652 3770
f 3652 3653 3770
f 3770 3653 3771
f 3653 3654 3771
f 3771 3654 3772
f 3654 3655 3772
f 3772 3655 3773
f 3655 3656 3773
f 3773 3656 3774
f 3656 3657 3774
f 3774 3657 3775
f 3657 3658 3775
f 3775 3658 3776
f 3658 3659 3776
f 3776 3659 3777
f 3659 3660 3777
f 3777 3660 3778
f 3660 3661 3778
f 3778 3661 3779
f 3661 3662 3779
f 3779 3662 3780
f 3662 3663 3780
f 3780 3663 3781
f 3663 3664 3781
f 3781 3664 3650
f 3768 3781 3650
f 3665 3666 3782
f 3667 3665 3782
f 3783 3667 3782
f 3668 3667 3783
f 3784 3668 3783
f 3669 3668 3784
f 3785 3669 3784
f 3670 3669 3785
f 3786 3670 3785
f 3670 3786 3672
f 3676 3788 3787
f 3675 3676 3787
f 3787 3789 3675
f 3675 3789 3677
f 3789 3790 3677
f 3677 3790 3678
f 3666 3791 3782
f 3666 3678 3791
f 3678 3790 3791
f 3782 3792 3783
f 3791 3792 3782
f 3783 3793 3784
f 3792 3793 3783
f 3784 3794 3785
f 3793 3794 3784
f 3785 3795 3786
f 3794 3795 3785
f 3786 3679 3672
f 3786 3795 3679
f 3795 3796 3679
f 3796 3797 3679
f 3679 3797 3680
f 3797 3798 3680
f 3680 3798 3681
f 3800 3799 3682
f 3800 3682 3798
f 3798 3682 3681
f 3683 3682 3799
f 3801 3683 3799
f 3683 3801 3685
f 3687 3803 3802
f 3686 3687 3802
f 3802 3804 3686
f 3686 3804 3688
f 3804 3676 3688
f 3788 3676 3804
f 3800 3805 3799
f 3799 3806 3801
f 3805 3806 3799
f 3801 3689 3685
f 3801 3806 3689
f 3806 3807 3689
f 3809 3808 3690
f 3809 3690 3807
f 3807 3690 3689
f 3691 3690 3808
f 3810 3691 3808
f 3691 3810 3693
f 3695 3812 3811
f 3694 3695 3811
f 3811 3813 3694
f 3694 3813 3696
f 3813 3687 3696
f 3803 3687 3813
f 3809 3814 3808
f 3808 3815 3810
f 3814 3815 3808
f 3817 3816 3697
f 3815 3817 3697
f 3815 3697 3693
f 3815 3693 3810
f 3697 3816 3699
f 3701 3819 3818
f 3700 3701 3818
f 3818 3820 3700
f 3700 3820 3702
f 3820 3695 3702
f 3812 3695 3820
f 3817 3821 3816
f 3816 3703 3699
f 3816 3821 3703
f 3821 3822 3703
f 3703 3822 3823
f 3705 3703 3823
f 3819 3701 3824
f 3824 3701 3707
f 3823 3708 3705
f 3825 3708 3823
f 3827 3826 3709
f 3827 3709 3825
f 3825 3709 3708
f 3709 3826 3711
f 3824 3707 3828
f 3828 3707 3712
f 3827 3829 3826
f 3826 3829 3830
f 3826 3830 3711
f 3711 3830 3714
f 3828 3712 3831
f 3831 3712 3716
f 3717 3833 3832
f 3717 3714 3833
f 3714 3830 3833
f 3717 3832 3719
f 3831 3716 3834
f 3834 3716 3721
f 3833 3835 3832
f 3837 3836 3722
f 3835 3837 3722
f 3835 3722 3719
f 3835 3719 3832
f 3722 3836 3724
f 3834 3721 3838
f 3838 3721 3725
f 3840 3836 3837
f 3839 3836 3840
f 3836 3839 3727
f 3724 3836 3727
f 3838 3725 3841
f 3841 3725 3728
f 3840 3842 3839
f 3839 3842 3843
f 3839 3843 3727
f 3727 3843 3730
f 3841 3728 3844
f 3844 3728 3731
f 3847 3845 3846
f 3846 3845 3733
f 3846 3733 3843
f 3843 3733 3730
f 3844 3731 3735
f 3848 3844 3735
f 3848 3735 3849
f 3735 3736 3849
f 3850 3736 3738
f 3850 3851 3736
f 3851 3849 3736
f 3851 3850 3852
f 3847 3853 3845
f 3845 3853 3854
f 3845 3854 3733
f 3733 3854 3740
f 3850 3738 3741
f 3852 3850 3741
f 3852 3741 3855
f 3855 3741 3742
f 3857 3744 3856
f 3857 3855 3744
f 3855 3742 3744
f 3744 3745 3856
f 3860 3858 3859
f 3859 3858 3746
f 3859 3746 3854
f 3854 3746 3740
f 3857 3856 3861
f 3856 3745 3747
f 3856 3747 3861
f 3861 3747 3862
f 3863 3747 3749
f 3863 3864 3747
f 3864 3862 3747
f 3864 3863 3865
f 3858 3752 3751
f 3858 3860 3752
f 3860 3866 3752
f 3858 3751 3746
f 3863 3749 3753
f 3865 3863 3753
f 3865 3753 3867
f 3867 3753 3754
f 3867 3754 3868
f 3754 3755 3868
f 3755 3869 3868
f 3756 3869 3755
f 3759 3870 3871
f 3758 3870 3759
f 3870 3758 3872
f 3758 3760 3872
f 3872 3760 3752
f 3866 3872 3752
f 3869 3756 3761
f 3873 3869 3761
f 3873 3761 3874
f 3761 3762 3874
f 3874 3762 3875
f 3762 3763 3875
f 3875 3763 3876
f 3763 3765 3876
f 3877 3765 3766
f 3877 3878 3765
f 3878 3876 3765
f 3878 3877 3879
f 3767 3881 3880
f 3767 3759 3881
f 3759 3871 3881
f 3767 3880 3768
f 3877 3766 3769
f 3879 3877 3769
f 3879 3769 3882
f 3882 3769 3770
f 3882 3770 3883
f 3770 3771 3883
f 3883 3771 3884
f 3771 3772 3884
f 3884 3772 3885
f 3772 3773 3885
f 3885 3773 3886
f 3773 3774 3886
f 3886 3774 3887
f 3774 3775 3887
f 3887 3775 3888
f 3775 3776 3888
f 3888 3776 3889
f 3776 3777 3889
f 3889 3777 3890
f 3777 3778 3890
f 3890 3778 3891
f 3778 3779 3891
f 3891 3779 3892
f 3779 3780 3892
f 3880 3881 3892
f 3880 3892 3781
f 3781 3892 3780
f 3880 3781 3768
f 3788 3894 3893
f 3787 3788 3893
f 3893 3895 3787
f 3787 3895 3789
f 3895 3896 3789
f 3789 3896 3790
f 3896 3897 3790
f 3790 3897 3791
f 3897 3898 3791
f 3791 3898 3792
f 3898 3899 3792
f 3792 3899 3793
f 3899 3900 3793
f 3793 3900 3794
f 3900 3901 3794
f 3794 3901 3795
f 3901 3902 3795
f 3795 3902 3796
f 3902 3903 3796
f 3796 3903 3797
f 3905 3904 3798
f 3905 3798 3903
f 3903 3798 3797
f 3798 3904 3800
f 3908 3907 3906
f 3803 3906 3907
f 3803 3907 3802
f 3802 3907 3909
f 3909 3910 3802
f 3802 3910 3804
f 3910 3788 3804
f 3894 3788 3910
f 3905 3911 3904
f 3904 3805 3800
f 3904 3911 3805
f 3911 3912 3805
f 3912 3913 3805
f 3805 3913 3806
f 3915 3914 3807
f 3915 3807 3913
f 3913 3807 3806
f 3807 3914 3809
f 3918 3917 3916
f 3812 3916 3917
f 3812 3917 3811
f 3811 3917 3919
f 3906 3919 3908
f 3906 3813 3919
f 3813 3811 3919
f 3906 3803 3813
f 3915 3920 3914
f 3914 3814 3809
f 3914 3920 3814
f 3920 3921 3814
f 3923 3922 3815
f 3923 3815 3921
f 3921 3815 3814
f 3815 3922 3817
f 3819 3925 3924
f 3818 3819 3924
f 3916 3924 3918
f 3916 3820 3924
f 3820 3818 3924
f 3916 3812 3820
f 3923 3926 3922
f 3928 3927 3821
f 3926 3928 3821
f 3926 3821 3817
f 3926 3817 3922
f 3822 3821 3927
f 3929 3822 3927
f 3822 3929 3823
f 3925 3819 3930
f 3930 3819 3824
f 3928 3931 3927
f 3927 3932 3929
f 3931 3932 3927
f 3934 3933 3825
f 3932 3934 3825
f 3932 3825 3823
f 3932 3823 3929
f 3825 3933 3827
f 3930 3824 3935
f 3935 3824 3828
f 3934 3936 3933
f 3938 3937 3829
f 3936 3938 3829
f 3936 3829 3827
f 3936 3827 3933
f 3829 3937 3830
f 3935 3828 3939
f 3939 3828 3831
f 3938 3940 3937
f 3937 3940 3941
f 3937 3941 3830
f 3830 3941 3833
f 3939 3831 3942
f 3942 3831 3834
f 3835 3944 3943
f 3835 3833 3944
f 3833 3941 3944
f 3835 3943 3837
f 3942 3834 3945
f 3945 3834 3838
f 3944 3946 3943
f 3943 3946 3947
f 3943 3947 3837
f 3837 3947 3840
f 3945 3838 3948
f 3948 3838 3841
f 3842 3950 3949
f 3842 3840 3950
f 3840 3947 3950
f 3842 3949 3843
f 3948 3841 3951
f 3951 3841 3844
f 3949 3847 3846
f 3949 3950 3847
f 3950 3952 3847
f 3949 3846 3843
f 3951 3844 3848
f 3953 3951 3848
f 3953 3848 3954
f 3848 3849 3954
f 3956 3851 3955
f 3956 3954 3851
f 3954 3849 3851
f 3851 3852 3955
f 3853 3958 3957
f 3853 3847 3958
f 3847 3952 3958
f 3853 3957 3854
f 3956 3955 3959
f 3955 3852 3855
f 3955 3855 3959
f 3959 3855 3960
f 3961 3855 3857
f 3961 3962 3855
f 3962 3960 3855
f 3962 3961 3963
f 3957 3860 3859
f 3957 3958 3860
f 3958 3964 3860
f 3957 3859 3854
f 3961 3857 3861
f 3963 3961 3861
f 3963 3861 3965
f 3965 3861 3862
f 3967 3864 3966
f 3967 3965 3864
f 3965 3862 3864
f 3864 3865 3966
f 3970 3968 3969
f 3969 3968 3866
f 3969 3866 3964
f 3964 3866 3860
f 3967 3966 3971
f 3966 3865 3867
f 3966 3867 3971
f 3971 3867 3972
f 3972 3867 3973
f 3867 3868 3973
f 3868 3974 3973
f 3869 3974 3868
f 3871 3975 3976
f 3870 3975 3871
f 3968 3970 3975
f 3968 3975 3872
f 3872 3975 3870
f 3968 3872 3866
f 3974 3869 3873
f 3977 3974 3873
f 3977 3873 3978
f 3873 3874 3978
f 3978 3874 3979
f 3874 3875 3979
f 3979 3875 3980
f 3875 3876 3980
f 3980 3876 3981
f 3876 3878 3981
f 3878 3982 3981
f 3879 3982 3878
f 3985 3983 3984
f 3984 3983 3881
f 3984 3881 3976
f 3976 3881 3871
f 3982 3879 3882
f 3986 3982 3882
f 3986 3882 3987
f 3882 3883 3987
f 3987 3883 3988
f 3883 3884 3988
f 3988 3884 3989
f 3884 3885 3989
f 3989 3885 3990
f 3885 3886 3990
f 3990 3886 3991
f 3886 3887 3991
f 3991 3887 3992
f 3887 3888 3992
f 3992 3888 3993
f 3888 3889 3993
f 3993 3889 3994
f 3889 3890 3994
f 3994 3890 3995
f 3890 3891 3995
f 3983 3985 3995
f 3983 3995 3892
f 3892 3995 3891
f 3983 3892 3881
f 3893 3894 3996
f 3895 3893 3996
f 3997 3895 3996
f 3997 3999 3998
f 3997 3998 3895
f 3895 3998 3896
f 3998 4000 3896
f 3896 4000 3897
f 4000 4001 3897
f 3897 4001 3898
f 4001 4002 3898
f 3898 4002 3899
f 4002 4003 3899
f 3899 4003 3900
f 4005 4004 3901
f 4005 3901 4003
f 4003 3901 3900
f 3902 3901 4004
f 4006 3902 4004
f 3903 3902 4006
f 4007 3903 4006
f 3903 4007 3905
f 3907 3908 4008
f 4008 4010 4009
f 4008 4009 3907
f 3907 4009 3909
f 4009 4011 3909
f 3909 4011 3910
f 3894 4012 3996
f 3894 3910 4012
f 3910 4011 4012
f 3996 4013 3997
f 4012 4013 3996
f 3997 4013 3999
f 4005 4014 4004
f 4004 4015 4006
f 4014 4015 4004
f 4006 4016 4007
f 4015 4016 4006
f 4007 3911 3905
f 4007 4016 3911
f 4016 4017 3911
f 4017 4018 3911
f 3911 4018 3912
f 4020 4019 3913
f 4020 3913 4018
f 4018 3913 3912
f 3913 4019 3915
f 3918 4022 4021
f 3917 3918 4021
f 4021 4023 3917
f 3917 4023 3919
f 3908 4024 4008
f 3908 3919 4024
f 3919 4023 4024
f 4008 4024 4010
f 4020 4025 4019
f 4019 3920 3915
f 4019 4025 3920
f 4025 4026 3920
f 4028 4027 3921
f 4028 3921 4026
f 4026 3921 3920
f 3921 4027 3923
f 3925 4030 4029
f 3924 3925 4029
f 4029 3918 3924
f 4022 3918 4029
f 4028 4031 4027
f 4033 4032 3926
f 4031 4033 3926
f 4031 3926 3923
f 4031 3923 4027
f 3926 4032 3928
f 4030 3925 4034
f 4034 3925 3930
f 4033 4035 4032
f 4032 3931 3928
f 4032 4035 3931
f 4035 4036 3931
f 4038 4037 3932
f 4038 3932 4036
f 4036 3932 3931
f 3932 4037 3934
f 4034 3930 4039
f 4039 3930 3935
f 4038 4040 4037
f 4042 4041 3936
f 4040 4042 3936
f 4040 3936 3934
f 4040 3934 4037
f 3936 4041 3938
f 4039 3935 4043
f 4043 3935 3939
f 4045 4041 4042
f 4044 4041 4045
f 3940 3938 4041
f 3940 4041 4046
f 4046 4041 4044
f 3940 4046 3941
f 4043 3939 4047
f 4047 3939 3942
f 4045 4048 4044
f 4050 4044 4048
f 4050 4049 4044
f 4049 4046 4044
f 4046 4049 3944
f 3941 4046 3944
f 4047 3942 4051
f 4051 3942 3945
f 4053 4049 4050
f 4052 4049 4053
f 3946 3944 4049
f 3946 4049 4054
f 4054 4049 4052
f 3946 4054 3947
f 4051 3945 4055
f 4055 3945 3948
f 4053 4056 4052
f 4058 4052 4056
f 4058 4057 4052
f 4057 4054 4052
f 4054 4057 3950
f 3947 4054 3950
f 4055 3948 4059
f 4059 3948 3951
f 4061 4057 4058
f 4060 4057 4061
f 4057 4060 3952
f 3950 4057 3952
f 4059 3951 3953
f 4062 4059 3953
f 4062 3953 4063
f 3953 3954 4063
f 3954 4064 4063
f 3956 4064 3954
f 4066 4060 4061
f 4065 4060 4066
f 4060 4065 3958
f 3952 4060 3958
f 4064 3956 3959
f 4067 4064 3959
f 4069 3960 4068
f 4069 4067 3960
f 4067 3959 3960
f 3962 4068 3960
f 4070 4068 3962
f 3962 3963 4070
f 4072 4065 4066
f 4071 4065 4072
f 4065 4071 3964
f 3958 4065 3964
f 4069 4068 4073
f 4068 4070 4074
f 4073 4068 4074
f 4076 3965 4075
f 4074 3965 4076
f 4074 3963 3965
f 4074 4070 3963
f 3965 3967 4075
f 4079 4077 4078
f 4071 3970 3969
f 4072 3970 4071
f 4072 4077 3970
f 4072 4078 4077
f 4071 3969 3964
f 4076 4075 4080
f 4075 3967 3971
f 4075 3971 4080
f 4080 3971 4081
f 4081 3971 4082
f 3971 3972 4082
f 4082 3972 4083
f 3972 3973 4083
f 4084 3973 3974
f 4084 4085 3973
f 4085 4083 3973
f 4085 4084 4086
f 4089 4087 4088
f 4077 3976 3975
f 4079 3976 4077
f 4079 4087 3976
f 4079 4088 4087
f 4077 3975 3970
f 4084 3974 3977
f 4086 4084 3977
f 4086 3977 4090
f 4090 3977 3978
f 4090 3978 4091
f 3978 3979 4091
f 4091 3979 4092
f 3979 3980 4092
f 4092 3980 4093
f 3980 3981 4093
f 4094 3981 3982
f 4094 4095 3981
f 4095 4093 3981
f 4095 4096 4097
f 4094 4096 4095
f 4097 4098 4099
f 4096 4098 4097
f 4099 4100 4101
f 4098 4100 4099
f 4101 4102 4103
f 4100 4102 4101
f 4103 4104 4105
f 4102 4104 4103
f 4105 4106 4107
f 4104 4106 4105
f 4107 4108 4109
f 4106 4108 4107
f 4109 4110 4111
f 4108 4110 4109
f 4111 4112 4113
f 4110 4112 4111
f 4087 3985 3984
f 4089 3985 4087
f 4089 4112 3985
f 4089 4113 4112
f 4087 3984 3976
f 4094 3982 3986
f 4096 4094 3986
f 3987 4096 3986
f 4098 4096 3987
f 3988 4098 3987
f 4100 4098 3988
f 3989 4100 3988
f 4102 4100 3989
f 3990 4102 3989
f 4104 4102 3990
f 3991 4104 3990
f 4106 4104 3991
f 3992 4106 3991
f 4108 4106 3992
f 3993 4108 3992
f 4110 4108 3993
f 3994 4110 3993
f 4112 4110 3994
f 3995 4112 3994
f 4112 3995 3985
f 3998 3999 4114
f 4000 3998 4114
f 4115 4000 4114
f 4001 4000 4115
f 4116 4001 4115
f 4002 4001 4116
f 4117 4002 4116
f 4003 4002 4117
f 4118 4003 4117
f 4003 4118 4005
f 4010 4120 4119
f 4009 4010 4119
f 4119 4121 4009
f 4009 4121 4011
f 4121 4122 4011
f 4011 4122 4012
f 4122 4123 4012
f 4012 4123 4013
f 3999 4124 4114
f 3999 4013 4124
f 4013 4123 4124
f 4114 4125 4115
f 4124 4125 4114
f 4115 4126 4116
f 4125 4126 4115
f 4116 4127 4117
f 4126 4127 4116
f 4117 4128 4118
f 4127 4128 4117
f 4118 4014 4005
f 4118 4128 4014
f 4128 4129 4014
f 4129 4130 4014
f 4014 4130 4015
f 4130 4131 4015
f 4015 4131 4016
f 4133 4132 4017
f 4133 4017 4131
f 4131 4017 4016
f 4018 4017 4132
f 4134 4018 4132
f 4018 4134 4020
f 4022 4136 4135
f 4021 4022 4135
f 4135 4137 4021
f 4021 4137 4023
f 4137 4138 4023
f 4023 4138 4024
f 4138 4010 4024
f 4120 4010 4138
f 4133 4139 4132
f 4132 4140 4134
f 4139 4140 4132
f 4134 4025 4020
f 4134 4140 4025
f 4140 4141 4025
f 4143 4142 4026
f 4143 4026 4141
f 4141 4026 4025
f 4026 4142 4028
f 4030 4145 4144
f 4029 4030 4144
f 4144 4022 4029
f 4136 4022 4144
f 4143 4146 4142
f 4148 4147 4031
f 4146 4148 4031
f 4146 4031 4028
f 4146 4028 4142
f 4031 4147 4033
f 4145 4030 4149
f 4149 4030 4034
f 4148 4150 4147
f 4152 4151 4035
f 4150 4152 4035
f 4150 4035 4033
f 4150 4033 4147
f 4036 4035 4151
f 4153 4036 4151
f 4036 4153 4038
f 4149 4034 4154
f 4154 4034 4039
f 4152 4155 4151
f 4151 4156 4153
f 4155 4156 4151
f 4158 4157 4040
f 4156 4158 4040
f 4156 4040 4038
f 4156 4038 4153
f 4040 4157 4042
f 4154 4039 4159
f 4159 4039 4043
f 4161 4157 4158
f 4160 4157 4161
f 4157 4160 4045
f 4042 4157 4045
f 4159 4043 4162
f 4162 4043 4047
f 4161 4163 4160
f 4165 4164 4048
f 4163 4165 4048
f 4163 4048 4045
f 4163 4045 4160
f 4048 4164 4050
f 4162 4047 4166
f 4166 4047 4051
f 4165 4167 4164
f 4164 4167 4168
f 4164 4168 4050
f 4050 4168 4053
f 4166 4051 4169
f 4169 4051 4055
f 4056 4171 4170
f 4056 4053 4171
f 4053 4168 4171
f 4056 4170 4058
f 4169 4055 4172
f 4172 4055 4059
f 4174 4170 4171
f 4173 4170 4174
f 4170 4173 4061
f 4058 4170 4061
f 4062 4175 4176
f 4062 4176 4059
f 4059 4176 4172
f 4063 4175 4062
f 4177 4175 4063
f 4063 4064 4177
f 4179 4173 4174
f 4178 4173 4179
f 4173 4178 4066
f 4061 4173 4066
f 4176 4175 4180
f 4175 4177 4181
f 4180 4175 4181
f 4183 4067 4182
f 4181 4067 4183
f 4181 4064 4067
f 4181 4177 4064
f 4067 4069 4182
f 4185 4178 4179
f 4184 4178 4185
f 4178 4184 4072
f 4066 4178 4072
f 4183 4182 4186
f 4182 4069 4073
f 4182 4073 4186
f 4186 4073 4187
f 4189 4074 4188
f 4189 4187 4074
f 4187 4073 4074
f 4074 4076 4188
f 4192 4190 4191
f 4184 4079 4078
f 4185 4079 4184
f 4185 4190 4079
f 4185 4191 4190
f 4184 4078 4072
f 4189 4188 4193
f 4188 4076 4080
f 4188 4080 4193
f 4193 4080 4194
f 4194 4080 4195
f 4080 4081 4195
f 4195 4081 4196
f 4081 4082 4196
f 4196 4082 4197
f 4082 4083 4197
f 4197 4083 4198
f 4083 4085 4198
f 4199 4085 4086
f 4199 4200 4085
f 4200 4198 4085
f 4200 4201 4202
f 4199 4201 4200
f 4202 4203 4204
f 4201 4203 4202
f 4204 4203 4205
f 4190 4089 4088
f 4190 4192 4089
f 4192 4206 4089
f 4190 4088 4079
f 4199 4086 4090
f 4201 4199 4090
f 4091 4201 4090
f 4203 4201 4091
f 4092 4203 4091
f 4205 4203 4092
f 4205 4092 4207
f 4207 4092 4093
f 4207 4093 4208
f 4093 4095 4208
f 4208 4095 4209
f 4095 4097 4209
f 4209 4097 4210
f 4097 4099 4210
f 4210 4099 4211
f 4099 4101 4211
f 4211 4101 4212
f 4101 4103 4212
f 4212 4103 4213
f 4103 4105 4213
f 4213 4105 4214
f 4105 4107 4214
f 4214 4107 4215
f 4107 4109 4215
f 4215 4109 4216
f 4109 4111 4216
f 4216 4111 4217
f 4111 4113 4217
f 4217 4113 4089
f 4206 4217 4089
f 4120 4219 4218
f 4119 4120 4218
f 4218 4220 4119
f 4119 4220 4121
f 4220 4221 4121
f 4121 4221 4122
f 4221 4222 4122
f 4122 4222 4123
f 4222 4223 4123
f 4123 4223 4124
f 4223 4224 4124
f 4124 4224 4125
f 4224 4225 4125
f 4125 4225 4126
f 4225 4226 4126
f 4126 4226 4127
f 4226 4227 4127
f 4127 4227 4128
f 4227 4228 4128
f 4128 4228 4129
f 4230 4229 4130
f 4230 4130 4228
f 4228 4130 4129
f 4131 4130 4229
f 4231 4131 4229
f 4131 4231 4133
f 4136 4233 4232
f 4135 4136 4232
f 4232 4234 4135
f 4135 4234 4137
f 4234 4235 4137
f 4137 4235 4138
f 4235 4120 4138
f 4219 4120 4235
f 4230 4236 4229
f 4229 4237 4231
f 4236 4237 4229
f 4231 4139 4133
f 4231 4237 4139
f 4237 4238 4139
f 4240 4239 4140
f 4240 4140 4238
f 4238 4140 4139
f 4141 4140 4239
f 4241 4141 4239
f 4141 4241 4143
f 4145 4243 4242
f 4144 4145 4242
f 4242 4136 4144
f 4233 4136 4242
f 4240 4244 4239
f 4239 4245 4241
f 4244 4245 4239
f 4247 4246 4146
f 4245 4247 4146
f 4245 4146 4143
f 4245 4143 4241
f 4146 4246 4148
f 4243 4145 4248
f 4248 4145 4149
f 4247 4249 4246
f 4246 4150 4148
f 4246 4249 4150
f 4249 4250 4150
f 4150 4250 4251
f 4152 4150 4251
f 4248 4149 4252
f 4252 4149 4154
f 4251 4155 4152
f 4253 4155 4251
f 4255 4254 4156
f 4255 4156 4253
f 4253 4156 4155
f 4156 4254 4158
f 4252 4154 4256
f 4256 4154 4159
f 4258 4254 4255
f 4257 4254 4258
f 4254 4257 4161
f 4158 4254 4161
f 4256 4159 4259
f 4259 4159 4162
f 4258 4260 4257
f 4262 4261 4163
f 4260 4262 4163
f 4260 4163 4161
f 4260 4161 4257
f 4163 4261 4165
f 4259 4162 4263
f 4263 4162 4166
f 4262 4264 4261
f 4266 4265 4167
f 4264 4266 4167
f 4264 4167 4165
f 4264 4165 4261
f 4167 4265 4168
f 4263 4166 4267
f 4267 4166 4169
f 4269 4265 4266
f 4268 4265 4269
f 4265 4268 4171
f 4168 4265 4171
f 4267 4169 4270
f 4270 4169 4172
f 4272 4268 4269
f 4271 4268 4272
f 4268 4271 4174
f 4171 4268 4174
f 4270 4172 4273
f 4273 4172 4176
f 4275 4271 4272
f 4274 4271 4275
f 4271 4274 4179
f 4174 4271 4179
f 4273 4176 4180
f 4276 4273 4180
f 4278 4181 4277
f 4278 4276 4181
f 4276 4180 4181
f 4181 4183 4277
f 4280 4274 4275
f 4279 4274 4280
f 4274 4279 4185
f 4179 4274 4185
f 4278 4277 4281
f 4277 4183 4186
f 4277 4186 4281
f 4281 4186 4282
f 4284 4187 4283
f 4284 4282 4187
f 4282 4186 4187
f 4187 4189 4283
f 4287 4285 4286
f 4279 4192 4191
f 4280 4192 4279
f 4280 4285 4192
f 4280 4286 4285
f 4279 4191 4185
f 4284 4283 4288
f 4283 4189 4193
f 4283 4193 4288
f 4288 4193 4289
f 4289 4193 4290
f 4193 4194 4290
f 4290 4194 4291
f 4194 4195 4291
f 4291 4195 4292
f 4195 4196 4292
f 4292 4196 4293
f 4196 4197 4293
f 4293 4197 4294
f 4197 4198 4294
f 4294 4198 4295
f 4198 4200 4295
f 4297 4202 4296
f 4297 4295 4202
f 4295 4200 4202
f 4204 4296 4202
f 4298 4296 4204
f 4204 4205 4298
f 4300 4285 4287
f 4299 4285 4300
f 4285 4299 4206
f 4192 4285 4206
f 4297 4296 4301
f 4296 4298 4302
f 4301 4296 4302
f 4298 4205 4207
f 4298 4207 4302
f 4302 4207 4303
f 4303 4207 4304
f 4207 4208 4304
f 4304 4208 4305
f 4208 4209 4305
f 4305 4209 4306
f 4209 4210 4306
f 4306 4210 4307
f 4210 4211 4307
f 4307 4211 4308
f 4211 4212 4308
f 4308 4212 4309
f 4212 4213 4309
f 4309 4213 4310
f 4213 4214 4310
f 4310 4214 4311
f 4214 4215 4311
f 4311 4215 4312
f 4215 4216 4312
f 4299 4300 4312
f 4299 4312 4217
f 4217 4312 4216
f 4299 4217 4206
f 4218 4219 4313
f 4220 4218 4313
f 4314 4220 4313
f 4221 4220 4314
f 4315 4221 4314
f 4222 4221 4315
f 4316 4222 4315
f 4223 4222 4316
f 4317 4223 4316
f 4224 4223 4317
f 4318 4224 4317
f 4225 4224 4318
f 4319 4225 4318
f 4226 4225 4319
f 4320 4226 4319
f 4227 4226 4320
f 4321 4227 4320
f 4228 4227 4321
f 4322 4228 4321
f 4228 4322 4230
f 4233 4324 4323
f 4232 4233 4323
f 4323 4325 4232
f 4232 4325 4234
f 4325 4326 4234
f 4234 4326 4235
f 4219 4327 4313
f 4219 4235 4327
f 4235 4326 4327
f 4313 4328 4314
f 4327 4328 4313
f 4314 4329 4315
f 4328 4329 4314
f 4315 4330 4316
f 4329 4330 4315
f 4316 4331 4317
f 4330 4331 4316
f 4317 4332 4318
f 4331 4332 4317
f 4318 4333 4319
f 4332 4333 4318
f 4319 4334 4320
f 4333 4334 4319
f 4320 4335 4321
f 4334 4335 4320
f 4321 4336 4322
f 4335 4336 4321
f 4322 4236 4230
f 4322 4336 4236
f 4336 4337 4236
f 4337 4338 4236
f 4236 4338 4237
f 4340 4339 4238
f 4340 4238 4338
f 4338 4238 4237
f 4238 4339 4240
f 4243 4342 4341
f 4242 4243 4341
f 4341 4233 4242
f 4324 4233 4341
f 4340 4343 4339
f 4339 4244 4240
f 4339 4343 4244
f 4343 4344 4244
f 4346 4345 4245
f 4346 4245 4344
f 4344 4245 4244
f 4245 4345 4247
f 4342 4243 4347
f 4347 4243 4248
f 4346 4348 4345
f 4350 4349 4249
f 4348 4350 4249
f 4348 4249 4247
f 4348 4247 4345
f 4250 4249 4349
f 4351 4250 4349
f 4250 4351 4251
f 4347 4248 4352
f 4352 4248 4252
f 4350 4353 4349
f 4349 4354 4351
f 4353 4354 4349
f 4356 4355 4253
f 4354 4356 4253
f 4354 4253 4251
f 4354 4251 4351
f 4253 4355 4255
f 4352 4252 4357
f 4357 4252 4256
f 4359 4355 4356
f 4358 4355 4359
f 4355 4358 4258
f 4255 4355 4258
f 4357 4256 4360
f 4360 4256 4259
f 4359 4361 4358
f 4363 4362 4260
f 4361 4363 4260
f 4361 4260 4258
f 4361 4258 4358
f 4260 4362 4262
f 4360 4259 4364
f 4364 4259 4263
f 4366 4362 4363
f 4365 4362 4366
f 4264 4262 4362
f 4264 4362 4367
f 4367 4362 4365
f 4264 4367 4266
f 4364 4263 4368
f 4368 4263 4267
f 4366 4369 4365
f 4371 4365 4369
f 4371 4370 4365
f 4370 4367 4365
f 4367 4370 4269
f 4266 4367 4269
f 4368 4267 4372
f 4372 4267 4270
f 4374 4370 4371
f 4373 4370 4374
f 4370 4373 4272
f 4269 4370 4272
f 4372 4270 4375
f 4375 4270 4273
f 4377 4373 4374
f 4376 4373 4377
f 4373 4376 4275
f 4272 4373 4275
f 4276 4378 4379
f 4276 4379 4273
f 4273 4379 4375
f 4276 4278 4378
f 4381 4376 4377
f 4380 4376 4381
f 4376 4380 4280
f 4275 4376 4280
f 4379 4378 4382
f 4378 4278 4281
f 4378 4281 4382
f 4382 4281 4383
f 4383 4281 4384
f 4281 4282 4384
f 4282 4385 4384
f 4284 4385 4282
f 4380 4287 4286
f 4380 4381 4287
f 4381 4386 4287
f 4380 4286 4280
f 4385 4284 4288
f 4387 4385 4288
f 4387 4288 4388
f 4288 4289 4388
f 4388 4289 4389
f 4289 4290 4389
f 4389 4290 4390
f 4290 4291 4390
f 4390 4291 4391
f 4291 4292 4391
f 4391 4292 4392
f 4292 4293 4392
f 4392 4293 4393
f 4293 4294 4393
f 4395 4295 4394
f 4395 4393 4295
f 4393 4294 4295
f 4295 4297 4394
f 4398 4396 4397
f 4397 4396 4300
f 4397 4300 4386
f 4386 4300 4287
f 4395 4394 4399
f 4394 4297 4301
f 4394 4301 4399
f 4399 4301 4400
f 4400 4301 4401
f 4301 4302 4401
f 4401 4302 4402
f 4302 4303 4402
f 4402 4303 4403
f 4303 4304 4403
f 4403 4304 4404
f 4304 4305 4404
f 4404 4305 4405
f 4305 4306 4405
f 4405 4306 4406
f 4306 4307 4406
f 4406 4307 4407
f 4307 4308 4407
f 4407 4308 4408
f 4308 4309 4408
f 4408 4309 4409
f 4309 4310 4409
f 4409 4310 4410
f 4310 4311 4410
f 4396 4398 4410
f 4396 4410 4312
f 4312 4410 4311
f 4396 4312 4300
f 4323 4324 4411
f 4411 4413 4412
f 4411 4412 4323
f 4323 4412 4325
f 4412 4414 4325
f 4325 4414 4326
f 4414 4415 4326
f 4326 4415 4327
f 4415 4416 4327
f 4327 4416 4328
f 4416 4417 4328
f 4328 4417 4329
f 4417 4418 4329
f 4329 4418 4330
f 4418 4419 4330
f 4330 4419 4331
f 4419 4420 4331
f 4331 4420 4332
f 4420 4421 4332
f 4332 4421 4333
f 4421 4422 4333
f 4333 4422 4334
f 4422 4423 4334
f 4334 4423 4335
f 4423 4424 4335
f 4335 4424 4336
f 4424 4425 4336
f 4336 4425 4337
f 4427 4426 4338
f 4427 4338 4425
f 4425 4338 4337
f 4338 4426 4340
f 4342 4429 4428
f 4341 4342 4428
f 4324 4430 4411
f 4324 4341 4430
f 4341 4428 4430
f 4411 4430 4413
f 4427 4431 4426
f 4426 4343 4340
f 4426 4431 4343
f 4431 4432 4343
f 4434 4433 4344
f 4434 4344 4432
f 4432 4344 4343
f 4344 4433 4346
f 4429 4342 4435
f 4435 4342 4347
f 4434 4436 4433
f 4438 4437 4348
f 4436 4438 4348
f 4436 4348 4346
f 4436 4346 4433
f 4348 4437 4350
f 4435 4347 4439
f 4439 4347 4352
f 4438 4440 4437
f 4437 4353 4350
f 4437 4440 4353
f 4440 4441 4353
f 4443 4442 4354
f 4443 4354 4441
f 4441 4354 4353
f 4354 4442 4356
f 4439 4352 4444
f 4444 4352 4357
f 4443 4445 4442
f 4442 4445 4446
f 4442 4446 4356
f 4356 4446 4359
f 4444 4357 4447
f 4447 4357 4360
f 4361 4449 4448
f 4361 4359 4449
f 4359 4446 4449
f 4361 4448 4363
f 4447 4360 4450
f 4450 4360 4364
f 4449 4451 4448
f 4448 4451 4452
f 4448 4452 4363
f 4363 4452 4366
f 4450 4364 4453
f 4453 4364 4368
f 4369 4455 4454
f 4369 4366 4455
f 4366 4452 4455
f 4369 4454 4371
f 4453 4368 4456
f 4456 4368 4372
f 4458 4454 4455
f 4457 4454 4458
f 4454 4457 4374
f 4371 4454 4374
f 4456 4372 4459
f 4459 4372 4375
f 4461 4457 4458
f 4460 4457 4461
f 4457 4460 4377
f 4374 4457 4377
f 4462 4463 4459
f 4462 4459 4379
f 4379 4459 4375
f 4463 4462 4464
f 4461 4465 4460
f 4460 4465 4466
f 4460 4466 4377
f 4377 4466 4381
f 4462 4379 4382
f 4464 4462 4382
f 4464 4382 4467
f 4467 4382 4383
f 4467 4383 4468
f 4383 4384 4468
f 4384 4469 4468
f 4385 4469 4384
f 4472 4470 4471
f 4471 4470 4386
f 4471 4386 4466
f 4466 4386 4381
f 4469 4385 4387
f 4473 4469 4387
f 4473 4387 4474
f 4387 4388 4474
f 4474 4388 4475
f 4388 4389 4475
f 4475 4389 4476
f 4389 4390 4476
f 4476 4390 4477
f 4390 4391 4477
f 4477 4391 4478
f 4391 4392 4478
f 4478 4392 4479
f 4392 4393 4479
f 4480 4393 4395
f 4480 4481 4393
f 4481 4479 4393
f 4481 4480 4482
f 4470 4398 4397
f 4470 4472 4398
f 4472 4483 4398
f 4470 4397 4386
f 4480 4395 4399
f 4482 4480 4399
f 4482 4399 4484
f 4484 4399 4400
f 4484 4400 4485
f 4400 4401 4485
f 4485 4401 4486
f 4401 4402 4486
f 4486 4402 4487
f 4402 4403 4487
f 4487 4403 4488
f 4403 4404 4488
f 4488 4404 4489
f 4404 4405 4489
f 4489 4405 4490
f 4405 4406 4490
f 4490 4406 4491
f 4406 4407 4491
f 4491 4407 4492
f 4407 4408 4492
f 4492 4408 4493
f 4408 4409 4493
f 4493 4409 4494
f 4409 4410 4494
f 4494 4410 4398
f 4483 4494 4398
f 4412 4413 4495
f 4414 4412 4495
f 4496 4414 4495
f 4415 4414 4496
f 4497 4415 4496
f 4416 4415 4497
f 4498 4416 4497
f 4417 4416 4498
f 4499 4417 4498
f 4418 4417 4499
f 4500 4418 4499
f 4419 4418 4500
f 4501 4419 4500
f 4501 4503 4502
f 4501 4502 4419
f 4419 4502 4420
f 4502 4504 4420
f 4420 4504 4421
f 4504 4505 4421
f 4421 4505 4422
f 4505 4506 4422
f 4422 4506 4423
f 4508 4507 4424
f 4508 4424 4506
f 4506 4424 4423
f 4425 4424 4507
f 4509 4425 4507
f 4425 4509 4427
f 4429 4511 4510
f 4428 4429 4510
f 4510 4512 4428
f 4428 4512 4430
f 4413 4513 4495
f 4413 4430 4513
f 4430 4512 4513
f 4495 4514 4496
f 4513 4514 4495
f 4496 4515 4497
f 4514 4515 4496
f 4497 4516 4498
f 4515 4516 4497
f 4498 4517 4499
f 4516 4517 4498
f 4499 4518 4500
f 4517 4518 4499
f 4500 4519 4501
f 4518 4519 4500
f 4501 4519 4503
f 4508 4520 4507
f 4507 4521 4509
f 4520 4521 4507
f 4509 4431 4427
f 4509 4521 4431
f 4521 4522 4431
f 4524 4523 4432
f 4524 4432 4522
f 4522 4432 4431
f 4432 4523 4434
f 4511 4429 4525
f 4525 4429 4435
f 4524 4526 4523
f 4528 4527 4436
f 4526 4528 4436
f 4526 4436 4434
f 4526 4434 4523
f 4436 4527 4438
f 4525 4435 4529
f 4529 4435 4439
f 4528 4530 4527
f 4532 4531 4440
f 4530 4532 4440
f 4530 4440 4438
f 4530 4438 4527
f 4441 4440 4531
f 4533 4441 4531
f 4441 4533 4443
f 4529 4439 4534
f 4534 4439 4444
f 4532 4535 4531
f 4531 4536 4533
f 4535 4536 4531
f 4538 4537 4445
f 4536 4538 4445
f 4536 4445 4443
f 4536 4443 4533
f 4445 4537 4446
f 4534 4444 4539
f 4539 4444 4447
f 4541 4537 4538
f 4540 4537 4541
f 4537 4540 4449
f 4446 4537 4449
f 4539 4447 4542
f 4542 4447 4450
f 4541 4543 4540
f 4545 4544 4451
f 4543 4545 4451
f 4543 4451 4449
f 4543 4449 4540
f 4451 4544 4452
f 4542 4450 4546
f 4546 4450 4453
f 4548 4544 4545
f 4547 4544 4548
f 4544 4547 4455
f 4452 4544 4455
f 4546 4453 4549
f 4549 4453 4456
f 4551 4547 4548
f 4550 4547 4551
f 4547 4550 4458
f 4455 4547 4458
f 4549 4456 4552
f 4552 4456 4459
f 4551 4553 4550
f 4550 4553 4554
f 4550 4554 4458
f 4458 4554 4461
f 4552 4459 4463
f 4555 4552 4463
f 4463 4556 4555
f 4464 4556 4463
f 4465 4558 4557
f 4465 4461 4558
f 4461 4554 4558
f 4465 4557 4466
f 4556 4464 4467
f 4559 4556 4467
f 4559 4467 4560
f 4467 4468 4560
f 4468 4561 4560
f 4469 4561 4468
f 4557 4472 4471
f 4557 4558 4472
f 4558 4562 4472
f 4557 4471 4466
f 4561 4469 4473
f 4563 4561 4473
f 4563 4473 4564
f 4473 4474 4564
f 4564 4474 4565
f 4474 4475 4565
f 4565 4475 4566
f 4475 4476 4566
f 4566 4476 4567
f 4476 4477 4567
f 4567 4477 4568
f 4477 4478 4568
f 4568 4478 4569
f 4478 4479 4569
f 4569 4479 4570
f 4479 4481 4570
f 4481 4571 4570
f 4482 4571 4481
f 4574 4572 4573
f 4573 4572 4483
f 4573 4483 4562
f 4562 4483 4472
f 4571 4482 4484
f 4575 4571 4484
f 4575 4484 4576
f 4484 4485 4576
f 4576 4485 4577
f 4485 4486 4577
f 4577 4486 4578
f 4486 4487 4578
f 4578 4487 4579
f 4487 4488 4579
f 4579 4488 4580
f 4488 4489 4580
f 4580 4489 4581
f 4489 4490 4581
f 4581 4490 4582
f 4490 4491 4582
f 4582 4491 4583
f 4491 4492 4583
f 4583 4492 4584
f 4492 4493 4584
f 4572 4574 4584
f 4572 4584 4494
f 4494 4584 4493
f 4572 4494 4483
f 4502 4503 4585
f 4504 4502 4585
f 4586 4504 4585
f 4505 4504 4586
f 4587 4505 4586
f 4506 4505 4587
f 4588 4506 4587
f 4506 4588 4508
f 4511 4590 4589
f 4510 4511 4589
f 4589 4591 4510
f 4510 4591 4512
f 4591 4592 4512
f 4512 4592 4513
f 4592 4593 4513
f 4513 4593 4514
f 4593 4594 4514
f 4514 4594 4515
f 4594 4595 4515
f 4515 4595 4516
f 4595 4596 4516
f 4516 4596 4517
f 4596 4597 4517
f 4517 4597 4518
f 4597 4598 4518
f 4518 4598 4519
f 4503 4599 4585
f 4503 4519 4599
f 4519 4598 4599
f 4585 4600 4586
f 4599 4600 4585
f 4586 4601 4587
f 4600 4601 4586
f 4587 4602 4588
f 4601 4602 4587
f 4588 4520 4508
f 4588 4602 4520
f 4602 4603 4520
f 4605 4604 4521
f 4605 4521 4603
f 4603 4521 4520
f 4522 4521 4604
f 4606 4522 4604
f 4522 4606 4524
f 4590 4511 4607
f 4607 4511 4525
f 4605 4608 4604
f 4604 4609 4606
f 4608 4609 4604
f 4611 4610 4526
f 4609 4611 4526
f 4609 4526 4524
f 4609 4524 4606
f 4526 4610 4528
f 4607 4525 4612
f 4612 4525 4529
f 4611 4613 4610
f 4610 4530 4528
f 4610 4613 4530
f 4613 4614 4530
f 4530 4614 4615
f 4532 4530 4615
f 4612 4529 4616
f 4616 4529 4534
f 4535 4618 4617
f 4535 4532 4618
f 4532 4615 4618
f 4536 4535 4617
f 4619 4536 4617
f 4536 4619 4538
f 4616 4534 4620
f 4620 4534 4539
f 4618 4621 4617
f 4623 4617 4621
f 4623 4622 4617
f 4622 4619 4617
f 4619 4622 4541
f 4538 4619 4541
f 4620 4539 4624
f 4624 4539 4542
f 4623 4625 4622
f 4627 4626 4543
f 4625 4627 4543
f 4625 4543 4541
f 4625 4541 4622
f 4543 4626 4545
f 4624 4542 4628
f 4628 4542 4546
f 4630 4626 4627
f 4629 4626 4630
f 4626 4629 4548
f 4545 4626 4548
f 4628 4546 4631
f 4631 4546 4549
f 4630 4632 4629
f 4629 4632 4633
f 4629 4633 4548
f 4548 4633 4551
f 4631 4549 4634
f 4634 4549 4552
f 4553 4636 4635
f 4553 4551 4636
f 4551 4633 4636
f 4553 4635 4554
f 4634 4552 4555
f 4637 4634 4555
f 4555 4638 4637
f 4556 4638 4555
f 4640 4635 4636
f 4639 4635 4640
f 4635 4639 4558
f 4554 4635 4558
f 4638 4556 4559
f 4641 4638 4559
f 4643 4560 4642
f 4643 4641 4560
f 4641 4559 4560
f 4560 4561 4642
f 4645 4639 4640
f 4644 4639 4645
f 4639 4644 4562
f 4558 4639 4562
f 4643 4642 4646
f 4642 4561 4563
f 4642 4563 4646
f 4646 4563 4647
f 4647 4563 4648
f 4563 4564 4648
f 4648 4564 4649
f 4564 4565 4649
f 4649 4565 4650
f 4565 4566 4650
f 4650 4566 4651
f 4566 4567 4651
f 4651 4567 4652
f 4567 4568 4652
f 4654 4569 4653
f 4654 4652 4569
f 4652 4568 4569
f 4570 4653 4569
f 4655 4653 4570
f 4570 4571 4655
f 4658 4656 4657
f 4644 4574 4573
f 4645 4574 4644
f 4645 4656 4574
f 4645 4657 4656
f 4644 4573 4562
f 4654 4653 4659
f 4653 4655 4660
f 4659 4653 4660
f 4655 4571 4575
f 4655 4575 4660
f 4660 4575 4661
f 4661 4575 4662
f 4575 4576 4662
f 4662 4576 4663
f 4576 4577 4663
f 4663 4577 4664
f 4577 4578 4664
f 4664 4578 4665
f 4578 4579 4665
f 4665 4579 4666
f 4579 4580 4666
f 4666 4580 4667
f 4580 4581 4667
f 4667 4581 4668
f 4581 4582 4668
f 4668 4582 4669
f 4582 4583 4669
f 4656 4658 4669
f 4656 4669 4584
f 4584 4669 4583
f 4656 4584 4574
f 4590 4671 4670
f 4589 4590 4670
f 4670 4672 4589
f 4589 4672 4591
f 4672 4673 4591
f 4591 4673 4592
f 4673 4674 4592
f 4592 4674 4593
f 4674 4675 4593
f 4593 4675 4594
f 4675 4676 4594
f 4594 4676 4595
f 4676 4677 4595
f 4595 4677 4596
f 4677 4678 4596
f 4596 4678 4597
f 4678 4679 4597
f 4597 4679 4598
f 4679 4680 4598
f 4598 4680 4599
f 4680 4681 4599
f 4599 4681 4600
f 4681 4682 4600
f 4600 4682 4601
f 4684 4683 4602
f 4684 4602 4682
f 4682 4602 4601
f 4603 4602 4683
f 4685 4603 4683
f 4603 4685 4605
f 4671 4590 4686
f 4686 4590 4607
f 4684 4687 4683
f 4683 4688 4685
f 4687 4688 4683
f 4690 4689 4608
f 4688 4690 4608
f 4688 4608 4605
f 4688 4605 4685
f 4609 4608 4689
f 4691 4609 4689
f 4609 4691 4611
f 4686 4607 4692
f 4692 4607 4612
f 4690 4693 4689
f 4689 4694 4691
f 4693 4694 4689
f 4696 4695 4613
f 4694 4696 4613
f 4694 4613 4611
f 4694 4611 4691
f 4614 4613 4695
f 4697 4614 4695
f 4614 4697 4615
f 4692 4612 4698
f 4698 4612 4616
f 4696 4699 4695
f 4695 4700 4697
f 4699 4700 4695
f 4697 4700 4701
f 4697 4701 4615
f 4615 4701 4618
f 4698 4616 4702
f 4702 4616 4620
f 4621 4704 4703
f 4621 4618 4704
f 4618 4701 4704
f 4621 4703 4623
f 4702 4620 4705
f 4705 4620 4624
f 4704 4706 4703
f 4708 4707 4625
f 4706 4708 4625
f 4706 4625 4623
f 4706 4623 4703
f 4625 4707 4627
f 4705 4624 4709
f 4709 4624 4628
f 4711 4707 4708
f 4710 4707 4711
f 4707 4710 4630
f 4627 4707 4630
f 4709 4628 4712
f 4712 4628 4631
f 4711 4713 4710
f 4715 4714 4632
f 4713 4715 4632
f 4713 4632 4630
f 4713 4630 4710
f 4632 4714 4633
f 4712 4631 4716
f 4716 4631 4634
f 4718 4714 4715
f 4717 4714 4718
f 4714 4717 4636
f 4633 4714 4636
f 4637 4719 4720
f 4637 4720 4634
f 4634 4720 4716
f 4637 4638 4719
f 4722 4717 4718
f 4721 4717 4722
f 4717 4721 4640
f 4636 4717 4640
f 4720 4719 4723
f 4719 4638 4641
f 4719 4641 4723
f 4723 4641 4724
f 4641 4725 4724
f 4643 4725 4641
f 4727 4721 4722
f 4726 4721 4727
f 4721 4726 4645
f 4640 4721 4645
f 4725 4643 4646
f 4728 4725 4646
f 4728 4646 4729
f 4646 4647 4729
f 4729 4647 4730
f 4647 4648 4730
f 4730 4648 4731
f 4648 4649 4731
f 4731 4649 4732
f 4649 4650 4732
f 4732 4650 4733
f 4650 4651 4733
f 4733 4651 4734
f 4651 4652 4734
f 4652 4735 4734
f 4654 4735 4652
f 4726 4658 4657
f 4726 4727 4658
f 4727 4736 4658
f 4726 4657 4645
f 4735 4654 4659
f 4737 4735 4659
f 4737 4659 4738
f 4659 4660 4738
f 4738 4660 4739
f 4660 4661 4739
f 4739 4661 4740
f 4661 4662 4740
f 4740 4662 4741
f 4662 4663 4741
f 4741 4663 4742
f 4663 4664 4742
f 4742 4664 4743
f 4664 4665 4743
f 4743 4665 4744
f 4665 4666 4744
f 4744 4666 4745
f 4666 4667 4745
f 4745 4667 4746
f 4667 4668 4746
f 4746 4668 4747
f 4668 4669 4747
f 4747 4669 4658
f 4736 4747 4658
f 4670 4671 4748
f 4672 4670 4748
f 4749 4672 4748
f 4673 4672 4749
f 4750 4673 4749
f 4674 4673 4750
f 4751 4674 4750
f 4675 4674 4751
f 4752 4675 4751
f 4676 4675 4752
f 4753 4676 4752
f 4677 4676 4753
f 4754 4677 4753
f 4678 4677 4754
f 4755 4678 4754
f 4679 4678 4755
f 4756 4679 4755
f 4680 4679 4756
f 4757 4680 4756
f 4681 4680 4757
f 4758 4681 4757
f 4682 4681 4758
f 4759 4682 4758
f 4682 4759 4684
f 4760 4748 4671
f 4760 4671 4761
f 4761 4671 4686
f 4748 4762 4749
f 4760 4762 4748
f 4749 4763 4750
f 4762 4763 4749
f 4750 4764 4751
f 4763 4764 4750
f 4751 4765 4752
f 4764 4765 4751
f 4752 4766 4753
f 4765 4766 4752
f 4753 4767 4754
f 4766 4767 4753
f 4754 4768 4755
f 4767 4768 4754
f 4755 4769 4756
f 4768 4769 4755
f 4756 4770 4757
f 4769 4770 4756
f 4757 4771 4758
f 4770 4771 4757
f 4758 4772 4759
f 4771 4772 4758
f 4759 4687 4684
f 4759 4772 4687
f 4772 4773 4687
f 4775 4774 4688
f 4775 4688 4773
f 4773 4688 4687
f 4688 4774 4690
f 4761 4686 4776
f 4776 4686 4692
f 4775 4777 4774
f 4774 4693 4690
f 4774 4777 4693
f 4777 4778 4693
f 4780 4779 4694
f 4780 4694 4778
f 4778 4694 4693
f 4694 4779 4696
f 4776 4692 4781
f 4781 4692 4698
f 4780 4782 4779
f 4779 4699 4696
f 4779 4782 4699
f 4782 4783 4699
f 4785 4784 4700
f 4785 4700 4783
f 4783 4700 4699
f 4700 4784 4701
f 4781 4698 4786
f 4786 4698 4702
f 4788 4784 4785
f 4787 4784 4788
f 4784 4787 4704
f 4701 4784 4704
f 4786 4702 4789
f 4789 4702 4705
f 4788 4790 4787
f 4792 4791 4706
f 4790 4792 4706
f 4790 4706 4704
f 4790 4704 4787
f 4706 4791 4708
f 4789 4705 4793
f 4793 4705 4709
f 4795 4791 4792
f 4794 4791 4795
f 4791 4794 4711
f 4708 4791 4711
f 4793 4709 4796
f 4796 4709 4712
f 4795 4797 4794
f 4799 4798 4713
f 4797 4799 4713
f 4797 4713 4711
f 4797 4711 4794
f 4713 4798 4715
f 4796 4712 4800
f 4800 4712 4716
f 4802 4798 4799
f 4801 4798 4802
f 4798 4801 4718
f 4715 4798 4718
f 4803 4804 4800
f 4803 4800 4720
f 4720 4800 4716
f 4804 4803 4805
f 4807 4801 4802
f 4806 4801 4807
f 4801 4806 4722
f 4718 4801 4722
f 4803 4720 4723
f 4805 4803 4723
f 4805 4723 4808
f 4808 4723 4724
f 4809 4724 4725
f 4809 4810 4724
f 4810 4808 4724
f 4810 4811 4812
f 4809 4811 4810
f 4812 4813 4814
f 4811 4813 4812
f 4814 4813 4815
f 4817 4806 4807
f 4816 4806 4817
f 4806 4816 4727
f 4722 4806 4727
f 4809 4725 4728
f 4811 4809 4728
f 4729 4811 4728
f 4813 4811 4729
f 4730 4813 4729
f 4815 4813 4730
f 4815 4730 4818
f 4818 4730 4731
f 4818 4731 4819
f 4731 4732 4819
f 4819 4732 4820
f 4732 4733 4820
f 4820 4733 4821
f 4733 4734 4821
f 4822 4734 4735
f 4822 4823 4734
f 4823 4821 4734
f 4823 4822 4824
f 4826 4816 4817
f 4825 4816 4826
f 4816 4825 4736
f 4727 4816 4736
f 4822 4735 4737
f 4824 4822 4737
f 4824 4737 4827
f 4827 4737 4738
f 4827 4738 4828
f 4738 4739 4828
f 4828 4739 4829
f 4739 4740 4829
f 4829 4740 4830
f 4740 4741 4830
f 4830 4741 4831
f 4741 4742 4831
f 4831 4742 4832
f 4742 4743 4832
f 4832 4743 4833
f 4743 4744 4833
f 4833 4744 4834
f 4744 4745 4834
f 4834 4745 4835
f 4745 4746 4835
f 4825 4826 4835
f 4825 4835 4747
f 4747 4835 4746
f 4825 4747 4736
f 4761 4837 4836
f 4760 4761 4836
f 4836 4838 4760
f 4760 4838 4762
f 4838 4839 4762
f 4762 4839 4763
f 4839 4840 4763
f 4763 4840 4764
f 4840 4841 4764
f 4764 4841 4765
f 4841 4842 4765
f 4765 4842 4766
f 4842 4843 4766
f 4766 4843 4767
f 4843 4844 4767
f 4767 4844 4768
f 4844 4845 4768
f 4768 4845 4769
f 4845 4846 4769
f 4769 4846 4770
f 4846 4847 4770
f 4770 4847 4771
f 4847 4848 4771
f 4771 4848 4772
f 4850 4849 4773
f 4850 4773 4848
f 4848 4773 4772
f 4773 4849 4775
f 4837 4761 4851
f 4851 4761 4776
f 4850 4852 4849
f 4849 4777 4775
f 4849 4852 4777
f 4852 4853 4777
f 4855 4854 4778
f 4855 4778 4853
f 4853 4778 4777
f 4778 4854 4780
f 4851 4776 4856
f 4856 4776 4781
f 4855 4857 4854
f 4859 4858 4782
f 4857 4859 4782
f 4857 4782 4780
f 4857 4780 4854
f 4783 4782 4858
f 4860 4783 4858
f 4783 4860 4785
f 4856 4781 4861
f 4861 4781 4786
f 4859 4862 4858
f 4864 4858 4862
f 4864 4863 4858
f 4863 4860 4858
f 4860 4863 4788
f 4785 4860 4788
f 4861 4786 4865
f 4865 4786 4789
f 4864 4866 4863
f 4868 4867 4790
f 4866 4868 4790
f 4866 4790 4788
f 4866 4788 4863
f 4790 4867 4792
f 4865 4789 4869
f 4869 4789 4793
f 4871 4867 4868
f 4870 4867 4871
f 4867 4870 4795
f 4792 4867 4795
f 4869 4793 4872
f 4872 4793 4796
f 4871 4873 4870
f 4875 4874 4797
f 4873 4875 4797
f 4873 4797 4795
f 4873 4795 4870
f 4797 4874 4799
f 4872 4796 4876
f 4876 4796 4800
f 4878 4874 4875
f 4877 4874 4878
f 4874 4877 4802
f 4799 4874 4802
f 4804 4879 4880
f 4804 4880 4800
f 4800 4880 4876
f 4804 4805 4879
f 4882 4877 4878
f 4881 4877 4882
f 4877 4881 4807
f 4802 4877 4807
f 4880 4879 4883
f 4879 4805 4808
f 4879 4808 4883
f 4883 4808 4884
f 4884 4808 4885
f 4808 4810 4885
f 4887 4812 4886
f 4887 4885 4812
f 4885 4810 4812
f 4814 4886 4812
f 4888 4886 4814
f 4814 4815 4888
f 4890 4881 4882
f 4889 4881 4890
f 4881 4889 4817
f 4807 4881 4817
f 4887 4886 4891
f 4886 4888 4892
f 4891 4886 4892
f 4888 4815 4818
f 4888 4818 4892
f 4892 4818 4893
f 4893 4818 4894
f 4818 4819 4894
f 4894 4819 4895
f 4819 4820 4895
f 4895 4820 4896
f 4820 4821 4896
f 4898 4823 4897
f 4898 4896 4823
f 4896 4821 4823
f 4823 4824 4897
f 4900 4889 4890
f 4899 4889 4900
f 4889 4899 4826
f 4817 4889 4826
f 4898 4897 4901
f 4897 4824 4827
f 4897 4827 4901
f 4901 4827 4902
f 4902 4827 4903
f 4827 4828 4903
f 4903 4828 4904
f 4828 4829 4904
f 4904 4829 4905
f 4829 4830 4905
f 4905 4830 4906
f 4830 4831 4906
f 4906 4831 4907
f 4831 4832 4907
f 4907 4832 4908
f 4832 4833 4908
f 4908 4833 4909
f 4833 4834 4909
f 4899 4900 4909
f 4899 4909 4835
f 4835 4909 4834
f 4899 4835 4826
f 4836 4837 4910
f 4838 4836 4910
f 4911 4838 4910
f 4839 4838 4911
f 4912 4839 4911
f 4840 4839 4912
f 4913 4840 4912
f 4913 4915 4914
f 4913 4914 4840
f 4840 4914 4841
f 4917 4916 4842
f 4917 4842 4914
f 4914 4842 4841
f 4843 4842 4916
f 4918 4843 4916
f 4844 4843 4918
f 4919 4844 4918
f 4845 4844 4919
f 4920 4845 4919
f 4846 4845 4920
f 4921 4846 4920
f 4847 4846 4921
f 4922 4847 4921
f 4848 4847 4922
f 4923 4848 4922
f 4848 4923 4850
f 4924 4910 4837
f 4924 4837 4925
f 4925 4837 4851
f 4910 4926 4911
f 4924 4926 4910
f 4911 4927 4912
f 4926 4927 4911
f 4912 4928 4913
f 4927 4928 4912
f 4913 4928 4915
f 4917 4929 4916
f 4916 4930 4918
f 4929 4930 4916
f 4918 4931 4919
f 4930 4931 4918
f 4919 4932 4920
f 4931 4932 4919
f 4920 4933 4921
f 4932 4933 4920
f 4921 4934 4922
f 4933 4934 4921
f 4922 4935 4923
f 4934 4935 4922
f 4923 4852 4850
f 4923 4935 4852
f 4935 4936 4852
f 4938 4937 4853
f 4938 4853 4936
f 4936 4853 4852
f 4853 4937 4855
f 4925 4851 4939
f 4939 4851 4856
f 4938 4940 4937
f 4937 4857 4855
f 4937 4940 4857
f 4940 4941 4857
f 4857 4941 4942
f 4859 4857 4942
f 4939 4856 4943
f 4943 4856 4861
f 4862 4945 4944
f 4862 4859 4945
f 4859 4942 4945
f 4862 4944 4864
f 4943 4861 4946
f 4946 4861 4865
f 4945 4947 4944
f 4949 4948 4866
f 4947 4949 4866
f 4947 4866 4864
f 4947 4864 4944
f 4866 4948 4868
f 4946 4865 4950
f 4950 4865 4869
f 4949 4951 4948
f 4948 4951 4952
f 4948 4952 4868
f 4868 4952 4871
f 4950 4869 4953
f 4953 4869 4872
f 4873 4955 4954
f 4873 4871 4955
f 4871 4952 4955
f 4873 4954 4875
f 4953 4872 4956
f 4956 4872 4876
f 4958 4954 4955
f 4957 4954 4958
f 4954 4957 4878
f 4875 4954 4878
f 4956 4876 4959
f 4959 4876 4880
f 4961 4957 4958
f 4960 4957 4961
f 4957 4960 4882
f 4878 4957 4882
f 4959 4880 4883
f 4962 4959 4883
f 4962 4883 4963
f 4883 4884 4963
f 4963 4884 4964
f 4884 4885 4964
f 4885 4965 4964
f 4887 4965 4885
f 4961 4966 4960
f 4960 4966 4967
f 4960 4967 4882
f 4882 4967 4890
f 4965 4887 4891
f 4968 4965 4891
f 4968 4891 4969
f 4891 4892 4969
f 4969 4892 4970
f 4892 4893 4970
f 4970 4893 4971
f 4893 4894 4971
f 4971 4894 4972
f 4894 4895 4972
f 4972 4895 4973
f 4895 4896 4973
f 4896 4974 4973
f 4898 4974 4896
f 4977 4975 4976
f 4976 4975 4900
f 4976 4900 4967
f 4967 4900 4890
f 4974 4898 4901
f 4978 4974 4901
f 4978 4901 4979
f 4901 4902 4979
f 4979 4902 4980
f 4902 4903 4980
f 4980 4903 4981
f 4903 4904 4981
f 4981 4904 4982
f 4904 4905 4982
f 4982 4905 4983
f 4905 4906 4983
f 4983 4906 4984
f 4906 4907 4984
f 4984 4907 4985
f 4907 4908 4985
f 4975 4977 4985
f 4975 4985 4909
f 4909 4985 4908
f 4975 4909 4900
f 4914 4915 4986
f 4914 4986 4917
f 4925 4988 4987
f 4924 4925 4987
f 4987 4989 4924
f 4924 4989 4926
f 4989 4990 4926
f 4926 4990 4927
f 4990 4991 4927
f 4927 4991 4928
f 4915 4992 4986
f 4915 4928 4992
f 4928 4991 4992
f 4986 4929 4917
f 4986 4992 4929
f 4992 4993 4929
f 4993 4994 4929
f 4929 4994 4930
f 4994 4995 4930
f 4930 4995 4931
f 4995 4996 4931
f 4931 4996 4932
f 4996 4997 4932
f 4932 4997 4933
f 4997 4998 4933
f 4933 4998 4934
f 5000 4999 4935
f 5000 4935 4998
f 4998 4935 4934
f 4936 4935 4999
f 5001 4936 4999
f 4936 5001 4938
f 4988 4925 5002
f 5002 4925 4939
f 5000 5003 4999
f 4999 5004 5001
f 5003 5004 4999
f 5006 5005 4940
f 5004 5006 4940
f 5004 4940 4938
f 5004 4938 5001
f 4941 4940 5005
f 5007 4941 5005
f 4941 5007 4942
f 5002 4939 5008
f 5008 4939 4943
f 5006 5009 5005
f 5005 5010 5007
f 5009 5010 5005
f 5007 5010 5011
f 5007 5011 4942
f 4942 5011 4945
f 5008 4943 5012
f 5012 4943 4946
f 4947 5014 5013
f 4947 4945 5014
f 4945 5011 5014
f 4947 5013 4949
f 5012 4946 5015
f 5015 4946 4950
f 5014 5016 5013
f 5018 5017 4951
f 5016 5018 4951
f 5016 4951 4949
f 5016 4949 5013
f 4951 5017 4952
f 5015 4950 5019
f 5019 4950 4953
f 5021 5017 5018
f 5020 5017 5021
f 5017 5020 4955
f 4952 5017 4955
f 5019 4953 5022
f 5022 4953 4956
f 5024 5020 5021
f 5023 5020 5024
f 5020 5023 4958
f 4955 5020 4958
f 5025 5026 5022
f 5025 5022 4959
f 4959 5022 4956
f 5026 5025 5027
f 5024 5028 5023
f 5023 5028 5029
f 5023 5029 4958
f 4958 5029 4961
f 5025 4959 4962
f 5027 5025 4962
f 5027 4962 5030
f 5030 4962 4963
f 5030 4963 5031
f 4963 4964 5031
f 5032 4964 4965
f 5032 5033 4964
f 5033 5031 4964
f 5033 5034 5035
f 5032 5034 5033
f 5035 5034 5036
f 5039 5037 5038
f 5038 5037 5040
f 5038 5040 4961
f 5038 4961 5029
f 4961 5040 4966
f 4966 5040 4967
f 5032 4965 4968
f 5034 5032 4968
f 4969 5034 4968
f 5036 5034 4969
f 5036 4969 5041
f 5041 4969 4970
f 5041 4970 5042
f 4970 4971 5042
f 5042 4971 5043
f 4971 4972 5043
f 5043 4972 5044
f 4972 4973 5044
f 5045 4973 4974
f 5045 5046 4973
f 5046 5044 4973
f 5046 5045 5047
f 5039 5048 5037
f 5048 5049 4977
f 5048 4977 5040
f 5048 5040 5037
f 4976 5040 4977
f 5040 4976 4967
f 5045 4974 4978
f 5047 5045 4978
f 5047 4978 5050
f 5050 4978 4979
f 5050 4979 5051
f 4979 4980 5051
f 5051 4980 5052
f 4980 4981 5052
f 5052 4981 5053
f 4981 4982 5053
f 5053 4982 5054
f 4982 4983 5054
f 5054 4983 5055
f 4983 4984 5055
f 5055 4984 5056
f 4984 4985 5056
f 5056 4985 4977
f 5049 5056 4977
f 4987 4988 5057
f 4989 4987 5057
f 5058 4989 5057
f 5058 5060 5059
f 5058 5059 4989
f 4989 5059 4990
f 5059 5061 4990
f 4990 5061 4991
f 5061 5062 4991
f 4991 5062 4992
f 5062 5063 4992
f 4992 5063 4993
f 5063 5064 4993
f 4993 5064 4994
f 5066 5065 4995
f 5066 4995 5064
f 5064 4995 4994
f 4996 4995 5065
f 5067 4996 5065
f 4997 4996 5067
f 5068 4997 5067
f 4998 4997 5068
f 5069 4998 5068
f 4998 5069 5000
f 5070 5057 4988
f 5070 4988 5071
f 5071 4988 5002
f 5057 5072 5058
f 5070 5072 5057
f 5058 5072 5060
f 5066 5073 5065
f 5065 5074 5067
f 5073 5074 5065
f 5067 5075 5068
f 5074 5075 5067
f 5068 5076 5069
f 5075 5076 5068
f 5069 5003 5000
f 5069 5076 5003
f 5076 5077 5003
f 5079 5078 5004
f 5079 5004 5077
f 5077 5004 5003
f 5004 5078 5006
f 5071 5002 5080
f 5080 5002 5008
f 5079 5081 5078
f 5083 5082 5009
f 5081 5083 5009
f 5081 5009 5006
f 5081 5006 5078
f 5010 5009 5082
f 5084 5010 5082
f 5010 5084 5011
f 5080 5008 5085
f 5085 5008 5012
f 5083 5086 5082
f 5088 5082 5086
f 5088 5087 5082
f 5087 5084 5082
f 5084 5087 5014
f 5011 5084 5014
f 5085 5012 5089
f 5089 5012 5015
f 5091 5087 5088
f 5090 5087 5091
f 5016 5014 5087
f 5016 5087 5092
f 5092 5087 5090
f 5016 5092 5018
f 5089 5015 5093
f 5093 5015 5019
f 5091 5094 5090
f 5096 5090 5094
f 5096 5095 5090
f 5095 5092 5090
f 5092 5095 5021
f 5018 5092 5021
f 5097 5098 5093
f 5097 5093 5022
f 5022 5093 5019
f 5098 5097 5099
f 5101 5095 5096
f 5100 5095 5101
f 5095 5100 5024
f 5021 5095 5024
f 5097 5022 5026
f 5026 5027 5102
f 5097 5026 5102
f 5097 5102 5103
f 5097 5103 5099
f 5103 5104 5105
f 5102 5104 5103
f 5105 5106 5107
f 5104 5106 5105
f 5107 5106 5108
f 5101 5109 5100
f 5111 5110 5028
f 5109 5111 5028
f 5109 5028 5024
f 5109 5024 5100
f 5028 5110 5029
f 5102 5027 5030
f 5104 5102 5030
f 5031 5104 5030
f 5106 5104 5031
f 5033 5106 5031
f 5108 5106 5033
f 5108 5033 5112
f 5112 5033 5035
f 5113 5035 5036
f 5113 5114 5035
f 5114 5112 5035
f 5114 5115 5116
f 5113 5115 5114
f 5116 5117 5118
f 5115 5117 5116
f 5118 5119 5120
f 5117 5119 5118
f 5120 5119 5121
f 5110 5039 5038
f 5110 5111 5039
f 5111 5122 5039
f 5110 5038 5029
f 5113 5036 5041
f 5115 5113 5041
f 5042 5115 5041
f 5117 5115 5042
f 5043 5117 5042
f 5119 5117 5043
f 5044 5119 5043
f 5121 5119 5044
f 5121 5044 5123
f 5123 5044 5046
f 5124 5046 5047
f 5124 5125 5046
f 5125 5123 5046
f 5125 5126 5127
f 5124 5126 5125
f 5127 5126 5128
f 5048 5130 5129
f 5048 5039 5130
f 5039 5122 5130
f 5048 5129 5049
f 5124 5047 5050
f 5126 5124 5050
f 5051 5126 5050
f 5128 5126 5051
f 5128 5051 5131
f 5131 5051 5052
f 5131 5052 5132
f 5052 5053 5132
f 5132 5053 5133
f 5053 5054 5133
f 5133 5054 5134
f 5054 5055 5134
f 5129 5130 5134
f 5129 5134 5056
f 5056 5134 5055
f 5129 5056 5049
f 5059 5060 5135
f 5061 5059 5135
f 5136 5061 5135
f 5062 5061 5136
f 5137 5062 5136
f 5063 5062 5137
f 5138 5063 5137
f 5064 5063 5138
f 5139 5064 5138
f 5064 5139 5066
f 5071 5141 5140
f 5070 5071 5140
f 5140 5142 5070
f 5070 5142 5072
f 5060 5143 5135
f 5060 5072 5143
f 5072 5142 5143
f 5135 5144 5136
f 5143 5144 5135
f 5136 5145 5137
f 5144 5145 5136
f 5137 5146 5138
f 5145 5146 5137
f 5138 5147 5139
f 5146 5147 5138
f 5139 5073 5066
f 5139 5147 5073
f 5147 5148 5073
f 5148 5149 5073
f 5073 5149 5074
f 5151 5150 5075
f 5151 5075 5149
f 5149 5075 5074
f 5076 5075 5150
f 5152 5076 5150
f 5077 5076 5152
f 5153 5077 5152
f 5077 5153 5079
f 5141 5071 5154
f 5154 5071 5080
f 5151 5155 5150
f 5150 5156 5152
f 5155 5156 5150
f 5152 5157 5153
f 5156 5157 5152
f 5159 5158 5081
f 5157 5159 5081
f 5157 5081 5079
f 5157 5079 5153
f 5081 5158 5083
f 5154 5080 5160
f 5160 5080 5085
f 5159 5161 5158
f 5163 5162 5086
f 5161 5163 5086
f 5161 5086 5083
f 5161 5083 5158
f 5086 5162 5088
f 5160 5085 5164
f 5164 5085 5089
f 5163 5165 5162
f 5162 5165 5166
f 5162 5166 5088
f 5088 5166 5091
f 5164 5089 5167
f 5167 5089 5093
f 5094 5169 5168
f 5094 5091 5169
f 5091 5166 5169
f 5094 5168 5096
f 5167 5093 5098
f 5170 5167 5098
f 5171 5098 5099
f 5171 5172 5098
f 5172 5170 5098
f 5172 5173 5174
f 5171 5173 5172
f 5174 5175 5176
f 5173 5175 5174
f 5176 5177 5178
f 5175 5177 5176
f 5178 5177 5179
f 5169 5180 5168
f 5168 5180 5181
f 5168 5181 5096
f 5096 5181 5101
f 5171 5099 5103
f 5173 5171 5103
f 5105 5173 5103
f 5175 5173 5105
f 5107 5175 5105
f 5107 5108 5182
f 5107 5182 5175
f 5175 5182 5177
f 5179 5183 5184
f 5179 5177 5183
f 5177 5182 5183
f 5184 5185 5186
f 5183 5185 5184
f 5186 5185 5187
f 5190 5188 5189
f 5189 5188 5191
f 5189 5191 5101
f 5189 5101 5181
f 5101 5191 5109
f 5109 5191 5111
f 5182 5108 5112
f 5183 5182 5112
f 5114 5183 5112
f 5185 5183 5114
f 5116 5185 5114
f 5187 5185 5116
f 5187 5116 5192
f 5192 5116 5118
f 5192 5118 5193
f 5118 5120 5193
f 5194 5120 5121
f 5194 5195 5120
f 5195 5193 5120
f 5195 5194 5196
f 5190 5197 5188
f 5199 5188 5197
f 5199 5198 5188
f 5198 5191 5188
f 5191 5198 5122
f 5111 5191 5122
f 5194 5121 5123
f 5196 5194 5123
f 5196 5123 5200
f 5200 5123 5125
f 5200 5125 5201
f 5125 5127 5201
f 5202 5127 5128
f 5202 5203 5127
f 5203 5201 5127
f 5203 5204 5205
f 5202 5204 5203
f 5205 5204 5206
f 5208 5198 5199
f 5207 5198 5208
f 5198 5207 5130
f 5122 5198 5130
f 5202 5128 5131
f 5204 5202 5131
f 5132 5204 5131
f 5206 5204 5132
f 5206 5132 5209
f 5209 5132 5133
f 5207 5208 5209
f 5207 5209 5134
f 5134 5209 5133
f 5207 5134 5130
f 5141 5211 5210
f 5140 5141 5210
f 5210 5212 5140
f 5140 5212 5142
f 5212 5213 5142
f 5142 5213 5143
f 5213 5214 5143
f 5143 5214 5144
f 5214 5215 5144
f 5144 5215 5145
f 5217 5216 5146
f 5217 5146 5215
f 5215 5146 5145
f 5147 5146 5216
f 5218 5147 5216
f 5148 5147 5218
f 5219 5148 5218
f 5149 5148 5219
f 5220 5149 5219
f 5149 5220 5151
f 5211 5141 5221
f 5221 5141 5154
f 5217 5222 5216
f 5216 5223 5218
f 5222 5223 5216
f 5218 5224 5219
f 5223 5224 5218
f 5219 5225 5220
f 5224 5225 5219
f 5220 5155 5151
f 5220 5225 5155
f 5225 5226 5155
f 5226 5227 5155
f 5155 5227 5156
f 5227 5228 5156
f 5156 5228 5157
f 5157 5228 5229
f 5159 5157 5229
f 5221 5154 5230
f 5230 5154 5160
f 5161 5232 5231
f 5161 5159 5232
f 5159 5229 5232
f 5161 5231 5163
f 5233 5234 5230
f 5233 5230 5164
f 5164 5230 5160
f 5234 5233 5235
f 5232 5236 5231
f 5238 5237 5165
f 5236 5238 5165
f 5236 5165 5163
f 5236 5163 5231
f 5165 5237 5166
f 5239 5233 5164
f 5167 5239 5164
f 5235 5240 5241
f 5235 5233 5240
f 5233 5239 5240
f 5241 5242 5243
f 5240 5242 5241
f 5243 5242 5244
f 5246 5237 5238
f 5245 5237 5246
f 5237 5245 5169
f 5166 5237 5169
f 5239 5167 5170
f 5240 5239 5170
f 5172 5240 5170
f 5242 5240 5172
f 5174 5242 5172
f 5244 5242 5174
f 5244 5174 5247
f 5247 5174 5176
f 5247 5176 5248
f 5176 5178 5248
f 5178 5249 5248
f 5179 5249 5178
f 5251 5245 5246
f 5250 5245 5251
f 5180 5169 5245
f 5180 5245 5252
f 5252 5245 5250
f 5180 5252 5181
f 5249 5179 5184
f 5253 5249 5184
f 5253 5184 5254
f 5184 5186 5254
f 5255 5186 5187
f 5255 5256 5186
f 5256 5254 5186
f 5256 5255 5257
f 5251 5258 5250
f 5258 5259 5190
f 5258 5190 5252
f 5258 5252 5250
f 5189 5252 5190
f 5252 5189 5181
f 5255 5187 5192
f 5257 5255 5192
f 5257 5192 5260
f 5260 5192 5193
f 5260 5193 5261
f 5193 5195 5261
f 5195 5262 5261
f 5196 5262 5195
f 5197 5264 5263
f 5197 5190 5264
f 5190 5259 5264
f 5197 5263 5199
f 5262 5196 5200
f 5265 5262 5200
f 5265 5200 5266
f 5200 5201 5266
f 5266 5201 5267
f 5201 5203 5267
f 5267 5203 5268
f 5203 5205 5268
f 5264 5269 5263
f 5264 5205 5269
f 5264 5268 5205
f 5206 5269 5205
f 5263 5269 5208
f 5199 5263 5208
f 5269 5206 5209
f 5269 5209 5208
f 5210 5211 5270
f 5212 5210 5270
f 5271 5212 5270
f 5213 5212 5271
f 5272 5213 5271
f 5214 5213 5272
f 5273 5214 5272
f 5215 5214 5273
f 5274 5215 5273
f 5215 5274 5217
f 5275 5270 5211
f 5275 5211 5276
f 5276 5211 5221
f 5270 5277 5271
f 5275 5277 5270
f 5271 5278 5272
f 5277 5278 5271
f 5272 5279 5273
f 5278 5279 5272
f 5273 5280 5274
f 5279 5280 5273
f 5274 5222 5217
f 5274 5280 5222
f 5280 5281 5222
f 5281 5282 5222
f 5222 5282 5223
f 5282 5283 5223
f 5223 5283 5224
f 5283 5284 5224
f 5224 5284 5225
f 5284 5285 5225
f 5225 5285 5226
f 5287 5286 5227
f 5287 5227 5285
f 5285 5227 5226
f 5228 5227 5286
f 5288 5228 5286
f 5228 5288 5229
f 5276 5221 5289
f 5289 5221 5230
f 5287 5290 5286
f 5292 5286 5290
f 5292 5291 5286
f 5291 5288 5286
f 5288 5291 5232
f 5229 5288 5232
f 5289 5230 5234
f 5293 5289 5234
f 5234 5294 5293
f 5235 5294 5234
f 5296 5291 5292
f 5295 5291 5296
f 5236 5232 5291
f 5236 5291 5297
f 5297 5291 5295
f 5236 5297 5238
f 5294 5235 5241
f 5298 5294 5241
f 5298 5241 5299
f 5241 5243 5299
f 5243 5300 5299
f 5244 5300 5243
f 5296 5301 5295
f 5303 5295 5301
f 5303 5302 5295
f 5302 5297 5295
f 5297 5302 5246
f 5238 5297 5246
f 5300 5244 5247
f 5304 5300 5247
f 5304 5247 5305
f 5247 5248 5305
f 5306 5248 5249
f 5306 5307 5248
f 5307 5305 5248
f 5307 5306 5308
f 5303 5309 5302
f 5302 5309 5310
f 5302 5310 5246
f 5246 5310 5251
f 5306 5249 5253
f 5308 5306 5253
f 5308 5253 5311
f 5311 5253 5254
f 5313 5256 5312
f 5313 5311 5256
f 5311 5254 5256
f 5256 5257 5312
f 5258 5315 5314
f 5258 5251 5315
f 5251 5310 5315
f 5258 5314 5259
f 5313 5312 5316
f 5312 5257 5260
f 5312 5260 5316
f 5316 5260 5317
f 5317 5260 5318
f 5260 5261 5318
f 5261 5319 5318
f 5262 5319 5261
f 5321 5314 5315
f 5320 5314 5321
f 5314 5320 5264
f 5259 5314 5264
f 5319 5262 5265
f 5322 5319 5265
f 5322 5265 5323
f 5265 5266 5323
f 5323 5266 5324
f 5266 5267 5324
f 5320 5321 5324
f 5320 5324 5268
f 5268 5324 5267
f 5320 5268 5264
f 5276 5326 5325
f 5275 5276 5325
f 5325 5327 5275
f 5275 5327 5277
f 5327 5328 5277
f 5277 5328 5278
f 5328 5329 5278
f 5278 5329 5279
f 5329 5330 5279
f 5279 5330 5280
f 5330 5331 5280
f 5280 5331 5281
f 5333 5332 5282
f 5333 5282 5331
f 5331 5282 5281
f 5283 5282 5332
f 5334 5283 5332
f 5284 5283 5334
f 5335 5284 5334
f 5285 5284 5335
f 5336 5285 5335
f 5285 5336 5287
f 5326 5276 5337
f 5337 5276 5289
f 5333 5338 5332
f 5332 5339 5334
f 5338 5339 5332
f 5334 5340 5335
f 5339 5340 5334
f 5335 5341 5336
f 5340 5341 5335
f 5343 5342 5290
f 5341 5343 5290
f 5341 5290 5287
f 5341 5287 5336
f 5290 5342 5292
f 5337 5289 5293
f 5344 5337 5293
f 5345 5293 5294
f 5345 5346 5293
f 5346 5344 5293
f 5346 5345 5347
f 5343 5348 5342
f 5342 5348 5349
f 5342 5349 5292
f 5292 5349 5296
f 5345 5294 5298
f 5347 5345 5298
f 5347 5298 5350
f 5350 5298 5299
f 5299 5351 5350
f 5300 5351 5299
f 5301 5353 5352
f 5301 5296 5353
f 5296 5349 5353
f 5301 5352 5303
f 5351 5300 5304
f 5354 5351 5304
f 5354 5304 5355
f 5304 5305 5355
f 5357 5307 5356
f 5357 5355 5307
f 5355 5305 5307
f 5307 5308 5356
f 5353 5358 5352
f 5360 5359 5309
f 5358 5360 5309
f 5358 5309 5303
f 5358 5303 5352
f 5309 5359 5310
f 5357 5356 5361
f 5356 5308 5311
f 5356 5311 5361
f 5361 5311 5362
f 5363 5311 5313
f 5363 5364 5311
f 5364 5362 5311
f 5364 5363 5365
f 5367 5359 5360
f 5366 5359 5367
f 5359 5366 5315
f 5310 5359 5315
f 5363 5313 5316
f 5365 5363 5316
f 5365 5316 5368
f 5368 5316 5317
f 5368 5317 5369
f 5317 5318 5369
f 5370 5318 5319
f 5370 5371 5318
f 5371 5369 5318
f 5371 5370 5372
f 5374 5366 5367
f 5373 5366 5374
f 5366 5373 5321
f 5315 5366 5321
f 5370 5319 5322
f 5372 5370 5322
f 5372 5322 5375
f 5375 5322 5323
f 5373 5374 5375
f 5373 5375 5324
f 5324 5375 5323
f 5373 5324 5321
f 5325 5326 5376
f 5327 5325 5376
f 5377 5327 5376
f 5328 5327 5377
f 5378 5328 5377
f 5329 5328 5378
f 5379 5329 5378
f 5330 5329 5379
f 5380 5330 5379
f 5331 5330 5380
f 5381 5331 5380
f 5331 5381 5333
f 5382 5376 5326
f 5382 5326 5383
f 5383 5326 5337
f 5376 5384 5377
f 5382 5384 5376
f 5377 5385 5378
f 5384 5385 5377
f 5378 5386 5379
f 5385 5386 5378
f 5379 5387 5380
f 5386 5387 5379
f 5380 5388 5381
f 5387 5388 5380
f 5381 5338 5333
f 5381 5388 5338
f 5388 5389 5338
f 5389 5390 5338
f 5338 5390 5339
f 5392 5391 5340
f 5392 5340 5390
f 5390 5340 5339
f 5341 5340 5391
f 5393 5341 5391
f 5341 5393 5343
f 5383 5337 5344
f 5394 5383 5344
f 5396 5346 5395
f 5396 5394 5346
f 5394 5344 5346
f 5346 5347 5395
f 5392 5397 5391
f 5391 5398 5393
f 5397 5398 5391
f 5400 5399 5348
f 5398 5400 5348
f 5398 5348 5343
f 5398 5343 5393
f 5348 5399 5349
f 5396 5395 5401
f 5395 5347 5350
f 5395 5350 5401
f 5401 5350 5402
f 5403 5350 5351
f 5403 5404 5350
f 5404 5402 5350
f 5404 5403 5405
f 5407 5399 5400
f 5406 5399 5407
f 5399 5406 5353
f 5349 5399 5353
f 5403 5351 5354
f 5405 5403 5354
f 5405 5354 5408
f 5408 5354 5355
f 5409 5355 5357
f 5409 5410 5355
f 5410 5408 5355
f 5410 5409 5411
f 5407 5412 5406
f 5414 5413 5358
f 5412 5414 5358
f 5412 5358 5353
f 5412 5353 5406
f 5358 5413 5360
f 5409 5357 5361
f 5411 5409 5361
f 5411 5361 5415
f 5415 5361 5362
f 5417 5364 5416
f 5417 5415 5364
f 5415 5362 5364
f 5364 5365 5416
f 5419 5413 5414
f 5418 5413 5419
f 5413 5418 5367
f 5360 5413 5367
f 5417 5416 5420
f 5416 5365 5368
f 5416 5368 5420
f 5420 5368 5421
f 5421 5368 5422
f 5368 5369 5422
f 5422 5369 5423
f 5369 5371 5423
f 5425 5371 5372
f 5425 5423 5371
f 5419 5424 5418
f 5418 5424 5426
f 5418 5426 5367
f 5367 5426 5374
f 5425 5372 5375
f 5427 5425 5375
f 5427 5375 5374
f 5426 5427 5374
f 5383 5429 5428
f 5382 5383 5428
f 5428 5430 5382
f 5382 5430 5384
f 5430 5431 5384
f 5384 5431 5385
f 5431 5432 5385
f 5385 5432 5386
f 5432 5433 5386
f 5386 5433 5387
f 5435 5434 5388
f 5435 5388 5433
f 5433 5388 5387
f 5389 5388 5434
f 5436 5389 5434
f 5390 5389 5436
f 5437 5390 5436
f 5390 5437 5392
f 5429 5383 5394
f 5438 5429 5394
f 5394 5439 5438
f 5396 5439 5394
f 5435 5440 5434
f 5434 5441 5436
f 5440 5441 5434
f 5436 5442 5437
f 5441 5442 5436
f 5444 5443 5397
f 5442 5444 5397
f 5442 5397 5392
f 5442 5392 5437
f 5398 5397 5443
f 5445 5398 5443
f 5398 5445 5400
f 5439 5396 5401
f 5446 5439 5401
f 5446 5401 5447
f 5401 5402 5447
f 5449 5404 5448
f 5449 5447 5404
f 5447 5402 5404
f 5404 5405 5448
f 5444 5450 5443
f 5452 5443 5450
f 5452 5451 5443
f 5451 5445 5443
f 5445 5451 5407
f 5400 5445 5407
f 5449 5448 5453
f 5448 5405 5408
f 5448 5408 5453
f 5453 5408 5454
f 5454 5408 5455
f 5408 5410 5455
f 5410 5456 5455
f 5411 5456 5410
f 5452 5457 5451
f 5459 5458 5412
f 5457 5459 5412
f 5457 5412 5407
f 5457 5407 5451
f 5412 5458 5414
f 5456 5411 5415
f 5460 5456 5415
f 5415 5461 5460
f 5417 5461 5415
f 5463 5458 5459
f 5462 5458 5463
f 5458 5462 5419
f 5414 5458 5419
f 5461 5417 5420
f 5464 5461 5420
f 5464 5420 5465
f 5420 5421 5465
f 5465 5421 5466
f 5421 5422 5466
f 5462 5463 5466
f 5462 5466 5423
f 5423 5466 5422
f 5424 5419 5462
f 5424 5462 5467
f 5423 5425 5462
f 5425 5467 5462
f 5424 5467 5426
f 5467 5425 5427
f 5467 5427 5426
f 5428 5429 5468
f 5430 5428 5468
f 5469 5430 5468
f 5431 5430 5469
f 5470 5431 5469
f 5432 5431 5470
f 5471 5432 5470
f 5433 5432 5471
f 5472 5433 5471
f 5433 5472 5435
f 5468 5429 5438
f 5473 5469 5468
f 5473 5468 5439
f 5473 5439 5474
f 5439 5468 5438
f 5469 5475 5470
f 5473 5475 5469
f 5470 5476 5471
f 5475 5476 5470
f 5471 5477 5472
f 5476 5477 5471
f 5472 5440 5435
f 5472 5477 5440
f 5477 5478 5440
f 5478 5479 5440
f 5440 5479 5441
f 5481 5480 5442
f 5481 5442 5479
f 5479 5442 5441
f 5442 5480 5444
f 5474 5439 5446
f 5482 5474 5446
f 5482 5446 5483
f 5446 5447 5483
f 5447 5484 5483
f 5449 5484 5447
f 5481 5485 5480
f 5487 5486 5450
f 5485 5487 5450
f 5485 5450 5444
f 5485 5444 5480
f 5450 5486 5452
f 5484 5449 5453
f 5488 5484 5453
f 5488 5453 5489
f 5453 5454 5489
f 5491 5455 5490
f 5491 5489 5455
f 5489 5454 5455
f 5455 5456 5490
f 5487 5492 5486
f 5494 5493 5457
f 5492 5494 5457
f 5492 5457 5452
f 5492 5452 5486
f 5457 5493 5459
f 5491 5490 5495
f 5490 5456 5460
f 5490 5460 5495
f 5495 5460 5496
f 5460 5497 5496
f 5461 5497 5460
f 5499 5493 5494
f 5498 5493 5499
f 5493 5498 5463
f 5459 5493 5463
f 5497 5461 5464
f 5500 5497 5464
f 5500 5464 5501
f 5464 5465 5501
f 5498 5499 5501
f 5498 5501 5466
f 5466 5501 5465
f 5498 5466 5463
f 5474 5503 5502
f 5473 5474 5502
f 5505 5504 5475
f 5505 5475 5502
f 5502 5475 5473
f 5476 5475 5504
f 5506 5476 5504
f 5477 5476 5506
f 5507 5477 5506
f 5478 5477 5507
f 5508 5478 5507
f 5479 5478 5508
f 5509 5479 5508
f 5479 5509 5481
f 5503 5474 5482
f 5510 5503 5482
f 5504 5505 5510
f 5504 5510 5483
f 5483 5510 5482
f 5511 5506 5504
f 5511 5504 5484
f 5511 5484 5512
f 5484 5504 5483
f 5506 5513 5507
f 5511 5513 5506
f 5507 5514 5508
f 5513 5514 5507
f 5508 5515 5509
f 5514 5515 5508
f 5517 5516 5485
f 5515 5517 5485
f 5515 5485 5481
f 5515 5481 5509
f 5485 5516 5487
f 5512 5484 5488
f 5518 5512 5488
f 5518 5488 5519
f 5488 5489 5519
f 5489 5520 5519
f 5491 5520 5489
f 5517 5521 5516
f 5523 5522 5492
f 5521 5523 5492
f 5521 5492 5487
f 5521 5487 5516
f 5492 5522 5494
f 5520 5491 5495
f 5524 5520 5495
f 5524 5495 5525
f 5495 5496 5525
f 5496 5526 5525
f 5497 5526 5496
f 5528 5522 5523
f 5527 5522 5528
f 5522 5527 5499
f 5494 5522 5499
f 5526 5497 5500
f 5529 5526 5500
f 5527 5528 5529
f 5527 5529 5501
f 5501 5529 5500
f 5527 5501 5499
f 5502 5503 5530
f 5502 5530 5505
f 5530 5503 5510
f 5530 5510 5505
f 5512 5532 5531
f 5511 5512 5531
f 5531 5533 5511
f 5511 5533 5513
f 5535 5534 5514
f 5535 5514 5533
f 5533 5514 5513
f 5515 5514 5534
f 5536 5515 5534
f 5515 5536 5517
f 5532 5512 5518
f 5537 5532 5518
f 5537 5518 5538
f 5518 5519 5538
f 5540 5519 5520
f 5540 5538 5519
f 5535 5539 5534
f 5534 5541 5536
f 5539 5541 5534
f 5543 5542 5521
f 5541 5543 5521
f 5541 5521 5517
f 5541 5517 5536
f 5521 5542 5523
f 5540 5520 5524
f 5544 5540 5524
f 5544 5524 5545
f 5524 5525 5545
f 5543 5546 5542
f 5543 5525 5546
f 5543 5545 5525
f 5526 5546 5525
f 5542 5546 5528
f 5523 5542 5528
f 5546 5526 5529
f 5546 5529 5528
f 5531 5532 5547
f 5533 5531 5547
f 5548 5533 5547
f 5533 5548 5535
f 5547 5532 5537
f 5548 5547 5537
f 5538 5548 5537
f 5539 5535 5548
f 5539 5548 5549
f 5538 5540 5548
f 5540 5549 5548
f 5541 5539 5549
f 5550 5541 5549
f 5541 5550 5543
f 5549 5540 5544
f 5550 5549 5544
f 5545 5550 5544
f 5550 5545 5543
