v 0.51471 -0.14961 0.09333
v 0.51608 -0.15098 0.09333
v 0.51608 -0.14961 0.09265
v 0.51608 -0.14961 0.09402
v 0.51608 -0.14824 0.09333
v 0.51745 -0.15235 0.09196
v 0.51882 -0.15373 0.09196
v 0.51882 -0.15235 0.09127
v 0.51745 -0.15235 0.09333
v 0.51882 -0.15373 0.09333
v 0.51745 -0.15235 0.09471
v 0.51882 -0.15373 0.09471
v 0.51882 -0.15235 0.09539
v 0.51745 -0.14961 0.09196
v 0.51882 -0.14961 0.09127
v 0.51745 -0.14961 0.09471
v 0.51882 -0.14961 0.09539
v 0.51882 -0.14824 0.09196
v 0.51882 -0.14824 0.09333
v 0.51882 -0.14824 0.09471
v 0.52020 -0.15510 0.07961
v 0.52157 -0.15647 0.07961
v 0.52157 -0.15510 0.07892
v 0.52020 -0.15510 0.08098
v 0.52157 -0.15647 0.08098
v 0.52020 -0.15510 0.08235
v 0.52157 -0.15647 0.08235
v 0.52020 -0.15510 0.08373
v 0.52157 -0.15647 0.08373
v 0.52157 -0.15510 0.08441
v 0.52020 -0.15510 0.09059
v 0.52157 -0.15647 0.09059
v 0.52157 -0.15510 0.08990
v 0.52157 -0.15510 0.09127
v 0.52020 -0.15235 0.07686
v 0.52157 -0.15373 0.07686
v 0.52157 -0.15235 0.07618
v 0.52020 -0.15235 0.07824
v 0.52157 -0.15373 0.07824
v 0.52020 -0.15235 0.07961
v 0.52020 -0.15235 0.08098
v 0.52157 -0.15373 0.08235
v 0.52157 -0.15235 0.08167
v 0.52157 -0.15373 0.08373
v 0.52157 -0.15373 0.09059
v 0.52157 -0.15373 0.09196
v 0.52157 -0.15235 0.09127
v 0.52157 -0.15373 0.09333
v 0.52157 -0.15373 0.09471
v 0.52020 -0.15235 0.09608
v 0.52157 -0.15373 0.09608
v 0.52157 -0.15235 0.09676
v 0.52020 -0.14961 0.07412
v 0.52157 -0.15098 0.07412
v 0.52157 -0.14961 0.07343
v 0.52020 -0.14961 0.07549
v 0.52157 -0.15098 0.07549
v 0.52020 -0.14961 0.07686
v 0.52020 -0.14961 0.07824
v 0.52020 -0.14961 0.07961
v 0.52157 -0.15098 0.08098
v 0.52157 -0.14961 0.08029
v 0.52020 -0.14961 0.09059
v 0.52157 -0.15098 0.09059
v 0.52157 -0.14961 0.08990
v 0.52020 -0.14961 0.09608
v 0.52157 -0.14961 0.09676
v 0.52020 -0.14686 0.07412
v 0.52157 -0.14686 0.07343
v 0.52020 -0.14686 0.07549
v 0.52157 -0.14824 0.07686
v 0.52157 -0.14686 0.07618
v 0.52157 -0.14824 0.07824
v 0.52157 -0.14824 0.07961
v 0.52157 -0.14824 0.09059
v 0.52157 -0.14824 0.09196
v 0.52157 -0.14824 0.09333
v 0.52157 -0.14824 0.09471
v 0.52157 -0.14824 0.09608
v 0.52157 -0.14549 0.07412
v 0.52157 -0.14549 0.07549
v 0.52020 -0.14412 0.10294
v 0.52157 -0.14549 0.10294
v 0.52157 -0.14412 0.10225
v 0.52020 -0.14412 0.10431
v 0.52157 -0.14549 0.10431
v 0.52157 -0.14412 0.10500
v 0.52020 -0.14137 0.10294
v 0.52157 -0.14137 0.10225
v 0.52020 -0.14137 0.10431
v 0.52020 -0.14137 0.10569
v 0.52157 -0.14275 0.10569
v 0.52020 -0.14137 0.10706
v 0.52157 -0.14275 0.10706
v 0.52157 -0.14137 0.10775
v 0.52157 -0.14000 0.10294
v 0.52157 -0.14000 0.10431
v 0.52157 -0.14000 0.10569
v 0.52157 -0.14000 0.10706
v 0.52294 -0.16059 0.08098
v 0.52431 -0.16196 0.08098
v 0.52431 -0.16059 0.08029
v 0.52294 -0.16059 0.08235
v 0.52431 -0.16196 0.08235
v 0.52294 -0.16059 0.08373
v 0.52431 -0.16196 0.08373
v 0.52294 -0.16059 0.08510
v 0.52431 -0.16196 0.08510
v 0.52431 -0.16059 0.08578
v 0.52294 -0.15784 0.07549
v 0.52431 -0.15922 0.07549
v 0.52431 -0.15784 0.07480
v 0.52294 -0.15784 0.07686
v 0.52431 -0.15922 0.07686
v 0.52294 -0.15784 0.07824
v 0.52431 -0.15922 0.07824
v 0.52294 -0.15784 0.07961
v 0.52431 -0.15922 0.07961
v 0.52294 -0.15784 0.08098
v 0.52294 -0.15784 0.08235
v 0.52294 -0.15784 0.08373
v 0.52431 -0.15922 0.08510
v 0.52431 -0.15784 0.08441
v 0.52294 -0.15784 0.10431
v 0.52431 -0.15922 0.10431
v 0.52431 -0.15784 0.10363
v 0.52431 -0.15784 0.10500
v 0.52294 -0.15510 0.07137
v 0.52431 -0.15647 0.07137
v 0.52431 -0.15510 0.07069
v 0.52294 -0.15510 0.07275
v 0.52431 -0.15647 0.07275
v 0.52294 -0.15510 0.07412
v 0.52431 -0.15647 0.07412
v 0.52294 -0.15510 0.07549
v 0.52294 -0.15510 0.07686
v 0.52294 -0.15510 0.07824
v 0.52294 -0.15510 0.08373
v 0.52431 -0.15647 0.08373
v 0.52431 -0.15510 0.08304
v 0.52431 -0.15647 0.09059
v 0.52431 -0.15510 0.08990
v 0.52294 -0.15510 0.09196
v 0.52431 -0.15647 0.09196
v 0.52294 -0.15510 0.09333
v 0.52431 -0.15647 0.09333
v 0.52431 -0.15510 0.09402
v 0.52294 -0.15510 0.09882
v 0.52431 -0.15647 0.09882
v 0.52431 -0.15510 0.09814
v 0.52294 -0.15510 0.10020
v 0.52431 -0.15647 0.10020
v 0.52294 -0.15510 0.10157
v 0.52431 -0.15647 0.10157
v 0.52294 -0.15510 0.10294
v 0.52431 -0.15647 0.10294
v 0.52294 -0.15510 0.10431
v 0.52294 -0.15510 0.10569
v 0.52431 -0.15647 0.10569
v 0.52294 -0.15510 0.10706
v 0.52431 -0.15647 0.10706
v 0.52431 -0.15510 0.10775
v 0.52294 -0.15235 0.06863
v 0.52431 -0.15373 0.06863
v 0.52431 -0.15235 0.06794
v 0.52294 -0.15235 0.07000
v 0.52431 -0.15373 0.07000
v 0.52294 -0.15235 0.07137
v 0.52294 -0.15235 0.07275
v 0.52294 -0.15235 0.07412
v 0.52294 -0.15235 0.07549
v 0.52431 -0.15373 0.08235
v 0.52431 -0.15235 0.08167
v 0.52294 -0.15235 0.09059
v 0.52431 -0.15235 0.08990
v 0.52431 -0.15373 0.09471
v 0.52431 -0.15373 0.09608
v 0.52294 -0.15235 0.09745
v 0.52431 -0.15373 0.09745
v 0.52294 -0.15235 0.09882
v 0.52294 -0.15235 0.10020
v 0.52294 -0.15235 0.10157
v 0.52294 -0.15235 0.10294
v 0.52431 -0.15373 0.10431
v 0.52431 -0.15235 0.10363
v 0.52431 -0.15373 0.10569
v 0.52431 -0.15373 0.10706
v 0.52294 -0.14961 0.06725
v 0.52431 -0.15098 0.06725
v 0.52431 -0.14961 0.06657
v 0.52294 -0.14961 0.06863
v 0.52294 -0.14961 0.07000
v 0.52294 -0.14961 0.07137
v 0.52294 -0.14961 0.07275
v 0.52431 -0.15098 0.08098
v 0.52431 -0.14961 0.08029
v 0.52431 -0.14961 0.08990
v 0.52294 -0.14961 0.09745
v 0.52294 -0.14961 0.09882
v 0.52294 -0.14961 0.10020
v 0.52431 -0.15098 0.10157
v 0.52431 -0.14961 0.10088
v 0.52431 -0.15098 0.10294
v 0.52431 -0.14824 0.06725
v 0.52294 -0.14686 0.06863
v 0.52431 -0.14686 0.06794
v 0.52294 -0.14686 0.07000
v 0.52294 -0.14686 0.07137
v 0.52294 -0.14686 0.07275
v 0.52431 -0.14824 0.07686
v 0.52431 -0.14686 0.07618
v 0.52431 -0.14824 0.07824
v 0.52431 -0.14824 0.07961
v 0.52431 -0.14824 0.09059
v 0.52431 -0.14824 0.09196
v 0.52294 -0.14686 0.09333
v 0.52431 -0.14686 0.09265
v 0.52294 -0.14686 0.09471
v 0.52294 -0.14686 0.09608
v 0.52294 -0.14686 0.09745
v 0.52294 -0.14686 0.09882
v 0.52294 -0.14686 0.10020
v 0.52294 -0.14686 0.10157
v 0.52431 -0.14824 0.10157
v 0.52294 -0.14686 0.10294
v 0.52431 -0.14824 0.10294
v 0.52431 -0.14686 0.10363
v 0.52431 -0.14549 0.06863
v 0.52431 -0.14549 0.07000
v 0.52431 -0.14549 0.07137
v 0.52431 -0.14549 0.07275
v 0.52431 -0.14549 0.07412
v 0.52431 -0.14549 0.07549
v 0.52294 -0.14412 0.09333
v 0.52431 -0.14412 0.09265
v 0.52294 -0.14412 0.09471
v 0.52294 -0.14412 0.09608
v 0.52294 -0.14412 0.09745
v 0.52294 -0.14412 0.09882
v 0.52294 -0.14412 0.10020
v 0.52294 -0.14412 0.10157
v 0.52431 -0.14549 0.10431
v 0.52431 -0.14412 0.10500
v 0.52431 -0.14275 0.09333
v 0.52294 -0.14137 0.09471
v 0.52431 -0.14137 0.09402
v 0.52294 -0.14137 0.09608
v 0.52294 -0.14137 0.09745
v 0.52294 -0.14137 0.09882
v 0.52294 -0.14137 0.10020
v 0.52294 -0.14137 0.10157
v 0.52431 -0.14275 0.10569
v 0.52431 -0.14275 0.10706
v 0.52431 -0.14137 0.10775
v 0.52431 -0.14000 0.09471
v 0.52431 -0.14000 0.09608
v 0.52431 -0.14000 0.09745
v 0.52431 -0.14000 0.09882
v 0.52431 -0.14000 0.10020
v 0.52431 -0.14000 0.10157
v 0.52431 -0.14000 0.10294
v 0.52431 -0.14000 0.10431
v 0.52431 -0.14000 0.10569
v 0.52431 -0.14000 0.10706
v 0.52569 -0.16333 0.07961
v 0.52706 -0.16471 0.07961
v 0.52706 -0.16333 0.07892
v 0.52706 -0.16333 0.08029
v 0.52569 -0.16059 0.07275
v 0.52706 -0.16196 0.07275
v 0.52706 -0.16059 0.07206
v 0.52569 -0.16059 0.07412
v 0.52706 -0.16196 0.07412
v 0.52569 -0.16059 0.07549
v 0.52706 -0.16196 0.07549
v 0.52569 -0.16059 0.07686
v 0.52706 -0.16196 0.07686
v 0.52569 -0.16059 0.07824
v 0.52706 -0.16196 0.07824
v 0.52569 -0.16059 0.07961
v 0.52706 -0.16196 0.08098
v 0.52706 -0.16196 0.08235
v 0.52706 -0.16196 0.08373
v 0.52706 -0.16196 0.08510
v 0.52706 -0.16059 0.08578
v 0.52569 -0.16059 0.09471
v 0.52706 -0.16196 0.09471
v 0.52706 -0.16059 0.09402
v 0.52706 -0.16059 0.09539
v 0.52569 -0.16059 0.09745
v 0.52706 -0.16196 0.09745
v 0.52706 -0.16059 0.09676
v 0.52569 -0.16059 0.09882
v 0.52706 -0.16196 0.09882
v 0.52569 -0.16059 0.10020
v 0.52706 -0.16196 0.10020
v 0.52569 -0.16059 0.10157
v 0.52706 -0.16196 0.10157
v 0.52706 -0.16059 0.10225
v 0.52569 -0.15784 0.06588
v 0.52706 -0.15922 0.06588
v 0.52706 -0.15784 0.06520
v 0.52569 -0.15784 0.06725
v 0.52706 -0.15922 0.06725
v 0.52569 -0.15784 0.06863
v 0.52706 -0.15922 0.06863
v 0.52569 -0.15784 0.07000
v 0.52706 -0.15922 0.07000
v 0.52569 -0.15784 0.07137
v 0.52706 -0.15922 0.07137
v 0.52569 -0.15784 0.07275
v 0.52569 -0.15784 0.07412
v 0.52706 -0.15922 0.08510
v 0.52706 -0.15784 0.08441
v 0.52569 -0.15784 0.08922
v 0.52706 -0.15922 0.08922
v 0.52706 -0.15784 0.08853
v 0.52569 -0.15784 0.09059
v 0.52706 -0.15922 0.09059
v 0.52569 -0.15784 0.09196
v 0.52706 -0.15922 0.09196
v 0.52569 -0.15784 0.09333
v 0.52706 -0.15922 0.09333
v 0.52569 -0.15784 0.09471
v 0.52569 -0.15784 0.09608
v 0.52706 -0.15922 0.09608
v 0.52569 -0.15784 0.09745
v 0.52569 -0.15784 0.09882
v 0.52569 -0.15784 0.10020
v 0.52569 -0.15784 0.10157
v 0.52569 -0.15784 0.10294
v 0.52706 -0.15922 0.10294
v 0.52706 -0.15922 0.10431
v 0.52569 -0.15784 0.10569
v 0.52706 -0.15922 0.10569
v 0.52569 -0.15784 0.10706
v 0.52706 -0.15922 0.10706
v 0.52706 -0.15784 0.10775
v 0.52569 -0.15510 0.06314
v 0.52706 -0.15647 0.06314
v 0.52706 -0.15510 0.06245
v 0.52569 -0.15510 0.06451
v 0.52706 -0.15647 0.06451
v 0.52569 -0.15510 0.06588
v 0.52569 -0.15510 0.06725
v 0.52569 -0.15510 0.06863
v 0.52569 -0.15510 0.07000
v 0.52706 -0.15647 0.08373
v 0.52706 -0.15510 0.08304
v 0.52569 -0.15510 0.08922
v 0.52706 -0.15510 0.08853
v 0.52569 -0.15510 0.09471
v 0.52569 -0.15510 0.09608
v 0.52569 -0.15510 0.09745
v 0.52706 -0.15510 0.10775
v 0.52569 -0.15235 0.06176
v 0.52706 -0.15373 0.06176
v 0.52706 -0.15235 0.06108
v 0.52569 -0.15235 0.06314
v 0.52569 -0.15235 0.06451
v 0.52569 -0.15235 0.06588
v 0.52569 -0.15235 0.06725
v 0.52706 -0.15373 0.08235
v 0.52706 -0.15235 0.08167
v 0.52569 -0.15235 0.08784
v 0.52706 -0.15373 0.08784
v 0.52706 -0.15235 0.08716
v 0.52569 -0.15235 0.08922
v 0.52706 -0.15373 0.10431
v 0.52706 -0.15235 0.10363
v 0.52706 -0.15373 0.10569
v 0.52706 -0.15373 0.10706
v 0.52569 -0.14961 0.06176
v 0.52706 -0.14961 0.06108
v 0.52569 -0.14961 0.06314
v 0.52569 -0.14961 0.06451
v 0.52569 -0.14961 0.06588
v 0.52706 -0.15098 0.08098
v 0.52706 -0.14961 0.08029
v 0.52569 -0.14961 0.08784
v 0.52706 -0.14961 0.08716
v 0.52569 -0.14961 0.08922
v 0.52706 -0.15098 0.10157
v 0.52706 -0.14961 0.10088
v 0.52706 -0.15098 0.10294
v 0.52706 -0.14824 0.06176
v 0.52569 -0.14686 0.06314
v 0.52706 -0.14686 0.06245
v 0.52569 -0.14686 0.06451
v 0.52569 -0.14686 0.06588
v 0.52569 -0.14686 0.06725
v 0.52569 -0.14686 0.07686
v 0.52706 -0.14824 0.07824
v 0.52706 -0.14686 0.07755
v 0.52706 -0.14824 0.07961
v 0.52569 -0.14686 0.08784
v 0.52706 -0.14686 0.08716
v 0.52569 -0.14686 0.08922
v 0.52569 -0.14686 0.09059
v 0.52569 -0.14686 0.09196
v 0.52706 -0.14824 0.10157
v 0.52706 -0.14824 0.10294
v 0.52706 -0.14686 0.10363
v 0.52706 -0.14549 0.06314
v 0.52706 -0.14549 0.06451
v 0.52706 -0.14549 0.06588
v 0.52706 -0.14549 0.06725
v 0.52706 -0.14549 0.06863
v 0.52569 -0.14412 0.07000
v 0.52706 -0.14412 0.06931
v 0.52706 -0.14549 0.07137
v 0.52706 -0.14412 0.07069
v 0.52706 -0.14549 0.07275
v 0.52706 -0.14549 0.07412
v 0.52706 -0.14549 0.07549
v 0.52706 -0.14549 0.07686
v 0.52706 -0.14549 0.08784
v 0.52706 -0.14549 0.08922
v 0.52569 -0.14412 0.09059
v 0.52706 -0.14412 0.08990
v 0.52569 -0.14412 0.09196
v 0.52706 -0.14549 0.10431
v 0.52706 -0.14412 0.10500
v 0.52706 -0.14275 0.07000
v 0.52569 -0.14137 0.09059
v 0.52706 -0.14137 0.08990
v 0.52569 -0.14137 0.09196
v 0.52569 -0.14137 0.09333
v 0.52706 -0.14275 0.10569
v 0.52706 -0.14275 0.10706
v 0.52706 -0.14137 0.10775
v 0.52569 -0.13863 0.09059
v 0.52706 -0.13863 0.08990
v 0.52706 -0.14000 0.09196
v 0.52706 -0.13863 0.09127
v 0.52569 -0.13863 0.09333
v 0.52706 -0.13863 0.09265
v 0.52706 -0.14000 0.09471
v 0.52706 -0.13863 0.09402
v 0.52569 -0.13863 0.09608
v 0.52706 -0.13863 0.09539
v 0.52706 -0.14000 0.09745
v 0.52706 -0.13863 0.09676
v 0.52706 -0.14000 0.09882
v 0.52706 -0.14000 0.10020
v 0.52706 -0.14000 0.10157
v 0.52706 -0.14000 0.10294
v 0.52706 -0.14000 0.10431
v 0.52706 -0.14000 0.10569
v 0.52706 -0.14000 0.10706
v 0.52706 -0.13725 0.09059
v 0.52706 -0.13725 0.09333
v 0.52706 -0.13725 0.09608
v 0.52843 -0.16608 0.07412
v 0.52980 -0.16745 0.07412
v 0.52980 -0.16608 0.07343
v 0.52843 -0.16608 0.07549
v 0.52980 -0.16745 0.07549
v 0.52843 -0.16608 0.07686
v 0.52980 -0.16745 0.07686
v 0.52980 -0.16608 0.07755
v 0.52843 -0.16608 0.09059
v 0.52980 -0.16745 0.09059
v 0.52980 -0.16608 0.08990
v 0.52980 -0.16608 0.09127
v 0.52843 -0.16333 0.06725
v 0.52980 -0.16471 0.06725
v 0.52980 -0.16333 0.06657
v 0.52843 -0.16333 0.06863
v 0.52980 -0.16471 0.06863
v 0.52843 -0.16333 0.07000
v 0.52980 -0.16471 0.07000
v 0.52843 -0.16333 0.07137
v 0.52980 -0.16471 0.07137
v 0.52843 -0.16333 0.07275
v 0.52980 -0.16471 0.07275
v 0.52843 -0.16333 0.07412
v 0.52843 -0.16333 0.07549
v 0.52843 -0.16333 0.07686
v 0.52843 -0.16333 0.07824
v 0.52980 -0.16471 0.07824
v 0.52980 -0.16471 0.07961
v 0.52843 -0.16333 0.08098
v 0.52980 -0.16471 0.08098
v 0.52843 -0.16333 0.08235
v 0.52980 -0.16471 0.08235
v 0.52843 -0.16333 0.08373
v 0.52980 -0.16471 0.08373
v 0.52980 -0.16333 0.08441
v 0.52843 -0.16333 0.08922
v 0.52980 -0.16471 0.08922
v 0.52980 -0.16333 0.08853
v 0.52843 -0.16333 0.09059
v 0.52843 -0.16333 0.09196
v 0.52980 -0.16471 0.09196
v 0.52843 -0.16333 0.09333
v 0.52980 -0.16471 0.09333
v 0.52843 -0.16333 0.09471
v 0.52980 -0.16471 0.09471
v 0.52843 -0.16333 0.09608
v 0.52980 -0.16471 0.09608
v 0.52843 -0.16333 0.09745
v 0.52980 -0.16471 0.09745
v 0.52843 -0.16333 0.09882
v 0.52980 -0.16471 0.09882
v 0.52980 -0.16333 0.09951
v 0.52843 -0.16059 0.06451
v 0.52980 -0.16196 0.06451
v 0.52980 -0.16059 0.06382
v 0.52843 -0.16059 0.06588
v 0.52980 -0.16196 0.06588
v 0.52843 -0.16059 0.06725
v 0.52843 -0.16059 0.06863
v 0.52843 -0.16059 0.07000
v 0.52843 -0.16059 0.07137
v 0.52980 -0.16196 0.08510
v 0.52980 -0.16059 0.08578
v 0.52843 -0.16059 0.08922
v 0.52980 -0.16059 0.08853
v 0.52843 -0.16059 0.09059
v 0.52843 -0.16059 0.09196
v 0.52843 -0.16059 0.09333
v 0.52843 -0.16059 0.09608
v 0.52980 -0.16196 0.10020
v 0.52980 -0.16196 0.10157
v 0.52843 -0.16059 0.10294
v 0.52980 -0.16196 0.10294
v 0.52980 -0.16059 0.10363
v 0.52843 -0.15784 0.06039
v 0.52980 -0.15922 0.06039
v 0.52980 -0.15784 0.05971
v 0.52843 -0.15784 0.06176
v 0.52980 -0.15922 0.06176
v 0.52843 -0.15784 0.06314
v 0.52980 -0.15922 0.06314
v 0.52843 -0.15784 0.06451
v 0.52843 -0.15784 0.08510
v 0.52980 -0.15784 0.08578
v 0.52843 -0.15784 0.08784
v 0.52980 -0.15922 0.08784
v 0.52980 -0.15784 0.08716
v 0.52980 -0.15922 0.10431
v 0.52980 -0.15922 0.10569
v 0.52980 -0.15922 0.10706
v 0.52980 -0.15784 0.10775
v 0.52843 -0.15510 0.05765
v 0.52980 -0.15647 0.05765
v 0.52980 -0.15510 0.05696
v 0.52843 -0.15510 0.05902
v 0.52980 -0.15647 0.05902
v 0.52843 -0.15510 0.06039
v 0.52843 -0.15510 0.06176
v 0.52843 -0.15510 0.08373
v 0.52980 -0.15647 0.08510
v 0.52980 -0.15510 0.08441
v 0.52843 -0.15510 0.08784
v 0.52980 -0.15510 0.08716
v 0.52843 -0.15510 0.10706
v 0.52980 -0.15647 0.10706
v 0.52980 -0.15510 0.10637
v 0.52843 -0.15235 0.05627
v 0.52980 -0.15373 0.05627
v 0.52980 -0.15235 0.05559
v 0.52843 -0.15235 0.05765
v 0.52843 -0.15235 0.05902
v 0.52843 -0.15235 0.06039
v 0.52843 -0.15235 0.08235
v 0.52843 -0.15235 0.08373
v 0.52980 -0.15235 0.08441
v 0.52843 -0.15235 0.08647
v 0.52980 -0.15373 0.08647
v 0.52980 -0.15235 0.08578
v 0.52843 -0.15235 0.10294
v 0.52980 -0.15373 0.10294
v 0.52980 -0.15235 0.10225
v 0.52980 -0.15373 0.10431
v 0.52980 -0.15373 0.10569
v 0.52980 -0.15098 0.05627
v 0.52843 -0.14961 0.05765
v 0.52980 -0.14961 0.05696
v 0.52843 -0.14961 0.05902
v 0.52843 -0.14961 0.06039
v 0.52843 -0.14961 0.08098
v 0.52843 -0.14961 0.08235
v 0.52980 -0.15098 0.08373
v 0.52980 -0.14961 0.08304
v 0.52843 -0.14961 0.08647
v 0.52980 -0.14961 0.08578
v 0.52980 -0.15098 0.10157
v 0.52980 -0.14961 0.10088
v 0.52980 -0.14824 0.05765
v 0.52843 -0.14686 0.05902
v 0.52980 -0.14686 0.05833
v 0.52843 -0.14686 0.06039
v 0.52843 -0.14686 0.06176
v 0.52843 -0.14686 0.07824
v 0.52843 -0.14686 0.07961
v 0.52843 -0.14686 0.08098
v 0.52980 -0.14824 0.08235
v 0.52980 -0.14686 0.08167
v 0.52843 -0.14686 0.08647
v 0.52980 -0.14686 0.08578
v 0.52980 -0.14824 0.10157
v 0.52980 -0.14824 0.10294
v 0.52980 -0.14686 0.10363
v 0.52980 -0.14549 0.05902
v 0.52980 -0.14549 0.06039
v 0.52843 -0.14412 0.06176
v 0.52980 -0.14412 0.06108
v 0.52843 -0.14412 0.06314
v 0.52843 -0.14412 0.06451
v 0.52843 -0.14412 0.06588
v 0.52843 -0.14412 0.06725
v 0.52843 -0.14412 0.06863
v 0.52980 -0.14549 0.07137
v 0.52980 -0.14412 0.07069
v 0.52843 -0.14412 0.07275
v 0.52980 -0.14412 0.07206
v 0.52980 -0.14549 0.07412
v 0.52980 -0.14412 0.07343
v 0.52980 -0.14549 0.07549
v 0.52843 -0.14412 0.07686
v 0.52980 -0.14412 0.07618
v 0.52843 -0.14412 0.07824
v 0.52843 -0.14412 0.07961
v 0.52980 -0.14549 0.08098
v 0.52980 -0.14412 0.08029
v 0.52980 -0.14549 0.08647
v 0.52980 -0.14549 0.08784
v 0.52980 -0.14549 0.08922
v 0.52980 -0.14412 0.08990
v 0.52980 -0.14549 0.10431
v 0.52980 -0.14412 0.10500
v 0.52980 -0.14275 0.06176
v 0.52980 -0.14275 0.06314
v 0.52980 -0.14275 0.06451
v 0.52980 -0.14275 0.06588
v 0.52980 -0.14275 0.06725
v 0.52980 -0.14275 0.06863
v 0.52980 -0.14275 0.07000
v 0.52980 -0.14275 0.07275
v 0.52980 -0.14275 0.07686
v 0.52980 -0.14275 0.07824
v 0.52980 -0.14275 0.07961
v 0.52980 -0.14137 0.08990
v 0.52980 -0.14275 0.10569
v 0.52980 -0.14275 0.10706
v 0.52980 -0.14137 0.10775
v 0.52980 -0.13863 0.08990
v 0.52843 -0.13863 0.09196
v 0.52843 -0.13863 0.09471
v 0.52980 -0.14000 0.09745
v 0.52980 -0.13863 0.09676
v 0.52843 -0.13863 0.09882
v 0.52980 -0.13863 0.09814
v 0.52980 -0.14000 0.10020
v 0.52980 -0.13863 0.09951
v 0.52980 -0.14000 0.10157
v 0.52843 -0.13863 0.10294
v 0.52980 -0.13863 0.10225
v 0.52980 -0.14000 0.10431
v 0.52980 -0.13863 0.10363
v 0.52980 -0.14000 0.10569
v 0.52980 -0.14000 0.10706
v 0.52980 -0.13725 0.09059
v 0.52980 -0.13725 0.09196
v 0.52980 -0.13725 0.09333
v 0.52980 -0.13725 0.09471
v 0.52980 -0.13725 0.09608
v 0.52980 -0.13725 0.09882
v 0.52980 -0.13725 0.10294
v 0.53118 -0.16882 0.07000
v 0.53255 -0.17020 0.07000
v 0.53255 -0.16882 0.06931
v 0.53118 -0.16882 0.07137
v 0.53255 -0.17020 0.07137
v 0.53118 -0.16882 0.07275
v 0.53255 -0.17020 0.07275
v 0.53118 -0.16882 0.07412
v 0.53255 -0.17020 0.07412
v 0.53118 -0.16882 0.07549
v 0.53255 -0.17020 0.07549
v 0.53255 -0.16882 0.07618
v 0.53118 -0.16882 0.08922
v 0.53255 -0.17020 0.08922
v 0.53255 -0.16882 0.08853
v 0.53255 -0.16882 0.08990
v 0.53118 -0.16608 0.06176
v 0.53255 -0.16745 0.06176
v 0.53255 -0.16608 0.06108
v 0.53118 -0.16608 0.06314
v 0.53255 -0.16745 0.06314
v 0.53118 -0.16608 0.06451
v 0.53255 -0.16745 0.06451
v 0.53118 -0.16608 0.06588
v 0.53255 -0.16745 0.06588
v 0.53118 -0.16608 0.06725
v 0.53255 -0.16745 0.06725
v 0.53118 -0.16608 0.06863
v 0.53255 -0.16745 0.06863
v 0.53118 -0.16608 0.07000
v 0.53118 -0.16608 0.07137
v 0.53118 -0.16608 0.07275
v 0.53255 -0.16745 0.07686
v 0.53118 -0.16608 0.07824
v 0.53255 -0.16745 0.07824
v 0.53118 -0.16608 0.07961
v 0.53255 -0.16745 0.07961
v 0.53118 -0.16608 0.08098
v 0.53255 -0.16745 0.08098
v 0.53118 -0.16608 0.08235
v 0.53255 -0.16745 0.08235
v 0.53118 -0.16608 0.08373
v 0.53255 -0.16745 0.08373
v 0.53118 -0.16608 0.08510
v 0.53255 -0.16745 0.08510
v 0.53255 -0.16608 0.08578
v 0.53118 -0.16608 0.08922
v 0.53255 -0.16608 0.08853
v 0.53255 -0.16745 0.09059
v 0.53118 -0.16608 0.09196
v 0.53255 -0.16745 0.09196
v 0.53118 -0.16608 0.09333
v 0.53255 -0.16745 0.09333
v 0.53118 -0.16608 0.09471
v 0.53255 -0.16745 0.09471
v 0.53255 -0.16608 0.09539
v 0.53118 -0.16333 0.05902
v 0.53255 -0.16471 0.05902
v 0.53255 -0.16333 0.05833
v 0.53118 -0.16333 0.06039
v 0.53255 -0.16471 0.06039
v 0.53118 -0.16333 0.06176
v 0.53118 -0.16333 0.06314
v 0.53118 -0.16333 0.06451
v 0.53118 -0.16333 0.06588
v 0.53118 -0.16333 0.08510
v 0.53255 -0.16333 0.08578
v 0.53118 -0.16333 0.08784
v 0.53255 -0.16471 0.08784
v 0.53255 -0.16333 0.08716
v 0.53255 -0.16471 0.09608
v 0.53255 -0.16471 0.09745
v 0.53255 -0.16471 0.09882
v 0.53118 -0.16333 0.10020
v 0.53255 -0.16471 0.10020
v 0.53255 -0.16333 0.10088
v 0.53118 -0.16059 0.05490
v 0.53255 -0.16196 0.05490
v 0.53255 -0.16059 0.05422
v 0.53118 -0.16059 0.05627
v 0.53255 -0.16196 0.05627
v 0.53118 -0.16059 0.05765
v 0.53255 -0.16196 0.05765
v 0.53118 -0.16059 0.05902
v 0.53118 -0.16059 0.06039
v 0.53118 -0.16059 0.06176
v 0.53118 -0.16059 0.06314
v 0.53255 -0.16059 0.08578
v 0.53118 -0.16059 0.08784
v 0.53255 -0.16059 0.08716
v 0.53255 -0.16196 0.10157
v 0.53255 -0.16196 0.10294
v 0.53118 -0.16059 0.10431
v 0.53255 -0.16196 0.10431
v 0.53255 -0.16059 0.10500
v 0.53118 -0.15784 0.05216
v 0.53255 -0.15922 0.05216
v 0.53255 -0.15784 0.05147
v 0.53118 -0.15784 0.05353
v 0.53255 -0.15922 0.05353
v 0.53118 -0.15784 0.05490
v 0.53118 -0.15784 0.05627
v 0.53118 -0.15784 0.05765
v 0.53118 -0.15784 0.05902
v 0.53255 -0.15784 0.08578
v 0.53255 -0.15784 0.08716
v 0.53255 -0.15922 0.10569
v 0.53255 -0.15922 0.10706
v 0.53255 -0.15784 0.10775
v 0.53118 -0.15510 0.05078
v 0.53255 -0.15647 0.05078
v 0.53255 -0.15510 0.05010
v 0.53118 -0.15510 0.05216
v 0.53118 -0.15510 0.05353
v 0.53118 -0.15510 0.05490
v 0.53118 -0.15510 0.05627
v 0.53255 -0.15647 0.08510
v 0.53255 -0.15510 0.08441
v 0.53255 -0.15510 0.08716
v 0.53118 -0.15510 0.10569
v 0.53255 -0.15647 0.10569
v 0.53255 -0.15510 0.10500
v 0.53255 -0.15647 0.10706
v 0.53118 -0.15235 0.04941
v 0.53255 -0.15373 0.04941
v 0.53255 -0.15235 0.04873
v 0.53118 -0.15235 0.05078
v 0.53255 -0.15373 0.05216
v 0.53255 -0.15235 0.05147
v 0.53118 -0.15235 0.05353
v 0.53255 -0.15235 0.05284
v 0.53118 -0.15235 0.05490
v 0.53255 -0.15235 0.08441
v 0.53255 -0.15373 0.08647
v 0.53255 -0.15235 0.08578
v 0.53255 -0.15373 0.10294
v 0.53255 -0.15235 0.10225
v 0.53255 -0.15373 0.10431
v 0.53255 -0.15098 0.04941
v 0.53255 -0.15098 0.05078
v 0.53118 -0.14961 0.05216
v 0.53255 -0.15098 0.05216
v 0.53255 -0.14961 0.05147
v 0.53118 -0.14961 0.05353
v 0.53118 -0.14961 0.05490
v 0.53118 -0.14961 0.05627
v 0.53255 -0.15098 0.08373
v 0.53255 -0.14961 0.08304
v 0.53255 -0.14961 0.08578
v 0.53255 -0.15098 0.10157
v 0.53255 -0.14961 0.10088
v 0.53255 -0.14824 0.05216
v 0.53118 -0.14686 0.05353
v 0.53255 -0.14686 0.05284
v 0.53118 -0.14686 0.05490
v 0.53118 -0.14686 0.05627
v 0.53118 -0.14686 0.05765
v 0.53255 -0.14824 0.08235
v 0.53255 -0.14686 0.08167
v 0.53255 -0.14686 0.08578
v 0.53255 -0.14824 0.10157
v 0.53255 -0.14824 0.10294
v 0.53255 -0.14686 0.10363
v 0.53255 -0.14549 0.05353
v 0.53255 -0.14549 0.05490
v 0.53118 -0.14412 0.05627
v 0.53255 -0.14412 0.05559
v 0.53118 -0.14412 0.05765
v 0.53118 -0.14412 0.05902
v 0.53118 -0.14412 0.06039
v 0.53118 -0.14412 0.07137
v 0.53118 -0.14412 0.07412
v 0.53118 -0.14412 0.07549
v 0.53118 -0.14412 0.07961
v 0.53255 -0.14549 0.07961
v 0.53255 -0.14412 0.07892
v 0.53255 -0.14549 0.08098
v 0.53255 -0.14549 0.08647
v 0.53255 -0.14549 0.08784
v 0.53118 -0.14412 0.08922
v 0.53255 -0.14412 0.08853
v 0.53255 -0.14549 0.10431
v 0.53118 -0.14412 0.10569
v 0.53255 -0.14549 0.10569
v 0.53255 -0.14412 0.10637
v 0.53255 -0.14275 0.05627
v 0.53255 -0.14275 0.05765
v 0.53255 -0.14275 0.05902
v 0.53255 -0.14275 0.06039
v 0.53255 -0.14275 0.06176
v 0.53255 -0.14275 0.06314
v 0.53255 -0.14275 0.06451
v 0.53255 -0.14275 0.06588
v 0.53255 -0.14275 0.06725
v 0.53255 -0.14275 0.06863
v 0.53255 -0.14275 0.07000
v 0.53255 -0.14275 0.07137
v 0.53255 -0.14275 0.07275
v 0.53255 -0.14275 0.07412
v 0.53255 -0.14275 0.07549
v 0.53255 -0.14275 0.07686
v 0.53255 -0.14275 0.07824
v 0.53118 -0.14137 0.08922
v 0.53255 -0.14137 0.08853
v 0.53118 -0.14137 0.10706
v 0.53255 -0.14137 0.10637
v 0.53118 -0.13863 0.08922
v 0.53255 -0.13863 0.08853
v 0.53118 -0.13863 0.09745
v 0.53118 -0.13863 0.10020
v 0.53118 -0.13863 0.10157
v 0.53118 -0.13863 0.10294
v 0.53255 -0.14000 0.10294
v 0.53255 -0.13863 0.10225
v 0.53255 -0.14000 0.10431
v 0.53255 -0.14000 0.10569
v 0.53255 -0.13725 0.08922
v 0.53255 -0.13725 0.09059
v 0.53255 -0.13725 0.09196
v 0.53255 -0.13725 0.09333
v 0.53255 -0.13725 0.09471
v 0.53255 -0.13725 0.09608
v 0.53255 -0.13725 0.09745
v 0.53255 -0.13725 0.09882
v 0.53255 -0.13725 0.10020
v 0.53255 -0.13725 0.10157
v 0.53392 -0.17157 0.06451
v 0.53529 -0.17294 0.06451
v 0.53529 -0.17157 0.06382
v 0.53392 -0.17157 0.06588
v 0.53529 -0.17294 0.06588
v 0.53529 -0.17157 0.06657
v 0.53392 -0.17157 0.06863
v 0.53529 -0.17294 0.06863
v 0.53529 -0.17157 0.06794
v 0.53392 -0.17157 0.07000
v 0.53529 -0.17294 0.07000
v 0.53392 -0.17157 0.07137
v 0.53529 -0.17294 0.07137
v 0.53392 -0.17157 0.07275
v 0.53529 -0.17294 0.07275
v 0.53529 -0.17157 0.07343
v 0.53392 -0.17157 0.07824
v 0.53529 -0.17294 0.07824
v 0.53529 -0.17157 0.07755
v 0.53392 -0.17157 0.07961
v 0.53529 -0.17294 0.07961
v 0.53392 -0.17157 0.08098
v 0.53529 -0.17294 0.08098
v 0.53529 -0.17157 0.08167
v 0.53392 -0.16882 0.05627
v 0.53529 -0.17020 0.05627
v 0.53529 -0.16882 0.05559
v 0.53392 -0.16882 0.05765
v 0.53529 -0.17020 0.05765
v 0.53392 -0.16882 0.05902
v 0.53529 -0.17020 0.05902
v 0.53392 -0.16882 0.06039
v 0.53529 -0.17020 0.06039
v 0.53392 -0.16882 0.06176
v 0.53529 -0.17020 0.06176
v 0.53392 -0.16882 0.06314
v 0.53529 -0.17020 0.06314
v 0.53392 -0.16882 0.06451
v 0.53392 -0.16882 0.06588
v 0.53392 -0.16882 0.06725
v 0.53529 -0.17020 0.06725
v 0.53392 -0.16882 0.06863
v 0.53529 -0.17020 0.07412
v 0.53529 -0.17020 0.07549
v 0.53392 -0.16882 0.07686
v 0.53529 -0.17020 0.07686
v 0.53392 -0.16882 0.07824
v 0.53392 -0.16882 0.07961
v 0.53392 -0.16882 0.08098
v 0.53392 -0.16882 0.08235
v 0.53529 -0.17020 0.08235
v 0.53392 -0.16882 0.08373
v 0.53529 -0.17020 0.08373
v 0.53392 -0.16882 0.08510
v 0.53529 -0.17020 0.08510
v 0.53529 -0.16882 0.08578
v 0.53529 -0.17020 0.08922
v 0.53529 -0.16882 0.08853
v 0.53392 -0.16882 0.09059
v 0.53529 -0.17020 0.09059
v 0.53392 -0.16882 0.09196
v 0.53529 -0.17020 0.09196
v 0.53529 -0.16882 0.09265
v 0.53392 -0.16608 0.05353
v 0.53529 -0.16745 0.05353
v 0.53529 -0.16608 0.05284
v 0.53392 -0.16608 0.05490
v 0.53529 -0.16745 0.05490
v 0.53392 -0.16608 0.05627
v 0.53392 -0.16608 0.05765
v 0.53392 -0.16608 0.05902
v 0.53392 -0.16608 0.06039
v 0.53529 -0.16608 0.08578
v 0.53392 -0.16608 0.08784
v 0.53529 -0.16745 0.08784
v 0.53529 -0.16608 0.08716
v 0.53529 -0.16745 0.09333
v 0.53529 -0.16745 0.09471
v 0.53392 -0.16608 0.09608
v 0.53529 -0.16745 0.09608
v 0.53392 -0.16608 0.09745
v 0.53529 -0.16745 0.09745
v 0.53529 -0.16608 0.09814
v 0.53392 -0.16333 0.04941
v 0.53529 -0.16471 0.04941
v 0.53529 -0.16333 0.04873
v 0.53392 -0.16333 0.05078
v 0.53529 -0.16471 0.05078
v 0.53392 -0.16333 0.05216
v 0.53529 -0.16471 0.05216
v 0.53392 -0.16333 0.05353
v 0.53392 -0.16333 0.05490
v 0.53392 -0.16333 0.05627
v 0.53392 -0.16333 0.05765
v 0.53529 -0.16333 0.08578
v 0.53529 -0.16333 0.08716
v 0.53529 -0.16471 0.09882
v 0.53529 -0.16471 0.10020
v 0.53392 -0.16333 0.10157
v 0.53529 -0.16471 0.10157
v 0.53529 -0.16333 0.10225
v 0.53392 -0.16059 0.04667
v 0.53529 -0.16196 0.04667
v 0.53529 -0.16059 0.04598
v 0.53392 -0.16059 0.04804
v 0.53529 -0.16196 0.04804
v 0.53392 -0.16059 0.04941
v 0.53392 -0.16059 0.05078
v 0.53392 -0.16059 0.05216
v 0.53392 -0.16059 0.05353
v 0.53392 -0.16059 0.08510
v 0.53529 -0.16196 0.08510
v 0.53529 -0.16059 0.08441
v 0.53529 -0.16059 0.08716
v 0.53529 -0.16196 0.10294
v 0.53529 -0.16196 0.10431
v 0.53392 -0.16059 0.10569
v 0.53529 -0.16196 0.10569
v 0.53529 -0.16059 0.10637
v 0.53392 -0.15784 0.04392
v 0.53529 -0.15922 0.04392
v 0.53529 -0.15784 0.04324
v 0.53392 -0.15784 0.04529
v 0.53529 -0.15922 0.04529
v 0.53392 -0.15784 0.04667
v 0.53529 -0.15922 0.04804
v 0.53529 -0.15784 0.04735
v 0.53392 -0.15784 0.04941
v 0.53529 -0.15784 0.04873
v 0.53392 -0.15784 0.05078
v 0.53392 -0.15784 0.08510
v 0.53529 -0.15784 0.08441
v 0.53529 -0.15784 0.08716
v 0.53529 -0.15922 0.10706
v 0.53529 -0.15784 0.10775
v 0.53392 -0.15510 0.04392
v 0.53529 -0.15510 0.04324
v 0.53392 -0.15510 0.04529
v 0.53392 -0.15510 0.04667
v 0.53392 -0.15510 0.04804
v 0.53529 -0.15647 0.04804
v 0.53529 -0.15647 0.04941
v 0.53529 -0.15510 0.04873
v 0.53529 -0.15510 0.05010
v 0.53392 -0.15510 0.08373
v 0.53529 -0.15647 0.08373
v 0.53529 -0.15510 0.08304
v 0.53529 -0.15510 0.08716
v 0.53392 -0.15510 0.10431
v 0.53529 -0.15647 0.10431
v 0.53529 -0.15510 0.10363
v 0.53529 -0.15647 0.10569
v 0.53529 -0.15647 0.10706
v 0.53392 -0.15235 0.04392
v 0.53529 -0.15235 0.04324
v 0.53392 -0.15235 0.04529
v 0.53392 -0.15235 0.04667
v 0.53392 -0.15235 0.04804
v 0.53392 -0.15235 0.04941
v 0.53529 -0.15235 0.04873
v 0.53529 -0.15235 0.05010
v 0.53392 -0.15235 0.05216
v 0.53392 -0.15235 0.08373
v 0.53529 -0.15235 0.08304
v 0.53529 -0.15373 0.08647
v 0.53529 -0.15235 0.08578
v 0.53529 -0.15373 0.10294
v 0.53529 -0.15235 0.10225
v 0.53529 -0.15098 0.04392
v 0.53529 -0.15098 0.04529
v 0.53392 -0.14961 0.04667
v 0.53529 -0.14961 0.04598
v 0.53392 -0.14961 0.04804
v 0.53392 -0.14961 0.04941
v 0.53529 -0.15098 0.04941
v 0.53392 -0.14961 0.05078
v 0.53392 -0.14961 0.08235
v 0.53529 -0.15098 0.08235
v 0.53529 -0.14961 0.08167
v 0.53529 -0.14961 0.08578
v 0.53392 -0.14961 0.10157
v 0.53529 -0.14961 0.10225
v 0.53529 -0.14824 0.04667
v 0.53529 -0.14824 0.04804
v 0.53392 -0.14686 0.04941
v 0.53529 -0.14686 0.04873
v 0.53392 -0.14686 0.05078
v 0.53392 -0.14686 0.05216
v 0.53392 -0.14686 0.08098
v 0.53529 -0.14824 0.08098
v 0.53529 -0.14686 0.08029
v 0.53529 -0.14686 0.08578
v 0.53529 -0.14824 0.10294
v 0.53529 -0.14686 0.10363
v 0.53392 -0.14412 0.04941
v 0.53529 -0.14412 0.04873
v 0.53392 -0.14412 0.05078
v 0.53392 -0.14412 0.05216
v 0.53392 -0.14412 0.05353
v 0.53392 -0.14412 0.05490
v 0.53529 -0.14549 0.07961
v 0.53529 -0.14412 0.07892
v 0.53529 -0.14549 0.08647
v 0.53529 -0.14549 0.08784
v 0.53529 -0.14412 0.08853
v 0.53529 -0.14549 0.10431
v 0.53392 -0.14412 0.10569
v 0.53529 -0.14412 0.10500
v 0.53529 -0.14275 0.04941
v 0.53529 -0.14275 0.05078
v 0.53529 -0.14275 0.05216
v 0.53529 -0.14275 0.05353
v 0.53529 -0.14275 0.05490
v 0.53529 -0.14275 0.05627
v 0.53529 -0.14275 0.05765
v 0.53529 -0.14275 0.05902
v 0.53392 -0.14137 0.06039
v 0.53529 -0.14137 0.05971
v 0.53529 -0.14275 0.06176
v 0.53529 -0.14137 0.06108
v 0.53392 -0.14137 0.06314
v 0.53529 -0.14137 0.06245
v 0.53392 -0.14137 0.06451
v 0.53392 -0.14137 0.06588
v 0.53392 -0.14137 0.06725
v 0.53392 -0.14137 0.06863
v 0.53529 -0.14275 0.07000
v 0.53529 -0.14137 0.06931
v 0.53529 -0.14275 0.07137
v 0.53529 -0.14275 0.07275
v 0.53529 -0.14275 0.07412
v 0.53529 -0.14275 0.07549
v 0.53529 -0.14275 0.07686
v 0.53529 -0.14275 0.07824
v 0.53529 -0.14137 0.08853
v 0.53529 -0.14275 0.10569
v 0.53529 -0.14137 0.10637
v 0.53529 -0.14000 0.06039
v 0.53529 -0.14000 0.06314
v 0.53529 -0.14000 0.06451
v 0.53529 -0.14000 0.06588
v 0.53529 -0.14000 0.06725
v 0.53392 -0.13863 0.06863
v 0.53529 -0.13863 0.06794
v 0.53529 -0.13863 0.06931
v 0.53529 -0.13863 0.08853
v 0.53529 -0.14000 0.10294
v 0.53529 -0.13863 0.10225
v 0.53529 -0.14000 0.10431
v 0.53529 -0.14000 0.10569
v 0.53529 -0.13725 0.06863
v 0.53529 -0.13725 0.08922
v 0.53529 -0.13725 0.09059
v 0.53529 -0.13725 0.09196
v 0.53529 -0.13725 0.09333
v 0.53529 -0.13725 0.09471
v 0.53529 -0.13725 0.09608
v 0.53529 -0.13725 0.09745
v 0.53529 -0.13725 0.09882
v 0.53529 -0.13725 0.10020
v 0.53529 -0.13725 0.10157
v 0.53667 -0.17431 0.05902
v 0.53804 -0.17569 0.05902
v 0.53804 -0.17431 0.05833
v 0.53667 -0.17431 0.06039
v 0.53804 -0.17569 0.06039
v 0.53667 -0.17431 0.06176
v 0.53804 -0.17569 0.06176
v 0.53667 -0.17431 0.06314
v 0.53804 -0.17569 0.06314
v 0.53667 -0.17431 0.06451
v 0.53804 -0.17569 0.06451
v 0.53667 -0.17431 0.06588
v 0.53804 -0.17569 0.06588
v 0.53667 -0.17431 0.06725
v 0.53804 -0.17569 0.06725
v 0.53667 -0.17431 0.06863
v 0.53804 -0.17569 0.06863
v 0.53667 -0.17431 0.07000
v 0.53804 -0.17569 0.07000
v 0.53667 -0.17431 0.07137
v 0.53804 -0.17569 0.07137
v 0.53667 -0.17431 0.07275
v 0.53804 -0.17569 0.07275
v 0.53667 -0.17431 0.07412
v 0.53804 -0.17569 0.07412
v 0.53667 -0.17431 0.07549
v 0.53804 -0.17569 0.07549
v 0.53667 -0.17431 0.07686
v 0.53804 -0.17569 0.07686
v 0.53804 -0.17431 0.07755
v 0.53667 -0.17157 0.05078
v 0.53804 -0.17294 0.05078
v 0.53804 -0.17157 0.05010
v 0.53667 -0.17157 0.05216
v 0.53804 -0.17294 0.05216
v 0.53667 -0.17157 0.05353
v 0.53804 -0.17294 0.05353
v 0.53667 -0.17157 0.05490
v 0.53804 -0.17294 0.05490
v 0.53667 -0.17157 0.05627
v 0.53804 -0.17294 0.05627
v 0.53667 -0.17157 0.05765
v 0.53804 -0.17294 0.05765
v 0.53667 -0.17157 0.05902
v 0.53667 -0.17157 0.06039
v 0.53667 -0.17157 0.06176
v 0.53667 -0.17157 0.06314
v 0.53667 -0.17157 0.06725
v 0.53667 -0.17157 0.07412
v 0.53667 -0.17157 0.07549
v 0.53667 -0.17157 0.07686
v 0.53804 -0.17294 0.07824
v 0.53804 -0.17294 0.07961
v 0.53804 -0.17294 0.08098
v 0.53667 -0.17157 0.08235
v 0.53804 -0.17294 0.08235
v 0.53667 -0.17157 0.08373
v 0.53804 -0.17294 0.08373
v 0.53804 -0.17157 0.08441
v 0.53667 -0.16882 0.04804
v 0.53804 -0.17020 0.04804
v 0.53804 -0.16882 0.04735
v 0.53667 -0.16882 0.04941
v 0.53804 -0.17020 0.04941
v 0.53667 -0.16882 0.05078
v 0.53667 -0.16882 0.05216
v 0.53667 -0.16882 0.05353
v 0.53667 -0.16882 0.05490
v 0.53667 -0.16882 0.08510
v 0.53804 -0.16882 0.08441
v 0.53667 -0.16882 0.08784
v 0.53804 -0.17020 0.08784
v 0.53804 -0.16882 0.08716
v 0.53804 -0.17020 0.08922
v 0.53804 -0.17020 0.09059
v 0.53804 -0.17020 0.09196
v 0.53804 -0.16882 0.09265
v 0.53667 -0.16608 0.04392
v 0.53804 -0.16745 0.04392
v 0.53804 -0.16608 0.04324
v 0.53667 -0.16608 0.04529
v 0.53804 -0.16745 0.04529
v 0.53667 -0.16608 0.04667
v 0.53804 -0.16745 0.04667
v 0.53667 -0.16608 0.04804
v 0.53667 -0.16608 0.04941
v 0.53667 -0.16608 0.05078
v 0.53667 -0.16608 0.05216
v 0.53804 -0.16745 0.08510
v 0.53804 -0.16608 0.08578
v 0.53804 -0.16608 0.08716
v 0.53804 -0.16745 0.09333
v 0.53804 -0.16745 0.09471
v 0.53804 -0.16745 0.09608
v 0.53804 -0.16745 0.09745
v 0.53804 -0.16608 0.09814
v 0.53667 -0.16333 0.04118
v 0.53804 -0.16471 0.04118
v 0.53804 -0.16333 0.04049
v 0.53667 -0.16333 0.04255
v 0.53804 -0.16471 0.04255
v 0.53804 -0.16471 0.04392
v 0.53804 -0.16333 0.04324
v 0.53667 -0.16333 0.04529
v 0.53804 -0.16333 0.04461
v 0.53667 -0.16333 0.04667
v 0.53667 -0.16333 0.04804
v 0.53667 -0.16333 0.08510
v 0.53804 -0.16471 0.08510
v 0.53804 -0.16333 0.08441
v 0.53804 -0.16333 0.08716
v 0.53804 -0.16471 0.09882
v 0.53804 -0.16471 0.10020
v 0.53804 -0.16471 0.10157
v 0.53667 -0.16333 0.10294
v 0.53804 -0.16471 0.10294
v 0.53804 -0.16333 0.10363
v 0.53667 -0.16059 0.03843
v 0.53804 -0.16196 0.03843
v 0.53804 -0.16059 0.03775
v 0.53667 -0.16059 0.03980
v 0.53804 -0.16196 0.03980
v 0.53667 -0.16059 0.04118
v 0.53667 -0.16059 0.04255
v 0.53667 -0.16059 0.04392
v 0.53804 -0.16196 0.04392
v 0.53667 -0.16059 0.04529
v 0.53804 -0.16059 0.08441
v 0.53804 -0.16059 0.08716
v 0.53804 -0.16196 0.10431
v 0.53804 -0.16196 0.10569
v 0.53804 -0.16059 0.10637
v 0.53667 -0.15784 0.03843
v 0.53804 -0.15784 0.03775
v 0.53667 -0.15784 0.03980
v 0.53667 -0.15784 0.04118
v 0.53667 -0.15784 0.04255
v 0.53667 -0.15784 0.04804
v 0.53804 -0.15784 0.08441
v 0.53667 -0.15784 0.08647
v 0.53804 -0.15922 0.08647
v 0.53804 -0.15784 0.08578
v 0.53667 -0.15784 0.10706
v 0.53804 -0.15784 0.10637
v 0.53667 -0.15510 0.03843
v 0.53804 -0.15510 0.03775
v 0.53667 -0.15510 0.03980
v 0.53667 -0.15510 0.04118
v 0.53667 -0.15510 0.04255
v 0.53667 -0.15510 0.04667
v 0.53804 -0.15647 0.04667
v 0.53804 -0.15510 0.04598
v 0.53804 -0.15510 0.04735
v 0.53667 -0.15510 0.04941
v 0.53804 -0.15647 0.08373
v 0.53804 -0.15510 0.08304
v 0.53667 -0.15510 0.08647
v 0.53804 -0.15510 0.08578
v 0.53804 -0.15647 0.10431
v 0.53804 -0.15510 0.10363
v 0.53804 -0.15647 0.10569
v 0.53804 -0.15373 0.03843
v 0.53667 -0.15235 0.03980
v 0.53804 -0.15235 0.03912
v 0.53667 -0.15235 0.04118
v 0.53667 -0.15235 0.04255
v 0.53804 -0.15373 0.04667
v 0.53667 -0.15235 0.04941
v 0.53804 -0.15235 0.08304
v 0.53667 -0.15235 0.08510
v 0.53804 -0.15373 0.08510
v 0.53804 -0.15235 0.08441
v 0.53667 -0.15235 0.10020
v 0.53804 -0.15373 0.10020
v 0.53804 -0.15235 0.09951
v 0.53667 -0.15235 0.10157
v 0.53804 -0.15373 0.10157
v 0.53804 -0.15373 0.10294
v 0.53804 -0.15098 0.03980
v 0.53667 -0.14961 0.04118
v 0.53804 -0.14961 0.04049
v 0.53667 -0.14961 0.04255
v 0.53667 -0.14961 0.04392
v 0.53667 -0.14961 0.04529
v 0.53667 -0.14961 0.04804
v 0.53804 -0.15098 0.04804
v 0.53804 -0.14961 0.04735
v 0.53804 -0.14961 0.04873
v 0.53804 -0.15098 0.08235
v 0.53804 -0.14961 0.08167
v 0.53667 -0.14961 0.08510
v 0.53804 -0.14961 0.08441
v 0.53804 -0.15098 0.10020
v 0.53804 -0.15098 0.10157
v 0.53804 -0.14961 0.10225
v 0.53804 -0.14824 0.04118
v 0.53804 -0.14824 0.04255
v 0.53667 -0.14686 0.04392
v 0.53804 -0.14686 0.04324
v 0.53667 -0.14686 0.04529
v 0.53667 -0.14686 0.04667
v 0.53667 -0.14686 0.04804
v 0.53804 -0.14824 0.04804
v 0.53667 -0.14686 0.08098
v 0.53804 -0.14686 0.08167
v 0.53667 -0.14686 0.08510
v 0.53804 -0.14686 0.08441
v 0.53667 -0.14686 0.10294
v 0.53804 -0.14686 0.10225
v 0.53804 -0.14549 0.04392
v 0.53667 -0.14412 0.04529
v 0.53804 -0.14412 0.04461
v 0.53667 -0.14412 0.04667
v 0.53804 -0.14549 0.04804
v 0.53804 -0.14412 0.04735
v 0.53804 -0.14412 0.04873
v 0.53804 -0.14549 0.07961
v 0.53804 -0.14412 0.07892
v 0.53804 -0.14549 0.08098
v 0.53667 -0.14412 0.08510
v 0.53804 -0.14412 0.08441
v 0.53804 -0.14549 0.08647
v 0.53804 -0.14412 0.08578
v 0.53804 -0.14549 0.08784
v 0.53804 -0.14412 0.08853
v 0.53804 -0.14549 0.10294
v 0.53804 -0.14549 0.10431
v 0.53804 -0.14412 0.10500
v 0.53804 -0.14275 0.04529
v 0.53804 -0.14275 0.04667
v 0.53804 -0.14275 0.04941
v 0.53804 -0.14275 0.05078
v 0.53804 -0.14275 0.05216
v 0.53804 -0.14275 0.05353
v 0.53667 -0.14137 0.05490
v 0.53804 -0.14137 0.05422
v 0.53667 -0.14137 0.05627
v 0.53667 -0.14137 0.05765
v 0.53667 -0.14137 0.05902
v 0.53667 -0.14137 0.06176
v 0.53667 -0.14137 0.07000
v 0.53667 -0.14137 0.07137
v 0.53667 -0.14137 0.07275
v 0.53804 -0.14275 0.07412
v 0.53804 -0.14137 0.07343
v 0.53667 -0.14137 0.07549
v 0.53804 -0.14137 0.07480
v 0.53804 -0.14275 0.07686
v 0.53804 -0.14137 0.07618
v 0.53804 -0.14275 0.07824
v 0.53804 -0.14275 0.08510
v 0.53804 -0.14137 0.08853
v 0.53804 -0.14275 0.10569
v 0.53804 -0.14137 0.10637
v 0.53804 -0.14000 0.05490
v 0.53804 -0.14000 0.05627
v 0.53804 -0.14000 0.05765
v 0.53804 -0.14000 0.05902
v 0.53667 -0.13863 0.06039
v 0.53804 -0.13863 0.05971
v 0.53667 -0.13863 0.06176
v 0.53667 -0.13863 0.06314
v 0.53667 -0.13863 0.06451
v 0.53667 -0.13863 0.06588
v 0.53667 -0.13863 0.06725
v 0.53667 -0.13863 0.06863
v 0.53804 -0.14000 0.06863
v 0.53804 -0.13863 0.06794
v 0.53804 -0.14000 0.07000
v 0.53804 -0.14000 0.07137
v 0.53804 -0.14000 0.07275
v 0.53804 -0.14000 0.07549
v 0.53667 -0.13863 0.08784
v 0.53804 -0.14000 0.08784
v 0.53804 -0.13863 0.08716
v 0.53804 -0.14000 0.10294
v 0.53804 -0.13863 0.10225
v 0.53804 -0.14000 0.10431
v 0.53804 -0.14000 0.10569
v 0.53804 -0.13725 0.06039
v 0.53804 -0.13725 0.06176
v 0.53804 -0.13725 0.06314
v 0.53804 -0.13725 0.06451
v 0.53804 -0.13725 0.06588
v 0.53804 -0.13725 0.06725
v 0.53804 -0.13725 0.08784
v 0.53804 -0.13725 0.08922
v 0.53804 -0.13725 0.09059
v 0.53804 -0.13725 0.09196
v 0.53804 -0.13725 0.09333
v 0.53804 -0.13725 0.09471
v 0.53804 -0.13725 0.09608
v 0.53804 -0.13725 0.09745
v 0.53804 -0.13725 0.09882
v 0.53804 -0.13725 0.10020
v 0.53804 -0.13725 0.10157
v 0.53941 -0.17706 0.05353
v 0.54078 -0.17843 0.05353
v 0.54078 -0.17706 0.05284
v 0.53941 -0.17706 0.05490
v 0.54078 -0.17843 0.05490
v 0.53941 -0.17706 0.05627
v 0.54078 -0.17843 0.05627
v 0.53941 -0.17706 0.05765
v 0.54078 -0.17843 0.05765
v 0.53941 -0.17706 0.05902
v 0.54078 -0.17843 0.05902
v 0.53941 -0.17706 0.06039
v 0.54078 -0.17843 0.06039
v 0.53941 -0.17706 0.06176
v 0.54078 -0.17843 0.06176
v 0.53941 -0.17706 0.06314
v 0.54078 -0.17843 0.06314
v 0.53941 -0.17706 0.06451
v 0.54078 -0.17843 0.06451
v 0.53941 -0.17706 0.06588
v 0.54078 -0.17843 0.06588
v 0.53941 -0.17706 0.06725
v 0.54078 -0.17843 0.06725
v 0.53941 -0.17706 0.06863
v 0.54078 -0.17843 0.06863
v 0.53941 -0.17706 0.07000
v 0.54078 -0.17843 0.07000
v 0.53941 -0.17706 0.07137
v 0.54078 -0.17843 0.07137
v 0.53941 -0.17706 0.07275
v 0.54078 -0.17843 0.07275
v 0.53941 -0.17706 0.07412
v 0.54078 -0.17843 0.07412
v 0.54078 -0.17706 0.07480
v 0.53941 -0.17431 0.04529
v 0.54078 -0.17569 0.04529
v 0.54078 -0.17431 0.04461
v 0.53941 -0.17431 0.04667
v 0.54078 -0.17569 0.04667
v 0.53941 -0.17431 0.04804
v 0.54078 -0.17569 0.04804
v 0.53941 -0.17431 0.04941
v 0.54078 -0.17569 0.04941
v 0.53941 -0.17431 0.05078
v 0.54078 -0.17569 0.05078
v 0.53941 -0.17431 0.05216
v 0.54078 -0.17569 0.05216
v 0.53941 -0.17431 0.05353
v 0.53941 -0.17431 0.05490
v 0.53941 -0.17431 0.05627
v 0.53941 -0.17431 0.05765
v 0.54078 -0.17569 0.07549
v 0.54078 -0.17569 0.07686
v 0.53941 -0.17431 0.07824
v 0.54078 -0.17569 0.07824
v 0.53941 -0.17431 0.07961
v 0.54078 -0.17569 0.07961
v 0.53941 -0.17431 0.08098
v 0.54078 -0.17569 0.08098
v 0.53941 -0.17431 0.08235
v 0.54078 -0.17569 0.08235
v 0.53941 -0.17431 0.08373
v 0.54078 -0.17569 0.08373
v 0.54078 -0.17431 0.08441
v 0.53941 -0.17157 0.04255
v 0.54078 -0.17294 0.04255
v 0.54078 -0.17157 0.04186
v 0.53941 -0.17157 0.04392
v 0.54078 -0.17294 0.04392
v 0.53941 -0.17157 0.04529
v 0.53941 -0.17157 0.04667
v 0.53941 -0.17157 0.04804
v 0.53941 -0.17157 0.04941
v 0.53941 -0.17157 0.08373
v 0.54078 -0.17294 0.08373
v 0.54078 -0.17157 0.08304
v 0.53941 -0.17157 0.08784
v 0.54078 -0.17294 0.08784
v 0.54078 -0.17157 0.08716
v 0.54078 -0.17157 0.08853
v 0.53941 -0.16882 0.03843
v 0.54078 -0.17020 0.03843
v 0.54078 -0.16882 0.03775
v 0.53941 -0.16882 0.03980
v 0.54078 -0.17020 0.03980
v 0.53941 -0.16882 0.04118
v 0.54078 -0.17020 0.04118
v 0.53941 -0.16882 0.04255
v 0.53941 -0.16882 0.04392
v 0.53941 -0.16882 0.04529
v 0.53941 -0.16882 0.04667
v 0.54078 -0.17020 0.08373
v 0.53941 -0.16882 0.08510
v 0.54078 -0.17020 0.08510
v 0.54078 -0.16882 0.08578
v 0.54078 -0.16882 0.08716
v 0.54078 -0.17020 0.08922
v 0.54078 -0.17020 0.09059
v 0.54078 -0.17020 0.09196
v 0.53941 -0.16882 0.09333
v 0.54078 -0.17020 0.09333
v 0.54078 -0.16882 0.09402
v 0.53941 -0.16608 0.03569
v 0.54078 -0.16745 0.03569
v 0.54078 -0.16608 0.03500
v 0.53941 -0.16608 0.03706
v 0.54078 -0.16745 0.03706
v 0.53941 -0.16608 0.03843
v 0.53941 -0.16608 0.03980
v 0.53941 -0.16608 0.04118
v 0.53941 -0.16608 0.04255
v 0.53941 -0.16608 0.08510
v 0.54078 -0.16745 0.08510
v 0.54078 -0.16608 0.08441
v 0.53941 -0.16608 0.08647
v 0.54078 -0.16745 0.08647
v 0.54078 -0.16608 0.08578
v 0.54078 -0.16745 0.09471
v 0.54078 -0.16745 0.09608
v 0.54078 -0.16745 0.09745
v 0.53941 -0.16608 0.09882
v 0.54078 -0.16745 0.09882
v 0.53941 -0.16608 0.10020
v 0.54078 -0.16745 0.10020
v 0.54078 -0.16608 0.10088
v 0.53941 -0.16333 0.03294
v 0.54078 -0.16471 0.03294
v 0.54078 -0.16333 0.03225
v 0.53941 -0.16333 0.03431
v 0.54078 -0.16471 0.03431
v 0.53941 -0.16333 0.03569
v 0.53941 -0.16333 0.03706
v 0.53941 -0.16333 0.03843
v 0.53941 -0.16333 0.03980
v 0.53941 -0.16333 0.04118
v 0.54078 -0.16471 0.04118
v 0.54078 -0.16333 0.04049
v 0.54078 -0.16333 0.04186
v 0.53941 -0.16333 0.04392
v 0.54078 -0.16333 0.08441
v 0.53941 -0.16333 0.08647
v 0.54078 -0.16333 0.08578
v 0.54078 -0.16471 0.10157
v 0.54078 -0.16471 0.10294
v 0.54078 -0.16333 0.10363
v 0.53941 -0.16059 0.03294
v 0.54078 -0.16059 0.03225
v 0.53941 -0.16059 0.03431
v 0.53941 -0.16059 0.03569
v 0.53941 -0.16059 0.03706
v 0.54078 -0.16196 0.04118
v 0.54078 -0.16059 0.08441
v 0.53941 -0.16059 0.08647
v 0.54078 -0.16059 0.08578
v 0.54078 -0.16196 0.10431
v 0.53941 -0.16059 0.10569
v 0.54078 -0.16059 0.10500
v 0.53941 -0.15784 0.03294
v 0.54078 -0.15784 0.03225
v 0.53941 -0.15784 0.03431
v 0.53941 -0.15784 0.03569
v 0.53941 -0.15784 0.03706
v 0.54078 -0.15784 0.08441
v 0.54078 -0.15784 0.08578
v 0.53941 -0.15784 0.10569
v 0.54078 -0.15784 0.10500
v 0.54078 -0.15647 0.03294
v 0.53941 -0.15510 0.03431
v 0.54078 -0.15510 0.03363
v 0.53941 -0.15510 0.03569
v 0.53941 -0.15510 0.03706
v 0.53941 -0.15510 0.04667
v 0.54078 -0.15647 0.08373
v 0.54078 -0.15510 0.08304
v 0.54078 -0.15510 0.08578
v 0.53941 -0.15510 0.10294
v 0.54078 -0.15647 0.10294
v 0.54078 -0.15510 0.10225
v 0.54078 -0.15647 0.10431
v 0.54078 -0.15373 0.03431
v 0.53941 -0.15235 0.03569
v 0.54078 -0.15235 0.03500
v 0.53941 -0.15235 0.03706
v 0.53941 -0.15235 0.03843
v 0.54078 -0.15235 0.08304
v 0.53941 -0.15235 0.08510
v 0.54078 -0.15235 0.08578
v 0.54078 -0.15373 0.10020
v 0.54078 -0.15235 0.09951
v 0.54078 -0.15373 0.10157
v 0.53941 -0.14961 0.03569
v 0.54078 -0.14961 0.03500
v 0.53941 -0.14961 0.03706
v 0.53941 -0.14961 0.03843
v 0.53941 -0.14961 0.03980
v 0.53941 -0.14961 0.04804
v 0.54078 -0.15098 0.08235
v 0.54078 -0.14961 0.08167
v 0.54078 -0.15098 0.08510
v 0.54078 -0.14961 0.08441
v 0.54078 -0.15098 0.10020
v 0.53941 -0.14961 0.10157
v 0.54078 -0.14961 0.10088
v 0.54078 -0.14824 0.03569
v 0.54078 -0.14824 0.03706
v 0.54078 -0.14824 0.03843
v 0.53941 -0.14686 0.03980
v 0.54078 -0.14686 0.03912
v 0.53941 -0.14686 0.04118
v 0.53941 -0.14686 0.04255
v 0.54078 -0.14686 0.08167
v 0.54078 -0.14686 0.08441
v 0.54078 -0.14824 0.10157
v 0.54078 -0.14686 0.10225
v 0.54078 -0.14549 0.03980
v 0.53941 -0.14412 0.04118
v 0.54078 -0.14412 0.04049
v 0.53941 -0.14412 0.04255
v 0.53941 -0.14412 0.04392
v 0.53941 -0.14412 0.04804
v 0.54078 -0.14549 0.07961
v 0.54078 -0.14412 0.07892
v 0.54078 -0.14549 0.08098
v 0.54078 -0.14412 0.08441
v 0.54078 -0.14549 0.08647
v 0.54078 -0.14412 0.08578
v 0.53941 -0.14412 0.08784
v 0.54078 -0.14412 0.08716
v 0.54078 -0.14549 0.10294
v 0.54078 -0.14549 0.10431
v 0.54078 -0.14412 0.10500
v 0.54078 -0.14275 0.04118
v 0.54078 -0.14275 0.04255
v 0.54078 -0.14275 0.04392
v 0.54078 -0.14275 0.04529
v 0.54078 -0.14275 0.04667
v 0.54078 -0.14275 0.04804
v 0.53941 -0.14137 0.04941
v 0.54078 -0.14137 0.04873
v 0.53941 -0.14137 0.05078
v 0.53941 -0.14137 0.05216
v 0.53941 -0.14137 0.05353
v 0.53941 -0.14137 0.07412
v 0.54078 -0.14275 0.07686
v 0.54078 -0.14137 0.07618
v 0.54078 -0.14275 0.07824
v 0.54078 -0.14275 0.08510
v 0.53941 -0.14137 0.08784
v 0.54078 -0.14137 0.08716
v 0.53941 -0.14137 0.10569
v 0.54078 -0.14137 0.10500
v 0.54078 -0.14000 0.04941
v 0.54078 -0.14000 0.05078
v 0.54078 -0.14000 0.05216
v 0.54078 -0.14000 0.05353
v 0.53941 -0.13863 0.05490
v 0.54078 -0.13863 0.05422
v 0.53941 -0.13863 0.05627
v 0.53941 -0.13863 0.05765
v 0.53941 -0.13863 0.05902
v 0.54078 -0.14000 0.06863
v 0.54078 -0.13863 0.06794
v 0.54078 -0.14000 0.07000
v 0.54078 -0.14000 0.07137
v 0.54078 -0.14000 0.07275
v 0.54078 -0.14000 0.07412
v 0.54078 -0.14000 0.07549
v 0.54078 -0.13863 0.08716
v 0.54078 -0.14000 0.10294
v 0.54078 -0.13863 0.10225
v 0.54078 -0.14000 0.10431
v 0.54078 -0.13725 0.05490
v 0.54078 -0.13725 0.05627
v 0.54078 -0.13725 0.05765
v 0.54078 -0.13725 0.05902
v 0.54078 -0.13725 0.06039
v 0.54078 -0.13725 0.06176
v 0.54078 -0.13725 0.06314
v 0.54078 -0.13725 0.06451
v 0.53941 -0.13588 0.06588
v 0.54078 -0.13588 0.06520
v 0.54078 -0.13725 0.06725
v 0.54078 -0.13588 0.06657
v 0.54078 -0.13725 0.08784
v 0.54078 -0.13725 0.08922
v 0.54078 -0.13725 0.09059
v 0.54078 -0.13725 0.09196
v 0.54078 -0.13725 0.09333
v 0.54078 -0.13725 0.09471
v 0.54078 -0.13725 0.09608
v 0.54078 -0.13725 0.09745
v 0.54078 -0.13725 0.09882
v 0.54078 -0.13725 0.10020
v 0.54078 -0.13725 0.10157
v 0.54078 -0.13451 0.06588
v 0.54216 -0.17980 0.04804
v 0.54353 -0.18118 0.04804
v 0.54353 -0.17980 0.04735
v 0.54216 -0.17980 0.04941
v 0.54353 -0.18118 0.04941
v 0.54216 -0.17980 0.05078
v 0.54353 -0.18118 0.05078
v 0.54216 -0.17980 0.05216
v 0.54353 -0.18118 0.05216
v 0.54216 -0.17980 0.05353
v 0.54353 -0.18118 0.05353
v 0.54216 -0.17980 0.05490
v 0.54353 -0.18118 0.05490
v 0.54216 -0.17980 0.05627
v 0.54353 -0.18118 0.05627
v 0.54216 -0.17980 0.05765
v 0.54353 -0.18118 0.05765
v 0.54216 -0.17980 0.05902
v 0.54353 -0.18118 0.05902
v 0.54216 -0.17980 0.06039
v 0.54353 -0.18118 0.06039
v 0.54216 -0.17980 0.06176
v 0.54353 -0.18118 0.06176
v 0.54216 -0.17980 0.06314
v 0.54353 -0.18118 0.06314
v 0.54216 -0.17980 0.06451
v 0.54353 -0.18118 0.06451
v 0.54216 -0.17980 0.06588
v 0.54353 -0.18118 0.06588
v 0.54216 -0.17980 0.06725
v 0.54353 -0.18118 0.06725
v 0.54216 -0.17980 0.06863
v 0.54353 -0.18118 0.06863
v 0.54216 -0.17980 0.07000
v 0.54353 -0.18118 0.07000
v 0.54216 -0.17980 0.07137
v 0.54353 -0.18118 0.07137
v 0.54353 -0.17980 0.07206
v 0.54216 -0.17706 0.04118
v 0.54353 -0.17843 0.04118
v 0.54353 -0.17706 0.04049
v 0.54216 -0.17706 0.04255
v 0.54353 -0.17843 0.04255
v 0.54216 -0.17706 0.04392
v 0.54353 -0.17843 0.04392
v 0.54216 -0.17706 0.04529
v 0.54353 -0.17843 0.04529
v 0.54216 -0.17706 0.04667
v 0.54353 -0.17843 0.04667
v 0.54216 -0.17706 0.04804
v 0.54216 -0.17706 0.04941
v 0.54216 -0.17706 0.05078
v 0.54216 -0.17706 0.05216
v 0.54353 -0.17843 0.07275
v 0.54353 -0.17843 0.07412
v 0.54216 -0.17706 0.07549
v 0.54353 -0.17843 0.07549
v 0.54216 -0.17706 0.07686
v 0.54353 -0.17843 0.07686
v 0.54216 -0.17706 0.07824
v 0.54353 -0.17843 0.07824
v 0.54216 -0.17706 0.07961
v 0.54353 -0.17843 0.07961
v 0.54353 -0.17706 0.08029
v 0.54216 -0.17431 0.03706
v 0.54353 -0.17569 0.03706
v 0.54353 -0.17431 0.03637
v 0.54216 -0.17431 0.03843
v 0.54353 -0.17569 0.03843
v 0.54216 -0.17431 0.03980
v 0.54353 -0.17569 0.03980
v 0.54216 -0.17431 0.04118
v 0.54216 -0.17431 0.04255
v 0.54216 -0.17431 0.04392
v 0.54353 -0.17569 0.08098
v 0.54353 -0.17569 0.08235
v 0.54216 -0.17431 0.08373
v 0.54353 -0.17431 0.08304
v 0.54216 -0.17157 0.03431
v 0.54353 -0.17294 0.03431
v 0.54353 -0.17157 0.03363
v 0.54216 -0.17157 0.03569
v 0.54353 -0.17294 0.03569
v 0.54216 -0.17157 0.03706
v 0.54216 -0.17157 0.03843
v 0.54216 -0.17157 0.03980
v 0.54216 -0.17157 0.04118
v 0.54353 -0.17157 0.08304
v 0.54353 -0.17294 0.08784
v 0.54353 -0.17157 0.08716
v 0.54216 -0.17157 0.08922
v 0.54353 -0.17294 0.08922
v 0.54216 -0.17157 0.09059
v 0.54353 -0.17294 0.09059
v 0.54353 -0.17157 0.09127
v 0.54216 -0.16882 0.03020
v 0.54353 -0.17020 0.03020
v 0.54353 -0.16882 0.02951
v 0.54216 -0.16882 0.03157
v 0.54353 -0.17020 0.03157
v 0.54216 -0.16882 0.03294
v 0.54353 -0.17020 0.03294
v 0.54216 -0.16882 0.03431
v 0.54216 -0.16882 0.03569
v 0.54216 -0.16882 0.03706
v 0.54353 -0.17020 0.08373
v 0.54216 -0.16882 0.08510
v 0.54353 -0.16882 0.08441
v 0.54216 -0.16882 0.08647
v 0.54353 -0.17020 0.08647
v 0.54353 -0.16882 0.08578
v 0.54353 -0.17020 0.09196
v 0.54353 -0.17020 0.09333
v 0.54216 -0.16882 0.09471
v 0.54353 -0.17020 0.09471
v 0.54216 -0.16882 0.09608
v 0.54353 -0.17020 0.09608
v 0.54353 -0.16882 0.09676
v 0.54216 -0.16608 0.02745
v 0.54353 -0.16745 0.02745
v 0.54353 -0.16608 0.02676
v 0.54216 -0.16608 0.02882
v 0.54353 -0.16745 0.02882
v 0.54216 -0.16608 0.03020
v 0.54216 -0.16608 0.03157
v 0.54216 -0.16608 0.03294
v 0.54216 -0.16608 0.03431
v 0.54353 -0.16608 0.08441
v 0.54353 -0.16608 0.08578
v 0.54353 -0.16745 0.09745
v 0.54353 -0.16745 0.09882
v 0.54216 -0.16608 0.10020
v 0.54353 -0.16608 0.09951
v 0.54216 -0.16333 0.02745
v 0.54353 -0.16333 0.02676
v 0.54216 -0.16333 0.02882
v 0.54216 -0.16333 0.03020
v 0.54216 -0.16333 0.03157
v 0.54216 -0.16333 0.04118
v 0.54353 -0.16333 0.08441
v 0.54353 -0.16333 0.08578
v 0.54353 -0.16471 0.10020
v 0.54353 -0.16471 0.10157
v 0.54353 -0.16471 0.10294
v 0.54353 -0.16333 0.10363
v 0.54216 -0.16059 0.02745
v 0.54353 -0.16059 0.02676
v 0.54216 -0.16059 0.02882
v 0.54216 -0.16059 0.03020
v 0.54216 -0.16059 0.03157
v 0.54353 -0.16059 0.08441
v 0.54353 -0.16059 0.08578
v 0.54353 -0.16196 0.10431
v 0.54353 -0.16059 0.10500
v 0.54216 -0.15784 0.02745
v 0.54353 -0.15784 0.02676
v 0.54216 -0.15784 0.02882
v 0.54216 -0.15784 0.03020
v 0.54216 -0.15784 0.03157
v 0.54216 -0.15784 0.08373
v 0.54353 -0.15922 0.08373
v 0.54353 -0.15784 0.08304
v 0.54353 -0.15784 0.08578
v 0.54353 -0.15784 0.10500
v 0.54353 -0.15647 0.02745
v 0.54216 -0.15510 0.02882
v 0.54353 -0.15510 0.02814
v 0.54216 -0.15510 0.03020
v 0.54216 -0.15510 0.03157
v 0.54216 -0.15510 0.03294
v 0.54216 -0.15510 0.08235
v 0.54353 -0.15647 0.08235
v 0.54353 -0.15510 0.08167
v 0.54353 -0.15510 0.08578
v 0.54353 -0.15647 0.10294
v 0.54353 -0.15510 0.10225
v 0.54353 -0.15647 0.10431
v 0.54353 -0.15373 0.02882
v 0.54216 -0.15235 0.03020
v 0.54353 -0.15235 0.02951
v 0.54216 -0.15235 0.03157
v 0.54216 -0.15235 0.03294
v 0.54216 -0.15235 0.03431
v 0.54216 -0.15235 0.08235
v 0.54353 -0.15235 0.08167
v 0.54353 -0.15235 0.08578
v 0.54216 -0.15235 0.09882
v 0.54353 -0.15373 0.09882
v 0.54353 -0.15235 0.09814
v 0.54353 -0.15373 0.10020
v 0.54353 -0.15373 0.10157
v 0.54353 -0.15098 0.03020
v 0.54216 -0.14961 0.03157
v 0.54353 -0.14961 0.03088
v 0.54216 -0.14961 0.03294
v 0.54216 -0.14961 0.03431
v 0.54353 -0.14961 0.08167
v 0.54353 -0.15098 0.08510
v 0.54353 -0.14961 0.08441
v 0.54353 -0.15098 0.09882
v 0.54353 -0.15098 0.10020
v 0.54353 -0.14961 0.10088
v 0.54353 -0.14824 0.03157
v 0.54353 -0.14824 0.03294
v 0.54216 -0.14686 0.03431
v 0.54353 -0.14686 0.03363
v 0.54216 -0.14686 0.03569
v 0.54216 -0.14686 0.03706
v 0.54216 -0.14686 0.03843
v 0.54216 -0.14686 0.08098
v 0.54353 -0.14824 0.08098
v 0.54353 -0.14686 0.08029
v 0.54353 -0.14686 0.08441
v 0.54353 -0.14824 0.10157
v 0.54216 -0.14686 0.10294
v 0.54353 -0.14824 0.10294
v 0.54353 -0.14686 0.10363
v 0.54353 -0.14549 0.03431
v 0.54216 -0.14412 0.03569
v 0.54353 -0.14412 0.03500
v 0.54216 -0.14412 0.03706
v 0.54216 -0.14412 0.03843
v 0.54216 -0.14412 0.03980
v 0.54353 -0.14549 0.07961
v 0.54353 -0.14412 0.07892
v 0.54216 -0.14412 0.08373
v 0.54353 -0.14549 0.08373
v 0.54353 -0.14412 0.08304
v 0.54353 -0.14549 0.08647
v 0.54353 -0.14412 0.08578
v 0.54353 -0.14412 0.08716
v 0.54353 -0.14549 0.10431
v 0.54353 -0.14412 0.10500
v 0.54353 -0.14275 0.03569
v 0.54353 -0.14275 0.03706
v 0.54353 -0.14275 0.03843
v 0.54353 -0.14275 0.03980
v 0.54216 -0.14137 0.04118
v 0.54353 -0.14137 0.04049
v 0.54216 -0.14137 0.04255
v 0.54216 -0.14137 0.04392
v 0.54216 -0.14137 0.04529
v 0.54216 -0.14137 0.04667
v 0.54216 -0.14137 0.04804
v 0.54353 -0.14275 0.07686
v 0.54353 -0.14137 0.07618
v 0.54353 -0.14275 0.07824
v 0.54353 -0.14275 0.08373
v 0.54353 -0.14275 0.08510
v 0.54353 -0.14137 0.08716
v 0.54216 -0.14137 0.10431
v 0.54353 -0.14275 0.10431
v 0.54353 -0.14137 0.10363
v 0.54353 -0.14000 0.04118
v 0.54353 -0.14000 0.04255
v 0.54353 -0.14000 0.04392
v 0.54353 -0.14000 0.04529
v 0.54353 -0.14000 0.04667
v 0.54216 -0.13863 0.04804
v 0.54353 -0.13863 0.04735
v 0.54216 -0.13863 0.04941
v 0.54216 -0.13863 0.05078
v 0.54216 -0.13863 0.05216
v 0.54216 -0.13863 0.05353
v 0.54353 -0.14000 0.06863
v 0.54353 -0.13863 0.06794
v 0.54353 -0.14000 0.07000
v 0.54353 -0.14000 0.07137
v 0.54353 -0.14000 0.07275
v 0.54353 -0.14000 0.07412
v 0.54353 -0.14000 0.07549
v 0.54353 -0.13863 0.08716
v 0.54216 -0.13863 0.10020
v 0.54353 -0.14000 0.10020
v 0.54353 -0.13863 0.09951
v 0.54216 -0.13863 0.10157
v 0.54353 -0.14000 0.10157
v 0.54353 -0.14000 0.10294
v 0.54353 -0.13725 0.04804
v 0.54353 -0.13725 0.04941
v 0.54353 -0.13725 0.05078
v 0.54353 -0.13725 0.05216
v 0.54353 -0.13725 0.05353
v 0.54353 -0.13725 0.05490
v 0.54353 -0.13725 0.05627
v 0.54353 -0.13725 0.05765
v 0.54353 -0.13725 0.05902
v 0.54353 -0.13725 0.06039
v 0.54216 -0.13588 0.06176
v 0.54353 -0.13588 0.06108
v 0.54216 -0.13588 0.06314
v 0.54216 -0.13588 0.06451
v 0.54353 -0.13725 0.06725
v 0.54353 -0.13588 0.06657
v 0.54216 -0.13588 0.08784
v 0.54353 -0.13588 0.08716
v 0.54216 -0.13588 0.08922
v 0.54353 -0.13725 0.09059
v 0.54353 -0.13588 0.08990
v 0.54353 -0.13725 0.09196
v 0.54353 -0.13725 0.09333
v 0.54353 -0.13725 0.09471
v 0.54353 -0.13725 0.09608
v 0.54353 -0.13725 0.09745
v 0.54353 -0.13725 0.09882
v 0.54353 -0.13451 0.06176
v 0.54353 -0.13451 0.06314
v 0.54353 -0.13451 0.06451
v 0.54353 -0.13451 0.06588
v 0.54353 -0.13451 0.08784
v 0.54353 -0.13451 0.08922
v 0.54490 -0.18255 0.04392
v 0.54627 -0.18392 0.04392
v 0.54627 -0.18255 0.04324
v 0.54490 -0.18255 0.04529
v 0.54627 -0.18392 0.04529
v 0.54490 -0.18255 0.04667
v 0.54627 -0.18392 0.04667
v 0.54490 -0.18255 0.04804
v 0.54627 -0.18392 0.04804
v 0.54490 -0.18255 0.04941
v 0.54627 -0.18392 0.04941
v 0.54490 -0.18255 0.05078
v 0.54627 -0.18392 0.05078
v 0.54490 -0.18255 0.05216
v 0.54627 -0.18392 0.05216
v 0.54490 -0.18255 0.05353
v 0.54627 -0.18392 0.05353
v 0.54490 -0.18255 0.05490
v 0.54627 -0.18392 0.05490
v 0.54490 -0.18255 0.05627
v 0.54627 -0.18392 0.05627
v 0.54490 -0.18255 0.05765
v 0.54627 -0.18392 0.05765
v 0.54490 -0.18255 0.05902
v 0.54627 -0.18392 0.05902
v 0.54490 -0.18255 0.06039
v 0.54627 -0.18392 0.06039
v 0.54490 -0.18255 0.06176
v 0.54627 -0.18392 0.06176
v 0.54490 -0.18255 0.06314
v 0.54627 -0.18392 0.06314
v 0.54490 -0.18255 0.06451
v 0.54627 -0.18392 0.06451
v 0.54490 -0.18255 0.06588
v 0.54627 -0.18392 0.06588
v 0.54490 -0.18255 0.06725
v 0.54627 -0.18392 0.06725
v 0.54627 -0.18255 0.06794
v 0.54490 -0.17980 0.03569
v 0.54627 -0.18118 0.03569
v 0.54627 -0.17980 0.03500
v 0.54490 -0.17980 0.03706
v 0.54627 -0.18118 0.03706
v 0.54490 -0.17980 0.03843
v 0.54627 -0.18118 0.03843
v 0.54490 -0.17980 0.03980
v 0.54627 -0.18118 0.03980
v 0.54490 -0.17980 0.04118
v 0.54627 -0.18118 0.04118
v 0.54490 -0.17980 0.04255
v 0.54627 -0.18118 0.04255
v 0.54490 -0.17980 0.04392
v 0.54490 -0.17980 0.04529
v 0.54490 -0.17980 0.04667
v 0.54627 -0.18118 0.06863
v 0.54627 -0.18118 0.07000
v 0.54627 -0.18118 0.07137
v 0.54490 -0.17980 0.07275
v 0.54627 -0.18118 0.07275
v 0.54490 -0.17980 0.07412
v 0.54627 -0.18118 0.07412
v 0.54490 -0.17980 0.07549
v 0.54627 -0.18118 0.07549
v 0.54490 -0.17980 0.07686
v 0.54627 -0.18118 0.07686
v 0.54627 -0.17980 0.07755
v 0.54490 -0.17706 0.03157
v 0.54627 -0.17843 0.03157
v 0.54627 -0.17706 0.03088
v 0.54490 -0.17706 0.03294
v 0.54627 -0.17843 0.03294
v 0.54490 -0.17706 0.03431
v 0.54627 -0.17843 0.03431
v 0.54490 -0.17706 0.03569
v 0.54490 -0.17706 0.03706
v 0.54490 -0.17706 0.03843
v 0.54490 -0.17706 0.03980
v 0.54627 -0.17843 0.07824
v 0.54627 -0.17843 0.07961
v 0.54490 -0.17706 0.08098
v 0.54627 -0.17843 0.08098
v 0.54627 -0.17706 0.08167
v 0.54490 -0.17431 0.02882
v 0.54627 -0.17569 0.02882
v 0.54627 -0.17431 0.02814
v 0.54490 -0.17431 0.03020
v 0.54627 -0.17569 0.03020
v 0.54490 -0.17431 0.03157
v 0.54490 -0.17431 0.03294
v 0.54490 -0.17431 0.03431
v 0.54490 -0.17431 0.03569
v 0.54627 -0.17569 0.08235
v 0.54627 -0.17431 0.08304
v 0.54490 -0.17431 0.08784
v 0.54627 -0.17569 0.08784
v 0.54627 -0.17431 0.08716
v 0.54627 -0.17431 0.08853
v 0.54490 -0.17157 0.02471
v 0.54627 -0.17294 0.02471
v 0.54627 -0.17157 0.02402
v 0.54490 -0.17157 0.02608
v 0.54627 -0.17294 0.02608
v 0.54490 -0.17157 0.02745
v 0.54627 -0.17294 0.02745
v 0.54490 -0.17157 0.02882
v 0.54490 -0.17157 0.03020
v 0.54490 -0.17157 0.03157
v 0.54490 -0.17157 0.03294
v 0.54490 -0.17157 0.08373
v 0.54627 -0.17294 0.08373
v 0.54627 -0.17157 0.08441
v 0.54627 -0.17157 0.08716
v 0.54627 -0.17294 0.08922
v 0.54627 -0.17294 0.09059
v 0.54490 -0.17157 0.09196
v 0.54627 -0.17294 0.09196
v 0.54627 -0.17157 0.09265
v 0.54627 -0.17020 0.02471
v 0.54490 -0.16882 0.02608
v 0.54627 -0.16882 0.02539
v 0.54490 -0.16882 0.02745
v 0.54490 -0.16882 0.02882
v 0.54627 -0.16882 0.08441
v 0.54627 -0.17020 0.08647
v 0.54627 -0.16882 0.08578
v 0.54627 -0.17020 0.09333
v 0.54627 -0.17020 0.09471
v 0.54490 -0.16882 0.09608
v 0.54627 -0.16882 0.09539
v 0.54490 -0.16608 0.02333
v 0.54627 -0.16745 0.02333
v 0.54627 -0.16608 0.02265
v 0.54490 -0.16608 0.02471
v 0.54627 -0.16745 0.02471
v 0.54490 -0.16608 0.02608
v 0.54627 -0.16608 0.08441
v 0.54627 -0.16608 0.08578
v 0.54627 -0.16745 0.09608
v 0.54627 -0.16745 0.09745
v 0.54627 -0.16745 0.09882
v 0.54627 -0.16608 0.09951
v 0.54490 -0.16333 0.02333
v 0.54627 -0.16333 0.02265
v 0.54490 -0.16333 0.02471
v 0.54490 -0.16333 0.02608
v 0.54490 -0.16333 0.08373
v 0.54627 -0.16471 0.08373
v 0.54627 -0.16333 0.08304
v 0.54627 -0.16333 0.08578
v 0.54627 -0.16471 0.10020
v 0.54627 -0.16471 0.10157
v 0.54490 -0.16333 0.10294
v 0.54627 -0.16333 0.10225
v 0.54490 -0.16059 0.02333
v 0.54627 -0.16059 0.02265
v 0.54490 -0.16059 0.02471
v 0.54490 -0.16059 0.02608
v 0.54490 -0.16059 0.08373
v 0.54627 -0.16059 0.08304
v 0.54627 -0.16059 0.08578
v 0.54627 -0.16196 0.10294
v 0.54490 -0.16059 0.10431
v 0.54627 -0.16059 0.10363
v 0.54490 -0.15784 0.02196
v 0.54627 -0.15922 0.02196
v 0.54627 -0.15784 0.02127
v 0.54490 -0.15784 0.02333
v 0.54490 -0.15784 0.02471
v 0.54490 -0.15784 0.02608
v 0.54627 -0.15784 0.08304
v 0.54490 -0.15784 0.08510
v 0.54627 -0.15922 0.08510
v 0.54627 -0.15784 0.08441
v 0.54490 -0.15784 0.10294
v 0.54627 -0.15922 0.10294
v 0.54627 -0.15784 0.10225
v 0.54490 -0.15784 0.10431
v 0.54627 -0.15647 0.02196
v 0.54490 -0.15510 0.02333
v 0.54627 -0.15510 0.02265
v 0.54490 -0.15510 0.02471
v 0.54490 -0.15510 0.02608
v 0.54490 -0.15510 0.02745
v 0.54627 -0.15647 0.08235
v 0.54627 -0.15510 0.08167
v 0.54490 -0.15510 0.08510
v 0.54627 -0.15510 0.08441
v 0.54490 -0.15510 0.10157
v 0.54627 -0.15647 0.10157
v 0.54627 -0.15510 0.10088
v 0.54627 -0.15373 0.02333
v 0.54627 -0.15373 0.02471
v 0.54490 -0.15235 0.02608
v 0.54627 -0.15235 0.02539
v 0.54490 -0.15235 0.02745
v 0.54490 -0.15235 0.02882
v 0.54627 -0.15235 0.08167
v 0.54490 -0.15235 0.08510
v 0.54627 -0.15235 0.08441
v 0.54490 -0.15235 0.09882
v 0.54627 -0.15373 0.10020
v 0.54627 -0.15235 0.09951
v 0.54627 -0.15098 0.02608
v 0.54490 -0.14961 0.02745
v 0.54627 -0.14961 0.02676
v 0.54490 -0.14961 0.02882
v 0.54490 -0.14961 0.03020
v 0.54627 -0.14961 0.08167
v 0.54490 -0.14961 0.08373
v 0.54627 -0.15098 0.08373
v 0.54627 -0.14961 0.08304
v 0.54627 -0.15098 0.10020
v 0.54627 -0.14961 0.10088
v 0.54627 -0.14824 0.02745
v 0.54490 -0.14686 0.02882
v 0.54627 -0.14686 0.02814
v 0.54490 -0.14686 0.03020
v 0.54490 -0.14686 0.03157
v 0.54490 -0.14686 0.03294
v 0.54627 -0.14824 0.08098
v 0.54627 -0.14686 0.08029
v 0.54490 -0.14686 0.08373
v 0.54627 -0.14686 0.08304
v 0.54627 -0.14824 0.10157
v 0.54490 -0.14686 0.10294
v 0.54627 -0.14686 0.10225
v 0.54627 -0.14549 0.02882
v 0.54627 -0.14549 0.03020
v 0.54490 -0.14412 0.03157
v 0.54627 -0.14412 0.03088
v 0.54490 -0.14412 0.03294
v 0.54490 -0.14412 0.03431
v 0.54490 -0.14412 0.07824
v 0.54627 -0.14549 0.07824
v 0.54627 -0.14412 0.07755
v 0.54627 -0.14549 0.07961
v 0.54627 -0.14412 0.08304
v 0.54490 -0.14412 0.08647
v 0.54627 -0.14549 0.10294
v 0.54490 -0.14412 0.10431
v 0.54627 -0.14412 0.10363
v 0.54627 -0.14275 0.03157
v 0.54627 -0.14275 0.03294
v 0.54627 -0.14275 0.03431
v 0.54627 -0.14275 0.03569
v 0.54490 -0.14137 0.03706
v 0.54627 -0.14137 0.03637
v 0.54490 -0.14137 0.03843
v 0.54490 -0.14137 0.03980
v 0.54627 -0.14275 0.07686
v 0.54627 -0.14137 0.07618
v 0.54627 -0.14275 0.08373
v 0.54627 -0.14275 0.08510
v 0.54627 -0.14275 0.08647
v 0.54627 -0.14137 0.08716
v 0.54490 -0.14137 0.10294
v 0.54627 -0.14275 0.10294
v 0.54627 -0.14137 0.10225
v 0.54627 -0.14000 0.03706
v 0.54627 -0.14000 0.03843
v 0.54627 -0.14000 0.03980
v 0.54490 -0.13863 0.04118
v 0.54627 -0.13863 0.04049
v 0.54627 -0.14000 0.04255
v 0.54627 -0.13863 0.04186
v 0.54490 -0.13863 0.04392
v 0.54627 -0.13863 0.04324
v 0.54490 -0.13863 0.04529
v 0.54490 -0.13863 0.04667
v 0.54490 -0.13863 0.06863
v 0.54627 -0.14000 0.07000
v 0.54627 -0.13863 0.06931
v 0.54627 -0.14000 0.07137
v 0.54627 -0.14000 0.07275
v 0.54627 -0.14000 0.07412
v 0.54627 -0.14000 0.07549
v 0.54490 -0.13863 0.08647
v 0.54627 -0.14000 0.08647
v 0.54627 -0.13863 0.08578
v 0.54490 -0.13863 0.09882
v 0.54627 -0.14000 0.09882
v 0.54627 -0.13863 0.09814
v 0.54627 -0.14000 0.10020
v 0.54627 -0.14000 0.10157
v 0.54627 -0.13725 0.04118
v 0.54627 -0.13725 0.04392
v 0.54627 -0.13725 0.04529
v 0.54627 -0.13725 0.04667
v 0.54627 -0.13725 0.04804
v 0.54627 -0.13725 0.04941
v 0.54490 -0.13588 0.05078
v 0.54627 -0.13588 0.05010
v 0.54627 -0.13725 0.05216
v 0.54627 -0.13588 0.05147
v 0.54490 -0.13588 0.05353
v 0.54627 -0.13588 0.05284
v 0.54490 -0.13588 0.05490
v 0.54490 -0.13588 0.05627
v 0.54490 -0.13588 0.05765
v 0.54490 -0.13588 0.05902
v 0.54490 -0.13588 0.06039
v 0.54627 -0.13725 0.06725
v 0.54627 -0.13588 0.06657
v 0.54627 -0.13725 0.06863
v 0.54490 -0.13588 0.08647
v 0.54627 -0.13588 0.08578
v 0.54490 -0.13588 0.08784
v 0.54627 -0.13725 0.08784
v 0.54627 -0.13588 0.08716
v 0.54490 -0.13588 0.08922
v 0.54627 -0.13725 0.08922
v 0.54627 -0.13725 0.09059
v 0.54627 -0.13725 0.09196
v 0.54627 -0.13725 0.09333
v 0.54627 -0.13725 0.09471
v 0.54627 -0.13725 0.09608
v 0.54627 -0.13725 0.09745
v 0.54627 -0.13451 0.05078
v 0.54627 -0.13451 0.05353
v 0.54627 -0.13451 0.05490
v 0.54627 -0.13451 0.05627
v 0.54627 -0.13451 0.05765
v 0.54627 -0.13451 0.05902
v 0.54627 -0.13451 0.06039
v 0.54627 -0.13451 0.06176
v 0.54627 -0.13451 0.06314
v 0.54627 -0.13451 0.06451
v 0.54627 -0.13451 0.06588
v 0.54627 -0.13451 0.08647
v 0.54765 -0.18529 0.03843
v 0.54902 -0.18667 0.03843
v 0.54902 -0.18529 0.03775
v 0.54765 -0.18529 0.03980
v 0.54902 -0.18667 0.03980
v 0.54765 -0.18529 0.04118
v 0.54902 -0.18667 0.04118
v 0.54765 -0.18529 0.04255
v 0.54902 -0.18667 0.04255
v 0.54765 -0.18529 0.04392
v 0.54902 -0.18667 0.04392
v 0.54765 -0.18529 0.04529
v 0.54902 -0.18667 0.04529
v 0.54765 -0.18529 0.04667
v 0.54902 -0.18667 0.04667
v 0.54765 -0.18529 0.04804
v 0.54902 -0.18667 0.04804
v 0.54765 -0.18529 0.04941
v 0.54902 -0.18667 0.04941
v 0.54765 -0.18529 0.05078
v 0.54902 -0.18667 0.05078
v 0.54765 -0.18529 0.05216
v 0.54902 -0.18667 0.05216
v 0.54765 -0.18529 0.05353
v 0.54902 -0.18667 0.05353
v 0.54765 -0.18529 0.05490
v 0.54902 -0.18667 0.05490
v 0.54765 -0.18529 0.05627
v 0.54902 -0.18667 0.05627
v 0.54765 -0.18529 0.05765
v 0.54902 -0.18667 0.05765
v 0.54765 -0.18529 0.05902
v 0.54902 -0.18667 0.05902
v 0.54765 -0.18529 0.06039
v 0.54902 -0.18667 0.06039
v 0.54765 -0.18529 0.06176
v 0.54902 -0.18667 0.06176
v 0.54765 -0.18529 0.06314
v 0.54902 -0.18667 0.06314
v 0.54765 -0.18529 0.06451
v 0.54902 -0.18667 0.06451
v 0.54902 -0.18529 0.06520
v 0.54765 -0.18255 0.03020
v 0.54902 -0.18392 0.03020
v 0.54902 -0.18255 0.02951
v 0.54765 -0.18255 0.03157
v 0.54902 -0.18392 0.03157
v 0.54765 -0.18255 0.03294
v 0.54902 -0.18392 0.03294
v 0.54765 -0.18255 0.03431
v 0.54902 -0.18392 0.03431
v 0.54765 -0.18255 0.03569
v 0.54902 -0.18392 0.03569
v 0.54765 -0.18255 0.03706
v 0.54902 -0.18392 0.03706
v 0.54765 -0.18255 0.03843
v 0.54765 -0.18255 0.03980
v 0.54765 -0.18255 0.04118
v 0.54765 -0.18255 0.04255
v 0.54902 -0.18392 0.06588
v 0.54902 -0.18392 0.06725
v 0.54765 -0.18255 0.06863
v 0.54902 -0.18392 0.06863
v 0.54765 -0.18255 0.07000
v 0.54902 -0.18392 0.07000
v 0.54765 -0.18255 0.07137
v 0.54902 -0.18392 0.07137
v 0.54765 -0.18255 0.07275
v 0.54902 -0.18392 0.07275
v 0.54765 -0.18255 0.07412
v 0.54902 -0.18392 0.07412
v 0.54902 -0.18255 0.07480
v 0.54765 -0.17980 0.02608
v 0.54902 -0.18118 0.02608
v 0.54902 -0.17980 0.02539
v 0.54765 -0.17980 0.02745
v 0.54902 -0.18118 0.02745
v 0.54765 -0.17980 0.02882
v 0.54902 -0.18118 0.02882
v 0.54765 -0.17980 0.03020
v 0.54765 -0.17980 0.03157
v 0.54765 -0.17980 0.03294
v 0.54765 -0.17980 0.03431
v 0.54902 -0.18118 0.07549
v 0.54902 -0.18118 0.07686
v 0.54765 -0.17980 0.07824
v 0.54902 -0.18118 0.07824
v 0.54902 -0.17980 0.07892
v 0.54765 -0.17706 0.02333
v 0.54902 -0.17843 0.02333
v 0.54902 -0.17706 0.02265
v 0.54765 -0.17706 0.02471
v 0.54902 -0.17843 0.02471
v 0.54765 -0.17706 0.02608
v 0.54765 -0.17706 0.02745
v 0.54765 -0.17706 0.02882
v 0.54765 -0.17706 0.03020
v 0.54902 -0.17843 0.07961
v 0.54902 -0.17843 0.08098
v 0.54902 -0.17706 0.08167
v 0.54765 -0.17431 0.01922
v 0.54902 -0.17569 0.01922
v 0.54902 -0.17431 0.01853
v 0.54902 -0.17431 0.01990
v 0.54765 -0.17431 0.02196
v 0.54902 -0.17569 0.02196
v 0.54902 -0.17431 0.02127
v 0.54765 -0.17431 0.02333
v 0.54765 -0.17431 0.02471
v 0.54765 -0.17431 0.02608
v 0.54765 -0.17431 0.02745
v 0.54765 -0.17431 0.08235
v 0.54902 -0.17431 0.08167
v 0.54765 -0.17431 0.08647
v 0.54902 -0.17569 0.08647
v 0.54902 -0.17431 0.08578
v 0.54902 -0.17569 0.08784
v 0.54765 -0.17431 0.08922
v 0.54902 -0.17569 0.08922
v 0.54902 -0.17431 0.08990
v 0.54765 -0.17157 0.01922
v 0.54902 -0.17157 0.01853
v 0.54765 -0.17157 0.02059
v 0.54902 -0.17294 0.02059
v 0.54765 -0.17157 0.02196
v 0.54765 -0.17157 0.02333
v 0.54902 -0.17294 0.08235
v 0.54902 -0.17294 0.08373
v 0.54902 -0.17157 0.08441
v 0.54765 -0.17157 0.08647
v 0.54902 -0.17157 0.08578
v 0.54902 -0.17294 0.09059
v 0.54902 -0.17294 0.09196
v 0.54902 -0.17157 0.09265
v 0.54765 -0.16882 0.01784
v 0.54902 -0.17020 0.01784
v 0.54902 -0.16882 0.01716
v 0.54765 -0.16882 0.01922
v 0.54765 -0.16882 0.02059
v 0.54765 -0.16882 0.02196
v 0.54765 -0.16882 0.02333
v 0.54765 -0.16882 0.02471
v 0.54902 -0.16882 0.08441
v 0.54902 -0.16882 0.08578
v 0.54902 -0.17020 0.09333
v 0.54902 -0.17020 0.09471
v 0.54765 -0.16882 0.09608
v 0.54902 -0.17020 0.09608
v 0.54902 -0.16882 0.09676
v 0.54765 -0.16608 0.01784
v 0.54902 -0.16608 0.01716
v 0.54765 -0.16608 0.01922
v 0.54765 -0.16608 0.02059
v 0.54765 -0.16608 0.02196
v 0.54765 -0.16608 0.08373
v 0.54902 -0.16745 0.08373
v 0.54902 -0.16608 0.08304
v 0.54765 -0.16608 0.08510
v 0.54902 -0.16745 0.08510
v 0.54902 -0.16608 0.08441
v 0.54902 -0.16745 0.09745
v 0.54902 -0.16745 0.09882
v 0.54902 -0.16608 0.09951
v 0.54765 -0.16333 0.01784
v 0.54902 -0.16333 0.01716
v 0.54765 -0.16333 0.01922
v 0.54765 -0.16333 0.02059
v 0.54765 -0.16333 0.02196
v 0.54902 -0.16333 0.08304
v 0.54765 -0.16333 0.08510
v 0.54902 -0.16333 0.08441
v 0.54902 -0.16471 0.10020
v 0.54765 -0.16333 0.10157
v 0.54902 -0.16333 0.10088
v 0.54765 -0.16059 0.01647
v 0.54902 -0.16196 0.01647
v 0.54902 -0.16059 0.01578
v 0.54765 -0.16059 0.01784
v 0.54765 -0.16059 0.01922
v 0.54765 -0.16059 0.02059
v 0.54765 -0.16059 0.02196
v 0.54902 -0.16059 0.08304
v 0.54765 -0.16059 0.08510
v 0.54902 -0.16059 0.08441
v 0.54902 -0.16196 0.10157
v 0.54765 -0.16059 0.10294
v 0.54902 -0.16059 0.10225
v 0.54902 -0.15922 0.01647
v 0.54765 -0.15784 0.01784
v 0.54902 -0.15784 0.01716
v 0.54765 -0.15784 0.01922
v 0.54765 -0.15784 0.02059
v 0.54902 -0.15784 0.08304
v 0.54902 -0.15784 0.08441
v 0.54765 -0.15784 0.10157
v 0.54902 -0.15922 0.10157
v 0.54902 -0.15784 0.10088
v 0.54902 -0.15647 0.01784
v 0.54765 -0.15510 0.01922
v 0.54902 -0.15510 0.01853
v 0.54765 -0.15510 0.02059
v 0.54765 -0.15510 0.02196
v 0.54902 -0.15647 0.08235
v 0.54902 -0.15510 0.08167
v 0.54902 -0.15510 0.08441
v 0.54765 -0.15510 0.10020
v 0.54902 -0.15647 0.10020
v 0.54902 -0.15510 0.09951
v 0.54902 -0.15373 0.01922
v 0.54765 -0.15235 0.02059
v 0.54902 -0.15235 0.01990
v 0.54765 -0.15235 0.02196
v 0.54765 -0.15235 0.02333
v 0.54765 -0.15235 0.02471
v 0.54765 -0.15235 0.08098
v 0.54902 -0.15373 0.08098
v 0.54902 -0.15235 0.08029
v 0.54902 -0.15235 0.08441
v 0.54902 -0.15235 0.09951
v 0.54902 -0.15098 0.02059
v 0.54765 -0.14961 0.02196
v 0.54902 -0.14961 0.02127
v 0.54765 -0.14961 0.02333
v 0.54765 -0.14961 0.02471
v 0.54765 -0.14961 0.02608
v 0.54765 -0.14961 0.08098
v 0.54902 -0.14961 0.08029
v 0.54902 -0.15098 0.08373
v 0.54902 -0.14961 0.08304
v 0.54765 -0.14961 0.10020
v 0.54902 -0.14961 0.09951
v 0.54902 -0.14824 0.02196
v 0.54765 -0.14686 0.02333
v 0.54902 -0.14686 0.02265
v 0.54765 -0.14686 0.02471
v 0.54765 -0.14686 0.02608
v 0.54765 -0.14686 0.02745
v 0.54765 -0.14686 0.07961
v 0.54902 -0.14824 0.07961
v 0.54902 -0.14686 0.07892
v 0.54902 -0.14686 0.08304
v 0.54902 -0.14824 0.10020
v 0.54902 -0.14824 0.10157
v 0.54902 -0.14686 0.10225
v 0.54902 -0.14549 0.02333
v 0.54902 -0.14549 0.02471
v 0.54765 -0.14412 0.02608
v 0.54902 -0.14412 0.02539
v 0.54765 -0.14412 0.02745
v 0.54765 -0.14412 0.02882
v 0.54765 -0.14412 0.03020
v 0.54765 -0.14412 0.07824
v 0.54902 -0.14412 0.07892
v 0.54902 -0.14412 0.08304
v 0.54765 -0.14412 0.10294
v 0.54902 -0.14412 0.10225
v 0.54902 -0.14275 0.02608
v 0.54902 -0.14275 0.02745
v 0.54902 -0.14275 0.02882
v 0.54902 -0.14275 0.03020
v 0.54765 -0.14137 0.03157
v 0.54902 -0.14137 0.03088
v 0.54765 -0.14137 0.03294
v 0.54765 -0.14137 0.03431
v 0.54765 -0.14137 0.03569
v 0.54902 -0.14275 0.07686
v 0.54902 -0.14137 0.07618
v 0.54902 -0.14275 0.07824
v 0.54902 -0.14275 0.08373
v 0.54902 -0.14275 0.08510
v 0.54765 -0.14137 0.08647
v 0.54902 -0.14137 0.08578
v 0.54765 -0.14137 0.10157
v 0.54902 -0.14275 0.10157
v 0.54902 -0.14137 0.10088
v 0.54902 -0.14000 0.03157
v 0.54902 -0.14000 0.03294
v 0.54902 -0.14000 0.03431
v 0.54902 -0.14000 0.03569
v 0.54765 -0.13863 0.03706
v 0.54902 -0.13863 0.03637
v 0.54765 -0.13863 0.03843
v 0.54765 -0.13863 0.03980
v 0.54765 -0.13863 0.04255
v 0.54765 -0.13863 0.07000
v 0.54765 -0.13863 0.07137
v 0.54765 -0.13863 0.07275
v 0.54902 -0.14000 0.07412
v 0.54902 -0.13863 0.07343
v 0.54902 -0.14000 0.07549
v 0.54902 -0.13863 0.08578
v 0.54765 -0.13863 0.09745
v 0.54902 -0.14000 0.09745
v 0.54902 -0.13863 0.09676
v 0.54902 -0.14000 0.09882
v 0.54902 -0.14000 0.10020
v 0.54902 -0.13725 0.03706
v 0.54902 -0.13725 0.03843
v 0.54902 -0.13725 0.03980
v 0.54902 -0.13725 0.04118
v 0.54902 -0.13725 0.04255
v 0.54765 -0.13588 0.04392
v 0.54902 -0.13588 0.04324
v 0.54902 -0.13725 0.04529
v 0.54902 -0.13588 0.04461
v 0.54765 -0.13588 0.04667
v 0.54902 -0.13588 0.04598
v 0.54765 -0.13588 0.04804
v 0.54765 -0.13588 0.04941
v 0.54765 -0.13588 0.05216
v 0.54902 -0.13725 0.06725
v 0.54902 -0.13588 0.06657
v 0.54902 -0.13725 0.06863
v 0.54902 -0.13725 0.07000
v 0.54902 -0.13725 0.07137
v 0.54902 -0.13725 0.07275
v 0.54902 -0.13588 0.08578
v 0.54765 -0.13588 0.08784
v 0.54902 -0.13725 0.08922
v 0.54902 -0.13588 0.08853
v 0.54902 -0.13725 0.09059
v 0.54902 -0.13725 0.09196
v 0.54902 -0.13725 0.09333
v 0.54902 -0.13725 0.09471
v 0.54902 -0.13725 0.09608
v 0.54902 -0.13451 0.04392
v 0.54902 -0.13451 0.04667
v 0.54902 -0.13451 0.04804
v 0.54902 -0.13451 0.04941
v 0.54902 -0.13451 0.05078
v 0.54902 -0.13451 0.05216
v 0.54902 -0.13451 0.05353
v 0.54902 -0.13451 0.05490
v 0.54902 -0.13451 0.05627
v 0.54902 -0.13451 0.05765
v 0.54902 -0.13451 0.05902
v 0.54902 -0.13451 0.06039
v 0.54902 -0.13451 0.06176
v 0.54902 -0.13451 0.06314
v 0.54902 -0.13451 0.06451
v 0.54902 -0.13451 0.06588
v 0.54902 -0.13451 0.08647
v 0.54902 -0.13451 0.08784
v 0.55039 -0.18804 0.03431
v 0.55176 -0.18941 0.03431
v 0.55176 -0.18804 0.03363
v 0.55039 -0.18804 0.03569
v 0.55176 -0.18941 0.03569
v 0.55039 -0.18804 0.03706
v 0.55176 -0.18941 0.03706
v 0.55039 -0.18804 0.03843
v 0.55176 -0.18941 0.03843
v 0.55039 -0.18804 0.03980
v 0.55176 -0.18941 0.03980
v 0.55039 -0.18804 0.04118
v 0.55176 -0.18941 0.04118
v 0.55039 -0.18804 0.04255
v 0.55176 -0.18941 0.04255
v 0.55039 -0.18804 0.04392
v 0.55176 -0.18941 0.04392
v 0.55039 -0.18804 0.04529
v 0.55176 -0.18941 0.04529
v 0.55039 -0.18804 0.04667
v 0.55176 -0.18941 0.04667
v 0.55039 -0.18804 0.04804
v 0.55176 -0.18941 0.04804
v 0.55039 -0.18804 0.04941
v 0.55176 -0.18941 0.04941
v 0.55039 -0.18804 0.05078
v 0.55176 -0.18941 0.05078
v 0.55039 -0.18804 0.05216
v 0.55176 -0.18941 0.05216
v 0.55039 -0.18804 0.05353
v 0.55176 -0.18941 0.05353
v 0.55039 -0.18804 0.05490
v 0.55176 -0.18941 0.05490
v 0.55039 -0.18804 0.05627
v 0.55176 -0.18941 0.05627
v 0.55039 -0.18804 0.05765
v 0.55176 -0.18941 0.05765
v 0.55039 -0.18804 0.05902
v 0.55176 -0.18941 0.05902
v 0.55039 -0.18804 0.06039
v 0.55176 -0.18941 0.06039
v 0.55039 -0.18804 0.06176
v 0.55176 -0.18941 0.06176
v 0.55176 -0.18804 0.06245
v 0.55039 -0.18529 0.02745
v 0.55176 -0.18667 0.02745
v 0.55176 -0.18529 0.02676
v 0.55039 -0.18529 0.02882
v 0.55176 -0.18667 0.02882
v 0.55039 -0.18529 0.03020
v 0.55176 -0.18667 0.03020
v 0.55039 -0.18529 0.03157
v 0.55176 -0.18667 0.03157
v 0.55039 -0.18529 0.03294
v 0.55176 -0.18667 0.03294
v 0.55039 -0.18529 0.03431
v 0.55039 -0.18529 0.03569
v 0.55039 -0.18529 0.03706
v 0.55176 -0.18667 0.06314
v 0.55176 -0.18667 0.06451
v 0.55039 -0.18529 0.06588
v 0.55176 -0.18667 0.06588
v 0.55039 -0.18529 0.06725
v 0.55176 -0.18667 0.06725
v 0.55039 -0.18529 0.06863
v 0.55176 -0.18667 0.06863
v 0.55039 -0.18529 0.07000
v 0.55176 -0.18667 0.07000
v 0.55176 -0.18529 0.07069
v 0.55039 -0.18255 0.02196
v 0.55176 -0.18392 0.02196
v 0.55176 -0.18255 0.02127
v 0.55039 -0.18255 0.02333
v 0.55176 -0.18392 0.02333
v 0.55039 -0.18255 0.02471
v 0.55176 -0.18392 0.02471
v 0.55039 -0.18255 0.02608
v 0.55176 -0.18392 0.02608
v 0.55039 -0.18255 0.02745
v 0.55039 -0.18255 0.02882
v 0.55176 -0.18392 0.07137
v 0.55176 -0.18392 0.07275
v 0.55176 -0.18392 0.07412
v 0.55039 -0.18255 0.07549
v 0.55176 -0.18392 0.07549
v 0.55176 -0.18255 0.07618
v 0.55039 -0.17980 0.02059
v 0.55176 -0.18118 0.02059
v 0.55176 -0.17980 0.01990
v 0.55039 -0.17980 0.02196
v 0.55039 -0.17980 0.02333
v 0.55039 -0.17980 0.02471
v 0.55176 -0.18118 0.07686
v 0.55176 -0.18118 0.07824
v 0.55039 -0.17980 0.07961
v 0.55176 -0.18118 0.07961
v 0.55039 -0.17980 0.08098
v 0.55176 -0.18118 0.08098
v 0.55176 -0.17980 0.08167
v 0.55039 -0.17706 0.01647
v 0.55176 -0.17843 0.01647
v 0.55176 -0.17706 0.01578
v 0.55039 -0.17706 0.01784
v 0.55176 -0.17843 0.01784
v 0.55039 -0.17706 0.01922
v 0.55176 -0.17843 0.01922
v 0.55039 -0.17706 0.02059
v 0.55039 -0.17706 0.02196
v 0.55039 -0.17706 0.08098
v 0.55176 -0.17843 0.08098
v 0.55176 -0.17706 0.08029
v 0.55039 -0.17706 0.08647
v 0.55176 -0.17843 0.08647
v 0.55176 -0.17706 0.08578
v 0.55176 -0.17706 0.08716
v 0.55039 -0.17431 0.01510
v 0.55176 -0.17569 0.01510
v 0.55176 -0.17431 0.01441
v 0.55039 -0.17431 0.01647
v 0.55039 -0.17431 0.01784
v 0.55039 -0.17431 0.02059
v 0.55176 -0.17569 0.08098
v 0.55176 -0.17431 0.08167
v 0.55176 -0.17431 0.08578
v 0.55176 -0.17569 0.08784
v 0.55176 -0.17569 0.08922
v 0.55176 -0.17431 0.08990
v 0.55039 -0.17157 0.01235
v 0.55176 -0.17294 0.01235
v 0.55176 -0.17157 0.01167
v 0.55039 -0.17157 0.01373
v 0.55176 -0.17294 0.01373
v 0.55039 -0.17157 0.01510
v 0.55039 -0.17157 0.01647
v 0.55039 -0.17157 0.01784
v 0.55176 -0.17294 0.08235
v 0.55039 -0.17157 0.08373
v 0.55176 -0.17157 0.08304
v 0.55176 -0.17157 0.08578
v 0.55176 -0.17294 0.09059
v 0.55176 -0.17294 0.09196
v 0.55039 -0.17157 0.09333
v 0.55176 -0.17294 0.09333
v 0.55176 -0.17157 0.09402
v 0.55039 -0.16882 0.01235
v 0.55176 -0.16882 0.01167
v 0.55039 -0.16882 0.01373
v 0.55039 -0.16882 0.01510
v 0.55039 -0.16882 0.01647
v 0.55039 -0.16882 0.08373
v 0.55176 -0.16882 0.08304
v 0.55039 -0.16882 0.08510
v 0.55176 -0.17020 0.08510
v 0.55176 -0.16882 0.08441
v 0.55176 -0.17020 0.09471
v 0.55176 -0.17020 0.09608
v 0.55176 -0.16882 0.09676
v 0.55039 -0.16608 0.01098
v 0.55176 -0.16745 0.01098
v 0.55176 -0.16608 0.01029
v 0.55039 -0.16608 0.01235
v 0.55039 -0.16608 0.01373
v 0.55039 -0.16608 0.01510
v 0.55039 -0.16608 0.01647
v 0.55176 -0.16608 0.08304
v 0.55176 -0.16608 0.08441
v 0.55176 -0.16745 0.09745
v 0.55176 -0.16745 0.09882
v 0.55176 -0.16608 0.09951
v 0.55176 -0.16471 0.01098
v 0.55039 -0.16333 0.01235
v 0.55176 -0.16333 0.01167
v 0.55039 -0.16333 0.01373
v 0.55039 -0.16333 0.01510
v 0.55039 -0.16333 0.01647
v 0.55176 -0.16333 0.08304
v 0.55176 -0.16333 0.08441
v 0.55039 -0.16333 0.10020
v 0.55176 -0.16333 0.09951
v 0.55039 -0.16059 0.01235
v 0.55176 -0.16059 0.01167
v 0.55039 -0.16059 0.01373
v 0.55039 -0.16059 0.01510
v 0.55176 -0.16059 0.08304
v 0.55176 -0.16059 0.08441
v 0.55176 -0.16196 0.10020
v 0.55039 -0.16059 0.10157
v 0.55176 -0.16059 0.10088
v 0.55176 -0.15922 0.01235
v 0.55039 -0.15784 0.01373
v 0.55176 -0.15784 0.01304
v 0.55039 -0.15784 0.01510
v 0.55039 -0.15784 0.01647
v 0.55039 -0.15784 0.08235
v 0.55176 -0.15922 0.08235
v 0.55176 -0.15784 0.08167
v 0.55176 -0.15784 0.08441
v 0.55176 -0.15784 0.10088
v 0.55176 -0.15647 0.01373
v 0.55039 -0.15510 0.01510
v 0.55176 -0.15510 0.01441
v 0.55039 -0.15510 0.01647
v 0.55039 -0.15510 0.01784
v 0.55176 -0.15510 0.08167
v 0.55176 -0.15510 0.08441
v 0.55039 -0.15510 0.09882
v 0.55176 -0.15647 0.09882
v 0.55176 -0.15510 0.09814
v 0.55176 -0.15647 0.10020
v 0.55039 -0.15235 0.01510
v 0.55176 -0.15235 0.01441
v 0.55039 -0.15235 0.01647
v 0.55039 -0.15235 0.01784
v 0.55039 -0.15235 0.01922
v 0.55176 -0.15373 0.08098
v 0.55176 -0.15235 0.08029
v 0.55039 -0.15235 0.08373
v 0.55176 -0.15373 0.08373
v 0.55176 -0.15235 0.08304
v 0.55039 -0.15235 0.09882
v 0.55176 -0.15235 0.09814
v 0.55176 -0.15098 0.01510
v 0.55176 -0.15098 0.01647
v 0.55039 -0.14961 0.01784
v 0.55176 -0.14961 0.01716
v 0.55039 -0.14961 0.01922
v 0.55039 -0.14961 0.02059
v 0.55176 -0.14961 0.08029
v 0.55176 -0.14961 0.08304
v 0.55176 -0.15098 0.09882
v 0.55039 -0.14961 0.10020
v 0.55176 -0.15098 0.10020
v 0.55176 -0.14961 0.10088
v 0.55039 -0.14686 0.01784
v 0.55176 -0.14686 0.01716
v 0.55039 -0.14686 0.01922
v 0.55039 -0.14686 0.02059
v 0.55039 -0.14686 0.02196
v 0.55176 -0.14824 0.07961
v 0.55176 -0.14686 0.07892
v 0.55039 -0.14686 0.08235
v 0.55176 -0.14824 0.08235
v 0.55176 -0.14686 0.08167
v 0.55039 -0.14686 0.10157
v 0.55176 -0.14686 0.10088
v 0.55176 -0.14549 0.01784
v 0.55176 -0.14549 0.01922
v 0.55176 -0.14549 0.02059
v 0.55039 -0.14412 0.02196
v 0.55176 -0.14412 0.02127
v 0.55039 -0.14412 0.02333
v 0.55039 -0.14412 0.02471
v 0.55039 -0.14412 0.07824
v 0.55176 -0.14549 0.07824
v 0.55176 -0.14412 0.07755
v 0.55039 -0.14412 0.08235
v 0.55176 -0.14412 0.08167
v 0.55039 -0.14412 0.10020
v 0.55176 -0.14549 0.10020
v 0.55176 -0.14412 0.09951
v 0.55039 -0.14412 0.10157
v 0.55176 -0.14275 0.02196
v 0.55176 -0.14275 0.02333
v 0.55176 -0.14275 0.02471
v 0.55176 -0.14275 0.02608
v 0.55039 -0.14137 0.02745
v 0.55176 -0.14137 0.02676
v 0.55039 -0.14137 0.02882
v 0.55039 -0.14137 0.03020
v 0.55176 -0.14275 0.07686
v 0.55176 -0.14137 0.07618
v 0.55176 -0.14275 0.08235
v 0.55176 -0.14275 0.08373
v 0.55176 -0.14275 0.08510
v 0.55176 -0.14137 0.08578
v 0.55039 -0.14137 0.10020
v 0.55176 -0.14137 0.09951
v 0.55176 -0.14000 0.02745
v 0.55176 -0.14000 0.02882
v 0.55176 -0.14000 0.03020
v 0.55039 -0.13863 0.03157
v 0.55176 -0.13863 0.03088
v 0.55039 -0.13863 0.03294
v 0.55039 -0.13863 0.03431
v 0.55039 -0.13863 0.03569
v 0.55039 -0.13863 0.07275
v 0.55176 -0.14000 0.07275
v 0.55176 -0.13863 0.07206
v 0.55176 -0.14000 0.07412
v 0.55176 -0.14000 0.07549
v 0.55176 -0.13863 0.08578
v 0.55176 -0.14000 0.09745
v 0.55176 -0.13863 0.09676
v 0.55176 -0.14000 0.09882
v 0.55176 -0.13725 0.03157
v 0.55176 -0.13725 0.03294
v 0.55176 -0.13725 0.03431
v 0.55176 -0.13725 0.03569
v 0.55176 -0.13725 0.03706
v 0.55039 -0.13588 0.03843
v 0.55176 -0.13588 0.03775
v 0.55039 -0.13588 0.03980
v 0.55039 -0.13588 0.04118
v 0.55039 -0.13588 0.04255
v 0.55039 -0.13588 0.04529
v 0.55039 -0.13588 0.06588
v 0.55176 -0.13725 0.06588
v 0.55176 -0.13588 0.06520
v 0.55176 -0.13725 0.06725
v 0.55176 -0.13725 0.06863
v 0.55176 -0.13725 0.07000
v 0.55176 -0.13725 0.07137
v 0.55176 -0.13588 0.08578
v 0.55176 -0.13725 0.08922
v 0.55176 -0.13588 0.08853
v 0.55176 -0.13725 0.09059
v 0.55176 -0.13725 0.09196
v 0.55176 -0.13725 0.09333
v 0.55176 -0.13725 0.09471
v 0.55176 -0.13725 0.09608
v 0.55176 -0.13451 0.03843
v 0.55176 -0.13451 0.03980
v 0.55176 -0.13451 0.04118
v 0.55176 -0.13451 0.04255
v 0.55176 -0.13451 0.04392
v 0.55176 -0.13451 0.04529
v 0.55176 -0.13451 0.04667
v 0.55176 -0.13451 0.04804
v 0.55176 -0.13451 0.04941
v 0.55176 -0.13451 0.05078
v 0.55176 -0.13451 0.05216
v 0.55176 -0.13451 0.05353
v 0.55176 -0.13451 0.05490
v 0.55176 -0.13451 0.05627
v 0.55176 -0.13451 0.05765
v 0.55039 -0.13314 0.05902
v 0.55176 -0.13314 0.05833
v 0.55176 -0.13451 0.06039
v 0.55176 -0.13314 0.05971
v 0.55039 -0.13314 0.06176
v 0.55176 -0.13314 0.06108
v 0.55176 -0.13451 0.06314
v 0.55176 -0.13314 0.06245
v 0.55039 -0.13314 0.06451
v 0.55176 -0.13314 0.06382
v 0.55176 -0.13314 0.06520
v 0.55176 -0.13451 0.08647
v 0.55176 -0.13451 0.08784
v 0.55176 -0.13176 0.05902
v 0.55176 -0.13176 0.06176
v 0.55176 -0.13176 0.06451
v 0.55314 -0.19078 0.03431
v 0.55451 -0.19216 0.03431
v 0.55451 -0.19078 0.03363
v 0.55314 -0.19078 0.03569
v 0.55451 -0.19216 0.03569
v 0.55314 -0.19078 0.03706
v 0.55451 -0.19216 0.03706
v 0.55314 -0.19078 0.03843
v 0.55451 -0.19216 0.03843
v 0.55314 -0.19078 0.03980
v 0.55451 -0.19216 0.03980
v 0.55314 -0.19078 0.04118
v 0.55451 -0.19216 0.04118
v 0.55314 -0.19078 0.04255
v 0.55451 -0.19216 0.04255
v 0.55314 -0.19078 0.04392
v 0.55451 -0.19216 0.04392
v 0.55314 -0.19078 0.04529
v 0.55451 -0.19216 0.04529
v 0.55314 -0.19078 0.04667
v 0.55451 -0.19216 0.04667
v 0.55314 -0.19078 0.04804
v 0.55451 -0.19216 0.04804
v 0.55314 -0.19078 0.04941
v 0.55451 -0.19216 0.04941
v 0.55314 -0.19078 0.05078
v 0.55451 -0.19216 0.05078
v 0.55314 -0.19078 0.05216
v 0.55451 -0.19216 0.05216
v 0.55314 -0.19078 0.05353
v 0.55451 -0.19216 0.05353
v 0.55314 -0.19078 0.05490
v 0.55451 -0.19216 0.05490
v 0.55314 -0.19078 0.05627
v 0.55451 -0.19216 0.05627
v 0.55314 -0.19078 0.05765
v 0.55451 -0.19216 0.05765
v 0.55451 -0.19078 0.05833
v 0.55314 -0.18804 0.02608
v 0.55451 -0.18941 0.02608
v 0.55451 -0.18804 0.02539
v 0.55314 -0.18804 0.02745
v 0.55451 -0.18941 0.02745
v 0.55314 -0.18804 0.02882
v 0.55451 -0.18941 0.02882
v 0.55314 -0.18804 0.03020
v 0.55451 -0.18941 0.03020
v 0.55314 -0.18804 0.03157
v 0.55451 -0.18941 0.03157
v 0.55314 -0.18804 0.03294
v 0.55451 -0.18941 0.03294
v 0.55451 -0.18941 0.05902
v 0.55451 -0.18941 0.06039
v 0.55451 -0.18941 0.06176
v 0.55314 -0.18804 0.06314
v 0.55451 -0.18941 0.06314
v 0.55314 -0.18804 0.06451
v 0.55451 -0.18941 0.06451
v 0.55314 -0.18804 0.06588
v 0.55451 -0.18941 0.06588
v 0.55314 -0.18804 0.06725
v 0.55451 -0.18941 0.06725
v 0.55451 -0.18804 0.06794
v 0.55314 -0.18529 0.02059
v 0.55451 -0.18667 0.02059
v 0.55451 -0.18529 0.01990
v 0.55314 -0.18529 0.02196
v 0.55451 -0.18667 0.02196
v 0.55314 -0.18529 0.02333
v 0.55451 -0.18667 0.02333
v 0.55314 -0.18529 0.02471
v 0.55451 -0.18667 0.02471
v 0.55314 -0.18529 0.02608
v 0.55451 -0.18667 0.06863
v 0.55451 -0.18667 0.07000
v 0.55314 -0.18529 0.07137
v 0.55451 -0.18667 0.07137
v 0.55314 -0.18529 0.07275
v 0.55451 -0.18667 0.07275
v 0.55451 -0.18529 0.07343
v 0.55314 -0.18255 0.01647
v 0.55451 -0.18392 0.01647
v 0.55451 -0.18255 0.01578
v 0.55314 -0.18255 0.01784
v 0.55451 -0.18392 0.01784
v 0.55314 -0.18255 0.01922
v 0.55451 -0.18392 0.01922
v 0.55314 -0.18255 0.02059
v 0.55451 -0.18392 0.07412
v 0.55451 -0.18392 0.07549
v 0.55314 -0.18255 0.07686
v 0.55451 -0.18392 0.07686
v 0.55314 -0.18255 0.07824
v 0.55451 -0.18392 0.07824
v 0.55451 -0.18255 0.07892
v 0.55314 -0.17980 0.01373
v 0.55451 -0.18118 0.01373
v 0.55451 -0.17980 0.01304
v 0.55314 -0.17980 0.01510
v 0.55451 -0.18118 0.01510
v 0.55314 -0.17980 0.01647
v 0.55314 -0.17980 0.01784
v 0.55314 -0.17980 0.01922
v 0.55451 -0.18118 0.07961
v 0.55314 -0.17980 0.08098
v 0.55451 -0.17980 0.08029
v 0.55314 -0.17706 0.01098
v 0.55451 -0.17843 0.01098
v 0.55451 -0.17706 0.01029
v 0.55314 -0.17706 0.01235
v 0.55451 -0.17843 0.01235
v 0.55314 -0.17706 0.01373
v 0.55314 -0.17706 0.01510
v 0.55451 -0.17706 0.08029
v 0.55314 -0.17706 0.08510
v 0.55451 -0.17843 0.08510
v 0.55451 -0.17706 0.08441
v 0.55314 -0.17706 0.08647
v 0.55451 -0.17706 0.08578
v 0.55314 -0.17431 0.01098
v 0.55451 -0.17431 0.01029
v 0.55314 -0.17431 0.01235
v 0.55314 -0.17431 0.01373
v 0.55451 -0.17569 0.08098
v 0.55451 -0.17431 0.08167
v 0.55451 -0.17569 0.08510
v 0.55451 -0.17569 0.08647
v 0.55451 -0.17431 0.08578
v 0.55451 -0.17569 0.08784
v 0.55451 -0.17569 0.08922
v 0.55451 -0.17431 0.08990
v 0.55314 -0.17157 0.00824
v 0.55451 -0.17294 0.00824
v 0.55451 -0.17157 0.00755
v 0.55314 -0.17157 0.00961
v 0.55451 -0.17294 0.00961
v 0.55314 -0.17157 0.01098
v 0.55451 -0.17294 0.08235
v 0.55314 -0.17157 0.08373
v 0.55451 -0.17294 0.08373
v 0.55314 -0.17157 0.08510
v 0.55451 -0.17294 0.08510
v 0.55451 -0.17294 0.09059
v 0.55451 -0.17294 0.09196
v 0.55451 -0.17294 0.09333
v 0.55451 -0.17157 0.09402
v 0.55314 -0.16882 0.00824
v 0.55451 -0.16882 0.00755
v 0.55314 -0.16882 0.00961
v 0.55314 -0.16882 0.01098
v 0.55451 -0.17020 0.08373
v 0.55451 -0.16882 0.08304
v 0.55451 -0.16882 0.08441
v 0.55451 -0.17020 0.09471
v 0.55451 -0.17020 0.09608
v 0.55451 -0.16882 0.09676
v 0.55314 -0.16608 0.00824
v 0.55451 -0.16608 0.00755
v 0.55314 -0.16608 0.00961
v 0.55451 -0.16608 0.08304
v 0.55451 -0.16608 0.08441
v 0.55451 -0.16745 0.09745
v 0.55314 -0.16608 0.09882
v 0.55451 -0.16608 0.09814
v 0.55314 -0.16333 0.00824
v 0.55451 -0.16333 0.00755
v 0.55314 -0.16333 0.00961
v 0.55314 -0.16333 0.01098
v 0.55314 -0.16333 0.08235
v 0.55451 -0.16471 0.08235
v 0.55451 -0.16333 0.08167
v 0.55451 -0.16333 0.08441
v 0.55451 -0.16471 0.09882
v 0.55451 -0.16333 0.09951
v 0.55451 -0.16196 0.00824
v 0.55314 -0.16059 0.00961
v 0.55451 -0.16059 0.00892
v 0.55314 -0.16059 0.01098
v 0.55314 -0.16059 0.08235
v 0.55451 -0.16059 0.08167
v 0.55314 -0.16059 0.08373
v 0.55451 -0.16196 0.08373
v 0.55451 -0.16059 0.08304
v 0.55314 -0.16059 0.10020
v 0.55451 -0.16059 0.09951
v 0.55314 -0.15784 0.00824
v 0.55451 -0.15922 0.00824
v 0.55451 -0.15784 0.00755
v 0.55314 -0.15784 0.00961
v 0.55314 -0.15784 0.01098
v 0.55314 -0.15784 0.01235
v 0.55451 -0.15784 0.08167
v 0.55314 -0.15784 0.08373
v 0.55451 -0.15784 0.08304
v 0.55314 -0.15784 0.10020
v 0.55451 -0.15784 0.09951
v 0.55451 -0.15647 0.00824
v 0.55314 -0.15510 0.00961
v 0.55451 -0.15510 0.00892
v 0.55314 -0.15510 0.01098
v 0.55314 -0.15510 0.01235
v 0.55314 -0.15510 0.01373
v 0.55451 -0.15510 0.08167
v 0.55314 -0.15510 0.08373
v 0.55451 -0.15510 0.08304
v 0.55314 -0.15510 0.09745
v 0.55451 -0.15647 0.09745
v 0.55451 -0.15510 0.09676
v 0.55451 -0.15647 0.09882
v 0.55451 -0.15373 0.00961
v 0.55314 -0.15235 0.01098
v 0.55451 -0.15235 0.01029
v 0.55314 -0.15235 0.01235
v 0.55314 -0.15235 0.01373
v 0.55451 -0.15373 0.08098
v 0.55451 -0.15235 0.08029
v 0.55451 -0.15235 0.08304
v 0.55451 -0.15373 0.09745
v 0.55451 -0.15235 0.09814
v 0.55451 -0.15098 0.01098
v 0.55314 -0.14961 0.01235
v 0.55451 -0.14961 0.01167
v 0.55314 -0.14961 0.01373
v 0.55314 -0.14961 0.01510
v 0.55314 -0.14961 0.01647
v 0.55451 -0.14961 0.08029
v 0.55314 -0.14961 0.08235
v 0.55451 -0.15098 0.08235
v 0.55451 -0.14961 0.08167
v 0.55451 -0.15098 0.09882
v 0.55314 -0.14961 0.10020
v 0.55451 -0.14961 0.09951
v 0.55451 -0.14824 0.01235
v 0.55451 -0.14824 0.01373
v 0.55314 -0.14686 0.01510
v 0.55451 -0.14686 0.01441
v 0.55314 -0.14686 0.01647
v 0.55451 -0.14824 0.07961
v 0.55451 -0.14686 0.07892
v 0.55451 -0.14686 0.08167
v 0.55314 -0.14686 0.10020
v 0.55451 -0.14686 0.09951
v 0.55451 -0.14549 0.01510
v 0.55451 -0.14549 0.01647
v 0.55314 -0.14412 0.01784
v 0.55451 -0.14412 0.01716
v 0.55314 -0.14412 0.01922
v 0.55314 -0.14412 0.02059
v 0.55451 -0.14549 0.07824
v 0.55451 -0.14412 0.07755
v 0.55451 -0.14412 0.08167
v 0.55314 -0.14412 0.09882
v 0.55451 -0.14549 0.09882
v 0.55451 -0.14412 0.09814
v 0.55451 -0.14275 0.01784
v 0.55451 -0.14275 0.01922
v 0.55451 -0.14275 0.02059
v 0.55314 -0.14137 0.02196
v 0.55451 -0.14137 0.02127
v 0.55314 -0.14137 0.02333
v 0.55314 -0.14137 0.02471
v 0.55314 -0.14137 0.02608
v 0.55314 -0.14137 0.07549
v 0.55451 -0.14275 0.07549
v 0.55451 -0.14137 0.07480
v 0.55451 -0.14275 0.07686
v 0.55451 -0.14275 0.08235
v 0.55451 -0.14275 0.08373
v 0.55451 -0.14275 0.08510
v 0.55451 -0.14137 0.08578
v 0.55314 -0.14137 0.09882
v 0.55451 -0.14137 0.09814
v 0.55451 -0.14000 0.02196
v 0.55451 -0.14000 0.02333
v 0.55451 -0.14000 0.02471
v 0.55451 -0.14000 0.02608
v 0.55314 -0.13863 0.02745
v 0.55451 -0.13863 0.02676
v 0.55314 -0.13863 0.02882
v 0.55314 -0.13863 0.03020
v 0.55314 -0.13863 0.07275
v 0.55451 -0.14000 0.07412
v 0.55451 -0.13863 0.07343
v 0.55314 -0.13863 0.08510
v 0.55451 -0.14000 0.08510
v 0.55451 -0.13863 0.08441
v 0.55451 -0.14000 0.09745
v 0.55451 -0.13863 0.09676
v 0.55451 -0.13725 0.02745
v 0.55451 -0.13725 0.02882
v 0.55451 -0.13725 0.03020
v 0.55451 -0.13725 0.03157
v 0.55451 -0.13725 0.03294
v 0.55314 -0.13588 0.03431
v 0.55451 -0.13588 0.03363
v 0.55314 -0.13588 0.03569
v 0.55314 -0.13588 0.03706
v 0.55451 -0.13725 0.06588
v 0.55451 -0.13588 0.06520
v 0.55314 -0.13588 0.06725
v 0.55451 -0.13588 0.06657
v 0.55451 -0.13725 0.06863
v 0.55451 -0.13588 0.06794
v 0.55451 -0.13725 0.07000
v 0.55451 -0.13725 0.07137
v 0.55451 -0.13725 0.07275
v 0.55314 -0.13588 0.08510
v 0.55451 -0.13588 0.08441
v 0.55314 -0.13588 0.08784
v 0.55451 -0.13725 0.08784
v 0.55451 -0.13588 0.08716
v 0.55451 -0.13725 0.08922
v 0.55451 -0.13725 0.09059
v 0.55451 -0.13725 0.09196
v 0.55451 -0.13725 0.09333
v 0.55451 -0.13725 0.09471
v 0.55451 -0.13725 0.09608
v 0.55451 -0.13451 0.03431
v 0.55451 -0.13451 0.03569
v 0.55451 -0.13451 0.03706
v 0.55451 -0.13451 0.03843
v 0.55451 -0.13451 0.03980
v 0.55451 -0.13451 0.04118
v 0.55451 -0.13451 0.04255
v 0.55451 -0.13451 0.04392
v 0.55451 -0.13451 0.04529
v 0.55451 -0.13451 0.04667
v 0.55451 -0.13451 0.04804
v 0.55314 -0.13314 0.04941
v 0.55451 -0.13314 0.04873
v 0.55451 -0.13451 0.05078
v 0.55451 -0.13314 0.05010
v 0.55314 -0.13314 0.05216
v 0.55451 -0.13314 0.05147
v 0.55451 -0.13451 0.05353
v 0.55451 -0.13314 0.05284
v 0.55314 -0.13314 0.05490
v 0.55451 -0.13314 0.05422
v 0.55314 -0.13314 0.05627
v 0.55314 -0.13314 0.05765
v 0.55314 -0.13314 0.06039
v 0.55314 -0.13314 0.06314
v 0.55451 -0.13314 0.06520
v 0.55451 -0.13451 0.06725
v 0.55451 -0.13451 0.08510
v 0.55451 -0.13451 0.08647
v 0.55451 -0.13176 0.04941
v 0.55451 -0.13176 0.05216
v 0.55451 -0.13176 0.05490
v 0.55451 -0.13176 0.05627
v 0.55451 -0.13176 0.05765
v 0.55451 -0.13176 0.05902
v 0.55451 -0.13176 0.06039
v 0.55451 -0.13176 0.06176
v 0.55451 -0.13176 0.06314
v 0.55451 -0.13176 0.06451
v 0.55588 -0.19353 0.03431
v 0.55725 -0.19490 0.03431
v 0.55725 -0.19353 0.03363
v 0.55588 -0.19353 0.03569
v 0.55725 -0.19490 0.03569
v 0.55588 -0.19353 0.03706
v 0.55725 -0.19490 0.03706
v 0.55588 -0.19353 0.03843
v 0.55725 -0.19490 0.03843
v 0.55588 -0.19353 0.03980
v 0.55725 -0.19490 0.03980
v 0.55588 -0.19353 0.04118
v 0.55725 -0.19490 0.04118
v 0.55588 -0.19353 0.04255
v 0.55725 -0.19490 0.04255
v 0.55588 -0.19353 0.04392
v 0.55725 -0.19490 0.04392
v 0.55588 -0.19353 0.04529
v 0.55725 -0.19490 0.04529
v 0.55588 -0.19353 0.04667
v 0.55725 -0.19490 0.04667
v 0.55588 -0.19353 0.04804
v 0.55725 -0.19490 0.04804
v 0.55588 -0.19353 0.04941
v 0.55725 -0.19490 0.04941
v 0.55588 -0.19353 0.05078
v 0.55725 -0.19490 0.05078
v 0.55588 -0.19353 0.05216
v 0.55725 -0.19490 0.05216
v 0.55588 -0.19353 0.05353
v 0.55725 -0.19490 0.05353
v 0.55588 -0.19353 0.05490
v 0.55725 -0.19490 0.05490
v 0.55725 -0.19353 0.05559
v 0.55588 -0.19078 0.02745
v 0.55725 -0.19216 0.02745
v 0.55725 -0.19078 0.02676
v 0.55588 -0.19078 0.02882
v 0.55725 -0.19216 0.02882
v 0.55588 -0.19078 0.03020
v 0.55725 -0.19216 0.03020
v 0.55588 -0.19078 0.03157
v 0.55725 -0.19216 0.03157
v 0.55588 -0.19078 0.03294
v 0.55725 -0.19216 0.03294
v 0.55725 -0.19216 0.05627
v 0.55725 -0.19216 0.05765
v 0.55588 -0.19078 0.05902
v 0.55725 -0.19216 0.05902
v 0.55588 -0.19078 0.06039
v 0.55725 -0.19216 0.06039
v 0.55588 -0.19078 0.06176
v 0.55725 -0.19216 0.06176
v 0.55588 -0.19078 0.06314
v 0.55725 -0.19216 0.06314
v 0.55588 -0.19078 0.06451
v 0.55725 -0.19216 0.06451
v 0.55725 -0.19078 0.06520
v 0.55588 -0.18804 0.02059
v 0.55725 -0.18941 0.02059
v 0.55725 -0.18804 0.01990
v 0.55588 -0.18804 0.02196
v 0.55725 -0.18941 0.02196
v 0.55588 -0.18804 0.02333
v 0.55725 -0.18941 0.02333
v 0.55588 -0.18804 0.02471
v 0.55725 -0.18941 0.02471
v 0.55725 -0.18941 0.02608
v 0.55725 -0.18941 0.06588
v 0.55725 -0.18941 0.06725
v 0.55588 -0.18804 0.06863
v 0.55725 -0.18941 0.06863
v 0.55588 -0.18804 0.07000
v 0.55725 -0.18941 0.07000
v 0.55725 -0.18804 0.07069
v 0.55588 -0.18529 0.01510
v 0.55725 -0.18667 0.01510
v 0.55725 -0.18529 0.01441
v 0.55588 -0.18529 0.01647
v 0.55725 -0.18667 0.01647
v 0.55588 -0.18529 0.01784
v 0.55725 -0.18667 0.01784
v 0.55588 -0.18529 0.01922
v 0.55725 -0.18667 0.01922
v 0.55725 -0.18667 0.07137
v 0.55725 -0.18667 0.07275
v 0.55588 -0.18529 0.07412
v 0.55725 -0.18667 0.07412
v 0.55725 -0.18529 0.07480
v 0.55588 -0.18255 0.01235
v 0.55725 -0.18392 0.01235
v 0.55725 -0.18255 0.01167
v 0.55588 -0.18255 0.01373
v 0.55725 -0.18392 0.01373
v 0.55588 -0.18255 0.01510
v 0.55725 -0.18392 0.07549
v 0.55725 -0.18392 0.07686
v 0.55725 -0.18392 0.07824
v 0.55725 -0.18255 0.07892
v 0.55588 -0.17980 0.00824
v 0.55725 -0.18118 0.00824
v 0.55725 -0.17980 0.00755
v 0.55588 -0.17980 0.00961
v 0.55725 -0.18118 0.00961
v 0.55588 -0.17980 0.01098
v 0.55725 -0.18118 0.01098
v 0.55588 -0.17980 0.01235
v 0.55725 -0.18118 0.07961
v 0.55725 -0.17980 0.08029
v 0.55588 -0.17706 0.00686
v 0.55725 -0.17843 0.00686
v 0.55725 -0.17706 0.00618
v 0.55588 -0.17706 0.00824
v 0.55588 -0.17706 0.00961
v 0.55725 -0.17706 0.08029
v 0.55725 -0.17843 0.08510
v 0.55725 -0.17706 0.08441
v 0.55588 -0.17706 0.08647
v 0.55725 -0.17843 0.08647
v 0.55725 -0.17706 0.08716
v 0.55588 -0.17431 0.00686
v 0.55725 -0.17431 0.00618
v 0.55588 -0.17431 0.00824
v 0.55588 -0.17431 0.00961
v 0.55725 -0.17569 0.08098
v 0.55725 -0.17431 0.08167
v 0.55588 -0.17431 0.08510
v 0.55725 -0.17431 0.08441
v 0.55725 -0.17569 0.08784
v 0.55725 -0.17569 0.08922
v 0.55588 -0.17431 0.09059
v 0.55725 -0.17569 0.09059
v 0.55725 -0.17431 0.09127
v 0.55588 -0.17157 0.00549
v 0.55725 -0.17294 0.00549
v 0.55725 -0.17157 0.00480
v 0.55588 -0.17157 0.00686
v 0.55725 -0.17294 0.08235
v 0.55725 -0.17294 0.08373
v 0.55725 -0.17294 0.09196
v 0.55725 -0.17294 0.09333
v 0.55725 -0.17157 0.09402
v 0.55588 -0.16882 0.00549
v 0.55725 -0.16882 0.00480
v 0.55588 -0.16882 0.00686
v 0.55725 -0.17020 0.08373
v 0.55725 -0.16882 0.08304
v 0.55725 -0.16882 0.08441
v 0.55725 -0.17020 0.09471
v 0.55588 -0.16882 0.09608
v 0.55725 -0.16882 0.09539
v 0.55588 -0.16608 0.00549
v 0.55725 -0.16608 0.00480
v 0.55588 -0.16608 0.00686
v 0.55588 -0.16608 0.08235
v 0.55725 -0.16745 0.08235
v 0.55725 -0.16608 0.08167
v 0.55588 -0.16608 0.08373
v 0.55725 -0.16745 0.08373
v 0.55725 -0.16608 0.08304
v 0.55725 -0.16745 0.09608
v 0.55588 -0.16608 0.09745
v 0.55725 -0.16608 0.09676
v 0.55588 -0.16333 0.00549
v 0.55725 -0.16333 0.00480
v 0.55588 -0.16333 0.00686
v 0.55725 -0.16333 0.08167
v 0.55588 -0.16333 0.08373
v 0.55725 -0.16333 0.08304
v 0.55588 -0.16333 0.09745
v 0.55725 -0.16333 0.09676
v 0.55588 -0.16333 0.09882
v 0.55588 -0.16059 0.00549
v 0.55725 -0.16059 0.00480
v 0.55588 -0.16059 0.00686
v 0.55588 -0.16059 0.00824
v 0.55725 -0.16059 0.08167
v 0.55725 -0.16059 0.08304
v 0.55588 -0.16059 0.09745
v 0.55725 -0.16059 0.09676
v 0.55588 -0.16059 0.09882
v 0.55588 -0.15784 0.00549
v 0.55725 -0.15784 0.00480
v 0.55588 -0.15784 0.00686
v 0.55725 -0.15784 0.08167
v 0.55725 -0.15784 0.08304
v 0.55588 -0.15784 0.09745
v 0.55725 -0.15784 0.09676
v 0.55588 -0.15784 0.09882
v 0.55725 -0.15647 0.00549
v 0.55588 -0.15510 0.00686
v 0.55725 -0.15510 0.00618
v 0.55588 -0.15510 0.00824
v 0.55588 -0.15510 0.08098
v 0.55725 -0.15647 0.08098
v 0.55725 -0.15510 0.08029
v 0.55725 -0.15510 0.08304
v 0.55725 -0.15510 0.09676
v 0.55725 -0.15373 0.00686
v 0.55588 -0.15235 0.00824
v 0.55725 -0.15235 0.00755
v 0.55588 -0.15235 0.00961
v 0.55588 -0.15235 0.07961
v 0.55725 -0.15373 0.07961
v 0.55725 -0.15235 0.07892
v 0.55725 -0.15235 0.08304
v 0.55588 -0.15235 0.09745
v 0.55725 -0.15235 0.09676
v 0.55725 -0.15098 0.00824
v 0.55588 -0.14961 0.00961
v 0.55725 -0.14961 0.00892
v 0.55588 -0.14961 0.01098
v 0.55588 -0.14961 0.07961
v 0.55725 -0.14961 0.07892
v 0.55725 -0.15098 0.08235
v 0.55725 -0.14961 0.08167
v 0.55588 -0.14961 0.09745
v 0.55725 -0.14961 0.09676
v 0.55588 -0.14961 0.09882
v 0.55725 -0.14824 0.00961
v 0.55588 -0.14686 0.01098
v 0.55725 -0.14686 0.01029
v 0.55588 -0.14686 0.01235
v 0.55588 -0.14686 0.01373
v 0.55588 -0.14686 0.07824
v 0.55725 -0.14824 0.07824
v 0.55725 -0.14686 0.07755
v 0.55725 -0.14686 0.08167
v 0.55588 -0.14686 0.09745
v 0.55725 -0.14686 0.09676
v 0.55588 -0.14686 0.09882
v 0.55725 -0.14549 0.01098
v 0.55725 -0.14549 0.01235
v 0.55588 -0.14412 0.01373
v 0.55725 -0.14412 0.01304
v 0.55588 -0.14412 0.01510
v 0.55588 -0.14412 0.01647
v 0.55588 -0.14412 0.07686
v 0.55725 -0.14549 0.07686
v 0.55725 -0.14412 0.07618
v 0.55725 -0.14412 0.08167
v 0.55588 -0.14412 0.09745
v 0.55725 -0.14412 0.09676
v 0.55725 -0.14275 0.01373
v 0.55725 -0.14275 0.01510
v 0.55725 -0.14275 0.01647
v 0.55588 -0.14137 0.01784
v 0.55725 -0.14137 0.01716
v 0.55588 -0.14137 0.01922
v 0.55588 -0.14137 0.02059
v 0.55725 -0.14275 0.07549
v 0.55725 -0.14137 0.07480
v 0.55725 -0.14275 0.08235
v 0.55725 -0.14275 0.08373
v 0.55588 -0.14137 0.08510
v 0.55725 -0.14137 0.08441
v 0.55588 -0.14137 0.09608
v 0.55725 -0.14275 0.09608
v 0.55725 -0.14137 0.09539
v 0.55588 -0.14137 0.09745
v 0.55725 -0.14000 0.01784
v 0.55725 -0.14000 0.01922
v 0.55725 -0.14000 0.02059
v 0.55588 -0.13863 0.02196
v 0.55725 -0.13863 0.02127
v 0.55588 -0.13863 0.02333
v 0.55588 -0.13863 0.02471
v 0.55588 -0.13863 0.02608
v 0.55725 -0.14000 0.07412
v 0.55725 -0.13863 0.07343
v 0.55725 -0.13863 0.08441
v 0.55588 -0.13863 0.09471
v 0.55725 -0.14000 0.09471
v 0.55725 -0.13863 0.09402
v 0.55588 -0.13863 0.09608
v 0.55725 -0.13725 0.02196
v 0.55725 -0.13725 0.02333
v 0.55725 -0.13725 0.02471
v 0.55725 -0.13725 0.02608
v 0.55725 -0.13725 0.02745
v 0.55588 -0.13588 0.02882
v 0.55725 -0.13588 0.02814
v 0.55588 -0.13588 0.03020
v 0.55588 -0.13588 0.03157
v 0.55588 -0.13588 0.03294
v 0.55588 -0.13588 0.06588
v 0.55588 -0.13588 0.06725
v 0.55725 -0.13725 0.06725
v 0.55725 -0.13588 0.06657
v 0.55725 -0.13725 0.06863
v 0.55725 -0.13725 0.07000
v 0.55725 -0.13725 0.07137
v 0.55725 -0.13725 0.07275
v 0.55588 -0.13588 0.08510
v 0.55725 -0.13725 0.08510
v 0.55588 -0.13588 0.08647
v 0.55725 -0.13725 0.08647
v 0.55725 -0.13725 0.08784
v 0.55725 -0.13725 0.08922
v 0.55725 -0.13725 0.09059
v 0.55725 -0.13725 0.09196
v 0.55725 -0.13725 0.09333
v 0.55725 -0.13451 0.02882
v 0.55725 -0.13451 0.03020
v 0.55725 -0.13451 0.03157
v 0.55725 -0.13451 0.03294
v 0.55725 -0.13451 0.03431
v 0.55725 -0.13451 0.03569
v 0.55725 -0.13451 0.03706
v 0.55725 -0.13451 0.03843
v 0.55725 -0.13451 0.03980
v 0.55588 -0.13314 0.04118
v 0.55725 -0.13314 0.04049
v 0.55588 -0.13314 0.04255
v 0.55588 -0.13314 0.04392
v 0.55588 -0.13314 0.04529
v 0.55588 -0.13314 0.04667
v 0.55588 -0.13314 0.04804
v 0.55588 -0.13314 0.05078
v 0.55588 -0.13314 0.05353
v 0.55588 -0.13314 0.06451
v 0.55725 -0.13451 0.06451
v 0.55725 -0.13314 0.06382
v 0.55725 -0.13451 0.06588
v 0.55725 -0.13176 0.04118
v 0.55725 -0.13176 0.04255
v 0.55725 -0.13176 0.04392
v 0.55725 -0.13176 0.04529
v 0.55725 -0.13176 0.04667
v 0.55725 -0.13176 0.04804
v 0.55725 -0.13176 0.04941
v 0.55725 -0.13176 0.05078
v 0.55725 -0.13176 0.05216
v 0.55725 -0.13176 0.05353
v 0.55725 -0.13176 0.05490
v 0.55725 -0.13176 0.05627
v 0.55725 -0.13176 0.05765
v 0.55725 -0.13176 0.05902
v 0.55725 -0.13176 0.06039
v 0.55725 -0.13176 0.06176
v 0.55725 -0.13176 0.06314
v 0.55863 -0.19627 0.04118
v 0.56000 -0.19765 0.04118
v 0.56000 -0.19627 0.04049
v 0.56000 -0.19627 0.04186
v 0.55863 -0.19627 0.04529
v 0.56000 -0.19765 0.04529
v 0.56000 -0.19627 0.04461
v 0.56000 -0.19627 0.04598
v 0.55863 -0.19353 0.02745
v 0.56000 -0.19490 0.02745
v 0.56000 -0.19353 0.02676
v 0.55863 -0.19353 0.02882
v 0.56000 -0.19490 0.02882
v 0.55863 -0.19353 0.03020
v 0.56000 -0.19490 0.03020
v 0.55863 -0.19353 0.03157
v 0.56000 -0.19490 0.03157
v 0.55863 -0.19353 0.03294
v 0.56000 -0.19490 0.03294
v 0.56000 -0.19490 0.03431
v 0.56000 -0.19490 0.03569
v 0.56000 -0.19490 0.03706
v 0.56000 -0.19490 0.03843
v 0.56000 -0.19490 0.03980
v 0.56000 -0.19490 0.04255
v 0.56000 -0.19490 0.04392
v 0.56000 -0.19490 0.04667
v 0.56000 -0.19490 0.04804
v 0.56000 -0.19490 0.04941
v 0.56000 -0.19490 0.05078
v 0.56000 -0.19490 0.05216
v 0.56000 -0.19490 0.05353
v 0.56000 -0.19490 0.05490
v 0.55863 -0.19353 0.05627
v 0.56000 -0.19490 0.05627
v 0.55863 -0.19353 0.05765
v 0.56000 -0.19490 0.05765
v 0.55863 -0.19353 0.05902
v 0.56000 -0.19490 0.05902
v 0.55863 -0.19353 0.06039
v 0.56000 -0.19490 0.06039
v 0.55863 -0.19353 0.06176
v 0.56000 -0.19490 0.06176
v 0.56000 -0.19353 0.06245
v 0.55863 -0.19078 0.02059
v 0.56000 -0.19216 0.02059
v 0.56000 -0.19078 0.01990
v 0.55863 -0.19078 0.02196
v 0.56000 -0.19216 0.02196
v 0.55863 -0.19078 0.02333
v 0.56000 -0.19216 0.02333
v 0.55863 -0.19078 0.02471
v 0.56000 -0.19216 0.02471
v 0.55863 -0.19078 0.02608
v 0.56000 -0.19216 0.02608
v 0.56000 -0.19216 0.06314
v 0.56000 -0.19216 0.06451
v 0.55863 -0.19078 0.06588
v 0.56000 -0.19216 0.06588
v 0.56000 -0.19078 0.06657
v 0.55863 -0.18804 0.01510
v 0.56000 -0.18941 0.01510
v 0.56000 -0.18804 0.01441
v 0.55863 -0.18804 0.01647
v 0.56000 -0.18941 0.01647
v 0.55863 -0.18804 0.01784
v 0.56000 -0.18941 0.01784
v 0.55863 -0.18804 0.01922
v 0.56000 -0.18941 0.01922
v 0.56000 -0.18941 0.06725
v 0.56000 -0.18941 0.06863
v 0.56000 -0.18941 0.07000
v 0.55863 -0.18804 0.07137
v 0.56000 -0.18941 0.07137
v 0.56000 -0.18804 0.07206
v 0.55863 -0.18529 0.00961
v 0.56000 -0.18667 0.00961
v 0.56000 -0.18529 0.00892
v 0.55863 -0.18529 0.01098
v 0.56000 -0.18667 0.01098
v 0.55863 -0.18529 0.01235
v 0.56000 -0.18667 0.01235
v 0.55863 -0.18529 0.01373
v 0.56000 -0.18667 0.01373
v 0.56000 -0.18667 0.07275
v 0.56000 -0.18667 0.07412
v 0.55863 -0.18529 0.07549
v 0.56000 -0.18667 0.07549
v 0.55863 -0.18529 0.07686
v 0.56000 -0.18667 0.07686
v 0.56000 -0.18529 0.07755
v 0.55863 -0.18255 0.00686
v 0.56000 -0.18392 0.00686
v 0.56000 -0.18255 0.00618
v 0.55863 -0.18255 0.00824
v 0.56000 -0.18392 0.00824
v 0.55863 -0.18255 0.00961
v 0.55863 -0.18255 0.01098
v 0.56000 -0.18392 0.07824
v 0.56000 -0.18255 0.07892
v 0.55863 -0.17980 0.00549
v 0.56000 -0.18118 0.00549
v 0.56000 -0.17980 0.00480
v 0.55863 -0.17980 0.00686
v 0.56000 -0.18118 0.07961
v 0.56000 -0.17980 0.08029
v 0.55863 -0.17706 0.00412
v 0.56000 -0.17843 0.00412
v 0.56000 -0.17706 0.00343
v 0.55863 -0.17706 0.00549
v 0.56000 -0.17706 0.08029
v 0.55863 -0.17706 0.08373
v 0.56000 -0.17843 0.08373
v 0.56000 -0.17706 0.08304
v 0.56000 -0.17843 0.08510
v 0.56000 -0.17843 0.08647
v 0.55863 -0.17706 0.08784
v 0.56000 -0.17843 0.08784
v 0.56000 -0.17706 0.08853
v 0.55863 -0.17431 0.00275
v 0.56000 -0.17569 0.00275
v 0.56000 -0.17431 0.00206
v 0.55863 -0.17431 0.00412
v 0.55863 -0.17431 0.00549
v 0.56000 -0.17569 0.08098
v 0.56000 -0.17431 0.08167
v 0.56000 -0.17569 0.08373
v 0.56000 -0.17431 0.08441
v 0.56000 -0.17569 0.08922
v 0.56000 -0.17569 0.09059
v 0.56000 -0.17431 0.09127
v 0.55863 -0.17157 0.00275
v 0.56000 -0.17157 0.00206
v 0.55863 -0.17157 0.00412
v 0.55863 -0.17157 0.08235
v 0.56000 -0.17157 0.08167
v 0.56000 -0.17294 0.08373
v 0.56000 -0.17157 0.08304
v 0.56000 -0.17294 0.09196
v 0.55863 -0.17157 0.09333
v 0.56000 -0.17157 0.09265
v 0.55863 -0.16882 0.00137
v 0.56000 -0.17020 0.00137
v 0.56000 -0.16882 0.00069
v 0.55863 -0.16882 0.00275
v 0.55863 -0.16882 0.00412
v 0.55863 -0.16882 0.08235
v 0.56000 -0.16882 0.08167
v 0.55863 -0.16882 0.08373
v 0.56000 -0.16882 0.08304
v 0.56000 -0.17020 0.09333
v 0.55863 -0.16882 0.09471
v 0.56000 -0.16882 0.09402
v 0.55863 -0.16608 0.00137
v 0.56000 -0.16608 0.00069
v 0.55863 -0.16608 0.00275
v 0.55863 -0.16608 0.00412
v 0.56000 -0.16608 0.08167
v 0.56000 -0.16608 0.08304
v 0.56000 -0.16745 0.09471
v 0.55863 -0.16608 0.09608
v 0.56000 -0.16608 0.09539
v 0.55863 -0.16333 0.00137
v 0.56000 -0.16333 0.00069
v 0.55863 -0.16333 0.00275
v 0.55863 -0.16333 0.00412
v 0.56000 -0.16333 0.08167
v 0.56000 -0.16333 0.08304
v 0.55863 -0.16333 0.09608
v 0.56000 -0.16333 0.09539
v 0.56000 -0.16196 0.00137
v 0.55863 -0.16059 0.00275
v 0.56000 -0.16059 0.00206
v 0.55863 -0.16059 0.00412
v 0.56000 -0.16059 0.08167
v 0.56000 -0.16059 0.08304
v 0.55863 -0.16059 0.09608
v 0.56000 -0.16059 0.09539
v 0.56000 -0.15922 0.00275
v 0.55863 -0.15784 0.00412
v 0.56000 -0.15784 0.00343
v 0.55863 -0.15784 0.08098
v 0.56000 -0.15922 0.08098
v 0.56000 -0.15784 0.08029
v 0.56000 -0.15784 0.08304
v 0.55863 -0.15784 0.09608
v 0.56000 -0.15784 0.09539
v 0.55863 -0.15510 0.00412
v 0.56000 -0.15510 0.00343
v 0.55863 -0.15510 0.00549
v 0.56000 -0.15510 0.08029
v 0.56000 -0.15510 0.08304
v 0.55863 -0.15510 0.09608
v 0.56000 -0.15510 0.09539
v 0.56000 -0.15373 0.00412
v 0.55863 -0.15235 0.00549
v 0.56000 -0.15235 0.00480
v 0.55863 -0.15235 0.00686
v 0.56000 -0.15373 0.07961
v 0.56000 -0.15235 0.07892
v 0.55863 -0.15235 0.08235
v 0.56000 -0.15373 0.08235
v 0.56000 -0.15235 0.08167
v 0.55863 -0.15235 0.09608
v 0.56000 -0.15235 0.09539
v 0.56000 -0.15098 0.00549
v 0.55863 -0.14961 0.00686
v 0.56000 -0.14961 0.00618
v 0.55863 -0.14961 0.00824
v 0.56000 -0.14961 0.07892
v 0.56000 -0.14961 0.08167
v 0.55863 -0.14961 0.09608
v 0.56000 -0.14961 0.09539
v 0.56000 -0.14824 0.00686
v 0.55863 -0.14686 0.00824
v 0.56000 -0.14686 0.00755
v 0.55863 -0.14686 0.00961
v 0.56000 -0.14824 0.07824
v 0.56000 -0.14686 0.07755
v 0.55863 -0.14686 0.08098
v 0.56000 -0.14824 0.08098
v 0.56000 -0.14686 0.08029
v 0.55863 -0.14686 0.09608
v 0.56000 -0.14686 0.09539
v 0.56000 -0.14549 0.00824
v 0.56000 -0.14549 0.00961
v 0.55863 -0.14412 0.01098
v 0.56000 -0.14412 0.01029
v 0.55863 -0.14412 0.01235
v 0.56000 -0.14549 0.07686
v 0.56000 -0.14412 0.07618
v 0.55863 -0.14412 0.08098
v 0.56000 -0.14412 0.08029
v 0.55863 -0.14412 0.09608
v 0.56000 -0.14412 0.09539
v 0.56000 -0.14275 0.01098
v 0.56000 -0.14275 0.01235
v 0.55863 -0.14137 0.01373
v 0.56000 -0.14137 0.01304
v 0.55863 -0.14137 0.01510
v 0.55863 -0.14137 0.01647
v 0.55863 -0.14137 0.07412
v 0.56000 -0.14275 0.07412
v 0.56000 -0.14137 0.07343
v 0.56000 -0.14275 0.07549
v 0.56000 -0.14275 0.08098
v 0.56000 -0.14275 0.08235
v 0.55863 -0.14137 0.08373
v 0.56000 -0.14137 0.08304
v 0.55863 -0.14137 0.09471
v 0.56000 -0.14275 0.09471
v 0.56000 -0.14137 0.09402
v 0.56000 -0.14000 0.01373
v 0.56000 -0.14000 0.01510
v 0.56000 -0.14000 0.01647
v 0.55863 -0.13863 0.01784
v 0.56000 -0.13863 0.01716
v 0.55863 -0.13863 0.01922
v 0.55863 -0.13863 0.02059
v 0.55863 -0.13863 0.07275
v 0.56000 -0.14000 0.07275
v 0.56000 -0.13863 0.07206
v 0.56000 -0.14000 0.08373
v 0.56000 -0.13863 0.08441
v 0.55863 -0.13863 0.09333
v 0.56000 -0.14000 0.09333
v 0.56000 -0.13863 0.09265
v 0.56000 -0.13725 0.01784
v 0.56000 -0.13725 0.01922
v 0.56000 -0.13725 0.02059
v 0.56000 -0.13725 0.02196
v 0.56000 -0.13725 0.02333
v 0.55863 -0.13588 0.02471
v 0.56000 -0.13588 0.02402
v 0.55863 -0.13588 0.02608
v 0.55863 -0.13588 0.02745
v 0.55863 -0.13588 0.06725
v 0.55863 -0.13588 0.06863
v 0.56000 -0.13725 0.07000
v 0.56000 -0.13588 0.06931
v 0.56000 -0.13725 0.07137
v 0.56000 -0.13725 0.08510
v 0.56000 -0.13725 0.08647
v 0.56000 -0.13725 0.08784
v 0.56000 -0.13725 0.08922
v 0.56000 -0.13725 0.09059
v 0.56000 -0.13725 0.09196
v 0.56000 -0.13451 0.02471
v 0.56000 -0.13451 0.02608
v 0.56000 -0.13451 0.02745
v 0.56000 -0.13451 0.02882
v 0.56000 -0.13451 0.03020
v 0.56000 -0.13451 0.03157
v 0.56000 -0.13451 0.03294
v 0.55863 -0.13314 0.03431
v 0.56000 -0.13314 0.03363
v 0.56000 -0.13451 0.03569
v 0.56000 -0.13314 0.03500
v 0.55863 -0.13314 0.03706
v 0.56000 -0.13314 0.03637
v 0.55863 -0.13314 0.03843
v 0.55863 -0.13314 0.03980
v 0.56000 -0.13451 0.06451
v 0.56000 -0.13314 0.06382
v 0.56000 -0.13451 0.06588
v 0.56000 -0.13451 0.06725
v 0.56000 -0.13451 0.06863
v 0.56000 -0.13176 0.03431
v 0.56000 -0.13176 0.03706
v 0.56000 -0.13176 0.03843
v 0.56000 -0.13176 0.03980
v 0.56000 -0.13176 0.04118
v 0.56000 -0.13176 0.04255
v 0.56000 -0.13176 0.04392
v 0.56000 -0.13176 0.04529
v 0.56000 -0.13176 0.04667
v 0.56000 -0.13176 0.04804
v 0.56000 -0.13176 0.04941
v 0.56000 -0.13176 0.05078
v 0.56000 -0.13176 0.05216
v 0.56000 -0.13176 0.05353
v 0.56000 -0.13176 0.05490
v 0.56000 -0.13176 0.05627
v 0.56000 -0.13176 0.05765
v 0.56000 -0.13176 0.05902
v 0.56000 -0.13176 0.06039
v 0.56000 -0.13176 0.06176
v 0.56000 -0.13176 0.06314
v 0.56137 -0.19627 0.03020
v 0.56275 -0.19765 0.03020
v 0.56275 -0.19627 0.02951
v 0.56137 -0.19627 0.03157
v 0.56275 -0.19765 0.03157
v 0.56137 -0.19627 0.03294
v 0.56275 -0.19765 0.03294
v 0.56137 -0.19627 0.03431
v 0.56275 -0.19765 0.03431
v 0.56137 -0.19627 0.03569
v 0.56275 -0.19765 0.03569
v 0.56137 -0.19627 0.03706
v 0.56275 -0.19765 0.03706
v 0.56137 -0.19627 0.03843
v 0.56275 -0.19765 0.03843
v 0.56137 -0.19627 0.03980
v 0.56275 -0.19765 0.03980
v 0.56275 -0.19765 0.04118
v 0.56137 -0.19627 0.04255
v 0.56275 -0.19765 0.04255
v 0.56137 -0.19627 0.04392
v 0.56275 -0.19765 0.04392
v 0.56275 -0.19765 0.04529
v 0.56137 -0.19627 0.04667
v 0.56275 -0.19765 0.04667
v 0.56137 -0.19627 0.04804
v 0.56275 -0.19765 0.04804
v 0.56137 -0.19627 0.04941
v 0.56275 -0.19765 0.04941
v 0.56137 -0.19627 0.05078
v 0.56275 -0.19765 0.05078
v 0.56137 -0.19627 0.05216
v 0.56275 -0.19765 0.05216
v 0.56137 -0.19627 0.05353
v 0.56275 -0.19765 0.05353
v 0.56137 -0.19627 0.05490
v 0.56275 -0.19765 0.05490
v 0.56137 -0.19627 0.05627
v 0.56275 -0.19765 0.05627
v 0.56137 -0.19627 0.05765
v 0.56275 -0.19765 0.05765
v 0.56275 -0.19627 0.05833
v 0.56137 -0.19353 0.02196
v 0.56275 -0.19490 0.02196
v 0.56275 -0.19353 0.02127
v 0.56137 -0.19353 0.02333
v 0.56275 -0.19490 0.02333
v 0.56137 -0.19353 0.02471
v 0.56275 -0.19490 0.02471
v 0.56137 -0.19353 0.02608
v 0.56275 -0.19490 0.02608
v 0.56275 -0.19490 0.02745
v 0.56275 -0.19490 0.02882
v 0.56275 -0.19490 0.05902
v 0.56275 -0.19490 0.06039
v 0.56275 -0.19490 0.06176
v 0.56137 -0.19353 0.06314
v 0.56275 -0.19490 0.06314
v 0.56275 -0.19353 0.06382
v 0.56137 -0.19078 0.01510
v 0.56275 -0.19216 0.01510
v 0.56275 -0.19078 0.01441
v 0.56137 -0.19078 0.01647
v 0.56275 -0.19216 0.01647
v 0.56137 -0.19078 0.01784
v 0.56275 -0.19216 0.01784
v 0.56137 -0.19078 0.01922
v 0.56275 -0.19216 0.01922
v 0.56275 -0.19216 0.02059
v 0.56275 -0.19216 0.06451
v 0.56275 -0.19216 0.06588
v 0.56137 -0.19078 0.06725
v 0.56275 -0.19216 0.06725
v 0.56137 -0.19078 0.06863
v 0.56275 -0.19216 0.06863
v 0.56275 -0.19078 0.06931
v 0.56137 -0.18804 0.00961
v 0.56275 -0.18941 0.00961
v 0.56275 -0.18804 0.00892
v 0.56137 -0.18804 0.01098
v 0.56275 -0.18941 0.01098
v 0.56137 -0.18804 0.01235
v 0.56275 -0.18941 0.01235
v 0.56137 -0.18804 0.01373
v 0.56275 -0.18941 0.01373
v 0.56275 -0.18941 0.07000
v 0.56275 -0.18941 0.07137
v 0.56137 -0.18804 0.07275
v 0.56275 -0.18941 0.07275
v 0.56137 -0.18804 0.07412
v 0.56275 -0.18941 0.07412
v 0.56275 -0.18804 0.07480
v 0.56137 -0.18529 0.00824
v 0.56275 -0.18667 0.00824
v 0.56275 -0.18529 0.00755
v 0.56275 -0.18667 0.07549
v 0.56275 -0.18667 0.07686
v 0.56275 -0.18529 0.07755
v 0.56137 -0.18255 0.00549
v 0.56275 -0.18392 0.00549
v 0.56275 -0.18255 0.00480
v 0.56275 -0.18392 0.00686
v 0.56275 -0.18392 0.07824
v 0.56275 -0.18255 0.07892
v 0.56137 -0.17980 0.00412
v 0.56275 -0.18118 0.00412
v 0.56275 -0.17980 0.00343
v 0.56137 -0.17980 0.07961
v 0.56275 -0.17980 0.07892
v 0.56137 -0.17980 0.08373
v 0.56275 -0.18118 0.08373
v 0.56275 -0.17980 0.08304
v 0.56275 -0.17980 0.08441
v 0.56137 -0.17706 0.00275
v 0.56275 -0.17843 0.00275
v 0.56275 -0.17706 0.00206
v 0.56275 -0.17843 0.07961
v 0.56275 -0.17706 0.08029
v 0.56275 -0.17706 0.08304
v 0.56275 -0.17843 0.08510
v 0.56275 -0.17843 0.08647
v 0.56137 -0.17706 0.08784
v 0.56275 -0.17706 0.08716
v 0.56137 -0.17431 0.00137
v 0.56275 -0.17569 0.00137
v 0.56275 -0.17431 0.00069
v 0.56137 -0.17431 0.08098
v 0.56275 -0.17431 0.08029
v 0.56137 -0.17431 0.08235
v 0.56275 -0.17569 0.08235
v 0.56275 -0.17431 0.08167
v 0.56275 -0.17569 0.08373
v 0.56275 -0.17431 0.08304
v 0.56275 -0.17431 0.08441
v 0.56275 -0.17569 0.08784
v 0.56275 -0.17569 0.08922
v 0.56137 -0.17431 0.09059
v 0.56275 -0.17431 0.08990
v 0.56137 -0.17157 0.00000
v 0.56275 -0.17294 0.00000
v 0.56275 -0.17157 -0.00069
v 0.56137 -0.17157 0.00137
v 0.56275 -0.17294 0.08098
v 0.56137 -0.17157 0.08235
v 0.56275 -0.17294 0.08373
v 0.56275 -0.17294 0.09059
v 0.56137 -0.17157 0.09196
v 0.56275 -0.17157 0.09127
v 0.56137 -0.16882 0.00000
v 0.56275 -0.16882 -0.00069
v 0.56275 -0.17020 0.08235
v 0.56275 -0.16882 0.08167
v 0.56275 -0.16882 0.08304
v 0.56275 -0.17020 0.09196
v 0.56137 -0.16882 0.09333
v 0.56275 -0.16882 0.09265
v 0.56137 -0.16608 0.00000
v 0.56275 -0.16608 -0.00069
v 0.56275 -0.16608 0.08167
v 0.56275 -0.16608 0.08304
v 0.56137 -0.16608 0.09333
v 0.56275 -0.16608 0.09265
v 0.56137 -0.16608 0.09471
v 0.56137 -0.16333 0.00000
v 0.56275 -0.16333 -0.00069
v 0.56137 -0.16333 0.08098
v 0.56275 -0.16471 0.08098
v 0.56275 -0.16333 0.08029
v 0.56275 -0.16333 0.08304
v 0.56275 -0.16471 0.09333
v 0.56137 -0.16333 0.09471
v 0.56275 -0.16333 0.09402
v 0.56137 -0.16059 0.00000
v 0.56275 -0.16059 -0.00069
v 0.56137 -0.16059 0.00137
v 0.56137 -0.16059 0.08098
v 0.56275 -0.16059 0.08029
v 0.56137 -0.16059 0.08235
v 0.56275 -0.16196 0.08235
v 0.56275 -0.16059 0.08167
v 0.56137 -0.16059 0.09471
v 0.56275 -0.16059 0.09402
v 0.56275 -0.15922 0.00000
v 0.56137 -0.15784 0.00137
v 0.56275 -0.15784 0.00069
v 0.56137 -0.15784 0.00275
v 0.56275 -0.15784 0.08029
v 0.56137 -0.15784 0.08235
v 0.56275 -0.15784 0.08167
v 0.56137 -0.15784 0.09471
v 0.56275 -0.15784 0.09402
v 0.56275 -0.15647 0.00137
v 0.56137 -0.15510 0.00275
v 0.56275 -0.15510 0.00206
v 0.56275 -0.15510 0.08029
v 0.56137 -0.15510 0.08235
v 0.56275 -0.15510 0.08167
v 0.56137 -0.15510 0.09471
v 0.56275 -0.15510 0.09402
v 0.56137 -0.15235 0.00275
v 0.56275 -0.15235 0.00206
v 0.56137 -0.15235 0.00412
v 0.56275 -0.15373 0.07961
v 0.56275 -0.15235 0.07892
v 0.56275 -0.15235 0.08167
v 0.56137 -0.15235 0.09471
v 0.56275 -0.15235 0.09402
v 0.56275 -0.15098 0.00275
v 0.56275 -0.15098 0.00412
v 0.56137 -0.14961 0.00549
v 0.56275 -0.14961 0.00480
v 0.56275 -0.14961 0.07892
v 0.56137 -0.14961 0.08098
v 0.56275 -0.15098 0.08098
v 0.56275 -0.14961 0.08029
v 0.56137 -0.14961 0.09471
v 0.56275 -0.14961 0.09402
v 0.56275 -0.14824 0.00549
v 0.56137 -0.14686 0.00686
v 0.56275 -0.14686 0.00618
v 0.56275 -0.14824 0.07824
v 0.56275 -0.14686 0.07755
v 0.56275 -0.14686 0.08029
v 0.56137 -0.14686 0.09333
v 0.56275 -0.14824 0.09333
v 0.56275 -0.14686 0.09265
v 0.56137 -0.14686 0.09471
v 0.56275 -0.14549 0.00686
v 0.56137 -0.14412 0.00824
v 0.56275 -0.14412 0.00755
v 0.56137 -0.14412 0.00961
v 0.56275 -0.14549 0.07686
v 0.56275 -0.14412 0.07618
v 0.56275 -0.14412 0.08029
v 0.56137 -0.14412 0.09333
v 0.56275 -0.14412 0.09265
v 0.56137 -0.14412 0.09471
v 0.56275 -0.14275 0.00824
v 0.56275 -0.14275 0.00961
v 0.56275 -0.14275 0.01098
v 0.56137 -0.14137 0.01235
v 0.56275 -0.14137 0.01167
v 0.56275 -0.14275 0.07412
v 0.56275 -0.14137 0.07343
v 0.56275 -0.14275 0.07549
v 0.56275 -0.14275 0.08098
v 0.56275 -0.14275 0.08235
v 0.56275 -0.14137 0.08304
v 0.56137 -0.14137 0.09333
v 0.56275 -0.14137 0.09265
v 0.56275 -0.14000 0.01235
v 0.56137 -0.13863 0.01373
v 0.56275 -0.13863 0.01304
v 0.56137 -0.13863 0.01510
v 0.56137 -0.13863 0.01647
v 0.56275 -0.14000 0.07275
v 0.56275 -0.13863 0.07206
v 0.56137 -0.13863 0.08373
v 0.56275 -0.13863 0.08304
v 0.56137 -0.13863 0.09059
v 0.56275 -0.14000 0.09059
v 0.56275 -0.13863 0.08990
v 0.56137 -0.13863 0.09196
v 0.56275 -0.14000 0.09196
v 0.56275 -0.13725 0.01373
v 0.56275 -0.13725 0.01510
v 0.56275 -0.13725 0.01647
v 0.56275 -0.13725 0.01784
v 0.56275 -0.13725 0.01922
v 0.56137 -0.13588 0.02059
v 0.56275 -0.13588 0.01990
v 0.56137 -0.13588 0.02196
v 0.56137 -0.13588 0.02333
v 0.56275 -0.13725 0.07000
v 0.56275 -0.13588 0.06931
v 0.56275 -0.13725 0.07137
v 0.56137 -0.13588 0.08373
v 0.56275 -0.13588 0.08304
v 0.56137 -0.13588 0.08510
v 0.56275 -0.13725 0.08647
v 0.56275 -0.13588 0.08578
v 0.56275 -0.13725 0.08784
v 0.56275 -0.13725 0.08922
v 0.56275 -0.13451 0.02059
v 0.56275 -0.13451 0.02196
v 0.56275 -0.13451 0.02333
v 0.56275 -0.13451 0.02471
v 0.56275 -0.13451 0.02608
v 0.56275 -0.13451 0.02745
v 0.56137 -0.13314 0.02882
v 0.56275 -0.13314 0.02814
v 0.56137 -0.13314 0.03020
v 0.56137 -0.13314 0.03157
v 0.56137 -0.13314 0.03294
v 0.56137 -0.13314 0.03569
v 0.56137 -0.13314 0.06314
v 0.56275 -0.13451 0.06314
v 0.56275 -0.13314 0.06245
v 0.56275 -0.13451 0.06451
v 0.56275 -0.13451 0.06588
v 0.56275 -0.13451 0.06725
v 0.56275 -0.13451 0.06863
v 0.56275 -0.13451 0.08373
v 0.56275 -0.13451 0.08510
v 0.56275 -0.13176 0.02882
v 0.56275 -0.13176 0.03020
v 0.56275 -0.13176 0.03157
v 0.56275 -0.13176 0.03294
v 0.56275 -0.13176 0.03431
v 0.56275 -0.13176 0.03569
v 0.56275 -0.13176 0.03706
v 0.56275 -0.13176 0.03843
v 0.56275 -0.13176 0.03980
v 0.56275 -0.13176 0.04118
v 0.56275 -0.13176 0.04255
v 0.56275 -0.13176 0.04392
v 0.56275 -0.13176 0.04529
v 0.56275 -0.13176 0.04667
v 0.56275 -0.13176 0.04804
v 0.56275 -0.13176 0.04941
v 0.56275 -0.13176 0.05078
v 0.56275 -0.13176 0.05216
v 0.56275 -0.13176 0.05353
v 0.56275 -0.13176 0.05490
v 0.56275 -0.13176 0.05627
v 0.56275 -0.13176 0.05765
v 0.56275 -0.13176 0.05902
v 0.56275 -0.13176 0.06039
v 0.56275 -0.13176 0.06176
v 0.56412 -0.19902 0.03980
v 0.56549 -0.20039 0.03980
v 0.56549 -0.19902 0.03912
v 0.56549 -0.19902 0.04049
v 0.56412 -0.19902 0.04255
v 0.56549 -0.20039 0.04255
v 0.56549 -0.19902 0.04186
v 0.56549 -0.19902 0.04324
v 0.56412 -0.19627 0.02333
v 0.56549 -0.19765 0.02333
v 0.56549 -0.19627 0.02265
v 0.56412 -0.19627 0.02471
v 0.56549 -0.19765 0.02471
v 0.56412 -0.19627 0.02608
v 0.56549 -0.19765 0.02608
v 0.56412 -0.19627 0.02745
v 0.56549 -0.19765 0.02745
v 0.56412 -0.19627 0.02882
v 0.56549 -0.19765 0.02882
v 0.56549 -0.19765 0.03020
v 0.56549 -0.19765 0.03157
v 0.56549 -0.19765 0.03294
v 0.56549 -0.19765 0.03431
v 0.56549 -0.19765 0.03569
v 0.56549 -0.19765 0.03706
v 0.56549 -0.19765 0.03843
v 0.56549 -0.19765 0.04118
v 0.56549 -0.19765 0.04392
v 0.56549 -0.19765 0.04529
v 0.56549 -0.19765 0.04667
v 0.56549 -0.19765 0.04804
v 0.56549 -0.19765 0.04941
v 0.56549 -0.19765 0.05078
v 0.56549 -0.19765 0.05216
v 0.56549 -0.19765 0.05353
v 0.56549 -0.19765 0.05490
v 0.56549 -0.19765 0.05627
v 0.56549 -0.19765 0.05765
v 0.56412 -0.19627 0.05902
v 0.56549 -0.19765 0.05902
v 0.56412 -0.19627 0.06039
v 0.56549 -0.19765 0.06039
v 0.56549 -0.19627 0.06108
v 0.56412 -0.19353 0.01510
v 0.56549 -0.19490 0.01510
v 0.56549 -0.19353 0.01441
v 0.56412 -0.19353 0.01647
v 0.56549 -0.19490 0.01647
v 0.56412 -0.19353 0.01784
v 0.56549 -0.19490 0.01784
v 0.56412 -0.19353 0.01922
v 0.56549 -0.19490 0.01922
v 0.56412 -0.19353 0.02059
v 0.56549 -0.19490 0.02059
v 0.56549 -0.19490 0.02196
v 0.56549 -0.19490 0.06176
v 0.56549 -0.19490 0.06314
v 0.56412 -0.19353 0.06451
v 0.56549 -0.19490 0.06451
v 0.56412 -0.19353 0.06588
v 0.56549 -0.19490 0.06588
v 0.56549 -0.19353 0.06657
v 0.56412 -0.19078 0.01098
v 0.56549 -0.19216 0.01098
v 0.56549 -0.19078 0.01029
v 0.56412 -0.19078 0.01235
v 0.56549 -0.19216 0.01235
v 0.56412 -0.19078 0.01373
v 0.56549 -0.19216 0.01373
v 0.56549 -0.19216 0.06725
v 0.56549 -0.19216 0.06863
v 0.56412 -0.19078 0.07000
v 0.56549 -0.19216 0.07000
v 0.56549 -0.19078 0.07069
v 0.56549 -0.18941 0.00961
v 0.56549 -0.18804 0.00892
v 0.56549 -0.18941 0.07137
v 0.56549 -0.18941 0.07275
v 0.56412 -0.18804 0.07412
v 0.56549 -0.18804 0.07343
v 0.56412 -0.18529 0.00686
v 0.56549 -0.18667 0.00686
v 0.56549 -0.18529 0.00618
v 0.56549 -0.18667 0.00824
v 0.56549 -0.18667 0.07412
v 0.56549 -0.18667 0.07549
v 0.56412 -0.18529 0.07686
v 0.56549 -0.18529 0.07618
v 0.56412 -0.18255 0.00412
v 0.56549 -0.18392 0.00412
v 0.56549 -0.18255 0.00343
v 0.56549 -0.18392 0.00549
v 0.56549 -0.18392 0.07686
v 0.56412 -0.18255 0.07824
v 0.56549 -0.18255 0.07755
v 0.56412 -0.17980 0.00275
v 0.56549 -0.18118 0.00275
v 0.56549 -0.17980 0.00206
v 0.56549 -0.18118 0.07824
v 0.56549 -0.17980 0.07892
v 0.56549 -0.18118 0.08373
v 0.56549 -0.17980 0.08304
v 0.56549 -0.17980 0.08441
v 0.56412 -0.17706 0.00137
v 0.56549 -0.17843 0.00137
v 0.56549 -0.17706 0.00069
v 0.56549 -0.17843 0.07961
v 0.56549 -0.17706 0.08029
v 0.56549 -0.17706 0.08304
v 0.56549 -0.17843 0.08510
v 0.56549 -0.17843 0.08647
v 0.56549 -0.17706 0.08716
v 0.56412 -0.17431 0.00000
v 0.56549 -0.17569 0.00000
v 0.56549 -0.17431 -0.00069
v 0.56549 -0.17431 0.08029
v 0.56549 -0.17569 0.08235
v 0.56549 -0.17431 0.08167
v 0.56412 -0.17431 0.08373
v 0.56549 -0.17569 0.08784
v 0.56549 -0.17569 0.08922
v 0.56549 -0.17431 0.08990
v 0.56549 -0.17157 -0.00069
v 0.56549 -0.17294 0.08098
v 0.56549 -0.17294 0.09059
v 0.56549 -0.17157 0.09127
v 0.56549 -0.16882 -0.00069
v 0.56412 -0.16882 0.08098
v 0.56549 -0.17020 0.08098
v 0.56549 -0.16882 0.08029
v 0.56412 -0.16882 0.08235
v 0.56549 -0.16882 0.08167
v 0.56412 -0.16882 0.09196
v 0.56549 -0.16882 0.09127
v 0.56549 -0.16608 -0.00069
v 0.56412 -0.16608 0.08098
v 0.56549 -0.16608 0.08029
v 0.56412 -0.16608 0.08235
v 0.56549 -0.16608 0.08167
v 0.56549 -0.16745 0.09196
v 0.56549 -0.16608 0.09265
v 0.56549 -0.16333 -0.00069
v 0.56549 -0.16333 0.08029
v 0.56412 -0.16333 0.08235
v 0.56549 -0.16333 0.08167
v 0.56412 -0.16333 0.09333
v 0.56549 -0.16333 0.09265
v 0.56549 -0.16059 -0.00069
v 0.56549 -0.16059 0.08029
v 0.56549 -0.16059 0.08167
v 0.56412 -0.16059 0.09333
v 0.56549 -0.16059 0.09265
v 0.56412 -0.15784 0.00000
v 0.56549 -0.15784 -0.00069
v 0.56549 -0.15784 0.08029
v 0.56549 -0.15784 0.08167
v 0.56412 -0.15784 0.09333
v 0.56549 -0.15784 0.09265
v 0.56549 -0.15647 0.00000
v 0.56412 -0.15510 0.00137
v 0.56549 -0.15510 0.00069
v 0.56412 -0.15510 0.07961
v 0.56549 -0.15647 0.07961
v 0.56549 -0.15510 0.07892
v 0.56549 -0.15510 0.08167
v 0.56412 -0.15510 0.09333
v 0.56549 -0.15510 0.09265
v 0.56412 -0.15235 0.00137
v 0.56549 -0.15235 0.00069
v 0.56549 -0.15235 0.07892
v 0.56549 -0.15235 0.08167
v 0.56412 -0.15235 0.09333
v 0.56549 -0.15235 0.09265
v 0.56549 -0.15098 0.00137
v 0.56412 -0.14961 0.00275
v 0.56549 -0.14961 0.00206
v 0.56412 -0.14961 0.00412
v 0.56412 -0.14961 0.07824
v 0.56549 -0.15098 0.07824
v 0.56549 -0.14961 0.07755
v 0.56549 -0.15098 0.08098
v 0.56549 -0.14961 0.08029
v 0.56412 -0.14961 0.09333
v 0.56549 -0.14961 0.09265
v 0.56549 -0.14824 0.00275
v 0.56549 -0.14824 0.00412
v 0.56412 -0.14686 0.00549
v 0.56549 -0.14686 0.00480
v 0.56412 -0.14686 0.07686
v 0.56549 -0.14824 0.07686
v 0.56549 -0.14686 0.07618
v 0.56549 -0.14686 0.08029
v 0.56412 -0.14686 0.09196
v 0.56549 -0.14824 0.09196
v 0.56549 -0.14686 0.09127
v 0.56549 -0.14549 0.00549
v 0.56549 -0.14549 0.00686
v 0.56549 -0.14412 0.00755
v 0.56412 -0.14412 0.07549
v 0.56549 -0.14549 0.07549
v 0.56549 -0.14412 0.07480
v 0.56549 -0.14412 0.08029
v 0.56412 -0.14412 0.09196
v 0.56549 -0.14412 0.09127
v 0.56549 -0.14275 0.00824
v 0.56412 -0.14137 0.00961
v 0.56549 -0.14137 0.00892
v 0.56412 -0.14137 0.01098
v 0.56549 -0.14275 0.07412
v 0.56549 -0.14137 0.07343
v 0.56549 -0.14275 0.08098
v 0.56549 -0.14275 0.08235
v 0.56549 -0.14137 0.08304
v 0.56412 -0.14137 0.09196
v 0.56549 -0.14137 0.09127
v 0.56549 -0.14000 0.00961
v 0.56549 -0.14000 0.01098
v 0.56549 -0.14000 0.01235
v 0.56549 -0.13863 0.01304
v 0.56549 -0.14000 0.07275
v 0.56549 -0.13863 0.07206
v 0.56549 -0.13863 0.08304
v 0.56412 -0.13863 0.08922
v 0.56549 -0.14000 0.08922
v 0.56549 -0.13863 0.08853
v 0.56549 -0.14000 0.09059
v 0.56549 -0.13725 0.01373
v 0.56549 -0.13725 0.01510
v 0.56549 -0.13725 0.01647
v 0.56412 -0.13588 0.01784
v 0.56549 -0.13588 0.01716
v 0.56412 -0.13588 0.01922
v 0.56412 -0.13588 0.06863
v 0.56549 -0.13725 0.06863
v 0.56549 -0.13588 0.06794
v 0.56549 -0.13725 0.07000
v 0.56549 -0.13725 0.07137
v 0.56412 -0.13588 0.08373
v 0.56549 -0.13725 0.08373
v 0.56412 -0.13588 0.08510
v 0.56549 -0.13725 0.08510
v 0.56549 -0.13725 0.08647
v 0.56549 -0.13725 0.08784
v 0.56549 -0.13451 0.01784
v 0.56549 -0.13451 0.01922
v 0.56549 -0.13451 0.02059
v 0.56549 -0.13451 0.02196
v 0.56412 -0.13314 0.02333
v 0.56549 -0.13314 0.02265
v 0.56412 -0.13314 0.02471
v 0.56412 -0.13314 0.02608
v 0.56412 -0.13314 0.02745
v 0.56549 -0.13451 0.06314
v 0.56549 -0.13314 0.06245
v 0.56549 -0.13451 0.06451
v 0.56549 -0.13451 0.06588
v 0.56549 -0.13451 0.06725
v 0.56549 -0.13176 0.02333
v 0.56549 -0.13176 0.02471
v 0.56549 -0.13176 0.02608
v 0.56549 -0.13176 0.02745
v 0.56549 -0.13176 0.02882
v 0.56549 -0.13176 0.03020
v 0.56549 -0.13176 0.03157
v 0.56549 -0.13176 0.03294
v 0.56549 -0.13176 0.03431
v 0.56549 -0.13176 0.03569
v 0.56549 -0.13176 0.03706
v 0.56549 -0.13176 0.03843
v 0.56412 -0.13039 0.03980
v 0.56549 -0.13039 0.03912
v 0.56549 -0.13176 0.04118
v 0.56549 -0.13039 0.04049
v 0.56412 -0.13039 0.04255
v 0.56549 -0.13039 0.04186
v 0.56412 -0.13039 0.04392
v 0.56412 -0.13039 0.04529
v 0.56412 -0.13039 0.04667
v 0.56412 -0.13039 0.04804
v 0.56412 -0.13039 0.04941
v 0.56412 -0.13039 0.05078
v 0.56412 -0.13039 0.05216
v 0.56412 -0.13039 0.05353
v 0.56412 -0.13039 0.05490
v 0.56412 -0.13039 0.05627
v 0.56549 -0.13176 0.05765
v 0.56549 -0.13039 0.05696
v 0.56412 -0.13039 0.05902
v 0.56549 -0.13039 0.05833
v 0.56549 -0.13176 0.06039
v 0.56549 -0.13039 0.05971
v 0.56549 -0.13176 0.06176
v 0.56549 -0.12902 0.03980
v 0.56549 -0.12902 0.04255
v 0.56549 -0.12902 0.04392
v 0.56549 -0.12902 0.04529
v 0.56549 -0.12902 0.04667
v 0.56549 -0.12902 0.04804
v 0.56549 -0.12902 0.04941
v 0.56549 -0.12902 0.05078
v 0.56549 -0.12902 0.05216
v 0.56549 -0.12902 0.05353
v 0.56549 -0.12902 0.05490
v 0.56549 -0.12902 0.05627
v 0.56549 -0.12902 0.05902
v 0.56686 -0.19902 0.03020
v 0.56824 -0.20039 0.03020
v 0.56824 -0.19902 0.02951
v 0.56824 -0.19902 0.03088
v 0.56686 -0.19902 0.03294
v 0.56824 -0.20039 0.03294
v 0.56824 -0.19902 0.03225
v 0.56686 -0.19902 0.03431
v 0.56824 -0.20039 0.03431
v 0.56686 -0.19902 0.03569
v 0.56824 -0.20039 0.03569
v 0.56686 -0.19902 0.03706
v 0.56824 -0.20039 0.03706
v 0.56686 -0.19902 0.03843
v 0.56824 -0.20039 0.03843
v 0.56824 -0.20039 0.03980
v 0.56686 -0.19902 0.04118
v 0.56824 -0.20039 0.04118
v 0.56824 -0.20039 0.04255
v 0.56686 -0.19902 0.04392
v 0.56824 -0.20039 0.04392
v 0.56686 -0.19902 0.04529
v 0.56824 -0.20039 0.04529
v 0.56686 -0.19902 0.04667
v 0.56824 -0.20039 0.04667
v 0.56686 -0.19902 0.04804
v 0.56824 -0.20039 0.04804
v 0.56824 -0.19902 0.04873
v 0.56686 -0.19627 0.01922
v 0.56824 -0.19765 0.01922
v 0.56824 -0.19627 0.01853
v 0.56686 -0.19627 0.02059
v 0.56824 -0.19765 0.02059
v 0.56686 -0.19627 0.02196
v 0.56824 -0.19765 0.02196
v 0.56824 -0.19765 0.02333
v 0.56824 -0.19765 0.02471
v 0.56824 -0.19765 0.02608
v 0.56824 -0.19765 0.02745
v 0.56824 -0.19765 0.02882
v 0.56824 -0.19765 0.03157
v 0.56824 -0.19765 0.04941
v 0.56824 -0.19765 0.05078
v 0.56824 -0.19765 0.05216
v 0.56824 -0.19765 0.05353
v 0.56824 -0.19765 0.05490
v 0.56824 -0.19765 0.05627
v 0.56824 -0.19765 0.05765
v 0.56824 -0.19765 0.05902
v 0.56824 -0.19765 0.06039
v 0.56824 -0.19627 0.06108
v 0.56686 -0.19353 0.01373
v 0.56824 -0.19490 0.01373
v 0.56824 -0.19353 0.01304
v 0.56824 -0.19490 0.01510
v 0.56824 -0.19490 0.01647
v 0.56824 -0.19490 0.01784
v 0.56824 -0.19490 0.06176
v 0.56824 -0.19490 0.06314
v 0.56824 -0.19490 0.06451
v 0.56824 -0.19490 0.06588
v 0.56686 -0.19353 0.06725
v 0.56824 -0.19490 0.06725
v 0.56824 -0.19353 0.06794
v 0.56824 -0.19216 0.01098
v 0.56824 -0.19078 0.01029
v 0.56824 -0.19216 0.01235
v 0.56824 -0.19216 0.06863
v 0.56824 -0.19216 0.07000
v 0.56824 -0.19078 0.07069
v 0.56686 -0.18804 0.00686
v 0.56824 -0.18941 0.00686
v 0.56824 -0.18804 0.00618
v 0.56686 -0.18804 0.00824
v 0.56824 -0.18941 0.00824
v 0.56824 -0.18941 0.00961
v 0.56824 -0.18941 0.07137
v 0.56824 -0.18941 0.07275
v 0.56824 -0.18804 0.07343
v 0.56686 -0.18529 0.00412
v 0.56824 -0.18667 0.00412
v 0.56824 -0.18529 0.00343
v 0.56686 -0.18529 0.00549
v 0.56824 -0.18667 0.00549
v 0.56824 -0.18667 0.07412
v 0.56824 -0.18667 0.07549
v 0.56824 -0.18529 0.07618
v 0.56686 -0.18255 0.00137
v 0.56824 -0.18392 0.00137
v 0.56824 -0.18255 0.00069
v 0.56686 -0.18255 0.00275
v 0.56824 -0.18392 0.00275
v 0.56824 -0.18392 0.07686
v 0.56824 -0.18255 0.07755
v 0.56686 -0.17980 0.00137
v 0.56824 -0.17980 0.00069
v 0.56824 -0.18118 0.07824
v 0.56824 -0.17980 0.07892
v 0.56824 -0.18118 0.08373
v 0.56824 -0.17980 0.08304
v 0.56824 -0.17980 0.08441
v 0.56686 -0.17706 0.00000
v 0.56824 -0.17843 0.00000
v 0.56824 -0.17706 -0.00069
v 0.56824 -0.17843 0.07961
v 0.56824 -0.17706 0.08029
v 0.56686 -0.17706 0.08235
v 0.56824 -0.17843 0.08235
v 0.56824 -0.17706 0.08167
v 0.56824 -0.17843 0.08510
v 0.56824 -0.17843 0.08647
v 0.56824 -0.17706 0.08716
v 0.56824 -0.17431 -0.00069
v 0.56824 -0.17431 0.08029
v 0.56824 -0.17431 0.08167
v 0.56824 -0.17569 0.08784
v 0.56686 -0.17431 0.08922
v 0.56824 -0.17431 0.08853
v 0.56824 -0.17157 -0.00069
v 0.56824 -0.17294 0.08098
v 0.56686 -0.17157 0.08922
v 0.56824 -0.17157 0.08853
v 0.56686 -0.17157 0.09059
v 0.56824 -0.16882 -0.00069
v 0.56824 -0.17020 0.08098
v 0.56824 -0.16882 0.08029
v 0.56824 -0.16882 0.08167
v 0.56824 -0.17020 0.08922
v 0.56686 -0.16882 0.09059
v 0.56824 -0.16882 0.08990
v 0.56824 -0.16608 -0.00069
v 0.56824 -0.16608 0.08029
v 0.56824 -0.16608 0.08167
v 0.56824 -0.16745 0.09059
v 0.56686 -0.16608 0.09196
v 0.56824 -0.16608 0.09127
v 0.56824 -0.16333 -0.00069
v 0.56824 -0.16333 0.08029
v 0.56824 -0.16333 0.08167
v 0.56686 -0.16333 0.09196
v 0.56824 -0.16333 0.09127
v 0.56824 -0.16059 -0.00069
v 0.56824 -0.16059 0.08029
v 0.56824 -0.16059 0.08167
v 0.56686 -0.16059 0.09196
v 0.56824 -0.16059 0.09127
v 0.56824 -0.15784 -0.00069
v 0.56686 -0.15784 0.07961
v 0.56824 -0.15922 0.07961
v 0.56824 -0.15784 0.07892
v 0.56824 -0.15784 0.08167
v 0.56686 -0.15784 0.09196
v 0.56824 -0.15784 0.09127
v 0.56686 -0.15510 0.00000
v 0.56824 -0.15510 -0.00069
v 0.56824 -0.15510 0.07892
v 0.56824 -0.15510 0.08167
v 0.56686 -0.15510 0.09196
v 0.56824 -0.15510 0.09127
v 0.56686 -0.15235 0.00000
v 0.56824 -0.15235 -0.00069
v 0.56686 -0.15235 0.07824
v 0.56824 -0.15373 0.07824
v 0.56824 -0.15235 0.07755
v 0.56686 -0.15235 0.08098
v 0.56824 -0.15373 0.08098
v 0.56824 -0.15235 0.08029
v 0.56686 -0.15235 0.09196
v 0.56824 -0.15235 0.09127
v 0.56824 -0.15098 0.00000
v 0.56824 -0.15098 0.00137
v 0.56824 -0.14961 0.00206
v 0.56824 -0.14961 0.07755
v 0.56686 -0.14961 0.07961
v 0.56824 -0.15098 0.07961
v 0.56824 -0.14961 0.07892
v 0.56686 -0.14961 0.09196
v 0.56824 -0.14961 0.09127
v 0.56824 -0.14824 0.00275
v 0.56686 -0.14686 0.00412
v 0.56824 -0.14686 0.00343
v 0.56824 -0.14824 0.07686
v 0.56824 -0.14686 0.07618
v 0.56686 -0.14686 0.07961
v 0.56824 -0.14686 0.07892
v 0.56686 -0.14686 0.09059
v 0.56824 -0.14824 0.09059
v 0.56824 -0.14686 0.08990
v 0.56824 -0.14549 0.00412
v 0.56824 -0.14549 0.00549
v 0.56686 -0.14412 0.00686
v 0.56824 -0.14412 0.00618
v 0.56824 -0.14549 0.07549
v 0.56824 -0.14412 0.07480
v 0.56686 -0.14412 0.07961
v 0.56824 -0.14412 0.07892
v 0.56686 -0.14412 0.08922
v 0.56824 -0.14549 0.08922
v 0.56824 -0.14412 0.08853
v 0.56686 -0.14412 0.09059
v 0.56824 -0.14275 0.00686
v 0.56686 -0.14137 0.00824
v 0.56824 -0.14137 0.00755
v 0.56686 -0.14137 0.07275
v 0.56824 -0.14275 0.07275
v 0.56824 -0.14137 0.07206
v 0.56824 -0.14275 0.07412
v 0.56824 -0.14275 0.07961
v 0.56824 -0.14275 0.08098
v 0.56686 -0.14137 0.08235
v 0.56824 -0.14137 0.08167
v 0.56686 -0.14137 0.08922
v 0.56824 -0.14137 0.08853
v 0.56686 -0.14137 0.09059
v 0.56824 -0.14000 0.00824
v 0.56824 -0.14000 0.00961
v 0.56824 -0.14000 0.01098
v 0.56686 -0.13863 0.01235
v 0.56824 -0.13863 0.01167
v 0.56686 -0.13863 0.07137
v 0.56824 -0.14000 0.07137
v 0.56824 -0.13863 0.07069
v 0.56824 -0.14000 0.08235
v 0.56824 -0.13863 0.08304
v 0.56686 -0.13863 0.08784
v 0.56824 -0.14000 0.08784
v 0.56824 -0.13863 0.08716
v 0.56824 -0.13725 0.01235
v 0.56824 -0.13725 0.01373
v 0.56824 -0.13725 0.01510
v 0.56686 -0.13588 0.01647
v 0.56824 -0.13588 0.01578
v 0.56686 -0.13588 0.06863
v 0.56824 -0.13725 0.07000
v 0.56824 -0.13588 0.06931
v 0.56824 -0.13725 0.08373
v 0.56824 -0.13725 0.08510
v 0.56824 -0.13725 0.08647
v 0.56824 -0.13451 0.01647
v 0.56824 -0.13451 0.01784
v 0.56824 -0.13451 0.01922
v 0.56824 -0.13451 0.02059
v 0.56686 -0.13314 0.02196
v 0.56824 -0.13314 0.02127
v 0.56824 -0.13451 0.06314
v 0.56824 -0.13314 0.06245
v 0.56824 -0.13451 0.06451
v 0.56824 -0.13451 0.06588
v 0.56824 -0.13451 0.06725
v 0.56824 -0.13451 0.06863
v 0.56824 -0.13176 0.02196
v 0.56824 -0.13176 0.02333
v 0.56824 -0.13176 0.02471
v 0.56824 -0.13176 0.02608
v 0.56824 -0.13176 0.02745
v 0.56824 -0.13176 0.02882
v 0.56824 -0.13176 0.03020
v 0.56686 -0.13039 0.03157
v 0.56824 -0.13039 0.03088
v 0.56686 -0.13039 0.03294
v 0.56686 -0.13039 0.03431
v 0.56686 -0.13039 0.03569
v 0.56686 -0.13039 0.03706
v 0.56686 -0.13039 0.03843
v 0.56686 -0.13039 0.04118
v 0.56686 -0.13039 0.05765
v 0.56686 -0.13039 0.06039
v 0.56824 -0.13176 0.06176
v 0.56824 -0.13039 0.06108
v 0.56824 -0.12902 0.03157
v 0.56824 -0.12902 0.03294
v 0.56824 -0.12902 0.03431
v 0.56824 -0.12902 0.03569
v 0.56824 -0.12902 0.03706
v 0.56824 -0.12902 0.03843
v 0.56824 -0.12902 0.03980
v 0.56824 -0.12902 0.04118
v 0.56824 -0.12902 0.04255
v 0.56824 -0.12902 0.04392
v 0.56824 -0.12902 0.04529
v 0.56824 -0.12902 0.04667
v 0.56824 -0.12902 0.04804
v 0.56824 -0.12902 0.04941
v 0.56824 -0.12902 0.05078
v 0.56824 -0.12902 0.05216
v 0.56824 -0.12902 0.05353
v 0.56824 -0.12902 0.05490
v 0.56824 -0.12902 0.05627
v 0.56824 -0.12902 0.05765
v 0.56824 -0.12902 0.05902
v 0.56824 -0.12902 0.06039
v 0.56961 -0.19902 0.02745
v 0.57098 -0.20039 0.02745
v 0.57098 -0.19902 0.02676
v 0.56961 -0.19902 0.02882
v 0.57098 -0.20039 0.02882
v 0.57098 -0.20039 0.03020
v 0.56961 -0.19902 0.03157
v 0.57098 -0.20039 0.03157
v 0.57098 -0.20039 0.03294
v 0.57098 -0.20039 0.03431
v 0.57098 -0.20039 0.03569
v 0.57098 -0.20039 0.03706
v 0.57098 -0.20039 0.03843
v 0.57098 -0.20039 0.03980
v 0.57098 -0.20039 0.04118
v 0.57098 -0.20039 0.04255
v 0.57098 -0.20039 0.04392
v 0.57098 -0.20039 0.04529
v 0.57098 -0.20039 0.04667
v 0.57098 -0.20039 0.04804
v 0.56961 -0.19902 0.04941
v 0.57098 -0.20039 0.04941
v 0.56961 -0.19902 0.05078
v 0.57098 -0.20039 0.05078
v 0.56961 -0.19902 0.05216
v 0.57098 -0.20039 0.05216
v 0.56961 -0.19902 0.05353
v 0.57098 -0.20039 0.05353
v 0.57098 -0.19902 0.05422
v 0.56961 -0.19627 0.01784
v 0.57098 -0.19765 0.01784
v 0.57098 -0.19627 0.01716
v 0.57098 -0.19765 0.01922
v 0.57098 -0.19765 0.02059
v 0.57098 -0.19765 0.02196
v 0.57098 -0.19765 0.02333
v 0.57098 -0.19765 0.02471
v 0.57098 -0.19765 0.02608
v 0.57098 -0.19765 0.05490
v 0.57098 -0.19765 0.05627
v 0.57098 -0.19765 0.05765
v 0.57098 -0.19765 0.05902
v 0.57098 -0.19765 0.06039
v 0.56961 -0.19627 0.06176
v 0.57098 -0.19765 0.06176
v 0.56961 -0.19627 0.06314
v 0.57098 -0.19765 0.06314
v 0.57098 -0.19627 0.06382
v 0.56961 -0.19353 0.01235
v 0.57098 -0.19490 0.01235
v 0.57098 -0.19353 0.01167
v 0.57098 -0.19490 0.01373
v 0.57098 -0.19490 0.01510
v 0.57098 -0.19490 0.01647
v 0.57098 -0.19490 0.06451
v 0.57098 -0.19490 0.06588
v 0.57098 -0.19490 0.06725
v 0.57098 -0.19353 0.06794
v 0.56961 -0.19078 0.00961
v 0.57098 -0.19216 0.00961
v 0.57098 -0.19078 0.00892
v 0.57098 -0.19216 0.01098
v 0.57098 -0.19216 0.06863
v 0.57098 -0.19216 0.07000
v 0.57098 -0.19078 0.07069
v 0.56961 -0.18804 0.00549
v 0.57098 -0.18941 0.00549
v 0.57098 -0.18804 0.00480
v 0.57098 -0.18941 0.00686
v 0.57098 -0.18941 0.00824
v 0.57098 -0.18941 0.07137
v 0.57098 -0.18941 0.07275
v 0.56961 -0.18804 0.07412
v 0.57098 -0.18941 0.07412
v 0.57098 -0.18804 0.07480
v 0.56961 -0.18529 0.00275
v 0.57098 -0.18667 0.00275
v 0.57098 -0.18529 0.00206
v 0.57098 -0.18667 0.00412
v 0.57098 -0.18667 0.07549
v 0.57098 -0.18529 0.07618
v 0.57098 -0.18392 0.00137
v 0.57098 -0.18255 0.00069
v 0.56961 -0.18255 0.07686
v 0.57098 -0.18255 0.07618
v 0.56961 -0.17980 0.00000
v 0.57098 -0.18118 0.00000
v 0.57098 -0.17980 -0.00069
v 0.57098 -0.18118 0.07686
v 0.57098 -0.18118 0.07824
v 0.57098 -0.17980 0.07892
v 0.56961 -0.17980 0.08235
v 0.57098 -0.18118 0.08235
v 0.57098 -0.17980 0.08167
v 0.57098 -0.18118 0.08373
v 0.57098 -0.17980 0.08441
v 0.57098 -0.17706 -0.00069
v 0.56961 -0.17706 0.07961
v 0.57098 -0.17706 0.07892
v 0.57098 -0.17706 0.08167
v 0.57098 -0.17843 0.08510
v 0.56961 -0.17706 0.08647
v 0.57098 -0.17706 0.08578
v 0.57098 -0.17431 -0.00069
v 0.56961 -0.17431 0.07961
v 0.57098 -0.17431 0.07892
v 0.56961 -0.17431 0.08098
v 0.57098 -0.17569 0.08098
v 0.57098 -0.17431 0.08029
v 0.57098 -0.17569 0.08647
v 0.56961 -0.17431 0.08784
v 0.57098 -0.17431 0.08716
v 0.57098 -0.17157 -0.00069
v 0.56961 -0.17157 0.07961
v 0.57098 -0.17157 0.07892
v 0.57098 -0.17157 0.08029
v 0.56961 -0.17157 0.08784
v 0.57098 -0.17157 0.08716
v 0.57098 -0.16882 -0.00069
v 0.57098 -0.17020 0.07961
v 0.57098 -0.17020 0.08098
v 0.57098 -0.16882 0.08029
v 0.57098 -0.16882 0.08167
v 0.57098 -0.17020 0.08784
v 0.56961 -0.16882 0.08922
v 0.57098 -0.16882 0.08853
v 0.57098 -0.16608 -0.00069
v 0.57098 -0.16608 0.08029
v 0.57098 -0.16608 0.08167
v 0.57098 -0.16745 0.08922
v 0.56961 -0.16608 0.09059
v 0.57098 -0.16608 0.08990
v 0.57098 -0.16333 -0.00069
v 0.56961 -0.16333 0.07961
v 0.57098 -0.16471 0.07961
v 0.57098 -0.16333 0.07892
v 0.57098 -0.16333 0.08167
v 0.56961 -0.16333 0.09059
v 0.57098 -0.16333 0.08990
v 0.57098 -0.16059 -0.00069
v 0.56961 -0.16059 0.07961
v 0.57098 -0.16059 0.07892
v 0.56961 -0.16059 0.08098
v 0.57098 -0.16196 0.08098
v 0.57098 -0.16059 0.08029
v 0.56961 -0.16059 0.09059
v 0.57098 -0.16059 0.08990
v 0.57098 -0.15784 -0.00069
v 0.57098 -0.15784 0.07892
v 0.56961 -0.15784 0.08098
v 0.57098 -0.15784 0.08029
v 0.56961 -0.15784 0.09059
v 0.57098 -0.15784 0.08990
v 0.57098 -0.15510 -0.00069
v 0.57098 -0.15510 0.07892
v 0.56961 -0.15510 0.08098
v 0.57098 -0.15510 0.08029
v 0.56961 -0.15510 0.09059
v 0.57098 -0.15510 0.08990
v 0.57098 -0.15235 -0.00069
v 0.57098 -0.15373 0.07824
v 0.57098 -0.15235 0.07755
v 0.57098 -0.15235 0.08029
v 0.56961 -0.15235 0.09059
v 0.57098 -0.15235 0.08990
v 0.57098 -0.15098 0.00000
v 0.56961 -0.14961 0.00137
v 0.57098 -0.14961 0.00069
v 0.57098 -0.14961 0.07755
v 0.57098 -0.15098 0.07961
v 0.57098 -0.14961 0.07892
v 0.56961 -0.14961 0.09059
v 0.57098 -0.14961 0.08990
v 0.57098 -0.14824 0.00137
v 0.56961 -0.14686 0.00275
v 0.57098 -0.14686 0.00206
v 0.57098 -0.14824 0.07686
v 0.57098 -0.14686 0.07618
v 0.57098 -0.14686 0.07892
v 0.56961 -0.14686 0.08922
v 0.57098 -0.14824 0.08922
v 0.57098 -0.14686 0.08853
v 0.57098 -0.14549 0.00275
v 0.57098 -0.14549 0.00412
v 0.56961 -0.14412 0.00549
v 0.57098 -0.14412 0.00480
v 0.57098 -0.14549 0.07549
v 0.57098 -0.14412 0.07480
v 0.57098 -0.14412 0.07892
v 0.56961 -0.14412 0.08784
v 0.57098 -0.14549 0.08784
v 0.57098 -0.14412 0.08716
v 0.57098 -0.14275 0.00549
v 0.57098 -0.14275 0.00686
v 0.57098 -0.14137 0.00755
v 0.56961 -0.14137 0.07275
v 0.57098 -0.14275 0.07412
v 0.57098 -0.14137 0.07343
v 0.57098 -0.14275 0.07961
v 0.57098 -0.14275 0.08098
v 0.57098 -0.14137 0.08167
v 0.56961 -0.14137 0.08784
v 0.57098 -0.14137 0.08716
v 0.57098 -0.14000 0.00824
v 0.57098 -0.14000 0.00961
v 0.56961 -0.13863 0.01098
v 0.57098 -0.13863 0.01029
v 0.57098 -0.14000 0.07137
v 0.57098 -0.13863 0.07069
v 0.57098 -0.14000 0.07275
v 0.56961 -0.13863 0.08235
v 0.57098 -0.13863 0.08167
v 0.56961 -0.13863 0.08647
v 0.57098 -0.14000 0.08647
v 0.57098 -0.13863 0.08578
v 0.57098 -0.13725 0.01098
v 0.57098 -0.13725 0.01235
v 0.57098 -0.13725 0.01373
v 0.56961 -0.13588 0.01510
v 0.57098 -0.13588 0.01441
v 0.56961 -0.13588 0.06863
v 0.57098 -0.13725 0.06863
v 0.57098 -0.13588 0.06794
v 0.57098 -0.13725 0.07000
v 0.57098 -0.13725 0.08235
v 0.57098 -0.13725 0.08373
v 0.57098 -0.13725 0.08510
v 0.57098 -0.13451 0.01510
v 0.57098 -0.13451 0.01647
v 0.57098 -0.13451 0.01784
v 0.57098 -0.13451 0.01922
v 0.56961 -0.13314 0.02059
v 0.57098 -0.13314 0.01990
v 0.56961 -0.13314 0.06314
v 0.57098 -0.13451 0.06451
v 0.57098 -0.13314 0.06382
v 0.57098 -0.13451 0.06588
v 0.57098 -0.13451 0.06725
v 0.57098 -0.13176 0.02059
v 0.57098 -0.13176 0.02196
v 0.57098 -0.13176 0.02333
v 0.57098 -0.13176 0.02471
v 0.57098 -0.13176 0.02608
v 0.56961 -0.13039 0.02745
v 0.57098 -0.13039 0.02676
v 0.56961 -0.13039 0.02882
v 0.56961 -0.13039 0.03020
v 0.56961 -0.13039 0.06039
v 0.57098 -0.13176 0.06039
v 0.57098 -0.13039 0.05971
v 0.57098 -0.13176 0.06176
v 0.57098 -0.13176 0.06314
v 0.57098 -0.12902 0.02745
v 0.57098 -0.12902 0.02882
v 0.57098 -0.12902 0.03020
v 0.57098 -0.12902 0.03157
v 0.57098 -0.12902 0.03294
v 0.57098 -0.12902 0.03431
v 0.57098 -0.12902 0.03569
v 0.57098 -0.12902 0.03706
v 0.57098 -0.12902 0.03843
v 0.57098 -0.12902 0.03980
v 0.57098 -0.12902 0.04118
v 0.57098 -0.12902 0.04255
v 0.57098 -0.12902 0.04392
v 0.57098 -0.12902 0.04529
v 0.57098 -0.12902 0.04667
v 0.57098 -0.12902 0.04804
v 0.57098 -0.12902 0.04941
v 0.57098 -0.12902 0.05078
v 0.57098 -0.12902 0.05216
v 0.57098 -0.12902 0.05353
v 0.57098 -0.12902 0.05490
v 0.57098 -0.12902 0.05627
v 0.57098 -0.12902 0.05765
v 0.57098 -0.12902 0.05902
v 0.57235 -0.19902 0.02471
v 0.57373 -0.20039 0.02471
v 0.57373 -0.19902 0.02402
v 0.57235 -0.19902 0.02608
v 0.57373 -0.20039 0.02608
v 0.57373 -0.20039 0.02745
v 0.57373 -0.20039 0.02882
v 0.57373 -0.20039 0.03020
v 0.57373 -0.20039 0.03157
v 0.57373 -0.20039 0.03294
v 0.57373 -0.20039 0.03431
v 0.57373 -0.20039 0.03569
v 0.57373 -0.20039 0.03706
v 0.57373 -0.20039 0.03843
v 0.57373 -0.20039 0.03980
v 0.57373 -0.20039 0.04118
v 0.57373 -0.20039 0.04255
v 0.57373 -0.20039 0.04392
v 0.57373 -0.20039 0.04529
v 0.57373 -0.20039 0.04667
v 0.57373 -0.20039 0.04804
v 0.57373 -0.20039 0.04941
v 0.57373 -0.20039 0.05078
v 0.57373 -0.20039 0.05216
v 0.57373 -0.20039 0.05353
v 0.57235 -0.19902 0.05490
v 0.57373 -0.20039 0.05490
v 0.57235 -0.19902 0.05627
v 0.57373 -0.20039 0.05627
v 0.57373 -0.19902 0.05696
v 0.57235 -0.19627 0.01647
v 0.57373 -0.19765 0.01647
v 0.57373 -0.19627 0.01578
v 0.57373 -0.19765 0.01784
v 0.57373 -0.19765 0.01922
v 0.57373 -0.19765 0.02059
v 0.57373 -0.19765 0.02196
v 0.57373 -0.19765 0.02333
v 0.57373 -0.19765 0.05765
v 0.57373 -0.19765 0.05902
v 0.57373 -0.19765 0.06039
v 0.57373 -0.19765 0.06176
v 0.57373 -0.19765 0.06314
v 0.57373 -0.19627 0.06382
v 0.57235 -0.19353 0.01098
v 0.57373 -0.19490 0.01098
v 0.57373 -0.19353 0.01029
v 0.57373 -0.19490 0.01235
v 0.57373 -0.19490 0.01373
v 0.57373 -0.19490 0.01510
v 0.57373 -0.19490 0.06451
v 0.57373 -0.19490 0.06588
v 0.57373 -0.19490 0.06725
v 0.57373 -0.19353 0.06794
v 0.57235 -0.19078 0.00686
v 0.57373 -0.19216 0.00686
v 0.57373 -0.19078 0.00618
v 0.57235 -0.19078 0.00824
v 0.57373 -0.19216 0.00824
v 0.57373 -0.19216 0.00961
v 0.57373 -0.19216 0.06863
v 0.57373 -0.19216 0.07000
v 0.57235 -0.19078 0.07137
v 0.57373 -0.19216 0.07137
v 0.57373 -0.19078 0.07206
v 0.57235 -0.18804 0.00412
v 0.57373 -0.18941 0.00412
v 0.57373 -0.18804 0.00343
v 0.57373 -0.18941 0.00549
v 0.57373 -0.18941 0.07275
v 0.57373 -0.18941 0.07412
v 0.57373 -0.18804 0.07480
v 0.57235 -0.18529 0.00137
v 0.57373 -0.18667 0.00137
v 0.57373 -0.18529 0.00069
v 0.57373 -0.18667 0.00275
v 0.57235 -0.18529 0.07549
v 0.57373 -0.18529 0.07480
v 0.57235 -0.18255 0.00000
v 0.57373 -0.18392 0.00000
v 0.57373 -0.18255 -0.00069
v 0.57373 -0.18392 0.07549
v 0.57235 -0.18255 0.07686
v 0.57373 -0.18392 0.07686
v 0.57373 -0.18255 0.07755
v 0.57235 -0.18255 0.08098
v 0.57373 -0.18392 0.08098
v 0.57373 -0.18255 0.08029
v 0.57373 -0.18255 0.08167
v 0.57373 -0.17980 -0.00069
v 0.57235 -0.17980 0.07824
v 0.57373 -0.17980 0.07755
v 0.57235 -0.17980 0.08098
v 0.57373 -0.17980 0.08029
v 0.57373 -0.18118 0.08235
v 0.57235 -0.17980 0.08373
v 0.57373 -0.17980 0.08304
v 0.57373 -0.17706 -0.00069
v 0.57373 -0.17843 0.07824
v 0.57373 -0.17706 0.07892
v 0.57373 -0.17843 0.08098
v 0.57373 -0.17706 0.08167
v 0.57373 -0.17843 0.08373
v 0.57235 -0.17706 0.08510
v 0.57373 -0.17706 0.08441
v 0.57373 -0.17431 -0.00069
v 0.57373 -0.17431 0.07892
v 0.57373 -0.17569 0.08098
v 0.57373 -0.17431 0.08029
v 0.57373 -0.17569 0.08510
v 0.57235 -0.17431 0.08647
v 0.57373 -0.17431 0.08578
v 0.57373 -0.17157 -0.00069
v 0.57373 -0.17157 0.07892
v 0.57373 -0.17157 0.08029
v 0.57373 -0.17294 0.08647
v 0.57373 -0.17157 0.08716
v 0.57373 -0.16882 -0.00069
v 0.57235 -0.16882 0.07961
v 0.57373 -0.16882 0.07892
v 0.57235 -0.16882 0.08098
v 0.57373 -0.16882 0.08029
v 0.57235 -0.16882 0.08784
v 0.57373 -0.16882 0.08716
v 0.57373 -0.16608 -0.00069
v 0.57235 -0.16608 0.07961
v 0.57373 -0.16608 0.07892
v 0.57235 -0.16608 0.08098
v 0.57373 -0.16608 0.08029
v 0.57373 -0.16745 0.08784
v 0.57235 -0.16608 0.08922
v 0.57373 -0.16608 0.08853
v 0.57373 -0.16333 -0.00069
v 0.57373 -0.16333 0.07892
v 0.57235 -0.16333 0.08098
v 0.57373 -0.16333 0.08029
v 0.57235 -0.16333 0.08922
v 0.57373 -0.16333 0.08853
v 0.57373 -0.16059 -0.00069
v 0.57373 -0.16059 0.07892
v 0.57373 -0.16059 0.08029
v 0.57235 -0.16059 0.08922
v 0.57373 -0.16059 0.08853
v 0.57373 -0.15784 -0.00069
v 0.57373 -0.15784 0.07892
v 0.57373 -0.15784 0.08029
v 0.57373 -0.15922 0.08922
v 0.57373 -0.15784 0.08990
v 0.57373 -0.15510 -0.00069
v 0.57235 -0.15510 0.07824
v 0.57373 -0.15647 0.07824
v 0.57373 -0.15510 0.07755
v 0.57373 -0.15510 0.08029
v 0.57235 -0.15510 0.08922
v 0.57373 -0.15647 0.08922
v 0.57373 -0.15510 0.08853
v 0.57373 -0.15235 -0.00069
v 0.57235 -0.15235 0.07686
v 0.57373 -0.15373 0.07686
v 0.57373 -0.15235 0.07618
v 0.57373 -0.15235 0.08029
v 0.57235 -0.15235 0.08922
v 0.57373 -0.15235 0.08853
v 0.57235 -0.14961 0.00000
v 0.57373 -0.14961 -0.00069
v 0.57235 -0.14961 0.07686
v 0.57373 -0.14961 0.07618
v 0.57373 -0.15098 0.07961
v 0.57373 -0.14961 0.07892
v 0.57235 -0.14961 0.08922
v 0.57373 -0.14961 0.08853
v 0.57373 -0.14824 0.00000
v 0.57373 -0.14824 0.00137
v 0.57373 -0.14686 0.00206
v 0.57235 -0.14686 0.07549
v 0.57373 -0.14824 0.07549
v 0.57373 -0.14686 0.07480
v 0.57373 -0.14686 0.07892
v 0.57235 -0.14686 0.08784
v 0.57373 -0.14824 0.08784
v 0.57373 -0.14686 0.08716
v 0.57373 -0.14549 0.00275
v 0.57235 -0.14412 0.00412
v 0.57373 -0.14412 0.00343
v 0.57373 -0.14412 0.07480
v 0.57235 -0.14412 0.07961
v 0.57373 -0.14549 0.07961
v 0.57373 -0.14412 0.08029
v 0.57235 -0.14412 0.08647
v 0.57373 -0.14549 0.08647
v 0.57373 -0.14412 0.08578
v 0.57373 -0.14275 0.00412
v 0.57373 -0.14275 0.00549
v 0.57235 -0.14137 0.00686
v 0.57373 -0.14137 0.00618
v 0.57235 -0.14137 0.07275
v 0.57373 -0.14275 0.07275
v 0.57373 -0.14137 0.07206
v 0.57373 -0.14275 0.07412
v 0.57373 -0.14275 0.08098
v 0.57373 -0.14137 0.08167
v 0.57235 -0.14137 0.08510
v 0.57373 -0.14275 0.08510
v 0.57373 -0.14137 0.08441
v 0.57235 -0.14137 0.08647
v 0.57373 -0.14000 0.00686
v 0.57373 -0.14000 0.00824
v 0.57373 -0.14000 0.00961
v 0.57373 -0.13863 0.01029
v 0.57373 -0.14000 0.07137
v 0.57373 -0.13863 0.07069
v 0.57235 -0.13863 0.08098
v 0.57373 -0.14000 0.08098
v 0.57373 -0.13863 0.08029
v 0.57235 -0.13863 0.08373
v 0.57373 -0.14000 0.08373
v 0.57373 -0.13863 0.08304
v 0.57235 -0.13863 0.08510
v 0.57373 -0.13725 0.01098
v 0.57373 -0.13725 0.01235
v 0.57373 -0.13725 0.01373
v 0.57373 -0.13588 0.01441
v 0.57235 -0.13588 0.06863
v 0.57373 -0.13725 0.07000
v 0.57373 -0.13588 0.06931
v 0.57373 -0.13725 0.08098
v 0.57373 -0.13725 0.08235
v 0.57373 -0.13451 0.01510
v 0.57373 -0.13451 0.01647
v 0.57373 -0.13451 0.01784
v 0.57235 -0.13314 0.01922
v 0.57373 -0.13314 0.01853
v 0.57235 -0.13314 0.06314
v 0.57373 -0.13451 0.06314
v 0.57373 -0.13314 0.06245
v 0.57373 -0.13451 0.06451
v 0.57373 -0.13451 0.06588
v 0.57373 -0.13451 0.06725
v 0.57373 -0.13451 0.06863
v 0.57373 -0.13176 0.01922
v 0.57373 -0.13176 0.02059
v 0.57373 -0.13176 0.02196
v 0.57373 -0.13176 0.02333
v 0.57373 -0.13176 0.02471
v 0.57235 -0.13039 0.02608
v 0.57373 -0.13039 0.02539
v 0.57235 -0.13039 0.05765
v 0.57373 -0.13176 0.05765
v 0.57373 -0.13039 0.05696
v 0.57373 -0.13039 0.05833
v 0.57235 -0.13039 0.06039
v 0.57373 -0.13176 0.06176
v 0.57373 -0.13039 0.06108
v 0.57373 -0.12902 0.02608
v 0.57373 -0.12902 0.02745
v 0.57373 -0.12902 0.02882
v 0.57373 -0.12902 0.03020
v 0.57373 -0.12902 0.03157
v 0.57373 -0.12902 0.03294
v 0.57373 -0.12902 0.03431
v 0.57373 -0.12902 0.03569
v 0.57373 -0.12902 0.03706
v 0.57373 -0.12902 0.03843
v 0.57373 -0.12902 0.03980
v 0.57373 -0.12902 0.04118
v 0.57373 -0.12902 0.04255
v 0.57373 -0.12902 0.04392
v 0.57373 -0.12902 0.04529
v 0.57373 -0.12902 0.04667
v 0.57373 -0.12902 0.04804
v 0.57373 -0.12902 0.04941
v 0.57373 -0.12902 0.05078
v 0.57373 -0.12902 0.05216
v 0.57373 -0.12902 0.05353
v 0.57373 -0.12902 0.05490
v 0.57373 -0.12902 0.05627
v 0.57373 -0.12902 0.05902
v 0.57373 -0.12902 0.06039
v 0.57510 -0.20176 0.03294
v 0.57647 -0.20314 0.03294
v 0.57647 -0.20176 0.03225
v 0.57647 -0.20176 0.03363
v 0.57510 -0.20176 0.03569
v 0.57647 -0.20314 0.03569
v 0.57647 -0.20176 0.03500
v 0.57647 -0.20176 0.03637
v 0.57510 -0.19902 0.02333
v 0.57647 -0.20039 0.02333
v 0.57647 -0.19902 0.02265
v 0.57647 -0.20039 0.02471
v 0.57647 -0.20039 0.02608
v 0.57647 -0.20039 0.02745
v 0.57647 -0.20039 0.02882
v 0.57647 -0.20039 0.03020
v 0.57647 -0.20039 0.03157
v 0.57647 -0.20039 0.03431
v 0.57647 -0.20039 0.03706
v 0.57647 -0.20039 0.03843
v 0.57647 -0.20039 0.03980
v 0.57647 -0.20039 0.04118
v 0.57647 -0.20039 0.04255
v 0.57647 -0.20039 0.04392
v 0.57647 -0.20039 0.04529
v 0.57647 -0.20039 0.04667
v 0.57647 -0.20039 0.04804
v 0.57647 -0.20039 0.04941
v 0.57647 -0.20039 0.05078
v 0.57647 -0.20039 0.05216
v 0.57647 -0.20039 0.05353
v 0.57647 -0.20039 0.05490
v 0.57647 -0.20039 0.05627
v 0.57647 -0.19902 0.05696
v 0.57510 -0.19627 0.01510
v 0.57647 -0.19765 0.01510
v 0.57647 -0.19627 0.01441
v 0.57647 -0.19765 0.01647
v 0.57647 -0.19765 0.01784
v 0.57647 -0.19765 0.01922
v 0.57647 -0.19765 0.02059
v 0.57647 -0.19765 0.02196
v 0.57647 -0.19765 0.05765
v 0.57647 -0.19765 0.05902
v 0.57647 -0.19765 0.06039
v 0.57647 -0.19765 0.06176
v 0.57647 -0.19765 0.06314
v 0.57647 -0.19627 0.06382
v 0.57647 -0.19490 0.01098
v 0.57647 -0.19353 0.01029
v 0.57647 -0.19490 0.01235
v 0.57647 -0.19490 0.01373
v 0.57647 -0.19490 0.06451
v 0.57647 -0.19490 0.06588
v 0.57647 -0.19490 0.06725
v 0.57647 -0.19353 0.06794
v 0.57510 -0.19078 0.00549
v 0.57647 -0.19216 0.00549
v 0.57647 -0.19078 0.00480
v 0.57647 -0.19216 0.00686
v 0.57647 -0.19216 0.00824
v 0.57647 -0.19216 0.00961
v 0.57647 -0.19216 0.06863
v 0.57647 -0.19216 0.07000
v 0.57510 -0.19078 0.07137
v 0.57647 -0.19078 0.07069
v 0.57647 -0.18941 0.00412
v 0.57647 -0.18804 0.00343
v 0.57647 -0.18941 0.07137
v 0.57647 -0.18941 0.07275
v 0.57510 -0.18804 0.07412
v 0.57647 -0.18804 0.07343
v 0.57510 -0.18529 0.00000
v 0.57647 -0.18667 0.00000
v 0.57647 -0.18529 -0.00069
v 0.57647 -0.18667 0.00137
v 0.57647 -0.18667 0.00275
v 0.57647 -0.18667 0.07412
v 0.57647 -0.18529 0.07480
v 0.57647 -0.18255 -0.00069
v 0.57647 -0.18392 0.07549
v 0.57510 -0.18255 0.07686
v 0.57647 -0.18255 0.07618
v 0.57510 -0.18255 0.08098
v 0.57647 -0.17980 -0.00069
v 0.57647 -0.18118 0.07686
v 0.57647 -0.17980 0.07755
v 0.57647 -0.18118 0.08098
v 0.57647 -0.17980 0.08029
v 0.57510 -0.17980 0.08235
v 0.57647 -0.17980 0.08167
v 0.57647 -0.17706 -0.00069
v 0.57510 -0.17706 0.07824
v 0.57647 -0.17706 0.07755
v 0.57510 -0.17706 0.08098
v 0.57647 -0.17706 0.08029
v 0.57647 -0.17843 0.08235
v 0.57510 -0.17706 0.08373
v 0.57647 -0.17706 0.08304
v 0.57647 -0.17431 -0.00069
v 0.57647 -0.17569 0.07824
v 0.57647 -0.17431 0.07892
v 0.57647 -0.17431 0.08029
v 0.57647 -0.17569 0.08373
v 0.57510 -0.17431 0.08510
v 0.57647 -0.17431 0.08441
v 0.57647 -0.17157 -0.00069
v 0.57510 -0.17157 0.07961
v 0.57647 -0.17294 0.07961
v 0.57647 -0.17294 0.08510
v 0.57510 -0.17157 0.08647
v 0.57647 -0.17157 0.08578
v 0.57647 -0.16882 -0.00069
v 0.57510 -0.16882 0.07961
v 0.57647 -0.17020 0.08647
v 0.57647 -0.16882 0.08716
v 0.57647 -0.16608 -0.00069
v 0.57647 -0.16745 0.07961
v 0.57647 -0.16608 0.07892
v 0.57647 -0.16608 0.08029
v 0.57510 -0.16608 0.08784
v 0.57647 -0.16608 0.08716
v 0.57647 -0.16333 -0.00069
v 0.57647 -0.16333 0.07892
v 0.57647 -0.16333 0.08029
v 0.57510 -0.16333 0.08784
v 0.57647 -0.16333 0.08716
v 0.57647 -0.16059 -0.00069
v 0.57647 -0.16059 0.07892
v 0.57647 -0.16059 0.08029
v 0.57510 -0.16059 0.08784
v 0.57647 -0.16059 0.08716
v 0.57647 -0.15784 -0.00069
v 0.57510 -0.15784 0.07824
v 0.57647 -0.15922 0.07824
v 0.57647 -0.15784 0.07755
v 0.57647 -0.15784 0.08029
v 0.57510 -0.15784 0.08784
v 0.57647 -0.15784 0.08716
v 0.57510 -0.15784 0.08922
v 0.57647 -0.15510 -0.00069
v 0.57647 -0.15510 0.07755
v 0.57510 -0.15510 0.07961
v 0.57647 -0.15647 0.07961
v 0.57647 -0.15510 0.07892
v 0.57510 -0.15510 0.08784
v 0.57647 -0.15510 0.08716
v 0.57647 -0.15235 -0.00069
v 0.57647 -0.15373 0.07686
v 0.57647 -0.15235 0.07618
v 0.57510 -0.15235 0.07961
v 0.57647 -0.15235 0.07892
v 0.57510 -0.15235 0.08784
v 0.57647 -0.15235 0.08716
v 0.57647 -0.14961 -0.00069
v 0.57647 -0.14961 0.07618
v 0.57510 -0.14961 0.07824
v 0.57647 -0.15098 0.07824
v 0.57647 -0.14961 0.07755
v 0.57510 -0.14961 0.08647
v 0.57647 -0.15098 0.08647
v 0.57647 -0.14961 0.08578
v 0.57510 -0.14961 0.08784
v 0.57510 -0.14686 0.00000
v 0.57647 -0.14686 -0.00069
v 0.57510 -0.14686 0.00137
v 0.57510 -0.14686 0.07549
v 0.57647 -0.14686 0.07618
v 0.57510 -0.14686 0.07824
v 0.57647 -0.14686 0.07755
v 0.57510 -0.14686 0.08647
v 0.57647 -0.14686 0.08578
v 0.57647 -0.14549 0.00000
v 0.57647 -0.14549 0.00137
v 0.57647 -0.14549 0.00275
v 0.57647 -0.14412 0.00343
v 0.57647 -0.14549 0.07549
v 0.57647 -0.14412 0.07480
v 0.57510 -0.14412 0.07824
v 0.57647 -0.14412 0.07755
v 0.57647 -0.14549 0.07961
v 0.57647 -0.14412 0.07892
v 0.57647 -0.14412 0.08029
v 0.57510 -0.14412 0.08510
v 0.57647 -0.14549 0.08510
v 0.57647 -0.14412 0.08441
v 0.57647 -0.14275 0.00412
v 0.57647 -0.14275 0.00549
v 0.57647 -0.14137 0.00618
v 0.57647 -0.14275 0.07275
v 0.57647 -0.14137 0.07206
v 0.57647 -0.14275 0.07412
v 0.57647 -0.14275 0.07824
v 0.57510 -0.14137 0.07961
v 0.57647 -0.14275 0.07961
v 0.57647 -0.14137 0.07892
v 0.57510 -0.14137 0.08098
v 0.57510 -0.14137 0.08373
v 0.57647 -0.14275 0.08373
v 0.57647 -0.14137 0.08304
v 0.57647 -0.14000 0.00686
v 0.57647 -0.14000 0.00824
v 0.57510 -0.13863 0.00961
v 0.57647 -0.13863 0.00892
v 0.57510 -0.13863 0.07000
v 0.57647 -0.14000 0.07000
v 0.57647 -0.13863 0.06931
v 0.57647 -0.14000 0.07137
v 0.57647 -0.14000 0.07961
v 0.57510 -0.13863 0.08098
v 0.57647 -0.14000 0.08098
v 0.57510 -0.13863 0.08235
v 0.57647 -0.14000 0.08235
v 0.57647 -0.13725 0.00961
v 0.57647 -0.13725 0.01098
v 0.57647 -0.13725 0.01235
v 0.57510 -0.13588 0.01373
v 0.57647 -0.13588 0.01304
v 0.57510 -0.13588 0.06863
v 0.57647 -0.13725 0.06863
v 0.57647 -0.13588 0.06794
v 0.57647 -0.13451 0.01373
v 0.57647 -0.13451 0.01510
v 0.57647 -0.13451 0.01647
v 0.57510 -0.13314 0.01784
v 0.57647 -0.13314 0.01716
v 0.57510 -0.13314 0.06314
v 0.57647 -0.13451 0.06451
v 0.57647 -0.13314 0.06382
v 0.57647 -0.13451 0.06588
v 0.57647 -0.13451 0.06725
v 0.57647 -0.13176 0.01784
v 0.57647 -0.13176 0.01922
v 0.57647 -0.13176 0.02059
v 0.57647 -0.13176 0.02196
v 0.57647 -0.13176 0.02333
v 0.57647 -0.13176 0.02471
v 0.57647 -0.13039 0.02539
v 0.57510 -0.13039 0.05765
v 0.57510 -0.13039 0.06039
v 0.57647 -0.13176 0.06039
v 0.57647 -0.13039 0.05971
v 0.57647 -0.13176 0.06176
v 0.57647 -0.13176 0.06314
v 0.57647 -0.12902 0.02608
v 0.57647 -0.12902 0.02745
v 0.57647 -0.12902 0.02882
v 0.57647 -0.12902 0.03020
v 0.57647 -0.12902 0.03157
v 0.57647 -0.12902 0.03294
v 0.57647 -0.12902 0.03431
v 0.57647 -0.12902 0.03569
v 0.57647 -0.12902 0.03706
v 0.57510 -0.12765 0.03843
v 0.57647 -0.12765 0.03775
v 0.57510 -0.12765 0.03980
v 0.57510 -0.12765 0.04118
v 0.57510 -0.12765 0.04255
v 0.57647 -0.12902 0.04392
v 0.57647 -0.12765 0.04324
v 0.57510 -0.12765 0.04529
v 0.57647 -0.12765 0.04461
v 0.57510 -0.12765 0.04667
v 0.57647 -0.12902 0.04804
v 0.57647 -0.12765 0.04735
v 0.57647 -0.12902 0.04941
v 0.57647 -0.12902 0.05078
v 0.57647 -0.12902 0.05216
v 0.57647 -0.12902 0.05353
v 0.57647 -0.12902 0.05490
v 0.57647 -0.12902 0.05627
v 0.57647 -0.12902 0.05765
v 0.57647 -0.12902 0.05902
v 0.57647 -0.12627 0.03843
v 0.57647 -0.12627 0.03980
v 0.57647 -0.12627 0.04118
v 0.57647 -0.12627 0.04255
v 0.57647 -0.12627 0.04529
v 0.57647 -0.12627 0.04667
v 0.57784 -0.20176 0.03294
v 0.57784 -0.20176 0.03431
v 0.57922 -0.20314 0.03431
v 0.57922 -0.20176 0.03363
v 0.57784 -0.20176 0.03569
v 0.57922 -0.20176 0.03500
v 0.57784 -0.19902 0.02196
v 0.57922 -0.20039 0.02196
v 0.57922 -0.19902 0.02127
v 0.57922 -0.20039 0.02333
v 0.57922 -0.20039 0.02471
v 0.57922 -0.20039 0.02608
v 0.57922 -0.20039 0.02745
v 0.57922 -0.20039 0.02882
v 0.57922 -0.20039 0.03020
v 0.57922 -0.20039 0.03157
v 0.57922 -0.20039 0.03294
v 0.57922 -0.20039 0.03569
v 0.57922 -0.20039 0.03706
v 0.57922 -0.20039 0.03843
v 0.57922 -0.20039 0.03980
v 0.57922 -0.20039 0.04118
v 0.57922 -0.20039 0.04255
v 0.57922 -0.20039 0.04392
v 0.57922 -0.20039 0.04529
v 0.57922 -0.20039 0.04667
v 0.57922 -0.20039 0.04804
v 0.57922 -0.20039 0.04941
v 0.57922 -0.20039 0.05078
v 0.57922 -0.20039 0.05216
v 0.57922 -0.20039 0.05353
v 0.57922 -0.20039 0.05490
v 0.57922 -0.20039 0.05627
v 0.57922 -0.19902 0.05696
v 0.57784 -0.19627 0.01510
v 0.57922 -0.19765 0.01647
v 0.57922 -0.19627 0.01578
v 0.57922 -0.19765 0.01784
v 0.57922 -0.19765 0.01922
v 0.57922 -0.19765 0.02059
v 0.57922 -0.19765 0.05765
v 0.57922 -0.19765 0.05902
v 0.57922 -0.19765 0.06039
v 0.57922 -0.19765 0.06176
v 0.57922 -0.19765 0.06314
v 0.57922 -0.19627 0.06382
v 0.57922 -0.19490 0.01098
v 0.57922 -0.19353 0.01029
v 0.57922 -0.19490 0.01235
v 0.57922 -0.19490 0.01373
v 0.57922 -0.19490 0.01510
v 0.57922 -0.19490 0.06451
v 0.57922 -0.19490 0.06588
v 0.57922 -0.19490 0.06725
v 0.57922 -0.19353 0.06794
v 0.57922 -0.19216 0.00549
v 0.57922 -0.19078 0.00480
v 0.57922 -0.19216 0.00686
v 0.57922 -0.19216 0.00824
v 0.57922 -0.19216 0.00961
v 0.57922 -0.19216 0.06863
v 0.57922 -0.19216 0.07000
v 0.57784 -0.19078 0.07137
v 0.57922 -0.19216 0.07137
v 0.57922 -0.19078 0.07206
v 0.57784 -0.18804 0.00137
v 0.57922 -0.18941 0.00137
v 0.57922 -0.18804 0.00069
v 0.57784 -0.18804 0.00275
v 0.57922 -0.18941 0.00275
v 0.57922 -0.18941 0.00412
v 0.57922 -0.18941 0.07275
v 0.57922 -0.18804 0.07343
v 0.57922 -0.18667 0.00000
v 0.57922 -0.18529 -0.00069
v 0.57922 -0.18667 0.07412
v 0.57922 -0.18529 0.07480
v 0.57922 -0.18255 -0.00069
v 0.57922 -0.18392 0.07549
v 0.57922 -0.18255 0.07618
v 0.57922 -0.17980 -0.00069
v 0.57784 -0.17980 0.07686
v 0.57922 -0.17980 0.07618
v 0.57784 -0.17980 0.08098
v 0.57922 -0.17706 -0.00069
v 0.57922 -0.17843 0.07686
v 0.57922 -0.17706 0.07755
v 0.57922 -0.17843 0.08098
v 0.57922 -0.17706 0.08029
v 0.57784 -0.17706 0.08235
v 0.57922 -0.17706 0.08167
v 0.57922 -0.17431 -0.00069
v 0.57784 -0.17431 0.07824
v 0.57922 -0.17431 0.07755
v 0.57784 -0.17431 0.07961
v 0.57922 -0.17569 0.07961
v 0.57922 -0.17431 0.07892
v 0.57922 -0.17569 0.08235
v 0.57784 -0.17431 0.08373
v 0.57922 -0.17431 0.08304
v 0.57922 -0.17157 -0.00069
v 0.57784 -0.17157 0.07824
v 0.57922 -0.17157 0.07755
v 0.57922 -0.17157 0.07892
v 0.57922 -0.17294 0.08373
v 0.57784 -0.17157 0.08510
v 0.57922 -0.17157 0.08441
v 0.57922 -0.16882 -0.00069
v 0.57922 -0.17020 0.07824
v 0.57922 -0.17020 0.08510
v 0.57784 -0.16882 0.08647
v 0.57922 -0.16882 0.08578
v 0.57922 -0.16608 -0.00069
v 0.57922 -0.16745 0.07961
v 0.57922 -0.16608 0.07892
v 0.57922 -0.16608 0.08029
v 0.57784 -0.16608 0.08647
v 0.57922 -0.16608 0.08578
v 0.57922 -0.16333 -0.00069
v 0.57784 -0.16333 0.07824
v 0.57922 -0.16471 0.07824
v 0.57922 -0.16333 0.07755
v 0.57784 -0.16333 0.07961
v 0.57922 -0.16471 0.07961
v 0.57922 -0.16333 0.07892
v 0.57784 -0.16333 0.08647
v 0.57922 -0.16333 0.08578
v 0.57922 -0.16059 -0.00069
v 0.57784 -0.16059 0.07824
v 0.57922 -0.16059 0.07755
v 0.57784 -0.16059 0.07961
v 0.57922 -0.16059 0.07892
v 0.57784 -0.16059 0.08647
v 0.57922 -0.16059 0.08578
v 0.57922 -0.15784 -0.00069
v 0.57922 -0.15784 0.07755
v 0.57784 -0.15784 0.07961
v 0.57922 -0.15784 0.07892
v 0.57784 -0.15784 0.08647
v 0.57922 -0.15784 0.08578
v 0.57922 -0.15510 -0.00069
v 0.57922 -0.15510 0.07755
v 0.57922 -0.15510 0.07892
v 0.57784 -0.15510 0.08647
v 0.57922 -0.15510 0.08578
v 0.57922 -0.15235 -0.00069
v 0.57922 -0.15373 0.07686
v 0.57922 -0.15235 0.07618
v 0.57922 -0.15235 0.07892
v 0.57784 -0.15235 0.08647
v 0.57922 -0.15235 0.08578
v 0.57922 -0.14961 -0.00069
v 0.57922 -0.14961 0.07618
v 0.57784 -0.14961 0.07824
v 0.57922 -0.14961 0.07892
v 0.57784 -0.14961 0.08510
v 0.57922 -0.15098 0.08510
v 0.57922 -0.14961 0.08441
v 0.57922 -0.14686 -0.00069
v 0.57784 -0.14686 0.07549
v 0.57922 -0.14824 0.07549
v 0.57922 -0.14686 0.07480
v 0.57922 -0.14824 0.07824
v 0.57922 -0.14686 0.07755
v 0.57784 -0.14686 0.08510
v 0.57922 -0.14686 0.08441
v 0.57922 -0.14549 0.00000
v 0.57922 -0.14549 0.00137
v 0.57784 -0.14412 0.00275
v 0.57922 -0.14412 0.00206
v 0.57784 -0.14412 0.07412
v 0.57922 -0.14549 0.07412
v 0.57922 -0.14412 0.07343
v 0.57784 -0.14412 0.07824
v 0.57922 -0.14549 0.07824
v 0.57784 -0.14412 0.07961
v 0.57922 -0.14412 0.07892
v 0.57784 -0.14412 0.08373
v 0.57922 -0.14549 0.08373
v 0.57922 -0.14412 0.08304
v 0.57922 -0.14275 0.00275
v 0.57922 -0.14275 0.00412
v 0.57922 -0.14275 0.00549
v 0.57922 -0.14137 0.00618
v 0.57922 -0.14275 0.07275
v 0.57922 -0.14137 0.07206
v 0.57922 -0.14137 0.07892
v 0.57784 -0.14137 0.08098
v 0.57922 -0.14275 0.08098
v 0.57922 -0.14137 0.08029
v 0.57784 -0.14137 0.08235
v 0.57922 -0.14275 0.08235
v 0.57922 -0.14000 0.00686
v 0.57922 -0.14000 0.00824
v 0.57922 -0.13863 0.00892
v 0.57784 -0.13863 0.07000
v 0.57922 -0.14000 0.07137
v 0.57922 -0.13863 0.07069
v 0.57922 -0.14000 0.07961
v 0.57922 -0.13725 0.00961
v 0.57922 -0.13725 0.01098
v 0.57922 -0.13725 0.01235
v 0.57922 -0.13588 0.01304
v 0.57922 -0.13725 0.06863
v 0.57922 -0.13588 0.06794
v 0.57922 -0.13725 0.07000
v 0.57922 -0.13451 0.01373
v 0.57922 -0.13451 0.01510
v 0.57922 -0.13451 0.01647
v 0.57784 -0.13314 0.01784
v 0.57922 -0.13451 0.01784
v 0.57922 -0.13314 0.01853
v 0.57922 -0.13451 0.06451
v 0.57922 -0.13314 0.06382
v 0.57922 -0.13451 0.06588
v 0.57922 -0.13451 0.06725
v 0.57922 -0.13176 0.01922
v 0.57922 -0.13176 0.02059
v 0.57922 -0.13176 0.02196
v 0.57922 -0.13176 0.02333
v 0.57922 -0.13176 0.02471
v 0.57922 -0.13039 0.02539
v 0.57784 -0.13039 0.05902
v 0.57922 -0.13176 0.05902
v 0.57922 -0.13039 0.05833
v 0.57922 -0.13176 0.06039
v 0.57922 -0.13176 0.06176
v 0.57922 -0.13176 0.06314
v 0.57922 -0.12902 0.02608
v 0.57922 -0.12902 0.02745
v 0.57922 -0.12902 0.02882
v 0.57922 -0.12902 0.03020
v 0.57922 -0.12902 0.03157
v 0.57922 -0.12902 0.03294
v 0.57922 -0.12902 0.03431
v 0.57784 -0.12765 0.03569
v 0.57922 -0.12765 0.03500
v 0.57784 -0.12765 0.03706
v 0.57784 -0.12765 0.04118
v 0.57922 -0.12902 0.04118
v 0.57922 -0.12765 0.04049
v 0.57922 -0.12765 0.04186
v 0.57784 -0.12765 0.04392
v 0.57784 -0.12765 0.04804
v 0.57922 -0.12902 0.04941
v 0.57922 -0.12765 0.04873
v 0.57922 -0.12902 0.05078
v 0.57922 -0.12902 0.05216
v 0.57922 -0.12902 0.05353
v 0.57922 -0.12902 0.05490
v 0.57922 -0.12902 0.05627
v 0.57922 -0.12902 0.05765
v 0.57922 -0.12627 0.03569
v 0.57922 -0.12627 0.03706
v 0.57922 -0.12627 0.03843
v 0.57922 -0.12627 0.03980
v 0.57922 -0.12627 0.04255
v 0.57922 -0.12627 0.04392
v 0.57922 -0.12627 0.04529
v 0.57922 -0.12627 0.04667
v 0.57922 -0.12627 0.04804
v 0.58059 -0.20176 0.03431
v 0.58059 -0.20176 0.04118
v 0.58196 -0.20314 0.04118
v 0.58196 -0.20176 0.04049
v 0.58059 -0.20176 0.04255
v 0.58196 -0.20314 0.04255
v 0.58196 -0.20176 0.04324
v 0.58059 -0.19902 0.02059
v 0.58196 -0.20039 0.02059
v 0.58196 -0.19902 0.01990
v 0.58059 -0.19902 0.02196
v 0.58196 -0.19902 0.02127
v 0.58196 -0.20039 0.02333
v 0.58196 -0.19902 0.02265
v 0.58196 -0.20039 0.02471
v 0.58196 -0.20039 0.02608
v 0.58196 -0.20039 0.02745
v 0.58196 -0.20039 0.02882
v 0.58196 -0.20039 0.03020
v 0.58196 -0.20039 0.03157
v 0.58196 -0.20039 0.03294
v 0.58196 -0.20039 0.03431
v 0.58196 -0.20039 0.03569
v 0.58196 -0.20039 0.03706
v 0.58196 -0.20039 0.03843
v 0.58196 -0.20039 0.03980
v 0.58196 -0.20039 0.04392
v 0.58196 -0.20039 0.04529
v 0.58196 -0.20039 0.04667
v 0.58196 -0.20039 0.04804
v 0.58196 -0.20039 0.04941
v 0.58196 -0.20039 0.05078
v 0.58196 -0.20039 0.05216
v 0.58196 -0.20039 0.05353
v 0.58196 -0.20039 0.05490
v 0.58196 -0.20039 0.05627
v 0.58196 -0.19902 0.05696
v 0.58196 -0.19765 0.01647
v 0.58196 -0.19627 0.01578
v 0.58196 -0.19765 0.01784
v 0.58196 -0.19765 0.01922
v 0.58196 -0.19765 0.02196
v 0.58196 -0.19765 0.05765
v 0.58196 -0.19765 0.05902
v 0.58196 -0.19765 0.06039
v 0.58196 -0.19765 0.06176
v 0.58196 -0.19765 0.06314
v 0.58059 -0.19627 0.06451
v 0.58196 -0.19765 0.06451
v 0.58196 -0.19627 0.06520
v 0.58196 -0.19490 0.01098
v 0.58196 -0.19353 0.01029
v 0.58196 -0.19490 0.01235
v 0.58196 -0.19490 0.01373
v 0.58196 -0.19490 0.01510
v 0.58196 -0.19490 0.06588
v 0.58196 -0.19490 0.06725
v 0.58059 -0.19353 0.06863
v 0.58196 -0.19490 0.06863
v 0.58196 -0.19353 0.06931
v 0.58059 -0.19078 0.00275
v 0.58196 -0.19216 0.00275
v 0.58196 -0.19078 0.00206
v 0.58059 -0.19078 0.00412
v 0.58196 -0.19216 0.00412
v 0.58196 -0.19216 0.00549
v 0.58196 -0.19216 0.00686
v 0.58196 -0.19216 0.00824
v 0.58196 -0.19216 0.00961
v 0.58196 -0.19216 0.07000
v 0.58059 -0.19078 0.07137
v 0.58196 -0.19078 0.07069
v 0.58059 -0.18804 0.00000
v 0.58196 -0.18941 0.00000
v 0.58196 -0.18804 -0.00069
v 0.58196 -0.18941 0.00137
v 0.58196 -0.18941 0.07137
v 0.58059 -0.18804 0.07275
v 0.58196 -0.18804 0.07206
v 0.58196 -0.18529 -0.00069
v 0.58196 -0.18667 0.07275
v 0.58196 -0.18667 0.07412
v 0.58196 -0.18529 0.07480
v 0.58196 -0.18255 -0.00069
v 0.58059 -0.18255 0.07549
v 0.58196 -0.18255 0.07480
v 0.58196 -0.17980 -0.00069
v 0.58196 -0.18118 0.07549
v 0.58196 -0.17980 0.07618
v 0.58196 -0.17706 -0.00069
v 0.58196 -0.17843 0.07686
v 0.58196 -0.17706 0.07755
v 0.58059 -0.17706 0.08098
v 0.58196 -0.17431 -0.00069
v 0.58196 -0.17431 0.07755
v 0.58196 -0.17569 0.07961
v 0.58196 -0.17431 0.07892
v 0.58196 -0.17569 0.08098
v 0.58059 -0.17431 0.08235
v 0.58196 -0.17431 0.08167
v 0.58196 -0.17157 -0.00069
v 0.58196 -0.17157 0.07755
v 0.58196 -0.17157 0.07892
v 0.58196 -0.17294 0.08235
v 0.58059 -0.17157 0.08373
v 0.58196 -0.17157 0.08304
v 0.58196 -0.16882 -0.00069
v 0.58059 -0.16882 0.07824
v 0.58196 -0.16882 0.07755
v 0.58196 -0.16882 0.07892
v 0.58196 -0.17020 0.08373
v 0.58059 -0.16882 0.08510
v 0.58196 -0.16882 0.08441
v 0.58196 -0.16608 -0.00069
v 0.58059 -0.16608 0.07824
v 0.58196 -0.16608 0.07755
v 0.58059 -0.16608 0.07961
v 0.58196 -0.16608 0.07892
v 0.58059 -0.16608 0.08510
v 0.58196 -0.16608 0.08441
v 0.58196 -0.16333 -0.00069
v 0.58196 -0.16333 0.07755
v 0.58196 -0.16333 0.07892
v 0.58059 -0.16333 0.08510
v 0.58196 -0.16333 0.08441
v 0.58196 -0.16059 -0.00069
v 0.58196 -0.16059 0.07755
v 0.58196 -0.16059 0.07892
v 0.58059 -0.16059 0.08510
v 0.58196 -0.16059 0.08441
v 0.58196 -0.15784 -0.00069
v 0.58196 -0.15784 0.07755
v 0.58196 -0.15784 0.07892
v 0.58059 -0.15784 0.08510
v 0.58196 -0.15784 0.08441
v 0.58196 -0.15510 -0.00069
v 0.58059 -0.15510 0.07686
v 0.58196 -0.15647 0.07686
v 0.58196 -0.15510 0.07618
v 0.58196 -0.15510 0.07892
v 0.58059 -0.15510 0.08510
v 0.58196 -0.15510 0.08441
v 0.58196 -0.15235 -0.00069
v 0.58059 -0.15235 0.07549
v 0.58196 -0.15373 0.07549
v 0.58196 -0.15235 0.07480
v 0.58196 -0.15235 0.07892
v 0.58059 -0.15235 0.08510
v 0.58196 -0.15235 0.08441
v 0.58196 -0.14961 -0.00069
v 0.58059 -0.14961 0.07549
v 0.58196 -0.14961 0.07480
v 0.58196 -0.14961 0.07892
v 0.58059 -0.14961 0.08373
v 0.58196 -0.15098 0.08373
v 0.58196 -0.14961 0.08304
v 0.58196 -0.14686 -0.00069
v 0.58196 -0.14686 0.07480
v 0.58196 -0.14824 0.07824
v 0.58196 -0.14686 0.07755
v 0.58059 -0.14686 0.08235
v 0.58196 -0.14824 0.08235
v 0.58196 -0.14686 0.08167
v 0.58059 -0.14686 0.08373
v 0.58196 -0.14549 0.00000
v 0.58196 -0.14549 0.00137
v 0.58196 -0.14412 0.00206
v 0.58196 -0.14549 0.07412
v 0.58196 -0.14412 0.07343
v 0.58196 -0.14549 0.07824
v 0.58196 -0.14412 0.07892
v 0.58059 -0.14412 0.08098
v 0.58196 -0.14549 0.08098
v 0.58196 -0.14412 0.08029
v 0.58059 -0.14412 0.08235
v 0.58196 -0.14275 0.00275
v 0.58196 -0.14275 0.00412
v 0.58196 -0.14275 0.00549
v 0.58196 -0.14137 0.00618
v 0.58196 -0.14275 0.07275
v 0.58196 -0.14137 0.07206
v 0.58059 -0.14137 0.07961
v 0.58196 -0.14275 0.07961
v 0.58196 -0.14000 0.00686
v 0.58196 -0.14000 0.00824
v 0.58196 -0.13863 0.00892
v 0.58059 -0.13863 0.07000
v 0.58196 -0.14000 0.07000
v 0.58196 -0.13863 0.06931
v 0.58196 -0.14000 0.07137
v 0.58196 -0.13725 0.00961
v 0.58196 -0.13725 0.01098
v 0.58196 -0.13725 0.01235
v 0.58196 -0.13588 0.01304
v 0.58196 -0.13725 0.06863
v 0.58196 -0.13588 0.06794
v 0.58196 -0.13451 0.01373
v 0.58196 -0.13451 0.01510
v 0.58196 -0.13451 0.01647
v 0.58196 -0.13451 0.01784
v 0.58196 -0.13314 0.01853
v 0.58196 -0.13451 0.06451
v 0.58196 -0.13314 0.06382
v 0.58196 -0.13451 0.06588
v 0.58196 -0.13451 0.06725
v 0.58196 -0.13176 0.01922
v 0.58196 -0.13176 0.02059
v 0.58196 -0.13176 0.02196
v 0.58196 -0.13176 0.02333
v 0.58196 -0.13176 0.02471
v 0.58196 -0.13039 0.02539
v 0.58059 -0.13039 0.05765
v 0.58196 -0.13176 0.05765
v 0.58196 -0.13039 0.05696
v 0.58196 -0.13176 0.05902
v 0.58196 -0.13176 0.06039
v 0.58196 -0.13176 0.06176
v 0.58196 -0.13176 0.06314
v 0.58196 -0.12902 0.02608
v 0.58196 -0.12902 0.02745
v 0.58196 -0.12902 0.02882
v 0.58196 -0.12902 0.03020
v 0.58196 -0.12902 0.03157
v 0.58196 -0.12902 0.03294
v 0.58196 -0.12902 0.03431
v 0.58196 -0.12765 0.03500
v 0.58059 -0.12765 0.03706
v 0.58196 -0.12902 0.03706
v 0.58196 -0.12765 0.03637
v 0.58196 -0.12765 0.03775
v 0.58059 -0.12765 0.04118
v 0.58059 -0.12765 0.04804
v 0.58196 -0.12902 0.04804
v 0.58196 -0.12765 0.04735
v 0.58059 -0.12765 0.04941
v 0.58196 -0.12765 0.04873
v 0.58196 -0.12902 0.05078
v 0.58196 -0.12765 0.05010
v 0.58196 -0.12902 0.05216
v 0.58196 -0.12902 0.05353
v 0.58196 -0.12902 0.05490
v 0.58196 -0.12902 0.05627
v 0.58196 -0.12627 0.03569
v 0.58196 -0.12627 0.03843
v 0.58196 -0.12627 0.03980
v 0.58196 -0.12627 0.04118
v 0.58196 -0.12627 0.04255
v 0.58196 -0.12627 0.04392
v 0.58196 -0.12627 0.04529
v 0.58196 -0.12627 0.04667
v 0.58196 -0.12627 0.04941
v 0.58471 -0.20314 0.04118
v 0.58471 -0.20176 0.04049
v 0.58333 -0.20176 0.04255
v 0.58471 -0.20176 0.04186
v 0.58333 -0.19902 0.02059
v 0.58333 -0.19902 0.02196
v 0.58471 -0.20039 0.02196
v 0.58471 -0.19902 0.02127
v 0.58471 -0.20039 0.02333
v 0.58471 -0.20039 0.02471
v 0.58471 -0.20039 0.02608
v 0.58471 -0.20039 0.02745
v 0.58471 -0.20039 0.02882
v 0.58471 -0.20039 0.03020
v 0.58471 -0.20039 0.03157
v 0.58471 -0.20039 0.03294
v 0.58471 -0.20039 0.03431
v 0.58471 -0.20039 0.03569
v 0.58471 -0.20039 0.03706
v 0.58471 -0.20039 0.03843
v 0.58471 -0.20039 0.03980
v 0.58471 -0.20039 0.04255
v 0.58471 -0.20039 0.04392
v 0.58471 -0.20039 0.04529
v 0.58471 -0.20039 0.04667
v 0.58471 -0.20039 0.04804
v 0.58471 -0.20039 0.04941
v 0.58471 -0.20039 0.05078
v 0.58471 -0.20039 0.05216
v 0.58471 -0.20039 0.05353
v 0.58471 -0.20039 0.05490
v 0.58471 -0.20039 0.05627
v 0.58471 -0.19902 0.05696
v 0.58471 -0.19765 0.01647
v 0.58471 -0.19627 0.01578
v 0.58471 -0.19765 0.01784
v 0.58471 -0.19765 0.01922
v 0.58471 -0.19765 0.02059
v 0.58471 -0.19765 0.05765
v 0.58471 -0.19765 0.05902
v 0.58471 -0.19765 0.06039
v 0.58471 -0.19765 0.06176
v 0.58471 -0.19765 0.06314
v 0.58333 -0.19627 0.06451
v 0.58471 -0.19627 0.06382
v 0.58471 -0.19490 0.01098
v 0.58471 -0.19353 0.01029
v 0.58471 -0.19490 0.01235
v 0.58471 -0.19490 0.01373
v 0.58471 -0.19490 0.01510
v 0.58471 -0.19490 0.06451
v 0.58471 -0.19490 0.06588
v 0.58471 -0.19490 0.06725
v 0.58333 -0.19353 0.06863
v 0.58471 -0.19353 0.06794
v 0.58333 -0.19078 0.00137
v 0.58471 -0.19216 0.00137
v 0.58471 -0.19078 0.00069
v 0.58471 -0.19216 0.00275
v 0.58471 -0.19216 0.00412
v 0.58471 -0.19216 0.00549
v 0.58471 -0.19216 0.00686
v 0.58471 -0.19216 0.00824
v 0.58471 -0.19216 0.00961
v 0.58471 -0.19216 0.06863
v 0.58471 -0.19216 0.07000
v 0.58471 -0.19078 0.07069
v 0.58471 -0.18941 0.00000
v 0.58471 -0.18804 -0.00069
v 0.58471 -0.18941 0.07137
v 0.58471 -0.18804 0.07206
v 0.58471 -0.18529 -0.00069
v 0.58471 -0.18667 0.07275
v 0.58333 -0.18529 0.07412
v 0.58471 -0.18529 0.07343
v 0.58471 -0.18255 -0.00069
v 0.58471 -0.18392 0.07412
v 0.58471 -0.18255 0.07480
v 0.58471 -0.17980 -0.00069
v 0.58471 -0.18118 0.07549
v 0.58471 -0.17980 0.07618
v 0.58471 -0.17706 -0.00069
v 0.58333 -0.17706 0.07686
v 0.58471 -0.17706 0.07618
v 0.58471 -0.17431 -0.00069
v 0.58471 -0.17569 0.07686
v 0.58333 -0.17431 0.07824
v 0.58471 -0.17569 0.07824
v 0.58471 -0.17569 0.07961
v 0.58471 -0.17569 0.08098
v 0.58471 -0.17431 0.08167
v 0.58471 -0.17157 -0.00069
v 0.58333 -0.17157 0.07824
v 0.58333 -0.17157 0.08235
v 0.58471 -0.17157 0.08167
v 0.58471 -0.16882 -0.00069
v 0.58333 -0.16882 0.07686
v 0.58471 -0.17020 0.07686
v 0.58471 -0.16882 0.07618
v 0.58333 -0.16882 0.07824
v 0.58471 -0.16882 0.07755
v 0.58471 -0.17020 0.08235
v 0.58333 -0.16882 0.08373
v 0.58471 -0.16882 0.08304
v 0.58471 -0.16608 -0.00069
v 0.58471 -0.16745 0.07686
v 0.58471 -0.16745 0.07824
v 0.58471 -0.16608 0.07755
v 0.58471 -0.16608 0.07892
v 0.58333 -0.16608 0.08373
v 0.58471 -0.16608 0.08304
v 0.58471 -0.16333 -0.00069
v 0.58471 -0.16333 0.07755
v 0.58471 -0.16333 0.07892
v 0.58333 -0.16333 0.08373
v 0.58471 -0.16333 0.08304
v 0.58471 -0.16059 -0.00069
v 0.58333 -0.16059 0.07686
v 0.58471 -0.16196 0.07686
v 0.58471 -0.16059 0.07618
v 0.58471 -0.16059 0.07892
v 0.58333 -0.16059 0.08373
v 0.58471 -0.16059 0.08304
v 0.58471 -0.15784 -0.00069
v 0.58333 -0.15784 0.07686
v 0.58471 -0.15784 0.07618
v 0.58471 -0.15784 0.07892
v 0.58333 -0.15784 0.08373
v 0.58471 -0.15784 0.08304
v 0.58471 -0.15510 -0.00069
v 0.58471 -0.15510 0.07618
v 0.58333 -0.15510 0.07824
v 0.58471 -0.15647 0.07824
v 0.58471 -0.15510 0.07755
v 0.58333 -0.15510 0.08373
v 0.58471 -0.15510 0.08304
v 0.58471 -0.15235 -0.00069
v 0.58333 -0.15235 0.07549
v 0.58471 -0.15235 0.07618
v 0.58333 -0.15235 0.07824
v 0.58471 -0.15235 0.07755
v 0.58333 -0.15235 0.08373
v 0.58471 -0.15235 0.08304
v 0.58471 -0.14961 -0.00069
v 0.58471 -0.15098 0.07549
v 0.58471 -0.14961 0.07480
v 0.58333 -0.14961 0.07824
v 0.58471 -0.14961 0.07755
v 0.58333 -0.14961 0.08235
v 0.58471 -0.15098 0.08235
v 0.58471 -0.14961 0.08167
v 0.58471 -0.14686 -0.00069
v 0.58471 -0.14686 0.07480
v 0.58333 -0.14686 0.07686
v 0.58471 -0.14824 0.07686
v 0.58471 -0.14686 0.07618
v 0.58333 -0.14686 0.08098
v 0.58471 -0.14824 0.08098
v 0.58471 -0.14686 0.08029
v 0.58471 -0.14549 0.00000
v 0.58471 -0.14549 0.00137
v 0.58471 -0.14412 0.00206
v 0.58471 -0.14549 0.07412
v 0.58471 -0.14412 0.07343
v 0.58471 -0.14549 0.07686
v 0.58471 -0.14549 0.07824
v 0.58333 -0.14412 0.07961
v 0.58471 -0.14549 0.07961
v 0.58471 -0.14275 0.00275
v 0.58471 -0.14275 0.00412
v 0.58333 -0.14137 0.00549
v 0.58471 -0.14137 0.00480
v 0.58471 -0.14275 0.07275
v 0.58471 -0.14137 0.07206
v 0.58471 -0.14000 0.00549
v 0.58471 -0.14000 0.00686
v 0.58471 -0.14000 0.00824
v 0.58333 -0.13863 0.00961
v 0.58471 -0.14000 0.00961
v 0.58471 -0.13863 0.01029
v 0.58471 -0.14000 0.07000
v 0.58471 -0.13863 0.06931
v 0.58471 -0.14000 0.07137
v 0.58471 -0.13725 0.01098
v 0.58471 -0.13725 0.01235
v 0.58471 -0.13588 0.01304
v 0.58471 -0.13725 0.06863
v 0.58471 -0.13588 0.06794
v 0.58471 -0.13451 0.01373
v 0.58471 -0.13451 0.01510
v 0.58471 -0.13451 0.01647
v 0.58333 -0.13314 0.01784
v 0.58471 -0.13314 0.01716
v 0.58471 -0.13451 0.06451
v 0.58471 -0.13314 0.06382
v 0.58471 -0.13451 0.06588
v 0.58471 -0.13451 0.06725
v 0.58471 -0.13176 0.01784
v 0.58471 -0.13176 0.01922
v 0.58471 -0.13176 0.02059
v 0.58471 -0.13176 0.02196
v 0.58471 -0.13176 0.02333
v 0.58471 -0.13176 0.02471
v 0.58471 -0.13039 0.02539
v 0.58471 -0.13176 0.05765
v 0.58471 -0.13039 0.05696
v 0.58471 -0.13176 0.05902
v 0.58471 -0.13176 0.06039
v 0.58471 -0.13176 0.06176
v 0.58471 -0.13176 0.06314
v 0.58471 -0.12902 0.02608
v 0.58471 -0.12902 0.02745
v 0.58471 -0.12902 0.02882
v 0.58471 -0.12902 0.03020
v 0.58471 -0.12902 0.03157
v 0.58471 -0.12902 0.03294
v 0.58471 -0.12902 0.03431
v 0.58333 -0.12765 0.03569
v 0.58471 -0.12902 0.03569
v 0.58471 -0.12902 0.03706
v 0.58333 -0.12765 0.03843
v 0.58471 -0.12902 0.03843
v 0.58333 -0.12765 0.03980
v 0.58471 -0.12902 0.03980
v 0.58471 -0.12765 0.04049
v 0.58333 -0.12765 0.04392
v 0.58471 -0.12902 0.04392
v 0.58471 -0.12765 0.04324
v 0.58333 -0.12765 0.04529
v 0.58471 -0.12902 0.04529
v 0.58333 -0.12765 0.04667
v 0.58471 -0.12902 0.04667
v 0.58471 -0.12902 0.04804
v 0.58333 -0.12765 0.04941
v 0.58471 -0.12902 0.04941
v 0.58471 -0.12902 0.05078
v 0.58471 -0.12902 0.05216
v 0.58471 -0.12902 0.05353
v 0.58471 -0.12902 0.05490
v 0.58471 -0.12902 0.05627
v 0.58471 -0.12627 0.04118
v 0.58471 -0.12627 0.04255
v 0.58608 -0.20176 0.04118
v 0.58608 -0.19902 0.02196
v 0.58745 -0.20039 0.02333
v 0.58745 -0.19902 0.02265
v 0.58745 -0.20039 0.02471
v 0.58745 -0.20039 0.02608
v 0.58745 -0.20039 0.02745
v 0.58745 -0.20039 0.02882
v 0.58745 -0.20039 0.03020
v 0.58745 -0.20039 0.03157
v 0.58745 -0.20039 0.03294
v 0.58745 -0.20039 0.03431
v 0.58745 -0.20039 0.03569
v 0.58745 -0.20039 0.03706
v 0.58745 -0.20039 0.03843
v 0.58745 -0.20039 0.03980
v 0.58745 -0.20039 0.04118
v 0.58745 -0.20039 0.04255
v 0.58745 -0.20039 0.04392
v 0.58745 -0.20039 0.04529
v 0.58745 -0.20039 0.04667
v 0.58745 -0.20039 0.04804
v 0.58745 -0.20039 0.04941
v 0.58745 -0.20039 0.05078
v 0.58745 -0.20039 0.05216
v 0.58745 -0.20039 0.05353
v 0.58745 -0.20039 0.05490
v 0.58608 -0.19902 0.05627
v 0.58745 -0.19902 0.05559
v 0.58608 -0.19627 0.01510
v 0.58745 -0.19765 0.01510
v 0.58745 -0.19627 0.01441
v 0.58745 -0.19765 0.01647
v 0.58745 -0.19765 0.01784
v 0.58745 -0.19765 0.01922
v 0.58745 -0.19765 0.02059
v 0.58745 -0.19765 0.02196
v 0.58745 -0.19765 0.05627
v 0.58745 -0.19765 0.05765
v 0.58745 -0.19765 0.05902
v 0.58745 -0.19765 0.06039
v 0.58745 -0.19765 0.06176
v 0.58745 -0.19765 0.06314
v 0.58745 -0.19627 0.06382
v 0.58745 -0.19490 0.01098
v 0.58745 -0.19353 0.01029
v 0.58745 -0.19490 0.01235
v 0.58745 -0.19490 0.01373
v 0.58745 -0.19490 0.06451
v 0.58745 -0.19490 0.06588
v 0.58745 -0.19490 0.06725
v 0.58745 -0.19353 0.06794
v 0.58745 -0.19216 0.00137
v 0.58745 -0.19078 0.00069
v 0.58745 -0.19216 0.00275
v 0.58745 -0.19216 0.00412
v 0.58745 -0.19216 0.00549
v 0.58745 -0.19216 0.00686
v 0.58745 -0.19216 0.00824
v 0.58745 -0.19216 0.00961
v 0.58745 -0.19216 0.06863
v 0.58608 -0.19078 0.07000
v 0.58745 -0.19078 0.06931
v 0.58745 -0.18941 0.00000
v 0.58745 -0.18804 -0.00069
v 0.58745 -0.18941 0.07000
v 0.58745 -0.18941 0.07137
v 0.58745 -0.18804 0.07206
v 0.58745 -0.18529 -0.00069
v 0.58745 -0.18667 0.07275
v 0.58745 -0.18529 0.07343
v 0.58745 -0.18255 -0.00069
v 0.58745 -0.18392 0.07412
v 0.58745 -0.18255 0.07480
v 0.58745 -0.17980 -0.00069
v 0.58608 -0.17980 0.07549
v 0.58745 -0.17980 0.07480
v 0.58745 -0.17706 -0.00069
v 0.58745 -0.17843 0.07549
v 0.58745 -0.17706 0.07618
v 0.58608 -0.17706 0.07824
v 0.58745 -0.17843 0.07824
v 0.58745 -0.17706 0.07755
v 0.58745 -0.17706 0.07892
v 0.58745 -0.17431 -0.00069
v 0.58608 -0.17431 0.07686
v 0.58745 -0.17431 0.07618
v 0.58745 -0.17431 0.07755
v 0.58745 -0.17569 0.07961
v 0.58608 -0.17431 0.08098
v 0.58745 -0.17431 0.08029
v 0.58745 -0.17157 -0.00069
v 0.58608 -0.17157 0.07686
v 0.58745 -0.17157 0.07618
v 0.58745 -0.17157 0.07755
v 0.58745 -0.17294 0.08098
v 0.58745 -0.17157 0.08167
v 0.58745 -0.16882 -0.00069
v 0.58745 -0.16882 0.07618
v 0.58745 -0.16882 0.07755
v 0.58608 -0.16882 0.08235
v 0.58745 -0.16882 0.08167
v 0.58745 -0.16608 -0.00069
v 0.58745 -0.16745 0.07686
v 0.58745 -0.16745 0.07824
v 0.58745 -0.16608 0.07755
v 0.58745 -0.16608 0.07892
v 0.58608 -0.16608 0.08235
v 0.58745 -0.16608 0.08167
v 0.58745 -0.16333 -0.00069
v 0.58608 -0.16333 0.07686
v 0.58745 -0.16471 0.07686
v 0.58745 -0.16333 0.07618
v 0.58608 -0.16333 0.07824
v 0.58745 -0.16471 0.07824
v 0.58745 -0.16333 0.07755
v 0.58608 -0.16333 0.08235
v 0.58745 -0.16333 0.08167
v 0.58745 -0.16059 -0.00069
v 0.58745 -0.16059 0.07618
v 0.58608 -0.16059 0.07824
v 0.58745 -0.16059 0.07755
v 0.58608 -0.16059 0.08235
v 0.58745 -0.16059 0.08167
v 0.58745 -0.15784 -0.00069
v 0.58745 -0.15784 0.07618
v 0.58608 -0.15784 0.07824
v 0.58745 -0.15784 0.07755
v 0.58608 -0.15784 0.08235
v 0.58745 -0.15784 0.08167
v 0.58745 -0.15510 -0.00069
v 0.58745 -0.15510 0.07618
v 0.58745 -0.15510 0.07755
v 0.58608 -0.15510 0.08235
v 0.58745 -0.15510 0.08167
v 0.58745 -0.15235 -0.00069
v 0.58745 -0.15235 0.07618
v 0.58745 -0.15235 0.07755
v 0.58608 -0.15235 0.08098
v 0.58745 -0.15373 0.08098
v 0.58745 -0.15235 0.08029
v 0.58608 -0.15235 0.08235
v 0.58745 -0.14961 -0.00069
v 0.58745 -0.15098 0.07549
v 0.58745 -0.14961 0.07480
v 0.58745 -0.14961 0.07755
v 0.58608 -0.14961 0.08098
v 0.58745 -0.14961 0.08029
v 0.58745 -0.14686 -0.00069
v 0.58608 -0.14686 0.07412
v 0.58745 -0.14824 0.07412
v 0.58745 -0.14686 0.07343
v 0.58745 -0.14824 0.07686
v 0.58745 -0.14686 0.07618
v 0.58608 -0.14686 0.07961
v 0.58745 -0.14824 0.07961
v 0.58745 -0.14686 0.07892
v 0.58745 -0.14549 0.00000
v 0.58745 -0.14549 0.00137
v 0.58745 -0.14412 0.00206
v 0.58608 -0.14412 0.07275
v 0.58745 -0.14549 0.07275
v 0.58745 -0.14412 0.07206
v 0.58745 -0.14549 0.07686
v 0.58745 -0.14549 0.07824
v 0.58745 -0.14275 0.00275
v 0.58745 -0.14275 0.00412
v 0.58608 -0.14137 0.00549
v 0.58745 -0.14275 0.00549
v 0.58745 -0.14137 0.00618
v 0.58608 -0.14137 0.07137
v 0.58745 -0.14275 0.07137
v 0.58745 -0.14137 0.07069
v 0.58745 -0.14000 0.00686
v 0.58745 -0.14000 0.00824
v 0.58608 -0.13863 0.00961
v 0.58745 -0.13863 0.00892
v 0.58745 -0.14000 0.07000
v 0.58745 -0.13863 0.06931
v 0.58745 -0.13725 0.00961
v 0.58745 -0.13725 0.01098
v 0.58745 -0.13725 0.01235
v 0.58608 -0.13588 0.01373
v 0.58745 -0.13725 0.01373
v 0.58745 -0.13588 0.01441
v 0.58745 -0.13725 0.06863
v 0.58745 -0.13588 0.06794
v 0.58745 -0.13451 0.01510
v 0.58745 -0.13451 0.01647
v 0.58608 -0.13314 0.01784
v 0.58745 -0.13451 0.01784
v 0.58608 -0.13314 0.01922
v 0.58745 -0.13451 0.01922
v 0.58745 -0.13314 0.01990
v 0.58745 -0.13451 0.06451
v 0.58745 -0.13314 0.06382
v 0.58745 -0.13451 0.06588
v 0.58745 -0.13451 0.06725
v 0.58745 -0.13176 0.02059
v 0.58745 -0.13176 0.02196
v 0.58745 -0.13176 0.02333
v 0.58745 -0.13176 0.02471
v 0.58745 -0.13039 0.02539
v 0.58608 -0.13039 0.05765
v 0.58745 -0.13176 0.05902
v 0.58745 -0.13039 0.05833
v 0.58745 -0.13176 0.06039
v 0.58745 -0.13176 0.06176
v 0.58745 -0.13176 0.06314
v 0.58745 -0.12902 0.02608
v 0.58745 -0.12902 0.02745
v 0.58745 -0.12902 0.02882
v 0.58745 -0.12902 0.03020
v 0.58745 -0.12902 0.03157
v 0.58745 -0.12902 0.03294
v 0.58745 -0.12902 0.03431
v 0.58745 -0.12902 0.03569
v 0.58745 -0.12902 0.03706
v 0.58745 -0.12902 0.03843
v 0.58745 -0.12902 0.03980
v 0.58608 -0.12765 0.04118
v 0.58745 -0.12902 0.04118
v 0.58745 -0.12765 0.04186
v 0.58745 -0.12902 0.04392
v 0.58745 -0.12765 0.04324
v 0.58745 -0.12902 0.04529
v 0.58745 -0.12902 0.04667
v 0.58745 -0.12902 0.04804
v 0.58745 -0.12902 0.04941
v 0.58745 -0.12902 0.05078
v 0.58745 -0.12902 0.05216
v 0.58745 -0.12902 0.05353
v 0.58745 -0.12902 0.05490
v 0.58745 -0.12902 0.05627
v 0.58745 -0.12902 0.05765
v 0.58745 -0.12627 0.04255
v 0.58882 -0.19902 0.02333
v 0.59020 -0.20039 0.02471
v 0.59020 -0.19902 0.02402
v 0.59020 -0.20039 0.02608
v 0.59020 -0.20039 0.02745
v 0.59020 -0.20039 0.02882
v 0.59020 -0.20039 0.03020
v 0.59020 -0.20039 0.03157
v 0.59020 -0.20039 0.03294
v 0.59020 -0.20039 0.03431
v 0.59020 -0.20039 0.03569
v 0.59020 -0.20039 0.03706
v 0.59020 -0.20039 0.03843
v 0.59020 -0.20039 0.03980
v 0.59020 -0.20039 0.04118
v 0.59020 -0.20039 0.04255
v 0.59020 -0.20039 0.04392
v 0.59020 -0.20039 0.04529
v 0.59020 -0.20039 0.04667
v 0.59020 -0.20039 0.04804
v 0.59020 -0.20039 0.04941
v 0.59020 -0.20039 0.05078
v 0.59020 -0.20039 0.05216
v 0.58882 -0.19902 0.05353
v 0.59020 -0.19902 0.05284
v 0.58882 -0.19902 0.05490
v 0.59020 -0.19765 0.01510
v 0.59020 -0.19627 0.01441
v 0.59020 -0.19765 0.01647
v 0.59020 -0.19765 0.01784
v 0.59020 -0.19765 0.01922
v 0.59020 -0.19765 0.02059
v 0.59020 -0.19765 0.02196
v 0.59020 -0.19765 0.02333
v 0.59020 -0.19765 0.05353
v 0.59020 -0.19765 0.05490
v 0.59020 -0.19765 0.05627
v 0.59020 -0.19765 0.05765
v 0.59020 -0.19765 0.05902
v 0.59020 -0.19765 0.06039
v 0.59020 -0.19765 0.06176
v 0.58882 -0.19627 0.06314
v 0.59020 -0.19627 0.06245
v 0.58882 -0.19353 0.00961
v 0.59020 -0.19490 0.00961
v 0.59020 -0.19353 0.00892
v 0.59020 -0.19490 0.01098
v 0.59020 -0.19490 0.01235
v 0.59020 -0.19490 0.01373
v 0.59020 -0.19490 0.06314
v 0.59020 -0.19490 0.06451
v 0.59020 -0.19490 0.06588
v 0.58882 -0.19353 0.06725
v 0.59020 -0.19353 0.06657
v 0.58882 -0.19078 0.00000
v 0.59020 -0.19216 0.00000
v 0.59020 -0.19078 -0.00069
v 0.59020 -0.19216 0.00137
v 0.59020 -0.19216 0.00275
v 0.59020 -0.19216 0.00412
v 0.59020 -0.19216 0.00549
v 0.59020 -0.19216 0.00686
v 0.59020 -0.19216 0.00824
v 0.59020 -0.19216 0.06725
v 0.59020 -0.19216 0.06863
v 0.59020 -0.19078 0.06931
v 0.59020 -0.18804 -0.00069
v 0.59020 -0.18941 0.07000
v 0.58882 -0.18804 0.07137
v 0.59020 -0.18804 0.07069
v 0.59020 -0.18529 -0.00069
v 0.59020 -0.18667 0.07137
v 0.59020 -0.18667 0.07275
v 0.59020 -0.18529 0.07343
v 0.59020 -0.18255 -0.00069
v 0.58882 -0.18255 0.07412
v 0.59020 -0.18255 0.07343
v 0.59020 -0.17980 -0.00069
v 0.59020 -0.18118 0.07412
v 0.59020 -0.17980 0.07480
v 0.59020 -0.17706 -0.00069
v 0.58882 -0.17706 0.07549
v 0.59020 -0.17706 0.07480
v 0.58882 -0.17706 0.07824
v 0.59020 -0.17431 -0.00069
v 0.58882 -0.17431 0.07549
v 0.59020 -0.17431 0.07480
v 0.58882 -0.17431 0.07824
v 0.58882 -0.17431 0.07961
v 0.59020 -0.17157 -0.00069
v 0.59020 -0.17294 0.07549
v 0.59020 -0.17157 0.07618
v 0.59020 -0.17294 0.07824
v 0.59020 -0.17157 0.07755
v 0.58882 -0.17157 0.07961
v 0.59020 -0.17157 0.07892
v 0.58882 -0.17157 0.08098
v 0.59020 -0.16882 -0.00069
v 0.59020 -0.16882 0.07618
v 0.59020 -0.16882 0.07755
v 0.58882 -0.16882 0.07961
v 0.59020 -0.16882 0.07892
v 0.58882 -0.16882 0.08098
v 0.59020 -0.16608 -0.00069
v 0.58882 -0.16608 0.07686
v 0.59020 -0.16608 0.07618
v 0.58882 -0.16608 0.07824
v 0.59020 -0.16608 0.07755
v 0.59020 -0.16745 0.07961
v 0.58882 -0.16608 0.08098
v 0.59020 -0.16608 0.08029
v 0.59020 -0.16333 -0.00069
v 0.59020 -0.16333 0.07618
v 0.59020 -0.16333 0.07755
v 0.58882 -0.16333 0.08098
v 0.59020 -0.16333 0.08029
v 0.59020 -0.16059 -0.00069
v 0.59020 -0.16059 0.07618
v 0.59020 -0.16059 0.07755
v 0.58882 -0.16059 0.08098
v 0.59020 -0.16059 0.08029
v 0.59020 -0.15784 -0.00069
v 0.59020 -0.15784 0.07618
v 0.59020 -0.15784 0.07755
v 0.58882 -0.15784 0.08098
v 0.59020 -0.15784 0.08029
v 0.59020 -0.15510 -0.00069
v 0.58882 -0.15510 0.07549
v 0.59020 -0.15647 0.07549
v 0.59020 -0.15510 0.07480
v 0.59020 -0.15510 0.07755
v 0.58882 -0.15510 0.07961
v 0.59020 -0.15647 0.07961
v 0.59020 -0.15510 0.07892
v 0.58882 -0.15510 0.08098
v 0.59020 -0.15235 -0.00069
v 0.58882 -0.15235 0.07549
v 0.59020 -0.15235 0.07480
v 0.59020 -0.15235 0.07755
v 0.58882 -0.15235 0.07961
v 0.59020 -0.15235 0.07892
v 0.59020 -0.14961 -0.00069
v 0.58882 -0.14961 0.07412
v 0.59020 -0.15098 0.07412
v 0.59020 -0.14961 0.07343
v 0.59020 -0.14961 0.07755
v 0.58882 -0.14961 0.07961
v 0.59020 -0.14961 0.07892
v 0.59020 -0.14686 -0.00069
v 0.58882 -0.14686 0.00137
v 0.59020 -0.14824 0.00137
v 0.59020 -0.14686 0.00069
v 0.59020 -0.14686 0.00206
v 0.59020 -0.14686 0.07343
v 0.59020 -0.14824 0.07686
v 0.59020 -0.14686 0.07618
v 0.58882 -0.14686 0.07824
v 0.59020 -0.14824 0.07824
v 0.59020 -0.14686 0.07755
v 0.59020 -0.14549 0.00000
v 0.58882 -0.14412 0.00137
v 0.59020 -0.14549 0.00137
v 0.59020 -0.14412 0.00069
v 0.59020 -0.14549 0.07275
v 0.59020 -0.14412 0.07206
v 0.59020 -0.14549 0.07686
v 0.59020 -0.14275 0.00137
v 0.59020 -0.14275 0.00275
v 0.59020 -0.14275 0.00412
v 0.59020 -0.14275 0.00549
v 0.59020 -0.14137 0.00618
v 0.59020 -0.14275 0.07137
v 0.59020 -0.14137 0.07069
v 0.59020 -0.14000 0.00686
v 0.59020 -0.14000 0.00824
v 0.59020 -0.13863 0.00892
v 0.58882 -0.13863 0.06863
v 0.59020 -0.14000 0.06863
v 0.59020 -0.13863 0.06794
v 0.59020 -0.14000 0.07000
v 0.59020 -0.13725 0.00961
v 0.59020 -0.13725 0.01098
v 0.59020 -0.13725 0.01235
v 0.59020 -0.13725 0.01373
v 0.59020 -0.13588 0.01441
v 0.58882 -0.13588 0.06725
v 0.59020 -0.13725 0.06725
v 0.59020 -0.13588 0.06657
v 0.59020 -0.13451 0.01510
v 0.59020 -0.13451 0.01647
v 0.59020 -0.13451 0.01784
v 0.59020 -0.13451 0.01922
v 0.59020 -0.13314 0.01990
v 0.58882 -0.13314 0.06176
v 0.59020 -0.13451 0.06176
v 0.59020 -0.13314 0.06108
v 0.58882 -0.13314 0.06314
v 0.59020 -0.13451 0.06314
v 0.59020 -0.13451 0.06451
v 0.59020 -0.13451 0.06588
v 0.59020 -0.13176 0.02059
v 0.59020 -0.13176 0.02196
v 0.59020 -0.13176 0.02333
v 0.59020 -0.13176 0.02471
v 0.58882 -0.13039 0.02608
v 0.59020 -0.13176 0.02608
v 0.59020 -0.13039 0.02676
v 0.58882 -0.13039 0.05627
v 0.59020 -0.13176 0.05627
v 0.59020 -0.13039 0.05559
v 0.58882 -0.13039 0.05765
v 0.59020 -0.13176 0.05765
v 0.59020 -0.13176 0.05902
v 0.59020 -0.13176 0.06039
v 0.59020 -0.12902 0.02745
v 0.59020 -0.12902 0.02882
v 0.59020 -0.12902 0.03020
v 0.59020 -0.12902 0.03157
v 0.59020 -0.12902 0.03294
v 0.59020 -0.12902 0.03431
v 0.59020 -0.12902 0.03569
v 0.59020 -0.12902 0.03706
v 0.59020 -0.12902 0.03843
v 0.59020 -0.12902 0.03980
v 0.59020 -0.12902 0.04118
v 0.58882 -0.12765 0.04255
v 0.59020 -0.12902 0.04255
v 0.59020 -0.12902 0.04392
v 0.59020 -0.12902 0.04529
v 0.59020 -0.12902 0.04667
v 0.59020 -0.12902 0.04804
v 0.59020 -0.12902 0.04941
v 0.59020 -0.12902 0.05078
v 0.59020 -0.12902 0.05216
v 0.59020 -0.12902 0.05353
v 0.59020 -0.12902 0.05490
v 0.59294 -0.20039 0.02471
v 0.59294 -0.19902 0.02402
v 0.59294 -0.20039 0.02608
v 0.59294 -0.20039 0.02745
v 0.59294 -0.20039 0.02882
v 0.59294 -0.20039 0.03020
v 0.59294 -0.20039 0.03157
v 0.59294 -0.20039 0.03294
v 0.59294 -0.20039 0.03431
v 0.59294 -0.20039 0.03569
v 0.59294 -0.20039 0.03706
v 0.59294 -0.20039 0.03843
v 0.59294 -0.20039 0.03980
v 0.59294 -0.20039 0.04118
v 0.59294 -0.20039 0.04255
v 0.59294 -0.20039 0.04392
v 0.59294 -0.20039 0.04529
v 0.59294 -0.20039 0.04667
v 0.59294 -0.20039 0.04804
v 0.59294 -0.20039 0.04941
v 0.59157 -0.19902 0.05078
v 0.59294 -0.19902 0.05010
v 0.59157 -0.19902 0.05216
v 0.59294 -0.19765 0.01510
v 0.59294 -0.19627 0.01441
v 0.59294 -0.19765 0.01647
v 0.59294 -0.19765 0.01784
v 0.59294 -0.19765 0.01922
v 0.59294 -0.19765 0.02059
v 0.59294 -0.19765 0.02196
v 0.59294 -0.19765 0.02333
v 0.59294 -0.19765 0.05078
v 0.59294 -0.19765 0.05216
v 0.59294 -0.19765 0.05353
v 0.59294 -0.19765 0.05490
v 0.59294 -0.19765 0.05627
v 0.59294 -0.19765 0.05765
v 0.59294 -0.19765 0.05902
v 0.59157 -0.19627 0.06039
v 0.59294 -0.19627 0.05971
v 0.59157 -0.19627 0.06176
v 0.59294 -0.19490 0.00961
v 0.59294 -0.19353 0.00892
v 0.59294 -0.19490 0.01098
v 0.59294 -0.19490 0.01235
v 0.59294 -0.19490 0.01373
v 0.59294 -0.19490 0.06039
v 0.59294 -0.19490 0.06176
v 0.59294 -0.19490 0.06314
v 0.59294 -0.19490 0.06451
v 0.59157 -0.19353 0.06588
v 0.59294 -0.19353 0.06520
v 0.59294 -0.19216 0.00000
v 0.59294 -0.19078 -0.00069
v 0.59294 -0.19216 0.00137
v 0.59294 -0.19216 0.00275
v 0.59294 -0.19216 0.00412
v 0.59294 -0.19216 0.00549
v 0.59294 -0.19216 0.00686
v 0.59294 -0.19216 0.00824
v 0.59294 -0.19216 0.06588
v 0.59294 -0.19216 0.06725
v 0.59157 -0.19078 0.06863
v 0.59294 -0.19078 0.06794
v 0.59294 -0.18804 -0.00069
v 0.59294 -0.18941 0.06863
v 0.59294 -0.18941 0.07000
v 0.59294 -0.18804 0.07069
v 0.59294 -0.18529 -0.00069
v 0.59294 -0.18667 0.07137
v 0.59157 -0.18529 0.07275
v 0.59294 -0.18529 0.07206
v 0.59294 -0.18255 -0.00069
v 0.59294 -0.18392 0.07275
v 0.59294 -0.18255 0.07343
v 0.59294 -0.17980 -0.00069
v 0.59294 -0.18118 0.07412
v 0.59294 -0.17980 0.07480
v 0.59294 -0.17706 -0.00069
v 0.59294 -0.17706 0.07480
v 0.59294 -0.17431 -0.00069
v 0.59294 -0.17431 0.07480
v 0.59294 -0.17157 -0.00069
v 0.59157 -0.17157 0.07549
v 0.59294 -0.17157 0.07480
v 0.59157 -0.17157 0.07824
v 0.59294 -0.16882 -0.00069
v 0.59157 -0.16882 0.07549
v 0.59294 -0.16882 0.07480
v 0.59157 -0.16882 0.07824
v 0.59294 -0.16608 -0.00069
v 0.59294 -0.16745 0.07549
v 0.59294 -0.16608 0.07618
v 0.59294 -0.16745 0.07824
v 0.59294 -0.16608 0.07755
v 0.59157 -0.16608 0.07961
v 0.59294 -0.16608 0.07892
v 0.59294 -0.16333 -0.00069
v 0.59294 -0.16333 0.07618
v 0.59294 -0.16333 0.07755
v 0.59157 -0.16333 0.07961
v 0.59294 -0.16333 0.07892
v 0.59294 -0.16059 -0.00069
v 0.59157 -0.16059 0.07549
v 0.59294 -0.16196 0.07549
v 0.59294 -0.16059 0.07480
v 0.59294 -0.16059 0.07755
v 0.59157 -0.16059 0.07961
v 0.59294 -0.16059 0.07892
v 0.59294 -0.15784 -0.00069
v 0.59157 -0.15784 0.07549
v 0.59294 -0.15784 0.07480
v 0.59157 -0.15784 0.07824
v 0.59294 -0.15922 0.07824
v 0.59157 -0.15784 0.07961
v 0.59294 -0.15510 -0.00069
v 0.59294 -0.15510 0.07480
v 0.59157 -0.15510 0.07824
v 0.59294 -0.15235 -0.00069
v 0.59294 -0.15235 0.07480
v 0.59157 -0.15235 0.07824
v 0.59294 -0.14961 -0.00069
v 0.59294 -0.15098 0.07412
v 0.59294 -0.14961 0.07343
v 0.59157 -0.14961 0.07824
v 0.59294 -0.14686 -0.00069
v 0.59157 -0.14686 0.00137
v 0.59294 -0.14686 0.07343
v 0.59157 -0.14686 0.07686
v 0.59294 -0.14549 0.00000
v 0.59157 -0.14412 0.00137
v 0.59294 -0.14549 0.00137
v 0.59294 -0.14412 0.00206
v 0.59294 -0.14549 0.07275
v 0.59294 -0.14412 0.07206
v 0.59294 -0.14275 0.00275
v 0.59294 -0.14275 0.00412
v 0.59294 -0.14275 0.00549
v 0.59294 -0.14137 0.00618
v 0.59294 -0.14275 0.07137
v 0.59294 -0.14137 0.07069
v 0.59294 -0.14000 0.00686
v 0.59294 -0.14000 0.00824
v 0.59157 -0.13863 0.00961
v 0.59294 -0.14000 0.00961
v 0.59294 -0.13863 0.01029
v 0.59294 -0.14000 0.06863
v 0.59294 -0.13863 0.06794
v 0.59294 -0.14000 0.07000
v 0.59294 -0.13725 0.01098
v 0.59294 -0.13725 0.01235
v 0.59294 -0.13725 0.01373
v 0.59157 -0.13588 0.01510
v 0.59294 -0.13725 0.01510
v 0.59294 -0.13588 0.01578
v 0.59157 -0.13588 0.06451
v 0.59294 -0.13725 0.06451
v 0.59294 -0.13588 0.06382
v 0.59157 -0.13588 0.06588
v 0.59294 -0.13725 0.06588
v 0.59294 -0.13725 0.06725
v 0.59294 -0.13451 0.01647
v 0.59294 -0.13451 0.01784
v 0.59294 -0.13451 0.01922
v 0.59157 -0.13314 0.02059
v 0.59294 -0.13451 0.02059
v 0.59294 -0.13314 0.02127
v 0.59294 -0.13451 0.06176
v 0.59294 -0.13314 0.06108
v 0.59294 -0.13451 0.06314
v 0.59294 -0.13176 0.02196
v 0.59294 -0.13176 0.02333
v 0.59294 -0.13176 0.02471
v 0.59294 -0.13176 0.02608
v 0.59157 -0.13039 0.02745
v 0.59294 -0.13176 0.02745
v 0.59157 -0.13039 0.02882
v 0.59294 -0.13176 0.02882
v 0.59157 -0.13039 0.03020
v 0.59294 -0.13176 0.03020
v 0.59157 -0.13039 0.03157
v 0.59294 -0.13176 0.03157
v 0.59294 -0.13039 0.03225
v 0.59157 -0.13039 0.05216
v 0.59294 -0.13176 0.05216
v 0.59294 -0.13039 0.05147
v 0.59294 -0.13039 0.05284
v 0.59157 -0.13039 0.05490
v 0.59294 -0.13176 0.05490
v 0.59294 -0.13039 0.05422
v 0.59294 -0.13176 0.05627
v 0.59294 -0.13176 0.05765
v 0.59294 -0.13176 0.05902
v 0.59294 -0.13176 0.06039
v 0.59294 -0.12902 0.03294
v 0.59294 -0.12902 0.03431
v 0.59294 -0.12902 0.03569
v 0.59294 -0.12902 0.03706
v 0.59294 -0.12902 0.03843
v 0.59294 -0.12902 0.03980
v 0.59294 -0.12902 0.04118
v 0.59294 -0.12902 0.04255
v 0.59294 -0.12902 0.04392
v 0.59294 -0.12902 0.04529
v 0.59294 -0.12902 0.04667
v 0.59294 -0.12902 0.04804
v 0.59294 -0.12902 0.04941
v 0.59294 -0.12902 0.05078
v 0.59294 -0.12902 0.05353
v 0.59569 -0.20039 0.02471
v 0.59569 -0.19902 0.02402
v 0.59569 -0.20039 0.02608
v 0.59569 -0.20039 0.02745
v 0.59569 -0.20039 0.02882
v 0.59569 -0.20039 0.03020
v 0.59569 -0.20039 0.03157
v 0.59569 -0.20039 0.03294
v 0.59569 -0.20039 0.03431
v 0.59569 -0.20039 0.03569
v 0.59569 -0.20039 0.03706
v 0.59569 -0.20039 0.03843
v 0.59569 -0.20039 0.03980
v 0.59569 -0.20039 0.04118
v 0.59569 -0.20039 0.04255
v 0.59569 -0.20039 0.04392
v 0.59431 -0.19902 0.04529
v 0.59569 -0.19902 0.04461
v 0.59431 -0.19902 0.04667
v 0.59431 -0.19902 0.04804
v 0.59431 -0.19902 0.04941
v 0.59569 -0.19765 0.01510
v 0.59569 -0.19627 0.01441
v 0.59569 -0.19765 0.01647
v 0.59569 -0.19765 0.01784
v 0.59569 -0.19765 0.01922
v 0.59569 -0.19765 0.02059
v 0.59569 -0.19765 0.02196
v 0.59569 -0.19765 0.02333
v 0.59569 -0.19765 0.04529
v 0.59569 -0.19765 0.04667
v 0.59569 -0.19765 0.04804
v 0.59569 -0.19765 0.04941
v 0.59569 -0.19765 0.05078
v 0.59569 -0.19765 0.05216
v 0.59569 -0.19765 0.05353
v 0.59569 -0.19765 0.05490
v 0.59431 -0.19627 0.05627
v 0.59569 -0.19627 0.05559
v 0.59431 -0.19627 0.05765
v 0.59431 -0.19627 0.05902
v 0.59431 -0.19353 0.00824
v 0.59569 -0.19490 0.00824
v 0.59569 -0.19353 0.00755
v 0.59569 -0.19490 0.00961
v 0.59569 -0.19490 0.01098
v 0.59569 -0.19490 0.01235
v 0.59569 -0.19490 0.01373
v 0.59569 -0.19490 0.05627
v 0.59569 -0.19490 0.05765
v 0.59569 -0.19490 0.05902
v 0.59569 -0.19490 0.06039
v 0.59569 -0.19490 0.06176
v 0.59431 -0.19353 0.06314
v 0.59569 -0.19353 0.06245
v 0.59431 -0.19353 0.06451
v 0.59569 -0.19216 0.00000
v 0.59569 -0.19078 -0.00069
v 0.59569 -0.19216 0.00137
v 0.59569 -0.19216 0.00275
v 0.59569 -0.19216 0.00412
v 0.59569 -0.19216 0.00549
v 0.59569 -0.19216 0.00686
v 0.59569 -0.19216 0.06314
v 0.59569 -0.19216 0.06451
v 0.59569 -0.19216 0.06588
v 0.59431 -0.19078 0.06725
v 0.59569 -0.19078 0.06657
v 0.59569 -0.18804 -0.00069
v 0.59569 -0.18941 0.06725
v 0.59569 -0.18941 0.06863
v 0.59431 -0.18804 0.07000
v 0.59569 -0.18804 0.06931
v 0.59569 -0.18529 -0.00069
v 0.59569 -0.18667 0.07000
v 0.59569 -0.18667 0.07137
v 0.59569 -0.18529 0.07206
v 0.59569 -0.18255 -0.00069
v 0.59431 -0.18255 0.07275
v 0.59569 -0.18255 0.07206
v 0.59569 -0.17980 -0.00069
v 0.59569 -0.18118 0.07275
v 0.59431 -0.17980 0.07412
v 0.59569 -0.17980 0.07343
v 0.59569 -0.17706 -0.00069
v 0.59431 -0.17706 0.07412
v 0.59569 -0.17706 0.07343
v 0.59569 -0.17431 -0.00069
v 0.59569 -0.17569 0.07412
v 0.59569 -0.17431 0.07480
v 0.59569 -0.17157 -0.00069
v 0.59569 -0.17157 0.07480
v 0.59569 -0.16882 -0.00069
v 0.59569 -0.16882 0.07480
v 0.59569 -0.16608 -0.00069
v 0.59569 -0.16745 0.07549
v 0.59569 -0.16608 0.07618
v 0.59431 -0.16608 0.07824
v 0.59569 -0.16333 -0.00069
v 0.59431 -0.16333 0.07549
v 0.59569 -0.16471 0.07549
v 0.59569 -0.16333 0.07480
v 0.59431 -0.16333 0.07824
v 0.59569 -0.16059 -0.00069
v 0.59569 -0.16059 0.07480
v 0.59431 -0.16059 0.07824
v 0.59569 -0.15784 -0.00069
v 0.59569 -0.15784 0.07480
v 0.59569 -0.15510 -0.00069
v 0.59569 -0.15510 0.07480
v 0.59569 -0.15235 -0.00069
v 0.59569 -0.15235 0.07480
v 0.59569 -0.14961 -0.00069
v 0.59569 -0.15098 0.07412
v 0.59569 -0.14961 0.07343
v 0.59569 -0.14686 -0.00069
v 0.59431 -0.14686 0.07275
v 0.59569 -0.14824 0.07275
v 0.59569 -0.14686 0.07206
v 0.59569 -0.14549 0.00000
v 0.59431 -0.14412 0.00137
v 0.59569 -0.14412 0.00069
v 0.59431 -0.14412 0.07137
v 0.59569 -0.14549 0.07137
v 0.59569 -0.14412 0.07069
v 0.59569 -0.14275 0.00137
v 0.59569 -0.14275 0.00275
v 0.59569 -0.14275 0.00412
v 0.59431 -0.14137 0.00549
v 0.59569 -0.14137 0.00480
v 0.59431 -0.14137 0.07000
v 0.59569 -0.14275 0.07000
v 0.59569 -0.14137 0.06931
v 0.59569 -0.14000 0.00549
v 0.59569 -0.14000 0.00686
v 0.59569 -0.14000 0.00824
v 0.59569 -0.14000 0.00961
v 0.59431 -0.13863 0.01098
v 0.59569 -0.14000 0.01098
v 0.59431 -0.13863 0.01235
v 0.59569 -0.14000 0.01235
v 0.59569 -0.13863 0.01304
v 0.59431 -0.13863 0.06725
v 0.59569 -0.14000 0.06725
v 0.59569 -0.13863 0.06657
v 0.59569 -0.14000 0.06863
v 0.59569 -0.13725 0.01373
v 0.59569 -0.13725 0.01510
v 0.59431 -0.13588 0.01647
v 0.59569 -0.13725 0.01647
v 0.59569 -0.13588 0.01716
v 0.59569 -0.13725 0.06451
v 0.59569 -0.13588 0.06382
v 0.59569 -0.13725 0.06588
v 0.59569 -0.13451 0.01784
v 0.59569 -0.13451 0.01922
v 0.59569 -0.13451 0.02059
v 0.59431 -0.13314 0.02196
v 0.59569 -0.13451 0.02196
v 0.59431 -0.13314 0.02333
v 0.59569 -0.13451 0.02333
v 0.59569 -0.13314 0.02402
v 0.59431 -0.13314 0.02608
v 0.59569 -0.13451 0.02608
v 0.59569 -0.13314 0.02539
v 0.59569 -0.13314 0.02676
v 0.59431 -0.13314 0.05902
v 0.59569 -0.13451 0.05902
v 0.59569 -0.13314 0.05833
v 0.59431 -0.13314 0.06039
v 0.59569 -0.13451 0.06039
v 0.59569 -0.13451 0.06176
v 0.59569 -0.13451 0.06314
v 0.59569 -0.13176 0.02471
v 0.59569 -0.13176 0.02745
v 0.59569 -0.13176 0.02882
v 0.59569 -0.13176 0.03020
v 0.59569 -0.13176 0.03157
v 0.59431 -0.13039 0.03294
v 0.59569 -0.13176 0.03294
v 0.59431 -0.13039 0.03431
v 0.59569 -0.13176 0.03431
v 0.59431 -0.13039 0.03569
v 0.59569 -0.13176 0.03569
v 0.59431 -0.13039 0.03706
v 0.59569 -0.13176 0.03706
v 0.59431 -0.13039 0.03843
v 0.59569 -0.13176 0.03843
v 0.59569 -0.13039 0.03912
v 0.59431 -0.13039 0.04667
v 0.59569 -0.13176 0.04667
v 0.59569 -0.13039 0.04598
v 0.59431 -0.13039 0.04804
v 0.59569 -0.13176 0.04804
v 0.59431 -0.13039 0.04941
v 0.59569 -0.13176 0.04941
v 0.59431 -0.13039 0.05078
v 0.59569 -0.13176 0.05078
v 0.59569 -0.13176 0.05216
v 0.59431 -0.13039 0.05353
v 0.59569 -0.13176 0.05353
v 0.59569 -0.13176 0.05490
v 0.59569 -0.13176 0.05627
v 0.59569 -0.13176 0.05765
v 0.59569 -0.12902 0.03980
v 0.59569 -0.12902 0.04118
v 0.59569 -0.12902 0.04255
v 0.59569 -0.12902 0.04392
v 0.59569 -0.12902 0.04529
v 0.59706 -0.19902 0.02471
v 0.59843 -0.20039 0.02608
v 0.59843 -0.19902 0.02539
v 0.59843 -0.20039 0.02745
v 0.59843 -0.20039 0.02882
v 0.59843 -0.20039 0.03020
v 0.59843 -0.20039 0.03157
v 0.59843 -0.20039 0.03294
v 0.59843 -0.20039 0.03431
v 0.59843 -0.20039 0.03569
v 0.59843 -0.20039 0.03706
v 0.59843 -0.20039 0.03843
v 0.59843 -0.20039 0.03980
v 0.59706 -0.19902 0.04118
v 0.59843 -0.19902 0.04049
v 0.59706 -0.19902 0.04255
v 0.59706 -0.19902 0.04392
v 0.59706 -0.19627 0.01373
v 0.59843 -0.19765 0.01373
v 0.59843 -0.19627 0.01304
v 0.59843 -0.19765 0.01510
v 0.59843 -0.19765 0.01647
v 0.59843 -0.19765 0.01784
v 0.59843 -0.19765 0.01922
v 0.59843 -0.19765 0.02059
v 0.59843 -0.19765 0.02196
v 0.59843 -0.19765 0.02333
v 0.59843 -0.19765 0.02471
v 0.59843 -0.19765 0.04118
v 0.59843 -0.19765 0.04255
v 0.59843 -0.19765 0.04392
v 0.59843 -0.19765 0.04529
v 0.59843 -0.19765 0.04667
v 0.59843 -0.19765 0.04804
v 0.59843 -0.19765 0.04941
v 0.59843 -0.19765 0.05078
v 0.59843 -0.19765 0.05216
v 0.59706 -0.19627 0.05353
v 0.59843 -0.19627 0.05284
v 0.59706 -0.19627 0.05490
v 0.59843 -0.19490 0.00824
v 0.59843 -0.19353 0.00755
v 0.59843 -0.19490 0.00961
v 0.59843 -0.19490 0.01098
v 0.59843 -0.19490 0.01235
v 0.59843 -0.19490 0.05353
v 0.59843 -0.19490 0.05490
v 0.59843 -0.19490 0.05627
v 0.59843 -0.19490 0.05765
v 0.59843 -0.19490 0.05902
v 0.59706 -0.19353 0.06039
v 0.59843 -0.19353 0.05971
v 0.59706 -0.19353 0.06176
v 0.59843 -0.19216 0.00000
v 0.59843 -0.19078 -0.00069
v 0.59843 -0.19216 0.00137
v 0.59843 -0.19216 0.00275
v 0.59843 -0.19216 0.00412
v 0.59843 -0.19216 0.00549
v 0.59843 -0.19216 0.00686
v 0.59843 -0.19216 0.06039
v 0.59843 -0.19216 0.06176
v 0.59843 -0.19216 0.06314
v 0.59706 -0.19078 0.06451
v 0.59843 -0.19078 0.06382
v 0.59706 -0.19078 0.06588
v 0.59843 -0.18804 -0.00069
v 0.59843 -0.18941 0.06451
v 0.59843 -0.18941 0.06588
v 0.59843 -0.18941 0.06725
v 0.59706 -0.18804 0.06863
v 0.59843 -0.18804 0.06794
v 0.59843 -0.18529 -0.00069
v 0.59843 -0.18667 0.06863
v 0.59843 -0.18667 0.07000
v 0.59706 -0.18529 0.07137
v 0.59843 -0.18529 0.07069
v 0.59843 -0.18255 -0.00069
v 0.59843 -0.18392 0.07137
v 0.59843 -0.18255 0.07206
v 0.59843 -0.17980 -0.00069
v 0.59706 -0.17980 0.07275
v 0.59843 -0.17980 0.07206
v 0.59843 -0.17706 -0.00069
v 0.59843 -0.17843 0.07275
v 0.59843 -0.17706 0.07343
v 0.59843 -0.17431 -0.00069
v 0.59706 -0.17431 0.07412
v 0.59843 -0.17431 0.07343
v 0.59843 -0.17157 -0.00069
v 0.59843 -0.17294 0.07412
v 0.59843 -0.17157 0.07480
v 0.59843 -0.16882 -0.00069
v 0.59843 -0.16882 0.07480
v 0.59843 -0.16608 -0.00069
v 0.59706 -0.16608 0.07549
v 0.59843 -0.16608 0.07480
v 0.59843 -0.16333 -0.00069
v 0.59843 -0.16333 0.07480
v 0.59843 -0.16059 -0.00069
v 0.59843 -0.16059 0.07480
v 0.59843 -0.15784 -0.00069
v 0.59843 -0.15784 0.07480
v 0.59843 -0.15510 -0.00069
v 0.59706 -0.15510 0.07412
v 0.59843 -0.15647 0.07412
v 0.59843 -0.15510 0.07343
v 0.59843 -0.15235 -0.00069
v 0.59706 -0.15235 0.07412
v 0.59843 -0.15235 0.07343
v 0.59843 -0.14961 -0.00069
v 0.59706 -0.14961 0.07275
v 0.59843 -0.15098 0.07275
v 0.59843 -0.14961 0.07206
v 0.59843 -0.14686 -0.00069
v 0.59843 -0.14686 0.07206
v 0.59843 -0.14549 0.00000
v 0.59706 -0.14412 0.00137
v 0.59843 -0.14549 0.00137
v 0.59843 -0.14412 0.00206
v 0.59843 -0.14549 0.07137
v 0.59843 -0.14412 0.07069
v 0.59843 -0.14275 0.00275
v 0.59843 -0.14275 0.00412
v 0.59706 -0.14137 0.00549
v 0.59843 -0.14275 0.00549
v 0.59706 -0.14137 0.00686
v 0.59843 -0.14275 0.00686
v 0.59843 -0.14137 0.00755
v 0.59706 -0.14137 0.06863
v 0.59843 -0.14275 0.06863
v 0.59843 -0.14137 0.06794
v 0.59843 -0.14275 0.07000
v 0.59843 -0.14000 0.00824
v 0.59843 -0.14000 0.00961
v 0.59843 -0.14000 0.01098
v 0.59843 -0.14000 0.01235
v 0.59843 -0.13863 0.01304
v 0.59706 -0.13863 0.06588
v 0.59843 -0.14000 0.06588
v 0.59843 -0.13863 0.06520
v 0.59843 -0.14000 0.06725
v 0.59843 -0.13725 0.01373
v 0.59843 -0.13725 0.01510
v 0.59843 -0.13725 0.01647
v 0.59706 -0.13588 0.01784
v 0.59843 -0.13725 0.01784
v 0.59706 -0.13588 0.01922
v 0.59843 -0.13725 0.01922
v 0.59706 -0.13588 0.02059
v 0.59843 -0.13725 0.02059
v 0.59843 -0.13588 0.02127
v 0.59706 -0.13588 0.06314
v 0.59843 -0.13725 0.06314
v 0.59843 -0.13588 0.06245
v 0.59843 -0.13725 0.06451
v 0.59843 -0.13451 0.02196
v 0.59843 -0.13451 0.02333
v 0.59706 -0.13314 0.02471
v 0.59843 -0.13451 0.02471
v 0.59843 -0.13451 0.02608
v 0.59706 -0.13314 0.02745
v 0.59843 -0.13451 0.02745
v 0.59706 -0.13314 0.02882
v 0.59843 -0.13451 0.02882
v 0.59706 -0.13314 0.03020
v 0.59843 -0.13451 0.03020
v 0.59843 -0.13314 0.03088
v 0.59706 -0.13314 0.05490
v 0.59843 -0.13451 0.05490
v 0.59843 -0.13314 0.05422
v 0.59706 -0.13314 0.05627
v 0.59843 -0.13451 0.05627
v 0.59706 -0.13314 0.05765
v 0.59843 -0.13451 0.05765
v 0.59843 -0.13451 0.05902
v 0.59843 -0.13451 0.06039
v 0.59843 -0.13451 0.06176
v 0.59843 -0.13176 0.03157
v 0.59843 -0.13176 0.03294
v 0.59843 -0.13176 0.03431
v 0.59843 -0.13176 0.03569
v 0.59843 -0.13176 0.03706
v 0.59843 -0.13176 0.03843
v 0.59706 -0.13039 0.03980
v 0.59843 -0.13176 0.03980
v 0.59706 -0.13039 0.04118
v 0.59843 -0.13176 0.04118
v 0.59706 -0.13039 0.04255
v 0.59843 -0.13176 0.04255
v 0.59706 -0.13039 0.04392
v 0.59843 -0.13176 0.04392
v 0.59706 -0.13039 0.04529
v 0.59843 -0.13176 0.04529
v 0.59843 -0.13176 0.04667
v 0.59843 -0.13176 0.04804
v 0.59843 -0.13176 0.04941
v 0.59843 -0.13176 0.05078
v 0.59843 -0.13176 0.05216
v 0.59843 -0.13176 0.05353
v 0.60118 -0.20039 0.02608
v 0.60118 -0.19902 0.02539
v 0.59980 -0.19902 0.02745
v 0.60118 -0.19902 0.02676
v 0.60118 -0.20039 0.02882
v 0.60118 -0.19902 0.02814
v 0.60118 -0.20039 0.03020
v 0.60118 -0.20039 0.03157
v 0.60118 -0.20039 0.03294
v 0.60118 -0.20039 0.03431
v 0.60118 -0.20039 0.03569
v 0.60118 -0.20039 0.03706
v 0.59980 -0.19902 0.03843
v 0.60118 -0.19902 0.03775
v 0.59980 -0.19902 0.03980
v 0.60118 -0.19765 0.01373
v 0.60118 -0.19627 0.01304
v 0.60118 -0.19765 0.01510
v 0.60118 -0.19765 0.01647
v 0.60118 -0.19765 0.01784
v 0.60118 -0.19765 0.01922
v 0.60118 -0.19765 0.02059
v 0.60118 -0.19765 0.02196
v 0.60118 -0.19765 0.02333
v 0.60118 -0.19765 0.02471
v 0.60118 -0.19765 0.02745
v 0.60118 -0.19765 0.03843
v 0.60118 -0.19765 0.03980
v 0.60118 -0.19765 0.04118
v 0.60118 -0.19765 0.04255
v 0.60118 -0.19765 0.04392
v 0.60118 -0.19765 0.04529
v 0.60118 -0.19765 0.04667
v 0.60118 -0.19765 0.04804
v 0.60118 -0.19765 0.04941
v 0.59980 -0.19627 0.05078
v 0.60118 -0.19627 0.05010
v 0.59980 -0.19627 0.05216
v 0.59980 -0.19353 0.00686
v 0.60118 -0.19490 0.00686
v 0.60118 -0.19353 0.00618
v 0.60118 -0.19490 0.00824
v 0.60118 -0.19490 0.00961
v 0.60118 -0.19490 0.01098
v 0.60118 -0.19490 0.01235
v 0.60118 -0.19490 0.05078
v 0.60118 -0.19490 0.05216
v 0.60118 -0.19490 0.05353
v 0.60118 -0.19490 0.05490
v 0.59980 -0.19353 0.05627
v 0.60118 -0.19353 0.05559
v 0.59980 -0.19353 0.05765
v 0.59980 -0.19353 0.05902
v 0.60118 -0.19216 0.00000
v 0.60118 -0.19078 -0.00069
v 0.60118 -0.19216 0.00137
v 0.60118 -0.19216 0.00275
v 0.60118 -0.19216 0.00412
v 0.60118 -0.19216 0.00549
v 0.60118 -0.19216 0.05627
v 0.60118 -0.19216 0.05765
v 0.60118 -0.19216 0.05902
v 0.60118 -0.19216 0.06039
v 0.59980 -0.19078 0.06176
v 0.60118 -0.19078 0.06108
v 0.59980 -0.19078 0.06314
v 0.60118 -0.18804 -0.00069
v 0.60118 -0.18941 0.06176
v 0.60118 -0.18941 0.06314
v 0.60118 -0.18941 0.06451
v 0.60118 -0.18941 0.06588
v 0.59980 -0.18804 0.06725
v 0.60118 -0.18804 0.06657
v 0.60118 -0.18529 -0.00069
v 0.60118 -0.18667 0.06725
v 0.59980 -0.18529 0.06863
v 0.60118 -0.18529 0.06794
v 0.59980 -0.18529 0.07000
v 0.60118 -0.18255 -0.00069
v 0.60118 -0.18392 0.06863
v 0.59980 -0.18255 0.07000
v 0.60118 -0.18255 0.06931
v 0.59980 -0.18255 0.07137
v 0.60118 -0.17980 -0.00069
v 0.60118 -0.18118 0.07000
v 0.60118 -0.18118 0.07137
v 0.60118 -0.17980 0.07206
v 0.60118 -0.17706 -0.00069
v 0.59980 -0.17706 0.07275
v 0.60118 -0.17706 0.07206
v 0.60118 -0.17431 -0.00069
v 0.60118 -0.17569 0.07275
v 0.60118 -0.17431 0.07343
v 0.60118 -0.17157 -0.00069
v 0.59980 -0.17157 0.07412
v 0.60118 -0.17157 0.07343
v 0.60118 -0.16882 -0.00069
v 0.59980 -0.16882 0.07412
v 0.60118 -0.16882 0.07343
v 0.60118 -0.16608 -0.00069
v 0.59980 -0.16608 0.07412
v 0.60118 -0.16608 0.07343
v 0.60118 -0.16333 -0.00069
v 0.59980 -0.16333 0.07412
v 0.60118 -0.16333 0.07343
v 0.60118 -0.16059 -0.00069
v 0.59980 -0.16059 0.07412
v 0.60118 -0.16059 0.07343
v 0.60118 -0.15784 -0.00069
v 0.59980 -0.15784 0.07412
v 0.60118 -0.15784 0.07343
v 0.60118 -0.15510 -0.00069
v 0.59980 -0.15510 0.07275
v 0.60118 -0.15647 0.07275
v 0.60118 -0.15510 0.07206
v 0.60118 -0.15235 -0.00069
v 0.59980 -0.15235 0.07275
v 0.60118 -0.15235 0.07206
v 0.60118 -0.14961 -0.00069
v 0.59980 -0.14961 0.07137
v 0.60118 -0.15098 0.07137
v 0.60118 -0.14961 0.07069
v 0.60118 -0.14686 -0.00069
v 0.59980 -0.14686 0.07000
v 0.60118 -0.14824 0.07000
v 0.60118 -0.14686 0.06931
v 0.59980 -0.14686 0.07137
v 0.60118 -0.14549 0.00000
v 0.60118 -0.14549 0.00137
v 0.59980 -0.14412 0.00275
v 0.60118 -0.14549 0.00275
v 0.59980 -0.14412 0.00412
v 0.60118 -0.14549 0.00412
v 0.60118 -0.14412 0.00480
v 0.59980 -0.14412 0.06863
v 0.60118 -0.14549 0.06863
v 0.60118 -0.14412 0.06794
v 0.59980 -0.14412 0.07000
v 0.60118 -0.14275 0.00549
v 0.60118 -0.14275 0.00686
v 0.59980 -0.14137 0.00824
v 0.60118 -0.14275 0.00824
v 0.60118 -0.14137 0.00892
v 0.59980 -0.14137 0.06588
v 0.60118 -0.14275 0.06588
v 0.60118 -0.14137 0.06520
v 0.59980 -0.14137 0.06725
v 0.60118 -0.14275 0.06725
v 0.60118 -0.14000 0.00961
v 0.60118 -0.14000 0.01098
v 0.60118 -0.14000 0.01235
v 0.59980 -0.13863 0.01373
v 0.60118 -0.14000 0.01373
v 0.60118 -0.13863 0.01441
v 0.59980 -0.13863 0.06451
v 0.60118 -0.14000 0.06451
v 0.60118 -0.13863 0.06382
v 0.60118 -0.13725 0.01510
v 0.60118 -0.13725 0.01647
v 0.60118 -0.13725 0.01784
v 0.60118 -0.13725 0.01922
v 0.60118 -0.13725 0.02059
v 0.59980 -0.13588 0.02196
v 0.60118 -0.13725 0.02196
v 0.59980 -0.13588 0.02333
v 0.60118 -0.13725 0.02333
v 0.59980 -0.13588 0.02471
v 0.60118 -0.13725 0.02471
v 0.60118 -0.13588 0.02539
v 0.59980 -0.13588 0.05902
v 0.60118 -0.13725 0.05902
v 0.60118 -0.13588 0.05833
v 0.59980 -0.13588 0.06039
v 0.60118 -0.13725 0.06039
v 0.59980 -0.13588 0.06176
v 0.60118 -0.13725 0.06176
v 0.60118 -0.13725 0.06314
v 0.60118 -0.13451 0.02608
v 0.60118 -0.13451 0.02745
v 0.60118 -0.13451 0.02882
v 0.60118 -0.13451 0.03020
v 0.59980 -0.13314 0.03157
v 0.60118 -0.13451 0.03157
v 0.59980 -0.13314 0.03294
v 0.60118 -0.13451 0.03294
v 0.59980 -0.13314 0.03431
v 0.60118 -0.13451 0.03431
v 0.59980 -0.13314 0.03569
v 0.60118 -0.13451 0.03569
v 0.59980 -0.13314 0.03706
v 0.60118 -0.13451 0.03706
v 0.59980 -0.13314 0.03843
v 0.60118 -0.13451 0.03843
v 0.59980 -0.13314 0.03980
v 0.60118 -0.13451 0.03980
v 0.59980 -0.13314 0.04118
v 0.60118 -0.13451 0.04118
v 0.59980 -0.13314 0.04255
v 0.60118 -0.13451 0.04255
v 0.59980 -0.13314 0.04392
v 0.60118 -0.13451 0.04392
v 0.59980 -0.13314 0.04529
v 0.60118 -0.13451 0.04529
v 0.59980 -0.13314 0.04667
v 0.60118 -0.13451 0.04667
v 0.59980 -0.13314 0.04804
v 0.60118 -0.13451 0.04804
v 0.59980 -0.13314 0.04941
v 0.60118 -0.13451 0.04941
v 0.59980 -0.13314 0.05078
v 0.60118 -0.13451 0.05078
v 0.59980 -0.13314 0.05216
v 0.60118 -0.13451 0.05216
v 0.59980 -0.13314 0.05353
v 0.60118 -0.13451 0.05353
v 0.60118 -0.13451 0.05490
v 0.60118 -0.13451 0.05627
v 0.60118 -0.13451 0.05765
v 0.60255 -0.19902 0.02608
v 0.60392 -0.20039 0.02882
v 0.60392 -0.19902 0.02814
v 0.60392 -0.20039 0.03020
v 0.60255 -0.19902 0.03157
v 0.60392 -0.19902 0.03088
v 0.60255 -0.19902 0.03294
v 0.60392 -0.20039 0.03431
v 0.60392 -0.19902 0.03363
v 0.60255 -0.19902 0.03569
v 0.60392 -0.19902 0.03500
v 0.60255 -0.19902 0.03706
v 0.60255 -0.19627 0.01373
v 0.60392 -0.19765 0.01510
v 0.60392 -0.19627 0.01441
v 0.60392 -0.19765 0.01647
v 0.60392 -0.19765 0.01784
v 0.60392 -0.19765 0.01922
v 0.60392 -0.19765 0.02059
v 0.60392 -0.19765 0.02196
v 0.60392 -0.19765 0.02333
v 0.60392 -0.19765 0.02471
v 0.60392 -0.19765 0.02608
v 0.60392 -0.19765 0.02745
v 0.60392 -0.19765 0.03157
v 0.60392 -0.19765 0.03294
v 0.60392 -0.19765 0.03569
v 0.60392 -0.19765 0.03706
v 0.60392 -0.19765 0.03843
v 0.60392 -0.19765 0.03980
v 0.60392 -0.19765 0.04118
v 0.60392 -0.19765 0.04255
v 0.60392 -0.19765 0.04392
v 0.60255 -0.19627 0.04529
v 0.60392 -0.19627 0.04461
v 0.60255 -0.19627 0.04667
v 0.60255 -0.19627 0.04804
v 0.60255 -0.19627 0.04941
v 0.60392 -0.19490 0.00686
v 0.60392 -0.19353 0.00618
v 0.60392 -0.19490 0.00824
v 0.60392 -0.19490 0.00961
v 0.60392 -0.19490 0.01098
v 0.60392 -0.19490 0.01235
v 0.60392 -0.19490 0.01373
v 0.60392 -0.19490 0.04529
v 0.60392 -0.19490 0.04667
v 0.60392 -0.19490 0.04804
v 0.60392 -0.19490 0.04941
v 0.60392 -0.19490 0.05078
v 0.60255 -0.19353 0.05216
v 0.60392 -0.19353 0.05147
v 0.60255 -0.19353 0.05353
v 0.60255 -0.19353 0.05490
v 0.60392 -0.19216 0.00000
v 0.60392 -0.19078 -0.00069
v 0.60392 -0.19216 0.00137
v 0.60392 -0.19216 0.00275
v 0.60392 -0.19216 0.00412
v 0.60392 -0.19216 0.00549
v 0.60392 -0.19216 0.05216
v 0.60392 -0.19216 0.05353
v 0.60392 -0.19216 0.05490
v 0.60392 -0.19216 0.05627
v 0.60392 -0.19216 0.05765
v 0.60255 -0.19078 0.05902
v 0.60392 -0.19078 0.05833
v 0.60255 -0.19078 0.06039
v 0.60392 -0.18804 -0.00069
v 0.60392 -0.18941 0.05902
v 0.60392 -0.18941 0.06039
v 0.60392 -0.18941 0.06176
v 0.60255 -0.18804 0.06314
v 0.60392 -0.18804 0.06245
v 0.60255 -0.18804 0.06451
v 0.60255 -0.18804 0.06588
v 0.60392 -0.18529 -0.00069
v 0.60392 -0.18667 0.06314
v 0.60392 -0.18667 0.06451
v 0.60255 -0.18529 0.06588
v 0.60392 -0.18529 0.06520
v 0.60255 -0.18529 0.06725
v 0.60392 -0.18255 -0.00069
v 0.60392 -0.18392 0.06588
v 0.60392 -0.18392 0.06725
v 0.60255 -0.18255 0.06863
v 0.60392 -0.18255 0.06794
v 0.60392 -0.17980 -0.00069
v 0.60392 -0.18118 0.06863
v 0.60255 -0.17980 0.07000
v 0.60392 -0.17980 0.06931
v 0.60255 -0.17980 0.07137
v 0.60392 -0.17706 -0.00069
v 0.60392 -0.17843 0.07000
v 0.60255 -0.17706 0.07137
v 0.60392 -0.17706 0.07069
v 0.60392 -0.17431 -0.00069
v 0.60392 -0.17569 0.07137
v 0.60255 -0.17431 0.07275
v 0.60392 -0.17431 0.07206
v 0.60392 -0.17157 -0.00069
v 0.60255 -0.17157 0.07275
v 0.60392 -0.17157 0.07206
v 0.60392 -0.16882 -0.00069
v 0.60255 -0.16882 0.07275
v 0.60392 -0.16882 0.07206
v 0.60392 -0.16608 -0.00069
v 0.60392 -0.16745 0.07275
v 0.60392 -0.16608 0.07343
v 0.60392 -0.16333 -0.00069
v 0.60255 -0.16333 0.07275
v 0.60392 -0.16471 0.07275
v 0.60392 -0.16333 0.07206
v 0.60392 -0.16059 -0.00069
v 0.60255 -0.16059 0.07275
v 0.60392 -0.16059 0.07206
v 0.60392 -0.15784 -0.00069
v 0.60255 -0.15784 0.07275
v 0.60392 -0.15784 0.07206
v 0.60392 -0.15510 -0.00069
v 0.60255 -0.15510 0.07137
v 0.60392 -0.15647 0.07137
v 0.60392 -0.15510 0.07069
v 0.60392 -0.15235 -0.00069
v 0.60255 -0.15235 0.07137
v 0.60392 -0.15235 0.07069
v 0.60392 -0.14961 -0.00069
v 0.60255 -0.14961 0.07000
v 0.60392 -0.15098 0.07000
v 0.60392 -0.14961 0.06931
v 0.60392 -0.14686 -0.00069
v 0.60255 -0.14686 0.06863
v 0.60392 -0.14824 0.06863
v 0.60392 -0.14686 0.06794
v 0.60392 -0.14549 0.00000
v 0.60392 -0.14549 0.00137
v 0.60392 -0.14549 0.00275
v 0.60255 -0.14412 0.00412
v 0.60392 -0.14412 0.00343
v 0.60255 -0.14412 0.06725
v 0.60392 -0.14549 0.06725
v 0.60392 -0.14412 0.06657
v 0.60392 -0.14275 0.00412
v 0.60392 -0.14275 0.00549
v 0.60392 -0.14275 0.00686
v 0.60392 -0.14275 0.00824
v 0.60255 -0.14137 0.00961
v 0.60392 -0.14275 0.00961
v 0.60255 -0.14137 0.01098
v 0.60392 -0.14275 0.01098
v 0.60392 -0.14137 0.01167
v 0.60255 -0.14137 0.06451
v 0.60392 -0.14275 0.06451
v 0.60392 -0.14137 0.06382
v 0.60392 -0.14275 0.06588
v 0.60392 -0.14000 0.01235
v 0.60392 -0.14000 0.01373
v 0.60255 -0.13863 0.01510
v 0.60392 -0.14000 0.01510
v 0.60255 -0.13863 0.01647
v 0.60392 -0.14000 0.01647
v 0.60255 -0.13863 0.01784
v 0.60392 -0.14000 0.01784
v 0.60392 -0.13863 0.01853
v 0.60255 -0.13863 0.06039
v 0.60392 -0.14000 0.06039
v 0.60392 -0.13863 0.05971
v 0.60255 -0.13863 0.06176
v 0.60392 -0.14000 0.06176
v 0.60255 -0.13863 0.06314
v 0.60392 -0.14000 0.06314
v 0.60392 -0.13725 0.01922
v 0.60392 -0.13725 0.02059
v 0.60392 -0.13725 0.02196
v 0.60392 -0.13725 0.02333
v 0.60392 -0.13725 0.02471
v 0.60255 -0.13588 0.02608
v 0.60392 -0.13725 0.02608
v 0.60255 -0.13588 0.02745
v 0.60392 -0.13725 0.02745
v 0.60255 -0.13588 0.02882
v 0.60392 -0.13725 0.02882
v 0.60255 -0.13588 0.03020
v 0.60392 -0.13725 0.03020
v 0.60392 -0.13588 0.03088
v 0.60255 -0.13588 0.04941
v 0.60392 -0.13725 0.04941
v 0.60392 -0.13588 0.04873
v 0.60255 -0.13588 0.05078
v 0.60392 -0.13725 0.05078
v 0.60255 -0.13588 0.05216
v 0.60392 -0.13725 0.05216
v 0.60255 -0.13588 0.05353
v 0.60392 -0.13725 0.05353
v 0.60255 -0.13588 0.05490
v 0.60392 -0.13725 0.05490
v 0.60255 -0.13588 0.05627
v 0.60392 -0.13725 0.05627
v 0.60255 -0.13588 0.05765
v 0.60392 -0.13725 0.05765
v 0.60392 -0.13725 0.05902
v 0.60392 -0.13451 0.03157
v 0.60392 -0.13451 0.03294
v 0.60392 -0.13451 0.03431
v 0.60392 -0.13451 0.03569
v 0.60392 -0.13451 0.03706
v 0.60392 -0.13451 0.03843
v 0.60392 -0.13451 0.03980
v 0.60392 -0.13451 0.04118
v 0.60392 -0.13451 0.04255
v 0.60392 -0.13451 0.04392
v 0.60392 -0.13451 0.04529
v 0.60392 -0.13451 0.04667
v 0.60392 -0.13451 0.04804
v 0.60529 -0.19902 0.02882
v 0.60529 -0.19902 0.03020
v 0.60529 -0.19902 0.03431
v 0.60667 -0.19765 0.01510
v 0.60667 -0.19627 0.01441
v 0.60667 -0.19765 0.01647
v 0.60667 -0.19765 0.01784
v 0.60667 -0.19765 0.01922
v 0.60667 -0.19765 0.02059
v 0.60667 -0.19765 0.02196
v 0.60667 -0.19765 0.02333
v 0.60667 -0.19765 0.02471
v 0.60667 -0.19765 0.02608
v 0.60667 -0.19765 0.02745
v 0.60667 -0.19765 0.02882
v 0.60667 -0.19765 0.03020
v 0.60667 -0.19765 0.03157
v 0.60667 -0.19765 0.03294
v 0.60667 -0.19765 0.03431
v 0.60667 -0.19765 0.03569
v 0.60667 -0.19765 0.03706
v 0.60667 -0.19765 0.03843
v 0.60667 -0.19765 0.03980
v 0.60529 -0.19627 0.04118
v 0.60667 -0.19627 0.04049
v 0.60529 -0.19627 0.04255
v 0.60529 -0.19627 0.04392
v 0.60529 -0.19353 0.00549
v 0.60667 -0.19490 0.00549
v 0.60667 -0.19353 0.00480
v 0.60667 -0.19490 0.00686
v 0.60667 -0.19490 0.00824
v 0.60667 -0.19490 0.00961
v 0.60667 -0.19490 0.01098
v 0.60667 -0.19490 0.01235
v 0.60667 -0.19490 0.01373
v 0.60667 -0.19490 0.04118
v 0.60667 -0.19490 0.04255
v 0.60667 -0.19490 0.04392
v 0.60667 -0.19490 0.04529
v 0.60667 -0.19490 0.04667
v 0.60667 -0.19490 0.04804
v 0.60529 -0.19353 0.04941
v 0.60667 -0.19353 0.04873
v 0.60529 -0.19353 0.05078
v 0.60667 -0.19216 0.00000
v 0.60667 -0.19078 -0.00069
v 0.60667 -0.19216 0.00137
v 0.60667 -0.19216 0.00275
v 0.60667 -0.19216 0.00412
v 0.60667 -0.19216 0.04941
v 0.60667 -0.19216 0.05078
v 0.60667 -0.19216 0.05216
v 0.60667 -0.19216 0.05353
v 0.60667 -0.19216 0.05490
v 0.60529 -0.19078 0.05627
v 0.60667 -0.19078 0.05559
v 0.60529 -0.19078 0.05765
v 0.60667 -0.18804 -0.00069
v 0.60667 -0.18941 0.05627
v 0.60667 -0.18941 0.05765
v 0.60667 -0.18941 0.05902
v 0.60529 -0.18804 0.06039
v 0.60667 -0.18804 0.05971
v 0.60529 -0.18804 0.06176
v 0.60667 -0.18529 -0.00069
v 0.60667 -0.18667 0.06039
v 0.60667 -0.18667 0.06176
v 0.60529 -0.18529 0.06314
v 0.60667 -0.18529 0.06245
v 0.60529 -0.18529 0.06451
v 0.60667 -0.18255 -0.00069
v 0.60667 -0.18392 0.06314
v 0.60667 -0.18392 0.06451
v 0.60529 -0.18255 0.06588
v 0.60667 -0.18255 0.06520
v 0.60529 -0.18255 0.06725
v 0.60667 -0.17980 -0.00069
v 0.60667 -0.18118 0.06588
v 0.60529 -0.17980 0.06725
v 0.60667 -0.17980 0.06657
v 0.60529 -0.17980 0.06863
v 0.60667 -0.17706 -0.00069
v 0.60667 -0.17843 0.06725
v 0.60529 -0.17706 0.06863
v 0.60667 -0.17706 0.06794
v 0.60529 -0.17706 0.07000
v 0.60667 -0.17431 -0.00069
v 0.60667 -0.17569 0.06863
v 0.60529 -0.17431 0.07000
v 0.60667 -0.17431 0.06931
v 0.60529 -0.17431 0.07137
v 0.60667 -0.17157 -0.00069
v 0.60529 -0.17157 0.07000
v 0.60667 -0.17157 0.06931
v 0.60529 -0.17157 0.07137
v 0.60667 -0.16882 -0.00069
v 0.60667 -0.17020 0.07000
v 0.60529 -0.16882 0.07137
v 0.60667 -0.16882 0.07069
v 0.60667 -0.16608 -0.00069
v 0.60529 -0.16608 0.07137
v 0.60667 -0.16608 0.07069
v 0.60529 -0.16608 0.07275
v 0.60667 -0.16333 -0.00069
v 0.60529 -0.16333 0.07137
v 0.60667 -0.16333 0.07069
v 0.60667 -0.16059 -0.00069
v 0.60529 -0.16059 0.07000
v 0.60667 -0.16196 0.07000
v 0.60667 -0.16059 0.06931
v 0.60529 -0.16059 0.07137
v 0.60667 -0.15784 -0.00069
v 0.60529 -0.15784 0.07000
v 0.60667 -0.15784 0.06931
v 0.60529 -0.15784 0.07137
v 0.60667 -0.15510 -0.00069
v 0.60529 -0.15510 0.07000
v 0.60667 -0.15510 0.06931
v 0.60667 -0.15235 -0.00069
v 0.60529 -0.15235 0.06863
v 0.60667 -0.15373 0.06863
v 0.60667 -0.15235 0.06794
v 0.60529 -0.15235 0.07000
v 0.60667 -0.14961 -0.00069
v 0.60529 -0.14961 0.06725
v 0.60667 -0.15098 0.06725
v 0.60667 -0.14961 0.06657
v 0.60529 -0.14961 0.06863
v 0.60529 -0.14686 0.00000
v 0.60667 -0.14824 0.00000
v 0.60667 -0.14686 0.00069
v 0.60529 -0.14686 0.06588
v 0.60667 -0.14824 0.06588
v 0.60667 -0.14686 0.06520
v 0.60529 -0.14686 0.06725
v 0.60667 -0.14549 0.00137
v 0.60667 -0.14549 0.00275
v 0.60529 -0.14412 0.00412
v 0.60667 -0.14549 0.00412
v 0.60667 -0.14412 0.00480
v 0.60529 -0.14412 0.06314
v 0.60667 -0.14549 0.06314
v 0.60667 -0.14412 0.06245
v 0.60529 -0.14412 0.06451
v 0.60667 -0.14549 0.06451
v 0.60529 -0.14412 0.06588
v 0.60667 -0.14275 0.00549
v 0.60667 -0.14275 0.00686
v 0.60667 -0.14275 0.00824
v 0.60667 -0.14275 0.00961
v 0.60667 -0.14275 0.01098
v 0.60529 -0.14137 0.01235
v 0.60667 -0.14275 0.01235
v 0.60529 -0.14137 0.01373
v 0.60667 -0.14275 0.01373
v 0.60529 -0.14137 0.01510
v 0.60667 -0.14275 0.01510
v 0.60667 -0.14137 0.01578
v 0.60529 -0.14137 0.05902
v 0.60667 -0.14275 0.05902
v 0.60667 -0.14137 0.05833
v 0.60529 -0.14137 0.06039
v 0.60667 -0.14275 0.06039
v 0.60529 -0.14137 0.06176
v 0.60667 -0.14275 0.06176
v 0.60529 -0.14137 0.06314
v 0.60667 -0.14000 0.01647
v 0.60667 -0.14000 0.01784
v 0.60529 -0.13863 0.01922
v 0.60667 -0.14000 0.01922
v 0.60529 -0.13863 0.02059
v 0.60667 -0.14000 0.02059
v 0.60529 -0.13863 0.02196
v 0.60667 -0.14000 0.02196
v 0.60667 -0.13863 0.02265
v 0.60529 -0.13863 0.02745
v 0.60667 -0.14000 0.02745
v 0.60667 -0.13863 0.02676
v 0.60667 -0.13863 0.02814
v 0.60529 -0.13863 0.05078
v 0.60667 -0.14000 0.05078
v 0.60667 -0.13863 0.05010
v 0.60529 -0.13863 0.05216
v 0.60667 -0.14000 0.05216
v 0.60529 -0.13863 0.05353
v 0.60667 -0.14000 0.05353
v 0.60529 -0.13863 0.05490
v 0.60667 -0.14000 0.05490
v 0.60529 -0.13863 0.05627
v 0.60667 -0.14000 0.05627
v 0.60529 -0.13863 0.05765
v 0.60667 -0.14000 0.05765
v 0.60529 -0.13863 0.05902
v 0.60667 -0.13725 0.02333
v 0.60667 -0.13725 0.02471
v 0.60667 -0.13725 0.02608
v 0.60667 -0.13725 0.02882
v 0.60667 -0.13725 0.03020
v 0.60529 -0.13588 0.03157
v 0.60667 -0.13725 0.03157
v 0.60529 -0.13588 0.03294
v 0.60667 -0.13725 0.03294
v 0.60529 -0.13588 0.03431
v 0.60667 -0.13725 0.03431
v 0.60529 -0.13588 0.03569
v 0.60667 -0.13725 0.03569
v 0.60529 -0.13588 0.03706
v 0.60667 -0.13725 0.03706
v 0.60529 -0.13588 0.03843
v 0.60667 -0.13725 0.03843
v 0.60529 -0.13588 0.03980
v 0.60667 -0.13725 0.03980
v 0.60529 -0.13588 0.04118
v 0.60667 -0.13725 0.04118
v 0.60529 -0.13588 0.04255
v 0.60667 -0.13725 0.04255
v 0.60529 -0.13588 0.04392
v 0.60667 -0.13725 0.04392
v 0.60529 -0.13588 0.04529
v 0.60667 -0.13725 0.04529
v 0.60529 -0.13588 0.04667
v 0.60667 -0.13725 0.04667
v 0.60529 -0.13588 0.04804
v 0.60667 -0.13725 0.04804
v 0.60667 -0.13725 0.04941
v 0.60941 -0.19765 0.01510
v 0.60941 -0.19627 0.01441
v 0.60804 -0.19627 0.01647
v 0.60941 -0.19627 0.01578
v 0.60941 -0.19765 0.01784
v 0.60941 -0.19627 0.01716
v 0.60941 -0.19765 0.01922
v 0.60941 -0.19765 0.02059
v 0.60941 -0.19765 0.02196
v 0.60941 -0.19765 0.02333
v 0.60941 -0.19765 0.02471
v 0.60941 -0.19765 0.02608
v 0.60941 -0.19765 0.02745
v 0.60941 -0.19765 0.02882
v 0.60941 -0.19765 0.03020
v 0.60941 -0.19765 0.03157
v 0.60941 -0.19765 0.03294
v 0.60941 -0.19765 0.03431
v 0.60941 -0.19765 0.03569
v 0.60941 -0.19765 0.03706
v 0.60804 -0.19627 0.03843
v 0.60941 -0.19627 0.03775
v 0.60804 -0.19627 0.03980
v 0.60941 -0.19490 0.00549
v 0.60941 -0.19353 0.00480
v 0.60941 -0.19490 0.00686
v 0.60941 -0.19490 0.00824
v 0.60941 -0.19490 0.00961
v 0.60941 -0.19490 0.01098
v 0.60941 -0.19490 0.01235
v 0.60941 -0.19490 0.01373
v 0.60941 -0.19490 0.01647
v 0.60941 -0.19490 0.03843
v 0.60941 -0.19490 0.03980
v 0.60941 -0.19490 0.04118
v 0.60941 -0.19490 0.04255
v 0.60941 -0.19490 0.04392
v 0.60804 -0.19353 0.04529
v 0.60941 -0.19353 0.04461
v 0.60804 -0.19353 0.04667
v 0.60804 -0.19353 0.04804
v 0.60941 -0.19216 0.00000
v 0.60941 -0.19078 -0.00069
v 0.60941 -0.19216 0.00137
v 0.60941 -0.19216 0.00275
v 0.60941 -0.19216 0.00412
v 0.60941 -0.19216 0.04529
v 0.60941 -0.19216 0.04667
v 0.60941 -0.19216 0.04804
v 0.60941 -0.19216 0.04941
v 0.60941 -0.19216 0.05078
v 0.60804 -0.19078 0.05216
v 0.60941 -0.19078 0.05147
v 0.60804 -0.19078 0.05353
v 0.60804 -0.19078 0.05490
v 0.60941 -0.18804 -0.00069
v 0.60941 -0.18941 0.05216
v 0.60941 -0.18941 0.05353
v 0.60941 -0.18941 0.05490
v 0.60804 -0.18804 0.05627
v 0.60941 -0.18804 0.05559
v 0.60804 -0.18804 0.05765
v 0.60804 -0.18804 0.05902
v 0.60941 -0.18529 -0.00069
v 0.60941 -0.18667 0.05627
v 0.60941 -0.18667 0.05765
v 0.60804 -0.18529 0.05902
v 0.60941 -0.18529 0.05833
v 0.60804 -0.18529 0.06039
v 0.60804 -0.18529 0.06176
v 0.60941 -0.18255 -0.00069
v 0.60941 -0.18392 0.05902
v 0.60941 -0.18392 0.06039
v 0.60804 -0.18255 0.06176
v 0.60941 -0.18255 0.06108
v 0.60804 -0.18255 0.06314
v 0.60804 -0.18255 0.06451
v 0.60941 -0.17980 -0.00069
v 0.60941 -0.18118 0.06176
v 0.60941 -0.18118 0.06314
v 0.60804 -0.17980 0.06451
v 0.60941 -0.17980 0.06382
v 0.60804 -0.17980 0.06588
v 0.60941 -0.17706 -0.00069
v 0.60941 -0.17843 0.06451
v 0.60804 -0.17706 0.06588
v 0.60941 -0.17706 0.06520
v 0.60804 -0.17706 0.06725
v 0.60941 -0.17431 -0.00069
v 0.60941 -0.17569 0.06588
v 0.60804 -0.17431 0.06725
v 0.60941 -0.17431 0.06657
v 0.60804 -0.17431 0.06863
v 0.60941 -0.17157 -0.00069
v 0.60804 -0.17157 0.06725
v 0.60941 -0.17157 0.06657
v 0.60804 -0.17157 0.06863
v 0.60941 -0.16882 -0.00069
v 0.60941 -0.17020 0.06725
v 0.60804 -0.16882 0.06863
v 0.60941 -0.16882 0.06794
v 0.60804 -0.16882 0.07000
v 0.60941 -0.16608 -0.00069
v 0.60804 -0.16608 0.06863
v 0.60941 -0.16608 0.06794
v 0.60804 -0.16608 0.07000
v 0.60941 -0.16333 -0.00069
v 0.60804 -0.16333 0.06863
v 0.60941 -0.16333 0.06794
v 0.60804 -0.16333 0.07000
v 0.60941 -0.16059 -0.00069
v 0.60804 -0.16059 0.06863
v 0.60941 -0.16059 0.06794
v 0.60941 -0.15784 -0.00069
v 0.60804 -0.15784 0.06725
v 0.60941 -0.15922 0.06725
v 0.60941 -0.15784 0.06657
v 0.60804 -0.15784 0.06863
v 0.60941 -0.15510 -0.00069
v 0.60804 -0.15510 0.06725
v 0.60941 -0.15510 0.06657
v 0.60804 -0.15510 0.06863
v 0.60941 -0.15235 -0.00069
v 0.60804 -0.15235 0.06588
v 0.60941 -0.15373 0.06588
v 0.60941 -0.15235 0.06520
v 0.60804 -0.15235 0.06725
v 0.60941 -0.14961 -0.00069
v 0.60804 -0.14961 0.06451
v 0.60941 -0.15098 0.06451
v 0.60941 -0.14961 0.06382
v 0.60804 -0.14961 0.06588
v 0.60941 -0.14824 0.00000
v 0.60941 -0.14686 0.00069
v 0.60804 -0.14686 0.06176
v 0.60941 -0.14824 0.06176
v 0.60941 -0.14686 0.06108
v 0.60804 -0.14686 0.06314
v 0.60941 -0.14824 0.06314
v 0.60804 -0.14686 0.06451
v 0.60941 -0.14549 0.00137
v 0.60941 -0.14549 0.00275
v 0.60941 -0.14549 0.00412
v 0.60804 -0.14412 0.00549
v 0.60941 -0.14549 0.00549
v 0.60804 -0.14412 0.00686
v 0.60941 -0.14549 0.00686
v 0.60804 -0.14412 0.00824
v 0.60941 -0.14549 0.00824
v 0.60941 -0.14412 0.00892
v 0.60804 -0.14412 0.05765
v 0.60941 -0.14549 0.05765
v 0.60941 -0.14412 0.05696
v 0.60804 -0.14412 0.05902
v 0.60941 -0.14549 0.05902
v 0.60804 -0.14412 0.06039
v 0.60941 -0.14549 0.06039
v 0.60804 -0.14412 0.06176
v 0.60941 -0.14275 0.00961
v 0.60941 -0.14275 0.01098
v 0.60941 -0.14275 0.01235
v 0.60941 -0.14275 0.01373
v 0.60941 -0.14275 0.01510
v 0.60804 -0.14137 0.01647
v 0.60941 -0.14275 0.01647
v 0.60804 -0.14137 0.01784
v 0.60941 -0.14275 0.01784
v 0.60941 -0.14137 0.01853
v 0.60804 -0.14137 0.05078
v 0.60941 -0.14275 0.05078
v 0.60941 -0.14137 0.05010
v 0.60804 -0.14137 0.05216
v 0.60941 -0.14275 0.05216
v 0.60804 -0.14137 0.05353
v 0.60941 -0.14275 0.05353
v 0.60804 -0.14137 0.05490
v 0.60941 -0.14275 0.05490
v 0.60804 -0.14137 0.05627
v 0.60941 -0.14275 0.05627
v 0.60804 -0.14137 0.05765
v 0.60941 -0.14000 0.01922
v 0.60941 -0.14000 0.02059
v 0.60941 -0.14000 0.02196
v 0.60804 -0.13863 0.02333
v 0.60941 -0.14000 0.02333
v 0.60804 -0.13863 0.02471
v 0.60941 -0.14000 0.02471
v 0.60804 -0.13863 0.02608
v 0.60941 -0.14000 0.02608
v 0.60941 -0.14000 0.02745
v 0.60804 -0.13863 0.02882
v 0.60941 -0.14000 0.02882
v 0.60804 -0.13863 0.03020
v 0.60941 -0.14000 0.03020
v 0.60804 -0.13863 0.03157
v 0.60941 -0.14000 0.03157
v 0.60804 -0.13863 0.03294
v 0.60941 -0.14000 0.03294
v 0.60804 -0.13863 0.03431
v 0.60941 -0.14000 0.03431
v 0.60804 -0.13863 0.03569
v 0.60941 -0.14000 0.03569
v 0.60804 -0.13863 0.03706
v 0.60941 -0.14000 0.03706
v 0.60804 -0.13863 0.03843
v 0.60941 -0.14000 0.03843
v 0.60804 -0.13863 0.03980
v 0.60941 -0.14000 0.03980
v 0.60804 -0.13863 0.04118
v 0.60941 -0.14000 0.04118
v 0.60804 -0.13863 0.04255
v 0.60941 -0.14000 0.04255
v 0.60804 -0.13863 0.04392
v 0.60941 -0.14000 0.04392
v 0.60804 -0.13863 0.04529
v 0.60941 -0.14000 0.04529
v 0.60804 -0.13863 0.04667
v 0.60941 -0.14000 0.04667
v 0.60804 -0.13863 0.04804
v 0.60941 -0.14000 0.04804
v 0.60804 -0.13863 0.04941
v 0.60941 -0.14000 0.04941
v 0.61078 -0.19627 0.01510
v 0.61078 -0.19627 0.01784
v 0.61078 -0.19627 0.01922
v 0.61216 -0.19765 0.02059
v 0.61216 -0.19627 0.01990
v 0.61216 -0.19765 0.02196
v 0.61216 -0.19765 0.02333
v 0.61216 -0.19765 0.02471
v 0.61216 -0.19765 0.02608
v 0.61216 -0.19765 0.02745
v 0.61216 -0.19765 0.02882
v 0.61216 -0.19765 0.03020
v 0.61216 -0.19765 0.03157
v 0.61216 -0.19765 0.03294
v 0.61078 -0.19627 0.03431
v 0.61216 -0.19627 0.03363
v 0.61078 -0.19627 0.03569
v 0.61078 -0.19627 0.03706
v 0.61078 -0.19353 0.00412
v 0.61216 -0.19490 0.00412
v 0.61216 -0.19353 0.00343
v 0.61216 -0.19490 0.00549
v 0.61216 -0.19490 0.00686
v 0.61216 -0.19490 0.00824
v 0.61216 -0.19490 0.00961
v 0.61216 -0.19490 0.01098
v 0.61216 -0.19490 0.01235
v 0.61216 -0.19490 0.01373
v 0.61216 -0.19490 0.01510
v 0.61216 -0.19490 0.01647
v 0.61216 -0.19490 0.01784
v 0.61216 -0.19490 0.01922
v 0.61216 -0.19490 0.03431
v 0.61216 -0.19490 0.03569
v 0.61216 -0.19490 0.03706
v 0.61216 -0.19490 0.03843
v 0.61216 -0.19490 0.03980
v 0.61216 -0.19490 0.04118
v 0.61078 -0.19353 0.04255
v 0.61216 -0.19353 0.04186
v 0.61078 -0.19353 0.04392
v 0.61216 -0.19216 0.00000
v 0.61216 -0.19078 -0.00069
v 0.61216 -0.19216 0.00137
v 0.61216 -0.19216 0.00275
v 0.61216 -0.19216 0.04255
v 0.61216 -0.19216 0.04392
v 0.61216 -0.19216 0.04529
v 0.61216 -0.19216 0.04667
v 0.61216 -0.19216 0.04804
v 0.61078 -0.19078 0.04941
v 0.61216 -0.19078 0.04873
v 0.61078 -0.19078 0.05078
v 0.61216 -0.18804 -0.00069
v 0.61216 -0.18941 0.04941
v 0.61216 -0.18941 0.05078
v 0.61078 -0.18804 0.05216
v 0.61216 -0.18804 0.05147
v 0.61078 -0.18804 0.05353
v 0.61078 -0.18804 0.05490
v 0.61216 -0.18529 -0.00069
v 0.61216 -0.18667 0.05216
v 0.61216 -0.18667 0.05353
v 0.61216 -0.18667 0.05490
v 0.61078 -0.18529 0.05627
v 0.61216 -0.18529 0.05559
v 0.61078 -0.18529 0.05765
v 0.61216 -0.18255 -0.00069
v 0.61216 -0.18392 0.05627
v 0.61216 -0.18392 0.05765
v 0.61078 -0.18255 0.05902
v 0.61216 -0.18255 0.05833
v 0.61078 -0.18255 0.06039
v 0.61216 -0.17980 -0.00069
v 0.61216 -0.18118 0.05902
v 0.61078 -0.17980 0.06039
v 0.61216 -0.17980 0.05971
v 0.61078 -0.17980 0.06176
v 0.61078 -0.17980 0.06314
v 0.61216 -0.17706 -0.00069
v 0.61216 -0.17843 0.06039
v 0.61078 -0.17706 0.06176
v 0.61216 -0.17706 0.06108
v 0.61078 -0.17706 0.06314
v 0.61078 -0.17706 0.06451
v 0.61216 -0.17431 -0.00069
v 0.61216 -0.17569 0.06176
v 0.61078 -0.17431 0.06314
v 0.61216 -0.17431 0.06245
v 0.61078 -0.17431 0.06451
v 0.61078 -0.17431 0.06588
v 0.61216 -0.17157 -0.00069
v 0.61216 -0.17294 0.06314
v 0.61078 -0.17157 0.06451
v 0.61216 -0.17157 0.06382
v 0.61078 -0.17157 0.06588
v 0.61216 -0.16882 -0.00069
v 0.61216 -0.17020 0.06451
v 0.61078 -0.16882 0.06588
v 0.61216 -0.16882 0.06520
v 0.61078 -0.16882 0.06725
v 0.61216 -0.16608 -0.00069
v 0.61078 -0.16608 0.06588
v 0.61216 -0.16608 0.06520
v 0.61078 -0.16608 0.06725
v 0.61216 -0.16333 -0.00069
v 0.61078 -0.16333 0.06451
v 0.61216 -0.16471 0.06451
v 0.61216 -0.16333 0.06382
v 0.61078 -0.16333 0.06588
v 0.61078 -0.16333 0.06725
v 0.61216 -0.16059 -0.00069
v 0.61078 -0.16059 0.06451
v 0.61216 -0.16059 0.06382
v 0.61078 -0.16059 0.06588
v 0.61078 -0.16059 0.06725
v 0.61216 -0.15784 -0.00069
v 0.61078 -0.15784 0.06314
v 0.61216 -0.15922 0.06314
v 0.61216 -0.15784 0.06245
v 0.61078 -0.15784 0.06451
v 0.61078 -0.15784 0.06588
v 0.61216 -0.15510 -0.00069
v 0.61078 -0.15510 0.06314
v 0.61216 -0.15510 0.06245
v 0.61078 -0.15510 0.06451
v 0.61078 -0.15510 0.06588
v 0.61216 -0.15235 -0.00069
v 0.61078 -0.15235 0.06176
v 0.61216 -0.15373 0.06176
v 0.61216 -0.15235 0.06108
v 0.61078 -0.15235 0.06314
v 0.61078 -0.15235 0.06451
v 0.61216 -0.14961 -0.00069
v 0.61078 -0.14961 0.05902
v 0.61216 -0.15098 0.05902
v 0.61216 -0.14961 0.05833
v 0.61078 -0.14961 0.06039
v 0.61216 -0.15098 0.06039
v 0.61078 -0.14961 0.06176
v 0.61078 -0.14961 0.06314
v 0.61216 -0.14824 0.00000
v 0.61078 -0.14686 0.00137
v 0.61216 -0.14824 0.00137
v 0.61216 -0.14686 0.00206
v 0.61078 -0.14686 0.00412
v 0.61216 -0.14824 0.00412
v 0.61216 -0.14686 0.00343
v 0.61216 -0.14686 0.00480
v 0.61078 -0.14686 0.05627
v 0.61216 -0.14824 0.05627
v 0.61216 -0.14686 0.05559
v 0.61078 -0.14686 0.05765
v 0.61216 -0.14824 0.05765
v 0.61078 -0.14686 0.05902
v 0.61078 -0.14686 0.06039
v 0.61216 -0.14549 0.00275
v 0.61216 -0.14549 0.00549
v 0.61216 -0.14549 0.00686
v 0.61216 -0.14549 0.00824
v 0.61078 -0.14412 0.00961
v 0.61216 -0.14549 0.00961
v 0.61078 -0.14412 0.01098
v 0.61216 -0.14549 0.01098
v 0.61078 -0.14412 0.01235
v 0.61216 -0.14549 0.01235
v 0.61216 -0.14412 0.01304
v 0.61078 -0.14412 0.04941
v 0.61216 -0.14549 0.04941
v 0.61216 -0.14412 0.04873
v 0.61078 -0.14412 0.05078
v 0.61216 -0.14549 0.05078
v 0.61078 -0.14412 0.05216
v 0.61216 -0.14549 0.05216
v 0.61078 -0.14412 0.05353
v 0.61216 -0.14549 0.05353
v 0.61078 -0.14412 0.05490
v 0.61216 -0.14549 0.05490
v 0.61078 -0.14412 0.05627
v 0.61216 -0.14275 0.01373
v 0.61216 -0.14275 0.01510
v 0.61216 -0.14275 0.01647
v 0.61216 -0.14275 0.01784
v 0.61078 -0.14137 0.01922
v 0.61216 -0.14275 0.01922
v 0.61078 -0.14137 0.02059
v 0.61216 -0.14275 0.02059
v 0.61078 -0.14137 0.02196
v 0.61216 -0.14275 0.02196
v 0.61078 -0.14137 0.02333
v 0.61216 -0.14275 0.02333
v 0.61078 -0.14137 0.02471
v 0.61216 -0.14275 0.02471
v 0.61078 -0.14137 0.02608
v 0.61216 -0.14275 0.02608
v 0.61078 -0.14137 0.02745
v 0.61216 -0.14275 0.02745
v 0.61078 -0.14137 0.02882
v 0.61216 -0.14275 0.02882
v 0.61216 -0.14137 0.02951
v 0.61078 -0.14137 0.03157
v 0.61216 -0.14275 0.03157
v 0.61216 -0.14137 0.03088
v 0.61078 -0.14137 0.03294
v 0.61216 -0.14275 0.03294
v 0.61078 -0.14137 0.03431
v 0.61216 -0.14275 0.03431
v 0.61078 -0.14137 0.03569
v 0.61216 -0.14275 0.03569
v 0.61078 -0.14137 0.03706
v 0.61216 -0.14275 0.03706
v 0.61078 -0.14137 0.03843
v 0.61216 -0.14275 0.03843
v 0.61078 -0.14137 0.03980
v 0.61216 -0.14275 0.03980
v 0.61078 -0.14137 0.04118
v 0.61216 -0.14275 0.04118
v 0.61078 -0.14137 0.04255
v 0.61216 -0.14275 0.04255
v 0.61078 -0.14137 0.04392
v 0.61216 -0.14275 0.04392
v 0.61078 -0.14137 0.04529
v 0.61216 -0.14275 0.04529
v 0.61078 -0.14137 0.04667
v 0.61216 -0.14275 0.04667
v 0.61078 -0.14137 0.04804
v 0.61216 -0.14275 0.04804
v 0.61078 -0.14137 0.04941
v 0.61216 -0.14000 0.03020
v 0.61490 -0.19765 0.02059
v 0.61490 -0.19627 0.01990
v 0.61490 -0.19765 0.02196
v 0.61490 -0.19765 0.02333
v 0.61490 -0.19765 0.02471
v 0.61490 -0.19765 0.02608
v 0.61490 -0.19765 0.02745
v 0.61353 -0.19627 0.02882
v 0.61490 -0.19627 0.02814
v 0.61490 -0.19765 0.03020
v 0.61490 -0.19627 0.02951
v 0.61353 -0.19627 0.03157
v 0.61490 -0.19627 0.03088
v 0.61353 -0.19627 0.03294
v 0.61353 -0.19353 0.00412
v 0.61490 -0.19490 0.00549
v 0.61490 -0.19353 0.00480
v 0.61490 -0.19490 0.00686
v 0.61490 -0.19490 0.00824
v 0.61490 -0.19490 0.00961
v 0.61490 -0.19490 0.01098
v 0.61490 -0.19490 0.01235
v 0.61490 -0.19490 0.01373
v 0.61490 -0.19490 0.01510
v 0.61490 -0.19490 0.01647
v 0.61490 -0.19490 0.01784
v 0.61490 -0.19490 0.01922
v 0.61490 -0.19490 0.02882
v 0.61490 -0.19490 0.03157
v 0.61490 -0.19490 0.03294
v 0.61490 -0.19490 0.03431
v 0.61490 -0.19490 0.03569
v 0.61490 -0.19490 0.03706
v 0.61490 -0.19490 0.03843
v 0.61353 -0.19353 0.03980
v 0.61490 -0.19353 0.03912
v 0.61353 -0.19353 0.04118
v 0.61490 -0.19216 0.00000
v 0.61490 -0.19078 -0.00069
v 0.61490 -0.19216 0.00137
v 0.61490 -0.19216 0.00275
v 0.61490 -0.19216 0.00412
v 0.61490 -0.19216 0.03980
v 0.61490 -0.19216 0.04118
v 0.61490 -0.19216 0.04255
v 0.61490 -0.19216 0.04392
v 0.61353 -0.19078 0.04529
v 0.61490 -0.19078 0.04461
v 0.61353 -0.19078 0.04667
v 0.61353 -0.19078 0.04804
v 0.61490 -0.18804 -0.00069
v 0.61490 -0.18941 0.04529
v 0.61490 -0.18941 0.04667
v 0.61353 -0.18804 0.04804
v 0.61490 -0.18804 0.04735
v 0.61353 -0.18804 0.04941
v 0.61353 -0.18804 0.05078
v 0.61490 -0.18529 -0.00069
v 0.61490 -0.18667 0.04804
v 0.61490 -0.18667 0.04941
v 0.61490 -0.18667 0.05078
v 0.61353 -0.18529 0.05216
v 0.61490 -0.18529 0.05147
v 0.61353 -0.18529 0.05353
v 0.61353 -0.18529 0.05490
v 0.61490 -0.18255 -0.00069
v 0.61490 -0.18392 0.05216
v 0.61353 -0.18255 0.05353
v 0.61490 -0.18255 0.05284
v 0.61353 -0.18255 0.05490
v 0.61353 -0.18255 0.05627
v 0.61353 -0.18255 0.05765
v 0.61490 -0.17980 -0.00069
v 0.61490 -0.18118 0.05353
v 0.61490 -0.18118 0.05490
v 0.61353 -0.17980 0.05627
v 0.61490 -0.17980 0.05559
v 0.61353 -0.17980 0.05765
v 0.61353 -0.17980 0.05902
v 0.61490 -0.17706 -0.00069
v 0.61490 -0.17843 0.05627
v 0.61353 -0.17706 0.05765
v 0.61490 -0.17706 0.05696
v 0.61353 -0.17706 0.05902
v 0.61353 -0.17706 0.06039
v 0.61490 -0.17431 -0.00069
v 0.61490 -0.17569 0.05765
v 0.61490 -0.17569 0.05902
v 0.61353 -0.17431 0.06039
v 0.61490 -0.17431 0.05971
v 0.61353 -0.17431 0.06176
v 0.61490 -0.17157 -0.00069
v 0.61353 -0.17157 0.06039
v 0.61490 -0.17157 0.05971
v 0.61353 -0.17157 0.06176
v 0.61353 -0.17157 0.06314
v 0.61490 -0.16882 -0.00069
v 0.61490 -0.17020 0.06039
v 0.61353 -0.16882 0.06176
v 0.61490 -0.16882 0.06108
v 0.61353 -0.16882 0.06314
v 0.61353 -0.16882 0.06451
v 0.61490 -0.16608 -0.00069
v 0.61353 -0.16608 0.06176
v 0.61490 -0.16608 0.06108
v 0.61353 -0.16608 0.06314
v 0.61353 -0.16608 0.06451
v 0.61490 -0.16333 -0.00069
v 0.61353 -0.16333 0.06039
v 0.61490 -0.16471 0.06039
v 0.61490 -0.16333 0.05971
v 0.61353 -0.16333 0.06176
v 0.61353 -0.16333 0.06314
v 0.61490 -0.16059 -0.00069
v 0.61353 -0.16059 0.05902
v 0.61490 -0.16196 0.05902
v 0.61490 -0.16059 0.05833
v 0.61353 -0.16059 0.06039
v 0.61353 -0.16059 0.06176
v 0.61353 -0.16059 0.06314
v 0.61490 -0.15784 -0.00069
v 0.61353 -0.15784 0.05902
v 0.61490 -0.15784 0.05833
v 0.61353 -0.15784 0.06039
v 0.61353 -0.15784 0.06176
v 0.61490 -0.15510 -0.00069
v 0.61353 -0.15510 0.05765
v 0.61490 -0.15647 0.05765
v 0.61490 -0.15510 0.05696
v 0.61353 -0.15510 0.05902
v 0.61353 -0.15510 0.06039
v 0.61353 -0.15510 0.06176
v 0.61490 -0.15235 -0.00069
v 0.61353 -0.15235 0.05627
v 0.61490 -0.15373 0.05627
v 0.61490 -0.15235 0.05559
v 0.61353 -0.15235 0.05765
v 0.61353 -0.15235 0.05902
v 0.61353 -0.15235 0.06039
v 0.61490 -0.14961 -0.00069
v 0.61353 -0.14961 0.05216
v 0.61490 -0.15098 0.05216
v 0.61490 -0.14961 0.05147
v 0.61353 -0.14961 0.05353
v 0.61490 -0.15098 0.05353
v 0.61353 -0.14961 0.05490
v 0.61490 -0.15098 0.05490
v 0.61353 -0.14961 0.05627
v 0.61353 -0.14961 0.05765
v 0.61490 -0.14824 0.00000
v 0.61490 -0.14824 0.00137
v 0.61353 -0.14686 0.00275
v 0.61490 -0.14824 0.00275
v 0.61490 -0.14824 0.00412
v 0.61353 -0.14686 0.00549
v 0.61490 -0.14824 0.00549
v 0.61490 -0.14686 0.00618
v 0.61353 -0.14686 0.04804
v 0.61490 -0.14824 0.04804
v 0.61490 -0.14686 0.04735
v 0.61353 -0.14686 0.04941
v 0.61490 -0.14824 0.04941
v 0.61353 -0.14686 0.05078
v 0.61490 -0.14824 0.05078
v 0.61353 -0.14686 0.05216
v 0.61353 -0.14686 0.05353
v 0.61353 -0.14686 0.05490
v 0.61490 -0.14549 0.00686
v 0.61490 -0.14549 0.00824
v 0.61490 -0.14549 0.00961
v 0.61490 -0.14549 0.01098
v 0.61490 -0.14549 0.01235
v 0.61353 -0.14412 0.01373
v 0.61490 -0.14549 0.01373
v 0.61353 -0.14412 0.01510
v 0.61490 -0.14549 0.01510
v 0.61353 -0.14412 0.01647
v 0.61490 -0.14549 0.01647
v 0.61353 -0.14412 0.01784
v 0.61490 -0.14549 0.01784
v 0.61353 -0.14412 0.01922
v 0.61490 -0.14549 0.01922
v 0.61490 -0.14412 0.01990
v 0.61353 -0.14412 0.02333
v 0.61490 -0.14549 0.02333
v 0.61490 -0.14412 0.02265
v 0.61353 -0.14412 0.02471
v 0.61490 -0.14549 0.02471
v 0.61490 -0.14412 0.02539
v 0.61353 -0.14412 0.03431
v 0.61490 -0.14549 0.03431
v 0.61490 -0.14412 0.03363
v 0.61490 -0.14412 0.03500
v 0.61353 -0.14412 0.03980
v 0.61490 -0.14549 0.03980
v 0.61490 -0.14412 0.03912
v 0.61353 -0.14412 0.04118
v 0.61490 -0.14549 0.04118
v 0.61353 -0.14412 0.04255
v 0.61490 -0.14549 0.04255
v 0.61353 -0.14412 0.04392
v 0.61490 -0.14549 0.04392
v 0.61353 -0.14412 0.04529
v 0.61490 -0.14549 0.04529
v 0.61353 -0.14412 0.04667
v 0.61490 -0.14549 0.04667
v 0.61353 -0.14412 0.04804
v 0.61490 -0.14275 0.02059
v 0.61490 -0.14275 0.02196
v 0.61490 -0.14275 0.02608
v 0.61490 -0.14275 0.02745
v 0.61490 -0.14275 0.02882
v 0.61353 -0.14137 0.03020
v 0.61490 -0.14275 0.03020
v 0.61490 -0.14275 0.03157
v 0.61490 -0.14275 0.03294
v 0.61490 -0.14275 0.03569
v 0.61490 -0.14275 0.03706
v 0.61490 -0.14275 0.03843
v 0.61627 -0.19627 0.02059
v 0.61765 -0.19765 0.02196
v 0.61765 -0.19627 0.02127
v 0.61765 -0.19765 0.02333
v 0.61765 -0.19765 0.02471
v 0.61627 -0.19627 0.02608
v 0.61765 -0.19627 0.02539
v 0.61765 -0.19765 0.02745
v 0.61765 -0.19627 0.02676
v 0.61765 -0.19627 0.02814
v 0.61627 -0.19627 0.03020
v 0.61765 -0.19490 0.00549
v 0.61765 -0.19353 0.00480
v 0.61765 -0.19490 0.00686
v 0.61765 -0.19490 0.00824
v 0.61765 -0.19490 0.00961
v 0.61765 -0.19490 0.01098
v 0.61765 -0.19490 0.01235
v 0.61765 -0.19490 0.01373
v 0.61765 -0.19490 0.01510
v 0.61765 -0.19490 0.01647
v 0.61765 -0.19490 0.01784
v 0.61765 -0.19490 0.01922
v 0.61765 -0.19490 0.02059
v 0.61765 -0.19490 0.02608
v 0.61765 -0.19490 0.02882
v 0.61765 -0.19490 0.03020
v 0.61765 -0.19490 0.03157
v 0.61765 -0.19490 0.03294
v 0.61765 -0.19490 0.03431
v 0.61627 -0.19353 0.03569
v 0.61765 -0.19353 0.03500
v 0.61627 -0.19353 0.03706
v 0.61627 -0.19353 0.03843
v 0.61765 -0.19216 0.00000
v 0.61765 -0.19078 -0.00069
v 0.61765 -0.19216 0.00137
v 0.61765 -0.19216 0.00275
v 0.61765 -0.19216 0.00412
v 0.61765 -0.19216 0.03569
v 0.61765 -0.19216 0.03706
v 0.61765 -0.19216 0.03843
v 0.61765 -0.19216 0.03980
v 0.61765 -0.19216 0.04118
v 0.61627 -0.19078 0.04255
v 0.61765 -0.19078 0.04186
v 0.61627 -0.19078 0.04392
v 0.61765 -0.18804 -0.00069
v 0.61765 -0.18941 0.04255
v 0.61765 -0.18941 0.04392
v 0.61627 -0.18804 0.04529
v 0.61765 -0.18804 0.04461
v 0.61627 -0.18804 0.04667
v 0.61765 -0.18529 -0.00069
v 0.61765 -0.18667 0.04529
v 0.61765 -0.18667 0.04667
v 0.61627 -0.18529 0.04804
v 0.61765 -0.18529 0.04735
v 0.61627 -0.18529 0.04941
v 0.61627 -0.18529 0.05078
v 0.61765 -0.18255 -0.00069
v 0.61765 -0.18392 0.04804
v 0.61765 -0.18392 0.04941
v 0.61627 -0.18255 0.05078
v 0.61765 -0.18255 0.05010
v 0.61627 -0.18255 0.05216
v 0.61765 -0.17980 -0.00069
v 0.61765 -0.18118 0.05078
v 0.61627 -0.17980 0.05216
v 0.61765 -0.17980 0.05147
v 0.61627 -0.17980 0.05353
v 0.61627 -0.17980 0.05490
v 0.61765 -0.17706 -0.00069
v 0.61765 -0.17843 0.05216
v 0.61627 -0.17706 0.05353
v 0.61765 -0.17706 0.05284
v 0.61627 -0.17706 0.05490
v 0.61627 -0.17706 0.05627
v 0.61765 -0.17431 -0.00069
v 0.61765 -0.17569 0.05353
v 0.61765 -0.17569 0.05490
v 0.61627 -0.17431 0.05627
v 0.61765 -0.17431 0.05559
v 0.61627 -0.17431 0.05765
v 0.61627 -0.17431 0.05902
v 0.61765 -0.17157 -0.00069
v 0.61627 -0.17157 0.05627
v 0.61765 -0.17157 0.05559
v 0.61627 -0.17157 0.05765
v 0.61627 -0.17157 0.05902
v 0.61765 -0.16882 -0.00069
v 0.61627 -0.16882 0.05627
v 0.61765 -0.16882 0.05559
v 0.61627 -0.16882 0.05765
v 0.61627 -0.16882 0.05902
v 0.61627 -0.16882 0.06039
v 0.61765 -0.16608 -0.00069
v 0.61765 -0.16745 0.05627
v 0.61627 -0.16608 0.05765
v 0.61765 -0.16608 0.05696
v 0.61627 -0.16608 0.05902
v 0.61627 -0.16608 0.06039
v 0.61765 -0.16333 -0.00069
v 0.61627 -0.16333 0.05627
v 0.61765 -0.16471 0.05627
v 0.61765 -0.16333 0.05559
v 0.61627 -0.16333 0.05765
v 0.61627 -0.16333 0.05902
v 0.61765 -0.16059 -0.00069
v 0.61627 -0.16059 0.05490
v 0.61765 -0.16196 0.05490
v 0.61765 -0.16059 0.05422
v 0.61627 -0.16059 0.05627
v 0.61627 -0.16059 0.05765
v 0.61765 -0.15784 -0.00069
v 0.61627 -0.15784 0.05353
v 0.61765 -0.15922 0.05353
v 0.61765 -0.15784 0.05284
v 0.61627 -0.15784 0.05490
v 0.61627 -0.15784 0.05627
v 0.61627 -0.15784 0.05765
v 0.61765 -0.15510 -0.00069
v 0.61627 -0.15510 0.05216
v 0.61765 -0.15647 0.05216
v 0.61765 -0.15510 0.05147
v 0.61627 -0.15510 0.05353
v 0.61627 -0.15510 0.05490
v 0.61627 -0.15510 0.05627
v 0.61765 -0.15235 -0.00069
v 0.61627 -0.15235 0.05078
v 0.61765 -0.15373 0.05078
v 0.61765 -0.15235 0.05010
v 0.61627 -0.15235 0.05216
v 0.61627 -0.15235 0.05353
v 0.61627 -0.15235 0.05490
v 0.61627 -0.14961 0.00000
v 0.61765 -0.15098 0.00000
v 0.61627 -0.14961 0.00137
v 0.61765 -0.15098 0.00137
v 0.61627 -0.14961 0.00275
v 0.61765 -0.15098 0.00275
v 0.61765 -0.14961 0.00343
v 0.61627 -0.14961 0.04392
v 0.61765 -0.15098 0.04392
v 0.61765 -0.14961 0.04324
v 0.61627 -0.14961 0.04529
v 0.61765 -0.15098 0.04529
v 0.61627 -0.14961 0.04667
v 0.61765 -0.15098 0.04667
v 0.61627 -0.14961 0.04804
v 0.61765 -0.15098 0.04804
v 0.61627 -0.14961 0.04941
v 0.61765 -0.15098 0.04941
v 0.61627 -0.14961 0.05078
v 0.61765 -0.14824 0.00412
v 0.61765 -0.14824 0.00549
v 0.61627 -0.14686 0.00686
v 0.61765 -0.14824 0.00686
v 0.61627 -0.14686 0.00824
v 0.61765 -0.14824 0.00824
v 0.61627 -0.14686 0.00961
v 0.61765 -0.14824 0.00961
v 0.61765 -0.14686 0.01029
v 0.61627 -0.14686 0.01373
v 0.61765 -0.14824 0.01373
v 0.61765 -0.14686 0.01304
v 0.61627 -0.14686 0.01510
v 0.61765 -0.14824 0.01510
v 0.61765 -0.14686 0.01578
v 0.61627 -0.14686 0.03706
v 0.61765 -0.14824 0.03706
v 0.61765 -0.14686 0.03637
v 0.61627 -0.14686 0.03843
v 0.61765 -0.14824 0.03843
v 0.61627 -0.14686 0.03980
v 0.61765 -0.14824 0.03980
v 0.61627 -0.14686 0.04118
v 0.61765 -0.14824 0.04118
v 0.61627 -0.14686 0.04255
v 0.61765 -0.14824 0.04255
v 0.61627 -0.14686 0.04392
v 0.61627 -0.14686 0.04529
v 0.61627 -0.14686 0.04667
v 0.61765 -0.14549 0.01098
v 0.61765 -0.14549 0.01235
v 0.61765 -0.14549 0.01647
v 0.61765 -0.14549 0.01784
v 0.61765 -0.14549 0.01922
v 0.61627 -0.14412 0.02059
v 0.61765 -0.14549 0.02059
v 0.61627 -0.14412 0.02196
v 0.61765 -0.14549 0.02196
v 0.61765 -0.14549 0.02333
v 0.61765 -0.14549 0.02471
v 0.61627 -0.14412 0.02608
v 0.61765 -0.14549 0.02608
v 0.61627 -0.14412 0.02745
v 0.61765 -0.14549 0.02745
v 0.61627 -0.14412 0.02882
v 0.61765 -0.14549 0.02882
v 0.61627 -0.14412 0.03020
v 0.61765 -0.14549 0.03020
v 0.61627 -0.14412 0.03157
v 0.61765 -0.14549 0.03157
v 0.61627 -0.14412 0.03294
v 0.61765 -0.14549 0.03294
v 0.61765 -0.14549 0.03431
v 0.61627 -0.14412 0.03569
v 0.61765 -0.14549 0.03569
v 0.61627 -0.14412 0.03706
v 0.61627 -0.14412 0.03843
v 0.61902 -0.19627 0.02059
v 0.62039 -0.19765 0.02059
v 0.62039 -0.19627 0.01990
v 0.62039 -0.19765 0.02196
v 0.61902 -0.19627 0.02333
v 0.62039 -0.19627 0.02265
v 0.61902 -0.19627 0.02471
v 0.61902 -0.19627 0.02745
v 0.61902 -0.19353 0.00549
v 0.62039 -0.19490 0.00686
v 0.62039 -0.19353 0.00618
v 0.62039 -0.19490 0.00824
v 0.62039 -0.19490 0.00961
v 0.62039 -0.19490 0.01098
v 0.62039 -0.19490 0.01235
v 0.62039 -0.19490 0.01373
v 0.62039 -0.19490 0.01510
v 0.62039 -0.19490 0.01647
v 0.62039 -0.19490 0.01784
v 0.62039 -0.19490 0.01922
v 0.62039 -0.19490 0.02333
v 0.62039 -0.19490 0.02471
v 0.62039 -0.19490 0.02608
v 0.62039 -0.19490 0.02745
v 0.62039 -0.19490 0.02882
v 0.62039 -0.19490 0.03020
v 0.62039 -0.19490 0.03157
v 0.61902 -0.19353 0.03294
v 0.62039 -0.19353 0.03225
v 0.61902 -0.19353 0.03431
v 0.62039 -0.19216 0.00000
v 0.62039 -0.19078 -0.00069
v 0.62039 -0.19216 0.00137
v 0.62039 -0.19216 0.00275
v 0.62039 -0.19216 0.00412
v 0.62039 -0.19216 0.00549
v 0.62039 -0.19216 0.03294
v 0.62039 -0.19216 0.03431
v 0.62039 -0.19216 0.03569
v 0.61902 -0.19078 0.03706
v 0.62039 -0.19078 0.03637
v 0.61902 -0.19078 0.03843
v 0.61902 -0.19078 0.03980
v 0.61902 -0.19078 0.04118
v 0.62039 -0.18804 -0.00069
v 0.62039 -0.18941 0.03706
v 0.62039 -0.18941 0.03843
v 0.62039 -0.18941 0.03980
v 0.61902 -0.18804 0.04118
v 0.62039 -0.18804 0.04049
v 0.61902 -0.18804 0.04255
v 0.61902 -0.18804 0.04392
v 0.62039 -0.18529 -0.00069
v 0.62039 -0.18667 0.04118
v 0.62039 -0.18667 0.04255
v 0.61902 -0.18529 0.04392
v 0.62039 -0.18529 0.04324
v 0.61902 -0.18529 0.04529
v 0.61902 -0.18529 0.04667
v 0.62039 -0.18255 -0.00069
v 0.62039 -0.18392 0.04392
v 0.62039 -0.18392 0.04529
v 0.61902 -0.18255 0.04667
v 0.62039 -0.18255 0.04598
v 0.61902 -0.18255 0.04804
v 0.61902 -0.18255 0.04941
v 0.62039 -0.17980 -0.00069
v 0.62039 -0.18118 0.04667
v 0.62039 -0.18118 0.04804
v 0.61902 -0.17980 0.04941
v 0.62039 -0.17980 0.04873
v 0.61902 -0.17980 0.05078
v 0.62039 -0.17706 -0.00069
v 0.62039 -0.17843 0.04941
v 0.61902 -0.17706 0.05078
v 0.62039 -0.17706 0.05010
v 0.61902 -0.17706 0.05216
v 0.62039 -0.17431 -0.00069
v 0.61902 -0.17431 0.05078
v 0.62039 -0.17431 0.05010
v 0.61902 -0.17431 0.05216
v 0.61902 -0.17431 0.05353
v 0.61902 -0.17431 0.05490
v 0.62039 -0.17157 -0.00069
v 0.62039 -0.17294 0.05078
v 0.61902 -0.17157 0.05216
v 0.62039 -0.17157 0.05147
v 0.61902 -0.17157 0.05353
v 0.61902 -0.17157 0.05490
v 0.62039 -0.16882 -0.00069
v 0.62039 -0.17020 0.05216
v 0.61902 -0.16882 0.05353
v 0.62039 -0.16882 0.05284
v 0.61902 -0.16882 0.05490
v 0.62039 -0.16608 -0.00069
v 0.61902 -0.16608 0.05216
v 0.62039 -0.16745 0.05216
v 0.62039 -0.16608 0.05147
v 0.61902 -0.16608 0.05353
v 0.61902 -0.16608 0.05490
v 0.61902 -0.16608 0.05627
v 0.62039 -0.16333 -0.00069
v 0.61902 -0.16333 0.05078
v 0.62039 -0.16471 0.05078
v 0.62039 -0.16333 0.05010
v 0.61902 -0.16333 0.05216
v 0.61902 -0.16333 0.05353
v 0.61902 -0.16333 0.05490
v 0.62039 -0.16059 -0.00069
v 0.61902 -0.16059 0.05078
v 0.62039 -0.16059 0.05010
v 0.61902 -0.16059 0.05216
v 0.61902 -0.16059 0.05353
v 0.62039 -0.15784 -0.00069
v 0.61902 -0.15784 0.04941
v 0.62039 -0.15922 0.04941
v 0.62039 -0.15784 0.04873
v 0.61902 -0.15784 0.05078
v 0.61902 -0.15784 0.05216
v 0.62039 -0.15510 -0.00069
v 0.61902 -0.15510 0.04529
v 0.62039 -0.15647 0.04529
v 0.62039 -0.15510 0.04461
v 0.61902 -0.15510 0.04667
v 0.62039 -0.15647 0.04667
v 0.61902 -0.15510 0.04804
v 0.62039 -0.15647 0.04804
v 0.61902 -0.15510 0.04941
v 0.61902 -0.15510 0.05078
v 0.62039 -0.15235 -0.00069
v 0.61902 -0.15235 0.04392
v 0.62039 -0.15373 0.04392
v 0.62039 -0.15235 0.04324
v 0.61902 -0.15235 0.04529
v 0.61902 -0.15235 0.04667
v 0.61902 -0.15235 0.04804
v 0.61902 -0.15235 0.04941
v 0.62039 -0.15098 0.00000
v 0.62039 -0.15098 0.00137
v 0.62039 -0.15098 0.00275
v 0.61902 -0.14961 0.00412
v 0.62039 -0.15098 0.00412
v 0.61902 -0.14961 0.00549
v 0.62039 -0.15098 0.00549
v 0.61902 -0.14961 0.00686
v 0.62039 -0.15098 0.00686
v 0.62039 -0.14961 0.00755
v 0.61902 -0.14961 0.03569
v 0.62039 -0.15098 0.03569
v 0.62039 -0.14961 0.03500
v 0.61902 -0.14961 0.03706
v 0.62039 -0.15098 0.03706
v 0.61902 -0.14961 0.03843
v 0.62039 -0.15098 0.03843
v 0.61902 -0.14961 0.03980
v 0.62039 -0.15098 0.03980
v 0.61902 -0.14961 0.04118
v 0.62039 -0.15098 0.04118
v 0.61902 -0.14961 0.04255
v 0.62039 -0.15098 0.04255
v 0.62039 -0.14824 0.00824
v 0.62039 -0.14824 0.00961
v 0.61902 -0.14686 0.01098
v 0.62039 -0.14824 0.01098
v 0.61902 -0.14686 0.01235
v 0.62039 -0.14824 0.01235
v 0.62039 -0.14824 0.01373
v 0.62039 -0.14824 0.01510
v 0.61902 -0.14686 0.01647
v 0.62039 -0.14824 0.01647
v 0.61902 -0.14686 0.01784
v 0.62039 -0.14824 0.01784
v 0.61902 -0.14686 0.01922
v 0.62039 -0.14824 0.01922
v 0.61902 -0.14686 0.02059
v 0.62039 -0.14824 0.02059
v 0.61902 -0.14686 0.02196
v 0.62039 -0.14824 0.02196
v 0.61902 -0.14686 0.02333
v 0.62039 -0.14824 0.02333
v 0.61902 -0.14686 0.02471
v 0.62039 -0.14824 0.02471
v 0.61902 -0.14686 0.02608
v 0.62039 -0.14824 0.02608
v 0.61902 -0.14686 0.02745
v 0.62039 -0.14824 0.02745
v 0.61902 -0.14686 0.02882
v 0.62039 -0.14824 0.02882
v 0.61902 -0.14686 0.03020
v 0.62039 -0.14824 0.03020
v 0.61902 -0.14686 0.03157
v 0.62039 -0.14824 0.03157
v 0.61902 -0.14686 0.03294
v 0.62039 -0.14824 0.03294
v 0.61902 -0.14686 0.03431
v 0.62039 -0.14824 0.03431
v 0.61902 -0.14686 0.03569
v 0.62176 -0.19627 0.02059
v 0.62176 -0.19627 0.02196
v 0.62314 -0.19490 0.00686
v 0.62314 -0.19353 0.00618
v 0.62176 -0.19353 0.00824
v 0.62314 -0.19353 0.00755
v 0.62314 -0.19490 0.00961
v 0.62314 -0.19353 0.00892
v 0.62176 -0.19353 0.01098
v 0.62314 -0.19353 0.01029
v 0.62314 -0.19490 0.01235
v 0.62314 -0.19353 0.01167
v 0.62314 -0.19490 0.01373
v 0.62314 -0.19490 0.01510
v 0.62314 -0.19490 0.01647
v 0.62314 -0.19490 0.01784
v 0.62314 -0.19490 0.01922
v 0.62314 -0.19490 0.02059
v 0.62314 -0.19490 0.02196
v 0.62314 -0.19490 0.02333
v 0.62314 -0.19490 0.02471
v 0.62314 -0.19490 0.02608
v 0.62314 -0.19490 0.02745
v 0.62176 -0.19353 0.02882
v 0.62314 -0.19353 0.02814
v 0.62176 -0.19353 0.03020
v 0.62176 -0.19353 0.03157
v 0.62314 -0.19216 0.00000
v 0.62314 -0.19078 -0.00069
v 0.62176 -0.19078 0.00137
v 0.62314 -0.19078 0.00069
v 0.62314 -0.19216 0.00275
v 0.62314 -0.19078 0.00206
v 0.62314 -0.19216 0.00412
v 0.62314 -0.19216 0.00549
v 0.62314 -0.19216 0.00824
v 0.62314 -0.19216 0.01098
v 0.62314 -0.19216 0.02882
v 0.62314 -0.19216 0.03020
v 0.62314 -0.19216 0.03157
v 0.62314 -0.19216 0.03294
v 0.62176 -0.19078 0.03431
v 0.62314 -0.19078 0.03363
v 0.62176 -0.19078 0.03569
v 0.62314 -0.18804 -0.00069
v 0.62314 -0.18941 0.00137
v 0.62314 -0.18941 0.03431
v 0.62314 -0.18941 0.03569
v 0.62314 -0.18941 0.03706
v 0.62176 -0.18804 0.03843
v 0.62314 -0.18804 0.03775
v 0.62176 -0.18804 0.03980
v 0.62314 -0.18529 -0.00069
v 0.62314 -0.18667 0.03843
v 0.62314 -0.18667 0.03980
v 0.62176 -0.18529 0.04118
v 0.62314 -0.18529 0.04049
v 0.62176 -0.18529 0.04255
v 0.62314 -0.18255 -0.00069
v 0.62314 -0.18392 0.04118
v 0.62314 -0.18392 0.04255
v 0.62176 -0.18255 0.04392
v 0.62314 -0.18255 0.04324
v 0.62176 -0.18255 0.04529
v 0.62314 -0.17980 -0.00069
v 0.62176 -0.17980 0.04392
v 0.62314 -0.17980 0.04324
v 0.62176 -0.17980 0.04529
v 0.62176 -0.17980 0.04667
v 0.62176 -0.17980 0.04804
v 0.62314 -0.17706 -0.00069
v 0.62314 -0.17843 0.04392
v 0.62314 -0.17843 0.04529
v 0.62176 -0.17706 0.04667
v 0.62314 -0.17706 0.04598
v 0.62176 -0.17706 0.04804
v 0.62176 -0.17706 0.04941
v 0.62314 -0.17431 -0.00069
v 0.62314 -0.17569 0.04667
v 0.62176 -0.17431 0.04804
v 0.62314 -0.17431 0.04735
v 0.62176 -0.17431 0.04941
v 0.62314 -0.17157 -0.00069
v 0.62176 -0.17157 0.04804
v 0.62314 -0.17157 0.04735
v 0.62176 -0.17157 0.04941
v 0.62176 -0.17157 0.05078
v 0.62314 -0.16882 -0.00069
v 0.62176 -0.16882 0.04804
v 0.62314 -0.16882 0.04735
v 0.62176 -0.16882 0.04941
v 0.62176 -0.16882 0.05078
v 0.62176 -0.16882 0.05216
v 0.62314 -0.16608 -0.00069
v 0.62176 -0.16608 0.04667
v 0.62314 -0.16745 0.04667
v 0.62314 -0.16608 0.04598
v 0.62176 -0.16608 0.04804
v 0.62176 -0.16608 0.04941
v 0.62176 -0.16608 0.05078
v 0.62314 -0.16333 -0.00069
v 0.62176 -0.16333 0.04667
v 0.62314 -0.16333 0.04598
v 0.62176 -0.16333 0.04804
v 0.62176 -0.16333 0.04941
v 0.62314 -0.16059 -0.00069
v 0.62176 -0.16059 0.04529
v 0.62314 -0.16196 0.04529
v 0.62314 -0.16059 0.04461
v 0.62176 -0.16059 0.04667
v 0.62176 -0.16059 0.04804
v 0.62176 -0.16059 0.04941
v 0.62314 -0.15784 -0.00069
v 0.62176 -0.15784 0.04392
v 0.62314 -0.15922 0.04392
v 0.62314 -0.15784 0.04324
v 0.62176 -0.15784 0.04529
v 0.62176 -0.15784 0.04667
v 0.62176 -0.15784 0.04804
v 0.62314 -0.15510 -0.00069
v 0.62176 -0.15510 0.03980
v 0.62314 -0.15647 0.03980
v 0.62314 -0.15510 0.03912
v 0.62176 -0.15510 0.04118
v 0.62314 -0.15647 0.04118
v 0.62176 -0.15510 0.04255
v 0.62314 -0.15647 0.04255
v 0.62176 -0.15510 0.04392
v 0.62176 -0.15235 0.00000
v 0.62314 -0.15373 0.00000
v 0.62314 -0.15235 0.00069
v 0.62176 -0.15235 0.03706
v 0.62314 -0.15373 0.03706
v 0.62314 -0.15235 0.03637
v 0.62176 -0.15235 0.03843
v 0.62314 -0.15373 0.03843
v 0.62176 -0.15235 0.03980
v 0.62176 -0.15235 0.04118
v 0.62176 -0.15235 0.04255
v 0.62314 -0.15098 0.00137
v 0.62314 -0.15098 0.00275
v 0.62314 -0.15098 0.00412
v 0.62314 -0.15098 0.00549
v 0.62314 -0.15098 0.00686
v 0.62176 -0.14961 0.00824
v 0.62314 -0.15098 0.00824
v 0.62176 -0.14961 0.00961
v 0.62314 -0.15098 0.00961
v 0.62176 -0.14961 0.01098
v 0.62314 -0.15098 0.01098
v 0.62176 -0.14961 0.01235
v 0.62314 -0.15098 0.01235
v 0.62176 -0.14961 0.01373
v 0.62314 -0.15098 0.01373
v 0.62176 -0.14961 0.01510
v 0.62314 -0.15098 0.01510
v 0.62176 -0.14961 0.01647
v 0.62314 -0.15098 0.01647
v 0.62176 -0.14961 0.01784
v 0.62314 -0.15098 0.01784
v 0.62176 -0.14961 0.01922
v 0.62314 -0.15098 0.01922
v 0.62176 -0.14961 0.02059
v 0.62314 -0.15098 0.02059
v 0.62176 -0.14961 0.02196
v 0.62314 -0.15098 0.02196
v 0.62176 -0.14961 0.02333
v 0.62314 -0.15098 0.02333
v 0.62176 -0.14961 0.02471
v 0.62314 -0.15098 0.02471
v 0.62176 -0.14961 0.02608
v 0.62314 -0.15098 0.02608
v 0.62176 -0.14961 0.02745
v 0.62314 -0.15098 0.02745
v 0.62176 -0.14961 0.02882
v 0.62314 -0.15098 0.02882
v 0.62176 -0.14961 0.03020
v 0.62314 -0.15098 0.03020
v 0.62176 -0.14961 0.03157
v 0.62314 -0.15098 0.03157
v 0.62176 -0.14961 0.03294
v 0.62314 -0.15098 0.03294
v 0.62176 -0.14961 0.03431
v 0.62314 -0.15098 0.03431
v 0.62314 -0.15098 0.03569
v 0.62451 -0.19353 0.00686
v 0.62451 -0.19353 0.00961
v 0.62451 -0.19353 0.01098
v 0.62588 -0.19490 0.01098
v 0.62588 -0.19353 0.01029
v 0.62451 -0.19353 0.01235
v 0.62588 -0.19353 0.01167
v 0.62588 -0.19490 0.01373
v 0.62588 -0.19353 0.01304
v 0.62588 -0.19490 0.01510
v 0.62588 -0.19490 0.01647
v 0.62588 -0.19490 0.01784
v 0.62588 -0.19490 0.01922
v 0.62588 -0.19490 0.02059
v 0.62588 -0.19490 0.02196
v 0.62588 -0.19490 0.02333
v 0.62451 -0.19353 0.02471
v 0.62588 -0.19353 0.02402
v 0.62451 -0.19353 0.02608
v 0.62451 -0.19353 0.02745
v 0.62588 -0.19216 0.00000
v 0.62588 -0.19078 -0.00069
v 0.62451 -0.19078 0.00137
v 0.62588 -0.19216 0.00137
v 0.62588 -0.19216 0.00275
v 0.62588 -0.19216 0.00412
v 0.62588 -0.19216 0.00549
v 0.62588 -0.19216 0.00686
v 0.62588 -0.19216 0.00824
v 0.62588 -0.19216 0.00961
v 0.62588 -0.19216 0.01235
v 0.62588 -0.19216 0.02471
v 0.62588 -0.19216 0.02608
v 0.62588 -0.19216 0.02745
v 0.62588 -0.19216 0.02882
v 0.62451 -0.19078 0.03020
v 0.62588 -0.19078 0.02951
v 0.62451 -0.19078 0.03157
v 0.62451 -0.19078 0.03294
v 0.62588 -0.18804 -0.00069
v 0.62588 -0.18941 0.03020
v 0.62588 -0.18941 0.03157
v 0.62588 -0.18941 0.03294
v 0.62451 -0.18804 0.03431
v 0.62588 -0.18804 0.03363
v 0.62451 -0.18804 0.03569
v 0.62451 -0.18804 0.03706
v 0.62588 -0.18529 -0.00069
v 0.62588 -0.18667 0.03431
v 0.62588 -0.18667 0.03569
v 0.62451 -0.18529 0.03706
v 0.62588 -0.18529 0.03637
v 0.62451 -0.18529 0.03843
v 0.62451 -0.18529 0.03980
v 0.62588 -0.18255 -0.00069
v 0.62588 -0.18392 0.03706
v 0.62588 -0.18392 0.03843
v 0.62451 -0.18255 0.03980
v 0.62588 -0.18255 0.03912
v 0.62451 -0.18255 0.04118
v 0.62451 -0.18255 0.04255
v 0.62588 -0.17980 -0.00069
v 0.62588 -0.18118 0.03980
v 0.62451 -0.17980 0.04118
v 0.62588 -0.17980 0.04049
v 0.62451 -0.17980 0.04255
v 0.62588 -0.17706 -0.00069
v 0.62588 -0.17843 0.04118
v 0.62588 -0.17843 0.04255
v 0.62451 -0.17706 0.04392
v 0.62588 -0.17706 0.04324
v 0.62451 -0.17706 0.04529
v 0.62588 -0.17431 -0.00069
v 0.62451 -0.17431 0.04392
v 0.62588 -0.17431 0.04324
v 0.62451 -0.17431 0.04529
v 0.62451 -0.17431 0.04667
v 0.62588 -0.17157 -0.00069
v 0.62451 -0.17157 0.04392
v 0.62588 -0.17157 0.04324
v 0.62451 -0.17157 0.04529
v 0.62451 -0.17157 0.04667
v 0.62588 -0.16882 -0.00069
v 0.62451 -0.16882 0.04392
v 0.62588 -0.16882 0.04324
v 0.62451 -0.16882 0.04529
v 0.62451 -0.16882 0.04667
v 0.62588 -0.16608 -0.00069
v 0.62451 -0.16608 0.04255
v 0.62588 -0.16745 0.04255
v 0.62588 -0.16608 0.04186
v 0.62451 -0.16608 0.04392
v 0.62451 -0.16608 0.04529
v 0.62588 -0.16333 -0.00069
v 0.62451 -0.16333 0.04118
v 0.62588 -0.16471 0.04118
v 0.62588 -0.16333 0.04049
v 0.62451 -0.16333 0.04255
v 0.62451 -0.16333 0.04392
v 0.62451 -0.16333 0.04529
v 0.62588 -0.16059 -0.00069
v 0.62451 -0.16059 0.03843
v 0.62588 -0.16196 0.03843
v 0.62588 -0.16059 0.03775
v 0.62451 -0.16059 0.03980
v 0.62588 -0.16196 0.03980
v 0.62451 -0.16059 0.04118
v 0.62451 -0.16059 0.04255
v 0.62451 -0.16059 0.04392
v 0.62588 -0.15784 -0.00069
v 0.62451 -0.15784 0.03843
v 0.62588 -0.15784 0.03775
v 0.62451 -0.15784 0.03980
v 0.62451 -0.15784 0.04118
v 0.62451 -0.15784 0.04255
v 0.62588 -0.15510 -0.00069
v 0.62451 -0.15510 0.03157
v 0.62588 -0.15647 0.03157
v 0.62588 -0.15510 0.03088
v 0.62451 -0.15510 0.03294
v 0.62588 -0.15647 0.03294
v 0.62451 -0.15510 0.03431
v 0.62588 -0.15647 0.03431
v 0.62451 -0.15510 0.03569
v 0.62588 -0.15647 0.03569
v 0.62451 -0.15510 0.03706
v 0.62588 -0.15647 0.03706
v 0.62451 -0.15510 0.03843
v 0.62588 -0.15373 0.00000
v 0.62451 -0.15235 0.00137
v 0.62588 -0.15373 0.00137
v 0.62451 -0.15235 0.00275
v 0.62588 -0.15373 0.00275
v 0.62451 -0.15235 0.00412
v 0.62588 -0.15373 0.00412
v 0.62451 -0.15235 0.00549
v 0.62588 -0.15373 0.00549
v 0.62451 -0.15235 0.00686
v 0.62588 -0.15373 0.00686
v 0.62588 -0.15235 0.00755
v 0.62451 -0.15235 0.01098
v 0.62588 -0.15373 0.01098
v 0.62588 -0.15235 0.01029
v 0.62451 -0.15235 0.01235
v 0.62588 -0.15373 0.01235
v 0.62451 -0.15235 0.01373
v 0.62588 -0.15373 0.01373
v 0.62588 -0.15235 0.01441
v 0.62451 -0.15235 0.01784
v 0.62588 -0.15373 0.01784
v 0.62588 -0.15235 0.01716
v 0.62451 -0.15235 0.01922
v 0.62588 -0.15373 0.01922
v 0.62451 -0.15235 0.02059
v 0.62588 -0.15373 0.02059
v 0.62451 -0.15235 0.02196
v 0.62588 -0.15373 0.02196
v 0.62451 -0.15235 0.02333
v 0.62588 -0.15373 0.02333
v 0.62451 -0.15235 0.02471
v 0.62588 -0.15373 0.02471
v 0.62451 -0.15235 0.02608
v 0.62588 -0.15373 0.02608
v 0.62451 -0.15235 0.02745
v 0.62588 -0.15373 0.02745
v 0.62451 -0.15235 0.02882
v 0.62588 -0.15373 0.02882
v 0.62451 -0.15235 0.03020
v 0.62588 -0.15373 0.03020
v 0.62451 -0.15235 0.03157
v 0.62451 -0.15235 0.03294
v 0.62451 -0.15235 0.03431
v 0.62451 -0.15235 0.03569
v 0.62588 -0.15098 0.00824
v 0.62588 -0.15098 0.00961
v 0.62588 -0.15098 0.01510
v 0.62588 -0.15098 0.01647
v 0.62725 -0.19353 0.01098
v 0.62725 -0.19353 0.01235
v 0.62863 -0.19490 0.01235
v 0.62863 -0.19353 0.01167
v 0.62863 -0.19490 0.01373
v 0.62863 -0.19490 0.01510
v 0.62863 -0.19490 0.01647
v 0.62863 -0.19490 0.01784
v 0.62863 -0.19490 0.01922
v 0.62725 -0.19353 0.02059
v 0.62863 -0.19353 0.01990
v 0.62725 -0.19353 0.02196
v 0.62725 -0.19353 0.02333
v 0.62863 -0.19216 0.00000
v 0.62863 -0.19078 -0.00069
v 0.62863 -0.19216 0.00137
v 0.62863 -0.19216 0.00275
v 0.62863 -0.19216 0.00412
v 0.62863 -0.19216 0.00549
v 0.62863 -0.19216 0.00686
v 0.62863 -0.19216 0.00824
v 0.62863 -0.19216 0.00961
v 0.62863 -0.19216 0.01098
v 0.62863 -0.19216 0.02059
v 0.62863 -0.19216 0.02196
v 0.62863 -0.19216 0.02333
v 0.62725 -0.19078 0.02471
v 0.62863 -0.19078 0.02402
v 0.62863 -0.19216 0.02608
v 0.62863 -0.19078 0.02539
v 0.62725 -0.19078 0.02745
v 0.62863 -0.19078 0.02676
v 0.62725 -0.19078 0.02882
v 0.62863 -0.18804 -0.00069
v 0.62863 -0.18941 0.02471
v 0.62863 -0.18941 0.02745
v 0.62863 -0.18941 0.02882
v 0.62863 -0.18941 0.03020
v 0.62725 -0.18804 0.03157
v 0.62863 -0.18804 0.03088
v 0.62725 -0.18804 0.03294
v 0.62863 -0.18529 -0.00069
v 0.62863 -0.18667 0.03157
v 0.62863 -0.18667 0.03294
v 0.62725 -0.18529 0.03431
v 0.62863 -0.18529 0.03363
v 0.62725 -0.18529 0.03569
v 0.62863 -0.18255 -0.00069
v 0.62863 -0.18392 0.03431
v 0.62863 -0.18392 0.03569
v 0.62725 -0.18255 0.03706
v 0.62863 -0.18255 0.03637
v 0.62725 -0.18255 0.03843
v 0.62863 -0.17980 -0.00069
v 0.62725 -0.17980 0.03706
v 0.62863 -0.17980 0.03637
v 0.62725 -0.17980 0.03843
v 0.62725 -0.17980 0.03980
v 0.62863 -0.17706 -0.00069
v 0.62863 -0.17843 0.03706
v 0.62725 -0.17706 0.03843
v 0.62863 -0.17706 0.03775
v 0.62725 -0.17706 0.03980
v 0.62725 -0.17706 0.04118
v 0.62725 -0.17706 0.04255
v 0.62863 -0.17431 -0.00069
v 0.62725 -0.17431 0.03843
v 0.62863 -0.17431 0.03775
v 0.62725 -0.17431 0.03980
v 0.62725 -0.17431 0.04118
v 0.62725 -0.17431 0.04255
v 0.62863 -0.17157 -0.00069
v 0.62863 -0.17294 0.03843
v 0.62725 -0.17157 0.03980
v 0.62863 -0.17157 0.03912
v 0.62725 -0.17157 0.04118
v 0.62725 -0.17157 0.04255
v 0.62863 -0.16882 -0.00069
v 0.62725 -0.16882 0.03980
v 0.62863 -0.16882 0.03912
v 0.62725 -0.16882 0.04118
v 0.62725 -0.16882 0.04255
v 0.62863 -0.16608 -0.00069
v 0.62725 -0.16608 0.03843
v 0.62863 -0.16745 0.03843
v 0.62863 -0.16608 0.03775
v 0.62725 -0.16608 0.03980
v 0.62725 -0.16608 0.04118
v 0.62863 -0.16333 -0.00069
v 0.62725 -0.16333 0.03706
v 0.62863 -0.16471 0.03706
v 0.62863 -0.16333 0.03637
v 0.62725 -0.16333 0.03843
v 0.62725 -0.16333 0.03980
v 0.62863 -0.16059 -0.00069
v 0.62725 -0.16059 0.03431
v 0.62863 -0.16196 0.03431
v 0.62863 -0.16059 0.03363
v 0.62725 -0.16059 0.03569
v 0.62863 -0.16196 0.03569
v 0.62725 -0.16059 0.03706
v 0.62863 -0.15784 -0.00069
v 0.62725 -0.15784 0.03020
v 0.62863 -0.15922 0.03020
v 0.62863 -0.15784 0.02951
v 0.62725 -0.15784 0.03157
v 0.62863 -0.15922 0.03157
v 0.62725 -0.15784 0.03294
v 0.62863 -0.15922 0.03294
v 0.62725 -0.15784 0.03431
v 0.62725 -0.15784 0.03569
v 0.62725 -0.15784 0.03706
v 0.62725 -0.15510 0.00000
v 0.62863 -0.15647 0.00000
v 0.62725 -0.15510 0.00137
v 0.62863 -0.15647 0.00137
v 0.62725 -0.15510 0.00275
v 0.62863 -0.15647 0.00275
v 0.62863 -0.15510 0.00343
v 0.62725 -0.15510 0.01784
v 0.62863 -0.15647 0.01784
v 0.62863 -0.15510 0.01716
v 0.62725 -0.15510 0.01922
v 0.62863 -0.15647 0.01922
v 0.62725 -0.15510 0.02059
v 0.62863 -0.15647 0.02059
v 0.62725 -0.15510 0.02196
v 0.62863 -0.15647 0.02196
v 0.62725 -0.15510 0.02333
v 0.62863 -0.15647 0.02333
v 0.62725 -0.15510 0.02471
v 0.62863 -0.15647 0.02471
v 0.62725 -0.15510 0.02608
v 0.62863 -0.15647 0.02608
v 0.62725 -0.15510 0.02745
v 0.62863 -0.15647 0.02745
v 0.62725 -0.15510 0.02882
v 0.62863 -0.15647 0.02882
v 0.62725 -0.15510 0.03020
v 0.62863 -0.15373 0.00412
v 0.62863 -0.15373 0.00549
v 0.62863 -0.15373 0.00686
v 0.62725 -0.15235 0.00824
v 0.62863 -0.15373 0.00824
v 0.62725 -0.15235 0.00961
v 0.62863 -0.15373 0.00961
v 0.62863 -0.15373 0.01098
v 0.62863 -0.15373 0.01235
v 0.62863 -0.15373 0.01373
v 0.62725 -0.15235 0.01510
v 0.62863 -0.15373 0.01510
v 0.62725 -0.15235 0.01647
v 0.62863 -0.15373 0.01647
v 0.63137 -0.19490 0.01235
v 0.63137 -0.19353 0.01167
v 0.63000 -0.19353 0.01373
v 0.63137 -0.19353 0.01304
v 0.63000 -0.19353 0.01510
v 0.63000 -0.19353 0.01647
v 0.63000 -0.19353 0.01784
v 0.63000 -0.19353 0.01922
v 0.63137 -0.19216 0.00000
v 0.63137 -0.19078 -0.00069
v 0.63137 -0.19216 0.00137
v 0.63137 -0.19216 0.00275
v 0.63137 -0.19216 0.00412
v 0.63137 -0.19216 0.00549
v 0.63137 -0.19216 0.00686
v 0.63137 -0.19216 0.00824
v 0.63137 -0.19216 0.00961
v 0.63137 -0.19216 0.01098
v 0.63137 -0.19216 0.01373
v 0.63137 -0.19216 0.01510
v 0.63137 -0.19216 0.01647
v 0.63000 -0.19078 0.01784
v 0.63137 -0.19078 0.01716
v 0.63137 -0.19216 0.01922
v 0.63137 -0.19078 0.01853
v 0.63000 -0.19078 0.02059
v 0.63137 -0.19078 0.01990
v 0.63000 -0.19078 0.02196
v 0.63000 -0.19078 0.02333
v 0.63000 -0.19078 0.02608
v 0.63137 -0.18804 -0.00069
v 0.63137 -0.18941 0.01784
v 0.63137 -0.18941 0.02059
v 0.63137 -0.18941 0.02196
v 0.63137 -0.18941 0.02333
v 0.63137 -0.18941 0.02471
v 0.63137 -0.18941 0.02608
v 0.63000 -0.18804 0.02745
v 0.63137 -0.18804 0.02676
v 0.63000 -0.18804 0.02882
v 0.63000 -0.18804 0.03020
v 0.63137 -0.18529 -0.00069
v 0.63137 -0.18667 0.02745
v 0.63137 -0.18667 0.02882
v 0.63000 -0.18529 0.03020
v 0.63137 -0.18529 0.02951
v 0.63000 -0.18529 0.03157
v 0.63000 -0.18529 0.03294
v 0.63137 -0.18255 -0.00069
v 0.63137 -0.18392 0.03020
v 0.63000 -0.18255 0.03157
v 0.63137 -0.18255 0.03088
v 0.63000 -0.18255 0.03294
v 0.63000 -0.18255 0.03431
v 0.63000 -0.18255 0.03569
v 0.63137 -0.17980 -0.00069
v 0.63137 -0.18118 0.03157
v 0.63137 -0.18118 0.03294
v 0.63000 -0.17980 0.03431
v 0.63137 -0.17980 0.03363
v 0.63000 -0.17980 0.03569
v 0.63137 -0.17706 -0.00069
v 0.63000 -0.17706 0.03431
v 0.63137 -0.17706 0.03363
v 0.63000 -0.17706 0.03569
v 0.63000 -0.17706 0.03706
v 0.63137 -0.17431 -0.00069
v 0.63137 -0.17569 0.03431
v 0.63000 -0.17431 0.03569
v 0.63137 -0.17431 0.03500
v 0.63000 -0.17431 0.03706
v 0.63137 -0.17157 -0.00069
v 0.63000 -0.17157 0.03431
v 0.63137 -0.17294 0.03431
v 0.63137 -0.17157 0.03363
v 0.63000 -0.17157 0.03569
v 0.63000 -0.17157 0.03706
v 0.63000 -0.17157 0.03843
v 0.63137 -0.16882 -0.00069
v 0.63000 -0.16882 0.03431
v 0.63137 -0.16882 0.03363
v 0.63000 -0.16882 0.03569
v 0.63000 -0.16882 0.03706
v 0.63000 -0.16882 0.03843
v 0.63137 -0.16608 -0.00069
v 0.63000 -0.16608 0.03294
v 0.63137 -0.16745 0.03294
v 0.63137 -0.16608 0.03225
v 0.63000 -0.16608 0.03431
v 0.63000 -0.16608 0.03569
v 0.63000 -0.16608 0.03706
v 0.63137 -0.16333 -0.00069
v 0.63000 -0.16333 0.03157
v 0.63137 -0.16471 0.03157
v 0.63137 -0.16333 0.03088
v 0.63000 -0.16333 0.03294
v 0.63000 -0.16333 0.03431
v 0.63000 -0.16333 0.03569
v 0.63137 -0.16059 -0.00069
v 0.63000 -0.16059 0.02882
v 0.63137 -0.16196 0.02882
v 0.63137 -0.16059 0.02814
v 0.63000 -0.16059 0.03020
v 0.63137 -0.16196 0.03020
v 0.63000 -0.16059 0.03157
v 0.63000 -0.16059 0.03294
v 0.63137 -0.15784 -0.00069
v 0.63000 -0.15784 0.01098
v 0.63137 -0.15922 0.01098
v 0.63137 -0.15784 0.01029
v 0.63000 -0.15784 0.01235
v 0.63137 -0.15922 0.01235
v 0.63137 -0.15784 0.01304
v 0.63000 -0.15784 0.02059
v 0.63137 -0.15922 0.02059
v 0.63137 -0.15784 0.01990
v 0.63000 -0.15784 0.02196
v 0.63137 -0.15922 0.02196
v 0.63000 -0.15784 0.02333
v 0.63137 -0.15922 0.02333
v 0.63000 -0.15784 0.02471
v 0.63137 -0.15922 0.02471
v 0.63000 -0.15784 0.02608
v 0.63137 -0.15922 0.02608
v 0.63000 -0.15784 0.02745
v 0.63137 -0.15922 0.02745
v 0.63000 -0.15784 0.02882
v 0.63137 -0.15647 0.00000
v 0.63137 -0.15647 0.00137
v 0.63137 -0.15647 0.00275
v 0.63000 -0.15510 0.00412
v 0.63137 -0.15647 0.00412
v 0.63000 -0.15510 0.00549
v 0.63137 -0.15647 0.00549
v 0.63000 -0.15510 0.00686
v 0.63137 -0.15647 0.00686
v 0.63000 -0.15510 0.00824
v 0.63137 -0.15647 0.00824
v 0.63000 -0.15510 0.00961
v 0.63137 -0.15647 0.00961
v 0.63000 -0.15510 0.01098
v 0.63000 -0.15510 0.01235
v 0.63000 -0.15510 0.01373
v 0.63137 -0.15647 0.01373
v 0.63000 -0.15510 0.01510
v 0.63137 -0.15647 0.01510
v 0.63000 -0.15510 0.01647
v 0.63137 -0.15647 0.01647
v 0.63137 -0.15647 0.01784
v 0.63137 -0.15647 0.01922
v 0.63275 -0.19353 0.01235
v 0.63275 -0.19078 0.00000
v 0.63412 -0.19216 0.00137
v 0.63412 -0.19078 0.00069
v 0.63275 -0.19078 0.00275
v 0.63412 -0.19078 0.00206
v 0.63412 -0.19216 0.00412
v 0.63412 -0.19078 0.00343
v 0.63412 -0.19216 0.00549
v 0.63412 -0.19216 0.00686
v 0.63412 -0.19216 0.00824
v 0.63412 -0.19216 0.00961
v 0.63412 -0.19216 0.01098
v 0.63412 -0.19216 0.01235
v 0.63412 -0.19216 0.01373
v 0.63275 -0.19078 0.01510
v 0.63412 -0.19078 0.01441
v 0.63275 -0.19078 0.01647
v 0.63275 -0.19078 0.01922
v 0.63412 -0.18941 0.00000
v 0.63412 -0.18804 -0.00069
v 0.63412 -0.18941 0.00275
v 0.63412 -0.18941 0.01510
v 0.63412 -0.18941 0.01647
v 0.63412 -0.18941 0.01784
v 0.63412 -0.18941 0.01922
v 0.63412 -0.18941 0.02059
v 0.63412 -0.18941 0.02196
v 0.63275 -0.18804 0.02333
v 0.63412 -0.18804 0.02265
v 0.63275 -0.18804 0.02471
v 0.63275 -0.18804 0.02608
v 0.63412 -0.18529 -0.00069
v 0.63412 -0.18667 0.02333
v 0.63412 -0.18667 0.02471
v 0.63275 -0.18529 0.02608
v 0.63412 -0.18529 0.02539
v 0.63275 -0.18529 0.02745
v 0.63275 -0.18529 0.02882
v 0.63412 -0.18255 -0.00069
v 0.63412 -0.18392 0.02608
v 0.63275 -0.18255 0.02745
v 0.63412 -0.18255 0.02676
v 0.63275 -0.18255 0.02882
v 0.63275 -0.18255 0.03020
v 0.63412 -0.17980 -0.00069
v 0.63412 -0.18118 0.02745
v 0.63412 -0.18118 0.02882
v 0.63275 -0.17980 0.03020
v 0.63412 -0.17980 0.02951
v 0.63275 -0.17980 0.03157
v 0.63275 -0.17980 0.03294
v 0.63412 -0.17706 -0.00069
v 0.63412 -0.17843 0.03020
v 0.63275 -0.17706 0.03157
v 0.63412 -0.17706 0.03088
v 0.63275 -0.17706 0.03294
v 0.63412 -0.17431 -0.00069
v 0.63275 -0.17431 0.03157
v 0.63412 -0.17431 0.03088
v 0.63275 -0.17431 0.03294
v 0.63275 -0.17431 0.03431
v 0.63412 -0.17157 -0.00069
v 0.63275 -0.17157 0.03157
v 0.63412 -0.17157 0.03088
v 0.63275 -0.17157 0.03294
v 0.63412 -0.16882 -0.00069
v 0.63275 -0.16882 0.02882
v 0.63412 -0.17020 0.02882
v 0.63412 -0.16882 0.02814
v 0.63275 -0.16882 0.03020
v 0.63412 -0.17020 0.03020
v 0.63275 -0.16882 0.03157
v 0.63275 -0.16882 0.03294
v 0.63412 -0.16608 -0.00069
v 0.63275 -0.16608 0.02745
v 0.63412 -0.16745 0.02745
v 0.63412 -0.16608 0.02676
v 0.63275 -0.16608 0.02882
v 0.63275 -0.16608 0.03020
v 0.63275 -0.16608 0.03157
v 0.63412 -0.16333 -0.00069
v 0.63275 -0.16333 0.02333
v 0.63412 -0.16471 0.02333
v 0.63412 -0.16333 0.02265
v 0.63275 -0.16333 0.02471
v 0.63412 -0.16471 0.02471
v 0.63275 -0.16333 0.02608
v 0.63412 -0.16471 0.02608
v 0.63275 -0.16333 0.02745
v 0.63275 -0.16333 0.02882
v 0.63275 -0.16333 0.03020
v 0.63412 -0.16059 -0.00069
v 0.63275 -0.16059 0.00824
v 0.63412 -0.16196 0.00824
v 0.63412 -0.16059 0.00755
v 0.63275 -0.16059 0.00961
v 0.63412 -0.16196 0.00961
v 0.63412 -0.16059 0.01029
v 0.63275 -0.16059 0.02059
v 0.63412 -0.16196 0.02059
v 0.63412 -0.16059 0.01990
v 0.63275 -0.16059 0.02196
v 0.63412 -0.16196 0.02196
v 0.63275 -0.16059 0.02333
v 0.63275 -0.16059 0.02471
v 0.63275 -0.16059 0.02608
v 0.63275 -0.16059 0.02745
v 0.63275 -0.15784 0.00000
v 0.63412 -0.15922 0.00000
v 0.63275 -0.15784 0.00137
v 0.63412 -0.15922 0.00137
v 0.63275 -0.15784 0.00275
v 0.63412 -0.15922 0.00275
v 0.63275 -0.15784 0.00412
v 0.63412 -0.15922 0.00412
v 0.63275 -0.15784 0.00549
v 0.63412 -0.15922 0.00549
v 0.63275 -0.15784 0.00686
v 0.63412 -0.15922 0.00686
v 0.63275 -0.15784 0.00824
v 0.63275 -0.15784 0.00961
v 0.63412 -0.15922 0.01098
v 0.63412 -0.15922 0.01235
v 0.63275 -0.15784 0.01373
v 0.63412 -0.15922 0.01373
v 0.63275 -0.15784 0.01510
v 0.63412 -0.15922 0.01510
v 0.63275 -0.15784 0.01647
v 0.63412 -0.15922 0.01647
v 0.63275 -0.15784 0.01784
v 0.63412 -0.15922 0.01784
v 0.63275 -0.15784 0.01922
v 0.63412 -0.15922 0.01922
v 0.63549 -0.19078 0.00137
v 0.63686 -0.19216 0.00412
v 0.63686 -0.19078 0.00343
v 0.63686 -0.19216 0.00549
v 0.63686 -0.19216 0.00686
v 0.63549 -0.19078 0.00824
v 0.63686 -0.19078 0.00755
v 0.63549 -0.19078 0.00961
v 0.63549 -0.19078 0.01098
v 0.63549 -0.19078 0.01235
v 0.63549 -0.19078 0.01373
v 0.63686 -0.18941 0.00000
v 0.63686 -0.18804 -0.00069
v 0.63686 -0.18941 0.00137
v 0.63686 -0.18941 0.00275
v 0.63686 -0.18941 0.00824
v 0.63686 -0.18941 0.00961
v 0.63686 -0.18941 0.01098
v 0.63686 -0.18941 0.01235
v 0.63686 -0.18941 0.01373
v 0.63686 -0.18941 0.01510
v 0.63686 -0.18941 0.01647
v 0.63686 -0.18941 0.01784
v 0.63549 -0.18804 0.01922
v 0.63686 -0.18804 0.01853
v 0.63549 -0.18804 0.02059
v 0.63549 -0.18804 0.02196
v 0.63686 -0.18529 -0.00069
v 0.63686 -0.18667 0.01922
v 0.63686 -0.18667 0.02059
v 0.63549 -0.18529 0.02196
v 0.63686 -0.18529 0.02127
v 0.63549 -0.18529 0.02333
v 0.63549 -0.18529 0.02471
v 0.63686 -0.18255 -0.00069
v 0.63686 -0.18392 0.02196
v 0.63686 -0.18392 0.02333
v 0.63549 -0.18255 0.02471
v 0.63686 -0.18255 0.02402
v 0.63549 -0.18255 0.02608
v 0.63686 -0.17980 -0.00069
v 0.63686 -0.18118 0.02471
v 0.63549 -0.17980 0.02608
v 0.63686 -0.17980 0.02539
v 0.63549 -0.17980 0.02745
v 0.63549 -0.17980 0.02882
v 0.63686 -0.17706 -0.00069
v 0.63686 -0.17843 0.02608
v 0.63549 -0.17706 0.02745
v 0.63686 -0.17706 0.02676
v 0.63549 -0.17706 0.02882
v 0.63549 -0.17706 0.03020
v 0.63686 -0.17431 -0.00069
v 0.63549 -0.17431 0.02608
v 0.63686 -0.17569 0.02608
v 0.63686 -0.17431 0.02539
v 0.63549 -0.17431 0.02745
v 0.63549 -0.17431 0.02882
v 0.63549 -0.17431 0.03020
v 0.63686 -0.17157 -0.00069
v 0.63549 -0.17157 0.02471
v 0.63686 -0.17294 0.02471
v 0.63686 -0.17157 0.02402
v 0.63549 -0.17157 0.02608
v 0.63549 -0.17157 0.02745
v 0.63549 -0.17157 0.02882
v 0.63549 -0.17157 0.03020
v 0.63686 -0.16882 -0.00069
v 0.63549 -0.16882 0.02471
v 0.63686 -0.16882 0.02402
v 0.63549 -0.16882 0.02608
v 0.63549 -0.16882 0.02745
v 0.63686 -0.16608 -0.00069
v 0.63549 -0.16608 0.02196
v 0.63686 -0.16745 0.02196
v 0.63686 -0.16608 0.02127
v 0.63549 -0.16608 0.02333
v 0.63686 -0.16745 0.02333
v 0.63549 -0.16608 0.02471
v 0.63549 -0.16608 0.02608
v 0.63686 -0.16333 -0.00069
v 0.63549 -0.16333 0.00275
v 0.63686 -0.16471 0.00275
v 0.63686 -0.16333 0.00206
v 0.63686 -0.16333 0.00343
v 0.63549 -0.16333 0.01647
v 0.63686 -0.16471 0.01647
v 0.63686 -0.16333 0.01578
v 0.63549 -0.16333 0.01784
v 0.63686 -0.16471 0.01784
v 0.63549 -0.16333 0.01922
v 0.63686 -0.16471 0.01922
v 0.63549 -0.16333 0.02059
v 0.63686 -0.16471 0.02059
v 0.63549 -0.16333 0.02196
v 0.63549 -0.16059 0.00000
v 0.63686 -0.16196 0.00000
v 0.63549 -0.16059 0.00137
v 0.63686 -0.16196 0.00137
v 0.63549 -0.16059 0.00275
v 0.63549 -0.16059 0.00412
v 0.63686 -0.16196 0.00412
v 0.63549 -0.16059 0.00549
v 0.63686 -0.16196 0.00549
v 0.63549 -0.16059 0.00686
v 0.63686 -0.16196 0.00686
v 0.63686 -0.16196 0.00824
v 0.63686 -0.16196 0.00961
v 0.63549 -0.16059 0.01098
v 0.63686 -0.16196 0.01098
v 0.63549 -0.16059 0.01235
v 0.63686 -0.16196 0.01235
v 0.63549 -0.16059 0.01373
v 0.63686 -0.16196 0.01373
v 0.63549 -0.16059 0.01510
v 0.63686 -0.16196 0.01510
v 0.63549 -0.16059 0.01647
v 0.63549 -0.16059 0.01784
v 0.63549 -0.16059 0.01922
v 0.63824 -0.19078 0.00412
v 0.63824 -0.19078 0.00549
v 0.63824 -0.19078 0.00686
v 0.63961 -0.18941 0.00000
v 0.63961 -0.18804 -0.00069
v 0.63961 -0.18941 0.00137
v 0.63961 -0.18941 0.00275
v 0.63961 -0.18941 0.00412
v 0.63961 -0.18941 0.00549
v 0.63961 -0.18941 0.00686
v 0.63961 -0.18941 0.00824
v 0.63961 -0.18941 0.00961
v 0.63961 -0.18941 0.01098
v 0.63961 -0.18941 0.01235
v 0.63961 -0.18941 0.01373
v 0.63961 -0.18941 0.01510
v 0.63824 -0.18804 0.01647
v 0.63961 -0.18804 0.01578
v 0.63824 -0.18804 0.01784
v 0.63961 -0.18529 -0.00069
v 0.63961 -0.18667 0.01647
v 0.63961 -0.18667 0.01784
v 0.63824 -0.18529 0.01922
v 0.63961 -0.18529 0.01853
v 0.63824 -0.18529 0.02059
v 0.63961 -0.18255 -0.00069
v 0.63824 -0.18255 0.01922
v 0.63961 -0.18255 0.01853
v 0.63824 -0.18255 0.02059
v 0.63824 -0.18255 0.02196
v 0.63824 -0.18255 0.02333
v 0.63961 -0.17980 -0.00069
v 0.63961 -0.18118 0.01922
v 0.63961 -0.18118 0.02059
v 0.63824 -0.17980 0.02196
v 0.63961 -0.17980 0.02127
v 0.63824 -0.17980 0.02333
v 0.63824 -0.17980 0.02471
v 0.63961 -0.17706 -0.00069
v 0.63961 -0.17843 0.02196
v 0.63824 -0.17706 0.02333
v 0.63961 -0.17706 0.02265
v 0.63824 -0.17706 0.02471
v 0.63824 -0.17706 0.02608
v 0.63961 -0.17431 -0.00069
v 0.63824 -0.17431 0.02196
v 0.63961 -0.17569 0.02196
v 0.63961 -0.17431 0.02127
v 0.63824 -0.17431 0.02333
v 0.63824 -0.17431 0.02471
v 0.63961 -0.17157 -0.00069
v 0.63824 -0.17157 0.02059
v 0.63961 -0.17294 0.02059
v 0.63961 -0.17157 0.01990
v 0.63824 -0.17157 0.02196
v 0.63824 -0.17157 0.02333
v 0.63961 -0.16882 -0.00069
v 0.63824 -0.16882 0.01647
v 0.63961 -0.17020 0.01647
v 0.63961 -0.16882 0.01578
v 0.63824 -0.16882 0.01784
v 0.63961 -0.17020 0.01784
v 0.63824 -0.16882 0.01922
v 0.63961 -0.17020 0.01922
v 0.63824 -0.16882 0.02059
v 0.63824 -0.16882 0.02196
v 0.63824 -0.16882 0.02333
v 0.63824 -0.16608 0.00000
v 0.63961 -0.16745 0.00000
v 0.63961 -0.16608 0.00069
v 0.63824 -0.16608 0.01647
v 0.63961 -0.16608 0.01578
v 0.63824 -0.16608 0.01784
v 0.63824 -0.16608 0.01922
v 0.63824 -0.16608 0.02059
v 0.63824 -0.16333 0.00000
v 0.63824 -0.16333 0.00137
v 0.63961 -0.16471 0.00137
v 0.63961 -0.16471 0.00275
v 0.63824 -0.16333 0.00412
v 0.63961 -0.16471 0.00412
v 0.63824 -0.16333 0.00549
v 0.63961 -0.16471 0.00549
v 0.63824 -0.16333 0.00686
v 0.63961 -0.16471 0.00686
v 0.63824 -0.16333 0.00824
v 0.63961 -0.16471 0.00824
v 0.63824 -0.16333 0.00961
v 0.63961 -0.16471 0.00961
v 0.63824 -0.16333 0.01098
v 0.63961 -0.16471 0.01098
v 0.63824 -0.16333 0.01235
v 0.63961 -0.16471 0.01235
v 0.63824 -0.16333 0.01373
v 0.63961 -0.16471 0.01373
v 0.63824 -0.16333 0.01510
v 0.63961 -0.16471 0.01510
v 0.64235 -0.18941 0.00000
v 0.64235 -0.18804 -0.00069
v 0.64235 -0.18941 0.00137
v 0.64235 -0.18941 0.00275
v 0.64235 -0.18941 0.00412
v 0.64235 -0.18941 0.00549
v 0.64235 -0.18941 0.00686
v 0.64235 -0.18941 0.00824
v 0.64235 -0.18941 0.00961
v 0.64235 -0.18941 0.01098
v 0.64098 -0.18804 0.01235
v 0.64235 -0.18804 0.01167
v 0.64098 -0.18804 0.01373
v 0.64098 -0.18804 0.01510
v 0.64235 -0.18529 -0.00069
v 0.64235 -0.18667 0.01235
v 0.64235 -0.18667 0.01373
v 0.64098 -0.18529 0.01510
v 0.64235 -0.18529 0.01441
v 0.64098 -0.18529 0.01647
v 0.64098 -0.18529 0.01784
v 0.64235 -0.18255 -0.00069
v 0.64235 -0.18392 0.01510
v 0.64098 -0.18255 0.01647
v 0.64235 -0.18255 0.01578
v 0.64098 -0.18255 0.01784
v 0.64235 -0.17980 -0.00069
v 0.64235 -0.18118 0.01647
v 0.64098 -0.17980 0.01784
v 0.64235 -0.17980 0.01716
v 0.64098 -0.17980 0.01922
v 0.64098 -0.17980 0.02059
v 0.64235 -0.17706 -0.00069
v 0.64098 -0.17706 0.01784
v 0.64235 -0.17706 0.01716
v 0.64098 -0.17706 0.01922
v 0.64098 -0.17706 0.02059
v 0.64098 -0.17706 0.02196
v 0.64235 -0.17431 -0.00069
v 0.64098 -0.17431 0.01647
v 0.64235 -0.17569 0.01647
v 0.64235 -0.17431 0.01578
v 0.64098 -0.17431 0.01784
v 0.64098 -0.17431 0.01922
v 0.64098 -0.17431 0.02059
v 0.64235 -0.17157 -0.00069
v 0.64098 -0.17157 0.01510
v 0.64235 -0.17294 0.01510
v 0.64235 -0.17157 0.01441
v 0.64098 -0.17157 0.01647
v 0.64098 -0.17157 0.01784
v 0.64098 -0.17157 0.01922
v 0.64235 -0.16882 -0.00069
v 0.64098 -0.16882 0.01098
v 0.64235 -0.17020 0.01098
v 0.64235 -0.16882 0.01029
v 0.64098 -0.16882 0.01235
v 0.64235 -0.17020 0.01235
v 0.64098 -0.16882 0.01373
v 0.64235 -0.17020 0.01373
v 0.64098 -0.16882 0.01510
v 0.64235 -0.16745 0.00000
v 0.64098 -0.16608 0.00137
v 0.64235 -0.16745 0.00137
v 0.64098 -0.16608 0.00275
v 0.64235 -0.16745 0.00275
v 0.64098 -0.16608 0.00412
v 0.64235 -0.16745 0.00412
v 0.64235 -0.16608 0.00480
v 0.64098 -0.16608 0.00824
v 0.64235 -0.16745 0.00824
v 0.64235 -0.16608 0.00755
v 0.64098 -0.16608 0.00961
v 0.64235 -0.16745 0.00961
v 0.64098 -0.16608 0.01098
v 0.64098 -0.16608 0.01235
v 0.64098 -0.16608 0.01373
v 0.64098 -0.16608 0.01510
v 0.64235 -0.16471 0.00549
v 0.64235 -0.16471 0.00686
v 0.64510 -0.18941 0.00000
v 0.64510 -0.18804 -0.00069
v 0.64510 -0.18941 0.00137
v 0.64510 -0.18941 0.00275
v 0.64510 -0.18941 0.00412
v 0.64510 -0.18941 0.00549
v 0.64373 -0.18804 0.00686
v 0.64510 -0.18804 0.00618
v 0.64373 -0.18804 0.00824
v 0.64373 -0.18804 0.00961
v 0.64373 -0.18804 0.01098
v 0.64510 -0.18529 -0.00069
v 0.64510 -0.18667 0.00686
v 0.64510 -0.18667 0.00824
v 0.64510 -0.18667 0.00961
v 0.64510 -0.18667 0.01098
v 0.64373 -0.18529 0.01235
v 0.64510 -0.18529 0.01167
v 0.64373 -0.18529 0.01373
v 0.64510 -0.18255 -0.00069
v 0.64373 -0.18255 0.01235
v 0.64510 -0.18255 0.01167
v 0.64373 -0.18255 0.01373
v 0.64373 -0.18255 0.01510
v 0.64510 -0.17980 -0.00069
v 0.64510 -0.18118 0.01235
v 0.64373 -0.17980 0.01373
v 0.64510 -0.17980 0.01304
v 0.64373 -0.17980 0.01510
v 0.64373 -0.17980 0.01647
v 0.64510 -0.17706 -0.00069
v 0.64373 -0.17706 0.01235
v 0.64510 -0.17843 0.01235
v 0.64510 -0.17706 0.01167
v 0.64373 -0.17706 0.01373
v 0.64373 -0.17706 0.01510
v 0.64373 -0.17706 0.01647
v 0.64510 -0.17431 -0.00069
v 0.64373 -0.17431 0.00961
v 0.64510 -0.17569 0.00961
v 0.64510 -0.17431 0.00892
v 0.64373 -0.17431 0.01098
v 0.64510 -0.17569 0.01098
v 0.64373 -0.17431 0.01235
v 0.64373 -0.17431 0.01373
v 0.64373 -0.17431 0.01510
v 0.64510 -0.17157 -0.00069
v 0.64373 -0.17157 0.00961
v 0.64510 -0.17157 0.00892
v 0.64373 -0.17157 0.01098
v 0.64373 -0.17157 0.01235
v 0.64373 -0.17157 0.01373
v 0.64373 -0.16882 0.00000
v 0.64510 -0.17020 0.00000
v 0.64373 -0.16882 0.00137
v 0.64510 -0.17020 0.00137
v 0.64373 -0.16882 0.00275
v 0.64510 -0.17020 0.00275
v 0.64373 -0.16882 0.00412
v 0.64510 -0.17020 0.00412
v 0.64373 -0.16882 0.00549
v 0.64510 -0.17020 0.00549
v 0.64373 -0.16882 0.00686
v 0.64510 -0.17020 0.00686
v 0.64373 -0.16882 0.00824
v 0.64510 -0.17020 0.00824
v 0.64373 -0.16882 0.00961
v 0.64373 -0.16608 0.00549
v 0.64373 -0.16608 0.00686
v 0.64647 -0.18804 0.00000
v 0.64647 -0.18804 0.00137
v 0.64784 -0.18941 0.00275
v 0.64784 -0.18804 0.00206
v 0.64647 -0.18804 0.00412
v 0.64784 -0.18804 0.00343
v 0.64647 -0.18804 0.00549
v 0.64784 -0.18667 0.00000
v 0.64784 -0.18529 -0.00069
v 0.64784 -0.18667 0.00137
v 0.64784 -0.18667 0.00412
v 0.64784 -0.18667 0.00549
v 0.64784 -0.18667 0.00686
v 0.64647 -0.18529 0.00824
v 0.64784 -0.18529 0.00755
v 0.64647 -0.18529 0.00961
v 0.64647 -0.18529 0.01098
v 0.64784 -0.18255 -0.00069
v 0.64784 -0.18392 0.00824
v 0.64647 -0.18255 0.00961
v 0.64784 -0.18255 0.00892
v 0.64647 -0.18255 0.01098
v 0.64784 -0.17980 -0.00069
v 0.64784 -0.18118 0.00961
v 0.64647 -0.17980 0.01098
v 0.64784 -0.17980 0.01029
v 0.64647 -0.17980 0.01235
v 0.64784 -0.17706 -0.00069
v 0.64647 -0.17706 0.00824
v 0.64784 -0.17843 0.00824
v 0.64784 -0.17706 0.00755
v 0.64647 -0.17706 0.00961
v 0.64784 -0.17843 0.00961
v 0.64647 -0.17706 0.01098
v 0.64784 -0.17431 -0.00069
v 0.64647 -0.17431 0.00412
v 0.64784 -0.17569 0.00412
v 0.64784 -0.17431 0.00343
v 0.64647 -0.17431 0.00549
v 0.64784 -0.17569 0.00549
v 0.64647 -0.17431 0.00686
v 0.64784 -0.17569 0.00686
v 0.64647 -0.17431 0.00824
v 0.64647 -0.17157 0.00000
v 0.64784 -0.17294 0.00000
v 0.64784 -0.17157 0.00069
v 0.64647 -0.17157 0.00275
v 0.64784 -0.17294 0.00275
v 0.64784 -0.17157 0.00206
v 0.64647 -0.17157 0.00412
v 0.64647 -0.17157 0.00549
v 0.64647 -0.17157 0.00686
v 0.64647 -0.17157 0.00824
v 0.64784 -0.17020 0.00137
v 0.64922 -0.18804 0.00275
v 0.65059 -0.18667 0.00000
v 0.65059 -0.18529 -0.00069
v 0.65059 -0.18667 0.00137
v 0.64922 -0.18529 0.00275
v 0.65059 -0.18529 0.00206
v 0.64922 -0.18529 0.00412
v 0.64922 -0.18529 0.00549
v 0.64922 -0.18529 0.00686
v 0.65059 -0.18255 -0.00069
v 0.65059 -0.18392 0.00275
v 0.65059 -0.18392 0.00412
v 0.64922 -0.18255 0.00549
v 0.65059 -0.18255 0.00480
v 0.64922 -0.18255 0.00686
v 0.64922 -0.18255 0.00824
v 0.65059 -0.17980 -0.00069
v 0.64922 -0.17980 0.00412
v 0.65059 -0.18118 0.00412
v 0.65059 -0.17980 0.00343
v 0.64922 -0.17980 0.00549
v 0.64922 -0.17980 0.00686
v 0.64922 -0.17980 0.00824
v 0.64922 -0.17980 0.00961
v 0.65059 -0.17706 -0.00069
v 0.64922 -0.17706 0.00275
v 0.65059 -0.17843 0.00275
v 0.65059 -0.17706 0.00206
v 0.64922 -0.17706 0.00412
v 0.64922 -0.17706 0.00549
v 0.64922 -0.17706 0.00686
v 0.64922 -0.17431 0.00000
v 0.65059 -0.17569 0.00000
v 0.64922 -0.17431 0.00137
v 0.65059 -0.17569 0.00137
v 0.64922 -0.17431 0.00275
v 0.64922 -0.17157 0.00137
v 0.65196 -0.18529 0.00000
v 0.65196 -0.18529 0.00137
v 0.65196 -0.18255 0.00000
v 0.65196 -0.18255 0.00137
v 0.65196 -0.18255 0.00275
v 0.65196 -0.18255 0.00412
v 0.65196 -0.17980 0.00000
v 0.65196 -0.17980 0.00137
v 0.65196 -0.17980 0.00275
v 0.65196 -0.17706 0.00000
v 0.65196 -0.17706 0.00137
f 3 2 1
f 2 4 1
f 3 1 5
f 1 4 5
f 8 7 6
f 7 10 9
f 6 7 9
f 10 12 11
f 9 10 11
f 12 13 11
f 15 8 6
f 14 15 6
f 3 9 2
f 3 14 9
f 14 6 9
f 2 16 4
f 2 9 16
f 9 11 16
f 13 17 16
f 11 13 16
f 15 14 18
f 14 3 5
f 14 5 18
f 18 5 19
f 4 16 20
f 4 20 5
f 5 20 19
f 16 17 20
f 23 22 21
f 22 25 24
f 21 22 24
f 25 27 26
f 24 25 26
f 27 29 28
f 26 27 28
f 29 30 28
f 33 32 31
f 32 34 31
f 37 36 35
f 36 39 38
f 35 36 38
f 39 23 21
f 39 21 38
f 38 21 40
f 21 24 40
f 24 41 40
f 42 43 41
f 42 41 26
f 26 41 24
f 26 28 44
f 42 26 44
f 28 30 44
f 33 31 45
f 46 7 31
f 46 31 34
f 7 8 31
f 45 31 47
f 8 47 31
f 46 48 7
f 7 48 10
f 48 49 10
f 10 49 12
f 50 13 12
f 50 12 51
f 51 12 49
f 51 52 50
f 55 54 53
f 54 57 56
f 53 54 56
f 57 37 35
f 57 35 56
f 56 35 58
f 35 38 58
f 38 59 58
f 38 40 59
f 40 60 59
f 61 62 60
f 61 60 41
f 41 60 40
f 41 43 61
f 65 64 63
f 64 15 63
f 64 47 15
f 47 8 15
f 66 13 50
f 17 13 66
f 52 67 66
f 50 52 66
f 69 55 53
f 68 69 53
f 53 56 68
f 56 70 68
f 71 72 70
f 71 70 58
f 58 70 56
f 58 59 73
f 71 58 73
f 59 60 74
f 73 59 74
f 60 62 74
f 65 63 75
f 63 15 18
f 63 18 75
f 75 18 76
f 76 18 77
f 18 19 77
f 77 19 78
f 19 20 78
f 17 66 79
f 17 79 20
f 20 79 78
f 66 67 79
f 69 68 80
f 68 70 81
f 80 68 81
f 70 72 81
f 84 83 82
f 83 86 85
f 82 83 85
f 86 87 85
f 89 84 82
f 88 89 82
f 82 85 88
f 85 90 88
f 87 92 91
f 87 91 85
f 85 91 90
f 92 94 93
f 91 92 93
f 94 95 93
f 89 88 96
f 88 90 97
f 96 88 97
f 90 91 98
f 97 90 98
f 91 93 99
f 98 91 99
f 93 95 99
f 102 101 100
f 101 104 103
f 100 101 103
f 104 106 105
f 103 104 105
f 106 108 107
f 105 106 107
f 108 109 107
f 112 111 110
f 111 114 113
f 110 111 113
f 114 116 115
f 113 114 115
f 116 118 117
f 115 116 117
f 118 102 100
f 118 100 117
f 117 100 119
f 100 103 119
f 103 120 119
f 103 105 120
f 105 121 120
f 122 123 121
f 122 121 107
f 107 121 105
f 107 109 122
f 126 125 124
f 125 127 124
f 130 129 128
f 129 132 131
f 128 129 131
f 132 134 133
f 131 132 133
f 134 112 110
f 134 110 133
f 133 110 135
f 110 113 135
f 113 136 135
f 113 115 136
f 115 137 136
f 23 117 22
f 23 137 117
f 137 115 117
f 119 22 117
f 25 22 119
f 120 25 119
f 27 25 120
f 121 27 120
f 121 29 27
f 138 139 140
f 29 121 123
f 29 123 30
f 139 138 123
f 138 30 123
f 33 142 141
f 32 33 141
f 143 34 32
f 143 32 144
f 144 32 141
f 144 146 145
f 143 144 145
f 146 147 145
f 150 149 148
f 149 152 151
f 148 149 151
f 152 154 153
f 151 152 153
f 154 156 155
f 153 154 155
f 156 126 124
f 156 124 155
f 155 124 157
f 127 159 158
f 127 158 124
f 124 158 157
f 159 161 160
f 158 159 160
f 161 162 160
f 165 164 163
f 164 167 166
f 163 164 166
f 167 130 128
f 167 128 166
f 166 128 168
f 128 131 168
f 131 169 168
f 131 133 169
f 133 170 169
f 133 135 170
f 135 171 170
f 37 136 36
f 37 171 136
f 171 135 136
f 137 36 136
f 39 36 137
f 137 23 39
f 43 172 173
f 42 172 43
f 138 140 172
f 138 172 44
f 44 172 42
f 138 44 30
f 45 174 175
f 45 175 33
f 33 175 142
f 34 143 46
f 45 47 174
f 145 46 143
f 48 46 145
f 147 48 145
f 147 176 48
f 176 49 48
f 176 177 49
f 49 177 51
f 178 52 51
f 178 51 179
f 179 51 177
f 179 150 148
f 179 148 178
f 178 148 180
f 148 151 180
f 151 181 180
f 151 153 181
f 153 182 181
f 153 155 182
f 155 183 182
f 184 185 183
f 184 183 157
f 157 183 155
f 157 158 186
f 184 157 186
f 158 160 187
f 186 158 187
f 160 162 187
f 190 189 188
f 189 165 163
f 189 163 188
f 188 163 191
f 163 166 191
f 166 192 191
f 166 168 192
f 168 193 192
f 168 169 193
f 169 194 193
f 55 170 54
f 55 194 170
f 194 169 170
f 171 54 170
f 57 54 171
f 171 37 57
f 62 195 196
f 61 195 62
f 195 61 43
f 173 195 43
f 174 64 65
f 174 65 175
f 175 65 197
f 174 47 64
f 198 52 178
f 67 52 198
f 178 180 198
f 180 199 198
f 180 181 199
f 181 200 199
f 201 202 200
f 201 200 182
f 182 200 181
f 182 183 203
f 201 182 203
f 183 185 203
f 190 188 204
f 206 204 188
f 206 188 205
f 205 188 191
f 191 192 205
f 192 207 205
f 192 193 207
f 193 208 207
f 193 194 208
f 194 209 208
f 194 69 209
f 55 69 194
f 72 210 211
f 71 210 72
f 210 71 212
f 71 73 212
f 212 73 213
f 73 74 213
f 213 74 62
f 196 213 62
f 197 65 75
f 214 197 75
f 214 75 215
f 75 76 215
f 217 77 216
f 217 215 77
f 215 76 77
f 78 216 77
f 218 216 78
f 79 218 78
f 219 218 79
f 67 219 79
f 67 198 219
f 198 220 219
f 198 199 220
f 199 221 220
f 199 200 221
f 200 222 221
f 202 224 223
f 202 223 200
f 200 223 222
f 224 226 225
f 223 224 225
f 226 227 225
f 206 205 228
f 205 207 229
f 228 205 229
f 207 208 230
f 229 207 230
f 208 209 231
f 230 208 231
f 209 69 80
f 209 80 231
f 231 80 232
f 232 80 233
f 80 81 233
f 233 81 72
f 211 233 72
f 235 217 216
f 234 235 216
f 216 218 234
f 218 236 234
f 218 219 236
f 219 237 236
f 219 220 237
f 220 238 237
f 220 221 238
f 221 239 238
f 221 222 239
f 222 240 239
f 222 223 240
f 223 241 240
f 84 225 83
f 84 241 225
f 241 223 225
f 227 83 225
f 227 242 83
f 242 86 83
f 86 242 243
f 87 86 243
f 235 234 244
f 246 244 234
f 246 234 245
f 245 234 236
f 236 237 245
f 237 247 245
f 237 238 247
f 238 248 247
f 238 239 248
f 239 249 248
f 239 240 249
f 240 250 249
f 240 241 250
f 241 251 250
f 241 89 251
f 84 89 241
f 243 92 87
f 252 92 243
f 252 253 92
f 92 253 94
f 94 253 254
f 95 94 254
f 246 245 255
f 245 247 256
f 255 245 256
f 247 248 257
f 256 247 257
f 248 249 258
f 257 248 258
f 249 250 259
f 258 249 259
f 250 251 260
f 259 250 260
f 251 89 96
f 251 96 260
f 260 96 261
f 261 96 262
f 96 97 262
f 262 97 263
f 97 98 263
f 263 98 264
f 98 99 264
f 264 99 95
f 254 264 95
f 267 266 265
f 266 268 265
f 271 270 269
f 270 273 272
f 269 270 272
f 273 275 274
f 272 273 274
f 275 277 276
f 274 275 276
f 277 279 278
f 276 277 278
f 279 267 265
f 279 265 278
f 278 265 280
f 268 281 101
f 268 101 280
f 268 280 265
f 280 101 102
f 281 282 101
f 101 282 104
f 282 283 104
f 104 283 106
f 283 284 106
f 106 284 108
f 108 284 285
f 109 108 285
f 288 287 286
f 287 289 286
f 292 291 290
f 291 294 293
f 290 291 293
f 294 296 295
f 293 294 295
f 296 298 297
f 295 296 297
f 298 299 297
f 302 301 300
f 301 304 303
f 300 301 303
f 304 306 305
f 303 304 305
f 306 308 307
f 305 306 307
f 308 310 309
f 307 308 309
f 310 271 269
f 310 269 309
f 309 269 311
f 269 272 311
f 272 312 311
f 112 274 111
f 112 312 274
f 312 272 274
f 276 111 274
f 114 111 276
f 278 114 276
f 116 114 278
f 280 116 278
f 118 116 280
f 280 102 118
f 123 313 314
f 122 313 123
f 313 122 109
f 285 313 109
f 317 316 315
f 316 319 318
f 315 316 318
f 319 321 320
f 318 319 320
f 321 323 322
f 320 321 322
f 323 288 286
f 323 286 322
f 322 286 324
f 289 326 325
f 289 325 286
f 286 325 324
f 326 292 290
f 326 290 325
f 325 290 327
f 290 293 327
f 293 328 327
f 293 295 328
f 295 329 328
f 295 297 329
f 297 330 329
f 299 332 331
f 299 331 297
f 297 331 330
f 126 331 332
f 126 332 125
f 125 332 333
f 334 127 125
f 334 125 335
f 335 125 333
f 335 337 336
f 334 335 336
f 337 338 336
f 341 340 339
f 340 343 342
f 339 340 342
f 343 302 300
f 343 300 342
f 342 300 344
f 300 303 344
f 303 345 344
f 303 305 345
f 305 346 345
f 305 307 346
f 307 347 346
f 130 309 129
f 130 347 309
f 347 307 309
f 311 129 309
f 132 129 311
f 312 132 311
f 134 132 312
f 312 112 134
f 140 348 349
f 139 348 140
f 348 139 123
f 314 348 123
f 351 317 315
f 350 351 315
f 142 318 141
f 142 350 318
f 350 315 318
f 320 141 318
f 144 141 320
f 322 144 320
f 146 144 322
f 146 352 147
f 146 322 352
f 322 324 352
f 324 325 352
f 325 353 352
f 325 327 353
f 327 354 353
f 150 328 149
f 150 354 328
f 354 327 328
f 329 149 328
f 152 149 329
f 330 152 329
f 154 152 330
f 331 154 330
f 156 154 331
f 331 126 156
f 334 159 127
f 336 159 334
f 161 159 336
f 161 336 338
f 161 338 162
f 162 338 355
f 358 357 356
f 357 341 339
f 357 339 356
f 356 339 359
f 339 342 359
f 342 360 359
f 342 344 360
f 344 361 360
f 344 345 361
f 345 362 361
f 165 346 164
f 165 362 346
f 362 345 346
f 347 164 346
f 167 164 347
f 347 130 167
f 173 363 364
f 172 363 173
f 363 172 140
f 349 363 140
f 367 366 365
f 366 351 350
f 366 350 365
f 365 350 368
f 350 175 368
f 142 175 350
f 352 176 147
f 353 176 352
f 177 176 353
f 354 177 353
f 179 177 354
f 354 150 179
f 185 369 370
f 184 369 185
f 369 184 371
f 184 186 371
f 371 186 372
f 186 187 372
f 372 187 162
f 355 372 162
f 374 358 356
f 373 374 356
f 356 359 373
f 359 375 373
f 359 360 375
f 360 376 375
f 360 361 376
f 361 377 376
f 190 362 189
f 190 377 362
f 377 361 362
f 362 165 189
f 196 378 379
f 195 378 196
f 378 195 173
f 364 378 173
f 381 367 365
f 380 381 365
f 365 368 380
f 368 382 380
f 368 197 382
f 175 197 368
f 202 383 384
f 201 383 202
f 383 201 385
f 201 203 385
f 385 203 185
f 370 385 185
f 374 373 386
f 388 386 373
f 388 373 387
f 387 373 375
f 375 376 387
f 376 389 387
f 376 377 389
f 377 390 389
f 204 377 190
f 204 391 377
f 391 390 377
f 204 206 391
f 210 392 211
f 392 393 394
f 392 210 393
f 210 212 393
f 393 212 395
f 212 213 395
f 395 213 196
f 379 395 196
f 397 381 380
f 396 397 380
f 380 382 396
f 382 398 396
f 214 382 197
f 214 399 382
f 399 398 382
f 215 399 214
f 400 399 215
f 215 217 400
f 384 224 202
f 401 224 384
f 401 402 224
f 224 402 226
f 226 402 403
f 227 226 403
f 388 387 404
f 387 389 405
f 404 387 405
f 389 390 406
f 405 389 406
f 390 391 407
f 406 390 407
f 391 206 228
f 391 228 407
f 407 228 408
f 410 229 409
f 410 408 229
f 408 228 229
f 409 411 412
f 409 229 411
f 229 230 411
f 411 230 413
f 230 231 413
f 413 231 414
f 231 232 414
f 414 232 415
f 232 233 415
f 211 392 416
f 211 416 233
f 233 416 415
f 392 394 416
f 397 396 417
f 396 398 418
f 417 396 418
f 420 418 398
f 420 398 419
f 419 398 399
f 399 400 419
f 400 421 419
f 400 235 421
f 217 235 400
f 403 242 227
f 422 242 403
f 242 422 423
f 243 242 423
f 410 409 424
f 409 412 424
f 426 420 419
f 425 426 419
f 419 421 425
f 421 427 425
f 244 421 235
f 244 428 421
f 428 427 421
f 244 246 428
f 423 252 243
f 429 252 423
f 429 430 252
f 252 430 253
f 253 430 431
f 254 253 431
f 433 426 425
f 432 433 425
f 434 435 432
f 434 432 427
f 427 432 425
f 437 434 427
f 437 427 436
f 436 427 428
f 246 436 428
f 246 438 436
f 246 255 438
f 439 436 438
f 441 256 440
f 441 438 256
f 438 255 256
f 440 442 443
f 440 256 442
f 256 257 442
f 442 257 444
f 257 258 444
f 444 258 445
f 258 259 445
f 445 259 446
f 259 260 446
f 446 260 447
f 260 261 447
f 447 261 448
f 261 262 448
f 448 262 449
f 262 263 449
f 449 263 450
f 263 264 450
f 450 264 254
f 431 450 254
f 433 432 451
f 432 435 451
f 437 436 452
f 436 439 452
f 441 440 453
f 440 443 453
f 456 455 454
f 455 458 457
f 454 455 457
f 458 460 459
f 457 458 459
f 460 461 459
f 464 463 462
f 463 465 462
f 468 467 466
f 467 470 469
f 466 467 469
f 470 472 471
f 469 470 471
f 472 474 473
f 471 472 473
f 474 476 475
f 473 474 475
f 476 456 454
f 476 454 475
f 475 454 477
f 454 457 477
f 457 478 477
f 457 459 478
f 459 479 478
f 461 481 480
f 461 480 459
f 459 480 479
f 267 480 481
f 267 481 266
f 266 481 482
f 483 268 266
f 483 266 484
f 484 266 482
f 484 486 485
f 483 484 485
f 486 488 487
f 485 486 487
f 488 489 487
f 492 491 490
f 491 464 462
f 491 462 490
f 490 462 493
f 465 495 494
f 465 494 462
f 462 494 493
f 495 497 496
f 494 495 496
f 497 499 498
f 496 497 498
f 499 501 500
f 498 499 500
f 501 503 502
f 500 501 502
f 503 505 504
f 502 503 504
f 505 506 504
f 509 508 507
f 508 511 510
f 507 508 510
f 511 468 466
f 511 466 510
f 510 466 512
f 466 469 512
f 469 513 512
f 469 471 513
f 471 514 513
f 471 473 514
f 473 515 514
f 271 475 270
f 271 515 475
f 515 473 475
f 477 270 475
f 273 270 477
f 478 273 477
f 275 273 478
f 479 275 478
f 277 275 479
f 480 277 479
f 279 277 480
f 480 267 279
f 483 281 268
f 485 281 483
f 282 281 485
f 487 282 485
f 283 282 487
f 489 283 487
f 489 516 283
f 516 284 283
f 284 516 517
f 285 284 517
f 519 492 490
f 518 519 490
f 490 493 518
f 493 520 518
f 493 494 520
f 494 521 520
f 494 496 521
f 496 522 521
f 288 498 287
f 288 522 498
f 522 496 498
f 287 523 289
f 287 498 523
f 498 500 523
f 292 502 291
f 292 523 502
f 523 500 502
f 504 291 502
f 294 291 504
f 506 294 504
f 506 524 294
f 524 296 294
f 524 525 296
f 296 525 298
f 526 299 298
f 526 298 527
f 527 298 525
f 527 528 526
f 531 530 529
f 530 533 532
f 529 530 532
f 533 535 534
f 532 533 534
f 535 509 507
f 535 507 534
f 534 507 536
f 302 510 301
f 302 536 510
f 536 507 510
f 512 301 510
f 304 301 512
f 513 304 512
f 306 304 513
f 514 306 513
f 308 306 514
f 515 308 514
f 310 308 515
f 515 271 310
f 313 537 314
f 537 313 285
f 537 285 538
f 538 285 517
f 541 540 539
f 518 316 317
f 519 518 317
f 519 317 539
f 519 539 540
f 520 316 518
f 319 316 520
f 521 319 520
f 321 319 521
f 522 321 521
f 323 321 522
f 522 288 323
f 523 326 289
f 523 292 326
f 526 332 299
f 528 332 526
f 528 542 332
f 542 333 332
f 542 543 333
f 333 543 335
f 543 544 335
f 335 544 337
f 337 544 545
f 338 337 545
f 548 547 546
f 547 550 549
f 546 547 549
f 550 531 529
f 550 529 549
f 549 529 551
f 529 532 551
f 532 552 551
f 341 534 340
f 341 552 534
f 552 532 534
f 536 340 534
f 343 340 536
f 536 302 343
f 348 553 349
f 553 554 555
f 348 554 553
f 348 537 554
f 348 314 537
f 537 538 554
f 557 541 539
f 556 557 539
f 539 351 556
f 317 351 539
f 560 558 559
f 559 558 355
f 559 355 545
f 545 355 338
f 563 562 561
f 562 548 546
f 562 546 561
f 561 546 564
f 546 549 564
f 549 565 564
f 549 551 565
f 551 566 565
f 358 552 357
f 358 566 552
f 566 551 552
f 552 341 357
f 363 567 364
f 349 567 363
f 349 553 567
f 553 568 567
f 555 569 568
f 553 555 568
f 572 571 570
f 556 366 367
f 557 556 367
f 557 367 570
f 557 570 571
f 556 351 366
f 575 573 574
f 370 574 573
f 370 369 574
f 369 576 574
f 576 369 577
f 369 371 577
f 558 560 577
f 558 577 372
f 372 577 371
f 558 372 355
f 563 561 578
f 580 578 561
f 580 561 579
f 579 561 564
f 564 565 579
f 565 581 579
f 565 566 581
f 566 582 581
f 566 374 582
f 358 374 566
f 378 583 379
f 364 583 378
f 364 567 583
f 567 584 583
f 585 586 584
f 585 584 568
f 568 584 567
f 568 569 585
f 588 572 570
f 587 588 570
f 570 381 587
f 367 381 570
f 384 589 590
f 383 589 384
f 573 575 589
f 573 589 385
f 385 589 383
f 573 385 370
f 580 579 591
f 593 591 579
f 593 579 592
f 592 579 581
f 581 582 592
f 582 594 592
f 386 582 374
f 386 595 582
f 595 594 582
f 386 388 595
f 393 596 394
f 395 596 393
f 597 596 395
f 379 597 395
f 379 583 597
f 583 598 597
f 599 600 598
f 599 598 584
f 584 598 583
f 584 586 599
f 602 588 587
f 601 602 587
f 587 397 601
f 381 397 587
f 590 401 384
f 603 401 590
f 603 604 401
f 401 604 402
f 402 604 605
f 403 402 605
f 593 592 606
f 592 594 607
f 606 592 607
f 609 607 594
f 609 594 608
f 608 594 595
f 404 595 388
f 404 610 595
f 610 608 595
f 405 610 404
f 611 610 405
f 406 611 405
f 612 611 406
f 407 612 406
f 613 612 407
f 408 613 407
f 614 613 408
f 408 410 614
f 412 615 616
f 411 615 412
f 618 413 617
f 618 615 413
f 615 411 413
f 617 619 620
f 617 413 619
f 413 414 619
f 619 414 621
f 414 415 621
f 623 416 622
f 623 621 416
f 621 415 416
f 394 622 416
f 394 596 622
f 596 624 622
f 596 597 624
f 597 625 624
f 626 627 625
f 626 625 598
f 598 625 597
f 598 600 626
f 602 601 628
f 601 397 417
f 601 417 628
f 628 417 629
f 629 417 630
f 417 418 630
f 418 631 630
f 420 631 418
f 605 422 403
f 632 422 605
f 422 632 633
f 423 422 633
f 609 608 634
f 608 610 635
f 634 608 635
f 610 611 636
f 635 610 636
f 611 612 637
f 636 611 637
f 612 613 638
f 637 612 638
f 613 614 639
f 638 613 639
f 614 410 424
f 614 424 639
f 639 424 640
f 640 424 412
f 616 640 412
f 618 617 641
f 617 620 641
f 623 622 642
f 622 624 643
f 642 622 643
f 624 625 644
f 643 624 644
f 625 627 644
f 631 420 645
f 645 420 426
f 633 429 423
f 646 429 633
f 646 647 429
f 429 647 430
f 430 647 648
f 431 430 648
f 645 426 649
f 649 426 433
f 434 650 435
f 434 437 650
f 438 651 439
f 438 441 651
f 443 652 653
f 442 652 443
f 655 444 654
f 655 652 444
f 652 442 444
f 654 656 657
f 654 444 656
f 444 445 656
f 656 445 658
f 445 446 658
f 660 447 659
f 660 658 447
f 658 446 447
f 659 661 662
f 659 447 661
f 447 448 661
f 661 448 663
f 448 449 663
f 663 449 664
f 449 450 664
f 664 450 431
f 648 664 431
f 649 433 451
f 665 649 451
f 435 650 666
f 435 666 451
f 451 666 665
f 650 437 452
f 650 452 666
f 666 452 667
f 439 651 668
f 439 668 452
f 452 668 667
f 651 441 453
f 651 453 668
f 668 453 669
f 669 453 443
f 653 669 443
f 655 654 670
f 654 657 670
f 660 659 671
f 659 662 671
f 674 673 672
f 673 676 675
f 672 673 675
f 676 678 677
f 675 676 677
f 678 680 679
f 677 678 679
f 680 682 681
f 679 680 681
f 682 683 681
f 686 685 684
f 685 687 684
f 690 689 688
f 689 692 691
f 688 689 691
f 692 694 693
f 691 692 693
f 694 696 695
f 693 694 695
f 696 698 697
f 695 696 697
f 698 700 699
f 697 698 699
f 700 674 672
f 700 672 699
f 699 672 701
f 672 675 701
f 675 702 701
f 675 677 702
f 677 703 702
f 456 679 455
f 456 703 679
f 703 677 679
f 681 455 679
f 458 455 681
f 683 458 681
f 683 704 458
f 704 460 458
f 705 461 460
f 705 460 706
f 706 460 704
f 706 708 707
f 705 706 707
f 708 710 709
f 707 708 709
f 710 712 711
f 709 710 711
f 712 714 713
f 711 712 713
f 714 716 715
f 713 714 715
f 716 717 715
f 719 686 684
f 718 719 684
f 687 720 463
f 687 463 718
f 687 718 684
f 718 463 464
f 721 465 463
f 721 463 722
f 722 463 720
f 722 724 723
f 721 722 723
f 724 726 725
f 723 724 725
f 726 727 725
f 730 729 728
f 729 732 731
f 728 729 731
f 732 690 688
f 732 688 731
f 731 688 733
f 688 691 733
f 691 734 733
f 691 693 734
f 693 735 734
f 693 695 735
f 695 736 735
f 468 697 467
f 468 736 697
f 736 695 697
f 699 467 697
f 470 467 699
f 701 470 699
f 472 470 701
f 702 472 701
f 474 472 702
f 703 474 702
f 476 474 703
f 703 456 476
f 705 481 461
f 707 481 705
f 482 481 707
f 709 482 707
f 484 482 709
f 711 484 709
f 486 484 711
f 713 486 711
f 488 486 713
f 488 737 489
f 488 713 737
f 713 715 737
f 717 738 737
f 715 717 737
f 741 740 739
f 718 491 492
f 719 718 492
f 719 492 739
f 719 739 740
f 718 464 491
f 721 495 465
f 723 495 721
f 497 495 723
f 725 497 723
f 499 497 725
f 727 499 725
f 727 742 499
f 742 501 499
f 742 743 501
f 501 743 503
f 743 744 503
f 503 744 505
f 745 506 505
f 745 505 746
f 746 505 744
f 746 747 745
f 750 749 748
f 749 752 751
f 748 749 751
f 752 754 753
f 751 752 753
f 754 730 728
f 754 728 753
f 753 728 755
f 728 731 755
f 731 756 755
f 731 733 756
f 733 757 756
f 733 734 757
f 734 758 757
f 509 735 508
f 509 758 735
f 758 734 735
f 736 508 735
f 511 508 736
f 736 468 511
f 737 516 489
f 516 737 738
f 516 738 517
f 517 738 759
f 761 741 739
f 760 761 739
f 739 519 760
f 492 519 739
f 745 524 506
f 747 524 745
f 747 762 524
f 762 525 524
f 762 763 525
f 525 763 527
f 764 528 527
f 764 527 765
f 765 527 763
f 765 766 764
f 769 768 767
f 768 771 770
f 767 768 770
f 771 750 748
f 771 748 770
f 770 748 772
f 748 751 772
f 751 773 772
f 751 753 773
f 753 774 773
f 753 755 774
f 755 775 774
f 531 756 530
f 531 775 756
f 775 755 756
f 757 530 756
f 533 530 757
f 758 533 757
f 535 533 758
f 758 509 535
f 759 776 517
f 776 538 517
f 760 540 541
f 760 541 761
f 761 541 777
f 760 519 540
f 764 542 528
f 766 542 764
f 766 778 542
f 778 543 542
f 778 779 543
f 543 779 544
f 544 779 780
f 545 544 780
f 783 782 781
f 782 769 767
f 782 767 781
f 781 767 784
f 767 770 784
f 770 785 784
f 770 772 785
f 772 786 785
f 772 773 786
f 773 787 786
f 548 774 547
f 548 787 774
f 787 773 774
f 775 547 774
f 550 547 775
f 775 531 550
f 555 788 789
f 554 788 555
f 788 554 538
f 776 788 538
f 777 541 790
f 790 541 557
f 793 791 792
f 560 792 791
f 560 559 792
f 559 794 792
f 794 559 545
f 780 794 545
f 797 796 795
f 796 783 781
f 796 781 795
f 795 781 798
f 799 800 798
f 799 798 784
f 784 798 781
f 802 799 784
f 802 784 801
f 801 784 785
f 785 786 801
f 786 803 801
f 563 787 562
f 563 803 787
f 803 786 787
f 787 548 562
f 789 804 555
f 804 569 555
f 572 806 805
f 571 572 805
f 805 557 571
f 790 557 805
f 575 807 808
f 574 807 575
f 807 574 809
f 574 576 809
f 791 793 809
f 791 809 577
f 577 809 576
f 791 577 560
f 797 795 810
f 795 798 811
f 810 795 811
f 814 811 798
f 814 798 812
f 800 813 798
f 813 812 798
f 813 802 801
f 813 801 812
f 812 801 815
f 801 803 815
f 803 816 815
f 578 803 563
f 578 817 803
f 817 816 803
f 578 580 817
f 586 818 819
f 585 818 586
f 818 585 569
f 804 818 569
f 806 572 820
f 820 572 588
f 590 821 822
f 589 821 590
f 821 589 575
f 808 821 575
f 814 812 823
f 825 823 812
f 825 812 824
f 824 812 815
f 815 816 824
f 816 826 824
f 816 817 826
f 817 827 826
f 591 817 580
f 591 828 817
f 828 827 817
f 591 593 828
f 600 829 830
f 599 829 600
f 829 599 586
f 819 829 586
f 820 588 831
f 831 588 602
f 822 603 590
f 832 603 822
f 832 833 603
f 603 833 604
f 604 833 834
f 605 604 834
f 825 824 835
f 824 826 836
f 835 824 836
f 838 836 826
f 838 826 837
f 837 826 827
f 827 828 837
f 828 839 837
f 606 828 593
f 606 840 828
f 840 839 828
f 607 840 606
f 841 840 607
f 607 609 841
f 615 842 616
f 615 618 842
f 619 843 620
f 621 843 619
f 844 843 621
f 621 623 844
f 847 845 846
f 627 846 845
f 627 626 846
f 626 848 846
f 848 626 600
f 830 848 600
f 831 602 628
f 849 831 628
f 849 628 850
f 628 629 850
f 852 630 851
f 852 850 630
f 850 629 630
f 630 631 851
f 834 632 605
f 853 632 834
f 854 633 632
f 854 632 855
f 855 632 853
f 855 856 854
f 838 837 857
f 837 839 858
f 857 837 858
f 839 840 859
f 858 839 859
f 840 841 860
f 859 840 860
f 841 609 634
f 841 634 860
f 860 634 861
f 861 634 862
f 634 635 862
f 862 635 863
f 635 636 863
f 863 636 864
f 636 637 864
f 864 637 865
f 637 638 865
f 865 638 866
f 638 639 866
f 866 639 867
f 639 640 867
f 616 842 868
f 616 868 640
f 640 868 867
f 842 618 641
f 842 641 868
f 868 641 869
f 620 843 870
f 620 870 641
f 641 870 869
f 843 844 871
f 870 843 871
f 844 623 642
f 844 642 871
f 871 642 872
f 872 642 873
f 642 643 873
f 845 847 873
f 845 873 644
f 644 873 643
f 845 644 627
f 875 852 851
f 874 875 851
f 851 645 874
f 631 645 851
f 854 646 633
f 854 647 646
f 854 877 647
f 854 856 877
f 876 647 877
f 647 876 648
f 879 875 874
f 878 879 874
f 874 649 878
f 645 649 874
f 652 880 653
f 652 655 880
f 656 881 657
f 658 881 656
f 882 881 658
f 882 658 660
f 885 883 884
f 662 884 883
f 662 661 884
f 661 886 884
f 886 661 887
f 661 663 887
f 876 877 887
f 876 887 664
f 664 887 663
f 876 664 648
f 879 878 888
f 878 649 665
f 878 665 888
f 888 665 889
f 889 665 890
f 665 666 890
f 890 666 891
f 666 667 891
f 891 667 892
f 667 668 892
f 892 668 893
f 668 669 893
f 653 880 894
f 653 894 669
f 669 894 893
f 880 655 670
f 880 670 894
f 894 670 895
f 657 881 896
f 657 896 670
f 670 896 895
f 881 882 897
f 896 881 897
f 883 885 897
f 883 897 671
f 882 660 897
f 660 671 897
f 883 671 662
f 900 899 898
f 899 902 901
f 898 899 901
f 902 903 901
f 906 905 904
f 905 908 907
f 904 905 907
f 908 910 909
f 907 908 909
f 910 912 911
f 909 910 911
f 912 913 911
f 916 915 914
f 915 918 917
f 914 915 917
f 918 920 919
f 917 918 919
f 920 921 919
f 924 923 922
f 923 926 925
f 922 923 925
f 926 928 927
f 925 926 927
f 928 930 929
f 927 928 929
f 930 932 931
f 929 930 931
f 932 934 933
f 931 932 933
f 934 900 898
f 934 898 933
f 933 898 935
f 898 901 935
f 901 936 935
f 903 938 937
f 903 937 901
f 901 937 936
f 938 906 904
f 938 904 937
f 937 904 939
f 674 907 673
f 674 939 907
f 939 904 907
f 909 673 907
f 676 673 909
f 911 676 909
f 678 676 911
f 913 678 911
f 913 940 678
f 940 680 678
f 940 941 680
f 680 941 682
f 942 683 682
f 942 682 943
f 943 682 941
f 943 916 914
f 943 914 942
f 942 914 944
f 914 917 944
f 917 945 944
f 917 919 945
f 919 946 945
f 921 948 947
f 921 947 919
f 919 947 946
f 948 950 949
f 947 948 949
f 950 952 951
f 949 950 951
f 952 953 951
f 686 955 954
f 685 686 954
f 956 687 685
f 956 685 957
f 957 685 954
f 957 959 958
f 956 957 958
f 959 960 958
f 963 962 961
f 962 965 964
f 961 962 964
f 965 924 922
f 965 922 964
f 964 922 966
f 922 925 966
f 925 967 966
f 925 927 967
f 927 968 967
f 927 929 968
f 929 969 968
f 690 931 689
f 690 969 931
f 969 929 931
f 933 689 931
f 692 689 933
f 935 692 933
f 694 692 935
f 936 694 935
f 696 694 936
f 937 696 936
f 698 696 937
f 939 698 937
f 700 698 939
f 939 674 700
f 942 704 683
f 944 704 942
f 706 704 944
f 945 706 944
f 708 706 945
f 946 708 945
f 710 708 946
f 947 710 946
f 712 710 947
f 949 712 947
f 714 712 949
f 951 714 949
f 716 714 951
f 716 951 953
f 716 953 717
f 717 953 970
f 973 972 971
f 972 719 971
f 972 955 719
f 955 686 719
f 956 720 687
f 958 720 956
f 722 720 958
f 960 722 958
f 960 974 722
f 974 724 722
f 974 975 724
f 724 975 726
f 976 727 726
f 976 726 977
f 977 726 975
f 977 979 978
f 976 977 978
f 979 980 978
f 983 982 981
f 982 985 984
f 981 982 984
f 985 987 986
f 984 985 986
f 987 963 961
f 987 961 986
f 986 961 988
f 961 964 988
f 964 989 988
f 964 966 989
f 966 990 989
f 966 967 990
f 967 991 990
f 730 968 729
f 730 991 968
f 991 967 968
f 969 729 968
f 732 729 969
f 969 690 732
f 970 992 717
f 992 738 717
f 971 740 741
f 971 741 973
f 973 741 993
f 971 719 740
f 976 742 727
f 978 742 976
f 743 742 978
f 980 743 978
f 980 994 743
f 994 744 743
f 994 995 744
f 744 995 746
f 996 747 746
f 996 746 997
f 997 746 995
f 997 998 996
f 1001 1000 999
f 1000 1003 1002
f 999 1000 1002
f 1003 983 981
f 1003 981 1002
f 1002 981 1004
f 981 984 1004
f 984 1005 1004
f 984 986 1005
f 986 1006 1005
f 986 988 1006
f 988 1007 1006
f 750 989 749
f 750 1007 989
f 1007 988 989
f 990 749 989
f 752 749 990
f 991 752 990
f 754 752 991
f 991 730 754
f 1010 1008 1009
f 1009 1008 759
f 1009 759 992
f 992 759 738
f 993 741 1011
f 1011 741 761
f 996 762 747
f 998 762 996
f 998 1012 762
f 1012 763 762
f 1012 1013 763
f 763 1013 765
f 1014 766 765
f 1014 765 1015
f 1015 765 1013
f 1015 1016 1014
f 1019 1018 1017
f 1018 1021 1020
f 1017 1018 1020
f 1021 1001 999
f 1021 999 1020
f 1020 999 1022
f 1023 1024 1022
f 1023 1022 1002
f 1002 1022 999
f 1026 1023 1002
f 1026 1002 1025
f 1025 1002 1004
f 1004 1005 1025
f 1005 1027 1025
f 769 1006 768
f 769 1027 1006
f 1027 1005 1006
f 1007 768 1006
f 771 768 1007
f 1007 750 771
f 1029 1008 1010
f 1028 1008 1029
f 1008 1028 776
f 759 1008 776
f 1011 761 1030
f 1030 761 777
f 1014 778 766
f 1016 778 1014
f 1016 1031 778
f 1031 779 778
f 779 1031 1032
f 780 779 1032
f 1034 1019 1017
f 1033 1034 1017
f 1017 1020 1033
f 1020 1035 1033
f 1020 1022 1035
f 1022 1036 1035
f 1024 1038 1037
f 1024 1037 1022
f 1022 1037 1036
f 1039 1040 1037
f 1039 1037 1025
f 1038 1026 1037
f 1026 1025 1037
f 1039 783 1041
f 1039 1027 783
f 1039 1025 1027
f 782 783 1027
f 1027 769 782
f 1044 1042 1043
f 1028 789 788
f 1029 789 1028
f 1029 1042 789
f 1029 1043 1042
f 1028 788 776
f 1030 777 1045
f 1045 777 790
f 1048 1046 1047
f 793 1047 1046
f 793 792 1047
f 792 1049 1047
f 1049 792 1050
f 792 794 1050
f 1050 794 780
f 1032 1050 780
f 1052 1034 1033
f 1051 1052 1033
f 1033 1035 1051
f 1035 1053 1051
f 1035 1036 1053
f 1036 1054 1053
f 1036 1037 1054
f 1037 1055 1054
f 1055 1037 796
f 1055 796 797
f 1037 1040 796
f 1056 796 1057
f 1040 1057 796
f 1056 783 796
f 1056 1058 783
f 1058 1041 783
f 799 1059 800
f 799 802 1059
f 1061 1042 1044
f 1060 1042 1061
f 1042 1060 804
f 789 1042 804
f 806 1063 1062
f 805 806 1062
f 1062 790 805
f 1045 790 1062
f 808 1064 1065
f 807 1064 808
f 1046 1048 1064
f 1046 1064 809
f 809 1064 807
f 1046 809 793
f 1052 1051 1066
f 1051 1053 1067
f 1066 1051 1067
f 1069 1067 1053
f 1069 1053 1068
f 1068 1053 1054
f 1054 1055 1068
f 1055 1070 1068
f 1057 1072 1056
f 1055 797 1071
f 1055 1071 1070
f 1071 797 810
f 1071 811 1073
f 1071 810 811
f 1056 1072 1058
f 800 1059 813
f 811 814 1073
f 1059 802 813
f 1076 1074 1075
f 1060 819 818
f 1061 819 1060
f 1061 1074 819
f 1061 1075 1074
f 1060 818 804
f 1063 806 1077
f 1077 806 820
f 821 1078 822
f 1078 821 808
f 1078 808 1079
f 1079 808 1065
f 1069 1068 1080
f 1068 1070 1081
f 1080 1068 1081
f 1083 1081 1070
f 1083 1070 1082
f 1082 1070 1071
f 1071 1073 1082
f 1073 1084 1082
f 823 1073 814
f 823 1085 1073
f 1085 1084 1073
f 823 825 1085
f 1088 1086 1087
f 1074 830 829
f 1076 830 1074
f 1076 1086 830
f 1076 1087 1086
f 1074 829 819
f 1077 820 1089
f 1089 820 831
f 1078 832 822
f 1079 832 1078
f 1079 1090 832
f 1090 833 832
f 833 1090 1091
f 834 833 1091
f 1093 1083 1082
f 1092 1093 1082
f 1082 1084 1092
f 1084 1094 1092
f 1084 1085 1094
f 1085 1095 1094
f 835 1085 825
f 835 1096 1085
f 1096 1095 1085
f 836 1096 835
f 1097 1096 836
f 836 838 1097
f 847 1098 1099
f 846 1098 847
f 1086 1088 1098
f 1086 1098 848
f 848 1098 846
f 1086 848 830
f 1089 831 849
f 1100 1089 849
f 1100 849 1101
f 849 850 1101
f 850 1102 1101
f 852 1102 850
f 1091 853 834
f 1103 853 1091
f 1105 1104 855
f 1105 855 1103
f 1103 855 853
f 855 1104 856
f 1093 1092 1106
f 1092 1094 1107
f 1106 1092 1107
f 1094 1095 1108
f 1107 1094 1108
f 1095 1096 1109
f 1108 1095 1109
f 1096 1097 1110
f 1109 1096 1110
f 1097 838 857
f 1097 857 1110
f 1110 857 1111
f 1111 857 1112
f 857 858 1112
f 1112 858 1113
f 858 859 1113
f 1115 860 1114
f 1115 1113 860
f 1113 859 860
f 1114 1116 1117
f 1114 860 1116
f 860 861 1116
f 1119 862 1118
f 1119 1116 862
f 1116 861 862
f 863 1118 862
f 1120 1118 863
f 864 1120 863
f 1121 1120 864
f 865 1121 864
f 1122 1121 865
f 866 1122 865
f 1123 1122 866
f 1123 1124 1125
f 1123 866 1124
f 866 867 1124
f 1124 867 1126
f 867 868 1126
f 1126 868 1127
f 868 869 1127
f 1127 869 1128
f 869 870 1128
f 1128 870 1129
f 870 871 1129
f 1129 871 1130
f 871 872 1130
f 1130 872 1131
f 872 873 1131
f 1131 873 847
f 1099 1131 847
f 1102 852 1132
f 1132 852 875
f 1105 1133 1104
f 1104 1133 1134
f 1104 1134 856
f 856 1134 877
f 1115 1114 1135
f 1114 1117 1135
f 1119 1118 1136
f 1118 1120 1137
f 1136 1118 1137
f 1120 1121 1138
f 1137 1120 1138
f 1121 1122 1139
f 1138 1121 1139
f 1141 1139 1122
f 1141 1122 1140
f 1140 1122 1123
f 1125 1142 1140
f 1123 1125 1140
f 1132 875 1143
f 1143 875 879
f 885 1144 1145
f 884 1144 885
f 1144 884 1146
f 884 886 1146
f 1146 886 1147
f 886 887 1147
f 1147 887 877
f 1134 1147 877
f 1141 1140 1148
f 1140 1142 1148
f 1143 879 888
f 1149 1143 888
f 1149 888 1150
f 888 889 1150
f 1150 889 1151
f 889 890 1151
f 1151 890 1152
f 890 891 1152
f 1152 891 1153
f 891 892 1153
f 1153 892 1154
f 892 893 1154
f 1154 893 1155
f 893 894 1155
f 1155 894 1156
f 894 895 1156
f 1156 895 1157
f 895 896 1157
f 1157 896 1158
f 896 897 1158
f 1158 897 885
f 1145 1158 885
f 1161 1160 1159
f 1160 1163 1162
f 1159 1160 1162
f 1163 1165 1164
f 1162 1163 1164
f 1165 1167 1166
f 1164 1165 1166
f 1167 1169 1168
f 1166 1167 1168
f 1169 1171 1170
f 1168 1169 1170
f 1171 1173 1172
f 1170 1171 1172
f 1173 1175 1174
f 1172 1173 1174
f 1175 1177 1176
f 1174 1175 1176
f 1177 1179 1178
f 1176 1177 1178
f 1179 1181 1180
f 1178 1179 1180
f 1181 1183 1182
f 1180 1181 1182
f 1183 1185 1184
f 1182 1183 1184
f 1185 1187 1186
f 1184 1185 1186
f 1187 1188 1186
f 1191 1190 1189
f 1190 1193 1192
f 1189 1190 1192
f 1193 1195 1194
f 1192 1193 1194
f 1195 1197 1196
f 1194 1195 1196
f 1197 1199 1198
f 1196 1197 1198
f 1199 1201 1200
f 1198 1199 1200
f 1201 1161 1159
f 1201 1159 1200
f 1200 1159 1202
f 1159 1162 1202
f 1162 1203 1202
f 1162 1164 1203
f 1164 1204 1203
f 1164 1166 1204
f 1166 1205 1204
f 900 1168 899
f 900 1205 1168
f 1205 1166 1168
f 1170 899 1168
f 902 899 1170
f 902 1206 903
f 902 1170 1206
f 1170 1172 1206
f 906 1174 905
f 906 1206 1174
f 1206 1172 1174
f 1176 905 1174
f 908 905 1176
f 1178 908 1176
f 910 908 1178
f 1180 910 1178
f 912 910 1180
f 912 1207 913
f 912 1180 1207
f 1180 1182 1207
f 1182 1184 1207
f 1184 1208 1207
f 1184 1186 1208
f 1186 1209 1208
f 1188 1210 915
f 1188 915 1209
f 1188 1209 1186
f 1209 915 916
f 1210 1211 915
f 915 1211 918
f 1211 1212 918
f 918 1212 920
f 1213 921 920
f 1213 920 1214
f 1214 920 1212
f 1214 1216 1215
f 1213 1214 1215
f 1216 1217 1215
f 1220 1219 1218
f 1219 1222 1221
f 1218 1219 1221
f 1222 1191 1189
f 1222 1189 1221
f 1221 1189 1223
f 1189 1192 1223
f 1192 1224 1223
f 1192 1194 1224
f 1194 1225 1224
f 1194 1196 1225
f 1196 1226 1225
f 924 1198 923
f 924 1226 1198
f 1226 1196 1198
f 1200 923 1198
f 926 923 1200
f 1202 926 1200
f 928 926 1202
f 1203 928 1202
f 930 928 1203
f 1204 930 1203
f 932 930 1204
f 1205 932 1204
f 934 932 1205
f 1205 900 934
f 1206 938 903
f 1206 906 938
f 1207 940 913
f 1208 940 1207
f 941 940 1208
f 1209 941 1208
f 943 941 1209
f 1209 916 943
f 1213 948 921
f 1215 948 1213
f 950 948 1215
f 1215 952 950
f 1215 1228 952
f 1215 1217 1228
f 1227 952 1228
f 952 1227 953
f 1231 1230 1229
f 955 1229 1230
f 955 1230 954
f 954 1230 1232
f 1232 1233 954
f 954 1233 957
f 1233 1234 957
f 957 1234 959
f 959 1234 1235
f 960 959 1235
f 1238 1237 1236
f 1237 1240 1239
f 1236 1237 1239
f 1240 1242 1241
f 1239 1240 1241
f 1242 1220 1218
f 1242 1218 1241
f 1241 1218 1243
f 1218 1221 1243
f 1221 1244 1243
f 1221 1223 1244
f 1223 1245 1244
f 1223 1224 1245
f 1224 1246 1245
f 963 1225 962
f 963 1246 1225
f 1246 1224 1225
f 1226 962 1225
f 965 962 1226
f 1226 924 965
f 1228 1247 1227
f 1227 1247 1248
f 1227 1248 953
f 953 1248 970
f 1229 972 973
f 1229 973 1231
f 1231 973 1249
f 1229 955 972
f 1235 974 960
f 1250 974 1235
f 1250 1251 974
f 974 1251 975
f 1251 1252 975
f 975 1252 977
f 1252 1253 977
f 977 1253 979
f 979 1253 1254
f 980 979 1254
f 1257 1256 1255
f 1256 1259 1258
f 1255 1256 1258
f 1260 1261 1258
f 1260 1258 1236
f 1259 1238 1258
f 1238 1236 1258
f 1263 1260 1236
f 1263 1236 1262
f 1262 1236 1239
f 1239 1241 1262
f 1241 1264 1262
f 1241 1243 1264
f 1243 1265 1264
f 983 1244 982
f 983 1265 1244
f 1265 1243 1244
f 1245 982 1244
f 985 982 1245
f 1246 985 1245
f 987 985 1246
f 1246 963 987
f 1268 1266 1267
f 1267 1266 992
f 1267 992 1248
f 1248 992 970
f 1249 973 1269
f 1269 973 993
f 1254 994 980
f 1270 994 1254
f 1270 1271 994
f 994 1271 995
f 1271 1272 995
f 995 1272 997
f 1273 998 997
f 1273 997 1274
f 1274 997 1272
f 1274 1275 1273
f 1278 1277 1276
f 1277 1280 1279
f 1276 1277 1279
f 1280 1257 1255
f 1280 1255 1279
f 1279 1255 1281
f 1255 1258 1281
f 1258 1282 1281
f 1261 1284 1283
f 1261 1283 1258
f 1258 1283 1282
f 1284 1263 1262
f 1284 1262 1283
f 1283 1262 1285
f 1001 1264 1000
f 1001 1285 1264
f 1285 1262 1264
f 1265 1000 1264
f 1003 1000 1265
f 1265 983 1003
f 1266 1010 1009
f 1266 1268 1010
f 1268 1286 1010
f 1266 1009 992
f 1269 993 1287
f 1287 993 1011
f 1273 1012 998
f 1275 1012 1273
f 1275 1288 1012
f 1288 1013 1012
f 1288 1289 1013
f 1013 1289 1015
f 1015 1289 1290
f 1016 1015 1290
f 1292 1278 1276
f 1291 1292 1276
f 1276 1279 1291
f 1279 1293 1291
f 1279 1281 1293
f 1281 1294 1293
f 1281 1282 1294
f 1282 1295 1294
f 1019 1283 1018
f 1019 1295 1283
f 1295 1282 1283
f 1285 1018 1283
f 1021 1018 1285
f 1285 1001 1021
f 1023 1296 1024
f 1023 1026 1296
f 1286 1297 1010
f 1297 1029 1010
f 1300 1299 1298
f 1299 1030 1298
f 1299 1287 1030
f 1287 1011 1030
f 1031 1302 1301
f 1031 1016 1302
f 1016 1290 1302
f 1031 1301 1032
f 1304 1292 1291
f 1303 1304 1291
f 1291 1293 1303
f 1293 1305 1303
f 1293 1294 1305
f 1294 1306 1305
f 1294 1295 1306
f 1295 1307 1306
f 1295 1034 1307
f 1019 1034 1295
f 1310 1308 1309
f 1309 1308 1311
f 1024 1296 1038
f 1038 1296 1026
f 1040 1039 1312
f 1039 1041 1312
f 1044 1313 1314
f 1043 1313 1044
f 1313 1043 1029
f 1297 1313 1029
f 1316 1300 1298
f 1315 1316 1298
f 1298 1045 1315
f 1030 1045 1298
f 1048 1317 1318
f 1047 1317 1048
f 1317 1047 1319
f 1047 1049 1319
f 1301 1302 1319
f 1301 1319 1050
f 1050 1319 1049
f 1301 1050 1032
f 1304 1303 1320
f 1322 1320 1303
f 1322 1303 1321
f 1321 1303 1305
f 1305 1306 1321
f 1306 1323 1321
f 1306 1307 1323
f 1307 1324 1323
f 1307 1052 1324
f 1034 1052 1307
f 1310 1325 1308
f 1308 1325 1311
f 1326 1040 1312
f 1057 1040 1326
f 1312 1058 1326
f 1041 1058 1312
f 1314 1327 1044
f 1327 1061 1044
f 1330 1329 1328
f 1315 1062 1063
f 1316 1315 1063
f 1316 1063 1328
f 1316 1328 1329
f 1315 1045 1062
f 1333 1331 1332
f 1332 1334 1335
f 1331 1334 1332
f 1065 1335 1334
f 1065 1064 1335
f 1064 1336 1335
f 1336 1064 1048
f 1318 1336 1048
f 1322 1321 1337
f 1339 1337 1321
f 1339 1321 1338
f 1338 1321 1323
f 1323 1324 1338
f 1324 1340 1338
f 1066 1324 1052
f 1066 1341 1324
f 1341 1340 1324
f 1067 1341 1066
f 1342 1341 1067
f 1067 1069 1342
f 1345 1343 1344
f 1344 1343 1346
f 1057 1326 1072
f 1326 1058 1072
f 1076 1347 1348
f 1075 1347 1076
f 1347 1075 1061
f 1327 1347 1061
f 1350 1330 1328
f 1349 1350 1328
f 1328 1077 1349
f 1063 1077 1328
f 1333 1351 1331
f 1331 1352 1334
f 1351 1352 1331
f 1334 1352 1353
f 1334 1353 1065
f 1065 1353 1079
f 1339 1338 1354
f 1338 1340 1355
f 1354 1338 1355
f 1357 1355 1340
f 1357 1340 1356
f 1356 1340 1341
f 1341 1342 1356
f 1342 1358 1356
f 1080 1342 1069
f 1080 1359 1342
f 1359 1358 1342
f 1081 1359 1080
f 1081 1360 1359
f 1361 1343 1345
f 1361 1346 1343
f 1360 1081 1083
f 1087 1362 1088
f 1362 1087 1076
f 1362 1076 1363
f 1363 1076 1348
f 1365 1350 1349
f 1364 1365 1349
f 1349 1089 1364
f 1077 1089 1349
f 1090 1367 1366
f 1090 1079 1367
f 1079 1353 1367
f 1090 1366 1091
f 1357 1356 1368
f 1370 1368 1356
f 1370 1356 1369
f 1369 1356 1358
f 1358 1359 1369
f 1359 1371 1369
f 1372 1373 1371
f 1372 1371 1360
f 1360 1371 1359
f 1360 1374 1372
f 1360 1083 1374
f 1083 1093 1374
f 1099 1375 1376
f 1098 1375 1099
f 1088 1362 1377
f 1088 1377 1098
f 1098 1377 1375
f 1362 1363 1377
f 1379 1365 1364
f 1378 1379 1364
f 1089 1378 1364
f 1089 1380 1378
f 1089 1100 1380
f 1381 1378 1380
f 1380 1100 1382
f 1100 1101 1382
f 1101 1383 1382
f 1102 1383 1101
f 1367 1384 1366
f 1366 1103 1091
f 1366 1384 1103
f 1384 1385 1103
f 1103 1385 1386
f 1105 1103 1386
f 1370 1369 1387
f 1369 1371 1388
f 1387 1369 1388
f 1371 1373 1388
f 1374 1093 1106
f 1389 1374 1106
f 1389 1106 1390
f 1106 1107 1390
f 1390 1107 1391
f 1107 1108 1391
f 1391 1108 1392
f 1108 1109 1392
f 1394 1110 1393
f 1394 1392 1110
f 1392 1109 1110
f 1111 1393 1110
f 1395 1393 1111
f 1112 1395 1111
f 1396 1395 1112
f 1113 1396 1112
f 1397 1396 1113
f 1113 1115 1397
f 1116 1398 1117
f 1116 1119 1398
f 1124 1399 1125
f 1126 1399 1124
f 1400 1399 1126
f 1127 1400 1126
f 1401 1400 1127
f 1401 1402 1403
f 1401 1127 1402
f 1127 1128 1402
f 1405 1129 1404
f 1405 1402 1129
f 1402 1128 1129
f 1404 1406 1407
f 1404 1129 1406
f 1129 1130 1406
f 1406 1130 1408
f 1130 1131 1408
f 1408 1131 1099
f 1376 1408 1099
f 1379 1378 1409
f 1378 1381 1409
f 1383 1102 1410
f 1410 1102 1132
f 1386 1133 1105
f 1411 1133 1386
f 1133 1411 1412
f 1134 1133 1412
f 1394 1393 1413
f 1393 1395 1414
f 1413 1393 1414
f 1395 1396 1415
f 1414 1395 1415
f 1396 1397 1416
f 1415 1396 1416
f 1418 1135 1417
f 1416 1135 1418
f 1416 1115 1135
f 1416 1397 1115
f 1117 1417 1135
f 1117 1398 1417
f 1398 1419 1417
f 1136 1398 1119
f 1136 1420 1398
f 1420 1419 1398
f 1137 1420 1136
f 1421 1420 1137
f 1138 1421 1137
f 1422 1421 1138
f 1139 1422 1138
f 1423 1422 1139
f 1423 1139 1141
f 1426 1424 1425
f 1424 1427 1425
f 1424 1125 1427
f 1424 1142 1125
f 1399 1427 1125
f 1399 1400 1428
f 1427 1399 1428
f 1400 1401 1429
f 1428 1400 1429
f 1401 1403 1429
f 1405 1404 1430
f 1404 1407 1430
f 1433 1432 1431
f 1432 1143 1431
f 1432 1410 1143
f 1410 1132 1143
f 1145 1434 1435
f 1144 1434 1145
f 1434 1144 1436
f 1144 1146 1436
f 1436 1146 1437
f 1146 1147 1437
f 1437 1147 1134
f 1412 1437 1134
f 1418 1417 1438
f 1417 1419 1439
f 1438 1417 1439
f 1419 1420 1440
f 1439 1419 1440
f 1420 1421 1441
f 1440 1420 1441
f 1421 1422 1442
f 1441 1421 1442
f 1422 1423 1443
f 1442 1422 1443
f 1424 1426 1443
f 1424 1443 1148
f 1423 1141 1443
f 1141 1148 1443
f 1424 1148 1142
f 1433 1431 1444
f 1431 1143 1149
f 1431 1149 1444
f 1444 1149 1445
f 1445 1149 1446
f 1149 1150 1446
f 1446 1150 1447
f 1150 1151 1447
f 1447 1151 1448
f 1151 1152 1448
f 1448 1152 1449
f 1152 1153 1449
f 1449 1153 1450
f 1153 1154 1450
f 1450 1154 1451
f 1154 1155 1451
f 1451 1155 1452
f 1155 1156 1452
f 1452 1156 1453
f 1156 1157 1453
f 1453 1157 1454
f 1157 1158 1454
f 1454 1158 1145
f 1435 1454 1145
f 1457 1456 1455
f 1456 1459 1458
f 1455 1456 1458
f 1459 1461 1460
f 1458 1459 1460
f 1461 1463 1462
f 1460 1461 1462
f 1463 1465 1464
f 1462 1463 1464
f 1465 1467 1466
f 1464 1465 1466
f 1467 1469 1468
f 1466 1467 1468
f 1469 1471 1470
f 1468 1469 1470
f 1471 1473 1472
f 1470 1471 1472
f 1473 1475 1474
f 1472 1473 1474
f 1475 1477 1476
f 1474 1475 1476
f 1477 1479 1478
f 1476 1477 1478
f 1479 1481 1480
f 1478 1479 1480
f 1481 1483 1482
f 1480 1481 1482
f 1483 1485 1484
f 1482 1483 1484
f 1485 1487 1486
f 1484 1485 1486
f 1487 1488 1486
f 1491 1490 1489
f 1490 1493 1492
f 1489 1490 1492
f 1493 1495 1494
f 1492 1493 1494
f 1495 1497 1496
f 1494 1495 1496
f 1497 1499 1498
f 1496 1497 1498
f 1499 1501 1500
f 1498 1499 1500
f 1501 1457 1455
f 1501 1455 1500
f 1500 1455 1502
f 1455 1458 1502
f 1458 1503 1502
f 1458 1460 1503
f 1460 1504 1503
f 1460 1462 1504
f 1462 1505 1504
f 1161 1464 1160
f 1161 1505 1464
f 1505 1462 1464
f 1466 1160 1464
f 1163 1160 1466
f 1468 1163 1466
f 1165 1163 1468
f 1470 1165 1468
f 1167 1165 1470
f 1472 1167 1470
f 1169 1167 1472
f 1474 1169 1472
f 1171 1169 1474
f 1476 1171 1474
f 1173 1171 1476
f 1478 1173 1476
f 1175 1173 1478
f 1480 1175 1478
f 1177 1175 1480
f 1482 1177 1480
f 1179 1177 1482
f 1484 1179 1482
f 1181 1179 1484
f 1486 1181 1484
f 1183 1181 1486
f 1488 1183 1486
f 1488 1506 1183
f 1506 1185 1183
f 1506 1507 1185
f 1185 1507 1187
f 1508 1188 1187
f 1508 1187 1509
f 1509 1187 1507
f 1509 1511 1510
f 1508 1509 1510
f 1511 1513 1512
f 1510 1511 1512
f 1513 1515 1514
f 1512 1513 1514
f 1515 1517 1516
f 1514 1515 1516
f 1517 1518 1516
f 1521 1520 1519
f 1520 1523 1522
f 1519 1520 1522
f 1523 1491 1489
f 1523 1489 1522
f 1522 1489 1524
f 1489 1492 1524
f 1492 1525 1524
f 1492 1494 1525
f 1494 1526 1525
f 1494 1496 1526
f 1496 1527 1526
f 1191 1498 1190
f 1191 1527 1498
f 1527 1496 1498
f 1500 1190 1498
f 1193 1190 1500
f 1502 1193 1500
f 1195 1193 1502
f 1503 1195 1502
f 1197 1195 1503
f 1504 1197 1503
f 1199 1197 1504
f 1505 1199 1504
f 1201 1199 1505
f 1505 1161 1201
f 1508 1210 1188
f 1510 1210 1508
f 1211 1210 1510
f 1512 1211 1510
f 1212 1211 1512
f 1514 1212 1512
f 1214 1212 1514
f 1516 1214 1514
f 1516 1216 1214
f 1528 1529 1530
f 1216 1516 1518
f 1216 1518 1217
f 1529 1528 1518
f 1528 1217 1518
f 1533 1532 1531
f 1532 1534 1531
f 1537 1536 1535
f 1536 1539 1538
f 1535 1536 1538
f 1539 1541 1540
f 1538 1539 1540
f 1541 1521 1519
f 1541 1519 1540
f 1540 1519 1542
f 1519 1522 1542
f 1522 1543 1542
f 1522 1524 1543
f 1524 1544 1543
f 1524 1525 1544
f 1525 1545 1544
f 1220 1526 1219
f 1220 1545 1526
f 1545 1525 1526
f 1527 1219 1526
f 1222 1219 1527
f 1527 1191 1222
f 1530 1546 1528
f 1528 1228 1217
f 1528 1548 1228
f 1528 1546 1548
f 1548 1547 1228
f 1548 1549 1547
f 1531 1230 1231
f 1531 1231 1533
f 1533 1231 1550
f 1534 1230 1531
f 1534 1551 1230
f 1551 1232 1230
f 1551 1552 1232
f 1232 1552 1233
f 1552 1553 1233
f 1233 1553 1234
f 1554 1235 1234
f 1554 1234 1555
f 1555 1234 1553
f 1555 1556 1554
f 1559 1558 1557
f 1558 1561 1560
f 1557 1558 1560
f 1561 1537 1535
f 1561 1535 1560
f 1560 1535 1562
f 1535 1538 1562
f 1538 1563 1562
f 1538 1540 1563
f 1540 1564 1563
f 1540 1542 1564
f 1542 1565 1564
f 1238 1543 1237
f 1238 1565 1543
f 1565 1542 1543
f 1544 1237 1543
f 1240 1237 1544
f 1545 1240 1544
f 1242 1240 1545
f 1545 1220 1242
f 1567 1568 1566
f 1547 1247 1228
f 1547 1248 1247
f 1547 1569 1248
f 1547 1549 1569
f 1570 1569 1549
f 1567 1566 1571
f 1570 1249 1569
f 1570 1550 1249
f 1550 1231 1249
f 1554 1250 1235
f 1556 1250 1554
f 1556 1572 1250
f 1572 1251 1250
f 1572 1573 1251
f 1251 1573 1252
f 1573 1574 1252
f 1252 1574 1253
f 1575 1254 1253
f 1575 1253 1576
f 1576 1253 1574
f 1576 1578 1577
f 1575 1576 1577
f 1578 1579 1577
f 1582 1581 1580
f 1581 1584 1583
f 1580 1581 1583
f 1584 1559 1557
f 1584 1557 1583
f 1583 1557 1585
f 1557 1560 1585
f 1560 1586 1585
f 1560 1562 1586
f 1562 1587 1586
f 1562 1563 1587
f 1563 1588 1587
f 1590 1591 1589
f 1564 1256 1588
f 1564 1588 1563
f 1588 1256 1257
f 1256 1565 1259
f 1256 1564 1565
f 1590 1589 1592
f 1259 1565 1238
f 1261 1260 1593
f 1260 1263 1593
f 1566 1268 1267
f 1566 1568 1268
f 1568 1594 1268
f 1569 1595 1267
f 1569 1267 1248
f 1595 1596 1267
f 1566 1267 1571
f 1596 1571 1267
f 1569 1269 1595
f 1249 1269 1569
f 1575 1270 1254
f 1577 1270 1575
f 1271 1270 1577
f 1579 1271 1577
f 1579 1597 1271
f 1597 1272 1271
f 1597 1598 1272
f 1272 1598 1274
f 1274 1598 1599
f 1275 1274 1599
f 1601 1582 1580
f 1600 1601 1580
f 1580 1583 1600
f 1583 1602 1600
f 1583 1585 1602
f 1585 1603 1602
f 1585 1586 1603
f 1586 1604 1603
f 1278 1587 1277
f 1278 1604 1587
f 1604 1586 1587
f 1588 1277 1587
f 1280 1277 1588
f 1591 1605 1589
f 1588 1257 1280
f 1589 1605 1592
f 1593 1284 1261
f 1593 1263 1284
f 1594 1606 1268
f 1606 1286 1268
f 1608 1596 1595
f 1607 1608 1595
f 1595 1287 1607
f 1269 1287 1595
f 1599 1288 1275
f 1609 1288 1599
f 1611 1610 1289
f 1611 1289 1609
f 1609 1289 1288
f 1289 1610 1290
f 1613 1601 1600
f 1612 1613 1600
f 1600 1602 1612
f 1602 1614 1612
f 1602 1603 1614
f 1603 1615 1614
f 1603 1604 1615
f 1604 1616 1615
f 1604 1292 1616
f 1278 1292 1604
f 1606 1617 1286
f 1617 1297 1286
f 1607 1299 1300
f 1607 1300 1608
f 1608 1300 1618
f 1607 1287 1299
f 1620 1610 1611
f 1619 1610 1620
f 1610 1619 1302
f 1290 1610 1302
f 1613 1612 1621
f 1623 1621 1612
f 1623 1612 1622
f 1622 1612 1614
f 1614 1615 1622
f 1615 1624 1622
f 1615 1616 1624
f 1616 1625 1624
f 1616 1304 1625
f 1292 1304 1616
f 1309 1626 1310
f 1309 1311 1626
f 1314 1627 1628
f 1313 1627 1314
f 1627 1313 1297
f 1617 1627 1297
f 1618 1300 1629
f 1629 1300 1316
f 1632 1630 1631
f 1318 1631 1630
f 1318 1317 1631
f 1317 1633 1631
f 1619 1620 1633
f 1619 1633 1319
f 1319 1633 1317
f 1619 1319 1302
f 1623 1622 1634
f 1636 1634 1622
f 1636 1622 1635
f 1635 1622 1624
f 1624 1625 1635
f 1625 1637 1635
f 1320 1625 1304
f 1320 1638 1625
f 1638 1637 1625
f 1320 1322 1638
f 1626 1325 1310
f 1626 1311 1325
f 1628 1639 1314
f 1639 1327 1314
f 1329 1330 1640
f 1640 1316 1329
f 1640 1641 1316
f 1641 1629 1316
f 1333 1642 1643
f 1332 1642 1333
f 1642 1332 1644
f 1332 1335 1644
f 1630 1632 1644
f 1630 1644 1336
f 1336 1644 1335
f 1630 1336 1318
f 1646 1636 1635
f 1645 1646 1635
f 1635 1637 1645
f 1637 1647 1645
f 1637 1638 1647
f 1638 1648 1647
f 1337 1638 1322
f 1337 1649 1638
f 1649 1648 1638
f 1337 1339 1649
f 1344 1650 1345
f 1344 1346 1650
f 1348 1651 1652
f 1347 1651 1348
f 1651 1347 1327
f 1639 1651 1327
f 1653 1640 1330
f 1653 1330 1654
f 1654 1330 1350
f 1640 1653 1641
f 1643 1351 1333
f 1655 1351 1643
f 1657 1656 1352
f 1657 1352 1655
f 1655 1352 1351
f 1352 1656 1353
f 1646 1645 1658
f 1645 1647 1659
f 1658 1645 1659
f 1647 1648 1660
f 1659 1647 1660
f 1662 1660 1648
f 1662 1648 1661
f 1661 1648 1649
f 1354 1649 1339
f 1354 1663 1649
f 1663 1661 1649
f 1355 1663 1354
f 1664 1663 1355
f 1355 1357 1664
f 1650 1361 1345
f 1650 1346 1361
f 1652 1665 1348
f 1665 1363 1348
f 1654 1350 1666
f 1666 1350 1365
f 1657 1667 1656
f 1656 1667 1668
f 1656 1668 1353
f 1353 1668 1367
f 1662 1661 1669
f 1671 1669 1661
f 1671 1661 1670
f 1670 1661 1663
f 1663 1664 1670
f 1664 1672 1670
f 1368 1664 1357
f 1368 1673 1664
f 1673 1672 1664
f 1368 1370 1673
f 1372 1674 1373
f 1372 1374 1674
f 1376 1675 1676
f 1375 1675 1376
f 1675 1375 1677
f 1375 1377 1677
f 1677 1377 1363
f 1665 1677 1363
f 1666 1365 1678
f 1678 1365 1379
f 1381 1679 1680
f 1380 1679 1381
f 1682 1382 1681
f 1682 1679 1382
f 1679 1380 1382
f 1382 1383 1681
f 1668 1384 1367
f 1683 1384 1668
f 1683 1684 1384
f 1384 1684 1385
f 1385 1684 1685
f 1386 1385 1685
f 1671 1670 1686
f 1670 1672 1687
f 1686 1670 1687
f 1672 1673 1688
f 1687 1672 1688
f 1673 1370 1387
f 1673 1387 1688
f 1688 1387 1689
f 1689 1387 1690
f 1387 1388 1690
f 1373 1674 1691
f 1373 1691 1388
f 1388 1691 1690
f 1693 1389 1692
f 1691 1389 1693
f 1691 1374 1389
f 1691 1674 1374
f 1390 1692 1389
f 1694 1692 1390
f 1391 1694 1390
f 1695 1694 1391
f 1392 1695 1391
f 1696 1695 1392
f 1392 1394 1696
f 1402 1697 1403
f 1402 1405 1697
f 1407 1698 1699
f 1406 1698 1407
f 1698 1406 1700
f 1406 1408 1700
f 1700 1408 1376
f 1676 1700 1376
f 1678 1379 1409
f 1701 1678 1409
f 1701 1409 1381
f 1680 1701 1381
f 1703 1682 1681
f 1702 1703 1681
f 1681 1410 1702
f 1383 1410 1681
f 1411 1705 1704
f 1411 1386 1705
f 1386 1685 1705
f 1411 1704 1412
f 1693 1692 1706
f 1692 1694 1707
f 1706 1692 1707
f 1694 1695 1708
f 1707 1694 1708
f 1695 1696 1709
f 1708 1695 1709
f 1711 1413 1710
f 1709 1413 1711
f 1709 1394 1413
f 1709 1696 1394
f 1414 1710 1413
f 1712 1710 1414
f 1415 1712 1414
f 1713 1712 1415
f 1416 1713 1415
f 1714 1713 1416
f 1416 1418 1714
f 1426 1715 1716
f 1425 1715 1426
f 1715 1425 1717
f 1425 1427 1717
f 1717 1427 1718
f 1427 1428 1718
f 1718 1428 1719
f 1428 1429 1719
f 1403 1697 1720
f 1403 1720 1429
f 1429 1720 1719
f 1697 1405 1430
f 1697 1430 1720
f 1720 1430 1721
f 1721 1430 1407
f 1699 1721 1407
f 1702 1432 1433
f 1702 1433 1703
f 1703 1433 1722
f 1702 1410 1432
f 1435 1723 1724
f 1434 1723 1435
f 1723 1434 1725
f 1434 1436 1725
f 1704 1705 1725
f 1704 1725 1437
f 1437 1725 1436
f 1704 1437 1412
f 1711 1710 1726
f 1710 1712 1727
f 1726 1710 1727
f 1712 1713 1728
f 1727 1712 1728
f 1713 1714 1729
f 1728 1713 1729
f 1714 1418 1438
f 1714 1438 1729
f 1729 1438 1730
f 1730 1438 1731
f 1438 1439 1731
f 1731 1439 1732
f 1439 1440 1732
f 1732 1440 1733
f 1440 1441 1733
f 1735 1442 1734
f 1735 1733 1442
f 1733 1441 1442
f 1734 1736 1737
f 1734 1442 1736
f 1442 1443 1736
f 1736 1443 1426
f 1716 1736 1426
f 1722 1433 1444
f 1738 1722 1444
f 1738 1444 1739
f 1444 1445 1739
f 1739 1445 1740
f 1445 1446 1740
f 1740 1446 1741
f 1446 1447 1741
f 1741 1447 1742
f 1447 1448 1742
f 1742 1448 1743
f 1448 1449 1743
f 1743 1449 1744
f 1449 1450 1744
f 1744 1450 1745
f 1450 1451 1745
f 1745 1451 1746
f 1451 1452 1746
f 1746 1452 1747
f 1452 1453 1747
f 1747 1453 1748
f 1453 1454 1748
f 1748 1454 1435
f 1724 1748 1435
f 1735 1734 1749
f 1734 1737 1749
f 1752 1751 1750
f 1751 1754 1753
f 1750 1751 1753
f 1754 1756 1755
f 1753 1754 1755
f 1756 1758 1757
f 1755 1756 1757
f 1758 1760 1759
f 1757 1758 1759
f 1760 1762 1761
f 1759 1760 1761
f 1762 1764 1763
f 1761 1762 1763
f 1764 1766 1765
f 1763 1764 1765
f 1766 1768 1767
f 1765 1766 1767
f 1768 1770 1769
f 1767 1768 1769
f 1770 1772 1771
f 1769 1770 1771
f 1772 1774 1773
f 1771 1772 1773
f 1774 1776 1775
f 1773 1774 1775
f 1776 1778 1777
f 1775 1776 1777
f 1778 1780 1779
f 1777 1778 1779
f 1780 1782 1781
f 1779 1780 1781
f 1782 1784 1783
f 1781 1782 1783
f 1784 1786 1785
f 1783 1784 1785
f 1786 1787 1785
f 1790 1789 1788
f 1789 1792 1791
f 1788 1789 1791
f 1792 1794 1793
f 1791 1792 1793
f 1794 1796 1795
f 1793 1794 1795
f 1796 1798 1797
f 1795 1796 1797
f 1798 1752 1750
f 1798 1750 1797
f 1797 1750 1799
f 1750 1753 1799
f 1753 1800 1799
f 1753 1755 1800
f 1755 1801 1800
f 1755 1757 1801
f 1757 1802 1801
f 1457 1759 1456
f 1457 1802 1759
f 1802 1757 1759
f 1761 1456 1759
f 1459 1456 1761
f 1763 1459 1761
f 1461 1459 1763
f 1765 1461 1763
f 1463 1461 1765
f 1767 1463 1765
f 1465 1463 1767
f 1769 1465 1767
f 1467 1465 1769
f 1771 1467 1769
f 1469 1467 1771
f 1773 1469 1771
f 1471 1469 1773
f 1775 1471 1773
f 1473 1471 1775
f 1777 1473 1775
f 1475 1473 1777
f 1779 1475 1777
f 1477 1475 1779
f 1781 1477 1779
f 1479 1477 1781
f 1783 1479 1781
f 1481 1479 1783
f 1785 1481 1783
f 1483 1481 1785
f 1787 1483 1785
f 1787 1803 1483
f 1803 1485 1483
f 1803 1804 1485
f 1485 1804 1487
f 1805 1488 1487
f 1805 1487 1806
f 1806 1487 1804
f 1806 1808 1807
f 1805 1806 1807
f 1808 1810 1809
f 1807 1808 1809
f 1810 1812 1811
f 1809 1810 1811
f 1812 1813 1811
f 1816 1815 1814
f 1815 1818 1817
f 1814 1815 1817
f 1818 1820 1819
f 1817 1818 1819
f 1820 1790 1788
f 1820 1788 1819
f 1819 1788 1821
f 1788 1791 1821
f 1791 1822 1821
f 1791 1793 1822
f 1793 1823 1822
f 1491 1795 1490
f 1491 1823 1795
f 1823 1793 1795
f 1797 1490 1795
f 1493 1490 1797
f 1799 1493 1797
f 1495 1493 1799
f 1800 1495 1799
f 1497 1495 1800
f 1801 1497 1800
f 1499 1497 1801
f 1802 1499 1801
f 1501 1499 1802
f 1802 1457 1501
f 1805 1506 1488
f 1807 1506 1805
f 1507 1506 1807
f 1809 1507 1807
f 1509 1507 1809
f 1811 1509 1809
f 1511 1509 1811
f 1813 1511 1811
f 1813 1824 1511
f 1824 1513 1511
f 1824 1825 1513
f 1513 1825 1515
f 1827 1826 1517
f 1827 1517 1825
f 1825 1517 1515
f 1517 1826 1518
f 1830 1829 1828
f 1829 1832 1831
f 1828 1829 1831
f 1832 1816 1814
f 1832 1814 1831
f 1831 1814 1833
f 1814 1817 1833
f 1817 1834 1833
f 1817 1819 1834
f 1819 1835 1834
f 1819 1821 1835
f 1821 1836 1835
f 1521 1822 1520
f 1521 1836 1822
f 1836 1821 1822
f 1823 1520 1822
f 1523 1520 1823
f 1823 1491 1523
f 1826 1530 1529
f 1826 1827 1530
f 1827 1837 1530
f 1826 1529 1518
f 1533 1839 1838
f 1532 1533 1838
f 1840 1534 1532
f 1840 1532 1841
f 1841 1532 1838
f 1841 1843 1842
f 1840 1841 1842
f 1843 1844 1842
f 1847 1846 1845
f 1846 1849 1848
f 1845 1846 1848
f 1849 1851 1850
f 1848 1849 1850
f 1851 1830 1828
f 1851 1828 1850
f 1850 1828 1852
f 1828 1831 1852
f 1831 1853 1852
f 1831 1833 1853
f 1833 1854 1853
f 1537 1834 1536
f 1537 1854 1834
f 1854 1833 1834
f 1835 1536 1834
f 1539 1536 1835
f 1836 1539 1835
f 1541 1539 1836
f 1836 1521 1541
f 1837 1546 1530
f 1855 1546 1837
f 1857 1856 1548
f 1857 1548 1855
f 1855 1548 1546
f 1858 1549 1548
f 1858 1548 1859
f 1856 1860 1548
f 1860 1859 1548
f 1859 1550 1858
f 1859 1839 1550
f 1839 1533 1550
f 1840 1551 1534
f 1842 1551 1840
f 1552 1551 1842
f 1844 1552 1842
f 1844 1861 1552
f 1861 1553 1552
f 1861 1862 1553
f 1553 1862 1555
f 1863 1556 1555
f 1863 1555 1864
f 1864 1555 1862
f 1864 1866 1865
f 1863 1864 1865
f 1866 1867 1865
f 1870 1869 1868
f 1869 1872 1871
f 1868 1869 1871
f 1872 1847 1845
f 1872 1845 1871
f 1871 1845 1873
f 1845 1848 1873
f 1848 1874 1873
f 1848 1850 1874
f 1850 1875 1874
f 1850 1852 1875
f 1852 1876 1875
f 1559 1853 1558
f 1559 1876 1853
f 1876 1852 1853
f 1854 1558 1853
f 1561 1558 1854
f 1854 1537 1561
f 1856 1568 1567
f 1856 1857 1568
f 1857 1877 1568
f 1858 1570 1549
f 1860 1856 1571
f 1860 1571 1878
f 1571 1856 1567
f 1858 1550 1570
f 1863 1572 1556
f 1865 1572 1863
f 1573 1572 1865
f 1867 1573 1865
f 1867 1879 1573
f 1879 1574 1573
f 1879 1880 1574
f 1574 1880 1576
f 1882 1881 1578
f 1882 1578 1880
f 1880 1578 1576
f 1578 1881 1579
f 1884 1870 1868
f 1883 1884 1868
f 1868 1871 1883
f 1871 1885 1883
f 1871 1873 1885
f 1873 1886 1885
f 1873 1874 1886
f 1874 1887 1886
f 1582 1875 1581
f 1582 1887 1875
f 1887 1874 1875
f 1876 1581 1875
f 1584 1581 1876
f 1876 1559 1584
f 1590 1888 1591
f 1590 1592 1888
f 1877 1889 1568
f 1889 1594 1568
f 1878 1571 1890
f 1890 1571 1596
f 1882 1891 1881
f 1881 1597 1579
f 1881 1891 1597
f 1891 1892 1597
f 1892 1893 1597
f 1597 1893 1598
f 1598 1893 1894
f 1599 1598 1894
f 1896 1884 1883
f 1895 1896 1883
f 1883 1885 1895
f 1885 1897 1895
f 1885 1886 1897
f 1886 1898 1897
f 1886 1887 1898
f 1887 1899 1898
f 1887 1601 1899
f 1582 1601 1887
f 1888 1605 1591
f 1888 1592 1605
f 1889 1900 1594
f 1900 1606 1594
f 1890 1596 1901
f 1901 1596 1608
f 1894 1609 1599
f 1902 1609 1894
f 1609 1902 1903
f 1611 1609 1903
f 1905 1896 1895
f 1904 1905 1895
f 1895 1897 1904
f 1897 1906 1904
f 1897 1898 1906
f 1898 1907 1906
f 1898 1899 1907
f 1899 1908 1907
f 1899 1613 1908
f 1601 1613 1899
f 1911 1909 1910
f 1910 1909 1617
f 1910 1617 1900
f 1900 1617 1606
f 1901 1608 1912
f 1912 1608 1618
f 1903 1913 1611
f 1913 1620 1611
f 1905 1904 1914
f 1916 1914 1904
f 1916 1904 1915
f 1915 1904 1906
f 1906 1907 1915
f 1907 1917 1915
f 1907 1908 1917
f 1908 1918 1917
f 1621 1908 1613
f 1621 1919 1908
f 1919 1918 1908
f 1621 1623 1919
f 1922 1920 1921
f 1909 1628 1627
f 1911 1628 1909
f 1911 1920 1628
f 1911 1921 1920
f 1909 1627 1617
f 1912 1618 1923
f 1923 1618 1629
f 1632 1924 1925
f 1631 1924 1632
f 1924 1631 1926
f 1631 1633 1926
f 1926 1633 1620
f 1913 1926 1620
f 1916 1915 1927
f 1929 1927 1915
f 1929 1915 1928
f 1928 1915 1917
f 1917 1918 1928
f 1918 1930 1928
f 1918 1919 1930
f 1919 1931 1930
f 1634 1919 1623
f 1634 1932 1919
f 1932 1931 1919
f 1634 1636 1932
f 1934 1920 1922
f 1933 1920 1934
f 1920 1933 1639
f 1628 1920 1639
f 1923 1629 1935
f 1935 1629 1641
f 1938 1936 1937
f 1643 1937 1936
f 1643 1642 1937
f 1642 1939 1937
f 1939 1642 1940
f 1642 1644 1940
f 1940 1644 1632
f 1925 1940 1632
f 1929 1928 1941
f 1943 1941 1928
f 1943 1928 1942
f 1942 1928 1930
f 1930 1931 1942
f 1931 1944 1942
f 1931 1932 1944
f 1932 1945 1944
f 1932 1646 1945
f 1636 1646 1932
f 1933 1652 1651
f 1933 1934 1652
f 1934 1946 1652
f 1933 1651 1639
f 1654 1948 1947
f 1653 1654 1947
f 1947 1641 1653
f 1935 1641 1947
f 1938 1949 1936
f 1936 1655 1643
f 1936 1949 1655
f 1949 1950 1655
f 1655 1950 1951
f 1657 1655 1951
f 1943 1942 1952
f 1942 1944 1953
f 1952 1942 1953
f 1955 1953 1944
f 1955 1944 1954
f 1954 1944 1945
f 1658 1945 1646
f 1658 1956 1945
f 1956 1954 1945
f 1659 1956 1658
f 1957 1956 1659
f 1660 1957 1659
f 1958 1957 1660
f 1660 1662 1958
f 1961 1959 1960
f 1960 1959 1665
f 1960 1665 1946
f 1946 1665 1652
f 1948 1654 1962
f 1962 1654 1666
f 1951 1667 1657
f 1963 1667 1951
f 1964 1668 1667
f 1964 1667 1965
f 1965 1667 1963
f 1965 1966 1964
f 1955 1954 1967
f 1969 1967 1954
f 1969 1954 1968
f 1968 1954 1956
f 1956 1957 1968
f 1957 1970 1968
f 1957 1958 1970
f 1958 1971 1970
f 1669 1958 1662
f 1669 1972 1958
f 1972 1971 1958
f 1669 1671 1972
f 1676 1973 1974
f 1675 1973 1676
f 1959 1961 1973
f 1959 1973 1677
f 1677 1973 1675
f 1959 1677 1665
f 1977 1976 1975
f 1976 1678 1975
f 1976 1962 1678
f 1962 1666 1678
f 1680 1978 1979
f 1679 1978 1680
f 1679 1980 1978
f 1682 1980 1679
f 1964 1683 1668
f 1966 1683 1964
f 1966 1981 1683
f 1981 1684 1683
f 1684 1981 1982
f 1685 1684 1982
f 1969 1968 1983
f 1968 1970 1984
f 1983 1968 1984
f 1970 1971 1985
f 1984 1970 1985
f 1971 1972 1986
f 1985 1971 1986
f 1988 1686 1987
f 1986 1686 1988
f 1986 1671 1686
f 1986 1972 1671
f 1687 1987 1686
f 1989 1987 1687
f 1688 1989 1687
f 1990 1989 1688
f 1689 1990 1688
f 1991 1990 1689
f 1690 1991 1689
f 1992 1991 1690
f 1691 1992 1690
f 1993 1992 1691
f 1691 1693 1993
f 1699 1994 1995
f 1698 1994 1699
f 1994 1698 1996
f 1698 1700 1996
f 1996 1700 1676
f 1974 1996 1676
f 1977 1975 1997
f 1975 1678 1701
f 1975 1701 1997
f 1997 1701 1998
f 1998 1701 1680
f 1979 1998 1680
f 1980 1682 1999
f 1999 1682 1703
f 2002 2000 2001
f 2001 2000 1705
f 2001 1705 1982
f 1982 1705 1685
f 1988 1987 2003
f 1987 1989 2004
f 2003 1987 2004
f 1989 1990 2005
f 2004 1989 2005
f 1990 1991 2006
f 2005 1990 2006
f 1991 1992 2007
f 2006 1991 2007
f 2009 2007 1992
f 2009 1992 2008
f 2008 1992 1993
f 1706 1993 1693
f 1706 2010 1993
f 2010 2008 1993
f 1707 2010 1706
f 2011 2010 1707
f 1708 2011 1707
f 2012 2011 1708
f 1709 2012 1708
f 2013 2012 1709
f 1709 1711 2013
f 1716 2014 2015
f 1715 2014 1716
f 2014 1715 2016
f 1715 1717 2016
f 2016 1717 2017
f 1717 1718 2017
f 2017 1718 2018
f 1718 1719 2018
f 2018 1719 2019
f 1719 1720 2019
f 2019 1720 2020
f 1720 1721 2020
f 2020 1721 1699
f 1995 2020 1699
f 1999 1703 2021
f 2021 1703 1722
f 2024 2022 2023
f 2023 2025 2026
f 2022 2025 2023
f 1724 2026 2025
f 1724 1723 2026
f 1723 2027 2026
f 2000 2002 2027
f 2000 2027 1725
f 1725 2027 1723
f 2000 1725 1705
f 2009 2008 2028
f 2008 2010 2029
f 2028 2008 2029
f 2010 2011 2030
f 2029 2010 2030
f 2011 2012 2031
f 2030 2011 2031
f 2012 2013 2032
f 2031 2012 2032
f 2013 1711 1726
f 2013 1726 2032
f 2032 1726 2033
f 2033 1726 2034
f 1726 1727 2034
f 2034 1727 2035
f 1727 1728 2035
f 2035 1728 2036
f 1728 1729 2036
f 2036 1729 2037
f 1729 1730 2037
f 2039 1731 2038
f 2039 2037 1731
f 2037 1730 1731
f 1732 2038 1731
f 2040 2038 1732
f 1733 2040 1732
f 2041 2040 1733
f 1733 1735 2041
f 1737 2042 2043
f 1736 2042 1737
f 2042 1736 1716
f 2015 2042 1716
f 1738 2044 2045
f 1738 2045 1722
f 1722 2045 2021
f 1739 2044 1738
f 2046 2044 1739
f 2046 2047 2048
f 2046 1739 2047
f 1739 1740 2047
f 2047 1740 2049
f 1740 1741 2049
f 2049 1741 2050
f 1741 1742 2050
f 2050 1742 2051
f 1742 1743 2051
f 2051 1743 2052
f 1743 1744 2052
f 2052 1744 2053
f 1744 1745 2053
f 2053 1745 2054
f 1745 1746 2054
f 2022 2024 2054
f 2022 2054 1747
f 1747 2054 1746
f 2025 2022 1747
f 1748 2025 1747
f 2025 1748 1724
f 2039 2038 2055
f 2038 2040 2056
f 2055 2038 2056
f 2040 2041 2057
f 2056 2040 2057
f 2041 1735 1749
f 2041 1749 2057
f 2057 1749 2058
f 2058 1749 1737
f 2043 2058 1737
f 2045 2044 2059
f 2044 2046 2060
f 2059 2044 2060
f 2046 2048 2060
f 2063 2062 2061
f 2062 2065 2064
f 2061 2062 2064
f 2065 2067 2066
f 2064 2065 2066
f 2067 2069 2068
f 2066 2067 2068
f 2069 2071 2070
f 2068 2069 2070
f 2071 2073 2072
f 2070 2071 2072
f 2073 2075 2074
f 2072 2073 2074
f 2075 2077 2076
f 2074 2075 2076
f 2077 2079 2078
f 2076 2077 2078
f 2079 2081 2080
f 2078 2079 2080
f 2081 2083 2082
f 2080 2081 2082
f 2083 2085 2084
f 2082 2083 2084
f 2085 2087 2086
f 2084 2085 2086
f 2087 2089 2088
f 2086 2087 2088
f 2089 2091 2090
f 2088 2089 2090
f 2091 2093 2092
f 2090 2091 2092
f 2093 2095 2094
f 2092 2093 2094
f 2095 2097 2096
f 2094 2095 2096
f 2097 2098 2096
f 2101 2100 2099
f 2100 2103 2102
f 2099 2100 2102
f 2103 2105 2104
f 2102 2103 2104
f 2105 2107 2106
f 2104 2105 2106
f 2107 2109 2108
f 2106 2107 2108
f 2109 2111 2110
f 2108 2109 2110
f 2111 2063 2061
f 2111 2061 2110
f 2110 2061 2112
f 2061 2064 2112
f 2064 2113 2112
f 2064 2066 2113
f 2066 2114 2113
f 1752 2068 1751
f 1752 2114 2068
f 2114 2066 2068
f 2070 1751 2068
f 1754 1751 2070
f 2072 1754 2070
f 1756 1754 2072
f 2074 1756 2072
f 1758 1756 2074
f 2076 1758 2074
f 1760 1758 2076
f 2078 1760 2076
f 1762 1760 2078
f 2080 1762 2078
f 1764 1762 2080
f 2082 1764 2080
f 1766 1764 2082
f 2084 1766 2082
f 1768 1766 2084
f 2086 1768 2084
f 1770 1768 2086
f 2088 1770 2086
f 1772 1770 2088
f 2090 1772 2088
f 1774 1772 2090
f 2092 1774 2090
f 1776 1774 2092
f 2094 1776 2092
f 1778 1776 2094
f 2096 1778 2094
f 1780 1778 2096
f 2098 1780 2096
f 2098 2115 1780
f 2115 1782 1780
f 2115 2116 1782
f 1782 2116 1784
f 2116 2117 1784
f 1784 2117 1786
f 2118 1787 1786
f 2118 1786 2119
f 2119 1786 2117
f 2119 2121 2120
f 2118 2119 2120
f 2121 2123 2122
f 2120 2121 2122
f 2123 2125 2124
f 2122 2123 2124
f 2125 2126 2124
f 2129 2128 2127
f 2128 2131 2130
f 2127 2128 2130
f 2131 2133 2132
f 2130 2131 2132
f 2133 2101 2099
f 2133 2099 2132
f 2132 2099 2134
f 2099 2102 2134
f 2102 2135 2134
f 2102 2104 2135
f 2104 2136 2135
f 2104 2106 2136
f 2106 2137 2136
f 1790 2108 1789
f 1790 2137 2108
f 2137 2106 2108
f 2110 1789 2108
f 1792 1789 2110
f 2112 1792 2110
f 1794 1792 2112
f 2113 1794 2112
f 1796 1794 2113
f 2114 1796 2113
f 1798 1796 2114
f 2114 1752 1798
f 2118 1803 1787
f 2120 1803 2118
f 1804 1803 2120
f 2122 1804 2120
f 1806 1804 2122
f 2124 1806 2122
f 1808 1806 2124
f 2126 1808 2124
f 2126 2138 1808
f 2138 1810 1808
f 2138 2139 1810
f 1810 2139 1812
f 2140 1813 1812
f 2140 1812 2141
f 2141 1812 2139
f 2141 2142 2140
f 2145 2144 2143
f 2144 2147 2146
f 2143 2144 2146
f 2147 2129 2127
f 2147 2127 2146
f 2146 2127 2148
f 2127 2130 2148
f 2130 2149 2148
f 2130 2132 2149
f 2132 2150 2149
f 2132 2134 2150
f 2134 2151 2150
f 1816 2135 1815
f 1816 2151 2135
f 2151 2134 2135
f 2136 1815 2135
f 1818 1815 2136
f 2137 1818 2136
f 1820 1818 2137
f 2137 1790 1820
f 2140 1824 1813
f 2142 1824 2140
f 2142 2152 1824
f 2152 1825 1824
f 1825 2152 2153
f 1827 1825 2153
f 2156 2155 2154
f 2155 2157 2154
f 2160 2159 2158
f 2159 2162 2161
f 2158 2159 2161
f 2162 2164 2163
f 2161 2162 2163
f 2164 2145 2143
f 2164 2143 2163
f 2163 2143 2165
f 2143 2146 2165
f 2146 2166 2165
f 2146 2148 2166
f 2148 2167 2166
f 2148 2149 2167
f 2149 2168 2167
f 1830 2150 1829
f 1830 2168 2150
f 2168 2149 2150
f 2151 1829 2150
f 1832 1829 2151
f 2151 1816 1832
f 2169 2153 2170
f 2169 1837 2153
f 1837 1827 2153
f 2170 2171 2169
f 2154 1838 1839
f 2154 1839 2156
f 2156 1839 2172
f 2157 1838 2154
f 2157 2173 1838
f 2173 1841 1838
f 2173 2174 1841
f 1841 2174 1843
f 2175 1844 1843
f 2175 1843 2176
f 2176 1843 2174
f 2176 2177 2175
f 2160 2158 2178
f 2180 2178 2158
f 2180 2158 2179
f 2179 2158 2161
f 2161 2163 2179
f 2163 2181 2179
f 2163 2165 2181
f 2165 2182 2181
f 1847 2166 1846
f 1847 2182 2166
f 2182 2165 2166
f 2167 1846 2166
f 1849 1846 2167
f 2168 1849 2167
f 1851 1849 2168
f 2168 1830 1851
f 2169 1855 1837
f 1855 2169 2171
f 1855 2171 1857
f 1857 2171 2183
f 1860 2185 2184
f 1859 1860 2184
f 2184 1839 1859
f 2172 1839 2184
f 2175 1861 1844
f 2177 1861 2175
f 2177 2186 1861
f 2186 1862 1861
f 2186 2187 1862
f 1862 2187 1864
f 2189 2188 1866
f 2189 1866 2187
f 2187 1866 1864
f 1866 2188 1867
f 2192 2191 2190
f 2191 2194 2193
f 2190 2191 2193
f 2194 2180 2179
f 2194 2179 2193
f 2193 2179 2195
f 1870 2181 1869
f 1870 2195 2181
f 2195 2179 2181
f 2182 1869 2181
f 1872 1869 2182
f 2182 1847 1872
f 2183 2196 1857
f 2196 1877 1857
f 2185 1860 2197
f 2197 1860 1878
f 2189 2198 2188
f 2188 1879 1867
f 2188 2198 1879
f 2198 2199 1879
f 2199 2200 1879
f 1879 2200 1880
f 1880 2200 2201
f 1882 1880 2201
f 2203 2192 2190
f 2202 2203 2190
f 2190 2193 2202
f 2193 2204 2202
f 2193 2195 2204
f 2195 2205 2204
f 2195 1884 2205
f 1870 1884 2195
f 2208 2206 2207
f 2207 2206 1889
f 2207 1889 2196
f 2196 1889 1877
f 2197 1878 2209
f 2209 1878 1890
f 2201 1891 1882
f 2210 1891 2201
f 2210 2211 1891
f 1891 2211 1892
f 2213 2212 1893
f 2213 1893 2211
f 2211 1893 1892
f 1893 2212 1894
f 2215 2203 2202
f 2214 2215 2202
f 2202 2204 2214
f 2204 2216 2214
f 2204 2205 2216
f 2205 2217 2216
f 2205 1896 2217
f 1884 1896 2205
f 2219 2206 2208
f 2218 2206 2219
f 2206 2218 1900
f 1889 2206 1900
f 2209 1890 2220
f 2220 1890 1901
f 2213 2221 2212
f 2223 2222 1902
f 2221 2223 1902
f 2221 1902 1894
f 2221 1894 2212
f 1902 2222 1903
f 2226 2225 2224
f 2225 2215 2214
f 2225 2214 2224
f 2224 2214 2227
f 2214 2216 2227
f 2216 2228 2227
f 2216 2217 2228
f 2217 2229 2228
f 2217 1905 2229
f 1896 1905 2217
f 2218 1911 1910
f 2218 2219 1911
f 2219 2230 1911
f 2218 1910 1900
f 2232 2231 2233
f 2232 1912 2231
f 2232 2220 1912
f 2220 1901 1912
f 2236 2234 2235
f 2235 2222 2223
f 2235 2234 2222
f 2234 2237 2222
f 2222 2237 1913
f 1903 2222 1913
f 2226 2224 2238
f 2240 2238 2224
f 2240 2224 2239
f 2239 2224 2227
f 2227 2228 2239
f 2228 2241 2239
f 2228 2229 2241
f 2229 2242 2241
f 1914 2229 1905
f 1914 2243 2229
f 2243 2242 2229
f 1914 1916 2243
f 1922 2244 2245
f 1921 2244 1922
f 2244 1921 1911
f 2230 2244 1911
f 2247 2233 2231
f 2246 2247 2231
f 2231 1923 2246
f 1912 1923 2231
f 2250 2248 2249
f 2234 1925 1924
f 2236 1925 2234
f 2236 2248 1925
f 2236 2249 2248
f 2237 2234 1924
f 1926 2237 1924
f 2237 1926 1913
f 2240 2239 2251
f 2239 2241 2252
f 2251 2239 2252
f 2254 2252 2241
f 2254 2241 2253
f 2253 2241 2242
f 2242 2243 2253
f 2243 2255 2253
f 1927 2243 1916
f 1927 2256 2243
f 2256 2255 2243
f 1927 1929 2256
f 2245 2257 1922
f 2257 1934 1922
f 2259 2247 2246
f 2258 2259 2246
f 2246 1935 2258
f 1923 1935 2246
f 1937 2260 1938
f 2260 2261 2262
f 2260 1937 2261
f 1937 1939 2261
f 2248 2250 2261
f 2248 2261 1940
f 1940 2261 1939
f 2248 1940 1925
f 2254 2253 2263
f 2265 2263 2253
f 2265 2253 2264
f 2264 2253 2255
f 2255 2256 2264
f 2256 2266 2264
f 1941 2256 1929
f 1941 2267 2256
f 2267 2266 2256
f 1941 1943 2267
f 2257 2268 1934
f 2268 1946 1934
f 2271 2270 2269
f 2258 1947 1948
f 2259 2258 1948
f 2259 1948 2269
f 2259 2269 2270
f 2258 1935 1947
f 2260 1949 1938
f 2262 1949 2260
f 2262 2272 1949
f 2272 1950 1949
f 1950 2272 2273
f 1951 1950 2273
f 2265 2264 2274
f 2276 2274 2264
f 2276 2264 2275
f 2275 2264 2266
f 2266 2267 2275
f 2267 2277 2275
f 1952 2267 1943
f 1952 2278 2267
f 2278 2277 2267
f 1953 2278 1952
f 2279 2278 1953
f 1953 1955 2279
f 1961 2280 2281
f 1960 2280 1961
f 2280 1960 1946
f 2268 2280 1946
f 2283 2271 2269
f 2282 2283 2269
f 2269 1962 2282
f 1948 1962 2269
f 2273 1963 1951
f 2284 1963 2273
f 2286 2285 1965
f 2286 1965 2284
f 2284 1965 1963
f 1965 2285 1966
f 2276 2275 2287
f 2275 2277 2288
f 2287 2275 2288
f 2290 2288 2277
f 2290 2277 2289
f 2289 2277 2278
f 2278 2279 2289
f 2279 2291 2289
f 1967 2279 1955
f 1967 2292 2279
f 2292 2291 2279
f 1967 1969 2292
f 2295 2293 2294
f 1974 2294 2293
f 1974 1973 2294
f 1973 2296 2294
f 2296 1973 1961
f 2281 2296 1961
f 2282 1976 1977
f 2282 1977 2283
f 2283 1977 2297
f 2282 1962 1976
f 1978 2298 1979
f 1978 1980 2298
f 2286 2299 2285
f 2301 2300 1981
f 2299 2301 1981
f 2299 1981 1966
f 2299 1966 2285
f 1981 2300 1982
f 2290 2289 2302
f 2289 2291 2303
f 2302 2289 2303
f 2291 2292 2304
f 2303 2291 2304
f 2292 1969 1983
f 2292 1983 2304
f 2304 1983 2305
f 2307 1984 2306
f 2307 2305 1984
f 2305 1983 1984
f 1985 2306 1984
f 2308 2306 1985
f 1986 2308 1985
f 2309 2308 1986
f 1986 1988 2309
f 1995 2310 2311
f 1994 2310 1995
f 2293 2295 2310
f 2293 2310 1996
f 1996 2310 1994
f 2293 1996 1974
f 2297 1977 1997
f 2312 2297 1997
f 2312 1997 2313
f 1997 1998 2313
f 1979 2298 2314
f 1979 2314 1998
f 1998 2314 2313
f 2298 2315 2314
f 2298 1980 2315
f 1980 1999 2315
f 2318 2316 2317
f 2300 2002 2001
f 2301 2002 2300
f 2301 2316 2002
f 2301 2317 2316
f 2300 2001 1982
f 2307 2306 2319
f 2306 2308 2320
f 2319 2306 2320
f 2308 2309 2321
f 2320 2308 2321
f 2323 2003 2322
f 2321 2003 2323
f 2321 1988 2003
f 2321 2309 1988
f 2322 2324 2325
f 2322 2003 2324
f 2003 2004 2324
f 2327 2005 2326
f 2327 2324 2005
f 2324 2004 2005
f 2006 2326 2005
f 2328 2326 2006
f 2007 2328 2006
f 2329 2328 2007
f 2007 2009 2329
f 2014 2330 2015
f 2330 2331 2332
f 2330 2014 2331
f 2014 2016 2331
f 2331 2016 2333
f 2016 2017 2333
f 2333 2017 2334
f 2017 2018 2334
f 2334 2018 2335
f 2018 2019 2335
f 2335 2019 2336
f 2019 2020 2336
f 2336 2020 1995
f 2311 2336 1995
f 2339 2338 2337
f 2338 2021 2337
f 2338 2315 2021
f 2315 1999 2021
f 2342 2340 2341
f 2024 2341 2340
f 2024 2023 2341
f 2023 2343 2341
f 2343 2023 2344
f 2023 2026 2344
f 2316 2318 2344
f 2316 2344 2027
f 2027 2344 2026
f 2316 2027 2002
f 2323 2322 2345
f 2322 2325 2345
f 2327 2326 2346
f 2326 2328 2347
f 2346 2326 2347
f 2328 2329 2348
f 2347 2328 2348
f 2329 2009 2028
f 2329 2028 2348
f 2348 2028 2349
f 2349 2028 2350
f 2028 2029 2350
f 2352 2030 2351
f 2352 2350 2030
f 2350 2029 2030
f 2351 2353 2354
f 2351 2030 2353
f 2030 2031 2353
f 2356 2032 2355
f 2356 2353 2032
f 2353 2031 2032
f 2033 2355 2032
f 2357 2355 2033
f 2034 2357 2033
f 2358 2357 2034
f 2035 2358 2034
f 2359 2358 2035
f 2036 2359 2035
f 2360 2359 2036
f 2037 2360 2036
f 2361 2360 2037
f 2037 2039 2361
f 2043 2362 2363
f 2042 2362 2043
f 2015 2330 2364
f 2015 2364 2042
f 2042 2364 2362
f 2330 2332 2364
f 2366 2339 2337
f 2365 2366 2337
f 2045 2337 2021
f 2045 2365 2337
f 2369 2367 2368
f 2368 2370 2371
f 2367 2370 2368
f 2048 2371 2370
f 2048 2047 2371
f 2047 2372 2371
f 2372 2047 2373
f 2047 2049 2373
f 2373 2049 2374
f 2049 2050 2374
f 2374 2050 2375
f 2050 2051 2375
f 2375 2051 2376
f 2051 2052 2376
f 2376 2052 2377
f 2052 2053 2377
f 2340 2342 2377
f 2340 2377 2054
f 2054 2377 2053
f 2340 2054 2024
f 2352 2351 2378
f 2351 2354 2378
f 2356 2355 2379
f 2355 2357 2380
f 2379 2355 2380
f 2357 2358 2381
f 2380 2357 2381
f 2358 2359 2382
f 2381 2358 2382
f 2359 2360 2383
f 2382 2359 2383
f 2360 2361 2384
f 2383 2360 2384
f 2361 2039 2055
f 2361 2055 2384
f 2384 2055 2385
f 2385 2055 2386
f 2055 2056 2386
f 2386 2056 2387
f 2056 2057 2387
f 2387 2057 2388
f 2057 2058 2388
f 2388 2058 2043
f 2363 2388 2043
f 2366 2365 2389
f 2367 2369 2389
f 2367 2389 2059
f 2365 2045 2389
f 2045 2059 2389
f 2370 2367 2059
f 2060 2370 2059
f 2370 2060 2048
f 2392 2391 2390
f 2391 2394 2393
f 2390 2391 2393
f 2394 2396 2395
f 2393 2394 2395
f 2396 2398 2397
f 2395 2396 2397
f 2398 2400 2399
f 2397 2398 2399
f 2400 2402 2401
f 2399 2400 2401
f 2402 2404 2403
f 2401 2402 2403
f 2404 2406 2405
f 2403 2404 2405
f 2406 2408 2407
f 2405 2406 2407
f 2408 2410 2409
f 2407 2408 2409
f 2410 2412 2411
f 2409 2410 2411
f 2412 2414 2413
f 2411 2412 2413
f 2414 2416 2415
f 2413 2414 2415
f 2416 2418 2417
f 2415 2416 2417
f 2418 2420 2419
f 2417 2418 2419
f 2420 2422 2421
f 2419 2420 2421
f 2422 2424 2423
f 2421 2422 2423
f 2424 2426 2425
f 2423 2424 2425
f 2426 2428 2427
f 2425 2426 2427
f 2428 2430 2429
f 2427 2428 2429
f 2430 2431 2429
f 2434 2433 2432
f 2433 2436 2435
f 2432 2433 2435
f 2436 2438 2437
f 2435 2436 2437
f 2438 2440 2439
f 2437 2438 2439
f 2440 2442 2441
f 2439 2440 2441
f 2442 2444 2443
f 2441 2442 2443
f 2444 2392 2390
f 2444 2390 2443
f 2443 2390 2445
f 2390 2393 2445
f 2393 2446 2445
f 2393 2395 2446
f 2395 2447 2446
f 2395 2397 2447
f 2397 2448 2447
f 2063 2399 2062
f 2063 2448 2399
f 2448 2397 2399
f 2401 2062 2399
f 2065 2062 2401
f 2403 2065 2401
f 2067 2065 2403
f 2405 2067 2403
f 2069 2067 2405
f 2407 2069 2405
f 2071 2069 2407
f 2409 2071 2407
f 2073 2071 2409
f 2411 2073 2409
f 2075 2073 2411
f 2413 2075 2411
f 2077 2075 2413
f 2415 2077 2413
f 2079 2077 2415
f 2417 2079 2415
f 2081 2079 2417
f 2419 2081 2417
f 2083 2081 2419
f 2421 2083 2419
f 2085 2083 2421
f 2423 2085 2421
f 2087 2085 2423
f 2425 2087 2423
f 2089 2087 2425
f 2427 2089 2425
f 2091 2089 2427
f 2429 2091 2427
f 2093 2091 2429
f 2431 2093 2429
f 2431 2449 2093
f 2449 2095 2093
f 2449 2450 2095
f 2095 2450 2097
f 2451 2098 2097
f 2451 2097 2452
f 2452 2097 2450
f 2452 2454 2453
f 2451 2452 2453
f 2454 2456 2455
f 2453 2454 2455
f 2456 2458 2457
f 2455 2456 2457
f 2458 2460 2459
f 2457 2458 2459
f 2460 2461 2459
f 2464 2463 2462
f 2463 2466 2465
f 2462 2463 2465
f 2466 2468 2467
f 2465 2466 2467
f 2468 2434 2432
f 2468 2432 2467
f 2467 2432 2469
f 2432 2435 2469
f 2435 2470 2469
f 2435 2437 2470
f 2437 2471 2470
f 2437 2439 2471
f 2439 2472 2471
f 2101 2441 2100
f 2101 2472 2441
f 2472 2439 2441
f 2443 2100 2441
f 2103 2100 2443
f 2445 2103 2443
f 2105 2103 2445
f 2446 2105 2445
f 2107 2105 2446
f 2447 2107 2446
f 2109 2107 2447
f 2448 2109 2447
f 2111 2109 2448
f 2448 2063 2111
f 2451 2115 2098
f 2453 2115 2451
f 2116 2115 2453
f 2455 2116 2453
f 2117 2116 2455
f 2457 2117 2455
f 2119 2117 2457
f 2459 2119 2457
f 2121 2119 2459
f 2461 2121 2459
f 2461 2473 2121
f 2473 2123 2121
f 2473 2474 2123
f 2123 2474 2125
f 2475 2126 2125
f 2475 2125 2476
f 2476 2125 2474
f 2476 2477 2475
f 2480 2479 2478
f 2479 2482 2481
f 2478 2479 2481
f 2482 2464 2462
f 2482 2462 2481
f 2481 2462 2483
f 2462 2465 2483
f 2465 2484 2483
f 2465 2467 2484
f 2467 2485 2484
f 2467 2469 2485
f 2469 2486 2485
f 2129 2470 2128
f 2129 2486 2470
f 2486 2469 2470
f 2471 2128 2470
f 2131 2128 2471
f 2472 2131 2471
f 2133 2131 2472
f 2472 2101 2133
f 2475 2138 2126
f 2477 2138 2475
f 2477 2487 2138
f 2487 2139 2138
f 2487 2488 2139
f 2139 2488 2141
f 2141 2488 2489
f 2142 2141 2489
f 2492 2491 2490
f 2491 2493 2490
f 2496 2495 2494
f 2495 2480 2478
f 2495 2478 2494
f 2494 2478 2497
f 2478 2481 2497
f 2481 2498 2497
f 2481 2483 2498
f 2483 2499 2498
f 2483 2484 2499
f 2484 2500 2499
f 2145 2485 2144
f 2145 2500 2485
f 2500 2484 2485
f 2486 2144 2485
f 2147 2144 2486
f 2486 2129 2147
f 2152 2502 2501
f 2152 2142 2502
f 2142 2489 2502
f 2152 2501 2153
f 2505 2504 2503
f 2156 2503 2504
f 2156 2504 2155
f 2155 2504 2506
f 2507 2157 2155
f 2507 2155 2508
f 2508 2155 2506
f 2508 2509 2507
f 2511 2492 2490
f 2510 2511 2490
f 2493 2513 2512
f 2493 2512 2490
f 2490 2512 2510
f 2513 2496 2494
f 2513 2494 2512
f 2512 2494 2514
f 2494 2497 2514
f 2497 2515 2514
f 2160 2498 2159
f 2160 2515 2498
f 2515 2497 2498
f 2499 2159 2498
f 2162 2159 2499
f 2500 2162 2499
f 2164 2162 2500
f 2500 2145 2164
f 2502 2516 2501
f 2501 2170 2153
f 2501 2516 2170
f 2516 2517 2170
f 2170 2517 2518
f 2171 2170 2518
f 2520 2505 2503
f 2519 2520 2503
f 2503 2172 2519
f 2156 2172 2503
f 2507 2173 2157
f 2509 2173 2507
f 2509 2521 2173
f 2521 2174 2173
f 2521 2522 2174
f 2174 2522 2176
f 2176 2522 2523
f 2177 2176 2523
f 2526 2525 2524
f 2525 2511 2510
f 2525 2510 2524
f 2524 2510 2527
f 2510 2512 2527
f 2512 2528 2527
f 2512 2514 2528
f 2514 2529 2528
f 2514 2515 2529
f 2515 2530 2529
f 2178 2515 2160
f 2178 2531 2515
f 2531 2530 2515
f 2178 2180 2531
f 2518 2532 2171
f 2532 2183 2171
f 2519 2184 2185
f 2519 2185 2520
f 2520 2185 2533
f 2519 2172 2184
f 2523 2186 2177
f 2534 2186 2523
f 2534 2535 2186
f 2186 2535 2187
f 2536 2189 2187
f 2536 2187 2537
f 2537 2187 2535
f 2537 2538 2536
f 2540 2526 2524
f 2539 2540 2524
f 2524 2527 2539
f 2527 2541 2539
f 2527 2528 2541
f 2528 2542 2541
f 2528 2529 2542
f 2529 2543 2542
f 2192 2530 2191
f 2192 2543 2530
f 2543 2529 2530
f 2531 2191 2530
f 2194 2191 2531
f 2531 2180 2194
f 2546 2544 2545
f 2545 2544 2549
f 2532 2548 2196
f 2532 2196 2183
f 2196 2548 2547
f 2548 2197 2547
f 2548 2533 2197
f 2533 2185 2197
f 2536 2198 2189
f 2538 2198 2536
f 2538 2550 2198
f 2550 2199 2198
f 2550 2551 2199
f 2199 2551 2200
f 2200 2551 2552
f 2201 2200 2552
f 2554 2540 2539
f 2553 2554 2539
f 2539 2541 2553
f 2541 2555 2553
f 2541 2542 2555
f 2542 2556 2555
f 2542 2543 2556
f 2543 2557 2556
f 2543 2203 2557
f 2192 2203 2543
f 2544 2208 2207
f 2544 2546 2208
f 2546 2558 2208
f 2547 2559 2207
f 2547 2207 2196
f 2559 2560 2207
f 2544 2207 2549
f 2560 2549 2207
f 2547 2209 2559
f 2197 2209 2547
f 2552 2210 2201
f 2561 2210 2552
f 2563 2562 2211
f 2563 2211 2561
f 2561 2211 2210
f 2211 2562 2213
f 2566 2565 2564
f 2565 2554 2553
f 2565 2553 2564
f 2564 2553 2567
f 2553 2555 2567
f 2555 2568 2567
f 2555 2556 2568
f 2556 2569 2568
f 2556 2557 2569
f 2557 2570 2569
f 2557 2215 2570
f 2203 2215 2557
f 2558 2571 2208
f 2571 2219 2208
f 2573 2560 2559
f 2572 2573 2559
f 2559 2220 2572
f 2209 2220 2559
f 2563 2574 2562
f 2576 2575 2221
f 2574 2576 2221
f 2574 2221 2213
f 2574 2213 2562
f 2221 2575 2223
f 2566 2564 2577
f 2579 2577 2564
f 2579 2564 2578
f 2578 2564 2567
f 2567 2568 2578
f 2568 2580 2578
f 2568 2569 2580
f 2569 2581 2580
f 2226 2570 2225
f 2226 2581 2570
f 2581 2569 2570
f 2570 2215 2225
f 2571 2582 2219
f 2582 2230 2219
f 2572 2232 2233
f 2572 2233 2573
f 2573 2233 2583
f 2572 2220 2232
f 2586 2584 2585
f 2575 2236 2235
f 2576 2236 2575
f 2576 2584 2236
f 2576 2585 2584
f 2575 2235 2223
f 2579 2578 2587
f 2589 2587 2578
f 2589 2578 2588
f 2588 2578 2580
f 2580 2581 2588
f 2581 2590 2588
f 2238 2581 2226
f 2238 2591 2581
f 2591 2590 2581
f 2238 2240 2591
f 2245 2592 2593
f 2244 2592 2245
f 2592 2244 2230
f 2582 2592 2230
f 2583 2233 2594
f 2594 2233 2247
f 2597 2595 2596
f 2584 2250 2249
f 2586 2250 2584
f 2586 2595 2250
f 2586 2596 2595
f 2584 2249 2236
f 2589 2588 2598
f 2600 2598 2588
f 2600 2588 2599
f 2599 2588 2590
f 2590 2591 2599
f 2591 2601 2599
f 2251 2591 2240
f 2251 2602 2591
f 2602 2601 2591
f 2252 2602 2251
f 2603 2602 2252
f 2252 2254 2603
f 2606 2604 2605
f 2605 2604 2257
f 2605 2257 2593
f 2593 2257 2245
f 2594 2247 2607
f 2607 2247 2259
f 2595 2262 2261
f 2595 2597 2262
f 2597 2608 2262
f 2595 2261 2250
f 2600 2599 2609
f 2611 2609 2599
f 2611 2599 2610
f 2610 2599 2601
f 2601 2602 2610
f 2602 2612 2610
f 2602 2603 2612
f 2603 2613 2612
f 2263 2603 2254
f 2263 2614 2603
f 2614 2613 2603
f 2263 2265 2614
f 2616 2604 2606
f 2615 2604 2616
f 2604 2615 2268
f 2257 2604 2268
f 2271 2618 2617
f 2270 2271 2617
f 2617 2259 2270
f 2607 2259 2617
f 2272 2620 2619
f 2272 2262 2620
f 2262 2608 2620
f 2272 2619 2273
f 2611 2610 2621
f 2623 2621 2610
f 2623 2610 2622
f 2622 2610 2612
f 2612 2613 2622
f 2613 2624 2622
f 2613 2614 2624
f 2614 2625 2624
f 2274 2614 2265
f 2274 2626 2614
f 2626 2625 2614
f 2274 2276 2626
f 2629 2627 2628
f 2615 2281 2280
f 2616 2281 2615
f 2616 2627 2281
f 2616 2628 2627
f 2615 2280 2268
f 2618 2271 2630
f 2630 2271 2283
f 2620 2631 2619
f 2619 2284 2273
f 2619 2631 2284
f 2631 2632 2284
f 2284 2632 2633
f 2286 2284 2633
f 2623 2622 2634
f 2622 2624 2635
f 2634 2622 2635
f 2637 2635 2624
f 2637 2624 2636
f 2636 2624 2625
f 2625 2626 2636
f 2626 2638 2636
f 2287 2626 2276
f 2287 2639 2626
f 2639 2638 2626
f 2288 2639 2287
f 2640 2639 2288
f 2288 2290 2640
f 2294 2641 2295
f 2641 2629 2642
f 2641 2296 2629
f 2641 2294 2296
f 2296 2627 2629
f 2627 2296 2281
f 2630 2283 2643
f 2643 2283 2297
f 2299 2645 2644
f 2299 2286 2645
f 2286 2633 2645
f 2299 2644 2301
f 2637 2636 2646
f 2636 2638 2647
f 2646 2636 2647
f 2638 2639 2648
f 2647 2638 2648
f 2639 2640 2649
f 2648 2639 2649
f 2651 2302 2650
f 2649 2302 2651
f 2649 2290 2302
f 2649 2640 2290
f 2303 2650 2302
f 2652 2650 2303
f 2304 2652 2303
f 2653 2652 2304
f 2305 2653 2304
f 2654 2653 2305
f 2305 2307 2654
f 2311 2655 2656
f 2310 2655 2311
f 2295 2641 2657
f 2295 2657 2310
f 2310 2657 2655
f 2641 2642 2657
f 2643 2297 2312
f 2658 2643 2312
f 2658 2312 2659
f 2312 2313 2659
f 2661 2314 2660
f 2661 2659 2314
f 2659 2313 2314
f 2314 2315 2660
f 2664 2662 2663
f 2644 2318 2317
f 2645 2318 2644
f 2645 2662 2318
f 2645 2663 2662
f 2644 2317 2301
f 2651 2650 2665
f 2650 2652 2666
f 2665 2650 2666
f 2652 2653 2667
f 2666 2652 2667
f 2653 2654 2668
f 2667 2653 2668
f 2670 2319 2669
f 2668 2319 2670
f 2668 2307 2319
f 2668 2654 2307
f 2320 2669 2319
f 2671 2669 2320
f 2321 2671 2320
f 2672 2671 2321
f 2321 2323 2672
f 2324 2673 2325
f 2324 2327 2673
f 2331 2674 2332
f 2333 2674 2331
f 2675 2674 2333
f 2334 2675 2333
f 2676 2675 2334
f 2676 2677 2678
f 2676 2334 2677
f 2334 2335 2677
f 2677 2335 2679
f 2335 2336 2679
f 2679 2336 2311
f 2656 2679 2311
f 2660 2338 2339
f 2660 2339 2661
f 2661 2339 2680
f 2660 2315 2338
f 2683 2681 2682
f 2342 2682 2681
f 2342 2341 2682
f 2341 2684 2682
f 2684 2341 2685
f 2341 2343 2685
f 2662 2664 2685
f 2662 2685 2344
f 2344 2685 2343
f 2662 2344 2318
f 2670 2669 2686
f 2669 2671 2687
f 2686 2669 2687
f 2671 2672 2688
f 2687 2671 2688
f 2672 2323 2345
f 2672 2345 2688
f 2688 2345 2689
f 2325 2673 2690
f 2325 2690 2345
f 2345 2690 2689
f 2692 2346 2691
f 2690 2346 2692
f 2690 2327 2346
f 2690 2673 2327
f 2691 2693 2694
f 2691 2346 2693
f 2346 2347 2693
f 2696 2348 2695
f 2696 2693 2348
f 2693 2347 2348
f 2349 2695 2348
f 2697 2695 2349
f 2350 2697 2349
f 2698 2697 2350
f 2350 2352 2698
f 2353 2699 2354
f 2353 2356 2699
f 2363 2700 2701
f 2362 2700 2363
f 2700 2362 2702
f 2362 2364 2702
f 2332 2674 2703
f 2332 2703 2364
f 2364 2703 2702
f 2674 2675 2704
f 2703 2674 2704
f 2675 2676 2705
f 2704 2675 2705
f 2676 2678 2705
f 2680 2339 2706
f 2706 2339 2366
f 2368 2707 2369
f 2707 2708 2709
f 2707 2368 2708
f 2368 2371 2708
f 2708 2371 2710
f 2371 2372 2710
f 2710 2372 2711
f 2372 2373 2711
f 2711 2373 2712
f 2373 2374 2712
f 2712 2374 2713
f 2374 2375 2713
f 2713 2375 2714
f 2375 2376 2714
f 2681 2683 2714
f 2681 2714 2377
f 2377 2714 2376
f 2681 2377 2342
f 2692 2691 2715
f 2691 2694 2715
f 2696 2695 2716
f 2695 2697 2717
f 2716 2695 2717
f 2697 2698 2718
f 2717 2697 2718
f 2698 2352 2378
f 2698 2378 2718
f 2718 2378 2719
f 2354 2699 2720
f 2354 2720 2378
f 2378 2720 2719
f 2699 2356 2379
f 2699 2379 2720
f 2720 2379 2721
f 2721 2379 2722
f 2379 2380 2722
f 2722 2380 2723
f 2380 2381 2723
f 2723 2381 2724
f 2381 2382 2724
f 2724 2382 2725
f 2382 2383 2725
f 2725 2383 2726
f 2383 2384 2726
f 2726 2384 2727
f 2384 2385 2727
f 2727 2385 2728
f 2385 2386 2728
f 2728 2386 2729
f 2386 2387 2729
f 2729 2387 2730
f 2387 2388 2730
f 2730 2388 2363
f 2701 2730 2363
f 2706 2366 2389
f 2731 2706 2389
f 2369 2707 2732
f 2369 2732 2389
f 2389 2732 2731
f 2707 2709 2732
f 2735 2734 2733
f 2734 2737 2736
f 2733 2734 2736
f 2737 2739 2738
f 2736 2737 2738
f 2739 2741 2740
f 2738 2739 2740
f 2741 2743 2742
f 2740 2741 2742
f 2743 2745 2744
f 2742 2743 2744
f 2745 2747 2746
f 2744 2745 2746
f 2747 2749 2748
f 2746 2747 2748
f 2749 2751 2750
f 2748 2749 2750
f 2751 2753 2752
f 2750 2751 2752
f 2753 2755 2754
f 2752 2753 2754
f 2755 2757 2756
f 2754 2755 2756
f 2757 2759 2758
f 2756 2757 2758
f 2759 2761 2760
f 2758 2759 2760
f 2761 2763 2762
f 2760 2761 2762
f 2763 2765 2764
f 2762 2763 2764
f 2765 2767 2766
f 2764 2765 2766
f 2767 2769 2768
f 2766 2767 2768
f 2769 2771 2770
f 2768 2769 2770
f 2771 2773 2772
f 2770 2771 2772
f 2773 2775 2774
f 2772 2773 2774
f 2775 2776 2774
f 2779 2778 2777
f 2778 2781 2780
f 2777 2778 2780
f 2781 2783 2782
f 2780 2781 2782
f 2783 2785 2784
f 2782 2783 2784
f 2785 2787 2786
f 2784 2785 2786
f 2787 2735 2733
f 2787 2733 2786
f 2786 2733 2788
f 2733 2736 2788
f 2736 2789 2788
f 2736 2738 2789
f 2738 2790 2789
f 2392 2740 2391
f 2392 2790 2740
f 2790 2738 2740
f 2742 2391 2740
f 2394 2391 2742
f 2744 2394 2742
f 2396 2394 2744
f 2746 2396 2744
f 2398 2396 2746
f 2748 2398 2746
f 2400 2398 2748
f 2750 2400 2748
f 2402 2400 2750
f 2752 2402 2750
f 2404 2402 2752
f 2754 2404 2752
f 2406 2404 2754
f 2756 2406 2754
f 2408 2406 2756
f 2758 2408 2756
f 2410 2408 2758
f 2760 2410 2758
f 2412 2410 2760
f 2762 2412 2760
f 2414 2412 2762
f 2764 2414 2762
f 2416 2414 2764
f 2766 2416 2764
f 2418 2416 2766
f 2768 2418 2766
f 2420 2418 2768
f 2770 2420 2768
f 2422 2420 2770
f 2772 2422 2770
f 2424 2422 2772
f 2774 2424 2772
f 2426 2424 2774
f 2776 2426 2774
f 2776 2791 2426
f 2791 2428 2426
f 2791 2792 2428
f 2428 2792 2430
f 2793 2431 2430
f 2793 2430 2794
f 2794 2430 2792
f 2794 2796 2795
f 2793 2794 2795
f 2796 2798 2797
f 2795 2796 2797
f 2798 2800 2799
f 2797 2798 2799
f 2800 2801 2799
f 2804 2803 2802
f 2803 2806 2805
f 2802 2803 2805
f 2806 2808 2807
f 2805 2806 2807
f 2808 2810 2809
f 2807 2808 2809
f 2810 2779 2777
f 2810 2777 2809
f 2809 2777 2811
f 2777 2780 2811
f 2780 2812 2811
f 2434 2782 2433
f 2434 2812 2782
f 2812 2780 2782
f 2784 2433 2782
f 2436 2433 2784
f 2786 2436 2784
f 2438 2436 2786
f 2788 2438 2786
f 2440 2438 2788
f 2789 2440 2788
f 2442 2440 2789
f 2790 2442 2789
f 2444 2442 2790
f 2790 2392 2444
f 2793 2449 2431
f 2795 2449 2793
f 2450 2449 2795
f 2797 2450 2795
f 2452 2450 2797
f 2799 2452 2797
f 2454 2452 2799
f 2801 2454 2799
f 2801 2813 2454
f 2813 2456 2454
f 2813 2814 2456
f 2456 2814 2458
f 2814 2815 2458
f 2458 2815 2460
f 2816 2461 2460
f 2816 2460 2817
f 2817 2460 2815
f 2817 2818 2816
f 2821 2820 2819
f 2820 2804 2802
f 2820 2802 2819
f 2819 2802 2822
f 2802 2805 2822
f 2805 2823 2822
f 2805 2807 2823
f 2807 2824 2823
f 2464 2809 2463
f 2464 2824 2809
f 2824 2807 2809
f 2811 2463 2809
f 2466 2463 2811
f 2812 2466 2811
f 2468 2466 2812
f 2812 2434 2468
f 2816 2473 2461
f 2818 2473 2816
f 2818 2825 2473
f 2825 2474 2473
f 2825 2826 2474
f 2474 2826 2476
f 2827 2477 2476
f 2827 2476 2828
f 2828 2476 2826
f 2828 2830 2829
f 2827 2828 2829
f 2830 2831 2829
f 2834 2833 2832
f 2833 2836 2835
f 2832 2833 2835
f 2836 2838 2837
f 2835 2836 2837
f 2838 2821 2819
f 2838 2819 2837
f 2837 2819 2839
f 2819 2822 2839
f 2822 2840 2839
f 2480 2823 2479
f 2480 2840 2823
f 2840 2822 2823
f 2824 2479 2823
f 2482 2479 2824
f 2824 2464 2482
f 2827 2487 2477
f 2829 2487 2827
f 2829 2488 2487
f 2841 2842 2843
f 2488 2829 2831
f 2488 2831 2489
f 2842 2841 2831
f 2841 2489 2831
f 2846 2845 2844
f 2845 2847 2844
f 2850 2849 2848
f 2849 2834 2832
f 2849 2832 2848
f 2848 2832 2851
f 2832 2835 2851
f 2835 2852 2851
f 2492 2837 2491
f 2492 2852 2837
f 2852 2835 2837
f 2491 2853 2493
f 2491 2837 2853
f 2837 2839 2853
f 2496 2840 2495
f 2496 2853 2840
f 2853 2839 2840
f 2840 2480 2495
f 2843 2854 2841
f 2841 2854 2855
f 2841 2855 2489
f 2489 2855 2502
f 2844 2504 2505
f 2844 2505 2846
f 2846 2505 2856
f 2847 2504 2844
f 2847 2857 2504
f 2857 2506 2504
f 2857 2858 2506
f 2506 2858 2508
f 2508 2858 2859
f 2509 2508 2859
f 2862 2861 2860
f 2861 2864 2863
f 2860 2861 2863
f 2864 2850 2848
f 2864 2848 2863
f 2863 2848 2865
f 2848 2851 2865
f 2851 2866 2865
f 2851 2852 2866
f 2852 2867 2866
f 2852 2511 2867
f 2492 2511 2852
f 2853 2513 2493
f 2853 2496 2513
f 2855 2516 2502
f 2868 2516 2855
f 2870 2869 2517
f 2870 2517 2868
f 2868 2517 2516
f 2517 2869 2518
f 2856 2505 2871
f 2871 2505 2520
f 2859 2521 2509
f 2872 2521 2859
f 2872 2873 2521
f 2521 2873 2522
f 2874 2523 2522
f 2874 2522 2875
f 2875 2522 2873
f 2875 2876 2874
f 2878 2862 2860
f 2877 2878 2860
f 2860 2863 2877
f 2863 2879 2877
f 2863 2865 2879
f 2865 2880 2879
f 2865 2866 2880
f 2866 2881 2880
f 2526 2867 2525
f 2526 2881 2867
f 2881 2866 2867
f 2867 2511 2525
f 2883 2869 2870
f 2882 2869 2883
f 2532 2518 2885
f 2532 2885 2884
f 2518 2869 2885
f 2886 2885 2882
f 2869 2882 2885
f 2885 2533 2884
f 2885 2871 2533
f 2871 2520 2533
f 2874 2534 2523
f 2876 2534 2874
f 2876 2887 2534
f 2887 2535 2534
f 2887 2888 2535
f 2535 2888 2537
f 2537 2888 2889
f 2538 2537 2889
f 2892 2891 2890
f 2891 2878 2877
f 2891 2877 2890
f 2890 2877 2893
f 2877 2879 2893
f 2879 2894 2893
f 2879 2880 2894
f 2880 2895 2894
f 2880 2881 2895
f 2881 2896 2895
f 2881 2540 2896
f 2526 2540 2881
f 2882 2546 2545
f 2882 2883 2546
f 2883 2897 2546
f 2884 2548 2532
f 2886 2882 2549
f 2886 2549 2898
f 2549 2882 2545
f 2884 2533 2548
f 2889 2550 2538
f 2899 2550 2889
f 2899 2900 2550
f 2550 2900 2551
f 2551 2900 2901
f 2552 2551 2901
f 2892 2890 2902
f 2904 2902 2890
f 2904 2890 2903
f 2903 2890 2893
f 2893 2894 2903
f 2894 2905 2903
f 2894 2895 2905
f 2895 2906 2905
f 2895 2896 2906
f 2896 2907 2906
f 2896 2554 2907
f 2540 2554 2896
f 2897 2908 2546
f 2908 2558 2546
f 2898 2549 2909
f 2909 2549 2560
f 2561 2911 2910
f 2561 2552 2911
f 2552 2901 2911
f 2561 2910 2563
f 2913 2904 2903
f 2912 2913 2903
f 2903 2905 2912
f 2905 2914 2912
f 2905 2906 2914
f 2906 2915 2914
f 2566 2907 2565
f 2566 2915 2907
f 2915 2906 2907
f 2907 2554 2565
f 2908 2916 2558
f 2916 2571 2558
f 2909 2560 2917
f 2917 2560 2573
f 2911 2918 2910
f 2920 2919 2574
f 2918 2920 2574
f 2918 2574 2563
f 2918 2563 2910
f 2574 2919 2576
f 2913 2912 2921
f 2923 2921 2912
f 2923 2912 2922
f 2922 2912 2914
f 2914 2915 2922
f 2915 2924 2922
f 2577 2915 2566
f 2577 2925 2915
f 2925 2924 2915
f 2577 2579 2925
f 2928 2926 2927
f 2927 2926 2582
f 2927 2582 2916
f 2916 2582 2571
f 2917 2573 2929
f 2929 2573 2583
f 2919 2586 2585
f 2919 2920 2586
f 2920 2930 2586
f 2919 2585 2576
f 2923 2922 2931
f 2933 2931 2922
f 2933 2922 2932
f 2932 2922 2924
f 2924 2925 2932
f 2925 2934 2932
f 2587 2925 2579
f 2587 2935 2925
f 2935 2934 2925
f 2587 2589 2935
f 2926 2593 2592
f 2926 2928 2593
f 2928 2936 2593
f 2926 2592 2582
f 2929 2583 2937
f 2937 2583 2594
f 2940 2938 2939
f 2597 2939 2938
f 2597 2596 2939
f 2596 2941 2939
f 2941 2596 2586
f 2930 2941 2586
f 2943 2933 2932
f 2942 2943 2932
f 2932 2934 2942
f 2934 2944 2942
f 2934 2935 2944
f 2935 2945 2944
f 2598 2935 2589
f 2598 2946 2935
f 2946 2945 2935
f 2598 2600 2946
f 2606 2947 2948
f 2605 2947 2606
f 2947 2605 2593
f 2936 2947 2593
f 2951 2950 2949
f 2950 2607 2949
f 2950 2937 2607
f 2937 2594 2607
f 2953 2938 2940
f 2952 2938 2953
f 2938 2952 2608
f 2597 2938 2608
f 2943 2942 2954
f 2942 2944 2955
f 2954 2942 2955
f 2957 2955 2944
f 2957 2944 2956
f 2956 2944 2945
f 2945 2946 2956
f 2946 2958 2956
f 2609 2946 2600
f 2609 2959 2946
f 2959 2958 2946
f 2609 2611 2959
f 2948 2960 2606
f 2960 2616 2606
f 2949 2617 2618
f 2949 2618 2951
f 2951 2618 2961
f 2949 2607 2617
f 2953 2962 2952
f 2952 2620 2608
f 2952 2964 2620
f 2952 2962 2964
f 2964 2963 2620
f 2964 2965 2963
f 2967 2957 2956
f 2966 2967 2956
f 2956 2958 2966
f 2958 2968 2966
f 2958 2959 2968
f 2959 2969 2968
f 2621 2959 2611
f 2621 2970 2959
f 2970 2969 2959
f 2621 2623 2970
f 2629 2971 2972
f 2628 2971 2629
f 2971 2628 2616
f 2960 2971 2616
f 2975 2974 2973
f 2974 2630 2973
f 2974 2961 2630
f 2961 2618 2630
f 2963 2631 2620
f 2963 2632 2631
f 2963 2977 2632
f 2963 2965 2977
f 2976 2632 2977
f 2632 2976 2633
f 2967 2966 2978
f 2966 2968 2979
f 2978 2966 2979
f 2968 2969 2980
f 2979 2968 2980
f 2982 2980 2969
f 2982 2969 2981
f 2981 2969 2970
f 2634 2970 2623
f 2634 2983 2970
f 2983 2981 2970
f 2635 2983 2634
f 2984 2983 2635
f 2635 2637 2984
f 2987 2985 2986
f 2986 2985 2642
f 2986 2642 2972
f 2972 2642 2629
f 2989 2975 2973
f 2988 2989 2973
f 2973 2643 2988
f 2630 2643 2973
f 2992 2990 2991
f 2991 2976 2977
f 2991 2990 2976
f 2990 2993 2976
f 2976 2993 2645
f 2633 2976 2645
f 2982 2981 2994
f 2981 2983 2995
f 2994 2981 2995
f 2983 2984 2996
f 2995 2983 2996
f 2984 2637 2646
f 2984 2646 2996
f 2996 2646 2997
f 2999 2647 2998
f 2999 2997 2647
f 2997 2646 2647
f 2648 2998 2647
f 3000 2998 2648
f 2649 3000 2648
f 3001 3000 2649
f 2649 2651 3001
f 2656 3002 3003
f 2655 3002 2656
f 2985 2987 3002
f 2985 3002 2657
f 2657 3002 2655
f 2985 2657 2642
f 2989 2988 3004
f 2988 2643 2658
f 2988 2658 3004
f 3004 2658 3005
f 3005 2658 3006
f 2658 2659 3006
f 2659 3007 3006
f 2661 3007 2659
f 3009 2990 2992
f 3008 2990 3009
f 2664 2663 2993
f 2664 2993 3008
f 3008 2993 2990
f 2993 2663 2645
f 2999 2998 3010
f 2998 3000 3011
f 3010 2998 3011
f 3000 3001 3012
f 3011 3000 3012
f 3014 2665 3013
f 3012 2665 3014
f 3012 2651 2665
f 3012 3001 2651
f 2666 3013 2665
f 3015 3013 2666
f 2667 3015 2666
f 3016 3015 2667
f 2668 3016 2667
f 3017 3016 2668
f 2668 2670 3017
f 3020 3018 3019
f 2678 3019 3018
f 2678 2677 3019
f 2677 3021 3019
f 3021 2677 3022
f 2677 2679 3022
f 3022 2679 2656
f 3003 3022 2656
f 3007 2661 3023
f 3023 2661 2680
f 2683 3024 3025
f 2682 3024 2683
f 3024 2682 3026
f 2682 2684 3026
f 3008 3009 3026
f 3008 3026 2685
f 2685 3026 2684
f 3008 2685 2664
f 3014 3013 3027
f 3013 3015 3028
f 3027 3013 3028
f 3015 3016 3029
f 3028 3015 3029
f 3016 3017 3030
f 3029 3016 3030
f 3017 2670 2686
f 3017 2686 3030
f 3030 2686 3031
f 3033 2687 3032
f 3033 3031 2687
f 3031 2686 2687
f 2688 3032 2687
f 3034 3032 2688
f 2689 3034 2688
f 3035 3034 2689
f 2690 3035 2689
f 3036 3035 2690
f 2690 2692 3036
f 2693 3037 2694
f 2693 2696 3037
f 3040 3038 3039
f 2701 3039 3038
f 2701 2700 3039
f 2700 3041 3039
f 3041 2700 3042
f 2700 2702 3042
f 3042 2702 3043
f 2702 2703 3043
f 3043 2703 3044
f 2703 2704 3044
f 3018 3020 3044
f 3018 3044 2705
f 2705 3044 2704
f 3018 2705 2678
f 3023 2680 3045
f 3045 2680 2706
f 2709 3046 3047
f 2708 3046 2709
f 3046 2708 3048
f 2708 2710 3048
f 3048 2710 3049
f 2710 2711 3049
f 3049 2711 3050
f 2711 2712 3050
f 3050 2712 3051
f 2712 2713 3051
f 3051 2713 3052
f 2713 2714 3052
f 3052 2714 2683
f 3025 3052 2683
f 3033 3032 3053
f 3032 3034 3054
f 3053 3032 3054
f 3034 3035 3055
f 3054 3034 3055
f 3035 3036 3056
f 3055 3035 3056
f 3036 2692 2715
f 3036 2715 3056
f 3056 2715 3057
f 2694 3037 3058
f 2694 3058 2715
f 2715 3058 3057
f 3037 2696 2716
f 3037 2716 3058
f 3058 2716 3059
f 3059 2716 3060
f 2716 2717 3060
f 3060 2717 3061
f 2717 2718 3061
f 3061 2718 3062
f 2718 2719 3062
f 3062 2719 3063
f 2719 2720 3063
f 3063 2720 3064
f 2720 2721 3064
f 3064 2721 3065
f 2721 2722 3065
f 3065 2722 3066
f 2722 2723 3066
f 3066 2723 3067
f 2723 2724 3067
f 3069 2725 3068
f 3069 3067 2725
f 3067 2724 2725
f 3068 3070 3071
f 3068 2725 3070
f 2725 2726 3070
f 3073 2727 3072
f 3073 3070 2727
f 3070 2726 2727
f 3072 3074 3075
f 3072 2727 3074
f 2727 2728 3074
f 3077 2729 3076
f 3077 3074 2729
f 3074 2728 2729
f 3076 3040 3078
f 3076 2730 3040
f 3076 2729 2730
f 2730 3038 3040
f 3038 2730 2701
f 3045 2706 2731
f 3079 3045 2731
f 3079 2731 3080
f 2731 2732 3080
f 3080 2732 2709
f 3047 3080 2709
f 3069 3068 3081
f 3068 3071 3081
f 3073 3072 3082
f 3072 3075 3082
f 3077 3076 3083
f 3076 3078 3083
f 3086 3085 3084
f 3085 3088 3087
f 3084 3085 3087
f 3088 3090 3089
f 3087 3088 3089
f 3090 3092 3091
f 3089 3090 3091
f 3092 3094 3093
f 3091 3092 3093
f 3094 3096 3095
f 3093 3094 3095
f 3096 3098 3097
f 3095 3096 3097
f 3098 3100 3099
f 3097 3098 3099
f 3100 3102 3101
f 3099 3100 3101
f 3102 3104 3103
f 3101 3102 3103
f 3104 3106 3105
f 3103 3104 3105
f 3106 3108 3107
f 3105 3106 3107
f 3108 3110 3109
f 3107 3108 3109
f 3110 3112 3111
f 3109 3110 3111
f 3112 3114 3113
f 3111 3112 3113
f 3114 3116 3115
f 3113 3114 3115
f 3116 3118 3117
f 3115 3116 3117
f 3118 3120 3119
f 3117 3118 3119
f 3120 3121 3119
f 3124 3123 3122
f 3123 3126 3125
f 3122 3123 3125
f 3126 3128 3127
f 3125 3126 3127
f 3128 3130 3129
f 3127 3128 3129
f 3130 3132 3131
f 3129 3130 3131
f 3132 3134 3133
f 3131 3132 3133
f 3084 2734 2735
f 3086 3084 2735
f 3086 2735 3133
f 3086 3133 3134
f 3087 2734 3084
f 2737 2734 3087
f 3089 2737 3087
f 2739 2737 3089
f 3091 2739 3089
f 2741 2739 3091
f 3093 2741 3091
f 2743 2741 3093
f 3095 2743 3093
f 2745 2743 3095
f 3097 2745 3095
f 2747 2745 3097
f 3099 2747 3097
f 2749 2747 3099
f 3101 2749 3099
f 2751 2749 3101
f 3103 2751 3101
f 2753 2751 3103
f 3105 2753 3103
f 2755 2753 3105
f 3107 2755 3105
f 2757 2755 3107
f 3109 2757 3107
f 2759 2757 3109
f 3111 2759 3109
f 2761 2759 3111
f 3113 2761 3111
f 2763 2761 3113
f 3115 2763 3113
f 2765 2763 3115
f 3117 2765 3115
f 2767 2765 3117
f 3119 2767 3117
f 2769 2767 3119
f 3121 2769 3119
f 3121 3135 2769
f 3135 2771 2769
f 3135 3136 2771
f 2771 3136 2773
f 3136 3137 2773
f 2773 3137 2775
f 3138 2776 2775
f 3138 2775 3139
f 3139 2775 3137
f 3139 3141 3140
f 3138 3139 3140
f 3141 3143 3142
f 3140 3141 3142
f 3143 3145 3144
f 3142 3143 3144
f 3145 3146 3144
f 3149 3148 3147
f 3148 3151 3150
f 3147 3148 3150
f 3151 3153 3152
f 3150 3151 3152
f 3153 3155 3154
f 3152 3153 3154
f 3155 3124 3122
f 3155 3122 3154
f 3154 3122 3156
f 2779 3125 2778
f 2779 3156 3125
f 3156 3122 3125
f 3127 2778 3125
f 2781 2778 3127
f 3129 2781 3127
f 2783 2781 3129
f 3131 2783 3129
f 2785 2783 3131
f 3133 2785 3131
f 2787 2785 3133
f 3133 2735 2787
f 3138 2791 2776
f 3140 2791 3138
f 2792 2791 3140
f 3142 2792 3140
f 2794 2792 3142
f 3144 2794 3142
f 2796 2794 3144
f 3146 2796 3144
f 3146 3157 2796
f 3157 2798 2796
f 3157 3158 2798
f 2798 3158 2800
f 3159 2801 2800
f 3159 2800 3160
f 3160 2800 3158
f 3160 3162 3161
f 3159 3160 3161
f 3162 3163 3161
f 3166 3165 3164
f 3165 3168 3167
f 3164 3165 3167
f 3168 3170 3169
f 3167 3168 3169
f 3170 3149 3147
f 3170 3147 3169
f 3169 3147 3171
f 2804 3150 2803
f 2804 3171 3150
f 3171 3147 3150
f 3152 2803 3150
f 2806 2803 3152
f 3154 2806 3152
f 2808 2806 3154
f 3156 2808 3154
f 2810 2808 3156
f 3156 2779 2810
f 3159 2813 2801
f 3161 2813 3159
f 2814 2813 3161
f 3163 2814 3161
f 3163 3172 2814
f 3172 2815 2814
f 3172 3173 2815
f 2815 3173 2817
f 3174 2818 2817
f 3174 2817 3175
f 3175 2817 3173
f 3175 3177 3176
f 3174 3175 3176
f 3177 3178 3176
f 3181 3180 3179
f 3180 3183 3182
f 3179 3180 3182
f 3183 3166 3164
f 3183 3164 3182
f 3182 3164 3184
f 3164 3167 3184
f 3167 3185 3184
f 3167 3169 3185
f 3169 3186 3185
f 2821 3171 2820
f 2821 3186 3171
f 3186 3169 3171
f 3171 2804 2820
f 3174 2825 2818
f 3176 2825 3174
f 2826 2825 3176
f 3178 2826 3176
f 3178 3187 2826
f 3187 2828 2826
f 3189 3188 2830
f 3189 2830 3187
f 3187 2830 2828
f 2830 3188 2831
f 3192 3191 3190
f 3191 3194 3193
f 3190 3191 3193
f 3194 3181 3179
f 3194 3179 3193
f 3193 3179 3195
f 3179 3182 3195
f 3182 3196 3195
f 2834 3184 2833
f 2834 3196 3184
f 3196 3182 3184
f 3185 2833 3184
f 2836 2833 3185
f 3186 2836 3185
f 2838 2836 3186
f 3186 2821 2838
f 3188 2843 2842
f 3188 3189 2843
f 3189 3197 2843
f 3188 2842 2831
f 3200 3199 3198
f 2846 3198 3199
f 2846 3199 2845
f 3202 3201 3199
f 3201 2845 3199
f 2845 3201 2847
f 3204 3192 3190
f 3203 3204 3190
f 3190 3193 3203
f 3193 3205 3203
f 3193 3195 3205
f 3195 3206 3205
f 2850 3196 2849
f 2850 3206 3196
f 3206 3195 3196
f 3196 2834 2849
f 3197 2854 2843
f 3207 2854 3197
f 2854 3207 3208
f 2855 2854 3208
f 3200 3198 3209
f 3201 3202 3210
f 3198 2846 3209
f 2846 3211 3209
f 2846 2856 3211
f 3201 2857 2847
f 3201 3210 2857
f 3210 3212 2857
f 3212 3213 2857
f 2857 3213 2858
f 2858 3213 3214
f 2859 2858 3214
f 3217 3216 3215
f 3216 3219 3218
f 3215 3216 3218
f 3219 3204 3203
f 3219 3203 3218
f 3218 3203 3220
f 2862 3205 2861
f 2862 3220 3205
f 3220 3203 3205
f 3206 2861 3205
f 2864 2861 3206
f 3206 2850 2864
f 3208 2868 2855
f 3221 2868 3208
f 3222 2870 2868
f 3222 2868 3223
f 3223 2868 3221
f 3223 3225 3224
f 3222 3223 3224
f 3225 2871 3224
f 3225 3211 2871
f 3211 2856 2871
f 3214 2872 2859
f 3226 2872 3214
f 3226 3227 2872
f 2872 3227 2873
f 3227 3228 2873
f 2873 3228 2875
f 2875 3228 3229
f 2876 2875 3229
f 3231 3217 3215
f 3230 3231 3215
f 3215 3218 3230
f 3218 3232 3230
f 3218 3220 3232
f 3220 3233 3232
f 3220 2878 3233
f 2862 2878 3220
f 3234 2870 3222
f 3234 3235 2870
f 3235 2883 2870
f 3234 2886 3236
f 3234 3224 2886
f 3234 3222 3224
f 2885 2886 3224
f 3224 2871 2885
f 3229 2887 2876
f 3237 2887 3229
f 3237 3238 2887
f 2887 3238 2888
f 2888 3238 3239
f 2889 2888 3239
f 3241 3231 3230
f 3240 3241 3230
f 3230 3232 3240
f 3232 3242 3240
f 2892 3233 2891
f 2892 3242 3233
f 3242 3232 3233
f 3233 2878 2891
f 3235 3243 2883
f 3243 2897 2883
f 3236 2886 3244
f 3244 2886 2898
f 3239 2899 2889
f 3245 2899 3239
f 3247 3246 2900
f 3247 2900 3245
f 3245 2900 2899
f 2900 3246 2901
f 3249 3241 3240
f 3248 3249 3240
f 3240 3242 3248
f 3242 3250 3248
f 2902 3242 2892
f 2902 3251 3242
f 3251 3250 3242
f 2902 2904 3251
f 3254 3252 3253
f 3253 3252 2908
f 3253 2908 3243
f 3243 2908 2897
f 3244 2898 3255
f 3255 2898 2909
f 3247 3256 3246
f 3246 3256 3257
f 3246 3257 2901
f 2901 3257 2911
f 3249 3248 3258
f 3260 3258 3248
f 3260 3248 3259
f 3259 3248 3250
f 3250 3251 3259
f 3251 3261 3259
f 3251 2913 3261
f 2904 2913 3251
f 3263 3252 3254
f 3262 3252 3263
f 2916 2908 3265
f 2916 3265 3264
f 2908 3252 3265
f 3266 3265 3262
f 3252 3262 3265
f 3265 2917 3264
f 3265 3255 2917
f 3255 2909 2917
f 2918 3268 3267
f 2918 2911 3268
f 2911 3257 3268
f 2918 3267 2920
f 3271 3270 3269
f 3270 3260 3259
f 3270 3259 3269
f 3269 3259 3272
f 3259 3261 3272
f 3261 3273 3272
f 2921 3261 2913
f 2921 3274 3261
f 3274 3273 3261
f 2921 2923 3274
f 3262 2928 2927
f 3262 3263 2928
f 3263 3275 2928
f 3264 3276 2927
f 3264 2927 2916
f 3276 3277 2927
f 3262 2927 3266
f 3277 3266 2927
f 3264 2929 3276
f 2917 2929 3264
f 3279 3267 3268
f 3278 3267 3279
f 3267 3278 2930
f 2920 3267 2930
f 3271 3269 3280
f 3282 3280 3269
f 3282 3269 3281
f 3281 3269 3272
f 3272 3273 3281
f 3273 3283 3281
f 3273 3274 3283
f 3274 3284 3283
f 2931 3274 2923
f 2931 3285 3274
f 3285 3284 3274
f 2931 2933 3285
f 3275 3286 2928
f 3286 2936 2928
f 3288 3277 3276
f 3287 3288 3276
f 3276 2937 3287
f 2929 2937 3276
f 3291 3289 3290
f 2940 3290 3289
f 2940 2939 3290
f 2939 3292 3290
f 3278 3279 3292
f 3278 3292 2941
f 2941 3292 2939
f 3278 2941 2930
f 3282 3281 3293
f 3295 3293 3281
f 3295 3281 3294
f 3294 3281 3283
f 3283 3284 3294
f 3284 3296 3294
f 3284 3285 3296
f 3285 3297 3296
f 3285 2943 3297
f 2933 2943 3285
f 2948 3298 3299
f 2947 3298 2948
f 3298 2947 2936
f 3286 3298 2936
f 3287 2950 2951
f 3287 2951 3288
f 3288 2951 3300
f 3287 2937 2950
f 3291 3301 3289
f 3289 3301 3302
f 3289 3302 2940
f 2940 3302 2953
f 3295 3294 3303
f 3305 3303 3294
f 3305 3294 3304
f 3304 3294 3296
f 3296 3297 3304
f 3297 3306 3304
f 2954 3297 2943
f 2954 3307 3297
f 3307 3306 3297
f 2955 3307 2954
f 3308 3307 2955
f 2955 2957 3308
f 3299 3309 2948
f 3309 2960 2948
f 3312 3311 3310
f 3311 2961 3310
f 3311 3300 2961
f 3300 2951 2961
f 3302 2962 2953
f 3313 2962 3302
f 3315 3314 2964
f 3315 2964 3313
f 3313 2964 2962
f 2964 3314 2965
f 3305 3304 3316
f 3304 3306 3317
f 3316 3304 3317
f 3319 3317 3306
f 3319 3306 3318
f 3318 3306 3307
f 3307 3308 3318
f 3308 3320 3318
f 3308 2967 3320
f 2957 2967 3308
f 2972 3321 3322
f 2971 3321 2972
f 3321 2971 2960
f 3309 3321 2960
f 3310 2974 2975
f 3310 2975 3312
f 3312 2975 3323
f 3310 2961 2974
f 3325 3314 3315
f 3324 3314 3325
f 3314 3324 2977
f 2965 3314 2977
f 3319 3318 3326
f 3318 3320 3327
f 3326 3318 3327
f 3329 2978 3328
f 3327 2978 3329
f 3327 2967 2978
f 3327 3320 2967
f 2979 3328 2978
f 3330 3328 2979
f 2980 3330 2979
f 3331 3330 2980
f 2980 2982 3331
f 2987 3332 3333
f 2986 3332 2987
f 3332 2986 2972
f 3322 3332 2972
f 3323 2975 3334
f 3334 2975 2989
f 3337 3335 3336
f 3324 2992 2991
f 3325 2992 3324
f 3325 3335 2992
f 3325 3336 3335
f 3324 2991 2977
f 3329 3328 3338
f 3328 3330 3339
f 3338 3328 3339
f 3330 3331 3340
f 3339 3330 3340
f 3342 2994 3341
f 3340 2994 3342
f 3340 2982 2994
f 3340 3331 2982
f 2995 3341 2994
f 3343 3341 2995
f 2996 3343 2995
f 3344 3343 2996
f 2997 3344 2996
f 3345 3344 2997
f 2997 2999 3345
f 3348 3346 3347
f 3003 3347 3346
f 3003 3002 3347
f 3002 3349 3347
f 3349 3002 2987
f 3333 3349 2987
f 3334 2989 3004
f 3350 3334 3004
f 3350 3004 3351
f 3004 3005 3351
f 3351 3005 3352
f 3005 3006 3352
f 3006 3353 3352
f 3007 3353 3006
f 3355 3335 3337
f 3354 3335 3355
f 3335 3354 3009
f 2992 3335 3009
f 3342 3341 3356
f 3341 3343 3357
f 3356 3341 3357
f 3343 3344 3358
f 3357 3343 3358
f 3344 3345 3359
f 3358 3344 3359
f 3361 3010 3360
f 3359 3010 3361
f 3359 2999 3010
f 3359 3345 2999
f 3011 3360 3010
f 3362 3360 3011
f 3012 3362 3011
f 3363 3362 3012
f 3012 3014 3363
f 3019 3364 3020
f 3364 3365 3366
f 3364 3019 3365
f 3019 3021 3365
f 3346 3348 3365
f 3346 3365 3022
f 3022 3365 3021
f 3346 3022 3003
f 3369 3368 3367
f 3368 3023 3367
f 3368 3353 3023
f 3353 3007 3023
f 3025 3370 3371
f 3024 3370 3025
f 3354 3355 3370
f 3354 3370 3026
f 3026 3370 3024
f 3354 3026 3009
f 3361 3360 3372
f 3360 3362 3373
f 3372 3360 3373
f 3362 3363 3374
f 3373 3362 3374
f 3363 3014 3027
f 3363 3027 3374
f 3374 3027 3375
f 3375 3027 3376
f 3027 3028 3376
f 3378 3029 3377
f 3378 3376 3029
f 3376 3028 3029
f 3030 3377 3029
f 3379 3377 3030
f 3031 3379 3030
f 3380 3379 3031
f 3031 3033 3380
f 3040 3381 3382
f 3039 3381 3040
f 3384 3041 3383
f 3384 3381 3041
f 3381 3039 3041
f 3383 3385 3386
f 3383 3041 3385
f 3041 3042 3385
f 3385 3042 3387
f 3042 3043 3387
f 3387 3043 3388
f 3043 3044 3388
f 3020 3364 3389
f 3020 3389 3044
f 3044 3389 3388
f 3364 3366 3389
f 3391 3369 3367
f 3390 3391 3367
f 3367 3045 3390
f 3023 3045 3367
f 3394 3392 3393
f 3047 3393 3392
f 3047 3046 3393
f 3046 3395 3393
f 3395 3046 3396
f 3046 3048 3396
f 3396 3048 3397
f 3048 3049 3397
f 3397 3049 3398
f 3049 3050 3398
f 3398 3050 3399
f 3050 3051 3399
f 3399 3051 3400
f 3051 3052 3400
f 3400 3052 3025
f 3371 3400 3025
f 3378 3377 3401
f 3377 3379 3402
f 3401 3377 3402
f 3379 3380 3403
f 3402 3379 3403
f 3380 3033 3053
f 3380 3053 3403
f 3403 3053 3404
f 3404 3053 3405
f 3053 3054 3405
f 3405 3054 3406
f 3054 3055 3406
f 3406 3055 3407
f 3055 3056 3407
f 3407 3056 3408
f 3056 3057 3408
f 3408 3057 3409
f 3057 3058 3409
f 3409 3058 3410
f 3058 3059 3410
f 3410 3059 3411
f 3059 3060 3411
f 3413 3061 3412
f 3413 3411 3061
f 3411 3060 3061
f 3412 3414 3415
f 3412 3061 3414
f 3061 3062 3414
f 3417 3063 3416
f 3417 3414 3063
f 3414 3062 3063
f 3416 3418 3419
f 3416 3063 3418
f 3063 3064 3418
f 3421 3065 3420
f 3421 3418 3065
f 3418 3064 3065
f 3066 3420 3065
f 3422 3420 3066
f 3067 3422 3066
f 3423 3422 3067
f 3067 3069 3423
f 3070 3424 3071
f 3070 3073 3424
f 3074 3425 3075
f 3074 3077 3425
f 3382 3426 3040
f 3426 3078 3040
f 3384 3383 3427
f 3383 3386 3427
f 3391 3390 3428
f 3390 3045 3079
f 3390 3079 3428
f 3428 3079 3429
f 3392 3394 3429
f 3392 3429 3080
f 3080 3429 3079
f 3392 3080 3047
f 3413 3412 3430
f 3412 3415 3430
f 3417 3416 3431
f 3416 3419 3431
f 3421 3420 3432
f 3420 3422 3433
f 3432 3420 3433
f 3422 3423 3434
f 3433 3422 3434
f 3423 3069 3081
f 3423 3081 3434
f 3434 3081 3435
f 3071 3424 3436
f 3071 3436 3081
f 3081 3436 3435
f 3424 3073 3082
f 3424 3082 3436
f 3436 3082 3437
f 3075 3425 3438
f 3075 3438 3082
f 3082 3438 3437
f 3425 3077 3083
f 3425 3083 3438
f 3438 3083 3439
f 3439 3083 3078
f 3426 3439 3078
f 3442 3441 3440
f 3441 3444 3443
f 3440 3441 3443
f 3444 3446 3445
f 3443 3444 3445
f 3446 3448 3447
f 3445 3446 3447
f 3448 3450 3449
f 3447 3448 3449
f 3450 3452 3451
f 3449 3450 3451
f 3452 3454 3453
f 3451 3452 3453
f 3454 3456 3455
f 3453 3454 3455
f 3456 3458 3457
f 3455 3456 3457
f 3458 3460 3459
f 3457 3458 3459
f 3460 3462 3461
f 3459 3460 3461
f 3462 3464 3463
f 3461 3462 3463
f 3464 3466 3465
f 3463 3464 3465
f 3466 3468 3467
f 3465 3466 3467
f 3468 3470 3469
f 3467 3468 3469
f 3470 3472 3471
f 3469 3470 3471
f 3472 3473 3471
f 3476 3475 3474
f 3475 3478 3477
f 3474 3475 3477
f 3478 3480 3479
f 3477 3478 3479
f 3480 3482 3481
f 3479 3480 3481
f 3482 3484 3483
f 3481 3482 3483
f 3440 3085 3086
f 3442 3440 3086
f 3442 3086 3483
f 3442 3483 3484
f 3443 3085 3440
f 3088 3085 3443
f 3445 3088 3443
f 3090 3088 3445
f 3447 3090 3445
f 3092 3090 3447
f 3449 3092 3447
f 3094 3092 3449
f 3451 3094 3449
f 3096 3094 3451
f 3453 3096 3451
f 3098 3096 3453
f 3455 3098 3453
f 3100 3098 3455
f 3457 3100 3455
f 3102 3100 3457
f 3459 3102 3457
f 3104 3102 3459
f 3461 3104 3459
f 3106 3104 3461
f 3463 3106 3461
f 3108 3106 3463
f 3465 3108 3463
f 3110 3108 3465
f 3467 3110 3465
f 3112 3110 3467
f 3469 3112 3467
f 3114 3112 3469
f 3471 3114 3469
f 3116 3114 3471
f 3473 3116 3471
f 3473 3485 3116
f 3485 3118 3116
f 3485 3486 3118
f 3118 3486 3120
f 3487 3121 3120
f 3487 3120 3488
f 3488 3120 3486
f 3488 3490 3489
f 3487 3488 3489
f 3490 3492 3491
f 3489 3490 3491
f 3492 3494 3493
f 3491 3492 3493
f 3494 3496 3495
f 3493 3494 3495
f 3496 3497 3495
f 3500 3499 3498
f 3499 3502 3501
f 3498 3499 3501
f 3502 3504 3503
f 3501 3502 3503
f 3504 3506 3505
f 3503 3504 3505
f 3124 3505 3506
f 3124 3506 3123
f 3123 3506 3507
f 3474 3507 3476
f 3474 3126 3507
f 3126 3123 3507
f 3477 3126 3474
f 3128 3126 3477
f 3479 3128 3477
f 3130 3128 3479
f 3481 3130 3479
f 3132 3130 3481
f 3483 3132 3481
f 3134 3132 3483
f 3483 3086 3134
f 3487 3135 3121
f 3489 3135 3487
f 3136 3135 3489
f 3491 3136 3489
f 3137 3136 3491
f 3493 3137 3491
f 3139 3137 3493
f 3495 3139 3493
f 3141 3139 3495
f 3497 3141 3495
f 3497 3508 3141
f 3508 3143 3141
f 3508 3509 3143
f 3143 3509 3145
f 3510 3146 3145
f 3510 3145 3511
f 3511 3145 3509
f 3511 3513 3512
f 3510 3511 3512
f 3513 3514 3512
f 3517 3516 3515
f 3516 3519 3518
f 3515 3516 3518
f 3519 3521 3520
f 3518 3519 3520
f 3521 3523 3522
f 3520 3521 3522
f 3498 3148 3149
f 3500 3498 3149
f 3500 3149 3522
f 3500 3522 3523
f 3501 3148 3498
f 3151 3148 3501
f 3503 3151 3501
f 3153 3151 3503
f 3505 3153 3503
f 3155 3153 3505
f 3505 3124 3155
f 3510 3157 3146
f 3512 3157 3510
f 3158 3157 3512
f 3514 3158 3512
f 3514 3524 3158
f 3524 3160 3158
f 3524 3525 3160
f 3160 3525 3162
f 3526 3163 3162
f 3526 3162 3527
f 3527 3162 3525
f 3527 3528 3526
f 3531 3530 3529
f 3530 3533 3532
f 3529 3530 3532
f 3533 3517 3515
f 3533 3515 3532
f 3532 3515 3534
f 3166 3518 3165
f 3166 3534 3518
f 3534 3515 3518
f 3520 3165 3518
f 3168 3165 3520
f 3522 3168 3520
f 3170 3168 3522
f 3522 3149 3170
f 3526 3172 3163
f 3528 3172 3526
f 3528 3535 3172
f 3535 3173 3172
f 3535 3536 3173
f 3173 3536 3175
f 3536 3537 3175
f 3175 3537 3177
f 3177 3537 3538
f 3178 3177 3538
f 3541 3540 3539
f 3540 3543 3542
f 3539 3540 3542
f 3543 3545 3544
f 3542 3543 3544
f 3545 3531 3529
f 3545 3529 3544
f 3544 3529 3546
f 3181 3532 3180
f 3181 3546 3532
f 3546 3529 3532
f 3534 3180 3532
f 3183 3180 3534
f 3534 3166 3183
f 3538 3187 3178
f 3547 3187 3538
f 3187 3547 3548
f 3189 3187 3548
f 3551 3550 3549
f 3550 3541 3539
f 3550 3539 3549
f 3549 3539 3552
f 3539 3542 3552
f 3542 3553 3552
f 3192 3544 3191
f 3192 3553 3544
f 3553 3542 3544
f 3546 3191 3544
f 3194 3191 3546
f 3546 3181 3194
f 3548 3554 3189
f 3554 3197 3189
f 3200 3556 3555
f 3199 3200 3555
f 3557 3202 3199
f 3557 3199 3558
f 3558 3199 3555
f 3558 3559 3557
f 3561 3551 3549
f 3560 3561 3549
f 3549 3552 3560
f 3552 3562 3560
f 3552 3553 3562
f 3553 3563 3562
f 3553 3204 3563
f 3192 3204 3553
f 3554 3207 3197
f 3564 3207 3554
f 3207 3564 3565
f 3208 3207 3565
f 3209 3566 3567
f 3209 3567 3200
f 3200 3567 3556
f 3202 3557 3210
f 3209 3211 3566
f 3559 3210 3557
f 3559 3568 3210
f 3568 3212 3210
f 3568 3569 3212
f 3212 3569 3213
f 3570 3214 3213
f 3570 3213 3571
f 3571 3213 3569
f 3571 3572 3570
f 3575 3574 3573
f 3574 3561 3560
f 3574 3560 3573
f 3573 3560 3576
f 3217 3562 3216
f 3217 3576 3562
f 3576 3560 3562
f 3563 3216 3562
f 3219 3216 3563
f 3563 3204 3219
f 3565 3221 3208
f 3577 3221 3565
f 3577 3578 3221
f 3221 3578 3223
f 3566 3578 3567
f 3566 3225 3578
f 3225 3223 3578
f 3566 3211 3225
f 3570 3226 3214
f 3572 3226 3570
f 3572 3579 3226
f 3579 3227 3226
f 3579 3580 3227
f 3227 3580 3228
f 3228 3580 3581
f 3229 3228 3581
f 3583 3575 3573
f 3582 3583 3573
f 3573 3576 3582
f 3576 3584 3582
f 3576 3231 3584
f 3217 3231 3576
f 3235 3585 3586
f 3234 3585 3235
f 3234 3587 3585
f 3236 3587 3234
f 3581 3237 3229
f 3588 3237 3581
f 3590 3589 3238
f 3590 3238 3588
f 3588 3238 3237
f 3238 3589 3239
f 3592 3583 3582
f 3591 3592 3582
f 3582 3584 3591
f 3584 3593 3591
f 3584 3241 3593
f 3231 3241 3584
f 3596 3594 3595
f 3595 3594 3599
f 3586 3598 3243
f 3586 3243 3235
f 3243 3598 3597
f 3598 3244 3597
f 3598 3587 3244
f 3587 3236 3244
f 3590 3600 3589
f 3602 3601 3245
f 3600 3602 3245
f 3600 3245 3239
f 3600 3239 3589
f 3245 3601 3247
f 3604 3592 3591
f 3603 3604 3591
f 3591 3593 3603
f 3593 3605 3603
f 3593 3249 3605
f 3241 3249 3593
f 3594 3254 3253
f 3594 3596 3254
f 3596 3606 3254
f 3597 3607 3253
f 3597 3253 3243
f 3607 3608 3253
f 3594 3253 3599
f 3608 3599 3253
f 3597 3255 3607
f 3244 3255 3597
f 3610 3601 3602
f 3609 3601 3610
f 3256 3247 3601
f 3256 3601 3611
f 3611 3601 3609
f 3256 3611 3257
f 3613 3604 3603
f 3612 3613 3603
f 3603 3605 3612
f 3605 3614 3612
f 3258 3605 3249
f 3258 3615 3605
f 3615 3614 3605
f 3258 3260 3615
f 3606 3616 3254
f 3616 3263 3254
f 3607 3265 3266
f 3607 3266 3608
f 3608 3266 3617
f 3607 3255 3265
f 3619 3609 3610
f 3618 3609 3619
f 3609 3618 3611
f 3611 3618 3620
f 3611 3620 3268
f 3257 3611 3268
f 3622 3613 3612
f 3621 3622 3612
f 3612 3614 3621
f 3614 3623 3621
f 3271 3615 3270
f 3271 3623 3615
f 3623 3614 3615
f 3615 3260 3270
f 3616 3624 3263
f 3624 3275 3263
f 3617 3266 3625
f 3625 3266 3277
f 3627 3618 3619
f 3626 3618 3627
f 3618 3626 3620
f 3620 3626 3628
f 3620 3628 3279
f 3268 3620 3279
f 3622 3621 3629
f 3631 3629 3621
f 3631 3621 3630
f 3630 3621 3623
f 3280 3623 3271
f 3280 3632 3623
f 3632 3630 3623
f 3280 3282 3632
f 3635 3633 3634
f 3634 3633 3286
f 3634 3286 3624
f 3624 3286 3275
f 3625 3277 3636
f 3636 3277 3288
f 3626 3291 3290
f 3626 3627 3291
f 3627 3637 3291
f 3628 3626 3290
f 3292 3628 3290
f 3628 3292 3279
f 3631 3630 3638
f 3640 3638 3630
f 3640 3630 3639
f 3639 3630 3632
f 3293 3632 3282
f 3293 3641 3632
f 3641 3639 3632
f 3293 3295 3641
f 3644 3642 3643
f 3633 3299 3298
f 3635 3299 3633
f 3635 3642 3299
f 3635 3643 3642
f 3633 3298 3286
f 3636 3288 3645
f 3645 3288 3300
f 3301 3647 3646
f 3301 3291 3647
f 3291 3637 3647
f 3301 3646 3302
f 3640 3639 3648
f 3650 3648 3639
f 3650 3639 3649
f 3649 3639 3641
f 3303 3641 3295
f 3303 3651 3641
f 3651 3649 3641
f 3303 3305 3651
f 3653 3642 3644
f 3652 3642 3653
f 3642 3652 3309
f 3299 3642 3309
f 3312 3655 3654
f 3311 3312 3654
f 3654 3300 3311
f 3645 3300 3654
f 3657 3646 3647
f 3656 3646 3657
f 3313 3302 3646
f 3313 3646 3658
f 3658 3646 3656
f 3313 3658 3315
f 3650 3649 3659
f 3661 3659 3649
f 3661 3649 3660
f 3660 3649 3651
f 3316 3651 3305
f 3316 3662 3651
f 3662 3660 3651
f 3317 3662 3316
f 3663 3662 3317
f 3317 3319 3663
f 3666 3664 3665
f 3652 3322 3321
f 3653 3322 3652
f 3653 3664 3322
f 3653 3665 3664
f 3652 3321 3309
f 3655 3312 3667
f 3667 3312 3323
f 3669 3656 3657
f 3668 3656 3669
f 3656 3668 3658
f 3658 3668 3670
f 3658 3670 3325
f 3315 3658 3325
f 3661 3660 3671
f 3660 3662 3672
f 3671 3660 3672
f 3674 3672 3662
f 3674 3662 3673
f 3673 3662 3663
f 3326 3663 3319
f 3326 3675 3663
f 3675 3673 3663
f 3327 3675 3326
f 3676 3675 3327
f 3327 3329 3676
f 3679 3677 3678
f 3664 3333 3332
f 3666 3333 3664
f 3666 3677 3333
f 3666 3678 3677
f 3664 3332 3322
f 3667 3323 3680
f 3680 3323 3334
f 3682 3668 3669
f 3681 3668 3682
f 3337 3336 3670
f 3337 3670 3681
f 3681 3670 3668
f 3670 3336 3325
f 3674 3673 3683
f 3673 3675 3684
f 3683 3673 3684
f 3675 3676 3685
f 3684 3675 3685
f 3687 3338 3686
f 3685 3338 3687
f 3685 3329 3338
f 3685 3676 3329
f 3339 3686 3338
f 3688 3686 3339
f 3340 3688 3339
f 3689 3688 3340
f 3340 3342 3689
f 3348 3690 3691
f 3347 3690 3348
f 3677 3679 3690
f 3677 3690 3349
f 3349 3690 3347
f 3677 3349 3333
f 3680 3334 3350
f 3692 3680 3350
f 3692 3350 3693
f 3350 3351 3693
f 3695 3352 3694
f 3695 3693 3352
f 3693 3351 3352
f 3352 3353 3694
f 3698 3696 3697
f 3697 3681 3682
f 3697 3696 3681
f 3696 3699 3681
f 3681 3699 3355
f 3337 3681 3355
f 3687 3686 3700
f 3686 3688 3701
f 3700 3686 3701
f 3688 3689 3702
f 3701 3688 3702
f 3704 3356 3703
f 3702 3356 3704
f 3702 3342 3356
f 3702 3689 3342
f 3357 3703 3356
f 3705 3703 3357
f 3358 3705 3357
f 3706 3705 3358
f 3359 3706 3358
f 3707 3706 3359
f 3359 3361 3707
f 3366 3708 3709
f 3365 3708 3366
f 3708 3365 3348
f 3691 3708 3348
f 3694 3368 3369
f 3694 3369 3695
f 3695 3369 3710
f 3694 3353 3368
f 3713 3711 3712
f 3712 3696 3698
f 3712 3711 3696
f 3711 3714 3696
f 3371 3370 3699
f 3371 3699 3714
f 3714 3699 3696
f 3699 3370 3355
f 3704 3703 3715
f 3703 3705 3716
f 3715 3703 3716
f 3705 3706 3717
f 3716 3705 3717
f 3706 3707 3718
f 3717 3706 3718
f 3707 3361 3372
f 3707 3372 3718
f 3718 3372 3719
f 3721 3373 3720
f 3721 3719 3373
f 3719 3372 3373
f 3374 3720 3373
f 3722 3720 3374
f 3375 3722 3374
f 3723 3722 3375
f 3376 3723 3375
f 3724 3723 3376
f 3376 3378 3724
f 3381 3725 3382
f 3725 3381 3384
f 3728 3726 3727
f 3386 3727 3726
f 3386 3385 3727
f 3385 3729 3727
f 3729 3385 3730
f 3385 3387 3730
f 3730 3387 3731
f 3387 3388 3731
f 3731 3388 3732
f 3388 3389 3732
f 3732 3389 3366
f 3709 3732 3366
f 3733 3734 3710
f 3733 3710 3391
f 3391 3710 3369
f 3734 3735 3736
f 3733 3735 3734
f 3394 3736 3735
f 3394 3393 3736
f 3393 3737 3736
f 3737 3393 3738
f 3393 3395 3738
f 3738 3395 3739
f 3395 3396 3739
f 3739 3396 3740
f 3396 3397 3740
f 3740 3397 3741
f 3397 3398 3741
f 3711 3713 3741
f 3711 3741 3399
f 3399 3741 3398
f 3714 3711 3399
f 3400 3714 3399
f 3714 3400 3371
f 3721 3720 3742
f 3720 3722 3743
f 3742 3720 3743
f 3722 3723 3744
f 3743 3722 3744
f 3723 3724 3745
f 3744 3723 3745
f 3724 3378 3401
f 3724 3401 3745
f 3745 3401 3746
f 3746 3401 3747
f 3401 3402 3747
f 3747 3402 3748
f 3402 3403 3748
f 3748 3403 3749
f 3403 3404 3749
f 3749 3404 3750
f 3404 3405 3750
f 3752 3406 3751
f 3752 3750 3406
f 3750 3405 3406
f 3407 3751 3406
f 3753 3751 3407
f 3408 3753 3407
f 3754 3753 3408
f 3409 3754 3408
f 3755 3754 3409
f 3410 3755 3409
f 3756 3755 3410
f 3411 3756 3410
f 3757 3756 3411
f 3411 3413 3757
f 3414 3758 3415
f 3414 3417 3758
f 3418 3759 3419
f 3418 3421 3759
f 3762 3760 3761
f 3760 3763 3761
f 3760 3382 3763
f 3760 3426 3382
f 3725 3763 3382
f 3726 3728 3763
f 3726 3763 3427
f 3725 3384 3763
f 3384 3427 3763
f 3726 3427 3386
f 3733 3391 3428
f 3735 3733 3428
f 3429 3735 3428
f 3735 3429 3394
f 3752 3751 3764
f 3751 3753 3765
f 3764 3751 3765
f 3753 3754 3766
f 3765 3753 3766
f 3754 3755 3767
f 3766 3754 3767
f 3755 3756 3768
f 3767 3755 3768
f 3756 3757 3769
f 3768 3756 3769
f 3757 3413 3430
f 3757 3430 3769
f 3769 3430 3770
f 3415 3758 3771
f 3415 3771 3430
f 3430 3771 3770
f 3758 3417 3431
f 3758 3431 3771
f 3771 3431 3772
f 3419 3759 3773
f 3419 3773 3431
f 3431 3773 3772
f 3759 3421 3432
f 3759 3432 3773
f 3773 3432 3774
f 3774 3432 3775
f 3432 3433 3775
f 3775 3433 3776
f 3433 3434 3776
f 3776 3434 3777
f 3434 3435 3777
f 3777 3435 3778
f 3435 3436 3778
f 3778 3436 3779
f 3436 3437 3779
f 3779 3437 3780
f 3437 3438 3780
f 3760 3762 3780
f 3760 3780 3439
f 3439 3780 3438
f 3760 3439 3426
f 3783 3782 3781
f 3782 3784 3781
f 3787 3786 3785
f 3786 3788 3785
f 3791 3790 3789
f 3790 3793 3792
f 3789 3790 3792
f 3793 3795 3794
f 3792 3793 3794
f 3795 3797 3796
f 3794 3795 3796
f 3797 3799 3798
f 3796 3797 3798
f 3442 3798 3799
f 3442 3799 3441
f 3441 3799 3800
f 3800 3801 3441
f 3441 3801 3444
f 3801 3802 3444
f 3444 3802 3446
f 3802 3803 3446
f 3446 3803 3448
f 3803 3804 3448
f 3448 3804 3450
f 3781 3804 3783
f 3781 3452 3804
f 3452 3450 3804
f 3784 3452 3781
f 3784 3805 3452
f 3805 3454 3452
f 3805 3806 3454
f 3454 3806 3456
f 3785 3806 3787
f 3785 3458 3806
f 3458 3456 3806
f 3788 3458 3785
f 3788 3807 3458
f 3807 3460 3458
f 3807 3808 3460
f 3460 3808 3462
f 3808 3809 3462
f 3462 3809 3464
f 3809 3810 3464
f 3464 3810 3466
f 3810 3811 3466
f 3466 3811 3468
f 3811 3812 3468
f 3468 3812 3470
f 3812 3813 3470
f 3470 3813 3472
f 3814 3473 3472
f 3814 3472 3815
f 3815 3472 3813
f 3815 3817 3816
f 3814 3815 3816
f 3817 3819 3818
f 3816 3817 3818
f 3819 3821 3820
f 3818 3819 3820
f 3821 3823 3822
f 3820 3821 3822
f 3823 3824 3822
f 3827 3826 3825
f 3826 3829 3828
f 3825 3826 3828
f 3829 3831 3830
f 3828 3829 3830
f 3831 3833 3832
f 3830 3831 3832
f 3833 3835 3834
f 3832 3833 3834
f 3789 3475 3476
f 3791 3789 3476
f 3791 3476 3834
f 3791 3834 3835
f 3792 3475 3789
f 3478 3475 3792
f 3794 3478 3792
f 3480 3478 3794
f 3796 3480 3794
f 3482 3480 3796
f 3798 3482 3796
f 3484 3482 3798
f 3798 3442 3484
f 3814 3485 3473
f 3816 3485 3814
f 3486 3485 3816
f 3818 3486 3816
f 3488 3486 3818
f 3820 3488 3818
f 3490 3488 3820
f 3822 3490 3820
f 3492 3490 3822
f 3824 3492 3822
f 3824 3836 3492
f 3836 3494 3492
f 3836 3837 3494
f 3494 3837 3496
f 3838 3497 3496
f 3838 3496 3839
f 3839 3496 3837
f 3839 3840 3838
f 3843 3842 3841
f 3842 3845 3844
f 3841 3842 3844
f 3845 3847 3846
f 3844 3845 3846
f 3847 3849 3848
f 3846 3847 3848
f 3825 3499 3500
f 3827 3825 3500
f 3827 3500 3848
f 3827 3848 3849
f 3828 3499 3825
f 3502 3499 3828
f 3830 3502 3828
f 3504 3502 3830
f 3832 3504 3830
f 3506 3504 3832
f 3834 3506 3832
f 3507 3506 3834
f 3834 3476 3507
f 3838 3508 3497
f 3840 3508 3838
f 3840 3850 3508
f 3850 3509 3508
f 3850 3851 3509
f 3509 3851 3511
f 3851 3852 3511
f 3511 3852 3513
f 3853 3514 3513
f 3853 3513 3854
f 3854 3513 3852
f 3854 3855 3853
f 3858 3857 3856
f 3857 3860 3859
f 3856 3857 3859
f 3860 3862 3861
f 3859 3860 3861
f 3862 3864 3863
f 3861 3862 3863
f 3841 3516 3517
f 3843 3841 3517
f 3843 3517 3863
f 3843 3863 3864
f 3844 3516 3841
f 3519 3516 3844
f 3846 3519 3844
f 3521 3519 3846
f 3848 3521 3846
f 3523 3521 3848
f 3848 3500 3523
f 3853 3524 3514
f 3855 3524 3853
f 3855 3865 3524
f 3865 3525 3524
f 3865 3866 3525
f 3525 3866 3527
f 3867 3528 3527
f 3867 3527 3868
f 3868 3527 3866
f 3868 3870 3869
f 3867 3868 3869
f 3870 3871 3869
f 3874 3873 3872
f 3873 3876 3875
f 3872 3873 3875
f 3876 3858 3856
f 3876 3856 3875
f 3875 3856 3877
f 3856 3859 3877
f 3859 3878 3877
f 3531 3861 3530
f 3531 3878 3861
f 3878 3859 3861
f 3863 3530 3861
f 3533 3530 3863
f 3863 3517 3533
f 3867 3535 3528
f 3869 3535 3867
f 3536 3535 3869
f 3871 3536 3869
f 3871 3879 3536
f 3879 3537 3536
f 3537 3879 3880
f 3538 3537 3880
f 3883 3882 3881
f 3882 3874 3872
f 3882 3872 3881
f 3881 3872 3884
f 3541 3875 3540
f 3541 3884 3875
f 3884 3872 3875
f 3877 3540 3875
f 3543 3540 3877
f 3878 3543 3877
f 3545 3543 3878
f 3878 3531 3545
f 3880 3547 3538
f 3885 3547 3880
f 3547 3885 3886
f 3548 3547 3886
f 3889 3888 3887
f 3888 3883 3881
f 3888 3881 3887
f 3887 3881 3890
f 3551 3884 3550
f 3551 3890 3884
f 3890 3881 3884
f 3884 3541 3550
f 3886 3891 3548
f 3891 3554 3548
f 3894 3893 3892
f 3556 3892 3893
f 3556 3893 3555
f 3555 3893 3895
f 3895 3896 3555
f 3555 3896 3558
f 3897 3559 3558
f 3897 3558 3898
f 3898 3558 3896
f 3898 3899 3897
f 3902 3901 3900
f 3901 3889 3887
f 3901 3887 3900
f 3900 3887 3903
f 3887 3890 3903
f 3890 3904 3903
f 3890 3561 3904
f 3551 3561 3890
f 3891 3564 3554
f 3905 3564 3891
f 3564 3905 3906
f 3565 3564 3906
f 3894 3892 3907
f 3892 3908 3907
f 3892 3556 3908
f 3556 3567 3908
f 3897 3568 3559
f 3899 3568 3897
f 3899 3909 3568
f 3909 3569 3568
f 3909 3910 3569
f 3569 3910 3571
f 3571 3910 3911
f 3572 3571 3911
f 3913 3902 3900
f 3912 3913 3900
f 3900 3903 3912
f 3903 3914 3912
f 3575 3904 3574
f 3575 3914 3904
f 3914 3903 3904
f 3904 3561 3574
f 3577 3916 3915
f 3577 3565 3916
f 3565 3906 3916
f 3915 3918 3917
f 3915 3917 3577
f 3577 3917 3578
f 3917 3567 3578
f 3908 3567 3917
f 3911 3579 3572
f 3919 3579 3911
f 3921 3920 3580
f 3921 3580 3919
f 3919 3580 3579
f 3580 3920 3581
f 3924 3923 3922
f 3923 3913 3912
f 3923 3912 3922
f 3922 3912 3925
f 3912 3914 3925
f 3914 3926 3925
f 3914 3583 3926
f 3575 3583 3914
f 3928 3915 3916
f 3927 3915 3928
f 3927 3918 3915
f 3927 3930 3918
f 3929 3586 3585
f 3585 3587 3929
f 3921 3931 3920
f 3933 3932 3588
f 3931 3933 3588
f 3931 3588 3581
f 3931 3581 3920
f 3588 3932 3590
f 3935 3924 3922
f 3934 3935 3922
f 3922 3925 3934
f 3925 3936 3934
f 3925 3926 3936
f 3926 3937 3936
f 3926 3592 3937
f 3583 3592 3926
f 3927 3596 3595
f 3927 3928 3596
f 3928 3938 3596
f 3929 3598 3586
f 3930 3927 3599
f 3930 3599 3939
f 3599 3927 3595
f 3929 3587 3598
f 3933 3940 3932
f 3942 3941 3600
f 3940 3942 3600
f 3940 3600 3590
f 3940 3590 3932
f 3600 3941 3602
f 3944 3935 3934
f 3943 3944 3934
f 3934 3936 3943
f 3936 3945 3943
f 3936 3937 3945
f 3937 3946 3945
f 3937 3604 3946
f 3592 3604 3937
f 3938 3947 3596
f 3947 3606 3596
f 3939 3599 3948
f 3948 3599 3608
f 3950 3941 3942
f 3949 3941 3950
f 3941 3949 3610
f 3602 3941 3610
f 3944 3943 3951
f 3953 3951 3943
f 3953 3943 3952
f 3952 3943 3945
f 3945 3946 3952
f 3946 3954 3952
f 3946 3613 3954
f 3604 3613 3946
f 3947 3955 3606
f 3955 3616 3606
f 3948 3608 3956
f 3956 3608 3617
f 3958 3949 3950
f 3957 3949 3958
f 3949 3957 3619
f 3610 3949 3619
f 3953 3952 3959
f 3961 3959 3952
f 3961 3952 3960
f 3960 3952 3954
f 3954 3622 3960
f 3613 3622 3954
f 3964 3962 3963
f 3963 3962 3624
f 3963 3624 3955
f 3955 3624 3616
f 3956 3617 3965
f 3965 3617 3625
f 3967 3957 3958
f 3966 3957 3967
f 3957 3966 3627
f 3619 3957 3627
f 3969 3961 3960
f 3968 3969 3960
f 3629 3960 3622
f 3629 3970 3960
f 3970 3968 3960
f 3629 3631 3970
f 3962 3635 3634
f 3962 3964 3635
f 3964 3971 3635
f 3962 3634 3624
f 3965 3625 3972
f 3972 3625 3636
f 3974 3966 3967
f 3973 3966 3974
f 3966 3973 3637
f 3627 3966 3637
f 3969 3968 3975
f 3977 3975 3968
f 3977 3968 3976
f 3976 3968 3970
f 3638 3970 3631
f 3638 3978 3970
f 3978 3976 3970
f 3638 3640 3978
f 3644 3979 3980
f 3643 3979 3644
f 3979 3643 3635
f 3971 3979 3635
f 3983 3982 3981
f 3982 3645 3981
f 3982 3972 3645
f 3972 3636 3645
f 3985 3973 3974
f 3984 3973 3985
f 3973 3984 3647
f 3637 3973 3647
f 3977 3976 3986
f 3988 3986 3976
f 3988 3976 3987
f 3987 3976 3978
f 3648 3978 3640
f 3648 3989 3978
f 3989 3987 3978
f 3648 3650 3989
f 3980 3990 3644
f 3990 3653 3644
f 3981 3654 3655
f 3981 3655 3983
f 3983 3655 3991
f 3981 3645 3654
f 3993 3984 3985
f 3992 3984 3993
f 3984 3992 3657
f 3647 3984 3657
f 3988 3987 3994
f 3996 3994 3987
f 3996 3987 3995
f 3995 3987 3989
f 3659 3989 3650
f 3659 3997 3989
f 3997 3995 3989
f 3659 3661 3997
f 3666 3998 3999
f 3665 3998 3666
f 3998 3665 3653
f 3990 3998 3653
f 4002 4001 4000
f 4001 3667 4000
f 4001 3991 3667
f 3991 3655 3667
f 4004 3992 3993
f 4003 3992 4004
f 3992 4003 3669
f 3657 3992 3669
f 3996 3995 4005
f 3995 3997 4006
f 4005 3995 4006
f 4008 3671 4007
f 4006 3671 4008
f 4006 3661 3671
f 4006 3997 3661
f 3672 4007 3671
f 4009 4007 3672
f 3672 3674 4009
f 3679 4010 4011
f 3678 4010 3679
f 4010 3678 3666
f 3999 4010 3666
f 4013 4002 4000
f 4012 4013 4000
f 4000 3680 4012
f 3667 3680 4000
f 4015 4003 4004
f 4014 4003 4015
f 4003 4014 3682
f 3669 4003 3682
f 4008 4007 4016
f 4007 4009 4017
f 4016 4007 4017
f 4019 3683 4018
f 4017 3683 4019
f 4017 3674 3683
f 4017 4009 3674
f 3684 4018 3683
f 4020 4018 3684
f 3685 4020 3684
f 4021 4020 3685
f 3685 3687 4021
f 4024 4022 4023
f 3691 4023 4022
f 3691 3690 4023
f 3690 4025 4023
f 4025 3690 3679
f 4011 4025 3679
f 4013 4012 4026
f 4012 3680 3692
f 4012 3692 4026
f 4026 3692 4027
f 4029 3693 4028
f 4029 4027 3693
f 4027 3692 3693
f 3693 3695 4028
f 4032 4030 4031
f 4014 3698 3697
f 4015 3698 4014
f 4015 4030 3698
f 4015 4031 4030
f 4014 3697 3682
f 4019 4018 4033
f 4018 4020 4034
f 4033 4018 4034
f 4020 4021 4035
f 4034 4020 4035
f 4037 3700 4036
f 4035 3700 4037
f 4035 3687 3700
f 4035 4021 3687
f 3701 4036 3700
f 4038 4036 3701
f 3702 4038 3701
f 4039 4038 3702
f 3702 3704 4039
f 4042 4040 4041
f 4022 3709 3708
f 4024 3709 4022
f 4024 4040 3709
f 4024 4041 4040
f 4022 3708 3691
f 4029 4028 4043
f 4028 4044 4043
f 4028 3695 4044
f 3695 3710 4044
f 4047 4045 4046
f 4030 3713 3712
f 4032 3713 4030
f 4032 4045 3713
f 4032 4046 4045
f 4030 3712 3698
f 4037 4036 4048
f 4036 4038 4049
f 4048 4036 4049
f 4038 4039 4050
f 4049 4038 4050
f 4039 3704 3715
f 4039 3715 4050
f 4050 3715 4051
f 4051 3715 4052
f 3715 3716 4052
f 4054 3717 4053
f 4054 4052 3717
f 4052 3716 3717
f 3718 4053 3717
f 4055 4053 3718
f 3719 4055 3718
f 4056 4055 3719
f 3719 3721 4056
f 3727 4057 3728
f 3729 4057 3727
f 4058 4057 3729
f 4058 4059 4060
f 4058 3729 4059
f 3729 3730 4059
f 4059 3730 4061
f 3730 3731 4061
f 4040 4042 4061
f 4040 4061 3732
f 3732 4061 3731
f 4040 3732 3709
f 4044 3710 3734
f 4062 4044 3734
f 4062 3734 4063
f 3734 3736 4063
f 4063 3736 4064
f 3736 3737 4064
f 4064 3737 4065
f 3737 3738 4065
f 4065 3738 4066
f 3738 3739 4066
f 4066 3739 4067
f 3739 3740 4067
f 4045 4047 4067
f 4045 4067 3741
f 3741 4067 3740
f 4045 3741 3713
f 4054 4053 4068
f 4053 4055 4069
f 4068 4053 4069
f 4055 4056 4070
f 4069 4055 4070
f 4056 3721 3742
f 4056 3742 4070
f 4070 3742 4071
f 4071 3742 4072
f 3742 3743 4072
f 4072 3743 4073
f 3743 3744 4073
f 4073 3744 4074
f 3744 3745 4074
f 4076 3746 4075
f 4076 4074 3746
f 4074 3745 3746
f 4075 4077 4078
f 4075 3746 4077
f 3746 3747 4077
f 4080 3748 4079
f 4080 4077 3748
f 4077 3747 3748
f 3749 4079 3748
f 4081 4079 3749
f 3750 4081 3749
f 4082 4081 3750
f 3750 3752 4082
f 3762 4083 4084
f 3761 4083 3762
f 4083 3761 4085
f 3761 3763 4085
f 3728 4057 4086
f 3728 4086 3763
f 3763 4086 4085
f 4057 4058 4087
f 4086 4057 4087
f 4058 4060 4087
f 4076 4075 4088
f 4075 4078 4088
f 4080 4079 4089
f 4079 4081 4090
f 4089 4079 4090
f 4081 4082 4091
f 4090 4081 4091
f 4082 3752 3764
f 4082 3764 4091
f 4091 3764 4092
f 4092 3764 4093
f 3764 3765 4093
f 4093 3765 4094
f 3765 3766 4094
f 4094 3766 4095
f 3766 3767 4095
f 4095 3767 4096
f 3767 3768 4096
f 4096 3768 4097
f 3768 3769 4097
f 4097 3769 4098
f 3769 3770 4098
f 4098 3770 4099
f 3770 3771 4099
f 4099 3771 4100
f 3771 3772 4100
f 4100 3772 4101
f 3772 3773 4101
f 4101 3773 4102
f 3773 3774 4102
f 4102 3774 4103
f 3774 3775 4103
f 4103 3775 4104
f 3775 3776 4104
f 4104 3776 4105
f 3776 3777 4105
f 4105 3777 4106
f 3777 3778 4106
f 4106 3778 4107
f 3778 3779 4107
f 4107 3779 4108
f 3779 3780 4108
f 4108 3780 3762
f 4084 4108 3762
f 4111 4110 4109
f 4110 4113 4112
f 4109 4110 4112
f 4113 4115 4114
f 4112 4113 4114
f 4115 4117 4116
f 4114 4115 4116
f 4117 4119 4118
f 4116 4117 4118
f 4119 4121 4120
f 4118 4119 4120
f 4121 4123 4122
f 4120 4121 4122
f 4123 4125 4124
f 4122 4123 4124
f 3783 4124 4125
f 3783 4125 3782
f 3782 4125 4126
f 4127 3784 3782
f 4127 3782 4128
f 4128 3782 4126
f 4128 4130 4129
f 4127 4128 4129
f 3787 4129 4130
f 3787 4130 3786
f 3786 4130 4131
f 4132 3788 3786
f 4132 3786 4133
f 4133 3786 4131
f 4133 4135 4134
f 4132 4133 4134
f 4135 4137 4136
f 4134 4135 4136
f 4137 4139 4138
f 4136 4137 4138
f 4139 4141 4140
f 4138 4139 4140
f 4141 4143 4142
f 4140 4141 4142
f 4143 4145 4144
f 4142 4143 4144
f 4145 4147 4146
f 4144 4145 4146
f 4147 4149 4148
f 4146 4147 4148
f 4149 4150 4148
f 4153 4152 4151
f 4152 4155 4154
f 4151 4152 4154
f 4155 4157 4156
f 4154 4155 4156
f 4157 4159 4158
f 4156 4157 4158
f 3791 4158 4159
f 3791 4159 3790
f 3790 4159 4160
f 4160 4161 3790
f 3790 4161 3793
f 4109 4161 4111
f 4109 3795 4161
f 3795 3793 4161
f 4112 3795 4109
f 3797 3795 4112
f 4114 3797 4112
f 3799 3797 4114
f 4116 3799 4114
f 3800 3799 4116
f 4118 3800 4116
f 3801 3800 4118
f 4120 3801 4118
f 3802 3801 4120
f 4122 3802 4120
f 3803 3802 4122
f 4124 3803 4122
f 3804 3803 4124
f 4124 3783 3804
f 4127 3805 3784
f 4129 3805 4127
f 3806 3805 4129
f 4129 3787 3806
f 4132 3807 3788
f 4134 3807 4132
f 3808 3807 4134
f 4136 3808 4134
f 3809 3808 4136
f 4138 3809 4136
f 3810 3809 4138
f 4140 3810 4138
f 3811 3810 4140
f 4142 3811 4140
f 3812 3811 4142
f 4144 3812 4142
f 3813 3812 4144
f 4146 3813 4144
f 3815 3813 4146
f 4148 3815 4146
f 3817 3815 4148
f 4150 3817 4148
f 4150 4162 3817
f 4162 3819 3817
f 4162 4163 3819
f 3819 4163 3821
f 4163 4164 3821
f 3821 4164 3823
f 4165 3824 3823
f 4165 3823 4166
f 4166 3823 4164
f 4166 4167 4165
f 4170 4169 4168
f 4169 4172 4171
f 4168 4169 4171
f 4172 4174 4173
f 4171 4172 4173
f 4174 4176 4175
f 4173 4174 4175
f 3827 4175 4176
f 3827 4176 3826
f 3826 4176 4177
f 4151 4177 4153
f 4151 3829 4177
f 3829 3826 4177
f 4154 3829 4151
f 3831 3829 4154
f 4156 3831 4154
f 3833 3831 4156
f 4158 3833 4156
f 3835 3833 4158
f 4158 3791 3835
f 4165 3836 3824
f 4167 3836 4165
f 4167 4178 3836
f 4178 3837 3836
f 4178 4179 3837
f 3837 4179 3839
f 4180 3840 3839
f 4180 3839 4181
f 4181 3839 4179
f 4181 4183 4182
f 4180 4181 4182
f 4183 4184 4182
f 4187 4186 4185
f 4186 4189 4188
f 4185 4186 4188
f 4189 4191 4190
f 4188 4189 4190
f 4191 4193 4192
f 4190 4191 4192
f 4168 3842 3843
f 4170 4168 3843
f 4170 3843 4192
f 4170 4192 4193
f 4171 3842 4168
f 3845 3842 4171
f 4173 3845 4171
f 3847 3845 4173
f 4175 3847 4173
f 3849 3847 4175
f 4175 3827 3849
f 4180 3850 3840
f 4182 3850 4180
f 3851 3850 4182
f 4184 3851 4182
f 4184 4194 3851
f 4194 3852 3851
f 4194 4195 3852
f 3852 4195 3854
f 4196 3855 3854
f 4196 3854 4197
f 4197 3854 4195
f 4197 4199 4198
f 4196 4197 4198
f 4199 4200 4198
f 4203 4202 4201
f 4185 3857 3858
f 4187 4185 3858
f 4187 3858 4201
f 4187 4201 4202
f 4188 3857 4185
f 3860 3857 4188
f 4190 3860 4188
f 3862 3860 4190
f 4192 3862 4190
f 3864 3862 4192
f 4192 3843 3864
f 4196 3865 3855
f 4198 3865 4196
f 3866 3865 4198
f 4200 3866 4198
f 4200 4204 3866
f 4204 3868 3866
f 4204 4205 3868
f 3868 4205 3870
f 3870 4205 4206
f 3871 3870 4206
f 4209 4208 4207
f 3874 4207 4208
f 3874 4208 3873
f 3873 4208 4210
f 4201 4210 4203
f 4201 3876 4210
f 3876 3873 4210
f 4201 3858 3876
f 4206 3879 3871
f 4211 3879 4206
f 3879 4211 4212
f 3880 3879 4212
f 4215 4214 4213
f 4207 3882 3883
f 4209 4207 3883
f 4209 3883 4213
f 4209 4213 4214
f 4207 3874 3882
f 3885 4217 4216
f 3885 3880 4217
f 3880 4212 4217
f 3885 4216 3886
f 4220 4219 4218
f 4219 4221 4218
f 4224 4223 4222
f 4213 3888 3889
f 4215 4213 3889
f 4215 3889 4222
f 4215 4222 4223
f 4213 3883 3888
f 4217 4225 4216
f 4216 4225 4226
f 4216 4226 3886
f 3886 4226 3891
f 4218 3893 3894
f 4218 3894 4220
f 4220 3894 4227
f 4221 3893 4218
f 4221 4228 3893
f 4228 3895 3893
f 4228 4229 3895
f 3895 4229 3896
f 4231 4230 3898
f 4231 3898 4229
f 4229 3898 3896
f 3898 4230 3899
f 4234 4233 4232
f 4222 3901 3902
f 4224 4222 3902
f 4224 3902 4232
f 4224 4232 4233
f 4222 3889 3901
f 3905 4236 4235
f 3905 3891 4236
f 3891 4226 4236
f 4237 3906 3905
f 4237 3905 4238
f 4235 4239 3905
f 4239 4238 3905
f 4227 3894 4237
f 4227 4237 4238
f 3894 3907 4237
f 4241 4237 4240
f 3907 4240 4237
f 3907 4242 4240
f 3908 4242 3907
f 4231 4243 4230
f 4230 3909 3899
f 4230 4243 3909
f 4243 4244 3909
f 4246 4245 3910
f 4246 3910 4244
f 4244 3910 3909
f 3910 4245 3911
f 4249 4248 4247
f 4248 4234 4232
f 4248 4232 4247
f 4247 4232 4250
f 4232 3913 4250
f 3902 3913 4232
f 4236 4251 4235
f 3906 4252 3916
f 3906 4237 4252
f 4239 4235 4251
f 4241 4253 3917
f 4241 3917 4252
f 4241 4252 4237
f 4252 3917 3918
f 4253 3908 3917
f 4242 3908 4253
f 4246 4254 4245
f 4256 4255 3919
f 4254 4256 3919
f 4254 3919 3911
f 4254 3911 4245
f 3919 4255 3921
f 4258 4249 4247
f 4257 4258 4247
f 3924 4250 3923
f 3924 4257 4250
f 4257 4247 4250
f 4250 3913 3923
f 4259 3916 4252
f 4259 4260 3916
f 4260 3928 3916
f 4252 4261 4259
f 4252 3918 4261
f 3918 3930 4261
f 4256 4262 4255
f 4264 4263 3931
f 4262 4264 3931
f 4262 3931 3921
f 4262 3921 4255
f 3931 4263 3933
f 4266 4258 4257
f 4265 4266 4257
f 4257 3935 4265
f 3924 3935 4257
f 4260 4267 3928
f 4267 3938 3928
f 4261 3930 4268
f 4268 3930 3939
f 4270 4263 4264
f 4269 4263 4270
f 3940 3933 4263
f 3940 4263 4271
f 4271 4263 4269
f 3940 4271 3942
f 4273 4266 4265
f 4272 4273 4265
f 4265 3944 4272
f 3935 3944 4265
f 4276 4274 4275
f 4275 4274 3947
f 4275 3947 4267
f 4267 3947 3938
f 4268 3939 4277
f 4277 3939 3948
f 4270 4278 4269
f 4280 4269 4278
f 4280 4279 4269
f 4279 4271 4269
f 4271 4279 3950
f 3942 4271 3950
f 4282 4273 4272
f 4281 4282 4272
f 3951 4272 3944
f 3951 4283 4272
f 4283 4281 4272
f 3951 3953 4283
f 4285 4274 4276
f 4284 4274 4285
f 3955 3947 4287
f 3955 4287 4286
f 3947 4274 4287
f 4288 4287 4284
f 4274 4284 4287
f 4287 3956 4286
f 4287 4277 3956
f 4277 3948 3956
f 4290 4279 4280
f 4289 4279 4290
f 4279 4289 3958
f 3950 4279 3958
f 4282 4281 4291
f 4293 4291 4281
f 4293 4281 4292
f 4292 4281 4283
f 3959 4283 3953
f 3959 4294 4283
f 4294 4292 4283
f 3959 3961 4294
f 4284 3964 3963
f 4284 4285 3964
f 4285 4295 3964
f 4286 4296 3963
f 4286 3963 3955
f 4296 4297 3963
f 4284 3963 4288
f 4297 4288 3963
f 4286 3965 4296
f 3956 3965 4286
f 4299 4289 4290
f 4298 4289 4299
f 4289 4298 3967
f 3958 4289 3967
f 4293 4292 4300
f 4302 4300 4292
f 4302 4292 4301
f 4301 4292 4294
f 4294 3969 4301
f 3961 3969 4294
f 4295 4303 3964
f 4303 3971 3964
f 4305 4297 4296
f 4304 4305 4296
f 4296 3972 4304
f 3965 3972 4296
f 4307 4298 4299
f 4306 4298 4307
f 4298 4306 3974
f 3967 4298 3974
f 4309 4302 4301
f 4308 4309 4301
f 3975 4301 3969
f 3975 4310 4301
f 4310 4308 4301
f 3975 3977 4310
f 3980 4311 4312
f 3979 4311 3980
f 4311 3979 3971
f 4303 4311 3971
f 4304 3982 3983
f 4304 3983 4305
f 4305 3983 4313
f 4304 3972 3982
f 4315 4306 4307
f 4314 4306 4315
f 4306 4314 3985
f 3974 4306 3985
f 4309 4308 4316
f 4308 4310 4317
f 4316 4308 4317
f 4319 3986 4318
f 4317 3986 4319
f 4317 3977 3986
f 4317 4310 3977
f 3986 3988 4318
f 4312 4320 3980
f 4320 3990 3980
f 4323 4322 4321
f 4322 3991 4321
f 4322 4313 3991
f 4313 3983 3991
f 4325 4314 4315
f 4324 4314 4325
f 4314 4324 3993
f 3985 4314 3993
f 4319 4318 4326
f 4328 3994 4327
f 4326 3994 4328
f 4326 3988 3994
f 4326 4318 3988
f 3994 3996 4327
f 3999 4329 4330
f 3998 4329 3999
f 4329 3998 3990
f 4320 4329 3990
f 4321 4001 4002
f 4321 4002 4323
f 4323 4002 4331
f 4321 3991 4001
f 4334 4332 4333
f 4333 4324 4325
f 4333 4332 4324
f 4332 4335 4324
f 4324 4335 4004
f 3993 4324 4004
f 4328 4327 4336
f 4338 4005 4337
f 4336 4005 4338
f 4336 3996 4005
f 4336 4327 3996
f 4006 4337 4005
f 4339 4337 4006
f 4006 4008 4339
f 4011 4340 4341
f 4010 4340 4011
f 4340 4010 3999
f 4330 4340 3999
f 4331 4002 4342
f 4342 4002 4013
f 4344 4332 4334
f 4343 4332 4344
f 4332 4343 4335
f 4335 4343 4345
f 4335 4345 4015
f 4004 4335 4015
f 4338 4337 4346
f 4337 4339 4347
f 4346 4337 4347
f 4339 4008 4016
f 4339 4016 4347
f 4347 4016 4348
f 4350 4017 4349
f 4350 4348 4017
f 4348 4016 4017
f 4017 4019 4349
f 4024 4351 4352
f 4023 4351 4024
f 4351 4023 4353
f 4023 4025 4353
f 4353 4025 4011
f 4341 4353 4011
f 4342 4013 4026
f 4354 4342 4026
f 4354 4026 4355
f 4026 4027 4355
f 4027 4356 4355
f 4029 4356 4027
f 4358 4343 4344
f 4357 4343 4358
f 4032 4031 4345
f 4032 4345 4357
f 4357 4345 4343
f 4345 4031 4015
f 4350 4349 4359
f 4361 4033 4360
f 4359 4033 4361
f 4359 4019 4033
f 4359 4349 4019
f 4034 4360 4033
f 4362 4360 4034
f 4035 4362 4034
f 4363 4362 4035
f 4035 4037 4363
f 4042 4364 4365
f 4041 4364 4042
f 4364 4041 4024
f 4352 4364 4024
f 4043 4366 4367
f 4043 4367 4029
f 4029 4367 4356
f 4043 4044 4366
f 4370 4368 4369
f 4369 4371 4372
f 4368 4371 4369
f 4357 4047 4046
f 4358 4047 4357
f 4358 4371 4047
f 4358 4372 4371
f 4357 4046 4032
f 4361 4360 4373
f 4360 4362 4374
f 4373 4360 4374
f 4362 4363 4375
f 4374 4362 4375
f 4363 4037 4048
f 4363 4048 4375
f 4375 4048 4376
f 4376 4048 4377
f 4048 4049 4377
f 4379 4050 4378
f 4379 4377 4050
f 4377 4049 4050
f 4051 4378 4050
f 4380 4378 4051
f 4052 4380 4051
f 4381 4380 4052
f 4052 4054 4381
f 4060 4382 4383
f 4059 4382 4060
f 4382 4059 4384
f 4059 4061 4384
f 4384 4061 4042
f 4365 4384 4042
f 4386 4367 4366
f 4385 4386 4366
f 4062 4366 4044
f 4062 4387 4366
f 4387 4385 4366
f 4387 4388 4389
f 4387 4062 4388
f 4062 4063 4388
f 4388 4063 4390
f 4063 4064 4390
f 4390 4064 4391
f 4064 4065 4391
f 4368 4370 4391
f 4368 4391 4066
f 4066 4391 4065
f 4371 4368 4066
f 4067 4371 4066
f 4371 4067 4047
f 4379 4378 4392
f 4378 4380 4393
f 4392 4378 4393
f 4380 4381 4394
f 4393 4380 4394
f 4381 4054 4068
f 4381 4068 4394
f 4394 4068 4395
f 4395 4068 4396
f 4068 4069 4396
f 4396 4069 4397
f 4069 4070 4397
f 4399 4071 4398
f 4399 4397 4071
f 4397 4070 4071
f 4072 4398 4071
f 4400 4398 4072
f 4073 4400 4072
f 4401 4400 4073
f 4074 4401 4073
f 4402 4401 4074
f 4074 4076 4402
f 4077 4403 4078
f 4077 4080 4403
f 4406 4404 4405
f 4084 4405 4404
f 4084 4083 4405
f 4083 4407 4405
f 4407 4083 4408
f 4083 4085 4408
f 4408 4085 4409
f 4085 4086 4409
f 4409 4086 4410
f 4086 4087 4410
f 4410 4087 4060
f 4383 4410 4060
f 4386 4385 4411
f 4385 4387 4412
f 4411 4385 4412
f 4387 4389 4412
f 4399 4398 4413
f 4398 4400 4414
f 4413 4398 4414
f 4400 4401 4415
f 4414 4400 4415
f 4401 4402 4416
f 4415 4401 4416
f 4402 4076 4088
f 4402 4088 4416
f 4416 4088 4417
f 4078 4403 4418
f 4078 4418 4088
f 4088 4418 4417
f 4403 4080 4089
f 4403 4089 4418
f 4418 4089 4419
f 4419 4089 4420
f 4089 4090 4420
f 4420 4090 4421
f 4090 4091 4421
f 4421 4091 4422
f 4091 4092 4422
f 4422 4092 4423
f 4092 4093 4423
f 4423 4093 4424
f 4093 4094 4424
f 4424 4094 4425
f 4094 4095 4425
f 4425 4095 4426
f 4095 4096 4426
f 4426 4096 4427
f 4096 4097 4427
f 4427 4097 4428
f 4097 4098 4428
f 4428 4098 4429
f 4098 4099 4429
f 4429 4099 4430
f 4099 4100 4430
f 4430 4100 4431
f 4100 4101 4431
f 4431 4101 4432
f 4101 4102 4432
f 4432 4102 4433
f 4102 4103 4433
f 4433 4103 4434
f 4103 4104 4434
f 4434 4104 4435
f 4104 4105 4435
f 4435 4105 4436
f 4105 4106 4436
f 4436 4106 4437
f 4106 4107 4437
f 4404 4406 4437
f 4404 4437 4108
f 4108 4437 4107
f 4404 4108 4084
f 4440 4439 4438
f 4439 4441 4438
f 4444 4443 4442
f 4443 4445 4442
f 4448 4447 4446
f 4447 4450 4449
f 4446 4447 4449
f 4450 4452 4451
f 4449 4450 4451
f 4452 4454 4453
f 4451 4452 4453
f 4454 4456 4455
f 4453 4454 4455
f 4111 4455 4456
f 4111 4456 4110
f 4110 4456 4457
f 4457 4458 4110
f 4110 4458 4113
f 4458 4459 4113
f 4113 4459 4115
f 4459 4460 4115
f 4115 4460 4117
f 4460 4461 4117
f 4117 4461 4119
f 4461 4462 4119
f 4119 4462 4121
f 4462 4463 4121
f 4121 4463 4123
f 4438 4463 4440
f 4438 4125 4463
f 4125 4123 4463
f 4441 4125 4438
f 4441 4464 4125
f 4464 4126 4125
f 4442 4464 4444
f 4442 4128 4464
f 4128 4126 4464
f 4445 4128 4442
f 4445 4465 4128
f 4465 4130 4128
f 4465 4466 4130
f 4130 4466 4131
f 4466 4467 4131
f 4131 4467 4133
f 4467 4468 4133
f 4133 4468 4135
f 4468 4469 4135
f 4135 4469 4137
f 4469 4470 4137
f 4137 4470 4139
f 4470 4471 4139
f 4139 4471 4141
f 4471 4472 4141
f 4141 4472 4143
f 4472 4473 4143
f 4143 4473 4145
f 4473 4474 4145
f 4145 4474 4147
f 4474 4475 4147
f 4147 4475 4149
f 4476 4150 4149
f 4476 4149 4477
f 4477 4149 4475
f 4477 4479 4478
f 4476 4477 4478
f 4479 4480 4478
f 4483 4482 4481
f 4482 4485 4484
f 4481 4482 4484
f 4485 4487 4486
f 4484 4485 4486
f 4487 4489 4488
f 4486 4487 4488
f 4489 4491 4490
f 4488 4489 4490
f 4153 4490 4491
f 4153 4491 4152
f 4152 4491 4492
f 4446 4492 4448
f 4446 4155 4492
f 4155 4152 4492
f 4449 4155 4446
f 4157 4155 4449
f 4451 4157 4449
f 4159 4157 4451
f 4453 4159 4451
f 4160 4159 4453
f 4455 4160 4453
f 4161 4160 4455
f 4455 4111 4161
f 4476 4162 4150
f 4478 4162 4476
f 4163 4162 4478
f 4480 4163 4478
f 4480 4493 4163
f 4493 4164 4163
f 4493 4494 4164
f 4164 4494 4166
f 4495 4167 4166
f 4495 4166 4496
f 4496 4166 4494
f 4496 4498 4497
f 4495 4496 4497
f 4498 4499 4497
f 4502 4501 4500
f 4501 4504 4503
f 4500 4501 4503
f 4504 4506 4505
f 4503 4504 4505
f 4481 4169 4170
f 4483 4481 4170
f 4483 4170 4505
f 4483 4505 4506
f 4484 4169 4481
f 4172 4169 4484
f 4486 4172 4484
f 4174 4172 4486
f 4488 4174 4486
f 4176 4174 4488
f 4490 4176 4488
f 4177 4176 4490
f 4490 4153 4177
f 4495 4178 4167
f 4497 4178 4495
f 4179 4178 4497
f 4499 4179 4497
f 4499 4507 4179
f 4507 4181 4179
f 4507 4508 4181
f 4181 4508 4183
f 4509 4184 4183
f 4509 4183 4510
f 4510 4183 4508
f 4510 4511 4509
f 4187 4513 4512
f 4186 4187 4512
f 4500 4512 4502
f 4500 4189 4512
f 4189 4186 4512
f 4503 4189 4500
f 4191 4189 4503
f 4505 4191 4503
f 4193 4191 4505
f 4505 4170 4193
f 4509 4194 4184
f 4511 4194 4509
f 4511 4514 4194
f 4514 4195 4194
f 4514 4515 4195
f 4195 4515 4197
f 4517 4516 4199
f 4517 4199 4515
f 4515 4199 4197
f 4199 4516 4200
f 4520 4519 4518
f 4203 4518 4519
f 4203 4519 4202
f 4202 4519 4521
f 4521 4187 4202
f 4513 4187 4521
f 4517 4522 4516
f 4516 4204 4200
f 4516 4522 4204
f 4522 4523 4204
f 4525 4524 4205
f 4525 4205 4523
f 4523 4205 4204
f 4205 4524 4206
f 4528 4527 4526
f 4209 4526 4527
f 4209 4527 4208
f 4208 4527 4529
f 4518 4529 4520
f 4518 4210 4529
f 4210 4208 4529
f 4518 4203 4210
f 4525 4530 4524
f 4532 4531 4211
f 4530 4532 4211
f 4530 4211 4206
f 4530 4206 4524
f 4211 4531 4212
f 4535 4534 4533
f 4526 4214 4215
f 4528 4526 4215
f 4528 4215 4533
f 4528 4533 4534
f 4526 4209 4214
f 4532 4536 4531
f 4531 4536 4537
f 4531 4537 4212
f 4212 4537 4217
f 4220 4539 4538
f 4219 4220 4538
f 4219 4538 4540
f 4221 4219 4540
f 4543 4542 4541
f 4533 4223 4224
f 4535 4533 4224
f 4535 4224 4541
f 4535 4541 4542
f 4533 4215 4223
f 4537 4225 4217
f 4544 4225 4537
f 4225 4544 4545
f 4226 4225 4545
f 4539 4220 4546
f 4546 4220 4227
f 4540 4228 4221
f 4547 4228 4540
f 4547 4548 4228
f 4228 4548 4229
f 4229 4548 4549
f 4231 4229 4549
f 4552 4551 4550
f 4541 4233 4234
f 4543 4541 4234
f 4543 4234 4550
f 4543 4550 4551
f 4541 4224 4233
f 4545 4553 4226
f 4553 4236 4226
f 4239 4555 4554
f 4238 4239 4554
f 4227 4554 4546
f 4227 4238 4554
f 4241 4240 4556
f 4240 4242 4556
f 4549 4243 4231
f 4557 4243 4549
f 4557 4558 4243
f 4243 4558 4244
f 4244 4558 4559
f 4246 4244 4559
f 4550 4248 4249
f 4550 4249 4552
f 4552 4249 4560
f 4550 4234 4248
f 4553 4251 4236
f 4561 4251 4553
f 4561 4239 4251
f 4555 4239 4561
f 4556 4253 4241
f 4556 4242 4253
f 4559 4254 4246
f 4562 4254 4559
f 4254 4562 4563
f 4256 4254 4563
f 4560 4249 4564
f 4564 4249 4258
f 4567 4565 4566
f 4569 4566 4565
f 4568 4260 4259
f 4259 4261 4568
f 4262 4571 4570
f 4262 4256 4571
f 4256 4563 4571
f 4262 4570 4264
f 4564 4258 4572
f 4572 4258 4266
f 4574 4565 4567
f 4573 4565 4574
f 4568 4267 4260
f 4568 4575 4267
f 4565 4573 4569
f 4573 4576 4569
f 4568 4268 4575
f 4261 4268 4568
f 4571 4577 4570
f 4570 4577 4578
f 4570 4578 4264
f 4264 4578 4270
f 4572 4266 4579
f 4579 4266 4273
f 4573 4276 4275
f 4573 4574 4276
f 4574 4580 4276
f 4575 4581 4275
f 4575 4275 4267
f 4581 4582 4275
f 4573 4275 4576
f 4582 4576 4275
f 4575 4277 4581
f 4268 4277 4575
f 4278 4584 4583
f 4278 4270 4584
f 4270 4578 4584
f 4278 4583 4280
f 4579 4273 4585
f 4585 4273 4282
f 4580 4586 4276
f 4586 4285 4276
f 4581 4287 4288
f 4581 4288 4582
f 4582 4288 4587
f 4581 4277 4287
f 4589 4583 4584
f 4588 4583 4589
f 4583 4588 4290
f 4280 4583 4290
f 4291 4590 4591
f 4291 4591 4282
f 4282 4591 4585
f 4291 4293 4590
f 4586 4592 4285
f 4592 4295 4285
f 4587 4288 4593
f 4593 4288 4297
f 4595 4588 4589
f 4594 4588 4595
f 4588 4594 4299
f 4290 4588 4299
f 4591 4590 4596
f 4598 4300 4597
f 4596 4300 4598
f 4596 4293 4300
f 4596 4590 4293
f 4300 4302 4597
f 4601 4599 4600
f 4600 4599 4303
f 4600 4303 4592
f 4592 4303 4295
f 4593 4297 4602
f 4602 4297 4305
f 4604 4594 4595
f 4603 4594 4604
f 4594 4603 4307
f 4299 4594 4307
f 4606 4598 4597
f 4605 4606 4597
f 4597 4309 4605
f 4302 4309 4597
f 4599 4312 4311
f 4599 4601 4312
f 4601 4607 4312
f 4599 4311 4303
f 4602 4305 4608
f 4608 4305 4313
f 4610 4603 4604
f 4609 4603 4610
f 4603 4609 4315
f 4307 4603 4315
f 4606 4605 4611
f 4613 4316 4612
f 4611 4316 4613
f 4611 4309 4316
f 4611 4605 4309
f 4317 4612 4316
f 4614 4612 4317
f 4317 4319 4614
f 4617 4615 4616
f 4616 4615 4320
f 4616 4320 4607
f 4607 4320 4312
f 4323 4619 4618
f 4322 4323 4618
f 4618 4313 4322
f 4608 4313 4618
f 4621 4609 4610
f 4620 4609 4621
f 4609 4620 4325
f 4315 4609 4325
f 4613 4612 4622
f 4612 4614 4623
f 4622 4612 4623
f 4625 4326 4624
f 4623 4326 4625
f 4623 4319 4326
f 4623 4614 4319
f 4326 4328 4624
f 4628 4626 4627
f 4615 4330 4329
f 4617 4330 4615
f 4617 4626 4330
f 4617 4627 4626
f 4615 4329 4320
f 4619 4323 4629
f 4629 4323 4331
f 4632 4630 4631
f 4620 4334 4333
f 4621 4334 4620
f 4621 4630 4334
f 4621 4631 4630
f 4620 4333 4325
f 4625 4624 4633
f 4624 4328 4336
f 4624 4336 4633
f 4633 4336 4634
f 4336 4635 4634
f 4338 4635 4336
f 4638 4636 4637
f 4626 4341 4340
f 4628 4341 4626
f 4628 4636 4341
f 4628 4637 4636
f 4626 4340 4330
f 4629 4331 4639
f 4639 4331 4342
f 4641 4630 4632
f 4640 4630 4641
f 4630 4640 4344
f 4334 4630 4344
f 4635 4338 4346
f 4642 4635 4346
f 4644 4347 4643
f 4644 4642 4347
f 4642 4346 4347
f 4348 4643 4347
f 4645 4643 4348
f 4348 4350 4645
f 4352 4646 4647
f 4351 4646 4352
f 4636 4638 4646
f 4636 4646 4353
f 4353 4646 4351
f 4636 4353 4341
f 4639 4342 4354
f 4648 4639 4354
f 4648 4354 4649
f 4354 4355 4649
f 4355 4650 4649
f 4356 4650 4355
f 4652 4640 4641
f 4651 4640 4652
f 4640 4651 4358
f 4344 4640 4358
f 4644 4643 4653
f 4643 4645 4654
f 4653 4643 4654
f 4645 4350 4359
f 4645 4359 4654
f 4654 4359 4655
f 4359 4656 4655
f 4361 4656 4359
f 4365 4657 4658
f 4364 4657 4365
f 4657 4364 4352
f 4647 4657 4352
f 4650 4356 4659
f 4659 4356 4367
f 4662 4660 4661
f 4370 4661 4660
f 4370 4369 4661
f 4369 4663 4661
f 4651 4652 4663
f 4651 4663 4372
f 4372 4663 4369
f 4651 4372 4358
f 4656 4361 4373
f 4664 4656 4373
f 4664 4373 4665
f 4373 4374 4665
f 4665 4374 4666
f 4374 4375 4666
f 4668 4376 4667
f 4668 4666 4376
f 4666 4375 4376
f 4377 4667 4376
f 4669 4667 4377
f 4377 4379 4669
f 4672 4670 4671
f 4383 4671 4670
f 4383 4382 4671
f 4382 4673 4671
f 4673 4382 4674
f 4382 4384 4674
f 4674 4384 4365
f 4658 4674 4365
f 4675 4676 4659
f 4675 4659 4386
f 4386 4659 4367
f 4676 4677 4678
f 4675 4677 4676
f 4389 4678 4677
f 4389 4388 4678
f 4388 4679 4678
f 4679 4388 4680
f 4388 4390 4680
f 4660 4662 4680
f 4660 4680 4391
f 4391 4680 4390
f 4660 4391 4370
f 4668 4667 4681
f 4667 4669 4682
f 4681 4667 4682
f 4669 4379 4392
f 4669 4392 4682
f 4682 4392 4683
f 4683 4392 4684
f 4392 4393 4684
f 4686 4394 4685
f 4686 4684 4394
f 4684 4393 4394
f 4395 4685 4394
f 4687 4685 4395
f 4396 4687 4395
f 4688 4687 4396
f 4397 4688 4396
f 4689 4688 4397
f 4397 4399 4689
f 4406 4690 4691
f 4405 4690 4406
f 4690 4405 4692
f 4405 4407 4692
f 4692 4407 4693
f 4407 4408 4693
f 4693 4408 4694
f 4408 4409 4694
f 4670 4672 4694
f 4670 4694 4410
f 4410 4694 4409
f 4670 4410 4383
f 4675 4386 4411
f 4677 4675 4411
f 4412 4677 4411
f 4677 4412 4389
f 4686 4685 4695
f 4685 4687 4696
f 4695 4685 4696
f 4687 4688 4697
f 4696 4687 4697
f 4688 4689 4698
f 4697 4688 4698
f 4689 4399 4413
f 4689 4413 4698
f 4698 4413 4699
f 4699 4413 4700
f 4413 4414 4700
f 4700 4414 4701
f 4414 4415 4701
f 4701 4415 4702
f 4415 4416 4702
f 4702 4416 4703
f 4416 4417 4703
f 4703 4417 4704
f 4417 4418 4704
f 4704 4418 4705
f 4418 4419 4705
f 4705 4419 4706
f 4419 4420 4706
f 4708 4421 4707
f 4708 4706 4421
f 4706 4420 4421
f 4707 4709 4710
f 4707 4421 4709
f 4421 4422 4709
f 4712 4423 4711
f 4712 4709 4423
f 4709 4422 4423
f 4424 4711 4423
f 4713 4711 4424
f 4425 4713 4424
f 4714 4713 4425
f 4426 4714 4425
f 4715 4714 4426
f 4427 4715 4426
f 4716 4715 4427
f 4428 4716 4427
f 4717 4716 4428
f 4429 4717 4428
f 4718 4717 4429
f 4430 4718 4429
f 4719 4718 4430
f 4431 4719 4430
f 4720 4719 4431
f 4432 4720 4431
f 4721 4720 4432
f 4433 4721 4432
f 4722 4721 4433
f 4722 4723 4724
f 4722 4433 4723
f 4433 4434 4723
f 4726 4435 4725
f 4726 4723 4435
f 4723 4434 4435
f 4725 4727 4728
f 4725 4435 4727
f 4435 4436 4727
f 4727 4436 4729
f 4436 4437 4729
f 4729 4437 4406
f 4691 4729 4406
f 4708 4707 4730
f 4707 4710 4730
f 4712 4711 4731
f 4711 4713 4732
f 4731 4711 4732
f 4713 4714 4733
f 4732 4713 4733
f 4714 4715 4734
f 4733 4714 4734
f 4715 4716 4735
f 4734 4715 4735
f 4716 4717 4736
f 4735 4716 4736
f 4717 4718 4737
f 4736 4717 4737
f 4718 4719 4738
f 4737 4718 4738
f 4719 4720 4739
f 4738 4719 4739
f 4720 4721 4740
f 4739 4720 4740
f 4721 4722 4741
f 4740 4721 4741
f 4722 4724 4741
f 4726 4725 4742
f 4725 4728 4742
f 4745 4744 4743
f 4744 4746 4743
f 4749 4748 4747
f 4748 4751 4750
f 4747 4748 4750
f 4751 4753 4752
f 4750 4751 4752
f 4753 4755 4754
f 4752 4753 4754
f 4755 4757 4756
f 4754 4755 4756
f 4440 4756 4757
f 4440 4757 4439
f 4439 4757 4758
f 4759 4441 4439
f 4759 4439 4760
f 4760 4439 4758
f 4444 4759 4760
f 4444 4760 4443
f 4443 4760 4761
f 4762 4445 4443
f 4762 4443 4763
f 4763 4443 4761
f 4763 4765 4764
f 4762 4763 4764
f 4765 4767 4766
f 4764 4765 4766
f 4767 4769 4768
f 4766 4767 4768
f 4769 4770 4768
f 4773 4772 4771
f 4772 4775 4774
f 4771 4772 4774
f 4775 4777 4776
f 4774 4775 4776
f 4448 4776 4777
f 4448 4777 4447
f 4447 4777 4778
f 4778 4779 4447
f 4447 4779 4450
f 4779 4780 4450
f 4450 4780 4452
f 4780 4781 4452
f 4452 4781 4454
f 4781 4782 4454
f 4454 4782 4456
f 4743 4782 4745
f 4743 4457 4782
f 4457 4456 4782
f 4746 4457 4743
f 4746 4783 4457
f 4783 4458 4457
f 4747 4783 4749
f 4747 4459 4783
f 4459 4458 4783
f 4750 4459 4747
f 4460 4459 4750
f 4752 4460 4750
f 4461 4460 4752
f 4754 4461 4752
f 4462 4461 4754
f 4756 4462 4754
f 4463 4462 4756
f 4756 4440 4463
f 4759 4464 4441
f 4759 4444 4464
f 4762 4465 4445
f 4764 4465 4762
f 4466 4465 4764
f 4766 4466 4764
f 4467 4466 4766
f 4768 4467 4766
f 4468 4467 4768
f 4770 4468 4768
f 4770 4784 4468
f 4784 4469 4468
f 4784 4785 4469
f 4469 4785 4470
f 4785 4786 4470
f 4470 4786 4471
f 4786 4787 4471
f 4471 4787 4472
f 4787 4788 4472
f 4472 4788 4473
f 4788 4789 4473
f 4473 4789 4474
f 4789 4790 4474
f 4474 4790 4475
f 4790 4791 4475
f 4475 4791 4477
f 4791 4792 4477
f 4477 4792 4479
f 4479 4792 4793
f 4480 4479 4793
f 4796 4795 4794
f 4483 4794 4795
f 4483 4795 4482
f 4482 4795 4797
f 4797 4798 4482
f 4482 4798 4485
f 4798 4799 4485
f 4485 4799 4487
f 4771 4799 4773
f 4771 4489 4799
f 4489 4487 4799
f 4774 4489 4771
f 4491 4489 4774
f 4776 4491 4774
f 4492 4491 4776
f 4776 4448 4492
f 4793 4493 4480
f 4800 4493 4793
f 4800 4801 4493
f 4493 4801 4494
f 4801 4802 4494
f 4494 4802 4496
f 4802 4803 4496
f 4496 4803 4498
f 4804 4499 4498
f 4804 4498 4805
f 4805 4498 4803
f 4805 4806 4804
f 4502 4808 4807
f 4501 4502 4807
f 4807 4809 4501
f 4501 4809 4504
f 4794 4809 4796
f 4794 4506 4809
f 4506 4504 4809
f 4794 4483 4506
f 4804 4507 4499
f 4806 4507 4804
f 4806 4810 4507
f 4810 4508 4507
f 4810 4811 4508
f 4508 4811 4510
f 4510 4811 4812
f 4511 4510 4812
f 4815 4814 4813
f 4814 4817 4816
f 4813 4814 4816
f 4513 4816 4817
f 4513 4817 4512
f 4512 4817 4818
f 4818 4502 4512
f 4808 4502 4818
f 4812 4514 4511
f 4819 4514 4812
f 4819 4820 4514
f 4514 4820 4515
f 4515 4820 4821
f 4517 4515 4821
f 4824 4823 4822
f 4823 4826 4825
f 4822 4823 4825
f 4813 4519 4520
f 4815 4813 4520
f 4815 4520 4825
f 4815 4825 4826
f 4816 4519 4813
f 4521 4519 4816
f 4816 4513 4521
f 4821 4522 4517
f 4827 4522 4821
f 4827 4828 4522
f 4522 4828 4523
f 4523 4828 4829
f 4525 4523 4829
f 4832 4831 4830
f 4831 4834 4833
f 4830 4831 4833
f 4822 4527 4528
f 4824 4822 4528
f 4824 4528 4833
f 4824 4833 4834
f 4825 4527 4822
f 4529 4527 4825
f 4825 4520 4529
f 4829 4530 4525
f 4835 4530 4829
f 4530 4835 4836
f 4532 4530 4836
f 4838 4832 4830
f 4837 4838 4830
f 4535 4833 4534
f 4535 4837 4833
f 4837 4830 4833
f 4833 4528 4534
f 4836 4536 4532
f 4839 4536 4836
f 4536 4839 4840
f 4537 4536 4840
f 4539 4842 4841
f 4538 4539 4841
f 4538 4841 4843
f 4540 4538 4843
f 4846 4845 4844
f 4837 4542 4543
f 4838 4837 4543
f 4838 4543 4844
f 4838 4844 4845
f 4837 4535 4542
f 4840 4544 4537
f 4847 4544 4840
f 4544 4847 4848
f 4545 4544 4848
f 4851 4850 4849
f 4850 4546 4849
f 4850 4842 4546
f 4842 4539 4546
f 4843 4547 4540
f 4852 4547 4843
f 4852 4853 4547
f 4547 4853 4548
f 4548 4853 4854
f 4549 4548 4854
f 4844 4551 4552
f 4844 4552 4846
f 4846 4552 4855
f 4844 4543 4551
f 4848 4856 4545
f 4856 4553 4545
f 4849 4554 4555
f 4849 4555 4851
f 4851 4555 4857
f 4849 4546 4554
f 4854 4557 4549
f 4858 4557 4854
f 4860 4859 4558
f 4860 4558 4858
f 4858 4558 4557
f 4558 4859 4559
f 4855 4552 4861
f 4861 4552 4560
f 4856 4561 4553
f 4862 4561 4856
f 4862 4555 4561
f 4857 4555 4862
f 4864 4859 4860
f 4863 4859 4864
f 4562 4559 4859
f 4562 4859 4865
f 4865 4859 4863
f 4562 4865 4563
f 4861 4560 4866
f 4866 4560 4564
f 4567 4867 4868
f 4566 4867 4567
f 4566 4869 4867
f 4569 4869 4566
f 4864 4870 4863
f 4872 4863 4870
f 4872 4871 4863
f 4871 4865 4863
f 4865 4871 4571
f 4563 4865 4571
f 4866 4564 4873
f 4873 4564 4572
f 4868 4874 4567
f 4874 4574 4567
f 4869 4569 4875
f 4875 4569 4576
f 4872 4876 4871
f 4878 4877 4577
f 4876 4878 4577
f 4876 4577 4571
f 4876 4571 4871
f 4577 4877 4578
f 4873 4572 4879
f 4879 4572 4579
f 4874 4880 4574
f 4880 4580 4574
f 4875 4576 4881
f 4881 4576 4582
f 4883 4877 4878
f 4882 4877 4883
f 4877 4882 4584
f 4578 4877 4584
f 4879 4579 4884
f 4884 4579 4585
f 4880 4885 4580
f 4885 4586 4580
f 4881 4582 4886
f 4886 4582 4587
f 4888 4882 4883
f 4887 4882 4888
f 4882 4887 4589
f 4584 4882 4589
f 4884 4585 4889
f 4889 4585 4591
f 4892 4890 4891
f 4891 4890 4592
f 4891 4592 4885
f 4885 4592 4586
f 4886 4587 4893
f 4893 4587 4593
f 4895 4887 4888
f 4894 4887 4895
f 4887 4894 4595
f 4589 4887 4595
f 4596 4896 4897
f 4596 4897 4591
f 4591 4897 4889
f 4596 4598 4896
f 4890 4601 4600
f 4890 4892 4601
f 4892 4898 4601
f 4890 4600 4592
f 4893 4593 4899
f 4899 4593 4602
f 4901 4894 4895
f 4900 4894 4901
f 4894 4900 4604
f 4595 4894 4604
f 4903 4897 4896
f 4902 4903 4896
f 4896 4606 4902
f 4598 4606 4896
f 4906 4904 4905
f 4905 4904 4607
f 4905 4607 4898
f 4898 4607 4601
f 4909 4908 4907
f 4908 4608 4907
f 4908 4899 4608
f 4899 4602 4608
f 4911 4900 4901
f 4910 4900 4911
f 4900 4910 4610
f 4604 4900 4610
f 4903 4902 4912
f 4902 4606 4611
f 4902 4611 4912
f 4912 4611 4913
f 4611 4914 4913
f 4613 4914 4611
f 4904 4617 4616
f 4904 4906 4617
f 4906 4915 4617
f 4904 4616 4607
f 4917 4916 4918
f 4907 4618 4619
f 4909 4907 4619
f 4909 4619 4916
f 4909 4916 4917
f 4907 4608 4618
f 4920 4910 4911
f 4919 4910 4920
f 4910 4919 4621
f 4610 4910 4621
f 4914 4613 4622
f 4921 4914 4622
f 4923 4623 4922
f 4923 4921 4623
f 4921 4622 4623
f 4623 4625 4922
f 4628 4924 4925
f 4627 4924 4628
f 4924 4627 4617
f 4915 4924 4617
f 4927 4918 4916
f 4926 4927 4916
f 4916 4629 4926
f 4619 4629 4916
f 4930 4928 4929
f 4919 4632 4631
f 4920 4632 4919
f 4920 4928 4632
f 4920 4929 4928
f 4919 4631 4621
f 4923 4922 4931
f 4922 4625 4633
f 4922 4633 4931
f 4931 4633 4932
f 4934 4634 4933
f 4934 4932 4634
f 4932 4633 4634
f 4634 4635 4933
f 4638 4935 4936
f 4637 4935 4638
f 4935 4637 4628
f 4925 4935 4628
f 4938 4927 4926
f 4937 4938 4926
f 4926 4639 4937
f 4629 4639 4926
f 4941 4939 4940
f 4940 4928 4930
f 4940 4939 4928
f 4939 4942 4928
f 4928 4942 4641
f 4632 4928 4641
f 4934 4933 4943
f 4945 4642 4944
f 4943 4642 4945
f 4943 4635 4642
f 4943 4933 4635
f 4642 4644 4944
f 4948 4946 4947
f 4647 4947 4946
f 4647 4646 4947
f 4646 4949 4947
f 4949 4646 4638
f 4936 4949 4638
f 4938 4937 4950
f 4937 4639 4648
f 4937 4648 4950
f 4950 4648 4951
f 4953 4649 4952
f 4953 4951 4649
f 4951 4648 4649
f 4649 4650 4952
f 4955 4939 4941
f 4954 4939 4955
f 4939 4954 4942
f 4942 4954 4956
f 4942 4956 4652
f 4641 4942 4652
f 4945 4944 4957
f 4944 4644 4653
f 4944 4653 4957
f 4957 4653 4958
f 4958 4653 4959
f 4653 4654 4959
f 4961 4655 4960
f 4961 4959 4655
f 4959 4654 4655
f 4655 4656 4960
f 4964 4962 4963
f 4946 4658 4657
f 4948 4658 4946
f 4948 4962 4658
f 4948 4963 4962
f 4946 4657 4647
f 4953 4952 4965
f 4952 4966 4965
f 4952 4650 4966
f 4650 4659 4966
f 4969 4967 4968
f 4954 4662 4661
f 4955 4662 4954
f 4955 4967 4662
f 4955 4968 4967
f 4956 4954 4661
f 4663 4956 4661
f 4956 4663 4652
f 4961 4960 4970
f 4960 4656 4664
f 4960 4664 4970
f 4970 4664 4971
f 4971 4664 4972
f 4664 4665 4972
f 4974 4666 4973
f 4974 4972 4666
f 4972 4665 4666
f 4666 4668 4973
f 4671 4975 4672
f 4975 4976 4977
f 4975 4671 4976
f 4671 4673 4976
f 4962 4964 4976
f 4962 4976 4674
f 4674 4976 4673
f 4962 4674 4658
f 4966 4659 4676
f 4978 4966 4676
f 4978 4676 4979
f 4676 4678 4979
f 4979 4678 4980
f 4678 4679 4980
f 4967 4969 4980
f 4967 4980 4680
f 4680 4980 4679
f 4967 4680 4662
f 4974 4973 4981
f 4973 4668 4681
f 4973 4681 4981
f 4981 4681 4982
f 4982 4681 4983
f 4681 4682 4983
f 4983 4682 4984
f 4682 4683 4984
f 4986 4684 4985
f 4986 4984 4684
f 4984 4683 4684
f 4684 4686 4985
f 4691 4987 4988
f 4690 4987 4691
f 4987 4690 4989
f 4690 4692 4989
f 4989 4692 4990
f 4692 4693 4990
f 4990 4693 4991
f 4693 4694 4991
f 4672 4975 4992
f 4672 4992 4694
f 4694 4992 4991
f 4975 4977 4992
f 4986 4985 4993
f 4985 4686 4695
f 4985 4695 4993
f 4993 4695 4994
f 4994 4695 4995
f 4695 4696 4995
f 4995 4696 4996
f 4696 4697 4996
f 4996 4697 4997
f 4697 4698 4997
f 4997 4698 4998
f 4698 4699 4998
f 4998 4699 4999
f 4699 4700 4999
f 5001 4701 5000
f 5001 4999 4701
f 4999 4700 4701
f 4702 5000 4701
f 5002 5000 4702
f 4703 5002 4702
f 5003 5002 4703
f 4704 5003 4703
f 5004 5003 4704
f 4705 5004 4704
f 5005 5004 4705
f 4706 5005 4705
f 5006 5005 4706
f 4706 4708 5006
f 4709 5007 4710
f 4709 4712 5007
f 4723 5008 4724
f 4723 4726 5008
f 4727 5009 4728
f 5009 5010 5011
f 5009 4727 5010
f 4727 4729 5010
f 5010 4729 4691
f 4988 5010 4691
f 5001 5000 5012
f 5000 5002 5013
f 5012 5000 5013
f 5002 5003 5014
f 5013 5002 5014
f 5003 5004 5015
f 5014 5003 5015
f 5004 5005 5016
f 5015 5004 5016
f 5005 5006 5017
f 5016 5005 5017
f 5006 4708 4730
f 5006 4730 5017
f 5017 4730 5018
f 4710 5007 5019
f 4710 5019 4730
f 4730 5019 5018
f 5007 4712 4731
f 5007 4731 5019
f 5019 4731 5020
f 5020 4731 5021
f 4731 4732 5021
f 5021 4732 5022
f 4732 4733 5022
f 5022 4733 5023
f 4733 4734 5023
f 5023 4734 5024
f 4734 4735 5024
f 5024 4735 5025
f 4735 4736 5025
f 5025 4736 5026
f 4736 4737 5026
f 5026 4737 5027
f 4737 4738 5027
f 5027 4738 5028
f 4738 4739 5028
f 5028 4739 5029
f 4739 4740 5029
f 5029 4740 5030
f 4740 4741 5030
f 4724 5008 5031
f 4724 5031 4741
f 4741 5031 5030
f 5008 4726 4742
f 5008 4742 5031
f 5031 4742 5032
f 4728 5009 5033
f 4728 5033 4742
f 4742 5033 5032
f 5009 5011 5033
f 5036 5035 5034
f 5035 5038 5037
f 5034 5035 5037
f 4745 5037 5038
f 4745 5038 4744
f 4744 5038 5039
f 5040 4746 4744
f 5040 4744 5041
f 5041 4744 5039
f 4749 5040 5041
f 4749 5041 4748
f 4748 5041 5042
f 5042 5043 4748
f 4748 5043 4751
f 5043 5044 4751
f 4751 5044 4753
f 5044 5045 4753
f 4753 5045 4755
f 5045 5046 4755
f 4755 5046 4757
f 5046 5047 4757
f 4757 5047 4758
f 5047 5048 4758
f 4758 5048 4760
f 5048 5049 4760
f 4760 5049 4761
f 5049 5050 4761
f 4761 5050 4763
f 5050 5051 4763
f 4763 5051 4765
f 5051 5052 4765
f 4765 5052 4767
f 5052 5053 4767
f 4767 5053 4769
f 5054 4770 4769
f 5054 4769 5055
f 5055 4769 5053
f 5055 5057 5056
f 5054 5055 5056
f 5057 5059 5058
f 5056 5057 5058
f 5059 5061 5060
f 5058 5059 5060
f 5061 5062 5060
f 5065 5064 5063
f 4773 5063 5064
f 4773 5064 4772
f 4772 5064 5066
f 5066 5067 4772
f 4772 5067 4775
f 5067 5068 4775
f 4775 5068 4777
f 5068 5069 4777
f 4777 5069 4778
f 5069 5070 4778
f 4778 5070 4779
f 5070 5071 4779
f 4779 5071 4780
f 5034 5071 5036
f 5034 4781 5071
f 4781 4780 5071
f 5037 4781 5034
f 4782 4781 5037
f 5037 4745 4782
f 5040 4783 4746
f 5040 4749 4783
f 5054 4784 4770
f 5056 4784 5054
f 4785 4784 5056
f 5058 4785 5056
f 4786 4785 5058
f 5060 4786 5058
f 4787 4786 5060
f 5062 4787 5060
f 5062 5072 4787
f 5072 4788 4787
f 5072 5073 4788
f 4788 5073 4789
f 5073 5074 4789
f 4789 5074 4790
f 5074 5075 4790
f 4790 5075 4791
f 5075 5076 4791
f 4791 5076 4792
f 5077 4793 4792
f 5077 4792 5078
f 5078 4792 5076
f 5078 5080 5079
f 5077 5078 5079
f 5080 5081 5079
f 5084 5083 5082
f 4796 5082 5083
f 4796 5083 4795
f 4795 5083 5085
f 5085 5086 4795
f 4795 5086 4797
f 5086 5087 4797
f 4797 5087 4798
f 5063 5087 5065
f 5063 4799 5087
f 4799 4798 5087
f 5063 4773 4799
f 5077 4800 4793
f 5079 4800 5077
f 4801 4800 5079
f 5081 4801 5079
f 5081 5088 4801
f 5088 4802 4801
f 5088 5089 4802
f 4802 5089 4803
f 5089 5090 4803
f 4803 5090 4805
f 4805 5090 5091
f 4806 4805 5091
f 5094 5093 5092
f 4808 5092 5093
f 4808 5093 4807
f 4807 5093 5095
f 5082 5095 5084
f 5082 4809 5095
f 4809 4807 5095
f 5082 4796 4809
f 5091 4810 4806
f 5096 4810 5091
f 5096 5097 4810
f 4810 5097 4811
f 4811 5097 5098
f 4812 4811 5098
f 5101 5100 5099
f 4815 5099 5100
f 4815 5100 4814
f 4814 5100 5102
f 5102 5103 4814
f 4814 5103 4817
f 5092 5103 5094
f 5092 4818 5103
f 4818 4817 5103
f 5092 4808 4818
f 5098 4819 4812
f 5104 4819 5098
f 5104 5105 4819
f 4819 5105 4820
f 5106 4821 4820
f 5106 4820 5107
f 5107 4820 5105
f 5107 5108 5106
f 5111 5110 5109
f 4824 5109 5110
f 4824 5110 4823
f 4823 5110 5112
f 5099 5112 5101
f 5099 4826 5112
f 4826 4823 5112
f 5099 4815 4826
f 5106 4827 4821
f 5108 4827 5106
f 5108 5113 4827
f 5113 4828 4827
f 4828 5113 5114
f 4829 4828 5114
f 4832 5116 5115
f 4831 4832 5115
f 5109 5115 5111
f 5109 4834 5115
f 4834 4831 5115
f 5109 4824 4834
f 4835 5118 5117
f 4835 4829 5118
f 4829 5114 5118
f 4835 5117 4836
f 5121 5120 5119
f 5120 4838 5119
f 5120 5116 4838
f 5116 4832 4838
f 5118 5122 5117
f 5117 4839 4836
f 5117 5122 4839
f 5122 5123 4839
f 4839 5123 5124
f 4840 4839 5124
f 5127 5126 5125
f 4842 5125 5126
f 4842 5126 4841
f 4841 5126 5128
f 4841 5128 5129
f 4843 4841 5129
f 5119 4845 4846
f 5119 4846 5121
f 5121 4846 5130
f 5119 4838 4845
f 4847 5132 5131
f 4847 4840 5132
f 4840 5124 5132
f 4847 5131 4848
f 5125 4850 4851
f 5125 4851 5127
f 5127 4851 5133
f 5125 4842 4850
f 5129 4852 4843
f 5134 4852 5129
f 5136 5135 4853
f 5136 4853 5134
f 5134 4853 4852
f 4853 5135 4854
f 5130 4846 5137
f 5137 4846 4855
f 5139 5131 5132
f 5138 5131 5139
f 4856 4848 5141
f 4856 5141 5140
f 4848 5131 5141
f 5142 5141 5138
f 5131 5138 5141
f 5141 4857 5140
f 5141 5133 4857
f 5133 4851 4857
f 5136 5143 5135
f 5145 5144 4858
f 5143 5145 4858
f 5143 4858 4854
f 5143 4854 5135
f 4858 5144 4860
f 5137 4855 5146
f 5146 4855 4861
f 5148 5138 5139
f 5147 5138 5148
f 5142 5147 5149
f 5142 5138 5147
f 4856 5140 4862
f 5140 4857 4862
f 5151 5144 5145
f 5150 5144 5151
f 5144 5150 4864
f 4860 5144 4864
f 5146 4861 5152
f 5152 4861 4866
f 5148 5153 5147
f 5154 4868 4867
f 5154 5155 4868
f 5153 5149 5147
f 4867 5156 5154
f 4869 5156 4867
f 5151 5157 5150
f 5159 5158 4870
f 5157 5159 4870
f 5157 4870 4864
f 5157 4864 5150
f 4870 5158 4872
f 5152 4866 5160
f 5160 4866 4873
f 5155 5161 4868
f 5161 4874 4868
f 5156 4869 5162
f 5162 4869 4875
f 5159 5163 5158
f 5165 5164 4876
f 5163 5165 4876
f 5163 4876 4872
f 5163 4872 5158
f 4876 5164 4878
f 5160 4873 5166
f 5166 4873 4879
f 5169 5167 5168
f 5168 5167 4880
f 5168 4880 5161
f 5161 4880 4874
f 5162 4875 5170
f 5170 4875 4881
f 5172 5164 5165
f 5171 5164 5172
f 5164 5171 4883
f 4878 5164 4883
f 5166 4879 5173
f 5173 4879 4884
f 5175 5167 5169
f 5174 5167 5175
f 4885 4880 5177
f 4885 5177 5176
f 4880 5167 5177
f 5178 5177 5174
f 5167 5174 5177
f 5177 4886 5176
f 5177 5170 4886
f 5170 4881 4886
f 5180 5171 5172
f 5179 5171 5180
f 5171 5179 4888
f 4883 5171 4888
f 5173 4884 5181
f 5181 4884 4889
f 5174 4892 4891
f 5174 5175 4892
f 5175 5182 4892
f 5176 5183 4891
f 5176 4891 4885
f 5183 5184 4891
f 5174 4891 5178
f 5184 5178 4891
f 5176 4893 5183
f 4886 4893 5176
f 5186 5179 5180
f 5185 5179 5186
f 5179 5185 4895
f 4888 5179 4895
f 5181 4889 5187
f 5187 4889 4897
f 5182 5188 4892
f 5188 4898 4892
f 5190 5184 5183
f 5189 5190 5183
f 5183 4899 5189
f 4893 4899 5183
f 5192 5185 5186
f 5191 5185 5192
f 5185 5191 4901
f 4895 5185 4901
f 5187 4897 5193
f 5193 4897 4903
f 4906 5194 5195
f 4905 5194 4906
f 5194 4905 4898
f 5188 5194 4898
f 5189 4908 4909
f 5189 4909 5190
f 5190 4909 5196
f 5189 4899 4908
f 5198 5191 5192
f 5197 5191 5198
f 5191 5197 4911
f 4901 5191 4911
f 5193 4903 4912
f 5199 5193 4912
f 5201 4913 5200
f 5201 5199 4913
f 5199 4912 4913
f 4913 4914 5200
f 5195 5202 4906
f 5202 4915 4906
f 4918 5204 5203
f 4917 4918 5203
f 5203 4909 4917
f 5196 4909 5203
f 5206 5197 5198
f 5205 5197 5206
f 5197 5205 4920
f 4911 5197 4920
f 5201 5200 5207
f 5209 4921 5208
f 5207 4921 5209
f 5207 4914 4921
f 5207 5200 4914
f 4921 4923 5208
f 4925 5210 5211
f 4924 5210 4925
f 5210 4924 4915
f 5202 5210 4915
f 5204 4918 5212
f 5212 4918 4927
f 5215 5213 5214
f 5205 4930 4929
f 5206 4930 5205
f 5206 5213 4930
f 5206 5214 5213
f 5205 4929 4920
f 5209 5208 5216
f 5208 4923 4931
f 5208 4931 5216
f 5216 4931 5217
f 5219 4932 5218
f 5219 5217 4932
f 5217 4931 4932
f 4932 4934 5218
f 4936 5220 5221
f 4935 5220 4936
f 5220 4935 4925
f 5211 5220 4925
f 5212 4927 5222
f 5222 4927 4938
f 5225 5223 5224
f 5213 4941 4940
f 5215 4941 5213
f 5215 5223 4941
f 5215 5224 5223
f 5213 4940 4930
f 5219 5218 5226
f 5218 4934 4943
f 5218 4943 5226
f 5226 4943 5227
f 4943 5228 5227
f 4945 5228 4943
f 4947 5229 4948
f 5229 5230 5231
f 5229 4947 5230
f 4947 4949 5230
f 5230 4949 4936
f 5221 5230 4936
f 5222 4938 4950
f 5232 5222 4950
f 5232 4950 5233
f 4950 4951 5233
f 4951 5234 5233
f 4953 5234 4951
f 5236 5223 5225
f 5235 5223 5236
f 5223 5235 4955
f 4941 5223 4955
f 5228 4945 4957
f 5237 5228 4957
f 5237 4957 5238
f 4957 4958 5238
f 5240 4959 5239
f 5240 5238 4959
f 5238 4958 4959
f 4959 4961 5239
f 4964 5241 5242
f 4963 5241 4964
f 4948 5229 5243
f 4948 5243 4963
f 4963 5243 5241
f 5229 5231 5243
f 4965 5244 5245
f 4965 5245 4953
f 4953 5245 5234
f 4965 4966 5244
f 5248 5246 5247
f 5235 4969 4968
f 5236 4969 5235
f 5236 5246 4969
f 5236 5247 5246
f 5235 4968 4955
f 5240 5239 5249
f 5239 4961 4970
f 5239 4970 5249
f 5249 4970 5250
f 5250 4970 5251
f 4970 4971 5251
f 5253 4972 5252
f 5253 5251 4972
f 5251 4971 4972
f 4972 4974 5252
f 5256 5254 5255
f 4977 5255 5254
f 4977 4976 5255
f 4976 5257 5255
f 5257 4976 4964
f 5242 5257 4964
f 5245 5244 5258
f 5244 4966 4978
f 5244 4978 5258
f 5258 4978 5259
f 5259 4978 5260
f 4978 4979 5260
f 5246 5248 5260
f 5246 5260 4980
f 4980 5260 4979
f 5246 4980 4969
f 5253 5252 5261
f 5252 4974 4981
f 5252 4981 5261
f 5261 4981 5262
f 5262 4981 5263
f 4981 4982 5263
f 5263 4982 5264
f 4982 4983 5264
f 5266 4984 5265
f 5266 5264 4984
f 5264 4983 4984
f 4984 4986 5265
f 4987 5267 4988
f 5267 5268 5269
f 5267 4987 5268
f 4987 4989 5268
f 5268 4989 5270
f 4989 4990 5270
f 5270 4990 5271
f 4990 4991 5271
f 5254 5256 5271
f 5254 5271 4992
f 4992 5271 4991
f 5254 4992 4977
f 5266 5265 5272
f 5265 4986 4993
f 5265 4993 5272
f 5272 4993 5273
f 5273 4993 5274
f 4993 4994 5274
f 5274 4994 5275
f 4994 4995 5275
f 5275 4995 5276
f 4995 4996 5276
f 5278 4997 5277
f 5278 5276 4997
f 5276 4996 4997
f 4998 5277 4997
f 5279 5277 4998
f 4999 5279 4998
f 5280 5279 4999
f 4999 5001 5280
f 5283 5281 5282
f 5011 5282 5281
f 5011 5010 5282
f 5010 5284 5282
f 4988 5267 5285
f 4988 5285 5010
f 5010 5285 5284
f 5267 5269 5285
f 5278 5277 5286
f 5277 5279 5287
f 5286 5277 5287
f 5279 5280 5288
f 5287 5279 5288
f 5280 5001 5012
f 5280 5012 5288
f 5288 5012 5289
f 5289 5012 5290
f 5012 5013 5290
f 5290 5013 5291
f 5013 5014 5291
f 5291 5014 5292
f 5014 5015 5292
f 5292 5015 5293
f 5015 5016 5293
f 5293 5016 5294
f 5016 5017 5294
f 5294 5017 5295
f 5017 5018 5295
f 5295 5018 5296
f 5018 5019 5296
f 5296 5019 5297
f 5019 5020 5297
f 5297 5020 5298
f 5020 5021 5298
f 5298 5021 5299
f 5021 5022 5299
f 5299 5022 5300
f 5022 5023 5300
f 5300 5023 5301
f 5023 5024 5301
f 5301 5024 5302
f 5024 5025 5302
f 5302 5025 5303
f 5025 5026 5303
f 5303 5026 5304
f 5026 5027 5304
f 5304 5027 5305
f 5027 5028 5305
f 5305 5028 5306
f 5028 5029 5306
f 5306 5029 5307
f 5029 5030 5307
f 5307 5030 5308
f 5030 5031 5308
f 5308 5031 5309
f 5031 5032 5309
f 5281 5283 5309
f 5281 5309 5033
f 5033 5309 5032
f 5281 5033 5011
f 5312 5311 5310
f 5311 5314 5313
f 5310 5311 5313
f 5036 5313 5314
f 5036 5314 5035
f 5035 5314 5315
f 5315 5316 5035
f 5035 5316 5038
f 5316 5317 5038
f 5038 5317 5039
f 5317 5318 5039
f 5039 5318 5041
f 5318 5319 5041
f 5041 5319 5042
f 5319 5320 5042
f 5042 5320 5043
f 5320 5321 5043
f 5043 5321 5044
f 5321 5322 5044
f 5044 5322 5045
f 5322 5323 5045
f 5045 5323 5046
f 5323 5324 5046
f 5046 5324 5047
f 5324 5325 5047
f 5047 5325 5048
f 5325 5326 5048
f 5048 5326 5049
f 5326 5327 5049
f 5049 5327 5050
f 5327 5328 5050
f 5050 5328 5051
f 5328 5329 5051
f 5051 5329 5052
f 5329 5330 5052
f 5052 5330 5053
f 5330 5331 5053
f 5053 5331 5055
f 5331 5332 5055
f 5055 5332 5057
f 5332 5333 5057
f 5057 5333 5059
f 5333 5334 5059
f 5059 5334 5061
f 5335 5062 5061
f 5335 5061 5336
f 5336 5061 5334
f 5336 5338 5337
f 5335 5336 5337
f 5338 5339 5337
f 5342 5341 5340
f 5065 5340 5341
f 5065 5341 5064
f 5064 5341 5343
f 5343 5344 5064
f 5064 5344 5066
f 5344 5345 5066
f 5066 5345 5067
f 5345 5346 5067
f 5067 5346 5068
f 5346 5347 5068
f 5068 5347 5069
f 5310 5347 5312
f 5310 5070 5347
f 5070 5069 5347
f 5313 5070 5310
f 5071 5070 5313
f 5313 5036 5071
f 5335 5072 5062
f 5337 5072 5335
f 5073 5072 5337
f 5339 5073 5337
f 5339 5348 5073
f 5348 5074 5073
f 5348 5349 5074
f 5074 5349 5075
f 5349 5350 5075
f 5075 5350 5076
f 5350 5351 5076
f 5076 5351 5078
f 5351 5352 5078
f 5078 5352 5080
f 5080 5352 5353
f 5081 5080 5353
f 5356 5355 5354
f 5084 5354 5355
f 5084 5355 5083
f 5083 5355 5357
f 5357 5358 5083
f 5083 5358 5085
f 5358 5359 5085
f 5085 5359 5086
f 5340 5359 5342
f 5340 5087 5359
f 5087 5086 5359
f 5340 5065 5087
f 5353 5088 5081
f 5360 5088 5353
f 5360 5361 5088
f 5088 5361 5089
f 5361 5362 5089
f 5089 5362 5090
f 5090 5362 5363
f 5091 5090 5363
f 5366 5365 5364
f 5365 5368 5367
f 5364 5365 5367
f 5094 5367 5368
f 5094 5368 5093
f 5093 5368 5369
f 5354 5369 5356
f 5354 5095 5369
f 5095 5093 5369
f 5354 5084 5095
f 5363 5096 5091
f 5370 5096 5363
f 5370 5371 5096
f 5096 5371 5097
f 5372 5098 5097
f 5372 5097 5373
f 5373 5097 5371
f 5373 5374 5372
f 5377 5376 5375
f 5101 5375 5376
f 5101 5376 5100
f 5100 5376 5378
f 5364 5378 5366
f 5364 5102 5378
f 5102 5100 5378
f 5367 5102 5364
f 5103 5102 5367
f 5367 5094 5103
f 5372 5104 5098
f 5374 5104 5372
f 5374 5379 5104
f 5379 5105 5104
f 5379 5380 5105
f 5105 5380 5107
f 5107 5380 5381
f 5108 5107 5381
f 5384 5383 5382
f 5111 5382 5383
f 5111 5383 5110
f 5110 5383 5385
f 5375 5385 5377
f 5375 5112 5385
f 5112 5110 5385
f 5375 5101 5112
f 5113 5387 5386
f 5113 5108 5387
f 5108 5381 5387
f 5113 5386 5114
f 5390 5389 5388
f 5382 5115 5116
f 5384 5382 5116
f 5384 5116 5388
f 5384 5388 5389
f 5382 5111 5115
f 5387 5391 5386
f 5386 5118 5114
f 5386 5393 5118
f 5386 5391 5393
f 5393 5392 5118
f 5393 5394 5392
f 5397 5396 5395
f 5396 5398 5395
f 5388 5120 5121
f 5388 5121 5390
f 5390 5121 5399
f 5388 5116 5120
f 5392 5122 5118
f 5392 5123 5122
f 5392 5401 5123
f 5392 5394 5401
f 5400 5123 5401
f 5123 5400 5124
f 5403 5397 5395
f 5402 5403 5395
f 5398 5404 5126
f 5398 5126 5402
f 5398 5402 5395
f 5402 5126 5127
f 5406 5405 5128
f 5406 5128 5404
f 5404 5128 5126
f 5128 5405 5129
f 5399 5121 5407
f 5407 5121 5130
f 5401 5408 5400
f 5400 5408 5409
f 5400 5409 5124
f 5124 5409 5132
f 5403 5402 5410
f 5402 5411 5410
f 5402 5127 5411
f 5127 5133 5411
f 5406 5412 5405
f 5414 5413 5134
f 5412 5414 5134
f 5412 5134 5129
f 5412 5129 5405
f 5134 5413 5136
f 5407 5130 5415
f 5415 5130 5137
f 5409 5416 5132
f 5416 5139 5132
f 5142 5418 5417
f 5141 5142 5417
f 5417 5133 5141
f 5411 5133 5417
f 5414 5419 5413
f 5421 5420 5143
f 5419 5421 5143
f 5419 5143 5136
f 5419 5136 5413
f 5143 5420 5145
f 5415 5137 5422
f 5422 5137 5146
f 5416 5423 5139
f 5423 5148 5139
f 5418 5142 5424
f 5424 5142 5149
f 5421 5425 5420
f 5420 5425 5426
f 5420 5426 5145
f 5145 5426 5151
f 5422 5146 5427
f 5427 5146 5152
f 5153 5429 5428
f 5153 5148 5429
f 5148 5423 5429
f 5430 5155 5154
f 5428 5431 5153
f 5431 5149 5153
f 5431 5424 5149
f 5154 5156 5430
f 5157 5433 5432
f 5157 5151 5433
f 5151 5426 5433
f 5157 5432 5159
f 5427 5152 5434
f 5434 5152 5160
f 5436 5428 5429
f 5435 5428 5436
f 5430 5161 5155
f 5430 5437 5161
f 5428 5435 5431
f 5435 5438 5431
f 5430 5162 5437
f 5156 5162 5430
f 5433 5439 5432
f 5441 5440 5163
f 5439 5441 5163
f 5439 5163 5159
f 5439 5159 5432
f 5163 5440 5165
f 5434 5160 5442
f 5442 5160 5166
f 5435 5169 5168
f 5435 5436 5169
f 5436 5443 5169
f 5437 5444 5168
f 5437 5168 5161
f 5444 5445 5168
f 5435 5168 5438
f 5445 5438 5168
f 5437 5170 5444
f 5162 5170 5437
f 5447 5440 5441
f 5446 5440 5447
f 5440 5446 5172
f 5165 5440 5172
f 5442 5166 5448
f 5448 5166 5173
f 5443 5449 5169
f 5449 5175 5169
f 5444 5177 5178
f 5444 5178 5445
f 5445 5178 5450
f 5444 5170 5177
f 5452 5446 5447
f 5451 5446 5452
f 5446 5451 5180
f 5172 5446 5180
f 5448 5173 5453
f 5453 5173 5181
f 5449 5454 5175
f 5454 5182 5175
f 5450 5178 5455
f 5455 5178 5184
f 5452 5456 5451
f 5451 5456 5457
f 5451 5457 5180
f 5180 5457 5186
f 5453 5181 5458
f 5458 5181 5187
f 5461 5459 5460
f 5460 5459 5188
f 5460 5188 5454
f 5454 5188 5182
f 5455 5184 5462
f 5462 5184 5190
f 5465 5463 5464
f 5464 5463 5192
f 5464 5192 5457
f 5457 5192 5186
f 5458 5187 5466
f 5466 5187 5193
f 5469 5467 5468
f 5459 5195 5194
f 5461 5195 5459
f 5461 5467 5195
f 5461 5468 5467
f 5459 5194 5188
f 5462 5190 5470
f 5470 5190 5196
f 5472 5463 5465
f 5471 5463 5472
f 5463 5471 5198
f 5192 5463 5198
f 5199 5473 5474
f 5199 5474 5193
f 5193 5474 5466
f 5199 5201 5473
f 5476 5467 5469
f 5475 5467 5476
f 5467 5475 5202
f 5195 5467 5202
f 5204 5478 5477
f 5203 5204 5477
f 5477 5196 5203
f 5470 5196 5477
f 5480 5471 5472
f 5479 5471 5480
f 5471 5479 5206
f 5198 5471 5206
f 5474 5473 5481
f 5473 5201 5207
f 5473 5207 5481
f 5481 5207 5482
f 5207 5483 5482
f 5209 5483 5207
f 5486 5484 5485
f 5475 5211 5210
f 5476 5211 5475
f 5476 5484 5211
f 5476 5485 5484
f 5475 5210 5202
f 5478 5204 5487
f 5487 5204 5212
f 5490 5488 5489
f 5479 5215 5214
f 5480 5215 5479
f 5480 5488 5215
f 5480 5489 5488
f 5479 5214 5206
f 5483 5209 5216
f 5491 5483 5216
f 5493 5217 5492
f 5493 5491 5217
f 5491 5216 5217
f 5217 5219 5492
f 5484 5221 5220
f 5484 5486 5221
f 5486 5494 5221
f 5484 5220 5211
f 5495 5496 5487
f 5495 5487 5222
f 5222 5487 5212
f 5496 5495 5497
f 5500 5498 5499
f 5488 5225 5224
f 5490 5225 5488
f 5490 5498 5225
f 5490 5499 5498
f 5488 5224 5215
f 5493 5492 5501
f 5492 5219 5226
f 5492 5226 5501
f 5501 5226 5502
f 5504 5227 5503
f 5504 5502 5227
f 5502 5226 5227
f 5227 5228 5503
f 5507 5505 5506
f 5231 5506 5505
f 5231 5230 5506
f 5230 5508 5506
f 5508 5230 5221
f 5494 5508 5221
f 5495 5222 5232
f 5497 5495 5232
f 5497 5232 5509
f 5509 5232 5233
f 5233 5510 5509
f 5234 5510 5233
f 5513 5511 5512
f 5512 5498 5500
f 5512 5511 5498
f 5511 5514 5498
f 5498 5514 5236
f 5225 5498 5236
f 5504 5503 5515
f 5503 5228 5237
f 5503 5237 5515
f 5515 5237 5516
f 5516 5237 5517
f 5237 5238 5517
f 5238 5518 5517
f 5240 5518 5238
f 5242 5519 5520
f 5241 5519 5242
f 5505 5507 5519
f 5505 5519 5243
f 5243 5519 5241
f 5505 5243 5231
f 5523 5522 5521
f 5522 5245 5521
f 5522 5510 5245
f 5510 5234 5245
f 5526 5524 5525
f 5525 5511 5513
f 5525 5524 5511
f 5524 5527 5511
f 5248 5247 5514
f 5248 5514 5527
f 5527 5514 5511
f 5514 5247 5236
f 5518 5240 5249
f 5528 5518 5249
f 5528 5249 5529
f 5249 5250 5529
f 5529 5250 5530
f 5250 5251 5530
f 5251 5531 5530
f 5253 5531 5251
f 5255 5532 5256
f 5532 5533 5534
f 5532 5255 5533
f 5255 5257 5533
f 5533 5257 5242
f 5520 5533 5242
f 5523 5521 5535
f 5521 5245 5258
f 5521 5258 5535
f 5535 5258 5536
f 5524 5526 5536
f 5524 5536 5259
f 5259 5536 5258
f 5527 5524 5259
f 5260 5527 5259
f 5527 5260 5248
f 5531 5253 5261
f 5537 5531 5261
f 5537 5261 5538
f 5261 5262 5538
f 5538 5262 5539
f 5262 5263 5539
f 5541 5264 5540
f 5541 5539 5264
f 5539 5263 5264
f 5264 5266 5540
f 5544 5542 5543
f 5269 5543 5542
f 5269 5268 5543
f 5268 5545 5543
f 5545 5268 5546
f 5268 5270 5546
f 5546 5270 5547
f 5270 5271 5547
f 5256 5532 5548
f 5256 5548 5271
f 5271 5548 5547
f 5532 5534 5548
f 5541 5540 5549
f 5540 5266 5272
f 5540 5272 5549
f 5549 5272 5550
f 5550 5272 5551
f 5272 5273 5551
f 5551 5273 5552
f 5273 5274 5552
f 5552 5274 5553
f 5274 5275 5553
f 5555 5276 5554
f 5555 5553 5276
f 5553 5275 5276
f 5276 5278 5554
f 5558 5556 5557
f 5557 5556 5559
f 5282 5560 5283
f 5560 5561 5562
f 5560 5282 5561
f 5282 5284 5561
f 5542 5544 5561
f 5542 5561 5285
f 5285 5561 5284
f 5542 5285 5269
f 5555 5554 5563
f 5554 5278 5286
f 5554 5286 5563
f 5563 5286 5564
f 5564 5286 5565
f 5286 5287 5565
f 5565 5287 5566
f 5287 5288 5566
f 5566 5288 5567
f 5288 5289 5567
f 5567 5289 5568
f 5289 5290 5568
f 5568 5290 5569
f 5290 5291 5569
f 5569 5291 5570
f 5291 5292 5570
f 5570 5292 5571
f 5292 5293 5571
f 5571 5293 5572
f 5293 5294 5572
f 5572 5294 5573
f 5294 5295 5573
f 5573 5295 5574
f 5295 5296 5574
f 5574 5296 5575
f 5296 5297 5575
f 5575 5297 5576
f 5297 5298 5576
f 5576 5298 5577
f 5298 5299 5577
f 5577 5299 5578
f 5299 5300 5578
f 5578 5300 5579
f 5300 5301 5579
f 5579 5301 5580
f 5301 5302 5580
f 5580 5302 5581
f 5302 5303 5581
f 5581 5303 5582
f 5303 5304 5582
f 5582 5304 5583
f 5304 5305 5583
f 5583 5305 5584
f 5305 5306 5584
f 5584 5306 5585
f 5306 5307 5585
f 5556 5558 5585
f 5556 5585 5308
f 5308 5585 5307
f 5559 5556 5308
f 5559 5308 5586
f 5586 5308 5309
f 5283 5560 5587
f 5283 5587 5309
f 5309 5587 5586
f 5560 5562 5587
f 5590 5589 5588
f 5589 5591 5588
f 5594 5593 5592
f 5593 5595 5592
f 5598 5597 5596
f 5312 5596 5597
f 5312 5597 5311
f 5311 5597 5599
f 5599 5600 5311
f 5311 5600 5314
f 5600 5601 5314
f 5314 5601 5315
f 5601 5602 5315
f 5315 5602 5316
f 5602 5603 5316
f 5316 5603 5317
f 5603 5604 5317
f 5317 5604 5318
f 5588 5604 5590
f 5588 5319 5604
f 5319 5318 5604
f 5591 5319 5588
f 5591 5605 5319
f 5605 5320 5319
f 5592 5605 5594
f 5592 5321 5605
f 5321 5320 5605
f 5595 5321 5592
f 5595 5606 5321
f 5606 5322 5321
f 5606 5607 5322
f 5322 5607 5323
f 5607 5608 5323
f 5323 5608 5324
f 5608 5609 5324
f 5324 5609 5325
f 5609 5610 5325
f 5325 5610 5326
f 5610 5611 5326
f 5326 5611 5327
f 5611 5612 5327
f 5327 5612 5328
f 5612 5613 5328
f 5328 5613 5329
f 5613 5614 5329
f 5329 5614 5330
f 5614 5615 5330
f 5330 5615 5331
f 5615 5616 5331
f 5331 5616 5332
f 5616 5617 5332
f 5332 5617 5333
f 5617 5618 5333
f 5333 5618 5334
f 5618 5619 5334
f 5334 5619 5336
f 5619 5620 5336
f 5336 5620 5338
f 5338 5620 5621
f 5339 5338 5621
f 5624 5623 5622
f 5342 5622 5623
f 5342 5623 5341
f 5341 5623 5625
f 5625 5626 5341
f 5341 5626 5343
f 5626 5627 5343
f 5343 5627 5344
f 5627 5628 5344
f 5344 5628 5345
f 5628 5629 5345
f 5345 5629 5346
f 5596 5629 5598
f 5596 5347 5629
f 5347 5346 5629
f 5596 5312 5347
f 5621 5348 5339
f 5630 5348 5621
f 5630 5631 5348
f 5348 5631 5349
f 5631 5632 5349
f 5349 5632 5350
f 5632 5633 5350
f 5350 5633 5351
f 5633 5634 5351
f 5351 5634 5352
f 5352 5634 5635
f 5353 5352 5635
f 5356 5637 5636
f 5355 5356 5636
f 5636 5638 5355
f 5355 5638 5357
f 5638 5639 5357
f 5357 5639 5358
f 5622 5639 5624
f 5622 5359 5639
f 5359 5358 5639
f 5622 5342 5359
f 5635 5360 5353
f 5640 5360 5635
f 5640 5641 5360
f 5360 5641 5361
f 5641 5642 5361
f 5361 5642 5362
f 5362 5642 5643
f 5363 5362 5643
f 5646 5645 5644
f 5366 5644 5645
f 5366 5645 5365
f 5365 5645 5647
f 5647 5648 5365
f 5365 5648 5368
f 5648 5649 5368
f 5368 5649 5369
f 5649 5356 5369
f 5637 5356 5649
f 5643 5370 5363
f 5650 5370 5643
f 5650 5651 5370
f 5370 5651 5371
f 5653 5652 5373
f 5653 5373 5651
f 5651 5373 5371
f 5373 5652 5374
f 5377 5655 5654
f 5376 5377 5654
f 5644 5654 5646
f 5644 5378 5654
f 5378 5376 5654
f 5644 5366 5378
f 5653 5656 5652
f 5652 5379 5374
f 5652 5656 5379
f 5656 5657 5379
f 5659 5658 5380
f 5659 5380 5657
f 5657 5380 5379
f 5380 5658 5381
f 5662 5661 5660
f 5384 5660 5661
f 5384 5661 5383
f 5383 5661 5663
f 5663 5664 5383
f 5383 5664 5385
f 5664 5377 5385
f 5655 5377 5664
f 5659 5665 5658
f 5658 5665 5666
f 5658 5666 5381
f 5381 5666 5387
f 5660 5389 5390
f 5660 5390 5662
f 5662 5390 5667
f 5660 5384 5389
f 5666 5391 5387
f 5668 5391 5666
f 5670 5669 5393
f 5670 5393 5668
f 5668 5393 5391
f 5393 5669 5394
f 5396 5397 5671
f 5396 5671 5398
f 5667 5390 5672
f 5672 5390 5399
f 5670 5673 5669
f 5669 5673 5674
f 5669 5674 5394
f 5394 5674 5401
f 5675 5671 5397
f 5675 5397 5676
f 5676 5397 5403
f 5678 5677 5404
f 5675 5678 5404
f 5675 5404 5398
f 5675 5398 5671
f 5404 5677 5406
f 5672 5399 5679
f 5679 5399 5407
f 5408 5681 5680
f 5408 5401 5681
f 5401 5674 5681
f 5408 5680 5409
f 5410 5682 5683
f 5410 5683 5403
f 5403 5683 5676
f 5678 5684 5677
f 5682 5410 5411
f 5686 5685 5412
f 5684 5686 5412
f 5684 5412 5406
f 5684 5406 5677
f 5412 5685 5414
f 5679 5407 5687
f 5687 5407 5415
f 5681 5688 5680
f 5680 5688 5689
f 5680 5689 5409
f 5409 5689 5416
f 5682 5417 5418
f 5682 5418 5683
f 5683 5418 5690
f 5682 5411 5417
f 5686 5691 5685
f 5693 5692 5419
f 5691 5693 5419
f 5691 5419 5414
f 5691 5414 5685
f 5419 5692 5421
f 5687 5415 5694
f 5694 5415 5422
f 5695 5689 5696
f 5695 5423 5689
f 5423 5416 5689
f 5696 5424 5695
f 5696 5690 5424
f 5690 5418 5424
f 5693 5697 5692
f 5699 5698 5425
f 5697 5699 5425
f 5697 5425 5421
f 5697 5421 5692
f 5425 5698 5426
f 5694 5422 5700
f 5700 5422 5427
f 5701 5423 5695
f 5429 5423 5701
f 5695 5431 5701
f 5424 5431 5695
f 5699 5702 5698
f 5698 5702 5703
f 5698 5703 5426
f 5426 5703 5433
f 5700 5427 5704
f 5704 5427 5434
f 5705 5429 5701
f 5705 5706 5429
f 5706 5436 5429
f 5701 5707 5705
f 5701 5431 5707
f 5431 5438 5707
f 5439 5709 5708
f 5439 5433 5709
f 5433 5703 5709
f 5439 5708 5441
f 5704 5434 5710
f 5710 5434 5442
f 5706 5711 5436
f 5711 5443 5436
f 5707 5438 5712
f 5712 5438 5445
f 5714 5708 5709
f 5713 5708 5714
f 5708 5713 5447
f 5441 5708 5447
f 5710 5442 5715
f 5715 5442 5448
f 5711 5716 5443
f 5716 5449 5443
f 5712 5445 5717
f 5717 5445 5450
f 5719 5713 5714
f 5718 5713 5719
f 5713 5718 5452
f 5447 5713 5452
f 5715 5448 5720
f 5720 5448 5453
f 5723 5721 5722
f 5722 5721 5454
f 5722 5454 5716
f 5716 5454 5449
f 5717 5450 5724
f 5724 5450 5455
f 5726 5718 5719
f 5725 5718 5726
f 5456 5452 5718
f 5456 5718 5727
f 5727 5718 5725
f 5456 5727 5457
f 5720 5453 5728
f 5728 5453 5458
f 5721 5461 5460
f 5721 5723 5461
f 5723 5729 5461
f 5721 5460 5454
f 5731 5730 5732
f 5731 5462 5730
f 5731 5724 5462
f 5724 5455 5462
f 5734 5725 5726
f 5733 5725 5734
f 5465 5464 5727
f 5465 5727 5733
f 5733 5727 5725
f 5727 5464 5457
f 5728 5458 5735
f 5735 5458 5466
f 5469 5736 5737
f 5468 5736 5469
f 5736 5468 5461
f 5729 5736 5461
f 5739 5732 5730
f 5738 5739 5730
f 5730 5470 5738
f 5462 5470 5730
f 5741 5733 5734
f 5740 5733 5741
f 5733 5740 5472
f 5465 5733 5472
f 5735 5466 5742
f 5742 5466 5474
f 5737 5743 5469
f 5743 5476 5469
f 5746 5745 5744
f 5738 5477 5478
f 5739 5738 5478
f 5739 5478 5744
f 5739 5744 5745
f 5738 5470 5477
f 5749 5747 5748
f 5748 5740 5741
f 5748 5747 5740
f 5747 5750 5740
f 5740 5750 5480
f 5472 5740 5480
f 5481 5751 5752
f 5481 5752 5474
f 5474 5752 5742
f 5482 5751 5481
f 5753 5751 5482
f 5482 5483 5753
f 5485 5754 5486
f 5754 5485 5476
f 5754 5476 5755
f 5755 5476 5743
f 5757 5746 5744
f 5756 5757 5744
f 5744 5487 5756
f 5478 5487 5744
f 5759 5747 5749
f 5758 5747 5759
f 5490 5489 5750
f 5490 5750 5758
f 5758 5750 5747
f 5750 5489 5480
f 5752 5751 5760
f 5751 5753 5761
f 5760 5751 5761
f 5753 5483 5491
f 5753 5491 5761
f 5761 5491 5762
f 5491 5763 5762
f 5493 5763 5491
f 5764 5486 5754
f 5764 5765 5486
f 5765 5494 5486
f 5754 5755 5764
f 5767 5757 5756
f 5766 5767 5756
f 5487 5766 5756
f 5487 5768 5766
f 5487 5496 5768
f 5769 5766 5768
f 5496 5770 5768
f 5497 5770 5496
f 5773 5771 5772
f 5758 5500 5499
f 5759 5500 5758
f 5759 5771 5500
f 5759 5772 5771
f 5758 5499 5490
f 5763 5493 5501
f 5774 5763 5501
f 5774 5501 5775
f 5501 5502 5775
f 5502 5776 5775
f 5504 5776 5502
f 5507 5777 5778
f 5506 5777 5507
f 5777 5506 5779
f 5506 5508 5779
f 5779 5508 5494
f 5765 5779 5494
f 5767 5766 5780
f 5783 5780 5766
f 5783 5766 5781
f 5769 5782 5766
f 5782 5781 5766
f 5782 5784 5781
f 5782 5497 5784
f 5782 5770 5497
f 5497 5509 5784
f 5509 5510 5784
f 5787 5785 5786
f 5771 5513 5512
f 5773 5513 5771
f 5773 5785 5513
f 5773 5786 5785
f 5771 5512 5500
f 5776 5504 5515
f 5788 5776 5515
f 5788 5515 5789
f 5515 5516 5789
f 5791 5517 5790
f 5791 5789 5517
f 5789 5516 5517
f 5517 5518 5790
f 5794 5792 5793
f 5520 5793 5792
f 5520 5519 5793
f 5519 5795 5793
f 5795 5519 5507
f 5778 5795 5507
f 5783 5781 5796
f 5798 5796 5523
f 5798 5523 5797
f 5796 5781 5523
f 5522 5523 5784
f 5781 5784 5523
f 5798 5799 5800
f 5798 5797 5799
f 5522 5784 5510
f 5785 5526 5525
f 5787 5526 5785
f 5787 5799 5526
f 5787 5800 5799
f 5785 5525 5513
f 5791 5790 5801
f 5790 5518 5528
f 5790 5528 5801
f 5801 5528 5802
f 5802 5528 5803
f 5528 5529 5803
f 5805 5530 5804
f 5805 5803 5530
f 5803 5529 5530
f 5530 5531 5804
f 5808 5806 5807
f 5792 5534 5533
f 5794 5534 5792
f 5794 5806 5534
f 5794 5807 5806
f 5792 5533 5520
f 5797 5523 5535
f 5799 5797 5535
f 5536 5799 5535
f 5799 5536 5526
f 5805 5804 5809
f 5804 5531 5537
f 5804 5537 5809
f 5809 5537 5810
f 5810 5537 5811
f 5537 5538 5811
f 5813 5539 5812
f 5813 5811 5539
f 5811 5538 5539
f 5539 5541 5812
f 5543 5814 5544
f 5814 5815 5816
f 5814 5543 5815
f 5543 5545 5815
f 5815 5545 5817
f 5545 5546 5817
f 5817 5546 5818
f 5546 5547 5818
f 5806 5808 5818
f 5806 5818 5548
f 5548 5818 5547
f 5806 5548 5534
f 5813 5812 5819
f 5812 5541 5549
f 5812 5549 5819
f 5819 5549 5820
f 5820 5549 5821
f 5549 5550 5821
f 5821 5550 5822
f 5550 5551 5822
f 5822 5551 5823
f 5551 5552 5823
f 5823 5552 5824
f 5552 5553 5824
f 5553 5825 5824
f 5555 5825 5553
f 5557 5826 5558
f 5557 5559 5826
f 5829 5827 5828
f 5562 5828 5827
f 5562 5561 5828
f 5561 5830 5828
f 5544 5814 5831
f 5544 5831 5561
f 5561 5831 5830
f 5814 5816 5831
f 5825 5555 5563
f 5832 5825 5563
f 5832 5563 5833
f 5563 5564 5833
f 5833 5564 5834
f 5564 5565 5834
f 5834 5565 5835
f 5565 5566 5835
f 5835 5566 5836
f 5566 5567 5836
f 5836 5567 5837
f 5567 5568 5837
f 5837 5568 5838
f 5568 5569 5838
f 5838 5569 5839
f 5569 5570 5839
f 5839 5570 5840
f 5570 5571 5840
f 5842 5572 5841
f 5842 5840 5572
f 5840 5571 5572
f 5573 5841 5572
f 5843 5841 5573
f 5574 5843 5573
f 5844 5843 5574
f 5575 5844 5574
f 5845 5844 5575
f 5845 5846 5847
f 5845 5575 5846
f 5575 5576 5846
f 5849 5577 5848
f 5849 5846 5577
f 5846 5576 5577
f 5578 5848 5577
f 5850 5848 5578
f 5850 5851 5852
f 5850 5578 5851
f 5578 5579 5851
f 5851 5579 5853
f 5579 5580 5853
f 5853 5580 5854
f 5580 5581 5854
f 5854 5581 5855
f 5581 5582 5855
f 5855 5582 5856
f 5582 5583 5856
f 5856 5583 5857
f 5583 5584 5857
f 5857 5584 5858
f 5584 5585 5858
f 5558 5826 5859
f 5558 5859 5585
f 5585 5859 5858
f 5826 5559 5586
f 5826 5586 5859
f 5859 5586 5860
f 5827 5829 5860
f 5827 5860 5587
f 5587 5860 5586
f 5827 5587 5562
f 5842 5841 5861
f 5841 5843 5862
f 5861 5841 5862
f 5843 5844 5863
f 5862 5843 5863
f 5844 5845 5864
f 5863 5844 5864
f 5845 5847 5864
f 5849 5848 5865
f 5848 5850 5866
f 5865 5848 5866
f 5850 5852 5866
f 5589 5590 5867
f 5868 5591 5589
f 5868 5589 5869
f 5867 5870 5589
f 5870 5869 5589
f 5594 5868 5869
f 5594 5869 5593
f 5872 5871 5869
f 5871 5593 5869
f 5593 5871 5595
f 5875 5874 5873
f 5598 5873 5874
f 5598 5874 5597
f 5597 5874 5876
f 5876 5877 5597
f 5597 5877 5599
f 5877 5878 5599
f 5599 5878 5600
f 5878 5879 5600
f 5600 5879 5601
f 5879 5880 5601
f 5601 5880 5602
f 5880 5881 5602
f 5602 5881 5603
f 5881 5882 5603
f 5603 5882 5604
f 5590 5883 5867
f 5590 5604 5883
f 5604 5882 5883
f 5867 5883 5870
f 5591 5868 5605
f 5872 5884 5871
f 5868 5594 5605
f 5871 5606 5595
f 5871 5884 5606
f 5884 5885 5606
f 5885 5886 5606
f 5606 5886 5607
f 5886 5887 5607
f 5607 5887 5608
f 5887 5888 5608
f 5608 5888 5609
f 5888 5889 5609
f 5609 5889 5610
f 5889 5890 5610
f 5610 5890 5611
f 5890 5891 5611
f 5611 5891 5612
f 5891 5892 5612
f 5612 5892 5613
f 5892 5893 5613
f 5613 5893 5614
f 5893 5894 5614
f 5614 5894 5615
f 5894 5895 5615
f 5615 5895 5616
f 5895 5896 5616
f 5616 5896 5617
f 5896 5897 5617
f 5617 5897 5618
f 5897 5898 5618
f 5618 5898 5619
f 5898 5899 5619
f 5619 5899 5620
f 5620 5899 5900
f 5621 5620 5900
f 5623 5624 5901
f 5901 5903 5902
f 5901 5902 5623
f 5623 5902 5625
f 5902 5904 5625
f 5625 5904 5626
f 5904 5905 5626
f 5626 5905 5627
f 5905 5906 5627
f 5627 5906 5628
f 5873 5906 5875
f 5873 5629 5906
f 5629 5628 5906
f 5873 5598 5629
f 5900 5630 5621
f 5907 5630 5900
f 5907 5908 5630
f 5630 5908 5631
f 5908 5909 5631
f 5631 5909 5632
f 5909 5910 5632
f 5632 5910 5633
f 5910 5911 5633
f 5633 5911 5634
f 5634 5911 5912
f 5635 5634 5912
f 5637 5914 5913
f 5636 5637 5913
f 5913 5915 5636
f 5636 5915 5638
f 5915 5916 5638
f 5638 5916 5639
f 5624 5917 5901
f 5624 5639 5917
f 5639 5916 5917
f 5901 5917 5903
f 5912 5640 5635
f 5918 5640 5912
f 5918 5919 5640
f 5640 5919 5641
f 5919 5920 5641
f 5641 5920 5642
f 5642 5920 5921
f 5643 5642 5921
f 5646 5923 5922
f 5645 5646 5922
f 5922 5924 5645
f 5645 5924 5647
f 5924 5925 5647
f 5647 5925 5648
f 5925 5926 5648
f 5648 5926 5649
f 5926 5637 5649
f 5914 5637 5926
f 5921 5650 5643
f 5927 5650 5921
f 5927 5928 5650
f 5650 5928 5651
f 5929 5653 5651
f 5929 5651 5930
f 5930 5651 5928
f 5930 5931 5929
f 5934 5933 5932
f 5933 5936 5935
f 5932 5933 5935
f 5655 5935 5936
f 5655 5936 5654
f 5654 5936 5937
f 5937 5646 5654
f 5923 5646 5937
f 5929 5656 5653
f 5931 5656 5929
f 5931 5938 5656
f 5938 5657 5656
f 5657 5938 5939
f 5659 5657 5939
f 5662 5941 5940
f 5661 5662 5940
f 5932 5940 5934
f 5932 5663 5940
f 5663 5661 5940
f 5935 5663 5932
f 5664 5663 5935
f 5935 5655 5664
f 5939 5665 5659
f 5942 5665 5939
f 5665 5942 5943
f 5666 5665 5943
f 5941 5662 5944
f 5944 5662 5667
f 5943 5668 5666
f 5945 5668 5943
f 5668 5945 5946
f 5670 5668 5946
f 5944 5667 5947
f 5947 5667 5672
f 5673 5949 5948
f 5673 5670 5949
f 5670 5946 5949
f 5673 5948 5674
f 5675 5676 5950
f 5675 5950 5678
f 5947 5672 5951
f 5951 5672 5679
f 5949 5952 5948
f 5948 5952 5953
f 5948 5953 5674
f 5674 5953 5681
f 5954 5950 5676
f 5954 5676 5955
f 5955 5676 5683
f 5957 5956 5684
f 5954 5957 5684
f 5954 5684 5678
f 5954 5678 5950
f 5684 5956 5686
f 5951 5679 5958
f 5958 5679 5687
f 5688 5960 5959
f 5688 5681 5960
f 5681 5953 5960
f 5961 5689 5688
f 5961 5688 5962
f 5959 5963 5688
f 5963 5962 5688
f 5962 5690 5961
f 5962 5955 5690
f 5955 5683 5690
f 5957 5964 5956
f 5966 5965 5691
f 5964 5966 5691
f 5964 5691 5686
f 5964 5686 5956
f 5691 5965 5693
f 5958 5687 5967
f 5967 5687 5694
f 5969 5959 5960
f 5968 5959 5969
f 5963 5968 5970
f 5963 5959 5968
f 5689 5961 5696
f 5961 5690 5696
f 5966 5971 5965
f 5973 5972 5697
f 5971 5973 5697
f 5971 5697 5693
f 5971 5693 5965
f 5697 5972 5699
f 5967 5694 5974
f 5974 5694 5700
f 5969 5975 5968
f 5968 5975 5970
f 5973 5976 5972
f 5978 5977 5702
f 5976 5978 5702
f 5976 5702 5699
f 5976 5699 5972
f 5702 5977 5703
f 5974 5700 5979
f 5979 5700 5704
f 5706 5980 5981
f 5705 5980 5706
f 5705 5982 5980
f 5707 5982 5705
f 5984 5977 5978
f 5983 5977 5984
f 5977 5983 5709
f 5703 5977 5709
f 5979 5704 5985
f 5985 5704 5710
f 5988 5986 5987
f 5987 5986 5991
f 5981 5990 5711
f 5981 5711 5706
f 5711 5990 5989
f 5990 5712 5989
f 5990 5982 5712
f 5982 5707 5712
f 5993 5983 5984
f 5992 5983 5993
f 5983 5992 5714
f 5709 5983 5714
f 5985 5710 5994
f 5994 5710 5715
f 5996 5986 5988
f 5995 5986 5996
f 5989 5716 5711
f 5989 5997 5716
f 5986 5995 5991
f 5995 5998 5991
f 5989 5717 5997
f 5712 5717 5989
f 6000 5992 5993
f 5999 5992 6000
f 5992 5999 5719
f 5714 5992 5719
f 5994 5715 6001
f 6001 5715 5720
f 5995 5723 5722
f 5995 5996 5723
f 5996 6002 5723
f 5997 6003 5722
f 5997 5722 5716
f 6003 6004 5722
f 5995 5722 5998
f 6004 5998 5722
f 5997 5724 6003
f 5717 5724 5997
f 6006 5999 6000
f 6005 5999 6006
f 5999 6005 5726
f 5719 5999 5726
f 6001 5720 6007
f 6007 5720 5728
f 6002 6008 5723
f 6008 5729 5723
f 6003 5731 5732
f 6003 5732 6004
f 6004 5732 6009
f 6003 5724 5731
f 6011 6005 6006
f 6010 6005 6011
f 6005 6010 5734
f 5726 6005 5734
f 6007 5728 6012
f 6012 5728 5735
f 5737 6013 6014
f 5736 6013 5737
f 6013 5736 5729
f 6008 6013 5729
f 6009 5732 6015
f 6015 5732 5739
f 6017 6010 6011
f 6016 6010 6017
f 6010 6016 5741
f 5734 6010 5741
f 6012 5735 6018
f 6018 5735 5742
f 6014 6019 5737
f 6019 5743 5737
f 5745 5746 6020
f 6020 5739 5745
f 6020 6021 5739
f 6021 6015 5739
f 6024 6022 6023
f 6016 5749 5748
f 6017 5749 6016
f 6017 6022 5749
f 6017 6023 6022
f 6016 5748 5741
f 6018 5742 6025
f 6025 5742 5752
f 6028 6026 6027
f 6027 6026 5755
f 6027 5755 6019
f 6019 5755 5743
f 6029 6020 5746
f 6029 5746 6030
f 6030 5746 5757
f 6020 6029 6021
f 6032 6022 6024
f 6031 6022 6032
f 6022 6031 5759
f 5749 6022 5759
f 6025 5752 5760
f 6033 6025 5760
f 6033 5760 6034
f 5760 5761 6034
f 6036 5762 6035
f 6036 6034 5762
f 6034 5761 5762
f 5762 5763 6035
f 6039 6037 6038
f 6026 5765 5764
f 6028 5765 6026
f 6028 6037 5765
f 6028 6038 6037
f 6026 5764 5755
f 6040 6041 6030
f 6040 6030 5767
f 5767 6030 5757
f 6043 6041 6040
f 6042 5769 5768
f 5768 5770 6042
f 6046 6044 6045
f 6031 5773 5772
f 6032 5773 6031
f 6032 6044 5773
f 6032 6045 6044
f 6031 5772 5759
f 6036 6035 6047
f 6035 5763 5774
f 6035 5774 6047
f 6047 5774 6048
f 6048 5774 6049
f 5774 5775 6049
f 5775 6050 6049
f 5776 6050 5775
f 5778 6051 6052
f 5777 6051 5778
f 6037 6039 6051
f 6037 6051 5779
f 5779 6051 5777
f 6037 5779 5765
f 6040 5767 5780
f 6042 5782 5769
f 6043 6040 5783
f 6043 5783 6053
f 5783 6040 5780
f 6042 5770 5782
f 6055 6056 6054
f 6055 6057 6058
f 6054 6057 6055
f 6044 5787 5786
f 6046 5787 6044
f 6046 6057 5787
f 6046 6058 6057
f 6044 5786 5773
f 6050 5776 5788
f 6059 6050 5788
f 6059 5788 6060
f 5788 5789 6060
f 5789 6061 6060
f 5791 6061 5789
f 5793 6062 5794
f 6062 6063 6064
f 6062 5793 6063
f 5793 5795 6063
f 6063 5795 5778
f 6052 6063 5778
f 6053 5783 5796
f 6065 6053 5796
f 6054 6056 6065
f 6054 6065 5798
f 5798 6065 5796
f 6057 6054 5798
f 5800 6057 5798
f 6057 5800 5787
f 6061 5791 5801
f 6066 6061 5801
f 6066 5801 6067
f 5801 5802 6067
f 6067 5802 6068
f 5802 5803 6068
f 5803 6069 6068
f 5805 6069 5803
f 5808 6070 6071
f 5807 6070 5808
f 5794 6062 6072
f 5794 6072 5807
f 5807 6072 6070
f 6062 6064 6072
f 6069 5805 5809
f 6073 6069 5809
f 6073 5809 6074
f 5809 5810 6074
f 6074 5810 6075
f 5810 5811 6075
f 6076 5811 5813
f 6076 6077 5811
f 6077 6075 5811
f 6077 6076 6078
f 5816 6079 6080
f 5815 6079 5816
f 6079 5815 6081
f 5815 5817 6081
f 6081 5817 6082
f 5817 5818 6082
f 6082 5818 5808
f 6071 6082 5808
f 6076 5813 5819
f 6078 6076 5819
f 6078 5819 6083
f 6083 5819 5820
f 6083 5820 6084
f 5820 5821 6084
f 6084 5821 6085
f 5821 5822 6085
f 6085 5822 6086
f 5822 5823 6086
f 6086 5823 6087
f 5823 5824 6087
f 5824 6088 6087
f 5825 6088 5824
f 6091 6089 6090
f 5829 6090 6089
f 5829 5828 6090
f 5828 6092 6090
f 6092 5828 6093
f 5828 5830 6093
f 6093 5830 6094
f 5830 5831 6094
f 6094 5831 5816
f 6080 6094 5816
f 6088 5825 5832
f 6095 6088 5832
f 6095 5832 6096
f 5832 5833 6096
f 6096 5833 6097
f 5833 5834 6097
f 6097 5834 6098
f 5834 5835 6098
f 6098 5835 6099
f 5835 5836 6099
f 6099 5836 6100
f 5836 5837 6100
f 6100 5837 6101
f 5837 5838 6101
f 6103 5839 6102
f 6103 6101 5839
f 6101 5838 5839
f 5840 6102 5839
f 6104 6102 5840
f 5840 5842 6104
f 6107 6105 6106
f 6106 6105 6108
f 5846 6109 5847
f 5846 5849 6109
f 5851 6110 5852
f 6110 6111 6112
f 6110 5851 6111
f 5851 5853 6111
f 6111 5853 6113
f 5853 5854 6113
f 6113 5854 6114
f 5854 5855 6114
f 6114 5855 6115
f 5855 5856 6115
f 6115 5856 6116
f 5856 5857 6116
f 6116 5857 6117
f 5857 5858 6117
f 6117 5858 6118
f 5858 5859 6118
f 6089 6091 6118
f 6089 6118 5860
f 5860 6118 5859
f 6089 5860 5829
f 6103 6102 6119
f 6102 6104 6120
f 6119 6102 6120
f 6104 5842 5861
f 6104 5861 6120
f 6120 5861 6121
f 6121 5861 6122
f 5861 5862 6122
f 6105 6107 6122
f 6105 6122 5863
f 5863 6122 5862
f 6108 6105 5863
f 6108 5863 6123
f 6123 5863 5864
f 5847 6109 6124
f 5847 6124 5864
f 5864 6124 6123
f 6109 5849 5865
f 6109 5865 6124
f 6124 5865 6125
f 6125 5865 6126
f 5865 5866 6126
f 5852 6110 6127
f 5852 6127 5866
f 5866 6127 6126
f 6110 6112 6127
f 5869 5870 6128
f 5869 6128 5872
f 6131 6130 6129
f 6130 6133 6132
f 6129 6130 6132
f 6133 6134 6132
f 6137 6136 6135
f 5875 6135 6136
f 5875 6136 5874
f 6139 6138 6136
f 6138 5874 6136
f 6138 6141 6140
f 6138 6140 5874
f 5874 6140 5876
f 6140 6142 5876
f 5876 6142 5877
f 6142 6143 5877
f 5877 6143 5878
f 6143 6144 5878
f 5878 6144 5879
f 6144 6145 5879
f 5879 6145 5880
f 6145 6146 5880
f 5880 6146 5881
f 6146 6147 5881
f 5881 6147 5882
f 6147 6148 5882
f 5882 6148 5883
f 5870 6149 6128
f 5870 5883 6149
f 5883 6148 6149
f 6128 5884 5872
f 6128 6149 5884
f 6149 6150 5884
f 6150 6151 5884
f 5884 6151 5885
f 6151 6152 5885
f 5885 6152 5886
f 6152 6153 5886
f 5886 6153 5887
f 6129 6153 6131
f 6129 5888 6153
f 5888 5887 6153
f 6132 5888 6129
f 5889 5888 6132
f 6134 5889 6132
f 6134 6154 5889
f 6154 5890 5889
f 6154 6155 5890
f 5890 6155 5891
f 6155 6156 5891
f 5891 6156 5892
f 6156 6157 5892
f 5892 6157 5893
f 6157 6158 5893
f 5893 6158 5894
f 6158 6159 5894
f 5894 6159 5895
f 6159 6160 5895
f 5895 6160 5896
f 6160 6161 5896
f 5896 6161 5897
f 6161 6162 5897
f 5897 6162 5898
f 6162 6163 5898
f 5898 6163 5899
f 5899 6163 6164
f 5900 5899 6164
f 5903 6166 6165
f 5902 5903 6165
f 6165 6167 5902
f 5902 6167 5904
f 6167 6168 5904
f 5904 6168 5905
f 6135 6168 6137
f 6135 5906 6168
f 5906 5905 6168
f 6139 6169 6138
f 6135 5875 5906
f 6138 6169 6141
f 6164 5907 5900
f 6170 5907 6164
f 6170 6171 5907
f 5907 6171 5908
f 6171 6172 5908
f 5908 6172 5909
f 6172 6173 5909
f 5909 6173 5910
f 6173 6174 5910
f 5910 6174 5911
f 6175 5912 5911
f 6175 5911 6176
f 6176 5911 6174
f 6176 6177 6175
f 5914 6179 6178
f 5913 5914 6178
f 6178 6180 5913
f 5913 6180 5915
f 6180 6181 5915
f 5915 6181 5916
f 6181 6182 5916
f 5916 6182 5917
f 6182 5903 5917
f 6166 5903 6182
f 6175 5918 5912
f 6177 5918 6175
f 6177 6183 5918
f 6183 5919 5918
f 6183 6184 5919
f 5919 6184 5920
f 6185 5921 5920
f 6185 5920 6186
f 6186 5920 6184
f 6186 6187 6185
f 6190 6189 6188
f 6189 6192 6191
f 6188 6189 6191
f 5923 6191 6192
f 5923 6192 5922
f 5922 6192 6193
f 6193 6194 5922
f 5922 6194 5924
f 6194 6195 5924
f 5924 6195 5925
f 6195 6196 5925
f 5925 6196 5926
f 6196 5914 5926
f 6179 5914 6196
f 6185 5927 5921
f 6187 5927 6185
f 6187 6197 5927
f 6197 5928 5927
f 6199 6198 5930
f 6199 5930 6197
f 6197 5930 5928
f 5930 6198 5931
f 6202 6201 6200
f 5934 6200 6201
f 5934 6201 5933
f 5933 6201 6203
f 6188 6203 6190
f 6188 5936 6203
f 5936 5933 6203
f 6191 5936 6188
f 5937 5936 6191
f 6191 5923 5937
f 6199 6204 6198
f 6206 6205 5938
f 6204 6206 5938
f 6204 5938 5931
f 6204 5931 6198
f 5938 6205 5939
f 6200 5940 5941
f 6200 5941 6202
f 6202 5941 6207
f 6200 5934 5940
f 6206 6208 6205
f 6205 5942 5939
f 6205 6208 5942
f 6208 6209 5942
f 5942 6209 6210
f 5943 5942 6210
f 6207 5941 6211
f 6211 5941 5944
f 5945 6213 6212
f 5945 5943 6213
f 5943 6210 6213
f 5945 6212 5946
f 6211 5944 6214
f 6214 5944 5947
f 6213 6215 6212
f 6212 6215 6216
f 6212 6216 5946
f 5946 6216 5949
f 6214 5947 6217
f 6217 5947 5951
f 6216 5952 5949
f 6218 5952 6216
f 5952 6218 6219
f 5953 5952 6219
f 5954 5955 6220
f 5954 6220 5957
f 6217 5951 6221
f 6221 5951 5958
f 6219 6222 5953
f 6222 5960 5953
f 5963 6224 6223
f 5962 5963 6223
f 5955 6225 6220
f 5955 5962 6225
f 5962 6223 6225
f 6227 6226 5964
f 6225 6227 5964
f 6225 5964 5957
f 6225 5957 6220
f 5964 6226 5966
f 6221 5958 6228
f 6228 5958 5967
f 6222 6229 5960
f 6229 5969 5960
f 6224 5963 6230
f 6230 5963 5970
f 6227 6231 6226
f 6233 6232 5971
f 6231 6233 5971
f 6231 5971 5966
f 6231 5966 6226
f 5971 6232 5973
f 6228 5967 6234
f 6234 5967 5974
f 5975 6236 6235
f 5975 5969 6236
f 5969 6229 6236
f 6235 5970 5975
f 6235 6237 5970
f 6237 6230 5970
f 6233 6238 6232
f 6240 6239 5976
f 6238 6240 5976
f 6238 5976 5973
f 6238 5973 6232
f 5976 6239 5978
f 6234 5974 6241
f 6241 5974 5979
f 6243 6235 6236
f 6242 6235 6243
f 6242 6237 6235
f 6242 6245 6237
f 6244 5981 5980
f 5980 5982 6244
f 6247 6239 6240
f 6246 6239 6247
f 6239 6246 5984
f 5978 6239 5984
f 6241 5979 6248
f 6248 5979 5985
f 6242 5988 5987
f 6242 6243 5988
f 6243 6249 5988
f 6244 5990 5981
f 6245 6242 5991
f 6245 5991 6250
f 5991 6242 5987
f 6244 5982 5990
f 6252 6246 6247
f 6251 6246 6252
f 6246 6251 5993
f 5984 6246 5993
f 6248 5985 6253
f 6253 5985 5994
f 6249 6254 5988
f 6254 5996 5988
f 6250 5991 6255
f 6255 5991 5998
f 6257 6251 6252
f 6256 6251 6257
f 6251 6256 6000
f 5993 6251 6000
f 6253 5994 6258
f 6258 5994 6001
f 6254 6259 5996
f 6259 6002 5996
f 6255 5998 6260
f 6260 5998 6004
f 6262 6256 6257
f 6261 6256 6262
f 6256 6261 6006
f 6000 6256 6006
f 6258 6001 6263
f 6263 6001 6007
f 6266 6264 6265
f 6265 6264 6008
f 6265 6008 6259
f 6259 6008 6002
f 6260 6004 6267
f 6267 6004 6009
f 6269 6261 6262
f 6268 6261 6269
f 6261 6268 6011
f 6006 6261 6011
f 6263 6007 6270
f 6270 6007 6012
f 6273 6271 6272
f 6264 6014 6013
f 6266 6014 6264
f 6266 6271 6014
f 6266 6272 6271
f 6264 6013 6008
f 6267 6009 6274
f 6274 6009 6015
f 6276 6268 6269
f 6275 6268 6276
f 6268 6275 6017
f 6011 6268 6017
f 6270 6012 6277
f 6277 6012 6018
f 6279 6271 6273
f 6278 6271 6279
f 6271 6278 6019
f 6014 6271 6019
f 6274 6015 6280
f 6280 6015 6021
f 6283 6281 6282
f 6275 6024 6023
f 6276 6024 6275
f 6276 6281 6024
f 6276 6282 6281
f 6275 6023 6017
f 6277 6018 6284
f 6284 6018 6025
f 6278 6028 6027
f 6278 6279 6028
f 6279 6285 6028
f 6278 6027 6019
f 6030 6287 6286
f 6029 6030 6286
f 6286 6021 6029
f 6280 6021 6286
f 6290 6288 6289
f 6289 6281 6283
f 6289 6288 6281
f 6288 6291 6281
f 6281 6291 6032
f 6024 6281 6032
f 6284 6025 6033
f 6292 6284 6033
f 6292 6033 6293
f 6033 6034 6293
f 6034 6294 6293
f 6036 6294 6034
f 6039 6295 6296
f 6038 6295 6039
f 6295 6038 6028
f 6285 6295 6028
f 6287 6030 6041
f 6297 6287 6041
f 6041 6298 6297
f 6043 6298 6041
f 6301 6299 6300
f 6300 6288 6290
f 6300 6299 6288
f 6299 6302 6288
f 6046 6045 6291
f 6046 6291 6302
f 6302 6291 6288
f 6291 6045 6032
f 6294 6036 6047
f 6303 6294 6047
f 6303 6047 6304
f 6047 6048 6304
f 6304 6048 6305
f 6048 6049 6305
f 6049 6306 6305
f 6050 6306 6049
f 6052 6307 6308
f 6051 6307 6052
f 6307 6051 6039
f 6296 6307 6039
f 6309 6310 6298
f 6309 6298 6053
f 6053 6298 6043
f 6299 6056 6055
f 6301 6056 6299
f 6301 6309 6056
f 6301 6310 6309
f 6302 6299 6055
f 6058 6302 6055
f 6302 6058 6046
f 6306 6050 6059
f 6311 6306 6059
f 6311 6059 6312
f 6059 6060 6312
f 6060 6313 6312
f 6061 6313 6060
f 6316 6314 6315
f 6064 6315 6314
f 6064 6063 6315
f 6063 6317 6315
f 6317 6063 6052
f 6308 6317 6052
f 6309 6053 6065
f 6309 6065 6056
f 6313 6061 6066
f 6318 6313 6066
f 6318 6066 6319
f 6066 6067 6319
f 6319 6067 6320
f 6067 6068 6320
f 6068 6321 6320
f 6069 6321 6068
f 6071 6322 6323
f 6070 6322 6071
f 6314 6316 6322
f 6314 6322 6072
f 6072 6322 6070
f 6314 6072 6064
f 6321 6069 6073
f 6324 6321 6073
f 6324 6073 6325
f 6073 6074 6325
f 6325 6074 6326
f 6074 6075 6326
f 6326 6075 6327
f 6075 6077 6327
f 6077 6328 6327
f 6078 6328 6077
f 6080 6329 6330
f 6079 6329 6080
f 6329 6079 6331
f 6079 6081 6331
f 6331 6081 6332
f 6081 6082 6332
f 6332 6082 6071
f 6323 6332 6071
f 6328 6078 6083
f 6333 6328 6083
f 6333 6083 6334
f 6083 6084 6334
f 6334 6084 6335
f 6084 6085 6335
f 6335 6085 6336
f 6085 6086 6336
f 6336 6086 6337
f 6086 6087 6337
f 6087 6338 6337
f 6088 6338 6087
f 6341 6339 6340
f 6091 6340 6339
f 6091 6090 6340
f 6090 6342 6340
f 6342 6090 6343
f 6090 6092 6343
f 6343 6092 6344
f 6092 6093 6344
f 6344 6093 6345
f 6093 6094 6345
f 6345 6094 6080
f 6330 6345 6080
f 6338 6088 6095
f 6346 6338 6095
f 6346 6095 6347
f 6095 6096 6347
f 6347 6096 6348
f 6096 6097 6348
f 6348 6097 6349
f 6097 6098 6349
f 6349 6098 6350
f 6098 6099 6350
f 6350 6099 6351
f 6099 6100 6351
f 6351 6100 6352
f 6100 6101 6352
f 6101 6353 6352
f 6103 6353 6101
f 6356 6354 6355
f 6355 6354 6357
f 6106 6358 6107
f 6106 6108 6358
f 6361 6359 6360
f 6363 6360 6359
f 6362 6112 6111
f 6362 6364 6365
f 6362 6111 6364
f 6111 6113 6364
f 6364 6113 6366
f 6113 6114 6366
f 6366 6114 6367
f 6114 6115 6367
f 6367 6115 6368
f 6115 6116 6368
f 6368 6116 6369
f 6116 6117 6369
f 6339 6341 6369
f 6339 6369 6118
f 6118 6369 6117
f 6339 6118 6091
f 6353 6103 6119
f 6370 6353 6119
f 6354 6356 6370
f 6354 6370 6120
f 6120 6370 6119
f 6357 6354 6120
f 6357 6120 6371
f 6371 6120 6121
f 6371 6121 6372
f 6121 6122 6372
f 6107 6358 6373
f 6107 6373 6122
f 6122 6373 6372
f 6358 6108 6123
f 6358 6123 6373
f 6373 6123 6374
f 6374 6123 6375
f 6123 6124 6375
f 6375 6124 6376
f 6124 6125 6376
f 6376 6125 6377
f 6125 6126 6377
f 6359 6361 6377
f 6359 6377 6127
f 6127 6377 6126
f 6112 6362 6378
f 6112 6378 6127
f 6363 6359 6378
f 6359 6127 6378
f 6362 6365 6378
f 6131 6380 6379
f 6130 6131 6379
f 6382 6381 6133
f 6382 6133 6379
f 6379 6133 6130
f 6133 6381 6134
f 6136 6137 6383
f 6384 6139 6136
f 6384 6136 6385
f 6383 6386 6136
f 6386 6385 6136
f 6141 6384 6385
f 6141 6385 6140
f 6140 6385 6387
f 6387 6388 6140
f 6140 6388 6142
f 6388 6389 6142
f 6142 6389 6143
f 6389 6390 6143
f 6143 6390 6144
f 6390 6391 6144
f 6144 6391 6145
f 6391 6392 6145
f 6145 6392 6146
f 6392 6393 6146
f 6146 6393 6147
f 6393 6394 6147
f 6147 6394 6148
f 6394 6395 6148
f 6148 6395 6149
f 6395 6396 6149
f 6149 6396 6150
f 6396 6397 6150
f 6150 6397 6151
f 6397 6398 6151
f 6151 6398 6152
f 6398 6399 6152
f 6152 6399 6153
f 6399 6131 6153
f 6380 6131 6399
f 6382 6400 6381
f 6381 6154 6134
f 6381 6400 6154
f 6400 6401 6154
f 6401 6402 6154
f 6154 6402 6155
f 6402 6403 6155
f 6155 6403 6156
f 6403 6404 6156
f 6156 6404 6157
f 6404 6405 6157
f 6157 6405 6158
f 6405 6406 6158
f 6158 6406 6159
f 6406 6407 6159
f 6159 6407 6160
f 6407 6408 6160
f 6160 6408 6161
f 6408 6409 6161
f 6161 6409 6162
f 6409 6410 6162
f 6162 6410 6163
f 6163 6410 6411
f 6164 6163 6411
f 6166 6413 6412
f 6165 6166 6412
f 6412 6414 6165
f 6165 6414 6167
f 6414 6415 6167
f 6167 6415 6168
f 6137 6416 6383
f 6137 6168 6416
f 6168 6415 6416
f 6383 6416 6386
f 6139 6384 6169
f 6384 6141 6169
f 6411 6170 6164
f 6417 6170 6411
f 6417 6418 6170
f 6170 6418 6171
f 6418 6419 6171
f 6171 6419 6172
f 6419 6420 6172
f 6172 6420 6173
f 6420 6421 6173
f 6173 6421 6174
f 6423 6422 6176
f 6423 6176 6421
f 6421 6176 6174
f 6176 6422 6177
f 6179 6425 6424
f 6178 6179 6424
f 6424 6426 6178
f 6178 6426 6180
f 6426 6427 6180
f 6180 6427 6181
f 6427 6428 6181
f 6181 6428 6182
f 6428 6166 6182
f 6413 6166 6428
f 6423 6429 6422
f 6422 6183 6177
f 6422 6429 6183
f 6429 6430 6183
f 6430 6431 6183
f 6183 6431 6184
f 6433 6432 6186
f 6433 6186 6431
f 6431 6186 6184
f 6186 6432 6187
f 6436 6435 6434
f 6190 6434 6435
f 6190 6435 6189
f 6189 6435 6437
f 6437 6438 6189
f 6189 6438 6192
f 6438 6439 6192
f 6192 6439 6193
f 6439 6440 6193
f 6193 6440 6194
f 6440 6441 6194
f 6194 6441 6195
f 6441 6442 6195
f 6195 6442 6196
f 6442 6179 6196
f 6425 6179 6442
f 6433 6443 6432
f 6432 6197 6187
f 6432 6443 6197
f 6443 6444 6197
f 6197 6444 6445
f 6199 6197 6445
f 6202 6447 6446
f 6201 6202 6446
f 6434 6446 6436
f 6434 6203 6446
f 6203 6201 6446
f 6434 6190 6203
f 6445 6204 6199
f 6448 6204 6445
f 6204 6448 6449
f 6206 6204 6449
f 6447 6202 6450
f 6450 6202 6207
f 6449 6208 6206
f 6451 6208 6449
f 6453 6452 6209
f 6453 6209 6451
f 6451 6209 6208
f 6209 6452 6210
f 6450 6207 6454
f 6454 6207 6211
f 6453 6455 6452
f 6452 6455 6456
f 6452 6456 6210
f 6210 6456 6213
f 6454 6211 6457
f 6457 6211 6214
f 6456 6215 6213
f 6458 6215 6456
f 6215 6458 6459
f 6216 6215 6459
f 6457 6214 6460
f 6460 6214 6217
f 6218 6462 6461
f 6218 6216 6462
f 6216 6459 6462
f 6218 6461 6219
f 6460 6217 6463
f 6463 6217 6221
f 6462 6464 6461
f 6461 6222 6219
f 6461 6466 6222
f 6461 6464 6466
f 6466 6465 6222
f 6224 6465 6466
f 6224 6466 6223
f 6223 6466 6467
f 6467 6468 6223
f 6223 6468 6225
f 6225 6468 6469
f 6227 6225 6469
f 6463 6221 6470
f 6470 6221 6228
f 6471 6222 6465
f 6229 6222 6471
f 6465 6230 6471
f 6224 6230 6465
f 6231 6473 6472
f 6231 6227 6473
f 6227 6469 6473
f 6231 6472 6233
f 6470 6228 6474
f 6474 6228 6234
f 6477 6475 6476
f 6478 6229 6471
f 6478 6236 6229
f 6475 6479 6476
f 6471 6237 6478
f 6230 6237 6471
f 6473 6480 6472
f 6482 6481 6238
f 6480 6482 6238
f 6480 6238 6233
f 6480 6233 6472
f 6238 6481 6240
f 6474 6234 6483
f 6483 6234 6241
f 6477 6484 6475
f 6475 6484 6479
f 6236 6478 6486
f 6236 6486 6243
f 6486 6478 6485
f 6478 6487 6485
f 6478 6237 6487
f 6237 6245 6487
f 6489 6481 6482
f 6488 6481 6489
f 6481 6488 6247
f 6240 6481 6247
f 6483 6241 6490
f 6490 6241 6248
f 6486 6491 6243
f 6491 6249 6243
f 6487 6245 6492
f 6492 6245 6250
f 6494 6488 6489
f 6493 6488 6494
f 6488 6493 6252
f 6247 6488 6252
f 6490 6248 6495
f 6495 6248 6253
f 6498 6496 6497
f 6497 6496 6254
f 6497 6254 6491
f 6491 6254 6249
f 6492 6250 6499
f 6499 6250 6255
f 6501 6493 6494
f 6500 6493 6501
f 6493 6500 6257
f 6252 6493 6257
f 6495 6253 6502
f 6502 6253 6258
f 6504 6496 6498
f 6503 6496 6504
f 6496 6503 6259
f 6254 6496 6259
f 6499 6255 6505
f 6505 6255 6260
f 6507 6500 6501
f 6506 6500 6507
f 6500 6506 6262
f 6257 6500 6262
f 6502 6258 6508
f 6508 6258 6263
f 6503 6266 6265
f 6503 6504 6266
f 6504 6509 6266
f 6503 6265 6259
f 6511 6510 6512
f 6511 6267 6510
f 6511 6505 6267
f 6505 6260 6267
f 6514 6506 6507
f 6513 6506 6514
f 6506 6513 6269
f 6262 6506 6269
f 6508 6263 6515
f 6515 6263 6270
f 6272 6516 6273
f 6516 6272 6266
f 6516 6266 6517
f 6517 6266 6509
f 6519 6512 6510
f 6518 6519 6510
f 6510 6274 6518
f 6267 6274 6510
f 6521 6513 6514
f 6520 6513 6521
f 6513 6520 6276
f 6269 6513 6276
f 6515 6270 6522
f 6522 6270 6277
f 6523 6273 6516
f 6523 6524 6273
f 6524 6279 6273
f 6516 6517 6523
f 6526 6519 6518
f 6525 6526 6518
f 6518 6280 6525
f 6274 6280 6518
f 6529 6527 6528
f 6520 6283 6282
f 6521 6283 6520
f 6521 6527 6283
f 6521 6528 6527
f 6520 6282 6276
f 6522 6277 6530
f 6530 6277 6284
f 6524 6531 6279
f 6531 6285 6279
f 6534 6533 6532
f 6525 6286 6287
f 6526 6525 6287
f 6526 6287 6532
f 6526 6532 6533
f 6525 6280 6286
f 6537 6535 6536
f 6527 6290 6289
f 6529 6290 6527
f 6529 6535 6290
f 6529 6536 6535
f 6527 6289 6283
f 6530 6284 6292
f 6538 6530 6292
f 6538 6292 6539
f 6292 6293 6539
f 6293 6540 6539
f 6294 6540 6293
f 6296 6541 6542
f 6295 6541 6296
f 6541 6295 6285
f 6531 6541 6285
f 6534 6532 6543
f 6532 6287 6297
f 6532 6297 6543
f 6543 6297 6544
f 6545 6297 6298
f 6545 6546 6297
f 6546 6544 6297
f 6535 6301 6300
f 6537 6301 6535
f 6537 6545 6301
f 6537 6546 6545
f 6535 6300 6290
f 6540 6294 6303
f 6547 6540 6303
f 6547 6303 6548
f 6303 6304 6548
f 6550 6305 6549
f 6550 6548 6305
f 6548 6304 6305
f 6305 6306 6549
f 6308 6551 6552
f 6307 6551 6308
f 6551 6307 6296
f 6542 6551 6296
f 6545 6298 6310
f 6545 6310 6301
f 6550 6549 6553
f 6549 6306 6311
f 6549 6311 6553
f 6553 6311 6554
f 6554 6311 6555
f 6311 6312 6555
f 6556 6312 6313
f 6556 6557 6312
f 6557 6555 6312
f 6557 6556 6558
f 6316 6559 6560
f 6315 6559 6316
f 6559 6315 6561
f 6315 6317 6561
f 6561 6317 6308
f 6552 6561 6308
f 6556 6313 6318
f 6558 6556 6318
f 6558 6318 6562
f 6562 6318 6319
f 6562 6319 6563
f 6319 6320 6563
f 6320 6564 6563
f 6321 6564 6320
f 6323 6565 6566
f 6322 6565 6323
f 6565 6322 6316
f 6560 6565 6316
f 6564 6321 6324
f 6567 6564 6324
f 6567 6324 6568
f 6324 6325 6568
f 6568 6325 6569
f 6325 6326 6569
f 6571 6327 6570
f 6571 6569 6327
f 6569 6326 6327
f 6327 6328 6570
f 6330 6572 6573
f 6329 6572 6330
f 6572 6329 6574
f 6329 6331 6574
f 6574 6331 6575
f 6331 6332 6575
f 6575 6332 6323
f 6566 6575 6323
f 6571 6570 6576
f 6570 6328 6333
f 6570 6333 6576
f 6576 6333 6577
f 6577 6333 6578
f 6333 6334 6578
f 6578 6334 6579
f 6334 6335 6579
f 6579 6335 6580
f 6335 6336 6580
f 6580 6336 6581
f 6336 6337 6581
f 6337 6582 6581
f 6338 6582 6337
f 6341 6583 6584
f 6340 6583 6341
f 6583 6340 6585
f 6340 6342 6585
f 6585 6342 6586
f 6342 6343 6586
f 6586 6343 6587
f 6343 6344 6587
f 6587 6344 6588
f 6344 6345 6588
f 6588 6345 6330
f 6573 6588 6330
f 6582 6338 6346
f 6589 6582 6346
f 6589 6346 6590
f 6346 6347 6590
f 6590 6347 6591
f 6347 6348 6591
f 6591 6348 6592
f 6348 6349 6592
f 6592 6349 6593
f 6349 6350 6593
f 6593 6350 6594
f 6350 6351 6594
f 6594 6351 6595
f 6351 6352 6595
f 6596 6352 6353
f 6596 6597 6352
f 6597 6595 6352
f 6356 6597 6596
f 6356 6355 6597
f 6355 6598 6597
f 6599 6355 6357
f 6599 6600 6355
f 6600 6598 6355
f 6600 6601 6602
f 6599 6601 6600
f 6602 6601 6603
f 6606 6604 6605
f 6605 6607 6608
f 6604 6607 6605
f 6608 6609 6610
f 6607 6609 6608
f 6361 6610 6609
f 6361 6360 6610
f 6360 6611 6610
f 6612 6360 6363
f 6612 6613 6360
f 6613 6611 6360
f 6365 6613 6612
f 6365 6364 6613
f 6364 6614 6613
f 6614 6364 6615
f 6364 6366 6615
f 6615 6366 6616
f 6366 6367 6616
f 6616 6367 6617
f 6367 6368 6617
f 6617 6368 6618
f 6368 6369 6618
f 6618 6369 6341
f 6584 6618 6341
f 6596 6353 6370
f 6596 6370 6356
f 6599 6357 6371
f 6601 6599 6371
f 6372 6601 6371
f 6603 6601 6372
f 6603 6372 6619
f 6619 6372 6373
f 6619 6373 6620
f 6373 6374 6620
f 6604 6606 6620
f 6604 6620 6375
f 6375 6620 6374
f 6607 6604 6375
f 6376 6607 6375
f 6609 6607 6376
f 6377 6609 6376
f 6609 6377 6361
f 6612 6363 6378
f 6612 6378 6365
f 6379 6380 6621
f 6379 6621 6382
f 6385 6386 6622
f 6622 6624 6623
f 6622 6623 6385
f 6385 6623 6387
f 6623 6625 6387
f 6387 6625 6388
f 6625 6626 6388
f 6388 6626 6389
f 6626 6627 6389
f 6389 6627 6390
f 6627 6628 6390
f 6390 6628 6391
f 6628 6629 6391
f 6391 6629 6392
f 6629 6630 6392
f 6392 6630 6393
f 6630 6631 6393
f 6393 6631 6394
f 6631 6632 6394
f 6394 6632 6395
f 6632 6633 6395
f 6395 6633 6396
f 6633 6634 6396
f 6396 6634 6397
f 6634 6635 6397
f 6397 6635 6398
f 6635 6636 6398
f 6398 6636 6399
f 6380 6637 6621
f 6380 6399 6637
f 6399 6636 6637
f 6621 6400 6382
f 6621 6637 6400
f 6637 6638 6400
f 6638 6639 6400
f 6400 6639 6401
f 6639 6640 6401
f 6401 6640 6402
f 6640 6641 6402
f 6402 6641 6403
f 6641 6642 6403
f 6403 6642 6404
f 6642 6643 6404
f 6404 6643 6405
f 6643 6644 6405
f 6405 6644 6406
f 6644 6645 6406
f 6406 6645 6407
f 6645 6646 6407
f 6407 6646 6408
f 6646 6647 6408
f 6408 6647 6409
f 6649 6648 6410
f 6649 6410 6647
f 6647 6410 6409
f 6410 6648 6411
f 6652 6651 6650
f 6413 6650 6651
f 6413 6651 6412
f 6412 6651 6653
f 6653 6654 6412
f 6412 6654 6414
f 6654 6655 6414
f 6414 6655 6415
f 6655 6656 6415
f 6415 6656 6416
f 6386 6657 6622
f 6386 6416 6657
f 6416 6656 6657
f 6622 6657 6624
f 6649 6658 6648
f 6648 6417 6411
f 6648 6658 6417
f 6658 6659 6417
f 6659 6660 6417
f 6417 6660 6418
f 6660 6661 6418
f 6418 6661 6419
f 6661 6662 6419
f 6419 6662 6420
f 6662 6663 6420
f 6420 6663 6421
f 6421 6663 6664
f 6423 6421 6664
f 6425 6666 6665
f 6424 6425 6665
f 6665 6667 6424
f 6424 6667 6426
f 6667 6668 6426
f 6426 6668 6427
f 6650 6668 6652
f 6650 6428 6668
f 6428 6427 6668
f 6650 6413 6428
f 6664 6429 6423
f 6669 6429 6664
f 6669 6670 6429
f 6429 6670 6430
f 6670 6671 6430
f 6430 6671 6431
f 6431 6671 6672
f 6433 6431 6672
f 6436 6674 6673
f 6435 6436 6673
f 6673 6675 6435
f 6435 6675 6437
f 6675 6676 6437
f 6437 6676 6438
f 6676 6677 6438
f 6438 6677 6439
f 6677 6678 6439
f 6439 6678 6440
f 6678 6679 6440
f 6440 6679 6441
f 6679 6680 6441
f 6441 6680 6442
f 6680 6425 6442
f 6666 6425 6680
f 6672 6443 6433
f 6681 6443 6672
f 6683 6682 6444
f 6683 6444 6681
f 6681 6444 6443
f 6444 6682 6445
f 6447 6685 6684
f 6446 6447 6684
f 6684 6436 6446
f 6674 6436 6684
f 6683 6686 6682
f 6682 6448 6445
f 6682 6686 6448
f 6686 6687 6448
f 6448 6687 6688
f 6449 6448 6688
f 6685 6447 6689
f 6689 6447 6450
f 6688 6451 6449
f 6690 6451 6688
f 6451 6690 6691
f 6453 6451 6691
f 6689 6450 6692
f 6692 6450 6454
f 6691 6455 6453
f 6693 6455 6691
f 6455 6693 6694
f 6456 6455 6694
f 6692 6454 6695
f 6695 6454 6457
f 6458 6697 6696
f 6458 6456 6697
f 6456 6694 6697
f 6458 6696 6459
f 6695 6457 6698
f 6698 6457 6460
f 6697 6699 6696
f 6696 6699 6700
f 6696 6700 6459
f 6459 6700 6462
f 6703 6702 6701
f 6702 6704 6701
f 6698 6460 6705
f 6705 6460 6463
f 6464 6707 6706
f 6464 6462 6707
f 6462 6700 6707
f 6706 6708 6703
f 6706 6703 6466
f 6706 6466 6464
f 6466 6703 6701
f 6704 6466 6701
f 6704 6709 6466
f 6709 6467 6466
f 6711 6710 6468
f 6711 6468 6709
f 6709 6468 6467
f 6468 6710 6469
f 6705 6463 6712
f 6712 6463 6470
f 6714 6706 6707
f 6713 6706 6714
f 6708 6713 6715
f 6706 6713 6708
f 6711 6716 6710
f 6710 6716 6717
f 6710 6717 6469
f 6469 6717 6473
f 6712 6470 6718
f 6718 6470 6474
f 6713 6477 6476
f 6713 6714 6477
f 6714 6719 6477
f 6476 6715 6713
f 6476 6479 6715
f 6479 6720 6715
f 6480 6722 6721
f 6480 6473 6722
f 6473 6717 6722
f 6480 6721 6482
f 6718 6474 6723
f 6723 6474 6483
f 6719 6484 6477
f 6724 6484 6719
f 6726 6485 6725
f 6726 6486 6485
f 6720 6479 6724
f 6479 6484 6724
f 6485 6727 6725
f 6487 6727 6485
f 6729 6721 6722
f 6728 6721 6729
f 6721 6728 6489
f 6482 6721 6489
f 6723 6483 6730
f 6730 6483 6490
f 6733 6731 6732
f 6732 6731 6736
f 6726 6735 6491
f 6726 6491 6486
f 6491 6735 6734
f 6735 6492 6734
f 6735 6727 6492
f 6727 6487 6492
f 6738 6728 6729
f 6737 6728 6738
f 6728 6737 6494
f 6489 6728 6494
f 6730 6490 6739
f 6739 6490 6495
f 6731 6498 6497
f 6731 6733 6498
f 6733 6740 6498
f 6734 6741 6497
f 6734 6497 6491
f 6741 6742 6497
f 6731 6497 6736
f 6742 6736 6497
f 6734 6499 6741
f 6492 6499 6734
f 6744 6737 6738
f 6743 6737 6744
f 6737 6743 6501
f 6494 6737 6501
f 6739 6495 6745
f 6745 6495 6502
f 6740 6746 6498
f 6746 6504 6498
f 6748 6742 6741
f 6747 6748 6741
f 6741 6505 6747
f 6499 6505 6741
f 6750 6743 6744
f 6749 6743 6750
f 6743 6749 6507
f 6501 6743 6507
f 6745 6502 6751
f 6751 6502 6508
f 6746 6752 6504
f 6752 6509 6504
f 6747 6511 6512
f 6747 6512 6748
f 6748 6512 6753
f 6747 6505 6511
f 6755 6749 6750
f 6754 6749 6755
f 6749 6754 6514
f 6507 6749 6514
f 6751 6508 6756
f 6756 6508 6515
f 6752 6757 6509
f 6757 6517 6509
f 6753 6512 6758
f 6758 6512 6519
f 6761 6759 6760
f 6760 6754 6755
f 6760 6759 6754
f 6759 6762 6754
f 6754 6762 6521
f 6514 6754 6521
f 6756 6515 6763
f 6763 6515 6522
f 6524 6764 6765
f 6523 6764 6524
f 6764 6523 6517
f 6757 6764 6517
f 6758 6519 6766
f 6766 6519 6526
f 6768 6759 6761
f 6767 6759 6768
f 6529 6528 6762
f 6529 6762 6767
f 6767 6762 6759
f 6762 6528 6521
f 6763 6522 6769
f 6769 6522 6530
f 6772 6770 6771
f 6771 6770 6531
f 6771 6531 6765
f 6765 6531 6524
f 6534 6774 6773
f 6533 6534 6773
f 6773 6526 6533
f 6766 6526 6773
f 6777 6775 6776
f 6767 6537 6536
f 6768 6537 6767
f 6768 6775 6537
f 6768 6776 6775
f 6767 6536 6529
f 6769 6530 6538
f 6778 6769 6538
f 6778 6538 6779
f 6538 6539 6779
f 6539 6780 6779
f 6540 6780 6539
f 6783 6781 6782
f 6770 6542 6541
f 6772 6542 6770
f 6772 6781 6542
f 6772 6782 6781
f 6770 6541 6531
f 6774 6534 6543
f 6784 6774 6543
f 6784 6543 6785
f 6543 6544 6785
f 6775 6777 6785
f 6775 6785 6546
f 6546 6785 6544
f 6775 6546 6537
f 6780 6540 6547
f 6786 6780 6547
f 6786 6547 6787
f 6547 6548 6787
f 6788 6548 6550
f 6788 6789 6548
f 6789 6787 6548
f 6789 6788 6790
f 6793 6791 6792
f 6781 6552 6551
f 6783 6552 6781
f 6783 6791 6552
f 6783 6792 6791
f 6781 6551 6542
f 6788 6550 6553
f 6790 6788 6553
f 6790 6553 6794
f 6794 6553 6554
f 6794 6554 6795
f 6554 6555 6795
f 6797 6557 6796
f 6797 6795 6557
f 6795 6555 6557
f 6557 6558 6796
f 6560 6798 6799
f 6559 6798 6560
f 6791 6793 6798
f 6791 6798 6561
f 6561 6798 6559
f 6791 6561 6552
f 6797 6796 6800
f 6796 6558 6562
f 6796 6562 6800
f 6800 6562 6801
f 6801 6562 6802
f 6562 6563 6802
f 6803 6563 6564
f 6803 6804 6563
f 6804 6802 6563
f 6804 6803 6805
f 6566 6806 6807
f 6565 6806 6566
f 6806 6565 6560
f 6799 6806 6560
f 6803 6564 6567
f 6805 6803 6567
f 6805 6567 6808
f 6808 6567 6568
f 6808 6568 6809
f 6568 6569 6809
f 6810 6569 6571
f 6810 6811 6569
f 6811 6809 6569
f 6811 6812 6813
f 6810 6812 6811
f 6813 6812 6814
f 6573 6815 6816
f 6572 6815 6573
f 6815 6572 6817
f 6572 6574 6817
f 6817 6574 6818
f 6574 6575 6818
f 6818 6575 6566
f 6807 6818 6566
f 6810 6571 6576
f 6812 6810 6576
f 6577 6812 6576
f 6814 6812 6577
f 6814 6577 6819
f 6819 6577 6578
f 6819 6578 6820
f 6578 6579 6820
f 6820 6579 6821
f 6579 6580 6821
f 6821 6580 6822
f 6580 6581 6822
f 6581 6823 6822
f 6582 6823 6581
f 6583 6824 6584
f 6824 6825 6826
f 6824 6583 6825
f 6583 6585 6825
f 6825 6585 6827
f 6585 6586 6827
f 6827 6586 6828
f 6586 6587 6828
f 6828 6587 6829
f 6587 6588 6829
f 6829 6588 6573
f 6816 6829 6573
f 6823 6582 6589
f 6830 6823 6589
f 6830 6589 6831
f 6589 6590 6831
f 6831 6590 6832
f 6590 6591 6832
f 6832 6591 6833
f 6591 6592 6833
f 6833 6592 6834
f 6592 6593 6834
f 6834 6593 6835
f 6593 6594 6835
f 6835 6594 6836
f 6594 6595 6836
f 6836 6595 6837
f 6595 6597 6837
f 6837 6597 6838
f 6597 6598 6838
f 6838 6598 6839
f 6598 6600 6839
f 6839 6600 6840
f 6600 6602 6840
f 6841 6602 6603
f 6841 6842 6602
f 6842 6840 6602
f 6842 6841 6843
f 6606 6844 6845
f 6605 6844 6606
f 6844 6605 6846
f 6605 6608 6846
f 6846 6608 6847
f 6608 6610 6847
f 6847 6610 6848
f 6610 6611 6848
f 6848 6611 6849
f 6611 6613 6849
f 6849 6613 6850
f 6613 6614 6850
f 6850 6614 6851
f 6614 6615 6851
f 6851 6615 6852
f 6615 6616 6852
f 6852 6616 6853
f 6616 6617 6853
f 6853 6617 6854
f 6617 6618 6854
f 6584 6824 6855
f 6584 6855 6618
f 6618 6855 6854
f 6824 6826 6855
f 6841 6603 6619
f 6843 6841 6619
f 6843 6619 6856
f 6856 6619 6620
f 6856 6620 6606
f 6845 6856 6606
f 6623 6624 6857
f 6857 6859 6858
f 6857 6858 6623
f 6623 6858 6625
f 6858 6860 6625
f 6625 6860 6626
f 6860 6861 6626
f 6626 6861 6627
f 6861 6862 6627
f 6627 6862 6628
f 6862 6863 6628
f 6628 6863 6629
f 6863 6864 6629
f 6629 6864 6630
f 6864 6865 6630
f 6630 6865 6631
f 6865 6866 6631
f 6631 6866 6632
f 6866 6867 6632
f 6632 6867 6633
f 6867 6868 6633
f 6633 6868 6634
f 6868 6869 6634
f 6634 6869 6635
f 6869 6870 6635
f 6635 6870 6636
f 6870 6871 6636
f 6636 6871 6637
f 6871 6872 6637
f 6637 6872 6638
f 6872 6873 6638
f 6638 6873 6639
f 6873 6874 6639
f 6639 6874 6640
f 6874 6875 6640
f 6640 6875 6641
f 6875 6876 6641
f 6641 6876 6642
f 6876 6877 6642
f 6642 6877 6643
f 6877 6878 6643
f 6643 6878 6644
f 6878 6879 6644
f 6644 6879 6645
f 6881 6880 6646
f 6881 6646 6879
f 6879 6646 6645
f 6647 6646 6880
f 6882 6647 6880
f 6647 6882 6649
f 6652 6884 6883
f 6651 6652 6883
f 6883 6885 6651
f 6651 6885 6653
f 6885 6886 6653
f 6653 6886 6654
f 6886 6887 6654
f 6654 6887 6655
f 6887 6888 6655
f 6655 6888 6656
f 6888 6889 6656
f 6656 6889 6657
f 6624 6890 6857
f 6624 6657 6890
f 6657 6889 6890
f 6857 6890 6859
f 6881 6891 6880
f 6880 6892 6882
f 6891 6892 6880
f 6882 6658 6649
f 6882 6892 6658
f 6892 6893 6658
f 6893 6894 6658
f 6658 6894 6659
f 6894 6895 6659
f 6659 6895 6660
f 6895 6896 6660
f 6660 6896 6661
f 6896 6897 6661
f 6661 6897 6662
f 6899 6898 6663
f 6899 6663 6897
f 6897 6663 6662
f 6663 6898 6664
f 6902 6901 6900
f 6666 6900 6901
f 6666 6901 6665
f 6665 6901 6903
f 6903 6904 6665
f 6665 6904 6667
f 6904 6905 6667
f 6667 6905 6668
f 6905 6652 6668
f 6884 6652 6905
f 6899 6906 6898
f 6898 6669 6664
f 6898 6906 6669
f 6906 6907 6669
f 6907 6908 6669
f 6669 6908 6670
f 6910 6909 6671
f 6910 6671 6908
f 6908 6671 6670
f 6671 6909 6672
f 6913 6912 6911
f 6674 6911 6912
f 6674 6912 6673
f 6673 6912 6914
f 6914 6915 6673
f 6673 6915 6675
f 6915 6916 6675
f 6675 6916 6676
f 6916 6917 6676
f 6676 6917 6677
f 6917 6918 6677
f 6677 6918 6678
f 6918 6919 6678
f 6678 6919 6679
f 6900 6919 6902
f 6900 6680 6919
f 6680 6679 6919
f 6900 6666 6680
f 6910 6920 6909
f 6909 6681 6672
f 6909 6920 6681
f 6920 6921 6681
f 6681 6921 6922
f 6683 6681 6922
f 6911 6684 6685
f 6911 6685 6913
f 6913 6685 6923
f 6911 6674 6684
f 6922 6686 6683
f 6924 6686 6922
f 6926 6925 6687
f 6926 6687 6924
f 6924 6687 6686
f 6687 6925 6688
f 6923 6685 6927
f 6927 6685 6689
f 6926 6928 6925
f 6925 6690 6688
f 6925 6928 6690
f 6928 6929 6690
f 6690 6929 6930
f 6691 6690 6930
f 6927 6689 6931
f 6931 6689 6692
f 6693 6933 6932
f 6693 6691 6933
f 6691 6930 6933
f 6693 6932 6694
f 6931 6692 6934
f 6934 6692 6695
f 6933 6935 6932
f 6932 6935 6936
f 6932 6936 6694
f 6694 6936 6697
f 6934 6695 6937
f 6937 6695 6698
f 6699 6939 6938
f 6699 6697 6939
f 6697 6936 6939
f 6699 6938 6700
f 6702 6703 6940
f 6702 6940 6704
f 6937 6698 6941
f 6941 6698 6705
f 6943 6938 6939
f 6942 6938 6943
f 6938 6942 6707
f 6700 6938 6707
f 6944 6940 6703
f 6708 6944 6703
f 6709 6704 6940
f 6709 6940 6945
f 6945 6940 6944
f 6709 6945 6711
f 6941 6705 6946
f 6946 6705 6712
f 6943 6947 6942
f 6942 6947 6948
f 6942 6948 6707
f 6707 6948 6714
f 6949 6944 6708
f 6949 6708 6950
f 6950 6708 6715
f 6952 6944 6949
f 6952 6951 6944
f 6951 6945 6944
f 6716 6711 6945
f 6716 6945 6953
f 6953 6945 6951
f 6716 6953 6717
f 6946 6712 6954
f 6954 6712 6718
f 6948 6955 6714
f 6955 6719 6714
f 6950 6715 6956
f 6956 6715 6720
f 6958 6951 6952
f 6957 6951 6958
f 6951 6957 6953
f 6953 6957 6959
f 6953 6959 6722
f 6717 6953 6722
f 6954 6718 6960
f 6960 6718 6723
f 6724 6962 6961
f 6724 6719 6962
f 6719 6955 6962
f 6963 6726 6725
f 6961 6964 6724
f 6964 6720 6724
f 6964 6956 6720
f 6958 6965 6957
f 6963 6725 6727
f 6967 6957 6965
f 6967 6966 6957
f 6966 6959 6957
f 6959 6966 6729
f 6722 6959 6729
f 6960 6723 6968
f 6968 6723 6730
f 6961 6733 6732
f 6961 6962 6733
f 6962 6969 6733
f 6963 6735 6726
f 6964 6961 6736
f 6964 6736 6970
f 6736 6961 6732
f 6963 6727 6735
f 6972 6966 6967
f 6971 6966 6972
f 6966 6971 6738
f 6729 6966 6738
f 6968 6730 6973
f 6973 6730 6739
f 6969 6974 6733
f 6974 6740 6733
f 6970 6736 6975
f 6975 6736 6742
f 6977 6971 6972
f 6976 6971 6977
f 6971 6976 6744
f 6738 6971 6744
f 6973 6739 6978
f 6978 6739 6745
f 6974 6979 6740
f 6979 6746 6740
f 6975 6742 6980
f 6980 6742 6748
f 6982 6976 6977
f 6981 6976 6982
f 6976 6981 6750
f 6744 6976 6750
f 6978 6745 6983
f 6983 6745 6751
f 6986 6984 6985
f 6985 6984 6752
f 6985 6752 6979
f 6979 6752 6746
f 6980 6748 6987
f 6987 6748 6753
f 6990 6988 6989
f 6989 6981 6982
f 6989 6988 6981
f 6988 6991 6981
f 6981 6991 6755
f 6750 6981 6755
f 6983 6751 6992
f 6992 6751 6756
f 6994 6984 6986
f 6993 6984 6994
f 6984 6993 6757
f 6752 6984 6757
f 6987 6753 6995
f 6995 6753 6758
f 6997 6988 6990
f 6996 6988 6997
f 6761 6760 6991
f 6761 6991 6996
f 6996 6991 6988
f 6991 6760 6755
f 6992 6756 6998
f 6998 6756 6763
f 7001 6999 7000
f 6993 6765 6764
f 6994 6765 6993
f 6994 6999 6765
f 6994 7000 6999
f 6993 6764 6757
f 6995 6758 7002
f 7002 6758 6766
f 7004 6996 6997
f 7003 6996 7004
f 6996 7003 6768
f 6761 6996 6768
f 6998 6763 7005
f 7005 6763 6769
f 7008 7006 7007
f 7007 7006 7009
f 6999 6772 6771
f 6999 7001 6772
f 7001 7010 6772
f 6999 6771 6765
f 6774 7012 7011
f 6773 6774 7011
f 7011 6766 6773
f 7011 7002 6766
f 7014 7015 7013
f 7003 6777 6776
f 7004 6777 7003
f 7004 7013 6777
f 7004 7014 7013
f 7003 6776 6768
f 7005 6769 6778
f 7016 7005 6778
f 7008 7018 7006
f 7019 7016 7017
f 7016 6779 7017
f 7016 6778 6779
f 7018 7009 7006
f 7017 6779 6780
f 6783 7020 7021
f 6782 7020 6783
f 7020 6782 6772
f 7010 7020 6772
f 7012 6774 6784
f 7022 7012 6784
f 7013 7015 7022
f 7013 7022 6785
f 6785 7022 6784
f 7013 6785 6777
f 7019 7017 7023
f 7017 6780 6786
f 7017 6786 7023
f 7023 6786 7024
f 7024 6786 7025
f 6786 6787 7025
f 7025 6787 7026
f 6787 6789 7026
f 6789 7027 7026
f 6790 7027 6789
f 6793 7028 7029
f 6792 7028 6793
f 7028 6792 6783
f 7021 7028 6783
f 7027 6790 6794
f 7030 7027 6794
f 7030 6794 7031
f 6794 6795 7031
f 6795 7032 7031
f 6797 7032 6795
f 7035 7033 7034
f 6799 7034 7033
f 6799 6798 7034
f 6798 7036 7034
f 7036 6798 6793
f 7029 7036 6793
f 7032 6797 6800
f 7037 7032 6800
f 7037 6800 7038
f 6800 6801 7038
f 7038 6801 7039
f 6801 6802 7039
f 7039 6802 7040
f 6802 6804 7040
f 6804 7041 7040
f 6805 7041 6804
f 7044 7042 7043
f 7033 6807 6806
f 7035 6807 7033
f 7035 7042 6807
f 7035 7043 7042
f 7033 6806 6799
f 7041 6805 6808
f 7045 7041 6808
f 7045 6808 7046
f 6808 6809 7046
f 7046 6809 7047
f 6809 6811 7047
f 7047 6811 7048
f 6811 6813 7048
f 6813 7049 7048
f 6814 7049 6813
f 7052 7050 7051
f 7051 7053 7054
f 7050 7053 7051
f 6816 7054 7053
f 6816 6815 7054
f 6815 7055 7054
f 7055 6815 7056
f 6815 6817 7056
f 7042 7044 7056
f 7042 7056 6818
f 6818 7056 6817
f 7042 6818 6807
f 7049 6814 6819
f 7057 7049 6819
f 7057 6819 7058
f 6819 6820 7058
f 7058 6820 7059
f 6820 6821 7059
f 7059 6821 7060
f 6821 6822 7060
f 7061 6822 6823
f 7061 7062 6822
f 7062 7060 6822
f 7062 7061 7063
f 7066 7064 7065
f 7065 7067 7068
f 7064 7067 7065
f 6826 7068 7067
f 6826 6825 7068
f 6825 7069 7068
f 7069 6825 7070
f 6825 6827 7070
f 7050 7052 7070
f 7050 7070 6828
f 6828 7070 6827
f 7053 7050 6828
f 6829 7053 6828
f 7053 6829 6816
f 7061 6823 6830
f 7063 7061 6830
f 7063 6830 7071
f 7071 6830 6831
f 7071 6831 7072
f 6831 6832 7072
f 7072 6832 7073
f 6832 6833 7073
f 7073 6833 7074
f 6833 6834 7074
f 7074 6834 7075
f 6834 6835 7075
f 7075 6835 7076
f 6835 6836 7076
f 7076 6836 7077
f 6836 6837 7077
f 7077 6837 7078
f 6837 6838 7078
f 7078 6838 7079
f 6838 6839 7079
f 7079 6839 7080
f 6839 6840 7080
f 7080 6840 7081
f 6840 6842 7081
f 7082 6842 6843
f 7082 7083 6842
f 7083 7081 6842
f 6845 7083 7082
f 6845 6844 7083
f 6844 7084 7083
f 7084 6844 7085
f 6844 6846 7085
f 7085 6846 7086
f 6846 6847 7086
f 7086 6847 7087
f 6847 6848 7087
f 7087 6848 7088
f 6848 6849 7088
f 7088 6849 7089
f 6849 6850 7089
f 7089 6850 7090
f 6850 6851 7090
f 7090 6851 7091
f 6851 6852 7091
f 7091 6852 7092
f 6852 6853 7092
f 7064 7066 7092
f 7064 7092 6854
f 6854 7092 6853
f 7067 7064 6854
f 6855 7067 6854
f 7067 6855 6826
f 7082 6843 6856
f 7082 6856 6845
f 6859 7094 7093
f 6858 6859 7093
f 7093 7095 6858
f 6858 7095 6860
f 7095 7096 6860
f 6860 7096 6861
f 7096 7097 6861
f 6861 7097 6862
f 7097 7098 6862
f 6862 7098 6863
f 7098 7099 6863
f 6863 7099 6864
f 7099 7100 6864
f 6864 7100 6865
f 7100 7101 6865
f 6865 7101 6866
f 7101 7102 6866
f 6866 7102 6867
f 7102 7103 6867
f 6867 7103 6868
f 7103 7104 6868
f 6868 7104 6869
f 7104 7105 6869
f 6869 7105 6870
f 7105 7106 6870
f 6870 7106 6871
f 7106 7107 6871
f 6871 7107 6872
f 7107 7108 6872
f 6872 7108 6873
f 7108 7109 6873
f 6873 7109 6874
f 7109 7110 6874
f 6874 7110 6875
f 7110 7111 6875
f 6875 7111 6876
f 7111 7112 6876
f 6876 7112 6877
f 7114 7113 6878
f 7114 6878 7112
f 7112 6878 6877
f 6879 6878 7113
f 7115 6879 7113
f 6879 7115 6881
f 6884 7117 7116
f 6883 6884 7116
f 7116 7118 6883
f 6883 7118 6885
f 7118 7119 6885
f 6885 7119 6886
f 7119 7120 6886
f 6886 7120 6887
f 7120 7121 6887
f 6887 7121 6888
f 7121 7122 6888
f 6888 7122 6889
f 7122 7123 6889
f 6889 7123 6890
f 7123 6859 6890
f 7094 6859 7123
f 7114 7124 7113
f 7113 7125 7115
f 7124 7125 7113
f 7115 6891 6881
f 7115 7125 6891
f 7125 7126 6891
f 7126 7127 6891
f 6891 7127 6892
f 7127 7128 6892
f 6892 7128 6893
f 7128 7129 6893
f 6893 7129 6894
f 7129 7130 6894
f 6894 7130 6895
f 7132 7131 6896
f 7132 6896 7130
f 7130 6896 6895
f 6897 6896 7131
f 7133 6897 7131
f 6897 7133 6899
f 6902 7135 7134
f 6901 6902 7134
f 7134 7136 6901
f 6901 7136 6903
f 7136 7137 6903
f 6903 7137 6904
f 7137 7138 6904
f 6904 7138 6905
f 7138 6884 6905
f 7117 6884 7138
f 7132 7139 7131
f 7131 7140 7133
f 7139 7140 7131
f 7133 6906 6899
f 7133 7140 6906
f 7140 7141 6906
f 7141 7142 6906
f 6906 7142 6907
f 7144 7143 6908
f 7144 6908 7142
f 7142 6908 6907
f 6908 7143 6910
f 6913 7146 7145
f 6912 6913 7145
f 7145 7147 6912
f 6912 7147 6914
f 7147 7148 6914
f 6914 7148 6915
f 7148 7149 6915
f 6915 7149 6916
f 7149 7150 6916
f 6916 7150 6917
f 7150 7151 6917
f 6917 7151 6918
f 7151 7152 6918
f 6918 7152 6919
f 7152 6902 6919
f 7135 6902 7152
f 7144 7153 7143
f 7143 6920 6910
f 7143 7153 6920
f 7153 7154 6920
f 7156 7155 6921
f 7156 6921 7154
f 7154 6921 6920
f 6921 7155 6922
f 7146 6913 7157
f 7157 6913 6923
f 7156 7158 7155
f 7155 6924 6922
f 7155 7158 6924
f 7158 7159 6924
f 6924 7159 7160
f 6926 6924 7160
f 7157 6923 7161
f 7161 6923 6927
f 7160 6928 6926
f 7162 6928 7160
f 7164 7163 6929
f 7164 6929 7162
f 7162 6929 6928
f 6929 7163 6930
f 7161 6927 7165
f 7165 6927 6931
f 7164 7166 7163
f 7163 7166 7167
f 7163 7167 6930
f 6930 7167 6933
f 7165 6931 7168
f 7168 6931 6934
f 7167 6935 6933
f 7169 6935 7167
f 6935 7169 7170
f 6936 6935 7170
f 7168 6934 7171
f 7171 6934 6937
f 7170 7172 6936
f 7172 6939 6936
f 7171 6937 7173
f 7173 6937 6941
f 7172 7174 6939
f 7174 6943 6939
f 7173 6941 7175
f 7175 6941 6946
f 6947 7177 7176
f 6947 6943 7177
f 6943 7174 7177
f 6947 7176 6948
f 6949 6950 7178
f 6949 7178 6952
f 7175 6946 7179
f 7179 6946 6954
f 7181 7176 7177
f 7180 7176 7181
f 7176 7180 6955
f 6948 7176 6955
f 7182 7178 6950
f 6956 7182 6950
f 7178 7182 6958
f 6952 7178 6958
f 7179 6954 7183
f 7183 6954 6960
f 7181 7184 7180
f 7180 7184 7185
f 7180 7185 6955
f 6955 7185 6962
f 7186 7182 6956
f 7186 6956 7187
f 7187 6956 6964
f 7189 7188 6965
f 7186 7189 6965
f 7186 6965 6958
f 7186 6958 7182
f 6965 7188 6967
f 7183 6960 7190
f 7190 6960 6968
f 7185 7191 6962
f 7191 6969 6962
f 7187 6964 7192
f 7192 6964 6970
f 7194 7188 7189
f 7193 7188 7194
f 7188 7193 6972
f 6967 7188 6972
f 7190 6968 7195
f 7195 6968 6973
f 7198 7196 7197
f 7197 7196 6974
f 7197 6974 7191
f 7191 6974 6969
f 7192 6970 7199
f 7199 6970 6975
f 7201 7193 7194
f 7200 7193 7201
f 7193 7200 6977
f 6972 7193 6977
f 7195 6973 7202
f 7202 6973 6978
f 7204 7196 7198
f 7203 7196 7204
f 7196 7203 6979
f 6974 7196 6979
f 7205 7206 7199
f 7205 7199 6980
f 6980 7199 6975
f 7206 7200 7201
f 7206 7205 7200
f 7205 7207 7200
f 7200 7207 6982
f 6977 7200 6982
f 7202 6978 7208
f 7208 6978 6983
f 7203 6986 6985
f 7203 7204 6986
f 7204 7209 6986
f 7203 6985 6979
f 7210 7205 6980
f 6987 7210 6980
f 6990 6989 7207
f 6990 7207 7210
f 7210 7207 7205
f 7207 6989 6982
f 7208 6983 7211
f 7211 6983 6992
f 7209 7212 6986
f 7212 6994 6986
f 7213 7210 6987
f 6995 7213 6987
f 7210 7213 6997
f 6990 7210 6997
f 7211 6992 7214
f 7214 6992 6998
f 7001 7215 7216
f 7000 7215 7001
f 7215 7000 6994
f 7212 7215 6994
f 7217 7213 6995
f 7002 7217 6995
f 7213 7217 7004
f 6997 7213 7004
f 7214 6998 7218
f 7218 6998 7005
f 7007 7219 7008
f 7007 7009 7219
f 7216 7220 7001
f 7220 7010 7001
f 7011 7012 7221
f 7015 7014 7217
f 7015 7217 7221
f 7002 7011 7217
f 7011 7221 7217
f 7217 7014 7004
f 7218 7005 7016
f 7222 7218 7016
f 7008 7219 7018
f 7016 7019 7224
f 7016 7224 7222
f 7224 7019 7223
f 7219 7009 7018
f 7224 7223 7225
f 7021 7226 7227
f 7020 7226 7021
f 7226 7020 7010
f 7220 7226 7010
f 7221 7012 7022
f 7221 7022 7015
f 7223 7019 7023
f 7225 7223 7023
f 7225 7023 7228
f 7228 7023 7024
f 7228 7024 7229
f 7024 7025 7229
f 7229 7025 7230
f 7025 7026 7230
f 7026 7231 7230
f 7027 7231 7026
f 7029 7232 7233
f 7028 7232 7029
f 7232 7028 7021
f 7227 7232 7021
f 7231 7027 7030
f 7234 7231 7030
f 7234 7030 7235
f 7030 7031 7235
f 7236 7031 7032
f 7236 7237 7031
f 7237 7235 7031
f 7237 7236 7238
f 7035 7239 7240
f 7034 7239 7035
f 7239 7034 7241
f 7034 7036 7241
f 7241 7036 7029
f 7233 7241 7029
f 7236 7032 7037
f 7238 7236 7037
f 7238 7037 7242
f 7242 7037 7038
f 7242 7038 7243
f 7038 7039 7243
f 7243 7039 7244
f 7039 7040 7244
f 7245 7040 7041
f 7245 7246 7040
f 7246 7244 7040
f 7246 7245 7247
f 7250 7248 7249
f 7249 7251 7252
f 7248 7251 7249
f 7044 7252 7251
f 7044 7043 7252
f 7043 7253 7252
f 7253 7043 7035
f 7240 7253 7035
f 7245 7041 7045
f 7247 7245 7045
f 7247 7045 7254
f 7254 7045 7046
f 7254 7046 7255
f 7046 7047 7255
f 7255 7047 7256
f 7047 7048 7256
f 7257 7048 7049
f 7257 7258 7048
f 7258 7256 7048
f 7258 7257 7259
f 7052 7260 7261
f 7051 7260 7052
f 7260 7051 7262
f 7051 7054 7262
f 7248 7250 7262
f 7248 7262 7055
f 7055 7262 7054
f 7251 7248 7055
f 7056 7251 7055
f 7251 7056 7044
f 7257 7049 7057
f 7259 7257 7057
f 7259 7057 7263
f 7263 7057 7058
f 7263 7058 7264
f 7058 7059 7264
f 7264 7059 7265
f 7059 7060 7265
f 7265 7060 7266
f 7060 7062 7266
f 7267 7062 7063
f 7267 7268 7062
f 7268 7266 7062
f 7268 7269 7270
f 7267 7269 7268
f 7270 7271 7272
f 7269 7271 7270
f 7272 7273 7274
f 7271 7273 7272
f 7274 7273 7275
f 7278 7276 7277
f 7277 7276 7279
f 7282 7280 7281
f 7066 7281 7280
f 7066 7065 7281
f 7065 7283 7281
f 7283 7065 7284
f 7065 7068 7284
f 7284 7068 7285
f 7068 7069 7285
f 7285 7069 7286
f 7069 7070 7286
f 7286 7070 7052
f 7261 7286 7052
f 7267 7063 7071
f 7269 7267 7071
f 7072 7269 7071
f 7271 7269 7072
f 7073 7271 7072
f 7273 7271 7073
f 7074 7273 7073
f 7275 7273 7074
f 7275 7074 7287
f 7287 7074 7075
f 7287 7075 7288
f 7075 7076 7288
f 7288 7076 7289
f 7076 7077 7289
f 7289 7077 7290
f 7077 7078 7290
f 7290 7078 7291
f 7078 7079 7291
f 7291 7079 7292
f 7079 7080 7292
f 7292 7080 7293
f 7080 7081 7293
f 7293 7081 7294
f 7081 7083 7294
f 7294 7083 7295
f 7083 7084 7295
f 7295 7084 7296
f 7084 7085 7296
f 7296 7085 7297
f 7085 7086 7297
f 7297 7086 7298
f 7086 7087 7298
f 7298 7087 7299
f 7087 7088 7299
f 7299 7088 7300
f 7088 7089 7300
f 7276 7278 7300
f 7276 7300 7090
f 7090 7300 7089
f 7279 7276 7090
f 7279 7090 7301
f 7301 7090 7091
f 7280 7282 7301
f 7280 7301 7092
f 7092 7301 7091
f 7280 7092 7066
f 7094 7303 7302
f 7093 7094 7302
f 7302 7304 7093
f 7093 7304 7095
f 7304 7305 7095
f 7095 7305 7096
f 7305 7306 7096
f 7096 7306 7097
f 7306 7307 7097
f 7097 7307 7098
f 7307 7308 7098
f 7098 7308 7099
f 7308 7309 7099
f 7099 7309 7100
f 7309 7310 7100
f 7100 7310 7101
f 7310 7311 7101
f 7101 7311 7102
f 7311 7312 7102
f 7102 7312 7103
f 7312 7313 7103
f 7103 7313 7104
f 7313 7314 7104
f 7104 7314 7105
f 7314 7315 7105
f 7105 7315 7106
f 7315 7316 7106
f 7106 7316 7107
f 7316 7317 7107
f 7107 7317 7108
f 7319 7318 7109
f 7319 7109 7317
f 7317 7109 7108
f 7110 7109 7318
f 7320 7110 7318
f 7111 7110 7320
f 7321 7111 7320
f 7112 7111 7321
f 7322 7112 7321
f 7112 7322 7114
f 7117 7324 7323
f 7116 7117 7323
f 7323 7325 7116
f 7116 7325 7118
f 7325 7326 7118
f 7118 7326 7119
f 7326 7327 7119
f 7119 7327 7120
f 7327 7328 7120
f 7120 7328 7121
f 7328 7329 7121
f 7121 7329 7122
f 7329 7330 7122
f 7122 7330 7123
f 7330 7094 7123
f 7303 7094 7330
f 7319 7331 7318
f 7318 7332 7320
f 7331 7332 7318
f 7320 7333 7321
f 7332 7333 7320
f 7321 7334 7322
f 7333 7334 7321
f 7322 7124 7114
f 7322 7334 7124
f 7334 7335 7124
f 7335 7336 7124
f 7124 7336 7125
f 7336 7337 7125
f 7125 7337 7126
f 7337 7338 7126
f 7126 7338 7127
f 7340 7339 7128
f 7340 7128 7338
f 7338 7128 7127
f 7129 7128 7339
f 7341 7129 7339
f 7130 7129 7341
f 7342 7130 7341
f 7130 7342 7132
f 7345 7344 7343
f 7135 7343 7344
f 7135 7344 7134
f 7134 7344 7346
f 7346 7347 7134
f 7134 7347 7136
f 7347 7348 7136
f 7136 7348 7137
f 7348 7349 7137
f 7137 7349 7138
f 7349 7117 7138
f 7324 7117 7349
f 7340 7350 7339
f 7339 7351 7341
f 7350 7351 7339
f 7341 7352 7342
f 7351 7352 7341
f 7342 7139 7132
f 7342 7352 7139
f 7352 7353 7139
f 7353 7354 7139
f 7139 7354 7140
f 7356 7355 7141
f 7356 7141 7354
f 7354 7141 7140
f 7142 7141 7355
f 7357 7142 7355
f 7142 7357 7144
f 7146 7359 7358
f 7145 7146 7358
f 7358 7360 7145
f 7145 7360 7147
f 7360 7361 7147
f 7147 7361 7148
f 7361 7362 7148
f 7148 7362 7149
f 7362 7363 7149
f 7149 7363 7150
f 7363 7364 7150
f 7150 7364 7151
f 7343 7364 7345
f 7343 7152 7364
f 7152 7151 7364
f 7343 7135 7152
f 7356 7365 7355
f 7355 7366 7357
f 7365 7366 7355
f 7357 7153 7144
f 7357 7366 7153
f 7366 7367 7153
f 7369 7368 7154
f 7369 7154 7367
f 7367 7154 7153
f 7154 7368 7156
f 7359 7146 7370
f 7370 7146 7157
f 7369 7371 7368
f 7368 7158 7156
f 7368 7371 7158
f 7371 7372 7158
f 7374 7373 7159
f 7374 7159 7372
f 7372 7159 7158
f 7159 7373 7160
f 7370 7157 7375
f 7375 7157 7161
f 7374 7376 7373
f 7373 7162 7160
f 7373 7376 7162
f 7376 7377 7162
f 7162 7377 7378
f 7164 7162 7378
f 7375 7161 7379
f 7379 7161 7165
f 7166 7381 7380
f 7166 7164 7381
f 7164 7378 7381
f 7166 7380 7167
f 7379 7165 7382
f 7382 7165 7168
f 7381 7383 7380
f 7385 7384 7169
f 7383 7385 7169
f 7383 7169 7167
f 7383 7167 7380
f 7169 7384 7170
f 7382 7168 7386
f 7386 7168 7171
f 7388 7384 7385
f 7387 7384 7388
f 7384 7387 7172
f 7170 7384 7172
f 7386 7171 7389
f 7389 7171 7173
f 7388 7390 7387
f 7387 7390 7391
f 7387 7391 7172
f 7172 7391 7174
f 7389 7173 7392
f 7392 7173 7175
f 7391 7393 7174
f 7393 7177 7174
f 7392 7175 7394
f 7394 7175 7179
f 7393 7395 7177
f 7395 7181 7177
f 7394 7179 7396
f 7396 7179 7183
f 7395 7184 7181
f 7397 7184 7395
f 7184 7397 7398
f 7185 7184 7398
f 7186 7187 7399
f 7186 7399 7189
f 7396 7183 7400
f 7400 7183 7190
f 7403 7401 7402
f 7402 7401 7191
f 7402 7191 7398
f 7398 7191 7185
f 7404 7399 7187
f 7192 7404 7187
f 7399 7404 7194
f 7189 7399 7194
f 7400 7190 7405
f 7405 7190 7195
f 7401 7198 7197
f 7401 7403 7198
f 7403 7406 7198
f 7401 7197 7191
f 7407 7404 7192
f 7199 7407 7192
f 7404 7407 7201
f 7194 7404 7201
f 7405 7195 7408
f 7408 7195 7202
f 7406 7409 7198
f 7409 7204 7198
f 7407 7199 7206
f 7407 7206 7201
f 7408 7202 7410
f 7410 7202 7208
f 7409 7411 7204
f 7411 7209 7204
f 7410 7208 7412
f 7412 7208 7211
f 7411 7413 7209
f 7413 7212 7209
f 7412 7211 7414
f 7414 7211 7214
f 7216 7415 7416
f 7215 7415 7216
f 7415 7215 7212
f 7413 7415 7212
f 7414 7214 7417
f 7417 7214 7218
f 7420 7418 7419
f 7419 7418 7220
f 7419 7220 7416
f 7416 7220 7216
f 7417 7218 7222
f 7421 7417 7222
f 7423 7224 7422
f 7423 7421 7224
f 7421 7222 7224
f 7224 7225 7422
f 7426 7424 7425
f 7418 7227 7226
f 7420 7227 7418
f 7420 7424 7227
f 7420 7425 7424
f 7418 7226 7220
f 7423 7422 7427
f 7422 7225 7228
f 7422 7228 7427
f 7427 7228 7428
f 7428 7228 7429
f 7228 7229 7429
f 7431 7230 7430
f 7431 7429 7230
f 7429 7229 7230
f 7230 7231 7430
f 7434 7432 7433
f 7424 7233 7232
f 7426 7233 7424
f 7426 7432 7233
f 7426 7433 7432
f 7424 7232 7227
f 7431 7430 7435
f 7430 7231 7234
f 7430 7234 7435
f 7435 7234 7436
f 7436 7234 7437
f 7234 7235 7437
f 7437 7235 7438
f 7235 7237 7438
f 7439 7237 7238
f 7439 7440 7237
f 7440 7438 7237
f 7440 7441 7442
f 7439 7441 7440
f 7442 7441 7443
f 7446 7444 7445
f 7240 7445 7444
f 7240 7239 7445
f 7239 7447 7445
f 7432 7434 7447
f 7432 7447 7241
f 7241 7447 7239
f 7432 7241 7233
f 7439 7238 7242
f 7441 7439 7242
f 7243 7441 7242
f 7443 7441 7243
f 7443 7243 7448
f 7448 7243 7244
f 7448 7244 7449
f 7244 7246 7449
f 7450 7246 7247
f 7450 7451 7246
f 7451 7449 7246
f 7451 7450 7452
f 7250 7453 7454
f 7249 7453 7250
f 7453 7249 7455
f 7249 7252 7455
f 7444 7446 7455
f 7444 7455 7253
f 7253 7455 7252
f 7444 7253 7240
f 7450 7247 7254
f 7452 7450 7254
f 7452 7254 7456
f 7456 7254 7255
f 7456 7255 7457
f 7255 7256 7457
f 7457 7256 7458
f 7256 7258 7458
f 7459 7258 7259
f 7459 7460 7258
f 7460 7458 7258
f 7460 7461 7462
f 7459 7461 7460
f 7462 7461 7463
f 7466 7464 7465
f 7465 7464 7467
f 7470 7468 7469
f 7469 7471 7472
f 7468 7471 7469
f 7261 7472 7471
f 7261 7260 7472
f 7260 7473 7472
f 7473 7260 7474
f 7260 7262 7474
f 7474 7262 7250
f 7454 7474 7250
f 7459 7259 7263
f 7461 7459 7263
f 7264 7461 7263
f 7463 7461 7264
f 7463 7264 7475
f 7475 7264 7265
f 7464 7466 7475
f 7464 7475 7266
f 7266 7475 7265
f 7467 7464 7266
f 7467 7266 7476
f 7476 7266 7268
f 7476 7268 7477
f 7268 7270 7477
f 7477 7270 7478
f 7270 7272 7478
f 7478 7272 7479
f 7272 7274 7479
f 7480 7274 7275
f 7480 7481 7274
f 7481 7479 7274
f 7481 7482 7483
f 7480 7482 7481
f 7483 7484 7485
f 7482 7484 7483
f 7485 7486 7487
f 7484 7486 7485
f 7487 7488 7489
f 7486 7488 7487
f 7489 7488 7490
f 7493 7491 7492
f 7492 7494 7495
f 7491 7494 7492
f 7495 7496 7497
f 7494 7496 7495
f 7497 7498 7499
f 7496 7498 7497
f 7278 7499 7498
f 7278 7277 7499
f 7277 7500 7499
f 7501 7277 7279
f 7501 7502 7277
f 7502 7500 7277
f 7282 7502 7501
f 7282 7281 7502
f 7281 7503 7502
f 7503 7281 7504
f 7281 7283 7504
f 7504 7283 7505
f 7283 7284 7505
f 7468 7470 7505
f 7468 7505 7285
f 7285 7505 7284
f 7471 7468 7285
f 7286 7471 7285
f 7471 7286 7261
f 7480 7275 7287
f 7482 7480 7287
f 7288 7482 7287
f 7484 7482 7288
f 7289 7484 7288
f 7486 7484 7289
f 7290 7486 7289
f 7488 7486 7290
f 7291 7488 7290
f 7490 7488 7291
f 7490 7291 7506
f 7506 7291 7292
f 7506 7292 7507
f 7292 7293 7507
f 7507 7293 7508
f 7293 7294 7508
f 7508 7294 7509
f 7294 7295 7509
f 7509 7295 7510
f 7295 7296 7510
f 7491 7493 7510
f 7491 7510 7297
f 7297 7510 7296
f 7494 7491 7297
f 7298 7494 7297
f 7496 7494 7298
f 7299 7496 7298
f 7498 7496 7299
f 7300 7498 7299
f 7498 7300 7278
f 7501 7279 7301
f 7501 7301 7282
f 7302 7303 7511
f 7511 7513 7512
f 7511 7512 7302
f 7302 7512 7304
f 7512 7514 7304
f 7304 7514 7305
f 7514 7515 7305
f 7305 7515 7306
f 7515 7516 7306
f 7306 7516 7307
f 7516 7517 7307
f 7307 7517 7308
f 7517 7518 7308
f 7308 7518 7309
f 7518 7519 7309
f 7309 7519 7310
f 7519 7520 7310
f 7310 7520 7311
f 7520 7521 7311
f 7311 7521 7312
f 7521 7522 7312
f 7312 7522 7313
f 7522 7523 7313
f 7313 7523 7314
f 7525 7524 7315
f 7525 7315 7523
f 7523 7315 7314
f 7316 7315 7524
f 7526 7316 7524
f 7317 7316 7526
f 7527 7317 7526
f 7317 7527 7319
f 7530 7529 7528
f 7324 7528 7529
f 7324 7529 7323
f 7323 7529 7531
f 7531 7532 7323
f 7323 7532 7325
f 7532 7533 7325
f 7325 7533 7326
f 7533 7534 7326
f 7326 7534 7327
f 7534 7535 7327
f 7327 7535 7328
f 7535 7536 7328
f 7328 7536 7329
f 7536 7537 7329
f 7329 7537 7330
f 7303 7538 7511
f 7303 7330 7538
f 7330 7537 7538
f 7511 7538 7513
f 7525 7539 7524
f 7524 7540 7526
f 7539 7540 7524
f 7526 7541 7527
f 7540 7541 7526
f 7527 7331 7319
f 7527 7541 7331
f 7541 7542 7331
f 7542 7543 7331
f 7331 7543 7332
f 7543 7544 7332
f 7332 7544 7333
f 7544 7545 7333
f 7333 7545 7334
f 7545 7546 7334
f 7334 7546 7335
f 7546 7547 7335
f 7335 7547 7336
f 7549 7548 7337
f 7549 7337 7547
f 7547 7337 7336
f 7338 7337 7548
f 7550 7338 7548
f 7338 7550 7340
f 7345 7552 7551
f 7344 7345 7551
f 7551 7553 7344
f 7344 7553 7346
f 7553 7554 7346
f 7346 7554 7347
f 7554 7555 7347
f 7347 7555 7348
f 7528 7555 7530
f 7528 7349 7555
f 7349 7348 7555
f 7528 7324 7349
f 7549 7556 7548
f 7548 7557 7550
f 7556 7557 7548
f 7550 7350 7340
f 7550 7557 7350
f 7557 7558 7350
f 7558 7559 7350
f 7350 7559 7351
f 7559 7560 7351
f 7351 7560 7352
f 7562 7561 7353
f 7562 7353 7560
f 7560 7353 7352
f 7354 7353 7561
f 7563 7354 7561
f 7354 7563 7356
f 7359 7565 7564
f 7358 7359 7564
f 7564 7566 7358
f 7358 7566 7360
f 7566 7567 7360
f 7360 7567 7361
f 7567 7568 7361
f 7361 7568 7362
f 7568 7569 7362
f 7362 7569 7363
f 7569 7570 7363
f 7363 7570 7364
f 7570 7345 7364
f 7552 7345 7570
f 7562 7571 7561
f 7561 7572 7563
f 7571 7572 7561
f 7563 7365 7356
f 7563 7572 7365
f 7572 7573 7365
f 7575 7574 7366
f 7575 7366 7573
f 7573 7366 7365
f 7367 7366 7574
f 7576 7367 7574
f 7367 7576 7369
f 7565 7359 7577
f 7577 7359 7370
f 7575 7578 7574
f 7574 7579 7576
f 7578 7579 7574
f 7576 7371 7369
f 7576 7579 7371
f 7579 7580 7371
f 7582 7581 7372
f 7582 7372 7580
f 7580 7372 7371
f 7372 7581 7374
f 7577 7370 7583
f 7583 7370 7375
f 7582 7584 7581
f 7581 7376 7374
f 7581 7584 7376
f 7584 7585 7376
f 7587 7586 7377
f 7587 7377 7585
f 7585 7377 7376
f 7377 7586 7378
f 7583 7375 7588
f 7588 7375 7379
f 7587 7589 7586
f 7586 7589 7590
f 7586 7590 7378
f 7378 7590 7381
f 7588 7379 7591
f 7591 7379 7382
f 7383 7593 7592
f 7383 7381 7593
f 7381 7590 7593
f 7383 7592 7385
f 7591 7382 7594
f 7594 7382 7386
f 7593 7595 7592
f 7592 7595 7596
f 7592 7596 7385
f 7385 7596 7388
f 7594 7386 7597
f 7597 7386 7389
f 7390 7599 7598
f 7390 7388 7599
f 7388 7596 7599
f 7390 7598 7391
f 7597 7389 7600
f 7600 7389 7392
f 7599 7601 7598
f 7598 7601 7602
f 7598 7602 7391
f 7391 7602 7393
f 7600 7392 7603
f 7603 7392 7394
f 7602 7604 7393
f 7604 7395 7393
f 7603 7394 7605
f 7605 7394 7396
f 7397 7607 7606
f 7397 7395 7607
f 7395 7604 7607
f 7397 7606 7398
f 7605 7396 7608
f 7608 7396 7400
f 7606 7403 7402
f 7606 7607 7403
f 7607 7609 7403
f 7606 7402 7398
f 7608 7400 7610
f 7610 7400 7405
f 7609 7611 7403
f 7611 7406 7403
f 7610 7405 7612
f 7612 7405 7408
f 7611 7613 7406
f 7613 7409 7406
f 7612 7408 7614
f 7614 7408 7410
f 7617 7615 7616
f 7616 7615 7411
f 7616 7411 7613
f 7613 7411 7409
f 7614 7410 7618
f 7618 7410 7412
f 7620 7615 7617
f 7619 7615 7620
f 7615 7619 7413
f 7411 7615 7413
f 7618 7412 7621
f 7621 7412 7414
f 7624 7622 7623
f 7619 7416 7415
f 7620 7416 7619
f 7620 7622 7416
f 7620 7623 7622
f 7619 7415 7413
f 7621 7414 7625
f 7625 7414 7417
f 7622 7420 7419
f 7622 7624 7420
f 7624 7626 7420
f 7622 7419 7416
f 7625 7417 7421
f 7627 7625 7421
f 7628 7421 7423
f 7628 7629 7421
f 7629 7627 7421
f 7629 7628 7630
f 7426 7631 7632
f 7425 7631 7426
f 7631 7425 7420
f 7626 7631 7420
f 7628 7423 7427
f 7630 7628 7427
f 7630 7427 7633
f 7633 7427 7428
f 7633 7428 7634
f 7428 7429 7634
f 7635 7429 7431
f 7635 7636 7429
f 7636 7634 7429
f 7636 7637 7638
f 7635 7637 7636
f 7638 7637 7639
f 7642 7640 7641
f 7434 7641 7640
f 7434 7433 7641
f 7433 7643 7641
f 7643 7433 7426
f 7632 7643 7426
f 7635 7431 7435
f 7637 7635 7435
f 7436 7637 7435
f 7639 7637 7436
f 7639 7436 7644
f 7644 7436 7437
f 7644 7437 7645
f 7437 7438 7645
f 7645 7438 7646
f 7438 7440 7646
f 7646 7440 7647
f 7440 7442 7647
f 7442 7648 7647
f 7443 7648 7442
f 7651 7649 7650
f 7446 7650 7649
f 7446 7445 7650
f 7445 7652 7650
f 7640 7642 7652
f 7640 7652 7447
f 7447 7652 7445
f 7640 7447 7434
f 7648 7443 7448
f 7653 7648 7448
f 7653 7448 7654
f 7448 7449 7654
f 7654 7449 7655
f 7449 7451 7655
f 7656 7451 7452
f 7656 7657 7451
f 7657 7655 7451
f 7657 7658 7659
f 7656 7658 7657
f 7659 7660 7661
f 7658 7660 7659
f 7661 7660 7662
f 7665 7663 7664
f 7454 7664 7663
f 7454 7453 7664
f 7453 7666 7664
f 7649 7651 7666
f 7649 7666 7455
f 7455 7666 7453
f 7649 7455 7446
f 7656 7452 7456
f 7658 7656 7456
f 7457 7658 7456
f 7660 7658 7457
f 7458 7660 7457
f 7662 7660 7458
f 7662 7458 7667
f 7667 7458 7460
f 7667 7460 7668
f 7460 7462 7668
f 7669 7462 7463
f 7669 7670 7462
f 7670 7668 7462
f 7466 7670 7669
f 7466 7465 7670
f 7465 7671 7670
f 7672 7465 7467
f 7672 7673 7465
f 7673 7671 7465
f 7673 7674 7675
f 7672 7674 7673
f 7675 7676 7677
f 7674 7676 7675
f 7677 7676 7678
f 7681 7679 7680
f 7680 7682 7683
f 7679 7682 7680
f 7683 7684 7685
f 7682 7684 7683
f 7470 7685 7684
f 7470 7469 7685
f 7469 7686 7685
f 7686 7469 7687
f 7469 7472 7687
f 7687 7472 7688
f 7472 7473 7688
f 7663 7665 7688
f 7663 7688 7474
f 7474 7688 7473
f 7663 7474 7454
f 7669 7463 7475
f 7669 7475 7466
f 7672 7467 7476
f 7674 7672 7476
f 7477 7674 7476
f 7676 7674 7477
f 7478 7676 7477
f 7678 7676 7478
f 7678 7478 7689
f 7689 7478 7479
f 7689 7479 7690
f 7479 7481 7690
f 7690 7481 7691
f 7481 7483 7691
f 7691 7483 7692
f 7483 7485 7692
f 7692 7485 7693
f 7485 7487 7693
f 7693 7487 7694
f 7487 7489 7694
f 7695 7489 7490
f 7695 7696 7489
f 7696 7694 7489
f 7696 7697 7698
f 7695 7697 7696
f 7698 7699 7700
f 7697 7699 7698
f 7700 7701 7702
f 7699 7701 7700
f 7702 7703 7704
f 7701 7703 7702
f 7493 7704 7703
f 7493 7492 7704
f 7492 7705 7704
f 7705 7492 7706
f 7492 7495 7706
f 7706 7495 7707
f 7495 7497 7707
f 7707 7497 7708
f 7497 7499 7708
f 7708 7499 7709
f 7499 7500 7709
f 7709 7500 7710
f 7500 7502 7710
f 7679 7681 7710
f 7679 7710 7503
f 7503 7710 7502
f 7682 7679 7503
f 7504 7682 7503
f 7684 7682 7504
f 7505 7684 7504
f 7684 7505 7470
f 7695 7490 7506
f 7697 7695 7506
f 7507 7697 7506
f 7699 7697 7507
f 7508 7699 7507
f 7701 7699 7508
f 7509 7701 7508
f 7703 7701 7509
f 7510 7703 7509
f 7703 7510 7493
f 7513 7712 7711
f 7512 7513 7711
f 7714 7713 7514
f 7714 7514 7711
f 7711 7514 7512
f 7713 7716 7715
f 7713 7715 7514
f 7514 7715 7515
f 7715 7717 7515
f 7515 7717 7516
f 7717 7718 7516
f 7516 7718 7517
f 7718 7719 7517
f 7517 7719 7518
f 7719 7720 7518
f 7518 7720 7519
f 7720 7721 7519
f 7519 7721 7520
f 7721 7722 7520
f 7520 7722 7521
f 7724 7723 7522
f 7724 7522 7722
f 7722 7522 7521
f 7523 7522 7723
f 7725 7523 7723
f 7523 7725 7525
f 7530 7727 7726
f 7529 7530 7726
f 7726 7728 7529
f 7529 7728 7531
f 7728 7729 7531
f 7531 7729 7532
f 7729 7730 7532
f 7532 7730 7533
f 7730 7731 7533
f 7533 7731 7534
f 7731 7732 7534
f 7534 7732 7535
f 7732 7733 7535
f 7535 7733 7536
f 7733 7734 7536
f 7536 7734 7537
f 7734 7735 7537
f 7537 7735 7538
f 7735 7513 7538
f 7712 7513 7735
f 7714 7736 7713
f 7713 7736 7716
f 7724 7737 7723
f 7723 7738 7725
f 7737 7738 7723
f 7725 7539 7525
f 7725 7738 7539
f 7738 7739 7539
f 7739 7740 7539
f 7539 7740 7540
f 7740 7741 7540
f 7540 7741 7541
f 7741 7742 7541
f 7541 7742 7542
f 7742 7743 7542
f 7542 7743 7543
f 7743 7744 7543
f 7543 7744 7544
f 7744 7745 7544
f 7544 7745 7545
f 7747 7746 7546
f 7747 7546 7745
f 7745 7546 7545
f 7547 7546 7746
f 7748 7547 7746
f 7547 7748 7549
f 7751 7750 7749
f 7552 7749 7750
f 7552 7750 7551
f 7551 7750 7752
f 7752 7753 7551
f 7551 7753 7553
f 7753 7754 7553
f 7553 7754 7554
f 7754 7755 7554
f 7554 7755 7555
f 7755 7530 7555
f 7727 7530 7755
f 7747 7756 7746
f 7746 7757 7748
f 7756 7757 7746
f 7748 7556 7549
f 7748 7757 7556
f 7757 7758 7556
f 7758 7759 7556
f 7556 7759 7557
f 7761 7760 7558
f 7761 7558 7759
f 7759 7558 7557
f 7559 7558 7760
f 7762 7559 7760
f 7560 7559 7762
f 7763 7560 7762
f 7560 7763 7562
f 7565 7765 7764
f 7564 7565 7764
f 7764 7766 7564
f 7564 7766 7566
f 7766 7767 7566
f 7566 7767 7567
f 7767 7768 7567
f 7567 7768 7568
f 7768 7769 7568
f 7568 7769 7569
f 7749 7769 7751
f 7749 7570 7769
f 7570 7569 7769
f 7749 7552 7570
f 7761 7770 7760
f 7760 7771 7762
f 7770 7771 7760
f 7762 7772 7763
f 7771 7772 7762
f 7763 7571 7562
f 7763 7772 7571
f 7772 7773 7571
f 7775 7774 7572
f 7775 7572 7773
f 7773 7572 7571
f 7573 7572 7774
f 7776 7573 7774
f 7573 7776 7575
f 7765 7565 7777
f 7777 7565 7577
f 7775 7778 7774
f 7774 7779 7776
f 7778 7779 7774
f 7776 7578 7575
f 7776 7779 7578
f 7779 7780 7578
f 7780 7781 7578
f 7578 7781 7579
f 7783 7782 7580
f 7783 7580 7781
f 7781 7580 7579
f 7580 7782 7582
f 7777 7577 7784
f 7784 7577 7583
f 7783 7785 7782
f 7787 7786 7584
f 7785 7787 7584
f 7785 7584 7582
f 7785 7582 7782
f 7585 7584 7786
f 7788 7585 7786
f 7585 7788 7587
f 7784 7583 7789
f 7789 7583 7588
f 7787 7790 7786
f 7792 7786 7790
f 7792 7791 7786
f 7791 7788 7786
f 7589 7587 7788
f 7589 7788 7793
f 7793 7788 7791
f 7589 7793 7590
f 7789 7588 7794
f 7794 7588 7591
f 7792 7795 7791
f 7791 7796 7793
f 7795 7796 7791
f 7793 7796 7797
f 7793 7797 7590
f 7590 7797 7593
f 7794 7591 7798
f 7798 7591 7594
f 7595 7800 7799
f 7595 7593 7800
f 7593 7797 7800
f 7595 7799 7596
f 7798 7594 7801
f 7801 7594 7597
f 7800 7802 7799
f 7799 7802 7803
f 7799 7803 7596
f 7596 7803 7599
f 7801 7597 7804
f 7804 7597 7600
f 7601 7806 7805
f 7601 7599 7806
f 7599 7803 7806
f 7601 7805 7602
f 7804 7600 7807
f 7807 7600 7603
f 7809 7805 7806
f 7808 7805 7809
f 7805 7808 7604
f 7602 7805 7604
f 7807 7603 7810
f 7810 7603 7605
f 7812 7808 7809
f 7811 7808 7812
f 7808 7811 7607
f 7604 7808 7607
f 7810 7605 7813
f 7813 7605 7608
f 7815 7811 7812
f 7814 7811 7815
f 7811 7814 7609
f 7607 7811 7609
f 7813 7608 7816
f 7816 7608 7610
f 7818 7814 7815
f 7817 7814 7818
f 7814 7817 7611
f 7609 7814 7611
f 7816 7610 7819
f 7819 7610 7612
f 7821 7817 7818
f 7820 7817 7821
f 7817 7820 7613
f 7611 7817 7613
f 7819 7612 7822
f 7822 7612 7614
f 7825 7823 7824
f 7820 7617 7616
f 7821 7617 7820
f 7821 7823 7617
f 7821 7824 7823
f 7820 7616 7613
f 7822 7614 7826
f 7826 7614 7618
f 7828 7823 7825
f 7827 7823 7828
f 7823 7827 7620
f 7617 7823 7620
f 7826 7618 7829
f 7829 7618 7621
f 7832 7830 7831
f 7827 7624 7623
f 7828 7624 7827
f 7828 7830 7624
f 7828 7831 7830
f 7827 7623 7620
f 7829 7621 7833
f 7833 7621 7625
f 7836 7834 7835
f 7835 7830 7832
f 7835 7834 7830
f 7834 7837 7830
f 7830 7837 7626
f 7624 7830 7626
f 7833 7625 7627
f 7838 7833 7627
f 7838 7627 7839
f 7627 7629 7839
f 7840 7629 7630
f 7840 7841 7629
f 7841 7839 7629
f 7841 7842 7843
f 7840 7842 7841
f 7843 7842 7844
f 7847 7845 7846
f 7846 7834 7836
f 7846 7845 7834
f 7845 7848 7834
f 7632 7631 7837
f 7632 7837 7848
f 7848 7837 7834
f 7837 7631 7626
f 7840 7630 7633
f 7842 7840 7633
f 7634 7842 7633
f 7844 7842 7634
f 7844 7634 7849
f 7849 7634 7636
f 7849 7636 7850
f 7636 7638 7850
f 7851 7638 7639
f 7851 7852 7638
f 7852 7850 7638
f 7852 7851 7853
f 7856 7854 7855
f 7855 7857 7858
f 7854 7857 7855
f 7845 7642 7641
f 7847 7642 7845
f 7847 7857 7642
f 7847 7858 7857
f 7848 7845 7641
f 7643 7848 7641
f 7848 7643 7632
f 7851 7639 7644
f 7853 7851 7644
f 7853 7644 7859
f 7859 7644 7645
f 7859 7645 7860
f 7645 7646 7860
f 7860 7646 7861
f 7646 7647 7861
f 7862 7647 7648
f 7862 7863 7647
f 7863 7861 7647
f 7863 7862 7864
f 7867 7865 7866
f 7854 7651 7650
f 7856 7651 7854
f 7856 7865 7651
f 7856 7866 7865
f 7857 7854 7650
f 7652 7857 7650
f 7857 7652 7642
f 7862 7648 7653
f 7864 7862 7653
f 7864 7653 7868
f 7868 7653 7654
f 7868 7654 7869
f 7654 7655 7869
f 7869 7655 7870
f 7655 7657 7870
f 7870 7657 7871
f 7657 7659 7871
f 7871 7659 7872
f 7659 7661 7872
f 7873 7661 7662
f 7873 7874 7661
f 7874 7872 7661
f 7874 7875 7876
f 7873 7875 7874
f 7876 7877 7878
f 7875 7877 7876
f 7878 7877 7879
f 7882 7880 7881
f 7881 7883 7884
f 7880 7883 7881
f 7884 7885 7886
f 7883 7885 7884
f 7665 7886 7885
f 7665 7664 7886
f 7664 7887 7886
f 7865 7867 7887
f 7865 7887 7666
f 7666 7887 7664
f 7865 7666 7651
f 7873 7662 7667
f 7875 7873 7667
f 7668 7875 7667
f 7877 7875 7668
f 7670 7877 7668
f 7879 7877 7670
f 7879 7670 7888
f 7888 7670 7671
f 7888 7671 7889
f 7671 7673 7889
f 7889 7673 7890
f 7673 7675 7890
f 7890 7675 7891
f 7675 7677 7891
f 7892 7677 7678
f 7892 7893 7677
f 7893 7891 7677
f 7893 7894 7895
f 7892 7894 7893
f 7895 7896 7897
f 7894 7896 7895
f 7897 7898 7899
f 7896 7898 7897
f 7899 7900 7901
f 7898 7900 7899
f 7901 7902 7903
f 7900 7902 7901
f 7903 7904 7905
f 7902 7904 7903
f 7905 7906 7907
f 7904 7906 7905
f 7907 7908 7909
f 7906 7908 7907
f 7909 7910 7911
f 7908 7910 7909
f 7911 7912 7913
f 7910 7912 7911
f 7913 7914 7915
f 7912 7914 7913
f 7915 7916 7917
f 7914 7916 7915
f 7917 7918 7919
f 7916 7918 7917
f 7919 7920 7921
f 7918 7920 7919
f 7921 7922 7923
f 7920 7922 7921
f 7923 7924 7925
f 7922 7924 7923
f 7681 7925 7924
f 7681 7680 7925
f 7680 7926 7925
f 7926 7680 7927
f 7680 7683 7927
f 7927 7683 7928
f 7683 7685 7928
f 7880 7882 7928
f 7880 7928 7686
f 7686 7928 7685
f 7883 7880 7686
f 7687 7883 7686
f 7885 7883 7687
f 7688 7885 7687
f 7885 7688 7665
f 7892 7678 7689
f 7894 7892 7689
f 7690 7894 7689
f 7896 7894 7690
f 7691 7896 7690
f 7898 7896 7691
f 7692 7898 7691
f 7900 7898 7692
f 7693 7900 7692
f 7902 7900 7693
f 7694 7902 7693
f 7904 7902 7694
f 7696 7904 7694
f 7906 7904 7696
f 7698 7906 7696
f 7908 7906 7698
f 7700 7908 7698
f 7910 7908 7700
f 7702 7910 7700
f 7912 7910 7702
f 7704 7912 7702
f 7914 7912 7704
f 7705 7914 7704
f 7916 7914 7705
f 7706 7916 7705
f 7918 7916 7706
f 7707 7918 7706
f 7920 7918 7707
f 7708 7920 7707
f 7922 7920 7708
f 7709 7922 7708
f 7924 7922 7709
f 7710 7924 7709
f 7924 7710 7681
f 7711 7712 7929
f 7711 7929 7714
f 7716 7931 7930
f 7715 7716 7930
f 7930 7932 7715
f 7715 7932 7717
f 7934 7933 7718
f 7934 7718 7932
f 7932 7718 7717
f 7719 7718 7933
f 7935 7719 7933
f 7935 7937 7936
f 7935 7936 7719
f 7719 7936 7720
f 7939 7938 7721
f 7939 7721 7936
f 7936 7721 7720
f 7722 7721 7938
f 7940 7722 7938
f 7722 7940 7724
f 7726 7727 7941
f 7941 7943 7942
f 7941 7942 7726
f 7726 7942 7728
f 7942 7944 7728
f 7728 7944 7729
f 7944 7945 7729
f 7729 7945 7730
f 7945 7946 7730
f 7730 7946 7731
f 7946 7947 7731
f 7731 7947 7732
f 7947 7948 7732
f 7732 7948 7733
f 7948 7949 7733
f 7733 7949 7734
f 7949 7950 7734
f 7734 7950 7735
f 7712 7951 7929
f 7712 7735 7951
f 7735 7950 7951
f 7929 7736 7714
f 7929 7951 7736
f 7951 7952 7736
f 7952 7716 7736
f 7931 7716 7952
f 7934 7953 7933
f 7933 7954 7935
f 7953 7954 7933
f 7935 7954 7937
f 7939 7955 7938
f 7938 7956 7940
f 7955 7956 7938
f 7940 7737 7724
f 7940 7956 7737
f 7956 7957 7737
f 7957 7958 7737
f 7737 7958 7738
f 7958 7959 7738
f 7738 7959 7739
f 7959 7960 7739
f 7739 7960 7740
f 7960 7961 7740
f 7740 7961 7741
f 7963 7962 7742
f 7963 7742 7961
f 7961 7742 7741
f 7743 7742 7962
f 7964 7743 7962
f 7744 7743 7964
f 7965 7744 7964
f 7745 7744 7965
f 7966 7745 7965
f 7745 7966 7747
f 7751 7968 7967
f 7750 7751 7967
f 7967 7969 7750
f 7750 7969 7752
f 7969 7970 7752
f 7752 7970 7753
f 7970 7971 7753
f 7753 7971 7754
f 7971 7972 7754
f 7754 7972 7755
f 7727 7973 7941
f 7727 7755 7973
f 7755 7972 7973
f 7941 7973 7943
f 7963 7974 7962
f 7962 7975 7964
f 7974 7975 7962
f 7964 7976 7965
f 7975 7976 7964
f 7965 7977 7966
f 7976 7977 7965
f 7966 7756 7747
f 7966 7977 7756
f 7977 7978 7756
f 7980 7979 7757
f 7980 7757 7978
f 7978 7757 7756
f 7758 7757 7979
f 7981 7758 7979
f 7759 7758 7981
f 7982 7759 7981
f 7759 7982 7761
f 7765 7984 7983
f 7764 7765 7983
f 7983 7985 7764
f 7764 7985 7766
f 7985 7986 7766
f 7766 7986 7767
f 7986 7987 7767
f 7767 7987 7768
f 7987 7988 7768
f 7768 7988 7769
f 7988 7751 7769
f 7968 7751 7988
f 7980 7989 7979
f 7979 7990 7981
f 7989 7990 7979
f 7981 7991 7982
f 7990 7991 7981
f 7982 7770 7761
f 7982 7991 7770
f 7991 7992 7770
f 7992 7993 7770
f 7770 7993 7771
f 7995 7994 7772
f 7995 7772 7993
f 7993 7772 7771
f 7773 7772 7994
f 7996 7773 7994
f 7773 7996 7775
f 7984 7765 7997
f 7997 7765 7777
f 7995 7998 7994
f 7994 7999 7996
f 7998 7999 7994
f 7996 7778 7775
f 7996 7999 7778
f 7999 8000 7778
f 8002 8001 7779
f 8002 7779 8000
f 8000 7779 7778
f 7780 7779 8001
f 8003 7780 8001
f 7781 7780 8003
f 8004 7781 8003
f 7781 8004 7783
f 7997 7777 8005
f 8005 7777 7784
f 8002 8006 8001
f 8001 8007 8003
f 8006 8007 8001
f 8009 8003 8007
f 8009 8008 8003
f 8008 8004 8003
f 7785 7783 8004
f 7785 8004 8010
f 8010 8004 8008
f 7785 8010 7787
f 8005 7784 8011
f 8011 7784 7789
f 8009 8012 8008
f 8008 8013 8010
f 8012 8013 8008
f 8015 8014 7790
f 8013 8015 7790
f 8013 7790 7787
f 8013 7787 8010
f 7790 8014 7792
f 8011 7789 8016
f 8016 7789 7794
f 8015 8017 8014
f 8019 8018 7795
f 8017 8019 7795
f 8017 7795 7792
f 8017 7792 8014
f 7796 7795 8018
f 8020 7796 8018
f 7796 8020 7797
f 8016 7794 8021
f 8021 7794 7798
f 8019 8022 8018
f 8024 8018 8022
f 8024 8023 8018
f 8023 8020 8018
f 8020 8023 7800
f 7797 8020 7800
f 8021 7798 8025
f 8025 7798 7801
f 8024 8026 8023
f 8028 8027 7802
f 8026 8028 7802
f 8026 7802 7800
f 8026 7800 8023
f 7802 8027 7803
f 8025 7801 8029
f 8029 7801 7804
f 8031 8027 8028
f 8030 8027 8031
f 8027 8030 7806
f 7803 8027 7806
f 8029 7804 8032
f 8032 7804 7807
f 8034 8030 8031
f 8033 8030 8034
f 8030 8033 7809
f 7806 8030 7809
f 8032 7807 8035
f 8035 7807 7810
f 8034 8036 8033
f 8033 8036 8037
f 8033 8037 7809
f 7809 8037 7812
f 8035 7810 8038
f 8038 7810 7813
f 8041 8039 8040
f 8040 8039 7815
f 8040 7815 8037
f 8037 7815 7812
f 8038 7813 8042
f 8042 7813 7816
f 8044 8039 8041
f 8043 8039 8044
f 8039 8043 7818
f 7815 8039 7818
f 8042 7816 8045
f 8045 7816 7819
f 8047 8043 8044
f 8046 8043 8047
f 8043 8046 7821
f 7818 8043 7821
f 8045 7819 8048
f 8048 7819 7822
f 8051 8049 8050
f 8046 7825 7824
f 8047 7825 8046
f 8047 8049 7825
f 8047 8050 8049
f 8046 7824 7821
f 8048 7822 8052
f 8052 7822 7826
f 8054 8049 8051
f 8053 8049 8054
f 8049 8053 7828
f 7825 8049 7828
f 8052 7826 8055
f 8055 7826 7829
f 8058 8056 8057
f 8053 7832 7831
f 8054 7832 8053
f 8054 8056 7832
f 8054 8057 8056
f 8053 7831 7828
f 8055 7829 8059
f 8059 7829 7833
f 8062 8060 8061
f 8056 7836 7835
f 8058 7836 8056
f 8058 8060 7836
f 8058 8061 8060
f 8056 7835 7832
f 8059 7833 7838
f 8063 8059 7838
f 8063 7838 8064
f 7838 7839 8064
f 8064 7839 8065
f 7839 7841 8065
f 8067 7843 8066
f 8067 8065 7843
f 8065 7841 7843
f 7843 7844 8066
f 8070 8068 8069
f 8060 7847 7846
f 8062 7847 8060
f 8062 8068 7847
f 8062 8069 8068
f 8060 7846 7836
f 8067 8066 8071
f 8066 7844 7849
f 8066 7849 8071
f 8071 7849 8072
f 8072 7849 8073
f 7849 7850 8073
f 8073 7850 8074
f 7850 7852 8074
f 8075 7852 7853
f 8075 8076 7852
f 8076 8074 7852
f 8076 8077 8078
f 8075 8077 8076
f 8078 8077 8079
f 8082 8080 8081
f 7856 8081 8080
f 7856 7855 8081
f 7855 8083 8081
f 8068 8070 8083
f 8068 8083 7858
f 7858 8083 7855
f 8068 7858 7847
f 8075 7853 7859
f 8077 8075 7859
f 7860 8077 7859
f 8079 8077 7860
f 8079 7860 8084
f 8084 7860 7861
f 8084 7861 8085
f 7861 7863 8085
f 8086 7863 7864
f 8086 8087 7863
f 8087 8085 7863
f 8087 8088 8089
f 8086 8088 8087
f 8089 8090 8091
f 8088 8090 8089
f 8091 8090 8092
f 8095 8093 8094
f 8094 8096 8097
f 8093 8096 8094
f 8097 8098 8099
f 8096 8098 8097
f 8080 7867 7866
f 8082 7867 8080
f 8082 8098 7867
f 8082 8099 8098
f 8080 7866 7856
f 8086 7864 7868
f 8088 8086 7868
f 7869 8088 7868
f 8090 8088 7869
f 7870 8090 7869
f 8092 8090 7870
f 8092 7870 8100
f 8100 7870 7871
f 8100 7871 8101
f 7871 7872 8101
f 8101 7872 8102
f 7872 7874 8102
f 8102 7874 8103
f 7874 7876 8103
f 8103 7876 8104
f 7876 7878 8104
f 8105 7878 7879
f 8105 8106 7878
f 8106 8104 7878
f 8106 8107 8108
f 8105 8107 8106
f 8108 8109 8110
f 8107 8109 8108
f 8110 8111 8112
f 8109 8111 8110
f 8112 8111 8113
f 8116 8114 8115
f 8115 8117 8118
f 8114 8117 8115
f 8118 8119 8120
f 8117 8119 8118
f 8120 8121 8122
f 8119 8121 8120
f 8122 8123 8124
f 8121 8123 8122
f 8124 8125 8126
f 8123 8125 8124
f 8126 8127 8128
f 8125 8127 8126
f 7882 8128 8127
f 7882 7881 8128
f 7881 8129 8128
f 8093 8095 8129
f 8093 8129 7884
f 7884 8129 7881
f 8096 8093 7884
f 7886 8096 7884
f 8098 8096 7886
f 7887 8098 7886
f 8098 7887 7867
f 8105 7879 7888
f 8107 8105 7888
f 7889 8107 7888
f 8109 8107 7889
f 7890 8109 7889
f 8111 8109 7890
f 7891 8111 7890
f 8113 8111 7891
f 8113 7891 8130
f 8130 7891 7893
f 8130 7893 8131
f 7893 7895 8131
f 8131 7895 8132
f 7895 7897 8132
f 8132 7897 8133
f 7897 7899 8133
f 8133 7899 8134
f 7899 7901 8134
f 8134 7901 8135
f 7901 7903 8135
f 8135 7903 8136
f 7903 7905 8136
f 8136 7905 8137
f 7905 7907 8137
f 8137 7907 8138
f 7907 7909 8138
f 8138 7909 8139
f 7909 7911 8139
f 8139 7911 8140
f 7911 7913 8140
f 8140 7913 8141
f 7913 7915 8141
f 8141 7915 8142
f 7915 7917 8142
f 8114 8116 8142
f 8114 8142 7919
f 7919 8142 7917
f 8117 8114 7919
f 7921 8117 7919
f 8119 8117 7921
f 7923 8119 7921
f 8121 8119 7923
f 7925 8121 7923
f 8123 8121 7925
f 7926 8123 7925
f 8125 8123 7926
f 7927 8125 7926
f 8127 8125 7927
f 7928 8127 7927
f 8127 7928 7882
f 7930 7931 8143
f 7932 7930 8143
f 8144 7932 8143
f 7932 8144 7934
f 7936 7937 8145
f 7936 8145 7939
f 7943 8147 8146
f 7942 7943 8146
f 8146 8148 7942
f 7942 8148 7944
f 8148 8149 7944
f 7944 8149 7945
f 8149 8150 7945
f 7945 8150 7946
f 8150 8151 7946
f 7946 8151 7947
f 8151 8152 7947
f 7947 8152 7948
f 8152 8153 7948
f 7948 8153 7949
f 8153 8154 7949
f 7949 8154 7950
f 8154 8155 7950
f 7950 8155 7951
f 8155 8156 7951
f 7951 8156 7952
f 7931 8157 8143
f 7931 7952 8157
f 7952 8156 8157
f 8143 8158 8144
f 8157 8158 8143
f 8144 7953 7934
f 8144 8158 7953
f 8158 8159 7953
f 8159 8160 7953
f 7953 8160 7954
f 7937 8161 8145
f 7937 7954 8161
f 7954 8160 8161
f 8145 7955 7939
f 8145 8161 7955
f 8161 8162 7955
f 8162 8163 7955
f 7955 8163 7956
f 8163 8164 7956
f 7956 8164 7957
f 8164 8165 7957
f 7957 8165 7958
f 8167 8166 7959
f 8167 7959 8165
f 8165 7959 7958
f 7960 7959 8166
f 8168 7960 8166
f 7961 7960 8168
f 8169 7961 8168
f 7961 8169 7963
f 8172 8171 8170
f 7968 8170 8171
f 7968 8171 7967
f 7967 8171 8173
f 8173 8174 7967
f 7967 8174 7969
f 8174 8175 7969
f 7969 8175 7970
f 8175 8176 7970
f 7970 8176 7971
f 8176 8177 7971
f 7971 8177 7972
f 8177 8178 7972
f 7972 8178 7973
f 8178 7943 7973
f 8147 7943 8178
f 8167 8179 8166
f 8166 8180 8168
f 8179 8180 8166
f 8168 8181 8169
f 8180 8181 8168
f 8169 7974 7963
f 8169 8181 7974
f 8181 8182 7974
f 8182 8183 7974
f 7974 8183 7975
f 8183 8184 7975
f 7975 8184 7976
f 8186 8185 7977
f 8186 7977 8184
f 8184 7977 7976
f 7978 7977 8185
f 8187 7978 8185
f 7978 8187 7980
f 7984 8189 8188
f 7983 7984 8188
f 8188 8190 7983
f 7983 8190 7985
f 8190 8191 7985
f 7985 8191 7986
f 8191 8192 7986
f 7986 8192 7987
f 8170 8192 8172
f 8170 7988 8192
f 7988 7987 8192
f 8170 7968 7988
f 8186 8193 8185
f 8185 8194 8187
f 8193 8194 8185
f 8187 7989 7980
f 8187 8194 7989
f 8194 8195 7989
f 8195 8196 7989
f 7989 8196 7990
f 8196 8197 7990
f 7990 8197 7991
f 8199 8198 7992
f 8199 7992 8197
f 8197 7992 7991
f 7993 7992 8198
f 8200 7993 8198
f 7993 8200 7995
f 8189 7984 8201
f 8201 7984 7997
f 8199 8202 8198
f 8198 8203 8200
f 8202 8203 8198
f 8200 7998 7995
f 8200 8203 7998
f 8203 8204 7998
f 8206 8205 7999
f 8206 7999 8204
f 8204 7999 7998
f 8000 7999 8205
f 8207 8000 8205
f 8000 8207 8002
f 8201 7997 8208
f 8208 7997 8005
f 8206 8209 8205
f 8205 8210 8207
f 8209 8210 8205
f 8212 8211 8006
f 8210 8212 8006
f 8210 8006 8002
f 8210 8002 8207
f 8007 8006 8211
f 8213 8007 8211
f 8007 8213 8009
f 8208 8005 8214
f 8214 8005 8011
f 8212 8215 8211
f 8211 8216 8213
f 8215 8216 8211
f 8218 8217 8012
f 8216 8218 8012
f 8216 8012 8009
f 8216 8009 8213
f 8013 8012 8217
f 8219 8013 8217
f 8013 8219 8015
f 8214 8011 8220
f 8220 8011 8016
f 8218 8221 8217
f 8223 8217 8221
f 8223 8222 8217
f 8222 8219 8217
f 8017 8015 8219
f 8017 8219 8224
f 8224 8219 8222
f 8017 8224 8019
f 8220 8016 8225
f 8225 8016 8021
f 8223 8226 8222
f 8228 8222 8226
f 8228 8227 8222
f 8227 8224 8222
f 8022 8019 8224
f 8022 8224 8229
f 8229 8224 8227
f 8022 8229 8024
f 8225 8021 8230
f 8230 8021 8025
f 8228 8231 8227
f 8233 8227 8231
f 8233 8232 8227
f 8232 8229 8227
f 8026 8024 8229
f 8026 8229 8234
f 8234 8229 8232
f 8026 8234 8028
f 8230 8025 8235
f 8235 8025 8029
f 8237 8232 8233
f 8236 8232 8237
f 8232 8236 8234
f 8234 8236 8238
f 8234 8238 8031
f 8028 8234 8031
f 8235 8029 8239
f 8239 8029 8032
f 8237 8240 8236
f 8242 8236 8240
f 8242 8241 8236
f 8241 8238 8236
f 8238 8241 8034
f 8031 8238 8034
f 8239 8032 8243
f 8243 8032 8035
f 8245 8241 8242
f 8244 8241 8245
f 8036 8034 8241
f 8036 8241 8246
f 8246 8241 8244
f 8036 8246 8037
f 8243 8035 8247
f 8247 8035 8038
f 8249 8244 8245
f 8248 8244 8249
f 8041 8040 8246
f 8041 8246 8248
f 8248 8246 8244
f 8246 8040 8037
f 8247 8038 8250
f 8250 8038 8042
f 8253 8251 8252
f 8252 8248 8249
f 8252 8251 8248
f 8251 8254 8248
f 8248 8254 8044
f 8041 8248 8044
f 8250 8042 8255
f 8255 8042 8045
f 8257 8251 8253
f 8256 8251 8257
f 8251 8256 8254
f 8254 8256 8258
f 8254 8258 8047
f 8044 8254 8047
f 8255 8045 8259
f 8259 8045 8048
f 8261 8256 8257
f 8260 8256 8261
f 8051 8050 8258
f 8051 8258 8260
f 8260 8258 8256
f 8258 8050 8047
f 8259 8048 8262
f 8262 8048 8052
f 8265 8263 8264
f 8264 8260 8261
f 8264 8263 8260
f 8263 8266 8260
f 8260 8266 8054
f 8051 8260 8054
f 8262 8052 8267
f 8267 8052 8055
f 8270 8268 8269
f 8269 8263 8265
f 8269 8268 8263
f 8268 8271 8263
f 8058 8057 8266
f 8058 8266 8271
f 8271 8266 8263
f 8266 8057 8054
f 8272 8273 8267
f 8272 8267 8059
f 8059 8267 8055
f 8273 8272 8274
f 8277 8275 8276
f 8276 8268 8270
f 8276 8275 8268
f 8275 8278 8268
f 8062 8061 8271
f 8062 8271 8278
f 8278 8271 8268
f 8271 8061 8058
f 8272 8059 8063
f 8274 8272 8063
f 8274 8063 8279
f 8279 8063 8064
f 8279 8064 8280
f 8064 8065 8280
f 8281 8065 8067
f 8281 8282 8065
f 8282 8280 8065
f 8282 8281 8283
f 8286 8284 8285
f 8285 8287 8288
f 8284 8287 8285
f 8288 8275 8277
f 8288 8287 8275
f 8287 8289 8275
f 8070 8069 8278
f 8070 8278 8289
f 8289 8278 8275
f 8278 8069 8062
f 8281 8067 8071
f 8283 8281 8071
f 8283 8071 8290
f 8290 8071 8072
f 8290 8072 8291
f 8072 8073 8291
f 8291 8073 8292
f 8073 8074 8292
f 8292 8074 8293
f 8074 8076 8293
f 8293 8076 8294
f 8076 8078 8294
f 8295 8078 8079
f 8295 8296 8078
f 8296 8294 8078
f 8296 8297 8298
f 8295 8297 8296
f 8298 8299 8300
f 8297 8299 8298
f 8300 8299 8301
f 8304 8302 8303
f 8303 8305 8306
f 8302 8305 8303
f 8306 8307 8308
f 8305 8307 8306
f 8308 8284 8286
f 8308 8307 8284
f 8307 8309 8284
f 8082 8081 8287
f 8082 8287 8309
f 8309 8287 8284
f 8289 8287 8081
f 8083 8289 8081
f 8289 8083 8070
f 8295 8079 8084
f 8297 8295 8084
f 8085 8297 8084
f 8299 8297 8085
f 8087 8299 8085
f 8301 8299 8087
f 8301 8087 8310
f 8310 8087 8089
f 8310 8089 8311
f 8089 8091 8311
f 8312 8091 8092
f 8312 8313 8091
f 8313 8311 8091
f 8313 8314 8315
f 8312 8314 8313
f 8315 8316 8317
f 8314 8316 8315
f 8317 8316 8318
f 8321 8319 8320
f 8320 8319 8322
f 8325 8323 8324
f 8324 8326 8327
f 8323 8326 8324
f 8327 8328 8329
f 8326 8328 8327
f 8329 8330 8331
f 8328 8330 8329
f 8331 8332 8333
f 8330 8332 8331
f 8333 8334 8335
f 8332 8334 8333
f 8335 8302 8304
f 8335 8334 8302
f 8334 8336 8302
f 8095 8094 8305
f 8095 8305 8336
f 8336 8305 8302
f 8307 8305 8094
f 8097 8307 8094
f 8309 8307 8097
f 8099 8309 8097
f 8309 8099 8082
f 8312 8092 8100
f 8314 8312 8100
f 8101 8314 8100
f 8316 8314 8101
f 8102 8316 8101
f 8318 8316 8102
f 8318 8102 8337
f 8337 8102 8103
f 8337 8103 8338
f 8103 8104 8338
f 8338 8104 8339
f 8104 8106 8339
f 8319 8321 8339
f 8319 8339 8108
f 8108 8339 8106
f 8322 8319 8108
f 8322 8108 8340
f 8340 8108 8110
f 8340 8110 8341
f 8110 8112 8341
f 8342 8112 8113
f 8342 8343 8112
f 8343 8341 8112
f 8343 8344 8345
f 8342 8344 8343
f 8345 8346 8347
f 8344 8346 8345
f 8347 8348 8349
f 8346 8348 8347
f 8349 8350 8351
f 8348 8350 8349
f 8351 8352 8353
f 8350 8352 8351
f 8353 8354 8355
f 8352 8354 8353
f 8355 8356 8357
f 8354 8356 8355
f 8357 8358 8359
f 8356 8358 8357
f 8359 8360 8361
f 8358 8360 8359
f 8361 8362 8363
f 8360 8362 8361
f 8363 8364 8365
f 8362 8364 8363
f 8365 8366 8367
f 8364 8366 8365
f 8116 8367 8366
f 8116 8115 8367
f 8115 8368 8367
f 8323 8325 8368
f 8323 8368 8118
f 8118 8368 8115
f 8326 8323 8118
f 8120 8326 8118
f 8328 8326 8120
f 8122 8328 8120
f 8330 8328 8122
f 8124 8330 8122
f 8332 8330 8124
f 8126 8332 8124
f 8334 8332 8126
f 8128 8334 8126
f 8336 8334 8128
f 8129 8336 8128
f 8336 8129 8095
f 8342 8113 8130
f 8344 8342 8130
f 8131 8344 8130
f 8346 8344 8131
f 8132 8346 8131
f 8348 8346 8132
f 8133 8348 8132
f 8350 8348 8133
f 8134 8350 8133
f 8352 8350 8134
f 8135 8352 8134
f 8354 8352 8135
f 8136 8354 8135
f 8356 8354 8136
f 8137 8356 8136
f 8358 8356 8137
f 8138 8358 8137
f 8360 8358 8138
f 8139 8360 8138
f 8362 8360 8139
f 8140 8362 8139
f 8364 8362 8140
f 8141 8364 8140
f 8366 8364 8141
f 8142 8366 8141
f 8366 8142 8116
f 8147 8370 8369
f 8146 8147 8369
f 8372 8371 8148
f 8372 8148 8369
f 8369 8148 8146
f 8371 8374 8373
f 8371 8373 8148
f 8148 8373 8149
f 8373 8375 8149
f 8149 8375 8150
f 8375 8376 8150
f 8150 8376 8151
f 8376 8377 8151
f 8151 8377 8152
f 8377 8378 8152
f 8152 8378 8153
f 8378 8379 8153
f 8153 8379 8154
f 8379 8380 8154
f 8154 8380 8155
f 8380 8381 8155
f 8155 8381 8156
f 8381 8382 8156
f 8156 8382 8157
f 8382 8383 8157
f 8157 8383 8158
f 8383 8384 8158
f 8158 8384 8159
f 8384 8385 8159
f 8159 8385 8160
f 8385 8386 8160
f 8160 8386 8161
f 8386 8387 8161
f 8161 8387 8162
f 8387 8388 8162
f 8162 8388 8163
f 8390 8389 8164
f 8390 8164 8388
f 8388 8164 8163
f 8165 8164 8389
f 8391 8165 8389
f 8165 8391 8167
f 8172 8393 8392
f 8171 8172 8392
f 8392 8394 8171
f 8171 8394 8173
f 8394 8395 8173
f 8173 8395 8174
f 8395 8396 8174
f 8174 8396 8175
f 8396 8397 8175
f 8175 8397 8176
f 8397 8398 8176
f 8176 8398 8177
f 8398 8399 8177
f 8177 8399 8178
f 8399 8147 8178
f 8370 8147 8399
f 8372 8400 8371
f 8371 8400 8374
f 8390 8401 8389
f 8389 8402 8391
f 8401 8402 8389
f 8391 8179 8167
f 8391 8402 8179
f 8402 8403 8179
f 8403 8404 8179
f 8179 8404 8180
f 8404 8405 8180
f 8180 8405 8181
f 8407 8406 8182
f 8407 8182 8405
f 8405 8182 8181
f 8183 8182 8406
f 8408 8183 8406
f 8184 8183 8408
f 8409 8184 8408
f 8184 8409 8186
f 8189 8411 8410
f 8188 8189 8410
f 8410 8412 8188
f 8188 8412 8190
f 8412 8413 8190
f 8190 8413 8191
f 8413 8414 8191
f 8191 8414 8192
f 8414 8172 8192
f 8393 8172 8414
f 8407 8415 8406
f 8406 8416 8408
f 8415 8416 8406
f 8408 8417 8409
f 8416 8417 8408
f 8409 8193 8186
f 8409 8417 8193
f 8417 8418 8193
f 8418 8419 8193
f 8193 8419 8194
f 8421 8420 8195
f 8421 8195 8419
f 8419 8195 8194
f 8196 8195 8420
f 8422 8196 8420
f 8197 8196 8422
f 8423 8197 8422
f 8197 8423 8199
f 8411 8189 8424
f 8424 8189 8201
f 8421 8425 8420
f 8420 8426 8422
f 8425 8426 8420
f 8422 8427 8423
f 8426 8427 8422
f 8429 8428 8202
f 8427 8429 8202
f 8427 8202 8199
f 8427 8199 8423
f 8203 8202 8428
f 8430 8203 8428
f 8204 8203 8430
f 8431 8204 8430
f 8204 8431 8206
f 8424 8201 8432
f 8432 8201 8208
f 8429 8433 8428
f 8428 8434 8430
f 8433 8434 8428
f 8436 8430 8434
f 8436 8435 8430
f 8435 8431 8430
f 8209 8206 8431
f 8209 8431 8437
f 8437 8431 8435
f 8210 8209 8437
f 8438 8210 8437
f 8210 8438 8212
f 8432 8208 8439
f 8439 8208 8214
f 8436 8440 8435
f 8435 8441 8437
f 8440 8441 8435
f 8443 8437 8441
f 8443 8442 8437
f 8442 8438 8437
f 8215 8212 8438
f 8215 8438 8444
f 8444 8438 8442
f 8216 8215 8444
f 8445 8216 8444
f 8216 8445 8218
f 8439 8214 8446
f 8446 8214 8220
f 8443 8447 8442
f 8442 8448 8444
f 8447 8448 8442
f 8450 8444 8448
f 8450 8449 8444
f 8449 8445 8444
f 8221 8218 8445
f 8221 8445 8451
f 8451 8445 8449
f 8221 8451 8223
f 8446 8220 8452
f 8452 8220 8225
f 8450 8453 8449
f 8455 8449 8453
f 8455 8454 8449
f 8454 8451 8449
f 8226 8223 8451
f 8226 8451 8456
f 8456 8451 8454
f 8226 8456 8228
f 8452 8225 8457
f 8457 8225 8230
f 8455 8458 8454
f 8460 8454 8458
f 8460 8459 8454
f 8459 8456 8454
f 8231 8228 8456
f 8231 8456 8461
f 8461 8456 8459
f 8231 8461 8233
f 8457 8230 8462
f 8462 8230 8235
f 8464 8459 8460
f 8463 8459 8464
f 8459 8463 8461
f 8461 8463 8465
f 8461 8465 8237
f 8233 8461 8237
f 8462 8235 8466
f 8466 8235 8239
f 8464 8467 8463
f 8469 8463 8467
f 8469 8468 8463
f 8468 8465 8463
f 8240 8237 8465
f 8240 8465 8470
f 8470 8465 8468
f 8240 8470 8242
f 8466 8239 8471
f 8471 8239 8243
f 8473 8468 8469
f 8472 8468 8473
f 8468 8472 8470
f 8470 8472 8474
f 8470 8474 8245
f 8242 8470 8245
f 8471 8243 8475
f 8475 8243 8247
f 8477 8472 8473
f 8476 8472 8477
f 8472 8476 8474
f 8474 8476 8478
f 8474 8478 8249
f 8245 8474 8249
f 8475 8247 8479
f 8479 8247 8250
f 8481 8476 8477
f 8480 8476 8481
f 8253 8252 8478
f 8253 8478 8480
f 8480 8478 8476
f 8478 8252 8249
f 8479 8250 8482
f 8482 8250 8255
f 8485 8483 8484
f 8484 8480 8481
f 8484 8483 8480
f 8483 8486 8480
f 8480 8486 8257
f 8253 8480 8257
f 8482 8255 8487
f 8487 8255 8259
f 8489 8483 8485
f 8488 8483 8489
f 8483 8488 8486
f 8486 8488 8490
f 8486 8490 8261
f 8257 8486 8261
f 8487 8259 8491
f 8491 8259 8262
f 8494 8492 8493
f 8493 8488 8489
f 8493 8492 8488
f 8492 8495 8488
f 8265 8264 8490
f 8265 8490 8495
f 8495 8490 8488
f 8490 8264 8261
f 8491 8262 8496
f 8496 8262 8267
f 8499 8497 8498
f 8498 8492 8494
f 8498 8497 8492
f 8497 8500 8492
f 8270 8269 8495
f 8270 8495 8500
f 8500 8495 8492
f 8495 8269 8265
f 8496 8267 8273
f 8501 8496 8273
f 8273 8502 8501
f 8274 8502 8273
f 8505 8503 8504
f 8504 8506 8507
f 8503 8506 8504
f 8507 8497 8499
f 8507 8506 8497
f 8506 8508 8497
f 8277 8276 8500
f 8277 8500 8508
f 8508 8500 8497
f 8500 8276 8270
f 8502 8274 8279
f 8509 8502 8279
f 8509 8279 8510
f 8279 8280 8510
f 8510 8280 8511
f 8280 8282 8511
f 8512 8282 8283
f 8512 8513 8282
f 8513 8511 8282
f 8513 8514 8515
f 8512 8514 8513
f 8515 8516 8517
f 8514 8516 8515
f 8517 8516 8518
f 8521 8519 8520
f 8520 8522 8523
f 8519 8522 8520
f 8523 8524 8525
f 8522 8524 8523
f 8525 8503 8505
f 8525 8524 8503
f 8524 8526 8503
f 8286 8285 8506
f 8286 8506 8526
f 8526 8506 8503
f 8508 8506 8285
f 8288 8508 8285
f 8508 8288 8277
f 8512 8283 8290
f 8514 8512 8290
f 8291 8514 8290
f 8516 8514 8291
f 8292 8516 8291
f 8518 8516 8292
f 8518 8292 8527
f 8527 8292 8293
f 8527 8293 8528
f 8293 8294 8528
f 8528 8294 8529
f 8294 8296 8529
f 8529 8296 8530
f 8296 8298 8530
f 8530 8298 8531
f 8298 8300 8531
f 8532 8300 8301
f 8532 8533 8300
f 8533 8531 8300
f 8533 8534 8535
f 8532 8534 8533
f 8535 8534 8536
f 8539 8537 8538
f 8538 8540 8541
f 8537 8540 8538
f 8541 8542 8543
f 8540 8542 8541
f 8543 8544 8545
f 8542 8544 8543
f 8545 8546 8547
f 8544 8546 8545
f 8547 8519 8521
f 8547 8546 8519
f 8546 8548 8519
f 8304 8303 8522
f 8304 8522 8548
f 8548 8522 8519
f 8524 8522 8303
f 8306 8524 8303
f 8526 8524 8306
f 8308 8526 8306
f 8526 8308 8286
f 8532 8301 8310
f 8534 8532 8310
f 8311 8534 8310
f 8536 8534 8311
f 8536 8311 8549
f 8549 8311 8313
f 8549 8313 8550
f 8313 8315 8550
f 8550 8315 8551
f 8315 8317 8551
f 8552 8317 8318
f 8552 8553 8317
f 8553 8551 8317
f 8553 8554 8555
f 8552 8554 8553
f 8555 8556 8557
f 8554 8556 8555
f 8321 8557 8556
f 8321 8320 8557
f 8320 8558 8557
f 8559 8320 8322
f 8559 8560 8320
f 8560 8558 8320
f 8560 8561 8562
f 8559 8561 8560
f 8562 8563 8564
f 8561 8563 8562
f 8564 8565 8566
f 8563 8565 8564
f 8566 8567 8568
f 8565 8567 8566
f 8568 8569 8570
f 8567 8569 8568
f 8570 8571 8572
f 8569 8571 8570
f 8572 8573 8574
f 8571 8573 8572
f 8574 8575 8576
f 8573 8575 8574
f 8576 8577 8578
f 8575 8577 8576
f 8578 8579 8580
f 8577 8579 8578
f 8580 8581 8582
f 8579 8581 8580
f 8582 8583 8584
f 8581 8583 8582
f 8584 8585 8586
f 8583 8585 8584
f 8586 8587 8588
f 8585 8587 8586
f 8588 8589 8590
f 8587 8589 8588
f 8537 8325 8324
f 8539 8325 8537
f 8539 8589 8325
f 8539 8590 8589
f 8540 8537 8324
f 8327 8540 8324
f 8542 8540 8327
f 8329 8542 8327
f 8544 8542 8329
f 8331 8544 8329
f 8546 8544 8331
f 8333 8546 8331
f 8548 8546 8333
f 8335 8548 8333
f 8548 8335 8304
f 8552 8318 8337
f 8554 8552 8337
f 8338 8554 8337
f 8556 8554 8338
f 8339 8556 8338
f 8556 8339 8321
f 8559 8322 8340
f 8561 8559 8340
f 8341 8561 8340
f 8563 8561 8341
f 8343 8563 8341
f 8565 8563 8343
f 8345 8565 8343
f 8567 8565 8345
f 8347 8567 8345
f 8569 8567 8347
f 8349 8569 8347
f 8571 8569 8349
f 8351 8571 8349
f 8573 8571 8351
f 8353 8573 8351
f 8575 8573 8353
f 8355 8575 8353
f 8577 8575 8355
f 8357 8577 8355
f 8579 8577 8357
f 8359 8579 8357
f 8581 8579 8359
f 8361 8581 8359
f 8583 8581 8361
f 8363 8583 8361
f 8585 8583 8363
f 8365 8585 8363
f 8587 8585 8365
f 8367 8587 8365
f 8589 8587 8367
f 8368 8589 8367
f 8589 8368 8325
f 8369 8370 8591
f 8369 8591 8372
f 8373 8374 8592
f 8375 8373 8592
f 8593 8375 8592
f 8593 8595 8594
f 8593 8594 8375
f 8375 8594 8376
f 8594 8596 8376
f 8376 8596 8377
f 8596 8597 8377
f 8377 8597 8378
f 8597 8598 8378
f 8378 8598 8379
f 8598 8599 8379
f 8379 8599 8380
f 8599 8600 8380
f 8380 8600 8381
f 8600 8601 8381
f 8381 8601 8382
f 8601 8602 8382
f 8382 8602 8383
f 8602 8603 8383
f 8383 8603 8384
f 8603 8604 8384
f 8384 8604 8385
f 8606 8605 8386
f 8606 8386 8604
f 8604 8386 8385
f 8387 8386 8605
f 8607 8387 8605
f 8388 8387 8607
f 8608 8388 8607
f 8388 8608 8390
f 8611 8610 8609
f 8393 8609 8610
f 8393 8610 8392
f 8392 8610 8612
f 8612 8613 8392
f 8392 8613 8394
f 8613 8614 8394
f 8394 8614 8395
f 8614 8615 8395
f 8395 8615 8396
f 8615 8616 8396
f 8396 8616 8397
f 8616 8617 8397
f 8397 8617 8398
f 8617 8618 8398
f 8398 8618 8399
f 8370 8619 8591
f 8370 8399 8619
f 8399 8618 8619
f 8591 8400 8372
f 8591 8619 8400
f 8619 8620 8400
f 8374 8621 8592
f 8374 8400 8621
f 8400 8620 8621
f 8592 8622 8593
f 8621 8622 8592
f 8593 8622 8595
f 8606 8623 8605
f 8605 8624 8607
f 8623 8624 8605
f 8607 8625 8608
f 8624 8625 8607
f 8608 8401 8390
f 8608 8625 8401
f 8625 8626 8401
f 8626 8627 8401
f 8401 8627 8402
f 8627 8628 8402
f 8402 8628 8403
f 8630 8629 8404
f 8630 8404 8628
f 8628 8404 8403
f 8405 8404 8629
f 8631 8405 8629
f 8405 8631 8407
f 8411 8633 8632
f 8410 8411 8632
f 8632 8634 8410
f 8410 8634 8412
f 8634 8635 8412
f 8412 8635 8413
f 8609 8635 8611
f 8609 8414 8635
f 8414 8413 8635
f 8609 8393 8414
f 8630 8636 8629
f 8629 8637 8631
f 8636 8637 8629
f 8631 8415 8407
f 8631 8637 8415
f 8637 8638 8415
f 8638 8639 8415
f 8415 8639 8416
f 8639 8640 8416
f 8416 8640 8417
f 8642 8641 8418
f 8642 8418 8640
f 8640 8418 8417
f 8419 8418 8641
f 8643 8419 8641
f 8419 8643 8421
f 8633 8411 8644
f 8644 8411 8424
f 8642 8645 8641
f 8641 8646 8643
f 8645 8646 8641
f 8648 8647 8425
f 8646 8648 8425
f 8646 8425 8421
f 8646 8421 8643
f 8426 8425 8647
f 8649 8426 8647
f 8427 8426 8649
f 8650 8427 8649
f 8427 8650 8429
f 8644 8424 8651
f 8651 8424 8432
f 8648 8652 8647
f 8647 8653 8649
f 8652 8653 8647
f 8649 8654 8650
f 8653 8654 8649
f 8656 8655 8433
f 8654 8656 8433
f 8654 8433 8429
f 8654 8429 8650
f 8434 8433 8655
f 8657 8434 8655
f 8434 8657 8436
f 8651 8432 8658
f 8658 8432 8439
f 8656 8659 8655
f 8655 8660 8657
f 8659 8660 8655
f 8662 8661 8440
f 8660 8662 8440
f 8660 8440 8436
f 8660 8436 8657
f 8441 8440 8661
f 8663 8441 8661
f 8441 8663 8443
f 8658 8439 8664
f 8664 8439 8446
f 8662 8665 8661
f 8667 8661 8665
f 8667 8666 8661
f 8666 8663 8661
f 8447 8443 8663
f 8447 8663 8668
f 8668 8663 8666
f 8448 8447 8668
f 8669 8448 8668
f 8448 8669 8450
f 8664 8446 8670
f 8670 8446 8452
f 8667 8671 8666
f 8673 8666 8671
f 8673 8672 8666
f 8672 8668 8666
f 8668 8672 8669
f 8669 8672 8674
f 8453 8450 8669
f 8453 8669 8675
f 8675 8669 8674
f 8453 8675 8455
f 8670 8452 8676
f 8676 8452 8457
f 8673 8677 8672
f 8679 8672 8677
f 8679 8678 8672
f 8678 8674 8672
f 8674 8678 8675
f 8675 8678 8680
f 8458 8455 8675
f 8458 8675 8681
f 8681 8675 8680
f 8458 8681 8460
f 8676 8457 8682
f 8682 8457 8462
f 8679 8683 8678
f 8685 8678 8683
f 8685 8684 8678
f 8684 8680 8678
f 8680 8684 8681
f 8681 8684 8686
f 8681 8686 8464
f 8460 8681 8464
f 8682 8462 8687
f 8687 8462 8466
f 8685 8688 8684
f 8690 8684 8688
f 8690 8689 8684
f 8689 8686 8684
f 8467 8464 8686
f 8467 8686 8691
f 8691 8686 8689
f 8467 8691 8469
f 8687 8466 8692
f 8692 8466 8471
f 8694 8689 8690
f 8693 8689 8694
f 8689 8693 8691
f 8691 8693 8695
f 8691 8695 8473
f 8469 8691 8473
f 8692 8471 8696
f 8696 8471 8475
f 8699 8697 8698
f 8698 8693 8694
f 8698 8697 8693
f 8697 8700 8693
f 8693 8700 8695
f 8695 8700 8701
f 8695 8701 8477
f 8473 8695 8477
f 8696 8475 8702
f 8702 8475 8479
f 8704 8697 8699
f 8703 8697 8704
f 8697 8703 8700
f 8700 8703 8705
f 8700 8705 8701
f 8701 8705 8706
f 8701 8706 8481
f 8477 8701 8481
f 8702 8479 8707
f 8707 8479 8482
f 8710 8708 8709
f 8709 8703 8704
f 8709 8708 8703
f 8708 8711 8703
f 8703 8711 8705
f 8705 8711 8712
f 8485 8484 8706
f 8485 8706 8712
f 8712 8706 8705
f 8706 8484 8481
f 8707 8482 8713
f 8713 8482 8487
f 8715 8708 8710
f 8714 8708 8715
f 8708 8714 8711
f 8711 8714 8716
f 8711 8716 8712
f 8712 8716 8717
f 8712 8717 8489
f 8485 8712 8489
f 8713 8487 8718
f 8718 8487 8491
f 8721 8719 8720
f 8720 8714 8715
f 8720 8719 8714
f 8719 8722 8714
f 8714 8722 8716
f 8716 8722 8723
f 8494 8493 8717
f 8494 8717 8723
f 8723 8717 8716
f 8717 8493 8489
f 8718 8491 8724
f 8724 8491 8496
f 8727 8725 8726
f 8726 8728 8729
f 8725 8728 8726
f 8729 8719 8721
f 8729 8728 8719
f 8728 8730 8719
f 8719 8730 8722
f 8722 8730 8731
f 8499 8498 8723
f 8499 8723 8731
f 8731 8723 8722
f 8723 8498 8494
f 8724 8496 8501
f 8732 8724 8501
f 8733 8501 8502
f 8733 8734 8501
f 8734 8732 8501
f 8734 8733 8735
f 8738 8736 8737
f 8737 8736 8739
f 8742 8740 8741
f 8741 8743 8744
f 8740 8743 8741
f 8744 8725 8727
f 8744 8743 8725
f 8743 8745 8725
f 8725 8745 8728
f 8728 8745 8746
f 8505 8504 8730
f 8505 8730 8746
f 8746 8730 8728
f 8731 8730 8504
f 8507 8731 8504
f 8731 8507 8499
f 8733 8502 8509
f 8735 8733 8509
f 8735 8509 8747
f 8747 8509 8510
f 8736 8738 8747
f 8736 8747 8511
f 8511 8747 8510
f 8739 8736 8511
f 8739 8511 8748
f 8748 8511 8513
f 8748 8513 8749
f 8513 8515 8749
f 8749 8515 8750
f 8515 8517 8750
f 8751 8517 8518
f 8751 8752 8517
f 8752 8750 8517
f 8752 8753 8754
f 8751 8753 8752
f 8754 8755 8756
f 8753 8755 8754
f 8756 8755 8757
f 8760 8758 8759
f 8759 8761 8762
f 8758 8761 8759
f 8762 8763 8764
f 8761 8763 8762
f 8764 8765 8766
f 8763 8765 8764
f 8766 8767 8768
f 8765 8767 8766
f 8768 8740 8742
f 8768 8767 8740
f 8767 8769 8740
f 8521 8520 8743
f 8521 8743 8769
f 8769 8743 8740
f 8745 8743 8520
f 8523 8745 8520
f 8746 8745 8523
f 8525 8746 8523
f 8746 8525 8505
f 8751 8518 8527
f 8753 8751 8527
f 8528 8753 8527
f 8755 8753 8528
f 8529 8755 8528
f 8757 8755 8529
f 8757 8529 8770
f 8770 8529 8530
f 8770 8530 8771
f 8530 8531 8771
f 8771 8531 8772
f 8531 8533 8772
f 8772 8533 8773
f 8533 8535 8773
f 8774 8535 8536
f 8774 8775 8535
f 8775 8773 8535
f 8775 8776 8777
f 8774 8776 8775
f 8777 8778 8779
f 8776 8778 8777
f 8779 8780 8781
f 8778 8780 8779
f 8781 8782 8783
f 8780 8782 8781
f 8783 8784 8785
f 8782 8784 8783
f 8785 8786 8787
f 8784 8786 8785
f 8787 8788 8789
f 8786 8788 8787
f 8789 8788 8790
f 8793 8791 8792
f 8792 8794 8795
f 8791 8794 8792
f 8795 8796 8797
f 8794 8796 8795
f 8797 8798 8799
f 8796 8798 8797
f 8799 8800 8801
f 8798 8800 8799
f 8801 8802 8803
f 8800 8802 8801
f 8803 8804 8805
f 8802 8804 8803
f 8805 8806 8807
f 8804 8806 8805
f 8807 8808 8809
f 8806 8808 8807
f 8809 8810 8811
f 8808 8810 8809
f 8811 8812 8813
f 8810 8812 8811
f 8813 8814 8815
f 8812 8814 8813
f 8815 8816 8817
f 8814 8816 8815
f 8817 8758 8760
f 8817 8816 8758
f 8816 8818 8758
f 8539 8538 8761
f 8539 8761 8818
f 8818 8761 8758
f 8763 8761 8538
f 8541 8763 8538
f 8765 8763 8541
f 8543 8765 8541
f 8767 8765 8543
f 8545 8767 8543
f 8769 8767 8545
f 8547 8769 8545
f 8769 8547 8521
f 8774 8536 8549
f 8776 8774 8549
f 8550 8776 8549
f 8778 8776 8550
f 8551 8778 8550
f 8780 8778 8551
f 8553 8780 8551
f 8782 8780 8553
f 8555 8782 8553
f 8784 8782 8555
f 8557 8784 8555
f 8786 8784 8557
f 8558 8786 8557
f 8788 8786 8558
f 8560 8788 8558
f 8790 8788 8560
f 8790 8560 8819
f 8819 8560 8562
f 8791 8793 8819
f 8791 8819 8564
f 8564 8819 8562
f 8794 8791 8564
f 8566 8794 8564
f 8796 8794 8566
f 8568 8796 8566
f 8798 8796 8568
f 8570 8798 8568
f 8800 8798 8570
f 8572 8800 8570
f 8802 8800 8572
f 8574 8802 8572
f 8804 8802 8574
f 8576 8804 8574
f 8806 8804 8576
f 8578 8806 8576
f 8808 8806 8578
f 8580 8808 8578
f 8810 8808 8580
f 8582 8810 8580
f 8812 8810 8582
f 8584 8812 8582
f 8814 8812 8584
f 8586 8814 8584
f 8816 8814 8586
f 8588 8816 8586
f 8818 8816 8588
f 8590 8818 8588
f 8818 8590 8539
f 8595 8821 8820
f 8594 8595 8820
f 8820 8822 8594
f 8594 8822 8596
f 8822 8823 8596
f 8596 8823 8597
f 8823 8824 8597
f 8597 8824 8598
f 8824 8825 8598
f 8598 8825 8599
f 8825 8826 8599
f 8599 8826 8600
f 8828 8827 8601
f 8828 8601 8826
f 8826 8601 8600
f 8827 8830 8829
f 8827 8829 8601
f 8601 8829 8602
f 8832 8831 8603
f 8832 8603 8829
f 8829 8603 8602
f 8604 8603 8831
f 8833 8604 8831
f 8604 8833 8606
f 8610 8611 8834
f 8834 8836 8835
f 8834 8835 8610
f 8610 8835 8612
f 8835 8837 8612
f 8612 8837 8613
f 8837 8838 8613
f 8613 8838 8614
f 8838 8839 8614
f 8614 8839 8615
f 8839 8840 8615
f 8615 8840 8616
f 8840 8841 8616
f 8616 8841 8617
f 8841 8842 8617
f 8617 8842 8618
f 8842 8843 8618
f 8618 8843 8619
f 8843 8844 8619
f 8619 8844 8620
f 8844 8845 8620
f 8620 8845 8621
f 8845 8846 8621
f 8621 8846 8622
f 8846 8595 8622
f 8821 8595 8846
f 8828 8847 8827
f 8827 8847 8830
f 8832 8848 8831
f 8831 8849 8833
f 8848 8849 8831
f 8833 8623 8606
f 8833 8849 8623
f 8849 8850 8623
f 8850 8851 8623
f 8623 8851 8624
f 8851 8852 8624
f 8624 8852 8625
f 8852 8853 8625
f 8625 8853 8626
f 8855 8854 8627
f 8855 8627 8853
f 8853 8627 8626
f 8628 8627 8854
f 8856 8628 8854
f 8628 8856 8630
f 8633 8858 8857
f 8632 8633 8857
f 8857 8859 8632
f 8632 8859 8634
f 8859 8860 8634
f 8634 8860 8635
f 8611 8861 8834
f 8611 8635 8861
f 8635 8860 8861
f 8834 8861 8836
f 8855 8862 8854
f 8854 8863 8856
f 8862 8863 8854
f 8856 8636 8630
f 8856 8863 8636
f 8863 8864 8636
f 8864 8865 8636
f 8636 8865 8637
f 8867 8866 8638
f 8867 8638 8865
f 8865 8638 8637
f 8639 8638 8866
f 8868 8639 8866
f 8640 8639 8868
f 8869 8640 8868
f 8640 8869 8642
f 8858 8633 8870
f 8870 8633 8644
f 8867 8871 8866
f 8866 8872 8868
f 8871 8872 8866
f 8874 8868 8872
f 8874 8873 8868
f 8873 8869 8868
f 8645 8642 8869
f 8645 8869 8875
f 8875 8869 8873
f 8646 8645 8875
f 8876 8646 8875
f 8646 8876 8648
f 8870 8644 8877
f 8877 8644 8651
f 8874 8878 8873
f 8873 8879 8875
f 8878 8879 8873
f 8875 8880 8876
f 8879 8880 8875
f 8882 8881 8652
f 8880 8882 8652
f 8880 8652 8648
f 8880 8648 8876
f 8653 8652 8881
f 8883 8653 8881
f 8654 8653 8883
f 8884 8654 8883
f 8654 8884 8656
f 8877 8651 8885
f 8885 8651 8658
f 8882 8886 8881
f 8888 8881 8886
f 8888 8887 8881
f 8887 8883 8881
f 8883 8887 8884
f 8884 8887 8889
f 8659 8656 8884
f 8659 8884 8890
f 8890 8884 8889
f 8660 8659 8890
f 8891 8660 8890
f 8660 8891 8662
f 8885 8658 8892
f 8892 8658 8664
f 8888 8893 8887
f 8887 8894 8889
f 8893 8894 8887
f 8896 8889 8894
f 8896 8895 8889
f 8895 8890 8889
f 8890 8895 8891
f 8891 8895 8897
f 8665 8662 8891
f 8665 8891 8898
f 8898 8891 8897
f 8665 8898 8667
f 8892 8664 8899
f 8899 8664 8670
f 8896 8900 8895
f 8902 8895 8900
f 8902 8901 8895
f 8901 8897 8895
f 8897 8901 8898
f 8898 8901 8903
f 8671 8667 8898
f 8671 8898 8904
f 8904 8898 8903
f 8671 8904 8673
f 8899 8670 8905
f 8905 8670 8676
f 8902 8906 8901
f 8901 8907 8903
f 8906 8907 8901
f 8909 8903 8907
f 8909 8908 8903
f 8908 8904 8903
f 8677 8673 8904
f 8677 8904 8910
f 8910 8904 8908
f 8677 8910 8679
f 8905 8676 8911
f 8911 8676 8682
f 8913 8908 8909
f 8912 8908 8913
f 8908 8912 8910
f 8910 8912 8914
f 8683 8679 8910
f 8683 8910 8915
f 8915 8910 8914
f 8683 8915 8685
f 8911 8682 8916
f 8916 8682 8687
f 8913 8917 8912
f 8919 8912 8917
f 8919 8918 8912
f 8918 8914 8912
f 8914 8918 8915
f 8915 8918 8920
f 8688 8685 8915
f 8688 8915 8921
f 8921 8915 8920
f 8688 8921 8690
f 8916 8687 8922
f 8922 8687 8692
f 8924 8918 8919
f 8923 8918 8924
f 8918 8923 8920
f 8920 8923 8925
f 8920 8925 8921
f 8921 8925 8926
f 8921 8926 8694
f 8690 8921 8694
f 8922 8692 8927
f 8927 8692 8696
f 8930 8928 8929
f 8929 8923 8924
f 8929 8928 8923
f 8928 8931 8923
f 8923 8931 8925
f 8925 8931 8932
f 8699 8698 8926
f 8699 8926 8932
f 8932 8926 8925
f 8926 8698 8694
f 8927 8696 8933
f 8933 8696 8702
f 8936 8934 8935
f 8935 8928 8930
f 8935 8934 8928
f 8934 8937 8928
f 8928 8937 8931
f 8931 8937 8938
f 8931 8938 8932
f 8932 8938 8939
f 8932 8939 8704
f 8699 8932 8704
f 8933 8702 8940
f 8940 8702 8707
f 8942 8934 8936
f 8941 8934 8942
f 8934 8941 8937
f 8937 8941 8943
f 8937 8943 8938
f 8938 8943 8944
f 8710 8709 8939
f 8710 8939 8944
f 8944 8939 8938
f 8939 8709 8704
f 8940 8707 8945
f 8945 8707 8713
f 8948 8946 8947
f 8947 8941 8942
f 8947 8946 8941
f 8946 8949 8941
f 8941 8949 8943
f 8943 8949 8950
f 8943 8950 8944
f 8944 8950 8951
f 8944 8951 8715
f 8710 8944 8715
f 8945 8713 8952
f 8952 8713 8718
f 8955 8953 8954
f 8954 8946 8948
f 8954 8953 8946
f 8953 8956 8946
f 8946 8956 8949
f 8949 8956 8957
f 8949 8957 8950
f 8950 8957 8958
f 8721 8720 8951
f 8721 8951 8958
f 8958 8951 8950
f 8951 8720 8715
f 8952 8718 8959
f 8959 8718 8724
f 8962 8960 8961
f 8961 8963 8964
f 8960 8963 8961
f 8964 8965 8966
f 8963 8965 8964
f 8966 8953 8955
f 8966 8965 8953
f 8965 8967 8953
f 8953 8967 8956
f 8956 8967 8968
f 8727 8726 8957
f 8727 8957 8968
f 8968 8957 8956
f 8958 8957 8726
f 8729 8958 8726
f 8958 8729 8721
f 8959 8724 8732
f 8969 8959 8732
f 8969 8732 8970
f 8732 8734 8970
f 8971 8734 8735
f 8971 8972 8734
f 8972 8970 8734
f 8738 8972 8971
f 8738 8737 8972
f 8737 8973 8972
f 8974 8737 8739
f 8974 8975 8737
f 8975 8973 8737
f 8975 8974 8976
f 8979 8977 8978
f 8978 8980 8981
f 8977 8980 8978
f 8981 8982 8983
f 8980 8982 8981
f 8983 8960 8962
f 8983 8982 8960
f 8982 8984 8960
f 8960 8984 8963
f 8963 8984 8985
f 8963 8985 8965
f 8965 8985 8986
f 8742 8741 8967
f 8742 8967 8986
f 8986 8967 8965
f 8968 8967 8741
f 8744 8968 8741
f 8968 8744 8727
f 8971 8735 8747
f 8971 8747 8738
f 8974 8739 8748
f 8976 8974 8748
f 8976 8748 8987
f 8987 8748 8749
f 8987 8749 8988
f 8749 8750 8988
f 8988 8750 8989
f 8750 8752 8989
f 8989 8752 8990
f 8752 8754 8990
f 8990 8754 8991
f 8754 8756 8991
f 8992 8756 8757
f 8992 8993 8756
f 8993 8991 8756
f 8993 8994 8995
f 8992 8994 8993
f 8995 8996 8997
f 8994 8996 8995
f 8997 8998 8999
f 8996 8998 8997
f 8999 9000 9001
f 8998 9000 8999
f 9001 9000 9002
f 9005 9003 9004
f 9004 9006 9007
f 9003 9006 9004
f 9007 9006 9008
f 9011 9009 9010
f 9010 9009 9012
f 9015 9013 9014
f 9014 9016 9017
f 9013 9016 9014
f 9017 9018 9019
f 9016 9018 9017
f 9019 9020 9021
f 9018 9020 9019
f 9021 9022 9023
f 9020 9022 9021
f 9023 9024 9025
f 9022 9024 9023
f 9025 8977 8979
f 9025 9024 8977
f 9024 9026 8977
f 8760 8759 8980
f 8760 8980 9026
f 9026 8980 8977
f 8982 8980 8759
f 8762 8982 8759
f 8984 8982 8762
f 8764 8984 8762
f 8985 8984 8764
f 8766 8985 8764
f 8986 8985 8766
f 8768 8986 8766
f 8986 8768 8742
f 8992 8757 8770
f 8994 8992 8770
f 8771 8994 8770
f 8996 8994 8771
f 8772 8996 8771
f 8998 8996 8772
f 8773 8998 8772
f 9000 8998 8773
f 8775 9000 8773
f 9002 9000 8775
f 9002 8775 9027
f 9027 8775 8777
f 9027 8777 9028
f 8777 8779 9028
f 9003 9005 9028
f 9003 9028 8781
f 8781 9028 8779
f 9006 9003 8781
f 8783 9006 8781
f 9008 9006 8783
f 9008 8783 9029
f 9029 8783 8785
f 9029 8785 9030
f 8785 8787 9030
f 9030 8787 9031
f 8787 8789 9031
f 9032 8789 8790
f 9032 9033 8789
f 9033 9031 8789
f 8793 9033 9032
f 8793 8792 9033
f 8792 9034 9033
f 9034 8792 9035
f 8792 8795 9035
f 9009 9011 9035
f 9009 9035 8797
f 8797 9035 8795
f 9012 9009 8797
f 9012 8797 9036
f 9036 8797 8799
f 9036 8799 9037
f 8799 8801 9037
f 9037 8801 9038
f 8801 8803 9038
f 9013 9015 9038
f 9013 9038 8805
f 8805 9038 8803
f 9016 9013 8805
f 8807 9016 8805
f 9018 9016 8807
f 8809 9018 8807
f 9020 9018 8809
f 8811 9020 8809
f 9022 9020 8811
f 8813 9022 8811
f 9024 9022 8813
f 8815 9024 8813
f 9026 9024 8815
f 8817 9026 8815
f 9026 8817 8760
f 9032 8790 8819
f 9032 8819 8793
f 8820 8821 9039
f 9039 9041 9040
f 9039 9040 8820
f 8820 9040 8822
f 9040 9042 8822
f 8822 9042 8823
f 9042 9043 8823
f 8823 9043 8824
f 9045 9044 8825
f 9045 8825 9043
f 9043 8825 8824
f 9044 9047 9046
f 9044 9046 8825
f 8825 9046 8826
f 8826 9046 9048
f 8828 8826 9048
f 8829 8830 9049
f 8829 9049 8832
f 8836 9051 9050
f 8835 8836 9050
f 9050 9052 8835
f 8835 9052 8837
f 9052 9053 8837
f 8837 9053 8838
f 9053 9054 8838
f 8838 9054 8839
f 9054 9055 8839
f 8839 9055 8840
f 9055 9056 8840
f 8840 9056 8841
f 9056 9057 8841
f 8841 9057 8842
f 9057 9058 8842
f 8842 9058 8843
f 9058 9059 8843
f 8843 9059 8844
f 9059 9060 8844
f 8844 9060 8845
f 9060 9061 8845
f 8845 9061 8846
f 8821 9062 9039
f 8821 8846 9062
f 8846 9061 9062
f 9039 9062 9041
f 9045 9063 9044
f 9044 9063 9047
f 9048 8847 8828
f 9064 8847 9048
f 8830 9065 9049
f 8830 8847 9065
f 8847 9064 9065
f 9049 8848 8832
f 9049 9065 8848
f 9065 9066 8848
f 9066 9067 8848
f 8848 9067 8849
f 9067 9068 8849
f 8849 9068 8850
f 9070 9069 8851
f 9070 8851 9068
f 9068 8851 8850
f 8852 8851 9069
f 9071 8852 9069
f 8853 8852 9071
f 9072 8853 9071
f 8853 9072 8855
f 8858 9074 9073
f 8857 8858 9073
f 9073 9075 8857
f 8857 9075 8859
f 9075 9076 8859
f 8859 9076 8860
f 9076 9077 8860
f 8860 9077 8861
f 9077 8836 8861
f 9051 8836 9077
f 9070 9078 9069
f 9069 9079 9071
f 9078 9079 9069
f 9071 9080 9072
f 9079 9080 9071
f 9072 8862 8855
f 9072 9080 8862
f 9080 9081 8862
f 9081 9082 8862
f 8862 9082 8863
f 9084 9083 8864
f 9084 8864 9082
f 9082 8864 8863
f 8865 8864 9083
f 9085 8865 9083
f 8865 9085 8867
f 9074 8858 9086
f 9086 8858 8870
f 9084 9087 9083
f 9083 9088 9085
f 9087 9088 9083
f 9090 9089 8871
f 9088 9090 8871
f 9088 8871 8867
f 9088 8867 9085
f 8872 8871 9089
f 9091 8872 9089
f 8872 9091 8874
f 9086 8870 9092
f 9092 8870 8877
f 9090 9093 9089
f 9089 9094 9091
f 9093 9094 9089
f 9096 9095 8878
f 9094 9096 8878
f 9094 8878 8874
f 9094 8874 9091
f 8879 8878 9095
f 9097 8879 9095
f 8880 8879 9097
f 9098 8880 9097
f 8880 9098 8882
f 9092 8877 9099
f 9099 8877 8885
f 9096 9100 9095
f 9095 9101 9097
f 9100 9101 9095
f 9103 9097 9101
f 9103 9102 9097
f 9102 9098 9097
f 8886 8882 9098
f 8886 9098 9104
f 9104 9098 9102
f 8886 9104 8888
f 9099 8885 9105
f 9105 8885 8892
f 9103 9106 9102
f 9108 9102 9106
f 9108 9107 9102
f 9107 9104 9102
f 8893 8888 9104
f 8893 9104 9109
f 9109 9104 9107
f 8894 8893 9109
f 9110 8894 9109
f 8894 9110 8896
f 9105 8892 9111
f 9111 8892 8899
f 9108 9112 9107
f 9114 9107 9112
f 9114 9113 9107
f 9113 9109 9107
f 9109 9113 9110
f 9110 9113 9115
f 8900 8896 9110
f 8900 9110 9116
f 9116 9110 9115
f 8900 9116 8902
f 9111 8899 9117
f 9117 8899 8905
f 9114 9118 9113
f 9113 9119 9115
f 9118 9119 9113
f 9121 9115 9119
f 9121 9120 9115
f 9120 9116 9115
f 8906 8902 9116
f 8906 9116 9122
f 9122 9116 9120
f 8907 8906 9122
f 9123 8907 9122
f 8907 9123 8909
f 9117 8905 9124
f 9124 8905 8911
f 9126 9120 9121
f 9125 9120 9126
f 9120 9125 9122
f 9122 9125 9127
f 9122 9127 9123
f 9123 9127 9128
f 9123 9128 8913
f 8909 9123 8913
f 9124 8911 9129
f 9129 8911 8916
f 9131 9125 9126
f 9130 9125 9131
f 9125 9130 9127
f 9127 9130 9132
f 9127 9132 9128
f 9128 9132 9133
f 8917 8913 9128
f 8917 9128 9134
f 9134 9128 9133
f 8917 9134 8919
f 9129 8916 9135
f 9135 8916 8922
f 9131 9136 9130
f 9138 9130 9136
f 9138 9137 9130
f 9137 9132 9130
f 9132 9137 9133
f 9133 9137 9139
f 9133 9139 9134
f 9134 9139 9140
f 9134 9140 8924
f 8919 9134 8924
f 9135 8922 9141
f 9141 8922 8927
f 9144 9142 9143
f 9143 9137 9138
f 9143 9142 9137
f 9142 9145 9137
f 9137 9145 9139
f 9139 9145 9146
f 8930 8929 9140
f 8930 9140 9146
f 9146 9140 9139
f 9140 8929 8924
f 9141 8927 9147
f 9147 8927 8933
f 9150 9148 9149
f 9149 9142 9144
f 9149 9148 9142
f 9148 9151 9142
f 9142 9151 9145
f 9145 9151 9152
f 8936 8935 9146
f 8936 9146 9152
f 9152 9146 9145
f 9146 8935 8930
f 9147 8933 9153
f 9153 8933 8940
f 9156 9154 9155
f 9155 9148 9150
f 9155 9154 9148
f 9154 9157 9148
f 9148 9157 9151
f 9151 9157 9158
f 9151 9158 9152
f 9152 9158 9159
f 9152 9159 8942
f 8936 9152 8942
f 9153 8940 9160
f 9160 8940 8945
f 9163 9161 9162
f 9162 9154 9156
f 9162 9161 9154
f 9161 9164 9154
f 9154 9164 9157
f 9157 9164 9165
f 9157 9165 9158
f 9158 9165 9166
f 8948 8947 9159
f 8948 9159 9166
f 9166 9159 9158
f 9159 8947 8942
f 9160 8945 9167
f 9167 8945 8952
f 9170 9168 9169
f 9169 9161 9163
f 9169 9168 9161
f 9168 9171 9161
f 9161 9171 9164
f 9164 9171 9172
f 9164 9172 9165
f 9165 9172 9173
f 8955 8954 9166
f 8955 9166 9173
f 9173 9166 9165
f 9166 8954 8948
f 9174 9175 9167
f 9174 9167 8959
f 8959 9167 8952
f 9175 9176 9177
f 9174 9176 9175
f 9177 9178 9179
f 9176 9178 9177
f 9179 9178 9180
f 9183 9181 9182
f 9182 9184 9185
f 9181 9184 9182
f 9185 9186 9187
f 9184 9186 9185
f 9187 9188 9189
f 9186 9188 9187
f 9189 9190 9191
f 9188 9190 9189
f 9191 9168 9170
f 9191 9190 9168
f 9190 9192 9168
f 8962 8961 9171
f 8962 9171 9192
f 9192 9171 9168
f 9172 9171 8961
f 8964 9172 8961
f 9173 9172 8964
f 8966 9173 8964
f 9173 8966 8955
f 9174 8959 8969
f 9176 9174 8969
f 8970 9176 8969
f 9178 9176 8970
f 8972 9178 8970
f 9180 9178 8972
f 9180 8972 9193
f 9193 8972 8973
f 9193 8973 9194
f 8973 8975 9194
f 9195 8975 8976
f 9195 9196 8975
f 9196 9194 8975
f 9196 9197 9198
f 9195 9197 9196
f 9198 9199 9200
f 9197 9199 9198
f 9200 9199 9201
f 9204 9202 9203
f 9203 9205 9206
f 9202 9205 9203
f 9206 9205 9207
f 9210 9208 9209
f 9209 9211 9212
f 9208 9211 9209
f 9212 9213 9214
f 9211 9213 9212
f 9214 9215 9216
f 9213 9215 9214
f 9216 9217 9218
f 9215 9217 9216
f 9218 9181 9183
f 9218 9217 9181
f 9217 9219 9181
f 9181 9219 9184
f 9184 9219 9220
f 9184 9220 9186
f 9186 9220 9221
f 8979 8978 9188
f 8979 9188 9221
f 9221 9188 9186
f 9190 9188 8978
f 8981 9190 8978
f 9192 9190 8981
f 8983 9192 8981
f 9192 8983 8962
f 9195 8976 8987
f 9197 9195 8987
f 8988 9197 8987
f 9199 9197 8988
f 8989 9199 8988
f 9201 9199 8989
f 9201 8989 9222
f 9222 8989 8990
f 9222 8990 9223
f 8990 8991 9223
f 9202 9204 9223
f 9202 9223 8993
f 8993 9223 8991
f 9205 9202 8993
f 8995 9205 8993
f 9207 9205 8995
f 9207 8995 9224
f 9224 8995 8997
f 9224 8997 9225
f 8997 8999 9225
f 9225 8999 9226
f 8999 9001 9226
f 9227 9001 9002
f 9227 9228 9001
f 9228 9226 9001
f 9228 9229 9230
f 9227 9229 9228
f 9005 9230 9229
f 9005 9004 9230
f 9004 9231 9230
f 9231 9004 9232
f 9004 9007 9232
f 9233 9007 9008
f 9233 9234 9007
f 9234 9232 9007
f 9234 9235 9236
f 9233 9235 9234
f 9236 9237 9238
f 9235 9237 9236
f 9238 9239 9240
f 9237 9239 9238
f 9240 9241 9242
f 9239 9241 9240
f 9242 9243 9244
f 9241 9243 9242
f 9011 9244 9243
f 9011 9010 9244
f 9010 9245 9244
f 9246 9010 9012
f 9246 9247 9010
f 9247 9245 9010
f 9247 9208 9210
f 9247 9246 9208
f 9246 9248 9208
f 9208 9248 9211
f 9211 9248 9249
f 9015 9014 9213
f 9015 9213 9249
f 9249 9213 9211
f 9215 9213 9014
f 9017 9215 9014
f 9217 9215 9017
f 9019 9217 9017
f 9219 9217 9019
f 9021 9219 9019
f 9220 9219 9021
f 9023 9220 9021
f 9221 9220 9023
f 9025 9221 9023
f 9221 9025 8979
f 9227 9002 9027
f 9229 9227 9027
f 9028 9229 9027
f 9229 9028 9005
f 9233 9008 9029
f 9235 9233 9029
f 9030 9235 9029
f 9237 9235 9030
f 9031 9237 9030
f 9239 9237 9031
f 9033 9239 9031
f 9241 9239 9033
f 9034 9241 9033
f 9243 9241 9034
f 9035 9243 9034
f 9243 9035 9011
f 9246 9012 9036
f 9248 9246 9036
f 9037 9248 9036
f 9249 9248 9037
f 9038 9249 9037
f 9249 9038 9015
f 9252 9251 9250
f 9041 9250 9251
f 9041 9251 9040
f 9040 9251 9253
f 9255 9254 9042
f 9255 9042 9253
f 9253 9042 9040
f 9043 9042 9254
f 9256 9043 9254
f 9043 9256 9045
f 9046 9047 9257
f 9046 9257 9048
f 9050 9051 9258
f 9258 9260 9259
f 9258 9259 9050
f 9050 9259 9052
f 9259 9261 9052
f 9052 9261 9053
f 9261 9262 9053
f 9053 9262 9054
f 9262 9263 9054
f 9054 9263 9055
f 9263 9264 9055
f 9055 9264 9056
f 9264 9265 9056
f 9056 9265 9057
f 9265 9266 9057
f 9057 9266 9058
f 9266 9267 9058
f 9058 9267 9059
f 9267 9268 9059
f 9059 9268 9060
f 9268 9269 9060
f 9060 9269 9061
f 9250 9269 9252
f 9250 9062 9269
f 9062 9061 9269
f 9250 9041 9062
f 9255 9270 9254
f 9254 9271 9256
f 9270 9271 9254
f 9256 9063 9045
f 9256 9271 9063
f 9271 9272 9063
f 9047 9273 9257
f 9047 9063 9273
f 9063 9272 9273
f 9257 9064 9048
f 9257 9273 9064
f 9273 9274 9064
f 9274 9275 9064
f 9064 9275 9065
f 9275 9276 9065
f 9065 9276 9066
f 9278 9277 9067
f 9278 9067 9276
f 9276 9067 9066
f 9068 9067 9277
f 9279 9068 9277
f 9068 9279 9070
f 9074 9281 9280
f 9073 9074 9280
f 9280 9282 9073
f 9073 9282 9075
f 9282 9283 9075
f 9075 9283 9076
f 9283 9284 9076
f 9076 9284 9077
f 9051 9285 9258
f 9051 9077 9285
f 9077 9284 9285
f 9258 9285 9260
f 9278 9286 9277
f 9277 9287 9279
f 9286 9287 9277
f 9279 9078 9070
f 9279 9287 9078
f 9287 9288 9078
f 9290 9289 9079
f 9290 9079 9288
f 9288 9079 9078
f 9080 9079 9289
f 9291 9080 9289
f 9081 9080 9291
f 9292 9081 9291
f 9082 9081 9292
f 9293 9082 9292
f 9082 9293 9084
f 9281 9074 9294
f 9294 9074 9086
f 9290 9295 9289
f 9289 9296 9291
f 9295 9296 9289
f 9291 9297 9292
f 9296 9297 9291
f 9299 9292 9297
f 9299 9298 9292
f 9298 9293 9292
f 9087 9084 9293
f 9087 9293 9300
f 9300 9293 9298
f 9088 9087 9300
f 9301 9088 9300
f 9088 9301 9090
f 9294 9086 9302
f 9302 9086 9092
f 9299 9303 9298
f 9298 9304 9300
f 9303 9304 9298
f 9306 9300 9304
f 9306 9305 9300
f 9305 9301 9300
f 9093 9090 9301
f 9093 9301 9307
f 9307 9301 9305
f 9094 9093 9307
f 9308 9094 9307
f 9094 9308 9096
f 9302 9092 9309
f 9309 9092 9099
f 9306 9310 9305
f 9305 9311 9307
f 9310 9311 9305
f 9313 9307 9311
f 9313 9312 9307
f 9312 9308 9307
f 9100 9096 9308
f 9100 9308 9314
f 9314 9308 9312
f 9101 9100 9314
f 9315 9101 9314
f 9101 9315 9103
f 9309 9099 9316
f 9316 9099 9105
f 9313 9317 9312
f 9312 9318 9314
f 9317 9318 9312
f 9320 9314 9318
f 9320 9319 9314
f 9319 9315 9314
f 9106 9103 9315
f 9106 9315 9321
f 9321 9315 9319
f 9106 9321 9108
f 9316 9105 9322
f 9322 9105 9111
f 9320 9323 9319
f 9325 9319 9323
f 9325 9324 9319
f 9324 9321 9319
f 9112 9108 9321
f 9112 9321 9326
f 9326 9321 9324
f 9112 9326 9114
f 9322 9111 9327
f 9327 9111 9117
f 9329 9324 9325
f 9328 9324 9329
f 9324 9328 9326
f 9326 9328 9330
f 9118 9114 9326
f 9118 9326 9331
f 9331 9326 9330
f 9119 9118 9331
f 9332 9119 9331
f 9119 9332 9121
f 9327 9117 9333
f 9333 9117 9124
f 9329 9334 9328
f 9336 9328 9334
f 9336 9335 9328
f 9335 9330 9328
f 9330 9335 9331
f 9331 9335 9337
f 9331 9337 9332
f 9332 9337 9338
f 9332 9338 9126
f 9121 9332 9126
f 9333 9124 9339
f 9339 9124 9129
f 9336 9340 9335
f 9342 9335 9340
f 9342 9341 9335
f 9341 9337 9335
f 9337 9341 9338
f 9338 9341 9343
f 9338 9343 9131
f 9126 9338 9131
f 9339 9129 9344
f 9344 9129 9135
f 9347 9345 9346
f 9346 9341 9342
f 9346 9345 9341
f 9345 9348 9341
f 9341 9348 9343
f 9343 9348 9349
f 9136 9131 9343
f 9136 9343 9350
f 9350 9343 9349
f 9136 9350 9138
f 9344 9135 9351
f 9351 9135 9141
f 9354 9352 9353
f 9353 9345 9347
f 9353 9352 9345
f 9352 9355 9345
f 9345 9355 9348
f 9348 9355 9356
f 9348 9356 9349
f 9349 9356 9357
f 9144 9143 9350
f 9144 9350 9357
f 9357 9350 9349
f 9350 9143 9138
f 9351 9141 9358
f 9358 9141 9147
f 9360 9352 9354
f 9359 9352 9360
f 9352 9359 9355
f 9355 9359 9361
f 9355 9361 9356
f 9356 9361 9362
f 9150 9149 9357
f 9150 9357 9362
f 9362 9357 9356
f 9357 9149 9144
f 9358 9147 9363
f 9363 9147 9153
f 9366 9364 9365
f 9365 9359 9360
f 9365 9364 9359
f 9364 9367 9359
f 9359 9367 9361
f 9361 9367 9368
f 9156 9155 9362
f 9156 9362 9368
f 9368 9362 9361
f 9362 9155 9150
f 9363 9153 9369
f 9369 9153 9160
f 9372 9370 9371
f 9371 9373 9374
f 9370 9373 9371
f 9374 9375 9376
f 9373 9375 9374
f 9376 9364 9366
f 9376 9375 9364
f 9375 9377 9364
f 9364 9377 9367
f 9367 9377 9378
f 9163 9162 9368
f 9163 9368 9378
f 9378 9368 9367
f 9368 9162 9156
f 9369 9160 9379
f 9379 9160 9167
f 9382 9380 9381
f 9381 9370 9372
f 9381 9380 9370
f 9380 9383 9370
f 9370 9383 9373
f 9373 9383 9384
f 9373 9384 9375
f 9375 9384 9385
f 9375 9385 9377
f 9377 9385 9386
f 9170 9169 9378
f 9170 9378 9386
f 9386 9378 9377
f 9378 9169 9163
f 9379 9167 9175
f 9387 9379 9175
f 9387 9175 9388
f 9175 9177 9388
f 9388 9177 9389
f 9177 9179 9389
f 9390 9179 9180
f 9390 9391 9179
f 9391 9389 9179
f 9391 9392 9393
f 9390 9392 9391
f 9393 9394 9395
f 9392 9394 9393
f 9395 9394 9396
f 9399 9397 9398
f 9398 9400 9401
f 9397 9400 9398
f 9401 9402 9403
f 9400 9402 9401
f 9403 9404 9405
f 9402 9404 9403
f 9405 9406 9407
f 9404 9406 9405
f 9407 9408 9409
f 9406 9408 9407
f 9380 9183 9182
f 9382 9183 9380
f 9382 9408 9183
f 9382 9409 9408
f 9383 9380 9182
f 9185 9383 9182
f 9384 9383 9185
f 9187 9384 9185
f 9385 9384 9187
f 9189 9385 9187
f 9386 9385 9189
f 9191 9386 9189
f 9386 9191 9170
f 9390 9180 9193
f 9392 9390 9193
f 9194 9392 9193
f 9394 9392 9194
f 9196 9394 9194
f 9396 9394 9196
f 9396 9196 9410
f 9410 9196 9198
f 9410 9198 9411
f 9198 9200 9411
f 9412 9200 9201
f 9412 9413 9200
f 9413 9411 9200
f 9413 9414 9415
f 9412 9414 9413
f 9204 9415 9414
f 9204 9203 9415
f 9203 9416 9415
f 9416 9203 9417
f 9203 9206 9417
f 9418 9206 9207
f 9418 9419 9206
f 9419 9417 9206
f 9419 9420 9421
f 9418 9420 9419
f 9421 9422 9423
f 9420 9422 9421
f 9423 9424 9425
f 9422 9424 9423
f 9425 9426 9427
f 9424 9426 9425
f 9427 9428 9429
f 9426 9428 9427
f 9429 9430 9431
f 9428 9430 9429
f 9431 9432 9433
f 9430 9432 9431
f 9433 9434 9435
f 9432 9434 9433
f 9435 9436 9437
f 9434 9436 9435
f 9437 9438 9439
f 9436 9438 9437
f 9439 9440 9441
f 9438 9440 9439
f 9441 9442 9443
f 9440 9442 9441
f 9443 9444 9445
f 9442 9444 9443
f 9445 9397 9399
f 9445 9444 9397
f 9444 9446 9397
f 9210 9209 9400
f 9210 9400 9446
f 9446 9400 9397
f 9402 9400 9209
f 9212 9402 9209
f 9404 9402 9212
f 9214 9404 9212
f 9406 9404 9214
f 9216 9406 9214
f 9408 9406 9216
f 9218 9408 9216
f 9408 9218 9183
f 9412 9201 9222
f 9414 9412 9222
f 9223 9414 9222
f 9414 9223 9204
f 9418 9207 9224
f 9420 9418 9224
f 9225 9420 9224
f 9422 9420 9225
f 9226 9422 9225
f 9424 9422 9226
f 9228 9424 9226
f 9426 9424 9228
f 9230 9426 9228
f 9428 9426 9230
f 9231 9428 9230
f 9430 9428 9231
f 9232 9430 9231
f 9432 9430 9232
f 9234 9432 9232
f 9434 9432 9234
f 9236 9434 9234
f 9436 9434 9236
f 9238 9436 9236
f 9438 9436 9238
f 9240 9438 9238
f 9440 9438 9240
f 9242 9440 9240
f 9442 9440 9242
f 9244 9442 9242
f 9444 9442 9244
f 9245 9444 9244
f 9446 9444 9245
f 9247 9446 9245
f 9446 9247 9210
f 9251 9252 9447
f 9253 9251 9447
f 9448 9253 9447
f 9253 9448 9255
f 9260 9450 9449
f 9259 9260 9449
f 9452 9451 9261
f 9452 9261 9449
f 9449 9261 9259
f 9451 9454 9453
f 9451 9453 9261
f 9261 9453 9262
f 9456 9455 9263
f 9456 9263 9453
f 9453 9263 9262
f 9455 9458 9457
f 9455 9457 9263
f 9263 9457 9264
f 9457 9459 9264
f 9264 9459 9265
f 9459 9460 9265
f 9265 9460 9266
f 9460 9461 9266
f 9266 9461 9267
f 9461 9462 9267
f 9267 9462 9268
f 9462 9463 9268
f 9268 9463 9269
f 9252 9464 9447
f 9252 9269 9464
f 9269 9463 9464
f 9447 9465 9448
f 9464 9465 9447
f 9448 9270 9255
f 9448 9465 9270
f 9465 9466 9270
f 9466 9467 9270
f 9270 9467 9271
f 9467 9468 9271
f 9271 9468 9272
f 9468 9469 9272
f 9272 9469 9273
f 9471 9470 9274
f 9471 9274 9469
f 9469 9274 9273
f 9275 9274 9470
f 9472 9275 9470
f 9276 9275 9472
f 9473 9276 9472
f 9276 9473 9278
f 9281 9475 9474
f 9280 9281 9474
f 9477 9476 9282
f 9477 9282 9474
f 9474 9282 9280
f 9476 9479 9478
f 9476 9478 9282
f 9282 9478 9283
f 9478 9480 9283
f 9283 9480 9284
f 9480 9481 9284
f 9284 9481 9285
f 9481 9260 9285
f 9450 9260 9481
f 9452 9482 9451
f 9451 9482 9454
f 9456 9483 9455
f 9455 9483 9458
f 9471 9484 9470
f 9470 9485 9472
f 9484 9485 9470
f 9472 9486 9473
f 9485 9486 9472
f 9473 9286 9278
f 9473 9486 9286
f 9486 9487 9286
f 9489 9488 9287
f 9489 9287 9487
f 9487 9287 9286
f 9288 9287 9488
f 9490 9288 9488
f 9288 9490 9290
f 9475 9281 9491
f 9491 9281 9294
f 9477 9492 9476
f 9476 9492 9479
f 9489 9493 9488
f 9488 9494 9490
f 9493 9494 9488
f 9490 9295 9290
f 9490 9494 9295
f 9494 9495 9295
f 9497 9496 9296
f 9497 9296 9495
f 9495 9296 9295
f 9297 9296 9496
f 9498 9297 9496
f 9297 9498 9299
f 9491 9294 9499
f 9499 9294 9302
f 9497 9500 9496
f 9496 9501 9498
f 9500 9501 9496
f 9503 9502 9303
f 9501 9503 9303
f 9501 9303 9299
f 9501 9299 9498
f 9304 9303 9502
f 9504 9304 9502
f 9304 9504 9306
f 9499 9302 9505
f 9505 9302 9309
f 9503 9506 9502
f 9502 9507 9504
f 9506 9507 9502
f 9509 9508 9310
f 9507 9509 9310
f 9507 9310 9306
f 9507 9306 9504
f 9311 9310 9508
f 9510 9311 9508
f 9311 9510 9313
f 9505 9309 9511
f 9511 9309 9316
f 9513 9508 9509
f 9512 9508 9513
f 9508 9512 9510
f 9510 9512 9514
f 9317 9313 9510
f 9317 9510 9515
f 9515 9510 9514
f 9318 9317 9515
f 9516 9318 9515
f 9318 9516 9320
f 9511 9316 9517
f 9517 9316 9322
f 9513 9518 9512
f 9512 9519 9514
f 9518 9519 9512
f 9521 9514 9519
f 9521 9520 9514
f 9520 9515 9514
f 9515 9520 9516
f 9516 9520 9522
f 9323 9320 9516
f 9323 9516 9523
f 9523 9516 9522
f 9323 9523 9325
f 9517 9322 9524
f 9524 9322 9327
f 9521 9525 9520
f 9527 9520 9525
f 9527 9526 9520
f 9526 9522 9520
f 9522 9526 9523
f 9523 9526 9528
f 9523 9528 9329
f 9325 9523 9329
f 9524 9327 9529
f 9529 9327 9333
f 9531 9526 9527
f 9530 9526 9531
f 9526 9530 9528
f 9528 9530 9532
f 9334 9329 9528
f 9334 9528 9533
f 9533 9528 9532
f 9334 9533 9336
f 9529 9333 9534
f 9534 9333 9339
f 9536 9530 9531
f 9535 9530 9536
f 9530 9535 9532
f 9532 9535 9537
f 9532 9537 9533
f 9533 9537 9538
f 9340 9336 9533
f 9340 9533 9539
f 9539 9533 9538
f 9340 9539 9342
f 9534 9339 9540
f 9540 9339 9344
f 9543 9541 9542
f 9542 9535 9536
f 9542 9541 9535
f 9541 9544 9535
f 9535 9544 9537
f 9537 9544 9545
f 9537 9545 9538
f 9538 9545 9546
f 9347 9346 9539
f 9347 9539 9546
f 9546 9539 9538
f 9539 9346 9342
f 9540 9344 9547
f 9547 9344 9351
f 9549 9541 9543
f 9548 9541 9549
f 9541 9548 9544
f 9544 9548 9550
f 9544 9550 9545
f 9545 9550 9551
f 9354 9353 9546
f 9354 9546 9551
f 9551 9546 9545
f 9546 9353 9347
f 9547 9351 9552
f 9552 9351 9358
f 9555 9553 9554
f 9554 9548 9549
f 9554 9553 9548
f 9553 9556 9548
f 9548 9556 9550
f 9550 9556 9557
f 9550 9557 9551
f 9551 9557 9558
f 9551 9558 9360
f 9354 9551 9360
f 9552 9358 9559
f 9559 9358 9363
f 9562 9560 9561
f 9561 9553 9555
f 9561 9560 9553
f 9560 9563 9553
f 9553 9563 9556
f 9556 9563 9564
f 9556 9564 9557
f 9557 9564 9565
f 9366 9365 9558
f 9366 9558 9565
f 9565 9558 9557
f 9558 9365 9360
f 9559 9363 9566
f 9566 9363 9369
f 9569 9567 9568
f 9568 9570 9571
f 9567 9570 9568
f 9571 9572 9573
f 9570 9572 9571
f 9573 9560 9562
f 9573 9572 9560
f 9572 9574 9560
f 9372 9371 9563
f 9372 9563 9574
f 9574 9563 9560
f 9564 9563 9371
f 9374 9564 9371
f 9565 9564 9374
f 9376 9565 9374
f 9565 9376 9366
f 9575 9576 9566
f 9575 9566 9379
f 9379 9566 9369
f 9576 9575 9577
f 9580 9578 9579
f 9579 9581 9582
f 9578 9581 9579
f 9582 9567 9569
f 9582 9581 9567
f 9581 9583 9567
f 9567 9583 9570
f 9570 9583 9584
f 9570 9584 9572
f 9572 9584 9585
f 9382 9381 9574
f 9382 9574 9585
f 9585 9574 9572
f 9574 9381 9372
f 9575 9379 9387
f 9577 9575 9387
f 9577 9387 9586
f 9586 9387 9388
f 9586 9388 9587
f 9388 9389 9587
f 9587 9389 9588
f 9389 9391 9588
f 9588 9391 9589
f 9391 9393 9589
f 9589 9393 9590
f 9393 9395 9590
f 9591 9395 9396
f 9591 9592 9395
f 9592 9590 9395
f 9592 9593 9594
f 9591 9593 9592
f 9594 9595 9596
f 9593 9595 9594
f 9596 9597 9598
f 9595 9597 9596
f 9598 9599 9600
f 9597 9599 9598
f 9600 9601 9602
f 9599 9601 9600
f 9602 9603 9604
f 9601 9603 9602
f 9604 9605 9606
f 9603 9605 9604
f 9606 9607 9608
f 9605 9607 9606
f 9608 9609 9610
f 9607 9609 9608
f 9610 9611 9612
f 9609 9611 9610
f 9612 9613 9614
f 9611 9613 9612
f 9614 9615 9616
f 9613 9615 9614
f 9616 9617 9618
f 9615 9617 9616
f 9618 9619 9620
f 9617 9619 9618
f 9620 9621 9622
f 9619 9621 9620
f 9622 9623 9624
f 9621 9623 9622
f 9624 9625 9626
f 9623 9625 9624
f 9626 9627 9628
f 9625 9627 9626
f 9628 9629 9630
f 9627 9629 9628
f 9399 9630 9629
f 9399 9398 9630
f 9398 9631 9630
f 9578 9580 9631
f 9578 9631 9401
f 9401 9631 9398
f 9581 9578 9401
f 9403 9581 9401
f 9583 9581 9403
f 9405 9583 9403
f 9584 9583 9405
f 9407 9584 9405
f 9585 9584 9407
f 9409 9585 9407
f 9585 9409 9382
f 9591 9396 9410
f 9593 9591 9410
f 9411 9593 9410
f 9595 9593 9411
f 9413 9595 9411
f 9597 9595 9413
f 9415 9597 9413
f 9599 9597 9415
f 9416 9599 9415
f 9601 9599 9416
f 9417 9601 9416
f 9603 9601 9417
f 9419 9603 9417
f 9605 9603 9419
f 9421 9605 9419
f 9607 9605 9421
f 9423 9607 9421
f 9609 9607 9423
f 9425 9609 9423
f 9611 9609 9425
f 9427 9611 9425
f 9613 9611 9427
f 9429 9613 9427
f 9615 9613 9429
f 9431 9615 9429
f 9617 9615 9431
f 9433 9617 9431
f 9619 9617 9433
f 9435 9619 9433
f 9621 9619 9435
f 9437 9621 9435
f 9623 9621 9437
f 9439 9623 9437
f 9625 9623 9439
f 9441 9625 9439
f 9627 9625 9441
f 9443 9627 9441
f 9629 9627 9443
f 9445 9629 9443
f 9629 9445 9399
f 9449 9450 9632
f 9449 9632 9452
f 9453 9454 9633
f 9634 9456 9453
f 9634 9453 9635
f 9633 9636 9453
f 9636 9635 9453
f 9458 9634 9635
f 9458 9635 9457
f 9638 9637 9635
f 9637 9457 9635
f 9637 9640 9639
f 9637 9639 9457
f 9457 9639 9459
f 9639 9641 9459
f 9459 9641 9460
f 9641 9642 9460
f 9460 9642 9461
f 9642 9643 9461
f 9461 9643 9462
f 9643 9644 9462
f 9462 9644 9463
f 9644 9645 9463
f 9463 9645 9464
f 9645 9646 9464
f 9464 9646 9465
f 9646 9647 9465
f 9465 9647 9466
f 9649 9648 9467
f 9649 9467 9647
f 9647 9467 9466
f 9468 9467 9648
f 9650 9468 9648
f 9469 9468 9650
f 9651 9469 9650
f 9469 9651 9471
f 9475 9653 9652
f 9474 9475 9652
f 9654 9477 9474
f 9654 9474 9655
f 9655 9474 9652
f 9479 9654 9655
f 9479 9655 9478
f 9478 9655 9656
f 9656 9657 9478
f 9478 9657 9480
f 9657 9658 9480
f 9480 9658 9481
f 9450 9659 9632
f 9450 9481 9659
f 9481 9658 9659
f 9632 9482 9452
f 9632 9659 9482
f 9659 9660 9482
f 9454 9661 9633
f 9454 9482 9661
f 9482 9660 9661
f 9633 9661 9636
f 9456 9634 9483
f 9638 9662 9637
f 9634 9458 9483
f 9637 9662 9640
f 9649 9663 9648
f 9648 9664 9650
f 9663 9664 9648
f 9650 9665 9651
f 9664 9665 9650
f 9651 9484 9471
f 9651 9665 9484
f 9665 9666 9484
f 9668 9667 9485
f 9668 9485 9666
f 9666 9485 9484
f 9486 9485 9667
f 9669 9486 9667
f 9487 9486 9669
f 9670 9487 9669
f 9487 9670 9489
f 9653 9475 9671
f 9671 9475 9491
f 9654 9492 9477
f 9654 9479 9492
f 9668 9672 9667
f 9667 9673 9669
f 9672 9673 9667
f 9669 9674 9670
f 9673 9674 9669
f 9676 9675 9493
f 9674 9676 9493
f 9674 9493 9489
f 9674 9489 9670
f 9494 9493 9675
f 9677 9494 9675
f 9495 9494 9677
f 9678 9495 9677
f 9495 9678 9497
f 9671 9491 9679
f 9679 9491 9499
f 9676 9680 9675
f 9675 9681 9677
f 9680 9681 9675
f 9683 9677 9681
f 9683 9682 9677
f 9682 9678 9677
f 9500 9497 9678
f 9500 9678 9684
f 9684 9678 9682
f 9501 9500 9684
f 9685 9501 9684
f 9501 9685 9503
f 9679 9499 9686
f 9686 9499 9505
f 9683 9687 9682
f 9682 9688 9684
f 9687 9688 9682
f 9690 9684 9688
f 9690 9689 9684
f 9689 9685 9684
f 9506 9503 9685
f 9506 9685 9691
f 9691 9685 9689
f 9507 9506 9691
f 9692 9507 9691
f 9507 9692 9509
f 9686 9505 9693
f 9693 9505 9511
f 9690 9694 9689
f 9696 9689 9694
f 9696 9695 9689
f 9695 9691 9689
f 9691 9695 9692
f 9692 9695 9697
f 9692 9697 9513
f 9509 9692 9513
f 9693 9511 9698
f 9698 9511 9517
f 9696 9699 9695
f 9695 9700 9697
f 9699 9700 9695
f 9702 9701 9518
f 9700 9702 9518
f 9700 9518 9513
f 9700 9513 9697
f 9519 9518 9701
f 9703 9519 9701
f 9519 9703 9521
f 9698 9517 9704
f 9704 9517 9524
f 9706 9701 9702
f 9705 9701 9706
f 9701 9705 9703
f 9703 9705 9707
f 9525 9521 9703
f 9525 9703 9708
f 9708 9703 9707
f 9525 9708 9527
f 9704 9524 9709
f 9709 9524 9529
f 9711 9705 9706
f 9710 9705 9711
f 9705 9710 9707
f 9707 9710 9712
f 9707 9712 9708
f 9708 9712 9713
f 9708 9713 9531
f 9527 9708 9531
f 9709 9529 9714
f 9714 9529 9534
f 9716 9710 9711
f 9715 9710 9716
f 9710 9715 9712
f 9712 9715 9717
f 9712 9717 9713
f 9713 9717 9718
f 9713 9718 9536
f 9531 9713 9536
f 9714 9534 9719
f 9719 9534 9540
f 9722 9720 9721
f 9721 9715 9716
f 9721 9720 9715
f 9720 9723 9715
f 9715 9723 9717
f 9717 9723 9724
f 9543 9542 9718
f 9543 9718 9724
f 9724 9718 9717
f 9718 9542 9536
f 9719 9540 9725
f 9725 9540 9547
f 9728 9726 9727
f 9727 9720 9722
f 9727 9726 9720
f 9726 9729 9720
f 9720 9729 9723
f 9723 9729 9730
f 9723 9730 9724
f 9724 9730 9731
f 9724 9731 9549
f 9543 9724 9549
f 9725 9547 9732
f 9732 9547 9552
f 9735 9733 9734
f 9734 9736 9737
f 9733 9736 9734
f 9737 9726 9728
f 9737 9736 9726
f 9736 9738 9726
f 9726 9738 9729
f 9729 9738 9739
f 9729 9739 9730
f 9730 9739 9740
f 9555 9554 9731
f 9555 9731 9740
f 9740 9731 9730
f 9731 9554 9549
f 9732 9552 9741
f 9741 9552 9559
f 9743 9733 9735
f 9742 9733 9743
f 9733 9742 9736
f 9736 9742 9744
f 9736 9744 9738
f 9738 9744 9745
f 9738 9745 9739
f 9739 9745 9746
f 9562 9561 9740
f 9562 9740 9746
f 9746 9740 9739
f 9740 9561 9555
f 9741 9559 9747
f 9747 9559 9566
f 9750 9748 9749
f 9749 9751 9752
f 9748 9751 9749
f 9752 9753 9754
f 9751 9753 9752
f 9754 9755 9756
f 9753 9755 9754
f 9756 9757 9758
f 9755 9757 9756
f 9758 9742 9743
f 9758 9757 9742
f 9757 9759 9742
f 9569 9568 9744
f 9569 9744 9759
f 9759 9744 9742
f 9745 9744 9568
f 9571 9745 9568
f 9746 9745 9571
f 9573 9746 9571
f 9746 9573 9562
f 9747 9566 9576
f 9760 9747 9576
f 9761 9576 9577
f 9761 9762 9576
f 9762 9760 9576
f 9762 9763 9764
f 9761 9763 9762
f 9764 9765 9766
f 9763 9765 9764
f 9766 9767 9768
f 9765 9767 9766
f 9768 9769 9770
f 9767 9769 9768
f 9770 9769 9771
f 9774 9772 9773
f 9773 9775 9776
f 9772 9775 9773
f 9776 9777 9778
f 9775 9777 9776
f 9778 9777 9779
f 9782 9780 9781
f 9781 9783 9784
f 9780 9783 9781
f 9784 9785 9786
f 9783 9785 9784
f 9786 9787 9788
f 9785 9787 9786
f 9788 9789 9790
f 9787 9789 9788
f 9790 9791 9792
f 9789 9791 9790
f 9792 9793 9794
f 9791 9793 9792
f 9794 9795 9796
f 9793 9795 9794
f 9796 9797 9798
f 9795 9797 9796
f 9798 9799 9800
f 9797 9799 9798
f 9800 9748 9750
f 9800 9799 9748
f 9799 9801 9748
f 9748 9801 9751
f 9751 9801 9802
f 9751 9802 9753
f 9753 9802 9803
f 9753 9803 9755
f 9755 9803 9804
f 9580 9579 9757
f 9580 9757 9804
f 9804 9757 9755
f 9759 9757 9579
f 9582 9759 9579
f 9759 9582 9569
f 9761 9577 9586
f 9763 9761 9586
f 9587 9763 9586
f 9765 9763 9587
f 9588 9765 9587
f 9767 9765 9588
f 9589 9767 9588
f 9769 9767 9589
f 9590 9769 9589
f 9771 9769 9590
f 9771 9590 9805
f 9805 9590 9592
f 9805 9592 9806
f 9592 9594 9806
f 9772 9774 9806
f 9772 9806 9596
f 9596 9806 9594
f 9775 9772 9596
f 9598 9775 9596
f 9777 9775 9598
f 9600 9777 9598
f 9779 9777 9600
f 9779 9600 9807
f 9807 9600 9602
f 9807 9602 9808
f 9602 9604 9808
f 9780 9782 9808
f 9780 9808 9606
f 9606 9808 9604
f 9783 9780 9606
f 9608 9783 9606
f 9785 9783 9608
f 9610 9785 9608
f 9787 9785 9610
f 9612 9787 9610
f 9789 9787 9612
f 9614 9789 9612
f 9791 9789 9614
f 9616 9791 9614
f 9793 9791 9616
f 9618 9793 9616
f 9795 9793 9618
f 9620 9795 9618
f 9797 9795 9620
f 9622 9797 9620
f 9799 9797 9622
f 9624 9799 9622
f 9801 9799 9624
f 9626 9801 9624
f 9802 9801 9626
f 9628 9802 9626
f 9803 9802 9628
f 9630 9803 9628
f 9804 9803 9630
f 9631 9804 9630
f 9804 9631 9580
f 9635 9636 9809
f 9810 9638 9635
f 9810 9635 9811
f 9809 9812 9635
f 9812 9811 9635
f 9640 9810 9811
f 9640 9811 9639
f 9639 9811 9813
f 9813 9814 9639
f 9639 9814 9641
f 9814 9815 9641
f 9641 9815 9642
f 9815 9816 9642
f 9642 9816 9643
f 9816 9817 9643
f 9643 9817 9644
f 9819 9818 9645
f 9819 9645 9817
f 9817 9645 9644
f 9646 9645 9818
f 9820 9646 9818
f 9647 9646 9820
f 9821 9647 9820
f 9647 9821 9649
f 9653 9823 9822
f 9652 9653 9822
f 9822 9824 9652
f 9652 9824 9655
f 9824 9825 9655
f 9655 9825 9656
f 9825 9826 9656
f 9656 9826 9657
f 9826 9827 9657
f 9657 9827 9658
f 9827 9828 9658
f 9658 9828 9659
f 9828 9829 9659
f 9659 9829 9660
f 9829 9830 9660
f 9660 9830 9661
f 9636 9831 9809
f 9636 9661 9831
f 9661 9830 9831
f 9809 9831 9812
f 9638 9810 9662
f 9810 9640 9662
f 9819 9832 9818
f 9818 9833 9820
f 9832 9833 9818
f 9820 9834 9821
f 9833 9834 9820
f 9836 9835 9663
f 9834 9836 9663
f 9834 9663 9649
f 9834 9649 9821
f 9835 9838 9837
f 9835 9837 9663
f 9663 9837 9664
f 9840 9839 9665
f 9840 9665 9837
f 9837 9665 9664
f 9666 9665 9839
f 9841 9666 9839
f 9666 9841 9668
f 9823 9653 9842
f 9842 9653 9671
f 9836 9843 9835
f 9835 9843 9838
f 9840 9844 9839
f 9839 9845 9841
f 9844 9845 9839
f 9841 9672 9668
f 9841 9845 9672
f 9845 9846 9672
f 9848 9847 9673
f 9848 9673 9846
f 9846 9673 9672
f 9674 9673 9847
f 9849 9674 9847
f 9674 9849 9676
f 9842 9671 9850
f 9850 9671 9679
f 9848 9851 9847
f 9847 9852 9849
f 9851 9852 9847
f 9854 9853 9680
f 9852 9854 9680
f 9852 9680 9676
f 9852 9676 9849
f 9681 9680 9853
f 9855 9681 9853
f 9681 9855 9683
f 9850 9679 9856
f 9856 9679 9686
f 9854 9857 9853
f 9853 9858 9855
f 9857 9858 9853
f 9860 9859 9687
f 9858 9860 9687
f 9858 9687 9683
f 9858 9683 9855
f 9688 9687 9859
f 9861 9688 9859
f 9688 9861 9690
f 9856 9686 9862
f 9862 9686 9693
f 9864 9859 9860
f 9863 9859 9864
f 9859 9863 9861
f 9861 9863 9865
f 9694 9690 9861
f 9694 9861 9866
f 9866 9861 9865
f 9694 9866 9696
f 9862 9693 9867
f 9867 9693 9698
f 9864 9868 9863
f 9870 9863 9868
f 9870 9869 9863
f 9869 9865 9863
f 9865 9869 9866
f 9866 9869 9871
f 9699 9696 9866
f 9699 9866 9872
f 9872 9866 9871
f 9700 9699 9872
f 9873 9700 9872
f 9700 9873 9702
f 9867 9698 9874
f 9874 9698 9704
f 9876 9869 9870
f 9875 9869 9876
f 9869 9875 9871
f 9871 9875 9877
f 9871 9877 9872
f 9872 9877 9878
f 9872 9878 9873
f 9873 9878 9879
f 9873 9879 9706
f 9702 9873 9706
f 9874 9704 9880
f 9880 9704 9709
f 9876 9881 9875
f 9883 9875 9881
f 9883 9882 9875
f 9882 9877 9875
f 9877 9882 9878
f 9878 9882 9884
f 9878 9884 9879
f 9879 9884 9885
f 9879 9885 9711
f 9706 9879 9711
f 9880 9709 9886
f 9886 9709 9714
f 9888 9882 9883
f 9887 9882 9888
f 9882 9887 9884
f 9884 9887 9889
f 9884 9889 9885
f 9885 9889 9890
f 9885 9890 9716
f 9711 9885 9716
f 9886 9714 9891
f 9891 9714 9719
f 9894 9892 9893
f 9893 9887 9888
f 9893 9892 9887
f 9892 9895 9887
f 9887 9895 9889
f 9889 9895 9896
f 9722 9721 9890
f 9722 9890 9896
f 9896 9890 9889
f 9890 9721 9716
f 9891 9719 9897
f 9897 9719 9725
f 9900 9898 9899
f 9899 9892 9894
f 9899 9898 9892
f 9898 9901 9892
f 9892 9901 9895
f 9895 9901 9902
f 9728 9727 9896
f 9728 9896 9902
f 9902 9896 9895
f 9896 9727 9722
f 9897 9725 9903
f 9903 9725 9732
f 9906 9904 9905
f 9905 9907 9908
f 9904 9907 9905
f 9908 9898 9900
f 9908 9907 9898
f 9907 9909 9898
f 9735 9734 9901
f 9735 9901 9909
f 9909 9901 9898
f 9902 9901 9734
f 9737 9902 9734
f 9902 9737 9728
f 9903 9732 9910
f 9910 9732 9741
f 9913 9911 9912
f 9912 9914 9915
f 9911 9914 9912
f 9915 9916 9917
f 9914 9916 9915
f 9917 9904 9906
f 9917 9916 9904
f 9916 9918 9904
f 9904 9918 9907
f 9907 9918 9919
f 9907 9919 9909
f 9909 9919 9920
f 9909 9920 9743
f 9735 9909 9743
f 9921 9922 9910
f 9921 9910 9747
f 9747 9910 9741
f 9922 9923 9924
f 9921 9923 9922
f 9924 9925 9926
f 9923 9925 9924
f 9926 9925 9927
f 9930 9928 9929
f 9929 9931 9932
f 9928 9931 9929
f 9932 9933 9934
f 9931 9933 9932
f 9934 9935 9936
f 9933 9935 9934
f 9936 9937 9938
f 9935 9937 9936
f 9938 9939 9940
f 9937 9939 9938
f 9940 9941 9942
f 9939 9941 9940
f 9942 9943 9944
f 9941 9943 9942
f 9944 9945 9946
f 9943 9945 9944
f 9946 9911 9913
f 9946 9945 9911
f 9945 9947 9911
f 9750 9749 9914
f 9750 9914 9947
f 9947 9914 9911
f 9916 9914 9749
f 9752 9916 9749
f 9918 9916 9752
f 9754 9918 9752
f 9919 9918 9754
f 9756 9919 9754
f 9920 9919 9756
f 9758 9920 9756
f 9920 9758 9743
f 9921 9747 9760
f 9923 9921 9760
f 9762 9923 9760
f 9925 9923 9762
f 9764 9925 9762
f 9927 9925 9764
f 9927 9764 9948
f 9948 9764 9766
f 9948 9766 9949
f 9766 9768 9949
f 9949 9768 9950
f 9768 9770 9950
f 9951 9770 9771
f 9951 9952 9770
f 9952 9950 9770
f 9952 9953 9954
f 9951 9953 9952
f 9774 9954 9953
f 9774 9773 9954
f 9773 9955 9954
f 9955 9773 9956
f 9773 9776 9956
f 9956 9776 9957
f 9776 9778 9957
f 9958 9778 9779
f 9958 9959 9778
f 9959 9957 9778
f 9959 9960 9961
f 9958 9960 9959
f 9928 9782 9781
f 9930 9782 9928
f 9930 9960 9782
f 9930 9961 9960
f 9931 9928 9781
f 9784 9931 9781
f 9933 9931 9784
f 9786 9933 9784
f 9935 9933 9786
f 9788 9935 9786
f 9937 9935 9788
f 9790 9937 9788
f 9939 9937 9790
f 9792 9939 9790
f 9941 9939 9792
f 9794 9941 9792
f 9943 9941 9794
f 9796 9943 9794
f 9945 9943 9796
f 9798 9945 9796
f 9947 9945 9798
f 9800 9947 9798
f 9947 9800 9750
f 9951 9771 9805
f 9953 9951 9805
f 9806 9953 9805
f 9953 9806 9774
f 9958 9779 9807
f 9960 9958 9807
f 9808 9960 9807
f 9960 9808 9782
f 9812 9963 9962
f 9811 9812 9962
f 9965 9964 9813
f 9965 9813 9962
f 9962 9813 9811
f 9814 9813 9964
f 9966 9814 9964
f 9815 9814 9966
f 9967 9815 9966
f 9816 9815 9967
f 9968 9816 9967
f 9817 9816 9968
f 9969 9817 9968
f 9817 9969 9819
f 9823 9971 9970
f 9822 9823 9970
f 9970 9972 9822
f 9822 9972 9824
f 9972 9973 9824
f 9824 9973 9825
f 9973 9974 9825
f 9825 9974 9826
f 9974 9975 9826
f 9826 9975 9827
f 9975 9976 9827
f 9827 9976 9828
f 9976 9977 9828
f 9828 9977 9829
f 9977 9978 9829
f 9829 9978 9830
f 9978 9979 9830
f 9830 9979 9831
f 9979 9812 9831
f 9963 9812 9979
f 9965 9980 9964
f 9964 9981 9966
f 9980 9981 9964
f 9966 9982 9967
f 9981 9982 9966
f 9984 9967 9982
f 9984 9983 9967
f 9983 9968 9967
f 9985 9983 9986
f 9985 9969 9983
f 9969 9968 9983
f 9988 9987 9832
f 9985 9988 9832
f 9985 9832 9819
f 9985 9819 9969
f 9833 9832 9987
f 9989 9833 9987
f 9834 9833 9989
f 9990 9834 9989
f 9834 9990 9836
f 9837 9838 9991
f 9837 9991 9840
f 9971 9823 9992
f 9992 9823 9842
f 9984 9993 9983
f 9983 9993 9986
f 9988 9994 9987
f 9987 9995 9989
f 9994 9995 9987
f 9989 9996 9990
f 9995 9996 9989
f 9990 9843 9836
f 9990 9996 9843
f 9996 9997 9843
f 9838 9998 9991
f 9838 9843 9998
f 9843 9997 9998
f 10000 9999 9844
f 9998 10000 9844
f 9998 9844 9840
f 9998 9840 9991
f 9845 9844 9999
f 10001 9845 9999
f 9846 9845 10001
f 10002 9846 10001
f 9846 10002 9848
f 9992 9842 10003
f 10003 9842 9850
f 10000 10004 9999
f 9999 10005 10001
f 10004 10005 9999
f 10007 10001 10005
f 10007 10006 10001
f 10006 10002 10001
f 9851 9848 10002
f 9851 10002 10008
f 10008 10002 10006
f 9852 9851 10008
f 10009 9852 10008
f 9852 10009 9854
f 10003 9850 10010
f 10010 9850 9856
f 10007 10011 10006
f 10013 10006 10011
f 10013 10012 10006
f 10012 10008 10006
f 10008 10012 10009
f 10009 10012 10014
f 9857 9854 10009
f 9857 10009 10015
f 10015 10009 10014
f 9858 9857 10015
f 10016 9858 10015
f 9858 10016 9860
f 10010 9856 10017
f 10017 9856 9862
f 10013 10018 10012
f 10012 10019 10014
f 10018 10019 10012
f 10021 10014 10019
f 10021 10020 10014
f 10020 10015 10014
f 10015 10020 10016
f 10016 10020 10022
f 10016 10022 9864
f 9860 10016 9864
f 10017 9862 10023
f 10023 9862 9867
f 10025 10020 10021
f 10024 10020 10025
f 10020 10024 10022
f 10022 10024 10026
f 9868 9864 10022
f 9868 10022 10027
f 10027 10022 10026
f 9868 10027 9870
f 10023 9867 10028
f 10028 9867 9874
f 10025 10029 10024
f 10031 10024 10029
f 10031 10030 10024
f 10030 10026 10024
f 10026 10030 10027
f 10027 10030 10032
f 10027 10032 9876
f 9870 10027 9876
f 10028 9874 10033
f 10033 9874 9880
f 10036 10034 10035
f 10035 10030 10031
f 10035 10034 10030
f 10034 10037 10030
f 10030 10037 10032
f 10032 10037 10038
f 9881 9876 10032
f 9881 10032 10039
f 10039 10032 10038
f 9881 10039 9883
f 10033 9880 10040
f 10040 9880 9886
f 10042 10034 10036
f 10041 10034 10042
f 10034 10041 10037
f 10037 10041 10043
f 10037 10043 10038
f 10038 10043 10044
f 10038 10044 10039
f 10039 10044 10045
f 10039 10045 9888
f 9883 10039 9888
f 10040 9886 10046
f 10046 9886 9891
f 10049 10047 10048
f 10048 10041 10042
f 10048 10047 10041
f 10047 10050 10041
f 10041 10050 10043
f 10043 10050 10051
f 10043 10051 10044
f 10044 10051 10052
f 9894 9893 10045
f 9894 10045 10052
f 10052 10045 10044
f 10045 9893 9888
f 10046 9891 10053
f 10053 9891 9897
f 10056 10054 10055
f 10055 10047 10049
f 10055 10054 10047
f 10054 10057 10047
f 10047 10057 10050
f 10050 10057 10058
f 10050 10058 10051
f 10051 10058 10059
f 9900 9899 10052
f 9900 10052 10059
f 10059 10052 10051
f 10052 9899 9894
f 10053 9897 10060
f 10060 9897 9903
f 10063 10061 10062
f 10062 10064 10065
f 10061 10064 10062
f 10065 10054 10056
f 10065 10064 10054
f 10064 10066 10054
f 10054 10066 10057
f 10057 10066 10067
f 9906 9905 10058
f 9906 10058 10067
f 10067 10058 10057
f 10059 10058 9905
f 9908 10059 9905
f 10059 9908 9900
f 10060 9903 10068
f 10068 9903 9910
f 10071 10069 10070
f 10070 10072 10073
f 10069 10072 10070
f 10073 10072 10074
f 10077 10075 10076
f 10076 10078 10079
f 10075 10078 10076
f 10079 10080 10081
f 10078 10080 10079
f 10081 10082 10083
f 10080 10082 10081
f 10083 10084 10085
f 10082 10084 10083
f 10085 10086 10087
f 10084 10086 10085
f 10087 10061 10063
f 10087 10086 10061
f 10086 10088 10061
f 9913 9912 10064
f 9913 10064 10088
f 10088 10064 10061
f 10066 10064 9912
f 9915 10066 9912
f 10067 10066 9915
f 9917 10067 9915
f 10067 9917 9906
f 10068 9910 9922
f 10089 10068 9922
f 10089 9922 10090
f 9922 9924 10090
f 10090 9924 10091
f 9924 9926 10091
f 10092 9926 9927
f 10092 10093 9926
f 10093 10091 9926
f 10093 10094 10095
f 10092 10094 10093
f 10095 10096 10097
f 10094 10096 10095
f 10097 10098 10099
f 10096 10098 10097
f 10099 10100 10101
f 10098 10100 10099
f 10101 10069 10071
f 10101 10100 10069
f 10100 10102 10069
f 10069 10102 10072
f 10072 10102 10103
f 10074 10104 10105
f 10074 10072 10104
f 10072 10103 10104
f 10105 10106 10107
f 10104 10106 10105
f 10107 10108 10109
f 10106 10108 10107
f 9930 10109 10108
f 9930 9929 10109
f 9929 10110 10109
f 10110 9929 10111
f 9929 9932 10111
f 10075 10077 10111
f 10075 10111 9934
f 9934 10111 9932
f 10078 10075 9934
f 9936 10078 9934
f 10080 10078 9936
f 9938 10080 9936
f 10082 10080 9938
f 9940 10082 9938
f 10084 10082 9940
f 9942 10084 9940
f 10086 10084 9942
f 9944 10086 9942
f 10088 10086 9944
f 9946 10088 9944
f 10088 9946 9913
f 10092 9927 9948
f 10094 10092 9948
f 9949 10094 9948
f 10096 10094 9949
f 9950 10096 9949
f 10098 10096 9950
f 9952 10098 9950
f 10100 10098 9952
f 9954 10100 9952
f 10102 10100 9954
f 9955 10102 9954
f 10103 10102 9955
f 9956 10103 9955
f 10104 10103 9956
f 9957 10104 9956
f 10106 10104 9957
f 9959 10106 9957
f 10108 10106 9959
f 9961 10108 9959
f 10108 9961 9930
f 9962 9963 10112
f 9962 10112 9965
f 9970 9971 10113
f 10113 10115 10114
f 10113 10114 9970
f 9970 10114 9972
f 10117 10116 9973
f 10117 9973 10114
f 10114 9973 9972
f 10116 10119 10118
f 10116 10118 9973
f 9973 10118 9974
f 10118 10120 9974
f 9974 10120 9975
f 10120 10121 9975
f 9975 10121 9976
f 10121 10122 9976
f 9976 10122 9977
f 10122 10123 9977
f 9977 10123 9978
f 10123 10124 9978
f 9978 10124 9979
f 9963 10125 10112
f 9963 9979 10125
f 9979 10124 10125
f 10112 9980 9965
f 10112 10125 9980
f 10125 10126 9980
f 10128 10127 9981
f 10128 9981 10126
f 10126 9981 9980
f 9982 9981 10127
f 10129 9982 10127
f 9982 10129 9984
f 9985 9986 10130
f 9985 10130 9988
f 10131 10113 9971
f 10131 9971 10132
f 10132 9971 9992
f 10113 10131 10115
f 10117 10133 10116
f 10116 10133 10119
f 10128 10134 10127
f 10127 10135 10129
f 10134 10135 10127
f 10129 9993 9984
f 10129 10135 9993
f 10135 10136 9993
f 9986 10137 10130
f 9986 9993 10137
f 9993 10136 10137
f 10130 9994 9988
f 10130 10137 9994
f 10137 10138 9994
f 10138 10139 9994
f 9994 10139 9995
f 10141 10140 9996
f 10141 9996 10139
f 10139 9996 9995
f 9997 9996 10140
f 10142 9997 10140
f 9998 9997 10142
f 10143 9998 10142
f 9998 10143 10000
f 10132 9992 10144
f 10144 9992 10003
f 10141 10145 10140
f 10140 10146 10142
f 10145 10146 10140
f 10148 10142 10146
f 10148 10147 10142
f 10147 10143 10142
f 10004 10000 10143
f 10004 10143 10149
f 10149 10143 10147
f 10005 10004 10149
f 10150 10005 10149
f 10005 10150 10007
f 10144 10003 10151
f 10151 10003 10010
f 10148 10152 10147
f 10154 10147 10152
f 10154 10153 10147
f 10153 10149 10147
f 10149 10153 10150
f 10150 10153 10155
f 10011 10007 10150
f 10011 10150 10156
f 10156 10150 10155
f 10011 10156 10013
f 10151 10010 10157
f 10157 10010 10017
f 10154 10158 10153
f 10153 10159 10155
f 10158 10159 10153
f 10161 10155 10159
f 10161 10160 10155
f 10160 10156 10155
f 10018 10013 10156
f 10018 10156 10162
f 10162 10156 10160
f 10019 10018 10162
f 10163 10019 10162
f 10019 10163 10021
f 10157 10017 10164
f 10164 10017 10023
f 10161 10165 10160
f 10167 10160 10165
f 10167 10166 10160
f 10166 10162 10160
f 10162 10166 10163
f 10163 10166 10168
f 10163 10168 10025
f 10021 10163 10025
f 10164 10023 10169
f 10169 10023 10028
f 10171 10166 10167
f 10170 10166 10171
f 10166 10170 10168
f 10168 10170 10172
f 10029 10025 10168
f 10029 10168 10173
f 10173 10168 10172
f 10029 10173 10031
f 10169 10028 10174
f 10174 10028 10033
f 10176 10170 10171
f 10175 10170 10176
f 10170 10175 10172
f 10172 10175 10177
f 10036 10035 10173
f 10036 10173 10177
f 10177 10173 10172
f 10173 10035 10031
f 10174 10033 10178
f 10178 10033 10040
f 10181 10179 10180
f 10180 10182 10183
f 10179 10182 10180
f 10183 10175 10176
f 10183 10182 10175
f 10182 10184 10175
f 10175 10184 10177
f 10177 10184 10185
f 10177 10185 10042
f 10036 10177 10042
f 10178 10040 10186
f 10186 10040 10046
f 10189 10187 10188
f 10188 10179 10181
f 10188 10187 10179
f 10187 10190 10179
f 10179 10190 10182
f 10182 10190 10191
f 10182 10191 10184
f 10184 10191 10192
f 10049 10048 10185
f 10049 10185 10192
f 10192 10185 10184
f 10185 10048 10042
f 10186 10046 10193
f 10193 10046 10053
f 10196 10194 10195
f 10195 10197 10198
f 10194 10197 10195
f 10198 10199 10200
f 10197 10199 10198
f 10200 10187 10189
f 10200 10199 10187
f 10199 10201 10187
f 10187 10201 10190
f 10190 10201 10202
f 10190 10202 10191
f 10191 10202 10203
f 10056 10055 10192
f 10056 10192 10203
f 10203 10192 10191
f 10192 10055 10049
f 10193 10053 10204
f 10204 10053 10060
f 10207 10205 10206
f 10206 10208 10209
f 10205 10208 10206
f 10209 10208 10210
f 10213 10211 10212
f 10212 10214 10215
f 10211 10214 10212
f 10215 10194 10196
f 10215 10214 10194
f 10214 10216 10194
f 10194 10216 10197
f 10197 10216 10217
f 10197 10217 10199
f 10199 10217 10218
f 10199 10218 10201
f 10201 10218 10219
f 10063 10062 10202
f 10063 10202 10219
f 10219 10202 10201
f 10203 10202 10062
f 10065 10203 10062
f 10203 10065 10056
f 10220 10221 10204
f 10220 10204 10068
f 10068 10204 10060
f 10221 10222 10223
f 10220 10222 10221
f 10223 10224 10225
f 10222 10224 10223
f 10225 10226 10227
f 10224 10226 10225
f 10227 10228 10229
f 10226 10228 10227
f 10229 10230 10231
f 10228 10230 10229
f 10231 10205 10207
f 10231 10230 10205
f 10230 10232 10205
f 10205 10232 10208
f 10208 10232 10233
f 10210 10070 10234
f 10210 10233 10070
f 10210 10208 10233
f 10233 10071 10070
f 10234 10070 10235
f 10070 10073 10235
f 10236 10073 10074
f 10236 10237 10073
f 10237 10235 10073
f 10237 10238 10239
f 10236 10238 10237
f 10239 10240 10241
f 10238 10240 10239
f 10241 10242 10243
f 10240 10242 10241
f 10243 10244 10245
f 10242 10244 10243
f 10211 10077 10076
f 10213 10077 10211
f 10213 10244 10077
f 10213 10245 10244
f 10214 10211 10076
f 10079 10214 10076
f 10216 10214 10079
f 10081 10216 10079
f 10217 10216 10081
f 10083 10217 10081
f 10218 10217 10083
f 10085 10218 10083
f 10219 10218 10085
f 10087 10219 10085
f 10219 10087 10063
f 10220 10068 10089
f 10222 10220 10089
f 10090 10222 10089
f 10224 10222 10090
f 10091 10224 10090
f 10226 10224 10091
f 10093 10226 10091
f 10228 10226 10093
f 10095 10228 10093
f 10230 10228 10095
f 10097 10230 10095
f 10232 10230 10097
f 10099 10232 10097
f 10233 10232 10099
f 10101 10233 10099
f 10233 10101 10071
f 10236 10074 10105
f 10238 10236 10105
f 10107 10238 10105
f 10240 10238 10107
f 10109 10240 10107
f 10242 10240 10109
f 10110 10242 10109
f 10244 10242 10110
f 10111 10244 10110
f 10244 10111 10077
f 10114 10115 10246
f 10114 10246 10117
f 10119 10248 10247
f 10118 10119 10247
f 10247 10249 10118
f 10118 10249 10120
f 10249 10250 10120
f 10120 10250 10121
f 10252 10251 10122
f 10252 10122 10250
f 10250 10122 10121
f 10123 10122 10251
f 10253 10123 10251
f 10124 10123 10253
f 10254 10124 10253
f 10125 10124 10254
f 10255 10125 10254
f 10126 10125 10255
f 10256 10126 10255
f 10126 10256 10128
f 10132 10258 10257
f 10131 10132 10257
f 10115 10259 10246
f 10115 10131 10259
f 10131 10257 10259
f 10246 10133 10117
f 10246 10259 10133
f 10259 10260 10133
f 10260 10119 10133
f 10248 10119 10260
f 10252 10261 10251
f 10251 10262 10253
f 10261 10262 10251
f 10253 10263 10254
f 10262 10263 10253
f 10254 10264 10255
f 10263 10264 10254
f 10255 10265 10256
f 10264 10265 10255
f 10256 10134 10128
f 10256 10265 10134
f 10265 10266 10134
f 10266 10267 10134
f 10134 10267 10135
f 10267 10268 10135
f 10135 10268 10136
f 10270 10269 10137
f 10270 10137 10268
f 10268 10137 10136
f 10138 10137 10269
f 10271 10138 10269
f 10139 10138 10271
f 10272 10139 10271
f 10139 10272 10141
f 10258 10132 10273
f 10273 10132 10144
f 10270 10274 10269
f 10269 10275 10271
f 10274 10275 10269
f 10277 10271 10275
f 10277 10276 10271
f 10276 10272 10271
f 10145 10141 10272
f 10145 10272 10278
f 10278 10272 10276
f 10146 10145 10278
f 10279 10146 10278
f 10146 10279 10148
f 10273 10144 10280
f 10280 10144 10151
f 10277 10281 10276
f 10276 10282 10278
f 10281 10282 10276
f 10284 10278 10282
f 10284 10283 10278
f 10283 10279 10278
f 10152 10148 10279
f 10152 10279 10285
f 10285 10279 10283
f 10152 10285 10154
f 10280 10151 10286
f 10286 10151 10157
f 10284 10287 10283
f 10289 10283 10287
f 10289 10288 10283
f 10288 10285 10283
f 10158 10154 10285
f 10158 10285 10290
f 10290 10285 10288
f 10159 10158 10290
f 10291 10159 10290
f 10159 10291 10161
f 10286 10157 10292
f 10292 10157 10164
f 10289 10293 10288
f 10295 10288 10293
f 10295 10294 10288
f 10294 10290 10288
f 10290 10294 10291
f 10291 10294 10296
f 10165 10161 10291
f 10165 10291 10297
f 10297 10291 10296
f 10165 10297 10167
f 10292 10164 10298
f 10298 10164 10169
f 10301 10299 10300
f 10300 10294 10295
f 10300 10299 10294
f 10299 10302 10294
f 10294 10302 10296
f 10296 10302 10303
f 10296 10303 10297
f 10297 10303 10304
f 10297 10304 10171
f 10167 10297 10171
f 10298 10169 10305
f 10305 10169 10174
f 10308 10306 10307
f 10307 10299 10301
f 10307 10306 10299
f 10306 10309 10299
f 10299 10309 10302
f 10302 10309 10310
f 10302 10310 10303
f 10303 10310 10311
f 10303 10311 10304
f 10304 10311 10312
f 10304 10312 10176
f 10171 10304 10176
f 10305 10174 10313
f 10313 10174 10178
f 10315 10306 10308
f 10314 10306 10315
f 10306 10314 10309
f 10309 10314 10316
f 10309 10316 10310
f 10310 10316 10317
f 10181 10180 10311
f 10181 10311 10317
f 10317 10311 10310
f 10312 10311 10180
f 10183 10312 10180
f 10312 10183 10176
f 10313 10178 10318
f 10318 10178 10186
f 10321 10319 10320
f 10320 10322 10323
f 10319 10322 10320
f 10323 10314 10315
f 10323 10322 10314
f 10322 10324 10314
f 10314 10324 10316
f 10316 10324 10325
f 10189 10188 10317
f 10189 10317 10325
f 10325 10317 10316
f 10317 10188 10181
f 10318 10186 10326
f 10326 10186 10193
f 10329 10327 10328
f 10328 10327 10330
f 10333 10331 10332
f 10332 10334 10335
f 10331 10334 10332
f 10335 10336 10337
f 10334 10336 10335
f 10337 10338 10339
f 10336 10338 10337
f 10339 10319 10321
f 10339 10338 10319
f 10338 10340 10319
f 10196 10195 10322
f 10196 10322 10340
f 10340 10322 10319
f 10324 10322 10195
f 10198 10324 10195
f 10325 10324 10198
f 10200 10325 10198
f 10325 10200 10189
f 10341 10342 10326
f 10341 10326 10204
f 10204 10326 10193
f 10342 10343 10344
f 10341 10343 10342
f 10344 10327 10329
f 10344 10343 10327
f 10343 10345 10327
f 10330 10346 10347
f 10330 10327 10346
f 10327 10345 10346
f 10347 10348 10349
f 10346 10348 10347
f 10349 10350 10351
f 10348 10350 10349
f 10207 10351 10350
f 10207 10206 10351
f 10206 10352 10351
f 10352 10206 10353
f 10206 10209 10353
f 10354 10209 10210
f 10354 10355 10209
f 10355 10353 10209
f 10355 10356 10357
f 10354 10356 10355
f 10357 10358 10359
f 10356 10358 10357
f 10359 10360 10361
f 10358 10360 10359
f 10361 10331 10333
f 10361 10360 10331
f 10360 10362 10331
f 10331 10362 10334
f 10334 10362 10363
f 10334 10363 10336
f 10336 10363 10364
f 10213 10212 10338
f 10213 10338 10364
f 10364 10338 10336
f 10340 10338 10212
f 10215 10340 10212
f 10340 10215 10196
f 10341 10204 10221
f 10343 10341 10221
f 10223 10343 10221
f 10345 10343 10223
f 10225 10345 10223
f 10346 10345 10225
f 10227 10346 10225
f 10348 10346 10227
f 10229 10348 10227
f 10350 10348 10229
f 10231 10350 10229
f 10350 10231 10207
f 10354 10210 10234
f 10356 10354 10234
f 10235 10356 10234
f 10358 10356 10235
f 10237 10358 10235
f 10360 10358 10237
f 10239 10360 10237
f 10362 10360 10239
f 10241 10362 10239
f 10363 10362 10241
f 10243 10363 10241
f 10364 10363 10243
f 10245 10364 10243
f 10364 10245 10213
f 10247 10248 10365
f 10249 10247 10365
f 10366 10249 10365
f 10250 10249 10366
f 10367 10250 10366
f 10250 10367 10252
f 10258 10369 10368
f 10257 10258 10368
f 10368 10370 10257
f 10257 10370 10259
f 10370 10371 10259
f 10259 10371 10260
f 10248 10372 10365
f 10248 10260 10372
f 10260 10371 10372
f 10365 10373 10366
f 10372 10373 10365
f 10366 10374 10367
f 10373 10374 10366
f 10367 10261 10252
f 10367 10374 10261
f 10374 10375 10261
f 10375 10376 10261
f 10261 10376 10262
f 10376 10377 10262
f 10262 10377 10263
f 10377 10378 10263
f 10263 10378 10264
f 10378 10379 10264
f 10264 10379 10265
f 10379 10380 10265
f 10265 10380 10266
f 10382 10381 10267
f 10382 10267 10380
f 10380 10267 10266
f 10268 10267 10381
f 10383 10268 10381
f 10268 10383 10270
f 10369 10258 10384
f 10384 10258 10273
f 10382 10385 10381
f 10381 10386 10383
f 10385 10386 10381
f 10388 10387 10274
f 10386 10388 10274
f 10386 10274 10270
f 10386 10270 10383
f 10275 10274 10387
f 10389 10275 10387
f 10275 10389 10277
f 10384 10273 10390
f 10390 10273 10280
f 10392 10387 10388
f 10391 10387 10392
f 10387 10391 10389
f 10389 10391 10393
f 10281 10277 10389
f 10281 10389 10394
f 10394 10389 10393
f 10282 10281 10394
f 10395 10282 10394
f 10282 10395 10284
f 10390 10280 10396
f 10396 10280 10286
f 10392 10397 10391
f 10391 10398 10393
f 10397 10398 10391
f 10400 10393 10398
f 10400 10399 10393
f 10399 10394 10393
f 10394 10399 10395
f 10395 10399 10401
f 10287 10284 10395
f 10287 10395 10402
f 10402 10395 10401
f 10287 10402 10289
f 10396 10286 10403
f 10403 10286 10292
f 10400 10404 10399
f 10406 10399 10404
f 10406 10405 10399
f 10405 10401 10399
f 10401 10405 10402
f 10402 10405 10407
f 10293 10289 10402
f 10293 10402 10408
f 10408 10402 10407
f 10293 10408 10295
f 10403 10292 10409
f 10409 10292 10298
f 10412 10410 10411
f 10411 10405 10406
f 10411 10410 10405
f 10410 10413 10405
f 10405 10413 10407
f 10407 10413 10414
f 10301 10300 10408
f 10301 10408 10414
f 10414 10408 10407
f 10408 10300 10295
f 10409 10298 10415
f 10415 10298 10305
f 10418 10416 10417
f 10417 10410 10412
f 10417 10416 10410
f 10416 10419 10410
f 10410 10419 10413
f 10413 10419 10420
f 10308 10307 10414
f 10308 10414 10420
f 10420 10414 10413
f 10414 10307 10301
f 10415 10305 10421
f 10421 10305 10313
f 10424 10422 10423
f 10423 10425 10426
f 10422 10425 10423
f 10426 10427 10428
f 10425 10427 10426
f 10428 10416 10418
f 10428 10427 10416
f 10427 10429 10416
f 10416 10429 10419
f 10419 10429 10430
f 10419 10430 10420
f 10420 10430 10431
f 10420 10431 10315
f 10308 10420 10315
f 10432 10433 10421
f 10432 10421 10318
f 10318 10421 10313
f 10433 10432 10434
f 10436 10422 10424
f 10435 10422 10436
f 10422 10435 10425
f 10425 10435 10437
f 10425 10437 10427
f 10427 10437 10438
f 10427 10438 10429
f 10429 10438 10439
f 10321 10320 10430
f 10321 10430 10439
f 10439 10430 10429
f 10431 10430 10320
f 10323 10431 10320
f 10431 10323 10315
f 10440 10432 10318
f 10326 10440 10318
f 10434 10441 10442
f 10434 10432 10441
f 10432 10440 10441
f 10329 10442 10441
f 10329 10328 10442
f 10328 10443 10442
f 10444 10328 10330
f 10444 10445 10328
f 10445 10443 10328
f 10445 10446 10447
f 10444 10446 10445
f 10447 10448 10449
f 10446 10448 10447
f 10449 10450 10451
f 10448 10450 10449
f 10451 10452 10453
f 10450 10452 10451
f 10453 10454 10455
f 10452 10454 10453
f 10455 10456 10457
f 10454 10456 10455
f 10457 10458 10459
f 10456 10458 10457
f 10459 10460 10461
f 10458 10460 10459
f 10435 10333 10332
f 10436 10333 10435
f 10436 10460 10333
f 10436 10461 10460
f 10437 10435 10332
f 10335 10437 10332
f 10438 10437 10335
f 10337 10438 10335
f 10439 10438 10337
f 10339 10439 10337
f 10439 10339 10321
f 10440 10326 10342
f 10441 10440 10342
f 10344 10441 10342
f 10441 10344 10329
f 10444 10330 10347
f 10446 10444 10347
f 10349 10446 10347
f 10448 10446 10349
f 10351 10448 10349
f 10450 10448 10351
f 10352 10450 10351
f 10452 10450 10352
f 10353 10452 10352
f 10454 10452 10353
f 10355 10454 10353
f 10456 10454 10355
f 10357 10456 10355
f 10458 10456 10357
f 10359 10458 10357
f 10460 10458 10359
f 10361 10460 10359
f 10460 10361 10333
f 10369 10463 10462
f 10368 10369 10462
f 10462 10464 10368
f 10368 10464 10370
f 10464 10465 10370
f 10370 10465 10371
f 10465 10466 10371
f 10371 10466 10372
f 10466 10467 10372
f 10372 10467 10373
f 10467 10468 10373
f 10373 10468 10374
f 10468 10469 10374
f 10374 10469 10375
f 10469 10470 10375
f 10375 10470 10376
f 10470 10471 10376
f 10376 10471 10377
f 10473 10472 10378
f 10473 10378 10471
f 10471 10378 10377
f 10379 10378 10472
f 10474 10379 10472
f 10380 10379 10474
f 10475 10380 10474
f 10380 10475 10382
f 10463 10369 10476
f 10476 10369 10384
f 10473 10477 10472
f 10472 10478 10474
f 10477 10478 10472
f 10480 10474 10478
f 10480 10479 10474
f 10479 10475 10474
f 10385 10382 10475
f 10385 10475 10481
f 10481 10475 10479
f 10386 10385 10481
f 10482 10386 10481
f 10386 10482 10388
f 10476 10384 10483
f 10483 10384 10390
f 10480 10484 10479
f 10486 10479 10484
f 10486 10485 10479
f 10485 10481 10479
f 10481 10485 10482
f 10482 10485 10487
f 10482 10487 10392
f 10388 10482 10392
f 10483 10390 10488
f 10488 10390 10396
f 10486 10489 10485
f 10491 10485 10489
f 10491 10490 10485
f 10490 10487 10485
f 10397 10392 10487
f 10397 10487 10492
f 10492 10487 10490
f 10398 10397 10492
f 10493 10398 10492
f 10398 10493 10400
f 10488 10396 10494
f 10494 10396 10403
f 10496 10490 10491
f 10495 10490 10496
f 10490 10495 10492
f 10492 10495 10497
f 10492 10497 10493
f 10493 10497 10498
f 10404 10400 10493
f 10404 10493 10499
f 10499 10493 10498
f 10404 10499 10406
f 10494 10403 10500
f 10500 10403 10409
f 10503 10501 10502
f 10502 10495 10496
f 10502 10501 10495
f 10501 10504 10495
f 10495 10504 10497
f 10497 10504 10505
f 10497 10505 10498
f 10498 10505 10506
f 10412 10411 10499
f 10412 10499 10506
f 10506 10499 10498
f 10499 10411 10406
f 10500 10409 10507
f 10507 10409 10415
f 10510 10508 10509
f 10509 10501 10503
f 10509 10508 10501
f 10508 10511 10501
f 10501 10511 10504
f 10504 10511 10512
f 10504 10512 10505
f 10505 10512 10513
f 10418 10417 10506
f 10418 10506 10513
f 10513 10506 10505
f 10506 10417 10412
f 10507 10415 10514
f 10514 10415 10421
f 10517 10515 10516
f 10516 10518 10519
f 10515 10518 10516
f 10519 10520 10521
f 10518 10520 10519
f 10521 10508 10510
f 10521 10520 10508
f 10520 10522 10508
f 10424 10423 10511
f 10424 10511 10522
f 10522 10511 10508
f 10512 10511 10423
f 10426 10512 10423
f 10513 10512 10426
f 10428 10513 10426
f 10513 10428 10418
f 10514 10421 10433
f 10523 10514 10433
f 10524 10433 10434
f 10524 10525 10433
f 10525 10523 10433
f 10525 10526 10527
f 10524 10526 10525
f 10527 10528 10529
f 10526 10528 10527
f 10529 10528 10530
f 10533 10531 10532
f 10532 10534 10535
f 10531 10534 10532
f 10535 10515 10517
f 10535 10534 10515
f 10534 10536 10515
f 10515 10536 10518
f 10518 10536 10537
f 10518 10537 10520
f 10520 10537 10538
f 10520 10538 10522
f 10522 10538 10539
f 10522 10539 10436
f 10424 10522 10436
f 10524 10434 10442
f 10526 10524 10442
f 10443 10526 10442
f 10528 10526 10443
f 10445 10528 10443
f 10530 10528 10445
f 10530 10445 10540
f 10540 10445 10447
f 10540 10447 10541
f 10447 10449 10541
f 10531 10533 10541
f 10531 10541 10451
f 10451 10541 10449
f 10534 10531 10451
f 10453 10534 10451
f 10536 10534 10453
f 10455 10536 10453
f 10537 10536 10455
f 10457 10537 10455
f 10538 10537 10457
f 10459 10538 10457
f 10539 10538 10459
f 10461 10539 10459
f 10539 10461 10436
f 10463 10543 10542
f 10462 10463 10542
f 10542 10544 10462
f 10462 10544 10464
f 10544 10545 10464
f 10464 10545 10465
f 10545 10546 10465
f 10465 10546 10466
f 10546 10547 10466
f 10466 10547 10467
f 10549 10548 10468
f 10549 10468 10547
f 10547 10468 10467
f 10469 10468 10548
f 10550 10469 10548
f 10470 10469 10550
f 10551 10470 10550
f 10471 10470 10551
f 10552 10471 10551
f 10471 10552 10473
f 10543 10463 10553
f 10553 10463 10476
f 10549 10554 10548
f 10548 10555 10550
f 10554 10555 10548
f 10550 10556 10551
f 10555 10556 10550
f 10551 10557 10552
f 10556 10557 10551
f 10559 10558 10477
f 10557 10559 10477
f 10557 10477 10473
f 10557 10473 10552
f 10478 10477 10558
f 10560 10478 10558
f 10478 10560 10480
f 10553 10476 10561
f 10561 10476 10483
f 10563 10558 10559
f 10562 10558 10563
f 10558 10562 10560
f 10560 10562 10564
f 10484 10480 10560
f 10484 10560 10565
f 10565 10560 10564
f 10484 10565 10486
f 10561 10483 10566
f 10566 10483 10488
f 10563 10567 10562
f 10569 10562 10567
f 10569 10568 10562
f 10568 10564 10562
f 10564 10568 10565
f 10565 10568 10570
f 10489 10486 10565
f 10489 10565 10571
f 10571 10565 10570
f 10489 10571 10491
f 10566 10488 10572
f 10572 10488 10494
f 10575 10573 10574
f 10574 10568 10569
f 10574 10573 10568
f 10573 10576 10568
f 10568 10576 10570
f 10570 10576 10577
f 10570 10577 10571
f 10571 10577 10578
f 10571 10578 10496
f 10491 10571 10496
f 10572 10494 10579
f 10579 10494 10500
f 10582 10580 10581
f 10581 10583 10584
f 10580 10583 10581
f 10584 10573 10575
f 10584 10583 10573
f 10583 10585 10573
f 10573 10585 10576
f 10576 10585 10586
f 10576 10586 10577
f 10577 10586 10587
f 10503 10502 10578
f 10503 10578 10587
f 10587 10578 10577
f 10578 10502 10496
f 10579 10500 10588
f 10588 10500 10507
f 10590 10580 10582
f 10589 10580 10590
f 10580 10589 10583
f 10583 10589 10591
f 10583 10591 10585
f 10585 10591 10592
f 10585 10592 10586
f 10586 10592 10593
f 10510 10509 10587
f 10510 10587 10593
f 10593 10587 10586
f 10587 10509 10503
f 10594 10595 10588
f 10594 10588 10514
f 10514 10588 10507
f 10595 10596 10597
f 10594 10596 10595
f 10597 10598 10599
f 10596 10598 10597
f 10599 10600 10601
f 10598 10600 10599
f 10601 10602 10603
f 10600 10602 10601
f 10603 10604 10605
f 10602 10604 10603
f 10605 10606 10607
f 10604 10606 10605
f 10607 10589 10590
f 10607 10606 10589
f 10606 10608 10589
f 10517 10516 10591
f 10517 10591 10608
f 10608 10591 10589
f 10592 10591 10516
f 10519 10592 10516
f 10593 10592 10519
f 10521 10593 10519
f 10593 10521 10510
f 10594 10514 10523
f 10596 10594 10523
f 10525 10596 10523
f 10598 10596 10525
f 10527 10598 10525
f 10600 10598 10527
f 10529 10600 10527
f 10529 10530 10609
f 10529 10609 10600
f 10600 10609 10602
f 10602 10609 10604
f 10604 10609 10610
f 10533 10532 10606
f 10533 10606 10610
f 10610 10606 10604
f 10608 10606 10532
f 10535 10608 10532
f 10608 10535 10517
f 10609 10530 10540
f 10610 10609 10540
f 10541 10610 10540
f 10610 10541 10533
f 10542 10543 10611
f 10544 10542 10611
f 10612 10544 10611
f 10612 10614 10613
f 10612 10613 10544
f 10544 10613 10545
f 10616 10615 10546
f 10616 10546 10613
f 10613 10546 10545
f 10547 10546 10615
f 10617 10547 10615
f 10547 10617 10549
f 10618 10611 10543
f 10618 10543 10619
f 10619 10543 10553
f 10611 10620 10612
f 10618 10620 10611
f 10612 10620 10614
f 10616 10621 10615
f 10615 10622 10617
f 10621 10622 10615
f 10617 10554 10549
f 10617 10622 10554
f 10622 10623 10554
f 10625 10624 10555
f 10625 10555 10623
f 10623 10555 10554
f 10556 10555 10624
f 10626 10556 10624
f 10557 10556 10626
f 10627 10557 10626
f 10557 10627 10559
f 10619 10553 10628
f 10628 10553 10561
f 10625 10629 10624
f 10631 10624 10629
f 10631 10630 10624
f 10630 10626 10624
f 10626 10630 10627
f 10627 10630 10632
f 10627 10632 10563
f 10559 10627 10563
f 10628 10561 10633
f 10633 10561 10566
f 10631 10634 10630
f 10636 10630 10634
f 10636 10635 10630
f 10635 10632 10630
f 10567 10563 10632
f 10567 10632 10637
f 10637 10632 10635
f 10567 10637 10569
f 10633 10566 10638
f 10638 10566 10572
f 10641 10639 10640
f 10640 10642 10643
f 10639 10642 10640
f 10643 10635 10636
f 10643 10642 10635
f 10642 10644 10635
f 10575 10574 10637
f 10575 10637 10644
f 10644 10637 10635
f 10637 10574 10569
f 10638 10572 10645
f 10645 10572 10579
f 10648 10646 10647
f 10647 10649 10650
f 10646 10649 10647
f 10650 10651 10652
f 10649 10651 10650
f 10652 10639 10641
f 10652 10651 10639
f 10651 10653 10639
f 10582 10581 10642
f 10582 10642 10653
f 10653 10642 10639
f 10644 10642 10581
f 10584 10644 10581
f 10644 10584 10575
f 10654 10655 10645
f 10654 10645 10588
f 10588 10645 10579
f 10655 10654 10656
f 10659 10657 10658
f 10658 10646 10648
f 10658 10657 10646
f 10657 10660 10646
f 10646 10660 10649
f 10649 10660 10661
f 10649 10661 10651
f 10651 10661 10662
f 10651 10662 10653
f 10653 10662 10663
f 10653 10663 10590
f 10582 10653 10590
f 10654 10588 10595
f 10656 10654 10595
f 10656 10595 10664
f 10664 10595 10597
f 10657 10659 10664
f 10657 10664 10599
f 10599 10664 10597
f 10660 10657 10599
f 10601 10660 10599
f 10661 10660 10601
f 10603 10661 10601
f 10662 10661 10603
f 10605 10662 10603
f 10663 10662 10605
f 10607 10663 10605
f 10663 10607 10590
f 10613 10614 10665
f 10613 10665 10616
f 10619 10667 10666
f 10618 10619 10666
f 10666 10668 10618
f 10618 10668 10620
f 10614 10620 10668
f 10614 10668 10669
f 10614 10669 10665
f 10669 10668 10670
f 10621 10616 10665
f 10621 10665 10671
f 10671 10665 10669
f 10622 10621 10671
f 10672 10622 10671
f 10623 10622 10672
f 10673 10623 10672
f 10623 10673 10625
f 10667 10619 10674
f 10674 10619 10628
f 10670 10675 10669
f 10669 10676 10671
f 10675 10676 10669
f 10678 10671 10676
f 10678 10677 10671
f 10677 10672 10671
f 10672 10677 10673
f 10673 10677 10679
f 10629 10625 10673
f 10629 10673 10680
f 10680 10673 10679
f 10629 10680 10631
f 10674 10628 10681
f 10681 10628 10633
f 10684 10682 10683
f 10683 10677 10678
f 10683 10682 10677
f 10682 10685 10677
f 10677 10685 10679
f 10679 10685 10686
f 10679 10686 10680
f 10680 10686 10687
f 10634 10631 10680
f 10634 10680 10688
f 10688 10680 10687
f 10634 10688 10636
f 10681 10633 10689
f 10689 10633 10638
f 10692 10690 10691
f 10691 10682 10684
f 10691 10690 10682
f 10690 10693 10682
f 10682 10693 10685
f 10685 10693 10694
f 10685 10694 10686
f 10686 10694 10695
f 10641 10640 10687
f 10641 10687 10695
f 10695 10687 10686
f 10688 10687 10640
f 10643 10688 10640
f 10688 10643 10636
f 10696 10697 10689
f 10696 10689 10645
f 10645 10689 10638
f 10697 10698 10699
f 10696 10698 10697
f 10699 10690 10692
f 10699 10698 10690
f 10698 10700 10690
f 10648 10647 10693
f 10648 10693 10700
f 10700 10693 10690
f 10694 10693 10647
f 10650 10694 10647
f 10695 10694 10650
f 10652 10695 10650
f 10695 10652 10641
f 10696 10645 10655
f 10655 10656 10701
f 10655 10701 10696
f 10696 10701 10698
f 10659 10658 10700
f 10659 10700 10701
f 10701 10700 10698
f 10700 10658 10648
f 10701 10656 10664
f 10701 10664 10659
f 10666 10667 10702
f 10668 10666 10702
f 10703 10668 10702
f 10668 10703 10670
f 10704 10702 10667
f 10674 10704 10667
f 10702 10704 10703
f 10703 10704 10705
f 10675 10670 10703
f 10675 10703 10706
f 10706 10703 10705
f 10676 10675 10706
f 10707 10676 10706
f 10676 10707 10678
f 10708 10704 10674
f 10681 10708 10674
f 10704 10708 10705
f 10705 10708 10709
f 10705 10709 10706
f 10706 10709 10710
f 10684 10683 10707
f 10684 10707 10710
f 10710 10707 10706
f 10707 10683 10678
f 10711 10708 10681
f 10689 10711 10681
f 10708 10711 10709
f 10709 10711 10712
f 10692 10691 10710
f 10692 10710 10712
f 10712 10710 10709
f 10710 10691 10684
f 10711 10689 10697
f 10712 10711 10697
f 10699 10712 10697
f 10712 10699 10692
