v 0.18529 -0.25392 0.02745
v 0.18667 -0.25529 0.02745
v 0.18667 -0.25392 0.02676
v 0.18667 -0.25392 0.02814
v 0.18529 -0.25392 0.03020
v 0.18667 -0.25529 0.03020
v 0.18667 -0.25392 0.02951
v 0.18667 -0.25392 0.03088
v 0.18667 -0.25255 0.02745
v 0.18667 -0.25255 0.03020
v 0.18804 -0.25941 0.06176
v 0.18941 -0.26078 0.06176
v 0.18941 -0.25941 0.06108
v 0.18804 -0.25941 0.06314
v 0.18941 -0.26078 0.06314
v 0.18804 -0.25941 0.06451
v 0.18941 -0.26078 0.06451
v 0.18804 -0.25941 0.06588
v 0.18941 -0.26078 0.06588
v 0.18804 -0.25941 0.06725
v 0.18941 -0.26078 0.06725
v 0.18941 -0.25941 0.06794
v 0.18804 -0.25667 0.01510
v 0.18941 -0.25804 0.01510
v 0.18941 -0.25667 0.01441
v 0.18804 -0.25667 0.01647
v 0.18941 -0.25804 0.01647
v 0.18804 -0.25667 0.01784
v 0.18941 -0.25804 0.01784
v 0.18804 -0.25667 0.01922
v 0.18941 -0.25804 0.01922
v 0.18804 -0.25667 0.02059
v 0.18941 -0.25804 0.02059
v 0.18804 -0.25667 0.02196
v 0.18941 -0.25804 0.02196
v 0.18804 -0.25667 0.02333
v 0.18941 -0.25804 0.02333
v 0.18804 -0.25667 0.02471
v 0.18941 -0.25804 0.02471
v 0.18804 -0.25667 0.02608
v 0.18941 -0.25804 0.02608
v 0.18804 -0.25667 0.02745
v 0.18941 -0.25804 0.02745
v 0.18804 -0.25667 0.02882
v 0.18941 -0.25804 0.02882
v 0.18804 -0.25667 0.03020
v 0.18941 -0.25804 0.03020
v 0.18804 -0.25667 0.03157
v 0.18941 -0.25804 0.03157
v 0.18804 -0.25667 0.03294
v 0.18941 -0.25804 0.03294
v 0.18804 -0.25667 0.03431
v 0.18941 -0.25804 0.03431
v 0.18941 -0.25667 0.03500
v 0.18804 -0.25667 0.06176
v 0.18941 -0.25667 0.06108
v 0.18804 -0.25667 0.06314
v 0.18941 -0.25804 0.06451
v 0.18941 -0.25667 0.06382
v 0.18941 -0.25804 0.06588
v 0.18941 -0.25804 0.06725
v 0.18941 -0.25529 0.01510
v 0.18941 -0.25529 0.01647
v 0.18941 -0.25529 0.01784
v 0.18804 -0.25392 0.01922
v 0.18941 -0.25392 0.01853
v 0.18804 -0.25392 0.02059
v 0.18804 -0.25392 0.02196
v 0.18804 -0.25392 0.02333
v 0.18804 -0.25392 0.02471
v 0.18804 -0.25392 0.02608
v 0.18804 -0.25392 0.02882
v 0.18804 -0.25392 0.03157
v 0.18804 -0.25392 0.03294
v 0.18804 -0.25392 0.03431
v 0.18804 -0.25392 0.03569
v 0.18941 -0.25529 0.03569
v 0.18804 -0.25392 0.03706
v 0.18941 -0.25529 0.03706
v 0.18804 -0.25392 0.03843
v 0.18941 -0.25529 0.03843
v 0.18804 -0.25392 0.03980
v 0.18941 -0.25529 0.03980
v 0.18804 -0.25392 0.04118
v 0.18941 -0.25529 0.04118
v 0.18804 -0.25392 0.04255
v 0.18941 -0.25529 0.04255
v 0.18941 -0.25392 0.04324
v 0.18941 -0.25529 0.06176
v 0.18941 -0.25529 0.06314
v 0.18941 -0.25255 0.01922
v 0.18941 -0.25255 0.02059
v 0.18941 -0.25255 0.02196
v 0.18941 -0.25255 0.02333
v 0.18941 -0.25255 0.02471
v 0.18804 -0.25118 0.02608
v 0.18941 -0.25118 0.02539
v 0.18804 -0.25118 0.02745
v 0.18804 -0.25118 0.02882
v 0.18804 -0.25118 0.03020
v 0.18804 -0.25118 0.03157
v 0.18804 -0.25118 0.03294
v 0.18804 -0.25118 0.03431
v 0.18804 -0.25118 0.03569
v 0.18804 -0.25118 0.03706
v 0.18804 -0.25118 0.03843
v 0.18804 -0.25118 0.03980
v 0.18804 -0.25118 0.04118
v 0.18941 -0.25255 0.04255
v 0.18941 -0.25118 0.04186
v 0.18941 -0.24980 0.02608
v 0.18941 -0.24980 0.02745
v 0.18941 -0.24980 0.02882
v 0.18941 -0.24980 0.03020
v 0.18941 -0.24980 0.03157
v 0.18941 -0.24980 0.03294
v 0.18941 -0.24980 0.03431
v 0.18941 -0.24980 0.03569
v 0.18941 -0.24980 0.03706
v 0.18941 -0.24980 0.03843
v 0.18941 -0.24980 0.03980
v 0.18941 -0.24980 0.04118
v 0.19078 -0.26216 0.06176
v 0.19216 -0.26353 0.06176
v 0.19216 -0.26216 0.06108
v 0.19078 -0.26216 0.06314
v 0.19216 -0.26353 0.06314
v 0.19078 -0.26216 0.06451
v 0.19216 -0.26353 0.06451
v 0.19078 -0.26216 0.06588
v 0.19216 -0.26353 0.06588
v 0.19216 -0.26216 0.06657
v 0.19078 -0.25941 0.01235
v 0.19216 -0.26078 0.01235
v 0.19216 -0.25941 0.01167
v 0.19078 -0.25941 0.01373
v 0.19216 -0.26078 0.01373
v 0.19078 -0.25941 0.01510
v 0.19216 -0.26078 0.01510
v 0.19078 -0.25941 0.01647
v 0.19216 -0.26078 0.01647
v 0.19078 -0.25941 0.01784
v 0.19216 -0.26078 0.01784
v 0.19078 -0.25941 0.01922
v 0.19216 -0.26078 0.01922
v 0.19078 -0.25941 0.02059
v 0.19216 -0.26078 0.02059
v 0.19078 -0.25941 0.02196
v 0.19216 -0.26078 0.02196
v 0.19078 -0.25941 0.02333
v 0.19216 -0.26078 0.02333
v 0.19078 -0.25941 0.02471
v 0.19216 -0.26078 0.02471
v 0.19078 -0.25941 0.02608
v 0.19216 -0.26078 0.02608
v 0.19078 -0.25941 0.02745
v 0.19216 -0.26078 0.02745
v 0.19078 -0.25941 0.02882
v 0.19216 -0.26078 0.02882
v 0.19078 -0.25941 0.03020
v 0.19216 -0.26078 0.03020
v 0.19078 -0.25941 0.03157
v 0.19216 -0.26078 0.03157
v 0.19078 -0.25941 0.03294
v 0.19216 -0.26078 0.03294
v 0.19078 -0.25941 0.03431
v 0.19216 -0.26078 0.03431
v 0.19216 -0.25941 0.03500
v 0.19216 -0.25941 0.06108
v 0.19216 -0.26078 0.06725
v 0.19078 -0.25941 0.06863
v 0.19216 -0.26078 0.06863
v 0.19216 -0.25941 0.06931
v 0.19216 -0.25804 0.01235
v 0.19078 -0.25667 0.01373
v 0.19216 -0.25667 0.01304
v 0.19078 -0.25667 0.03569
v 0.19216 -0.25804 0.03569
v 0.19078 -0.25667 0.03706
v 0.19216 -0.25804 0.03706
v 0.19078 -0.25667 0.03843
v 0.19216 -0.25804 0.03843
v 0.19078 -0.25667 0.03980
v 0.19216 -0.25804 0.03980
v 0.19078 -0.25667 0.04118
v 0.19216 -0.25804 0.04118
v 0.19078 -0.25667 0.04255
v 0.19216 -0.25804 0.04255
v 0.19216 -0.25667 0.04324
v 0.19078 -0.25667 0.06039
v 0.19216 -0.25804 0.06039
v 0.19216 -0.25667 0.05971
v 0.19078 -0.25667 0.06451
v 0.19078 -0.25667 0.06588
v 0.19078 -0.25667 0.06725
v 0.19078 -0.25667 0.06863
v 0.19078 -0.25667 0.07000
v 0.19216 -0.25804 0.07000
v 0.19078 -0.25667 0.07137
v 0.19216 -0.25804 0.07137
v 0.19216 -0.25667 0.07206
v 0.19216 -0.25529 0.01373
v 0.19216 -0.25529 0.01510
v 0.19216 -0.25529 0.01647
v 0.19078 -0.25392 0.01784
v 0.19216 -0.25392 0.01716
v 0.19078 -0.25392 0.04392
v 0.19216 -0.25529 0.04392
v 0.19078 -0.25392 0.04529
v 0.19216 -0.25529 0.04529
v 0.19078 -0.25392 0.04667
v 0.19216 -0.25529 0.04667
v 0.19078 -0.25392 0.04804
v 0.19216 -0.25529 0.04804
v 0.19078 -0.25392 0.04941
v 0.19216 -0.25529 0.04941
v 0.19078 -0.25392 0.05078
v 0.19216 -0.25529 0.05078
v 0.19078 -0.25392 0.05216
v 0.19216 -0.25529 0.05216
v 0.19216 -0.25392 0.05284
v 0.19216 -0.25529 0.06039
v 0.19216 -0.25529 0.06176
v 0.19216 -0.25529 0.06314
v 0.19216 -0.25529 0.06451
v 0.19216 -0.25529 0.06588
v 0.19216 -0.25529 0.06725
v 0.19216 -0.25529 0.06863
v 0.19216 -0.25529 0.07000
v 0.19216 -0.25529 0.07137
v 0.19216 -0.25255 0.01784
v 0.19216 -0.25255 0.01922
v 0.19216 -0.25255 0.02059
v 0.19078 -0.25118 0.02196
v 0.19216 -0.25118 0.02127
v 0.19078 -0.25118 0.02333
v 0.19078 -0.25118 0.02471
v 0.19078 -0.25118 0.04255
v 0.19078 -0.25118 0.04392
v 0.19078 -0.25118 0.04529
v 0.19216 -0.25255 0.04667
v 0.19216 -0.25118 0.04598
v 0.19216 -0.25255 0.04804
v 0.19216 -0.25255 0.04941
v 0.19216 -0.25255 0.05078
v 0.19216 -0.25255 0.05216
v 0.19216 -0.24980 0.02196
v 0.19216 -0.24980 0.02333
v 0.19216 -0.24980 0.02471
v 0.19216 -0.24980 0.02608
v 0.19216 -0.24980 0.02745
v 0.19216 -0.24980 0.02882
v 0.19216 -0.24980 0.03020
v 0.19216 -0.24980 0.03157
v 0.19216 -0.24980 0.03294
v 0.19216 -0.24980 0.03431
v 0.19216 -0.24980 0.03569
v 0.19216 -0.24980 0.03706
v 0.19216 -0.24980 0.03843
v 0.19216 -0.24980 0.03980
v 0.19216 -0.24980 0.04118
v 0.19216 -0.24980 0.04255
v 0.19216 -0.24980 0.04392
v 0.19216 -0.24980 0.04529
v 0.19353 -0.26490 0.06176
v 0.19490 -0.26627 0.06176
v 0.19490 -0.26490 0.06108
v 0.19353 -0.26490 0.06314
v 0.19490 -0.26627 0.06314
v 0.19353 -0.26490 0.06451
v 0.19490 -0.26627 0.06451
v 0.19353 -0.26490 0.06588
v 0.19490 -0.26627 0.06588
v 0.19490 -0.26490 0.06657
v 0.19353 -0.26216 0.00824
v 0.19490 -0.26353 0.00824
v 0.19490 -0.26216 0.00755
v 0.19353 -0.26216 0.00961
v 0.19490 -0.26353 0.00961
v 0.19353 -0.26216 0.01098
v 0.19490 -0.26353 0.01098
v 0.19353 -0.26216 0.01235
v 0.19490 -0.26353 0.01235
v 0.19353 -0.26216 0.01373
v 0.19490 -0.26353 0.01373
v 0.19353 -0.26216 0.01510
v 0.19490 -0.26353 0.01510
v 0.19353 -0.26216 0.01647
v 0.19490 -0.26353 0.01647
v 0.19353 -0.26216 0.01784
v 0.19490 -0.26353 0.01784
v 0.19353 -0.26216 0.01922
v 0.19490 -0.26353 0.01922
v 0.19353 -0.26216 0.02059
v 0.19490 -0.26353 0.02059
v 0.19353 -0.26216 0.02196
v 0.19490 -0.26353 0.02196
v 0.19353 -0.26216 0.02333
v 0.19490 -0.26353 0.02333
v 0.19353 -0.26216 0.02471
v 0.19490 -0.26353 0.02471
v 0.19353 -0.26216 0.02608
v 0.19490 -0.26353 0.02608
v 0.19353 -0.26216 0.02745
v 0.19490 -0.26353 0.02745
v 0.19353 -0.26216 0.02882
v 0.19490 -0.26353 0.02882
v 0.19353 -0.26216 0.03020
v 0.19490 -0.26353 0.03020
v 0.19353 -0.26216 0.03157
v 0.19490 -0.26353 0.03157
v 0.19353 -0.26216 0.03294
v 0.19490 -0.26353 0.03294
v 0.19353 -0.26216 0.03431
v 0.19490 -0.26353 0.03431
v 0.19490 -0.26216 0.03500
v 0.19490 -0.26216 0.06108
v 0.19353 -0.26216 0.06725
v 0.19490 -0.26353 0.06725
v 0.19490 -0.26216 0.06794
v 0.19490 -0.26078 0.00824
v 0.19353 -0.25941 0.00961
v 0.19490 -0.25941 0.00892
v 0.19353 -0.25941 0.01098
v 0.19353 -0.25941 0.03569
v 0.19490 -0.26078 0.03569
v 0.19353 -0.25941 0.03706
v 0.19490 -0.26078 0.03706
v 0.19353 -0.25941 0.03843
v 0.19490 -0.26078 0.03843
v 0.19353 -0.25941 0.03980
v 0.19490 -0.26078 0.03980
v 0.19353 -0.25941 0.04118
v 0.19490 -0.26078 0.04118
v 0.19353 -0.25941 0.04255
v 0.19490 -0.26078 0.04255
v 0.19490 -0.25941 0.04324
v 0.19353 -0.25941 0.06039
v 0.19490 -0.26078 0.06039
v 0.19490 -0.25941 0.05971
v 0.19490 -0.26078 0.06863
v 0.19490 -0.25941 0.06931
v 0.19490 -0.25804 0.00961
v 0.19490 -0.25804 0.01098
v 0.19490 -0.25804 0.01235
v 0.19490 -0.25667 0.01304
v 0.19353 -0.25667 0.04392
v 0.19490 -0.25804 0.04392
v 0.19353 -0.25667 0.04529
v 0.19490 -0.25804 0.04529
v 0.19353 -0.25667 0.04667
v 0.19490 -0.25804 0.04667
v 0.19353 -0.25667 0.04804
v 0.19490 -0.25804 0.04804
v 0.19353 -0.25667 0.04941
v 0.19490 -0.25804 0.04941
v 0.19353 -0.25667 0.05078
v 0.19490 -0.25804 0.05078
v 0.19353 -0.25667 0.05216
v 0.19490 -0.25804 0.05216
v 0.19490 -0.25667 0.05284
v 0.19353 -0.25667 0.06039
v 0.19490 -0.25804 0.06039
v 0.19490 -0.25667 0.06108
v 0.19490 -0.25804 0.07000
v 0.19353 -0.25667 0.07137
v 0.19490 -0.25667 0.07069
v 0.19490 -0.25529 0.01373
v 0.19353 -0.25392 0.01510
v 0.19490 -0.25392 0.01441
v 0.19353 -0.25392 0.01647
v 0.19353 -0.25392 0.05353
v 0.19490 -0.25529 0.05353
v 0.19353 -0.25392 0.05490
v 0.19490 -0.25529 0.05490
v 0.19353 -0.25392 0.05627
v 0.19490 -0.25529 0.05627
v 0.19353 -0.25392 0.05765
v 0.19490 -0.25529 0.05765
v 0.19353 -0.25392 0.05902
v 0.19490 -0.25529 0.05902
v 0.19353 -0.25392 0.06039
v 0.19490 -0.25529 0.06039
v 0.19490 -0.25529 0.06176
v 0.19490 -0.25392 0.06108
v 0.19490 -0.25529 0.06314
v 0.19490 -0.25529 0.06451
v 0.19490 -0.25529 0.06588
v 0.19490 -0.25529 0.06725
v 0.19490 -0.25529 0.06863
v 0.19490 -0.25529 0.07000
v 0.19490 -0.25255 0.01510
v 0.19490 -0.25255 0.01647
v 0.19490 -0.25255 0.01784
v 0.19490 -0.25255 0.01922
v 0.19353 -0.25118 0.02059
v 0.19490 -0.25118 0.01990
v 0.19353 -0.25118 0.04392
v 0.19490 -0.25255 0.04392
v 0.19490 -0.25118 0.04324
v 0.19353 -0.25118 0.04529
v 0.19490 -0.25255 0.04529
v 0.19490 -0.25255 0.04667
v 0.19490 -0.25255 0.04804
v 0.19490 -0.25255 0.04941
v 0.19490 -0.25255 0.05078
v 0.19490 -0.25255 0.05216
v 0.19490 -0.25255 0.05353
v 0.19490 -0.25255 0.05490
v 0.19490 -0.25255 0.05627
v 0.19490 -0.25255 0.05765
v 0.19490 -0.25255 0.05902
v 0.19490 -0.25255 0.06039
v 0.19490 -0.24980 0.02059
v 0.19490 -0.24980 0.02196
v 0.19490 -0.24980 0.02333
v 0.19490 -0.24980 0.02471
v 0.19490 -0.24980 0.02608
v 0.19490 -0.24980 0.02745
v 0.19490 -0.24980 0.02882
v 0.19490 -0.24980 0.03020
v 0.19490 -0.24980 0.03157
v 0.19490 -0.24980 0.03294
v 0.19490 -0.24980 0.03431
v 0.19490 -0.24980 0.03569
v 0.19490 -0.24980 0.03706
v 0.19490 -0.24980 0.03843
v 0.19490 -0.24980 0.03980
v 0.19490 -0.24980 0.04118
v 0.19490 -0.24980 0.04255
v 0.19627 -0.26765 0.06176
v 0.19765 -0.26902 0.06176
v 0.19765 -0.26765 0.06108
v 0.19627 -0.26765 0.06314
v 0.19765 -0.26902 0.06314
v 0.19765 -0.26765 0.06382
v 0.19627 -0.26490 0.00686
v 0.19765 -0.26627 0.00686
v 0.19765 -0.26490 0.00618
v 0.19627 -0.26490 0.00824
v 0.19765 -0.26627 0.00824
v 0.19627 -0.26490 0.00961
v 0.19765 -0.26627 0.00961
v 0.19627 -0.26490 0.01098
v 0.19765 -0.26627 0.01098
v 0.19627 -0.26490 0.01235
v 0.19765 -0.26627 0.01235
v 0.19627 -0.26490 0.01373
v 0.19765 -0.26627 0.01373
v 0.19627 -0.26490 0.01510
v 0.19765 -0.26627 0.01510
v 0.19627 -0.26490 0.01647
v 0.19765 -0.26627 0.01647
v 0.19627 -0.26490 0.01784
v 0.19765 -0.26627 0.01784
v 0.19627 -0.26490 0.01922
v 0.19765 -0.26627 0.01922
v 0.19627 -0.26490 0.02059
v 0.19765 -0.26627 0.02059
v 0.19627 -0.26490 0.02196
v 0.19765 -0.26627 0.02196
v 0.19627 -0.26490 0.02333
v 0.19765 -0.26627 0.02333
v 0.19627 -0.26490 0.02471
v 0.19765 -0.26627 0.02471
v 0.19627 -0.26490 0.02608
v 0.19765 -0.26627 0.02608
v 0.19627 -0.26490 0.02745
v 0.19765 -0.26627 0.02745
v 0.19627 -0.26490 0.02882
v 0.19765 -0.26627 0.02882
v 0.19627 -0.26490 0.03020
v 0.19765 -0.26627 0.03020
v 0.19627 -0.26490 0.03157
v 0.19765 -0.26627 0.03157
v 0.19627 -0.26490 0.03294
v 0.19765 -0.26627 0.03294
v 0.19627 -0.26490 0.03431
v 0.19765 -0.26627 0.03431
v 0.19765 -0.26490 0.03500
v 0.19765 -0.26490 0.06108
v 0.19765 -0.26627 0.06451
v 0.19627 -0.26490 0.06588
v 0.19765 -0.26490 0.06520
v 0.19765 -0.26353 0.00686
v 0.19765 -0.26216 0.00755
v 0.19627 -0.26216 0.03569
v 0.19765 -0.26353 0.03569
v 0.19627 -0.26216 0.03706
v 0.19765 -0.26353 0.03706
v 0.19627 -0.26216 0.03843
v 0.19765 -0.26353 0.03843
v 0.19627 -0.26216 0.03980
v 0.19765 -0.26353 0.03980
v 0.19627 -0.26216 0.04118
v 0.19765 -0.26353 0.04118
v 0.19627 -0.26216 0.04255
v 0.19765 -0.26353 0.04255
v 0.19765 -0.26216 0.04324
v 0.19627 -0.26216 0.06039
v 0.19765 -0.26353 0.06039
v 0.19765 -0.26216 0.05971
v 0.19765 -0.26353 0.06588
v 0.19765 -0.26353 0.06725
v 0.19765 -0.26216 0.06794
v 0.19765 -0.26078 0.00824
v 0.19765 -0.25941 0.00892
v 0.19627 -0.25941 0.04392
v 0.19765 -0.26078 0.04392
v 0.19627 -0.25941 0.04529
v 0.19765 -0.26078 0.04529
v 0.19627 -0.25941 0.04667
v 0.19765 -0.26078 0.04667
v 0.19627 -0.25941 0.04804
v 0.19765 -0.26078 0.04804
v 0.19627 -0.25941 0.04941
v 0.19765 -0.26078 0.04941
v 0.19627 -0.25941 0.05078
v 0.19765 -0.26078 0.05078
v 0.19627 -0.25941 0.05216
v 0.19765 -0.26078 0.05216
v 0.19765 -0.25941 0.05284
v 0.19627 -0.25941 0.05902
v 0.19765 -0.26078 0.05902
v 0.19765 -0.25941 0.05833
v 0.19765 -0.26078 0.06863
v 0.19765 -0.25941 0.06931
v 0.19765 -0.25804 0.00961
v 0.19627 -0.25667 0.01098
v 0.19765 -0.25667 0.01029
v 0.19627 -0.25667 0.01235
v 0.19627 -0.25667 0.05353
v 0.19765 -0.25804 0.05353
v 0.19627 -0.25667 0.05490
v 0.19765 -0.25804 0.05490
v 0.19627 -0.25667 0.05627
v 0.19765 -0.25804 0.05627
v 0.19627 -0.25667 0.05765
v 0.19765 -0.25804 0.05765
v 0.19627 -0.25667 0.05902
v 0.19627 -0.25667 0.06039
v 0.19765 -0.25804 0.07000
v 0.19765 -0.25667 0.07069
v 0.19765 -0.25529 0.01098
v 0.19765 -0.25529 0.01235
v 0.19765 -0.25529 0.01373
v 0.19765 -0.25392 0.01441
v 0.19627 -0.25392 0.06176
v 0.19627 -0.25392 0.06314
v 0.19627 -0.25392 0.06451
v 0.19627 -0.25392 0.06588
v 0.19765 -0.25529 0.06725
v 0.19765 -0.25392 0.06657
v 0.19627 -0.25392 0.06863
v 0.19765 -0.25392 0.06794
v 0.19627 -0.25392 0.07000
v 0.19765 -0.25392 0.07069
v 0.19765 -0.25255 0.01510
v 0.19765 -0.25255 0.01647
v 0.19765 -0.25255 0.01784
v 0.19627 -0.25118 0.01922
v 0.19765 -0.25118 0.01853
v 0.19627 -0.25118 0.04392
v 0.19765 -0.25255 0.04529
v 0.19765 -0.25118 0.04461
v 0.19627 -0.25118 0.04667
v 0.19765 -0.25118 0.04598
v 0.19765 -0.25255 0.04804
v 0.19765 -0.25118 0.04735
v 0.19765 -0.25255 0.04941
v 0.19765 -0.25255 0.05078
v 0.19765 -0.25255 0.05216
v 0.19765 -0.25255 0.05353
v 0.19765 -0.25255 0.05490
v 0.19765 -0.25255 0.05627
v 0.19765 -0.25255 0.05765
v 0.19765 -0.25255 0.05902
v 0.19765 -0.25255 0.06039
v 0.19765 -0.25255 0.06176
v 0.19765 -0.25255 0.06314
v 0.19765 -0.25255 0.06451
v 0.19765 -0.25255 0.06588
v 0.19765 -0.25255 0.06863
v 0.19765 -0.25255 0.07000
v 0.19765 -0.24980 0.01922
v 0.19765 -0.24980 0.02059
v 0.19765 -0.24980 0.02196
v 0.19765 -0.24980 0.02333
v 0.19765 -0.24980 0.02471
v 0.19765 -0.24980 0.02608
v 0.19765 -0.24980 0.02745
v 0.19765 -0.24980 0.02882
v 0.19765 -0.24980 0.03020
v 0.19765 -0.24980 0.03157
v 0.19765 -0.24980 0.03294
v 0.19765 -0.24980 0.03431
v 0.19765 -0.24980 0.03569
v 0.19765 -0.24980 0.03706
v 0.19765 -0.24980 0.03843
v 0.19765 -0.24980 0.03980
v 0.19765 -0.24980 0.04118
v 0.19765 -0.24980 0.04255
v 0.19765 -0.24980 0.04392
v 0.19765 -0.24980 0.04667
v 0.19902 -0.26765 0.00275
v 0.20039 -0.26902 0.00275
v 0.20039 -0.26765 0.00206
v 0.19902 -0.26765 0.00412
v 0.20039 -0.26902 0.00412
v 0.19902 -0.26765 0.00549
v 0.20039 -0.26902 0.00549
v 0.19902 -0.26765 0.00686
v 0.20039 -0.26902 0.00686
v 0.19902 -0.26765 0.00824
v 0.20039 -0.26902 0.00824
v 0.19902 -0.26765 0.00961
v 0.20039 -0.26902 0.00961
v 0.19902 -0.26765 0.01098
v 0.20039 -0.26902 0.01098
v 0.19902 -0.26765 0.01235
v 0.20039 -0.26902 0.01235
v 0.19902 -0.26765 0.01373
v 0.20039 -0.26902 0.01373
v 0.19902 -0.26765 0.01510
v 0.20039 -0.26902 0.01510
v 0.19902 -0.26765 0.01647
v 0.20039 -0.26902 0.01647
v 0.19902 -0.26765 0.01784
v 0.20039 -0.26902 0.01784
v 0.19902 -0.26765 0.01922
v 0.20039 -0.26902 0.01922
v 0.19902 -0.26765 0.02059
v 0.20039 -0.26902 0.02059
v 0.19902 -0.26765 0.02196
v 0.20039 -0.26902 0.02196
v 0.19902 -0.26765 0.02333
v 0.20039 -0.26902 0.02333
v 0.19902 -0.26765 0.02471
v 0.20039 -0.26902 0.02471
v 0.19902 -0.26765 0.02608
v 0.20039 -0.26902 0.02608
v 0.19902 -0.26765 0.02745
v 0.20039 -0.26902 0.02745
v 0.19902 -0.26765 0.02882
v 0.20039 -0.26902 0.02882
v 0.19902 -0.26765 0.03020
v 0.20039 -0.26902 0.03020
v 0.19902 -0.26765 0.03157
v 0.20039 -0.26902 0.03157
v 0.19902 -0.26765 0.03294
v 0.20039 -0.26902 0.03294
v 0.19902 -0.26765 0.03431
v 0.20039 -0.26902 0.03431
v 0.20039 -0.26765 0.03500
v 0.19902 -0.26765 0.06039
v 0.20039 -0.26902 0.06039
v 0.20039 -0.26765 0.05971
v 0.20039 -0.26902 0.06176
v 0.20039 -0.26902 0.06314
v 0.20039 -0.26765 0.06382
v 0.20039 -0.26627 0.00275
v 0.20039 -0.26627 0.00412
v 0.19902 -0.26490 0.00549
v 0.20039 -0.26490 0.00480
v 0.19902 -0.26490 0.03569
v 0.20039 -0.26627 0.03569
v 0.19902 -0.26490 0.03706
v 0.20039 -0.26627 0.03706
v 0.19902 -0.26490 0.03843
v 0.20039 -0.26627 0.03843
v 0.19902 -0.26490 0.03980
v 0.20039 -0.26627 0.03980
v 0.19902 -0.26490 0.04118
v 0.20039 -0.26627 0.04118
v 0.19902 -0.26490 0.04255
v 0.20039 -0.26627 0.04255
v 0.20039 -0.26490 0.04324
v 0.19902 -0.26490 0.05902
v 0.20039 -0.26627 0.05902
v 0.20039 -0.26490 0.05833
v 0.19902 -0.26490 0.06039
v 0.20039 -0.26627 0.06451
v 0.20039 -0.26490 0.06520
v 0.20039 -0.26353 0.00549
v 0.19902 -0.26216 0.00686
v 0.20039 -0.26216 0.00618
v 0.19902 -0.26216 0.04392
v 0.20039 -0.26353 0.04392
v 0.19902 -0.26216 0.04529
v 0.20039 -0.26353 0.04529
v 0.19902 -0.26216 0.04667
v 0.20039 -0.26353 0.04667
v 0.19902 -0.26216 0.04804
v 0.20039 -0.26353 0.04804
v 0.19902 -0.26216 0.04941
v 0.20039 -0.26353 0.04941
v 0.19902 -0.26216 0.05078
v 0.20039 -0.26353 0.05078
v 0.19902 -0.26216 0.05216
v 0.20039 -0.26353 0.05216
v 0.20039 -0.26216 0.05284
v 0.19902 -0.26216 0.05902
v 0.20039 -0.26216 0.05833
v 0.20039 -0.26353 0.06588
v 0.20039 -0.26353 0.06725
v 0.20039 -0.26216 0.06794
v 0.20039 -0.26078 0.00686
v 0.20039 -0.26078 0.00824
v 0.20039 -0.25941 0.00892
v 0.19902 -0.25941 0.05353
v 0.20039 -0.26078 0.05353
v 0.19902 -0.25941 0.05490
v 0.20039 -0.26078 0.05490
v 0.19902 -0.25941 0.05627
v 0.20039 -0.26078 0.05627
v 0.19902 -0.25941 0.05765
v 0.20039 -0.26078 0.05765
v 0.20039 -0.26078 0.06863
v 0.20039 -0.25941 0.06931
v 0.20039 -0.25804 0.00961
v 0.20039 -0.25667 0.01029
v 0.20039 -0.25804 0.07000
v 0.20039 -0.25667 0.07069
v 0.20039 -0.25529 0.01098
v 0.20039 -0.25529 0.01235
v 0.19902 -0.25392 0.01373
v 0.20039 -0.25392 0.01304
v 0.20039 -0.25529 0.06725
v 0.20039 -0.25392 0.06657
v 0.20039 -0.25392 0.06794
v 0.20039 -0.25392 0.07069
v 0.20039 -0.25255 0.01373
v 0.20039 -0.25255 0.01510
v 0.20039 -0.25255 0.01647
v 0.20039 -0.25255 0.01784
v 0.19902 -0.25118 0.01922
v 0.20039 -0.25255 0.01922
v 0.20039 -0.25118 0.01990
v 0.19902 -0.25118 0.04529
v 0.19902 -0.25118 0.04804
v 0.19902 -0.25118 0.04941
v 0.19902 -0.25118 0.05078
v 0.19902 -0.25118 0.05216
v 0.19902 -0.25118 0.05353
v 0.19902 -0.25118 0.05490
v 0.19902 -0.25118 0.05627
v 0.19902 -0.25118 0.05765
v 0.19902 -0.25118 0.05902
v 0.20039 -0.25255 0.06039
v 0.20039 -0.25118 0.05971
v 0.20039 -0.25255 0.06176
v 0.19902 -0.25118 0.06314
v 0.20039 -0.25118 0.06245
v 0.20039 -0.25255 0.06451
v 0.20039 -0.25118 0.06382
v 0.20039 -0.25255 0.06588
v 0.20039 -0.25255 0.06863
v 0.20039 -0.25255 0.07000
v 0.20039 -0.24980 0.02059
v 0.20039 -0.24980 0.02196
v 0.20039 -0.24980 0.02333
v 0.20039 -0.24980 0.02471
v 0.20039 -0.24980 0.02608
v 0.20039 -0.24980 0.02745
v 0.20039 -0.24980 0.02882
v 0.20039 -0.24980 0.03020
v 0.20039 -0.24980 0.03157
v 0.20039 -0.24980 0.03294
v 0.20039 -0.24980 0.03431
v 0.20039 -0.24980 0.03569
v 0.20039 -0.24980 0.03706
v 0.20039 -0.24980 0.03843
v 0.20039 -0.24980 0.03980
v 0.20039 -0.24980 0.04118
v 0.20039 -0.24980 0.04255
v 0.20039 -0.24980 0.04392
v 0.20039 -0.24980 0.04529
v 0.20039 -0.24980 0.04667
v 0.20039 -0.24980 0.04804
v 0.20039 -0.24980 0.04941
v 0.20039 -0.24980 0.05078
v 0.20039 -0.24980 0.05216
v 0.20039 -0.24980 0.05353
v 0.20039 -0.24980 0.05490
v 0.20039 -0.24980 0.05627
v 0.20039 -0.24980 0.05765
v 0.20039 -0.24980 0.05902
v 0.20039 -0.24980 0.06314
v 0.19902 -0.15784 0.02471
v 0.20039 -0.15922 0.02471
v 0.20039 -0.15784 0.02402
v 0.19902 -0.15784 0.02608
v 0.20039 -0.15922 0.02608
v 0.20039 -0.15784 0.02676
v 0.20039 -0.15647 0.02471
v 0.20039 -0.15647 0.02608
v 0.20176 -0.27039 0.00961
v 0.20314 -0.27176 0.00961
v 0.20314 -0.27039 0.00892
v 0.20176 -0.27039 0.01098
v 0.20314 -0.27176 0.01098
v 0.20176 -0.27039 0.01235
v 0.20314 -0.27176 0.01235
v 0.20176 -0.27039 0.01373
v 0.20314 -0.27176 0.01373
v 0.20176 -0.27039 0.01510
v 0.20314 -0.27176 0.01510
v 0.20176 -0.27039 0.01647
v 0.20314 -0.27176 0.01647
v 0.20176 -0.27039 0.01784
v 0.20314 -0.27176 0.01784
v 0.20176 -0.27039 0.01922
v 0.20314 -0.27176 0.01922
v 0.20176 -0.27039 0.02059
v 0.20314 -0.27176 0.02059
v 0.20176 -0.27039 0.02196
v 0.20314 -0.27176 0.02196
v 0.20176 -0.27039 0.02333
v 0.20314 -0.27176 0.02333
v 0.20176 -0.27039 0.02471
v 0.20314 -0.27176 0.02471
v 0.20176 -0.27039 0.02608
v 0.20314 -0.27176 0.02608
v 0.20176 -0.27039 0.02745
v 0.20314 -0.27176 0.02745
v 0.20176 -0.27039 0.02882
v 0.20314 -0.27176 0.02882
v 0.20176 -0.27039 0.03020
v 0.20314 -0.27176 0.03020
v 0.20176 -0.27039 0.03157
v 0.20314 -0.27176 0.03157
v 0.20176 -0.27039 0.03294
v 0.20314 -0.27176 0.03294
v 0.20176 -0.27039 0.03431
v 0.20314 -0.27176 0.03431
v 0.20314 -0.27039 0.03500
v 0.20176 -0.27039 0.06039
v 0.20314 -0.27176 0.06039
v 0.20314 -0.27039 0.05971
v 0.20176 -0.27039 0.06176
v 0.20314 -0.27176 0.06176
v 0.20314 -0.27039 0.06245
v 0.20314 -0.26902 0.00275
v 0.20314 -0.26765 0.00206
v 0.20314 -0.26902 0.00412
v 0.20314 -0.26902 0.00549
v 0.20314 -0.26902 0.00686
v 0.20314 -0.26902 0.00824
v 0.20176 -0.26765 0.03569
v 0.20314 -0.26902 0.03569
v 0.20176 -0.26765 0.03706
v 0.20314 -0.26902 0.03706
v 0.20176 -0.26765 0.03843
v 0.20314 -0.26902 0.03843
v 0.20176 -0.26765 0.03980
v 0.20314 -0.26902 0.03980
v 0.20176 -0.26765 0.04118
v 0.20314 -0.26902 0.04118
v 0.20176 -0.26765 0.04255
v 0.20314 -0.26902 0.04255
v 0.20314 -0.26765 0.04324
v 0.20176 -0.26765 0.05902
v 0.20314 -0.26902 0.05902
v 0.20314 -0.26765 0.05833
v 0.20314 -0.26902 0.06314
v 0.20314 -0.26765 0.06382
v 0.20314 -0.26627 0.00275
v 0.20176 -0.26490 0.00412
v 0.20314 -0.26490 0.00343
v 0.20176 -0.26490 0.04392
v 0.20314 -0.26627 0.04392
v 0.20176 -0.26490 0.04529
v 0.20314 -0.26627 0.04529
v 0.20176 -0.26490 0.04667
v 0.20314 -0.26627 0.04667
v 0.20176 -0.26490 0.04804
v 0.20314 -0.26627 0.04804
v 0.20176 -0.26490 0.04941
v 0.20314 -0.26627 0.04941
v 0.20176 -0.26490 0.05078
v 0.20314 -0.26627 0.05078
v 0.20176 -0.26490 0.05216
v 0.20314 -0.26627 0.05216
v 0.20314 -0.26490 0.05284
v 0.20176 -0.26490 0.05765
v 0.20314 -0.26627 0.05765
v 0.20314 -0.26490 0.05696
v 0.20314 -0.26627 0.06451
v 0.20314 -0.26490 0.06520
v 0.20314 -0.26353 0.00412
v 0.20314 -0.26353 0.00549
v 0.20314 -0.26216 0.00618
v 0.20176 -0.26216 0.05353
v 0.20314 -0.26353 0.05353
v 0.20176 -0.26216 0.05490
v 0.20314 -0.26353 0.05490
v 0.20176 -0.26216 0.05627
v 0.20314 -0.26353 0.05627
v 0.20176 -0.26216 0.05765
v 0.20314 -0.26353 0.06588
v 0.20314 -0.26353 0.06725
v 0.20314 -0.26216 0.06794
v 0.20314 -0.26078 0.00686
v 0.20176 -0.25941 0.00824
v 0.20314 -0.25941 0.00755
v 0.20314 -0.26078 0.06863
v 0.20176 -0.25941 0.07000
v 0.20314 -0.26078 0.07000
v 0.20314 -0.25941 0.07069
v 0.20314 -0.25804 0.00824
v 0.20314 -0.25804 0.00961
v 0.20314 -0.25667 0.01029
v 0.20314 -0.25667 0.07069
v 0.20314 -0.25529 0.01098
v 0.20314 -0.25529 0.01235
v 0.20314 -0.25392 0.01304
v 0.20176 -0.25392 0.06588
v 0.20314 -0.25529 0.06588
v 0.20314 -0.25392 0.06520
v 0.20314 -0.25529 0.06725
v 0.20314 -0.25392 0.06794
v 0.20176 -0.25392 0.07000
v 0.20314 -0.25529 0.07000
v 0.20314 -0.25392 0.06931
v 0.20314 -0.25255 0.01373
v 0.20314 -0.25255 0.01510
v 0.20314 -0.25255 0.01647
v 0.20176 -0.25118 0.01784
v 0.20314 -0.25118 0.01716
v 0.20176 -0.25118 0.01922
v 0.20314 -0.25255 0.06039
v 0.20314 -0.25118 0.05971
v 0.20176 -0.25118 0.06176
v 0.20314 -0.25118 0.06108
v 0.20314 -0.25255 0.06451
v 0.20314 -0.25118 0.06382
v 0.20314 -0.25255 0.06863
v 0.20314 -0.24980 0.01784
v 0.20314 -0.24980 0.01922
v 0.20314 -0.24980 0.02059
v 0.20314 -0.24980 0.02196
v 0.20314 -0.24980 0.02333
v 0.20314 -0.24980 0.02471
v 0.20314 -0.24980 0.02608
v 0.20314 -0.24980 0.02745
v 0.20176 -0.24843 0.02882
v 0.20314 -0.24843 0.02814
v 0.20314 -0.24980 0.03020
v 0.20314 -0.24843 0.02951
v 0.20314 -0.24980 0.03157
v 0.20314 -0.24980 0.03294
v 0.20314 -0.24980 0.03431
v 0.20314 -0.24980 0.03569
v 0.20314 -0.24980 0.03706
v 0.20314 -0.24980 0.03843
v 0.20314 -0.24980 0.03980
v 0.20314 -0.24980 0.04118
v 0.20314 -0.24980 0.04255
v 0.20314 -0.24980 0.04392
v 0.20314 -0.24980 0.04529
v 0.20314 -0.24980 0.04667
v 0.20314 -0.24980 0.04804
v 0.20314 -0.24980 0.04941
v 0.20314 -0.24980 0.05078
v 0.20314 -0.24980 0.05216
v 0.20314 -0.24980 0.05353
v 0.20314 -0.24980 0.05490
v 0.20314 -0.24980 0.05627
v 0.20314 -0.24980 0.05765
v 0.20314 -0.24980 0.05902
v 0.20314 -0.24980 0.06176
v 0.20314 -0.24980 0.06314
v 0.20314 -0.24706 0.02882
v 0.20176 -0.16059 0.02471
v 0.20314 -0.16196 0.02471
v 0.20314 -0.16059 0.02402
v 0.20176 -0.16059 0.02608
v 0.20314 -0.16196 0.02608
v 0.20314 -0.16059 0.02676
v 0.20176 -0.15784 0.02333
v 0.20314 -0.15922 0.02333
v 0.20314 -0.15784 0.02265
v 0.20176 -0.15784 0.02745
v 0.20314 -0.15922 0.02745
v 0.20176 -0.15784 0.02882
v 0.20314 -0.15922 0.02882
v 0.20176 -0.15784 0.03020
v 0.20314 -0.15922 0.03020
v 0.20176 -0.15784 0.03157
v 0.20314 -0.15922 0.03157
v 0.20176 -0.15784 0.03294
v 0.20314 -0.15922 0.03294
v 0.20314 -0.15784 0.03363
v 0.20314 -0.15647 0.02333
v 0.20314 -0.15647 0.02471
v 0.20314 -0.15647 0.02608
v 0.20314 -0.15647 0.02745
v 0.20314 -0.15647 0.02882
v 0.20314 -0.15647 0.03020
v 0.20314 -0.15647 0.03157
v 0.20314 -0.15647 0.03294
v 0.20451 -0.27314 0.00275
v 0.20588 -0.27451 0.00275
v 0.20588 -0.27314 0.00206
v 0.20451 -0.27314 0.00412
v 0.20588 -0.27451 0.00412
v 0.20451 -0.27314 0.00549
v 0.20588 -0.27451 0.00549
v 0.20451 -0.27314 0.00686
v 0.20588 -0.27451 0.00686
v 0.20451 -0.27314 0.00824
v 0.20588 -0.27451 0.00824
v 0.20451 -0.27314 0.00961
v 0.20588 -0.27451 0.00961
v 0.20451 -0.27314 0.01098
v 0.20588 -0.27451 0.01098
v 0.20451 -0.27314 0.01235
v 0.20588 -0.27451 0.01235
v 0.20451 -0.27314 0.01373
v 0.20588 -0.27451 0.01373
v 0.20451 -0.27314 0.01510
v 0.20588 -0.27451 0.01510
v 0.20451 -0.27314 0.01647
v 0.20588 -0.27451 0.01647
v 0.20451 -0.27314 0.01784
v 0.20588 -0.27451 0.01784
v 0.20451 -0.27314 0.01922
v 0.20588 -0.27451 0.01922
v 0.20451 -0.27314 0.02059
v 0.20588 -0.27451 0.02059
v 0.20451 -0.27314 0.02196
v 0.20588 -0.27451 0.02196
v 0.20451 -0.27314 0.02333
v 0.20588 -0.27451 0.02333
v 0.20451 -0.27314 0.02471
v 0.20588 -0.27451 0.02471
v 0.20451 -0.27314 0.02608
v 0.20588 -0.27451 0.02608
v 0.20451 -0.27314 0.02745
v 0.20588 -0.27451 0.02745
v 0.20451 -0.27314 0.02882
v 0.20588 -0.27451 0.02882
v 0.20451 -0.27314 0.03020
v 0.20588 -0.27451 0.03020
v 0.20451 -0.27314 0.03157
v 0.20588 -0.27451 0.03157
v 0.20451 -0.27314 0.03294
v 0.20588 -0.27451 0.03294
v 0.20451 -0.27314 0.03431
v 0.20588 -0.27451 0.03431
v 0.20588 -0.27314 0.03500
v 0.20451 -0.27039 0.00000
v 0.20588 -0.27176 0.00000
v 0.20588 -0.27039 -0.00069
v 0.20451 -0.27039 0.00137
v 0.20588 -0.27176 0.00137
v 0.20451 -0.27039 0.00275
v 0.20451 -0.27039 0.00412
v 0.20451 -0.27039 0.00549
v 0.20451 -0.27039 0.00686
v 0.20451 -0.27039 0.00824
v 0.20451 -0.27039 0.03569
v 0.20588 -0.27176 0.03569
v 0.20451 -0.27039 0.03706
v 0.20588 -0.27176 0.03706
v 0.20451 -0.27039 0.03843
v 0.20588 -0.27176 0.03843
v 0.20451 -0.27039 0.03980
v 0.20588 -0.27176 0.03980
v 0.20451 -0.27039 0.04118
v 0.20588 -0.27176 0.04118
v 0.20451 -0.27039 0.04255
v 0.20588 -0.27176 0.04255
v 0.20588 -0.27039 0.04324
v 0.20451 -0.27039 0.05902
v 0.20588 -0.27176 0.05902
v 0.20588 -0.27039 0.05833
v 0.20588 -0.27176 0.06039
v 0.20588 -0.27176 0.06176
v 0.20588 -0.27039 0.06245
v 0.20588 -0.26902 0.00000
v 0.20451 -0.26765 0.00137
v 0.20588 -0.26765 0.00069
v 0.20451 -0.26765 0.04392
v 0.20588 -0.26902 0.04392
v 0.20451 -0.26765 0.04529
v 0.20588 -0.26902 0.04529
v 0.20451 -0.26765 0.04667
v 0.20588 -0.26902 0.04667
v 0.20451 -0.26765 0.04804
v 0.20588 -0.26902 0.04804
v 0.20451 -0.26765 0.04941
v 0.20588 -0.26902 0.04941
v 0.20451 -0.26765 0.05078
v 0.20588 -0.26902 0.05078
v 0.20451 -0.26765 0.05216
v 0.20588 -0.26902 0.05216
v 0.20588 -0.26765 0.05284
v 0.20451 -0.26765 0.05765
v 0.20588 -0.26902 0.05765
v 0.20588 -0.26765 0.05696
v 0.20588 -0.26902 0.06314
v 0.20451 -0.26765 0.06451
v 0.20588 -0.26902 0.06451
v 0.20588 -0.26765 0.06520
v 0.20588 -0.26627 0.00137
v 0.20588 -0.26627 0.00275
v 0.20588 -0.26490 0.00343
v 0.20451 -0.26490 0.05353
v 0.20588 -0.26627 0.05353
v 0.20451 -0.26490 0.05490
v 0.20588 -0.26627 0.05490
v 0.20451 -0.26490 0.05627
v 0.20588 -0.26627 0.05627
v 0.20451 -0.26490 0.06588
v 0.20588 -0.26627 0.06588
v 0.20588 -0.26490 0.06657
v 0.20588 -0.26353 0.00412
v 0.20451 -0.26216 0.00549
v 0.20588 -0.26216 0.00480
v 0.20588 -0.26353 0.06725
v 0.20451 -0.26216 0.06863
v 0.20588 -0.26353 0.06863
v 0.20451 -0.26216 0.07000
v 0.20588 -0.26353 0.07000
v 0.20588 -0.26216 0.07069
v 0.20588 -0.26078 0.00549
v 0.20588 -0.26078 0.00686
v 0.20588 -0.25941 0.00755
v 0.20588 -0.25941 0.07069
v 0.20588 -0.25804 0.00824
v 0.20588 -0.25804 0.00961
v 0.20588 -0.25667 0.01029
v 0.20588 -0.25667 0.07069
v 0.20588 -0.25529 0.01098
v 0.20588 -0.25529 0.01235
v 0.20588 -0.25392 0.01304
v 0.20588 -0.25529 0.06588
v 0.20588 -0.25392 0.06520
v 0.20588 -0.25529 0.06725
v 0.20451 -0.25392 0.06863
v 0.20588 -0.25529 0.06863
v 0.20588 -0.25529 0.07000
v 0.20588 -0.25255 0.01373
v 0.20588 -0.25255 0.01510
v 0.20588 -0.25255 0.01647
v 0.20451 -0.25118 0.01784
v 0.20588 -0.25255 0.01784
v 0.20588 -0.25118 0.01853
v 0.20588 -0.25255 0.06039
v 0.20588 -0.25118 0.05971
v 0.20588 -0.25118 0.06108
v 0.20451 -0.25118 0.06314
v 0.20588 -0.25255 0.06314
v 0.20588 -0.25118 0.06245
v 0.20588 -0.25255 0.06451
v 0.20588 -0.24980 0.01922
v 0.20588 -0.24980 0.02059
v 0.20588 -0.24980 0.02196
v 0.20588 -0.24980 0.02333
v 0.20588 -0.24980 0.02471
v 0.20451 -0.24843 0.02608
v 0.20588 -0.24843 0.02539
v 0.20451 -0.24843 0.02745
v 0.20451 -0.24843 0.03020
v 0.20451 -0.24843 0.03157
v 0.20451 -0.24843 0.03294
v 0.20588 -0.24980 0.03431
v 0.20588 -0.24843 0.03363
v 0.20588 -0.24980 0.03569
v 0.20451 -0.24843 0.03706
v 0.20588 -0.24843 0.03637
v 0.20451 -0.24843 0.03843
v 0.20588 -0.24980 0.03980
v 0.20588 -0.24843 0.03912
v 0.20588 -0.24980 0.04118
v 0.20451 -0.24843 0.04255
v 0.20588 -0.24843 0.04186
v 0.20451 -0.24843 0.04392
v 0.20588 -0.24980 0.04529
v 0.20588 -0.24843 0.04461
v 0.20451 -0.24843 0.04667
v 0.20588 -0.24843 0.04598
v 0.20588 -0.24980 0.04804
v 0.20588 -0.24843 0.04735
v 0.20588 -0.24980 0.04941
v 0.20588 -0.24980 0.05078
v 0.20588 -0.24980 0.05216
v 0.20588 -0.24980 0.05353
v 0.20588 -0.24980 0.05490
v 0.20588 -0.24980 0.05627
v 0.20588 -0.24980 0.05765
v 0.20588 -0.24980 0.05902
v 0.20588 -0.24980 0.06176
v 0.20588 -0.24706 0.02608
v 0.20588 -0.24706 0.02745
v 0.20588 -0.24706 0.02882
v 0.20588 -0.24706 0.03020
v 0.20588 -0.24706 0.03157
v 0.20588 -0.24706 0.03294
v 0.20588 -0.24706 0.03706
v 0.20588 -0.24706 0.03843
v 0.20588 -0.24706 0.04255
v 0.20588 -0.24706 0.04392
v 0.20588 -0.24706 0.04667
v 0.20451 -0.16059 0.02196
v 0.20588 -0.16196 0.02196
v 0.20588 -0.16059 0.02127
v 0.20451 -0.16059 0.02333
v 0.20588 -0.16196 0.02333
v 0.20588 -0.16196 0.02471
v 0.20588 -0.16196 0.02608
v 0.20451 -0.16059 0.02745
v 0.20588 -0.16196 0.02745
v 0.20451 -0.16059 0.02882
v 0.20588 -0.16196 0.02882
v 0.20451 -0.16059 0.03020
v 0.20588 -0.16196 0.03020
v 0.20451 -0.16059 0.03157
v 0.20588 -0.16196 0.03157
v 0.20451 -0.16059 0.03294
v 0.20588 -0.16196 0.03294
v 0.20588 -0.16059 0.03363
v 0.20451 -0.15784 0.02196
v 0.20588 -0.15784 0.02127
v 0.20451 -0.15784 0.03431
v 0.20588 -0.15922 0.03431
v 0.20451 -0.15784 0.03569
v 0.20588 -0.15922 0.03569
v 0.20451 -0.15784 0.03706
v 0.20588 -0.15922 0.03706
v 0.20588 -0.15784 0.03775
v 0.20588 -0.15647 0.02196
v 0.20588 -0.15647 0.02333
v 0.20588 -0.15647 0.02471
v 0.20588 -0.15647 0.02608
v 0.20588 -0.15647 0.02745
v 0.20588 -0.15647 0.02882
v 0.20588 -0.15647 0.03020
v 0.20588 -0.15647 0.03157
v 0.20588 -0.15647 0.03294
v 0.20588 -0.15647 0.03431
v 0.20588 -0.15647 0.03569
v 0.20588 -0.15647 0.03706
v 0.20725 -0.27588 0.00000
v 0.20863 -0.27725 0.00000
v 0.20863 -0.27588 -0.00069
v 0.20725 -0.27588 0.00137
v 0.20863 -0.27725 0.00137
v 0.20725 -0.27588 0.00275
v 0.20863 -0.27725 0.00275
v 0.20725 -0.27588 0.00412
v 0.20863 -0.27725 0.00412
v 0.20725 -0.27588 0.00549
v 0.20863 -0.27725 0.00549
v 0.20725 -0.27588 0.00686
v 0.20863 -0.27725 0.00686
v 0.20725 -0.27588 0.00824
v 0.20863 -0.27725 0.00824
v 0.20725 -0.27588 0.00961
v 0.20863 -0.27725 0.00961
v 0.20725 -0.27588 0.01098
v 0.20863 -0.27725 0.01098
v 0.20725 -0.27588 0.01235
v 0.20863 -0.27725 0.01235
v 0.20725 -0.27588 0.01373
v 0.20863 -0.27725 0.01373
v 0.20725 -0.27588 0.01510
v 0.20863 -0.27725 0.01510
v 0.20725 -0.27588 0.01647
v 0.20863 -0.27725 0.01647
v 0.20725 -0.27588 0.01784
v 0.20863 -0.27725 0.01784
v 0.20725 -0.27588 0.01922
v 0.20863 -0.27725 0.01922
v 0.20725 -0.27588 0.02059
v 0.20863 -0.27725 0.02059
v 0.20725 -0.27588 0.02196
v 0.20863 -0.27725 0.02196
v 0.20725 -0.27588 0.02333
v 0.20863 -0.27725 0.02333
v 0.20725 -0.27588 0.02471
v 0.20863 -0.27725 0.02471
v 0.20725 -0.27588 0.02608
v 0.20863 -0.27725 0.02608
v 0.20725 -0.27588 0.02745
v 0.20863 -0.27725 0.02745
v 0.20725 -0.27588 0.02882
v 0.20863 -0.27725 0.02882
v 0.20725 -0.27588 0.03020
v 0.20863 -0.27725 0.03020
v 0.20725 -0.27588 0.03157
v 0.20863 -0.27725 0.03157
v 0.20725 -0.27588 0.03294
v 0.20863 -0.27725 0.03294
v 0.20725 -0.27588 0.03431
v 0.20863 -0.27725 0.03431
v 0.20863 -0.27588 0.03500
v 0.20725 -0.27314 0.00000
v 0.20863 -0.27314 -0.00069
v 0.20725 -0.27314 0.00137
v 0.20725 -0.27314 0.03569
v 0.20863 -0.27451 0.03569
v 0.20725 -0.27314 0.03706
v 0.20863 -0.27451 0.03706
v 0.20725 -0.27314 0.03843
v 0.20863 -0.27451 0.03843
v 0.20725 -0.27314 0.03980
v 0.20863 -0.27451 0.03980
v 0.20725 -0.27314 0.04118
v 0.20863 -0.27451 0.04118
v 0.20725 -0.27314 0.04255
v 0.20863 -0.27451 0.04255
v 0.20863 -0.27314 0.04324
v 0.20863 -0.27039 -0.00069
v 0.20725 -0.27039 0.04392
v 0.20863 -0.27176 0.04392
v 0.20725 -0.27039 0.04529
v 0.20863 -0.27176 0.04529
v 0.20725 -0.27039 0.04667
v 0.20863 -0.27176 0.04667
v 0.20725 -0.27039 0.04804
v 0.20863 -0.27176 0.04804
v 0.20725 -0.27039 0.04941
v 0.20863 -0.27176 0.04941
v 0.20725 -0.27039 0.05078
v 0.20863 -0.27176 0.05078
v 0.20725 -0.27039 0.05216
v 0.20863 -0.27176 0.05216
v 0.20863 -0.27039 0.05284
v 0.20725 -0.27039 0.05765
v 0.20863 -0.27176 0.05765
v 0.20863 -0.27039 0.05696
v 0.20863 -0.27176 0.05902
v 0.20863 -0.27176 0.06039
v 0.20863 -0.27176 0.06176
v 0.20863 -0.27039 0.06245
v 0.20863 -0.26902 0.00000
v 0.20863 -0.26765 0.00069
v 0.20725 -0.26765 0.05353
v 0.20863 -0.26902 0.05353
v 0.20725 -0.26765 0.05490
v 0.20863 -0.26902 0.05490
v 0.20725 -0.26765 0.05627
v 0.20863 -0.26902 0.05627
v 0.20863 -0.26902 0.06314
v 0.20725 -0.26765 0.06451
v 0.20863 -0.26765 0.06382
v 0.20863 -0.26627 0.00137
v 0.20863 -0.26627 0.00275
v 0.20863 -0.26490 0.00343
v 0.20863 -0.26627 0.06451
v 0.20863 -0.26627 0.06588
v 0.20725 -0.26490 0.06725
v 0.20863 -0.26627 0.06725
v 0.20725 -0.26490 0.06863
v 0.20863 -0.26627 0.06863
v 0.20863 -0.26490 0.06931
v 0.20863 -0.26353 0.00412
v 0.20863 -0.26216 0.00480
v 0.20863 -0.26353 0.07000
v 0.20725 -0.26216 0.07137
v 0.20863 -0.26353 0.07137
v 0.20863 -0.26216 0.07206
v 0.20863 -0.26078 0.00549
v 0.20725 -0.25941 0.00686
v 0.20863 -0.25941 0.00618
v 0.20863 -0.26078 0.07137
v 0.20863 -0.25941 0.07069
v 0.20863 -0.25804 0.00686
v 0.20863 -0.25804 0.00824
v 0.20725 -0.25667 0.00961
v 0.20863 -0.25667 0.00892
v 0.20725 -0.25667 0.07000
v 0.20863 -0.25804 0.07000
v 0.20863 -0.25667 0.06931
v 0.20863 -0.25529 0.00961
v 0.20863 -0.25529 0.01098
v 0.20863 -0.25529 0.01235
v 0.20863 -0.25392 0.01304
v 0.20863 -0.25529 0.06588
v 0.20863 -0.25392 0.06520
v 0.20863 -0.25529 0.06725
v 0.20863 -0.25529 0.06863
v 0.20863 -0.25255 0.01373
v 0.20863 -0.25255 0.01510
v 0.20725 -0.25118 0.01647
v 0.20863 -0.25118 0.01578
v 0.20725 -0.25118 0.01784
v 0.20863 -0.25255 0.06039
v 0.20863 -0.25118 0.05971
v 0.20725 -0.25118 0.06176
v 0.20863 -0.25255 0.06176
v 0.20863 -0.25255 0.06314
v 0.20863 -0.25255 0.06451
v 0.20863 -0.24980 0.01647
v 0.20863 -0.24980 0.01784
v 0.20863 -0.24980 0.01922
v 0.20863 -0.24980 0.02059
v 0.20863 -0.24980 0.02196
v 0.20725 -0.24843 0.02333
v 0.20863 -0.24843 0.02265
v 0.20725 -0.24843 0.02471
v 0.20725 -0.24843 0.03431
v 0.20725 -0.24843 0.03569
v 0.20725 -0.24843 0.03980
v 0.20725 -0.24843 0.04118
v 0.20725 -0.24843 0.04529
v 0.20863 -0.24980 0.04804
v 0.20863 -0.24843 0.04735
v 0.20863 -0.24980 0.04941
v 0.20863 -0.24980 0.05078
v 0.20863 -0.24980 0.05216
v 0.20863 -0.24980 0.05353
v 0.20863 -0.24980 0.05490
v 0.20863 -0.24980 0.05627
v 0.20863 -0.24980 0.05765
v 0.20863 -0.24980 0.05902
v 0.20863 -0.24706 0.02333
v 0.20863 -0.24706 0.02471
v 0.20863 -0.24706 0.02608
v 0.20863 -0.24706 0.02745
v 0.20863 -0.24706 0.02882
v 0.20863 -0.24706 0.03020
v 0.20863 -0.24706 0.03157
v 0.20863 -0.24706 0.03294
v 0.20863 -0.24706 0.03431
v 0.20863 -0.24706 0.03569
v 0.20863 -0.24706 0.03706
v 0.20863 -0.24706 0.03843
v 0.20863 -0.24706 0.03980
v 0.20863 -0.24706 0.04118
v 0.20863 -0.24706 0.04255
v 0.20863 -0.24706 0.04392
v 0.20863 -0.24706 0.04529
v 0.20863 -0.24706 0.04667
v 0.20725 -0.16608 0.02608
v 0.20863 -0.16745 0.02608
v 0.20863 -0.16608 0.02539
v 0.20863 -0.16608 0.02676
v 0.20725 -0.16333 0.02196
v 0.20863 -0.16471 0.02196
v 0.20863 -0.16333 0.02127
v 0.20725 -0.16333 0.02333
v 0.20863 -0.16471 0.02333
v 0.20725 -0.16333 0.02471
v 0.20863 -0.16471 0.02471
v 0.20725 -0.16333 0.02608
v 0.20725 -0.16333 0.02745
v 0.20863 -0.16471 0.02745
v 0.20725 -0.16333 0.02882
v 0.20863 -0.16471 0.02882
v 0.20725 -0.16333 0.03020
v 0.20863 -0.16471 0.03020
v 0.20863 -0.16333 0.03088
v 0.20725 -0.16059 0.02059
v 0.20863 -0.16196 0.02059
v 0.20863 -0.16059 0.01990
v 0.20863 -0.16196 0.03157
v 0.20863 -0.16196 0.03294
v 0.20725 -0.16059 0.03431
v 0.20863 -0.16196 0.03431
v 0.20725 -0.16059 0.03569
v 0.20863 -0.16196 0.03569
v 0.20725 -0.16059 0.03706
v 0.20863 -0.16196 0.03706
v 0.20725 -0.16059 0.03843
v 0.20863 -0.16196 0.03843
v 0.20863 -0.16059 0.03912
v 0.20725 -0.15784 0.02059
v 0.20863 -0.15784 0.01990
v 0.20863 -0.15922 0.03843
v 0.20863 -0.15784 0.03775
v 0.20863 -0.15647 0.02059
v 0.20863 -0.15647 0.02196
v 0.20863 -0.15647 0.02333
v 0.20863 -0.15647 0.02471
v 0.20863 -0.15647 0.02608
v 0.20863 -0.15647 0.02745
v 0.20863 -0.15647 0.02882
v 0.20863 -0.15647 0.03020
v 0.20863 -0.15647 0.03157
v 0.20863 -0.15647 0.03294
v 0.20863 -0.15647 0.03431
v 0.20863 -0.15647 0.03569
v 0.20863 -0.15647 0.03706
v 0.21000 -0.27863 0.00000
v 0.21137 -0.28000 0.00000
v 0.21137 -0.27863 -0.00069
v 0.21000 -0.27863 0.00137
v 0.21137 -0.28000 0.00137
v 0.21000 -0.27863 0.00275
v 0.21137 -0.28000 0.00275
v 0.21000 -0.27863 0.00412
v 0.21137 -0.28000 0.00412
v 0.21000 -0.27863 0.00549
v 0.21137 -0.28000 0.00549
v 0.21000 -0.27863 0.00686
v 0.21137 -0.28000 0.00686
v 0.21000 -0.27863 0.00824
v 0.21137 -0.28000 0.00824
v 0.21000 -0.27863 0.00961
v 0.21137 -0.28000 0.00961
v 0.21000 -0.27863 0.01098
v 0.21137 -0.28000 0.01098
v 0.21000 -0.27863 0.01235
v 0.21137 -0.28000 0.01235
v 0.21000 -0.27863 0.01373
v 0.21137 -0.28000 0.01373
v 0.21000 -0.27863 0.01510
v 0.21137 -0.28000 0.01510
v 0.21000 -0.27863 0.01647
v 0.21137 -0.28000 0.01647
v 0.21000 -0.27863 0.01784
v 0.21137 -0.28000 0.01784
v 0.21000 -0.27863 0.01922
v 0.21137 -0.28000 0.01922
v 0.21000 -0.27863 0.02059
v 0.21137 -0.28000 0.02059
v 0.21000 -0.27863 0.02196
v 0.21137 -0.28000 0.02196
v 0.21000 -0.27863 0.02333
v 0.21137 -0.28000 0.02333
v 0.21000 -0.27863 0.02471
v 0.21137 -0.28000 0.02471
v 0.21000 -0.27863 0.02608
v 0.21137 -0.28000 0.02608
v 0.21000 -0.27863 0.02745
v 0.21137 -0.28000 0.02745
v 0.21000 -0.27863 0.02882
v 0.21137 -0.28000 0.02882
v 0.21000 -0.27863 0.03020
v 0.21137 -0.28000 0.03020
v 0.21000 -0.27863 0.03157
v 0.21137 -0.28000 0.03157
v 0.21000 -0.27863 0.03294
v 0.21137 -0.28000 0.03294
v 0.21000 -0.27863 0.03431
v 0.21137 -0.28000 0.03431
v 0.21137 -0.27863 0.03500
v 0.21137 -0.27588 -0.00069
v 0.21000 -0.27588 0.03569
v 0.21137 -0.27725 0.03569
v 0.21000 -0.27588 0.03706
v 0.21137 -0.27725 0.03706
v 0.21000 -0.27588 0.03843
v 0.21137 -0.27725 0.03843
v 0.21000 -0.27588 0.03980
v 0.21137 -0.27725 0.03980
v 0.21000 -0.27588 0.04118
v 0.21137 -0.27725 0.04118
v 0.21000 -0.27588 0.04255
v 0.21137 -0.27725 0.04255
v 0.21137 -0.27588 0.04324
v 0.21137 -0.27314 -0.00069
v 0.21000 -0.27314 0.04392
v 0.21137 -0.27451 0.04392
v 0.21000 -0.27314 0.04529
v 0.21137 -0.27451 0.04529
v 0.21000 -0.27314 0.04667
v 0.21137 -0.27451 0.04667
v 0.21000 -0.27314 0.04804
v 0.21137 -0.27451 0.04804
v 0.21000 -0.27314 0.04941
v 0.21137 -0.27451 0.04941
v 0.21000 -0.27314 0.05078
v 0.21137 -0.27451 0.05078
v 0.21000 -0.27314 0.05216
v 0.21137 -0.27451 0.05216
v 0.21137 -0.27314 0.05284
v 0.21137 -0.27039 -0.00069
v 0.21000 -0.27039 0.05353
v 0.21137 -0.27176 0.05353
v 0.21000 -0.27039 0.05490
v 0.21137 -0.27176 0.05490
v 0.21000 -0.27039 0.05627
v 0.21137 -0.27176 0.05627
v 0.21137 -0.27176 0.05765
v 0.21137 -0.27176 0.05902
v 0.21137 -0.27176 0.06039
v 0.21000 -0.27039 0.06176
v 0.21137 -0.27039 0.06108
v 0.21137 -0.26902 0.00000
v 0.21137 -0.26765 0.00069
v 0.21137 -0.26902 0.06176
v 0.21137 -0.26902 0.06314
v 0.21000 -0.26765 0.06451
v 0.21137 -0.26902 0.06451
v 0.21000 -0.26765 0.06588
v 0.21137 -0.26902 0.06588
v 0.21137 -0.26765 0.06657
v 0.21137 -0.26627 0.00137
v 0.21137 -0.26627 0.00275
v 0.21137 -0.26490 0.00343
v 0.21137 -0.26627 0.06725
v 0.21137 -0.26627 0.06863
v 0.21137 -0.26490 0.06931
v 0.21137 -0.26353 0.00412
v 0.21137 -0.26216 0.00480
v 0.21137 -0.26353 0.07000
v 0.21000 -0.26216 0.07137
v 0.21137 -0.26216 0.07069
v 0.21137 -0.26078 0.00549
v 0.21137 -0.25941 0.00618
v 0.21000 -0.25941 0.07000
v 0.21137 -0.26078 0.07000
v 0.21137 -0.25941 0.06931
v 0.21137 -0.25804 0.00686
v 0.21000 -0.25667 0.00824
v 0.21137 -0.25667 0.00755
v 0.21000 -0.25667 0.06863
v 0.21137 -0.25804 0.06863
v 0.21137 -0.25667 0.06794
v 0.21137 -0.25529 0.00824
v 0.21137 -0.25529 0.00961
v 0.21137 -0.25529 0.01098
v 0.21000 -0.25392 0.01235
v 0.21137 -0.25392 0.01167
v 0.21137 -0.25529 0.06588
v 0.21137 -0.25392 0.06520
v 0.21137 -0.25529 0.06725
v 0.21137 -0.25255 0.01235
v 0.21000 -0.25118 0.01373
v 0.21137 -0.25118 0.01304
v 0.21000 -0.25118 0.01510
v 0.21000 -0.25118 0.05902
v 0.21137 -0.25255 0.05902
v 0.21137 -0.25118 0.05833
v 0.21137 -0.25255 0.06039
v 0.21137 -0.25255 0.06176
v 0.21137 -0.25255 0.06314
v 0.21137 -0.25255 0.06451
v 0.21137 -0.24980 0.01373
v 0.21137 -0.24980 0.01510
v 0.21137 -0.24980 0.01647
v 0.21137 -0.24980 0.01784
v 0.21000 -0.24843 0.01922
v 0.21137 -0.24843 0.01853
v 0.21000 -0.24843 0.02059
v 0.21000 -0.24843 0.02196
v 0.21000 -0.24843 0.04804
v 0.21000 -0.24843 0.04941
v 0.21137 -0.24980 0.05078
v 0.21137 -0.24843 0.05010
v 0.21137 -0.24980 0.05216
v 0.21000 -0.24843 0.05353
v 0.21137 -0.24843 0.05284
v 0.21137 -0.24980 0.05490
v 0.21137 -0.24843 0.05422
v 0.21137 -0.24980 0.05627
v 0.21137 -0.24980 0.05765
v 0.21137 -0.24706 0.01922
v 0.21137 -0.24706 0.02059
v 0.21137 -0.24706 0.02196
v 0.21137 -0.24706 0.02333
v 0.21137 -0.24706 0.02471
v 0.21137 -0.24706 0.02608
v 0.21137 -0.24706 0.02745
v 0.21137 -0.24706 0.02882
v 0.21137 -0.24706 0.03020
v 0.21137 -0.24706 0.03157
v 0.21137 -0.24706 0.03294
v 0.21137 -0.24706 0.03431
v 0.21137 -0.24706 0.03569
v 0.21137 -0.24706 0.03706
v 0.21137 -0.24706 0.03843
v 0.21137 -0.24706 0.03980
v 0.21137 -0.24706 0.04118
v 0.21137 -0.24706 0.04255
v 0.21137 -0.24706 0.04392
v 0.21137 -0.24706 0.04529
v 0.21137 -0.24706 0.04667
v 0.21137 -0.24706 0.04804
v 0.21137 -0.24706 0.04941
v 0.21137 -0.24706 0.05353
v 0.21000 -0.17980 0.02196
v 0.21137 -0.18118 0.02196
v 0.21137 -0.17980 0.02127
v 0.21000 -0.17980 0.02333
v 0.21137 -0.18118 0.02333
v 0.21000 -0.17980 0.02471
v 0.21137 -0.18118 0.02471
v 0.21000 -0.17980 0.02608
v 0.21137 -0.18118 0.02608
v 0.21000 -0.17980 0.02745
v 0.21137 -0.18118 0.02745
v 0.21000 -0.17980 0.02882
v 0.21137 -0.18118 0.02882
v 0.21000 -0.17980 0.03020
v 0.21137 -0.18118 0.03020
v 0.21000 -0.17980 0.03157
v 0.21137 -0.18118 0.03157
v 0.21137 -0.17980 0.03225
v 0.21000 -0.17706 0.02196
v 0.21137 -0.17706 0.02127
v 0.21000 -0.17706 0.02333
v 0.21000 -0.17706 0.02471
v 0.21000 -0.17706 0.02608
v 0.21000 -0.17706 0.02745
v 0.21000 -0.17706 0.02882
v 0.21000 -0.17706 0.03020
v 0.21000 -0.17706 0.03157
v 0.21000 -0.17706 0.03294
v 0.21137 -0.17843 0.03294
v 0.21000 -0.17706 0.03431
v 0.21137 -0.17843 0.03431
v 0.21000 -0.17706 0.03569
v 0.21137 -0.17843 0.03569
v 0.21137 -0.17706 0.03637
v 0.21000 -0.17431 0.02196
v 0.21137 -0.17431 0.02127
v 0.21000 -0.17431 0.02333
v 0.21000 -0.17431 0.02471
v 0.21000 -0.17431 0.02608
v 0.21000 -0.17431 0.02745
v 0.21000 -0.17431 0.02882
v 0.21000 -0.17431 0.03020
v 0.21000 -0.17431 0.03157
v 0.21000 -0.17431 0.03294
v 0.21000 -0.17431 0.03431
v 0.21000 -0.17431 0.03569
v 0.21000 -0.17431 0.03706
v 0.21137 -0.17569 0.03706
v 0.21000 -0.17431 0.03843
v 0.21137 -0.17569 0.03843
v 0.21137 -0.17431 0.03912
v 0.21000 -0.17157 0.02196
v 0.21137 -0.17157 0.02127
v 0.21000 -0.17157 0.02333
v 0.21000 -0.17157 0.02471
v 0.21000 -0.17157 0.02608
v 0.21000 -0.17157 0.02745
v 0.21000 -0.17157 0.02882
v 0.21000 -0.17157 0.03020
v 0.21000 -0.17157 0.03157
v 0.21000 -0.17157 0.03294
v 0.21000 -0.17157 0.03431
v 0.21000 -0.17157 0.03569
v 0.21000 -0.17157 0.03706
v 0.21000 -0.17157 0.03843
v 0.21137 -0.17157 0.03912
v 0.21000 -0.16882 0.02196
v 0.21137 -0.16882 0.02127
v 0.21000 -0.16882 0.02333
v 0.21000 -0.16882 0.02471
v 0.21000 -0.16882 0.02608
v 0.21000 -0.16882 0.02745
v 0.21000 -0.16882 0.02882
v 0.21000 -0.16882 0.03020
v 0.21000 -0.16882 0.03157
v 0.21000 -0.16882 0.03294
v 0.21000 -0.16882 0.03431
v 0.21000 -0.16882 0.03569
v 0.21000 -0.16882 0.03706
v 0.21000 -0.16882 0.03843
v 0.21137 -0.16882 0.03912
v 0.21000 -0.16608 0.02196
v 0.21137 -0.16608 0.02127
v 0.21000 -0.16608 0.02333
v 0.21000 -0.16608 0.02471
v 0.21000 -0.16608 0.02745
v 0.21000 -0.16608 0.02882
v 0.21000 -0.16608 0.03020
v 0.21000 -0.16608 0.03157
v 0.21000 -0.16608 0.03294
v 0.21000 -0.16608 0.03431
v 0.21000 -0.16608 0.03569
v 0.21000 -0.16608 0.03706
v 0.21000 -0.16608 0.03843
v 0.21137 -0.16608 0.03912
v 0.21000 -0.16333 0.02059
v 0.21137 -0.16471 0.02059
v 0.21137 -0.16333 0.01990
v 0.21000 -0.16333 0.03157
v 0.21000 -0.16333 0.03294
v 0.21000 -0.16333 0.03431
v 0.21000 -0.16333 0.03569
v 0.21000 -0.16333 0.03706
v 0.21000 -0.16333 0.03843
v 0.21137 -0.16333 0.03912
v 0.21000 -0.16059 0.01922
v 0.21137 -0.16196 0.01922
v 0.21137 -0.16059 0.01853
v 0.21000 -0.16059 0.03843
v 0.21137 -0.16196 0.03843
v 0.21137 -0.16059 0.03775
v 0.21000 -0.15784 0.01922
v 0.21137 -0.15784 0.01853
v 0.21000 -0.15784 0.03706
v 0.21137 -0.15922 0.03706
v 0.21137 -0.15784 0.03637
v 0.21137 -0.15647 0.01922
v 0.21137 -0.15647 0.02059
v 0.21137 -0.15647 0.02196
v 0.21137 -0.15647 0.02333
v 0.21137 -0.15647 0.02471
v 0.21137 -0.15647 0.02608
v 0.21137 -0.15647 0.02745
v 0.21137 -0.15647 0.02882
v 0.21137 -0.15647 0.03020
v 0.21137 -0.15647 0.03157
v 0.21137 -0.15647 0.03294
v 0.21137 -0.15647 0.03431
v 0.21137 -0.15647 0.03569
v 0.21275 -0.28137 0.00961
v 0.21412 -0.28275 0.00961
v 0.21412 -0.28137 0.00892
v 0.21412 -0.28137 0.01029
v 0.21275 -0.28137 0.01235
v 0.21412 -0.28275 0.01235
v 0.21412 -0.28137 0.01167
v 0.21275 -0.28137 0.01373
v 0.21412 -0.28275 0.01373
v 0.21275 -0.28137 0.01510
v 0.21412 -0.28275 0.01510
v 0.21275 -0.28137 0.01647
v 0.21412 -0.28275 0.01647
v 0.21275 -0.28137 0.01784
v 0.21412 -0.28275 0.01784
v 0.21275 -0.28137 0.01922
v 0.21412 -0.28275 0.01922
v 0.21275 -0.28137 0.02059
v 0.21412 -0.28275 0.02059
v 0.21275 -0.28137 0.02196
v 0.21412 -0.28275 0.02196
v 0.21275 -0.28137 0.02333
v 0.21412 -0.28275 0.02333
v 0.21275 -0.28137 0.02471
v 0.21412 -0.28275 0.02471
v 0.21275 -0.28137 0.02608
v 0.21412 -0.28275 0.02608
v 0.21275 -0.28137 0.02745
v 0.21412 -0.28275 0.02745
v 0.21275 -0.28137 0.02882
v 0.21412 -0.28275 0.02882
v 0.21275 -0.28137 0.03020
v 0.21412 -0.28275 0.03020
v 0.21275 -0.28137 0.03157
v 0.21412 -0.28275 0.03157
v 0.21275 -0.28137 0.03294
v 0.21412 -0.28275 0.03294
v 0.21275 -0.28137 0.03431
v 0.21412 -0.28275 0.03431
v 0.21412 -0.28137 0.03500
v 0.21412 -0.28000 0.00000
v 0.21412 -0.27863 -0.00069
v 0.21412 -0.28000 0.00137
v 0.21412 -0.28000 0.00275
v 0.21412 -0.28000 0.00412
v 0.21412 -0.28000 0.00549
v 0.21412 -0.28000 0.00686
v 0.21412 -0.28000 0.00824
v 0.21412 -0.28000 0.01098
v 0.21275 -0.27863 0.03569
v 0.21412 -0.28000 0.03569
v 0.21275 -0.27863 0.03706
v 0.21412 -0.28000 0.03706
v 0.21275 -0.27863 0.03843
v 0.21412 -0.28000 0.03843
v 0.21275 -0.27863 0.03980
v 0.21412 -0.28000 0.03980
v 0.21275 -0.27863 0.04118
v 0.21412 -0.28000 0.04118
v 0.21275 -0.27863 0.04255
v 0.21412 -0.28000 0.04255
v 0.21412 -0.27863 0.04324
v 0.21412 -0.27588 -0.00069
v 0.21275 -0.27588 0.04392
v 0.21412 -0.27725 0.04392
v 0.21275 -0.27588 0.04529
v 0.21412 -0.27725 0.04529
v 0.21275 -0.27588 0.04667
v 0.21412 -0.27725 0.04667
v 0.21275 -0.27588 0.04804
v 0.21412 -0.27725 0.04804
v 0.21275 -0.27588 0.04941
v 0.21412 -0.27725 0.04941
v 0.21275 -0.27588 0.05078
v 0.21412 -0.27725 0.05078
v 0.21275 -0.27588 0.05216
v 0.21412 -0.27725 0.05216
v 0.21412 -0.27588 0.05284
v 0.21412 -0.27314 -0.00069
v 0.21275 -0.27314 0.05353
v 0.21412 -0.27451 0.05353
v 0.21275 -0.27314 0.05490
v 0.21412 -0.27451 0.05490
v 0.21275 -0.27314 0.05627
v 0.21412 -0.27451 0.05627
v 0.21275 -0.27314 0.05765
v 0.21412 -0.27451 0.05765
v 0.21275 -0.27314 0.05902
v 0.21412 -0.27451 0.05902
v 0.21412 -0.27314 0.05971
v 0.21412 -0.27039 -0.00069
v 0.21412 -0.27176 0.06039
v 0.21412 -0.27039 0.06108
v 0.21275 -0.26765 0.00000
v 0.21412 -0.26765 -0.00069
v 0.21412 -0.26902 0.06176
v 0.21412 -0.26902 0.06314
v 0.21412 -0.26902 0.06451
v 0.21412 -0.26902 0.06588
v 0.21412 -0.26765 0.06657
v 0.21412 -0.26627 0.00000
v 0.21412 -0.26627 0.00137
v 0.21275 -0.26490 0.00275
v 0.21412 -0.26490 0.00206
v 0.21412 -0.26627 0.06725
v 0.21412 -0.26627 0.06863
v 0.21412 -0.26490 0.06931
v 0.21412 -0.26353 0.00275
v 0.21275 -0.26216 0.00412
v 0.21412 -0.26216 0.00343
v 0.21275 -0.26216 0.07000
v 0.21412 -0.26216 0.06931
v 0.21412 -0.26078 0.00412
v 0.21275 -0.25941 0.00549
v 0.21412 -0.25941 0.00480
v 0.21275 -0.25941 0.06863
v 0.21412 -0.26078 0.06863
v 0.21412 -0.25941 0.06794
v 0.21412 -0.25804 0.00549
v 0.21275 -0.25667 0.00686
v 0.21412 -0.25667 0.00618
v 0.21275 -0.25667 0.06725
v 0.21412 -0.25804 0.06725
v 0.21412 -0.25667 0.06657
v 0.21412 -0.25529 0.00686
v 0.21412 -0.25529 0.00824
v 0.21275 -0.25392 0.00961
v 0.21412 -0.25392 0.00892
v 0.21275 -0.25392 0.01098
v 0.21275 -0.25392 0.06451
v 0.21412 -0.25529 0.06451
v 0.21412 -0.25392 0.06382
v 0.21412 -0.25529 0.06588
v 0.21412 -0.25255 0.00961
v 0.21412 -0.25255 0.01098
v 0.21275 -0.25118 0.01235
v 0.21412 -0.25118 0.01167
v 0.21412 -0.25255 0.05902
v 0.21412 -0.25118 0.05833
v 0.21412 -0.25255 0.06039
v 0.21412 -0.25255 0.06176
v 0.21412 -0.25255 0.06314
v 0.21412 -0.24980 0.01235
v 0.21412 -0.24980 0.01373
v 0.21412 -0.24980 0.01510
v 0.21412 -0.24980 0.01647
v 0.21412 -0.24980 0.01784
v 0.21412 -0.24843 0.01853
v 0.21412 -0.24980 0.05078
v 0.21412 -0.24843 0.05010
v 0.21275 -0.24843 0.05216
v 0.21412 -0.24843 0.05147
v 0.21275 -0.24843 0.05353
v 0.21412 -0.24980 0.05353
v 0.21412 -0.24843 0.05284
v 0.21412 -0.24980 0.05490
v 0.21412 -0.24980 0.05627
v 0.21412 -0.24980 0.05765
v 0.21412 -0.24706 0.01922
v 0.21412 -0.24706 0.02059
v 0.21412 -0.24706 0.02196
v 0.21412 -0.24706 0.02333
v 0.21412 -0.24706 0.02471
v 0.21412 -0.24706 0.02608
v 0.21412 -0.24706 0.02745
v 0.21412 -0.24706 0.02882
v 0.21275 -0.24569 0.03020
v 0.21412 -0.24569 0.02951
v 0.21275 -0.24569 0.03157
v 0.21275 -0.24569 0.03294
v 0.21275 -0.24569 0.03431
v 0.21412 -0.24706 0.03569
v 0.21412 -0.24569 0.03500
v 0.21412 -0.24706 0.03706
v 0.21412 -0.24706 0.03843
v 0.21412 -0.24706 0.03980
v 0.21412 -0.24706 0.04118
v 0.21412 -0.24706 0.04255
v 0.21412 -0.24706 0.04392
v 0.21412 -0.24706 0.04529
v 0.21412 -0.24706 0.04667
v 0.21412 -0.24706 0.04804
v 0.21412 -0.24706 0.04941
v 0.21412 -0.24706 0.05216
v 0.21412 -0.24431 0.03020
v 0.21412 -0.24431 0.03157
v 0.21412 -0.24431 0.03294
v 0.21412 -0.24431 0.03431
v 0.21275 -0.17980 0.02059
v 0.21412 -0.18118 0.02059
v 0.21412 -0.17980 0.01990
v 0.21412 -0.18118 0.02196
v 0.21412 -0.18118 0.02333
v 0.21412 -0.18118 0.02471
v 0.21412 -0.18118 0.02608
v 0.21412 -0.18118 0.02745
v 0.21412 -0.18118 0.02882
v 0.21412 -0.18118 0.03020
v 0.21412 -0.18118 0.03157
v 0.21275 -0.17980 0.03294
v 0.21412 -0.18118 0.03294
v 0.21275 -0.17980 0.03431
v 0.21412 -0.18118 0.03431
v 0.21412 -0.17980 0.03500
v 0.21275 -0.17706 0.02059
v 0.21412 -0.17706 0.01990
v 0.21412 -0.17843 0.03569
v 0.21275 -0.17706 0.03706
v 0.21412 -0.17843 0.03706
v 0.21412 -0.17706 0.03775
v 0.21275 -0.17431 0.02059
v 0.21412 -0.17431 0.01990
v 0.21412 -0.17569 0.03843
v 0.21412 -0.17431 0.03912
v 0.21275 -0.17157 0.02059
v 0.21412 -0.17157 0.01990
v 0.21412 -0.17157 0.03912
v 0.21275 -0.16882 0.02059
v 0.21412 -0.16882 0.01990
v 0.21275 -0.16882 0.03843
v 0.21412 -0.17020 0.03843
v 0.21412 -0.16882 0.03775
v 0.21275 -0.16608 0.01922
v 0.21412 -0.16745 0.01922
v 0.21412 -0.16608 0.01853
v 0.21275 -0.16608 0.02059
v 0.21275 -0.16608 0.03843
v 0.21412 -0.16608 0.03775
v 0.21275 -0.16333 0.01922
v 0.21412 -0.16333 0.01853
v 0.21275 -0.16333 0.03843
v 0.21412 -0.16333 0.03775
v 0.21412 -0.16059 0.01853
v 0.21275 -0.16059 0.03706
v 0.21412 -0.16196 0.03706
v 0.21412 -0.16059 0.03637
v 0.21275 -0.15784 0.01784
v 0.21412 -0.15922 0.01784
v 0.21412 -0.15784 0.01716
v 0.21412 -0.15784 0.03637
v 0.21412 -0.15647 0.01784
v 0.21412 -0.15647 0.01922
v 0.21412 -0.15647 0.02059
v 0.21412 -0.15647 0.02196
v 0.21412 -0.15647 0.02333
v 0.21412 -0.15647 0.02471
v 0.21412 -0.15647 0.02608
v 0.21412 -0.15647 0.02745
v 0.21412 -0.15647 0.02882
v 0.21412 -0.15647 0.03020
v 0.21412 -0.15647 0.03157
v 0.21412 -0.15647 0.03294
v 0.21412 -0.15647 0.03431
v 0.21412 -0.15647 0.03569
v 0.21549 -0.28137 0.00961
v 0.21549 -0.28137 0.01235
v 0.21549 -0.28137 0.01373
v 0.21686 -0.28275 0.01510
v 0.21686 -0.28137 0.01441
v 0.21686 -0.28275 0.01647
v 0.21686 -0.28275 0.01784
v 0.21686 -0.28275 0.01922
v 0.21686 -0.28275 0.02059
v 0.21686 -0.28275 0.02196
v 0.21686 -0.28275 0.02333
v 0.21686 -0.28275 0.02471
v 0.21686 -0.28275 0.02608
v 0.21686 -0.28275 0.02745
v 0.21686 -0.28275 0.02882
v 0.21686 -0.28275 0.03020
v 0.21686 -0.28275 0.03157
v 0.21686 -0.28275 0.03294
v 0.21686 -0.28275 0.03431
v 0.21549 -0.28137 0.03569
v 0.21686 -0.28275 0.03569
v 0.21549 -0.28137 0.03706
v 0.21686 -0.28275 0.03706
v 0.21549 -0.28137 0.03843
v 0.21686 -0.28275 0.03843
v 0.21549 -0.28137 0.03980
v 0.21686 -0.28275 0.03980
v 0.21549 -0.28137 0.04118
v 0.21686 -0.28275 0.04118
v 0.21549 -0.28137 0.04255
v 0.21686 -0.28275 0.04255
v 0.21686 -0.28137 0.04324
v 0.21686 -0.28000 0.00000
v 0.21686 -0.27863 -0.00069
v 0.21686 -0.28000 0.00137
v 0.21686 -0.28000 0.00275
v 0.21686 -0.28000 0.00412
v 0.21686 -0.28000 0.00549
v 0.21686 -0.28000 0.00686
v 0.21686 -0.28000 0.00824
v 0.21686 -0.28000 0.00961
v 0.21686 -0.28000 0.01098
v 0.21686 -0.28000 0.01235
v 0.21686 -0.28000 0.01373
v 0.21549 -0.27863 0.04392
v 0.21686 -0.28000 0.04392
v 0.21549 -0.27863 0.04529
v 0.21686 -0.28000 0.04529
v 0.21549 -0.27863 0.04667
v 0.21686 -0.28000 0.04667
v 0.21549 -0.27863 0.04804
v 0.21686 -0.28000 0.04804
v 0.21549 -0.27863 0.04941
v 0.21686 -0.28000 0.04941
v 0.21549 -0.27863 0.05078
v 0.21686 -0.28000 0.05078
v 0.21549 -0.27863 0.05216
v 0.21686 -0.28000 0.05216
v 0.21686 -0.27863 0.05284
v 0.21686 -0.27588 -0.00069
v 0.21549 -0.27588 0.05353
v 0.21686 -0.27725 0.05353
v 0.21549 -0.27588 0.05490
v 0.21686 -0.27725 0.05490
v 0.21549 -0.27588 0.05627
v 0.21686 -0.27725 0.05627
v 0.21686 -0.27588 0.05696
v 0.21686 -0.27314 -0.00069
v 0.21686 -0.27451 0.05765
v 0.21686 -0.27451 0.05902
v 0.21686 -0.27314 0.05971
v 0.21686 -0.27039 -0.00069
v 0.21686 -0.27176 0.06039
v 0.21686 -0.27039 0.06108
v 0.21686 -0.26765 -0.00069
v 0.21686 -0.26902 0.06176
v 0.21686 -0.26902 0.06314
v 0.21686 -0.26902 0.06451
v 0.21686 -0.26902 0.06588
v 0.21686 -0.26765 0.06657
v 0.21549 -0.26490 0.00000
v 0.21686 -0.26490 -0.00069
v 0.21549 -0.26490 0.00137
v 0.21686 -0.26627 0.06725
v 0.21686 -0.26627 0.06863
v 0.21686 -0.26490 0.06931
v 0.21686 -0.26353 0.00000
v 0.21686 -0.26353 0.00137
v 0.21686 -0.26353 0.00275
v 0.21686 -0.26216 0.00343
v 0.21549 -0.26216 0.06863
v 0.21686 -0.26353 0.06863
v 0.21686 -0.26216 0.06794
v 0.21686 -0.26078 0.00412
v 0.21686 -0.25941 0.00480
v 0.21686 -0.25941 0.06794
v 0.21686 -0.25804 0.00549
v 0.21686 -0.25667 0.00618
v 0.21686 -0.25804 0.06725
v 0.21686 -0.25667 0.06657
v 0.21686 -0.25529 0.00686
v 0.21686 -0.25529 0.00824
v 0.21686 -0.25392 0.00892
v 0.21549 -0.25392 0.06314
v 0.21686 -0.25529 0.06314
v 0.21686 -0.25392 0.06245
v 0.21686 -0.25529 0.06451
v 0.21686 -0.25529 0.06588
v 0.21686 -0.25255 0.00961
v 0.21686 -0.25255 0.01098
v 0.21549 -0.25118 0.01235
v 0.21686 -0.25255 0.01235
v 0.21686 -0.25118 0.01304
v 0.21549 -0.25118 0.05765
v 0.21686 -0.25255 0.05765
v 0.21686 -0.25118 0.05696
v 0.21686 -0.25255 0.05902
v 0.21686 -0.25255 0.06039
v 0.21686 -0.25255 0.06176
v 0.21686 -0.24980 0.01373
v 0.21686 -0.24980 0.01510
v 0.21686 -0.24980 0.01647
v 0.21549 -0.24843 0.01784
v 0.21686 -0.24843 0.01716
v 0.21686 -0.24980 0.05078
v 0.21686 -0.24843 0.05010
v 0.21549 -0.24843 0.05216
v 0.21686 -0.24980 0.05216
v 0.21686 -0.24980 0.05353
v 0.21686 -0.24980 0.05490
v 0.21686 -0.24980 0.05627
v 0.21686 -0.24706 0.01784
v 0.21686 -0.24706 0.01922
v 0.21686 -0.24706 0.02059
v 0.21686 -0.24706 0.02196
v 0.21686 -0.24706 0.02333
v 0.21549 -0.24569 0.02471
v 0.21686 -0.24569 0.02402
v 0.21549 -0.24569 0.02608
v 0.21549 -0.24569 0.02745
v 0.21549 -0.24569 0.02882
v 0.21549 -0.24569 0.03569
v 0.21686 -0.24706 0.03706
v 0.21686 -0.24569 0.03637
v 0.21686 -0.24706 0.03843
v 0.21686 -0.24706 0.03980
v 0.21686 -0.24706 0.04118
v 0.21686 -0.24706 0.04255
v 0.21686 -0.24706 0.04392
v 0.21686 -0.24706 0.04529
v 0.21686 -0.24706 0.04667
v 0.21686 -0.24706 0.04804
v 0.21686 -0.24706 0.04941
v 0.21686 -0.24431 0.02471
v 0.21686 -0.24431 0.02608
v 0.21686 -0.24431 0.02745
v 0.21686 -0.24431 0.02882
v 0.21686 -0.24431 0.03020
v 0.21686 -0.24431 0.03157
v 0.21686 -0.24431 0.03294
v 0.21686 -0.24431 0.03431
v 0.21686 -0.24431 0.03569
v 0.21549 -0.17980 0.01922
v 0.21686 -0.18118 0.01922
v 0.21686 -0.17980 0.01853
v 0.21686 -0.18118 0.02059
v 0.21686 -0.18118 0.02196
v 0.21686 -0.18118 0.02333
v 0.21686 -0.18118 0.02471
v 0.21686 -0.18118 0.02608
v 0.21686 -0.18118 0.02745
v 0.21686 -0.18118 0.02882
v 0.21686 -0.18118 0.03020
v 0.21686 -0.18118 0.03157
v 0.21686 -0.18118 0.03294
v 0.21686 -0.18118 0.03431
v 0.21549 -0.17980 0.03569
v 0.21686 -0.18118 0.03569
v 0.21686 -0.17980 0.03637
v 0.21549 -0.17706 0.01922
v 0.21686 -0.17706 0.01853
v 0.21686 -0.17843 0.03706
v 0.21686 -0.17706 0.03775
v 0.21549 -0.17431 0.01922
v 0.21686 -0.17431 0.01853
v 0.21549 -0.17431 0.03843
v 0.21686 -0.17431 0.03775
v 0.21549 -0.17157 0.01922
v 0.21686 -0.17157 0.01853
v 0.21549 -0.17157 0.03843
v 0.21686 -0.17157 0.03775
v 0.21549 -0.16882 0.01922
v 0.21686 -0.16882 0.01853
v 0.21549 -0.16882 0.03706
v 0.21686 -0.17020 0.03706
v 0.21686 -0.16882 0.03637
v 0.21686 -0.16608 0.01853
v 0.21686 -0.16745 0.03706
v 0.21686 -0.16608 0.03775
v 0.21549 -0.16608 0.05627
v 0.21686 -0.16745 0.05627
v 0.21686 -0.16608 0.05559
v 0.21686 -0.16608 0.05696
v 0.21549 -0.16333 0.01784
v 0.21686 -0.16471 0.01784
v 0.21686 -0.16333 0.01716
v 0.21549 -0.16333 0.03706
v 0.21686 -0.16471 0.03706
v 0.21686 -0.16333 0.03637
v 0.21549 -0.16333 0.05627
v 0.21686 -0.16333 0.05559
v 0.21686 -0.16333 0.05696
v 0.21549 -0.16059 0.01784
v 0.21686 -0.16059 0.01716
v 0.21686 -0.16059 0.03637
v 0.21686 -0.16196 0.05627
v 0.21549 -0.15784 0.01647
v 0.21686 -0.15922 0.01647
v 0.21686 -0.15784 0.01578
v 0.21549 -0.15784 0.03569
v 0.21686 -0.15922 0.03569
v 0.21686 -0.15784 0.03500
v 0.21686 -0.15647 0.01647
v 0.21686 -0.15647 0.01784
v 0.21686 -0.15647 0.01922
v 0.21686 -0.15647 0.02059
v 0.21686 -0.15647 0.02196
v 0.21686 -0.15647 0.02333
v 0.21686 -0.15647 0.02471
v 0.21686 -0.15647 0.02608
v 0.21686 -0.15647 0.02745
v 0.21686 -0.15647 0.02882
v 0.21686 -0.15647 0.03020
v 0.21686 -0.15647 0.03157
v 0.21686 -0.15647 0.03294
v 0.21686 -0.15647 0.03431
v 0.21824 -0.28137 0.01373
v 0.21961 -0.28275 0.01373
v 0.21961 -0.28137 0.01304
v 0.21961 -0.28275 0.01510
v 0.21961 -0.28275 0.01647
v 0.21961 -0.28275 0.01784
v 0.21961 -0.28275 0.01922
v 0.21961 -0.28275 0.02059
v 0.21961 -0.28275 0.02196
v 0.21961 -0.28275 0.02333
v 0.21961 -0.28275 0.02471
v 0.21961 -0.28275 0.02608
v 0.21961 -0.28275 0.02745
v 0.21961 -0.28275 0.02882
v 0.21961 -0.28275 0.03020
v 0.21961 -0.28275 0.03157
v 0.21961 -0.28275 0.03294
v 0.21961 -0.28275 0.03431
v 0.21961 -0.28275 0.03569
v 0.21961 -0.28275 0.03706
v 0.21961 -0.28275 0.03843
v 0.21961 -0.28275 0.03980
v 0.21824 -0.28137 0.04118
v 0.21961 -0.28137 0.04049
v 0.21824 -0.28137 0.04255
v 0.21961 -0.28000 0.00000
v 0.21961 -0.27863 -0.00069
v 0.21961 -0.28000 0.00137
v 0.21961 -0.28000 0.00275
v 0.21961 -0.28000 0.00412
v 0.21961 -0.28000 0.00549
v 0.21961 -0.28000 0.00686
v 0.21961 -0.28000 0.00824
v 0.21961 -0.28000 0.00961
v 0.21961 -0.28000 0.01098
v 0.21961 -0.28000 0.01235
v 0.21961 -0.28000 0.04118
v 0.21961 -0.28000 0.04255
v 0.21961 -0.28000 0.04392
v 0.21961 -0.28000 0.04529
v 0.21961 -0.28000 0.04667
v 0.21961 -0.28000 0.04804
v 0.21961 -0.28000 0.04941
v 0.21961 -0.28000 0.05078
v 0.21961 -0.28000 0.05216
v 0.21824 -0.27863 0.05353
v 0.21961 -0.28000 0.05353
v 0.21824 -0.27863 0.05490
v 0.21961 -0.28000 0.05490
v 0.21961 -0.27863 0.05559
v 0.21961 -0.27588 -0.00069
v 0.21961 -0.27725 0.05627
v 0.21961 -0.27588 0.05696
v 0.21961 -0.27314 -0.00069
v 0.21961 -0.27451 0.05765
v 0.21961 -0.27451 0.05902
v 0.21961 -0.27314 0.05971
v 0.21961 -0.27039 -0.00069
v 0.21961 -0.27176 0.06039
v 0.21961 -0.27039 0.06108
v 0.21961 -0.26765 -0.00069
v 0.21961 -0.26902 0.06176
v 0.21961 -0.26902 0.06314
v 0.21961 -0.26902 0.06451
v 0.21961 -0.26902 0.06588
v 0.21961 -0.26765 0.06657
v 0.21961 -0.26490 -0.00069
v 0.21961 -0.26627 0.06725
v 0.21824 -0.26490 0.06863
v 0.21961 -0.26490 0.06794
v 0.21961 -0.26353 0.00000
v 0.21824 -0.26216 0.00137
v 0.21961 -0.26216 0.00069
v 0.21824 -0.26216 0.00275
v 0.21824 -0.26216 0.06725
v 0.21961 -0.26353 0.06725
v 0.21961 -0.26216 0.06657
v 0.21961 -0.26078 0.00137
v 0.21961 -0.26078 0.00275
v 0.21824 -0.25941 0.00412
v 0.21961 -0.25941 0.00343
v 0.21824 -0.25941 0.06725
v 0.21961 -0.25941 0.06657
v 0.21961 -0.25804 0.00412
v 0.21961 -0.25804 0.00549
v 0.21961 -0.25667 0.00618
v 0.21824 -0.25667 0.06588
v 0.21961 -0.25804 0.06588
v 0.21961 -0.25667 0.06520
v 0.21961 -0.25529 0.00686
v 0.21961 -0.25529 0.00824
v 0.21961 -0.25392 0.00892
v 0.21961 -0.25529 0.06314
v 0.21961 -0.25392 0.06245
v 0.21961 -0.25529 0.06451
v 0.21961 -0.25255 0.00961
v 0.21961 -0.25255 0.01098
v 0.21961 -0.25255 0.01235
v 0.21961 -0.25118 0.01304
v 0.21961 -0.25255 0.05765
v 0.21961 -0.25118 0.05696
v 0.21961 -0.25255 0.05902
v 0.21961 -0.25255 0.06039
v 0.21961 -0.25255 0.06176
v 0.21961 -0.24980 0.01373
v 0.21961 -0.24980 0.01510
v 0.21961 -0.24980 0.01647
v 0.21961 -0.24843 0.01716
v 0.21961 -0.24980 0.05078
v 0.21961 -0.24843 0.05010
v 0.21961 -0.24980 0.05216
v 0.21961 -0.24980 0.05353
v 0.21961 -0.24980 0.05490
v 0.21961 -0.24980 0.05627
v 0.21961 -0.24706 0.01784
v 0.21961 -0.24706 0.01922
v 0.21961 -0.24706 0.02059
v 0.21961 -0.24706 0.02196
v 0.21824 -0.24569 0.02333
v 0.21961 -0.24569 0.02265
v 0.21824 -0.24569 0.03706
v 0.21961 -0.24706 0.03843
v 0.21961 -0.24569 0.03775
v 0.21961 -0.24706 0.03980
v 0.21961 -0.24706 0.04118
v 0.21961 -0.24706 0.04255
v 0.21961 -0.24706 0.04392
v 0.21961 -0.24706 0.04529
v 0.21961 -0.24706 0.04667
v 0.21961 -0.24706 0.04804
v 0.21961 -0.24706 0.04941
v 0.21961 -0.24431 0.02333
v 0.21961 -0.24431 0.02471
v 0.21961 -0.24431 0.02608
v 0.21961 -0.24431 0.02745
v 0.21961 -0.24431 0.02882
v 0.21961 -0.24431 0.03020
v 0.21961 -0.24431 0.03157
v 0.21961 -0.24431 0.03294
v 0.21961 -0.24431 0.03431
v 0.21961 -0.24431 0.03569
v 0.21961 -0.24431 0.03706
v 0.21824 -0.17980 0.01784
v 0.21961 -0.18118 0.01784
v 0.21961 -0.17980 0.01716
v 0.21961 -0.18118 0.01922
v 0.21961 -0.18118 0.02059
v 0.21961 -0.18118 0.02196
v 0.21961 -0.18118 0.02333
v 0.21961 -0.18118 0.02471
v 0.21961 -0.18118 0.02608
v 0.21961 -0.18118 0.02745
v 0.21961 -0.18118 0.02882
v 0.21961 -0.18118 0.03020
v 0.21824 -0.17980 0.03157
v 0.21961 -0.17980 0.03088
v 0.21824 -0.17980 0.03294
v 0.21824 -0.17980 0.03431
v 0.21824 -0.17980 0.03569
v 0.21824 -0.17706 0.01784
v 0.21961 -0.17706 0.01716
v 0.21961 -0.17843 0.03157
v 0.21961 -0.17843 0.03294
v 0.21961 -0.17843 0.03431
v 0.21961 -0.17843 0.03569
v 0.21824 -0.17706 0.03706
v 0.21961 -0.17706 0.03637
v 0.21824 -0.17431 0.01784
v 0.21961 -0.17431 0.01716
v 0.21824 -0.17431 0.03706
v 0.21961 -0.17431 0.03637
v 0.21824 -0.17157 0.01784
v 0.21961 -0.17157 0.01716
v 0.21824 -0.17157 0.03706
v 0.21961 -0.17157 0.03637
v 0.21824 -0.16882 0.01784
v 0.21961 -0.16882 0.01716
v 0.21961 -0.16882 0.03637
v 0.21824 -0.16882 0.05353
v 0.21961 -0.17020 0.05353
v 0.21961 -0.16882 0.05284
v 0.21824 -0.16882 0.05490
v 0.21961 -0.17020 0.05490
v 0.21824 -0.16882 0.05627
v 0.21961 -0.17020 0.05627
v 0.21961 -0.16882 0.05696
v 0.21824 -0.16608 0.01784
v 0.21961 -0.16608 0.01716
v 0.21824 -0.16608 0.03569
v 0.21961 -0.16745 0.03569
v 0.21961 -0.16608 0.03500
v 0.21824 -0.16608 0.03706
v 0.21824 -0.16608 0.05216
v 0.21961 -0.16745 0.05216
v 0.21961 -0.16608 0.05147
v 0.21824 -0.16608 0.05353
v 0.21824 -0.16608 0.05490
v 0.21824 -0.16608 0.05765
v 0.21961 -0.16745 0.05765
v 0.21824 -0.16608 0.05902
v 0.21961 -0.16745 0.05902
v 0.21824 -0.16608 0.06039
v 0.21961 -0.16745 0.06039
v 0.21961 -0.16608 0.06108
v 0.21824 -0.16333 0.01647
v 0.21961 -0.16471 0.01647
v 0.21961 -0.16333 0.01578
v 0.21824 -0.16333 0.03569
v 0.21961 -0.16333 0.03500
v 0.21824 -0.16333 0.05216
v 0.21961 -0.16333 0.05147
v 0.21824 -0.16333 0.05353
v 0.21824 -0.16333 0.05490
v 0.21824 -0.16333 0.05765
v 0.21961 -0.16471 0.05902
v 0.21961 -0.16333 0.05833
v 0.21961 -0.16471 0.06039
v 0.21824 -0.16059 0.01647
v 0.21961 -0.16059 0.01578
v 0.21824 -0.16059 0.03569
v 0.21961 -0.16059 0.03500
v 0.21961 -0.16196 0.05216
v 0.21824 -0.16059 0.05353
v 0.21961 -0.16059 0.05284
v 0.21824 -0.16059 0.05490
v 0.21961 -0.16196 0.05627
v 0.21961 -0.16059 0.05559
v 0.21961 -0.16196 0.05765
v 0.21961 -0.15784 0.01578
v 0.21824 -0.15784 0.03431
v 0.21961 -0.15922 0.03431
v 0.21961 -0.15784 0.03363
v 0.21961 -0.15922 0.05353
v 0.21961 -0.15922 0.05490
v 0.21961 -0.15647 0.01647
v 0.21824 -0.15510 0.01784
v 0.21961 -0.15510 0.01716
v 0.21961 -0.15647 0.01922
v 0.21961 -0.15510 0.01853
v 0.21961 -0.15647 0.02059
v 0.21961 -0.15647 0.02196
v 0.21961 -0.15647 0.02333
v 0.21961 -0.15647 0.02471
v 0.21961 -0.15647 0.02608
v 0.21824 -0.15510 0.02745
v 0.21961 -0.15510 0.02676
v 0.21961 -0.15647 0.02882
v 0.21961 -0.15510 0.02814
v 0.21961 -0.15647 0.03020
v 0.21961 -0.15647 0.03157
v 0.21961 -0.15647 0.03294
v 0.21961 -0.15373 0.01784
v 0.21961 -0.15373 0.02745
v 0.22098 -0.28137 0.01235
v 0.22235 -0.28275 0.01235
v 0.22235 -0.28137 0.01167
v 0.22098 -0.28137 0.01373
v 0.22235 -0.28137 0.01304
v 0.22235 -0.28275 0.01510
v 0.22235 -0.28137 0.01441
v 0.22235 -0.28275 0.01647
v 0.22098 -0.28137 0.01784
v 0.22235 -0.28137 0.01716
v 0.22235 -0.28275 0.01922
v 0.22235 -0.28137 0.01853
v 0.22235 -0.28275 0.02059
v 0.22235 -0.28275 0.02196
v 0.22235 -0.28275 0.02333
v 0.22235 -0.28275 0.02471
v 0.22235 -0.28275 0.02608
v 0.22235 -0.28275 0.02745
v 0.22235 -0.28275 0.02882
v 0.22235 -0.28275 0.03020
v 0.22235 -0.28275 0.03157
v 0.22235 -0.28275 0.03294
v 0.22235 -0.28275 0.03431
v 0.22098 -0.28137 0.03569
v 0.22235 -0.28137 0.03500
v 0.22098 -0.28137 0.03706
v 0.22098 -0.28137 0.03843
v 0.22098 -0.28137 0.03980
v 0.22235 -0.28000 0.00000
v 0.22235 -0.27863 -0.00069
v 0.22235 -0.28000 0.00137
v 0.22235 -0.28000 0.00275
v 0.22235 -0.28000 0.00412
v 0.22235 -0.28000 0.00549
v 0.22235 -0.28000 0.00686
v 0.22235 -0.28000 0.00824
v 0.22235 -0.28000 0.00961
v 0.22235 -0.28000 0.01098
v 0.22235 -0.28000 0.01373
v 0.22235 -0.28000 0.01784
v 0.22235 -0.28000 0.03569
v 0.22235 -0.28000 0.03706
v 0.22235 -0.28000 0.03843
v 0.22235 -0.28000 0.03980
v 0.22235 -0.28000 0.04118
v 0.22235 -0.28000 0.04255
v 0.22235 -0.28000 0.04392
v 0.22235 -0.28000 0.04529
v 0.22235 -0.28000 0.04667
v 0.22235 -0.28000 0.04804
v 0.22235 -0.28000 0.04941
v 0.22235 -0.28000 0.05078
v 0.22235 -0.28000 0.05216
v 0.22235 -0.28000 0.05353
v 0.22235 -0.28000 0.05490
v 0.22235 -0.27863 0.05559
v 0.22235 -0.27588 -0.00069
v 0.22235 -0.27725 0.05627
v 0.22098 -0.27588 0.05765
v 0.22235 -0.27725 0.05765
v 0.22235 -0.27588 0.05833
v 0.22235 -0.27314 -0.00069
v 0.22235 -0.27451 0.05902
v 0.22235 -0.27314 0.05971
v 0.22235 -0.27039 -0.00069
v 0.22235 -0.27176 0.06039
v 0.22235 -0.27039 0.06108
v 0.22235 -0.26765 -0.00069
v 0.22235 -0.26902 0.06176
v 0.22235 -0.26902 0.06314
v 0.22235 -0.26902 0.06451
v 0.22235 -0.26902 0.06588
v 0.22235 -0.26765 0.06657
v 0.22235 -0.26490 -0.00069
v 0.22098 -0.26490 0.06725
v 0.22235 -0.26490 0.06657
v 0.22235 -0.26353 0.00000
v 0.22098 -0.26216 0.00137
v 0.22235 -0.26353 0.00137
v 0.22235 -0.26216 0.00206
v 0.22235 -0.26216 0.06657
v 0.22235 -0.26078 0.00275
v 0.22235 -0.25941 0.00343
v 0.22098 -0.25941 0.06588
v 0.22235 -0.26078 0.06588
v 0.22235 -0.25941 0.06520
v 0.22235 -0.25804 0.00412
v 0.22235 -0.25804 0.00549
v 0.22235 -0.25667 0.00618
v 0.22098 -0.25667 0.06451
v 0.22235 -0.25804 0.06451
v 0.22235 -0.25667 0.06382
v 0.22235 -0.25529 0.00686
v 0.22235 -0.25529 0.00824
v 0.22235 -0.25392 0.00892
v 0.22098 -0.25392 0.06176
v 0.22235 -0.25529 0.06176
v 0.22235 -0.25392 0.06108
v 0.22235 -0.25529 0.06314
v 0.22235 -0.25255 0.00961
v 0.22235 -0.25255 0.01098
v 0.22098 -0.25118 0.01235
v 0.22235 -0.25118 0.01167
v 0.22235 -0.25255 0.05765
v 0.22235 -0.25118 0.05696
v 0.22235 -0.25255 0.05902
v 0.22235 -0.25255 0.06039
v 0.22235 -0.24980 0.01235
v 0.22235 -0.24980 0.01373
v 0.22235 -0.24980 0.01510
v 0.22098 -0.24843 0.01647
v 0.22235 -0.24843 0.01578
v 0.22235 -0.24980 0.05078
v 0.22235 -0.24843 0.05010
v 0.22235 -0.24980 0.05216
v 0.22098 -0.24843 0.05353
v 0.22235 -0.24843 0.05284
v 0.22098 -0.24843 0.05490
v 0.22098 -0.24843 0.05627
v 0.22098 -0.24843 0.05765
v 0.22235 -0.24980 0.05765
v 0.22235 -0.24843 0.05833
v 0.22235 -0.24706 0.01647
v 0.22235 -0.24706 0.01784
v 0.22235 -0.24706 0.01922
v 0.22235 -0.24706 0.02059
v 0.22235 -0.24706 0.02196
v 0.22235 -0.24569 0.02265
v 0.22098 -0.24569 0.02745
v 0.22235 -0.24706 0.02745
v 0.22235 -0.24569 0.02676
v 0.22235 -0.24569 0.02814
v 0.22098 -0.24569 0.03294
v 0.22235 -0.24706 0.03294
v 0.22235 -0.24569 0.03225
v 0.22235 -0.24569 0.03363
v 0.22235 -0.24706 0.03843
v 0.22235 -0.24569 0.03775
v 0.22235 -0.24706 0.03980
v 0.22235 -0.24706 0.04118
v 0.22235 -0.24706 0.04255
v 0.22235 -0.24706 0.04392
v 0.22235 -0.24706 0.04529
v 0.22235 -0.24706 0.04667
v 0.22235 -0.24706 0.04804
v 0.22235 -0.24706 0.04941
v 0.22235 -0.24706 0.05353
v 0.22235 -0.24706 0.05490
v 0.22235 -0.24706 0.05627
v 0.22235 -0.24706 0.05765
v 0.22235 -0.24431 0.02333
v 0.22235 -0.24431 0.02471
v 0.22235 -0.24431 0.02608
v 0.22235 -0.24431 0.02882
v 0.22235 -0.24431 0.03020
v 0.22235 -0.24431 0.03157
v 0.22235 -0.24431 0.03431
v 0.22235 -0.24431 0.03569
v 0.22235 -0.24431 0.03706
v 0.22098 -0.18255 0.02196
v 0.22235 -0.18392 0.02196
v 0.22235 -0.18255 0.02127
v 0.22098 -0.18255 0.02333
v 0.22235 -0.18392 0.02333
v 0.22235 -0.18255 0.02402
v 0.22235 -0.18118 0.01784
v 0.22235 -0.17980 0.01716
v 0.22235 -0.18118 0.01922
v 0.22235 -0.18118 0.02059
v 0.22235 -0.18118 0.02471
v 0.22235 -0.18118 0.02608
v 0.22235 -0.18118 0.02745
v 0.22235 -0.18118 0.02882
v 0.22098 -0.17980 0.03020
v 0.22235 -0.17980 0.02951
v 0.22098 -0.17706 0.01647
v 0.22235 -0.17843 0.01647
v 0.22235 -0.17706 0.01578
v 0.22235 -0.17843 0.03020
v 0.22235 -0.17843 0.03157
v 0.22235 -0.17843 0.03294
v 0.22098 -0.17706 0.03431
v 0.22235 -0.17706 0.03363
v 0.22098 -0.17706 0.03569
v 0.22098 -0.17706 0.04529
v 0.22235 -0.17843 0.04529
v 0.22235 -0.17706 0.04461
v 0.22098 -0.17706 0.04667
v 0.22235 -0.17843 0.04667
v 0.22235 -0.17706 0.04735
v 0.22098 -0.17431 0.01647
v 0.22235 -0.17431 0.01578
v 0.22235 -0.17569 0.03431
v 0.22098 -0.17431 0.03569
v 0.22235 -0.17431 0.03500
v 0.22235 -0.17569 0.04529
v 0.22235 -0.17569 0.04667
v 0.22098 -0.17157 0.01647
v 0.22235 -0.17157 0.01578
v 0.22098 -0.17157 0.03569
v 0.22235 -0.17157 0.03500
v 0.22098 -0.17157 0.05078
v 0.22235 -0.17294 0.05078
v 0.22235 -0.17157 0.05010
v 0.22098 -0.17157 0.05216
v 0.22235 -0.17294 0.05216
v 0.22098 -0.17157 0.05353
v 0.22235 -0.17294 0.05353
v 0.22235 -0.17157 0.05422
v 0.22098 -0.16882 0.01647
v 0.22235 -0.16882 0.01578
v 0.22098 -0.16882 0.03569
v 0.22235 -0.16882 0.03500
v 0.22098 -0.16882 0.04941
v 0.22235 -0.17020 0.04941
v 0.22235 -0.16882 0.04873
v 0.22098 -0.16882 0.05078
v 0.22098 -0.16882 0.05216
v 0.22235 -0.17020 0.05490
v 0.22235 -0.17020 0.05627
v 0.22235 -0.16882 0.05696
v 0.22098 -0.16608 0.01647
v 0.22235 -0.16608 0.01578
v 0.22098 -0.16608 0.03431
v 0.22235 -0.16745 0.03431
v 0.22235 -0.16608 0.03363
v 0.22098 -0.16608 0.04941
v 0.22235 -0.16608 0.04873
v 0.22098 -0.16608 0.05078
v 0.22235 -0.16745 0.05765
v 0.22235 -0.16745 0.05902
v 0.22235 -0.16745 0.06039
v 0.22235 -0.16608 0.06108
v 0.22235 -0.16333 0.01578
v 0.22098 -0.16333 0.03431
v 0.22235 -0.16333 0.03363
v 0.22098 -0.16333 0.04804
v 0.22235 -0.16471 0.04804
v 0.22235 -0.16333 0.04735
v 0.22098 -0.16333 0.04941
v 0.22098 -0.16333 0.05078
v 0.22235 -0.16471 0.05902
v 0.22235 -0.16333 0.05833
v 0.22235 -0.16471 0.06039
v 0.22098 -0.16059 0.01510
v 0.22235 -0.16196 0.01510
v 0.22235 -0.16059 0.01441
v 0.22098 -0.16059 0.03431
v 0.22235 -0.16059 0.03363
v 0.22235 -0.16196 0.04804
v 0.22235 -0.16196 0.04941
v 0.22235 -0.16196 0.05078
v 0.22098 -0.16059 0.05216
v 0.22235 -0.16059 0.05147
v 0.22235 -0.16196 0.05627
v 0.22235 -0.16059 0.05559
v 0.22235 -0.16196 0.05765
v 0.22098 -0.15784 0.01510
v 0.22235 -0.15784 0.01441
v 0.22235 -0.15784 0.03363
v 0.22235 -0.15922 0.05216
v 0.22235 -0.15922 0.05353
v 0.22235 -0.15922 0.05490
v 0.22098 -0.15510 0.01510
v 0.22235 -0.15510 0.01441
v 0.22098 -0.15510 0.01647
v 0.22098 -0.15510 0.01784
v 0.22235 -0.15647 0.01784
v 0.22235 -0.15510 0.01716
v 0.22235 -0.15647 0.01922
v 0.22235 -0.15647 0.02059
v 0.22098 -0.15510 0.02196
v 0.22235 -0.15510 0.02127
v 0.22098 -0.15510 0.02333
v 0.22098 -0.15510 0.02471
v 0.22098 -0.15510 0.02608
v 0.22098 -0.15510 0.02745
v 0.22235 -0.15647 0.02745
v 0.22235 -0.15510 0.02676
v 0.22235 -0.15647 0.02882
v 0.22235 -0.15647 0.03020
v 0.22235 -0.15647 0.03157
v 0.22235 -0.15647 0.03294
v 0.22235 -0.15373 0.01510
v 0.22235 -0.15373 0.01647
v 0.22235 -0.15373 0.02196
v 0.22235 -0.15373 0.02333
v 0.22235 -0.15373 0.02471
v 0.22235 -0.15373 0.02608
v 0.22373 -0.28137 0.01235
v 0.22373 -0.28137 0.01373
v 0.22510 -0.28275 0.01373
v 0.22510 -0.28137 0.01304
v 0.22373 -0.28137 0.01510
v 0.22510 -0.28137 0.01441
v 0.22373 -0.28137 0.01647
v 0.22373 -0.28137 0.01784
v 0.22510 -0.28275 0.01784
v 0.22510 -0.28137 0.01716
v 0.22510 -0.28275 0.01922
v 0.22510 -0.28275 0.02059
v 0.22510 -0.28275 0.02196
v 0.22510 -0.28275 0.02333
v 0.22510 -0.28275 0.02471
v 0.22510 -0.28275 0.02608
v 0.22510 -0.28275 0.02745
v 0.22510 -0.28275 0.02882
v 0.22510 -0.28275 0.03020
v 0.22510 -0.28275 0.03157
v 0.22510 -0.28275 0.03294
v 0.22510 -0.28275 0.03431
v 0.22373 -0.28137 0.03569
v 0.22510 -0.28275 0.03569
v 0.22510 -0.28137 0.03637
v 0.22510 -0.28000 0.00000
v 0.22510 -0.27863 -0.00069
v 0.22510 -0.28000 0.00137
v 0.22510 -0.28000 0.00275
v 0.22510 -0.28000 0.00412
v 0.22510 -0.28000 0.00549
v 0.22510 -0.28000 0.00686
v 0.22510 -0.28000 0.00824
v 0.22510 -0.28000 0.00961
v 0.22510 -0.28000 0.01098
v 0.22510 -0.28000 0.01235
v 0.22510 -0.28000 0.01510
v 0.22510 -0.28000 0.01647
v 0.22510 -0.28000 0.03706
v 0.22510 -0.28000 0.03843
v 0.22510 -0.28000 0.03980
v 0.22510 -0.28000 0.04118
v 0.22510 -0.28000 0.04255
v 0.22510 -0.28000 0.04392
v 0.22510 -0.28000 0.04529
v 0.22510 -0.28000 0.04667
v 0.22510 -0.28000 0.04804
v 0.22510 -0.28000 0.04941
v 0.22510 -0.28000 0.05078
v 0.22510 -0.28000 0.05216
v 0.22510 -0.28000 0.05353
v 0.22510 -0.28000 0.05490
v 0.22510 -0.27863 0.05559
v 0.22510 -0.27588 -0.00069
v 0.22510 -0.27725 0.05627
v 0.22373 -0.27588 0.05765
v 0.22510 -0.27588 0.05696
v 0.22510 -0.27314 -0.00069
v 0.22510 -0.27451 0.05765
v 0.22373 -0.27314 0.05902
v 0.22510 -0.27314 0.05833
v 0.22510 -0.27039 -0.00069
v 0.22510 -0.27176 0.05902
v 0.22510 -0.27176 0.06039
v 0.22510 -0.27039 0.06108
v 0.22510 -0.26765 -0.00069
v 0.22510 -0.26902 0.06176
v 0.22510 -0.26902 0.06314
v 0.22510 -0.26902 0.06451
v 0.22373 -0.26765 0.06588
v 0.22510 -0.26765 0.06520
v 0.22510 -0.26490 -0.00069
v 0.22510 -0.26627 0.06588
v 0.22510 -0.26490 0.06657
v 0.22510 -0.26353 0.00000
v 0.22510 -0.26353 0.00137
v 0.22510 -0.26216 0.00206
v 0.22510 -0.26216 0.06657
v 0.22510 -0.26078 0.00275
v 0.22510 -0.25941 0.00343
v 0.22510 -0.26078 0.06588
v 0.22510 -0.25941 0.06520
v 0.22510 -0.25804 0.00412
v 0.22510 -0.25804 0.00549
v 0.22510 -0.25667 0.00618
v 0.22373 -0.25667 0.06314
v 0.22510 -0.25804 0.06314
v 0.22510 -0.25667 0.06245
v 0.22510 -0.25804 0.06451
v 0.22510 -0.25529 0.00686
v 0.22373 -0.25392 0.00824
v 0.22510 -0.25392 0.00755
v 0.22510 -0.25529 0.06176
v 0.22510 -0.25392 0.06108
v 0.22510 -0.25255 0.00824
v 0.22510 -0.25255 0.00961
v 0.22373 -0.25118 0.01098
v 0.22510 -0.25118 0.01029
v 0.22510 -0.25255 0.05765
v 0.22510 -0.25118 0.05696
v 0.22510 -0.25255 0.05902
v 0.22510 -0.25255 0.06039
v 0.22510 -0.24980 0.01098
v 0.22510 -0.24980 0.01235
v 0.22510 -0.24980 0.01373
v 0.22373 -0.24843 0.01510
v 0.22510 -0.24843 0.01441
v 0.22373 -0.24843 0.05078
v 0.22510 -0.24980 0.05216
v 0.22510 -0.24843 0.05147
v 0.22373 -0.24843 0.05353
v 0.22510 -0.24980 0.05353
v 0.22373 -0.24843 0.05490
v 0.22510 -0.24980 0.05490
v 0.22373 -0.24843 0.05627
v 0.22510 -0.24980 0.05627
v 0.22373 -0.24843 0.05765
v 0.22510 -0.24706 0.01510
v 0.22510 -0.24706 0.01647
v 0.22510 -0.24706 0.01784
v 0.22510 -0.24706 0.01922
v 0.22510 -0.24706 0.02059
v 0.22510 -0.24706 0.02196
v 0.22373 -0.24569 0.02333
v 0.22510 -0.24706 0.02333
v 0.22373 -0.24569 0.02471
v 0.22510 -0.24706 0.02471
v 0.22510 -0.24569 0.02539
v 0.22373 -0.24569 0.02745
v 0.22373 -0.24569 0.03294
v 0.22373 -0.24569 0.03569
v 0.22510 -0.24706 0.03569
v 0.22510 -0.24569 0.03500
v 0.22373 -0.24569 0.03706
v 0.22510 -0.24706 0.03706
v 0.22510 -0.24706 0.03843
v 0.22510 -0.24706 0.03980
v 0.22510 -0.24706 0.04118
v 0.22510 -0.24706 0.04255
v 0.22510 -0.24706 0.04392
v 0.22510 -0.24706 0.04529
v 0.22510 -0.24706 0.04667
v 0.22510 -0.24706 0.04804
v 0.22510 -0.24706 0.04941
v 0.22510 -0.24706 0.05078
v 0.22373 -0.24569 0.05216
v 0.22510 -0.24706 0.05216
v 0.22510 -0.24569 0.05147
v 0.22373 -0.24569 0.05353
v 0.22510 -0.24706 0.05353
v 0.22373 -0.24569 0.05490
v 0.22510 -0.24706 0.05490
v 0.22373 -0.24569 0.05627
v 0.22510 -0.24706 0.05627
v 0.22510 -0.24569 0.05696
v 0.22510 -0.24431 0.02608
v 0.22510 -0.24431 0.02745
v 0.22510 -0.24431 0.02882
v 0.22510 -0.24431 0.03020
v 0.22510 -0.24431 0.03157
v 0.22510 -0.24431 0.03294
v 0.22510 -0.24431 0.03431
v 0.22510 -0.24431 0.05216
v 0.22510 -0.24431 0.05353
v 0.22510 -0.24431 0.05490
v 0.22510 -0.24431 0.05627
v 0.22373 -0.18255 0.02059
v 0.22510 -0.18392 0.02059
v 0.22510 -0.18255 0.01990
v 0.22510 -0.18392 0.02196
v 0.22510 -0.18392 0.02333
v 0.22373 -0.18255 0.02471
v 0.22510 -0.18392 0.02471
v 0.22510 -0.18255 0.02539
v 0.22373 -0.17980 0.01647
v 0.22510 -0.18118 0.01647
v 0.22510 -0.17980 0.01578
v 0.22510 -0.18118 0.01784
v 0.22510 -0.18118 0.01922
v 0.22510 -0.18118 0.02608
v 0.22510 -0.18118 0.02745
v 0.22373 -0.17980 0.02882
v 0.22510 -0.17980 0.02814
v 0.22373 -0.17980 0.04255
v 0.22510 -0.18118 0.04255
v 0.22510 -0.17980 0.04186
v 0.22510 -0.17980 0.04324
v 0.22373 -0.17706 0.01510
v 0.22510 -0.17843 0.01510
v 0.22510 -0.17706 0.01441
v 0.22510 -0.17843 0.02882
v 0.22510 -0.17843 0.03020
v 0.22510 -0.17843 0.03157
v 0.22373 -0.17706 0.03294
v 0.22510 -0.17706 0.03225
v 0.22373 -0.17706 0.04255
v 0.22510 -0.17706 0.04186
v 0.22373 -0.17706 0.04392
v 0.22510 -0.17843 0.04392
v 0.22510 -0.17843 0.04529
v 0.22510 -0.17843 0.04667
v 0.22510 -0.17706 0.04735
v 0.22373 -0.17431 0.01510
v 0.22510 -0.17431 0.01441
v 0.22510 -0.17569 0.03294
v 0.22373 -0.17431 0.03431
v 0.22510 -0.17431 0.03363
v 0.22510 -0.17569 0.04255
v 0.22510 -0.17569 0.04392
v 0.22510 -0.17569 0.04529
v 0.22510 -0.17569 0.04667
v 0.22373 -0.17431 0.05078
v 0.22510 -0.17569 0.05078
v 0.22510 -0.17431 0.05010
v 0.22510 -0.17431 0.05147
v 0.22373 -0.17431 0.05353
v 0.22510 -0.17569 0.05353
v 0.22510 -0.17431 0.05284
v 0.22510 -0.17431 0.05422
v 0.22373 -0.17157 0.01510
v 0.22510 -0.17157 0.01441
v 0.22373 -0.17157 0.03431
v 0.22510 -0.17157 0.03363
v 0.22373 -0.17157 0.04667
v 0.22510 -0.17294 0.04667
v 0.22510 -0.17157 0.04598
v 0.22373 -0.17157 0.04804
v 0.22510 -0.17294 0.04804
v 0.22373 -0.17157 0.04941
v 0.22510 -0.17294 0.04941
v 0.22510 -0.17294 0.05216
v 0.22373 -0.17157 0.05490
v 0.22510 -0.17294 0.05490
v 0.22373 -0.17157 0.05627
v 0.22510 -0.17294 0.05627
v 0.22373 -0.17157 0.05765
v 0.22510 -0.17294 0.05765
v 0.22373 -0.17157 0.05902
v 0.22510 -0.17294 0.05902
v 0.22373 -0.17157 0.06039
v 0.22510 -0.17294 0.06039
v 0.22510 -0.17157 0.06108
v 0.22373 -0.16882 0.01510
v 0.22510 -0.16882 0.01441
v 0.22373 -0.16882 0.03431
v 0.22510 -0.16882 0.03363
v 0.22373 -0.16882 0.04529
v 0.22510 -0.17020 0.04529
v 0.22510 -0.16882 0.04461
v 0.22373 -0.16882 0.04667
v 0.22373 -0.16882 0.04804
v 0.22373 -0.16882 0.05765
v 0.22373 -0.16882 0.05902
v 0.22373 -0.16882 0.06039
v 0.22373 -0.16882 0.06176
v 0.22510 -0.17020 0.06176
v 0.22510 -0.16882 0.06245
v 0.22373 -0.16608 0.01510
v 0.22510 -0.16608 0.01441
v 0.22510 -0.16608 0.03363
v 0.22373 -0.16608 0.04529
v 0.22510 -0.16608 0.04461
v 0.22373 -0.16608 0.04667
v 0.22373 -0.16608 0.04804
v 0.22510 -0.16745 0.06176
v 0.22510 -0.16608 0.06108
v 0.22373 -0.16333 0.01510
v 0.22510 -0.16333 0.01441
v 0.22373 -0.16333 0.03294
v 0.22510 -0.16471 0.03294
v 0.22510 -0.16333 0.03225
v 0.22373 -0.16333 0.04392
v 0.22510 -0.16471 0.04392
v 0.22510 -0.16333 0.04324
v 0.22373 -0.16333 0.04529
v 0.22373 -0.16333 0.04667
v 0.22510 -0.16471 0.05902
v 0.22510 -0.16333 0.05833
v 0.22510 -0.16471 0.06039
v 0.22373 -0.16059 0.01373
v 0.22510 -0.16196 0.01373
v 0.22510 -0.16059 0.01304
v 0.22373 -0.16059 0.03294
v 0.22510 -0.16059 0.03225
v 0.22373 -0.16059 0.04392
v 0.22510 -0.16059 0.04324
v 0.22373 -0.16059 0.04529
v 0.22510 -0.16196 0.04667
v 0.22510 -0.16059 0.04598
v 0.22510 -0.16196 0.04804
v 0.22510 -0.16196 0.04941
v 0.22373 -0.16059 0.05078
v 0.22510 -0.16059 0.05010
v 0.22510 -0.16196 0.05627
v 0.22510 -0.16059 0.05559
v 0.22510 -0.16196 0.05765
v 0.22373 -0.15784 0.01373
v 0.22510 -0.15784 0.01304
v 0.22373 -0.15784 0.03294
v 0.22510 -0.15784 0.03225
v 0.22510 -0.15922 0.04392
v 0.22510 -0.15922 0.04529
v 0.22510 -0.15922 0.05078
v 0.22373 -0.15784 0.05216
v 0.22510 -0.15784 0.05147
v 0.22510 -0.15922 0.05353
v 0.22510 -0.15784 0.05284
v 0.22510 -0.15922 0.05490
v 0.22373 -0.15510 0.01373
v 0.22510 -0.15510 0.01304
v 0.22373 -0.15510 0.01784
v 0.22373 -0.15510 0.01922
v 0.22373 -0.15510 0.02059
v 0.22373 -0.15510 0.02745
v 0.22510 -0.15647 0.02882
v 0.22510 -0.15510 0.02814
v 0.22510 -0.15647 0.03020
v 0.22510 -0.15647 0.03157
v 0.22510 -0.15647 0.05216
v 0.22510 -0.15373 0.01373
v 0.22510 -0.15373 0.01510
v 0.22510 -0.15373 0.01647
v 0.22510 -0.15373 0.01784
v 0.22510 -0.15373 0.01922
v 0.22510 -0.15373 0.02059
v 0.22510 -0.15373 0.02196
v 0.22510 -0.15373 0.02333
v 0.22510 -0.15373 0.02471
v 0.22510 -0.15373 0.02608
v 0.22510 -0.15373 0.02745
v 0.22647 -0.28137 0.01373
v 0.22647 -0.28137 0.01784
v 0.22784 -0.28275 0.01922
v 0.22784 -0.28137 0.01853
v 0.22784 -0.28275 0.02059
v 0.22784 -0.28275 0.02196
v 0.22784 -0.28275 0.02333
v 0.22784 -0.28275 0.02471
v 0.22784 -0.28275 0.02608
v 0.22784 -0.28275 0.02745
v 0.22784 -0.28275 0.02882
v 0.22784 -0.28275 0.03020
v 0.22784 -0.28275 0.03157
v 0.22784 -0.28275 0.03294
v 0.22784 -0.28275 0.03431
v 0.22647 -0.28137 0.03569
v 0.22784 -0.28137 0.03500
v 0.22647 -0.28137 0.04118
v 0.22784 -0.28275 0.04118
v 0.22784 -0.28137 0.04049
v 0.22784 -0.28137 0.04186
v 0.22784 -0.28000 0.00000
v 0.22784 -0.27863 -0.00069
v 0.22784 -0.28000 0.00137
v 0.22784 -0.28000 0.00275
v 0.22784 -0.28000 0.00412
v 0.22784 -0.28000 0.00549
v 0.22784 -0.28000 0.00686
v 0.22784 -0.28000 0.00824
v 0.22784 -0.28000 0.00961
v 0.22784 -0.28000 0.01098
v 0.22784 -0.28000 0.01235
v 0.22784 -0.28000 0.01373
v 0.22784 -0.28000 0.01510
v 0.22784 -0.28000 0.01647
v 0.22784 -0.28000 0.01784
v 0.22784 -0.28000 0.03569
v 0.22784 -0.28000 0.03706
v 0.22784 -0.28000 0.03843
v 0.22784 -0.28000 0.03980
v 0.22784 -0.28000 0.04255
v 0.22784 -0.28000 0.04392
v 0.22784 -0.28000 0.04529
v 0.22784 -0.28000 0.04667
v 0.22784 -0.28000 0.04804
v 0.22784 -0.28000 0.04941
v 0.22784 -0.28000 0.05078
v 0.22784 -0.28000 0.05216
v 0.22784 -0.28000 0.05353
v 0.22784 -0.28000 0.05490
v 0.22784 -0.27863 0.05559
v 0.22784 -0.27588 -0.00069
v 0.22784 -0.27725 0.05627
v 0.22784 -0.27588 0.05696
v 0.22784 -0.27314 -0.00069
v 0.22784 -0.27451 0.05765
v 0.22784 -0.27314 0.05833
v 0.22784 -0.27039 -0.00069
v 0.22784 -0.27176 0.05902
v 0.22784 -0.27176 0.06039
v 0.22784 -0.27039 0.06108
v 0.22784 -0.26765 -0.00069
v 0.22784 -0.26902 0.06176
v 0.22784 -0.26902 0.06314
v 0.22784 -0.26902 0.06451
v 0.22784 -0.26765 0.06520
v 0.22647 -0.26490 0.00000
v 0.22784 -0.26627 0.00000
v 0.22784 -0.26490 0.00069
v 0.22647 -0.26490 0.06588
v 0.22784 -0.26490 0.06520
v 0.22784 -0.26353 0.00137
v 0.22784 -0.26216 0.00206
v 0.22784 -0.26353 0.06588
v 0.22784 -0.26216 0.06657
v 0.22784 -0.26078 0.00275
v 0.22784 -0.25941 0.00343
v 0.22784 -0.26078 0.06588
v 0.22784 -0.25941 0.06520
v 0.22784 -0.25804 0.00412
v 0.22647 -0.25667 0.00549
v 0.22784 -0.25667 0.00480
v 0.22784 -0.25804 0.06314
v 0.22784 -0.25667 0.06245
v 0.22784 -0.25804 0.06451
v 0.22784 -0.25529 0.00549
v 0.22647 -0.25392 0.00686
v 0.22784 -0.25392 0.00618
v 0.22647 -0.25392 0.06039
v 0.22784 -0.25529 0.06039
v 0.22784 -0.25392 0.05971
v 0.22784 -0.25529 0.06176
v 0.22784 -0.25255 0.00686
v 0.22784 -0.25255 0.00824
v 0.22647 -0.25118 0.00961
v 0.22784 -0.25118 0.00892
v 0.22784 -0.25255 0.05765
v 0.22784 -0.25118 0.05696
v 0.22784 -0.25255 0.05902
v 0.22784 -0.24980 0.00961
v 0.22784 -0.24980 0.01098
v 0.22784 -0.24980 0.01235
v 0.22647 -0.24843 0.01373
v 0.22784 -0.24843 0.01304
v 0.22784 -0.24980 0.05216
v 0.22784 -0.24843 0.05147
v 0.22784 -0.24980 0.05353
v 0.22784 -0.24980 0.05490
v 0.22784 -0.24980 0.05627
v 0.22784 -0.24706 0.01373
v 0.22784 -0.24706 0.01510
v 0.22784 -0.24706 0.01647
v 0.22784 -0.24706 0.01784
v 0.22784 -0.24706 0.01922
v 0.22784 -0.24706 0.02059
v 0.22784 -0.24706 0.02196
v 0.22784 -0.24706 0.02333
v 0.22647 -0.24569 0.02471
v 0.22784 -0.24569 0.02402
v 0.22647 -0.24569 0.03431
v 0.22784 -0.24706 0.03431
v 0.22784 -0.24569 0.03363
v 0.22647 -0.24569 0.03569
v 0.22784 -0.24569 0.03500
v 0.22784 -0.24706 0.03706
v 0.22784 -0.24569 0.03637
v 0.22784 -0.24706 0.03843
v 0.22784 -0.24706 0.03980
v 0.22784 -0.24706 0.04118
v 0.22784 -0.24706 0.04255
v 0.22647 -0.24569 0.04392
v 0.22784 -0.24569 0.04324
v 0.22647 -0.24569 0.04529
v 0.22647 -0.24569 0.04667
v 0.22647 -0.24569 0.04804
v 0.22647 -0.24569 0.04941
v 0.22647 -0.24569 0.05078
v 0.22784 -0.24706 0.05216
v 0.22784 -0.24706 0.05353
v 0.22784 -0.24706 0.05490
v 0.22784 -0.24706 0.05627
v 0.22784 -0.24569 0.05696
v 0.22784 -0.24431 0.02471
v 0.22784 -0.24431 0.02608
v 0.22784 -0.24431 0.02745
v 0.22784 -0.24431 0.02882
v 0.22784 -0.24431 0.03020
v 0.22784 -0.24431 0.03157
v 0.22784 -0.24431 0.03294
v 0.22784 -0.24431 0.03569
v 0.22784 -0.24431 0.04392
v 0.22784 -0.24431 0.04529
v 0.22784 -0.24431 0.04667
v 0.22784 -0.24431 0.04804
v 0.22784 -0.24431 0.04941
v 0.22784 -0.24431 0.05078
v 0.22784 -0.24431 0.05216
v 0.22784 -0.24431 0.05353
v 0.22784 -0.24431 0.05490
v 0.22784 -0.24431 0.05627
v 0.22647 -0.18529 0.01922
v 0.22784 -0.18667 0.01922
v 0.22784 -0.18529 0.01853
v 0.22647 -0.18529 0.02059
v 0.22784 -0.18667 0.02059
v 0.22784 -0.18529 0.02127
v 0.22647 -0.18529 0.03157
v 0.22784 -0.18667 0.03157
v 0.22784 -0.18529 0.03088
v 0.22647 -0.18529 0.03294
v 0.22784 -0.18667 0.03294
v 0.22784 -0.18529 0.03363
v 0.22647 -0.18255 0.01784
v 0.22784 -0.18392 0.01784
v 0.22784 -0.18255 0.01716
v 0.22647 -0.18255 0.01922
v 0.22784 -0.18392 0.02196
v 0.22647 -0.18255 0.02333
v 0.22784 -0.18255 0.02265
v 0.22647 -0.18255 0.02471
v 0.22784 -0.18392 0.03157
v 0.22784 -0.18392 0.03294
v 0.22647 -0.17980 0.01510
v 0.22784 -0.18118 0.01510
v 0.22784 -0.17980 0.01441
v 0.22784 -0.18118 0.01647
v 0.22784 -0.18118 0.02333
v 0.22784 -0.18118 0.02471
v 0.22784 -0.18118 0.02608
v 0.22647 -0.17980 0.02745
v 0.22784 -0.17980 0.02676
v 0.22784 -0.18118 0.04255
v 0.22784 -0.17980 0.04186
v 0.22647 -0.17980 0.04392
v 0.22784 -0.18118 0.04392
v 0.22647 -0.17980 0.04529
v 0.22784 -0.18118 0.04529
v 0.22647 -0.17980 0.04667
v 0.22784 -0.18118 0.04667
v 0.22784 -0.17980 0.04735
v 0.22647 -0.17706 0.01373
v 0.22784 -0.17843 0.01373
v 0.22784 -0.17706 0.01304
v 0.22784 -0.17843 0.02745
v 0.22647 -0.17706 0.02882
v 0.22784 -0.17706 0.02814
v 0.22647 -0.17706 0.03020
v 0.22647 -0.17706 0.03157
v 0.22647 -0.17706 0.04255
v 0.22784 -0.17843 0.04255
v 0.22647 -0.17706 0.04392
v 0.22784 -0.17843 0.04392
v 0.22647 -0.17706 0.04529
v 0.22784 -0.17843 0.04529
v 0.22784 -0.17706 0.04598
v 0.22647 -0.17706 0.04804
v 0.22784 -0.17843 0.04804
v 0.22647 -0.17706 0.04941
v 0.22784 -0.17843 0.04941
v 0.22647 -0.17706 0.05078
v 0.22784 -0.17843 0.05078
v 0.22647 -0.17706 0.05216
v 0.22784 -0.17843 0.05216
v 0.22784 -0.17706 0.05284
v 0.22647 -0.17431 0.01373
v 0.22784 -0.17431 0.01304
v 0.22784 -0.17569 0.02882
v 0.22784 -0.17569 0.03020
v 0.22784 -0.17569 0.03157
v 0.22647 -0.17431 0.03294
v 0.22784 -0.17431 0.03225
v 0.22647 -0.17431 0.04392
v 0.22784 -0.17569 0.04392
v 0.22784 -0.17431 0.04324
v 0.22647 -0.17431 0.04529
v 0.22784 -0.17569 0.04529
v 0.22647 -0.17431 0.04667
v 0.22647 -0.17431 0.04804
v 0.22647 -0.17431 0.04941
v 0.22647 -0.17431 0.05216
v 0.22784 -0.17569 0.05353
v 0.22784 -0.17431 0.05422
v 0.22647 -0.17157 0.01373
v 0.22784 -0.17157 0.01304
v 0.22647 -0.17157 0.03294
v 0.22784 -0.17157 0.03225
v 0.22647 -0.17157 0.04255
v 0.22784 -0.17294 0.04255
v 0.22784 -0.17157 0.04186
v 0.22647 -0.17157 0.04392
v 0.22647 -0.17157 0.04529
v 0.22784 -0.17294 0.05490
v 0.22784 -0.17294 0.05627
v 0.22784 -0.17294 0.05765
v 0.22784 -0.17294 0.05902
v 0.22784 -0.17294 0.06039
v 0.22784 -0.17157 0.06108
v 0.22647 -0.16882 0.01373
v 0.22784 -0.16882 0.01304
v 0.22647 -0.16882 0.03294
v 0.22784 -0.16882 0.03225
v 0.22647 -0.16882 0.04255
v 0.22784 -0.16882 0.04186
v 0.22647 -0.16882 0.04392
v 0.22647 -0.16882 0.06176
v 0.22784 -0.16882 0.06108
v 0.22647 -0.16608 0.01373
v 0.22784 -0.16608 0.01304
v 0.22647 -0.16608 0.03294
v 0.22784 -0.16608 0.03225
v 0.22647 -0.16608 0.04118
v 0.22784 -0.16745 0.04118
v 0.22784 -0.16608 0.04049
v 0.22647 -0.16608 0.04255
v 0.22647 -0.16608 0.04392
v 0.22784 -0.16608 0.06108
v 0.22647 -0.16333 0.01373
v 0.22784 -0.16333 0.01304
v 0.22647 -0.16333 0.03157
v 0.22784 -0.16471 0.03157
v 0.22784 -0.16333 0.03088
v 0.22647 -0.16333 0.04118
v 0.22784 -0.16333 0.04049
v 0.22647 -0.16333 0.04255
v 0.22647 -0.16333 0.05765
v 0.22784 -0.16471 0.05765
v 0.22784 -0.16333 0.05696
v 0.22784 -0.16471 0.05902
v 0.22784 -0.16471 0.06039
v 0.22784 -0.16059 0.01304
v 0.22647 -0.16059 0.03157
v 0.22784 -0.16059 0.03088
v 0.22647 -0.16059 0.04118
v 0.22784 -0.16059 0.04049
v 0.22647 -0.16059 0.04255
v 0.22647 -0.16059 0.04667
v 0.22647 -0.16059 0.04804
v 0.22647 -0.16059 0.04941
v 0.22784 -0.16196 0.05627
v 0.22784 -0.16059 0.05559
v 0.22647 -0.15784 0.01235
v 0.22784 -0.15922 0.01235
v 0.22784 -0.15784 0.01167
v 0.22647 -0.15784 0.03157
v 0.22784 -0.15784 0.03088
v 0.22784 -0.15922 0.04118
v 0.22784 -0.15922 0.04255
v 0.22784 -0.15922 0.04392
v 0.22784 -0.15922 0.04529
v 0.22784 -0.15922 0.04667
v 0.22784 -0.15922 0.04804
v 0.22784 -0.15922 0.04941
v 0.22647 -0.15784 0.05078
v 0.22784 -0.15784 0.05010
v 0.22784 -0.15922 0.05353
v 0.22784 -0.15784 0.05284
v 0.22784 -0.15922 0.05490
v 0.22647 -0.15510 0.01235
v 0.22784 -0.15510 0.01167
v 0.22647 -0.15510 0.02745
v 0.22784 -0.15647 0.02745
v 0.22784 -0.15510 0.02676
v 0.22784 -0.15647 0.02882
v 0.22784 -0.15647 0.03020
v 0.22784 -0.15647 0.05078
v 0.22784 -0.15647 0.05216
v 0.22784 -0.15373 0.01235
v 0.22784 -0.15373 0.01373
v 0.22784 -0.15373 0.01510
v 0.22784 -0.15373 0.01647
v 0.22784 -0.15373 0.01784
v 0.22784 -0.15373 0.01922
v 0.22784 -0.15373 0.02059
v 0.22784 -0.15373 0.02196
v 0.22784 -0.15373 0.02333
v 0.22784 -0.15373 0.02471
v 0.22784 -0.15373 0.02608
v 0.23059 -0.28275 0.01922
v 0.23059 -0.28137 0.01853
v 0.23059 -0.28275 0.02059
v 0.23059 -0.28275 0.02196
v 0.23059 -0.28275 0.02333
v 0.23059 -0.28275 0.02471
v 0.23059 -0.28275 0.02608
v 0.23059 -0.28275 0.02745
v 0.23059 -0.28275 0.02882
v 0.23059 -0.28275 0.03020
v 0.23059 -0.28275 0.03157
v 0.23059 -0.28275 0.03294
v 0.23059 -0.28275 0.03431
v 0.22922 -0.28137 0.03569
v 0.23059 -0.28275 0.03569
v 0.22922 -0.28137 0.03706
v 0.23059 -0.28275 0.03706
v 0.22922 -0.28137 0.03843
v 0.23059 -0.28275 0.03843
v 0.23059 -0.28137 0.03912
v 0.22922 -0.28137 0.04118
v 0.23059 -0.28000 0.00000
v 0.23059 -0.27863 -0.00069
v 0.23059 -0.28000 0.00137
v 0.23059 -0.28000 0.00275
v 0.23059 -0.28000 0.00412
v 0.23059 -0.28000 0.00549
v 0.23059 -0.28000 0.00686
v 0.23059 -0.28000 0.00824
v 0.23059 -0.28000 0.00961
v 0.23059 -0.28000 0.01098
v 0.23059 -0.28000 0.01235
v 0.23059 -0.28000 0.01373
v 0.23059 -0.28000 0.01510
v 0.23059 -0.28000 0.01647
v 0.23059 -0.28000 0.01784
v 0.23059 -0.28000 0.03980
v 0.23059 -0.28000 0.04118
v 0.23059 -0.28000 0.04255
v 0.23059 -0.28000 0.04392
v 0.23059 -0.28000 0.04529
v 0.23059 -0.28000 0.04667
v 0.23059 -0.28000 0.04804
v 0.23059 -0.28000 0.04941
v 0.23059 -0.28000 0.05078
v 0.23059 -0.28000 0.05216
v 0.23059 -0.28000 0.05353
v 0.22922 -0.27863 0.05490
v 0.23059 -0.27863 0.05422
v 0.23059 -0.27588 -0.00069
v 0.23059 -0.27725 0.05490
v 0.23059 -0.27725 0.05627
v 0.22922 -0.27588 0.05765
v 0.23059 -0.27725 0.05765
v 0.23059 -0.27588 0.05833
v 0.23059 -0.27314 -0.00069
v 0.22922 -0.27314 0.05902
v 0.23059 -0.27451 0.05902
v 0.23059 -0.27314 0.05971
v 0.23059 -0.27039 -0.00069
v 0.23059 -0.27176 0.06039
v 0.22922 -0.27039 0.06176
v 0.23059 -0.27176 0.06176
v 0.23059 -0.27039 0.06245
v 0.23059 -0.26765 -0.00069
v 0.23059 -0.26902 0.06314
v 0.22922 -0.26765 0.06451
v 0.23059 -0.26765 0.06382
v 0.22922 -0.26490 0.00000
v 0.23059 -0.26490 -0.00069
v 0.23059 -0.26627 0.06451
v 0.22922 -0.26490 0.06588
v 0.23059 -0.26627 0.06588
v 0.23059 -0.26490 0.06657
v 0.23059 -0.26353 0.00000
v 0.22922 -0.26216 0.00137
v 0.23059 -0.26216 0.00069
v 0.22922 -0.26216 0.06588
v 0.23059 -0.26353 0.06588
v 0.23059 -0.26216 0.06520
v 0.23059 -0.26078 0.00137
v 0.23059 -0.26078 0.00275
v 0.23059 -0.25941 0.00343
v 0.22922 -0.25941 0.06451
v 0.23059 -0.26078 0.06451
v 0.23059 -0.25941 0.06382
v 0.23059 -0.25804 0.00412
v 0.23059 -0.25667 0.00480
v 0.22922 -0.25667 0.06176
v 0.23059 -0.25804 0.06176
v 0.23059 -0.25667 0.06108
v 0.23059 -0.25804 0.06314
v 0.23059 -0.25529 0.00549
v 0.23059 -0.25392 0.00618
v 0.23059 -0.25529 0.06039
v 0.23059 -0.25392 0.05971
v 0.23059 -0.25255 0.00686
v 0.23059 -0.25255 0.00824
v 0.23059 -0.25118 0.00892
v 0.23059 -0.25255 0.05765
v 0.23059 -0.25118 0.05696
v 0.23059 -0.25255 0.05902
v 0.23059 -0.24980 0.00961
v 0.23059 -0.24980 0.01098
v 0.23059 -0.24980 0.01235
v 0.23059 -0.24843 0.01304
v 0.23059 -0.24980 0.05216
v 0.23059 -0.24843 0.05147
v 0.23059 -0.24980 0.05353
v 0.23059 -0.24980 0.05490
v 0.23059 -0.24980 0.05627
v 0.23059 -0.24706 0.01373
v 0.23059 -0.24706 0.01510
v 0.23059 -0.24706 0.01647
v 0.23059 -0.24706 0.01784
v 0.23059 -0.24706 0.01922
v 0.23059 -0.24706 0.02059
v 0.23059 -0.24706 0.02196
v 0.23059 -0.24706 0.02333
v 0.23059 -0.24569 0.02402
v 0.22922 -0.24569 0.03431
v 0.22922 -0.24569 0.03706
v 0.22922 -0.24569 0.03843
v 0.22922 -0.24569 0.03980
v 0.23059 -0.24706 0.04118
v 0.23059 -0.24569 0.04049
v 0.23059 -0.24706 0.04255
v 0.23059 -0.24569 0.04324
v 0.23059 -0.24706 0.05216
v 0.23059 -0.24706 0.05353
v 0.23059 -0.24706 0.05490
v 0.22922 -0.24569 0.05627
v 0.23059 -0.24569 0.05559
v 0.23059 -0.24431 0.02471
v 0.23059 -0.24431 0.02608
v 0.23059 -0.24431 0.02745
v 0.23059 -0.24431 0.02882
v 0.23059 -0.24431 0.03020
v 0.23059 -0.24431 0.03157
v 0.23059 -0.24431 0.03294
v 0.23059 -0.24431 0.03431
v 0.23059 -0.24431 0.03569
v 0.23059 -0.24431 0.03706
v 0.23059 -0.24431 0.03843
v 0.23059 -0.24431 0.03980
v 0.23059 -0.24431 0.04392
v 0.23059 -0.24431 0.04529
v 0.23059 -0.24431 0.04667
v 0.23059 -0.24431 0.04804
v 0.22922 -0.24294 0.04941
v 0.23059 -0.24294 0.04873
v 0.22922 -0.24294 0.05078
v 0.22922 -0.24294 0.05216
v 0.22922 -0.24294 0.05353
v 0.22922 -0.24294 0.05490
v 0.23059 -0.24294 0.05559
v 0.23059 -0.24157 0.04941
v 0.23059 -0.24157 0.05078
v 0.23059 -0.24157 0.05216
v 0.23059 -0.24157 0.05353
v 0.23059 -0.24157 0.05490
v 0.22922 -0.18804 0.02608
v 0.23059 -0.18941 0.02608
v 0.23059 -0.18804 0.02539
v 0.22922 -0.18804 0.02745
v 0.23059 -0.18941 0.02745
v 0.22922 -0.18804 0.02882
v 0.23059 -0.18941 0.02882
v 0.22922 -0.18804 0.03020
v 0.23059 -0.18941 0.03020
v 0.23059 -0.18804 0.03088
v 0.22922 -0.18529 0.01784
v 0.23059 -0.18667 0.01784
v 0.23059 -0.18529 0.01716
v 0.23059 -0.18667 0.01922
v 0.22922 -0.18529 0.02059
v 0.23059 -0.18529 0.01990
v 0.23059 -0.18667 0.02608
v 0.23059 -0.18667 0.02745
v 0.23059 -0.18667 0.02882
v 0.23059 -0.18667 0.03020
v 0.22922 -0.18529 0.03157
v 0.23059 -0.18667 0.03294
v 0.23059 -0.18529 0.03225
v 0.22922 -0.18529 0.03431
v 0.23059 -0.18667 0.03431
v 0.22922 -0.18529 0.03569
v 0.23059 -0.18667 0.03569
v 0.23059 -0.18529 0.03637
v 0.22922 -0.18255 0.01647
v 0.23059 -0.18392 0.01647
v 0.23059 -0.18255 0.01578
v 0.22922 -0.18255 0.02059
v 0.23059 -0.18255 0.01990
v 0.22922 -0.18255 0.02196
v 0.23059 -0.18392 0.03294
v 0.23059 -0.18392 0.03431
v 0.23059 -0.18392 0.03569
v 0.22922 -0.18255 0.04118
v 0.23059 -0.18392 0.04118
v 0.23059 -0.18255 0.04049
v 0.23059 -0.18255 0.04186
v 0.22922 -0.17980 0.01373
v 0.23059 -0.18118 0.01373
v 0.23059 -0.17980 0.01304
v 0.23059 -0.18118 0.01510
v 0.23059 -0.18118 0.02059
v 0.23059 -0.18118 0.02196
v 0.23059 -0.18118 0.02333
v 0.22922 -0.17980 0.02471
v 0.23059 -0.17980 0.02402
v 0.22922 -0.17980 0.02608
v 0.22922 -0.17980 0.04118
v 0.23059 -0.17980 0.04049
v 0.23059 -0.18118 0.04255
v 0.23059 -0.18118 0.04392
v 0.23059 -0.18118 0.04529
v 0.23059 -0.18118 0.04667
v 0.22922 -0.17980 0.04804
v 0.23059 -0.18118 0.04804
v 0.22922 -0.17980 0.04941
v 0.23059 -0.18118 0.04941
v 0.23059 -0.17980 0.05010
v 0.22922 -0.17706 0.01235
v 0.23059 -0.17843 0.01235
v 0.23059 -0.17706 0.01167
v 0.22922 -0.17706 0.02471
v 0.23059 -0.17706 0.02402
v 0.22922 -0.17706 0.02608
v 0.22922 -0.17706 0.02745
v 0.23059 -0.17843 0.04118
v 0.22922 -0.17706 0.04255
v 0.23059 -0.17706 0.04186
v 0.22922 -0.17706 0.04392
v 0.22922 -0.17706 0.04529
v 0.23059 -0.17843 0.05078
v 0.23059 -0.17843 0.05216
v 0.23059 -0.17706 0.05284
v 0.22922 -0.17431 0.01235
v 0.23059 -0.17431 0.01167
v 0.23059 -0.17569 0.02471
v 0.23059 -0.17569 0.02608
v 0.23059 -0.17569 0.02745
v 0.23059 -0.17569 0.02882
v 0.22922 -0.17431 0.03020
v 0.23059 -0.17431 0.02951
v 0.22922 -0.17431 0.03157
v 0.22922 -0.17431 0.03980
v 0.23059 -0.17569 0.03980
v 0.23059 -0.17431 0.03912
v 0.22922 -0.17431 0.04118
v 0.23059 -0.17569 0.04118
v 0.22922 -0.17431 0.04255
v 0.22922 -0.17431 0.05216
v 0.23059 -0.17569 0.05216
v 0.23059 -0.17431 0.05147
v 0.22922 -0.17431 0.05353
v 0.22922 -0.17157 0.01235
v 0.23059 -0.17157 0.01167
v 0.23059 -0.17294 0.03020
v 0.22922 -0.17157 0.03157
v 0.23059 -0.17157 0.03088
v 0.22922 -0.17157 0.03980
v 0.23059 -0.17157 0.03912
v 0.22922 -0.17157 0.04118
v 0.23059 -0.17294 0.05216
v 0.23059 -0.17294 0.05353
v 0.23059 -0.17294 0.05490
v 0.23059 -0.17294 0.05627
v 0.22922 -0.17157 0.05765
v 0.23059 -0.17157 0.05696
v 0.22922 -0.17157 0.05902
v 0.22922 -0.17157 0.06039
v 0.22922 -0.16882 0.01235
v 0.23059 -0.16882 0.01167
v 0.22922 -0.16882 0.03157
v 0.23059 -0.16882 0.03088
v 0.22922 -0.16882 0.03843
v 0.23059 -0.17020 0.03843
v 0.23059 -0.16882 0.03775
v 0.22922 -0.16882 0.03980
v 0.22922 -0.16882 0.04118
v 0.23059 -0.17020 0.05765
v 0.23059 -0.17020 0.05902
v 0.22922 -0.16882 0.06039
v 0.23059 -0.16882 0.05971
v 0.22922 -0.16608 0.01235
v 0.23059 -0.16608 0.01167
v 0.22922 -0.16608 0.03157
v 0.23059 -0.16608 0.03088
v 0.22922 -0.16608 0.03843
v 0.23059 -0.16608 0.03775
v 0.22922 -0.16608 0.03980
v 0.22922 -0.16608 0.06039
v 0.23059 -0.16608 0.05971
v 0.22922 -0.16333 0.01235
v 0.23059 -0.16333 0.01167
v 0.23059 -0.16333 0.03088
v 0.22922 -0.16333 0.03843
v 0.23059 -0.16333 0.03775
v 0.22922 -0.16333 0.03980
v 0.23059 -0.16471 0.05765
v 0.23059 -0.16333 0.05696
v 0.23059 -0.16471 0.05902
v 0.22922 -0.16059 0.01235
v 0.23059 -0.16059 0.01167
v 0.22922 -0.16059 0.03020
v 0.23059 -0.16196 0.03020
v 0.23059 -0.16059 0.02951
v 0.22922 -0.16059 0.03843
v 0.23059 -0.16059 0.03775
v 0.22922 -0.16059 0.03980
v 0.22922 -0.16059 0.05490
v 0.23059 -0.16196 0.05490
v 0.23059 -0.16059 0.05422
v 0.23059 -0.16196 0.05627
v 0.22922 -0.15784 0.01098
v 0.23059 -0.15922 0.01098
v 0.23059 -0.15784 0.01029
v 0.22922 -0.15784 0.03020
v 0.23059 -0.15784 0.02951
v 0.22922 -0.15784 0.03843
v 0.23059 -0.15784 0.03775
v 0.22922 -0.15784 0.03980
v 0.22922 -0.15784 0.04118
v 0.22922 -0.15784 0.04255
v 0.23059 -0.15922 0.04392
v 0.23059 -0.15784 0.04324
v 0.23059 -0.15922 0.04529
v 0.23059 -0.15922 0.04667
v 0.22922 -0.15784 0.04804
v 0.23059 -0.15784 0.04735
v 0.22922 -0.15784 0.04941
v 0.22922 -0.15784 0.05216
v 0.23059 -0.15922 0.05216
v 0.23059 -0.15784 0.05147
v 0.23059 -0.15922 0.05353
v 0.22922 -0.15510 0.01098
v 0.23059 -0.15510 0.01029
v 0.23059 -0.15647 0.02745
v 0.23059 -0.15510 0.02676
v 0.23059 -0.15647 0.02882
v 0.23059 -0.15647 0.03843
v 0.23059 -0.15647 0.03980
v 0.23059 -0.15647 0.04118
v 0.23059 -0.15647 0.04255
v 0.23059 -0.15647 0.04804
v 0.23059 -0.15647 0.04941
v 0.23059 -0.15647 0.05078
v 0.23059 -0.15373 0.01098
v 0.23059 -0.15373 0.01235
v 0.23059 -0.15373 0.01373
v 0.23059 -0.15373 0.01510
v 0.23059 -0.15373 0.01647
v 0.23059 -0.15373 0.01784
v 0.23059 -0.15373 0.01922
v 0.23059 -0.15373 0.02059
v 0.23059 -0.15373 0.02196
v 0.23059 -0.15373 0.02333
v 0.23059 -0.15373 0.02471
v 0.23059 -0.15373 0.02608
v 0.23196 -0.28137 0.01784
v 0.23333 -0.28275 0.01784
v 0.23333 -0.28137 0.01716
v 0.23333 -0.28275 0.01922
v 0.23333 -0.28275 0.02059
v 0.23333 -0.28275 0.02196
v 0.23333 -0.28275 0.02333
v 0.23333 -0.28275 0.02471
v 0.23333 -0.28275 0.02608
v 0.23333 -0.28275 0.02745
v 0.23333 -0.28275 0.02882
v 0.23333 -0.28275 0.03020
v 0.23333 -0.28275 0.03157
v 0.23333 -0.28275 0.03294
v 0.23333 -0.28275 0.03431
v 0.23196 -0.28137 0.03569
v 0.23333 -0.28137 0.03500
v 0.23196 -0.28137 0.03706
v 0.23196 -0.28137 0.03843
v 0.23333 -0.28000 0.00000
v 0.23333 -0.27863 -0.00069
v 0.23333 -0.28000 0.00137
v 0.23333 -0.28000 0.00275
v 0.23333 -0.28000 0.00412
v 0.23333 -0.28000 0.00549
v 0.23333 -0.28000 0.00686
v 0.23333 -0.28000 0.00824
v 0.23333 -0.28000 0.00961
v 0.23333 -0.28000 0.01098
v 0.23333 -0.28000 0.01235
v 0.23333 -0.28000 0.01373
v 0.23333 -0.28000 0.01510
v 0.23333 -0.28000 0.01647
v 0.23333 -0.28000 0.03569
v 0.23333 -0.28000 0.03706
v 0.23333 -0.28000 0.03843
v 0.23333 -0.28000 0.03980
v 0.23333 -0.28000 0.04118
v 0.23333 -0.28000 0.04255
v 0.23333 -0.28000 0.04392
v 0.23333 -0.28000 0.04529
v 0.23333 -0.28000 0.04667
v 0.23333 -0.28000 0.04804
v 0.23333 -0.28000 0.04941
v 0.23333 -0.28000 0.05078
v 0.23333 -0.28000 0.05216
v 0.23333 -0.28000 0.05353
v 0.23333 -0.27863 0.05422
v 0.23333 -0.27588 -0.00069
v 0.23333 -0.27725 0.05490
v 0.23333 -0.27725 0.05627
v 0.23333 -0.27725 0.05765
v 0.23333 -0.27588 0.05833
v 0.23333 -0.27314 -0.00069
v 0.23333 -0.27451 0.05902
v 0.23196 -0.27314 0.06039
v 0.23333 -0.27451 0.06039
v 0.23333 -0.27314 0.06108
v 0.23333 -0.27039 -0.00069
v 0.23333 -0.27176 0.06176
v 0.23333 -0.27039 0.06245
v 0.23333 -0.26765 -0.00069
v 0.23333 -0.26902 0.06314
v 0.23333 -0.26765 0.06382
v 0.23333 -0.26490 -0.00069
v 0.23333 -0.26627 0.06451
v 0.23196 -0.26490 0.06588
v 0.23333 -0.26490 0.06520
v 0.23196 -0.26216 0.00000
v 0.23333 -0.26216 -0.00069
v 0.23196 -0.26216 0.06451
v 0.23333 -0.26353 0.06451
v 0.23333 -0.26216 0.06382
v 0.23333 -0.26078 0.00000
v 0.23333 -0.26078 0.00137
v 0.23196 -0.25941 0.00275
v 0.23333 -0.25941 0.00206
v 0.23333 -0.25941 0.06382
v 0.23333 -0.25804 0.00275
v 0.23333 -0.25804 0.00412
v 0.23333 -0.25667 0.00480
v 0.23333 -0.25804 0.06176
v 0.23333 -0.25667 0.06108
v 0.23333 -0.25804 0.06314
v 0.23333 -0.25529 0.00549
v 0.23333 -0.25392 0.00618
v 0.23196 -0.25392 0.05902
v 0.23333 -0.25529 0.05902
v 0.23333 -0.25392 0.05833
v 0.23333 -0.25529 0.06039
v 0.23333 -0.25255 0.00686
v 0.23333 -0.25255 0.00824
v 0.23333 -0.25118 0.00892
v 0.23196 -0.25118 0.05627
v 0.23333 -0.25255 0.05627
v 0.23333 -0.25118 0.05559
v 0.23333 -0.25255 0.05765
v 0.23333 -0.24980 0.00961
v 0.23333 -0.24980 0.01098
v 0.23196 -0.24843 0.01235
v 0.23333 -0.24843 0.01167
v 0.23196 -0.24843 0.05078
v 0.23333 -0.24980 0.05078
v 0.23333 -0.24843 0.05010
v 0.23333 -0.24980 0.05216
v 0.23333 -0.24980 0.05353
v 0.23333 -0.24980 0.05490
v 0.23333 -0.24706 0.01235
v 0.23333 -0.24706 0.01373
v 0.23333 -0.24706 0.01510
v 0.23333 -0.24706 0.01647
v 0.23333 -0.24706 0.01784
v 0.23333 -0.24706 0.01922
v 0.23333 -0.24706 0.02059
v 0.23333 -0.24706 0.02196
v 0.23196 -0.24569 0.02333
v 0.23333 -0.24569 0.02265
v 0.23196 -0.24569 0.04118
v 0.23333 -0.24706 0.04255
v 0.23333 -0.24569 0.04186
v 0.23333 -0.24569 0.04324
v 0.23196 -0.24569 0.04529
v 0.23333 -0.24706 0.04529
v 0.23333 -0.24569 0.04461
v 0.23333 -0.24569 0.04598
v 0.23333 -0.24706 0.05078
v 0.23333 -0.24706 0.05216
v 0.23333 -0.24706 0.05353
v 0.23196 -0.24569 0.05490
v 0.23333 -0.24569 0.05422
v 0.23333 -0.24431 0.02333
v 0.23333 -0.24431 0.02471
v 0.23333 -0.24431 0.02608
v 0.23333 -0.24431 0.02745
v 0.23333 -0.24431 0.02882
v 0.23333 -0.24431 0.03020
v 0.23333 -0.24431 0.03157
v 0.23333 -0.24431 0.03294
v 0.23333 -0.24431 0.03431
v 0.23333 -0.24431 0.03569
v 0.23333 -0.24431 0.03706
v 0.23196 -0.24294 0.03843
v 0.23333 -0.24294 0.03775
v 0.23196 -0.24294 0.03980
v 0.23196 -0.24294 0.04118
v 0.23196 -0.24294 0.04255
v 0.23333 -0.24431 0.04255
v 0.23196 -0.24294 0.04392
v 0.23196 -0.24294 0.04529
v 0.23333 -0.24431 0.04529
v 0.23196 -0.24294 0.04667
v 0.23196 -0.24294 0.04804
v 0.23196 -0.24294 0.05490
v 0.23333 -0.24294 0.05422
v 0.23333 -0.24157 0.03843
v 0.23333 -0.24157 0.03980
v 0.23333 -0.24157 0.04118
v 0.23333 -0.24157 0.04255
v 0.23333 -0.24157 0.04392
v 0.23333 -0.24157 0.04529
v 0.23333 -0.24157 0.04667
v 0.23333 -0.24157 0.04804
v 0.23196 -0.24020 0.04941
v 0.23333 -0.24020 0.04873
v 0.23196 -0.24020 0.05078
v 0.23196 -0.24020 0.05216
v 0.23196 -0.24020 0.05353
v 0.23333 -0.24020 0.05422
v 0.23333 -0.23882 0.04941
v 0.23333 -0.23882 0.05078
v 0.23333 -0.23882 0.05216
v 0.23333 -0.23882 0.05353
v 0.23196 -0.21275 0.02608
v 0.23333 -0.21412 0.02608
v 0.23333 -0.21275 0.02539
v 0.23196 -0.21275 0.02745
v 0.23333 -0.21412 0.02745
v 0.23333 -0.21275 0.02814
v 0.23196 -0.21000 0.02608
v 0.23333 -0.21000 0.02539
v 0.23196 -0.21000 0.02745
v 0.23196 -0.21000 0.02882
v 0.23333 -0.21137 0.02882
v 0.23333 -0.21000 0.02951
v 0.23196 -0.20725 0.02333
v 0.23333 -0.20863 0.02333
v 0.23333 -0.20725 0.02265
v 0.23196 -0.20725 0.02471
v 0.23333 -0.20863 0.02471
v 0.23196 -0.20725 0.02608
v 0.23196 -0.20725 0.02745
v 0.23196 -0.20725 0.02882
v 0.23196 -0.20725 0.03020
v 0.23333 -0.20863 0.03020
v 0.23196 -0.20725 0.03157
v 0.23333 -0.20863 0.03157
v 0.23196 -0.20725 0.03294
v 0.23333 -0.20863 0.03294
v 0.23333 -0.20725 0.03363
v 0.23196 -0.20451 0.02333
v 0.23333 -0.20451 0.02265
v 0.23196 -0.20451 0.02471
v 0.23196 -0.20451 0.02608
v 0.23196 -0.20451 0.02745
v 0.23196 -0.20451 0.02882
v 0.23196 -0.20451 0.03020
v 0.23196 -0.20451 0.03157
v 0.23333 -0.20588 0.03294
v 0.23333 -0.20451 0.03225
v 0.23196 -0.20176 0.02196
v 0.23333 -0.20314 0.02196
v 0.23333 -0.20176 0.02127
v 0.23196 -0.20176 0.02333
v 0.23196 -0.20176 0.02471
v 0.23196 -0.20176 0.02608
v 0.23196 -0.20176 0.02745
v 0.23196 -0.20176 0.02882
v 0.23196 -0.20176 0.03020
v 0.23196 -0.20176 0.03157
v 0.23333 -0.20176 0.03225
v 0.23196 -0.19902 0.02196
v 0.23333 -0.19902 0.02127
v 0.23196 -0.19902 0.02333
v 0.23196 -0.19902 0.02471
v 0.23196 -0.19902 0.02608
v 0.23196 -0.19902 0.02745
v 0.23196 -0.19902 0.02882
v 0.23196 -0.19902 0.03020
v 0.23196 -0.19902 0.03157
v 0.23196 -0.19902 0.03294
v 0.23333 -0.20039 0.03294
v 0.23196 -0.19902 0.03431
v 0.23333 -0.20039 0.03431
v 0.23196 -0.19902 0.03569
v 0.23333 -0.20039 0.03569
v 0.23333 -0.19902 0.03637
v 0.23196 -0.19627 0.02196
v 0.23333 -0.19627 0.02127
v 0.23196 -0.19627 0.02333
v 0.23196 -0.19627 0.02471
v 0.23196 -0.19627 0.02608
v 0.23196 -0.19627 0.02745
v 0.23196 -0.19627 0.02882
v 0.23196 -0.19627 0.03020
v 0.23196 -0.19627 0.03157
v 0.23196 -0.19627 0.03294
v 0.23196 -0.19627 0.03431
v 0.23333 -0.19765 0.03569
v 0.23333 -0.19627 0.03500
v 0.23196 -0.19353 0.02059
v 0.23333 -0.19490 0.02059
v 0.23333 -0.19353 0.01990
v 0.23196 -0.19353 0.02196
v 0.23196 -0.19353 0.02333
v 0.23196 -0.19353 0.02471
v 0.23196 -0.19353 0.02608
v 0.23196 -0.19353 0.02745
v 0.23196 -0.19353 0.02882
v 0.23196 -0.19353 0.03020
v 0.23196 -0.19353 0.03157
v 0.23196 -0.19353 0.03294
v 0.23196 -0.19353 0.03431
v 0.23196 -0.19353 0.03569
v 0.23333 -0.19490 0.03569
v 0.23196 -0.19353 0.03706
v 0.23333 -0.19490 0.03706
v 0.23196 -0.19353 0.03843
v 0.23333 -0.19490 0.03843
v 0.23333 -0.19353 0.03912
v 0.23333 -0.19216 0.02059
v 0.23196 -0.19078 0.02196
v 0.23333 -0.19078 0.02127
v 0.23196 -0.19078 0.02333
v 0.23196 -0.19078 0.02471
v 0.23196 -0.19078 0.02608
v 0.23196 -0.19078 0.02745
v 0.23196 -0.19078 0.02882
v 0.23196 -0.19078 0.03020
v 0.23196 -0.19078 0.03157
v 0.23196 -0.19078 0.03294
v 0.23196 -0.19078 0.03431
v 0.23196 -0.19078 0.03569
v 0.23196 -0.19078 0.03706
v 0.23196 -0.19078 0.03843
v 0.23333 -0.19078 0.03912
v 0.23333 -0.18941 0.02196
v 0.23333 -0.18941 0.02333
v 0.23333 -0.18941 0.02471
v 0.23333 -0.18804 0.02539
v 0.23196 -0.18804 0.03157
v 0.23196 -0.18804 0.03294
v 0.23196 -0.18804 0.03431
v 0.23196 -0.18804 0.03569
v 0.23196 -0.18804 0.03706
v 0.23196 -0.18804 0.03843
v 0.23196 -0.18804 0.03980
v 0.23333 -0.18941 0.03980
v 0.23333 -0.18804 0.04049
v 0.23196 -0.18529 0.01647
v 0.23333 -0.18667 0.01647
v 0.23333 -0.18529 0.01578
v 0.23196 -0.18529 0.01784
v 0.23333 -0.18529 0.01716
v 0.23196 -0.18529 0.01922
v 0.23333 -0.18667 0.02608
v 0.23333 -0.18667 0.02745
v 0.23333 -0.18667 0.02882
v 0.23196 -0.18529 0.03020
v 0.23333 -0.18529 0.02951
v 0.23196 -0.18529 0.03157
v 0.23196 -0.18529 0.03706
v 0.23196 -0.18529 0.03843
v 0.23196 -0.18529 0.03980
v 0.23196 -0.18529 0.04118
v 0.23333 -0.18667 0.04118
v 0.23333 -0.18529 0.04186
v 0.23196 -0.18255 0.01510
v 0.23333 -0.18392 0.01510
v 0.23333 -0.18255 0.01441
v 0.23333 -0.18392 0.01784
v 0.23196 -0.18255 0.01922
v 0.23333 -0.18255 0.01853
v 0.23333 -0.18392 0.03020
v 0.23333 -0.18392 0.03157
v 0.23333 -0.18392 0.03294
v 0.23333 -0.18392 0.03431
v 0.23333 -0.18392 0.03569
v 0.23333 -0.18392 0.03706
v 0.23196 -0.18255 0.03843
v 0.23333 -0.18255 0.03775
v 0.23196 -0.18255 0.03980
v 0.23196 -0.18255 0.04255
v 0.23333 -0.18392 0.04255
v 0.23333 -0.18255 0.04324
v 0.23196 -0.18255 0.04667
v 0.23333 -0.18392 0.04667
v 0.23333 -0.18255 0.04598
v 0.23333 -0.18255 0.04735
v 0.23196 -0.17980 0.01235
v 0.23333 -0.18118 0.01235
v 0.23333 -0.17980 0.01167
v 0.23333 -0.18118 0.01373
v 0.23333 -0.18118 0.01922
v 0.23333 -0.18118 0.02059
v 0.23196 -0.17980 0.02196
v 0.23333 -0.17980 0.02127
v 0.23196 -0.17980 0.02333
v 0.23333 -0.18118 0.03843
v 0.23333 -0.18118 0.03980
v 0.23333 -0.17980 0.04049
v 0.23333 -0.18118 0.04392
v 0.23333 -0.18118 0.04529
v 0.23333 -0.18118 0.04804
v 0.23333 -0.18118 0.04941
v 0.23196 -0.17980 0.05078
v 0.23333 -0.18118 0.05078
v 0.23333 -0.17980 0.05147
v 0.23333 -0.17706 0.01167
v 0.23196 -0.17706 0.02196
v 0.23333 -0.17706 0.02127
v 0.23196 -0.17706 0.02333
v 0.23196 -0.17706 0.03843
v 0.23333 -0.17843 0.03843
v 0.23333 -0.17706 0.03775
v 0.23196 -0.17706 0.03980
v 0.23333 -0.17843 0.03980
v 0.23196 -0.17706 0.04118
v 0.23196 -0.17706 0.04941
v 0.23333 -0.17843 0.04941
v 0.23333 -0.17706 0.04873
v 0.23196 -0.17706 0.05078
v 0.23333 -0.17843 0.05078
v 0.23196 -0.17706 0.05216
v 0.23196 -0.17431 0.01098
v 0.23333 -0.17569 0.01098
v 0.23333 -0.17431 0.01029
v 0.23333 -0.17569 0.02196
v 0.23333 -0.17569 0.02333
v 0.23333 -0.17569 0.02471
v 0.23333 -0.17569 0.02608
v 0.23333 -0.17569 0.02745
v 0.23196 -0.17431 0.02882
v 0.23333 -0.17431 0.02814
v 0.23196 -0.17431 0.03843
v 0.23333 -0.17431 0.03775
v 0.23333 -0.17569 0.04941
v 0.23333 -0.17569 0.05078
v 0.23333 -0.17431 0.05147
v 0.23196 -0.17157 0.01098
v 0.23333 -0.17157 0.01029
v 0.23333 -0.17294 0.02882
v 0.23196 -0.17157 0.03020
v 0.23333 -0.17157 0.02951
v 0.23196 -0.17157 0.03706
v 0.23333 -0.17294 0.03706
v 0.23333 -0.17157 0.03637
v 0.23196 -0.17157 0.03843
v 0.23333 -0.17294 0.05216
v 0.23196 -0.17157 0.05353
v 0.23333 -0.17157 0.05284
v 0.23196 -0.17157 0.05490
v 0.23196 -0.17157 0.05627
v 0.23196 -0.16882 0.01098
v 0.23333 -0.16882 0.01029
v 0.23196 -0.16882 0.03020
v 0.23333 -0.16882 0.02951
v 0.23333 -0.17020 0.03706
v 0.23333 -0.16882 0.03775
v 0.23333 -0.17020 0.05353
v 0.23333 -0.17020 0.05490
v 0.23333 -0.17020 0.05627
v 0.23333 -0.17020 0.05765
v 0.23196 -0.16882 0.05902
v 0.23333 -0.16882 0.05833
v 0.23196 -0.16608 0.01098
v 0.23333 -0.16608 0.01029
v 0.23196 -0.16608 0.03020
v 0.23333 -0.16608 0.02951
v 0.23196 -0.16608 0.03706
v 0.23333 -0.16745 0.03706
v 0.23333 -0.16608 0.03637
v 0.23333 -0.16745 0.05902
v 0.23333 -0.16608 0.05971
v 0.23196 -0.16333 0.01098
v 0.23333 -0.16333 0.01029
v 0.23196 -0.16333 0.03020
v 0.23333 -0.16333 0.02951
v 0.23196 -0.16333 0.03706
v 0.23333 -0.16333 0.03637
v 0.23196 -0.16333 0.05765
v 0.23333 -0.16471 0.05902
v 0.23333 -0.16333 0.05833
v 0.23196 -0.16059 0.01098
v 0.23333 -0.16059 0.01029
v 0.23333 -0.16059 0.02951
v 0.23196 -0.16059 0.03706
v 0.23333 -0.16059 0.03637
v 0.23333 -0.16196 0.05490
v 0.23333 -0.16059 0.05422
v 0.23333 -0.16196 0.05627
v 0.23333 -0.16196 0.05765
v 0.23196 -0.15784 0.00961
v 0.23333 -0.15922 0.00961
v 0.23333 -0.15784 0.00892
v 0.23196 -0.15784 0.02882
v 0.23333 -0.15922 0.02882
v 0.23333 -0.15784 0.02814
v 0.23196 -0.15784 0.03706
v 0.23333 -0.15784 0.03637
v 0.23196 -0.15784 0.04392
v 0.23196 -0.15784 0.04529
v 0.23196 -0.15784 0.04667
v 0.23333 -0.15922 0.05216
v 0.23333 -0.15784 0.05147
v 0.23333 -0.15922 0.05353
v 0.23196 -0.15510 0.00961
v 0.23333 -0.15510 0.00892
v 0.23196 -0.15510 0.02608
v 0.23333 -0.15647 0.02608
v 0.23333 -0.15510 0.02539
v 0.23333 -0.15647 0.02745
v 0.23333 -0.15647 0.03706
v 0.23333 -0.15647 0.03843
v 0.23333 -0.15647 0.03980
v 0.23333 -0.15647 0.04118
v 0.23333 -0.15647 0.04255
v 0.23333 -0.15647 0.04392
v 0.23333 -0.15647 0.04529
v 0.23333 -0.15647 0.04667
v 0.23333 -0.15647 0.04804
v 0.23333 -0.15647 0.04941
v 0.23333 -0.15647 0.05078
v 0.23333 -0.15373 0.00961
v 0.23333 -0.15373 0.01098
v 0.23333 -0.15373 0.01235
v 0.23333 -0.15373 0.01373
v 0.23333 -0.15373 0.01510
v 0.23333 -0.15373 0.01647
v 0.23333 -0.15373 0.01784
v 0.23333 -0.15373 0.01922
v 0.23333 -0.15373 0.02059
v 0.23333 -0.15373 0.02196
v 0.23333 -0.15373 0.02333
v 0.23333 -0.15373 0.02471
v 0.23471 -0.28137 0.01784
v 0.23608 -0.28275 0.01922
v 0.23608 -0.28137 0.01853
v 0.23471 -0.28137 0.02059
v 0.23608 -0.28137 0.01990
v 0.23608 -0.28275 0.02196
v 0.23608 -0.28137 0.02127
v 0.23608 -0.28275 0.02333
v 0.23608 -0.28275 0.02471
v 0.23608 -0.28275 0.02608
v 0.23608 -0.28275 0.02745
v 0.23608 -0.28275 0.02882
v 0.23608 -0.28275 0.03020
v 0.23608 -0.28275 0.03157
v 0.23608 -0.28275 0.03294
v 0.23608 -0.28275 0.03431
v 0.23608 -0.28137 0.03500
v 0.23471 -0.28137 0.03706
v 0.23608 -0.28275 0.03706
v 0.23608 -0.28137 0.03637
v 0.23471 -0.28137 0.03843
v 0.23608 -0.28275 0.03843
v 0.23608 -0.28137 0.03912
v 0.23608 -0.28000 0.00000
v 0.23608 -0.27863 -0.00069
v 0.23608 -0.28000 0.00137
v 0.23608 -0.28000 0.00275
v 0.23608 -0.28000 0.00412
v 0.23608 -0.28000 0.00549
v 0.23608 -0.28000 0.00686
v 0.23608 -0.28000 0.00824
v 0.23608 -0.28000 0.00961
v 0.23608 -0.28000 0.01098
v 0.23608 -0.28000 0.01235
v 0.23608 -0.28000 0.01373
v 0.23608 -0.28000 0.01510
v 0.23608 -0.28000 0.01647
v 0.23608 -0.28000 0.01784
v 0.23608 -0.28000 0.02059
v 0.23608 -0.28000 0.03569
v 0.23608 -0.28000 0.03980
v 0.23608 -0.28000 0.04118
v 0.23608 -0.28000 0.04255
v 0.23608 -0.28000 0.04392
v 0.23608 -0.28000 0.04529
v 0.23608 -0.28000 0.04667
v 0.23608 -0.28000 0.04804
v 0.23608 -0.28000 0.04941
v 0.23608 -0.28000 0.05078
v 0.23608 -0.28000 0.05216
v 0.23608 -0.28000 0.05353
v 0.23608 -0.27863 0.05422
v 0.23608 -0.27588 -0.00069
v 0.23608 -0.27725 0.05490
v 0.23608 -0.27725 0.05627
v 0.23608 -0.27725 0.05765
v 0.23608 -0.27588 0.05833
v 0.23608 -0.27314 -0.00069
v 0.23608 -0.27451 0.05902
v 0.23471 -0.27314 0.06039
v 0.23608 -0.27314 0.05971
v 0.23608 -0.27039 -0.00069
v 0.23608 -0.27176 0.06039
v 0.23608 -0.27176 0.06176
v 0.23608 -0.27039 0.06245
v 0.23608 -0.26765 -0.00069
v 0.23608 -0.26902 0.06314
v 0.23608 -0.26765 0.06382
v 0.23608 -0.26490 -0.00069
v 0.23608 -0.26627 0.06451
v 0.23608 -0.26490 0.06520
v 0.23608 -0.26216 -0.00069
v 0.23608 -0.26353 0.06451
v 0.23608 -0.26216 0.06382
v 0.23608 -0.26078 0.00000
v 0.23608 -0.26078 0.00137
v 0.23608 -0.25941 0.00206
v 0.23471 -0.25941 0.06314
v 0.23608 -0.26078 0.06314
v 0.23608 -0.25941 0.06245
v 0.23608 -0.25804 0.00275
v 0.23471 -0.25667 0.00412
v 0.23608 -0.25667 0.00343
v 0.23471 -0.25667 0.06039
v 0.23608 -0.25804 0.06039
v 0.23608 -0.25667 0.05971
v 0.23608 -0.25804 0.06176
v 0.23608 -0.25529 0.00412
v 0.23608 -0.25529 0.00549
v 0.23608 -0.25392 0.00618
v 0.23608 -0.25529 0.05902
v 0.23608 -0.25392 0.05833
v 0.23608 -0.25255 0.00686
v 0.23608 -0.25255 0.00824
v 0.23608 -0.25118 0.00892
v 0.23471 -0.25118 0.05490
v 0.23608 -0.25255 0.05490
v 0.23608 -0.25118 0.05422
v 0.23608 -0.25255 0.05627
v 0.23608 -0.25255 0.05765
v 0.23608 -0.24980 0.00961
v 0.23608 -0.24980 0.01098
v 0.23608 -0.24843 0.01167
v 0.23608 -0.24980 0.05078
v 0.23608 -0.24843 0.05010
v 0.23608 -0.24980 0.05216
v 0.23608 -0.24980 0.05353
v 0.23608 -0.24706 0.01235
v 0.23608 -0.24706 0.01373
v 0.23608 -0.24706 0.01510
v 0.23608 -0.24706 0.01647
v 0.23608 -0.24706 0.01784
v 0.23471 -0.24569 0.01922
v 0.23608 -0.24569 0.01853
v 0.23471 -0.24569 0.02059
v 0.23471 -0.24569 0.02196
v 0.23608 -0.24706 0.04255
v 0.23608 -0.24569 0.04186
v 0.23471 -0.24569 0.04392
v 0.23608 -0.24706 0.04392
v 0.23471 -0.24569 0.04529
v 0.23608 -0.24569 0.04461
v 0.23471 -0.24569 0.04667
v 0.23608 -0.24706 0.04667
v 0.23608 -0.24569 0.04598
v 0.23608 -0.24569 0.04735
v 0.23608 -0.24706 0.05078
v 0.23608 -0.24706 0.05216
v 0.23471 -0.24569 0.05353
v 0.23608 -0.24569 0.05284
v 0.23608 -0.24431 0.01922
v 0.23608 -0.24431 0.02059
v 0.23608 -0.24431 0.02196
v 0.23608 -0.24431 0.02333
v 0.23608 -0.24431 0.02471
v 0.23608 -0.24431 0.02608
v 0.23608 -0.24431 0.02745
v 0.23608 -0.24431 0.02882
v 0.23608 -0.24431 0.03020
v 0.23608 -0.24431 0.03157
v 0.23471 -0.24294 0.03294
v 0.23608 -0.24294 0.03225
v 0.23608 -0.24431 0.03431
v 0.23608 -0.24294 0.03363
v 0.23471 -0.24294 0.03569
v 0.23608 -0.24294 0.03500
v 0.23471 -0.24294 0.03706
v 0.23608 -0.24431 0.04255
v 0.23608 -0.24431 0.04392
v 0.23608 -0.24431 0.04667
v 0.23608 -0.24431 0.05353
v 0.23608 -0.24294 0.05422
v 0.23608 -0.24157 0.03294
v 0.23608 -0.24157 0.03569
v 0.23608 -0.24157 0.03706
v 0.23608 -0.24157 0.03843
v 0.23608 -0.24157 0.03980
v 0.23608 -0.24157 0.04118
v 0.23608 -0.24157 0.04255
v 0.23608 -0.24157 0.04392
v 0.23471 -0.24020 0.04529
v 0.23608 -0.24020 0.04461
v 0.23471 -0.24020 0.04667
v 0.23471 -0.24020 0.04804
v 0.23608 -0.24020 0.05422
v 0.23608 -0.23882 0.04529
v 0.23608 -0.23882 0.04667
v 0.23608 -0.23882 0.04804
v 0.23608 -0.23882 0.04941
v 0.23608 -0.23882 0.05078
v 0.23608 -0.23882 0.05216
v 0.23608 -0.23882 0.05353
v 0.23471 -0.22373 0.02745
v 0.23608 -0.22510 0.02745
v 0.23608 -0.22373 0.02676
v 0.23471 -0.22373 0.02882
v 0.23608 -0.22510 0.02882
v 0.23608 -0.22373 0.02951
v 0.23471 -0.22098 0.02608
v 0.23608 -0.22235 0.02608
v 0.23608 -0.22098 0.02539
v 0.23471 -0.22098 0.02745
v 0.23471 -0.22098 0.02882
v 0.23471 -0.22098 0.03020
v 0.23608 -0.22235 0.03020
v 0.23471 -0.22098 0.03157
v 0.23608 -0.22235 0.03157
v 0.23471 -0.22098 0.03294
v 0.23608 -0.22235 0.03294
v 0.23608 -0.22098 0.03363
v 0.23471 -0.21824 0.02471
v 0.23608 -0.21961 0.02471
v 0.23608 -0.21824 0.02402
v 0.23471 -0.21824 0.02608
v 0.23471 -0.21824 0.02745
v 0.23471 -0.21824 0.02882
v 0.23471 -0.21824 0.03020
v 0.23471 -0.21824 0.03157
v 0.23471 -0.21824 0.03294
v 0.23471 -0.21824 0.03431
v 0.23608 -0.21961 0.03431
v 0.23471 -0.21824 0.03569
v 0.23608 -0.21961 0.03569
v 0.23471 -0.21824 0.03706
v 0.23608 -0.21961 0.03706
v 0.23608 -0.21824 0.03775
v 0.23471 -0.21549 0.02333
v 0.23608 -0.21686 0.02333
v 0.23608 -0.21549 0.02265
v 0.23471 -0.21549 0.02471
v 0.23471 -0.21549 0.02608
v 0.23471 -0.21549 0.02745
v 0.23471 -0.21549 0.02882
v 0.23471 -0.21549 0.03020
v 0.23471 -0.21549 0.03157
v 0.23471 -0.21549 0.03294
v 0.23471 -0.21549 0.03431
v 0.23471 -0.21549 0.03569
v 0.23471 -0.21549 0.03706
v 0.23471 -0.21549 0.03843
v 0.23608 -0.21686 0.03843
v 0.23608 -0.21549 0.03912
v 0.23471 -0.21275 0.02196
v 0.23608 -0.21412 0.02196
v 0.23608 -0.21275 0.02127
v 0.23471 -0.21275 0.02333
v 0.23471 -0.21275 0.02471
v 0.23471 -0.21275 0.02882
v 0.23471 -0.21275 0.03020
v 0.23471 -0.21275 0.03157
v 0.23471 -0.21275 0.03294
v 0.23471 -0.21275 0.03431
v 0.23471 -0.21275 0.03569
v 0.23471 -0.21275 0.03706
v 0.23471 -0.21275 0.03843
v 0.23471 -0.21275 0.03980
v 0.23608 -0.21412 0.03980
v 0.23608 -0.21275 0.04049
v 0.23471 -0.21000 0.02059
v 0.23608 -0.21137 0.02059
v 0.23608 -0.21000 0.01990
v 0.23471 -0.21000 0.02196
v 0.23471 -0.21000 0.02333
v 0.23471 -0.21000 0.02471
v 0.23471 -0.21000 0.03020
v 0.23471 -0.21000 0.03157
v 0.23471 -0.21000 0.03294
v 0.23471 -0.21000 0.03431
v 0.23471 -0.21000 0.03569
v 0.23471 -0.21000 0.03706
v 0.23471 -0.21000 0.03843
v 0.23471 -0.21000 0.03980
v 0.23471 -0.21000 0.04118
v 0.23608 -0.21137 0.04118
v 0.23608 -0.21000 0.04186
v 0.23471 -0.20725 0.02059
v 0.23608 -0.20725 0.01990
v 0.23471 -0.20725 0.02196
v 0.23471 -0.20725 0.03431
v 0.23471 -0.20725 0.03569
v 0.23471 -0.20725 0.03706
v 0.23471 -0.20725 0.03843
v 0.23471 -0.20725 0.03980
v 0.23471 -0.20725 0.04118
v 0.23471 -0.20725 0.04255
v 0.23608 -0.20863 0.04255
v 0.23471 -0.20725 0.04392
v 0.23608 -0.20863 0.04392
v 0.23608 -0.20725 0.04461
v 0.23471 -0.20451 0.01922
v 0.23608 -0.20588 0.01922
v 0.23608 -0.20451 0.01853
v 0.23471 -0.20451 0.02059
v 0.23471 -0.20451 0.02196
v 0.23471 -0.20451 0.03294
v 0.23471 -0.20451 0.03431
v 0.23471 -0.20451 0.03569
v 0.23471 -0.20451 0.03706
v 0.23471 -0.20451 0.03843
v 0.23471 -0.20451 0.03980
v 0.23471 -0.20451 0.04118
v 0.23471 -0.20451 0.04255
v 0.23608 -0.20588 0.04392
v 0.23608 -0.20451 0.04324
v 0.23471 -0.20176 0.01784
v 0.23608 -0.20314 0.01784
v 0.23608 -0.20176 0.01716
v 0.23471 -0.20176 0.01922
v 0.23471 -0.20176 0.02059
v 0.23471 -0.20176 0.03294
v 0.23471 -0.20176 0.03431
v 0.23471 -0.20176 0.03569
v 0.23471 -0.20176 0.03706
v 0.23471 -0.20176 0.03843
v 0.23471 -0.20176 0.03980
v 0.23471 -0.20176 0.04118
v 0.23471 -0.20176 0.04255
v 0.23471 -0.20176 0.04392
v 0.23608 -0.20314 0.04392
v 0.23471 -0.20176 0.04529
v 0.23608 -0.20314 0.04529
v 0.23471 -0.20176 0.04667
v 0.23608 -0.20314 0.04667
v 0.23608 -0.20176 0.04735
v 0.23471 -0.19902 0.01784
v 0.23608 -0.19902 0.01716
v 0.23471 -0.19902 0.01922
v 0.23471 -0.19902 0.02059
v 0.23471 -0.19902 0.03706
v 0.23471 -0.19902 0.03843
v 0.23471 -0.19902 0.03980
v 0.23471 -0.19902 0.04118
v 0.23471 -0.19902 0.04255
v 0.23471 -0.19902 0.04392
v 0.23471 -0.19902 0.04529
v 0.23471 -0.19902 0.04667
v 0.23608 -0.19902 0.04735
v 0.23471 -0.19627 0.01647
v 0.23608 -0.19765 0.01647
v 0.23608 -0.19627 0.01578
v 0.23471 -0.19627 0.01784
v 0.23471 -0.19627 0.01922
v 0.23471 -0.19627 0.02059
v 0.23471 -0.19627 0.03569
v 0.23471 -0.19627 0.03706
v 0.23471 -0.19627 0.03843
v 0.23471 -0.19627 0.03980
v 0.23471 -0.19627 0.04118
v 0.23471 -0.19627 0.04255
v 0.23471 -0.19627 0.04392
v 0.23471 -0.19627 0.04529
v 0.23471 -0.19627 0.04667
v 0.23608 -0.19627 0.04735
v 0.23608 -0.19490 0.01647
v 0.23471 -0.19353 0.01784
v 0.23608 -0.19353 0.01716
v 0.23471 -0.19353 0.01922
v 0.23471 -0.19353 0.03980
v 0.23471 -0.19353 0.04118
v 0.23471 -0.19353 0.04255
v 0.23471 -0.19353 0.04392
v 0.23471 -0.19353 0.04529
v 0.23471 -0.19353 0.04667
v 0.23471 -0.19353 0.04804
v 0.23608 -0.19490 0.04804
v 0.23471 -0.19353 0.04941
v 0.23608 -0.19490 0.04941
v 0.23608 -0.19353 0.05010
v 0.23608 -0.19216 0.01784
v 0.23608 -0.19216 0.01922
v 0.23471 -0.19078 0.02059
v 0.23608 -0.19078 0.01990
v 0.23471 -0.19078 0.03980
v 0.23471 -0.19078 0.04118
v 0.23471 -0.19078 0.04255
v 0.23471 -0.19078 0.04392
v 0.23471 -0.19078 0.04529
v 0.23471 -0.19078 0.04667
v 0.23471 -0.19078 0.04804
v 0.23471 -0.19078 0.04941
v 0.23608 -0.19078 0.05010
v 0.23608 -0.18941 0.02059
v 0.23608 -0.18941 0.02196
v 0.23608 -0.18941 0.02333
v 0.23608 -0.18941 0.02471
v 0.23608 -0.18804 0.02539
v 0.23471 -0.18804 0.04118
v 0.23471 -0.18804 0.04255
v 0.23471 -0.18804 0.04392
v 0.23471 -0.18804 0.04529
v 0.23471 -0.18804 0.04667
v 0.23471 -0.18804 0.04804
v 0.23471 -0.18804 0.04941
v 0.23608 -0.18804 0.05010
v 0.23471 -0.18529 0.01510
v 0.23608 -0.18667 0.01510
v 0.23608 -0.18529 0.01441
v 0.23471 -0.18529 0.01647
v 0.23608 -0.18529 0.01578
v 0.23608 -0.18667 0.02608
v 0.23471 -0.18529 0.02745
v 0.23608 -0.18529 0.02676
v 0.23471 -0.18529 0.02882
v 0.23471 -0.18529 0.04255
v 0.23471 -0.18529 0.04392
v 0.23471 -0.18529 0.04529
v 0.23471 -0.18529 0.04667
v 0.23471 -0.18529 0.04804
v 0.23608 -0.18667 0.04941
v 0.23608 -0.18529 0.04873
v 0.23471 -0.18529 0.05078
v 0.23608 -0.18667 0.05078
v 0.23608 -0.18529 0.05010
v 0.23608 -0.18529 0.05147
v 0.23608 -0.18255 0.01441
v 0.23608 -0.18392 0.01647
v 0.23471 -0.18255 0.01784
v 0.23608 -0.18255 0.01716
v 0.23608 -0.18392 0.02745
v 0.23471 -0.18255 0.02882
v 0.23608 -0.18255 0.02814
v 0.23471 -0.18255 0.03020
v 0.23471 -0.18255 0.03157
v 0.23471 -0.18255 0.03294
v 0.23471 -0.18255 0.03431
v 0.23471 -0.18255 0.03569
v 0.23471 -0.18255 0.03706
v 0.23608 -0.18392 0.04392
v 0.23608 -0.18255 0.04324
v 0.23608 -0.18392 0.04529
v 0.23471 -0.18255 0.04667
v 0.23608 -0.18392 0.04667
v 0.23471 -0.18255 0.04804
v 0.23608 -0.18255 0.04735
v 0.23471 -0.18255 0.04941
v 0.23608 -0.18392 0.04941
v 0.23471 -0.18255 0.05078
v 0.23608 -0.18255 0.05147
v 0.23608 -0.18118 0.01235
v 0.23608 -0.17980 0.01167
v 0.23608 -0.18118 0.01373
v 0.23608 -0.18118 0.01784
v 0.23608 -0.18118 0.01922
v 0.23471 -0.17980 0.02059
v 0.23608 -0.17980 0.01990
v 0.23608 -0.18118 0.02882
v 0.23608 -0.18118 0.03020
v 0.23608 -0.18118 0.03157
v 0.23608 -0.18118 0.03294
v 0.23608 -0.18118 0.03431
v 0.23608 -0.18118 0.03569
v 0.23608 -0.18118 0.03706
v 0.23608 -0.18118 0.03843
v 0.23608 -0.18118 0.03980
v 0.23608 -0.17980 0.04049
v 0.23471 -0.17980 0.04255
v 0.23608 -0.18118 0.04255
v 0.23608 -0.17980 0.04186
v 0.23608 -0.18118 0.04392
v 0.23608 -0.17980 0.04324
v 0.23608 -0.18118 0.04529
v 0.23608 -0.18118 0.04667
v 0.23608 -0.17980 0.05147
v 0.23471 -0.17706 0.01098
v 0.23608 -0.17843 0.01098
v 0.23608 -0.17706 0.01029
v 0.23471 -0.17706 0.01784
v 0.23608 -0.17843 0.01784
v 0.23608 -0.17706 0.01716
v 0.23471 -0.17706 0.01922
v 0.23608 -0.17843 0.01922
v 0.23471 -0.17706 0.02059
v 0.23608 -0.17843 0.03843
v 0.23608 -0.17706 0.03775
v 0.23608 -0.17843 0.03980
v 0.23608 -0.17843 0.04255
v 0.23608 -0.17843 0.04941
v 0.23608 -0.17706 0.04873
v 0.23608 -0.17843 0.05078
v 0.23471 -0.17431 0.00961
v 0.23608 -0.17569 0.00961
v 0.23608 -0.17431 0.00892
v 0.23608 -0.17569 0.01784
v 0.23608 -0.17569 0.01922
v 0.23608 -0.17569 0.02059
v 0.23608 -0.17569 0.02196
v 0.23471 -0.17431 0.02333
v 0.23608 -0.17431 0.02265
v 0.23471 -0.17431 0.02471
v 0.23471 -0.17431 0.02608
v 0.23471 -0.17431 0.02745
v 0.23471 -0.17431 0.03706
v 0.23608 -0.17569 0.03706
v 0.23608 -0.17431 0.03637
v 0.23608 -0.17569 0.04941
v 0.23471 -0.17431 0.05078
v 0.23608 -0.17431 0.05010
v 0.23471 -0.17157 0.00961
v 0.23608 -0.17157 0.00892
v 0.23608 -0.17294 0.02333
v 0.23608 -0.17294 0.02471
v 0.23608 -0.17294 0.02608
v 0.23608 -0.17294 0.02745
v 0.23471 -0.17157 0.02882
v 0.23608 -0.17157 0.02814
v 0.23608 -0.17157 0.03637
v 0.23471 -0.17157 0.05078
v 0.23608 -0.17157 0.05010
v 0.23471 -0.17157 0.05216
v 0.23471 -0.16882 0.00961
v 0.23608 -0.16882 0.00892
v 0.23608 -0.17020 0.02882
v 0.23608 -0.16882 0.02951
v 0.23471 -0.16882 0.03706
v 0.23608 -0.16882 0.03637
v 0.23608 -0.17020 0.05078
v 0.23608 -0.17020 0.05216
v 0.23608 -0.17020 0.05353
v 0.23608 -0.17020 0.05490
v 0.23608 -0.17020 0.05627
v 0.23471 -0.16882 0.05765
v 0.23608 -0.16882 0.05696
v 0.23608 -0.16745 0.00961
v 0.23608 -0.16608 0.01029
v 0.23471 -0.16608 0.02882
v 0.23608 -0.16745 0.02882
v 0.23608 -0.16608 0.02814
v 0.23471 -0.16608 0.03569
v 0.23608 -0.16745 0.03569
v 0.23608 -0.16608 0.03500
v 0.23608 -0.16745 0.05765
v 0.23471 -0.16608 0.05902
v 0.23608 -0.16608 0.05833
v 0.23471 -0.16333 0.00961
v 0.23608 -0.16471 0.00961
v 0.23608 -0.16333 0.00892
v 0.23471 -0.16333 0.02882
v 0.23608 -0.16333 0.02814
v 0.23471 -0.16333 0.03569
v 0.23608 -0.16333 0.03500
v 0.23608 -0.16333 0.05833
v 0.23471 -0.16059 0.00961
v 0.23608 -0.16059 0.00892
v 0.23471 -0.16059 0.02882
v 0.23608 -0.16059 0.02814
v 0.23471 -0.16059 0.03569
v 0.23608 -0.16059 0.03500
v 0.23608 -0.16196 0.05490
v 0.23608 -0.16059 0.05422
v 0.23608 -0.16196 0.05627
v 0.23608 -0.16196 0.05765
v 0.23471 -0.15784 0.00824
v 0.23608 -0.15922 0.00824
v 0.23608 -0.15784 0.00755
v 0.23471 -0.15784 0.02745
v 0.23608 -0.15922 0.02745
v 0.23608 -0.15784 0.02676
v 0.23471 -0.15784 0.03569
v 0.23608 -0.15784 0.03500
v 0.23471 -0.15784 0.05216
v 0.23608 -0.15922 0.05353
v 0.23608 -0.15784 0.05284
v 0.23471 -0.15510 0.00824
v 0.23608 -0.15510 0.00755
v 0.23608 -0.15647 0.02608
v 0.23608 -0.15510 0.02539
v 0.23608 -0.15647 0.03569
v 0.23608 -0.15647 0.03706
v 0.23608 -0.15647 0.03843
v 0.23608 -0.15647 0.03980
v 0.23608 -0.15647 0.04118
v 0.23608 -0.15647 0.04255
v 0.23608 -0.15647 0.04392
v 0.23608 -0.15647 0.04529
v 0.23471 -0.15510 0.04667
v 0.23608 -0.15510 0.04598
v 0.23471 -0.15510 0.04804
v 0.23471 -0.15510 0.04941
v 0.23608 -0.15647 0.05078
v 0.23608 -0.15510 0.05010
v 0.23608 -0.15647 0.05216
v 0.23608 -0.15373 0.00824
v 0.23608 -0.15373 0.00961
v 0.23608 -0.15373 0.01098
v 0.23608 -0.15373 0.01235
v 0.23608 -0.15373 0.01373
v 0.23608 -0.15373 0.01510
v 0.23608 -0.15373 0.01647
v 0.23608 -0.15373 0.01784
v 0.23608 -0.15373 0.01922
v 0.23608 -0.15373 0.02059
v 0.23608 -0.15373 0.02196
v 0.23608 -0.15373 0.02333
v 0.23608 -0.15373 0.02471
v 0.23608 -0.15373 0.04667
v 0.23608 -0.15373 0.04804
v 0.23608 -0.15373 0.04941
v 0.23745 -0.28137 0.01922
v 0.23745 -0.28137 0.02196
v 0.23882 -0.28275 0.02333
v 0.23882 -0.28137 0.02265
v 0.23882 -0.28275 0.02471
v 0.23745 -0.28137 0.02608
v 0.23882 -0.28137 0.02539
v 0.23882 -0.28275 0.02745
v 0.23882 -0.28137 0.02676
v 0.23882 -0.28275 0.02882
v 0.23745 -0.28137 0.03020
v 0.23882 -0.28137 0.02951
v 0.23882 -0.28275 0.03157
v 0.23882 -0.28137 0.03088
v 0.23882 -0.28275 0.03294
v 0.23745 -0.28137 0.03431
v 0.23882 -0.28137 0.03363
v 0.23745 -0.28137 0.03706
v 0.23745 -0.28137 0.03843
v 0.23882 -0.28000 0.00000
v 0.23882 -0.27863 -0.00069
v 0.23882 -0.28000 0.00137
v 0.23882 -0.28000 0.00275
v 0.23882 -0.28000 0.00412
v 0.23882 -0.28000 0.00549
v 0.23882 -0.28000 0.00686
v 0.23882 -0.28000 0.00824
v 0.23882 -0.28000 0.00961
v 0.23882 -0.28000 0.01098
v 0.23882 -0.28000 0.01235
v 0.23882 -0.28000 0.01373
v 0.23882 -0.28000 0.01510
v 0.23882 -0.28000 0.01647
v 0.23882 -0.28000 0.01784
v 0.23882 -0.28000 0.01922
v 0.23882 -0.28000 0.02059
v 0.23882 -0.28000 0.02196
v 0.23882 -0.28000 0.02608
v 0.23882 -0.28000 0.03020
v 0.23882 -0.28000 0.03431
v 0.23882 -0.28000 0.03569
v 0.23882 -0.28000 0.03706
v 0.23882 -0.28000 0.03843
v 0.23882 -0.28000 0.03980
v 0.23882 -0.28000 0.04118
v 0.23882 -0.28000 0.04255
v 0.23882 -0.28000 0.04392
v 0.23882 -0.28000 0.04529
v 0.23882 -0.28000 0.04667
v 0.23882 -0.28000 0.04804
v 0.23882 -0.28000 0.04941
v 0.23882 -0.28000 0.05078
v 0.23882 -0.28000 0.05216
v 0.23745 -0.27863 0.05353
v 0.23882 -0.27863 0.05284
v 0.23882 -0.27588 -0.00069
v 0.23882 -0.27725 0.05353
v 0.23882 -0.27725 0.05490
v 0.23882 -0.27725 0.05627
v 0.23882 -0.27725 0.05765
v 0.23882 -0.27588 0.05833
v 0.23882 -0.27314 -0.00069
v 0.23882 -0.27451 0.05902
v 0.23745 -0.27314 0.06039
v 0.23882 -0.27451 0.06039
v 0.23882 -0.27314 0.06108
v 0.23882 -0.27039 -0.00069
v 0.23882 -0.27176 0.06176
v 0.23882 -0.27039 0.06245
v 0.23882 -0.26765 -0.00069
v 0.23882 -0.26902 0.06314
v 0.23882 -0.26765 0.06382
v 0.23882 -0.26490 -0.00069
v 0.23745 -0.26490 0.06451
v 0.23882 -0.26490 0.06382
v 0.23745 -0.26216 0.00000
v 0.23882 -0.26353 0.00000
v 0.23882 -0.26216 0.00069
v 0.23745 -0.26216 0.06314
v 0.23882 -0.26353 0.06314
v 0.23882 -0.26216 0.06245
v 0.23882 -0.26078 0.00137
v 0.23882 -0.25941 0.00206
v 0.23745 -0.25941 0.06176
v 0.23882 -0.26078 0.06176
v 0.23882 -0.25941 0.06108
v 0.23882 -0.25804 0.00275
v 0.23882 -0.25667 0.00343
v 0.23745 -0.25667 0.05902
v 0.23882 -0.25804 0.05902
v 0.23882 -0.25667 0.05833
v 0.23882 -0.25804 0.06039
v 0.23882 -0.25529 0.00412
v 0.23882 -0.25529 0.00549
v 0.23882 -0.25392 0.00618
v 0.23745 -0.25392 0.05765
v 0.23882 -0.25529 0.05765
v 0.23882 -0.25392 0.05696
v 0.23882 -0.25255 0.00686
v 0.23745 -0.25118 0.00824
v 0.23882 -0.25118 0.00755
v 0.23882 -0.25255 0.05490
v 0.23882 -0.25118 0.05422
v 0.23882 -0.25255 0.05627
v 0.23882 -0.24980 0.00824
v 0.23882 -0.24980 0.00961
v 0.23745 -0.24843 0.01098
v 0.23882 -0.24843 0.01029
v 0.23745 -0.24843 0.04941
v 0.23882 -0.24980 0.04941
v 0.23882 -0.24843 0.04873
v 0.23882 -0.24980 0.05078
v 0.23882 -0.24980 0.05216
v 0.23882 -0.24980 0.05353
v 0.23882 -0.24706 0.01098
v 0.23882 -0.24706 0.01235
v 0.23882 -0.24706 0.01373
v 0.23882 -0.24706 0.01510
v 0.23745 -0.24569 0.01647
v 0.23882 -0.24569 0.01578
v 0.23745 -0.24569 0.01784
v 0.23882 -0.24706 0.04255
v 0.23882 -0.24569 0.04186
v 0.23882 -0.24706 0.04392
v 0.23745 -0.24569 0.04529
v 0.23882 -0.24706 0.04529
v 0.23745 -0.24569 0.04667
v 0.23882 -0.24569 0.04598
v 0.23882 -0.24706 0.04941
v 0.23882 -0.24706 0.05078
v 0.23745 -0.24569 0.05216
v 0.23882 -0.24569 0.05147
v 0.23882 -0.24431 0.01647
v 0.23882 -0.24431 0.01784
v 0.23882 -0.24431 0.01922
v 0.23882 -0.24431 0.02059
v 0.23745 -0.24294 0.02196
v 0.23882 -0.24294 0.02127
v 0.23745 -0.24294 0.02333
v 0.23745 -0.24294 0.02471
v 0.23745 -0.24294 0.02608
v 0.23745 -0.24294 0.02745
v 0.23745 -0.24294 0.02882
v 0.23745 -0.24294 0.03020
v 0.23882 -0.24431 0.03157
v 0.23882 -0.24294 0.03088
v 0.23745 -0.24294 0.03294
v 0.23882 -0.24431 0.03294
v 0.23882 -0.24431 0.03431
v 0.23882 -0.24294 0.03500
v 0.23882 -0.24431 0.04255
v 0.23882 -0.24431 0.04392
v 0.23882 -0.24431 0.04529
v 0.23882 -0.24431 0.05216
v 0.23745 -0.24294 0.05353
v 0.23882 -0.24294 0.05284
v 0.23882 -0.24157 0.02196
v 0.23882 -0.24157 0.02333
v 0.23882 -0.24157 0.02471
v 0.23882 -0.24157 0.02608
v 0.23882 -0.24157 0.02745
v 0.23745 -0.24020 0.02882
v 0.23882 -0.24020 0.02814
v 0.23745 -0.24020 0.03020
v 0.23882 -0.24020 0.03088
v 0.23745 -0.24020 0.03294
v 0.23882 -0.24157 0.03294
v 0.23882 -0.24020 0.03225
v 0.23745 -0.24020 0.03431
v 0.23882 -0.24157 0.03431
v 0.23745 -0.24020 0.03569
v 0.23745 -0.24020 0.03706
v 0.23745 -0.24020 0.03843
v 0.23745 -0.24020 0.03980
v 0.23745 -0.24020 0.04118
v 0.23745 -0.24020 0.04255
v 0.23745 -0.24020 0.04392
v 0.23745 -0.24020 0.05353
v 0.23882 -0.24020 0.05284
v 0.23745 -0.23745 0.02745
v 0.23882 -0.23882 0.02745
v 0.23882 -0.23745 0.02676
v 0.23882 -0.23882 0.02882
v 0.23882 -0.23745 0.02814
v 0.23882 -0.23882 0.03020
v 0.23882 -0.23882 0.03294
v 0.23882 -0.23882 0.03431
v 0.23882 -0.23882 0.03569
v 0.23882 -0.23882 0.03706
v 0.23882 -0.23882 0.03843
v 0.23882 -0.23882 0.03980
v 0.23745 -0.23745 0.04118
v 0.23882 -0.23745 0.04049
v 0.23745 -0.23745 0.04255
v 0.23745 -0.23745 0.04392
v 0.23882 -0.23882 0.04529
v 0.23882 -0.23745 0.04461
v 0.23745 -0.23745 0.04667
v 0.23882 -0.23745 0.04598
v 0.23745 -0.23745 0.04804
v 0.23745 -0.23745 0.04941
v 0.23745 -0.23745 0.05078
v 0.23745 -0.23745 0.05216
v 0.23882 -0.23745 0.05284
v 0.23882 -0.23608 0.02745
v 0.23882 -0.23608 0.04118
v 0.23882 -0.23608 0.04255
v 0.23882 -0.23608 0.04392
v 0.23882 -0.23608 0.04667
v 0.23745 -0.23471 0.04804
v 0.23882 -0.23471 0.04735
v 0.23745 -0.23471 0.04941
v 0.23745 -0.23471 0.05078
v 0.23745 -0.23471 0.05216
v 0.23882 -0.23471 0.05284
v 0.23745 -0.23196 0.02745
v 0.23882 -0.23333 0.02745
v 0.23882 -0.23196 0.02676
v 0.23745 -0.23196 0.02882
v 0.23882 -0.23333 0.02882
v 0.23745 -0.23196 0.03020
v 0.23882 -0.23333 0.03020
v 0.23745 -0.23196 0.03157
v 0.23882 -0.23333 0.03157
v 0.23882 -0.23196 0.03225
v 0.23882 -0.23333 0.04804
v 0.23882 -0.23333 0.04941
v 0.23882 -0.23333 0.05078
v 0.23882 -0.23333 0.05216
v 0.23745 -0.22922 0.02608
v 0.23882 -0.23059 0.02608
v 0.23882 -0.22922 0.02539
v 0.23745 -0.22922 0.02745
v 0.23745 -0.22922 0.02882
v 0.23745 -0.22922 0.03020
v 0.23745 -0.22922 0.03157
v 0.23882 -0.22922 0.03225
v 0.23745 -0.22647 0.02471
v 0.23882 -0.22784 0.02471
v 0.23882 -0.22647 0.02402
v 0.23745 -0.22647 0.02608
v 0.23745 -0.22647 0.02745
v 0.23745 -0.22647 0.02882
v 0.23745 -0.22647 0.03020
v 0.23745 -0.22647 0.03157
v 0.23745 -0.22647 0.03294
v 0.23882 -0.22784 0.03294
v 0.23745 -0.22647 0.03431
v 0.23882 -0.22784 0.03431
v 0.23745 -0.22647 0.03569
v 0.23882 -0.22784 0.03569
v 0.23882 -0.22647 0.03637
v 0.23745 -0.22373 0.02333
v 0.23882 -0.22510 0.02333
v 0.23882 -0.22373 0.02265
v 0.23745 -0.22373 0.02471
v 0.23745 -0.22373 0.02608
v 0.23745 -0.22373 0.03020
v 0.23745 -0.22373 0.03157
v 0.23745 -0.22373 0.03294
v 0.23745 -0.22373 0.03431
v 0.23745 -0.22373 0.03569
v 0.23745 -0.22373 0.03706
v 0.23882 -0.22510 0.03706
v 0.23745 -0.22373 0.03843
v 0.23882 -0.22510 0.03843
v 0.23745 -0.22373 0.03980
v 0.23882 -0.22510 0.03980
v 0.23882 -0.22373 0.04049
v 0.23745 -0.22098 0.02059
v 0.23882 -0.22235 0.02059
v 0.23882 -0.22098 0.01990
v 0.23745 -0.22098 0.02196
v 0.23882 -0.22235 0.02196
v 0.23745 -0.22098 0.02333
v 0.23745 -0.22098 0.02471
v 0.23745 -0.22098 0.03431
v 0.23745 -0.22098 0.03569
v 0.23745 -0.22098 0.03706
v 0.23745 -0.22098 0.03843
v 0.23745 -0.22098 0.03980
v 0.23882 -0.22098 0.04049
v 0.23745 -0.21824 0.01922
v 0.23882 -0.21961 0.01922
v 0.23882 -0.21824 0.01853
v 0.23745 -0.21824 0.02059
v 0.23745 -0.21824 0.02196
v 0.23745 -0.21824 0.02333
v 0.23745 -0.21824 0.03843
v 0.23745 -0.21824 0.03980
v 0.23745 -0.21824 0.04118
v 0.23882 -0.21961 0.04118
v 0.23745 -0.21824 0.04255
v 0.23882 -0.21961 0.04255
v 0.23882 -0.21824 0.04324
v 0.23745 -0.21549 0.01784
v 0.23882 -0.21686 0.01784
v 0.23882 -0.21549 0.01716
v 0.23745 -0.21549 0.01922
v 0.23745 -0.21549 0.02059
v 0.23745 -0.21549 0.02196
v 0.23745 -0.21549 0.03980
v 0.23745 -0.21549 0.04118
v 0.23745 -0.21549 0.04255
v 0.23745 -0.21549 0.04392
v 0.23882 -0.21686 0.04392
v 0.23745 -0.21549 0.04529
v 0.23882 -0.21686 0.04529
v 0.23745 -0.21549 0.04667
v 0.23882 -0.21686 0.04667
v 0.23745 -0.21549 0.04804
v 0.23882 -0.21686 0.04804
v 0.23882 -0.21549 0.04873
v 0.23745 -0.21275 0.01784
v 0.23882 -0.21275 0.01716
v 0.23745 -0.21275 0.01922
v 0.23745 -0.21275 0.02059
v 0.23745 -0.21275 0.04118
v 0.23745 -0.21275 0.04255
v 0.23745 -0.21275 0.04392
v 0.23745 -0.21275 0.04529
v 0.23745 -0.21275 0.04667
v 0.23745 -0.21275 0.04804
v 0.23745 -0.21275 0.04941
v 0.23882 -0.21412 0.04941
v 0.23745 -0.21275 0.05078
v 0.23882 -0.21412 0.05078
v 0.23745 -0.21275 0.05216
v 0.23882 -0.21412 0.05216
v 0.23882 -0.21275 0.05284
v 0.23745 -0.21000 0.01647
v 0.23882 -0.21137 0.01647
v 0.23882 -0.21000 0.01578
v 0.23745 -0.21000 0.01784
v 0.23745 -0.21000 0.01922
v 0.23745 -0.21000 0.04255
v 0.23745 -0.21000 0.04392
v 0.23745 -0.21000 0.04529
v 0.23745 -0.21000 0.04667
v 0.23745 -0.21000 0.04804
v 0.23745 -0.21000 0.04941
v 0.23745 -0.21000 0.05078
v 0.23745 -0.21000 0.05216
v 0.23882 -0.21000 0.05284
v 0.23745 -0.20725 0.01647
v 0.23882 -0.20725 0.01578
v 0.23745 -0.20725 0.01784
v 0.23745 -0.20725 0.01922
v 0.23745 -0.20725 0.04529
v 0.23745 -0.20725 0.04667
v 0.23745 -0.20725 0.04804
v 0.23745 -0.20725 0.04941
v 0.23745 -0.20725 0.05078
v 0.23745 -0.20725 0.05216
v 0.23882 -0.20725 0.05284
v 0.23745 -0.20451 0.01510
v 0.23882 -0.20588 0.01510
v 0.23882 -0.20451 0.01441
v 0.23745 -0.20451 0.01647
v 0.23745 -0.20451 0.01784
v 0.23745 -0.20451 0.04392
v 0.23745 -0.20451 0.04529
v 0.23745 -0.20451 0.04667
v 0.23745 -0.20451 0.04804
v 0.23745 -0.20451 0.04941
v 0.23745 -0.20451 0.05078
v 0.23745 -0.20451 0.05216
v 0.23882 -0.20451 0.05284
v 0.23745 -0.20176 0.01510
v 0.23882 -0.20176 0.01441
v 0.23745 -0.20176 0.01647
v 0.23745 -0.20176 0.04804
v 0.23745 -0.20176 0.04941
v 0.23745 -0.20176 0.05078
v 0.23745 -0.20176 0.05216
v 0.23882 -0.20176 0.05284
v 0.23745 -0.19902 0.01510
v 0.23882 -0.19902 0.01441
v 0.23745 -0.19902 0.01647
v 0.23745 -0.19902 0.04804
v 0.23745 -0.19902 0.04941
v 0.23745 -0.19902 0.05078
v 0.23882 -0.20039 0.05216
v 0.23882 -0.19902 0.05147
v 0.23745 -0.19627 0.01510
v 0.23882 -0.19627 0.01441
v 0.23745 -0.19627 0.04804
v 0.23745 -0.19627 0.04941
v 0.23745 -0.19627 0.05078
v 0.23882 -0.19627 0.05147
v 0.23745 -0.19353 0.01510
v 0.23882 -0.19353 0.01441
v 0.23745 -0.19353 0.01647
v 0.23745 -0.19353 0.05078
v 0.23882 -0.19353 0.05147
v 0.23882 -0.19216 0.01510
v 0.23882 -0.19216 0.01647
v 0.23882 -0.19216 0.01784
v 0.23882 -0.19216 0.01922
v 0.23882 -0.19078 0.01990
v 0.23882 -0.19216 0.05078
v 0.23882 -0.19078 0.05010
v 0.23882 -0.18941 0.02059
v 0.23882 -0.18941 0.02196
v 0.23882 -0.18941 0.02333
v 0.23745 -0.18804 0.02471
v 0.23882 -0.18804 0.02402
v 0.23882 -0.18804 0.05010
v 0.23745 -0.18529 0.01510
v 0.23882 -0.18667 0.02471
v 0.23745 -0.18529 0.02608
v 0.23882 -0.18529 0.02539
v 0.23882 -0.18667 0.04941
v 0.23882 -0.18529 0.04873
v 0.23745 -0.18529 0.05078
v 0.23745 -0.18255 0.01373
v 0.23882 -0.18392 0.01373
v 0.23882 -0.18255 0.01304
v 0.23745 -0.18255 0.01510
v 0.23882 -0.18255 0.01441
v 0.23745 -0.18255 0.01647
v 0.23882 -0.18392 0.02608
v 0.23882 -0.18392 0.02745
v 0.23745 -0.18255 0.02882
v 0.23882 -0.18392 0.02882
v 0.23745 -0.18255 0.03020
v 0.23882 -0.18392 0.03020
v 0.23745 -0.18255 0.03157
v 0.23882 -0.18392 0.03157
v 0.23745 -0.18255 0.03294
v 0.23882 -0.18392 0.03294
v 0.23882 -0.18255 0.03363
v 0.23745 -0.18255 0.04392
v 0.23882 -0.18392 0.04529
v 0.23882 -0.18255 0.04461
v 0.23745 -0.18255 0.04667
v 0.23882 -0.18255 0.04598
v 0.23882 -0.18392 0.04941
v 0.23745 -0.18255 0.05078
v 0.23882 -0.18255 0.05010
v 0.23745 -0.17980 0.01098
v 0.23882 -0.18118 0.01098
v 0.23882 -0.17980 0.01029
v 0.23882 -0.18118 0.01235
v 0.23882 -0.18118 0.01510
v 0.23882 -0.18118 0.01647
v 0.23745 -0.17980 0.01784
v 0.23882 -0.17980 0.01716
v 0.23745 -0.17980 0.01922
v 0.23882 -0.18118 0.03431
v 0.23882 -0.18118 0.03569
v 0.23882 -0.18118 0.03706
v 0.23882 -0.18118 0.03843
v 0.23882 -0.18118 0.03980
v 0.23882 -0.17980 0.04049
v 0.23882 -0.18118 0.04255
v 0.23882 -0.17980 0.04186
v 0.23745 -0.17980 0.04392
v 0.23882 -0.18118 0.04392
v 0.23745 -0.17980 0.04529
v 0.23882 -0.17980 0.04598
v 0.23745 -0.17980 0.05078
v 0.23882 -0.17980 0.05010
v 0.23745 -0.17706 0.00961
v 0.23882 -0.17843 0.00961
v 0.23882 -0.17706 0.00892
v 0.23745 -0.17706 0.01510
v 0.23882 -0.17843 0.01510
v 0.23882 -0.17706 0.01441
v 0.23745 -0.17706 0.01647
v 0.23882 -0.17843 0.01647
v 0.23745 -0.17706 0.03706
v 0.23882 -0.17843 0.03706
v 0.23882 -0.17706 0.03637
v 0.23882 -0.17843 0.03843
v 0.23882 -0.17843 0.03980
v 0.23882 -0.17843 0.04255
v 0.23882 -0.17843 0.04392
v 0.23882 -0.17843 0.04529
v 0.23745 -0.17706 0.04941
v 0.23882 -0.17706 0.05010
v 0.23745 -0.17431 0.00824
v 0.23882 -0.17569 0.00824
v 0.23882 -0.17431 0.00755
v 0.23745 -0.17431 0.01373
v 0.23882 -0.17569 0.01373
v 0.23882 -0.17431 0.01304
v 0.23745 -0.17431 0.01510
v 0.23882 -0.17569 0.01647
v 0.23882 -0.17431 0.01578
v 0.23745 -0.17431 0.01784
v 0.23882 -0.17431 0.01716
v 0.23745 -0.17431 0.01922
v 0.23745 -0.17431 0.02059
v 0.23745 -0.17431 0.02196
v 0.23745 -0.17431 0.03569
v 0.23882 -0.17569 0.03569
v 0.23882 -0.17431 0.03500
v 0.23745 -0.17431 0.04941
v 0.23882 -0.17569 0.04941
v 0.23882 -0.17431 0.04873
v 0.23745 -0.17157 0.00824
v 0.23882 -0.17157 0.00755
v 0.23882 -0.17294 0.01373
v 0.23882 -0.17294 0.01510
v 0.23882 -0.17294 0.01784
v 0.23882 -0.17294 0.01922
v 0.23882 -0.17294 0.02059
v 0.23882 -0.17294 0.02196
v 0.23882 -0.17294 0.02333
v 0.23882 -0.17294 0.02471
v 0.23882 -0.17294 0.02608
v 0.23882 -0.17294 0.02745
v 0.23882 -0.17157 0.02814
v 0.23745 -0.17157 0.03569
v 0.23882 -0.17157 0.03500
v 0.23745 -0.17157 0.04941
v 0.23882 -0.17157 0.04873
v 0.23745 -0.16882 0.00824
v 0.23882 -0.16882 0.00755
v 0.23745 -0.16882 0.02882
v 0.23882 -0.16882 0.02814
v 0.23745 -0.16882 0.03569
v 0.23882 -0.16882 0.03500
v 0.23882 -0.17020 0.04941
v 0.23882 -0.17020 0.05078
v 0.23882 -0.17020 0.05216
v 0.23882 -0.17020 0.05353
v 0.23882 -0.17020 0.05490
v 0.23745 -0.16882 0.05627
v 0.23882 -0.16882 0.05559
v 0.23882 -0.16745 0.00824
v 0.23745 -0.16608 0.00961
v 0.23882 -0.16608 0.00892
v 0.23882 -0.16608 0.02814
v 0.23882 -0.16608 0.03500
v 0.23882 -0.16745 0.05627
v 0.23745 -0.16608 0.05765
v 0.23882 -0.16608 0.05696
v 0.23745 -0.16333 0.00824
v 0.23882 -0.16471 0.00824
v 0.23882 -0.16333 0.00755
v 0.23745 -0.16333 0.02745
v 0.23882 -0.16471 0.02745
v 0.23882 -0.16333 0.02676
v 0.23745 -0.16333 0.03431
v 0.23882 -0.16471 0.03431
v 0.23882 -0.16333 0.03363
v 0.23745 -0.16333 0.05765
v 0.23882 -0.16333 0.05696
v 0.23745 -0.16059 0.00824
v 0.23882 -0.16059 0.00755
v 0.23745 -0.16059 0.02745
v 0.23882 -0.16059 0.02676
v 0.23745 -0.16059 0.03431
v 0.23882 -0.16059 0.03363
v 0.23882 -0.16196 0.05490
v 0.23882 -0.16059 0.05422
v 0.23882 -0.16196 0.05627
v 0.23745 -0.15784 0.00686
v 0.23882 -0.15922 0.00686
v 0.23882 -0.15784 0.00618
v 0.23882 -0.15784 0.02676
v 0.23745 -0.15784 0.03431
v 0.23882 -0.15784 0.03363
v 0.23745 -0.15784 0.05216
v 0.23882 -0.15922 0.05216
v 0.23882 -0.15784 0.05147
v 0.23882 -0.15922 0.05353
v 0.23745 -0.15510 0.00686
v 0.23882 -0.15510 0.00618
v 0.23745 -0.15510 0.02471
v 0.23882 -0.15647 0.02471
v 0.23882 -0.15510 0.02402
v 0.23882 -0.15647 0.02608
v 0.23882 -0.15647 0.03431
v 0.23882 -0.15647 0.03569
v 0.23882 -0.15647 0.03706
v 0.23882 -0.15647 0.03843
v 0.23882 -0.15647 0.03980
v 0.23882 -0.15647 0.04118
v 0.23882 -0.15647 0.04255
v 0.23745 -0.15510 0.04392
v 0.23882 -0.15510 0.04324
v 0.23745 -0.15510 0.04529
v 0.23745 -0.15510 0.04941
v 0.23882 -0.15647 0.04941
v 0.23882 -0.15510 0.04873
v 0.23882 -0.15647 0.05078
v 0.23882 -0.15373 0.00686
v 0.23882 -0.15373 0.00824
v 0.23882 -0.15373 0.00961
v 0.23882 -0.15373 0.01098
v 0.23882 -0.15373 0.01235
v 0.23882 -0.15373 0.01373
v 0.23882 -0.15373 0.01510
v 0.23882 -0.15373 0.01647
v 0.23882 -0.15373 0.01784
v 0.23882 -0.15373 0.01922
v 0.23882 -0.15373 0.02059
v 0.23882 -0.15373 0.02196
v 0.23882 -0.15373 0.02333
v 0.23882 -0.15373 0.04392
v 0.23882 -0.15373 0.04529
v 0.23882 -0.15373 0.04667
v 0.23882 -0.15373 0.04804
v 0.24020 -0.28137 0.02333
v 0.24020 -0.28137 0.02471
v 0.24020 -0.28137 0.02608
v 0.24157 -0.28275 0.02608
v 0.24157 -0.28137 0.02539
v 0.24020 -0.28137 0.02745
v 0.24157 -0.28137 0.02676
v 0.24020 -0.28137 0.02882
v 0.24020 -0.28137 0.03020
v 0.24157 -0.28275 0.03020
v 0.24157 -0.28137 0.02951
v 0.24020 -0.28137 0.03157
v 0.24157 -0.28137 0.03088
v 0.24020 -0.28137 0.03294
v 0.24157 -0.28000 0.00000
v 0.24157 -0.27863 -0.00069
v 0.24157 -0.28000 0.00137
v 0.24157 -0.28000 0.00275
v 0.24157 -0.28000 0.00412
v 0.24157 -0.28000 0.00549
v 0.24157 -0.28000 0.00686
v 0.24157 -0.28000 0.00824
v 0.24157 -0.28000 0.00961
v 0.24157 -0.28000 0.01098
v 0.24157 -0.28000 0.01235
v 0.24157 -0.28000 0.01373
v 0.24157 -0.28000 0.01510
v 0.24157 -0.28000 0.01647
v 0.24157 -0.28000 0.01784
v 0.24157 -0.28000 0.01922
v 0.24157 -0.28000 0.02059
v 0.24157 -0.28000 0.02196
v 0.24157 -0.28000 0.02333
v 0.24157 -0.28000 0.02471
v 0.24157 -0.28000 0.02745
v 0.24157 -0.28000 0.02882
v 0.24157 -0.28000 0.03157
v 0.24157 -0.28000 0.03294
v 0.24157 -0.28000 0.03431
v 0.24157 -0.28000 0.03569
v 0.24157 -0.28000 0.03706
v 0.24157 -0.28000 0.03843
v 0.24157 -0.28000 0.03980
v 0.24157 -0.28000 0.04118
v 0.24157 -0.28000 0.04255
v 0.24157 -0.28000 0.04392
v 0.24157 -0.28000 0.04529
v 0.24157 -0.28000 0.04667
v 0.24157 -0.28000 0.04804
v 0.24157 -0.28000 0.04941
v 0.24157 -0.28000 0.05078
v 0.24157 -0.28000 0.05216
v 0.24157 -0.27863 0.05284
v 0.24157 -0.27588 -0.00069
v 0.24157 -0.27725 0.05353
v 0.24157 -0.27725 0.05490
v 0.24157 -0.27725 0.05627
v 0.24020 -0.27588 0.05765
v 0.24157 -0.27588 0.05696
v 0.24157 -0.27314 -0.00069
v 0.24157 -0.27451 0.05765
v 0.24157 -0.27451 0.05902
v 0.24020 -0.27314 0.06039
v 0.24157 -0.27314 0.05971
v 0.24157 -0.27039 -0.00069
v 0.24157 -0.27176 0.06039
v 0.24157 -0.27176 0.06176
v 0.24157 -0.27039 0.06245
v 0.24157 -0.26765 -0.00069
v 0.24157 -0.26902 0.06314
v 0.24157 -0.26765 0.06382
v 0.24157 -0.26490 -0.00069
v 0.24020 -0.26490 0.06314
v 0.24157 -0.26627 0.06314
v 0.24157 -0.26490 0.06245
v 0.24020 -0.26216 0.00000
v 0.24157 -0.26216 -0.00069
v 0.24020 -0.26216 0.06176
v 0.24157 -0.26353 0.06176
v 0.24157 -0.26216 0.06108
v 0.24157 -0.26078 0.00000
v 0.24157 -0.26078 0.00137
v 0.24157 -0.25941 0.00206
v 0.24020 -0.25941 0.06039
v 0.24157 -0.26078 0.06039
v 0.24157 -0.25941 0.05971
v 0.24157 -0.25804 0.00275
v 0.24157 -0.25667 0.00343
v 0.24157 -0.25804 0.05902
v 0.24157 -0.25667 0.05833
v 0.24157 -0.25529 0.00412
v 0.24020 -0.25392 0.00549
v 0.24157 -0.25392 0.00480
v 0.24157 -0.25529 0.05765
v 0.24157 -0.25392 0.05696
v 0.24157 -0.25255 0.00549
v 0.24020 -0.25118 0.00686
v 0.24157 -0.25118 0.00618
v 0.24020 -0.25118 0.05353
v 0.24157 -0.25255 0.05353
v 0.24157 -0.25118 0.05284
v 0.24157 -0.25255 0.05490
v 0.24157 -0.25255 0.05627
v 0.24157 -0.24980 0.00686
v 0.24157 -0.24980 0.00824
v 0.24157 -0.24980 0.00961
v 0.24157 -0.24843 0.01029
v 0.24157 -0.24980 0.04941
v 0.24157 -0.24843 0.04873
v 0.24157 -0.24980 0.05078
v 0.24157 -0.24980 0.05216
v 0.24157 -0.24706 0.01098
v 0.24157 -0.24706 0.01235
v 0.24157 -0.24706 0.01373
v 0.24157 -0.24706 0.01510
v 0.24157 -0.24569 0.01578
v 0.24020 -0.24569 0.04255
v 0.24157 -0.24706 0.04392
v 0.24157 -0.24569 0.04324
v 0.24157 -0.24706 0.04529
v 0.24020 -0.24569 0.04667
v 0.24157 -0.24706 0.04667
v 0.24157 -0.24569 0.04735
v 0.24157 -0.24706 0.04941
v 0.24157 -0.24706 0.05078
v 0.24157 -0.24569 0.05147
v 0.24157 -0.24431 0.01647
v 0.24157 -0.24431 0.01784
v 0.24157 -0.24431 0.01922
v 0.24020 -0.24294 0.02059
v 0.24157 -0.24294 0.01990
v 0.24157 -0.24431 0.03157
v 0.24157 -0.24294 0.03088
v 0.24157 -0.24431 0.03294
v 0.24020 -0.24294 0.03431
v 0.24157 -0.24294 0.03363
v 0.24157 -0.24431 0.04392
v 0.24157 -0.24431 0.04529
v 0.24157 -0.24431 0.04667
v 0.24020 -0.24294 0.05216
v 0.24157 -0.24294 0.05147
v 0.24157 -0.24157 0.02059
v 0.24157 -0.24157 0.02196
v 0.24020 -0.24020 0.02333
v 0.24157 -0.24020 0.02265
v 0.24020 -0.24020 0.02471
v 0.24020 -0.24020 0.02608
v 0.24020 -0.24020 0.02745
v 0.24020 -0.24020 0.03157
v 0.24157 -0.24157 0.03157
v 0.24157 -0.24157 0.03294
v 0.24020 -0.24020 0.05216
v 0.24157 -0.24020 0.05147
v 0.24020 -0.23745 0.02333
v 0.24157 -0.23745 0.02265
v 0.24020 -0.23745 0.02471
v 0.24020 -0.23745 0.02608
v 0.24020 -0.23745 0.02882
v 0.24020 -0.23745 0.03020
v 0.24020 -0.23745 0.03157
v 0.24020 -0.23745 0.03294
v 0.24020 -0.23745 0.03431
v 0.24020 -0.23745 0.03569
v 0.24020 -0.23745 0.03706
v 0.24020 -0.23745 0.03843
v 0.24020 -0.23745 0.03980
v 0.24020 -0.23745 0.04529
v 0.24020 -0.23745 0.05216
v 0.24157 -0.23745 0.05147
v 0.24020 -0.23471 0.02333
v 0.24157 -0.23471 0.02265
v 0.24020 -0.23471 0.02471
v 0.24020 -0.23471 0.02608
v 0.24020 -0.23471 0.02745
v 0.24020 -0.23471 0.02882
v 0.24020 -0.23471 0.03020
v 0.24020 -0.23471 0.03157
v 0.24020 -0.23471 0.03294
v 0.24020 -0.23471 0.03431
v 0.24020 -0.23471 0.03569
v 0.24020 -0.23471 0.03706
v 0.24020 -0.23471 0.03843
v 0.24020 -0.23471 0.03980
v 0.24020 -0.23471 0.04118
v 0.24020 -0.23471 0.04255
v 0.24020 -0.23471 0.04392
v 0.24020 -0.23471 0.04529
v 0.24020 -0.23471 0.04667
v 0.24020 -0.23471 0.05216
v 0.24157 -0.23471 0.05147
v 0.24020 -0.23196 0.02333
v 0.24157 -0.23196 0.02265
v 0.24020 -0.23196 0.02471
v 0.24020 -0.23196 0.02608
v 0.24020 -0.23196 0.03294
v 0.24020 -0.23196 0.03431
v 0.24020 -0.23196 0.03569
v 0.24020 -0.23196 0.03706
v 0.24020 -0.23196 0.03843
v 0.24020 -0.23196 0.03980
v 0.24020 -0.23196 0.04118
v 0.24157 -0.23333 0.04255
v 0.24157 -0.23196 0.04186
v 0.24157 -0.23333 0.04392
v 0.24157 -0.23333 0.04529
v 0.24157 -0.23333 0.04667
v 0.24157 -0.23333 0.04804
v 0.24157 -0.23333 0.04941
v 0.24157 -0.23333 0.05078
v 0.24020 -0.22922 0.02059
v 0.24157 -0.23059 0.02059
v 0.24157 -0.22922 0.01990
v 0.24020 -0.22922 0.02196
v 0.24157 -0.23059 0.02196
v 0.24020 -0.22922 0.02333
v 0.24020 -0.22922 0.02471
v 0.24020 -0.22922 0.03294
v 0.24020 -0.22922 0.03431
v 0.24020 -0.22922 0.03569
v 0.24020 -0.22922 0.03706
v 0.24020 -0.22922 0.03843
v 0.24020 -0.22922 0.03980
v 0.24020 -0.22922 0.04118
v 0.24020 -0.22922 0.04255
v 0.24157 -0.23059 0.04255
v 0.24157 -0.22922 0.04324
v 0.24020 -0.22647 0.01922
v 0.24157 -0.22784 0.01922
v 0.24157 -0.22647 0.01853
v 0.24020 -0.22647 0.02059
v 0.24020 -0.22647 0.02196
v 0.24020 -0.22647 0.02333
v 0.24020 -0.22647 0.03706
v 0.24020 -0.22647 0.03843
v 0.24020 -0.22647 0.03980
v 0.24020 -0.22647 0.04118
v 0.24020 -0.22647 0.04255
v 0.24020 -0.22647 0.04392
v 0.24157 -0.22784 0.04392
v 0.24020 -0.22647 0.04529
v 0.24157 -0.22784 0.04529
v 0.24020 -0.22647 0.04667
v 0.24157 -0.22784 0.04667
v 0.24157 -0.22647 0.04735
v 0.24020 -0.22373 0.01922
v 0.24157 -0.22373 0.01853
v 0.24020 -0.22373 0.02059
v 0.24020 -0.22373 0.02196
v 0.24020 -0.22373 0.04118
v 0.24020 -0.22373 0.04255
v 0.24020 -0.22373 0.04392
v 0.24020 -0.22373 0.04529
v 0.24020 -0.22373 0.04667
v 0.24157 -0.22373 0.04735
v 0.24020 -0.22098 0.01784
v 0.24157 -0.22235 0.01784
v 0.24157 -0.22098 0.01716
v 0.24020 -0.22098 0.01922
v 0.24020 -0.22098 0.04118
v 0.24020 -0.22098 0.04255
v 0.24020 -0.22098 0.04392
v 0.24020 -0.22098 0.04529
v 0.24020 -0.22098 0.04667
v 0.24020 -0.22098 0.04804
v 0.24157 -0.22235 0.04804
v 0.24020 -0.22098 0.04941
v 0.24157 -0.22235 0.04941
v 0.24020 -0.22098 0.05078
v 0.24157 -0.22235 0.05078
v 0.24157 -0.22098 0.05147
v 0.24020 -0.21824 0.01647
v 0.24157 -0.21961 0.01647
v 0.24157 -0.21824 0.01578
v 0.24020 -0.21824 0.01784
v 0.24020 -0.21824 0.04392
v 0.24020 -0.21824 0.04529
v 0.24020 -0.21824 0.04667
v 0.24020 -0.21824 0.04804
v 0.24020 -0.21824 0.04941
v 0.24020 -0.21824 0.05078
v 0.24157 -0.21824 0.05147
v 0.24020 -0.21549 0.01510
v 0.24157 -0.21686 0.01510
v 0.24157 -0.21549 0.01441
v 0.24020 -0.21549 0.01647
v 0.24020 -0.21549 0.04941
v 0.24020 -0.21549 0.05078
v 0.24157 -0.21549 0.05147
v 0.24020 -0.21275 0.01510
v 0.24157 -0.21275 0.01441
v 0.24020 -0.21275 0.01647
v 0.24020 -0.21275 0.05216
v 0.24157 -0.21275 0.05147
v 0.24020 -0.21000 0.01510
v 0.24157 -0.21000 0.01441
v 0.24020 -0.21000 0.05216
v 0.24157 -0.21000 0.05147
v 0.24020 -0.20725 0.01510
v 0.24157 -0.20725 0.01441
v 0.24020 -0.20725 0.05216
v 0.24157 -0.20725 0.05147
v 0.24020 -0.20451 0.01373
v 0.24157 -0.20588 0.01373
v 0.24157 -0.20451 0.01304
v 0.24020 -0.20451 0.05216
v 0.24157 -0.20451 0.05147
v 0.24020 -0.20176 0.01373
v 0.24157 -0.20176 0.01304
v 0.24020 -0.20176 0.05216
v 0.24157 -0.20176 0.05147
v 0.24020 -0.19902 0.01373
v 0.24157 -0.19902 0.01304
v 0.24157 -0.19902 0.05147
v 0.24020 -0.19627 0.01373
v 0.24157 -0.19627 0.01304
v 0.24020 -0.19627 0.05078
v 0.24157 -0.19765 0.05078
v 0.24157 -0.19627 0.05010
v 0.24157 -0.19490 0.01373
v 0.24157 -0.19353 0.01441
v 0.24020 -0.19353 0.05078
v 0.24157 -0.19353 0.05010
v 0.24157 -0.19216 0.01510
v 0.24157 -0.19216 0.01647
v 0.24157 -0.19216 0.01784
v 0.24020 -0.19078 0.01922
v 0.24157 -0.19078 0.01853
v 0.24020 -0.19078 0.04941
v 0.24157 -0.19216 0.04941
v 0.24157 -0.19078 0.04873
v 0.24157 -0.18941 0.01922
v 0.24020 -0.18804 0.02059
v 0.24157 -0.18804 0.01990
v 0.24020 -0.18804 0.02196
v 0.24020 -0.18804 0.02333
v 0.24020 -0.18804 0.04941
v 0.24157 -0.18804 0.04873
v 0.24157 -0.18667 0.02059
v 0.24020 -0.18529 0.02196
v 0.24157 -0.18529 0.02127
v 0.24020 -0.18529 0.02333
v 0.24157 -0.18667 0.02471
v 0.24157 -0.18529 0.02402
v 0.24157 -0.18529 0.02539
v 0.24157 -0.18529 0.04873
v 0.24020 -0.18255 0.01373
v 0.24157 -0.18392 0.02196
v 0.24157 -0.18392 0.02333
v 0.24157 -0.18392 0.02608
v 0.24157 -0.18392 0.02745
v 0.24020 -0.18255 0.02882
v 0.24157 -0.18255 0.02814
v 0.24020 -0.18255 0.03020
v 0.24020 -0.18255 0.03157
v 0.24020 -0.18255 0.03294
v 0.24020 -0.18255 0.03569
v 0.24157 -0.18392 0.03569
v 0.24157 -0.18255 0.03500
v 0.24157 -0.18255 0.03637
v 0.24157 -0.18392 0.04529
v 0.24157 -0.18255 0.04461
v 0.24157 -0.18255 0.04598
v 0.24020 -0.18255 0.04941
v 0.24157 -0.18255 0.04873
v 0.24020 -0.17980 0.00961
v 0.24157 -0.18118 0.00961
v 0.24157 -0.17980 0.00892
v 0.24157 -0.18118 0.01098
v 0.24020 -0.17980 0.01235
v 0.24157 -0.17980 0.01167
v 0.24020 -0.17980 0.01373
v 0.24020 -0.17980 0.01510
v 0.24020 -0.17980 0.01647
v 0.24157 -0.18118 0.02882
v 0.24157 -0.18118 0.03020
v 0.24157 -0.18118 0.03157
v 0.24157 -0.18118 0.03294
v 0.24020 -0.17980 0.03431
v 0.24157 -0.17980 0.03363
v 0.24020 -0.17980 0.03569
v 0.24157 -0.18118 0.03569
v 0.24020 -0.17980 0.03706
v 0.24157 -0.18118 0.03843
v 0.24157 -0.17980 0.03775
v 0.24157 -0.18118 0.03980
v 0.24157 -0.17980 0.04049
v 0.24157 -0.18118 0.04255
v 0.24157 -0.17980 0.04186
v 0.24157 -0.18118 0.04392
v 0.24020 -0.17980 0.04529
v 0.24157 -0.18118 0.04529
v 0.24157 -0.17980 0.04461
v 0.24020 -0.17980 0.04941
v 0.24157 -0.17980 0.04873
v 0.24020 -0.17706 0.00824
v 0.24157 -0.17843 0.00824
v 0.24157 -0.17706 0.00755
v 0.24020 -0.17706 0.00961
v 0.24157 -0.17843 0.00961
v 0.24157 -0.17706 0.00892
v 0.24020 -0.17706 0.01098
v 0.24157 -0.17843 0.01098
v 0.24157 -0.17843 0.01235
v 0.24157 -0.17706 0.01167
v 0.24157 -0.17843 0.01373
v 0.24020 -0.17706 0.01510
v 0.24157 -0.17843 0.01510
v 0.24020 -0.17706 0.01647
v 0.24157 -0.17843 0.01647
v 0.24157 -0.17706 0.01716
v 0.24157 -0.17843 0.03431
v 0.24157 -0.17843 0.03569
v 0.24157 -0.17706 0.03637
v 0.24157 -0.17843 0.03843
v 0.24157 -0.17843 0.03980
v 0.24157 -0.17843 0.04255
v 0.24157 -0.17843 0.04392
v 0.24020 -0.17706 0.04941
v 0.24157 -0.17706 0.04873
v 0.24157 -0.17431 0.00755
v 0.24020 -0.17431 0.00961
v 0.24157 -0.17431 0.00892
v 0.24020 -0.17431 0.01098
v 0.24020 -0.17431 0.01235
v 0.24157 -0.17569 0.01235
v 0.24157 -0.17569 0.01373
v 0.24157 -0.17569 0.01510
v 0.24020 -0.17431 0.01647
v 0.24157 -0.17569 0.01647
v 0.24020 -0.17431 0.02471
v 0.24157 -0.17569 0.02471
v 0.24157 -0.17431 0.02402
v 0.24020 -0.17431 0.02608
v 0.24157 -0.17569 0.02608
v 0.24157 -0.17431 0.02676
v 0.24157 -0.17569 0.03569
v 0.24157 -0.17431 0.03500
v 0.24157 -0.17431 0.04873
v 0.24020 -0.17157 0.00686
v 0.24157 -0.17294 0.00686
v 0.24157 -0.17157 0.00618
v 0.24157 -0.17294 0.00961
v 0.24157 -0.17294 0.01098
v 0.24157 -0.17294 0.01235
v 0.24157 -0.17294 0.01373
v 0.24157 -0.17294 0.01510
v 0.24157 -0.17294 0.01647
v 0.24157 -0.17294 0.01784
v 0.24157 -0.17294 0.01922
v 0.24157 -0.17294 0.02059
v 0.24157 -0.17294 0.02196
v 0.24157 -0.17294 0.02333
v 0.24020 -0.17157 0.02745
v 0.24157 -0.17157 0.02676
v 0.24020 -0.17157 0.03431
v 0.24157 -0.17294 0.03431
v 0.24157 -0.17157 0.03363
v 0.24020 -0.17157 0.04804
v 0.24157 -0.17294 0.04804
v 0.24157 -0.17157 0.04735
v 0.24157 -0.17020 0.00686
v 0.24157 -0.16882 0.00755
v 0.24020 -0.16882 0.02745
v 0.24157 -0.16882 0.02676
v 0.24020 -0.16882 0.03431
v 0.24157 -0.16882 0.03363
v 0.24157 -0.17020 0.04804
v 0.24157 -0.17020 0.04941
v 0.24157 -0.17020 0.05078
v 0.24020 -0.16882 0.05216
v 0.24157 -0.16882 0.05147
v 0.24020 -0.16882 0.05353
v 0.24020 -0.16882 0.05490
v 0.24020 -0.16608 0.00824
v 0.24157 -0.16608 0.00755
v 0.24020 -0.16608 0.02745
v 0.24157 -0.16608 0.02676
v 0.24020 -0.16608 0.03431
v 0.24157 -0.16608 0.03363
v 0.24157 -0.16745 0.05216
v 0.24157 -0.16745 0.05353
v 0.24157 -0.16745 0.05490
v 0.24020 -0.16608 0.05627
v 0.24157 -0.16608 0.05559
v 0.24020 -0.16333 0.00686
v 0.24157 -0.16471 0.00686
v 0.24157 -0.16333 0.00618
v 0.24157 -0.16333 0.02676
v 0.24020 -0.16333 0.03294
v 0.24157 -0.16471 0.03294
v 0.24157 -0.16333 0.03225
v 0.24020 -0.16333 0.05627
v 0.24157 -0.16333 0.05559
v 0.24020 -0.16059 0.00686
v 0.24157 -0.16059 0.00618
v 0.24020 -0.16059 0.02608
v 0.24157 -0.16196 0.02608
v 0.24157 -0.16059 0.02539
v 0.24157 -0.16196 0.03294
v 0.24157 -0.16059 0.03363
v 0.24157 -0.16196 0.05490
v 0.24157 -0.16059 0.05422
v 0.24020 -0.15784 0.00549
v 0.24157 -0.15922 0.00549
v 0.24157 -0.15784 0.00480
v 0.24020 -0.15784 0.02608
v 0.24157 -0.15784 0.02539
v 0.24157 -0.15784 0.03363
v 0.24157 -0.15922 0.05216
v 0.24157 -0.15784 0.05147
v 0.24157 -0.15922 0.05353
v 0.24020 -0.15510 0.00549
v 0.24157 -0.15510 0.00480
v 0.24157 -0.15647 0.02471
v 0.24157 -0.15510 0.02402
v 0.24157 -0.15647 0.03431
v 0.24157 -0.15647 0.03569
v 0.24157 -0.15647 0.03706
v 0.24157 -0.15647 0.03843
v 0.24157 -0.15647 0.03980
v 0.24020 -0.15510 0.04118
v 0.24157 -0.15510 0.04049
v 0.24020 -0.15510 0.04255
v 0.24157 -0.15647 0.04941
v 0.24157 -0.15510 0.04873
v 0.24157 -0.15647 0.05078
v 0.24157 -0.15373 0.00549
v 0.24157 -0.15373 0.00686
v 0.24157 -0.15373 0.00824
v 0.24157 -0.15373 0.00961
v 0.24157 -0.15373 0.01098
v 0.24157 -0.15373 0.01235
v 0.24157 -0.15373 0.01373
v 0.24157 -0.15373 0.01510
v 0.24157 -0.15373 0.01647
v 0.24157 -0.15373 0.01784
v 0.24157 -0.15373 0.01922
v 0.24157 -0.15373 0.02059
v 0.24157 -0.15373 0.02196
v 0.24157 -0.15373 0.02333
v 0.24157 -0.15373 0.04118
v 0.24157 -0.15373 0.04255
v 0.24157 -0.15373 0.04392
v 0.24020 -0.15235 0.04529
v 0.24157 -0.15235 0.04461
v 0.24157 -0.15373 0.04667
v 0.24157 -0.15235 0.04598
v 0.24157 -0.15373 0.04804
v 0.24157 -0.15098 0.04529
v 0.24294 -0.28137 0.02608
v 0.24294 -0.28137 0.03020
v 0.24431 -0.28000 0.00000
v 0.24431 -0.27863 -0.00069
v 0.24431 -0.28000 0.00137
v 0.24431 -0.28000 0.00275
v 0.24431 -0.28000 0.00412
v 0.24431 -0.28000 0.00549
v 0.24431 -0.28000 0.00686
v 0.24431 -0.28000 0.00824
v 0.24431 -0.28000 0.00961
v 0.24431 -0.28000 0.01098
v 0.24431 -0.28000 0.01235
v 0.24431 -0.28000 0.01373
v 0.24431 -0.28000 0.01510
v 0.24431 -0.28000 0.01647
v 0.24431 -0.28000 0.01784
v 0.24431 -0.28000 0.01922
v 0.24431 -0.28000 0.02059
v 0.24431 -0.28000 0.02196
v 0.24431 -0.28000 0.02333
v 0.24431 -0.28000 0.02471
v 0.24431 -0.28000 0.02608
v 0.24431 -0.28000 0.02745
v 0.24431 -0.28000 0.02882
v 0.24431 -0.28000 0.03020
v 0.24431 -0.28000 0.03157
v 0.24431 -0.28000 0.03294
v 0.24431 -0.28000 0.03431
v 0.24431 -0.28000 0.03569
v 0.24431 -0.28000 0.03706
v 0.24431 -0.28000 0.03843
v 0.24431 -0.28000 0.03980
v 0.24431 -0.28000 0.04118
v 0.24431 -0.28000 0.04255
v 0.24431 -0.28000 0.04392
v 0.24431 -0.28000 0.04529
v 0.24431 -0.28000 0.04667
v 0.24431 -0.28000 0.04804
v 0.24431 -0.28000 0.04941
v 0.24431 -0.28000 0.05078
v 0.24431 -0.28000 0.05216
v 0.24294 -0.27863 0.05353
v 0.24431 -0.28000 0.05353
v 0.24431 -0.27863 0.05422
v 0.24431 -0.27588 -0.00069
v 0.24431 -0.27725 0.05490
v 0.24431 -0.27725 0.05627
v 0.24294 -0.27588 0.05765
v 0.24431 -0.27725 0.05765
v 0.24431 -0.27588 0.05833
v 0.24431 -0.27314 -0.00069
v 0.24431 -0.27451 0.05902
v 0.24431 -0.27314 0.05971
v 0.24431 -0.27039 -0.00069
v 0.24431 -0.27176 0.06039
v 0.24431 -0.27176 0.06176
v 0.24431 -0.27039 0.06245
v 0.24431 -0.26765 -0.00069
v 0.24294 -0.26765 0.06314
v 0.24431 -0.26765 0.06245
v 0.24431 -0.26490 -0.00069
v 0.24294 -0.26490 0.06176
v 0.24431 -0.26627 0.06176
v 0.24431 -0.26490 0.06108
v 0.24431 -0.26216 -0.00069
v 0.24431 -0.26216 0.06108
v 0.24431 -0.26078 0.00000
v 0.24294 -0.25941 0.00137
v 0.24431 -0.25941 0.00069
v 0.24431 -0.26078 0.06039
v 0.24431 -0.25941 0.05971
v 0.24431 -0.25804 0.00137
v 0.24431 -0.25804 0.00275
v 0.24431 -0.25667 0.00343
v 0.24294 -0.25667 0.05765
v 0.24431 -0.25804 0.05765
v 0.24431 -0.25667 0.05696
v 0.24431 -0.25804 0.05902
v 0.24431 -0.25529 0.00412
v 0.24431 -0.25392 0.00480
v 0.24294 -0.25392 0.05627
v 0.24431 -0.25529 0.05627
v 0.24431 -0.25392 0.05559
v 0.24431 -0.25255 0.00549
v 0.24431 -0.25118 0.00618
v 0.24431 -0.25255 0.05353
v 0.24431 -0.25118 0.05284
v 0.24431 -0.25255 0.05490
v 0.24431 -0.24980 0.00686
v 0.24431 -0.24980 0.00824
v 0.24431 -0.24980 0.00961
v 0.24431 -0.24843 0.01029
v 0.24294 -0.24843 0.04941
v 0.24431 -0.24980 0.05078
v 0.24431 -0.24843 0.05010
v 0.24431 -0.24980 0.05216
v 0.24431 -0.24706 0.01098
v 0.24431 -0.24706 0.01235
v 0.24431 -0.24706 0.01373
v 0.24431 -0.24706 0.01510
v 0.24431 -0.24569 0.01578
v 0.24431 -0.24706 0.04392
v 0.24431 -0.24569 0.04324
v 0.24431 -0.24706 0.04529
v 0.24294 -0.24569 0.04667
v 0.24431 -0.24569 0.04598
v 0.24294 -0.24569 0.04804
v 0.24431 -0.24706 0.04804
v 0.24431 -0.24569 0.04735
v 0.24294 -0.24569 0.04941
v 0.24431 -0.24706 0.04941
v 0.24294 -0.24569 0.05078
v 0.24431 -0.24431 0.01647
v 0.24431 -0.24431 0.01784
v 0.24294 -0.24294 0.01922
v 0.24431 -0.24294 0.01853
v 0.24431 -0.24431 0.03157
v 0.24431 -0.24294 0.03088
v 0.24431 -0.24431 0.03294
v 0.24431 -0.24294 0.03363
v 0.24431 -0.24431 0.04392
v 0.24431 -0.24431 0.04529
v 0.24431 -0.24431 0.04804
v 0.24431 -0.24431 0.04941
v 0.24294 -0.24294 0.05078
v 0.24431 -0.24294 0.05010
v 0.24431 -0.24157 0.01922
v 0.24294 -0.24020 0.02059
v 0.24431 -0.24020 0.01990
v 0.24294 -0.24020 0.02196
v 0.24431 -0.24157 0.03157
v 0.24431 -0.24157 0.03294
v 0.24294 -0.24020 0.05078
v 0.24431 -0.24020 0.05010
v 0.24294 -0.23745 0.02059
v 0.24431 -0.23745 0.01990
v 0.24294 -0.23745 0.02196
v 0.24294 -0.23745 0.05078
v 0.24431 -0.23745 0.05010
v 0.24294 -0.23471 0.02059
v 0.24431 -0.23471 0.01990
v 0.24294 -0.23471 0.02196
v 0.24294 -0.23471 0.05078
v 0.24431 -0.23471 0.05010
v 0.24294 -0.23196 0.01922
v 0.24431 -0.23333 0.01922
v 0.24431 -0.23196 0.01853
v 0.24294 -0.23196 0.02059
v 0.24294 -0.23196 0.02196
v 0.24294 -0.23196 0.04255
v 0.24294 -0.23196 0.04392
v 0.24294 -0.23196 0.04529
v 0.24294 -0.23196 0.04667
v 0.24294 -0.23196 0.04804
v 0.24294 -0.23196 0.04941
v 0.24431 -0.23196 0.05010
v 0.24294 -0.22922 0.01647
v 0.24431 -0.23059 0.01647
v 0.24431 -0.22922 0.01578
v 0.24294 -0.22922 0.01784
v 0.24431 -0.23059 0.01784
v 0.24294 -0.22922 0.01922
v 0.24294 -0.22922 0.04392
v 0.24294 -0.22922 0.04529
v 0.24294 -0.22922 0.04667
v 0.24294 -0.22922 0.04804
v 0.24294 -0.22922 0.04941
v 0.24431 -0.22922 0.05010
v 0.24294 -0.22647 0.01510
v 0.24431 -0.22784 0.01510
v 0.24431 -0.22647 0.01441
v 0.24294 -0.22647 0.01647
v 0.24294 -0.22647 0.01784
v 0.24294 -0.22647 0.04804
v 0.24294 -0.22647 0.04941
v 0.24294 -0.22647 0.05078
v 0.24431 -0.22784 0.05078
v 0.24431 -0.22647 0.05147
v 0.24294 -0.22373 0.01510
v 0.24431 -0.22373 0.01441
v 0.24294 -0.22373 0.01647
v 0.24294 -0.22373 0.01784
v 0.24294 -0.22373 0.04804
v 0.24294 -0.22373 0.04941
v 0.24294 -0.22373 0.05078
v 0.24431 -0.22373 0.05147
v 0.24294 -0.22098 0.01373
v 0.24431 -0.22235 0.01373
v 0.24431 -0.22098 0.01304
v 0.24294 -0.22098 0.01510
v 0.24294 -0.22098 0.01647
v 0.24431 -0.22098 0.05147
v 0.24294 -0.21824 0.01373
v 0.24431 -0.21824 0.01304
v 0.24294 -0.21824 0.01510
v 0.24294 -0.21824 0.05078
v 0.24431 -0.21961 0.05078
v 0.24431 -0.21824 0.05010
v 0.24294 -0.21549 0.01373
v 0.24431 -0.21549 0.01304
v 0.24294 -0.21549 0.05078
v 0.24431 -0.21549 0.05010
v 0.24294 -0.21275 0.01373
v 0.24431 -0.21275 0.01304
v 0.24431 -0.21412 0.05078
v 0.24431 -0.21275 0.05147
v 0.24294 -0.21000 0.01373
v 0.24431 -0.21000 0.01304
v 0.24294 -0.21000 0.05078
v 0.24431 -0.21137 0.05078
v 0.24431 -0.21000 0.05010
v 0.24294 -0.20725 0.01235
v 0.24431 -0.20863 0.01235
v 0.24431 -0.20725 0.01167
v 0.24294 -0.20725 0.01373
v 0.24294 -0.20725 0.05078
v 0.24431 -0.20725 0.05010
v 0.24294 -0.20451 0.01235
v 0.24431 -0.20451 0.01167
v 0.24294 -0.20451 0.05078
v 0.24431 -0.20451 0.05010
v 0.24294 -0.20176 0.01235
v 0.24431 -0.20176 0.01167
v 0.24294 -0.20176 0.05078
v 0.24431 -0.20176 0.05010
v 0.24294 -0.19902 0.01235
v 0.24431 -0.19902 0.01167
v 0.24294 -0.19902 0.05078
v 0.24431 -0.19902 0.05010
v 0.24294 -0.19627 0.01098
v 0.24431 -0.19765 0.01098
v 0.24431 -0.19627 0.01029
v 0.24294 -0.19627 0.01235
v 0.24431 -0.19627 0.05010
v 0.24431 -0.19490 0.01098
v 0.24431 -0.19490 0.01235
v 0.24294 -0.19353 0.01373
v 0.24431 -0.19353 0.01304
v 0.24294 -0.19353 0.04941
v 0.24431 -0.19490 0.04941
v 0.24431 -0.19353 0.04873
v 0.24431 -0.19216 0.01373
v 0.24431 -0.19216 0.01510
v 0.24431 -0.19216 0.01647
v 0.24294 -0.19078 0.01784
v 0.24431 -0.19078 0.01716
v 0.24431 -0.19078 0.04873
v 0.24431 -0.18941 0.01784
v 0.24294 -0.18804 0.01922
v 0.24431 -0.18804 0.01853
v 0.24294 -0.18804 0.04804
v 0.24431 -0.18941 0.04804
v 0.24431 -0.18804 0.04735
v 0.24431 -0.18667 0.01922
v 0.24431 -0.18667 0.02059
v 0.24294 -0.18529 0.02196
v 0.24431 -0.18667 0.02196
v 0.24294 -0.18529 0.02333
v 0.24431 -0.18667 0.02333
v 0.24431 -0.18667 0.02471
v 0.24294 -0.18529 0.02608
v 0.24431 -0.18667 0.02608
v 0.24294 -0.18529 0.02745
v 0.24431 -0.18667 0.02745
v 0.24431 -0.18529 0.02814
v 0.24294 -0.18529 0.04804
v 0.24431 -0.18529 0.04735
v 0.24294 -0.18255 0.02471
v 0.24431 -0.18392 0.02471
v 0.24431 -0.18255 0.02402
v 0.24294 -0.18255 0.02608
v 0.24431 -0.18392 0.02608
v 0.24294 -0.18255 0.02745
v 0.24431 -0.18392 0.02745
v 0.24294 -0.18255 0.03569
v 0.24294 -0.18255 0.03706
v 0.24431 -0.18392 0.03706
v 0.24431 -0.18255 0.03637
v 0.24294 -0.18255 0.03843
v 0.24431 -0.18392 0.03843
v 0.24431 -0.18255 0.03912
v 0.24431 -0.18392 0.04529
v 0.24431 -0.18255 0.04461
v 0.24431 -0.18255 0.04598
v 0.24294 -0.18255 0.04804
v 0.24431 -0.18255 0.04735
v 0.24294 -0.17980 0.00961
v 0.24294 -0.17980 0.01098
v 0.24294 -0.17980 0.02471
v 0.24431 -0.17980 0.02402
v 0.24294 -0.17980 0.02608
v 0.24431 -0.18118 0.02745
v 0.24431 -0.17980 0.02676
v 0.24431 -0.18118 0.02882
v 0.24294 -0.17980 0.03020
v 0.24431 -0.17980 0.02951
v 0.24294 -0.17980 0.03157
v 0.24294 -0.17980 0.03294
v 0.24431 -0.18118 0.03706
v 0.24294 -0.17980 0.03843
v 0.24431 -0.18118 0.03843
v 0.24431 -0.18118 0.03980
v 0.24431 -0.17980 0.03912
v 0.24294 -0.17980 0.04118
v 0.24431 -0.18118 0.04118
v 0.24294 -0.17980 0.04255
v 0.24431 -0.17980 0.04186
v 0.24294 -0.17980 0.04392
v 0.24431 -0.18118 0.04529
v 0.24294 -0.17980 0.04804
v 0.24431 -0.17980 0.04735
v 0.24294 -0.17706 0.00824
v 0.24294 -0.17706 0.01098
v 0.24431 -0.17843 0.01098
v 0.24431 -0.17706 0.01029
v 0.24431 -0.17843 0.01235
v 0.24431 -0.17843 0.01373
v 0.24431 -0.17843 0.01510
v 0.24294 -0.17706 0.01647
v 0.24431 -0.17706 0.01578
v 0.24294 -0.17706 0.02196
v 0.24431 -0.17843 0.02196
v 0.24431 -0.17706 0.02127
v 0.24431 -0.17706 0.02265
v 0.24431 -0.17843 0.02471
v 0.24431 -0.17843 0.02608
v 0.24431 -0.17843 0.03020
v 0.24431 -0.17843 0.03157
v 0.24431 -0.17843 0.03294
v 0.24431 -0.17843 0.03431
v 0.24431 -0.17843 0.03569
v 0.24431 -0.17706 0.03637
v 0.24431 -0.17843 0.03980
v 0.24431 -0.17843 0.04118
v 0.24294 -0.17706 0.04804
v 0.24431 -0.17706 0.04735
v 0.24294 -0.17431 0.00824
v 0.24431 -0.17569 0.01098
v 0.24431 -0.17569 0.01235
v 0.24431 -0.17569 0.01373
v 0.24431 -0.17569 0.01510
v 0.24294 -0.17431 0.02196
v 0.24431 -0.17431 0.02127
v 0.24294 -0.17431 0.02333
v 0.24431 -0.17569 0.02333
v 0.24431 -0.17569 0.02471
v 0.24294 -0.17431 0.02608
v 0.24431 -0.17431 0.02539
v 0.24294 -0.17431 0.03431
v 0.24431 -0.17569 0.03431
v 0.24431 -0.17431 0.03363
v 0.24431 -0.17569 0.03569
v 0.24294 -0.17431 0.04804
v 0.24431 -0.17431 0.04735
v 0.24431 -0.17294 0.00686
v 0.24431 -0.17157 0.00618
v 0.24431 -0.17294 0.00824
v 0.24431 -0.17294 0.00961
v 0.24431 -0.17294 0.01098
v 0.24431 -0.17294 0.01235
v 0.24431 -0.17294 0.01373
v 0.24431 -0.17294 0.01510
v 0.24431 -0.17294 0.01647
v 0.24431 -0.17294 0.01784
v 0.24294 -0.17157 0.01922
v 0.24431 -0.17157 0.01853
v 0.24431 -0.17294 0.02059
v 0.24431 -0.17157 0.01990
v 0.24294 -0.17157 0.02608
v 0.24431 -0.17157 0.02539
v 0.24294 -0.17157 0.03294
v 0.24431 -0.17294 0.03294
v 0.24431 -0.17157 0.03225
v 0.24294 -0.17157 0.04667
v 0.24431 -0.17294 0.04667
v 0.24431 -0.17157 0.04598
v 0.24294 -0.16882 0.00686
v 0.24431 -0.16882 0.00618
v 0.24431 -0.17020 0.01922
v 0.24294 -0.16882 0.02608
v 0.24431 -0.16882 0.02539
v 0.24294 -0.16882 0.03294
v 0.24431 -0.16882 0.03225
v 0.24431 -0.17020 0.04667
v 0.24294 -0.16882 0.04804
v 0.24431 -0.16882 0.04735
v 0.24294 -0.16882 0.04941
v 0.24294 -0.16882 0.05078
v 0.24294 -0.16608 0.00686
v 0.24431 -0.16608 0.00618
v 0.24294 -0.16608 0.02608
v 0.24431 -0.16608 0.02539
v 0.24294 -0.16608 0.03294
v 0.24431 -0.16608 0.03225
v 0.24431 -0.16745 0.04804
v 0.24431 -0.16745 0.04941
v 0.24431 -0.16745 0.05078
v 0.24431 -0.16745 0.05216
v 0.24431 -0.16745 0.05353
v 0.24294 -0.16608 0.05490
v 0.24431 -0.16608 0.05422
v 0.24431 -0.16333 0.00618
v 0.24294 -0.16333 0.02608
v 0.24431 -0.16333 0.02539
v 0.24431 -0.16333 0.03225
v 0.24431 -0.16471 0.05490
v 0.24431 -0.16333 0.05559
v 0.24294 -0.16059 0.00549
v 0.24431 -0.16196 0.00549
v 0.24431 -0.16059 0.00480
v 0.24294 -0.16059 0.02471
v 0.24431 -0.16196 0.02471
v 0.24431 -0.16059 0.02402
v 0.24294 -0.16059 0.03294
v 0.24431 -0.16059 0.03225
v 0.24431 -0.16196 0.05490
v 0.24431 -0.16059 0.05422
v 0.24431 -0.15784 0.00480
v 0.24294 -0.15784 0.02471
v 0.24431 -0.15784 0.02402
v 0.24294 -0.15784 0.03294
v 0.24431 -0.15784 0.03225
v 0.24431 -0.15922 0.05216
v 0.24431 -0.15784 0.05147
v 0.24431 -0.15922 0.05353
v 0.24294 -0.15510 0.00412
v 0.24431 -0.15647 0.00412
v 0.24431 -0.15510 0.00343
v 0.24294 -0.15510 0.02333
v 0.24431 -0.15647 0.02333
v 0.24431 -0.15510 0.02265
v 0.24431 -0.15647 0.03294
v 0.24431 -0.15647 0.03431
v 0.24431 -0.15647 0.03569
v 0.24431 -0.15647 0.03706
v 0.24431 -0.15647 0.03843
v 0.24294 -0.15510 0.03980
v 0.24431 -0.15510 0.03912
v 0.24431 -0.15647 0.04941
v 0.24431 -0.15510 0.04873
v 0.24431 -0.15647 0.05078
v 0.24294 -0.15235 0.00412
v 0.24431 -0.15235 0.00343
v 0.24294 -0.15235 0.00549
v 0.24294 -0.15235 0.00686
v 0.24431 -0.15373 0.00824
v 0.24431 -0.15235 0.00755
v 0.24431 -0.15373 0.00961
v 0.24431 -0.15373 0.01098
v 0.24431 -0.15373 0.01235
v 0.24294 -0.15235 0.01373
v 0.24431 -0.15235 0.01304
v 0.24294 -0.15235 0.01510
v 0.24294 -0.15235 0.01647
v 0.24431 -0.15373 0.01784
v 0.24431 -0.15235 0.01716
v 0.24431 -0.15373 0.01922
v 0.24431 -0.15373 0.02059
v 0.24431 -0.15373 0.02196
v 0.24431 -0.15373 0.03980
v 0.24431 -0.15373 0.04118
v 0.24294 -0.15235 0.04255
v 0.24431 -0.15235 0.04186
v 0.24294 -0.15235 0.04392
v 0.24431 -0.15373 0.04667
v 0.24431 -0.15235 0.04598
v 0.24431 -0.15373 0.04804
v 0.24431 -0.15098 0.00412
v 0.24431 -0.15098 0.00549
v 0.24431 -0.15098 0.00686
v 0.24431 -0.15098 0.01373
v 0.24431 -0.15098 0.01510
v 0.24431 -0.15098 0.01647
v 0.24431 -0.15098 0.04255
v 0.24431 -0.15098 0.04392
v 0.24431 -0.15098 0.04529
v 0.24706 -0.28000 0.00000
v 0.24706 -0.27863 -0.00069
v 0.24706 -0.28000 0.00137
v 0.24706 -0.28000 0.00275
v 0.24706 -0.28000 0.00412
v 0.24706 -0.28000 0.00549
v 0.24706 -0.28000 0.00686
v 0.24706 -0.28000 0.00824
v 0.24706 -0.28000 0.00961
v 0.24706 -0.28000 0.01098
v 0.24706 -0.28000 0.01235
v 0.24706 -0.28000 0.01373
v 0.24706 -0.28000 0.01510
v 0.24706 -0.28000 0.01647
v 0.24706 -0.28000 0.01784
v 0.24706 -0.28000 0.01922
v 0.24706 -0.28000 0.02059
v 0.24706 -0.28000 0.02196
v 0.24706 -0.28000 0.02333
v 0.24706 -0.28000 0.02471
v 0.24706 -0.28000 0.02608
v 0.24706 -0.28000 0.02745
v 0.24706 -0.28000 0.02882
v 0.24706 -0.28000 0.03020
v 0.24706 -0.28000 0.03157
v 0.24706 -0.28000 0.03294
v 0.24706 -0.28000 0.03431
v 0.24706 -0.28000 0.03569
v 0.24706 -0.28000 0.03706
v 0.24706 -0.28000 0.03843
v 0.24706 -0.28000 0.03980
v 0.24706 -0.28000 0.04118
v 0.24706 -0.28000 0.04255
v 0.24706 -0.28000 0.04392
v 0.24706 -0.28000 0.04529
v 0.24706 -0.28000 0.04667
v 0.24706 -0.28000 0.04804
v 0.24706 -0.28000 0.04941
v 0.24706 -0.28000 0.05078
v 0.24706 -0.28000 0.05216
v 0.24569 -0.27863 0.05353
v 0.24706 -0.27863 0.05284
v 0.24706 -0.27588 -0.00069
v 0.24706 -0.27725 0.05353
v 0.24706 -0.27725 0.05490
v 0.24706 -0.27725 0.05627
v 0.24706 -0.27725 0.05765
v 0.24706 -0.27588 0.05833
v 0.24706 -0.27314 -0.00069
v 0.24706 -0.27451 0.05902
v 0.24706 -0.27314 0.05971
v 0.24706 -0.27039 -0.00069
v 0.24706 -0.27176 0.06039
v 0.24706 -0.27176 0.06176
v 0.24706 -0.27039 0.06245
v 0.24706 -0.26765 -0.00069
v 0.24569 -0.26765 0.06176
v 0.24706 -0.26902 0.06176
v 0.24706 -0.26765 0.06108
v 0.24706 -0.26490 -0.00069
v 0.24706 -0.26490 0.06108
v 0.24706 -0.26216 -0.00069
v 0.24569 -0.26216 0.06039
v 0.24706 -0.26353 0.06039
v 0.24706 -0.26216 0.05971
v 0.24706 -0.26078 0.00000
v 0.24706 -0.25941 0.00069
v 0.24569 -0.25941 0.05902
v 0.24706 -0.26078 0.05902
v 0.24706 -0.25941 0.05833
v 0.24706 -0.25804 0.00137
v 0.24569 -0.25667 0.00275
v 0.24706 -0.25667 0.00206
v 0.24569 -0.25667 0.05627
v 0.24706 -0.25804 0.05627
v 0.24706 -0.25667 0.05559
v 0.24706 -0.25804 0.05765
v 0.24569 -0.25392 0.00137
v 0.24706 -0.25529 0.00137
v 0.24706 -0.25392 0.00069
v 0.24569 -0.25392 0.00275
v 0.24569 -0.25392 0.00412
v 0.24569 -0.25392 0.05490
v 0.24706 -0.25529 0.05490
v 0.24706 -0.25392 0.05422
v 0.24706 -0.25255 0.00137
v 0.24706 -0.25255 0.00275
v 0.24706 -0.25255 0.00412
v 0.24706 -0.25255 0.00549
v 0.24706 -0.25118 0.00618
v 0.24569 -0.25118 0.05216
v 0.24706 -0.25255 0.05216
v 0.24706 -0.25118 0.05147
v 0.24706 -0.25255 0.05353
v 0.24706 -0.24980 0.00686
v 0.24706 -0.24980 0.00824
v 0.24706 -0.24980 0.00961
v 0.24706 -0.24843 0.01029
v 0.24569 -0.24843 0.04941
v 0.24706 -0.24980 0.04941
v 0.24706 -0.24843 0.04873
v 0.24706 -0.24980 0.05078
v 0.24706 -0.24706 0.01098
v 0.24706 -0.24706 0.01235
v 0.24569 -0.24569 0.01373
v 0.24706 -0.24569 0.01304
v 0.24569 -0.24569 0.01510
v 0.24706 -0.24706 0.04392
v 0.24706 -0.24569 0.04324
v 0.24706 -0.24706 0.04529
v 0.24569 -0.24569 0.04667
v 0.24706 -0.24706 0.04667
v 0.24706 -0.24706 0.04804
v 0.24706 -0.24431 0.01373
v 0.24706 -0.24431 0.01510
v 0.24569 -0.24294 0.01647
v 0.24706 -0.24294 0.01578
v 0.24569 -0.24294 0.01784
v 0.24569 -0.24294 0.03157
v 0.24706 -0.24431 0.03294
v 0.24706 -0.24294 0.03225
v 0.24569 -0.24294 0.03431
v 0.24706 -0.24431 0.03431
v 0.24569 -0.24294 0.03569
v 0.24706 -0.24431 0.03569
v 0.24706 -0.24294 0.03637
v 0.24706 -0.24431 0.04392
v 0.24706 -0.24431 0.04529
v 0.24706 -0.24431 0.04667
v 0.24706 -0.24431 0.04804
v 0.24569 -0.24294 0.04941
v 0.24706 -0.24294 0.04873
v 0.24706 -0.24157 0.01647
v 0.24569 -0.24020 0.01784
v 0.24706 -0.24020 0.01716
v 0.24706 -0.24157 0.01922
v 0.24706 -0.24020 0.01853
v 0.24706 -0.24020 0.01990
v 0.24706 -0.24157 0.03294
v 0.24706 -0.24157 0.03431
v 0.24706 -0.24157 0.03569
v 0.24569 -0.24020 0.04941
v 0.24706 -0.24020 0.04873
v 0.24569 -0.23745 0.01647
v 0.24706 -0.23882 0.01647
v 0.24706 -0.23745 0.01578
v 0.24569 -0.23745 0.01784
v 0.24569 -0.23745 0.01922
v 0.24706 -0.23882 0.01922
v 0.24569 -0.23745 0.04941
v 0.24706 -0.23745 0.04873
v 0.24569 -0.23471 0.01647
v 0.24706 -0.23471 0.01578
v 0.24569 -0.23471 0.01784
v 0.24569 -0.23471 0.01922
v 0.24569 -0.23471 0.04941
v 0.24706 -0.23471 0.04873
v 0.24569 -0.23196 0.01510
v 0.24706 -0.23333 0.01510
v 0.24706 -0.23196 0.01441
v 0.24569 -0.23196 0.01647
v 0.24569 -0.23196 0.01784
v 0.24569 -0.23196 0.04941
v 0.24706 -0.23196 0.04873
v 0.24569 -0.22922 0.01510
v 0.24706 -0.22922 0.01441
v 0.24569 -0.22922 0.04941
v 0.24706 -0.22922 0.04873
v 0.24569 -0.22647 0.01373
v 0.24706 -0.22784 0.01373
v 0.24706 -0.22647 0.01304
v 0.24569 -0.22647 0.04941
v 0.24706 -0.22647 0.04873
v 0.24569 -0.22647 0.05078
v 0.24569 -0.22373 0.01373
v 0.24706 -0.22373 0.01304
v 0.24706 -0.22510 0.04941
v 0.24569 -0.22373 0.05078
v 0.24706 -0.22373 0.05010
v 0.24569 -0.22098 0.01235
v 0.24706 -0.22235 0.01235
v 0.24706 -0.22098 0.01167
v 0.24569 -0.22098 0.05078
v 0.24706 -0.22098 0.05010
v 0.24569 -0.21824 0.01235
v 0.24706 -0.21824 0.01167
v 0.24706 -0.21824 0.05010
v 0.24569 -0.21549 0.01235
v 0.24706 -0.21549 0.01167
v 0.24706 -0.21549 0.05010
v 0.24569 -0.21275 0.01235
v 0.24706 -0.21275 0.01167
v 0.24569 -0.21275 0.05078
v 0.24706 -0.21275 0.05010
v 0.24569 -0.21000 0.01235
v 0.24706 -0.21000 0.01167
v 0.24569 -0.21000 0.04941
v 0.24706 -0.21137 0.04941
v 0.24706 -0.21000 0.04873
v 0.24569 -0.20725 0.01098
v 0.24706 -0.20863 0.01098
v 0.24706 -0.20725 0.01029
v 0.24706 -0.20863 0.04941
v 0.24706 -0.20725 0.05010
v 0.24569 -0.20451 0.01098
v 0.24706 -0.20451 0.01029
v 0.24706 -0.20451 0.05010
v 0.24569 -0.20176 0.01098
v 0.24706 -0.20176 0.01029
v 0.24706 -0.20176 0.05010
v 0.24569 -0.19902 0.01098
v 0.24706 -0.19902 0.01029
v 0.24569 -0.19902 0.04941
v 0.24706 -0.20039 0.04941
v 0.24706 -0.19902 0.04873
v 0.24569 -0.19627 0.00961
v 0.24706 -0.19765 0.00961
v 0.24706 -0.19627 0.00892
v 0.24569 -0.19627 0.04941
v 0.24706 -0.19627 0.04873
v 0.24706 -0.19490 0.00961
v 0.24706 -0.19490 0.01098
v 0.24706 -0.19490 0.01235
v 0.24706 -0.19353 0.01304
v 0.24569 -0.19353 0.04804
v 0.24706 -0.19490 0.04804
v 0.24706 -0.19353 0.04735
v 0.24569 -0.19078 0.01373
v 0.24706 -0.19078 0.01304
v 0.24569 -0.19078 0.01510
v 0.24569 -0.19078 0.01647
v 0.24569 -0.19078 0.04804
v 0.24706 -0.19078 0.04735
v 0.24706 -0.18941 0.01373
v 0.24706 -0.18941 0.01510
v 0.24569 -0.18804 0.01647
v 0.24706 -0.18804 0.01578
v 0.24706 -0.18941 0.01784
v 0.24706 -0.18804 0.01716
v 0.24706 -0.18804 0.01853
v 0.24706 -0.18804 0.04735
v 0.24706 -0.18667 0.01647
v 0.24706 -0.18667 0.01922
v 0.24706 -0.18667 0.02059
v 0.24569 -0.18529 0.02196
v 0.24706 -0.18529 0.02127
v 0.24569 -0.18529 0.02333
v 0.24569 -0.18529 0.02471
v 0.24569 -0.18529 0.02608
v 0.24569 -0.18529 0.02745
v 0.24569 -0.18529 0.02882
v 0.24706 -0.18667 0.02882
v 0.24706 -0.18529 0.02814
v 0.24569 -0.18529 0.03020
v 0.24706 -0.18667 0.03020
v 0.24706 -0.18529 0.03088
v 0.24569 -0.18529 0.04667
v 0.24706 -0.18667 0.04667
v 0.24706 -0.18529 0.04598
v 0.24569 -0.18255 0.01922
v 0.24706 -0.18392 0.01922
v 0.24706 -0.18255 0.01853
v 0.24569 -0.18255 0.02059
v 0.24706 -0.18392 0.02059
v 0.24569 -0.18255 0.02196
v 0.24569 -0.18255 0.02333
v 0.24706 -0.18392 0.02882
v 0.24706 -0.18392 0.03020
v 0.24706 -0.18392 0.03706
v 0.24706 -0.18255 0.03637
v 0.24706 -0.18392 0.03843
v 0.24706 -0.18255 0.03912
v 0.24706 -0.18392 0.04529
v 0.24706 -0.18255 0.04461
v 0.24569 -0.18255 0.04667
v 0.24706 -0.18118 0.01922
v 0.24706 -0.18118 0.02059
v 0.24569 -0.17980 0.02196
v 0.24706 -0.17980 0.02127
v 0.24569 -0.17980 0.02333
v 0.24569 -0.17980 0.02745
v 0.24569 -0.17980 0.02882
v 0.24706 -0.18118 0.03706
v 0.24706 -0.18118 0.03843
v 0.24706 -0.18118 0.03980
v 0.24706 -0.17980 0.03912
v 0.24706 -0.18118 0.04118
v 0.24706 -0.17980 0.04186
v 0.24569 -0.17980 0.04529
v 0.24706 -0.17980 0.04461
v 0.24569 -0.17980 0.04667
v 0.24569 -0.17706 0.00824
v 0.24706 -0.17843 0.00824
v 0.24706 -0.17706 0.00755
v 0.24569 -0.17706 0.00961
v 0.24706 -0.17843 0.00961
v 0.24706 -0.17843 0.01098
v 0.24706 -0.17843 0.01235
v 0.24569 -0.17706 0.01373
v 0.24706 -0.17706 0.01304
v 0.24569 -0.17706 0.01510
v 0.24569 -0.17706 0.01784
v 0.24706 -0.17843 0.01784
v 0.24706 -0.17706 0.01716
v 0.24569 -0.17706 0.01922
v 0.24706 -0.17843 0.01922
v 0.24569 -0.17706 0.02059
v 0.24706 -0.17843 0.02059
v 0.24569 -0.17706 0.02196
v 0.24706 -0.17843 0.02196
v 0.24706 -0.17706 0.02127
v 0.24706 -0.17843 0.02333
v 0.24706 -0.17843 0.02471
v 0.24706 -0.17843 0.02608
v 0.24706 -0.17843 0.02745
v 0.24706 -0.17843 0.02882
v 0.24706 -0.17843 0.03020
v 0.24706 -0.17843 0.03157
v 0.24706 -0.17843 0.03294
v 0.24706 -0.17843 0.03431
v 0.24706 -0.17843 0.03569
v 0.24706 -0.17706 0.03637
v 0.24706 -0.17843 0.03980
v 0.24706 -0.17843 0.04118
v 0.24706 -0.17843 0.04529
v 0.24706 -0.17843 0.04667
v 0.24706 -0.17706 0.04735
v 0.24706 -0.17569 0.00824
v 0.24706 -0.17569 0.00961
v 0.24706 -0.17569 0.01098
v 0.24706 -0.17569 0.01235
v 0.24569 -0.17431 0.01647
v 0.24706 -0.17569 0.01647
v 0.24706 -0.17431 0.01578
v 0.24569 -0.17431 0.01784
v 0.24569 -0.17431 0.01922
v 0.24569 -0.17431 0.02059
v 0.24706 -0.17569 0.02196
v 0.24706 -0.17569 0.02333
v 0.24569 -0.17431 0.02471
v 0.24706 -0.17431 0.02402
v 0.24706 -0.17569 0.03431
v 0.24706 -0.17431 0.03363
v 0.24706 -0.17569 0.03569
v 0.24569 -0.17431 0.04667
v 0.24706 -0.17569 0.04667
v 0.24706 -0.17431 0.04598
v 0.24569 -0.17157 0.00686
v 0.24569 -0.17157 0.00824
v 0.24569 -0.17157 0.00961
v 0.24569 -0.17157 0.01098
v 0.24706 -0.17294 0.01235
v 0.24706 -0.17157 0.01167
v 0.24706 -0.17294 0.01373
v 0.24706 -0.17294 0.01510
v 0.24569 -0.17157 0.01922
v 0.24569 -0.17157 0.02471
v 0.24706 -0.17157 0.02402
v 0.24706 -0.17294 0.03294
v 0.24706 -0.17157 0.03225
v 0.24706 -0.17157 0.04598
v 0.24569 -0.16882 0.00549
v 0.24706 -0.17020 0.00549
v 0.24706 -0.16882 0.00480
v 0.24706 -0.17020 0.00686
v 0.24706 -0.17020 0.00824
v 0.24706 -0.17020 0.00961
v 0.24706 -0.17020 0.01098
v 0.24569 -0.16882 0.02471
v 0.24706 -0.16882 0.02402
v 0.24569 -0.16882 0.03157
v 0.24706 -0.17020 0.03157
v 0.24706 -0.16882 0.03088
v 0.24569 -0.16882 0.04529
v 0.24706 -0.17020 0.04529
v 0.24706 -0.16882 0.04461
v 0.24569 -0.16882 0.04667
v 0.24569 -0.16608 0.00549
v 0.24706 -0.16608 0.00480
v 0.24569 -0.16608 0.02471
v 0.24706 -0.16608 0.02402
v 0.24569 -0.16608 0.03157
v 0.24706 -0.16608 0.03088
v 0.24706 -0.16745 0.04529
v 0.24706 -0.16745 0.04667
v 0.24706 -0.16745 0.04804
v 0.24706 -0.16745 0.04941
v 0.24706 -0.16745 0.05078
v 0.24706 -0.16745 0.05216
v 0.24569 -0.16608 0.05353
v 0.24706 -0.16608 0.05284
v 0.24569 -0.16333 0.00549
v 0.24706 -0.16333 0.00480
v 0.24569 -0.16333 0.02471
v 0.24706 -0.16333 0.02402
v 0.24569 -0.16333 0.03157
v 0.24706 -0.16333 0.03088
v 0.24569 -0.16333 0.05353
v 0.24706 -0.16333 0.05284
v 0.24569 -0.16333 0.05490
v 0.24569 -0.16059 0.00412
v 0.24706 -0.16196 0.00412
v 0.24706 -0.16059 0.00343
v 0.24706 -0.16059 0.02402
v 0.24569 -0.16059 0.03020
v 0.24706 -0.16196 0.03020
v 0.24706 -0.16059 0.02951
v 0.24569 -0.16059 0.03157
v 0.24569 -0.16059 0.05353
v 0.24706 -0.16059 0.05284
v 0.24569 -0.15784 0.00412
v 0.24706 -0.15784 0.00343
v 0.24569 -0.15784 0.02333
v 0.24706 -0.15922 0.02333
v 0.24706 -0.15784 0.02265
v 0.24706 -0.15922 0.03020
v 0.24706 -0.15922 0.03157
v 0.24569 -0.15784 0.03294
v 0.24706 -0.15922 0.03294
v 0.24706 -0.15784 0.03363
v 0.24706 -0.15922 0.05216
v 0.24706 -0.15784 0.05147
v 0.24569 -0.15510 0.00275
v 0.24706 -0.15647 0.00275
v 0.24706 -0.15510 0.00206
v 0.24706 -0.15510 0.02265
v 0.24706 -0.15647 0.03431
v 0.24706 -0.15647 0.03569
v 0.24706 -0.15647 0.03706
v 0.24569 -0.15510 0.03843
v 0.24706 -0.15510 0.03775
v 0.24706 -0.15647 0.04941
v 0.24706 -0.15510 0.04873
v 0.24706 -0.15647 0.05078
v 0.24569 -0.15235 0.00275
v 0.24706 -0.15235 0.00206
v 0.24569 -0.15235 0.00824
v 0.24569 -0.15235 0.00961
v 0.24569 -0.15235 0.01098
v 0.24569 -0.15235 0.01235
v 0.24569 -0.15235 0.01647
v 0.24706 -0.15373 0.01647
v 0.24706 -0.15235 0.01578
v 0.24569 -0.15235 0.01784
v 0.24706 -0.15235 0.01716
v 0.24706 -0.15373 0.01922
v 0.24706 -0.15235 0.01853
v 0.24706 -0.15373 0.02059
v 0.24706 -0.15373 0.02196
v 0.24706 -0.15373 0.03843
v 0.24706 -0.15373 0.03980
v 0.24569 -0.15235 0.04118
v 0.24706 -0.15235 0.04049
v 0.24706 -0.15373 0.04667
v 0.24706 -0.15235 0.04598
v 0.24706 -0.15373 0.04804
v 0.24706 -0.15098 0.00275
v 0.24706 -0.15098 0.00412
v 0.24706 -0.15098 0.00549
v 0.24706 -0.15098 0.00686
v 0.24706 -0.15098 0.00824
v 0.24706 -0.15098 0.00961
v 0.24706 -0.15098 0.01098
v 0.24706 -0.15098 0.01235
v 0.24706 -0.15098 0.01373
v 0.24706 -0.15098 0.01510
v 0.24706 -0.15098 0.01784
v 0.24706 -0.15098 0.04118
v 0.24706 -0.15098 0.04255
v 0.24706 -0.15098 0.04392
v 0.24706 -0.15098 0.04529
v 0.24980 -0.28000 0.00000
v 0.24980 -0.27863 -0.00069
v 0.24980 -0.28000 0.00137
v 0.24980 -0.28000 0.00275
v 0.24980 -0.28000 0.00412
v 0.24980 -0.28000 0.00549
v 0.24980 -0.28000 0.00686
v 0.24980 -0.28000 0.00824
v 0.24980 -0.28000 0.00961
v 0.24980 -0.28000 0.01098
v 0.24980 -0.28000 0.01235
v 0.24980 -0.28000 0.01373
v 0.24980 -0.28000 0.01510
v 0.24980 -0.28000 0.01647
v 0.24980 -0.28000 0.01784
v 0.24980 -0.28000 0.01922
v 0.24980 -0.28000 0.02059
v 0.24980 -0.28000 0.02196
v 0.24980 -0.28000 0.02333
v 0.24980 -0.28000 0.02471
v 0.24980 -0.28000 0.02608
v 0.24980 -0.28000 0.02745
v 0.24980 -0.28000 0.02882
v 0.24980 -0.28000 0.03020
v 0.24980 -0.28000 0.03157
v 0.24980 -0.28000 0.03294
v 0.24980 -0.28000 0.03431
v 0.24980 -0.28000 0.03569
v 0.24980 -0.28000 0.03706
v 0.24980 -0.28000 0.03843
v 0.24980 -0.28000 0.03980
v 0.24980 -0.28000 0.04118
v 0.24980 -0.28000 0.04255
v 0.24980 -0.28000 0.04392
v 0.24980 -0.28000 0.04529
v 0.24980 -0.28000 0.04667
v 0.24980 -0.28000 0.04804
v 0.24980 -0.28000 0.04941
v 0.24980 -0.28000 0.05078
v 0.24980 -0.28000 0.05216
v 0.24980 -0.27863 0.05284
v 0.24980 -0.27588 -0.00069
v 0.24980 -0.27725 0.05353
v 0.24980 -0.27725 0.05490
v 0.24980 -0.27725 0.05627
v 0.24843 -0.27588 0.05765
v 0.24980 -0.27588 0.05696
v 0.24980 -0.27314 -0.00069
v 0.24980 -0.27451 0.05765
v 0.24980 -0.27451 0.05902
v 0.24980 -0.27314 0.05971
v 0.24980 -0.27039 -0.00069
v 0.24980 -0.27176 0.06039
v 0.24843 -0.27039 0.06176
v 0.24980 -0.27039 0.06108
v 0.24980 -0.26765 -0.00069
v 0.24843 -0.26765 0.06039
v 0.24980 -0.26902 0.06039
v 0.24980 -0.26765 0.05971
v 0.24980 -0.26490 -0.00069
v 0.24843 -0.26490 0.06039
v 0.24980 -0.26490 0.05971
v 0.24980 -0.26216 -0.00069
v 0.24843 -0.26216 0.05902
v 0.24980 -0.26353 0.05902
v 0.24980 -0.26216 0.05833
v 0.24843 -0.25941 0.00000
v 0.24980 -0.25941 -0.00069
v 0.24980 -0.25941 0.05833
v 0.24843 -0.25667 0.00000
v 0.24980 -0.25667 -0.00069
v 0.24843 -0.25667 0.00137
v 0.24980 -0.25804 0.05627
v 0.24980 -0.25667 0.05559
v 0.24980 -0.25804 0.05765
v 0.24980 -0.25529 0.00000
v 0.24980 -0.25392 0.00069
v 0.24980 -0.25529 0.05490
v 0.24980 -0.25392 0.05422
v 0.24980 -0.25255 0.00137
v 0.24980 -0.25255 0.00275
v 0.24980 -0.25255 0.00412
v 0.24843 -0.25118 0.00549
v 0.24980 -0.25118 0.00480
v 0.24980 -0.25255 0.05216
v 0.24980 -0.25118 0.05147
v 0.24980 -0.25255 0.05353
v 0.24980 -0.24980 0.00549
v 0.24980 -0.24980 0.00686
v 0.24980 -0.24980 0.00824
v 0.24980 -0.24980 0.00961
v 0.24980 -0.24843 0.01029
v 0.24980 -0.24980 0.04941
v 0.24980 -0.24843 0.04873
v 0.24980 -0.24980 0.05078
v 0.24980 -0.24706 0.01098
v 0.24980 -0.24706 0.01235
v 0.24980 -0.24569 0.01304
v 0.24843 -0.24569 0.04255
v 0.24980 -0.24706 0.04255
v 0.24980 -0.24569 0.04186
v 0.24980 -0.24706 0.04392
v 0.24980 -0.24706 0.04529
v 0.24980 -0.24706 0.04667
v 0.24980 -0.24706 0.04804
v 0.24843 -0.24294 0.01373
v 0.24980 -0.24294 0.01304
v 0.24843 -0.24294 0.01510
v 0.24980 -0.24431 0.03294
v 0.24980 -0.24294 0.03225
v 0.24980 -0.24431 0.03431
v 0.24843 -0.24294 0.03569
v 0.24980 -0.24294 0.03500
v 0.24980 -0.24431 0.04255
v 0.24980 -0.24431 0.04392
v 0.24980 -0.24431 0.04529
v 0.24980 -0.24431 0.04667
v 0.24843 -0.24294 0.04804
v 0.24980 -0.24294 0.04735
v 0.24843 -0.24020 0.01373
v 0.24980 -0.24020 0.01304
v 0.24843 -0.24020 0.01510
v 0.24843 -0.24020 0.01647
v 0.24843 -0.24020 0.01922
v 0.24843 -0.24020 0.02059
v 0.24980 -0.24157 0.02059
v 0.24980 -0.24020 0.01990
v 0.24980 -0.24020 0.02127
v 0.24843 -0.24020 0.02333
v 0.24980 -0.24157 0.02333
v 0.24980 -0.24020 0.02265
v 0.24980 -0.24020 0.02402
v 0.24980 -0.24157 0.03294
v 0.24980 -0.24157 0.03431
v 0.24843 -0.24020 0.04804
v 0.24980 -0.24020 0.04735
v 0.24980 -0.23882 0.01373
v 0.24843 -0.23745 0.01510
v 0.24980 -0.23745 0.01441
v 0.24980 -0.23882 0.02059
v 0.24980 -0.23882 0.02333
v 0.24843 -0.23745 0.04804
v 0.24980 -0.23745 0.04735
v 0.24843 -0.23471 0.01510
v 0.24980 -0.23471 0.01441
v 0.24843 -0.23471 0.04804
v 0.24980 -0.23471 0.04735
v 0.24980 -0.23196 0.01441
v 0.24980 -0.23333 0.04804
v 0.24980 -0.23196 0.04873
v 0.24843 -0.22922 0.01373
v 0.24980 -0.23059 0.01373
v 0.24980 -0.22922 0.01304
v 0.24980 -0.22922 0.04873
v 0.24980 -0.22647 0.01304
v 0.24980 -0.22647 0.04873
v 0.24843 -0.22373 0.01235
v 0.24980 -0.22510 0.01235
v 0.24980 -0.22373 0.01167
v 0.24843 -0.22373 0.04941
v 0.24980 -0.22373 0.04873
v 0.24843 -0.22098 0.01098
v 0.24980 -0.22235 0.01098
v 0.24980 -0.22098 0.01029
v 0.24843 -0.22098 0.04941
v 0.24980 -0.22098 0.04873
v 0.24980 -0.21961 0.01098
v 0.24980 -0.21824 0.01167
v 0.24843 -0.21824 0.04941
v 0.24980 -0.21824 0.04873
v 0.24843 -0.21549 0.01098
v 0.24980 -0.21686 0.01098
v 0.24980 -0.21549 0.01029
v 0.24843 -0.21549 0.04941
v 0.24980 -0.21549 0.04873
v 0.24843 -0.21275 0.01098
v 0.24980 -0.21275 0.01029
v 0.24843 -0.21275 0.04941
v 0.24980 -0.21275 0.04873
v 0.24843 -0.21000 0.01098
v 0.24980 -0.21000 0.01029
v 0.24980 -0.21000 0.04873
v 0.24980 -0.20725 0.01029
v 0.24843 -0.20725 0.04941
v 0.24980 -0.20725 0.04873
v 0.24980 -0.20451 0.01029
v 0.24843 -0.20451 0.04941
v 0.24980 -0.20451 0.04873
v 0.24843 -0.20176 0.00961
v 0.24980 -0.20314 0.00961
v 0.24980 -0.20176 0.00892
v 0.24843 -0.20176 0.04804
v 0.24980 -0.20314 0.04804
v 0.24980 -0.20176 0.04735
v 0.24843 -0.20176 0.04941
v 0.24843 -0.19902 0.00961
v 0.24980 -0.19902 0.00892
v 0.24980 -0.20039 0.04804
v 0.24980 -0.19902 0.04873
v 0.24980 -0.19627 0.00892
v 0.24843 -0.19627 0.04804
v 0.24980 -0.19765 0.04804
v 0.24980 -0.19627 0.04735
v 0.24980 -0.19490 0.00961
v 0.24843 -0.19353 0.01098
v 0.24980 -0.19353 0.01029
v 0.24843 -0.19353 0.01235
v 0.24980 -0.19353 0.04735
v 0.24980 -0.19216 0.01098
v 0.24843 -0.19078 0.01235
v 0.24980 -0.19078 0.01167
v 0.24843 -0.19078 0.04667
v 0.24980 -0.19216 0.04667
v 0.24980 -0.19078 0.04598
v 0.24980 -0.18941 0.01235
v 0.24980 -0.18941 0.01373
v 0.24980 -0.18941 0.01510
v 0.24843 -0.18804 0.01647
v 0.24980 -0.18941 0.01647
v 0.24980 -0.18941 0.01784
v 0.24843 -0.18804 0.01922
v 0.24980 -0.18941 0.01922
v 0.24843 -0.18804 0.02059
v 0.24980 -0.18941 0.02059
v 0.24980 -0.18804 0.02127
v 0.24843 -0.18804 0.04667
v 0.24980 -0.18804 0.04598
v 0.24843 -0.18529 0.01784
v 0.24980 -0.18667 0.01784
v 0.24980 -0.18529 0.01716
v 0.24843 -0.18529 0.01922
v 0.24980 -0.18667 0.01922
v 0.24843 -0.18529 0.02059
v 0.24980 -0.18667 0.02059
v 0.24843 -0.18529 0.02882
v 0.24980 -0.18667 0.03020
v 0.24980 -0.18529 0.02951
v 0.24843 -0.18529 0.03157
v 0.24980 -0.18667 0.03157
v 0.24980 -0.18529 0.03225
v 0.24980 -0.18529 0.04598
v 0.24843 -0.18255 0.01647
v 0.24980 -0.18392 0.01647
v 0.24980 -0.18255 0.01578
v 0.24843 -0.18255 0.01784
v 0.24980 -0.18392 0.03020
v 0.24980 -0.18392 0.03157
v 0.24843 -0.18255 0.03706
v 0.24980 -0.18392 0.03843
v 0.24980 -0.18255 0.03775
v 0.24980 -0.18255 0.03912
v 0.24980 -0.18392 0.04529
v 0.24980 -0.18255 0.04461
v 0.24980 -0.18118 0.01647
v 0.24980 -0.18118 0.01784
v 0.24980 -0.18118 0.01922
v 0.24843 -0.17980 0.02059
v 0.24980 -0.17980 0.01990
v 0.24980 -0.18118 0.03843
v 0.24843 -0.17980 0.03980
v 0.24980 -0.18118 0.04118
v 0.24980 -0.17980 0.04049
v 0.24843 -0.17980 0.04255
v 0.24980 -0.18118 0.04255
v 0.24980 -0.17980 0.04324
v 0.24843 -0.17980 0.04529
v 0.24980 -0.18118 0.04529
v 0.24980 -0.17980 0.04598
v 0.24843 -0.17706 0.00686
v 0.24980 -0.17843 0.00686
v 0.24980 -0.17706 0.00618
v 0.24980 -0.17843 0.00824
v 0.24980 -0.17843 0.00961
v 0.24980 -0.17843 0.01098
v 0.24843 -0.17706 0.01235
v 0.24980 -0.17706 0.01167
v 0.24843 -0.17706 0.01510
v 0.24980 -0.17843 0.01510
v 0.24980 -0.17706 0.01441
v 0.24843 -0.17706 0.01647
v 0.24980 -0.17843 0.01647
v 0.24980 -0.17843 0.01784
v 0.24980 -0.17843 0.01922
v 0.24843 -0.17706 0.02059
v 0.24980 -0.17843 0.02059
v 0.24980 -0.17706 0.01990
v 0.24980 -0.17843 0.02196
v 0.24980 -0.17843 0.02333
v 0.24980 -0.17843 0.02471
v 0.24980 -0.17843 0.02608
v 0.24980 -0.17843 0.02745
v 0.24980 -0.17843 0.02882
v 0.24980 -0.17843 0.03020
v 0.24980 -0.17843 0.03157
v 0.24843 -0.17706 0.03294
v 0.24980 -0.17706 0.03225
v 0.24980 -0.17843 0.03431
v 0.24980 -0.17706 0.03363
v 0.24980 -0.17843 0.03569
v 0.24843 -0.17706 0.03706
v 0.24980 -0.17843 0.03706
v 0.24980 -0.17706 0.03775
v 0.24980 -0.17843 0.04118
v 0.24980 -0.17843 0.04255
v 0.24843 -0.17706 0.04529
v 0.24980 -0.17843 0.04529
v 0.24980 -0.17706 0.04461
v 0.24843 -0.17706 0.04667
v 0.24980 -0.17569 0.00686
v 0.24843 -0.17431 0.00824
v 0.24980 -0.17431 0.00755
v 0.24843 -0.17431 0.00961
v 0.24843 -0.17431 0.01098
v 0.24980 -0.17431 0.01167
v 0.24843 -0.17431 0.01373
v 0.24980 -0.17569 0.01373
v 0.24980 -0.17431 0.01304
v 0.24843 -0.17431 0.01510
v 0.24980 -0.17569 0.02059
v 0.24980 -0.17569 0.02196
v 0.24843 -0.17431 0.02333
v 0.24980 -0.17431 0.02265
v 0.24843 -0.17431 0.03294
v 0.24980 -0.17431 0.03225
v 0.24980 -0.17569 0.03431
v 0.24980 -0.17569 0.03569
v 0.24980 -0.17569 0.03706
v 0.24843 -0.17431 0.04529
v 0.24980 -0.17431 0.04461
v 0.24980 -0.17294 0.00824
v 0.24980 -0.17294 0.00961
v 0.24980 -0.17294 0.01098
v 0.24843 -0.17157 0.01235
v 0.24980 -0.17157 0.01304
v 0.24843 -0.17157 0.02333
v 0.24980 -0.17157 0.02265
v 0.24843 -0.17157 0.03157
v 0.24980 -0.17294 0.03157
v 0.24980 -0.17157 0.03088
v 0.24843 -0.17157 0.04529
v 0.24980 -0.17157 0.04461
v 0.24843 -0.16882 0.00412
v 0.24980 -0.17020 0.00412
v 0.24980 -0.16882 0.00343
v 0.24980 -0.17020 0.00549
v 0.24980 -0.17020 0.00686
v 0.24980 -0.17020 0.00824
v 0.24980 -0.17020 0.00961
v 0.24980 -0.17020 0.01098
v 0.24980 -0.17020 0.01235
v 0.24980 -0.17020 0.02333
v 0.24980 -0.16882 0.02402
v 0.24843 -0.16882 0.03020
v 0.24980 -0.17020 0.03020
v 0.24980 -0.16882 0.02951
v 0.24980 -0.16882 0.04461
v 0.24843 -0.16608 0.00412
v 0.24980 -0.16608 0.00343
v 0.24843 -0.16608 0.02333
v 0.24980 -0.16745 0.02333
v 0.24980 -0.16608 0.02265
v 0.24843 -0.16608 0.03020
v 0.24980 -0.16608 0.02951
v 0.24980 -0.16745 0.04529
v 0.24980 -0.16745 0.04667
v 0.24980 -0.16745 0.04804
v 0.24843 -0.16608 0.04941
v 0.24980 -0.16608 0.04873
v 0.24843 -0.16608 0.05078
v 0.24843 -0.16608 0.05216
v 0.24843 -0.16333 0.00412
v 0.24980 -0.16333 0.00343
v 0.24843 -0.16333 0.02333
v 0.24980 -0.16333 0.02265
v 0.24843 -0.16333 0.03020
v 0.24980 -0.16333 0.02951
v 0.24980 -0.16471 0.04941
v 0.24980 -0.16471 0.05078
v 0.24980 -0.16471 0.05216
v 0.24980 -0.16333 0.05284
v 0.24843 -0.16059 0.00275
v 0.24980 -0.16196 0.00275
v 0.24980 -0.16059 0.00206
v 0.24843 -0.16059 0.02333
v 0.24980 -0.16059 0.02265
v 0.24980 -0.16059 0.02951
v 0.24980 -0.16059 0.05284
v 0.24843 -0.15784 0.00275
v 0.24980 -0.15784 0.00206
v 0.24843 -0.15784 0.02196
v 0.24980 -0.15922 0.02196
v 0.24980 -0.15784 0.02127
v 0.24980 -0.15922 0.03020
v 0.24980 -0.15922 0.03157
v 0.24843 -0.15784 0.03294
v 0.24980 -0.15784 0.03225
v 0.24980 -0.15922 0.05216
v 0.24980 -0.15784 0.05147
v 0.24843 -0.15510 0.00137
v 0.24980 -0.15647 0.00137
v 0.24980 -0.15510 0.00069
v 0.24843 -0.15510 0.02196
v 0.24980 -0.15510 0.02127
v 0.24980 -0.15647 0.03294
v 0.24980 -0.15647 0.03431
v 0.24843 -0.15510 0.03569
v 0.24980 -0.15510 0.03500
v 0.24843 -0.15510 0.03706
v 0.24843 -0.15510 0.04804
v 0.24980 -0.15647 0.04804
v 0.24980 -0.15510 0.04735
v 0.24980 -0.15647 0.04941
v 0.24980 -0.15647 0.05078
v 0.24843 -0.15235 0.00137
v 0.24980 -0.15235 0.00069
v 0.24843 -0.15235 0.01647
v 0.24843 -0.15235 0.01784
v 0.24980 -0.15373 0.01784
v 0.24980 -0.15235 0.01716
v 0.24980 -0.15373 0.01922
v 0.24980 -0.15373 0.02059
v 0.24980 -0.15373 0.03569
v 0.24980 -0.15373 0.03706
v 0.24843 -0.15235 0.03843
v 0.24980 -0.15235 0.03775
v 0.24843 -0.15235 0.03980
v 0.24980 -0.15373 0.04667
v 0.24980 -0.15235 0.04598
v 0.24980 -0.15098 0.00137
v 0.24980 -0.15098 0.00275
v 0.24980 -0.15098 0.00412
v 0.24980 -0.15098 0.00549
v 0.24980 -0.15098 0.00686
v 0.24980 -0.15098 0.00824
v 0.24980 -0.15098 0.00961
v 0.24980 -0.15098 0.01098
v 0.24980 -0.15098 0.01235
v 0.24980 -0.15098 0.01373
v 0.24980 -0.15098 0.01510
v 0.24980 -0.15098 0.01647
v 0.24980 -0.15098 0.03843
v 0.24980 -0.15098 0.03980
v 0.24843 -0.14961 0.04118
v 0.24980 -0.14961 0.04049
v 0.24843 -0.14961 0.04255
v 0.24980 -0.15098 0.04392
v 0.24980 -0.14961 0.04324
v 0.24980 -0.15098 0.04529
v 0.24980 -0.14824 0.04118
v 0.24980 -0.14824 0.04255
v 0.25255 -0.28000 0.00000
v 0.25255 -0.27863 -0.00069
v 0.25255 -0.28000 0.00137
v 0.25255 -0.28000 0.00275
v 0.25255 -0.28000 0.00412
v 0.25255 -0.28000 0.00549
v 0.25255 -0.28000 0.00686
v 0.25255 -0.28000 0.00824
v 0.25255 -0.28000 0.00961
v 0.25255 -0.28000 0.01098
v 0.25255 -0.28000 0.01235
v 0.25255 -0.28000 0.01373
v 0.25255 -0.28000 0.01510
v 0.25255 -0.28000 0.01647
v 0.25255 -0.28000 0.01784
v 0.25255 -0.28000 0.01922
v 0.25255 -0.28000 0.02059
v 0.25255 -0.28000 0.02196
v 0.25255 -0.28000 0.02333
v 0.25255 -0.28000 0.02471
v 0.25255 -0.28000 0.02608
v 0.25255 -0.28000 0.02745
v 0.25255 -0.28000 0.02882
v 0.25255 -0.28000 0.03020
v 0.25255 -0.28000 0.03157
v 0.25255 -0.28000 0.03294
v 0.25255 -0.28000 0.03431
v 0.25255 -0.28000 0.03569
v 0.25255 -0.28000 0.03706
v 0.25255 -0.28000 0.03843
v 0.25255 -0.28000 0.03980
v 0.25255 -0.28000 0.04118
v 0.25255 -0.28000 0.04255
v 0.25255 -0.28000 0.04392
v 0.25255 -0.28000 0.04529
v 0.25255 -0.28000 0.04667
v 0.25255 -0.28000 0.04804
v 0.25255 -0.28000 0.04941
v 0.25255 -0.28000 0.05078
v 0.25255 -0.28000 0.05216
v 0.25255 -0.27863 0.05284
v 0.25255 -0.27588 -0.00069
v 0.25255 -0.27725 0.05353
v 0.25255 -0.27725 0.05490
v 0.25255 -0.27725 0.05627
v 0.25255 -0.27588 0.05696
v 0.25255 -0.27314 -0.00069
v 0.25255 -0.27451 0.05765
v 0.25255 -0.27451 0.05902
v 0.25255 -0.27314 0.05971
v 0.25255 -0.27039 -0.00069
v 0.25255 -0.27176 0.06039
v 0.25255 -0.27039 0.06108
v 0.25255 -0.26765 -0.00069
v 0.25255 -0.26902 0.06039
v 0.25255 -0.26765 0.05971
v 0.25255 -0.26490 -0.00069
v 0.25118 -0.26490 0.05902
v 0.25255 -0.26627 0.05902
v 0.25255 -0.26490 0.05833
v 0.25255 -0.26216 -0.00069
v 0.25118 -0.26216 0.05765
v 0.25255 -0.26353 0.05765
v 0.25255 -0.26216 0.05696
v 0.25255 -0.25941 -0.00069
v 0.25118 -0.25941 0.05765
v 0.25255 -0.25941 0.05696
v 0.25255 -0.25667 -0.00069
v 0.25255 -0.25804 0.05627
v 0.25255 -0.25667 0.05559
v 0.25255 -0.25529 0.00000
v 0.25255 -0.25392 0.00069
v 0.25118 -0.25392 0.05353
v 0.25255 -0.25529 0.05353
v 0.25255 -0.25392 0.05284
v 0.25255 -0.25529 0.05490
v 0.25255 -0.25255 0.00137
v 0.25255 -0.25255 0.00275
v 0.25255 -0.25255 0.00412
v 0.25255 -0.25118 0.00480
v 0.25118 -0.25118 0.05078
v 0.25255 -0.25255 0.05078
v 0.25255 -0.25118 0.05010
v 0.25255 -0.25255 0.05216
v 0.25255 -0.24980 0.00549
v 0.25255 -0.24980 0.00686
v 0.25118 -0.24843 0.00824
v 0.25255 -0.24843 0.00755
v 0.25118 -0.24843 0.00961
v 0.25118 -0.24843 0.04804
v 0.25255 -0.24980 0.04804
v 0.25255 -0.24843 0.04735
v 0.25255 -0.24980 0.04941
v 0.25255 -0.24706 0.00824
v 0.25118 -0.24569 0.00961
v 0.25255 -0.24569 0.00892
v 0.25118 -0.24569 0.01098
v 0.25118 -0.24569 0.01235
v 0.25255 -0.24706 0.04255
v 0.25255 -0.24569 0.04186
v 0.25255 -0.24706 0.04392
v 0.25255 -0.24706 0.04529
v 0.25255 -0.24706 0.04667
v 0.25118 -0.24294 0.00961
v 0.25255 -0.24294 0.00892
v 0.25118 -0.24294 0.01098
v 0.25118 -0.24294 0.01235
v 0.25118 -0.24294 0.03294
v 0.25255 -0.24431 0.03431
v 0.25255 -0.24294 0.03363
v 0.25255 -0.24294 0.03500
v 0.25118 -0.24294 0.03706
v 0.25255 -0.24431 0.03706
v 0.25255 -0.24294 0.03637
v 0.25255 -0.24294 0.03775
v 0.25255 -0.24431 0.04255
v 0.25255 -0.24431 0.04392
v 0.25255 -0.24431 0.04529
v 0.25255 -0.24431 0.04667
v 0.25255 -0.24294 0.04735
v 0.25118 -0.24020 0.00961
v 0.25255 -0.24020 0.00892
v 0.25118 -0.24020 0.01098
v 0.25118 -0.24020 0.01235
v 0.25255 -0.24157 0.02059
v 0.25255 -0.24020 0.01990
v 0.25118 -0.24020 0.02196
v 0.25255 -0.24157 0.02196
v 0.25118 -0.24020 0.02333
v 0.25255 -0.24020 0.02265
v 0.25118 -0.24020 0.02471
v 0.25255 -0.24157 0.02471
v 0.25255 -0.24020 0.02402
v 0.25255 -0.24020 0.02539
v 0.25255 -0.24157 0.03431
v 0.25255 -0.24157 0.03706
v 0.25255 -0.24020 0.04735
v 0.25255 -0.23882 0.00961
v 0.25255 -0.23882 0.01098
v 0.25255 -0.23882 0.01235
v 0.25118 -0.23745 0.01373
v 0.25255 -0.23745 0.01304
v 0.25255 -0.23882 0.02059
v 0.25255 -0.23882 0.02196
v 0.25255 -0.23882 0.02471
v 0.25255 -0.23745 0.04735
v 0.25118 -0.23471 0.01373
v 0.25255 -0.23471 0.01304
v 0.25255 -0.23471 0.04735
v 0.25118 -0.23196 0.01373
v 0.25255 -0.23196 0.01304
v 0.25118 -0.23196 0.04804
v 0.25255 -0.23196 0.04735
v 0.25118 -0.22922 0.01235
v 0.25255 -0.23059 0.01235
v 0.25255 -0.22922 0.01167
v 0.25118 -0.22922 0.04804
v 0.25255 -0.22922 0.04735
v 0.25118 -0.22647 0.01235
v 0.25255 -0.22647 0.01167
v 0.25118 -0.22647 0.04804
v 0.25255 -0.22647 0.04735
v 0.25118 -0.22373 0.01098
v 0.25255 -0.22510 0.01098
v 0.25255 -0.22373 0.01029
v 0.25118 -0.22373 0.04804
v 0.25255 -0.22373 0.04735
v 0.25255 -0.22098 0.01029
v 0.25118 -0.22098 0.04804
v 0.25255 -0.22098 0.04735
v 0.25118 -0.21824 0.01098
v 0.25255 -0.21824 0.01029
v 0.25118 -0.21824 0.04804
v 0.25255 -0.21824 0.04735
v 0.25118 -0.21549 0.00961
v 0.25255 -0.21686 0.00961
v 0.25255 -0.21549 0.00892
v 0.25118 -0.21549 0.04804
v 0.25255 -0.21549 0.04735
v 0.25118 -0.21275 0.00961
v 0.25255 -0.21275 0.00892
v 0.25118 -0.21275 0.04804
v 0.25255 -0.21275 0.04735
v 0.25118 -0.21000 0.00961
v 0.25255 -0.21000 0.00892
v 0.25118 -0.21000 0.04804
v 0.25255 -0.21000 0.04735
v 0.25118 -0.20725 0.00961
v 0.25255 -0.20725 0.00892
v 0.25118 -0.20725 0.04804
v 0.25255 -0.20725 0.04735
v 0.25118 -0.20451 0.00961
v 0.25255 -0.20451 0.00892
v 0.25118 -0.20451 0.04804
v 0.25255 -0.20451 0.04735
v 0.25118 -0.20176 0.00824
v 0.25255 -0.20314 0.00824
v 0.25255 -0.20176 0.00755
v 0.25255 -0.20176 0.04735
v 0.25118 -0.19902 0.00824
v 0.25255 -0.19902 0.00755
v 0.25118 -0.19902 0.04804
v 0.25255 -0.19902 0.04735
v 0.25118 -0.19627 0.00824
v 0.25255 -0.19627 0.00755
v 0.25118 -0.19627 0.04667
v 0.25255 -0.19765 0.04667
v 0.25255 -0.19627 0.04598
v 0.25118 -0.19353 0.00824
v 0.25255 -0.19353 0.00755
v 0.25118 -0.19353 0.00961
v 0.25118 -0.19353 0.04667
v 0.25255 -0.19353 0.04598
v 0.25255 -0.19216 0.00824
v 0.25118 -0.19078 0.00961
v 0.25255 -0.19078 0.00892
v 0.25255 -0.19216 0.01098
v 0.25255 -0.19078 0.01029
v 0.25118 -0.19078 0.01235
v 0.25255 -0.19216 0.01235
v 0.25255 -0.19078 0.01304
v 0.25255 -0.19078 0.04598
v 0.25255 -0.18941 0.00961
v 0.25118 -0.18804 0.01373
v 0.25255 -0.18804 0.01304
v 0.25118 -0.18804 0.01510
v 0.25118 -0.18804 0.01647
v 0.25118 -0.18804 0.01784
v 0.25118 -0.18804 0.01922
v 0.25118 -0.18804 0.02059
v 0.25118 -0.18804 0.02333
v 0.25255 -0.18941 0.02333
v 0.25255 -0.18804 0.02265
v 0.25255 -0.18804 0.02402
v 0.25118 -0.18804 0.04529
v 0.25255 -0.18941 0.04529
v 0.25255 -0.18804 0.04461
v 0.25118 -0.18529 0.01235
v 0.25255 -0.18667 0.01235
v 0.25255 -0.18529 0.01167
v 0.25118 -0.18529 0.01373
v 0.25118 -0.18529 0.01510
v 0.25118 -0.18529 0.01647
v 0.25255 -0.18667 0.02333
v 0.25255 -0.18667 0.03020
v 0.25255 -0.18529 0.02951
v 0.25255 -0.18667 0.03157
v 0.25255 -0.18529 0.03225
v 0.25118 -0.18529 0.04529
v 0.25255 -0.18529 0.04461
v 0.25118 -0.18255 0.01098
v 0.25255 -0.18392 0.01098
v 0.25255 -0.18255 0.01029
v 0.25118 -0.18255 0.01235
v 0.25118 -0.18255 0.01373
v 0.25118 -0.18255 0.01510
v 0.25255 -0.18392 0.03020
v 0.25255 -0.18392 0.03157
v 0.25255 -0.18392 0.03843
v 0.25255 -0.18255 0.03775
v 0.25118 -0.18255 0.03980
v 0.25255 -0.18392 0.03980
v 0.25118 -0.18255 0.04118
v 0.25255 -0.18392 0.04118
v 0.25118 -0.18255 0.04255
v 0.25255 -0.18392 0.04255
v 0.25118 -0.18255 0.04392
v 0.25255 -0.18392 0.04392
v 0.25118 -0.17980 0.01098
v 0.25255 -0.17980 0.01029
v 0.25255 -0.18118 0.01235
v 0.25255 -0.17980 0.01167
v 0.25118 -0.17980 0.01373
v 0.25255 -0.17980 0.01304
v 0.25118 -0.17980 0.01510
v 0.25118 -0.17980 0.01647
v 0.25118 -0.17980 0.01784
v 0.25118 -0.17980 0.01922
v 0.25255 -0.18118 0.03843
v 0.25255 -0.18118 0.03980
v 0.25118 -0.17980 0.04118
v 0.25255 -0.18118 0.04118
v 0.25118 -0.17980 0.04255
v 0.25255 -0.18118 0.04255
v 0.25255 -0.18118 0.04392
v 0.25118 -0.17980 0.04529
v 0.25255 -0.17980 0.04461
v 0.25118 -0.17706 0.00549
v 0.25255 -0.17843 0.00549
v 0.25255 -0.17706 0.00480
v 0.25255 -0.17843 0.00686
v 0.25255 -0.17843 0.00824
v 0.25255 -0.17843 0.00961
v 0.25118 -0.17706 0.01235
v 0.25255 -0.17843 0.01235
v 0.25118 -0.17706 0.01373
v 0.25118 -0.17706 0.01922
v 0.25255 -0.17843 0.01922
v 0.25255 -0.17706 0.01853
v 0.25255 -0.17843 0.02059
v 0.25118 -0.17706 0.02196
v 0.25255 -0.17706 0.02127
v 0.25118 -0.17706 0.02333
v 0.25255 -0.17843 0.02471
v 0.25255 -0.17706 0.02402
v 0.25255 -0.17843 0.02608
v 0.25255 -0.17843 0.02745
v 0.25255 -0.17843 0.02882
v 0.25118 -0.17706 0.03020
v 0.25255 -0.17706 0.02951
v 0.25118 -0.17706 0.03157
v 0.25118 -0.17706 0.03431
v 0.25255 -0.17843 0.03569
v 0.25255 -0.17706 0.03500
v 0.25255 -0.17843 0.03706
v 0.25255 -0.17706 0.03775
v 0.25255 -0.17706 0.04461
v 0.25255 -0.17569 0.00549
v 0.25118 -0.17431 0.00686
v 0.25255 -0.17431 0.00618
v 0.25118 -0.17431 0.01235
v 0.25255 -0.17569 0.01922
v 0.25255 -0.17569 0.02059
v 0.25118 -0.17431 0.02196
v 0.25255 -0.17569 0.02196
v 0.25255 -0.17431 0.02127
v 0.25255 -0.17569 0.02333
v 0.25255 -0.17569 0.03020
v 0.25255 -0.17569 0.03157
v 0.25255 -0.17431 0.03225
v 0.25255 -0.17569 0.03569
v 0.25255 -0.17569 0.03706
v 0.25255 -0.17431 0.04461
v 0.25255 -0.17294 0.00686
v 0.25255 -0.17294 0.00824
v 0.25118 -0.17157 0.00961
v 0.25255 -0.17157 0.00892
v 0.25118 -0.17157 0.01098
v 0.25118 -0.17157 0.01235
v 0.25255 -0.17294 0.02196
v 0.25255 -0.17157 0.02265
v 0.25255 -0.17294 0.03157
v 0.25255 -0.17157 0.03088
v 0.25118 -0.17157 0.04392
v 0.25255 -0.17294 0.04392
v 0.25255 -0.17157 0.04324
v 0.25118 -0.16882 0.00275
v 0.25255 -0.17020 0.00275
v 0.25255 -0.16882 0.00206
v 0.25255 -0.17020 0.00412
v 0.25255 -0.17020 0.00549
v 0.25255 -0.17020 0.00686
v 0.25255 -0.17020 0.00824
v 0.25118 -0.16882 0.02333
v 0.25255 -0.16882 0.02265
v 0.25255 -0.17020 0.03020
v 0.25255 -0.16882 0.02951
v 0.25118 -0.16882 0.04392
v 0.25255 -0.16882 0.04324
v 0.25118 -0.16608 0.00275
v 0.25255 -0.16608 0.00206
v 0.25118 -0.16608 0.02196
v 0.25255 -0.16745 0.02196
v 0.25255 -0.16608 0.02127
v 0.25118 -0.16608 0.02882
v 0.25255 -0.16745 0.02882
v 0.25255 -0.16608 0.02814
v 0.25255 -0.16745 0.04392
v 0.25118 -0.16608 0.04529
v 0.25255 -0.16608 0.04461
v 0.25118 -0.16608 0.04667
v 0.25118 -0.16608 0.04804
v 0.25118 -0.16333 0.00275
v 0.25255 -0.16333 0.00206
v 0.25118 -0.16333 0.02196
v 0.25255 -0.16333 0.02127
v 0.25118 -0.16333 0.02882
v 0.25255 -0.16333 0.02814
v 0.25255 -0.16471 0.04529
v 0.25255 -0.16471 0.04667
v 0.25255 -0.16471 0.04804
v 0.25255 -0.16471 0.04941
v 0.25118 -0.16333 0.05078
v 0.25255 -0.16333 0.05010
v 0.25118 -0.16333 0.05216
v 0.25255 -0.16059 0.00206
v 0.25118 -0.16059 0.02059
v 0.25255 -0.16196 0.02059
v 0.25255 -0.16059 0.01990
v 0.25118 -0.16059 0.02196
v 0.25118 -0.16059 0.02882
v 0.25255 -0.16059 0.02814
v 0.25255 -0.16196 0.05078
v 0.25118 -0.16059 0.05216
v 0.25255 -0.16059 0.05147
v 0.25118 -0.15784 0.00137
v 0.25255 -0.15922 0.00137
v 0.25255 -0.15784 0.00069
v 0.25255 -0.15922 0.02059
v 0.25255 -0.15784 0.02127
v 0.25255 -0.15922 0.02882
v 0.25255 -0.15922 0.03020
v 0.25118 -0.15784 0.03157
v 0.25255 -0.15784 0.03088
v 0.25255 -0.15784 0.05147
v 0.25118 -0.15510 0.00000
v 0.25255 -0.15647 0.00000
v 0.25255 -0.15510 -0.00069
v 0.25118 -0.15510 0.02059
v 0.25255 -0.15647 0.02059
v 0.25255 -0.15510 0.01990
v 0.25255 -0.15647 0.03157
v 0.25255 -0.15647 0.03294
v 0.25118 -0.15510 0.03431
v 0.25255 -0.15510 0.03363
v 0.25255 -0.15647 0.04804
v 0.25255 -0.15510 0.04735
v 0.25255 -0.15647 0.04941
v 0.25255 -0.15647 0.05078
v 0.25118 -0.15235 0.00000
v 0.25255 -0.15235 -0.00069
v 0.25255 -0.15373 0.01784
v 0.25255 -0.15235 0.01716
v 0.25255 -0.15373 0.01922
v 0.25255 -0.15373 0.03431
v 0.25255 -0.15373 0.03569
v 0.25118 -0.15235 0.03706
v 0.25255 -0.15235 0.03637
v 0.25255 -0.15373 0.04667
v 0.25255 -0.15235 0.04598
v 0.25255 -0.15098 0.00000
v 0.25255 -0.15098 0.00137
v 0.25255 -0.15098 0.00275
v 0.25255 -0.15098 0.00412
v 0.25255 -0.15098 0.00549
v 0.25255 -0.15098 0.00686
v 0.25255 -0.15098 0.00824
v 0.25255 -0.15098 0.00961
v 0.25255 -0.15098 0.01098
v 0.25255 -0.15098 0.01235
v 0.25255 -0.15098 0.01373
v 0.25255 -0.15098 0.01510
v 0.25255 -0.15098 0.01647
v 0.25255 -0.15098 0.03706
v 0.25255 -0.15098 0.03843
v 0.25118 -0.14961 0.03980
v 0.25255 -0.14961 0.03912
v 0.25255 -0.15098 0.04392
v 0.25255 -0.14961 0.04324
v 0.25255 -0.15098 0.04529
v 0.25255 -0.14824 0.03980
v 0.25255 -0.14824 0.04118
v 0.25255 -0.14824 0.04255
v 0.25529 -0.28000 0.00000
v 0.25529 -0.27863 -0.00069
v 0.25529 -0.28000 0.00137
v 0.25529 -0.28000 0.00275
v 0.25529 -0.28000 0.00412
v 0.25529 -0.28000 0.00549
v 0.25529 -0.28000 0.00686
v 0.25529 -0.28000 0.00824
v 0.25529 -0.28000 0.00961
v 0.25529 -0.28000 0.01098
v 0.25529 -0.28000 0.01235
v 0.25529 -0.28000 0.01373
v 0.25529 -0.28000 0.01510
v 0.25529 -0.28000 0.01647
v 0.25529 -0.28000 0.01784
v 0.25529 -0.28000 0.01922
v 0.25529 -0.28000 0.02059
v 0.25529 -0.28000 0.02196
v 0.25529 -0.28000 0.02333
v 0.25529 -0.28000 0.02471
v 0.25529 -0.28000 0.02608
v 0.25529 -0.28000 0.02745
v 0.25529 -0.28000 0.02882
v 0.25529 -0.28000 0.03020
v 0.25529 -0.28000 0.03157
v 0.25529 -0.28000 0.03294
v 0.25529 -0.28000 0.03431
v 0.25529 -0.28000 0.03569
v 0.25529 -0.28000 0.03706
v 0.25529 -0.28000 0.03843
v 0.25529 -0.28000 0.03980
v 0.25529 -0.28000 0.04118
v 0.25529 -0.28000 0.04255
v 0.25529 -0.28000 0.04392
v 0.25529 -0.28000 0.04529
v 0.25529 -0.28000 0.04667
v 0.25529 -0.28000 0.04804
v 0.25529 -0.28000 0.04941
v 0.25529 -0.28000 0.05078
v 0.25529 -0.28000 0.05216
v 0.25529 -0.27863 0.05284
v 0.25529 -0.27588 -0.00069
v 0.25529 -0.27725 0.05353
v 0.25529 -0.27725 0.05490
v 0.25529 -0.27725 0.05627
v 0.25529 -0.27588 0.05696
v 0.25529 -0.27314 -0.00069
v 0.25529 -0.27451 0.05765
v 0.25392 -0.27314 0.05902
v 0.25529 -0.27314 0.05833
v 0.25529 -0.27039 -0.00069
v 0.25529 -0.27176 0.05902
v 0.25392 -0.27039 0.06039
v 0.25529 -0.27039 0.05971
v 0.25529 -0.26765 -0.00069
v 0.25392 -0.26765 0.05902
v 0.25529 -0.26902 0.05902
v 0.25529 -0.26765 0.05833
v 0.25529 -0.26490 -0.00069
v 0.25529 -0.26490 0.05833
v 0.25529 -0.26216 -0.00069
v 0.25529 -0.26353 0.05765
v 0.25529 -0.26216 0.05696
v 0.25529 -0.25941 -0.00069
v 0.25392 -0.25941 0.05627
v 0.25529 -0.26078 0.05627
v 0.25529 -0.25941 0.05559
v 0.25529 -0.25667 -0.00069
v 0.25392 -0.25667 0.05490
v 0.25529 -0.25804 0.05490
v 0.25529 -0.25667 0.05422
v 0.25529 -0.25529 0.00000
v 0.25529 -0.25392 0.00069
v 0.25392 -0.25392 0.05216
v 0.25529 -0.25529 0.05216
v 0.25529 -0.25392 0.05147
v 0.25529 -0.25529 0.05353
v 0.25529 -0.25255 0.00137
v 0.25529 -0.25255 0.00275
v 0.25392 -0.25118 0.00412
v 0.25529 -0.25118 0.00343
v 0.25529 -0.25255 0.05078
v 0.25529 -0.25118 0.05010
v 0.25529 -0.24980 0.00412
v 0.25529 -0.24980 0.00549
v 0.25392 -0.24843 0.00686
v 0.25529 -0.24843 0.00618
v 0.25529 -0.24980 0.04804
v 0.25529 -0.24843 0.04735
v 0.25529 -0.24980 0.04941
v 0.25392 -0.24569 0.00686
v 0.25529 -0.24569 0.00618
v 0.25392 -0.24569 0.00824
v 0.25529 -0.24706 0.04255
v 0.25529 -0.24569 0.04186
v 0.25529 -0.24706 0.04392
v 0.25529 -0.24706 0.04529
v 0.25529 -0.24706 0.04667
v 0.25392 -0.24294 0.00686
v 0.25529 -0.24294 0.00618
v 0.25392 -0.24294 0.00824
v 0.25529 -0.24431 0.03431
v 0.25529 -0.24294 0.03363
v 0.25392 -0.24294 0.03569
v 0.25529 -0.24431 0.03569
v 0.25529 -0.24431 0.03706
v 0.25392 -0.24294 0.03843
v 0.25529 -0.24431 0.03843
v 0.25529 -0.24294 0.03912
v 0.25529 -0.24431 0.04255
v 0.25529 -0.24431 0.04392
v 0.25529 -0.24431 0.04529
v 0.25392 -0.24294 0.04667
v 0.25529 -0.24294 0.04598
v 0.25392 -0.24020 0.00549
v 0.25529 -0.24157 0.00549
v 0.25529 -0.24020 0.00480
v 0.25392 -0.24020 0.00686
v 0.25392 -0.24020 0.00824
v 0.25392 -0.24020 0.02059
v 0.25529 -0.24157 0.02196
v 0.25529 -0.24020 0.02127
v 0.25392 -0.24020 0.02333
v 0.25529 -0.24157 0.02333
v 0.25529 -0.24157 0.02471
v 0.25392 -0.24020 0.02608
v 0.25529 -0.24157 0.02608
v 0.25529 -0.24020 0.02676
v 0.25529 -0.24157 0.03431
v 0.25529 -0.24157 0.03569
v 0.25529 -0.24157 0.03706
v 0.25529 -0.24157 0.03843
v 0.25392 -0.24020 0.04667
v 0.25529 -0.24020 0.04598
v 0.25529 -0.23882 0.00549
v 0.25529 -0.23882 0.00686
v 0.25529 -0.23882 0.00824
v 0.25529 -0.23882 0.00961
v 0.25529 -0.23882 0.01098
v 0.25392 -0.23745 0.01235
v 0.25529 -0.23745 0.01167
v 0.25529 -0.23882 0.02196
v 0.25529 -0.23882 0.02333
v 0.25529 -0.23882 0.02471
v 0.25529 -0.23882 0.02608
v 0.25392 -0.23745 0.04667
v 0.25529 -0.23745 0.04598
v 0.25392 -0.23471 0.01235
v 0.25529 -0.23471 0.01167
v 0.25392 -0.23471 0.04667
v 0.25529 -0.23471 0.04598
v 0.25392 -0.23196 0.01235
v 0.25529 -0.23196 0.01167
v 0.25392 -0.23196 0.04667
v 0.25529 -0.23196 0.04598
v 0.25392 -0.22922 0.01098
v 0.25529 -0.23059 0.01098
v 0.25529 -0.22922 0.01029
v 0.25392 -0.22922 0.04667
v 0.25529 -0.22922 0.04598
v 0.25392 -0.22647 0.01098
v 0.25529 -0.22647 0.01029
v 0.25392 -0.22647 0.04667
v 0.25529 -0.22647 0.04598
v 0.25392 -0.22373 0.00961
v 0.25529 -0.22510 0.00961
v 0.25529 -0.22373 0.00892
v 0.25392 -0.22373 0.04667
v 0.25529 -0.22373 0.04598
v 0.25392 -0.22098 0.00961
v 0.25529 -0.22098 0.00892
v 0.25392 -0.22098 0.04667
v 0.25529 -0.22098 0.04598
v 0.25392 -0.21824 0.00961
v 0.25529 -0.21824 0.00892
v 0.25392 -0.21824 0.04667
v 0.25529 -0.21824 0.04598
v 0.25392 -0.21549 0.00824
v 0.25529 -0.21686 0.00824
v 0.25529 -0.21549 0.00755
v 0.25392 -0.21549 0.04667
v 0.25529 -0.21549 0.04598
v 0.25392 -0.21275 0.00824
v 0.25529 -0.21275 0.00755
v 0.25392 -0.21275 0.04667
v 0.25529 -0.21275 0.04598
v 0.25392 -0.21000 0.00824
v 0.25529 -0.21000 0.00755
v 0.25392 -0.21000 0.04667
v 0.25529 -0.21000 0.04598
v 0.25392 -0.20725 0.00824
v 0.25529 -0.20725 0.00755
v 0.25392 -0.20725 0.04667
v 0.25529 -0.20725 0.04598
v 0.25392 -0.20451 0.00686
v 0.25529 -0.20588 0.00686
v 0.25529 -0.20451 0.00618
v 0.25392 -0.20451 0.00824
v 0.25392 -0.20451 0.04667
v 0.25529 -0.20451 0.04598
v 0.25392 -0.20176 0.00686
v 0.25529 -0.20176 0.00618
v 0.25392 -0.20176 0.04667
v 0.25529 -0.20176 0.04598
v 0.25392 -0.19902 0.00686
v 0.25529 -0.19902 0.00618
v 0.25392 -0.19902 0.04667
v 0.25529 -0.19902 0.04598
v 0.25392 -0.19627 0.00686
v 0.25529 -0.19627 0.00618
v 0.25529 -0.19627 0.04598
v 0.25392 -0.19353 0.00549
v 0.25529 -0.19490 0.00549
v 0.25529 -0.19353 0.00480
v 0.25392 -0.19353 0.00686
v 0.25392 -0.19353 0.04529
v 0.25529 -0.19490 0.04529
v 0.25529 -0.19353 0.04461
v 0.25529 -0.19216 0.00549
v 0.25529 -0.19216 0.00686
v 0.25529 -0.19216 0.00824
v 0.25392 -0.19078 0.00961
v 0.25529 -0.19216 0.00961
v 0.25529 -0.19216 0.01098
v 0.25529 -0.19216 0.01235
v 0.25392 -0.19078 0.01373
v 0.25529 -0.19216 0.01373
v 0.25392 -0.19078 0.01510
v 0.25529 -0.19216 0.01510
v 0.25529 -0.19078 0.01578
v 0.25392 -0.19078 0.04529
v 0.25529 -0.19078 0.04461
v 0.25392 -0.18804 0.00961
v 0.25529 -0.18941 0.00961
v 0.25529 -0.18804 0.00892
v 0.25392 -0.18804 0.01098
v 0.25529 -0.18941 0.01098
v 0.25392 -0.18804 0.01235
v 0.25529 -0.18941 0.01235
v 0.25529 -0.18941 0.01373
v 0.25529 -0.18941 0.01510
v 0.25392 -0.18804 0.02333
v 0.25392 -0.18804 0.02471
v 0.25529 -0.18941 0.02471
v 0.25529 -0.18804 0.02402
v 0.25392 -0.18804 0.02608
v 0.25529 -0.18941 0.02608
v 0.25529 -0.18804 0.02676
v 0.25529 -0.18804 0.04461
v 0.25392 -0.18529 0.00961
v 0.25529 -0.18529 0.00892
v 0.25392 -0.18529 0.01098
v 0.25529 -0.18667 0.02471
v 0.25529 -0.18667 0.02608
v 0.25392 -0.18529 0.03020
v 0.25529 -0.18667 0.03157
v 0.25529 -0.18529 0.03088
v 0.25529 -0.18529 0.03225
v 0.25392 -0.18529 0.04392
v 0.25529 -0.18667 0.04392
v 0.25529 -0.18529 0.04324
v 0.25392 -0.18255 0.00824
v 0.25529 -0.18392 0.00824
v 0.25529 -0.18255 0.00755
v 0.25392 -0.18255 0.00961
v 0.25529 -0.18392 0.03157
v 0.25392 -0.18255 0.03843
v 0.25392 -0.18255 0.03980
v 0.25392 -0.18255 0.04118
v 0.25392 -0.18255 0.04255
v 0.25529 -0.18255 0.04324
v 0.25392 -0.17980 0.00824
v 0.25529 -0.17980 0.00755
v 0.25392 -0.17980 0.00961
v 0.25392 -0.17980 0.01235
v 0.25392 -0.17980 0.04118
v 0.25529 -0.18118 0.04118
v 0.25529 -0.17980 0.04049
v 0.25529 -0.17980 0.04186
v 0.25392 -0.17980 0.04392
v 0.25529 -0.17980 0.04324
v 0.25529 -0.17843 0.00549
v 0.25529 -0.17706 0.00480
v 0.25529 -0.17843 0.00686
v 0.25392 -0.17706 0.01784
v 0.25529 -0.17843 0.01784
v 0.25529 -0.17706 0.01716
v 0.25392 -0.17706 0.01922
v 0.25529 -0.17706 0.01853
v 0.25392 -0.17706 0.02059
v 0.25392 -0.17706 0.02471
v 0.25392 -0.17706 0.02608
v 0.25392 -0.17706 0.02745
v 0.25392 -0.17706 0.02882
v 0.25529 -0.17843 0.03569
v 0.25529 -0.17706 0.03500
v 0.25529 -0.17843 0.03706
v 0.25392 -0.17706 0.03843
v 0.25529 -0.17843 0.03843
v 0.25529 -0.17706 0.03912
v 0.25529 -0.17843 0.04118
v 0.25392 -0.17706 0.04392
v 0.25529 -0.17706 0.04324
v 0.25392 -0.17431 0.00412
v 0.25529 -0.17569 0.00412
v 0.25529 -0.17431 0.00343
v 0.25392 -0.17431 0.00549
v 0.25529 -0.17569 0.01784
v 0.25392 -0.17431 0.02059
v 0.25529 -0.17569 0.02059
v 0.25529 -0.17431 0.01990
v 0.25529 -0.17569 0.02196
v 0.25529 -0.17569 0.02333
v 0.25529 -0.17569 0.02471
v 0.25529 -0.17569 0.02608
v 0.25529 -0.17569 0.02745
v 0.25529 -0.17569 0.02882
v 0.25529 -0.17569 0.03020
v 0.25529 -0.17569 0.03157
v 0.25529 -0.17431 0.03225
v 0.25529 -0.17569 0.03569
v 0.25529 -0.17569 0.03706
v 0.25529 -0.17569 0.03843
v 0.25392 -0.17431 0.04392
v 0.25529 -0.17431 0.04324
v 0.25529 -0.17294 0.00412
v 0.25529 -0.17294 0.00549
v 0.25392 -0.17157 0.00686
v 0.25529 -0.17157 0.00618
v 0.25392 -0.17157 0.00824
v 0.25529 -0.17294 0.02059
v 0.25392 -0.17157 0.02196
v 0.25529 -0.17157 0.02127
v 0.25392 -0.17157 0.03020
v 0.25529 -0.17294 0.03020
v 0.25529 -0.17157 0.02951
v 0.25529 -0.17294 0.03157
v 0.25529 -0.17157 0.04324
v 0.25392 -0.16882 0.00275
v 0.25392 -0.16882 0.00412
v 0.25392 -0.16882 0.00549
v 0.25392 -0.16882 0.00686
v 0.25529 -0.17020 0.00686
v 0.25529 -0.16882 0.00755
v 0.25392 -0.16882 0.02196
v 0.25529 -0.16882 0.02127
v 0.25392 -0.16882 0.02882
v 0.25529 -0.17020 0.02882
v 0.25529 -0.16882 0.02814
v 0.25392 -0.16882 0.04255
v 0.25529 -0.17020 0.04255
v 0.25529 -0.16882 0.04186
v 0.25392 -0.16608 0.00137
v 0.25529 -0.16745 0.00137
v 0.25529 -0.16608 0.00069
v 0.25529 -0.16745 0.00275
v 0.25529 -0.16745 0.00412
v 0.25529 -0.16745 0.00549
v 0.25529 -0.16745 0.00686
v 0.25529 -0.16608 0.02127
v 0.25529 -0.16608 0.02814
v 0.25392 -0.16608 0.04255
v 0.25529 -0.16608 0.04186
v 0.25392 -0.16608 0.04392
v 0.25392 -0.16333 0.00137
v 0.25529 -0.16333 0.00069
v 0.25392 -0.16333 0.02059
v 0.25529 -0.16471 0.02059
v 0.25529 -0.16333 0.01990
v 0.25529 -0.16333 0.02814
v 0.25529 -0.16471 0.04255
v 0.25529 -0.16471 0.04392
v 0.25529 -0.16471 0.04529
v 0.25529 -0.16471 0.04667
v 0.25392 -0.16333 0.04804
v 0.25529 -0.16333 0.04735
v 0.25392 -0.16333 0.04941
v 0.25392 -0.16059 0.00137
v 0.25529 -0.16059 0.00069
v 0.25529 -0.16059 0.01990
v 0.25392 -0.16059 0.02745
v 0.25529 -0.16196 0.02745
v 0.25529 -0.16059 0.02676
v 0.25392 -0.16059 0.04804
v 0.25529 -0.16059 0.04735
v 0.25392 -0.16059 0.04941
v 0.25392 -0.16059 0.05078
v 0.25392 -0.15784 0.00000
v 0.25529 -0.15922 0.00000
v 0.25529 -0.15784 -0.00069
v 0.25392 -0.15784 0.02059
v 0.25529 -0.15784 0.01990
v 0.25529 -0.15922 0.02745
v 0.25392 -0.15784 0.02882
v 0.25529 -0.15784 0.02814
v 0.25392 -0.15784 0.03020
v 0.25392 -0.15784 0.04804
v 0.25529 -0.15784 0.04735
v 0.25392 -0.15784 0.04941
v 0.25392 -0.15784 0.05078
v 0.25529 -0.15510 -0.00069
v 0.25392 -0.15510 0.01922
v 0.25529 -0.15647 0.01922
v 0.25529 -0.15510 0.01853
v 0.25529 -0.15647 0.02882
v 0.25529 -0.15647 0.03020
v 0.25392 -0.15510 0.03157
v 0.25529 -0.15510 0.03088
v 0.25392 -0.15510 0.03294
v 0.25392 -0.15510 0.04804
v 0.25529 -0.15647 0.04804
v 0.25529 -0.15510 0.04873
v 0.25529 -0.15235 -0.00069
v 0.25529 -0.15373 0.01784
v 0.25529 -0.15235 0.01716
v 0.25529 -0.15373 0.03157
v 0.25529 -0.15373 0.03294
v 0.25392 -0.15235 0.03431
v 0.25529 -0.15235 0.03363
v 0.25392 -0.15235 0.03569
v 0.25529 -0.15373 0.04667
v 0.25529 -0.15235 0.04598
v 0.25529 -0.15373 0.04804
v 0.25529 -0.15098 0.00000
v 0.25529 -0.15098 0.00137
v 0.25529 -0.15098 0.00275
v 0.25529 -0.15098 0.00412
v 0.25529 -0.15098 0.00549
v 0.25529 -0.15098 0.00686
v 0.25529 -0.15098 0.00824
v 0.25529 -0.15098 0.00961
v 0.25529 -0.15098 0.01098
v 0.25529 -0.15098 0.01235
v 0.25529 -0.15098 0.01373
v 0.25529 -0.15098 0.01510
v 0.25529 -0.15098 0.01647
v 0.25529 -0.15098 0.03431
v 0.25529 -0.15098 0.03569
v 0.25392 -0.14961 0.03706
v 0.25529 -0.14961 0.03637
v 0.25392 -0.14961 0.03843
v 0.25529 -0.15098 0.04392
v 0.25529 -0.14961 0.04324
v 0.25529 -0.15098 0.04529
v 0.25529 -0.14824 0.03706
v 0.25529 -0.14824 0.03843
v 0.25392 -0.14686 0.03980
v 0.25529 -0.14686 0.03912
v 0.25529 -0.14824 0.04118
v 0.25529 -0.14686 0.04049
v 0.25529 -0.14824 0.04255
v 0.25529 -0.14549 0.03980
v 0.25804 -0.28000 0.00000
v 0.25804 -0.27863 -0.00069
v 0.25804 -0.28000 0.00137
v 0.25804 -0.28000 0.00275
v 0.25804 -0.28000 0.00412
v 0.25804 -0.28000 0.00549
v 0.25804 -0.28000 0.00686
v 0.25804 -0.28000 0.00824
v 0.25804 -0.28000 0.00961
v 0.25804 -0.28000 0.01098
v 0.25804 -0.28000 0.01235
v 0.25804 -0.28000 0.01373
v 0.25804 -0.28000 0.01510
v 0.25804 -0.28000 0.01647
v 0.25804 -0.28000 0.01784
v 0.25804 -0.28000 0.01922
v 0.25804 -0.28000 0.02059
v 0.25804 -0.28000 0.02196
v 0.25804 -0.28000 0.02333
v 0.25804 -0.28000 0.02471
v 0.25804 -0.28000 0.02608
v 0.25804 -0.28000 0.02745
v 0.25804 -0.28000 0.02882
v 0.25804 -0.28000 0.03020
v 0.25804 -0.28000 0.03157
v 0.25804 -0.28000 0.03294
v 0.25804 -0.28000 0.03431
v 0.25804 -0.28000 0.03569
v 0.25804 -0.28000 0.03706
v 0.25804 -0.28000 0.03843
v 0.25804 -0.28000 0.03980
v 0.25804 -0.28000 0.04118
v 0.25804 -0.28000 0.04255
v 0.25804 -0.28000 0.04392
v 0.25804 -0.28000 0.04529
v 0.25804 -0.28000 0.04667
v 0.25804 -0.28000 0.04804
v 0.25804 -0.28000 0.04941
v 0.25804 -0.28000 0.05078
v 0.25804 -0.28000 0.05216
v 0.25804 -0.27863 0.05284
v 0.25804 -0.27588 -0.00069
v 0.25804 -0.27725 0.05353
v 0.25804 -0.27725 0.05490
v 0.25804 -0.27725 0.05627
v 0.25804 -0.27588 0.05696
v 0.25804 -0.27314 -0.00069
v 0.25804 -0.27451 0.05765
v 0.25667 -0.27314 0.05902
v 0.25804 -0.27451 0.05902
v 0.25804 -0.27314 0.05971
v 0.25804 -0.27039 -0.00069
v 0.25667 -0.27039 0.05902
v 0.25804 -0.27176 0.05902
v 0.25804 -0.27039 0.05833
v 0.25804 -0.26765 -0.00069
v 0.25667 -0.26765 0.05765
v 0.25804 -0.26902 0.05765
v 0.25804 -0.26765 0.05696
v 0.25804 -0.26490 -0.00069
v 0.25667 -0.26490 0.05765
v 0.25804 -0.26490 0.05696
v 0.25804 -0.26216 -0.00069
v 0.25667 -0.26216 0.05627
v 0.25804 -0.26353 0.05627
v 0.25804 -0.26216 0.05559
v 0.25804 -0.25941 -0.00069
v 0.25804 -0.25941 0.05559
v 0.25804 -0.25667 -0.00069
v 0.25804 -0.25804 0.05490
v 0.25804 -0.25667 0.05422
v 0.25667 -0.25392 0.00000
v 0.25804 -0.25392 -0.00069
v 0.25804 -0.25529 0.05216
v 0.25804 -0.25392 0.05147
v 0.25804 -0.25529 0.05353
v 0.25804 -0.25255 0.00000
v 0.25804 -0.25255 0.00137
v 0.25667 -0.25118 0.00275
v 0.25804 -0.25118 0.00206
v 0.25667 -0.25118 0.04941
v 0.25804 -0.25255 0.04941
v 0.25804 -0.25118 0.04873
v 0.25804 -0.25255 0.05078
v 0.25667 -0.24843 0.00275
v 0.25804 -0.24843 0.00206
v 0.25667 -0.24843 0.00412
v 0.25667 -0.24843 0.00549
v 0.25667 -0.24843 0.04667
v 0.25804 -0.24980 0.04667
v 0.25804 -0.24843 0.04598
v 0.25804 -0.24980 0.04804
v 0.25667 -0.24569 0.00275
v 0.25804 -0.24569 0.00206
v 0.25667 -0.24569 0.00412
v 0.25667 -0.24569 0.00549
v 0.25667 -0.24569 0.04118
v 0.25804 -0.24706 0.04118
v 0.25804 -0.24569 0.04049
v 0.25804 -0.24706 0.04255
v 0.25804 -0.24706 0.04392
v 0.25804 -0.24706 0.04529
v 0.25667 -0.24294 0.00275
v 0.25804 -0.24294 0.00206
v 0.25667 -0.24294 0.00412
v 0.25667 -0.24294 0.00549
v 0.25804 -0.24431 0.03431
v 0.25804 -0.24294 0.03363
v 0.25804 -0.24431 0.03569
v 0.25804 -0.24431 0.03706
v 0.25804 -0.24431 0.03843
v 0.25804 -0.24294 0.03912
v 0.25804 -0.24431 0.04118
v 0.25804 -0.24431 0.04255
v 0.25804 -0.24431 0.04392
v 0.25667 -0.24294 0.04529
v 0.25804 -0.24294 0.04461
v 0.25667 -0.24020 0.00000
v 0.25804 -0.24157 0.00000
v 0.25804 -0.24020 -0.00069
v 0.25667 -0.24020 0.00137
v 0.25804 -0.24157 0.00137
v 0.25667 -0.24020 0.00275
v 0.25667 -0.24020 0.00412
v 0.25667 -0.24020 0.02196
v 0.25804 -0.24157 0.02333
v 0.25804 -0.24020 0.02265
v 0.25804 -0.24157 0.02471
v 0.25667 -0.24020 0.02608
v 0.25804 -0.24020 0.02539
v 0.25804 -0.24157 0.03431
v 0.25804 -0.24157 0.03569
v 0.25804 -0.24157 0.03706
v 0.25804 -0.24157 0.03843
v 0.25667 -0.24020 0.04529
v 0.25804 -0.24020 0.04461
v 0.25804 -0.23882 0.00000
v 0.25804 -0.23882 0.00137
v 0.25804 -0.23882 0.00275
v 0.25804 -0.23882 0.00412
v 0.25804 -0.23882 0.00549
v 0.25804 -0.23882 0.00686
v 0.25804 -0.23882 0.00824
v 0.25804 -0.23882 0.00961
v 0.25667 -0.23745 0.01098
v 0.25804 -0.23745 0.01029
v 0.25804 -0.23882 0.02333
v 0.25804 -0.23882 0.02471
v 0.25667 -0.23745 0.04529
v 0.25804 -0.23745 0.04461
v 0.25667 -0.23471 0.01098
v 0.25804 -0.23471 0.01029
v 0.25667 -0.23471 0.04529
v 0.25804 -0.23471 0.04461
v 0.25667 -0.23196 0.01098
v 0.25804 -0.23196 0.01029
v 0.25667 -0.23196 0.04529
v 0.25804 -0.23196 0.04461
v 0.25667 -0.22922 0.00961
v 0.25804 -0.23059 0.00961
v 0.25804 -0.22922 0.00892
v 0.25667 -0.22922 0.04529
v 0.25804 -0.22922 0.04461
v 0.25667 -0.22647 0.00961
v 0.25804 -0.22647 0.00892
v 0.25804 -0.22784 0.04529
v 0.25804 -0.22647 0.04598
v 0.25667 -0.22373 0.00824
v 0.25804 -0.22510 0.00824
v 0.25804 -0.22373 0.00755
v 0.25804 -0.22373 0.04598
v 0.25667 -0.22098 0.00824
v 0.25804 -0.22098 0.00755
v 0.25804 -0.22098 0.04598
v 0.25667 -0.21824 0.00686
v 0.25804 -0.21961 0.00686
v 0.25804 -0.21824 0.00618
v 0.25667 -0.21824 0.00824
v 0.25804 -0.21824 0.04598
v 0.25667 -0.21549 0.00686
v 0.25804 -0.21549 0.00618
v 0.25667 -0.21549 0.04529
v 0.25804 -0.21686 0.04529
v 0.25804 -0.21549 0.04461
v 0.25667 -0.21275 0.00686
v 0.25804 -0.21275 0.00618
v 0.25667 -0.21275 0.04529
v 0.25804 -0.21275 0.04461
v 0.25667 -0.21000 0.00686
v 0.25804 -0.21000 0.00618
v 0.25804 -0.21137 0.04529
v 0.25804 -0.21000 0.04598
v 0.25667 -0.20725 0.00686
v 0.25804 -0.20725 0.00618
v 0.25667 -0.20725 0.04529
v 0.25804 -0.20863 0.04529
v 0.25804 -0.20725 0.04461
v 0.25667 -0.20451 0.00549
v 0.25804 -0.20588 0.00549
v 0.25804 -0.20451 0.00480
v 0.25667 -0.20451 0.04529
v 0.25804 -0.20451 0.04461
v 0.25667 -0.20176 0.00549
v 0.25804 -0.20176 0.00480
v 0.25667 -0.20176 0.04529
v 0.25804 -0.20176 0.04461
v 0.25667 -0.19902 0.00549
v 0.25804 -0.19902 0.00480
v 0.25667 -0.19902 0.04529
v 0.25804 -0.19902 0.04461
v 0.25667 -0.19627 0.00549
v 0.25804 -0.19627 0.00480
v 0.25667 -0.19627 0.04529
v 0.25804 -0.19627 0.04461
v 0.25667 -0.19353 0.00549
v 0.25804 -0.19490 0.00549
v 0.25804 -0.19353 0.00618
v 0.25804 -0.19353 0.04461
v 0.25667 -0.19078 0.00686
v 0.25804 -0.19078 0.00618
v 0.25667 -0.19078 0.00824
v 0.25667 -0.19078 0.00961
v 0.25667 -0.19078 0.01098
v 0.25667 -0.19078 0.01235
v 0.25667 -0.19078 0.01373
v 0.25667 -0.19078 0.01510
v 0.25667 -0.19078 0.01647
v 0.25804 -0.19216 0.01647
v 0.25804 -0.19078 0.01578
v 0.25667 -0.19078 0.01784
v 0.25804 -0.19216 0.01784
v 0.25804 -0.19078 0.01853
v 0.25667 -0.19078 0.04392
v 0.25804 -0.19216 0.04392
v 0.25804 -0.19078 0.04324
v 0.25667 -0.18804 0.00549
v 0.25804 -0.18941 0.00549
v 0.25804 -0.18804 0.00480
v 0.25667 -0.18804 0.00686
v 0.25667 -0.18804 0.00824
v 0.25804 -0.18941 0.01647
v 0.25804 -0.18941 0.01784
v 0.25667 -0.18804 0.02333
v 0.25804 -0.18941 0.02333
v 0.25804 -0.18804 0.02265
v 0.25804 -0.18941 0.02471
v 0.25667 -0.18804 0.02608
v 0.25804 -0.18804 0.02539
v 0.25667 -0.18804 0.04255
v 0.25804 -0.18941 0.04255
v 0.25804 -0.18804 0.04186
v 0.25667 -0.18804 0.04392
v 0.25667 -0.18529 0.00412
v 0.25804 -0.18667 0.00412
v 0.25804 -0.18529 0.00343
v 0.25667 -0.18529 0.00549
v 0.25667 -0.18529 0.00686
v 0.25667 -0.18529 0.00824
v 0.25804 -0.18667 0.02333
v 0.25804 -0.18667 0.02471
v 0.25804 -0.18667 0.03157
v 0.25804 -0.18529 0.03088
v 0.25667 -0.18529 0.03294
v 0.25804 -0.18667 0.03294
v 0.25667 -0.18529 0.03431
v 0.25804 -0.18667 0.03431
v 0.25667 -0.18529 0.03569
v 0.25804 -0.18667 0.03569
v 0.25667 -0.18529 0.03706
v 0.25804 -0.18667 0.03706
v 0.25667 -0.18529 0.03843
v 0.25804 -0.18667 0.03843
v 0.25667 -0.18529 0.03980
v 0.25804 -0.18667 0.03980
v 0.25804 -0.18529 0.04049
v 0.25667 -0.18529 0.04255
v 0.25804 -0.18529 0.04186
v 0.25667 -0.18255 0.00412
v 0.25804 -0.18255 0.00343
v 0.25667 -0.18255 0.00549
v 0.25667 -0.18255 0.00686
v 0.25804 -0.18392 0.03157
v 0.25804 -0.18392 0.03294
v 0.25804 -0.18392 0.03431
v 0.25804 -0.18392 0.03569
v 0.25804 -0.18392 0.03706
v 0.25804 -0.18392 0.03843
v 0.25804 -0.18392 0.03980
v 0.25667 -0.18255 0.04255
v 0.25804 -0.18255 0.04186
v 0.25667 -0.17980 0.00412
v 0.25804 -0.17980 0.00343
v 0.25667 -0.17980 0.00549
v 0.25667 -0.17980 0.00686
v 0.25804 -0.18118 0.04118
v 0.25804 -0.17980 0.04049
v 0.25667 -0.17980 0.04255
v 0.25667 -0.17706 0.00275
v 0.25804 -0.17843 0.00275
v 0.25804 -0.17706 0.00206
v 0.25667 -0.17706 0.00412
v 0.25667 -0.17706 0.01784
v 0.25667 -0.17706 0.03569
v 0.25804 -0.17843 0.03706
v 0.25804 -0.17706 0.03637
v 0.25804 -0.17843 0.03843
v 0.25804 -0.17706 0.03912
v 0.25804 -0.17843 0.04118
v 0.25667 -0.17706 0.04255
v 0.25804 -0.17706 0.04186
v 0.25667 -0.17431 0.00275
v 0.25804 -0.17431 0.00206
v 0.25667 -0.17431 0.01922
v 0.25804 -0.17569 0.01922
v 0.25804 -0.17431 0.01853
v 0.25804 -0.17569 0.02059
v 0.25804 -0.17569 0.02196
v 0.25804 -0.17569 0.02333
v 0.25804 -0.17569 0.02471
v 0.25804 -0.17569 0.02608
v 0.25804 -0.17569 0.02745
v 0.25804 -0.17569 0.02882
v 0.25804 -0.17569 0.03020
v 0.25804 -0.17569 0.03157
v 0.25667 -0.17431 0.03294
v 0.25804 -0.17569 0.03294
v 0.25804 -0.17431 0.03363
v 0.25804 -0.17569 0.03706
v 0.25804 -0.17569 0.03843
v 0.25667 -0.17431 0.04255
v 0.25804 -0.17431 0.04186
v 0.25667 -0.17157 0.00275
v 0.25804 -0.17157 0.00206
v 0.25667 -0.17157 0.00412
v 0.25667 -0.17157 0.00549
v 0.25804 -0.17294 0.01922
v 0.25667 -0.17157 0.02059
v 0.25804 -0.17157 0.01990
v 0.25667 -0.17157 0.02882
v 0.25804 -0.17294 0.02882
v 0.25804 -0.17157 0.02814
v 0.25804 -0.17294 0.03020
v 0.25804 -0.17294 0.03157
v 0.25804 -0.17294 0.03294
v 0.25667 -0.17157 0.04255
v 0.25804 -0.17157 0.04186
v 0.25804 -0.17020 0.00275
v 0.25804 -0.17020 0.00412
v 0.25667 -0.16882 0.00549
v 0.25804 -0.16882 0.00480
v 0.25667 -0.16882 0.00686
v 0.25667 -0.16882 0.02059
v 0.25804 -0.16882 0.01990
v 0.25667 -0.16882 0.02745
v 0.25804 -0.17020 0.02745
v 0.25804 -0.16882 0.02676
v 0.25804 -0.16882 0.04186
v 0.25667 -0.16608 0.00000
v 0.25804 -0.16745 0.00000
v 0.25804 -0.16608 -0.00069
v 0.25804 -0.16745 0.00137
v 0.25804 -0.16745 0.00275
v 0.25804 -0.16745 0.00412
v 0.25667 -0.16608 0.02059
v 0.25804 -0.16608 0.01990
v 0.25667 -0.16608 0.02745
v 0.25804 -0.16608 0.02676
v 0.25667 -0.16608 0.04118
v 0.25804 -0.16745 0.04118
v 0.25804 -0.16608 0.04049
v 0.25667 -0.16333 0.00000
v 0.25804 -0.16333 -0.00069
v 0.25804 -0.16333 0.01990
v 0.25667 -0.16333 0.02608
v 0.25804 -0.16471 0.02608
v 0.25804 -0.16333 0.02539
v 0.25667 -0.16333 0.02745
v 0.25804 -0.16471 0.04118
v 0.25804 -0.16471 0.04255
v 0.25804 -0.16471 0.04392
v 0.25667 -0.16333 0.04529
v 0.25804 -0.16333 0.04461
v 0.25667 -0.16333 0.04667
v 0.25667 -0.16059 0.00000
v 0.25804 -0.16059 -0.00069
v 0.25667 -0.16059 0.01922
v 0.25804 -0.16196 0.01922
v 0.25804 -0.16059 0.01853
v 0.25667 -0.16059 0.02608
v 0.25804 -0.16059 0.02539
v 0.25667 -0.16059 0.04529
v 0.25804 -0.16059 0.04461
v 0.25667 -0.16059 0.04667
v 0.25804 -0.15784 -0.00069
v 0.25667 -0.15784 0.01922
v 0.25804 -0.15784 0.01853
v 0.25667 -0.15784 0.02608
v 0.25804 -0.15784 0.02539
v 0.25667 -0.15784 0.02745
v 0.25667 -0.15784 0.04529
v 0.25804 -0.15784 0.04461
v 0.25667 -0.15784 0.04667
v 0.25804 -0.15510 -0.00069
v 0.25804 -0.15510 0.01853
v 0.25804 -0.15647 0.02608
v 0.25804 -0.15647 0.02745
v 0.25804 -0.15647 0.02882
v 0.25667 -0.15510 0.03020
v 0.25804 -0.15510 0.02951
v 0.25804 -0.15647 0.04529
v 0.25804 -0.15647 0.04667
v 0.25667 -0.15510 0.04804
v 0.25804 -0.15510 0.04735
v 0.25804 -0.15235 -0.00069
v 0.25667 -0.15235 0.01647
v 0.25804 -0.15373 0.01647
v 0.25804 -0.15235 0.01578
v 0.25804 -0.15373 0.01784
v 0.25804 -0.15373 0.03020
v 0.25667 -0.15235 0.03157
v 0.25804 -0.15235 0.03088
v 0.25667 -0.15235 0.03294
v 0.25667 -0.15235 0.04529
v 0.25804 -0.15373 0.04529
v 0.25804 -0.15235 0.04461
v 0.25804 -0.15373 0.04667
v 0.25804 -0.15098 0.00000
v 0.25804 -0.15098 0.00137
v 0.25804 -0.15098 0.00275
v 0.25804 -0.15098 0.00412
v 0.25804 -0.15098 0.00549
v 0.25804 -0.15098 0.00686
v 0.25804 -0.15098 0.00824
v 0.25804 -0.15098 0.00961
v 0.25804 -0.15098 0.01098
v 0.25804 -0.15098 0.01235
v 0.25804 -0.15098 0.01373
v 0.25804 -0.15098 0.01510
v 0.25804 -0.15098 0.03157
v 0.25804 -0.15098 0.03294
v 0.25667 -0.14961 0.03431
v 0.25804 -0.14961 0.03363
v 0.25667 -0.14961 0.03569
v 0.25804 -0.15098 0.04392
v 0.25804 -0.14961 0.04324
v 0.25804 -0.14824 0.03431
v 0.25804 -0.14824 0.03569
v 0.25667 -0.14686 0.03706
v 0.25804 -0.14686 0.03637
v 0.25667 -0.14686 0.03843
v 0.25667 -0.14686 0.03980
v 0.25804 -0.14824 0.03980
v 0.25804 -0.14686 0.03912
v 0.25804 -0.14824 0.04118
v 0.25804 -0.14824 0.04255
v 0.25804 -0.14549 0.03706
v 0.25804 -0.14549 0.03843
v 0.26078 -0.28000 0.00000
v 0.26078 -0.27863 -0.00069
v 0.26078 -0.28000 0.00137
v 0.26078 -0.28000 0.00275
v 0.26078 -0.28000 0.00412
v 0.26078 -0.28000 0.00549
v 0.26078 -0.28000 0.00686
v 0.26078 -0.28000 0.00824
v 0.26078 -0.28000 0.00961
v 0.26078 -0.28000 0.01098
v 0.26078 -0.28000 0.01235
v 0.26078 -0.28000 0.01373
v 0.26078 -0.28000 0.01510
v 0.26078 -0.28000 0.01647
v 0.26078 -0.28000 0.01784
v 0.26078 -0.28000 0.01922
v 0.26078 -0.28000 0.02059
v 0.26078 -0.28000 0.02196
v 0.26078 -0.28000 0.02333
v 0.26078 -0.28000 0.02471
v 0.26078 -0.28000 0.02608
v 0.26078 -0.28000 0.02745
v 0.26078 -0.28000 0.02882
v 0.26078 -0.28000 0.03020
v 0.26078 -0.28000 0.03157
v 0.26078 -0.28000 0.03294
v 0.26078 -0.28000 0.03431
v 0.26078 -0.28000 0.03569
v 0.26078 -0.28000 0.03706
v 0.26078 -0.28000 0.03843
v 0.26078 -0.28000 0.03980
v 0.26078 -0.28000 0.04118
v 0.26078 -0.28000 0.04255
v 0.26078 -0.28000 0.04392
v 0.26078 -0.28000 0.04529
v 0.26078 -0.28000 0.04667
v 0.26078 -0.28000 0.04804
v 0.26078 -0.28000 0.04941
v 0.26078 -0.28000 0.05078
v 0.25941 -0.27863 0.05216
v 0.26078 -0.27863 0.05147
v 0.26078 -0.27588 -0.00069
v 0.26078 -0.27725 0.05216
v 0.26078 -0.27725 0.05353
v 0.26078 -0.27725 0.05490
v 0.26078 -0.27725 0.05627
v 0.26078 -0.27588 0.05696
v 0.26078 -0.27314 -0.00069
v 0.26078 -0.27451 0.05765
v 0.25941 -0.27314 0.05902
v 0.26078 -0.27314 0.05833
v 0.26078 -0.27039 -0.00069
v 0.25941 -0.27039 0.05765
v 0.26078 -0.27176 0.05765
v 0.26078 -0.27039 0.05696
v 0.26078 -0.26765 -0.00069
v 0.26078 -0.26765 0.05696
v 0.26078 -0.26490 -0.00069
v 0.25941 -0.26490 0.05627
v 0.26078 -0.26627 0.05627
v 0.26078 -0.26490 0.05559
v 0.26078 -0.26216 -0.00069
v 0.26078 -0.26216 0.05559
v 0.26078 -0.25941 -0.00069
v 0.25941 -0.25941 0.05490
v 0.26078 -0.26078 0.05490
v 0.26078 -0.25941 0.05422
v 0.26078 -0.25667 -0.00069
v 0.25941 -0.25667 0.05353
v 0.26078 -0.25804 0.05353
v 0.26078 -0.25667 0.05284
v 0.26078 -0.25392 -0.00069
v 0.25941 -0.25392 0.05078
v 0.26078 -0.25529 0.05078
v 0.26078 -0.25392 0.05010
v 0.26078 -0.25529 0.05216
v 0.25941 -0.25118 0.00000
v 0.26078 -0.25118 -0.00069
v 0.25941 -0.25118 0.00137
v 0.26078 -0.25255 0.04941
v 0.26078 -0.25118 0.04873
v 0.25941 -0.24843 0.00000
v 0.26078 -0.24843 -0.00069
v 0.25941 -0.24843 0.00137
v 0.26078 -0.24980 0.04667
v 0.26078 -0.24843 0.04598
v 0.26078 -0.24980 0.04804
v 0.25941 -0.24569 0.00000
v 0.26078 -0.24569 -0.00069
v 0.25941 -0.24569 0.00137
v 0.25941 -0.24569 0.04118
v 0.26078 -0.24706 0.04255
v 0.26078 -0.24569 0.04186
v 0.26078 -0.24706 0.04392
v 0.26078 -0.24706 0.04529
v 0.25941 -0.24294 0.00000
v 0.26078 -0.24294 -0.00069
v 0.25941 -0.24294 0.00137
v 0.25941 -0.24294 0.03431
v 0.26078 -0.24431 0.03569
v 0.26078 -0.24294 0.03500
v 0.26078 -0.24431 0.03706
v 0.26078 -0.24431 0.03843
v 0.26078 -0.24294 0.03912
v 0.26078 -0.24431 0.04255
v 0.25941 -0.24294 0.04392
v 0.26078 -0.24294 0.04324
v 0.26078 -0.24020 -0.00069
v 0.26078 -0.24157 0.02333
v 0.26078 -0.24020 0.02265
v 0.26078 -0.24157 0.02471
v 0.25941 -0.24020 0.02608
v 0.26078 -0.24157 0.02608
v 0.26078 -0.24020 0.02676
v 0.26078 -0.24157 0.03569
v 0.26078 -0.24157 0.03706
v 0.26078 -0.24157 0.03843
v 0.25941 -0.24020 0.04392
v 0.26078 -0.24020 0.04324
v 0.26078 -0.23882 0.00000
v 0.26078 -0.23882 0.00137
v 0.26078 -0.23882 0.00275
v 0.26078 -0.23882 0.00412
v 0.26078 -0.23882 0.00549
v 0.26078 -0.23882 0.00686
v 0.26078 -0.23882 0.00824
v 0.25941 -0.23745 0.00961
v 0.26078 -0.23745 0.00892
v 0.25941 -0.23745 0.01098
v 0.26078 -0.23882 0.01098
v 0.26078 -0.23745 0.01029
v 0.26078 -0.23745 0.01167
v 0.26078 -0.23882 0.02333
v 0.26078 -0.23882 0.02471
v 0.26078 -0.23882 0.02608
v 0.25941 -0.23745 0.04392
v 0.26078 -0.23745 0.04324
v 0.25941 -0.23471 0.00961
v 0.26078 -0.23471 0.00892
v 0.26078 -0.23608 0.01098
v 0.26078 -0.23608 0.04392
v 0.26078 -0.23471 0.04461
v 0.25941 -0.23196 0.00961
v 0.26078 -0.23196 0.00892
v 0.26078 -0.23196 0.04461
v 0.25941 -0.22922 0.00824
v 0.26078 -0.23059 0.00824
v 0.26078 -0.22922 0.00755
v 0.25941 -0.22922 0.04392
v 0.26078 -0.23059 0.04392
v 0.26078 -0.22922 0.04324
v 0.25941 -0.22647 0.00824
v 0.26078 -0.22647 0.00755
v 0.25941 -0.22647 0.04392
v 0.26078 -0.22647 0.04324
v 0.25941 -0.22647 0.04529
v 0.25941 -0.22373 0.00686
v 0.26078 -0.22510 0.00686
v 0.26078 -0.22373 0.00618
v 0.25941 -0.22373 0.04392
v 0.26078 -0.22373 0.04324
v 0.25941 -0.22373 0.04529
v 0.25941 -0.22098 0.00686
v 0.26078 -0.22098 0.00618
v 0.25941 -0.22098 0.04392
v 0.26078 -0.22098 0.04324
v 0.25941 -0.22098 0.04529
v 0.25941 -0.21824 0.00549
v 0.26078 -0.21961 0.00549
v 0.26078 -0.21824 0.00480
v 0.26078 -0.21961 0.04392
v 0.25941 -0.21824 0.04529
v 0.26078 -0.21824 0.04461
v 0.25941 -0.21549 0.00549
v 0.26078 -0.21549 0.00480
v 0.26078 -0.21549 0.04461
v 0.25941 -0.21275 0.00549
v 0.26078 -0.21275 0.00480
v 0.26078 -0.21275 0.04461
v 0.25941 -0.21000 0.00549
v 0.26078 -0.21000 0.00480
v 0.25941 -0.21000 0.04392
v 0.26078 -0.21137 0.04392
v 0.26078 -0.21000 0.04324
v 0.25941 -0.21000 0.04529
v 0.25941 -0.20725 0.00549
v 0.26078 -0.20725 0.00480
v 0.25941 -0.20725 0.04392
v 0.26078 -0.20725 0.04324
v 0.26078 -0.20451 0.00480
v 0.26078 -0.20588 0.04392
v 0.26078 -0.20451 0.04461
v 0.26078 -0.20176 0.00480
v 0.26078 -0.20176 0.04461
v 0.25941 -0.19902 0.00412
v 0.26078 -0.20039 0.00412
v 0.26078 -0.19902 0.00343
v 0.25941 -0.19902 0.04392
v 0.26078 -0.20039 0.04392
v 0.26078 -0.19902 0.04324
v 0.25941 -0.19627 0.00412
v 0.26078 -0.19627 0.00343
v 0.25941 -0.19627 0.04255
v 0.26078 -0.19765 0.04255
v 0.26078 -0.19627 0.04186
v 0.25941 -0.19627 0.04392
v 0.26078 -0.19490 0.00412
v 0.26078 -0.19490 0.00549
v 0.25941 -0.19353 0.00686
v 0.26078 -0.19490 0.00686
v 0.25941 -0.19353 0.00824
v 0.26078 -0.19490 0.00824
v 0.26078 -0.19353 0.00892
v 0.25941 -0.19353 0.04255
v 0.26078 -0.19353 0.04186
v 0.25941 -0.19353 0.04392
v 0.25941 -0.19078 0.00412
v 0.26078 -0.19216 0.00412
v 0.26078 -0.19078 0.00343
v 0.25941 -0.19078 0.00549
v 0.26078 -0.19216 0.00549
v 0.26078 -0.19216 0.00686
v 0.26078 -0.19216 0.00824
v 0.25941 -0.19078 0.01647
v 0.26078 -0.19216 0.01784
v 0.26078 -0.19078 0.01716
v 0.25941 -0.19078 0.01922
v 0.26078 -0.19216 0.01922
v 0.26078 -0.19078 0.01990
v 0.25941 -0.19078 0.04118
v 0.26078 -0.19216 0.04118
v 0.26078 -0.19078 0.04049
v 0.26078 -0.19216 0.04255
v 0.26078 -0.19078 0.04186
v 0.26078 -0.19078 0.04324
v 0.25941 -0.18804 0.00275
v 0.26078 -0.18941 0.00275
v 0.26078 -0.18804 0.00206
v 0.25941 -0.18804 0.00412
v 0.26078 -0.18941 0.01784
v 0.26078 -0.18941 0.01922
v 0.25941 -0.18804 0.02333
v 0.25941 -0.18804 0.02471
v 0.25941 -0.18804 0.03706
v 0.26078 -0.18941 0.03706
v 0.26078 -0.18804 0.03637
v 0.25941 -0.18804 0.03843
v 0.26078 -0.18941 0.03843
v 0.25941 -0.18804 0.03980
v 0.26078 -0.18941 0.03980
v 0.26078 -0.18941 0.04118
v 0.26078 -0.18804 0.04049
v 0.26078 -0.18941 0.04255
v 0.26078 -0.18804 0.04186
v 0.25941 -0.18529 0.00275
v 0.26078 -0.18529 0.00206
v 0.25941 -0.18529 0.03157
v 0.25941 -0.18529 0.03294
v 0.26078 -0.18667 0.03431
v 0.26078 -0.18529 0.03363
v 0.25941 -0.18529 0.03569
v 0.26078 -0.18529 0.03500
v 0.25941 -0.18529 0.03706
v 0.26078 -0.18667 0.03706
v 0.25941 -0.18529 0.03843
v 0.26078 -0.18667 0.03843
v 0.25941 -0.18529 0.03980
v 0.26078 -0.18667 0.03980
v 0.26078 -0.18529 0.04186
v 0.25941 -0.18255 0.00275
v 0.26078 -0.18255 0.00206
v 0.26078 -0.18392 0.03431
v 0.25941 -0.18255 0.04118
v 0.26078 -0.18392 0.04118
v 0.26078 -0.18255 0.04049
v 0.25941 -0.17980 0.00275
v 0.26078 -0.17980 0.00206
v 0.26078 -0.17980 0.04049
v 0.25941 -0.17706 0.00000
v 0.26078 -0.17843 0.00000
v 0.26078 -0.17706 -0.00069
v 0.25941 -0.17706 0.00137
v 0.26078 -0.17843 0.00137
v 0.26078 -0.17843 0.03706
v 0.26078 -0.17706 0.03637
v 0.25941 -0.17706 0.03843
v 0.26078 -0.17706 0.03775
v 0.25941 -0.17706 0.04118
v 0.26078 -0.17706 0.04049
v 0.25941 -0.17431 0.00000
v 0.26078 -0.17431 -0.00069
v 0.25941 -0.17431 0.00137
v 0.25941 -0.17431 0.01784
v 0.26078 -0.17569 0.01784
v 0.26078 -0.17431 0.01716
v 0.26078 -0.17569 0.01922
v 0.26078 -0.17569 0.02059
v 0.26078 -0.17569 0.02196
v 0.26078 -0.17569 0.02333
v 0.26078 -0.17569 0.02471
v 0.25941 -0.17431 0.02608
v 0.26078 -0.17431 0.02539
v 0.25941 -0.17431 0.02745
v 0.25941 -0.17431 0.02882
v 0.25941 -0.17431 0.03020
v 0.26078 -0.17569 0.03157
v 0.26078 -0.17431 0.03088
v 0.26078 -0.17569 0.03294
v 0.26078 -0.17431 0.03363
v 0.26078 -0.17569 0.03706
v 0.25941 -0.17431 0.04118
v 0.26078 -0.17431 0.04049
v 0.26078 -0.17294 0.00000
v 0.25941 -0.17157 0.00137
v 0.26078 -0.17157 0.00069
v 0.26078 -0.17294 0.01784
v 0.25941 -0.17157 0.01922
v 0.26078 -0.17157 0.01853
v 0.26078 -0.17294 0.02608
v 0.26078 -0.17294 0.02745
v 0.25941 -0.17157 0.02882
v 0.26078 -0.17294 0.02882
v 0.26078 -0.17157 0.02951
v 0.26078 -0.17294 0.03157
v 0.26078 -0.17294 0.03294
v 0.25941 -0.17157 0.04118
v 0.26078 -0.17157 0.04049
v 0.26078 -0.17020 0.00137
v 0.26078 -0.17020 0.00275
v 0.26078 -0.17020 0.00412
v 0.26078 -0.16882 0.00480
v 0.25941 -0.16882 0.01922
v 0.26078 -0.16882 0.01853
v 0.25941 -0.16882 0.02608
v 0.26078 -0.17020 0.02608
v 0.26078 -0.16882 0.02539
v 0.26078 -0.17020 0.02745
v 0.26078 -0.17020 0.02882
v 0.25941 -0.16882 0.04118
v 0.26078 -0.16882 0.04049
v 0.26078 -0.16745 0.00000
v 0.26078 -0.16608 -0.00069
v 0.26078 -0.16745 0.00137
v 0.26078 -0.16745 0.00275
v 0.26078 -0.16745 0.00412
v 0.25941 -0.16608 0.01922
v 0.26078 -0.16608 0.01853
v 0.25941 -0.16608 0.02608
v 0.26078 -0.16608 0.02539
v 0.25941 -0.16608 0.03980
v 0.26078 -0.16745 0.03980
v 0.26078 -0.16608 0.03912
v 0.26078 -0.16333 -0.00069
v 0.25941 -0.16333 0.01647
v 0.26078 -0.16471 0.01647
v 0.26078 -0.16333 0.01578
v 0.26078 -0.16333 0.01716
v 0.25941 -0.16333 0.01922
v 0.26078 -0.16333 0.01853
v 0.26078 -0.16333 0.02539
v 0.26078 -0.16471 0.03980
v 0.25941 -0.16333 0.04118
v 0.26078 -0.16333 0.04049
v 0.25941 -0.16333 0.04255
v 0.25941 -0.16333 0.04392
v 0.26078 -0.16059 -0.00069
v 0.26078 -0.16196 0.01647
v 0.25941 -0.16059 0.01784
v 0.26078 -0.16196 0.01784
v 0.26078 -0.16059 0.01716
v 0.26078 -0.16059 0.02539
v 0.26078 -0.16196 0.04118
v 0.25941 -0.16059 0.04255
v 0.26078 -0.16059 0.04186
v 0.25941 -0.16059 0.04392
v 0.26078 -0.15784 -0.00069
v 0.25941 -0.15784 0.01784
v 0.26078 -0.15784 0.01716
v 0.25941 -0.15784 0.02471
v 0.26078 -0.15922 0.02471
v 0.26078 -0.15784 0.02402
v 0.26078 -0.15922 0.04255
v 0.25941 -0.15784 0.04392
v 0.26078 -0.15784 0.04324
v 0.26078 -0.15510 -0.00069
v 0.25941 -0.15510 0.01784
v 0.26078 -0.15510 0.01716
v 0.26078 -0.15647 0.02471
v 0.25941 -0.15510 0.02608
v 0.26078 -0.15510 0.02539
v 0.25941 -0.15510 0.02745
v 0.25941 -0.15510 0.02882
v 0.26078 -0.15647 0.04392
v 0.25941 -0.15510 0.04529
v 0.26078 -0.15510 0.04461
v 0.25941 -0.15510 0.04667
v 0.26078 -0.15235 -0.00069
v 0.25941 -0.15235 0.01510
v 0.26078 -0.15373 0.01510
v 0.26078 -0.15235 0.01441
v 0.26078 -0.15373 0.01647
v 0.26078 -0.15373 0.02608
v 0.26078 -0.15373 0.02745
v 0.25941 -0.15235 0.02882
v 0.26078 -0.15235 0.02814
v 0.25941 -0.15235 0.03020
v 0.26078 -0.15235 0.04461
v 0.26078 -0.15098 0.00000
v 0.26078 -0.15098 0.00137
v 0.26078 -0.15098 0.00275
v 0.26078 -0.15098 0.00412
v 0.26078 -0.15098 0.00549
v 0.26078 -0.15098 0.00686
v 0.26078 -0.15098 0.00824
v 0.26078 -0.15098 0.00961
v 0.26078 -0.15098 0.01098
v 0.26078 -0.15098 0.01235
v 0.26078 -0.15098 0.01373
v 0.26078 -0.15098 0.02882
v 0.26078 -0.15098 0.03020
v 0.25941 -0.14961 0.03157
v 0.26078 -0.14961 0.03088
v 0.25941 -0.14961 0.03294
v 0.25941 -0.14961 0.04255
v 0.26078 -0.15098 0.04255
v 0.26078 -0.14961 0.04186
v 0.26078 -0.15098 0.04392
v 0.26078 -0.14824 0.03157
v 0.26078 -0.14824 0.03294
v 0.26078 -0.14824 0.03431
v 0.25941 -0.14686 0.03569
v 0.26078 -0.14686 0.03500
v 0.26078 -0.14824 0.03980
v 0.26078 -0.14686 0.03912
v 0.26078 -0.14824 0.04118
v 0.26078 -0.14549 0.03569
v 0.26078 -0.14549 0.03706
v 0.26078 -0.14549 0.03843
v 0.26353 -0.28000 0.00000
v 0.26353 -0.27863 -0.00069
v 0.26353 -0.28000 0.00137
v 0.26353 -0.28000 0.00275
v 0.26353 -0.28000 0.00412
v 0.26353 -0.28000 0.00549
v 0.26353 -0.28000 0.00686
v 0.26353 -0.28000 0.00824
v 0.26353 -0.28000 0.00961
v 0.26353 -0.28000 0.01098
v 0.26353 -0.28000 0.01235
v 0.26353 -0.28000 0.01373
v 0.26353 -0.28000 0.01510
v 0.26353 -0.28000 0.01647
v 0.26353 -0.28000 0.01784
v 0.26353 -0.28000 0.01922
v 0.26353 -0.28000 0.02059
v 0.26353 -0.28000 0.02196
v 0.26353 -0.28000 0.02333
v 0.26353 -0.28000 0.02471
v 0.26353 -0.28000 0.02608
v 0.26353 -0.28000 0.02745
v 0.26353 -0.28000 0.02882
v 0.26353 -0.28000 0.03020
v 0.26353 -0.28000 0.03157
v 0.26353 -0.28000 0.03294
v 0.26353 -0.28000 0.03431
v 0.26353 -0.28000 0.03569
v 0.26353 -0.28000 0.03706
v 0.26353 -0.28000 0.03843
v 0.26353 -0.28000 0.03980
v 0.26353 -0.28000 0.04118
v 0.26353 -0.28000 0.04255
v 0.26353 -0.28000 0.04392
v 0.26353 -0.28000 0.04529
v 0.26353 -0.28000 0.04667
v 0.26353 -0.28000 0.04804
v 0.26216 -0.27863 0.04941
v 0.26353 -0.27863 0.04873
v 0.26216 -0.27863 0.05078
v 0.26353 -0.27588 -0.00069
v 0.26353 -0.27725 0.04941
v 0.26353 -0.27725 0.05078
v 0.26353 -0.27725 0.05216
v 0.26353 -0.27725 0.05353
v 0.26353 -0.27725 0.05490
v 0.26353 -0.27725 0.05627
v 0.26353 -0.27588 0.05696
v 0.26353 -0.27314 -0.00069
v 0.26216 -0.27314 0.05765
v 0.26353 -0.27314 0.05696
v 0.26353 -0.27039 -0.00069
v 0.26353 -0.27039 0.05696
v 0.26353 -0.26765 -0.00069
v 0.26216 -0.26765 0.05627
v 0.26353 -0.26902 0.05627
v 0.26353 -0.26765 0.05559
v 0.26353 -0.26490 -0.00069
v 0.26216 -0.26490 0.05490
v 0.26353 -0.26627 0.05490
v 0.26353 -0.26490 0.05422
v 0.26353 -0.26216 -0.00069
v 0.26216 -0.26216 0.05490
v 0.26353 -0.26216 0.05422
v 0.26353 -0.25941 -0.00069
v 0.26216 -0.25941 0.05353
v 0.26353 -0.26078 0.05353
v 0.26353 -0.25941 0.05284
v 0.26353 -0.25667 -0.00069
v 0.26216 -0.25667 0.05216
v 0.26353 -0.25804 0.05216
v 0.26353 -0.25667 0.05147
v 0.26353 -0.25392 -0.00069
v 0.26216 -0.25392 0.04941
v 0.26353 -0.25529 0.04941
v 0.26353 -0.25392 0.04873
v 0.26353 -0.25529 0.05078
v 0.26353 -0.25118 -0.00069
v 0.26216 -0.25118 0.04804
v 0.26353 -0.25255 0.04804
v 0.26353 -0.25118 0.04735
v 0.26353 -0.24843 -0.00069
v 0.26216 -0.24843 0.04529
v 0.26353 -0.24980 0.04529
v 0.26353 -0.24843 0.04461
v 0.26353 -0.24980 0.04667
v 0.26353 -0.24569 -0.00069
v 0.26216 -0.24569 0.04118
v 0.26353 -0.24706 0.04118
v 0.26353 -0.24569 0.04049
v 0.26353 -0.24706 0.04255
v 0.26353 -0.24706 0.04392
v 0.26353 -0.24294 -0.00069
v 0.26353 -0.24431 0.03569
v 0.26353 -0.24294 0.03500
v 0.26353 -0.24431 0.03706
v 0.26216 -0.24294 0.03843
v 0.26353 -0.24294 0.03775
v 0.26216 -0.24294 0.03980
v 0.26353 -0.24431 0.03980
v 0.26353 -0.24294 0.03912
v 0.26216 -0.24294 0.04118
v 0.26216 -0.24294 0.04255
v 0.26353 -0.24020 -0.00069
v 0.26353 -0.24157 0.02333
v 0.26353 -0.24020 0.02265
v 0.26353 -0.24157 0.02471
v 0.26353 -0.24157 0.02608
v 0.26353 -0.24020 0.02676
v 0.26353 -0.24157 0.03569
v 0.26353 -0.24157 0.03706
v 0.26353 -0.24157 0.03980
v 0.26353 -0.24157 0.04118
v 0.26216 -0.24020 0.04255
v 0.26353 -0.24020 0.04186
v 0.26353 -0.23882 0.00000
v 0.26353 -0.23882 0.00137
v 0.26353 -0.23882 0.00275
v 0.26353 -0.23882 0.00412
v 0.26353 -0.23882 0.00549
v 0.26353 -0.23882 0.00686
v 0.26353 -0.23882 0.00824
v 0.26216 -0.23745 0.00961
v 0.26353 -0.23882 0.00961
v 0.26216 -0.23745 0.01098
v 0.26353 -0.23745 0.01029
v 0.26353 -0.23882 0.02333
v 0.26353 -0.23882 0.02471
v 0.26353 -0.23882 0.02608
v 0.26216 -0.23745 0.04255
v 0.26353 -0.23745 0.04186
v 0.26216 -0.23471 0.00824
v 0.26353 -0.23608 0.00824
v 0.26353 -0.23471 0.00755
v 0.26353 -0.23608 0.00961
v 0.26216 -0.23471 0.04255
v 0.26353 -0.23471 0.04186
v 0.26216 -0.23471 0.04392
v 0.26216 -0.23196 0.00824
v 0.26353 -0.23196 0.00755
v 0.26216 -0.23196 0.04255
v 0.26353 -0.23196 0.04186
v 0.26216 -0.23196 0.04392
v 0.26353 -0.22922 0.00755
v 0.26216 -0.22922 0.04255
v 0.26353 -0.22922 0.04186
v 0.26216 -0.22647 0.00686
v 0.26353 -0.22784 0.00686
v 0.26353 -0.22647 0.00618
v 0.26353 -0.22784 0.04255
v 0.26353 -0.22647 0.04324
v 0.26353 -0.22373 0.00618
v 0.26216 -0.22373 0.04255
v 0.26353 -0.22510 0.04255
v 0.26353 -0.22373 0.04186
v 0.26216 -0.22098 0.00549
v 0.26353 -0.22235 0.00549
v 0.26353 -0.22098 0.00480
v 0.26216 -0.22098 0.04255
v 0.26353 -0.22098 0.04186
v 0.26353 -0.21824 0.00480
v 0.26353 -0.21961 0.04255
v 0.26216 -0.21824 0.04392
v 0.26353 -0.21824 0.04324
v 0.26353 -0.21549 0.00480
v 0.26216 -0.21549 0.04392
v 0.26353 -0.21549 0.04324
v 0.26216 -0.21275 0.00412
v 0.26353 -0.21412 0.00412
v 0.26353 -0.21275 0.00343
v 0.26216 -0.21275 0.04392
v 0.26353 -0.21275 0.04324
v 0.26216 -0.21000 0.00412
v 0.26353 -0.21000 0.00343
v 0.26216 -0.21000 0.04118
v 0.26353 -0.21137 0.04118
v 0.26353 -0.21000 0.04049
v 0.26353 -0.21000 0.04186
v 0.26353 -0.21000 0.04324
v 0.26216 -0.20725 0.00412
v 0.26353 -0.20725 0.00343
v 0.26353 -0.20863 0.04118
v 0.26353 -0.20725 0.04324
v 0.26216 -0.20451 0.00412
v 0.26353 -0.20451 0.00343
v 0.26216 -0.20451 0.04392
v 0.26353 -0.20451 0.04324
v 0.26216 -0.20176 0.00412
v 0.26353 -0.20176 0.00343
v 0.26216 -0.20176 0.04392
v 0.26353 -0.20176 0.04324
v 0.26216 -0.19902 0.00275
v 0.26353 -0.20039 0.00275
v 0.26353 -0.19902 0.00206
v 0.26353 -0.19902 0.04324
v 0.26216 -0.19627 0.00275
v 0.26353 -0.19627 0.00206
v 0.26216 -0.19627 0.03980
v 0.26353 -0.19765 0.03980
v 0.26353 -0.19627 0.03912
v 0.26353 -0.19627 0.04049
v 0.26216 -0.19627 0.04255
v 0.26353 -0.19627 0.04324
v 0.26216 -0.19353 0.00275
v 0.26353 -0.19353 0.00206
v 0.26216 -0.19353 0.00412
v 0.26216 -0.19353 0.00549
v 0.26216 -0.19353 0.00686
v 0.26216 -0.19353 0.00824
v 0.26216 -0.19353 0.00961
v 0.26353 -0.19490 0.00961
v 0.26353 -0.19353 0.00892
v 0.26216 -0.19353 0.01098
v 0.26353 -0.19490 0.01098
v 0.26353 -0.19353 0.01167
v 0.26216 -0.19353 0.03843
v 0.26353 -0.19490 0.03843
v 0.26353 -0.19353 0.03775
v 0.26216 -0.19353 0.03980
v 0.26353 -0.19353 0.04049
v 0.26353 -0.19490 0.04255
v 0.26353 -0.19353 0.04186
v 0.26216 -0.19078 0.00137
v 0.26353 -0.19216 0.00137
v 0.26353 -0.19078 0.00069
v 0.26216 -0.19078 0.00275
v 0.26353 -0.19216 0.00961
v 0.26353 -0.19216 0.01098
v 0.26353 -0.19216 0.01784
v 0.26353 -0.19078 0.01716
v 0.26216 -0.19078 0.01922
v 0.26353 -0.19078 0.01853
v 0.26216 -0.19078 0.03569
v 0.26353 -0.19216 0.03569
v 0.26353 -0.19078 0.03500
v 0.26216 -0.19078 0.03706
v 0.26353 -0.19216 0.03706
v 0.26216 -0.19078 0.03843
v 0.26353 -0.19216 0.03980
v 0.26353 -0.19078 0.03912
v 0.26216 -0.19078 0.04118
v 0.26216 -0.19078 0.04255
v 0.26353 -0.19078 0.04186
v 0.26216 -0.18804 0.00137
v 0.26353 -0.18804 0.00069
v 0.26353 -0.18941 0.01784
v 0.26216 -0.18804 0.02608
v 0.26353 -0.18941 0.02608
v 0.26353 -0.18804 0.02539
v 0.26216 -0.18804 0.02745
v 0.26353 -0.18941 0.02745
v 0.26216 -0.18804 0.02882
v 0.26353 -0.18941 0.02882
v 0.26216 -0.18804 0.03020
v 0.26353 -0.18941 0.03020
v 0.26216 -0.18804 0.03157
v 0.26353 -0.18941 0.03157
v 0.26216 -0.18804 0.03294
v 0.26353 -0.18941 0.03294
v 0.26353 -0.18804 0.03363
v 0.26353 -0.18941 0.03569
v 0.26216 -0.18804 0.03706
v 0.26353 -0.18941 0.03706
v 0.26216 -0.18804 0.03843
v 0.26353 -0.18941 0.03843
v 0.26216 -0.18804 0.03980
v 0.26216 -0.18804 0.04118
v 0.26353 -0.18941 0.04118
v 0.26353 -0.18804 0.04049
v 0.26216 -0.18529 0.00137
v 0.26353 -0.18529 0.00069
v 0.26353 -0.18667 0.02608
v 0.26353 -0.18667 0.02745
v 0.26353 -0.18667 0.02882
v 0.26353 -0.18667 0.03020
v 0.26353 -0.18667 0.03157
v 0.26353 -0.18667 0.03294
v 0.26216 -0.18529 0.03431
v 0.26216 -0.18529 0.04118
v 0.26353 -0.18529 0.04049
v 0.26216 -0.18255 0.00137
v 0.26353 -0.18255 0.00069
v 0.26353 -0.18255 0.04049
v 0.26216 -0.17980 0.00137
v 0.26353 -0.17980 0.00069
v 0.26216 -0.17980 0.03980
v 0.26353 -0.18118 0.03980
v 0.26353 -0.17980 0.03912
v 0.26353 -0.17843 0.00000
v 0.26353 -0.17706 -0.00069
v 0.26216 -0.17706 0.03706
v 0.26216 -0.17706 0.03980
v 0.26353 -0.17706 0.03912
v 0.26353 -0.17431 -0.00069
v 0.26216 -0.17431 0.01784
v 0.26216 -0.17431 0.01922
v 0.26216 -0.17431 0.02059
v 0.26216 -0.17431 0.02196
v 0.26216 -0.17431 0.02333
v 0.26216 -0.17431 0.02471
v 0.26353 -0.17569 0.03157
v 0.26353 -0.17431 0.03088
v 0.26353 -0.17569 0.03294
v 0.26353 -0.17431 0.03363
v 0.26216 -0.17431 0.03980
v 0.26353 -0.17431 0.03912
v 0.26216 -0.17157 0.00000
v 0.26353 -0.17157 -0.00069
v 0.26216 -0.17157 0.01784
v 0.26353 -0.17294 0.01784
v 0.26353 -0.17157 0.01716
v 0.26353 -0.17294 0.01922
v 0.26353 -0.17294 0.02059
v 0.26353 -0.17294 0.02196
v 0.26353 -0.17294 0.02333
v 0.26353 -0.17294 0.02471
v 0.26353 -0.17294 0.02608
v 0.26353 -0.17294 0.02745
v 0.26216 -0.17157 0.02882
v 0.26353 -0.17157 0.02814
v 0.26353 -0.17294 0.03157
v 0.26353 -0.17294 0.03294
v 0.26353 -0.17294 0.03980
v 0.26353 -0.17157 0.04049
v 0.26353 -0.17020 0.00000
v 0.26353 -0.17020 0.00137
v 0.26353 -0.17020 0.00275
v 0.26216 -0.16882 0.00412
v 0.26353 -0.16882 0.00343
v 0.26216 -0.16882 0.01784
v 0.26353 -0.16882 0.01716
v 0.26353 -0.17020 0.02608
v 0.26353 -0.16882 0.02539
v 0.26353 -0.17020 0.02745
v 0.26216 -0.16882 0.03980
v 0.26353 -0.17020 0.03980
v 0.26353 -0.16882 0.03912
v 0.26353 -0.16745 0.00000
v 0.26353 -0.16608 -0.00069
v 0.26216 -0.16608 0.00137
v 0.26353 -0.16608 0.00069
v 0.26216 -0.16608 0.00275
v 0.26353 -0.16608 0.00343
v 0.26216 -0.16608 0.01784
v 0.26353 -0.16608 0.01716
v 0.26216 -0.16608 0.02471
v 0.26353 -0.16745 0.02471
v 0.26353 -0.16608 0.02402
v 0.26353 -0.16608 0.03912
v 0.26353 -0.16333 -0.00069
v 0.26353 -0.16471 0.00137
v 0.26353 -0.16471 0.00275
v 0.26353 -0.16471 0.01647
v 0.26353 -0.16333 0.01578
v 0.26216 -0.16333 0.01784
v 0.26216 -0.16333 0.02471
v 0.26353 -0.16333 0.02402
v 0.26216 -0.16333 0.03980
v 0.26353 -0.16333 0.03912
v 0.26353 -0.16059 -0.00069
v 0.26216 -0.16059 0.01647
v 0.26353 -0.16059 0.01578
v 0.26216 -0.16059 0.02471
v 0.26353 -0.16059 0.02402
v 0.26216 -0.16059 0.03980
v 0.26353 -0.16059 0.03912
v 0.26216 -0.16059 0.04118
v 0.26353 -0.15784 -0.00069
v 0.26216 -0.15784 0.01647
v 0.26353 -0.15784 0.01578
v 0.26353 -0.15784 0.02402
v 0.26353 -0.15922 0.03980
v 0.26216 -0.15784 0.04118
v 0.26353 -0.15784 0.04049
v 0.26216 -0.15784 0.04255
v 0.26353 -0.15510 -0.00069
v 0.26216 -0.15510 0.01647
v 0.26353 -0.15510 0.01578
v 0.26216 -0.15510 0.02471
v 0.26353 -0.15510 0.02402
v 0.26353 -0.15647 0.04118
v 0.26216 -0.15510 0.04255
v 0.26353 -0.15510 0.04186
v 0.26216 -0.15510 0.04392
v 0.26353 -0.15235 -0.00069
v 0.26353 -0.15373 0.01510
v 0.26353 -0.15235 0.01441
v 0.26353 -0.15373 0.02471
v 0.26353 -0.15373 0.02608
v 0.26216 -0.15235 0.02745
v 0.26353 -0.15235 0.02676
v 0.26353 -0.15373 0.04255
v 0.26216 -0.15235 0.04392
v 0.26353 -0.15235 0.04324
v 0.26353 -0.15098 0.00000
v 0.26353 -0.15098 0.00137
v 0.26353 -0.15098 0.00275
v 0.26353 -0.15098 0.00412
v 0.26353 -0.15098 0.00549
v 0.26353 -0.15098 0.00686
v 0.26353 -0.15098 0.00824
v 0.26353 -0.15098 0.00961
v 0.26353 -0.15098 0.01098
v 0.26353 -0.15098 0.01235
v 0.26353 -0.15098 0.01373
v 0.26353 -0.15098 0.02745
v 0.26353 -0.15098 0.02882
v 0.26216 -0.14961 0.03020
v 0.26353 -0.14961 0.02951
v 0.26353 -0.15098 0.04255
v 0.26353 -0.14961 0.04186
v 0.26353 -0.14824 0.03020
v 0.26353 -0.14824 0.03157
v 0.26353 -0.14824 0.03294
v 0.26353 -0.14824 0.03431
v 0.26216 -0.14686 0.03569
v 0.26353 -0.14824 0.03569
v 0.26216 -0.14686 0.03706
v 0.26353 -0.14824 0.03706
v 0.26353 -0.14686 0.03775
v 0.26353 -0.14824 0.03980
v 0.26353 -0.14686 0.03912
v 0.26353 -0.14824 0.04118
v 0.26353 -0.14549 0.03843
v 0.26627 -0.28000 0.00000
v 0.26627 -0.27863 -0.00069
v 0.26627 -0.28000 0.00137
v 0.26627 -0.28000 0.00275
v 0.26627 -0.28000 0.00412
v 0.26627 -0.28000 0.00549
v 0.26627 -0.28000 0.00686
v 0.26627 -0.28000 0.00824
v 0.26627 -0.28000 0.00961
v 0.26627 -0.28000 0.01098
v 0.26627 -0.28000 0.01235
v 0.26627 -0.28000 0.01373
v 0.26627 -0.28000 0.01510
v 0.26627 -0.28000 0.01647
v 0.26627 -0.28000 0.01784
v 0.26627 -0.28000 0.01922
v 0.26627 -0.28000 0.02059
v 0.26627 -0.28000 0.02196
v 0.26627 -0.28000 0.02333
v 0.26627 -0.28000 0.02471
v 0.26627 -0.28000 0.02608
v 0.26627 -0.28000 0.02745
v 0.26627 -0.28000 0.02882
v 0.26627 -0.28000 0.03020
v 0.26627 -0.28000 0.03157
v 0.26627 -0.28000 0.03294
v 0.26627 -0.28000 0.03431
v 0.26627 -0.28000 0.03569
v 0.26627 -0.28000 0.03706
v 0.26627 -0.28000 0.03843
v 0.26627 -0.28000 0.03980
v 0.26627 -0.28000 0.04118
v 0.26627 -0.28000 0.04255
v 0.26627 -0.28000 0.04392
v 0.26627 -0.28000 0.04529
v 0.26490 -0.27863 0.04667
v 0.26627 -0.27863 0.04598
v 0.26627 -0.28000 0.04804
v 0.26627 -0.27863 0.04735
v 0.26627 -0.27863 0.04873
v 0.26627 -0.27588 -0.00069
v 0.26627 -0.27725 0.04667
v 0.26627 -0.27725 0.04941
v 0.26627 -0.27725 0.05078
v 0.26627 -0.27725 0.05216
v 0.26627 -0.27725 0.05353
v 0.26627 -0.27725 0.05490
v 0.26490 -0.27588 0.05627
v 0.26627 -0.27588 0.05559
v 0.26627 -0.27314 -0.00069
v 0.26490 -0.27314 0.05627
v 0.26627 -0.27314 0.05559
v 0.26627 -0.27039 -0.00069
v 0.26490 -0.27039 0.05627
v 0.26627 -0.27039 0.05559
v 0.26627 -0.26765 -0.00069
v 0.26490 -0.26765 0.05490
v 0.26627 -0.26902 0.05490
v 0.26627 -0.26765 0.05422
v 0.26627 -0.26490 -0.00069
v 0.26627 -0.26490 0.05422
v 0.26627 -0.26216 -0.00069
v 0.26490 -0.26216 0.05353
v 0.26627 -0.26353 0.05353
v 0.26627 -0.26216 0.05284
v 0.26627 -0.25941 -0.00069
v 0.26490 -0.25941 0.05216
v 0.26627 -0.26078 0.05216
v 0.26627 -0.25941 0.05147
v 0.26627 -0.25667 -0.00069
v 0.26490 -0.25667 0.05078
v 0.26627 -0.25804 0.05078
v 0.26627 -0.25667 0.05010
v 0.26627 -0.25392 -0.00069
v 0.26627 -0.25529 0.04941
v 0.26627 -0.25392 0.04873
v 0.26627 -0.25118 -0.00069
v 0.26627 -0.25255 0.04804
v 0.26627 -0.25118 0.04735
v 0.26627 -0.24843 -0.00069
v 0.26627 -0.24980 0.04529
v 0.26627 -0.24843 0.04461
v 0.26627 -0.24980 0.04667
v 0.26627 -0.24569 -0.00069
v 0.26627 -0.24706 0.04118
v 0.26627 -0.24569 0.04049
v 0.26627 -0.24706 0.04255
v 0.26627 -0.24706 0.04392
v 0.26627 -0.24294 -0.00069
v 0.26627 -0.24431 0.03569
v 0.26627 -0.24294 0.03500
v 0.26627 -0.24431 0.03706
v 0.26490 -0.24294 0.03843
v 0.26627 -0.24431 0.03843
v 0.26627 -0.24431 0.03980
v 0.26627 -0.24020 -0.00069
v 0.26490 -0.24020 0.02333
v 0.26627 -0.24157 0.02471
v 0.26627 -0.24020 0.02402
v 0.26627 -0.24157 0.02608
v 0.26490 -0.24020 0.02745
v 0.26627 -0.24157 0.02745
v 0.26627 -0.24020 0.02814
v 0.26627 -0.24157 0.03569
v 0.26627 -0.24157 0.03706
v 0.26627 -0.24157 0.03843
v 0.26627 -0.24157 0.03980
v 0.26490 -0.24020 0.04118
v 0.26627 -0.24020 0.04049
v 0.26627 -0.23882 0.00000
v 0.26627 -0.23882 0.00137
v 0.26627 -0.23882 0.00275
v 0.26627 -0.23882 0.00412
v 0.26627 -0.23882 0.00549
v 0.26490 -0.23745 0.00686
v 0.26627 -0.23745 0.00618
v 0.26490 -0.23745 0.00824
v 0.26627 -0.23882 0.00961
v 0.26627 -0.23745 0.00892
v 0.26627 -0.23745 0.01029
v 0.26490 -0.23745 0.01235
v 0.26627 -0.23882 0.01235
v 0.26627 -0.23745 0.01167
v 0.26627 -0.23745 0.01304
v 0.26627 -0.23882 0.02471
v 0.26627 -0.23882 0.02608
v 0.26627 -0.23882 0.02745
v 0.26490 -0.23745 0.04118
v 0.26627 -0.23745 0.04049
v 0.26490 -0.23471 0.00686
v 0.26627 -0.23471 0.00618
v 0.26627 -0.23608 0.00961
v 0.26627 -0.23608 0.01235
v 0.26627 -0.23608 0.04118
v 0.26627 -0.23471 0.04186
v 0.26490 -0.23196 0.00686
v 0.26627 -0.23196 0.00618
v 0.26627 -0.23196 0.04186
v 0.26490 -0.22922 0.00686
v 0.26627 -0.22922 0.00618
v 0.26627 -0.22922 0.04186
v 0.26490 -0.22647 0.00549
v 0.26627 -0.22784 0.00549
v 0.26627 -0.22647 0.00480
v 0.26490 -0.22647 0.03980
v 0.26627 -0.22784 0.03980
v 0.26627 -0.22647 0.03912
v 0.26490 -0.22647 0.04118
v 0.26627 -0.22784 0.04118
v 0.26490 -0.22647 0.04255
v 0.26490 -0.22373 0.00549
v 0.26627 -0.22373 0.00480
v 0.26490 -0.22373 0.03980
v 0.26627 -0.22373 0.03912
v 0.26627 -0.22510 0.04118
v 0.26627 -0.22373 0.04049
v 0.26627 -0.22373 0.04186
v 0.26490 -0.22098 0.00412
v 0.26627 -0.22235 0.00412
v 0.26627 -0.22098 0.00343
v 0.26627 -0.22235 0.03980
v 0.26627 -0.22098 0.04186
v 0.26490 -0.21824 0.00412
v 0.26627 -0.21824 0.00343
v 0.26490 -0.21824 0.04255
v 0.26627 -0.21824 0.04186
v 0.26490 -0.21549 0.00412
v 0.26627 -0.21549 0.00343
v 0.26490 -0.21549 0.04255
v 0.26627 -0.21549 0.04186
v 0.26490 -0.21275 0.00275
v 0.26627 -0.21412 0.00275
v 0.26627 -0.21275 0.00206
v 0.26490 -0.21275 0.04255
v 0.26627 -0.21275 0.04186
v 0.26490 -0.21000 0.00275
v 0.26627 -0.21000 0.00206
v 0.26490 -0.21000 0.04118
v 0.26490 -0.21000 0.04255
v 0.26627 -0.21000 0.04186
v 0.26490 -0.20725 0.00275
v 0.26627 -0.20725 0.00206
v 0.26490 -0.20725 0.04255
v 0.26627 -0.20725 0.04186
v 0.26490 -0.20451 0.00275
v 0.26627 -0.20451 0.00206
v 0.26490 -0.20451 0.04255
v 0.26627 -0.20451 0.04186
v 0.26490 -0.20176 0.00275
v 0.26627 -0.20176 0.00206
v 0.26490 -0.20176 0.03706
v 0.26627 -0.20314 0.03706
v 0.26627 -0.20176 0.03637
v 0.26627 -0.20176 0.03775
v 0.26490 -0.20176 0.04255
v 0.26627 -0.20176 0.04186
v 0.26490 -0.19902 0.00137
v 0.26627 -0.20039 0.00137
v 0.26627 -0.19902 0.00069
v 0.26490 -0.19902 0.03569
v 0.26627 -0.20039 0.03569
v 0.26627 -0.19902 0.03500
v 0.26627 -0.20039 0.03706
v 0.26627 -0.19902 0.03637
v 0.26490 -0.19902 0.04255
v 0.26627 -0.19902 0.04186
v 0.26627 -0.19765 0.00137
v 0.26490 -0.19627 0.00275
v 0.26627 -0.19765 0.00275
v 0.26627 -0.19627 0.00343
v 0.26490 -0.19627 0.03569
v 0.26627 -0.19627 0.03500
v 0.26627 -0.19627 0.03637
v 0.26490 -0.19627 0.03980
v 0.26490 -0.19627 0.04255
v 0.26627 -0.19627 0.04186
v 0.26490 -0.19353 0.00137
v 0.26627 -0.19490 0.00137
v 0.26627 -0.19353 0.00069
v 0.26627 -0.19490 0.00275
v 0.26490 -0.19353 0.00961
v 0.26490 -0.19353 0.01098
v 0.26490 -0.19353 0.01235
v 0.26627 -0.19490 0.01235
v 0.26627 -0.19353 0.01167
v 0.26627 -0.19353 0.01304
v 0.26627 -0.19490 0.03569
v 0.26490 -0.19353 0.03843
v 0.26490 -0.19353 0.03980
v 0.26490 -0.19353 0.04118
v 0.26627 -0.19490 0.04118
v 0.26627 -0.19353 0.04049
v 0.26490 -0.19078 0.00000
v 0.26627 -0.19216 0.00000
v 0.26627 -0.19078 -0.00069
v 0.26627 -0.19216 0.01235
v 0.26490 -0.19078 0.01784
v 0.26490 -0.19078 0.01922
v 0.26627 -0.19216 0.01922
v 0.26627 -0.19078 0.01853
v 0.26627 -0.19078 0.01990
v 0.26490 -0.19078 0.03157
v 0.26627 -0.19216 0.03157
v 0.26627 -0.19078 0.03088
v 0.26490 -0.19078 0.03294
v 0.26627 -0.19216 0.03294
v 0.26490 -0.19078 0.03431
v 0.26627 -0.19216 0.03431
v 0.26490 -0.19078 0.03569
v 0.26627 -0.19078 0.03500
v 0.26490 -0.19078 0.03706
v 0.26490 -0.19078 0.03843
v 0.26490 -0.19078 0.04118
v 0.26627 -0.19078 0.04049
v 0.26490 -0.18804 0.00000
v 0.26627 -0.18804 -0.00069
v 0.26627 -0.18941 0.01922
v 0.26490 -0.18804 0.02608
v 0.26490 -0.18804 0.02745
v 0.26490 -0.18804 0.02882
v 0.26490 -0.18804 0.03020
v 0.26490 -0.18804 0.03157
v 0.26627 -0.18941 0.03157
v 0.26490 -0.18804 0.03294
v 0.26627 -0.18941 0.03294
v 0.26627 -0.18941 0.03431
v 0.26627 -0.18804 0.04049
v 0.26627 -0.18667 0.00000
v 0.26627 -0.18529 0.00069
v 0.26490 -0.18529 0.03980
v 0.26627 -0.18667 0.03980
v 0.26627 -0.18529 0.03912
v 0.26627 -0.18255 0.00069
v 0.26490 -0.18255 0.03980
v 0.26627 -0.18255 0.03912
v 0.26490 -0.17980 0.00000
v 0.26627 -0.18118 0.00000
v 0.26627 -0.17980 -0.00069
v 0.26490 -0.17980 0.03843
v 0.26627 -0.18118 0.03843
v 0.26627 -0.17980 0.03775
v 0.26627 -0.17706 -0.00069
v 0.26490 -0.17706 0.03706
v 0.26627 -0.17843 0.03706
v 0.26627 -0.17706 0.03637
v 0.26490 -0.17706 0.03843
v 0.26627 -0.17431 -0.00069
v 0.26627 -0.17569 0.03157
v 0.26627 -0.17431 0.03088
v 0.26627 -0.17569 0.03294
v 0.26490 -0.17431 0.03431
v 0.26627 -0.17569 0.03431
v 0.26627 -0.17431 0.03500
v 0.26627 -0.17569 0.03706
v 0.26490 -0.17431 0.03843
v 0.26627 -0.17431 0.03775
v 0.26627 -0.17157 -0.00069
v 0.26490 -0.17157 0.01647
v 0.26627 -0.17294 0.01647
v 0.26627 -0.17157 0.01578
v 0.26627 -0.17294 0.01784
v 0.26627 -0.17294 0.01922
v 0.26627 -0.17294 0.02059
v 0.26627 -0.17294 0.02196
v 0.26627 -0.17294 0.02333
v 0.26627 -0.17294 0.02471
v 0.26490 -0.17157 0.02608
v 0.26627 -0.17157 0.02539
v 0.26627 -0.17294 0.02745
v 0.26627 -0.17157 0.02676
v 0.26627 -0.17157 0.02814
v 0.26627 -0.17294 0.03157
v 0.26627 -0.17294 0.03294
v 0.26627 -0.17294 0.03431
v 0.26490 -0.17157 0.03706
v 0.26627 -0.17294 0.03706
v 0.26627 -0.17157 0.03637
v 0.26490 -0.17157 0.03843
v 0.26490 -0.17157 0.03980
v 0.26627 -0.17020 0.00000
v 0.26490 -0.16882 0.00137
v 0.26627 -0.16882 0.00069
v 0.26490 -0.16882 0.00275
v 0.26490 -0.16882 0.01647
v 0.26627 -0.16882 0.01578
v 0.26627 -0.16882 0.02539
v 0.26627 -0.17020 0.02745
v 0.26490 -0.16882 0.03569
v 0.26627 -0.17020 0.03569
v 0.26627 -0.16882 0.03500
v 0.26490 -0.16882 0.03706
v 0.26490 -0.16882 0.03843
v 0.26490 -0.16608 0.00000
v 0.26627 -0.16745 0.00137
v 0.26627 -0.16745 0.00275
v 0.26490 -0.16608 0.00412
v 0.26627 -0.16745 0.00412
v 0.26490 -0.16608 0.00549
v 0.26627 -0.16745 0.00549
v 0.26490 -0.16608 0.00686
v 0.26627 -0.16745 0.00686
v 0.26490 -0.16608 0.00824
v 0.26627 -0.16745 0.00824
v 0.26490 -0.16608 0.00961
v 0.26627 -0.16745 0.00961
v 0.26627 -0.16608 0.01029
v 0.26490 -0.16608 0.01647
v 0.26627 -0.16608 0.01578
v 0.26627 -0.16745 0.02471
v 0.26627 -0.16608 0.02402
v 0.26490 -0.16608 0.03569
v 0.26627 -0.16608 0.03500
v 0.26490 -0.16608 0.03706
v 0.26490 -0.16608 0.03843
v 0.26627 -0.16471 0.00000
v 0.26627 -0.16333 -0.00069
v 0.26627 -0.16471 0.00137
v 0.26627 -0.16471 0.00275
v 0.26627 -0.16471 0.00412
v 0.26627 -0.16471 0.00549
v 0.26627 -0.16471 0.00686
v 0.26627 -0.16471 0.00824
v 0.26627 -0.16471 0.00961
v 0.26490 -0.16333 0.01373
v 0.26627 -0.16471 0.01373
v 0.26627 -0.16333 0.01304
v 0.26627 -0.16333 0.01441
v 0.26627 -0.16333 0.01578
v 0.26490 -0.16333 0.02333
v 0.26627 -0.16471 0.02333
v 0.26627 -0.16333 0.02265
v 0.26490 -0.16333 0.03569
v 0.26627 -0.16333 0.03500
v 0.26490 -0.16333 0.03706
v 0.26490 -0.16333 0.03843
v 0.26627 -0.16059 -0.00069
v 0.26627 -0.16196 0.01373
v 0.26490 -0.16059 0.01510
v 0.26627 -0.16196 0.01510
v 0.26627 -0.16059 0.01441
v 0.26490 -0.16059 0.02333
v 0.26627 -0.16059 0.02265
v 0.26627 -0.16196 0.03569
v 0.26490 -0.16059 0.03706
v 0.26627 -0.16059 0.03637
v 0.26490 -0.16059 0.03843
v 0.26627 -0.15784 -0.00069
v 0.26490 -0.15784 0.01510
v 0.26627 -0.15784 0.01441
v 0.26490 -0.15784 0.02333
v 0.26627 -0.15784 0.02265
v 0.26627 -0.15922 0.03706
v 0.26490 -0.15784 0.03843
v 0.26627 -0.15784 0.03775
v 0.26490 -0.15784 0.03980
v 0.26627 -0.15510 -0.00069
v 0.26490 -0.15510 0.01510
v 0.26627 -0.15510 0.01441
v 0.26490 -0.15510 0.02333
v 0.26627 -0.15510 0.02265
v 0.26627 -0.15647 0.03843
v 0.26627 -0.15647 0.03980
v 0.26490 -0.15510 0.04118
v 0.26627 -0.15510 0.04049
v 0.26627 -0.15235 -0.00069
v 0.26490 -0.15235 0.01373
v 0.26627 -0.15373 0.01373
v 0.26627 -0.15235 0.01304
v 0.26627 -0.15373 0.02333
v 0.26490 -0.15235 0.02471
v 0.26627 -0.15235 0.02402
v 0.26490 -0.15235 0.02608
v 0.26627 -0.15373 0.04118
v 0.26490 -0.15235 0.04255
v 0.26627 -0.15235 0.04186
v 0.26627 -0.15098 0.00000
v 0.26627 -0.15098 0.00137
v 0.26627 -0.15098 0.00275
v 0.26627 -0.15098 0.00412
v 0.26490 -0.14961 0.00549
v 0.26627 -0.14961 0.00480
v 0.26490 -0.14961 0.00686
v 0.26627 -0.15098 0.00824
v 0.26627 -0.14961 0.00755
v 0.26627 -0.15098 0.00961
v 0.26627 -0.15098 0.01098
v 0.26627 -0.15098 0.01235
v 0.26627 -0.15098 0.02471
v 0.26627 -0.15098 0.02608
v 0.26627 -0.15098 0.02745
v 0.26490 -0.14961 0.02882
v 0.26627 -0.14961 0.02814
v 0.26627 -0.14961 0.04186
v 0.26627 -0.14824 0.00549
v 0.26627 -0.14824 0.00686
v 0.26627 -0.14824 0.02882
v 0.26627 -0.14824 0.03020
v 0.26627 -0.14824 0.03157
v 0.26627 -0.14824 0.03294
v 0.26627 -0.14824 0.03431
v 0.26627 -0.14824 0.03569
v 0.26490 -0.14686 0.03706
v 0.26627 -0.14686 0.03637
v 0.26490 -0.14686 0.03980
v 0.26627 -0.14824 0.04118
v 0.26627 -0.14686 0.04049
v 0.26627 -0.14549 0.03706
v 0.26627 -0.14549 0.03843
v 0.26627 -0.14549 0.03980
v 0.26902 -0.28000 0.00000
v 0.26902 -0.27863 -0.00069
v 0.26902 -0.28000 0.00137
v 0.26902 -0.28000 0.00275
v 0.26902 -0.28000 0.00412
v 0.26902 -0.28000 0.00549
v 0.26902 -0.28000 0.00686
v 0.26902 -0.28000 0.00824
v 0.26902 -0.28000 0.00961
v 0.26902 -0.28000 0.01098
v 0.26902 -0.28000 0.01235
v 0.26902 -0.28000 0.01373
v 0.26902 -0.28000 0.01510
v 0.26902 -0.28000 0.01647
v 0.26902 -0.28000 0.01784
v 0.26902 -0.28000 0.01922
v 0.26902 -0.28000 0.02059
v 0.26902 -0.28000 0.02196
v 0.26902 -0.28000 0.02333
v 0.26902 -0.28000 0.02471
v 0.26902 -0.28000 0.02608
v 0.26902 -0.28000 0.02745
v 0.26902 -0.28000 0.02882
v 0.26902 -0.28000 0.03020
v 0.26902 -0.28000 0.03157
v 0.26902 -0.28000 0.03294
v 0.26902 -0.28000 0.03431
v 0.26902 -0.28000 0.03569
v 0.26902 -0.28000 0.03706
v 0.26902 -0.28000 0.03843
v 0.26902 -0.28000 0.03980
v 0.26902 -0.28000 0.04118
v 0.26902 -0.28000 0.04255
v 0.26902 -0.28000 0.04392
v 0.26902 -0.28000 0.04529
v 0.26902 -0.27863 0.04598
v 0.26902 -0.28000 0.04804
v 0.26902 -0.27863 0.04735
v 0.26765 -0.27863 0.04941
v 0.26902 -0.28000 0.04941
v 0.26902 -0.27863 0.05010
v 0.26902 -0.27588 -0.00069
v 0.26902 -0.27725 0.04667
v 0.26902 -0.27725 0.05078
v 0.26902 -0.27725 0.05216
v 0.26902 -0.27725 0.05353
v 0.26902 -0.27725 0.05490
v 0.26902 -0.27588 0.05559
v 0.26902 -0.27314 -0.00069
v 0.26902 -0.27314 0.05559
v 0.26902 -0.27039 -0.00069
v 0.26765 -0.27039 0.05490
v 0.26902 -0.27176 0.05490
v 0.26902 -0.27039 0.05422
v 0.26902 -0.26765 -0.00069
v 0.26765 -0.26765 0.05353
v 0.26902 -0.26902 0.05353
v 0.26902 -0.26765 0.05284
v 0.26902 -0.26490 -0.00069
v 0.26765 -0.26490 0.05353
v 0.26902 -0.26490 0.05284
v 0.26902 -0.26216 -0.00069
v 0.26902 -0.26216 0.05284
v 0.26902 -0.25941 -0.00069
v 0.26902 -0.26078 0.05216
v 0.26902 -0.25941 0.05147
v 0.26902 -0.25667 -0.00069
v 0.26902 -0.25804 0.05078
v 0.26902 -0.25667 0.05010
v 0.26902 -0.25392 -0.00069
v 0.26765 -0.25392 0.04804
v 0.26902 -0.25529 0.04804
v 0.26902 -0.25392 0.04735
v 0.26902 -0.25529 0.04941
v 0.26902 -0.25118 -0.00069
v 0.26765 -0.25118 0.04667
v 0.26902 -0.25255 0.04667
v 0.26902 -0.25118 0.04598
v 0.26902 -0.24843 -0.00069
v 0.26765 -0.24843 0.04392
v 0.26902 -0.24980 0.04392
v 0.26902 -0.24843 0.04324
v 0.26902 -0.24980 0.04529
v 0.26902 -0.24569 -0.00069
v 0.26902 -0.24706 0.04118
v 0.26902 -0.24569 0.04049
v 0.26902 -0.24706 0.04255
v 0.26902 -0.24294 -0.00069
v 0.26765 -0.24294 0.03431
v 0.26902 -0.24431 0.03431
v 0.26902 -0.24294 0.03363
v 0.26902 -0.24431 0.03569
v 0.26902 -0.24431 0.03706
v 0.26902 -0.24431 0.03843
v 0.26902 -0.24431 0.03980
v 0.26902 -0.24020 -0.00069
v 0.26902 -0.24157 0.02471
v 0.26902 -0.24020 0.02402
v 0.26902 -0.24157 0.02608
v 0.26902 -0.24157 0.02745
v 0.26902 -0.24020 0.02814
v 0.26902 -0.24157 0.03431
v 0.26902 -0.24157 0.03569
v 0.26902 -0.24157 0.03706
v 0.26902 -0.24157 0.03843
v 0.26902 -0.24157 0.03980
v 0.26902 -0.24020 0.04049
v 0.26902 -0.23882 0.00000
v 0.26902 -0.23882 0.00137
v 0.26765 -0.23745 0.00275
v 0.26902 -0.23745 0.00206
v 0.26765 -0.23745 0.00412
v 0.26765 -0.23745 0.00549
v 0.26765 -0.23745 0.00961
v 0.26765 -0.23745 0.01235
v 0.26765 -0.23745 0.01373
v 0.26902 -0.23882 0.01373
v 0.26902 -0.23745 0.01304
v 0.26902 -0.23745 0.01441
v 0.26902 -0.23882 0.02471
v 0.26902 -0.23882 0.02608
v 0.26902 -0.23882 0.02745
v 0.26902 -0.23745 0.04049
v 0.26902 -0.23608 0.00275
v 0.26902 -0.23608 0.00412
v 0.26765 -0.23471 0.00549
v 0.26902 -0.23471 0.00480
v 0.26902 -0.23608 0.01373
v 0.26765 -0.23471 0.04118
v 0.26902 -0.23471 0.04049
v 0.26765 -0.23196 0.00549
v 0.26902 -0.23196 0.00480
v 0.26765 -0.23196 0.03980
v 0.26902 -0.23333 0.03980
v 0.26902 -0.23196 0.03912
v 0.26765 -0.23196 0.04118
v 0.26765 -0.22922 0.00549
v 0.26902 -0.22922 0.00480
v 0.26765 -0.22922 0.03843
v 0.26902 -0.23059 0.03843
v 0.26902 -0.22922 0.03775
v 0.26765 -0.22922 0.03980
v 0.26765 -0.22922 0.04118
v 0.26765 -0.22647 0.00412
v 0.26902 -0.22784 0.00412
v 0.26902 -0.22647 0.00343
v 0.26765 -0.22647 0.03706
v 0.26902 -0.22784 0.03706
v 0.26902 -0.22647 0.03637
v 0.26765 -0.22647 0.03843
v 0.26765 -0.22647 0.03980
v 0.26902 -0.22784 0.03980
v 0.26902 -0.22647 0.03912
v 0.26902 -0.22647 0.04049
v 0.26765 -0.22373 0.00412
v 0.26902 -0.22373 0.00343
v 0.26765 -0.22373 0.03706
v 0.26902 -0.22373 0.03637
v 0.26902 -0.22510 0.03843
v 0.26902 -0.22373 0.03775
v 0.26765 -0.22373 0.03980
v 0.26765 -0.22373 0.04118
v 0.26902 -0.22373 0.04049
v 0.26765 -0.22098 0.00275
v 0.26902 -0.22235 0.00275
v 0.26902 -0.22098 0.00206
v 0.26902 -0.22235 0.03706
v 0.26765 -0.22098 0.04118
v 0.26902 -0.22098 0.04049
v 0.26765 -0.21824 0.00275
v 0.26902 -0.21824 0.00206
v 0.26765 -0.21824 0.04118
v 0.26902 -0.21824 0.04049
v 0.26765 -0.21549 0.00275
v 0.26902 -0.21549 0.00206
v 0.26765 -0.21549 0.04118
v 0.26902 -0.21549 0.04049
v 0.26765 -0.21275 0.00137
v 0.26902 -0.21412 0.00137
v 0.26902 -0.21275 0.00069
v 0.26765 -0.21275 0.03569
v 0.26902 -0.21412 0.03569
v 0.26902 -0.21275 0.03500
v 0.26902 -0.21275 0.03637
v 0.26765 -0.21275 0.04118
v 0.26902 -0.21275 0.04049
v 0.26765 -0.21000 0.00137
v 0.26902 -0.21000 0.00069
v 0.26902 -0.21137 0.03569
v 0.26765 -0.21000 0.04118
v 0.26902 -0.21000 0.04049
v 0.26765 -0.20725 0.00137
v 0.26902 -0.20725 0.00069
v 0.26765 -0.20725 0.04118
v 0.26902 -0.20725 0.04049
v 0.26765 -0.20451 0.00137
v 0.26902 -0.20451 0.00069
v 0.26765 -0.20451 0.04118
v 0.26902 -0.20451 0.04049
v 0.26765 -0.20176 0.00000
v 0.26902 -0.20314 0.00000
v 0.26902 -0.20176 -0.00069
v 0.26765 -0.20176 0.00137
v 0.26765 -0.20176 0.03431
v 0.26902 -0.20314 0.03431
v 0.26902 -0.20176 0.03363
v 0.26902 -0.20176 0.03500
v 0.26765 -0.20176 0.03706
v 0.26765 -0.20176 0.04118
v 0.26902 -0.20176 0.04049
v 0.26765 -0.19902 0.00000
v 0.26902 -0.19902 -0.00069
v 0.26765 -0.19902 0.03294
v 0.26902 -0.20039 0.03294
v 0.26902 -0.19902 0.03225
v 0.26902 -0.20039 0.03431
v 0.26902 -0.19902 0.03363
v 0.26765 -0.19902 0.03569
v 0.26765 -0.19902 0.04118
v 0.26902 -0.19902 0.04049
v 0.26765 -0.19627 0.00000
v 0.26902 -0.19627 -0.00069
v 0.26765 -0.19627 0.00137
v 0.26902 -0.19765 0.00275
v 0.26902 -0.19627 0.00206
v 0.26765 -0.19627 0.00412
v 0.26902 -0.19765 0.00412
v 0.26765 -0.19627 0.00549
v 0.26902 -0.19765 0.00549
v 0.26902 -0.19627 0.00618
v 0.26765 -0.19627 0.03157
v 0.26902 -0.19765 0.03157
v 0.26902 -0.19627 0.03088
v 0.26765 -0.19627 0.03294
v 0.26902 -0.19627 0.03363
v 0.26765 -0.19627 0.03569
v 0.26765 -0.19627 0.04118
v 0.26902 -0.19627 0.04049
v 0.26765 -0.19353 0.00000
v 0.26902 -0.19353 -0.00069
v 0.26902 -0.19490 0.00275
v 0.26902 -0.19490 0.00412
v 0.26902 -0.19490 0.00549
v 0.26765 -0.19353 0.01098
v 0.26902 -0.19490 0.01098
v 0.26902 -0.19353 0.01029
v 0.26902 -0.19490 0.01235
v 0.26902 -0.19353 0.01304
v 0.26765 -0.19353 0.03020
v 0.26902 -0.19490 0.03020
v 0.26902 -0.19353 0.02951
v 0.26765 -0.19353 0.03157
v 0.26902 -0.19490 0.03294
v 0.26902 -0.19353 0.03225
v 0.26902 -0.19353 0.04049
v 0.26902 -0.19078 -0.00069
v 0.26902 -0.19216 0.01098
v 0.26902 -0.19216 0.01235
v 0.26902 -0.19216 0.01922
v 0.26902 -0.19078 0.01853
v 0.26765 -0.19078 0.02059
v 0.26902 -0.19216 0.02059
v 0.26765 -0.19078 0.02196
v 0.26902 -0.19216 0.02196
v 0.26765 -0.19078 0.02333
v 0.26902 -0.19216 0.02333
v 0.26765 -0.19078 0.02471
v 0.26902 -0.19216 0.02471
v 0.26765 -0.19078 0.02608
v 0.26902 -0.19216 0.02608
v 0.26765 -0.19078 0.02745
v 0.26902 -0.19216 0.02745
v 0.26902 -0.19078 0.02814
v 0.26902 -0.19216 0.03020
v 0.26765 -0.19078 0.03157
v 0.26902 -0.19216 0.03157
v 0.26765 -0.19078 0.03294
v 0.26765 -0.19078 0.03431
v 0.26765 -0.19078 0.03980
v 0.26902 -0.19216 0.03980
v 0.26902 -0.19078 0.03912
v 0.26902 -0.18804 -0.00069
v 0.26902 -0.18941 0.01922
v 0.26902 -0.18941 0.02059
v 0.26902 -0.18941 0.02196
v 0.26902 -0.18941 0.02333
v 0.26902 -0.18941 0.02471
v 0.26902 -0.18941 0.02608
v 0.26902 -0.18941 0.02745
v 0.26765 -0.18804 0.03980
v 0.26902 -0.18804 0.03912
v 0.26902 -0.18667 0.00000
v 0.26765 -0.18529 0.00137
v 0.26902 -0.18667 0.00137
v 0.26765 -0.18529 0.00275
v 0.26902 -0.18667 0.00275
v 0.26765 -0.18529 0.00412
v 0.26902 -0.18667 0.00412
v 0.26902 -0.18529 0.00480
v 0.26902 -0.18529 0.03912
v 0.26765 -0.18255 0.00137
v 0.26765 -0.18255 0.00275
v 0.26765 -0.18255 0.00412
v 0.26765 -0.18255 0.00549
v 0.26902 -0.18392 0.00549
v 0.26902 -0.18255 0.00618
v 0.26765 -0.18255 0.03843
v 0.26902 -0.18392 0.03843
v 0.26902 -0.18255 0.03775
v 0.26765 -0.17980 0.00000
v 0.26765 -0.17980 0.00137
v 0.26765 -0.17980 0.00275
v 0.26765 -0.17980 0.00412
v 0.26765 -0.17980 0.00549
v 0.26765 -0.17980 0.00686
v 0.26902 -0.18118 0.00686
v 0.26765 -0.17980 0.00824
v 0.26902 -0.18118 0.00824
v 0.26765 -0.17980 0.00961
v 0.26902 -0.18118 0.00961
v 0.26902 -0.17980 0.01029
v 0.26765 -0.17980 0.03706
v 0.26902 -0.18118 0.03706
v 0.26902 -0.17980 0.03637
v 0.26902 -0.17843 0.00000
v 0.26902 -0.17706 -0.00069
v 0.26902 -0.17843 0.00137
v 0.26902 -0.17843 0.00275
v 0.26902 -0.17843 0.00412
v 0.26902 -0.17843 0.00549
v 0.26902 -0.17843 0.00686
v 0.26902 -0.17843 0.00824
v 0.26765 -0.17706 0.00961
v 0.26902 -0.17706 0.00892
v 0.26765 -0.17706 0.01098
v 0.26902 -0.17843 0.01098
v 0.26765 -0.17706 0.01235
v 0.26902 -0.17843 0.01235
v 0.26765 -0.17706 0.01373
v 0.26902 -0.17843 0.01373
v 0.26765 -0.17706 0.01510
v 0.26902 -0.17843 0.01510
v 0.26902 -0.17706 0.01578
v 0.26765 -0.17706 0.03569
v 0.26902 -0.17843 0.03569
v 0.26902 -0.17706 0.03500
v 0.26902 -0.17431 -0.00069
v 0.26765 -0.17431 0.00412
v 0.26902 -0.17569 0.00412
v 0.26902 -0.17431 0.00343
v 0.26765 -0.17431 0.00549
v 0.26902 -0.17569 0.00549
v 0.26765 -0.17431 0.00686
v 0.26902 -0.17569 0.00686
v 0.26765 -0.17431 0.00824
v 0.26902 -0.17569 0.00824
v 0.26765 -0.17431 0.00961
v 0.26902 -0.17569 0.01098
v 0.26902 -0.17431 0.01029
v 0.26902 -0.17569 0.01235
v 0.26765 -0.17431 0.01373
v 0.26902 -0.17431 0.01304
v 0.26765 -0.17431 0.01510
v 0.26902 -0.17431 0.01578
v 0.26765 -0.17431 0.03157
v 0.26902 -0.17569 0.03294
v 0.26902 -0.17431 0.03225
v 0.26902 -0.17569 0.03431
v 0.26765 -0.17431 0.03569
v 0.26765 -0.17431 0.03706
v 0.26902 -0.17157 -0.00069
v 0.26765 -0.17157 0.00275
v 0.26902 -0.17294 0.00275
v 0.26902 -0.17157 0.00206
v 0.26765 -0.17157 0.00412
v 0.26765 -0.17157 0.00549
v 0.26765 -0.17157 0.00686
v 0.26765 -0.17157 0.00824
v 0.26765 -0.17157 0.00961
v 0.26765 -0.17157 0.01098
v 0.26902 -0.17294 0.01098
v 0.26765 -0.17157 0.01235
v 0.26902 -0.17294 0.01235
v 0.26765 -0.17157 0.01373
v 0.26765 -0.17157 0.01510
v 0.26902 -0.17294 0.01647
v 0.26902 -0.17294 0.01784
v 0.26902 -0.17294 0.01922
v 0.26902 -0.17294 0.02059
v 0.26902 -0.17294 0.02196
v 0.26765 -0.17157 0.02333
v 0.26902 -0.17157 0.02265
v 0.26765 -0.17157 0.02471
v 0.26765 -0.17157 0.02608
v 0.26902 -0.17294 0.02608
v 0.26902 -0.17157 0.02539
v 0.26902 -0.17294 0.02745
v 0.26765 -0.17157 0.02882
v 0.26902 -0.17294 0.02882
v 0.26765 -0.17157 0.03020
v 0.26902 -0.17294 0.03020
v 0.26765 -0.17157 0.03157
v 0.26902 -0.17294 0.03157
v 0.26765 -0.17157 0.03294
v 0.26765 -0.17157 0.03431
v 0.26765 -0.17157 0.03569
v 0.26902 -0.17020 0.00000
v 0.26765 -0.16882 0.00137
v 0.26902 -0.17020 0.00137
v 0.26902 -0.17020 0.00275
v 0.26902 -0.16882 0.00206
v 0.26765 -0.16882 0.00412
v 0.26902 -0.16882 0.00343
v 0.26765 -0.16882 0.00549
v 0.26765 -0.16882 0.00686
v 0.26765 -0.16882 0.00824
v 0.26765 -0.16882 0.00961
v 0.26765 -0.16882 0.01098
v 0.26765 -0.16882 0.01235
v 0.26765 -0.16882 0.01373
v 0.26765 -0.16882 0.01510
v 0.26902 -0.17020 0.02333
v 0.26765 -0.16882 0.02471
v 0.26902 -0.16882 0.02402
v 0.26902 -0.17020 0.02608
v 0.26902 -0.17020 0.02745
v 0.26765 -0.16882 0.02882
v 0.26902 -0.16882 0.02814
v 0.26765 -0.16882 0.03020
v 0.26765 -0.16882 0.03157
v 0.26765 -0.16882 0.03294
v 0.26765 -0.16882 0.03431
v 0.26902 -0.16745 0.00275
v 0.26902 -0.16745 0.01098
v 0.26902 -0.16608 0.01029
v 0.26902 -0.16745 0.01235
v 0.26902 -0.16745 0.01373
v 0.26902 -0.16745 0.01510
v 0.26902 -0.16608 0.01578
v 0.26765 -0.16608 0.02333
v 0.26902 -0.16745 0.02333
v 0.26902 -0.16608 0.02265
v 0.26902 -0.16745 0.02882
v 0.26902 -0.16745 0.03020
v 0.26765 -0.16608 0.03157
v 0.26902 -0.16608 0.03088
v 0.26765 -0.16608 0.03294
v 0.26765 -0.16608 0.03431
v 0.26902 -0.16471 0.00000
v 0.26902 -0.16333 -0.00069
v 0.26902 -0.16471 0.00137
v 0.26902 -0.16471 0.00275
v 0.26902 -0.16471 0.00412
v 0.26902 -0.16471 0.00549
v 0.26902 -0.16471 0.00686
v 0.26902 -0.16471 0.00824
v 0.26902 -0.16471 0.00961
v 0.26765 -0.16333 0.01373
v 0.26765 -0.16333 0.01510
v 0.26902 -0.16471 0.01510
v 0.26902 -0.16333 0.01441
v 0.26765 -0.16333 0.02196
v 0.26902 -0.16471 0.02196
v 0.26902 -0.16333 0.02127
v 0.26902 -0.16471 0.03157
v 0.26765 -0.16333 0.03294
v 0.26902 -0.16333 0.03225
v 0.26765 -0.16333 0.03431
v 0.26902 -0.16059 -0.00069
v 0.26765 -0.16059 0.01373
v 0.26902 -0.16196 0.01373
v 0.26902 -0.16059 0.01304
v 0.26765 -0.16059 0.02196
v 0.26902 -0.16059 0.02127
v 0.26902 -0.16196 0.03294
v 0.26765 -0.16059 0.03431
v 0.26902 -0.16059 0.03363
v 0.26765 -0.16059 0.03569
v 0.26902 -0.15784 -0.00069
v 0.26765 -0.15784 0.01373
v 0.26902 -0.15784 0.01304
v 0.26765 -0.15784 0.02196
v 0.26902 -0.15784 0.02127
v 0.26902 -0.15922 0.03431
v 0.26902 -0.15922 0.03569
v 0.26765 -0.15784 0.03706
v 0.26902 -0.15784 0.03637
v 0.26902 -0.15510 -0.00069
v 0.26765 -0.15510 0.01373
v 0.26902 -0.15510 0.01304
v 0.26765 -0.15510 0.02196
v 0.26902 -0.15510 0.02127
v 0.26902 -0.15647 0.03706
v 0.26902 -0.15647 0.03843
v 0.26765 -0.15510 0.03980
v 0.26902 -0.15510 0.03912
v 0.26902 -0.15235 -0.00069
v 0.26902 -0.15235 0.01304
v 0.26902 -0.15373 0.02196
v 0.26765 -0.15235 0.02333
v 0.26902 -0.15235 0.02265
v 0.26902 -0.15373 0.03980
v 0.26765 -0.15235 0.04118
v 0.26902 -0.15235 0.04049
v 0.26765 -0.14961 0.00000
v 0.26902 -0.14961 -0.00069
v 0.26765 -0.14961 0.00137
v 0.26765 -0.14961 0.00275
v 0.26765 -0.14961 0.00412
v 0.26765 -0.14961 0.00686
v 0.26902 -0.15098 0.00686
v 0.26902 -0.14961 0.00618
v 0.26902 -0.15098 0.00824
v 0.26902 -0.15098 0.00961
v 0.26902 -0.15098 0.01098
v 0.26902 -0.15098 0.01235
v 0.26902 -0.15098 0.02333
v 0.26902 -0.15098 0.02471
v 0.26902 -0.15098 0.02608
v 0.26902 -0.15098 0.02745
v 0.26902 -0.14961 0.02814
v 0.26902 -0.15098 0.04118
v 0.26902 -0.14961 0.04186
v 0.26902 -0.14824 0.00000
v 0.26902 -0.14824 0.00137
v 0.26902 -0.14824 0.00275
v 0.26902 -0.14824 0.00412
v 0.26902 -0.14824 0.00549
v 0.26902 -0.14824 0.02882
v 0.26902 -0.14824 0.03020
v 0.26902 -0.14824 0.03157
v 0.26902 -0.14824 0.03294
v 0.26902 -0.14824 0.03431
v 0.26902 -0.14824 0.03569
v 0.26765 -0.14686 0.03706
v 0.26902 -0.14824 0.03706
v 0.26902 -0.14686 0.03775
v 0.26765 -0.14686 0.03980
v 0.26902 -0.14824 0.03980
v 0.26902 -0.14686 0.03912
v 0.26902 -0.14824 0.04118
v 0.26902 -0.14549 0.03843
v 0.27176 -0.28000 0.00000
v 0.27176 -0.27863 -0.00069
v 0.27176 -0.28000 0.00137
v 0.27176 -0.28000 0.00275
v 0.27176 -0.28000 0.00412
v 0.27176 -0.28000 0.00549
v 0.27176 -0.28000 0.00686
v 0.27176 -0.28000 0.00824
v 0.27176 -0.28000 0.00961
v 0.27176 -0.28000 0.01098
v 0.27176 -0.28000 0.01235
v 0.27176 -0.28000 0.01373
v 0.27176 -0.28000 0.01510
v 0.27176 -0.28000 0.01647
v 0.27176 -0.28000 0.01784
v 0.27176 -0.28000 0.01922
v 0.27176 -0.28000 0.02059
v 0.27176 -0.28000 0.02196
v 0.27176 -0.28000 0.02333
v 0.27176 -0.28000 0.02471
v 0.27176 -0.28000 0.02608
v 0.27176 -0.28000 0.02745
v 0.27176 -0.28000 0.02882
v 0.27176 -0.28000 0.03020
v 0.27176 -0.28000 0.03157
v 0.27176 -0.28000 0.03294
v 0.27176 -0.28000 0.03431
v 0.27176 -0.28000 0.03569
v 0.27176 -0.28000 0.03706
v 0.27176 -0.28000 0.03843
v 0.27176 -0.28000 0.03980
v 0.27176 -0.28000 0.04118
v 0.27176 -0.28000 0.04255
v 0.27176 -0.28000 0.04392
v 0.27039 -0.27863 0.04529
v 0.27176 -0.27863 0.04461
v 0.27039 -0.27863 0.04804
v 0.27039 -0.27863 0.04941
v 0.27176 -0.27588 -0.00069
v 0.27176 -0.27725 0.04529
v 0.27176 -0.27725 0.04667
v 0.27176 -0.27725 0.04804
v 0.27176 -0.27725 0.04941
v 0.27176 -0.27725 0.05078
v 0.27176 -0.27725 0.05216
v 0.27176 -0.27725 0.05353
v 0.27039 -0.27588 0.05490
v 0.27176 -0.27588 0.05422
v 0.27176 -0.27314 -0.00069
v 0.27039 -0.27314 0.05490
v 0.27176 -0.27314 0.05422
v 0.27176 -0.27039 -0.00069
v 0.27176 -0.27039 0.05422
v 0.27176 -0.26765 -0.00069
v 0.27176 -0.26902 0.05353
v 0.27176 -0.26765 0.05284
v 0.27176 -0.26490 -0.00069
v 0.27039 -0.26490 0.05216
v 0.27176 -0.26627 0.05216
v 0.27176 -0.26490 0.05147
v 0.27176 -0.26216 -0.00069
v 0.27039 -0.26216 0.05216
v 0.27176 -0.26216 0.05147
v 0.27176 -0.25941 -0.00069
v 0.27039 -0.25941 0.05078
v 0.27176 -0.26078 0.05078
v 0.27176 -0.25941 0.05010
v 0.27176 -0.25667 -0.00069
v 0.27176 -0.25667 0.05010
v 0.27176 -0.25392 -0.00069
v 0.27039 -0.25392 0.04667
v 0.27176 -0.25529 0.04667
v 0.27176 -0.25392 0.04598
v 0.27176 -0.25529 0.04804
v 0.27176 -0.25529 0.04941
v 0.27176 -0.25118 -0.00069
v 0.27176 -0.25118 0.04598
v 0.27176 -0.24843 -0.00069
v 0.27176 -0.24980 0.04392
v 0.27176 -0.24843 0.04324
v 0.27176 -0.24980 0.04529
v 0.27176 -0.24569 -0.00069
v 0.27176 -0.24706 0.04118
v 0.27176 -0.24569 0.04049
v 0.27176 -0.24706 0.04255
v 0.27176 -0.24294 -0.00069
v 0.27176 -0.24431 0.03431
v 0.27176 -0.24294 0.03363
v 0.27176 -0.24431 0.03569
v 0.27176 -0.24431 0.03706
v 0.27176 -0.24431 0.03843
v 0.27176 -0.24431 0.03980
v 0.27176 -0.24020 -0.00069
v 0.27039 -0.24020 0.02471
v 0.27176 -0.24157 0.02608
v 0.27176 -0.24020 0.02539
v 0.27039 -0.24020 0.02745
v 0.27176 -0.24020 0.02676
v 0.27039 -0.24020 0.02882
v 0.27176 -0.24157 0.02882
v 0.27176 -0.24020 0.02814
v 0.27176 -0.24020 0.02951
v 0.27176 -0.24157 0.03431
v 0.27176 -0.24157 0.03569
v 0.27176 -0.24157 0.03706
v 0.27176 -0.24157 0.03843
v 0.27039 -0.24020 0.03980
v 0.27176 -0.24020 0.03912
v 0.27039 -0.23745 0.00000
v 0.27176 -0.23745 -0.00069
v 0.27039 -0.23745 0.00137
v 0.27039 -0.23745 0.01235
v 0.27176 -0.23882 0.01235
v 0.27176 -0.23745 0.01167
v 0.27176 -0.23882 0.01373
v 0.27039 -0.23745 0.01510
v 0.27176 -0.23882 0.01510
v 0.27039 -0.23745 0.01647
v 0.27176 -0.23882 0.01647
v 0.27176 -0.23745 0.01716
v 0.27176 -0.23882 0.02608
v 0.27176 -0.23882 0.02882
v 0.27039 -0.23745 0.03843
v 0.27176 -0.23882 0.03843
v 0.27176 -0.23745 0.03775
v 0.27039 -0.23745 0.03980
v 0.27176 -0.23608 0.00000
v 0.27176 -0.23608 0.00137
v 0.27176 -0.23608 0.00275
v 0.27039 -0.23471 0.00412
v 0.27176 -0.23471 0.00343
v 0.27176 -0.23608 0.01235
v 0.27176 -0.23608 0.01373
v 0.27176 -0.23608 0.01510
v 0.27176 -0.23608 0.01647
v 0.27039 -0.23471 0.03706
v 0.27176 -0.23608 0.03706
v 0.27176 -0.23471 0.03637
v 0.27039 -0.23471 0.03843
v 0.27039 -0.23471 0.03980
v 0.27039 -0.23196 0.00412
v 0.27176 -0.23196 0.00343
v 0.27039 -0.23196 0.03431
v 0.27176 -0.23333 0.03431
v 0.27176 -0.23196 0.03363
v 0.27039 -0.23196 0.03569
v 0.27176 -0.23333 0.03569
v 0.27039 -0.23196 0.03706
v 0.27039 -0.23196 0.03843
v 0.27039 -0.22922 0.00412
v 0.27176 -0.22922 0.00343
v 0.27039 -0.22922 0.03431
v 0.27176 -0.22922 0.03363
v 0.27176 -0.23059 0.03569
v 0.27176 -0.22922 0.03500
v 0.27176 -0.23059 0.03706
v 0.27039 -0.22922 0.03843
v 0.27176 -0.23059 0.03843
v 0.27176 -0.22922 0.03912
v 0.27039 -0.22647 0.00275
v 0.27176 -0.22784 0.00275
v 0.27176 -0.22647 0.00206
v 0.27176 -0.22784 0.03431
v 0.27039 -0.22647 0.03706
v 0.27039 -0.22647 0.03843
v 0.27039 -0.22647 0.03980
v 0.27176 -0.22647 0.03912
v 0.27039 -0.22373 0.00275
v 0.27176 -0.22373 0.00206
v 0.27039 -0.22373 0.03706
v 0.27039 -0.22373 0.03980
v 0.27176 -0.22373 0.03912
v 0.27039 -0.22098 0.00137
v 0.27176 -0.22235 0.00137
v 0.27176 -0.22098 0.00069
v 0.27176 -0.22235 0.03980
v 0.27176 -0.22098 0.04049
v 0.27039 -0.21824 0.00137
v 0.27176 -0.21824 0.00069
v 0.27176 -0.21824 0.04049
v 0.27039 -0.21549 0.00000
v 0.27176 -0.21686 0.00000
v 0.27176 -0.21549 -0.00069
v 0.27039 -0.21549 0.00137
v 0.27039 -0.21549 0.03980
v 0.27176 -0.21686 0.03980
v 0.27176 -0.21549 0.03912
v 0.27039 -0.21275 0.00000
v 0.27176 -0.21275 -0.00069
v 0.27039 -0.21275 0.03569
v 0.27039 -0.21275 0.03980
v 0.27176 -0.21275 0.03912
v 0.27039 -0.21000 0.00000
v 0.27176 -0.21000 -0.00069
v 0.27039 -0.21000 0.03980
v 0.27176 -0.21000 0.03912
v 0.27039 -0.20725 0.00000
v 0.27176 -0.20725 -0.00069
v 0.27176 -0.20863 0.03980
v 0.27176 -0.20725 0.04049
v 0.27039 -0.20451 0.00000
v 0.27176 -0.20451 -0.00069
v 0.27039 -0.20451 0.03157
v 0.27176 -0.20588 0.03157
v 0.27176 -0.20451 0.03088
v 0.27176 -0.20451 0.03225
v 0.27039 -0.20451 0.03980
v 0.27176 -0.20588 0.03980
v 0.27176 -0.20451 0.03912
v 0.27176 -0.20176 -0.00069
v 0.27039 -0.20176 0.03020
v 0.27176 -0.20314 0.03020
v 0.27176 -0.20176 0.02951
v 0.27176 -0.20314 0.03157
v 0.27176 -0.20176 0.03088
v 0.27039 -0.20176 0.03431
v 0.27039 -0.20176 0.03980
v 0.27176 -0.20176 0.03912
v 0.27039 -0.19902 0.00000
v 0.27176 -0.20039 0.00000
v 0.27176 -0.19902 0.00069
v 0.27039 -0.19902 0.03020
v 0.27176 -0.19902 0.02951
v 0.27176 -0.19902 0.03088
v 0.27039 -0.19902 0.03294
v 0.27039 -0.19902 0.03980
v 0.27176 -0.19902 0.03912
v 0.27039 -0.19627 0.00000
v 0.27039 -0.19627 0.00137
v 0.27176 -0.19765 0.00137
v 0.27039 -0.19627 0.00275
v 0.27176 -0.19627 0.00206
v 0.27039 -0.19627 0.00412
v 0.27176 -0.19765 0.00549
v 0.27176 -0.19627 0.00480
v 0.27176 -0.19627 0.00618
v 0.27039 -0.19627 0.02882
v 0.27176 -0.19765 0.02882
v 0.27176 -0.19627 0.02814
v 0.27176 -0.19765 0.03020
v 0.27176 -0.19627 0.02951
v 0.27039 -0.19627 0.03157
v 0.27039 -0.19627 0.03294
v 0.27039 -0.19627 0.03980
v 0.27176 -0.19627 0.03912
v 0.27039 -0.19353 0.00000
v 0.27039 -0.19353 0.00137
v 0.27039 -0.19353 0.00275
v 0.27176 -0.19490 0.00275
v 0.27039 -0.19353 0.00412
v 0.27176 -0.19490 0.00412
v 0.27039 -0.19353 0.00549
v 0.27176 -0.19353 0.00618
v 0.27039 -0.19353 0.01098
v 0.27176 -0.19490 0.01235
v 0.27176 -0.19353 0.01167
v 0.27176 -0.19353 0.01304
v 0.27039 -0.19353 0.02333
v 0.27176 -0.19490 0.02333
v 0.27176 -0.19353 0.02265
v 0.27039 -0.19353 0.02471
v 0.27176 -0.19490 0.02471
v 0.27039 -0.19353 0.02608
v 0.27176 -0.19490 0.02608
v 0.27039 -0.19353 0.02745
v 0.27176 -0.19490 0.02745
v 0.27176 -0.19490 0.02882
v 0.27176 -0.19353 0.02814
v 0.27039 -0.19353 0.03020
v 0.27039 -0.19353 0.03157
v 0.27039 -0.19353 0.03706
v 0.27176 -0.19490 0.03706
v 0.27176 -0.19353 0.03637
v 0.27039 -0.19353 0.03843
v 0.27176 -0.19490 0.03843
v 0.27039 -0.19353 0.03980
v 0.27039 -0.19078 0.00000
v 0.27039 -0.19078 0.00137
v 0.27039 -0.19078 0.00275
v 0.27039 -0.19078 0.00412
v 0.27039 -0.19078 0.00549
v 0.27039 -0.19078 0.00686
v 0.27176 -0.19216 0.00686
v 0.27176 -0.19078 0.00755
v 0.27176 -0.19216 0.01235
v 0.27039 -0.19078 0.01922
v 0.27039 -0.19078 0.02059
v 0.27176 -0.19216 0.02196
v 0.27176 -0.19078 0.02127
v 0.27039 -0.19078 0.02333
v 0.27176 -0.19216 0.02333
v 0.27176 -0.19078 0.02265
v 0.27039 -0.19078 0.02471
v 0.27176 -0.19216 0.02471
v 0.27039 -0.19078 0.02608
v 0.27176 -0.19216 0.02608
v 0.27039 -0.19078 0.02745
v 0.27176 -0.19216 0.02745
v 0.27039 -0.19078 0.03706
v 0.27176 -0.19078 0.03637
v 0.27039 -0.19078 0.03843
v 0.27039 -0.18804 0.00000
v 0.27039 -0.18804 0.00137
v 0.27039 -0.18804 0.00275
v 0.27039 -0.18804 0.00412
v 0.27039 -0.18804 0.00549
v 0.27039 -0.18804 0.00686
v 0.27039 -0.18804 0.00824
v 0.27176 -0.18941 0.00824
v 0.27039 -0.18804 0.00961
v 0.27176 -0.18941 0.00961
v 0.27039 -0.18804 0.01098
v 0.27176 -0.18941 0.01098
v 0.27039 -0.18804 0.01235
v 0.27176 -0.18941 0.01235
v 0.27039 -0.18804 0.01373
v 0.27176 -0.18941 0.01373
v 0.27039 -0.18804 0.01510
v 0.27176 -0.18941 0.01510
v 0.27176 -0.18804 0.01578
v 0.27176 -0.18941 0.02196
v 0.27039 -0.18804 0.03569
v 0.27176 -0.18941 0.03569
v 0.27176 -0.18804 0.03500
v 0.27039 -0.18804 0.03706
v 0.27039 -0.18804 0.03843
v 0.27039 -0.18529 0.00549
v 0.27039 -0.18529 0.00686
v 0.27039 -0.18529 0.00824
v 0.27039 -0.18529 0.00961
v 0.27039 -0.18529 0.01098
v 0.27039 -0.18529 0.01235
v 0.27039 -0.18529 0.01373
v 0.27039 -0.18529 0.01510
v 0.27176 -0.18529 0.01578
v 0.27039 -0.18529 0.03431
v 0.27176 -0.18667 0.03431
v 0.27176 -0.18529 0.03363
v 0.27039 -0.18529 0.03569
v 0.27039 -0.18529 0.03706
v 0.27039 -0.18529 0.03843
v 0.27039 -0.18255 0.00686
v 0.27039 -0.18255 0.00824
v 0.27039 -0.18255 0.00961
v 0.27039 -0.18255 0.01098
v 0.27039 -0.18255 0.01235
v 0.27039 -0.18255 0.01373
v 0.27039 -0.18255 0.01510
v 0.27039 -0.18255 0.01647
v 0.27176 -0.18392 0.01647
v 0.27039 -0.18255 0.01784
v 0.27176 -0.18392 0.01784
v 0.27039 -0.18255 0.01922
v 0.27176 -0.18392 0.01922
v 0.27039 -0.18255 0.02059
v 0.27176 -0.18392 0.02059
v 0.27176 -0.18255 0.02127
v 0.27039 -0.18255 0.03294
v 0.27176 -0.18392 0.03294
v 0.27176 -0.18255 0.03225
v 0.27039 -0.18255 0.03431
v 0.27039 -0.18255 0.03569
v 0.27039 -0.18255 0.03706
v 0.27039 -0.17980 0.01098
v 0.27039 -0.17980 0.01235
v 0.27039 -0.17980 0.01373
v 0.27039 -0.17980 0.01510
v 0.27039 -0.17980 0.01647
v 0.27039 -0.17980 0.01784
v 0.27039 -0.17980 0.01922
v 0.27039 -0.17980 0.02059
v 0.27039 -0.17980 0.02196
v 0.27176 -0.18118 0.02196
v 0.27039 -0.17980 0.02333
v 0.27176 -0.18118 0.02333
v 0.27039 -0.17980 0.02471
v 0.27176 -0.18118 0.02471
v 0.27039 -0.17980 0.02608
v 0.27176 -0.18118 0.02608
v 0.27039 -0.17980 0.02745
v 0.27176 -0.18118 0.02745
v 0.27039 -0.17980 0.02882
v 0.27176 -0.18118 0.02882
v 0.27039 -0.17980 0.03020
v 0.27176 -0.18118 0.03020
v 0.27039 -0.17980 0.03157
v 0.27176 -0.18118 0.03157
v 0.27039 -0.17980 0.03294
v 0.27039 -0.17980 0.03431
v 0.27039 -0.17980 0.03569
v 0.27039 -0.17706 0.00000
v 0.27039 -0.17706 0.00137
v 0.27039 -0.17706 0.00275
v 0.27039 -0.17706 0.00412
v 0.27039 -0.17706 0.00549
v 0.27039 -0.17706 0.00686
v 0.27039 -0.17706 0.00824
v 0.27039 -0.17706 0.01647
v 0.27039 -0.17706 0.01784
v 0.27039 -0.17706 0.01922
v 0.27039 -0.17706 0.02059
v 0.27039 -0.17706 0.02196
v 0.27039 -0.17706 0.02333
v 0.27039 -0.17706 0.02471
v 0.27039 -0.17706 0.02608
v 0.27039 -0.17706 0.02745
v 0.27039 -0.17706 0.02882
v 0.27039 -0.17706 0.03020
v 0.27039 -0.17706 0.03157
v 0.27039 -0.17706 0.03294
v 0.27039 -0.17706 0.03431
v 0.27039 -0.17431 0.00000
v 0.27039 -0.17431 0.00137
v 0.27039 -0.17431 0.00275
v 0.27039 -0.17431 0.01098
v 0.27039 -0.17431 0.01235
v 0.27039 -0.17431 0.01647
v 0.27039 -0.17431 0.01784
v 0.27039 -0.17431 0.01922
v 0.27039 -0.17431 0.02059
v 0.27039 -0.17431 0.02196
v 0.27039 -0.17431 0.02333
v 0.27039 -0.17431 0.02471
v 0.27039 -0.17431 0.02608
v 0.27039 -0.17431 0.02745
v 0.27039 -0.17431 0.02882
v 0.27039 -0.17431 0.03020
v 0.27039 -0.17431 0.03157
v 0.27039 -0.17157 0.00000
v 0.27039 -0.17157 0.00137
v 0.27039 -0.17157 0.02333
v 0.27039 -0.17157 0.02471
v 0.27039 -0.16882 0.00275
v 0.27039 -0.16882 0.02471
v 0.27039 -0.16882 0.02608
v 0.27039 -0.16882 0.02745
v 0.27039 -0.16608 0.01098
v 0.27039 -0.16608 0.01235
v 0.27039 -0.16608 0.01373
v 0.27039 -0.16608 0.01510
v 0.27039 -0.16608 0.02333
v 0.27039 -0.16608 0.02471
v 0.27039 -0.16608 0.02608
v 0.27039 -0.16608 0.02745
v 0.27039 -0.16608 0.02882
v 0.27039 -0.16608 0.03020
v 0.27176 -0.16471 0.00000
v 0.27176 -0.16333 -0.00069
v 0.27176 -0.16471 0.00137
v 0.27176 -0.16471 0.00275
v 0.27176 -0.16471 0.00412
v 0.27176 -0.16471 0.00549
v 0.27039 -0.16333 0.00686
v 0.27176 -0.16333 0.00618
v 0.27039 -0.16333 0.00824
v 0.27039 -0.16333 0.00961
v 0.27039 -0.16333 0.01098
v 0.27176 -0.16471 0.01235
v 0.27176 -0.16333 0.01167
v 0.27039 -0.16333 0.01373
v 0.27176 -0.16333 0.01304
v 0.27039 -0.16333 0.02196
v 0.27039 -0.16333 0.02333
v 0.27039 -0.16333 0.02471
v 0.27039 -0.16333 0.02608
v 0.27039 -0.16333 0.02745
v 0.27039 -0.16333 0.02882
v 0.27039 -0.16333 0.03020
v 0.27039 -0.16333 0.03157
v 0.27176 -0.16059 -0.00069
v 0.27176 -0.16196 0.00686
v 0.27176 -0.16196 0.00824
v 0.27176 -0.16196 0.00961
v 0.27176 -0.16196 0.01098
v 0.27039 -0.16059 0.01235
v 0.27176 -0.16196 0.01235
v 0.27176 -0.16059 0.01167
v 0.27039 -0.16059 0.02059
v 0.27176 -0.16196 0.02059
v 0.27176 -0.16059 0.01990
v 0.27176 -0.16196 0.02196
v 0.27176 -0.16196 0.02333
v 0.27176 -0.16196 0.02471
v 0.27176 -0.16196 0.02608
v 0.27176 -0.16196 0.02745
v 0.27176 -0.16196 0.02882
v 0.27039 -0.16059 0.03020
v 0.27176 -0.16059 0.02951
v 0.27039 -0.16059 0.03157
v 0.27039 -0.16059 0.03294
v 0.27176 -0.15784 -0.00069
v 0.27039 -0.15784 0.01235
v 0.27176 -0.15784 0.01167
v 0.27039 -0.15784 0.02059
v 0.27176 -0.15784 0.01990
v 0.27176 -0.15922 0.03020
v 0.27176 -0.15922 0.03157
v 0.27176 -0.15922 0.03294
v 0.27176 -0.15922 0.03431
v 0.27039 -0.15784 0.03569
v 0.27176 -0.15784 0.03500
v 0.27176 -0.15510 -0.00069
v 0.27039 -0.15510 0.01235
v 0.27176 -0.15510 0.01167
v 0.27039 -0.15510 0.02059
v 0.27176 -0.15510 0.01990
v 0.27176 -0.15647 0.03569
v 0.27039 -0.15510 0.03706
v 0.27176 -0.15510 0.03637
v 0.27039 -0.15510 0.03843
v 0.27176 -0.15235 -0.00069
v 0.27039 -0.15235 0.01235
v 0.27176 -0.15235 0.01167
v 0.27039 -0.15235 0.02059
v 0.27176 -0.15235 0.01990
v 0.27039 -0.15235 0.02196
v 0.27176 -0.15373 0.03706
v 0.27176 -0.15373 0.03843
v 0.27176 -0.15373 0.03980
v 0.27176 -0.15235 0.04049
v 0.27176 -0.14961 -0.00069
v 0.27039 -0.14961 0.00686
v 0.27176 -0.15098 0.00824
v 0.27176 -0.14961 0.00755
v 0.27176 -0.15098 0.00961
v 0.27176 -0.15098 0.01098
v 0.27176 -0.15098 0.02059
v 0.27176 -0.15098 0.02196
v 0.27176 -0.15098 0.02333
v 0.27176 -0.15098 0.02471
v 0.27176 -0.15098 0.02608
v 0.27176 -0.15098 0.02745
v 0.27176 -0.14961 0.02814
v 0.27176 -0.15098 0.04118
v 0.27176 -0.14961 0.04186
v 0.27176 -0.14824 0.00000
v 0.27176 -0.14824 0.00137
v 0.27176 -0.14824 0.00275
v 0.27176 -0.14824 0.00412
v 0.27176 -0.14824 0.00549
v 0.27176 -0.14824 0.00686
v 0.27176 -0.14824 0.02882
v 0.27176 -0.14824 0.03020
v 0.27176 -0.14824 0.03157
v 0.27176 -0.14824 0.03294
v 0.27176 -0.14824 0.03431
v 0.27176 -0.14824 0.03569
v 0.27176 -0.14824 0.03706
v 0.27176 -0.14686 0.03775
v 0.27176 -0.14824 0.03980
v 0.27176 -0.14686 0.03912
v 0.27176 -0.14824 0.04118
v 0.27176 -0.14549 0.03843
v 0.27451 -0.28000 0.00000
v 0.27451 -0.27863 -0.00069
v 0.27451 -0.28000 0.00137
v 0.27451 -0.28000 0.00275
v 0.27451 -0.28000 0.00412
v 0.27451 -0.28000 0.00549
v 0.27451 -0.28000 0.00686
v 0.27451 -0.28000 0.00824
v 0.27451 -0.28000 0.00961
v 0.27451 -0.28000 0.01098
v 0.27451 -0.28000 0.01235
v 0.27451 -0.28000 0.01373
v 0.27451 -0.28000 0.01510
v 0.27451 -0.28000 0.01647
v 0.27451 -0.28000 0.01784
v 0.27451 -0.28000 0.01922
v 0.27314 -0.27863 0.02059
v 0.27451 -0.27863 0.01990
v 0.27451 -0.28000 0.02196
v 0.27451 -0.27863 0.02127
v 0.27314 -0.27863 0.02333
v 0.27451 -0.27863 0.02265
v 0.27451 -0.28000 0.02471
v 0.27451 -0.27863 0.02402
v 0.27451 -0.28000 0.02608
v 0.27451 -0.28000 0.02745
v 0.27451 -0.28000 0.02882
v 0.27314 -0.27863 0.03020
v 0.27451 -0.27863 0.02951
v 0.27314 -0.27863 0.03157
v 0.27451 -0.28000 0.03294
v 0.27451 -0.27863 0.03225
v 0.27314 -0.27863 0.03431
v 0.27451 -0.27863 0.03363
v 0.27451 -0.28000 0.03569
v 0.27451 -0.27863 0.03500
v 0.27451 -0.28000 0.03706
v 0.27451 -0.28000 0.03843
v 0.27451 -0.28000 0.03980
v 0.27451 -0.28000 0.04118
v 0.27314 -0.27863 0.04255
v 0.27451 -0.27863 0.04186
v 0.27314 -0.27863 0.04392
v 0.27451 -0.27588 -0.00069
v 0.27451 -0.27725 0.02059
v 0.27451 -0.27725 0.02333
v 0.27451 -0.27725 0.03020
v 0.27451 -0.27725 0.03157
v 0.27451 -0.27725 0.03431
v 0.27451 -0.27725 0.04255
v 0.27451 -0.27725 0.04392
v 0.27451 -0.27725 0.04529
v 0.27451 -0.27725 0.04667
v 0.27451 -0.27725 0.04804
v 0.27451 -0.27725 0.04941
v 0.27451 -0.27725 0.05078
v 0.27451 -0.27725 0.05216
v 0.27314 -0.27588 0.05353
v 0.27451 -0.27588 0.05284
v 0.27451 -0.27314 -0.00069
v 0.27314 -0.27314 0.05353
v 0.27451 -0.27314 0.05284
v 0.27451 -0.27039 -0.00069
v 0.27314 -0.27039 0.05353
v 0.27451 -0.27039 0.05284
v 0.27451 -0.26765 -0.00069
v 0.27314 -0.26765 0.05216
v 0.27451 -0.26902 0.05216
v 0.27451 -0.26765 0.05147
v 0.27451 -0.26490 -0.00069
v 0.27451 -0.26490 0.05147
v 0.27451 -0.26216 -0.00069
v 0.27314 -0.26216 0.05078
v 0.27451 -0.26353 0.05078
v 0.27451 -0.26216 0.05010
v 0.27451 -0.25941 -0.00069
v 0.27314 -0.25941 0.04941
v 0.27451 -0.26078 0.04941
v 0.27451 -0.25941 0.04873
v 0.27451 -0.25667 -0.00069
v 0.27314 -0.25667 0.04941
v 0.27451 -0.25667 0.04873
v 0.27451 -0.25392 -0.00069
v 0.27451 -0.25529 0.04667
v 0.27451 -0.25392 0.04598
v 0.27451 -0.25529 0.04804
v 0.27451 -0.25118 -0.00069
v 0.27314 -0.25118 0.04392
v 0.27451 -0.25255 0.04392
v 0.27451 -0.25118 0.04324
v 0.27314 -0.25118 0.04529
v 0.27451 -0.25255 0.04529
v 0.27451 -0.24843 -0.00069
v 0.27314 -0.24843 0.03980
v 0.27451 -0.24980 0.03980
v 0.27451 -0.24843 0.03912
v 0.27314 -0.24843 0.04118
v 0.27451 -0.24980 0.04118
v 0.27314 -0.24843 0.04255
v 0.27451 -0.24980 0.04255
v 0.27451 -0.24569 -0.00069
v 0.27314 -0.24569 0.03843
v 0.27451 -0.24706 0.03843
v 0.27451 -0.24569 0.03775
v 0.27314 -0.24569 0.03980
v 0.27451 -0.24294 -0.00069
v 0.27451 -0.24431 0.03431
v 0.27451 -0.24294 0.03363
v 0.27451 -0.24431 0.03569
v 0.27451 -0.24431 0.03706
v 0.27451 -0.24020 -0.00069
v 0.27451 -0.24157 0.02608
v 0.27451 -0.24020 0.02539
v 0.27314 -0.24020 0.02745
v 0.27451 -0.24157 0.02745
v 0.27451 -0.24157 0.02882
v 0.27314 -0.24020 0.03020
v 0.27451 -0.24157 0.03020
v 0.27451 -0.24020 0.03088
v 0.27451 -0.24157 0.03431
v 0.27451 -0.24157 0.03569
v 0.27314 -0.24020 0.03706
v 0.27451 -0.24020 0.03637
v 0.27314 -0.24020 0.03843
v 0.27451 -0.23745 -0.00069
v 0.27314 -0.23745 0.01235
v 0.27451 -0.23882 0.01373
v 0.27451 -0.23745 0.01304
v 0.27451 -0.23882 0.01510
v 0.27451 -0.23882 0.01647
v 0.27451 -0.23745 0.01716
v 0.27451 -0.23882 0.02608
v 0.27451 -0.23882 0.02745
v 0.27451 -0.23882 0.02882
v 0.27451 -0.23882 0.03020
v 0.27314 -0.23745 0.03569
v 0.27451 -0.23882 0.03569
v 0.27451 -0.23745 0.03500
v 0.27314 -0.23745 0.03706
v 0.27451 -0.23608 0.00000
v 0.27451 -0.23608 0.00137
v 0.27451 -0.23608 0.00275
v 0.27451 -0.23471 0.00343
v 0.27451 -0.23608 0.01373
v 0.27451 -0.23608 0.01510
v 0.27451 -0.23608 0.01647
v 0.27314 -0.23471 0.03294
v 0.27451 -0.23608 0.03294
v 0.27451 -0.23471 0.03225
v 0.27314 -0.23471 0.03431
v 0.27451 -0.23608 0.03431
v 0.27314 -0.23471 0.03569
v 0.27314 -0.23196 0.00275
v 0.27451 -0.23333 0.00275
v 0.27451 -0.23196 0.00206
v 0.27314 -0.23196 0.03157
v 0.27451 -0.23333 0.03157
v 0.27451 -0.23196 0.03088
v 0.27451 -0.23333 0.03294
v 0.27451 -0.23196 0.03225
v 0.27314 -0.23196 0.03431
v 0.27451 -0.23333 0.03431
v 0.27451 -0.23196 0.03500
v 0.27314 -0.22922 0.00275
v 0.27451 -0.22922 0.00206
v 0.27314 -0.22922 0.03020
v 0.27451 -0.23059 0.03020
v 0.27451 -0.22922 0.02951
v 0.27451 -0.23059 0.03157
v 0.27451 -0.22922 0.03088
v 0.27314 -0.22922 0.03431
v 0.27451 -0.23059 0.03569
v 0.27451 -0.23059 0.03706
v 0.27314 -0.22922 0.03843
v 0.27451 -0.22922 0.03775
v 0.27451 -0.22647 0.00206
v 0.27451 -0.22784 0.03020
v 0.27314 -0.22647 0.03843
v 0.27451 -0.22647 0.03775
v 0.27314 -0.22373 0.00137
v 0.27451 -0.22510 0.00137
v 0.27451 -0.22373 0.00069
v 0.27314 -0.22373 0.03843
v 0.27451 -0.22373 0.03775
v 0.27451 -0.22098 0.00069
v 0.27314 -0.22098 0.03843
v 0.27451 -0.22098 0.03775
v 0.27314 -0.22098 0.03980
v 0.27314 -0.21824 0.00000
v 0.27451 -0.21961 0.00000
v 0.27451 -0.21824 -0.00069
v 0.27314 -0.21824 0.03843
v 0.27451 -0.21824 0.03775
v 0.27314 -0.21824 0.03980
v 0.27451 -0.21549 -0.00069
v 0.27314 -0.21549 0.02882
v 0.27451 -0.21686 0.02882
v 0.27451 -0.21549 0.02814
v 0.27451 -0.21549 0.02951
v 0.27314 -0.21549 0.03843
v 0.27451 -0.21549 0.03775
v 0.27451 -0.21275 -0.00069
v 0.27451 -0.21412 0.02882
v 0.27451 -0.21412 0.03843
v 0.27451 -0.21275 0.03912
v 0.27451 -0.21000 -0.00069
v 0.27451 -0.21000 0.03912
v 0.27314 -0.20725 0.00000
v 0.27451 -0.20863 0.00000
v 0.27451 -0.20725 0.00069
v 0.27314 -0.20725 0.03843
v 0.27451 -0.20863 0.03843
v 0.27451 -0.20725 0.03775
v 0.27314 -0.20725 0.03980
v 0.27314 -0.20451 0.00000
v 0.27314 -0.20451 0.00137
v 0.27451 -0.20588 0.00137
v 0.27314 -0.20451 0.00275
v 0.27451 -0.20588 0.00275
v 0.27314 -0.20451 0.00412
v 0.27451 -0.20588 0.00412
v 0.27314 -0.20451 0.00549
v 0.27451 -0.20588 0.00549
v 0.27451 -0.20451 0.00618
v 0.27314 -0.20451 0.03157
v 0.27314 -0.20451 0.03843
v 0.27451 -0.20451 0.03775
v 0.27314 -0.20176 0.00000
v 0.27314 -0.20176 0.00137
v 0.27314 -0.20176 0.00275
v 0.27314 -0.20176 0.00412
v 0.27314 -0.20176 0.00549
v 0.27314 -0.20176 0.00686
v 0.27451 -0.20314 0.00686
v 0.27314 -0.20176 0.00824
v 0.27451 -0.20314 0.00824
v 0.27314 -0.20176 0.00961
v 0.27451 -0.20314 0.00961
v 0.27451 -0.20176 0.01029
v 0.27314 -0.20176 0.02745
v 0.27451 -0.20314 0.02745
v 0.27451 -0.20176 0.02676
v 0.27451 -0.20176 0.02814
v 0.27314 -0.20176 0.03020
v 0.27314 -0.20176 0.03706
v 0.27451 -0.20314 0.03706
v 0.27451 -0.20176 0.03637
v 0.27314 -0.20176 0.03843
v 0.27314 -0.19902 0.00137
v 0.27314 -0.19902 0.00275
v 0.27314 -0.19902 0.00412
v 0.27314 -0.19902 0.00549
v 0.27314 -0.19902 0.00686
v 0.27314 -0.19902 0.00824
v 0.27314 -0.19902 0.00961
v 0.27314 -0.19902 0.01098
v 0.27451 -0.20039 0.01098
v 0.27314 -0.19902 0.01235
v 0.27451 -0.20039 0.01235
v 0.27451 -0.19902 0.01304
v 0.27314 -0.19902 0.02608
v 0.27451 -0.20039 0.02608
v 0.27451 -0.19902 0.02539
v 0.27314 -0.19902 0.02745
v 0.27451 -0.19902 0.02814
v 0.27314 -0.19902 0.03020
v 0.27314 -0.19902 0.03706
v 0.27451 -0.19902 0.03637
v 0.27314 -0.19902 0.03843
v 0.27314 -0.19627 0.00275
v 0.27314 -0.19627 0.00412
v 0.27314 -0.19627 0.00686
v 0.27314 -0.19627 0.00824
v 0.27314 -0.19627 0.00961
v 0.27314 -0.19627 0.01098
v 0.27314 -0.19627 0.01235
v 0.27314 -0.19627 0.01373
v 0.27451 -0.19765 0.01373
v 0.27314 -0.19627 0.01510
v 0.27451 -0.19765 0.01510
v 0.27314 -0.19627 0.01647
v 0.27451 -0.19765 0.01647
v 0.27314 -0.19627 0.01784
v 0.27451 -0.19765 0.01784
v 0.27451 -0.19627 0.01853
v 0.27314 -0.19627 0.02333
v 0.27451 -0.19765 0.02333
v 0.27451 -0.19627 0.02265
v 0.27314 -0.19627 0.02471
v 0.27451 -0.19765 0.02471
v 0.27314 -0.19627 0.02608
v 0.27451 -0.19765 0.02745
v 0.27451 -0.19627 0.02676
v 0.27314 -0.19627 0.02882
v 0.27314 -0.19627 0.03431
v 0.27451 -0.19765 0.03431
v 0.27451 -0.19627 0.03363
v 0.27314 -0.19627 0.03569
v 0.27451 -0.19765 0.03569
v 0.27314 -0.19627 0.03706
v 0.27314 -0.19627 0.03843
v 0.27314 -0.19353 0.00686
v 0.27314 -0.19353 0.00824
v 0.27314 -0.19353 0.00961
v 0.27314 -0.19353 0.01098
v 0.27314 -0.19353 0.01373
v 0.27314 -0.19353 0.01510
v 0.27314 -0.19353 0.01647
v 0.27314 -0.19353 0.01784
v 0.27314 -0.19353 0.01922
v 0.27451 -0.19490 0.01922
v 0.27314 -0.19353 0.02059
v 0.27451 -0.19490 0.02059
v 0.27451 -0.19353 0.02127
v 0.27314 -0.19353 0.02333
v 0.27451 -0.19490 0.02333
v 0.27314 -0.19353 0.02471
v 0.27451 -0.19490 0.02471
v 0.27314 -0.19353 0.02608
v 0.27451 -0.19490 0.02608
v 0.27314 -0.19353 0.02745
v 0.27314 -0.19353 0.03020
v 0.27451 -0.19490 0.03020
v 0.27451 -0.19353 0.02951
v 0.27314 -0.19353 0.03157
v 0.27451 -0.19490 0.03157
v 0.27314 -0.19353 0.03294
v 0.27451 -0.19490 0.03294
v 0.27314 -0.19353 0.03431
v 0.27314 -0.19353 0.03569
v 0.27314 -0.19078 0.00824
v 0.27314 -0.19078 0.00961
v 0.27314 -0.19078 0.01098
v 0.27314 -0.19078 0.01235
v 0.27314 -0.19078 0.01373
v 0.27314 -0.19078 0.01510
v 0.27314 -0.19078 0.01647
v 0.27314 -0.19078 0.01784
v 0.27314 -0.19078 0.01922
v 0.27314 -0.19078 0.02059
v 0.27451 -0.19216 0.02196
v 0.27314 -0.19078 0.02333
v 0.27451 -0.19216 0.02333
v 0.27314 -0.19078 0.02471
v 0.27451 -0.19216 0.02471
v 0.27451 -0.19078 0.02539
v 0.27314 -0.19078 0.02882
v 0.27451 -0.19216 0.02882
v 0.27451 -0.19078 0.02814
v 0.27314 -0.19078 0.03020
v 0.27314 -0.19078 0.03157
v 0.27314 -0.19078 0.03294
v 0.27314 -0.19078 0.03431
v 0.27314 -0.19078 0.03569
v 0.27314 -0.18804 0.01647
v 0.27314 -0.18804 0.01784
v 0.27314 -0.18804 0.01922
v 0.27314 -0.18804 0.02059
v 0.27314 -0.18804 0.02196
v 0.27314 -0.18804 0.02333
v 0.27314 -0.18804 0.02471
v 0.27314 -0.18804 0.02608
v 0.27451 -0.18941 0.02608
v 0.27314 -0.18804 0.02745
v 0.27451 -0.18941 0.02745
v 0.27314 -0.18804 0.02882
v 0.27314 -0.18804 0.03020
v 0.27314 -0.18804 0.03157
v 0.27314 -0.18804 0.03294
v 0.27314 -0.18804 0.03431
v 0.27314 -0.18529 0.01647
v 0.27314 -0.18529 0.01784
v 0.27314 -0.18529 0.01922
v 0.27314 -0.18529 0.02059
v 0.27314 -0.18529 0.02196
v 0.27314 -0.18529 0.02333
v 0.27314 -0.18529 0.02471
v 0.27314 -0.18529 0.02608
v 0.27314 -0.18529 0.02745
v 0.27314 -0.18529 0.02882
v 0.27314 -0.18529 0.03020
v 0.27314 -0.18529 0.03157
v 0.27314 -0.18529 0.03294
v 0.27314 -0.18255 0.02196
v 0.27314 -0.18255 0.02333
v 0.27314 -0.18255 0.02471
v 0.27314 -0.18255 0.02608
v 0.27314 -0.18255 0.02745
v 0.27314 -0.18255 0.02882
v 0.27314 -0.18255 0.03020
v 0.27314 -0.18255 0.03157
v 0.27314 -0.16333 0.00000
v 0.27314 -0.16333 0.00137
v 0.27314 -0.16333 0.00275
v 0.27314 -0.16333 0.00412
v 0.27314 -0.16333 0.00549
v 0.27314 -0.16333 0.01235
v 0.27451 -0.16196 0.00000
v 0.27451 -0.16059 -0.00069
v 0.27451 -0.16196 0.00137
v 0.27451 -0.16196 0.00275
v 0.27451 -0.16196 0.00412
v 0.27451 -0.16196 0.00549
v 0.27451 -0.16196 0.00686
v 0.27451 -0.16196 0.00824
v 0.27314 -0.16059 0.00961
v 0.27451 -0.16059 0.00892
v 0.27314 -0.16059 0.01098
v 0.27314 -0.16059 0.02059
v 0.27314 -0.16059 0.02196
v 0.27314 -0.16059 0.02333
v 0.27314 -0.16059 0.02471
v 0.27314 -0.16059 0.02608
v 0.27314 -0.16059 0.02745
v 0.27314 -0.16059 0.02882
v 0.27451 -0.15784 -0.00069
v 0.27451 -0.15922 0.00961
v 0.27314 -0.15784 0.01098
v 0.27451 -0.15784 0.01029
v 0.27314 -0.15784 0.01922
v 0.27451 -0.15922 0.01922
v 0.27451 -0.15784 0.01853
v 0.27451 -0.15922 0.02059
v 0.27451 -0.15922 0.02196
v 0.27451 -0.15922 0.02333
v 0.27451 -0.15922 0.02471
v 0.27451 -0.15922 0.02608
v 0.27451 -0.15922 0.02745
v 0.27451 -0.15922 0.02882
v 0.27451 -0.15922 0.03020
v 0.27314 -0.15784 0.03157
v 0.27451 -0.15784 0.03088
v 0.27314 -0.15784 0.03294
v 0.27314 -0.15784 0.03431
v 0.27451 -0.15510 -0.00069
v 0.27314 -0.15510 0.01098
v 0.27451 -0.15510 0.01029
v 0.27314 -0.15510 0.01922
v 0.27451 -0.15510 0.01853
v 0.27451 -0.15647 0.03157
v 0.27451 -0.15647 0.03294
v 0.27451 -0.15647 0.03431
v 0.27314 -0.15510 0.03569
v 0.27451 -0.15510 0.03500
v 0.27451 -0.15235 -0.00069
v 0.27314 -0.15235 0.01098
v 0.27451 -0.15235 0.01029
v 0.27314 -0.15235 0.01922
v 0.27451 -0.15235 0.01853
v 0.27451 -0.15373 0.03569
v 0.27451 -0.15373 0.03706
v 0.27451 -0.15373 0.03843
v 0.27314 -0.15235 0.03980
v 0.27451 -0.15235 0.03912
v 0.27451 -0.14961 -0.00069
v 0.27314 -0.14961 0.00686
v 0.27451 -0.15098 0.00686
v 0.27451 -0.14961 0.00618
v 0.27451 -0.15098 0.00824
v 0.27451 -0.15098 0.00961
v 0.27451 -0.15098 0.01922
v 0.27451 -0.15098 0.02059
v 0.27451 -0.15098 0.02196
v 0.27451 -0.15098 0.02333
v 0.27451 -0.15098 0.02471
v 0.27451 -0.15098 0.02608
v 0.27451 -0.15098 0.02745
v 0.27314 -0.14961 0.02882
v 0.27451 -0.15098 0.02882
v 0.27451 -0.14961 0.02951
v 0.27451 -0.15098 0.03980
v 0.27451 -0.15098 0.04118
v 0.27451 -0.14961 0.04186
v 0.27451 -0.14824 0.00000
v 0.27451 -0.14824 0.00137
v 0.27451 -0.14824 0.00275
v 0.27451 -0.14824 0.00412
v 0.27451 -0.14824 0.00549
v 0.27451 -0.14824 0.03020
v 0.27451 -0.14824 0.03157
v 0.27451 -0.14824 0.03294
v 0.27451 -0.14824 0.03431
v 0.27314 -0.14686 0.03569
v 0.27451 -0.14686 0.03500
v 0.27314 -0.14686 0.03706
v 0.27451 -0.14824 0.03980
v 0.27451 -0.14686 0.03912
v 0.27451 -0.14824 0.04118
v 0.27451 -0.14549 0.03569
v 0.27451 -0.14549 0.03706
v 0.27451 -0.14549 0.03843
v 0.27725 -0.28000 0.00000
v 0.27725 -0.27863 -0.00069
v 0.27588 -0.27863 0.00137
v 0.27725 -0.27863 0.00069
v 0.27725 -0.28000 0.00275
v 0.27725 -0.27863 0.00206
v 0.27725 -0.28000 0.00412
v 0.27725 -0.28000 0.00549
v 0.27725 -0.28000 0.00686
v 0.27725 -0.28000 0.00824
v 0.27725 -0.28000 0.00961
v 0.27588 -0.27863 0.01098
v 0.27725 -0.27863 0.01029
v 0.27588 -0.27863 0.01235
v 0.27588 -0.27863 0.01373
v 0.27588 -0.27863 0.01510
v 0.27588 -0.27863 0.01647
v 0.27588 -0.27863 0.01784
v 0.27588 -0.27863 0.01922
v 0.27588 -0.27863 0.02196
v 0.27725 -0.28000 0.02471
v 0.27725 -0.27863 0.02402
v 0.27588 -0.27863 0.02608
v 0.27725 -0.27863 0.02539
v 0.27588 -0.27863 0.02745
v 0.27588 -0.27863 0.02882
v 0.27588 -0.27863 0.03157
v 0.27725 -0.28000 0.03157
v 0.27725 -0.27863 0.03088
v 0.27725 -0.28000 0.03294
v 0.27588 -0.27863 0.03431
v 0.27725 -0.28000 0.03431
v 0.27725 -0.28000 0.03569
v 0.27588 -0.27863 0.03706
v 0.27725 -0.27863 0.03637
v 0.27725 -0.28000 0.03843
v 0.27725 -0.27863 0.03775
v 0.27588 -0.27863 0.03980
v 0.27725 -0.27863 0.03912
v 0.27588 -0.27863 0.04118
v 0.27725 -0.27588 -0.00069
v 0.27725 -0.27725 0.00137
v 0.27725 -0.27725 0.01098
v 0.27725 -0.27725 0.01235
v 0.27725 -0.27725 0.01373
v 0.27725 -0.27725 0.01510
v 0.27725 -0.27725 0.01647
v 0.27725 -0.27725 0.01784
v 0.27725 -0.27725 0.01922
v 0.27725 -0.27725 0.02059
v 0.27725 -0.27725 0.02196
v 0.27725 -0.27725 0.02333
v 0.27725 -0.27725 0.02608
v 0.27725 -0.27725 0.02745
v 0.27725 -0.27725 0.02882
v 0.27725 -0.27725 0.03020
v 0.27725 -0.27725 0.03706
v 0.27725 -0.27725 0.03980
v 0.27725 -0.27725 0.04118
v 0.27725 -0.27725 0.04255
v 0.27725 -0.27725 0.04392
v 0.27725 -0.27725 0.04529
v 0.27725 -0.27725 0.04667
v 0.27725 -0.27725 0.04804
v 0.27588 -0.27588 0.04941
v 0.27725 -0.27588 0.04873
v 0.27588 -0.27588 0.05078
v 0.27588 -0.27588 0.05216
v 0.27725 -0.27314 -0.00069
v 0.27725 -0.27451 0.04941
v 0.27725 -0.27451 0.05078
v 0.27588 -0.27314 0.05216
v 0.27725 -0.27314 0.05147
v 0.27725 -0.27039 -0.00069
v 0.27588 -0.27039 0.05216
v 0.27725 -0.27039 0.05147
v 0.27725 -0.26765 -0.00069
v 0.27588 -0.26765 0.05078
v 0.27725 -0.26902 0.05078
v 0.27725 -0.26765 0.05010
v 0.27725 -0.26490 -0.00069
v 0.27588 -0.26490 0.05078
v 0.27725 -0.26490 0.05010
v 0.27725 -0.26216 -0.00069
v 0.27588 -0.26216 0.04941
v 0.27725 -0.26353 0.04941
v 0.27725 -0.26216 0.04873
v 0.27588 -0.25941 0.00000
v 0.27725 -0.26078 0.00000
v 0.27588 -0.25941 0.00137
v 0.27725 -0.26078 0.00137
v 0.27725 -0.25941 0.00206
v 0.27725 -0.25941 0.04873
v 0.27588 -0.25667 0.00000
v 0.27588 -0.25667 0.00137
v 0.27588 -0.25667 0.00275
v 0.27725 -0.25804 0.00275
v 0.27588 -0.25667 0.00412
v 0.27725 -0.25804 0.00412
v 0.27588 -0.25667 0.00549
v 0.27725 -0.25804 0.00549
v 0.27725 -0.25667 0.00618
v 0.27588 -0.25667 0.04804
v 0.27725 -0.25804 0.04804
v 0.27725 -0.25667 0.04735
v 0.27588 -0.25392 0.00000
v 0.27588 -0.25392 0.00137
v 0.27588 -0.25392 0.00275
v 0.27588 -0.25392 0.00412
v 0.27588 -0.25392 0.00549
v 0.27588 -0.25392 0.00686
v 0.27725 -0.25529 0.00686
v 0.27588 -0.25392 0.00824
v 0.27725 -0.25529 0.00824
v 0.27588 -0.25392 0.00961
v 0.27725 -0.25529 0.00961
v 0.27588 -0.25392 0.01098
v 0.27725 -0.25529 0.01098
v 0.27725 -0.25392 0.01167
v 0.27588 -0.25392 0.04529
v 0.27725 -0.25529 0.04529
v 0.27725 -0.25392 0.04461
v 0.27725 -0.25529 0.04667
v 0.27588 -0.25118 0.00000
v 0.27588 -0.25118 0.00137
v 0.27588 -0.25118 0.00275
v 0.27588 -0.25118 0.00412
v 0.27588 -0.25118 0.00549
v 0.27588 -0.25118 0.00686
v 0.27588 -0.25118 0.00824
v 0.27588 -0.25118 0.00961
v 0.27588 -0.25118 0.01098
v 0.27588 -0.25118 0.01235
v 0.27725 -0.25255 0.01235
v 0.27725 -0.25118 0.01304
v 0.27588 -0.25118 0.04118
v 0.27725 -0.25255 0.04118
v 0.27725 -0.25118 0.04049
v 0.27588 -0.25118 0.04255
v 0.27725 -0.25255 0.04255
v 0.27725 -0.25255 0.04392
v 0.27588 -0.24843 0.00000
v 0.27588 -0.24843 0.00137
v 0.27588 -0.24843 0.00275
v 0.27588 -0.24843 0.00412
v 0.27588 -0.24843 0.00549
v 0.27588 -0.24843 0.00686
v 0.27588 -0.24843 0.00824
v 0.27588 -0.24843 0.00961
v 0.27588 -0.24843 0.01098
v 0.27588 -0.24843 0.01235
v 0.27588 -0.24843 0.01373
v 0.27725 -0.24980 0.01373
v 0.27588 -0.24843 0.01510
v 0.27725 -0.24980 0.01510
v 0.27725 -0.24843 0.01578
v 0.27588 -0.24843 0.03569
v 0.27725 -0.24980 0.03569
v 0.27725 -0.24843 0.03500
v 0.27588 -0.24843 0.03706
v 0.27725 -0.24980 0.03706
v 0.27588 -0.24843 0.03843
v 0.27725 -0.24980 0.03843
v 0.27725 -0.24980 0.03980
v 0.27588 -0.24569 0.00000
v 0.27588 -0.24569 0.00137
v 0.27588 -0.24569 0.00275
v 0.27588 -0.24569 0.00412
v 0.27588 -0.24569 0.00549
v 0.27588 -0.24569 0.00686
v 0.27588 -0.24569 0.00824
v 0.27588 -0.24569 0.00961
v 0.27588 -0.24569 0.01098
v 0.27588 -0.24569 0.01235
v 0.27588 -0.24569 0.01373
v 0.27588 -0.24569 0.01510
v 0.27588 -0.24569 0.01647
v 0.27725 -0.24706 0.01647
v 0.27588 -0.24569 0.01784
v 0.27725 -0.24706 0.01784
v 0.27588 -0.24569 0.01922
v 0.27725 -0.24706 0.01922
v 0.27725 -0.24569 0.01990
v 0.27588 -0.24569 0.03294
v 0.27725 -0.24706 0.03294
v 0.27725 -0.24569 0.03225
v 0.27588 -0.24569 0.03431
v 0.27725 -0.24706 0.03431
v 0.27588 -0.24569 0.03569
v 0.27588 -0.24569 0.03706
v 0.27588 -0.24294 0.00000
v 0.27588 -0.24294 0.00137
v 0.27588 -0.24294 0.00275
v 0.27588 -0.24294 0.00412
v 0.27588 -0.24294 0.00549
v 0.27588 -0.24294 0.00686
v 0.27588 -0.24294 0.00824
v 0.27588 -0.24294 0.00961
v 0.27588 -0.24294 0.01098
v 0.27588 -0.24294 0.01235
v 0.27588 -0.24294 0.01373
v 0.27588 -0.24294 0.01510
v 0.27588 -0.24294 0.01647
v 0.27588 -0.24294 0.01784
v 0.27725 -0.24431 0.01922
v 0.27725 -0.24294 0.01853
v 0.27588 -0.24294 0.02882
v 0.27725 -0.24431 0.02882
v 0.27725 -0.24294 0.02814
v 0.27588 -0.24294 0.03020
v 0.27725 -0.24431 0.03020
v 0.27725 -0.24294 0.03088
v 0.27588 -0.24294 0.03294
v 0.27725 -0.24294 0.03225
v 0.27588 -0.24020 0.00000
v 0.27588 -0.24020 0.00137
v 0.27588 -0.24020 0.00275
v 0.27588 -0.24020 0.00412
v 0.27588 -0.24020 0.00549
v 0.27588 -0.24020 0.00686
v 0.27588 -0.24020 0.00824
v 0.27588 -0.24020 0.00961
v 0.27588 -0.24020 0.01098
v 0.27588 -0.24020 0.01235
v 0.27588 -0.24020 0.01373
v 0.27588 -0.24020 0.01510
v 0.27725 -0.24157 0.01647
v 0.27725 -0.24020 0.01578
v 0.27725 -0.24157 0.01784
v 0.27725 -0.24157 0.02608
v 0.27725 -0.24020 0.02539
v 0.27725 -0.24157 0.02745
v 0.27588 -0.24020 0.03157
v 0.27725 -0.24157 0.03157
v 0.27588 -0.24020 0.03294
v 0.27588 -0.24020 0.03431
v 0.27588 -0.24020 0.03569
v 0.27588 -0.23745 0.00000
v 0.27588 -0.23745 0.00137
v 0.27588 -0.23745 0.00275
v 0.27588 -0.23745 0.00412
v 0.27588 -0.23745 0.00549
v 0.27588 -0.23745 0.00686
v 0.27588 -0.23745 0.00824
v 0.27588 -0.23745 0.00961
v 0.27588 -0.23745 0.01098
v 0.27588 -0.23745 0.01235
v 0.27725 -0.23882 0.01647
v 0.27725 -0.23745 0.01716
v 0.27725 -0.23882 0.02608
v 0.27725 -0.23882 0.02745
v 0.27588 -0.23745 0.02882
v 0.27725 -0.23745 0.02814
v 0.27588 -0.23745 0.03020
v 0.27588 -0.23745 0.03157
v 0.27588 -0.23745 0.03294
v 0.27588 -0.23745 0.03431
v 0.27588 -0.23471 0.00412
v 0.27588 -0.23471 0.00549
v 0.27588 -0.23471 0.00686
v 0.27588 -0.23471 0.00824
v 0.27588 -0.23471 0.00961
v 0.27588 -0.23471 0.01098
v 0.27588 -0.23471 0.01235
v 0.27725 -0.23608 0.01373
v 0.27725 -0.23471 0.01304
v 0.27725 -0.23608 0.01510
v 0.27725 -0.23608 0.01647
v 0.27588 -0.23471 0.02882
v 0.27725 -0.23471 0.02814
v 0.27588 -0.23471 0.03020
v 0.27588 -0.23471 0.03157
v 0.27588 -0.23196 0.00275
v 0.27588 -0.23196 0.00412
v 0.27588 -0.23196 0.00549
v 0.27588 -0.23196 0.00686
v 0.27588 -0.23196 0.00824
v 0.27588 -0.23196 0.00961
v 0.27588 -0.23196 0.01098
v 0.27725 -0.23333 0.01235
v 0.27725 -0.23196 0.01167
v 0.27588 -0.23196 0.02745
v 0.27725 -0.23333 0.02745
v 0.27725 -0.23196 0.02676
v 0.27588 -0.23196 0.02882
v 0.27725 -0.23333 0.03020
v 0.27725 -0.23196 0.02951
v 0.27588 -0.23196 0.03157
v 0.27725 -0.23333 0.03157
v 0.27588 -0.23196 0.03294
v 0.27725 -0.23196 0.03225
v 0.27588 -0.23196 0.03431
v 0.27588 -0.22922 0.00275
v 0.27588 -0.22922 0.00412
v 0.27588 -0.22922 0.00549
v 0.27588 -0.22922 0.00686
v 0.27588 -0.22922 0.00824
v 0.27588 -0.22922 0.00961
v 0.27725 -0.23059 0.01098
v 0.27725 -0.22922 0.01029
v 0.27588 -0.22922 0.02745
v 0.27725 -0.22922 0.02676
v 0.27725 -0.23059 0.02882
v 0.27725 -0.22922 0.02814
v 0.27588 -0.22922 0.03020
v 0.27725 -0.23059 0.03294
v 0.27588 -0.22922 0.03431
v 0.27725 -0.22922 0.03363
v 0.27588 -0.22922 0.03569
v 0.27588 -0.22922 0.03706
v 0.27588 -0.22647 0.00275
v 0.27588 -0.22647 0.00412
v 0.27588 -0.22647 0.00549
v 0.27588 -0.22647 0.00686
v 0.27588 -0.22647 0.00824
v 0.27725 -0.22784 0.00961
v 0.27725 -0.22647 0.00892
v 0.27725 -0.22784 0.02745
v 0.27588 -0.22647 0.03294
v 0.27725 -0.22784 0.03294
v 0.27725 -0.22647 0.03225
v 0.27588 -0.22647 0.03431
v 0.27588 -0.22647 0.03569
v 0.27588 -0.22647 0.03706
v 0.27588 -0.22373 0.00137
v 0.27588 -0.22373 0.00275
v 0.27588 -0.22373 0.00412
v 0.27588 -0.22373 0.00549
v 0.27588 -0.22373 0.00686
v 0.27725 -0.22510 0.00824
v 0.27725 -0.22373 0.00755
v 0.27588 -0.22373 0.03294
v 0.27725 -0.22373 0.03225
v 0.27588 -0.22373 0.03431
v 0.27588 -0.22373 0.03569
v 0.27588 -0.22373 0.03706
v 0.27588 -0.22098 0.00137
v 0.27588 -0.22098 0.00275
v 0.27588 -0.22098 0.00412
v 0.27588 -0.22098 0.00549
v 0.27588 -0.22098 0.00686
v 0.27725 -0.22098 0.00755
v 0.27725 -0.22235 0.03294
v 0.27588 -0.22098 0.03431
v 0.27725 -0.22098 0.03363
v 0.27588 -0.22098 0.03569
v 0.27588 -0.22098 0.03706
v 0.27588 -0.21824 0.00000
v 0.27588 -0.21824 0.00137
v 0.27588 -0.21824 0.00275
v 0.27588 -0.21824 0.00412
v 0.27588 -0.21824 0.00549
v 0.27588 -0.21824 0.00686
v 0.27588 -0.21824 0.00824
v 0.27725 -0.21961 0.00824
v 0.27588 -0.21824 0.00961
v 0.27725 -0.21961 0.00961
v 0.27588 -0.21824 0.01098
v 0.27725 -0.21961 0.01098
v 0.27588 -0.21824 0.01235
v 0.27725 -0.21961 0.01235
v 0.27588 -0.21824 0.01373
v 0.27725 -0.21961 0.01373
v 0.27725 -0.21824 0.01441
v 0.27588 -0.21824 0.03431
v 0.27725 -0.21824 0.03363
v 0.27588 -0.21824 0.03569
v 0.27588 -0.21824 0.03706
v 0.27588 -0.21549 0.00000
v 0.27588 -0.21549 0.00137
v 0.27588 -0.21549 0.00275
v 0.27588 -0.21549 0.00412
v 0.27588 -0.21549 0.00549
v 0.27588 -0.21549 0.00686
v 0.27588 -0.21549 0.00824
v 0.27588 -0.21549 0.00961
v 0.27588 -0.21549 0.01098
v 0.27725 -0.21686 0.01235
v 0.27725 -0.21549 0.01167
v 0.27725 -0.21686 0.01373
v 0.27588 -0.21549 0.02882
v 0.27588 -0.21549 0.03431
v 0.27725 -0.21549 0.03363
v 0.27588 -0.21549 0.03569
v 0.27588 -0.21549 0.03706
v 0.27588 -0.21275 0.00000
v 0.27588 -0.21275 0.00137
v 0.27588 -0.21275 0.00275
v 0.27588 -0.21275 0.00412
v 0.27588 -0.21275 0.00549
v 0.27588 -0.21275 0.00686
v 0.27588 -0.21275 0.00824
v 0.27588 -0.21275 0.00961
v 0.27588 -0.21275 0.01098
v 0.27588 -0.21275 0.01235
v 0.27725 -0.21412 0.01235
v 0.27588 -0.21275 0.01373
v 0.27725 -0.21412 0.01373
v 0.27588 -0.21275 0.01510
v 0.27725 -0.21412 0.01510
v 0.27588 -0.21275 0.01647
v 0.27725 -0.21412 0.01647
v 0.27725 -0.21275 0.01716
v 0.27588 -0.21275 0.03431
v 0.27725 -0.21275 0.03363
v 0.27588 -0.21275 0.03569
v 0.27588 -0.21275 0.03706
v 0.27588 -0.21275 0.03843
v 0.27588 -0.21000 0.00000
v 0.27588 -0.21000 0.00137
v 0.27588 -0.21000 0.00275
v 0.27588 -0.21000 0.00412
v 0.27588 -0.21000 0.00549
v 0.27588 -0.21000 0.00686
v 0.27588 -0.21000 0.00824
v 0.27588 -0.21000 0.00961
v 0.27588 -0.21000 0.01098
v 0.27588 -0.21000 0.01235
v 0.27588 -0.21000 0.01373
v 0.27588 -0.21000 0.01510
v 0.27588 -0.21000 0.01647
v 0.27588 -0.21000 0.01784
v 0.27725 -0.21137 0.01784
v 0.27725 -0.21000 0.01853
v 0.27588 -0.21000 0.03294
v 0.27725 -0.21137 0.03294
v 0.27725 -0.21000 0.03225
v 0.27588 -0.21000 0.03431
v 0.27588 -0.21000 0.03569
v 0.27588 -0.21000 0.03706
v 0.27588 -0.21000 0.03843
v 0.27588 -0.20725 0.00137
v 0.27588 -0.20725 0.00275
v 0.27588 -0.20725 0.00412
v 0.27588 -0.20725 0.00549
v 0.27588 -0.20725 0.00686
v 0.27588 -0.20725 0.00824
v 0.27588 -0.20725 0.00961
v 0.27588 -0.20725 0.01098
v 0.27588 -0.20725 0.01235
v 0.27588 -0.20725 0.01373
v 0.27588 -0.20725 0.01510
v 0.27588 -0.20725 0.01647
v 0.27725 -0.20863 0.01784
v 0.27725 -0.20725 0.01716
v 0.27588 -0.20725 0.02471
v 0.27725 -0.20863 0.02471
v 0.27725 -0.20725 0.02402
v 0.27725 -0.20725 0.02539
v 0.27588 -0.20725 0.03294
v 0.27725 -0.20725 0.03225
v 0.27588 -0.20725 0.03431
v 0.27588 -0.20725 0.03569
v 0.27588 -0.20725 0.03706
v 0.27588 -0.20451 0.00686
v 0.27588 -0.20451 0.00824
v 0.27588 -0.20451 0.00961
v 0.27588 -0.20451 0.01098
v 0.27588 -0.20451 0.01235
v 0.27588 -0.20451 0.01373
v 0.27588 -0.20451 0.01510
v 0.27588 -0.20451 0.01647
v 0.27588 -0.20451 0.01784
v 0.27725 -0.20588 0.01784
v 0.27588 -0.20451 0.01922
v 0.27725 -0.20588 0.01922
v 0.27588 -0.20451 0.02059
v 0.27725 -0.20588 0.02059
v 0.27725 -0.20451 0.02127
v 0.27588 -0.20451 0.02333
v 0.27725 -0.20588 0.02333
v 0.27725 -0.20451 0.02265
v 0.27588 -0.20451 0.02471
v 0.27725 -0.20451 0.02539
v 0.27588 -0.20451 0.03020
v 0.27725 -0.20588 0.03020
v 0.27725 -0.20451 0.02951
v 0.27588 -0.20451 0.03157
v 0.27725 -0.20588 0.03157
v 0.27588 -0.20451 0.03294
v 0.27588 -0.20451 0.03431
v 0.27588 -0.20451 0.03569
v 0.27588 -0.20451 0.03706
v 0.27588 -0.20176 0.01098
v 0.27588 -0.20176 0.01235
v 0.27588 -0.20176 0.01373
v 0.27588 -0.20176 0.01510
v 0.27588 -0.20176 0.01647
v 0.27588 -0.20176 0.01784
v 0.27588 -0.20176 0.01922
v 0.27588 -0.20176 0.02059
v 0.27588 -0.20176 0.02196
v 0.27725 -0.20314 0.02196
v 0.27588 -0.20176 0.02333
v 0.27725 -0.20314 0.02471
v 0.27725 -0.20176 0.02402
v 0.27725 -0.20314 0.02745
v 0.27725 -0.20176 0.02676
v 0.27588 -0.20176 0.02882
v 0.27725 -0.20314 0.02882
v 0.27588 -0.20176 0.03020
v 0.27588 -0.20176 0.03157
v 0.27588 -0.20176 0.03294
v 0.27588 -0.20176 0.03431
v 0.27588 -0.20176 0.03569
v 0.27588 -0.19902 0.01373
v 0.27588 -0.19902 0.01510
v 0.27588 -0.19902 0.01647
v 0.27588 -0.19902 0.01784
v 0.27588 -0.19902 0.01922
v 0.27588 -0.19902 0.02059
v 0.27588 -0.19902 0.02196
v 0.27588 -0.19902 0.02333
v 0.27588 -0.19902 0.02471
v 0.27725 -0.20039 0.02471
v 0.27725 -0.20039 0.02608
v 0.27588 -0.19902 0.02882
v 0.27588 -0.19902 0.03020
v 0.27588 -0.19902 0.03157
v 0.27588 -0.19902 0.03294
v 0.27588 -0.19902 0.03431
v 0.27588 -0.19902 0.03569
v 0.27588 -0.19627 0.01922
v 0.27588 -0.19627 0.02059
v 0.27588 -0.19627 0.02196
v 0.27588 -0.19627 0.02745
v 0.27588 -0.19627 0.02882
v 0.27588 -0.19627 0.03020
v 0.27588 -0.19627 0.03157
v 0.27588 -0.19627 0.03294
v 0.27588 -0.19353 0.02196
v 0.27588 -0.19353 0.02333
v 0.27588 -0.19353 0.02471
v 0.27588 -0.19353 0.02608
v 0.27588 -0.19353 0.02745
v 0.27588 -0.19353 0.02882
v 0.27588 -0.19078 0.02608
v 0.27588 -0.19078 0.02745
v 0.27725 -0.16196 0.00000
v 0.27725 -0.16059 -0.00069
v 0.27588 -0.16059 0.00137
v 0.27725 -0.16059 0.00069
v 0.27588 -0.16059 0.00275
v 0.27588 -0.16059 0.00412
v 0.27588 -0.16059 0.00549
v 0.27588 -0.16059 0.00686
v 0.27588 -0.16059 0.00824
v 0.27725 -0.15784 -0.00069
v 0.27725 -0.15922 0.00137
v 0.27725 -0.15922 0.00275
v 0.27725 -0.15922 0.00412
v 0.27725 -0.15922 0.00549
v 0.27725 -0.15922 0.00686
v 0.27725 -0.15922 0.00824
v 0.27588 -0.15784 0.00961
v 0.27725 -0.15784 0.00892
v 0.27588 -0.15784 0.01784
v 0.27725 -0.15922 0.01784
v 0.27725 -0.15784 0.01716
v 0.27588 -0.15784 0.01922
v 0.27725 -0.15784 0.01853
v 0.27588 -0.15784 0.02059
v 0.27588 -0.15784 0.02196
v 0.27588 -0.15784 0.02333
v 0.27588 -0.15784 0.02471
v 0.27588 -0.15784 0.02608
v 0.27588 -0.15784 0.02745
v 0.27588 -0.15784 0.02882
v 0.27588 -0.15784 0.03020
v 0.27725 -0.15510 -0.00069
v 0.27725 -0.15647 0.00961
v 0.27725 -0.15510 0.01029
v 0.27588 -0.15510 0.01784
v 0.27725 -0.15510 0.01716
v 0.27725 -0.15647 0.01922
v 0.27725 -0.15647 0.02059
v 0.27725 -0.15647 0.02196
v 0.27725 -0.15647 0.02333
v 0.27725 -0.15647 0.02471
v 0.27725 -0.15647 0.02608
v 0.27725 -0.15647 0.02745
v 0.27725 -0.15647 0.02882
v 0.27725 -0.15647 0.03020
v 0.27725 -0.15647 0.03157
v 0.27725 -0.15647 0.03294
v 0.27588 -0.15510 0.03431
v 0.27725 -0.15510 0.03363
v 0.27725 -0.15235 -0.00069
v 0.27588 -0.15235 0.00961
v 0.27725 -0.15373 0.00961
v 0.27725 -0.15235 0.00892
v 0.27725 -0.15373 0.01784
v 0.27588 -0.15235 0.01922
v 0.27725 -0.15373 0.01922
v 0.27588 -0.15235 0.02059
v 0.27725 -0.15373 0.02059
v 0.27725 -0.15235 0.02127
v 0.27725 -0.15373 0.03431
v 0.27725 -0.15373 0.03569
v 0.27725 -0.15373 0.03706
v 0.27588 -0.15235 0.03843
v 0.27725 -0.15235 0.03775
v 0.27725 -0.14961 -0.00069
v 0.27588 -0.14961 0.00686
v 0.27725 -0.15098 0.00824
v 0.27725 -0.14961 0.00755
v 0.27725 -0.15098 0.02196
v 0.27725 -0.15098 0.02333
v 0.27725 -0.15098 0.02471
v 0.27725 -0.15098 0.02608
v 0.27725 -0.15098 0.02745
v 0.27588 -0.14961 0.02882
v 0.27725 -0.14961 0.02814
v 0.27725 -0.15098 0.03843
v 0.27725 -0.15098 0.03980
v 0.27588 -0.14961 0.04118
v 0.27725 -0.14961 0.04049
v 0.27725 -0.14824 0.00000
v 0.27725 -0.14824 0.00137
v 0.27725 -0.14824 0.00275
v 0.27725 -0.14824 0.00412
v 0.27725 -0.14824 0.00549
v 0.27725 -0.14824 0.00686
v 0.27725 -0.14824 0.02882
v 0.27725 -0.14824 0.03020
v 0.27725 -0.14824 0.03157
v 0.27725 -0.14824 0.03294
v 0.27725 -0.14824 0.03431
v 0.27588 -0.14686 0.03569
v 0.27725 -0.14824 0.03569
v 0.27725 -0.14686 0.03637
v 0.27725 -0.14824 0.03980
v 0.27725 -0.14686 0.03912
v 0.27725 -0.14549 0.03706
v 0.27725 -0.14549 0.03843
v 0.28000 -0.28000 0.00000
v 0.28000 -0.27863 -0.00069
v 0.28000 -0.27863 0.00069
v 0.27863 -0.27863 0.00275
v 0.27863 -0.27863 0.00412
v 0.27863 -0.27863 0.00549
v 0.27863 -0.27863 0.00686
v 0.27863 -0.27863 0.00824
v 0.27863 -0.27863 0.00961
v 0.27863 -0.27863 0.02471
v 0.27863 -0.27863 0.03157
v 0.27863 -0.27863 0.03294
v 0.27863 -0.27863 0.03431
v 0.27863 -0.27863 0.03569
v 0.27863 -0.27863 0.03843
v 0.28000 -0.27588 -0.00069
v 0.28000 -0.27725 0.00137
v 0.28000 -0.27725 0.00275
v 0.28000 -0.27725 0.00412
v 0.28000 -0.27725 0.00549
v 0.28000 -0.27725 0.00686
v 0.28000 -0.27725 0.00824
v 0.28000 -0.27725 0.00961
v 0.28000 -0.27725 0.01098
v 0.28000 -0.27725 0.01235
v 0.28000 -0.27725 0.01373
v 0.28000 -0.27725 0.01510
v 0.28000 -0.27725 0.01647
v 0.28000 -0.27725 0.01784
v 0.28000 -0.27725 0.01922
v 0.28000 -0.27725 0.02059
v 0.28000 -0.27725 0.02196
v 0.28000 -0.27725 0.02333
v 0.28000 -0.27725 0.02471
v 0.28000 -0.27725 0.02608
v 0.28000 -0.27725 0.02745
v 0.28000 -0.27725 0.02882
v 0.28000 -0.27725 0.03020
v 0.28000 -0.27725 0.03157
v 0.28000 -0.27725 0.03294
v 0.28000 -0.27725 0.03431
v 0.28000 -0.27725 0.03569
v 0.28000 -0.27725 0.03706
v 0.28000 -0.27725 0.03843
v 0.28000 -0.27725 0.03980
v 0.27863 -0.27588 0.04118
v 0.28000 -0.27588 0.04049
v 0.27863 -0.27588 0.04255
v 0.27863 -0.27588 0.04392
v 0.27863 -0.27588 0.04529
v 0.27863 -0.27588 0.04667
v 0.27863 -0.27588 0.04804
v 0.28000 -0.27314 -0.00069
v 0.28000 -0.27451 0.04118
v 0.28000 -0.27451 0.04255
v 0.28000 -0.27451 0.04392
v 0.28000 -0.27451 0.04529
v 0.28000 -0.27451 0.04667
v 0.27863 -0.27314 0.04804
v 0.28000 -0.27314 0.04735
v 0.27863 -0.27314 0.04941
v 0.27863 -0.27314 0.05078
v 0.28000 -0.27039 -0.00069
v 0.27863 -0.27039 0.04804
v 0.28000 -0.27039 0.04735
v 0.27863 -0.27039 0.04941
v 0.27863 -0.27039 0.05078
v 0.28000 -0.26765 -0.00069
v 0.28000 -0.26902 0.04804
v 0.28000 -0.26902 0.04941
v 0.28000 -0.26765 0.05010
v 0.27863 -0.26490 0.00000
v 0.28000 -0.26627 0.00000
v 0.28000 -0.26490 0.00069
v 0.27863 -0.26490 0.04941
v 0.28000 -0.26627 0.04941
v 0.28000 -0.26490 0.04873
v 0.27863 -0.26216 0.00000
v 0.27863 -0.26216 0.00137
v 0.28000 -0.26353 0.00137
v 0.27863 -0.26216 0.00275
v 0.28000 -0.26353 0.00275
v 0.28000 -0.26216 0.00343
v 0.27863 -0.26216 0.04804
v 0.28000 -0.26353 0.04804
v 0.28000 -0.26216 0.04735
v 0.27863 -0.25941 0.00275
v 0.27863 -0.25941 0.00412
v 0.28000 -0.26078 0.00412
v 0.27863 -0.25941 0.00549
v 0.28000 -0.26078 0.00549
v 0.27863 -0.25941 0.00686
v 0.28000 -0.26078 0.00686
v 0.28000 -0.25941 0.00755
v 0.27863 -0.25941 0.04529
v 0.28000 -0.26078 0.04529
v 0.28000 -0.25941 0.04461
v 0.27863 -0.25941 0.04667
v 0.28000 -0.26078 0.04667
v 0.27863 -0.25941 0.04804
v 0.27863 -0.25667 0.00686
v 0.27863 -0.25667 0.00824
v 0.28000 -0.25804 0.00824
v 0.27863 -0.25667 0.00961
v 0.28000 -0.25804 0.00961
v 0.27863 -0.25667 0.01098
v 0.28000 -0.25804 0.01098
v 0.27863 -0.25667 0.01235
v 0.28000 -0.25804 0.01235
v 0.27863 -0.25667 0.01373
v 0.28000 -0.25804 0.01373
v 0.28000 -0.25667 0.01441
v 0.27863 -0.25667 0.04529
v 0.28000 -0.25667 0.04461
v 0.27863 -0.25667 0.04667
v 0.27863 -0.25392 0.01235
v 0.27863 -0.25392 0.01373
v 0.27863 -0.25392 0.01510
v 0.28000 -0.25529 0.01510
v 0.27863 -0.25392 0.01647
v 0.28000 -0.25529 0.01647
v 0.27863 -0.25392 0.01784
v 0.28000 -0.25529 0.01784
v 0.28000 -0.25392 0.01853
v 0.27863 -0.25392 0.03843
v 0.28000 -0.25529 0.03843
v 0.28000 -0.25392 0.03775
v 0.27863 -0.25392 0.03980
v 0.28000 -0.25529 0.03980
v 0.27863 -0.25392 0.04118
v 0.28000 -0.25529 0.04118
v 0.27863 -0.25392 0.04255
v 0.28000 -0.25529 0.04255
v 0.27863 -0.25392 0.04392
v 0.28000 -0.25529 0.04392
v 0.27863 -0.25118 0.01373
v 0.27863 -0.25118 0.01510
v 0.27863 -0.25118 0.01647
v 0.27863 -0.25118 0.01784
v 0.27863 -0.25118 0.01922
v 0.28000 -0.25255 0.01922
v 0.27863 -0.25118 0.02059
v 0.28000 -0.25255 0.02059
v 0.27863 -0.25118 0.02196
v 0.28000 -0.25255 0.02196
v 0.27863 -0.25118 0.02333
v 0.28000 -0.25255 0.02333
v 0.27863 -0.25118 0.02471
v 0.28000 -0.25255 0.02471
v 0.27863 -0.25118 0.02608
v 0.28000 -0.25255 0.02608
v 0.27863 -0.25118 0.02745
v 0.28000 -0.25255 0.02745
v 0.27863 -0.25118 0.02882
v 0.28000 -0.25255 0.02882
v 0.27863 -0.25118 0.03020
v 0.28000 -0.25255 0.03020
v 0.27863 -0.25118 0.03157
v 0.28000 -0.25255 0.03157
v 0.27863 -0.25118 0.03294
v 0.28000 -0.25255 0.03294
v 0.27863 -0.25118 0.03431
v 0.28000 -0.25255 0.03431
v 0.27863 -0.25118 0.03569
v 0.28000 -0.25255 0.03569
v 0.27863 -0.25118 0.03706
v 0.28000 -0.25255 0.03706
v 0.27863 -0.25118 0.03843
v 0.27863 -0.25118 0.03980
v 0.27863 -0.24843 0.01647
v 0.27863 -0.24843 0.01784
v 0.27863 -0.24843 0.01922
v 0.27863 -0.24843 0.02059
v 0.27863 -0.24843 0.02196
v 0.27863 -0.24843 0.02333
v 0.27863 -0.24843 0.02471
v 0.27863 -0.24843 0.02608
v 0.27863 -0.24843 0.02745
v 0.27863 -0.24843 0.02882
v 0.27863 -0.24843 0.03020
v 0.27863 -0.24843 0.03157
v 0.27863 -0.24843 0.03294
v 0.27863 -0.24843 0.03431
v 0.27863 -0.24569 0.02059
v 0.27863 -0.24569 0.02196
v 0.27863 -0.24569 0.02333
v 0.27863 -0.24569 0.02471
v 0.27863 -0.24569 0.02608
v 0.27863 -0.24569 0.02745
v 0.27863 -0.24569 0.02882
v 0.27863 -0.24569 0.03020
v 0.27863 -0.24569 0.03157
v 0.27863 -0.24294 0.01922
v 0.27863 -0.24294 0.02059
v 0.27863 -0.24294 0.02196
v 0.27863 -0.24294 0.02333
v 0.27863 -0.24294 0.02471
v 0.27863 -0.24294 0.02608
v 0.27863 -0.24294 0.02745
v 0.27863 -0.24294 0.03157
v 0.27863 -0.24020 0.01647
v 0.27863 -0.24020 0.01784
v 0.27863 -0.24020 0.01922
v 0.27863 -0.24020 0.02059
v 0.27863 -0.24020 0.02196
v 0.27863 -0.24020 0.02333
v 0.27863 -0.24020 0.02471
v 0.27863 -0.23745 0.01784
v 0.27863 -0.23745 0.01922
v 0.27863 -0.23745 0.02059
v 0.27863 -0.23745 0.02196
v 0.27863 -0.23745 0.02333
v 0.27863 -0.23745 0.02471
v 0.27863 -0.23745 0.02608
v 0.27863 -0.23745 0.02745
v 0.27863 -0.23471 0.01373
v 0.27863 -0.23471 0.01510
v 0.27863 -0.23471 0.01647
v 0.27863 -0.23471 0.01784
v 0.27863 -0.23471 0.01922
v 0.27863 -0.23471 0.02059
v 0.27863 -0.23471 0.02196
v 0.27863 -0.23471 0.02333
v 0.27863 -0.23471 0.02471
v 0.27863 -0.23471 0.02608
v 0.27863 -0.23471 0.02745
v 0.27863 -0.23196 0.01235
v 0.27863 -0.23196 0.01373
v 0.27863 -0.23196 0.01510
v 0.27863 -0.23196 0.01647
v 0.27863 -0.23196 0.01784
v 0.27863 -0.23196 0.01922
v 0.27863 -0.23196 0.02059
v 0.27863 -0.23196 0.02196
v 0.27863 -0.23196 0.02333
v 0.27863 -0.23196 0.02471
v 0.27863 -0.23196 0.02608
v 0.27863 -0.23196 0.03020
v 0.27863 -0.23196 0.03157
v 0.27863 -0.22922 0.01098
v 0.27863 -0.22922 0.01235
v 0.27863 -0.22922 0.01373
v 0.27863 -0.22922 0.01510
v 0.27863 -0.22922 0.01647
v 0.27863 -0.22922 0.01784
v 0.27863 -0.22922 0.01922
v 0.27863 -0.22922 0.02059
v 0.27863 -0.22922 0.02196
v 0.27863 -0.22922 0.02333
v 0.27863 -0.22922 0.02471
v 0.27863 -0.22922 0.02608
v 0.27863 -0.22922 0.02882
v 0.27863 -0.22922 0.03020
v 0.27863 -0.22922 0.03157
v 0.27863 -0.22922 0.03294
v 0.27863 -0.22647 0.00961
v 0.27863 -0.22647 0.01098
v 0.27863 -0.22647 0.01235
v 0.27863 -0.22647 0.01373
v 0.27863 -0.22647 0.01510
v 0.27863 -0.22647 0.01647
v 0.27863 -0.22647 0.01784
v 0.27863 -0.22647 0.01922
v 0.27863 -0.22647 0.02059
v 0.27863 -0.22647 0.02196
v 0.27863 -0.22647 0.02333
v 0.27863 -0.22647 0.02471
v 0.27863 -0.22647 0.02608
v 0.27863 -0.22647 0.02745
v 0.27863 -0.22647 0.02882
v 0.27863 -0.22647 0.03020
v 0.27863 -0.22647 0.03157
v 0.27863 -0.22373 0.00824
v 0.27863 -0.22373 0.00961
v 0.27863 -0.22373 0.01098
v 0.27863 -0.22373 0.01235
v 0.27863 -0.22373 0.01373
v 0.27863 -0.22373 0.01510
v 0.27863 -0.22373 0.01647
v 0.27863 -0.22373 0.01784
v 0.27863 -0.22373 0.01922
v 0.27863 -0.22373 0.02059
v 0.27863 -0.22373 0.02196
v 0.27863 -0.22373 0.02333
v 0.27863 -0.22373 0.02471
v 0.27863 -0.22373 0.02608
v 0.27863 -0.22373 0.02745
v 0.27863 -0.22373 0.02882
v 0.27863 -0.22373 0.03020
v 0.27863 -0.22373 0.03157
v 0.27863 -0.22098 0.00824
v 0.27863 -0.22098 0.00961
v 0.27863 -0.22098 0.01098
v 0.27863 -0.22098 0.01235
v 0.27863 -0.22098 0.01373
v 0.27863 -0.22098 0.01510
v 0.27863 -0.22098 0.01647
v 0.27863 -0.22098 0.01784
v 0.27863 -0.22098 0.01922
v 0.27863 -0.22098 0.02059
v 0.27863 -0.22098 0.02196
v 0.27863 -0.22098 0.02333
v 0.27863 -0.22098 0.02471
v 0.27863 -0.22098 0.02608
v 0.27863 -0.22098 0.02745
v 0.27863 -0.22098 0.02882
v 0.27863 -0.22098 0.03020
v 0.27863 -0.22098 0.03157
v 0.27863 -0.22098 0.03294
v 0.27863 -0.21824 0.01510
v 0.27863 -0.21824 0.01647
v 0.27863 -0.21824 0.01784
v 0.27863 -0.21824 0.01922
v 0.27863 -0.21824 0.02059
v 0.27863 -0.21824 0.02196
v 0.27863 -0.21824 0.02333
v 0.27863 -0.21824 0.02471
v 0.27863 -0.21824 0.02608
v 0.27863 -0.21824 0.02745
v 0.27863 -0.21824 0.02882
v 0.27863 -0.21824 0.03020
v 0.27863 -0.21824 0.03157
v 0.27863 -0.21824 0.03294
v 0.27863 -0.21549 0.01235
v 0.27863 -0.21549 0.01373
v 0.27863 -0.21549 0.01510
v 0.27863 -0.21549 0.01647
v 0.27863 -0.21549 0.01784
v 0.27863 -0.21549 0.01922
v 0.27863 -0.21549 0.02059
v 0.27863 -0.21549 0.02196
v 0.27863 -0.21549 0.02333
v 0.27863 -0.21549 0.02471
v 0.27863 -0.21549 0.02608
v 0.27863 -0.21549 0.02745
v 0.27863 -0.21549 0.02882
v 0.27863 -0.21549 0.03020
v 0.27863 -0.21549 0.03157
v 0.27863 -0.21549 0.03294
v 0.27863 -0.21275 0.01784
v 0.27863 -0.21275 0.01922
v 0.27863 -0.21275 0.02059
v 0.27863 -0.21275 0.02196
v 0.27863 -0.21275 0.02333
v 0.27863 -0.21275 0.02471
v 0.27863 -0.21275 0.02608
v 0.27863 -0.21275 0.02745
v 0.27863 -0.21275 0.02882
v 0.27863 -0.21275 0.03020
v 0.27863 -0.21275 0.03157
v 0.27863 -0.21275 0.03294
v 0.27863 -0.21000 0.01922
v 0.27863 -0.21000 0.02059
v 0.27863 -0.21000 0.02196
v 0.27863 -0.21000 0.02333
v 0.27863 -0.21000 0.02471
v 0.27863 -0.21000 0.02608
v 0.27863 -0.21000 0.02745
v 0.27863 -0.21000 0.02882
v 0.27863 -0.21000 0.03020
v 0.27863 -0.21000 0.03157
v 0.27863 -0.20725 0.01784
v 0.27863 -0.20725 0.01922
v 0.27863 -0.20725 0.02059
v 0.27863 -0.20725 0.02196
v 0.27863 -0.20725 0.02333
v 0.27863 -0.20725 0.02608
v 0.27863 -0.20725 0.02745
v 0.27863 -0.20725 0.02882
v 0.27863 -0.20725 0.03020
v 0.27863 -0.20725 0.03157
v 0.27863 -0.20451 0.02196
v 0.27863 -0.20451 0.02608
v 0.27863 -0.20451 0.02745
v 0.27863 -0.20451 0.02882
v 0.27863 -0.20176 0.02471
v 0.27863 -0.20176 0.02608
v 0.27863 -0.16059 0.00000
v 0.28000 -0.15922 0.00000
v 0.28000 -0.15784 -0.00069
v 0.28000 -0.15922 0.00137
v 0.27863 -0.15784 0.00275
v 0.28000 -0.15784 0.00206
v 0.27863 -0.15784 0.00412
v 0.27863 -0.15784 0.00549
v 0.28000 -0.15922 0.00686
v 0.28000 -0.15784 0.00618
v 0.27863 -0.15784 0.00824
v 0.28000 -0.15784 0.00755
v 0.27863 -0.15784 0.01784
v 0.28000 -0.15510 -0.00069
v 0.28000 -0.15647 0.00275
v 0.28000 -0.15647 0.00412
v 0.28000 -0.15647 0.00549
v 0.27863 -0.15510 0.00824
v 0.28000 -0.15510 0.00755
v 0.27863 -0.15510 0.00961
v 0.28000 -0.15647 0.01784
v 0.28000 -0.15510 0.01716
v 0.28000 -0.15647 0.01922
v 0.28000 -0.15647 0.02059
v 0.28000 -0.15647 0.02196
v 0.28000 -0.15647 0.02333
v 0.28000 -0.15647 0.02471
v 0.28000 -0.15647 0.02608
v 0.28000 -0.15647 0.02745
v 0.28000 -0.15647 0.02882
v 0.28000 -0.15647 0.03020
v 0.28000 -0.15647 0.03157
v 0.27863 -0.15510 0.03294
v 0.28000 -0.15510 0.03225
v 0.28000 -0.15235 -0.00069
v 0.27863 -0.15235 0.00824
v 0.28000 -0.15235 0.00755
v 0.28000 -0.15373 0.01784
v 0.28000 -0.15373 0.01922
v 0.27863 -0.15235 0.02059
v 0.28000 -0.15235 0.01990
v 0.28000 -0.15373 0.03294
v 0.28000 -0.15373 0.03431
v 0.28000 -0.15373 0.03569
v 0.28000 -0.15373 0.03706
v 0.28000 -0.15235 0.03775
v 0.28000 -0.14961 -0.00069
v 0.27863 -0.14961 0.00686
v 0.28000 -0.15098 0.00686
v 0.28000 -0.14961 0.00618
v 0.28000 -0.15098 0.02059
v 0.28000 -0.15098 0.02196
v 0.28000 -0.15098 0.02333
v 0.28000 -0.15098 0.02471
v 0.28000 -0.15098 0.02608
v 0.28000 -0.15098 0.02745
v 0.27863 -0.14961 0.02882
v 0.28000 -0.15098 0.02882
v 0.28000 -0.14961 0.02951
v 0.28000 -0.15098 0.03843
v 0.28000 -0.15098 0.03980
v 0.28000 -0.14961 0.04049
v 0.28000 -0.14824 0.00000
v 0.28000 -0.14824 0.00137
v 0.28000 -0.14824 0.00275
v 0.28000 -0.14824 0.00412
v 0.28000 -0.14824 0.00549
v 0.28000 -0.14824 0.03020
v 0.28000 -0.14824 0.03157
v 0.28000 -0.14824 0.03294
v 0.28000 -0.14824 0.03431
v 0.28000 -0.14824 0.03569
v 0.28000 -0.14686 0.03637
v 0.28000 -0.14824 0.03980
v 0.28000 -0.14686 0.03912
v 0.28000 -0.14549 0.03706
v 0.28000 -0.14549 0.03843
v 0.28137 -0.27863 0.00000
v 0.28137 -0.27588 0.00000
v 0.28137 -0.27588 0.00137
v 0.28137 -0.27588 0.00275
v 0.28137 -0.27588 0.00412
v 0.28137 -0.27588 0.00549
v 0.28137 -0.27588 0.00686
v 0.28275 -0.27725 0.00824
v 0.28275 -0.27588 0.00755
v 0.28137 -0.27588 0.00961
v 0.28275 -0.27588 0.00892
v 0.28137 -0.27588 0.01098
v 0.28137 -0.27588 0.01235
v 0.28137 -0.27588 0.01373
v 0.28137 -0.27588 0.01510
v 0.28137 -0.27588 0.01647
v 0.28137 -0.27588 0.01784
v 0.28137 -0.27588 0.01922
v 0.28137 -0.27588 0.02059
v 0.28137 -0.27588 0.02196
v 0.28137 -0.27588 0.02333
v 0.28137 -0.27588 0.02471
v 0.28137 -0.27588 0.02608
v 0.28137 -0.27588 0.02745
v 0.28137 -0.27588 0.02882
v 0.28137 -0.27588 0.03020
v 0.28137 -0.27588 0.03157
v 0.28137 -0.27588 0.03294
v 0.28137 -0.27588 0.03431
v 0.28137 -0.27588 0.03569
v 0.28137 -0.27588 0.03706
v 0.28137 -0.27588 0.03843
v 0.28137 -0.27588 0.03980
v 0.28137 -0.27314 0.00000
v 0.28137 -0.27314 0.00137
v 0.28137 -0.27314 0.00275
v 0.28137 -0.27314 0.00412
v 0.28137 -0.27314 0.00549
v 0.28275 -0.27451 0.00686
v 0.28275 -0.27314 0.00618
v 0.28275 -0.27451 0.00961
v 0.28275 -0.27451 0.01098
v 0.28275 -0.27451 0.01235
v 0.28275 -0.27451 0.01373
v 0.28275 -0.27451 0.01510
v 0.28137 -0.27314 0.01647
v 0.28275 -0.27314 0.01578
v 0.28275 -0.27451 0.01784
v 0.28275 -0.27314 0.01716
v 0.28275 -0.27451 0.01922
v 0.28275 -0.27451 0.02059
v 0.28275 -0.27451 0.02196
v 0.28137 -0.27314 0.02333
v 0.28275 -0.27314 0.02265
v 0.28137 -0.27314 0.02471
v 0.28137 -0.27314 0.02608
v 0.28275 -0.27451 0.02745
v 0.28275 -0.27314 0.02676
v 0.28275 -0.27451 0.02882
v 0.28275 -0.27451 0.03020
v 0.28275 -0.27451 0.03157
v 0.28275 -0.27451 0.03294
v 0.28137 -0.27314 0.03431
v 0.28275 -0.27314 0.03363
v 0.28137 -0.27314 0.03569
v 0.28137 -0.27314 0.03706
v 0.28137 -0.27314 0.03843
v 0.28137 -0.27314 0.03980
v 0.28137 -0.27314 0.04118
v 0.28137 -0.27314 0.04255
v 0.28137 -0.27314 0.04392
v 0.28137 -0.27314 0.04529
v 0.28137 -0.27314 0.04667
v 0.28137 -0.27039 0.00000
v 0.28137 -0.27039 0.00137
v 0.28137 -0.27039 0.00275
v 0.28275 -0.27176 0.00412
v 0.28275 -0.27039 0.00343
v 0.28275 -0.27176 0.00549
v 0.28275 -0.27176 0.01647
v 0.28275 -0.27176 0.02333
v 0.28275 -0.27176 0.02471
v 0.28275 -0.27176 0.02608
v 0.28275 -0.27176 0.03431
v 0.28275 -0.27176 0.03569
v 0.28275 -0.27176 0.03706
v 0.28275 -0.27176 0.03843
v 0.28275 -0.27176 0.03980
v 0.28275 -0.27176 0.04118
v 0.28137 -0.27039 0.04255
v 0.28275 -0.27039 0.04186
v 0.28137 -0.27039 0.04392
v 0.28137 -0.27039 0.04529
v 0.28137 -0.27039 0.04667
v 0.28137 -0.26765 0.00000
v 0.28137 -0.26765 0.00137
v 0.28137 -0.26765 0.00275
v 0.28137 -0.26765 0.00412
v 0.28275 -0.26902 0.00412
v 0.28275 -0.26765 0.00480
v 0.28275 -0.26902 0.04255
v 0.28275 -0.26902 0.04392
v 0.28275 -0.26902 0.04529
v 0.28137 -0.26765 0.04667
v 0.28275 -0.26765 0.04598
v 0.28137 -0.26765 0.04804
v 0.28137 -0.26765 0.04941
v 0.28137 -0.26490 0.00137
v 0.28137 -0.26490 0.00275
v 0.28137 -0.26490 0.00412
v 0.28137 -0.26490 0.00549
v 0.28275 -0.26627 0.00549
v 0.28137 -0.26490 0.00686
v 0.28275 -0.26627 0.00686
v 0.28137 -0.26490 0.00824
v 0.28275 -0.26627 0.00824
v 0.28137 -0.26490 0.00961
v 0.28275 -0.26627 0.00961
v 0.28137 -0.26490 0.01098
v 0.28275 -0.26627 0.01098
v 0.28275 -0.26490 0.01167
v 0.28137 -0.26490 0.04529
v 0.28275 -0.26627 0.04529
v 0.28275 -0.26490 0.04461
v 0.28137 -0.26490 0.04667
v 0.28137 -0.26490 0.04804
v 0.28137 -0.26216 0.00412
v 0.28137 -0.26216 0.00549
v 0.28137 -0.26216 0.00686
v 0.28137 -0.26216 0.00824
v 0.28137 -0.26216 0.00961
v 0.28137 -0.26216 0.01098
v 0.28275 -0.26216 0.01167
v 0.28137 -0.26216 0.03706
v 0.28275 -0.26353 0.03706
v 0.28275 -0.26216 0.03637
v 0.28137 -0.26216 0.03843
v 0.28275 -0.26353 0.03843
v 0.28137 -0.26216 0.03980
v 0.28275 -0.26353 0.03980
v 0.28137 -0.26216 0.04118
v 0.28275 -0.26353 0.04118
v 0.28137 -0.26216 0.04255
v 0.28275 -0.26353 0.04255
v 0.28137 -0.26216 0.04392
v 0.28275 -0.26353 0.04392
v 0.28137 -0.26216 0.04529
v 0.28137 -0.26216 0.04667
v 0.28137 -0.25941 0.00824
v 0.28137 -0.25941 0.00961
v 0.28137 -0.25941 0.01098
v 0.28137 -0.25941 0.01235
v 0.28275 -0.26078 0.01235
v 0.28137 -0.25941 0.01373
v 0.28275 -0.26078 0.01373
v 0.28137 -0.25941 0.01510
v 0.28275 -0.26078 0.01510
v 0.28137 -0.25941 0.01647
v 0.28275 -0.26078 0.01647
v 0.28137 -0.25941 0.01784
v 0.28275 -0.26078 0.01784
v 0.28275 -0.25941 0.01853
v 0.28137 -0.25941 0.03706
v 0.28275 -0.25941 0.03637
v 0.28137 -0.25941 0.03843
v 0.28137 -0.25941 0.03980
v 0.28137 -0.25941 0.04118
v 0.28137 -0.25941 0.04255
v 0.28137 -0.25941 0.04392
v 0.28137 -0.25667 0.01510
v 0.28137 -0.25667 0.01647
v 0.28137 -0.25667 0.01784
v 0.28137 -0.25667 0.01922
v 0.28275 -0.25804 0.01922
v 0.28137 -0.25667 0.02059
v 0.28275 -0.25804 0.02059
v 0.28137 -0.25667 0.02196
v 0.28275 -0.25804 0.02196
v 0.28137 -0.25667 0.02333
v 0.28275 -0.25804 0.02333
v 0.28137 -0.25667 0.02471
v 0.28275 -0.25804 0.02471
v 0.28275 -0.25667 0.02539
v 0.28137 -0.25667 0.03020
v 0.28275 -0.25804 0.03020
v 0.28275 -0.25667 0.02951
v 0.28137 -0.25667 0.03157
v 0.28275 -0.25804 0.03157
v 0.28275 -0.25667 0.03225
v 0.28137 -0.25667 0.03431
v 0.28275 -0.25804 0.03431
v 0.28275 -0.25667 0.03363
v 0.28137 -0.25667 0.03569
v 0.28275 -0.25804 0.03569
v 0.28137 -0.25667 0.03706
v 0.28137 -0.25667 0.03843
v 0.28137 -0.25667 0.03980
v 0.28137 -0.25667 0.04118
v 0.28137 -0.25667 0.04255
v 0.28137 -0.25667 0.04392
v 0.28137 -0.25392 0.01922
v 0.28137 -0.25392 0.02059
v 0.28137 -0.25392 0.02196
v 0.28137 -0.25392 0.02333
v 0.28137 -0.25392 0.02471
v 0.28137 -0.25392 0.02608
v 0.28275 -0.25529 0.02608
v 0.28137 -0.25392 0.02745
v 0.28275 -0.25529 0.02745
v 0.28137 -0.25392 0.02882
v 0.28275 -0.25529 0.02882
v 0.28137 -0.25392 0.03020
v 0.28137 -0.25392 0.03157
v 0.28137 -0.25392 0.03294
v 0.28275 -0.25529 0.03294
v 0.28137 -0.25392 0.03431
v 0.28137 -0.25392 0.03569
v 0.28137 -0.25392 0.03706
v 0.28137 -0.15784 0.00000
v 0.28137 -0.15784 0.00137
v 0.28137 -0.15784 0.00686
v 0.28275 -0.15647 0.00000
v 0.28275 -0.15510 -0.00069
v 0.28275 -0.15647 0.00137
v 0.28275 -0.15647 0.00275
v 0.28275 -0.15647 0.00412
v 0.28275 -0.15647 0.00549
v 0.28137 -0.15510 0.00686
v 0.28275 -0.15510 0.00618
v 0.28137 -0.15510 0.01510
v 0.28275 -0.15647 0.01510
v 0.28275 -0.15510 0.01441
v 0.28137 -0.15510 0.01647
v 0.28275 -0.15647 0.01647
v 0.28275 -0.15647 0.01784
v 0.28275 -0.15647 0.01922
v 0.28275 -0.15647 0.02059
v 0.28275 -0.15647 0.02196
v 0.28275 -0.15647 0.02333
v 0.28275 -0.15647 0.02471
v 0.28275 -0.15647 0.02608
v 0.28275 -0.15647 0.02745
v 0.28275 -0.15647 0.02882
v 0.28275 -0.15647 0.03020
v 0.28275 -0.15647 0.03157
v 0.28137 -0.15510 0.03294
v 0.28275 -0.15647 0.03294
v 0.28275 -0.15510 0.03363
v 0.28275 -0.15235 -0.00069
v 0.28275 -0.15373 0.00686
v 0.28275 -0.15235 0.00755
v 0.28275 -0.15373 0.01510
v 0.28275 -0.15373 0.01647
v 0.28275 -0.15373 0.01784
v 0.28275 -0.15373 0.01922
v 0.28137 -0.15235 0.02059
v 0.28275 -0.15373 0.02059
v 0.28137 -0.15235 0.02196
v 0.28275 -0.15373 0.02196
v 0.28275 -0.15235 0.02265
v 0.28275 -0.15373 0.03431
v 0.28275 -0.15373 0.03569
v 0.28275 -0.15373 0.03706
v 0.28137 -0.15235 0.03843
v 0.28275 -0.15373 0.03843
v 0.28275 -0.15235 0.03912
v 0.28275 -0.14961 -0.00069
v 0.28275 -0.15098 0.00686
v 0.28275 -0.14961 0.00618
v 0.28275 -0.15098 0.02333
v 0.28275 -0.15098 0.02471
v 0.28275 -0.15098 0.02608
v 0.28275 -0.15098 0.02745
v 0.28137 -0.14961 0.02882
v 0.28275 -0.14961 0.02814
v 0.28137 -0.14961 0.03980
v 0.28275 -0.14961 0.03912
v 0.28275 -0.14824 0.00000
v 0.28275 -0.14824 0.00137
v 0.28275 -0.14824 0.00275
v 0.28275 -0.14824 0.00412
v 0.28275 -0.14824 0.00549
v 0.28275 -0.14824 0.02882
v 0.28275 -0.14824 0.03020
v 0.28275 -0.14824 0.03157
v 0.28275 -0.14824 0.03294
v 0.28275 -0.14824 0.03431
v 0.28137 -0.14686 0.03569
v 0.28275 -0.14686 0.03500
v 0.28275 -0.14686 0.03912
v 0.28275 -0.14549 0.03569
v 0.28275 -0.14549 0.03706
v 0.28275 -0.14549 0.03843
v 0.28412 -0.27588 0.00824
v 0.28412 -0.27314 0.00686
v 0.28412 -0.27314 0.00824
v 0.28412 -0.27314 0.00961
v 0.28412 -0.27314 0.01098
v 0.28412 -0.27314 0.01235
v 0.28412 -0.27314 0.01373
v 0.28412 -0.27314 0.01510
v 0.28412 -0.27314 0.01784
v 0.28412 -0.27314 0.01922
v 0.28412 -0.27314 0.02059
v 0.28412 -0.27314 0.02196
v 0.28412 -0.27314 0.02745
v 0.28412 -0.27314 0.02882
v 0.28412 -0.27314 0.03020
v 0.28412 -0.27314 0.03157
v 0.28412 -0.27314 0.03294
v 0.28412 -0.27039 0.00412
v 0.28412 -0.27039 0.00549
v 0.28412 -0.27039 0.00686
v 0.28412 -0.27039 0.00824
v 0.28412 -0.27039 0.00961
v 0.28412 -0.27039 0.01098
v 0.28412 -0.27039 0.01235
v 0.28412 -0.27039 0.01373
v 0.28412 -0.27039 0.01510
v 0.28412 -0.27039 0.01647
v 0.28412 -0.27039 0.01784
v 0.28412 -0.27039 0.01922
v 0.28412 -0.27039 0.02059
v 0.28412 -0.27039 0.02196
v 0.28412 -0.27039 0.02333
v 0.28549 -0.27176 0.02471
v 0.28549 -0.27039 0.02402
v 0.28412 -0.27039 0.02608
v 0.28549 -0.27039 0.02539
v 0.28412 -0.27039 0.02745
v 0.28412 -0.27039 0.02882
v 0.28412 -0.27039 0.03020
v 0.28412 -0.27039 0.03157
v 0.28412 -0.27039 0.03294
v 0.28412 -0.27039 0.03431
v 0.28412 -0.27039 0.03569
v 0.28412 -0.27039 0.03706
v 0.28412 -0.27039 0.03843
v 0.28412 -0.27039 0.03980
v 0.28412 -0.27039 0.04118
v 0.28412 -0.26765 0.00549
v 0.28412 -0.26765 0.00686
v 0.28412 -0.26765 0.00824
v 0.28412 -0.26765 0.00961
v 0.28412 -0.26765 0.01098
v 0.28412 -0.26765 0.01235
v 0.28412 -0.26765 0.01373
v 0.28412 -0.26765 0.01510
v 0.28412 -0.26765 0.01647
v 0.28412 -0.26765 0.01784
v 0.28412 -0.26765 0.01922
v 0.28412 -0.26765 0.02059
v 0.28412 -0.26765 0.02196
v 0.28412 -0.26765 0.02333
v 0.28412 -0.26765 0.02471
v 0.28549 -0.26902 0.02471
v 0.28412 -0.26765 0.02608
v 0.28412 -0.26765 0.02745
v 0.28412 -0.26765 0.02882
v 0.28412 -0.26765 0.03020
v 0.28412 -0.26765 0.03157
v 0.28412 -0.26765 0.03294
v 0.28412 -0.26765 0.03431
v 0.28412 -0.26765 0.03569
v 0.28412 -0.26765 0.03706
v 0.28412 -0.26765 0.03843
v 0.28412 -0.26765 0.03980
v 0.28412 -0.26765 0.04118
v 0.28412 -0.26765 0.04255
v 0.28412 -0.26765 0.04392
v 0.28412 -0.26765 0.04529
v 0.28412 -0.26490 0.01235
v 0.28412 -0.26490 0.01373
v 0.28412 -0.26490 0.01510
v 0.28412 -0.26490 0.01647
v 0.28412 -0.26490 0.01784
v 0.28412 -0.26490 0.01922
v 0.28412 -0.26490 0.02059
v 0.28412 -0.26490 0.02196
v 0.28412 -0.26490 0.02333
v 0.28412 -0.26490 0.02471
v 0.28412 -0.26490 0.02608
v 0.28412 -0.26490 0.02745
v 0.28412 -0.26490 0.02882
v 0.28412 -0.26490 0.03020
v 0.28412 -0.26490 0.03157
v 0.28412 -0.26490 0.03294
v 0.28412 -0.26490 0.03431
v 0.28412 -0.26490 0.03569
v 0.28412 -0.26490 0.03706
v 0.28412 -0.26490 0.03843
v 0.28412 -0.26490 0.03980
v 0.28412 -0.26490 0.04118
v 0.28412 -0.26490 0.04255
v 0.28412 -0.26490 0.04392
v 0.28412 -0.26216 0.01235
v 0.28412 -0.26216 0.01373
v 0.28412 -0.26216 0.01510
v 0.28412 -0.26216 0.01647
v 0.28412 -0.26216 0.01784
v 0.28412 -0.26216 0.01922
v 0.28412 -0.26216 0.02059
v 0.28412 -0.26216 0.02196
v 0.28412 -0.26216 0.02333
v 0.28412 -0.26216 0.02471
v 0.28412 -0.26216 0.02608
v 0.28412 -0.26216 0.02745
v 0.28412 -0.26216 0.02882
v 0.28412 -0.26216 0.03020
v 0.28412 -0.26216 0.03157
v 0.28412 -0.26216 0.03294
v 0.28412 -0.26216 0.03431
v 0.28412 -0.26216 0.03569
v 0.28412 -0.25941 0.01922
v 0.28412 -0.25941 0.02059
v 0.28412 -0.25941 0.02196
v 0.28412 -0.25941 0.02333
v 0.28412 -0.25941 0.02471
v 0.28412 -0.25941 0.02608
v 0.28412 -0.25941 0.02745
v 0.28412 -0.25941 0.02882
v 0.28412 -0.25941 0.03020
v 0.28412 -0.25941 0.03157
v 0.28412 -0.25941 0.03294
v 0.28412 -0.25941 0.03431
v 0.28412 -0.25941 0.03569
v 0.28412 -0.25667 0.02608
v 0.28412 -0.25667 0.02745
v 0.28412 -0.25667 0.02882
v 0.28412 -0.25667 0.03294
v 0.28549 -0.15647 0.00000
v 0.28549 -0.15510 -0.00069
v 0.28549 -0.15647 0.00137
v 0.28412 -0.15510 0.00275
v 0.28549 -0.15510 0.00206
v 0.28412 -0.15510 0.00412
v 0.28412 -0.15510 0.00549
v 0.28412 -0.15510 0.01510
v 0.28412 -0.15510 0.01647
v 0.28549 -0.15647 0.01784
v 0.28549 -0.15510 0.01716
v 0.28549 -0.15647 0.01922
v 0.28549 -0.15647 0.02059
v 0.28549 -0.15647 0.02196
v 0.28549 -0.15647 0.02333
v 0.28549 -0.15647 0.02471
v 0.28549 -0.15647 0.02608
v 0.28549 -0.15647 0.02745
v 0.28549 -0.15647 0.02882
v 0.28549 -0.15647 0.03020
v 0.28412 -0.15510 0.03157
v 0.28549 -0.15510 0.03088
v 0.28412 -0.15510 0.03294
v 0.28549 -0.15235 -0.00069
v 0.28549 -0.15373 0.00275
v 0.28549 -0.15373 0.00412
v 0.28412 -0.15235 0.00549
v 0.28549 -0.15235 0.00480
v 0.28412 -0.15235 0.00686
v 0.28549 -0.15373 0.01784
v 0.28549 -0.15373 0.01922
v 0.28549 -0.15373 0.02059
v 0.28412 -0.15235 0.02196
v 0.28549 -0.15235 0.02127
v 0.28549 -0.15373 0.03157
v 0.28549 -0.15373 0.03294
v 0.28549 -0.15373 0.03431
v 0.28549 -0.15373 0.03569
v 0.28549 -0.15373 0.03706
v 0.28412 -0.15235 0.03843
v 0.28549 -0.15235 0.03775
v 0.28549 -0.14961 -0.00069
v 0.28412 -0.14961 0.00549
v 0.28549 -0.14961 0.00480
v 0.28549 -0.15098 0.02196
v 0.28549 -0.15098 0.02333
v 0.28549 -0.15098 0.02471
v 0.28549 -0.15098 0.02608
v 0.28549 -0.15098 0.02745
v 0.28549 -0.14961 0.02814
v 0.28549 -0.15098 0.03843
v 0.28549 -0.14961 0.03912
v 0.28549 -0.14824 0.00000
v 0.28549 -0.14824 0.00137
v 0.28549 -0.14824 0.00275
v 0.28549 -0.14824 0.00412
v 0.28549 -0.14824 0.02882
v 0.28549 -0.14824 0.03020
v 0.28549 -0.14824 0.03157
v 0.28549 -0.14824 0.03294
v 0.28549 -0.14824 0.03431
v 0.28412 -0.14686 0.03569
v 0.28549 -0.14824 0.03569
v 0.28412 -0.14686 0.03706
v 0.28549 -0.14824 0.03706
v 0.28412 -0.14686 0.03843
v 0.28549 -0.14824 0.03843
v 0.28686 -0.27039 0.02471
v 0.28686 -0.15510 0.00000
v 0.28686 -0.15510 0.00137
v 0.28824 -0.15647 0.01784
v 0.28824 -0.15510 0.01716
v 0.28824 -0.15647 0.01922
v 0.28824 -0.15647 0.02059
v 0.28824 -0.15647 0.02196
v 0.28686 -0.15510 0.02333
v 0.28824 -0.15510 0.02265
v 0.28686 -0.15510 0.02471
v 0.28686 -0.15510 0.02608
v 0.28686 -0.15510 0.02745
v 0.28686 -0.15510 0.02882
v 0.28686 -0.15510 0.03020
v 0.28824 -0.15373 0.00000
v 0.28824 -0.15235 -0.00069
v 0.28686 -0.15235 0.00137
v 0.28824 -0.15235 0.00069
v 0.28686 -0.15235 0.00275
v 0.28686 -0.15235 0.00412
v 0.28824 -0.15373 0.01784
v 0.28824 -0.15373 0.01922
v 0.28686 -0.15235 0.02059
v 0.28824 -0.15235 0.01990
v 0.28824 -0.15373 0.02333
v 0.28824 -0.15373 0.02471
v 0.28824 -0.15373 0.02608
v 0.28824 -0.15373 0.02745
v 0.28824 -0.15373 0.02882
v 0.28824 -0.15373 0.03020
v 0.28824 -0.15373 0.03157
v 0.28824 -0.15373 0.03294
v 0.28824 -0.15373 0.03431
v 0.28686 -0.15235 0.03569
v 0.28824 -0.15235 0.03500
v 0.28686 -0.15235 0.03706
v 0.28824 -0.14961 -0.00069
v 0.28824 -0.15098 0.00137
v 0.28824 -0.15098 0.00275
v 0.28824 -0.15098 0.00412
v 0.28824 -0.14961 0.00480
v 0.28824 -0.15098 0.02059
v 0.28824 -0.15098 0.02196
v 0.28824 -0.15098 0.02333
v 0.28824 -0.15098 0.02471
v 0.28824 -0.15098 0.02608
v 0.28824 -0.15098 0.02745
v 0.28824 -0.14961 0.02814
v 0.28824 -0.15098 0.03569
v 0.28686 -0.14961 0.03706
v 0.28824 -0.14961 0.03637
v 0.28686 -0.14961 0.03843
v 0.28824 -0.14824 0.00000
v 0.28824 -0.14824 0.00137
v 0.28824 -0.14824 0.00275
v 0.28824 -0.14824 0.00412
v 0.28824 -0.14824 0.02882
v 0.28824 -0.14824 0.03020
v 0.28824 -0.14824 0.03157
v 0.28824 -0.14824 0.03294
v 0.28824 -0.14824 0.03431
v 0.28824 -0.14824 0.03569
v 0.28961 -0.15510 0.01784
v 0.28961 -0.15510 0.01922
v 0.28961 -0.15510 0.02059
v 0.28961 -0.15510 0.02196
v 0.28961 -0.15235 0.00000
v 0.28961 -0.15235 0.02059
v 0.29098 -0.15373 0.02196
v 0.29098 -0.15235 0.02127
v 0.29098 -0.15373 0.02333
v 0.29098 -0.15373 0.02471
v 0.29098 -0.15373 0.02608
v 0.29098 -0.15373 0.02745
v 0.29098 -0.15373 0.02882
v 0.29098 -0.15373 0.03020
v 0.29098 -0.15373 0.03157
v 0.28961 -0.15235 0.03294
v 0.29098 -0.15235 0.03225
v 0.28961 -0.15235 0.03431
v 0.28961 -0.14961 0.00000
v 0.29098 -0.15098 0.00137
v 0.29098 -0.14961 0.00069
v 0.29098 -0.15098 0.00275
v 0.28961 -0.14961 0.00412
v 0.29098 -0.14961 0.00343
v 0.29098 -0.15098 0.02196
v 0.29098 -0.15098 0.02333
v 0.29098 -0.15098 0.02471
v 0.29098 -0.15098 0.02608
v 0.29098 -0.15098 0.02745
v 0.29098 -0.14961 0.02814
v 0.29098 -0.15098 0.03294
v 0.28961 -0.14961 0.03431
v 0.29098 -0.14961 0.03363
v 0.28961 -0.14961 0.03569
v 0.29098 -0.14824 0.00137
v 0.29098 -0.14824 0.00275
v 0.29098 -0.14824 0.02882
v 0.29098 -0.14824 0.03020
v 0.29098 -0.14824 0.03157
v 0.29098 -0.14824 0.03294
v 0.29235 -0.15235 0.02196
v 0.29235 -0.15235 0.02333
v 0.29235 -0.15235 0.02471
v 0.29235 -0.15235 0.02608
v 0.29235 -0.15235 0.02745
v 0.29235 -0.15235 0.02882
v 0.29235 -0.15235 0.03020
v 0.29235 -0.15235 0.03157
v 0.29235 -0.14961 0.00137
v 0.29235 -0.14961 0.00275
v 0.29235 -0.14961 0.02882
v 0.29235 -0.14961 0.03020
v 0.29235 -0.14961 0.03157
v 0.29235 -0.14961 0.03294
f 3 2 1
f 2 4 1
f 7 6 5
f 6 8 5
f 3 1 9
f 1 4 9
f 7 5 10
f 5 8 10
f 13 12 11
f 12 15 14
f 11 12 14
f 15 17 16
f 14 15 16
f 17 19 18
f 16 17 18
f 19 21 20
f 18 19 20
f 21 22 20
f 25 24 23
f 24 27 26
f 23 24 26
f 27 29 28
f 26 27 28
f 29 31 30
f 28 29 30
f 31 33 32
f 30 31 32
f 33 35 34
f 32 33 34
f 35 37 36
f 34 35 36
f 37 39 38
f 36 37 38
f 39 41 40
f 38 39 40
f 41 43 42
f 40 41 42
f 43 45 44
f 42 43 44
f 45 47 46
f 44 45 46
f 47 49 48
f 46 47 48
f 49 51 50
f 48 49 50
f 51 53 52
f 50 51 52
f 53 54 52
f 56 13 11
f 55 56 11
f 11 14 55
f 14 57 55
f 58 59 57
f 58 57 16
f 16 57 14
f 16 18 60
f 58 16 60
f 18 20 61
f 60 18 61
f 20 22 61
f 25 23 62
f 23 26 63
f 62 23 63
f 26 28 64
f 63 26 64
f 66 64 28
f 66 28 65
f 65 28 30
f 30 32 65
f 32 67 65
f 32 34 67
f 34 68 67
f 34 36 68
f 36 69 68
f 36 38 69
f 38 70 69
f 38 40 70
f 40 71 70
f 3 42 2
f 3 71 42
f 71 40 42
f 2 72 4
f 2 42 72
f 42 44 72
f 7 46 6
f 7 72 46
f 72 44 46
f 6 73 8
f 6 46 73
f 46 48 73
f 48 50 73
f 50 74 73
f 50 52 74
f 52 75 74
f 54 77 76
f 54 76 52
f 52 76 75
f 77 79 78
f 76 77 78
f 79 81 80
f 78 79 80
f 81 83 82
f 80 81 82
f 83 85 84
f 82 83 84
f 85 87 86
f 84 85 86
f 87 88 86
f 56 55 89
f 55 57 90
f 89 55 90
f 57 59 90
f 66 65 91
f 65 67 92
f 91 65 92
f 67 68 93
f 92 67 93
f 68 69 94
f 93 68 94
f 69 70 95
f 94 69 95
f 97 95 70
f 97 70 96
f 96 70 71
f 9 71 3
f 9 98 71
f 98 96 71
f 4 98 9
f 4 72 98
f 72 99 98
f 10 72 7
f 10 100 72
f 100 99 72
f 8 100 10
f 8 73 100
f 73 101 100
f 73 74 101
f 74 102 101
f 74 75 102
f 75 103 102
f 75 76 103
f 76 104 103
f 76 78 104
f 78 105 104
f 78 80 105
f 80 106 105
f 80 82 106
f 82 107 106
f 82 84 107
f 84 108 107
f 109 110 108
f 109 108 86
f 86 108 84
f 86 88 109
f 97 96 111
f 96 98 112
f 111 96 112
f 98 99 113
f 112 98 113
f 99 100 114
f 113 99 114
f 100 101 115
f 114 100 115
f 101 102 116
f 115 101 116
f 102 103 117
f 116 102 117
f 103 104 118
f 117 103 118
f 104 105 119
f 118 104 119
f 105 106 120
f 119 105 120
f 106 107 121
f 120 106 121
f 107 108 122
f 121 107 122
f 108 110 122
f 125 124 123
f 124 127 126
f 123 124 126
f 127 129 128
f 126 127 128
f 129 131 130
f 128 129 130
f 131 132 130
f 135 134 133
f 134 137 136
f 133 134 136
f 137 139 138
f 136 137 138
f 139 141 140
f 138 139 140
f 141 143 142
f 140 141 142
f 143 145 144
f 142 143 144
f 145 147 146
f 144 145 146
f 147 149 148
f 146 147 148
f 149 151 150
f 148 149 150
f 151 153 152
f 150 151 152
f 153 155 154
f 152 153 154
f 155 157 156
f 154 155 156
f 157 159 158
f 156 157 158
f 159 161 160
f 158 159 160
f 161 163 162
f 160 161 162
f 163 165 164
f 162 163 164
f 165 167 166
f 164 165 166
f 167 168 166
f 123 12 13
f 123 13 125
f 125 13 169
f 126 12 123
f 15 12 126
f 128 15 126
f 17 15 128
f 130 17 128
f 19 17 130
f 132 19 130
f 132 170 19
f 170 21 19
f 171 22 21
f 171 21 172
f 172 21 170
f 172 173 171
f 135 133 174
f 176 174 133
f 176 133 175
f 175 133 136
f 25 138 24
f 25 175 138
f 175 136 138
f 140 24 138
f 27 24 140
f 142 27 140
f 29 27 142
f 144 29 142
f 31 29 144
f 146 31 144
f 33 31 146
f 148 33 146
f 35 33 148
f 150 35 148
f 37 35 150
f 152 37 150
f 39 37 152
f 154 39 152
f 41 39 154
f 156 41 154
f 43 41 156
f 158 43 156
f 45 43 158
f 160 45 158
f 47 45 160
f 162 47 160
f 49 47 162
f 164 49 162
f 51 49 164
f 166 51 164
f 53 51 166
f 53 177 54
f 166 177 53
f 166 178 177
f 166 168 178
f 178 180 179
f 177 178 179
f 180 182 181
f 179 180 181
f 182 184 183
f 181 182 183
f 184 186 185
f 183 184 185
f 186 188 187
f 185 186 187
f 188 189 187
f 192 191 190
f 191 56 190
f 191 169 56
f 169 13 56
f 58 193 59
f 60 193 58
f 194 193 60
f 61 194 60
f 195 194 61
f 22 195 61
f 22 171 195
f 171 196 195
f 173 198 197
f 173 197 171
f 171 197 196
f 198 200 199
f 197 198 199
f 200 201 199
f 176 175 202
f 175 25 62
f 175 62 202
f 202 62 203
f 203 62 204
f 62 63 204
f 206 64 205
f 206 204 64
f 204 63 64
f 64 66 205
f 177 77 54
f 179 77 177
f 79 77 179
f 181 79 179
f 81 79 181
f 183 81 181
f 83 81 183
f 185 83 183
f 85 83 185
f 187 85 185
f 87 85 187
f 87 207 88
f 187 207 87
f 187 208 207
f 187 189 208
f 208 210 209
f 207 208 209
f 210 212 211
f 209 210 211
f 212 214 213
f 211 212 213
f 214 216 215
f 213 214 215
f 216 218 217
f 215 216 217
f 218 220 219
f 217 218 219
f 220 221 219
f 192 190 222
f 190 56 89
f 190 89 222
f 222 89 223
f 223 89 224
f 89 90 224
f 59 193 225
f 59 225 90
f 90 225 224
f 193 194 226
f 225 193 226
f 194 195 227
f 226 194 227
f 195 196 228
f 227 195 228
f 196 197 229
f 228 196 229
f 197 199 230
f 229 197 230
f 199 201 230
f 206 205 231
f 205 66 91
f 205 91 231
f 231 91 232
f 232 91 233
f 91 92 233
f 235 93 234
f 235 233 93
f 233 92 93
f 94 234 93
f 236 234 94
f 95 236 94
f 237 236 95
f 95 97 237
f 109 238 110
f 88 238 109
f 88 207 238
f 207 239 238
f 207 209 239
f 209 240 239
f 241 242 240
f 241 240 211
f 211 240 209
f 211 213 243
f 241 211 243
f 213 215 244
f 243 213 244
f 215 217 245
f 244 215 245
f 217 219 246
f 245 217 246
f 219 221 246
f 235 234 247
f 234 236 248
f 247 234 248
f 236 237 249
f 248 236 249
f 237 97 111
f 237 111 249
f 249 111 250
f 250 111 251
f 111 112 251
f 251 112 252
f 112 113 252
f 252 113 253
f 113 114 253
f 253 114 254
f 114 115 254
f 254 115 255
f 115 116 255
f 255 116 256
f 116 117 256
f 256 117 257
f 117 118 257
f 257 118 258
f 118 119 258
f 258 119 259
f 119 120 259
f 259 120 260
f 120 121 260
f 260 121 261
f 121 122 261
f 110 238 262
f 110 262 122
f 122 262 261
f 238 239 263
f 262 238 263
f 239 240 264
f 263 239 264
f 240 242 264
f 267 266 265
f 266 269 268
f 265 266 268
f 269 271 270
f 268 269 270
f 271 273 272
f 270 271 272
f 273 274 272
f 277 276 275
f 276 279 278
f 275 276 278
f 279 281 280
f 278 279 280
f 281 283 282
f 280 281 282
f 283 285 284
f 282 283 284
f 285 287 286
f 284 285 286
f 287 289 288
f 286 287 288
f 289 291 290
f 288 289 290
f 291 293 292
f 290 291 292
f 293 295 294
f 292 293 294
f 295 297 296
f 294 295 296
f 297 299 298
f 296 297 298
f 299 301 300
f 298 299 300
f 301 303 302
f 300 301 302
f 303 305 304
f 302 303 304
f 305 307 306
f 304 305 306
f 307 309 308
f 306 307 308
f 309 311 310
f 308 309 310
f 311 313 312
f 310 311 312
f 313 315 314
f 312 313 314
f 315 316 314
f 265 124 125
f 265 125 267
f 267 125 317
f 268 124 265
f 127 124 268
f 270 127 268
f 129 127 270
f 272 129 270
f 131 129 272
f 131 318 132
f 272 318 131
f 272 319 318
f 272 274 319
f 319 320 318
f 277 275 321
f 323 321 275
f 323 275 322
f 322 275 278
f 278 280 322
f 280 324 322
f 135 282 134
f 135 324 282
f 324 280 282
f 284 134 282
f 137 134 284
f 286 137 284
f 139 137 286
f 288 139 286
f 141 139 288
f 290 141 288
f 143 141 290
f 292 143 290
f 145 143 292
f 294 145 292
f 147 145 294
f 296 147 294
f 149 147 296
f 298 149 296
f 151 149 298
f 300 151 298
f 153 151 300
f 302 153 300
f 155 153 302
f 304 155 302
f 157 155 304
f 306 157 304
f 159 157 306
f 308 159 306
f 161 159 308
f 310 161 308
f 163 161 310
f 312 163 310
f 165 163 312
f 314 165 312
f 167 165 314
f 167 325 168
f 314 325 167
f 314 326 325
f 314 316 326
f 326 328 327
f 325 326 327
f 328 330 329
f 327 328 329
f 330 332 331
f 329 330 331
f 332 334 333
f 331 332 333
f 334 336 335
f 333 334 335
f 336 337 335
f 340 339 338
f 339 169 338
f 339 317 169
f 317 125 169
f 318 170 132
f 320 170 318
f 320 341 170
f 341 172 170
f 172 341 342
f 173 172 342
f 323 322 343
f 322 324 344
f 343 322 344
f 324 135 174
f 324 174 344
f 344 174 345
f 174 346 345
f 176 346 174
f 325 178 168
f 327 178 325
f 180 178 327
f 329 180 327
f 182 180 329
f 331 182 329
f 184 182 331
f 333 184 331
f 186 184 333
f 335 186 333
f 188 186 335
f 188 347 189
f 335 347 188
f 335 348 347
f 335 337 348
f 348 350 349
f 347 348 349
f 350 352 351
f 349 350 351
f 352 354 353
f 351 352 353
f 354 356 355
f 353 354 355
f 356 358 357
f 355 356 357
f 358 360 359
f 357 358 359
f 360 361 359
f 362 363 340
f 362 340 192
f 338 191 340
f 191 192 340
f 338 169 191
f 363 362 364
f 342 198 173
f 365 198 342
f 367 366 200
f 367 200 365
f 365 200 198
f 200 366 201
f 346 176 202
f 368 346 202
f 370 203 369
f 370 368 203
f 368 202 203
f 204 369 203
f 371 369 204
f 204 206 371
f 347 208 189
f 349 208 347
f 210 208 349
f 351 210 349
f 212 210 351
f 353 212 351
f 214 212 353
f 355 214 353
f 216 214 355
f 357 216 355
f 218 216 357
f 359 218 357
f 220 218 359
f 220 372 221
f 359 372 220
f 359 373 372
f 359 361 373
f 373 375 374
f 372 373 374
f 375 377 376
f 374 375 376
f 377 379 378
f 376 377 378
f 379 381 380
f 378 379 380
f 382 380 192
f 382 192 222
f 380 381 192
f 362 192 383
f 381 383 192
f 364 362 383
f 384 385 222
f 384 222 223
f 222 385 382
f 384 223 386
f 223 224 386
f 386 224 387
f 224 225 387
f 387 225 388
f 225 226 388
f 388 226 389
f 226 227 389
f 389 227 390
f 227 228 390
f 390 228 391
f 228 229 391
f 366 367 391
f 366 391 230
f 230 391 229
f 366 230 201
f 370 369 392
f 369 371 393
f 392 369 393
f 371 206 231
f 371 231 393
f 393 231 394
f 394 231 395
f 231 232 395
f 397 233 396
f 397 395 233
f 395 232 233
f 233 235 396
f 400 398 399
f 399 401 402
f 398 401 399
f 242 402 401
f 242 241 402
f 241 403 402
f 403 241 404
f 241 243 404
f 404 243 405
f 243 244 405
f 405 244 406
f 244 245 406
f 406 245 407
f 245 246 407
f 221 372 408
f 221 408 246
f 246 408 407
f 372 374 409
f 408 372 409
f 374 376 410
f 409 374 410
f 376 378 411
f 410 376 411
f 378 380 412
f 411 378 412
f 380 382 413
f 412 380 413
f 382 385 413
f 397 396 414
f 396 235 247
f 396 247 414
f 414 247 415
f 415 247 416
f 247 248 416
f 416 248 417
f 248 249 417
f 417 249 418
f 249 250 418
f 418 250 419
f 250 251 419
f 419 251 420
f 251 252 420
f 420 252 421
f 252 253 421
f 421 253 422
f 253 254 422
f 422 254 423
f 254 255 423
f 423 255 424
f 255 256 424
f 424 256 425
f 256 257 425
f 425 257 426
f 257 258 426
f 426 258 427
f 258 259 427
f 427 259 428
f 259 260 428
f 428 260 429
f 260 261 429
f 429 261 430
f 261 262 430
f 398 400 430
f 398 430 263
f 263 430 262
f 401 398 263
f 264 401 263
f 401 264 242
f 433 432 431
f 432 435 434
f 431 432 434
f 435 436 434
f 439 438 437
f 438 441 440
f 437 438 440
f 441 443 442
f 440 441 442
f 443 445 444
f 442 443 444
f 445 447 446
f 444 445 446
f 447 449 448
f 446 447 448
f 449 451 450
f 448 449 450
f 451 453 452
f 450 451 452
f 453 455 454
f 452 453 454
f 455 457 456
f 454 455 456
f 457 459 458
f 456 457 458
f 459 461 460
f 458 459 460
f 461 463 462
f 460 461 462
f 463 465 464
f 462 463 464
f 465 467 466
f 464 465 466
f 467 469 468
f 466 467 468
f 469 471 470
f 468 469 470
f 471 473 472
f 470 471 472
f 473 475 474
f 472 473 474
f 475 477 476
f 474 475 476
f 477 479 478
f 476 477 478
f 479 480 478
f 431 266 267
f 431 267 433
f 433 267 481
f 434 266 431
f 269 266 434
f 436 269 434
f 436 482 269
f 482 271 269
f 484 483 273
f 484 273 482
f 482 273 271
f 273 483 274
f 439 437 485
f 485 277 486
f 485 440 277
f 485 437 440
f 276 277 440
f 442 276 440
f 279 276 442
f 444 279 442
f 281 279 444
f 446 281 444
f 283 281 446
f 448 283 446
f 285 283 448
f 450 285 448
f 287 285 450
f 452 287 450
f 289 287 452
f 454 289 452
f 291 289 454
f 456 291 454
f 293 291 456
f 458 293 456
f 295 293 458
f 460 295 458
f 297 295 460
f 462 297 460
f 299 297 462
f 464 299 462
f 301 299 464
f 466 301 464
f 303 301 466
f 468 303 466
f 305 303 468
f 470 305 468
f 307 305 470
f 472 307 470
f 309 307 472
f 474 309 472
f 311 309 474
f 476 311 474
f 313 311 476
f 478 313 476
f 315 313 478
f 315 487 316
f 478 487 315
f 478 488 487
f 478 480 488
f 488 490 489
f 487 488 489
f 490 492 491
f 489 490 491
f 492 494 493
f 491 492 493
f 494 496 495
f 493 494 495
f 496 498 497
f 495 496 497
f 498 499 497
f 502 501 500
f 501 317 500
f 501 481 317
f 481 267 317
f 484 503 483
f 483 319 274
f 483 503 319
f 503 504 319
f 319 504 505
f 320 319 505
f 486 277 321
f 506 486 321
f 321 507 506
f 323 507 321
f 487 326 316
f 489 326 487
f 328 326 489
f 491 328 489
f 330 328 491
f 493 330 491
f 332 330 493
f 495 332 493
f 334 332 495
f 497 334 495
f 336 334 497
f 336 508 337
f 497 508 336
f 497 509 508
f 497 499 509
f 509 511 510
f 508 509 510
f 511 513 512
f 510 511 512
f 513 515 514
f 512 513 514
f 515 517 516
f 514 515 516
f 517 519 518
f 516 517 518
f 519 521 520
f 518 519 520
f 521 522 520
f 525 524 523
f 500 339 340
f 502 500 340
f 502 340 523
f 502 523 524
f 500 317 339
f 505 341 320
f 526 341 505
f 341 526 527
f 342 341 527
f 507 323 343
f 528 507 343
f 530 344 529
f 530 528 344
f 528 343 344
f 345 529 344
f 531 529 345
f 345 346 531
f 508 348 337
f 510 348 508
f 350 348 510
f 512 350 510
f 352 350 512
f 514 352 512
f 354 352 514
f 516 354 514
f 356 354 516
f 518 356 516
f 358 356 518
f 520 358 518
f 360 358 520
f 360 532 361
f 520 532 360
f 520 533 532
f 520 522 533
f 533 535 534
f 532 533 534
f 535 537 536
f 534 535 536
f 537 539 538
f 536 537 538
f 539 525 523
f 539 523 538
f 538 523 540
f 363 523 340
f 363 541 523
f 541 540 523
f 363 364 541
f 527 365 342
f 542 365 527
f 365 542 543
f 367 365 543
f 530 529 544
f 529 531 545
f 544 529 545
f 531 346 368
f 531 368 545
f 545 368 546
f 368 547 546
f 370 547 368
f 532 373 361
f 534 373 532
f 375 373 534
f 536 375 534
f 377 375 536
f 538 377 536
f 379 377 538
f 540 379 538
f 381 379 540
f 541 381 540
f 383 381 541
f 383 541 364
f 385 384 548
f 386 548 384
f 549 548 386
f 387 549 386
f 550 549 387
f 388 550 387
f 551 550 388
f 551 552 553
f 551 388 552
f 388 389 552
f 555 390 554
f 555 552 390
f 552 389 390
f 391 554 390
f 556 554 391
f 556 391 367
f 556 367 557
f 557 367 543
f 547 370 392
f 558 547 392
f 558 392 559
f 392 393 559
f 559 393 560
f 393 394 560
f 562 395 561
f 562 560 395
f 560 394 395
f 395 397 561
f 399 563 400
f 563 564 565
f 563 399 564
f 399 402 564
f 567 403 566
f 567 564 403
f 564 402 403
f 566 568 569
f 566 403 568
f 403 404 568
f 568 404 570
f 404 405 570
f 570 405 571
f 405 406 571
f 571 406 572
f 406 407 572
f 572 407 573
f 407 408 573
f 573 408 574
f 408 409 574
f 574 409 575
f 409 410 575
f 575 410 576
f 410 411 576
f 576 411 577
f 411 412 577
f 577 412 578
f 412 413 578
f 385 548 579
f 385 579 413
f 413 579 578
f 548 549 580
f 579 548 580
f 549 550 581
f 580 549 581
f 550 551 582
f 581 550 582
f 551 553 582
f 555 554 583
f 554 556 584
f 583 554 584
f 556 557 584
f 562 561 585
f 561 397 414
f 561 414 585
f 585 414 586
f 586 414 587
f 414 415 587
f 587 415 588
f 415 416 588
f 588 416 589
f 416 417 589
f 589 417 590
f 417 418 590
f 590 418 591
f 418 419 591
f 591 419 592
f 419 420 592
f 592 420 593
f 420 421 593
f 593 421 594
f 421 422 594
f 594 422 595
f 422 423 595
f 595 423 596
f 423 424 596
f 596 424 597
f 424 425 597
f 597 425 598
f 425 426 598
f 598 426 599
f 426 427 599
f 599 427 600
f 427 428 600
f 600 428 601
f 428 429 601
f 601 429 602
f 429 430 602
f 400 563 603
f 400 603 430
f 430 603 602
f 563 565 603
f 567 566 604
f 566 569 604
f 607 606 605
f 606 609 608
f 605 606 608
f 609 611 610
f 608 609 610
f 611 613 612
f 610 611 612
f 613 615 614
f 612 613 614
f 615 617 616
f 614 615 616
f 617 619 618
f 616 617 618
f 619 621 620
f 618 619 620
f 621 623 622
f 620 621 622
f 623 625 624
f 622 623 624
f 625 627 626
f 624 625 626
f 627 629 628
f 626 627 628
f 629 631 630
f 628 629 630
f 631 633 632
f 630 631 632
f 633 635 634
f 632 633 634
f 635 637 636
f 634 635 636
f 637 639 638
f 636 637 638
f 639 641 640
f 638 639 640
f 641 643 642
f 640 641 642
f 643 645 644
f 642 643 644
f 645 647 646
f 644 645 646
f 647 649 648
f 646 647 648
f 649 651 650
f 648 649 650
f 651 653 652
f 650 651 652
f 653 654 652
f 657 656 655
f 433 655 656
f 433 656 432
f 432 656 658
f 658 659 432
f 432 659 435
f 435 659 660
f 436 435 660
f 607 605 661
f 605 608 662
f 661 605 662
f 664 662 608
f 664 608 663
f 663 608 610
f 439 612 438
f 439 663 612
f 663 610 612
f 614 438 612
f 441 438 614
f 616 441 614
f 443 441 616
f 618 443 616
f 445 443 618
f 620 445 618
f 447 445 620
f 622 447 620
f 449 447 622
f 624 449 622
f 451 449 624
f 626 451 624
f 453 451 626
f 628 453 626
f 455 453 628
f 630 455 628
f 457 455 630
f 632 457 630
f 459 457 632
f 634 459 632
f 461 459 634
f 636 461 634
f 463 461 636
f 638 463 636
f 465 463 638
f 640 465 638
f 467 465 640
f 642 467 640
f 469 467 642
f 644 469 642
f 471 469 644
f 646 471 644
f 473 471 646
f 648 473 646
f 475 473 648
f 650 475 648
f 477 475 650
f 652 477 650
f 479 477 652
f 479 665 480
f 652 665 479
f 652 666 665
f 652 654 666
f 666 668 667
f 665 666 667
f 668 670 669
f 667 668 669
f 670 672 671
f 669 670 671
f 672 674 673
f 671 672 673
f 674 676 675
f 673 674 675
f 676 677 675
f 680 679 678
f 679 657 655
f 679 655 678
f 678 655 681
f 655 481 681
f 433 481 655
f 660 482 436
f 682 482 660
f 482 682 683
f 484 482 683
f 664 663 684
f 686 485 685
f 684 485 686
f 684 439 485
f 684 663 439
f 485 486 685
f 665 488 480
f 667 488 665
f 490 488 667
f 669 490 667
f 492 490 669
f 671 492 669
f 494 492 671
f 673 494 671
f 496 494 673
f 675 496 673
f 498 496 675
f 498 687 499
f 675 687 498
f 675 688 687
f 675 677 688
f 688 690 689
f 687 688 689
f 690 692 691
f 689 690 691
f 692 694 693
f 691 692 693
f 694 696 695
f 693 694 695
f 696 698 697
f 695 696 697
f 698 700 699
f 697 698 699
f 700 701 699
f 703 680 678
f 702 703 678
f 502 681 501
f 502 702 681
f 702 678 681
f 681 481 501
f 683 503 484
f 704 503 683
f 704 705 503
f 503 705 504
f 504 705 706
f 505 504 706
f 686 685 707
f 685 486 506
f 685 506 707
f 707 506 708
f 506 709 708
f 507 709 506
f 687 509 499
f 689 509 687
f 511 509 689
f 691 511 689
f 513 511 691
f 693 513 691
f 515 513 693
f 695 515 693
f 517 515 695
f 697 517 695
f 519 517 697
f 699 519 697
f 521 519 699
f 521 710 522
f 699 710 521
f 699 711 710
f 699 701 711
f 711 713 712
f 710 711 712
f 713 715 714
f 712 713 714
f 715 717 716
f 714 715 716
f 702 524 525
f 703 702 525
f 703 525 716
f 703 716 717
f 702 502 524
f 706 526 505
f 718 526 706
f 526 718 719
f 527 526 719
f 709 507 528
f 720 709 528
f 528 721 720
f 530 721 528
f 710 533 522
f 712 533 710
f 535 533 712
f 714 535 712
f 537 535 714
f 716 537 714
f 539 537 716
f 716 525 539
f 719 542 527
f 722 542 719
f 542 722 723
f 543 542 723
f 721 530 544
f 724 721 544
f 724 544 725
f 544 545 725
f 727 546 726
f 727 725 546
f 725 545 546
f 546 547 726
f 553 728 729
f 552 728 553
f 552 730 728
f 555 730 552
f 723 731 543
f 731 557 543
f 727 726 732
f 726 547 558
f 726 558 732
f 732 558 733
f 733 558 734
f 558 559 734
f 734 559 735
f 559 560 735
f 736 560 562
f 736 737 560
f 737 735 560
f 737 736 738
f 564 739 565
f 564 567 739
f 568 740 569
f 570 740 568
f 741 740 570
f 571 741 570
f 742 741 571
f 572 742 571
f 743 742 572
f 573 743 572
f 744 743 573
f 574 744 573
f 745 744 574
f 575 745 574
f 746 745 575
f 576 746 575
f 747 746 576
f 577 747 576
f 748 747 577
f 748 749 750
f 748 577 749
f 577 578 749
f 749 578 751
f 578 579 751
f 753 580 752
f 753 751 580
f 751 579 580
f 752 754 755
f 752 580 754
f 580 581 754
f 754 581 756
f 581 582 756
f 756 582 553
f 729 756 553
f 730 555 583
f 757 730 583
f 757 583 758
f 583 584 758
f 758 584 557
f 731 758 557
f 736 562 585
f 738 736 585
f 738 585 759
f 759 585 586
f 759 586 760
f 586 587 760
f 760 587 761
f 587 588 761
f 761 588 762
f 588 589 762
f 762 589 763
f 589 590 763
f 763 590 764
f 590 591 764
f 764 591 765
f 591 592 765
f 765 592 766
f 592 593 766
f 766 593 767
f 593 594 767
f 767 594 768
f 594 595 768
f 768 595 769
f 595 596 769
f 769 596 770
f 596 597 770
f 770 597 771
f 597 598 771
f 771 598 772
f 598 599 772
f 772 599 773
f 599 600 773
f 773 600 774
f 600 601 774
f 774 601 775
f 601 602 775
f 775 602 776
f 602 603 776
f 565 739 777
f 565 777 603
f 603 777 776
f 739 567 604
f 739 604 777
f 777 604 778
f 569 740 779
f 569 779 604
f 604 779 778
f 740 741 780
f 779 740 780
f 741 742 781
f 780 741 781
f 742 743 782
f 781 742 782
f 743 744 783
f 782 743 783
f 744 745 784
f 783 744 784
f 745 746 785
f 784 745 785
f 746 747 786
f 785 746 786
f 747 748 787
f 786 747 787
f 748 750 787
f 753 752 788
f 752 755 788
f 791 790 789
f 790 793 792
f 789 790 792
f 793 794 792
f 791 789 795
f 789 792 796
f 795 789 796
f 792 794 796
f 799 798 797
f 798 801 800
f 797 798 800
f 801 803 802
f 800 801 802
f 803 805 804
f 802 803 804
f 805 807 806
f 804 805 806
f 807 809 808
f 806 807 808
f 809 811 810
f 808 809 810
f 811 813 812
f 810 811 812
f 813 815 814
f 812 813 814
f 815 817 816
f 814 815 816
f 817 819 818
f 816 817 818
f 819 821 820
f 818 819 820
f 821 823 822
f 820 821 822
f 823 825 824
f 822 823 824
f 825 827 826
f 824 825 826
f 827 829 828
f 826 827 828
f 829 831 830
f 828 829 830
f 831 833 832
f 830 831 832
f 833 835 834
f 832 833 834
f 835 836 834
f 839 838 837
f 838 841 840
f 837 838 840
f 841 842 840
f 607 844 843
f 606 607 843
f 843 845 606
f 606 845 609
f 845 846 609
f 609 846 611
f 846 847 611
f 611 847 613
f 847 848 613
f 613 848 615
f 797 848 799
f 797 617 848
f 617 615 848
f 800 617 797
f 619 617 800
f 802 619 800
f 621 619 802
f 804 621 802
f 623 621 804
f 806 623 804
f 625 623 806
f 808 625 806
f 627 625 808
f 810 627 808
f 629 627 810
f 812 629 810
f 631 629 812
f 814 631 812
f 633 631 814
f 816 633 814
f 635 633 816
f 818 635 816
f 637 635 818
f 820 637 818
f 639 637 820
f 822 639 820
f 641 639 822
f 824 641 822
f 643 641 824
f 826 643 824
f 645 643 826
f 828 645 826
f 647 645 828
f 830 647 828
f 649 647 830
f 832 649 830
f 651 649 832
f 834 651 832
f 653 651 834
f 653 849 654
f 834 849 653
f 834 850 849
f 834 836 850
f 850 852 851
f 849 850 851
f 852 854 853
f 851 852 853
f 854 856 855
f 853 854 855
f 856 858 857
f 855 856 857
f 858 860 859
f 857 858 859
f 860 861 859
f 864 863 862
f 837 656 657
f 839 837 657
f 839 657 862
f 839 862 863
f 840 656 837
f 658 656 840
f 842 658 840
f 842 865 658
f 865 659 658
f 659 865 866
f 660 659 866
f 844 607 661
f 867 844 661
f 869 662 868
f 869 867 662
f 867 661 662
f 662 664 868
f 849 666 654
f 851 666 849
f 668 666 851
f 853 668 851
f 670 668 853
f 855 670 853
f 672 670 855
f 857 672 855
f 674 672 857
f 859 674 857
f 676 674 859
f 676 870 677
f 859 870 676
f 859 871 870
f 859 861 871
f 871 873 872
f 870 871 872
f 873 875 874
f 872 873 874
f 875 877 876
f 874 875 876
f 877 879 878
f 876 877 878
f 879 881 880
f 878 879 880
f 881 883 882
f 880 881 882
f 883 884 882
f 887 886 885
f 862 679 680
f 864 862 680
f 864 680 885
f 864 885 886
f 862 657 679
f 866 682 660
f 888 682 866
f 682 888 889
f 683 682 889
f 869 868 890
f 868 664 684
f 868 684 890
f 890 684 891
f 684 892 891
f 686 892 684
f 870 688 677
f 872 688 870
f 690 688 872
f 874 690 872
f 692 690 874
f 876 692 874
f 694 692 876
f 878 694 876
f 696 694 878
f 880 696 878
f 698 696 880
f 882 698 880
f 700 698 882
f 700 893 701
f 882 893 700
f 882 894 893
f 882 884 894
f 894 896 895
f 893 894 895
f 896 898 897
f 895 896 897
f 898 887 885
f 898 885 897
f 897 885 899
f 885 703 899
f 680 703 885
f 889 704 683
f 900 704 889
f 900 901 704
f 704 901 705
f 705 901 902
f 706 705 902
f 892 686 707
f 903 892 707
f 905 708 904
f 905 903 708
f 903 707 708
f 708 709 904
f 893 711 701
f 895 711 893
f 713 711 895
f 897 713 895
f 715 713 897
f 899 715 897
f 717 715 899
f 899 703 717
f 902 718 706
f 906 718 902
f 907 719 718
f 907 718 908
f 908 718 906
f 908 909 907
f 905 904 910
f 904 709 720
f 904 720 910
f 910 720 911
f 720 912 911
f 721 912 720
f 907 722 719
f 722 907 909
f 722 909 723
f 723 909 913
f 912 721 724
f 914 912 724
f 914 724 915
f 724 725 915
f 725 916 915
f 727 916 725
f 919 917 918
f 729 918 917
f 729 728 918
f 728 920 918
f 728 921 920
f 730 921 728
f 924 922 923
f 923 922 731
f 923 731 913
f 913 731 723
f 916 727 732
f 925 916 732
f 925 732 926
f 732 733 926
f 926 733 927
f 733 734 927
f 929 735 928
f 929 927 735
f 927 734 735
f 737 928 735
f 930 928 737
f 737 738 930
f 750 931 932
f 749 931 750
f 934 751 933
f 934 931 751
f 931 749 751
f 751 753 933
f 755 935 936
f 754 935 755
f 917 919 935
f 917 935 756
f 756 935 754
f 917 756 729
f 921 730 757
f 937 921 757
f 922 924 937
f 922 937 758
f 758 937 757
f 922 758 731
f 929 928 938
f 928 930 939
f 938 928 939
f 930 738 759
f 930 759 939
f 939 759 940
f 940 759 941
f 759 760 941
f 941 760 942
f 760 761 942
f 942 761 943
f 761 762 943
f 943 762 944
f 762 763 944
f 944 763 945
f 763 764 945
f 947 765 946
f 947 945 765
f 945 764 765
f 946 948 949
f 946 765 948
f 765 766 948
f 948 766 950
f 766 767 950
f 950 767 951
f 767 768 951
f 951 768 952
f 768 769 952
f 952 769 953
f 769 770 953
f 953 770 954
f 770 771 954
f 954 771 955
f 771 772 955
f 955 772 956
f 772 773 956
f 956 773 957
f 773 774 957
f 957 774 958
f 774 775 958
f 958 775 959
f 775 776 959
f 959 776 960
f 776 777 960
f 960 777 961
f 777 778 961
f 961 778 962
f 778 779 962
f 962 779 963
f 779 780 963
f 963 780 964
f 780 781 964
f 964 781 965
f 781 782 965
f 965 782 966
f 782 783 966
f 966 783 967
f 783 784 967
f 967 784 968
f 784 785 968
f 968 785 969
f 785 786 969
f 969 786 970
f 786 787 970
f 970 787 750
f 932 970 750
f 934 933 971
f 933 753 788
f 933 788 971
f 971 788 972
f 972 788 755
f 936 972 755
f 947 946 973
f 946 949 973
f 976 975 974
f 975 978 977
f 974 975 977
f 978 979 977
f 982 981 980
f 974 790 791
f 976 974 791
f 976 791 980
f 976 980 981
f 977 790 974
f 793 790 977
f 793 983 794
f 977 983 793
f 977 984 983
f 977 979 984
f 984 986 985
f 983 984 985
f 986 988 987
f 985 986 987
f 988 990 989
f 987 988 989
f 990 992 991
f 989 990 991
f 992 993 991
f 982 980 994
f 980 791 795
f 980 795 994
f 994 795 995
f 995 795 996
f 795 796 996
f 794 983 997
f 794 997 796
f 796 997 996
f 983 985 998
f 997 983 998
f 985 987 999
f 998 985 999
f 987 989 1000
f 999 987 1000
f 989 991 1001
f 1000 989 1001
f 991 993 1001
f 1004 1003 1002
f 1003 1006 1005
f 1002 1003 1005
f 1006 1008 1007
f 1005 1006 1007
f 1008 1010 1009
f 1007 1008 1009
f 1010 1012 1011
f 1009 1010 1011
f 1012 1014 1013
f 1011 1012 1013
f 1014 1016 1015
f 1013 1014 1015
f 1016 1018 1017
f 1015 1016 1017
f 1018 1020 1019
f 1017 1018 1019
f 1020 1022 1021
f 1019 1020 1021
f 1022 1024 1023
f 1021 1022 1023
f 1024 1026 1025
f 1023 1024 1025
f 1026 1028 1027
f 1025 1026 1027
f 1028 1030 1029
f 1027 1028 1029
f 1030 1032 1031
f 1029 1030 1031
f 1032 1034 1033
f 1031 1032 1033
f 1034 1036 1035
f 1033 1034 1035
f 1036 1038 1037
f 1035 1036 1037
f 1038 1040 1039
f 1037 1038 1039
f 1040 1042 1041
f 1039 1040 1041
f 1042 1044 1043
f 1041 1042 1043
f 1044 1046 1045
f 1043 1044 1045
f 1046 1048 1047
f 1045 1046 1047
f 1048 1050 1049
f 1047 1048 1049
f 1050 1051 1049
f 1054 1053 1052
f 1053 1056 1055
f 1052 1053 1055
f 1056 1004 1002
f 1056 1002 1055
f 1055 1002 1057
f 1002 1005 1057
f 1005 1058 1057
f 1005 1007 1058
f 1007 1059 1058
f 1007 1009 1059
f 1009 1060 1059
f 1009 1011 1060
f 1011 1061 1060
f 799 1013 798
f 799 1061 1013
f 1061 1011 1013
f 1015 798 1013
f 801 798 1015
f 1017 801 1015
f 803 801 1017
f 1019 803 1017
f 805 803 1019
f 1021 805 1019
f 807 805 1021
f 1023 807 1021
f 809 807 1023
f 1025 809 1023
f 811 809 1025
f 1027 811 1025
f 813 811 1027
f 1029 813 1027
f 815 813 1029
f 1031 815 1029
f 817 815 1031
f 1033 817 1031
f 819 817 1033
f 1035 819 1033
f 821 819 1035
f 1037 821 1035
f 823 821 1037
f 1039 823 1037
f 825 823 1039
f 1041 825 1039
f 827 825 1041
f 1043 827 1041
f 829 827 1043
f 1045 829 1043
f 831 829 1045
f 1047 831 1045
f 833 831 1047
f 1049 833 1047
f 835 833 1049
f 835 1062 836
f 1049 1062 835
f 1049 1063 1062
f 1049 1051 1063
f 1063 1065 1064
f 1062 1063 1064
f 1065 1067 1066
f 1064 1065 1066
f 1067 1069 1068
f 1066 1067 1068
f 1069 1071 1070
f 1068 1069 1070
f 1071 1073 1072
f 1070 1071 1072
f 1073 1074 1072
f 1077 1076 1075
f 839 1075 1076
f 839 1076 838
f 838 1076 1078
f 1078 1079 838
f 838 1079 841
f 841 1079 1080
f 842 841 1080
f 1054 1052 1081
f 1083 1081 1052
f 1083 1052 1082
f 1082 1052 1055
f 844 1057 843
f 844 1082 1057
f 1082 1055 1057
f 1058 843 1057
f 845 843 1058
f 1059 845 1058
f 846 845 1059
f 1060 846 1059
f 847 846 1060
f 1061 847 1060
f 848 847 1061
f 1061 799 848
f 1062 850 836
f 1064 850 1062
f 852 850 1064
f 1066 852 1064
f 854 852 1066
f 1068 854 1066
f 856 854 1068
f 1070 856 1068
f 858 856 1070
f 1072 858 1070
f 860 858 1072
f 860 1084 861
f 1072 1084 860
f 1072 1085 1084
f 1072 1074 1085
f 1085 1087 1086
f 1084 1085 1086
f 1087 1089 1088
f 1086 1087 1088
f 1089 1091 1090
f 1088 1089 1090
f 1091 1093 1092
f 1090 1091 1092
f 1093 1095 1094
f 1092 1093 1094
f 1095 1097 1096
f 1094 1095 1096
f 1097 1098 1096
f 1101 1100 1099
f 1075 863 864
f 1077 1075 864
f 1077 864 1099
f 1077 1099 1100
f 1075 839 863
f 1080 865 842
f 1102 865 1080
f 1103 866 865
f 1103 865 1104
f 1104 865 1102
f 1104 1105 1103
f 1083 1082 1106
f 1082 844 867
f 1082 867 1106
f 1106 867 1107
f 867 1108 1107
f 869 1108 867
f 1084 871 861
f 1086 871 1084
f 873 871 1086
f 1088 873 1086
f 875 873 1088
f 1090 875 1088
f 877 875 1090
f 1092 877 1090
f 879 877 1092
f 1094 879 1092
f 881 879 1094
f 1096 881 1094
f 883 881 1096
f 883 1109 884
f 1096 1109 883
f 1096 1110 1109
f 1096 1098 1110
f 1110 1112 1111
f 1109 1110 1111
f 1112 1114 1113
f 1111 1112 1113
f 1099 886 887
f 1101 1099 887
f 1101 887 1113
f 1101 1113 1114
f 1099 864 886
f 1103 888 866
f 888 1115 889
f 1103 1115 888
f 1103 1116 1115
f 1103 1105 1116
f 1116 1117 1115
f 1108 869 890
f 1118 1108 890
f 1120 891 1119
f 1120 1118 891
f 1118 890 891
f 891 892 1119
f 1109 894 884
f 1111 894 1109
f 896 894 1111
f 1113 896 1111
f 898 896 1113
f 1113 887 898
f 1115 900 889
f 1117 900 1115
f 1117 1121 900
f 1121 901 900
f 1122 902 901
f 1122 901 1123
f 1123 901 1121
f 1123 1125 1124
f 1122 1123 1124
f 1125 1126 1124
f 1120 1119 1127
f 1119 892 903
f 1119 903 1127
f 1127 903 1128
f 903 1129 1128
f 905 1129 903
f 1122 906 902
f 1124 906 1122
f 908 906 1124
f 908 1124 1126
f 908 1126 909
f 909 1126 1130
f 1129 905 910
f 1131 1129 910
f 1131 910 1132
f 910 911 1132
f 911 1133 1132
f 912 1133 911
f 1130 1134 909
f 1134 913 909
f 1133 912 914
f 1135 1133 914
f 1135 914 1136
f 914 915 1136
f 915 1137 1136
f 916 1137 915
f 919 1138 1139
f 918 1138 919
f 1138 918 1140
f 918 920 1140
f 1141 920 921
f 1141 1142 920
f 1142 1140 920
f 924 1142 1141
f 924 923 1142
f 923 1143 1142
f 1143 923 913
f 1134 1143 913
f 1137 916 925
f 1144 1137 925
f 1144 925 1145
f 925 926 1145
f 1145 926 1146
f 926 927 1146
f 1147 927 929
f 1147 1148 927
f 1148 1146 927
f 1148 1147 1149
f 932 1150 1151
f 931 1150 932
f 931 1152 1150
f 934 1152 931
f 1155 1153 1154
f 936 1154 1153
f 936 935 1154
f 935 1156 1154
f 1156 935 919
f 1139 1156 919
f 1141 921 937
f 1141 937 924
f 1147 929 938
f 1149 1147 938
f 1149 938 1157
f 1157 938 939
f 1157 939 1158
f 939 940 1158
f 1158 940 1159
f 940 941 1159
f 1159 941 1160
f 941 942 1160
f 1160 942 1161
f 942 943 1161
f 1163 944 1162
f 1163 1161 944
f 1161 943 944
f 945 1162 944
f 1164 1162 945
f 945 947 1164
f 948 1165 949
f 950 1165 948
f 1166 1165 950
f 951 1166 950
f 1167 1166 951
f 1167 1168 1169
f 1167 951 1168
f 951 952 1168
f 1168 952 1170
f 952 953 1170
f 1172 954 1171
f 1172 1170 954
f 1170 953 954
f 955 1171 954
f 1173 1171 955
f 1173 1174 1175
f 1173 955 1174
f 955 956 1174
f 1174 956 1176
f 956 957 1176
f 1178 958 1177
f 1178 1176 958
f 1176 957 958
f 959 1177 958
f 1179 1177 959
f 1179 1180 1181
f 1179 959 1180
f 959 960 1180
f 1183 961 1182
f 1183 1180 961
f 1180 960 961
f 1182 1184 1185
f 1182 961 1184
f 961 962 1184
f 1184 962 1186
f 962 963 1186
f 1186 963 1187
f 963 964 1187
f 1187 964 1188
f 964 965 1188
f 1188 965 1189
f 965 966 1189
f 1189 966 1190
f 966 967 1190
f 1190 967 1191
f 967 968 1191
f 1191 968 1192
f 968 969 1192
f 1192 969 1193
f 969 970 1193
f 1193 970 932
f 1151 1193 932
f 1152 934 971
f 1194 1152 971
f 1153 1155 1194
f 1153 1194 972
f 972 1194 971
f 1153 972 936
f 1163 1162 1195
f 1162 1164 1196
f 1195 1162 1196
f 1164 947 973
f 1164 973 1196
f 1196 973 1197
f 949 1165 1198
f 949 1198 973
f 973 1198 1197
f 1165 1166 1199
f 1198 1165 1199
f 1166 1167 1200
f 1199 1166 1200
f 1167 1169 1200
f 1172 1171 1201
f 1171 1173 1202
f 1201 1171 1202
f 1173 1175 1202
f 1178 1177 1203
f 1177 1179 1204
f 1203 1177 1204
f 1179 1181 1204
f 1183 1182 1205
f 1182 1185 1205
f 1208 1207 1206
f 1207 1210 1209
f 1206 1207 1209
f 976 1209 1210
f 976 1210 975
f 975 1210 1211
f 1211 1212 975
f 975 1212 978
f 1213 979 978
f 1213 978 1214
f 1214 978 1212
f 1214 1216 1215
f 1213 1214 1215
f 1216 1218 1217
f 1215 1216 1217
f 1218 1220 1219
f 1217 1218 1219
f 1220 1222 1221
f 1219 1220 1221
f 1222 1223 1221
f 1225 1208 1206
f 1224 1225 1206
f 982 1209 981
f 982 1224 1209
f 1224 1206 1209
f 1209 976 981
f 1213 984 979
f 1215 984 1213
f 986 984 1215
f 1217 986 1215
f 988 986 1217
f 1219 988 1217
f 990 988 1219
f 1221 990 1219
f 992 990 1221
f 992 1226 993
f 1221 1226 992
f 1221 1227 1226
f 1221 1223 1227
f 1227 1229 1228
f 1226 1227 1228
f 1229 1231 1230
f 1228 1229 1230
f 1231 1232 1230
f 1225 1224 1233
f 1224 982 994
f 1224 994 1233
f 1233 994 1234
f 1234 994 1235
f 994 995 1235
f 1235 995 1236
f 995 996 1236
f 1236 996 1237
f 996 997 1237
f 1237 997 1238
f 997 998 1238
f 1238 998 1239
f 998 999 1239
f 1239 999 1240
f 999 1000 1240
f 1240 1000 1241
f 1000 1001 1241
f 993 1226 1242
f 993 1242 1001
f 1001 1242 1241
f 1226 1228 1243
f 1242 1226 1243
f 1228 1230 1244
f 1243 1228 1244
f 1230 1232 1244
f 1247 1246 1245
f 1246 1249 1248
f 1245 1246 1248
f 1249 1251 1250
f 1248 1249 1250
f 1251 1253 1252
f 1250 1251 1252
f 1253 1255 1254
f 1252 1253 1254
f 1255 1257 1256
f 1254 1255 1256
f 1257 1259 1258
f 1256 1257 1258
f 1259 1261 1260
f 1258 1259 1260
f 1261 1263 1262
f 1260 1261 1262
f 1263 1265 1264
f 1262 1263 1264
f 1265 1267 1266
f 1264 1265 1266
f 1267 1269 1268
f 1266 1267 1268
f 1269 1271 1270
f 1268 1269 1270
f 1271 1273 1272
f 1270 1271 1272
f 1273 1275 1274
f 1272 1273 1274
f 1275 1277 1276
f 1274 1275 1276
f 1277 1279 1278
f 1276 1277 1278
f 1279 1281 1280
f 1278 1279 1280
f 1281 1283 1282
f 1280 1281 1282
f 1283 1285 1284
f 1282 1283 1284
f 1285 1287 1286
f 1284 1285 1286
f 1287 1289 1288
f 1286 1287 1288
f 1289 1291 1290
f 1288 1289 1290
f 1291 1293 1292
f 1290 1291 1292
f 1293 1295 1294
f 1292 1293 1294
f 1295 1297 1296
f 1294 1295 1296
f 1297 1298 1296
f 1300 1247 1245
f 1299 1300 1245
f 1245 1248 1299
f 1248 1301 1299
f 1004 1250 1003
f 1004 1301 1250
f 1301 1248 1250
f 1252 1003 1250
f 1006 1003 1252
f 1254 1006 1252
f 1008 1006 1254
f 1256 1008 1254
f 1010 1008 1256
f 1258 1010 1256
f 1012 1010 1258
f 1260 1012 1258
f 1014 1012 1260
f 1262 1014 1260
f 1016 1014 1262
f 1264 1016 1262
f 1018 1016 1264
f 1266 1018 1264
f 1020 1018 1266
f 1268 1020 1266
f 1022 1020 1268
f 1270 1022 1268
f 1024 1022 1270
f 1272 1024 1270
f 1026 1024 1272
f 1274 1026 1272
f 1028 1026 1274
f 1276 1028 1274
f 1030 1028 1276
f 1278 1030 1276
f 1032 1030 1278
f 1280 1032 1278
f 1034 1032 1280
f 1282 1034 1280
f 1036 1034 1282
f 1284 1036 1282
f 1038 1036 1284
f 1286 1038 1284
f 1040 1038 1286
f 1288 1040 1286
f 1042 1040 1288
f 1290 1042 1288
f 1044 1042 1290
f 1292 1044 1290
f 1046 1044 1292
f 1294 1046 1292
f 1048 1046 1294
f 1296 1048 1294
f 1050 1048 1296
f 1050 1302 1051
f 1296 1302 1050
f 1296 1303 1302
f 1296 1298 1303
f 1303 1305 1304
f 1302 1303 1304
f 1305 1307 1306
f 1304 1305 1306
f 1307 1309 1308
f 1306 1307 1308
f 1309 1311 1310
f 1308 1309 1310
f 1311 1313 1312
f 1310 1311 1312
f 1313 1314 1312
f 1299 1053 1054
f 1299 1054 1300
f 1300 1054 1315
f 1301 1053 1299
f 1056 1053 1301
f 1301 1004 1056
f 1302 1063 1051
f 1304 1063 1302
f 1065 1063 1304
f 1306 1065 1304
f 1067 1065 1306
f 1308 1067 1306
f 1069 1067 1308
f 1310 1069 1308
f 1071 1069 1310
f 1312 1071 1310
f 1073 1071 1312
f 1073 1316 1074
f 1312 1316 1073
f 1312 1317 1316
f 1312 1314 1317
f 1317 1319 1318
f 1316 1317 1318
f 1319 1321 1320
f 1318 1319 1320
f 1321 1323 1322
f 1320 1321 1322
f 1323 1325 1324
f 1322 1323 1324
f 1325 1327 1326
f 1324 1325 1326
f 1327 1329 1328
f 1326 1327 1328
f 1329 1330 1328
f 1333 1332 1331
f 1077 1331 1332
f 1077 1332 1076
f 1076 1332 1334
f 1334 1335 1076
f 1076 1335 1078
f 1335 1336 1078
f 1078 1336 1079
f 1079 1336 1337
f 1080 1079 1337
f 1315 1054 1081
f 1338 1315 1081
f 1081 1339 1338
f 1083 1339 1081
f 1316 1085 1074
f 1318 1085 1316
f 1087 1085 1318
f 1320 1087 1318
f 1089 1087 1320
f 1322 1089 1320
f 1091 1089 1322
f 1324 1091 1322
f 1093 1091 1324
f 1326 1093 1324
f 1095 1093 1326
f 1328 1095 1326
f 1097 1095 1328
f 1097 1340 1098
f 1328 1340 1097
f 1328 1341 1340
f 1328 1330 1341
f 1341 1343 1342
f 1340 1341 1342
f 1343 1345 1344
f 1342 1343 1344
f 1331 1100 1101
f 1333 1331 1101
f 1333 1101 1344
f 1333 1344 1345
f 1331 1077 1100
f 1337 1102 1080
f 1346 1102 1337
f 1348 1347 1104
f 1348 1104 1346
f 1346 1104 1102
f 1104 1347 1105
f 1339 1083 1106
f 1349 1339 1106
f 1349 1106 1350
f 1106 1107 1350
f 1107 1351 1350
f 1108 1351 1107
f 1340 1110 1098
f 1342 1110 1340
f 1112 1110 1342
f 1344 1112 1342
f 1114 1112 1344
f 1344 1101 1114
f 1348 1352 1347
f 1347 1116 1105
f 1347 1352 1116
f 1352 1353 1116
f 1354 1117 1116
f 1354 1116 1355
f 1355 1116 1353
f 1355 1357 1356
f 1354 1355 1356
f 1357 1358 1356
f 1351 1108 1118
f 1359 1351 1118
f 1118 1360 1359
f 1120 1360 1118
f 1354 1121 1117
f 1356 1121 1354
f 1123 1121 1356
f 1358 1123 1356
f 1358 1361 1123
f 1361 1125 1123
f 1362 1126 1125
f 1362 1125 1363
f 1363 1125 1361
f 1363 1364 1362
f 1360 1120 1127
f 1365 1360 1127
f 1367 1128 1366
f 1367 1365 1128
f 1365 1127 1128
f 1128 1129 1366
f 1368 1126 1362
f 1368 1369 1126
f 1369 1130 1126
f 1362 1364 1368
f 1367 1366 1370
f 1366 1129 1131
f 1366 1131 1370
f 1370 1131 1371
f 1373 1132 1372
f 1373 1371 1132
f 1371 1131 1132
f 1132 1133 1372
f 1376 1374 1375
f 1375 1374 1134
f 1375 1134 1369
f 1369 1134 1130
f 1373 1372 1377
f 1372 1133 1135
f 1372 1135 1377
f 1377 1135 1378
f 1378 1135 1379
f 1135 1136 1379
f 1136 1380 1379
f 1137 1380 1136
f 1139 1381 1382
f 1138 1381 1139
f 1381 1138 1383
f 1138 1140 1383
f 1383 1140 1384
f 1140 1142 1384
f 1374 1376 1384
f 1374 1384 1143
f 1143 1384 1142
f 1374 1143 1134
f 1380 1137 1144
f 1385 1380 1144
f 1385 1144 1386
f 1144 1145 1386
f 1388 1146 1387
f 1388 1386 1146
f 1386 1145 1146
f 1148 1387 1146
f 1389 1387 1148
f 1148 1149 1389
f 1151 1390 1391
f 1150 1390 1151
f 1392 1150 1152
f 1392 1393 1150
f 1393 1390 1150
f 1155 1393 1392
f 1155 1154 1393
f 1154 1394 1393
f 1394 1154 1395
f 1154 1156 1395
f 1395 1156 1139
f 1382 1395 1139
f 1388 1387 1396
f 1387 1389 1397
f 1396 1387 1397
f 1389 1149 1157
f 1389 1157 1397
f 1397 1157 1398
f 1398 1157 1399
f 1157 1158 1399
f 1399 1158 1400
f 1158 1159 1400
f 1402 1160 1401
f 1402 1400 1160
f 1400 1159 1160
f 1161 1401 1160
f 1403 1401 1161
f 1161 1163 1403
f 1168 1404 1169
f 1170 1404 1168
f 1405 1404 1170
f 1170 1172 1405
f 1174 1406 1175
f 1176 1406 1174
f 1407 1406 1176
f 1176 1178 1407
f 1180 1408 1181
f 1180 1183 1408
f 1185 1409 1410
f 1184 1409 1185
f 1409 1184 1411
f 1184 1186 1411
f 1411 1186 1412
f 1186 1187 1412
f 1412 1187 1413
f 1187 1188 1413
f 1413 1188 1414
f 1188 1189 1414
f 1414 1189 1415
f 1189 1190 1415
f 1415 1190 1416
f 1190 1191 1416
f 1416 1191 1417
f 1191 1192 1417
f 1417 1192 1418
f 1192 1193 1418
f 1418 1193 1151
f 1391 1418 1151
f 1392 1152 1194
f 1392 1194 1155
f 1402 1401 1419
f 1401 1403 1420
f 1419 1401 1420
f 1403 1163 1195
f 1403 1195 1420
f 1420 1195 1421
f 1421 1195 1422
f 1195 1196 1422
f 1422 1196 1423
f 1196 1197 1423
f 1423 1197 1424
f 1197 1198 1424
f 1424 1198 1425
f 1198 1199 1425
f 1425 1199 1426
f 1199 1200 1426
f 1169 1404 1427
f 1169 1427 1200
f 1200 1427 1426
f 1404 1405 1428
f 1427 1404 1428
f 1405 1172 1201
f 1405 1201 1428
f 1428 1201 1429
f 1429 1201 1430
f 1201 1202 1430
f 1175 1406 1431
f 1175 1431 1202
f 1202 1431 1430
f 1406 1407 1432
f 1431 1406 1432
f 1407 1178 1203
f 1407 1203 1432
f 1432 1203 1433
f 1433 1203 1434
f 1203 1204 1434
f 1181 1408 1435
f 1181 1435 1204
f 1204 1435 1434
f 1408 1183 1205
f 1408 1205 1435
f 1435 1205 1436
f 1436 1205 1185
f 1410 1436 1185
f 1439 1438 1437
f 1438 1440 1437
f 1443 1442 1441
f 1442 1445 1444
f 1441 1442 1444
f 1445 1447 1446
f 1444 1445 1446
f 1447 1439 1437
f 1447 1437 1446
f 1446 1437 1448
f 1440 1450 1449
f 1440 1449 1437
f 1437 1449 1448
f 1450 1452 1451
f 1449 1450 1451
f 1452 1454 1453
f 1451 1452 1453
f 1454 1455 1453
f 1458 1457 1456
f 1441 1207 1208
f 1443 1441 1208
f 1443 1208 1456
f 1443 1456 1457
f 1444 1207 1441
f 1210 1207 1444
f 1446 1210 1444
f 1211 1210 1446
f 1448 1211 1446
f 1212 1211 1448
f 1449 1212 1448
f 1214 1212 1449
f 1451 1214 1449
f 1216 1214 1451
f 1453 1216 1451
f 1218 1216 1453
f 1455 1218 1453
f 1455 1459 1218
f 1459 1220 1218
f 1459 1460 1220
f 1220 1460 1222
f 1461 1223 1222
f 1461 1222 1462
f 1462 1222 1460
f 1462 1464 1463
f 1461 1462 1463
f 1464 1466 1465
f 1463 1464 1465
f 1466 1468 1467
f 1465 1466 1467
f 1468 1469 1467
f 1471 1458 1456
f 1470 1471 1456
f 1456 1225 1470
f 1208 1225 1456
f 1461 1227 1223
f 1463 1227 1461
f 1229 1227 1463
f 1465 1229 1463
f 1231 1229 1465
f 1472 1465 1467
f 1472 1232 1465
f 1472 1473 1232
f 1232 1231 1465
f 1467 1469 1472
f 1471 1470 1474
f 1470 1225 1233
f 1470 1233 1474
f 1474 1233 1475
f 1475 1233 1476
f 1233 1234 1476
f 1476 1234 1477
f 1234 1235 1477
f 1477 1235 1478
f 1235 1236 1478
f 1478 1236 1479
f 1236 1237 1479
f 1479 1237 1480
f 1237 1238 1480
f 1480 1238 1481
f 1238 1239 1481
f 1481 1239 1482
f 1239 1240 1482
f 1482 1240 1483
f 1240 1241 1483
f 1483 1241 1484
f 1241 1242 1484
f 1484 1242 1485
f 1242 1243 1485
f 1485 1243 1486
f 1243 1244 1486
f 1486 1244 1232
f 1473 1486 1232
f 1489 1488 1487
f 1488 1491 1490
f 1487 1488 1490
f 1491 1493 1492
f 1490 1491 1492
f 1493 1495 1494
f 1492 1493 1494
f 1495 1497 1496
f 1494 1495 1496
f 1497 1499 1498
f 1496 1497 1498
f 1499 1501 1500
f 1498 1499 1500
f 1501 1503 1502
f 1500 1501 1502
f 1503 1505 1504
f 1502 1503 1504
f 1505 1507 1506
f 1504 1505 1506
f 1507 1509 1508
f 1506 1507 1508
f 1509 1511 1510
f 1508 1509 1510
f 1511 1513 1512
f 1510 1511 1512
f 1513 1515 1514
f 1512 1513 1514
f 1515 1517 1516
f 1514 1515 1516
f 1517 1519 1518
f 1516 1517 1518
f 1519 1521 1520
f 1518 1519 1520
f 1521 1523 1522
f 1520 1521 1522
f 1523 1525 1524
f 1522 1523 1524
f 1525 1527 1526
f 1524 1525 1526
f 1527 1529 1528
f 1526 1527 1528
f 1529 1531 1530
f 1528 1529 1530
f 1531 1533 1532
f 1530 1531 1532
f 1533 1535 1534
f 1532 1533 1534
f 1535 1537 1536
f 1534 1535 1536
f 1537 1539 1538
f 1536 1537 1538
f 1539 1540 1538
f 1487 1246 1247
f 1487 1247 1489
f 1489 1247 1541
f 1490 1246 1487
f 1249 1246 1490
f 1492 1249 1490
f 1251 1249 1492
f 1494 1251 1492
f 1253 1251 1494
f 1496 1253 1494
f 1255 1253 1496
f 1498 1255 1496
f 1257 1255 1498
f 1500 1257 1498
f 1259 1257 1500
f 1502 1259 1500
f 1261 1259 1502
f 1504 1261 1502
f 1263 1261 1504
f 1506 1263 1504
f 1265 1263 1506
f 1508 1265 1506
f 1267 1265 1508
f 1510 1267 1508
f 1269 1267 1510
f 1512 1269 1510
f 1271 1269 1512
f 1514 1271 1512
f 1273 1271 1514
f 1516 1273 1514
f 1275 1273 1516
f 1518 1275 1516
f 1277 1275 1518
f 1520 1277 1518
f 1279 1277 1520
f 1522 1279 1520
f 1281 1279 1522
f 1524 1281 1522
f 1283 1281 1524
f 1526 1283 1524
f 1285 1283 1526
f 1528 1285 1526
f 1287 1285 1528
f 1530 1287 1528
f 1289 1287 1530
f 1532 1289 1530
f 1291 1289 1532
f 1534 1291 1532
f 1293 1291 1534
f 1536 1293 1534
f 1295 1293 1536
f 1538 1295 1536
f 1297 1295 1538
f 1297 1542 1298
f 1538 1542 1297
f 1538 1543 1542
f 1538 1540 1543
f 1543 1545 1544
f 1542 1543 1544
f 1545 1547 1546
f 1544 1545 1546
f 1547 1549 1548
f 1546 1547 1548
f 1549 1551 1550
f 1548 1549 1550
f 1551 1553 1552
f 1550 1551 1552
f 1553 1554 1552
f 1541 1247 1555
f 1555 1247 1300
f 1542 1303 1298
f 1544 1303 1542
f 1305 1303 1544
f 1546 1305 1544
f 1307 1305 1546
f 1548 1307 1546
f 1309 1307 1548
f 1550 1309 1548
f 1311 1309 1550
f 1552 1311 1550
f 1313 1311 1552
f 1313 1556 1314
f 1552 1556 1313
f 1552 1557 1556
f 1552 1554 1557
f 1557 1559 1558
f 1556 1557 1558
f 1559 1561 1560
f 1558 1559 1560
f 1561 1563 1562
f 1560 1561 1562
f 1563 1565 1564
f 1562 1563 1564
f 1565 1567 1566
f 1564 1565 1566
f 1567 1569 1568
f 1566 1567 1568
f 1569 1570 1568
f 1555 1300 1571
f 1571 1300 1315
f 1556 1317 1314
f 1558 1317 1556
f 1319 1317 1558
f 1560 1319 1558
f 1321 1319 1560
f 1562 1321 1560
f 1323 1321 1562
f 1564 1323 1562
f 1325 1323 1564
f 1566 1325 1564
f 1327 1325 1566
f 1568 1327 1566
f 1329 1327 1568
f 1329 1572 1330
f 1568 1572 1329
f 1568 1573 1572
f 1568 1570 1573
f 1573 1575 1574
f 1572 1573 1574
f 1575 1577 1576
f 1574 1575 1576
f 1333 1576 1577
f 1333 1577 1332
f 1332 1577 1578
f 1578 1579 1332
f 1332 1579 1334
f 1579 1580 1334
f 1334 1580 1335
f 1582 1581 1336
f 1582 1336 1580
f 1580 1336 1335
f 1336 1581 1337
f 1571 1315 1338
f 1583 1571 1338
f 1338 1584 1583
f 1339 1584 1338
f 1572 1341 1330
f 1574 1341 1572
f 1343 1341 1574
f 1576 1343 1574
f 1345 1343 1576
f 1576 1333 1345
f 1582 1585 1581
f 1581 1346 1337
f 1581 1585 1346
f 1585 1586 1346
f 1587 1348 1346
f 1587 1346 1588
f 1588 1346 1586
f 1588 1590 1589
f 1587 1588 1589
f 1590 1591 1589
f 1584 1339 1349
f 1592 1584 1349
f 1592 1349 1593
f 1349 1350 1593
f 1350 1594 1593
f 1351 1594 1350
f 1587 1352 1348
f 1589 1352 1587
f 1353 1352 1589
f 1591 1353 1589
f 1591 1595 1353
f 1595 1355 1353
f 1595 1596 1355
f 1355 1596 1357
f 1357 1596 1597
f 1358 1357 1597
f 1594 1351 1359
f 1598 1594 1359
f 1359 1599 1598
f 1360 1599 1359
f 1597 1361 1358
f 1600 1361 1597
f 1602 1601 1363
f 1602 1363 1600
f 1600 1363 1361
f 1363 1601 1364
f 1599 1360 1365
f 1603 1599 1365
f 1365 1604 1603
f 1367 1604 1365
f 1607 1605 1606
f 1601 1369 1368
f 1602 1369 1601
f 1602 1605 1369
f 1602 1606 1605
f 1601 1368 1364
f 1604 1367 1370
f 1608 1604 1370
f 1610 1371 1609
f 1610 1608 1371
f 1608 1370 1371
f 1371 1373 1609
f 1613 1611 1612
f 1605 1376 1375
f 1607 1376 1605
f 1607 1611 1376
f 1607 1612 1611
f 1605 1375 1369
f 1610 1609 1614
f 1609 1373 1377
f 1609 1377 1614
f 1614 1377 1615
f 1615 1377 1616
f 1377 1378 1616
f 1618 1379 1617
f 1618 1616 1379
f 1616 1378 1379
f 1379 1380 1617
f 1382 1619 1620
f 1381 1619 1382
f 1619 1381 1621
f 1381 1383 1621
f 1611 1613 1621
f 1611 1621 1384
f 1384 1621 1383
f 1611 1384 1376
f 1618 1617 1622
f 1624 1385 1623
f 1622 1385 1624
f 1622 1380 1385
f 1622 1617 1380
f 1386 1623 1385
f 1625 1623 1386
f 1386 1388 1625
f 1628 1626 1627
f 1391 1627 1626
f 1391 1390 1627
f 1390 1629 1627
f 1629 1390 1630
f 1390 1393 1630
f 1630 1393 1631
f 1393 1394 1631
f 1631 1394 1632
f 1394 1395 1632
f 1632 1395 1382
f 1620 1632 1382
f 1624 1623 1633
f 1623 1625 1634
f 1633 1623 1634
f 1625 1388 1396
f 1625 1396 1634
f 1634 1396 1635
f 1635 1396 1636
f 1396 1397 1636
f 1638 1398 1637
f 1638 1636 1398
f 1636 1397 1398
f 1399 1637 1398
f 1639 1637 1399
f 1400 1639 1399
f 1640 1639 1400
f 1400 1402 1640
f 1409 1641 1410
f 1411 1641 1409
f 1642 1641 1411
f 1642 1643 1644
f 1642 1411 1643
f 1411 1412 1643
f 1643 1412 1645
f 1412 1413 1645
f 1647 1414 1646
f 1647 1645 1414
f 1645 1413 1414
f 1646 1648 1649
f 1646 1414 1648
f 1414 1415 1648
f 1648 1415 1650
f 1415 1416 1650
f 1650 1416 1651
f 1416 1417 1651
f 1626 1628 1651
f 1626 1651 1418
f 1418 1651 1417
f 1626 1418 1391
f 1638 1637 1652
f 1637 1639 1653
f 1652 1637 1653
f 1639 1640 1654
f 1653 1639 1654
f 1640 1402 1419
f 1640 1419 1654
f 1654 1419 1655
f 1655 1419 1656
f 1419 1420 1656
f 1656 1420 1657
f 1420 1421 1657
f 1657 1421 1658
f 1421 1422 1658
f 1658 1422 1659
f 1422 1423 1659
f 1659 1423 1660
f 1423 1424 1660
f 1660 1424 1661
f 1424 1425 1661
f 1661 1425 1662
f 1425 1426 1662
f 1662 1426 1663
f 1426 1427 1663
f 1663 1427 1664
f 1427 1428 1664
f 1664 1428 1665
f 1428 1429 1665
f 1665 1429 1666
f 1429 1430 1666
f 1666 1430 1667
f 1430 1431 1667
f 1667 1431 1668
f 1431 1432 1668
f 1668 1432 1669
f 1432 1433 1669
f 1669 1433 1670
f 1433 1434 1670
f 1670 1434 1671
f 1434 1435 1671
f 1671 1435 1672
f 1435 1436 1672
f 1410 1641 1673
f 1410 1673 1436
f 1436 1673 1672
f 1641 1642 1674
f 1673 1641 1674
f 1642 1644 1674
f 1647 1646 1675
f 1646 1649 1675
f 1678 1677 1676
f 1677 1680 1679
f 1676 1677 1679
f 1680 1682 1681
f 1679 1680 1681
f 1682 1684 1683
f 1681 1682 1683
f 1684 1686 1685
f 1683 1684 1685
f 1686 1688 1687
f 1685 1686 1687
f 1688 1690 1689
f 1687 1688 1689
f 1690 1692 1691
f 1689 1690 1691
f 1692 1693 1691
f 1695 1678 1676
f 1694 1695 1676
f 1676 1679 1694
f 1679 1696 1694
f 1679 1681 1696
f 1681 1697 1696
f 1681 1683 1697
f 1683 1698 1697
f 1683 1685 1698
f 1685 1699 1698
f 1685 1687 1699
f 1687 1700 1699
f 1687 1689 1700
f 1689 1701 1700
f 1689 1691 1701
f 1691 1702 1701
f 1693 1704 1703
f 1693 1703 1691
f 1691 1703 1702
f 1704 1706 1705
f 1703 1704 1705
f 1706 1708 1707
f 1705 1706 1707
f 1708 1709 1707
f 1711 1695 1694
f 1710 1711 1694
f 1694 1696 1710
f 1696 1712 1710
f 1696 1697 1712
f 1697 1713 1712
f 1697 1698 1713
f 1698 1714 1713
f 1698 1699 1714
f 1699 1715 1714
f 1699 1700 1715
f 1700 1716 1715
f 1700 1701 1716
f 1701 1717 1716
f 1701 1702 1717
f 1702 1718 1717
f 1702 1703 1718
f 1703 1719 1718
f 1703 1705 1719
f 1705 1720 1719
f 1705 1707 1720
f 1707 1721 1720
f 1709 1723 1722
f 1709 1722 1707
f 1707 1722 1721
f 1723 1725 1724
f 1722 1723 1724
f 1725 1726 1724
f 1728 1711 1710
f 1727 1728 1710
f 1710 1712 1727
f 1712 1729 1727
f 1712 1713 1729
f 1713 1730 1729
f 1713 1714 1730
f 1714 1731 1730
f 1714 1715 1731
f 1715 1732 1731
f 1715 1716 1732
f 1716 1733 1732
f 1716 1717 1733
f 1717 1734 1733
f 1717 1718 1734
f 1718 1735 1734
f 1718 1719 1735
f 1719 1736 1735
f 1719 1720 1736
f 1720 1737 1736
f 1720 1721 1737
f 1721 1738 1737
f 1721 1722 1738
f 1722 1739 1738
f 1722 1724 1739
f 1724 1740 1739
f 1726 1741 1740
f 1724 1726 1740
f 1743 1728 1727
f 1742 1743 1727
f 1727 1729 1742
f 1729 1744 1742
f 1729 1730 1744
f 1730 1745 1744
f 1730 1731 1745
f 1731 1746 1745
f 1731 1732 1746
f 1732 1747 1746
f 1732 1733 1747
f 1733 1748 1747
f 1733 1734 1748
f 1734 1749 1748
f 1734 1735 1749
f 1735 1750 1749
f 1735 1736 1750
f 1736 1751 1750
f 1736 1737 1751
f 1737 1752 1751
f 1737 1738 1752
f 1738 1753 1752
f 1738 1739 1753
f 1739 1754 1753
f 1739 1740 1754
f 1740 1755 1754
f 1741 1756 1755
f 1740 1741 1755
f 1758 1743 1742
f 1757 1758 1742
f 1742 1744 1757
f 1744 1759 1757
f 1744 1745 1759
f 1745 1760 1759
f 1439 1746 1438
f 1439 1760 1746
f 1760 1745 1746
f 1438 1761 1440
f 1438 1746 1761
f 1746 1747 1761
f 1747 1748 1761
f 1748 1762 1761
f 1748 1749 1762
f 1749 1763 1762
f 1749 1750 1763
f 1750 1764 1763
f 1750 1751 1764
f 1751 1765 1764
f 1751 1752 1765
f 1752 1766 1765
f 1752 1753 1766
f 1753 1767 1766
f 1753 1754 1767
f 1754 1768 1767
f 1754 1755 1768
f 1755 1769 1768
f 1756 1770 1769
f 1755 1756 1769
f 1773 1772 1771
f 1757 1442 1443
f 1758 1757 1443
f 1758 1443 1771
f 1758 1771 1772
f 1759 1442 1757
f 1445 1442 1759
f 1760 1445 1759
f 1447 1445 1760
f 1760 1439 1447
f 1761 1450 1440
f 1762 1450 1761
f 1452 1450 1762
f 1763 1452 1762
f 1454 1452 1763
f 1454 1774 1455
f 1454 1763 1774
f 1763 1764 1774
f 1764 1765 1774
f 1765 1775 1774
f 1765 1766 1775
f 1766 1776 1775
f 1766 1767 1776
f 1767 1777 1776
f 1767 1768 1777
f 1768 1778 1777
f 1768 1769 1778
f 1769 1779 1778
f 1770 1780 1779
f 1769 1770 1779
f 1783 1782 1781
f 1771 1457 1458
f 1773 1771 1458
f 1773 1458 1781
f 1773 1781 1782
f 1771 1443 1457
f 1774 1459 1455
f 1775 1459 1774
f 1460 1459 1775
f 1776 1460 1775
f 1462 1460 1776
f 1777 1462 1776
f 1464 1462 1777
f 1778 1464 1777
f 1466 1464 1778
f 1779 1466 1778
f 1779 1468 1466
f 1784 1785 1786
f 1468 1779 1780
f 1468 1780 1469
f 1785 1784 1780
f 1784 1469 1780
f 1788 1783 1781
f 1787 1788 1781
f 1781 1471 1787
f 1458 1471 1781
f 1791 1789 1790
f 1784 1473 1472
f 1786 1473 1784
f 1786 1789 1473
f 1786 1790 1789
f 1784 1472 1469
f 1788 1787 1792
f 1787 1471 1474
f 1787 1474 1792
f 1792 1474 1793
f 1793 1474 1794
f 1474 1475 1794
f 1794 1475 1795
f 1475 1476 1795
f 1795 1476 1796
f 1476 1477 1796
f 1796 1477 1797
f 1477 1478 1797
f 1797 1478 1798
f 1478 1479 1798
f 1798 1479 1799
f 1479 1480 1799
f 1799 1480 1800
f 1480 1481 1800
f 1800 1481 1801
f 1481 1482 1801
f 1801 1482 1802
f 1482 1483 1802
f 1802 1483 1803
f 1483 1484 1803
f 1803 1484 1804
f 1484 1485 1804
f 1789 1791 1804
f 1789 1804 1486
f 1486 1804 1485
f 1789 1486 1473
f 1807 1806 1805
f 1806 1808 1805
f 1811 1810 1809
f 1810 1813 1812
f 1809 1810 1812
f 1813 1815 1814
f 1812 1813 1814
f 1815 1817 1816
f 1814 1815 1816
f 1817 1819 1818
f 1816 1817 1818
f 1819 1821 1820
f 1818 1819 1820
f 1821 1823 1822
f 1820 1821 1822
f 1823 1825 1824
f 1822 1823 1824
f 1825 1827 1826
f 1824 1825 1826
f 1827 1829 1828
f 1826 1827 1828
f 1829 1831 1830
f 1828 1829 1830
f 1831 1833 1832
f 1830 1831 1832
f 1833 1835 1834
f 1832 1833 1834
f 1835 1837 1836
f 1834 1835 1836
f 1837 1839 1838
f 1836 1837 1838
f 1839 1841 1840
f 1838 1839 1840
f 1841 1843 1842
f 1840 1841 1842
f 1843 1844 1842
f 1489 1846 1845
f 1488 1489 1845
f 1845 1847 1488
f 1488 1847 1491
f 1847 1848 1491
f 1491 1848 1493
f 1848 1849 1493
f 1493 1849 1495
f 1849 1850 1495
f 1495 1850 1497
f 1850 1851 1497
f 1497 1851 1499
f 1851 1852 1499
f 1499 1852 1501
f 1805 1852 1807
f 1805 1503 1852
f 1503 1501 1852
f 1808 1503 1805
f 1808 1853 1503
f 1853 1505 1503
f 1809 1853 1811
f 1809 1507 1853
f 1507 1505 1853
f 1812 1507 1809
f 1509 1507 1812
f 1814 1509 1812
f 1511 1509 1814
f 1816 1511 1814
f 1513 1511 1816
f 1818 1513 1816
f 1515 1513 1818
f 1820 1515 1818
f 1517 1515 1820
f 1822 1517 1820
f 1519 1517 1822
f 1824 1519 1822
f 1521 1519 1824
f 1826 1521 1824
f 1523 1521 1826
f 1828 1523 1826
f 1525 1523 1828
f 1830 1525 1828
f 1527 1525 1830
f 1832 1527 1830
f 1529 1527 1832
f 1834 1529 1832
f 1531 1529 1834
f 1836 1531 1834
f 1533 1531 1836
f 1838 1533 1836
f 1535 1533 1838
f 1840 1535 1838
f 1537 1535 1840
f 1842 1537 1840
f 1539 1537 1842
f 1539 1854 1540
f 1842 1854 1539
f 1842 1855 1854
f 1842 1844 1855
f 1855 1857 1856
f 1854 1855 1856
f 1857 1859 1858
f 1856 1857 1858
f 1859 1861 1860
f 1858 1859 1860
f 1861 1863 1862
f 1860 1861 1862
f 1863 1865 1864
f 1862 1863 1864
f 1865 1866 1864
f 1846 1489 1867
f 1867 1489 1541
f 1854 1543 1540
f 1856 1543 1854
f 1545 1543 1856
f 1858 1545 1856
f 1547 1545 1858
f 1860 1547 1858
f 1549 1547 1860
f 1862 1549 1860
f 1551 1549 1862
f 1864 1551 1862
f 1553 1551 1864
f 1553 1868 1554
f 1864 1868 1553
f 1864 1869 1868
f 1864 1866 1869
f 1869 1871 1870
f 1868 1869 1870
f 1871 1873 1872
f 1870 1871 1872
f 1873 1875 1874
f 1872 1873 1874
f 1875 1877 1876
f 1874 1875 1876
f 1877 1879 1878
f 1876 1877 1878
f 1879 1881 1880
f 1878 1879 1880
f 1881 1882 1880
f 1867 1541 1883
f 1883 1541 1555
f 1868 1557 1554
f 1870 1557 1868
f 1559 1557 1870
f 1872 1559 1870
f 1561 1559 1872
f 1874 1561 1872
f 1563 1561 1874
f 1876 1563 1874
f 1565 1563 1876
f 1878 1565 1876
f 1567 1565 1878
f 1880 1567 1878
f 1569 1567 1880
f 1569 1884 1570
f 1880 1884 1569
f 1880 1885 1884
f 1880 1882 1885
f 1885 1887 1886
f 1884 1885 1886
f 1887 1889 1888
f 1886 1887 1888
f 1889 1891 1890
f 1888 1889 1890
f 1891 1893 1892
f 1890 1891 1892
f 1893 1894 1892
f 1883 1555 1895
f 1895 1555 1571
f 1884 1573 1570
f 1886 1573 1884
f 1575 1573 1886
f 1888 1575 1886
f 1577 1575 1888
f 1890 1577 1888
f 1578 1577 1890
f 1892 1578 1890
f 1579 1578 1892
f 1894 1579 1892
f 1894 1896 1579
f 1896 1580 1579
f 1580 1896 1897
f 1582 1580 1897
f 1583 1898 1899
f 1583 1899 1571
f 1571 1899 1895
f 1583 1584 1898
f 1897 1585 1582
f 1900 1585 1897
f 1900 1901 1585
f 1585 1901 1586
f 1901 1902 1586
f 1586 1902 1588
f 1902 1903 1588
f 1588 1903 1590
f 1590 1903 1904
f 1591 1590 1904
f 1899 1898 1905
f 1898 1584 1592
f 1898 1592 1905
f 1905 1592 1906
f 1908 1593 1907
f 1908 1906 1593
f 1906 1592 1593
f 1593 1594 1907
f 1904 1595 1591
f 1909 1595 1904
f 1909 1910 1595
f 1595 1910 1596
f 1596 1910 1911
f 1597 1596 1911
f 1908 1907 1912
f 1914 1598 1913
f 1912 1598 1914
f 1912 1594 1598
f 1912 1907 1594
f 1598 1599 1913
f 1600 1916 1915
f 1600 1597 1916
f 1597 1911 1916
f 1600 1915 1602
f 1914 1913 1917
f 1919 1603 1918
f 1917 1603 1919
f 1917 1599 1603
f 1917 1913 1599
f 1603 1604 1918
f 1922 1920 1921
f 1915 1607 1606
f 1916 1607 1915
f 1916 1920 1607
f 1916 1921 1920
f 1915 1606 1602
f 1919 1918 1923
f 1925 1608 1924
f 1923 1608 1925
f 1923 1604 1608
f 1923 1918 1604
f 1608 1610 1924
f 1928 1926 1927
f 1920 1613 1612
f 1922 1613 1920
f 1922 1926 1613
f 1922 1927 1926
f 1920 1612 1607
f 1925 1924 1929
f 1924 1610 1614
f 1924 1614 1929
f 1929 1614 1930
f 1932 1615 1931
f 1932 1930 1615
f 1930 1614 1615
f 1616 1931 1615
f 1933 1931 1616
f 1616 1618 1933
f 1936 1934 1935
f 1620 1935 1934
f 1620 1619 1935
f 1619 1937 1935
f 1926 1928 1937
f 1926 1937 1621
f 1621 1937 1619
f 1926 1621 1613
f 1932 1931 1938
f 1931 1933 1939
f 1938 1931 1939
f 1941 1622 1940
f 1939 1622 1941
f 1939 1618 1622
f 1939 1933 1618
f 1622 1624 1940
f 1628 1942 1943
f 1627 1942 1628
f 1942 1627 1944
f 1627 1629 1944
f 1944 1629 1945
f 1629 1630 1945
f 1945 1630 1946
f 1630 1631 1946
f 1934 1936 1946
f 1934 1946 1632
f 1632 1946 1631
f 1934 1632 1620
f 1941 1940 1947
f 1940 1624 1633
f 1940 1633 1947
f 1947 1633 1948
f 1948 1633 1949
f 1633 1634 1949
f 1949 1634 1950
f 1634 1635 1950
f 1950 1635 1951
f 1635 1636 1951
f 1636 1952 1951
f 1638 1952 1636
f 1644 1953 1954
f 1643 1953 1644
f 1956 1645 1955
f 1956 1953 1645
f 1953 1643 1645
f 1955 1645 1647
f 1959 1957 1958
f 1649 1958 1957
f 1649 1648 1958
f 1648 1960 1958
f 1960 1648 1961
f 1648 1650 1961
f 1961 1650 1962
f 1650 1651 1962
f 1962 1651 1628
f 1943 1962 1628
f 1952 1638 1652
f 1963 1952 1652
f 1963 1652 1964
f 1652 1653 1964
f 1964 1653 1965
f 1653 1654 1965
f 1965 1654 1966
f 1654 1655 1966
f 1966 1655 1967
f 1655 1656 1967
f 1967 1656 1968
f 1656 1657 1968
f 1968 1657 1969
f 1657 1658 1969
f 1969 1658 1970
f 1658 1659 1970
f 1972 1660 1971
f 1972 1970 1660
f 1970 1659 1660
f 1661 1971 1660
f 1973 1971 1661
f 1662 1973 1661
f 1974 1973 1662
f 1663 1974 1662
f 1975 1974 1663
f 1975 1976 1977
f 1975 1663 1976
f 1663 1664 1976
f 1976 1664 1978
f 1664 1665 1978
f 1978 1665 1979
f 1665 1666 1979
f 1979 1666 1980
f 1666 1667 1980
f 1980 1667 1981
f 1667 1668 1981
f 1981 1668 1982
f 1668 1669 1982
f 1982 1669 1983
f 1669 1670 1983
f 1983 1670 1984
f 1670 1671 1984
f 1984 1671 1985
f 1671 1672 1985
f 1985 1672 1986
f 1672 1673 1986
f 1986 1673 1987
f 1673 1674 1987
f 1987 1674 1644
f 1954 1987 1644
f 1956 1955 1988
f 1957 1959 1988
f 1957 1988 1675
f 1955 1647 1988
f 1647 1675 1988
f 1957 1675 1649
f 1972 1971 1989
f 1971 1973 1990
f 1989 1971 1990
f 1973 1974 1991
f 1990 1973 1991
f 1974 1975 1992
f 1991 1974 1992
f 1975 1977 1992
f 1995 1994 1993
f 1678 1993 1994
f 1678 1994 1677
f 1677 1994 1996
f 1996 1997 1677
f 1677 1997 1680
f 1997 1998 1680
f 1680 1998 1682
f 1998 1999 1682
f 1682 1999 1684
f 1999 2000 1684
f 1684 2000 1686
f 2000 2001 1686
f 1686 2001 1688
f 2001 2002 1688
f 1688 2002 1690
f 2002 2003 1690
f 1690 2003 1692
f 2004 1693 1692
f 2004 1692 2005
f 2005 1692 2003
f 2005 2007 2006
f 2004 2005 2006
f 2007 2008 2006
f 2010 1995 1993
f 2009 2010 1993
f 1993 1695 2009
f 1678 1695 1993
f 2004 1704 1693
f 2006 1704 2004
f 1706 1704 2006
f 2008 1706 2006
f 2008 2011 1706
f 2011 1708 1706
f 2012 1709 1708
f 2012 1708 2013
f 2013 1708 2011
f 2013 2014 2012
f 2016 2010 2009
f 2015 2016 2009
f 2009 1711 2015
f 1695 1711 2009
f 2012 1723 1709
f 2014 1723 2012
f 2014 2017 1723
f 2017 1725 1723
f 1725 2017 2018
f 1726 1725 2018
f 2020 2016 2015
f 2019 2020 2015
f 2015 1728 2019
f 1711 1728 2015
f 2018 2021 1726
f 2021 1741 1726
f 2023 2020 2019
f 2022 2023 2019
f 2019 1743 2022
f 1728 1743 2019
f 2026 2024 2025
f 2025 2024 1756
f 2025 1756 2021
f 2021 1756 1741
f 2029 2028 2027
f 2028 2023 2022
f 2028 2022 2027
f 2027 2022 2030
f 2022 1758 2030
f 1743 1758 2022
f 2032 2024 2026
f 2031 2024 2032
f 2024 2031 1770
f 1756 2024 1770
f 2034 2029 2027
f 2033 2034 2027
f 1773 2030 1772
f 1773 2033 2030
f 2033 2027 2030
f 2030 1758 1772
f 2036 2031 2032
f 2035 2031 2036
f 2031 2035 1780
f 1770 2031 1780
f 2033 1782 1783
f 2033 1783 2034
f 2034 1783 2037
f 2033 1773 1782
f 2040 2038 2039
f 2035 1786 1785
f 2036 1786 2035
f 2036 2038 1786
f 2036 2039 2038
f 2035 1785 1780
f 2043 2042 2041
f 2042 1788 2041
f 2042 2037 1788
f 2037 1783 1788
f 2038 1791 1790
f 2038 2040 1791
f 2040 2044 1791
f 2038 1790 1786
f 2043 2041 2045
f 2041 1788 1792
f 2041 1792 2045
f 2045 1792 2046
f 2046 1792 2047
f 1792 1793 2047
f 2047 1793 2048
f 1793 1794 2048
f 2048 1794 2049
f 1794 1795 2049
f 2049 1795 2050
f 1795 1796 2050
f 2050 1796 2051
f 1796 1797 2051
f 2051 1797 2052
f 1797 1798 2052
f 2052 1798 2053
f 1798 1799 2053
f 2053 1799 2054
f 1799 1800 2054
f 2054 1800 2055
f 1800 1801 2055
f 2055 1801 2056
f 1801 1802 2056
f 2056 1802 2057
f 1802 1803 2057
f 2057 1803 2058
f 1803 1804 2058
f 2058 1804 1791
f 2044 2058 1791
f 1806 1807 2059
f 1806 2059 1808
f 1810 1811 2060
f 1813 1810 2060
f 2061 1813 2060
f 2061 2063 2062
f 2061 2062 1813
f 1813 2062 1815
f 2062 2064 1815
f 1815 2064 1817
f 2064 2065 1817
f 1817 2065 1819
f 2065 2066 1819
f 1819 2066 1821
f 2066 2067 1821
f 1821 2067 1823
f 2067 2068 1823
f 1823 2068 1825
f 2068 2069 1825
f 1825 2069 1827
f 2069 2070 1827
f 1827 2070 1829
f 2070 2071 1829
f 1829 2071 1831
f 2071 2072 1831
f 1831 2072 1833
f 2072 2073 1833
f 1833 2073 1835
f 2073 2074 1835
f 1835 2074 1837
f 2074 2075 1837
f 1837 2075 1839
f 2075 2076 1839
f 1839 2076 1841
f 2076 2077 1841
f 1841 2077 1843
f 2078 1844 1843
f 2078 1843 2079
f 2079 1843 2077
f 2079 2081 2080
f 2078 2079 2080
f 2081 2083 2082
f 2080 2081 2082
f 2083 2085 2084
f 2082 2083 2084
f 2085 2087 2086
f 2084 2085 2086
f 2087 2089 2088
f 2086 2087 2088
f 2089 2090 2088
f 1846 2092 2091
f 1845 1846 2091
f 2091 2093 1845
f 1845 2093 1847
f 2093 2094 1847
f 1847 2094 1848
f 2094 2095 1848
f 1848 2095 1849
f 2095 2096 1849
f 1849 2096 1850
f 2096 2097 1850
f 1850 2097 1851
f 2097 2098 1851
f 1851 2098 1852
f 1807 2099 2059
f 1807 1852 2099
f 1852 2098 2099
f 2059 1853 1808
f 2059 2099 1853
f 2099 2100 1853
f 1811 2101 2060
f 1811 1853 2101
f 1853 2100 2101
f 2060 2102 2061
f 2101 2102 2060
f 2061 2102 2063
f 2078 1855 1844
f 2080 1855 2078
f 1857 1855 2080
f 2082 1857 2080
f 1859 1857 2082
f 2084 1859 2082
f 1861 1859 2084
f 2086 1861 2084
f 1863 1861 2086
f 2088 1863 2086
f 1865 1863 2088
f 1865 2103 1866
f 2088 2103 1865
f 2088 2104 2103
f 2088 2090 2104
f 2104 2106 2105
f 2103 2104 2105
f 2106 2108 2107
f 2105 2106 2107
f 2108 2110 2109
f 2107 2108 2109
f 2110 2112 2111
f 2109 2110 2111
f 2112 2114 2113
f 2111 2112 2113
f 2114 2116 2115
f 2113 2114 2115
f 2116 2117 2115
f 2092 1846 2118
f 2118 1846 1867
f 2103 1869 1866
f 2105 1869 2103
f 1871 1869 2105
f 2107 1871 2105
f 1873 1871 2107
f 2109 1873 2107
f 1875 1873 2109
f 2111 1875 2109
f 1877 1875 2111
f 2113 1877 2111
f 1879 1877 2113
f 2115 1879 2113
f 1881 1879 2115
f 1881 2119 1882
f 2115 2119 1881
f 2115 2120 2119
f 2115 2117 2120
f 2120 2122 2121
f 2119 2120 2121
f 2122 2124 2123
f 2121 2122 2123
f 2124 2125 2123
f 2118 1867 2126
f 2126 1867 1883
f 2119 1885 1882
f 2121 1885 2119
f 1887 1885 2121
f 2123 1887 2121
f 1889 1887 2123
f 2125 1889 2123
f 2125 2127 1889
f 2127 1891 1889
f 2127 2128 1891
f 1891 2128 1893
f 1893 2128 2129
f 1894 1893 2129
f 2126 1883 2130
f 2130 1883 1895
f 2129 1896 1894
f 2131 1896 2129
f 1896 2131 2132
f 1897 1896 2132
f 2130 1895 2133
f 2133 1895 1899
f 2132 1900 1897
f 2134 1900 2132
f 2134 2135 1900
f 1900 2135 1901
f 2135 2136 1901
f 1901 2136 1902
f 2136 2137 1902
f 1902 2137 1903
f 1903 2137 2138
f 1904 1903 2138
f 1905 2139 2140
f 1905 2140 1899
f 1899 2140 2133
f 1906 2139 1905
f 2141 2139 1906
f 1906 1908 2141
f 2138 1909 1904
f 2142 1909 2138
f 2142 2143 1909
f 1909 2143 1910
f 1910 2143 2144
f 1911 1910 2144
f 2140 2139 2145
f 2139 2141 2146
f 2145 2139 2146
f 2141 1908 1912
f 2141 1912 2146
f 2146 1912 2147
f 1912 2148 2147
f 1914 2148 1912
f 2151 2149 2150
f 2150 2149 1916
f 2150 1916 2144
f 2144 1916 1911
f 2148 1914 1917
f 2152 2148 1917
f 1917 2153 2152
f 1919 2153 1917
f 2149 1922 1921
f 2149 2151 1922
f 2151 2154 1922
f 2149 1921 1916
f 2153 1919 1923
f 2155 2153 1923
f 1923 2156 2155
f 1925 2156 1923
f 1928 2157 2158
f 1927 2157 1928
f 2157 1927 1922
f 2154 2157 1922
f 2156 1925 1929
f 2159 2156 1929
f 2159 1929 2160
f 1929 1930 2160
f 1930 2161 2160
f 1932 2161 1930
f 2164 2162 2163
f 1936 2163 2162
f 1936 1935 2163
f 1935 2165 2163
f 2165 1935 2166
f 1935 1937 2166
f 2166 1937 1928
f 2158 2166 1928
f 2161 1932 1938
f 2167 2161 1938
f 2167 1938 2168
f 1938 1939 2168
f 2169 1939 1941
f 2169 2170 1939
f 2170 2168 1939
f 2170 2169 2171
f 2174 2172 2173
f 1943 2173 2172
f 1943 1942 2173
f 1942 2175 2173
f 2175 1942 2176
f 1942 1944 2176
f 2176 1944 2177
f 1944 1945 2177
f 2162 2164 2177
f 2162 2177 1946
f 1946 2177 1945
f 2162 1946 1936
f 2169 1941 1947
f 2171 2169 1947
f 2171 1947 2178
f 2178 1947 1948
f 2178 1948 2179
f 1948 1949 2179
f 2179 1949 2180
f 1949 1950 2180
f 2182 1951 2181
f 2182 2180 1951
f 2180 1950 1951
f 1951 1952 2181
f 1954 2183 2184
f 1953 2183 1954
f 2185 1953 1956
f 2185 2186 1953
f 2186 2183 1953
f 1959 2186 2185
f 1959 1958 2186
f 1958 2187 2186
f 2187 1958 2188
f 1958 1960 2188
f 2188 1960 2189
f 1960 1961 2189
f 2172 2174 2189
f 2172 2189 1962
f 1962 2189 1961
f 2172 1962 1943
f 2182 2181 2190
f 2181 1952 1963
f 2181 1963 2190
f 2190 1963 2191
f 2191 1963 2192
f 1963 1964 2192
f 2192 1964 2193
f 1964 1965 2193
f 2193 1965 2194
f 1965 1966 2194
f 2196 1967 2195
f 2196 2194 1967
f 2194 1966 1967
f 1968 2195 1967
f 2197 2195 1968
f 1969 2197 1968
f 2198 2197 1969
f 1970 2198 1969
f 2199 2198 1970
f 1970 1972 2199
f 1976 2200 1977
f 2200 2201 2202
f 2200 1976 2201
f 1976 1978 2201
f 2201 1978 2203
f 1978 1979 2203
f 2203 1979 2204
f 1979 1980 2204
f 2204 1980 2205
f 1980 1981 2205
f 2205 1981 2206
f 1981 1982 2206
f 2206 1982 2207
f 1982 1983 2207
f 2207 1983 2208
f 1983 1984 2208
f 2208 1984 2209
f 1984 1985 2209
f 2209 1985 2210
f 1985 1986 2210
f 2210 1986 2211
f 1986 1987 2211
f 2211 1987 1954
f 2184 2211 1954
f 2185 1956 1988
f 2185 1988 1959
f 2196 2195 2212
f 2195 2197 2213
f 2212 2195 2213
f 2197 2198 2214
f 2213 2197 2214
f 2198 2199 2215
f 2214 2198 2215
f 2199 1972 1989
f 2199 1989 2215
f 2215 1989 2216
f 2216 1989 2217
f 1989 1990 2217
f 2217 1990 2218
f 1990 1991 2218
f 2218 1991 2219
f 1991 1992 2219
f 1977 2200 2220
f 1977 2220 1992
f 1992 2220 2219
f 2200 2202 2220
f 2223 2222 2221
f 1995 2221 2222
f 1995 2222 1994
f 1994 2222 2224
f 2224 2225 1994
f 1994 2225 1996
f 2225 2226 1996
f 1996 2226 1997
f 2226 2227 1997
f 1997 2227 1998
f 2227 2228 1998
f 1998 2228 1999
f 2228 2229 1999
f 1999 2229 2000
f 2229 2230 2000
f 2000 2230 2001
f 2230 2231 2001
f 2001 2231 2002
f 2231 2232 2002
f 2002 2232 2003
f 2232 2233 2003
f 2003 2233 2005
f 2233 2234 2005
f 2005 2234 2007
f 2235 2008 2007
f 2235 2007 2236
f 2236 2007 2234
f 2236 2237 2235
f 2239 2223 2221
f 2238 2239 2221
f 2221 2010 2238
f 1995 2010 2221
f 2235 2011 2008
f 2237 2011 2235
f 2237 2240 2011
f 2240 2013 2011
f 2013 2240 2241
f 2014 2013 2241
f 2243 2239 2238
f 2242 2243 2238
f 2238 2016 2242
f 2010 2016 2238
f 2017 2245 2244
f 2017 2014 2245
f 2014 2241 2245
f 2017 2244 2018
f 2247 2243 2242
f 2246 2247 2242
f 2242 2020 2246
f 2016 2020 2242
f 2249 2244 2245
f 2248 2244 2249
f 2244 2248 2021
f 2018 2244 2021
f 2251 2247 2246
f 2250 2251 2246
f 2246 2023 2250
f 2020 2023 2246
f 2254 2252 2253
f 2248 2026 2025
f 2249 2026 2248
f 2249 2252 2026
f 2249 2253 2252
f 2248 2025 2021
f 2250 2028 2029
f 2250 2029 2251
f 2251 2029 2255
f 2250 2023 2028
f 2254 2256 2252
f 2252 2256 2257
f 2252 2257 2026
f 2026 2257 2032
f 2260 2259 2258
f 2259 2261 2258
f 2264 2263 2262
f 2263 2034 2262
f 2263 2255 2034
f 2255 2029 2034
f 2267 2265 2266
f 2266 2265 2036
f 2266 2036 2257
f 2257 2036 2032
f 2269 2260 2258
f 2268 2269 2258
f 2261 2270 2268
f 2258 2261 2268
f 2272 2264 2262
f 2271 2272 2262
f 2262 2037 2271
f 2034 2037 2262
f 2265 2040 2039
f 2265 2267 2040
f 2267 2273 2040
f 2265 2039 2036
f 2269 2268 2274
f 2268 2270 2274
f 2277 2276 2275
f 2271 2042 2043
f 2272 2271 2043
f 2272 2043 2275
f 2272 2275 2276
f 2271 2037 2042
f 2280 2278 2279
f 2279 2278 2044
f 2279 2044 2273
f 2273 2044 2040
f 2277 2275 2281
f 2275 2043 2045
f 2275 2045 2281
f 2281 2045 2282
f 2282 2045 2283
f 2045 2046 2283
f 2283 2046 2284
f 2046 2047 2284
f 2284 2047 2285
f 2047 2048 2285
f 2285 2048 2286
f 2048 2049 2286
f 2286 2049 2287
f 2049 2050 2287
f 2287 2050 2288
f 2050 2051 2288
f 2288 2051 2289
f 2051 2052 2289
f 2289 2052 2290
f 2052 2053 2290
f 2290 2053 2291
f 2053 2054 2291
f 2291 2054 2292
f 2054 2055 2292
f 2292 2055 2293
f 2055 2056 2293
f 2293 2056 2294
f 2056 2057 2294
f 2278 2280 2294
f 2278 2294 2058
f 2058 2294 2057
f 2278 2058 2044
f 2297 2296 2295
f 2063 2295 2296
f 2063 2296 2062
f 2062 2296 2298
f 2298 2299 2062
f 2062 2299 2064
f 2299 2300 2064
f 2064 2300 2065
f 2300 2301 2065
f 2065 2301 2066
f 2301 2302 2066
f 2066 2302 2067
f 2302 2303 2067
f 2067 2303 2068
f 2303 2304 2068
f 2068 2304 2069
f 2304 2305 2069
f 2069 2305 2070
f 2305 2306 2070
f 2070 2306 2071
f 2306 2307 2071
f 2071 2307 2072
f 2307 2308 2072
f 2072 2308 2073
f 2308 2309 2073
f 2073 2309 2074
f 2309 2310 2074
f 2074 2310 2075
f 2310 2311 2075
f 2075 2311 2076
f 2311 2312 2076
f 2076 2312 2077
f 2312 2313 2077
f 2077 2313 2079
f 2313 2314 2079
f 2079 2314 2081
f 2314 2315 2081
f 2081 2315 2083
f 2315 2316 2083
f 2083 2316 2085
f 2318 2317 2087
f 2318 2087 2316
f 2316 2087 2085
f 2089 2087 2317
f 2319 2089 2317
f 2089 2319 2090
f 2092 2321 2320
f 2091 2092 2320
f 2320 2322 2091
f 2091 2322 2093
f 2322 2323 2093
f 2093 2323 2094
f 2323 2324 2094
f 2094 2324 2095
f 2324 2325 2095
f 2095 2325 2096
f 2325 2326 2096
f 2096 2326 2097
f 2326 2327 2097
f 2097 2327 2098
f 2327 2328 2098
f 2098 2328 2099
f 2328 2329 2099
f 2099 2329 2100
f 2329 2330 2100
f 2100 2330 2101
f 2295 2330 2297
f 2295 2102 2330
f 2102 2101 2330
f 2295 2063 2102
f 2318 2331 2317
f 2317 2332 2319
f 2331 2332 2317
f 2319 2104 2090
f 2319 2332 2104
f 2332 2333 2104
f 2333 2334 2104
f 2104 2334 2106
f 2334 2335 2106
f 2106 2335 2108
f 2335 2336 2108
f 2108 2336 2110
f 2336 2337 2110
f 2110 2337 2112
f 2337 2338 2112
f 2112 2338 2114
f 2338 2339 2114
f 2114 2339 2116
f 2340 2117 2116
f 2340 2116 2341
f 2341 2116 2339
f 2341 2343 2342
f 2340 2341 2342
f 2343 2344 2342
f 2321 2092 2345
f 2345 2092 2118
f 2340 2120 2117
f 2342 2120 2340
f 2122 2120 2342
f 2344 2122 2342
f 2344 2346 2122
f 2346 2124 2122
f 2124 2346 2347
f 2125 2124 2347
f 2345 2118 2348
f 2348 2118 2126
f 2347 2127 2125
f 2349 2127 2347
f 2349 2350 2127
f 2127 2350 2128
f 2128 2350 2351
f 2129 2128 2351
f 2348 2126 2352
f 2352 2126 2130
f 2351 2131 2129
f 2353 2131 2351
f 2131 2353 2354
f 2132 2131 2354
f 2352 2130 2355
f 2355 2130 2133
f 2354 2134 2132
f 2356 2134 2354
f 2356 2357 2134
f 2134 2357 2135
f 2357 2358 2135
f 2135 2358 2136
f 2358 2359 2136
f 2136 2359 2137
f 2137 2359 2360
f 2138 2137 2360
f 2355 2133 2361
f 2361 2133 2140
f 2360 2142 2138
f 2362 2142 2360
f 2364 2363 2143
f 2364 2143 2362
f 2362 2143 2142
f 2143 2363 2144
f 2361 2140 2145
f 2365 2361 2145
f 2367 2146 2366
f 2367 2365 2146
f 2365 2145 2146
f 2147 2366 2146
f 2368 2366 2147
f 2147 2148 2368
f 2371 2369 2370
f 2363 2151 2150
f 2364 2151 2363
f 2364 2369 2151
f 2364 2370 2369
f 2363 2150 2144
f 2367 2366 2372
f 2366 2368 2373
f 2372 2366 2373
f 2375 2152 2374
f 2373 2152 2375
f 2373 2148 2152
f 2373 2368 2148
f 2152 2153 2374
f 2377 2369 2371
f 2376 2369 2377
f 2369 2376 2154
f 2151 2369 2154
f 2375 2374 2378
f 2374 2153 2155
f 2374 2155 2378
f 2378 2155 2379
f 2155 2380 2379
f 2156 2380 2155
f 2383 2381 2382
f 2376 2158 2157
f 2377 2158 2376
f 2377 2381 2158
f 2377 2382 2381
f 2376 2157 2154
f 2380 2156 2159
f 2384 2380 2159
f 2384 2159 2385
f 2159 2160 2385
f 2160 2386 2385
f 2161 2386 2160
f 2164 2387 2388
f 2163 2387 2164
f 2387 2163 2389
f 2163 2165 2389
f 2381 2383 2389
f 2381 2389 2166
f 2166 2389 2165
f 2381 2166 2158
f 2386 2161 2167
f 2390 2386 2167
f 2390 2167 2391
f 2167 2168 2391
f 2391 2168 2392
f 2168 2170 2392
f 2170 2393 2392
f 2171 2393 2170
f 2174 2394 2395
f 2173 2394 2174
f 2394 2173 2396
f 2173 2175 2396
f 2396 2175 2397
f 2175 2176 2397
f 2397 2176 2398
f 2176 2177 2398
f 2398 2177 2164
f 2388 2398 2164
f 2393 2171 2178
f 2399 2393 2178
f 2399 2178 2400
f 2178 2179 2400
f 2400 2179 2401
f 2179 2180 2401
f 2180 2402 2401
f 2182 2402 2180
f 2184 2403 2404
f 2183 2403 2184
f 2403 2183 2405
f 2183 2186 2405
f 2405 2186 2406
f 2186 2187 2406
f 2406 2187 2407
f 2187 2188 2407
f 2407 2188 2408
f 2188 2189 2408
f 2408 2189 2174
f 2395 2408 2174
f 2402 2182 2190
f 2409 2402 2190
f 2409 2190 2410
f 2190 2191 2410
f 2410 2191 2411
f 2191 2192 2411
f 2411 2192 2412
f 2192 2193 2412
f 2414 2194 2413
f 2414 2412 2194
f 2412 2193 2194
f 2194 2196 2413
f 2201 2415 2202
f 2415 2416 2417
f 2415 2201 2416
f 2201 2203 2416
f 2416 2203 2418
f 2203 2204 2418
f 2418 2204 2419
f 2204 2205 2419
f 2419 2205 2420
f 2205 2206 2420
f 2420 2206 2421
f 2206 2207 2421
f 2421 2207 2422
f 2207 2208 2422
f 2422 2208 2423
f 2208 2209 2423
f 2423 2209 2424
f 2209 2210 2424
f 2424 2210 2425
f 2210 2211 2425
f 2425 2211 2184
f 2404 2425 2184
f 2414 2413 2426
f 2413 2196 2212
f 2413 2212 2426
f 2426 2212 2427
f 2427 2212 2428
f 2212 2213 2428
f 2428 2213 2429
f 2213 2214 2429
f 2429 2214 2430
f 2214 2215 2430
f 2430 2215 2431
f 2215 2216 2431
f 2431 2216 2432
f 2216 2217 2432
f 2432 2217 2433
f 2217 2218 2433
f 2433 2218 2434
f 2218 2219 2434
f 2434 2219 2435
f 2219 2220 2435
f 2202 2415 2436
f 2202 2436 2220
f 2220 2436 2435
f 2415 2417 2436
f 2439 2438 2437
f 2223 2437 2438
f 2223 2438 2222
f 2222 2438 2440
f 2440 2441 2222
f 2222 2441 2224
f 2441 2442 2224
f 2224 2442 2225
f 2442 2443 2225
f 2225 2443 2226
f 2443 2444 2226
f 2226 2444 2227
f 2444 2445 2227
f 2227 2445 2228
f 2445 2446 2228
f 2228 2446 2229
f 2446 2447 2229
f 2229 2447 2230
f 2447 2448 2230
f 2230 2448 2231
f 2450 2449 2232
f 2450 2232 2448
f 2448 2232 2231
f 2233 2232 2449
f 2451 2233 2449
f 2234 2233 2451
f 2452 2234 2451
f 2236 2234 2452
f 2453 2236 2452
f 2236 2453 2237
f 2455 2439 2437
f 2454 2455 2437
f 2437 2239 2454
f 2223 2239 2437
f 2450 2456 2449
f 2449 2457 2451
f 2456 2457 2449
f 2451 2458 2452
f 2457 2458 2451
f 2452 2459 2453
f 2458 2459 2452
f 2461 2460 2240
f 2459 2461 2240
f 2459 2240 2237
f 2459 2237 2453
f 2240 2460 2241
f 2463 2455 2454
f 2462 2463 2454
f 2454 2243 2462
f 2239 2243 2454
f 2465 2460 2461
f 2464 2460 2465
f 2460 2464 2245
f 2241 2460 2245
f 2467 2463 2462
f 2466 2467 2462
f 2462 2247 2466
f 2243 2247 2462
f 2469 2464 2465
f 2468 2464 2469
f 2464 2468 2249
f 2245 2464 2249
f 2471 2467 2466
f 2470 2471 2466
f 2466 2251 2470
f 2247 2251 2466
f 2468 2254 2253
f 2468 2469 2254
f 2469 2472 2254
f 2468 2253 2249
f 2475 2474 2473
f 2474 2477 2476
f 2473 2474 2476
f 2477 2479 2478
f 2476 2477 2478
f 2479 2480 2478
f 2482 2471 2470
f 2481 2482 2470
f 2470 2255 2481
f 2251 2255 2470
f 2485 2483 2484
f 2484 2483 2486
f 2484 2486 2254
f 2484 2254 2472
f 2254 2486 2256
f 2256 2486 2257
f 2489 2488 2487
f 2488 2475 2473
f 2488 2473 2487
f 2487 2473 2490
f 2473 2476 2490
f 2476 2491 2490
f 2260 2478 2259
f 2260 2491 2478
f 2491 2476 2478
f 2259 2492 2261
f 2478 2492 2259
f 2478 2493 2492
f 2478 2480 2493
f 2493 2495 2494
f 2492 2493 2494
f 2495 2497 2496
f 2494 2495 2496
f 2497 2498 2496
f 2501 2500 2499
f 2481 2263 2264
f 2482 2481 2264
f 2482 2264 2499
f 2482 2499 2500
f 2481 2255 2263
f 2503 2483 2485
f 2502 2483 2503
f 2267 2266 2486
f 2267 2486 2502
f 2502 2486 2483
f 2486 2266 2257
f 2505 2489 2487
f 2504 2505 2487
f 2487 2490 2504
f 2490 2506 2504
f 2490 2491 2506
f 2491 2507 2506
f 2491 2269 2507
f 2260 2269 2491
f 2508 2261 2492
f 2270 2261 2508
f 2509 2510 2508
f 2509 2508 2494
f 2494 2508 2492
f 2494 2496 2511
f 2509 2494 2511
f 2496 2498 2511
f 2513 2501 2499
f 2512 2513 2499
f 2499 2272 2512
f 2264 2272 2499
f 2515 2502 2503
f 2514 2502 2515
f 2502 2514 2273
f 2267 2502 2273
f 2505 2504 2516
f 2518 2516 2504
f 2518 2504 2517
f 2517 2504 2506
f 2506 2507 2517
f 2507 2519 2517
f 2269 2519 2507
f 2269 2520 2519
f 2269 2274 2520
f 2521 2519 2520
f 2270 2508 2522
f 2270 2522 2274
f 2274 2522 2520
f 2508 2510 2522
f 2512 2276 2277
f 2512 2277 2513
f 2513 2277 2523
f 2512 2272 2276
f 2526 2524 2525
f 2514 2280 2279
f 2515 2280 2514
f 2515 2524 2280
f 2515 2525 2524
f 2514 2279 2273
f 2518 2517 2527
f 2517 2519 2528
f 2527 2517 2528
f 2519 2521 2528
f 2523 2277 2281
f 2529 2523 2281
f 2531 2282 2530
f 2531 2529 2282
f 2529 2281 2282
f 2530 2532 2533
f 2530 2282 2532
f 2282 2283 2532
f 2532 2283 2534
f 2283 2284 2534
f 2534 2284 2535
f 2284 2285 2535
f 2535 2285 2536
f 2285 2286 2536
f 2536 2286 2537
f 2286 2287 2537
f 2537 2287 2538
f 2287 2288 2538
f 2540 2289 2539
f 2540 2538 2289
f 2538 2288 2289
f 2539 2541 2542
f 2539 2289 2541
f 2289 2290 2541
f 2541 2290 2543
f 2290 2291 2543
f 2543 2291 2544
f 2291 2292 2544
f 2544 2292 2545
f 2292 2293 2545
f 2524 2526 2545
f 2524 2545 2294
f 2294 2545 2293
f 2524 2294 2280
f 2531 2530 2546
f 2530 2533 2546
f 2540 2539 2547
f 2539 2542 2547
f 2550 2549 2548
f 2297 2548 2549
f 2297 2549 2296
f 2552 2551 2549
f 2551 2296 2549
f 2551 2554 2553
f 2551 2553 2296
f 2296 2553 2298
f 2553 2555 2298
f 2298 2555 2299
f 2557 2556 2300
f 2557 2300 2555
f 2555 2300 2299
f 2556 2559 2558
f 2556 2558 2300
f 2300 2558 2301
f 2558 2560 2301
f 2301 2560 2302
f 2560 2561 2302
f 2302 2561 2303
f 2561 2562 2303
f 2303 2562 2304
f 2562 2563 2304
f 2304 2563 2305
f 2563 2564 2305
f 2305 2564 2306
f 2564 2565 2306
f 2306 2565 2307
f 2565 2566 2307
f 2307 2566 2308
f 2566 2567 2308
f 2308 2567 2309
f 2567 2568 2309
f 2309 2568 2310
f 2568 2569 2310
f 2310 2569 2311
f 2569 2570 2311
f 2311 2570 2312
f 2572 2571 2313
f 2572 2313 2570
f 2570 2313 2312
f 2314 2313 2571
f 2573 2314 2571
f 2315 2314 2573
f 2574 2315 2573
f 2316 2315 2574
f 2575 2316 2574
f 2316 2575 2318
f 2321 2577 2576
f 2320 2321 2576
f 2576 2578 2320
f 2320 2578 2322
f 2578 2579 2322
f 2322 2579 2323
f 2579 2580 2323
f 2323 2580 2324
f 2580 2581 2324
f 2324 2581 2325
f 2581 2582 2325
f 2325 2582 2326
f 2582 2583 2326
f 2326 2583 2327
f 2583 2584 2327
f 2327 2584 2328
f 2584 2585 2328
f 2328 2585 2329
f 2548 2585 2550
f 2548 2330 2585
f 2330 2329 2585
f 2552 2586 2551
f 2548 2297 2330
f 2551 2586 2554
f 2557 2587 2556
f 2556 2587 2559
f 2572 2588 2571
f 2571 2589 2573
f 2588 2589 2571
f 2573 2590 2574
f 2589 2590 2573
f 2574 2591 2575
f 2590 2591 2574
f 2575 2331 2318
f 2575 2591 2331
f 2591 2592 2331
f 2592 2593 2331
f 2331 2593 2332
f 2593 2594 2332
f 2332 2594 2333
f 2594 2595 2333
f 2333 2595 2334
f 2595 2596 2334
f 2334 2596 2335
f 2596 2597 2335
f 2335 2597 2336
f 2597 2598 2336
f 2336 2598 2337
f 2598 2599 2337
f 2337 2599 2338
f 2599 2600 2338
f 2338 2600 2339
f 2600 2601 2339
f 2339 2601 2341
f 2601 2602 2341
f 2341 2602 2343
f 2343 2602 2603
f 2344 2343 2603
f 2577 2321 2604
f 2604 2321 2345
f 2603 2346 2344
f 2605 2346 2603
f 2606 2347 2346
f 2606 2346 2607
f 2607 2346 2605
f 2607 2608 2606
f 2604 2345 2609
f 2609 2345 2348
f 2606 2349 2347
f 2608 2349 2606
f 2608 2610 2349
f 2610 2350 2349
f 2350 2610 2611
f 2351 2350 2611
f 2609 2348 2612
f 2612 2348 2352
f 2611 2353 2351
f 2613 2353 2611
f 2353 2613 2614
f 2354 2353 2614
f 2612 2352 2615
f 2615 2352 2355
f 2614 2356 2354
f 2616 2356 2614
f 2616 2617 2356
f 2356 2617 2357
f 2617 2618 2357
f 2357 2618 2358
f 2618 2619 2358
f 2358 2619 2359
f 2359 2619 2620
f 2360 2359 2620
f 2615 2355 2621
f 2621 2355 2361
f 2362 2623 2622
f 2362 2360 2623
f 2360 2620 2623
f 2362 2622 2364
f 2621 2361 2365
f 2624 2621 2365
f 2625 2365 2367
f 2625 2626 2365
f 2626 2624 2365
f 2626 2625 2627
f 2622 2371 2370
f 2622 2623 2371
f 2623 2628 2371
f 2622 2370 2364
f 2625 2367 2372
f 2627 2625 2372
f 2627 2372 2629
f 2629 2372 2373
f 2373 2630 2629
f 2375 2630 2373
f 2633 2631 2632
f 2632 2631 2377
f 2632 2377 2628
f 2628 2377 2371
f 2630 2375 2378
f 2634 2630 2378
f 2634 2378 2635
f 2378 2379 2635
f 2379 2636 2635
f 2380 2636 2379
f 2639 2637 2638
f 2631 2383 2382
f 2633 2383 2631
f 2633 2637 2383
f 2633 2638 2637
f 2631 2382 2377
f 2636 2380 2384
f 2640 2636 2384
f 2640 2384 2641
f 2384 2385 2641
f 2385 2642 2641
f 2386 2642 2385
f 2645 2643 2644
f 2388 2644 2643
f 2388 2387 2644
f 2387 2646 2644
f 2637 2639 2646
f 2637 2646 2389
f 2389 2646 2387
f 2637 2389 2383
f 2642 2386 2390
f 2647 2642 2390
f 2647 2390 2648
f 2390 2391 2648
f 2650 2392 2649
f 2650 2648 2392
f 2648 2391 2392
f 2392 2393 2649
f 2395 2651 2652
f 2394 2651 2395
f 2651 2394 2653
f 2394 2396 2653
f 2653 2396 2654
f 2396 2397 2654
f 2643 2645 2654
f 2643 2654 2398
f 2398 2654 2397
f 2643 2398 2388
f 2650 2649 2655
f 2649 2393 2399
f 2649 2399 2655
f 2655 2399 2656
f 2656 2399 2657
f 2399 2400 2657
f 2659 2401 2658
f 2659 2657 2401
f 2657 2400 2401
f 2401 2402 2658
f 2404 2660 2661
f 2403 2660 2404
f 2660 2403 2662
f 2403 2405 2662
f 2664 2406 2663
f 2664 2662 2406
f 2662 2405 2406
f 2407 2663 2406
f 2665 2663 2407
f 2408 2665 2407
f 2666 2665 2408
f 2668 2395 2652
f 2668 2666 2395
f 2668 2667 2666
f 2408 2395 2666
f 2668 2669 2667
f 2659 2658 2670
f 2658 2402 2409
f 2658 2409 2670
f 2670 2409 2671
f 2671 2409 2672
f 2409 2410 2672
f 2672 2410 2673
f 2410 2411 2673
f 2673 2411 2674
f 2411 2412 2674
f 2412 2675 2674
f 2414 2675 2412
f 2678 2676 2677
f 2677 2676 2679
f 2682 2680 2681
f 2681 2680 2683
f 2417 2684 2685
f 2416 2684 2417
f 2684 2416 2686
f 2416 2418 2686
f 2686 2418 2687
f 2418 2419 2687
f 2687 2419 2688
f 2419 2420 2688
f 2688 2420 2689
f 2420 2421 2689
f 2689 2421 2690
f 2421 2422 2690
f 2690 2422 2691
f 2422 2423 2691
f 2691 2423 2692
f 2423 2424 2692
f 2692 2424 2693
f 2424 2425 2693
f 2693 2425 2404
f 2661 2693 2404
f 2664 2663 2694
f 2663 2665 2695
f 2694 2663 2695
f 2665 2666 2696
f 2695 2665 2696
f 2666 2667 2697
f 2696 2666 2697
f 2667 2669 2697
f 2675 2414 2426
f 2698 2675 2426
f 2698 2426 2699
f 2426 2427 2699
f 2699 2427 2700
f 2427 2428 2700
f 2676 2678 2700
f 2676 2700 2429
f 2429 2700 2428
f 2679 2676 2429
f 2679 2429 2701
f 2701 2429 2430
f 2701 2430 2702
f 2430 2431 2702
f 2702 2431 2703
f 2431 2432 2703
f 2680 2682 2703
f 2680 2703 2433
f 2433 2703 2432
f 2683 2680 2433
f 2683 2433 2704
f 2704 2433 2434
f 2704 2434 2705
f 2434 2435 2705
f 2705 2435 2706
f 2435 2436 2706
f 2706 2436 2417
f 2685 2706 2417
f 2709 2708 2707
f 2708 2711 2710
f 2707 2708 2710
f 2711 2712 2710
f 2439 2714 2713
f 2438 2439 2713
f 2713 2715 2438
f 2438 2715 2440
f 2715 2716 2440
f 2440 2716 2441
f 2707 2716 2709
f 2707 2442 2716
f 2442 2441 2716
f 2710 2442 2707
f 2443 2442 2710
f 2712 2443 2710
f 2712 2717 2443
f 2717 2444 2443
f 2717 2718 2444
f 2444 2718 2445
f 2718 2719 2445
f 2445 2719 2446
f 2719 2720 2446
f 2446 2720 2447
f 2722 2721 2448
f 2722 2448 2720
f 2720 2448 2447
f 2448 2721 2450
f 2725 2724 2723
f 2724 2455 2723
f 2724 2714 2455
f 2714 2439 2455
f 2722 2726 2721
f 2721 2456 2450
f 2721 2726 2456
f 2726 2727 2456
f 2727 2728 2456
f 2456 2728 2457
f 2730 2729 2458
f 2730 2458 2728
f 2728 2458 2457
f 2459 2458 2729
f 2731 2459 2729
f 2459 2731 2461
f 2734 2733 2732
f 2733 2736 2735
f 2732 2733 2735
f 2736 2737 2735
f 2739 2725 2723
f 2738 2739 2723
f 2723 2463 2738
f 2455 2463 2723
f 2730 2740 2729
f 2742 2729 2740
f 2742 2741 2729
f 2741 2731 2729
f 2731 2741 2465
f 2461 2731 2465
f 2734 2732 2743
f 2732 2735 2744
f 2743 2732 2744
f 2735 2737 2744
f 2746 2739 2738
f 2745 2746 2738
f 2738 2467 2745
f 2463 2467 2738
f 2748 2741 2742
f 2747 2741 2748
f 2741 2747 2469
f 2465 2741 2469
f 2751 2750 2749
f 2750 2753 2752
f 2749 2750 2752
f 2753 2755 2754
f 2752 2753 2754
f 2755 2756 2754
f 2758 2746 2745
f 2757 2758 2745
f 2745 2471 2757
f 2467 2471 2745
f 2760 2747 2748
f 2759 2747 2760
f 2747 2759 2472
f 2469 2747 2472
f 2763 2762 2761
f 2762 2751 2749
f 2762 2749 2761
f 2761 2749 2764
f 2749 2752 2764
f 2752 2765 2764
f 2475 2754 2474
f 2475 2765 2754
f 2765 2752 2754
f 2756 2474 2754
f 2756 2766 2474
f 2766 2477 2474
f 2766 2767 2477
f 2477 2767 2479
f 2479 2767 2768
f 2480 2479 2768
f 2770 2758 2757
f 2769 2770 2757
f 2757 2482 2769
f 2471 2482 2757
f 2773 2771 2772
f 2759 2485 2484
f 2760 2485 2759
f 2760 2771 2485
f 2760 2772 2771
f 2759 2484 2472
f 2775 2763 2761
f 2774 2775 2761
f 2761 2764 2774
f 2764 2776 2774
f 2489 2765 2488
f 2489 2776 2765
f 2776 2764 2765
f 2765 2475 2488
f 2768 2493 2480
f 2777 2493 2768
f 2777 2778 2493
f 2493 2778 2495
f 2778 2779 2495
f 2495 2779 2497
f 2497 2779 2780
f 2498 2497 2780
f 2769 2500 2501
f 2769 2501 2770
f 2770 2501 2781
f 2769 2482 2500
f 2783 2771 2773
f 2782 2771 2783
f 2771 2782 2503
f 2485 2771 2503
f 2786 2785 2784
f 2785 2775 2774
f 2785 2774 2784
f 2784 2774 2787
f 2774 2776 2787
f 2776 2788 2787
f 2776 2505 2788
f 2489 2505 2776
f 2510 2789 2790
f 2509 2789 2510
f 2789 2509 2791
f 2509 2511 2791
f 2791 2511 2498
f 2780 2791 2498
f 2794 2793 2792
f 2793 2513 2792
f 2793 2781 2513
f 2781 2501 2513
f 2796 2782 2783
f 2795 2782 2796
f 2782 2795 2515
f 2503 2782 2515
f 2786 2784 2797
f 2784 2787 2798
f 2797 2784 2798
f 2787 2788 2799
f 2798 2787 2799
f 2801 2516 2800
f 2799 2516 2801
f 2799 2505 2516
f 2799 2788 2505
f 2516 2518 2800
f 2521 2802 2803
f 2520 2802 2521
f 2802 2520 2804
f 2520 2522 2804
f 2804 2522 2510
f 2790 2804 2510
f 2806 2794 2792
f 2805 2806 2792
f 2792 2523 2805
f 2513 2523 2792
f 2795 2526 2525
f 2795 2796 2526
f 2796 2807 2526
f 2795 2525 2515
f 2801 2800 2808
f 2800 2518 2527
f 2800 2527 2808
f 2808 2527 2809
f 2809 2527 2810
f 2527 2528 2810
f 2810 2528 2521
f 2803 2810 2521
f 2812 2806 2805
f 2811 2812 2805
f 2529 2805 2523
f 2529 2813 2805
f 2813 2811 2805
f 2813 2529 2531
f 2816 2814 2815
f 2533 2815 2814
f 2533 2532 2815
f 2532 2817 2815
f 2817 2532 2818
f 2532 2534 2818
f 2820 2535 2819
f 2820 2818 2535
f 2818 2534 2535
f 2536 2819 2535
f 2821 2819 2536
f 2537 2821 2536
f 2822 2821 2537
f 2538 2822 2537
f 2823 2822 2538
f 2823 2538 2540
f 2826 2824 2825
f 2542 2825 2824
f 2542 2541 2825
f 2541 2827 2825
f 2827 2541 2828
f 2541 2543 2828
f 2828 2543 2829
f 2543 2544 2829
f 2829 2544 2830
f 2544 2545 2830
f 2830 2545 2526
f 2807 2830 2526
f 2812 2811 2831
f 2811 2813 2832
f 2831 2811 2832
f 2814 2816 2832
f 2814 2832 2546
f 2813 2531 2832
f 2531 2546 2832
f 2814 2546 2533
f 2820 2819 2833
f 2819 2821 2834
f 2833 2819 2834
f 2821 2822 2835
f 2834 2821 2835
f 2822 2823 2836
f 2835 2822 2836
f 2824 2826 2836
f 2824 2836 2547
f 2823 2540 2836
f 2540 2547 2836
f 2824 2547 2542
f 2549 2550 2837
f 2838 2552 2549
f 2838 2549 2839
f 2837 2840 2549
f 2840 2839 2549
f 2554 2838 2839
f 2554 2839 2553
f 2842 2841 2839
f 2841 2553 2839
f 2555 2553 2841
f 2843 2555 2841
f 2844 2557 2555
f 2844 2555 2845
f 2843 2846 2555
f 2846 2845 2555
f 2559 2844 2845
f 2559 2845 2558
f 2558 2845 2847
f 2847 2848 2558
f 2558 2848 2560
f 2848 2849 2560
f 2560 2849 2561
f 2849 2850 2561
f 2561 2850 2562
f 2850 2851 2562
f 2562 2851 2563
f 2851 2852 2563
f 2563 2852 2564
f 2852 2853 2564
f 2564 2853 2565
f 2853 2854 2565
f 2565 2854 2566
f 2854 2855 2566
f 2566 2855 2567
f 2855 2856 2567
f 2567 2856 2568
f 2856 2857 2568
f 2568 2857 2569
f 2857 2858 2569
f 2569 2858 2570
f 2859 2572 2570
f 2859 2570 2860
f 2860 2570 2858
f 2860 2861 2859
f 2577 2863 2862
f 2576 2577 2862
f 2862 2864 2576
f 2576 2864 2578
f 2864 2865 2578
f 2578 2865 2579
f 2865 2866 2579
f 2579 2866 2580
f 2866 2867 2580
f 2580 2867 2581
f 2867 2868 2581
f 2581 2868 2582
f 2868 2869 2582
f 2582 2869 2583
f 2869 2870 2583
f 2583 2870 2584
f 2870 2871 2584
f 2584 2871 2585
f 2550 2872 2837
f 2550 2585 2872
f 2585 2871 2872
f 2837 2872 2840
f 2552 2838 2586
f 2842 2873 2841
f 2838 2554 2586
f 2841 2874 2843
f 2873 2874 2841
f 2843 2874 2846
f 2557 2844 2587
f 2844 2559 2587
f 2859 2588 2572
f 2861 2588 2859
f 2861 2875 2588
f 2875 2589 2588
f 2875 2876 2589
f 2589 2876 2590
f 2876 2877 2590
f 2590 2877 2591
f 2877 2878 2591
f 2591 2878 2592
f 2878 2879 2592
f 2592 2879 2593
f 2879 2880 2593
f 2593 2880 2594
f 2880 2881 2594
f 2594 2881 2595
f 2881 2882 2595
f 2595 2882 2596
f 2882 2883 2596
f 2596 2883 2597
f 2883 2884 2597
f 2597 2884 2598
f 2884 2885 2598
f 2598 2885 2599
f 2885 2886 2599
f 2599 2886 2600
f 2886 2887 2600
f 2600 2887 2601
f 2887 2888 2601
f 2601 2888 2602
f 2602 2888 2889
f 2603 2602 2889
f 2863 2577 2890
f 2890 2577 2604
f 2889 2605 2603
f 2891 2605 2889
f 2893 2892 2607
f 2893 2607 2891
f 2891 2607 2605
f 2607 2892 2608
f 2890 2604 2894
f 2894 2604 2609
f 2893 2895 2892
f 2897 2896 2610
f 2895 2897 2610
f 2895 2610 2608
f 2895 2608 2892
f 2610 2896 2611
f 2894 2609 2898
f 2898 2609 2612
f 2897 2899 2896
f 2896 2613 2611
f 2896 2899 2613
f 2899 2900 2613
f 2613 2900 2901
f 2614 2613 2901
f 2898 2612 2902
f 2902 2612 2615
f 2901 2616 2614
f 2903 2616 2901
f 2903 2904 2616
f 2616 2904 2617
f 2904 2905 2617
f 2617 2905 2618
f 2907 2906 2619
f 2907 2619 2905
f 2905 2619 2618
f 2619 2906 2620
f 2902 2615 2908
f 2908 2615 2621
f 2907 2909 2906
f 2906 2909 2910
f 2906 2910 2620
f 2620 2910 2623
f 2908 2621 2624
f 2911 2908 2624
f 2911 2624 2912
f 2624 2626 2912
f 2626 2913 2912
f 2627 2913 2626
f 2910 2914 2623
f 2914 2628 2623
f 2913 2627 2629
f 2915 2913 2629
f 2629 2916 2915
f 2630 2916 2629
f 2633 2917 2918
f 2632 2917 2633
f 2917 2632 2628
f 2914 2917 2628
f 2916 2630 2634
f 2919 2916 2634
f 2919 2634 2920
f 2634 2635 2920
f 2635 2921 2920
f 2636 2921 2635
f 2924 2922 2923
f 2639 2923 2922
f 2639 2638 2923
f 2638 2925 2923
f 2925 2638 2633
f 2918 2925 2633
f 2921 2636 2640
f 2926 2921 2640
f 2928 2641 2927
f 2928 2926 2641
f 2926 2640 2641
f 2641 2642 2927
f 2645 2929 2930
f 2644 2929 2645
f 2922 2924 2929
f 2922 2929 2646
f 2646 2929 2644
f 2922 2646 2639
f 2928 2927 2931
f 2927 2642 2647
f 2927 2647 2931
f 2931 2647 2932
f 2934 2648 2933
f 2934 2932 2648
f 2932 2647 2648
f 2648 2650 2933
f 2652 2935 2936
f 2651 2935 2652
f 2935 2651 2937
f 2651 2653 2937
f 2937 2653 2938
f 2653 2654 2938
f 2938 2654 2645
f 2930 2938 2645
f 2934 2933 2939
f 2933 2650 2655
f 2933 2655 2939
f 2939 2655 2940
f 2940 2655 2941
f 2655 2656 2941
f 2943 2657 2942
f 2943 2941 2657
f 2941 2656 2657
f 2657 2659 2942
f 2660 2944 2661
f 2944 2945 2946
f 2944 2660 2945
f 2660 2662 2945
f 2947 2662 2664
f 2947 2948 2662
f 2948 2945 2662
f 2948 2949 2950
f 2947 2949 2948
f 2950 2951 2952
f 2949 2951 2950
f 2952 2951 2953
f 2952 2953 2652
f 2952 2652 2936
f 2652 2953 2668
f 2668 2953 2669
f 2943 2942 2954
f 2942 2659 2670
f 2942 2670 2954
f 2954 2670 2955
f 2955 2670 2956
f 2670 2671 2956
f 2956 2671 2957
f 2671 2672 2957
f 2957 2672 2958
f 2672 2673 2958
f 2958 2673 2959
f 2673 2674 2959
f 2960 2674 2675
f 2960 2961 2674
f 2961 2959 2674
f 2961 2962 2963
f 2960 2962 2961
f 2963 2962 2964
f 2677 2965 2678
f 2677 2679 2965
f 2681 2966 2682
f 2681 2683 2966
f 2969 2967 2968
f 2968 2970 2971
f 2967 2970 2968
f 2685 2971 2970
f 2685 2684 2971
f 2684 2972 2971
f 2972 2684 2973
f 2684 2686 2973
f 2973 2686 2974
f 2686 2687 2974
f 2974 2687 2975
f 2687 2688 2975
f 2975 2688 2976
f 2688 2689 2976
f 2976 2689 2977
f 2689 2690 2977
f 2977 2690 2978
f 2690 2691 2978
f 2978 2691 2979
f 2691 2692 2979
f 2979 2692 2980
f 2692 2693 2980
f 2661 2944 2981
f 2661 2981 2693
f 2693 2981 2980
f 2984 2981 2944
f 2984 2944 2982
f 2946 2983 2944
f 2983 2982 2944
f 2985 2982 2664
f 2985 2664 2694
f 2982 2983 2664
f 2947 2664 2986
f 2983 2986 2664
f 2694 2987 2985
f 2694 2695 2987
f 2986 2988 2947
f 2988 2949 2947
f 2695 2989 2987
f 2695 2696 2989
f 2988 2990 2949
f 2990 2951 2949
f 2696 2697 2991
f 2696 2991 2989
f 2697 2953 2991
f 2990 2991 2951
f 2953 2951 2991
f 2953 2697 2669
f 2960 2675 2698
f 2962 2960 2698
f 2699 2962 2698
f 2964 2962 2699
f 2964 2699 2992
f 2992 2699 2700
f 2678 2965 2993
f 2678 2993 2700
f 2700 2993 2992
f 2965 2679 2701
f 2965 2701 2993
f 2993 2701 2994
f 2994 2701 2995
f 2701 2702 2995
f 2995 2702 2996
f 2702 2703 2996
f 2682 2966 2997
f 2682 2997 2703
f 2703 2997 2996
f 2966 2683 2704
f 2966 2704 2997
f 2997 2704 2998
f 2967 2969 2998
f 2967 2998 2705
f 2705 2998 2704
f 2970 2967 2705
f 2706 2970 2705
f 2970 2706 2685
f 2984 2982 2999
f 2982 2985 3000
f 2999 2982 3000
f 2985 2987 3001
f 3000 2985 3001
f 2987 2989 3002
f 3001 2987 3002
f 2989 2991 3002
f 3005 3004 3003
f 2709 3003 3004
f 2709 3004 2708
f 2708 3004 3006
f 3006 3007 2708
f 2708 3007 2711
f 3008 2712 2711
f 3008 2711 3009
f 3009 2711 3007
f 3009 3010 3008
f 3013 3012 3011
f 2714 3011 3012
f 2714 3012 2713
f 2713 3012 3014
f 3014 3015 2713
f 2713 3015 2715
f 3003 3015 3005
f 3003 2716 3015
f 2716 2715 3015
f 3003 2709 2716
f 3008 2717 2712
f 3010 2717 3008
f 3010 3016 2717
f 3016 2718 2717
f 3016 3017 2718
f 2718 3017 2719
f 3019 3018 2720
f 3019 2720 3017
f 3017 2720 2719
f 2720 3018 2722
f 3022 3021 3020
f 3021 3023 3020
f 3026 3025 3024
f 3011 2724 2725
f 3013 3011 2725
f 3013 2725 3024
f 3013 3024 3025
f 3011 2714 2724
f 3019 3027 3018
f 3018 2726 2722
f 3018 3027 2726
f 3027 3028 2726
f 3028 3029 2726
f 2726 3029 2727
f 3031 3030 2728
f 3031 2728 3029
f 3029 2728 2727
f 2728 3030 2730
f 3033 3022 3020
f 3032 3033 3020
f 3023 3035 3034
f 3023 3034 3020
f 3020 3034 3032
f 2734 3034 3035
f 2734 3035 2733
f 2733 3035 3036
f 3036 3037 2733
f 2733 3037 2736
f 2736 3037 3038
f 2737 2736 3038
f 3040 3026 3024
f 3039 3040 3024
f 3024 2739 3039
f 2725 2739 3024
f 3031 3041 3030
f 3043 3042 2740
f 3041 3043 2740
f 3041 2740 2730
f 3041 2730 3030
f 2740 3042 2742
f 3033 3032 3044
f 3032 3034 3045
f 3044 3032 3045
f 3034 2734 2743
f 3034 2743 3045
f 3045 2743 3046
f 3046 2743 3047
f 2743 2744 3047
f 3047 2744 2737
f 3038 3047 2737
f 3050 3049 3048
f 3049 3051 3048
f 3054 3053 3052
f 3053 3055 3052
f 3057 3040 3039
f 3056 3057 3039
f 3039 2746 3056
f 2739 2746 3039
f 3059 3042 3043
f 3058 3042 3059
f 3042 3058 2748
f 2742 3042 2748
f 3062 3061 3060
f 3061 3064 3063
f 3060 3061 3063
f 3064 3066 3065
f 3063 3064 3065
f 3048 2750 2751
f 3050 3048 2751
f 3050 2751 3065
f 3050 3065 3066
f 3051 2750 3048
f 3051 3067 2750
f 3067 2753 2750
f 3052 3067 3054
f 3052 2755 3067
f 2755 2753 3067
f 2755 3068 2756
f 3052 3068 2755
f 3052 3069 3068
f 3052 3055 3069
f 3069 3071 3070
f 3068 3069 3070
f 3071 3073 3072
f 3070 3071 3072
f 3073 3075 3074
f 3072 3073 3074
f 3075 3077 3076
f 3074 3075 3076
f 3077 3078 3076
f 3080 3057 3056
f 3079 3080 3056
f 3056 2758 3079
f 2746 2758 3056
f 3082 3058 3059
f 3081 3058 3082
f 3058 3081 2760
f 2748 3058 2760
f 3085 3084 3083
f 3084 3062 3060
f 3084 3060 3083
f 3083 3060 3086
f 3060 3063 3086
f 3063 3087 3086
f 2763 3065 2762
f 2763 3087 3065
f 3087 3063 3065
f 3065 2751 2762
f 3068 2766 2756
f 3070 2766 3068
f 2767 2766 3070
f 2767 3088 2768
f 2767 3070 3088
f 3070 3072 3088
f 3072 3074 3088
f 3074 3089 3088
f 3074 3076 3089
f 3076 3090 3089
f 3078 3092 3091
f 3078 3091 3076
f 3076 3091 3090
f 3092 3093 3091
f 3095 3080 3079
f 3094 3095 3079
f 3079 2770 3094
f 2758 2770 3079
f 3081 2773 2772
f 3081 3082 2773
f 3082 3096 2773
f 3081 2772 2760
f 3098 3085 3083
f 3097 3098 3083
f 3083 3086 3097
f 3086 3099 3097
f 3086 3087 3099
f 3087 3100 3099
f 3087 2775 3100
f 2763 2775 3087
f 3088 2777 2768
f 3089 2777 3088
f 2778 2777 3089
f 3090 2778 3089
f 2779 2778 3090
f 3101 3090 3091
f 3101 2780 3090
f 3101 3102 2780
f 2780 2779 3090
f 3091 3093 3101
f 3104 3095 3094
f 3103 3104 3094
f 3094 2781 3103
f 2770 2781 3094
f 3107 3105 3106
f 3106 3105 2783
f 3106 2783 3096
f 3096 2783 2773
f 3110 3109 3108
f 3109 3098 3097
f 3109 3097 3108
f 3108 3097 3111
f 3097 3099 3111
f 3099 3112 3111
f 2786 3100 2785
f 2786 3112 3100
f 3112 3099 3100
f 3100 2775 2785
f 2790 3113 3114
f 2789 3113 2790
f 3113 2789 3115
f 2789 2791 3115
f 3115 2791 2780
f 3102 3115 2780
f 3118 3117 3116
f 3103 2793 2794
f 3104 3103 2794
f 3104 2794 3116
f 3104 3116 3117
f 3103 2781 2793
f 3120 3105 3107
f 3119 3105 3120
f 3105 3119 2796
f 2783 3105 2796
f 3122 3110 3108
f 3121 3122 3108
f 3108 3111 3121
f 3111 3123 3121
f 3124 3125 3123
f 3124 3123 3112
f 3112 3123 3111
f 3112 2786 2797
f 3112 2797 3124
f 3124 2797 3126
f 3126 2797 3127
f 2797 2798 3127
f 3129 2799 3128
f 3129 3127 2799
f 3127 2798 2799
f 2799 2801 3128
f 2803 3130 3131
f 2802 3130 2803
f 3130 2802 3132
f 2802 2804 3132
f 3132 2804 2790
f 3114 3132 2790
f 3134 3118 3116
f 3133 3134 3116
f 3116 2806 3133
f 2794 2806 3116
f 3136 3119 3120
f 3135 3119 3136
f 3119 3135 2807
f 2796 3119 2807
f 3122 3121 3137
f 3121 3123 3138
f 3137 3121 3138
f 3123 3125 3138
f 3129 3128 3139
f 3141 2808 3140
f 3139 2808 3141
f 3139 2801 2808
f 3139 3128 2801
f 3140 3142 3143
f 3140 2808 3142
f 2808 2809 3142
f 3142 2809 3144
f 2809 2810 3144
f 3144 2810 2803
f 3131 3144 2803
f 3146 3134 3133
f 3145 3146 3133
f 3133 2812 3145
f 2806 2812 3133
f 2815 3147 2816
f 2817 3147 2815
f 3148 3147 2817
f 2818 3148 2817
f 3149 3148 2818
f 2818 2820 3149
f 2825 3150 2826
f 3150 3151 3152
f 3150 2825 3151
f 2825 2827 3151
f 3151 2827 3153
f 2827 2828 3153
f 3153 2828 3154
f 2828 2829 3154
f 3135 3136 3154
f 3135 3154 2830
f 2830 3154 2829
f 3135 2830 2807
f 3141 3140 3155
f 3140 3143 3155
f 3146 3145 3156
f 3145 2812 2831
f 3145 2831 3156
f 3156 2831 3157
f 3157 2831 3158
f 2831 2832 3158
f 2816 3147 3159
f 2816 3159 2832
f 2832 3159 3158
f 3147 3148 3160
f 3159 3147 3160
f 3148 3149 3161
f 3160 3148 3161
f 3149 2820 2833
f 3149 2833 3161
f 3161 2833 3162
f 3162 2833 3163
f 2833 2834 3163
f 3163 2834 3164
f 2834 2835 3164
f 3164 2835 3165
f 2835 2836 3165
f 2826 3150 3166
f 2826 3166 2836
f 2836 3166 3165
f 3150 3152 3166
f 2839 2840 3167
f 2839 3167 2842
f 2845 2846 3168
f 3168 3170 3169
f 3168 3169 2845
f 2845 3169 2847
f 3169 3171 2847
f 2847 3171 2848
f 3171 3172 2848
f 2848 3172 2849
f 3172 3173 2849
f 2849 3173 2850
f 3173 3174 2850
f 2850 3174 2851
f 3174 3175 2851
f 2851 3175 2852
f 3175 3176 2852
f 2852 3176 2853
f 3176 3177 2853
f 2853 3177 2854
f 3177 3178 2854
f 2854 3178 2855
f 3178 3179 2855
f 2855 3179 2856
f 3179 3180 2856
f 2856 3180 2857
f 3180 3181 2857
f 2857 3181 2858
f 3183 3182 2860
f 3183 2860 3181
f 3181 2860 2858
f 2860 3182 2861
f 3186 3185 3184
f 3185 3187 3184
f 2863 3189 3188
f 2862 2863 3188
f 3188 3190 2862
f 2862 3190 2864
f 3190 3191 2864
f 2864 3191 2865
f 3191 3192 2865
f 2865 3192 2866
f 3192 3193 2866
f 2866 3193 2867
f 3193 3194 2867
f 2867 3194 2868
f 3194 3195 2868
f 2868 3195 2869
f 3195 3196 2869
f 2869 3196 2870
f 3196 3197 2870
f 2870 3197 2871
f 3197 3198 2871
f 2871 3198 2872
f 2840 3199 3167
f 2840 2872 3199
f 2872 3198 3199
f 3167 2873 2842
f 3167 3199 2873
f 3199 3200 2873
f 3200 3201 2873
f 2873 3201 2874
f 2846 3202 3168
f 2846 2874 3202
f 2874 3201 3202
f 3168 3202 3170
f 3183 3203 3182
f 3182 2875 2861
f 3182 3203 2875
f 3203 3204 2875
f 3204 3205 2875
f 2875 3205 2876
f 3205 3206 2876
f 2876 3206 2877
f 3184 3206 3186
f 3184 2878 3206
f 2878 2877 3206
f 3187 2878 3184
f 3187 3207 2878
f 3207 2879 2878
f 3207 3208 2879
f 2879 3208 2880
f 3208 3209 2880
f 2880 3209 2881
f 3209 3210 2881
f 2881 3210 2882
f 3210 3211 2882
f 2882 3211 2883
f 3211 3212 2883
f 2883 3212 2884
f 3212 3213 2884
f 2884 3213 2885
f 3213 3214 2885
f 2885 3214 2886
f 3214 3215 2886
f 2886 3215 2887
f 3215 3216 2887
f 2887 3216 2888
f 2888 3216 3217
f 2889 2888 3217
f 3189 2863 3218
f 3218 2863 2890
f 3217 2891 2889
f 3219 2891 3217
f 2891 3219 3220
f 2893 2891 3220
f 3218 2890 3221
f 3221 2890 2894
f 3220 2895 2893
f 3222 2895 3220
f 2895 3222 3223
f 2897 2895 3223
f 3221 2894 3224
f 3224 2894 2898
f 3223 2899 2897
f 3225 2899 3223
f 3225 3226 2899
f 2899 3226 2900
f 2900 3226 3227
f 2901 2900 3227
f 3224 2898 3228
f 3228 2898 2902
f 3227 2903 2901
f 3229 2903 3227
f 3229 3230 2903
f 2903 3230 2904
f 3230 3231 2904
f 2904 3231 2905
f 2905 3231 3232
f 2907 2905 3232
f 3233 3234 3228
f 3233 3228 2908
f 2908 3228 2902
f 3234 3233 3235
f 2909 3237 3236
f 2909 2907 3237
f 2907 3232 3237
f 2909 3236 2910
f 3233 2908 2911
f 3235 3233 2911
f 3235 2911 3238
f 3238 2911 2912
f 2912 3239 3238
f 2913 3239 2912
f 3237 3240 3236
f 3236 3240 3241
f 3236 3241 2910
f 2910 3241 2914
f 3239 2913 2915
f 3242 3239 2915
f 2915 3243 3242
f 2916 3243 2915
f 2918 3244 3245
f 2917 3244 2918
f 3244 2917 2914
f 3241 3244 2914
f 3243 2916 2919
f 3246 3243 2919
f 3248 2920 3247
f 3248 3246 2920
f 3246 2919 2920
f 2920 2921 3247
f 2924 3249 3250
f 2923 3249 2924
f 3249 2923 3251
f 2923 2925 3251
f 3251 2925 2918
f 3245 3251 2918
f 3248 3247 3252
f 3254 2926 3253
f 3252 2926 3254
f 3252 2921 2926
f 3252 3247 2921
f 2926 2928 3253
f 3257 3255 3256
f 2930 3256 3255
f 2930 2929 3256
f 2929 3258 3256
f 3258 2929 2924
f 3250 3258 2924
f 3254 3253 3259
f 3253 2928 2931
f 3253 2931 3259
f 3259 2931 3260
f 3262 2932 3261
f 3262 3260 2932
f 3260 2931 2932
f 2932 2934 3261
f 2936 3263 3264
f 2935 3263 2936
f 3263 2935 3265
f 2935 2937 3265
f 3255 3257 3265
f 3255 3265 2938
f 2938 3265 2937
f 3255 2938 2930
f 3262 3261 3266
f 3261 2934 2939
f 3261 2939 3266
f 3266 2939 3267
f 3267 2939 3268
f 2939 2940 3268
f 3270 2941 3269
f 3270 3268 2941
f 3268 2940 2941
f 2941 2943 3269
f 2946 3271 3272
f 2945 3271 2946
f 3271 2945 3273
f 2945 2948 3273
f 3273 2948 3274
f 2948 2950 3274
f 3274 2950 3275
f 2950 2952 3275
f 3275 2952 2936
f 3264 3275 2936
f 3270 3269 3276
f 3269 2943 2954
f 3269 2954 3276
f 3276 2954 3277
f 3277 2954 3278
f 2954 2955 3278
f 3278 2955 3279
f 2955 2956 3279
f 3279 2956 3280
f 2956 2957 3280
f 3280 2957 3281
f 2957 2958 3281
f 3281 2958 3282
f 2958 2959 3282
f 3282 2959 3283
f 2959 2961 3283
f 3285 2963 3284
f 3285 3283 2963
f 3283 2961 2963
f 2963 2964 3284
f 3288 3286 3287
f 3290 3287 3286
f 3289 2969 2968
f 3289 3291 3292
f 3289 2968 3291
f 2968 2971 3291
f 3291 2971 3293
f 2971 2972 3293
f 3293 2972 3294
f 2972 2973 3294
f 3294 2973 3295
f 2973 2974 3295
f 3295 2974 3296
f 2974 2975 3296
f 3298 2976 3297
f 3298 3296 2976
f 3296 2975 2976
f 2977 3297 2976
f 3299 3297 2977
f 2978 3299 2977
f 3300 3299 2978
f 2979 3300 2978
f 3301 3300 2979
f 2980 3301 2979
f 3302 3301 2980
f 2981 3302 2980
f 3303 3302 2981
f 2983 3272 3304
f 2983 2946 3272
f 2981 2984 3303
f 3304 3305 2983
f 2983 3305 2986
f 3305 3306 2986
f 2986 3306 2988
f 3306 3307 2988
f 2988 3307 2990
f 2990 3307 3308
f 2991 2990 3308
f 3285 3284 3309
f 3284 2964 2992
f 3284 2992 3309
f 3309 2992 3310
f 3310 2992 3311
f 2992 2993 3311
f 3311 2993 3312
f 2993 2994 3312
f 3312 2994 3313
f 2994 2995 3313
f 3313 2995 3314
f 2995 2996 3314
f 3314 2996 3315
f 2996 2997 3315
f 3286 3288 3315
f 3286 3315 2998
f 2998 3315 2997
f 2969 3289 3316
f 2969 3316 2998
f 3290 3286 3316
f 3286 2998 3316
f 3289 3292 3316
f 3298 3297 3317
f 3297 3299 3318
f 3317 3297 3318
f 3299 3300 3319
f 3318 3299 3319
f 3300 3301 3320
f 3319 3300 3320
f 3301 3302 3321
f 3320 3301 3321
f 3302 3303 3322
f 3321 3302 3322
f 3303 2984 2999
f 3303 2999 3322
f 3322 2999 3323
f 3323 2999 3324
f 2999 3000 3324
f 3324 3000 3325
f 3000 3001 3325
f 3325 3001 3326
f 3001 3002 3326
f 3326 3002 2991
f 3308 3326 2991
f 3329 3328 3327
f 3328 3331 3330
f 3327 3328 3330
f 3331 3332 3330
f 3335 3334 3333
f 3334 3337 3336
f 3333 3334 3336
f 3337 3338 3336
f 3341 3340 3339
f 3340 3329 3327
f 3340 3327 3339
f 3339 3327 3342
f 3005 3330 3004
f 3005 3342 3330
f 3342 3327 3330
f 3332 3004 3330
f 3332 3343 3004
f 3343 3006 3004
f 3345 3344 3007
f 3345 3007 3343
f 3343 3007 3006
f 3009 3007 3344
f 3346 3009 3344
f 3009 3346 3010
f 3335 3333 3347
f 3333 3336 3348
f 3347 3333 3348
f 3336 3338 3348
f 3351 3350 3349
f 3013 3349 3350
f 3013 3350 3012
f 3012 3350 3352
f 3339 3352 3341
f 3339 3014 3352
f 3014 3012 3352
f 3342 3014 3339
f 3015 3014 3342
f 3342 3005 3015
f 3345 3353 3344
f 3344 3354 3346
f 3353 3354 3344
f 3346 3016 3010
f 3346 3354 3016
f 3354 3355 3016
f 3357 3356 3017
f 3357 3017 3355
f 3355 3017 3016
f 3017 3356 3019
f 3022 3359 3358
f 3021 3022 3358
f 3360 3023 3021
f 3360 3021 3361
f 3361 3021 3358
f 3361 3363 3362
f 3360 3361 3362
f 3363 3365 3364
f 3362 3363 3364
f 3365 3366 3364
f 3369 3368 3367
f 3349 3025 3026
f 3351 3349 3026
f 3351 3026 3367
f 3351 3367 3368
f 3349 3013 3025
f 3357 3370 3356
f 3372 3371 3027
f 3370 3372 3027
f 3370 3027 3019
f 3370 3019 3356
f 3028 3027 3371
f 3373 3028 3371
f 3029 3028 3373
f 3374 3029 3373
f 3029 3374 3031
f 3375 3376 3359
f 3375 3359 3033
f 3033 3359 3022
f 3377 3376 3375
f 3377 3378 3376
f 3360 3035 3023
f 3378 3377 3380
f 3380 3377 3379
f 3035 3360 3362
f 3035 3362 3036
f 3036 3364 3037
f 3036 3362 3364
f 3380 3379 3381
f 3037 3382 3038
f 3364 3382 3037
f 3364 3383 3382
f 3364 3366 3383
f 3383 3385 3384
f 3382 3383 3384
f 3385 3387 3386
f 3384 3385 3386
f 3387 3389 3388
f 3386 3387 3388
f 3389 3390 3388
f 3392 3369 3367
f 3391 3392 3367
f 3367 3040 3391
f 3026 3040 3367
f 3372 3393 3371
f 3371 3394 3373
f 3393 3394 3371
f 3373 3395 3374
f 3394 3395 3373
f 3397 3396 3041
f 3395 3397 3041
f 3395 3041 3031
f 3395 3031 3374
f 3041 3396 3043
f 3375 3033 3044
f 3377 3375 3400
f 3377 3400 3399
f 3375 3044 3400
f 3398 3400 3045
f 3044 3045 3400
f 3045 3401 3398
f 3045 3046 3401
f 3399 3402 3377
f 3402 3379 3377
f 3401 3047 3403
f 3401 3046 3047
f 3379 3402 3381
f 3038 3403 3047
f 3038 3382 3403
f 3382 3404 3403
f 3382 3384 3404
f 3384 3405 3404
f 3050 3386 3049
f 3050 3405 3386
f 3405 3384 3386
f 3049 3406 3051
f 3049 3386 3406
f 3386 3388 3406
f 3390 3407 3053
f 3390 3053 3406
f 3390 3406 3388
f 3406 3053 3054
f 3053 3407 3408
f 3055 3053 3408
f 3410 3392 3391
f 3409 3410 3391
f 3391 3057 3409
f 3040 3057 3391
f 3412 3396 3397
f 3411 3396 3412
f 3396 3411 3059
f 3043 3396 3059
f 3415 3414 3413
f 3414 3400 3398
f 3414 3398 3413
f 3413 3398 3416
f 3398 3401 3416
f 3401 3417 3416
f 3062 3403 3061
f 3062 3417 3403
f 3417 3401 3403
f 3404 3061 3403
f 3064 3061 3404
f 3405 3064 3404
f 3066 3064 3405
f 3405 3050 3066
f 3406 3067 3051
f 3406 3054 3067
f 3408 3069 3055
f 3418 3069 3408
f 3418 3419 3069
f 3069 3419 3071
f 3419 3420 3071
f 3071 3420 3073
f 3420 3421 3073
f 3073 3421 3075
f 3421 3422 3075
f 3075 3422 3077
f 3077 3422 3423
f 3078 3077 3423
f 3425 3410 3409
f 3424 3425 3409
f 3409 3080 3424
f 3057 3080 3409
f 3427 3411 3412
f 3426 3411 3427
f 3411 3426 3082
f 3059 3411 3082
f 3429 3415 3413
f 3428 3429 3413
f 3413 3416 3428
f 3416 3430 3428
f 3085 3417 3084
f 3085 3430 3417
f 3430 3416 3417
f 3417 3062 3084
f 3092 3432 3431
f 3092 3078 3432
f 3078 3423 3432
f 3092 3431 3093
f 3434 3425 3424
f 3433 3434 3424
f 3424 3095 3433
f 3080 3095 3424
f 3436 3426 3427
f 3435 3426 3436
f 3426 3435 3096
f 3082 3426 3096
f 3439 3438 3437
f 3438 3429 3428
f 3438 3428 3437
f 3437 3428 3440
f 3428 3430 3440
f 3430 3441 3440
f 3430 3098 3441
f 3085 3098 3430
f 3431 3102 3101
f 3431 3432 3102
f 3432 3442 3102
f 3431 3101 3093
f 3444 3434 3433
f 3443 3444 3433
f 3433 3104 3443
f 3095 3104 3433
f 3447 3445 3446
f 3435 3107 3106
f 3436 3107 3435
f 3436 3445 3107
f 3436 3446 3445
f 3435 3106 3096
f 3449 3439 3437
f 3448 3449 3437
f 3437 3440 3448
f 3440 3450 3448
f 3110 3441 3109
f 3110 3450 3441
f 3450 3440 3441
f 3441 3098 3109
f 3453 3451 3452
f 3114 3452 3451
f 3114 3113 3452
f 3113 3454 3452
f 3454 3113 3455
f 3113 3115 3455
f 3455 3115 3102
f 3442 3455 3102
f 3443 3117 3118
f 3443 3118 3444
f 3444 3118 3456
f 3443 3104 3117
f 3458 3445 3447
f 3457 3445 3458
f 3445 3457 3120
f 3107 3445 3120
f 3460 3449 3448
f 3459 3460 3448
f 3448 3450 3459
f 3450 3461 3459
f 3450 3122 3461
f 3110 3122 3450
f 3124 3462 3125
f 3126 3462 3124
f 3463 3462 3126
f 3127 3463 3126
f 3464 3463 3127
f 3127 3129 3464
f 3131 3465 3466
f 3130 3465 3131
f 3451 3453 3465
f 3451 3465 3132
f 3132 3465 3130
f 3451 3132 3114
f 3469 3468 3467
f 3468 3134 3467
f 3468 3456 3134
f 3456 3118 3134
f 3471 3457 3458
f 3470 3457 3471
f 3457 3470 3136
f 3120 3457 3136
f 3460 3459 3472
f 3459 3461 3473
f 3472 3459 3473
f 3461 3122 3137
f 3461 3137 3473
f 3473 3137 3474
f 3474 3137 3475
f 3137 3138 3475
f 3125 3462 3476
f 3125 3476 3138
f 3138 3476 3475
f 3462 3463 3477
f 3476 3462 3477
f 3463 3464 3478
f 3477 3463 3478
f 3480 3139 3479
f 3478 3139 3480
f 3478 3129 3139
f 3478 3464 3129
f 3139 3141 3479
f 3143 3481 3482
f 3142 3481 3143
f 3481 3142 3483
f 3142 3144 3483
f 3483 3144 3131
f 3466 3483 3131
f 3485 3469 3467
f 3484 3485 3467
f 3467 3146 3484
f 3134 3146 3467
f 3488 3486 3487
f 3152 3487 3486
f 3152 3151 3487
f 3151 3489 3487
f 3489 3151 3490
f 3151 3153 3490
f 3470 3471 3490
f 3470 3490 3154
f 3154 3490 3153
f 3470 3154 3136
f 3480 3479 3491
f 3479 3141 3155
f 3479 3155 3491
f 3491 3155 3492
f 3492 3155 3143
f 3482 3492 3143
f 3485 3484 3493
f 3484 3146 3156
f 3484 3156 3493
f 3493 3156 3494
f 3494 3156 3495
f 3156 3157 3495
f 3495 3157 3496
f 3157 3158 3496
f 3496 3158 3497
f 3158 3159 3497
f 3497 3159 3498
f 3159 3160 3498
f 3498 3160 3499
f 3160 3161 3499
f 3499 3161 3500
f 3161 3162 3500
f 3500 3162 3501
f 3162 3163 3501
f 3501 3163 3502
f 3163 3164 3502
f 3502 3164 3503
f 3164 3165 3503
f 3486 3488 3503
f 3486 3503 3166
f 3166 3503 3165
f 3486 3166 3152
f 3170 3505 3504
f 3169 3170 3504
f 3504 3506 3169
f 3169 3506 3171
f 3506 3507 3171
f 3171 3507 3172
f 3507 3508 3172
f 3172 3508 3173
f 3508 3509 3173
f 3173 3509 3174
f 3509 3510 3174
f 3174 3510 3175
f 3510 3511 3175
f 3175 3511 3176
f 3511 3512 3176
f 3176 3512 3177
f 3512 3513 3177
f 3177 3513 3178
f 3513 3514 3178
f 3178 3514 3179
f 3514 3515 3179
f 3179 3515 3180
f 3515 3516 3180
f 3180 3516 3181
f 3517 3183 3181
f 3517 3181 3518
f 3518 3181 3516
f 3518 3520 3519
f 3517 3518 3519
f 3520 3522 3521
f 3519 3520 3521
f 3522 3523 3521
f 3185 3186 3524
f 3185 3524 3187
f 3189 3526 3525
f 3188 3189 3525
f 3525 3527 3188
f 3188 3527 3190
f 3527 3528 3190
f 3190 3528 3191
f 3528 3529 3191
f 3191 3529 3192
f 3529 3530 3192
f 3192 3530 3193
f 3530 3531 3193
f 3193 3531 3194
f 3531 3532 3194
f 3194 3532 3195
f 3532 3533 3195
f 3195 3533 3196
f 3533 3534 3196
f 3196 3534 3197
f 3534 3535 3197
f 3197 3535 3198
f 3535 3536 3198
f 3198 3536 3199
f 3536 3537 3199
f 3199 3537 3200
f 3537 3538 3200
f 3200 3538 3201
f 3538 3539 3201
f 3201 3539 3202
f 3539 3170 3202
f 3505 3170 3539
f 3517 3203 3183
f 3519 3203 3517
f 3204 3203 3519
f 3521 3204 3519
f 3205 3204 3521
f 3523 3205 3521
f 3523 3540 3205
f 3540 3206 3205
f 3186 3541 3524
f 3186 3206 3541
f 3206 3540 3541
f 3524 3207 3187
f 3524 3541 3207
f 3541 3542 3207
f 3542 3543 3207
f 3207 3543 3208
f 3543 3544 3208
f 3208 3544 3209
f 3544 3545 3209
f 3209 3545 3210
f 3545 3546 3210
f 3210 3546 3211
f 3546 3547 3211
f 3211 3547 3212
f 3547 3548 3212
f 3212 3548 3213
f 3548 3549 3213
f 3213 3549 3214
f 3549 3550 3214
f 3214 3550 3215
f 3552 3551 3216
f 3552 3216 3550
f 3550 3216 3215
f 3216 3551 3217
f 3526 3189 3553
f 3553 3189 3218
f 3552 3554 3551
f 3551 3219 3217
f 3551 3554 3219
f 3554 3555 3219
f 3556 3220 3219
f 3556 3219 3557
f 3557 3219 3555
f 3557 3558 3556
f 3553 3218 3559
f 3559 3218 3221
f 3556 3222 3220
f 3222 3560 3223
f 3556 3560 3222
f 3556 3561 3560
f 3556 3558 3561
f 3561 3562 3560
f 3559 3221 3563
f 3563 3221 3224
f 3560 3225 3223
f 3562 3225 3560
f 3562 3564 3225
f 3564 3226 3225
f 3565 3227 3226
f 3565 3226 3566
f 3566 3226 3564
f 3566 3567 3565
f 3563 3224 3568
f 3568 3224 3228
f 3565 3229 3227
f 3567 3229 3565
f 3567 3569 3229
f 3569 3230 3229
f 3571 3570 3231
f 3571 3231 3569
f 3569 3231 3230
f 3231 3570 3232
f 3234 3572 3573
f 3234 3573 3228
f 3228 3573 3568
f 3234 3235 3572
f 3571 3574 3570
f 3570 3237 3232
f 3570 3576 3237
f 3570 3574 3576
f 3576 3575 3237
f 3576 3577 3575
f 3573 3572 3578
f 3580 3238 3579
f 3578 3238 3580
f 3578 3235 3238
f 3578 3572 3235
f 3238 3239 3579
f 3582 3583 3581
f 3575 3240 3237
f 3240 3575 3577
f 3240 3577 3241
f 3582 3581 3577
f 3581 3241 3577
f 3580 3579 3584
f 3579 3239 3242
f 3579 3242 3584
f 3584 3242 3585
f 3242 3586 3585
f 3243 3586 3242
f 3589 3587 3588
f 3581 3245 3244
f 3583 3245 3581
f 3583 3587 3245
f 3583 3588 3587
f 3581 3244 3241
f 3586 3243 3246
f 3590 3586 3246
f 3246 3591 3590
f 3248 3591 3246
f 3594 3592 3593
f 3250 3593 3592
f 3250 3249 3593
f 3249 3595 3593
f 3587 3589 3595
f 3587 3595 3251
f 3251 3595 3249
f 3587 3251 3245
f 3591 3248 3252
f 3596 3591 3252
f 3252 3597 3596
f 3254 3597 3252
f 3257 3598 3599
f 3256 3598 3257
f 3592 3594 3598
f 3592 3598 3258
f 3258 3598 3256
f 3592 3258 3250
f 3597 3254 3259
f 3600 3597 3259
f 3600 3259 3601
f 3259 3260 3601
f 3260 3602 3601
f 3262 3602 3260
f 3264 3603 3604
f 3263 3603 3264
f 3603 3263 3605
f 3263 3265 3605
f 3605 3265 3257
f 3599 3605 3257
f 3602 3262 3266
f 3606 3602 3266
f 3606 3266 3607
f 3266 3267 3607
f 3607 3267 3608
f 3267 3268 3608
f 3268 3609 3608
f 3270 3609 3268
f 3272 3610 3611
f 3271 3610 3272
f 3610 3271 3612
f 3271 3273 3612
f 3612 3273 3613
f 3273 3274 3613
f 3613 3274 3614
f 3274 3275 3614
f 3614 3275 3264
f 3604 3614 3264
f 3609 3270 3276
f 3615 3609 3276
f 3615 3276 3616
f 3276 3277 3616
f 3616 3277 3617
f 3277 3278 3617
f 3617 3278 3618
f 3278 3279 3618
f 3618 3279 3619
f 3279 3280 3619
f 3619 3280 3620
f 3280 3281 3620
f 3620 3281 3621
f 3281 3282 3621
f 3621 3282 3622
f 3282 3283 3622
f 3283 3623 3622
f 3285 3623 3283
f 3287 3624 3288
f 3287 3290 3624
f 3291 3625 3292
f 3293 3625 3291
f 3626 3625 3293
f 3294 3626 3293
f 3627 3626 3294
f 3627 3628 3629
f 3627 3294 3628
f 3294 3295 3628
f 3628 3295 3630
f 3295 3296 3630
f 3296 3631 3630
f 3298 3631 3296
f 3611 3304 3272
f 3632 3304 3611
f 3632 3633 3304
f 3304 3633 3305
f 3633 3634 3305
f 3305 3634 3306
f 3636 3635 3307
f 3636 3307 3634
f 3634 3307 3306
f 3307 3635 3308
f 3623 3285 3309
f 3637 3623 3309
f 3637 3309 3638
f 3309 3310 3638
f 3638 3310 3639
f 3310 3311 3639
f 3639 3311 3640
f 3311 3312 3640
f 3640 3312 3641
f 3312 3313 3641
f 3641 3313 3642
f 3313 3314 3642
f 3642 3314 3643
f 3314 3315 3643
f 3288 3624 3644
f 3288 3644 3315
f 3315 3644 3643
f 3624 3290 3316
f 3624 3316 3644
f 3644 3316 3645
f 3292 3625 3646
f 3292 3646 3316
f 3316 3646 3645
f 3625 3626 3647
f 3646 3625 3647
f 3626 3627 3648
f 3647 3626 3648
f 3627 3629 3648
f 3631 3298 3317
f 3649 3631 3317
f 3649 3317 3650
f 3317 3318 3650
f 3650 3318 3651
f 3318 3319 3651
f 3651 3319 3652
f 3319 3320 3652
f 3654 3321 3653
f 3654 3652 3321
f 3652 3320 3321
f 3322 3653 3321
f 3655 3653 3322
f 3323 3655 3322
f 3656 3655 3323
f 3324 3656 3323
f 3657 3656 3324
f 3325 3657 3324
f 3658 3657 3325
f 3658 3636 3659
f 3658 3326 3636
f 3658 3325 3326
f 3326 3635 3636
f 3635 3326 3308
f 3654 3653 3660
f 3653 3655 3661
f 3660 3653 3661
f 3655 3656 3662
f 3661 3655 3662
f 3656 3657 3663
f 3662 3656 3663
f 3657 3658 3664
f 3663 3657 3664
f 3658 3659 3664
f 3667 3666 3665
f 3666 3669 3668
f 3665 3666 3668
f 3669 3671 3670
f 3668 3669 3670
f 3671 3673 3672
f 3670 3671 3672
f 3673 3674 3672
f 3677 3676 3675
f 3329 3675 3676
f 3329 3676 3328
f 3328 3676 3678
f 3680 3679 3331
f 3680 3331 3678
f 3678 3331 3328
f 3331 3679 3332
f 3667 3665 3681
f 3665 3668 3682
f 3681 3665 3682
f 3668 3670 3683
f 3682 3668 3683
f 3670 3672 3684
f 3683 3670 3684
f 3672 3674 3684
f 3335 3685 3334
f 3685 3687 3686
f 3685 3686 3334
f 3334 3686 3337
f 3688 3338 3337
f 3688 3337 3689
f 3689 3337 3686
f 3689 3691 3690
f 3688 3689 3690
f 3691 3692 3690
f 3695 3694 3693
f 3675 3340 3341
f 3677 3675 3341
f 3677 3341 3693
f 3677 3693 3694
f 3675 3329 3340
f 3697 3679 3680
f 3696 3679 3697
f 3343 3332 3679
f 3343 3679 3698
f 3698 3679 3696
f 3343 3698 3345
f 3685 3335 3347
f 3687 3685 3347
f 3687 3347 3699
f 3699 3347 3348
f 3338 3688 3700
f 3338 3700 3348
f 3348 3700 3699
f 3688 3690 3701
f 3700 3688 3701
f 3690 3692 3701
f 3704 3703 3702
f 3703 3705 3702
f 3708 3707 3706
f 3351 3706 3707
f 3351 3707 3350
f 3350 3707 3709
f 3693 3709 3695
f 3693 3352 3709
f 3352 3350 3709
f 3693 3341 3352
f 3697 3710 3696
f 3696 3711 3698
f 3710 3711 3696
f 3698 3353 3345
f 3698 3711 3353
f 3711 3712 3353
f 3714 3713 3354
f 3714 3354 3712
f 3712 3354 3353
f 3355 3354 3713
f 3715 3355 3713
f 3355 3715 3357
f 3717 3704 3702
f 3716 3717 3702
f 3705 3718 3358
f 3705 3358 3716
f 3705 3716 3702
f 3716 3358 3359
f 3718 3719 3358
f 3358 3719 3361
f 3719 3720 3361
f 3361 3720 3363
f 3720 3721 3363
f 3363 3721 3365
f 3722 3366 3365
f 3722 3365 3723
f 3723 3365 3721
f 3723 3725 3724
f 3722 3723 3724
f 3725 3726 3724
f 3729 3728 3727
f 3706 3368 3369
f 3708 3706 3369
f 3708 3369 3727
f 3708 3727 3728
f 3706 3351 3368
f 3731 3713 3714
f 3730 3713 3731
f 3713 3730 3715
f 3715 3730 3732
f 3370 3357 3715
f 3370 3715 3733
f 3733 3715 3732
f 3370 3733 3372
f 3717 3716 3734
f 3736 3376 3735
f 3734 3376 3736
f 3734 3359 3376
f 3734 3716 3359
f 3378 3735 3376
f 3737 3735 3378
f 3380 3737 3378
f 3738 3737 3380
f 3380 3381 3738
f 3722 3383 3366
f 3724 3383 3722
f 3385 3383 3724
f 3726 3385 3724
f 3726 3739 3385
f 3739 3387 3385
f 3739 3740 3387
f 3387 3740 3389
f 3389 3740 3741
f 3390 3389 3741
f 3743 3729 3727
f 3742 3743 3727
f 3727 3392 3742
f 3369 3392 3727
f 3731 3744 3730
f 3730 3745 3732
f 3744 3745 3730
f 3732 3746 3733
f 3745 3746 3732
f 3733 3393 3372
f 3733 3746 3393
f 3746 3747 3393
f 3749 3748 3394
f 3749 3394 3747
f 3747 3394 3393
f 3395 3394 3748
f 3750 3395 3748
f 3395 3750 3397
f 3753 3752 3751
f 3752 3755 3754
f 3751 3752 3754
f 3755 3736 3735
f 3755 3735 3754
f 3754 3735 3756
f 3400 3737 3399
f 3400 3756 3737
f 3756 3735 3737
f 3738 3399 3737
f 3402 3399 3738
f 3738 3381 3402
f 3759 3757 3758
f 3758 3757 3760
f 3758 3760 3390
f 3758 3390 3741
f 3390 3760 3407
f 3407 3760 3408
f 3762 3743 3742
f 3761 3762 3742
f 3742 3410 3761
f 3392 3410 3742
f 3749 3763 3748
f 3765 3748 3763
f 3765 3764 3748
f 3764 3750 3748
f 3750 3764 3412
f 3397 3750 3412
f 3767 3753 3751
f 3766 3767 3751
f 3751 3754 3766
f 3754 3768 3766
f 3415 3756 3414
f 3415 3768 3756
f 3768 3754 3756
f 3756 3400 3414
f 3759 3769 3757
f 3757 3770 3760
f 3769 3770 3757
f 3760 3418 3408
f 3760 3770 3418
f 3770 3771 3418
f 3771 3772 3418
f 3418 3772 3419
f 3774 3773 3420
f 3774 3420 3772
f 3772 3420 3419
f 3421 3420 3773
f 3775 3421 3773
f 3422 3421 3775
f 3776 3422 3775
f 3422 3776 3423
f 3778 3762 3761
f 3777 3778 3761
f 3761 3425 3777
f 3410 3425 3761
f 3780 3764 3765
f 3779 3764 3780
f 3764 3779 3427
f 3412 3764 3427
f 3783 3782 3781
f 3782 3767 3766
f 3782 3766 3781
f 3781 3766 3784
f 3766 3768 3784
f 3768 3785 3784
f 3768 3429 3785
f 3415 3429 3768
f 3774 3786 3773
f 3773 3787 3775
f 3786 3787 3773
f 3789 3775 3787
f 3789 3788 3775
f 3788 3776 3775
f 3776 3788 3432
f 3423 3776 3432
f 3791 3778 3777
f 3790 3791 3777
f 3777 3434 3790
f 3425 3434 3777
f 3793 3779 3780
f 3792 3779 3793
f 3779 3792 3436
f 3427 3779 3436
f 3795 3783 3781
f 3794 3795 3781
f 3781 3784 3794
f 3784 3796 3794
f 3439 3785 3438
f 3439 3796 3785
f 3796 3784 3785
f 3785 3429 3438
f 3798 3788 3789
f 3797 3788 3798
f 3788 3797 3442
f 3432 3788 3442
f 3800 3791 3790
f 3799 3800 3790
f 3790 3444 3799
f 3434 3444 3790
f 3792 3447 3446
f 3792 3793 3447
f 3793 3801 3447
f 3792 3446 3436
f 3803 3795 3794
f 3802 3803 3794
f 3794 3796 3802
f 3796 3804 3802
f 3796 3449 3804
f 3439 3449 3796
f 3453 3805 3806
f 3452 3805 3453
f 3805 3452 3807
f 3452 3454 3807
f 3797 3798 3807
f 3797 3807 3455
f 3455 3807 3454
f 3797 3455 3442
f 3809 3800 3799
f 3808 3809 3799
f 3799 3456 3808
f 3444 3456 3799
f 3812 3810 3811
f 3811 3810 3458
f 3811 3458 3801
f 3801 3458 3447
f 3814 3803 3802
f 3813 3814 3802
f 3802 3804 3813
f 3804 3815 3813
f 3804 3460 3815
f 3449 3460 3804
f 3818 3816 3817
f 3466 3817 3816
f 3466 3465 3817
f 3465 3819 3817
f 3819 3465 3453
f 3806 3819 3453
f 3822 3821 3820
f 3808 3468 3469
f 3809 3808 3469
f 3809 3469 3820
f 3809 3820 3821
f 3808 3456 3468
f 3824 3810 3812
f 3823 3810 3824
f 3810 3823 3471
f 3458 3810 3471
f 3826 3814 3813
f 3825 3826 3813
f 3813 3815 3825
f 3815 3827 3825
f 3472 3815 3460
f 3472 3828 3815
f 3828 3827 3815
f 3473 3828 3472
f 3829 3828 3473
f 3829 3830 3831
f 3829 3473 3830
f 3473 3474 3830
f 3830 3474 3832
f 3474 3475 3832
f 3832 3475 3833
f 3475 3476 3833
f 3835 3477 3834
f 3835 3833 3477
f 3833 3476 3477
f 3478 3834 3477
f 3836 3834 3478
f 3478 3480 3836
f 3839 3837 3838
f 3482 3838 3837
f 3482 3481 3838
f 3481 3840 3838
f 3816 3818 3840
f 3816 3840 3483
f 3483 3840 3481
f 3816 3483 3466
f 3842 3822 3820
f 3841 3842 3820
f 3820 3485 3841
f 3469 3485 3820
f 3488 3843 3844
f 3487 3843 3488
f 3843 3487 3845
f 3487 3489 3845
f 3823 3824 3845
f 3823 3845 3490
f 3490 3845 3489
f 3823 3490 3471
f 3826 3825 3846
f 3825 3827 3847
f 3846 3825 3847
f 3827 3828 3848
f 3847 3827 3848
f 3828 3829 3849
f 3848 3828 3849
f 3829 3831 3849
f 3835 3834 3850
f 3834 3836 3851
f 3850 3834 3851
f 3836 3480 3491
f 3836 3491 3851
f 3851 3491 3852
f 3837 3839 3852
f 3837 3852 3492
f 3492 3852 3491
f 3837 3492 3482
f 3842 3841 3853
f 3841 3485 3493
f 3841 3493 3853
f 3853 3493 3854
f 3854 3493 3855
f 3493 3494 3855
f 3855 3494 3856
f 3494 3495 3856
f 3856 3495 3857
f 3495 3496 3857
f 3857 3496 3858
f 3496 3497 3858
f 3858 3497 3859
f 3497 3498 3859
f 3859 3498 3860
f 3498 3499 3860
f 3860 3499 3861
f 3499 3500 3861
f 3861 3500 3862
f 3500 3501 3862
f 3862 3501 3863
f 3501 3502 3863
f 3863 3502 3864
f 3502 3503 3864
f 3864 3503 3488
f 3844 3864 3488
f 3867 3866 3865
f 3505 3865 3866
f 3505 3866 3504
f 3504 3866 3868
f 3868 3869 3504
f 3504 3869 3506
f 3869 3870 3506
f 3506 3870 3507
f 3870 3871 3507
f 3507 3871 3508
f 3871 3872 3508
f 3508 3872 3509
f 3872 3873 3509
f 3509 3873 3510
f 3873 3874 3510
f 3510 3874 3511
f 3874 3875 3511
f 3511 3875 3512
f 3875 3876 3512
f 3512 3876 3513
f 3876 3877 3513
f 3513 3877 3514
f 3877 3878 3514
f 3514 3878 3515
f 3878 3879 3515
f 3515 3879 3516
f 3881 3880 3518
f 3881 3518 3879
f 3879 3518 3516
f 3520 3518 3880
f 3882 3520 3880
f 3522 3520 3882
f 3883 3522 3882
f 3522 3883 3523
f 3526 3885 3884
f 3525 3526 3884
f 3884 3886 3525
f 3525 3886 3527
f 3886 3887 3527
f 3527 3887 3528
f 3887 3888 3528
f 3528 3888 3529
f 3888 3889 3529
f 3529 3889 3530
f 3889 3890 3530
f 3530 3890 3531
f 3890 3891 3531
f 3531 3891 3532
f 3891 3892 3532
f 3532 3892 3533
f 3892 3893 3533
f 3533 3893 3534
f 3893 3894 3534
f 3534 3894 3535
f 3894 3895 3535
f 3535 3895 3536
f 3895 3896 3536
f 3536 3896 3537
f 3896 3897 3537
f 3537 3897 3538
f 3865 3897 3867
f 3865 3539 3897
f 3539 3538 3897
f 3865 3505 3539
f 3881 3898 3880
f 3880 3899 3882
f 3898 3899 3880
f 3882 3900 3883
f 3899 3900 3882
f 3883 3540 3523
f 3883 3900 3540
f 3900 3901 3540
f 3901 3902 3540
f 3540 3902 3541
f 3902 3903 3541
f 3541 3903 3542
f 3903 3904 3542
f 3542 3904 3543
f 3904 3905 3543
f 3543 3905 3544
f 3905 3906 3544
f 3544 3906 3545
f 3906 3907 3545
f 3545 3907 3546
f 3907 3908 3546
f 3546 3908 3547
f 3908 3909 3547
f 3547 3909 3548
f 3909 3910 3548
f 3548 3910 3549
f 3910 3911 3549
f 3549 3911 3550
f 3550 3911 3912
f 3552 3550 3912
f 3885 3526 3913
f 3913 3526 3553
f 3912 3554 3552
f 3914 3554 3912
f 3914 3915 3554
f 3554 3915 3555
f 3915 3916 3555
f 3555 3916 3557
f 3557 3916 3917
f 3558 3557 3917
f 3913 3553 3918
f 3918 3553 3559
f 3917 3561 3558
f 3919 3561 3917
f 3920 3562 3561
f 3920 3561 3921
f 3921 3561 3919
f 3921 3922 3920
f 3918 3559 3923
f 3923 3559 3563
f 3920 3564 3562
f 3922 3564 3920
f 3922 3924 3564
f 3924 3566 3564
f 3566 3924 3925
f 3567 3566 3925
f 3923 3563 3926
f 3926 3563 3568
f 3925 3569 3567
f 3927 3569 3925
f 3569 3927 3928
f 3571 3569 3928
f 3926 3568 3929
f 3929 3568 3573
f 3928 3574 3571
f 3930 3574 3928
f 3932 3931 3576
f 3932 3576 3930
f 3930 3576 3574
f 3576 3931 3577
f 3578 3933 3934
f 3578 3934 3573
f 3573 3934 3929
f 3578 3580 3933
f 3937 3935 3936
f 3931 3583 3582
f 3932 3583 3931
f 3932 3935 3583
f 3932 3936 3935
f 3931 3582 3577
f 3934 3933 3938
f 3933 3580 3584
f 3933 3584 3938
f 3938 3584 3939
f 3941 3585 3940
f 3941 3939 3585
f 3939 3584 3585
f 3585 3586 3940
f 3935 3589 3588
f 3935 3937 3589
f 3937 3942 3589
f 3935 3588 3583
f 3941 3940 3943
f 3940 3586 3590
f 3940 3590 3943
f 3943 3590 3944
f 3590 3945 3944
f 3591 3945 3590
f 3594 3946 3947
f 3593 3946 3594
f 3946 3593 3948
f 3593 3595 3948
f 3948 3595 3589
f 3942 3948 3589
f 3945 3591 3596
f 3949 3945 3596
f 3596 3950 3949
f 3597 3950 3596
f 3953 3951 3952
f 3599 3952 3951
f 3599 3598 3952
f 3598 3954 3952
f 3954 3598 3594
f 3947 3954 3594
f 3950 3597 3600
f 3955 3950 3600
f 3955 3600 3956
f 3600 3601 3956
f 3601 3957 3956
f 3602 3957 3601
f 3960 3958 3959
f 3604 3959 3958
f 3604 3603 3959
f 3603 3961 3959
f 3951 3953 3961
f 3951 3961 3605
f 3605 3961 3603
f 3951 3605 3599
f 3957 3602 3606
f 3962 3957 3606
f 3962 3606 3963
f 3606 3607 3963
f 3965 3608 3964
f 3965 3963 3608
f 3963 3607 3608
f 3608 3609 3964
f 3968 3966 3967
f 3611 3967 3966
f 3611 3610 3967
f 3610 3969 3967
f 3969 3610 3970
f 3610 3612 3970
f 3970 3612 3971
f 3612 3613 3971
f 3958 3960 3971
f 3958 3971 3614
f 3614 3971 3613
f 3958 3614 3604
f 3965 3964 3972
f 3964 3609 3615
f 3964 3615 3972
f 3972 3615 3973
f 3973 3615 3974
f 3615 3616 3974
f 3974 3616 3975
f 3616 3617 3975
f 3975 3617 3976
f 3617 3618 3976
f 3976 3618 3977
f 3618 3619 3977
f 3977 3619 3978
f 3619 3620 3978
f 3978 3620 3979
f 3620 3621 3979
f 3981 3622 3980
f 3981 3979 3622
f 3979 3621 3622
f 3622 3623 3980
f 3628 3982 3629
f 3982 3983 3984
f 3982 3628 3983
f 3628 3630 3983
f 3630 3985 3983
f 3631 3985 3630
f 3988 3986 3987
f 3987 3986 3989
f 3968 3990 3966
f 3966 3632 3611
f 3966 3990 3632
f 3990 3991 3632
f 3991 3992 3632
f 3632 3992 3633
f 3994 3993 3634
f 3994 3634 3992
f 3992 3634 3633
f 3634 3993 3636
f 3981 3980 3995
f 3980 3623 3637
f 3980 3637 3995
f 3995 3637 3996
f 3996 3637 3997
f 3637 3638 3997
f 3997 3638 3998
f 3638 3639 3998
f 3998 3639 3999
f 3639 3640 3999
f 3999 3640 4000
f 3640 3641 4000
f 4000 3641 4001
f 3641 3642 4001
f 4001 3642 4002
f 3642 3643 4002
f 4002 3643 4003
f 3643 3644 4003
f 4003 3644 4004
f 3644 3645 4004
f 4004 3645 4005
f 3645 3646 4005
f 4007 3647 4006
f 4007 4005 3647
f 4005 3646 3647
f 3648 4006 3647
f 4008 4006 3648
f 3629 4008 3648
f 3629 3982 4008
f 3982 4009 4008
f 3984 4011 4010
f 3984 4010 3982
f 3982 4010 4009
f 4011 4012 4010
f 4011 3631 4012
f 4011 3985 3631
f 3631 3649 4012
f 3650 4012 3649
f 3650 4013 4012
f 4014 3986 3988
f 4013 3651 4015
f 4013 3650 3651
f 3986 4014 3989
f 3652 4015 3651
f 4016 4015 3652
f 3652 3654 4016
f 4018 3993 3994
f 4017 3993 4018
f 3993 4017 3659
f 3636 3993 3659
f 4007 4006 4019
f 4006 4008 4020
f 4019 4006 4020
f 4008 4009 4021
f 4020 4008 4021
f 4009 4010 4022
f 4021 4009 4022
f 4010 4012 4023
f 4022 4010 4023
f 4012 4013 4024
f 4023 4012 4024
f 4013 4015 4025
f 4024 4013 4025
f 4015 4016 4026
f 4025 4015 4026
f 4028 3660 4027
f 4026 3660 4028
f 4026 3654 3660
f 4026 4016 3654
f 3661 4027 3660
f 4029 4027 3661
f 3662 4029 3661
f 4030 4029 3662
f 3663 4030 3662
f 4031 4030 3663
f 4031 4018 4032
f 4031 3664 4018
f 4031 3663 3664
f 3664 4017 4018
f 4017 3664 3659
f 4028 4027 4033
f 4027 4029 4034
f 4033 4027 4034
f 4029 4030 4035
f 4034 4029 4035
f 4030 4031 4036
f 4035 4030 4036
f 4031 4032 4036
f 4039 4038 4037
f 4038 4041 4040
f 4037 4038 4040
f 4041 4042 4040
f 4044 4039 4037
f 4043 4044 4037
f 4037 4040 4043
f 4040 4045 4043
f 4042 4047 4046
f 4042 4046 4040
f 4040 4046 4045
f 4047 4048 4046
f 4051 4050 4049
f 4050 4053 4052
f 4049 4050 4052
f 4053 4044 4043
f 4053 4043 4052
f 4052 4043 4054
f 4043 4045 4054
f 4045 4055 4054
f 4045 4046 4055
f 4046 4056 4055
f 4048 4058 4057
f 4048 4057 4046
f 4046 4057 4056
f 4058 4060 4059
f 4057 4058 4059
f 4060 4062 4061
f 4059 4060 4061
f 4062 4063 4061
f 4065 4051 4049
f 4064 4065 4049
f 4049 4052 4064
f 4052 4066 4064
f 4052 4054 4066
f 4054 4067 4066
f 4054 4055 4067
f 4055 4068 4067
f 4055 4056 4068
f 4056 4069 4068
f 4056 4057 4069
f 4057 4070 4069
f 4057 4059 4070
f 4059 4071 4070
f 4072 4073 4071
f 4072 4071 4061
f 4061 4071 4059
f 4061 4063 4072
f 4076 4075 4074
f 4075 4065 4064
f 4075 4064 4074
f 4074 4064 4077
f 4064 4066 4077
f 4066 4078 4077
f 4066 4067 4078
f 4067 4079 4078
f 4067 4068 4079
f 4068 4080 4079
f 4068 4069 4080
f 4069 4081 4080
f 4069 4070 4081
f 4070 4082 4081
f 4070 4071 4082
f 4071 4083 4082
f 4073 4084 4083
f 4071 4073 4083
f 4086 4076 4074
f 4085 4086 4074
f 4074 4077 4085
f 4077 4087 4085
f 4077 4078 4087
f 4078 4088 4087
f 4078 4079 4088
f 4079 4089 4088
f 4079 4080 4089
f 4080 4090 4089
f 4080 4081 4090
f 4081 4091 4090
f 4081 4082 4091
f 4082 4092 4091
f 4082 4083 4092
f 4083 4093 4092
f 4084 4095 4094
f 4084 4094 4083
f 4083 4094 4093
f 4095 4097 4096
f 4094 4095 4096
f 4097 4099 4098
f 4096 4097 4098
f 4099 4100 4098
f 4102 4086 4085
f 4101 4102 4085
f 4085 4087 4101
f 4087 4103 4101
f 4087 4088 4103
f 4088 4104 4103
f 4088 4089 4104
f 4089 4105 4104
f 4089 4090 4105
f 4090 4106 4105
f 4090 4091 4106
f 4091 4107 4106
f 4091 4092 4107
f 4092 4108 4107
f 4092 4093 4108
f 4093 4109 4108
f 4093 4094 4109
f 4094 4110 4109
f 4094 4096 4110
f 4096 4111 4110
f 4112 4113 4111
f 4112 4111 4098
f 4098 4111 4096
f 4098 4100 4112
f 4116 4115 4114
f 4115 4102 4101
f 4115 4101 4114
f 4114 4101 4117
f 4101 4103 4117
f 4103 4118 4117
f 4103 4104 4118
f 4104 4119 4118
f 4104 4105 4119
f 4105 4120 4119
f 4105 4106 4120
f 4106 4121 4120
f 4106 4107 4121
f 4107 4122 4121
f 4107 4108 4122
f 4108 4123 4122
f 4108 4109 4123
f 4109 4124 4123
f 4109 4110 4124
f 4110 4125 4124
f 4110 4111 4125
f 4111 4126 4125
f 4113 4128 4127
f 4113 4127 4111
f 4111 4127 4126
f 4128 4130 4129
f 4127 4128 4129
f 4130 4132 4131
f 4129 4130 4131
f 4132 4133 4131
f 4116 4114 4134
f 4136 4134 4114
f 4136 4114 4135
f 4135 4114 4117
f 4117 4118 4135
f 4118 4137 4135
f 4118 4119 4137
f 4119 4138 4137
f 4119 4120 4138
f 4120 4139 4138
f 4120 4121 4139
f 4121 4140 4139
f 4121 4122 4140
f 4122 4141 4140
f 4122 4123 4141
f 4123 4142 4141
f 4123 4124 4142
f 4124 4143 4142
f 4124 4125 4143
f 4125 4144 4143
f 4125 4126 4144
f 4126 4145 4144
f 4126 4127 4145
f 4127 4146 4145
f 4127 4129 4146
f 4129 4147 4146
f 4129 4131 4147
f 4131 4148 4147
f 4133 4149 4148
f 4131 4133 4148
f 4136 4135 4150
f 4135 4137 4151
f 4150 4135 4151
f 4137 4138 4152
f 4151 4137 4152
f 4152 3667 4153
f 4152 4139 3667
f 4152 4138 4139
f 3666 3667 4139
f 4140 3666 4139
f 3669 3666 4140
f 4141 3669 4140
f 3671 3669 4141
f 4142 3671 4141
f 3673 3671 4142
f 3673 4154 3674
f 3673 4142 4154
f 4142 4143 4154
f 4143 4144 4154
f 4144 4155 4154
f 4144 4145 4155
f 4145 4156 4155
f 4145 4146 4156
f 4146 4157 4156
f 4146 4147 4157
f 4147 4158 4157
f 4147 4148 4158
f 4148 4159 4158
f 4149 4161 4160
f 4149 4160 4148
f 4148 4160 4159
f 4161 4162 4160
f 4165 4164 4163
f 3677 4163 4164
f 3677 4164 3676
f 4167 4166 4164
f 4166 3676 4164
f 3678 3676 4166
f 4168 3678 4166
f 3678 4168 3680
f 4153 3667 3681
f 4169 4153 3681
f 4169 3681 4170
f 3681 3682 4170
f 4170 3682 4171
f 3682 3683 4171
f 4173 3684 4172
f 4173 4171 3684
f 4171 3683 3684
f 3674 4172 3684
f 3674 4154 4172
f 4154 4174 4172
f 3687 4155 3686
f 3687 4174 4155
f 4174 4154 4155
f 4156 3686 4155
f 3689 3686 4156
f 4157 3689 4156
f 3691 3689 4157
f 3691 4175 3692
f 3691 4157 4175
f 4157 4158 4175
f 4158 4159 4175
f 4159 4176 4175
f 4159 4160 4176
f 4160 4177 4176
f 4162 4179 4178
f 4162 4178 4160
f 4160 4178 4177
f 4179 4180 4178
f 4183 4182 4181
f 4163 3694 3695
f 4165 4163 3695
f 4165 3695 4181
f 4165 4181 4182
f 4167 4184 4166
f 4163 3677 3694
f 4186 4166 4184
f 4186 4185 4166
f 4185 4168 4166
f 4168 4185 3697
f 3680 4168 3697
f 4173 4172 4187
f 4172 4174 4188
f 4187 4172 4188
f 4174 3687 3699
f 4174 3699 4188
f 4188 3699 4189
f 4189 3699 4190
f 3699 3700 4190
f 4190 3700 4191
f 3700 3701 4191
f 3692 4175 4192
f 3692 4192 3701
f 3701 4192 4191
f 4194 4192 4175
f 4194 4175 4193
f 4193 4175 4176
f 4176 4177 4193
f 4177 4195 4193
f 3704 4178 3703
f 3704 4195 4178
f 4195 4177 4178
f 3703 4196 3705
f 4178 4196 3703
f 4178 4197 4196
f 4178 4180 4197
f 4197 4198 4196
f 4201 4200 4199
f 4200 4202 4199
f 4205 4204 4203
f 3708 4203 4204
f 3708 4204 3707
f 3707 4204 4206
f 4181 4206 4183
f 4181 3709 4206
f 3709 3707 4206
f 4181 3695 3709
f 4186 4207 4185
f 4185 3710 3697
f 4185 4207 3710
f 4207 4208 3710
f 4210 4209 3711
f 4210 3711 4208
f 4208 3711 3710
f 3712 3711 4209
f 4211 3712 4209
f 3712 4211 3714
f 4194 4193 4212
f 4193 4195 4213
f 4212 4193 4213
f 4195 4214 4213
f 4195 3704 4214
f 3704 3717 4214
f 4196 3718 3705
f 4198 3718 4196
f 4198 4215 3718
f 4215 3719 3718
f 4215 4216 3719
f 3719 4216 3720
f 4199 4216 4201
f 4199 3721 4216
f 3721 3720 4216
f 4202 3721 4199
f 4202 4217 3721
f 4217 3723 3721
f 4217 4218 3723
f 3723 4218 3725
f 4219 3726 3725
f 4219 3725 4220
f 4220 3725 4218
f 4220 4221 4219
f 4203 3728 3729
f 4203 3729 4205
f 4205 3729 4222
f 4203 3708 3728
f 4224 4209 4210
f 4223 4209 4224
f 4209 4223 4211
f 4211 4223 4225
f 4211 4225 3731
f 3714 4211 3731
f 4228 4227 4226
f 4227 4230 4229
f 4226 4227 4229
f 4230 4231 4229
f 4230 3717 4231
f 4230 4214 3717
f 3717 3734 4231
f 3734 3736 4231
f 4234 4232 4233
f 4235 4233 4232
f 4235 4236 4233
f 4219 3739 3726
f 4235 4237 4221
f 4235 4221 4236
f 4237 3740 4221
f 4219 4221 3739
f 3740 3739 4221
f 3740 4237 3741
f 4240 4239 4238
f 4239 3743 4238
f 4239 4222 3743
f 4222 3729 3743
f 4224 4241 4223
f 4223 4242 4225
f 4241 4242 4223
f 4225 3744 3731
f 4225 4242 3744
f 4242 4243 3744
f 4243 4244 3744
f 3744 4244 3745
f 4244 4245 3745
f 3745 4245 3746
f 4247 4246 3747
f 4247 3747 4245
f 4245 3747 3746
f 3747 4246 3749
f 4249 4228 4226
f 4248 4249 4226
f 3753 4229 3752
f 3753 4248 4229
f 4248 4226 4229
f 4231 3752 4229
f 3755 3752 4231
f 4231 3736 3755
f 4234 4250 4232
f 4232 4251 4235
f 4250 4251 4232
f 4251 4252 3759
f 4251 3759 4237
f 4251 4237 4235
f 3758 4237 3759
f 4237 3758 3741
f 4254 4240 4238
f 4253 4254 4238
f 4238 3762 4253
f 3743 3762 4238
f 4247 4255 4246
f 4257 4256 3763
f 4255 4257 3763
f 4255 3763 3749
f 4255 3749 4246
f 3763 4256 3765
f 4260 4259 4258
f 4259 4249 4248
f 4259 4248 4258
f 4258 4248 4261
f 4248 3767 4261
f 3753 3767 4248
f 4252 3769 3759
f 4262 3769 4252
f 4264 4263 3770
f 4264 3770 4262
f 4262 3770 3769
f 3771 3770 4263
f 4265 3771 4263
f 3772 3771 4265
f 4266 3772 4265
f 3772 4266 3774
f 4268 4254 4253
f 4267 4268 4253
f 4253 3778 4267
f 3762 3778 4253
f 4270 4256 4257
f 4269 4256 4270
f 4256 4269 3780
f 3765 4256 3780
f 4260 4258 4271
f 4271 3783 4272
f 4271 4261 3783
f 4271 4258 4261
f 3782 3783 4261
f 4261 3767 3782
f 4264 4273 4263
f 4263 4274 4265
f 4273 4274 4263
f 4265 4275 4266
f 4274 4275 4265
f 4266 3786 3774
f 4266 4275 3786
f 4275 4276 3786
f 4278 4277 3787
f 4278 3787 4276
f 4276 3787 3786
f 3787 4277 3789
f 4280 4268 4267
f 4279 4280 4267
f 4267 3791 4279
f 3778 3791 4267
f 4282 4269 4270
f 4281 4269 4282
f 4269 4281 3793
f 3780 4269 3793
f 4285 4284 4283
f 4284 3795 4283
f 4284 4272 3795
f 4272 3783 3795
f 4278 4286 4277
f 4277 4286 4287
f 4277 4287 3789
f 3789 4287 3798
f 4289 4280 4279
f 4288 4289 4279
f 4279 3800 4288
f 3791 3800 4279
f 4291 4281 4282
f 4290 4281 4291
f 4281 4290 3801
f 3793 4281 3801
f 4293 4285 4283
f 4292 4293 4283
f 4283 3803 4292
f 3795 3803 4283
f 3805 4294 3806
f 4294 4295 4296
f 4294 3805 4295
f 3805 3807 4295
f 4295 3807 3798
f 4287 4295 3798
f 4298 4289 4288
f 4297 4298 4288
f 4288 3809 4297
f 3800 3809 4288
f 4290 3812 3811
f 4290 4291 3812
f 4291 4299 3812
f 4290 3811 3801
f 4301 4293 4292
f 4300 4301 4292
f 4292 3814 4300
f 3803 3814 4292
f 3818 4302 4303
f 3817 4302 3818
f 4302 3817 4304
f 3817 3819 4304
f 3806 4294 4305
f 3806 4305 3819
f 3819 4305 4304
f 4294 4296 4305
f 4308 4307 4306
f 4297 3821 3822
f 4298 4297 3822
f 4298 3822 4306
f 4298 4306 4307
f 4297 3809 3821
f 4311 4309 4310
f 4310 4309 3824
f 4310 3824 4299
f 4299 3824 3812
f 4313 4301 4300
f 4312 4313 4300
f 4300 3826 4312
f 3814 3826 4300
f 3830 4314 3831
f 3832 4314 3830
f 4315 4314 3832
f 3833 4315 3832
f 4316 4315 3833
f 3833 3835 4316
f 3839 4317 4318
f 3838 4317 3839
f 4317 3838 4319
f 3838 3840 4319
f 4319 3840 3818
f 4303 4319 3818
f 4321 4308 4306
f 4320 4321 4306
f 4306 3842 4320
f 3822 3842 4306
f 4324 4322 4323
f 3844 4323 4322
f 3844 3843 4323
f 3843 4325 4323
f 4309 4311 4325
f 4309 4325 3845
f 3845 4325 3843
f 4309 3845 3824
f 4313 4312 4326
f 4312 3826 3846
f 4312 3846 4326
f 4326 3846 4327
f 4327 3846 4328
f 3846 3847 4328
f 4328 3847 4329
f 3847 3848 4329
f 4329 3848 4330
f 3848 3849 4330
f 3831 4314 4331
f 3831 4331 3849
f 3849 4331 4330
f 4314 4315 4332
f 4331 4314 4332
f 4315 4316 4333
f 4332 4315 4333
f 4316 3835 3850
f 4316 3850 4333
f 4333 3850 4334
f 4334 3850 4335
f 3850 3851 4335
f 4335 3851 4336
f 3851 3852 4336
f 4336 3852 3839
f 4318 4336 3839
f 4321 4320 4337
f 4320 3842 3853
f 4320 3853 4337
f 4337 3853 4338
f 4338 3853 4339
f 3853 3854 4339
f 4339 3854 4340
f 3854 3855 4340
f 4340 3855 4341
f 3855 3856 4341
f 4341 3856 4342
f 3856 3857 4342
f 4342 3857 4343
f 3857 3858 4343
f 4343 3858 4344
f 3858 3859 4344
f 4344 3859 4345
f 3859 3860 4345
f 4345 3860 4346
f 3860 3861 4346
f 4346 3861 4347
f 3861 3862 4347
f 4347 3862 4348
f 3862 3863 4348
f 4322 4324 4348
f 4322 4348 3864
f 3864 4348 3863
f 4322 3864 3844
f 3866 3867 4349
f 4349 4351 4350
f 4349 4350 3866
f 3866 4350 3868
f 4353 4352 3869
f 4353 3869 4350
f 4350 3869 3868
f 4352 4355 4354
f 4352 4354 3869
f 3869 4354 3870
f 4354 4356 3870
f 3870 4356 3871
f 4356 4357 3871
f 3871 4357 3872
f 4357 4358 3872
f 3872 4358 3873
f 4358 4359 3873
f 3873 4359 3874
f 4359 4360 3874
f 3874 4360 3875
f 4360 4361 3875
f 3875 4361 3876
f 4361 4362 3876
f 3876 4362 3877
f 4362 4363 3877
f 3877 4363 3878
f 4363 4364 3878
f 3878 4364 3879
f 3879 4364 4365
f 3881 3879 4365
f 4368 4367 4366
f 4367 4370 4369
f 4366 4367 4369
f 4370 4371 4369
f 3885 4373 4372
f 3884 3885 4372
f 4372 4374 3884
f 3884 4374 3886
f 4374 4375 3886
f 3886 4375 3887
f 4375 4376 3887
f 3887 4376 3888
f 4376 4377 3888
f 3888 4377 3889
f 4377 4378 3889
f 3889 4378 3890
f 4378 4379 3890
f 3890 4379 3891
f 4379 4380 3891
f 3891 4380 3892
f 4380 4381 3892
f 3892 4381 3893
f 4381 4382 3893
f 3893 4382 3894
f 4382 4383 3894
f 3894 4383 3895
f 4383 4384 3895
f 3895 4384 3896
f 4384 4385 3896
f 3896 4385 3897
f 3867 4386 4349
f 3867 3897 4386
f 3897 4385 4386
f 4349 4386 4351
f 4353 4387 4352
f 4352 4387 4355
f 4365 3898 3881
f 4388 3898 4365
f 4366 4388 4368
f 4366 3899 4388
f 3899 3898 4388
f 4369 3899 4366
f 3900 3899 4369
f 4371 3900 4369
f 4371 4389 3900
f 4389 3901 3900
f 4389 4390 3901
f 3901 4390 3902
f 4390 4391 3902
f 3902 4391 3903
f 4391 4392 3903
f 3903 4392 3904
f 4392 4393 3904
f 3904 4393 3905
f 4393 4394 3905
f 3905 4394 3906
f 4394 4395 3906
f 3906 4395 3907
f 4395 4396 3907
f 3907 4396 3908
f 4396 4397 3908
f 3908 4397 3909
f 4397 4398 3909
f 3909 4398 3910
f 4398 4399 3910
f 3910 4399 3911
f 3911 4399 4400
f 3912 3911 4400
f 4373 3885 4401
f 4401 3885 3913
f 4400 3914 3912
f 4402 3914 4400
f 4402 4403 3914
f 3914 4403 3915
f 4403 4404 3915
f 3915 4404 3916
f 3916 4404 4405
f 3917 3916 4405
f 4401 3913 4406
f 4406 3913 3918
f 4405 3919 3917
f 4407 3919 4405
f 4409 4408 3921
f 4409 3921 4407
f 4407 3921 3919
f 3921 4408 3922
f 4406 3918 4410
f 4410 3918 3923
f 4409 4411 4408
f 4408 3924 3922
f 4408 4411 3924
f 4411 4412 3924
f 3924 4412 4413
f 3925 3924 4413
f 4410 3923 4414
f 4414 3923 3926
f 4413 3927 3925
f 4415 3927 4413
f 3927 4415 4416
f 3928 3927 4416
f 4414 3926 4417
f 4417 3926 3929
f 4416 3930 3928
f 4418 3930 4416
f 3930 4418 4419
f 3932 3930 4419
f 4417 3929 4420
f 4420 3929 3934
f 3937 4421 4422
f 3936 4421 3937
f 4421 3936 3932
f 4419 4421 3932
f 4420 3934 3938
f 4423 4420 3938
f 4423 3938 4424
f 3938 3939 4424
f 3939 4425 4424
f 3941 4425 3939
f 4428 4426 4427
f 4427 4426 3942
f 4427 3942 4422
f 4422 3942 3937
f 4425 3941 3943
f 4429 4425 3943
f 4431 3944 4430
f 4431 4429 3944
f 4429 3943 3944
f 3944 3945 4430
f 4434 4432 4433
f 3947 4433 4432
f 3947 3946 4433
f 3946 4435 4433
f 4426 4428 4435
f 4426 4435 3948
f 3948 4435 3946
f 4426 3948 3942
f 4431 4430 4436
f 4430 3945 3949
f 4430 3949 4436
f 4436 3949 4437
f 3949 4438 4437
f 3950 4438 3949
f 3953 4439 4440
f 3952 4439 3953
f 4432 4434 4439
f 4432 4439 3954
f 3954 4439 3952
f 4432 3954 3947
f 4438 3950 3955
f 4441 4438 3955
f 4441 3955 4442
f 3955 3956 4442
f 3956 4443 4442
f 3957 4443 3956
f 4446 4444 4445
f 3960 4445 4444
f 3960 3959 4445
f 3959 4447 4445
f 4447 3959 4448
f 3959 3961 4448
f 4448 3961 3953
f 4440 4448 3953
f 4443 3957 3962
f 4449 4443 3962
f 4449 3962 4450
f 3962 3963 4450
f 3963 4451 4450
f 3965 4451 3963
f 3968 4452 4453
f 3967 4452 3968
f 4452 3967 4454
f 3967 3969 4454
f 4454 3969 4455
f 3969 3970 4455
f 4444 4446 4455
f 4444 4455 3971
f 3971 4455 3970
f 4444 3971 3960
f 4451 3965 3972
f 4456 4451 3972
f 4456 3972 4457
f 3972 3973 4457
f 4457 3973 4458
f 3973 3974 4458
f 4458 3974 4459
f 3974 3975 4459
f 4459 3975 4460
f 3975 3976 4460
f 4462 3977 4461
f 4462 4460 3977
f 4460 3976 3977
f 3978 4461 3977
f 4463 4461 3978
f 3979 4463 3978
f 4464 4463 3979
f 3979 3981 4464
f 3984 4465 4466
f 3983 4465 3984
f 4467 3983 3985
f 4467 4468 3983
f 4468 4465 3983
f 4470 4468 4467
f 4469 3988 3987
f 4469 3987 3989
f 4473 4471 4472
f 4472 4471 4474
f 4453 3990 3968
f 4475 3990 4453
f 4475 4476 3990
f 3990 4476 3991
f 4478 4477 3992
f 4478 3992 4476
f 4476 3992 3991
f 3992 4477 3994
f 4462 4461 4479
f 4461 4463 4480
f 4479 4461 4480
f 4463 4464 4481
f 4480 4463 4481
f 4464 3981 3995
f 4464 3995 4481
f 4481 3995 4482
f 4482 3995 4483
f 3995 3996 4483
f 4483 3996 4484
f 3996 3997 4484
f 4484 3997 4485
f 3997 3998 4485
f 4485 3998 4486
f 3998 3999 4486
f 4486 3999 4487
f 3999 4000 4487
f 4487 4000 4488
f 4000 4001 4488
f 4490 4002 4489
f 4490 4488 4002
f 4488 4001 4002
f 4489 4491 4492
f 4489 4002 4491
f 4002 4003 4491
f 4494 4004 4493
f 4494 4491 4004
f 4491 4003 4004
f 4005 4493 4004
f 4495 4493 4005
f 4005 4007 4495
f 4466 4011 3984
f 4496 4011 4466
f 3985 4497 4467
f 3985 4011 4497
f 4011 4496 4497
f 4467 4497 4470
f 3988 4469 4014
f 4473 4498 4471
f 4469 3989 4014
f 4471 4498 4474
f 4478 4499 4477
f 4477 4499 4500
f 4477 4500 3994
f 3994 4500 4018
f 4490 4489 4501
f 4489 4492 4501
f 4494 4493 4502
f 4493 4495 4503
f 4502 4493 4503
f 4495 4007 4019
f 4495 4019 4503
f 4503 4019 4504
f 4504 4019 4505
f 4019 4020 4505
f 4505 4020 4506
f 4020 4021 4506
f 4506 4021 4507
f 4021 4022 4507
f 4507 4022 4508
f 4022 4023 4508
f 4510 4024 4509
f 4510 4508 4024
f 4508 4023 4024
f 4025 4509 4024
f 4511 4509 4025
f 4026 4511 4025
f 4512 4511 4026
f 4026 4028 4512
f 4500 4513 4018
f 4513 4032 4018
f 4510 4509 4514
f 4509 4511 4515
f 4514 4509 4515
f 4511 4512 4516
f 4515 4511 4516
f 4512 4028 4033
f 4512 4033 4516
f 4516 4033 4517
f 4517 4033 4518
f 4033 4034 4518
f 4518 4034 4519
f 4034 4035 4519
f 4519 4035 4520
f 4035 4036 4520
f 4520 4036 4032
f 4513 4520 4032
f 4523 4522 4521
f 4522 4525 4524
f 4521 4522 4524
f 4525 4526 4524
f 4529 4528 4527
f 4528 4523 4521
f 4528 4521 4527
f 4527 4521 4530
f 4521 4524 4530
f 4524 4531 4530
f 4526 4533 4532
f 4526 4532 4524
f 4524 4532 4531
f 4533 4535 4534
f 4532 4533 4534
f 4535 4537 4536
f 4534 4535 4536
f 4537 4538 4536
f 4541 4540 4539
f 4540 4529 4527
f 4540 4527 4539
f 4539 4527 4542
f 4527 4530 4542
f 4530 4543 4542
f 4530 4531 4543
f 4531 4544 4543
f 4531 4532 4544
f 4532 4545 4544
f 4532 4534 4545
f 4534 4546 4545
f 4534 4536 4546
f 4536 4547 4546
f 4538 4549 4548
f 4538 4548 4536
f 4536 4548 4547
f 4549 4551 4550
f 4548 4549 4550
f 4551 4553 4552
f 4550 4551 4552
f 4553 4554 4552
f 4557 4556 4555
f 4556 4541 4539
f 4556 4539 4555
f 4555 4539 4558
f 4539 4542 4558
f 4542 4559 4558
f 4542 4543 4559
f 4543 4560 4559
f 4543 4544 4560
f 4544 4561 4560
f 4544 4545 4561
f 4545 4562 4561
f 4545 4546 4562
f 4546 4563 4562
f 4546 4547 4563
f 4547 4564 4563
f 4547 4548 4564
f 4548 4565 4564
f 4548 4550 4565
f 4550 4566 4565
f 4550 4552 4566
f 4552 4567 4566
f 4554 4569 4568
f 4554 4568 4552
f 4552 4568 4567
f 4569 4570 4568
f 4573 4572 4571
f 4572 4557 4555
f 4572 4555 4571
f 4571 4555 4574
f 4555 4558 4574
f 4558 4575 4574
f 4039 4559 4038
f 4039 4575 4559
f 4575 4558 4559
f 4560 4038 4559
f 4041 4038 4560
f 4041 4576 4042
f 4041 4560 4576
f 4560 4561 4576
f 4561 4562 4576
f 4562 4577 4576
f 4562 4563 4577
f 4563 4578 4577
f 4563 4564 4578
f 4564 4579 4578
f 4564 4565 4579
f 4565 4580 4579
f 4565 4566 4580
f 4566 4581 4580
f 4566 4567 4581
f 4567 4582 4581
f 4567 4568 4582
f 4568 4583 4582
f 4570 4585 4584
f 4570 4584 4568
f 4568 4584 4583
f 4585 4586 4584
f 4589 4588 4587
f 4588 4573 4571
f 4588 4571 4587
f 4587 4571 4590
f 4571 4574 4590
f 4574 4591 4590
f 4574 4575 4591
f 4575 4592 4591
f 4575 4044 4592
f 4039 4044 4575
f 4576 4047 4042
f 4047 4593 4048
f 4047 4576 4593
f 4576 4577 4593
f 4577 4578 4593
f 4578 4594 4593
f 4578 4579 4594
f 4579 4595 4594
f 4579 4580 4595
f 4580 4596 4595
f 4580 4581 4596
f 4581 4597 4596
f 4581 4582 4597
f 4582 4598 4597
f 4582 4583 4598
f 4583 4599 4598
f 4583 4584 4599
f 4584 4600 4599
f 4586 4602 4601
f 4586 4601 4584
f 4584 4601 4600
f 4602 4603 4601
f 4605 4589 4587
f 4604 4605 4587
f 4587 4590 4604
f 4590 4606 4604
f 4051 4591 4050
f 4051 4606 4591
f 4606 4590 4591
f 4592 4050 4591
f 4053 4050 4592
f 4592 4044 4053
f 4593 4058 4048
f 4594 4058 4593
f 4060 4058 4594
f 4595 4060 4594
f 4062 4060 4595
f 4062 4607 4063
f 4062 4595 4607
f 4595 4596 4607
f 4596 4597 4607
f 4597 4608 4607
f 4597 4598 4608
f 4598 4609 4608
f 4598 4599 4609
f 4599 4610 4609
f 4599 4600 4610
f 4600 4611 4610
f 4600 4601 4611
f 4601 4612 4611
f 4603 4614 4613
f 4603 4613 4601
f 4601 4613 4612
f 4614 4616 4615
f 4613 4614 4615
f 4616 4617 4615
f 4620 4619 4618
f 4619 4605 4604
f 4619 4604 4618
f 4618 4604 4621
f 4604 4606 4621
f 4606 4622 4621
f 4606 4065 4622
f 4051 4065 4606
f 4072 4623 4073
f 4063 4623 4072
f 4063 4607 4623
f 4607 4624 4623
f 4607 4608 4624
f 4608 4625 4624
f 4608 4609 4625
f 4609 4626 4625
f 4609 4610 4626
f 4610 4627 4626
f 4610 4611 4627
f 4611 4628 4627
f 4611 4612 4628
f 4612 4629 4628
f 4612 4613 4629
f 4613 4630 4629
f 4631 4632 4630
f 4631 4630 4615
f 4615 4630 4613
f 4615 4617 4631
f 4635 4634 4633
f 4634 4620 4618
f 4634 4618 4633
f 4633 4618 4636
f 4618 4621 4636
f 4621 4637 4636
f 4076 4622 4075
f 4076 4637 4622
f 4637 4621 4622
f 4622 4065 4075
f 4638 4073 4623
f 4084 4073 4638
f 4623 4624 4638
f 4624 4639 4638
f 4624 4625 4639
f 4625 4640 4639
f 4625 4626 4640
f 4626 4641 4640
f 4626 4627 4641
f 4627 4642 4641
f 4627 4628 4642
f 4628 4643 4642
f 4628 4629 4643
f 4629 4644 4643
f 4629 4630 4644
f 4630 4645 4644
f 4632 4647 4646
f 4632 4646 4630
f 4630 4646 4645
f 4647 4649 4648
f 4646 4647 4648
f 4649 4651 4650
f 4648 4649 4650
f 4651 4652 4650
f 4654 4635 4633
f 4653 4654 4633
f 4633 4636 4653
f 4636 4655 4653
f 4636 4637 4655
f 4637 4656 4655
f 4637 4086 4656
f 4076 4086 4637
f 4638 4095 4084
f 4639 4095 4638
f 4097 4095 4639
f 4640 4097 4639
f 4099 4097 4640
f 4099 4657 4100
f 4099 4640 4657
f 4640 4641 4657
f 4641 4642 4657
f 4642 4658 4657
f 4642 4643 4658
f 4643 4659 4658
f 4643 4644 4659
f 4644 4660 4659
f 4644 4645 4660
f 4645 4661 4660
f 4645 4646 4661
f 4646 4662 4661
f 4646 4648 4662
f 4648 4663 4662
f 4648 4650 4663
f 4650 4664 4663
f 4652 4665 4664
f 4650 4652 4664
f 4668 4667 4666
f 4667 4654 4653
f 4667 4653 4666
f 4666 4653 4669
f 4653 4655 4669
f 4655 4670 4669
f 4655 4656 4670
f 4656 4671 4670
f 4656 4102 4671
f 4086 4102 4656
f 4112 4672 4113
f 4100 4672 4112
f 4100 4657 4672
f 4657 4673 4672
f 4657 4658 4673
f 4658 4674 4673
f 4658 4659 4674
f 4659 4675 4674
f 4659 4660 4675
f 4660 4676 4675
f 4660 4661 4676
f 4661 4677 4676
f 4661 4662 4677
f 4662 4678 4677
f 4662 4663 4678
f 4663 4679 4678
f 4663 4664 4679
f 4664 4680 4679
f 4665 4681 4680
f 4664 4665 4680
f 4668 4666 4682
f 4684 4682 4666
f 4684 4666 4683
f 4683 4666 4669
f 4669 4670 4683
f 4670 4685 4683
f 4116 4671 4115
f 4116 4685 4671
f 4685 4670 4671
f 4671 4102 4115
f 4672 4128 4113
f 4673 4128 4672
f 4130 4128 4673
f 4674 4130 4673
f 4132 4130 4674
f 4132 4686 4133
f 4132 4674 4686
f 4674 4675 4686
f 4675 4676 4686
f 4676 4687 4686
f 4676 4677 4687
f 4677 4688 4687
f 4677 4678 4688
f 4678 4689 4688
f 4678 4679 4689
f 4679 4690 4689
f 4679 4680 4690
f 4680 4691 4690
f 4681 4693 4692
f 4681 4692 4680
f 4680 4692 4691
f 4693 4695 4694
f 4692 4693 4694
f 4695 4696 4694
f 4684 4683 4697
f 4683 4685 4698
f 4697 4683 4698
f 4700 4134 4699
f 4698 4134 4700
f 4698 4116 4134
f 4698 4685 4116
f 4134 4136 4699
f 4701 4133 4686
f 4149 4133 4701
f 4686 4687 4701
f 4687 4702 4701
f 4687 4688 4702
f 4688 4703 4702
f 4688 4689 4703
f 4689 4704 4703
f 4689 4690 4704
f 4690 4705 4704
f 4690 4691 4705
f 4691 4706 4705
f 4691 4692 4706
f 4692 4707 4706
f 4692 4694 4707
f 4694 4708 4707
f 4696 4709 4708
f 4694 4696 4708
f 4700 4699 4710
f 4699 4136 4150
f 4699 4150 4710
f 4710 4150 4711
f 4711 4150 4712
f 4150 4151 4712
f 4712 4151 4713
f 4151 4152 4713
f 4152 4714 4713
f 4153 4714 4152
f 4701 4161 4149
f 4161 4715 4162
f 4161 4701 4715
f 4701 4702 4715
f 4702 4703 4715
f 4703 4716 4715
f 4703 4704 4716
f 4704 4717 4716
f 4704 4705 4717
f 4705 4718 4717
f 4705 4706 4718
f 4706 4719 4718
f 4706 4707 4719
f 4707 4720 4719
f 4707 4708 4720
f 4708 4721 4720
f 4709 4722 4721
f 4708 4709 4721
f 4725 4724 4723
f 4165 4723 4724
f 4165 4724 4164
f 4727 4726 4724
f 4726 4164 4724
f 4164 4726 4167
f 4714 4153 4169
f 4728 4714 4169
f 4730 4170 4729
f 4730 4728 4170
f 4728 4169 4170
f 4171 4729 4170
f 4731 4729 4171
f 4171 4173 4731
f 4715 4179 4162
f 4179 4732 4180
f 4179 4715 4732
f 4715 4716 4732
f 4716 4717 4732
f 4717 4733 4732
f 4717 4718 4733
f 4718 4734 4733
f 4718 4719 4734
f 4719 4735 4734
f 4719 4720 4735
f 4720 4736 4735
f 4737 4738 4736
f 4737 4736 4721
f 4721 4736 4720
f 4741 4737 4721
f 4741 4721 4739
f 4722 4740 4721
f 4740 4739 4721
f 4740 4742 4739
f 4723 4182 4183
f 4723 4183 4725
f 4725 4183 4743
f 4727 4744 4726
f 4723 4165 4182
f 4746 4745 4184
f 4744 4746 4184
f 4744 4184 4167
f 4744 4167 4726
f 4184 4745 4186
f 4730 4729 4747
f 4749 4747 4729
f 4749 4729 4748
f 4748 4729 4731
f 4187 4731 4173
f 4187 4750 4731
f 4750 4748 4731
f 4188 4750 4187
f 4751 4750 4188
f 4189 4751 4188
f 4752 4751 4189
f 4190 4752 4189
f 4753 4752 4190
f 4191 4753 4190
f 4754 4753 4191
f 4192 4754 4191
f 4755 4754 4192
f 4192 4194 4755
f 4732 4197 4180
f 4756 4732 4733
f 4756 4198 4732
f 4756 4757 4198
f 4198 4197 4732
f 4733 4734 4758
f 4756 4733 4758
f 4760 4758 4201
f 4760 4201 4759
f 4758 4734 4201
f 4200 4201 4735
f 4734 4735 4201
f 4760 4759 4762
f 4200 4735 4202
f 4735 4761 4202
f 4735 4736 4761
f 4738 4764 4763
f 4738 4763 4736
f 4736 4763 4761
f 4764 4741 4739
f 4764 4739 4763
f 4763 4739 4765
f 4742 4766 4765
f 4739 4742 4765
f 4205 4768 4767
f 4204 4205 4767
f 4767 4769 4204
f 4204 4769 4206
f 4769 4183 4206
f 4743 4183 4769
f 4746 4770 4745
f 4745 4207 4186
f 4745 4770 4207
f 4770 4771 4207
f 4773 4772 4208
f 4773 4208 4771
f 4771 4208 4207
f 4208 4772 4210
f 4749 4748 4774
f 4748 4750 4775
f 4774 4748 4775
f 4750 4751 4776
f 4775 4750 4776
f 4751 4752 4777
f 4776 4751 4777
f 4752 4753 4778
f 4777 4752 4778
f 4753 4754 4779
f 4778 4753 4779
f 4754 4755 4780
f 4779 4754 4780
f 4755 4194 4212
f 4755 4212 4780
f 4780 4212 4781
f 4781 4212 4782
f 4212 4213 4782
f 4213 4783 4782
f 4214 4783 4213
f 4786 4784 4785
f 4757 4215 4198
f 4757 4787 4215
f 4788 4785 4784
f 4787 4789 4215
f 4215 4789 4216
f 4201 4790 4759
f 4201 4216 4790
f 4216 4789 4790
f 4759 4790 4762
f 4202 4761 4217
f 4763 4217 4761
f 4218 4217 4763
f 4765 4218 4763
f 4220 4218 4765
f 4220 4765 4766
f 4220 4766 4221
f 4221 4766 4791
f 4794 4793 4792
f 4793 4222 4792
f 4793 4768 4222
f 4768 4205 4222
f 4797 4795 4796
f 4796 4798 4799
f 4795 4798 4796
f 4799 4772 4773
f 4799 4798 4772
f 4798 4800 4772
f 4772 4800 4224
f 4210 4772 4224
f 4228 4802 4801
f 4227 4228 4801
f 4801 4803 4227
f 4227 4803 4230
f 4803 4214 4230
f 4783 4214 4803
f 4786 4804 4784
f 4784 4804 4788
f 4234 4805 4806
f 4233 4805 4234
f 4805 4233 4807
f 4233 4236 4807
f 4807 4236 4221
f 4791 4807 4221
f 4810 4809 4808
f 4792 4239 4240
f 4794 4792 4240
f 4794 4240 4808
f 4794 4808 4809
f 4792 4222 4239
f 4797 4811 4795
f 4795 4812 4798
f 4811 4812 4795
f 4798 4813 4800
f 4812 4813 4798
f 4800 4241 4224
f 4800 4813 4241
f 4813 4814 4241
f 4816 4815 4242
f 4816 4242 4814
f 4814 4242 4241
f 4243 4242 4815
f 4817 4243 4815
f 4244 4243 4817
f 4818 4244 4817
f 4245 4244 4818
f 4819 4245 4818
f 4245 4819 4247
f 4822 4821 4820
f 4821 4249 4820
f 4821 4802 4249
f 4802 4228 4249
f 4806 4250 4234
f 4823 4250 4806
f 4825 4824 4251
f 4825 4251 4823
f 4823 4251 4250
f 4251 4824 4252
f 4827 4810 4808
f 4826 4827 4808
f 4808 4254 4826
f 4240 4254 4808
f 4816 4828 4815
f 4815 4829 4817
f 4828 4829 4815
f 4817 4830 4818
f 4829 4830 4817
f 4818 4831 4819
f 4830 4831 4818
f 4833 4832 4255
f 4831 4833 4255
f 4831 4255 4247
f 4831 4247 4819
f 4255 4832 4257
f 4820 4259 4260
f 4820 4260 4822
f 4822 4260 4834
f 4820 4249 4259
f 4836 4824 4825
f 4835 4824 4836
f 4262 4252 4824
f 4262 4824 4837
f 4837 4824 4835
f 4262 4837 4264
f 4839 4827 4826
f 4838 4839 4826
f 4826 4268 4838
f 4254 4268 4826
f 4833 4840 4832
f 4832 4840 4841
f 4832 4841 4257
f 4257 4841 4270
f 4271 4842 4843
f 4271 4843 4260
f 4260 4843 4834
f 4271 4272 4842
f 4836 4844 4835
f 4835 4845 4837
f 4844 4845 4835
f 4837 4273 4264
f 4837 4845 4273
f 4845 4846 4273
f 4846 4847 4273
f 4273 4847 4274
f 4847 4848 4274
f 4274 4848 4275
f 4850 4849 4276
f 4850 4276 4848
f 4848 4276 4275
f 4276 4849 4278
f 4839 4838 4851
f 4838 4852 4851
f 4838 4268 4852
f 4268 4280 4852
f 4855 4853 4854
f 4854 4853 4282
f 4854 4282 4841
f 4841 4282 4270
f 4858 4857 4856
f 4842 4284 4285
f 4843 4842 4285
f 4843 4285 4856
f 4843 4856 4857
f 4842 4272 4284
f 4850 4859 4849
f 4861 4860 4286
f 4859 4861 4286
f 4859 4286 4278
f 4859 4278 4849
f 4286 4860 4287
f 4864 4863 4862
f 4863 4289 4862
f 4863 4852 4289
f 4852 4280 4289
f 4866 4853 4855
f 4865 4853 4866
f 4853 4865 4291
f 4282 4853 4291
f 4868 4858 4856
f 4867 4868 4856
f 4856 4293 4867
f 4285 4293 4856
f 4860 4296 4295
f 4860 4861 4296
f 4861 4869 4296
f 4860 4295 4287
f 4871 4864 4862
f 4870 4871 4862
f 4862 4298 4870
f 4289 4298 4862
f 4873 4865 4866
f 4872 4865 4873
f 4865 4872 4299
f 4291 4865 4299
f 4875 4868 4867
f 4874 4875 4867
f 4867 4301 4874
f 4293 4301 4867
f 4303 4876 4877
f 4302 4876 4303
f 4876 4302 4878
f 4302 4304 4878
f 4878 4304 4879
f 4304 4305 4879
f 4879 4305 4296
f 4869 4879 4296
f 4882 4881 4880
f 4870 4307 4308
f 4871 4870 4308
f 4871 4308 4880
f 4871 4880 4881
f 4870 4298 4307
f 4885 4883 4884
f 4872 4311 4310
f 4873 4311 4872
f 4873 4883 4311
f 4873 4884 4883
f 4872 4310 4299
f 4887 4875 4874
f 4886 4887 4874
f 4874 4313 4886
f 4301 4313 4874
f 4317 4888 4318
f 4888 4889 4890
f 4888 4317 4889
f 4317 4319 4889
f 4889 4319 4303
f 4877 4889 4303
f 4892 4882 4880
f 4891 4892 4880
f 4880 4321 4891
f 4308 4321 4880
f 4324 4893 4894
f 4323 4893 4324
f 4883 4885 4893
f 4883 4893 4325
f 4325 4893 4323
f 4883 4325 4311
f 4887 4886 4895
f 4886 4313 4326
f 4886 4326 4895
f 4895 4326 4896
f 4896 4326 4897
f 4326 4327 4897
f 4897 4327 4898
f 4327 4328 4898
f 4898 4328 4899
f 4328 4329 4899
f 4899 4329 4900
f 4329 4330 4900
f 4900 4330 4901
f 4330 4331 4901
f 4901 4331 4902
f 4331 4332 4902
f 4904 4333 4903
f 4904 4902 4333
f 4902 4332 4333
f 4334 4903 4333
f 4905 4903 4334
f 4335 4905 4334
f 4906 4905 4335
f 4906 4907 4908
f 4906 4335 4907
f 4335 4336 4907
f 4318 4888 4909
f 4318 4909 4336
f 4336 4909 4907
f 4888 4890 4909
f 4892 4891 4910
f 4891 4321 4337
f 4891 4337 4910
f 4910 4337 4911
f 4911 4337 4912
f 4337 4338 4912
f 4912 4338 4913
f 4338 4339 4913
f 4913 4339 4914
f 4339 4340 4914
f 4914 4340 4915
f 4340 4341 4915
f 4915 4341 4916
f 4341 4342 4916
f 4916 4342 4917
f 4342 4343 4917
f 4917 4343 4918
f 4343 4344 4918
f 4918 4344 4919
f 4344 4345 4919
f 4919 4345 4920
f 4345 4346 4920
f 4920 4346 4921
f 4346 4347 4921
f 4921 4347 4922
f 4347 4348 4922
f 4922 4348 4324
f 4894 4922 4324
f 4904 4903 4923
f 4903 4905 4924
f 4923 4903 4924
f 4905 4906 4925
f 4924 4905 4925
f 4906 4908 4925
f 4350 4351 4926
f 4350 4926 4353
f 4354 4355 4927
f 4927 4929 4928
f 4927 4928 4354
f 4354 4928 4356
f 4928 4930 4356
f 4356 4930 4357
f 4932 4931 4358
f 4932 4358 4930
f 4930 4358 4357
f 4931 4934 4933
f 4931 4933 4358
f 4358 4933 4359
f 4933 4935 4359
f 4359 4935 4360
f 4937 4936 4361
f 4937 4361 4935
f 4935 4361 4360
f 4936 4939 4938
f 4936 4938 4361
f 4361 4938 4362
f 4938 4940 4362
f 4362 4940 4363
f 4942 4941 4364
f 4942 4364 4940
f 4940 4364 4363
f 4364 4941 4365
f 4367 4368 4943
f 4370 4367 4943
f 4944 4370 4943
f 4370 4944 4371
f 4373 4946 4945
f 4372 4373 4945
f 4945 4947 4372
f 4372 4947 4374
f 4947 4948 4374
f 4374 4948 4375
f 4948 4949 4375
f 4375 4949 4376
f 4949 4950 4376
f 4376 4950 4377
f 4950 4951 4377
f 4377 4951 4378
f 4951 4952 4378
f 4378 4952 4379
f 4952 4953 4379
f 4379 4953 4380
f 4953 4954 4380
f 4380 4954 4381
f 4954 4955 4381
f 4381 4955 4382
f 4955 4956 4382
f 4382 4956 4383
f 4956 4957 4383
f 4383 4957 4384
f 4957 4958 4384
f 4384 4958 4385
f 4958 4959 4385
f 4385 4959 4386
f 4351 4960 4926
f 4351 4386 4960
f 4386 4959 4960
f 4926 4387 4353
f 4926 4960 4387
f 4960 4961 4387
f 4355 4962 4927
f 4355 4387 4962
f 4387 4961 4962
f 4927 4962 4929
f 4932 4963 4931
f 4931 4963 4934
f 4937 4964 4936
f 4936 4964 4939
f 4942 4965 4941
f 4941 4388 4365
f 4941 4965 4388
f 4965 4966 4388
f 4368 4967 4943
f 4368 4388 4967
f 4388 4966 4967
f 4943 4968 4944
f 4967 4968 4943
f 4944 4389 4371
f 4944 4968 4389
f 4968 4969 4389
f 4969 4970 4389
f 4389 4970 4390
f 4970 4971 4390
f 4390 4971 4391
f 4971 4972 4391
f 4391 4972 4392
f 4972 4973 4392
f 4392 4973 4393
f 4973 4974 4393
f 4393 4974 4394
f 4974 4975 4394
f 4394 4975 4395
f 4975 4976 4395
f 4395 4976 4396
f 4976 4977 4396
f 4396 4977 4397
f 4977 4978 4397
f 4397 4978 4398
f 4980 4979 4399
f 4980 4399 4978
f 4978 4399 4398
f 4399 4979 4400
f 4946 4373 4981
f 4981 4373 4401
f 4980 4982 4979
f 4979 4402 4400
f 4979 4982 4402
f 4982 4983 4402
f 4983 4984 4402
f 4402 4984 4403
f 4984 4985 4403
f 4403 4985 4404
f 4404 4985 4986
f 4405 4404 4986
f 4981 4401 4987
f 4987 4401 4406
f 4986 4407 4405
f 4988 4407 4986
f 4989 4409 4407
f 4989 4407 4990
f 4990 4407 4988
f 4990 4991 4989
f 4987 4406 4992
f 4992 4406 4410
f 4989 4411 4409
f 4991 4411 4989
f 4991 4993 4411
f 4993 4412 4411
f 4412 4993 4994
f 4413 4412 4994
f 4992 4410 4995
f 4995 4410 4414
f 4994 4415 4413
f 4996 4415 4994
f 4415 4996 4997
f 4416 4415 4997
f 4995 4414 4998
f 4998 4414 4417
f 4418 5000 4999
f 4418 4416 5000
f 4416 4997 5000
f 4418 4999 4419
f 5001 5002 4998
f 5001 4998 4420
f 4420 4998 4417
f 5002 5001 5003
f 5006 5004 5005
f 4999 4422 4421
f 5000 4422 4999
f 5000 5004 4422
f 5000 5005 5004
f 4999 4421 4419
f 5001 4420 4423
f 5003 5001 4423
f 5003 4423 5007
f 5007 4423 4424
f 4424 5008 5007
f 4425 5008 4424
f 5011 5009 5010
f 5004 4428 4427
f 5006 4428 5004
f 5006 5009 4428
f 5006 5010 5009
f 5004 4427 4422
f 5008 4425 4429
f 5012 5008 4429
f 4429 5013 5012
f 4431 5013 4429
f 5016 5014 5015
f 4434 5015 5014
f 4434 4433 5015
f 4433 5017 5015
f 5009 5011 5017
f 5009 5017 4435
f 4435 5017 4433
f 5009 4435 4428
f 5013 4431 4436
f 5018 5013 4436
f 5018 4436 5019
f 4436 4437 5019
f 4437 5020 5019
f 4438 5020 4437
f 5023 5021 5022
f 5014 4440 4439
f 5016 4440 5014
f 5016 5021 4440
f 5016 5022 5021
f 5014 4439 4434
f 5020 4438 4441
f 5024 5020 4441
f 5026 4442 5025
f 5026 5024 4442
f 5024 4441 4442
f 4442 4443 5025
f 4446 5027 5028
f 4445 5027 4446
f 5027 4445 5029
f 4445 4447 5029
f 5021 5023 5029
f 5021 5029 4448
f 4448 5029 4447
f 5021 4448 4440
f 5026 5025 5030
f 5025 4443 4449
f 5025 4449 5030
f 5030 4449 5031
f 5033 4450 5032
f 5033 5031 4450
f 5031 4449 4450
f 4450 4451 5032
f 5036 5034 5035
f 4453 5035 5034
f 4453 4452 5035
f 4452 5037 5035
f 5037 4452 5038
f 4452 4454 5038
f 5038 4454 5039
f 4454 4455 5039
f 5039 4455 4446
f 5028 5039 4446
f 5033 5032 5040
f 5032 4451 4456
f 5032 4456 5040
f 5040 4456 5041
f 5041 4456 5042
f 4456 4457 5042
f 5042 4457 5043
f 4457 4458 5043
f 5045 4459 5044
f 5045 5043 4459
f 5043 4458 4459
f 4460 5044 4459
f 5046 5044 4460
f 4460 4462 5046
f 4466 5047 5048
f 4465 5047 4466
f 5047 4465 5049
f 4465 4468 5049
f 5050 4468 4470
f 5050 5051 4468
f 5051 5049 4468
f 5053 5051 5050
f 5052 4473 4472
f 4472 4474 5052
f 5036 5054 5034
f 5034 4475 4453
f 5034 5054 4475
f 5054 5055 4475
f 5057 5056 4476
f 5057 4476 5055
f 5055 4476 4475
f 4476 5056 4478
f 5045 5044 5058
f 5044 5046 5059
f 5058 5044 5059
f 5046 4462 4479
f 5046 4479 5059
f 5059 4479 5060
f 5060 4479 5061
f 4479 4480 5061
f 5063 4481 5062
f 5063 5061 4481
f 5061 4480 4481
f 4482 5062 4481
f 5064 5062 4482
f 4483 5064 4482
f 5065 5064 4483
f 4484 5065 4483
f 5066 5065 4484
f 4485 5066 4484
f 5067 5066 4485
f 4486 5067 4485
f 5068 5067 4486
f 4487 5068 4486
f 5069 5068 4487
f 5069 5070 5071
f 5069 4487 5070
f 4487 4488 5070
f 5072 4488 4490
f 5072 5073 4488
f 5073 5070 4488
f 4492 5073 5072
f 4492 4491 5073
f 4491 5074 5073
f 4491 5075 5074
f 4494 5075 4491
f 5048 4496 4466
f 5076 4496 5048
f 5076 5077 4496
f 4496 5077 4497
f 4470 5078 5050
f 4470 4497 5078
f 4497 5077 5078
f 5050 5078 5053
f 4473 5052 4498
f 5052 4474 4498
f 5057 5079 5056
f 5081 5080 4499
f 5079 5081 4499
f 5079 4499 4478
f 5079 4478 5056
f 4499 5080 4500
f 5063 5062 5082
f 5062 5064 5083
f 5082 5062 5083
f 5064 5065 5084
f 5083 5064 5084
f 5065 5066 5085
f 5084 5065 5085
f 5066 5067 5086
f 5085 5066 5086
f 5088 5086 5067
f 5088 5067 5087
f 5087 5067 5068
f 5068 5069 5087
f 5069 5089 5087
f 5071 5090 5089
f 5069 5071 5089
f 4501 5091 5093
f 4501 5093 4490
f 5092 5072 5093
f 5072 4490 5093
f 5092 5095 4492
f 5092 4492 5072
f 5095 5094 4492
f 4501 4492 5091
f 5094 5091 4492
f 5095 5096 5094
f 5095 4494 5096
f 5095 5075 4494
f 4494 4502 5096
f 4503 5096 4502
f 5097 5096 4503
f 4504 5097 4503
f 5098 5097 4504
f 4505 5098 4504
f 5099 5098 4505
f 4506 5099 4505
f 5100 5099 4506
f 4507 5100 4506
f 5101 5100 4507
f 4508 5101 4507
f 5102 5101 4508
f 4508 4510 5102
f 5104 5080 5081
f 5103 5080 5104
f 5080 5103 4513
f 4500 5080 4513
f 5107 5106 5105
f 5108 5109 5105
f 5108 5105 5087
f 5106 5088 5105
f 5088 5087 5105
f 5087 5089 5110
f 5108 5087 5110
f 5089 5090 5110
f 5093 5091 5111
f 5091 5094 5112
f 5111 5091 5112
f 5094 5096 5113
f 5112 5094 5113
f 5096 5097 5114
f 5113 5096 5114
f 5097 5098 5115
f 5114 5097 5115
f 5098 5099 5116
f 5115 5098 5116
f 5118 5116 5099
f 5118 5099 5117
f 5117 5099 5100
f 5100 5101 5117
f 5101 5119 5117
f 5101 5102 5119
f 5102 5120 5119
f 4510 5120 5102
f 4510 5121 5120
f 4510 4514 5121
f 5122 5120 5121
f 5124 4515 5123
f 5124 5121 4515
f 5121 4514 4515
f 4516 5123 4515
f 5125 5123 4516
f 4517 5125 4516
f 5126 5125 4517
f 4518 5126 4517
f 5127 5126 4518
f 4519 5127 4518
f 5128 5127 4519
f 5128 5104 5129
f 5128 4520 5104
f 5128 4519 4520
f 4520 5103 5104
f 5103 4520 4513
f 5107 5105 5130
f 5105 5109 5130
f 5118 5117 5131
f 5117 5119 5132
f 5131 5117 5132
f 5119 5120 5133
f 5132 5119 5133
f 5120 5122 5133
f 5124 5123 5134
f 5136 5134 5123
f 5136 5123 5135
f 5135 5123 5125
f 5125 5126 5135
f 5126 5137 5135
f 5126 5127 5137
f 5127 5138 5137
f 5127 5128 5138
f 5128 5139 5138
f 5129 5140 5139
f 5128 5129 5139
f 5143 5142 5141
f 5142 5145 5144
f 5141 5142 5144
f 5145 5147 5146
f 5144 5145 5146
f 5147 5149 5148
f 5146 5147 5148
f 5149 5150 5148
f 5136 5135 5151
f 5135 5137 5152
f 5151 5135 5152
f 5137 5138 5153
f 5152 5137 5153
f 5138 5139 5154
f 5153 5138 5154
f 5139 5140 5154
f 5157 5156 5155
f 5156 5143 5141
f 5156 5141 5155
f 5155 5141 5158
f 5141 5144 5158
f 5144 5159 5158
f 5144 5146 5159
f 5146 5160 5159
f 5146 5148 5160
f 5148 5161 5160
f 5150 5162 5161
f 5148 5150 5161
f 5165 5164 5163
f 5164 5157 5155
f 5164 5155 5163
f 5163 5155 5166
f 5155 5158 5166
f 5158 5167 5166
f 5158 5159 5167
f 5159 5168 5167
f 5159 5160 5168
f 5160 5169 5168
f 5160 5161 5169
f 5161 5170 5169
f 5162 5172 5171
f 5162 5171 5161
f 5161 5171 5170
f 5172 5174 5173
f 5171 5172 5173
f 5174 5176 5175
f 5173 5174 5175
f 5176 5177 5175
f 5180 5179 5178
f 5179 5165 5163
f 5179 5163 5178
f 5178 5163 5181
f 5163 5166 5181
f 5166 5182 5181
f 4523 5167 4522
f 4523 5182 5167
f 5182 5166 5167
f 5168 4522 5167
f 4525 4522 5168
f 4525 5183 4526
f 4525 5168 5183
f 5168 5169 5183
f 5169 5170 5183
f 5170 5184 5183
f 5170 5171 5184
f 5171 5185 5184
f 5171 5173 5185
f 5173 5186 5185
f 5173 5175 5186
f 5175 5187 5186
f 5177 5189 5188
f 5177 5188 5175
f 5175 5188 5187
f 5189 5191 5190
f 5188 5189 5190
f 5191 5193 5192
f 5190 5191 5192
f 5193 5194 5192
f 5197 5196 5195
f 5196 5199 5198
f 5195 5196 5198
f 5199 5180 5178
f 5199 5178 5198
f 5198 5178 5200
f 5178 5181 5200
f 5181 5201 5200
f 4529 5182 4528
f 4529 5201 5182
f 5201 5181 5182
f 5182 4523 4528
f 5183 4533 4526
f 5184 4533 5183
f 4535 4533 5184
f 5185 4535 5184
f 4537 4535 5185
f 4537 5202 4538
f 4537 5185 5202
f 5185 5186 5202
f 5186 5187 5202
f 5187 5203 5202
f 5187 5188 5203
f 5188 5204 5203
f 5188 5190 5204
f 5190 5205 5204
f 5190 5192 5205
f 5192 5206 5205
f 5194 5207 5206
f 5192 5194 5206
f 5210 5209 5208
f 5209 5197 5195
f 5209 5195 5208
f 5208 5195 5211
f 5195 5198 5211
f 5198 5212 5211
f 5198 5200 5212
f 5200 5213 5212
f 4541 5201 4540
f 4541 5213 5201
f 5213 5200 5201
f 5201 4529 4540
f 5202 4549 4538
f 5203 4549 5202
f 4551 4549 5203
f 5204 4551 5203
f 4553 4551 5204
f 4553 5214 4554
f 4553 5204 5214
f 5204 5205 5214
f 5205 5206 5214
f 5206 5215 5214
f 5207 5217 5216
f 5207 5216 5206
f 5206 5216 5215
f 5217 5219 5218
f 5216 5217 5218
f 5219 5220 5218
f 5223 5222 5221
f 5222 5210 5208
f 5222 5208 5221
f 5221 5208 5224
f 5208 5211 5224
f 5211 5225 5224
f 5211 5212 5225
f 5212 5226 5225
f 4557 5213 4556
f 4557 5226 5213
f 5226 5212 5213
f 5213 4541 4556
f 5214 4569 4554
f 4569 5227 4570
f 4569 5214 5227
f 5214 5215 5227
f 5215 5216 5227
f 5216 5228 5227
f 5216 5218 5228
f 5218 5229 5228
f 5220 5231 5230
f 5220 5230 5218
f 5218 5230 5229
f 5231 5233 5232
f 5230 5231 5232
f 5233 5235 5234
f 5232 5233 5234
f 5235 5237 5236
f 5234 5235 5236
f 5237 5238 5236
f 5240 5223 5221
f 5239 5240 5221
f 5221 5224 5239
f 5224 5241 5239
f 5224 5225 5241
f 5225 5242 5241
f 4573 5226 4572
f 4573 5242 5226
f 5242 5225 5226
f 5226 4557 4572
f 5227 4585 4570
f 4585 5243 4586
f 4585 5227 5243
f 5227 5228 5243
f 5228 5229 5243
f 5229 5244 5243
f 5229 5230 5244
f 5230 5245 5244
f 5230 5232 5245
f 5232 5246 5245
f 5232 5234 5246
f 5234 5247 5246
f 5234 5236 5247
f 5236 5248 5247
f 5238 5250 5249
f 5238 5249 5236
f 5236 5249 5248
f 5250 5252 5251
f 5249 5250 5251
f 5252 5254 5253
f 5251 5252 5253
f 5254 5255 5253
f 5258 5257 5256
f 5257 5240 5239
f 5257 5239 5256
f 5256 5239 5259
f 5239 5241 5259
f 5241 5260 5259
f 4589 5242 4588
f 4589 5260 5242
f 5260 5241 5242
f 5242 4573 4588
f 5243 4602 4586
f 4602 5261 4603
f 4602 5243 5261
f 5243 5244 5261
f 5244 5245 5261
f 5245 5262 5261
f 5245 5246 5262
f 5246 5263 5262
f 5246 5247 5263
f 5247 5264 5263
f 5247 5248 5264
f 5248 5265 5264
f 5248 5249 5265
f 5249 5266 5265
f 5249 5251 5266
f 5251 5267 5266
f 5251 5253 5267
f 5253 5268 5267
f 5255 5269 5268
f 5253 5255 5268
f 5271 5258 5256
f 5270 5271 5256
f 5256 5259 5270
f 5259 5272 5270
f 5259 5260 5272
f 5260 5273 5272
f 5260 4605 5273
f 4589 4605 5260
f 5261 4614 4603
f 5262 4614 5261
f 4616 4614 5262
f 4616 5274 4617
f 4616 5262 5274
f 5262 5263 5274
f 5263 5264 5274
f 5264 5275 5274
f 5264 5265 5275
f 5265 5276 5275
f 5265 5266 5276
f 5266 5277 5276
f 5266 5267 5277
f 5267 5278 5277
f 5267 5268 5278
f 5268 5279 5278
f 5269 5280 5279
f 5268 5269 5279
f 5283 5282 5281
f 5282 5271 5270
f 5282 5270 5281
f 5281 5270 5284
f 5270 5272 5284
f 5272 5285 5284
f 4620 5273 4619
f 4620 5285 5273
f 5285 5272 5273
f 5273 4605 4619
f 4631 5286 4632
f 4617 5286 4631
f 4617 5274 5286
f 5274 5287 5286
f 5274 5275 5287
f 5275 5288 5287
f 5275 5276 5288
f 5276 5289 5288
f 5276 5277 5289
f 5277 5290 5289
f 5277 5278 5290
f 5278 5291 5290
f 5278 5279 5291
f 5279 5292 5291
f 5280 5293 5292
f 5279 5280 5292
f 5295 5283 5281
f 5294 5295 5281
f 5281 5284 5294
f 5284 5296 5294
f 4635 5285 4634
f 4635 5296 5285
f 5296 5284 5285
f 5285 4620 4634
f 5286 4647 4632
f 5287 4647 5286
f 4649 4647 5287
f 5288 4649 5287
f 4651 4649 5288
f 4651 5297 4652
f 4651 5288 5297
f 5288 5289 5297
f 5289 5290 5297
f 5290 5298 5297
f 5290 5291 5298
f 5291 5299 5298
f 5291 5292 5299
f 5292 5300 5299
f 5293 5301 5300
f 5292 5293 5300
f 5303 5295 5294
f 5302 5303 5294
f 5294 5296 5302
f 5296 5304 5302
f 5296 4654 5304
f 4635 4654 5296
f 5305 4652 5297
f 4665 4652 5305
f 5297 5298 5305
f 5298 5306 5305
f 5298 5299 5306
f 5299 5307 5306
f 5308 5309 5307
f 5308 5307 5300
f 5300 5307 5299
f 5300 5301 5308
f 5311 5303 5302
f 5310 5311 5302
f 4668 5304 4667
f 4668 5310 5304
f 5310 5302 5304
f 5304 4654 4667
f 5312 4665 5305
f 4681 4665 5312
f 5305 5306 5312
f 5306 5313 5312
f 5306 5307 5313
f 5307 5314 5313
f 5309 5315 5314
f 5307 5309 5314
f 5317 5311 5310
f 5316 5317 5310
f 4682 5310 4668
f 4682 5318 5310
f 5318 5316 5310
f 4682 4684 5318
f 5312 4693 4681
f 5313 4693 5312
f 4695 4693 5313
f 4695 5319 4696
f 4695 5313 5319
f 5313 5314 5319
f 5315 5320 5319
f 5314 5315 5319
f 5317 5316 5321
f 5316 5318 5322
f 5321 5316 5322
f 5318 4684 4697
f 5318 4697 5322
f 5322 4697 5323
f 5323 4697 5324
f 4697 4698 5324
f 4698 5325 5324
f 4700 5325 4698
f 5326 4696 5319
f 5326 5327 4696
f 5327 4709 4696
f 5319 5320 5326
f 5325 4700 4710
f 5328 5325 4710
f 5328 4710 5329
f 4710 4711 5329
f 5329 4711 5330
f 4711 4712 5330
f 5332 4713 5331
f 5332 5330 4713
f 5330 4712 4713
f 4713 4714 5331
f 5327 5333 4709
f 5333 4722 4709
f 4724 4725 5334
f 4724 5334 4727
f 5332 5331 5335
f 5337 4728 5336
f 5335 4728 5337
f 5335 4714 4728
f 5335 5331 4714
f 4728 4730 5336
f 4738 5338 5339
f 4737 5338 4738
f 4722 5333 5340
f 4722 5340 4740
f 5333 5338 5340
f 4741 5340 4737
f 5338 4737 5340
f 4740 5340 4742
f 5343 5342 5341
f 5344 5334 5342
f 5344 5342 5345
f 5334 4725 5342
f 5341 5342 4743
f 4725 4743 5342
f 4744 4727 5334
f 4744 5334 5346
f 5346 5334 5344
f 4744 5346 4746
f 5337 5336 5347
f 5336 4730 4747
f 5336 4747 5347
f 5347 4747 5348
f 5349 4747 4749
f 5349 5350 4747
f 5350 5348 4747
f 5350 5351 5352
f 5349 5351 5350
f 5352 5353 5354
f 5351 5353 5352
f 5354 5355 5356
f 5353 5355 5354
f 5356 5355 5357
f 4756 5358 4757
f 5358 5359 5360
f 5358 4756 5359
f 4756 4758 5359
f 5362 4760 5361
f 5362 5359 4760
f 5359 4758 4760
f 4760 4762 5361
f 5339 4764 4738
f 5363 4764 5339
f 4741 4764 5363
f 4741 5363 5364
f 4741 5364 5340
f 5364 5363 5365
f 5340 5364 4766
f 4742 5340 4766
f 5368 5367 5366
f 4768 5366 5367
f 4768 5367 4767
f 4767 5367 5369
f 5341 5369 5343
f 5341 4769 5369
f 4769 4767 5369
f 5345 5370 5344
f 5341 4743 4769
f 5344 5371 5346
f 5370 5371 5344
f 5373 5372 4770
f 5371 5373 4770
f 5371 4770 4746
f 5371 4746 5346
f 4771 4770 5372
f 5374 4771 5372
f 4771 5374 4773
f 5349 4749 4774
f 5351 5349 4774
f 4775 5351 4774
f 5353 5351 4775
f 4776 5353 4775
f 5355 5353 4776
f 4777 5355 4776
f 5357 5355 4777
f 5357 4777 5375
f 5375 4777 4778
f 5375 4778 5376
f 4778 4779 5376
f 5376 4779 5377
f 4779 4780 5377
f 5377 4780 5378
f 4780 4781 5378
f 5378 4781 5379
f 4781 4782 5379
f 4782 5380 5379
f 4783 5380 4782
f 4786 5381 5382
f 4785 5381 4786
f 4757 5358 4787
f 4785 4788 5384
f 4785 5384 5381
f 5384 4788 5383
f 5383 5385 5360
f 5383 5360 5384
f 5385 4789 5360
f 5358 5360 4787
f 4789 4787 5360
f 5385 5386 5362
f 5385 5362 4790
f 5385 4790 4789
f 4790 5362 5361
f 5361 4762 4790
f 5388 5364 5365
f 5387 5364 5388
f 5364 5387 4791
f 4766 5364 4791
f 5391 5390 5389
f 5366 4793 4794
f 5368 5366 4794
f 5368 4794 5389
f 5368 5389 5390
f 5366 4768 4793
f 5394 5392 5393
f 5393 5395 5396
f 5392 5395 5393
f 5372 4797 4796
f 5373 4797 5372
f 5373 5395 4797
f 5373 5396 5395
f 5374 5372 4796
f 4799 5374 4796
f 5374 4799 4773
f 5399 5398 5397
f 4802 5397 5398
f 4802 5398 4801
f 4801 5398 5400
f 5400 5401 4801
f 4801 5401 4803
f 5401 4783 4803
f 5380 4783 5401
f 5382 4804 4786
f 5402 4804 5382
f 4788 5403 5383
f 4788 4804 5403
f 4804 5402 5403
f 5383 5404 5385
f 5403 5404 5383
f 5385 5404 5386
f 4805 5405 4806
f 5405 5388 5406
f 5405 4807 5388
f 5405 4805 4807
f 4807 5387 5388
f 5387 4807 4791
f 5409 5408 5407
f 5389 4809 4810
f 5391 5389 4810
f 5391 4810 5407
f 5391 5407 5408
f 5389 4794 4809
f 5412 5410 5411
f 5411 5392 5394
f 5411 5410 5392
f 5410 5413 5392
f 5414 5413 5415
f 5414 5395 5413
f 5395 5392 5413
f 5417 5416 4811
f 5414 5417 4811
f 5414 4811 4797
f 5414 4797 5395
f 4812 4811 5416
f 5418 4812 5416
f 4813 4812 5418
f 5419 4813 5418
f 4814 4813 5419
f 5420 4814 5419
f 4814 5420 4816
f 5423 5422 5421
f 5397 4821 4822
f 5399 5397 4822
f 5399 4822 5421
f 5399 5421 5422
f 5397 4802 4821
f 5425 5426 5424
f 5405 4823 4806
f 4823 5405 5406
f 4823 5406 4825
f 5425 5424 5406
f 5424 4825 5406
f 5428 5409 5407
f 5427 5428 5407
f 5407 4827 5427
f 4810 4827 5407
f 5412 5429 5410
f 5410 5430 5413
f 5429 5430 5410
f 5413 5430 5415
f 5417 5431 5416
f 5416 5432 5418
f 5431 5432 5416
f 5418 5433 5419
f 5432 5433 5418
f 5419 5434 5420
f 5433 5434 5419
f 5420 4828 4816
f 5420 5434 4828
f 5434 5435 4828
f 5435 5436 4828
f 4828 5436 4829
f 5436 5437 4829
f 4829 5437 4830
f 5437 5438 4830
f 4830 5438 4831
f 4831 5438 5439
f 4833 4831 5439
f 5441 5423 5421
f 5440 5441 5421
f 5421 4834 5440
f 4822 4834 5421
f 5443 5424 5426
f 5442 5424 5443
f 5424 5442 4836
f 4825 5424 4836
f 5445 5428 5427
f 5444 5445 5427
f 5427 4839 5444
f 4827 4839 5427
f 4840 5447 5446
f 4840 4833 5447
f 4833 5439 5447
f 4840 5446 4841
f 5449 5441 5440
f 5448 5449 5440
f 5440 4843 5448
f 4834 4843 5440
f 5443 5450 5442
f 5442 4844 4836
f 5442 5450 4844
f 5450 5451 4844
f 5451 5452 4844
f 4844 5452 4845
f 5452 5453 4845
f 4845 5453 4846
f 5453 5454 4846
f 4846 5454 4847
f 5456 5455 4848
f 5456 4848 5454
f 5454 4848 4847
f 4848 5455 4850
f 5445 5444 5457
f 5459 4851 5458
f 5457 4851 5459
f 5457 4839 4851
f 5457 5444 4839
f 4851 4852 5458
f 5446 4855 4854
f 5446 5447 4855
f 5447 5460 4855
f 5446 4854 4841
f 5448 4857 4858
f 5448 4858 5449
f 5449 4858 5461
f 5448 4843 4857
f 5456 5462 5455
f 5464 5463 4859
f 5462 5464 4859
f 5462 4859 4850
f 5462 4850 5455
f 4859 5463 4861
f 5467 5466 5465
f 5458 4863 4864
f 5459 5458 4864
f 5459 4864 5465
f 5459 5465 5466
f 5458 4852 4863
f 5470 5468 5469
f 5469 5468 4866
f 5469 4866 5460
f 5460 4866 4855
f 5473 5472 5471
f 5472 4868 5471
f 5472 5461 4868
f 5461 4858 4868
f 5475 5463 5464
f 5474 5463 5475
f 5463 5474 4869
f 4861 5463 4869
f 5477 5467 5465
f 5476 5477 5465
f 5465 4871 5476
f 4864 4871 5465
f 5479 5468 5470
f 5478 5468 5479
f 5468 5478 4873
f 4866 5468 4873
f 5481 5473 5471
f 5480 5481 5471
f 5471 4875 5480
f 4868 4875 5471
f 4877 5482 5483
f 4876 5482 4877
f 5482 4876 5484
f 4876 4878 5484
f 5474 5475 5484
f 5474 5484 4879
f 4879 5484 4878
f 5474 4879 4869
f 5487 5486 5485
f 5476 4881 4882
f 5477 5476 4882
f 5477 4882 5485
f 5477 5485 5486
f 5476 4871 4881
f 5478 4885 4884
f 5478 5479 4885
f 5479 5488 4885
f 5478 4884 4873
f 5490 5481 5480
f 5489 5490 5480
f 5480 4887 5489
f 4875 4887 5480
f 5493 5491 5492
f 4890 5492 5491
f 4890 4889 5492
f 4889 5494 5492
f 5494 4889 4877
f 5483 5494 4877
f 5496 5487 5485
f 5495 5496 5485
f 5485 4892 5495
f 4882 4892 5485
f 5499 5497 5498
f 4894 5498 5497
f 4894 4893 5498
f 4893 5500 5498
f 5500 4893 4885
f 5488 5500 4885
f 5490 5489 5501
f 5489 4887 4895
f 5489 4895 5501
f 5501 4895 5502
f 5502 4895 5503
f 4895 4896 5503
f 5503 4896 5504
f 4896 4897 5504
f 5504 4897 5505
f 4897 4898 5505
f 5505 4898 5506
f 4898 4899 5506
f 5506 4899 5507
f 4899 4900 5507
f 5509 4901 5508
f 5509 5507 4901
f 5507 4900 4901
f 4902 5508 4901
f 5510 5508 4902
f 4902 4904 5510
f 5513 5511 5512
f 4908 5512 5511
f 4908 4907 5512
f 4907 5514 5512
f 5491 5493 5514
f 5491 5514 4909
f 4909 5514 4907
f 5491 4909 4890
f 5496 5495 5515
f 5495 4892 4910
f 5495 4910 5515
f 5515 4910 5516
f 5516 4910 5517
f 4910 4911 5517
f 5517 4911 5518
f 4911 4912 5518
f 5518 4912 5519
f 4912 4913 5519
f 5519 4913 5520
f 4913 4914 5520
f 5520 4914 5521
f 4914 4915 5521
f 5521 4915 5522
f 4915 4916 5522
f 5522 4916 5523
f 4916 4917 5523
f 5523 4917 5524
f 4917 4918 5524
f 5524 4918 5525
f 4918 4919 5525
f 5525 4919 5526
f 4919 4920 5526
f 5526 4920 5527
f 4920 4921 5527
f 5497 5499 5527
f 5497 5527 4922
f 4922 5527 4921
f 5497 4922 4894
f 5509 5508 5528
f 5508 5510 5529
f 5528 5508 5529
f 5510 4904 4923
f 5510 4923 5529
f 5529 4923 5530
f 5530 4923 5531
f 4923 4924 5531
f 5511 5513 5531
f 5511 5531 4925
f 4925 5531 4924
f 5511 4925 4908
f 4928 4929 5532
f 4930 4928 5532
f 5533 4930 5532
f 5534 4932 4930
f 5534 4930 5535
f 5533 5536 4930
f 5536 5535 4930
f 4934 5534 5535
f 4934 5535 4933
f 5538 5537 5535
f 5537 4933 5535
f 4935 4933 5537
f 5539 4935 5537
f 5540 4937 4935
f 5540 4935 5541
f 5539 5542 4935
f 5542 5541 4935
f 4939 5540 5541
f 4939 5541 4938
f 5544 5543 5541
f 5543 4938 5541
f 4940 4938 5543
f 5545 4940 5543
f 4940 5545 4942
f 4946 5547 5546
f 4945 4946 5546
f 5546 5548 4945
f 4945 5548 4947
f 5548 5549 4947
f 4947 5549 4948
f 5549 5550 4948
f 4948 5550 4949
f 5550 5551 4949
f 4949 5551 4950
f 5551 5552 4950
f 4950 5552 4951
f 5552 5553 4951
f 4951 5553 4952
f 5553 5554 4952
f 4952 5554 4953
f 5554 5555 4953
f 4953 5555 4954
f 5555 5556 4954
f 4954 5556 4955
f 5556 5557 4955
f 4955 5557 4956
f 5557 5558 4956
f 4956 5558 4957
f 5558 5559 4957
f 4957 5559 4958
f 5559 5560 4958
f 4958 5560 4959
f 5560 5561 4959
f 4959 5561 4960
f 5561 5562 4960
f 4960 5562 4961
f 5562 5563 4961
f 4961 5563 4962
f 4929 5564 5532
f 4929 4962 5564
f 4962 5563 5564
f 5532 5565 5533
f 5564 5565 5532
f 5533 5565 5536
f 4932 5534 4963
f 5538 5566 5537
f 5534 4934 4963
f 5537 5567 5539
f 5566 5567 5537
f 5539 5567 5542
f 4937 5540 4964
f 5544 5568 5543
f 5540 4939 4964
f 5543 5569 5545
f 5568 5569 5543
f 5545 4965 4942
f 5545 5569 4965
f 5569 5570 4965
f 5570 5571 4965
f 4965 5571 4966
f 5571 5572 4966
f 4966 5572 4967
f 5572 5573 4967
f 4967 5573 4968
f 5573 5574 4968
f 4968 5574 4969
f 5574 5575 4969
f 4969 5575 4970
f 5575 5576 4970
f 4970 5576 4971
f 5576 5577 4971
f 4971 5577 4972
f 5577 5578 4972
f 4972 5578 4973
f 5578 5579 4973
f 4973 5579 4974
f 5579 5580 4974
f 4974 5580 4975
f 5580 5581 4975
f 4975 5581 4976
f 5581 5582 4976
f 4976 5582 4977
f 5582 5583 4977
f 4977 5583 4978
f 4978 5583 5584
f 4980 4978 5584
f 5547 4946 5585
f 5585 4946 4981
f 5584 4982 4980
f 5586 4982 5584
f 5586 5587 4982
f 4982 5587 4983
f 5587 5588 4983
f 4983 5588 4984
f 5590 5589 4985
f 5590 4985 5588
f 5588 4985 4984
f 4985 5589 4986
f 5585 4981 5591
f 5591 4981 4987
f 5590 5592 5589
f 5589 4988 4986
f 5589 5592 4988
f 5592 5593 4988
f 5595 5594 4990
f 5595 4990 5593
f 5593 4990 4988
f 4990 5594 4991
f 5591 4987 5596
f 5596 4987 4992
f 5595 5597 5594
f 5594 4993 4991
f 5594 5597 4993
f 5597 5598 4993
f 4993 5598 5599
f 4994 4993 5599
f 5596 4992 5600
f 5600 4992 4995
f 5599 4996 4994
f 5601 4996 5599
f 4996 5601 5602
f 4997 4996 5602
f 5600 4995 5603
f 5603 4995 4998
f 5606 5604 5605
f 5605 5604 5000
f 5605 5000 5602
f 5602 5000 4997
f 5002 5607 5608
f 5002 5608 4998
f 4998 5608 5603
f 5002 5003 5607
f 5611 5609 5610
f 5604 5006 5005
f 5606 5006 5604
f 5606 5609 5006
f 5606 5610 5609
f 5604 5005 5000
f 5608 5607 5612
f 5607 5003 5007
f 5607 5007 5612
f 5612 5007 5613
f 5007 5614 5613
f 5008 5614 5007
f 5617 5615 5616
f 5609 5011 5010
f 5611 5011 5609
f 5611 5615 5011
f 5611 5616 5615
f 5609 5010 5006
f 5614 5008 5012
f 5618 5614 5012
f 5012 5619 5618
f 5013 5619 5012
f 5016 5620 5621
f 5015 5620 5016
f 5615 5617 5620
f 5615 5620 5017
f 5017 5620 5015
f 5615 5017 5011
f 5619 5013 5018
f 5622 5619 5018
f 5624 5019 5623
f 5624 5622 5019
f 5622 5018 5019
f 5019 5020 5623
f 5023 5625 5626
f 5022 5625 5023
f 5625 5022 5016
f 5621 5625 5016
f 5624 5623 5627
f 5629 5024 5628
f 5627 5024 5629
f 5627 5020 5024
f 5627 5623 5020
f 5024 5026 5628
f 5632 5630 5631
f 5028 5631 5630
f 5028 5027 5631
f 5027 5633 5631
f 5633 5027 5634
f 5027 5029 5634
f 5634 5029 5023
f 5626 5634 5023
f 5629 5628 5635
f 5628 5026 5030
f 5628 5030 5635
f 5635 5030 5636
f 5636 5030 5637
f 5030 5031 5637
f 5031 5638 5637
f 5033 5638 5031
f 5036 5639 5640
f 5035 5639 5036
f 5639 5035 5641
f 5035 5037 5641
f 5641 5037 5642
f 5037 5038 5642
f 5630 5632 5642
f 5630 5642 5039
f 5039 5642 5038
f 5630 5039 5028
f 5638 5033 5040
f 5643 5638 5040
f 5643 5040 5644
f 5040 5041 5644
f 5644 5041 5645
f 5041 5042 5645
f 5645 5042 5646
f 5042 5043 5646
f 5043 5647 5646
f 5045 5647 5043
f 5047 5648 5048
f 5648 5649 5650
f 5648 5047 5649
f 5047 5049 5649
f 5649 5049 5651
f 5049 5051 5651
f 5652 5051 5053
f 5652 5653 5051
f 5653 5651 5051
f 5653 5652 5654
f 5640 5054 5036
f 5655 5054 5640
f 5655 5656 5054
f 5054 5656 5055
f 5055 5656 5657
f 5057 5055 5657
f 5647 5045 5058
f 5658 5647 5058
f 5658 5058 5659
f 5058 5059 5659
f 5659 5059 5660
f 5059 5060 5660
f 5662 5061 5661
f 5662 5660 5061
f 5660 5060 5061
f 5061 5063 5661
f 5071 5663 5664
f 5070 5663 5071
f 5663 5070 5665
f 5070 5073 5665
f 5667 5074 5666
f 5667 5665 5074
f 5665 5073 5074
f 5074 5075 5666
f 5648 5076 5048
f 5650 5076 5648
f 5650 5668 5076
f 5668 5077 5076
f 5668 5669 5077
f 5077 5669 5078
f 5053 5670 5652
f 5053 5078 5670
f 5078 5669 5670
f 5652 5670 5654
f 5079 5672 5671
f 5079 5057 5672
f 5057 5657 5672
f 5079 5671 5081
f 5662 5661 5673
f 5661 5063 5082
f 5661 5082 5673
f 5673 5082 5674
f 5676 5083 5675
f 5676 5674 5083
f 5674 5082 5083
f 5084 5675 5083
f 5677 5675 5084
f 5085 5677 5084
f 5678 5677 5085
f 5086 5678 5085
f 5679 5678 5086
f 5086 5088 5679
f 5680 5664 5681
f 5680 5090 5664
f 5090 5071 5664
f 5093 5680 5681
f 5093 5681 5092
f 5092 5681 5682
f 5666 5682 5667
f 5666 5095 5682
f 5095 5092 5682
f 5666 5075 5095
f 5684 5671 5672
f 5683 5671 5684
f 5671 5683 5104
f 5081 5671 5104
f 5686 5676 5675
f 5685 5686 5675
f 5675 5677 5685
f 5677 5687 5685
f 5677 5678 5687
f 5678 5688 5687
f 5107 5679 5106
f 5107 5688 5679
f 5688 5678 5679
f 5106 5679 5088
f 5109 5108 5689
f 5110 5689 5108
f 5690 5689 5110
f 5090 5690 5110
f 5090 5680 5690
f 5680 5691 5690
f 5111 5680 5093
f 5111 5692 5680
f 5692 5691 5680
f 5112 5692 5111
f 5693 5692 5112
f 5113 5693 5112
f 5694 5693 5113
f 5114 5694 5113
f 5695 5694 5114
f 5115 5695 5114
f 5696 5695 5115
f 5116 5696 5115
f 5697 5696 5116
f 5116 5118 5697
f 5121 5698 5122
f 5121 5124 5698
f 5700 5683 5684
f 5699 5683 5700
f 5683 5699 5129
f 5104 5683 5129
f 5702 5686 5685
f 5701 5702 5685
f 5685 5687 5701
f 5687 5703 5701
f 5687 5688 5703
f 5688 5704 5703
f 5130 5688 5107
f 5130 5705 5688
f 5705 5704 5688
f 5109 5705 5130
f 5109 5689 5705
f 5689 5706 5705
f 5689 5690 5706
f 5690 5707 5706
f 5690 5691 5707
f 5691 5708 5707
f 5691 5692 5708
f 5692 5709 5708
f 5692 5693 5709
f 5693 5710 5709
f 5693 5694 5710
f 5694 5711 5710
f 5694 5695 5711
f 5695 5712 5711
f 5695 5696 5712
f 5696 5713 5712
f 5696 5697 5713
f 5697 5714 5713
f 5131 5697 5118
f 5131 5715 5697
f 5715 5714 5697
f 5132 5715 5131
f 5716 5715 5132
f 5133 5716 5132
f 5717 5716 5133
f 5122 5717 5133
f 5122 5698 5717
f 5698 5718 5717
f 5134 5698 5124
f 5134 5719 5698
f 5719 5718 5698
f 5134 5136 5719
f 5721 5699 5700
f 5720 5699 5721
f 5699 5720 5140
f 5129 5699 5140
f 5723 5702 5701
f 5722 5723 5701
f 5701 5703 5722
f 5703 5724 5722
f 5703 5704 5724
f 5704 5725 5724
f 5143 5705 5142
f 5143 5725 5705
f 5725 5704 5705
f 5706 5142 5705
f 5145 5142 5706
f 5707 5145 5706
f 5147 5145 5707
f 5708 5147 5707
f 5149 5147 5708
f 5149 5726 5150
f 5149 5708 5726
f 5708 5709 5726
f 5709 5710 5726
f 5710 5727 5726
f 5710 5711 5727
f 5711 5728 5727
f 5711 5712 5728
f 5712 5729 5728
f 5712 5713 5729
f 5713 5730 5729
f 5713 5714 5730
f 5714 5731 5730
f 5714 5715 5731
f 5715 5732 5731
f 5733 5734 5732
f 5733 5732 5716
f 5716 5732 5715
f 5716 5717 5735
f 5733 5716 5735
f 5717 5718 5736
f 5735 5717 5736
f 5718 5719 5737
f 5736 5718 5737
f 5719 5136 5151
f 5719 5151 5737
f 5737 5151 5738
f 5738 5151 5739
f 5151 5152 5739
f 5739 5152 5740
f 5152 5153 5740
f 5720 5721 5740
f 5720 5740 5154
f 5154 5740 5153
f 5720 5154 5140
f 5743 5742 5741
f 5742 5745 5744
f 5741 5742 5744
f 5745 5723 5722
f 5745 5722 5744
f 5744 5722 5746
f 5722 5724 5746
f 5724 5747 5746
f 5157 5725 5156
f 5157 5747 5725
f 5747 5724 5725
f 5725 5143 5156
f 5748 5150 5726
f 5162 5150 5748
f 5726 5727 5748
f 5727 5749 5748
f 5727 5728 5749
f 5728 5750 5749
f 5728 5729 5750
f 5729 5751 5750
f 5729 5730 5751
f 5730 5752 5751
f 5730 5731 5752
f 5731 5753 5752
f 5731 5732 5753
f 5732 5754 5753
f 5734 5756 5755
f 5734 5755 5732
f 5732 5755 5754
f 5756 5757 5755
f 5760 5759 5758
f 5759 5743 5741
f 5759 5741 5758
f 5758 5741 5761
f 5741 5744 5761
f 5744 5762 5761
f 5744 5746 5762
f 5746 5763 5762
f 5165 5747 5164
f 5165 5763 5747
f 5763 5746 5747
f 5747 5157 5164
f 5748 5172 5162
f 5749 5172 5748
f 5174 5172 5749
f 5750 5174 5749
f 5176 5174 5750
f 5176 5764 5177
f 5176 5750 5764
f 5750 5751 5764
f 5751 5752 5764
f 5752 5765 5764
f 5752 5753 5765
f 5753 5766 5765
f 5753 5754 5766
f 5754 5767 5766
f 5754 5755 5767
f 5755 5768 5767
f 5757 5770 5769
f 5757 5769 5755
f 5755 5769 5768
f 5770 5772 5771
f 5769 5770 5771
f 5772 5774 5773
f 5771 5772 5773
f 5774 5775 5773
f 5777 5760 5758
f 5776 5777 5758
f 5758 5761 5776
f 5761 5778 5776
f 5761 5762 5778
f 5762 5779 5778
f 5180 5763 5179
f 5180 5779 5763
f 5779 5762 5763
f 5763 5165 5179
f 5764 5189 5177
f 5765 5189 5764
f 5191 5189 5765
f 5766 5191 5765
f 5193 5191 5766
f 5193 5780 5194
f 5193 5766 5780
f 5766 5767 5780
f 5767 5768 5780
f 5768 5781 5780
f 5768 5769 5781
f 5769 5782 5781
f 5769 5771 5782
f 5771 5783 5782
f 5771 5773 5783
f 5773 5784 5783
f 5775 5785 5784
f 5773 5775 5784
f 5788 5787 5786
f 5787 5777 5776
f 5787 5776 5786
f 5786 5776 5789
f 5197 5778 5196
f 5197 5789 5778
f 5789 5776 5778
f 5779 5196 5778
f 5199 5196 5779
f 5779 5180 5199
f 5790 5194 5780
f 5207 5194 5790
f 5780 5781 5790
f 5781 5791 5790
f 5781 5782 5791
f 5782 5792 5791
f 5782 5783 5792
f 5783 5793 5792
f 5783 5784 5793
f 5784 5794 5793
f 5785 5796 5795
f 5785 5795 5784
f 5784 5795 5794
f 5796 5798 5797
f 5795 5796 5797
f 5798 5800 5799
f 5797 5798 5799
f 5800 5801 5799
f 5804 5803 5802
f 5803 5788 5786
f 5803 5786 5802
f 5802 5786 5805
f 5210 5789 5209
f 5210 5805 5789
f 5805 5786 5789
f 5789 5197 5209
f 5790 5217 5207
f 5791 5217 5790
f 5219 5217 5791
f 5219 5806 5220
f 5219 5791 5806
f 5791 5792 5806
f 5792 5793 5806
f 5793 5807 5806
f 5793 5794 5807
f 5794 5808 5807
f 5794 5795 5808
f 5795 5809 5808
f 5795 5797 5809
f 5797 5810 5809
f 5797 5799 5810
f 5799 5811 5810
f 5801 5812 5811
f 5799 5801 5811
f 5815 5814 5813
f 5814 5804 5802
f 5814 5802 5813
f 5813 5802 5816
f 5223 5805 5222
f 5223 5816 5805
f 5816 5802 5805
f 5805 5210 5222
f 5806 5231 5220
f 5807 5231 5806
f 5233 5231 5807
f 5808 5233 5807
f 5235 5233 5808
f 5809 5235 5808
f 5237 5235 5809
f 5237 5817 5238
f 5237 5809 5817
f 5809 5810 5817
f 5810 5811 5817
f 5811 5818 5817
f 5812 5819 5818
f 5811 5812 5818
f 5821 5815 5813
f 5820 5821 5813
f 5813 5816 5820
f 5816 5822 5820
f 5816 5240 5822
f 5223 5240 5816
f 5817 5250 5238
f 5818 5250 5817
f 5252 5250 5818
f 5818 5254 5252
f 5818 5824 5254
f 5818 5819 5824
f 5823 5254 5824
f 5254 5823 5255
f 5826 5821 5820
f 5825 5826 5820
f 5258 5822 5257
f 5258 5825 5822
f 5825 5820 5822
f 5822 5240 5257
f 5828 5823 5824
f 5827 5823 5828
f 5823 5827 5269
f 5255 5823 5269
f 5830 5826 5825
f 5829 5830 5825
f 5825 5271 5829
f 5258 5271 5825
f 5832 5827 5828
f 5831 5827 5832
f 5827 5831 5280
f 5269 5827 5280
f 5835 5834 5833
f 5829 5282 5283
f 5830 5829 5283
f 5830 5283 5833
f 5830 5833 5834
f 5829 5271 5282
f 5837 5831 5832
f 5836 5831 5837
f 5831 5836 5293
f 5280 5831 5293
f 5839 5835 5833
f 5838 5839 5833
f 5833 5295 5838
f 5283 5295 5833
f 5841 5836 5837
f 5840 5836 5841
f 5836 5840 5301
f 5293 5836 5301
f 5843 5839 5838
f 5842 5843 5838
f 5838 5303 5842
f 5295 5303 5838
f 5840 5309 5308
f 5840 5841 5309
f 5841 5844 5309
f 5840 5308 5301
f 5846 5843 5842
f 5845 5846 5842
f 5842 5311 5845
f 5303 5311 5842
f 5849 5847 5848
f 5848 5847 5315
f 5848 5315 5844
f 5844 5315 5309
f 5846 5845 5850
f 5845 5851 5850
f 5845 5311 5851
f 5311 5317 5851
f 5853 5847 5849
f 5852 5847 5853
f 5847 5852 5320
f 5315 5847 5320
f 5851 5317 5321
f 5854 5851 5321
f 5854 5321 5855
f 5321 5322 5855
f 5855 5322 5856
f 5322 5323 5856
f 5858 5324 5857
f 5858 5856 5324
f 5856 5323 5324
f 5324 5325 5857
f 5861 5859 5860
f 5852 5327 5326
f 5853 5327 5852
f 5853 5859 5327
f 5853 5860 5859
f 5852 5326 5320
f 5858 5857 5862
f 5864 5328 5863
f 5862 5328 5864
f 5862 5325 5328
f 5862 5857 5325
f 5329 5863 5328
f 5865 5863 5329
f 5330 5865 5329
f 5866 5865 5330
f 5330 5332 5866
f 5868 5859 5861
f 5867 5859 5868
f 5859 5867 5333
f 5327 5859 5333
f 5864 5863 5869
f 5871 5869 5863
f 5871 5863 5870
f 5870 5863 5865
f 5865 5866 5870
f 5866 5872 5870
f 5332 5872 5866
f 5332 5873 5872
f 5332 5335 5873
f 5874 5872 5873
f 5335 5875 5873
f 5337 5875 5335
f 5867 5339 5338
f 5867 5868 5339
f 5868 5876 5339
f 5867 5338 5333
f 5342 5343 5877
f 5342 5877 5345
f 5871 5870 5878
f 5870 5872 5879
f 5878 5870 5879
f 5872 5874 5879
f 5875 5337 5347
f 5880 5875 5347
f 5880 5347 5881
f 5347 5348 5881
f 5883 5350 5882
f 5883 5881 5350
f 5881 5348 5350
f 5352 5882 5350
f 5884 5882 5352
f 5354 5884 5352
f 5885 5884 5354
f 5356 5885 5354
f 5886 5885 5356
f 5356 5357 5886
f 5889 5887 5888
f 5888 5887 5890
f 5360 5891 5892
f 5359 5891 5360
f 5359 5893 5891
f 5362 5893 5359
f 5363 5895 5894
f 5363 5339 5895
f 5339 5876 5895
f 5363 5894 5365
f 5898 5897 5896
f 5368 5896 5897
f 5368 5897 5367
f 5367 5897 5899
f 5901 5900 5369
f 5901 5369 5899
f 5899 5369 5367
f 5343 5369 5900
f 5343 5900 5877
f 5877 5900 5902
f 5370 5345 5877
f 5370 5877 5903
f 5903 5877 5902
f 5371 5370 5903
f 5904 5371 5903
f 5371 5904 5373
f 5883 5882 5905
f 5882 5884 5906
f 5905 5882 5906
f 5884 5885 5907
f 5906 5884 5907
f 5885 5886 5908
f 5907 5885 5908
f 5910 5375 5909
f 5908 5375 5910
f 5908 5357 5375
f 5908 5886 5357
f 5376 5909 5375
f 5376 5911 5909
f 5912 5887 5889
f 5911 5377 5913
f 5911 5376 5377
f 5887 5912 5890
f 5913 5914 5915
f 5913 5377 5914
f 5377 5378 5914
f 5914 5378 5916
f 5378 5379 5916
f 5379 5917 5916
f 5380 5917 5379
f 5382 5918 5919
f 5381 5918 5382
f 5918 5381 5920
f 5381 5384 5920
f 5920 5384 5921
f 5920 5921 5923
f 5384 5360 5921
f 5922 5921 5892
f 5360 5892 5921
f 5922 5386 5921
f 5922 5893 5386
f 5893 5362 5386
f 5925 5894 5895
f 5924 5894 5925
f 5894 5924 5388
f 5365 5894 5388
f 5928 5927 5926
f 5898 5926 5927
f 5898 5391 5926
f 5898 5896 5391
f 5390 5391 5896
f 5930 5931 5929
f 5930 5932 5933
f 5930 5929 5932
f 5390 5896 5368
f 5933 5932 5935
f 5901 5934 5900
f 5900 5936 5902
f 5934 5936 5900
f 5938 5902 5936
f 5938 5903 5902
f 5393 5937 5394
f 5393 5939 5937
f 5393 5396 5939
f 5938 5940 5903
f 5940 5904 5903
f 5939 5396 5373
f 5939 5373 5941
f 5904 5940 5373
f 5940 5941 5373
f 5910 5909 5942
f 5909 5911 5943
f 5942 5909 5943
f 5943 5399 5944
f 5943 5913 5399
f 5943 5911 5913
f 5398 5399 5913
f 5915 5398 5913
f 5915 5945 5398
f 5945 5400 5398
f 5945 5946 5400
f 5400 5946 5401
f 5946 5380 5401
f 5917 5380 5946
f 5919 5402 5382
f 5947 5402 5919
f 5947 5948 5402
f 5402 5948 5403
f 5921 5948 5923
f 5921 5404 5948
f 5404 5403 5948
f 5921 5386 5404
f 5950 5924 5925
f 5949 5924 5950
f 5924 5949 5406
f 5388 5924 5406
f 5926 5408 5409
f 5926 5409 5928
f 5928 5409 5951
f 5929 5953 5952
f 5929 5931 5953
f 5926 5391 5408
f 5929 5952 5932
f 5932 5952 5954
f 5935 5955 5956
f 5935 5932 5955
f 5932 5954 5955
f 5412 5956 5955
f 5412 5411 5956
f 5411 5957 5956
f 5394 5937 5958
f 5394 5958 5411
f 5411 5958 5957
f 5960 5958 5415
f 5960 5415 5959
f 5958 5937 5415
f 5414 5415 5939
f 5937 5939 5415
f 5414 5939 5941
f 5414 5941 5417
f 5960 5959 5941
f 5959 5417 5941
f 5963 5962 5961
f 5962 5965 5964
f 5961 5962 5964
f 5965 5966 5964
f 5423 5968 5967
f 5422 5423 5967
f 5967 5399 5422
f 5944 5399 5967
f 5949 5426 5425
f 5949 5950 5426
f 5950 5969 5426
f 5949 5425 5406
f 5972 5971 5970
f 5971 5428 5970
f 5971 5951 5428
f 5951 5409 5428
f 5953 5973 5952
f 5952 5974 5954
f 5973 5974 5952
f 5954 5975 5955
f 5974 5975 5954
f 5955 5429 5412
f 5955 5975 5429
f 5975 5976 5429
f 5976 5977 5429
f 5429 5977 5430
f 5415 5978 5959
f 5415 5430 5978
f 5430 5977 5978
f 5959 5431 5417
f 5959 5978 5431
f 5978 5979 5431
f 5979 5980 5431
f 5431 5980 5432
f 5980 5981 5432
f 5432 5981 5433
f 5981 5982 5433
f 5433 5982 5434
f 5982 5983 5434
f 5434 5983 5435
f 5961 5983 5963
f 5961 5436 5983
f 5436 5435 5983
f 5964 5436 5961
f 5437 5436 5964
f 5964 5438 5437
f 5964 5985 5438
f 5964 5966 5985
f 5984 5438 5985
f 5438 5984 5439
f 5988 5987 5986
f 5987 5441 5986
f 5987 5968 5441
f 5968 5423 5441
f 5991 5989 5990
f 5990 5989 5443
f 5990 5443 5969
f 5969 5443 5426
f 5972 5970 5992
f 5970 5993 5992
f 5970 5428 5993
f 5428 5445 5993
f 5995 5984 5985
f 5994 5984 5995
f 5984 5994 5447
f 5439 5984 5447
f 5997 5988 5986
f 5996 5997 5986
f 5986 5449 5996
f 5441 5449 5986
f 5991 5998 5989
f 5989 5450 5443
f 5989 5998 5450
f 5998 5999 5450
f 5999 6000 5450
f 5450 6000 5451
f 6002 6001 5452
f 6002 5452 6000
f 6000 5452 5451
f 5453 5452 6001
f 6003 5453 6001
f 5454 5453 6003
f 6004 5454 6003
f 5454 6004 5456
f 5457 6005 6006
f 5457 6006 5445
f 5445 6006 5993
f 5457 5459 6005
f 6008 5994 5995
f 6007 5994 6008
f 5994 6007 5460
f 5447 5994 5460
f 6010 5997 5996
f 6009 6010 5996
f 5996 5461 6009
f 5449 5461 5996
f 6002 6011 6001
f 6001 6012 6003
f 6011 6012 6001
f 6003 6013 6004
f 6012 6013 6003
f 6015 6014 5462
f 6013 6015 5462
f 6013 5462 5456
f 6013 5456 6004
f 5462 6014 5464
f 6018 6017 6016
f 6005 5466 5467
f 6006 6005 5467
f 6006 5467 6016
f 6006 6016 6017
f 6005 5459 5466
f 6007 5470 5469
f 6007 6008 5470
f 6008 6019 5470
f 6007 5469 5460
f 6022 6021 6020
f 6009 5472 5473
f 6010 6009 5473
f 6010 5473 6020
f 6010 6020 6021
f 6009 5461 5472
f 6024 6014 6015
f 6023 6014 6024
f 6014 6023 5475
f 5464 6014 5475
f 6026 6018 6016
f 6025 6026 6016
f 6016 5477 6025
f 5467 5477 6016
f 6029 6027 6028
f 6028 6027 5479
f 6028 5479 6019
f 6019 5479 5470
f 6022 6020 6030
f 6020 6031 6030
f 6020 5473 6031
f 5473 5481 6031
f 5483 6032 6033
f 5482 6032 5483
f 6023 6024 6032
f 6023 6032 5484
f 5484 6032 5482
f 6023 5484 5475
f 6036 6035 6034
f 6025 5486 5487
f 6026 6025 5487
f 6026 5487 6034
f 6026 6034 6035
f 6025 5477 5486
f 6038 6027 6029
f 6037 6027 6038
f 6027 6037 5488
f 5479 6027 5488
f 6031 5481 6039
f 6039 5481 5490
f 5493 6040 6041
f 5492 6040 5493
f 6040 5492 6042
f 5492 5494 6042
f 6042 5494 5483
f 6033 6042 5483
f 6044 6036 6034
f 6043 6044 6034
f 6034 5496 6043
f 5487 5496 6034
f 5499 6045 6046
f 5498 6045 5499
f 6037 6038 6045
f 6037 6045 5500
f 5500 6045 5498
f 6037 5500 5488
f 6039 5490 5501
f 6047 6039 5501
f 6047 5501 6048
f 5501 5502 6048
f 6048 5502 6049
f 5502 5503 6049
f 6049 5503 6050
f 5503 5504 6050
f 6050 5504 6051
f 5504 5505 6051
f 6053 5506 6052
f 6053 6051 5506
f 6051 5505 5506
f 5507 6052 5506
f 6054 6052 5507
f 5507 5509 6054
f 5513 6055 6056
f 5512 6055 5513
f 6055 5512 6057
f 5512 5514 6057
f 6057 5514 5493
f 6041 6057 5493
f 6044 6043 6058
f 6043 5496 5515
f 6043 5515 6058
f 6058 5515 6059
f 6059 5515 6060
f 5515 5516 6060
f 6060 5516 6061
f 5516 5517 6061
f 6061 5517 6062
f 5517 5518 6062
f 6062 5518 6063
f 5518 5519 6063
f 6063 5519 6064
f 5519 5520 6064
f 6064 5520 6065
f 5520 5521 6065
f 6065 5521 6066
f 5521 5522 6066
f 6066 5522 6067
f 5522 5523 6067
f 6067 5523 6068
f 5523 5524 6068
f 6068 5524 6069
f 5524 5525 6069
f 6069 5525 6070
f 5525 5526 6070
f 6070 5526 6071
f 5526 5527 6071
f 6071 5527 5499
f 6046 6071 5499
f 6053 6052 6072
f 6052 6054 6073
f 6072 6052 6073
f 6054 5509 5528
f 6054 5528 6073
f 6073 5528 6074
f 6076 5529 6075
f 6076 6074 5529
f 6074 5528 5529
f 6075 6077 6078
f 6075 5529 6077
f 5529 5530 6077
f 6077 5530 6079
f 5530 5531 6079
f 6079 5531 5513
f 6056 6079 5513
f 6076 6075 6080
f 6075 6078 6080
f 5535 5536 6081
f 5535 6081 5538
f 5541 5542 6082
f 5541 6082 5544
f 5547 6084 6083
f 5546 5547 6083
f 6083 6085 5546
f 5546 6085 5548
f 6085 6086 5548
f 5548 6086 5549
f 6086 6087 5549
f 5549 6087 5550
f 6087 6088 5550
f 5550 6088 5551
f 6088 6089 5551
f 5551 6089 5552
f 6089 6090 5552
f 5552 6090 5553
f 6090 6091 5553
f 5553 6091 5554
f 6091 6092 5554
f 5554 6092 5555
f 6092 6093 5555
f 5555 6093 5556
f 6093 6094 5556
f 5556 6094 5557
f 6094 6095 5557
f 5557 6095 5558
f 6095 6096 5558
f 5558 6096 5559
f 6096 6097 5559
f 5559 6097 5560
f 6097 6098 5560
f 5560 6098 5561
f 6098 6099 5561
f 5561 6099 5562
f 6099 6100 5562
f 5562 6100 5563
f 6100 6101 5563
f 5563 6101 5564
f 6101 6102 5564
f 5564 6102 5565
f 5536 6103 6081
f 5536 5565 6103
f 5565 6102 6103
f 6081 5566 5538
f 6081 6103 5566
f 6103 6104 5566
f 6104 6105 5566
f 5566 6105 5567
f 5542 6106 6082
f 5542 5567 6106
f 5567 6105 6106
f 6082 5568 5544
f 6082 6106 5568
f 6106 6107 5568
f 6107 6108 5568
f 5568 6108 5569
f 6108 6109 5569
f 5569 6109 5570
f 6109 6110 5570
f 5570 6110 5571
f 6110 6111 5571
f 5571 6111 5572
f 6111 6112 5572
f 5572 6112 5573
f 6112 6113 5573
f 5573 6113 5574
f 6113 6114 5574
f 5574 6114 5575
f 6114 6115 5575
f 5575 6115 5576
f 6115 6116 5576
f 5576 6116 5577
f 6116 6117 5577
f 5577 6117 5578
f 6117 6118 5578
f 5578 6118 5579
f 6118 6119 5579
f 5579 6119 5580
f 6119 6120 5580
f 5580 6120 5581
f 6120 6121 5581
f 5581 6121 5582
f 6121 6122 5582
f 5582 6122 5583
f 6123 5584 5583
f 6123 5583 6124
f 6124 5583 6122
f 6124 6125 6123
f 6084 5547 6126
f 6126 5547 5585
f 6123 5586 5584
f 6125 5586 6123
f 6125 6127 5586
f 6127 5587 5586
f 6127 6128 5587
f 5587 6128 5588
f 6129 5590 5588
f 6129 5588 6130
f 6130 5588 6128
f 6130 6131 6129
f 6126 5585 6132
f 6132 5585 5591
f 6129 5592 5590
f 6131 5592 6129
f 6131 6133 5592
f 6133 5593 5592
f 5593 6133 6134
f 5595 5593 6134
f 6132 5591 6135
f 6135 5591 5596
f 6134 5597 5595
f 6136 5597 6134
f 6136 6137 5597
f 5597 6137 5598
f 5598 6137 6138
f 5599 5598 6138
f 6135 5596 6139
f 6139 5596 5600
f 5601 6141 6140
f 5601 5599 6141
f 5599 6138 6141
f 5601 6140 5602
f 6139 5600 6142
f 6142 5600 5603
f 6145 6143 6144
f 6140 5606 5605
f 6141 5606 6140
f 6141 6143 5606
f 6141 6144 6143
f 6140 5605 5602
f 6142 5603 6146
f 6146 5603 5608
f 6143 5611 5610
f 6143 6145 5611
f 6145 6147 5611
f 6143 5610 5606
f 6146 5608 5612
f 6148 6146 5612
f 6150 5613 6149
f 6150 6148 5613
f 6148 5612 5613
f 5613 5614 6149
f 5617 6151 6152
f 5616 6151 5617
f 6151 5616 5611
f 6147 6151 5611
f 6150 6149 6153
f 6149 5614 5618
f 6149 5618 6153
f 6153 5618 6154
f 5618 6155 6154
f 5619 6155 5618
f 6158 6156 6157
f 5621 6157 6156
f 5621 5620 6157
f 5620 6159 6157
f 6159 5620 5617
f 6152 6159 5617
f 6155 5619 5622
f 6160 6155 5622
f 5622 6161 6160
f 5624 6161 5622
f 6164 6162 6163
f 6156 5626 5625
f 6158 5626 6156
f 6158 6162 5626
f 6158 6163 6162
f 6156 5625 5621
f 6161 5624 5627
f 6165 6161 5627
f 5627 6166 6165
f 5629 6166 5627
f 5632 6167 6168
f 5631 6167 5632
f 6167 5631 6169
f 5631 5633 6169
f 6162 6164 6169
f 6162 6169 5634
f 5634 6169 5633
f 6162 5634 5626
f 6166 5629 5635
f 6170 6166 5635
f 6170 5635 6171
f 5635 5636 6171
f 6171 5636 6172
f 5636 5637 6172
f 5637 6173 6172
f 5638 6173 5637
f 5639 6174 5640
f 6174 6175 6176
f 6174 5639 6175
f 5639 5641 6175
f 6175 5641 6177
f 5641 5642 6177
f 6177 5642 5632
f 6168 6177 5632
f 6173 5638 5643
f 6178 6173 5643
f 6178 5643 6179
f 5643 5644 6179
f 6179 5644 6180
f 5644 5645 6180
f 6180 5645 6181
f 5645 5646 6181
f 5646 6182 6181
f 5647 6182 5646
f 5650 6183 6184
f 5649 6183 5650
f 6183 5649 6185
f 5649 5651 6185
f 6187 5653 6186
f 6187 6185 5653
f 6185 5651 5653
f 6186 5653 5654
f 6190 6188 6189
f 6191 6189 6188
f 6191 6192 6189
f 6174 5655 5640
f 6191 6193 6176
f 6191 6176 6192
f 6193 5656 6176
f 6174 6176 5655
f 5656 5655 6176
f 5656 6193 5657
f 6182 5647 5658
f 6194 6182 5658
f 6194 5658 6195
f 5658 5659 6195
f 6197 5660 6196
f 6197 6195 5660
f 6195 5659 5660
f 5660 5662 6196
f 5664 6198 6199
f 5663 6198 5664
f 6198 5663 6200
f 5663 5665 6200
f 5665 6201 6200
f 5667 6201 5665
f 6184 5668 5650
f 6202 5668 6184
f 6202 6203 5668
f 5668 6203 5669
f 6186 6203 6187
f 6186 5670 6203
f 5670 5669 6203
f 6190 6204 6188
f 6186 5654 5670
f 6188 6205 6191
f 6204 6205 6188
f 6207 6191 6205
f 6207 6206 6191
f 6206 6193 6191
f 6193 6206 5672
f 5657 6193 5672
f 6197 6196 6208
f 6210 5673 6209
f 6208 5673 6210
f 6208 5662 5673
f 6208 6196 5662
f 5674 6209 5673
f 6211 6209 5674
f 5674 5676 6211
f 6199 5681 5664
f 6212 5681 6199
f 6212 6213 5681
f 5681 6213 5682
f 6213 5667 5682
f 6201 5667 6213
f 6215 6206 6207
f 6214 6206 6215
f 6206 6214 5684
f 5672 6206 5684
f 6217 6210 6209
f 6216 6217 6209
f 6209 6211 6216
f 6211 6218 6216
f 6211 5686 6218
f 5676 5686 6211
f 6220 6214 6215
f 6219 6214 6220
f 6214 6219 5700
f 5684 6214 5700
f 6222 6217 6216
f 6221 6222 6216
f 6216 6218 6221
f 6218 6223 6221
f 6218 5702 6223
f 5686 5702 6218
f 6225 6219 6220
f 6224 6219 6225
f 6219 6224 5721
f 5700 6219 5721
f 6228 6227 6226
f 6227 6222 6221
f 6227 6221 6226
f 6226 6221 6229
f 6221 6223 6229
f 6223 6230 6229
f 6223 5723 6230
f 5702 5723 6223
f 5733 6231 5734
f 5735 6231 5733
f 6232 6231 5735
f 5736 6232 5735
f 6233 6232 5736
f 5737 6233 5736
f 6234 6233 5737
f 5738 6234 5737
f 6235 6234 5738
f 5739 6235 5738
f 6236 6235 5739
f 6236 6225 6237
f 6236 5740 6225
f 6236 5739 5740
f 5740 6224 6225
f 6224 5740 5721
f 6240 6239 6238
f 6239 6242 6241
f 6238 6239 6241
f 6242 6228 6226
f 6242 6226 6241
f 6241 6226 6243
f 5743 6229 5742
f 5743 6243 6229
f 6243 6226 6229
f 6230 5742 6229
f 5745 5742 6230
f 6230 5723 5745
f 6231 5756 5734
f 5756 6244 5757
f 5756 6231 6244
f 6231 6232 6244
f 6232 6233 6244
f 6233 6245 6244
f 6233 6234 6245
f 6234 6246 6245
f 6234 6235 6246
f 6235 6247 6246
f 6235 6236 6247
f 6236 6248 6247
f 6237 6249 6248
f 6236 6237 6248
f 6252 6251 6250
f 6251 6240 6238
f 6251 6238 6250
f 6250 6238 6253
f 6238 6241 6253
f 6241 6254 6253
f 5760 6243 5759
f 5760 6254 6243
f 6254 6241 6243
f 6243 5743 5759
f 6244 5770 5757
f 6245 5770 6244
f 5772 5770 6245
f 6246 5772 6245
f 5774 5772 6246
f 5774 6255 5775
f 5774 6246 6255
f 6246 6247 6255
f 6247 6248 6255
f 6248 6256 6255
f 6249 6258 6257
f 6249 6257 6248
f 6248 6257 6256
f 6258 6259 6257
f 6261 6252 6250
f 6260 6261 6250
f 6250 6253 6260
f 6253 6262 6260
f 6253 6254 6262
f 6254 6263 6262
f 6254 5777 6263
f 5760 5777 6254
f 6264 5775 6255
f 5785 5775 6264
f 6255 6256 6264
f 6256 6265 6264
f 6256 6257 6265
f 6257 6266 6265
f 6259 6267 6266
f 6257 6259 6266
f 6270 6269 6268
f 6269 6261 6260
f 6269 6260 6268
f 6268 6260 6271
f 6260 6262 6271
f 6262 6272 6271
f 5788 6263 5787
f 5788 6272 6263
f 6272 6262 6263
f 6263 5777 5787
f 6264 5796 5785
f 6265 5796 6264
f 5798 5796 6265
f 6266 5798 6265
f 5800 5798 6266
f 5800 6266 6267
f 5800 6267 5801
f 5801 6267 6273
f 6275 6270 6268
f 6274 6275 6268
f 6268 6271 6274
f 6271 6276 6274
f 5804 6272 5803
f 5804 6276 6272
f 6276 6271 6272
f 6272 5788 5803
f 6279 6277 6278
f 6278 6277 5812
f 6278 5812 6273
f 6273 5812 5801
f 6281 6275 6274
f 6280 6281 6274
f 5815 6276 5814
f 5815 6280 6276
f 6280 6274 6276
f 6276 5804 5814
f 6283 6277 6279
f 6282 6277 6283
f 6277 6282 5819
f 5812 6277 5819
f 6285 6281 6280
f 6284 6285 6280
f 6280 5821 6284
f 5815 5821 6280
f 6283 6286 6282
f 6282 6286 6287
f 6282 6287 5819
f 5819 6287 5824
f 6289 6285 6284
f 6288 6289 6284
f 6284 5826 6288
f 5821 5826 6284
f 6292 6290 6291
f 6291 6290 5828
f 6291 5828 6287
f 6287 5828 5824
f 6295 6294 6293
f 6294 6289 6288
f 6294 6288 6293
f 6293 6288 6296
f 6288 5830 6296
f 5826 5830 6288
f 6298 6290 6292
f 6297 6290 6298
f 6290 6297 5832
f 5828 6290 5832
f 6300 6295 6293
f 6299 6300 6293
f 5835 6296 5834
f 5835 6299 6296
f 6299 6293 6296
f 6296 5830 5834
f 6302 6297 6298
f 6301 6297 6302
f 6297 6301 5837
f 5832 6297 5837
f 6304 6300 6299
f 6303 6304 6299
f 6299 5839 6303
f 5835 5839 6299
f 6306 6301 6302
f 6305 6301 6306
f 6301 6305 5841
f 5837 6301 5841
f 6308 6304 6303
f 6307 6308 6303
f 6303 5843 6307
f 5839 5843 6303
f 6310 6305 6306
f 6309 6305 6310
f 6305 6309 5844
f 5841 6305 5844
f 6313 6312 6311
f 6312 6308 6307
f 6312 6307 6311
f 6311 6307 6314
f 6307 5846 6314
f 5843 5846 6307
f 6309 5849 5848
f 6309 6310 5849
f 6310 6315 5849
f 6309 5848 5844
f 6313 6311 6316
f 6311 6314 6317
f 6316 6311 6317
f 6319 5850 6318
f 6317 5850 6319
f 6317 5846 5850
f 6317 6314 5846
f 5850 5851 6318
f 6322 6320 6321
f 6321 6320 5853
f 6321 5853 6315
f 6315 5853 5849
f 6319 6318 6323
f 6318 5851 5854
f 6318 5854 6323
f 6323 5854 6324
f 6324 5854 6325
f 5854 5855 6325
f 6327 5856 6326
f 6327 6325 5856
f 6325 5855 5856
f 5856 5858 6326
f 6320 5861 5860
f 6320 6322 5861
f 6322 6328 5861
f 6320 5860 5853
f 6327 6326 6329
f 6331 5862 6330
f 6329 5862 6331
f 6329 5858 5862
f 6329 6326 5858
f 5862 5864 6330
f 6334 6332 6333
f 6333 6332 5868
f 6333 5868 6328
f 6328 5868 5861
f 6331 6330 6335
f 6330 5864 5869
f 6330 5869 6335
f 6335 5869 6336
f 6337 5869 5871
f 6337 6338 5869
f 6338 6336 5869
f 6338 6339 6340
f 6337 6339 6338
f 5874 6340 6339
f 5874 5873 6340
f 5873 6341 6340
f 6342 5873 5875
f 6342 6343 5873
f 6343 6341 5873
f 6343 6344 6345
f 6342 6344 6343
f 6345 6344 6346
f 6348 6332 6334
f 6347 6332 6348
f 6332 6347 5876
f 5868 6332 5876
f 6337 5871 5878
f 6339 6337 5878
f 5879 6339 5878
f 6339 5879 5874
f 6350 6349 6351
f 6352 6349 5875
f 6352 5875 5880
f 6349 6350 5875
f 6342 5875 6353
f 6350 6353 5875
f 5880 6354 6352
f 5880 5881 6354
f 6353 6355 6342
f 6355 6344 6342
f 6355 6346 6344
f 6354 5881 5883
f 5888 6356 5889
f 6356 5888 5890
f 6359 6357 6358
f 6358 6360 6361
f 6357 6360 6358
f 6361 6360 6362
f 5892 6363 6364
f 5891 6363 5892
f 5891 6365 6363
f 5893 6365 5891
f 6367 6347 6348
f 6366 6347 6367
f 6347 6366 5895
f 5876 6347 5895
f 5897 5898 6368
f 5899 5897 6368
f 6369 5899 6368
f 5899 6369 5901
f 6371 6351 6349
f 6370 6371 6349
f 6349 6352 6370
f 6352 6372 6370
f 6373 6374 6372
f 6373 6372 6354
f 6354 6372 6352
f 6354 5883 5905
f 6354 5905 6373
f 6373 5905 6375
f 6377 5906 6376
f 6377 6375 5906
f 6375 5905 5906
f 5907 6376 5906
f 6378 6376 5907
f 5908 6378 5907
f 6379 6378 5908
f 5908 5910 6379
f 6356 5912 5889
f 6359 6380 6357
f 6356 5890 5912
f 6382 6357 6380
f 6382 6360 6357
f 5914 6381 5915
f 6362 6360 6382
f 6383 6384 5914
f 6383 5914 5916
f 5914 6384 6381
f 6385 5916 5917
f 6385 6386 5916
f 6386 6383 5916
f 6388 6386 6385
f 6387 5919 5918
f 5920 6387 5918
f 6389 6387 5920
f 5922 6364 6390
f 5922 5892 6364
f 5920 5923 6389
f 6390 5893 5922
f 6365 5893 6390
f 6392 6366 6367
f 6391 6366 6392
f 6366 6391 5925
f 5895 6366 5925
f 5927 5928 6393
f 5931 5930 6368
f 5931 6368 6393
f 5898 5927 6368
f 5927 6393 6368
f 6369 6368 6396
f 6369 6396 6395
f 6368 5930 6396
f 6394 6396 5933
f 5930 5933 6396
f 6394 5933 5935
f 6369 6395 5901
f 6395 5934 5901
f 6395 6397 5934
f 6397 6398 5934
f 5934 6398 5936
f 6398 6399 5936
f 5936 6399 5938
f 6401 6400 5940
f 6401 5940 6399
f 6399 5940 5938
f 5940 6400 5941
f 6404 6403 6402
f 6403 6405 6402
f 6371 6370 6406
f 6370 6372 6407
f 6406 6370 6407
f 6372 6374 6407
f 6377 6376 6408
f 6376 6378 6409
f 6408 6376 6409
f 6378 6379 6410
f 6409 6378 6410
f 6379 5910 5942
f 6379 5942 6410
f 6410 5942 6411
f 6411 5942 6412
f 5942 5943 6412
f 5943 6413 6412
f 5944 6413 5943
f 6381 5945 5915
f 6384 5945 6381
f 6384 6414 5945
f 6414 5946 5945
f 5917 6415 6385
f 5917 5946 6415
f 5946 6414 6415
f 6385 6415 6388
f 5919 6387 5947
f 6389 5947 6387
f 5948 5947 6389
f 6389 5923 5948
f 6417 6391 6392
f 6416 6391 6417
f 6391 6416 5950
f 5925 6391 5950
f 6418 6393 5928
f 5951 6418 5928
f 6393 6418 5953
f 5931 6393 5953
f 6396 6394 6419
f 6394 5935 5956
f 6394 5956 6419
f 6419 5956 6420
f 6420 5956 6421
f 5956 5957 6421
f 6421 5957 6422
f 5957 5958 6422
f 6400 6401 6422
f 6400 6422 5960
f 5960 6422 5958
f 6400 5960 5941
f 6424 6404 6402
f 6423 6424 6402
f 6405 6426 6425
f 6405 6425 6402
f 6402 6425 6423
f 5963 6425 6426
f 5963 6426 5962
f 5962 6426 6427
f 6429 6428 5965
f 6429 5965 6427
f 6427 5965 5962
f 5965 6428 5966
f 6432 6431 6430
f 5968 6430 6431
f 5968 6431 5967
f 5967 6431 6433
f 6433 5944 5967
f 6413 5944 6433
f 6435 6416 6417
f 6434 6416 6435
f 6416 6434 5969
f 5950 6416 5969
f 5972 6437 6436
f 5971 5972 6436
f 5951 6438 6418
f 5951 5971 6438
f 5971 6436 6438
f 6418 5973 5953
f 6418 6438 5973
f 6438 6439 5973
f 6439 6440 5973
f 5973 6440 5974
f 6440 6441 5974
f 5974 6441 5975
f 6441 6442 5975
f 5975 6442 5976
f 6442 6443 5976
f 5976 6443 5977
f 6443 6444 5977
f 5977 6444 5978
f 6444 6445 5978
f 5978 6445 5979
f 6447 6446 5980
f 6447 5980 6445
f 6445 5980 5979
f 6446 6449 6448
f 6446 6448 5980
f 5980 6448 5981
f 6423 6448 6424
f 6423 5982 6448
f 5982 5981 6448
f 6425 5982 6423
f 5983 5982 6425
f 6425 5963 5983
f 6451 6428 6429
f 6450 6428 6451
f 6428 6450 5985
f 5966 6428 5985
f 6454 6453 6452
f 6430 5987 5988
f 6432 6430 5988
f 6432 5988 6452
f 6432 6452 6453
f 6430 5968 5987
f 6457 6455 6456
f 6434 5991 5990
f 6435 5991 6434
f 6435 6455 5991
f 6435 6456 6455
f 6434 5990 5969
f 5992 6458 6459
f 5992 6459 5972
f 5972 6459 6437
f 5992 5993 6458
f 6447 6460 6446
f 6446 6460 6449
f 6462 6450 6451
f 6461 6450 6462
f 6450 6461 5995
f 5985 6450 5995
f 6464 6454 6452
f 6463 6464 6452
f 6452 5997 6463
f 5988 5997 6452
f 6457 6465 6455
f 6467 6466 5998
f 6465 6467 5998
f 6465 5998 5991
f 6465 5991 6455
f 5999 5998 6466
f 6468 5999 6466
f 6000 5999 6468
f 6469 6000 6468
f 6000 6469 6002
f 6471 6459 6458
f 6470 6471 6458
f 6458 6006 6470
f 5993 6006 6458
f 6473 6461 6462
f 6472 6461 6473
f 6461 6472 6008
f 5995 6461 6008
f 6475 6464 6463
f 6474 6475 6463
f 6463 6010 6474
f 5997 6010 6463
f 6467 6476 6466
f 6466 6477 6468
f 6476 6477 6466
f 6468 6478 6469
f 6477 6478 6468
f 6469 6011 6002
f 6469 6478 6011
f 6478 6479 6011
f 6479 6480 6011
f 6011 6480 6012
f 6482 6481 6013
f 6482 6013 6480
f 6480 6013 6012
f 6013 6481 6015
f 6470 6017 6018
f 6470 6018 6471
f 6471 6018 6483
f 6470 6006 6017
f 6485 6472 6473
f 6484 6472 6485
f 6472 6484 6019
f 6008 6472 6019
f 6474 6021 6022
f 6474 6022 6475
f 6475 6022 6486
f 6474 6010 6021
f 6482 6487 6481
f 6481 6487 6488
f 6481 6488 6015
f 6015 6488 6024
f 6491 6490 6489
f 6490 6026 6489
f 6490 6483 6026
f 6483 6018 6026
f 6494 6492 6493
f 6484 6029 6028
f 6485 6029 6484
f 6485 6492 6029
f 6485 6493 6492
f 6484 6028 6019
f 6030 6495 6496
f 6030 6496 6022
f 6022 6496 6486
f 6030 6031 6495
f 6033 6497 6498
f 6032 6497 6033
f 6497 6032 6024
f 6488 6497 6024
f 6489 6035 6036
f 6489 6036 6491
f 6491 6036 6499
f 6489 6026 6035
f 6501 6492 6494
f 6500 6492 6501
f 6492 6500 6038
f 6029 6492 6038
f 6503 6496 6495
f 6502 6503 6495
f 6495 6039 6502
f 6031 6039 6495
f 6041 6504 6505
f 6040 6504 6041
f 6504 6040 6506
f 6040 6042 6506
f 6506 6042 6033
f 6498 6506 6033
f 6509 6508 6507
f 6508 6044 6507
f 6508 6499 6044
f 6499 6036 6044
f 6512 6510 6511
f 6500 6046 6045
f 6501 6046 6500
f 6501 6510 6046
f 6501 6511 6510
f 6500 6045 6038
f 6503 6502 6513
f 6502 6039 6047
f 6502 6047 6513
f 6513 6047 6514
f 6514 6047 6515
f 6047 6048 6515
f 6515 6048 6516
f 6048 6049 6516
f 6516 6049 6517
f 6049 6050 6517
f 6519 6051 6518
f 6519 6517 6051
f 6517 6050 6051
f 6051 6053 6518
f 6056 6520 6521
f 6055 6520 6056
f 6520 6055 6522
f 6055 6057 6522
f 6522 6057 6041
f 6505 6522 6041
f 6524 6509 6507
f 6523 6524 6507
f 6058 6507 6044
f 6058 6525 6507
f 6525 6523 6507
f 6059 6525 6058
f 6526 6525 6059
f 6526 6527 6528
f 6526 6059 6527
f 6059 6060 6527
f 6527 6060 6529
f 6060 6061 6529
f 6529 6061 6530
f 6061 6062 6530
f 6530 6062 6531
f 6062 6063 6531
f 6533 6064 6532
f 6533 6531 6064
f 6531 6063 6064
f 6065 6532 6064
f 6534 6532 6065
f 6066 6534 6065
f 6535 6534 6066
f 6535 6536 6537
f 6535 6066 6536
f 6066 6067 6536
f 6536 6067 6538
f 6067 6068 6538
f 6538 6068 6539
f 6068 6069 6539
f 6539 6069 6540
f 6069 6070 6540
f 6510 6512 6540
f 6510 6540 6071
f 6071 6540 6070
f 6510 6071 6046
f 6519 6518 6541
f 6518 6053 6072
f 6518 6072 6541
f 6541 6072 6542
f 6544 6073 6543
f 6544 6542 6073
f 6542 6072 6073
f 6074 6543 6073
f 6545 6543 6074
f 6074 6076 6545
f 6078 6546 6547
f 6077 6546 6078
f 6546 6077 6548
f 6077 6079 6548
f 6548 6079 6056
f 6521 6548 6056
f 6524 6523 6549
f 6523 6525 6550
f 6549 6523 6550
f 6525 6526 6551
f 6550 6525 6551
f 6526 6528 6551
f 6533 6532 6552
f 6532 6534 6553
f 6552 6532 6553
f 6534 6535 6554
f 6553 6534 6554
f 6535 6537 6554
f 6544 6543 6555
f 6543 6545 6556
f 6555 6543 6556
f 6545 6076 6080
f 6545 6080 6556
f 6556 6080 6557
f 6557 6080 6078
f 6547 6557 6078
f 6084 6559 6558
f 6083 6084 6558
f 6558 6560 6083
f 6083 6560 6085
f 6560 6561 6085
f 6085 6561 6086
f 6561 6562 6086
f 6086 6562 6087
f 6562 6563 6087
f 6087 6563 6088
f 6563 6564 6088
f 6088 6564 6089
f 6564 6565 6089
f 6089 6565 6090
f 6565 6566 6090
f 6090 6566 6091
f 6566 6567 6091
f 6091 6567 6092
f 6567 6568 6092
f 6092 6568 6093
f 6568 6569 6093
f 6093 6569 6094
f 6569 6570 6094
f 6094 6570 6095
f 6570 6571 6095
f 6095 6571 6096
f 6571 6572 6096
f 6096 6572 6097
f 6572 6573 6097
f 6097 6573 6098
f 6573 6574 6098
f 6098 6574 6099
f 6574 6575 6099
f 6099 6575 6100
f 6575 6576 6100
f 6100 6576 6101
f 6576 6577 6101
f 6101 6577 6102
f 6577 6578 6102
f 6102 6578 6103
f 6578 6579 6103
f 6103 6579 6104
f 6579 6580 6104
f 6104 6580 6105
f 6580 6581 6105
f 6105 6581 6106
f 6581 6582 6106
f 6106 6582 6107
f 6582 6583 6107
f 6107 6583 6108
f 6583 6584 6108
f 6108 6584 6109
f 6584 6585 6109
f 6109 6585 6110
f 6585 6586 6110
f 6110 6586 6111
f 6586 6587 6111
f 6111 6587 6112
f 6587 6588 6112
f 6112 6588 6113
f 6588 6589 6113
f 6113 6589 6114
f 6589 6590 6114
f 6114 6590 6115
f 6590 6591 6115
f 6115 6591 6116
f 6591 6592 6116
f 6116 6592 6117
f 6592 6593 6117
f 6117 6593 6118
f 6593 6594 6118
f 6118 6594 6119
f 6594 6595 6119
f 6119 6595 6120
f 6595 6596 6120
f 6120 6596 6121
f 6596 6597 6121
f 6121 6597 6122
f 6599 6598 6124
f 6599 6124 6597
f 6597 6124 6122
f 6124 6598 6125
f 6559 6084 6600
f 6600 6084 6126
f 6599 6601 6598
f 6598 6127 6125
f 6598 6601 6127
f 6601 6602 6127
f 6602 6603 6127
f 6127 6603 6128
f 6603 6604 6128
f 6128 6604 6130
f 6130 6604 6605
f 6131 6130 6605
f 6600 6126 6606
f 6606 6126 6132
f 6605 6133 6131
f 6607 6133 6605
f 6133 6607 6608
f 6134 6133 6608
f 6606 6132 6609
f 6609 6132 6135
f 6608 6136 6134
f 6610 6136 6608
f 6610 6611 6136
f 6136 6611 6137
f 6137 6611 6612
f 6138 6137 6612
f 6609 6135 6613
f 6613 6135 6139
f 6616 6614 6615
f 6615 6614 6141
f 6615 6141 6612
f 6612 6141 6138
f 6613 6139 6617
f 6617 6139 6142
f 6614 6145 6144
f 6614 6616 6145
f 6616 6618 6145
f 6614 6144 6141
f 6617 6142 6619
f 6619 6142 6146
f 6622 6620 6621
f 6621 6620 6147
f 6621 6147 6618
f 6618 6147 6145
f 6619 6146 6148
f 6623 6619 6148
f 6148 6624 6623
f 6150 6624 6148
f 6627 6625 6626
f 6620 6152 6151
f 6622 6152 6620
f 6622 6625 6152
f 6622 6626 6625
f 6620 6151 6147
f 6624 6150 6153
f 6628 6624 6153
f 6630 6154 6629
f 6630 6628 6154
f 6628 6153 6154
f 6154 6155 6629
f 6633 6631 6632
f 6158 6632 6631
f 6158 6157 6632
f 6157 6634 6632
f 6625 6627 6634
f 6625 6634 6159
f 6159 6634 6157
f 6625 6159 6152
f 6637 6636 6635
f 6636 6630 6629
f 6636 6629 6635
f 6635 6629 6638
f 6160 6629 6155
f 6160 6639 6629
f 6639 6638 6629
f 6160 6161 6639
f 6642 6640 6641
f 6631 6164 6163
f 6633 6164 6631
f 6633 6640 6164
f 6633 6641 6640
f 6631 6163 6158
f 6637 6635 6643
f 6635 6638 6644
f 6643 6635 6644
f 6638 6639 6645
f 6644 6638 6645
f 6639 6161 6165
f 6639 6165 6645
f 6645 6165 6646
f 6165 6647 6646
f 6166 6647 6165
f 6650 6648 6649
f 6168 6649 6648
f 6168 6167 6649
f 6167 6651 6649
f 6640 6642 6651
f 6640 6651 6169
f 6169 6651 6167
f 6640 6169 6164
f 6647 6166 6170
f 6652 6647 6170
f 6652 6170 6653
f 6170 6171 6653
f 6653 6171 6654
f 6171 6172 6654
f 6172 6655 6654
f 6173 6655 6172
f 6658 6656 6657
f 6176 6657 6656
f 6176 6175 6657
f 6175 6659 6657
f 6648 6650 6659
f 6648 6659 6177
f 6177 6659 6175
f 6648 6177 6168
f 6655 6173 6178
f 6660 6655 6178
f 6660 6178 6661
f 6178 6179 6661
f 6663 6180 6662
f 6663 6661 6180
f 6661 6179 6180
f 6181 6662 6180
f 6664 6662 6181
f 6181 6182 6664
f 6184 6665 6666
f 6183 6665 6184
f 6665 6183 6667
f 6183 6185 6667
f 6668 6185 6187
f 6668 6669 6185
f 6669 6667 6185
f 6190 6669 6668
f 6190 6189 6669
f 6189 6670 6669
f 6656 6658 6670
f 6656 6670 6192
f 6192 6670 6189
f 6656 6192 6176
f 6663 6662 6671
f 6662 6664 6672
f 6671 6662 6672
f 6674 6194 6673
f 6672 6194 6674
f 6672 6182 6194
f 6672 6664 6182
f 6195 6673 6194
f 6675 6673 6195
f 6195 6197 6675
f 6198 6676 6199
f 6676 6677 6678
f 6676 6198 6677
f 6198 6200 6677
f 6679 6200 6201
f 6679 6680 6200
f 6680 6677 6200
f 6680 6681 6682
f 6679 6681 6680
f 6682 6681 6683
f 6666 6202 6184
f 6684 6202 6666
f 6684 6685 6202
f 6202 6685 6203
f 6187 6686 6668
f 6187 6203 6686
f 6203 6685 6686
f 6668 6204 6190
f 6668 6686 6204
f 6686 6687 6204
f 6689 6688 6205
f 6689 6205 6687
f 6687 6205 6204
f 6205 6688 6207
f 6674 6673 6690
f 6692 6690 6673
f 6692 6673 6691
f 6691 6673 6675
f 6197 6691 6675
f 6197 6693 6691
f 6197 6208 6693
f 6694 6691 6693
f 6208 6695 6693
f 6210 6695 6208
f 6676 6212 6199
f 6678 6212 6676
f 6678 6696 6212
f 6696 6213 6212
f 6201 6697 6679
f 6201 6213 6697
f 6213 6696 6697
f 6679 6698 6681
f 6697 6698 6679
f 6681 6698 6683
f 6700 6688 6689
f 6699 6688 6700
f 6688 6699 6215
f 6207 6688 6215
f 6703 6702 6701
f 6702 6692 6691
f 6702 6691 6701
f 6701 6691 6704
f 6694 6706 6705
f 6694 6705 6691
f 6691 6705 6704
f 6706 6217 6705
f 6706 6695 6217
f 6695 6210 6217
f 6708 6699 6700
f 6707 6699 6708
f 6699 6707 6220
f 6215 6699 6220
f 6710 6703 6701
f 6709 6710 6701
f 6701 6704 6709
f 6704 6711 6709
f 6704 6705 6711
f 6705 6712 6711
f 6705 6222 6712
f 6217 6222 6705
f 6714 6707 6708
f 6713 6707 6714
f 6707 6713 6225
f 6220 6707 6225
f 6717 6716 6715
f 6716 6710 6709
f 6716 6709 6715
f 6715 6709 6718
f 6709 6711 6718
f 6711 6719 6718
f 6228 6712 6227
f 6228 6719 6712
f 6719 6711 6712
f 6712 6222 6227
f 6721 6713 6714
f 6720 6713 6721
f 6713 6720 6237
f 6225 6713 6237
f 6723 6717 6715
f 6722 6723 6715
f 6240 6718 6239
f 6240 6722 6718
f 6722 6715 6718
f 6719 6239 6718
f 6242 6239 6719
f 6719 6228 6242
f 6725 6720 6721
f 6724 6720 6725
f 6720 6724 6249
f 6237 6720 6249
f 6728 6727 6726
f 6722 6251 6252
f 6723 6722 6252
f 6723 6252 6726
f 6723 6726 6727
f 6722 6240 6251
f 6730 6724 6725
f 6729 6724 6730
f 6258 6249 6724
f 6258 6724 6731
f 6731 6724 6729
f 6258 6731 6259
f 6733 6728 6726
f 6732 6733 6726
f 6726 6261 6732
f 6252 6261 6726
f 6730 6734 6729
f 6736 6729 6734
f 6736 6735 6729
f 6735 6731 6729
f 6731 6735 6267
f 6259 6731 6267
f 6739 6738 6737
f 6732 6269 6270
f 6733 6732 6270
f 6733 6270 6737
f 6733 6737 6738
f 6732 6261 6269
f 6741 6735 6736
f 6740 6735 6741
f 6735 6740 6273
f 6267 6735 6273
f 6743 6739 6737
f 6742 6743 6737
f 6737 6275 6742
f 6270 6275 6737
f 6740 6279 6278
f 6740 6741 6279
f 6741 6744 6279
f 6740 6278 6273
f 6746 6743 6742
f 6745 6746 6742
f 6742 6281 6745
f 6275 6281 6742
f 6744 6747 6279
f 6747 6283 6279
f 6749 6746 6745
f 6748 6749 6745
f 6745 6285 6748
f 6281 6285 6745
f 6286 6751 6750
f 6286 6283 6751
f 6283 6747 6751
f 6286 6750 6287
f 6753 6749 6748
f 6752 6753 6748
f 6748 6289 6752
f 6285 6289 6748
f 6756 6754 6755
f 6750 6292 6291
f 6751 6292 6750
f 6751 6754 6292
f 6751 6755 6754
f 6750 6291 6287
f 6759 6758 6757
f 6752 6294 6295
f 6753 6752 6295
f 6753 6295 6757
f 6753 6757 6758
f 6752 6289 6294
f 6756 6760 6754
f 6754 6760 6761
f 6754 6761 6292
f 6292 6761 6298
f 6763 6759 6757
f 6762 6763 6757
f 6757 6300 6762
f 6295 6300 6757
f 6761 6764 6298
f 6764 6302 6298
f 6766 6763 6762
f 6765 6766 6762
f 6762 6304 6765
f 6300 6304 6762
f 6764 6767 6302
f 6767 6306 6302
f 6769 6766 6765
f 6768 6769 6765
f 6765 6308 6768
f 6304 6308 6765
f 6772 6770 6771
f 6771 6770 6310
f 6771 6310 6767
f 6767 6310 6306
f 6775 6774 6773
f 6768 6312 6313
f 6769 6768 6313
f 6769 6313 6773
f 6769 6773 6774
f 6768 6308 6312
f 6777 6770 6772
f 6776 6770 6777
f 6770 6776 6315
f 6310 6770 6315
f 6775 6773 6778
f 6773 6313 6316
f 6773 6316 6778
f 6778 6316 6779
f 6779 6316 6780
f 6316 6317 6780
f 6317 6781 6780
f 6319 6781 6317
f 6784 6782 6783
f 6776 6322 6321
f 6777 6322 6776
f 6777 6782 6322
f 6777 6783 6782
f 6776 6321 6315
f 6323 6785 6786
f 6323 6786 6319
f 6319 6786 6781
f 6324 6785 6323
f 6787 6785 6324
f 6325 6787 6324
f 6788 6787 6325
f 6325 6327 6788
f 6790 6782 6784
f 6789 6782 6790
f 6782 6789 6328
f 6322 6782 6328
f 6786 6785 6791
f 6785 6787 6792
f 6791 6785 6792
f 6794 6792 6787
f 6794 6787 6793
f 6793 6787 6788
f 6327 6793 6788
f 6327 6795 6793
f 6327 6329 6795
f 6796 6793 6795
f 6329 6797 6795
f 6331 6797 6329
f 6789 6334 6333
f 6789 6790 6334
f 6790 6798 6334
f 6789 6333 6328
f 6794 6793 6799
f 6793 6796 6799
f 6797 6331 6335
f 6800 6797 6335
f 6800 6335 6801
f 6335 6336 6801
f 6803 6338 6802
f 6803 6801 6338
f 6801 6336 6338
f 6340 6802 6338
f 6804 6802 6340
f 6341 6804 6340
f 6805 6804 6341
f 6343 6805 6341
f 6806 6805 6343
f 6345 6806 6343
f 6807 6806 6345
f 6807 6345 6346
f 6810 6808 6809
f 6809 6811 6812
f 6808 6811 6809
f 6812 6811 6813
f 6816 6814 6815
f 6815 6814 6348
f 6815 6348 6798
f 6798 6348 6334
f 6819 6818 6817
f 6818 6821 6820
f 6817 6818 6820
f 6821 6803 6802
f 6821 6802 6820
f 6820 6802 6822
f 6802 6804 6822
f 6804 6823 6822
f 6351 6805 6350
f 6351 6823 6805
f 6823 6804 6805
f 6806 6350 6805
f 6353 6350 6806
f 6807 6353 6806
f 6355 6353 6807
f 6810 6824 6808
f 6807 6346 6355
f 6808 6825 6811
f 6824 6825 6808
f 6811 6825 6813
f 6359 6826 6827
f 6358 6826 6359
f 6826 6358 6828
f 6358 6361 6828
f 6361 6829 6828
f 6362 6829 6361
f 6364 6830 6831
f 6363 6830 6364
f 6816 6832 6814
f 6816 6363 6832
f 6816 6830 6363
f 6365 6832 6363
f 6814 6832 6367
f 6348 6814 6367
f 6819 6817 6833
f 6817 6820 6834
f 6833 6817 6834
f 6836 6834 6820
f 6836 6820 6835
f 6835 6820 6822
f 6822 6823 6835
f 6823 6837 6835
f 6823 6371 6837
f 6351 6371 6823
f 6373 6838 6374
f 6375 6838 6373
f 6839 6838 6375
f 6375 6377 6839
f 6827 6380 6359
f 6840 6380 6827
f 6840 6841 6380
f 6380 6841 6382
f 6843 6383 6842
f 6843 6384 6383
f 6829 6362 6841
f 6362 6382 6841
f 6842 6383 6844
f 6383 6386 6844
f 6386 6845 6844
f 6388 6845 6386
f 6390 6847 6846
f 6390 6364 6847
f 6364 6831 6847
f 6365 6390 6846
f 6365 6846 6832
f 6832 6846 6848
f 6832 6848 6392
f 6367 6832 6392
f 6851 6850 6849
f 6850 6853 6852
f 6849 6850 6852
f 6396 6852 6853
f 6396 6853 6395
f 6395 6853 6854
f 6854 6855 6395
f 6395 6855 6397
f 6857 6856 6398
f 6857 6398 6855
f 6855 6398 6397
f 6399 6398 6856
f 6858 6399 6856
f 6399 6858 6401
f 6861 6860 6859
f 6860 6863 6862
f 6859 6860 6862
f 6863 6865 6864
f 6862 6863 6864
f 6836 6864 6865
f 6836 6404 6864
f 6836 6835 6404
f 6403 6404 6835
f 6867 6868 6866
f 6835 6837 6405
f 6835 6405 6403
f 6837 6869 6405
f 6866 6405 6867
f 6869 6867 6405
f 6837 6371 6406
f 6837 6406 6869
f 6869 6406 6870
f 6870 6406 6871
f 6406 6407 6871
f 6374 6838 6872
f 6374 6872 6407
f 6407 6872 6871
f 6838 6839 6873
f 6872 6838 6873
f 6839 6377 6408
f 6839 6408 6873
f 6873 6408 6874
f 6874 6408 6875
f 6408 6409 6875
f 6875 6409 6876
f 6409 6410 6876
f 6876 6410 6877
f 6410 6411 6877
f 6877 6411 6878
f 6411 6412 6878
f 6412 6879 6878
f 6413 6879 6412
f 6843 6414 6384
f 6880 6414 6843
f 6880 6881 6414
f 6414 6881 6415
f 6881 6388 6415
f 6845 6388 6881
f 6847 6882 6846
f 6846 6883 6848
f 6882 6883 6846
f 6848 6883 6884
f 6848 6884 6392
f 6392 6884 6417
f 6851 6849 6885
f 6849 6852 6886
f 6885 6849 6886
f 6852 6396 6419
f 6852 6419 6886
f 6886 6419 6887
f 6887 6419 6888
f 6419 6420 6888
f 6856 6857 6888
f 6856 6888 6421
f 6421 6888 6420
f 6858 6856 6421
f 6422 6858 6421
f 6858 6422 6401
f 6890 6889 6891
f 6890 6861 6859
f 6890 6859 6889
f 6889 6859 6892
f 6859 6862 6892
f 6862 6893 6892
f 6862 6864 6893
f 6864 6894 6893
f 6864 6424 6894
f 6864 6404 6424
f 6866 6868 6895
f 6866 6426 6405
f 6866 6895 6426
f 6895 6896 6426
f 6898 6897 6427
f 6898 6427 6896
f 6896 6427 6426
f 6427 6897 6429
f 6432 6900 6899
f 6431 6432 6899
f 6899 6901 6431
f 6431 6901 6433
f 6901 6413 6433
f 6879 6413 6901
f 6904 6902 6903
f 6903 6902 6435
f 6903 6435 6884
f 6884 6435 6417
f 6436 6437 6905
f 6438 6436 6905
f 6906 6438 6905
f 6439 6438 6906
f 6907 6439 6906
f 6440 6439 6907
f 6908 6440 6907
f 6908 6910 6909
f 6908 6909 6440
f 6440 6909 6441
f 6909 6911 6441
f 6441 6911 6442
f 6911 6912 6442
f 6442 6912 6443
f 6889 6912 6891
f 6889 6444 6912
f 6444 6443 6912
f 6892 6444 6889
f 6445 6444 6892
f 6445 6913 6447
f 6445 6892 6913
f 6892 6893 6913
f 6449 6894 6448
f 6449 6913 6894
f 6913 6893 6894
f 6894 6424 6448
f 6915 6897 6898
f 6914 6897 6915
f 6897 6914 6451
f 6429 6897 6451
f 6454 6917 6916
f 6453 6454 6916
f 6916 6432 6453
f 6900 6432 6916
f 6902 6457 6456
f 6902 6904 6457
f 6904 6918 6457
f 6902 6456 6435
f 6921 6920 6919
f 6919 6920 6922
f 6919 6922 6437
f 6919 6437 6459
f 6905 6437 6922
f 6905 6923 6906
f 6922 6923 6905
f 6906 6924 6907
f 6923 6924 6906
f 6907 6925 6908
f 6924 6925 6907
f 6908 6925 6910
f 6913 6460 6447
f 6913 6449 6460
f 6927 6914 6915
f 6926 6914 6927
f 6914 6926 6462
f 6451 6914 6462
f 6930 6929 6928
f 6929 6464 6928
f 6929 6917 6464
f 6917 6454 6464
f 6933 6931 6932
f 6932 6931 6934
f 6932 6934 6457
f 6932 6457 6918
f 6457 6934 6465
f 6465 6934 6467
f 6936 6921 6919
f 6935 6936 6919
f 6919 6471 6935
f 6459 6471 6919
f 6938 6926 6927
f 6937 6926 6938
f 6926 6937 6473
f 6462 6926 6473
f 6940 6930 6928
f 6939 6940 6928
f 6928 6475 6939
f 6464 6475 6928
f 6933 6941 6931
f 6931 6942 6934
f 6941 6942 6931
f 6934 6476 6467
f 6934 6942 6476
f 6942 6943 6476
f 6943 6944 6476
f 6476 6944 6477
f 6944 6945 6477
f 6477 6945 6478
f 6945 6946 6478
f 6478 6946 6479
f 6948 6947 6480
f 6948 6480 6946
f 6946 6480 6479
f 6480 6947 6482
f 6950 6936 6935
f 6949 6950 6935
f 6935 6483 6949
f 6471 6483 6935
f 6952 6937 6938
f 6951 6937 6952
f 6937 6951 6485
f 6473 6937 6485
f 6954 6940 6939
f 6953 6954 6939
f 6939 6486 6953
f 6475 6486 6939
f 6956 6947 6948
f 6955 6947 6956
f 6487 6482 6947
f 6487 6947 6957
f 6957 6947 6955
f 6487 6957 6488
f 6960 6959 6958
f 6949 6490 6491
f 6950 6949 6491
f 6950 6491 6958
f 6950 6958 6959
f 6949 6483 6490
f 6951 6494 6493
f 6951 6952 6494
f 6952 6961 6494
f 6951 6493 6485
f 6964 6963 6962
f 6963 6954 6953
f 6963 6953 6962
f 6962 6953 6965
f 6953 6496 6965
f 6486 6496 6953
f 6967 6955 6956
f 6966 6955 6967
f 6498 6497 6957
f 6498 6957 6966
f 6966 6957 6955
f 6957 6497 6488
f 6969 6960 6958
f 6968 6969 6958
f 6958 6499 6968
f 6491 6499 6958
f 6972 6970 6971
f 6971 6970 6501
f 6971 6501 6961
f 6961 6501 6494
f 6964 6962 6973
f 6962 6965 6974
f 6973 6962 6974
f 6965 6496 6503
f 6965 6503 6976
f 6965 6976 6974
f 6976 6503 6975
f 6976 6975 6977
f 6505 6978 6979
f 6504 6978 6505
f 6966 6967 6978
f 6966 6978 6506
f 6506 6978 6504
f 6966 6506 6498
f 6982 6981 6980
f 6968 6508 6509
f 6969 6968 6509
f 6969 6509 6980
f 6969 6980 6981
f 6968 6499 6508
f 6970 6512 6511
f 6970 6972 6512
f 6972 6983 6512
f 6970 6511 6501
f 6975 6503 6513
f 6977 6975 6513
f 6977 6513 6984
f 6984 6513 6514
f 6984 6514 6985
f 6514 6515 6985
f 6985 6515 6986
f 6515 6516 6986
f 6988 6517 6987
f 6988 6986 6517
f 6986 6516 6517
f 6517 6519 6987
f 6521 6989 6990
f 6520 6989 6521
f 6989 6520 6991
f 6520 6522 6991
f 6991 6522 6505
f 6979 6991 6505
f 6993 6982 6980
f 6992 6993 6980
f 6980 6524 6992
f 6509 6524 6980
f 6527 6994 6528
f 6529 6994 6527
f 6995 6994 6529
f 6530 6995 6529
f 6996 6995 6530
f 6531 6996 6530
f 6997 6996 6531
f 6531 6533 6997
f 7000 6998 6999
f 7002 6999 6998
f 7001 6537 6536
f 7001 7003 7004
f 7001 6536 7003
f 6536 6538 7003
f 7003 6538 7005
f 6538 6539 7005
f 7005 6539 7006
f 6539 6540 7006
f 7006 6540 6512
f 6983 7006 6512
f 6988 6987 7007
f 6987 6519 6541
f 6987 6541 7007
f 7007 6541 7008
f 7010 6542 7009
f 7010 7008 6542
f 7008 6541 6542
f 6542 6544 7009
f 6547 7011 7012
f 6546 7011 6547
f 7011 6546 7013
f 6546 6548 7013
f 7013 6548 6521
f 6990 7013 6521
f 6993 6992 7014
f 6992 6524 6549
f 6992 6549 7014
f 7014 6549 7015
f 7015 6549 7016
f 6549 6550 7016
f 7016 6550 7017
f 6550 6551 7017
f 6528 6994 7018
f 6528 7018 6551
f 6551 7018 7017
f 6994 6995 7019
f 7018 6994 7019
f 6995 6996 7020
f 7019 6995 7020
f 6996 6997 7021
f 7020 6996 7021
f 6997 6533 6552
f 6997 6552 7021
f 7021 6552 7022
f 7022 6552 7023
f 6552 6553 7023
f 6998 7000 7023
f 6998 7023 6554
f 6554 7023 6553
f 6537 7001 7024
f 6537 7024 6554
f 7002 6998 7024
f 6998 6554 7024
f 7001 7004 7024
f 7010 7009 7025
f 7009 6544 6555
f 7009 6555 7025
f 7025 6555 7026
f 7026 6555 7027
f 6555 6556 7027
f 7027 6556 7028
f 6556 6557 7028
f 7028 6557 6547
f 7012 7028 6547
f 6559 7030 7029
f 6558 6559 7029
f 7029 7031 6558
f 6558 7031 6560
f 7031 7032 6560
f 6560 7032 6561
f 7032 7033 6561
f 6561 7033 6562
f 7033 7034 6562
f 6562 7034 6563
f 7034 7035 6563
f 6563 7035 6564
f 7035 7036 6564
f 6564 7036 6565
f 7036 7037 6565
f 6565 7037 6566
f 7037 7038 6566
f 6566 7038 6567
f 7038 7039 6567
f 6567 7039 6568
f 7039 7040 6568
f 6568 7040 6569
f 7040 7041 6569
f 6569 7041 6570
f 7041 7042 6570
f 6570 7042 6571
f 7042 7043 6571
f 6571 7043 6572
f 7043 7044 6572
f 6572 7044 6573
f 7044 7045 6573
f 6573 7045 6574
f 7045 7046 6574
f 6574 7046 6575
f 7046 7047 6575
f 6575 7047 6576
f 7047 7048 6576
f 6576 7048 6577
f 7048 7049 6577
f 6577 7049 6578
f 7049 7050 6578
f 6578 7050 6579
f 7050 7051 6579
f 6579 7051 6580
f 7051 7052 6580
f 6580 7052 6581
f 7052 7053 6581
f 6581 7053 6582
f 7053 7054 6582
f 6582 7054 6583
f 7054 7055 6583
f 6583 7055 6584
f 7055 7056 6584
f 6584 7056 6585
f 7056 7057 6585
f 6585 7057 6586
f 7057 7058 6586
f 6586 7058 6587
f 7058 7059 6587
f 6587 7059 6588
f 7059 7060 6588
f 6588 7060 6589
f 7060 7061 6589
f 6589 7061 6590
f 7061 7062 6590
f 6590 7062 6591
f 7062 7063 6591
f 6591 7063 6592
f 7063 7064 6592
f 6592 7064 6593
f 7064 7065 6593
f 6593 7065 6594
f 7065 7066 6594
f 6594 7066 6595
f 7066 7067 6595
f 6595 7067 6596
f 7067 7068 6596
f 6596 7068 6597
f 6597 7068 7069
f 6599 6597 7069
f 7030 6559 7070
f 7070 6559 6600
f 7069 6601 6599
f 7071 6601 7069
f 7071 7072 6601
f 6601 7072 6602
f 7072 7073 6602
f 6602 7073 6603
f 7075 7074 6604
f 7075 6604 7073
f 7073 6604 6603
f 6604 7074 6605
f 7070 6600 7076
f 7076 6600 6606
f 7075 7077 7074
f 7074 6607 6605
f 7074 7077 6607
f 7077 7078 6607
f 6607 7078 7079
f 6608 6607 7079
f 7076 6606 7080
f 7080 6606 6609
f 7079 6610 6608
f 7081 6610 7079
f 7083 7082 6611
f 7083 6611 7081
f 7081 6611 6610
f 6611 7082 6612
f 7080 6609 7084
f 7084 6609 6613
f 7087 7085 7086
f 7082 6616 6615
f 7083 6616 7082
f 7083 7085 6616
f 7083 7086 7085
f 7082 6615 6612
f 7084 6613 7088
f 7088 6613 6617
f 7090 7085 7087
f 7089 7085 7090
f 7085 7089 6618
f 6616 7085 6618
f 7088 6617 7091
f 7091 6617 6619
f 7094 7092 7093
f 7089 6622 6621
f 7090 6622 7089
f 7090 7092 6622
f 7090 7093 7092
f 7089 6621 6618
f 6623 7095 7096
f 6623 7096 6619
f 6619 7096 7091
f 6623 6624 7095
f 7092 6627 6626
f 7092 7094 6627
f 7094 7097 6627
f 7092 6626 6622
f 7099 7096 7095
f 7098 7099 7095
f 6628 7095 6624
f 6628 7100 7095
f 7100 7098 7095
f 6628 6630 7100
f 6633 7101 7102
f 6632 7101 6633
f 7101 6632 7103
f 6632 6634 7103
f 7103 6634 6627
f 7097 7103 6627
f 7099 7098 7104
f 7104 6637 7105
f 7104 7100 6637
f 7104 7098 7100
f 6636 6637 7100
f 7100 6630 6636
f 6642 7106 7107
f 6641 7106 6642
f 7106 6641 6633
f 7102 7106 6633
f 7105 6637 6643
f 7108 7105 6643
f 7108 6643 7109
f 6643 6644 7109
f 7109 6644 7110
f 6644 6645 7110
f 7112 6646 7111
f 7112 7110 6646
f 7110 6645 6646
f 6646 6647 7111
f 6650 7113 7114
f 6649 7113 6650
f 7113 6649 7115
f 6649 6651 7115
f 7115 6651 6642
f 7107 7115 6642
f 7112 7111 7116
f 7111 6647 6652
f 7111 6652 7116
f 7116 6652 7117
f 7117 6652 7118
f 6652 6653 7118
f 7118 6653 7119
f 6653 6654 7119
f 6654 7120 7119
f 6655 7120 6654
f 6658 7121 7122
f 6657 7121 6658
f 7121 6657 7123
f 6657 6659 7123
f 7123 6659 6650
f 7114 7123 6650
f 7120 6655 6660
f 7124 7120 6660
f 7124 6660 7125
f 6660 6661 7125
f 6661 7126 7125
f 6663 7126 6661
f 7129 7127 7128
f 6666 7128 7127
f 6666 6665 7128
f 6665 7130 7128
f 7130 6665 7131
f 6665 6667 7131
f 7131 6667 7132
f 6667 6669 7132
f 7132 6669 7133
f 6669 6670 7133
f 7133 6670 6658
f 7122 7133 6658
f 6671 7134 7135
f 6671 7135 6663
f 6663 7135 7126
f 6672 7134 6671
f 7136 7134 6672
f 6672 6674 7136
f 6678 7137 7138
f 6677 7137 6678
f 7137 6677 7139
f 6677 6680 7139
f 7141 6682 7140
f 7141 7139 6682
f 7139 6680 6682
f 6682 6683 7140
f 7129 7142 7127
f 7127 6684 6666
f 7127 7142 6684
f 7142 7143 6684
f 7143 7144 6684
f 6684 7144 6685
f 7144 7145 6685
f 6685 7145 6686
f 7147 7146 6687
f 7147 6687 7145
f 7145 6687 6686
f 6687 7146 6689
f 7149 7135 7134
f 7148 7149 7134
f 7134 7136 7148
f 7136 7150 7148
f 6690 7136 6674
f 6690 7151 7136
f 7151 7150 7136
f 6690 6692 7151
f 6693 7152 6694
f 7152 6693 6695
f 7155 7153 7154
f 7154 7153 7156
f 7159 7157 7158
f 7158 7157 7160
f 7138 6696 6678
f 7161 6696 7138
f 7161 7162 6696
f 6696 7162 6697
f 7140 7162 7141
f 7140 6698 7162
f 6698 6697 7162
f 7140 6683 6698
f 7164 7146 7147
f 7163 7146 7164
f 7146 7163 6700
f 6689 7146 6700
f 7149 7148 7165
f 7167 7165 7148
f 7167 7148 7166
f 7166 7148 7150
f 6703 7151 6702
f 6703 7166 7151
f 7166 7150 7151
f 7151 6692 6702
f 7152 6706 6694
f 7155 7168 7153
f 7152 6695 6706
f 7153 7168 7156
f 7159 7169 7157
f 7157 7169 7160
f 7171 7163 7164
f 7170 7163 7171
f 7163 7170 6708
f 6700 7163 6708
f 7173 7167 7166
f 7172 7173 7166
f 7166 6710 7172
f 6703 6710 7166
f 7175 7170 7171
f 7174 7170 7175
f 7170 7174 6714
f 6708 7170 6714
f 7172 6716 6717
f 7172 6717 7173
f 7173 6717 7176
f 7172 6710 6716
f 7175 7177 7174
f 7174 7177 7178
f 7174 7178 6714
f 6714 7178 6721
f 7181 7180 7179
f 7180 6723 7179
f 7180 7176 6723
f 7176 6717 6723
f 7178 7182 6721
f 7182 6725 6721
f 7179 6727 6728
f 7179 6728 7181
f 7181 6728 7183
f 7179 6723 6727
f 7182 7184 6725
f 7184 6730 6725
f 7187 7186 7185
f 7186 6733 7185
f 7186 7183 6733
f 7183 6728 6733
f 6734 7189 7188
f 6734 6730 7189
f 6730 7184 7189
f 6734 7188 6736
f 7192 7191 7190
f 7185 6738 6739
f 7187 7185 6739
f 7187 6739 7190
f 7187 7190 7191
f 7185 6733 6738
f 7194 7188 7189
f 7193 7188 7194
f 7188 7193 6741
f 6736 7188 6741
f 7192 7190 7195
f 7190 7196 7195
f 7190 6739 7196
f 6739 6743 7196
f 7198 7193 7194
f 7197 7193 7198
f 7193 7197 6744
f 6741 7193 6744
f 7201 7200 7199
f 7200 6746 7199
f 7200 7196 6746
f 7196 6743 6746
f 7203 7197 7198
f 7202 7197 7203
f 7197 7202 6747
f 6744 7197 6747
f 7205 7201 7199
f 7204 7205 7199
f 7199 6749 7204
f 6746 6749 7199
f 7207 7202 7203
f 7206 7202 7207
f 7202 7206 6751
f 6747 7202 6751
f 7209 7205 7204
f 7208 7209 7204
f 7204 6753 7208
f 6749 6753 7204
f 7206 6756 6755
f 7206 7207 6756
f 7207 7210 6756
f 7206 6755 6751
f 7208 6758 6759
f 7208 6759 7209
f 7209 6759 7211
f 7208 6753 6758
f 6760 7213 7212
f 6760 6756 7213
f 6756 7210 7213
f 6760 7212 6761
f 7211 6759 7214
f 7214 6759 6763
f 7216 7212 7213
f 7215 7212 7216
f 7212 7215 6764
f 6761 7212 6764
f 7219 7218 7217
f 7218 6766 7217
f 7218 7214 6766
f 7214 6763 6766
f 7222 7220 7221
f 7221 7215 7216
f 7221 7220 7215
f 7220 7223 7215
f 7215 7223 6767
f 6764 7215 6767
f 7225 7219 7217
f 7224 7225 7217
f 7217 6769 7224
f 6766 6769 7217
f 7222 7226 7220
f 7226 7227 6772
f 7226 6772 7223
f 7226 7223 7220
f 6771 7223 6772
f 7223 6771 6767
f 7224 6774 6775
f 7224 6775 7225
f 7225 6775 7228
f 7224 6769 6774
f 7231 7229 7230
f 7230 7229 6777
f 7230 6777 7227
f 7227 6777 6772
f 7228 6775 6778
f 7232 7228 6778
f 7234 6779 7233
f 7234 7232 6779
f 7232 6778 6779
f 6780 7233 6779
f 7235 7233 6780
f 6780 6781 7235
f 7229 6784 6783
f 7229 7231 6784
f 7231 7236 6784
f 7229 6783 6777
f 7234 7233 7237
f 7239 7237 7233
f 7239 7233 7238
f 7238 7233 7235
f 7235 6786 7238
f 6781 6786 7235
f 7242 7240 7241
f 7241 7240 6790
f 7241 6790 7236
f 7236 6790 6784
f 7239 7238 7243
f 7238 6786 6791
f 7238 6791 7243
f 7243 6791 7244
f 7244 6791 7245
f 6791 6792 7245
f 7246 6792 6794
f 7246 7247 6792
f 7247 7245 6792
f 6796 7247 7246
f 6796 6795 7247
f 6795 7248 7247
f 7249 6795 6797
f 7249 7250 6795
f 7250 7248 6795
f 7250 7251 7252
f 7249 7251 7250
f 7252 7251 7253
f 7255 7240 7242
f 7254 7240 7255
f 7240 7254 6798
f 6790 7240 6798
f 7246 6794 6799
f 7246 6799 6796
f 7257 7256 7258
f 7259 7256 6797
f 7259 6797 6800
f 7256 7257 6797
f 7249 6797 7260
f 7257 7260 6797
f 6800 7261 7259
f 6800 6801 7261
f 7260 7262 7249
f 7262 7251 7249
f 7262 7253 7251
f 7261 6801 6803
f 6809 7263 6810
f 7263 7264 7265
f 7263 6809 7264
f 6809 6812 7264
f 7266 6812 6813
f 7266 7267 6812
f 7267 7264 6812
f 7267 7266 7268
f 7254 6816 6815
f 7254 7255 6816
f 7255 7269 6816
f 7254 6815 6798
f 7272 7271 7270
f 7271 7258 7256
f 7271 7256 7270
f 7270 7256 7273
f 6819 7259 6818
f 6819 7273 7259
f 7273 7256 7259
f 7261 6818 7259
f 6821 6818 7261
f 7261 6803 6821
f 7263 6824 6810
f 7265 6824 7263
f 7265 7274 6824
f 7274 6825 6824
f 6813 7275 7266
f 6813 6825 7275
f 6825 7274 7275
f 7266 7275 7268
f 6826 7276 6827
f 7276 7277 7278
f 7276 6826 7277
f 6826 6828 7277
f 6828 7279 7277
f 6829 7279 6828
f 6831 7280 7281
f 6830 7280 6831
f 7280 6830 6816
f 7269 7280 6816
f 7272 7270 7282
f 7270 7273 7283
f 7282 7270 7283
f 7273 6819 6833
f 7273 6833 7283
f 7283 6833 7284
f 7286 6834 7285
f 7286 7284 6834
f 7284 6833 6834
f 6834 6836 7285
f 7276 6840 6827
f 7278 6840 7276
f 7278 7287 6840
f 7287 6841 6840
f 6829 7287 7279
f 6829 6841 7287
f 6843 6842 7288
f 7288 7289 7290
f 7288 6842 7289
f 6842 6844 7289
f 7291 6844 6845
f 7291 7292 6844
f 7292 7289 6844
f 7292 7291 7293
f 7294 7281 7295
f 7294 6847 7281
f 6847 6831 7281
f 7295 7296 7294
f 7299 7298 7297
f 6851 7297 7298
f 6851 7298 6850
f 6850 7298 7300
f 7300 7301 6850
f 6850 7301 6853
f 7301 7302 6853
f 6853 7302 6854
f 7304 7303 6855
f 7304 6855 7302
f 7302 6855 6854
f 6855 7303 6857
f 7307 7306 7305
f 7306 7309 7308
f 7305 7306 7308
f 6861 7308 7309
f 6861 7309 6860
f 6860 7309 7310
f 7310 7311 6860
f 6860 7311 6863
f 7314 7312 7313
f 7311 7286 6865
f 7311 6865 6863
f 6865 7286 7285
f 7285 6836 6865
f 7313 7312 6867
f 7313 6867 7315
f 6867 7312 6868
f 7315 6867 7316
f 6867 6869 7316
f 7316 6869 7317
f 6869 6870 7317
f 7317 6870 7318
f 6870 6871 7318
f 7318 6871 7319
f 6871 6872 7319
f 7319 6872 7320
f 6872 6873 7320
f 7320 6873 7321
f 6873 6874 7321
f 7321 6874 7322
f 6874 6875 7322
f 7324 6876 7323
f 7324 7322 6876
f 7322 6875 6876
f 7323 7325 7326
f 7323 6876 7325
f 6876 6877 7325
f 7325 6877 7327
f 6877 6878 7327
f 7328 6878 6879
f 7328 7329 6878
f 7329 7327 6878
f 7329 7328 7330
f 7288 6880 6843
f 7290 6880 7288
f 7290 7331 6880
f 7331 6881 6880
f 6845 7332 7291
f 6845 6881 7332
f 6881 7331 7332
f 7291 7332 7293
f 7334 7335 7333
f 7294 6882 6847
f 7333 7336 7296
f 7333 7296 7334
f 7336 6883 7296
f 7294 7296 6882
f 6883 6882 7296
f 6883 7336 6884
f 7299 7297 7337
f 7339 6885 7338
f 7337 6885 7339
f 7337 6851 6885
f 7337 7297 6851
f 6886 7338 6885
f 7340 7338 6886
f 6887 7340 6886
f 7341 7340 6887
f 7341 7304 7342
f 7341 6888 7304
f 7341 6887 6888
f 6888 7303 7304
f 7303 6888 6857
f 7344 7343 7345
f 7344 7307 7305
f 7344 7305 7343
f 7343 7305 7346
f 6891 7308 6890
f 6891 7346 7308
f 7346 7305 7308
f 7308 6861 6890
f 7314 7347 7312
f 7312 6895 6868
f 7312 7347 6895
f 7347 7348 6895
f 7350 7349 6896
f 7350 6896 7348
f 7348 6896 6895
f 6896 7349 6898
f 7352 7324 7323
f 7351 7352 7323
f 7326 7353 6899
f 7326 6899 7351
f 7326 7351 7323
f 7351 6899 6900
f 7353 7354 6899
f 6899 7354 6901
f 6879 7355 7328
f 6879 6901 7355
f 6901 7354 7355
f 7328 7355 7330
f 7357 7333 7335
f 7356 7333 7357
f 6904 6903 7336
f 6904 7336 7356
f 7356 7336 7333
f 7336 6903 6884
f 7339 7338 7358
f 7338 7340 7359
f 7358 7338 7359
f 7340 7341 7360
f 7359 7340 7360
f 7341 7342 7360
f 6910 7361 6909
f 7361 7362 7345
f 7361 7345 6911
f 7361 6911 6909
f 6911 7345 7343
f 7346 6911 7343
f 6912 6911 7346
f 7346 6891 6912
f 7364 7349 7350
f 7363 7349 7364
f 7349 7363 6915
f 6898 7349 6915
f 7367 7366 7365
f 7351 6916 6917
f 7352 7351 6917
f 7352 6917 7365
f 7352 7365 7366
f 7351 6900 6916
f 7369 7356 7357
f 7368 7356 7369
f 7356 7368 6918
f 6904 7356 6918
f 7372 7371 7370
f 6921 7370 7371
f 6921 7371 6920
f 6920 7371 7373
f 7373 7374 6920
f 6920 7374 6922
f 7374 7375 6922
f 6922 7375 6923
f 7375 7376 6923
f 6923 7376 6924
f 7376 7377 6924
f 6924 7377 6925
f 6910 7378 7361
f 6910 6925 7378
f 6925 7377 7378
f 7361 7378 7362
f 7364 7379 7363
f 7363 7379 7380
f 7363 7380 6915
f 6915 7380 6927
f 7383 7382 7381
f 7365 6929 6930
f 7367 7365 6930
f 7367 6930 7381
f 7367 7381 7382
f 7365 6917 6929
f 7368 6933 6932
f 7368 7369 6933
f 7369 7384 6933
f 7368 6932 6918
f 7386 7372 7370
f 7385 7386 7370
f 7370 6936 7385
f 6921 6936 7370
f 7389 7387 7388
f 7388 7387 6938
f 7388 6938 7380
f 7380 6938 6927
f 7391 7383 7381
f 7390 7391 7381
f 7381 6940 7390
f 6930 6940 7381
f 7384 6941 6933
f 7392 6941 7384
f 7392 7393 6941
f 6941 7393 6942
f 7393 7394 6942
f 6942 7394 6943
f 7396 7395 6944
f 7396 6944 7394
f 7394 6944 6943
f 6945 6944 7395
f 7397 6945 7395
f 6946 6945 7397
f 7398 6946 7397
f 6946 7398 6948
f 7400 7386 7385
f 7399 7400 7385
f 7385 6950 7399
f 6936 6950 7385
f 7402 7387 7389
f 7401 7387 7402
f 7387 7401 6952
f 6938 7387 6952
f 7404 7391 7390
f 7403 7404 7390
f 7390 6954 7403
f 6940 6954 7390
f 7396 7405 7395
f 7395 7406 7397
f 7405 7406 7395
f 7397 7407 7398
f 7406 7407 7397
f 7398 7407 7408
f 7398 7408 6948
f 6948 7408 6956
f 7411 7410 7409
f 7399 6959 6960
f 7400 7399 6960
f 7400 6960 7409
f 7400 7409 7410
f 7399 6950 6959
f 7413 7401 7402
f 7412 7401 7413
f 7401 7412 6961
f 6952 7401 6961
f 7403 6963 6964
f 7403 6964 7404
f 7404 6964 7414
f 7403 6954 6963
f 7408 7415 6956
f 7415 6967 6956
f 7417 7411 7409
f 7416 7417 7409
f 7409 6969 7416
f 6960 6969 7409
f 7420 7418 7419
f 7412 6972 6971
f 7413 6972 7412
f 7413 7418 6972
f 7413 7419 7418
f 7412 6971 6961
f 7414 6964 6973
f 7421 7414 6973
f 7421 6973 7422
f 6973 6974 7422
f 7424 6976 7423
f 7424 7422 6976
f 7422 6974 6976
f 6976 6977 7423
f 6979 7425 7426
f 6978 7425 6979
f 7425 6978 6967
f 7415 7425 6967
f 7429 7428 7427
f 7416 6981 6982
f 7417 7416 6982
f 7417 6982 7427
f 7417 7427 7428
f 7416 6969 6981
f 7431 7418 7420
f 7430 7418 7431
f 7418 7430 6983
f 6972 7418 6983
f 7424 7423 7432
f 7423 6977 6984
f 7423 6984 7432
f 7432 6984 7433
f 7435 6985 7434
f 7435 7433 6985
f 7433 6984 6985
f 6986 7434 6985
f 7436 7434 6986
f 6986 6988 7436
f 7439 7437 7438
f 6990 7438 7437
f 6990 6989 7438
f 6989 7440 7438
f 7440 6989 7441
f 6989 6991 7441
f 7441 6991 6979
f 7426 7441 6979
f 7443 7429 7427
f 7442 7443 7427
f 7427 6993 7442
f 6982 6993 7427
f 6999 7444 7000
f 7444 6999 7002
f 7447 7445 7446
f 7004 7446 7445
f 7004 7003 7446
f 7003 7448 7446
f 7448 7003 7449
f 7003 7005 7449
f 7430 7431 7449
f 7430 7449 7006
f 7006 7449 7005
f 7430 7006 6983
f 7435 7434 7450
f 7434 7436 7451
f 7450 7434 7451
f 7453 7007 7452
f 7451 7007 7453
f 7451 6988 7007
f 7451 7436 6988
f 7008 7452 7007
f 7454 7452 7008
f 7008 7010 7454
f 7012 7455 7456
f 7011 7455 7012
f 7437 7439 7455
f 7437 7455 7013
f 7013 7455 7011
f 7437 7013 6990
f 7443 7442 7457
f 7442 6993 7014
f 7442 7014 7457
f 7457 7014 7458
f 7458 7014 7459
f 7014 7015 7459
f 7459 7015 7460
f 7015 7016 7460
f 7460 7016 7461
f 7016 7017 7461
f 7461 7017 7462
f 7017 7018 7462
f 7462 7018 7463
f 7018 7019 7463
f 7463 7019 7464
f 7019 7020 7464
f 7464 7020 7465
f 7020 7021 7465
f 7465 7021 7466
f 7021 7022 7466
f 7466 7022 7467
f 7022 7023 7467
f 7000 7444 7468
f 7000 7468 7023
f 7023 7468 7467
f 7445 7447 7468
f 7445 7468 7024
f 7444 7002 7468
f 7002 7024 7468
f 7445 7024 7004
f 7453 7452 7469
f 7452 7454 7470
f 7469 7452 7470
f 7472 7025 7471
f 7470 7025 7472
f 7470 7010 7025
f 7470 7454 7010
f 7026 7471 7025
f 7473 7471 7026
f 7473 7474 7475
f 7473 7026 7474
f 7026 7027 7474
f 7474 7027 7476
f 7027 7028 7476
f 7476 7028 7012
f 7456 7476 7012
f 7472 7471 7477
f 7471 7473 7478
f 7477 7471 7478
f 7473 7475 7478
f 7030 7480 7479
f 7029 7030 7479
f 7479 7481 7029
f 7029 7481 7031
f 7481 7482 7031
f 7031 7482 7032
f 7482 7483 7032
f 7032 7483 7033
f 7483 7484 7033
f 7033 7484 7034
f 7484 7485 7034
f 7034 7485 7035
f 7485 7486 7035
f 7035 7486 7036
f 7486 7487 7036
f 7036 7487 7037
f 7487 7488 7037
f 7037 7488 7038
f 7488 7489 7038
f 7038 7489 7039
f 7489 7490 7039
f 7039 7490 7040
f 7490 7491 7040
f 7040 7491 7041
f 7491 7492 7041
f 7041 7492 7042
f 7492 7493 7042
f 7042 7493 7043
f 7493 7494 7043
f 7043 7494 7044
f 7494 7495 7044
f 7044 7495 7045
f 7495 7496 7045
f 7045 7496 7046
f 7496 7497 7046
f 7046 7497 7047
f 7497 7498 7047
f 7047 7498 7048
f 7498 7499 7048
f 7048 7499 7049
f 7499 7500 7049
f 7049 7500 7050
f 7500 7501 7050
f 7050 7501 7051
f 7501 7502 7051
f 7051 7502 7052
f 7502 7503 7052
f 7052 7503 7053
f 7503 7504 7053
f 7053 7504 7054
f 7504 7505 7054
f 7054 7505 7055
f 7505 7506 7055
f 7055 7506 7056
f 7506 7507 7056
f 7056 7507 7057
f 7507 7508 7057
f 7057 7508 7058
f 7508 7509 7058
f 7058 7509 7059
f 7509 7510 7059
f 7059 7510 7060
f 7510 7511 7060
f 7060 7511 7061
f 7511 7512 7061
f 7061 7512 7062
f 7512 7513 7062
f 7062 7513 7063
f 7513 7514 7063
f 7063 7514 7064
f 7514 7515 7064
f 7064 7515 7065
f 7515 7516 7065
f 7065 7516 7066
f 7516 7517 7066
f 7066 7517 7067
f 7517 7518 7067
f 7067 7518 7068
f 7068 7518 7519
f 7069 7068 7519
f 7480 7030 7520
f 7520 7030 7070
f 7519 7071 7069
f 7521 7071 7519
f 7521 7522 7071
f 7071 7522 7072
f 7522 7523 7072
f 7072 7523 7073
f 7073 7523 7524
f 7075 7073 7524
f 7520 7070 7525
f 7525 7070 7076
f 7524 7077 7075
f 7526 7077 7524
f 7526 7527 7077
f 7077 7527 7078
f 7078 7527 7528
f 7079 7078 7528
f 7525 7076 7529
f 7529 7076 7080
f 7528 7081 7079
f 7530 7081 7528
f 7081 7530 7531
f 7083 7081 7531
f 7529 7080 7532
f 7532 7080 7084
f 7087 7533 7534
f 7086 7533 7087
f 7533 7086 7083
f 7531 7533 7083
f 7532 7084 7535
f 7535 7084 7088
f 7538 7536 7537
f 7537 7536 7090
f 7537 7090 7534
f 7534 7090 7087
f 7535 7088 7539
f 7539 7088 7091
f 7542 7540 7541
f 7536 7094 7093
f 7538 7094 7536
f 7538 7540 7094
f 7538 7541 7540
f 7536 7093 7090
f 7539 7091 7543
f 7543 7091 7096
f 7545 7540 7542
f 7544 7540 7545
f 7540 7544 7097
f 7094 7540 7097
f 7543 7096 7546
f 7546 7096 7099
f 7102 7547 7548
f 7101 7547 7102
f 7544 7545 7547
f 7544 7547 7103
f 7103 7547 7101
f 7544 7103 7097
f 7546 7099 7104
f 7549 7546 7104
f 7104 7550 7549
f 7105 7550 7104
f 7553 7551 7552
f 7107 7552 7551
f 7107 7106 7552
f 7106 7554 7552
f 7554 7106 7102
f 7548 7554 7102
f 7550 7105 7108
f 7555 7550 7108
f 7555 7108 7556
f 7108 7109 7556
f 7556 7109 7557
f 7109 7110 7557
f 7110 7558 7557
f 7112 7558 7110
f 7561 7559 7560
f 7114 7560 7559
f 7114 7113 7560
f 7113 7562 7560
f 7551 7553 7562
f 7551 7562 7115
f 7115 7562 7113
f 7551 7115 7107
f 7558 7112 7116
f 7563 7558 7116
f 7563 7116 7564
f 7116 7117 7564
f 7566 7118 7565
f 7566 7564 7118
f 7564 7117 7118
f 7119 7565 7118
f 7567 7565 7119
f 7119 7120 7567
f 7570 7568 7569
f 7122 7569 7568
f 7122 7121 7569
f 7121 7571 7569
f 7559 7561 7571
f 7559 7571 7123
f 7123 7571 7121
f 7559 7123 7114
f 7566 7565 7572
f 7574 7572 7565
f 7574 7565 7573
f 7573 7565 7567
f 7124 7567 7120
f 7124 7575 7567
f 7575 7573 7567
f 7125 7575 7124
f 7576 7575 7125
f 7125 7126 7576
f 7129 7577 7578
f 7128 7577 7129
f 7577 7128 7579
f 7128 7130 7579
f 7579 7130 7580
f 7130 7131 7580
f 7580 7131 7581
f 7131 7132 7581
f 7568 7570 7581
f 7568 7581 7133
f 7133 7581 7132
f 7568 7133 7122
f 7583 7574 7573
f 7582 7583 7573
f 7573 7575 7582
f 7575 7584 7582
f 7575 7576 7584
f 7576 7585 7584
f 7576 7135 7585
f 7126 7135 7576
f 7137 7586 7138
f 7586 7587 7588
f 7586 7137 7587
f 7137 7139 7587
f 7139 7589 7587
f 7141 7589 7139
f 7592 7590 7591
f 7591 7590 7593
f 7578 7142 7129
f 7594 7142 7578
f 7594 7595 7142
f 7142 7595 7143
f 7595 7596 7143
f 7143 7596 7144
f 7596 7597 7144
f 7144 7597 7145
f 7145 7597 7598
f 7147 7145 7598
f 7600 7583 7582
f 7599 7600 7582
f 7582 7584 7599
f 7584 7601 7599
f 7584 7585 7601
f 7585 7602 7601
f 7585 7149 7602
f 7135 7149 7585
f 7155 7603 7604
f 7154 7603 7155
f 7605 7154 7156
f 7605 7606 7154
f 7606 7603 7154
f 7608 7606 7605
f 7607 7159 7158
f 7607 7158 7160
f 7611 7609 7610
f 7610 7609 7612
f 7586 7161 7138
f 7588 7161 7586
f 7588 7613 7161
f 7613 7162 7161
f 7613 7141 7162
f 7589 7141 7613
f 7592 7614 7590
f 7590 7614 7593
f 7598 7615 7147
f 7615 7164 7147
f 7600 7599 7616
f 7599 7601 7617
f 7616 7599 7617
f 7601 7602 7618
f 7617 7601 7618
f 7620 7165 7619
f 7618 7165 7620
f 7618 7149 7165
f 7618 7602 7149
f 7165 7167 7619
f 7604 7168 7155
f 7621 7168 7604
f 7156 7622 7605
f 7156 7168 7622
f 7168 7621 7622
f 7605 7622 7608
f 7159 7607 7169
f 7611 7623 7609
f 7607 7160 7169
f 7609 7623 7612
f 7615 7624 7164
f 7624 7171 7164
f 7626 7620 7619
f 7625 7626 7619
f 7619 7173 7625
f 7167 7173 7619
f 7624 7627 7171
f 7627 7175 7171
f 7629 7626 7625
f 7628 7629 7625
f 7625 7176 7628
f 7173 7176 7625
f 7177 7631 7630
f 7177 7175 7631
f 7175 7627 7631
f 7177 7630 7178
f 7634 7633 7632
f 7628 7180 7181
f 7629 7628 7181
f 7629 7181 7632
f 7629 7632 7633
f 7628 7176 7180
f 7636 7630 7631
f 7635 7630 7636
f 7630 7635 7182
f 7178 7630 7182
f 7638 7634 7632
f 7637 7638 7632
f 7632 7183 7637
f 7181 7183 7632
f 7640 7635 7636
f 7639 7635 7640
f 7635 7639 7184
f 7182 7635 7184
f 7643 7642 7641
f 7637 7186 7187
f 7638 7637 7187
f 7638 7187 7641
f 7638 7641 7642
f 7637 7183 7186
f 7645 7639 7640
f 7644 7639 7645
f 7639 7644 7189
f 7184 7639 7189
f 7641 7191 7192
f 7641 7192 7643
f 7643 7192 7646
f 7641 7187 7191
f 7648 7644 7645
f 7647 7644 7648
f 7644 7647 7194
f 7189 7644 7194
f 7195 7649 7650
f 7195 7650 7192
f 7192 7650 7646
f 7195 7196 7649
f 7652 7647 7648
f 7651 7647 7652
f 7647 7651 7198
f 7194 7647 7198
f 7655 7654 7653
f 7649 7200 7201
f 7650 7649 7201
f 7650 7201 7653
f 7650 7653 7654
f 7649 7196 7200
f 7657 7651 7652
f 7656 7651 7657
f 7651 7656 7203
f 7198 7651 7203
f 7659 7655 7653
f 7658 7659 7653
f 7653 7205 7658
f 7201 7205 7653
f 7661 7656 7657
f 7660 7656 7661
f 7656 7660 7207
f 7203 7656 7207
f 7663 7659 7658
f 7662 7663 7658
f 7658 7209 7662
f 7205 7209 7658
f 7665 7660 7661
f 7664 7660 7665
f 7660 7664 7210
f 7207 7660 7210
f 7667 7663 7662
f 7666 7667 7662
f 7662 7211 7666
f 7209 7211 7662
f 7669 7664 7665
f 7668 7664 7669
f 7664 7668 7213
f 7210 7664 7213
f 7671 7667 7666
f 7670 7671 7666
f 7666 7214 7670
f 7211 7214 7666
f 7673 7668 7669
f 7672 7668 7673
f 7668 7672 7216
f 7213 7668 7216
f 7676 7675 7674
f 7670 7218 7219
f 7671 7670 7219
f 7671 7219 7674
f 7671 7674 7675
f 7670 7214 7218
f 7672 7222 7221
f 7672 7673 7222
f 7673 7677 7222
f 7672 7221 7216
f 7679 7676 7674
f 7678 7679 7674
f 7674 7225 7678
f 7219 7225 7674
f 7226 7681 7680
f 7226 7222 7681
f 7222 7677 7681
f 7226 7680 7227
f 7683 7679 7678
f 7682 7683 7678
f 7678 7228 7682
f 7225 7228 7678
f 7686 7684 7685
f 7680 7231 7230
f 7681 7231 7680
f 7681 7684 7231
f 7681 7685 7684
f 7680 7230 7227
f 7688 7683 7682
f 7687 7688 7682
f 7232 7682 7228
f 7232 7689 7682
f 7689 7687 7682
f 7232 7234 7689
f 7691 7684 7686
f 7690 7684 7691
f 7684 7690 7236
f 7231 7684 7236
f 7688 7687 7692
f 7694 7692 7687
f 7694 7687 7693
f 7693 7687 7689
f 7234 7693 7689
f 7234 7695 7693
f 7234 7237 7695
f 7696 7693 7695
f 7697 7237 7239
f 7697 7698 7237
f 7698 7695 7237
f 7698 7697 7699
f 7690 7242 7241
f 7690 7691 7242
f 7691 7700 7242
f 7690 7241 7236
f 7694 7693 7701
f 7693 7696 7701
f 7697 7239 7243
f 7697 7243 7244
f 7697 7244 7703
f 7697 7703 7699
f 7702 7703 7244
f 7245 7702 7244
f 7704 7702 7245
f 7247 7704 7245
f 7705 7704 7247
f 7248 7705 7247
f 7706 7705 7248
f 7250 7706 7248
f 7707 7706 7250
f 7252 7707 7250
f 7708 7707 7252
f 7252 7253 7708
f 7711 7709 7710
f 7710 7709 7712
f 7715 7713 7714
f 7714 7713 7255
f 7714 7255 7700
f 7700 7255 7242
f 7718 7717 7716
f 7717 7703 7702
f 7717 7702 7716
f 7716 7702 7719
f 7702 7704 7719
f 7704 7720 7719
f 7704 7705 7720
f 7705 7721 7720
f 7258 7706 7257
f 7258 7721 7706
f 7721 7705 7706
f 7707 7257 7706
f 7260 7257 7707
f 7708 7260 7707
f 7262 7260 7708
f 7708 7253 7262
f 7711 7722 7709
f 7709 7722 7712
f 7265 7723 7724
f 7264 7723 7265
f 7723 7264 7725
f 7264 7267 7725
f 7267 7726 7725
f 7268 7726 7267
f 7728 7713 7715
f 7727 7713 7728
f 7713 7727 7269
f 7255 7713 7269
f 7731 7730 7729
f 7730 7718 7716
f 7730 7716 7729
f 7729 7716 7732
f 7716 7719 7732
f 7719 7733 7732
f 7719 7720 7733
f 7720 7734 7733
f 7272 7721 7271
f 7272 7734 7721
f 7734 7720 7721
f 7721 7258 7271
f 7724 7274 7265
f 7735 7274 7724
f 7735 7736 7274
f 7274 7736 7275
f 7736 7268 7275
f 7726 7268 7736
f 7278 7737 7738
f 7277 7737 7278
f 7739 7277 7279
f 7739 7740 7277
f 7740 7737 7277
f 7740 7741 7742
f 7739 7741 7740
f 7742 7743 7744
f 7741 7743 7742
f 7744 7745 7746
f 7743 7745 7744
f 7727 7281 7280
f 7728 7281 7727
f 7728 7745 7281
f 7728 7746 7745
f 7727 7280 7269
f 7748 7731 7729
f 7747 7748 7729
f 7749 7750 7747
f 7749 7747 7732
f 7732 7747 7729
f 7752 7749 7732
f 7752 7732 7751
f 7751 7732 7733
f 7733 7734 7751
f 7734 7753 7751
f 7282 7734 7272
f 7282 7754 7734
f 7754 7753 7734
f 7283 7754 7282
f 7755 7754 7283
f 7284 7755 7283
f 7756 7755 7284
f 7284 7286 7756
f 7738 7287 7278
f 7757 7287 7738
f 7279 7758 7739
f 7279 7287 7758
f 7287 7757 7758
f 7760 7739 7758
f 7760 7741 7739
f 7289 7759 7290
f 7289 7761 7759
f 7289 7292 7761
f 7760 7762 7741
f 7762 7743 7741
f 7743 7763 7745
f 7743 7762 7763
f 7761 7292 7293
f 7765 7764 7295
f 7763 7765 7295
f 7763 7295 7281
f 7763 7281 7745
f 7295 7764 7296
f 7768 7767 7766
f 7299 7766 7767
f 7299 7767 7298
f 7298 7767 7769
f 7769 7770 7298
f 7298 7770 7300
f 7770 7771 7300
f 7300 7771 7301
f 7747 7771 7748
f 7747 7302 7771
f 7302 7301 7771
f 7302 7772 7304
f 7747 7772 7302
f 7747 7773 7772
f 7747 7750 7773
f 7773 7752 7751
f 7773 7751 7772
f 7772 7751 7774
f 7307 7753 7306
f 7307 7774 7753
f 7774 7751 7753
f 7754 7306 7753
f 7309 7306 7754
f 7755 7309 7754
f 7310 7309 7755
f 7756 7310 7755
f 7756 7311 7310
f 7775 7776 7777
f 7756 7286 7311
f 7776 7775 7313
f 7776 7313 7778
f 7313 7775 7314
f 7780 7315 7779
f 7780 7778 7315
f 7778 7313 7315
f 7316 7779 7315
f 7781 7779 7316
f 7781 7782 7783
f 7781 7316 7782
f 7316 7317 7782
f 7782 7317 7784
f 7317 7318 7784
f 7784 7318 7785
f 7318 7319 7785
f 7785 7319 7786
f 7319 7320 7786
f 7788 7321 7787
f 7788 7786 7321
f 7786 7320 7321
f 7322 7787 7321
f 7789 7787 7322
f 7322 7324 7789
f 7325 7790 7326
f 7790 7791 7792
f 7790 7325 7791
f 7325 7327 7791
f 7791 7327 7793
f 7327 7329 7793
f 7329 7794 7793
f 7330 7794 7329
f 7759 7331 7290
f 7761 7331 7759
f 7332 7331 7761
f 7761 7293 7332
f 7764 7335 7334
f 7764 7765 7335
f 7765 7795 7335
f 7764 7334 7296
f 7768 7766 7796
f 7798 7337 7797
f 7796 7337 7798
f 7796 7299 7337
f 7796 7766 7299
f 7337 7339 7797
f 7799 7304 7772
f 7342 7304 7799
f 7345 7774 7344
f 7345 7799 7774
f 7799 7772 7774
f 7774 7307 7344
f 7777 7800 7775
f 7775 7347 7314
f 7775 7800 7347
f 7800 7801 7347
f 7804 7802 7803
f 7801 7780 7348
f 7801 7348 7347
f 7348 7780 7779
f 7779 7781 7350
f 7779 7350 7348
f 7781 7805 7350
f 7802 7350 7803
f 7805 7803 7350
f 7781 7783 7805
f 7788 7787 7806
f 7787 7789 7807
f 7806 7787 7807
f 7789 7808 7807
f 7789 7324 7808
f 7324 7352 7808
f 7790 7353 7326
f 7792 7353 7790
f 7792 7809 7353
f 7809 7354 7353
f 7809 7810 7354
f 7354 7810 7355
f 7810 7330 7355
f 7794 7330 7810
f 7795 7811 7335
f 7811 7357 7335
f 7798 7797 7812
f 7797 7339 7358
f 7797 7358 7812
f 7812 7358 7813
f 7815 7359 7814
f 7815 7813 7359
f 7813 7358 7359
f 7360 7814 7359
f 7816 7814 7360
f 7342 7816 7360
f 7342 7799 7816
f 7799 7817 7816
f 7799 7362 7817
f 7345 7362 7799
f 7804 7818 7802
f 7802 7818 7819
f 7802 7819 7350
f 7350 7819 7364
f 7367 7821 7820
f 7366 7367 7820
f 7820 7352 7366
f 7808 7352 7820
f 7824 7822 7823
f 7823 7822 7369
f 7823 7369 7811
f 7811 7369 7357
f 7827 7826 7825
f 7372 7825 7826
f 7372 7826 7371
f 7371 7826 7828
f 7828 7829 7371
f 7371 7829 7373
f 7829 7830 7373
f 7373 7830 7374
f 7830 7831 7374
f 7374 7831 7375
f 7814 7831 7815
f 7814 7376 7831
f 7376 7375 7831
f 7816 7376 7814
f 7377 7376 7816
f 7817 7377 7816
f 7378 7377 7817
f 7817 7362 7378
f 7379 7833 7832
f 7379 7364 7833
f 7364 7819 7833
f 7379 7832 7380
f 7383 7835 7834
f 7382 7383 7834
f 7834 7367 7382
f 7821 7367 7834
f 7837 7822 7824
f 7836 7822 7837
f 7822 7836 7384
f 7369 7822 7384
f 7839 7827 7825
f 7838 7839 7825
f 7825 7386 7838
f 7372 7386 7825
f 7842 7840 7841
f 7832 7389 7388
f 7833 7389 7832
f 7833 7840 7389
f 7833 7841 7840
f 7832 7388 7380
f 7845 7844 7843
f 7844 7391 7843
f 7844 7835 7391
f 7835 7383 7391
f 7837 7846 7836
f 7848 7847 7392
f 7846 7848 7392
f 7846 7392 7384
f 7846 7384 7836
f 7393 7392 7847
f 7849 7393 7847
f 7394 7393 7849
f 7850 7394 7849
f 7394 7850 7396
f 7852 7839 7838
f 7851 7852 7838
f 7838 7400 7851
f 7386 7400 7838
f 7854 7840 7842
f 7853 7840 7854
f 7840 7853 7402
f 7389 7840 7402
f 7856 7845 7843
f 7855 7856 7843
f 7843 7404 7855
f 7391 7404 7843
f 7848 7857 7847
f 7847 7858 7849
f 7857 7858 7847
f 7849 7859 7850
f 7858 7859 7849
f 7850 7405 7396
f 7850 7859 7405
f 7859 7860 7405
f 7862 7861 7406
f 7862 7406 7860
f 7860 7406 7405
f 7407 7406 7861
f 7863 7407 7861
f 7407 7863 7408
f 7851 7410 7411
f 7851 7411 7852
f 7852 7411 7864
f 7851 7400 7410
f 7867 7865 7866
f 7866 7853 7854
f 7866 7865 7853
f 7865 7868 7853
f 7853 7868 7413
f 7402 7853 7413
f 7870 7856 7855
f 7869 7870 7855
f 7855 7414 7869
f 7404 7414 7855
f 7862 7871 7861
f 7873 7861 7871
f 7873 7872 7861
f 7872 7863 7861
f 7863 7872 7415
f 7408 7863 7415
f 7876 7875 7874
f 7875 7417 7874
f 7875 7864 7417
f 7864 7411 7417
f 7867 7877 7865
f 7877 7878 7420
f 7877 7420 7868
f 7877 7868 7865
f 7419 7868 7420
f 7868 7419 7413
f 7870 7869 7879
f 7869 7414 7421
f 7869 7421 7879
f 7879 7421 7880
f 7882 7422 7881
f 7882 7880 7422
f 7880 7421 7422
f 7422 7424 7881
f 7872 7426 7425
f 7872 7873 7426
f 7873 7883 7426
f 7872 7425 7415
f 7886 7885 7884
f 7874 7428 7429
f 7876 7874 7429
f 7876 7429 7884
f 7876 7884 7885
f 7874 7417 7428
f 7889 7887 7888
f 7888 7887 7431
f 7888 7431 7878
f 7878 7431 7420
f 7882 7881 7890
f 7881 7424 7432
f 7881 7432 7890
f 7890 7432 7891
f 7893 7433 7892
f 7893 7891 7433
f 7891 7432 7433
f 7433 7435 7892
f 7439 7894 7895
f 7438 7894 7439
f 7894 7438 7896
f 7438 7440 7896
f 7896 7440 7897
f 7440 7441 7897
f 7897 7441 7426
f 7883 7897 7426
f 7899 7886 7884
f 7898 7899 7884
f 7884 7443 7898
f 7429 7443 7884
f 7447 7900 7901
f 7446 7900 7447
f 7900 7446 7902
f 7446 7448 7902
f 7887 7889 7902
f 7887 7902 7449
f 7449 7902 7448
f 7887 7449 7431
f 7893 7892 7903
f 7892 7435 7450
f 7892 7450 7903
f 7903 7450 7904
f 7906 7451 7905
f 7906 7904 7451
f 7904 7450 7451
f 7451 7453 7905
f 7456 7907 7908
f 7455 7907 7456
f 7907 7455 7439
f 7895 7907 7439
f 7899 7898 7909
f 7898 7443 7457
f 7898 7457 7909
f 7909 7457 7910
f 7910 7457 7911
f 7457 7458 7911
f 7911 7458 7912
f 7458 7459 7912
f 7912 7459 7913
f 7459 7460 7913
f 7913 7460 7914
f 7460 7461 7914
f 7914 7461 7915
f 7461 7462 7915
f 7915 7462 7916
f 7462 7463 7916
f 7916 7463 7917
f 7463 7464 7917
f 7917 7464 7918
f 7464 7465 7918
f 7918 7465 7919
f 7465 7466 7919
f 7919 7466 7920
f 7466 7467 7920
f 7920 7467 7921
f 7467 7468 7921
f 7921 7468 7447
f 7901 7921 7447
f 7906 7905 7922
f 7905 7453 7469
f 7905 7469 7922
f 7922 7469 7923
f 7925 7470 7924
f 7925 7923 7470
f 7923 7469 7470
f 7470 7472 7924
f 7475 7926 7927
f 7474 7926 7475
f 7926 7474 7928
f 7474 7476 7928
f 7928 7476 7456
f 7908 7928 7456
f 7925 7924 7929
f 7924 7472 7477
f 7924 7477 7929
f 7929 7477 7930
f 7930 7477 7931
f 7477 7478 7931
f 7931 7478 7475
f 7927 7931 7475
f 7480 7933 7932
f 7479 7480 7932
f 7932 7934 7479
f 7479 7934 7481
f 7934 7935 7481
f 7481 7935 7482
f 7935 7936 7482
f 7482 7936 7483
f 7936 7937 7483
f 7483 7937 7484
f 7937 7938 7484
f 7484 7938 7485
f 7938 7939 7485
f 7485 7939 7486
f 7939 7940 7486
f 7486 7940 7487
f 7940 7941 7487
f 7487 7941 7488
f 7941 7942 7488
f 7488 7942 7489
f 7942 7943 7489
f 7489 7943 7490
f 7943 7944 7490
f 7490 7944 7491
f 7944 7945 7491
f 7491 7945 7492
f 7945 7946 7492
f 7492 7946 7493
f 7946 7947 7493
f 7493 7947 7494
f 7947 7948 7494
f 7494 7948 7495
f 7948 7949 7495
f 7495 7949 7496
f 7949 7950 7496
f 7496 7950 7497
f 7950 7951 7497
f 7497 7951 7498
f 7951 7952 7498
f 7498 7952 7499
f 7952 7953 7499
f 7499 7953 7500
f 7953 7954 7500
f 7500 7954 7501
f 7954 7955 7501
f 7501 7955 7502
f 7955 7956 7502
f 7502 7956 7503
f 7956 7957 7503
f 7503 7957 7504
f 7957 7958 7504
f 7504 7958 7505
f 7958 7959 7505
f 7505 7959 7506
f 7959 7960 7506
f 7506 7960 7507
f 7960 7961 7507
f 7507 7961 7508
f 7961 7962 7508
f 7508 7962 7509
f 7962 7963 7509
f 7509 7963 7510
f 7963 7964 7510
f 7510 7964 7511
f 7964 7965 7511
f 7511 7965 7512
f 7965 7966 7512
f 7512 7966 7513
f 7966 7967 7513
f 7513 7967 7514
f 7967 7968 7514
f 7514 7968 7515
f 7968 7969 7515
f 7515 7969 7516
f 7969 7970 7516
f 7516 7970 7517
f 7970 7971 7517
f 7517 7971 7518
f 7518 7971 7972
f 7519 7518 7972
f 7933 7480 7973
f 7973 7480 7520
f 7972 7521 7519
f 7974 7521 7972
f 7974 7975 7521
f 7521 7975 7522
f 7975 7976 7522
f 7522 7976 7523
f 7523 7976 7977
f 7524 7523 7977
f 7973 7520 7978
f 7978 7520 7525
f 7977 7526 7524
f 7979 7526 7977
f 7981 7980 7527
f 7981 7527 7979
f 7979 7527 7526
f 7527 7980 7528
f 7978 7525 7982
f 7982 7525 7529
f 7981 7983 7980
f 7985 7984 7530
f 7983 7985 7530
f 7983 7530 7528
f 7983 7528 7980
f 7530 7984 7531
f 7982 7529 7986
f 7986 7529 7532
f 7989 7987 7988
f 7984 7534 7533
f 7985 7534 7984
f 7985 7987 7534
f 7985 7988 7987
f 7984 7533 7531
f 7986 7532 7990
f 7990 7532 7535
f 7987 7538 7537
f 7987 7989 7538
f 7989 7991 7538
f 7987 7537 7534
f 7990 7535 7992
f 7992 7535 7539
f 7542 7993 7994
f 7541 7993 7542
f 7993 7541 7538
f 7991 7993 7538
f 7992 7539 7995
f 7995 7539 7543
f 7998 7996 7997
f 7997 7996 7545
f 7997 7545 7994
f 7994 7545 7542
f 7995 7543 7999
f 7999 7543 7546
f 8002 8000 8001
f 7996 7548 7547
f 7998 7548 7996
f 7998 8000 7548
f 7998 8001 8000
f 7996 7547 7545
f 7999 7546 7549
f 8003 7999 7549
f 7549 8004 8003
f 7550 8004 7549
f 8007 8005 8006
f 7553 8006 8005
f 7553 7552 8006
f 7552 8008 8006
f 8000 8002 8008
f 8000 8008 7554
f 7554 8008 7552
f 8000 7554 7548
f 8004 7550 7555
f 8009 8004 7555
f 8009 7555 8010
f 7555 7556 8010
f 8012 7557 8011
f 8012 8010 7557
f 8010 7556 7557
f 7557 7558 8011
f 7561 8013 8014
f 7560 8013 7561
f 8005 8007 8013
f 8005 8013 7562
f 7562 8013 7560
f 8005 7562 7553
f 8012 8011 8015
f 8011 7558 7563
f 8011 7563 8015
f 8015 7563 8016
f 8018 7564 8017
f 8018 8016 7564
f 8016 7563 7564
f 7564 7566 8017
f 7570 8019 8020
f 7569 8019 7570
f 8019 7569 8021
f 7569 7571 8021
f 8021 7571 7561
f 8014 8021 7561
f 8023 8018 8017
f 8022 8023 8017
f 7572 8017 7566
f 7572 8024 8017
f 8024 8022 8017
f 7572 7574 8024
f 7578 8025 8026
f 7577 8025 7578
f 8025 7577 8027
f 7577 7579 8027
f 8027 7579 8028
f 7579 7580 8028
f 8028 7580 8029
f 7580 7581 8029
f 8029 7581 7570
f 8020 8029 7570
f 8031 8023 8022
f 8030 8031 8022
f 8022 8024 8030
f 8024 8032 8030
f 8024 7583 8032
f 7574 7583 8024
f 7588 8033 8034
f 7587 8033 7588
f 8035 7587 7589
f 8035 8036 7587
f 8036 8033 7587
f 7592 8036 8035
f 7592 7591 8036
f 7591 8037 8036
f 8038 7591 7593
f 8038 8039 7591
f 8039 8037 7591
f 8039 8038 8040
f 8026 7594 7578
f 8041 7594 8026
f 8041 8042 7594
f 7594 8042 7595
f 8042 8043 7595
f 7595 8043 7596
f 8045 8044 7597
f 8045 7597 8043
f 8043 7597 7596
f 7597 8044 7598
f 8048 8047 8046
f 8047 8031 8030
f 8047 8030 8046
f 8046 8030 8049
f 8030 8032 8049
f 8032 8050 8049
f 8032 7600 8050
f 7583 7600 8032
f 7603 8051 7604
f 8051 8052 8053
f 8051 7603 8052
f 7603 7606 8052
f 8054 7606 7608
f 8054 8055 7606
f 8055 8052 7606
f 7611 8055 8054
f 7611 7610 8055
f 7610 8056 8055
f 8057 7610 7612
f 8057 8058 7610
f 8058 8056 7610
f 8058 8057 8059
f 8034 7613 7588
f 8060 7613 8034
f 7589 8061 8035
f 7589 7613 8061
f 7613 8060 8061
f 8035 7614 7592
f 8035 8061 7614
f 8061 8062 7614
f 7593 8063 8038
f 7593 7614 8063
f 7614 8062 8063
f 8038 8063 8040
f 8065 8044 8045
f 8064 8044 8065
f 8044 8064 7615
f 7598 8044 7615
f 8048 8046 8066
f 8046 8049 8067
f 8066 8046 8067
f 8049 8050 8068
f 8067 8049 8068
f 8050 7600 7616
f 8050 7616 8068
f 8068 7616 8069
f 8069 7616 8070
f 7616 7617 8070
f 8072 7618 8071
f 8072 8070 7618
f 8070 7617 7618
f 7618 7620 8071
f 8051 7621 7604
f 8053 7621 8051
f 8053 8073 7621
f 8073 7622 7621
f 7608 8074 8054
f 7608 7622 8074
f 7622 8073 8074
f 8054 7623 7611
f 8054 8074 7623
f 8074 8075 7623
f 7612 8076 8057
f 7612 7623 8076
f 7623 8075 8076
f 8057 8076 8059
f 8078 8064 8065
f 8077 8064 8078
f 8064 8077 7624
f 7615 8064 7624
f 8080 8072 8071
f 8079 8080 8071
f 8071 7626 8079
f 7620 7626 8071
f 8082 8077 8078
f 8081 8077 8082
f 8077 8081 7627
f 7624 8077 7627
f 8084 8080 8079
f 8083 8084 8079
f 8079 7629 8083
f 7626 7629 8079
f 8086 8081 8082
f 8085 8081 8086
f 8081 8085 7631
f 7627 8081 7631
f 8089 8088 8087
f 8083 7633 7634
f 8084 8083 7634
f 8084 7634 8087
f 8084 8087 8088
f 8083 7629 7633
f 8091 8085 8086
f 8090 8085 8091
f 8085 8090 7636
f 7631 8085 7636
f 8093 8089 8087
f 8092 8093 8087
f 8087 7638 8092
f 7634 7638 8087
f 8095 8090 8091
f 8094 8090 8095
f 8090 8094 7640
f 7636 8090 7640
f 8098 8097 8096
f 8092 7642 7643
f 8093 8092 7643
f 8093 7643 8096
f 8093 8096 8097
f 8092 7638 7642
f 8100 8094 8095
f 8099 8094 8100
f 8094 8099 7645
f 7640 8094 7645
f 8102 8098 8096
f 8101 8102 8096
f 8096 7646 8101
f 7643 7646 8096
f 8104 8099 8100
f 8103 8099 8104
f 8099 8103 7648
f 7645 8099 7648
f 8106 8102 8101
f 8105 8106 8101
f 8101 7650 8105
f 7646 7650 8101
f 8108 8103 8104
f 8107 8103 8108
f 8103 8107 7652
f 7648 8103 7652
f 8111 8110 8109
f 8105 7654 7655
f 8106 8105 7655
f 8106 7655 8109
f 8106 8109 8110
f 8105 7650 7654
f 8113 8107 8108
f 8112 8107 8113
f 8107 8112 7657
f 7652 8107 7657
f 8115 8111 8109
f 8114 8115 8109
f 8109 7659 8114
f 7655 7659 8109
f 8117 8112 8113
f 8116 8112 8117
f 8112 8116 7661
f 7657 8112 7661
f 8119 8115 8114
f 8118 8119 8114
f 8114 7663 8118
f 7659 7663 8114
f 8121 8116 8117
f 8120 8116 8121
f 8116 8120 7665
f 7661 8116 7665
f 8123 8119 8118
f 8122 8123 8118
f 8118 7667 8122
f 7663 7667 8118
f 8125 8120 8121
f 8124 8120 8125
f 8120 8124 7669
f 7665 8120 7669
f 8128 8127 8126
f 8127 8123 8122
f 8127 8122 8126
f 8126 8122 8129
f 8122 7671 8129
f 7667 7671 8122
f 8131 8124 8125
f 8130 8124 8131
f 8124 8130 7673
f 7669 8124 7673
f 8133 8128 8126
f 8132 8133 8126
f 7676 8129 7675
f 7676 8132 8129
f 8132 8126 8129
f 8129 7671 7675
f 8135 8130 8131
f 8134 8130 8135
f 8130 8134 7677
f 7673 8130 7677
f 8137 8133 8132
f 8136 8137 8132
f 8132 7679 8136
f 7676 7679 8132
f 8139 8134 8135
f 8138 8134 8139
f 8134 8138 7681
f 7677 8134 7681
f 8141 8137 8136
f 8140 8141 8136
f 8136 7683 8140
f 7679 7683 8136
f 8138 7686 7685
f 8138 8139 7686
f 8139 8142 7686
f 8138 7685 7681
f 8145 8144 8143
f 8144 8141 8140
f 8144 8140 8143
f 8143 8140 8146
f 8140 7688 8146
f 7683 7688 8140
f 8149 8147 8148
f 8148 8147 7691
f 8148 7691 8142
f 8142 7691 7686
f 8145 8143 8150
f 8143 8146 8151
f 8150 8143 8151
f 8146 7688 7692
f 8146 7692 8151
f 8151 7692 8152
f 8153 7692 7694
f 8153 8154 7692
f 8154 8152 7692
f 7696 8154 8153
f 7696 7695 8154
f 7695 8155 8154
f 8155 7695 8156
f 7695 7698 8156
f 8157 7698 7699
f 8157 8158 7698
f 8158 8156 7698
f 8158 8159 8160
f 8157 8159 8158
f 8160 8159 8161
f 8163 8147 8149
f 8162 8147 8163
f 8147 8162 7700
f 7691 8147 7700
f 7701 8164 8166
f 7701 8166 7694
f 8165 8153 8166
f 8153 7694 8166
f 8165 8168 7696
f 8165 7696 8153
f 8168 8167 7696
f 7701 7696 8164
f 8167 8164 7696
f 8168 8170 8169
f 8167 8168 8169
f 8169 8170 8171
f 8169 8171 7699
f 8169 7699 7703
f 8157 7699 8171
f 8157 8172 8159
f 8171 8172 8157
f 8159 8172 8161
f 7710 8173 7711
f 8173 7710 7712
f 8176 8174 8175
f 8175 8177 8178
f 8174 8177 8175
f 8178 8177 8179
f 8162 7715 7714
f 8162 8163 7715
f 8163 8180 7715
f 8162 7714 7700
f 8182 8166 8164
f 8181 8182 8164
f 8164 8167 8181
f 8167 8183 8181
f 7718 8169 7717
f 7718 8183 8169
f 8183 8167 8169
f 8169 7703 7717
f 8173 7722 7711
f 8176 8184 8174
f 8173 7712 7722
f 8174 8185 8177
f 8184 8185 8174
f 8177 8185 8179
f 7723 8186 7724
f 8186 8187 8188
f 8186 7723 8187
f 7723 7725 8187
f 7725 8189 8187
f 7726 8189 7725
f 8192 8190 8191
f 8191 8190 7728
f 8191 7728 8180
f 8180 7728 7715
f 8195 8194 8193
f 8194 8182 8181
f 8194 8181 8193
f 8193 8181 8196
f 7731 8183 7730
f 7731 8196 8183
f 8196 8181 8183
f 8183 7718 7730
f 8186 7735 7724
f 8188 7735 8186
f 8188 8197 7735
f 8197 7736 7735
f 8197 7726 7736
f 8189 7726 8197
f 7737 8198 7738
f 7740 8198 7737
f 8199 8198 7740
f 7742 8199 7740
f 8200 8199 7742
f 7744 8200 7742
f 8201 8200 7744
f 8201 8192 8202
f 8201 7746 8192
f 8201 7744 7746
f 7746 8190 8192
f 8190 7746 7728
f 8204 8195 8193
f 8203 8204 8193
f 8193 8196 8203
f 8196 8205 8203
f 8196 7748 8205
f 7731 7748 8196
f 7749 8206 7750
f 7749 7752 8206
f 8198 7757 7738
f 8199 7757 8198
f 7758 7757 8199
f 8200 7758 8199
f 8200 7760 7758
f 8207 8208 8209
f 7760 8201 7762
f 7760 8200 8201
f 8208 8207 8210
f 8201 7763 7762
f 8201 8212 7763
f 8201 8202 8212
f 8211 7763 8212
f 7763 8211 7765
f 7768 8214 8213
f 7767 7768 8213
f 8213 8215 7767
f 7767 8215 7769
f 8203 8215 8204
f 8203 7770 8215
f 7770 7769 8215
f 8205 7770 8203
f 7771 7770 8205
f 8205 7748 7771
f 8206 7773 7750
f 8206 7752 7773
f 8218 8216 8217
f 8220 8217 8216
f 8219 7777 7776
f 7778 8219 7776
f 8221 8219 7778
f 7778 7780 8221
f 7782 8222 7783
f 7784 8222 7782
f 8223 8222 7784
f 7785 8223 7784
f 8224 8223 7785
f 7786 8224 7785
f 8225 8224 7786
f 7786 7788 8225
f 7792 8226 8227
f 7791 8226 7792
f 8226 7791 8228
f 7791 7793 8228
f 8229 7793 7794
f 8229 8230 7793
f 8230 8228 7793
f 8230 8229 8231
f 8209 8232 8207
f 8207 8232 8210
f 8234 8211 8212
f 8233 8211 8234
f 8211 8233 7795
f 7765 8211 7795
f 8237 8236 8235
f 8236 8238 8235
f 8236 7768 8238
f 8236 8214 7768
f 7768 7796 8238
f 7796 7798 8238
f 8218 8239 8216
f 8216 8239 8220
f 7777 8219 7800
f 8221 7800 8219
f 8221 7801 7800
f 8240 8241 8242
f 8221 7780 7801
f 8241 8240 7803
f 8241 7803 8243
f 7803 8240 7804
f 8243 7803 8244
f 7803 7805 8244
f 7783 8222 8245
f 7783 8245 7805
f 7805 8245 8244
f 8222 8223 8246
f 8245 8222 8246
f 8223 8224 8247
f 8246 8223 8247
f 8224 8225 8248
f 8247 8224 8248
f 8225 7788 7806
f 8225 7806 8248
f 8248 7806 8249
f 8249 7806 8250
f 7806 7807 8250
f 7807 8251 8250
f 7808 8251 7807
f 8227 7809 7792
f 8252 7809 8227
f 8252 8253 7809
f 7809 8253 7810
f 7794 8254 8229
f 7794 7810 8254
f 7810 8253 8254
f 8229 8254 8231
f 8256 8233 8234
f 8255 8233 8256
f 8233 8255 7811
f 7795 8233 7811
f 8237 8235 8257
f 8235 8238 8258
f 8257 8235 8258
f 8260 7812 8259
f 8258 7812 8260
f 8258 7798 7812
f 8258 8238 7798
f 7813 8259 7812
f 8261 8259 7813
f 7813 7815 8261
f 8242 8262 8240
f 8264 8263 7818
f 8262 8264 7818
f 8262 7818 7804
f 8262 7804 8240
f 7818 8263 7819
f 8267 8266 8265
f 7821 8265 8266
f 7821 8266 7820
f 7820 8266 8268
f 8268 7808 7820
f 8251 7808 8268
f 8255 7824 7823
f 8255 8256 7824
f 8256 8269 7824
f 8255 7823 7811
f 7826 7827 8270
f 7828 7826 8270
f 8271 7828 8270
f 7829 7828 8271
f 8272 7829 8271
f 7830 7829 8260
f 7830 8260 8259
f 7829 8272 8260
f 8274 8260 8273
f 8272 8273 8260
f 7830 8261 7831
f 7830 8259 8261
f 8274 8273 8275
f 8261 7815 7831
f 8277 8263 8264
f 8276 8263 8277
f 8263 8276 7833
f 7819 8263 7833
f 8280 8279 8278
f 8265 7834 7835
f 8267 8265 7835
f 8267 7835 8278
f 8267 8278 8279
f 8265 7821 7834
f 8283 8281 8282
f 8282 8281 7837
f 8282 7837 8269
f 8269 7837 7824
f 8286 8285 8284
f 8284 8285 8287
f 8284 8287 7827
f 8284 7827 7839
f 8270 7827 8287
f 8270 8288 8271
f 8287 8288 8270
f 8271 8289 8272
f 8288 8289 8271
f 8272 8290 8273
f 8289 8290 8272
f 8273 8290 8275
f 8276 7842 7841
f 8276 8277 7842
f 8277 8291 7842
f 8276 7841 7833
f 8278 7844 7845
f 8278 7845 8280
f 8280 7845 8292
f 8278 7835 7844
f 8294 8281 8283
f 8293 8281 8294
f 7846 7837 8281
f 7846 8281 8295
f 8295 8281 8293
f 7846 8295 7848
f 8297 8286 8284
f 8296 8297 8284
f 8284 7852 8296
f 7839 7852 8284
f 8300 8298 8299
f 8299 8298 7854
f 8299 7854 8291
f 8291 7854 7842
f 8292 7845 8301
f 8301 7845 7856
f 8294 8302 8293
f 8293 8303 8295
f 8302 8303 8293
f 8295 7857 7848
f 8295 8303 7857
f 8303 8304 7857
f 8304 8305 7857
f 7857 8305 7858
f 8307 8306 7859
f 8307 7859 8305
f 8305 7859 7858
f 7860 7859 8306
f 8308 7860 8306
f 7860 8308 7862
f 8310 8297 8296
f 8309 8310 8296
f 8296 7864 8309
f 7852 7864 8296
f 8298 7867 7866
f 8298 8300 7867
f 8300 8311 7867
f 8298 7866 7854
f 8314 8313 8312
f 8313 7870 8312
f 8313 8301 7870
f 8301 7856 7870
f 8316 8306 8307
f 8315 8306 8316
f 8306 8315 8308
f 8308 8315 8317
f 7871 7862 8308
f 7871 8308 8318
f 8318 8308 8317
f 7871 8318 7873
f 8321 8320 8319
f 8309 7875 7876
f 8310 8309 7876
f 8310 7876 8319
f 8310 8319 8320
f 8309 7864 7875
f 7877 8323 8322
f 7877 7867 8323
f 7867 8311 8323
f 7877 8322 7878
f 8314 8312 8324
f 8326 7879 8325
f 8324 7879 8326
f 8324 7870 7879
f 8324 8312 7870
f 7880 8325 7879
f 8327 8325 7880
f 7880 7882 8327
f 8329 8315 8316
f 8328 8315 8329
f 8315 8328 8317
f 8317 8328 8330
f 8317 8330 8318
f 8318 8330 8331
f 8318 8331 7883
f 7873 8318 7883
f 8319 7885 7886
f 8319 7886 8321
f 8321 7886 8332
f 8319 7876 7885
f 8335 8333 8334
f 8322 7889 7888
f 8323 7889 8322
f 8323 8333 7889
f 8323 8334 8333
f 8322 7888 7878
f 8326 8325 8336
f 8325 8327 8337
f 8336 8325 8337
f 8339 7890 8338
f 8337 7890 8339
f 8337 7882 7890
f 8337 8327 7882
f 7891 8338 7890
f 8340 8338 7891
f 7891 7893 8340
f 8328 8329 8342
f 7894 8341 7895
f 7894 7896 8343
f 7894 8343 8341
f 7896 8330 8343
f 8342 8343 8328
f 8330 8328 8343
f 8331 8330 7896
f 7897 8331 7896
f 8331 7897 7883
f 8332 7886 8344
f 8344 7886 7899
f 7901 8345 8346
f 7900 8345 7901
f 8333 8335 8345
f 8333 8345 7902
f 7902 8345 7900
f 8333 7902 7889
f 8339 8338 8347
f 8338 8340 8348
f 8347 8338 8348
f 8350 7903 8349
f 8348 7903 8350
f 8348 7893 7903
f 8348 8340 7893
f 7904 8349 7903
f 8351 8349 7904
f 7904 7906 8351
f 7908 8352 8353
f 7907 8352 7908
f 7895 8341 8354
f 7895 8354 7907
f 7907 8354 8352
f 8341 8343 8354
f 8344 7899 7909
f 8355 8344 7909
f 8355 7909 8356
f 7909 7910 8356
f 8356 7910 8357
f 7910 7911 8357
f 8357 7911 8358
f 7911 7912 8358
f 8358 7912 8359
f 7912 7913 8359
f 8359 7913 8360
f 7913 7914 8360
f 8360 7914 8361
f 7914 7915 8361
f 8361 7915 8362
f 7915 7916 8362
f 8362 7916 8363
f 7916 7917 8363
f 8363 7917 8364
f 7917 7918 8364
f 8364 7918 8365
f 7918 7919 8365
f 8365 7919 8366
f 7919 7920 8366
f 8366 7920 8367
f 7920 7921 8367
f 8367 7921 7901
f 8346 8367 7901
f 8350 8349 8368
f 8349 8351 8369
f 8368 8349 8369
f 8371 7922 8370
f 8369 7922 8371
f 8369 7906 7922
f 8369 8351 7906
f 7923 8370 7922
f 8372 8370 7923
f 7923 7925 8372
f 7927 8373 8374
f 7926 8373 7927
f 8373 7926 8375
f 7926 7928 8375
f 8375 7928 7908
f 8353 8375 7908
f 8371 8370 8376
f 8370 8372 8377
f 8376 8370 8377
f 8379 7929 8378
f 8377 7929 8379
f 8377 7925 7929
f 8377 8372 7925
f 8378 8380 8381
f 8378 7929 8380
f 7929 7930 8380
f 8380 7930 8382
f 7930 7931 8382
f 8382 7931 7927
f 8374 8382 7927
f 8379 8378 8383
f 8378 8381 8383
f 7933 8385 8384
f 7932 7933 8384
f 8384 8386 7932
f 7932 8386 7934
f 8386 8387 7934
f 7934 8387 7935
f 8387 8388 7935
f 7935 8388 7936
f 8388 8389 7936
f 7936 8389 7937
f 8389 8390 7937
f 7937 8390 7938
f 8390 8391 7938
f 7938 8391 7939
f 8391 8392 7939
f 7939 8392 7940
f 8392 8393 7940
f 7940 8393 7941
f 8393 8394 7941
f 7941 8394 7942
f 8394 8395 7942
f 7942 8395 7943
f 8395 8396 7943
f 7943 8396 7944
f 8396 8397 7944
f 7944 8397 7945
f 8397 8398 7945
f 7945 8398 7946
f 8398 8399 7946
f 7946 8399 7947
f 8399 8400 7947
f 7947 8400 7948
f 8400 8401 7948
f 7948 8401 7949
f 8401 8402 7949
f 7949 8402 7950
f 8402 8403 7950
f 7950 8403 7951
f 8403 8404 7951
f 7951 8404 7952
f 8404 8405 7952
f 7952 8405 7953
f 8405 8406 7953
f 7953 8406 7954
f 8406 8407 7954
f 7954 8407 7955
f 8407 8408 7955
f 7955 8408 7956
f 8408 8409 7956
f 7956 8409 7957
f 8409 8410 7957
f 7957 8410 7958
f 8410 8411 7958
f 7958 8411 7959
f 8411 8412 7959
f 7959 8412 7960
f 8412 8413 7960
f 7960 8413 7961
f 8413 8414 7961
f 7961 8414 7962
f 8414 8415 7962
f 7962 8415 7963
f 8415 8416 7963
f 7963 8416 7964
f 8416 8417 7964
f 7964 8417 7965
f 8417 8418 7965
f 7965 8418 7966
f 8418 8419 7966
f 7966 8419 7967
f 8419 8420 7967
f 7967 8420 7968
f 8420 8421 7968
f 7968 8421 7969
f 8421 8422 7969
f 7969 8422 7970
f 8422 8423 7970
f 7970 8423 7971
f 7971 8423 8424
f 7972 7971 8424
f 8385 7933 8425
f 8425 7933 7973
f 8424 7974 7972
f 8426 7974 8424
f 8426 8427 7974
f 7974 8427 7975
f 8427 8428 7975
f 7975 8428 7976
f 7976 8428 8429
f 7977 7976 8429
f 8425 7973 8430
f 8430 7973 7978
f 8429 7979 7977
f 8431 7979 8429
f 8432 7981 7979
f 8432 7979 8433
f 8433 7979 8431
f 8433 8434 8432
f 8430 7978 8435
f 8435 7978 7982
f 8437 8438 8436
f 8432 7983 7981
f 7983 8432 8434
f 7983 8434 7985
f 8437 8436 8434
f 8436 7985 8434
f 8435 7982 8439
f 8439 7982 7986
f 8442 8440 8441
f 8436 7989 7988
f 8438 7989 8436
f 8438 8440 7989
f 8438 8441 8440
f 8436 7988 7985
f 8439 7986 8443
f 8443 7986 7990
f 8445 8440 8442
f 8444 8440 8445
f 8440 8444 7991
f 7989 8440 7991
f 8443 7990 8446
f 8446 7990 7992
f 8449 8447 8448
f 8444 7994 7993
f 8445 7994 8444
f 8445 8447 7994
f 8445 8448 8447
f 8444 7993 7991
f 8446 7992 8450
f 8450 7992 7995
f 8447 7998 7997
f 8447 8449 7998
f 8449 8451 7998
f 8447 7997 7994
f 8450 7995 8452
f 8452 7995 7999
f 8002 8453 8454
f 8001 8453 8002
f 8453 8001 7998
f 8451 8453 7998
f 8003 8455 8456
f 8003 8456 7999
f 7999 8456 8452
f 8003 8004 8455
f 8007 8457 8458
f 8006 8457 8007
f 8457 8006 8459
f 8006 8008 8459
f 8459 8008 8002
f 8454 8459 8002
f 8456 8455 8460
f 8455 8004 8009
f 8455 8009 8460
f 8460 8009 8461
f 8463 8010 8462
f 8463 8461 8010
f 8461 8009 8010
f 8010 8012 8462
f 8466 8464 8465
f 8014 8465 8464
f 8014 8013 8465
f 8013 8467 8465
f 8467 8013 8007
f 8458 8467 8007
f 8469 8463 8462
f 8468 8469 8462
f 8015 8462 8012
f 8015 8470 8462
f 8470 8468 8462
f 8016 8470 8015
f 8471 8470 8016
f 8016 8018 8471
f 8474 8472 8473
f 8020 8473 8472
f 8020 8019 8473
f 8019 8475 8473
f 8464 8466 8475
f 8464 8475 8021
f 8021 8475 8019
f 8464 8021 8014
f 8477 8469 8468
f 8476 8477 8468
f 8468 8470 8476
f 8470 8478 8476
f 8470 8471 8478
f 8471 8479 8478
f 8471 8023 8479
f 8018 8023 8471
f 8482 8480 8481
f 8026 8481 8480
f 8026 8025 8481
f 8025 8483 8481
f 8483 8025 8484
f 8025 8027 8484
f 8484 8027 8485
f 8027 8028 8485
f 8472 8474 8485
f 8472 8485 8029
f 8029 8485 8028
f 8472 8029 8020
f 8487 8477 8476
f 8486 8487 8476
f 8476 8478 8486
f 8478 8488 8486
f 8478 8479 8488
f 8479 8489 8488
f 8479 8031 8489
f 8023 8031 8479
f 8034 8490 8491
f 8033 8490 8034
f 8490 8033 8492
f 8033 8036 8492
f 8492 8036 8493
f 8036 8037 8493
f 8493 8037 8494
f 8037 8039 8494
f 8039 8495 8494
f 8040 8495 8039
f 8482 8496 8480
f 8480 8041 8026
f 8480 8496 8041
f 8496 8497 8041
f 8497 8498 8041
f 8041 8498 8042
f 8500 8499 8043
f 8500 8043 8498
f 8498 8043 8042
f 8043 8499 8045
f 8503 8502 8501
f 8502 8505 8504
f 8501 8502 8504
f 8505 8487 8486
f 8505 8486 8504
f 8504 8486 8506
f 8486 8488 8506
f 8488 8507 8506
f 8048 8489 8047
f 8048 8507 8489
f 8507 8488 8489
f 8489 8031 8047
f 8052 8508 8053
f 8508 8509 8510
f 8508 8052 8509
f 8052 8055 8509
f 8509 8055 8511
f 8055 8056 8511
f 8513 8058 8512
f 8513 8511 8058
f 8511 8056 8058
f 8058 8059 8512
f 8491 8060 8034
f 8514 8060 8491
f 8514 8515 8060
f 8060 8515 8061
f 8515 8516 8061
f 8061 8516 8062
f 8516 8517 8062
f 8062 8517 8063
f 8517 8040 8063
f 8495 8040 8517
f 8519 8499 8500
f 8518 8499 8519
f 8499 8518 8065
f 8045 8499 8065
f 8503 8501 8520
f 8501 8504 8521
f 8520 8501 8521
f 8504 8506 8522
f 8521 8504 8522
f 8506 8507 8523
f 8522 8506 8523
f 8507 8048 8066
f 8507 8066 8523
f 8523 8066 8524
f 8524 8066 8525
f 8066 8067 8525
f 8525 8067 8526
f 8067 8068 8526
f 8526 8068 8527
f 8068 8069 8527
f 8529 8070 8528
f 8529 8527 8070
f 8527 8069 8070
f 8070 8072 8528
f 8508 8073 8053
f 8510 8073 8508
f 8510 8530 8073
f 8530 8074 8073
f 8530 8531 8074
f 8074 8531 8075
f 8512 8531 8513
f 8512 8076 8531
f 8076 8075 8531
f 8512 8059 8076
f 8533 8518 8519
f 8532 8518 8533
f 8518 8532 8078
f 8065 8518 8078
f 8535 8529 8528
f 8534 8535 8528
f 8528 8080 8534
f 8072 8080 8528
f 8537 8532 8533
f 8536 8532 8537
f 8532 8536 8082
f 8078 8532 8082
f 8539 8535 8534
f 8538 8539 8534
f 8534 8084 8538
f 8080 8084 8534
f 8541 8536 8537
f 8540 8536 8541
f 8536 8540 8086
f 8082 8536 8086
f 8544 8543 8542
f 8538 8088 8089
f 8539 8538 8089
f 8539 8089 8542
f 8539 8542 8543
f 8538 8084 8088
f 8546 8540 8541
f 8545 8540 8546
f 8540 8545 8091
f 8086 8540 8091
f 8548 8544 8542
f 8547 8548 8542
f 8542 8093 8547
f 8089 8093 8542
f 8546 8549 8545
f 8545 8549 8550
f 8545 8550 8091
f 8091 8550 8095
f 8553 8552 8551
f 8547 8097 8098
f 8548 8547 8098
f 8548 8098 8551
f 8548 8551 8552
f 8547 8093 8097
f 8550 8554 8095
f 8554 8100 8095
f 8556 8553 8551
f 8555 8556 8551
f 8551 8102 8555
f 8098 8102 8551
f 8554 8557 8100
f 8557 8104 8100
f 8560 8559 8558
f 8559 8556 8555
f 8559 8555 8558
f 8558 8555 8561
f 8555 8106 8561
f 8102 8106 8555
f 8557 8562 8104
f 8562 8108 8104
f 8564 8560 8558
f 8563 8564 8558
f 8111 8561 8110
f 8111 8563 8561
f 8563 8558 8561
f 8561 8106 8110
f 8567 8565 8566
f 8566 8565 8113
f 8566 8113 8562
f 8562 8113 8108
f 8569 8564 8563
f 8568 8569 8563
f 8563 8115 8568
f 8111 8115 8563
f 8571 8565 8567
f 8570 8565 8571
f 8565 8570 8117
f 8113 8565 8117
f 8573 8569 8568
f 8572 8573 8568
f 8568 8119 8572
f 8115 8119 8568
f 8571 8574 8570
f 8570 8574 8575
f 8570 8575 8117
f 8117 8575 8121
f 8577 8573 8572
f 8576 8577 8572
f 8572 8123 8576
f 8119 8123 8572
f 8580 8578 8579
f 8579 8578 8125
f 8579 8125 8575
f 8575 8125 8121
f 8583 8582 8581
f 8576 8127 8128
f 8577 8576 8128
f 8577 8128 8581
f 8577 8581 8582
f 8576 8123 8127
f 8585 8578 8580
f 8584 8578 8585
f 8578 8584 8131
f 8125 8578 8131
f 8587 8583 8581
f 8586 8587 8581
f 8581 8133 8586
f 8128 8133 8581
f 8589 8584 8585
f 8588 8584 8589
f 8584 8588 8135
f 8131 8584 8135
f 8591 8587 8586
f 8590 8591 8586
f 8586 8137 8590
f 8133 8137 8586
f 8593 8588 8589
f 8592 8588 8593
f 8588 8592 8139
f 8135 8588 8139
f 8595 8591 8590
f 8594 8595 8590
f 8590 8141 8594
f 8137 8141 8590
f 8597 8592 8593
f 8596 8592 8597
f 8592 8596 8142
f 8139 8592 8142
f 8598 8599 8595
f 8598 8595 8145
f 8594 8144 8595
f 8144 8145 8595
f 8594 8141 8144
f 8599 8598 8600
f 8596 8149 8148
f 8596 8597 8149
f 8597 8601 8149
f 8596 8148 8142
f 8598 8145 8150
f 8598 8150 8151
f 8598 8151 8603
f 8598 8603 8600
f 8602 8603 8151
f 8152 8602 8151
f 8604 8602 8152
f 8154 8604 8152
f 8605 8604 8154
f 8155 8605 8154
f 8606 8605 8155
f 8156 8606 8155
f 8607 8606 8156
f 8158 8607 8156
f 8608 8607 8158
f 8160 8608 8158
f 8609 8608 8160
f 8609 8160 8161
f 8612 8610 8611
f 8611 8613 8614
f 8610 8613 8611
f 8614 8613 8615
f 8618 8616 8617
f 8617 8616 8163
f 8617 8163 8601
f 8601 8163 8149
f 8621 8620 8619
f 8620 8603 8602
f 8620 8602 8619
f 8619 8602 8622
f 8602 8604 8622
f 8604 8623 8622
f 8166 8605 8165
f 8166 8623 8605
f 8623 8604 8605
f 8606 8165 8605
f 8168 8165 8606
f 8607 8168 8606
f 8170 8168 8607
f 8608 8170 8607
f 8171 8170 8608
f 8609 8171 8608
f 8172 8171 8609
f 8612 8624 8610
f 8609 8161 8172
f 8610 8625 8613
f 8624 8625 8610
f 8613 8625 8615
f 8628 8626 8627
f 8176 8627 8626
f 8176 8175 8627
f 8175 8629 8627
f 8631 8178 8630
f 8631 8629 8178
f 8629 8175 8178
f 8178 8179 8630
f 8634 8632 8633
f 8633 8616 8618
f 8633 8632 8616
f 8632 8635 8616
f 8616 8635 8180
f 8163 8616 8180
f 8638 8637 8636
f 8637 8621 8619
f 8637 8619 8636
f 8636 8619 8639
f 8619 8622 8639
f 8622 8640 8639
f 8622 8623 8640
f 8623 8641 8640
f 8623 8182 8641
f 8166 8182 8623
f 8628 8642 8626
f 8626 8184 8176
f 8626 8642 8184
f 8642 8643 8184
f 8630 8643 8631
f 8630 8185 8643
f 8185 8184 8643
f 8630 8179 8185
f 8188 8644 8645
f 8187 8644 8188
f 8646 8187 8189
f 8646 8647 8187
f 8647 8644 8187
f 8647 8648 8649
f 8646 8648 8647
f 8649 8650 8651
f 8648 8650 8649
f 8651 8652 8653
f 8650 8652 8651
f 8653 8654 8655
f 8652 8654 8653
f 8655 8656 8657
f 8654 8656 8655
f 8657 8656 8658
f 8660 8632 8634
f 8659 8632 8660
f 8192 8191 8635
f 8192 8635 8659
f 8659 8635 8632
f 8635 8191 8180
f 8662 8638 8636
f 8661 8662 8636
f 8636 8639 8661
f 8639 8663 8661
f 8639 8640 8663
f 8640 8664 8663
f 8195 8641 8194
f 8195 8664 8641
f 8664 8640 8641
f 8641 8182 8194
f 8645 8197 8188
f 8665 8197 8645
f 8189 8666 8646
f 8189 8197 8666
f 8197 8665 8666
f 8646 8667 8648
f 8666 8667 8646
f 8648 8668 8650
f 8667 8668 8648
f 8650 8669 8652
f 8668 8669 8650
f 8652 8670 8654
f 8669 8670 8652
f 8654 8671 8656
f 8670 8671 8654
f 8656 8671 8658
f 8673 8659 8660
f 8672 8659 8673
f 8659 8672 8202
f 8192 8659 8202
f 8675 8662 8661
f 8674 8675 8661
f 8661 8663 8674
f 8663 8676 8674
f 8663 8664 8676
f 8664 8677 8676
f 8664 8204 8677
f 8195 8204 8664
f 8209 8678 8679
f 8208 8678 8209
f 8673 8680 8672
f 8673 8208 8680
f 8673 8678 8208
f 8210 8680 8208
f 8672 8680 8212
f 8202 8672 8212
f 8683 8682 8681
f 8682 8675 8674
f 8682 8674 8681
f 8681 8674 8684
f 8214 8676 8213
f 8214 8684 8676
f 8684 8674 8676
f 8677 8213 8676
f 8215 8213 8677
f 8677 8204 8215
f 8217 8685 8218
f 8217 8220 8685
f 8226 8686 8227
f 8686 8687 8688
f 8686 8226 8687
f 8226 8228 8687
f 8687 8228 8689
f 8228 8230 8689
f 8230 8690 8689
f 8231 8690 8230
f 8679 8232 8209
f 8691 8232 8679
f 8210 8232 8691
f 8210 8691 8692
f 8210 8692 8680
f 8692 8691 8693
f 8680 8692 8234
f 8212 8680 8234
f 8695 8683 8681
f 8694 8695 8681
f 8237 8684 8236
f 8237 8694 8684
f 8694 8681 8684
f 8684 8214 8236
f 8685 8239 8218
f 8685 8220 8239
f 8697 8698 8696
f 8242 8697 8696
f 8242 8241 8697
f 8241 8699 8697
f 8699 8241 8700
f 8241 8243 8700
f 8700 8243 8701
f 8243 8244 8701
f 8701 8244 8702
f 8244 8245 8702
f 8702 8245 8703
f 8245 8246 8703
f 8703 8246 8704
f 8246 8247 8704
f 8704 8247 8705
f 8247 8248 8705
f 8705 8248 8706
f 8248 8249 8706
f 8706 8249 8707
f 8249 8250 8707
f 8708 8250 8251
f 8708 8709 8250
f 8709 8707 8250
f 8709 8708 8710
f 8686 8252 8227
f 8688 8252 8686
f 8688 8711 8252
f 8711 8253 8252
f 8711 8712 8253
f 8253 8712 8254
f 8712 8231 8254
f 8690 8231 8712
f 8714 8692 8693
f 8713 8692 8714
f 8692 8713 8256
f 8234 8692 8256
f 8716 8695 8694
f 8715 8716 8694
f 8257 8694 8237
f 8257 8717 8694
f 8717 8715 8694
f 8258 8717 8257
f 8718 8717 8258
f 8258 8260 8718
f 8698 8719 8696
f 8721 8720 8262
f 8719 8721 8262
f 8719 8262 8242
f 8719 8242 8696
f 8262 8720 8264
f 8724 8723 8722
f 8267 8722 8723
f 8267 8723 8266
f 8266 8723 8725
f 8725 8726 8266
f 8266 8726 8268
f 8251 8727 8708
f 8251 8268 8727
f 8268 8726 8727
f 8708 8727 8710
f 8729 8713 8714
f 8728 8713 8729
f 8713 8728 8269
f 8256 8713 8269
f 8716 8715 8730
f 8715 8717 8731
f 8730 8715 8731
f 8733 8731 8717
f 8733 8717 8732
f 8732 8717 8718
f 8274 8718 8260
f 8274 8734 8718
f 8734 8732 8718
f 8274 8275 8734
f 8736 8720 8721
f 8735 8720 8736
f 8720 8735 8277
f 8264 8720 8277
f 8739 8738 8737
f 8722 8279 8280
f 8724 8722 8280
f 8724 8280 8737
f 8724 8737 8738
f 8722 8267 8279
f 8728 8283 8282
f 8728 8729 8283
f 8729 8740 8283
f 8728 8282 8269
f 8743 8742 8741
f 8286 8741 8742
f 8286 8742 8285
f 8285 8742 8744
f 8744 8745 8285
f 8285 8745 8287
f 8745 8746 8287
f 8287 8746 8288
f 8732 8746 8733
f 8732 8289 8746
f 8289 8288 8746
f 8734 8289 8732
f 8290 8289 8734
f 8734 8275 8290
f 8748 8735 8736
f 8747 8735 8748
f 8735 8747 8291
f 8277 8735 8291
f 8750 8739 8737
f 8749 8750 8737
f 8737 8292 8749
f 8280 8292 8737
f 8753 8751 8752
f 8752 8751 8294
f 8752 8294 8740
f 8740 8294 8283
f 8755 8743 8741
f 8754 8755 8741
f 8741 8297 8754
f 8286 8297 8741
f 8747 8300 8299
f 8747 8748 8300
f 8748 8756 8300
f 8747 8299 8291
f 8759 8758 8757
f 8758 8750 8749
f 8758 8749 8757
f 8757 8749 8760
f 8749 8301 8760
f 8292 8301 8749
f 8753 8761 8751
f 8751 8302 8294
f 8751 8761 8302
f 8761 8762 8302
f 8762 8763 8302
f 8302 8763 8303
f 8765 8764 8304
f 8765 8304 8763
f 8763 8304 8303
f 8305 8304 8764
f 8766 8305 8764
f 8305 8766 8307
f 8768 8755 8754
f 8767 8768 8754
f 8754 8310 8767
f 8297 8310 8754
f 8771 8769 8770
f 8770 8769 8311
f 8770 8311 8756
f 8756 8311 8300
f 8773 8759 8757
f 8772 8773 8757
f 8314 8760 8313
f 8314 8772 8760
f 8772 8757 8760
f 8760 8301 8313
f 8775 8764 8765
f 8774 8764 8775
f 8764 8774 8766
f 8766 8774 8776
f 8766 8776 8316
f 8307 8766 8316
f 8767 8320 8321
f 8767 8321 8768
f 8768 8321 8777
f 8767 8310 8320
f 8779 8769 8771
f 8778 8769 8779
f 8769 8778 8323
f 8311 8769 8323
f 8781 8773 8772
f 8780 8781 8772
f 8324 8772 8314
f 8324 8782 8772
f 8782 8780 8772
f 8324 8326 8782
f 8784 8774 8775
f 8783 8774 8784
f 8774 8783 8776
f 8776 8783 8785
f 8776 8785 8329
f 8316 8776 8329
f 8777 8321 8786
f 8786 8321 8332
f 8778 8335 8334
f 8778 8779 8335
f 8779 8787 8335
f 8778 8334 8323
f 8781 8780 8788
f 8780 8782 8789
f 8788 8780 8789
f 8782 8326 8336
f 8782 8336 8789
f 8789 8336 8790
f 8792 8337 8791
f 8792 8790 8337
f 8790 8336 8337
f 8337 8339 8791
f 8784 8793 8783
f 8783 8794 8785
f 8793 8794 8783
f 8796 8795 8342
f 8794 8796 8342
f 8794 8342 8329
f 8794 8329 8785
f 8342 8795 8343
f 8786 8332 8797
f 8797 8332 8344
f 8800 8798 8799
f 8346 8799 8798
f 8346 8345 8799
f 8345 8801 8799
f 8801 8345 8335
f 8787 8801 8335
f 8792 8791 8802
f 8804 8347 8803
f 8802 8347 8804
f 8802 8339 8347
f 8802 8791 8339
f 8348 8803 8347
f 8805 8803 8348
f 8348 8350 8805
f 8808 8806 8807
f 8353 8807 8806
f 8353 8352 8807
f 8352 8809 8807
f 8795 8796 8809
f 8795 8809 8354
f 8354 8809 8352
f 8795 8354 8343
f 8797 8344 8355
f 8810 8797 8355
f 8810 8355 8811
f 8355 8356 8811
f 8811 8356 8812
f 8356 8357 8812
f 8812 8357 8813
f 8357 8358 8813
f 8813 8358 8814
f 8358 8359 8814
f 8814 8359 8815
f 8359 8360 8815
f 8815 8360 8816
f 8360 8361 8816
f 8816 8361 8817
f 8361 8362 8817
f 8817 8362 8818
f 8362 8363 8818
f 8818 8363 8819
f 8363 8364 8819
f 8819 8364 8820
f 8364 8365 8820
f 8820 8365 8821
f 8365 8366 8821
f 8798 8800 8821
f 8798 8821 8367
f 8367 8821 8366
f 8798 8367 8346
f 8804 8803 8822
f 8803 8805 8823
f 8822 8803 8823
f 8825 8368 8824
f 8823 8368 8825
f 8823 8350 8368
f 8823 8805 8350
f 8369 8824 8368
f 8826 8824 8369
f 8369 8371 8826
f 8374 8827 8828
f 8373 8827 8374
f 8806 8808 8827
f 8806 8827 8375
f 8375 8827 8373
f 8806 8375 8353
f 8825 8824 8829
f 8824 8826 8830
f 8829 8824 8830
f 8832 8376 8831
f 8830 8376 8832
f 8830 8371 8376
f 8830 8826 8371
f 8377 8831 8376
f 8833 8831 8377
f 8833 8377 8379
f 8836 8834 8835
f 8381 8835 8834
f 8381 8380 8835
f 8380 8837 8835
f 8837 8380 8838
f 8380 8382 8838
f 8838 8382 8374
f 8828 8838 8374
f 8832 8831 8839
f 8831 8833 8840
f 8839 8831 8840
f 8834 8836 8840
f 8834 8840 8383
f 8833 8379 8840
f 8379 8383 8840
f 8834 8383 8381
f 8385 8842 8841
f 8384 8385 8841
f 8841 8843 8384
f 8384 8843 8386
f 8843 8844 8386
f 8386 8844 8387
f 8844 8845 8387
f 8387 8845 8388
f 8845 8846 8388
f 8388 8846 8389
f 8846 8847 8389
f 8389 8847 8390
f 8847 8848 8390
f 8390 8848 8391
f 8848 8849 8391
f 8391 8849 8392
f 8849 8850 8392
f 8392 8850 8393
f 8850 8851 8393
f 8393 8851 8394
f 8851 8852 8394
f 8394 8852 8395
f 8852 8853 8395
f 8395 8853 8396
f 8853 8854 8396
f 8396 8854 8397
f 8854 8855 8397
f 8397 8855 8398
f 8855 8856 8398
f 8398 8856 8399
f 8856 8857 8399
f 8399 8857 8400
f 8857 8858 8400
f 8400 8858 8401
f 8858 8859 8401
f 8401 8859 8402
f 8859 8860 8402
f 8402 8860 8403
f 8860 8861 8403
f 8403 8861 8404
f 8861 8862 8404
f 8404 8862 8405
f 8862 8863 8405
f 8405 8863 8406
f 8863 8864 8406
f 8406 8864 8407
f 8864 8865 8407
f 8407 8865 8408
f 8865 8866 8408
f 8408 8866 8409
f 8866 8867 8409
f 8409 8867 8410
f 8867 8868 8410
f 8410 8868 8411
f 8868 8869 8411
f 8411 8869 8412
f 8869 8870 8412
f 8412 8870 8413
f 8870 8871 8413
f 8413 8871 8414
f 8871 8872 8414
f 8414 8872 8415
f 8872 8873 8415
f 8415 8873 8416
f 8873 8874 8416
f 8416 8874 8417
f 8874 8875 8417
f 8417 8875 8418
f 8875 8876 8418
f 8418 8876 8419
f 8876 8877 8419
f 8419 8877 8420
f 8877 8878 8420
f 8420 8878 8421
f 8878 8879 8421
f 8421 8879 8422
f 8881 8880 8423
f 8881 8423 8879
f 8879 8423 8422
f 8423 8880 8424
f 8842 8385 8882
f 8882 8385 8425
f 8881 8883 8880
f 8880 8426 8424
f 8880 8883 8426
f 8883 8884 8426
f 8884 8885 8426
f 8426 8885 8427
f 8885 8886 8427
f 8427 8886 8428
f 8428 8886 8887
f 8429 8428 8887
f 8882 8425 8888
f 8888 8425 8430
f 8887 8431 8429
f 8889 8431 8887
f 8891 8890 8433
f 8891 8433 8889
f 8889 8433 8431
f 8433 8890 8434
f 8888 8430 8892
f 8892 8430 8435
f 8895 8893 8894
f 8890 8438 8437
f 8891 8438 8890
f 8891 8893 8438
f 8891 8894 8893
f 8890 8437 8434
f 8892 8435 8896
f 8896 8435 8439
f 8893 8442 8441
f 8893 8895 8442
f 8895 8897 8442
f 8893 8441 8438
f 8896 8439 8898
f 8898 8439 8443
f 8901 8899 8900
f 8900 8899 8445
f 8900 8445 8897
f 8897 8445 8442
f 8898 8443 8902
f 8902 8443 8446
f 8899 8449 8448
f 8899 8901 8449
f 8901 8903 8449
f 8899 8448 8445
f 8902 8446 8904
f 8904 8446 8450
f 8907 8905 8906
f 8906 8905 8451
f 8906 8451 8903
f 8903 8451 8449
f 8904 8450 8908
f 8908 8450 8452
f 8911 8909 8910
f 8905 8454 8453
f 8907 8454 8905
f 8907 8909 8454
f 8907 8910 8909
f 8905 8453 8451
f 8908 8452 8912
f 8912 8452 8456
f 8915 8913 8914
f 8458 8914 8913
f 8458 8457 8914
f 8457 8916 8914
f 8909 8911 8916
f 8909 8916 8459
f 8459 8916 8457
f 8909 8459 8454
f 8460 8917 8918
f 8460 8918 8456
f 8456 8918 8912
f 8461 8917 8460
f 8919 8917 8461
f 8461 8463 8919
f 8466 8920 8921
f 8465 8920 8466
f 8913 8915 8920
f 8913 8920 8467
f 8467 8920 8465
f 8913 8467 8458
f 8923 8918 8917
f 8922 8923 8917
f 8917 8919 8922
f 8919 8924 8922
f 8919 8469 8924
f 8463 8469 8919
f 8474 8925 8926
f 8473 8925 8474
f 8925 8473 8927
f 8473 8475 8927
f 8927 8475 8466
f 8921 8927 8466
f 8929 8923 8922
f 8928 8929 8922
f 8922 8924 8928
f 8924 8930 8928
f 8924 8477 8930
f 8469 8477 8924
f 8481 8931 8482
f 8931 8932 8933
f 8931 8481 8932
f 8481 8483 8932
f 8932 8483 8934
f 8483 8484 8934
f 8934 8484 8935
f 8484 8485 8935
f 8935 8485 8474
f 8926 8935 8474
f 8937 8929 8928
f 8936 8937 8928
f 8928 8930 8936
f 8930 8938 8936
f 8930 8487 8938
f 8477 8487 8930
f 8490 8939 8491
f 8939 8940 8941
f 8939 8490 8940
f 8490 8492 8940
f 8940 8492 8942
f 8492 8493 8942
f 8942 8493 8943
f 8493 8494 8943
f 8494 8944 8943
f 8495 8944 8494
f 8931 8496 8482
f 8933 8496 8931
f 8933 8945 8496
f 8945 8497 8496
f 8947 8946 8498
f 8947 8498 8945
f 8945 8498 8497
f 8498 8946 8500
f 8936 8502 8503
f 8936 8503 8937
f 8937 8503 8948
f 8938 8502 8936
f 8505 8502 8938
f 8938 8487 8505
f 8510 8949 8950
f 8509 8949 8510
f 8949 8509 8951
f 8509 8511 8951
f 8952 8511 8513
f 8952 8953 8511
f 8953 8951 8511
f 8953 8952 8954
f 8939 8514 8491
f 8941 8514 8939
f 8941 8955 8514
f 8955 8515 8514
f 8955 8956 8515
f 8515 8956 8516
f 8956 8957 8516
f 8516 8957 8517
f 8957 8495 8517
f 8944 8495 8957
f 8959 8946 8947
f 8958 8946 8959
f 8946 8958 8519
f 8500 8946 8519
f 8948 8503 8520
f 8960 8948 8520
f 8960 8520 8961
f 8520 8521 8961
f 8961 8521 8962
f 8521 8522 8962
f 8962 8522 8963
f 8522 8523 8963
f 8963 8523 8964
f 8523 8524 8964
f 8964 8524 8965
f 8524 8525 8965
f 8965 8525 8966
f 8525 8526 8966
f 8968 8527 8967
f 8968 8966 8527
f 8966 8526 8527
f 8967 8527 8529
f 8971 8969 8970
f 8970 8969 8972
f 8950 8530 8510
f 8973 8530 8950
f 8973 8974 8530
f 8530 8974 8531
f 8513 8975 8952
f 8513 8531 8975
f 8531 8974 8975
f 8952 8975 8954
f 8977 8958 8959
f 8976 8958 8977
f 8958 8976 8533
f 8519 8958 8533
f 8979 8968 8967
f 8978 8979 8967
f 8967 8535 8978
f 8967 8529 8535
f 8969 8971 8980
f 8969 8980 8972
f 8977 8981 8976
f 8976 8981 8982
f 8976 8982 8533
f 8533 8982 8537
f 8984 8979 8978
f 8983 8984 8978
f 8978 8539 8983
f 8535 8539 8978
f 8982 8985 8537
f 8985 8541 8537
f 8988 8987 8986
f 8983 8543 8544
f 8984 8983 8544
f 8984 8544 8986
f 8984 8986 8987
f 8983 8539 8543
f 8991 8989 8990
f 8990 8989 8546
f 8990 8546 8985
f 8985 8546 8541
f 8993 8988 8986
f 8992 8993 8986
f 8986 8548 8992
f 8544 8548 8986
f 8995 8989 8991
f 8994 8989 8995
f 8549 8546 8989
f 8549 8989 8996
f 8996 8989 8994
f 8549 8996 8550
f 8999 8998 8997
f 8992 8552 8553
f 8993 8992 8553
f 8993 8553 8997
f 8993 8997 8998
f 8992 8548 8552
f 9001 8994 8995
f 9000 8994 9001
f 8994 9000 8996
f 8996 9000 9002
f 8996 9002 8554
f 8550 8996 8554
f 9004 8999 8997
f 9003 9004 8997
f 8997 8556 9003
f 8553 8556 8997
f 9006 9000 9001
f 9005 9000 9006
f 9000 9005 9002
f 9002 9005 9007
f 9002 9007 8557
f 8554 9002 8557
f 9010 9009 9008
f 9003 8559 8560
f 9004 9003 8560
f 9004 8560 9008
f 9004 9008 9009
f 9003 8556 8559
f 9006 9011 9005
f 9013 9005 9011
f 9013 9012 9005
f 9012 9007 9005
f 9007 9012 8562
f 8557 9007 8562
f 9015 9010 9008
f 9014 9015 9008
f 9008 8564 9014
f 8560 8564 9008
f 9012 8567 8566
f 9012 9013 8567
f 9013 9016 8567
f 9012 8566 8562
f 9018 9015 9014
f 9017 9018 9014
f 9014 8569 9017
f 8564 8569 9014
f 9016 9019 8567
f 9019 8571 8567
f 9021 9018 9017
f 9020 9021 9017
f 9017 8573 9020
f 8569 8573 9017
f 9024 9022 9023
f 9023 9022 9025
f 9023 9025 8571
f 9023 8571 9019
f 8571 9025 8574
f 8574 9025 8575
f 9027 9021 9020
f 9026 9027 9020
f 9020 8577 9026
f 8573 8577 9020
f 9029 9022 9024
f 9028 9022 9029
f 8580 8579 9025
f 8580 9025 9028
f 9028 9025 9022
f 9025 8579 8575
f 9026 8582 8583
f 9026 8583 9027
f 9027 8583 9030
f 9026 8577 8582
f 9029 9031 9028
f 9028 9031 9032
f 9028 9032 8580
f 8580 9032 8585
f 9030 8583 9033
f 9033 8583 8587
f 9032 9034 8585
f 9034 8589 8585
f 9037 9036 9035
f 9036 8591 9035
f 9036 9033 8591
f 9033 8587 8591
f 9040 9038 9039
f 9039 9038 8593
f 9039 8593 9034
f 9034 8593 8589
f 9042 9037 9035
f 9041 9042 9035
f 9035 8595 9041
f 8591 8595 9035
f 9045 9043 9044
f 9044 9038 9040
f 9044 9043 9038
f 9043 9046 9038
f 9038 9046 8597
f 8593 9038 8597
f 9042 9041 9047
f 9041 8595 8599
f 9041 8599 9047
f 9047 8599 9048
f 9049 8599 8600
f 9049 9050 8599
f 9050 9048 8599
f 9050 9051 9052
f 9049 9051 9050
f 9052 9051 9053
f 9055 9043 9045
f 9054 9043 9055
f 9043 9054 9046
f 9046 9054 9056
f 9046 9056 8601
f 8597 9046 8601
f 9059 9058 9057
f 9058 9061 9060
f 9057 9058 9060
f 9060 9061 9062
f 9060 9062 8600
f 9060 8600 8603
f 9049 8600 9062
f 9049 9063 9051
f 9062 9063 9049
f 9051 9063 9053
f 8611 9064 8612
f 9064 9065 9066
f 9064 8611 9065
f 8611 8614 9065
f 9067 8614 8615
f 9067 9068 8614
f 9068 9065 8614
f 9068 9067 9069
f 9072 9070 9071
f 9071 9070 9074
f 9055 9073 9054
f 9073 9075 8618
f 9073 8618 9056
f 9073 9056 9054
f 8617 9056 8618
f 9056 8617 8601
f 9078 9077 9076
f 9077 9059 9057
f 9077 9057 9076
f 9076 9057 9079
f 8621 9060 8620
f 8621 9079 9060
f 9079 9057 9060
f 9060 8603 8620
f 9064 8624 8612
f 9066 8624 9064
f 9066 9080 8624
f 9080 8625 8624
f 8615 9081 9067
f 8615 8625 9081
f 8625 9080 9081
f 9067 9081 9069
f 8627 9082 8628
f 8629 9082 8627
f 9083 9082 8629
f 8629 8631 9083
f 9086 9084 9085
f 9085 9087 9088
f 9084 9087 9085
f 9088 9089 9090
f 9087 9089 9088
f 9090 9089 9092
f 9072 9091 9070
f 9093 8634 8633
f 9093 9094 8634
f 9091 9074 9070
f 9093 8633 8618
f 9075 9093 8618
f 9096 9078 9076
f 9095 9096 9076
f 8638 9079 8637
f 8638 9095 9079
f 9095 9076 9079
f 9079 8621 8637
f 9082 8642 8628
f 9083 8642 9082
f 8643 8642 9083
f 9083 8631 8643
f 8644 9097 8645
f 8647 9097 8644
f 9098 9097 8647
f 9098 9099 9100
f 9098 8647 9099
f 8647 8649 9099
f 9102 8651 9101
f 9102 9099 8651
f 9099 8649 8651
f 8653 9101 8651
f 8653 9103 9101
f 9104 9084 9086
f 8653 9105 9103
f 8653 8655 9105
f 9104 9106 9084
f 9106 9087 9084
f 8655 9107 9105
f 8655 8657 9107
f 9106 9108 9087
f 9108 9089 9087
f 9108 9092 9089
f 9107 8657 8658
f 9094 9109 8634
f 9109 8660 8634
f 9111 9096 9095
f 9110 9111 9095
f 9095 8662 9110
f 8638 8662 9095
f 9097 8665 8645
f 9098 8665 9097
f 8666 8665 9098
f 9100 8666 9098
f 9100 9112 8666
f 9112 8667 8666
f 9101 9112 9102
f 9101 8668 9112
f 8668 8667 9112
f 9103 8668 9101
f 8669 8668 9103
f 9105 8669 9103
f 8670 8669 9105
f 9107 8670 9105
f 8671 8670 9107
f 9107 8658 8671
f 9114 9115 9113
f 9114 9113 8673
f 9114 8673 9109
f 9109 8673 8660
f 9117 9111 9110
f 9116 9117 9110
f 9110 8675 9116
f 8662 8675 9110
f 9113 8679 8678
f 9113 9115 8679
f 9115 9118 8679
f 9113 8678 8673
f 9121 9120 9119
f 9120 9123 9122
f 9119 9120 9122
f 9116 8682 8683
f 9117 9116 8683
f 9117 8683 9122
f 9117 9122 9123
f 9116 8675 8682
f 8688 9124 9125
f 8687 9124 8688
f 9127 8689 9126
f 9127 9124 8689
f 9124 8687 8689
f 8689 8690 9126
f 8691 9129 9128
f 8691 8679 9129
f 8679 9118 9129
f 8691 9128 8693
f 9131 9121 9119
f 9130 9131 9119
f 9119 9122 9130
f 9122 9132 9130
f 9122 8695 9132
f 8683 8695 9122
f 9135 9133 9134
f 8698 9134 9133
f 8698 8697 9134
f 8697 9136 9134
f 9136 8697 9137
f 8697 8699 9137
f 9137 8699 9138
f 8699 8700 9138
f 9138 8700 9139
f 8700 8701 9139
f 9139 8701 9140
f 8701 8702 9140
f 9142 8703 9141
f 9142 9140 8703
f 9140 8702 8703
f 8704 9141 8703
f 9143 9141 8704
f 8705 9143 8704
f 9144 9143 8705
f 8706 9144 8705
f 9145 9144 8706
f 9145 9146 9147
f 9145 8706 9146
f 8706 8707 9146
f 9146 8707 9148
f 8707 8709 9148
f 8709 9149 9148
f 8710 9149 8709
f 9125 8711 8688
f 9150 8711 9125
f 9126 9150 9127
f 9126 8712 9150
f 8712 8711 9150
f 9126 8690 8712
f 9152 9128 9129
f 9151 9128 9152
f 9128 9151 8714
f 8693 9128 8714
f 9131 9130 9153
f 9155 9153 9130
f 9155 9130 9154
f 9154 9130 9132
f 9132 8716 9154
f 8695 8716 9132
f 9135 9156 9133
f 9158 9157 8719
f 9156 9158 8719
f 9156 8719 8698
f 9156 8698 9133
f 8719 9157 8721
f 9142 9141 9159
f 9141 9143 9160
f 9159 9141 9160
f 9162 9160 8724
f 9162 8724 9161
f 9160 9143 8724
f 8723 8724 9144
f 9143 9144 8724
f 8723 9145 8725
f 8723 9144 9145
f 9162 9161 9163
f 9147 8725 9145
f 9147 9164 8725
f 9164 8726 8725
f 9164 9165 8726
f 8726 9165 8727
f 9165 8710 8727
f 9149 8710 9165
f 9167 9151 9152
f 9166 9151 9167
f 9151 9166 8729
f 8714 9151 8729
f 9155 9154 9168
f 9154 8716 8730
f 9154 8730 9168
f 9168 8730 9169
f 9169 8730 9170
f 8730 8731 9170
f 8731 9171 9170
f 8733 9171 8731
f 9173 9157 9158
f 9172 9157 9173
f 9157 9172 8736
f 8721 9157 8736
f 9176 9175 9174
f 8739 9174 9175
f 8739 9175 8738
f 8738 9175 9177
f 8724 9178 9161
f 8724 8738 9178
f 8738 9177 9178
f 9161 9178 9163
f 9180 9166 9167
f 9179 9166 9180
f 9166 9179 8740
f 8729 9166 8740
f 8743 9182 9181
f 8742 8743 9181
f 9181 9183 8742
f 8742 9183 8744
f 9183 9184 8744
f 8744 9184 8745
f 9184 9185 8745
f 8745 9185 8746
f 9185 8733 8746
f 9171 8733 9185
f 9187 9172 9173
f 9186 9172 9187
f 9172 9186 8748
f 8736 9172 8748
f 9189 9176 9174
f 9188 9189 9174
f 9174 8750 9188
f 8739 8750 9174
f 9192 9190 9191
f 9179 8753 8752
f 9180 8753 9179
f 9180 9190 8753
f 9180 9191 9190
f 9179 8752 8740
f 9182 8743 9193
f 9193 8743 8755
f 9196 9194 9195
f 9195 9194 9197
f 9199 9186 9187
f 9198 9186 9199
f 9186 9198 8756
f 8748 9186 8756
f 9188 8758 8759
f 9188 8759 9189
f 9189 8759 9200
f 9188 8750 8758
f 9192 9201 9190
f 9203 9202 8761
f 9201 9203 8761
f 9201 8761 8753
f 9201 8753 9190
f 8762 8761 9202
f 9204 8762 9202
f 8763 8762 9204
f 9205 8763 9204
f 8763 9205 8765
f 9193 8755 9206
f 9206 8755 8768
f 9196 9207 9194
f 9197 9194 9207
f 9209 9210 9208
f 9198 8771 8770
f 9199 8771 9198
f 9199 9208 8771
f 9199 9209 9208
f 9198 8770 8756
f 9200 8759 9211
f 9211 8759 8773
f 9203 9212 9202
f 9214 9202 9212
f 9214 9213 9202
f 9213 9204 9202
f 9204 9213 9205
f 9205 9213 9215
f 9205 9215 8775
f 8765 9205 8775
f 9206 8768 9216
f 9216 8768 8777
f 9218 9208 9210
f 9217 9208 9218
f 9208 9217 8779
f 8771 9208 8779
f 9221 9220 9219
f 9220 8781 9219
f 9220 9211 8781
f 9211 8773 8781
f 9214 9222 9213
f 9224 9213 9222
f 9224 9223 9213
f 9223 9215 9213
f 9215 9223 8784
f 8775 9215 8784
f 9216 8777 9225
f 9225 8777 8786
f 9227 9217 9218
f 9226 9217 9227
f 9217 9226 8787
f 8779 9217 8787
f 9221 9219 9228
f 9230 8788 9229
f 9228 8788 9230
f 9228 8781 8788
f 9228 9219 8781
f 8789 9229 8788
f 9231 9229 8789
f 8790 9231 8789
f 9232 9231 8790
f 8790 8792 9232
f 9224 9233 9223
f 9235 9234 8793
f 9233 9235 8793
f 9233 8793 8784
f 9233 8784 9223
f 8794 8793 9234
f 9236 8794 9234
f 8794 9236 8796
f 9225 8786 9237
f 9237 8786 8797
f 9240 9238 9239
f 8800 9239 9238
f 8800 8799 9239
f 8799 9241 9239
f 9226 9227 9241
f 9226 9241 8801
f 8801 9241 8799
f 9226 8801 8787
f 9230 9229 9242
f 9229 9231 9243
f 9242 9229 9243
f 9245 9243 9231
f 9245 9231 9244
f 9244 9231 9232
f 8802 9232 8792
f 8802 9246 9232
f 9246 9244 9232
f 8802 8804 9246
f 9234 8808 8807
f 9234 9235 8808
f 9235 9247 8808
f 9236 9234 8807
f 8809 9236 8807
f 9236 8809 8796
f 9237 8797 8810
f 9248 9237 8810
f 9248 8810 9249
f 8810 8811 9249
f 9249 8811 9250
f 8811 8812 9250
f 9250 8812 9251
f 8812 8813 9251
f 9251 8813 9252
f 8813 8814 9252
f 9252 8814 9253
f 8814 8815 9253
f 9253 8815 9254
f 8815 8816 9254
f 9254 8816 9255
f 8816 8817 9255
f 9255 8817 9256
f 8817 8818 9256
f 9256 8818 9257
f 8818 8819 9257
f 9257 8819 9258
f 8819 8820 9258
f 9238 9240 9258
f 9238 9258 8821
f 8821 9258 8820
f 9238 8821 8800
f 9245 9244 9259
f 9244 9246 9260
f 9259 9244 9260
f 9262 8822 9261
f 9260 8822 9262
f 9260 8804 8822
f 9260 9246 8804
f 8823 9261 8822
f 9263 9261 8823
f 8823 8825 9263
f 9266 9264 9265
f 8828 9265 9264
f 8828 8827 9265
f 8827 9267 9265
f 9267 8827 8808
f 9247 9267 8808
f 9262 9261 9268
f 9261 9263 9269
f 9268 9261 9269
f 9263 8825 8829
f 9263 8829 9269
f 9269 8829 9270
f 9272 8830 9271
f 9272 9270 8830
f 9270 8829 8830
f 8830 8832 9271
f 8836 9273 9274
f 8835 9273 8836
f 9273 8835 9275
f 8835 8837 9275
f 9264 9266 9275
f 9264 9275 8838
f 8838 9275 8837
f 9264 8838 8828
f 9272 9271 9276
f 9271 8832 8839
f 9271 8839 9276
f 9276 8839 9277
f 9277 8839 9278
f 8839 8840 9278
f 9278 8840 8836
f 9274 9278 8836
f 8842 9280 9279
f 8841 8842 9279
f 9279 9281 8841
f 8841 9281 8843
f 9281 9282 8843
f 8843 9282 8844
f 9282 9283 8844
f 8844 9283 8845
f 9283 9284 8845
f 8845 9284 8846
f 9284 9285 8846
f 8846 9285 8847
f 9285 9286 8847
f 8847 9286 8848
f 9286 9287 8848
f 8848 9287 8849
f 9287 9288 8849
f 8849 9288 8850
f 9288 9289 8850
f 8850 9289 8851
f 9289 9290 8851
f 8851 9290 8852
f 9290 9291 8852
f 8852 9291 8853
f 9291 9292 8853
f 8853 9292 8854
f 9292 9293 8854
f 8854 9293 8855
f 9293 9294 8855
f 8855 9294 8856
f 9294 9295 8856
f 8856 9295 8857
f 9295 9296 8857
f 8857 9296 8858
f 9296 9297 8858
f 8858 9297 8859
f 9297 9298 8859
f 8859 9298 8860
f 9298 9299 8860
f 8860 9299 8861
f 9299 9300 8861
f 8861 9300 8862
f 9300 9301 8862
f 8862 9301 8863
f 9301 9302 8863
f 8863 9302 8864
f 9302 9303 8864
f 8864 9303 8865
f 9303 9304 8865
f 8865 9304 8866
f 9304 9305 8866
f 8866 9305 8867
f 9305 9306 8867
f 8867 9306 8868
f 9306 9307 8868
f 8868 9307 8869
f 9307 9308 8869
f 8869 9308 8870
f 9308 9309 8870
f 8870 9309 8871
f 9309 9310 8871
f 8871 9310 8872
f 9310 9311 8872
f 8872 9311 8873
f 9311 9312 8873
f 8873 9312 8874
f 9312 9313 8874
f 8874 9313 8875
f 9313 9314 8875
f 8875 9314 8876
f 9314 9315 8876
f 8876 9315 8877
f 9317 9316 8878
f 9317 8878 9315
f 9315 8878 8877
f 8879 8878 9316
f 9318 8879 9316
f 8879 9318 8881
f 9280 8842 9319
f 9319 8842 8882
f 9317 9320 9316
f 9316 9321 9318
f 9320 9321 9316
f 9318 8883 8881
f 9318 9321 8883
f 9321 9322 8883
f 9322 9323 8883
f 8883 9323 8884
f 9323 9324 8884
f 8884 9324 8885
f 9324 9325 8885
f 8885 9325 8886
f 8886 9325 9326
f 8887 8886 9326
f 9319 8882 9327
f 9327 8882 8888
f 8889 9329 9328
f 8889 8887 9329
f 8887 9326 9329
f 8889 9328 8891
f 9327 8888 9330
f 9330 8888 8892
f 9328 8895 8894
f 9328 9329 8895
f 9329 9331 8895
f 9328 8894 8891
f 9330 8892 9332
f 9332 8892 8896
f 9335 9333 9334
f 9334 9333 8897
f 9334 8897 9331
f 9331 8897 8895
f 9332 8896 9336
f 9336 8896 8898
f 9339 9337 9338
f 9333 8901 8900
f 9335 8901 9333
f 9335 9337 8901
f 9335 9338 9337
f 9333 8900 8897
f 9336 8898 9340
f 9340 8898 8902
f 9342 9337 9339
f 9341 9337 9342
f 9337 9341 8903
f 8901 9337 8903
f 9340 8902 9343
f 9343 8902 8904
f 9346 9344 9345
f 9341 8907 8906
f 9342 8907 9341
f 9342 9344 8907
f 9342 9345 9344
f 9341 8906 8903
f 9343 8904 9347
f 9347 8904 8908
f 9350 9348 9349
f 9344 8911 8910
f 9346 8911 9344
f 9346 9348 8911
f 9346 9349 9348
f 9344 8910 8907
f 9347 8908 9351
f 9351 8908 8912
f 9354 9352 9353
f 8915 9353 9352
f 8915 8914 9353
f 8914 9355 9353
f 9348 9350 9355
f 9348 9355 8916
f 8916 9355 8914
f 9348 8916 8911
f 9351 8912 9356
f 9356 8912 8918
f 9359 9357 9358
f 9352 8921 8920
f 9354 8921 9352
f 9354 9357 8921
f 9354 9358 9357
f 9352 8920 8915
f 9356 8918 9360
f 9360 8918 8923
f 9363 9361 9362
f 8926 9362 9361
f 8926 8925 9362
f 8925 9364 9362
f 9357 9359 9364
f 9357 9364 8927
f 8927 9364 8925
f 9357 8927 8921
f 9360 8923 9365
f 9365 8923 8929
f 9368 9366 9367
f 8933 9367 9366
f 8933 8932 9367
f 8932 9369 9367
f 9369 8932 9370
f 8932 8934 9370
f 9361 9363 9370
f 9361 9370 8935
f 8935 9370 8934
f 9361 8935 8926
f 9365 8929 9371
f 9371 8929 8937
f 8941 9372 9373
f 8940 9372 8941
f 9372 8940 9374
f 8940 8942 9374
f 9376 8943 9375
f 9376 9374 8943
f 9374 8942 8943
f 9375 8943 8944
f 9379 9377 9378
f 9378 9366 9368
f 9378 9377 9366
f 9377 9380 9366
f 8945 8933 9366
f 8945 9366 9381
f 9381 9366 9380
f 8945 9381 8947
f 9371 8937 9382
f 9382 8937 8948
f 8950 9383 9384
f 8949 9383 8950
f 9383 8949 9385
f 8949 8951 9385
f 9385 8951 9386
f 8951 8953 9386
f 8953 9387 9386
f 8954 9387 8953
f 9373 8955 8941
f 9388 8955 9373
f 9388 9389 8955
f 8955 9389 8956
f 9375 9389 9376
f 9375 8957 9389
f 8957 8956 9389
f 9379 9390 9377
f 9375 8944 8957
f 9377 9391 9380
f 9390 9391 9377
f 9393 9380 9391
f 9393 9392 9380
f 9392 9381 9380
f 9381 9392 8959
f 8947 9381 8959
f 9382 8948 8960
f 9394 9382 8960
f 9394 8960 9395
f 8960 8961 9395
f 9395 8961 9396
f 8961 8962 9396
f 9396 8962 9397
f 8962 8963 9397
f 9397 8963 9398
f 8963 8964 9398
f 9398 8964 9399
f 8964 8965 9399
f 9399 8965 9400
f 8965 8966 9400
f 9401 8966 8968
f 9401 9402 8966
f 9402 9400 8966
f 9404 9402 9401
f 9403 8971 8970
f 8970 8972 9403
f 9384 8973 8950
f 9405 8973 9384
f 9405 9406 8973
f 8973 9406 8974
f 9406 9407 8974
f 8974 9407 8975
f 9407 8954 8975
f 9387 8954 9407
f 9409 9392 9393
f 9408 9392 9409
f 9392 9408 8977
f 8959 9392 8977
f 9412 9411 9410
f 9410 9411 9413
f 9410 9413 8968
f 9410 8968 8979
f 9401 8968 9413
f 9401 9413 9404
f 8971 9403 8980
f 9403 8972 8980
f 9415 9408 9409
f 9414 9408 9415
f 8981 8977 9408
f 8981 9408 9416
f 9416 9408 9414
f 8981 9416 8982
f 9418 9412 9410
f 9417 9418 9410
f 9410 8984 9417
f 8979 8984 9410
f 9420 9414 9415
f 9419 9414 9420
f 9414 9419 9416
f 9416 9419 9421
f 9416 9421 8985
f 8982 9416 8985
f 9417 8987 8988
f 9417 8988 9418
f 9418 8988 9422
f 9417 8984 8987
f 9424 9419 9420
f 9423 9419 9424
f 8991 8990 9421
f 8991 9421 9423
f 9423 9421 9419
f 9421 8990 8985
f 9427 9426 9425
f 9426 8993 9425
f 9426 9422 8993
f 9422 8988 8993
f 9424 9428 9423
f 9423 9428 9429
f 9423 9429 8991
f 8991 9429 8995
f 9425 8998 8999
f 9425 8999 9427
f 9427 8999 9430
f 9425 8993 8998
f 9433 9431 9432
f 9432 9431 9001
f 9432 9001 9429
f 9429 9001 8995
f 9436 9435 9434
f 9435 9004 9434
f 9435 9430 9004
f 9430 8999 9004
f 9438 9431 9433
f 9437 9431 9438
f 9431 9437 9006
f 9001 9431 9006
f 9434 9009 9010
f 9434 9010 9436
f 9436 9010 9439
f 9434 9004 9009
f 9438 9440 9437
f 9442 9441 9011
f 9440 9442 9011
f 9440 9011 9006
f 9440 9006 9437
f 9011 9441 9013
f 9439 9010 9443
f 9443 9010 9015
f 9445 9441 9442
f 9444 9441 9445
f 9441 9444 9016
f 9013 9441 9016
f 9448 9447 9446
f 9447 9018 9446
f 9447 9443 9018
f 9443 9015 9018
f 9450 9444 9445
f 9449 9444 9450
f 9444 9449 9019
f 9016 9444 9019
f 9452 9448 9446
f 9451 9452 9446
f 9446 9021 9451
f 9018 9021 9446
f 9455 9453 9454
f 9454 9453 9456
f 9449 9024 9023
f 9449 9450 9024
f 9450 9457 9024
f 9449 9023 9019
f 9459 9452 9451
f 9458 9459 9451
f 9451 9027 9458
f 9021 9027 9451
f 9455 9460 9453
f 9453 9460 9456
f 9457 9461 9024
f 9461 9029 9024
f 9463 9459 9458
f 9462 9463 9458
f 9458 9030 9462
f 9027 9030 9458
f 9031 9465 9464
f 9031 9029 9465
f 9029 9461 9465
f 9031 9464 9032
f 9467 9463 9462
f 9466 9467 9462
f 9462 9033 9466
f 9030 9033 9462
f 9469 9464 9465
f 9468 9464 9469
f 9464 9468 9034
f 9032 9464 9034
f 9472 9471 9470
f 9466 9036 9037
f 9467 9466 9037
f 9467 9037 9470
f 9467 9470 9471
f 9466 9033 9036
f 9468 9040 9039
f 9468 9469 9040
f 9469 9473 9040
f 9468 9039 9034
f 9475 9472 9470
f 9474 9475 9470
f 9470 9042 9474
f 9037 9042 9470
f 9478 9476 9477
f 9477 9476 9479
f 9044 9480 9045
f 9480 9044 9040
f 9480 9040 9481
f 9481 9040 9473
f 9483 9475 9474
f 9482 9483 9474
f 9047 9474 9042
f 9047 9484 9474
f 9484 9482 9474
f 9048 9484 9047
f 9485 9484 9048
f 9050 9485 9048
f 9486 9485 9050
f 9052 9486 9050
f 9487 9486 9052
f 9487 9052 9053
f 9490 9488 9489
f 9489 9491 9492
f 9488 9491 9489
f 9492 9491 9493
f 9496 9494 9495
f 9495 9476 9478
f 9495 9494 9476
f 9494 9497 9476
f 9479 9497 9498
f 9476 9497 9479
f 9499 9045 9480
f 9499 9500 9045
f 9500 9055 9045
f 9480 9481 9499
f 9503 9502 9501
f 9502 9483 9482
f 9502 9482 9501
f 9501 9482 9504
f 9059 9484 9058
f 9059 9504 9484
f 9504 9482 9484
f 9485 9058 9484
f 9061 9058 9485
f 9486 9061 9485
f 9062 9061 9486
f 9487 9062 9486
f 9063 9062 9487
f 9490 9505 9488
f 9487 9053 9063
f 9488 9506 9491
f 9505 9506 9488
f 9491 9506 9493
f 9066 9507 9508
f 9065 9507 9066
f 9510 9068 9509
f 9510 9507 9068
f 9507 9065 9068
f 9068 9069 9509
f 9513 9511 9512
f 9512 9514 9515
f 9511 9514 9512
f 9515 9494 9496
f 9515 9514 9494
f 9514 9516 9494
f 9517 9516 9518
f 9517 9497 9516
f 9497 9494 9516
f 9497 9517 9498
f 9072 9071 9519
f 9519 9071 9074
f 9521 9520 9055
f 9521 9055 9500
f 9055 9520 9073
f 9073 9520 9075
f 9523 9503 9501
f 9522 9523 9501
f 9078 9504 9077
f 9078 9522 9504
f 9522 9501 9504
f 9504 9059 9077
f 9508 9080 9066
f 9524 9080 9508
f 9509 9524 9510
f 9509 9081 9524
f 9081 9080 9524
f 9509 9069 9081
f 9527 9525 9526
f 9526 9528 9529
f 9525 9528 9526
f 9529 9530 9531
f 9528 9530 9529
f 9531 9532 9533
f 9530 9532 9531
f 9533 9534 9535
f 9532 9534 9533
f 9535 9536 9537
f 9534 9536 9535
f 9537 9536 9538
f 9513 9539 9511
f 9541 9511 9539
f 9541 9514 9511
f 9085 9540 9086
f 9085 9542 9540
f 9085 9088 9542
f 9541 9543 9514
f 9543 9516 9514
f 9542 9090 9544
f 9542 9088 9090
f 9516 9543 9518
f 9090 9092 9544
f 9091 9072 9519
f 9547 9545 9546
f 9521 9093 9520
f 9521 9094 9093
f 9521 9546 9094
f 9545 9094 9546
f 9519 9074 9091
f 9520 9093 9075
f 9549 9523 9522
f 9548 9549 9522
f 9522 9096 9548
f 9078 9096 9522
f 9527 9550 9525
f 9525 9551 9528
f 9550 9551 9525
f 9528 9552 9530
f 9551 9552 9528
f 9530 9553 9532
f 9552 9553 9530
f 9532 9554 9534
f 9553 9554 9532
f 9534 9555 9536
f 9554 9555 9534
f 9536 9555 9538
f 9100 9099 9556
f 9099 9102 9556
f 9540 9104 9086
f 9542 9104 9540
f 9106 9104 9542
f 9544 9106 9542
f 9108 9106 9544
f 9545 9558 9557
f 9545 9547 9558
f 9544 9092 9108
f 9545 9557 9109
f 9094 9545 9109
f 9560 9549 9548
f 9559 9560 9548
f 9548 9111 9559
f 9096 9111 9548
f 9556 9112 9100
f 9556 9102 9112
f 9557 9115 9114
f 9557 9558 9115
f 9558 9561 9115
f 9557 9114 9109
f 9563 9560 9559
f 9562 9563 9559
f 9559 9117 9562
f 9111 9117 9559
f 9566 9564 9565
f 9565 9564 9118
f 9565 9118 9561
f 9561 9118 9115
f 9121 9568 9567
f 9120 9121 9567
f 9562 9567 9563
f 9562 9123 9567
f 9123 9120 9567
f 9562 9117 9123
f 9124 9569 9125
f 9124 9127 9569
f 9571 9564 9566
f 9570 9564 9571
f 9564 9570 9129
f 9118 9564 9129
f 9568 9121 9572
f 9572 9121 9131
f 9134 9573 9135
f 9136 9573 9134
f 9574 9573 9136
f 9137 9574 9136
f 9575 9574 9137
f 9138 9575 9137
f 9576 9575 9138
f 9139 9576 9138
f 9577 9576 9139
f 9140 9577 9139
f 9578 9577 9140
f 9140 9142 9578
f 9147 9579 9580
f 9146 9579 9147
f 9579 9146 9581
f 9146 9148 9581
f 9148 9582 9581
f 9149 9582 9148
f 9569 9150 9125
f 9569 9127 9150
f 9584 9570 9571
f 9583 9570 9584
f 9570 9583 9152
f 9129 9570 9152
f 9153 9585 9586
f 9153 9586 9131
f 9131 9586 9572
f 9153 9155 9585
f 9588 9589 9587
f 9573 9156 9135
f 9573 9574 9158
f 9573 9158 9156
f 9574 9590 9158
f 9587 9158 9588
f 9590 9588 9158
f 9574 9575 9591
f 9590 9574 9591
f 9575 9576 9592
f 9591 9575 9592
f 9576 9577 9593
f 9592 9576 9593
f 9577 9578 9594
f 9593 9577 9594
f 9578 9142 9159
f 9578 9159 9594
f 9594 9159 9595
f 9595 9159 9596
f 9159 9160 9596
f 9598 9162 9597
f 9598 9596 9162
f 9596 9160 9162
f 9162 9163 9597
f 9580 9164 9147
f 9599 9164 9580
f 9599 9600 9164
f 9164 9600 9165
f 9600 9149 9165
f 9582 9149 9600
f 9584 9601 9583
f 9583 9601 9602
f 9583 9602 9152
f 9152 9602 9167
f 9586 9585 9603
f 9585 9155 9168
f 9585 9168 9603
f 9603 9168 9604
f 9604 9168 9605
f 9168 9169 9605
f 9607 9170 9606
f 9607 9605 9170
f 9605 9169 9170
f 9170 9171 9606
f 9609 9587 9589
f 9608 9587 9609
f 9587 9608 9173
f 9158 9587 9173
f 9176 9611 9610
f 9175 9176 9610
f 9610 9612 9175
f 9175 9612 9177
f 9597 9612 9598
f 9597 9178 9612
f 9178 9177 9612
f 9597 9163 9178
f 9615 9613 9614
f 9614 9613 9180
f 9614 9180 9602
f 9602 9180 9167
f 9182 9617 9616
f 9181 9182 9616
f 9619 9618 9183
f 9619 9183 9616
f 9616 9183 9181
f 9184 9183 9618
f 9620 9184 9618
f 9620 9621 9607
f 9620 9607 9185
f 9620 9185 9184
f 9185 9607 9606
f 9606 9171 9185
f 9623 9608 9609
f 9622 9608 9623
f 9608 9622 9187
f 9173 9608 9187
f 9626 9625 9624
f 9625 9189 9624
f 9625 9611 9189
f 9611 9176 9189
f 9613 9192 9191
f 9613 9615 9192
f 9615 9627 9192
f 9613 9191 9180
f 9617 9182 9628
f 9628 9182 9193
f 9619 9629 9618
f 9618 9630 9620
f 9629 9630 9618
f 9620 9630 9621
f 9196 9631 9632
f 9195 9631 9196
f 9623 9633 9622
f 9623 9195 9633
f 9623 9631 9195
f 9197 9633 9195
f 9622 9633 9199
f 9187 9622 9199
f 9635 9626 9624
f 9634 9635 9624
f 9624 9200 9634
f 9189 9200 9624
f 9201 9637 9636
f 9201 9192 9637
f 9192 9627 9637
f 9201 9636 9203
f 9628 9193 9638
f 9638 9193 9206
f 9207 9640 9639
f 9207 9196 9640
f 9196 9632 9640
f 9210 9209 9633
f 9210 9633 9639
f 9197 9207 9633
f 9207 9639 9633
f 9633 9209 9199
f 9642 9635 9634
f 9641 9642 9634
f 9634 9211 9641
f 9200 9211 9634
f 9644 9636 9637
f 9643 9636 9644
f 9212 9203 9636
f 9212 9636 9645
f 9645 9636 9643
f 9212 9645 9214
f 9638 9206 9646
f 9646 9206 9216
f 9648 9639 9640
f 9647 9639 9648
f 9639 9647 9218
f 9210 9639 9218
f 9641 9220 9221
f 9641 9221 9642
f 9642 9221 9649
f 9641 9211 9220
f 9644 9650 9643
f 9652 9643 9650
f 9652 9651 9643
f 9651 9645 9643
f 9222 9214 9645
f 9222 9645 9653
f 9653 9645 9651
f 9222 9653 9224
f 9646 9216 9654
f 9654 9216 9225
f 9656 9647 9648
f 9655 9647 9656
f 9647 9655 9227
f 9218 9647 9227
f 9228 9657 9658
f 9228 9658 9221
f 9221 9658 9649
f 9228 9230 9657
f 9652 9659 9651
f 9661 9651 9659
f 9661 9660 9651
f 9660 9653 9651
f 9233 9224 9653
f 9233 9653 9662
f 9662 9653 9660
f 9233 9662 9235
f 9654 9225 9663
f 9663 9225 9237
f 9240 9664 9665
f 9239 9664 9240
f 9655 9656 9664
f 9655 9664 9241
f 9241 9664 9239
f 9655 9241 9227
f 9658 9657 9666
f 9657 9230 9242
f 9657 9242 9666
f 9666 9242 9667
f 9669 9243 9668
f 9669 9667 9243
f 9667 9242 9243
f 9243 9245 9668
f 9661 9670 9660
f 9672 9660 9670
f 9672 9671 9660
f 9671 9662 9660
f 9662 9671 9247
f 9235 9662 9247
f 9663 9237 9248
f 9673 9663 9248
f 9673 9248 9674
f 9248 9249 9674
f 9674 9249 9675
f 9249 9250 9675
f 9675 9250 9676
f 9250 9251 9676
f 9676 9251 9677
f 9251 9252 9677
f 9677 9252 9678
f 9252 9253 9678
f 9678 9253 9679
f 9253 9254 9679
f 9679 9254 9680
f 9254 9255 9680
f 9680 9255 9681
f 9255 9256 9681
f 9681 9256 9682
f 9256 9257 9682
f 9682 9257 9683
f 9257 9258 9683
f 9683 9258 9240
f 9665 9683 9240
f 9669 9668 9684
f 9668 9245 9259
f 9668 9259 9684
f 9684 9259 9685
f 9687 9260 9686
f 9687 9685 9260
f 9685 9259 9260
f 9260 9262 9686
f 9266 9688 9689
f 9265 9688 9266
f 9671 9672 9688
f 9671 9688 9267
f 9267 9688 9265
f 9671 9267 9247
f 9687 9686 9690
f 9686 9262 9268
f 9686 9268 9690
f 9690 9268 9691
f 9691 9268 9692
f 9268 9269 9692
f 9692 9269 9693
f 9269 9270 9693
f 9694 9270 9272
f 9694 9695 9270
f 9695 9693 9270
f 9695 9696 9697
f 9694 9696 9695
f 9697 9696 9698
f 9274 9699 9700
f 9273 9699 9274
f 9699 9273 9701
f 9273 9275 9701
f 9701 9275 9266
f 9689 9701 9266
f 9694 9272 9276
f 9696 9694 9276
f 9277 9696 9276
f 9698 9696 9277
f 9698 9277 9702
f 9702 9277 9278
f 9702 9278 9274
f 9700 9702 9274
f 9280 9704 9703
f 9279 9280 9703
f 9703 9705 9279
f 9279 9705 9281
f 9705 9706 9281
f 9281 9706 9282
f 9706 9707 9282
f 9282 9707 9283
f 9707 9708 9283
f 9283 9708 9284
f 9708 9709 9284
f 9284 9709 9285
f 9709 9710 9285
f 9285 9710 9286
f 9710 9711 9286
f 9286 9711 9287
f 9711 9712 9287
f 9287 9712 9288
f 9712 9713 9288
f 9288 9713 9289
f 9713 9714 9289
f 9289 9714 9290
f 9714 9715 9290
f 9290 9715 9291
f 9715 9716 9291
f 9291 9716 9292
f 9716 9717 9292
f 9292 9717 9293
f 9717 9718 9293
f 9293 9718 9294
f 9718 9719 9294
f 9294 9719 9295
f 9719 9720 9295
f 9295 9720 9296
f 9720 9721 9296
f 9296 9721 9297
f 9721 9722 9297
f 9297 9722 9298
f 9722 9723 9298
f 9298 9723 9299
f 9723 9724 9299
f 9299 9724 9300
f 9724 9725 9300
f 9300 9725 9301
f 9725 9726 9301
f 9301 9726 9302
f 9726 9727 9302
f 9302 9727 9303
f 9727 9728 9303
f 9303 9728 9304
f 9728 9729 9304
f 9304 9729 9305
f 9729 9730 9305
f 9305 9730 9306
f 9730 9731 9306
f 9306 9731 9307
f 9731 9732 9307
f 9307 9732 9308
f 9732 9733 9308
f 9308 9733 9309
f 9733 9734 9309
f 9309 9734 9310
f 9734 9735 9310
f 9310 9735 9311
f 9735 9736 9311
f 9311 9736 9312
f 9736 9737 9312
f 9312 9737 9313
f 9739 9738 9314
f 9739 9314 9737
f 9737 9314 9313
f 9738 9741 9740
f 9738 9740 9314
f 9314 9740 9315
f 9315 9740 9742
f 9317 9315 9742
f 9704 9280 9743
f 9743 9280 9319
f 9739 9744 9738
f 9738 9744 9741
f 9742 9320 9317
f 9745 9320 9742
f 9745 9746 9320
f 9320 9746 9321
f 9746 9747 9321
f 9321 9747 9322
f 9747 9748 9322
f 9322 9748 9323
f 9748 9749 9323
f 9323 9749 9324
f 9751 9750 9325
f 9751 9325 9749
f 9749 9325 9324
f 9325 9750 9326
f 9743 9319 9752
f 9752 9319 9327
f 9754 9750 9751
f 9753 9750 9754
f 9750 9753 9329
f 9326 9750 9329
f 9752 9327 9755
f 9755 9327 9330
f 9757 9753 9754
f 9756 9753 9757
f 9753 9756 9331
f 9329 9753 9331
f 9755 9330 9758
f 9758 9330 9332
f 9761 9759 9760
f 9756 9335 9334
f 9757 9335 9756
f 9757 9759 9335
f 9757 9760 9759
f 9756 9334 9331
f 9758 9332 9762
f 9762 9332 9336
f 9759 9339 9338
f 9759 9761 9339
f 9761 9763 9339
f 9759 9338 9335
f 9762 9336 9764
f 9764 9336 9340
f 9767 9765 9766
f 9766 9765 9342
f 9766 9342 9763
f 9763 9342 9339
f 9764 9340 9768
f 9768 9340 9343
f 9771 9769 9770
f 9765 9346 9345
f 9767 9346 9765
f 9767 9769 9346
f 9767 9770 9769
f 9765 9345 9342
f 9768 9343 9772
f 9772 9343 9347
f 9775 9773 9774
f 9769 9350 9349
f 9771 9350 9769
f 9771 9773 9350
f 9771 9774 9773
f 9769 9349 9346
f 9772 9347 9776
f 9776 9347 9351
f 9354 9777 9778
f 9353 9777 9354
f 9773 9775 9777
f 9773 9777 9355
f 9355 9777 9353
f 9773 9355 9350
f 9776 9351 9779
f 9779 9351 9356
f 9359 9780 9781
f 9358 9780 9359
f 9780 9358 9354
f 9778 9780 9354
f 9779 9356 9782
f 9782 9356 9360
f 9363 9783 9784
f 9362 9783 9363
f 9783 9362 9785
f 9362 9364 9785
f 9785 9364 9359
f 9781 9785 9359
f 9782 9360 9786
f 9786 9360 9365
f 9368 9787 9788
f 9367 9787 9368
f 9787 9367 9789
f 9367 9369 9789
f 9789 9369 9790
f 9369 9370 9790
f 9790 9370 9363
f 9784 9790 9363
f 9786 9365 9791
f 9791 9365 9371
f 9373 9792 9793
f 9372 9792 9373
f 9792 9372 9794
f 9372 9374 9794
f 9795 9374 9376
f 9795 9796 9374
f 9796 9794 9374
f 9379 9796 9795
f 9379 9378 9796
f 9378 9797 9796
f 9797 9378 9368
f 9788 9797 9368
f 9791 9371 9798
f 9798 9371 9382
f 9383 9799 9384
f 9799 9800 9801
f 9799 9383 9800
f 9383 9385 9800
f 9800 9385 9802
f 9385 9386 9802
f 9803 9386 9387
f 9803 9804 9386
f 9804 9802 9386
f 9804 9803 9805
f 9793 9388 9373
f 9806 9388 9793
f 9806 9807 9388
f 9388 9807 9389
f 9376 9808 9795
f 9376 9389 9808
f 9389 9807 9808
f 9795 9390 9379
f 9795 9808 9390
f 9808 9809 9390
f 9811 9810 9391
f 9811 9391 9809
f 9809 9391 9390
f 9391 9810 9393
f 9798 9382 9394
f 9812 9798 9394
f 9812 9394 9813
f 9394 9395 9813
f 9813 9395 9814
f 9395 9396 9814
f 9814 9396 9815
f 9396 9397 9815
f 9815 9397 9816
f 9397 9398 9816
f 9818 9399 9817
f 9818 9816 9399
f 9816 9398 9399
f 9400 9817 9399
f 9819 9817 9400
f 9819 9820 9821
f 9819 9400 9820
f 9400 9402 9820
f 9402 9822 9820
f 9404 9822 9402
f 9825 9823 9824
f 9824 9823 9826
f 9799 9405 9384
f 9801 9405 9799
f 9801 9827 9405
f 9827 9406 9405
f 9827 9828 9406
f 9406 9828 9407
f 9387 9829 9803
f 9387 9407 9829
f 9407 9828 9829
f 9803 9829 9805
f 9831 9810 9811
f 9830 9810 9831
f 9810 9830 9409
f 9393 9810 9409
f 9833 9818 9817
f 9832 9833 9817
f 9412 9819 9411
f 9412 9832 9819
f 9832 9817 9819
f 9821 9411 9819
f 9821 9834 9411
f 9834 9413 9411
f 9834 9404 9413
f 9822 9404 9834
f 9825 9835 9823
f 9823 9835 9826
f 9831 9836 9830
f 9830 9836 9837
f 9830 9837 9409
f 9409 9837 9415
f 9839 9833 9832
f 9838 9839 9832
f 9832 9418 9838
f 9412 9418 9832
f 9837 9840 9415
f 9840 9420 9415
f 9842 9839 9838
f 9841 9842 9838
f 9838 9422 9841
f 9418 9422 9838
f 9840 9843 9420
f 9843 9424 9420
f 9846 9845 9844
f 9841 9426 9427
f 9842 9841 9427
f 9842 9427 9844
f 9842 9844 9845
f 9841 9422 9426
f 9849 9847 9848
f 9848 9850 9851
f 9847 9850 9848
f 9851 9850 9852
f 9851 9852 9424
f 9851 9424 9843
f 9424 9852 9428
f 9428 9852 9429
f 9854 9846 9844
f 9853 9854 9844
f 9844 9430 9853
f 9427 9430 9844
f 9856 9847 9849
f 9855 9847 9856
f 9857 9855 9858
f 9857 9850 9855
f 9850 9847 9855
f 9857 9859 9433
f 9857 9433 9852
f 9857 9852 9850
f 9432 9852 9433
f 9852 9432 9429
f 9862 9861 9860
f 9853 9435 9436
f 9854 9853 9436
f 9854 9436 9860
f 9854 9860 9861
f 9853 9430 9435
f 9856 9863 9855
f 9855 9863 9858
f 9859 9864 9433
f 9864 9438 9433
f 9866 9862 9860
f 9865 9866 9860
f 9860 9439 9865
f 9436 9439 9860
f 9440 9868 9867
f 9440 9438 9868
f 9438 9864 9868
f 9440 9867 9442
f 9870 9866 9865
f 9869 9870 9865
f 9865 9443 9869
f 9439 9443 9865
f 9872 9867 9868
f 9871 9867 9872
f 9867 9871 9445
f 9442 9867 9445
f 9875 9874 9873
f 9869 9447 9448
f 9870 9869 9448
f 9870 9448 9873
f 9870 9873 9874
f 9869 9443 9447
f 9877 9871 9872
f 9876 9871 9877
f 9871 9876 9450
f 9445 9871 9450
f 9879 9875 9873
f 9878 9879 9873
f 9873 9452 9878
f 9448 9452 9873
f 9454 9880 9455
f 9882 9876 9877
f 9882 9881 9876
f 9456 9880 9454
f 9876 9881 9457
f 9450 9876 9457
f 9884 9879 9878
f 9883 9884 9878
f 9878 9459 9883
f 9452 9459 9878
f 9880 9460 9455
f 9881 9886 9885
f 9881 9882 9886
f 9880 9456 9460
f 9881 9885 9461
f 9457 9881 9461
f 9888 9884 9883
f 9887 9888 9883
f 9883 9463 9887
f 9459 9463 9883
f 9890 9885 9886
f 9889 9885 9890
f 9885 9889 9465
f 9461 9885 9465
f 9892 9888 9887
f 9891 9892 9887
f 9887 9467 9891
f 9463 9467 9887
f 9895 9893 9894
f 9894 9893 9896
f 9898 9889 9890
f 9897 9889 9898
f 9889 9897 9469
f 9465 9889 9469
f 9901 9900 9899
f 9891 9471 9472
f 9892 9891 9472
f 9892 9472 9899
f 9892 9899 9900
f 9891 9467 9471
f 9904 9902 9903
f 9903 9902 9906
f 9895 9905 9893
f 9893 9905 9896
f 9908 9897 9898
f 9907 9897 9908
f 9897 9907 9473
f 9469 9897 9473
f 9901 9899 9909
f 9899 9472 9475
f 9899 9475 9911
f 9899 9911 9909
f 9911 9475 9910
f 9911 9910 9912
f 9914 9902 9904
f 9913 9902 9914
f 9906 9913 9915
f 9902 9913 9906
f 9477 9916 9478
f 9477 9479 9916
f 9918 9907 9908
f 9917 9907 9918
f 9907 9917 9481
f 9473 9907 9481
f 9921 9920 9919
f 9919 9920 9922
f 9919 9922 9475
f 9919 9475 9483
f 9910 9475 9922
f 9910 9922 9912
f 9489 9923 9490
f 9492 9923 9489
f 9924 9923 9492
f 9924 9492 9493
f 9927 9925 9926
f 9926 9925 9928
f 9914 9929 9913
f 9913 9929 9915
f 9495 9930 9496
f 9478 9930 9495
f 9478 9916 9930
f 9916 9931 9930
f 9498 9916 9479
f 9498 9931 9916
f 9934 9932 9933
f 9917 9500 9499
f 9918 9500 9917
f 9918 9932 9500
f 9918 9933 9932
f 9917 9499 9481
f 9937 9936 9935
f 9919 9502 9503
f 9921 9919 9503
f 9921 9503 9935
f 9921 9935 9936
f 9919 9483 9502
f 9923 9505 9490
f 9924 9505 9923
f 9506 9505 9924
f 9927 9938 9925
f 9924 9493 9506
f 9925 9938 9928
f 9507 9939 9508
f 9939 9507 9510
f 9942 9940 9941
f 9941 9940 9943
f 9946 9944 9945
f 9945 9947 9948
f 9944 9947 9945
f 9948 9949 9950
f 9947 9949 9948
f 9952 9950 9949
f 9951 9513 9512
f 9515 9951 9512
f 9953 9951 9515
f 9496 9953 9515
f 9496 9930 9953
f 9930 9954 9953
f 9518 9931 9517
f 9518 9954 9931
f 9954 9930 9931
f 9932 9956 9955
f 9932 9934 9956
f 9931 9498 9517
f 9932 9955 9521
f 9500 9932 9521
f 9958 9937 9935
f 9957 9958 9935
f 9935 9523 9957
f 9503 9523 9935
f 9939 9524 9508
f 9942 9959 9940
f 9939 9510 9524
f 9940 9959 9943
f 9526 9960 9527
f 9529 9960 9526
f 9961 9960 9529
f 9531 9961 9529
f 9962 9961 9531
f 9533 9962 9531
f 9963 9962 9533
f 9535 9963 9533
f 9535 9964 9963
f 9965 9944 9946
f 9535 9966 9964
f 9535 9537 9966
f 9965 9967 9944
f 9967 9947 9944
f 9947 9968 9949
f 9947 9967 9968
f 9966 9537 9538
f 9949 9968 9952
f 9513 9951 9539
f 9953 9539 9951
f 9541 9539 9953
f 9954 9541 9953
f 9543 9541 9954
f 9954 9518 9543
f 9955 9547 9546
f 9955 9956 9547
f 9956 9969 9547
f 9955 9546 9521
f 9958 9957 9970
f 9957 9971 9970
f 9957 9523 9971
f 9523 9549 9971
f 9960 9550 9527
f 9961 9550 9960
f 9551 9550 9961
f 9962 9551 9961
f 9552 9551 9962
f 9963 9552 9962
f 9553 9552 9963
f 9964 9553 9963
f 9554 9553 9964
f 9966 9554 9964
f 9555 9554 9966
f 9966 9538 9555
f 9974 9972 9973
f 9973 9972 9558
f 9973 9558 9969
f 9969 9558 9547
f 9971 9549 9975
f 9975 9549 9560
f 9977 9972 9974
f 9976 9972 9977
f 9972 9976 9561
f 9558 9972 9561
f 9980 9979 9978
f 9979 9563 9978
f 9979 9975 9563
f 9975 9560 9563
f 9983 9981 9982
f 9976 9566 9565
f 9977 9566 9976
f 9977 9981 9566
f 9977 9982 9981
f 9976 9565 9561
f 9978 9567 9568
f 9978 9568 9980
f 9980 9568 9984
f 9978 9563 9567
f 9987 9985 9986
f 9986 9981 9983
f 9986 9985 9981
f 9985 9988 9981
f 9981 9988 9571
f 9566 9981 9571
f 9984 9568 9989
f 9989 9568 9572
f 9580 9990 9991
f 9579 9990 9580
f 9990 9579 9992
f 9579 9581 9992
f 9993 9581 9582
f 9993 9994 9581
f 9994 9992 9581
f 9994 9993 9995
f 9987 9996 9985
f 9998 9985 9996
f 9998 9997 9985
f 9997 9988 9985
f 9988 9997 9584
f 9571 9988 9584
f 9989 9572 9999
f 9999 9572 9586
f 10002 10000 10001
f 9589 10001 10000
f 9589 9588 10001
f 9588 10003 10001
f 10003 9588 10004
f 9588 9590 10004
f 10004 9590 10005
f 9590 9591 10005
f 10005 9591 10006
f 9591 9592 10006
f 10006 9592 10007
f 9592 9593 10007
f 10007 9593 10008
f 9593 9594 10008
f 10010 9595 10009
f 10010 10008 9595
f 10008 9594 9595
f 10009 10011 10012
f 10009 9595 10011
f 9595 9596 10011
f 9596 10013 10011
f 9598 10013 9596
f 9991 9599 9580
f 10014 9599 9991
f 10014 10015 9599
f 9599 10015 9600
f 9582 10016 9993
f 9582 9600 10016
f 9600 10015 10016
f 9993 10016 9995
f 10019 10017 10018
f 10018 9997 9998
f 10018 10017 9997
f 10017 10020 9997
f 9601 9584 9997
f 9601 9997 10021
f 10021 9997 10020
f 9601 10021 9602
f 9999 9586 9603
f 10022 9999 9603
f 10024 9604 10023
f 10024 10022 9604
f 10022 9603 9604
f 9605 10023 9604
f 10025 10023 9605
f 9605 9607 10025
f 10027 10000 10002
f 10026 10000 10027
f 10000 10026 9609
f 9589 10000 9609
f 10009 9610 9611
f 10009 9611 10010
f 10010 9611 10028
f 10012 9610 10009
f 10012 10029 9610
f 10029 9612 9610
f 10029 9598 9612
f 10013 9598 10029
f 10032 10030 10031
f 10031 10017 10019
f 10031 10030 10017
f 10030 10033 10017
f 10017 10033 10020
f 10020 10033 10034
f 9615 9614 10021
f 9615 10021 10034
f 10034 10021 10020
f 10021 9614 9602
f 9616 9617 10035
f 10024 10023 10036
f 10035 9619 9616
f 10023 10025 10037
f 10036 10023 10037
f 10025 9607 9621
f 10025 9621 10039
f 10025 10039 10037
f 10039 9621 10038
f 10039 10040 10041
f 10038 10040 10039
f 10041 10042 10043
f 10040 10042 10041
f 10043 10044 10045
f 10042 10044 10043
f 10045 10046 10047
f 10044 10046 10045
f 10047 10046 10048
f 10050 10026 10027
f 10049 10026 10050
f 10026 10049 9623
f 9609 10026 9623
f 9626 10052 10051
f 9625 9626 10051
f 10051 9611 9625
f 10028 9611 10051
f 10054 10030 10032
f 10053 10030 10054
f 10030 10053 10033
f 10033 10053 10055
f 10033 10055 10034
f 10034 10055 10056
f 10034 10056 9627
f 9615 10034 9627
f 10057 10035 9617
f 10057 9617 10058
f 10058 9617 9628
f 10035 9629 9619
f 10035 10057 9629
f 10057 10059 9629
f 10059 10060 9629
f 9629 10060 9630
f 9621 10061 10038
f 9621 9630 10061
f 9630 10060 10061
f 10038 10062 10040
f 10061 10062 10038
f 10040 10063 10042
f 10062 10063 10040
f 10042 10064 10044
f 10063 10064 10042
f 10044 10065 10046
f 10064 10065 10044
f 10046 10065 10048
f 10068 10066 10067
f 10067 10066 10069
f 10049 9632 9631
f 10049 10050 9632
f 10050 10070 9632
f 10049 9631 9623
f 10073 10072 10071
f 10072 9635 10071
f 10072 10052 9635
f 10052 9626 9635
f 10075 10053 10054
f 10074 10053 10075
f 10053 10074 10055
f 10055 10074 10076
f 10055 10076 10056
f 10056 10076 10077
f 10056 10077 9637
f 9627 10056 9637
f 10058 9628 10078
f 10078 9628 9638
f 10068 10079 10066
f 10069 10066 10079
f 10081 10082 10080
f 10081 10080 9640
f 10081 9640 10070
f 10070 9640 9632
f 10084 10073 10071
f 10083 10084 10071
f 10071 9642 10083
f 9635 9642 10071
f 10075 10085 10074
f 10087 10074 10085
f 10087 10086 10074
f 10086 10076 10074
f 10076 10086 10077
f 10077 10086 10088
f 10077 10088 9644
f 9637 10077 9644
f 10078 9638 10089
f 10089 9638 9646
f 10091 10080 10082
f 10090 10080 10091
f 10080 10090 9648
f 9640 10080 9648
f 10093 10084 10083
f 10092 10093 10083
f 10083 9649 10092
f 9642 9649 10083
f 10087 10094 10086
f 10096 10086 10094
f 10096 10095 10086
f 10095 10088 10086
f 9650 9644 10088
f 9650 10088 10097
f 10097 10088 10095
f 9650 10097 9652
f 10089 9646 10098
f 10098 9646 9654
f 10100 10090 10091
f 10099 10090 10100
f 10090 10099 9656
f 9648 10090 9656
f 10102 10093 10092
f 10101 10102 10092
f 10092 9658 10101
f 9649 9658 10092
f 10096 10103 10095
f 10095 10104 10097
f 10103 10104 10095
f 10106 10105 9659
f 10104 10106 9659
f 10104 9659 9652
f 10104 9652 10097
f 9659 10105 9661
f 10098 9654 10107
f 10107 9654 9663
f 10110 10108 10109
f 10099 9665 9664
f 10100 9665 10099
f 10100 10108 9665
f 10100 10109 10108
f 10099 9664 9656
f 10102 10101 10111
f 10113 9666 10112
f 10111 9666 10113
f 10111 9658 9666
f 10111 10101 9658
f 9667 10112 9666
f 10114 10112 9667
f 9667 9669 10114
f 10106 10115 10105
f 10117 10116 9670
f 10115 10117 9670
f 10115 9670 9661
f 10115 9661 10105
f 9670 10116 9672
f 10107 9663 9673
f 10118 10107 9673
f 10118 9673 10119
f 9673 9674 10119
f 10119 9674 10120
f 9674 9675 10120
f 10120 9675 10121
f 9675 9676 10121
f 10123 9677 10122
f 10123 10121 9677
f 10121 9676 9677
f 9678 10122 9677
f 10124 10122 9678
f 10124 10125 10126
f 10124 9678 10125
f 9678 9679 10125
f 10125 9679 10127
f 9679 9680 10127
f 10127 9680 10128
f 9680 9681 10128
f 10128 9681 10129
f 9681 9682 10129
f 10108 10110 10129
f 10108 10129 9683
f 9683 10129 9682
f 10108 9683 9665
f 10113 10112 10130
f 10112 10114 10131
f 10130 10112 10131
f 10114 9669 9684
f 10114 9684 10131
f 10131 9684 10132
f 10134 9685 10133
f 10134 10132 9685
f 10132 9684 9685
f 9685 9687 10133
f 10116 9689 9688
f 10116 10117 9689
f 10117 10135 9689
f 10116 9688 9672
f 10123 10122 10136
f 10122 10124 10137
f 10136 10122 10137
f 10124 10126 10137
f 10134 10133 10138
f 10133 9687 9690
f 10133 9690 10138
f 10138 9690 10139
f 10139 9690 10140
f 9690 9691 10140
f 10140 9691 10141
f 9691 9692 10141
f 10141 9692 10142
f 9692 9693 10142
f 10142 9693 10143
f 9693 9695 10143
f 10145 9697 10144
f 10145 10143 9697
f 10143 9695 9697
f 9697 9698 10144
f 9699 10146 9700
f 10146 10147 10148
f 10146 9699 10147
f 9699 9701 10147
f 10147 9701 9689
f 10135 10147 9689
f 10145 10144 10149
f 10144 9698 9702
f 10144 9702 10149
f 10149 9702 10150
f 9700 10146 10151
f 9700 10151 9702
f 9702 10151 10150
f 10146 10148 10151
f 9704 10153 10152
f 9703 9704 10152
f 10152 10154 9703
f 9703 10154 9705
f 10154 10155 9705
f 9705 10155 9706
f 10155 10156 9706
f 9706 10156 9707
f 10156 10157 9707
f 9707 10157 9708
f 10157 10158 9708
f 9708 10158 9709
f 10158 10159 9709
f 9709 10159 9710
f 10159 10160 9710
f 9710 10160 9711
f 10160 10161 9711
f 9711 10161 9712
f 10161 10162 9712
f 9712 10162 9713
f 10162 10163 9713
f 9713 10163 9714
f 10163 10164 9714
f 9714 10164 9715
f 10164 10165 9715
f 9715 10165 9716
f 10165 10166 9716
f 9716 10166 9717
f 10166 10167 9717
f 9717 10167 9718
f 10167 10168 9718
f 9718 10168 9719
f 10168 10169 9719
f 9719 10169 9720
f 10169 10170 9720
f 9720 10170 9721
f 10170 10171 9721
f 9721 10171 9722
f 10171 10172 9722
f 9722 10172 9723
f 10172 10173 9723
f 9723 10173 9724
f 10173 10174 9724
f 9724 10174 9725
f 10174 10175 9725
f 9725 10175 9726
f 10175 10176 9726
f 9726 10176 9727
f 10176 10177 9727
f 9727 10177 9728
f 10177 10178 9728
f 9728 10178 9729
f 10178 10179 9729
f 9729 10179 9730
f 10179 10180 9730
f 9730 10180 9731
f 10180 10181 9731
f 9731 10181 9732
f 10181 10182 9732
f 9732 10182 9733
f 10182 10183 9733
f 9733 10183 9734
f 10183 10184 9734
f 9734 10184 9735
f 10184 10185 9735
f 9735 10185 9736
f 10185 10186 9736
f 9736 10186 9737
f 9737 10186 10187
f 9739 9737 10187
f 9741 10189 10188
f 9740 9741 10188
f 10190 9742 9740
f 10190 9740 10191
f 10191 9740 10188
f 10191 10192 10190
f 10153 9704 10193
f 10193 9704 9743
f 10187 9744 9739
f 10194 9744 10187
f 10194 9741 9744
f 10189 9741 10194
f 10190 9745 9742
f 10192 9745 10190
f 10192 10195 9745
f 10195 9746 9745
f 10195 10196 9746
f 9746 10196 9747
f 10196 10197 9747
f 9747 10197 9748
f 10197 10198 9748
f 9748 10198 9749
f 9749 10198 10199
f 9751 9749 10199
f 10193 9743 10200
f 10200 9743 9752
f 10199 10201 9751
f 10201 9754 9751
f 10200 9752 10202
f 10202 9752 9755
f 10205 10203 10204
f 10204 10203 9757
f 10204 9757 10201
f 10201 9757 9754
f 10202 9755 10206
f 10206 9755 9758
f 10209 10207 10208
f 10203 9761 9760
f 10205 9761 10203
f 10205 10207 9761
f 10205 10208 10207
f 10203 9760 9757
f 10206 9758 10210
f 10210 9758 9762
f 10212 10207 10209
f 10211 10207 10212
f 10207 10211 9763
f 9761 10207 9763
f 10210 9762 10213
f 10213 9762 9764
f 10211 9767 9766
f 10211 10212 9767
f 10212 10214 9767
f 10211 9766 9763
f 10213 9764 10215
f 10215 9764 9768
f 9771 10216 10217
f 9770 10216 9771
f 10216 9770 9767
f 10214 10216 9767
f 10215 9768 10218
f 10218 9768 9772
f 9775 10219 10220
f 9774 10219 9775
f 10219 9774 9771
f 10217 10219 9771
f 10218 9772 10221
f 10221 9772 9776
f 10224 10222 10223
f 9778 10223 10222
f 9778 9777 10223
f 9777 10225 10223
f 10225 9777 9775
f 10220 10225 9775
f 10221 9776 10226
f 10226 9776 9779
f 10229 10227 10228
f 10222 9781 9780
f 10224 9781 10222
f 10224 10227 9781
f 10224 10228 10227
f 10222 9780 9778
f 10226 9779 10230
f 10230 9779 9782
f 10233 10231 10232
f 9784 10232 10231
f 9784 9783 10232
f 9783 10234 10232
f 10227 10229 10234
f 10227 10234 9785
f 9785 10234 9783
f 10227 9785 9781
f 10230 9782 10235
f 10235 9782 9786
f 9788 10236 10237
f 9787 10236 9788
f 10236 9787 10238
f 9787 9789 10238
f 10231 10233 10238
f 10231 10238 9790
f 9790 10238 9789
f 10231 9790 9784
f 10235 9786 10239
f 10239 9786 9791
f 10242 10240 10241
f 9793 10241 10240
f 9793 9792 10241
f 9792 10243 10241
f 10243 9792 10244
f 9792 9794 10244
f 10244 9794 10245
f 9794 9796 10245
f 10245 9796 10246
f 9796 9797 10246
f 10246 9797 9788
f 10237 10246 9788
f 10239 9791 10247
f 10247 9791 9798
f 9801 10248 10249
f 9800 10248 9801
f 10248 9800 10250
f 9800 9802 10250
f 10250 9802 10251
f 9802 9804 10251
f 9804 10252 10251
f 9805 10252 9804
f 10242 10253 10240
f 10240 9806 9793
f 10240 10253 9806
f 10253 10254 9806
f 10254 10255 9806
f 9806 10255 9807
f 10255 10256 9807
f 9807 10256 9808
f 10256 10257 9808
f 9808 10257 9809
f 9809 10257 10258
f 9811 9809 10258
f 10247 9798 9812
f 10259 10247 9812
f 10259 9812 10260
f 9812 9813 10260
f 10262 9814 10261
f 10262 10260 9814
f 10260 9813 9814
f 9815 10261 9814
f 10263 10261 9815
f 9816 10263 9815
f 10264 10263 9816
f 9816 9818 10264
f 9820 10265 9821
f 9820 9822 10265
f 9824 10266 9825
f 10266 9824 9826
f 10269 10267 10268
f 10268 10267 10270
f 10249 9827 9801
f 10271 9827 10249
f 10271 10272 9827
f 9827 10272 9828
f 10272 10273 9828
f 9828 10273 9829
f 10273 9805 9829
f 10252 9805 10273
f 10258 10274 9811
f 10274 9831 9811
f 10262 10261 10275
f 10261 10263 10276
f 10275 10261 10276
f 10278 10276 10263
f 10278 10263 10277
f 10277 10263 10264
f 10264 9833 10277
f 9818 9833 10264
f 10265 9834 9821
f 10265 9822 9834
f 10266 9835 9825
f 10269 10279 10267
f 10266 9826 9835
f 10267 10279 10270
f 9836 10281 10280
f 9836 9831 10281
f 9831 10274 10281
f 9836 10280 9837
f 10283 10278 10277
f 10282 10283 10277
f 10277 9839 10282
f 9833 9839 10277
f 10286 10284 10285
f 10285 10280 10281
f 10285 10284 10280
f 10284 10287 10280
f 10280 10287 9840
f 9837 10280 9840
f 10289 10283 10282
f 10288 10289 10282
f 10282 9842 10288
f 9839 9842 10282
f 10292 10290 10291
f 10291 10284 10286
f 10291 10290 10284
f 10290 10293 10284
f 10284 10293 10287
f 10287 10293 10294
f 10287 10294 9843
f 9840 10287 9843
f 10297 10296 10295
f 10288 9845 9846
f 10289 10288 9846
f 10289 9846 10295
f 10289 10295 10296
f 10288 9842 9845
f 10300 10298 10299
f 10299 10290 10292
f 10299 10298 10290
f 10298 10301 10290
f 9848 10302 9849
f 10303 10293 10304
f 10293 10301 10304
f 10293 10290 10301
f 9848 9851 10305
f 9848 10305 10302
f 9851 10294 10305
f 10303 10305 10293
f 10294 10293 10305
f 10294 9851 9843
f 10307 10297 10295
f 10306 10307 10295
f 10295 9854 10306
f 9846 9854 10295
f 10309 10298 10300
f 10308 10298 10309
f 10310 10308 10311
f 10310 10301 10308
f 10301 10298 10308
f 9849 10312 9856
f 9849 10302 10312
f 10304 10301 10310
f 10312 10302 9857
f 10312 9857 9858
f 10302 10305 9857
f 10313 9857 10314
f 10305 10314 9857
f 9857 10313 9859
f 10317 10316 10315
f 10306 9861 9862
f 10307 10306 9862
f 10307 9862 10315
f 10307 10315 10316
f 10306 9854 9861
f 10309 10318 10308
f 10308 10318 10311
f 10312 9863 9856
f 10313 10320 10319
f 10313 10314 10320
f 10312 9858 9863
f 10313 10319 9864
f 9859 10313 9864
f 10322 10317 10315
f 10321 10322 10315
f 10315 9866 10321
f 9862 9866 10315
f 10324 10319 10320
f 10323 10319 10324
f 10319 10323 9868
f 9864 10319 9868
f 10326 10322 10321
f 10325 10326 10321
f 10321 9870 10325
f 9866 9870 10321
f 10328 10323 10324
f 10327 10323 10328
f 10323 10327 9872
f 9868 10323 9872
f 10331 10330 10329
f 10325 9874 9875
f 10326 10325 9875
f 10326 9875 10329
f 10326 10329 10330
f 10325 9870 9874
f 10334 10332 10333
f 10333 10332 10335
f 10337 10327 10328
f 10336 10327 10337
f 10327 10336 9877
f 9872 10327 9877
f 10339 10331 10329
f 10338 10339 10329
f 10329 9879 10338
f 9875 9879 10329
f 10334 10340 10332
f 10332 10340 10335
f 10342 10336 10337
f 10341 10336 10342
f 10336 10341 9882
f 9877 10336 9882
f 10344 10339 10338
f 10343 10344 10338
f 10338 9884 10343
f 9879 9884 10338
f 10346 10341 10342
f 10345 10341 10346
f 10341 10345 9886
f 9882 10341 9886
f 10348 10344 10343
f 10347 10348 10343
f 10343 9888 10347
f 9884 9888 10343
f 10350 10345 10346
f 10349 10345 10350
f 10345 10349 9890
f 9886 10345 9890
f 10353 10352 10351
f 10352 10348 10347
f 10352 10347 10351
f 10351 10347 10354
f 10347 9892 10354
f 9888 9892 10347
f 10357 10355 10356
f 10356 10355 10358
f 9894 10359 9895
f 9894 9896 10359
f 10361 10349 10350
f 10360 10349 10361
f 10349 10360 9898
f 9890 10349 9898
f 10363 10353 10351
f 10362 10363 10351
f 9901 10354 9900
f 9901 10362 10354
f 10362 10351 10354
f 10354 9892 9900
f 10366 10364 10365
f 10365 10364 10368
f 10357 10367 10355
f 10355 10367 10358
f 9904 9903 10369
f 9895 10359 9905
f 9903 9906 10369
f 10359 9896 9905
f 10371 10360 10361
f 10370 10360 10371
f 10360 10370 9908
f 9898 10360 9908
f 10373 10363 10362
f 10372 10373 10362
f 9909 10362 9901
f 9909 10374 10362
f 10374 10372 10362
f 10374 10375 10376
f 10374 9909 10375
f 9909 9911 10375
f 10377 9911 9912
f 10377 10378 9911
f 10378 10375 9911
f 10378 10379 10380
f 10377 10379 10378
f 10380 10379 10381
f 10384 10382 10383
f 10383 10364 10366
f 10383 10382 10364
f 10382 10385 10364
f 10368 10385 10386
f 10364 10385 10368
f 10387 9904 10369
f 9914 9904 10387
f 10369 9915 10387
f 9906 9915 10369
f 10389 10370 10371
f 10388 10370 10389
f 10370 10388 9918
f 9908 10370 9918
f 10391 10373 10372
f 10390 10391 10372
f 9921 10374 9920
f 9921 10390 10374
f 10390 10372 10374
f 10376 9920 10374
f 10376 10392 9920
f 10392 9922 9920
f 9912 10393 10377
f 9912 9922 10393
f 9922 10392 10393
f 10377 10394 10379
f 10393 10394 10377
f 10379 10394 10381
f 10397 10395 10396
f 9927 10396 10395
f 9927 9926 10396
f 9926 10398 10396
f 9926 10399 10398
f 9928 10399 9926
f 10402 10400 10401
f 10401 10382 10384
f 10401 10400 10382
f 10400 10403 10382
f 10404 10403 10405
f 10404 10385 10403
f 10385 10382 10403
f 10385 10404 10386
f 10387 9929 9914
f 10387 9915 9929
f 10388 9934 9933
f 10388 10389 9934
f 10389 10406 9934
f 10388 9933 9918
f 10390 9936 9937
f 10390 9937 10391
f 10391 9937 10407
f 10390 9921 9936
f 10397 10408 10395
f 10395 9938 9927
f 10395 10408 9938
f 10408 10409 9938
f 10409 9928 9938
f 10399 9928 10409
f 9942 10410 10411
f 9941 10410 9942
f 10412 9941 9943
f 10412 10413 9941
f 10413 10410 9941
f 10413 10414 10415
f 10412 10414 10413
f 10415 10416 10417
f 10414 10416 10415
f 10417 10418 10419
f 10416 10418 10417
f 10419 10420 10421
f 10418 10420 10419
f 10421 10422 10423
f 10420 10422 10421
f 10423 10422 10424
f 10402 10425 10400
f 10427 10400 10425
f 10427 10403 10400
f 9945 10426 9946
f 10426 9948 10428
f 10426 9945 9948
f 10403 10427 10405
f 9950 10428 9948
f 10429 10428 9950
f 9950 9952 10429
f 10432 10430 10431
f 10431 10430 9956
f 10431 9956 10406
f 10406 9956 9934
f 10407 9937 10433
f 10433 9937 9958
f 10411 9959 9942
f 10434 9959 10411
f 9943 10435 10412
f 9943 9959 10435
f 9959 10434 10435
f 10412 10436 10414
f 10435 10436 10412
f 10414 10437 10416
f 10436 10437 10414
f 10416 10438 10418
f 10437 10438 10416
f 10418 10439 10420
f 10438 10439 10418
f 10420 10440 10422
f 10439 10440 10420
f 10422 10440 10424
f 10426 9965 9946
f 10428 9965 10426
f 9967 9965 10428
f 10429 9967 10428
f 9968 9967 10429
f 10429 9952 9968
f 10442 10430 10432
f 10441 10430 10442
f 10430 10441 9969
f 9956 10430 9969
f 10433 9958 9970
f 10443 10433 9970
f 10444 9970 9971
f 10444 10445 9970
f 10445 10443 9970
f 10445 10446 10447
f 10444 10446 10445
f 10447 10448 10449
f 10446 10448 10447
f 10449 10448 10450
f 10441 9974 9973
f 10441 10442 9974
f 10442 10451 9974
f 10441 9973 9969
f 10452 10444 9971
f 9975 10452 9971
f 10444 10452 10446
f 10446 10452 10453
f 10446 10453 10448
f 10448 10453 10454
f 10450 10455 10456
f 10450 10448 10455
f 10448 10454 10455
f 10456 10455 10457
f 10460 10458 10459
f 10459 10458 9977
f 10459 9977 10451
f 10451 9977 9974
f 9979 9980 10461
f 9975 9979 10461
f 9975 10461 10452
f 10452 10461 10462
f 10452 10462 10453
f 10453 10462 10463
f 10453 10463 10454
f 10454 10463 10464
f 10454 10464 10455
f 10455 10464 10465
f 10457 10466 10467
f 10457 10455 10466
f 10455 10465 10466
f 10467 10468 10469
f 10466 10468 10467
f 10469 10470 10471
f 10468 10470 10469
f 10471 10470 10472
f 10475 10473 10474
f 10458 9983 9982
f 10460 9983 10458
f 10460 10473 9983
f 10460 10474 10473
f 10458 9982 9977
f 10476 10461 9980
f 10476 9980 10477
f 10477 9980 9984
f 10461 10478 10462
f 10476 10478 10461
f 10462 10479 10463
f 10478 10479 10462
f 10463 10480 10464
f 10479 10480 10463
f 10464 10481 10465
f 10480 10481 10464
f 10465 10482 10466
f 10481 10482 10465
f 10466 10483 10468
f 10482 10483 10466
f 10485 10468 10483
f 10485 10484 10468
f 10484 10470 10468
f 10472 10486 10487
f 10472 10470 10486
f 10470 10484 10486
f 10487 10488 10489
f 10486 10488 10487
f 10489 10490 10491
f 10488 10490 10489
f 10491 10492 10493
f 10490 10492 10491
f 10493 10492 10494
f 10497 10495 10496
f 10473 9987 9986
f 10475 9987 10473
f 10475 10495 9987
f 10475 10496 10495
f 10473 9986 9983
f 10477 9984 10498
f 10498 9984 9989
f 10501 10499 10500
f 10500 10502 10503
f 10499 10502 10500
f 10503 10504 10505
f 10502 10504 10503
f 10505 10506 10507
f 10504 10506 10505
f 10507 10484 10485
f 10507 10506 10484
f 10506 10508 10484
f 10509 10508 10510
f 10509 10486 10508
f 10486 10484 10508
f 10486 10511 10488
f 10509 10511 10486
f 10513 10488 10511
f 10513 10512 10488
f 10512 10490 10488
f 10490 10512 10492
f 10492 10512 10514
f 10494 10514 10515
f 10492 10514 10494
f 9990 10516 9991
f 10516 10517 10518
f 10516 9990 10517
f 9990 9992 10517
f 10517 9992 10519
f 9992 9994 10519
f 10497 10520 10495
f 10497 9994 10520
f 10497 10519 9994
f 9995 10520 9994
f 9996 9987 10495
f 9996 10495 10521
f 10521 10495 10520
f 9996 10521 9998
f 10498 9989 10522
f 10522 9989 9999
f 10525 10523 10524
f 10524 10499 10501
f 10524 10523 10499
f 10523 10526 10499
f 10499 10526 10502
f 10502 10526 10527
f 10502 10527 10504
f 10504 10527 10528
f 10504 10528 10506
f 10506 10528 10529
f 10506 10529 10508
f 10508 10529 10530
f 10510 10531 10532
f 10510 10508 10531
f 10508 10530 10531
f 10532 10533 10534
f 10531 10533 10532
f 10534 10512 10513
f 10534 10533 10512
f 10533 10535 10512
f 10512 10535 10514
f 10514 10535 10536
f 10515 10001 10537
f 10515 10536 10001
f 10515 10514 10536
f 10536 10002 10001
f 10537 10001 10538
f 10001 10003 10538
f 10538 10003 10539
f 10003 10004 10539
f 10539 10004 10540
f 10004 10005 10540
f 10540 10005 10541
f 10005 10006 10541
f 10543 10007 10542
f 10543 10541 10007
f 10541 10006 10007
f 10008 10542 10007
f 10544 10542 10008
f 10544 10008 10010
f 10547 10545 10546
f 10012 10546 10545
f 10012 10011 10546
f 10011 10548 10546
f 10549 10011 10013
f 10549 10550 10011
f 10550 10548 10011
f 10550 10551 10552
f 10549 10551 10550
f 10553 10552 10551
f 10553 10554 10552
f 10516 10014 9991
f 10553 10555 10518
f 10553 10518 10554
f 10555 10015 10518
f 10516 10518 10014
f 10015 10014 10518
f 10016 10015 10555
f 10556 10016 10555
f 9995 10016 10556
f 9995 10556 10520
f 10520 10556 10557
f 10019 10018 10521
f 10019 10521 10557
f 10557 10521 10520
f 10521 10018 9998
f 10522 9999 10022
f 10558 10522 10022
f 10559 10022 10024
f 10559 10560 10022
f 10560 10558 10022
f 10560 10559 10562
f 10525 10561 10523
f 10564 10523 10561
f 10564 10563 10523
f 10563 10526 10523
f 10526 10563 10527
f 10527 10563 10565
f 10527 10565 10528
f 10528 10565 10566
f 10528 10566 10529
f 10529 10566 10567
f 10529 10567 10530
f 10530 10567 10568
f 10530 10568 10531
f 10531 10568 10569
f 10531 10569 10533
f 10533 10569 10570
f 10533 10570 10535
f 10535 10570 10571
f 10535 10571 10536
f 10536 10571 10572
f 10536 10572 10027
f 10002 10536 10027
f 10543 10542 10573
f 10575 10573 10542
f 10575 10542 10574
f 10574 10542 10544
f 10544 10028 10574
f 10544 10010 10028
f 10545 10547 10576
f 10545 10029 10012
f 10545 10576 10029
f 10576 10577 10029
f 10013 10029 10577
f 10013 10577 10578
f 10013 10578 10549
f 10578 10577 10579
f 10549 10578 10551
f 10551 10578 10580
f 10551 10580 10553
f 10553 10580 10581
f 10553 10581 10555
f 10555 10581 10582
f 10555 10582 10556
f 10556 10582 10583
f 10032 10031 10557
f 10032 10557 10583
f 10583 10557 10556
f 10557 10031 10019
f 10559 10024 10036
f 10562 10559 10036
f 10562 10036 10584
f 10584 10036 10037
f 10563 10564 10584
f 10563 10584 10039
f 10039 10584 10037
f 10565 10563 10039
f 10041 10565 10039
f 10566 10565 10041
f 10043 10566 10041
f 10567 10566 10043
f 10045 10567 10043
f 10568 10567 10045
f 10047 10568 10045
f 10585 10569 10568
f 10585 10568 10048
f 10585 10048 10586
f 10048 10568 10047
f 10569 10587 10570
f 10585 10587 10569
f 10570 10588 10571
f 10587 10588 10570
f 10571 10589 10572
f 10588 10589 10571
f 10572 10589 10590
f 10572 10590 10027
f 10027 10590 10050
f 10593 10592 10591
f 10574 10051 10052
f 10575 10574 10052
f 10575 10052 10591
f 10575 10591 10592
f 10574 10028 10051
f 10579 10594 10578
f 10578 10595 10580
f 10594 10595 10578
f 10597 10580 10595
f 10597 10596 10580
f 10596 10581 10580
f 10581 10596 10582
f 10582 10596 10598
f 10582 10598 10583
f 10583 10598 10599
f 10583 10599 10054
f 10032 10583 10054
f 10058 10601 10600
f 10057 10058 10600
f 10600 10602 10057
f 10057 10602 10059
f 10602 10603 10059
f 10059 10603 10060
f 10603 10604 10060
f 10060 10604 10061
f 10604 10605 10061
f 10061 10605 10062
f 10605 10606 10062
f 10062 10606 10063
f 10606 10607 10063
f 10063 10607 10064
f 10607 10608 10064
f 10064 10608 10065
f 10608 10048 10065
f 10586 10048 10608
f 10067 10609 10068
f 10609 10067 10069
f 10612 10610 10611
f 10611 10610 10070
f 10611 10070 10590
f 10590 10070 10050
f 10615 10614 10613
f 10591 10072 10073
f 10593 10591 10073
f 10593 10073 10613
f 10593 10613 10614
f 10591 10052 10072
f 10597 10616 10596
f 10618 10596 10616
f 10618 10617 10596
f 10617 10598 10596
f 10598 10617 10599
f 10599 10617 10619
f 10599 10619 10075
f 10054 10599 10075
f 10601 10058 10620
f 10620 10058 10078
f 10622 10623 10621
f 10609 10079 10068
f 10612 10081 10610
f 10612 10082 10081
f 10612 10622 10082
f 10621 10082 10622
f 10609 10069 10079
f 10610 10081 10070
f 10625 10615 10613
f 10624 10625 10613
f 10613 10084 10624
f 10073 10084 10613
f 10618 10626 10617
f 10628 10617 10626
f 10628 10627 10617
f 10627 10619 10617
f 10085 10075 10619
f 10085 10619 10629
f 10629 10619 10627
f 10085 10629 10087
f 10620 10078 10630
f 10630 10078 10089
f 10632 10621 10623
f 10631 10621 10632
f 10621 10631 10091
f 10082 10621 10091
f 10634 10625 10624
f 10633 10634 10624
f 10624 10093 10633
f 10084 10093 10624
f 10628 10635 10627
f 10627 10636 10629
f 10635 10636 10627
f 10638 10637 10094
f 10636 10638 10094
f 10636 10094 10087
f 10636 10087 10629
f 10094 10637 10096
f 10630 10089 10639
f 10639 10089 10098
f 10641 10631 10632
f 10640 10631 10641
f 10631 10640 10100
f 10091 10631 10100
f 10643 10634 10633
f 10642 10643 10633
f 10633 10102 10642
f 10093 10102 10633
f 10638 10644 10637
f 10637 10103 10096
f 10637 10644 10103
f 10644 10645 10103
f 10647 10646 10104
f 10647 10104 10645
f 10645 10104 10103
f 10104 10646 10106
f 10639 10098 10648
f 10648 10098 10107
f 10640 10110 10109
f 10640 10641 10110
f 10641 10649 10110
f 10640 10109 10100
f 10643 10642 10650
f 10652 10111 10651
f 10650 10111 10652
f 10650 10102 10111
f 10650 10642 10102
f 10111 10113 10651
f 10647 10653 10646
f 10655 10654 10115
f 10653 10655 10115
f 10653 10115 10106
f 10653 10106 10646
f 10115 10654 10117
f 10118 10656 10657
f 10118 10657 10107
f 10107 10657 10648
f 10119 10656 10118
f 10658 10656 10119
f 10120 10658 10119
f 10659 10658 10120
f 10121 10659 10120
f 10660 10659 10121
f 10121 10123 10660
f 10663 10661 10662
f 10126 10662 10661
f 10126 10125 10662
f 10125 10664 10662
f 10664 10125 10665
f 10125 10127 10665
f 10665 10127 10666
f 10127 10128 10666
f 10666 10128 10667
f 10128 10129 10667
f 10667 10129 10110
f 10649 10667 10110
f 10652 10651 10668
f 10651 10113 10130
f 10651 10130 10668
f 10668 10130 10669
f 10669 10130 10670
f 10130 10131 10670
f 10670 10131 10671
f 10131 10132 10671
f 10132 10672 10671
f 10134 10672 10132
f 10655 10673 10654
f 10654 10673 10674
f 10654 10674 10117
f 10117 10674 10135
f 10657 10656 10675
f 10656 10658 10676
f 10675 10656 10676
f 10658 10659 10677
f 10676 10658 10677
f 10659 10660 10678
f 10677 10659 10678
f 10660 10123 10136
f 10660 10136 10678
f 10678 10136 10679
f 10661 10663 10679
f 10661 10679 10137
f 10137 10679 10136
f 10661 10137 10126
f 10672 10134 10138
f 10680 10672 10138
f 10680 10138 10681
f 10138 10139 10681
f 10681 10139 10682
f 10139 10140 10682
f 10682 10140 10683
f 10140 10141 10683
f 10683 10141 10684
f 10141 10142 10684
f 10684 10142 10685
f 10142 10143 10685
f 10686 10143 10145
f 10686 10687 10143
f 10687 10685 10143
f 10687 10686 10688
f 10691 10689 10690
f 10148 10690 10689
f 10148 10147 10690
f 10147 10692 10690
f 10692 10147 10135
f 10674 10692 10135
f 10686 10145 10149
f 10688 10686 10149
f 10688 10149 10693
f 10693 10149 10150
f 10689 10691 10693
f 10689 10693 10151
f 10151 10693 10150
f 10689 10151 10148
f 10153 10695 10694
f 10152 10153 10694
f 10694 10696 10152
f 10152 10696 10154
f 10696 10697 10154
f 10154 10697 10155
f 10697 10698 10155
f 10155 10698 10156
f 10698 10699 10156
f 10156 10699 10157
f 10699 10700 10157
f 10157 10700 10158
f 10700 10701 10158
f 10158 10701 10159
f 10701 10702 10159
f 10159 10702 10160
f 10702 10703 10160
f 10160 10703 10161
f 10703 10704 10161
f 10161 10704 10162
f 10704 10705 10162
f 10162 10705 10163
f 10705 10706 10163
f 10163 10706 10164
f 10706 10707 10164
f 10164 10707 10165
f 10707 10708 10165
f 10165 10708 10166
f 10708 10709 10166
f 10166 10709 10167
f 10709 10710 10167
f 10167 10710 10168
f 10710 10711 10168
f 10168 10711 10169
f 10711 10712 10169
f 10169 10712 10170
f 10712 10713 10170
f 10170 10713 10171
f 10713 10714 10171
f 10171 10714 10172
f 10714 10715 10172
f 10172 10715 10173
f 10715 10716 10173
f 10173 10716 10174
f 10716 10717 10174
f 10174 10717 10175
f 10717 10718 10175
f 10175 10718 10176
f 10718 10719 10176
f 10176 10719 10177
f 10719 10720 10177
f 10177 10720 10178
f 10720 10721 10178
f 10178 10721 10179
f 10721 10722 10179
f 10179 10722 10180
f 10722 10723 10180
f 10180 10723 10181
f 10723 10724 10181
f 10181 10724 10182
f 10724 10725 10182
f 10182 10725 10183
f 10725 10726 10183
f 10183 10726 10184
f 10726 10727 10184
f 10184 10727 10185
f 10729 10728 10186
f 10729 10186 10727
f 10727 10186 10185
f 10186 10728 10187
f 10188 10189 10730
f 10191 10188 10730
f 10731 10191 10730
f 10191 10731 10192
f 10695 10153 10732
f 10732 10153 10193
f 10729 10733 10728
f 10728 10194 10187
f 10728 10733 10194
f 10733 10734 10194
f 10189 10735 10730
f 10189 10194 10735
f 10194 10734 10735
f 10730 10736 10731
f 10735 10736 10730
f 10731 10195 10192
f 10731 10736 10195
f 10736 10737 10195
f 10737 10738 10195
f 10195 10738 10196
f 10738 10739 10196
f 10196 10739 10197
f 10741 10740 10198
f 10741 10198 10739
f 10739 10198 10197
f 10198 10740 10199
f 10732 10193 10742
f 10742 10193 10200
f 10744 10740 10741
f 10743 10740 10744
f 10740 10743 10201
f 10199 10740 10201
f 10742 10200 10745
f 10745 10200 10202
f 10743 10205 10204
f 10743 10744 10205
f 10744 10746 10205
f 10743 10204 10201
f 10745 10202 10747
f 10747 10202 10206
f 10209 10748 10749
f 10208 10748 10209
f 10748 10208 10205
f 10746 10748 10205
f 10747 10206 10750
f 10750 10206 10210
f 10753 10751 10752
f 10752 10751 10212
f 10752 10212 10749
f 10749 10212 10209
f 10750 10210 10754
f 10754 10210 10213
f 10756 10751 10753
f 10755 10751 10756
f 10751 10755 10214
f 10212 10751 10214
f 10754 10213 10757
f 10757 10213 10215
f 10760 10758 10759
f 10755 10217 10216
f 10756 10217 10755
f 10756 10758 10217
f 10756 10759 10758
f 10755 10216 10214
f 10757 10215 10761
f 10761 10215 10218
f 10758 10220 10219
f 10758 10760 10220
f 10760 10762 10220
f 10758 10219 10217
f 10761 10218 10763
f 10763 10218 10221
f 10766 10764 10765
f 10224 10765 10764
f 10224 10223 10765
f 10223 10767 10765
f 10767 10223 10768
f 10223 10225 10768
f 10768 10225 10220
f 10762 10768 10220
f 10763 10221 10769
f 10769 10221 10226
f 10764 10229 10228
f 10764 10766 10229
f 10766 10770 10229
f 10764 10228 10224
f 10769 10226 10771
f 10771 10226 10230
f 10233 10772 10773
f 10232 10772 10233
f 10772 10232 10774
f 10232 10234 10774
f 10774 10234 10229
f 10770 10774 10229
f 10771 10230 10775
f 10775 10230 10235
f 10237 10776 10777
f 10236 10776 10237
f 10776 10236 10778
f 10236 10238 10778
f 10778 10238 10233
f 10773 10778 10233
f 10775 10235 10779
f 10779 10235 10239
f 10242 10780 10781
f 10241 10780 10242
f 10780 10241 10782
f 10241 10243 10782
f 10782 10243 10783
f 10243 10244 10783
f 10783 10244 10784
f 10244 10245 10784
f 10784 10245 10785
f 10245 10246 10785
f 10785 10246 10237
f 10777 10785 10237
f 10779 10239 10786
f 10786 10239 10247
f 10248 10787 10249
f 10787 10788 10789
f 10787 10248 10788
f 10248 10250 10788
f 10791 10251 10790
f 10791 10788 10251
f 10788 10250 10251
f 10790 10251 10252
f 10794 10792 10793
f 10793 10792 10795
f 10781 10253 10242
f 10796 10253 10781
f 10796 10797 10253
f 10253 10797 10254
f 10797 10798 10254
f 10254 10798 10255
f 10798 10799 10255
f 10255 10799 10256
f 10801 10800 10257
f 10801 10257 10799
f 10799 10257 10256
f 10257 10800 10258
f 10259 10802 10803
f 10259 10803 10247
f 10247 10803 10786
f 10260 10802 10259
f 10804 10802 10260
f 10260 10262 10804
f 10807 10805 10806
f 10269 10806 10805
f 10269 10268 10806
f 10268 10808 10806
f 10809 10268 10270
f 10809 10810 10268
f 10810 10808 10268
f 10810 10811 10812
f 10809 10811 10810
f 10812 10811 10813
f 10787 10271 10249
f 10789 10271 10787
f 10789 10814 10271
f 10814 10272 10271
f 10790 10814 10791
f 10790 10273 10814
f 10273 10272 10814
f 10794 10815 10792
f 10790 10252 10273
f 10792 10815 10795
f 10818 10816 10817
f 10817 10800 10801
f 10817 10816 10800
f 10816 10819 10800
f 10800 10819 10274
f 10258 10800 10274
f 10803 10802 10820
f 10802 10804 10821
f 10820 10802 10821
f 10804 10262 10275
f 10804 10275 10821
f 10821 10275 10822
f 10824 10276 10823
f 10824 10822 10276
f 10822 10275 10276
f 10276 10278 10823
f 10807 10825 10805
f 10805 10279 10269
f 10805 10825 10279
f 10825 10826 10279
f 10270 10827 10809
f 10270 10279 10827
f 10279 10826 10827
f 10809 10828 10811
f 10827 10828 10809
f 10811 10828 10813
f 10831 10829 10830
f 10830 10816 10818
f 10830 10829 10816
f 10829 10832 10816
f 10816 10832 10819
f 10819 10832 10833
f 10819 10833 10281
f 10274 10819 10281
f 10835 10824 10823
f 10834 10835 10823
f 10823 10283 10834
f 10278 10283 10823
f 10838 10836 10837
f 10837 10839 10840
f 10836 10839 10837
f 10840 10829 10831
f 10840 10839 10829
f 10839 10841 10829
f 10829 10841 10832
f 10832 10841 10842
f 10286 10285 10833
f 10286 10833 10842
f 10842 10833 10832
f 10833 10285 10281
f 10844 10835 10834
f 10843 10844 10834
f 10834 10289 10843
f 10283 10289 10834
f 10846 10836 10838
f 10845 10836 10846
f 10847 10845 10848
f 10847 10839 10845
f 10839 10836 10845
f 10839 10849 10841
f 10847 10849 10839
f 10851 10841 10849
f 10851 10842 10841
f 10291 10850 10292
f 10850 10291 10286
f 10850 10286 10852
f 10842 10851 10286
f 10851 10852 10286
f 10855 10854 10853
f 10843 10296 10297
f 10844 10843 10297
f 10844 10297 10853
f 10844 10853 10854
f 10843 10289 10296
f 10846 10856 10845
f 10845 10856 10848
f 10299 10857 10300
f 10292 10857 10299
f 10292 10850 10857
f 10850 10858 10857
f 10858 10850 10303
f 10858 10303 10304
f 10850 10852 10303
f 10859 10303 10860
f 10852 10860 10303
f 10303 10859 10305
f 10862 10855 10853
f 10861 10862 10853
f 10853 10307 10861
f 10297 10307 10853
f 10863 10300 10857
f 10309 10300 10863
f 10311 10858 10310
f 10311 10863 10858
f 10863 10857 10858
f 10859 10865 10864
f 10859 10860 10865
f 10858 10304 10310
f 10859 10864 10314
f 10305 10859 10314
f 10868 10867 10866
f 10861 10316 10317
f 10862 10861 10317
f 10862 10317 10866
f 10862 10866 10867
f 10861 10307 10316
f 10863 10318 10309
f 10863 10311 10318
f 10865 10869 10864
f 10864 10869 10870
f 10864 10870 10314
f 10314 10870 10320
f 10872 10868 10866
f 10871 10872 10866
f 10866 10322 10871
f 10317 10322 10866
f 10870 10873 10320
f 10873 10324 10320
f 10876 10875 10874
f 10875 10872 10871
f 10875 10871 10874
f 10874 10871 10877
f 10871 10326 10877
f 10322 10326 10871
f 10880 10878 10879
f 10879 10878 10328
f 10879 10328 10873
f 10873 10328 10324
f 10882 10876 10874
f 10881 10882 10874
f 10331 10877 10330
f 10331 10881 10877
f 10881 10874 10877
f 10877 10326 10330
f 10333 10883 10334
f 10333 10335 10883
f 10885 10878 10880
f 10884 10878 10885
f 10878 10884 10337
f 10328 10878 10337
f 10887 10882 10881
f 10886 10887 10881
f 10881 10339 10886
f 10331 10339 10881
f 10883 10340 10334
f 10883 10335 10340
f 10889 10884 10885
f 10888 10884 10889
f 10884 10888 10342
f 10337 10884 10342
f 10891 10887 10886
f 10890 10891 10886
f 10886 10344 10890
f 10339 10344 10886
f 10889 10892 10888
f 10888 10892 10893
f 10888 10893 10342
f 10342 10893 10346
f 10895 10891 10890
f 10894 10895 10890
f 10890 10348 10894
f 10344 10348 10890
f 10898 10896 10897
f 10897 10896 10899
f 10902 10900 10901
f 10901 10900 10350
f 10901 10350 10893
f 10893 10350 10346
f 10894 10352 10353
f 10894 10353 10895
f 10895 10353 10903
f 10894 10348 10352
f 10906 10904 10905
f 10905 10904 10908
f 10898 10907 10896
f 10896 10907 10899
f 10356 10909 10357
f 10356 10358 10909
f 10911 10900 10902
f 10910 10900 10911
f 10900 10910 10361
f 10350 10900 10361
f 10912 10913 10903
f 10912 10903 10363
f 10363 10903 10353
f 10913 10912 10914
f 10916 10904 10906
f 10915 10904 10916
f 10908 10915 10917
f 10904 10915 10908
f 10365 10918 10366
f 10357 10909 10367
f 10365 10368 10918
f 10909 10358 10367
f 10920 10910 10911
f 10919 10910 10920
f 10910 10919 10371
f 10361 10910 10371
f 10921 10912 10363
f 10373 10921 10363
f 10914 10922 10923
f 10914 10912 10922
f 10912 10921 10922
f 10925 10923 10922
f 10924 10376 10375
f 10378 10924 10375
f 10926 10924 10378
f 10926 10927 10928
f 10926 10378 10927
f 10378 10380 10927
f 10380 10929 10927
f 10381 10929 10380
f 10932 10930 10931
f 10931 10930 10934
f 10916 10933 10915
f 10915 10933 10917
f 10384 10383 10935
f 10366 10935 10383
f 10366 10918 10935
f 10918 10936 10935
f 10918 10386 10936
f 10368 10386 10918
f 10938 10919 10920
f 10937 10919 10938
f 10919 10937 10389
f 10371 10919 10389
f 10939 10921 10373
f 10391 10939 10373
f 10921 10939 10922
f 10922 10939 10940
f 10376 10924 10392
f 10925 10922 10942
f 10922 10941 10942
f 10922 10940 10941
f 10942 10941 10944
f 10944 10941 10943
f 10392 10924 10926
f 10392 10926 10393
f 10943 10945 10928
f 10943 10928 10944
f 10945 10394 10928
f 10926 10928 10393
f 10394 10393 10928
f 10945 10381 10394
f 10945 10946 10381
f 10946 10929 10381
f 10396 10947 10397
f 10947 10948 10949
f 10947 10396 10948
f 10396 10398 10948
f 10398 10950 10948
f 10399 10950 10398
f 10953 10951 10952
f 10952 10954 10955
f 10951 10954 10952
f 10955 10956 10957
f 10954 10956 10955
f 10957 10958 10959
f 10956 10958 10957
f 10959 10958 10961
f 10932 10960 10930
f 10930 10960 10934
f 10402 10401 10962
f 10384 10962 10401
f 10384 10935 10962
f 10935 10963 10962
f 10405 10936 10404
f 10405 10963 10936
f 10963 10935 10936
f 10936 10386 10404
f 10966 10964 10965
f 10965 10967 10968
f 10964 10967 10965
f 10968 10937 10938
f 10968 10967 10937
f 10967 10969 10937
f 10937 10969 10406
f 10389 10937 10406
f 10970 10939 10391
f 10407 10970 10391
f 10939 10970 10940
f 10940 10970 10971
f 10940 10971 10941
f 10941 10971 10972
f 10941 10972 10943
f 10943 10972 10973
f 10943 10973 10945
f 10945 10973 10974
f 10946 10975 10976
f 10946 10945 10975
f 10945 10974 10975
f 10976 10975 10977
f 10947 10408 10397
f 10949 10408 10947
f 10949 10978 10408
f 10978 10409 10408
f 10978 10399 10409
f 10950 10399 10978
f 10410 10979 10411
f 10413 10979 10410
f 10980 10979 10413
f 10980 10981 10982
f 10980 10413 10981
f 10413 10415 10981
f 10953 10984 10951
f 10985 10981 10983
f 10981 10417 10983
f 10981 10415 10417
f 10417 10986 10983
f 10417 10419 10986
f 10984 10987 10951
f 10987 10954 10951
f 10419 10988 10986
f 10419 10421 10988
f 10987 10989 10954
f 10989 10956 10954
f 10421 10990 10988
f 10421 10423 10990
f 10989 10991 10956
f 10991 10958 10956
f 10991 10961 10958
f 10990 10423 10424
f 10962 10425 10402
f 10963 10425 10962
f 10427 10425 10963
f 10963 10405 10427
f 10993 10964 10966
f 10992 10964 10993
f 10964 10992 10967
f 10967 10992 10994
f 10432 10431 10969
f 10432 10969 10994
f 10994 10969 10967
f 10969 10431 10406
f 10995 10970 10407
f 10433 10995 10407
f 10970 10995 10971
f 10971 10995 10996
f 10971 10996 10972
f 10972 10996 10997
f 10972 10997 10973
f 10973 10997 10998
f 10973 10998 10974
f 10974 10998 10999
f 10974 10999 10975
f 10975 10999 11000
f 10977 11001 11002
f 10977 10975 11001
f 10975 11000 11001
f 11002 11003 11004
f 11001 11003 11002
f 11004 11005 11006
f 11003 11005 11004
f 11006 11007 11008
f 11005 11007 11006
f 11008 11009 11010
f 11007 11009 11008
f 11010 11011 11012
f 11009 11011 11010
f 11012 11011 11013
f 10979 10434 10411
f 10980 10434 10979
f 10435 10434 10980
f 10982 10435 10980
f 10982 11014 10435
f 11014 10436 10435
f 10983 11014 10985
f 10983 10437 11014
f 10437 10436 11014
f 10986 10437 10983
f 10438 10437 10986
f 10988 10438 10986
f 10439 10438 10988
f 10990 10439 10988
f 10440 10439 10990
f 10990 10424 10440
f 11017 11015 11016
f 11016 10992 10993
f 11016 11015 10992
f 11015 11018 10992
f 10992 11018 10994
f 10994 11018 11019
f 10994 11019 10442
f 10432 10994 10442
f 10995 10433 10443
f 10996 10995 10443
f 10445 10996 10443
f 10997 10996 10445
f 10447 10997 10445
f 10998 10997 10447
f 10449 10998 10447
f 10449 10450 11020
f 10449 11020 10998
f 10998 11020 10999
f 10999 11020 11000
f 11000 11020 11021
f 11000 11021 11001
f 11001 11021 11022
f 11001 11022 11003
f 11003 11022 11023
f 11003 11023 11005
f 11005 11023 11024
f 11005 11024 11007
f 11007 11024 11025
f 11007 11025 11009
f 11009 11025 11026
f 11009 11026 11011
f 11011 11026 11027
f 11013 11027 11028
f 11011 11027 11013
f 11031 11029 11030
f 11030 11015 11017
f 11030 11029 11015
f 11029 11032 11015
f 11015 11032 11018
f 11018 11032 11033
f 11018 11033 11019
f 11019 11033 11034
f 11019 11034 10451
f 10442 11019 10451
f 11020 10450 10456
f 10456 10457 11035
f 10456 11035 11020
f 11020 11035 11021
f 11021 11035 11022
f 11022 11035 11036
f 11022 11036 11023
f 11023 11036 11037
f 11023 11037 11024
f 11024 11037 11038
f 11024 11038 11025
f 11025 11038 11039
f 11025 11039 11026
f 11026 11039 11040
f 11026 11040 11027
f 11027 11040 11041
f 11028 11042 11043
f 11028 11027 11042
f 11027 11041 11042
f 11043 11044 11045
f 11042 11044 11043
f 11045 11046 11047
f 11044 11046 11045
f 11047 11048 11049
f 11046 11048 11047
f 11049 11048 11050
f 11053 11051 11052
f 11052 11029 11031
f 11052 11051 11029
f 11051 11054 11029
f 11029 11054 11032
f 11032 11054 11055
f 11032 11055 11033
f 11033 11055 11056
f 10460 10459 11034
f 10460 11034 11056
f 11056 11034 11033
f 11034 10459 10451
f 11035 10457 10467
f 11036 11035 10467
f 10469 11036 10467
f 11037 11036 10469
f 10471 11037 10469
f 10471 10472 11057
f 10471 11057 11037
f 11037 11057 11038
f 11038 11057 11039
f 11039 11057 11058
f 11039 11058 11040
f 11040 11058 11059
f 11040 11059 11041
f 11041 11059 11060
f 11041 11060 11042
f 11042 11060 11061
f 11042 11061 11044
f 11044 11061 11062
f 11044 11062 11046
f 11046 11062 11063
f 11046 11063 11048
f 11048 11063 11064
f 11050 11065 11066
f 11050 11048 11065
f 11048 11064 11065
f 11066 11067 11068
f 11065 11067 11066
f 11068 11069 11070
f 11067 11069 11068
f 11070 11071 11072
f 11069 11071 11070
f 11072 11073 11074
f 11071 11073 11072
f 11074 11075 11076
f 11073 11075 11074
f 11076 11077 11078
f 11075 11077 11076
f 11078 11079 11080
f 11077 11079 11078
f 11080 11051 11053
f 11080 11079 11051
f 11079 11081 11051
f 11051 11081 11054
f 11054 11081 11082
f 11054 11082 11055
f 11055 11082 11083
f 10475 10474 11056
f 10475 11056 11083
f 11083 11056 11055
f 11056 10474 10460
f 10476 10477 11084
f 10478 10476 11084
f 11085 10478 11084
f 10479 10478 11085
f 11086 10479 11085
f 10480 10479 11086
f 11087 10480 11086
f 10481 10480 11087
f 11088 10481 11087
f 10482 10481 11088
f 11089 10482 11088
f 10483 10482 11089
f 11090 10483 11089
f 10483 11090 10485
f 11057 10472 10487
f 11058 11057 10487
f 10489 11058 10487
f 11059 11058 10489
f 10491 11059 10489
f 11060 11059 10491
f 10493 11060 10491
f 10493 10494 11091
f 10493 11091 11060
f 11060 11091 11061
f 11061 11091 11062
f 11062 11091 11092
f 11062 11092 11063
f 11063 11092 11093
f 11063 11093 11064
f 11064 11093 11094
f 11064 11094 11065
f 11065 11094 11095
f 11065 11095 11067
f 11067 11095 11096
f 11067 11096 11069
f 11069 11096 11097
f 11069 11097 11071
f 11071 11097 11098
f 11071 11098 11073
f 11073 11098 11099
f 11073 11099 11075
f 11075 11099 11100
f 11075 11100 11077
f 11077 11100 11101
f 11077 11101 11079
f 11079 11101 11102
f 11079 11102 11081
f 11081 11102 11103
f 11081 11103 11082
f 11082 11103 11104
f 10497 10496 11083
f 10497 11083 11104
f 11104 11083 11082
f 11083 10496 10475
f 11105 11084 10477
f 10498 11105 10477
f 11084 11105 11085
f 11085 11105 11106
f 11085 11106 11086
f 11086 11106 11107
f 10501 10500 11087
f 10501 11087 11107
f 11107 11087 11086
f 11088 11087 10500
f 10503 11088 10500
f 11089 11088 10503
f 10505 11089 10503
f 11090 11089 10505
f 10507 11090 10505
f 11090 10507 10485
f 10509 10510 11108
f 10511 10509 11108
f 11109 10511 11108
f 10511 11109 10513
f 11110 11091 10494
f 10515 11110 10494
f 11091 11110 11092
f 11092 11110 11111
f 11092 11111 11093
f 11093 11111 11112
f 11093 11112 11094
f 11094 11112 11113
f 11094 11113 11095
f 11095 11113 11114
f 11095 11114 11096
f 11096 11114 11115
f 11096 11115 11097
f 11097 11115 11116
f 11097 11116 11098
f 11098 11116 11117
f 11098 11117 11099
f 11099 11117 11118
f 11099 11118 11100
f 11100 11118 11119
f 11100 11119 11101
f 11101 11119 11120
f 11101 11120 11102
f 11102 11120 11121
f 10518 10517 11103
f 10518 11103 11121
f 11121 11103 11102
f 11104 11103 10517
f 10519 11104 10517
f 11104 10519 10497
f 11122 11105 10498
f 10522 11122 10498
f 11105 11122 11106
f 11106 11122 11123
f 10525 10524 11107
f 10525 11107 11123
f 11123 11107 11106
f 11107 10524 10501
f 11108 10510 10532
f 11109 11108 10532
f 10534 11109 10532
f 11109 10534 10513
f 11110 10515 10537
f 11111 11110 10537
f 10538 11111 10537
f 11112 11111 10538
f 10539 11112 10538
f 11113 11112 10539
f 10540 11113 10539
f 11114 11113 10540
f 10541 11114 10540
f 10541 10543 11124
f 10541 11124 11114
f 11114 11124 11115
f 11115 11124 11116
f 11116 11124 11125
f 10547 10546 11117
f 10547 11117 11125
f 11125 11117 11116
f 11118 11117 10546
f 10548 11118 10546
f 11119 11118 10548
f 10550 11119 10548
f 11120 11119 10550
f 10552 11120 10550
f 11121 11120 10552
f 10554 11121 10552
f 11121 10554 10518
f 11122 10522 10558
f 11123 11122 10558
f 10560 11123 10558
f 10561 10525 11123
f 10561 11123 11126
f 10560 10562 11123
f 10562 11126 11123
f 10561 11126 10564
f 11124 10543 10573
f 10573 10575 11127
f 10573 11127 11124
f 11124 11127 11125
f 10576 10547 11125
f 10576 11125 11128
f 11128 11125 11127
f 10577 10576 11128
f 11129 10577 11128
f 10577 11129 10579
f 11126 10562 10584
f 11126 10584 10564
f 10585 10586 11130
f 10587 10585 11130
f 11131 10587 11130
f 10588 10587 11131
f 11132 10588 11131
f 10589 10588 11132
f 11133 10589 11132
f 10589 11133 10590
f 10592 10593 11134
f 10575 10592 11134
f 10575 11134 11127
f 11127 11134 11135
f 11127 11135 11128
f 11128 11135 11136
f 11128 11136 11129
f 11129 11136 11137
f 10594 10579 11129
f 10594 11129 11138
f 11138 11129 11137
f 10595 10594 11138
f 11139 10595 11138
f 10595 11139 10597
f 10601 11141 11140
f 10600 10601 11140
f 11140 11142 10600
f 10600 11142 10602
f 11142 11143 10602
f 10602 11143 10603
f 11143 11144 10603
f 10603 11144 10604
f 11144 11145 10604
f 10604 11145 10605
f 11147 11146 10606
f 11147 10606 11145
f 11145 10606 10605
f 10607 10606 11146
f 11148 10607 11146
f 10608 10607 11148
f 11149 10608 11148
f 10586 10608 11149
f 10586 11149 11130
f 11130 11149 11150
f 11151 11150 11152
f 11151 11131 11150
f 11131 11130 11150
f 11154 11131 11151
f 11154 11153 11131
f 11153 11132 11131
f 10612 10611 11133
f 10612 11133 11153
f 11153 11133 11132
f 11133 10611 10590
f 10614 10615 11155
f 10593 10614 11155
f 10593 11155 11134
f 11134 11155 11156
f 11134 11156 11135
f 11135 11156 11157
f 11135 11157 11136
f 11136 11157 11158
f 11136 11158 11137
f 11137 11158 11159
f 11137 11159 11138
f 11138 11159 11160
f 11138 11160 11139
f 11139 11160 11161
f 10616 10597 11139
f 10616 11139 11162
f 11162 11139 11161
f 10616 11162 10618
f 11141 10601 11163
f 11163 10601 10620
f 11147 11164 11146
f 11146 11165 11148
f 11164 11165 11146
f 11148 11166 11149
f 11165 11166 11148
f 11149 11167 11150
f 11166 11167 11149
f 11152 11150 11167
f 11169 11170 11168
f 11153 10623 10622
f 11154 10623 11153
f 11154 11168 10623
f 11154 11169 11168
f 11153 10622 10612
f 11173 11172 11171
f 11171 11172 11174
f 11171 11174 10615
f 11171 10615 10625
f 11155 10615 11174
f 11155 11175 11156
f 11174 11175 11155
f 11156 11176 11157
f 11175 11176 11156
f 11157 11177 11158
f 11176 11177 11157
f 11158 11178 11159
f 11177 11178 11158
f 11159 11179 11160
f 11178 11179 11159
f 11181 11160 11179
f 11181 11180 11160
f 11180 11161 11160
f 11161 11180 11162
f 11162 11180 11182
f 10626 10618 11162
f 10626 11162 11183
f 11183 11162 11182
f 10626 11183 10628
f 11163 10620 11184
f 11184 10620 10630
f 11186 11168 11170
f 11185 11168 11186
f 11168 11185 10632
f 10623 11168 10632
f 11188 11173 11171
f 11187 11188 11171
f 11171 10634 11187
f 10625 10634 11171
f 11181 11189 11180
f 11180 11190 11182
f 11189 11190 11180
f 11182 11191 11183
f 11190 11191 11182
f 11183 10635 10628
f 11183 11191 10635
f 11191 11192 10635
f 11194 11193 10636
f 11194 10636 11192
f 11192 10636 10635
f 10636 11193 10638
f 11184 10630 11195
f 11195 10630 10639
f 11197 11185 11186
f 11196 11185 11197
f 11185 11196 10641
f 10632 11185 10641
f 11199 11188 11187
f 11198 11199 11187
f 11187 10643 11198
f 10634 10643 11187
f 11194 11200 11193
f 11202 11201 10644
f 11200 11202 10644
f 11200 10644 10638
f 11200 10638 11193
f 10645 10644 11201
f 11203 10645 11201
f 10645 11203 10647
f 11195 10639 11204
f 11204 10639 10648
f 11206 11196 11197
f 11205 11196 11206
f 11196 11205 10649
f 10641 11196 10649
f 11208 11199 11198
f 11207 11208 11198
f 10650 11198 10643
f 10650 11209 11198
f 11209 11207 11198
f 10650 10652 11209
f 11202 11210 11201
f 11201 11211 11203
f 11210 11211 11201
f 11203 10653 10647
f 11203 11211 10653
f 11211 11212 10653
f 10653 11212 11213
f 10655 10653 11213
f 11204 10648 11214
f 11214 10648 10657
f 10662 11215 10663
f 11215 11216 11217
f 11215 10662 11216
f 10662 10664 11216
f 11216 10664 11218
f 10664 10665 11218
f 11218 10665 11219
f 10665 10666 11219
f 11205 11206 11219
f 11205 11219 10667
f 10667 11219 10666
f 11205 10667 10649
f 11208 11207 11220
f 11207 11209 11221
f 11220 11207 11221
f 11209 10652 10668
f 11209 10668 11221
f 11221 10668 11222
f 11222 10668 11223
f 10668 10669 11223
f 11223 10669 11224
f 10669 10670 11224
f 11224 10670 11225
f 10670 10671 11225
f 10671 11226 11225
f 10672 11226 10671
f 11213 10673 10655
f 11227 10673 11213
f 10673 11227 11228
f 10674 10673 11228
f 11214 10657 10675
f 11229 11214 10675
f 11229 10675 11230
f 10675 10676 11230
f 11230 10676 11231
f 10676 10677 11231
f 11231 10677 11232
f 10677 10678 11232
f 11232 10678 11233
f 10678 10679 11233
f 10663 11215 11234
f 10663 11234 10679
f 10679 11234 11233
f 11215 11217 11234
f 11226 10672 10680
f 11235 11226 10680
f 11235 10680 11236
f 10680 10681 11236
f 11236 10681 11237
f 10681 10682 11237
f 11237 10682 11238
f 10682 10683 11238
f 11238 10683 11239
f 10683 10684 11239
f 11239 10684 11240
f 10684 10685 11240
f 11240 10685 11241
f 10685 10687 11241
f 10687 11242 11241
f 10688 11242 10687
f 10691 11243 11244
f 10690 11243 10691
f 11243 10690 11245
f 10690 10692 11245
f 11245 10692 10674
f 11228 11245 10674
f 11242 10688 10693
f 11246 11242 10693
f 11246 10693 10691
f 11244 11246 10691
f 10695 11248 11247
f 10694 10695 11247
f 11247 11249 10694
f 10694 11249 10696
f 11249 11250 10696
f 10696 11250 10697
f 11250 11251 10697
f 10697 11251 10698
f 11251 11252 10698
f 10698 11252 10699
f 11252 11253 10699
f 10699 11253 10700
f 11253 11254 10700
f 10700 11254 10701
f 11254 11255 10701
f 10701 11255 10702
f 11255 11256 10702
f 10702 11256 10703
f 11256 11257 10703
f 10703 11257 10704
f 11257 11258 10704
f 10704 11258 10705
f 11258 11259 10705
f 10705 11259 10706
f 11259 11260 10706
f 10706 11260 10707
f 11260 11261 10707
f 10707 11261 10708
f 11261 11262 10708
f 10708 11262 10709
f 11264 11263 10710
f 11264 10710 11262
f 11262 10710 10709
f 11263 11266 11265
f 11263 11265 10710
f 10710 11265 10711
f 11268 11267 10712
f 11268 10712 11265
f 11265 10712 10711
f 11267 11270 11269
f 11267 11269 10712
f 10712 11269 10713
f 11269 11271 10713
f 10713 11271 10714
f 11271 11272 10714
f 10714 11272 10715
f 11272 11273 10715
f 10715 11273 10716
f 11275 11274 10717
f 11275 10717 11273
f 11273 10717 10716
f 10718 10717 11274
f 11276 10718 11274
f 11276 11278 11277
f 11276 11277 10718
f 10718 11277 10719
f 11280 11279 10720
f 11280 10720 11277
f 11277 10720 10719
f 11279 11282 11281
f 11279 11281 10720
f 10720 11281 10721
f 11281 11283 10721
f 10721 11283 10722
f 11283 11284 10722
f 10722 11284 10723
f 11284 11285 10723
f 10723 11285 10724
f 11285 11286 10724
f 10724 11286 10725
f 11288 11287 10726
f 11288 10726 11286
f 11286 10726 10725
f 10727 10726 11287
f 11289 10727 11287
f 10727 11289 10729
f 11248 10695 11290
f 11290 10695 10732
f 11264 11291 11263
f 11263 11291 11266
f 11268 11292 11267
f 11267 11292 11270
f 11275 11293 11274
f 11274 11294 11276
f 11293 11294 11274
f 11276 11294 11278
f 11280 11295 11279
f 11279 11295 11282
f 11288 11296 11287
f 11287 11297 11289
f 11296 11297 11287
f 11289 10733 10729
f 11289 11297 10733
f 11297 11298 10733
f 11298 11299 10733
f 10733 11299 10734
f 11299 11300 10734
f 10734 11300 10735
f 11300 11301 10735
f 10735 11301 10736
f 11301 11302 10736
f 10736 11302 10737
f 11302 11303 10737
f 10737 11303 10738
f 11305 11304 10739
f 11305 10739 11303
f 11303 10739 10738
f 10739 11304 10741
f 11290 10732 11306
f 11306 10732 10742
f 11308 11304 11305
f 11307 11304 11308
f 11304 11307 10744
f 10741 11304 10744
f 11306 10742 11309
f 11309 10742 10745
f 11311 11307 11308
f 11310 11307 11311
f 11307 11310 10746
f 10744 11307 10746
f 11309 10745 11312
f 11312 10745 10747
f 11315 11313 11314
f 11310 10749 10748
f 11311 10749 11310
f 11311 11313 10749
f 11311 11314 11313
f 11310 10748 10746
f 11312 10747 11316
f 11316 10747 10750
f 11313 10753 10752
f 11313 11315 10753
f 11315 11317 10753
f 11313 10752 10749
f 11316 10750 11318
f 11318 10750 10754
f 11321 11319 11320
f 11320 11319 10756
f 11320 10756 11317
f 11317 10756 10753
f 11318 10754 11322
f 11322 10754 10757
f 11325 11323 11324
f 11319 10760 10759
f 11321 10760 11319
f 11321 11323 10760
f 11321 11324 11323
f 11319 10759 10756
f 11322 10757 11326
f 11326 10757 10761
f 11328 11323 11325
f 11327 11323 11328
f 11323 11327 10762
f 10760 11323 10762
f 11326 10761 11329
f 11329 10761 10763
f 10766 11330 11331
f 10765 11330 10766
f 11330 10765 11332
f 10765 10767 11332
f 11327 11328 11332
f 11327 11332 10768
f 10768 11332 10767
f 11327 10768 10762
f 11329 10763 11333
f 11333 10763 10769
f 11336 11334 11335
f 11335 11337 11338
f 11334 11337 11335
f 11338 11337 10770
f 11338 10770 11331
f 11331 10770 10766
f 11333 10769 11339
f 11339 10769 10771
f 11342 11340 11341
f 11341 11343 11344
f 11340 11343 11341
f 11344 11345 11346
f 11343 11345 11344
f 11334 10773 10772
f 11336 10773 11334
f 11336 11345 10773
f 11336 11346 11345
f 11337 11334 10772
f 10774 11337 10772
f 11337 10774 10770
f 11339 10771 11347
f 11347 10771 10775
f 11350 11348 11349
f 11349 11340 11342
f 11349 11348 11340
f 11348 11351 11340
f 10777 10776 11343
f 10777 11343 11351
f 11351 11343 11340
f 11345 11343 10776
f 10778 11345 10776
f 11345 10778 10773
f 11347 10775 11352
f 11352 10775 10779
f 10781 11353 11354
f 10780 11353 10781
f 11353 10780 11355
f 10780 10782 11355
f 11355 10782 11356
f 10782 10783 11356
f 11348 11350 11356
f 11348 11356 10784
f 10784 11356 10783
f 11351 11348 10784
f 10785 11351 10784
f 11351 10785 10777
f 11352 10779 11357
f 11357 10779 10786
f 10789 11358 11359
f 10788 11358 10789
f 11360 10788 10791
f 11360 11361 10788
f 11361 11358 10788
f 10794 11361 11360
f 10794 10793 11361
f 10793 11362 11361
f 11363 10793 10795
f 11363 11364 10793
f 11364 11362 10793
f 11364 11363 11365
f 11354 10796 10781
f 11366 10796 11354
f 11366 11367 10796
f 10796 11367 10797
f 11369 11368 10798
f 11369 10798 11367
f 11367 10798 10797
f 10799 10798 11368
f 11370 10799 11368
f 10799 11370 10801
f 11357 10786 11371
f 11371 10786 10803
f 10806 11372 10807
f 11372 11373 11374
f 11372 10806 11373
f 10806 10808 11373
f 11373 10808 11375
f 10808 10810 11375
f 11375 10810 11376
f 10810 10812 11376
f 10812 11377 11376
f 10813 11377 10812
f 11359 10814 10789
f 11378 10814 11359
f 10791 11379 11360
f 10791 10814 11379
f 10814 11378 11379
f 11360 10815 10794
f 11360 11379 10815
f 11379 11380 10815
f 10795 11381 11363
f 10795 10815 11381
f 10815 11380 11381
f 11363 11381 11365
f 11384 11382 11383
f 11383 11368 11369
f 11383 11382 11368
f 11382 11385 11368
f 10818 10817 11370
f 10818 11370 11385
f 11385 11370 11368
f 11370 10817 10801
f 11371 10803 10820
f 11386 11371 10820
f 11386 10820 11387
f 10820 10821 11387
f 11387 10821 11388
f 10821 10822 11388
f 10822 11389 11388
f 10824 11389 10822
f 11372 10825 10807
f 11374 10825 11372
f 11374 11390 10825
f 11390 10826 10825
f 11390 11391 10826
f 10826 11391 10827
f 11391 11392 10827
f 10827 11392 10828
f 11392 10813 10828
f 11377 10813 11392
f 11395 11393 11394
f 11394 11396 11397
f 11393 11396 11394
f 11397 11382 11384
f 11397 11396 11382
f 11396 11398 11382
f 10831 10830 11385
f 10831 11385 11398
f 11398 11385 11382
f 11385 10830 10818
f 11401 11400 11399
f 11400 10835 11399
f 11400 11389 10835
f 11389 10824 10835
f 11404 11402 11403
f 11403 11402 11406
f 11395 11405 11393
f 11408 11393 11405
f 11408 11396 11393
f 10837 11407 10838
f 10837 10840 11409
f 10837 11409 11407
f 10840 11398 11409
f 11408 11409 11396
f 11398 11396 11409
f 11398 10840 10831
f 11411 11401 11399
f 11410 11411 11399
f 11399 10844 11410
f 10835 10844 11399
f 11414 11412 11413
f 11413 11412 11416
f 11404 11415 11402
f 11402 11415 11406
f 11417 10838 11407
f 10846 10838 11417
f 11409 11418 10847
f 11409 10847 11417
f 11409 11417 11407
f 11417 10847 10848
f 11418 11419 10847
f 10847 11419 10849
f 11421 11420 10851
f 11421 10851 11419
f 11419 10851 10849
f 10851 11420 10852
f 11410 10854 10855
f 11410 10855 11411
f 11411 10855 11422
f 11410 10844 10854
f 11414 11423 11412
f 11412 11423 11416
f 11417 10856 10846
f 11417 10848 10856
f 11425 11420 11421
f 11424 11420 11425
f 11420 11424 10860
f 10852 11420 10860
f 11428 11427 11426
f 11427 10862 11426
f 11427 11422 10862
f 11422 10855 10862
f 11430 11424 11425
f 11429 11424 11430
f 11424 11429 10865
f 10860 11424 10865
f 11426 10867 10868
f 11426 10868 11428
f 11428 10868 11431
f 11426 10862 10867
f 11433 11429 11430
f 11432 11429 11433
f 10869 10865 11429
f 10869 11429 11434
f 11434 11429 11432
f 10869 11434 10870
f 11437 11436 11435
f 11436 10872 11435
f 11436 11431 10872
f 11431 10868 10872
f 11439 11432 11433
f 11438 11432 11439
f 11432 11438 11434
f 11434 11438 11440
f 11434 11440 10873
f 10870 11434 10873
f 11435 10875 10876
f 11435 10876 11437
f 11437 10876 11441
f 11435 10872 10875
f 11444 11442 11443
f 11443 11442 11445
f 11447 11438 11439
f 11446 11438 11447
f 10880 10879 11440
f 10880 11440 11446
f 11446 11440 11438
f 11440 10879 10873
f 11441 10876 11448
f 11448 10876 10882
f 11444 11449 11442
f 11442 11449 11445
f 11447 11450 11446
f 11446 11450 11451
f 11446 11451 10880
f 10880 11451 10885
f 11448 10882 11452
f 11452 10882 10887
f 11451 11453 10885
f 11453 10889 10885
f 11454 11455 11452
f 11454 11452 10891
f 10891 11452 10887
f 11455 11454 11456
f 11459 11457 11458
f 11458 11457 11460
f 11458 11460 10889
f 11458 10889 11453
f 10889 11460 10892
f 10892 11460 10893
f 11461 11454 10891
f 10895 11461 10891
f 11456 11462 11463
f 11456 11454 11462
f 11454 11461 11462
f 11463 11464 11465
f 11462 11464 11463
f 11465 11466 11467
f 11464 11466 11465
f 11467 11468 11469
f 11466 11468 11467
f 11469 11468 11470
f 10897 11471 10898
f 10897 10899 11471
f 11473 11457 11459
f 11472 11457 11473
f 10902 10901 11460
f 10902 11460 11472
f 11472 11460 11457
f 11460 10901 10893
f 11474 11461 10895
f 10903 11474 10895
f 11461 11474 11462
f 11462 11474 11475
f 11462 11475 11464
f 11464 11475 11476
f 11464 11476 11466
f 11466 11476 11477
f 11466 11477 11468
f 11468 11477 11478
f 11470 11479 11480
f 11470 11468 11479
f 11468 11478 11479
f 11480 11481 11482
f 11479 11481 11480
f 11482 11483 11484
f 11481 11483 11482
f 11484 11483 11485
f 11488 11486 11487
f 11487 11486 11489
f 10905 11490 10906
f 10898 11471 10907
f 10905 10908 11490
f 11471 10899 10907
f 11493 11491 11492
f 11492 11472 11473
f 11492 11491 11472
f 11491 11494 11472
f 11472 11494 10911
f 10902 11472 10911
f 11474 10903 10913
f 10913 10914 11495
f 10913 11495 11474
f 11474 11495 11475
f 11475 11495 11476
f 11476 11495 11496
f 11476 11496 11477
f 11477 11496 11497
f 11477 11497 11478
f 11478 11497 11498
f 11478 11498 11479
f 11479 11498 11499
f 11479 11499 11481
f 11481 11499 11500
f 11481 11500 11483
f 11483 11500 11501
f 11485 11502 11503
f 11485 11483 11502
f 11483 11501 11502
f 11503 11504 11505
f 11502 11504 11503
f 11505 11504 11506
f 11509 11507 11508
f 11508 11486 11488
f 11508 11507 11486
f 11507 11510 11486
f 11489 11510 11511
f 11486 11510 11489
f 11512 10906 11490
f 10916 10906 11512
f 11490 10917 11512
f 10908 10917 11490
f 11514 11491 11493
f 11513 11491 11514
f 11491 11513 11494
f 11494 11513 11515
f 11494 11515 10920
f 10911 11494 10920
f 11495 10914 10923
f 10923 10925 11516
f 10923 11516 11495
f 11495 11516 11496
f 11496 11516 11497
f 11497 11516 11517
f 10928 10927 11498
f 10928 11498 11517
f 11517 11498 11497
f 10927 10929 11518
f 10927 11518 11498
f 11498 11518 11499
f 11499 11518 11500
f 11500 11518 11519
f 11500 11519 11501
f 11501 11519 11520
f 11501 11520 11502
f 11502 11520 11521
f 11502 11521 11504
f 11504 11521 11522
f 11506 11523 11524
f 11506 11504 11523
f 11504 11522 11523
f 11524 11525 11526
f 11523 11525 11524
f 11526 11527 11528
f 11525 11527 11526
f 11528 11529 11530
f 11527 11529 11528
f 11530 11529 11531
f 11534 11532 11533
f 11533 11535 11536
f 11532 11535 11533
f 11536 11507 11509
f 11536 11535 11507
f 11535 11537 11507
f 11538 11537 11539
f 11538 11510 11537
f 11510 11507 11537
f 11510 11538 11511
f 10932 10931 11540
f 10916 11512 10933
f 10931 10934 11540
f 11512 10917 10933
f 11543 11541 11542
f 11542 11544 11545
f 11541 11544 11542
f 11545 11513 11514
f 11545 11544 11513
f 11544 11546 11513
f 11513 11546 11515
f 11515 11546 11547
f 11515 11547 10938
f 10920 11515 10938
f 11516 10925 10942
f 11517 11516 10942
f 10944 11517 10942
f 11517 10944 10928
f 11548 11518 10929
f 10946 11548 10929
f 11518 11548 11519
f 11519 11548 11549
f 11519 11549 11520
f 11520 11549 11550
f 11520 11550 11521
f 11521 11550 11551
f 10949 10948 11522
f 10949 11522 11551
f 11551 11522 11521
f 10948 10950 11552
f 10948 11552 11522
f 11522 11552 11523
f 11523 11552 11525
f 11525 11552 11553
f 11525 11553 11527
f 11527 11553 11554
f 11527 11554 11529
f 11529 11554 11555
f 11531 11556 11557
f 11531 11529 11556
f 11529 11555 11556
f 11557 11558 11559
f 11556 11558 11557
f 11559 11558 11560
f 11532 11534 11562
f 10952 11561 10953
f 10952 11563 11561
f 10952 10955 11563
f 11562 11564 11532
f 11564 11535 11532
f 10955 11565 11563
f 10955 10957 11565
f 11564 11566 11535
f 11566 11537 11535
f 11565 10959 11567
f 11565 10957 10959
f 11537 11566 11539
f 10932 11540 10960
f 10959 10961 11567
f 11540 10934 10960
f 11569 11570 11568
f 11569 11571 11572
f 11568 11571 11569
f 11572 11573 11574
f 11571 11573 11572
f 11574 11541 11543
f 11574 11573 11541
f 11573 11575 11541
f 11541 11575 11544
f 11544 11575 11576
f 10966 10965 11546
f 10966 11546 11576
f 11576 11546 11544
f 11547 11546 10965
f 10968 11547 10965
f 11547 10968 10938
f 11548 10946 10976
f 10976 10977 11577
f 10976 11577 11548
f 11548 11577 11549
f 11549 11577 11550
f 11550 11577 11578
f 11550 11578 11551
f 11551 11578 11579
f 10978 10949 11551
f 10978 11551 11580
f 11580 11551 11579
f 10950 10978 11580
f 10950 11580 11552
f 11552 11580 11581
f 11552 11581 11553
f 11553 11581 11582
f 11553 11582 11554
f 11554 11582 11583
f 11554 11583 11555
f 11555 11583 11584
f 11555 11584 11556
f 11556 11584 11585
f 11556 11585 11558
f 11558 11585 11586
f 11560 10981 11587
f 11560 11586 10981
f 11560 11558 11586
f 11586 10982 10981
f 10953 11561 10984
f 10981 10985 11589
f 10981 11589 11587
f 11589 10985 11588
f 11589 11588 11591
f 11591 11588 11590
f 10984 11561 11563
f 10984 11563 10987
f 10987 11565 10989
f 10987 11563 11565
f 11591 11590 11592
f 11567 10989 11565
f 10991 10989 11567
f 11567 10961 10991
f 11594 11595 11593
f 11594 11568 11570
f 11594 11593 11568
f 11593 11596 11568
f 11568 11596 11571
f 11571 11596 11597
f 11571 11597 11573
f 11573 11597 11598
f 11573 11598 11575
f 11575 11598 11599
f 11575 11599 11576
f 11576 11599 11600
f 11576 11600 10993
f 10966 11576 10993
f 11577 10977 11002
f 11578 11577 11002
f 11004 11578 11002
f 11579 11578 11004
f 11006 11579 11004
f 11580 11579 11006
f 11008 11580 11006
f 11581 11580 11008
f 11010 11581 11008
f 11582 11581 11010
f 11012 11582 11010
f 11012 11013 11601
f 11012 11601 11582
f 11582 11601 11583
f 11583 11601 11584
f 11584 11601 11602
f 11584 11602 11585
f 11585 11602 11603
f 11585 11603 11586
f 11586 11603 11604
f 11014 10982 11586
f 11014 11586 11605
f 11605 11586 11604
f 10985 11014 11605
f 10985 11605 11588
f 11588 11605 11606
f 11588 11606 11590
f 11590 11606 11607
f 11592 11608 11609
f 11592 11590 11608
f 11590 11607 11608
f 11609 11610 11611
f 11608 11610 11609
f 11611 11593 11595
f 11611 11610 11593
f 11610 11612 11593
f 11593 11612 11596
f 11596 11612 11613
f 11596 11613 11597
f 11597 11613 11614
f 11597 11614 11598
f 11598 11614 11615
f 11598 11615 11599
f 11599 11615 11616
f 11017 11016 11600
f 11017 11600 11616
f 11616 11600 11599
f 11600 11016 10993
f 11617 11601 11013
f 11028 11617 11013
f 11601 11617 11602
f 11602 11617 11618
f 11602 11618 11603
f 11603 11618 11619
f 11603 11619 11604
f 11604 11619 11620
f 11604 11620 11605
f 11605 11620 11621
f 11605 11621 11606
f 11606 11621 11622
f 11606 11622 11607
f 11607 11622 11623
f 11607 11623 11608
f 11608 11623 11624
f 11608 11624 11610
f 11610 11624 11625
f 11610 11625 11612
f 11612 11625 11626
f 11612 11626 11613
f 11613 11626 11627
f 11613 11627 11614
f 11614 11627 11628
f 11614 11628 11615
f 11615 11628 11629
f 11031 11030 11616
f 11031 11616 11629
f 11629 11616 11615
f 11616 11030 11017
f 11617 11028 11043
f 11618 11617 11043
f 11045 11618 11043
f 11619 11618 11045
f 11047 11619 11045
f 11620 11619 11047
f 11049 11620 11047
f 11049 11050 11630
f 11049 11630 11620
f 11620 11630 11621
f 11621 11630 11622
f 11622 11630 11631
f 11622 11631 11623
f 11623 11631 11632
f 11623 11632 11624
f 11624 11632 11633
f 11624 11633 11625
f 11625 11633 11634
f 11625 11634 11626
f 11626 11634 11635
f 11626 11635 11627
f 11627 11635 11636
f 11627 11636 11628
f 11628 11636 11637
f 11053 11052 11629
f 11053 11629 11637
f 11637 11629 11628
f 11629 11052 11031
f 11630 11050 11066
f 11631 11630 11066
f 11068 11631 11066
f 11632 11631 11068
f 11070 11632 11068
f 11633 11632 11070
f 11072 11633 11070
f 11634 11633 11072
f 11074 11634 11072
f 11635 11634 11074
f 11076 11635 11074
f 11636 11635 11076
f 11078 11636 11076
f 11637 11636 11078
f 11080 11637 11078
f 11637 11080 11053
f 11140 11141 11638
f 11142 11140 11638
f 11639 11142 11638
f 11143 11142 11639
f 11640 11143 11639
f 11144 11143 11640
f 11641 11144 11640
f 11145 11144 11641
f 11642 11145 11641
f 11145 11642 11147
f 11151 11152 11643
f 11151 11643 11154
f 11644 11638 11141
f 11644 11141 11645
f 11645 11141 11163
f 11638 11646 11639
f 11644 11646 11638
f 11639 11647 11640
f 11646 11647 11639
f 11640 11648 11641
f 11647 11648 11640
f 11641 11649 11642
f 11648 11649 11641
f 11642 11164 11147
f 11642 11649 11164
f 11649 11650 11164
f 11650 11651 11164
f 11164 11651 11165
f 11653 11652 11166
f 11653 11166 11651
f 11651 11166 11165
f 11167 11166 11652
f 11654 11167 11652
f 11170 11169 11643
f 11170 11643 11654
f 11152 11167 11643
f 11167 11654 11643
f 11643 11169 11154
f 11172 11173 11655
f 11174 11172 11655
f 11656 11174 11655
f 11175 11174 11656
f 11657 11175 11656
f 11176 11175 11657
f 11658 11176 11657
f 11177 11176 11658
f 11659 11177 11658
f 11178 11177 11659
f 11660 11178 11659
f 11179 11178 11660
f 11661 11179 11660
f 11179 11661 11181
f 11645 11163 11662
f 11662 11163 11184
f 11653 11663 11652
f 11665 11652 11663
f 11665 11664 11652
f 11664 11654 11652
f 11654 11664 11186
f 11170 11654 11186
f 11668 11667 11666
f 11666 11667 11669
f 11666 11669 11173
f 11666 11173 11188
f 11655 11173 11669
f 11655 11670 11656
f 11669 11670 11655
f 11656 11671 11657
f 11670 11671 11656
f 11657 11672 11658
f 11671 11672 11657
f 11658 11673 11659
f 11672 11673 11658
f 11659 11674 11660
f 11673 11674 11659
f 11660 11675 11661
f 11674 11675 11660
f 11661 11189 11181
f 11661 11675 11189
f 11675 11676 11189
f 11678 11677 11190
f 11678 11190 11676
f 11676 11190 11189
f 11191 11190 11677
f 11679 11191 11677
f 11192 11191 11679
f 11680 11192 11679
f 11192 11680 11194
f 11662 11184 11681
f 11681 11184 11195
f 11683 11664 11665
f 11682 11664 11683
f 11664 11682 11197
f 11186 11664 11197
f 11685 11668 11666
f 11684 11685 11666
f 11666 11199 11684
f 11188 11199 11666
f 11678 11686 11677
f 11677 11687 11679
f 11686 11687 11677
f 11679 11688 11680
f 11687 11688 11679
f 11690 11689 11200
f 11688 11690 11200
f 11688 11200 11194
f 11688 11194 11680
f 11200 11689 11202
f 11681 11195 11691
f 11691 11195 11204
f 11693 11682 11683
f 11692 11682 11693
f 11682 11692 11206
f 11197 11682 11206
f 11695 11685 11684
f 11694 11695 11684
f 11684 11208 11694
f 11199 11208 11684
f 11690 11696 11689
f 11689 11210 11202
f 11689 11696 11210
f 11696 11697 11210
f 11697 11698 11210
f 11210 11698 11211
f 11700 11699 11212
f 11700 11212 11698
f 11698 11212 11211
f 11212 11699 11213
f 11691 11204 11701
f 11701 11204 11214
f 11704 11702 11703
f 11217 11703 11702
f 11217 11216 11703
f 11216 11705 11703
f 11705 11216 11706
f 11216 11218 11706
f 11692 11693 11706
f 11692 11706 11219
f 11219 11706 11218
f 11692 11219 11206
f 11695 11694 11707
f 11694 11208 11220
f 11694 11220 11707
f 11707 11220 11708
f 11708 11220 11709
f 11220 11221 11709
f 11709 11221 11710
f 11221 11222 11710
f 11710 11222 11711
f 11222 11223 11711
f 11711 11223 11712
f 11223 11224 11712
f 11712 11224 11713
f 11224 11225 11713
f 11714 11225 11226
f 11714 11715 11225
f 11715 11713 11225
f 11715 11714 11716
f 11700 11717 11699
f 11699 11227 11213
f 11699 11717 11227
f 11717 11718 11227
f 11227 11718 11719
f 11228 11227 11719
f 11701 11214 11229
f 11720 11701 11229
f 11720 11229 11721
f 11229 11230 11721
f 11721 11230 11722
f 11230 11231 11722
f 11722 11231 11723
f 11231 11232 11723
f 11723 11232 11724
f 11232 11233 11724
f 11702 11704 11724
f 11702 11724 11234
f 11234 11724 11233
f 11702 11234 11217
f 11714 11226 11235
f 11716 11714 11235
f 11716 11235 11725
f 11725 11235 11236
f 11725 11236 11726
f 11236 11237 11726
f 11726 11237 11727
f 11237 11238 11727
f 11727 11238 11728
f 11238 11239 11728
f 11730 11240 11729
f 11730 11728 11240
f 11728 11239 11240
f 11241 11729 11240
f 11731 11729 11241
f 11241 11242 11731
f 11244 11732 11733
f 11243 11732 11244
f 11732 11243 11734
f 11243 11245 11734
f 11734 11245 11228
f 11719 11734 11228
f 11730 11729 11735
f 11729 11731 11736
f 11735 11729 11736
f 11731 11242 11246
f 11731 11246 11736
f 11736 11246 11737
f 11737 11246 11244
f 11733 11737 11244
f 11248 11739 11738
f 11247 11248 11738
f 11741 11740 11249
f 11741 11249 11738
f 11738 11249 11247
f 11740 11743 11742
f 11740 11742 11249
f 11249 11742 11250
f 11742 11744 11250
f 11250 11744 11251
f 11744 11745 11251
f 11251 11745 11252
f 11745 11746 11252
f 11252 11746 11253
f 11746 11747 11253
f 11253 11747 11254
f 11747 11748 11254
f 11254 11748 11255
f 11750 11749 11256
f 11750 11256 11748
f 11748 11256 11255
f 11257 11256 11749
f 11751 11257 11749
f 11258 11257 11751
f 11752 11258 11751
f 11259 11258 11752
f 11753 11259 11752
f 11260 11259 11753
f 11754 11260 11753
f 11261 11260 11754
f 11755 11261 11754
f 11262 11261 11755
f 11756 11262 11755
f 11262 11756 11264
f 11265 11266 11757
f 11265 11757 11268
f 11270 11759 11758
f 11269 11270 11758
f 11761 11760 11271
f 11761 11271 11758
f 11758 11271 11269
f 11272 11271 11760
f 11762 11272 11760
f 11273 11272 11762
f 11763 11273 11762
f 11273 11763 11275
f 11766 11765 11764
f 11278 11764 11765
f 11278 11765 11277
f 11277 11765 11767
f 11768 11280 11277
f 11768 11277 11769
f 11769 11277 11767
f 11282 11768 11769
f 11282 11769 11281
f 11281 11769 11770
f 11772 11771 11283
f 11772 11283 11770
f 11770 11283 11281
f 11771 11774 11773
f 11771 11773 11283
f 11283 11773 11284
f 11776 11775 11285
f 11776 11285 11773
f 11773 11285 11284
f 11286 11285 11775
f 11777 11286 11775
f 11286 11777 11288
f 11739 11248 11778
f 11778 11248 11290
f 11741 11779 11740
f 11740 11779 11743
f 11750 11780 11749
f 11749 11781 11751
f 11780 11781 11749
f 11751 11782 11752
f 11781 11782 11751
f 11752 11783 11753
f 11782 11783 11752
f 11753 11784 11754
f 11783 11784 11753
f 11754 11785 11755
f 11784 11785 11754
f 11755 11786 11756
f 11785 11786 11755
f 11756 11291 11264
f 11756 11786 11291
f 11786 11787 11291
f 11266 11788 11757
f 11266 11291 11788
f 11291 11787 11788
f 11757 11292 11268
f 11757 11788 11292
f 11788 11789 11292
f 11789 11270 11292
f 11759 11270 11789
f 11761 11790 11760
f 11760 11791 11762
f 11790 11791 11760
f 11762 11792 11763
f 11791 11792 11762
f 11763 11293 11275
f 11763 11792 11293
f 11792 11793 11293
f 11764 11793 11766
f 11764 11294 11793
f 11294 11293 11793
f 11764 11278 11294
f 11768 11295 11280
f 11768 11282 11295
f 11772 11794 11771
f 11771 11794 11774
f 11776 11795 11775
f 11775 11796 11777
f 11795 11796 11775
f 11777 11296 11288
f 11777 11796 11296
f 11796 11797 11296
f 11797 11798 11296
f 11296 11798 11297
f 11798 11799 11297
f 11297 11799 11298
f 11799 11800 11298
f 11298 11800 11299
f 11800 11801 11299
f 11299 11801 11300
f 11803 11802 11301
f 11803 11301 11801
f 11801 11301 11300
f 11302 11301 11802
f 11804 11302 11802
f 11303 11302 11804
f 11805 11303 11804
f 11303 11805 11305
f 11778 11290 11806
f 11806 11290 11306
f 11803 11807 11802
f 11802 11808 11804
f 11807 11808 11802
f 11810 11804 11808
f 11810 11809 11804
f 11809 11805 11804
f 11805 11809 11308
f 11305 11805 11308
f 11806 11306 11811
f 11811 11306 11309
f 11813 11809 11810
f 11812 11809 11813
f 11809 11812 11311
f 11308 11809 11311
f 11811 11309 11814
f 11814 11309 11312
f 11817 11815 11816
f 11812 11315 11314
f 11813 11315 11812
f 11813 11815 11315
f 11813 11816 11815
f 11812 11314 11311
f 11814 11312 11818
f 11818 11312 11316
f 11820 11815 11817
f 11819 11815 11820
f 11815 11819 11317
f 11315 11815 11317
f 11818 11316 11821
f 11821 11316 11318
f 11824 11822 11823
f 11819 11321 11320
f 11820 11321 11819
f 11820 11822 11321
f 11820 11823 11822
f 11819 11320 11317
f 11825 11826 11821
f 11825 11821 11322
f 11322 11821 11318
f 11826 11827 11828
f 11825 11827 11826
f 11828 11827 11829
f 11822 11325 11324
f 11822 11824 11325
f 11824 11830 11325
f 11822 11324 11321
f 11831 11825 11322
f 11326 11831 11322
f 11825 11831 11827
f 11827 11831 11832
f 11829 11833 11834
f 11829 11827 11833
f 11827 11832 11833
f 11834 11835 11836
f 11833 11835 11834
f 11836 11837 11838
f 11835 11837 11836
f 11838 11837 11839
f 11842 11840 11841
f 11841 11840 11328
f 11841 11328 11830
f 11830 11328 11325
f 11843 11831 11326
f 11329 11843 11326
f 11831 11843 11832
f 11832 11843 11844
f 11832 11844 11833
f 11833 11844 11845
f 11833 11845 11835
f 11835 11845 11846
f 11835 11846 11837
f 11837 11846 11847
f 11839 11848 11849
f 11839 11837 11848
f 11837 11847 11848
f 11849 11850 11851
f 11848 11850 11849
f 11851 11852 11853
f 11850 11852 11851
f 11853 11854 11855
f 11852 11854 11853
f 11855 11854 11856
f 11859 11857 11858
f 11331 11858 11857
f 11331 11330 11858
f 11330 11860 11858
f 11840 11842 11860
f 11840 11860 11332
f 11332 11860 11330
f 11840 11332 11328
f 11861 11843 11329
f 11333 11861 11329
f 11843 11861 11844
f 11844 11861 11862
f 11844 11862 11845
f 11845 11862 11863
f 11845 11863 11846
f 11846 11863 11864
f 11846 11864 11847
f 11847 11864 11865
f 11847 11865 11848
f 11848 11865 11866
f 11848 11866 11850
f 11850 11866 11867
f 11850 11867 11852
f 11852 11867 11868
f 11852 11868 11854
f 11854 11868 11869
f 11856 11870 11871
f 11856 11854 11870
f 11854 11869 11870
f 11871 11870 11872
f 11875 11873 11874
f 11874 11876 11877
f 11873 11876 11874
f 11336 11877 11876
f 11336 11335 11877
f 11335 11878 11877
f 11857 11859 11878
f 11857 11878 11338
f 11338 11878 11335
f 11857 11338 11331
f 11879 11861 11333
f 11339 11879 11333
f 11861 11879 11862
f 11862 11879 11880
f 11862 11880 11863
f 11863 11880 11881
f 11863 11881 11864
f 11864 11881 11882
f 11864 11882 11865
f 11865 11882 11883
f 11865 11883 11866
f 11866 11883 11884
f 11866 11884 11867
f 11867 11884 11885
f 11867 11885 11868
f 11868 11885 11886
f 11868 11886 11869
f 11869 11886 11887
f 11869 11887 11870
f 11870 11887 11888
f 11872 11889 11890
f 11872 11870 11889
f 11870 11888 11889
f 11890 11891 11892
f 11889 11891 11890
f 11892 11891 11893
f 11896 11894 11895
f 11895 11897 11898
f 11894 11897 11895
f 11898 11899 11900
f 11897 11899 11898
f 11342 11900 11899
f 11342 11341 11900
f 11341 11901 11900
f 11873 11875 11901
f 11873 11901 11344
f 11344 11901 11341
f 11876 11873 11344
f 11346 11876 11344
f 11876 11346 11336
f 11902 11879 11339
f 11347 11902 11339
f 11879 11902 11880
f 11880 11902 11903
f 11880 11903 11881
f 11881 11903 11904
f 11881 11904 11882
f 11882 11904 11905
f 11882 11905 11883
f 11883 11905 11906
f 11883 11906 11884
f 11884 11906 11907
f 11884 11907 11885
f 11885 11907 11908
f 11885 11908 11886
f 11886 11908 11909
f 11886 11909 11887
f 11887 11909 11910
f 11887 11910 11888
f 11888 11910 11911
f 11888 11911 11889
f 11889 11911 11912
f 11889 11912 11891
f 11891 11912 11913
f 11893 11914 11915
f 11893 11891 11914
f 11891 11913 11914
f 11915 11916 11917
f 11914 11916 11915
f 11917 11918 11919
f 11916 11918 11917
f 11919 11918 11920
f 11923 11921 11922
f 11922 11924 11925
f 11921 11924 11922
f 11925 11894 11896
f 11925 11924 11894
f 11924 11926 11894
f 11894 11926 11897
f 11897 11926 11927
f 11350 11349 11899
f 11350 11899 11927
f 11927 11899 11897
f 11899 11349 11342
f 11928 11902 11347
f 11352 11928 11347
f 11902 11928 11903
f 11903 11928 11929
f 11903 11929 11904
f 11904 11929 11930
f 11904 11930 11905
f 11905 11930 11931
f 11905 11931 11906
f 11906 11931 11932
f 11906 11932 11907
f 11907 11932 11933
f 11907 11933 11908
f 11908 11933 11934
f 11908 11934 11909
f 11909 11934 11935
f 11909 11935 11910
f 11910 11935 11936
f 11910 11936 11911
f 11911 11936 11937
f 11911 11937 11912
f 11912 11937 11938
f 11912 11938 11913
f 11913 11938 11939
f 11913 11939 11914
f 11914 11939 11940
f 11914 11940 11916
f 11916 11940 11941
f 11942 11941 11943
f 11942 11918 11941
f 11918 11916 11941
f 11918 11942 11920
f 11946 11944 11945
f 11945 11947 11948
f 11944 11947 11945
f 11948 11947 11949
f 11951 11921 11923
f 11950 11921 11951
f 11354 11353 11924
f 11354 11924 11950
f 11950 11924 11921
f 11926 11924 11353
f 11355 11926 11353
f 11927 11926 11355
f 11356 11927 11355
f 11927 11356 11350
f 11952 11928 11352
f 11357 11952 11352
f 11928 11952 11929
f 11929 11952 11953
f 11929 11953 11930
f 11930 11953 11954
f 11930 11954 11931
f 11931 11954 11955
f 11931 11955 11932
f 11932 11955 11956
f 11932 11956 11933
f 11933 11956 11957
f 11933 11957 11934
f 11934 11957 11958
f 11934 11958 11935
f 11935 11958 11959
f 11935 11959 11936
f 11936 11959 11960
f 11936 11960 11937
f 11937 11960 11961
f 11937 11961 11938
f 11938 11961 11962
f 11938 11962 11939
f 11939 11962 11963
f 11964 11963 11965
f 11964 11940 11963
f 11940 11939 11963
f 11940 11966 11941
f 11964 11966 11940
f 11941 11966 11943
f 11359 11967 11968
f 11358 11967 11359
f 11967 11358 11969
f 11358 11361 11969
f 11944 11946 11969
f 11944 11969 11362
f 11362 11969 11361
f 11947 11944 11362
f 11364 11947 11362
f 11364 11365 11970
f 11947 11364 11970
f 11947 11970 11971
f 11947 11971 11949
f 11971 11950 11951
f 11971 11970 11950
f 11970 11972 11950
f 11366 11354 11950
f 11366 11950 11973
f 11973 11950 11972
f 11367 11366 11973
f 11974 11367 11973
f 11367 11974 11369
f 11975 11952 11357
f 11371 11975 11357
f 11952 11975 11953
f 11953 11975 11976
f 11953 11976 11954
f 11954 11976 11977
f 11954 11977 11955
f 11955 11977 11978
f 11955 11978 11956
f 11956 11978 11979
f 11956 11979 11957
f 11957 11979 11980
f 11957 11980 11958
f 11958 11980 11981
f 11958 11981 11959
f 11959 11981 11982
f 11959 11982 11960
f 11960 11982 11983
f 11960 11983 11961
f 11961 11983 11984
f 11374 11373 11962
f 11374 11962 11984
f 11984 11962 11961
f 11963 11962 11373
f 11375 11963 11373
f 11965 11963 11375
f 11965 11375 11985
f 11985 11375 11376
f 11376 11986 11985
f 11377 11986 11376
f 11968 11378 11359
f 11987 11378 11968
f 11987 11988 11378
f 11378 11988 11379
f 11990 11989 11380
f 11990 11380 11988
f 11988 11380 11379
f 11381 11380 11989
f 11991 11381 11989
f 11365 11381 11991
f 11365 11991 11970
f 11970 11991 11992
f 11970 11992 11972
f 11972 11992 11993
f 11972 11993 11973
f 11973 11993 11994
f 11384 11383 11974
f 11384 11974 11994
f 11994 11974 11973
f 11974 11383 11369
f 11975 11371 11386
f 11976 11975 11386
f 11387 11976 11386
f 11977 11976 11387
f 11388 11977 11387
f 11388 11389 11995
f 11388 11995 11977
f 11977 11995 11978
f 11978 11995 11979
f 11979 11995 11996
f 11979 11996 11980
f 11980 11996 11997
f 11980 11997 11981
f 11981 11997 11998
f 11981 11998 11982
f 11982 11998 11999
f 11982 11999 11983
f 11983 11999 12000
f 11983 12000 11984
f 11984 12000 12001
f 11374 11984 12001
f 11374 12001 12002
f 11374 12002 11390
f 12003 12002 12001
f 12002 12004 11390
f 11390 12004 11391
f 12004 12005 11391
f 11391 12005 11392
f 12005 11377 11392
f 11986 11377 12005
f 12007 11989 11990
f 12006 11989 12007
f 11989 12006 11991
f 11991 12006 12008
f 11991 12008 11992
f 11992 12008 12009
f 11395 11394 11993
f 11395 11993 12009
f 12009 11993 11992
f 11994 11993 11394
f 11397 11994 11394
f 11994 11397 11384
f 11400 11401 12010
f 11389 11400 12010
f 11389 12010 11995
f 11995 12010 12011
f 11995 12011 11996
f 11996 12011 12012
f 11996 12012 11997
f 11997 12012 12013
f 11997 12013 11998
f 11998 12013 12014
f 11998 12014 11999
f 11999 12014 12015
f 11999 12015 12000
f 12000 12015 12016
f 12017 12016 12018
f 12017 12001 12016
f 12001 12000 12016
f 12001 12017 12003
f 12021 12019 12020
f 12020 12006 12007
f 12020 12019 12006
f 12019 12022 12006
f 12023 12022 12024
f 12023 12008 12022
f 12008 12006 12022
f 12026 12008 12023
f 12026 12009 12008
f 11403 12025 11404
f 12026 11395 12009
f 12026 11405 11395
f 12026 12028 11405
f 12027 11405 12028
f 12025 11403 11406
f 11408 11405 12027
f 12029 11408 12027
f 11408 12029 11409
f 12030 12010 11401
f 11411 12030 11401
f 12010 12030 12011
f 12011 12030 12031
f 12011 12031 12012
f 12012 12031 12032
f 12012 12032 12013
f 12013 12032 12033
f 12013 12033 12014
f 12014 12033 12034
f 12014 12034 12015
f 12015 12034 12035
f 12036 12035 12037
f 12036 12016 12035
f 12016 12015 12035
f 12016 12036 12018
f 12039 12019 12021
f 12038 12019 12039
f 12040 12038 12041
f 12040 12022 12038
f 12022 12019 12038
f 12022 12040 12024
f 11414 11413 12042
f 11404 12025 11415
f 11413 11416 12042
f 12028 12043 12027
f 12025 11406 11415
f 12045 12027 12043
f 12045 12044 12027
f 12044 12029 12027
f 11418 11409 12029
f 11418 12029 12046
f 12046 12029 12044
f 11419 11418 12046
f 12047 11419 12046
f 11419 12047 11421
f 12048 12030 11411
f 11422 12048 11411
f 12030 12048 12031
f 12031 12048 12049
f 12031 12049 12032
f 12032 12049 12050
f 12032 12050 12033
f 12033 12050 12051
f 12033 12051 12034
f 12034 12051 12052
f 12053 12052 12054
f 12053 12035 12052
f 12035 12034 12052
f 12035 12053 12037
f 12039 12055 12038
f 12038 12055 12041
f 12042 11423 11414
f 12042 11416 11423
f 12058 12056 12057
f 12057 12044 12045
f 12057 12056 12044
f 12056 12059 12044
f 12044 12059 12046
f 12046 12059 12060
f 12046 12060 12047
f 12047 12060 12061
f 12047 12061 11425
f 11421 12047 11425
f 11427 11428 12062
f 11422 11427 12062
f 11422 12062 12048
f 12048 12062 12063
f 12048 12063 12049
f 12049 12063 12064
f 12049 12064 12050
f 12050 12064 12065
f 12050 12065 12051
f 12051 12065 12066
f 12067 12066 12068
f 12067 12052 12066
f 12052 12051 12066
f 12052 12067 12054
f 12070 12056 12058
f 12069 12056 12070
f 12056 12069 12059
f 12059 12069 12071
f 12059 12071 12060
f 12060 12071 12072
f 12060 12072 12061
f 12061 12072 12073
f 12061 12073 11430
f 11425 12061 11430
f 12074 12062 11428
f 11431 12074 11428
f 12062 12074 12063
f 12063 12074 12075
f 12063 12075 12064
f 12064 12075 12076
f 12064 12076 12065
f 12065 12076 12077
f 12065 12077 12066
f 12066 12077 12078
f 12068 12078 12079
f 12066 12078 12068
f 12070 12080 12069
f 12082 12069 12080
f 12082 12081 12069
f 12081 12071 12069
f 12071 12081 12072
f 12072 12081 12083
f 12072 12083 12073
f 12073 12083 12084
f 12073 12084 11433
f 11430 12073 11433
f 11436 11437 12085
f 11431 11436 12085
f 11431 12085 12074
f 12074 12085 12086
f 12074 12086 12075
f 12075 12086 12087
f 12075 12087 12076
f 12076 12087 12088
f 12076 12088 12077
f 12077 12088 12089
f 12077 12089 12078
f 12078 12089 12090
f 12079 12091 12092
f 12079 12078 12091
f 12078 12090 12091
f 12092 12093 12094
f 12091 12093 12092
f 12094 12095 12096
f 12093 12095 12094
f 12096 12097 12098
f 12095 12097 12096
f 12098 12099 12100
f 12097 12099 12098
f 12100 12099 12101
f 12103 12081 12082
f 12102 12081 12103
f 12081 12102 12083
f 12083 12102 12104
f 12083 12104 12084
f 12084 12104 12105
f 12084 12105 11439
f 11433 12084 11439
f 12106 12085 11437
f 11441 12106 11437
f 12085 12106 12086
f 12086 12106 12107
f 12086 12107 12087
f 12087 12107 12108
f 12087 12108 12088
f 12088 12108 12109
f 12088 12109 12089
f 12089 12109 12110
f 12089 12110 12090
f 12090 12110 12111
f 12090 12111 12091
f 12091 12111 12112
f 12091 12112 12093
f 12093 12112 12113
f 12093 12113 12095
f 12095 12113 12114
f 12115 12114 12116
f 12115 12097 12114
f 12097 12095 12114
f 12097 12117 12099
f 12115 12117 12097
f 12099 12117 12101
f 11443 12118 11444
f 11443 11445 12118
f 12120 12102 12103
f 12119 12102 12120
f 12102 12119 12104
f 12104 12119 12121
f 12104 12121 12105
f 12105 12121 12122
f 12105 12122 11447
f 11439 12105 11447
f 12123 12106 11441
f 11448 12123 11441
f 12106 12123 12107
f 12107 12123 12124
f 12107 12124 12108
f 12108 12124 12125
f 12108 12125 12109
f 12109 12125 12126
f 12109 12126 12110
f 12110 12126 12127
f 12110 12127 12111
f 12111 12127 12128
f 12111 12128 12112
f 12112 12128 12129
f 12112 12129 12113
f 12113 12129 12130
f 12113 12130 12114
f 12114 12130 12131
f 12116 12132 12133
f 12116 12114 12132
f 12114 12131 12132
f 12133 12134 12135
f 12132 12134 12133
f 12135 12136 12137
f 12134 12136 12135
f 12137 12138 12139
f 12136 12138 12137
f 12139 12138 12140
f 12118 11449 11444
f 12118 11445 11449
f 12142 12119 12120
f 12141 12119 12142
f 12119 12141 12121
f 12121 12141 12143
f 12121 12143 12122
f 12122 12143 12144
f 11450 11447 12122
f 11450 12122 12145
f 12145 12122 12144
f 11450 12145 11451
f 12146 12123 11448
f 11452 12146 11448
f 12123 12146 12124
f 12124 12146 12147
f 12124 12147 12125
f 12125 12147 12148
f 12125 12148 12126
f 12126 12148 12149
f 12126 12149 12127
f 12127 12149 12150
f 12127 12150 12128
f 12128 12150 12151
f 12128 12151 12129
f 12129 12151 12152
f 12129 12152 12130
f 12130 12152 12153
f 12130 12153 12131
f 12131 12153 12154
f 12131 12154 12132
f 12132 12154 12155
f 12132 12155 12134
f 12134 12155 12156
f 12134 12156 12136
f 12136 12156 12157
f 12136 12157 12138
f 12138 12157 12158
f 12140 12159 12160
f 12140 12138 12159
f 12138 12158 12159
f 12160 12159 12161
f 12164 12162 12163
f 12163 12141 12142
f 12163 12162 12141
f 12162 12165 12141
f 12141 12165 12143
f 12143 12165 12166
f 12143 12166 12144
f 12144 12166 12167
f 12144 12167 12145
f 12145 12167 12168
f 12145 12168 11453
f 11451 12145 11453
f 12146 11452 11455
f 11455 11456 12169
f 11455 12169 12146
f 12146 12169 12147
f 12147 12169 12148
f 12148 12169 12170
f 12148 12170 12149
f 12149 12170 12171
f 12149 12171 12150
f 12150 12171 12172
f 12150 12172 12151
f 12151 12172 12173
f 12151 12173 12152
f 12152 12173 12174
f 12152 12174 12153
f 12153 12174 12175
f 12153 12175 12154
f 12154 12175 12176
f 12154 12176 12155
f 12155 12176 12177
f 12155 12177 12156
f 12156 12177 12178
f 12156 12178 12157
f 12157 12178 12179
f 12157 12179 12158
f 12158 12179 12180
f 12181 12180 12182
f 12181 12159 12180
f 12159 12158 12180
f 12159 12181 12161
f 12185 12183 12184
f 12184 12183 12186
f 12188 12162 12164
f 12187 12162 12188
f 12162 12187 12165
f 12165 12187 12189
f 12165 12189 12166
f 12166 12189 12190
f 12166 12190 12167
f 12167 12190 12191
f 11459 11458 12168
f 11459 12168 12191
f 12191 12168 12167
f 12168 11458 11453
f 12169 11456 11463
f 12170 12169 11463
f 11465 12170 11463
f 12171 12170 11465
f 11467 12171 11465
f 12172 12171 11467
f 11469 12172 11467
f 11469 11470 12192
f 11469 12192 12172
f 12172 12192 12173
f 12173 12192 12174
f 12174 12192 12193
f 12174 12193 12175
f 12175 12193 12194
f 12175 12194 12176
f 12176 12194 12195
f 12176 12195 12177
f 12177 12195 12196
f 12177 12196 12178
f 12178 12196 12197
f 12178 12197 12179
f 12179 12197 12198
f 12179 12198 12180
f 12180 12198 12199
f 12182 12200 12201
f 12182 12180 12200
f 12180 12199 12200
f 12201 12202 12203
f 12200 12202 12201
f 12203 12204 12205
f 12202 12204 12203
f 12205 12204 12206
f 12209 12207 12208
f 12208 12183 12185
f 12208 12207 12183
f 12207 12210 12183
f 12186 12210 12211
f 12183 12210 12186
f 12214 12212 12213
f 12213 12215 12216
f 12212 12215 12213
f 12216 12187 12188
f 12216 12215 12187
f 12215 12217 12187
f 12187 12217 12189
f 12189 12217 12218
f 12189 12218 12190
f 12190 12218 12219
f 12190 12219 12191
f 12191 12219 12220
f 12191 12220 11473
f 11459 12191 11473
f 12192 11470 11480
f 12193 12192 11480
f 11482 12193 11480
f 12194 12193 11482
f 11484 12194 11482
f 11484 11485 12221
f 11484 12221 12194
f 12194 12221 12195
f 12195 12221 12196
f 12196 12221 12222
f 12196 12222 12197
f 12197 12222 12223
f 12197 12223 12198
f 12198 12223 12224
f 12198 12224 12199
f 12199 12224 12225
f 12199 12225 12200
f 12200 12225 12226
f 12200 12226 12202
f 12202 12226 12227
f 12202 12227 12204
f 12204 12227 12228
f 12206 12229 12230
f 12206 12204 12229
f 12204 12228 12229
f 12230 12207 12209
f 12230 12229 12207
f 12229 12231 12207
f 12232 12231 12233
f 12232 12210 12231
f 12210 12207 12231
f 12210 12232 12211
f 11488 12234 12235
f 11487 12234 11488
f 12236 11487 11489
f 12236 12237 11487
f 12237 12234 11487
f 12237 12212 12214
f 12237 12236 12212
f 12236 12238 12212
f 12212 12238 12215
f 12215 12238 12239
f 12215 12239 12217
f 12217 12239 12240
f 12217 12240 12218
f 12218 12240 12241
f 12218 12241 12219
f 12219 12241 12242
f 11493 11492 12220
f 11493 12220 12242
f 12242 12220 12219
f 12220 11492 11473
f 12221 11485 11503
f 12222 12221 11503
f 11505 12222 11503
f 11505 11506 12243
f 11505 12243 12222
f 12222 12243 12223
f 12223 12243 12224
f 12224 12243 12244
f 12224 12244 12225
f 12225 12244 12245
f 12225 12245 12226
f 12226 12245 12246
f 12226 12246 12227
f 12227 12246 12247
f 12227 12247 12228
f 12228 12247 12248
f 12228 12248 12229
f 12229 12248 12249
f 12229 12249 12231
f 12231 12249 12250
f 12233 12251 12252
f 12233 12231 12251
f 12231 12250 12251
f 11509 12252 12251
f 11509 11508 12252
f 11508 12253 12252
f 12253 11508 11488
f 12235 12253 11488
f 12254 12236 11489
f 11511 12254 11489
f 12236 12254 12238
f 12238 12254 12255
f 12238 12255 12239
f 12239 12255 12256
f 12239 12256 12240
f 12240 12256 12257
f 12240 12257 12241
f 12241 12257 12258
f 12241 12258 12242
f 12242 12258 12259
f 12242 12259 11514
f 11493 12242 11514
f 12243 11506 11524
f 12244 12243 11524
f 11526 12244 11524
f 12245 12244 11526
f 11528 12245 11526
f 12246 12245 11528
f 11530 12246 11528
f 11530 11531 12260
f 11530 12260 12246
f 12246 12260 12247
f 12247 12260 12248
f 12248 12260 12261
f 12248 12261 12249
f 12249 12261 12262
f 11534 11533 12250
f 11534 12250 12262
f 12262 12250 12249
f 12251 12250 11533
f 11536 12251 11533
f 12251 11536 11509
f 11538 11539 12263
f 11511 11538 12263
f 11511 12263 12254
f 12254 12263 12264
f 12254 12264 12255
f 12255 12264 12265
f 12255 12265 12256
f 12256 12265 12266
f 12256 12266 12257
f 12257 12266 12267
f 11543 11542 12258
f 11543 12258 12267
f 12267 12258 12257
f 12259 12258 11542
f 11545 12259 11542
f 12259 11545 11514
f 12260 11531 11557
f 12261 12260 11557
f 11559 12261 11557
f 11559 11560 12268
f 11559 12268 12261
f 12261 12268 12262
f 11562 11534 12262
f 11562 12262 12269
f 12269 12262 12268
f 11564 11562 12269
f 12270 11564 12269
f 11566 11564 12270
f 12271 11566 12270
f 11539 11566 12271
f 11539 12271 12263
f 12263 12271 12272
f 12263 12272 12264
f 12264 12272 12273
f 11570 11569 12265
f 11570 12265 12273
f 12273 12265 12264
f 12266 12265 11569
f 11572 12266 11569
f 12267 12266 11572
f 11574 12267 11572
f 12267 11574 11543
f 12268 11560 11587
f 12269 12268 11587
f 11589 12269 11587
f 12270 12269 11589
f 11591 12270 11589
f 11591 11592 12274
f 11591 12274 12270
f 12270 12274 12271
f 12271 12274 12272
f 12272 12274 12275
f 11595 11594 12273
f 11595 12273 12275
f 12275 12273 12272
f 12273 11594 11570
f 12274 11592 11609
f 12275 12274 11609
f 11611 12275 11609
f 12275 11611 11595
f 11645 12277 12276
f 11644 11645 12276
f 12279 12278 11646
f 12279 11646 12276
f 12276 11646 11644
f 11647 11646 12278
f 12280 11647 12278
f 11648 11647 12280
f 12281 11648 12280
f 11649 11648 12281
f 12282 11649 12281
f 11650 11649 12282
f 12283 11650 12282
f 11651 11650 12283
f 12284 11651 12283
f 11651 12284 11653
f 12277 11645 12285
f 12285 11645 11662
f 12279 12286 12278
f 12278 12287 12280
f 12286 12287 12278
f 12280 12288 12281
f 12287 12288 12280
f 12281 12289 12282
f 12288 12289 12281
f 12282 12290 12283
f 12289 12290 12282
f 12283 12291 12284
f 12290 12291 12283
f 12293 12292 11663
f 12291 12293 11663
f 12291 11663 11653
f 12291 11653 12284
f 11663 12292 11665
f 12296 12295 12294
f 11668 12294 12295
f 11668 12295 11667
f 12298 12297 12295
f 12297 11667 12295
f 11669 11667 12297
f 12299 11669 12297
f 11670 11669 12299
f 12300 11670 12299
f 11671 11670 12300
f 12301 11671 12300
f 11672 11671 12301
f 12302 11672 12301
f 11673 11672 12302
f 12303 11673 12302
f 11674 11673 12303
f 12304 11674 12303
f 11675 11674 12304
f 12305 11675 12304
f 11676 11675 12305
f 12306 11676 12305
f 11676 12306 11678
f 12285 11662 12307
f 12307 11662 11681
f 12293 12308 12292
f 12292 12308 12309
f 12292 12309 11665
f 11665 12309 11683
f 12311 12296 12294
f 12310 12311 12294
f 12294 11685 12310
f 12294 11668 11685
f 12297 12298 12312
f 12297 12313 12299
f 12312 12313 12297
f 12299 12314 12300
f 12313 12314 12299
f 12300 12315 12301
f 12314 12315 12300
f 12301 12316 12302
f 12315 12316 12301
f 12302 12317 12303
f 12316 12317 12302
f 12303 12318 12304
f 12317 12318 12303
f 12304 12319 12305
f 12318 12319 12304
f 12305 12320 12306
f 12319 12320 12305
f 12306 11686 11678
f 12306 12320 11686
f 12320 12321 11686
f 12321 12322 11686
f 11686 12322 11687
f 12324 12323 11688
f 12324 11688 12322
f 12322 11688 11687
f 11688 12323 11690
f 12307 11681 12325
f 12325 11681 11691
f 12328 12326 12327
f 12327 12326 11693
f 12327 11693 12309
f 12309 11693 11683
f 12311 12310 12329
f 12310 11685 11695
f 12310 11695 12331
f 12310 12331 12329
f 12331 11695 12330
f 12331 12332 12333
f 12330 12332 12331
f 12333 12332 12334
f 12324 12335 12323
f 12323 11696 11690
f 12323 12335 11696
f 12335 12336 11696
f 12336 12337 11696
f 11696 12337 11697
f 12339 12338 11698
f 12339 11698 12337
f 12337 11698 11697
f 11698 12338 11700
f 12325 11691 12340
f 12340 11691 11701
f 11703 12341 11704
f 12341 12342 12343
f 12341 11703 12342
f 11703 11705 12342
f 12326 12328 12342
f 12326 12342 11706
f 11706 12342 11705
f 12326 11706 11693
f 12330 11695 11707
f 12332 12330 11707
f 11708 12332 11707
f 12334 12332 11708
f 12334 11708 12344
f 12344 11708 11709
f 12344 11709 12345
f 11709 11710 12345
f 12345 11710 12346
f 11710 11711 12346
f 12346 11711 12347
f 11711 11712 12347
f 12347 11712 12348
f 11712 11713 12348
f 12350 11715 12349
f 12350 12348 11715
f 12348 11713 11715
f 11715 11716 12349
f 12339 12351 12338
f 12338 11717 11700
f 12338 12351 11717
f 12351 12352 11717
f 12354 12353 11718
f 12354 11718 12352
f 12352 11718 11717
f 11718 12353 11719
f 12340 11701 11720
f 12355 12340 11720
f 12355 11720 12356
f 11720 11721 12356
f 12356 11721 12357
f 11721 11722 12357
f 12357 11722 12358
f 11722 11723 12358
f 12358 11723 12359
f 11723 11724 12359
f 11704 12341 12360
f 11704 12360 11724
f 11724 12360 12359
f 12341 12343 12360
f 12350 12349 12361
f 12349 11716 11725
f 12349 11725 12361
f 12361 11725 12362
f 12362 11725 12363
f 11725 11726 12363
f 12363 11726 12364
f 11726 11727 12364
f 12364 11727 12365
f 11727 11728 12365
f 12366 11728 11730
f 12366 12367 11728
f 12367 12365 11728
f 12367 12366 12368
f 11733 12369 12370
f 11732 12369 11733
f 12353 12354 12369
f 12353 12369 11734
f 11734 12369 11732
f 12353 11734 11719
f 12366 11730 11735
f 12368 12366 11735
f 12368 11735 12371
f 12371 11735 11736
f 12371 11736 12372
f 11736 11737 12372
f 12372 11737 11733
f 12370 12372 11733
f 11739 12374 12373
f 11738 11739 12373
f 11738 12373 12375
f 11741 11738 12375
f 11742 11743 12376
f 11744 11742 12376
f 12377 11744 12376
f 11745 11744 12377
f 12378 11745 12377
f 11746 11745 12378
f 12379 11746 12378
f 11747 11746 12379
f 12380 11747 12379
f 11748 11747 12380
f 12381 11748 12380
f 11748 12381 11750
f 11758 11759 12382
f 11758 12382 11761
f 11765 11766 12383
f 11767 11765 12383
f 12384 11767 12383
f 11769 11767 12384
f 12385 11769 12384
f 11770 11769 12385
f 12386 11770 12385
f 11770 12386 11772
f 11773 11774 12387
f 11773 12387 11776
f 12374 11739 12388
f 12388 11739 11778
f 12375 11779 11741
f 12389 11779 12375
f 11743 12390 12376
f 11743 11779 12390
f 11779 12389 12390
f 12376 12391 12377
f 12390 12391 12376
f 12377 12392 12378
f 12391 12392 12377
f 12378 12393 12379
f 12392 12393 12378
f 12379 12394 12380
f 12393 12394 12379
f 12380 12395 12381
f 12394 12395 12380
f 12381 11780 11750
f 12381 12395 11780
f 12395 12396 11780
f 12396 12397 11780
f 11780 12397 11781
f 12397 12398 11781
f 11781 12398 11782
f 12398 12399 11782
f 11782 12399 11783
f 12399 12400 11783
f 11783 12400 11784
f 12400 12401 11784
f 11784 12401 11785
f 12401 12402 11785
f 11785 12402 11786
f 12402 12403 11786
f 11786 12403 11787
f 12403 12404 11787
f 11787 12404 11788
f 12404 12405 11788
f 11788 12405 11789
f 11759 12406 12382
f 11759 11789 12406
f 11789 12405 12406
f 12382 11790 11761
f 12382 12406 11790
f 12406 12407 11790
f 12407 12408 11790
f 11790 12408 11791
f 12408 12409 11791
f 11791 12409 11792
f 12409 12410 11792
f 11792 12410 11793
f 11766 12411 12383
f 11766 11793 12411
f 11793 12410 12411
f 12383 12412 12384
f 12411 12412 12383
f 12384 12413 12385
f 12412 12413 12384
f 12385 12414 12386
f 12413 12414 12385
f 12386 11794 11772
f 12386 12414 11794
f 12414 12415 11794
f 11774 12416 12387
f 11774 11794 12416
f 11794 12415 12416
f 12387 11795 11776
f 12387 12416 11795
f 12416 12417 11795
f 12419 12418 11796
f 12419 11796 12417
f 12417 11796 11795
f 11797 11796 12418
f 12420 11797 12418
f 11798 11797 12420
f 12421 11798 12420
f 11799 11798 12421
f 12422 11799 12421
f 11800 11799 12422
f 12423 11800 12422
f 11801 11800 12423
f 12424 11801 12423
f 11801 12424 11803
f 12388 11778 12425
f 12425 11778 11806
f 12419 12426 12418
f 12418 12427 12420
f 12426 12427 12418
f 12420 12428 12421
f 12427 12428 12420
f 12421 12429 12422
f 12428 12429 12421
f 12422 12430 12423
f 12429 12430 12422
f 12432 12423 12430
f 12432 12431 12423
f 12431 12424 12423
f 11807 11803 12424
f 11807 12424 12433
f 12433 12424 12431
f 11808 11807 12433
f 12434 11808 12433
f 11808 12434 11810
f 12425 11806 12435
f 12435 11806 11811
f 12437 12431 12432
f 12436 12431 12437
f 12431 12436 12433
f 12433 12436 12438
f 12433 12438 12434
f 12434 12438 12439
f 12434 12439 11813
f 11810 12434 11813
f 12435 11811 12440
f 12440 11811 11814
f 12437 12441 12436
f 12436 12442 12438
f 12441 12442 12436
f 12442 12443 11817
f 12442 11817 12439
f 12442 12439 12438
f 11816 12439 11817
f 12439 11816 11813
f 12444 12445 12440
f 12444 12440 11818
f 11818 12440 11814
f 12445 12444 12446
f 12449 12447 12448
f 12448 12447 11820
f 12448 11820 12443
f 12443 11820 11817
f 12450 12444 11818
f 11821 12450 11818
f 12446 12451 12452
f 12446 12444 12451
f 12444 12450 12451
f 12452 12453 12454
f 12451 12453 12452
f 12454 12453 12455
f 12458 12456 12457
f 12447 11824 11823
f 12449 11824 12447
f 12449 12456 11824
f 12449 12457 12456
f 12447 11823 11820
f 12450 11821 11826
f 12451 12450 11826
f 11828 12451 11826
f 11828 11829 12459
f 11828 12459 12451
f 12451 12459 12453
f 12455 12460 12461
f 12455 12453 12460
f 12453 12459 12460
f 12461 12462 12463
f 12460 12462 12461
f 12463 12464 12465
f 12462 12464 12463
f 12465 12464 12466
f 12469 12467 12468
f 12468 12470 12471
f 12467 12470 12468
f 12471 12456 12458
f 12471 12470 12456
f 12470 12472 12456
f 12456 12472 11830
f 11824 12456 11830
f 12459 11829 11834
f 12460 12459 11834
f 11836 12460 11834
f 12462 12460 11836
f 11838 12462 11836
f 11838 11839 12473
f 11838 12473 12462
f 12462 12473 12464
f 12466 12474 12475
f 12466 12464 12474
f 12464 12473 12474
f 12475 12476 12477
f 12474 12476 12475
f 12477 12478 12479
f 12476 12478 12477
f 12479 12480 12481
f 12478 12480 12479
f 12481 12482 12483
f 12480 12482 12481
f 12483 12482 12484
f 12486 12467 12469
f 12485 12467 12486
f 12467 12485 12470
f 12470 12485 12487
f 11842 11841 12472
f 11842 12472 12487
f 12487 12472 12470
f 12472 11841 11830
f 12473 11839 11849
f 12474 12473 11849
f 11851 12474 11849
f 12476 12474 11851
f 11853 12476 11851
f 12478 12476 11853
f 11855 12478 11853
f 11855 11856 12488
f 11855 12488 12478
f 12478 12488 12480
f 12480 12488 12482
f 12482 12488 12489
f 12484 12490 12491
f 12484 12482 12490
f 12482 12489 12490
f 12491 12492 12493
f 12490 12492 12491
f 12493 12494 12495
f 12492 12494 12493
f 12495 12494 12496
f 12499 12497 12498
f 12498 12500 12501
f 12497 12500 12498
f 12501 12502 12503
f 12500 12502 12501
f 12503 12504 12505
f 12502 12504 12503
f 12505 12506 12507
f 12504 12506 12505
f 12485 11859 11858
f 12486 11859 12485
f 12486 12506 11859
f 12486 12507 12506
f 12487 12485 11858
f 11860 12487 11858
f 12487 11860 11842
f 12488 11856 11871
f 11871 11872 12508
f 11871 12508 12488
f 12488 12508 12489
f 12489 12508 12490
f 12490 12508 12509
f 12490 12509 12492
f 12492 12509 12510
f 12492 12510 12494
f 12494 12510 12511
f 12496 12512 12513
f 12496 12494 12512
f 12494 12511 12512
f 12513 12514 12515
f 12512 12514 12513
f 12515 12516 12517
f 12514 12516 12515
f 12517 12518 12519
f 12516 12518 12517
f 12519 12520 12521
f 12518 12520 12519
f 12521 12522 12523
f 12520 12522 12521
f 12523 12524 12525
f 12522 12524 12523
f 12525 12526 12527
f 12524 12526 12525
f 12527 12528 12529
f 12526 12528 12527
f 12529 12530 12531
f 12528 12530 12529
f 12531 12532 12533
f 12530 12532 12531
f 12533 12534 12535
f 12532 12534 12533
f 12535 12536 12537
f 12534 12536 12535
f 12537 12538 12539
f 12536 12538 12537
f 12539 12497 12499
f 12539 12538 12497
f 12538 12540 12497
f 12497 12540 12500
f 12500 12540 12541
f 11875 11874 12502
f 11875 12502 12541
f 12541 12502 12500
f 12504 12502 11874
f 11877 12504 11874
f 12506 12504 11877
f 11878 12506 11877
f 12506 11878 11859
f 12508 11872 11890
f 12509 12508 11890
f 11892 12509 11890
f 11892 11893 12542
f 11892 12542 12509
f 12509 12542 12510
f 12510 12542 12511
f 12511 12542 12543
f 12511 12543 12512
f 12512 12543 12544
f 12512 12544 12514
f 12514 12544 12545
f 12514 12545 12516
f 12516 12545 12546
f 12516 12546 12518
f 12518 12546 12547
f 12518 12547 12520
f 12520 12547 12548
f 12520 12548 12522
f 12522 12548 12549
f 12522 12549 12524
f 12524 12549 12550
f 12524 12550 12526
f 12526 12550 12551
f 12526 12551 12528
f 12528 12551 12552
f 12528 12552 12530
f 12530 12552 12553
f 12530 12553 12532
f 12532 12553 12554
f 12532 12554 12534
f 12534 12554 12555
f 11896 11895 12536
f 11896 12536 12555
f 12555 12536 12534
f 12538 12536 11895
f 11898 12538 11895
f 12540 12538 11898
f 11900 12540 11898
f 12541 12540 11900
f 11901 12541 11900
f 12541 11901 11875
f 12542 11893 11915
f 12543 12542 11915
f 11917 12543 11915
f 12544 12543 11917
f 11919 12544 11917
f 11919 11920 12556
f 11919 12556 12544
f 12544 12556 12545
f 12545 12556 12546
f 12546 12556 12557
f 12546 12557 12547
f 12547 12557 12558
f 12547 12558 12548
f 12548 12558 12559
f 12548 12559 12549
f 12549 12559 12560
f 12549 12560 12550
f 12550 12560 12561
f 12550 12561 12551
f 12551 12561 12562
f 12551 12562 12552
f 12552 12562 12563
f 12552 12563 12553
f 12553 12563 12564
f 11923 11922 12554
f 11923 12554 12564
f 12564 12554 12553
f 12555 12554 11922
f 11925 12555 11922
f 12555 11925 11896
f 11942 11943 12565
f 11920 11942 12565
f 11920 12565 12556
f 12556 12565 12566
f 12556 12566 12557
f 12557 12566 12567
f 12557 12567 12558
f 12558 12567 12568
f 12558 12568 12559
f 12559 12568 12569
f 12559 12569 12560
f 12560 12569 12570
f 12560 12570 12561
f 12561 12570 12571
f 11946 11945 12562
f 11946 12562 12571
f 12571 12562 12561
f 12563 12562 11945
f 11948 12563 11945
f 11948 11949 12572
f 11948 12572 12563
f 12563 12572 12564
f 12564 12572 11951
f 11923 12564 11951
f 11964 11965 12573
f 11966 11964 12573
f 12574 11966 12573
f 11943 11966 12574
f 11943 12574 12565
f 12565 12574 12575
f 12565 12575 12566
f 12566 12575 12576
f 12566 12576 12567
f 12567 12576 12577
f 12567 12577 12568
f 12568 12577 12578
f 12568 12578 12569
f 12569 12578 12579
f 11968 11967 12570
f 11968 12570 12579
f 12579 12570 12569
f 12571 12570 11967
f 11969 12571 11967
f 12571 11969 11946
f 12572 11949 11971
f 12572 11971 11951
f 12573 11965 11985
f 11985 11986 12580
f 11985 12580 12573
f 12573 12580 12574
f 12574 12580 12575
f 12575 12580 12581
f 12575 12581 12576
f 12576 12581 12582
f 12576 12582 12577
f 12577 12582 12583
f 12577 12583 12578
f 12578 12583 12584
f 12578 12584 12579
f 12579 12584 12585
f 11987 11968 12579
f 11987 12579 12586
f 12586 12579 12585
f 11988 11987 12586
f 12587 11988 12586
f 11988 12587 11990
f 12002 12003 12588
f 12004 12002 12588
f 12589 12004 12588
f 12005 12004 12589
f 12590 12005 12589
f 11986 12005 12590
f 11986 12590 12580
f 12580 12590 12591
f 12580 12591 12581
f 12581 12591 12592
f 12581 12592 12582
f 12582 12592 12593
f 12582 12593 12583
f 12583 12593 12594
f 12583 12594 12584
f 12584 12594 12595
f 12584 12595 12585
f 12585 12595 12596
f 12585 12596 12586
f 12586 12596 12597
f 12586 12597 12587
f 12587 12597 12598
f 12587 12598 12007
f 11990 12587 12007
f 12017 12018 12599
f 12003 12017 12599
f 12003 12599 12588
f 12588 12599 12600
f 12588 12600 12589
f 12589 12600 12601
f 12589 12601 12590
f 12590 12601 12602
f 12590 12602 12591
f 12591 12602 12603
f 12591 12603 12592
f 12592 12603 12604
f 12592 12604 12593
f 12593 12604 12605
f 12593 12605 12594
f 12594 12605 12606
f 12594 12606 12595
f 12595 12606 12607
f 12595 12607 12596
f 12596 12607 12608
f 12596 12608 12597
f 12597 12608 12609
f 12021 12020 12598
f 12021 12598 12609
f 12609 12598 12597
f 12598 12020 12007
f 12023 12024 12610
f 12026 12023 12610
f 12611 12026 12610
f 12026 12611 12028
f 12036 12037 12612
f 12018 12036 12612
f 12018 12612 12599
f 12599 12612 12613
f 12599 12613 12600
f 12600 12613 12614
f 12600 12614 12601
f 12601 12614 12615
f 12601 12615 12602
f 12602 12615 12616
f 12602 12616 12603
f 12603 12616 12617
f 12603 12617 12604
f 12604 12617 12618
f 12604 12618 12605
f 12605 12618 12619
f 12605 12619 12606
f 12606 12619 12620
f 12606 12620 12607
f 12607 12620 12621
f 12607 12621 12608
f 12608 12621 12622
f 12608 12622 12609
f 12609 12622 12623
f 12609 12623 12039
f 12021 12609 12039
f 12040 12041 12624
f 12024 12040 12624
f 12024 12624 12610
f 12610 12624 12625
f 12610 12625 12611
f 12611 12625 12626
f 12043 12028 12611
f 12043 12611 12627
f 12627 12611 12626
f 12043 12627 12045
f 12053 12054 12628
f 12037 12053 12628
f 12037 12628 12612
f 12612 12628 12629
f 12612 12629 12613
f 12613 12629 12630
f 12613 12630 12614
f 12614 12630 12631
f 12614 12631 12615
f 12615 12631 12632
f 12615 12632 12616
f 12616 12632 12633
f 12616 12633 12617
f 12617 12633 12634
f 12617 12634 12618
f 12618 12634 12635
f 12618 12635 12619
f 12619 12635 12636
f 12619 12636 12620
f 12620 12636 12637
f 12620 12637 12621
f 12621 12637 12638
f 12621 12638 12622
f 12622 12638 12639
f 12622 12639 12623
f 12623 12639 12640
f 12055 12039 12623
f 12055 12623 12641
f 12641 12623 12640
f 12041 12055 12641
f 12041 12641 12624
f 12624 12641 12642
f 12624 12642 12625
f 12625 12642 12643
f 12625 12643 12626
f 12626 12643 12644
f 12058 12057 12627
f 12058 12627 12644
f 12644 12627 12626
f 12627 12057 12045
f 12067 12068 12645
f 12054 12067 12645
f 12054 12645 12628
f 12628 12645 12646
f 12628 12646 12629
f 12629 12646 12647
f 12629 12647 12630
f 12630 12647 12648
f 12630 12648 12631
f 12631 12648 12649
f 12631 12649 12632
f 12632 12649 12650
f 12632 12650 12633
f 12633 12650 12651
f 12633 12651 12634
f 12634 12651 12652
f 12634 12652 12635
f 12635 12652 12653
f 12635 12653 12636
f 12636 12653 12654
f 12636 12654 12637
f 12637 12654 12655
f 12637 12655 12638
f 12638 12655 12656
f 12638 12656 12639
f 12639 12656 12657
f 12639 12657 12640
f 12640 12657 12658
f 12640 12658 12641
f 12641 12658 12659
f 12641 12659 12642
f 12642 12659 12660
f 12642 12660 12643
f 12643 12660 12661
f 12643 12661 12644
f 12644 12661 12662
f 12644 12662 12070
f 12058 12644 12070
f 12663 12645 12068
f 12079 12663 12068
f 12645 12663 12646
f 12646 12663 12664
f 12646 12664 12647
f 12647 12664 12665
f 12647 12665 12648
f 12648 12665 12666
f 12648 12666 12649
f 12649 12666 12667
f 12649 12667 12650
f 12650 12667 12668
f 12650 12668 12651
f 12651 12668 12669
f 12651 12669 12652
f 12652 12669 12670
f 12652 12670 12653
f 12653 12670 12671
f 12653 12671 12654
f 12654 12671 12672
f 12654 12672 12655
f 12655 12672 12673
f 12655 12673 12656
f 12656 12673 12674
f 12656 12674 12657
f 12657 12674 12675
f 12657 12675 12658
f 12658 12675 12676
f 12658 12676 12659
f 12659 12676 12677
f 12659 12677 12660
f 12660 12677 12678
f 12660 12678 12661
f 12661 12678 12679
f 12661 12679 12662
f 12662 12679 12680
f 12080 12070 12662
f 12080 12662 12681
f 12681 12662 12680
f 12080 12681 12082
f 12663 12079 12092
f 12664 12663 12092
f 12094 12664 12092
f 12665 12664 12094
f 12096 12665 12094
f 12666 12665 12096
f 12098 12666 12096
f 12667 12666 12098
f 12100 12667 12098
f 12100 12101 12682
f 12100 12682 12667
f 12667 12682 12668
f 12668 12682 12669
f 12669 12682 12683
f 12669 12683 12670
f 12670 12683 12684
f 12670 12684 12671
f 12671 12684 12685
f 12671 12685 12672
f 12672 12685 12686
f 12672 12686 12673
f 12673 12686 12687
f 12673 12687 12674
f 12674 12687 12688
f 12674 12688 12675
f 12675 12688 12689
f 12675 12689 12676
f 12676 12689 12690
f 12676 12690 12677
f 12677 12690 12691
f 12677 12691 12678
f 12678 12691 12692
f 12678 12692 12679
f 12679 12692 12693
f 12679 12693 12680
f 12680 12693 12694
f 12680 12694 12681
f 12681 12694 12695
f 12681 12695 12103
f 12082 12681 12103
f 12115 12116 12696
f 12117 12115 12696
f 12697 12117 12696
f 12101 12117 12697
f 12101 12697 12682
f 12682 12697 12698
f 12682 12698 12683
f 12683 12698 12699
f 12683 12699 12684
f 12684 12699 12700
f 12684 12700 12685
f 12685 12700 12701
f 12685 12701 12686
f 12686 12701 12702
f 12686 12702 12687
f 12687 12702 12703
f 12687 12703 12688
f 12688 12703 12704
f 12688 12704 12689
f 12689 12704 12705
f 12689 12705 12690
f 12690 12705 12706
f 12690 12706 12691
f 12691 12706 12707
f 12691 12707 12692
f 12692 12707 12708
f 12692 12708 12693
f 12693 12708 12709
f 12693 12709 12694
f 12694 12709 12710
f 12694 12710 12695
f 12695 12710 12711
f 12695 12711 12120
f 12103 12695 12120
f 12696 12116 12133
f 12697 12696 12133
f 12135 12697 12133
f 12698 12697 12135
f 12137 12698 12135
f 12699 12698 12137
f 12139 12699 12137
f 12139 12140 12712
f 12139 12712 12699
f 12699 12712 12700
f 12700 12712 12701
f 12701 12712 12713
f 12701 12713 12702
f 12702 12713 12714
f 12702 12714 12703
f 12703 12714 12715
f 12703 12715 12704
f 12704 12715 12716
f 12704 12716 12705
f 12705 12716 12717
f 12705 12717 12706
f 12706 12717 12718
f 12706 12718 12707
f 12707 12718 12719
f 12707 12719 12708
f 12708 12719 12720
f 12708 12720 12709
f 12709 12720 12721
f 12709 12721 12710
f 12710 12721 12722
f 12710 12722 12711
f 12711 12722 12723
f 12711 12723 12142
f 12120 12711 12142
f 12712 12140 12160
f 12160 12161 12724
f 12160 12724 12712
f 12712 12724 12713
f 12713 12724 12714
f 12714 12724 12725
f 12714 12725 12715
f 12715 12725 12726
f 12715 12726 12716
f 12716 12726 12727
f 12716 12727 12717
f 12717 12727 12728
f 12717 12728 12718
f 12718 12728 12729
f 12718 12729 12719
f 12719 12729 12730
f 12719 12730 12720
f 12720 12730 12731
f 12720 12731 12721
f 12721 12731 12732
f 12721 12732 12722
f 12722 12732 12733
f 12164 12163 12723
f 12164 12723 12733
f 12733 12723 12722
f 12723 12163 12142
f 12181 12182 12734
f 12161 12181 12734
f 12161 12734 12724
f 12724 12734 12735
f 12724 12735 12725
f 12725 12735 12736
f 12725 12736 12726
f 12726 12736 12737
f 12726 12737 12727
f 12727 12737 12738
f 12185 12184 12728
f 12185 12728 12738
f 12738 12728 12727
f 12184 12186 12739
f 12184 12739 12728
f 12728 12739 12729
f 12729 12739 12730
f 12730 12739 12740
f 12730 12740 12731
f 12731 12740 12741
f 12731 12741 12732
f 12732 12741 12742
f 12732 12742 12733
f 12733 12742 12743
f 12733 12743 12188
f 12164 12733 12188
f 12734 12182 12201
f 12735 12734 12201
f 12203 12735 12201
f 12736 12735 12203
f 12205 12736 12203
f 12205 12206 12744
f 12205 12744 12736
f 12736 12744 12737
f 12209 12208 12738
f 12209 12738 12744
f 12744 12738 12737
f 12738 12208 12185
f 12745 12739 12186
f 12211 12745 12186
f 12739 12745 12740
f 12740 12745 12746
f 12740 12746 12741
f 12741 12746 12747
f 12214 12213 12742
f 12214 12742 12747
f 12747 12742 12741
f 12743 12742 12213
f 12216 12743 12213
f 12743 12216 12188
f 12744 12206 12230
f 12744 12230 12209
f 12232 12233 12748
f 12211 12232 12748
f 12211 12748 12745
f 12745 12748 12749
f 12235 12234 12746
f 12235 12746 12749
f 12749 12746 12745
f 12747 12746 12234
f 12237 12747 12234
f 12747 12237 12214
f 12748 12233 12252
f 12749 12748 12252
f 12253 12749 12252
f 12749 12253 12235
f 12276 12277 12750
f 12276 12750 12279
f 12751 12750 12277
f 12751 12277 12752
f 12752 12277 12285
f 12750 12286 12279
f 12750 12751 12286
f 12751 12753 12286
f 12755 12754 12287
f 12755 12287 12753
f 12753 12287 12286
f 12288 12287 12754
f 12756 12288 12754
f 12289 12288 12756
f 12757 12289 12756
f 12757 12759 12758
f 12757 12758 12289
f 12289 12758 12290
f 12761 12760 12291
f 12761 12291 12758
f 12758 12291 12290
f 12291 12760 12293
f 12295 12296 12762
f 12295 12762 12298
f 12752 12285 12763
f 12763 12285 12307
f 12755 12764 12754
f 12754 12765 12756
f 12764 12765 12754
f 12756 12766 12757
f 12765 12766 12756
f 12757 12766 12759
f 12768 12760 12761
f 12767 12760 12768
f 12308 12293 12760
f 12308 12760 12769
f 12769 12760 12767
f 12308 12769 12309
f 12770 12762 12296
f 12770 12296 12771
f 12771 12296 12311
f 12762 12312 12298
f 12762 12770 12312
f 12770 12772 12312
f 12772 12773 12312
f 12312 12773 12313
f 12773 12774 12313
f 12313 12774 12314
f 12774 12775 12314
f 12314 12775 12315
f 12775 12776 12315
f 12315 12776 12316
f 12776 12777 12316
f 12316 12777 12317
f 12777 12778 12317
f 12317 12778 12318
f 12778 12779 12318
f 12318 12779 12319
f 12779 12780 12319
f 12319 12780 12320
f 12780 12781 12320
f 12320 12781 12321
f 12783 12782 12322
f 12783 12322 12781
f 12781 12322 12321
f 12322 12782 12324
f 12763 12307 12784
f 12784 12307 12325
f 12786 12767 12768
f 12785 12767 12786
f 12328 12327 12769
f 12328 12769 12785
f 12785 12769 12767
f 12769 12327 12309
f 12771 12311 12329
f 12787 12771 12329
f 12787 12329 12788
f 12329 12331 12788
f 12790 12333 12789
f 12790 12788 12333
f 12788 12331 12333
f 12333 12334 12789
f 12783 12791 12782
f 12782 12335 12324
f 12782 12791 12335
f 12791 12792 12335
f 12792 12793 12335
f 12335 12793 12336
f 12793 12794 12336
f 12336 12794 12337
f 12337 12794 12795
f 12339 12337 12795
f 12784 12325 12796
f 12796 12325 12340
f 12799 12797 12798
f 12785 12343 12342
f 12786 12343 12785
f 12786 12797 12343
f 12786 12798 12797
f 12785 12342 12328
f 12790 12789 12800
f 12789 12334 12344
f 12789 12344 12800
f 12800 12344 12801
f 12801 12344 12802
f 12344 12345 12802
f 12802 12345 12803
f 12345 12346 12803
f 12803 12346 12804
f 12346 12347 12804
f 12804 12347 12805
f 12347 12348 12805
f 12806 12348 12350
f 12806 12807 12348
f 12807 12805 12348
f 12807 12806 12808
f 12795 12351 12339
f 12809 12351 12795
f 12809 12810 12351
f 12351 12810 12352
f 12352 12810 12811
f 12354 12352 12811
f 12796 12340 12355
f 12812 12796 12355
f 12812 12355 12813
f 12355 12356 12813
f 12813 12356 12814
f 12356 12357 12814
f 12814 12357 12815
f 12357 12358 12815
f 12815 12358 12816
f 12358 12359 12816
f 12797 12799 12816
f 12797 12816 12360
f 12360 12816 12359
f 12797 12360 12343
f 12806 12350 12361
f 12808 12806 12361
f 12808 12361 12817
f 12817 12361 12362
f 12817 12362 12818
f 12362 12363 12818
f 12818 12363 12819
f 12363 12364 12819
f 12819 12364 12820
f 12364 12365 12820
f 12820 12365 12821
f 12365 12367 12821
f 12367 12822 12821
f 12368 12822 12367
f 12370 12823 12824
f 12369 12823 12370
f 12823 12369 12354
f 12811 12823 12354
f 12822 12368 12371
f 12825 12822 12371
f 12825 12371 12826
f 12371 12372 12826
f 12826 12372 12370
f 12824 12826 12370
f 12373 12374 12827
f 12373 12827 12375
f 12828 12827 12374
f 12388 12828 12374
f 12389 12375 12827
f 12389 12827 12829
f 12829 12827 12828
f 12390 12389 12829
f 12830 12390 12829
f 12391 12390 12830
f 12831 12391 12830
f 12392 12391 12831
f 12832 12392 12831
f 12393 12392 12832
f 12833 12393 12832
f 12833 12835 12834
f 12833 12834 12393
f 12393 12834 12394
f 12837 12836 12395
f 12837 12395 12834
f 12834 12395 12394
f 12396 12395 12836
f 12838 12396 12836
f 12397 12396 12838
f 12839 12397 12838
f 12398 12397 12839
f 12840 12398 12839
f 12399 12398 12840
f 12841 12399 12840
f 12400 12399 12841
f 12842 12400 12841
f 12401 12400 12842
f 12843 12401 12842
f 12402 12401 12843
f 12844 12402 12843
f 12403 12402 12844
f 12845 12403 12844
f 12404 12403 12845
f 12846 12404 12845
f 12405 12404 12846
f 12847 12405 12846
f 12406 12405 12847
f 12848 12406 12847
f 12407 12406 12848
f 12849 12407 12848
f 12408 12407 12849
f 12850 12408 12849
f 12409 12408 12850
f 12851 12409 12850
f 12410 12409 12851
f 12852 12410 12851
f 12411 12410 12852
f 12853 12411 12852
f 12412 12411 12853
f 12854 12412 12853
f 12413 12412 12854
f 12855 12413 12854
f 12414 12413 12855
f 12856 12414 12855
f 12415 12414 12856
f 12857 12415 12856
f 12416 12415 12857
f 12858 12416 12857
f 12417 12416 12858
f 12859 12417 12858
f 12417 12859 12419
f 12860 12828 12388
f 12425 12860 12388
f 12828 12860 12829
f 12829 12860 12861
f 12829 12861 12830
f 12830 12861 12862
f 12830 12862 12831
f 12831 12862 12863
f 12831 12863 12832
f 12832 12863 12864
f 12865 12864 12866
f 12865 12833 12864
f 12833 12832 12864
f 12833 12865 12835
f 12837 12867 12836
f 12836 12868 12838
f 12867 12868 12836
f 12838 12869 12839
f 12868 12869 12838
f 12839 12870 12840
f 12869 12870 12839
f 12840 12871 12841
f 12870 12871 12840
f 12873 12841 12871
f 12873 12872 12841
f 12872 12842 12841
f 12874 12872 12875
f 12874 12843 12872
f 12843 12842 12872
f 12843 12876 12844
f 12874 12876 12843
f 12844 12877 12845
f 12876 12877 12844
f 12845 12878 12846
f 12877 12878 12845
f 12880 12846 12878
f 12880 12879 12846
f 12879 12847 12846
f 12847 12879 12848
f 12848 12879 12881
f 12848 12881 12849
f 12849 12881 12882
f 12883 12882 12884
f 12883 12850 12882
f 12850 12849 12882
f 12850 12885 12851
f 12883 12885 12850
f 12851 12886 12852
f 12885 12886 12851
f 12852 12887 12853
f 12886 12887 12852
f 12853 12888 12854
f 12887 12888 12853
f 12890 12854 12888
f 12890 12889 12854
f 12889 12855 12854
f 12855 12889 12856
f 12856 12889 12891
f 12856 12891 12857
f 12857 12891 12892
f 12857 12892 12858
f 12858 12892 12893
f 12858 12893 12859
f 12859 12893 12894
f 12426 12419 12859
f 12426 12859 12895
f 12895 12859 12894
f 12427 12426 12895
f 12896 12427 12895
f 12428 12427 12896
f 12897 12428 12896
f 12429 12428 12897
f 12898 12429 12897
f 12430 12429 12898
f 12899 12430 12898
f 12430 12899 12432
f 12900 12860 12425
f 12435 12900 12425
f 12860 12900 12861
f 12861 12900 12901
f 12861 12901 12862
f 12862 12901 12902
f 12903 12902 12904
f 12903 12863 12902
f 12863 12862 12902
f 12863 12905 12864
f 12903 12905 12863
f 12864 12905 12866
f 12873 12906 12872
f 12872 12906 12875
f 12880 12907 12879
f 12879 12908 12881
f 12907 12908 12879
f 12881 12909 12882
f 12908 12909 12881
f 12882 12909 12884
f 12890 12910 12889
f 12889 12911 12891
f 12910 12911 12889
f 12891 12912 12892
f 12911 12912 12891
f 12892 12913 12893
f 12912 12913 12892
f 12893 12914 12894
f 12913 12914 12893
f 12894 12915 12895
f 12914 12915 12894
f 12917 12895 12915
f 12917 12916 12895
f 12916 12896 12895
f 12896 12916 12897
f 12897 12916 12918
f 12897 12918 12898
f 12898 12918 12919
f 12898 12919 12899
f 12899 12919 12920
f 12899 12920 12437
f 12432 12899 12437
f 12921 12900 12435
f 12440 12921 12435
f 12900 12921 12901
f 12901 12921 12922
f 12901 12922 12902
f 12902 12922 12923
f 12904 12924 12925
f 12904 12902 12924
f 12902 12923 12924
f 12925 12924 12926
f 12917 12927 12916
f 12916 12928 12918
f 12927 12928 12916
f 12918 12929 12919
f 12928 12929 12918
f 12931 12919 12929
f 12931 12930 12919
f 12930 12920 12919
f 12441 12437 12920
f 12441 12920 12932
f 12932 12920 12930
f 12442 12441 12932
f 12933 12442 12932
f 12442 12933 12443
f 12921 12440 12445
f 12445 12446 12934
f 12445 12934 12921
f 12921 12934 12922
f 12922 12934 12923
f 12923 12934 12935
f 12923 12935 12924
f 12924 12935 12936
f 12926 12937 12938
f 12926 12924 12937
f 12924 12936 12937
f 12938 12939 12940
f 12937 12939 12938
f 12940 12941 12942
f 12939 12941 12940
f 12942 12943 12944
f 12941 12943 12942
f 12944 12945 12946
f 12943 12945 12944
f 12946 12945 12947
f 12950 12948 12949
f 12949 12930 12931
f 12949 12948 12930
f 12948 12951 12930
f 12930 12951 12932
f 12932 12951 12952
f 12449 12448 12933
f 12449 12933 12952
f 12952 12933 12932
f 12933 12448 12443
f 12934 12446 12452
f 12935 12934 12452
f 12454 12935 12452
f 12454 12455 12953
f 12454 12953 12935
f 12935 12953 12936
f 12936 12953 12937
f 12937 12953 12954
f 12937 12954 12939
f 12939 12954 12955
f 12939 12955 12941
f 12941 12955 12956
f 12941 12956 12943
f 12943 12956 12957
f 12943 12957 12945
f 12945 12957 12958
f 12947 12958 12959
f 12945 12958 12947
f 12962 12960 12961
f 12961 12963 12964
f 12960 12963 12961
f 12964 12965 12966
f 12963 12965 12964
f 12966 12967 12968
f 12965 12967 12966
f 12968 12969 12970
f 12967 12969 12968
f 12970 12971 12972
f 12969 12971 12970
f 12972 12948 12950
f 12972 12971 12948
f 12971 12973 12948
f 12948 12973 12951
f 12951 12973 12974
f 12458 12457 12952
f 12458 12952 12974
f 12974 12952 12951
f 12952 12457 12449
f 12953 12455 12461
f 12954 12953 12461
f 12463 12954 12461
f 12955 12954 12463
f 12465 12955 12463
f 12465 12466 12975
f 12465 12975 12955
f 12955 12975 12956
f 12956 12975 12957
f 12957 12975 12976
f 12957 12976 12958
f 12958 12976 12977
f 12959 12978 12979
f 12959 12958 12978
f 12958 12977 12978
f 12979 12980 12981
f 12978 12980 12979
f 12981 12982 12983
f 12980 12982 12981
f 12983 12984 12985
f 12982 12984 12983
f 12985 12986 12987
f 12984 12986 12985
f 12987 12986 12988
f 12990 12960 12962
f 12989 12960 12990
f 12960 12989 12963
f 12963 12989 12991
f 12963 12991 12965
f 12965 12991 12992
f 12965 12992 12967
f 12967 12992 12993
f 12967 12993 12969
f 12969 12993 12994
f 12969 12994 12971
f 12971 12994 12995
f 12469 12468 12973
f 12469 12973 12995
f 12995 12973 12971
f 12974 12973 12468
f 12471 12974 12468
f 12974 12471 12458
f 12975 12466 12475
f 12976 12975 12475
f 12477 12976 12475
f 12977 12976 12477
f 12479 12977 12477
f 12978 12977 12479
f 12481 12978 12479
f 12980 12978 12481
f 12483 12980 12481
f 12483 12484 12996
f 12483 12996 12980
f 12980 12996 12982
f 12982 12996 12984
f 12984 12996 12997
f 12984 12997 12986
f 12986 12997 12998
f 12988 12999 13000
f 12988 12986 12999
f 12986 12998 12999
f 13000 13001 13002
f 12999 13001 13000
f 13002 13003 13004
f 13001 13003 13002
f 13004 13005 13006
f 13003 13005 13004
f 13006 13007 13008
f 13005 13007 13006
f 13008 13007 13009
f 13012 13010 13011
f 13011 13013 13014
f 13010 13013 13011
f 13014 13013 13015
f 13018 13016 13017
f 13017 13019 13020
f 13016 13019 13017
f 13020 12989 12990
f 13020 13019 12989
f 13019 13021 12989
f 12989 13021 12991
f 12991 13021 13022
f 12991 13022 12992
f 12992 13022 13023
f 12992 13023 12993
f 12993 13023 13024
f 12993 13024 12994
f 12994 13024 13025
f 12994 13025 12995
f 12995 13025 13026
f 12995 13026 12486
f 12469 12995 12486
f 12996 12484 12491
f 12997 12996 12491
f 12493 12997 12491
f 12998 12997 12493
f 12495 12998 12493
f 12495 12496 13027
f 12495 13027 12998
f 12998 13027 12999
f 12999 13027 13001
f 13001 13027 13028
f 13001 13028 13003
f 13003 13028 13029
f 13003 13029 13005
f 13005 13029 13030
f 13005 13030 13007
f 13007 13030 13031
f 13009 13032 13033
f 13009 13007 13032
f 13007 13031 13032
f 13033 13034 13035
f 13032 13034 13033
f 13035 13036 13037
f 13034 13036 13035
f 13037 13010 13012
f 13037 13036 13010
f 13036 13038 13010
f 13010 13038 13013
f 13013 13038 13039
f 13015 13040 13041
f 13015 13013 13040
f 13013 13039 13040
f 13041 13016 13018
f 13041 13040 13016
f 13040 13042 13016
f 13016 13042 13019
f 13019 13042 13043
f 13019 13043 13021
f 13021 13043 13044
f 12499 12498 13022
f 12499 13022 13044
f 13044 13022 13021
f 13023 13022 12498
f 12501 13023 12498
f 13024 13023 12501
f 12503 13024 12501
f 13025 13024 12503
f 12505 13025 12503
f 13026 13025 12505
f 12507 13026 12505
f 13026 12507 12486
f 13027 12496 12513
f 13028 13027 12513
f 12515 13028 12513
f 13029 13028 12515
f 12517 13029 12515
f 13030 13029 12517
f 12519 13030 12517
f 13031 13030 12519
f 12521 13031 12519
f 13032 13031 12521
f 12523 13032 12521
f 13034 13032 12523
f 12525 13034 12523
f 13036 13034 12525
f 12527 13036 12525
f 13038 13036 12527
f 12529 13038 12527
f 13039 13038 12529
f 12531 13039 12529
f 13040 13039 12531
f 12533 13040 12531
f 13042 13040 12533
f 12535 13042 12533
f 13043 13042 12535
f 12537 13043 12535
f 13044 13043 12537
f 12539 13044 12537
f 13044 12539 12499
f 12751 12752 13045
f 12753 12751 13045
f 13046 12753 13045
f 12753 13046 12755
f 12758 12759 13047
f 12758 13047 12761
f 13048 13045 12752
f 13048 12752 13049
f 13049 12752 12763
f 13045 13050 13046
f 13048 13050 13045
f 13046 12764 12755
f 13046 13050 12764
f 13050 13051 12764
f 13051 13052 12764
f 12764 13052 12765
f 13052 13053 12765
f 12765 13053 12766
f 12759 12766 13053
f 12759 13053 13054
f 12759 13054 13047
f 13054 13053 13055
f 13047 13054 12768
f 12761 13047 12768
f 13058 13057 13056
f 13057 13060 13059
f 13056 13057 13059
f 12771 13059 13060
f 12771 13060 12770
f 12770 13060 13061
f 13061 13062 12770
f 12770 13062 12772
f 13062 13063 12772
f 12772 13063 12773
f 13063 13064 12773
f 12773 13064 12774
f 13064 13065 12774
f 12774 13065 12775
f 13065 13066 12775
f 12775 13066 12776
f 13066 13067 12776
f 12776 13067 12777
f 13067 13068 12777
f 12777 13068 12778
f 13068 13069 12778
f 12778 13069 12779
f 13069 13070 12779
f 12779 13070 12780
f 13070 13071 12780
f 12780 13071 12781
f 13072 12783 12781
f 13072 12781 13073
f 13073 12781 13071
f 13073 13074 13072
f 13049 12763 13075
f 13075 12763 12784
f 13055 13076 13054
f 13054 13076 13077
f 13054 13077 12768
f 12768 13077 12786
f 13058 13056 13078
f 13056 13059 13079
f 13078 13056 13079
f 13059 12771 12787
f 13059 12787 13079
f 13079 12787 13080
f 13080 12787 13081
f 12787 12788 13081
f 13082 12788 12790
f 13082 13083 12788
f 13083 13081 12788
f 13083 13084 13085
f 13082 13084 13083
f 13085 13084 13086
f 13072 12791 12783
f 13074 12791 13072
f 13074 13087 12791
f 13087 12792 12791
f 13087 13088 12792
f 12792 13088 12793
f 13088 13089 12793
f 12793 13089 12794
f 13090 12795 12794
f 13090 12794 13091
f 13091 12794 13089
f 13091 13092 13090
f 13075 12784 13093
f 13093 12784 12796
f 12799 13094 13095
f 12798 13094 12799
f 13094 12798 12786
f 13077 13094 12786
f 13082 12790 12800
f 13084 13082 12800
f 12801 13084 12800
f 13086 13084 12801
f 13086 12801 13096
f 13096 12801 12802
f 13096 12802 13097
f 12802 12803 13097
f 13097 12803 13098
f 12803 12804 13098
f 13098 12804 13099
f 12804 12805 13099
f 13101 12807 13100
f 13101 13099 12807
f 13099 12805 12807
f 12807 12808 13100
f 13090 12809 12795
f 13090 12810 12809
f 13090 13103 12810
f 13090 13092 13103
f 13102 12810 13103
f 12810 13102 12811
f 13093 12796 12812
f 13104 13093 12812
f 13104 12812 13105
f 12812 12813 13105
f 13105 12813 13106
f 12813 12814 13106
f 13106 12814 13107
f 12814 12815 13107
f 13107 12815 13108
f 12815 12816 13108
f 13108 12816 12799
f 13095 13108 12799
f 13101 13100 13109
f 13100 12808 12817
f 13100 12817 13109
f 13109 12817 13110
f 13110 12817 13111
f 12817 12818 13111
f 13111 12818 13112
f 12818 12819 13112
f 13112 12819 13113
f 12819 12820 13113
f 13115 12821 13114
f 13115 13113 12821
f 13113 12820 12821
f 12821 12822 13114
f 13102 12824 12823
f 13102 13103 12824
f 13103 13116 12824
f 13102 12823 12811
f 13115 13114 13117
f 13114 12822 12825
f 13114 12825 13117
f 13117 12825 13118
f 13118 12825 13119
f 12825 12826 13119
f 13119 12826 12824
f 13116 13119 12824
f 12834 12835 13120
f 12834 13120 12837
f 12865 12866 13121
f 12835 12865 13121
f 12835 13121 13120
f 13120 13121 13122
f 12867 12837 13120
f 12867 13120 13123
f 13123 13120 13122
f 12868 12867 13123
f 13124 12868 13123
f 12869 12868 13124
f 13125 12869 13124
f 12870 12869 13125
f 13126 12870 13125
f 12871 12870 13126
f 13127 12871 13126
f 12871 13127 12873
f 12874 12875 13128
f 12876 12874 13128
f 13129 12876 13128
f 12877 12876 13129
f 13130 12877 13129
f 12878 12877 13130
f 13131 12878 13130
f 12878 13131 12880
f 12883 12884 13132
f 12885 12883 13132
f 13133 12885 13132
f 12886 12885 13133
f 13134 12886 13133
f 12887 12886 13134
f 13135 12887 13134
f 12888 12887 13135
f 13136 12888 13135
f 12888 13136 12890
f 12903 12904 13137
f 12905 12903 13137
f 13138 12905 13137
f 12866 12905 13138
f 12866 13138 13121
f 13121 13138 13139
f 13121 13139 13122
f 13122 13139 13140
f 13122 13140 13123
f 13123 13140 13141
f 13123 13141 13124
f 13124 13141 13142
f 13124 13142 13125
f 13125 13142 13143
f 13125 13143 13126
f 13126 13143 13144
f 13126 13144 13127
f 13127 13144 13145
f 12906 12873 13127
f 12906 13127 13146
f 13146 13127 13145
f 12875 12906 13146
f 12875 13146 13128
f 13128 13146 13147
f 13128 13147 13129
f 13129 13147 13148
f 13129 13148 13130
f 13130 13148 13149
f 13130 13149 13131
f 13131 13149 13150
f 12907 12880 13131
f 12907 13131 13151
f 13151 13131 13150
f 13151 13153 13152
f 13151 13152 12907
f 12907 13152 12908
f 13155 13154 12909
f 13155 12909 13152
f 13152 12909 12908
f 12884 12909 13154
f 12884 13154 13132
f 13132 13154 13156
f 13132 13156 13133
f 13133 13156 13157
f 13133 13157 13134
f 13134 13157 13158
f 13134 13158 13135
f 13135 13158 13159
f 13135 13159 13136
f 13136 13159 13160
f 12910 12890 13136
f 12910 13136 13161
f 13161 13136 13160
f 12911 12910 13161
f 13162 12911 13161
f 12912 12911 13162
f 13163 12912 13162
f 12913 12912 13163
f 13164 12913 13163
f 12914 12913 13164
f 13165 12914 13164
f 12915 12914 13165
f 13166 12915 13165
f 12915 13166 12917
f 13137 12904 12925
f 12925 12926 13167
f 12925 13167 13137
f 13137 13167 13138
f 13138 13167 13139
f 13139 13167 13168
f 13139 13168 13140
f 13140 13168 13169
f 13140 13169 13141
f 13141 13169 13170
f 13141 13170 13142
f 13142 13170 13171
f 13142 13171 13143
f 13143 13171 13172
f 13143 13172 13144
f 13144 13172 13173
f 13144 13173 13145
f 13145 13173 13174
f 13145 13174 13146
f 13146 13174 13175
f 13146 13175 13147
f 13147 13175 13176
f 13147 13176 13148
f 13148 13176 13177
f 13148 13177 13149
f 13149 13177 13178
f 13149 13178 13150
f 13150 13178 13179
f 13150 13179 13151
f 13151 13179 13180
f 13153 13181 13182
f 13153 13151 13181
f 13151 13180 13181
f 13182 13154 13155
f 13182 13181 13154
f 13181 13183 13154
f 13154 13183 13156
f 13156 13183 13184
f 13156 13184 13157
f 13157 13184 13185
f 13157 13185 13158
f 13158 13185 13186
f 13158 13186 13159
f 13159 13186 13187
f 13159 13187 13160
f 13160 13187 13188
f 13160 13188 13161
f 13161 13188 13189
f 13161 13189 13162
f 13162 13189 13190
f 13162 13190 13163
f 13163 13190 13191
f 13163 13191 13164
f 13164 13191 13192
f 13164 13192 13165
f 13165 13192 13193
f 13165 13193 13166
f 13166 13193 13194
f 12927 12917 13166
f 12927 13166 13195
f 13195 13166 13194
f 12928 12927 13195
f 13196 12928 13195
f 12929 12928 13196
f 13197 12929 13196
f 12929 13197 12931
f 13167 12926 12938
f 13168 13167 12938
f 12940 13168 12938
f 13169 13168 12940
f 12942 13169 12940
f 13170 13169 12942
f 12944 13170 12942
f 13171 13170 12944
f 12946 13171 12944
f 12946 12947 13198
f 12946 13198 13171
f 13171 13198 13172
f 13172 13198 13173
f 13173 13198 13199
f 13173 13199 13174
f 13174 13199 13200
f 13174 13200 13175
f 13175 13200 13201
f 13175 13201 13176
f 13176 13201 13202
f 13176 13202 13177
f 13177 13202 13203
f 13177 13203 13178
f 13178 13203 13204
f 13178 13204 13179
f 13179 13204 13205
f 13179 13205 13180
f 13180 13205 13206
f 13180 13206 13181
f 13181 13206 13207
f 13181 13207 13183
f 13183 13207 13208
f 13183 13208 13184
f 13184 13208 13209
f 13184 13209 13185
f 13185 13209 13210
f 13185 13210 13186
f 13186 13210 13211
f 13186 13211 13187
f 13187 13211 13212
f 13187 13212 13188
f 13188 13212 13213
f 13188 13213 13189
f 13189 13213 13214
f 13189 13214 13190
f 13190 13214 13215
f 13190 13215 13191
f 13191 13215 13216
f 13191 13216 13192
f 13192 13216 13217
f 13192 13217 13193
f 13193 13217 13218
f 13193 13218 13194
f 13194 13218 13219
f 13194 13219 13195
f 13195 13219 13220
f 13195 13220 13196
f 13196 13220 13221
f 12950 12949 13197
f 12950 13197 13221
f 13221 13197 13196
f 13197 12949 12931
f 13222 13198 12947
f 12959 13222 12947
f 13198 13222 13199
f 13199 13222 13223
f 13199 13223 13200
f 13200 13223 13224
f 13200 13224 13201
f 13201 13224 13225
f 13201 13225 13202
f 13202 13225 13226
f 13202 13226 13203
f 13203 13226 13227
f 13203 13227 13204
f 13204 13227 13228
f 13204 13228 13205
f 13205 13228 13229
f 13205 13229 13206
f 13206 13229 13230
f 13206 13230 13207
f 13207 13230 13231
f 13207 13231 13208
f 13208 13231 13232
f 13208 13232 13209
f 13209 13232 13233
f 13209 13233 13210
f 13210 13233 13234
f 13210 13234 13211
f 13211 13234 13235
f 13211 13235 13212
f 13212 13235 13236
f 13212 13236 13213
f 13213 13236 13237
f 13213 13237 13214
f 13214 13237 13238
f 13214 13238 13215
f 13215 13238 13239
f 12962 12961 13216
f 12962 13216 13239
f 13239 13216 13215
f 13217 13216 12961
f 12964 13217 12961
f 13218 13217 12964
f 12966 13218 12964
f 13219 13218 12966
f 12968 13219 12966
f 13220 13219 12968
f 12970 13220 12968
f 13221 13220 12970
f 12972 13221 12970
f 13221 12972 12950
f 13222 12959 12979
f 13223 13222 12979
f 12981 13223 12979
f 13224 13223 12981
f 12983 13224 12981
f 13225 13224 12983
f 12985 13225 12983
f 13226 13225 12985
f 12987 13226 12985
f 12987 12988 13240
f 12987 13240 13226
f 13226 13240 13227
f 13227 13240 13228
f 13228 13240 13241
f 13228 13241 13229
f 13229 13241 13242
f 13229 13242 13230
f 13230 13242 13243
f 13230 13243 13231
f 13231 13243 13244
f 13231 13244 13232
f 13232 13244 13245
f 13232 13245 13233
f 13233 13245 13246
f 13233 13246 13234
f 13234 13246 13247
f 13234 13247 13235
f 13235 13247 13248
f 13235 13248 13236
f 13236 13248 13249
f 13236 13249 13237
f 13237 13249 13250
f 13237 13250 13238
f 13238 13250 13251
f 13238 13251 13239
f 13239 13251 13252
f 13239 13252 12990
f 12962 13239 12990
f 13240 12988 13000
f 13241 13240 13000
f 13002 13241 13000
f 13242 13241 13002
f 13004 13242 13002
f 13243 13242 13004
f 13006 13243 13004
f 13244 13243 13006
f 13008 13244 13006
f 13008 13009 13253
f 13008 13253 13244
f 13244 13253 13245
f 13245 13253 13246
f 13246 13253 13254
f 13246 13254 13247
f 13247 13254 13255
f 13012 13011 13248
f 13012 13248 13255
f 13255 13248 13247
f 13249 13248 13011
f 13014 13249 13011
f 13014 13015 13256
f 13014 13256 13249
f 13249 13256 13250
f 13018 13017 13251
f 13018 13251 13256
f 13256 13251 13250
f 13252 13251 13017
f 13020 13252 13017
f 13252 13020 12990
f 13253 13009 13033
f 13254 13253 13033
f 13035 13254 13033
f 13255 13254 13035
f 13037 13255 13035
f 13255 13037 13012
f 13256 13015 13041
f 13256 13041 13018
f 13049 13258 13257
f 13048 13049 13257
f 13257 13259 13048
f 13048 13259 13050
f 13261 13260 13051
f 13261 13051 13259
f 13259 13051 13050
f 13052 13051 13260
f 13262 13052 13260
f 13053 13052 13262
f 13263 13053 13262
f 13053 13263 13055
f 13057 13058 13264
f 13060 13057 13264
f 13265 13060 13264
f 13265 13267 13266
f 13265 13266 13060
f 13060 13266 13061
f 13266 13268 13061
f 13061 13268 13062
f 13268 13269 13062
f 13062 13269 13063
f 13269 13270 13063
f 13063 13270 13064
f 13270 13271 13064
f 13064 13271 13065
f 13271 13272 13065
f 13065 13272 13066
f 13272 13273 13066
f 13066 13273 13067
f 13273 13274 13067
f 13067 13274 13068
f 13274 13275 13068
f 13068 13275 13069
f 13275 13276 13069
f 13069 13276 13070
f 13278 13277 13071
f 13278 13071 13276
f 13276 13071 13070
f 13073 13071 13277
f 13279 13073 13277
f 13073 13279 13074
f 13258 13049 13280
f 13280 13049 13075
f 13261 13281 13260
f 13260 13282 13262
f 13281 13282 13260
f 13284 13262 13282
f 13284 13283 13262
f 13283 13263 13262
f 13076 13055 13263
f 13076 13263 13285
f 13285 13263 13283
f 13076 13285 13077
f 13264 13058 13078
f 13265 13264 13078
f 13079 13265 13078
f 13267 13265 13079
f 13267 13079 13286
f 13286 13079 13080
f 13286 13080 13287
f 13080 13081 13287
f 13287 13081 13288
f 13081 13083 13288
f 13290 13085 13289
f 13290 13288 13085
f 13288 13083 13085
f 13085 13086 13289
f 13278 13291 13277
f 13277 13292 13279
f 13291 13292 13277
f 13279 13087 13074
f 13279 13292 13087
f 13292 13293 13087
f 13293 13294 13087
f 13087 13294 13088
f 13294 13295 13088
f 13088 13295 13089
f 13297 13296 13091
f 13297 13091 13295
f 13295 13091 13089
f 13091 13296 13092
f 13280 13075 13298
f 13298 13075 13093
f 13300 13283 13284
f 13299 13283 13300
f 13095 13094 13285
f 13095 13285 13299
f 13299 13285 13283
f 13285 13094 13077
f 13290 13289 13301
f 13289 13086 13096
f 13289 13096 13301
f 13301 13096 13302
f 13302 13096 13303
f 13096 13097 13303
f 13303 13097 13304
f 13097 13098 13304
f 13304 13098 13305
f 13098 13099 13305
f 13099 13306 13305
f 13101 13306 13099
f 13297 13307 13296
f 13296 13307 13308
f 13296 13308 13092
f 13092 13308 13103
f 13298 13093 13104
f 13309 13298 13104
f 13309 13104 13310
f 13104 13105 13310
f 13310 13105 13311
f 13105 13106 13311
f 13311 13106 13312
f 13106 13107 13312
f 13299 13300 13312
f 13299 13312 13108
f 13108 13312 13107
f 13299 13108 13095
f 13306 13101 13109
f 13313 13306 13109
f 13313 13109 13314
f 13109 13110 13314
f 13314 13110 13315
f 13110 13111 13315
f 13315 13111 13316
f 13111 13112 13316
f 13316 13112 13317
f 13112 13113 13317
f 13318 13113 13115
f 13318 13319 13113
f 13319 13317 13113
f 13319 13320 13321
f 13318 13320 13319
f 13321 13322 13323
f 13320 13322 13321
f 13323 13322 13116
f 13323 13116 13308
f 13308 13116 13103
f 13318 13115 13117
f 13320 13318 13117
f 13118 13320 13117
f 13322 13320 13118
f 13119 13322 13118
f 13322 13119 13116
f 13152 13153 13324
f 13152 13324 13155
f 13324 13153 13182
f 13324 13182 13155
f 13257 13258 13325
f 13259 13257 13325
f 13326 13259 13325
f 13259 13326 13261
f 13267 13328 13327
f 13266 13267 13327
f 13327 13329 13266
f 13266 13329 13268
f 13329 13330 13268
f 13268 13330 13269
f 13330 13331 13269
f 13269 13331 13270
f 13333 13332 13271
f 13333 13271 13331
f 13331 13271 13270
f 13272 13271 13332
f 13334 13272 13332
f 13273 13272 13334
f 13335 13273 13334
f 13274 13273 13335
f 13336 13274 13335
f 13275 13274 13336
f 13337 13275 13336
f 13276 13275 13337
f 13338 13276 13337
f 13276 13338 13278
f 13339 13325 13258
f 13339 13258 13340
f 13340 13258 13280
f 13342 13325 13339
f 13342 13341 13325
f 13341 13326 13325
f 13281 13261 13326
f 13281 13326 13343
f 13343 13326 13341
f 13282 13281 13343
f 13344 13282 13343
f 13282 13344 13284
f 13328 13267 13286
f 13345 13328 13286
f 13345 13286 13346
f 13286 13287 13346
f 13348 13288 13347
f 13348 13346 13288
f 13346 13287 13288
f 13288 13290 13347
f 13333 13349 13332
f 13332 13350 13334
f 13349 13350 13332
f 13334 13351 13335
f 13350 13351 13334
f 13335 13352 13336
f 13351 13352 13335
f 13336 13353 13337
f 13352 13353 13336
f 13337 13354 13338
f 13353 13354 13337
f 13338 13291 13278
f 13338 13354 13291
f 13354 13355 13291
f 13355 13356 13291
f 13291 13356 13292
f 13356 13357 13292
f 13292 13357 13293
f 13359 13358 13294
f 13359 13294 13357
f 13357 13294 13293
f 13295 13294 13358
f 13360 13295 13358
f 13295 13360 13297
f 13340 13280 13361
f 13361 13280 13298
f 13342 13362 13341
f 13341 13363 13343
f 13362 13363 13341
f 13343 13364 13344
f 13363 13364 13343
f 13344 13364 13365
f 13344 13365 13284
f 13284 13365 13300
f 13348 13347 13366
f 13347 13290 13301
f 13347 13301 13366
f 13366 13301 13367
f 13367 13301 13368
f 13301 13302 13368
f 13368 13302 13369
f 13302 13303 13369
f 13369 13303 13370
f 13303 13304 13370
f 13370 13304 13371
f 13304 13305 13371
f 13305 13372 13371
f 13306 13372 13305
f 13359 13373 13358
f 13375 13358 13373
f 13375 13374 13358
f 13374 13360 13358
f 13307 13297 13360
f 13307 13360 13376
f 13376 13360 13374
f 13307 13376 13308
f 13361 13298 13309
f 13377 13361 13309
f 13377 13309 13378
f 13309 13310 13378
f 13378 13310 13379
f 13310 13311 13379
f 13379 13311 13380
f 13311 13312 13380
f 13380 13312 13300
f 13365 13380 13300
f 13372 13306 13313
f 13381 13372 13313
f 13381 13313 13382
f 13313 13314 13382
f 13382 13314 13383
f 13314 13315 13383
f 13383 13315 13384
f 13315 13316 13384
f 13384 13316 13385
f 13316 13317 13385
f 13385 13317 13386
f 13317 13319 13386
f 13374 13375 13386
f 13374 13386 13321
f 13321 13386 13319
f 13376 13374 13321
f 13323 13376 13321
f 13376 13323 13308
f 13327 13328 13387
f 13329 13327 13387
f 13388 13329 13387
f 13330 13329 13388
f 13389 13330 13388
f 13331 13330 13389
f 13390 13331 13389
f 13331 13390 13333
f 13339 13340 13391
f 13339 13391 13342
f 13387 13328 13345
f 13388 13387 13345
f 13346 13388 13345
f 13346 13348 13392
f 13346 13392 13388
f 13388 13392 13389
f 13393 13392 13394
f 13393 13390 13392
f 13390 13389 13392
f 13390 13349 13333
f 13390 13393 13349
f 13393 13395 13349
f 13395 13396 13349
f 13349 13396 13350
f 13396 13397 13350
f 13350 13397 13351
f 13397 13398 13351
f 13351 13398 13352
f 13398 13399 13352
f 13352 13399 13353
f 13399 13400 13353
f 13353 13400 13354
f 13400 13401 13354
f 13354 13401 13355
f 13403 13402 13356
f 13403 13356 13401
f 13401 13356 13355
f 13357 13356 13402
f 13404 13357 13402
f 13357 13404 13359
f 13405 13391 13340
f 13361 13405 13340
f 13342 13391 13405
f 13342 13405 13406
f 13342 13406 13362
f 13407 13406 13405
f 13406 13408 13362
f 13362 13408 13363
f 13410 13409 13364
f 13410 13364 13408
f 13408 13364 13363
f 13364 13409 13365
f 13392 13348 13366
f 13394 13392 13366
f 13394 13366 13411
f 13411 13366 13367
f 13411 13367 13412
f 13367 13368 13412
f 13412 13368 13413
f 13368 13369 13413
f 13413 13369 13414
f 13369 13370 13414
f 13414 13370 13415
f 13370 13371 13415
f 13371 13416 13415
f 13372 13416 13371
f 13403 13417 13402
f 13419 13402 13417
f 13419 13418 13402
f 13418 13404 13402
f 13373 13359 13404
f 13373 13404 13420
f 13420 13404 13418
f 13373 13420 13375
f 13405 13361 13377
f 13407 13405 13377
f 13407 13377 13421
f 13421 13377 13378
f 13421 13378 13422
f 13378 13379 13422
f 13409 13410 13422
f 13409 13422 13380
f 13380 13422 13379
f 13409 13380 13365
f 13416 13372 13381
f 13423 13416 13381
f 13423 13381 13424
f 13381 13382 13424
f 13424 13382 13425
f 13382 13383 13425
f 13425 13383 13426
f 13383 13384 13426
f 13418 13419 13426
f 13418 13426 13385
f 13385 13426 13384
f 13420 13418 13385
f 13386 13420 13385
f 13420 13386 13375
f 13393 13394 13427
f 13395 13393 13427
f 13428 13395 13427
f 13396 13395 13428
f 13429 13396 13428
f 13397 13396 13429
f 13430 13397 13429
f 13398 13397 13430
f 13431 13398 13430
f 13399 13398 13431
f 13432 13399 13431
f 13400 13399 13432
f 13433 13400 13432
f 13401 13400 13433
f 13434 13401 13433
f 13401 13434 13403
f 13406 13407 13435
f 13408 13406 13435
f 13436 13408 13435
f 13408 13436 13410
f 13427 13394 13411
f 13428 13427 13411
f 13412 13428 13411
f 13429 13428 13412
f 13413 13429 13412
f 13430 13429 13413
f 13414 13430 13413
f 13431 13430 13414
f 13415 13431 13414
f 13415 13416 13437
f 13415 13437 13431
f 13431 13437 13432
f 13432 13437 13433
f 13433 13437 13438
f 13433 13438 13434
f 13434 13438 13439
f 13417 13403 13434
f 13417 13434 13440
f 13440 13434 13439
f 13417 13440 13419
f 13435 13407 13421
f 13436 13435 13421
f 13422 13436 13421
f 13436 13422 13410
f 13437 13416 13423
f 13438 13437 13423
f 13424 13438 13423
f 13439 13438 13424
f 13425 13439 13424
f 13440 13439 13425
f 13426 13440 13425
f 13440 13426 13419
