v 0.38843 -0.13314 0.12353
v 0.38980 -0.13451 0.12353
v 0.38980 -0.13314 0.12284
v 0.38980 -0.13314 0.12422
v 0.38843 -0.13039 0.12078
v 0.38980 -0.13176 0.12078
v 0.38980 -0.13039 0.12010
v 0.38843 -0.13039 0.12216
v 0.38980 -0.13176 0.12216
v 0.38980 -0.13176 0.12353
v 0.38980 -0.13039 0.12284
v 0.38980 -0.12902 0.12078
v 0.38980 -0.12902 0.12216
v 0.39118 -0.14137 0.11529
v 0.39255 -0.14275 0.11529
v 0.39255 -0.14137 0.11461
v 0.39118 -0.14137 0.11667
v 0.39255 -0.14275 0.11667
v 0.39255 -0.14137 0.11735
v 0.39255 -0.14000 0.11529
v 0.39118 -0.13863 0.11667
v 0.39255 -0.13863 0.11598
v 0.39118 -0.13863 0.11804
v 0.39255 -0.14000 0.11804
v 0.39118 -0.13863 0.11941
v 0.39255 -0.14000 0.11941
v 0.39255 -0.13863 0.12010
v 0.39118 -0.13588 0.11667
v 0.39255 -0.13588 0.11598
v 0.39118 -0.13588 0.11804
v 0.39118 -0.13588 0.11941
v 0.39118 -0.13588 0.12078
v 0.39255 -0.13725 0.12078
v 0.39255 -0.13588 0.12147
v 0.39118 -0.13314 0.11529
v 0.39255 -0.13451 0.11529
v 0.39255 -0.13314 0.11461
v 0.39118 -0.13314 0.11667
v 0.39118 -0.13314 0.11804
v 0.39118 -0.13314 0.11941
v 0.39118 -0.13314 0.12078
v 0.39118 -0.13314 0.12216
v 0.39255 -0.13451 0.12216
v 0.39255 -0.13451 0.12353
v 0.39255 -0.13314 0.12422
v 0.39255 -0.13176 0.11529
v 0.39118 -0.13039 0.11667
v 0.39255 -0.13039 0.11598
v 0.39118 -0.13039 0.11804
v 0.39118 -0.13039 0.11941
v 0.39118 -0.13039 0.12353
v 0.39118 -0.13039 0.12490
v 0.39255 -0.13176 0.12490
v 0.39255 -0.13039 0.12559
v 0.39255 -0.12902 0.11667
v 0.39255 -0.12902 0.11804
v 0.39255 -0.12902 0.11941
v 0.39255 -0.12902 0.12078
v 0.39255 -0.12902 0.12216
v 0.39255 -0.12902 0.12353
v 0.39255 -0.12902 0.12490
v 0.39529 -0.14275 0.11529
v 0.39529 -0.14137 0.11461
v 0.39529 -0.14275 0.11667
v 0.39392 -0.14137 0.11804
v 0.39529 -0.14275 0.11804
v 0.39529 -0.14137 0.11873
v 0.39529 -0.14000 0.11529
v 0.39529 -0.13863 0.11598
v 0.39529 -0.14000 0.11941
v 0.39529 -0.13863 0.12010
v 0.39392 -0.13588 0.11529
v 0.39529 -0.13725 0.11529
v 0.39529 -0.13588 0.11461
v 0.39529 -0.13725 0.12078
v 0.39529 -0.13588 0.12147
v 0.39529 -0.13314 0.11461
v 0.39529 -0.13451 0.12216
v 0.39529 -0.13451 0.12353
v 0.39529 -0.13314 0.12422
v 0.39392 -0.13039 0.11529
v 0.39529 -0.13039 0.11461
v 0.39529 -0.13176 0.12490
v 0.39529 -0.13039 0.12559
v 0.39392 -0.12765 0.11529
v 0.39529 -0.12765 0.11461
v 0.39392 -0.12765 0.11667
v 0.39529 -0.12902 0.11804
v 0.39529 -0.12765 0.11735
v 0.39392 -0.12765 0.11941
v 0.39529 -0.12765 0.11873
v 0.39529 -0.12902 0.12078
v 0.39529 -0.12765 0.12010
v 0.39529 -0.12902 0.12216
v 0.39529 -0.12902 0.12353
v 0.39529 -0.12902 0.12490
v 0.39529 -0.12627 0.11529
v 0.39529 -0.12627 0.11667
v 0.39529 -0.12627 0.11941
v 0.39667 -0.14412 0.11529
v 0.39804 -0.14549 0.11529
v 0.39804 -0.14412 0.11461
v 0.39804 -0.14412 0.11598
v 0.39804 -0.14137 0.11461
v 0.39804 -0.14275 0.11667
v 0.39804 -0.14275 0.11804
v 0.39804 -0.14137 0.11873
v 0.39667 -0.13863 0.11529
v 0.39804 -0.13863 0.11461
v 0.39804 -0.14000 0.11941
v 0.39804 -0.13863 0.12010
v 0.39804 -0.13588 0.11461
v 0.39804 -0.13725 0.12078
v 0.39667 -0.13588 0.12216
v 0.39804 -0.13725 0.12216
v 0.39804 -0.13588 0.12284
v 0.39804 -0.13314 0.11461
v 0.39804 -0.13451 0.12353
v 0.39804 -0.13314 0.12422
v 0.39804 -0.13039 0.11461
v 0.39804 -0.13176 0.12490
v 0.39804 -0.13039 0.12559
v 0.39804 -0.12765 0.11461
v 0.39667 -0.12765 0.11804
v 0.39804 -0.12902 0.12078
v 0.39804 -0.12765 0.12010
v 0.39804 -0.12902 0.12216
v 0.39804 -0.12902 0.12353
v 0.39804 -0.12902 0.12490
v 0.39804 -0.12627 0.11529
v 0.39804 -0.12627 0.11667
v 0.39804 -0.12627 0.11804
v 0.39804 -0.12627 0.11941
v 0.39941 -0.14686 0.13039
v 0.40078 -0.14824 0.13039
v 0.40078 -0.14686 0.12971
v 0.39941 -0.14686 0.13176
v 0.40078 -0.14824 0.13176
v 0.40078 -0.14686 0.13245
v 0.40078 -0.14549 0.11529
v 0.40078 -0.14412 0.11461
v 0.40078 -0.14412 0.11598
v 0.39941 -0.14412 0.12490
v 0.40078 -0.14549 0.12490
v 0.40078 -0.14412 0.12422
v 0.39941 -0.14412 0.12627
v 0.40078 -0.14549 0.12627
v 0.39941 -0.14412 0.12765
v 0.40078 -0.14549 0.12765
v 0.39941 -0.14412 0.12902
v 0.40078 -0.14549 0.12902
v 0.39941 -0.14412 0.13039
v 0.39941 -0.14412 0.13176
v 0.39941 -0.14412 0.13314
v 0.40078 -0.14549 0.13314
v 0.39941 -0.14412 0.13451
v 0.40078 -0.14549 0.13451
v 0.39941 -0.14412 0.13588
v 0.40078 -0.14549 0.13588
v 0.39941 -0.14412 0.13725
v 0.40078 -0.14549 0.13725
v 0.40078 -0.14412 0.13794
v 0.39941 -0.14137 0.11255
v 0.40078 -0.14275 0.11255
v 0.40078 -0.14137 0.11186
v 0.39941 -0.14137 0.11392
v 0.40078 -0.14275 0.11392
v 0.40078 -0.14275 0.11667
v 0.40078 -0.14275 0.11804
v 0.39941 -0.14137 0.11941
v 0.40078 -0.14275 0.11941
v 0.39941 -0.14137 0.12078
v 0.40078 -0.14275 0.12078
v 0.39941 -0.14137 0.12216
v 0.40078 -0.14275 0.12216
v 0.39941 -0.14137 0.12353
v 0.40078 -0.14275 0.12353
v 0.39941 -0.14137 0.12490
v 0.39941 -0.14137 0.12627
v 0.39941 -0.14137 0.12765
v 0.39941 -0.14137 0.12902
v 0.39941 -0.14137 0.13039
v 0.39941 -0.14137 0.13176
v 0.39941 -0.14137 0.13314
v 0.39941 -0.14137 0.13451
v 0.39941 -0.14137 0.13588
v 0.39941 -0.14137 0.13725
v 0.39941 -0.14137 0.13863
v 0.40078 -0.14275 0.13863
v 0.40078 -0.14137 0.13931
v 0.40078 -0.14000 0.11255
v 0.39941 -0.13863 0.11392
v 0.40078 -0.13863 0.11324
v 0.39941 -0.13863 0.12078
v 0.39941 -0.13863 0.12216
v 0.39941 -0.13863 0.12353
v 0.39941 -0.13863 0.12490
v 0.39941 -0.13863 0.12627
v 0.39941 -0.13863 0.12765
v 0.39941 -0.13863 0.12902
v 0.39941 -0.13863 0.13039
v 0.39941 -0.13863 0.13176
v 0.39941 -0.13863 0.13314
v 0.39941 -0.13863 0.13451
v 0.40078 -0.14000 0.13588
v 0.40078 -0.13863 0.13520
v 0.40078 -0.14000 0.13725
v 0.40078 -0.14000 0.13863
v 0.40078 -0.13725 0.11392
v 0.40078 -0.13588 0.11461
v 0.39941 -0.13588 0.12353
v 0.39941 -0.13588 0.12490
v 0.39941 -0.13588 0.12627
v 0.39941 -0.13588 0.12765
v 0.39941 -0.13588 0.12902
v 0.39941 -0.13588 0.13039
v 0.39941 -0.13588 0.13176
v 0.40078 -0.13725 0.13314
v 0.40078 -0.13588 0.13245
v 0.40078 -0.13725 0.13451
v 0.40078 -0.13314 0.11461
v 0.39941 -0.13314 0.12490
v 0.39941 -0.13314 0.12627
v 0.39941 -0.13314 0.12765
v 0.40078 -0.13451 0.12902
v 0.40078 -0.13314 0.12833
v 0.40078 -0.13451 0.13039
v 0.40078 -0.13451 0.13176
v 0.39941 -0.13039 0.11392
v 0.40078 -0.13176 0.11392
v 0.40078 -0.13039 0.11324
v 0.39941 -0.13039 0.12627
v 0.40078 -0.13176 0.12765
v 0.40078 -0.13039 0.12696
v 0.40078 -0.12902 0.11392
v 0.40078 -0.12765 0.11461
v 0.40078 -0.12902 0.12078
v 0.40078 -0.12765 0.12010
v 0.40078 -0.12902 0.12216
v 0.40078 -0.12902 0.12353
v 0.40078 -0.12902 0.12490
v 0.39941 -0.12765 0.12627
v 0.40078 -0.12765 0.12559
v 0.39941 -0.12765 0.12765
v 0.40078 -0.12902 0.12765
v 0.40078 -0.12765 0.12833
v 0.40078 -0.12627 0.11529
v 0.40078 -0.12627 0.11667
v 0.40078 -0.12627 0.11804
v 0.40078 -0.12627 0.11941
v 0.40078 -0.12627 0.12627
v 0.40078 -0.12627 0.12765
v 0.40216 -0.15510 0.11529
v 0.40353 -0.15647 0.11529
v 0.40353 -0.15510 0.11461
v 0.40216 -0.15510 0.11667
v 0.40353 -0.15647 0.11667
v 0.40353 -0.15510 0.11735
v 0.40216 -0.15510 0.12216
v 0.40353 -0.15647 0.12216
v 0.40353 -0.15510 0.12147
v 0.40216 -0.15510 0.12353
v 0.40353 -0.15647 0.12353
v 0.40353 -0.15510 0.12422
v 0.40216 -0.15235 0.11392
v 0.40353 -0.15373 0.11392
v 0.40353 -0.15235 0.11324
v 0.40216 -0.15235 0.11529
v 0.40216 -0.15235 0.11667
v 0.40216 -0.15235 0.11804
v 0.40353 -0.15373 0.11804
v 0.40216 -0.15235 0.11941
v 0.40353 -0.15373 0.11941
v 0.40216 -0.15235 0.12078
v 0.40353 -0.15373 0.12078
v 0.40216 -0.15235 0.12216
v 0.40216 -0.15235 0.12353
v 0.40216 -0.15235 0.12490
v 0.40353 -0.15373 0.12490
v 0.40216 -0.15235 0.12627
v 0.40353 -0.15373 0.12627
v 0.40353 -0.15235 0.12696
v 0.40216 -0.14961 0.10843
v 0.40353 -0.15098 0.10843
v 0.40353 -0.14961 0.10775
v 0.40216 -0.14961 0.10980
v 0.40353 -0.15098 0.10980
v 0.40216 -0.14961 0.11118
v 0.40353 -0.15098 0.11118
v 0.40353 -0.14961 0.11186
v 0.40216 -0.14961 0.11392
v 0.40353 -0.14961 0.11324
v 0.40216 -0.14961 0.11529
v 0.40216 -0.14961 0.11667
v 0.40216 -0.14961 0.11804
v 0.40216 -0.14961 0.11941
v 0.40216 -0.14961 0.12078
v 0.40216 -0.14961 0.12216
v 0.40216 -0.14961 0.12353
v 0.40216 -0.14961 0.12490
v 0.40216 -0.14961 0.12627
v 0.40216 -0.14961 0.12765
v 0.40353 -0.15098 0.12765
v 0.40216 -0.14961 0.12902
v 0.40353 -0.15098 0.12902
v 0.40216 -0.14961 0.13039
v 0.40353 -0.15098 0.13039
v 0.40353 -0.14961 0.13108
v 0.40216 -0.14686 0.10843
v 0.40353 -0.14686 0.10775
v 0.40216 -0.14686 0.10980
v 0.40216 -0.14686 0.11118
v 0.40216 -0.14686 0.11255
v 0.40353 -0.14824 0.11255
v 0.40216 -0.14686 0.11392
v 0.40216 -0.14686 0.11529
v 0.40216 -0.14686 0.11667
v 0.40216 -0.14686 0.11804
v 0.40216 -0.14686 0.11941
v 0.40216 -0.14686 0.12078
v 0.40216 -0.14686 0.12216
v 0.40216 -0.14686 0.12353
v 0.40216 -0.14686 0.12490
v 0.40216 -0.14686 0.12627
v 0.40216 -0.14686 0.12765
v 0.40216 -0.14686 0.12902
v 0.40353 -0.14824 0.13176
v 0.40216 -0.14686 0.13314
v 0.40353 -0.14824 0.13314
v 0.40216 -0.14686 0.13451
v 0.40353 -0.14824 0.13451
v 0.40216 -0.14686 0.13588
v 0.40353 -0.14824 0.13588
v 0.40353 -0.14686 0.13657
v 0.40216 -0.14412 0.10843
v 0.40353 -0.14412 0.10775
v 0.40216 -0.14412 0.10980
v 0.40216 -0.14412 0.11118
v 0.40216 -0.14412 0.11255
v 0.40216 -0.14412 0.11392
v 0.40216 -0.14412 0.11667
v 0.40216 -0.14412 0.11804
v 0.40216 -0.14412 0.11941
v 0.40216 -0.14412 0.12078
v 0.40216 -0.14412 0.12216
v 0.40216 -0.14412 0.12353
v 0.40353 -0.14549 0.13725
v 0.40216 -0.14412 0.13863
v 0.40353 -0.14549 0.13863
v 0.40353 -0.14412 0.13931
v 0.40353 -0.14275 0.10843
v 0.40216 -0.14137 0.10980
v 0.40353 -0.14137 0.10912
v 0.40216 -0.14137 0.11118
v 0.40216 -0.14137 0.13863
v 0.40353 -0.14275 0.13863
v 0.40353 -0.14137 0.13794
v 0.40216 -0.13863 0.10980
v 0.40353 -0.13863 0.10912
v 0.40216 -0.13863 0.11118
v 0.40216 -0.13863 0.11255
v 0.40353 -0.14000 0.13588
v 0.40353 -0.13863 0.13520
v 0.40353 -0.14000 0.13725
v 0.40216 -0.13588 0.10980
v 0.40353 -0.13588 0.10912
v 0.40216 -0.13588 0.11118
v 0.40216 -0.13588 0.11255
v 0.40216 -0.13588 0.11392
v 0.40216 -0.13588 0.13176
v 0.40353 -0.13725 0.13176
v 0.40353 -0.13588 0.13108
v 0.40353 -0.13725 0.13314
v 0.40353 -0.13725 0.13451
v 0.40216 -0.13314 0.10843
v 0.40353 -0.13451 0.10843
v 0.40353 -0.13314 0.10775
v 0.40216 -0.13314 0.10980
v 0.40216 -0.13314 0.11118
v 0.40216 -0.13314 0.11255
v 0.40216 -0.13314 0.11392
v 0.40353 -0.13451 0.12902
v 0.40353 -0.13314 0.12833
v 0.40353 -0.13451 0.13039
v 0.40216 -0.13039 0.10843
v 0.40353 -0.13039 0.10775
v 0.40216 -0.13039 0.10980
v 0.40216 -0.13039 0.11118
v 0.40216 -0.13039 0.11255
v 0.40353 -0.13176 0.12765
v 0.40353 -0.13039 0.12696
v 0.40353 -0.12902 0.10843
v 0.40216 -0.12765 0.10980
v 0.40353 -0.12765 0.10912
v 0.40216 -0.12765 0.11118
v 0.40216 -0.12765 0.11255
v 0.40216 -0.12765 0.11392
v 0.40216 -0.12765 0.12078
v 0.40216 -0.12765 0.12216
v 0.40216 -0.12765 0.12353
v 0.40216 -0.12765 0.12490
v 0.40353 -0.12902 0.12765
v 0.40353 -0.12765 0.12833
v 0.40216 -0.12490 0.10980
v 0.40353 -0.12490 0.10912
v 0.40216 -0.12490 0.11118
v 0.40216 -0.12490 0.11255
v 0.40216 -0.12490 0.11392
v 0.40216 -0.12490 0.11529
v 0.40216 -0.12490 0.11667
v 0.40216 -0.12490 0.11804
v 0.40216 -0.12490 0.11941
v 0.40216 -0.12490 0.12078
v 0.40216 -0.12490 0.12216
v 0.40216 -0.12490 0.12353
v 0.40216 -0.12490 0.12490
v 0.40216 -0.12490 0.12627
v 0.40216 -0.12490 0.12765
v 0.40216 -0.12490 0.12902
v 0.40353 -0.12627 0.12902
v 0.40216 -0.12490 0.13039
v 0.40353 -0.12627 0.13039
v 0.40353 -0.12490 0.13108
v 0.40353 -0.12353 0.10980
v 0.40353 -0.12353 0.11118
v 0.40353 -0.12353 0.11255
v 0.40216 -0.12216 0.11392
v 0.40353 -0.12216 0.11324
v 0.40216 -0.12216 0.11529
v 0.40216 -0.12216 0.11667
v 0.40216 -0.12216 0.11804
v 0.40216 -0.12216 0.11941
v 0.40216 -0.12216 0.12078
v 0.40216 -0.12216 0.12216
v 0.40216 -0.12216 0.12353
v 0.40216 -0.12216 0.12490
v 0.40216 -0.12216 0.12627
v 0.40216 -0.12216 0.12765
v 0.40216 -0.12216 0.12902
v 0.40216 -0.12216 0.13039
v 0.40216 -0.12216 0.13176
v 0.40353 -0.12353 0.13176
v 0.40353 -0.12216 0.13245
v 0.40353 -0.12078 0.11392
v 0.40353 -0.12078 0.11529
v 0.40353 -0.12078 0.11667
v 0.40216 -0.11941 0.11804
v 0.40353 -0.11941 0.11735
v 0.40216 -0.11941 0.11941
v 0.40216 -0.11941 0.12078
v 0.40216 -0.11941 0.12216
v 0.40216 -0.11941 0.12353
v 0.40216 -0.11941 0.12490
v 0.40216 -0.11941 0.12627
v 0.40216 -0.11941 0.12765
v 0.40216 -0.11941 0.12902
v 0.40216 -0.11941 0.13039
v 0.40216 -0.11941 0.13176
v 0.40353 -0.11941 0.13245
v 0.40353 -0.11804 0.11804
v 0.40216 -0.11667 0.11941
v 0.40353 -0.11667 0.11873
v 0.40353 -0.11804 0.12078
v 0.40353 -0.11667 0.12010
v 0.40353 -0.11804 0.12216
v 0.40353 -0.11804 0.12353
v 0.40353 -0.11804 0.12490
v 0.40353 -0.11804 0.12627
v 0.40353 -0.11804 0.12765
v 0.40353 -0.11804 0.12902
v 0.40353 -0.11804 0.13039
v 0.40353 -0.11804 0.13176
v 0.40353 -0.11529 0.11941
v 0.40490 -0.16059 0.11392
v 0.40627 -0.16196 0.11392
v 0.40627 -0.16059 0.11324
v 0.40627 -0.16059 0.11461
v 0.40490 -0.15784 0.11392
v 0.40627 -0.15784 0.11324
v 0.40490 -0.15784 0.11529
v 0.40627 -0.15922 0.11529
v 0.40490 -0.15784 0.11667
v 0.40627 -0.15922 0.11667
v 0.40490 -0.15784 0.11804
v 0.40627 -0.15922 0.11804
v 0.40490 -0.15784 0.11941
v 0.40627 -0.15922 0.11941
v 0.40627 -0.15784 0.12010
v 0.40490 -0.15510 0.11392
v 0.40627 -0.15510 0.11324
v 0.40490 -0.15510 0.11804
v 0.40490 -0.15510 0.11941
v 0.40490 -0.15510 0.12078
v 0.40627 -0.15647 0.12078
v 0.40627 -0.15647 0.12216
v 0.40627 -0.15647 0.12353
v 0.40627 -0.15510 0.12422
v 0.40490 -0.15235 0.10843
v 0.40627 -0.15373 0.10843
v 0.40627 -0.15235 0.10775
v 0.40490 -0.15235 0.10980
v 0.40627 -0.15373 0.10980
v 0.40627 -0.15235 0.11049
v 0.40627 -0.15235 0.11324
v 0.40627 -0.15373 0.12490
v 0.40627 -0.15373 0.12627
v 0.40490 -0.15235 0.12765
v 0.40627 -0.15373 0.12765
v 0.40627 -0.15235 0.12833
v 0.40627 -0.14961 0.10775
v 0.40627 -0.15098 0.11118
v 0.40627 -0.14961 0.11186
v 0.40627 -0.14961 0.11324
v 0.40627 -0.15098 0.12902
v 0.40627 -0.15098 0.13039
v 0.40490 -0.14961 0.13176
v 0.40627 -0.15098 0.13176
v 0.40627 -0.14961 0.13245
v 0.40627 -0.14686 0.10775
v 0.40627 -0.14824 0.11255
v 0.40627 -0.14824 0.13314
v 0.40627 -0.14824 0.13451
v 0.40627 -0.14824 0.13588
v 0.40627 -0.14686 0.13657
v 0.40627 -0.14412 0.10775
v 0.40627 -0.14549 0.13725
v 0.40490 -0.14412 0.13863
v 0.40627 -0.14412 0.13794
v 0.40490 -0.14137 0.10843
v 0.40627 -0.14137 0.10775
v 0.40490 -0.14137 0.13588
v 0.40627 -0.14275 0.13588
v 0.40627 -0.14137 0.13520
v 0.40490 -0.14137 0.13725
v 0.40627 -0.14275 0.13725
v 0.40490 -0.13863 0.10843
v 0.40627 -0.13863 0.10775
v 0.40490 -0.13863 0.13451
v 0.40627 -0.14000 0.13451
v 0.40627 -0.13863 0.13382
v 0.40490 -0.13588 0.10843
v 0.40627 -0.13588 0.10775
v 0.40627 -0.13725 0.13176
v 0.40627 -0.13588 0.13108
v 0.40627 -0.13725 0.13314
v 0.40627 -0.13314 0.10775
v 0.40490 -0.13314 0.12765
v 0.40627 -0.13451 0.12765
v 0.40627 -0.13314 0.12696
v 0.40627 -0.13451 0.12902
v 0.40627 -0.13451 0.13039
v 0.40627 -0.13039 0.10775
v 0.40627 -0.13039 0.12696
v 0.40490 -0.12765 0.10843
v 0.40627 -0.12765 0.10775
v 0.40627 -0.12902 0.12765
v 0.40627 -0.12765 0.12833
v 0.40490 -0.12490 0.10843
v 0.40627 -0.12490 0.10775
v 0.40627 -0.12627 0.12902
v 0.40490 -0.12490 0.13039
v 0.40627 -0.12490 0.12971
v 0.40490 -0.12216 0.10843
v 0.40627 -0.12216 0.10775
v 0.40490 -0.12216 0.10980
v 0.40627 -0.12353 0.11118
v 0.40627 -0.12216 0.11049
v 0.40627 -0.12353 0.11255
v 0.40627 -0.12216 0.11324
v 0.40627 -0.12353 0.13039
v 0.40627 -0.12353 0.13176
v 0.40627 -0.12216 0.13245
v 0.40627 -0.12078 0.10843
v 0.40627 -0.12078 0.10980
v 0.40490 -0.11941 0.11392
v 0.40627 -0.11941 0.11324
v 0.40490 -0.11941 0.11529
v 0.40490 -0.11941 0.11667
v 0.40627 -0.11941 0.13245
v 0.40490 -0.11667 0.11392
v 0.40627 -0.11667 0.11324
v 0.40490 -0.11667 0.11529
v 0.40490 -0.11667 0.11667
v 0.40490 -0.11667 0.11804
v 0.40490 -0.11667 0.12078
v 0.40490 -0.11667 0.12216
v 0.40490 -0.11667 0.12353
v 0.40490 -0.11667 0.12490
v 0.40490 -0.11667 0.12627
v 0.40490 -0.11667 0.12765
v 0.40490 -0.11667 0.12902
v 0.40490 -0.11667 0.13039
v 0.40490 -0.11667 0.13176
v 0.40627 -0.11667 0.13245
v 0.40627 -0.11529 0.11392
v 0.40627 -0.11529 0.11529
v 0.40627 -0.11529 0.11667
v 0.40627 -0.11529 0.11804
v 0.40627 -0.11529 0.11941
v 0.40627 -0.11529 0.12078
v 0.40627 -0.11529 0.12216
v 0.40627 -0.11529 0.12353
v 0.40627 -0.11529 0.12490
v 0.40627 -0.11529 0.12627
v 0.40627 -0.11529 0.12765
v 0.40627 -0.11529 0.12902
v 0.40627 -0.11529 0.13039
v 0.40627 -0.11529 0.13176
v 0.40902 -0.16196 0.11392
v 0.40902 -0.16059 0.11324
v 0.40765 -0.16059 0.11529
v 0.40902 -0.16196 0.11529
v 0.40765 -0.16059 0.11667
v 0.40902 -0.16196 0.11667
v 0.40902 -0.16059 0.11735
v 0.40765 -0.15784 0.11255
v 0.40902 -0.15922 0.11255
v 0.40902 -0.15784 0.11186
v 0.40902 -0.15922 0.11804
v 0.40902 -0.15922 0.11941
v 0.40765 -0.15784 0.12078
v 0.40902 -0.15922 0.12078
v 0.40902 -0.15784 0.12147
v 0.40765 -0.15510 0.11255
v 0.40902 -0.15510 0.11186
v 0.40902 -0.15647 0.12216
v 0.40902 -0.15647 0.12353
v 0.40765 -0.15510 0.12490
v 0.40902 -0.15647 0.12490
v 0.40902 -0.15510 0.12559
v 0.40902 -0.15373 0.10843
v 0.40902 -0.15235 0.10775
v 0.40902 -0.15373 0.10980
v 0.40902 -0.15235 0.11049
v 0.40902 -0.15373 0.11255
v 0.40902 -0.15235 0.11324
v 0.40902 -0.15373 0.12627
v 0.40902 -0.15373 0.12765
v 0.40765 -0.15235 0.12902
v 0.40902 -0.15373 0.12902
v 0.40765 -0.15235 0.13039
v 0.40902 -0.15373 0.13039
v 0.40902 -0.15235 0.13108
v 0.40902 -0.14961 0.10775
v 0.40902 -0.15098 0.11118
v 0.40765 -0.14961 0.11255
v 0.40902 -0.15098 0.11255
v 0.40902 -0.15098 0.13176
v 0.40902 -0.14961 0.13245
v 0.40902 -0.14686 0.10775
v 0.40902 -0.14824 0.13314
v 0.40902 -0.14824 0.13451
v 0.40902 -0.14824 0.13588
v 0.40902 -0.14686 0.13657
v 0.40765 -0.14412 0.10706
v 0.40902 -0.14549 0.10706
v 0.40902 -0.14412 0.10637
v 0.40765 -0.14412 0.13725
v 0.40902 -0.14412 0.13657
v 0.40902 -0.14275 0.10706
v 0.40902 -0.14137 0.10775
v 0.40765 -0.14137 0.13451
v 0.40902 -0.14275 0.13451
v 0.40902 -0.14137 0.13382
v 0.40902 -0.14275 0.13588
v 0.40902 -0.13863 0.10775
v 0.40765 -0.13863 0.13314
v 0.40902 -0.14000 0.13314
v 0.40902 -0.13863 0.13245
v 0.40902 -0.13588 0.10775
v 0.40765 -0.13588 0.13039
v 0.40902 -0.13725 0.13039
v 0.40902 -0.13588 0.12971
v 0.40902 -0.13725 0.13176
v 0.40902 -0.13314 0.10775
v 0.40902 -0.13451 0.12765
v 0.40902 -0.13314 0.12696
v 0.40902 -0.13451 0.12902
v 0.40902 -0.13039 0.10775
v 0.40902 -0.13039 0.12696
v 0.40902 -0.12765 0.10775
v 0.40765 -0.12765 0.12765
v 0.40902 -0.12765 0.12696
v 0.40902 -0.12490 0.10775
v 0.40902 -0.12627 0.12765
v 0.40902 -0.12627 0.12902
v 0.40902 -0.12490 0.12971
v 0.40902 -0.12216 0.10775
v 0.40902 -0.12353 0.11118
v 0.40902 -0.12216 0.11049
v 0.40765 -0.12216 0.11255
v 0.40902 -0.12216 0.11186
v 0.40902 -0.12353 0.13039
v 0.40765 -0.12216 0.13176
v 0.40902 -0.12216 0.13108
v 0.40902 -0.12078 0.10843
v 0.40902 -0.12078 0.10980
v 0.40765 -0.11941 0.11255
v 0.40902 -0.11941 0.11186
v 0.40902 -0.12078 0.13176
v 0.40902 -0.11941 0.13245
v 0.40902 -0.11804 0.11255
v 0.40902 -0.11667 0.11324
v 0.40765 -0.11667 0.13314
v 0.40902 -0.11804 0.13314
v 0.40902 -0.11667 0.13382
v 0.40902 -0.11529 0.11392
v 0.40902 -0.11529 0.11529
v 0.40902 -0.11529 0.11667
v 0.40902 -0.11529 0.11804
v 0.40902 -0.11529 0.11941
v 0.40902 -0.11529 0.12078
v 0.40902 -0.11529 0.12216
v 0.40902 -0.11529 0.12353
v 0.40902 -0.11529 0.12490
v 0.40902 -0.11529 0.12627
v 0.40902 -0.11529 0.12765
v 0.40902 -0.11529 0.12902
v 0.40902 -0.11529 0.13039
v 0.40902 -0.11529 0.13176
v 0.40902 -0.11529 0.13314
v 0.41039 -0.16333 0.11255
v 0.41176 -0.16471 0.11255
v 0.41176 -0.16333 0.11186
v 0.41039 -0.16333 0.11392
v 0.41176 -0.16471 0.11392
v 0.41176 -0.16333 0.11461
v 0.41039 -0.16059 0.11255
v 0.41176 -0.16059 0.11186
v 0.41176 -0.16196 0.11529
v 0.41176 -0.16196 0.11667
v 0.41039 -0.16059 0.11804
v 0.41176 -0.16196 0.11804
v 0.41176 -0.16059 0.11873
v 0.41176 -0.15784 0.11186
v 0.41176 -0.15922 0.11941
v 0.41176 -0.15922 0.12078
v 0.41039 -0.15784 0.12216
v 0.41176 -0.15922 0.12216
v 0.41039 -0.15784 0.12353
v 0.41176 -0.15922 0.12353
v 0.41176 -0.15784 0.12422
v 0.41176 -0.15510 0.11186
v 0.41176 -0.15647 0.12490
v 0.41039 -0.15510 0.12627
v 0.41176 -0.15647 0.12627
v 0.41176 -0.15510 0.12696
v 0.41176 -0.15373 0.10843
v 0.41176 -0.15235 0.10775
v 0.41176 -0.15373 0.10980
v 0.41176 -0.15235 0.11049
v 0.41039 -0.15235 0.11255
v 0.41176 -0.15235 0.11186
v 0.41176 -0.15373 0.12765
v 0.41176 -0.15373 0.12902
v 0.41176 -0.15373 0.13039
v 0.41176 -0.15235 0.13108
v 0.41039 -0.14961 0.10706
v 0.41176 -0.15098 0.10706
v 0.41176 -0.14961 0.10637
v 0.41176 -0.15098 0.11118
v 0.41176 -0.15098 0.13176
v 0.41039 -0.14961 0.13314
v 0.41176 -0.15098 0.13314
v 0.41176 -0.14961 0.13382
v 0.41039 -0.14686 0.10706
v 0.41176 -0.14686 0.10637
v 0.41176 -0.14824 0.13451
v 0.41176 -0.14824 0.13588
v 0.41176 -0.14686 0.13657
v 0.41176 -0.14412 0.10637
v 0.41039 -0.14412 0.13588
v 0.41176 -0.14549 0.13588
v 0.41176 -0.14412 0.13520
v 0.41039 -0.14137 0.10706
v 0.41176 -0.14137 0.10637
v 0.41176 -0.14275 0.13451
v 0.41176 -0.14137 0.13382
v 0.41176 -0.14000 0.10706
v 0.41176 -0.13863 0.10775
v 0.41039 -0.13863 0.13176
v 0.41176 -0.14000 0.13176
v 0.41176 -0.13863 0.13108
v 0.41176 -0.14000 0.13314
v 0.41039 -0.13588 0.10706
v 0.41176 -0.13725 0.10706
v 0.41176 -0.13588 0.10637
v 0.41176 -0.13725 0.13039
v 0.41176 -0.13588 0.12971
v 0.41039 -0.13314 0.10706
v 0.41176 -0.13314 0.10637
v 0.41039 -0.13314 0.12627
v 0.41176 -0.13451 0.12627
v 0.41176 -0.13314 0.12559
v 0.41176 -0.13451 0.12765
v 0.41176 -0.13451 0.12902
v 0.41039 -0.13039 0.10706
v 0.41176 -0.13039 0.10637
v 0.41039 -0.13039 0.12627
v 0.41176 -0.13039 0.12559
v 0.41039 -0.12765 0.10706
v 0.41176 -0.12765 0.10637
v 0.41176 -0.12902 0.12627
v 0.41176 -0.12765 0.12696
v 0.41176 -0.12627 0.10706
v 0.41176 -0.12490 0.10775
v 0.41176 -0.12627 0.12765
v 0.41039 -0.12490 0.12902
v 0.41176 -0.12490 0.12833
v 0.41039 -0.12216 0.10706
v 0.41176 -0.12353 0.10706
v 0.41176 -0.12216 0.10637
v 0.41039 -0.12216 0.11118
v 0.41176 -0.12353 0.12902
v 0.41039 -0.12216 0.13039
v 0.41176 -0.12216 0.12971
v 0.41176 -0.12078 0.10706
v 0.41176 -0.12078 0.10843
v 0.41176 -0.12078 0.10980
v 0.41176 -0.12078 0.11118
v 0.41176 -0.11941 0.11186
v 0.41176 -0.12078 0.13039
v 0.41176 -0.12078 0.13176
v 0.41176 -0.11941 0.13245
v 0.41039 -0.11667 0.11255
v 0.41176 -0.11667 0.11186
v 0.41039 -0.11667 0.13314
v 0.41176 -0.11667 0.13245
v 0.41039 -0.11392 0.11255
v 0.41176 -0.11392 0.11186
v 0.41039 -0.11392 0.11392
v 0.41176 -0.11529 0.11529
v 0.41176 -0.11392 0.11461
v 0.41039 -0.11392 0.11667
v 0.41176 -0.11392 0.11598
v 0.41176 -0.11529 0.11804
v 0.41176 -0.11392 0.11735
v 0.41039 -0.11392 0.11941
v 0.41176 -0.11392 0.11873
v 0.41176 -0.11529 0.12078
v 0.41176 -0.11392 0.12010
v 0.41176 -0.11529 0.12216
v 0.41176 -0.11529 0.12353
v 0.41176 -0.11529 0.12490
v 0.41176 -0.11529 0.12627
v 0.41176 -0.11529 0.12765
v 0.41176 -0.11529 0.12902
v 0.41176 -0.11529 0.13039
v 0.41176 -0.11529 0.13176
v 0.41176 -0.11255 0.11255
v 0.41176 -0.11255 0.11392
v 0.41176 -0.11255 0.11667
v 0.41176 -0.11255 0.11941
v 0.41314 -0.16608 0.11118
v 0.41451 -0.16745 0.11118
v 0.41451 -0.16608 0.11049
v 0.41451 -0.16608 0.11186
v 0.41451 -0.16471 0.11118
v 0.41451 -0.16471 0.11255
v 0.41451 -0.16333 0.11186
v 0.41451 -0.16471 0.11392
v 0.41314 -0.16333 0.11529
v 0.41451 -0.16471 0.11529
v 0.41451 -0.16333 0.11598
v 0.41314 -0.16059 0.11118
v 0.41451 -0.16196 0.11118
v 0.41451 -0.16059 0.11049
v 0.41451 -0.16196 0.11667
v 0.41451 -0.16196 0.11804
v 0.41314 -0.16059 0.11941
v 0.41451 -0.16196 0.11941
v 0.41451 -0.16059 0.12010
v 0.41451 -0.15922 0.11118
v 0.41451 -0.15784 0.11186
v 0.41451 -0.15922 0.12078
v 0.41451 -0.15922 0.12216
v 0.41451 -0.15922 0.12353
v 0.41451 -0.15784 0.12422
v 0.41314 -0.15510 0.10706
v 0.41451 -0.15647 0.10706
v 0.41451 -0.15510 0.10637
v 0.41451 -0.15510 0.10775
v 0.41451 -0.15510 0.11186
v 0.41451 -0.15647 0.12490
v 0.41451 -0.15647 0.12627
v 0.41451 -0.15510 0.12696
v 0.41314 -0.15235 0.10706
v 0.41451 -0.15235 0.10637
v 0.41451 -0.15373 0.10843
v 0.41451 -0.15373 0.10980
v 0.41314 -0.15235 0.11118
v 0.41451 -0.15373 0.11118
v 0.41451 -0.15373 0.12765
v 0.41451 -0.15373 0.12902
v 0.41451 -0.15373 0.13039
v 0.41451 -0.15235 0.13108
v 0.41451 -0.14961 0.10637
v 0.41451 -0.15098 0.13176
v 0.41451 -0.15098 0.13314
v 0.41314 -0.14961 0.13451
v 0.41451 -0.15098 0.13451
v 0.41451 -0.14961 0.13520
v 0.41451 -0.14686 0.10637
v 0.41314 -0.14686 0.13588
v 0.41451 -0.14686 0.13520
v 0.41451 -0.14412 0.10637
v 0.41314 -0.14412 0.13451
v 0.41451 -0.14549 0.13451
v 0.41451 -0.14412 0.13382
v 0.41451 -0.14137 0.10637
v 0.41314 -0.14137 0.13314
v 0.41451 -0.14275 0.13314
v 0.41451 -0.14137 0.13245
v 0.41314 -0.13863 0.10706
v 0.41451 -0.13863 0.10637
v 0.41314 -0.13863 0.13039
v 0.41451 -0.14000 0.13039
v 0.41451 -0.13863 0.12971
v 0.41451 -0.14000 0.13176
v 0.41451 -0.13588 0.10637
v 0.41314 -0.13588 0.12902
v 0.41451 -0.13725 0.12902
v 0.41451 -0.13588 0.12833
v 0.41451 -0.13314 0.10637
v 0.41451 -0.13451 0.12627
v 0.41451 -0.13314 0.12559
v 0.41451 -0.13451 0.12765
v 0.41451 -0.13039 0.10637
v 0.41451 -0.13039 0.12559
v 0.41451 -0.12765 0.10637
v 0.41451 -0.12902 0.12627
v 0.41451 -0.12765 0.12696
v 0.41314 -0.12490 0.10706
v 0.41451 -0.12490 0.10637
v 0.41314 -0.12490 0.12765
v 0.41451 -0.12490 0.12696
v 0.41451 -0.12216 0.10637
v 0.41314 -0.12216 0.11118
v 0.41451 -0.12353 0.11118
v 0.41451 -0.12216 0.11049
v 0.41451 -0.12216 0.11186
v 0.41451 -0.12353 0.12765
v 0.41451 -0.12353 0.12902
v 0.41451 -0.12216 0.12971
v 0.41451 -0.12078 0.10706
v 0.41451 -0.12078 0.10843
v 0.41451 -0.12078 0.10980
v 0.41451 -0.11941 0.11186
v 0.41451 -0.12078 0.13039
v 0.41314 -0.11941 0.13176
v 0.41451 -0.11941 0.13108
v 0.41451 -0.11667 0.11186
v 0.41451 -0.11804 0.13176
v 0.41451 -0.11667 0.13245
v 0.41451 -0.11392 0.11186
v 0.41314 -0.11392 0.11529
v 0.41314 -0.11392 0.11804
v 0.41314 -0.11392 0.12078
v 0.41314 -0.11392 0.12216
v 0.41314 -0.11392 0.12353
v 0.41451 -0.11529 0.12490
v 0.41451 -0.11392 0.12422
v 0.41451 -0.11529 0.12627
v 0.41451 -0.11529 0.12765
v 0.41451 -0.11529 0.12902
v 0.41451 -0.11529 0.13039
v 0.41451 -0.11529 0.13176
v 0.41451 -0.11255 0.11255
v 0.41451 -0.11255 0.11392
v 0.41451 -0.11255 0.11529
v 0.41451 -0.11255 0.11667
v 0.41451 -0.11255 0.11804
v 0.41451 -0.11255 0.11941
v 0.41451 -0.11255 0.12078
v 0.41451 -0.11255 0.12216
v 0.41451 -0.11255 0.12353
v 0.41725 -0.16745 0.11118
v 0.41725 -0.16608 0.11049
v 0.41588 -0.16608 0.11255
v 0.41725 -0.16745 0.11255
v 0.41725 -0.16608 0.11324
v 0.41588 -0.16333 0.11118
v 0.41725 -0.16333 0.11049
v 0.41725 -0.16471 0.11392
v 0.41725 -0.16471 0.11529
v 0.41588 -0.16333 0.11667
v 0.41725 -0.16471 0.11667
v 0.41588 -0.16333 0.11804
v 0.41725 -0.16471 0.11804
v 0.41725 -0.16333 0.11873
v 0.41725 -0.16059 0.11049
v 0.41725 -0.16196 0.11941
v 0.41725 -0.16059 0.12010
v 0.41588 -0.15784 0.11118
v 0.41725 -0.15784 0.11049
v 0.41725 -0.15922 0.12078
v 0.41725 -0.15922 0.12216
v 0.41725 -0.15922 0.12353
v 0.41725 -0.15784 0.12422
v 0.41725 -0.15647 0.10706
v 0.41725 -0.15510 0.10637
v 0.41725 -0.15510 0.10775
v 0.41588 -0.15510 0.11118
v 0.41725 -0.15510 0.11049
v 0.41725 -0.15647 0.12490
v 0.41588 -0.15510 0.12627
v 0.41725 -0.15510 0.12559
v 0.41588 -0.15510 0.12765
v 0.41725 -0.15647 0.12765
v 0.41725 -0.15510 0.12696
v 0.41725 -0.15510 0.12833
v 0.41725 -0.15235 0.10637
v 0.41725 -0.15373 0.10843
v 0.41725 -0.15373 0.10980
v 0.41725 -0.15373 0.12627
v 0.41725 -0.15373 0.12902
v 0.41725 -0.15373 0.13039
v 0.41725 -0.15235 0.13108
v 0.41725 -0.14961 0.10637
v 0.41725 -0.15098 0.13176
v 0.41725 -0.15098 0.13314
v 0.41588 -0.14961 0.13451
v 0.41725 -0.14961 0.13382
v 0.41725 -0.14686 0.10637
v 0.41588 -0.14686 0.13451
v 0.41725 -0.14686 0.13382
v 0.41588 -0.14412 0.10569
v 0.41725 -0.14549 0.10569
v 0.41725 -0.14412 0.10500
v 0.41588 -0.14412 0.13314
v 0.41725 -0.14549 0.13314
v 0.41725 -0.14412 0.13245
v 0.41588 -0.14137 0.10569
v 0.41725 -0.14137 0.10500
v 0.41588 -0.14137 0.13176
v 0.41725 -0.14275 0.13176
v 0.41725 -0.14137 0.13108
v 0.41725 -0.14000 0.10569
v 0.41725 -0.13863 0.10637
v 0.41588 -0.13863 0.12902
v 0.41725 -0.14000 0.12902
v 0.41725 -0.13863 0.12833
v 0.41725 -0.14000 0.13039
v 0.41725 -0.13588 0.10637
v 0.41588 -0.13588 0.12765
v 0.41725 -0.13725 0.12765
v 0.41725 -0.13588 0.12696
v 0.41725 -0.13314 0.10637
v 0.41588 -0.13314 0.12490
v 0.41725 -0.13451 0.12490
v 0.41725 -0.13314 0.12422
v 0.41725 -0.13451 0.12627
v 0.41588 -0.13039 0.10569
v 0.41725 -0.13176 0.10569
v 0.41725 -0.13039 0.10500
v 0.41588 -0.13039 0.12490
v 0.41725 -0.13039 0.12422
v 0.41588 -0.12765 0.10569
v 0.41725 -0.12765 0.10500
v 0.41725 -0.12902 0.12490
v 0.41588 -0.12765 0.12627
v 0.41725 -0.12765 0.12559
v 0.41725 -0.12627 0.10569
v 0.41725 -0.12490 0.10637
v 0.41725 -0.12627 0.12627
v 0.41725 -0.12490 0.12696
v 0.41725 -0.12216 0.10637
v 0.41588 -0.12216 0.11118
v 0.41725 -0.12353 0.12765
v 0.41588 -0.12216 0.12902
v 0.41725 -0.12216 0.12833
v 0.41725 -0.12078 0.10706
v 0.41725 -0.12078 0.10843
v 0.41725 -0.12078 0.10980
v 0.41588 -0.11941 0.11118
v 0.41725 -0.11941 0.11049
v 0.41725 -0.12078 0.12902
v 0.41588 -0.11941 0.13039
v 0.41725 -0.11941 0.12971
v 0.41588 -0.11667 0.11118
v 0.41725 -0.11667 0.11049
v 0.41725 -0.11804 0.13039
v 0.41588 -0.11667 0.13176
v 0.41725 -0.11667 0.13108
v 0.41725 -0.11529 0.11118
v 0.41725 -0.11392 0.11186
v 0.41588 -0.11392 0.12490
v 0.41588 -0.11392 0.12627
v 0.41725 -0.11529 0.12765
v 0.41725 -0.11392 0.12696
v 0.41725 -0.11529 0.12902
v 0.41725 -0.11529 0.13039
v 0.41725 -0.11255 0.11255
v 0.41725 -0.11255 0.11392
v 0.41725 -0.11255 0.11529
v 0.41725 -0.11255 0.11667
v 0.41725 -0.11255 0.11804
v 0.41725 -0.11255 0.11941
v 0.41725 -0.11255 0.12078
v 0.41725 -0.11255 0.12216
v 0.41725 -0.11255 0.12353
v 0.41725 -0.11255 0.12490
v 0.41725 -0.11255 0.12627
v 0.41863 -0.16608 0.10980
v 0.42000 -0.16745 0.10980
v 0.42000 -0.16608 0.10912
v 0.42000 -0.16745 0.11118
v 0.42000 -0.16745 0.11255
v 0.41863 -0.16608 0.11392
v 0.42000 -0.16745 0.11392
v 0.42000 -0.16608 0.11461
v 0.42000 -0.16471 0.10980
v 0.42000 -0.16333 0.11049
v 0.42000 -0.16471 0.11529
v 0.42000 -0.16471 0.11667
v 0.42000 -0.16471 0.11804
v 0.42000 -0.16333 0.11873
v 0.42000 -0.16059 0.11049
v 0.42000 -0.16196 0.11941
v 0.41863 -0.16059 0.12078
v 0.42000 -0.16196 0.12078
v 0.42000 -0.16059 0.12147
v 0.42000 -0.15784 0.11049
v 0.42000 -0.15922 0.12216
v 0.41863 -0.15784 0.12353
v 0.42000 -0.15784 0.12284
v 0.42000 -0.15647 0.10706
v 0.42000 -0.15510 0.10637
v 0.41863 -0.15510 0.10843
v 0.42000 -0.15647 0.10843
v 0.42000 -0.15510 0.10912
v 0.42000 -0.15510 0.11049
v 0.42000 -0.15647 0.12353
v 0.42000 -0.15647 0.12490
v 0.41863 -0.15510 0.12627
v 0.42000 -0.15647 0.12627
v 0.42000 -0.15647 0.12765
v 0.42000 -0.15510 0.12833
v 0.41863 -0.15235 0.10569
v 0.42000 -0.15373 0.10569
v 0.42000 -0.15235 0.10500
v 0.42000 -0.15373 0.10980
v 0.42000 -0.15373 0.12902
v 0.42000 -0.15373 0.13039
v 0.42000 -0.15235 0.13108
v 0.41863 -0.14961 0.10569
v 0.42000 -0.14961 0.10500
v 0.42000 -0.15098 0.13176
v 0.42000 -0.15098 0.13314
v 0.42000 -0.14961 0.13382
v 0.41863 -0.14686 0.10569
v 0.42000 -0.14686 0.10500
v 0.41863 -0.14686 0.13314
v 0.42000 -0.14824 0.13314
v 0.42000 -0.14686 0.13245
v 0.42000 -0.14412 0.10500
v 0.41863 -0.14412 0.13176
v 0.42000 -0.14549 0.13176
v 0.42000 -0.14412 0.13108
v 0.42000 -0.14137 0.10500
v 0.41863 -0.14137 0.12902
v 0.42000 -0.14275 0.12902
v 0.42000 -0.14137 0.12833
v 0.41863 -0.14137 0.13039
v 0.42000 -0.14275 0.13039
v 0.42000 -0.14000 0.10569
v 0.42000 -0.13863 0.10637
v 0.41863 -0.13863 0.12765
v 0.42000 -0.14000 0.12765
v 0.42000 -0.13863 0.12696
v 0.41863 -0.13588 0.10569
v 0.42000 -0.13725 0.10569
v 0.42000 -0.13588 0.10500
v 0.41863 -0.13588 0.12490
v 0.42000 -0.13725 0.12490
v 0.42000 -0.13588 0.12422
v 0.41863 -0.13588 0.12627
v 0.42000 -0.13725 0.12627
v 0.42000 -0.13451 0.10569
v 0.42000 -0.13314 0.10637
v 0.41863 -0.13314 0.12353
v 0.42000 -0.13451 0.12353
v 0.42000 -0.13314 0.12284
v 0.42000 -0.13176 0.10569
v 0.42000 -0.13039 0.10500
v 0.41863 -0.13039 0.12353
v 0.42000 -0.13039 0.12284
v 0.42000 -0.12765 0.10500
v 0.42000 -0.12902 0.12353
v 0.42000 -0.12902 0.12490
v 0.42000 -0.12765 0.12559
v 0.42000 -0.12627 0.10569
v 0.42000 -0.12490 0.10637
v 0.42000 -0.12627 0.12627
v 0.42000 -0.12490 0.12696
v 0.41863 -0.12216 0.10569
v 0.42000 -0.12353 0.10569
v 0.42000 -0.12216 0.10500
v 0.41863 -0.12216 0.12765
v 0.42000 -0.12216 0.12696
v 0.41863 -0.11941 0.10569
v 0.42000 -0.11941 0.10500
v 0.42000 -0.12078 0.10706
v 0.42000 -0.11941 0.10637
v 0.42000 -0.12078 0.10843
v 0.42000 -0.12078 0.10980
v 0.42000 -0.11941 0.11049
v 0.42000 -0.12078 0.12765
v 0.41863 -0.11941 0.12902
v 0.42000 -0.11941 0.12833
v 0.42000 -0.11804 0.10569
v 0.42000 -0.11667 0.11049
v 0.42000 -0.11804 0.12902
v 0.41863 -0.11667 0.13039
v 0.42000 -0.11667 0.12971
v 0.41863 -0.11392 0.11118
v 0.42000 -0.11392 0.11049
v 0.41863 -0.11392 0.12627
v 0.42000 -0.11529 0.12627
v 0.42000 -0.11392 0.12559
v 0.42000 -0.11529 0.12765
v 0.42000 -0.11529 0.12902
v 0.42000 -0.11255 0.11118
v 0.42000 -0.11255 0.11255
v 0.42000 -0.11255 0.11392
v 0.42000 -0.11255 0.11529
v 0.42000 -0.11255 0.11667
v 0.42000 -0.11255 0.11804
v 0.42000 -0.11255 0.11941
v 0.42000 -0.11255 0.12078
v 0.42000 -0.11255 0.12216
v 0.42000 -0.11255 0.12353
v 0.42000 -0.11255 0.12490
v 0.42137 -0.16882 0.10980
v 0.42275 -0.17020 0.10980
v 0.42275 -0.16882 0.10912
v 0.42137 -0.16882 0.11118
v 0.42275 -0.17020 0.11118
v 0.42275 -0.16882 0.11186
v 0.42275 -0.16608 0.10912
v 0.42275 -0.16745 0.11255
v 0.42275 -0.16745 0.11392
v 0.42275 -0.16608 0.11461
v 0.42275 -0.16471 0.10980
v 0.42275 -0.16333 0.11049
v 0.42275 -0.16471 0.11529
v 0.42275 -0.16471 0.11667
v 0.42275 -0.16471 0.11804
v 0.42275 -0.16333 0.11873
v 0.42137 -0.16059 0.10980
v 0.42275 -0.16196 0.10980
v 0.42275 -0.16059 0.10912
v 0.42275 -0.16196 0.11941
v 0.42137 -0.16059 0.12078
v 0.42275 -0.16059 0.12010
v 0.42137 -0.15784 0.10569
v 0.42275 -0.15922 0.10569
v 0.42275 -0.15784 0.10500
v 0.42275 -0.15784 0.10637
v 0.42275 -0.15922 0.10980
v 0.42275 -0.15784 0.11049
v 0.42275 -0.15922 0.12078
v 0.42137 -0.15784 0.12216
v 0.42275 -0.15784 0.12147
v 0.42137 -0.15510 0.10569
v 0.42275 -0.15510 0.10500
v 0.42275 -0.15647 0.10706
v 0.42275 -0.15647 0.10843
v 0.42275 -0.15510 0.10912
v 0.42275 -0.15510 0.11049
v 0.42275 -0.15647 0.12216
v 0.42275 -0.15647 0.12353
v 0.42275 -0.15647 0.12490
v 0.42275 -0.15647 0.12627
v 0.42137 -0.15510 0.12765
v 0.42275 -0.15510 0.12696
v 0.42275 -0.15235 0.10500
v 0.42275 -0.15373 0.10980
v 0.42275 -0.15373 0.12765
v 0.42275 -0.15373 0.12902
v 0.42137 -0.15235 0.13039
v 0.42275 -0.15235 0.12971
v 0.42275 -0.14961 0.10500
v 0.42275 -0.15098 0.13039
v 0.42275 -0.15098 0.13176
v 0.42137 -0.14961 0.13314
v 0.42275 -0.14961 0.13245
v 0.42275 -0.14686 0.10500
v 0.42137 -0.14686 0.13176
v 0.42275 -0.14824 0.13176
v 0.42275 -0.14686 0.13108
v 0.42275 -0.14412 0.10500
v 0.42137 -0.14412 0.13039
v 0.42275 -0.14549 0.13039
v 0.42275 -0.14412 0.12971
v 0.42275 -0.14137 0.10500
v 0.42137 -0.14137 0.12765
v 0.42275 -0.14275 0.12765
v 0.42275 -0.14137 0.12696
v 0.42275 -0.14275 0.12902
v 0.42137 -0.13863 0.10569
v 0.42275 -0.13863 0.10500
v 0.42137 -0.13863 0.12627
v 0.42275 -0.14000 0.12627
v 0.42275 -0.13863 0.12559
v 0.42275 -0.13588 0.10500
v 0.42275 -0.13725 0.12490
v 0.42275 -0.13588 0.12422
v 0.42275 -0.13451 0.10569
v 0.42275 -0.13314 0.10637
v 0.42137 -0.13314 0.12216
v 0.42275 -0.13451 0.12216
v 0.42275 -0.13314 0.12147
v 0.42275 -0.13451 0.12353
v 0.42275 -0.13176 0.10569
v 0.42275 -0.13039 0.10500
v 0.42275 -0.13176 0.12216
v 0.42275 -0.13039 0.12284
v 0.42275 -0.12765 0.10500
v 0.42275 -0.12902 0.12353
v 0.42137 -0.12765 0.12490
v 0.42275 -0.12765 0.12422
v 0.42137 -0.12490 0.10569
v 0.42275 -0.12490 0.10500
v 0.42275 -0.12627 0.12490
v 0.42137 -0.12490 0.12627
v 0.42275 -0.12490 0.12559
v 0.42275 -0.12216 0.10500
v 0.42275 -0.12353 0.12627
v 0.42275 -0.12216 0.12696
v 0.42275 -0.11941 0.10500
v 0.42275 -0.12078 0.10706
v 0.42275 -0.11941 0.10637
v 0.42275 -0.12078 0.10843
v 0.42275 -0.12078 0.10980
v 0.42275 -0.11941 0.11049
v 0.42137 -0.11941 0.12765
v 0.42275 -0.11941 0.12696
v 0.42275 -0.11804 0.10569
v 0.42275 -0.11667 0.11049
v 0.42275 -0.11804 0.12765
v 0.42137 -0.11667 0.12902
v 0.42275 -0.11667 0.12833
v 0.42275 -0.11392 0.11049
v 0.42137 -0.11392 0.12490
v 0.42275 -0.11529 0.12490
v 0.42275 -0.11392 0.12422
v 0.42275 -0.11529 0.12627
v 0.42275 -0.11529 0.12765
v 0.42137 -0.11118 0.11118
v 0.42275 -0.11118 0.11049
v 0.42137 -0.11118 0.11255
v 0.42275 -0.11255 0.11392
v 0.42275 -0.11118 0.11324
v 0.42275 -0.11255 0.11529
v 0.42275 -0.11255 0.11667
v 0.42275 -0.11255 0.11804
v 0.42275 -0.11255 0.11941
v 0.42275 -0.11255 0.12078
v 0.42275 -0.11255 0.12216
v 0.42275 -0.11255 0.12353
v 0.42275 -0.10980 0.11118
v 0.42275 -0.10980 0.11255
v 0.42549 -0.17020 0.10980
v 0.42549 -0.16882 0.10912
v 0.42549 -0.17020 0.11118
v 0.42549 -0.16882 0.11186
v 0.42549 -0.16608 0.10912
v 0.42549 -0.16745 0.11255
v 0.42549 -0.16745 0.11392
v 0.42412 -0.16608 0.11529
v 0.42549 -0.16745 0.11529
v 0.42549 -0.16608 0.11598
v 0.42412 -0.16333 0.10980
v 0.42549 -0.16333 0.10912
v 0.42549 -0.16471 0.11667
v 0.42412 -0.16333 0.11804
v 0.42549 -0.16333 0.11735
v 0.42549 -0.16059 0.10912
v 0.42549 -0.16196 0.11804
v 0.42412 -0.16059 0.11941
v 0.42549 -0.16059 0.11873
v 0.42549 -0.15922 0.10569
v 0.42549 -0.15784 0.10500
v 0.42549 -0.15784 0.10637
v 0.42412 -0.15784 0.10980
v 0.42549 -0.15784 0.10912
v 0.42549 -0.15922 0.11941
v 0.42412 -0.15784 0.12078
v 0.42549 -0.15784 0.12010
v 0.42549 -0.15510 0.10500
v 0.42549 -0.15647 0.10706
v 0.42549 -0.15647 0.10843
v 0.42412 -0.15510 0.10980
v 0.42549 -0.15647 0.12078
v 0.42549 -0.15647 0.12216
v 0.42549 -0.15647 0.12353
v 0.42549 -0.15647 0.12490
v 0.42549 -0.15647 0.12627
v 0.42412 -0.15510 0.12765
v 0.42549 -0.15647 0.12765
v 0.42549 -0.15510 0.12833
v 0.42549 -0.15235 0.10500
v 0.42549 -0.15373 0.12902
v 0.42412 -0.15235 0.13039
v 0.42549 -0.15373 0.13039
v 0.42549 -0.15235 0.13108
v 0.42549 -0.14961 0.10500
v 0.42412 -0.14961 0.13176
v 0.42549 -0.14961 0.13108
v 0.42549 -0.14686 0.10500
v 0.42412 -0.14686 0.12902
v 0.42549 -0.14824 0.12902
v 0.42549 -0.14686 0.12833
v 0.42412 -0.14686 0.13039
v 0.42549 -0.14824 0.13039
v 0.42412 -0.14412 0.10431
v 0.42549 -0.14549 0.10431
v 0.42549 -0.14412 0.10363
v 0.42412 -0.14412 0.12902
v 0.42549 -0.14412 0.12833
v 0.42412 -0.14137 0.10431
v 0.42549 -0.14137 0.10363
v 0.42412 -0.14137 0.12627
v 0.42549 -0.14275 0.12627
v 0.42549 -0.14137 0.12559
v 0.42549 -0.14275 0.12765
v 0.42549 -0.14000 0.10431
v 0.42549 -0.13863 0.10500
v 0.42412 -0.13863 0.12490
v 0.42549 -0.14000 0.12490
v 0.42549 -0.13863 0.12422
v 0.42549 -0.13588 0.10500
v 0.42412 -0.13588 0.12353
v 0.42549 -0.13725 0.12353
v 0.42549 -0.13588 0.12284
v 0.42412 -0.13314 0.10569
v 0.42549 -0.13314 0.10500
v 0.42549 -0.13451 0.12216
v 0.42549 -0.13314 0.12147
v 0.42412 -0.13039 0.10431
v 0.42549 -0.13176 0.10431
v 0.42549 -0.13039 0.10363
v 0.42412 -0.13039 0.12216
v 0.42549 -0.13039 0.12147
v 0.42412 -0.12765 0.10431
v 0.42549 -0.12765 0.10363
v 0.42549 -0.12902 0.12216
v 0.42412 -0.12765 0.12353
v 0.42549 -0.12765 0.12284
v 0.42549 -0.12627 0.10431
v 0.42549 -0.12490 0.10500
v 0.42549 -0.12627 0.12353
v 0.42412 -0.12490 0.12490
v 0.42549 -0.12490 0.12422
v 0.42549 -0.12216 0.10500
v 0.42549 -0.12353 0.12490
v 0.42412 -0.12216 0.12627
v 0.42549 -0.12216 0.12559
v 0.42549 -0.11941 0.10500
v 0.42549 -0.12078 0.10706
v 0.42549 -0.11941 0.10637
v 0.42549 -0.12078 0.10843
v 0.42412 -0.11941 0.10980
v 0.42549 -0.11941 0.10912
v 0.42549 -0.12078 0.12627
v 0.42549 -0.11941 0.12696
v 0.42549 -0.11804 0.10569
v 0.42412 -0.11667 0.10980
v 0.42549 -0.11667 0.10912
v 0.42412 -0.11667 0.12765
v 0.42549 -0.11667 0.12696
v 0.42412 -0.11392 0.10980
v 0.42549 -0.11392 0.10912
v 0.42549 -0.11529 0.12490
v 0.42549 -0.11392 0.12422
v 0.42549 -0.11529 0.12627
v 0.42412 -0.11118 0.10980
v 0.42549 -0.11118 0.10912
v 0.42412 -0.11118 0.11392
v 0.42412 -0.11118 0.11529
v 0.42549 -0.11255 0.11667
v 0.42549 -0.11118 0.11598
v 0.42549 -0.11255 0.11804
v 0.42549 -0.11255 0.11941
v 0.42549 -0.11255 0.12078
v 0.42549 -0.11255 0.12216
v 0.42549 -0.11255 0.12353
v 0.42549 -0.10980 0.10980
v 0.42549 -0.10980 0.11118
v 0.42549 -0.10980 0.11255
v 0.42549 -0.10980 0.11392
v 0.42549 -0.10980 0.11529
v 0.42686 -0.17157 0.10843
v 0.42824 -0.17294 0.10843
v 0.42824 -0.17157 0.10775
v 0.42824 -0.17157 0.10912
v 0.42824 -0.17020 0.10843
v 0.42824 -0.17020 0.10980
v 0.42824 -0.16882 0.10912
v 0.42824 -0.17020 0.11118
v 0.42686 -0.16882 0.11255
v 0.42824 -0.17020 0.11255
v 0.42824 -0.16882 0.11324
v 0.42686 -0.16608 0.10843
v 0.42824 -0.16745 0.10843
v 0.42824 -0.16608 0.10775
v 0.42824 -0.16745 0.11392
v 0.42824 -0.16745 0.11529
v 0.42824 -0.16608 0.11598
v 0.42686 -0.16333 0.10843
v 0.42824 -0.16333 0.10775
v 0.42686 -0.16333 0.11667
v 0.42824 -0.16333 0.11598
v 0.42824 -0.16196 0.10843
v 0.42824 -0.16059 0.10912
v 0.42824 -0.16196 0.11667
v 0.42686 -0.16059 0.11804
v 0.42824 -0.16059 0.11735
v 0.42824 -0.15922 0.10569
v 0.42824 -0.15784 0.10500
v 0.42824 -0.15784 0.10637
v 0.42824 -0.15784 0.10912
v 0.42824 -0.15922 0.11804
v 0.42686 -0.15784 0.11941
v 0.42824 -0.15784 0.11873
v 0.42686 -0.15784 0.12078
v 0.42824 -0.15922 0.12078
v 0.42824 -0.15784 0.12010
v 0.42686 -0.15784 0.12216
v 0.42824 -0.15922 0.12216
v 0.42686 -0.15784 0.12353
v 0.42824 -0.15922 0.12353
v 0.42824 -0.15784 0.12422
v 0.42824 -0.15510 0.10500
v 0.42824 -0.15647 0.10706
v 0.42824 -0.15647 0.10843
v 0.42824 -0.15647 0.11941
v 0.42824 -0.15647 0.12490
v 0.42824 -0.15647 0.12627
v 0.42686 -0.15510 0.12765
v 0.42824 -0.15510 0.12696
v 0.42686 -0.15235 0.10431
v 0.42824 -0.15373 0.10431
v 0.42824 -0.15235 0.10363
v 0.42824 -0.15373 0.12765
v 0.42824 -0.15373 0.12902
v 0.42686 -0.15235 0.13039
v 0.42824 -0.15235 0.12971
v 0.42686 -0.14961 0.10431
v 0.42824 -0.14961 0.10363
v 0.42686 -0.14961 0.12902
v 0.42824 -0.15098 0.12902
v 0.42824 -0.14961 0.12833
v 0.42686 -0.14961 0.13039
v 0.42686 -0.14686 0.10431
v 0.42824 -0.14686 0.10363
v 0.42686 -0.14686 0.12765
v 0.42824 -0.14824 0.12765
v 0.42824 -0.14686 0.12696
v 0.42824 -0.14412 0.10363
v 0.42686 -0.14412 0.12627
v 0.42824 -0.14549 0.12627
v 0.42824 -0.14412 0.12559
v 0.42686 -0.14412 0.12765
v 0.42824 -0.14137 0.10363
v 0.42824 -0.14137 0.12559
v 0.42686 -0.13863 0.10431
v 0.42824 -0.13863 0.10363
v 0.42686 -0.13863 0.12353
v 0.42824 -0.14000 0.12353
v 0.42824 -0.13863 0.12284
v 0.42824 -0.14000 0.12490
v 0.42686 -0.13588 0.10431
v 0.42824 -0.13588 0.10363
v 0.42686 -0.13588 0.12216
v 0.42824 -0.13725 0.12216
v 0.42824 -0.13588 0.12147
v 0.42824 -0.13451 0.10431
v 0.42824 -0.13314 0.10500
v 0.42686 -0.13314 0.12078
v 0.42824 -0.13451 0.12078
v 0.42824 -0.13314 0.12010
v 0.42824 -0.13176 0.10431
v 0.42824 -0.13039 0.10363
v 0.42824 -0.13176 0.12078
v 0.42824 -0.13039 0.12147
v 0.42824 -0.12765 0.10363
v 0.42686 -0.12765 0.12216
v 0.42824 -0.12765 0.12147
v 0.42824 -0.12627 0.10431
v 0.42824 -0.12490 0.10500
v 0.42824 -0.12627 0.12216
v 0.42686 -0.12490 0.12353
v 0.42824 -0.12490 0.12284
v 0.42686 -0.12216 0.10431
v 0.42824 -0.12353 0.10431
v 0.42824 -0.12216 0.10363
v 0.42686 -0.12216 0.10843
v 0.42824 -0.12353 0.10843
v 0.42824 -0.12216 0.10775
v 0.42824 -0.12216 0.10912
v 0.42824 -0.12353 0.12353
v 0.42686 -0.12216 0.12490
v 0.42824 -0.12216 0.12422
v 0.42686 -0.11941 0.10431
v 0.42824 -0.11941 0.10363
v 0.42686 -0.11941 0.10569
v 0.42824 -0.12078 0.10569
v 0.42824 -0.11941 0.10500
v 0.42824 -0.12078 0.10706
v 0.42824 -0.11941 0.10912
v 0.42824 -0.12078 0.12490
v 0.42686 -0.11941 0.12627
v 0.42824 -0.11941 0.12559
v 0.42824 -0.11804 0.10431
v 0.42824 -0.11667 0.10912
v 0.42824 -0.11804 0.12627
v 0.42824 -0.11667 0.12696
v 0.42824 -0.11392 0.10912
v 0.42686 -0.11392 0.12353
v 0.42824 -0.11529 0.12353
v 0.42824 -0.11392 0.12284
v 0.42824 -0.11529 0.12490
v 0.42824 -0.11529 0.12627
v 0.42824 -0.11118 0.10912
v 0.42824 -0.11255 0.11667
v 0.42824 -0.11118 0.11598
v 0.42824 -0.11255 0.11804
v 0.42824 -0.11255 0.11941
v 0.42824 -0.11255 0.12078
v 0.42824 -0.11255 0.12216
v 0.42824 -0.10980 0.10980
v 0.42824 -0.10980 0.11118
v 0.42824 -0.10980 0.11255
v 0.42824 -0.10980 0.11392
v 0.42824 -0.10980 0.11529
v 0.43098 -0.17294 0.10843
v 0.43098 -0.17157 0.10775
v 0.42961 -0.17157 0.10980
v 0.43098 -0.17294 0.10980
v 0.43098 -0.17157 0.11049
v 0.42961 -0.16882 0.10843
v 0.43098 -0.16882 0.10775
v 0.43098 -0.17020 0.11118
v 0.42961 -0.16882 0.11255
v 0.43098 -0.16882 0.11186
v 0.43098 -0.16608 0.10775
v 0.43098 -0.16745 0.11255
v 0.42961 -0.16608 0.11392
v 0.43098 -0.16608 0.11324
v 0.42961 -0.16608 0.11529
v 0.43098 -0.16333 0.10775
v 0.43098 -0.16471 0.11392
v 0.42961 -0.16333 0.11529
v 0.43098 -0.16333 0.11461
v 0.42961 -0.16059 0.10843
v 0.43098 -0.16059 0.10775
v 0.43098 -0.16196 0.11529
v 0.42961 -0.16059 0.11667
v 0.43098 -0.16059 0.11598
v 0.42961 -0.15784 0.10431
v 0.43098 -0.15922 0.10431
v 0.43098 -0.15784 0.10363
v 0.43098 -0.15922 0.10569
v 0.43098 -0.15784 0.10637
v 0.42961 -0.15784 0.10843
v 0.43098 -0.15784 0.10775
v 0.43098 -0.15922 0.11667
v 0.43098 -0.15922 0.11804
v 0.42961 -0.15784 0.11941
v 0.43098 -0.15922 0.11941
v 0.43098 -0.15922 0.12078
v 0.43098 -0.15922 0.12216
v 0.43098 -0.15922 0.12353
v 0.43098 -0.15784 0.12422
v 0.42961 -0.15510 0.10431
v 0.43098 -0.15510 0.10363
v 0.43098 -0.15647 0.10706
v 0.42961 -0.15510 0.10843
v 0.43098 -0.15647 0.10843
v 0.43098 -0.15510 0.10775
v 0.43098 -0.15510 0.10912
v 0.43098 -0.15647 0.12490
v 0.43098 -0.15647 0.12627
v 0.43098 -0.15510 0.12696
v 0.43098 -0.15235 0.10363
v 0.43098 -0.15373 0.10843
v 0.43098 -0.15373 0.12765
v 0.42961 -0.15235 0.12902
v 0.43098 -0.15235 0.12833
v 0.43098 -0.14961 0.10363
v 0.42961 -0.14961 0.12765
v 0.43098 -0.15098 0.12765
v 0.43098 -0.14961 0.12696
v 0.43098 -0.14686 0.10363
v 0.42961 -0.14686 0.12627
v 0.43098 -0.14824 0.12627
v 0.43098 -0.14686 0.12559
v 0.43098 -0.14412 0.10363
v 0.42961 -0.14412 0.12490
v 0.43098 -0.14549 0.12490
v 0.43098 -0.14412 0.12422
v 0.43098 -0.14137 0.10363
v 0.42961 -0.14137 0.12078
v 0.43098 -0.14275 0.12078
v 0.43098 -0.14137 0.12010
v 0.43098 -0.14137 0.12147
v 0.42961 -0.14137 0.12353
v 0.43098 -0.14275 0.12353
v 0.43098 -0.14137 0.12284
v 0.42961 -0.14137 0.12490
v 0.43098 -0.13863 0.10363
v 0.43098 -0.14000 0.12078
v 0.42961 -0.13863 0.12216
v 0.43098 -0.14000 0.12216
v 0.43098 -0.13863 0.12147
v 0.43098 -0.13588 0.10363
v 0.42961 -0.13588 0.11941
v 0.43098 -0.13725 0.11941
v 0.43098 -0.13588 0.11873
v 0.42961 -0.13588 0.12078
v 0.43098 -0.13725 0.12078
v 0.42961 -0.13314 0.10431
v 0.43098 -0.13314 0.10363
v 0.42961 -0.13314 0.11941
v 0.43098 -0.13314 0.11873
v 0.43098 -0.13039 0.10363
v 0.43098 -0.13176 0.11941
v 0.42961 -0.13039 0.12078
v 0.43098 -0.13039 0.12010
v 0.43098 -0.12765 0.10363
v 0.43098 -0.12902 0.12078
v 0.43098 -0.12765 0.12147
v 0.42961 -0.12490 0.10431
v 0.43098 -0.12490 0.10363
v 0.42961 -0.12490 0.12216
v 0.43098 -0.12490 0.12147
v 0.43098 -0.12216 0.10363
v 0.42961 -0.12216 0.10843
v 0.43098 -0.12353 0.12216
v 0.42961 -0.12216 0.12353
v 0.43098 -0.12216 0.12284
v 0.42961 -0.11941 0.10431
v 0.43098 -0.12078 0.10431
v 0.43098 -0.12078 0.10569
v 0.43098 -0.12078 0.10706
v 0.42961 -0.11941 0.10843
v 0.43098 -0.11941 0.10775
v 0.43098 -0.12078 0.12353
v 0.42961 -0.11941 0.12490
v 0.43098 -0.11941 0.12422
v 0.43098 -0.11804 0.10843
v 0.43098 -0.11667 0.10912
v 0.43098 -0.11804 0.12490
v 0.42961 -0.11667 0.12627
v 0.43098 -0.11667 0.12559
v 0.42961 -0.11392 0.10843
v 0.43098 -0.11529 0.10843
v 0.43098 -0.11392 0.10775
v 0.43098 -0.11529 0.12353
v 0.43098 -0.11392 0.12284
v 0.43098 -0.11529 0.12490
v 0.43098 -0.11255 0.10843
v 0.43098 -0.11118 0.10912
v 0.42961 -0.11118 0.11529
v 0.43098 -0.11255 0.11529
v 0.43098 -0.11118 0.11461
v 0.43098 -0.11255 0.11667
v 0.43098 -0.11255 0.11804
v 0.43098 -0.11255 0.11941
v 0.43098 -0.11255 0.12078
v 0.43098 -0.11255 0.12216
v 0.43098 -0.10980 0.10980
v 0.43098 -0.10980 0.11118
v 0.43098 -0.10980 0.11255
v 0.43098 -0.10980 0.11392
v 0.43373 -0.17294 0.10843
v 0.43373 -0.17157 0.10775
v 0.43235 -0.17157 0.10980
v 0.43373 -0.17157 0.10912
v 0.43373 -0.16882 0.10775
v 0.43373 -0.17020 0.10980
v 0.43235 -0.16882 0.11118
v 0.43373 -0.16882 0.11049
v 0.43373 -0.16608 0.10775
v 0.43373 -0.16745 0.11118
v 0.43235 -0.16608 0.11255
v 0.43373 -0.16608 0.11186
v 0.43373 -0.16333 0.10775
v 0.43373 -0.16471 0.11255
v 0.43235 -0.16333 0.11392
v 0.43373 -0.16333 0.11324
v 0.43373 -0.16059 0.10775
v 0.43373 -0.16196 0.11392
v 0.43235 -0.16059 0.11529
v 0.43373 -0.16059 0.11461
v 0.43373 -0.15922 0.10431
v 0.43373 -0.15784 0.10363
v 0.43373 -0.15922 0.10569
v 0.43373 -0.15784 0.10637
v 0.43373 -0.15784 0.10775
v 0.43373 -0.15922 0.11529
v 0.43373 -0.15922 0.11667
v 0.43373 -0.15922 0.11804
v 0.43373 -0.15922 0.11941
v 0.43373 -0.15922 0.12078
v 0.43373 -0.15922 0.12216
v 0.43235 -0.15784 0.12353
v 0.43373 -0.15784 0.12284
v 0.43373 -0.15510 0.10363
v 0.43235 -0.15510 0.10706
v 0.43373 -0.15510 0.10637
v 0.43235 -0.15510 0.10843
v 0.43373 -0.15510 0.10775
v 0.43373 -0.15647 0.12353
v 0.43373 -0.15647 0.12490
v 0.43235 -0.15510 0.12627
v 0.43373 -0.15510 0.12559
v 0.43373 -0.15235 0.10363
v 0.43373 -0.15373 0.10706
v 0.43373 -0.15373 0.12627
v 0.43235 -0.15235 0.12765
v 0.43373 -0.15235 0.12696
v 0.43373 -0.14961 0.10363
v 0.43235 -0.14961 0.12627
v 0.43373 -0.15098 0.12627
v 0.43373 -0.14961 0.12559
v 0.43235 -0.14686 0.10294
v 0.43373 -0.14824 0.10294
v 0.43373 -0.14686 0.10225
v 0.43235 -0.14686 0.12490
v 0.43373 -0.14824 0.12490
v 0.43373 -0.14686 0.12422
v 0.43235 -0.14412 0.10294
v 0.43373 -0.14412 0.10225
v 0.43235 -0.14412 0.12353
v 0.43373 -0.14549 0.12353
v 0.43373 -0.14412 0.12284
v 0.43235 -0.14137 0.10294
v 0.43373 -0.14137 0.10225
v 0.43235 -0.14137 0.11941
v 0.43373 -0.14275 0.11941
v 0.43373 -0.14137 0.11873
v 0.43235 -0.14137 0.12078
v 0.43373 -0.14137 0.12010
v 0.43235 -0.14137 0.12216
v 0.43373 -0.14275 0.12216
v 0.43373 -0.14137 0.12147
v 0.43373 -0.14000 0.10294
v 0.43373 -0.13863 0.10363
v 0.43235 -0.13863 0.11941
v 0.43373 -0.13863 0.11873
v 0.43235 -0.13863 0.12078
v 0.43373 -0.14000 0.12078
v 0.43373 -0.13588 0.10363
v 0.43235 -0.13588 0.11804
v 0.43373 -0.13725 0.11804
v 0.43373 -0.13588 0.11735
v 0.43373 -0.13314 0.10363
v 0.43235 -0.13314 0.11804
v 0.43373 -0.13314 0.11735
v 0.43235 -0.13039 0.10294
v 0.43373 -0.13176 0.10294
v 0.43373 -0.13039 0.10225
v 0.43373 -0.13176 0.11804
v 0.43235 -0.13039 0.11941
v 0.43373 -0.13039 0.11873
v 0.43235 -0.12765 0.10294
v 0.43373 -0.12765 0.10225
v 0.43373 -0.12902 0.11941
v 0.43235 -0.12765 0.12078
v 0.43373 -0.12765 0.12010
v 0.43235 -0.12490 0.10294
v 0.43373 -0.12490 0.10225
v 0.43373 -0.12627 0.12078
v 0.43373 -0.12490 0.12147
v 0.43373 -0.12353 0.10294
v 0.43373 -0.12216 0.10363
v 0.43235 -0.12216 0.10706
v 0.43373 -0.12353 0.10706
v 0.43373 -0.12216 0.10637
v 0.43373 -0.12216 0.10775
v 0.43235 -0.12216 0.12216
v 0.43373 -0.12216 0.12147
v 0.43373 -0.12078 0.10431
v 0.43373 -0.12078 0.10569
v 0.43373 -0.11941 0.10775
v 0.43373 -0.12078 0.12216
v 0.43235 -0.11941 0.12353
v 0.43373 -0.11941 0.12284
v 0.43235 -0.11667 0.10843
v 0.43373 -0.11667 0.10775
v 0.43373 -0.11804 0.12353
v 0.43235 -0.11667 0.12490
v 0.43373 -0.11667 0.12422
v 0.43373 -0.11392 0.10775
v 0.43235 -0.11392 0.12216
v 0.43373 -0.11529 0.12216
v 0.43373 -0.11392 0.12147
v 0.43373 -0.11529 0.12353
v 0.43235 -0.11118 0.10843
v 0.43373 -0.11118 0.10775
v 0.43235 -0.11118 0.11392
v 0.43373 -0.11255 0.11392
v 0.43373 -0.11118 0.11324
v 0.43373 -0.11255 0.11529
v 0.43373 -0.11255 0.11667
v 0.43373 -0.11255 0.11804
v 0.43373 -0.11255 0.11941
v 0.43373 -0.11255 0.12078
v 0.43373 -0.10980 0.10843
v 0.43373 -0.10980 0.10980
v 0.43373 -0.10980 0.11118
v 0.43373 -0.10980 0.11255
v 0.43510 -0.17157 0.10706
v 0.43647 -0.17294 0.10706
v 0.43647 -0.17157 0.10637
v 0.43510 -0.17157 0.10843
v 0.43647 -0.17157 0.10775
v 0.43510 -0.16882 0.10706
v 0.43647 -0.16882 0.10637
v 0.43647 -0.17020 0.10843
v 0.43647 -0.17020 0.10980
v 0.43647 -0.16882 0.11049
v 0.43647 -0.16745 0.10706
v 0.43647 -0.16608 0.10775
v 0.43510 -0.16608 0.11118
v 0.43647 -0.16608 0.11049
v 0.43510 -0.16333 0.10706
v 0.43647 -0.16471 0.10706
v 0.43647 -0.16333 0.10637
v 0.43647 -0.16471 0.11118
v 0.43510 -0.16333 0.11255
v 0.43647 -0.16333 0.11186
v 0.43647 -0.16196 0.10706
v 0.43647 -0.16059 0.10775
v 0.43647 -0.16196 0.11255
v 0.43510 -0.16059 0.11392
v 0.43647 -0.16059 0.11324
v 0.43510 -0.16059 0.11529
v 0.43647 -0.16196 0.11529
v 0.43647 -0.16059 0.11461
v 0.43510 -0.16059 0.11667
v 0.43647 -0.16196 0.11667
v 0.43647 -0.16059 0.11735
v 0.43510 -0.16059 0.11941
v 0.43647 -0.16196 0.11941
v 0.43647 -0.16059 0.11873
v 0.43647 -0.16059 0.12010
v 0.43647 -0.15922 0.10431
v 0.43647 -0.15784 0.10363
v 0.43510 -0.15784 0.10569
v 0.43647 -0.15784 0.10500
v 0.43647 -0.15784 0.10775
v 0.43647 -0.15922 0.11392
v 0.43647 -0.15922 0.11804
v 0.43647 -0.15922 0.12078
v 0.43647 -0.15922 0.12216
v 0.43647 -0.15784 0.12284
v 0.43510 -0.15510 0.10294
v 0.43647 -0.15647 0.10294
v 0.43647 -0.15510 0.10225
v 0.43647 -0.15647 0.10569
v 0.43510 -0.15510 0.10706
v 0.43647 -0.15647 0.10706
v 0.43647 -0.15647 0.12353
v 0.43647 -0.15647 0.12490
v 0.43647 -0.15510 0.12559
v 0.43510 -0.15235 0.10294
v 0.43647 -0.15235 0.10225
v 0.43510 -0.15235 0.12490
v 0.43647 -0.15373 0.12490
v 0.43647 -0.15235 0.12422
v 0.43510 -0.15235 0.12627
v 0.43510 -0.14961 0.10294
v 0.43647 -0.14961 0.10225
v 0.43510 -0.14961 0.12490
v 0.43647 -0.14961 0.12422
v 0.43647 -0.14686 0.10225
v 0.43510 -0.14686 0.12353
v 0.43647 -0.14824 0.12353
v 0.43647 -0.14686 0.12284
v 0.43647 -0.14412 0.10225
v 0.43510 -0.14412 0.12216
v 0.43647 -0.14549 0.12216
v 0.43647 -0.14412 0.12147
v 0.43647 -0.14137 0.10225
v 0.43510 -0.14137 0.11804
v 0.43647 -0.14275 0.11804
v 0.43647 -0.14137 0.11735
v 0.43647 -0.14275 0.11941
v 0.43510 -0.14137 0.12078
v 0.43647 -0.14275 0.12078
v 0.43510 -0.13863 0.10294
v 0.43647 -0.13863 0.10225
v 0.43647 -0.14000 0.11804
v 0.43647 -0.13863 0.11873
v 0.43510 -0.13588 0.10294
v 0.43647 -0.13588 0.10225
v 0.43510 -0.13588 0.11667
v 0.43647 -0.13725 0.11667
v 0.43647 -0.13588 0.11598
v 0.43647 -0.13725 0.11804
v 0.43510 -0.13314 0.10294
v 0.43647 -0.13314 0.10225
v 0.43647 -0.13451 0.11667
v 0.43647 -0.13314 0.11735
v 0.43647 -0.13039 0.10225
v 0.43510 -0.13039 0.11804
v 0.43647 -0.13039 0.11735
v 0.43647 -0.12765 0.10225
v 0.43647 -0.12902 0.11804
v 0.43510 -0.12765 0.11941
v 0.43647 -0.12765 0.11873
v 0.43647 -0.12490 0.10225
v 0.43647 -0.12627 0.11941
v 0.43510 -0.12490 0.12078
v 0.43647 -0.12490 0.12010
v 0.43510 -0.12216 0.10294
v 0.43647 -0.12216 0.10225
v 0.43647 -0.12353 0.10706
v 0.43647 -0.12216 0.10637
v 0.43647 -0.12216 0.10775
v 0.43647 -0.12353 0.12078
v 0.43647 -0.12216 0.12147
v 0.43647 -0.12078 0.10294
v 0.43647 -0.12078 0.10431
v 0.43647 -0.12078 0.10569
v 0.43510 -0.11941 0.10706
v 0.43647 -0.12078 0.10706
v 0.43647 -0.11941 0.10637
v 0.43510 -0.11941 0.12216
v 0.43647 -0.11941 0.12147
v 0.43647 -0.11804 0.10706
v 0.43647 -0.11667 0.10775
v 0.43647 -0.11804 0.12216
v 0.43510 -0.11667 0.12353
v 0.43647 -0.11667 0.12284
v 0.43647 -0.11392 0.10775
v 0.43510 -0.11392 0.12078
v 0.43647 -0.11529 0.12078
v 0.43647 -0.11392 0.12010
v 0.43647 -0.11529 0.12216
v 0.43647 -0.11118 0.10775
v 0.43647 -0.11255 0.11392
v 0.43647 -0.11118 0.11324
v 0.43647 -0.11255 0.11529
v 0.43647 -0.11255 0.11667
v 0.43647 -0.11255 0.11804
v 0.43647 -0.11255 0.11941
v 0.43647 -0.10980 0.10843
v 0.43647 -0.10980 0.10980
v 0.43647 -0.10980 0.11118
v 0.43647 -0.10980 0.11255
v 0.43784 -0.17157 0.10569
v 0.43922 -0.17294 0.10569
v 0.43922 -0.17157 0.10500
v 0.43922 -0.17294 0.10706
v 0.43922 -0.17157 0.10775
v 0.43922 -0.17020 0.10569
v 0.43922 -0.16882 0.10637
v 0.43784 -0.16882 0.10843
v 0.43922 -0.16882 0.10775
v 0.43784 -0.16882 0.10980
v 0.43784 -0.16608 0.10706
v 0.43922 -0.16608 0.10637
v 0.43922 -0.16745 0.10843
v 0.43784 -0.16608 0.10980
v 0.43922 -0.16608 0.10912
v 0.43922 -0.16333 0.10637
v 0.43922 -0.16471 0.10980
v 0.43784 -0.16333 0.11118
v 0.43922 -0.16333 0.11049
v 0.43784 -0.16059 0.10706
v 0.43922 -0.16059 0.10637
v 0.43922 -0.16196 0.11118
v 0.43922 -0.16196 0.11255
v 0.43784 -0.16059 0.11392
v 0.43922 -0.16196 0.11392
v 0.43922 -0.16196 0.11529
v 0.43922 -0.16196 0.11667
v 0.43784 -0.16059 0.11804
v 0.43922 -0.16196 0.11804
v 0.43922 -0.16196 0.11941
v 0.43922 -0.16059 0.12010
v 0.43784 -0.15784 0.10294
v 0.43922 -0.15922 0.10294
v 0.43922 -0.15784 0.10225
v 0.43922 -0.15922 0.10431
v 0.43922 -0.15784 0.10500
v 0.43784 -0.15784 0.10706
v 0.43922 -0.15784 0.10637
v 0.43922 -0.15922 0.12078
v 0.43784 -0.15784 0.12216
v 0.43922 -0.15784 0.12147
v 0.43922 -0.15510 0.10225
v 0.43922 -0.15647 0.10569
v 0.43922 -0.15647 0.12216
v 0.43922 -0.15647 0.12353
v 0.43784 -0.15510 0.12490
v 0.43922 -0.15510 0.12422
v 0.43922 -0.15235 0.10225
v 0.43784 -0.15235 0.12353
v 0.43922 -0.15373 0.12353
v 0.43922 -0.15235 0.12284
v 0.43922 -0.14961 0.10225
v 0.43784 -0.14961 0.12353
v 0.43922 -0.14961 0.12284
v 0.43922 -0.14686 0.10225
v 0.43784 -0.14686 0.12216
v 0.43922 -0.14824 0.12216
v 0.43922 -0.14686 0.12147
v 0.43922 -0.14412 0.10225
v 0.43784 -0.14412 0.12078
v 0.43922 -0.14549 0.12078
v 0.43922 -0.14412 0.12010
v 0.43922 -0.14137 0.10225
v 0.43922 -0.14275 0.11804
v 0.43922 -0.14137 0.11735
v 0.43922 -0.14275 0.11941
v 0.43784 -0.13863 0.10157
v 0.43922 -0.14000 0.10157
v 0.43922 -0.13863 0.10088
v 0.43784 -0.13863 0.11804
v 0.43922 -0.13863 0.11735
v 0.43922 -0.13725 0.10157
v 0.43922 -0.13588 0.10225
v 0.43784 -0.13588 0.11529
v 0.43922 -0.13725 0.11529
v 0.43922 -0.13588 0.11461
v 0.43922 -0.13725 0.11667
v 0.43922 -0.13314 0.10225
v 0.43922 -0.13451 0.11529
v 0.43784 -0.13314 0.11667
v 0.43922 -0.13314 0.11598
v 0.43922 -0.13039 0.10225
v 0.43922 -0.13176 0.11667
v 0.43922 -0.13039 0.11735
v 0.43922 -0.12765 0.10225
v 0.43784 -0.12765 0.11804
v 0.43922 -0.12765 0.11735
v 0.43784 -0.12490 0.10157
v 0.43922 -0.12627 0.10157
v 0.43922 -0.12490 0.10088
v 0.43922 -0.12627 0.11804
v 0.43784 -0.12490 0.11941
v 0.43922 -0.12490 0.11873
v 0.43922 -0.12353 0.10157
v 0.43922 -0.12216 0.10225
v 0.43784 -0.12216 0.10706
v 0.43922 -0.12353 0.11941
v 0.43784 -0.12216 0.12078
v 0.43922 -0.12216 0.12010
v 0.43922 -0.12078 0.10294
v 0.43922 -0.12078 0.10431
v 0.43922 -0.12078 0.10569
v 0.43922 -0.11941 0.10637
v 0.43922 -0.12078 0.12078
v 0.43922 -0.11941 0.12147
v 0.43784 -0.11667 0.10706
v 0.43922 -0.11667 0.10637
v 0.43784 -0.11667 0.12216
v 0.43922 -0.11667 0.12147
v 0.43784 -0.11392 0.10706
v 0.43922 -0.11392 0.10637
v 0.43784 -0.11392 0.11804
v 0.43922 -0.11529 0.11804
v 0.43922 -0.11392 0.11735
v 0.43784 -0.11392 0.11941
v 0.43922 -0.11529 0.11941
v 0.43922 -0.11529 0.12078
v 0.43784 -0.11118 0.10706
v 0.43922 -0.11118 0.10637
v 0.43784 -0.11118 0.11255
v 0.43922 -0.11255 0.11255
v 0.43922 -0.11118 0.11186
v 0.43922 -0.11255 0.11392
v 0.43922 -0.11255 0.11529
v 0.43922 -0.11255 0.11667
v 0.43922 -0.10980 0.10706
v 0.43922 -0.10980 0.10843
v 0.43922 -0.10980 0.10980
v 0.43922 -0.10980 0.11118
v 0.44059 -0.17157 0.10569
v 0.44059 -0.17157 0.10706
v 0.44059 -0.16882 0.10706
v 0.44196 -0.16745 0.10706
v 0.44196 -0.16608 0.10637
v 0.44059 -0.16608 0.10843
v 0.44196 -0.16608 0.10775
v 0.44196 -0.16333 0.10637
v 0.44196 -0.16471 0.10843
v 0.44059 -0.16333 0.10980
v 0.44196 -0.16333 0.10912
v 0.44059 -0.16059 0.10569
v 0.44196 -0.16196 0.10569
v 0.44196 -0.16059 0.10500
v 0.44196 -0.16196 0.10980
v 0.44196 -0.16196 0.11118
v 0.44196 -0.16196 0.11255
v 0.44196 -0.16196 0.11392
v 0.44196 -0.16196 0.11529
v 0.44196 -0.16196 0.11667
v 0.44196 -0.16196 0.11804
v 0.44059 -0.16059 0.11941
v 0.44196 -0.16059 0.11873
v 0.44196 -0.15922 0.10294
v 0.44196 -0.15784 0.10225
v 0.44059 -0.15784 0.10431
v 0.44196 -0.15784 0.10363
v 0.44196 -0.15922 0.10569
v 0.44196 -0.15784 0.10637
v 0.44196 -0.15922 0.11941
v 0.44196 -0.15922 0.12078
v 0.44196 -0.15784 0.12147
v 0.44196 -0.15510 0.10225
v 0.44196 -0.15647 0.10431
v 0.44059 -0.15510 0.10569
v 0.44196 -0.15510 0.10500
v 0.44196 -0.15510 0.10637
v 0.44196 -0.15647 0.12216
v 0.44059 -0.15510 0.12353
v 0.44196 -0.15510 0.12284
v 0.44196 -0.15235 0.10225
v 0.44196 -0.15373 0.10569
v 0.44059 -0.15235 0.12216
v 0.44196 -0.15373 0.12216
v 0.44196 -0.15235 0.12147
v 0.44196 -0.14961 0.10225
v 0.44059 -0.14961 0.12078
v 0.44196 -0.15098 0.12078
v 0.44196 -0.14961 0.12010
v 0.44059 -0.14961 0.12216
v 0.44059 -0.14686 0.10157
v 0.44196 -0.14824 0.10157
v 0.44196 -0.14686 0.10088
v 0.44059 -0.14686 0.12078
v 0.44196 -0.14686 0.12010
v 0.44059 -0.14412 0.10157
v 0.44196 -0.14412 0.10088
v 0.44059 -0.14412 0.11392
v 0.44196 -0.14549 0.11392
v 0.44196 -0.14412 0.11324
v 0.44196 -0.14412 0.11461
v 0.44059 -0.14412 0.11804
v 0.44196 -0.14549 0.11804
v 0.44196 -0.14412 0.11735
v 0.44059 -0.14412 0.11941
v 0.44196 -0.14549 0.11941
v 0.44059 -0.14137 0.10157
v 0.44196 -0.14137 0.10088
v 0.44196 -0.14275 0.11392
v 0.44059 -0.14137 0.11667
v 0.44196 -0.14275 0.11667
v 0.44196 -0.14137 0.11598
v 0.44196 -0.13863 0.10088
v 0.44059 -0.13863 0.11529
v 0.44196 -0.14000 0.11529
v 0.44196 -0.13863 0.11461
v 0.44059 -0.13863 0.11667
v 0.44196 -0.13725 0.10157
v 0.44196 -0.13588 0.10225
v 0.44196 -0.13588 0.11461
v 0.44059 -0.13314 0.10157
v 0.44196 -0.13451 0.10157
v 0.44196 -0.13314 0.10088
v 0.44059 -0.13314 0.11529
v 0.44196 -0.13314 0.11461
v 0.44196 -0.13176 0.10157
v 0.44196 -0.13039 0.10225
v 0.44196 -0.13176 0.11529
v 0.44059 -0.13039 0.11667
v 0.44196 -0.13039 0.11598
v 0.44059 -0.12765 0.10157
v 0.44196 -0.12902 0.10157
v 0.44196 -0.12765 0.10088
v 0.44196 -0.12902 0.11667
v 0.44196 -0.12765 0.11735
v 0.44196 -0.12490 0.10088
v 0.44059 -0.12490 0.11804
v 0.44196 -0.12490 0.11735
v 0.44196 -0.12353 0.10157
v 0.44196 -0.12216 0.10225
v 0.44059 -0.12216 0.10431
v 0.44196 -0.12353 0.10431
v 0.44196 -0.12216 0.10363
v 0.44059 -0.12216 0.10569
v 0.44196 -0.12353 0.10569
v 0.44196 -0.12216 0.10637
v 0.44196 -0.12353 0.11804
v 0.44059 -0.12216 0.11941
v 0.44196 -0.12216 0.11873
v 0.44196 -0.12078 0.10294
v 0.44196 -0.11941 0.10637
v 0.44196 -0.12078 0.11941
v 0.44059 -0.11941 0.12078
v 0.44196 -0.11941 0.12010
v 0.44196 -0.11667 0.10637
v 0.44196 -0.11804 0.12078
v 0.44196 -0.11667 0.12147
v 0.44196 -0.11392 0.10637
v 0.44059 -0.11392 0.11667
v 0.44196 -0.11529 0.11667
v 0.44196 -0.11392 0.11598
v 0.44196 -0.11529 0.11804
v 0.44196 -0.11529 0.11941
v 0.44196 -0.11529 0.12078
v 0.44196 -0.11118 0.10637
v 0.44059 -0.11118 0.11118
v 0.44196 -0.11255 0.11118
v 0.44196 -0.11118 0.11049
v 0.44196 -0.11255 0.11255
v 0.44196 -0.11255 0.11392
v 0.44196 -0.11255 0.11529
v 0.44196 -0.10980 0.10706
v 0.44196 -0.10980 0.10843
v 0.44196 -0.10980 0.10980
v 0.44333 -0.16608 0.10706
v 0.44333 -0.16333 0.10569
v 0.44471 -0.16471 0.10569
v 0.44471 -0.16333 0.10500
v 0.44471 -0.16471 0.10706
v 0.44333 -0.16333 0.10843
v 0.44471 -0.16333 0.10775
v 0.44471 -0.16059 0.10500
v 0.44471 -0.16196 0.10843
v 0.44471 -0.16196 0.10980
v 0.44471 -0.16196 0.11118
v 0.44471 -0.16196 0.11255
v 0.44471 -0.16196 0.11392
v 0.44471 -0.16196 0.11529
v 0.44471 -0.16196 0.11667
v 0.44333 -0.16059 0.11804
v 0.44471 -0.16059 0.11735
v 0.44471 -0.15922 0.10294
v 0.44471 -0.15784 0.10225
v 0.44471 -0.15784 0.10363
v 0.44471 -0.15922 0.10569
v 0.44471 -0.15784 0.10637
v 0.44471 -0.15922 0.11804
v 0.44471 -0.15922 0.11941
v 0.44333 -0.15784 0.12078
v 0.44471 -0.15784 0.12010
v 0.44333 -0.15510 0.10157
v 0.44471 -0.15647 0.10157
v 0.44471 -0.15510 0.10088
v 0.44471 -0.15647 0.10431
v 0.44333 -0.15510 0.10569
v 0.44471 -0.15647 0.10569
v 0.44333 -0.15510 0.12078
v 0.44471 -0.15510 0.12010
v 0.44333 -0.15510 0.12216
v 0.44333 -0.15235 0.10157
v 0.44471 -0.15235 0.10088
v 0.44333 -0.15235 0.11941
v 0.44471 -0.15373 0.11941
v 0.44471 -0.15235 0.11873
v 0.44333 -0.15235 0.12078
v 0.44333 -0.14961 0.10157
v 0.44471 -0.14961 0.10088
v 0.44333 -0.14961 0.11941
v 0.44471 -0.14961 0.11873
v 0.44471 -0.14686 0.10088
v 0.44333 -0.14686 0.11804
v 0.44471 -0.14824 0.11804
v 0.44471 -0.14686 0.11735
v 0.44333 -0.14686 0.11941
v 0.44471 -0.14412 0.10088
v 0.44333 -0.14412 0.11255
v 0.44471 -0.14549 0.11255
v 0.44471 -0.14412 0.11186
v 0.44333 -0.14412 0.11392
v 0.44471 -0.14412 0.11324
v 0.44333 -0.14412 0.11667
v 0.44471 -0.14549 0.11667
v 0.44471 -0.14412 0.11598
v 0.44471 -0.14137 0.10088
v 0.44471 -0.14275 0.11255
v 0.44333 -0.14137 0.11529
v 0.44471 -0.14275 0.11529
v 0.44471 -0.14137 0.11461
v 0.44471 -0.13863 0.10088
v 0.44333 -0.13863 0.11392
v 0.44471 -0.14000 0.11392
v 0.44471 -0.13863 0.11324
v 0.44333 -0.13588 0.10157
v 0.44471 -0.13588 0.10088
v 0.44333 -0.13588 0.11392
v 0.44471 -0.13588 0.11324
v 0.44471 -0.13314 0.10088
v 0.44333 -0.13314 0.11392
v 0.44471 -0.13314 0.11324
v 0.44471 -0.13176 0.10157
v 0.44471 -0.13039 0.10225
v 0.44471 -0.13176 0.11392
v 0.44333 -0.13039 0.11529
v 0.44471 -0.13039 0.11461
v 0.44471 -0.12902 0.10157
v 0.44471 -0.12765 0.10088
v 0.44471 -0.12902 0.11529
v 0.44333 -0.12765 0.11667
v 0.44471 -0.12765 0.11598
v 0.44471 -0.12490 0.10088
v 0.44333 -0.12490 0.10431
v 0.44471 -0.12627 0.10431
v 0.44471 -0.12490 0.10363
v 0.44471 -0.12490 0.10500
v 0.44471 -0.12627 0.11667
v 0.44471 -0.12490 0.11735
v 0.44333 -0.12216 0.10157
v 0.44471 -0.12216 0.10088
v 0.44333 -0.12216 0.10294
v 0.44471 -0.12353 0.10294
v 0.44471 -0.12216 0.10225
v 0.44471 -0.12353 0.10569
v 0.44471 -0.12216 0.10637
v 0.44333 -0.12216 0.11804
v 0.44471 -0.12216 0.11735
v 0.44471 -0.12078 0.10157
v 0.44471 -0.11941 0.10637
v 0.44471 -0.12078 0.11804
v 0.44333 -0.11941 0.11941
v 0.44471 -0.11941 0.11873
v 0.44333 -0.11667 0.10569
v 0.44471 -0.11804 0.10569
v 0.44471 -0.11667 0.10500
v 0.44333 -0.11667 0.11941
v 0.44471 -0.11667 0.11873
v 0.44333 -0.11667 0.12078
v 0.44471 -0.11529 0.10569
v 0.44471 -0.11392 0.10637
v 0.44333 -0.11392 0.11529
v 0.44471 -0.11529 0.11529
v 0.44471 -0.11392 0.11461
v 0.44471 -0.11529 0.11667
v 0.44471 -0.11529 0.11804
v 0.44471 -0.11118 0.10637
v 0.44333 -0.11118 0.10980
v 0.44471 -0.11255 0.10980
v 0.44471 -0.11118 0.10912
v 0.44471 -0.11255 0.11118
v 0.44471 -0.11255 0.11255
v 0.44471 -0.11255 0.11392
v 0.44471 -0.10980 0.10706
v 0.44471 -0.10980 0.10843
v 0.44745 -0.16471 0.10569
v 0.44745 -0.16333 0.10500
v 0.44608 -0.16333 0.10706
v 0.44745 -0.16333 0.10637
v 0.44608 -0.16333 0.10843
v 0.44745 -0.16471 0.10843
v 0.44745 -0.16333 0.10775
v 0.44608 -0.16333 0.10980
v 0.44745 -0.16471 0.10980
v 0.44608 -0.16333 0.11118
v 0.44745 -0.16471 0.11118
v 0.44608 -0.16333 0.11255
v 0.44745 -0.16471 0.11255
v 0.44608 -0.16333 0.11392
v 0.44745 -0.16471 0.11392
v 0.44745 -0.16333 0.11461
v 0.44745 -0.16059 0.10500
v 0.44745 -0.16196 0.10706
v 0.44745 -0.16196 0.11529
v 0.44745 -0.16196 0.11667
v 0.44745 -0.16059 0.11735
v 0.44608 -0.15784 0.10157
v 0.44745 -0.15922 0.10157
v 0.44745 -0.15784 0.10088
v 0.44608 -0.15784 0.10294
v 0.44745 -0.15784 0.10225
v 0.44608 -0.15784 0.10569
v 0.44745 -0.15784 0.10500
v 0.44745 -0.15922 0.11804
v 0.44608 -0.15784 0.11941
v 0.44745 -0.15784 0.11873
v 0.44745 -0.15510 0.10088
v 0.44745 -0.15647 0.10294
v 0.44608 -0.15510 0.10431
v 0.44745 -0.15510 0.10363
v 0.44745 -0.15510 0.10500
v 0.44608 -0.15510 0.11941
v 0.44745 -0.15510 0.11873
v 0.44745 -0.15235 0.10088
v 0.44745 -0.15373 0.10431
v 0.44608 -0.15235 0.11804
v 0.44745 -0.15373 0.11804
v 0.44745 -0.15235 0.11735
v 0.44745 -0.14961 0.10088
v 0.44608 -0.14961 0.11804
v 0.44745 -0.14961 0.11735
v 0.44745 -0.14686 0.10088
v 0.44608 -0.14686 0.11529
v 0.44745 -0.14824 0.11529
v 0.44745 -0.14686 0.11461
v 0.44608 -0.14686 0.11667
v 0.44745 -0.14824 0.11667
v 0.44745 -0.14412 0.10088
v 0.44608 -0.14412 0.11118
v 0.44745 -0.14549 0.11118
v 0.44745 -0.14412 0.11049
v 0.44608 -0.14412 0.11255
v 0.44745 -0.14412 0.11186
v 0.44608 -0.14412 0.11529
v 0.44745 -0.14412 0.11461
v 0.44608 -0.14137 0.10020
v 0.44745 -0.14275 0.10020
v 0.44745 -0.14137 0.09951
v 0.44745 -0.14275 0.11118
v 0.44608 -0.14137 0.11392
v 0.44745 -0.14275 0.11392
v 0.44745 -0.14137 0.11324
v 0.44608 -0.13863 0.10020
v 0.44745 -0.13863 0.09951
v 0.44608 -0.13863 0.11255
v 0.44745 -0.14000 0.11255
v 0.44745 -0.13863 0.11186
v 0.44745 -0.13725 0.10020
v 0.44745 -0.13588 0.10088
v 0.44608 -0.13588 0.11255
v 0.44745 -0.13588 0.11186
v 0.44745 -0.13314 0.10088
v 0.44608 -0.13314 0.11255
v 0.44745 -0.13314 0.11186
v 0.44608 -0.13039 0.10157
v 0.44745 -0.13039 0.10088
v 0.44745 -0.13176 0.11255
v 0.44608 -0.13039 0.11392
v 0.44745 -0.13039 0.11324
v 0.44745 -0.12765 0.10088
v 0.44745 -0.12902 0.11392
v 0.44608 -0.12765 0.11529
v 0.44745 -0.12765 0.11461
v 0.44608 -0.12490 0.10020
v 0.44745 -0.12627 0.10020
v 0.44745 -0.12490 0.09951
v 0.44745 -0.12627 0.10431
v 0.44745 -0.12490 0.10363
v 0.44745 -0.12490 0.10500
v 0.44745 -0.12627 0.11529
v 0.44608 -0.12490 0.11667
v 0.44745 -0.12490 0.11598
v 0.44745 -0.12353 0.10020
v 0.44608 -0.12216 0.10157
v 0.44745 -0.12353 0.10157
v 0.44745 -0.12353 0.10294
v 0.44608 -0.12216 0.10569
v 0.44745 -0.12216 0.10500
v 0.44745 -0.12353 0.11667
v 0.44745 -0.12216 0.11735
v 0.44608 -0.11941 0.10569
v 0.44745 -0.11941 0.10500
v 0.44608 -0.11941 0.11804
v 0.44745 -0.11941 0.11735
v 0.44745 -0.11667 0.10500
v 0.44608 -0.11667 0.11804
v 0.44745 -0.11667 0.11735
v 0.44608 -0.11392 0.10569
v 0.44745 -0.11392 0.10500
v 0.44608 -0.11392 0.11255
v 0.44745 -0.11529 0.11255
v 0.44745 -0.11392 0.11186
v 0.44608 -0.11392 0.11392
v 0.44745 -0.11529 0.11392
v 0.44745 -0.11529 0.11529
v 0.44745 -0.11529 0.11667
v 0.44608 -0.11118 0.10569
v 0.44745 -0.11118 0.10500
v 0.44608 -0.11118 0.10706
v 0.44745 -0.11255 0.10706
v 0.44745 -0.11118 0.10637
v 0.44608 -0.11118 0.10843
v 0.44745 -0.11255 0.10843
v 0.44745 -0.11255 0.10980
v 0.44745 -0.11255 0.11118
v 0.44745 -0.10980 0.10569
v 0.45020 -0.16471 0.10569
v 0.45020 -0.16333 0.10500
v 0.44882 -0.16333 0.10706
v 0.45020 -0.16471 0.10706
v 0.45020 -0.16471 0.10843
v 0.45020 -0.16471 0.10980
v 0.45020 -0.16471 0.11118
v 0.45020 -0.16471 0.11255
v 0.45020 -0.16471 0.11392
v 0.45020 -0.16333 0.11461
v 0.44882 -0.16059 0.10431
v 0.45020 -0.16196 0.10431
v 0.45020 -0.16059 0.10363
v 0.45020 -0.16196 0.11529
v 0.44882 -0.16059 0.11667
v 0.45020 -0.16059 0.11598
v 0.44882 -0.15784 0.10157
v 0.44882 -0.15784 0.10431
v 0.45020 -0.15784 0.10363
v 0.45020 -0.15922 0.11667
v 0.44882 -0.15784 0.11804
v 0.45020 -0.15784 0.11735
v 0.45020 -0.15647 0.10157
v 0.45020 -0.15510 0.10088
v 0.44882 -0.15510 0.10294
v 0.45020 -0.15510 0.10225
v 0.45020 -0.15647 0.10431
v 0.45020 -0.15510 0.10500
v 0.44882 -0.15510 0.11667
v 0.45020 -0.15647 0.11667
v 0.45020 -0.15510 0.11598
v 0.44882 -0.15510 0.11804
v 0.45020 -0.15235 0.10088
v 0.45020 -0.15373 0.10294
v 0.44882 -0.15235 0.10431
v 0.45020 -0.15235 0.10363
v 0.45020 -0.15235 0.10500
v 0.44882 -0.15235 0.11667
v 0.45020 -0.15235 0.11598
v 0.44882 -0.14961 0.10020
v 0.45020 -0.15098 0.10020
v 0.45020 -0.14961 0.09951
v 0.45020 -0.15098 0.10431
v 0.44882 -0.14961 0.11529
v 0.45020 -0.15098 0.11529
v 0.45020 -0.14961 0.11461
v 0.44882 -0.14961 0.11667
v 0.44882 -0.14686 0.10020
v 0.45020 -0.14686 0.09951
v 0.44882 -0.14686 0.11392
v 0.45020 -0.14824 0.11392
v 0.45020 -0.14686 0.11324
v 0.44882 -0.14412 0.10020
v 0.45020 -0.14412 0.09951
v 0.44882 -0.14412 0.11118
v 0.44882 -0.14412 0.11392
v 0.45020 -0.14412 0.11324
v 0.45020 -0.14137 0.09951
v 0.44882 -0.14137 0.11255
v 0.45020 -0.14275 0.11255
v 0.45020 -0.14137 0.11186
v 0.45020 -0.13863 0.09951
v 0.44882 -0.13863 0.11118
v 0.45020 -0.14000 0.11118
v 0.45020 -0.13863 0.11049
v 0.45020 -0.13725 0.10020
v 0.45020 -0.13588 0.10088
v 0.44882 -0.13588 0.11118
v 0.45020 -0.13588 0.11049
v 0.44882 -0.13314 0.10020
v 0.45020 -0.13451 0.10020
v 0.45020 -0.13314 0.09951
v 0.45020 -0.13451 0.11118
v 0.45020 -0.13314 0.11186
v 0.45020 -0.13176 0.10020
v 0.45020 -0.13039 0.10088
v 0.44882 -0.13039 0.11255
v 0.45020 -0.13039 0.11186
v 0.44882 -0.12765 0.10020
v 0.45020 -0.12902 0.10020
v 0.45020 -0.12765 0.09951
v 0.44882 -0.12765 0.10431
v 0.45020 -0.12902 0.10431
v 0.45020 -0.12765 0.10363
v 0.45020 -0.12765 0.10500
v 0.45020 -0.12902 0.11255
v 0.44882 -0.12765 0.11392
v 0.45020 -0.12765 0.11324
v 0.45020 -0.12490 0.09951
v 0.44882 -0.12490 0.10294
v 0.45020 -0.12627 0.10294
v 0.45020 -0.12490 0.10225
v 0.45020 -0.12490 0.10500
v 0.45020 -0.12627 0.11392
v 0.44882 -0.12490 0.11529
v 0.45020 -0.12490 0.11461
v 0.45020 -0.12353 0.10020
v 0.45020 -0.12353 0.10157
v 0.45020 -0.12216 0.10500
v 0.45020 -0.12353 0.11529
v 0.44882 -0.12216 0.11667
v 0.45020 -0.12216 0.11598
v 0.45020 -0.11941 0.10500
v 0.45020 -0.12078 0.11667
v 0.45020 -0.11941 0.11735
v 0.45020 -0.11667 0.10500
v 0.44882 -0.11667 0.11529
v 0.45020 -0.11804 0.11529
v 0.45020 -0.11667 0.11461
v 0.44882 -0.11667 0.11667
v 0.45020 -0.11804 0.11667
v 0.45020 -0.11392 0.10500
v 0.44882 -0.11392 0.11118
v 0.45020 -0.11529 0.11118
v 0.45020 -0.11392 0.11049
v 0.45020 -0.11529 0.11255
v 0.45020 -0.11529 0.11392
v 0.44882 -0.11118 0.10569
v 0.45020 -0.11255 0.10569
v 0.45020 -0.11255 0.10706
v 0.45020 -0.11255 0.10843
v 0.45020 -0.11255 0.10980
v 0.45157 -0.16333 0.10431
v 0.45294 -0.16471 0.10431
v 0.45294 -0.16333 0.10363
v 0.45294 -0.16471 0.10569
v 0.45294 -0.16471 0.10706
v 0.45294 -0.16471 0.10843
v 0.45294 -0.16471 0.10980
v 0.45294 -0.16471 0.11118
v 0.45157 -0.16333 0.11255
v 0.45294 -0.16333 0.11186
v 0.45157 -0.16333 0.11392
v 0.45294 -0.16059 0.10363
v 0.45294 -0.16196 0.11255
v 0.45294 -0.16196 0.11392
v 0.45157 -0.16059 0.11529
v 0.45294 -0.16059 0.11461
v 0.45294 -0.15784 0.10363
v 0.45157 -0.15784 0.11529
v 0.45294 -0.15784 0.11461
v 0.45157 -0.15784 0.11667
v 0.45157 -0.15510 0.10020
v 0.45294 -0.15647 0.10020
v 0.45294 -0.15510 0.09951
v 0.45157 -0.15510 0.10157
v 0.45294 -0.15510 0.10088
v 0.45157 -0.15510 0.10431
v 0.45294 -0.15510 0.10363
v 0.45157 -0.15510 0.11392
v 0.45294 -0.15647 0.11392
v 0.45294 -0.15510 0.11324
v 0.45157 -0.15510 0.11529
v 0.45157 -0.15235 0.10020
v 0.45294 -0.15235 0.09951
v 0.45294 -0.15373 0.10157
v 0.45157 -0.15235 0.10294
v 0.45294 -0.15235 0.10225
v 0.45157 -0.15235 0.10431
v 0.45294 -0.15235 0.10363
v 0.45157 -0.15235 0.11392
v 0.45294 -0.15235 0.11324
v 0.45157 -0.15235 0.11529
v 0.45294 -0.14961 0.09951
v 0.45294 -0.15098 0.10294
v 0.45157 -0.14961 0.10431
v 0.45294 -0.15098 0.10431
v 0.45294 -0.14961 0.10363
v 0.45294 -0.14961 0.10500
v 0.45157 -0.14961 0.11392
v 0.45294 -0.14961 0.11324
v 0.45294 -0.14686 0.09951
v 0.45294 -0.14824 0.10431
v 0.45157 -0.14686 0.10706
v 0.45294 -0.14824 0.10706
v 0.45294 -0.14686 0.10637
v 0.45294 -0.14686 0.10775
v 0.45157 -0.14686 0.11255
v 0.45294 -0.14824 0.11255
v 0.45294 -0.14686 0.11186
v 0.45294 -0.14412 0.09951
v 0.45294 -0.14549 0.10706
v 0.45157 -0.14412 0.11118
v 0.45294 -0.14549 0.11118
v 0.45294 -0.14412 0.11049
v 0.45157 -0.14412 0.11255
v 0.45294 -0.14137 0.09951
v 0.45157 -0.14137 0.11118
v 0.45294 -0.14137 0.11049
v 0.45294 -0.13863 0.09951
v 0.45157 -0.13863 0.10843
v 0.45294 -0.14000 0.10843
v 0.45294 -0.13863 0.10775
v 0.45157 -0.13863 0.10980
v 0.45294 -0.14000 0.10980
v 0.45157 -0.13588 0.10020
v 0.45294 -0.13588 0.09951
v 0.45294 -0.13725 0.10843
v 0.45157 -0.13588 0.10980
v 0.45294 -0.13588 0.10912
v 0.45294 -0.13314 0.09951
v 0.45294 -0.13451 0.10980
v 0.45157 -0.13314 0.11118
v 0.45294 -0.13314 0.11049
v 0.45294 -0.13176 0.10020
v 0.45294 -0.13039 0.10088
v 0.45294 -0.13176 0.11118
v 0.45294 -0.13039 0.11186
v 0.45294 -0.12902 0.10020
v 0.45294 -0.12765 0.09951
v 0.45157 -0.12765 0.10294
v 0.45294 -0.12902 0.10294
v 0.45294 -0.12765 0.10225
v 0.45157 -0.12765 0.10431
v 0.45294 -0.12765 0.10363
v 0.45157 -0.12765 0.11255
v 0.45294 -0.12765 0.11186
v 0.45294 -0.12490 0.09951
v 0.45157 -0.12490 0.10157
v 0.45294 -0.12627 0.10157
v 0.45294 -0.12490 0.10088
v 0.45157 -0.12490 0.10431
v 0.45294 -0.12490 0.10363
v 0.45294 -0.12627 0.11255
v 0.45157 -0.12490 0.11392
v 0.45294 -0.12490 0.11324
v 0.45294 -0.12353 0.10020
v 0.45294 -0.12353 0.10431
v 0.45294 -0.12216 0.10500
v 0.45294 -0.12353 0.11392
v 0.45157 -0.12216 0.11529
v 0.45294 -0.12216 0.11461
v 0.45294 -0.11941 0.10500
v 0.45157 -0.11941 0.11529
v 0.45294 -0.11941 0.11461
v 0.45157 -0.11941 0.11667
v 0.45157 -0.11667 0.10431
v 0.45294 -0.11804 0.10431
v 0.45294 -0.11667 0.10363
v 0.45157 -0.11667 0.11255
v 0.45294 -0.11804 0.11255
v 0.45294 -0.11667 0.11186
v 0.45157 -0.11667 0.11392
v 0.45294 -0.11804 0.11392
v 0.45157 -0.11392 0.10431
v 0.45294 -0.11392 0.10363
v 0.45157 -0.11392 0.10980
v 0.45294 -0.11529 0.10980
v 0.45294 -0.11392 0.10912
v 0.45294 -0.11529 0.11118
v 0.45294 -0.11255 0.10431
v 0.45294 -0.11255 0.10569
v 0.45294 -0.11255 0.10706
v 0.45294 -0.11255 0.10843
v 0.45431 -0.16608 0.10431
v 0.45569 -0.16745 0.10431
v 0.45569 -0.16608 0.10363
v 0.45431 -0.16608 0.10569
v 0.45569 -0.16745 0.10569
v 0.45569 -0.16608 0.10637
v 0.45431 -0.16608 0.10843
v 0.45569 -0.16745 0.10843
v 0.45569 -0.16608 0.10775
v 0.45569 -0.16608 0.10912
v 0.45569 -0.16333 0.10363
v 0.45569 -0.16471 0.10706
v 0.45569 -0.16471 0.10980
v 0.45431 -0.16333 0.11118
v 0.45569 -0.16333 0.11049
v 0.45569 -0.16059 0.10363
v 0.45569 -0.16196 0.11118
v 0.45431 -0.16059 0.11255
v 0.45569 -0.16059 0.11186
v 0.45431 -0.16059 0.11392
v 0.45569 -0.15784 0.10363
v 0.45569 -0.15922 0.11255
v 0.45431 -0.15784 0.11392
v 0.45569 -0.15784 0.11324
v 0.45569 -0.15647 0.10020
v 0.45569 -0.15510 0.09951
v 0.45569 -0.15510 0.10088
v 0.45569 -0.15510 0.10363
v 0.45431 -0.15510 0.11255
v 0.45569 -0.15647 0.11255
v 0.45569 -0.15510 0.11186
v 0.45569 -0.15235 0.09951
v 0.45431 -0.15235 0.10157
v 0.45569 -0.15235 0.10088
v 0.45569 -0.15235 0.10363
v 0.45431 -0.15235 0.11255
v 0.45569 -0.15235 0.11186
v 0.45569 -0.14961 0.09951
v 0.45569 -0.15098 0.10157
v 0.45431 -0.14961 0.10294
v 0.45569 -0.14961 0.10225
v 0.45431 -0.14961 0.10431
v 0.45569 -0.14961 0.10363
v 0.45431 -0.14961 0.11118
v 0.45569 -0.15098 0.11118
v 0.45569 -0.14961 0.11049
v 0.45431 -0.14961 0.11255
v 0.45569 -0.14686 0.09951
v 0.45569 -0.14824 0.10294
v 0.45431 -0.14686 0.10569
v 0.45569 -0.14824 0.10569
v 0.45569 -0.14686 0.10500
v 0.45431 -0.14686 0.10706
v 0.45569 -0.14686 0.10637
v 0.45431 -0.14686 0.11118
v 0.45569 -0.14686 0.11049
v 0.45569 -0.14412 0.09951
v 0.45569 -0.14549 0.10569
v 0.45431 -0.14412 0.10980
v 0.45569 -0.14549 0.10980
v 0.45569 -0.14412 0.10912
v 0.45431 -0.14137 0.09882
v 0.45569 -0.14275 0.09882
v 0.45569 -0.14137 0.09814
v 0.45431 -0.14137 0.10843
v 0.45569 -0.14275 0.10843
v 0.45569 -0.14137 0.10775
v 0.45431 -0.14137 0.10980
v 0.45431 -0.13863 0.09882
v 0.45569 -0.13863 0.09814
v 0.45431 -0.13863 0.10706
v 0.45569 -0.14000 0.10706
v 0.45569 -0.13863 0.10637
v 0.45569 -0.13725 0.09882
v 0.45569 -0.13588 0.09951
v 0.45569 -0.13725 0.10706
v 0.45431 -0.13588 0.10843
v 0.45569 -0.13588 0.10775
v 0.45569 -0.13314 0.09951
v 0.45569 -0.13451 0.10843
v 0.45431 -0.13314 0.10980
v 0.45569 -0.13314 0.10912
v 0.45431 -0.13039 0.10020
v 0.45569 -0.13039 0.09951
v 0.45569 -0.13176 0.10980
v 0.45431 -0.13039 0.11118
v 0.45569 -0.13039 0.11049
v 0.45569 -0.12765 0.09951
v 0.45431 -0.12765 0.10157
v 0.45569 -0.12902 0.10157
v 0.45569 -0.12765 0.10088
v 0.45569 -0.12902 0.10294
v 0.45569 -0.12765 0.10363
v 0.45569 -0.12902 0.11118
v 0.45569 -0.12765 0.11186
v 0.45431 -0.12490 0.10020
v 0.45569 -0.12627 0.10020
v 0.45569 -0.12490 0.10363
v 0.45431 -0.12490 0.11255
v 0.45569 -0.12490 0.11186
v 0.45431 -0.12216 0.10431
v 0.45569 -0.12216 0.10363
v 0.45431 -0.12216 0.11255
v 0.45569 -0.12216 0.11186
v 0.45431 -0.12216 0.11392
v 0.45431 -0.11941 0.10431
v 0.45569 -0.11941 0.10363
v 0.45569 -0.12078 0.11255
v 0.45431 -0.11941 0.11392
v 0.45569 -0.11941 0.11324
v 0.45569 -0.11667 0.10363
v 0.45431 -0.11667 0.11118
v 0.45569 -0.11804 0.11118
v 0.45569 -0.11667 0.11049
v 0.45569 -0.11804 0.11255
v 0.45569 -0.11392 0.10363
v 0.45431 -0.11392 0.10569
v 0.45569 -0.11529 0.10569
v 0.45569 -0.11392 0.10500
v 0.45431 -0.11392 0.10706
v 0.45569 -0.11529 0.10706
v 0.45431 -0.11392 0.10843
v 0.45569 -0.11529 0.10843
v 0.45569 -0.11529 0.10980
v 0.45569 -0.11255 0.10431
v 0.45706 -0.16608 0.10294
v 0.45843 -0.16745 0.10294
v 0.45843 -0.16608 0.10225
v 0.45843 -0.16745 0.10431
v 0.45843 -0.16745 0.10569
v 0.45706 -0.16608 0.10706
v 0.45843 -0.16745 0.10706
v 0.45706 -0.16608 0.10843
v 0.45843 -0.16608 0.10775
v 0.45843 -0.16471 0.10294
v 0.45843 -0.16333 0.10363
v 0.45843 -0.16471 0.10843
v 0.45706 -0.16333 0.10980
v 0.45843 -0.16333 0.10912
v 0.45706 -0.16059 0.10294
v 0.45843 -0.16196 0.10294
v 0.45843 -0.16059 0.10225
v 0.45843 -0.16196 0.10980
v 0.45706 -0.16059 0.11118
v 0.45843 -0.16059 0.11049
v 0.45706 -0.15784 0.10294
v 0.45843 -0.15784 0.10225
v 0.45843 -0.15922 0.11118
v 0.45706 -0.15784 0.11255
v 0.45843 -0.15784 0.11186
v 0.45706 -0.15510 0.10020
v 0.45843 -0.15647 0.10294
v 0.45843 -0.15510 0.10363
v 0.45706 -0.15510 0.11118
v 0.45843 -0.15647 0.11118
v 0.45843 -0.15510 0.11049
v 0.45843 -0.15373 0.10020
v 0.45843 -0.15235 0.09951
v 0.45843 -0.15235 0.10088
v 0.45843 -0.15235 0.10363
v 0.45706 -0.15235 0.11118
v 0.45843 -0.15235 0.11049
v 0.45706 -0.14961 0.09882
v 0.45843 -0.15098 0.09882
v 0.45843 -0.14961 0.09814
v 0.45706 -0.14961 0.10157
v 0.45843 -0.14961 0.10088
v 0.45706 -0.14961 0.10294
v 0.45843 -0.15098 0.10294
v 0.45843 -0.14961 0.10225
v 0.45706 -0.14961 0.10980
v 0.45843 -0.15098 0.10980
v 0.45843 -0.14961 0.10912
v 0.45706 -0.14686 0.09882
v 0.45843 -0.14686 0.09814
v 0.45843 -0.14824 0.10157
v 0.45706 -0.14686 0.10294
v 0.45843 -0.14824 0.10294
v 0.45843 -0.14686 0.10225
v 0.45706 -0.14686 0.10431
v 0.45843 -0.14824 0.10431
v 0.45706 -0.14686 0.10569
v 0.45843 -0.14686 0.10500
v 0.45706 -0.14686 0.10843
v 0.45843 -0.14824 0.10843
v 0.45843 -0.14686 0.10775
v 0.45706 -0.14686 0.10980
v 0.45706 -0.14412 0.09882
v 0.45843 -0.14412 0.09814
v 0.45843 -0.14549 0.10294
v 0.45843 -0.14549 0.10431
v 0.45706 -0.14412 0.10843
v 0.45843 -0.14412 0.10775
v 0.45843 -0.14137 0.09814
v 0.45706 -0.14137 0.10706
v 0.45843 -0.14275 0.10706
v 0.45843 -0.14137 0.10637
v 0.45843 -0.13863 0.09814
v 0.45843 -0.13863 0.10637
v 0.45843 -0.13725 0.09882
v 0.45843 -0.13588 0.09951
v 0.45706 -0.13588 0.10706
v 0.45843 -0.13588 0.10637
v 0.45706 -0.13314 0.09882
v 0.45843 -0.13451 0.09882
v 0.45843 -0.13314 0.09814
v 0.45706 -0.13314 0.10294
v 0.45843 -0.13451 0.10294
v 0.45843 -0.13314 0.10225
v 0.45843 -0.13314 0.10363
v 0.45843 -0.13451 0.10706
v 0.45706 -0.13314 0.10843
v 0.45843 -0.13314 0.10775
v 0.45706 -0.13039 0.09882
v 0.45843 -0.13039 0.09814
v 0.45706 -0.13039 0.10157
v 0.45843 -0.13176 0.10157
v 0.45843 -0.13039 0.10088
v 0.45706 -0.13039 0.10294
v 0.45843 -0.13039 0.10363
v 0.45843 -0.13176 0.10843
v 0.45706 -0.13039 0.10980
v 0.45843 -0.13039 0.10912
v 0.45706 -0.12765 0.09882
v 0.45843 -0.12765 0.09814
v 0.45706 -0.12765 0.10020
v 0.45843 -0.12902 0.10020
v 0.45843 -0.12765 0.09951
v 0.45843 -0.12765 0.10363
v 0.45706 -0.12765 0.10980
v 0.45843 -0.12765 0.10912
v 0.45706 -0.12765 0.11118
v 0.45843 -0.12627 0.09882
v 0.45843 -0.12490 0.10363
v 0.45843 -0.12627 0.10980
v 0.45706 -0.12490 0.11118
v 0.45843 -0.12490 0.11049
v 0.45706 -0.12216 0.10294
v 0.45843 -0.12353 0.10294
v 0.45843 -0.12216 0.10225
v 0.45843 -0.12353 0.11118
v 0.45843 -0.12216 0.11186
v 0.45843 -0.12078 0.10294
v 0.45843 -0.11941 0.10363
v 0.45706 -0.11941 0.11118
v 0.45843 -0.12078 0.11118
v 0.45843 -0.11941 0.11049
v 0.45706 -0.11941 0.11255
v 0.45843 -0.11667 0.10363
v 0.45706 -0.11667 0.10706
v 0.45843 -0.11804 0.10706
v 0.45843 -0.11667 0.10637
v 0.45706 -0.11667 0.10843
v 0.45843 -0.11804 0.10843
v 0.45706 -0.11667 0.10980
v 0.45843 -0.11804 0.10980
v 0.45706 -0.11392 0.10431
v 0.45843 -0.11529 0.10431
v 0.45843 -0.11529 0.10569
v 0.46118 -0.16745 0.10294
v 0.46118 -0.16608 0.10225
v 0.46118 -0.16745 0.10431
v 0.45980 -0.16608 0.10569
v 0.46118 -0.16608 0.10500
v 0.45980 -0.16608 0.10706
v 0.45980 -0.16333 0.10294
v 0.46118 -0.16333 0.10225
v 0.46118 -0.16471 0.10569
v 0.46118 -0.16471 0.10706
v 0.45980 -0.16333 0.10843
v 0.46118 -0.16333 0.10775
v 0.46118 -0.16059 0.10225
v 0.46118 -0.16196 0.10843
v 0.45980 -0.16059 0.10980
v 0.46118 -0.16059 0.10912
v 0.46118 -0.15784 0.10225
v 0.45980 -0.15784 0.10980
v 0.46118 -0.15784 0.10912
v 0.45980 -0.15784 0.11118
v 0.45980 -0.15510 0.10294
v 0.46118 -0.15510 0.10225
v 0.45980 -0.15510 0.10843
v 0.46118 -0.15647 0.10843
v 0.46118 -0.15510 0.10775
v 0.45980 -0.15510 0.10980
v 0.45980 -0.15235 0.09882
v 0.46118 -0.15373 0.09882
v 0.46118 -0.15235 0.09814
v 0.45980 -0.15235 0.10020
v 0.46118 -0.15235 0.09951
v 0.45980 -0.15235 0.10294
v 0.46118 -0.15235 0.10225
v 0.45980 -0.15235 0.10843
v 0.46118 -0.15235 0.10775
v 0.45980 -0.15235 0.10980
v 0.46118 -0.14961 0.09814
v 0.46118 -0.15098 0.10020
v 0.46118 -0.14961 0.10088
v 0.46118 -0.14961 0.10225
v 0.45980 -0.14961 0.10706
v 0.46118 -0.15098 0.10706
v 0.46118 -0.14961 0.10637
v 0.45980 -0.14961 0.10843
v 0.46118 -0.14686 0.09814
v 0.45980 -0.14686 0.10157
v 0.46118 -0.14686 0.10088
v 0.46118 -0.14824 0.10294
v 0.45980 -0.14686 0.10431
v 0.46118 -0.14686 0.10363
v 0.45980 -0.14686 0.10706
v 0.46118 -0.14686 0.10637
v 0.46118 -0.14412 0.09814
v 0.46118 -0.14549 0.10157
v 0.46118 -0.14549 0.10294
v 0.45980 -0.14412 0.10706
v 0.46118 -0.14412 0.10637
v 0.46118 -0.14137 0.09814
v 0.45980 -0.14137 0.10431
v 0.46118 -0.14275 0.10431
v 0.46118 -0.14137 0.10363
v 0.45980 -0.14137 0.10569
v 0.46118 -0.14275 0.10569
v 0.46118 -0.13863 0.09814
v 0.46118 -0.14000 0.10431
v 0.45980 -0.13863 0.10569
v 0.46118 -0.13863 0.10500
v 0.45980 -0.13588 0.09882
v 0.46118 -0.13588 0.09814
v 0.46118 -0.13725 0.10569
v 0.46118 -0.13588 0.10637
v 0.46118 -0.13314 0.09814
v 0.45980 -0.13314 0.10157
v 0.46118 -0.13451 0.10157
v 0.46118 -0.13314 0.10088
v 0.45980 -0.13314 0.10294
v 0.46118 -0.13314 0.10225
v 0.45980 -0.13314 0.10706
v 0.46118 -0.13314 0.10637
v 0.46118 -0.13039 0.09814
v 0.45980 -0.13039 0.10020
v 0.46118 -0.13176 0.10020
v 0.46118 -0.13039 0.09951
v 0.46118 -0.13176 0.10294
v 0.46118 -0.13039 0.10363
v 0.45980 -0.13039 0.10706
v 0.46118 -0.13039 0.10637
v 0.45980 -0.13039 0.10843
v 0.45980 -0.12765 0.09882
v 0.46118 -0.12902 0.09882
v 0.46118 -0.12765 0.10363
v 0.46118 -0.12902 0.10706
v 0.45980 -0.12765 0.10843
v 0.46118 -0.12765 0.10775
v 0.45980 -0.12490 0.10294
v 0.46118 -0.12627 0.10294
v 0.46118 -0.12490 0.10225
v 0.46118 -0.12627 0.10843
v 0.45980 -0.12490 0.10980
v 0.46118 -0.12490 0.10912
v 0.46118 -0.12216 0.10225
v 0.45980 -0.12216 0.10980
v 0.46118 -0.12216 0.10912
v 0.45980 -0.12216 0.11118
v 0.46118 -0.12078 0.10294
v 0.46118 -0.11941 0.10363
v 0.45980 -0.11941 0.10706
v 0.46118 -0.12078 0.10706
v 0.46118 -0.11941 0.10637
v 0.45980 -0.11941 0.10843
v 0.46118 -0.12078 0.10843
v 0.45980 -0.11941 0.10980
v 0.45980 -0.11667 0.10431
v 0.46118 -0.11804 0.10431
v 0.45980 -0.11667 0.10569
v 0.46118 -0.11804 0.10569
v 0.46255 -0.16608 0.10157
v 0.46392 -0.16745 0.10157
v 0.46392 -0.16608 0.10088
v 0.46392 -0.16745 0.10294
v 0.46392 -0.16745 0.10431
v 0.46392 -0.16608 0.10500
v 0.46255 -0.16333 0.10157
v 0.46392 -0.16333 0.10088
v 0.46392 -0.16471 0.10569
v 0.46255 -0.16333 0.10706
v 0.46392 -0.16333 0.10637
v 0.46392 -0.16196 0.10157
v 0.46392 -0.16059 0.10225
v 0.46392 -0.16196 0.10706
v 0.46255 -0.16059 0.10843
v 0.46392 -0.16059 0.10775
v 0.46392 -0.15784 0.10225
v 0.46255 -0.15784 0.10843
v 0.46392 -0.15784 0.10775
v 0.46255 -0.15510 0.10157
v 0.46392 -0.15647 0.10157
v 0.46392 -0.15510 0.10088
v 0.46255 -0.15510 0.10706
v 0.46392 -0.15647 0.10706
v 0.46392 -0.15510 0.10637
v 0.46255 -0.15235 0.09882
v 0.46392 -0.15373 0.10157
v 0.46392 -0.15235 0.10225
v 0.46255 -0.15235 0.10706
v 0.46392 -0.15235 0.10637
v 0.46392 -0.15098 0.09882
v 0.46392 -0.14961 0.09814
v 0.46255 -0.14961 0.10020
v 0.46392 -0.14961 0.09951
v 0.46392 -0.14961 0.10225
v 0.46255 -0.14961 0.10569
v 0.46392 -0.15098 0.10569
v 0.46392 -0.14961 0.10500
v 0.46392 -0.14686 0.09814
v 0.46392 -0.14824 0.10020
v 0.46392 -0.14686 0.10088
v 0.46255 -0.14686 0.10294
v 0.46392 -0.14686 0.10225
v 0.46255 -0.14686 0.10569
v 0.46392 -0.14686 0.10500
v 0.46392 -0.14412 0.09814
v 0.46255 -0.14412 0.10157
v 0.46392 -0.14412 0.10088
v 0.46392 -0.14412 0.10225
v 0.46255 -0.14412 0.10431
v 0.46392 -0.14549 0.10431
v 0.46392 -0.14412 0.10363
v 0.46255 -0.14412 0.10569
v 0.46255 -0.14137 0.09745
v 0.46392 -0.14275 0.09745
v 0.46392 -0.14137 0.09676
v 0.46392 -0.14275 0.10157
v 0.46255 -0.14137 0.10294
v 0.46392 -0.14275 0.10294
v 0.46392 -0.14137 0.10225
v 0.46255 -0.13863 0.09745
v 0.46392 -0.13863 0.09676
v 0.46392 -0.14000 0.10294
v 0.46255 -0.13863 0.10431
v 0.46392 -0.13863 0.10363
v 0.46255 -0.13588 0.09745
v 0.46392 -0.13588 0.09676
v 0.46255 -0.13588 0.10157
v 0.46392 -0.13725 0.10157
v 0.46392 -0.13588 0.10088
v 0.46392 -0.13588 0.10225
v 0.46392 -0.13725 0.10431
v 0.46255 -0.13588 0.10569
v 0.46392 -0.13588 0.10500
v 0.46392 -0.13451 0.09745
v 0.46392 -0.13314 0.09814
v 0.46255 -0.13314 0.10020
v 0.46392 -0.13451 0.10020
v 0.46392 -0.13314 0.09951
v 0.46392 -0.13314 0.10225
v 0.46255 -0.13314 0.10569
v 0.46392 -0.13314 0.10500
v 0.46255 -0.13039 0.09882
v 0.46392 -0.13176 0.09882
v 0.46255 -0.13039 0.10294
v 0.46392 -0.13039 0.10225
v 0.46392 -0.13176 0.10569
v 0.46392 -0.13039 0.10637
v 0.46255 -0.12765 0.10294
v 0.46392 -0.12765 0.10225
v 0.46255 -0.12765 0.10706
v 0.46392 -0.12765 0.10637
v 0.46392 -0.12490 0.10225
v 0.46255 -0.12490 0.10706
v 0.46392 -0.12490 0.10637
v 0.46255 -0.12490 0.10843
v 0.46392 -0.12216 0.10225
v 0.46255 -0.12216 0.10706
v 0.46392 -0.12216 0.10637
v 0.46255 -0.12216 0.10843
v 0.46255 -0.11941 0.10294
v 0.46392 -0.11941 0.10225
v 0.46255 -0.11941 0.10569
v 0.46392 -0.12078 0.10569
v 0.46392 -0.11941 0.10500
v 0.46392 -0.11804 0.10294
v 0.46392 -0.11804 0.10431
v 0.46529 -0.16882 0.10157
v 0.46667 -0.17020 0.10157
v 0.46667 -0.16882 0.10088
v 0.46667 -0.16882 0.10225
v 0.46667 -0.16608 0.10088
v 0.46667 -0.16745 0.10294
v 0.46529 -0.16608 0.10431
v 0.46667 -0.16608 0.10363
v 0.46667 -0.16333 0.10088
v 0.46667 -0.16471 0.10431
v 0.46529 -0.16333 0.10569
v 0.46667 -0.16333 0.10500
v 0.46529 -0.16059 0.10157
v 0.46667 -0.16059 0.10088
v 0.46529 -0.16059 0.10569
v 0.46667 -0.16059 0.10500
v 0.46529 -0.16059 0.10706
v 0.46529 -0.15784 0.10157
v 0.46667 -0.15784 0.10088
v 0.46529 -0.15784 0.10569
v 0.46667 -0.15784 0.10500
v 0.46529 -0.15784 0.10706
v 0.46667 -0.15510 0.10088
v 0.46529 -0.15510 0.10569
v 0.46667 -0.15510 0.10500
v 0.46667 -0.15373 0.10157
v 0.46667 -0.15235 0.10225
v 0.46529 -0.15235 0.10431
v 0.46667 -0.15373 0.10431
v 0.46667 -0.15235 0.10363
v 0.46529 -0.15235 0.10569
v 0.46529 -0.14961 0.09745
v 0.46667 -0.15098 0.09745
v 0.46667 -0.14961 0.09676
v 0.46529 -0.14961 0.09882
v 0.46667 -0.14961 0.09814
v 0.46529 -0.14961 0.10294
v 0.46667 -0.15098 0.10294
v 0.46529 -0.14961 0.10431
v 0.46529 -0.14686 0.09745
v 0.46667 -0.14686 0.09676
v 0.46667 -0.14824 0.09882
v 0.46529 -0.14686 0.10020
v 0.46667 -0.14686 0.09951
v 0.46529 -0.14686 0.10294
v 0.46529 -0.14686 0.10431
v 0.46529 -0.14412 0.09745
v 0.46667 -0.14412 0.09676
v 0.46667 -0.14549 0.10020
v 0.46667 -0.14412 0.10088
v 0.46529 -0.14412 0.10294
v 0.46667 -0.14137 0.09676
v 0.46529 -0.14137 0.10157
v 0.46667 -0.14137 0.10088
v 0.46667 -0.13863 0.09676
v 0.46529 -0.13863 0.10020
v 0.46667 -0.14000 0.10020
v 0.46667 -0.13863 0.09951
v 0.46667 -0.14000 0.10157
v 0.46667 -0.13863 0.10088
v 0.46529 -0.13863 0.10294
v 0.46667 -0.13863 0.10225
v 0.46667 -0.13588 0.09676
v 0.46529 -0.13588 0.10020
v 0.46667 -0.13588 0.09951
v 0.46667 -0.13725 0.10157
v 0.46529 -0.13588 0.10294
v 0.46529 -0.13588 0.10431
v 0.46667 -0.13451 0.09745
v 0.46529 -0.13314 0.09882
v 0.46667 -0.13451 0.09882
v 0.46667 -0.13451 0.10294
v 0.46667 -0.13314 0.10225
v 0.46529 -0.13314 0.10431
v 0.46667 -0.13314 0.10363
v 0.46529 -0.13039 0.10157
v 0.46667 -0.13176 0.10157
v 0.46667 -0.13039 0.10088
v 0.46667 -0.13176 0.10431
v 0.46529 -0.13039 0.10569
v 0.46667 -0.13039 0.10500
v 0.46667 -0.12902 0.10157
v 0.46667 -0.12765 0.10225
v 0.46529 -0.12765 0.10569
v 0.46667 -0.12765 0.10500
v 0.46667 -0.12490 0.10225
v 0.46529 -0.12490 0.10569
v 0.46667 -0.12490 0.10500
v 0.46667 -0.12216 0.10225
v 0.46529 -0.12216 0.10569
v 0.46667 -0.12216 0.10500
v 0.46529 -0.11941 0.10294
v 0.46667 -0.12078 0.10294
v 0.46529 -0.11941 0.10431
v 0.46667 -0.12078 0.10431
v 0.46804 -0.16882 0.10157
v 0.46804 -0.16608 0.10020
v 0.46941 -0.16745 0.10020
v 0.46941 -0.16608 0.09951
v 0.46941 -0.16745 0.10157
v 0.46804 -0.16608 0.10294
v 0.46941 -0.16608 0.10225
v 0.46941 -0.16471 0.10020
v 0.46941 -0.16333 0.10088
v 0.46941 -0.16471 0.10294
v 0.46804 -0.16333 0.10431
v 0.46941 -0.16333 0.10363
v 0.46941 -0.16059 0.10088
v 0.46804 -0.16059 0.10294
v 0.46941 -0.16196 0.10294
v 0.46941 -0.16059 0.10225
v 0.46804 -0.16059 0.10431
v 0.46941 -0.15784 0.10088
v 0.46804 -0.15784 0.10294
v 0.46941 -0.15784 0.10225
v 0.46804 -0.15784 0.10431
v 0.46941 -0.15510 0.10088
v 0.46804 -0.15510 0.10294
v 0.46941 -0.15510 0.10225
v 0.46804 -0.15510 0.10431
v 0.46804 -0.15235 0.10157
v 0.46941 -0.15235 0.10088
v 0.46804 -0.15235 0.10294
v 0.46941 -0.15235 0.10225
v 0.46804 -0.14961 0.09745
v 0.46941 -0.15098 0.10157
v 0.46941 -0.14824 0.09745
v 0.46941 -0.14686 0.09676
v 0.46804 -0.14686 0.09882
v 0.46941 -0.14686 0.09814
v 0.46941 -0.14412 0.09676
v 0.46941 -0.14549 0.09882
v 0.46804 -0.14412 0.10020
v 0.46941 -0.14412 0.09951
v 0.46941 -0.14137 0.09676
v 0.46804 -0.14137 0.10020
v 0.46941 -0.14137 0.09951
v 0.46941 -0.13863 0.09676
v 0.46804 -0.13863 0.09882
v 0.46941 -0.14000 0.09882
v 0.46941 -0.13863 0.09814
v 0.46804 -0.13863 0.10157
v 0.46804 -0.13588 0.09745
v 0.46941 -0.13725 0.09745
v 0.46804 -0.13588 0.09882
v 0.46804 -0.13314 0.10157
v 0.46941 -0.13451 0.10157
v 0.46941 -0.13314 0.10088
v 0.46804 -0.13314 0.10294
v 0.46941 -0.13314 0.10225
v 0.46941 -0.13039 0.10088
v 0.46804 -0.13039 0.10294
v 0.46941 -0.13039 0.10225
v 0.46804 -0.13039 0.10431
v 0.46941 -0.12902 0.10157
v 0.46804 -0.12765 0.10294
v 0.46804 -0.12765 0.10431
v 0.46804 -0.12490 0.10157
v 0.46941 -0.12627 0.10157
v 0.46941 -0.12490 0.10088
v 0.46941 -0.12627 0.10294
v 0.46804 -0.12490 0.10431
v 0.46941 -0.12490 0.10363
v 0.46804 -0.12216 0.10157
v 0.46941 -0.12216 0.10088
v 0.46804 -0.12216 0.10294
v 0.46941 -0.12353 0.10294
v 0.46941 -0.12216 0.10225
v 0.46804 -0.12216 0.10431
v 0.46941 -0.12078 0.10157
v 0.47078 -0.16608 0.10020
v 0.47078 -0.16608 0.10157
v 0.47078 -0.16333 0.10157
v 0.47078 -0.16333 0.10294
v 0.47078 -0.16059 0.10157
v 0.47078 -0.15784 0.10157
v 0.47078 -0.15510 0.10157
v 0.47078 -0.15235 0.10157
v 0.47078 -0.14686 0.09745
v 0.47078 -0.14412 0.09608
v 0.47216 -0.14549 0.09608
v 0.47216 -0.14412 0.09539
v 0.47216 -0.14549 0.09745
v 0.47078 -0.14412 0.09882
v 0.47216 -0.14412 0.09814
v 0.47078 -0.14137 0.09608
v 0.47216 -0.14137 0.09539
v 0.47078 -0.14137 0.09745
v 0.47216 -0.14275 0.09745
v 0.47216 -0.14137 0.09676
v 0.47078 -0.14137 0.09882
v 0.47078 -0.13863 0.09608
v 0.47216 -0.13863 0.09539
v 0.47078 -0.13863 0.09745
v 0.47216 -0.13863 0.09676
v 0.47216 -0.13725 0.09608
v 0.47078 -0.13314 0.10157
v 0.47078 -0.13039 0.10157
v 0.47078 -0.12490 0.10157
v 0.47078 -0.12490 0.10294
v 0.47078 -0.12216 0.10157
v 0.47353 -0.14412 0.09608
v 0.47353 -0.14412 0.09745
v 0.47353 -0.14137 0.09608
v 0.47353 -0.13863 0.09608
f 3 2 1
f 2 4 1
f 7 6 5
f 6 9 8
f 5 6 8
f 10 11 8
f 10 8 1
f 9 3 8
f 3 1 8
f 1 4 10
f 7 5 12
f 5 8 13
f 12 5 13
f 8 11 13
f 16 15 14
f 15 18 17
f 14 15 17
f 18 19 17
f 16 14 20
f 22 20 14
f 22 14 21
f 21 14 17
f 19 24 23
f 19 23 17
f 17 23 21
f 24 26 25
f 23 24 25
f 26 27 25
f 29 22 21
f 28 29 21
f 21 23 28
f 23 30 28
f 23 25 30
f 25 31 30
f 27 33 32
f 27 32 25
f 25 32 31
f 33 34 32
f 37 36 35
f 36 29 28
f 36 28 35
f 35 28 38
f 28 30 38
f 30 39 38
f 30 31 39
f 31 40 39
f 31 32 40
f 32 41 40
f 34 43 42
f 34 42 32
f 32 42 41
f 3 42 43
f 3 43 2
f 2 43 44
f 2 44 45
f 4 2 45
f 37 35 46
f 48 46 35
f 48 35 47
f 47 35 38
f 38 39 47
f 39 49 47
f 39 40 49
f 40 50 49
f 7 41 6
f 7 50 41
f 50 40 41
f 42 6 41
f 9 6 42
f 9 42 3
f 11 10 51
f 53 4 45
f 53 51 4
f 53 52 51
f 10 4 51
f 53 54 52
f 48 47 55
f 47 49 56
f 55 47 56
f 49 50 57
f 56 49 57
f 50 7 12
f 50 12 57
f 57 12 58
f 58 12 59
f 12 13 59
f 11 51 60
f 11 60 13
f 13 60 59
f 51 52 61
f 60 51 61
f 52 54 61
f 16 63 62
f 15 16 62
f 62 64 15
f 15 64 18
f 65 19 18
f 65 18 66
f 66 18 64
f 66 67 65
f 63 16 20
f 68 63 20
f 20 69 68
f 22 69 20
f 65 24 19
f 67 24 65
f 67 70 24
f 70 26 24
f 26 70 71
f 27 26 71
f 74 73 72
f 73 29 72
f 73 69 29
f 69 22 29
f 71 33 27
f 75 33 71
f 33 75 76
f 34 33 76
f 72 36 37
f 72 37 74
f 74 37 77
f 72 29 36
f 76 43 34
f 78 43 76
f 78 79 43
f 43 79 44
f 44 79 80
f 45 44 80
f 46 81 82
f 46 82 37
f 37 82 77
f 46 48 81
f 80 53 45
f 83 53 80
f 53 83 84
f 54 53 84
f 86 82 81
f 85 86 81
f 55 81 48
f 55 87 81
f 87 85 81
f 87 88 89
f 87 55 88
f 55 56 88
f 91 57 90
f 91 88 57
f 88 56 57
f 90 92 93
f 90 57 92
f 57 58 92
f 92 58 94
f 58 59 94
f 94 59 95
f 59 60 95
f 95 60 96
f 60 61 96
f 96 61 54
f 84 96 54
f 86 85 97
f 85 87 98
f 97 85 98
f 87 89 98
f 91 90 99
f 90 93 99
f 102 101 100
f 101 103 100
f 100 62 63
f 100 63 102
f 102 63 104
f 103 62 100
f 103 105 62
f 105 64 62
f 105 106 64
f 64 106 66
f 66 106 107
f 67 66 107
f 68 108 109
f 68 109 63
f 63 109 104
f 68 69 108
f 107 70 67
f 110 70 107
f 70 110 111
f 71 70 111
f 108 73 74
f 108 74 109
f 109 74 112
f 108 69 73
f 111 75 71
f 113 75 111
f 114 76 75
f 114 75 115
f 115 75 113
f 115 116 114
f 112 74 117
f 117 74 77
f 114 78 76
f 116 78 114
f 116 118 78
f 118 79 78
f 79 118 119
f 80 79 119
f 117 77 120
f 120 77 82
f 119 83 80
f 121 83 119
f 83 121 122
f 84 83 122
f 120 82 123
f 123 82 86
f 88 124 89
f 88 91 124
f 93 125 126
f 92 125 93
f 125 92 127
f 92 94 127
f 127 94 128
f 94 95 128
f 128 95 129
f 95 96 129
f 129 96 84
f 122 129 84
f 123 86 97
f 130 123 97
f 130 97 131
f 97 98 131
f 89 124 132
f 89 132 98
f 98 132 131
f 124 91 99
f 124 99 132
f 132 99 133
f 133 99 93
f 126 133 93
f 136 135 134
f 135 138 137
f 134 135 137
f 138 139 137
f 102 141 140
f 101 102 140
f 101 140 142
f 103 101 142
f 145 144 143
f 144 147 146
f 143 144 146
f 147 149 148
f 146 147 148
f 149 151 150
f 148 149 150
f 151 136 134
f 151 134 150
f 150 134 152
f 134 137 152
f 137 153 152
f 139 155 154
f 139 154 137
f 137 154 153
f 155 157 156
f 154 155 156
f 157 159 158
f 156 157 158
f 159 161 160
f 158 159 160
f 161 162 160
f 165 164 163
f 164 167 166
f 163 164 166
f 167 104 166
f 167 141 104
f 141 102 104
f 142 105 103
f 168 105 142
f 168 169 105
f 105 169 106
f 170 107 106
f 170 106 171
f 171 106 169
f 171 173 172
f 170 171 172
f 173 175 174
f 172 173 174
f 175 177 176
f 174 175 176
f 177 145 143
f 177 143 176
f 176 143 178
f 143 146 178
f 146 179 178
f 146 148 179
f 148 180 179
f 148 150 180
f 150 181 180
f 150 152 181
f 152 182 181
f 152 153 182
f 153 183 182
f 153 154 183
f 154 184 183
f 154 156 184
f 156 185 184
f 156 158 185
f 158 186 185
f 158 160 186
f 160 187 186
f 162 189 188
f 162 188 160
f 160 188 187
f 189 190 188
f 165 163 191
f 193 191 163
f 193 163 192
f 192 163 166
f 166 109 192
f 104 109 166
f 170 110 107
f 110 194 111
f 110 170 194
f 170 172 194
f 172 174 194
f 174 195 194
f 174 176 195
f 176 196 195
f 176 178 196
f 178 197 196
f 178 179 197
f 179 198 197
f 179 180 198
f 180 199 198
f 180 181 199
f 181 200 199
f 181 182 200
f 182 201 200
f 182 183 201
f 183 202 201
f 183 184 202
f 184 203 202
f 184 185 203
f 185 204 203
f 205 206 204
f 205 204 186
f 186 204 185
f 186 187 207
f 205 186 207
f 187 188 208
f 207 187 208
f 188 190 208
f 193 192 209
f 192 210 209
f 192 109 210
f 109 112 210
f 194 113 111
f 195 113 194
f 115 113 195
f 115 211 116
f 115 195 211
f 195 196 211
f 196 197 211
f 197 212 211
f 197 198 212
f 198 213 212
f 198 199 213
f 199 214 213
f 199 200 214
f 200 215 214
f 200 201 215
f 201 216 215
f 201 202 216
f 202 217 216
f 218 219 217
f 218 217 203
f 203 217 202
f 203 204 220
f 218 203 220
f 204 206 220
f 210 112 221
f 221 112 117
f 211 118 116
f 118 222 119
f 118 211 222
f 211 212 222
f 212 213 222
f 213 223 222
f 213 214 223
f 214 224 223
f 225 226 224
f 225 224 215
f 215 224 214
f 215 216 227
f 225 215 227
f 216 217 228
f 227 216 228
f 217 219 228
f 231 230 229
f 230 120 229
f 230 221 120
f 221 117 120
f 222 121 119
f 121 232 122
f 121 222 232
f 222 223 232
f 233 234 232
f 233 232 224
f 224 232 223
f 224 226 233
f 231 229 235
f 229 236 235
f 229 120 236
f 120 123 236
f 126 237 238
f 125 237 126
f 237 125 239
f 125 127 239
f 239 127 240
f 127 128 240
f 240 128 241
f 128 129 241
f 122 241 129
f 122 242 241
f 122 232 242
f 242 243 241
f 234 245 244
f 234 244 232
f 232 244 242
f 245 246 244
f 236 123 130
f 247 236 130
f 247 130 248
f 130 131 248
f 248 131 249
f 131 132 249
f 249 132 250
f 132 133 250
f 250 133 126
f 238 250 126
f 243 242 251
f 242 244 252
f 251 242 252
f 244 246 252
f 255 254 253
f 254 257 256
f 253 254 256
f 257 258 256
f 261 260 259
f 260 263 262
f 259 260 262
f 263 264 262
f 267 266 265
f 266 255 253
f 266 253 265
f 265 253 268
f 253 256 268
f 256 269 268
f 258 271 270
f 258 270 256
f 256 270 269
f 271 273 272
f 270 271 272
f 273 275 274
f 272 273 274
f 275 261 259
f 275 259 274
f 274 259 276
f 259 262 276
f 262 277 276
f 264 279 278
f 264 278 262
f 262 278 277
f 279 281 280
f 278 279 280
f 281 282 280
f 285 284 283
f 284 287 286
f 283 284 286
f 287 289 288
f 286 287 288
f 289 290 288
f 292 267 265
f 291 292 265
f 265 268 291
f 268 293 291
f 268 269 293
f 269 294 293
f 269 270 294
f 270 295 294
f 270 272 295
f 272 296 295
f 272 274 296
f 274 297 296
f 274 276 297
f 276 298 297
f 276 277 298
f 277 299 298
f 277 278 299
f 278 300 299
f 278 280 300
f 280 301 300
f 282 303 302
f 282 302 280
f 280 302 301
f 303 305 304
f 302 303 304
f 305 307 306
f 304 305 306
f 307 308 306
f 310 285 283
f 309 310 283
f 283 286 309
f 286 311 309
f 286 288 311
f 288 312 311
f 290 314 313
f 290 313 288
f 288 313 312
f 314 292 291
f 314 291 313
f 313 291 315
f 291 293 315
f 293 316 315
f 293 294 316
f 294 317 316
f 294 295 317
f 295 318 317
f 295 296 318
f 296 319 318
f 296 297 319
f 297 320 319
f 297 298 320
f 298 321 320
f 298 299 321
f 299 322 321
f 299 300 322
f 300 323 322
f 300 301 323
f 301 324 323
f 301 302 324
f 302 325 324
f 302 304 325
f 304 326 325
f 136 306 135
f 136 326 306
f 326 304 306
f 308 135 306
f 308 327 135
f 327 138 135
f 328 139 138
f 328 138 329
f 329 138 327
f 329 331 330
f 328 329 330
f 331 333 332
f 330 331 332
f 333 334 332
f 336 310 309
f 335 336 309
f 309 311 335
f 311 337 335
f 311 312 337
f 312 338 337
f 312 313 338
f 313 339 338
f 313 315 339
f 315 340 339
f 141 316 140
f 141 340 316
f 340 315 316
f 140 341 142
f 140 316 341
f 316 317 341
f 317 318 341
f 318 342 341
f 318 319 342
f 319 343 342
f 319 320 343
f 320 344 343
f 320 321 344
f 321 345 344
f 321 322 345
f 322 346 345
f 145 323 144
f 145 346 323
f 346 322 323
f 324 144 323
f 147 144 324
f 325 147 324
f 149 147 325
f 326 149 325
f 151 149 326
f 326 136 151
f 328 155 139
f 330 155 328
f 157 155 330
f 332 157 330
f 159 157 332
f 334 159 332
f 334 347 159
f 347 161 159
f 348 162 161
f 348 161 349
f 349 161 347
f 349 350 348
f 336 335 351
f 353 351 335
f 353 335 352
f 352 335 337
f 337 338 352
f 338 354 352
f 165 339 164
f 165 354 339
f 354 338 339
f 340 164 339
f 167 164 340
f 340 141 167
f 341 168 142
f 342 168 341
f 169 168 342
f 343 169 342
f 171 169 343
f 344 171 343
f 173 171 344
f 345 173 344
f 175 173 345
f 346 175 345
f 177 175 346
f 346 145 177
f 356 357 355
f 348 189 162
f 189 348 350
f 189 350 190
f 356 355 350
f 355 190 350
f 359 353 352
f 358 359 352
f 352 354 358
f 354 360 358
f 191 354 165
f 191 361 354
f 361 360 354
f 191 193 361
f 206 362 363
f 205 362 206
f 362 205 364
f 205 207 364
f 355 357 364
f 355 364 208
f 208 364 207
f 355 208 190
f 366 359 358
f 365 366 358
f 358 360 365
f 360 367 365
f 360 361 367
f 361 368 367
f 209 361 193
f 209 369 361
f 369 368 361
f 209 210 369
f 372 370 371
f 219 371 370
f 219 218 371
f 218 373 371
f 373 218 374
f 218 220 374
f 374 220 206
f 363 374 206
f 377 376 375
f 376 366 365
f 376 365 375
f 375 365 378
f 365 367 378
f 367 379 378
f 367 368 379
f 368 380 379
f 368 369 380
f 369 381 380
f 369 221 381
f 210 221 369
f 226 382 383
f 225 382 226
f 382 225 384
f 225 227 384
f 370 372 384
f 370 384 228
f 228 384 227
f 370 228 219
f 386 377 375
f 385 386 375
f 375 378 385
f 378 387 385
f 378 379 387
f 379 388 387
f 379 380 388
f 380 389 388
f 231 381 230
f 231 389 381
f 389 380 381
f 381 221 230
f 234 390 391
f 233 390 234
f 390 233 226
f 383 390 226
f 386 385 392
f 394 392 385
f 394 385 393
f 393 385 387
f 387 388 393
f 388 395 393
f 388 389 395
f 389 396 395
f 235 389 231
f 235 397 389
f 397 396 389
f 235 236 397
f 237 398 238
f 239 398 237
f 399 398 239
f 240 399 239
f 400 399 240
f 241 400 240
f 401 400 241
f 241 243 401
f 391 245 234
f 402 245 391
f 245 402 403
f 246 245 403
f 405 394 393
f 404 405 393
f 393 395 404
f 395 406 404
f 395 396 406
f 396 407 406
f 396 397 407
f 397 408 407
f 247 397 236
f 247 409 397
f 409 408 397
f 248 409 247
f 410 409 248
f 249 410 248
f 411 410 249
f 250 411 249
f 412 411 250
f 238 412 250
f 238 398 412
f 398 413 412
f 398 399 413
f 399 414 413
f 399 400 414
f 400 415 414
f 400 401 415
f 401 416 415
f 251 401 243
f 251 417 401
f 417 416 401
f 252 417 251
f 418 417 252
f 420 246 403
f 420 418 246
f 420 419 418
f 252 246 418
f 420 422 421
f 419 420 421
f 422 423 421
f 405 404 424
f 404 406 425
f 424 404 425
f 406 407 426
f 425 406 426
f 428 426 407
f 428 407 427
f 427 407 408
f 408 409 427
f 409 429 427
f 409 410 429
f 410 430 429
f 410 411 430
f 411 431 430
f 411 412 431
f 412 432 431
f 412 413 432
f 413 433 432
f 413 414 433
f 414 434 433
f 414 415 434
f 415 435 434
f 415 416 435
f 416 436 435
f 416 417 436
f 417 437 436
f 417 418 437
f 418 438 437
f 418 419 438
f 419 439 438
f 419 421 439
f 421 440 439
f 423 442 441
f 423 441 421
f 421 441 440
f 442 443 441
f 428 427 444
f 427 429 445
f 444 427 445
f 429 430 446
f 445 429 446
f 448 446 430
f 448 430 447
f 447 430 431
f 431 432 447
f 432 449 447
f 432 433 449
f 433 450 449
f 433 434 450
f 434 451 450
f 434 435 451
f 435 452 451
f 435 436 452
f 436 453 452
f 436 437 453
f 437 454 453
f 437 438 454
f 438 455 454
f 438 439 455
f 439 456 455
f 439 440 456
f 440 457 456
f 440 441 457
f 441 458 457
f 443 459 458
f 441 443 458
f 448 447 460
f 462 460 447
f 462 447 461
f 461 447 449
f 463 464 461
f 463 461 450
f 450 461 449
f 450 451 465
f 463 450 465
f 451 452 466
f 465 451 466
f 452 453 467
f 466 452 467
f 453 454 468
f 467 453 468
f 454 455 469
f 468 454 469
f 455 456 470
f 469 455 470
f 456 457 471
f 470 456 471
f 457 458 472
f 471 457 472
f 458 459 472
f 462 461 473
f 461 464 473
f 476 475 474
f 475 477 474
f 479 476 474
f 478 479 474
f 477 481 480
f 477 480 474
f 474 480 478
f 481 483 482
f 480 481 482
f 483 485 484
f 482 483 484
f 485 487 486
f 484 485 486
f 487 488 486
f 490 479 478
f 489 490 478
f 255 480 254
f 255 489 480
f 489 478 480
f 482 254 480
f 257 254 482
f 257 491 258
f 257 482 491
f 482 484 491
f 484 486 491
f 486 492 491
f 488 494 493
f 488 493 486
f 486 493 492
f 261 493 494
f 261 494 260
f 260 494 495
f 495 496 260
f 260 496 263
f 263 496 497
f 264 263 497
f 500 499 498
f 499 502 501
f 498 499 501
f 502 503 501
f 489 266 267
f 489 267 490
f 490 267 504
f 489 255 266
f 491 271 258
f 492 271 491
f 273 271 492
f 493 273 492
f 275 273 493
f 493 261 275
f 497 279 264
f 505 279 497
f 505 506 279
f 279 506 281
f 507 282 281
f 507 281 508
f 508 281 506
f 508 509 507
f 498 284 285
f 498 285 500
f 500 285 510
f 501 284 498
f 287 284 501
f 503 287 501
f 503 511 287
f 511 289 287
f 289 511 512
f 290 289 512
f 504 267 513
f 513 267 292
f 507 303 282
f 509 303 507
f 509 514 303
f 514 305 303
f 514 515 305
f 305 515 307
f 516 308 307
f 516 307 517
f 517 307 515
f 517 518 516
f 510 285 519
f 519 285 310
f 512 314 290
f 520 314 512
f 520 292 314
f 513 292 520
f 516 327 308
f 518 327 516
f 518 521 327
f 521 329 327
f 521 522 329
f 329 522 331
f 522 523 331
f 331 523 333
f 333 523 524
f 334 333 524
f 519 310 525
f 525 310 336
f 524 347 334
f 526 347 524
f 528 527 349
f 528 349 526
f 526 349 347
f 349 527 350
f 351 529 530
f 351 530 336
f 336 530 525
f 351 353 529
f 533 531 532
f 532 534 535
f 531 534 532
f 527 357 356
f 528 357 527
f 528 534 357
f 528 535 534
f 527 356 350
f 537 530 529
f 536 537 529
f 529 359 536
f 353 359 529
f 540 538 539
f 531 363 362
f 533 363 531
f 533 538 363
f 533 539 538
f 534 531 362
f 364 534 362
f 534 364 357
f 542 537 536
f 541 542 536
f 536 366 541
f 359 366 536
f 372 543 544
f 371 543 372
f 543 371 545
f 371 373 545
f 538 540 545
f 538 545 374
f 374 545 373
f 538 374 363
f 541 376 377
f 541 377 542
f 542 377 546
f 541 366 376
f 549 547 548
f 383 548 547
f 383 382 548
f 382 550 548
f 550 382 551
f 382 384 551
f 551 384 372
f 544 551 372
f 546 377 552
f 552 377 386
f 547 391 390
f 547 549 391
f 549 553 391
f 547 390 383
f 392 554 555
f 392 555 386
f 386 555 552
f 392 394 554
f 553 402 391
f 556 402 553
f 402 556 557
f 403 402 557
f 559 555 554
f 558 559 554
f 554 405 558
f 394 405 554
f 557 420 403
f 560 420 557
f 562 561 422
f 562 422 560
f 560 422 420
f 422 561 423
f 564 559 558
f 563 564 558
f 424 558 405
f 424 565 558
f 565 563 558
f 565 566 567
f 565 424 566
f 424 425 566
f 566 425 568
f 425 426 568
f 426 569 568
f 428 569 426
f 562 570 561
f 561 442 423
f 561 570 442
f 570 571 442
f 442 571 572
f 443 442 572
f 564 563 573
f 563 565 574
f 573 563 574
f 565 567 574
f 444 575 576
f 444 576 428
f 428 576 569
f 445 575 444
f 577 575 445
f 446 577 445
f 578 577 446
f 446 448 578
f 572 579 443
f 579 459 443
f 581 576 575
f 580 581 575
f 575 577 580
f 577 582 580
f 577 578 582
f 578 583 582
f 460 578 448
f 460 584 578
f 584 583 578
f 460 462 584
f 463 585 464
f 465 585 463
f 586 585 465
f 466 586 465
f 587 586 466
f 467 587 466
f 588 587 467
f 468 588 467
f 589 588 468
f 469 589 468
f 590 589 469
f 470 590 469
f 591 590 470
f 471 591 470
f 592 591 471
f 472 592 471
f 593 592 472
f 593 472 459
f 593 459 594
f 594 459 579
f 581 580 595
f 580 582 596
f 595 580 596
f 582 583 597
f 596 582 597
f 583 584 598
f 597 583 598
f 584 462 473
f 584 473 598
f 598 473 599
f 464 585 600
f 464 600 473
f 473 600 599
f 585 586 601
f 600 585 601
f 586 587 602
f 601 586 602
f 587 588 603
f 602 587 603
f 588 589 604
f 603 588 604
f 589 590 605
f 604 589 605
f 590 591 606
f 605 590 606
f 591 592 607
f 606 591 607
f 592 593 608
f 607 592 608
f 593 594 608
f 476 610 609
f 475 476 609
f 611 477 475
f 611 475 612
f 612 475 609
f 612 614 613
f 611 612 613
f 614 615 613
f 618 617 616
f 617 479 616
f 617 610 479
f 610 476 479
f 611 481 477
f 613 481 611
f 483 481 613
f 615 483 613
f 615 619 483
f 619 485 483
f 619 620 485
f 485 620 487
f 621 488 487
f 621 487 622
f 622 487 620
f 622 623 621
f 625 618 616
f 624 625 616
f 616 490 624
f 479 490 616
f 621 494 488
f 623 494 621
f 623 626 494
f 626 495 494
f 626 627 495
f 495 627 496
f 628 497 496
f 628 496 629
f 629 496 627
f 629 630 628
f 500 632 631
f 499 500 631
f 631 633 499
f 499 633 502
f 502 633 634
f 503 502 634
f 625 624 635
f 624 636 635
f 624 490 636
f 490 504 636
f 628 505 497
f 630 505 628
f 630 637 505
f 637 506 505
f 637 638 506
f 506 638 508
f 639 509 508
f 639 508 640
f 640 508 638
f 640 642 641
f 639 640 641
f 642 643 641
f 632 500 644
f 644 500 510
f 634 511 503
f 645 511 634
f 646 512 511
f 646 511 647
f 647 511 645
f 647 513 646
f 647 636 513
f 636 504 513
f 639 514 509
f 641 514 639
f 515 514 641
f 643 515 641
f 643 648 515
f 648 517 515
f 517 648 649
f 518 517 649
f 644 510 650
f 650 510 519
f 646 520 512
f 646 513 520
f 649 521 518
f 651 521 649
f 651 652 521
f 521 652 522
f 652 653 522
f 522 653 523
f 523 653 654
f 524 523 654
f 657 656 655
f 656 525 655
f 656 650 525
f 650 519 525
f 526 659 658
f 526 524 659
f 524 654 659
f 526 658 528
f 657 655 660
f 655 661 660
f 655 525 661
f 525 530 661
f 664 662 663
f 533 663 662
f 533 532 663
f 532 665 663
f 658 659 665
f 658 665 535
f 535 665 532
f 658 535 528
f 661 530 666
f 666 530 537
f 669 667 668
f 662 540 539
f 664 540 662
f 664 667 540
f 664 668 667
f 662 539 533
f 666 537 670
f 670 537 542
f 673 671 672
f 544 672 671
f 544 543 672
f 543 674 672
f 667 669 674
f 667 674 545
f 545 674 543
f 667 545 540
f 670 542 675
f 675 542 546
f 549 676 677
f 548 676 549
f 676 548 678
f 548 550 678
f 671 673 678
f 671 678 551
f 551 678 550
f 671 551 544
f 675 546 679
f 679 546 552
f 677 680 549
f 680 553 549
f 679 552 681
f 681 552 555
f 556 683 682
f 556 553 683
f 553 680 683
f 556 682 557
f 681 555 684
f 684 555 559
f 683 685 682
f 682 560 557
f 682 685 560
f 685 686 560
f 560 686 687
f 562 560 687
f 684 559 688
f 688 559 564
f 567 689 690
f 566 689 567
f 692 568 691
f 692 689 568
f 689 566 568
f 568 569 691
f 687 570 562
f 693 570 687
f 695 694 571
f 695 571 693
f 693 571 570
f 571 694 572
f 688 564 573
f 696 688 573
f 696 573 697
f 573 574 697
f 697 574 567
f 690 697 567
f 699 692 691
f 698 699 691
f 691 576 698
f 569 576 691
f 695 700 694
f 694 700 701
f 694 701 572
f 572 701 579
f 699 698 702
f 698 703 702
f 698 576 703
f 576 581 703
f 704 701 705
f 704 594 701
f 594 579 701
f 705 706 704
f 703 581 595
f 707 703 595
f 707 595 708
f 595 596 708
f 708 596 709
f 596 597 709
f 709 597 710
f 597 598 710
f 710 598 711
f 598 599 711
f 711 599 712
f 599 600 712
f 712 600 713
f 600 601 713
f 713 601 714
f 601 602 714
f 714 602 715
f 602 603 715
f 715 603 716
f 603 604 716
f 716 604 717
f 604 605 717
f 717 605 718
f 605 606 718
f 718 606 719
f 606 607 719
f 719 607 720
f 607 608 720
f 594 704 721
f 594 721 608
f 608 721 720
f 704 706 721
f 724 723 722
f 723 726 725
f 722 723 725
f 726 727 725
f 729 724 722
f 728 729 722
f 610 725 609
f 610 728 725
f 728 722 725
f 727 609 725
f 727 730 609
f 730 612 609
f 730 731 612
f 612 731 614
f 732 615 614
f 732 614 733
f 733 614 731
f 733 734 732
f 728 617 618
f 728 618 729
f 729 618 735
f 728 610 617
f 732 619 615
f 734 619 732
f 734 736 619
f 736 620 619
f 736 737 620
f 620 737 622
f 738 623 622
f 738 622 739
f 739 622 737
f 739 741 740
f 738 739 740
f 741 742 740
f 735 618 743
f 743 618 625
f 738 626 623
f 740 626 738
f 627 626 740
f 742 627 740
f 742 744 627
f 744 629 627
f 745 630 629
f 745 629 746
f 746 629 744
f 746 747 745
f 632 749 748
f 631 632 748
f 748 750 631
f 631 750 633
f 633 750 751
f 634 633 751
f 635 752 753
f 635 753 625
f 625 753 743
f 635 636 752
f 745 637 630
f 747 637 745
f 747 754 637
f 754 638 637
f 754 755 638
f 638 755 640
f 755 756 640
f 640 756 642
f 642 756 757
f 643 642 757
f 760 759 758
f 759 644 758
f 759 749 644
f 749 632 644
f 751 645 634
f 761 645 751
f 752 761 753
f 752 647 761
f 647 645 761
f 752 636 647
f 757 648 643
f 762 648 757
f 763 649 648
f 763 648 764
f 764 648 762
f 764 765 763
f 767 760 758
f 766 767 758
f 758 650 766
f 644 650 758
f 763 651 649
f 765 651 763
f 765 768 651
f 768 652 651
f 768 769 652
f 652 769 653
f 653 769 770
f 654 653 770
f 766 656 657
f 766 657 767
f 767 657 771
f 766 650 656
f 774 772 773
f 773 772 659
f 773 659 770
f 770 659 654
f 660 775 776
f 660 776 657
f 657 776 771
f 660 661 775
f 664 777 778
f 663 777 664
f 772 774 777
f 772 777 665
f 665 777 663
f 772 665 659
f 776 775 779
f 775 780 779
f 775 661 780
f 661 666 780
f 783 781 782
f 669 782 781
f 669 668 782
f 668 784 782
f 784 668 664
f 778 784 664
f 787 786 785
f 786 670 785
f 786 780 670
f 780 666 670
f 673 788 789
f 672 788 673
f 781 783 788
f 781 788 674
f 674 788 672
f 781 674 669
f 791 787 785
f 790 791 785
f 785 675 790
f 670 675 785
f 794 792 793
f 677 793 792
f 677 676 793
f 676 795 793
f 795 676 796
f 676 678 796
f 796 678 673
f 789 796 673
f 798 791 790
f 797 798 790
f 790 679 797
f 675 679 790
f 800 792 794
f 799 792 800
f 792 799 680
f 677 792 680
f 802 798 797
f 801 802 797
f 797 681 801
f 679 681 797
f 800 803 799
f 799 803 804
f 799 804 680
f 680 804 683
f 802 801 805
f 801 806 805
f 801 681 806
f 681 684 806
f 804 685 683
f 807 685 804
f 809 808 686
f 809 686 807
f 807 686 685
f 686 808 687
f 812 811 810
f 811 688 810
f 811 806 688
f 806 684 688
f 689 813 690
f 689 692 813
f 809 814 808
f 816 815 693
f 814 816 693
f 814 693 687
f 814 687 808
f 693 815 695
f 812 810 817
f 810 688 696
f 810 696 817
f 817 696 818
f 818 696 819
f 696 697 819
f 690 813 820
f 690 820 697
f 697 820 819
f 813 821 820
f 813 692 821
f 692 699 821
f 816 822 815
f 815 700 695
f 815 822 700
f 822 823 700
f 700 823 824
f 701 700 824
f 702 825 826
f 702 826 699
f 699 826 821
f 702 703 825
f 705 828 827
f 705 701 828
f 701 824 828
f 705 827 706
f 830 826 825
f 829 830 825
f 707 825 703
f 707 831 825
f 831 829 825
f 831 832 833
f 831 707 832
f 707 708 832
f 835 709 834
f 835 832 709
f 832 708 709
f 834 836 837
f 834 709 836
f 709 710 836
f 839 711 838
f 839 836 711
f 836 710 711
f 838 840 841
f 838 711 840
f 711 712 840
f 840 712 842
f 712 713 842
f 842 713 843
f 713 714 843
f 843 714 844
f 714 715 844
f 844 715 845
f 715 716 845
f 845 716 846
f 716 717 846
f 846 717 847
f 717 718 847
f 847 718 848
f 718 719 848
f 848 719 849
f 719 720 849
f 827 828 849
f 827 849 721
f 721 849 720
f 827 721 706
f 830 829 850
f 829 831 851
f 850 829 851
f 831 833 851
f 835 834 852
f 834 837 852
f 839 838 853
f 838 841 853
f 856 855 854
f 855 857 854
f 856 854 858
f 859 723 854
f 859 854 857
f 723 724 854
f 858 854 860
f 724 860 854
f 859 861 723
f 723 861 726
f 862 727 726
f 862 726 863
f 863 726 861
f 863 864 862
f 867 866 865
f 866 729 865
f 866 860 729
f 860 724 729
f 862 730 727
f 864 730 862
f 864 868 730
f 868 731 730
f 868 869 731
f 731 869 733
f 870 734 733
f 870 733 871
f 871 733 869
f 871 872 870
f 867 865 873
f 865 874 873
f 865 729 874
f 729 735 874
f 870 736 734
f 872 736 870
f 872 875 736
f 875 737 736
f 875 876 737
f 737 876 739
f 876 877 739
f 739 877 741
f 741 877 878
f 742 741 878
f 881 880 879
f 880 882 879
f 874 735 883
f 883 735 743
f 878 744 742
f 884 744 878
f 884 885 744
f 744 885 746
f 746 885 886
f 747 746 886
f 888 881 879
f 887 888 879
f 882 889 748
f 882 748 887
f 882 887 879
f 887 748 749
f 889 890 748
f 748 890 750
f 891 751 750
f 891 750 892
f 892 750 890
f 892 753 891
f 892 883 753
f 883 743 753
f 886 754 747
f 893 754 886
f 893 894 754
f 754 894 755
f 894 895 755
f 755 895 756
f 756 895 896
f 757 756 896
f 887 759 760
f 887 760 888
f 888 760 897
f 887 749 759
f 891 761 751
f 891 753 761
f 896 762 757
f 898 762 896
f 898 899 762
f 762 899 764
f 900 765 764
f 900 764 901
f 901 764 899
f 901 902 900
f 897 760 903
f 903 760 767
f 900 768 765
f 900 769 768
f 900 905 769
f 900 902 905
f 904 769 905
f 769 904 770
f 903 767 906
f 906 767 771
f 909 907 908
f 904 774 773
f 905 774 904
f 905 907 774
f 905 908 907
f 904 773 770
f 906 771 910
f 910 771 776
f 913 911 912
f 907 778 777
f 909 778 907
f 909 911 778
f 909 912 911
f 907 777 774
f 779 914 915
f 779 915 776
f 776 915 910
f 779 780 914
f 918 916 917
f 783 917 916
f 783 782 917
f 782 919 917
f 911 913 919
f 911 919 784
f 784 919 782
f 911 784 778
f 914 786 787
f 914 787 915
f 915 787 920
f 914 780 786
f 923 921 922
f 916 789 788
f 918 789 916
f 918 921 789
f 918 922 921
f 916 788 783
f 920 787 924
f 924 787 791
f 794 925 926
f 793 925 794
f 925 793 927
f 793 795 927
f 921 923 927
f 921 927 796
f 796 927 795
f 921 796 789
f 924 791 928
f 928 791 798
f 926 929 794
f 929 800 794
f 928 798 930
f 930 798 802
f 929 803 800
f 931 803 929
f 803 931 932
f 804 803 932
f 805 933 934
f 805 934 802
f 802 934 930
f 805 806 933
f 807 936 935
f 807 804 936
f 804 932 936
f 807 935 809
f 933 811 812
f 933 812 934
f 934 812 937
f 933 806 811
f 940 938 939
f 939 938 941
f 936 942 935
f 935 814 809
f 935 942 814
f 942 943 814
f 814 943 944
f 816 814 944
f 937 812 817
f 945 937 817
f 945 817 946
f 817 818 946
f 946 818 947
f 818 819 947
f 938 940 947
f 938 947 820
f 820 947 819
f 820 941 938
f 820 821 941
f 821 948 941
f 944 822 816
f 949 822 944
f 951 950 823
f 951 823 949
f 949 823 822
f 823 950 824
f 948 821 952
f 952 821 826
f 951 953 950
f 950 953 954
f 950 954 824
f 824 954 828
f 952 826 955
f 955 826 830
f 832 956 833
f 832 835 956
f 836 957 837
f 836 839 957
f 840 958 841
f 842 958 840
f 959 958 842
f 843 959 842
f 960 959 843
f 960 961 962
f 960 843 961
f 843 844 961
f 961 844 963
f 844 845 963
f 963 845 964
f 845 846 964
f 964 846 965
f 846 847 965
f 965 847 966
f 847 848 966
f 966 848 967
f 848 849 967
f 967 849 828
f 954 967 828
f 955 830 850
f 968 955 850
f 968 850 969
f 850 851 969
f 833 956 970
f 833 970 851
f 851 970 969
f 956 835 852
f 956 852 970
f 970 852 971
f 837 957 972
f 837 972 852
f 852 972 971
f 957 839 853
f 957 853 972
f 972 853 973
f 841 958 974
f 841 974 853
f 853 974 973
f 958 959 975
f 974 958 975
f 959 960 976
f 975 959 976
f 960 962 976
f 856 978 977
f 855 856 977
f 979 857 855
f 979 855 980
f 980 855 977
f 980 981 979
f 858 982 983
f 858 983 856
f 856 983 978
f 857 979 859
f 858 860 982
f 981 859 979
f 981 984 859
f 984 861 859
f 984 985 861
f 861 985 863
f 986 864 863
f 986 863 987
f 987 863 985
f 987 989 988
f 986 987 988
f 989 990 988
f 982 866 867
f 982 867 983
f 983 867 991
f 982 860 866
f 986 868 864
f 988 868 986
f 869 868 988
f 990 869 988
f 990 992 869
f 992 871 869
f 871 992 993
f 872 871 993
f 873 994 995
f 873 995 867
f 867 995 991
f 873 874 994
f 993 875 872
f 996 875 993
f 996 997 875
f 875 997 876
f 997 998 876
f 876 998 877
f 877 998 999
f 878 877 999
f 881 1001 1000
f 880 881 1000
f 880 1000 1002
f 882 880 1002
f 1004 995 994
f 1003 1004 994
f 994 883 1003
f 874 883 994
f 999 884 878
f 1005 884 999
f 1007 1006 885
f 1007 885 1005
f 1005 885 884
f 1008 886 885
f 1008 885 1009
f 1006 1010 885
f 1010 1009 885
f 1009 1011 1008
f 1001 881 1012
f 1012 881 888
f 1002 889 882
f 1013 889 1002
f 1013 1014 889
f 889 1014 890
f 1003 1014 1004
f 1003 892 1014
f 892 890 1014
f 1003 883 892
f 1007 1015 1006
f 1006 1015 1010
f 886 1008 893
f 1011 893 1008
f 1011 1016 893
f 1016 894 893
f 1016 1017 894
f 894 1017 895
f 895 1017 1018
f 896 895 1018
f 1012 888 1019
f 1019 888 897
f 1018 898 896
f 1020 898 1018
f 1020 1021 898
f 898 1021 899
f 1023 1022 901
f 1023 901 1021
f 1021 901 899
f 901 1022 902
f 1019 897 1024
f 1024 897 903
f 1026 1022 1023
f 1025 1022 1026
f 1022 1025 905
f 902 1022 905
f 1029 1028 1027
f 1028 906 1027
f 1028 1024 906
f 1024 903 906
f 1032 1030 1031
f 1025 909 908
f 1026 909 1025
f 1026 1030 909
f 1026 1031 1030
f 1025 908 905
f 1034 1029 1027
f 1033 1034 1027
f 1027 910 1033
f 906 910 1027
f 1037 1035 1036
f 1030 913 912
f 1032 913 1030
f 1032 1035 913
f 1032 1036 1035
f 1030 912 909
f 1034 1033 1038
f 1033 1039 1038
f 1033 910 1039
f 910 915 1039
f 1042 1040 1041
f 918 1041 1040
f 918 917 1041
f 917 1043 1041
f 1035 1037 1043
f 1035 1043 919
f 919 1043 917
f 1035 919 913
f 1039 915 1044
f 1044 915 920
f 1047 1045 1046
f 1040 923 922
f 1042 923 1040
f 1042 1045 923
f 1042 1046 1045
f 1040 922 918
f 1044 920 1048
f 1048 920 924
f 1051 1049 1050
f 926 1050 1049
f 926 925 1050
f 925 1052 1050
f 1045 1047 1052
f 1045 1052 927
f 927 1052 925
f 1045 927 923
f 1055 1054 1053
f 1054 928 1053
f 1054 1048 928
f 1048 924 928
f 1057 1049 1051
f 1056 1049 1057
f 1049 1056 929
f 926 1049 929
f 1059 1055 1053
f 1058 1059 1053
f 1053 930 1058
f 928 930 1053
f 1057 1060 1056
f 1062 1061 931
f 1060 1062 931
f 1060 931 929
f 1060 929 1056
f 931 1061 932
f 1059 1058 1063
f 1058 1064 1063
f 1058 930 1064
f 930 934 1064
f 1062 1065 1061
f 1061 1065 1066
f 1061 1066 932
f 932 1066 936
f 1064 934 1067
f 1067 934 937
f 939 1068 940
f 939 941 1068
f 1066 942 936
f 1069 942 1066
f 1071 1070 943
f 1071 943 1069
f 1069 943 942
f 943 1070 944
f 1067 937 945
f 1072 1067 945
f 1072 945 1073
f 945 946 1073
f 1073 946 1074
f 946 947 1074
f 940 1074 947
f 940 1075 1074
f 940 1068 1075
f 1075 1076 1074
f 1068 948 1075
f 941 948 1068
f 1071 1077 1070
f 1079 1078 949
f 1077 1079 949
f 1077 949 944
f 1077 944 1070
f 949 1078 951
f 1081 1076 1075
f 1080 1081 1075
f 1075 952 1080
f 948 952 1075
f 1079 1082 1078
f 1084 1083 953
f 1082 1084 953
f 1082 953 951
f 1082 951 1078
f 953 1083 954
f 1081 1080 1085
f 1080 1086 1085
f 1080 952 1086
f 952 955 1086
f 961 1087 962
f 963 1087 961
f 1088 1087 963
f 1088 1089 1090
f 1088 963 1089
f 963 964 1089
f 1089 964 1091
f 964 965 1091
f 1091 965 1092
f 965 966 1092
f 1083 1084 1092
f 1083 1092 967
f 967 1092 966
f 1083 967 954
f 1086 955 968
f 1093 1086 968
f 1093 968 1094
f 968 969 1094
f 1094 969 1095
f 969 970 1095
f 1095 970 1096
f 970 971 1096
f 1096 971 1097
f 971 972 1097
f 1097 972 1098
f 972 973 1098
f 1098 973 1099
f 973 974 1099
f 1099 974 1100
f 974 975 1100
f 1100 975 1101
f 975 976 1101
f 962 1087 1102
f 962 1102 976
f 976 1102 1101
f 1087 1088 1103
f 1102 1087 1103
f 1088 1090 1103
f 1106 1105 1104
f 978 1104 1105
f 978 1105 977
f 977 1105 1107
f 1107 1108 977
f 977 1108 980
f 1109 981 980
f 1109 980 1110
f 1110 980 1108
f 1110 1111 1109
f 1106 1104 1112
f 1104 1113 1112
f 1104 978 1113
f 978 983 1113
f 1109 984 981
f 1111 984 1109
f 1111 1114 984
f 1114 985 984
f 1114 1115 985
f 985 1115 987
f 1115 1116 987
f 987 1116 989
f 989 1116 1117
f 990 989 1117
f 1113 983 1118
f 1118 983 991
f 1117 992 990
f 1119 992 1117
f 1120 993 992
f 1120 992 1121
f 1121 992 1119
f 1121 1122 1120
f 1118 991 1123
f 1123 991 995
f 1120 996 993
f 1122 996 1120
f 1122 1124 996
f 1124 997 996
f 1126 1125 998
f 1126 998 1124
f 1124 998 997
f 998 1125 999
f 1001 1128 1127
f 1000 1001 1127
f 1129 1002 1000
f 1129 1000 1130
f 1130 1000 1127
f 1130 1131 1129
f 1123 995 1132
f 1132 995 1004
f 1126 1133 1125
f 1125 1005 999
f 1125 1133 1005
f 1133 1134 1005
f 1135 1007 1005
f 1135 1005 1136
f 1136 1005 1134
f 1010 1135 1136
f 1010 1136 1009
f 1009 1136 1137
f 1009 1137 1138
f 1011 1009 1138
f 1141 1140 1139
f 1140 1012 1139
f 1140 1128 1012
f 1128 1001 1012
f 1129 1013 1002
f 1131 1013 1129
f 1131 1142 1013
f 1142 1014 1013
f 1142 1004 1014
f 1132 1004 1142
f 1135 1015 1007
f 1135 1010 1015
f 1138 1016 1011
f 1143 1016 1138
f 1143 1144 1016
f 1016 1144 1017
f 1017 1144 1145
f 1018 1017 1145
f 1147 1141 1139
f 1146 1147 1139
f 1139 1019 1146
f 1012 1019 1139
f 1145 1020 1018
f 1148 1020 1145
f 1148 1149 1020
f 1020 1149 1021
f 1021 1149 1150
f 1023 1021 1150
f 1152 1147 1146
f 1151 1152 1146
f 1146 1024 1151
f 1019 1024 1146
f 1155 1153 1154
f 1154 1153 1026
f 1154 1026 1150
f 1150 1026 1023
f 1151 1028 1029
f 1151 1029 1152
f 1152 1029 1156
f 1151 1024 1028
f 1159 1157 1158
f 1153 1032 1031
f 1155 1032 1153
f 1155 1157 1032
f 1155 1158 1157
f 1153 1031 1026
f 1156 1029 1160
f 1160 1029 1034
f 1163 1161 1162
f 1162 1164 1165
f 1161 1164 1162
f 1157 1037 1036
f 1159 1037 1157
f 1159 1164 1037
f 1159 1165 1164
f 1157 1036 1032
f 1160 1034 1038
f 1166 1160 1038
f 1038 1167 1166
f 1039 1167 1038
f 1170 1168 1169
f 1161 1042 1041
f 1163 1042 1161
f 1163 1168 1042
f 1163 1169 1168
f 1164 1161 1041
f 1043 1164 1041
f 1164 1043 1037
f 1173 1172 1171
f 1172 1044 1171
f 1172 1167 1044
f 1167 1039 1044
f 1176 1174 1175
f 1175 1177 1178
f 1174 1177 1175
f 1168 1047 1046
f 1170 1047 1168
f 1170 1177 1047
f 1170 1178 1177
f 1168 1046 1042
f 1173 1171 1179
f 1171 1180 1179
f 1171 1044 1180
f 1044 1048 1180
f 1183 1181 1182
f 1174 1051 1050
f 1176 1051 1174
f 1176 1181 1051
f 1176 1182 1181
f 1177 1174 1050
f 1052 1177 1050
f 1177 1052 1047
f 1055 1185 1184
f 1054 1055 1184
f 1184 1048 1054
f 1180 1048 1184
f 1187 1181 1183
f 1186 1181 1187
f 1181 1186 1057
f 1051 1181 1057
f 1185 1055 1188
f 1188 1055 1059
f 1187 1189 1186
f 1186 1060 1057
f 1186 1189 1060
f 1189 1190 1060
f 1060 1190 1191
f 1062 1060 1191
f 1188 1059 1063
f 1192 1188 1063
f 1063 1193 1192
f 1064 1193 1063
f 1191 1065 1062
f 1194 1065 1191
f 1065 1194 1195
f 1066 1065 1195
f 1198 1197 1196
f 1197 1067 1196
f 1197 1193 1067
f 1193 1064 1067
f 1069 1200 1199
f 1069 1066 1200
f 1066 1195 1200
f 1069 1199 1071
f 1202 1198 1196
f 1201 1202 1196
f 1067 1201 1196
f 1067 1203 1201
f 1067 1072 1203
f 1204 1201 1203
f 1203 1072 1205
f 1072 1073 1205
f 1205 1073 1206
f 1073 1074 1206
f 1074 1207 1206
f 1076 1207 1074
f 1200 1208 1199
f 1210 1209 1077
f 1208 1210 1077
f 1208 1077 1071
f 1208 1071 1199
f 1077 1209 1079
f 1202 1201 1211
f 1201 1204 1211
f 1207 1076 1212
f 1212 1076 1081
f 1210 1213 1209
f 1215 1214 1082
f 1213 1215 1082
f 1213 1082 1079
f 1213 1079 1209
f 1082 1214 1084
f 1085 1216 1217
f 1085 1217 1081
f 1081 1217 1212
f 1085 1086 1216
f 1220 1218 1219
f 1090 1219 1218
f 1090 1089 1219
f 1089 1221 1219
f 1221 1089 1222
f 1089 1091 1222
f 1214 1215 1222
f 1214 1222 1092
f 1092 1222 1091
f 1214 1092 1084
f 1217 1216 1223
f 1216 1086 1093
f 1216 1093 1223
f 1223 1093 1224
f 1224 1093 1225
f 1093 1094 1225
f 1225 1094 1226
f 1094 1095 1226
f 1226 1095 1227
f 1095 1096 1227
f 1227 1096 1228
f 1096 1097 1228
f 1228 1097 1229
f 1097 1098 1229
f 1229 1098 1230
f 1098 1099 1230
f 1230 1099 1231
f 1099 1100 1231
f 1231 1100 1232
f 1100 1101 1232
f 1232 1101 1233
f 1101 1102 1233
f 1218 1220 1233
f 1218 1233 1103
f 1103 1233 1102
f 1218 1103 1090
f 1236 1235 1234
f 1235 1238 1237
f 1234 1235 1237
f 1238 1239 1237
f 1234 1105 1106
f 1234 1106 1236
f 1236 1106 1240
f 1237 1105 1234
f 1107 1105 1237
f 1239 1107 1237
f 1239 1241 1107
f 1241 1108 1107
f 1241 1242 1108
f 1108 1242 1110
f 1110 1242 1243
f 1111 1110 1243
f 1240 1106 1112
f 1244 1240 1112
f 1112 1245 1244
f 1113 1245 1112
f 1243 1114 1111
f 1246 1114 1243
f 1246 1247 1114
f 1114 1247 1115
f 1247 1248 1115
f 1115 1248 1116
f 1116 1248 1249
f 1117 1116 1249
f 1252 1251 1250
f 1251 1118 1250
f 1251 1245 1118
f 1245 1113 1118
f 1249 1119 1117
f 1253 1119 1249
f 1255 1254 1121
f 1255 1121 1253
f 1253 1121 1119
f 1121 1254 1122
f 1258 1257 1256
f 1257 1259 1256
f 1252 1250 1260
f 1250 1261 1260
f 1250 1118 1261
f 1118 1123 1261
f 1255 1262 1254
f 1264 1263 1124
f 1262 1264 1124
f 1262 1124 1122
f 1262 1122 1254
f 1124 1263 1126
f 1266 1258 1256
f 1265 1266 1256
f 1259 1267 1127
f 1259 1127 1265
f 1259 1265 1256
f 1265 1127 1128
f 1267 1268 1127
f 1127 1268 1130
f 1130 1268 1269
f 1131 1130 1269
f 1261 1123 1270
f 1270 1123 1132
f 1264 1271 1263
f 1263 1133 1126
f 1263 1271 1133
f 1271 1272 1133
f 1272 1273 1133
f 1133 1273 1134
f 1273 1274 1134
f 1134 1274 1136
f 1276 1275 1137
f 1276 1137 1274
f 1274 1137 1136
f 1137 1275 1138
f 1265 1140 1141
f 1265 1141 1266
f 1266 1141 1277
f 1265 1128 1140
f 1269 1142 1131
f 1278 1142 1269
f 1278 1132 1142
f 1270 1132 1278
f 1276 1279 1275
f 1275 1143 1138
f 1275 1279 1143
f 1279 1280 1143
f 1282 1281 1144
f 1282 1144 1280
f 1280 1144 1143
f 1144 1281 1145
f 1277 1141 1283
f 1283 1141 1147
f 1282 1284 1281
f 1281 1148 1145
f 1281 1284 1148
f 1284 1285 1148
f 1287 1286 1149
f 1287 1149 1285
f 1285 1149 1148
f 1149 1286 1150
f 1283 1147 1288
f 1288 1147 1152
f 1291 1289 1290
f 1286 1155 1154
f 1287 1155 1286
f 1287 1289 1155
f 1287 1290 1289
f 1286 1154 1150
f 1288 1152 1292
f 1292 1152 1156
f 1295 1293 1294
f 1289 1159 1158
f 1291 1159 1289
f 1291 1293 1159
f 1291 1294 1293
f 1289 1158 1155
f 1292 1156 1296
f 1296 1156 1160
f 1299 1297 1298
f 1163 1298 1297
f 1163 1162 1298
f 1162 1300 1298
f 1293 1295 1300
f 1293 1300 1165
f 1165 1300 1162
f 1293 1165 1159
f 1166 1301 1302
f 1166 1302 1160
f 1160 1302 1296
f 1166 1167 1301
f 1305 1303 1304
f 1297 1170 1169
f 1299 1170 1297
f 1299 1303 1170
f 1299 1304 1303
f 1297 1169 1163
f 1301 1172 1173
f 1301 1173 1302
f 1302 1173 1306
f 1301 1167 1172
f 1176 1307 1308
f 1175 1307 1176
f 1303 1305 1307
f 1303 1307 1178
f 1178 1307 1175
f 1303 1178 1170
f 1306 1173 1179
f 1309 1306 1179
f 1179 1310 1309
f 1180 1310 1179
f 1313 1311 1312
f 1183 1312 1311
f 1183 1182 1312
f 1182 1314 1312
f 1314 1182 1176
f 1308 1314 1176
f 1185 1316 1315
f 1184 1185 1315
f 1315 1180 1184
f 1310 1180 1315
f 1313 1317 1311
f 1311 1317 1318
f 1311 1318 1183
f 1183 1318 1187
f 1316 1185 1319
f 1319 1185 1188
f 1318 1189 1187
f 1320 1189 1318
f 1322 1321 1190
f 1322 1190 1320
f 1320 1190 1189
f 1190 1321 1191
f 1192 1323 1324
f 1192 1324 1188
f 1188 1324 1319
f 1192 1193 1323
f 1322 1325 1321
f 1327 1326 1194
f 1325 1327 1194
f 1325 1194 1191
f 1325 1191 1321
f 1194 1326 1195
f 1323 1197 1198
f 1323 1198 1324
f 1324 1198 1328
f 1323 1193 1197
f 1327 1329 1326
f 1326 1329 1330
f 1326 1330 1195
f 1195 1330 1200
f 1328 1198 1331
f 1331 1198 1202
f 1204 1332 1333
f 1203 1332 1204
f 1332 1203 1334
f 1203 1205 1334
f 1334 1205 1335
f 1205 1206 1335
f 1206 1336 1335
f 1207 1336 1206
f 1208 1338 1337
f 1208 1200 1338
f 1200 1330 1338
f 1208 1337 1210
f 1331 1202 1211
f 1339 1331 1211
f 1339 1211 1204
f 1333 1339 1204
f 1336 1207 1340
f 1340 1207 1212
f 1338 1341 1337
f 1343 1342 1213
f 1341 1343 1213
f 1341 1213 1210
f 1341 1210 1337
f 1213 1342 1215
f 1340 1212 1344
f 1344 1212 1217
f 1347 1345 1346
f 1220 1346 1345
f 1220 1219 1346
f 1219 1348 1346
f 1348 1219 1349
f 1219 1221 1349
f 1342 1343 1349
f 1342 1349 1222
f 1222 1349 1221
f 1342 1222 1215
f 1223 1350 1351
f 1223 1351 1217
f 1217 1351 1344
f 1224 1350 1223
f 1352 1350 1224
f 1352 1353 1354
f 1352 1224 1353
f 1224 1225 1353
f 1353 1225 1355
f 1225 1226 1355
f 1355 1226 1356
f 1226 1227 1356
f 1356 1227 1357
f 1227 1228 1357
f 1357 1228 1358
f 1228 1229 1358
f 1358 1229 1359
f 1229 1230 1359
f 1359 1230 1360
f 1230 1231 1360
f 1360 1231 1361
f 1231 1232 1361
f 1345 1347 1361
f 1345 1361 1233
f 1233 1361 1232
f 1345 1233 1220
f 1351 1350 1362
f 1350 1352 1363
f 1362 1350 1363
f 1352 1354 1363
f 1236 1365 1364
f 1235 1236 1364
f 1364 1366 1235
f 1235 1366 1238
f 1238 1366 1367
f 1239 1238 1367
f 1365 1236 1368
f 1368 1236 1240
f 1367 1241 1239
f 1369 1241 1367
f 1369 1370 1241
f 1241 1370 1242
f 1371 1243 1242
f 1371 1242 1372
f 1372 1242 1370
f 1372 1373 1371
f 1244 1374 1375
f 1244 1375 1240
f 1240 1375 1368
f 1244 1245 1374
f 1371 1246 1243
f 1373 1246 1371
f 1373 1376 1246
f 1376 1247 1246
f 1378 1377 1248
f 1378 1248 1376
f 1376 1248 1247
f 1248 1377 1249
f 1374 1251 1252
f 1374 1252 1375
f 1375 1252 1379
f 1374 1245 1251
f 1378 1380 1377
f 1382 1381 1253
f 1380 1382 1253
f 1380 1253 1249
f 1380 1249 1377
f 1253 1381 1255
f 1258 1384 1383
f 1257 1258 1383
f 1257 1383 1385
f 1259 1257 1385
f 1260 1386 1387
f 1260 1387 1252
f 1252 1387 1379
f 1260 1261 1386
f 1382 1388 1381
f 1390 1389 1262
f 1388 1390 1262
f 1388 1262 1255
f 1388 1255 1381
f 1262 1389 1264
f 1384 1258 1391
f 1391 1258 1266
f 1385 1267 1259
f 1392 1267 1385
f 1392 1393 1267
f 1267 1393 1268
f 1387 1386 1394
f 1387 1394 1268
f 1387 1268 1393
f 1269 1268 1394
f 1386 1270 1394
f 1261 1270 1386
f 1390 1395 1389
f 1389 1271 1264
f 1389 1395 1271
f 1395 1396 1271
f 1396 1397 1271
f 1271 1397 1272
f 1397 1398 1272
f 1272 1398 1273
f 1398 1399 1273
f 1273 1399 1274
f 1400 1276 1274
f 1400 1274 1401
f 1401 1274 1399
f 1401 1402 1400
f 1391 1266 1403
f 1403 1266 1277
f 1394 1278 1269
f 1394 1270 1278
f 1400 1279 1276
f 1402 1279 1400
f 1402 1404 1279
f 1404 1280 1279
f 1405 1282 1280
f 1405 1280 1406
f 1406 1280 1404
f 1406 1407 1405
f 1403 1277 1408
f 1408 1277 1283
f 1405 1284 1282
f 1405 1285 1284
f 1405 1410 1285
f 1405 1407 1410
f 1409 1285 1410
f 1285 1409 1287
f 1408 1283 1411
f 1411 1283 1288
f 1414 1412 1413
f 1413 1415 1416
f 1412 1415 1413
f 1409 1291 1290
f 1410 1291 1409
f 1410 1415 1291
f 1410 1416 1415
f 1409 1290 1287
f 1419 1418 1417
f 1418 1292 1417
f 1418 1411 1292
f 1411 1288 1292
f 1421 1412 1414
f 1420 1412 1421
f 1295 1294 1415
f 1295 1415 1420
f 1420 1415 1412
f 1415 1294 1291
f 1423 1419 1417
f 1422 1423 1417
f 1417 1296 1422
f 1292 1296 1417
f 1426 1424 1425
f 1299 1425 1424
f 1299 1298 1425
f 1298 1427 1425
f 1420 1421 1427
f 1420 1427 1300
f 1300 1427 1298
f 1420 1300 1295
f 1423 1422 1428
f 1422 1429 1428
f 1422 1296 1429
f 1296 1302 1429
f 1432 1430 1431
f 1424 1305 1304
f 1426 1305 1424
f 1426 1430 1305
f 1426 1431 1430
f 1424 1304 1299
f 1429 1302 1433
f 1433 1302 1306
f 1436 1434 1435
f 1430 1308 1307
f 1432 1308 1430
f 1432 1434 1308
f 1432 1435 1434
f 1430 1307 1305
f 1309 1437 1438
f 1309 1438 1306
f 1306 1438 1433
f 1309 1310 1437
f 1313 1439 1440
f 1312 1439 1313
f 1434 1436 1439
f 1434 1439 1314
f 1314 1439 1312
f 1434 1314 1308
f 1443 1442 1441
f 1437 1315 1316
f 1438 1437 1316
f 1438 1316 1441
f 1438 1441 1442
f 1437 1310 1315
f 1317 1445 1444
f 1317 1313 1445
f 1313 1440 1445
f 1317 1444 1318
f 1447 1443 1441
f 1446 1447 1441
f 1441 1319 1446
f 1316 1319 1441
f 1445 1448 1444
f 1450 1449 1320
f 1448 1450 1320
f 1448 1320 1318
f 1448 1318 1444
f 1320 1449 1322
f 1447 1446 1451
f 1446 1452 1451
f 1446 1319 1452
f 1319 1324 1452
f 1450 1453 1449
f 1455 1454 1325
f 1453 1455 1325
f 1453 1325 1322
f 1453 1322 1449
f 1325 1454 1327
f 1452 1324 1456
f 1456 1324 1328
f 1455 1457 1454
f 1459 1458 1329
f 1457 1459 1329
f 1457 1329 1327
f 1457 1327 1454
f 1329 1458 1330
f 1456 1328 1460
f 1460 1328 1331
f 1333 1461 1462
f 1332 1461 1333
f 1461 1332 1463
f 1332 1334 1463
f 1465 1335 1464
f 1465 1463 1335
f 1463 1334 1335
f 1335 1336 1464
f 1459 1466 1458
f 1458 1466 1467
f 1458 1467 1330
f 1330 1467 1338
f 1460 1331 1339
f 1468 1460 1339
f 1468 1339 1333
f 1462 1468 1333
f 1470 1465 1464
f 1469 1470 1464
f 1464 1340 1469
f 1336 1340 1464
f 1341 1472 1471
f 1341 1338 1472
f 1338 1467 1472
f 1341 1471 1343
f 1474 1470 1469
f 1473 1474 1469
f 1469 1344 1473
f 1340 1344 1469
f 1347 1475 1476
f 1346 1475 1347
f 1475 1346 1477
f 1346 1348 1477
f 1471 1472 1477
f 1471 1477 1349
f 1349 1477 1348
f 1471 1349 1343
f 1479 1474 1473
f 1478 1479 1473
f 1473 1351 1478
f 1344 1351 1473
f 1353 1480 1354
f 1355 1480 1353
f 1481 1480 1355
f 1481 1482 1483
f 1481 1355 1482
f 1355 1356 1482
f 1482 1356 1484
f 1356 1357 1484
f 1484 1357 1485
f 1357 1358 1485
f 1485 1358 1486
f 1358 1359 1486
f 1486 1359 1487
f 1359 1360 1487
f 1487 1360 1488
f 1360 1361 1488
f 1488 1361 1347
f 1476 1488 1347
f 1479 1478 1489
f 1478 1351 1362
f 1478 1362 1489
f 1489 1362 1490
f 1490 1362 1491
f 1362 1363 1491
f 1354 1480 1492
f 1354 1492 1363
f 1363 1492 1491
f 1480 1481 1493
f 1492 1480 1493
f 1481 1483 1493
f 1496 1495 1494
f 1495 1497 1494
f 1496 1494 1498
f 1499 1364 1494
f 1499 1494 1497
f 1364 1365 1494
f 1498 1494 1500
f 1365 1500 1494
f 1499 1501 1364
f 1364 1501 1366
f 1502 1367 1366
f 1502 1366 1503
f 1503 1366 1501
f 1503 1504 1502
f 1507 1506 1505
f 1506 1368 1505
f 1506 1500 1368
f 1500 1365 1368
f 1502 1369 1367
f 1504 1369 1502
f 1504 1508 1369
f 1508 1370 1369
f 1508 1509 1370
f 1370 1509 1372
f 1372 1509 1510
f 1373 1372 1510
f 1512 1507 1505
f 1511 1512 1505
f 1505 1375 1511
f 1368 1375 1505
f 1376 1514 1513
f 1376 1373 1514
f 1373 1510 1514
f 1376 1513 1378
f 1512 1511 1515
f 1511 1516 1515
f 1511 1375 1516
f 1375 1379 1516
f 1514 1517 1513
f 1519 1518 1380
f 1517 1519 1380
f 1517 1380 1378
f 1517 1378 1513
f 1380 1518 1382
f 1384 1521 1520
f 1383 1384 1520
f 1383 1520 1522
f 1385 1383 1522
f 1516 1379 1523
f 1523 1379 1387
f 1519 1524 1518
f 1526 1525 1388
f 1524 1526 1388
f 1524 1388 1382
f 1524 1382 1518
f 1527 1390 1388
f 1527 1388 1528
f 1525 1529 1388
f 1529 1528 1388
f 1528 1531 1530
f 1527 1528 1530
f 1531 1533 1532
f 1530 1531 1532
f 1533 1534 1532
f 1521 1384 1535
f 1535 1384 1391
f 1522 1392 1385
f 1536 1392 1522
f 1536 1537 1392
f 1392 1537 1393
f 1537 1387 1393
f 1523 1387 1537
f 1526 1538 1525
f 1525 1538 1529
f 1390 1527 1395
f 1530 1395 1527
f 1396 1395 1530
f 1532 1396 1530
f 1397 1396 1532
f 1534 1397 1532
f 1534 1539 1397
f 1539 1398 1397
f 1539 1540 1398
f 1398 1540 1399
f 1542 1541 1401
f 1542 1401 1540
f 1540 1401 1399
f 1401 1541 1402
f 1545 1544 1543
f 1544 1403 1543
f 1544 1535 1403
f 1535 1391 1403
f 1542 1546 1541
f 1541 1404 1402
f 1541 1546 1404
f 1546 1547 1404
f 1549 1548 1406
f 1549 1406 1547
f 1547 1406 1404
f 1406 1548 1407
f 1551 1545 1543
f 1550 1551 1543
f 1543 1408 1550
f 1403 1408 1543
f 1554 1552 1553
f 1553 1548 1549
f 1553 1552 1548
f 1552 1555 1548
f 1548 1555 1410
f 1407 1548 1410
f 1557 1551 1550
f 1556 1557 1550
f 1550 1411 1556
f 1408 1411 1550
f 1560 1558 1559
f 1552 1414 1413
f 1554 1414 1552
f 1554 1558 1414
f 1554 1559 1558
f 1555 1552 1413
f 1416 1555 1413
f 1555 1416 1410
f 1556 1418 1419
f 1556 1419 1557
f 1557 1419 1561
f 1556 1411 1418
f 1564 1562 1563
f 1563 1558 1560
f 1563 1562 1558
f 1562 1565 1558
f 1558 1565 1421
f 1414 1558 1421
f 1561 1419 1566
f 1566 1419 1423
f 1562 1426 1425
f 1562 1564 1426
f 1564 1567 1426
f 1565 1562 1425
f 1427 1565 1425
f 1565 1427 1421
f 1428 1568 1569
f 1428 1569 1423
f 1423 1569 1566
f 1428 1429 1568
f 1572 1570 1571
f 1432 1571 1570
f 1432 1431 1571
f 1431 1573 1571
f 1573 1431 1426
f 1567 1573 1426
f 1575 1569 1568
f 1574 1575 1568
f 1568 1433 1574
f 1429 1433 1568
f 1578 1576 1577
f 1570 1436 1435
f 1572 1436 1570
f 1572 1576 1436
f 1572 1577 1576
f 1570 1435 1432
f 1575 1574 1579
f 1574 1580 1579
f 1574 1433 1580
f 1433 1438 1580
f 1583 1581 1582
f 1576 1440 1439
f 1578 1440 1576
f 1578 1581 1440
f 1578 1582 1581
f 1576 1439 1436
f 1443 1585 1584
f 1442 1443 1584
f 1584 1438 1442
f 1580 1438 1584
f 1583 1586 1581
f 1581 1586 1587
f 1581 1587 1440
f 1440 1587 1445
f 1585 1443 1588
f 1588 1443 1447
f 1448 1590 1589
f 1448 1445 1590
f 1445 1587 1590
f 1448 1589 1450
f 1588 1447 1451
f 1591 1588 1451
f 1451 1592 1591
f 1452 1592 1451
f 1590 1593 1589
f 1595 1594 1453
f 1593 1595 1453
f 1593 1453 1450
f 1593 1450 1589
f 1453 1594 1455
f 1598 1597 1596
f 1597 1456 1596
f 1597 1592 1456
f 1592 1452 1456
f 1601 1599 1600
f 1600 1599 1602
f 1595 1603 1594
f 1605 1604 1457
f 1603 1605 1457
f 1603 1457 1455
f 1603 1455 1594
f 1457 1604 1459
f 1607 1598 1596
f 1606 1607 1596
f 1460 1596 1456
f 1460 1606 1596
f 1610 1608 1609
f 1462 1609 1608
f 1462 1461 1609
f 1461 1611 1609
f 1599 1601 1611
f 1599 1611 1463
f 1463 1611 1461
f 1463 1602 1599
f 1463 1465 1602
f 1465 1612 1602
f 1605 1613 1604
f 1615 1614 1466
f 1613 1615 1466
f 1613 1466 1459
f 1613 1459 1604
f 1466 1614 1467
f 1607 1606 1616
f 1608 1610 1616
f 1608 1616 1468
f 1606 1460 1616
f 1460 1468 1616
f 1608 1468 1462
f 1612 1465 1617
f 1617 1465 1470
f 1615 1618 1614
f 1614 1618 1619
f 1614 1619 1467
f 1467 1619 1472
f 1617 1470 1620
f 1620 1470 1474
f 1623 1621 1622
f 1476 1622 1621
f 1476 1475 1622
f 1475 1624 1622
f 1624 1475 1625
f 1475 1477 1625
f 1625 1477 1472
f 1619 1625 1472
f 1620 1474 1626
f 1626 1474 1479
f 1483 1627 1628
f 1482 1627 1483
f 1627 1482 1629
f 1482 1484 1629
f 1629 1484 1630
f 1484 1485 1630
f 1630 1485 1631
f 1485 1486 1631
f 1631 1486 1632
f 1486 1487 1632
f 1621 1623 1632
f 1621 1632 1488
f 1488 1632 1487
f 1621 1488 1476
f 1626 1479 1489
f 1633 1626 1489
f 1633 1489 1634
f 1489 1490 1634
f 1634 1490 1635
f 1490 1491 1635
f 1635 1491 1636
f 1491 1492 1636
f 1636 1492 1637
f 1492 1493 1637
f 1637 1493 1483
f 1628 1637 1483
f 1496 1639 1638
f 1495 1496 1638
f 1640 1497 1495
f 1640 1495 1641
f 1641 1495 1638
f 1641 1642 1640
f 1498 1643 1644
f 1498 1644 1496
f 1496 1644 1639
f 1497 1640 1499
f 1498 1500 1643
f 1642 1499 1640
f 1642 1645 1499
f 1645 1501 1499
f 1647 1646 1503
f 1647 1503 1645
f 1645 1503 1501
f 1503 1646 1504
f 1643 1506 1507
f 1643 1507 1644
f 1644 1507 1648
f 1643 1500 1506
f 1647 1649 1646
f 1651 1650 1508
f 1649 1651 1508
f 1649 1508 1504
f 1649 1504 1646
f 1509 1508 1650
f 1652 1509 1650
f 1509 1652 1510
f 1648 1507 1653
f 1653 1507 1512
f 1651 1654 1650
f 1656 1650 1654
f 1656 1655 1650
f 1655 1652 1650
f 1652 1655 1514
f 1510 1652 1514
f 1515 1657 1658
f 1515 1658 1512
f 1512 1658 1653
f 1515 1516 1657
f 1656 1659 1655
f 1661 1660 1517
f 1659 1661 1517
f 1659 1517 1514
f 1659 1514 1655
f 1517 1660 1519
f 1664 1663 1662
f 1521 1662 1663
f 1521 1663 1520
f 1520 1663 1665
f 1520 1665 1666
f 1522 1520 1666
f 1668 1658 1657
f 1667 1668 1657
f 1657 1523 1667
f 1516 1523 1657
f 1661 1669 1660
f 1660 1524 1519
f 1660 1669 1524
f 1669 1670 1524
f 1671 1526 1524
f 1671 1524 1672
f 1672 1524 1670
f 1529 1671 1672
f 1529 1672 1528
f 1528 1672 1673
f 1673 1674 1528
f 1528 1674 1531
f 1674 1675 1531
f 1531 1675 1533
f 1533 1675 1676
f 1534 1533 1676
f 1678 1664 1662
f 1677 1678 1662
f 1662 1535 1677
f 1521 1535 1662
f 1666 1536 1522
f 1679 1536 1666
f 1682 1680 1681
f 1679 1668 1537
f 1679 1537 1536
f 1537 1668 1667
f 1667 1523 1537
f 1681 1680 1683
f 1671 1538 1526
f 1671 1529 1538
f 1676 1539 1534
f 1684 1539 1676
f 1684 1685 1539
f 1539 1685 1540
f 1540 1685 1686
f 1542 1540 1686
f 1677 1544 1545
f 1677 1545 1678
f 1678 1545 1687
f 1677 1535 1544
f 1682 1688 1680
f 1680 1688 1683
f 1686 1546 1542
f 1689 1546 1686
f 1691 1690 1547
f 1691 1547 1689
f 1689 1547 1546
f 1547 1690 1549
f 1687 1545 1692
f 1692 1545 1551
f 1695 1693 1694
f 1690 1554 1553
f 1691 1554 1690
f 1691 1693 1554
f 1691 1694 1693
f 1690 1553 1549
f 1692 1551 1696
f 1696 1551 1557
f 1699 1697 1698
f 1693 1560 1559
f 1695 1560 1693
f 1695 1697 1560
f 1695 1698 1697
f 1693 1559 1554
f 1696 1557 1700
f 1700 1557 1561
f 1703 1701 1702
f 1697 1564 1563
f 1699 1564 1697
f 1699 1701 1564
f 1699 1702 1701
f 1697 1563 1560
f 1700 1561 1704
f 1704 1561 1566
f 1707 1705 1706
f 1706 1705 1708
f 1711 1709 1710
f 1710 1701 1703
f 1710 1709 1701
f 1709 1712 1701
f 1701 1712 1567
f 1564 1701 1567
f 1704 1566 1713
f 1713 1566 1569
f 1707 1714 1705
f 1708 1705 1714
f 1716 1717 1715
f 1709 1572 1571
f 1711 1572 1709
f 1711 1715 1572
f 1711 1716 1715
f 1712 1709 1571
f 1573 1712 1571
f 1712 1573 1567
f 1713 1569 1718
f 1718 1569 1575
f 1721 1719 1720
f 1720 1722 1723
f 1719 1722 1720
f 1715 1578 1577
f 1717 1578 1715
f 1717 1722 1578
f 1717 1723 1722
f 1715 1577 1572
f 1579 1724 1725
f 1579 1725 1575
f 1575 1725 1718
f 1579 1580 1724
f 1727 1719 1721
f 1726 1719 1727
f 1583 1582 1722
f 1583 1722 1726
f 1726 1722 1719
f 1722 1582 1578
f 1724 1584 1585
f 1724 1585 1725
f 1725 1585 1728
f 1724 1580 1584
f 1727 1729 1726
f 1731 1730 1586
f 1729 1731 1586
f 1729 1586 1583
f 1729 1583 1726
f 1586 1730 1587
f 1728 1585 1732
f 1732 1585 1588
f 1731 1733 1730
f 1730 1733 1734
f 1730 1734 1587
f 1587 1734 1590
f 1591 1735 1736
f 1591 1736 1588
f 1588 1736 1732
f 1591 1592 1735
f 1593 1738 1737
f 1593 1590 1738
f 1590 1734 1738
f 1593 1737 1595
f 1735 1597 1598
f 1735 1598 1736
f 1736 1598 1739
f 1735 1592 1597
f 1600 1740 1601
f 1600 1602 1740
f 1738 1741 1737
f 1743 1742 1603
f 1741 1743 1603
f 1741 1603 1595
f 1741 1595 1737
f 1603 1742 1605
f 1744 1745 1739
f 1744 1739 1607
f 1607 1739 1598
f 1610 1745 1744
f 1610 1609 1745
f 1609 1746 1745
f 1746 1609 1747
f 1609 1611 1747
f 1601 1747 1611
f 1601 1748 1747
f 1601 1740 1748
f 1748 1749 1747
f 1740 1612 1748
f 1602 1612 1740
f 1743 1750 1742
f 1752 1751 1613
f 1750 1752 1613
f 1750 1613 1605
f 1750 1605 1742
f 1613 1751 1615
f 1744 1607 1616
f 1744 1616 1610
f 1749 1748 1753
f 1748 1754 1753
f 1748 1612 1754
f 1612 1617 1754
f 1752 1755 1751
f 1757 1756 1618
f 1755 1757 1618
f 1755 1618 1615
f 1755 1615 1751
f 1618 1756 1619
f 1760 1759 1758
f 1759 1620 1758
f 1759 1754 1620
f 1754 1617 1620
f 1623 1761 1762
f 1622 1761 1623
f 1761 1622 1763
f 1622 1624 1763
f 1756 1757 1763
f 1756 1763 1625
f 1625 1763 1624
f 1756 1625 1619
f 1760 1758 1764
f 1758 1765 1764
f 1758 1620 1765
f 1620 1626 1765
f 1768 1766 1767
f 1628 1767 1766
f 1628 1627 1767
f 1627 1769 1767
f 1769 1627 1770
f 1627 1629 1770
f 1770 1629 1771
f 1629 1630 1771
f 1771 1630 1772
f 1630 1631 1772
f 1772 1631 1773
f 1631 1632 1773
f 1773 1632 1623
f 1762 1773 1623
f 1765 1626 1633
f 1774 1765 1633
f 1774 1633 1775
f 1633 1634 1775
f 1775 1634 1776
f 1634 1635 1776
f 1776 1635 1777
f 1635 1636 1777
f 1766 1768 1777
f 1766 1777 1637
f 1637 1777 1636
f 1766 1637 1628
f 1639 1779 1778
f 1638 1639 1778
f 1781 1780 1641
f 1781 1641 1778
f 1778 1641 1638
f 1641 1780 1642
f 1779 1639 1782
f 1782 1639 1644
f 1781 1783 1780
f 1785 1784 1645
f 1783 1785 1645
f 1783 1645 1642
f 1783 1642 1780
f 1645 1784 1647
f 1782 1644 1786
f 1786 1644 1648
f 1785 1787 1784
f 1789 1788 1649
f 1787 1789 1649
f 1787 1649 1647
f 1787 1647 1784
f 1649 1788 1651
f 1786 1648 1790
f 1790 1648 1653
f 1789 1791 1788
f 1793 1792 1654
f 1791 1793 1654
f 1791 1654 1651
f 1791 1651 1788
f 1654 1792 1656
f 1790 1653 1794
f 1794 1653 1658
f 1793 1795 1792
f 1797 1796 1659
f 1795 1797 1659
f 1795 1659 1656
f 1795 1656 1792
f 1659 1796 1661
f 1664 1799 1798
f 1663 1664 1798
f 1798 1800 1663
f 1663 1800 1665
f 1665 1800 1801
f 1666 1665 1801
f 1794 1658 1802
f 1802 1658 1668
f 1797 1803 1796
f 1796 1669 1661
f 1796 1803 1669
f 1803 1804 1669
f 1804 1805 1669
f 1669 1805 1670
f 1805 1806 1670
f 1670 1806 1672
f 1806 1807 1672
f 1672 1807 1673
f 1807 1808 1673
f 1673 1808 1674
f 1810 1809 1675
f 1810 1675 1808
f 1808 1675 1674
f 1675 1809 1676
f 1799 1664 1811
f 1811 1664 1678
f 1679 1813 1812
f 1679 1666 1813
f 1666 1801 1813
f 1814 1682 1681
f 1812 1815 1679
f 1815 1668 1679
f 1815 1802 1668
f 1681 1683 1814
f 1810 1816 1809
f 1809 1684 1676
f 1809 1816 1684
f 1816 1817 1684
f 1819 1818 1685
f 1819 1685 1817
f 1817 1685 1684
f 1685 1818 1686
f 1811 1678 1820
f 1820 1678 1687
f 1813 1821 1812
f 1812 1821 1815
f 1682 1814 1688
f 1814 1683 1688
f 1819 1822 1818
f 1824 1823 1689
f 1822 1824 1689
f 1822 1689 1686
f 1822 1686 1818
f 1689 1823 1691
f 1820 1687 1825
f 1825 1687 1692
f 1828 1826 1827
f 1823 1695 1694
f 1824 1695 1823
f 1824 1826 1695
f 1824 1827 1826
f 1823 1694 1691
f 1831 1830 1829
f 1830 1696 1829
f 1830 1825 1696
f 1825 1692 1696
f 1834 1832 1833
f 1826 1699 1698
f 1828 1699 1826
f 1828 1832 1699
f 1828 1833 1832
f 1826 1698 1695
f 1836 1831 1829
f 1835 1836 1829
f 1829 1700 1835
f 1696 1700 1829
f 1839 1837 1838
f 1832 1703 1702
f 1834 1703 1832
f 1834 1837 1703
f 1834 1838 1837
f 1832 1702 1699
f 1841 1836 1835
f 1840 1841 1835
f 1835 1704 1840
f 1700 1704 1835
f 1844 1842 1843
f 1846 1843 1842
f 1845 1707 1706
f 1845 1706 1708
f 1849 1847 1848
f 1837 1711 1710
f 1839 1711 1837
f 1839 1847 1711
f 1839 1848 1847
f 1837 1710 1703
f 1841 1840 1850
f 1840 1851 1850
f 1840 1704 1851
f 1704 1713 1851
f 1853 1842 1844
f 1852 1842 1853
f 1707 1845 1714
f 1846 1842 1855
f 1842 1854 1855
f 1842 1852 1854
f 1849 1716 1847
f 1849 1717 1716
f 1849 1855 1717
f 1854 1717 1855
f 1845 1708 1714
f 1847 1716 1711
f 1851 1713 1856
f 1856 1713 1718
f 1859 1857 1858
f 1852 1721 1720
f 1853 1721 1852
f 1853 1857 1721
f 1853 1858 1857
f 1854 1852 1720
f 1723 1854 1720
f 1854 1723 1717
f 1856 1718 1860
f 1860 1718 1725
f 1862 1857 1859
f 1861 1857 1862
f 1857 1861 1727
f 1721 1857 1727
f 1865 1864 1863
f 1864 1728 1863
f 1864 1860 1728
f 1860 1725 1728
f 1862 1866 1861
f 1868 1867 1729
f 1866 1868 1729
f 1866 1729 1727
f 1866 1727 1861
f 1729 1867 1731
f 1870 1865 1863
f 1869 1870 1863
f 1863 1732 1869
f 1728 1732 1863
f 1868 1871 1867
f 1873 1872 1733
f 1871 1873 1733
f 1871 1733 1731
f 1871 1731 1867
f 1733 1872 1734
f 1875 1870 1869
f 1874 1875 1869
f 1869 1736 1874
f 1732 1736 1869
f 1873 1876 1872
f 1872 1876 1877
f 1872 1877 1734
f 1734 1877 1738
f 1875 1874 1878
f 1874 1879 1878
f 1874 1736 1879
f 1736 1739 1879
f 1882 1880 1881
f 1881 1880 1883
f 1741 1885 1884
f 1741 1738 1885
f 1738 1877 1885
f 1741 1884 1743
f 1879 1739 1745
f 1886 1879 1745
f 1886 1745 1887
f 1745 1746 1887
f 1880 1882 1887
f 1880 1887 1747
f 1747 1887 1746
f 1747 1883 1880
f 1747 1749 1883
f 1749 1888 1883
f 1885 1889 1884
f 1891 1890 1750
f 1889 1891 1750
f 1889 1750 1743
f 1889 1743 1884
f 1750 1890 1752
f 1753 1892 1893
f 1753 1893 1749
f 1749 1893 1888
f 1753 1754 1892
f 1891 1894 1890
f 1896 1895 1755
f 1894 1896 1755
f 1894 1755 1752
f 1894 1752 1890
f 1755 1895 1757
f 1892 1759 1760
f 1892 1760 1893
f 1893 1760 1897
f 1892 1754 1759
f 1900 1898 1899
f 1762 1899 1898
f 1762 1761 1899
f 1761 1901 1899
f 1895 1896 1901
f 1895 1901 1763
f 1763 1901 1761
f 1895 1763 1757
f 1764 1902 1903
f 1764 1903 1760
f 1760 1903 1897
f 1764 1765 1902
f 1906 1904 1905
f 1768 1905 1904
f 1768 1767 1905
f 1767 1907 1905
f 1907 1767 1908
f 1767 1769 1908
f 1908 1769 1909
f 1769 1770 1909
f 1909 1770 1910
f 1770 1771 1910
f 1910 1771 1911
f 1771 1772 1911
f 1898 1900 1911
f 1898 1911 1773
f 1773 1911 1772
f 1898 1773 1762
f 1903 1902 1912
f 1902 1765 1774
f 1902 1774 1912
f 1912 1774 1913
f 1913 1774 1914
f 1774 1775 1914
f 1914 1775 1915
f 1775 1776 1915
f 1904 1906 1915
f 1904 1915 1777
f 1777 1915 1776
f 1904 1777 1768
f 1918 1917 1916
f 1779 1916 1917
f 1779 1917 1778
f 1920 1919 1917
f 1919 1778 1917
f 1778 1919 1781
f 1922 1918 1916
f 1921 1922 1916
f 1916 1782 1921
f 1916 1779 1782
f 1919 1920 1923
f 1919 1783 1781
f 1919 1923 1783
f 1923 1924 1783
f 1783 1924 1925
f 1785 1783 1925
f 1922 1921 1926
f 1921 1927 1926
f 1921 1782 1927
f 1782 1786 1927
f 1787 1929 1928
f 1787 1785 1929
f 1785 1925 1929
f 1787 1928 1789
f 1932 1931 1930
f 1931 1790 1930
f 1931 1927 1790
f 1927 1786 1790
f 1929 1933 1928
f 1935 1934 1791
f 1933 1935 1791
f 1933 1791 1789
f 1933 1789 1928
f 1791 1934 1793
f 1932 1930 1936
f 1930 1937 1936
f 1930 1790 1937
f 1790 1794 1937
f 1935 1938 1934
f 1940 1939 1795
f 1938 1940 1795
f 1938 1795 1793
f 1938 1793 1934
f 1941 1797 1795
f 1941 1795 1942
f 1939 1943 1795
f 1943 1942 1795
f 1942 1945 1944
f 1941 1942 1944
f 1945 1946 1944
f 1949 1948 1947
f 1948 1950 1947
f 1799 1952 1951
f 1798 1799 1951
f 1954 1953 1800
f 1954 1800 1951
f 1951 1800 1798
f 1800 1953 1801
f 1937 1794 1955
f 1955 1794 1802
f 1940 1956 1939
f 1939 1956 1943
f 1797 1941 1803
f 1944 1803 1941
f 1804 1803 1944
f 1946 1804 1944
f 1946 1957 1804
f 1957 1805 1804
f 1947 1957 1949
f 1947 1806 1957
f 1806 1805 1957
f 1950 1806 1947
f 1950 1958 1806
f 1958 1807 1806
f 1958 1959 1807
f 1807 1959 1808
f 1808 1959 1960
f 1810 1808 1960
f 1963 1962 1961
f 1962 1811 1961
f 1962 1952 1811
f 1952 1799 1811
f 1954 1964 1953
f 1953 1813 1801
f 1953 1966 1813
f 1953 1964 1966
f 1966 1965 1813
f 1966 1815 1965
f 1966 1955 1815
f 1955 1802 1815
f 1960 1816 1810
f 1967 1816 1960
f 1967 1968 1816
f 1816 1968 1817
f 1817 1968 1969
f 1819 1817 1969
f 1971 1963 1961
f 1970 1971 1961
f 1961 1820 1970
f 1811 1820 1961
f 1965 1821 1813
f 1965 1815 1821
f 1974 1972 1973
f 1973 1972 1975
f 1973 1975 1819
f 1973 1819 1969
f 1819 1975 1822
f 1822 1975 1824
f 1977 1971 1970
f 1976 1977 1970
f 1970 1825 1976
f 1820 1825 1970
f 1979 1972 1974
f 1978 1972 1979
f 1828 1827 1975
f 1828 1975 1978
f 1978 1975 1972
f 1975 1827 1824
f 1976 1830 1831
f 1976 1831 1977
f 1977 1831 1980
f 1976 1825 1830
f 1983 1981 1982
f 1978 1834 1833
f 1979 1834 1978
f 1979 1981 1834
f 1979 1982 1981
f 1978 1833 1828
f 1980 1831 1984
f 1984 1831 1836
f 1987 1985 1986
f 1981 1839 1838
f 1983 1839 1981
f 1983 1985 1839
f 1983 1986 1985
f 1981 1838 1834
f 1984 1836 1988
f 1988 1836 1841
f 1991 1989 1990
f 1844 1990 1989
f 1844 1843 1990
f 1843 1992 1990
f 1993 1843 1846
f 1993 1994 1843
f 1994 1992 1843
f 1985 1849 1848
f 1987 1849 1985
f 1987 1993 1849
f 1987 1994 1993
f 1985 1848 1839
f 1850 1995 1996
f 1850 1996 1841
f 1841 1996 1988
f 1850 1851 1995
f 1991 1997 1989
f 1989 1997 1998
f 1989 1998 1844
f 1844 1998 1853
f 1993 1846 1855
f 1993 1855 1849
f 2000 1996 1995
f 1999 2000 1995
f 1995 1856 1999
f 1851 1856 1995
f 2003 2001 2002
f 1859 2002 2001
f 1859 1858 2002
f 1858 2004 2002
f 2004 1858 1853
f 1998 2004 1853
f 2006 2000 1999
f 2005 2006 1999
f 1999 1860 2005
f 1856 1860 1999
f 2003 2007 2001
f 2001 2007 2008
f 2001 2008 1859
f 1859 2008 1862
f 2005 1864 1865
f 2005 1865 2006
f 2006 1865 2009
f 2005 1860 1864
f 1866 2011 2010
f 1866 1862 2011
f 1862 2008 2011
f 1866 2010 1868
f 2009 1865 2012
f 2012 1865 1870
f 2011 2013 2010
f 2015 2014 1871
f 2013 2015 1871
f 2013 1871 1868
f 2013 1868 2010
f 1871 2014 1873
f 2012 1870 2016
f 2016 1870 1875
f 2015 2017 2014
f 2019 2018 1876
f 2017 2019 1876
f 2017 1876 1873
f 2017 1873 2014
f 1876 2018 1877
f 1878 2020 2021
f 1878 2021 1875
f 1875 2021 2016
f 1878 1879 2020
f 1882 2022 2023
f 1881 2022 1882
f 1881 2024 2022
f 1883 2024 1881
f 2019 2025 2018
f 2018 2025 2026
f 2018 2026 1877
f 1877 2026 1885
f 2021 2020 2027
f 2020 1879 1886
f 2020 1886 2027
f 2027 1886 2028
f 2028 1886 2029
f 1886 1887 2029
f 2029 1887 2030
f 2029 2030 2032
f 1887 1882 2030
f 2031 2030 2023
f 1882 2023 2030
f 2031 1888 2030
f 2031 2024 1888
f 2024 1883 1888
f 1889 2034 2033
f 1889 1885 2034
f 1885 2026 2034
f 1889 2033 1891
f 2032 2030 2035
f 2030 2036 2035
f 2030 1888 2036
f 1888 1893 2036
f 2034 2037 2033
f 2039 2038 1894
f 2037 2039 1894
f 2037 1894 1891
f 2037 1891 2033
f 1894 2038 1896
f 2036 1893 2040
f 2040 1893 1897
f 2043 2041 2042
f 1900 2042 2041
f 1900 1899 2042
f 1899 2044 2042
f 2038 2039 2044
f 2038 2044 1901
f 1901 2044 1899
f 2038 1901 1896
f 2040 1897 2045
f 2045 1897 1903
f 1906 2046 2047
f 1905 2046 1906
f 2046 1905 2048
f 1905 1907 2048
f 2048 1907 2049
f 1907 1908 2049
f 2049 1908 2050
f 1908 1909 2050
f 2050 1909 2051
f 1909 1910 2051
f 2041 2043 2051
f 2041 2051 1911
f 1911 2051 1910
f 2041 1911 1900
f 2045 1903 1912
f 2052 2045 1912
f 2052 1912 2053
f 1912 1913 2053
f 2053 1913 2054
f 1913 1914 2054
f 2054 1914 2055
f 1914 1915 2055
f 2055 1915 1906
f 2047 2055 1906
f 2058 2057 2056
f 1918 2056 2057
f 1918 2057 1917
f 1917 2057 2059
f 1917 2059 2060
f 1920 1917 2060
f 2058 2056 2061
f 2056 2062 2061
f 2056 1918 2062
f 1918 1922 2062
f 1923 2064 2063
f 1923 1920 2064
f 1920 2060 2064
f 1924 1923 2063
f 2065 1924 2063
f 1924 2065 1925
f 1926 2066 2067
f 1926 2067 1922
f 1922 2067 2062
f 2064 2068 2063
f 2066 1926 1927
f 2070 2063 2068
f 2070 2069 2063
f 2069 2065 2063
f 2065 2069 1929
f 1925 2065 1929
f 2066 1931 1932
f 2066 1932 2067
f 2067 1932 2071
f 2066 1927 1931
f 2070 2072 2069
f 2074 2073 1933
f 2072 2074 1933
f 2072 1933 1929
f 2072 1929 2069
f 1933 2073 1935
f 1936 2075 2076
f 1936 2076 1932
f 1932 2076 2071
f 1936 1937 2075
f 2074 2077 2073
f 2073 1938 1935
f 2073 2077 1938
f 2077 2078 1938
f 2079 1940 1938
f 2079 1938 2080
f 2080 1938 2078
f 1943 2079 2080
f 1943 2080 1942
f 1942 2080 2081
f 2081 2082 1942
f 1942 2082 1945
f 2083 1946 1945
f 2083 1945 2084
f 2084 1945 2082
f 1949 2083 2084
f 1949 2084 1948
f 1948 2084 2085
f 1948 2085 2086
f 1950 1948 2086
f 2089 2088 2087
f 1952 2087 2088
f 1952 2088 1951
f 1951 2088 2090
f 1951 2090 2091
f 1954 1951 2091
f 2093 2076 2075
f 2092 2093 2075
f 2075 1955 2092
f 1937 1955 2075
f 2079 1956 1940
f 2079 1943 1956
f 2083 1957 1946
f 2083 1949 1957
f 2086 1958 1950
f 2094 1958 2086
f 2096 2095 1959
f 2096 1959 2094
f 2094 1959 1958
f 1959 2095 1960
f 2087 1962 1963
f 2087 1963 2089
f 2089 1963 2097
f 2087 1952 1962
f 2091 1964 1954
f 2098 1964 2091
f 2092 2098 2093
f 2092 1966 2098
f 1966 1964 2098
f 2092 1955 1966
f 2096 2099 2095
f 2095 1967 1960
f 2095 2099 1967
f 2099 2100 1967
f 2102 2101 1968
f 2102 1968 2100
f 2100 1968 1967
f 1968 2101 1969
f 2097 1963 2103
f 2103 1963 1971
f 2106 2104 2105
f 2101 1974 1973
f 2102 1974 2101
f 2102 2104 1974
f 2102 2105 2104
f 2101 1973 1969
f 2103 1971 2107
f 2107 1971 1977
f 2109 2104 2106
f 2108 2104 2109
f 2104 2108 1979
f 1974 2104 1979
f 2107 1977 2110
f 2110 1977 1980
f 2113 2111 2112
f 2108 1983 1982
f 2109 1983 2108
f 2109 2111 1983
f 2109 2112 2111
f 2108 1982 1979
f 2110 1980 2114
f 2114 1980 1984
f 2117 2115 2116
f 2111 1987 1986
f 2113 1987 2111
f 2113 2115 1987
f 2113 2116 2115
f 2111 1986 1983
f 2114 1984 2118
f 2118 1984 1988
f 1991 2119 2120
f 1990 2119 1991
f 2119 1990 2121
f 1990 1992 2121
f 2115 2117 2121
f 2115 2121 1994
f 1994 2121 1992
f 2115 1994 1987
f 2124 2123 2122
f 2123 1996 2122
f 2123 2118 1996
f 2118 1988 1996
f 1997 2126 2125
f 1997 1991 2126
f 1991 2120 2126
f 1997 2125 1998
f 2124 2122 2127
f 2122 2128 2127
f 2122 1996 2128
f 1996 2000 2128
f 2131 2129 2130
f 2003 2130 2129
f 2003 2002 2130
f 2002 2132 2130
f 2125 2126 2132
f 2125 2132 2004
f 2004 2132 2002
f 2125 2004 1998
f 2128 2000 2133
f 2133 2000 2006
f 2131 2134 2129
f 2136 2135 2007
f 2134 2136 2007
f 2134 2007 2003
f 2134 2003 2129
f 2007 2135 2008
f 2133 2006 2137
f 2137 2006 2009
f 2136 2138 2135
f 2135 2138 2139
f 2135 2139 2008
f 2008 2139 2011
f 2137 2009 2140
f 2140 2009 2012
f 2013 2142 2141
f 2013 2011 2142
f 2011 2139 2142
f 2013 2141 2015
f 2145 2144 2143
f 2144 2016 2143
f 2144 2140 2016
f 2140 2012 2016
f 2142 2146 2141
f 2148 2147 2017
f 2146 2148 2017
f 2146 2017 2015
f 2146 2015 2141
f 2017 2147 2019
f 2145 2143 2149
f 2143 2150 2149
f 2143 2016 2150
f 2016 2021 2150
f 2022 2151 2023
f 2022 2024 2151
f 2148 2152 2147
f 2154 2153 2025
f 2152 2154 2025
f 2152 2025 2019
f 2152 2019 2147
f 2025 2153 2026
f 2150 2021 2027
f 2155 2150 2027
f 2155 2027 2156
f 2027 2028 2156
f 2156 2028 2157
f 2028 2029 2157
f 2029 2158 2157
f 2029 2032 2158
f 2031 2023 2151
f 2151 2024 2031
f 2154 2159 2153
f 2153 2159 2160
f 2153 2160 2026
f 2026 2160 2034
f 2035 2161 2162
f 2035 2162 2032
f 2032 2162 2158
f 2035 2036 2161
f 2037 2164 2163
f 2037 2034 2164
f 2034 2160 2164
f 2037 2163 2039
f 2166 2162 2161
f 2165 2166 2161
f 2161 2040 2165
f 2036 2040 2161
f 2169 2167 2168
f 2168 2170 2171
f 2167 2170 2168
f 2043 2171 2170
f 2043 2042 2171
f 2042 2172 2171
f 2163 2164 2172
f 2163 2172 2044
f 2044 2172 2042
f 2163 2044 2039
f 2174 2166 2165
f 2173 2174 2165
f 2165 2045 2173
f 2040 2045 2165
f 2177 2175 2176
f 2047 2176 2175
f 2047 2046 2176
f 2046 2178 2176
f 2178 2046 2179
f 2046 2048 2179
f 2179 2048 2180
f 2048 2049 2180
f 2167 2169 2180
f 2167 2180 2050
f 2050 2180 2049
f 2170 2167 2050
f 2051 2170 2050
f 2170 2051 2043
f 2174 2173 2181
f 2173 2045 2052
f 2173 2052 2181
f 2181 2052 2182
f 2182 2052 2183
f 2052 2053 2183
f 2183 2053 2184
f 2053 2054 2184
f 2175 2177 2184
f 2175 2184 2055
f 2055 2184 2054
f 2175 2055 2047
f 2057 2058 2185
f 2059 2057 2185
f 2186 2059 2185
f 2059 2186 2060
f 2185 2058 2061
f 2061 2062 2187
f 2061 2187 2185
f 2185 2187 2186
f 2186 2187 2064
f 2060 2186 2064
f 2188 2187 2062
f 2188 2062 2189
f 2189 2062 2067
f 2191 2190 2068
f 2188 2191 2068
f 2188 2068 2064
f 2188 2064 2187
f 2068 2190 2070
f 2189 2067 2192
f 2192 2067 2071
f 2191 2193 2190
f 2195 2194 2072
f 2193 2195 2072
f 2193 2072 2070
f 2193 2070 2190
f 2072 2194 2074
f 2198 2197 2196
f 2197 2076 2196
f 2197 2192 2076
f 2192 2071 2076
f 2195 2199 2194
f 2194 2077 2074
f 2194 2199 2077
f 2199 2200 2077
f 2200 2201 2077
f 2077 2201 2078
f 2201 2202 2078
f 2078 2202 2080
f 2202 2203 2080
f 2080 2203 2081
f 2203 2204 2081
f 2081 2204 2082
f 2204 2205 2082
f 2082 2205 2084
f 2207 2206 2085
f 2207 2085 2205
f 2205 2085 2084
f 2085 2206 2086
f 2089 2209 2208
f 2088 2089 2208
f 2211 2210 2090
f 2211 2090 2208
f 2208 2090 2088
f 2198 2196 2212
f 2210 2091 2090
f 2196 2213 2212
f 2196 2076 2213
f 2076 2093 2213
f 2207 2214 2206
f 2206 2094 2086
f 2206 2214 2094
f 2214 2215 2094
f 2094 2215 2216
f 2096 2094 2216
f 2209 2089 2217
f 2217 2089 2097
f 2211 2218 2210
f 2220 2219 2098
f 2218 2220 2098
f 2218 2098 2091
f 2218 2091 2210
f 2219 2093 2098
f 2219 2221 2093
f 2221 2213 2093
f 2216 2099 2096
f 2222 2099 2216
f 2224 2223 2100
f 2224 2100 2222
f 2222 2100 2099
f 2100 2223 2102
f 2217 2097 2225
f 2225 2097 2103
f 2220 2226 2219
f 2219 2226 2221
f 2229 2227 2228
f 2223 2106 2105
f 2224 2106 2223
f 2224 2227 2106
f 2224 2228 2227
f 2223 2105 2102
f 2225 2103 2230
f 2230 2103 2107
f 2233 2231 2232
f 2232 2227 2229
f 2232 2231 2227
f 2231 2234 2227
f 2227 2234 2109
f 2106 2227 2109
f 2237 2236 2235
f 2236 2110 2235
f 2236 2230 2110
f 2230 2107 2110
f 2239 2231 2233
f 2238 2231 2239
f 2113 2112 2234
f 2113 2234 2238
f 2238 2234 2231
f 2234 2112 2109
f 2241 2237 2235
f 2240 2241 2235
f 2235 2114 2240
f 2110 2114 2235
f 2244 2242 2243
f 2243 2242 2245
f 2248 2246 2247
f 2247 2249 2250
f 2246 2249 2247
f 2238 2117 2116
f 2239 2117 2238
f 2239 2249 2117
f 2239 2250 2249
f 2238 2116 2113
f 2252 2241 2240
f 2251 2252 2240
f 2240 2118 2251
f 2114 2118 2240
f 2244 2253 2242
f 2242 2253 2245
f 2256 2254 2255
f 2246 2120 2119
f 2248 2120 2246
f 2248 2254 2120
f 2248 2255 2254
f 2249 2246 2119
f 2121 2249 2119
f 2249 2121 2117
f 2251 2123 2124
f 2251 2124 2252
f 2252 2124 2257
f 2251 2118 2123
f 2260 2258 2259
f 2259 2254 2256
f 2259 2258 2254
f 2258 2261 2254
f 2254 2261 2126
f 2120 2254 2126
f 2257 2124 2127
f 2262 2257 2127
f 2127 2263 2262
f 2128 2263 2127
f 2258 2131 2130
f 2258 2260 2131
f 2260 2264 2131
f 2261 2258 2130
f 2132 2261 2130
f 2261 2132 2126
f 2267 2266 2265
f 2266 2133 2265
f 2266 2263 2133
f 2263 2128 2133
f 2134 2269 2268
f 2134 2131 2269
f 2131 2264 2269
f 2134 2268 2136
f 2267 2265 2270
f 2265 2271 2270
f 2265 2133 2271
f 2133 2137 2271
f 2269 2272 2268
f 2274 2273 2138
f 2272 2274 2138
f 2272 2138 2136
f 2272 2136 2268
f 2138 2273 2139
f 2277 2276 2275
f 2276 2140 2275
f 2276 2271 2140
f 2271 2137 2140
f 2274 2278 2273
f 2273 2278 2279
f 2273 2279 2139
f 2139 2279 2142
f 2275 2144 2145
f 2275 2145 2277
f 2277 2145 2280
f 2275 2140 2144
f 2146 2282 2281
f 2146 2142 2282
f 2142 2279 2282
f 2146 2281 2148
f 2280 2145 2149
f 2283 2280 2149
f 2149 2284 2283
f 2150 2284 2149
f 2287 2285 2286
f 2286 2288 2289
f 2285 2288 2286
f 2289 2288 2290
f 2282 2291 2281
f 2293 2292 2152
f 2291 2293 2152
f 2291 2152 2148
f 2291 2148 2281
f 2152 2292 2154
f 2284 2150 2155
f 2294 2284 2155
f 2285 2287 2294
f 2285 2294 2156
f 2156 2294 2155
f 2288 2285 2156
f 2157 2288 2156
f 2157 2290 2288
f 2157 2158 2290
f 2158 2295 2290
f 2293 2296 2292
f 2298 2297 2159
f 2296 2298 2159
f 2296 2159 2154
f 2296 2154 2292
f 2159 2297 2160
f 2295 2158 2299
f 2299 2158 2162
f 2298 2300 2297
f 2297 2300 2301
f 2297 2301 2160
f 2160 2301 2164
f 2299 2162 2302
f 2302 2162 2166
f 2305 2303 2304
f 2169 2304 2303
f 2169 2168 2304
f 2168 2306 2304
f 2306 2168 2307
f 2168 2171 2307
f 2307 2171 2308
f 2171 2172 2308
f 2308 2172 2164
f 2301 2308 2164
f 2302 2166 2309
f 2309 2166 2174
f 2312 2310 2311
f 2177 2311 2310
f 2177 2176 2311
f 2176 2313 2311
f 2313 2176 2314
f 2176 2178 2314
f 2314 2178 2315
f 2178 2179 2315
f 2303 2305 2315
f 2303 2315 2180
f 2180 2315 2179
f 2303 2180 2169
f 2309 2174 2181
f 2316 2309 2181
f 2316 2181 2317
f 2181 2182 2317
f 2317 2182 2318
f 2182 2183 2318
f 2310 2312 2318
f 2310 2318 2184
f 2184 2318 2183
f 2310 2184 2177
f 2188 2189 2319
f 2188 2319 2191
f 2322 2321 2320
f 2320 2321 2323
f 2320 2323 2189
f 2320 2189 2192
f 2319 2189 2323
f 2325 2324 2193
f 2323 2325 2193
f 2323 2193 2191
f 2323 2191 2319
f 2193 2324 2195
f 2320 2197 2198
f 2320 2198 2322
f 2322 2198 2326
f 2320 2192 2197
f 2325 2327 2324
f 2324 2199 2195
f 2324 2327 2199
f 2327 2328 2199
f 2328 2329 2199
f 2199 2329 2200
f 2329 2330 2200
f 2200 2330 2201
f 2330 2331 2201
f 2201 2331 2202
f 2331 2332 2202
f 2202 2332 2203
f 2332 2333 2203
f 2203 2333 2204
f 2335 2334 2205
f 2335 2205 2333
f 2333 2205 2204
f 2205 2334 2207
f 2209 2337 2336
f 2208 2209 2336
f 2208 2336 2338
f 2211 2208 2338
f 2326 2198 2212
f 2339 2326 2212
f 2212 2340 2339
f 2213 2340 2212
f 2335 2341 2334
f 2334 2214 2207
f 2334 2341 2214
f 2341 2342 2214
f 2344 2343 2215
f 2344 2215 2342
f 2342 2215 2214
f 2215 2343 2216
f 2347 2346 2345
f 2346 2217 2345
f 2346 2337 2217
f 2337 2209 2217
f 2338 2218 2211
f 2348 2218 2338
f 2349 2220 2218
f 2349 2218 2350
f 2350 2218 2348
f 2350 2221 2349
f 2350 2340 2221
f 2340 2213 2221
f 2352 2343 2344
f 2351 2343 2352
f 2222 2216 2343
f 2222 2343 2353
f 2353 2343 2351
f 2222 2353 2224
f 2355 2347 2345
f 2354 2355 2345
f 2345 2225 2354
f 2217 2225 2345
f 2349 2226 2220
f 2349 2221 2226
f 2358 2356 2357
f 2357 2351 2352
f 2357 2356 2351
f 2356 2359 2351
f 2229 2228 2353
f 2229 2353 2359
f 2359 2353 2351
f 2353 2228 2224
f 2361 2355 2354
f 2360 2361 2354
f 2354 2230 2360
f 2225 2230 2354
f 2363 2356 2358
f 2362 2356 2363
f 2233 2232 2359
f 2233 2359 2362
f 2362 2359 2356
f 2359 2232 2229
f 2360 2236 2237
f 2360 2237 2361
f 2361 2237 2364
f 2360 2230 2236
f 2367 2365 2366
f 2366 2362 2363
f 2366 2365 2362
f 2365 2368 2362
f 2362 2368 2239
f 2233 2362 2239
f 2364 2237 2369
f 2369 2237 2241
f 2372 2370 2371
f 2374 2371 2370
f 2373 2244 2243
f 2243 2245 2373
f 2377 2375 2376
f 2365 2248 2247
f 2367 2248 2365
f 2367 2375 2248
f 2367 2376 2375
f 2368 2365 2247
f 2250 2368 2247
f 2368 2250 2239
f 2369 2241 2378
f 2378 2241 2252
f 2372 2379 2370
f 2370 2379 2374
f 2244 2373 2253
f 2373 2245 2253
f 2381 2382 2380
f 2375 2256 2255
f 2377 2256 2375
f 2377 2380 2256
f 2377 2381 2380
f 2375 2255 2248
f 2378 2252 2383
f 2383 2252 2257
f 2386 2384 2385
f 2380 2260 2259
f 2382 2260 2380
f 2382 2384 2260
f 2382 2385 2384
f 2380 2259 2256
f 2262 2387 2388
f 2262 2388 2257
f 2257 2388 2383
f 2262 2263 2387
f 2390 2384 2386
f 2389 2384 2390
f 2384 2389 2264
f 2260 2384 2264
f 2387 2266 2267
f 2387 2267 2388
f 2388 2267 2391
f 2387 2263 2266
f 2393 2389 2390
f 2392 2389 2393
f 2389 2392 2269
f 2264 2389 2269
f 2391 2267 2270
f 2394 2391 2270
f 2270 2395 2394
f 2271 2395 2270
f 2393 2396 2392
f 2398 2397 2272
f 2396 2398 2272
f 2396 2272 2269
f 2396 2269 2392
f 2272 2397 2274
f 2277 2400 2399
f 2276 2277 2399
f 2399 2271 2276
f 2395 2271 2399
f 2398 2401 2397
f 2403 2402 2278
f 2401 2403 2278
f 2401 2278 2274
f 2401 2274 2397
f 2278 2402 2279
f 2400 2277 2404
f 2404 2277 2280
f 2407 2405 2406
f 2406 2405 2408
f 2403 2409 2402
f 2402 2409 2410
f 2402 2410 2279
f 2279 2410 2282
f 2283 2411 2412
f 2283 2412 2280
f 2280 2412 2404
f 2411 2283 2284
f 2415 2413 2414
f 2405 2287 2286
f 2407 2287 2405
f 2407 2413 2287
f 2407 2414 2413
f 2408 2405 2286
f 2408 2286 2416
f 2416 2286 2289
f 2289 2417 2416
f 2290 2417 2289
f 2291 2419 2418
f 2291 2282 2419
f 2282 2410 2419
f 2291 2418 2293
f 2412 2411 2420
f 2413 2415 2420
f 2413 2420 2294
f 2411 2284 2420
f 2284 2294 2420
f 2413 2294 2287
f 2417 2290 2421
f 2421 2290 2295
f 2419 2422 2418
f 2424 2423 2296
f 2422 2424 2296
f 2422 2296 2293
f 2422 2293 2418
f 2296 2423 2298
f 2427 2426 2425
f 2426 2299 2425
f 2426 2421 2299
f 2421 2295 2299
f 2429 2423 2424
f 2428 2423 2429
f 2300 2298 2423
f 2300 2423 2430
f 2430 2423 2428
f 2300 2430 2301
f 2427 2425 2431
f 2425 2432 2431
f 2425 2299 2432
f 2299 2302 2432
f 2435 2433 2434
f 2305 2434 2433
f 2305 2304 2434
f 2304 2436 2434
f 2436 2304 2437
f 2304 2306 2437
f 2428 2429 2437
f 2428 2437 2307
f 2307 2437 2306
f 2430 2428 2307
f 2308 2430 2307
f 2430 2308 2301
f 2432 2302 2438
f 2438 2302 2309
f 2441 2439 2440
f 2312 2440 2439
f 2312 2311 2440
f 2311 2442 2440
f 2442 2311 2443
f 2311 2313 2443
f 2443 2313 2444
f 2313 2314 2444
f 2433 2435 2444
f 2433 2444 2315
f 2315 2444 2314
f 2433 2315 2305
f 2438 2309 2316
f 2445 2438 2316
f 2445 2316 2446
f 2316 2317 2446
f 2439 2441 2446
f 2439 2446 2318
f 2318 2446 2317
f 2439 2318 2312
f 2322 2448 2447
f 2321 2322 2447
f 2450 2449 2323
f 2450 2323 2447
f 2447 2323 2321
f 2451 2325 2323
f 2451 2323 2452
f 2449 2453 2323
f 2453 2452 2323
f 2452 2455 2454
f 2451 2452 2454
f 2455 2457 2456
f 2454 2455 2456
f 2457 2459 2458
f 2456 2457 2458
f 2459 2461 2460
f 2458 2459 2460
f 2461 2462 2460
f 2448 2322 2463
f 2463 2322 2326
f 2450 2464 2449
f 2449 2464 2453
f 2325 2451 2327
f 2454 2327 2451
f 2328 2327 2454
f 2456 2328 2454
f 2329 2328 2456
f 2458 2329 2456
f 2330 2329 2458
f 2460 2330 2458
f 2331 2330 2460
f 2462 2331 2460
f 2462 2465 2331
f 2465 2332 2331
f 2465 2466 2332
f 2332 2466 2333
f 2333 2466 2467
f 2335 2333 2467
f 2470 2469 2468
f 2337 2468 2469
f 2337 2469 2336
f 2472 2471 2469
f 2471 2336 2469
f 2336 2471 2338
f 2339 2473 2474
f 2339 2474 2326
f 2326 2474 2463
f 2339 2340 2473
f 2467 2341 2335
f 2475 2341 2467
f 2477 2476 2342
f 2477 2342 2475
f 2475 2342 2341
f 2342 2476 2344
f 2468 2346 2347
f 2468 2347 2470
f 2470 2347 2478
f 2472 2479 2471
f 2468 2337 2346
f 2481 2480 2348
f 2479 2481 2348
f 2479 2348 2338
f 2479 2338 2471
f 2480 2482 2474
f 2480 2474 2350
f 2480 2350 2348
f 2350 2474 2473
f 2473 2340 2350
f 2484 2476 2477
f 2483 2476 2484
f 2476 2483 2352
f 2344 2476 2352
f 2478 2347 2485
f 2485 2347 2355
f 2481 2486 2480
f 2480 2486 2482
f 2489 2487 2488
f 2483 2358 2357
f 2484 2358 2483
f 2484 2487 2358
f 2484 2488 2487
f 2483 2357 2352
f 2485 2355 2490
f 2490 2355 2361
f 2492 2487 2489
f 2491 2487 2492
f 2487 2491 2363
f 2358 2487 2363
f 2490 2361 2493
f 2493 2361 2364
f 2496 2494 2495
f 2495 2497 2498
f 2494 2497 2495
f 2491 2367 2366
f 2492 2367 2491
f 2492 2497 2367
f 2492 2498 2497
f 2491 2366 2363
f 2493 2364 2499
f 2499 2364 2369
f 2502 2500 2501
f 2504 2501 2500
f 2503 2372 2371
f 2371 2374 2503
f 2506 2494 2496
f 2505 2494 2506
f 2377 2376 2497
f 2377 2497 2505
f 2505 2497 2494
f 2497 2376 2367
f 2509 2508 2507
f 2508 2378 2507
f 2508 2499 2378
f 2499 2369 2378
f 2502 2510 2500
f 2500 2510 2504
f 2372 2503 2379
f 2503 2374 2379
f 2512 2513 2511
f 2505 2382 2381
f 2506 2382 2505
f 2506 2511 2382
f 2506 2512 2511
f 2505 2381 2377
f 2515 2509 2507
f 2514 2515 2507
f 2507 2383 2514
f 2378 2383 2507
f 2518 2516 2517
f 2511 2386 2385
f 2513 2386 2511
f 2513 2516 2386
f 2513 2517 2516
f 2511 2385 2382
f 2515 2514 2519
f 2514 2520 2519
f 2514 2383 2520
f 2383 2388 2520
f 2522 2516 2518
f 2521 2516 2522
f 2516 2521 2390
f 2386 2516 2390
f 2520 2388 2523
f 2523 2388 2391
f 2525 2521 2522
f 2524 2521 2525
f 2521 2524 2393
f 2390 2521 2393
f 2394 2526 2527
f 2394 2527 2391
f 2391 2527 2523
f 2394 2395 2526
f 2525 2528 2524
f 2530 2529 2396
f 2528 2530 2396
f 2528 2396 2393
f 2528 2393 2524
f 2396 2529 2398
f 2526 2399 2400
f 2526 2400 2527
f 2527 2400 2531
f 2526 2395 2399
f 2530 2532 2529
f 2534 2533 2401
f 2532 2534 2401
f 2532 2401 2398
f 2532 2398 2529
f 2401 2533 2403
f 2537 2536 2535
f 2536 2404 2535
f 2536 2531 2404
f 2531 2400 2404
f 2407 2538 2539
f 2406 2538 2407
f 2406 2540 2538
f 2408 2540 2406
f 2534 2541 2533
f 2543 2542 2409
f 2541 2543 2409
f 2541 2409 2403
f 2541 2403 2533
f 2409 2542 2410
f 2537 2535 2544
f 2535 2404 2412
f 2535 2412 2546
f 2535 2546 2544
f 2546 2412 2545
f 2415 2546 2545
f 2415 2414 2546
f 2414 2547 2546
f 2547 2414 2407
f 2539 2547 2407
f 2416 2548 2549
f 2416 2549 2408
f 2408 2549 2540
f 2416 2417 2548
f 2543 2550 2542
f 2542 2550 2551
f 2542 2551 2410
f 2410 2551 2419
f 2545 2412 2420
f 2545 2420 2415
f 2553 2549 2548
f 2552 2553 2548
f 2548 2421 2552
f 2417 2421 2548
f 2422 2555 2554
f 2422 2419 2555
f 2419 2551 2555
f 2422 2554 2424
f 2552 2426 2427
f 2552 2427 2553
f 2553 2427 2556
f 2552 2421 2426
f 2558 2554 2555
f 2557 2554 2558
f 2554 2557 2429
f 2424 2554 2429
f 2431 2559 2560
f 2431 2560 2427
f 2427 2560 2556
f 2431 2432 2559
f 2563 2561 2562
f 2562 2564 2565
f 2561 2564 2562
f 2435 2565 2564
f 2435 2434 2565
f 2434 2566 2565
f 2566 2434 2567
f 2434 2436 2567
f 2557 2558 2567
f 2557 2567 2437
f 2437 2567 2436
f 2557 2437 2429
f 2569 2560 2559
f 2568 2569 2559
f 2438 2559 2432
f 2438 2568 2559
f 2572 2570 2571
f 2571 2573 2574
f 2570 2573 2571
f 2441 2574 2573
f 2441 2440 2574
f 2440 2575 2574
f 2575 2440 2576
f 2440 2442 2576
f 2561 2563 2576
f 2561 2576 2443
f 2443 2576 2442
f 2564 2561 2443
f 2444 2564 2443
f 2564 2444 2435
f 2569 2568 2577
f 2570 2572 2577
f 2570 2577 2445
f 2568 2438 2577
f 2438 2445 2577
f 2573 2570 2445
f 2446 2573 2445
f 2573 2446 2441
f 2448 2579 2578
f 2447 2448 2578
f 2580 2450 2447
f 2580 2447 2581
f 2581 2447 2578
f 2453 2580 2581
f 2453 2581 2452
f 2452 2581 2582
f 2582 2583 2452
f 2452 2583 2455
f 2583 2584 2455
f 2455 2584 2457
f 2584 2585 2457
f 2457 2585 2459
f 2585 2586 2459
f 2459 2586 2461
f 2461 2586 2587
f 2462 2461 2587
f 2590 2589 2588
f 2589 2463 2588
f 2589 2579 2463
f 2579 2448 2463
f 2580 2464 2450
f 2580 2453 2464
f 2587 2465 2462
f 2591 2465 2587
f 2593 2592 2466
f 2593 2466 2591
f 2591 2466 2465
f 2466 2592 2467
f 2469 2470 2594
f 2469 2594 2472
f 2596 2590 2588
f 2595 2596 2588
f 2588 2474 2595
f 2463 2474 2588
f 2593 2597 2592
f 2599 2598 2475
f 2597 2599 2475
f 2597 2475 2467
f 2597 2467 2592
f 2475 2598 2477
f 2600 2594 2470
f 2600 2470 2601
f 2601 2470 2478
f 2603 2602 2479
f 2600 2603 2479
f 2600 2479 2472
f 2600 2472 2594
f 2596 2595 2604
f 2602 2481 2479
f 2595 2605 2604
f 2595 2474 2605
f 2474 2482 2605
f 2608 2606 2607
f 2607 2598 2599
f 2607 2606 2598
f 2606 2609 2598
f 2598 2609 2484
f 2477 2598 2484
f 2601 2478 2610
f 2610 2478 2485
f 2603 2611 2602
f 2613 2612 2486
f 2611 2613 2486
f 2611 2486 2481
f 2611 2481 2602
f 2612 2482 2486
f 2612 2614 2482
f 2614 2605 2482
f 2616 2606 2608
f 2615 2606 2616
f 2489 2488 2609
f 2489 2609 2615
f 2615 2609 2606
f 2609 2488 2484
f 2619 2618 2617
f 2618 2490 2617
f 2618 2610 2490
f 2610 2485 2490
f 2613 2620 2612
f 2612 2620 2614
f 2623 2621 2622
f 2622 2615 2616
f 2622 2621 2615
f 2621 2624 2615
f 2615 2624 2492
f 2489 2615 2492
f 2626 2619 2617
f 2625 2626 2617
f 2617 2493 2625
f 2490 2493 2617
f 2629 2627 2628
f 2621 2496 2495
f 2623 2496 2621
f 2623 2627 2496
f 2623 2628 2627
f 2624 2621 2495
f 2498 2624 2495
f 2624 2498 2492
f 2631 2626 2625
f 2630 2631 2625
f 2625 2499 2630
f 2493 2499 2625
f 2501 2632 2502
f 2501 2504 2632
f 2634 2627 2629
f 2633 2627 2634
f 2627 2633 2506
f 2496 2627 2506
f 2630 2508 2509
f 2630 2509 2631
f 2631 2509 2635
f 2630 2499 2508
f 2632 2510 2502
f 2632 2504 2510
f 2637 2638 2636
f 2633 2513 2512
f 2634 2513 2633
f 2634 2636 2513
f 2634 2637 2636
f 2633 2512 2506
f 2635 2509 2639
f 2639 2509 2515
f 2642 2640 2641
f 2636 2518 2517
f 2638 2518 2636
f 2638 2640 2518
f 2638 2641 2640
f 2636 2517 2513
f 2639 2515 2519
f 2643 2639 2519
f 2519 2644 2643
f 2520 2644 2519
f 2646 2640 2642
f 2645 2640 2646
f 2640 2645 2522
f 2518 2640 2522
f 2649 2648 2647
f 2648 2523 2647
f 2648 2644 2523
f 2644 2520 2523
f 2646 2650 2645
f 2645 2650 2651
f 2645 2651 2522
f 2522 2651 2525
f 2649 2647 2652
f 2647 2653 2652
f 2647 2523 2653
f 2523 2527 2653
f 2528 2655 2654
f 2528 2525 2655
f 2525 2651 2655
f 2528 2654 2530
f 2658 2657 2656
f 2657 2531 2656
f 2657 2653 2531
f 2653 2527 2531
f 2661 2659 2660
f 2660 2659 2662
f 2655 2663 2654
f 2665 2664 2532
f 2663 2665 2532
f 2663 2532 2530
f 2663 2530 2654
f 2532 2664 2534
f 2656 2536 2537
f 2656 2537 2658
f 2658 2537 2666
f 2656 2531 2536
f 2669 2667 2668
f 2659 2539 2538
f 2661 2539 2659
f 2661 2667 2539
f 2661 2668 2667
f 2538 2662 2659
f 2538 2540 2662
f 2540 2670 2662
f 2665 2671 2664
f 2673 2672 2541
f 2671 2673 2541
f 2671 2541 2534
f 2671 2534 2664
f 2541 2672 2543
f 2666 2537 2544
f 2674 2666 2544
f 2674 2544 2675
f 2544 2546 2675
f 2667 2669 2675
f 2667 2675 2547
f 2547 2675 2546
f 2667 2547 2539
f 2670 2540 2676
f 2676 2540 2549
f 2673 2677 2672
f 2679 2678 2550
f 2677 2679 2550
f 2677 2550 2543
f 2677 2543 2672
f 2550 2678 2551
f 2676 2549 2680
f 2680 2549 2553
f 2679 2681 2678
f 2678 2681 2682
f 2678 2682 2551
f 2551 2682 2555
f 2680 2553 2683
f 2683 2553 2556
f 2686 2684 2685
f 2685 2687 2688
f 2684 2687 2685
f 2688 2687 2558
f 2688 2558 2682
f 2682 2558 2555
f 2683 2556 2689
f 2689 2556 2560
f 2692 2690 2691
f 2563 2691 2690
f 2563 2562 2691
f 2562 2693 2691
f 2693 2562 2694
f 2562 2565 2694
f 2684 2686 2694
f 2684 2694 2566
f 2566 2694 2565
f 2687 2684 2566
f 2567 2687 2566
f 2687 2567 2558
f 2695 2696 2689
f 2695 2689 2569
f 2569 2689 2560
f 2572 2696 2695
f 2572 2571 2696
f 2571 2697 2696
f 2697 2571 2698
f 2571 2574 2698
f 2698 2574 2699
f 2574 2575 2699
f 2690 2692 2699
f 2690 2699 2576
f 2576 2699 2575
f 2690 2576 2563
f 2695 2569 2577
f 2695 2577 2572
f 2702 2701 2700
f 2579 2700 2701
f 2579 2701 2578
f 2578 2701 2703
f 2703 2704 2578
f 2578 2704 2581
f 2704 2705 2581
f 2581 2705 2582
f 2705 2706 2582
f 2582 2706 2583
f 2706 2707 2583
f 2583 2707 2584
f 2709 2708 2585
f 2709 2585 2707
f 2707 2585 2584
f 2586 2585 2708
f 2710 2586 2708
f 2586 2710 2587
f 2700 2589 2590
f 2700 2590 2702
f 2702 2590 2711
f 2700 2579 2589
f 2709 2712 2708
f 2708 2713 2710
f 2712 2713 2708
f 2715 2714 2591
f 2713 2715 2591
f 2713 2591 2587
f 2713 2587 2710
f 2591 2714 2593
f 2711 2590 2716
f 2716 2590 2596
f 2718 2714 2715
f 2717 2714 2718
f 2597 2593 2714
f 2597 2714 2719
f 2719 2714 2717
f 2597 2719 2599
f 2722 2721 2720
f 2601 2720 2721
f 2601 2721 2600
f 2724 2723 2721
f 2723 2600 2721
f 2600 2723 2603
f 2604 2725 2726
f 2604 2726 2596
f 2596 2726 2716
f 2604 2605 2725
f 2729 2727 2728
f 2728 2717 2718
f 2728 2727 2717
f 2727 2730 2717
f 2608 2607 2719
f 2608 2719 2730
f 2730 2719 2717
f 2719 2607 2599
f 2732 2722 2720
f 2731 2732 2720
f 2720 2610 2731
f 2720 2601 2610
f 2723 2724 2733
f 2735 2734 2611
f 2733 2735 2611
f 2733 2611 2603
f 2733 2603 2723
f 2737 2726 2611
f 2737 2611 2734
f 2726 2725 2611
f 2613 2611 2736
f 2725 2736 2611
f 2725 2614 2736
f 2605 2614 2725
f 2739 2727 2729
f 2738 2727 2739
f 2727 2738 2730
f 2730 2738 2740
f 2730 2740 2616
f 2608 2730 2616
f 2731 2618 2619
f 2731 2619 2732
f 2732 2619 2741
f 2731 2610 2618
f 2735 2742 2734
f 2742 2737 2734
f 2744 2745 2743
f 2613 2736 2620
f 2736 2614 2620
f 2744 2743 2746
f 2748 2738 2739
f 2747 2738 2748
f 2623 2622 2740
f 2623 2740 2747
f 2747 2740 2738
f 2740 2622 2616
f 2741 2619 2749
f 2749 2619 2626
f 2745 2750 2743
f 2743 2750 2746
f 2753 2751 2752
f 2752 2751 2754
f 2757 2755 2756
f 2747 2629 2628
f 2748 2629 2747
f 2748 2755 2629
f 2748 2756 2755
f 2747 2628 2623
f 2749 2626 2758
f 2758 2626 2631
f 2753 2759 2751
f 2751 2759 2754
f 2762 2760 2761
f 2761 2755 2757
f 2761 2760 2755
f 2760 2763 2755
f 2755 2763 2634
f 2629 2755 2634
f 2758 2631 2764
f 2764 2631 2635
f 2766 2760 2762
f 2765 2760 2766
f 2638 2637 2763
f 2638 2763 2765
f 2765 2763 2760
f 2763 2637 2634
f 2764 2635 2767
f 2767 2635 2639
f 2770 2768 2769
f 2769 2771 2772
f 2768 2771 2769
f 2765 2642 2641
f 2766 2642 2765
f 2766 2771 2642
f 2766 2772 2771
f 2765 2641 2638
f 2643 2773 2774
f 2643 2774 2639
f 2639 2774 2767
f 2643 2644 2773
f 2770 2775 2768
f 2777 2768 2775
f 2777 2776 2768
f 2776 2771 2768
f 2771 2776 2646
f 2642 2771 2646
f 2773 2648 2649
f 2773 2649 2774
f 2774 2649 2778
f 2773 2644 2648
f 2777 2779 2776
f 2781 2780 2650
f 2779 2781 2650
f 2779 2650 2646
f 2779 2646 2776
f 2650 2780 2651
f 2778 2649 2652
f 2782 2778 2652
f 2652 2783 2782
f 2653 2783 2652
f 2781 2784 2780
f 2780 2784 2785
f 2780 2785 2651
f 2651 2785 2655
f 2658 2787 2786
f 2657 2658 2786
f 2786 2653 2657
f 2783 2653 2786
f 2790 2788 2789
f 2792 2789 2788
f 2791 2661 2660
f 2660 2662 2791
f 2663 2794 2793
f 2663 2655 2794
f 2655 2785 2794
f 2663 2793 2665
f 2787 2658 2795
f 2795 2658 2666
f 2798 2796 2797
f 2788 2669 2668
f 2790 2669 2788
f 2790 2796 2669
f 2790 2797 2796
f 2791 2799 2668
f 2791 2668 2661
f 2799 2800 2668
f 2788 2668 2792
f 2800 2792 2668
f 2791 2670 2799
f 2662 2670 2791
f 2794 2801 2793
f 2803 2802 2671
f 2801 2803 2671
f 2801 2671 2665
f 2801 2665 2793
f 2671 2802 2673
f 2795 2666 2674
f 2804 2795 2674
f 2796 2798 2804
f 2796 2804 2675
f 2675 2804 2674
f 2796 2675 2669
f 2800 2799 2805
f 2799 2806 2805
f 2799 2670 2806
f 2670 2676 2806
f 2803 2807 2802
f 2809 2808 2677
f 2807 2809 2677
f 2807 2677 2673
f 2807 2673 2802
f 2677 2808 2679
f 2806 2676 2810
f 2810 2676 2680
f 2812 2808 2809
f 2811 2808 2812
f 2681 2679 2808
f 2681 2808 2813
f 2813 2808 2811
f 2681 2813 2682
f 2816 2815 2814
f 2815 2683 2814
f 2815 2810 2683
f 2810 2680 2683
f 2819 2817 2818
f 2818 2820 2821
f 2817 2820 2818
f 2811 2686 2685
f 2812 2686 2811
f 2812 2820 2686
f 2812 2821 2820
f 2813 2811 2685
f 2688 2813 2685
f 2813 2688 2682
f 2823 2816 2814
f 2822 2823 2814
f 2814 2689 2822
f 2683 2689 2814
f 2826 2824 2825
f 2692 2825 2824
f 2692 2691 2825
f 2691 2827 2825
f 2817 2819 2827
f 2817 2827 2693
f 2693 2827 2691
f 2820 2817 2693
f 2694 2820 2693
f 2820 2694 2686
f 2823 2822 2828
f 2822 2689 2696
f 2822 2696 2828
f 2828 2696 2829
f 2829 2696 2830
f 2696 2697 2830
f 2830 2697 2831
f 2697 2698 2831
f 2824 2826 2831
f 2824 2831 2699
f 2699 2831 2698
f 2824 2699 2692
f 2834 2833 2832
f 2833 2836 2835
f 2832 2833 2835
f 2836 2837 2835
f 2840 2839 2838
f 2839 2841 2838
f 2832 2701 2702
f 2832 2702 2834
f 2834 2702 2842
f 2835 2701 2832
f 2703 2701 2835
f 2837 2703 2835
f 2837 2843 2703
f 2843 2704 2703
f 2838 2843 2840
f 2838 2705 2843
f 2705 2704 2843
f 2841 2705 2838
f 2841 2844 2705
f 2844 2706 2705
f 2846 2845 2707
f 2846 2707 2844
f 2844 2707 2706
f 2707 2845 2709
f 2842 2702 2847
f 2847 2702 2711
f 2846 2848 2845
f 2850 2849 2712
f 2848 2850 2712
f 2848 2712 2709
f 2848 2709 2845
f 2713 2712 2849
f 2851 2713 2849
f 2713 2851 2715
f 2847 2711 2852
f 2852 2711 2716
f 2850 2853 2849
f 2855 2849 2853
f 2855 2854 2849
f 2854 2851 2849
f 2851 2854 2718
f 2715 2851 2718
f 2722 2857 2856
f 2721 2722 2856
f 2721 2856 2858
f 2724 2721 2858
f 2852 2716 2859
f 2859 2716 2726
f 2862 2860 2861
f 2854 2729 2728
f 2855 2729 2854
f 2855 2860 2729
f 2855 2861 2860
f 2854 2728 2718
f 2857 2722 2863
f 2863 2722 2732
f 2733 2865 2864
f 2733 2724 2865
f 2724 2858 2865
f 2733 2864 2735
f 2859 2726 2866
f 2866 2726 2737
f 2868 2860 2862
f 2867 2860 2868
f 2860 2867 2739
f 2729 2860 2739
f 2863 2732 2869
f 2869 2732 2741
f 2865 2870 2864
f 2872 2871 2742
f 2870 2872 2742
f 2870 2742 2735
f 2870 2735 2864
f 2873 2745 2744
f 2871 2874 2742
f 2874 2737 2742
f 2874 2866 2737
f 2744 2746 2873
f 2877 2875 2876
f 2876 2867 2868
f 2876 2875 2867
f 2875 2878 2867
f 2867 2878 2748
f 2739 2867 2748
f 2869 2741 2879
f 2879 2741 2749
f 2872 2880 2871
f 2871 2880 2874
f 2745 2873 2750
f 2873 2746 2750
f 2882 2883 2881
f 2885 2882 2881
f 2884 2753 2752
f 2752 2754 2884
f 2887 2875 2877
f 2886 2875 2887
f 2757 2756 2878
f 2757 2878 2886
f 2886 2878 2875
f 2878 2756 2748
f 2879 2749 2888
f 2888 2749 2758
f 2883 2889 2881
f 2881 2889 2885
f 2753 2884 2759
f 2884 2754 2759
f 2892 2890 2891
f 2886 2762 2761
f 2887 2762 2886
f 2887 2890 2762
f 2887 2891 2890
f 2886 2761 2757
f 2895 2894 2893
f 2894 2764 2893
f 2894 2888 2764
f 2888 2758 2764
f 2898 2896 2897
f 2897 2890 2892
f 2897 2896 2890
f 2896 2899 2890
f 2890 2899 2766
f 2762 2890 2766
f 2901 2895 2893
f 2900 2901 2893
f 2893 2767 2900
f 2764 2767 2893
f 2904 2902 2903
f 2896 2770 2769
f 2898 2770 2896
f 2898 2902 2770
f 2898 2903 2902
f 2899 2896 2769
f 2772 2899 2769
f 2899 2772 2766
f 2901 2900 2905
f 2900 2906 2905
f 2900 2767 2906
f 2767 2774 2906
f 2904 2907 2902
f 2909 2908 2775
f 2907 2909 2775
f 2907 2775 2770
f 2907 2770 2902
f 2775 2908 2777
f 2906 2774 2910
f 2910 2774 2778
f 2909 2911 2908
f 2913 2912 2779
f 2911 2913 2779
f 2911 2779 2777
f 2911 2777 2908
f 2779 2912 2781
f 2782 2914 2915
f 2782 2915 2778
f 2778 2915 2910
f 2782 2783 2914
f 2913 2916 2912
f 2918 2917 2784
f 2916 2918 2784
f 2916 2784 2781
f 2916 2781 2912
f 2784 2917 2785
f 2914 2786 2787
f 2914 2787 2915
f 2915 2787 2919
f 2914 2783 2786
f 2921 2922 2920
f 2790 2921 2920
f 2790 2789 2921
f 2789 2923 2921
f 2789 2924 2923
f 2792 2924 2789
f 2918 2925 2917
f 2917 2925 2926
f 2917 2926 2785
f 2785 2926 2794
f 2927 2928 2919
f 2927 2919 2795
f 2795 2919 2787
f 2920 2798 2797
f 2922 2798 2920
f 2922 2927 2798
f 2922 2928 2927
f 2920 2797 2790
f 2924 2792 2929
f 2929 2792 2800
f 2801 2931 2930
f 2801 2794 2931
f 2794 2926 2931
f 2801 2930 2803
f 2927 2795 2804
f 2927 2804 2798
f 2805 2932 2933
f 2805 2933 2800
f 2800 2933 2929
f 2805 2806 2932
f 2935 2930 2931
f 2934 2930 2935
f 2807 2803 2930
f 2807 2930 2936
f 2936 2930 2934
f 2807 2936 2809
f 2938 2933 2932
f 2937 2938 2932
f 2932 2810 2937
f 2806 2810 2932
f 2935 2939 2934
f 2941 2934 2939
f 2941 2940 2934
f 2940 2936 2934
f 2936 2940 2812
f 2809 2936 2812
f 2937 2815 2816
f 2937 2816 2938
f 2938 2816 2942
f 2937 2810 2815
f 2945 2943 2944
f 2819 2944 2943
f 2819 2818 2944
f 2818 2946 2944
f 2940 2941 2946
f 2940 2946 2821
f 2821 2946 2818
f 2940 2821 2812
f 2942 2816 2947
f 2947 2816 2823
f 2950 2948 2949
f 2949 2951 2952
f 2948 2951 2949
f 2952 2953 2954
f 2951 2953 2952
f 2826 2954 2953
f 2826 2825 2954
f 2825 2955 2954
f 2943 2945 2955
f 2943 2955 2827
f 2827 2955 2825
f 2943 2827 2819
f 2947 2823 2828
f 2956 2947 2828
f 2948 2950 2956
f 2948 2956 2829
f 2829 2956 2828
f 2951 2948 2829
f 2830 2951 2829
f 2953 2951 2830
f 2831 2953 2830
f 2953 2831 2826
f 2959 2958 2957
f 2834 2957 2958
f 2834 2958 2833
f 2833 2958 2960
f 2960 2961 2833
f 2833 2961 2836
f 2962 2837 2836
f 2962 2836 2963
f 2963 2836 2961
f 2840 2962 2963
f 2840 2963 2839
f 2965 2964 2963
f 2964 2839 2963
f 2839 2964 2841
f 2959 2957 2966
f 2957 2967 2966
f 2957 2834 2967
f 2834 2842 2967
f 2962 2843 2837
f 2965 2968 2964
f 2962 2840 2843
f 2970 2969 2844
f 2968 2970 2844
f 2968 2844 2841
f 2968 2841 2964
f 2844 2969 2846
f 2973 2972 2971
f 2972 2847 2971
f 2972 2967 2847
f 2967 2842 2847
f 2970 2974 2969
f 2976 2975 2848
f 2974 2976 2848
f 2974 2848 2846
f 2974 2846 2969
f 2848 2975 2850
f 2978 2973 2971
f 2977 2978 2971
f 2971 2852 2977
f 2847 2852 2971
f 2976 2979 2975
f 2981 2980 2853
f 2979 2981 2853
f 2979 2853 2850
f 2979 2850 2975
f 2853 2980 2855
f 2856 2857 2982
f 2856 2982 2858
f 2978 2977 2983
f 2977 2984 2983
f 2977 2852 2984
f 2852 2859 2984
f 2987 2985 2986
f 2980 2862 2861
f 2981 2862 2980
f 2981 2985 2862
f 2981 2986 2985
f 2980 2861 2855
f 2988 2982 2857
f 2988 2857 2989
f 2989 2857 2863
f 2982 2988 2990
f 2982 2990 2858
f 2858 2990 2865
f 2984 2859 2991
f 2991 2859 2866
f 2993 2985 2987
f 2992 2985 2993
f 2985 2992 2868
f 2862 2985 2868
f 2996 2995 2994
f 2995 2869 2994
f 2995 2989 2869
f 2989 2863 2869
f 2870 2998 2997
f 2870 2865 2998
f 2865 2990 2998
f 2999 2872 2870
f 2999 2870 3000
f 2997 3001 2870
f 3001 3000 2870
f 3000 2874 2999
f 3000 2991 2874
f 2991 2866 2874
f 3004 3002 3003
f 2992 2877 2876
f 2993 2877 2992
f 2993 3002 2877
f 2993 3003 3002
f 2992 2876 2868
f 3006 2996 2994
f 3005 3006 2994
f 2994 2879 3005
f 2869 2879 2994
f 2998 3007 2997
f 3007 3001 2997
f 3009 3010 3008
f 2872 2999 2880
f 3009 3011 3012
f 3009 3008 3011
f 2880 2999 2874
f 3014 3012 3011
f 3013 2883 2882
f 2882 2885 3013
f 3017 3015 3016
f 3016 3002 3004
f 3016 3015 3002
f 3015 3018 3002
f 3002 3018 2887
f 2877 3002 2887
f 3020 3006 3005
f 3019 3020 3005
f 3005 2888 3019
f 2879 2888 3005
f 3010 3021 3008
f 3008 3022 3011
f 3021 3022 3008
f 3011 3022 3014
f 2883 3013 2889
f 3013 2885 2889
f 3024 3015 3017
f 3023 3015 3024
f 2892 2891 3018
f 2892 3018 3023
f 3023 3018 3015
f 3018 2891 2887
f 3019 2894 2895
f 3019 2895 3020
f 3020 2895 3025
f 3019 2888 2894
f 3028 3026 3027
f 3023 2898 2897
f 3024 2898 3023
f 3024 3026 2898
f 3024 3027 3026
f 3023 2897 2892
f 3025 2895 3029
f 3029 2895 2901
f 3026 2904 2903
f 3026 3028 2904
f 3028 3030 2904
f 3026 2903 2898
f 3029 2901 2905
f 3031 3029 2905
f 2905 3032 3031
f 2906 3032 2905
f 2907 3034 3033
f 2907 2904 3034
f 2904 3030 3034
f 2907 3033 2909
f 3037 3036 3035
f 3036 2910 3035
f 3036 3032 2910
f 3032 2906 2910
f 3040 3038 3039
f 3039 3038 3041
f 3034 3042 3033
f 3044 3043 2911
f 3042 3044 2911
f 3042 2911 2909
f 3042 2909 3033
f 2911 3043 2913
f 3046 3037 3035
f 3045 3046 3035
f 3035 2915 3045
f 2910 2915 3035
f 3049 3047 3048
f 3048 3038 3040
f 3048 3047 3038
f 3047 3050 3038
f 3041 3050 3051
f 3038 3050 3041
f 3044 3052 3043
f 3054 3053 2916
f 3052 3054 2916
f 3052 2916 2913
f 3052 2913 3043
f 2916 3053 2918
f 3056 3046 3045
f 3055 3056 3045
f 2919 3045 2915
f 2919 3055 3045
f 3059 3057 3058
f 3047 2922 2921
f 3049 2922 3047
f 3049 3057 2922
f 3049 3058 3057
f 3050 3047 2921
f 2923 3050 2921
f 2923 3051 3050
f 2923 2924 3051
f 2924 3060 3051
f 3062 3053 3054
f 3061 3053 3062
f 2925 2918 3053
f 2925 3053 3063
f 3063 3053 3061
f 2925 3063 2926
f 3056 3055 3064
f 3057 3059 3064
f 3057 3064 2928
f 3055 2919 3064
f 2919 2928 3064
f 3057 2928 2922
f 3060 2924 3065
f 3065 2924 2929
f 3062 3066 3061
f 3068 3061 3066
f 3068 3067 3061
f 3067 3063 3061
f 3063 3067 2931
f 2926 3063 2931
f 3071 3070 3069
f 3070 2933 3069
f 3070 3065 2933
f 3065 2929 2933
f 3068 3072 3067
f 3067 3072 3073
f 3067 3073 2931
f 2931 3073 2935
f 3071 3069 3074
f 3069 3075 3074
f 3069 2933 3075
f 2933 2938 3075
f 3078 3076 3077
f 3077 3076 3079
f 3077 3079 2935
f 3077 2935 3073
f 2935 3079 2939
f 2939 3079 2941
f 3075 2938 3080
f 3080 2938 2942
f 3083 3081 3082
f 3082 3084 3085
f 3081 3084 3082
f 3085 3086 3087
f 3084 3086 3085
f 3076 2945 2944
f 3078 2945 3076
f 3078 3086 2945
f 3078 3087 3086
f 3079 3076 2944
f 2946 3079 2944
f 3079 2946 2941
f 3088 3089 3080
f 3088 3080 2947
f 2947 3080 2942
f 2950 3089 3088
f 2950 2949 3089
f 2949 3090 3089
f 3081 3083 3090
f 3081 3090 2952
f 2952 3090 2949
f 3084 3081 2952
f 2954 3084 2952
f 3086 3084 2954
f 2955 3086 2954
f 3086 2955 2945
f 3088 2947 2956
f 3088 2956 2950
f 2959 3092 3091
f 2958 2959 3091
f 3091 3093 2958
f 2958 3093 2960
f 3095 3094 2961
f 3095 2961 3093
f 3093 2961 2960
f 2963 2961 3094
f 3096 2963 3094
f 2963 3096 2965
f 2966 3097 3098
f 2966 3098 2959
f 2959 3098 3092
f 2966 2967 3097
f 3095 3099 3094
f 3094 3100 3096
f 3099 3100 3094
f 3102 3101 2968
f 3100 3102 2968
f 3100 2968 2965
f 3100 2965 3096
f 2968 3101 2970
f 3097 2972 2973
f 3097 2973 3098
f 3098 2973 3103
f 3097 2967 2972
f 3102 3104 3101
f 3106 3105 2974
f 3104 3106 2974
f 3104 2974 2970
f 3104 2970 3101
f 2974 3105 2976
f 3103 2973 3107
f 3107 2973 2978
f 3109 3105 3106
f 3108 3105 3109
f 2979 2976 3105
f 2979 3105 3110
f 3110 3105 3108
f 2979 3110 2981
f 2983 3111 3112
f 2983 3112 2978
f 2978 3112 3107
f 2983 2984 3111
f 3115 3113 3114
f 3114 3108 3109
f 3114 3113 3108
f 3113 3116 3108
f 2987 2986 3110
f 2987 3110 3116
f 3116 3110 3108
f 3110 2986 2981
f 3119 3118 3117
f 2989 3117 3118
f 2989 3118 2988
f 3121 3120 3118
f 3120 2988 3118
f 2988 3120 2990
f 3123 3112 3111
f 3122 3123 3111
f 3111 2991 3122
f 2984 2991 3111
f 3125 3113 3115
f 3124 3113 3125
f 3113 3124 3116
f 3116 3124 3126
f 3116 3126 2993
f 2987 3116 2993
f 3117 2995 2996
f 3117 2996 3119
f 3119 2996 3127
f 3121 3128 3120
f 3117 2989 2995
f 3120 3128 3129
f 3120 3129 2990
f 2990 3129 2998
f 3122 3000 3001
f 3122 3001 3123
f 3123 3001 3130
f 3122 2991 3000
f 3133 3131 3132
f 3132 3124 3125
f 3132 3131 3124
f 3131 3134 3124
f 3004 3003 3126
f 3004 3126 3134
f 3134 3126 3124
f 3126 3003 2993
f 3127 2996 3135
f 3135 2996 3006
f 3007 3137 3136
f 3007 2998 3137
f 2998 3129 3137
f 3009 3138 3136
f 3009 3136 3010
f 3138 3130 3136
f 3007 3136 3001
f 3130 3001 3136
f 3140 3012 3139
f 3140 3138 3012
f 3138 3009 3012
f 3012 3014 3139
f 3142 3131 3133
f 3141 3131 3142
f 3017 3016 3134
f 3017 3134 3141
f 3141 3134 3131
f 3134 3016 3004
f 3135 3006 3143
f 3143 3006 3020
f 3137 3144 3136
f 3136 3021 3010
f 3136 3144 3021
f 3144 3145 3021
f 3139 3145 3140
f 3139 3022 3145
f 3022 3021 3145
f 3139 3014 3022
f 3147 3141 3142
f 3146 3141 3147
f 3141 3146 3024
f 3017 3141 3024
f 3143 3020 3148
f 3148 3020 3025
f 3151 3149 3150
f 3150 3152 3153
f 3149 3152 3150
f 3146 3028 3027
f 3147 3028 3146
f 3147 3152 3028
f 3147 3153 3152
f 3146 3027 3024
f 3148 3025 3154
f 3154 3025 3029
f 3151 3155 3149
f 3157 3149 3155
f 3157 3156 3149
f 3156 3152 3149
f 3152 3156 3030
f 3028 3152 3030
f 3031 3158 3159
f 3031 3159 3029
f 3029 3159 3154
f 3031 3032 3158
f 3157 3160 3156
f 3156 3160 3161
f 3156 3161 3030
f 3030 3161 3034
f 3158 3036 3037
f 3158 3037 3159
f 3159 3037 3162
f 3158 3032 3036
f 3165 3163 3164
f 3167 3164 3163
f 3166 3040 3039
f 3039 3041 3166
f 3042 3169 3168
f 3042 3034 3169
f 3034 3161 3169
f 3042 3168 3044
f 3162 3037 3170
f 3170 3037 3046
f 3173 3171 3172
f 3163 3049 3048
f 3165 3049 3163
f 3165 3171 3049
f 3165 3172 3171
f 3040 3166 3174
f 3040 3174 3048
f 3167 3163 3174
f 3163 3048 3174
f 3166 3175 3174
f 3166 3041 3175
f 3041 3051 3175
f 3177 3168 3169
f 3176 3168 3177
f 3052 3044 3168
f 3052 3168 3178
f 3178 3168 3176
f 3052 3178 3054
f 3179 3180 3170
f 3179 3170 3056
f 3056 3170 3046
f 3171 3059 3058
f 3173 3059 3171
f 3173 3179 3059
f 3173 3180 3179
f 3171 3058 3049
f 3175 3051 3181
f 3181 3051 3060
f 3177 3182 3176
f 3184 3176 3182
f 3184 3183 3176
f 3183 3178 3176
f 3178 3183 3062
f 3054 3178 3062
f 3179 3056 3064
f 3179 3064 3059
f 3187 3186 3185
f 3186 3065 3185
f 3186 3181 3065
f 3181 3060 3065
f 3184 3188 3183
f 3190 3189 3066
f 3188 3190 3066
f 3188 3066 3062
f 3188 3062 3183
f 3066 3189 3068
f 3185 3070 3071
f 3185 3071 3187
f 3187 3071 3191
f 3185 3065 3070
f 3193 3189 3190
f 3192 3189 3193
f 3072 3068 3189
f 3072 3189 3194
f 3194 3189 3192
f 3072 3194 3073
f 3191 3071 3074
f 3195 3191 3074
f 3074 3196 3195
f 3075 3196 3074
f 3199 3197 3198
f 3198 3200 3201
f 3197 3200 3198
f 3201 3192 3193
f 3201 3200 3192
f 3200 3202 3192
f 3078 3077 3194
f 3078 3194 3202
f 3202 3194 3192
f 3194 3077 3073
f 3203 3204 3196
f 3203 3196 3080
f 3080 3196 3075
f 3204 3205 3206
f 3203 3205 3204
f 3197 3083 3082
f 3199 3083 3197
f 3199 3205 3083
f 3199 3206 3205
f 3200 3197 3082
f 3085 3200 3082
f 3202 3200 3085
f 3087 3202 3085
f 3202 3087 3078
f 3203 3080 3089
f 3205 3203 3089
f 3090 3205 3089
f 3205 3090 3083
f 3209 3208 3207
f 3092 3207 3208
f 3092 3208 3091
f 3091 3208 3210
f 3210 3211 3091
f 3091 3211 3093
f 3093 3211 3212
f 3095 3093 3212
f 3214 3209 3207
f 3213 3214 3207
f 3207 3098 3213
f 3092 3098 3207
f 3212 3099 3095
f 3215 3099 3212
f 3217 3216 3100
f 3217 3100 3215
f 3215 3100 3099
f 3100 3216 3102
f 3214 3213 3218
f 3213 3219 3218
f 3213 3098 3219
f 3098 3103 3219
f 3217 3220 3216
f 3222 3221 3104
f 3220 3222 3104
f 3220 3104 3102
f 3220 3102 3216
f 3104 3221 3106
f 3219 3103 3223
f 3223 3103 3107
f 3225 3221 3222
f 3224 3221 3225
f 3221 3224 3109
f 3106 3221 3109
f 3228 3227 3226
f 3227 3112 3226
f 3227 3223 3112
f 3223 3107 3112
f 3231 3229 3230
f 3224 3115 3114
f 3225 3115 3224
f 3225 3229 3115
f 3225 3230 3229
f 3224 3114 3109
f 3118 3119 3232
f 3118 3232 3121
f 3228 3226 3233
f 3226 3234 3233
f 3226 3112 3234
f 3112 3123 3234
f 3236 3229 3231
f 3235 3229 3236
f 3229 3235 3125
f 3115 3229 3125
f 3237 3232 3119
f 3237 3119 3238
f 3238 3119 3127
f 3240 3239 3128
f 3237 3240 3128
f 3237 3128 3121
f 3237 3121 3232
f 3128 3239 3129
f 3234 3123 3241
f 3241 3123 3130
f 3244 3242 3243
f 3235 3133 3132
f 3236 3133 3235
f 3236 3242 3133
f 3236 3243 3242
f 3235 3132 3125
f 3238 3127 3245
f 3245 3127 3135
f 3240 3246 3239
f 3239 3246 3247
f 3239 3247 3129
f 3129 3247 3137
f 3138 3248 3249
f 3138 3249 3130
f 3130 3249 3241
f 3138 3140 3248
f 3251 3242 3244
f 3250 3242 3251
f 3242 3250 3142
f 3133 3242 3142
f 3245 3135 3252
f 3252 3135 3143
f 3144 3254 3253
f 3144 3137 3254
f 3137 3247 3254
f 3253 3255 3249
f 3253 3249 3145
f 3253 3145 3144
f 3145 3249 3248
f 3248 3140 3145
f 3257 3258 3256
f 3257 3250 3251
f 3257 3256 3250
f 3256 3259 3250
f 3250 3259 3147
f 3142 3250 3147
f 3262 3261 3260
f 3261 3148 3260
f 3261 3252 3148
f 3252 3143 3148
f 3254 3263 3253
f 3255 3253 3263
f 3265 3266 3264
f 3256 3151 3150
f 3258 3151 3256
f 3258 3264 3151
f 3258 3265 3264
f 3259 3256 3150
f 3153 3259 3150
f 3259 3153 3147
f 3268 3262 3260
f 3267 3268 3260
f 3260 3154 3267
f 3148 3154 3260
f 3266 3269 3264
f 3271 3270 3155
f 3269 3271 3155
f 3269 3155 3151
f 3269 3151 3264
f 3155 3270 3157
f 3273 3268 3267
f 3272 3273 3267
f 3267 3159 3272
f 3154 3159 3267
f 3276 3274 3275
f 3275 3274 3277
f 3271 3278 3270
f 3280 3279 3160
f 3278 3280 3160
f 3278 3160 3157
f 3278 3157 3270
f 3160 3279 3161
f 3273 3272 3281
f 3272 3282 3281
f 3272 3159 3282
f 3159 3162 3282
f 3285 3283 3284
f 3274 3165 3164
f 3276 3165 3274
f 3276 3283 3165
f 3276 3284 3283
f 3164 3277 3274
f 3164 3167 3277
f 3167 3286 3277
f 3288 3279 3280
f 3287 3279 3288
f 3279 3287 3169
f 3161 3279 3169
f 3289 3290 3282
f 3289 3282 3170
f 3170 3282 3162
f 3283 3173 3172
f 3285 3173 3283
f 3285 3289 3173
f 3285 3290 3289
f 3283 3172 3165
f 3174 3291 3292
f 3174 3292 3167
f 3167 3292 3286
f 3174 3175 3291
f 3288 3293 3287
f 3287 3293 3294
f 3287 3294 3169
f 3169 3294 3177
f 3289 3170 3180
f 3289 3180 3173
f 3296 3292 3291
f 3295 3296 3291
f 3291 3181 3295
f 3175 3181 3291
f 3182 3298 3297
f 3182 3177 3298
f 3177 3294 3298
f 3182 3297 3184
f 3295 3186 3187
f 3295 3187 3296
f 3296 3187 3299
f 3295 3181 3186
f 3301 3297 3298
f 3300 3297 3301
f 3188 3184 3297
f 3188 3297 3302
f 3302 3297 3300
f 3188 3302 3190
f 3299 3187 3303
f 3303 3187 3191
f 3305 3300 3301
f 3304 3300 3305
f 3300 3304 3302
f 3302 3304 3306
f 3302 3306 3193
f 3190 3302 3193
f 3195 3307 3308
f 3195 3308 3191
f 3191 3308 3303
f 3195 3196 3307
f 3311 3309 3310
f 3304 3199 3198
f 3305 3199 3304
f 3305 3309 3199
f 3305 3310 3309
f 3306 3304 3198
f 3201 3306 3198
f 3306 3201 3193
f 3308 3307 3312
f 3307 3196 3204
f 3307 3204 3312
f 3312 3204 3313
f 3309 3311 3313
f 3309 3313 3206
f 3206 3313 3204
f 3309 3206 3199
f 3316 3315 3314
f 3315 3317 3314
f 3314 3208 3209
f 3314 3209 3316
f 3316 3209 3318
f 3317 3208 3314
f 3317 3319 3208
f 3319 3210 3208
f 3321 3320 3211
f 3321 3211 3319
f 3319 3211 3210
f 3211 3320 3212
f 3318 3209 3322
f 3322 3209 3214
f 3321 3323 3320
f 3325 3324 3215
f 3323 3325 3215
f 3323 3215 3212
f 3323 3212 3320
f 3215 3324 3217
f 3218 3326 3327
f 3218 3327 3214
f 3214 3327 3322
f 3218 3219 3326
f 3329 3324 3325
f 3328 3324 3329
f 3220 3217 3324
f 3220 3324 3330
f 3330 3324 3328
f 3220 3330 3222
f 3332 3327 3326
f 3331 3332 3326
f 3326 3223 3331
f 3219 3223 3326
f 3334 3328 3329
f 3333 3328 3334
f 3328 3333 3330
f 3330 3333 3335
f 3330 3335 3225
f 3222 3330 3225
f 3331 3227 3228
f 3331 3228 3332
f 3332 3228 3336
f 3331 3223 3227
f 3338 3333 3334
f 3337 3333 3338
f 3231 3230 3335
f 3231 3335 3337
f 3337 3335 3333
f 3335 3230 3225
f 3336 3228 3233
f 3339 3336 3233
f 3233 3340 3339
f 3234 3340 3233
f 3343 3341 3342
f 3342 3337 3338
f 3342 3341 3337
f 3341 3344 3337
f 3337 3344 3236
f 3231 3337 3236
f 3347 3346 3345
f 3238 3345 3346
f 3238 3346 3237
f 3349 3348 3346
f 3348 3237 3346
f 3237 3348 3240
f 3350 3351 3340
f 3350 3340 3241
f 3241 3340 3234
f 3351 3341 3343
f 3351 3350 3341
f 3350 3352 3341
f 3244 3243 3344
f 3244 3344 3352
f 3352 3344 3341
f 3344 3243 3236
f 3354 3347 3345
f 3353 3354 3345
f 3345 3245 3353
f 3345 3238 3245
f 3348 3349 3355
f 3357 3356 3246
f 3355 3357 3246
f 3355 3246 3240
f 3355 3240 3348
f 3246 3356 3247
f 3358 3350 3241
f 3249 3358 3241
f 3350 3358 3352
f 3352 3358 3359
f 3352 3359 3251
f 3244 3352 3251
f 3361 3354 3353
f 3360 3361 3353
f 3353 3252 3360
f 3245 3252 3353
f 3357 3362 3356
f 3356 3362 3363
f 3356 3363 3247
f 3247 3363 3254
f 3364 3358 3249
f 3255 3364 3249
f 3258 3257 3359
f 3258 3359 3364
f 3364 3359 3358
f 3359 3257 3251
f 3360 3261 3262
f 3360 3262 3361
f 3361 3262 3365
f 3360 3252 3261
f 3263 3367 3366
f 3263 3254 3367
f 3254 3363 3367
f 3266 3265 3364
f 3266 3364 3366
f 3255 3263 3364
f 3263 3366 3364
f 3364 3265 3258
f 3365 3262 3368
f 3368 3262 3268
f 3371 3369 3370
f 3370 3369 3373
f 3367 3372 3366
f 3375 3374 3269
f 3372 3375 3269
f 3372 3269 3266
f 3372 3266 3366
f 3269 3374 3271
f 3368 3268 3376
f 3376 3268 3273
f 3378 3369 3371
f 3377 3369 3378
f 3373 3275 3379
f 3373 3377 3275
f 3373 3369 3377
f 3377 3276 3275
f 3375 3380 3374
f 3375 3275 3380
f 3375 3379 3275
f 3277 3380 3275
f 3278 3271 3374
f 3278 3374 3381
f 3381 3374 3380
f 3278 3381 3280
f 3376 3273 3281
f 3382 3376 3281
f 3383 3281 3282
f 3383 3384 3281
f 3384 3382 3281
f 3377 3285 3284
f 3378 3285 3377
f 3378 3383 3285
f 3378 3384 3383
f 3377 3284 3276
f 3385 3380 3277
f 3385 3277 3386
f 3386 3277 3286
f 3388 3380 3385
f 3388 3387 3380
f 3387 3381 3380
f 3381 3387 3288
f 3280 3381 3288
f 3383 3282 3290
f 3383 3290 3285
f 3391 3390 3389
f 3390 3292 3389
f 3390 3386 3292
f 3386 3286 3292
f 3388 3392 3387
f 3394 3393 3293
f 3392 3394 3293
f 3392 3293 3288
f 3392 3288 3387
f 3293 3393 3294
f 3391 3389 3395
f 3389 3396 3395
f 3389 3292 3396
f 3292 3296 3396
f 3398 3393 3394
f 3397 3393 3398
f 3393 3397 3298
f 3294 3393 3298
f 3396 3296 3399
f 3399 3296 3299
f 3401 3397 3398
f 3400 3397 3401
f 3397 3400 3301
f 3298 3397 3301
f 3399 3299 3402
f 3402 3299 3303
f 3404 3400 3401
f 3403 3400 3404
f 3400 3403 3305
f 3301 3400 3305
f 3405 3406 3402
f 3405 3402 3308
f 3308 3402 3303
f 3406 3407 3408
f 3405 3407 3406
f 3403 3311 3310
f 3404 3311 3403
f 3404 3407 3311
f 3404 3408 3407
f 3403 3310 3305
f 3405 3308 3312
f 3407 3405 3312
f 3313 3407 3312
f 3407 3313 3311
f 3315 3316 3409
f 3315 3409 3317
f 3412 3411 3410
f 3410 3411 3413
f 3410 3413 3316
f 3410 3316 3318
f 3409 3316 3413
f 3415 3414 3319
f 3413 3415 3319
f 3413 3319 3317
f 3413 3317 3409
f 3319 3414 3321
f 3412 3410 3416
f 3410 3417 3416
f 3410 3318 3417
f 3318 3322 3417
f 3415 3418 3414
f 3420 3419 3323
f 3418 3420 3323
f 3418 3323 3321
f 3418 3321 3414
f 3323 3419 3325
f 3417 3322 3421
f 3421 3322 3327
f 3424 3422 3423
f 3423 3419 3420
f 3423 3422 3419
f 3422 3425 3419
f 3419 3425 3329
f 3325 3419 3329
f 3421 3327 3426
f 3426 3327 3332
f 3428 3422 3424
f 3427 3422 3428
f 3422 3427 3425
f 3425 3427 3429
f 3425 3429 3334
f 3329 3425 3334
f 3426 3332 3430
f 3430 3332 3336
f 3432 3427 3428
f 3431 3427 3432
f 3427 3431 3429
f 3429 3431 3433
f 3429 3433 3338
f 3334 3429 3338
f 3339 3434 3435
f 3339 3435 3336
f 3336 3435 3430
f 3437 3431 3432
f 3437 3436 3431
f 3340 3434 3339
f 3343 3342 3433
f 3343 3433 3436
f 3436 3433 3431
f 3433 3342 3338
f 3346 3347 3438
f 3346 3438 3349
f 3435 3434 3439
f 3436 3437 3439
f 3436 3439 3351
f 3434 3340 3439
f 3340 3351 3439
f 3436 3351 3343
f 3440 3438 3347
f 3440 3347 3441
f 3441 3347 3354
f 3443 3442 3355
f 3440 3443 3355
f 3440 3355 3349
f 3440 3349 3438
f 3355 3442 3357
f 3441 3354 3444
f 3444 3354 3361
f 3443 3445 3442
f 3447 3446 3362
f 3445 3447 3362
f 3445 3362 3357
f 3445 3357 3442
f 3362 3446 3363
f 3444 3361 3448
f 3448 3361 3365
f 3450 3446 3447
f 3449 3446 3450
f 3446 3449 3367
f 3363 3446 3367
f 3448 3365 3451
f 3451 3365 3368
f 3454 3452 3453
f 3449 3371 3370
f 3450 3371 3449
f 3450 3452 3371
f 3450 3453 3452
f 3372 3367 3449
f 3372 3449 3455
f 3370 3373 3449
f 3373 3455 3449
f 3372 3455 3375
f 3456 3457 3451
f 3456 3451 3376
f 3376 3451 3368
f 3457 3452 3454
f 3457 3456 3452
f 3456 3458 3452
f 3452 3458 3378
f 3371 3452 3378
f 3455 3373 3379
f 3455 3379 3375
f 3456 3376 3382
f 3458 3456 3382
f 3384 3458 3382
f 3458 3384 3378
f 3461 3460 3459
f 3386 3459 3460
f 3386 3460 3385
f 3463 3462 3460
f 3462 3385 3460
f 3385 3462 3388
f 3459 3390 3391
f 3459 3391 3461
f 3461 3391 3464
f 3462 3466 3465
f 3462 3463 3466
f 3459 3386 3390
f 3392 3388 3462
f 3392 3462 3467
f 3467 3462 3465
f 3392 3467 3394
f 3464 3391 3395
f 3468 3464 3395
f 3466 3469 3465
f 3466 3395 3469
f 3466 3468 3395
f 3396 3469 3395
f 3465 3469 3467
f 3467 3469 3470
f 3467 3470 3398
f 3394 3467 3398
f 3473 3472 3471
f 3471 3472 3474
f 3471 3474 3396
f 3471 3396 3399
f 3469 3396 3474
f 3476 3469 3474
f 3476 3475 3469
f 3475 3470 3469
f 3470 3475 3401
f 3398 3470 3401
f 3478 3473 3471
f 3477 3478 3471
f 3402 3471 3399
f 3402 3477 3471
f 3481 3479 3480
f 3480 3475 3476
f 3480 3479 3475
f 3479 3482 3475
f 3475 3482 3404
f 3401 3475 3404
f 3478 3477 3483
f 3479 3481 3483
f 3479 3483 3406
f 3477 3402 3483
f 3402 3406 3483
f 3482 3479 3406
f 3408 3482 3406
f 3482 3408 3404
f 3411 3412 3484
f 3413 3411 3484
f 3485 3413 3484
f 3413 3485 3415
f 3484 3412 3416
f 3416 3417 3486
f 3416 3486 3484
f 3484 3486 3485
f 3418 3415 3485
f 3418 3485 3487
f 3487 3485 3486
f 3418 3487 3420
f 3488 3486 3417
f 3421 3488 3417
f 3424 3423 3487
f 3424 3487 3488
f 3488 3487 3486
f 3487 3423 3420
f 3489 3488 3421
f 3426 3489 3421
f 3488 3489 3428
f 3424 3488 3428
f 3490 3489 3426
f 3430 3490 3426
f 3489 3490 3432
f 3428 3489 3432
f 3491 3490 3430
f 3435 3491 3430
f 3490 3491 3437
f 3432 3490 3437
f 3491 3435 3439
f 3491 3439 3437
f 3440 3441 3492
f 3440 3492 3443
f 3495 3494 3493
f 3493 3494 3496
f 3493 3496 3441
f 3493 3441 3444
f 3492 3441 3496
f 3498 3497 3445
f 3496 3498 3445
f 3496 3445 3443
f 3496 3443 3492
f 3445 3497 3447
f 3500 3495 3493
f 3499 3500 3493
f 3448 3493 3444
f 3448 3499 3493
f 3503 3501 3502
f 3502 3497 3498
f 3502 3501 3497
f 3501 3504 3497
f 3497 3504 3450
f 3447 3497 3450
f 3506 3500 3499
f 3505 3506 3499
f 3499 3448 3505
f 3505 3448 3451
f 3501 3503 3508
f 3501 3508 3507
f 3454 3453 3504
f 3454 3504 3507
f 3507 3504 3501
f 3504 3453 3450
f 3506 3505 3509
f 3507 3508 3509
f 3507 3509 3457
f 3505 3451 3509
f 3451 3457 3509
f 3507 3457 3454
f 3460 3461 3510
f 3460 3510 3463
f 3511 3510 3461
f 3464 3511 3461
f 3510 3511 3466
f 3463 3510 3466
f 3511 3464 3468
f 3511 3468 3466
f 3472 3473 3512
f 3474 3472 3512
f 3513 3474 3512
f 3474 3513 3476
f 3514 3512 3473
f 3478 3514 3473
f 3481 3480 3513
f 3481 3513 3514
f 3514 3513 3512
f 3513 3480 3476
f 3514 3478 3483
f 3514 3483 3481
f 3494 3495 3515
f 3496 3494 3515
f 3516 3496 3515
f 3496 3516 3498
f 3517 3515 3495
f 3500 3517 3495
f 3503 3502 3516
f 3503 3516 3517
f 3517 3516 3515
f 3516 3502 3498
f 3518 3517 3500
f 3506 3518 3500
f 3517 3518 3508
f 3503 3517 3508
f 3518 3506 3509
f 3518 3509 3508
