{
    "002_master_chef_can": {
        "center": {
            "x": -0.017048499999999998,
            "y": -0.009760500000000002,
            "z": 0.0699015
        },
        "size": {
            "x": 0.10252900000000001,
            "y": 0.102377,
            "z": 0.140177
        }
    },
    "003_cracker_box": {
        "center": {
            "x": -0.012885,
            "y": -0.014141999999999995,
            "z": 0.1034755
        },
        "size": {
            "x": 0.0718,
            "y": 0.16403600000000002,
            "z": 0.213437
        }
    },
    "004_sugar_box": {
        "center": {
            "x": -0.007467,
            "y": -0.016712,
            "z": 0.0880385
        },
        "size": {
            "x": 0.049496,
            "y": 0.094162,
            "z": 0.176015
        }
    },
    "005_tomato_soup_can": {
        "center": {
            "x": -0.009168500000000001,
            "y": 0.0840175,
            "z": 0.051006499999999996
        },
        "size": {
            "x": 0.067911,
            "y": 0.067743,
            "z": 0.101855
        }
    },
    "006_mustard_bottle": {
        "center": {
            "x": -0.015338999999999998,
            "y": -0.0234985,
            "z": 0.09249750000000001
        },
        "size": {
            "x": 0.09719799999999999,
            "y": 0.066621,
            "z": 0.191301
        }
    },
    "007_tuna_fish_can": {
        "center": {
            "x": -0.026048500000000002,
            "y": -0.022132,
            "z": 0.013551
        },
        "size": {
            "x": 0.085559,
            "y": 0.08554,
            "z": 0.033538
        }
    },
    "008_pudding_box": {
        "center": {
            "x": 0.0005049999999999985,
            "y": 0.019123000000000005,
            "z": 0.018947500000000003
        },
        "size": {
            "x": 0.137938,
            "y": 0.128756,
            "z": 0.038889
        }
    },
    "009_gelatin_box": {
        "center": {
            "x": -0.022774999999999997,
            "y": -0.008244999999999999,
            "z": 0.014492
        },
        "size": {
            "x": 0.089404,
            "y": 0.101108,
            "z": 0.030074
        }
    },
    "010_potted_meat_can": {
        "center": {
            "x": -0.0327845,
            "y": -0.0265525,
            "z": 0.0385835
        },
        "size": {
            "x": 0.102085,
            "y": 0.060103000000000004,
            "z": 0.08354299999999999
        }
    },
    "011_banana": {
        "center": {
            "x": 0.011476000000000004,
            "y": -0.007343500000000003,
            "z": 0.017963
        },
        "size": {
            "x": 0.10894200000000001,
            "y": 0.178447,
            "z": 0.036739999999999995
        }
    },
    "012_strawberry": {
        "center": {
            "x": -0.0008629999999999992,
            "y": 0.015777000000000003,
            "z": 0.022620499999999998
        },
        "size": {
            "x": 0.045224,
            "y": 0.045286,
            "z": 0.045675
        }
    },
    "013_apple": {
        "center": {
            "x": 0.0008589999999999987,
            "y": -0.0037844999999999997,
            "z": 0.0355515
        },
        "size": {
            "x": 0.075448,
            "y": 0.074871,
            "z": 0.07188900000000001
        }
    },
    "014_lemon": {
        "center": {
            "x": -0.010579,
            "y": 0.0216535,
            "z": 0.0262735
        },
        "size": {
            "x": 0.060588,
            "y": 0.059299000000000004,
            "z": 0.053017
        }
    },
    "015_peach": {
        "center": {
            "x": -0.014270499999999998,
            "y": 0.005633000000000001,
            "z": 0.0291075
        },
        "size": {
            "x": 0.062123,
            "y": 0.06263200000000001,
            "z": 0.058645
        }
    },
    "016_pear": {
        "center": {
            "x": -0.03332,
            "y": 0.017994500000000004,
            "z": 0.0326525
        },
        "size": {
            "x": 0.066546,
            "y": 0.100455,
            "z": 0.065663
        }
    },
    "017_orange": {
        "center": {
            "x": -0.0069349999999999985,
            "y": -0.01836,
            "z": 0.035428
        },
        "size": {
            "x": 0.072158,
            "y": 0.073986,
            "z": 0.071352
        }
    },
    "018_plum": {
        "center": {
            "x": -0.007818,
            "y": 0.0194235,
            "z": 0.026223
        },
        "size": {
            "x": 0.057190000000000005,
            "y": 0.054941,
            "z": 0.05304
        }
    },
    "019_pitcher_base": {
        "center": {
            "x": -0.005829000000000001,
            "y": 0.0400515,
            "z": 0.1183715
        },
        "size": {
            "x": 0.149134,
            "y": 0.14482899999999999,
            "z": 0.242387
        }
    },
    "021_bleach_cleanser": {
        "center": {
            "x": -0.021663500000000002,
            "y": 0.011709500000000001,
            "z": 0.124838
        },
        "size": {
            "x": 0.102433,
            "y": 0.06769900000000001,
            "z": 0.25058
        }
    },
    "022_windex_bottle": {
        "center": {
            "x": 0.0182865,
            "y": 0.011928000000000001,
            "z": 0.1342495
        },
        "size": {
            "x": 0.082727,
            "y": 0.095428,
            "z": 0.269801
        }
    },
    "024_bowl": {
        "center": {
            "x": -0.014839499999999999,
            "y": -0.043689000000000006,
            "z": 0.0269745
        },
        "size": {
            "x": 0.16146300000000002,
            "y": 0.161164,
            "z": 0.055009
        }
    },
    "025_mug": {
        "center": {
            "x": -0.008857000000000004,
            "y": 0.0173395,
            "z": 0.040119499999999995
        },
        "size": {
            "x": 0.116984,
            "y": 0.093131,
            "z": 0.081303
        }
    },
    "026_sponge": {
        "center": {
            "x": -0.0153445,
            "y": 0.0137445,
            "z": 0.009619500000000001
        },
        "size": {
            "x": 0.079147,
            "y": 0.112113,
            "z": 0.019007
        }
    },
    "028_skillet_lid": {
        "center": {
            "x": 0.008872999999999992,
            "y": 0.024286500000000003,
            "z": 0.0330495
        },
        "size": {
            "x": 0.268264,
            "y": 0.269153,
            "z": 0.076055
        }
    },
    "029_plate": {
        "center": {
            "x": -0.011620999999999992,
            "y": 1.5999999999988246e-05,
            "z": 0.0102525
        },
        "size": {
            "x": 0.26015,
            "y": 0.261102,
            "z": 0.026723
        }
    },
    "030_fork": {
        "center": {
            "x": -0.025410000000000002,
            "y": -0.022295,
            "z": 0.0070420000000000005
        },
        "size": {
            "x": 0.197556,
            "y": 0.027110000000000002,
            "z": 0.015884000000000002
        }
    },
    "031_spoon": {
        "center": {
            "x": -0.027132999999999997,
            "y": -0.0050494999999999984,
            "z": 0.009833
        },
        "size": {
            "x": 0.18596000000000001,
            "y": 0.082929,
            "z": 0.020891999999999997
        }
    },
    "032_knife": {
        "center": {
            "x": -0.019428000000000008,
            "y": -0.027415500000000002,
            "z": 0.0039180000000000005
        },
        "size": {
            "x": 0.21483000000000002,
            "y": 0.020605000000000002,
            "z": 0.022614000000000002
        }
    },
    "033_spatula": {
        "center": {
            "x": -0.027177999999999994,
            "y": -0.097023,
            "z": 0.0157785
        },
        "size": {
            "x": 0.30552199999999996,