class,cliff,zov,objA,objB,scene
並排有縫,94.72221560602823,1.0,cups,gelatin_box,n3_scene0001
並排有縫,31.435101067741,1.0,racquetball,cracker_box,n3_scene0002
並排有縫,31.435101067741,0.0,racquetball,cracker_box,n3_scene0002
同物過切,46.985454030229086,0.68,cracker_box,cracker_box,n3_scene0002
同物過切,49.8217518782213,0.9615384615384616,cracker_box,cracker_box,n3_scene0002
並排有縫,13.979886343771211,0.0,racquetball,cracker_box,n3_scene0002
並排有縫,162.60306158467807,1.0,cracker_box,mustard_bottle,n3_scene0002
並排有縫,162.60306158467807,0.7,cracker_box,mustard_bottle,n3_scene0002
同物過切,17.587492883887567,0.64,cracker_box,cracker_box,n3_scene0002
同物過切,17.834081366731922,0.0,rubiks_cube,rubiks_cube,n3_scene0004
同物過切,7.74524639763865,0.8,rubiks_cube,rubiks_cube,n3_scene0004
並排有縫,81.15133296610986,1.0,foam_brick,plum,n3_scene0005
並排有縫,192.52724844209735,1.0,wood_block,cups,n3_scene0006
並排有縫,264.76771496887704,1.0,wood_block,phillips_screwdriver,n3_scene0006
並排有縫,262.092969670294,1.0,phillips_screwdriver,wood_block,n3_scene0006
並排有縫,234.90176668876794,0.0,wood_block,cups,n3_scene0006
並排有縫,252.93484489162287,1.0,cups,wood_block,n3_scene0006
同物過切,133.83464102760834,0.4,wood_block,wood_block,n3_scene0006
同物過切,9.985239595809201,1.0,wood_block,wood_block,n3_scene0006
同物過切,173.30864867156183,0.4,wood_block,wood_block,n3_scene0006
並排有縫,160.02322726883875,1.0,tennis_ball,tomato_soup_can,n3_scene0008
同物過切,9.57008516453195,1.0,master_chef_can,master_chef_can,n3_scene0010
同物過切,4.999305731851589,0.6666666666666666,knife,knife,n3_scene0011
同物過切,48.12464361900054,1.0,power_drill,power_drill,n3_scene0011
同物過切,28.432641659297566,1.0,power_drill,power_drill,n3_scene0011
同物過切,10.91864390264552,0.13333333333333333,sugar_box,sugar_box,n3_scene0011
同物過切,100.80387028349259,1.0,power_drill,power_drill,n3_scene0011
同物過切,16.85719398959662,0.13333333333333333,sugar_box,sugar_box,n3_scene0011
同物過切,12.07135102015977,1.0,power_drill,power_drill,n3_scene0011
同物過切,7.816089068405221,1.0,scissors,scissors,n3_scene0012
同物過切,8.660289314689052,0.4,tuna_fish_can,tuna_fish_can,n3_scene0013
同物過切,13.622733015973564,0.2,potted_meat_can,potted_meat_can,n3_scene0015
同物過切,8.41608664617266,1.0,cups,cups,n3_scene0015
同物過切,12.787118214185867,1.0,orange,orange,n3_scene0015
同物過切,13.409646695853317,0.4444444444444444,bleach_cleanser,bleach_cleanser,n3_scene0016
並排有縫,163.55071360083093,1.0,bleach_cleanser,pear,n3_scene0016
並排有縫,156.85875662920378,1.0,mug,bleach_cleanser,n3_scene0016
同物過切,24.10089699049942,1.0,mug,mug,n3_scene0016
並排有縫,307.22365235426304,0.0,bleach_cleanser,pear,n3_scene0016
同物過切,5.003243085646147,1.0,mustard_bottle,mustard_bottle,n3_scene0023
同物過切,4.668027993095403,1.0,tennis_ball,tennis_ball,n3_scene0024
並排有縫,21.39849188304313,1.0,pudding_box,cups,n3_scene0027
同物過切,10.431991678585106,0.16666666666666666,master_chef_can,master_chef_can,n3_scene0028
並排有縫,14.16021003998127,0.8461538461538461,master_chef_can,cracker_box,n3_scene0028
並排有縫,61.15113346709094,1.0,master_chef_can,cracker_box,n3_scene0028
同物過切,19.271835121570103,0.25,bleach_cleanser,bleach_cleanser,n3_scene0028
並排有縫,155.2485389227953,1.0,master_chef_can,cracker_box,n3_scene0028
並排有縫,131.22575218971207,1.0,master_chef_can,cracker_box,n3_scene0028
並排有縫,101.57365342554652,0.8333333333333334,master_chef_can,cracker_box,n3_scene0028
同物過切,9.183384028380148,1.0,cracker_box,cracker_box,n3_scene0028
同物過切,44.239263338263,1.0,cracker_box,cracker_box,n3_scene0028
同物過切,1.5307077707753525,0.0,bleach_cleanser,bleach_cleanser,n3_scene0028
並排有縫,71.9816753098338,0.9615384615384616,master_chef_can,bleach_cleanser,n3_scene0028
並排有縫,155.75216785560775,1.0,master_chef_can,bleach_cleanser,n3_scene0028
同物過切,25.398064194954266,1.0,bleach_cleanser,bleach_cleanser,n3_scene0028
並排有縫,88.42860330287216,1.0,bleach_cleanser,master_chef_can,n3_scene0028
並排有縫,136.32994154762386,0.5714285714285714,bleach_cleanser,cracker_box,n3_scene0028
同物過切,19.061715570471936,0.42857142857142855,bleach_cleanser,bleach_cleanser,n3_scene0028
並排有縫,117.62301544938495,1.0,cracker_box,bleach_cleanser,n3_scene0028
並排有縫,133.62132312104822,1.0,cracker_box,bleach_cleanser,n3_scene0028
同物過切,3.7480586530769244,0.9615384615384616,cracker_box,cracker_box,n3_scene0028
並排有縫,176.77044247154123,1.0,cracker_box,bleach_cleanser,n3_scene0028
同物過切,15.288661256332658,0.0,bleach_cleanser,bleach_cleanser,n3_scene0028
並排有縫,163.986758968946,1.0,cracker_box,bleach_cleanser,n3_scene0028
同物過切,5.7475525273013695,1.0,rubiks_cube,rubiks_cube,n3_scene0029
同物過切,7.0701804504643695,1.0,power_drill,power_drill,n3_scene0030
並排有縫,66.02776820439254,1.0,cups,apple,n3_scene0030
並排有縫,89.93565462801945,0.1111111111111111,apple,cups,n3_scene0030
並排有縫,73.15583779588573,0.6666666666666666,apple,cups,n3_scene0030
同物過切,7.292522515541383,1.0,power_drill,power_drill,n3_scene0030
同物過切,4.498130277193315,0.6666666666666666,knife,knife,n3_scene0031
並排有縫,137.33970252171918,0.0,tomato_soup_can,adjustable_wrench,n3_scene0032
並排有縫,141.2098915089838,1.0,adjustable_wrench,tomato_soup_can,n3_scene0032
並排有縫,95.93678586655359,1.0,tomato_soup_can,bowl,n3_scene0032
同物過切,44.74821651150879,0.25,tomato_soup_can,tomato_soup_can,n3_scene0032
並排有縫,140.32552460657038,1.0,lemon,foam_brick,n3_scene0033
同物過切,40.82977945273891,0.5714285714285714,wood_block,wood_block,n3_scene0033
並排有縫,12.068131722849873,0.0,wood_block,foam_brick,n3_scene0033
同物過切,6.789763263490849,1.0,wood_block,wood_block,n3_scene0033
同物過切,9.933130632395681,0.7142857142857143,wood_block,wood_block,n3_scene0033
並排有縫,165.67458860661822,1.0,cups,pitcher_base,n3_scene0034
同物過切,41.762132329253134,1.0,pitcher_base,pitcher_base,n3_scene0034
並排有縫,209.493721924873,0.0,cups,pitcher_base,n3_scene0034
並排有縫,209.2680310797442,0.0,cups,pitcher_base,n3_scene0034
同物過切,105.36606451346712,1.0,pitcher_base,pitcher_base,n3_scene0034
同物過切,173.50241682442913,1.0,pitcher_base,pitcher_base,n3_scene0034
同物過切,5.560845298087158,1.0,fork,fork,n3_scene0036
同物過切,14.40706084968376,1.0,large_clamp,large_clamp,n3_scene0036
同物過切,42.15098837458001,0.23076923076923078,sugar_box,sugar_box,n3_scene0037
同物過切,6.317537845293958,0.8461538461538461,sugar_box,sugar_box,n3_scene0037
同物過切,48.504181837747154,0.06666666666666667,sugar_box,sugar_box,n3_scene0037
並排有縫,240.76475475344589,0.0,sugar_box,nine_hole_peg_test,n3_scene0037
並排有縫,11.981282628876988,0.0,sugar_box,nine_hole_peg_test,n3_scene0037
並排有縫,240.31945307891763,1.0,sugar_box,nine_hole_peg_test,n3_scene0037
並排有縫,13.373726492915129,1.0,sugar_box,nine_hole_peg_test,n3_scene0037
同物過切,5.631006005133954,1.0,nine_hole_peg_test,nine_hole_peg_test,n3_scene0037
同物過切,7.259381108486041,0.2,potted_meat_can,potted_meat_can,n3_scene0037
同物過切,51.41385360445013,1.0,sugar_box,sugar_box,n3_scene0037
同物過切,9.325592042994879,0.2,potted_meat_can,potted_meat_can,n3_scene0037
同物過切,6.492444213195403,1.0,tuna_fish_can,tuna_fish_can,n3_scene0039
同物過切,6.122399784965649,0.7142857142857143,mug,mug,n3_scene0040
同物過切,7.598901302535543,1.0,orange,orange,n3_scene0040
同物過切,5.28252489874359,1.0,cups,cups,n3_scene0041
並排有縫,176.39855324873744,0.0,cups,scissors,n3_scene0041
同物過切,6.833498729717602,0.5,cups,cups,n3_scene0041
同物過切,8.079000126321567,1.0,scissors,scissors,n3_scene0041
同物過切,8.234658046034182,1.0,scissors,scissors,n3_scene0041
同物過切,32.23009849516943,0.5,wood_block,wood_block,n3_scene0044
並排有縫,89.82057564644322,1.0,cups,mustard_bottle,n3_scene0045
並排有縫,53.873443706083826,0.0,cups,mustard_bottle,n3_scene0045
並排有縫,20.580231945422245,0.0,baseball,cracker_box,n3_scene0046
並排有縫,20.580231945422245,1.0,baseball,cracker_box,n3_scene0046
同物過切,8.390451338876947,1.0,cracker_box,cracker_box,n3_scene0046
同物過切,7.496117306154071,1.0,cups,cups,n3_scene0047
並排有縫,212.57272666166227,0.6,cups,orange,n3_scene0048
並排有縫,212.57272666166227,0.0,cups,orange,n3_scene0048
同物過切,7.8001174327780864,1.0,scissors,scissors,n3_scene0048
同物過切,4.999995445549987,0.6666666666666666,knife,knife,n3_scene0051
並排有縫,148.71923551275498,1.0,mug,rubiks_cube,n3_scene0051
同物過切,12.34609994234981,0.2,potted_meat_can,potted_meat_can,n3_scene0052
並排有縫,221.61167872374887,0.0,golf_ball,potted_meat_can,n3_scene0052
並排有縫,220.74549042909987,1.0,golf_ball,potted_meat_can,n3_scene0052
同物過切,34.90599337271581,0.0,master_chef_can,master_chef_can,n3_scene0053
並排有縫,99.9422186237808,1.0,master_chef_can,nine_hole_peg_test,n3_scene0053
並排有縫,141.5874606816297,0.0,master_chef_can,nine_hole_peg_test,n3_scene0053
並排有縫,34.8319617103922,0.3076923076923077,master_chef_can,nine_hole_peg_test,n3_scene0053
並排有縫,115.94385579904582,1.0,master_chef_can,gelatin_box,n3_scene0053
並排有縫,130.12597990044063,1.0,master_chef_can,nine_hole_peg_test,n3_scene0053
並排有縫,127.62028185008162,0.38461538461538464,nine_hole_peg_test,master_chef_can,n3_scene0053
同物過切,11.593905651331506,1.0,nine_hole_peg_test,nine_hole_peg_test,n3_scene0053
並排有縫,130.12597990044063,0.0,master_chef_can,nine_hole_peg_test,n3_scene0053
並排有縫,142.73974198592498,0.0,master_chef_can,nine_hole_peg_test,n3_scene0053
並排有縫,124.70893036897967,0.0,master_chef_can,gelatin_box,n3_scene0053
同物過切,20.309458197128816,1.0,power_drill,power_drill,n3_scene0054
同物過切,8.74163571724662,1.0,apple,apple,n3_scene0054
同物過切,64.58033961259113,0.42857142857142855,tomato_soup_can,tomato_soup_can,n3_scene0055
同物過切,4.998859513072329,1.0,fork,fork,n3_scene0056
同物過切,8.064227329060925,1.0,bleach_cleanser,bleach_cleanser,n3_scene0058
同物過切,8.064658627197407,0.0,bleach_cleanser,bleach_cleanser,n3_scene0058
同物過切,12.297288679513683,0.6666666666666666,bleach_cleanser,bleach_cleanser,n3_scene0058
並排有縫,32.57516661135568,1.0,pitcher_base,cups,n3_scene0058
並排有縫,188.694062083968,0.875,pitcher_base,bleach_cleanser,n3_scene0058
同物過切,4.999312413946688,0.875,pitcher_base,pitcher_base,n3_scene0058
並排有縫,231.93012666051482,0.9166666666666666,pitcher_base,bleach_cleanser,n3_scene0058
並排有縫,261.69123208813613,1.0,bleach_cleanser,pitcher_base,n3_scene0058
並排有縫,261.69123208813613,0.6666666666666666,pitcher_base,bleach_cleanser,n3_scene0058
並排有縫,394.23599877533024,0.0,pitcher_base,cups,n3_scene0058
同物過切,88.65279273203937,0.38461538461538464,sugar_box,sugar_box,n3_scene0059
同物過切,7.072679973522011,0.07692307692307693,sugar_box,sugar_box,n3_scene0059
同物過切,15.610589620576043,0.0,sugar_box,sugar_box,n3_scene0059
同物過切,68.89852541247127,0.15384615384615385,sugar_box,sugar_box,n3_scene0059
同物過切,13.534534848089697,0.0,sugar_box,sugar_box,n3_scene0059
同物過切,7.193403958330526,0.3333333333333333,tuna_fish_can,tuna_fish_can,n3_scene0060
並排有縫,139.10349794394116,1.0,cups,bowl,n3_scene0061
並排有縫,116.70830543351136,1.0,bowl,lemon,n3_scene0061
並排有縫,102.92630544406056,1.0,cups,large_marker,n4_scene0001
並排有縫,258.03695224018986,0.0,cracker_box,orange,n4_scene0001
並排有縫,258.03695224018986,1.0,cracker_box,orange,n4_scene0001
並排有縫,259.15090733142074,0.8,cracker_box,orange,n4_scene0001
同物過切,4.398358777215506,0.8846153846153846,cracker_box,cracker_box,n4_scene0001
並排有縫,8.53533171705334,1.0,nine_hole_peg_test,master_chef_can,n4_scene0002
並排有縫,163.01308850981155,1.0,cups,nine_hole_peg_test,n4_scene0002
並排有縫,163.01308850981155,1.0,cups,nine_hole_peg_test,n4_scene0002
同物過切,8.079505717702995,1.0,nine_hole_peg_test,nine_hole_peg_test,n4_scene0002
同物過切,11.076973069044872,0.5,master_chef_can,master_chef_can,n4_scene0002
同物過切,6.829592475916191,1.0,phillips_screwdriver,phillips_screwdriver,n4_scene0003
並排有縫,68.42046371691973,1.0,apple,tomato_soup_can,n4_scene0004
並排有縫,245.95396825487293,1.0,tomato_soup_can,large_clamp,n4_scene0004
並排有縫,243.45234671205023,0.0,tomato_soup_can,large_clamp,n4_scene0004
同物過切,10.538608857806054,0.9166666666666666,apple,apple,n4_scene0004
同物過切,3.7995129225640865,1.0,fork,fork,n4_scene0006
同物過切,36.944786446259315,0.8,cups,cups,n4_scene0007
同物過切,12.804593568661593,1.0,power_drill,power_drill,n4_scene0007
同物過切,3.9778195185069647,0.6666666666666666,knife,knife,n4_scene0007
同物過切,18.128161442914625,1.0,power_drill,power_drill,n4_scene0007
同物過切,4.629475744003566,1.0,extra_large_clamp,extra_large_clamp,n4_scene0007
同物過切,9.325592042994213,1.0,power_drill,power_drill,n4_scene0007
同物過切,5.45445678896489,1.0,power_drill,power_drill,n4_scene0007
同物過切,5.898654704729013,1.0,cups,cups,n4_scene0008
並排有縫,111.72234744575805,1.0,cups,tuna_fish_can,n4_scene0008
並排有縫,148.12336964434368,1.0,cups,potted_meat_can,n4_scene0008
並排有縫,108.37472605136611,1.0,cups,tuna_fish_can,n4_scene0008
同物過切,10.000244646566347,0.0,potted_meat_can,potted_meat_can,n4_scene0008
同物過切,7.192016069465291,0.6666666666666666,tuna_fish_can,tuna_fish_can,n4_scene0008
同物過切,6.3982168760308715,0.5714285714285714,cups,cups,n4_scene0009
並排有縫,47.86047287854189,1.0,mug,mini_soccer_ball,n4_scene0009
並排有縫,147.46550502195376,1.0,mug,mini_soccer_ball,n4_scene0009
並排有縫,145.17900714308018,1.0,cups,mug,n4_scene0009
同物過切,4.833028544401207,0.14285714285714285,mug,mug,n4_scene0009
同物過切,5.691755573354318,1.0,scissors,scissors,n4_scene0011
同物過切,32.92599829728712,0.25,bleach_cleanser,bleach_cleanser,n4_scene0011
同物過切,2.1790073799623775,0.0,bleach_cleanser,bleach_cleanser,n4_scene0011
並排有縫,140.9802786675115,1.0,cups,bleach_cleanser,n4_scene0011
同物過切,9.788125183495255,1.0,scissors,scissors,n4_scene0011
並排有縫,119.44304720006437,1.0,bleach_cleanser,bowl,n4_scene0011
同物過切,14.135985022126707,0.9090909090909091,bleach_cleanser,bleach_cleanser,n4_scene0011
並排有縫,231.51393700337022,0.0,bowl,bleach_cleanser,n4_scene0011
並排有縫,20.86838959958387,1.0,pitcher_base,rubiks_cube,n4_scene0012
同物過切,49.36198017280889,1.0,rubiks_cube,rubiks_cube,n4_scene0012
同物過切,130.1059212453734,1.0,pitcher_base,pitcher_base,n4_scene0012
同物過切,130.1059212453734,1.0,pitcher_base,pitcher_base,n4_scene0012
同物過切,34.474487759410174,1.0,pitcher_base,pitcher_base,n4_scene0012
同物過切,9.032365590868803,0.0,pitcher_base,pitcher_base,n4_scene0012
同物過切,9.032365590868803,0.0,pitcher_base,pitcher_base,n4_scene0012
並排有縫,259.0869711598303,1.0,wood_block,sugar_box,n4_scene0013
並排有縫,286.061594004681,1.0,wood_block,sugar_box,n4_scene0013
並排有縫,288.8127898031158,1.0,wood_block,sugar_box,n4_scene0013
同物過切,10.142212926739038,0.06666666666666667,sugar_box,sugar_box,n4_scene0013
並排有縫,286.061594004681,1.0,sugar_box,wood_block,n4_scene0013
並排有縫,274.4670149685784,1.0,sugar_box,wood_block,n4_scene0013
並排有縫,289.31316868687315,1.0,wood_block,sugar_box,n4_scene0013
同物過切,10.68226611403572,0.06666666666666667,sugar_box,sugar_box,n4_scene0013
同物過切,3.5509144792480463,1.0,sugar_box,sugar_box,n4_scene0013
同物過切,47.73113077601158,0.4,wood_block,wood_block,n4_scene0013
並排有縫,174.23420354022528,0.0,wood_block,baseball,n4_scene0013
同物過切,6.83081448525813,1.0,sugar_box,sugar_box,n4_scene0013
並排有縫,173.3500813145833,1.0,wood_block,baseball,n4_scene0013
同物過切,5.562605786237795,0.8333333333333334,cups,cups,n4_scene0014
同物過切,4.661518250396401,0.8888888888888888,cups,cups,n4_scene0014
並排有縫,130.40166505361006,0.6666666666666666,cups,tennis_ball,n4_scene0014
並排有縫,71.51391738759338,1.0,cups,padlock,n4_scene0014
並排有縫,42.326229531178925,1.0,cups,padlock,n4_scene0014
同物過切,11.715289605855661,0.16666666666666666,cups,cups,n4_scene0014
同物過切,8.089769901426159,1.0,scissors,scissors,n4_scene0016
同物過切,5.115532538734813,0.42857142857142855,cups,cups,n4_scene0017
同物過切,5.79926783717275,0.6666666666666666,cups,cups,n4_scene0017
並排有縫,12.69460027812939,1.0,cups,cups,n4_scene0017
並排有縫,78.90501775356196,0.8571428571428571,cups,cups,n4_scene0017
同物過切,8.365416712071138,1.0,potted_meat_can,potted_meat_can,n4_scene0017
並排有縫,145.82872816055766,1.0,softball,sponge,n4_scene0018
並排有縫,103.12268120201801,1.0,pitcher_base,lemon,n4_scene0019
同物過切,10.446162732550334,1.0,pitcher_base,pitcher_base,n4_scene0019
並排有縫,175.05468916380497,0.0,lemon,pitcher_base,n4_scene0019
並排有縫,70.36182225154886,1.0,apple,tuna_fish_can,n4_scene0020
同物過切,9.574511902219808,1.0,apple,apple,n4_scene0020
並排有縫,67.15592522171434,0.8571428571428571,tuna_fish_can,apple,n4_scene0020
同物過切,7.072679973521345,0.6,tuna_fish_can,tuna_fish_can,n4_scene0020
並排有縫,47.780421441285306,1.0,apple,tuna_fish_can,n4_scene0020
同物過切,9.119852884021906,0.8888888888888888,bowl,bowl,n4_scene0021
同物過切,30.04600068216529,1.0,power_drill,power_drill,n4_scene0022
同物過切,7.361282698213836,1.0,power_drill,power_drill,n4_scene0022
同物過切,6.800840685906067,1.0,power_drill,power_drill,n4_scene0022
同物過切,17.07039899966678,1.0,cups,cups,n4_scene0023
同物過切,46.74088488108657,0.2857142857142857,mustard_bottle,mustard_bottle,n4_scene0024
並排有縫,161.98905274152665,1.0,mustard_bottle,cups,n4_scene0024
並排有縫,160.08160933141113,0.0,mustard_bottle,cups,n4_scene0024
同物過切,25.003106238733587,1.0,mustard_bottle,mustard_bottle,n4_scene0024
同物過切,35.05501671361005,0.0,sugar_box,sugar_box,n4_scene0025
同物過切,18.434487632281446,0.13333333333333333,sugar_box,sugar_box,n4_scene0025
並排有縫,289.2491996492311,0.6666666666666666,sugar_box,cracker_box,n4_scene0025
並排有縫,282.94391174238723,1.0,sugar_box,cracker_box,n4_scene0025
並排有縫,282.94391174238723,0.26666666666666666,sugar_box,cracker_box,n4_scene0025
同物過切,8.818809025264883,0.0,cracker_box,cracker_box,n4_scene0025
同物過切,18.367199354896947,1.0,spoon,spoon,n4_scene0025
同物過切,44.04536089403288,0.4,cracker_box,cracker_box,n4_scene0025
同物過切,76.47557968499241,0.8,sugar_box,sugar_box,n4_scene0025
同物過切,13.084114639268062,0.7857142857142857,cracker_box,cracker_box,n4_scene0025
同物過切,13.084114639268062,1.0,cracker_box,cracker_box,n4_scene0025
同物過切,23.142025912087515,0.0,sugar_box,sugar_box,n4_scene0025
同物過切,15.08908457439755,0.7727272727272727,cracker_box,cracker_box,n4_scene0025
並排有縫,33.949915525353205,0.0,cracker_box,spoon,n4_scene0025
並排有縫,33.949915525353205,1.0,cracker_box,spoon,n4_scene0025
並排有縫,251.48173965749294,0.0,cracker_box,spoon,n4_scene0025
並排有縫,251.48173965749294,1.0,cracker_box,spoon,n4_scene0025
並排有縫,134.66091145329463,1.0,pear,tennis_ball,n4_scene0027
並排有縫,255.39071772693703,1.0,wood_block,pear,n4_scene0027
同物過切,25.60559849950034,0.6666666666666666,wood_block,wood_block,n4_scene0027
並排有縫,314.04988780010444,1.0,wood_block,tennis_ball,n4_scene0027
並排有縫,314.04988780010444,1.0,tennis_ball,wood_block,n4_scene0027
並排有縫,269.1556267472263,0.0,wood_block,pear,n4_scene0027
並排有縫,11.448567373286313,0.0,cups,master_chef_can,n4_scene0028
同物過切,15.30381457772567,0.2857142857142857,master_chef_can,master_chef_can,n4_scene0028
同物過切,5.000362048354634,1.0,knife,knife,n4_scene0028
並排有縫,92.15354180026891,1.0,cups,master_chef_can,n4_scene0028
同物過切,23.745407778331952,1.0,cups,cups,n4_scene0028
並排有縫,92.32208506019435,0.7857142857142857,cups,master_chef_can,n4_scene0028
並排有縫,128.4001813977015,1.0,master_chef_can,cups,n4_scene0028
並排有縫,109.13881682939831,0.0,cups,master_chef_can,n4_scene0028
同物過切,11.797929969077,0.0,bleach_cleanser,bleach_cleanser,n4_scene0029
同物過切,4.998859513072274,0.0,bleach_cleanser,bleach_cleanser,n4_scene0029
並排有縫,83.25756473079993,1.0,nine_hole_peg_test,bleach_cleanser,n4_scene0029
並排有縫,83.23187843721024,1.0,nine_hole_peg_test,bleach_cleanser,n4_scene0029
並排有縫,254.13991957858235,1.0,bleach_cleanser,fork,n4_scene0029
並排有縫,118.23048085927002,1.0,baseball,bleach_cleanser,n4_scene0029
同物過切,27.681940640736258,1.0,bleach_cleanser,bleach_cleanser,n4_scene0029
同物過切,49.78855307764604,0.0,bleach_cleanser,bleach_cleanser,n4_scene0029
同物過切,7.87140207562973,1.0,nine_hole_peg_test,nine_hole_peg_test,n4_scene0029
同物過切,43.73072097388114,0.0,bleach_cleanser,bleach_cleanser,n4_scene0029
並排有縫,57.361447540893344,0.75,mini_soccer_ball,cups,n4_scene0030
並排有縫,57.361447540893344,0.09090909090909091,mini_soccer_ball,cups,n4_scene0030
並排有縫,42.22716366963714,0.9375,cups,mini_soccer_ball,n4_scene0030
同物過切,34.47545628160872,1.0,mini_soccer_ball,mini_soccer_ball,n4_scene0030
同物過切,11.173385701167382,1.0,mini_soccer_ball,mini_soccer_ball,n4_scene0030
並排有縫,74.73977214183247,1.0,phillips_screwdriver,cups,n4_scene0031
同物過切,8.951885329652988,1.0,apple,apple,n4_scene0032
同物過切,4.661695862842419,1.0,tuna_fish_can,tuna_fish_can,n4_scene0033
同物過切,9.661588042776614,0.0,bleach_cleanser,bleach_cleanser,n4_scene0033
同物過切,7.56656112445303,0.2,bleach_cleanser,bleach_cleanser,n4_scene0033
並排有縫,194.63384439218777,1.0,softball,bleach_cleanser,n4_scene0033
同物過切,43.215623001776116,0.2,bleach_cleanser,bleach_cleanser,n4_scene0033
同物過切,69.0528833453805,0.0,bleach_cleanser,bleach_cleanser,n4_scene0033
並排有縫,230.02658933892033,0.0,softball,bleach_cleanser,n4_scene0033
並排有縫,209.2680310797463,0.0,softball,bleach_cleanser,n4_scene0033
同物過切,17.31934191570478,0.875,cups,cups,n4_scene0034
同物過切,12.445493536811265,0.5555555555555556,cups,cups,n4_scene0035
同物過切,5.000460961180009,0.6666666666666666,knife,knife,n4_scene0035
同物過切,3.364123765815786,1.0,cups,cups,n4_scene0035
同物過切,7.072038606213638,1.0,master_chef_can,master_chef_can,n4_scene0035
同物過切,16.32158950228537,0.5714285714285714,master_chef_can,master_chef_can,n4_scene0035
並排有縫,244.16637182425944,1.0,pitcher_base,spoon,n4_scene0036
並排有縫,15.24958537589044,1.0,pitcher_base,spoon,n4_scene0036
並排有縫,62.3043960900217,1.0,pudding_box,scissors,n4_scene0037
同物過切,5.308907124972118,1.0,scissors,scissors,n4_scene0037
同物過切,5.905102654107047,1.0,scissors,scissors,n4_scene0037
並排有縫,32.55425776705967,0.6666666666666666,mini_soccer_ball,banana,n4_scene0038
並排有縫,81.62432744870807,1.0,cups,wood_block,n4_scene0039
同物過切,6.122399784965538,1.0,power_drill,power_drill,n4_scene0040
同物過切,22.531614038724832,1.0,power_drill,power_drill,n4_scene0040
同物過切,27.182775743077805,1.0,power_drill,power_drill,n4_scene0040
並排有縫,111.1296731550127,1.0,cups,power_drill,n4_scene0040
並排有縫,109.19104530332231,1.0,cups,power_drill,n4_scene0040
同物過切,17.28209672913286,1.0,power_drill,power_drill,n4_scene0040
同物過切,17.28209672913286,1.0,power_drill,power_drill,n4_scene0040
同物過切,9.991997592866507,1.0,power_drill,power_drill,n4_scene0040
同物過切,7.072679973522289,0.2,tomato_soup_can,tomato_soup_can,n4_scene0041
並排有縫,148.84624467291152,0.9333333333333333,orange,potted_meat_can,n4_scene0043
同物過切,8.179519437524,0.3333333333333333,potted_meat_can,potted_meat_can,n4_scene0043
同物過切,15.490859398079593,0.2857142857142857,sugar_box,sugar_box,n4_scene0043
同物過切,6.037285158734806,0.3333333333333333,potted_meat_can,potted_meat_can,n4_scene0043
同物過切,5.983548286458973,1.0,orange,orange,n4_scene0043
並排有縫,172.21539321904544,0.5714285714285714,mug,padlock,n4_scene0044
同物過切,12.576815897547089,1.0,mug,mug,n4_scene0044
同物過切,7.8001174327784195,0.8214285714285714,cracker_box,cracker_box,n4_scene0046
同物過切,8.753173166023753,0.14285714285714285,nine_hole_peg_test,nine_hole_peg_test,n4_scene0046
同物過切,8.753173166023753,1.0,nine_hole_peg_test,nine_hole_peg_test,n4_scene0046
同物過切,35.246934501145134,1.0,nine_hole_peg_test,nine_hole_peg_test,n4_scene0046
並排有縫,12.164145299249585,0.2,cracker_box,cups,n4_scene0046
並排有縫,12.164145299249585,1.0,cracker_box,cups,n4_scene0046
並排有縫,11.663633847954912,0.85,cups,cracker_box,n4_scene0046
同物過切,4.668027993095736,0.9615384615384616,cracker_box,cracker_box,n4_scene0046
並排有縫,19.10961385861848,0.9714285714285714,mustard_bottle,cracker_box,n4_scene0046
並排有縫,129.78072171959388,0.0,mustard_bottle,cracker_box,n4_scene0046
並排有縫,130.74719660592518,0.0,mustard_bottle,cracker_box,n4_scene0046
並排有縫,9.99199759286662,0.8,cups,cracker_box,n4_scene0046
並排有縫,39.810821760651535,0.0,cups,cracker_box,n4_scene0046
同物過切,97.67844248724022,1.0,mustard_bottle,mustard_bottle,n4_scene0046
同物過切,15.04919363865509,0.625,cups,cups,n4_scene0048
並排有縫,101.89147726140129,1.0,cups,tuna_fish_can,n4_scene0049
同物過切,4.664773121745985,0.3333333333333333,tuna_fish_can,tuna_fish_can,n4_scene0049
同物過切,6.14279246439689,0.9230769230769231,cracker_box,cracker_box,n4_scene0049
並排有縫,204.73164812539878,0.0,cracker_box,tuna_fish_can,n4_scene0049
並排有縫,212.23304660446644,0.0,cracker_box,tuna_fish_can,n4_scene0049
並排有縫,204.73164812539878,1.0,cracker_box,tuna_fish_can,n4_scene0049
並排有縫,212.23304660446644,1.0,cracker_box,tuna_fish_can,n4_scene0049
並排有縫,232.0297109339452,0.0,cups,cracker_box,n4_scene0049
同物過切,5.50513622068538,0.8571428571428571,racquetball,racquetball,n4_scene0051
並排有縫,122.50999999111367,1.0,cups,bowl,n4_scene0051
同物過切,4.920925896860773,0.5,knife,knife,n4_scene0052
同物過切,18.65954700018496,1.0,pitcher_base,pitcher_base,n4_scene0052
同物過切,25.563251605380092,1.0,power_drill,power_drill,n4_scene0053
同物過切,62.872574280903166,0.35714285714285715,sugar_box,sugar_box,n4_scene0053
同物過切,9.573304461841348,0.0,sugar_box,sugar_box,n4_scene0053
同物過切,9.573304461841348,0.0,sugar_box,sugar_box,n4_scene0053
並排有縫,281.45964800356336,0.0,sugar_box,potted_meat_can,n4_scene0053
並排有縫,266.9576619878253,0.0,sugar_box,potted_meat_can,n4_scene0053
同物過切,15.049193638654978,0.4,potted_meat_can,potted_meat_can,n4_scene0053
同物過切,73.79019827451638,1.0,power_drill,power_drill,n4_scene0053
並排有縫,90.95763636992437,1.0,power_drill,sugar_box,n4_scene0053
並排有縫,89.91964014694153,0.0,power_drill,sugar_box,n4_scene0053
並排有縫,90.95763636992437,1.0,power_drill,sugar_box,n4_scene0053
並排有縫,90.95763636992437,1.0,power_drill,sugar_box,n4_scene0053
並排有縫,90.95763636992437,0.2222222222222222,power_drill,sugar_box,n4_scene0053
並排有縫,90.95763636992437,1.0,power_drill,sugar_box,n4_scene0053
同物過切,12.99006736923214,0.0,sugar_box,sugar_box,n4_scene0053
同物過切,12.501231819100456,1.0,sugar_box,sugar_box,n4_scene0053
同物過切,28.413435771427075,0.0,sugar_box,sugar_box,n4_scene0053
同物過切,9.998674562627375,0.0,sugar_box,sugar_box,n4_scene0053
同物過切,17.067444136796396,1.0,power_drill,power_drill,n4_scene0053
同物過切,60.49070456360632,1.0,sugar_box,sugar_box,n4_scene0053
同物過切,60.49070456360632,0.5714285714285714,sugar_box,sugar_box,n4_scene0053
並排有縫,94.9184996600143,0.0,power_drill,sugar_box,n4_scene0053
並排有縫,184.9291373479874,0.0,power_drill,sugar_box,n4_scene0053
並排有縫,246.48147309278602,0.0,sugar_box,apple,n4_scene0053
並排有縫,159.81926631691246,0.0,power_drill,sugar_box,n4_scene0053
同物過切,12.689138622724649,0.6666666666666666,master_chef_can,master_chef_can,n4_scene0054
並排有縫,88.05014359823713,0.8888888888888888,golf_ball,peach,n4_scene0055
並排有縫,192.77645140562672,1.0,mustard_bottle,scissors,n4_scene0056
同物過切,3.537941434868741,1.0,mustard_bottle,mustard_bottle,n4_scene0056
並排有縫,201.2095727356963,1.0,mustard_bottle,scissors,n4_scene0056
同物過切,8.20685444676823,1.0,scissors,scissors,n4_scene0056
同物過切,4.291133251856605,1.0,scissors,scissors,n4_scene0056
同物過切,52.83884187898802,0.3333333333333333,tomato_soup_can,tomato_soup_can,n4_scene0058
並排有縫,147.55565948368425,0.0,tomato_soup_can,phillips_screwdriver,n4_scene0058
同物過切,4.944302214499096,1.0,phillips_screwdriver,phillips_screwdriver,n4_scene0058
並排有縫,158.33051246063383,1.0,tomato_soup_can,sponge,n4_scene0058
並排有縫,113.46307376897936,0.0,tomato_soup_can,sponge,n4_scene0058
並排有縫,296.2073084994564,1.0,wood_block,nine_hole_peg_test,n4_scene0059
同物過切,11.82705877939827,0.3,bleach_cleanser,bleach_cleanser,n4_scene0059
同物過切,22.00005383358461,1.0,bleach_cleanser,bleach_cleanser,n4_scene0059
同物過切,84.55457981131109,0.4,wood_block,wood_block,n4_scene0059
並排有縫,190.45513037183454,1.0,wood_block,bleach_cleanser,n4_scene0059
並排有縫,191.7482953362536,1.0,bleach_cleanser,wood_block,n4_scene0059
並排有縫,271.04936063800255,1.0,nine_hole_peg_test,wood_block,n4_scene0059
並排有縫,271.04936063800255,0.0,nine_hole_peg_test,wood_block,n4_scene0059
同物過切,6.721206295104166,1.0,nine_hole_peg_test,nine_hole_peg_test,n4_scene0059
並排有縫,308.3061741067684,1.0,wood_block,nine_hole_peg_test,n4_scene0059
並排有縫,305.80626391579955,0.0,wood_block,nine_hole_peg_test,n4_scene0059
並排有縫,220.221285514143,0.0,wood_block,bleach_cleanser,n4_scene0059
同物過切,46.48431834626987,0.0,bleach_cleanser,bleach_cleanser,n4_scene0059
同物過切,24.67134522730674,1.0,foam_brick,foam_brick,n4_scene0060
同物過切,5.562605786237462,1.0,rubiks_cube,rubiks_cube,n4_scene0061
並排有縫,138.82554220774347,1.0,mini_soccer_ball,cups,n4_scene0061
同物過切,19.820637452622204,0.2857142857142857,master_chef_can,master_chef_can,n5_scene0001
同物過切,3.063238146250591,0.0,bleach_cleanser,bleach_cleanser,n5_scene0001
同物過切,23.37996539130832,0.2,bleach_cleanser,bleach_cleanser,n5_scene0001
並排有縫,170.07995038626154,1.0,master_chef_can,bleach_cleanser,n5_scene0001
並排有縫,173.9115797440624,1.0,master_chef_can,bleach_cleanser,n5_scene0001
同物過切,5.745252425436553,1.0,scissors,scissors,n5_scene0001
同物過切,7.072038606213582,1.0,master_chef_can,master_chef_can,n5_scene0001
並排有縫,107.42605785539638,1.0,bleach_cleanser,plum,n5_scene0001
同物過切,21.44219114425211,0.5714285714285714,bleach_cleanser,bleach_cleanser,n5_scene0001
同物過切,8.900889740697709,1.0,rubiks_cube,rubiks_cube,n5_scene0002
並排有縫,158.7196001915684,0.3333333333333333,power_drill,cups,n5_scene0002
同物過切,10.91447817290192,1.0,cups,cups,n5_scene0002
並排有縫,157.468652982175,0.6666666666666666,cups,power_drill,n5_scene0002
並排有縫,133.1429797153092,1.0,power_drill,cups,n5_scene0002
同物過切,5.913529389699135,0.9166666666666666,power_drill,power_drill,n5_scene0002
並排有縫,115.73947806606266,1.0,cups,mug,n5_scene0002
並排有縫,135.51070236384217,1.0,cups,power_drill,n5_scene0002
並排有縫,100.20658721569077,1.0,cups,mug,n5_scene0002
同物過切,17.070663434106017,0.9166666666666666,power_drill,power_drill,n5_scene0002
同物過切,17.070663434106017,1.0,power_drill,power_drill,n5_scene0002
並排有縫,99.04265035586754,1.0,cups,plate,n5_scene0003
同物過切,6.250615909550228,0.5,cups,cups,n5_scene0003
同物過切,5.826145669900233,0.8928571428571429,cracker_box,cracker_box,n5_scene0003
並排有縫,172.21274319404745,0.16666666666666666,cups,foam_brick,n5_scene0003
並排有縫,12.164145299249585,1.0,softball,large_clamp,n5_scene0004
同物過切,20.60577811756289,1.0,nine_hole_peg_test,nine_hole_peg_test,n5_scene0004
同物過切,12.669967046572442,0.2857142857142857,nine_hole_peg_test,nine_hole_peg_test,n5_scene0004
同物過切,12.669967046572442,1.0,nine_hole_peg_test,nine_hole_peg_test,n5_scene0004
同物過切,5.518438824467509,0.6666666666666666,cups,cups,n5_scene0005
並排有縫,102.53712427747385,1.0,cups,lemon,n5_scene0005
並排有縫,204.4311895607222,1.0,cups,mustard_bottle,n5_scene0005
並排有縫,204.4311895607222,1.0,mustard_bottle,cups,n5_scene0005
並排有縫,222.582231919914,0.8,mini_soccer_ball,extra_large_clamp,n5_scene0006
同物過切,15.490737197145554,0.07142857142857142,sugar_box,sugar_box,n5_scene0006
同物過切,12.116089318192802,0.3076923076923077,sugar_box,sugar_box,n5_scene0006
同物過切,19.853969468545785,0.0,sugar_box,sugar_box,n5_scene0006
同物過切,6.682625081830151,0.0,sugar_box,sugar_box,n5_scene0006
同物過切,8.624452625925194,0.6923076923076923,sugar_box,sugar_box,n5_scene0006
同物過切,18.105932915915336,1.0,mini_soccer_ball,mini_soccer_ball,n5_scene0006
並排有縫,18.077674688949163,1.0,extra_large_clamp,sugar_box,n5_scene0006
並排有縫,18.077674688949163,0.0,extra_large_clamp,sugar_box,n5_scene0006
並排有縫,18.077674688949163,1.0,extra_large_clamp,sugar_box,n5_scene0006
並排有縫,18.077674688949163,1.0,extra_large_clamp,sugar_box,n5_scene0006
同物過切,32.49327497691623,0.9,cups,cups,n5_scene0006
同物過切,7.828892371345969,0.2,cups,cups,n5_scene0007
同物過切,31.77385442305014,1.0,spoon,spoon,n5_scene0007
並排有縫,171.56986478867142,1.0,pitcher_base,medium_clamp,n5_scene0008
並排有縫,402.4333325023303,1.0,tuna_fish_can,pitcher_base,n5_scene0008
同物過切,7.40665202437857,0.6666666666666666,tuna_fish_can,tuna_fish_can,n5_scene0008
並排有縫,48.65104350320038,1.0,peach,strawberry,n5_scene0009
同物過切,30.583810687096147,0.8,pudding_box,pudding_box,n5_scene0009
同物過切,4.9997519506307375,0.6666666666666666,knife,knife,n5_scene0010
同物過切,2.1654707366222103,1.0,fork,fork,n5_scene0010
並排有縫,36.47440699812541,1.0,fork,orange,n5_scene0010
並排有縫,36.47440699812541,1.0,fork,orange,n5_scene0010
同物過切,9.298252622560955,1.0,orange,orange,n5_scene0010
並排有縫,82.91282507515034,1.0,phillips_screwdriver,wood_block,n5_scene0011
同物過切,7.480841812371023,1.0,wood_block,wood_block,n5_scene0011
同物過切,7.480841812371023,0.0,wood_block,wood_block,n5_scene0011
同物過切,62.64602575710947,0.8,tomato_soup_can,tomato_soup_can,n5_scene0012
並排有縫,112.97825271933922,1.0,cups,apple,n5_scene0012
同物過切,11.508639300244567,0.2,potted_meat_can,potted_meat_can,n5_scene0012
同物過切,9.842032145570993,0.2,potted_meat_can,potted_meat_can,n5_scene0012
同物過切,11.076973069044872,1.0,mustard_bottle,mustard_bottle,n5_scene0013
同物過切,8.359840015056676,0.0,bleach_cleanser,bleach_cleanser,n5_scene0014
同物過切,11.947598225587353,0.0,bleach_cleanser,bleach_cleanser,n5_scene0014
同物過切,6.640158815840014,1.0,cups,cups,n5_scene0014
並排有縫,130.7487145647303,1.0,cups,bleach_cleanser,n5_scene0014
同物過切,23.557483865229557,1.0,bleach_cleanser,bleach_cleanser,n5_scene0014
並排有縫,196.89308889785767,1.0,master_chef_can,cups,n5_scene0014
同物過切,13.63304212531381,1.0,bleach_cleanser,bleach_cleanser,n5_scene0014
同物過切,53.761861472734594,0.4,bleach_cleanser,bleach_cleanser,n5_scene0014
並排有縫,9.573304461841792,0.0,bleach_cleanser,cups,n5_scene0014
並排有縫,200.71538601397742,1.0,bleach_cleanser,cups,n5_scene0014
並排有縫,45.17622797975673,0.0,cups,bleach_cleanser,n5_scene0014
同物過切,11.182736659037902,0.0,bleach_cleanser,bleach_cleanser,n5_scene0014
同物過切,8.625146578824628,1.0,cups,cups,n5_scene0015
並排有縫,94.30616579949513,1.0,cups,padlock,n5_scene0015
同物過切,4.505684607691297,0.7142857142857143,cups,cups,n5_scene0015
並排有縫,16.162447824976113,1.0,cups,padlock,n5_scene0015
同物過切,4.999312413946855,1.0,cups,cups,n5_scene0015
並排有縫,142.04051781949153,0.8461538461538461,mini_soccer_ball,cracker_box,n5_scene0016
並排有縫,142.3493929917147,0.25,mini_soccer_ball,cracker_box,n5_scene0016
並排有縫,142.3493929917147,1.0,mini_soccer_ball,cracker_box,n5_scene0016
同物過切,40.96641571986559,1.0,spoon,spoon,n5_scene0016
並排有縫,102.10069030184177,1.0,mini_soccer_ball,racquetball,n5_scene0016
並排有縫,134.78757241734974,1.0,mini_soccer_ball,cracker_box,n5_scene0016
同物過切,4.6615182503968455,0.9615384615384616,cracker_box,cracker_box,n5_scene0016
並排有縫,216.1576563873806,1.0,mini_soccer_ball,golf_ball,n5_scene0016
並排有縫,30.11548340481163,0.0,mini_soccer_ball,racquetball,n5_scene0016
同物過切,6.034969019243386,1.0,adjustable_wrench,adjustable_wrench,n5_scene0017
並排有縫,85.99708535094142,1.0,pudding_box,wood_block,n5_scene0019
並排有縫,85.55178367641314,1.0,wood_block,pudding_box,n5_scene0019
同物過切,40.78463985252252,0.4,wood_block,wood_block,n5_scene0019
同物過切,143.43549510167148,0.4,wood_block,wood_block,n5_scene0019
並排有縫,256.4839964632519,0.8333333333333334,pitcher_base,sponge,n5_scene0020
同物過切,11.125642870612296,0.9166666666666666,power_drill,power_drill,n5_scene0021
並排有縫,69.55110202476588,1.0,power_drill,nine_hole_peg_test,n5_scene0021
並排有縫,78.7357799475554,1.0,power_drill,tomato_soup_can,n5_scene0021
並排有縫,69.55110202476588,1.0,power_drill,nine_hole_peg_test,n5_scene0021
並排有縫,78.7357799475554,1.0,power_drill,tomato_soup_can,n5_scene0021
同物過切,7.43857266156527,0.9166666666666666,power_drill,power_drill,n5_scene0021
並排有縫,79.77630236381745,1.0,nine_hole_peg_test,tomato_soup_can,n5_scene0021
並排有縫,61.86106996784246,1.0,power_drill,tomato_soup_can,n5_scene0021
並排有縫,71.88769577326204,1.0,tomato_soup_can,nine_hole_peg_test,n5_scene0021
並排有縫,70.64660213315973,1.0,tomato_soup_can,power_drill,n5_scene0021
同物過切,5.794857571257084,1.0,nine_hole_peg_test,nine_hole_peg_test,n5_scene0021
並排有縫,133.02204766625047,0.5,tomato_soup_can,softball,n5_scene0021
並排有縫,130.17515171178286,1.0,tomato_soup_can,softball,n5_scene0021
並排有縫,21.825733342026087,1.0,nine_hole_peg_test,power_drill,n5_scene0021
同物過切,7.95527548771074,0.8333333333333334,power_drill,power_drill,n5_scene0021
並排有縫,29.311694544478126,1.0,nine_hole_peg_test,power_drill,n5_scene0021
並排有縫,7.071716676482431,0.7142857142857143,nine_hole_peg_test,power_drill,n5_scene0021
同物過切,11.83117653361052,1.0,apple,apple,n5_scene0022
同物過切,7.162524606952103,1.0,cups,cups,n5_scene0023
並排有縫,13.94337025595745,0.5,mug,plate,n5_scene0023
同物過切,16.14902564604731,0.0,sugar_box,sugar_box,n5_scene0024
同物過切,27.263942002297014,0.0,sugar_box,sugar_box,n5_scene0024
同物過切,27.263942002297014,0.0,sugar_box,sugar_box,n5_scene0024
並排有縫,356.74910319987544,0.0,sugar_box,tuna_fish_can,n5_scene0024
同物過切,8.59374538744595,0.5714285714285714,tuna_fish_can,tuna_fish_can,n5_scene0024
同物過切,8.658466785132852,0.0,sugar_box,sugar_box,n5_scene0024
同物過切,69.45705462271107,0.9090909090909091,pitcher_base,pitcher_base,n5_scene0025
並排有縫,168.5972027657232,1.0,potted_meat_can,pitcher_base,n5_scene0025
並排有縫,168.5972027657232,1.0,potted_meat_can,pitcher_base,n5_scene0025
同物過切,27.62886677908416,0.4444444444444444,master_chef_can,master_chef_can,n5_scene0025
並排有縫,172.23715500079976,0.0,master_chef_can,potted_meat_can,n5_scene0025
同物過切,9.242316517227247,0.2857142857142857,potted_meat_can,potted_meat_can,n5_scene0025
並排有縫,54.942570468705284,1.0,cups,bleach_cleanser,n5_scene0026
同物過切,5.898784094169685,0.0,bleach_cleanser,bleach_cleanser,n5_scene0026
並排有縫,171.43292858354894,1.0,peach,wood_block,n5_scene0026
同物過切,17.23681824490325,1.0,wood_block,wood_block,n5_scene0026
同物過切,10.718464784305576,0.8571428571428571,cups,cups,n5_scene0027
並排有縫,102.92716804032709,0.9230769230769231,nine_hole_peg_test,bowl,n5_scene0028
並排有縫,102.92716804032709,0.0,nine_hole_peg_test,bowl,n5_scene0028
並排有縫,97.75275524365381,0.5714285714285714,nine_hole_peg_test,bowl,n5_scene0028
同物過切,8.753966279061887,0.7,cups,cups,n5_scene0028
同物過切,6.124650287037903,0.6666666666666666,cups,cups,n5_scene0028
同物過切,6.8562914462839135,0.7142857142857143,nine_hole_peg_test,nine_hole_peg_test,n5_scene0028
同物過切,6.8562914462839135,1.0,nine_hole_peg_test,nine_hole_peg_test,n5_scene0028
並排有縫,87.41479252419798,0.9230769230769231,nine_hole_peg_test,bowl,n5_scene0028
並排有縫,87.41479252419798,0.0,nine_hole_peg_test,bowl,n5_scene0028
同物過切,4.828750520509262,0.7142857142857143,nine_hole_peg_test,nine_hole_peg_test,n5_scene0028
同物過切,4.828750520509262,1.0,nine_hole_peg_test,nine_hole_peg_test,n5_scene0028
同物過切,38.11729485143389,1.0,plate,plate,n5_scene0030
同物過切,7.800117432778475,1.0,scissors,scissors,n5_scene0030
並排有縫,159.14840868634255,1.0,plate,sugar_box,n5_scene0030
並排有縫,207.03273898238726,1.0,plate,sugar_box,n5_scene0030
同物過切,10.950928487435952,0.13333333333333333,sugar_box,sugar_box,n5_scene0030
同物過切,15.48963738873843,0.06666666666666667,sugar_box,sugar_box,n5_scene0030
同物過切,2.5018319286976176,1.0,sugar_box,sugar_box,n5_scene0030
並排有縫,57.45995103451129,1.0,orange,foam_brick,n5_scene0031
同物過切,22.388506438469243,1.0,cups,cups,n5_scene0032
並排有縫,44.81418536245041,1.0,baseball,cracker_box,n5_scene0033
並排有縫,63.756306741534154,0.0,baseball,cracker_box,n5_scene0033
並排有縫,183.2817984064402,1.0,cracker_box,extra_large_clamp,n5_scene0033
並排有縫,183.2817984064402,0.0,cracker_box,extra_large_clamp,n5_scene0033
並排有縫,158.86889026438058,0.5,cracker_box,extra_large_clamp,n5_scene0033
同物過切,14.568567070968541,0.8928571428571429,cracker_box,cracker_box,n5_scene0033
並排有縫,181.7372982407054,1.0,cracker_box,mini_soccer_ball,n5_scene0033
並排有縫,181.7372982407054,0.3333333333333333,cracker_box,mini_soccer_ball,n5_scene0033
並排有縫,210.9869589470611,1.0,cracker_box,mini_soccer_ball,n5_scene0033
同物過切,214.5114006724931,1.0,cracker_box,cracker_box,n5_scene0033
同物過切,214.5114006724931,0.4230769230769231,cracker_box,cracker_box,n5_scene0033
同物過切,8.413471816345774,0.625,tuna_fish_can,tuna_fish_can,n5_scene0034
同物過切,11.09597627680815,1.0,mustard_bottle,mustard_bottle,n5_scene0034
並排有縫,4.668027993095791,1.0,mustard_bottle,tuna_fish_can,n5_scene0034
並排有縫,22.745702682044623,1.0,mustard_bottle,tuna_fish_can,n5_scene0034
同物過切,8.65627765277499,0.8333333333333334,rubiks_cube,rubiks_cube,n5_scene0034
同物過切,17.10137213593618,0.9,cups,cups,n5_scene0034
同物過切,12.576689107799076,1.0,apple,apple,n5_scene0035
同物過切,12.984416479160487,0.2,potted_meat_can,potted_meat_can,n5_scene0036
並排有縫,222.16142828775887,1.0,potted_meat_can,golf_ball,n5_scene0036
並排有縫,222.05927994894398,0.0,potted_meat_can,golf_ball,n5_scene0036
同物過切,8.490546172331095,0.2,potted_meat_can,potted_meat_can,n5_scene0036
同物過切,12.43902545415401,1.0,power_drill,power_drill,n5_scene0037
同物過切,12.43902545415401,1.0,power_drill,power_drill,n5_scene0037
同物過切,13.660406961173987,1.0,power_drill,power_drill,n5_scene0037
同物過切,13.660406961173987,1.0,power_drill,power_drill,n5_scene0037
同物過切,8.730782688390516,0.8888888888888888,orange,orange,n5_scene0038
同物過切,8.74057474865464,1.0,apple,apple,n5_scene0038
同物過切,8.064227329061202,0.7777777777777778,cups,cups,n5_scene0039
並排有縫,103.22494778928137,1.0,cups,foam_brick,n5_scene0039
並排有縫,6.6868632464578415,0.7777777777777778,cups,cups,n5_scene0039
並排有縫,32.12887509916932,1.0,foam_brick,cups,n5_scene0039
並排有縫,85.61127890471609,1.0,foam_brick,cups,n5_scene0039
同物過切,32.30602055552468,0.4,potted_meat_can,potted_meat_can,n5_scene0039
同物過切,8.977563953071321,0.4,potted_meat_can,potted_meat_can,n5_scene0039
並排有縫,10.037797537938653,0.8571428571428571,tennis_ball,medium_clamp,n5_scene0040
並排有縫,176.6551620273643,1.0,pear,baseball,n5_scene0041
同物過切,9.106404272062829,0.0,bleach_cleanser,bleach_cleanser,n5_scene0042
並排有縫,75.58499004259356,1.0,bleach_cleanser,cups,n5_scene0042
並排有縫,72.84768159199062,0.8260869565217391,bleach_cleanser,cups,n5_scene0042
並排有縫,230.76952070380435,1.0,bleach_cleanser,large_clamp,n5_scene0042
並排有縫,23.41152403085367,1.0,bleach_cleanser,extra_large_clamp,n5_scene0042
同物過切,36.6454970174906,0.25,bleach_cleanser,bleach_cleanser,n5_scene0042
並排有縫,109.08720707806881,1.0,cups,extra_large_clamp,n5_scene0042
並排有縫,9.998674562627208,1.0,cups,large_clamp,n5_scene0042
並排有縫,138.19403192729075,0.0,bleach_cleanser,large_clamp,n5_scene0042
並排有縫,184.17745868105112,0.45454545454545453,large_clamp,bleach_cleanser,n5_scene0042
並排有縫,199.0597244757657,0.0,bleach_cleanser,cups,n5_scene0042
並排有縫,276.4335933209175,0.0,bleach_cleanser,large_clamp,n5_scene0042
並排有縫,188.5087271250705,0.1,softball,cracker_box,n5_scene0043
並排有縫,188.5087271250705,1.0,softball,cracker_box,n5_scene0043
同物過切,4.0851451729281285,0.9285714285714286,cracker_box,cracker_box,n5_scene0043
並排有縫,304.4277350212048,0.05263157894736842,cracker_box,cups,n5_scene0043
並排有縫,304.4277350212048,1.0,cracker_box,cups,n5_scene0043
並排有縫,205.39282264728115,0.0,cracker_box,strawberry,n5_scene0043
並排有縫,205.39282264728115,1.0,cracker_box,strawberry,n5_scene0043
並排有縫,252.7627014872764,0.0,sugar_box,banana,n5_scene0044
並排有縫,127.28964173853208,1.0,sugar_box,banana,n5_scene0044
同物過切,11.937785760178155,0.06666666666666667,sugar_box,sugar_box,n5_scene0044
同物過切,13.319252554727768,0.06666666666666667,sugar_box,sugar_box,n5_scene0044
同物過切,12.069938038486573,1.0,sugar_box,sugar_box,n5_scene0044
並排有縫,159.96227310701516,0.46153846153846156,peach,sugar_box,n5_scene0044
並排有縫,102.32761610018831,1.0,rubiks_cube,banana,n5_scene0044
並排有縫,258.09726543344954,0.3,banana,sugar_box,n5_scene0044
同物過切,13.204273743073463,0.0,sugar_box,sugar_box,n5_scene0044
同物過切,5.562605786238017,1.0,mug,mug,n5_scene0045
同物過切,4.998859513072773,1.0,fork,fork,n5_scene0046
同物過切,4.92035162324439,0.5,knife,knife,n5_scene0046
並排有縫,173.05529986620627,1.0,mustard_bottle,master_chef_can,n5_scene0046
同物過切,12.940404976833381,1.0,cups,cups,n5_scene0046
並排有縫,121.34846415397193,1.0,knife,mustard_bottle,n5_scene0046
並排有縫,111.99270742571292,1.0,cups,mustard_bottle,n5_scene0046
並排有縫,120.66733787541095,1.0,cups,mustard_bottle,n5_scene0046
同物過切,13.661628970516592,0.2857142857142857,master_chef_can,master_chef_can,n5_scene0046
同物過切,9.999997731465072,1.0,mustard_bottle,mustard_bottle,n5_scene0046
並排有縫,177.78360588105875,0.0,tomato_soup_can,nine_hole_peg_test,n5_scene0047
並排有縫,177.78360588105875,1.0,tomato_soup_can,nine_hole_peg_test,n5_scene0047
同物過切,8.474335658089554,1.0,scissors,scissors,n5_scene0047
同物過切,9.112992605335156,1.0,nine_hole_peg_test,nine_hole_peg_test,n5_scene0047
並排有縫,22.26881527543715,1.0,cups,wood_block,n5_scene0048
並排有縫,42.160168987131485,1.0,cups,wood_block,n5_scene0048
並排有縫,195.87443193693028,1.0,wood_block,plate,n5_scene0048
並排有縫,204.4097636539834,0.0,wood_block,plate,n5_scene0048
同物過切,75.64456621600785,0.5,wood_block,wood_block,n5_scene0048
同物過切,13.921621765702302,0.5,wood_block,wood_block,n5_scene0048
同物過切,146.2351463251036,1.0,wood_block,wood_block,n5_scene0048
並排有縫,149.4951932266041,1.0,cups,wood_block,n5_scene0048
並排有縫,125.7426923354591,0.0,cups,wood_block,n5_scene0048
並排有縫,130.035683010426,0.0,cups,wood_block,n5_scene0048
並排有縫,52.287471525735214,1.0,cups,power_drill,n5_scene0049
同物過切,9.192561296816004,1.0,cups,cups,n5_scene0049
並排有縫,135.63398250851787,1.0,cups,pitcher_base,n5_scene0049
並排有縫,52.247306505171395,1.0,power_drill,cups,n5_scene0049
同物過切,8.064493676912921,1.0,power_drill,power_drill,n5_scene0049
並排有縫,192.16193731871158,1.0,racquetball,pitcher_base,n5_scene0049
同物過切,18.743239973306153,1.0,power_drill,power_drill,n5_scene0050
同物過切,30.599513508851512,1.0,power_drill,power_drill,n5_scene0050
同物過切,7.595003311312354,1.0,scissors,scissors,n5_scene0050
同物過切,4.297514764172304,0.2857142857142857,nine_hole_peg_test,nine_hole_peg_test,n5_scene0050
同物過切,26.64170800567106,1.0,nine_hole_peg_test,nine_hole_peg_test,n5_scene0050
同物過切,25.00167374124762,0.16666666666666666,nine_hole_peg_test,nine_hole_peg_test,n5_scene0050
同物過切,9.929965244651607,1.0,mug,mug,n5_scene0051
同物過切,19.749664198401906,1.0,mug,mug,n5_scene0051
並排有縫,75.68009813528512,1.0,cups,softball,n5_scene0051
並排有縫,235.60632635038132,1.0,softball,cups,n5_scene0051
並排有縫,97.15322566172492,1.0,lemon,potted_meat_can,n5_scene0052
並排有縫,98.76026259080746,0.0,lemon,potted_meat_can,n5_scene0052
同物過切,29.96701468892715,0.0,potted_meat_can,potted_meat_can,n5_scene0052
同物過切,33.13565938632364,1.0,spoon,spoon,n5_scene0052
同物過切,17.387245985771095,0.2,potted_meat_can,potted_meat_can,n5_scene0052
並排有縫,74.37185232880373,0.0,plum,potted_meat_can,n5_scene0052
並排有縫,57.67396845302896,1.0,plate,orange,n5_scene0053
同物過切,41.34594315751561,0.5,wood_block,wood_block,n5_scene0053
同物過切,7.152752467717559,1.0,wood_block,wood_block,n5_scene0053
同物過切,105.41605047018628,0.6666666666666666,wood_block,wood_block,n5_scene0053
同物過切,34.13488827359179,0.42857142857142855,bleach_cleanser,bleach_cleanser,n5_scene0054
同物過切,12.244368271794425,0.07142857142857142,sugar_box,sugar_box,n5_scene0054
同物過切,6.705995354404182,0.8888888888888888,cups,cups,n5_scene0056
並排有縫,104.4213588948378,1.0,cups,medium_clamp,n5_scene0056
並排有縫,114.49729006541568,0.0,extra_large_clamp,cups,n5_scene0056
並排有縫,61.36944113175258,1.0,cups,extra_large_clamp,n5_scene0056
同物過切,8.064227329061923,1.0,tuna_fish_can,tuna_fish_can,n5_scene0057
並排有縫,111.85026301147649,0.8888888888888888,banana,tennis_ball,n5_scene0057
同物過切,14.167975461595233,1.0,tuna_fish_can,tuna_fish_can,n5_scene0057
並排有縫,21.825733342025533,0.9230769230769231,tennis_ball,rubiks_cube,n5_scene0057
同物過切,6.159863888645756,0.8,rubiks_cube,rubiks_cube,n5_scene0057
同物過切,6.433438817325637,1.0,padlock,padlock,n5_scene0058
並排有縫,188.08140232925402,1.0,pitcher_base,baseball,n5_scene0058
同物過切,4.999312413945689,1.0,fork,fork,n5_scene0058
並排有縫,144.00448377301498,1.0,pitcher_base,fork,n5_scene0058
並排有縫,195.72107655728743,1.0,pitcher_base,adjustable_wrench,n5_scene0058
並排有縫,226.2942385670744,1.0,cups,cracker_box,n5_scene0059
同物過切,4.0851451729280175,0.9615384615384616,cracker_box,cracker_box,n5_scene0059
並排有縫,6.250615909550272,1.0,cups,foam_brick,n5_scene0059
並排有縫,7.496117306154348,0.0,foam_brick,cups,n5_scene0059
並排有縫,26.637529301328122,1.0,cups,racquetball,n5_scene0059
並排有縫,14.572616875787814,1.0,cracker_box,racquetball,n5_scene0059
同物過切,26.481551826285866,1.0,cups,cups,n5_scene0059
並排有縫,166.3362459633487,1.0,mini_soccer_ball,master_chef_can,n5_scene0060
並排有縫,166.3362459633487,1.0,mini_soccer_ball,master_chef_can,n5_scene0060
同物過切,14.99999659719753,0.375,master_chef_can,master_chef_can,n5_scene0060
同物過切,85.42544660180741,1.0,mini_soccer_ball,mini_soccer_ball,n5_scene0060
同物過切,104.40566125917728,1.0,mini_soccer_ball,mini_soccer_ball,n5_scene0060
並排有縫,66.48297106699754,1.0,large_clamp,sponge,n5_scene0061
同物過切,9.570085164531006,1.0,mustard_bottle,mustard_bottle,n5_scene0061
同物過切,14.497112118405548,1.0,mustard_bottle,mustard_bottle,n5_scene0061
同物過切,7.047574752058816,0.0,bleach_cleanser,bleach_cleanser,occ3_scene0001
並排有縫,87.35850738093521,1.0,bleach_cleanser,peach,occ3_scene0001
並排有縫,99.5699233501538,1.0,bleach_cleanser,peach,occ3_scene0001
同物過切,21.44795673813001,0.0,bleach_cleanser,bleach_cleanser,occ3_scene0001
並排有縫,71.3504154465856,1.0,peach,wood_block,occ3_scene0001
同物過切,38.41078951986407,0.5,bleach_cleanser,bleach_cleanser,occ3_scene0001
並排有縫,89.42501291415707,0.5,bleach_cleanser,wood_block,occ3_scene0001
並排有縫,95.25014394900774,1.0,bleach_cleanser,wood_block,occ3_scene0001
並排有縫,106.86460694846855,0.0,bleach_cleanser,wood_block,occ3_scene0001
並排有縫,19.660262605403766,0.0,wood_block,bleach_cleanser,occ3_scene0001
同物過切,112.21841055622816,1.0,wood_block,wood_block,occ3_scene0001
並排有縫,17.218092255595664,0.2,bleach_cleanser,wood_block,occ3_scene0001
並排有縫,95.5246612728858,1.0,wood_block,bleach_cleanser,occ3_scene0001
同物過切,15.490248393407901,0.0,bleach_cleanser,bleach_cleanser,occ3_scene0001
並排有縫,109.4755981380709,1.0,bleach_cleanser,wood_block,occ3_scene0001
並排有縫,39.98151744170031,0.9090909090909091,plum,apple,occ3_scene0002
並排有縫,51.69530328801862,0.9,plum,apple,occ3_scene0002
並排有縫,136.45728531791136,1.0,apple,cups,occ3_scene0002
同物過切,21.1484302793284,1.0,apple,apple,occ3_scene0002
並排有縫,40.17736846668474,1.0,plum,mustard_bottle,occ3_scene0003
並排有縫,113.06194141488032,1.0,baseball,plum,occ3_scene0003
並排有縫,150.63777158409118,1.0,baseball,mustard_bottle,occ3_scene0003
並排有縫,152.04238985819092,1.0,pitcher_base,foam_brick,occ3_scene0004
並排有縫,57.8669590498357,1.0,tennis_ball,mug,occ3_scene0005
同物過切,5.562605786237462,0.625,cups,cups,occ3_scene0005
並排有縫,54.0609525350646,0.3333333333333333,tennis_ball,mug,occ3_scene0005
並排有縫,108.8069514529948,0.75,cups,mug,occ3_scene0005
同物過切,6.252959922505519,0.6666666666666666,mug,mug,occ3_scene0005
並排有縫,66.7239202885666,1.0,large_clamp,cups,occ3_scene0006
並排有縫,86.9144216432826,1.0,cups,baseball,occ3_scene0006
並排有縫,36.06482521572458,0.9090909090909091,large_clamp,baseball,occ3_scene0006
並排有縫,52.247306505171174,1.0,sponge,foam_brick,occ3_scene0007
並排有縫,113.32976642854723,1.0,foam_brick,padlock,occ3_scene0007
同物過切,5.294419382419857,1.0,scissors,scissors,occ3_scene0008
並排有縫,85.9616944843633,1.0,scissors,cups,occ3_scene0008
同物過切,6.456719873014549,1.0,scissors,scissors,occ3_scene0008
並排有縫,108.4664569902807,1.0,softball,gelatin_box,occ3_scene0009
並排有縫,105.9571325366554,1.0,softball,gelatin_box,occ3_scene0009
並排有縫,81.1905313352263,1.0,cups,pudding_box,occ3_scene0011
並排有縫,111.08027011276589,1.0,cups,pudding_box,occ3_scene0011
並排有縫,81.3855389067536,1.0,cups,pudding_box,occ3_scene0011
並排有縫,57.51504255637952,1.0,cups,cups,occ3_scene0011
同物過切,4.663207790935098,1.0,padlock,padlock,occ3_scene0012
並排有縫,75.36523761627998,1.0,strawberry,cups,occ3_scene0012
同物過切,69.41143321981055,0.5,tomato_soup_can,tomato_soup_can,occ3_scene0013
並排有縫,103.22494778928149,1.0,tomato_soup_can,cups,occ3_scene0013
並排有縫,49.777485206702664,1.0,tomato_soup_can,golf_ball,occ3_scene0013
同物過切,7.722760609661206,0.875,cups,cups,occ3_scene0013
並排有縫,85.6221246315142,0.0,tomato_soup_can,golf_ball,occ3_scene0013
並排有縫,140.30570202760828,0.125,tomato_soup_can,cups,occ3_scene0013
同物過切,7.019606617029307,1.0,mustard_bottle,mustard_bottle,occ3_scene0014
並排有縫,16.65435374909079,1.0,mustard_bottle,sugar_box,occ3_scene0014
並排有縫,69.2368131424207,1.0,mustard_bottle,sugar_box,occ3_scene0014
同物過切,12.07135102015988,0.06666666666666667,sugar_box,sugar_box,occ3_scene0014
並排有縫,68.27081669811892,0.875,padlock,apple,occ3_scene0015
並排有縫,66.07163730951137,0.875,padlock,apple,occ3_scene0015
同物過切,23.39930678518656,1.0,apple,apple,occ3_scene0015
同物過切,32.14249960069515,0.0,bleach_cleanser,bleach_cleanser,occ3_scene0016
同物過切,7.3324569072449055,0.42105263157894735,bleach_cleanser,bleach_cleanser,occ3_scene0016
同物過切,8.531213122116688,1.0,bleach_cleanser,bleach_cleanser,occ3_scene0016
同物過切,15.740083194425484,0.6842105263157895,bleach_cleanser,bleach_cleanser,occ3_scene0016
並排有縫,121.48829343451328,1.0,cracker_box,softball,occ3_scene0017
並排有縫,137.76112743335406,1.0,cracker_box,softball,occ3_scene0017
並排有縫,137.76112743335406,0.3,cracker_box,softball,occ3_scene0017
同物過切,8.016821790935381,0.9285714285714286,cracker_box,cracker_box,occ3_scene0017
並排有縫,199.0859959799407,0.0,golf_ball,cracker_box,occ3_scene0017
並排有縫,4.668027993095847,1.0,plum,flat_screwdriver,occ3_scene0018
同物過切,8.637291604681353,1.0,tuna_fish_can,tuna_fish_can,occ3_scene0019
並排有縫,113.22629058438531,1.0,padlock,softball,occ3_scene0019
並排有縫,128.22915542189727,1.0,tuna_fish_can,softball,occ3_scene0019
並排有縫,143.78656327904204,1.0,mini_soccer_ball,wood_block,occ3_scene0020
並排有縫,78.42433457734276,0.9230769230769231,mini_soccer_ball,wood_block,occ3_scene0020
並排有縫,141.51544867178444,1.0,wood_block,orange,occ3_scene0020
並排有縫,129.06794850058745,1.0,mini_soccer_ball,orange,occ3_scene0020
同物過切,11.160836941668917,1.0,wood_block,wood_block,occ3_scene0020
同物過切,13.794719281430725,1.0,wood_block,wood_block,occ3_scene0020
同物過切,72.68511149837151,0.6,wood_block,wood_block,occ3_scene0020
同物過切,130.26530945015043,0.4,wood_block,wood_block,occ3_scene0020
並排有縫,178.55513887634226,0.0,orange,wood_block,occ3_scene0020
同物過切,35.82893329109463,0.4,master_chef_can,master_chef_can,occ4_scene0001
並排有縫,75.11971108514648,0.0,cups,master_chef_can,occ4_scene0001
並排有縫,53.85590813700523,1.0,cups,strawberry,occ4_scene0001
並排有縫,44.231837515687715,1.0,master_chef_can,cups,occ4_scene0001
同物過切,5.3027412357360415,1.0,master_chef_can,master_chef_can,occ4_scene0001
並排有縫,86.36306657128523,1.0,master_chef_can,cups,occ4_scene0001
同物過切,86.36306657128523,1.0,cups,cups,occ4_scene0001
並排有縫,49.80734482223792,1.0,mustard_bottle,master_chef_can,occ4_scene0002
並排有縫,67.52358563951961,1.0,mustard_bottle,master_chef_can,occ4_scene0002
並排有縫,74.40456555613906,1.0,master_chef_can,mustard_bottle,occ4_scene0002
同物過切,11.159614932327312,0.3333333333333333,master_chef_can,master_chef_can,occ4_scene0002
並排有縫,50.592473018922554,0.0,master_chef_can,cups,occ4_scene0002
同物過切,40.1753927296371,1.0,bleach_cleanser,bleach_cleanser,occ4_scene0003
同物過切,7.026538677642108,0.45454545454545453,bleach_cleanser,bleach_cleanser,occ4_scene0003
並排有縫,65.32768833108008,1.0,bleach_cleanser,pudding_box,occ4_scene0003
並排有縫,65.32768833108008,1.0,bleach_cleanser,pudding_box,occ4_scene0003
並排有縫,81.2851533269126,1.0,pudding_box,cups,occ4_scene0003
並排有縫,81.2851533269126,1.0,pudding_box,cups,occ4_scene0003
並排有縫,114.81060999584962,0.2857142857142857,pudding_box,bleach_cleanser,occ4_scene0003
並排有縫,114.81060999584962,0.8571428571428571,pudding_box,bleach_cleanser,occ4_scene0003
同物過切,8.416086646172438,0.4444444444444444,bleach_cleanser,bleach_cleanser,occ4_scene0003
同物過切,21.64465548200156,1.0,bleach_cleanser,bleach_cleanser,occ4_scene0003
並排有縫,212.89275471513952,0.0,bleach_cleanser,pudding_box,occ4_scene0003
並排有縫,212.89275471513952,0.0,bleach_cleanser,pudding_box,occ4_scene0003
並排有縫,219.4905079234645,0.0,bleach_cleanser,pudding_box,occ4_scene0003
並排有縫,219.4905079234645,0.0,bleach_cleanser,pudding_box,occ4_scene0003
並排有縫,59.28134779071314,1.0,cups,strawberry,occ4_scene0003
並排有縫,238.00860829021607,0.0,bleach_cleanser,pudding_box,occ4_scene0003
並排有縫,265.3893888947387,0.0,bleach_cleanser,pudding_box,occ4_scene0003
並排有縫,73.91507697277723,1.0,pudding_box,cups,occ4_scene0003
並排有縫,47.10291957548723,0.9,gelatin_box,pear,occ4_scene0004
並排有縫,81.48707627874535,1.0,pear,mug,occ4_scene0004
並排有縫,80.21825256373012,0.46153846153846156,pear,mug,occ4_scene0004
同物過切,33.32726006483932,0.5384615384615384,mug,mug,occ4_scene0004
同物過切,27.678721343426528,0.875,cups,cups,occ4_scene0005
同物過切,10.311401349395787,1.0,cups,cups,occ4_scene0005
並排有縫,29.333751539931786,0.8333333333333334,cups,cups,occ4_scene0005
並排有縫,99.19736171851112,0.625,cups,cups,occ4_scene0005
並排有縫,99.19736171851112,0.5,cups,cups,occ4_scene0005
並排有縫,29.333751539931786,0.8333333333333334,cups,cups,occ4_scene0005
並排有縫,118.47137047873235,1.0,cups,cups,occ4_scene0005
並排有縫,64.56878514932518,1.0,cups,cups,occ4_scene0005
並排有縫,54.11573847191864,1.0,cups,cups,occ4_scene0005
並排有縫,22.000809712932945,1.0,softball,cups,occ4_scene0006
同物過切,8.624452625925038,1.0,cups,cups,occ4_scene0006
並排有縫,80.66402444451666,0.95,softball,cups,occ4_scene0006
同物過切,8.973263787939612,1.0,cups,cups,occ4_scene0006
並排有縫,78.7811855733761,1.0,softball,cups,occ4_scene0006
同物過切,40.619347692393724,1.0,rubiks_cube,rubiks_cube,occ4_scene0007
並排有縫,65.13583854645202,1.0,rubiks_cube,lemon,occ4_scene0007
並排有縫,62.0360120657959,1.0,wood_block,golf_ball,occ4_scene0008
並排有縫,58.0295078885936,1.0,golf_ball,cups,occ4_scene0008
並排有縫,133.34286890201724,1.0,wood_block,cups,occ4_scene0008
並排有縫,137.38236896517813,1.0,wood_block,cups,occ4_scene0008
同物過切,53.15028869853544,0.8333333333333334,cups,cups,occ4_scene0008
同物過切,150.5661487511372,1.0,wood_block,wood_block,occ4_scene0008
並排有縫,101.90082326758116,1.0,tomato_soup_can,bowl,occ4_scene0009
並排有縫,68.20850236860863,1.0,tomato_soup_can,racquetball,occ4_scene0009
並排有縫,106.97636032268048,0.5,bowl,tomato_soup_can,occ4_scene0009
並排有縫,71.55531346277783,0.0,tomato_soup_can,racquetball,occ4_scene0009
並排有縫,9.183384028380592,0.9166666666666666,racquetball,tennis_ball,occ4_scene0009
並排有縫,67.70653057716413,1.0,tomato_soup_can,tennis_ball,occ4_scene0009
並排有縫,71.83351765316631,0.0,tomato_soup_can,tennis_ball,occ4_scene0009
並排有縫,28.5094433989009,1.0,bowl,racquetball,occ4_scene0009
並排有縫,58.30192171383697,1.0,cups,peach,occ4_scene0010
並排有縫,99.60416954713868,1.0,peach,bleach_cleanser,occ4_scene0010
並排有縫,94.25096761361556,1.0,peach,bleach_cleanser,occ4_scene0010
同物過切,16.17861560282122,0.0,bleach_cleanser,bleach_cleanser,occ4_scene0010
同物過切,10.59243582195639,0.46153846153846156,bleach_cleanser,bleach_cleanser,occ4_scene0010
並排有縫,11.71972466877258,1.0,bleach_cleanser,flat_screwdriver,occ4_scene0010
並排有縫,17.82188086843417,0.0,bleach_cleanser,flat_screwdriver,occ4_scene0010
並排有縫,59.231479977259,1.0,pitcher_base,cups,occ4_scene0011
並排有縫,12.073140934702076,1.0,pitcher_base,cups,occ4_scene0011
同物過切,6.250615909550117,0.5,cups,cups,occ4_scene0011
同物過切,33.529896149797366,0.8888888888888888,cups,cups,occ4_scene0011
並排有縫,6.686863246457397,0.5714285714285714,cups,mug,occ4_scene0011
並排有縫,50.90762747415373,1.0,mug,cups,occ4_scene0011
同物過切,6.686863246457397,0.8571428571428571,mug,mug,occ4_scene0011
並排有縫,94.06791438553341,1.0,pitcher_base,cups,occ4_scene0011
並排有縫,16.82694363269155,1.0,pitcher_base,mug,occ4_scene0011
並排有縫,107.60113777251647,1.0,pitcher_base,cups,occ4_scene0011
並排有縫,60.80088072867296,1.0,cups,mug,occ4_scene0011
並排有縫,218.10200415462253,1.0,cups,wood_block,occ4_scene0012
並排有縫,92.23864692286932,1.0,cups,plum,occ4_scene0012
並排有縫,229.40954502102468,0.0,cups,wood_block,occ4_scene0012
同物過切,96.74484009784254,0.6666666666666666,wood_block,wood_block,occ4_scene0012
同物過切,4.328138826386829,1.0,wood_block,wood_block,occ4_scene0012
同物過切,113.57184791011323,0.3333333333333333,wood_block,wood_block,occ4_scene0012
並排有縫,94.04156376090155,1.0,cups,banana,occ4_scene0013
並排有縫,57.61327110592681,1.0,peach,cups,occ4_scene0013
並排有縫,52.982725316860765,0.625,peach,cups,occ4_scene0013
並排有縫,76.81519405039306,1.0,mustard_bottle,racquetball,occ4_scene0014
同物過切,6.624461268795434,1.0,spatula,spatula,occ4_scene0014
並排有縫,43.19406211164717,1.0,banana,foam_brick,occ4_scene0015
並排有縫,116.29371209839812,1.0,foam_brick,wood_block,occ4_scene0015
並排有縫,80.10457759754595,1.0,wood_block,sugar_box,occ4_scene0015
並排有縫,80.10457759754595,1.0,wood_block,sugar_box,occ4_scene0015
同物過切,8.817371895864511,0.3076923076923077,sugar_box,sugar_box,occ4_scene0015
並排有縫,74.81256972489425,1.0,wood_block,sugar_box,occ4_scene0015
並排有縫,78.31411236823348,1.0,sugar_box,wood_block,occ4_scene0015
並排有縫,75.72302247157059,1.0,sugar_box,wood_block,occ4_scene0015
並排有縫,79.28739349465712,1.0,sugar_box,wood_block,occ4_scene0015
並排有縫,78.54371858661818,1.0,wood_block,sugar_box,occ4_scene0015
同物過切,15.610589620576821,0.0,sugar_box,sugar_box,occ4_scene0015
同物過切,12.501231819100344,0.15384615384615385,sugar_box,sugar_box,occ4_scene0015
並排有縫,87.8506240308159,1.0,sugar_box,wood_block,occ4_scene0015
同物過切,8.952937338391088,0.0,sugar_box,sugar_box,occ4_scene0015
同物過切,9.745544518808215,0.0,sugar_box,sugar_box,occ4_scene0015
同物過切,119.18945127646963,0.5,wood_block,wood_block,occ4_scene0015
同物過切,8.659670957851585,0.0,sugar_box,sugar_box,occ4_scene0015
並排有縫,108.50514095360879,1.0,wood_block,sugar_box,occ4_scene0015
同物過切,14.488192226896013,0.0,sugar_box,sugar_box,occ4_scene0015
並排有縫,152.75270533917634,1.0,wood_block,sugar_box,occ4_scene0015
並排有縫,67.04991178007913,1.0,strawberry,gelatin_box,occ4_scene0016
同物過切,41.88671407312877,0.6,cups,cups,occ4_scene0017
同物過切,5.562605786238128,0.8461538461538461,cups,cups,occ4_scene0017
並排有縫,74.16285744015663,1.0,cups,cups,occ4_scene0017
並排有縫,82.98501227670627,1.0,mug,cups,occ4_scene0017
同物過切,6.252959922505963,0.7777777777777778,mug,mug,occ4_scene0017
並排有縫,104.59357915705885,0.4666666666666667,cups,mug,occ4_scene0017
並排有縫,130.3946261585185,0.9411764705882353,cups,mug,occ4_scene0017
並排有縫,83.12011059332602,0.5333333333333333,cups,cups,occ4_scene0017
並排有縫,82.3813328695967,0.15384615384615385,cups,cups,occ4_scene0017
並排有縫,118.16807319259959,1.0,cups,sponge,occ4_scene0018
並排有縫,88.82831389798443,1.0,cups,sponge,occ4_scene0018
同物過切,6.122399784965982,0.6,cups,cups,occ4_scene0018
並排有縫,105.1667753333777,0.0,sponge,cups,occ4_scene0018
並排有縫,93.28713149052604,1.0,cups,cups,occ4_scene0018
並排有縫,92.42627641996481,1.0,cups,cups,occ4_scene0018
並排有縫,68.18387513105966,1.0,apple,tomato_soup_can,occ4_scene0019
並排有縫,67.63230621860016,1.0,apple,tomato_soup_can,occ4_scene0019
並排有縫,72.72972205963269,1.0,tennis_ball,apple,occ4_scene0020
並排有縫,37.81372198248877,0.9090909090909091,gelatin_box,apple,occ4_scene0020
並排有縫,51.22231113550306,1.0,pear,sponge,occ5_scene0001
同物過切,8.817371895865232,0.0,bleach_cleanser,bleach_cleanser,occ5_scene0001
並排有縫,68.38856508029474,0.5,bleach_cleanser,medium_clamp,occ5_scene0001
同物過切,7.9757571216957714,0.0,bleach_cleanser,bleach_cleanser,occ5_scene0001
並排有縫,72.04043265430252,1.0,bleach_cleanser,medium_clamp,occ5_scene0001
並排有縫,18.077890842083665,1.0,pear,pudding_box,occ5_scene0001
並排有縫,39.58882329054478,1.0,sponge,bleach_cleanser,occ5_scene0001
並排有縫,38.74520404004713,1.0,sponge,bleach_cleanser,occ5_scene0001
並排有縫,205.03645451759186,1.0,pudding_box,bleach_cleanser,occ5_scene0001
同物過切,18.110245827550386,1.0,bleach_cleanser,bleach_cleanser,occ5_scene0001
同物過切,40.966633130068374,0.25,bleach_cleanser,bleach_cleanser,occ5_scene0001
同物過切,50.63976848600319,0.42857142857142855,bleach_cleanser,bleach_cleanser,occ5_scene0001
並排有縫,237.98178869820498,0.0,pudding_box,bleach_cleanser,occ5_scene0001
並排有縫,237.98178869820498,1.0,bleach_cleanser,pudding_box,occ5_scene0001
並排有縫,237.98178869820495,0.0,bleach_cleanser,pudding_box,occ5_scene0001
並排有縫,107.6692594724733,1.0,cups,phillips_screwdriver,occ5_scene0002
並排有縫,88.47921675354542,1.0,cups,phillips_screwdriver,occ5_scene0002
並排有縫,92.37880975425756,1.0,cups,potted_meat_can,occ5_scene0002
同物過切,9.410343621942829,0.3333333333333333,potted_meat_can,potted_meat_can,occ5_scene0002
並排有縫,94.88616514155979,1.0,cups,potted_meat_can,occ5_scene0002
並排有縫,103.56384114529783,1.0,cups,potted_meat_can,occ5_scene0002
並排有縫,135.062654151615,1.0,cups,phillips_screwdriver,occ5_scene0002
同物過切,6.179097092513987,1.0,cups,cups,occ5_scene0002
同物過切,9.65879481793075,0.3333333333333333,potted_meat_can,potted_meat_can,occ5_scene0002
並排有縫,89.47353355775326,1.0,foam_brick,gelatin_box,occ5_scene0003
並排有縫,52.03447755725597,1.0,cups,potted_meat_can,occ5_scene0003
並排有縫,15.082038733109759,1.0,potted_meat_can,gelatin_box,occ5_scene0003
同物過切,8.66065591749221,0.2,potted_meat_can,potted_meat_can,occ5_scene0003
並排有縫,79.3187491518814,1.0,cups,gelatin_box,occ5_scene0003
並排有縫,57.680496230837264,1.0,cups,potted_meat_can,occ5_scene0003
並排有縫,102.90115972711078,1.0,pear,cups,occ5_scene0003
同物過切,8.66065591749221,1.0,potted_meat_can,potted_meat_can,occ5_scene0003
並排有縫,91.68487032254124,0.0,potted_meat_can,gelatin_box,occ5_scene0003
並排有縫,63.4463518065802,1.0,potted_meat_can,cups,occ5_scene0003
並排有縫,82.08992347981523,1.0,mug,cups,occ5_scene0004
同物過切,19.4035761066057,1.0,bleach_cleanser,bleach_cleanser,occ5_scene0005
同物過切,10.347864017571872,0.0,bleach_cleanser,bleach_cleanser,occ5_scene0005
同物過切,11.08154902909368,0.4,bleach_cleanser,bleach_cleanser,occ5_scene0005
並排有縫,49.66245929669561,1.0,bleach_cleanser,peach,occ5_scene0005
並排有縫,18.000971573313016,0.7692307692307693,bleach_cleanser,peach,occ5_scene0005
並排有縫,47.44751425984694,1.0,orange,cups,occ5_scene0005
並排有縫,17.27570201129691,1.0,bleach_cleanser,orange,occ5_scene0005
並排有縫,52.41365509513045,0.6923076923076923,peach,bleach_cleanser,occ5_scene0005
並排有縫,143.20763544776437,1.0,orange,cups,occ5_scene0005
並排有縫,57.47155679533472,1.0,peach,cups,occ5_scene0005
並排有縫,60.11385484967452,1.0,peach,cups,occ5_scene0005
同物過切,8.357798364155714,1.0,cups,cups,occ5_scene0005
並排有縫,202.08254260246758,0.0,bleach_cleanser,cups,occ5_scene0005
並排有縫,196.86227389683347,1.0,bleach_cleanser,cups,occ5_scene0005
同物過切,25.338022621826884,0.0,bleach_cleanser,bleach_cleanser,occ5_scene0005
並排有縫,100.1639635458672,1.0,tomato_soup_can,racquetball,occ5_scene0006
並排有縫,52.34086579277664,1.0,tomato_soup_can,baseball,occ5_scene0006
並排有縫,167.21387532594622,0.0,tomato_soup_can,racquetball,occ5_scene0006
並排有縫,95.61913800189164,0.9,bowl,racquetball,occ5_scene0006
並排有縫,30.24331622437959,0.8461538461538461,bowl,foam_brick,occ5_scene0006
並排有縫,14.666702555722889,0.9473684210526315,bowl,tomato_soup_can,occ5_scene0006
並排有縫,62.98619723287035,1.0,racquetball,foam_brick,occ5_scene0006
同物過切,73.28045551174122,0.5,tomato_soup_can,tomato_soup_can,occ5_scene0006
並排有縫,92.35412905962993,1.0,tomato_soup_can,foam_brick,occ5_scene0006
並排有縫,48.80540674674688,0.0,tomato_soup_can,baseball,occ5_scene0006
並排有縫,94.95189813160809,0.0,tomato_soup_can,foam_brick,occ5_scene0006
並排有縫,69.31740718390289,1.0,orange,tomato_soup_can,occ5_scene0007
並排有縫,42.712864666140774,0.9230769230769231,peach,tennis_ball,occ5_scene0007
並排有縫,156.29140495483003,1.0,orange,tennis_ball,occ5_scene0007
並排有縫,120.65296111949019,1.0,tomato_soup_can,tennis_ball,occ5_scene0007
同物過切,5.165984574953711,0.3333333333333333,tomato_soup_can,tomato_soup_can,occ5_scene0007
並排有縫,119.49119154955878,0.0,tomato_soup_can,tennis_ball,occ5_scene0007
並排有縫,49.640654791673676,1.0,peach,tomato_soup_can,occ5_scene0007
並排有縫,55.26730701488569,0.0,peach,tomato_soup_can,occ5_scene0007
並排有縫,28.651396216292333,0.8571428571428571,foam_brick,tennis_ball,occ5_scene0008
同物過切,67.44585076049803,0.75,cracker_box,cracker_box,occ5_scene0008
並排有縫,126.88510871374916,0.7142857142857143,cracker_box,foam_brick,occ5_scene0008
並排有縫,165.65280369114416,0.0,cracker_box,foam_brick,occ5_scene0008
並排有縫,165.65280369114416,1.0,cracker_box,foam_brick,occ5_scene0008
同物過切,4.668027993095681,0.9230769230769231,cracker_box,cracker_box,occ5_scene0008
並排有縫,60.37094406460225,0.0,cracker_box,tennis_ball,occ5_scene0008
並排有縫,60.37094406460225,1.0,cracker_box,tennis_ball,occ5_scene0008
並排有縫,43.53618987944574,1.0,cups,peach,occ5_scene0009
並排有縫,14.187058412163168,1.0,cups,wood_block,occ5_scene0009
並排有縫,73.54989833203595,0.875,cups,softball,occ5_scene0009
並排有縫,120.36206676063904,1.0,peach,wood_block,occ5_scene0009
並排有縫,90.98057951748528,1.0,wood_block,softball,occ5_scene0009
並排有縫,72.17805718349734,0.0,phillips_screwdriver,wood_block,occ5_scene0009
並排有縫,70.03993979836132,1.0,phillips_screwdriver,wood_block,occ5_scene0009
同物過切,6.124650287038458,0.875,cups,cups,occ5_scene0009
並排有縫,89.75423061665856,1.0,cups,softball,occ5_scene0009
並排有縫,55.45183551302289,0.875,peach,softball,occ5_scene0009
同物過切,14.485827174091192,1.0,wood_block,wood_block,occ5_scene0009
並排有縫,87.51479209935457,1.0,lemon,wood_block,occ5_scene0010
並排有縫,86.68816747575653,1.0,pear,cups,occ5_scene0010
並排有縫,80.72678540196787,1.0,wood_block,cups,occ5_scene0010
並排有縫,77.10801824527638,1.0,cups,wood_block,occ5_scene0010
同物過切,148.7979150065785,0.25,wood_block,wood_block,occ5_scene0010
同物過切,9.330995509433947,1.0,wood_block,wood_block,occ5_scene0010
同物過切,106.82586011260453,0.25,wood_block,wood_block,occ5_scene0010
同物過切,14.363778544196482,0.16666666666666666,master_chef_can,master_chef_can,occ5_scene0011
並排有縫,75.11586430168582,1.0,master_chef_can,strawberry,occ5_scene0011
並排有縫,7.145845796410196,0.0,potted_meat_can,master_chef_can,occ5_scene0011
並排有縫,75.11586430168582,1.0,potted_meat_can,strawberry,occ5_scene0011
並排有縫,191.70528591797782,0.0,master_chef_can,softball,occ5_scene0011
並排有縫,71.47066351896004,1.0,nine_hole_peg_test,potted_meat_can,occ5_scene0011
並排有縫,70.77444158694068,1.0,nine_hole_peg_test,potted_meat_can,occ5_scene0011
並排有縫,80.88246757355593,0.9090909090909091,nine_hole_peg_test,potted_meat_can,occ5_scene0011
並排有縫,86.20927272709078,0.9090909090909091,nine_hole_peg_test,potted_meat_can,occ5_scene0011
同物過切,10.305815483137582,0.14285714285714285,potted_meat_can,potted_meat_can,occ5_scene0011
並排有縫,68.54793321429953,1.0,master_chef_can,potted_meat_can,occ5_scene0011
並排有縫,11.285761601767842,1.0,master_chef_can,potted_meat_can,occ5_scene0011
同物過切,5.002012713113569,0.2857142857142857,nine_hole_peg_test,nine_hole_peg_test,occ5_scene0011
並排有縫,90.43386646701089,0.7272727272727273,nine_hole_peg_test,potted_meat_can,occ5_scene0011
同物過切,43.66302114731785,1.0,nine_hole_peg_test,nine_hole_peg_test,occ5_scene0011
並排有縫,101.04129492732594,1.0,nine_hole_peg_test,master_chef_can,occ5_scene0011
並排有縫,129.6806008793222,1.0,nine_hole_peg_test,master_chef_can,occ5_scene0011
並排有縫,95.91618236376952,0.0,master_chef_can,potted_meat_can,occ5_scene0011
並排有縫,81.81407857011335,0.8571428571428571,softball,potted_meat_can,occ5_scene0011
並排有縫,27.321424927018832,1.0,potted_meat_can,master_chef_can,occ5_scene0011
並排有縫,89.95153608325457,0.0,potted_meat_can,master_chef_can,occ5_scene0011
同物過切,15.405111895431922,0.0,potted_meat_can,potted_meat_can,occ5_scene0011
同物過切,8.659670957851805,0.14285714285714285,potted_meat_can,potted_meat_can,occ5_scene0011
並排有縫,69.88925470185598,0.0,strawberry,potted_meat_can,occ5_scene0011
並排有縫,91.76173805312067,0.0,master_chef_can,strawberry,occ5_scene0011
並排有縫,79.00053616915253,1.0,master_chef_can,bleach_cleanser,occ5_scene0012
並排有縫,8.064658627198051,0.5555555555555556,master_chef_can,bleach_cleanser,occ5_scene0012
同物過切,5.563037084374334,0.0,bleach_cleanser,bleach_cleanser,occ5_scene0012
同物過切,8.064658627198051,0.0,bleach_cleanser,bleach_cleanser,occ5_scene0012
並排有縫,31.994463768332203,1.0,master_chef_can,bleach_cleanser,occ5_scene0012
並排有縫,16.657375957808426,1.0,foam_brick,cups,occ5_scene0012
並排有縫,25.09510464019963,1.0,foam_brick,cups,occ5_scene0012
同物過切,14.186627114027184,1.0,cups,cups,occ5_scene0012
並排有縫,108.22948476933524,0.9333333333333333,cups,baseball,occ5_scene0012
並排有縫,258.040456764738,1.0,master_chef_can,baseball,occ5_scene0012
同物過切,10.518635183380004,0.46153846153846156,bleach_cleanser,bleach_cleanser,occ5_scene0012
並排有縫,172.51731020749787,1.0,baseball,bleach_cleanser,occ5_scene0012
並排有縫,25.581797973981914,1.0,master_chef_can,cups,occ5_scene0012
並排有縫,93.56510374091897,1.0,cups,bleach_cleanser,occ5_scene0012
並排有縫,130.52413743350402,1.0,master_chef_can,bleach_cleanser,occ5_scene0012
並排有縫,150.08574324800978,1.0,bleach_cleanser,master_chef_can,occ5_scene0012
同物過切,12.990556172969804,1.0,bleach_cleanser,bleach_cleanser,occ5_scene0012
並排有縫,73.1680505150323,1.0,master_chef_can,foam_brick,occ5_scene0012
並排有縫,125.06232921561195,1.0,master_chef_can,cups,occ5_scene0012
並排有縫,197.99024026023204,0.0,bleach_cleanser,cups,occ5_scene0012
並排有縫,184.10849925520594,0.0,bleach_cleanser,baseball,occ5_scene0012
並排有縫,95.97103297178022,1.0,tomato_soup_can,cups,occ5_scene0013
並排有縫,201.88018149222654,1.0,tomato_soup_can,cups,occ5_scene0013
並排有縫,114.03950185942418,1.0,tomato_soup_can,gelatin_box,occ5_scene0013
並排有縫,86.59307411838324,1.0,cups,cups,occ5_scene0013
並排有縫,89.47814017812786,0.5555555555555556,cups,tomato_soup_can,occ5_scene0013
並排有縫,202.26846074141847,0.2222222222222222,cups,tomato_soup_can,occ5_scene0013
同物過切,8.079307110495982,0.5,cups,cups,occ5_scene0013
並排有縫,8.079307110495982,0.875,cups,cups,occ5_scene0013
同物過切,10.868028442556188,0.2,potted_meat_can,potted_meat_can,occ5_scene0013
同物過切,11.160225936997946,0.2,potted_meat_can,potted_meat_can,occ5_scene0013
並排有縫,114.14533568634211,1.0,cups,gelatin_box,occ5_scene0013
並排有縫,95.1204860250875,0.0,tomato_soup_can,gelatin_box,occ5_scene0013
並排有縫,10.518983072401845,1.0,gelatin_box,tomato_soup_can,occ5_scene0013
並排有縫,64.23858601470833,1.0,gelatin_box,potted_meat_can,occ5_scene0013
同物過切,14.239852378985507,0.1111111111111111,tomato_soup_can,tomato_soup_can,occ5_scene0013
同物過切,11.160225936997946,1.0,potted_meat_can,potted_meat_can,occ5_scene0013
並排有縫,37.392533422574246,0.8666666666666667,peach,softball,occ5_scene0014
並排有縫,62.041540008450056,1.0,tennis_ball,softball,occ5_scene0014
同物過切,61.40360931641553,1.0,tennis_ball,tennis_ball,occ5_scene0014
並排有縫,114.14533568634123,0.8571428571428571,softball,rubiks_cube,occ5_scene0014
並排有縫,114.14533568634123,1.0,tennis_ball,rubiks_cube,occ5_scene0014
並排有縫,63.29983974350506,1.0,softball,tennis_ball,occ5_scene0014
並排相觸,15.30907255243208,1.0,gelatin_box,large_marker,occ5_scene0015
並排有縫,122.88807542708157,1.0,pudding_box,bleach_cleanser,occ5_scene0015
並排有縫,105.63711660913671,0.7142857142857143,pudding_box,bleach_cleanser,occ5_scene0015
並排有縫,22.755445378588604,1.0,pudding_box,cups,occ5_scene0015
同物過切,7.142850040080417,0.0,bleach_cleanser,bleach_cleanser,occ5_scene0015
同物過切,7.566561124453086,0.0,bleach_cleanser,bleach_cleanser,occ5_scene0015
並排有縫,122.88807542708157,0.6428571428571429,pudding_box,bleach_cleanser,occ5_scene0015
同物過切,6.686863246457508,1.0,bleach_cleanser,bleach_cleanser,occ5_scene0015
同物過切,44.96708434079446,0.5,bleach_cleanser,bleach_cleanser,occ5_scene0015
並排有縫,149.6660366457767,1.0,bleach_cleanser,cups,occ5_scene0015
並排有縫,151.13148575401692,0.0,pudding_box,bleach_cleanser,occ5_scene0015
同物過切,17.224005033194544,1.0,bleach_cleanser,bleach_cleanser,occ5_scene0015
並排有縫,6.83081448525763,0.0,pudding_box,bleach_cleanser,occ5_scene0015
並排有縫,102.51054340704171,1.0,pudding_box,bleach_cleanser,occ5_scene0015
並排有縫,169.4168518494762,1.0,pudding_box,bleach_cleanser,occ5_scene0015
同物過切,18.546129399119536,0.0,bleach_cleanser,bleach_cleanser,occ5_scene0015
並排有縫,238.98762222684007,0.0,bleach_cleanser,pudding_box,occ5_scene0015
並排有縫,211.83733386483812,1.0,bleach_cleanser,pudding_box,occ5_scene0015
並排有縫,90.1056538386653,0.6363636363636364,bleach_cleanser,pudding_box,occ5_scene0015
並排有縫,166.55028971148593,0.5454545454545454,bleach_cleanser,pudding_box,occ5_scene0015
並排有縫,239.48940555640053,0.0,bleach_cleanser,cups,occ5_scene0015
並排有縫,230.32719564581782,0.0,bleach_cleanser,cups,occ5_scene0015
並排有縫,92.92154446530931,1.0,medium_clamp,pear,occ5_scene0016
並排有縫,92.92154446530931,1.0,medium_clamp,pear,occ5_scene0016
並排有縫,52.39420859353244,1.0,pear,peach,occ5_scene0016
並排有縫,31.441305311676707,0.6666666666666666,pear,orange,occ5_scene0016
並排有縫,58.03998834605183,0.8333333333333334,pear,peach,occ5_scene0016
同物過切,8.064658627197296,1.0,rubiks_cube,rubiks_cube,occ5_scene0017
並排有縫,78.17684854510054,1.0,rubiks_cube,gelatin_box,occ5_scene0017
並排有縫,64.25033424472953,1.0,rubiks_cube,gelatin_box,occ5_scene0017
並排有縫,17.807836654305742,0.9090909090909091,gelatin_box,pear,occ5_scene0017
同物過切,4.210628905850111,1.0,fork,fork,occ5_scene0017
並排有縫,74.91867318805379,1.0,pear,cups,occ5_scene0017
並排有縫,78.34865541878233,0.7777777777777778,bleach_cleanser,cups,occ5_scene0018
並排有縫,78.34865541878233,0.0,bleach_cleanser,cups,occ5_scene0018
同物過切,48.989957891768384,0.5555555555555556,bleach_cleanser,bleach_cleanser,occ5_scene0018
並排有縫,122.69072089790001,1.0,cups,pear,occ5_scene0018
並排有縫,20.60346343990316,0.7,bleach_cleanser,strawberry,occ5_scene0018
並排有縫,20.60346343990316,0.0,bleach_cleanser,strawberry,occ5_scene0018
同物過切,7.072679973522122,0.5217391304347826,bleach_cleanser,bleach_cleanser,occ5_scene0018
並排有縫,54.749138433868794,0.7,strawberry,bleach_cleanser,occ5_scene0018
並排有縫,221.65212308031104,0.0,bleach_cleanser,cups,occ5_scene0018
並排有縫,222.43437153843692,0.0,cups,bleach_cleanser,occ5_scene0018
並排有縫,155.0150791610927,0.0,bleach_cleanser,strawberry,occ5_scene0018
並排有縫,9.18338402838048,1.0,pear,tomato_soup_can,occ5_scene0019
並排有縫,109.14550450355966,1.0,mug,medium_clamp,occ5_scene0020
並排有縫,120.51307235463693,1.0,cups,pudding_box,occ5_scene0020
並排有縫,7.496117306154071,1.0,cups,medium_clamp,occ5_scene0020
並排有縫,127.40320753664953,1.0,cups,pudding_box,occ5_scene0020
並排有縫,86.86119284577853,1.0,medium_clamp,cups,occ5_scene0020
同物過切,8.660044912821796,0.14285714285714285,potted_meat_can,potted_meat_can,stack3_scene0002
同物過切,6.0372851587349174,0.14285714285714285,potted_meat_can,potted_meat_can,stack3_scene0002
並排有縫,116.57303820950366,0.0,potted_meat_can,gelatin_box,stack3_scene0002
並排有縫,138.84062109789252,1.0,potted_meat_can,tennis_ball,stack3_scene0003
並排有縫,131.62172781393417,0.0,potted_meat_can,tennis_ball,stack3_scene0003
同物過切,12.266670712621064,0.14285714285714285,potted_meat_can,potted_meat_can,stack3_scene0003
同物過切,7.0720386062133045,0.14285714285714285,potted_meat_can,potted_meat_can,stack3_scene0003
同物過切,12.07135102015988,0.0,sugar_box,sugar_box,stack3_scene0004
同物過切,11.053840033962427,0.25,sugar_box,sugar_box,stack3_scene0004
同物過切,11.03659757268105,0.0,sugar_box,sugar_box,stack3_scene0004
同物過切,11.55326780558359,0.0,sugar_box,sugar_box,stack3_scene0004
相疊on,10.220469448334146,0.14285714285714285,gelatin_box,foam_brick,stack3_scene0005
相疊on,11.033378275371097,0.36363636363636365,tuna_fish_can,tomato_soup_can,stack3_scene0006
並排有縫,172.54265776129213,1.0,tomato_soup_can,bleach_cleanser,stack3_scene0006
並排有縫,14.591967595280753,0.0,tomato_soup_can,bleach_cleanser,stack3_scene0006
並排有縫,88.9523434527515,1.0,tomato_soup_can,bleach_cleanser,stack3_scene0006
同物過切,12.219875765320698,1.0,bleach_cleanser,bleach_cleanser,stack3_scene0006
同物過切,6.686863246457619,0.0,bleach_cleanser,bleach_cleanser,stack3_scene0006
同物過切,45.37160454076499,0.25,bleach_cleanser,bleach_cleanser,stack3_scene0006
同物過切,9.57330446184168,0.4,tomato_soup_can,tomato_soup_can,stack3_scene0006
並排有縫,177.1071793220386,0.0,tomato_soup_can,bleach_cleanser,stack3_scene0006
並排有縫,181.33770070775884,1.0,tomato_soup_can,bleach_cleanser,stack3_scene0006
同物過切,9.570085164531395,0.0,bleach_cleanser,bleach_cleanser,stack3_scene0006
相疊on,11.160836941668917,0.0,tuna_fish_can,tomato_soup_can,stack3_scene0006
同物過切,28.05536463697339,0.0,bleach_cleanser,bleach_cleanser,stack3_scene0006
並排有縫,169.5979766489935,0.4117647058823529,cracker_box,cups,stack3_scene0007
並排有縫,169.5979766489935,1.0,cracker_box,cups,stack3_scene0007
並排有縫,188.77701815683383,0.0,cracker_box,cups,stack3_scene0007
並排有縫,149.72536264391346,0.8823529411764706,cracker_box,cups,stack3_scene0007
同物過切,3.8099418557909215,0.9259259259259259,cracker_box,cracker_box,stack3_scene0007
同物過切,5.005114512946718,1.0,cups,cups,stack3_scene0007
同物過切,11.017712511661294,0.14285714285714285,potted_meat_can,potted_meat_can,stack3_scene0009
同物過切,4.10298471398235,0.8928571428571429,cracker_box,cracker_box,stack3_scene0010
並排有縫,162.5878703782332,1.0,cracker_box,master_chef_can,stack3_scene0010
並排有縫,165.7546120893996,0.19047619047619047,cracker_box,master_chef_can,stack3_scene0010
同物過切,10.659717961001359,0.5,master_chef_can,master_chef_can,stack3_scene0010
相疊on,10.004913488455113,0.2,tuna_fish_can,tomato_soup_can,stack3_scene0011
同物過切,53.7100368606368,0.8333333333333334,tomato_soup_can,tomato_soup_can,stack3_scene0011
同物過切,11.088488887988245,0.3333333333333333,potted_meat_can,potted_meat_can,stack3_scene0012
同物過切,16.257873410960634,0.1111111111111111,potted_meat_can,potted_meat_can,stack3_scene0012
相疊on,9.572910454112126,0.5,sponge,foam_brick,stack3_scene0013
相疊on,13.661017965845623,0.21052631578947367,master_chef_can,tomato_soup_can,stack3_scene0014
同物過切,65.80209818356623,0.5,tomato_soup_can,tomato_soup_can,stack3_scene0014
相疊on,50.58406325680432,0.0,master_chef_can,tomato_soup_can,stack3_scene0014
並排有縫,227.20118129424094,0.0,orange,tomato_soup_can,stack3_scene0014
相疊on,9.162025721796363,0.25,gelatin_box,foam_brick,stack3_scene0015
相疊on,10.085398992376428,0.45454545454545453,tuna_fish_can,tomato_soup_can,stack3_scene0016
並排有縫,106.52054299839686,0.45454545454545453,pudding_box,tomato_soup_can,stack3_scene0016
同物過切,26.339251355234182,0.8,tomato_soup_can,tomato_soup_can,stack3_scene0016
並排有縫,16.117530821975137,1.0,master_chef_can,baseball,stack3_scene0017
相疊on,19.399869564927936,0.21052631578947367,master_chef_can,tomato_soup_can,stack3_scene0017
同物過切,66.98798764893016,0.5,tomato_soup_can,tomato_soup_can,stack3_scene0017
相疊on,41.25796134411452,0.0,master_chef_can,tomato_soup_can,stack3_scene0017
並排有縫,4.496194634029949,0.0,tomato_soup_can,baseball,stack3_scene0017
同物過切,15.489637388738142,0.0,sugar_box,sugar_box,stack3_scene0018
同物過切,9.161629165277574,0.0,sugar_box,sugar_box,stack3_scene0018
相疊on,50.01037012764054,0.2,wood_block,foam_brick,stack3_scene0019
並排有縫,197.11038444104528,1.0,wood_block,mug,stack3_scene0019
並排有縫,220.40062984373037,0.0,mug,foam_brick,stack3_scene0019
相疊on,150.32733791257883,0.18181818181818182,wood_block,foam_brick,stack3_scene0019
同物過切,7.068819308903906,1.0,tuna_fish_can,tuna_fish_can,stack3_scene0020
並排有縫,2.5025572564735254,1.0,tuna_fish_can,cups,stack3_scene0020
並排有縫,136.32130277684513,1.0,wood_block,racquetball,stack4_scene0001
並排有縫,194.93862510085782,1.0,wood_block,cups,stack4_scene0001
並排有縫,154.27589532232778,1.0,racquetball,wood_block,stack4_scene0001
同物過切,44.29043404265151,0.2857142857142857,wood_block,wood_block,stack4_scene0001
同物過切,2.4206954162712124,0.2857142857142857,wood_block,wood_block,stack4_scene0001
並排有縫,190.65089715962165,0.0,racquetball,wood_block,stack4_scene0001
同物過切,90.88493515233402,0.2857142857142857,wood_block,wood_block,stack4_scene0001
相疊on,7.162524606952436,0.46153846153846156,tuna_fish_can,tomato_soup_can,stack4_scene0002
同物過切,8.599297963591656,0.25,tomato_soup_can,tomato_soup_can,stack4_scene0002
相疊on,35.72354530590094,0.0,tuna_fish_can,tomato_soup_can,stack4_scene0002
相疊on,9.265267042500014,0.2,pudding_box,master_chef_can,stack4_scene0003
並排有縫,181.80670665359878,0.5714285714285714,master_chef_can,apple,stack4_scene0003
並排有縫,10.881965454856624,0.0,apple,master_chef_can,stack4_scene0003
同物過切,13.497668485316193,0.9090909090909091,apple,apple,stack4_scene0003
同物過切,13.656749774617062,0.9565217391304348,wood_block,wood_block,stack4_scene0004
並排有縫,158.90924553655842,0.36,wood_block,bleach_cleanser,stack4_scene0004
同物過切,2.841500819272369,0.0,bleach_cleanser,bleach_cleanser,stack4_scene0004
同物過切,50.168866681835006,0.3,bleach_cleanser,bleach_cleanser,stack4_scene0004
並排有縫,98.39612033669965,1.0,wood_block,bleach_cleanser,stack4_scene0004
同物過切,11.160836941668473,1.0,bleach_cleanser,bleach_cleanser,stack4_scene0004
並排有縫,32.77417559683875,0.0,bleach_cleanser,wood_block,stack4_scene0004
並排有縫,32.77417559683875,0.0,bleach_cleanser,wood_block,stack4_scene0004
同物過切,32.77417559683875,0.0,bleach_cleanser,bleach_cleanser,stack4_scene0004
並排有縫,91.01623684451843,0.0,bleach_cleanser,wood_block,stack4_scene0004
並排有縫,91.01623684451843,0.0,bleach_cleanser,wood_block,stack4_scene0004
同物過切,91.01623684451843,1.0,bleach_cleanser,bleach_cleanser,stack4_scene0004
同物過切,10.000244646566792,0.0,bleach_cleanser,bleach_cleanser,stack4_scene0004
同物過切,10.000244646566792,0.0,bleach_cleanser,bleach_cleanser,stack4_scene0004
同物過切,6.251829541265019,1.0,fork,fork,stack4_scene0005
相疊on,11.02157532360755,0.3333333333333333,gelatin_box,tomato_soup_can,stack4_scene0006
相疊on,11.02157532360755,0.25,gelatin_box,tomato_soup_can,stack4_scene0006
並排有縫,167.99612051049846,0.6842105263157895,tomato_soup_can,cups,stack4_scene0006
並排有縫,181.87862253688223,0.0,cups,tomato_soup_can,stack4_scene0006
同物過切,13.32535936613779,0.5,tomato_soup_can,tomato_soup_can,stack4_scene0006
相疊on,31.883104348228905,0.0,gelatin_box,tomato_soup_can,stack4_scene0006
相疊on,31.883104348228905,0.0,gelatin_box,tomato_soup_can,stack4_scene0006
相疊on,12.074570317470169,0.14285714285714285,sponge,sugar_box,stack4_scene0007
相疊on,8.07930711049709,0.2857142857142857,sponge,sugar_box,stack4_scene0007
同物過切,57.012985966746626,0.3076923076923077,sugar_box,sugar_box,stack4_scene0007
同物過切,29.142014454265897,0.0,sugar_box,sugar_box,stack4_scene0007
並排有縫,24.636070727861295,0.0,sugar_box,tomato_soup_can,stack4_scene0007
相疊on,13.926694360630654,0.0,sponge,sugar_box,stack4_scene0007
並排有縫,240.363526452397,0.7142857142857143,sponge,lemon,stack4_scene0007
相疊on,10.001390644553275,0.0,sponge,sugar_box,stack4_scene0007
同物過切,20.91731846527356,0.0,sugar_box,sugar_box,stack4_scene0007
同物過切,19.82027084982002,0.0,sugar_box,sugar_box,stack4_scene0007
同物過切,157.99869182225845,1.0,sugar_box,sugar_box,stack4_scene0007
同物過切,95.98382260313365,1.0,master_chef_can,master_chef_can,stack4_scene0008
並排有縫,187.9518108819387,1.0,master_chef_can,orange,stack4_scene0008
並排有縫,117.86550759384606,1.0,cups,master_chef_can,stack4_scene0008
並排有縫,175.0064753260232,1.0,mustard_bottle,knife,stack4_scene0009
並排有縫,177.61979156536728,0.0,mustard_bottle,knife,stack4_scene0009
相疊on,10.092612763964981,0.4166666666666667,pudding_box,master_chef_can,stack4_scene0009
同物過切,4.618957799274456,1.0,knife,knife,stack4_scene0009
並排有縫,160.27825950227415,1.0,mustard_bottle,pudding_box,stack4_scene0009
並排有縫,153.1849711473789,1.0,mustard_bottle,master_chef_can,stack4_scene0009
同物過切,48.39397285575004,1.0,mustard_bottle,mustard_bottle,stack4_scene0009
並排有縫,15.049193638655145,1.0,mustard_bottle,master_chef_can,stack4_scene0009
同物過切,27.633653507443068,0.2,master_chef_can,master_chef_can,stack4_scene0009
相疊on,20.628193261707175,0.5,master_chef_can,tuna_fish_can,stack4_scene0010
同物過切,50.466951106798675,1.0,master_chef_can,master_chef_can,stack4_scene0010
並排有縫,10.716391990735287,1.0,lemon,master_chef_can,stack4_scene0010
同物過切,7.070750887289723,1.0,master_chef_can,master_chef_can,stack4_scene0010
並排有縫,151.4215343945261,1.0,master_chef_can,lemon,stack4_scene0010
並排有縫,155.36362244626514,0.0,tuna_fish_can,lemon,stack4_scene0010
相疊on,20.793688087525336,0.21052631578947367,master_chef_can,tomato_soup_can,stack4_scene0011
並排有縫,148.88194551351407,1.0,master_chef_can,peach,stack4_scene0011
並排有縫,141.3017155978993,0.3333333333333333,peach,master_chef_can,stack4_scene0011
同物過切,34.4858205961034,0.8,tomato_soup_can,tomato_soup_can,stack4_scene0011
相疊on,34.13755116354476,0.0,master_chef_can,tomato_soup_can,stack4_scene0011
相疊on,13.937222175693265,0.3333333333333333,gelatin_box,tomato_soup_can,stack4_scene0012
相疊on,13.937222175693265,0.3333333333333333,gelatin_box,tomato_soup_can,stack4_scene0012
並排有縫,139.1362448612753,0.3333333333333333,tomato_soup_can,banana,stack4_scene0012
並排有縫,217.3414132981838,0.0,tomato_soup_can,spoon,stack4_scene0012
並排有縫,217.34141329818388,0.0,tomato_soup_can,spoon,stack4_scene0012
同物過切,8.619253056035493,0.3333333333333333,tomato_soup_can,tomato_soup_can,stack4_scene0012
並排有縫,141.26668538470477,0.0,tomato_soup_can,banana,stack4_scene0012
相疊on,33.803799968186055,0.0,gelatin_box,tomato_soup_can,stack4_scene0012
相疊on,33.803799968186055,0.0,gelatin_box,tomato_soup_can,stack4_scene0012
並排有縫,90.97885432494147,0.0,pear,cracker_box,stack4_scene0013
並排有縫,110.02903518305534,1.0,pear,cracker_box,stack4_scene0013
並排有縫,106.4938207042767,0.7142857142857143,pear,cracker_box,stack4_scene0013
同物過切,6.315712547570074,0.375,cups,cups,stack4_scene0013
並排有縫,163.89678628144858,0.0,cups,cracker_box,stack4_scene0013
並排有縫,163.89678628144858,1.0,cups,cracker_box,stack4_scene0013
同物過切,7.393708428745539,0.9259259259259259,cracker_box,cracker_box,stack4_scene0013
並排有縫,161.4216474865643,0.0,cups,cracker_box,stack4_scene0013
並排有縫,161.4216474865643,1.0,cups,cracker_box,stack4_scene0013
並排有縫,170.26263060202018,0.0,cracker_box,cups,stack4_scene0013
並排有縫,170.26263060202018,1.0,cracker_box,cups,stack4_scene0013
同物過切,8.578282522834769,0.3076923076923077,sugar_box,sugar_box,stack4_scene0014
並排有縫,185.6527300968161,1.0,pitcher_base,sponge,stack4_scene0014
並排有縫,178.5997216896001,1.0,pitcher_base,sugar_box,stack4_scene0014
並排有縫,14.329616035871851,1.0,pitcher_base,sugar_box,stack4_scene0014
相疊on,14.624682696750767,0.15384615384615385,sponge,sugar_box,stack4_scene0014
同物過切,15.766532910490294,0.0,sugar_box,sugar_box,stack4_scene0014
相疊on,2.498046558319089,0.8571428571428571,sponge,sugar_box,stack4_scene0014
並排有縫,170.75692002869053,1.0,sponge,rubiks_cube,stack4_scene0014
並排有縫,170.7569200286906,0.0,sugar_box,rubiks_cube,stack4_scene0014
同物過切,65.8012427770246,0.75,tomato_soup_can,tomato_soup_can,stack4_scene0015
同物過切,12.529697201524026,0.4,sugar_box,sugar_box,stack4_scene0016
並排有縫,128.47816348892277,1.0,banana,sugar_box,stack4_scene0016
並排有縫,116.6280358243436,0.8888888888888888,banana,sugar_box,stack4_scene0016
同物過切,8.753173166023643,0.06666666666666667,sugar_box,sugar_box,stack4_scene0016
同物過切,2.1654707366222103,0.9230769230769231,sugar_box,sugar_box,stack4_scene0016
並排有縫,153.13186713962224,0.0,sugar_box,cups,stack4_scene0016
並排有縫,84.73980455410118,1.0,sugar_box,cups,stack4_scene0016
相疊on,15.576884485527298,0.25,master_chef_can,foam_brick,stack4_scene0017
並排有縫,181.11908099732432,0.5185185185185185,master_chef_can,cracker_box,stack4_scene0017
並排有縫,181.11908099732432,1.0,master_chef_can,cracker_box,stack4_scene0017
並排有縫,165.31484303161403,0.8709677419354839,master_chef_can,cracker_box,stack4_scene0017
並排有縫,196.13503885103097,1.0,foam_brick,cracker_box,stack4_scene0017
並排有縫,196.13503885103097,0.3333333333333333,foam_brick,cracker_box,stack4_scene0017
並排有縫,171.8130423590657,1.0,foam_brick,cracker_box,stack4_scene0017
同物過切,10.588838764838515,0.8888888888888888,cracker_box,cracker_box,stack4_scene0017
並排有縫,134.64459098785863,0.3333333333333333,cracker_box,master_chef_can,stack4_scene0017
同物過切,10.588838764838515,0.875,cracker_box,cracker_box,stack4_scene0017
並排有縫,134.64459098785863,1.0,cracker_box,master_chef_can,stack4_scene0017
同物過切,4.850866414772617,0.9523809523809523,cracker_box,cracker_box,stack4_scene0017
並排有縫,188.80409271007514,1.0,master_chef_can,golf_ball,stack4_scene0017
相疊on,12.068131722849929,0.3333333333333333,tuna_fish_can,tomato_soup_can,stack4_scene0018
並排有縫,138.96777477446915,1.0,tomato_soup_can,cracker_box,stack4_scene0018
並排有縫,123.51168606897788,0.5454545454545454,tomato_soup_can,cracker_box,stack4_scene0018
並排有縫,123.51168606897788,0.7727272727272727,tomato_soup_can,cracker_box,stack4_scene0018
同物過切,165.58149637623978,0.9259259259259259,cracker_box,cracker_box,stack4_scene0018
並排有縫,153.20065367428458,1.0,tomato_soup_can,cracker_box,stack4_scene0018
並排有縫,153.20065367428458,0.5,tomato_soup_can,cracker_box,stack4_scene0018
相疊on,17.991040422255857,0.0,tuna_fish_can,tomato_soup_can,stack4_scene0018
同物過切,24.319496884930317,0.9166666666666666,tomato_soup_can,tomato_soup_can,stack4_scene0018
同物過切,8.015804462759402,1.0,foam_brick,foam_brick,stack4_scene0018
同物過切,73.73143086340094,0.5454545454545454,wood_block,wood_block,stack4_scene0019
同物過切,79.92693661055483,0.0,wood_block,wood_block,stack4_scene0019
同物過切,12.989456364560281,0.45454545454545453,potted_meat_can,potted_meat_can,stack4_scene0020
並排有縫,137.6560763804424,0.7272727272727273,potted_meat_can,cups,stack4_scene0020
並排有縫,113.47116264663958,1.0,potted_meat_can,cups,stack4_scene0020
同物過切,12.984416479160599,1.0,potted_meat_can,potted_meat_can,stack4_scene0020
並排有縫,170.52667813633892,0.2222222222222222,cracker_box,apple,stack5_scene0001
同物過切,2.85673382585907,0.3333333333333333,cracker_box,cracker_box,stack5_scene0001
並排有縫,192.27205214629757,0.0,cracker_box,apple,stack5_scene0001
並排有縫,192.27205214629757,1.0,cracker_box,apple,stack5_scene0001
並排有縫,225.0710279995788,0.0,cracker_box,flat_screwdriver,stack5_scene0001
並排有縫,225.0710279995788,1.0,cracker_box,flat_screwdriver,stack5_scene0001
並排有縫,243.83044060443405,1.0,master_chef_can,flat_screwdriver,stack5_scene0001
同物過切,3.3406995821107186,0.38461538461538464,cracker_box,cracker_box,stack5_scene0001
同物過切,13.08054022698386,0.25,master_chef_can,master_chef_can,stack5_scene0001
並排有縫,216.93074051556582,0.0,flat_screwdriver,master_chef_can,stack5_scene0001
並排有縫,170.79929485007125,0.047619047619047616,cracker_box,master_chef_can,stack5_scene0001
並排有縫,170.79929485007125,1.0,cracker_box,master_chef_can,stack5_scene0001
同物過切,8.624452625925262,1.0,master_chef_can,master_chef_can,stack5_scene0002
同物過切,14.578302299874803,0.7777777777777778,cups,cups,stack5_scene0002
同物過切,13.07587812897304,0.6,bleach_cleanser,bleach_cleanser,stack5_scene0002
並排有縫,167.43449184011462,1.0,master_chef_can,bleach_cleanser,stack5_scene0002
並排有縫,161.47744371950225,0.9,master_chef_can,bleach_cleanser,stack5_scene0002
並排有縫,174.04609284257256,1.0,master_chef_can,bleach_cleanser,stack5_scene0002
同物過切,14.380182906890099,0.0,bleach_cleanser,bleach_cleanser,stack5_scene0002
同物過切,9.65792542845545,1.0,bleach_cleanser,bleach_cleanser,stack5_scene0002
同物過切,8.641445353775982,0.125,sugar_box,sugar_box,stack5_scene0004
同物過切,19.627353925019612,0.0,sugar_box,sugar_box,stack5_scene0004
同物過切,10.265151046770773,0.375,sugar_box,sugar_box,stack5_scene0004
並排有縫,159.95634923255088,0.8,sugar_box,large_clamp,stack5_scene0004
並排有縫,159.95634923255088,1.0,sugar_box,large_clamp,stack5_scene0004
並排有縫,199.76985828555416,1.0,sugar_box,large_clamp,stack5_scene0004
並排有縫,216.22630153886382,0.0,sugar_box,large_clamp,stack5_scene0004
同物過切,28.423298793255782,0.9230769230769231,sugar_box,sugar_box,stack5_scene0004
同物過切,28.423298793255782,1.0,sugar_box,sugar_box,stack5_scene0004
並排有縫,123.8982139486523,1.0,apple,strawberry,stack5_scene0004
同物過切,58.03390232296929,1.0,sugar_box,sugar_box,stack5_scene0004
同物過切,58.03390232296929,1.0,sugar_box,sugar_box,stack5_scene0004
同物過切,4.086151674929103,0.5,rubiks_cube,rubiks_cube,stack5_scene0005
相疊on,13.667272556046509,0.4444444444444444,pudding_box,tuna_fish_can,stack5_scene0005
並排有縫,20.869252195856337,1.0,pudding_box,cups,stack5_scene0005
並排有縫,134.66091145329506,0.4444444444444444,tuna_fish_can,cups,stack5_scene0005
同物過切,5.573609060136486,0.6666666666666666,cups,cups,stack5_scene0005
並排有縫,106.22097367834519,1.0,rubiks_cube,pudding_box,stack5_scene0005
並排有縫,148.51876970204313,0.7777777777777778,tuna_fish_can,cups,stack5_scene0005
並排有縫,137.30766614435578,1.0,sugar_box,tennis_ball,stack5_scene0006
同物過切,9.369119944113459,0.0,sugar_box,sugar_box,stack5_scene0006
並排有縫,156.99440448931674,0.0,sugar_box,tennis_ball,stack5_scene0006
並排有縫,122.33613081061323,0.9230769230769231,sugar_box,tennis_ball,stack5_scene0006
並排有縫,7.7292704342210286,0.8461538461538461,sugar_box,bowl,stack5_scene0006
並排有縫,11.827058779398492,1.0,bowl,sugar_box,stack5_scene0006
同物過切,9.998674562627375,0.26666666666666666,sugar_box,sugar_box,stack5_scene0006
同物過切,28.057865660875834,0.0,sugar_box,sugar_box,stack5_scene0007
同物過切,18.56577244715693,0.0,sugar_box,sugar_box,stack5_scene0007
同物過切,6.121968486828999,0.2,tuna_fish_can,tuna_fish_can,stack5_scene0007
並排有縫,190.26168110571285,0.0,sugar_box,tuna_fish_can,stack5_scene0007
並排有縫,212.12766094777928,0.0,sugar_box,tuna_fish_can,stack5_scene0007
並排有縫,257.255961917446,0.0,sugar_box,apple,stack5_scene0007
同物過切,75.19598764188723,0.0,sugar_box,sugar_box,stack5_scene0007
並排有縫,115.90073492413423,1.0,cups,tuna_fish_can,stack5_scene0008
並排有縫,65.58803731271983,0.0,tomato_soup_can,potted_meat_can,stack5_scene0008
相疊on,8.416086646172548,1.0,tuna_fish_can,tomato_soup_can,stack5_scene0008
並排有縫,6.361440703839316,1.0,tomato_soup_can,potted_meat_can,stack5_scene0008
並排有縫,228.6994561272392,1.0,tomato_soup_can,golf_ball,stack5_scene0008
同物過切,12.355173000457686,0.2857142857142857,potted_meat_can,potted_meat_can,stack5_scene0008
同物過切,64.32260178619065,0.625,tomato_soup_can,tomato_soup_can,stack5_scene0008
相疊on,15.406347345232053,0.0,tomato_soup_can,tuna_fish_can,stack5_scene0008
並排有縫,188.64335281866917,1.0,knife,potted_meat_can,stack5_scene0009
並排有縫,188.08399011807742,0.0,knife,potted_meat_can,stack5_scene0009
並排有縫,116.86322837370336,1.0,wood_block,potted_meat_can,stack5_scene0009
並排有縫,115.24660023080702,1.0,wood_block,potted_meat_can,stack5_scene0009
同物過切,12.53127392142489,0.25,potted_meat_can,potted_meat_can,stack5_scene0009
同物過切,63.11227517693881,0.5,wood_block,wood_block,stack5_scene0009
同物過切,3.414336269528584,1.0,knife,knife,stack5_scene0009
同物過切,9.570085164531283,0.25,potted_meat_can,potted_meat_can,stack5_scene0009
並排有縫,128.02997575579832,0.0,potted_meat_can,knife,stack5_scene0009
並排有縫,203.89591027506978,0.0,potted_meat_can,wood_block,stack5_scene0009
同物過切,11.005113861024295,0.16666666666666666,potted_meat_can,potted_meat_can,stack5_scene0010
同物過切,6.122831083102076,1.0,potted_meat_can,potted_meat_can,stack5_scene0010
同物過切,8.532112419743388,0.16666666666666666,potted_meat_can,potted_meat_can,stack5_scene0010
同物過切,18.108109953945405,0.0,potted_meat_can,potted_meat_can,stack5_scene0010
相疊on,11.728599427349273,0.5,foam_brick,sponge,stack5_scene0011
並排有縫,144.40279558599434,0.5,foam_brick,padlock,stack5_scene0011
並排有縫,214.91824516454255,1.0,wood_block,foam_brick,stack5_scene0011
並排有縫,223.56259743597823,1.0,wood_block,sponge,stack5_scene0011
同物過切,29.140337038153053,0.625,wood_block,wood_block,stack5_scene0011
並排有縫,238.55917597519678,1.0,foam_brick,wood_block,stack5_scene0011
並排有縫,226.06250762694714,1.0,sponge,wood_block,stack5_scene0011
同物過切,7.15924313603636,1.0,tennis_ball,tennis_ball,stack5_scene0011
並排有縫,187.14639376667316,0.0,wood_block,foam_brick,stack5_scene0011
並排有縫,218.96447395067332,0.0,wood_block,sponge,stack5_scene0011
同物過切,4.755663338506212,1.0,padlock,padlock,stack5_scene0011
同物過切,8.740574748654083,0.8888888888888888,orange,orange,stack5_scene0012
同物過切,4.99885951307244,1.0,phillips_screwdriver,phillips_screwdriver,stack5_scene0012
相疊on,8.683882391002818,0.375,sponge,foam_brick,stack5_scene0013
並排有縫,143.21188472288733,1.0,foam_brick,sugar_box,stack5_scene0013
同物過切,14.99999659719753,0.26666666666666666,sugar_box,sugar_box,stack5_scene0013
相疊on,18.993811400283555,0.16666666666666666,cracker_box,sugar_box,stack5_scene0014
並排有縫,128.73736964038784,1.0,cracker_box,baseball,stack5_scene0014
相疊on,16.51054430483823,0.0,cracker_box,sugar_box,stack5_scene0014
並排有縫,155.1119734708688,0.9333333333333333,cracker_box,baseball,stack5_scene0014
相疊on,17.74602484538615,0.25,cracker_box,sugar_box,stack5_scene0014
同物過切,7.49611730615396,0.9615384615384616,cracker_box,cracker_box,stack5_scene0014
同物過切,25.607199947607796,1.0,sugar_box,sugar_box,stack5_scene0014
同物過切,5.915840282352658,0.5,bleach_cleanser,bleach_cleanser,stack5_scene0015
同物過切,52.59444274925227,1.0,tennis_ball,tennis_ball,stack5_scene0015
相疊on,13.535660461013343,0.11764705882352941,wood_block,tomato_soup_can,stack5_scene0016
同物過切,3.74977144726818,1.0,fork,fork,stack5_scene0016
相疊on,4.524550407434009,0.0,tomato_soup_can,wood_block,stack5_scene0016
並排有縫,218.8789221058181,1.0,wood_block,mustard_bottle,stack5_scene0016
並排有縫,21.52580107445068,0.0,mustard_bottle,tomato_soup_can,stack5_scene0016
同物過切,22.009038517616514,1.0,tomato_soup_can,tomato_soup_can,stack5_scene0016
並排有縫,155.52671326406065,1.0,cups,padlock,stack5_scene0017
並排有縫,143.22051671563807,1.0,cups,master_chef_can,stack5_scene0017
並排有縫,97.81610228666781,0.8235294117647058,master_chef_can,sugar_box,stack5_scene0017
並排有縫,144.6614850353437,1.0,master_chef_can,sugar_box,stack5_scene0017
同物過切,4.46445697760174,1.0,padlock,padlock,stack5_scene0017
同物過切,11.325867146210689,0.17647058823529413,sugar_box,sugar_box,stack5_scene0017
並排有縫,39.24895245297971,0.0,cups,sugar_box,stack5_scene0017
並排有縫,141.4402433924564,1.0,cups,sugar_box,stack5_scene0017
同物過切,8.532112419742832,1.0,master_chef_can,master_chef_can,stack5_scene0017
相疊on,13.335761912991366,0.4,gelatin_box,tomato_soup_can,stack5_scene0018
並排有縫,130.7371412700992,0.625,tomato_soup_can,cups,stack5_scene0018
並排有縫,126.65801482953083,0.0,tomato_soup_can,cups,stack5_scene0018
相疊on,17.39528876804022,0.0,gelatin_box,tomato_soup_can,stack5_scene0018
並排有縫,205.89182677237662,1.0,cracker_box,bowl,stack5_scene0019
並排有縫,205.89182677237662,0.05263157894736842,cracker_box,bowl,stack5_scene0019
並排有縫,95.27866015760011,0.8,cracker_box,orange,stack5_scene0019
同物過切,7.0742814216309124,0.9285714285714286,cracker_box,cracker_box,stack5_scene0019
並排有縫,30.93721474837954,1.0,cracker_box,orange,stack5_scene0019
並排有縫,62.427330673645514,0.0,cracker_box,orange,stack5_scene0019
並排有縫,9.183384028380148,1.0,pear,softball,stack5_scene0020
並排有縫,137.38239423485317,1.0,softball,cups,stack5_scene0020
同物過切,7.499089993662222,0.6666666666666666,tuna_fish_can,tuna_fish_can,stack5_scene0020
相疊on,9.776886697956755,1.0,tuna_fish_can,pudding_box,stack5_scene0020
相疊on,15.24475768294259,0.1111111111111111,tuna_fish_can,pudding_box,stack5_scene0020
並排有縫,170.97220722919505,1.0,softball,pudding_box,stack5_scene0020
