scene,gidA,gidB,n_adj,n_diff,n_cont,min_step,median_step,same,objA,objB
n3_scene0001,1,15,1,1,0,109.9,109.9,0,gelatin_box,cups
n3_scene0001,1,16,2,2,0,97.8,104.0,0,gelatin_box,cups
n3_scene0001,7,9,2,1,1,19.5,52.7,1,bowl,bowl
n3_scene0001,12,13,3,0,3,5.1,8.1,1,bowl,bowl
n3_scene0001,12,14,2,0,2,12.1,23.0,1,bowl,bowl
n3_scene0002,8,21,3,3,0,66.0,123.8,0,cracker_box,racquetball
n3_scene0002,8,20,1,1,0,194.4,194.4,0,cracker_box,mustard_bottle
n3_scene0002,10,18,7,4,3,12.9,56.9,1,cracker_box,cracker_box
n3_scene0002,6,18,1,1,0,52.7,52.7,1,cracker_box,cracker_box
n3_scene0002,6,11,1,1,0,74.5,74.5,1,cracker_box,cracker_box
n3_scene0002,11,21,1,0,1,27.1,27.1,0,cracker_box,racquetball
n3_scene0002,9,10,2,0,2,0.7,1.0,1,cracker_box,cracker_box
n3_scene0002,9,18,2,0,2,15.1,15.4,1,cracker_box,cracker_box
n3_scene0002,4,24,1,1,0,140.7,140.7,0,mustard_bottle,cracker_box
n3_scene0002,17,24,5,4,1,38.1,140.7,0,mustard_bottle,cracker_box
n3_scene0002,3,24,5,4,1,33.2,108.6,1,cracker_box,cracker_box
n3_scene0002,21,24,3,2,1,8.1,44.8,0,racquetball,cracker_box
n3_scene0002,18,19,1,0,1,7.6,7.6,1,cracker_box,cracker_box
n3_scene0002,8,24,5,5,0,42.0,94.9,1,cracker_box,cracker_box
n3_scene0002,5,24,1,1,0,101.8,101.8,0,mustard_bottle,cracker_box
n3_scene0002,9,24,1,1,0,49.2,49.2,1,cracker_box,cracker_box
n3_scene0002,3,10,2,1,1,2.1,22.2,1,cracker_box,cracker_box
n3_scene0002,23,24,1,0,1,21.0,21.0,1,cracker_box,cracker_box
n3_scene0002,4,8,1,1,0,184.1,184.1,0,mustard_bottle,cracker_box
n3_scene0002,8,17,1,1,0,183.7,183.7,0,cracker_box,mustard_bottle
n3_scene0002,7,24,2,1,1,37.5,52.8,0,mustard_bottle,cracker_box
n3_scene0002,3,8,1,1,0,72.7,72.7,1,cracker_box,cracker_box
n3_scene0002,3,17,1,1,0,143.9,143.9,0,cracker_box,mustard_bottle
n3_scene0002,10,24,1,1,0,52.7,52.7,1,cracker_box,cracker_box
n3_scene0002,7,17,1,0,1,6.8,6.8,1,mustard_bottle,mustard_bottle
n3_scene0002,6,24,1,1,0,184.1,184.1,1,cracker_box,cracker_box
n3_scene0002,8,16,1,0,1,2.5,2.5,1,cracker_box,cracker_box
n3_scene0002,16,24,1,1,0,113.2,113.2,1,cracker_box,cracker_box
n3_scene0003,6,8,1,1,0,163.9,163.9,1,mini_soccer_ball,mini_soccer_ball
n3_scene0003,2,8,1,1,0,180.2,180.2,1,mini_soccer_ball,mini_soccer_ball
n3_scene0003,5,8,1,0,1,9.1,9.1,0,fork,mini_soccer_ball
n3_scene0003,2,5,6,4,2,7.0,109.3,0,mini_soccer_ball,fork
n3_scene0003,5,6,3,1,2,5.6,13.8,0,fork,mini_soccer_ball
n3_scene0004,10,11,2,1,1,14.0,254.9,1,rubiks_cube,rubiks_cube
n3_scene0004,7,11,1,1,0,121.5,121.5,1,rubiks_cube,rubiks_cube
n3_scene0004,9,18,1,0,1,13.2,13.2,1,rubiks_cube,rubiks_cube
n3_scene0004,9,11,1,0,1,18.5,18.5,1,rubiks_cube,rubiks_cube
n3_scene0004,9,12,1,0,1,4.0,4.0,1,rubiks_cube,rubiks_cube
n3_scene0004,11,18,1,0,1,0.2,0.2,1,rubiks_cube,rubiks_cube
n3_scene0004,11,12,3,2,1,17.6,461.1,1,rubiks_cube,rubiks_cube
n3_scene0004,8,11,1,1,0,320.5,320.5,1,rubiks_cube,rubiks_cube
n3_scene0004,12,16,2,0,2,2.1,11.4,1,rubiks_cube,rubiks_cube
n3_scene0004,10,16,1,0,1,1.1,1.1,1,rubiks_cube,rubiks_cube
n3_scene0004,11,16,5,4,1,11.9,64.6,1,rubiks_cube,rubiks_cube
n3_scene0004,9,10,3,0,3,0.2,1.9,1,rubiks_cube,rubiks_cube
n3_scene0004,6,9,1,1,0,42.0,42.0,1,rubiks_cube,rubiks_cube
n3_scene0004,6,10,1,0,1,18.8,18.8,1,rubiks_cube,rubiks_cube
n3_scene0004,8,16,1,0,1,5.8,5.8,1,rubiks_cube,rubiks_cube
n3_scene0004,10,13,1,0,1,5.6,5.6,1,rubiks_cube,rubiks_cube
n3_scene0005,3,9,4,2,2,17.6,53.5,0,foam_brick,plum
n3_scene0005,9,10,4,4,0,77.4,86.4,0,plum,foam_brick
n3_scene0005,6,9,1,1,0,95.4,95.4,0,foam_brick,plum
n3_scene0005,8,10,1,0,1,6.2,6.2,1,foam_brick,foam_brick
n3_scene0006,2,9,6,5,1,6.8,93.0,0,wood_block,cups
n3_scene0006,4,8,1,1,0,255.3,255.3,0,phillips_screwdriver,wood_block
n3_scene0006,8,9,1,1,0,183.3,183.3,0,wood_block,cups
n3_scene0006,4,7,1,1,0,230.4,230.4,0,phillips_screwdriver,wood_block
n3_scene0006,7,9,2,2,0,224.7,228.3,0,wood_block,cups
n3_scene0006,1,7,4,2,2,19.7,56.0,1,wood_block,wood_block
n3_scene0006,1,9,2,2,0,180.1,218.5,0,wood_block,cups
n3_scene0006,2,4,1,1,0,51.1,51.1,0,wood_block,phillips_screwdriver
n3_scene0006,1,8,3,2,1,9.1,81.7,1,wood_block,wood_block
n3_scene0006,7,8,2,0,2,0.5,1.0,1,wood_block,wood_block
n3_scene0006,4,9,2,2,0,45.2,56.3,0,phillips_screwdriver,cups
n3_scene0006,3,4,1,1,0,48.7,48.7,1,phillips_screwdriver,phillips_screwdriver
n3_scene0006,1,3,1,1,0,89.7,89.7,0,wood_block,phillips_screwdriver
n3_scene0006,2,3,1,1,0,617.6,617.6,0,wood_block,phillips_screwdriver
n3_scene0006,9,11,1,1,0,54.7,54.7,1,cups,cups
n3_scene0006,3,8,1,0,1,32.1,32.1,0,phillips_screwdriver,wood_block
n3_scene0006,2,5,1,1,0,171.9,171.9,1,wood_block,wood_block
n3_scene0006,5,10,1,1,0,184.8,184.8,0,wood_block,phillips_screwdriver
n3_scene0006,2,7,1,0,1,1.7,1.7,1,wood_block,wood_block
n3_scene0006,7,11,1,0,1,2.6,2.6,0,wood_block,cups
n3_scene0006,1,2,1,0,1,8.6,8.6,1,wood_block,wood_block
n3_scene0006,1,11,1,0,1,13.5,13.5,0,wood_block,cups
n3_scene0006,10,11,1,1,0,184.4,184.4,0,phillips_screwdriver,cups
n3_scene0007,10,12,3,0,3,0.5,2.7,0,medium_clamp,apple
n3_scene0007,12,13,1,0,1,6.6,6.6,0,apple,medium_clamp
n3_scene0007,6,12,1,0,1,0.6,0.6,1,apple,apple
n3_scene0007,2,10,1,0,1,29.4,29.4,0,apple,medium_clamp
n3_scene0007,5,10,1,0,1,8.6,8.6,0,apple,medium_clamp
n3_scene0008,15,18,1,1,0,183.4,183.4,0,tomato_soup_can,pudding_box
n3_scene0008,11,15,1,1,0,897.7,897.7,1,tomato_soup_can,tomato_soup_can
n3_scene0008,9,12,1,0,1,0.1,0.1,1,pudding_box,pudding_box
n3_scene0008,9,15,1,0,1,16.3,16.3,0,pudding_box,tomato_soup_can
n3_scene0008,12,15,1,1,0,197.7,197.7,0,pudding_box,tomato_soup_can
n3_scene0009,5,13,3,3,0,164.8,737.4,1,lemon,lemon
n3_scene0009,12,13,2,0,2,1.3,9.8,1,lemon,lemon
n3_scene0009,5,12,1,1,0,511.0,511.0,1,lemon,lemon
n3_scene0009,4,12,1,0,1,19.8,19.8,0,cups,lemon
n3_scene0010,6,14,1,0,1,5.8,5.8,1,master_chef_can,master_chef_can
n3_scene0011,9,15,12,3,9,7.4,26.5,1,power_drill,power_drill
n3_scene0011,9,16,10,1,9,0.4,9.4,0,power_drill,knife
n3_scene0011,9,11,6,5,1,3.6,72.3,1,power_drill,power_drill
n3_scene0011,11,15,1,1,0,76.2,76.2,1,power_drill,power_drill
n3_scene0011,12,15,4,3,1,16.3,95.6,1,power_drill,power_drill
n3_scene0011,2,7,4,0,4,1.5,5.9,1,sugar_box,sugar_box
n3_scene0011,6,9,10,6,4,4.5,71.0,1,power_drill,power_drill
n3_scene0011,9,12,10,9,1,14.9,71.1,1,power_drill,power_drill
n3_scene0011,6,12,8,6,2,0.3,122.3,1,power_drill,power_drill
n3_scene0011,8,12,3,2,1,38.9,91.3,0,sugar_box,power_drill
n3_scene0011,6,15,1,0,1,15.5,15.5,1,power_drill,power_drill
n3_scene0011,15,16,4,4,0,87.1,217.3,0,power_drill,knife
n3_scene0011,6,16,4,3,1,25.4,167.6,0,power_drill,knife
n3_scene0011,2,8,1,0,1,19.7,19.7,1,sugar_box,sugar_box
n3_scene0011,2,12,1,1,0,128.0,128.0,0,sugar_box,power_drill
n3_scene0011,5,6,1,1,0,232.4,232.4,1,power_drill,power_drill
n3_scene0011,5,9,1,0,1,26.9,26.9,1,power_drill,power_drill
n3_scene0011,3,9,1,0,1,6.6,6.6,1,power_drill,power_drill
n3_scene0012,7,9,4,0,4,6.8,12.8,1,scissors,scissors
n3_scene0012,7,8,3,0,3,0.2,1.8,1,scissors,scissors
n3_scene0012,5,8,2,1,1,18.5,50.5,0,cups,scissors
n3_scene0012,3,7,1,0,1,2.8,2.8,1,scissors,scissors
n3_scene0012,3,8,2,1,1,22.7,156.7,1,scissors,scissors
n3_scene0013,4,5,1,1,0,77.7,77.7,0,strawberry,spoon
n3_scene0013,6,7,3,0,3,9.6,11.8,1,tuna_fish_can,tuna_fish_can
n3_scene0015,8,13,3,0,3,4.0,7.2,1,potted_meat_can,potted_meat_can
n3_scene0015,5,8,2,2,0,159.3,167.2,0,cups,potted_meat_can
n3_scene0015,5,11,4,2,2,28.5,217.9,1,cups,cups
n3_scene0015,9,11,5,5,0,53.5,242.1,1,cups,cups
n3_scene0015,10,11,5,3,2,23.7,100.2,0,orange,cups
n3_scene0015,12,13,1,0,1,4.5,4.5,1,potted_meat_can,potted_meat_can
n3_scene0016,1,9,1,1,0,136.2,136.2,0,bleach_cleanser,pear
n3_scene0016,1,13,1,0,1,2.3,2.3,1,bleach_cleanser,bleach_cleanser
n3_scene0016,5,9,2,2,0,136.4,228.3,0,bleach_cleanser,pear
n3_scene0016,5,13,1,0,1,2.6,2.6,1,bleach_cleanser,bleach_cleanser
n3_scene0016,9,11,2,2,0,134.8,218.4,0,pear,bleach_cleanser
n3_scene0016,11,13,2,0,2,4.2,17.7,1,bleach_cleanser,bleach_cleanser
n3_scene0016,7,9,1,1,0,135.6,135.6,0,bleach_cleanser,pear
n3_scene0016,11,14,1,1,0,151.2,151.2,0,bleach_cleanser,mug
n3_scene0016,14,15,6,0,6,0.5,20.4,1,mug,mug
n3_scene0016,9,15,1,0,1,17.9,17.9,0,pear,mug
n3_scene0016,5,12,1,1,0,88.4,88.4,1,bleach_cleanser,bleach_cleanser
n3_scene0016,3,11,1,0,1,31.4,31.4,1,bleach_cleanser,bleach_cleanser
n3_scene0016,11,12,1,0,1,23.7,23.7,1,bleach_cleanser,bleach_cleanser
n3_scene0016,8,11,1,0,1,19.0,19.0,1,bleach_cleanser,bleach_cleanser
n3_scene0016,4,12,3,2,1,10.6,142.8,0,mug,bleach_cleanser
n3_scene0016,4,13,3,3,0,97.9,141.7,0,mug,bleach_cleanser
n3_scene0016,12,14,3,0,3,9.0,11.7,0,bleach_cleanser,mug
n3_scene0016,3,13,1,1,0,127.4,127.4,1,bleach_cleanser,bleach_cleanser
n3_scene0016,3,9,1,1,0,299.0,299.0,0,bleach_cleanser,pear
n3_scene0016,12,13,5,5,0,50.2,113.5,1,bleach_cleanser,bleach_cleanser
n3_scene0016,12,15,2,0,2,3.4,13.6,0,bleach_cleanser,mug
n3_scene0016,9,13,1,1,0,299.9,299.9,0,pear,bleach_cleanser
n3_scene0016,10,12,1,1,0,57.4,57.4,1,bleach_cleanser,bleach_cleanser
n3_scene0016,10,13,1,0,1,27.8,27.8,1,bleach_cleanser,bleach_cleanser
n3_scene0016,6,12,1,1,0,336.7,336.7,0,mug,bleach_cleanser
n3_scene0016,6,13,1,1,0,141.8,141.8,0,mug,bleach_cleanser
n3_scene0016,13,14,1,0,1,4.8,4.8,0,bleach_cleanser,mug
n3_scene0016,7,12,2,0,2,4.0,4.4,1,bleach_cleanser,bleach_cleanser
n3_scene0016,4,14,1,0,1,15.9,15.9,1,mug,mug
n3_scene0017,10,16,3,3,0,232.3,249.3,0,pitcher_base,extra_large_clamp
n3_scene0017,14,16,4,0,4,3.3,12.2,1,extra_large_clamp,extra_large_clamp
n3_scene0017,10,14,2,0,2,15.8,27.2,0,pitcher_base,extra_large_clamp
n3_scene0017,11,16,2,0,2,7.0,7.4,1,extra_large_clamp,extra_large_clamp
n3_scene0018,7,10,3,2,1,37.3,179.6,1,cups,cups
n3_scene0018,4,13,5,0,5,3.7,15.1,1,nine_hole_peg_test,nine_hole_peg_test
n3_scene0018,4,5,6,0,6,0.4,5.9,1,nine_hole_peg_test,nine_hole_peg_test
n3_scene0018,5,7,1,1,0,411.0,411.0,0,nine_hole_peg_test,cups
n3_scene0018,5,13,2,0,2,3.7,4.0,1,nine_hole_peg_test,nine_hole_peg_test
n3_scene0018,2,4,1,0,1,13.0,13.0,1,nine_hole_peg_test,nine_hole_peg_test
n3_scene0018,6,13,1,0,1,5.0,5.0,1,nine_hole_peg_test,nine_hole_peg_test
n3_scene0018,9,10,2,0,2,18.0,24.0,0,cups,cups
n3_scene0018,4,7,1,0,1,1.8,1.8,0,nine_hole_peg_test,cups
n3_scene0018,4,6,1,0,1,26.2,26.2,1,nine_hole_peg_test,nine_hole_peg_test
n3_scene0019,5,11,6,5,1,19.9,124.9,0,large_clamp,padlock
n3_scene0019,5,8,2,1,1,10.7,31.4,1,large_clamp,large_clamp
n3_scene0019,9,11,3,0,3,0.5,3.9,1,padlock,padlock
n3_scene0019,8,10,3,0,3,0.9,4.0,1,large_clamp,large_clamp
n3_scene0019,8,11,6,3,3,1.6,44.3,0,large_clamp,padlock
n3_scene0019,4,10,1,0,1,1.2,1.2,1,large_clamp,large_clamp
n3_scene0019,4,11,2,2,0,133.5,144.6,0,large_clamp,padlock
n3_scene0019,10,11,4,2,2,10.7,36.3,0,large_clamp,padlock
n3_scene0020,3,4,5,4,1,18.5,164.8,0,cups,plate
n3_scene0020,4,9,3,0,3,9.8,14.4,1,plate,plate
n3_scene0020,4,8,3,0,3,0.3,4.6,1,plate,plate
n3_scene0020,3,10,5,3,2,17.5,43.5,1,cups,cups
n3_scene0020,4,10,2,1,1,12.3,35.0,0,plate,cups
n3_scene0020,9,10,2,1,1,21.1,158.5,0,plate,cups
n3_scene0020,7,10,2,1,1,18.8,126.0,0,flat_screwdriver,cups
n3_scene0020,7,8,2,2,0,79.7,178.9,0,flat_screwdriver,plate
n3_scene0020,2,7,1,0,1,6.0,6.0,1,flat_screwdriver,flat_screwdriver
n3_scene0020,3,6,1,0,1,24.2,24.2,1,cups,cups
n3_scene0020,8,10,1,0,1,14.8,14.8,0,plate,cups
n3_scene0020,3,7,1,1,0,105.1,105.1,0,cups,flat_screwdriver
n3_scene0020,7,9,2,1,1,28.5,67.3,0,flat_screwdriver,plate
n3_scene0020,5,9,1,0,1,10.9,10.9,0,flat_screwdriver,plate
n3_scene0021,2,6,1,0,1,6.7,6.7,1,banana,banana
n3_scene0022,2,13,3,3,0,395.9,485.4,0,gelatin_box,cups
n3_scene0022,4,13,1,1,0,160.5,160.5,1,cups,cups
n3_scene0022,2,7,1,0,1,3.6,3.6,1,gelatin_box,gelatin_box
n3_scene0022,7,11,1,0,1,17.2,17.2,0,gelatin_box,golf_ball
n3_scene0023,5,6,1,0,1,9.9,9.9,1,mustard_bottle,mustard_bottle
n3_scene0023,4,6,4,4,0,43.5,106.3,1,mustard_bottle,mustard_bottle
n3_scene0023,1,11,1,0,1,3.6,3.6,0,softball,mustard_bottle
n3_scene0023,1,4,1,0,1,4.8,4.8,0,softball,mustard_bottle
n3_scene0024,5,6,10,8,2,7.5,53.2,0,tennis_ball,racquetball
n3_scene0024,3,6,1,1,0,96.5,96.5,1,racquetball,racquetball
n3_scene0025,5,6,1,0,1,9.6,9.6,1,cups,cups
n3_scene0025,9,10,2,0,2,0.2,2.2,1,padlock,padlock
n3_scene0026,12,14,1,0,1,3.7,3.7,1,flat_screwdriver,flat_screwdriver
n3_scene0026,14,15,3,0,3,5.0,7.3,1,flat_screwdriver,flat_screwdriver
n3_scene0026,1,2,3,0,3,12.1,14.5,0,cups,flat_screwdriver
n3_scene0026,1,13,2,0,2,10.2,16.4,1,cups,cups
n3_scene0026,2,7,1,0,1,7.4,7.4,0,flat_screwdriver,cups
n3_scene0026,7,13,4,0,4,0.4,3.9,1,cups,cups
n3_scene0026,7,14,1,1,0,41.3,41.3,0,cups,flat_screwdriver
n3_scene0026,2,11,1,1,0,40.4,40.4,0,flat_screwdriver,plate
n3_scene0026,6,11,1,1,0,40.4,40.4,1,plate,plate
n3_scene0026,11,13,1,0,1,36.9,36.9,0,plate,cups
n3_scene0026,2,8,2,0,2,8.4,10.5,0,flat_screwdriver,plate
n3_scene0026,6,8,2,0,2,5.1,6.8,1,plate,plate
n3_scene0026,8,13,2,0,2,6.7,7.6,0,plate,cups
n3_scene0026,2,13,3,2,1,14.3,157.3,0,flat_screwdriver,cups
n3_scene0026,2,12,2,1,1,11.5,47.8,1,flat_screwdriver,flat_screwdriver
n3_scene0026,1,7,2,0,2,0.9,6.2,1,cups,cups
n3_scene0026,1,6,1,0,1,10.0,10.0,0,cups,plate
n3_scene0026,7,16,1,0,1,11.9,11.9,1,cups,cups
n3_scene0026,12,13,1,1,0,123.0,123.0,0,flat_screwdriver,cups
n3_scene0026,7,12,1,0,1,1.0,1.0,0,cups,flat_screwdriver
n3_scene0026,4,7,1,0,1,4.9,4.9,1,cups,cups
n3_scene0027,3,4,1,1,0,108.8,108.8,0,pudding_box,cups
n3_scene0027,3,8,1,1,0,107.4,107.4,0,pudding_box,cups
n3_scene0027,1,4,1,1,0,128.8,128.8,0,pudding_box,cups
n3_scene0027,1,8,1,1,0,128.7,128.7,0,pudding_box,cups
n3_scene0028,6,26,1,1,0,168.6,168.6,0,master_chef_can,cracker_box
n3_scene0028,6,14,1,1,0,232.3,232.3,1,master_chef_can,master_chef_can
n3_scene0028,6,16,1,0,1,37.2,37.2,1,master_chef_can,master_chef_can
n3_scene0028,6,25,1,1,0,158.8,158.8,0,master_chef_can,cracker_box
n3_scene0028,6,24,1,1,0,133.1,133.1,0,master_chef_can,cracker_box
n3_scene0028,6,21,1,0,1,10.8,10.8,1,master_chef_can,master_chef_can
n3_scene0028,6,11,1,1,0,153.3,153.3,0,master_chef_can,cracker_box
n3_scene0028,16,26,2,2,0,108.6,121.3,0,master_chef_can,cracker_box
n3_scene0028,21,26,1,1,0,186.6,186.6,0,master_chef_can,cracker_box
n3_scene0028,14,18,9,7,2,10.2,88.8,0,master_chef_can,bleach_cleanser
n3_scene0028,4,14,7,7,0,40.6,111.3,0,bleach_cleanser,master_chef_can
n3_scene0028,14,16,7,5,2,7.8,46.0,1,master_chef_can,master_chef_can
n3_scene0028,14,21,1,0,1,31.8,31.8,1,master_chef_can,master_chef_can
n3_scene0028,13,14,7,6,1,12.0,85.8,0,bleach_cleanser,master_chef_can
n3_scene0028,16,25,2,2,0,116.5,123.8,0,master_chef_can,cracker_box
n3_scene0028,16,24,2,2,0,94.0,95.2,0,master_chef_can,cracker_box
n3_scene0028,11,16,2,2,0,112.9,119.3,0,cracker_box,master_chef_can
n3_scene0028,21,25,1,0,1,27.7,27.7,0,master_chef_can,cracker_box
n3_scene0028,11,25,6,4,2,11.0,112.0,1,cracker_box,cracker_box
n3_scene0028,11,24,1,0,1,12.8,12.8,1,cracker_box,cracker_box
n3_scene0028,4,26,5,5,0,122.0,157.2,0,bleach_cleanser,cracker_box
n3_scene0028,4,25,3,3,0,68.7,118.8,0,bleach_cleanser,cracker_box
n3_scene0028,4,18,3,2,1,27.7,40.7,1,bleach_cleanser,bleach_cleanser
n3_scene0028,4,10,1,0,1,1.8,1.8,0,bleach_cleanser,cracker_box
n3_scene0028,7,18,1,1,0,172.5,172.5,0,master_chef_can,bleach_cleanser
n3_scene0028,16,18,3,3,0,127.3,136.0,0,master_chef_can,bleach_cleanser
n3_scene0028,14,26,3,3,0,77.6,133.4,0,master_chef_can,cracker_box
n3_scene0028,18,26,4,4,0,113.3,145.2,0,bleach_cleanser,cracker_box
n3_scene0028,18,25,2,2,0,112.8,119.4,0,bleach_cleanser,cracker_box
n3_scene0028,13,26,2,2,0,185.4,197.6,0,bleach_cleanser,cracker_box
n3_scene0028,13,25,1,1,0,50.8,50.8,0,bleach_cleanser,cracker_box
n3_scene0028,4,13,1,1,0,270.0,270.0,1,bleach_cleanser,bleach_cleanser
n3_scene0028,4,16,1,0,1,4.9,4.9,0,bleach_cleanser,master_chef_can
n3_scene0028,4,24,1,1,0,110.5,110.5,0,bleach_cleanser,cracker_box
n3_scene0028,13,18,2,2,0,357.4,464.0,1,bleach_cleanser,bleach_cleanser
n3_scene0028,26,29,1,1,0,184.1,184.1,0,cracker_box,bleach_cleanser
n3_scene0028,14,15,2,2,0,133.9,150.1,1,master_chef_can,master_chef_can
n3_scene0028,13,15,1,1,0,111.0,111.0,0,bleach_cleanser,master_chef_can
n3_scene0028,16,21,2,2,0,79.9,89.4,1,master_chef_can,master_chef_can
n3_scene0028,19,26,1,1,0,177.8,177.8,0,bleach_cleanser,cracker_box
n3_scene0028,18,19,1,0,1,10.7,10.7,1,bleach_cleanser,bleach_cleanser
n3_scene0028,14,19,1,0,1,15.6,15.6,0,master_chef_can,bleach_cleanser
n3_scene0029,5,8,1,0,1,4.1,4.1,1,rubiks_cube,rubiks_cube
n3_scene0029,3,10,1,0,1,38.3,38.3,0,cups,rubiks_cube
n3_scene0029,10,11,1,0,1,2.6,2.6,1,rubiks_cube,rubiks_cube
n3_scene0030,1,10,1,1,0,133.9,133.9,0,power_drill,cups
n3_scene0030,2,10,1,1,0,77.9,77.9,1,cups,cups
n3_scene0030,10,13,3,2,1,35.4,41.4,0,cups,power_drill
n3_scene0030,7,10,6,6,0,44.0,64.7,0,apple,cups
n3_scene0030,1,13,4,2,2,3.3,138.2,1,power_drill,power_drill
n3_scene0030,13,15,4,1,3,0.6,14.2,1,power_drill,power_drill
n3_scene0030,9,13,3,2,1,16.7,86.3,0,cups,power_drill
n3_scene0030,11,13,5,4,1,2.7,157.8,1,power_drill,power_drill
n3_scene0030,3,11,2,0,2,3.2,19.0,1,power_drill,power_drill
n3_scene0030,13,17,2,0,2,8.0,12.4,1,power_drill,power_drill
n3_scene0030,11,14,3,0,3,2.7,4.6,1,power_drill,power_drill
n3_scene0030,1,11,2,1,1,2.8,92.7,1,power_drill,power_drill
n3_scene0030,11,15,4,1,3,0.6,11.8,1,power_drill,power_drill
n3_scene0030,15,16,1,0,1,21.3,21.3,1,power_drill,power_drill
n3_scene0030,7,11,2,1,1,6.9,33.1,0,apple,power_drill
n3_scene0030,3,7,1,1,0,87.4,87.4,0,power_drill,apple
n3_scene0030,3,13,2,1,1,0.4,119.9,1,power_drill,power_drill
n3_scene0030,3,15,2,0,2,2.8,4.7,1,power_drill,power_drill
n3_scene0030,1,15,2,0,2,5.5,10.1,1,power_drill,power_drill
n3_scene0030,1,3,1,1,0,51.9,51.9,1,power_drill,power_drill
n3_scene0030,9,11,1,1,0,55.5,55.5,0,cups,power_drill
n3_scene0030,7,9,1,1,0,68.9,68.9,0,apple,cups
n3_scene0030,1,17,1,0,1,0.9,0.9,1,power_drill,power_drill
n3_scene0030,2,7,1,0,1,23.6,23.6,0,cups,apple
n3_scene0030,11,17,1,0,1,7.0,7.0,1,power_drill,power_drill
n3_scene0031,5,6,5,2,3,14.3,23.0,0,knife,extra_large_clamp
n3_scene0031,2,5,3,3,0,52.6,245.0,0,extra_large_clamp,knife
n3_scene0032,7,11,1,1,0,105.5,105.5,0,tomato_soup_can,bowl
n3_scene0032,11,13,1,1,0,86.7,86.7,0,bowl,tomato_soup_can
n3_scene0032,3,12,1,1,0,515.1,515.1,0,tomato_soup_can,bowl
n3_scene0032,5,8,1,1,0,140.6,140.6,0,adjustable_wrench,tomato_soup_can
n3_scene0032,5,13,2,2,0,115.2,136.0,0,adjustable_wrench,tomato_soup_can
n3_scene0032,3,6,1,1,0,227.2,227.2,0,tomato_soup_can,adjustable_wrench
n3_scene0032,8,13,2,1,1,8.1,72.4,1,tomato_soup_can,tomato_soup_can
n3_scene0032,6,8,1,1,0,216.1,216.1,0,adjustable_wrench,tomato_soup_can
n3_scene0032,7,9,1,1,0,96.0,96.0,0,tomato_soup_can,bowl
n3_scene0032,9,12,1,1,0,229.3,229.3,1,bowl,bowl
n3_scene0032,7,12,1,1,0,71.0,71.0,0,tomato_soup_can,bowl
n3_scene0032,2,12,1,0,1,25.8,25.8,1,bowl,bowl
n3_scene0032,3,9,2,0,2,0.3,1.6,0,tomato_soup_can,bowl
n3_scene0032,2,9,1,0,1,9.1,9.1,1,bowl,bowl
n3_scene0032,3,10,1,0,1,7.2,7.2,0,tomato_soup_can,bowl
n3_scene0032,3,13,2,0,2,6.3,7.1,1,tomato_soup_can,tomato_soup_can
n3_scene0032,2,3,1,0,1,12.1,12.1,0,bowl,tomato_soup_can
n3_scene0033,2,10,2,2,0,748.2,862.9,1,wood_block,wood_block
n3_scene0033,8,12,2,2,0,149.3,153.4,0,lemon,foam_brick
n3_scene0033,2,12,1,1,0,63.8,63.8,0,wood_block,foam_brick
n3_scene0033,4,5,3,0,3,4.0,4.7,1,wood_block,wood_block
n3_scene0033,5,12,1,1,0,61.2,61.2,0,wood_block,foam_brick
n3_scene0033,1,2,2,2,0,64.0,215.0,0,foam_brick,wood_block
n3_scene0033,4,10,2,0,2,3.3,3.4,1,wood_block,wood_block
n3_scene0033,5,10,6,1,5,5.7,7.4,1,wood_block,wood_block
n3_scene0033,1,10,2,1,1,12.8,233.6,0,foam_brick,wood_block
n3_scene0033,12,13,1,0,1,5.6,5.6,1,foam_brick,foam_brick
n3_scene0033,1,8,1,1,0,77.7,77.7,0,foam_brick,lemon
n3_scene0033,5,9,1,1,0,41.6,41.6,1,wood_block,wood_block
n3_scene0034,12,13,10,4,6,11.1,37.0,1,pitcher_base,pitcher_base
n3_scene0034,12,14,2,2,0,70.5,125.7,0,pitcher_base,cups
n3_scene0034,13,14,1,1,0,179.6,179.6,0,pitcher_base,cups
n3_scene0035,10,11,1,1,0,215.6,215.6,0,cups,spoon
n3_scene0035,5,7,2,2,0,183.8,197.6,0,spoon,mini_soccer_ball
n3_scene0035,5,11,3,3,0,83.7,214.0,1,spoon,spoon
n3_scene0035,5,6,9,0,9,0.5,2.2,1,spoon,spoon
n3_scene0035,3,11,3,3,0,280.4,837.8,1,spoon,spoon
n3_scene0035,3,7,2,2,0,269.6,276.7,0,spoon,mini_soccer_ball
n3_scene0035,5,10,1,1,0,248.0,248.0,0,spoon,cups
n3_scene0035,5,8,1,0,1,27.9,27.9,0,spoon,cups
n3_scene0036,9,10,1,0,1,31.2,31.2,0,fork,large_clamp
n3_scene0036,3,8,2,2,0,139.4,142.7,1,large_clamp,large_clamp
n3_scene0036,8,10,1,0,1,1.4,1.4,1,large_clamp,large_clamp
n3_scene0037,2,23,4,0,4,9.5,21.1,1,sugar_box,sugar_box
n3_scene0037,3,23,2,0,2,8.9,14.0,1,sugar_box,sugar_box
n3_scene0037,7,23,1,1,0,255.2,255.2,1,sugar_box,sugar_box
n3_scene0037,11,23,1,1,0,241.4,241.4,0,nine_hole_peg_test,sugar_box
n3_scene0037,9,23,1,1,0,264.7,264.7,0,nine_hole_peg_test,sugar_box
n3_scene0037,2,7,1,1,0,255.9,255.9,1,sugar_box,sugar_box
n3_scene0037,2,11,1,1,0,243.1,243.1,0,sugar_box,nine_hole_peg_test
n3_scene0037,2,9,1,1,0,264.5,264.5,0,sugar_box,nine_hole_peg_test
n3_scene0037,13,14,6,1,5,3.2,9.4,1,potted_meat_can,potted_meat_can
n3_scene0037,9,11,4,0,4,3.5,7.3,1,nine_hole_peg_test,nine_hole_peg_test
n3_scene0037,14,23,2,2,0,271.5,295.8,0,potted_meat_can,sugar_box
n3_scene0037,7,14,2,2,0,293.9,403.7,0,sugar_box,potted_meat_can
n3_scene0037,2,14,1,1,0,266.4,266.4,0,sugar_box,potted_meat_can
n3_scene0037,7,24,1,1,0,112.3,112.3,0,sugar_box,potted_meat_can
n3_scene0037,9,24,1,1,0,116.5,116.5,0,nine_hole_peg_test,potted_meat_can
n3_scene0037,11,24,1,0,1,19.0,19.0,0,nine_hole_peg_test,potted_meat_can
n3_scene0037,14,24,3,3,0,54.1,163.3,1,potted_meat_can,potted_meat_can
n3_scene0037,9,20,2,1,1,15.3,27.7,1,nine_hole_peg_test,nine_hole_peg_test
n3_scene0037,11,20,1,0,1,13.7,13.7,1,nine_hole_peg_test,nine_hole_peg_test
n3_scene0037,2,22,1,0,1,6.5,6.5,1,sugar_box,sugar_box
n3_scene0037,13,24,2,1,1,5.7,23.1,1,potted_meat_can,potted_meat_can
n3_scene0037,14,15,1,0,1,1.6,1.6,0,potted_meat_can,sugar_box
n3_scene0037,7,18,1,1,0,507.8,507.8,1,sugar_box,sugar_box
n3_scene0037,18,24,1,0,1,1.5,1.5,0,sugar_box,potted_meat_can
n3_scene0037,1,13,1,0,1,2.8,2.8,1,potted_meat_can,potted_meat_can
n3_scene0037,3,24,1,0,1,5.1,5.1,0,sugar_box,potted_meat_can
n3_scene0037,15,24,1,1,0,310.0,310.0,0,sugar_box,potted_meat_can
n3_scene0037,7,16,1,0,1,21.8,21.8,1,sugar_box,sugar_box
n3_scene0037,16,18,1,0,1,21.9,21.9,1,sugar_box,sugar_box
n3_scene0037,7,15,1,0,1,15.5,15.5,1,sugar_box,sugar_box
n3_scene0037,15,18,1,0,1,15.5,15.5,1,sugar_box,sugar_box
n3_scene0038,3,6,2,0,2,18.0,19.9,0,cups,peach
n3_scene0038,3,9,2,0,2,0.6,2.2,1,cups,cups
n3_scene0038,9,10,4,1,3,6.1,26.1,0,cups,phillips_screwdriver
n3_scene0038,3,10,4,3,1,1.7,84.5,0,cups,phillips_screwdriver
n3_scene0038,8,9,1,1,0,133.0,133.0,1,cups,cups
n3_scene0038,6,8,1,1,0,100.1,100.1,0,peach,cups
n3_scene0038,7,10,1,1,0,51.0,51.0,0,peach,phillips_screwdriver
n3_scene0039,7,10,1,0,1,0.6,0.6,0,tuna_fish_can,medium_clamp
n3_scene0039,7,11,4,0,4,6.8,10.8,1,tuna_fish_can,tuna_fish_can
n3_scene0039,10,13,2,0,2,7.8,10.7,0,medium_clamp,large_marker
n3_scene0039,8,13,4,2,2,2.6,110.2,1,large_marker,large_marker
n3_scene0039,5,10,2,1,1,1.3,30.0,0,tuna_fish_can,medium_clamp
n3_scene0039,10,11,3,0,3,3.7,3.9,0,medium_clamp,tuna_fish_can
n3_scene0039,5,13,1,0,1,5.6,5.6,0,tuna_fish_can,large_marker
n3_scene0040,7,14,1,0,1,18.9,18.9,0,orange,mug
n3_scene0041,4,7,2,2,0,131.1,286.0,1,cups,cups
n3_scene0041,7,12,1,1,0,188.9,188.9,0,cups,scissors
n3_scene0041,6,7,2,2,0,50.0,153.9,1,cups,cups
n3_scene0041,4,14,1,1,0,304.4,304.4,0,cups,cups
n3_scene0041,4,6,4,3,1,25.5,69.2,1,cups,cups
n3_scene0041,6,12,1,1,0,145.9,145.9,0,cups,scissors
n3_scene0041,6,14,1,1,0,173.7,173.7,0,cups,cups
n3_scene0041,4,5,7,5,2,11.9,43.8,0,cups,cups
n3_scene0041,5,12,5,1,4,3.0,20.0,0,cups,scissors
n3_scene0041,2,6,1,0,1,5.9,5.9,1,cups,cups
n3_scene0041,5,10,2,0,2,1.0,4.6,0,cups,scissors
n3_scene0041,5,6,1,0,1,0.3,0.3,0,cups,cups
n3_scene0042,5,8,3,1,2,36.9,40.0,1,spoon,spoon
n3_scene0042,3,5,4,2,2,0.4,107.4,1,spoon,spoon
n3_scene0042,5,7,4,1,3,3.0,8.4,0,spoon,medium_clamp
n3_scene0042,7,8,1,1,0,438.2,438.2,0,medium_clamp,spoon
n3_scene0042,3,7,1,1,0,495.9,495.9,0,spoon,medium_clamp
n3_scene0042,5,10,1,0,1,4.9,4.9,0,spoon,medium_clamp
n3_scene0042,5,6,1,0,1,11.3,11.3,0,spoon,medium_clamp
n3_scene0042,8,9,1,0,1,13.0,13.0,1,spoon,spoon
n3_scene0042,7,13,1,0,1,0.8,0.8,1,medium_clamp,medium_clamp
n3_scene0043,6,8,2,0,2,2.1,2.5,0,sponge,phillips_screwdriver
n3_scene0043,6,9,4,0,4,1.3,8.4,1,sponge,sponge
n3_scene0043,2,9,3,0,3,0.2,7.8,1,sponge,sponge
n3_scene0043,2,6,1,1,0,91.4,91.4,1,sponge,sponge
n3_scene0044,8,13,4,1,3,4.1,6.6,1,flat_screwdriver,flat_screwdriver
n3_scene0044,11,13,1,0,1,4.7,4.7,1,flat_screwdriver,flat_screwdriver
n3_scene0044,5,7,5,1,4,0.6,35.0,1,wood_block,wood_block
n3_scene0044,3,8,1,1,0,115.8,115.8,1,flat_screwdriver,flat_screwdriver
n3_scene0044,3,13,3,1,2,25.0,32.2,1,flat_screwdriver,flat_screwdriver
n3_scene0044,3,7,1,0,1,15.7,15.7,0,flat_screwdriver,wood_block
n3_scene0044,7,11,1,0,1,6.6,6.6,0,wood_block,flat_screwdriver
n3_scene0045,3,10,1,1,0,128.9,128.9,0,banana,mustard_bottle
n3_scene0045,3,9,5,5,0,138.2,234.9,0,banana,mustard_bottle
n3_scene0045,6,9,1,1,0,329.7,329.7,0,banana,mustard_bottle
n3_scene0045,4,10,2,2,0,117.8,118.2,0,cups,mustard_bottle
n3_scene0045,9,10,3,1,2,3.8,15.0,1,mustard_bottle,mustard_bottle
n3_scene0045,8,10,6,6,0,95.3,98.8,0,cups,mustard_bottle
n3_scene0045,4,9,1,1,0,92.8,92.8,0,cups,mustard_bottle
n3_scene0045,8,9,4,4,0,93.1,124.4,0,cups,mustard_bottle
n3_scene0045,3,6,2,0,2,1.4,3.6,1,banana,banana
n3_scene0046,10,19,1,1,0,75.7,75.7,1,cracker_box,cracker_box
n3_scene0046,10,17,2,2,0,130.3,245.3,0,cracker_box,pudding_box
n3_scene0046,10,14,8,6,2,22.7,107.6,1,cracker_box,cracker_box
n3_scene0046,6,19,1,1,0,131.7,131.7,0,baseball,cracker_box
n3_scene0046,12,19,1,1,0,457.1,457.1,1,cracker_box,cracker_box
n3_scene0046,12,17,2,2,0,190.6,253.2,0,cracker_box,pudding_box
n3_scene0046,12,14,1,0,1,21.7,21.7,1,cracker_box,cracker_box
n3_scene0046,6,12,1,1,0,138.2,138.2,0,baseball,cracker_box
n3_scene0046,12,18,1,1,0,650.4,650.4,1,cracker_box,cracker_box
n3_scene0046,11,12,1,0,1,3.3,3.3,0,pudding_box,cracker_box
n3_scene0046,10,18,1,1,0,189.8,189.8,1,cracker_box,cracker_box
n3_scene0046,9,11,1,0,1,3.4,3.4,0,cracker_box,pudding_box
n3_scene0047,3,18,3,3,0,41.8,83.0,1,cups,cups
n3_scene0047,3,14,4,1,3,5.8,25.4,0,cups,cups
n3_scene0047,14,18,1,1,0,95.3,95.3,0,cups,cups
n3_scene0047,11,14,2,2,0,139.7,141.6,1,cups,cups
n3_scene0047,11,18,1,1,0,149.5,149.5,0,cups,cups
n3_scene0047,3,11,1,0,1,5.8,5.8,0,cups,cups
n3_scene0048,11,13,1,1,0,223.1,223.1,0,orange,cups
n3_scene0048,7,9,7,0,7,6.1,10.2,1,scissors,scissors
n3_scene0048,3,10,5,1,4,3.5,11.0,1,scissors,scissors
n3_scene0048,9,10,4,0,4,3.6,4.9,1,scissors,scissors
n3_scene0048,10,11,2,1,1,1.1,70.1,0,scissors,orange
n3_scene0048,3,9,2,0,2,1.8,3.5,1,scissors,scissors
n3_scene0048,11,12,1,0,1,27.8,27.8,0,orange,cups
n3_scene0048,6,7,1,0,1,2.0,2.0,1,scissors,scissors
n3_scene0050,4,6,4,4,0,83.9,126.8,0,large_marker,adjustable_wrench
n3_scene0051,1,6,1,0,1,0.8,0.8,1,rubiks_cube,rubiks_cube
n3_scene0051,7,10,4,4,0,149.4,154.4,0,rubiks_cube,mug
n3_scene0051,10,12,2,2,0,151.3,160.7,0,mug,rubiks_cube
n3_scene0051,7,12,1,1,0,97.8,97.8,1,rubiks_cube,rubiks_cube
n3_scene0051,6,11,1,0,1,3.7,3.7,0,rubiks_cube,knife
n3_scene0051,2,6,2,2,0,241.5,352.4,0,mug,rubiks_cube
n3_scene0051,2,10,1,0,1,15.9,15.9,1,mug,mug
n3_scene0051,2,7,1,1,0,82.5,82.5,0,mug,rubiks_cube
n3_scene0051,2,11,1,1,0,273.3,273.3,0,mug,knife
n3_scene0051,11,12,1,1,0,136.5,136.5,0,knife,rubiks_cube
n3_scene0051,7,11,1,0,1,1.5,1.5,0,rubiks_cube,knife
n3_scene0052,5,9,3,3,0,158.8,203.4,0,potted_meat_can,golf_ball
n3_scene0052,9,10,2,2,0,158.0,161.0,0,golf_ball,mini_soccer_ball
n3_scene0052,7,8,4,0,4,8.6,10.1,1,potted_meat_can,potted_meat_can
n3_scene0052,3,7,1,0,1,5.4,5.4,1,potted_meat_can,potted_meat_can
n3_scene0053,6,7,5,5,0,109.6,145.9,0,master_chef_can,nine_hole_peg_test
n3_scene0053,6,14,3,3,0,70.0,75.5,0,master_chef_can,nine_hole_peg_test
n3_scene0053,7,12,2,2,0,157.5,157.8,0,nine_hole_peg_test,master_chef_can
n3_scene0053,11,12,9,0,9,4.8,14.9,1,master_chef_can,master_chef_can
n3_scene0053,12,14,4,2,2,5.9,49.1,0,master_chef_can,nine_hole_peg_test
n3_scene0053,2,7,1,1,0,135.9,135.9,0,master_chef_can,nine_hole_peg_test
n3_scene0053,1,14,2,2,0,91.0,147.2,0,gelatin_box,nine_hole_peg_test
n3_scene0053,5,6,2,1,1,19.9,79.5,1,master_chef_can,master_chef_can
n3_scene0053,1,6,4,4,0,112.9,121.4,0,gelatin_box,master_chef_can
n3_scene0053,6,8,3,3,0,133.2,134.5,0,master_chef_can,nine_hole_peg_test
n3_scene0053,5,12,3,3,0,106.9,127.6,1,master_chef_can,master_chef_can
n3_scene0053,1,12,2,2,0,119.5,126.0,0,gelatin_box,master_chef_can
n3_scene0053,8,12,1,1,0,142.7,142.7,0,nine_hole_peg_test,master_chef_can
n3_scene0053,5,11,1,1,0,177.1,177.1,1,master_chef_can,master_chef_can
n3_scene0053,3,5,1,1,0,138.6,138.6,1,master_chef_can,master_chef_can
n3_scene0053,3,8,1,1,0,138.8,138.8,0,master_chef_can,nine_hole_peg_test
n3_scene0053,7,8,4,0,4,2.0,8.8,1,nine_hole_peg_test,nine_hole_peg_test
n3_scene0053,7,15,2,0,2,15.6,20.5,1,nine_hole_peg_test,nine_hole_peg_test
n3_scene0053,8,15,2,0,2,1.1,7.3,1,nine_hole_peg_test,nine_hole_peg_test
n3_scene0053,7,14,4,2,2,13.9,44.2,1,nine_hole_peg_test,nine_hole_peg_test
n3_scene0053,8,14,2,1,1,5.0,24.5,1,nine_hole_peg_test,nine_hole_peg_test
n3_scene0053,7,11,3,3,0,113.1,114.0,0,nine_hole_peg_test,master_chef_can
n3_scene0053,5,7,1,1,0,180.5,180.5,0,master_chef_can,nine_hole_peg_test
n3_scene0053,8,11,2,2,0,136.2,137.2,0,nine_hole_peg_test,master_chef_can
n3_scene0053,1,11,3,3,0,112.7,122.1,0,gelatin_box,master_chef_can
n3_scene0053,11,14,1,1,0,127.7,127.7,0,master_chef_can,nine_hole_peg_test
n3_scene0053,1,5,2,1,1,5.6,68.4,0,gelatin_box,master_chef_can
n3_scene0053,6,12,1,1,0,83.5,83.5,1,master_chef_can,master_chef_can
n3_scene0054,9,13,6,5,1,14.5,157.5,1,power_drill,power_drill
n3_scene0054,5,9,4,3,1,2.5,109.6,0,apple,power_drill
n3_scene0054,3,7,1,0,1,29.2,29.2,0,power_drill,tennis_ball
n3_scene0054,3,9,1,1,0,65.8,65.8,1,power_drill,power_drill
n3_scene0054,9,12,1,0,1,16.6,16.6,1,power_drill,power_drill
n3_scene0055,10,14,6,0,6,0.2,6.5,1,extra_large_clamp,extra_large_clamp
n3_scene0055,5,13,2,0,2,4.0,4.4,1,tomato_soup_can,tomato_soup_can
n3_scene0055,6,13,1,0,1,2.8,2.8,1,tomato_soup_can,tomato_soup_can
n3_scene0055,10,12,3,0,3,6.3,7.7,0,extra_large_clamp,tomato_soup_can
n3_scene0055,2,13,3,0,3,6.9,11.2,0,extra_large_clamp,tomato_soup_can
n3_scene0055,11,13,3,0,3,2.2,6.8,1,tomato_soup_can,tomato_soup_can
n3_scene0055,11,12,1,0,1,35.5,35.5,1,tomato_soup_can,tomato_soup_can
n3_scene0056,3,8,11,3,8,6.0,26.4,1,large_clamp,large_clamp
n3_scene0056,8,9,7,1,6,1.4,7.1,0,large_clamp,fork
n3_scene0056,4,8,1,0,1,23.0,23.0,1,large_clamp,large_clamp
n3_scene0056,3,5,2,2,0,143.3,152.1,1,large_clamp,large_clamp
n3_scene0058,11,18,3,2,1,26.8,62.9,0,pitcher_base,bleach_cleanser
n3_scene0058,10,12,1,0,1,18.2,18.2,0,bleach_cleanser,pitcher_base
n3_scene0058,11,15,1,0,1,40.0,40.0,1,pitcher_base,pitcher_base
n3_scene0058,11,17,2,2,0,47.2,232.6,0,pitcher_base,cups
n3_scene0058,13,18,4,4,0,138.7,178.7,0,pitcher_base,bleach_cleanser
n3_scene0058,12,18,9,5,4,7.8,62.4,0,pitcher_base,bleach_cleanser
n3_scene0058,11,19,1,0,1,19.8,19.8,0,pitcher_base,bleach_cleanser
n3_scene0058,18,19,1,1,0,2455.2,2455.2,1,bleach_cleanser,bleach_cleanser
n3_scene0058,17,19,1,0,1,10.0,10.0,0,cups,bleach_cleanser
n3_scene0058,11,12,1,0,1,12.3,12.3,1,pitcher_base,pitcher_base
n3_scene0058,12,13,4,1,3,15.0,30.3,1,pitcher_base,pitcher_base
n3_scene0058,13,17,1,1,0,413.7,413.7,0,pitcher_base,cups
n3_scene0058,14,18,1,0,1,7.5,7.5,1,bleach_cleanser,bleach_cleanser
n3_scene0059,6,18,1,1,0,132.8,132.8,1,sugar_box,sugar_box
n3_scene0059,18,20,1,1,0,243.4,243.4,1,sugar_box,sugar_box
n3_scene0059,12,20,3,0,3,0.5,0.6,1,sugar_box,sugar_box
n3_scene0059,16,20,1,0,1,2.5,2.5,1,sugar_box,sugar_box
n3_scene0059,7,20,1,0,1,9.3,9.3,1,sugar_box,sugar_box
n3_scene0059,11,12,1,0,1,16.9,16.9,1,sugar_box,sugar_box
n3_scene0059,7,11,1,0,1,12.6,12.6,1,sugar_box,sugar_box
n3_scene0059,7,12,1,0,1,8.6,8.6,1,sugar_box,sugar_box
n3_scene0059,11,18,5,2,3,6.4,21.6,1,sugar_box,sugar_box
n3_scene0059,12,18,3,1,2,13.0,17.2,1,sugar_box,sugar_box
n3_scene0059,7,18,1,0,1,9.9,9.9,1,sugar_box,sugar_box
n3_scene0060,9,11,2,0,2,2.7,8.4,1,foam_brick,foam_brick
n3_scene0060,8,9,1,0,1,17.6,17.6,1,foam_brick,foam_brick
n3_scene0060,2,9,1,0,1,14.6,14.6,1,foam_brick,foam_brick
n3_scene0060,2,8,2,1,1,24.4,59.3,1,foam_brick,foam_brick
n3_scene0060,8,11,3,1,2,6.5,24.7,1,foam_brick,foam_brick
n3_scene0060,12,13,3,0,3,12.6,13.4,1,tuna_fish_can,tuna_fish_can
n3_scene0060,2,11,1,1,0,55.2,55.2,1,foam_brick,foam_brick
n3_scene0061,4,9,1,1,0,110.7,110.7,0,cups,bowl
n3_scene0061,6,9,1,1,0,110.7,110.7,0,cups,bowl
n3_scene0061,9,11,2,2,0,142.9,151.9,0,bowl,lemon
n3_scene0061,6,11,1,1,0,61.4,61.4,0,cups,lemon
n3_scene0061,6,10,4,1,3,1.9,22.0,0,cups,bowl
n3_scene0061,8,10,4,4,0,40.1,135.0,1,bowl,bowl
n3_scene0061,3,6,1,0,1,5.2,5.2,1,cups,cups
n3_scene0061,3,7,1,0,1,8.8,8.8,1,cups,cups
n3_scene0061,3,10,1,1,0,90.4,90.4,0,cups,bowl
n3_scene0061,7,10,1,0,1,9.5,9.5,0,cups,bowl
n4_scene0001,2,4,1,1,0,95.5,95.5,0,cups,cracker_box
n4_scene0001,2,11,1,1,0,69.8,69.8,0,cups,cracker_box
n4_scene0001,2,12,4,3,1,34.1,69.0,0,cups,large_marker
n4_scene0001,2,21,1,1,0,62.2,62.2,0,cups,cracker_box
n4_scene0001,8,12,1,1,0,92.3,92.3,0,cups,large_marker
n4_scene0001,7,21,4,4,0,51.5,97.9,1,cracker_box,cracker_box
n4_scene0001,4,19,1,1,0,242.6,242.6,0,cracker_box,orange
n4_scene0001,7,19,1,1,0,243.3,243.3,0,cracker_box,orange
n4_scene0001,3,12,1,0,1,1.7,1.7,1,large_marker,large_marker
n4_scene0001,4,12,2,0,2,17.5,24.5,0,cracker_box,large_marker
n4_scene0001,4,14,1,1,0,263.0,263.0,0,cracker_box,cups
n4_scene0001,8,14,1,1,0,364.5,364.5,1,cups,cups
n4_scene0001,7,12,1,0,1,14.3,14.3,0,cracker_box,large_marker
n4_scene0001,1,8,2,0,2,14.8,19.0,0,large_marker,cups
n4_scene0001,1,12,2,2,0,82.8,91.1,1,large_marker,large_marker
n4_scene0001,2,8,1,0,1,3.4,3.4,1,cups,cups
n4_scene0002,6,14,3,3,0,86.3,121.3,0,nine_hole_peg_test,master_chef_can
n4_scene0002,3,19,2,2,0,171.7,226.2,1,master_chef_can,master_chef_can
n4_scene0002,3,9,1,0,1,25.2,25.2,0,master_chef_can,spoon
n4_scene0002,3,6,2,2,0,112.2,139.6,0,master_chef_can,nine_hole_peg_test
n4_scene0002,3,10,2,2,0,170.7,176.5,0,master_chef_can,nine_hole_peg_test
n4_scene0002,6,20,1,1,0,171.2,171.2,0,nine_hole_peg_test,cups
n4_scene0002,10,20,3,3,0,176.9,186.6,0,nine_hole_peg_test,cups
n4_scene0002,6,15,2,1,1,24.6,36.1,1,nine_hole_peg_test,nine_hole_peg_test
n4_scene0002,3,14,1,1,0,85.9,85.9,1,master_chef_can,master_chef_can
n4_scene0002,3,20,5,5,0,49.3,101.2,0,master_chef_can,cups
n4_scene0002,10,19,1,1,0,195.9,195.9,0,nine_hole_peg_test,master_chef_can
n4_scene0002,6,10,2,0,2,10.1,12.9,1,nine_hole_peg_test,nine_hole_peg_test
n4_scene0002,10,15,1,0,1,5.0,5.0,1,nine_hole_peg_test,nine_hole_peg_test
n4_scene0002,5,15,1,1,0,368.2,368.2,0,spoon,nine_hole_peg_test
n4_scene0002,14,20,6,0,6,1.6,4.6,0,master_chef_can,cups
n4_scene0002,6,16,1,0,1,29.5,29.5,1,nine_hole_peg_test,nine_hole_peg_test
n4_scene0002,12,15,1,0,1,1.2,1.2,0,cups,nine_hole_peg_test
n4_scene0002,3,12,1,1,0,224.3,224.3,0,master_chef_can,cups
n4_scene0002,19,20,2,2,0,44.2,64.0,0,master_chef_can,cups
n4_scene0002,3,15,2,1,1,4.8,77.8,0,master_chef_can,nine_hole_peg_test
n4_scene0004,2,9,1,1,0,72.5,72.5,1,apple,apple
n4_scene0004,2,11,1,1,0,212.8,212.8,0,apple,large_clamp
n4_scene0004,7,9,2,2,0,61.6,62.2,0,tomato_soup_can,apple
n4_scene0004,7,11,1,1,0,241.1,241.1,0,tomato_soup_can,large_clamp
n4_scene0004,6,12,1,1,0,85.0,85.0,0,large_clamp,tomato_soup_can
n4_scene0004,11,12,1,1,0,48.5,48.5,0,large_clamp,tomato_soup_can
n4_scene0004,11,14,1,0,1,1.9,1.9,1,large_clamp,large_clamp
n4_scene0004,4,12,1,1,0,54.4,54.4,0,racquetball,tomato_soup_can
n4_scene0004,12,14,1,1,0,427.7,427.7,0,tomato_soup_can,large_clamp
n4_scene0005,10,11,1,1,0,55.8,55.8,0,banana,plum
n4_scene0006,4,10,6,5,1,35.5,78.3,0,lemon,golf_ball
n4_scene0006,6,10,2,0,2,1.2,3.9,0,fork,golf_ball
n4_scene0007,7,14,4,4,0,65.0,173.9,1,power_drill,power_drill
n4_scene0007,7,10,8,5,3,8.5,59.8,0,power_drill,extra_large_clamp
n4_scene0007,7,11,12,7,5,3.8,55.2,1,power_drill,power_drill
n4_scene0007,7,8,8,4,4,9.0,70.8,1,power_drill,power_drill
n4_scene0007,11,16,1,1,0,347.1,347.1,0,power_drill,cups
n4_scene0007,10,14,8,6,2,11.6,75.7,0,extra_large_clamp,power_drill
n4_scene0007,11,14,9,6,3,11.4,81.3,1,power_drill,power_drill
n4_scene0007,8,10,10,0,10,0.7,12.0,0,power_drill,extra_large_clamp
n4_scene0007,10,17,1,0,1,6.4,6.4,0,extra_large_clamp,knife
n4_scene0007,9,10,1,0,1,2.3,2.3,1,extra_large_clamp,extra_large_clamp
n4_scene0007,5,11,11,10,1,29.9,60.7,0,cups,power_drill
n4_scene0007,8,11,4,2,2,27.7,34.5,1,power_drill,power_drill
n4_scene0007,8,14,7,4,3,2.1,62.9,1,power_drill,power_drill
n4_scene0007,4,7,1,1,0,128.3,128.3,0,extra_large_clamp,power_drill
n4_scene0007,10,11,8,3,5,1.3,29.9,0,extra_large_clamp,power_drill
n4_scene0007,5,10,1,0,1,22.8,22.8,0,cups,extra_large_clamp
n4_scene0007,5,14,1,0,1,3.8,3.8,0,cups,power_drill
n4_scene0007,7,9,1,0,1,3.1,3.1,0,power_drill,extra_large_clamp
n4_scene0007,7,15,1,1,0,79.4,79.4,0,power_drill,extra_large_clamp
n4_scene0007,7,13,1,1,0,260.9,260.9,0,power_drill,extra_large_clamp
n4_scene0007,10,13,1,0,1,34.8,34.8,1,extra_large_clamp,extra_large_clamp
n4_scene0007,11,13,1,0,1,24.2,24.2,0,power_drill,extra_large_clamp
n4_scene0007,7,12,1,0,1,1.3,1.3,1,power_drill,power_drill
n4_scene0007,5,12,1,0,1,1.1,1.1,0,cups,power_drill
n4_scene0007,10,12,1,0,1,34.8,34.8,0,extra_large_clamp,power_drill
n4_scene0007,8,12,1,1,0,91.0,91.0,1,power_drill,power_drill
n4_scene0007,11,12,1,0,1,3.7,3.7,1,power_drill,power_drill
n4_scene0007,6,7,1,1,0,91.9,91.9,1,power_drill,power_drill
n4_scene0007,6,8,2,0,2,8.9,19.1,1,power_drill,power_drill
n4_scene0007,6,11,1,0,1,10.1,10.1,1,power_drill,power_drill
n4_scene0007,8,16,1,0,1,4.2,4.2,0,power_drill,cups
n4_scene0008,2,13,1,1,0,43.9,43.9,1,cups,cups
n4_scene0008,2,15,4,2,2,19.7,34.6,1,cups,cups
n4_scene0008,12,13,6,4,2,32.2,54.1,0,potted_meat_can,cups
n4_scene0008,15,18,1,1,0,125.9,125.9,0,cups,potted_meat_can
n4_scene0008,13,15,9,3,6,10.4,32.4,1,cups,cups
n4_scene0008,2,12,2,2,0,130.9,145.5,0,cups,potted_meat_can
n4_scene0008,2,14,2,2,0,111.8,114.6,0,cups,tuna_fish_can
n4_scene0008,12,15,10,5,5,3.6,84.7,0,potted_meat_can,cups
n4_scene0008,14,15,2,2,0,63.9,71.4,0,tuna_fish_can,cups
n4_scene0008,2,4,1,1,0,124.2,124.2,0,cups,potted_meat_can
n4_scene0008,2,9,1,1,0,96.7,96.7,0,cups,tuna_fish_can
n4_scene0008,4,15,5,3,2,11.8,56.8,0,potted_meat_can,cups
n4_scene0008,9,15,1,1,0,83.1,83.1,0,tuna_fish_can,cups
n4_scene0008,9,14,1,0,1,6.4,6.4,1,tuna_fish_can,tuna_fish_can
n4_scene0008,7,15,1,0,1,1.0,1.0,0,potted_meat_can,cups
n4_scene0008,4,12,3,3,0,50.4,75.4,1,potted_meat_can,potted_meat_can
n4_scene0008,12,14,2,1,1,10.6,36.0,0,potted_meat_can,tuna_fish_can
n4_scene0008,8,15,1,0,1,16.5,16.5,1,cups,cups
n4_scene0008,15,16,1,0,1,8.4,8.4,1,cups,cups
n4_scene0009,9,14,5,4,1,11.8,59.5,0,mug,mini_soccer_ball
n4_scene0009,1,9,6,4,2,5.7,68.9,0,flat_screwdriver,mug
n4_scene0009,9,13,10,7,3,0.4,55.1,1,mug,mug
n4_scene0009,2,9,3,2,1,25.4,65.7,0,cups,mug
n4_scene0009,8,9,5,3,2,18.5,61.6,0,flat_screwdriver,mug
n4_scene0009,4,9,2,0,2,13.0,18.0,0,flat_screwdriver,mug
n4_scene0009,13,14,11,7,4,5.7,65.8,0,mug,mini_soccer_ball
n4_scene0009,2,13,4,4,0,85.8,177.1,0,cups,mug
n4_scene0009,4,8,6,0,6,6.1,7.7,1,flat_screwdriver,flat_screwdriver
n4_scene0009,1,2,2,1,1,10.5,160.4,0,flat_screwdriver,cups
n4_scene0009,9,15,1,0,1,12.9,12.9,1,mug,mug
n4_scene0009,7,9,1,0,1,8.6,8.6,0,flat_screwdriver,mug
n4_scene0009,4,7,1,0,1,9.1,9.1,1,flat_screwdriver,flat_screwdriver
n4_scene0009,1,8,1,0,1,11.1,11.1,1,flat_screwdriver,flat_screwdriver
n4_scene0009,1,12,2,2,0,205.3,265.3,0,flat_screwdriver,mug
n4_scene0010,8,10,3,3,0,132.1,169.9,0,mustard_bottle,foam_brick
n4_scene0010,7,8,10,6,4,1.8,68.4,1,mustard_bottle,mustard_bottle
n4_scene0010,3,8,11,9,2,8.4,394.8,0,foam_brick,mustard_bottle
n4_scene0010,5,8,3,3,0,43.1,53.0,0,medium_clamp,mustard_bottle
n4_scene0010,4,7,2,1,1,3.7,397.2,1,mustard_bottle,mustard_bottle
n4_scene0010,7,10,1,0,1,4.3,4.3,0,mustard_bottle,foam_brick
n4_scene0010,8,12,1,0,1,1.5,1.5,1,mustard_bottle,mustard_bottle
n4_scene0010,4,12,1,1,0,790.7,790.7,1,mustard_bottle,mustard_bottle
n4_scene0010,3,4,1,1,0,935.4,935.4,0,foam_brick,mustard_bottle
n4_scene0011,1,16,7,5,2,5.1,213.8,0,scissors,bleach_cleanser
n4_scene0011,16,18,1,0,1,4.5,4.5,1,bleach_cleanser,bleach_cleanser
n4_scene0011,13,16,7,1,6,1.3,5.7,1,bleach_cleanser,bleach_cleanser
n4_scene0011,17,21,5,1,4,5.2,6.6,1,scissors,scissors
n4_scene0011,10,14,9,7,2,9.6,71.5,0,bowl,scissors
n4_scene0011,14,17,10,2,8,1.2,5.7,1,scissors,scissors
n4_scene0011,1,19,2,2,0,157.4,345.5,0,scissors,bleach_cleanser
n4_scene0011,12,19,1,1,0,157.3,157.3,0,cups,bleach_cleanser
n4_scene0011,19,21,2,1,1,0.5,191.0,0,bleach_cleanser,scissors
n4_scene0011,1,14,5,2,3,1.9,22.3,1,scissors,scissors
n4_scene0011,12,16,4,1,3,6.2,21.6,0,cups,bleach_cleanser
n4_scene0011,14,16,7,6,1,31.6,79.1,0,scissors,bleach_cleanser
n4_scene0011,14,15,5,2,3,11.8,19.5,1,scissors,scissors
n4_scene0011,10,19,2,2,0,145.6,177.1,0,bowl,bleach_cleanser
n4_scene0011,16,19,2,1,1,0.5,271.6,1,bleach_cleanser,bleach_cleanser
n4_scene0011,1,12,2,0,2,10.8,17.2,0,scissors,cups
n4_scene0011,12,14,6,5,1,12.4,75.5,0,cups,scissors
n4_scene0011,13,19,1,1,0,99.5,99.5,1,bleach_cleanser,bleach_cleanser
n4_scene0011,2,14,5,3,2,9.1,58.6,1,scissors,scissors
n4_scene0011,2,13,1,1,0,54.2,54.2,0,scissors,bleach_cleanser
n4_scene0011,2,21,1,1,0,889.7,889.7,1,scissors,scissors
n4_scene0011,1,15,2,0,2,1.8,2.0,1,scissors,scissors
n4_scene0011,1,13,1,1,0,99.3,99.3,0,scissors,bleach_cleanser
n4_scene0011,1,21,1,1,0,888.0,888.0,1,scissors,scissors
n4_scene0011,15,17,3,0,3,0.7,1.5,1,scissors,scissors
n4_scene0011,13,15,1,1,0,55.7,55.7,0,bleach_cleanser,scissors
n4_scene0011,13,14,2,2,0,52.7,260.6,0,bleach_cleanser,scissors
n4_scene0011,2,10,1,1,0,217.6,217.6,0,scissors,bowl
n4_scene0011,10,13,1,1,0,233.2,233.2,0,bowl,bleach_cleanser
n4_scene0011,11,14,1,0,1,0.9,0.9,0,cups,scissors
n4_scene0011,2,16,1,1,0,127.8,127.8,0,scissors,bleach_cleanser
n4_scene0012,9,10,10,5,5,1.3,40.8,1,pitcher_base,pitcher_base
n4_scene0012,7,10,4,3,1,36.0,84.9,1,pitcher_base,pitcher_base
n4_scene0012,10,17,1,1,0,74.6,74.6,0,pitcher_base,rubiks_cube
n4_scene0012,14,17,1,0,1,3.1,3.1,1,rubiks_cube,rubiks_cube
n4_scene0012,7,9,6,0,6,7.3,23.4,1,pitcher_base,pitcher_base
n4_scene0012,7,11,1,1,0,54.6,54.6,1,pitcher_base,pitcher_base
n4_scene0012,10,11,3,2,1,23.5,77.3,1,pitcher_base,pitcher_base
n4_scene0012,9,11,2,0,2,4.8,11.3,1,pitcher_base,pitcher_base
n4_scene0012,15,17,2,0,2,0.2,0.5,1,rubiks_cube,rubiks_cube
n4_scene0012,8,9,1,1,0,58.2,58.2,0,cups,pitcher_base
n4_scene0012,9,14,1,1,0,51.1,51.1,0,pitcher_base,rubiks_cube
n4_scene0012,11,14,1,1,0,891.3,891.3,0,pitcher_base,rubiks_cube
n4_scene0012,4,10,1,1,0,112.9,112.9,1,pitcher_base,pitcher_base
n4_scene0012,4,9,1,0,1,7.6,7.6,1,pitcher_base,pitcher_base
n4_scene0012,4,11,1,1,0,69.5,69.5,1,pitcher_base,pitcher_base
n4_scene0013,1,7,2,2,0,272.4,276.6,0,sugar_box,wood_block
n4_scene0013,7,10,2,2,0,267.1,277.6,0,wood_block,sugar_box
n4_scene0013,7,16,1,1,0,290.2,290.2,0,wood_block,sugar_box
n4_scene0013,7,13,1,1,0,281.5,281.5,0,wood_block,sugar_box
n4_scene0013,14,16,2,2,0,284.7,388.7,0,wood_block,sugar_box
n4_scene0013,13,14,1,1,0,271.1,271.1,0,sugar_box,wood_block
n4_scene0013,10,14,1,1,0,275.0,275.0,0,sugar_box,wood_block
n4_scene0013,1,13,6,1,5,7.2,18.1,1,sugar_box,sugar_box
n4_scene0013,8,14,4,1,3,2.6,10.8,1,wood_block,wood_block
n4_scene0013,1,2,1,0,1,10.2,10.2,1,sugar_box,sugar_box
n4_scene0013,5,14,1,1,0,143.9,143.9,0,baseball,wood_block
n4_scene0013,8,16,1,1,0,490.0,490.0,0,wood_block,sugar_box
n4_scene0013,15,16,1,1,0,600.9,600.9,0,wood_block,sugar_box
n4_scene0013,1,3,1,0,1,15.1,15.1,1,sugar_box,sugar_box
n4_scene0013,8,15,1,1,0,229.6,229.6,1,wood_block,wood_block
n4_scene0013,1,15,1,1,0,108.4,108.4,0,sugar_box,wood_block
n4_scene0013,8,12,2,0,2,1.6,2.5,1,wood_block,wood_block
n4_scene0013,10,15,1,1,0,425.4,425.4,0,sugar_box,wood_block
n4_scene0013,12,16,1,0,1,2.2,2.2,0,wood_block,sugar_box
n4_scene0013,10,16,1,1,0,92.7,92.7,1,sugar_box,sugar_box
n4_scene0013,10,12,1,1,0,518.2,518.2,0,sugar_box,wood_block
n4_scene0014,5,8,3,3,0,178.5,283.5,0,cups,cups
n4_scene0014,5,9,3,2,1,14.4,230.1,1,cups,cups
n4_scene0014,1,8,1,1,0,256.3,256.3,1,cups,cups
n4_scene0014,8,9,5,2,3,7.3,10.2,0,cups,cups
n4_scene0014,1,9,1,1,0,181.5,181.5,0,cups,cups
n4_scene0014,5,10,3,3,0,136.4,137.3,0,cups,tennis_ball
n4_scene0014,8,12,2,2,0,66.0,66.9,0,cups,padlock
n4_scene0014,9,10,3,3,0,121.0,121.2,0,cups,tennis_ball
n4_scene0014,12,13,8,0,8,0.5,3.3,1,padlock,padlock
n4_scene0014,5,6,1,1,0,136.7,136.7,0,cups,tennis_ball
n4_scene0014,9,13,1,1,0,52.3,52.3,0,cups,padlock
n4_scene0014,6,9,1,1,0,146.6,146.6,0,tennis_ball,cups
n4_scene0014,9,12,1,1,0,46.0,46.0,0,cups,padlock
n4_scene0015,6,8,2,1,1,22.2,51.1,1,pear,pear
n4_scene0016,2,10,4,1,3,4.6,15.7,0,plate,cups
n4_scene0016,10,11,1,1,0,121.8,121.8,0,cups,flat_screwdriver
n4_scene0016,10,15,1,1,0,51.4,51.4,0,cups,scissors
n4_scene0016,2,15,2,1,1,5.5,23.2,0,plate,scissors
n4_scene0016,12,15,11,1,10,2.9,7.7,1,scissors,scissors
n4_scene0016,11,15,2,0,2,3.0,3.4,0,flat_screwdriver,scissors
n4_scene0016,3,7,1,1,0,65.3,65.3,0,cups,plate
n4_scene0016,2,7,1,0,1,0.7,0.7,1,plate,plate
n4_scene0016,7,10,2,0,2,3.9,5.1,0,plate,cups
n4_scene0016,7,15,1,1,0,151.2,151.2,0,plate,scissors
n4_scene0016,3,15,1,1,0,87.8,87.8,0,cups,scissors
n4_scene0016,2,12,2,1,1,19.4,44.9,0,plate,scissors
n4_scene0016,12,16,1,0,1,7.1,7.1,1,scissors,scissors
n4_scene0016,10,12,1,0,1,10.8,10.8,0,cups,scissors
n4_scene0017,14,15,10,3,7,5.9,25.3,0,cups,potted_meat_can
n4_scene0017,4,11,5,5,0,132.2,226.9,0,potted_meat_can,medium_clamp
n4_scene0017,5,15,4,4,0,71.1,127.7,0,cups,potted_meat_can
n4_scene0017,5,14,3,0,3,4.6,8.7,1,cups,cups
n4_scene0017,5,11,2,2,0,483.6,499.2,0,cups,medium_clamp
n4_scene0017,4,5,1,1,0,522.1,522.1,0,potted_meat_can,cups
n4_scene0017,4,15,4,4,0,185.3,228.1,1,potted_meat_can,potted_meat_can
n4_scene0017,13,15,2,0,2,4.8,10.7,0,cups,potted_meat_can
n4_scene0017,2,15,2,0,2,5.4,6.5,1,potted_meat_can,potted_meat_can
n4_scene0017,13,14,1,0,1,26.1,26.1,1,cups,cups
n4_scene0017,11,12,1,1,0,112.0,112.0,0,medium_clamp,potted_meat_can
n4_scene0018,2,9,5,5,0,174.4,335.0,1,softball,softball
n4_scene0018,1,12,2,2,0,140.8,142.6,0,softball,sponge
n4_scene0018,6,9,5,0,5,0.3,2.3,0,racquetball,softball
n4_scene0018,2,12,1,1,0,173.4,173.4,0,softball,sponge
n4_scene0018,1,2,4,0,4,0.4,8.6,1,softball,softball
n4_scene0018,1,9,4,0,4,6.1,18.8,1,softball,softball
n4_scene0018,4,9,3,3,0,161.3,399.3,0,racquetball,softball
n4_scene0018,9,12,1,0,1,7.1,7.1,0,softball,sponge
n4_scene0018,1,8,1,0,1,2.1,2.1,0,softball,mug
n4_scene0018,6,7,1,1,0,132.9,132.9,0,racquetball,mug
n4_scene0018,8,9,1,1,0,1042.5,1042.5,0,mug,softball
n4_scene0019,1,4,3,3,0,80.8,190.2,0,orange,pitcher_base
n4_scene0019,4,6,4,2,2,14.3,33.7,1,pitcher_base,pitcher_base
n4_scene0019,1,6,2,2,0,77.4,133.2,0,orange,pitcher_base
n4_scene0019,1,9,2,2,0,77.2,124.0,0,orange,pitcher_base
n4_scene0019,4,7,1,1,0,98.4,98.4,1,pitcher_base,pitcher_base
n4_scene0019,3,4,1,1,0,186.4,186.4,0,golf_ball,pitcher_base
n4_scene0019,3,10,1,1,0,83.7,83.7,1,golf_ball,golf_ball
n4_scene0019,3,9,1,1,0,244.2,244.2,0,golf_ball,pitcher_base
n4_scene0020,4,15,1,1,0,83.6,83.6,0,tuna_fish_can,apple
n4_scene0020,12,15,3,3,0,79.9,86.6,0,tuna_fish_can,apple
n4_scene0020,13,15,7,7,0,58.9,66.7,0,tuna_fish_can,apple
n4_scene0020,12,13,3,0,3,1.1,1.4,1,tuna_fish_can,tuna_fish_can
n4_scene0020,3,15,3,3,0,56.7,76.1,0,tuna_fish_can,apple
n4_scene0020,3,16,2,0,2,5.6,8.1,0,tuna_fish_can,plate
n4_scene0020,10,16,2,0,2,5.6,8.7,0,foam_brick,plate
n4_scene0020,3,10,1,0,1,28.8,28.8,0,tuna_fish_can,foam_brick
n4_scene0020,10,15,1,1,0,234.2,234.2,0,foam_brick,apple
n4_scene0020,11,13,1,0,1,8.9,8.9,1,tuna_fish_can,tuna_fish_can
n4_scene0020,10,14,1,0,1,0.6,0.6,1,foam_brick,foam_brick
n4_scene0020,11,15,1,1,0,65.5,65.5,0,tuna_fish_can,apple
n4_scene0020,3,8,1,0,1,0.8,0.8,0,tuna_fish_can,foam_brick
n4_scene0021,14,17,3,0,3,1.2,2.9,1,bowl,bowl
n4_scene0021,11,14,2,1,1,36.9,49.6,1,bowl,bowl
n4_scene0021,18,19,4,0,4,4.0,6.3,1,padlock,padlock
n4_scene0021,13,14,5,2,3,2.8,35.5,0,plum,bowl
n4_scene0021,13,17,1,0,1,7.0,7.0,0,plum,bowl
n4_scene0021,17,18,1,1,0,78.6,78.6,0,bowl,padlock
n4_scene0022,5,10,8,3,5,6.1,21.2,0,power_drill,extra_large_clamp
n4_scene0022,4,5,9,1,8,6.1,20.7,1,power_drill,power_drill
n4_scene0022,5,6,3,3,0,84.8,105.7,1,power_drill,power_drill
n4_scene0022,2,6,6,0,6,3.1,11.3,1,power_drill,power_drill
n4_scene0022,4,9,1,0,1,7.9,7.9,1,power_drill,power_drill
n4_scene0022,4,10,7,5,2,9.8,62.3,0,power_drill,extra_large_clamp
n4_scene0022,6,10,3,3,0,69.2,94.1,0,power_drill,extra_large_clamp
n4_scene0022,2,4,4,1,3,1.3,6.9,1,power_drill,power_drill
n4_scene0022,2,5,1,1,0,69.1,69.1,1,power_drill,power_drill
n4_scene0022,4,6,1,0,1,0.1,0.1,1,power_drill,power_drill
n4_scene0022,3,4,4,1,3,7.8,27.0,0,cups,power_drill
n4_scene0023,7,14,6,4,2,5.9,107.4,1,cups,cups
n4_scene0023,10,13,2,0,2,2.3,9.2,0,cups,cups
n4_scene0023,2,3,1,0,1,9.4,9.4,1,gelatin_box,gelatin_box
n4_scene0024,4,15,1,0,1,31.4,31.4,1,mustard_bottle,mustard_bottle
n4_scene0024,9,15,12,10,2,24.9,109.4,1,mustard_bottle,mustard_bottle
n4_scene0024,13,15,1,1,0,143.0,143.0,0,cups,mustard_bottle
n4_scene0024,10,15,4,4,0,146.3,154.4,0,cups,mustard_bottle
n4_scene0024,5,9,3,3,0,54.2,191.6,0,tomato_soup_can,mustard_bottle
n4_scene0024,9,11,1,1,0,62.1,62.1,0,mustard_bottle,tomato_soup_can
n4_scene0024,9,18,1,1,0,41.0,41.0,1,mustard_bottle,mustard_bottle
n4_scene0024,9,10,2,2,0,118.0,125.1,0,mustard_bottle,cups
n4_scene0024,10,13,1,1,0,204.7,204.7,1,cups,cups
n4_scene0024,9,13,1,1,0,94.8,94.8,0,mustard_bottle,cups
n4_scene0024,9,12,1,0,1,16.3,16.3,0,mustard_bottle,tomato_soup_can
n4_scene0025,5,25,1,1,0,265.5,265.5,0,sugar_box,cracker_box
n4_scene0025,1,5,1,1,0,184.8,184.8,1,sugar_box,sugar_box
n4_scene0025,5,27,2,2,0,182.4,217.7,1,sugar_box,sugar_box
n4_scene0025,5,31,1,1,0,281.8,281.8,0,sugar_box,cracker_box
n4_scene0025,1,25,1,1,0,264.5,264.5,0,sugar_box,cracker_box
n4_scene0025,12,25,2,2,0,67.3,74.4,0,sugar_box,cracker_box
n4_scene0025,25,27,2,2,0,246.9,255.3,0,cracker_box,sugar_box
n4_scene0025,1,7,2,0,2,8.4,17.3,1,sugar_box,sugar_box
n4_scene0025,7,27,2,1,1,25.7,37.4,1,sugar_box,sugar_box
n4_scene0025,1,31,1,1,0,275.0,275.0,0,sugar_box,cracker_box
n4_scene0025,12,27,3,3,0,41.7,289.5,1,sugar_box,sugar_box
n4_scene0025,12,16,2,0,2,5.0,7.5,0,sugar_box,cracker_box
n4_scene0025,10,27,1,1,0,46.7,46.7,0,cracker_box,sugar_box
n4_scene0025,16,27,2,0,2,18.2,25.5,0,cracker_box,sugar_box
n4_scene0025,16,31,5,3,2,27.0,46.7,1,cracker_box,cracker_box
n4_scene0025,1,6,1,0,1,4.8,4.8,1,sugar_box,sugar_box
n4_scene0025,29,30,2,0,2,0.1,0.4,1,cracker_box,cracker_box
n4_scene0025,16,29,2,0,2,0.2,3.1,1,cracker_box,cracker_box
n4_scene0025,13,29,2,0,2,1.9,2.1,1,cracker_box,cracker_box
n4_scene0025,16,30,4,2,2,7.4,32.4,1,cracker_box,cracker_box
n4_scene0025,13,30,2,0,2,8.9,9.9,1,cracker_box,cracker_box
n4_scene0025,19,25,5,5,0,112.9,256.6,0,spoon,cracker_box
n4_scene0025,5,12,1,1,0,73.1,73.1,1,sugar_box,sugar_box
n4_scene0025,9,31,1,0,1,5.6,5.6,1,cracker_box,cracker_box
n4_scene0025,21,31,1,0,1,3.8,3.8,0,spoon,cracker_box
n4_scene0025,19,31,1,1,0,117.9,117.9,0,spoon,cracker_box
n4_scene0025,12,19,3,3,0,62.0,217.0,0,sugar_box,spoon
n4_scene0025,9,21,1,0,1,10.0,10.0,0,cracker_box,spoon
n4_scene0025,1,27,2,0,2,0.8,1.9,1,sugar_box,sugar_box
n4_scene0025,1,26,1,0,1,3.8,3.8,1,sugar_box,sugar_box
n4_scene0025,5,23,1,1,0,277.3,277.3,1,sugar_box,sugar_box
n4_scene0025,1,8,2,0,2,8.0,14.1,1,sugar_box,sugar_box
n4_scene0025,1,23,1,1,0,248.4,248.4,1,sugar_box,sugar_box
n4_scene0025,23,26,2,1,1,4.7,122.8,1,sugar_box,sugar_box
n4_scene0025,8,26,1,0,1,22.2,22.2,1,sugar_box,sugar_box
n4_scene0025,26,27,1,0,1,25.0,25.0,1,sugar_box,sugar_box
n4_scene0025,11,25,1,1,0,191.1,191.1,0,spoon,cracker_box
n4_scene0025,21,25,1,1,0,94.2,94.2,0,spoon,cracker_box
n4_scene0025,19,26,1,1,0,94.6,94.6,0,spoon,sugar_box
n4_scene0025,30,31,2,0,2,2.1,2.2,1,cracker_box,cracker_box
n4_scene0025,11,19,2,2,0,201.7,639.5,1,spoon,spoon
n4_scene0025,8,23,1,0,1,8.3,8.3,1,sugar_box,sugar_box
n4_scene0025,14,19,1,1,0,234.5,234.5,0,cracker_box,spoon
n4_scene0025,8,12,1,1,0,149.6,149.6,1,sugar_box,sugar_box
n4_scene0025,11,12,1,1,0,179.5,179.5,0,spoon,sugar_box
n4_scene0025,12,18,1,0,1,8.8,8.8,1,sugar_box,sugar_box
n4_scene0025,18,26,2,1,1,31.3,36.4,1,sugar_box,sugar_box
n4_scene0025,18,23,1,0,1,4.8,4.8,1,sugar_box,sugar_box
n4_scene0025,8,19,1,1,0,131.5,131.5,0,sugar_box,spoon
n4_scene0025,18,28,1,0,1,1.2,1.2,1,sugar_box,sugar_box
n4_scene0026,1,13,1,1,0,322.1,322.1,0,banana,rubiks_cube
n4_scene0026,8,13,1,1,0,324.2,324.2,0,banana,rubiks_cube
n4_scene0026,6,13,1,1,0,85.7,85.7,0,pudding_box,rubiks_cube
n4_scene0026,12,17,1,0,1,13.4,13.4,0,rubiks_cube,pudding_box
n4_scene0026,9,17,1,1,0,82.4,82.4,0,peach,pudding_box
n4_scene0027,1,6,2,2,0,222.4,264.8,0,wood_block,pear
n4_scene0027,2,9,3,1,2,11.6,11.8,1,wood_block,wood_block
n4_scene0027,1,10,1,0,1,9.7,9.7,1,wood_block,wood_block
n4_scene0027,6,9,1,1,0,290.3,290.3,0,pear,wood_block
n4_scene0027,6,12,2,0,2,5.5,9.0,0,pear,tennis_ball
n4_scene0027,6,10,1,1,0,249.7,249.7,0,pear,wood_block
n4_scene0027,2,6,1,1,0,247.0,247.0,0,wood_block,pear
n4_scene0027,11,13,1,0,1,22.5,22.5,1,wood_block,wood_block
n4_scene0027,7,13,1,0,1,22.8,22.8,1,wood_block,wood_block
n4_scene0027,2,11,1,0,1,23.6,23.6,1,wood_block,wood_block
n4_scene0027,2,7,4,0,4,15.7,22.5,1,wood_block,wood_block
n4_scene0027,7,11,1,1,0,248.5,248.5,1,wood_block,wood_block
n4_scene0027,2,12,1,0,1,4.9,4.9,0,wood_block,tennis_ball
n4_scene0027,7,12,1,1,0,347.0,347.0,0,wood_block,tennis_ball
n4_scene0027,7,10,1,1,0,48.3,48.3,1,wood_block,wood_block
n4_scene0028,8,14,6,6,0,62.5,82.0,1,master_chef_can,master_chef_can
n4_scene0028,13,14,4,2,2,2.6,50.6,1,master_chef_can,master_chef_can
n4_scene0028,5,14,1,1,0,260.1,260.1,0,knife,master_chef_can
n4_scene0028,11,14,1,1,0,265.7,265.7,0,knife,master_chef_can
n4_scene0028,7,8,11,8,3,10.8,51.2,1,master_chef_can,master_chef_can
n4_scene0028,8,12,11,11,0,42.6,214.8,0,master_chef_can,cups
n4_scene0028,5,8,1,1,0,187.0,187.0,0,knife,master_chef_can
n4_scene0028,12,13,1,1,0,399.9,399.9,0,cups,master_chef_can
n4_scene0028,2,5,1,1,0,210.2,210.2,0,master_chef_can,knife
n4_scene0028,12,14,4,4,0,116.8,338.9,0,cups,master_chef_can
n4_scene0028,10,13,2,2,0,71.7,187.5,1,master_chef_can,master_chef_can
n4_scene0028,7,14,1,1,0,117.9,117.9,1,master_chef_can,master_chef_can
n4_scene0028,7,12,1,1,0,141.9,141.9,0,master_chef_can,cups
n4_scene0028,3,14,1,1,0,90.2,90.2,1,master_chef_can,master_chef_can
n4_scene0028,5,11,2,0,2,0.6,1.6,1,knife,knife
n4_scene0028,5,7,1,1,0,202.1,202.1,0,knife,master_chef_can
n4_scene0028,8,13,4,0,4,0.2,14.7,1,master_chef_can,master_chef_can
n4_scene0028,7,13,4,2,2,1.0,28.2,1,master_chef_can,master_chef_can
n4_scene0028,5,10,1,0,1,3.9,3.9,0,knife,master_chef_can
n4_scene0028,10,11,1,0,1,2.2,2.2,0,master_chef_can,knife
n4_scene0028,9,13,1,0,1,22.7,22.7,1,master_chef_can,master_chef_can
n4_scene0028,10,14,1,0,1,22.5,22.5,1,master_chef_can,master_chef_can
n4_scene0029,16,19,4,0,4,4.3,9.8,1,bleach_cleanser,bleach_cleanser
n4_scene0029,4,16,7,7,0,69.9,161.5,0,nine_hole_peg_test,bleach_cleanser
n4_scene0029,4,5,3,3,0,156.1,232.3,0,nine_hole_peg_test,bleach_cleanser
n4_scene0029,4,20,3,1,2,14.0,20.7,1,nine_hole_peg_test,nine_hole_peg_test
n4_scene0029,4,13,2,1,1,2.2,136.0,0,nine_hole_peg_test,bleach_cleanser
n4_scene0029,4,15,7,7,0,51.5,227.1,0,nine_hole_peg_test,bleach_cleanser
n4_scene0029,5,13,2,2,0,97.7,100.8,1,bleach_cleanser,bleach_cleanser
n4_scene0029,5,16,3,3,0,95.4,99.4,1,bleach_cleanser,bleach_cleanser
n4_scene0029,5,17,3,3,0,91.5,122.5,0,bleach_cleanser,fork
n4_scene0029,13,20,2,2,0,95.0,99.3,0,bleach_cleanser,nine_hole_peg_test
n4_scene0029,16,20,6,3,3,1.3,30.8,0,bleach_cleanser,nine_hole_peg_test
n4_scene0029,17,20,3,1,2,23.8,36.6,0,fork,nine_hole_peg_test
n4_scene0029,5,15,1,1,0,297.3,297.3,1,bleach_cleanser,bleach_cleanser
n4_scene0029,14,20,4,1,3,0.1,18.1,1,nine_hole_peg_test,nine_hole_peg_test
n4_scene0029,1,13,1,1,0,123.3,123.3,0,baseball,bleach_cleanser
n4_scene0029,15,16,5,4,1,22.8,144.2,1,bleach_cleanser,bleach_cleanser
n4_scene0029,13,17,2,2,0,242.2,255.0,0,bleach_cleanser,fork
n4_scene0029,13,14,1,1,0,329.1,329.1,0,bleach_cleanser,nine_hole_peg_test
n4_scene0029,4,14,2,0,2,7.0,18.1,1,nine_hole_peg_test,nine_hole_peg_test
n4_scene0029,14,16,1,0,1,0.3,0.3,0,nine_hole_peg_test,bleach_cleanser
n4_scene0029,4,17,3,3,0,221.9,222.8,0,nine_hole_peg_test,fork
n4_scene0029,11,20,1,0,1,2.3,2.3,1,nine_hole_peg_test,nine_hole_peg_test
n4_scene0029,8,19,1,0,1,2.9,2.9,1,bleach_cleanser,bleach_cleanser
n4_scene0029,11,15,1,1,0,266.9,266.9,0,nine_hole_peg_test,bleach_cleanser
n4_scene0029,16,17,3,2,1,0.4,48.7,0,bleach_cleanser,fork
n4_scene0029,4,6,1,1,0,284.0,284.0,0,nine_hole_peg_test,bleach_cleanser
n4_scene0029,6,17,1,1,0,289.2,289.2,0,bleach_cleanser,fork
n4_scene0029,15,17,1,1,0,67.5,67.5,0,bleach_cleanser,fork
n4_scene0029,5,20,1,1,0,76.6,76.6,0,bleach_cleanser,nine_hole_peg_test
n4_scene0029,8,16,1,0,1,9.0,9.0,1,bleach_cleanser,bleach_cleanser
n4_scene0030,6,7,2,2,0,53.8,53.9,0,cups,mini_soccer_ball
n4_scene0030,7,10,1,1,0,224.3,224.3,1,mini_soccer_ball,mini_soccer_ball
n4_scene0030,6,8,3,3,0,48.9,71.0,0,cups,mini_soccer_ball
n4_scene0030,11,14,1,0,1,0.2,0.2,0,large_marker,cups
n4_scene0030,6,14,2,0,2,2.9,3.1,1,cups,cups
n4_scene0030,7,14,2,0,2,19.9,25.0,0,mini_soccer_ball,cups
n4_scene0030,8,14,3,1,2,8.8,24.7,0,mini_soccer_ball,cups
n4_scene0030,7,8,1,0,1,9.0,9.0,1,mini_soccer_ball,mini_soccer_ball
n4_scene0031,4,12,6,5,1,0.2,87.3,1,adjustable_wrench,adjustable_wrench
n4_scene0031,2,12,1,1,0,124.8,124.8,0,phillips_screwdriver,adjustable_wrench
n4_scene0031,9,12,1,1,0,123.8,123.8,0,phillips_screwdriver,adjustable_wrench
n4_scene0031,3,4,1,1,0,62.5,62.5,0,cups,adjustable_wrench
n4_scene0031,4,10,2,1,1,30.2,46.2,0,adjustable_wrench,cups
n4_scene0031,7,12,1,0,1,10.8,10.8,0,strawberry,adjustable_wrench
n4_scene0032,9,12,5,1,4,6.6,9.4,1,extra_large_clamp,extra_large_clamp
n4_scene0032,4,9,6,5,1,34.7,133.3,1,extra_large_clamp,extra_large_clamp
n4_scene0032,4,11,7,0,7,0.4,4.4,0,extra_large_clamp,adjustable_wrench
n4_scene0032,4,12,7,4,3,4.4,44.0,1,extra_large_clamp,extra_large_clamp
n4_scene0032,11,12,7,0,7,4.4,9.8,0,adjustable_wrench,extra_large_clamp
n4_scene0032,9,11,1,0,1,3.5,3.5,0,extra_large_clamp,adjustable_wrench
n4_scene0032,4,10,1,1,0,451.4,451.4,0,extra_large_clamp,apple
n4_scene0032,10,12,2,1,1,4.5,228.9,0,apple,extra_large_clamp
n4_scene0032,2,10,1,1,0,426.0,426.0,1,apple,apple
n4_scene0032,9,10,1,0,1,17.1,17.1,0,extra_large_clamp,apple
n4_scene0032,7,9,1,0,1,0.7,0.7,0,flat_screwdriver,extra_large_clamp
n4_scene0032,4,8,2,2,0,70.8,78.7,1,extra_large_clamp,extra_large_clamp
n4_scene0032,8,9,2,2,0,63.4,256.7,1,extra_large_clamp,extra_large_clamp
n4_scene0032,8,10,2,0,2,1.5,1.7,0,extra_large_clamp,apple
n4_scene0032,4,5,1,0,1,20.1,20.1,0,extra_large_clamp,flat_screwdriver
n4_scene0032,5,12,1,0,1,9.6,9.6,0,flat_screwdriver,extra_large_clamp
n4_scene0032,5,11,1,0,1,4.0,4.0,0,flat_screwdriver,adjustable_wrench
n4_scene0032,8,12,1,0,1,5.8,5.8,1,extra_large_clamp,extra_large_clamp
n4_scene0032,8,11,1,0,1,2.9,2.9,0,extra_large_clamp,adjustable_wrench
n4_scene0033,15,17,10,6,4,6.0,180.6,0,golf_ball,bleach_cleanser
n4_scene0033,3,13,5,4,1,28.4,225.1,0,tuna_fish_can,bleach_cleanser
n4_scene0033,13,16,4,0,4,3.1,6.4,1,bleach_cleanser,bleach_cleanser
n4_scene0033,7,14,3,0,3,8.9,10.1,1,tuna_fish_can,tuna_fish_can
n4_scene0033,1,17,2,2,0,173.7,196.3,0,softball,bleach_cleanser
n4_scene0033,3,15,3,3,0,132.6,276.8,0,tuna_fish_can,golf_ball
n4_scene0033,13,15,9,6,3,9.7,122.4,0,bleach_cleanser,golf_ball
n4_scene0033,13,17,4,4,0,72.1,119.3,1,bleach_cleanser,bleach_cleanser
n4_scene0033,13,14,3,2,1,12.9,108.5,0,bleach_cleanser,tuna_fish_can
n4_scene0033,1,13,1,1,0,208.9,208.9,0,softball,bleach_cleanser
n4_scene0033,1,15,1,1,0,226.0,226.0,0,softball,golf_ball
n4_scene0033,5,13,1,0,1,2.8,2.8,1,bleach_cleanser,bleach_cleanser
n4_scene0034,2,7,5,3,2,5.2,217.1,0,cups,pear
n4_scene0034,7,8,8,7,1,4.3,261.3,0,pear,cups
n4_scene0034,2,8,2,0,2,6.7,13.8,1,cups,cups
n4_scene0034,8,14,1,0,1,21.0,21.0,0,cups,plum
n4_scene0034,8,15,3,0,3,3.0,4.1,1,cups,cups
n4_scene0034,9,11,1,0,1,5.4,5.4,1,bowl,bowl
n4_scene0034,9,12,5,3,2,32.0,43.5,1,bowl,bowl
n4_scene0034,2,9,4,0,4,0.5,6.2,0,cups,bowl
n4_scene0034,9,15,4,0,4,0.5,6.3,0,bowl,cups
n4_scene0034,2,10,6,4,2,6.0,101.8,0,cups,bowl
n4_scene0034,10,15,6,3,3,6.9,85.0,0,bowl,cups
n4_scene0034,7,10,3,0,3,4.3,5.2,0,pear,bowl
n4_scene0034,9,10,3,2,1,1.8,69.7,1,bowl,bowl
n4_scene0034,8,10,3,2,1,6.7,45.7,0,cups,bowl
n4_scene0034,14,15,1,0,1,15.7,15.7,0,plum,cups
n4_scene0034,10,14,1,1,0,143.6,143.6,0,bowl,plum
n4_scene0034,7,15,1,0,1,0.9,0.9,0,pear,cups
n4_scene0034,4,12,1,1,0,91.2,91.2,1,bowl,bowl
n4_scene0034,4,10,1,1,0,536.7,536.7,1,bowl,bowl
n4_scene0034,3,12,1,1,0,91.2,91.2,1,bowl,bowl
n4_scene0034,3,10,1,1,0,536.8,536.8,1,bowl,bowl
n4_scene0035,3,8,4,3,1,12.5,122.5,0,master_chef_can,cups
n4_scene0035,7,8,7,5,2,7.5,65.6,0,master_chef_can,cups
n4_scene0035,3,7,9,8,1,28.7,84.0,1,master_chef_can,master_chef_can
n4_scene0035,2,3,6,6,0,102.7,262.5,0,cups,master_chef_can
n4_scene0035,7,14,6,6,0,49.0,60.2,1,master_chef_can,master_chef_can
n4_scene0035,6,7,1,0,1,5.4,5.4,1,master_chef_can,master_chef_can
n4_scene0035,2,8,4,2,2,2.5,28.3,0,cups,cups
n4_scene0035,3,13,1,1,0,126.6,126.6,1,master_chef_can,master_chef_can
n4_scene0035,8,13,1,1,0,339.1,339.1,0,cups,master_chef_can
n4_scene0035,13,14,1,1,0,124.6,124.6,1,master_chef_can,master_chef_can
n4_scene0035,3,9,1,0,1,12.3,12.3,0,master_chef_can,knife
n4_scene0036,9,12,1,1,0,59.5,59.5,1,pitcher_base,pitcher_base
n4_scene0036,3,12,1,1,0,308.7,308.7,0,spoon,pitcher_base
n4_scene0036,9,15,2,2,0,216.0,234.6,0,pitcher_base,spoon
n4_scene0036,3,7,2,0,2,6.1,15.9,0,spoon,plate
n4_scene0036,7,11,2,0,2,10.0,12.2,1,plate,plate
n4_scene0036,7,14,2,0,2,7.5,11.0,1,plate,plate
n4_scene0036,11,15,1,1,0,252.4,252.4,0,plate,spoon
n4_scene0036,14,15,2,1,1,39.9,98.8,0,plate,spoon
n4_scene0036,8,9,5,3,2,22.8,64.9,1,pitcher_base,pitcher_base
n4_scene0036,3,8,1,1,0,223.0,223.0,0,spoon,pitcher_base
n4_scene0036,8,10,1,1,0,55.4,55.4,1,pitcher_base,pitcher_base
n4_scene0036,8,15,1,1,0,182.1,182.1,0,pitcher_base,spoon
n4_scene0036,8,13,1,1,0,218.3,218.3,0,pitcher_base,spoon
n4_scene0036,3,9,1,1,0,222.5,222.5,0,spoon,pitcher_base
n4_scene0036,9,10,1,1,0,116.4,116.4,1,pitcher_base,pitcher_base
n4_scene0036,4,7,1,0,1,20.1,20.1,1,plate,plate
n4_scene0036,4,11,1,0,1,20.1,20.1,1,plate,plate
n4_scene0036,3,4,1,0,1,16.2,16.2,0,spoon,plate
n4_scene0036,4,14,1,0,1,11.6,11.6,1,plate,plate
n4_scene0036,4,15,1,1,0,50.2,50.2,0,plate,spoon
n4_scene0036,3,14,1,1,0,122.4,122.4,0,spoon,plate
n4_scene0037,1,12,7,4,3,1.1,135.6,0,pudding_box,fork
n4_scene0037,1,7,1,1,0,110.0,110.0,0,pudding_box,scissors
n4_scene0037,9,12,1,1,0,107.8,107.8,0,scissors,fork
n4_scene0037,7,9,2,0,2,20.9,21.7,1,scissors,scissors
n4_scene0037,7,11,2,0,2,3.1,3.6,0,scissors,fork
n4_scene0037,10,12,8,1,7,2.8,8.1,0,scissors,fork
n4_scene0037,6,9,1,1,0,93.1,93.1,0,pudding_box,scissors
n4_scene0037,7,12,1,0,1,3.0,3.0,0,scissors,fork
n4_scene0037,11,12,4,0,4,0.4,2.4,1,fork,fork
n4_scene0037,7,10,3,0,3,4.6,14.6,1,scissors,scissors
n4_scene0037,12,19,1,0,1,30.7,30.7,0,fork,pudding_box
n4_scene0038,2,5,1,1,0,208.9,208.9,0,banana,large_clamp
n4_scene0038,7,11,2,2,0,41.6,61.7,0,mini_soccer_ball,large_clamp
n4_scene0038,5,11,2,1,1,10.8,235.8,1,large_clamp,large_clamp
n4_scene0038,3,5,2,0,2,3.8,13.0,0,peach,large_clamp
n4_scene0038,3,8,3,0,3,6.0,7.6,0,peach,mini_soccer_ball
n4_scene0038,5,8,1,1,0,289.8,289.8,0,large_clamp,mini_soccer_ball
n4_scene0038,8,11,1,0,1,1.5,1.5,0,mini_soccer_ball,large_clamp
n4_scene0038,8,9,3,3,0,40.7,41.5,0,mini_soccer_ball,large_clamp
n4_scene0038,7,8,1,0,1,2.3,2.3,1,mini_soccer_ball,mini_soccer_ball
n4_scene0038,9,11,2,0,2,1.3,4.5,1,large_clamp,large_clamp
n4_scene0039,2,4,1,1,0,98.6,98.6,0,cups,wood_block
n4_scene0039,4,9,4,4,0,56.6,78.9,0,wood_block,cups
n4_scene0039,7,10,1,1,0,325.0,325.0,0,large_marker,wood_block
n4_scene0039,1,4,1,0,1,24.7,24.7,1,wood_block,wood_block
n4_scene0039,4,10,1,0,1,21.5,21.5,1,wood_block,wood_block
n4_scene0040,13,16,8,8,0,58.5,163.9,1,power_drill,power_drill
n4_scene0040,14,16,10,6,4,3.6,104.7,1,power_drill,power_drill
n4_scene0040,13,14,8,7,1,24.4,100.4,1,power_drill,power_drill
n4_scene0040,7,16,1,1,0,213.6,213.6,1,power_drill,power_drill
n4_scene0040,7,14,1,1,0,165.4,165.4,1,power_drill,power_drill
n4_scene0040,13,17,1,0,1,3.3,3.3,1,power_drill,power_drill
n4_scene0041,13,14,2,2,0,52.6,66.4,1,cups,cups
n4_scene0041,1,11,2,2,0,43.2,85.3,1,tomato_soup_can,tomato_soup_can
n4_scene0041,3,14,3,3,0,84.8,106.4,0,phillips_screwdriver,cups
n4_scene0041,3,11,8,7,1,26.4,115.6,0,phillips_screwdriver,tomato_soup_can
n4_scene0041,11,12,10,7,3,11.4,73.2,0,tomato_soup_can,cups
n4_scene0041,11,14,2,1,1,9.7,108.7,0,tomato_soup_can,cups
n4_scene0041,3,13,4,3,1,16.8,46.0,0,phillips_screwdriver,cups
n4_scene0041,12,13,4,1,3,0.4,21.4,1,cups,cups
n4_scene0041,1,3,1,1,0,172.1,172.1,0,tomato_soup_can,phillips_screwdriver
n4_scene0041,10,12,1,0,1,4.7,4.7,0,phillips_screwdriver,cups
n4_scene0041,1,12,1,1,0,146.4,146.4,0,tomato_soup_can,cups
n4_scene0041,2,11,3,2,1,20.7,144.3,1,tomato_soup_can,tomato_soup_can
n4_scene0041,4,12,4,2,2,19.9,38.0,1,cups,cups
n4_scene0041,11,15,1,0,1,21.4,21.4,0,tomato_soup_can,cups
n4_scene0041,12,15,1,1,0,47.4,47.4,1,cups,cups
n4_scene0041,3,12,2,0,2,11.1,19.3,0,phillips_screwdriver,cups
n4_scene0041,4,11,3,2,1,21.0,92.5,0,cups,tomato_soup_can
n4_scene0041,12,14,2,1,1,31.1,127.0,1,cups,cups
n4_scene0041,4,14,1,0,1,2.3,2.3,1,cups,cups
n4_scene0042,12,14,2,0,2,4.8,5.0,1,cups,cups
n4_scene0042,4,10,5,4,1,8.2,91.9,1,cups,cups
n4_scene0042,10,11,2,1,1,4.1,80.3,0,cups,medium_clamp
n4_scene0042,10,14,5,2,3,17.0,28.6,1,cups,cups
n4_scene0042,4,12,1,1,0,295.9,295.9,1,cups,cups
n4_scene0042,2,12,4,1,3,1.5,2.0,0,gelatin_box,cups
n4_scene0042,7,12,1,0,1,5.1,5.1,0,gelatin_box,cups
n4_scene0042,2,4,3,0,3,1.0,1.4,0,gelatin_box,cups
n4_scene0042,10,12,4,2,2,10.8,65.0,1,cups,cups
n4_scene0042,10,13,4,4,0,186.9,266.9,0,cups,foam_brick
n4_scene0042,11,12,1,0,1,8.2,8.2,0,medium_clamp,cups
n4_scene0043,9,16,1,1,0,158.9,158.9,0,orange,potted_meat_can
n4_scene0043,1,9,1,1,0,158.2,158.2,0,potted_meat_can,orange
n4_scene0043,3,6,4,0,4,3.1,10.9,1,sugar_box,sugar_box
n4_scene0043,11,14,6,0,6,4.9,6.0,1,potted_meat_can,potted_meat_can
n4_scene0043,10,17,4,2,2,13.8,107.0,1,cups,cups
n4_scene0043,9,10,6,4,2,6.1,111.1,0,orange,cups
n4_scene0043,1,14,1,0,1,5.7,5.7,1,potted_meat_can,potted_meat_can
n4_scene0043,10,16,4,1,3,0.3,10.2,0,cups,potted_meat_can
n4_scene0043,14,17,1,0,1,15.7,15.7,0,potted_meat_can,cups
n4_scene0043,3,16,1,1,0,327.3,327.3,0,sugar_box,potted_meat_can
n4_scene0043,2,14,1,0,1,2.4,2.4,1,potted_meat_can,potted_meat_can
n4_scene0043,4,18,1,0,1,7.1,7.1,1,sugar_box,sugar_box
n4_scene0043,3,4,1,0,1,1.6,1.6,1,sugar_box,sugar_box
n4_scene0044,6,11,1,1,0,170.8,170.8,0,mug,padlock
n4_scene0044,12,16,1,0,1,2.5,2.5,1,rubiks_cube,rubiks_cube
n4_scene0044,11,14,5,0,5,3.4,4.0,1,padlock,padlock
n4_scene0044,5,15,1,0,1,13.2,13.2,0,mug,padlock
n4_scene0044,11,15,1,1,0,41.6,41.6,1,padlock,padlock
n4_scene0044,5,6,1,0,1,15.8,15.8,1,mug,mug
n4_scene0044,10,14,1,0,1,6.6,6.6,0,rubiks_cube,padlock
n4_scene0044,14,15,1,1,0,214.0,214.0,1,padlock,padlock
n4_scene0046,19,23,1,1,0,182.9,182.9,0,cracker_box,cups
n4_scene0046,6,22,2,2,0,290.9,307.7,1,mustard_bottle,mustard_bottle
n4_scene0046,6,23,5,5,0,216.9,348.6,0,mustard_bottle,cups
n4_scene0046,7,23,2,1,1,27.9,213.3,0,mustard_bottle,cups
n4_scene0046,18,19,1,1,0,41.3,41.3,1,cracker_box,cracker_box
n4_scene0046,8,18,1,1,0,284.9,284.9,1,cracker_box,cracker_box
n4_scene0046,7,21,3,3,0,357.0,386.7,0,mustard_bottle,nine_hole_peg_test
n4_scene0046,8,21,4,4,0,56.7,343.8,0,cracker_box,nine_hole_peg_test
n4_scene0046,7,20,7,2,5,12.3,37.6,0,mustard_bottle,nine_hole_peg_test
n4_scene0046,6,7,6,6,0,59.3,117.3,1,mustard_bottle,mustard_bottle
n4_scene0046,17,19,1,0,1,2.3,2.3,1,cracker_box,cracker_box
n4_scene0046,8,17,10,9,1,37.4,176.8,1,cracker_box,cracker_box
n4_scene0046,8,19,3,3,0,314.7,539.4,1,cracker_box,cracker_box
n4_scene0046,19,22,1,1,0,76.5,76.5,0,cracker_box,mustard_bottle
n4_scene0046,6,19,1,0,1,26.6,26.6,0,mustard_bottle,cracker_box
n4_scene0046,7,19,1,0,1,11.8,11.8,0,mustard_bottle,cracker_box
n4_scene0046,7,22,1,1,0,330.5,330.5,1,mustard_bottle,mustard_bottle
n4_scene0046,8,22,1,1,0,446.9,446.9,0,cracker_box,mustard_bottle
n4_scene0046,20,21,1,0,1,5.2,5.2,1,nine_hole_peg_test,nine_hole_peg_test
n4_scene0046,7,17,3,3,0,49.9,70.2,0,mustard_bottle,cracker_box
n4_scene0046,8,20,1,1,0,454.6,454.6,0,cracker_box,nine_hole_peg_test
n4_scene0046,6,18,2,2,0,107.7,112.1,0,mustard_bottle,cracker_box
n4_scene0046,7,18,2,2,0,68.7,70.2,0,mustard_bottle,cracker_box
n4_scene0046,6,17,1,1,0,125.3,125.3,0,mustard_bottle,cracker_box
n4_scene0047,4,10,4,3,1,12.1,68.4,1,cups,cups
n4_scene0047,4,12,3,2,1,19.2,193.3,0,cups,cups
n4_scene0047,10,12,2,2,0,192.0,261.4,0,cups,cups
n4_scene0047,7,12,2,2,0,50.2,159.8,0,orange,cups
n4_scene0047,3,10,2,0,2,5.5,19.9,0,cups,cups
n4_scene0047,3,12,1,0,1,5.6,5.6,1,cups,cups
n4_scene0048,2,3,2,2,0,68.7,329.1,1,cups,cups
n4_scene0048,3,6,2,1,1,4.0,36.4,1,cups,cups
n4_scene0048,2,8,3,1,2,1.8,11.2,1,cups,cups
n4_scene0048,6,8,2,1,1,11.5,40.4,1,cups,cups
n4_scene0048,8,9,6,3,3,4.9,38.0,1,cups,cups
n4_scene0048,7,9,2,0,2,1.7,11.1,1,cups,cups
n4_scene0048,7,8,2,0,2,0.2,1.4,1,cups,cups
n4_scene0048,2,9,2,0,2,1.8,6.1,1,cups,cups
n4_scene0048,6,9,2,0,2,1.9,5.3,1,cups,cups
n4_scene0048,6,12,1,0,1,6.5,6.5,1,cups,cups
n4_scene0048,6,7,1,1,0,122.2,122.2,1,cups,cups
n4_scene0048,3,9,1,0,1,19.2,19.2,1,cups,cups
n4_scene0048,3,12,1,0,1,1.1,1.1,1,cups,cups
n4_scene0048,3,7,1,0,1,6.2,6.2,1,cups,cups
n4_scene0048,9,12,1,0,1,3.3,3.3,1,cups,cups
n4_scene0049,6,8,4,4,0,47.2,105.9,1,cracker_box,cracker_box
n4_scene0049,4,17,2,0,2,2.0,2.5,1,cracker_box,cracker_box
n4_scene0049,4,8,2,0,2,0.8,8.3,1,cracker_box,cracker_box
n4_scene0049,16,17,1,1,0,543.8,543.8,0,medium_clamp,cracker_box
n4_scene0049,12,15,3,0,3,2.7,4.6,1,tuna_fish_can,tuna_fish_can
n4_scene0049,12,17,1,1,0,167.0,167.0,0,tuna_fish_can,cracker_box
n4_scene0049,5,7,1,1,0,50.1,50.1,0,medium_clamp,cracker_box
n4_scene0049,7,12,3,3,0,88.7,159.3,0,cracker_box,tuna_fish_can
n4_scene0049,3,5,1,1,0,116.7,116.7,0,cups,medium_clamp
n4_scene0049,3,12,1,1,0,106.7,106.7,0,cups,tuna_fish_can
n4_scene0049,3,16,1,1,0,52.8,52.8,0,cups,medium_clamp
n4_scene0049,5,6,1,0,1,30.2,30.2,0,medium_clamp,cracker_box
n4_scene0049,5,14,1,1,0,116.3,116.3,0,medium_clamp,cups
n4_scene0049,5,12,1,1,0,715.1,715.1,0,medium_clamp,tuna_fish_can
n4_scene0049,5,16,3,2,1,17.9,68.2,1,medium_clamp,medium_clamp
n4_scene0049,6,17,2,0,2,7.3,9.0,1,cracker_box,cracker_box
n4_scene0049,12,14,1,1,0,106.4,106.4,0,tuna_fish_can,cups
n4_scene0049,14,16,3,2,1,27.7,52.6,0,cups,medium_clamp
n4_scene0049,12,16,1,1,0,66.1,66.1,0,tuna_fish_can,medium_clamp
n4_scene0049,8,17,1,0,1,0.1,0.1,1,cracker_box,cracker_box
n4_scene0049,7,15,1,1,0,173.2,173.2,0,cracker_box,tuna_fish_can
n4_scene0049,7,16,1,1,0,158.2,158.2,0,cracker_box,medium_clamp
n4_scene0049,3,14,2,2,0,183.5,185.6,1,cups,cups
n4_scene0049,4,14,1,1,0,222.8,222.8,0,cracker_box,cups
n4_scene0049,7,10,1,1,0,329.9,329.9,1,cracker_box,cracker_box
n4_scene0049,7,14,1,1,0,218.0,218.0,0,cracker_box,cups
n4_scene0049,9,10,1,0,1,3.3,3.3,1,cracker_box,cracker_box
n4_scene0050,9,10,6,0,6,6.9,9.0,1,flat_screwdriver,flat_screwdriver
n4_scene0050,3,4,2,2,0,158.9,192.1,0,baseball,cups
n4_scene0050,3,14,1,1,0,362.6,362.6,0,baseball,flat_screwdriver
n4_scene0050,4,14,2,1,1,2.1,203.1,0,cups,flat_screwdriver
n4_scene0050,10,14,2,0,2,5.0,6.8,1,flat_screwdriver,flat_screwdriver
n4_scene0050,3,6,3,0,3,8.6,19.4,1,baseball,baseball
n4_scene0050,6,13,3,0,3,0.3,6.2,1,baseball,baseball
n4_scene0050,6,14,2,0,2,5.2,8.9,0,baseball,flat_screwdriver
n4_scene0050,13,14,2,2,0,89.1,347.2,0,baseball,flat_screwdriver
n4_scene0050,9,14,2,1,1,8.0,179.6,1,flat_screwdriver,flat_screwdriver
n4_scene0050,4,6,1,0,1,11.0,11.0,0,cups,baseball
n4_scene0050,5,14,1,1,0,351.2,351.2,1,flat_screwdriver,flat_screwdriver
n4_scene0050,4,13,1,0,1,4.5,4.5,0,cups,baseball
n4_scene0051,8,9,1,1,0,122.6,122.6,0,bowl,cups
n4_scene0051,3,8,1,1,0,125.0,125.0,0,cups,bowl
n4_scene0051,3,9,1,0,1,18.4,18.4,1,cups,cups
n4_scene0051,8,10,6,4,2,28.2,45.5,0,bowl,racquetball
n4_scene0051,4,10,2,2,0,52.1,66.6,1,racquetball,racquetball
n4_scene0051,4,6,1,1,0,109.0,109.0,0,racquetball,bowl
n4_scene0052,7,13,2,1,1,32.8,163.2,0,large_clamp,knife
n4_scene0052,4,5,4,3,1,1.1,52.4,1,pitcher_base,pitcher_base
n4_scene0053,5,22,5,4,1,2.5,85.2,0,sugar_box,power_drill
n4_scene0053,5,8,3,1,2,15.9,24.3,0,sugar_box,apple
n4_scene0053,18,22,7,3,4,5.3,39.8,1,power_drill,power_drill
n4_scene0053,8,10,2,2,0,64.5,85.3,0,apple,potted_meat_can
n4_scene0053,8,9,1,1,0,41.1,41.1,0,apple,potted_meat_can
n4_scene0053,9,10,1,1,0,44.5,44.5,1,potted_meat_can,potted_meat_can
n4_scene0053,5,18,7,7,0,48.3,159.5,0,sugar_box,power_drill
n4_scene0053,3,12,5,0,5,1.8,14.2,1,sugar_box,sugar_box
n4_scene0053,3,16,1,1,0,270.5,270.5,0,sugar_box,potted_meat_can
n4_scene0053,3,19,1,1,0,277.1,277.1,0,sugar_box,potted_meat_can
n4_scene0053,16,19,6,1,5,4.0,18.7,1,potted_meat_can,potted_meat_can
n4_scene0053,5,17,4,4,0,40.3,41.8,1,sugar_box,sugar_box
n4_scene0053,12,22,1,1,0,82.4,82.4,0,sugar_box,power_drill
n4_scene0053,1,22,1,1,0,76.2,76.2,0,sugar_box,power_drill
n4_scene0053,17,22,3,3,0,46.0,220.3,0,sugar_box,power_drill
n4_scene0053,12,18,3,3,0,74.0,95.6,0,sugar_box,power_drill
n4_scene0053,12,17,2,1,1,34.1,115.4,1,sugar_box,sugar_box
n4_scene0053,1,18,3,3,0,67.9,73.1,0,sugar_box,power_drill
n4_scene0053,1,17,1,1,0,74.9,74.9,1,sugar_box,sugar_box
n4_scene0053,17,18,5,3,2,18.6,364.8,0,sugar_box,power_drill
n4_scene0053,16,17,4,3,1,1.8,192.9,0,potted_meat_can,sugar_box
n4_scene0053,16,22,4,3,1,26.2,112.3,0,potted_meat_can,power_drill
n4_scene0053,5,16,2,1,1,28.0,46.2,0,sugar_box,potted_meat_can
n4_scene0053,12,16,1,0,1,7.0,7.0,0,sugar_box,potted_meat_can
n4_scene0053,2,12,1,0,1,10.0,10.0,1,sugar_box,sugar_box
n4_scene0053,1,3,3,0,3,14.8,15.8,1,sugar_box,sugar_box
n4_scene0053,1,12,1,1,0,60.5,60.5,1,sugar_box,sugar_box
n4_scene0053,11,18,1,0,1,12.3,12.3,1,power_drill,power_drill
n4_scene0053,11,17,1,1,0,103.2,103.2,0,power_drill,sugar_box
n4_scene0053,10,19,1,1,0,40.4,40.4,1,potted_meat_can,potted_meat_can
n4_scene0053,3,22,2,2,0,130.4,158.4,0,sugar_box,power_drill
n4_scene0053,3,18,1,1,0,133.2,133.2,0,sugar_box,power_drill
n4_scene0053,3,8,1,1,0,237.2,237.2,0,sugar_box,apple
n4_scene0053,15,18,3,0,3,1.1,5.2,1,power_drill,power_drill
n4_scene0053,8,18,3,2,1,31.7,52.1,0,apple,power_drill
n4_scene0053,2,16,1,0,1,32.0,32.0,0,sugar_box,potted_meat_can
n4_scene0053,2,17,1,0,1,12.2,12.2,1,sugar_box,sugar_box
n4_scene0053,11,22,1,0,1,3.4,3.4,1,power_drill,power_drill
n4_scene0053,13,16,1,0,1,23.7,23.7,1,potted_meat_can,potted_meat_can
n4_scene0053,6,18,1,0,1,1.3,1.3,1,power_drill,power_drill
n4_scene0054,8,11,6,0,6,2.8,12.8,1,master_chef_can,master_chef_can
n4_scene0054,11,12,1,0,1,8.8,8.8,1,master_chef_can,master_chef_can
n4_scene0055,6,10,1,1,0,88.1,88.1,0,peach,golf_ball
n4_scene0056,5,14,4,4,0,48.7,107.3,1,mustard_bottle,mustard_bottle
n4_scene0056,5,13,7,7,0,43.3,107.9,1,mustard_bottle,mustard_bottle
n4_scene0056,12,13,6,3,3,7.8,41.3,0,mug,mustard_bottle
n4_scene0056,8,14,10,8,2,3.1,142.6,0,scissors,mustard_bottle
n4_scene0056,13,14,6,2,4,0.8,30.6,1,mustard_bottle,mustard_bottle
n4_scene0056,5,8,2,2,0,142.3,186.5,0,mustard_bottle,scissors
n4_scene0056,7,13,2,2,0,62.3,155.8,1,mustard_bottle,mustard_bottle
n4_scene0056,5,7,2,1,1,3.2,64.8,1,mustard_bottle,mustard_bottle
n4_scene0056,7,14,1,0,1,3.8,3.8,1,mustard_bottle,mustard_bottle
n4_scene0056,3,14,1,0,1,15.3,15.3,1,mustard_bottle,mustard_bottle
n4_scene0056,7,12,1,0,1,25.3,25.3,0,mustard_bottle,mug
n4_scene0056,6,8,1,0,1,22.3,22.3,1,scissors,scissors
n4_scene0056,2,14,4,4,0,88.1,121.2,0,scissors,mustard_bottle
n4_scene0056,8,9,2,0,2,4.6,4.7,1,scissors,scissors
n4_scene0056,2,8,1,0,1,7.0,7.0,1,scissors,scissors
n4_scene0056,7,8,1,0,1,1.9,1.9,0,mustard_bottle,scissors
n4_scene0057,11,15,1,1,0,45.5,45.5,0,spoon,fork
n4_scene0057,10,15,1,0,1,8.5,8.5,0,spoon,fork
n4_scene0058,1,2,4,4,0,116.8,144.7,1,tomato_soup_can,tomato_soup_can
n4_scene0058,2,12,6,6,0,47.1,116.7,0,tomato_soup_can,padlock
n4_scene0058,5,10,2,0,2,7.6,13.3,1,tomato_soup_can,tomato_soup_can
n4_scene0058,1,10,2,1,1,5.6,72.0,1,tomato_soup_can,tomato_soup_can
n4_scene0058,8,12,4,0,4,1.9,27.3,1,padlock,padlock
n4_scene0058,10,12,1,1,0,224.5,224.5,0,tomato_soup_can,padlock
n4_scene0058,1,12,5,4,1,3.7,200.0,0,tomato_soup_can,padlock
n4_scene0058,3,5,2,2,0,138.1,142.9,0,sponge,tomato_soup_can
n4_scene0058,9,12,2,0,2,3.5,8.1,0,phillips_screwdriver,padlock
n4_scene0058,1,5,1,0,1,1.6,1.6,1,tomato_soup_can,tomato_soup_can
n4_scene0058,1,3,3,3,0,128.0,147.9,0,tomato_soup_can,sponge
n4_scene0058,2,9,1,0,1,8.5,8.5,0,tomato_soup_can,phillips_screwdriver
n4_scene0059,9,17,1,1,0,181.5,181.5,0,nine_hole_peg_test,bleach_cleanser
n4_scene0059,9,19,2,2,0,75.2,142.8,0,nine_hole_peg_test,bleach_cleanser
n4_scene0059,17,19,1,0,1,10.5,10.5,1,bleach_cleanser,bleach_cleanser
n4_scene0059,15,19,1,0,1,18.6,18.6,1,bleach_cleanser,bleach_cleanser
n4_scene0059,9,15,3,3,0,131.2,175.7,0,nine_hole_peg_test,bleach_cleanser
n4_scene0059,1,15,1,0,1,18.5,18.5,1,bleach_cleanser,bleach_cleanser
n4_scene0059,7,15,1,1,0,410.2,410.2,0,wood_block,bleach_cleanser
n4_scene0059,3,15,1,1,0,328.6,328.6,0,wood_block,bleach_cleanser
n4_scene0059,8,15,1,1,0,282.9,282.9,0,nine_hole_peg_test,bleach_cleanser
n4_scene0059,3,7,1,1,0,323.7,323.7,1,wood_block,wood_block
n4_scene0059,7,9,1,1,0,258.4,258.4,0,wood_block,nine_hole_peg_test
n4_scene0059,7,8,1,1,0,286.5,286.5,0,wood_block,nine_hole_peg_test
n4_scene0059,3,19,5,5,0,87.8,178.6,0,wood_block,bleach_cleanser
n4_scene0059,8,9,3,0,3,3.2,10.0,1,nine_hole_peg_test,nine_hole_peg_test
n4_scene0059,1,3,1,1,0,115.8,115.8,0,bleach_cleanser,wood_block
n4_scene0059,1,16,1,1,0,194.9,194.9,1,bleach_cleanser,bleach_cleanser
n4_scene0059,1,7,1,1,0,279.4,279.4,0,bleach_cleanser,wood_block
n4_scene0059,3,16,1,1,0,204.3,204.3,0,wood_block,bleach_cleanser
n4_scene0059,7,16,1,1,0,217.4,217.4,0,wood_block,bleach_cleanser
n4_scene0059,16,19,2,0,2,1.7,5.6,1,bleach_cleanser,bleach_cleanser
n4_scene0059,13,15,1,1,0,227.5,227.5,0,strawberry,bleach_cleanser
n4_scene0059,7,13,1,1,0,222.0,222.0,0,wood_block,strawberry
n4_scene0059,10,16,1,0,1,34.2,34.2,1,bleach_cleanser,bleach_cleanser
n4_scene0059,19,21,1,0,1,17.7,17.7,1,bleach_cleanser,bleach_cleanser
n4_scene0059,16,20,1,0,1,10.4,10.4,1,bleach_cleanser,bleach_cleanser
n4_scene0059,3,14,1,0,1,34.5,34.5,0,wood_block,bleach_cleanser
n4_scene0059,7,14,1,0,1,7.6,7.6,0,wood_block,bleach_cleanser
n4_scene0060,12,13,3,0,3,7.9,11.6,1,foam_brick,foam_brick
n4_scene0060,10,13,3,3,0,62.6,349.9,1,foam_brick,foam_brick
n4_scene0060,4,10,1,1,0,695.7,695.7,1,foam_brick,foam_brick
n4_scene0060,4,7,1,0,1,13.1,13.1,0,foam_brick,plate
n4_scene0060,7,13,1,0,1,12.8,12.8,0,plate,foam_brick
n4_scene0060,8,13,1,0,1,6.4,6.4,1,foam_brick,foam_brick
n4_scene0061,10,14,2,1,1,3.3,80.0,1,rubiks_cube,rubiks_cube
n4_scene0061,7,9,2,1,1,28.8,50.1,0,extra_large_clamp,mini_soccer_ball
n4_scene0061,9,15,1,1,0,143.9,143.9,0,mini_soccer_ball,cups
n4_scene0061,8,9,3,3,0,133.4,156.9,0,cups,mini_soccer_ball
n4_scene0061,7,12,3,0,3,3.8,4.4,1,extra_large_clamp,extra_large_clamp
n4_scene0061,8,14,3,1,2,16.6,21.5,0,cups,rubiks_cube
n4_scene0061,2,14,5,4,1,16.9,136.2,0,extra_large_clamp,rubiks_cube
n4_scene0061,3,14,1,1,0,156.5,156.5,1,rubiks_cube,rubiks_cube
n4_scene0061,7,14,4,1,3,1.2,7.5,0,extra_large_clamp,rubiks_cube
n4_scene0061,2,7,2,1,1,0.8,26.1,1,extra_large_clamp,extra_large_clamp
n4_scene0061,7,10,3,0,3,19.3,22.5,0,extra_large_clamp,rubiks_cube
n4_scene0061,2,8,1,0,1,2.3,2.3,0,extra_large_clamp,cups
n4_scene0061,3,7,1,0,1,23.4,23.4,0,rubiks_cube,extra_large_clamp
n4_scene0061,2,10,2,0,2,0.9,5.1,0,extra_large_clamp,rubiks_cube
n5_scene0001,5,16,1,1,0,357.4,357.4,0,master_chef_can,bleach_cleanser
n5_scene0001,12,16,3,0,3,4.3,16.2,1,bleach_cleanser,bleach_cleanser
n5_scene0001,10,11,7,0,7,7.9,11.5,1,master_chef_can,master_chef_can
n5_scene0001,11,14,3,1,2,36.3,37.2,1,master_chef_can,master_chef_can
n5_scene0001,10,16,3,1,2,19.6,32.2,0,master_chef_can,bleach_cleanser
n5_scene0001,16,17,8,4,4,5.2,36.2,1,bleach_cleanser,bleach_cleanser
n5_scene0001,4,11,2,2,0,188.9,200.9,0,bleach_cleanser,master_chef_can
n5_scene0001,11,12,2,2,0,177.2,181.7,0,master_chef_can,bleach_cleanser
n5_scene0001,11,16,1,1,0,187.2,187.2,0,master_chef_can,bleach_cleanser
n5_scene0001,4,10,1,1,0,162.6,162.6,0,bleach_cleanser,master_chef_can
n5_scene0001,4,14,2,1,1,0.7,81.8,0,bleach_cleanser,master_chef_can
n5_scene0001,4,16,4,4,0,212.3,374.7,1,bleach_cleanser,bleach_cleanser
n5_scene0001,10,12,1,1,0,146.8,146.8,0,master_chef_can,bleach_cleanser
n5_scene0001,12,14,4,2,2,2.8,83.3,0,bleach_cleanser,master_chef_can
n5_scene0001,10,14,1,1,0,184.7,184.7,1,master_chef_can,master_chef_can
n5_scene0001,16,18,1,1,0,198.7,198.7,0,bleach_cleanser,master_chef_can
n5_scene0001,4,5,2,2,0,195.7,234.5,0,bleach_cleanser,master_chef_can
n5_scene0001,5,12,1,1,0,167.5,167.5,0,master_chef_can,bleach_cleanser
n5_scene0001,5,15,2,1,1,7.2,77.3,1,master_chef_can,master_chef_can
n5_scene0001,4,15,2,0,2,9.2,21.6,0,bleach_cleanser,master_chef_can
n5_scene0001,10,15,2,2,0,136.5,159.9,1,master_chef_can,master_chef_can
n5_scene0001,8,9,3,0,3,1.7,4.4,1,scissors,scissors
n5_scene0001,9,15,2,0,2,6.7,7.9,0,scissors,master_chef_can
n5_scene0001,14,19,1,1,0,102.2,102.2,0,master_chef_can,bleach_cleanser
n5_scene0001,11,21,1,0,1,1.0,1.0,1,master_chef_can,master_chef_can
n5_scene0001,9,16,3,1,2,1.0,1.4,0,scissors,bleach_cleanser
n5_scene0001,12,17,3,2,1,1.8,40.8,1,bleach_cleanser,bleach_cleanser
n5_scene0001,4,17,2,1,1,35.2,427.2,1,bleach_cleanser,bleach_cleanser
n5_scene0001,5,17,1,1,0,369.5,369.5,0,master_chef_can,bleach_cleanser
n5_scene0001,4,8,1,0,1,1.8,1.8,0,bleach_cleanser,scissors
n5_scene0001,4,9,1,0,1,5.6,5.6,0,bleach_cleanser,scissors
n5_scene0001,8,17,1,0,1,25.7,25.7,0,scissors,bleach_cleanser
n5_scene0001,9,17,2,1,1,19.2,75.8,0,scissors,bleach_cleanser
n5_scene0001,5,10,2,2,0,57.5,144.1,1,master_chef_can,master_chef_can
n5_scene0001,10,17,2,1,1,8.2,46.3,0,master_chef_can,bleach_cleanser
n5_scene0001,5,9,1,1,0,330.3,330.3,0,master_chef_can,scissors
n5_scene0001,5,13,1,1,0,189.9,189.9,0,master_chef_can,plum
n5_scene0001,5,8,1,0,1,28.3,28.3,0,master_chef_can,scissors
n5_scene0001,4,12,1,0,1,0.8,0.8,1,bleach_cleanser,bleach_cleanser
n5_scene0001,14,17,1,0,1,27.1,27.1,0,master_chef_can,bleach_cleanser
n5_scene0002,8,18,10,6,4,6.2,42.9,0,power_drill,rubiks_cube
n5_scene0002,5,9,1,1,0,223.8,223.8,0,cups,rubiks_cube
n5_scene0002,9,15,1,1,0,43.5,43.5,0,rubiks_cube,power_drill
n5_scene0002,9,18,2,1,1,33.7,129.8,1,rubiks_cube,rubiks_cube
n5_scene0002,5,15,5,3,2,6.3,74.1,0,cups,power_drill
n5_scene0002,5,12,5,1,4,22.5,31.8,0,cups,mug
n5_scene0002,5,18,3,2,1,23.7,173.7,0,cups,rubiks_cube
n5_scene0002,15,18,11,5,6,24.3,38.2,0,power_drill,rubiks_cube
n5_scene0002,18,19,1,0,1,6.9,6.9,1,rubiks_cube,rubiks_cube
n5_scene0002,13,18,3,0,3,11.8,16.2,1,rubiks_cube,rubiks_cube
n5_scene0002,11,12,1,0,1,25.6,25.6,0,cups,mug
n5_scene0002,5,8,1,1,0,158.7,158.7,0,cups,power_drill
n5_scene0002,8,11,1,1,0,137.1,137.1,0,power_drill,cups
n5_scene0002,11,15,1,1,0,136.0,136.0,0,cups,power_drill
n5_scene0002,11,18,8,1,7,0.8,7.6,0,cups,rubiks_cube
n5_scene0002,8,12,1,1,0,162.6,162.6,0,power_drill,mug
n5_scene0002,12,15,4,1,3,3.9,28.1,0,mug,power_drill
n5_scene0002,8,15,4,2,2,29.8,55.8,1,power_drill,power_drill
n5_scene0002,15,19,1,0,1,16.3,16.3,0,power_drill,rubiks_cube
n5_scene0002,4,19,1,0,1,0.2,0.2,1,rubiks_cube,rubiks_cube
n5_scene0002,4,18,4,2,2,17.2,59.9,1,rubiks_cube,rubiks_cube
n5_scene0002,12,18,7,2,5,3.7,23.1,0,mug,rubiks_cube
n5_scene0002,4,15,2,1,1,9.5,41.8,0,rubiks_cube,power_drill
n5_scene0002,13,15,1,0,1,19.1,19.1,0,rubiks_cube,power_drill
n5_scene0002,15,17,4,0,4,19.5,23.3,1,power_drill,power_drill
n5_scene0002,4,12,2,0,2,3.1,6.3,0,rubiks_cube,mug
n5_scene0002,4,13,1,0,1,23.5,23.5,1,rubiks_cube,rubiks_cube
n5_scene0002,6,15,1,0,1,8.8,8.8,0,rubiks_cube,power_drill
n5_scene0002,6,18,1,0,1,23.1,23.1,1,rubiks_cube,rubiks_cube
n5_scene0002,6,13,1,0,1,19.8,19.8,1,rubiks_cube,rubiks_cube
n5_scene0002,17,18,1,0,1,12.4,12.4,0,power_drill,rubiks_cube
n5_scene0003,4,17,5,1,4,3.8,16.0,0,cups,plate
n5_scene0003,17,18,1,0,1,21.7,21.7,0,plate,cups
n5_scene0003,3,18,4,4,0,96.6,178.8,0,cups,cups
n5_scene0003,18,19,6,2,4,23.7,34.9,0,cups,cups
n5_scene0003,4,18,2,1,1,8.0,246.3,1,cups,cups
n5_scene0003,16,18,2,0,2,1.3,15.1,1,cups,cups
n5_scene0003,7,9,3,0,3,3.8,4.7,1,cracker_box,cracker_box
n5_scene0003,3,15,1,1,0,208.3,208.3,0,cups,foam_brick
n5_scene0003,15,19,2,2,0,80.5,132.0,0,foam_brick,cups
n5_scene0003,5,17,1,0,1,4.0,4.0,0,cracker_box,plate
n5_scene0003,16,17,4,0,4,4.3,13.4,0,cups,plate
n5_scene0003,7,10,2,2,0,137.2,137.4,1,cracker_box,cracker_box
n5_scene0003,2,18,1,0,1,0.8,0.8,1,cups,cups
n5_scene0003,2,16,1,1,0,45.5,45.5,1,cups,cups
n5_scene0003,9,16,1,1,0,153.9,153.9,0,cracker_box,cups
n5_scene0003,8,9,1,1,0,53.0,53.0,1,cracker_box,cracker_box
n5_scene0003,9,18,1,1,0,324.5,324.5,0,cracker_box,cups
n5_scene0003,9,15,1,1,0,256.2,256.2,0,cracker_box,foam_brick
n5_scene0003,3,9,1,1,0,44.0,44.0,0,cups,cracker_box
n5_scene0003,11,13,1,1,0,67.3,67.3,1,cracker_box,cracker_box
n5_scene0003,12,13,1,0,1,15.1,15.1,1,cracker_box,cracker_box
n5_scene0004,8,13,1,1,0,227.8,227.8,0,banana,large_clamp
n5_scene0004,4,16,8,2,6,0.9,24.4,1,nine_hole_peg_test,nine_hole_peg_test
n5_scene0004,2,7,1,1,0,115.8,115.8,0,banana,nine_hole_peg_test
n5_scene0004,4,9,5,0,5,3.9,9.3,1,nine_hole_peg_test,nine_hole_peg_test
n5_scene0004,9,16,5,1,4,3.5,10.4,1,nine_hole_peg_test,nine_hole_peg_test
n5_scene0004,1,13,1,1,0,143.4,143.4,0,softball,large_clamp
n5_scene0004,15,16,1,0,1,4.0,4.0,0,golf_ball,nine_hole_peg_test
n5_scene0004,2,16,1,0,1,25.1,25.1,0,banana,nine_hole_peg_test
n5_scene0004,2,9,1,1,0,82.2,82.2,0,banana,nine_hole_peg_test
n5_scene0004,4,5,1,0,1,27.9,27.9,1,nine_hole_peg_test,nine_hole_peg_test
n5_scene0004,13,16,2,1,1,3.0,233.3,0,large_clamp,nine_hole_peg_test
n5_scene0004,5,16,2,1,1,8.2,27.8,1,nine_hole_peg_test,nine_hole_peg_test
n5_scene0004,11,16,1,0,1,32.7,32.7,1,nine_hole_peg_test,nine_hole_peg_test
n5_scene0004,5,9,1,1,0,122.9,122.9,1,nine_hole_peg_test,nine_hole_peg_test
n5_scene0005,13,14,5,5,0,105.2,164.7,0,mustard_bottle,cups
n5_scene0005,3,13,2,2,0,181.6,182.2,1,mustard_bottle,mustard_bottle
n5_scene0005,2,14,2,2,0,56.7,250.4,1,cups,cups
n5_scene0005,3,14,2,2,0,153.0,188.5,0,mustard_bottle,cups
n5_scene0005,4,7,2,1,1,4.7,29.6,1,sponge,sponge
n5_scene0005,7,12,5,0,5,0.8,1.5,0,sponge,mustard_bottle
n5_scene0005,4,13,3,3,0,100.4,263.2,0,sponge,mustard_bottle
n5_scene0005,12,13,2,2,0,184.3,190.9,1,mustard_bottle,mustard_bottle
n5_scene0005,2,13,3,3,0,105.5,135.8,0,cups,mustard_bottle
n5_scene0005,4,12,2,2,0,55.1,123.9,0,sponge,mustard_bottle
n5_scene0005,2,12,2,2,0,50.9,211.8,0,cups,mustard_bottle
n5_scene0005,11,12,1,0,1,2.8,2.8,1,mustard_bottle,mustard_bottle
n5_scene0005,2,4,1,1,0,412.6,412.6,0,cups,sponge
n5_scene0005,4,14,1,1,0,186.0,186.0,0,sponge,cups
n5_scene0005,9,13,1,1,0,117.4,117.4,1,mustard_bottle,mustard_bottle
n5_scene0005,2,7,1,0,1,1.3,1.3,0,cups,sponge
n5_scene0006,13,16,2,2,0,41.8,129.8,0,mini_soccer_ball,extra_large_clamp
n5_scene0006,1,4,4,0,4,10.2,15.3,1,sugar_box,sugar_box
n5_scene0006,10,16,1,1,0,223.0,223.0,0,sugar_box,extra_large_clamp
n5_scene0006,13,14,3,0,3,0.7,0.9,0,mini_soccer_ball,extra_large_clamp
n5_scene0006,14,15,3,3,0,325.6,408.7,0,extra_large_clamp,mini_soccer_ball
n5_scene0006,15,16,1,0,1,2.3,2.3,0,mini_soccer_ball,extra_large_clamp
n5_scene0007,6,11,4,4,0,154.7,193.7,0,cups,padlock
n5_scene0007,9,11,7,3,4,10.5,20.2,0,large_marker,padlock
n5_scene0007,11,12,4,0,4,17.1,30.1,0,padlock,cups
n5_scene0007,9,13,12,6,6,4.7,51.1,0,large_marker,spoon
n5_scene0007,8,9,2,1,1,15.1,56.1,0,padlock,large_marker
n5_scene0007,4,13,1,0,1,10.8,10.8,1,spoon,spoon
n5_scene0007,4,9,1,1,0,56.2,56.2,0,spoon,large_marker
n5_scene0008,11,15,2,0,2,3.5,11.7,0,cups,pitcher_base
n5_scene0008,12,15,9,6,3,5.4,69.2,0,tuna_fish_can,pitcher_base
n5_scene0008,12,18,1,1,0,280.6,280.6,0,tuna_fish_can,pitcher_base
n5_scene0008,10,15,4,3,1,35.8,122.5,0,medium_clamp,pitcher_base
n5_scene0008,15,17,6,3,3,2.0,32.5,1,pitcher_base,pitcher_base
n5_scene0008,12,17,6,5,1,3.2,68.5,0,tuna_fish_can,pitcher_base
n5_scene0008,11,17,1,0,1,24.1,24.1,0,cups,pitcher_base
n5_scene0008,2,12,1,0,1,30.2,30.2,0,gelatin_box,tuna_fish_can
n5_scene0008,9,12,3,0,3,2.8,16.2,1,tuna_fish_can,tuna_fish_can
n5_scene0008,10,17,3,3,0,186.5,196.0,0,medium_clamp,pitcher_base
n5_scene0008,10,12,1,1,0,56.2,56.2,0,medium_clamp,tuna_fish_can
n5_scene0010,8,9,1,1,0,84.1,84.1,0,knife,orange
n5_scene0010,7,11,3,3,0,175.4,195.6,0,flat_screwdriver,bowl
n5_scene0010,8,11,1,0,1,17.5,17.5,0,knife,bowl
n5_scene0010,7,8,12,2,10,5.5,10.9,0,flat_screwdriver,knife
n5_scene0010,4,11,4,3,1,24.4,117.3,1,bowl,bowl
n5_scene0010,9,11,8,4,4,2.1,53.3,0,orange,bowl
n5_scene0010,4,12,1,1,0,248.9,248.9,1,bowl,bowl
n5_scene0010,7,12,2,2,0,195.3,562.2,0,flat_screwdriver,bowl
n5_scene0010,11,12,1,1,0,255.2,255.2,1,bowl,bowl
n5_scene0010,10,11,2,2,0,40.3,55.1,1,bowl,bowl
n5_scene0010,10,12,1,1,0,326.8,326.8,1,bowl,bowl
n5_scene0010,2,7,2,0,2,2.8,3.8,0,fork,flat_screwdriver
n5_scene0010,2,8,1,0,1,5.8,5.8,0,fork,knife
n5_scene0011,3,12,3,0,3,7.1,7.8,0,phillips_screwdriver,wood_block
n5_scene0011,12,18,5,5,0,62.7,93.6,1,wood_block,wood_block
n5_scene0011,8,15,2,0,2,10.5,18.3,1,cups,cups
n5_scene0011,12,15,2,0,2,0.4,6.1,0,wood_block,cups
n5_scene0011,12,17,5,1,4,3.8,27.6,1,wood_block,wood_block
n5_scene0011,4,12,1,1,0,90.8,90.8,1,wood_block,wood_block
n5_scene0011,8,12,1,0,1,4.0,4.0,0,cups,wood_block
n5_scene0012,14,17,2,1,1,0.3,79.0,1,tomato_soup_can,tomato_soup_can
n5_scene0012,3,11,8,7,1,10.8,344.6,0,cups,potted_meat_can
n5_scene0012,3,15,2,1,1,5.7,54.6,0,cups,apple
n5_scene0012,7,15,1,1,0,103.6,103.6,0,cups,apple
n5_scene0012,3,14,8,6,2,12.7,72.0,0,cups,tomato_soup_can
n5_scene0012,11,14,11,6,5,8.3,56.4,0,potted_meat_can,tomato_soup_can
n5_scene0012,9,11,2,1,1,26.0,35.5,1,potted_meat_can,potted_meat_can
n5_scene0012,5,11,1,1,0,269.0,269.0,0,tomato_soup_can,potted_meat_can
n5_scene0012,5,9,1,0,1,15.5,15.5,0,tomato_soup_can,potted_meat_can
n5_scene0012,3,7,2,1,1,2.0,27.0,1,cups,cups
n5_scene0012,11,15,1,0,1,2.9,2.9,0,potted_meat_can,apple
n5_scene0012,7,11,1,0,1,5.8,5.8,0,cups,potted_meat_can
n5_scene0012,9,14,2,0,2,17.1,25.6,0,potted_meat_can,tomato_soup_can
n5_scene0012,9,16,1,0,1,4.1,4.1,1,potted_meat_can,potted_meat_can
n5_scene0012,9,13,1,0,1,6.9,6.9,1,potted_meat_can,potted_meat_can
n5_scene0013,12,16,9,9,0,106.9,286.0,0,mustard_bottle,foam_brick
n5_scene0013,7,12,2,2,0,52.1,492.4,0,foam_brick,mustard_bottle
n5_scene0013,16,17,1,0,1,7.6,7.6,1,foam_brick,foam_brick
n5_scene0013,12,17,1,1,0,932.7,932.7,0,mustard_bottle,foam_brick
n5_scene0013,12,13,7,7,0,121.9,239.7,1,mustard_bottle,mustard_bottle
n5_scene0013,8,16,1,1,0,53.2,53.2,1,foam_brick,foam_brick
n5_scene0013,8,12,1,1,0,144.2,144.2,0,foam_brick,mustard_bottle
n5_scene0013,13,16,1,1,0,293.1,293.1,0,mustard_bottle,foam_brick
n5_scene0013,13,14,1,0,1,18.9,18.9,0,mustard_bottle,cups
n5_scene0013,12,14,1,1,0,210.4,210.4,0,mustard_bottle,cups
n5_scene0014,2,18,12,10,2,17.7,137.4,1,master_chef_can,master_chef_can
n5_scene0014,2,19,1,1,0,200.5,200.5,0,master_chef_can,cups
n5_scene0014,12,18,6,6,0,62.4,93.3,0,bleach_cleanser,master_chef_can
n5_scene0014,16,18,1,0,1,32.6,32.6,1,master_chef_can,master_chef_can
n5_scene0014,11,18,4,4,0,97.6,152.7,0,bleach_cleanser,master_chef_can
n5_scene0014,13,18,1,1,0,362.9,362.9,1,master_chef_can,master_chef_can
n5_scene0014,16,19,1,1,0,176.5,176.5,0,master_chef_can,cups
n5_scene0014,13,16,1,1,0,177.0,177.0,1,master_chef_can,master_chef_can
n5_scene0014,18,21,4,2,2,2.8,470.9,0,master_chef_can,cups
n5_scene0014,1,12,1,1,0,116.6,116.6,0,cups,bleach_cleanser
n5_scene0014,12,19,1,1,0,251.8,251.8,0,bleach_cleanser,cups
n5_scene0014,1,18,2,0,2,5.0,12.9,0,cups,master_chef_can
n5_scene0014,1,2,1,1,0,460.4,460.4,0,cups,master_chef_can
n5_scene0014,1,15,1,1,0,280.9,280.9,0,cups,bleach_cleanser
n5_scene0014,2,15,2,2,0,111.1,156.0,0,master_chef_can,bleach_cleanser
n5_scene0014,12,21,2,2,0,222.2,223.0,0,bleach_cleanser,cups
n5_scene0014,12,15,1,0,1,8.6,8.6,1,bleach_cleanser,bleach_cleanser
n5_scene0014,2,21,1,1,0,948.2,948.2,0,master_chef_can,cups
n5_scene0014,15,18,6,6,0,118.0,185.2,0,bleach_cleanser,master_chef_can
n5_scene0014,12,20,1,1,0,257.9,257.9,0,bleach_cleanser,cups
n5_scene0014,18,20,1,1,0,66.1,66.1,0,master_chef_can,cups
n5_scene0014,17,18,2,2,0,69.2,118.3,0,bleach_cleanser,master_chef_can
n5_scene0014,20,21,1,0,1,6.6,6.6,0,cups,cups
n5_scene0014,17,23,1,1,0,1911.3,1911.3,0,bleach_cleanser,master_chef_can
n5_scene0014,2,23,1,1,0,370.1,370.1,1,master_chef_can,master_chef_can
n5_scene0014,18,23,1,1,0,1597.6,1597.6,1,master_chef_can,master_chef_can
n5_scene0014,2,13,1,1,0,672.4,672.4,1,master_chef_can,master_chef_can
n5_scene0015,5,12,6,3,3,0.7,56.0,1,cups,cups
n5_scene0015,5,13,3,2,1,2.7,420.8,0,cups,cups
n5_scene0015,12,13,4,2,2,4.8,44.4,0,cups,cups
n5_scene0015,11,12,2,2,0,98.0,98.5,0,padlock,cups
n5_scene0015,9,11,1,0,1,6.5,6.5,1,padlock,padlock
n5_scene0015,5,11,3,2,1,2.1,63.5,0,cups,padlock
n5_scene0015,11,13,1,1,0,50.0,50.0,0,padlock,cups
n5_scene0015,12,14,6,6,0,106.9,167.7,1,cups,cups
n5_scene0015,13,14,4,2,2,6.0,86.4,0,cups,cups
n5_scene0015,10,12,4,0,4,0.7,7.0,0,tennis_ball,cups
n5_scene0015,9,12,1,0,1,35.4,35.4,0,padlock,cups
n5_scene0015,5,9,1,1,0,120.3,120.3,0,cups,padlock
n5_scene0015,10,13,1,0,1,29.3,29.3,0,tennis_ball,cups
n5_scene0015,10,11,3,2,1,4.1,97.6,0,tennis_ball,padlock
n5_scene0015,5,14,2,0,2,4.2,4.6,1,cups,cups
n5_scene0015,10,14,2,0,2,4.2,4.6,0,tennis_ball,cups
n5_scene0016,10,19,4,4,0,131.9,148.4,1,cracker_box,cracker_box
n5_scene0016,3,17,8,4,4,0.1,39.1,0,mini_soccer_ball,golf_ball
n5_scene0016,10,20,1,1,0,59.9,59.9,1,cracker_box,cracker_box
n5_scene0016,14,18,2,2,0,147.7,158.6,0,mini_soccer_ball,cracker_box
n5_scene0016,11,18,1,1,0,66.1,66.1,1,cracker_box,cracker_box
n5_scene0016,14,19,2,2,0,139.4,145.9,0,mini_soccer_ball,cracker_box
n5_scene0016,11,14,1,1,0,181.3,181.3,0,cracker_box,mini_soccer_ball
n5_scene0016,10,14,1,1,0,151.8,151.8,0,cracker_box,mini_soccer_ball
n5_scene0016,11,19,2,1,1,1.0,56.2,1,cracker_box,cracker_box
n5_scene0016,15,17,2,1,1,8.9,48.5,0,racquetball,golf_ball
n5_scene0016,3,18,1,1,0,105.9,105.9,0,mini_soccer_ball,cracker_box
n5_scene0016,17,18,4,3,1,22.1,85.2,0,golf_ball,cracker_box
n5_scene0016,3,19,1,1,0,82.9,82.9,0,mini_soccer_ball,cracker_box
n5_scene0016,3,15,1,1,0,133.9,133.9,0,mini_soccer_ball,racquetball
n5_scene0016,14,15,3,3,0,102.1,115.9,0,mini_soccer_ball,racquetball
n5_scene0016,19,21,1,0,1,5.7,5.7,1,cracker_box,cracker_box
n5_scene0016,17,19,3,1,2,19.5,24.4,0,golf_ball,cracker_box
n5_scene0016,17,21,1,1,0,50.7,50.7,0,golf_ball,cracker_box
n5_scene0016,14,17,2,1,1,32.9,79.8,0,mini_soccer_ball,golf_ball
n5_scene0016,6,17,1,1,0,42.3,42.3,0,spoon,golf_ball
n5_scene0016,8,17,2,0,2,2.6,3.8,0,spoon,golf_ball
n5_scene0016,8,18,1,1,0,143.8,143.8,0,spoon,cracker_box
n5_scene0016,3,8,1,1,0,54.0,54.0,0,mini_soccer_ball,spoon
n5_scene0016,4,17,1,1,0,76.8,76.8,0,cracker_box,golf_ball
n5_scene0017,6,10,6,2,4,0.2,3.5,0,adjustable_wrench,knife
n5_scene0017,9,10,7,5,2,14.7,72.6,0,scissors,knife
n5_scene0017,5,10,10,0,10,1.3,15.3,0,scissors,knife
n5_scene0017,5,9,8,3,5,1.0,7.5,1,scissors,scissors
n5_scene0017,5,6,5,1,4,5.0,21.8,0,scissors,adjustable_wrench
n5_scene0017,4,6,1,0,1,17.3,17.3,0,orange,adjustable_wrench
n5_scene0017,6,9,1,0,1,1.8,1.8,0,adjustable_wrench,scissors
n5_scene0018,7,12,4,2,2,8.2,180.8,0,medium_clamp,bowl
n5_scene0018,8,12,10,8,2,0.1,154.1,1,bowl,bowl
n5_scene0018,8,11,7,6,1,1.2,167.1,1,bowl,bowl
n5_scene0019,15,16,2,0,2,3.9,5.9,1,flat_screwdriver,flat_screwdriver
n5_scene0019,2,12,1,1,0,187.7,187.7,0,wood_block,pudding_box
n5_scene0019,2,7,1,1,0,213.2,213.2,0,wood_block,pudding_box
n5_scene0019,2,13,1,1,0,123.6,123.6,0,wood_block,pudding_box
n5_scene0019,2,8,1,1,0,218.0,218.0,0,wood_block,pudding_box
n5_scene0019,9,14,2,0,2,1.0,1.8,1,wood_block,wood_block
n5_scene0019,2,20,3,1,2,19.0,19.2,0,wood_block,cups
n5_scene0019,9,10,1,0,1,4.5,4.5,1,wood_block,wood_block
n5_scene0019,2,16,1,1,0,455.0,455.0,0,wood_block,flat_screwdriver
n5_scene0019,9,17,1,0,1,5.9,5.9,1,wood_block,wood_block
n5_scene0019,6,16,1,1,0,40.3,40.3,0,pudding_box,flat_screwdriver
n5_scene0019,13,16,1,0,1,17.9,17.9,0,pudding_box,flat_screwdriver
n5_scene0020,12,22,3,3,0,46.6,78.3,0,pitcher_base,large_clamp
n5_scene0020,12,13,1,0,1,0.5,0.5,0,pitcher_base,rubiks_cube
n5_scene0020,11,12,1,1,0,251.6,251.6,0,sponge,pitcher_base
n5_scene0020,12,23,5,2,3,1.3,4.8,1,pitcher_base,pitcher_base
n5_scene0020,12,20,1,1,0,129.8,129.8,0,pitcher_base,rubiks_cube
n5_scene0021,10,15,1,1,0,45.3,45.3,0,nine_hole_peg_test,power_drill
n5_scene0021,3,15,1,1,0,79.5,79.5,0,tomato_soup_can,power_drill
n5_scene0021,15,17,2,1,1,4.4,101.1,1,power_drill,power_drill
n5_scene0021,10,18,3,3,0,44.1,100.2,0,nine_hole_peg_test,power_drill
n5_scene0021,3,18,3,3,0,70.1,71.3,0,tomato_soup_can,power_drill
n5_scene0021,17,18,5,2,3,7.6,24.0,1,power_drill,power_drill
n5_scene0021,18,21,11,5,6,10.2,19.1,0,power_drill,tomato_soup_can
n5_scene0021,4,17,3,3,0,54.8,57.3,0,gelatin_box,power_drill
n5_scene0021,3,11,1,1,0,117.8,117.8,0,tomato_soup_can,nine_hole_peg_test
n5_scene0021,11,21,2,1,1,25.2,52.7,0,nine_hole_peg_test,tomato_soup_can
n5_scene0021,11,19,2,0,2,1.3,15.3,0,nine_hole_peg_test,gelatin_box
n5_scene0021,14,18,9,4,5,2.3,35.1,1,power_drill,power_drill
n5_scene0021,3,14,2,2,0,60.8,61.9,0,tomato_soup_can,power_drill
n5_scene0021,14,21,8,6,2,23.1,54.7,0,power_drill,tomato_soup_can
n5_scene0021,4,12,5,0,5,0.4,5.9,0,gelatin_box,nine_hole_peg_test
n5_scene0021,4,18,6,2,4,0.4,6.8,0,gelatin_box,power_drill
n5_scene0021,4,19,2,2,0,105.0,144.8,1,gelatin_box,gelatin_box
n5_scene0021,3,10,2,2,0,106.1,116.1,0,tomato_soup_can,nine_hole_peg_test
n5_scene0021,10,21,5,4,1,6.9,51.4,0,nine_hole_peg_test,tomato_soup_can
n5_scene0021,2,12,2,0,2,1.0,7.6,0,gelatin_box,nine_hole_peg_test
n5_scene0021,2,18,2,1,1,29.5,75.0,0,gelatin_box,power_drill
n5_scene0021,12,14,3,1,2,4.9,23.5,0,nine_hole_peg_test,power_drill
n5_scene0021,12,18,3,3,0,53.7,206.5,0,nine_hole_peg_test,power_drill
n5_scene0021,1,12,1,1,0,117.2,117.2,0,softball,nine_hole_peg_test
n5_scene0021,12,21,8,8,0,44.5,84.2,0,nine_hole_peg_test,tomato_soup_can
n5_scene0021,12,19,1,1,0,85.5,85.5,0,nine_hole_peg_test,gelatin_box
n5_scene0021,10,11,2,0,2,12.5,13.5,1,nine_hole_peg_test,nine_hole_peg_test
n5_scene0021,1,3,2,2,0,133.3,138.6,0,softball,tomato_soup_can
n5_scene0021,3,21,3,2,1,3.5,41.0,1,tomato_soup_can,tomato_soup_can
n5_scene0021,1,21,3,3,0,108.9,119.2,0,softball,tomato_soup_can
n5_scene0021,14,15,1,0,1,24.4,24.4,1,power_drill,power_drill
n5_scene0021,12,15,1,1,0,75.5,75.5,0,nine_hole_peg_test,power_drill
n5_scene0021,15,20,1,0,1,29.1,29.1,0,power_drill,tomato_soup_can
n5_scene0021,15,21,1,0,1,13.2,13.2,0,power_drill,tomato_soup_can
n5_scene0021,1,15,1,1,0,100.9,100.9,0,softball,power_drill
n5_scene0021,14,20,1,1,0,86.3,86.3,0,power_drill,tomato_soup_can
n5_scene0021,10,20,1,1,0,117.4,117.4,0,nine_hole_peg_test,tomato_soup_can
n5_scene0021,20,21,1,1,0,61.3,61.3,1,tomato_soup_can,tomato_soup_can
n5_scene0021,1,20,1,1,0,138.2,138.2,0,softball,tomato_soup_can
n5_scene0021,11,18,1,0,1,38.2,38.2,0,nine_hole_peg_test,power_drill
n5_scene0021,10,14,1,0,1,29.8,29.8,0,nine_hole_peg_test,power_drill
n5_scene0021,11,14,1,0,1,25.2,25.2,0,nine_hole_peg_test,power_drill
n5_scene0021,14,17,2,2,0,260.2,307.8,1,power_drill,power_drill
n5_scene0021,15,18,1,0,1,16.4,16.4,1,power_drill,power_drill
n5_scene0021,5,12,1,0,1,0.2,0.2,0,gelatin_box,nine_hole_peg_test
n5_scene0021,5,18,1,0,1,9.0,9.0,0,gelatin_box,power_drill
n5_scene0021,9,18,1,0,1,9.3,9.3,1,power_drill,power_drill
n5_scene0021,9,21,1,1,0,51.0,51.0,0,power_drill,tomato_soup_can
n5_scene0021,4,21,1,1,0,88.8,88.8,0,gelatin_box,tomato_soup_can
n5_scene0022,4,11,3,2,1,23.6,54.7,1,cups,cups
n5_scene0022,8,11,11,5,6,3.6,11.9,0,extra_large_clamp,cups
n5_scene0022,7,11,9,7,2,17.5,89.1,1,cups,cups
n5_scene0022,5,6,1,1,0,166.5,166.5,0,peach,apple
n5_scene0022,6,11,8,4,4,8.6,33.2,0,apple,cups
n5_scene0022,5,11,2,1,1,38.9,59.2,0,peach,cups
n5_scene0022,3,11,3,1,2,9.9,24.6,0,extra_large_clamp,cups
n5_scene0022,4,6,2,2,0,48.1,96.4,0,cups,apple
n5_scene0022,2,11,1,1,0,79.0,79.0,0,peach,cups
n5_scene0022,3,8,1,0,1,13.4,13.4,1,extra_large_clamp,extra_large_clamp
n5_scene0023,3,10,1,1,0,318.1,318.1,1,cups,cups
n5_scene0023,8,10,1,0,1,4.0,4.0,0,strawberry,cups
n5_scene0023,9,10,4,1,3,3.4,8.3,1,cups,cups
n5_scene0023,6,7,1,1,0,118.0,118.0,1,plate,plate
n5_scene0023,2,6,1,1,0,102.7,102.7,0,mug,plate
n5_scene0023,7,8,3,0,3,9.9,10.9,0,plate,strawberry
n5_scene0024,16,19,10,8,2,25.3,113.5,0,large_marker,banana
n5_scene0024,12,19,9,6,3,16.2,129.5,0,large_marker,banana
n5_scene0024,11,12,8,5,3,10.4,91.6,0,banana,large_marker
n5_scene0024,12,16,7,3,4,10.9,28.1,1,large_marker,large_marker
n5_scene0024,1,12,2,2,0,44.0,50.0,0,banana,large_marker
n5_scene0024,11,16,2,0,2,15.8,19.4,0,banana,large_marker
n5_scene0024,19,20,1,1,0,250.1,250.1,1,banana,banana
n5_scene0024,1,19,3,1,2,5.2,8.6,1,banana,banana
n5_scene0024,11,20,1,1,0,357.4,357.4,1,banana,banana
n5_scene0024,12,20,1,1,0,60.0,60.0,0,large_marker,banana
n5_scene0024,1,11,6,0,6,2.3,6.0,1,banana,banana
n5_scene0024,10,14,1,1,0,380.4,380.4,0,tuna_fish_can,sugar_box
n5_scene0024,6,10,1,1,0,359.9,359.9,0,sugar_box,tuna_fish_can
n5_scene0024,4,6,3,0,3,1.8,13.3,1,sugar_box,sugar_box
n5_scene0024,12,14,1,1,0,221.5,221.5,0,large_marker,sugar_box
n5_scene0024,6,12,1,1,0,220.9,220.9,0,sugar_box,large_marker
n5_scene0024,8,10,3,0,3,15.0,18.3,1,tuna_fish_can,tuna_fish_can
n5_scene0024,14,16,2,2,0,112.8,115.4,0,sugar_box,large_marker
n5_scene0024,6,16,2,2,0,50.1,56.2,0,sugar_box,large_marker
n5_scene0024,5,12,1,1,0,102.8,102.8,0,sugar_box,large_marker
n5_scene0024,10,12,1,1,0,47.8,47.8,0,tuna_fish_can,large_marker
n5_scene0024,14,19,1,1,0,117.9,117.9,0,sugar_box,banana
n5_scene0024,4,19,1,0,1,17.2,17.2,0,sugar_box,banana
n5_scene0024,7,19,1,0,1,2.2,2.2,0,sugar_box,banana
n5_scene0024,7,11,1,0,1,2.4,2.4,0,sugar_box,banana
n5_scene0024,4,7,1,0,1,0.0,0.0,1,sugar_box,sugar_box
n5_scene0024,6,19,1,1,0,160.1,160.1,0,sugar_box,banana
n5_scene0025,8,9,7,7,0,53.0,94.3,0,master_chef_can,pitcher_base
n5_scene0025,8,20,11,11,0,68.6,224.8,1,master_chef_can,master_chef_can
n5_scene0025,7,8,9,8,1,36.1,61.3,1,master_chef_can,master_chef_can
n5_scene0025,8,10,1,1,0,195.5,195.5,0,master_chef_can,cups
n5_scene0025,8,12,1,1,0,54.2,54.2,0,master_chef_can,potted_meat_can
n5_scene0025,7,12,2,2,0,148.8,161.4,0,master_chef_can,potted_meat_can
n5_scene0025,7,14,1,1,0,182.3,182.3,0,master_chef_can,potted_meat_can
n5_scene0025,2,12,1,1,0,54.7,54.7,0,master_chef_can,potted_meat_can
n5_scene0025,12,14,6,0,6,5.5,17.9,1,potted_meat_can,potted_meat_can
n5_scene0025,12,20,1,1,0,192.0,192.0,0,potted_meat_can,master_chef_can
n5_scene0025,9,13,1,1,0,117.6,117.6,0,pitcher_base,cups
n5_scene0025,10,13,2,0,2,2.7,3.9,1,cups,cups
n5_scene0025,14,20,7,5,2,2.9,179.4,0,potted_meat_can,master_chef_can
n5_scene0025,8,14,6,6,0,44.7,208.3,0,master_chef_can,potted_meat_can
n5_scene0025,14,18,2,2,0,79.6,119.8,1,potted_meat_can,potted_meat_can
n5_scene0025,9,20,2,2,0,162.7,164.6,0,pitcher_base,master_chef_can
n5_scene0025,7,18,3,1,2,3.6,27.2,0,master_chef_can,potted_meat_can
n5_scene0025,7,15,2,0,2,3.8,7.8,1,master_chef_can,master_chef_can
n5_scene0025,8,18,2,2,0,129.9,193.4,0,master_chef_can,potted_meat_can
n5_scene0025,8,15,1,1,0,256.4,256.4,1,master_chef_can,master_chef_can
n5_scene0025,11,18,1,0,1,1.7,1.7,0,master_chef_can,potted_meat_can
n5_scene0025,11,15,1,0,1,1.4,1.4,1,master_chef_can,master_chef_can
n5_scene0025,8,19,1,0,1,28.2,28.2,0,master_chef_can,cups
n5_scene0025,11,20,1,1,0,383.7,383.7,1,master_chef_can,master_chef_can
n5_scene0025,8,11,1,0,1,23.8,23.8,1,master_chef_can,master_chef_can
n5_scene0025,7,11,1,1,0,547.4,547.4,1,master_chef_can,master_chef_can
n5_scene0025,12,18,1,0,1,2.3,2.3,1,potted_meat_can,potted_meat_can
n5_scene0025,12,15,1,0,1,2.3,2.3,0,potted_meat_can,master_chef_can
n5_scene0025,18,20,1,1,0,56.7,56.7,0,potted_meat_can,master_chef_can
n5_scene0026,6,12,1,1,0,95.8,95.8,0,cups,bleach_cleanser
n5_scene0026,12,18,2,2,0,95.8,96.2,0,bleach_cleanser,cups
n5_scene0026,6,16,1,1,0,114.7,114.7,0,cups,bleach_cleanser
n5_scene0026,16,18,6,5,1,0.1,126.6,0,bleach_cleanser,cups
n5_scene0026,17,18,1,0,1,0.5,0.5,1,cups,cups
n5_scene0026,5,18,2,1,1,22.5,58.3,0,wood_block,cups
n5_scene0026,5,16,4,3,1,13.2,82.8,0,wood_block,bleach_cleanser
n5_scene0026,12,15,1,0,1,14.9,14.9,1,bleach_cleanser,bleach_cleanser
n5_scene0026,15,18,2,0,2,22.6,27.4,0,bleach_cleanser,cups
n5_scene0026,15,16,6,4,2,14.2,76.1,1,bleach_cleanser,bleach_cleanser
n5_scene0026,5,15,2,1,1,3.7,171.7,0,wood_block,bleach_cleanser
n5_scene0026,13,16,3,3,0,42.6,321.6,1,bleach_cleanser,bleach_cleanser
n5_scene0026,10,15,3,0,3,1.6,5.2,1,bleach_cleanser,bleach_cleanser
n5_scene0026,8,13,1,1,0,132.9,132.9,0,wood_block,bleach_cleanser
n5_scene0026,8,11,1,1,0,174.5,174.5,0,wood_block,plum
n5_scene0026,13,15,1,1,0,986.9,986.9,1,bleach_cleanser,bleach_cleanser
n5_scene0026,8,15,1,0,1,1.7,1.7,0,wood_block,bleach_cleanser
n5_scene0027,9,10,2,1,1,18.8,126.2,1,mug,mug
n5_scene0027,9,14,1,1,0,83.8,83.8,0,mug,tomato_soup_can
n5_scene0028,3,19,1,0,1,30.5,30.5,0,bowl,nine_hole_peg_test
n5_scene0028,3,4,5,2,3,16.2,30.3,1,bowl,bowl
n5_scene0028,3,20,1,1,0,46.0,46.0,0,bowl,nine_hole_peg_test
n5_scene0028,3,11,6,4,2,7.4,73.1,0,bowl,cups
n5_scene0028,3,13,4,3,1,15.4,129.0,0,bowl,cups
n5_scene0028,3,5,4,1,3,14.6,24.5,0,bowl,cups
n5_scene0028,4,11,6,4,2,13.9,96.1,0,bowl,cups
n5_scene0028,7,15,7,3,4,6.5,36.0,0,bowl,nine_hole_peg_test
n5_scene0028,19,20,2,0,2,16.4,18.2,1,nine_hole_peg_test,nine_hole_peg_test
n5_scene0028,7,19,7,1,6,15.9,32.8,0,bowl,nine_hole_peg_test
n5_scene0028,4,7,2,2,0,142.8,209.9,1,bowl,bowl
n5_scene0028,9,20,2,0,2,0.4,2.9,1,nine_hole_peg_test,nine_hole_peg_test
n5_scene0028,7,20,2,0,2,2.7,6.0,0,bowl,nine_hole_peg_test
n5_scene0028,13,15,1,1,0,192.0,192.0,0,cups,nine_hole_peg_test
n5_scene0028,7,13,3,2,1,2.1,148.5,0,bowl,cups
n5_scene0028,7,11,2,1,1,25.6,494.1,0,bowl,cups
n5_scene0028,4,19,1,1,0,82.1,82.1,0,bowl,nine_hole_peg_test
n5_scene0028,5,7,1,1,0,187.6,187.6,0,cups,bowl
n5_scene0028,3,15,2,0,2,3.0,6.0,0,bowl,nine_hole_peg_test
n5_scene0028,3,9,3,0,3,0.7,3.0,0,bowl,nine_hole_peg_test
n5_scene0028,3,7,4,3,1,4.8,134.5,1,bowl,bowl
n5_scene0028,7,9,6,4,2,6.4,47.6,0,bowl,nine_hole_peg_test
n5_scene0028,14,15,1,1,0,63.3,63.3,1,nine_hole_peg_test,nine_hole_peg_test
n5_scene0028,9,14,1,1,0,63.4,63.4,1,nine_hole_peg_test,nine_hole_peg_test
n5_scene0028,15,19,2,0,2,0.1,3.3,1,nine_hole_peg_test,nine_hole_peg_test
n5_scene0028,9,19,6,0,6,0.0,8.5,1,nine_hole_peg_test,nine_hole_peg_test
n5_scene0028,15,20,1,0,1,0.2,0.2,1,nine_hole_peg_test,nine_hole_peg_test
n5_scene0028,13,19,2,0,2,0.1,5.2,0,cups,nine_hole_peg_test
n5_scene0028,11,19,1,0,1,5.7,5.7,0,cups,nine_hole_peg_test
n5_scene0028,9,11,1,0,1,17.8,17.8,0,nine_hole_peg_test,cups
n5_scene0028,11,13,1,0,1,10.1,10.1,0,cups,cups
n5_scene0028,9,15,1,1,0,54.0,54.0,1,nine_hole_peg_test,nine_hole_peg_test
n5_scene0028,9,13,1,1,0,44.9,44.9,0,nine_hole_peg_test,cups
n5_scene0029,2,10,7,5,2,3.9,133.5,1,adjustable_wrench,adjustable_wrench
n5_scene0029,2,3,3,3,0,382.7,548.0,0,adjustable_wrench,cups
n5_scene0029,3,5,3,2,1,39.3,132.8,1,cups,cups
n5_scene0029,8,10,1,0,1,9.4,9.4,1,adjustable_wrench,adjustable_wrench
n5_scene0030,8,11,3,0,3,8.2,14.8,0,sugar_box,plate
n5_scene0030,5,21,6,0,6,1.7,10.5,1,sugar_box,sugar_box
n5_scene0030,20,21,4,3,1,1.5,157.6,1,sugar_box,sugar_box
n5_scene0030,8,20,2,2,0,183.7,212.6,1,sugar_box,sugar_box
n5_scene0030,11,17,2,0,2,4.6,6.6,1,plate,plate
n5_scene0030,17,20,1,1,0,374.7,374.7,0,plate,sugar_box
n5_scene0030,23,24,1,0,1,3.0,3.0,1,scissors,scissors
n5_scene0030,8,15,1,1,0,43.9,43.9,0,sugar_box,pudding_box
n5_scene0030,8,14,1,1,0,40.2,40.2,0,sugar_box,pudding_box
n5_scene0030,4,5,2,0,2,4.0,9.4,1,sugar_box,sugar_box
n5_scene0030,4,20,1,1,0,214.1,214.1,1,sugar_box,sugar_box
n5_scene0030,8,23,2,0,2,5.4,9.2,0,sugar_box,scissors
n5_scene0030,22,23,1,0,1,2.3,2.3,1,scissors,scissors
n5_scene0031,12,16,7,6,1,16.7,150.3,0,large_marker,foam_brick
n5_scene0031,8,12,7,2,5,0.9,21.6,1,large_marker,large_marker
n5_scene0031,10,13,3,3,0,43.6,53.3,0,orange,foam_brick
n5_scene0031,4,12,6,6,0,64.8,178.3,0,foam_brick,large_marker
n5_scene0031,10,16,5,5,0,43.2,47.6,0,orange,foam_brick
n5_scene0031,4,11,2,0,2,24.6,26.1,0,foam_brick,strawberry
n5_scene0031,13,14,3,1,2,1.1,16.3,0,foam_brick,orange
n5_scene0031,14,16,3,3,0,47.3,49.1,0,orange,foam_brick
n5_scene0031,5,12,1,1,0,40.9,40.9,0,foam_brick,large_marker
n5_scene0032,3,9,2,0,2,13.2,20.2,0,cups,cups
n5_scene0032,5,9,3,0,3,6.4,9.1,0,cups,cups
n5_scene0032,7,8,10,5,5,21.7,40.8,1,cups,cups
n5_scene0032,3,8,7,6,1,3.9,146.2,1,cups,cups
n5_scene0032,5,8,4,0,4,3.1,6.3,1,cups,cups
n5_scene0032,3,7,1,0,1,3.4,3.4,1,cups,cups
n5_scene0032,5,7,2,0,2,3.4,6.7,1,cups,cups
n5_scene0033,3,9,4,2,2,3.2,51.1,0,extra_large_clamp,baseball
n5_scene0033,3,13,2,1,1,33.1,84.4,1,extra_large_clamp,extra_large_clamp
n5_scene0033,3,15,1,1,0,44.1,44.1,0,extra_large_clamp,cracker_box
n5_scene0033,9,10,3,3,0,82.1,151.6,0,baseball,cracker_box
n5_scene0033,10,13,3,3,0,117.2,170.6,0,cracker_box,extra_large_clamp
n5_scene0033,10,15,1,0,1,15.8,15.8,1,cracker_box,cracker_box
n5_scene0033,12,15,1,1,0,147.8,147.8,0,mini_soccer_ball,cracker_box
n5_scene0033,11,13,3,2,1,21.3,162.5,0,cracker_box,extra_large_clamp
n5_scene0033,11,15,1,0,1,16.8,16.8,1,cracker_box,cracker_box
n5_scene0033,11,17,4,4,0,61.1,83.1,1,cracker_box,cracker_box
n5_scene0033,9,16,5,2,3,2.9,14.1,0,baseball,cracker_box
n5_scene0033,9,15,1,1,0,71.3,71.3,0,baseball,cracker_box
n5_scene0033,10,14,2,2,0,302.3,348.1,0,cracker_box,flat_screwdriver
n5_scene0033,11,14,2,2,0,303.3,352.0,0,cracker_box,flat_screwdriver
n5_scene0033,3,16,10,9,1,0.2,228.5,0,extra_large_clamp,cracker_box
n5_scene0033,3,14,7,6,1,5.4,96.9,0,extra_large_clamp,flat_screwdriver
n5_scene0033,13,16,7,4,3,4.8,69.4,0,extra_large_clamp,cracker_box
n5_scene0033,13,14,8,8,0,93.5,277.7,0,extra_large_clamp,flat_screwdriver
n5_scene0033,14,21,1,1,0,466.5,466.5,0,flat_screwdriver,cracker_box
n5_scene0033,10,16,6,5,1,38.7,97.4,1,cracker_box,cracker_box
n5_scene0033,2,11,2,0,2,0.3,0.9,1,cracker_box,cracker_box
n5_scene0033,11,16,2,0,2,4.5,21.8,1,cracker_box,cracker_box
n5_scene0033,2,3,1,1,0,433.9,433.9,0,cracker_box,extra_large_clamp
n5_scene0033,2,16,2,2,0,53.6,104.3,1,cracker_box,cracker_box
n5_scene0033,5,14,1,0,1,0.8,0.8,1,flat_screwdriver,flat_screwdriver
n5_scene0033,10,12,3,3,0,164.7,174.6,0,cracker_box,mini_soccer_ball
n5_scene0033,11,18,1,0,1,37.9,37.9,1,cracker_box,cracker_box
n5_scene0033,10,20,1,1,0,53.1,53.1,1,cracker_box,cracker_box
n5_scene0033,16,20,2,2,0,69.7,88.6,1,cracker_box,cracker_box
n5_scene0033,14,16,1,0,1,5.5,5.5,0,flat_screwdriver,cracker_box
n5_scene0033,3,10,1,1,0,151.3,151.3,0,extra_large_clamp,cracker_box
n5_scene0033,3,12,1,1,0,54.8,54.8,0,extra_large_clamp,mini_soccer_ball
n5_scene0033,12,16,1,1,0,41.6,41.6,0,mini_soccer_ball,cracker_box
n5_scene0033,3,5,1,0,1,11.8,11.8,0,extra_large_clamp,flat_screwdriver
n5_scene0033,3,18,1,1,0,120.5,120.5,0,extra_large_clamp,cracker_box
n5_scene0033,5,16,1,0,1,3.8,3.8,0,flat_screwdriver,cracker_box
n5_scene0033,16,18,1,1,0,119.3,119.3,1,cracker_box,cracker_box
n5_scene0034,4,17,1,1,0,160.5,160.5,1,mustard_bottle,mustard_bottle
n5_scene0034,2,17,1,0,1,5.9,5.9,1,mustard_bottle,mustard_bottle
n5_scene0034,17,23,1,0,1,5.3,5.3,1,mustard_bottle,mustard_bottle
n5_scene0034,17,21,1,0,1,12.1,12.1,1,mustard_bottle,mustard_bottle
n5_scene0034,17,18,1,1,0,228.2,228.2,0,mustard_bottle,rubiks_cube
n5_scene0034,17,20,1,0,1,36.6,36.6,0,mustard_bottle,tuna_fish_can
n5_scene0034,7,13,1,0,1,7.3,7.3,0,mustard_bottle,cups
n5_scene0034,7,19,2,0,2,6.1,7.0,0,mustard_bottle,cups
n5_scene0034,8,17,1,1,0,60.8,60.8,1,mustard_bottle,mustard_bottle
n5_scene0034,15,17,1,0,1,20.9,20.9,0,rubiks_cube,mustard_bottle
n5_scene0034,13,19,1,0,1,1.2,1.2,1,cups,cups
n5_scene0034,13,21,1,0,1,10.8,10.8,0,cups,mustard_bottle
n5_scene0034,15,16,1,0,1,3.7,3.7,1,rubiks_cube,rubiks_cube
n5_scene0035,5,11,8,5,3,14.6,118.2,0,spoon,apple
n5_scene0035,8,11,7,0,7,2.4,12.0,1,apple,apple
n5_scene0035,4,5,2,1,1,6.2,37.9,0,apple,spoon
n5_scene0035,4,11,1,0,1,27.6,27.6,1,apple,apple
n5_scene0035,5,8,1,0,1,16.7,16.7,0,spoon,apple
n5_scene0036,9,15,8,4,4,9.9,34.4,0,padlock,fork
n5_scene0036,6,9,3,1,2,2.2,30.7,0,potted_meat_can,padlock
n5_scene0036,8,9,4,0,4,30.3,35.0,0,potted_meat_can,padlock
n5_scene0036,2,8,1,1,0,53.0,53.0,0,banana,potted_meat_can
n5_scene0036,6,15,5,3,2,0.6,44.9,0,potted_meat_can,fork
n5_scene0036,6,8,1,1,0,396.6,396.6,1,potted_meat_can,potted_meat_can
n5_scene0036,6,10,7,7,0,61.6,231.4,0,potted_meat_can,golf_ball
n5_scene0036,9,10,2,1,1,4.1,120.8,0,padlock,golf_ball
n5_scene0036,8,10,1,1,0,223.7,223.7,0,potted_meat_can,golf_ball
n5_scene0036,10,15,1,0,1,37.9,37.9,0,golf_ball,fork
n5_scene0036,4,8,1,0,1,7.7,7.7,1,potted_meat_can,potted_meat_can
n5_scene0036,2,6,4,1,3,3.9,13.2,0,banana,potted_meat_can
n5_scene0036,7,8,1,0,1,7.7,7.7,1,potted_meat_can,potted_meat_can
n5_scene0036,7,9,1,0,1,19.3,19.3,0,potted_meat_can,padlock
n5_scene0036,8,15,2,2,0,51.6,58.9,0,potted_meat_can,fork
n5_scene0037,5,16,10,9,1,28.0,95.0,1,power_drill,power_drill
n5_scene0037,3,4,1,1,0,54.7,54.7,1,power_drill,power_drill
n5_scene0037,3,13,5,3,2,0.0,48.2,1,power_drill,power_drill
n5_scene0037,3,16,5,3,2,8.8,62.9,1,power_drill,power_drill
n5_scene0037,3,11,1,1,0,68.6,68.6,1,power_drill,power_drill
n5_scene0037,4,13,6,3,3,20.7,37.3,1,power_drill,power_drill
n5_scene0037,4,16,2,2,0,48.7,53.4,1,power_drill,power_drill
n5_scene0037,4,11,3,1,2,5.4,6.3,1,power_drill,power_drill
n5_scene0037,11,13,4,2,2,23.7,61.1,1,power_drill,power_drill
n5_scene0037,5,6,1,1,0,167.3,167.3,0,power_drill,phillips_screwdriver
n5_scene0037,13,16,8,4,4,3.0,38.9,1,power_drill,power_drill
n5_scene0037,6,16,2,1,1,37.1,145.0,0,phillips_screwdriver,power_drill
n5_scene0037,3,5,2,1,1,31.9,97.7,1,power_drill,power_drill
n5_scene0037,5,13,4,2,2,8.3,29.4,1,power_drill,power_drill
n5_scene0037,10,13,4,2,2,16.6,42.0,1,power_drill,power_drill
n5_scene0037,8,13,2,1,1,26.3,34.8,0,phillips_screwdriver,power_drill
n5_scene0037,5,15,1,1,0,41.5,41.5,0,power_drill,golf_ball
n5_scene0037,3,15,1,1,0,43.0,43.0,0,power_drill,golf_ball
n5_scene0037,4,10,1,0,1,2.1,2.1,1,power_drill,power_drill
n5_scene0037,6,13,1,0,1,27.8,27.8,0,phillips_screwdriver,power_drill
n5_scene0038,5,6,1,0,1,10.3,10.3,1,cups,cups
n5_scene0038,6,13,1,0,1,10.5,10.5,1,cups,cups
n5_scene0038,5,15,3,0,3,1.4,2.0,1,cups,cups
n5_scene0038,13,15,4,0,4,2.1,8.9,1,cups,cups
n5_scene0038,4,12,1,1,0,327.3,327.3,1,cups,cups
n5_scene0038,12,14,2,1,1,38.3,40.3,0,cups,mini_soccer_ball
n5_scene0038,9,13,4,2,2,17.2,30.3,0,apple,cups
n5_scene0038,12,15,2,2,0,127.1,227.1,1,cups,cups
n5_scene0038,11,15,3,0,3,0.9,29.7,1,cups,cups
n5_scene0038,5,11,3,2,1,33.9,105.3,1,cups,cups
n5_scene0038,11,13,4,2,2,6.5,51.2,1,cups,cups
n5_scene0038,3,15,1,0,1,2.4,2.4,0,cups,cups
n5_scene0038,3,11,2,2,0,83.9,96.1,0,cups,cups
n5_scene0038,5,9,2,1,1,11.0,53.8,0,cups,apple
n5_scene0038,11,12,1,0,1,0.1,0.1,1,cups,cups
n5_scene0038,3,5,1,0,1,7.5,7.5,0,cups,cups
n5_scene0038,3,13,2,2,0,42.1,56.4,0,cups,cups
n5_scene0038,3,9,1,0,1,11.6,11.6,0,cups,apple
n5_scene0038,5,13,1,1,0,64.7,64.7,1,cups,cups
n5_scene0038,4,13,1,0,1,10.1,10.1,1,cups,cups
n5_scene0038,4,11,1,1,0,51.1,51.1,1,cups,cups
n5_scene0039,5,17,1,1,0,113.7,113.7,0,foam_brick,cups
n5_scene0039,5,6,1,1,0,102.5,102.5,0,foam_brick,cups
n5_scene0039,6,17,3,2,1,20.2,142.0,1,cups,cups
n5_scene0039,9,17,5,2,3,1.4,34.3,1,cups,cups
n5_scene0039,6,18,4,4,0,67.7,141.5,0,cups,cups
n5_scene0039,9,18,3,2,1,3.5,50.6,0,cups,cups
n5_scene0039,6,9,11,8,3,0.3,58.7,1,cups,cups
n5_scene0039,15,19,3,2,1,12.0,83.0,0,spoon,potted_meat_can
n5_scene0039,15,17,1,1,0,61.1,61.1,0,spoon,cups
n5_scene0039,6,15,3,0,3,25.4,39.0,0,cups,spoon
n5_scene0039,10,15,1,0,1,7.8,7.8,1,spoon,spoon
n5_scene0039,9,12,4,3,1,37.3,101.3,0,cups,potted_meat_can
n5_scene0039,11,19,8,7,1,25.3,49.0,0,spoon,potted_meat_can
n5_scene0039,9,11,2,1,1,29.7,40.0,0,cups,spoon
n5_scene0039,8,9,8,6,2,14.1,214.6,0,potted_meat_can,cups
n5_scene0039,6,11,4,1,3,2.4,25.4,0,cups,spoon
n5_scene0039,11,14,4,0,4,6.1,15.8,0,spoon,foam_brick
n5_scene0039,14,19,7,7,0,67.9,161.5,0,foam_brick,potted_meat_can
n5_scene0039,11,18,2,2,0,73.0,80.2,0,spoon,cups
n5_scene0039,1,8,1,0,1,12.7,12.7,1,potted_meat_can,potted_meat_can
n5_scene0039,15,18,1,0,1,35.9,35.9,0,spoon,cups
n5_scene0039,14,18,1,0,1,20.2,20.2,0,foam_brick,cups
n5_scene0039,14,21,1,1,0,136.6,136.6,0,foam_brick,spoon
n5_scene0039,9,19,2,2,0,190.2,215.1,0,cups,potted_meat_can
n5_scene0039,8,12,2,0,2,8.9,11.8,1,potted_meat_can,potted_meat_can
n5_scene0039,10,11,1,1,0,67.4,67.4,1,spoon,spoon
n5_scene0039,3,9,2,1,1,13.3,137.1,0,potted_meat_can,cups
n5_scene0040,13,16,1,1,0,78.9,78.9,0,cups,medium_clamp
n5_scene0040,5,13,1,1,0,113.7,113.7,1,cups,cups
n5_scene0041,6,8,7,4,3,18.2,101.8,1,bowl,bowl
n5_scene0041,7,8,2,2,0,154.1,363.4,1,bowl,bowl
n5_scene0041,7,11,1,0,1,9.9,9.9,0,bowl,plum
n5_scene0041,11,14,1,0,1,29.1,29.1,0,plum,adjustable_wrench
n5_scene0041,5,11,2,0,2,16.5,16.6,0,pear,plum
n5_scene0041,7,14,1,1,0,113.4,113.4,0,bowl,adjustable_wrench
n5_scene0042,8,13,3,3,0,134.2,141.5,1,bleach_cleanser,bleach_cleanser
n5_scene0042,13,18,4,4,0,74.5,122.3,0,bleach_cleanser,cups
n5_scene0042,13,17,2,2,0,69.9,113.5,0,bleach_cleanser,cups
n5_scene0042,13,21,3,1,2,14.6,16.5,1,bleach_cleanser,bleach_cleanser
n5_scene0042,8,11,2,2,0,129.1,139.1,1,bleach_cleanser,bleach_cleanser
n5_scene0042,8,15,6,5,1,12.9,141.2,0,bleach_cleanser,extra_large_clamp
n5_scene0042,11,18,2,2,0,76.7,100.3,0,bleach_cleanser,cups
n5_scene0042,11,17,1,1,0,65.4,65.4,0,bleach_cleanser,cups
n5_scene0042,17,18,2,0,2,17.3,21.9,1,cups,cups
n5_scene0042,1,8,1,1,0,366.9,366.9,0,gelatin_box,bleach_cleanser
n5_scene0042,13,15,3,3,0,187.2,236.9,0,bleach_cleanser,extra_large_clamp
n5_scene0042,15,18,6,5,1,30.9,146.1,0,extra_large_clamp,cups
n5_scene0042,18,21,6,2,4,4.1,20.9,0,cups,bleach_cleanser
n5_scene0042,12,13,1,1,0,185.7,185.7,0,extra_large_clamp,bleach_cleanser
n5_scene0042,2,8,1,1,0,92.9,92.9,1,bleach_cleanser,bleach_cleanser
n5_scene0042,8,21,5,5,0,45.9,91.3,1,bleach_cleanser,bleach_cleanser
n5_scene0042,2,12,1,1,0,160.1,160.1,0,bleach_cleanser,extra_large_clamp
n5_scene0042,8,12,2,0,2,1.0,2.6,0,bleach_cleanser,extra_large_clamp
n5_scene0042,12,18,2,1,1,2.4,63.2,0,extra_large_clamp,cups
n5_scene0042,15,21,6,3,3,0.6,79.5,0,extra_large_clamp,bleach_cleanser
n5_scene0042,8,18,3,3,0,78.4,110.1,0,bleach_cleanser,cups
n5_scene0042,9,18,1,1,0,44.3,44.3,0,bleach_cleanser,cups
n5_scene0042,14,18,3,2,1,17.3,67.9,0,bleach_cleanser,cups
n5_scene0042,14,21,2,2,0,223.3,385.2,1,bleach_cleanser,bleach_cleanser
n5_scene0042,1,12,1,0,1,39.5,39.5,0,gelatin_box,extra_large_clamp
n5_scene0042,12,16,1,0,1,2.6,2.6,0,extra_large_clamp,large_clamp
n5_scene0042,12,15,2,0,2,2.6,2.8,1,extra_large_clamp,extra_large_clamp
n5_scene0043,9,12,4,4,0,122.9,137.3,1,cracker_box,cracker_box
n5_scene0043,1,3,1,1,0,226.2,226.2,0,softball,cups
n5_scene0043,3,21,2,2,0,65.8,85.2,0,cups,strawberry
n5_scene0043,1,8,1,1,0,190.0,190.0,0,softball,cracker_box
n5_scene0043,8,21,6,6,0,124.6,148.0,0,cracker_box,strawberry
n5_scene0043,9,21,3,1,2,1.9,23.4,0,cracker_box,strawberry
n5_scene0043,2,21,9,9,0,49.5,191.2,0,phillips_screwdriver,strawberry
n5_scene0043,3,8,1,1,0,316.0,316.0,0,cups,cracker_box
n5_scene0043,8,19,1,1,0,317.0,317.0,0,cracker_box,cups
n5_scene0043,8,10,1,1,0,415.9,415.9,0,cracker_box,phillips_screwdriver
n5_scene0043,2,10,1,1,0,495.9,495.9,1,phillips_screwdriver,phillips_screwdriver
n5_scene0043,9,13,1,1,0,105.5,105.5,1,cracker_box,cracker_box
n5_scene0043,8,18,1,0,1,5.9,5.9,1,cracker_box,cracker_box
n5_scene0043,9,18,2,0,2,5.1,7.2,1,cracker_box,cracker_box
n5_scene0043,18,21,1,1,0,203.4,203.4,0,cracker_box,strawberry
n5_scene0043,19,21,1,1,0,92.6,92.6,0,cups,strawberry
n5_scene0043,16,21,1,0,1,29.6,29.6,0,cracker_box,strawberry
n5_scene0044,2,12,2,2,0,264.1,264.5,0,sugar_box,banana
n5_scene0044,1,12,1,1,0,269.6,269.6,0,sugar_box,banana
n5_scene0044,10,12,2,2,0,56.8,77.1,0,sugar_box,banana
n5_scene0044,10,15,1,1,0,57.9,57.9,1,sugar_box,sugar_box
n5_scene0044,10,13,1,1,0,164.4,164.4,0,sugar_box,peach
n5_scene0044,2,9,1,0,1,8.7,8.7,1,sugar_box,sugar_box
n5_scene0044,9,15,1,1,0,56.2,56.2,1,sugar_box,sugar_box
n5_scene0044,9,13,1,1,0,164.9,164.9,0,sugar_box,peach
n5_scene0044,15,18,1,1,0,251.3,251.3,0,sugar_box,rubiks_cube
n5_scene0044,1,2,3,0,3,10.0,13.8,1,sugar_box,sugar_box
n5_scene0044,9,12,1,1,0,277.6,277.6,0,sugar_box,banana
n5_scene0044,9,14,3,3,0,185.3,195.4,0,sugar_box,peach
n5_scene0044,2,14,3,3,0,170.1,172.2,0,sugar_box,peach
n5_scene0044,5,8,1,1,0,66.6,66.6,0,sponge,rubiks_cube
n5_scene0044,2,15,1,0,1,15.2,15.2,1,sugar_box,sugar_box
n5_scene0044,15,19,1,0,1,15.0,15.0,0,sugar_box,rubiks_cube
n5_scene0044,4,15,1,0,1,29.0,29.0,1,sugar_box,sugar_box
n5_scene0044,8,9,1,0,1,7.1,7.1,0,rubiks_cube,sugar_box
n5_scene0044,9,19,1,0,1,19.8,19.8,0,sugar_box,rubiks_cube
n5_scene0044,3,15,1,0,1,32.4,32.4,1,sugar_box,sugar_box
n5_scene0044,5,10,1,1,0,76.3,76.3,0,sponge,sugar_box
n5_scene0044,3,20,1,0,1,3.0,3.0,1,sugar_box,sugar_box
n5_scene0045,14,17,1,0,1,2.2,2.2,1,pudding_box,pudding_box
n5_scene0045,2,23,1,0,1,34.7,34.7,0,pudding_box,flat_screwdriver
n5_scene0046,2,22,1,1,0,266.8,266.8,0,mustard_bottle,master_chef_can
n5_scene0046,2,20,1,1,0,212.8,212.8,0,mustard_bottle,master_chef_can
n5_scene0046,5,22,4,2,2,3.1,101.7,0,mustard_bottle,master_chef_can
n5_scene0046,19,22,1,1,0,249.5,249.5,0,mustard_bottle,master_chef_can
n5_scene0046,19,20,2,1,1,17.4,37.8,0,mustard_bottle,master_chef_can
n5_scene0046,21,22,7,6,1,3.0,396.6,0,cups,master_chef_can
n5_scene0046,20,22,7,6,1,31.6,58.6,1,master_chef_can,master_chef_can
n5_scene0046,4,5,6,6,0,66.3,199.9,0,master_chef_can,mustard_bottle
n5_scene0046,5,21,2,1,1,28.9,59.2,0,mustard_bottle,cups
n5_scene0046,12,22,4,4,0,82.3,115.3,0,mustard_bottle,master_chef_can
n5_scene0046,4,12,4,4,0,91.7,103.6,0,master_chef_can,mustard_bottle
n5_scene0046,12,21,3,3,0,102.5,117.3,0,mustard_bottle,cups
n5_scene0046,4,22,7,4,3,6.4,86.1,1,master_chef_can,master_chef_can
n5_scene0046,5,13,4,4,0,100.6,245.1,1,mustard_bottle,mustard_bottle
n5_scene0046,4,13,3,2,1,20.3,138.6,0,master_chef_can,mustard_bottle
n5_scene0046,4,14,5,0,5,1.2,3.4,0,master_chef_can,fork
n5_scene0046,12,13,2,2,0,99.9,120.3,1,mustard_bottle,mustard_bottle
n5_scene0046,13,18,1,1,0,97.3,97.3,1,mustard_bottle,mustard_bottle
n5_scene0046,13,14,3,0,3,1.0,4.8,0,mustard_bottle,fork
n5_scene0046,8,19,1,1,0,462.9,462.9,1,mustard_bottle,mustard_bottle
n5_scene0046,8,22,1,1,0,313.2,313.2,0,mustard_bottle,master_chef_can
n5_scene0046,5,14,1,1,0,160.9,160.9,0,mustard_bottle,fork
n5_scene0046,6,14,1,1,0,213.6,213.6,0,knife,fork
n5_scene0046,5,20,1,0,1,30.2,30.2,0,mustard_bottle,master_chef_can
n5_scene0046,22,23,1,0,1,6.1,6.1,0,master_chef_can,cups
n5_scene0047,3,4,1,1,0,159.3,159.3,0,nine_hole_peg_test,tomato_soup_can
n5_scene0047,4,8,2,2,0,77.9,117.6,1,tomato_soup_can,tomato_soup_can
n5_scene0047,2,3,1,1,0,174.0,174.0,0,tomato_soup_can,nine_hole_peg_test
n5_scene0047,2,8,5,4,1,24.8,103.6,1,tomato_soup_can,tomato_soup_can
n5_scene0047,3,8,5,1,4,15.2,29.7,0,nine_hole_peg_test,tomato_soup_can
n5_scene0047,7,9,4,0,4,1.4,2.5,1,padlock,padlock
n5_scene0047,5,10,5,1,4,2.6,16.9,0,scissors,nine_hole_peg_test
n5_scene0047,10,12,11,5,6,0.3,26.4,0,nine_hole_peg_test,scissors
n5_scene0047,8,10,4,1,3,11.0,25.8,0,tomato_soup_can,nine_hole_peg_test
n5_scene0047,5,8,7,3,4,11.5,18.0,0,scissors,tomato_soup_can
n5_scene0047,3,10,7,2,5,27.7,32.3,1,nine_hole_peg_test,nine_hole_peg_test
n5_scene0047,5,12,2,0,2,3.0,7.4,1,scissors,scissors
n5_scene0047,8,12,2,1,1,35.0,46.6,0,tomato_soup_can,scissors
n5_scene0047,4,5,1,1,0,159.0,159.0,0,tomato_soup_can,scissors
n5_scene0047,4,12,1,0,1,8.4,8.4,0,tomato_soup_can,scissors
n5_scene0048,2,7,4,3,1,34.1,335.1,1,cups,cups
n5_scene0048,7,10,2,2,0,80.7,96.8,0,cups,wood_block
n5_scene0048,7,8,4,2,2,7.7,32.6,0,cups,plate
n5_scene0048,12,15,2,0,2,2.2,2.7,1,large_marker,large_marker
n5_scene0048,6,8,3,3,0,127.6,167.3,1,plate,plate
n5_scene0048,2,8,3,3,0,145.4,195.2,0,cups,plate
n5_scene0048,1,2,1,0,1,5.6,5.6,0,wood_block,cups
n5_scene0048,2,14,1,0,1,5.6,5.6,1,cups,cups
n5_scene0048,8,13,1,0,1,9.2,9.2,0,plate,cups
n5_scene0048,1,7,5,2,3,11.7,32.8,0,wood_block,cups
n5_scene0048,7,14,4,2,2,20.0,41.1,1,cups,cups
n5_scene0048,1,10,1,1,0,157.9,157.9,1,wood_block,wood_block
n5_scene0048,1,6,1,1,0,276.3,276.3,0,wood_block,plate
n5_scene0048,6,10,1,1,0,220.1,220.1,0,plate,wood_block
n5_scene0048,6,7,1,1,0,79.9,79.9,0,plate,cups
n5_scene0048,3,6,1,1,0,252.7,252.7,0,wood_block,plate
n5_scene0048,3,7,2,2,0,148.1,177.4,0,wood_block,cups
n5_scene0048,14,15,3,0,3,0.2,0.4,0,cups,large_marker
n5_scene0048,2,13,1,1,0,213.9,213.9,0,cups,cups
n5_scene0048,3,11,6,0,6,0.3,6.2,1,wood_block,wood_block
n5_scene0048,9,13,1,0,1,9.1,9.1,0,cups,cups
n5_scene0048,3,10,2,0,2,3.1,4.2,1,wood_block,wood_block
n5_scene0048,10,11,2,0,2,0.7,0.7,1,wood_block,wood_block
n5_scene0048,1,15,1,1,0,180.3,180.3,0,wood_block,large_marker
n5_scene0048,1,12,3,2,1,0.2,71.1,0,wood_block,large_marker
n5_scene0048,12,14,3,2,1,7.9,51.9,0,large_marker,cups
n5_scene0048,1,13,2,2,0,112.2,114.8,0,wood_block,cups
n5_scene0048,7,11,2,2,0,118.7,130.1,0,cups,wood_block
n5_scene0048,11,13,1,1,0,145.4,145.4,0,wood_block,cups
n5_scene0048,1,3,1,0,1,23.7,23.7,1,wood_block,wood_block
n5_scene0048,3,14,1,0,1,23.5,23.5,0,wood_block,cups
n5_scene0048,3,16,1,1,0,121.7,121.7,0,wood_block,cups
n5_scene0048,7,12,1,0,1,5.7,5.7,0,cups,large_marker
n5_scene0048,3,13,1,1,0,130.6,130.6,0,wood_block,cups
n5_scene0048,7,13,1,1,0,109.2,109.2,0,cups,cups
n5_scene0049,12,13,5,3,2,32.6,44.8,1,pitcher_base,pitcher_base
n5_scene0049,5,11,1,1,0,250.5,250.5,0,power_drill,tuna_fish_can
n5_scene0049,2,11,3,1,2,13.2,29.4,0,power_drill,tuna_fish_can
n5_scene0049,7,11,4,2,2,14.0,39.5,0,power_drill,tuna_fish_can
n5_scene0049,4,11,3,2,1,8.8,57.2,0,cups,tuna_fish_can
n5_scene0049,11,15,2,1,1,14.4,143.4,1,tuna_fish_can,tuna_fish_can
n5_scene0049,12,14,1,1,0,74.4,74.4,1,pitcher_base,pitcher_base
n5_scene0049,12,18,9,8,1,36.3,165.0,0,pitcher_base,racquetball
n5_scene0049,7,10,1,0,1,21.9,21.9,0,power_drill,tuna_fish_can
n5_scene0049,7,18,11,8,3,26.1,318.0,0,power_drill,racquetball
n5_scene0049,10,15,1,0,1,19.4,19.4,1,tuna_fish_can,tuna_fish_can
n5_scene0049,10,11,1,0,1,16.6,16.6,1,tuna_fish_can,tuna_fish_can
n5_scene0049,11,17,1,0,1,32.4,32.4,0,tuna_fish_can,cups
n5_scene0049,14,18,3,3,0,64.3,336.8,0,pitcher_base,racquetball
n5_scene0049,4,18,1,0,1,25.6,25.6,0,cups,racquetball
n5_scene0049,11,18,2,2,0,105.1,276.6,0,tuna_fish_can,racquetball
n5_scene0049,2,7,3,0,3,5.4,10.2,1,power_drill,power_drill
n5_scene0049,2,18,8,6,2,4.5,201.2,0,power_drill,racquetball
n5_scene0049,2,9,1,1,0,216.1,216.1,1,power_drill,power_drill
n5_scene0049,11,12,1,1,0,130.3,130.3,0,tuna_fish_can,pitcher_base
n5_scene0049,7,9,2,0,2,12.7,24.9,1,power_drill,power_drill
n5_scene0049,5,18,4,4,0,77.6,152.1,0,power_drill,racquetball
n5_scene0049,2,10,2,0,2,2.6,7.2,0,power_drill,tuna_fish_can
n5_scene0049,10,16,4,0,4,1.1,2.6,1,tuna_fish_can,tuna_fish_can
n5_scene0049,16,18,6,6,0,56.8,101.4,0,tuna_fish_can,racquetball
n5_scene0049,7,16,6,1,5,4.2,15.2,0,power_drill,tuna_fish_can
n5_scene0049,7,17,1,1,0,43.8,43.8,0,power_drill,cups
n5_scene0049,2,16,3,2,1,0.8,81.1,0,power_drill,tuna_fish_can
n5_scene0049,5,9,2,0,2,10.3,20.5,1,power_drill,power_drill
n5_scene0049,13,18,4,4,0,90.0,153.7,0,pitcher_base,racquetball
n5_scene0049,5,16,2,1,1,8.8,81.2,0,power_drill,tuna_fish_can
n5_scene0049,5,10,1,0,1,6.1,6.1,0,power_drill,tuna_fish_can
n5_scene0049,10,13,1,0,1,2.0,2.0,0,tuna_fish_can,pitcher_base
n5_scene0049,10,18,1,1,0,143.1,143.1,0,tuna_fish_can,racquetball
n5_scene0050,12,19,6,5,1,20.5,131.4,1,power_drill,power_drill
n5_scene0050,10,11,5,1,4,13.1,14.4,1,scissors,scissors
n5_scene0050,4,5,1,0,1,18.6,18.6,1,nine_hole_peg_test,nine_hole_peg_test
n5_scene0050,4,15,3,0,3,18.7,20.3,1,nine_hole_peg_test,nine_hole_peg_test
n5_scene0050,10,15,1,1,0,428.5,428.5,0,scissors,nine_hole_peg_test
n5_scene0050,18,19,1,0,1,2.0,2.0,1,power_drill,power_drill
n5_scene0051,5,10,2,1,1,17.7,101.2,0,cups,mug
n5_scene0051,10,11,3,3,0,45.8,55.5,0,mug,cups
n5_scene0051,10,12,2,0,2,14.8,16.3,1,mug,mug
n5_scene0051,5,11,5,3,2,0.6,41.4,1,cups,cups
n5_scene0051,11,12,4,0,4,1.9,17.7,0,cups,mug
n5_scene0051,11,15,5,2,3,0.6,37.2,0,cups,mug
n5_scene0051,1,11,1,1,0,89.5,89.5,0,softball,cups
n5_scene0051,1,5,2,2,0,86.3,87.8,0,softball,cups
n5_scene0051,1,9,1,1,0,248.8,248.8,0,softball,cups
n5_scene0051,16,17,1,0,1,8.4,8.4,1,cups,cups
n5_scene0051,11,16,1,0,1,18.9,18.9,1,cups,cups
n5_scene0051,1,16,1,1,0,69.3,69.3,0,softball,cups
n5_scene0051,3,11,2,1,1,6.2,99.8,1,cups,cups
n5_scene0051,15,20,2,2,0,302.5,343.1,0,mug,pudding_box
n5_scene0051,10,14,1,1,0,56.2,56.2,1,mug,mug
n5_scene0051,12,15,2,0,2,7.2,21.0,1,mug,mug
n5_scene0051,15,19,1,1,0,57.7,57.7,0,mug,pudding_box
n5_scene0051,5,15,1,1,0,181.0,181.0,0,cups,mug
n5_scene0051,5,14,1,0,1,1.3,1.3,0,cups,mug
n5_scene0051,14,15,1,0,1,5.5,5.5,1,mug,mug
n5_scene0051,12,14,1,1,0,69.4,69.4,1,mug,mug
n5_scene0052,5,8,1,1,0,124.1,124.1,0,lemon,potted_meat_can
n5_scene0052,6,8,2,1,1,3.3,66.2,0,spoon,potted_meat_can
n5_scene0052,6,11,4,4,0,84.6,139.8,0,spoon,potted_meat_can
n5_scene0052,4,5,2,2,0,88.2,99.0,0,potted_meat_can,lemon
n5_scene0052,5,11,4,3,1,27.9,70.0,0,lemon,potted_meat_can
n5_scene0052,4,8,2,0,2,5.5,6.5,1,potted_meat_can,potted_meat_can
n5_scene0052,7,8,3,2,1,27.6,46.7,0,knife,potted_meat_can
n5_scene0052,7,11,6,4,2,12.1,114.8,0,knife,potted_meat_can
n5_scene0052,5,6,1,1,0,259.2,259.2,0,lemon,spoon
n5_scene0052,1,4,1,0,1,1.8,1.8,1,potted_meat_can,potted_meat_can
n5_scene0052,1,6,1,0,1,24.4,24.4,0,potted_meat_can,spoon
n5_scene0052,5,12,1,0,1,8.0,8.0,0,lemon,plum
n5_scene0052,4,6,3,2,1,0.2,91.3,0,potted_meat_can,spoon
n5_scene0052,4,7,2,1,1,37.5,61.6,0,potted_meat_can,knife
n5_scene0053,2,10,2,2,0,63.4,84.5,1,plate,plate
n5_scene0053,10,13,3,3,0,78.9,102.9,0,plate,orange
n5_scene0053,2,13,2,2,0,47.5,77.2,0,plate,orange
n5_scene0053,3,14,8,7,1,39.5,403.8,0,wood_block,phillips_screwdriver
n5_scene0053,3,10,4,2,2,7.9,32.1,0,wood_block,plate
n5_scene0053,8,11,2,0,2,3.4,8.7,1,wood_block,wood_block
n5_scene0053,10,14,4,3,1,8.2,82.7,0,plate,phillips_screwdriver
n5_scene0053,14,16,3,0,3,4.3,6.3,0,phillips_screwdriver,orange
n5_scene0053,1,10,1,0,1,9.2,9.2,0,phillips_screwdriver,plate
n5_scene0053,1,14,1,0,1,8.9,8.9,1,phillips_screwdriver,phillips_screwdriver
n5_scene0053,7,8,1,0,1,12.3,12.3,1,wood_block,wood_block
n5_scene0053,7,11,1,0,1,8.1,8.1,1,wood_block,wood_block
n5_scene0053,13,16,3,0,3,6.5,22.1,1,orange,orange
n5_scene0053,2,3,1,1,0,40.1,40.1,0,plate,wood_block
n5_scene0053,2,14,1,1,0,113.2,113.2,0,plate,phillips_screwdriver
n5_scene0053,14,15,1,1,0,48.4,48.4,0,phillips_screwdriver,orange
n5_scene0053,3,16,2,1,1,24.1,107.7,0,wood_block,orange
n5_scene0053,2,16,2,0,2,35.9,36.4,0,plate,orange
n5_scene0053,8,12,1,0,1,3.0,3.0,1,wood_block,wood_block
n5_scene0054,19,27,6,1,5,2.5,21.2,1,bleach_cleanser,bleach_cleanser
n5_scene0054,3,5,3,1,2,2.1,34.2,1,sugar_box,sugar_box
n5_scene0054,6,19,1,1,0,81.6,81.6,0,apple,bleach_cleanser
n5_scene0054,6,18,1,0,1,15.7,15.7,1,apple,apple
n5_scene0054,17,27,2,2,0,53.6,73.6,1,bleach_cleanser,bleach_cleanser
n5_scene0054,26,27,1,1,0,529.2,529.2,0,sugar_box,bleach_cleanser
n5_scene0054,3,27,2,1,1,15.3,31.5,0,sugar_box,bleach_cleanser
n5_scene0055,3,10,1,1,0,178.6,178.6,0,cups,pear
n5_scene0055,3,6,3,0,3,5.2,11.0,1,cups,cups
n5_scene0055,3,5,1,0,1,13.9,13.9,1,cups,cups
n5_scene0056,2,9,5,5,0,46.3,169.9,0,cups,cups
n5_scene0056,9,10,7,5,2,6.3,53.5,0,cups,extra_large_clamp
n5_scene0056,9,11,6,2,4,21.0,24.0,0,cups,cups
n5_scene0056,5,10,1,1,0,73.5,73.5,0,flat_screwdriver,extra_large_clamp
n5_scene0056,7,10,5,0,5,14.8,26.0,0,flat_screwdriver,extra_large_clamp
n5_scene0056,9,12,6,1,5,4.3,6.8,1,cups,cups
n5_scene0056,2,10,6,3,3,15.5,53.0,0,cups,extra_large_clamp
n5_scene0056,2,7,1,0,1,18.2,18.2,0,cups,flat_screwdriver
n5_scene0056,10,11,3,3,0,87.5,141.9,0,extra_large_clamp,cups
n5_scene0056,4,9,6,4,2,1.0,89.7,1,cups,cups
n5_scene0056,2,4,1,1,0,46.2,46.2,0,cups,cups
n5_scene0056,4,10,9,2,7,0.0,16.6,0,cups,extra_large_clamp
n5_scene0056,11,12,1,1,0,311.3,311.3,0,cups,cups
n5_scene0056,2,11,1,1,0,86.5,86.5,1,cups,cups
n5_scene0056,4,12,4,3,1,12.5,95.6,1,cups,cups
n5_scene0056,3,9,1,0,1,4.1,4.1,1,cups,cups
n5_scene0056,8,9,1,1,0,44.1,44.1,0,extra_large_clamp,cups
n5_scene0056,8,12,1,0,1,1.9,1.9,0,extra_large_clamp,cups
n5_scene0056,10,12,3,1,2,4.7,14.7,0,extra_large_clamp,cups
n5_scene0056,8,10,1,0,1,2.2,2.2,1,extra_large_clamp,extra_large_clamp
n5_scene0056,2,12,1,1,0,53.6,53.6,0,cups,cups
n5_scene0056,2,14,1,0,1,9.5,9.5,0,cups,cups
n5_scene0056,10,14,1,0,1,8.4,8.4,0,extra_large_clamp,cups
n5_scene0057,6,17,1,0,1,11.1,11.1,1,tuna_fish_can,tuna_fish_can
n5_scene0057,13,14,1,0,1,6.5,6.5,1,cups,cups
n5_scene0057,4,12,1,1,0,110.1,110.1,0,banana,tennis_ball
n5_scene0057,15,16,1,0,1,1.6,1.6,1,rubiks_cube,rubiks_cube
n5_scene0057,6,9,2,1,1,15.0,45.4,1,tuna_fish_can,tuna_fish_can
n5_scene0057,10,12,1,1,0,202.9,202.9,0,rubiks_cube,tennis_ball
n5_scene0057,3,6,2,0,2,2.8,4.7,1,tuna_fish_can,tuna_fish_can
n5_scene0057,6,7,3,0,3,1.3,3.8,1,tuna_fish_can,tuna_fish_can
n5_scene0057,7,15,1,1,0,212.5,212.5,0,tuna_fish_can,rubiks_cube
n5_scene0057,10,11,1,0,1,0.6,0.6,1,rubiks_cube,rubiks_cube
n5_scene0057,3,13,1,0,1,16.5,16.5,0,tuna_fish_can,cups
n5_scene0057,3,12,1,0,1,21.2,21.2,0,tuna_fish_can,tennis_ball
n5_scene0057,7,13,1,0,1,0.2,0.2,0,tuna_fish_can,cups
n5_scene0057,3,11,1,0,1,5.8,5.8,0,tuna_fish_can,rubiks_cube
n5_scene0057,11,13,1,1,0,50.7,50.7,0,rubiks_cube,cups
n5_scene0057,11,14,1,1,0,53.7,53.7,0,rubiks_cube,cups
n5_scene0057,8,11,1,0,1,1.1,1.1,1,rubiks_cube,rubiks_cube
n5_scene0057,9,11,1,0,1,26.5,26.5,0,tuna_fish_can,rubiks_cube
n5_scene0057,8,9,1,0,1,15.6,15.6,0,rubiks_cube,tuna_fish_can
n5_scene0058,4,7,2,0,2,1.2,2.7,1,pitcher_base,pitcher_base
n5_scene0058,3,4,1,1,0,195.2,195.2,0,baseball,pitcher_base
n5_scene0058,3,7,5,4,1,25.2,201.9,0,baseball,pitcher_base
n5_scene0058,5,10,5,3,2,1.0,70.6,1,adjustable_wrench,adjustable_wrench
n5_scene0058,8,11,4,0,4,1.0,3.8,0,fork,padlock
n5_scene0058,5,8,4,2,2,1.5,25.3,0,adjustable_wrench,fork
n5_scene0058,7,12,2,2,0,121.7,184.9,0,pitcher_base,padlock
n5_scene0058,10,12,3,1,2,28.6,30.0,0,adjustable_wrench,padlock
n5_scene0058,8,10,5,2,3,1.0,21.7,0,fork,adjustable_wrench
n5_scene0058,7,10,3,3,0,142.6,190.4,0,pitcher_base,adjustable_wrench
n5_scene0058,2,10,1,1,0,142.2,142.2,0,pitcher_base,adjustable_wrench
n5_scene0058,10,11,1,0,1,3.7,3.7,0,adjustable_wrench,padlock
n5_scene0058,5,7,2,1,1,21.5,59.8,0,adjustable_wrench,pitcher_base
n5_scene0058,5,13,1,1,0,382.9,382.9,0,adjustable_wrench,fork
n5_scene0058,7,8,1,1,0,45.0,45.0,0,pitcher_base,fork
n5_scene0058,7,13,1,1,0,382.8,382.8,0,pitcher_base,fork
n5_scene0058,3,5,1,1,0,238.2,238.2,0,baseball,adjustable_wrench
n5_scene0058,8,12,2,2,0,46.8,72.3,0,fork,padlock
n5_scene0058,7,9,1,1,0,69.8,69.8,1,pitcher_base,pitcher_base
n5_scene0059,6,8,2,2,0,193.7,207.8,0,cups,cracker_box
n5_scene0059,8,14,4,2,2,9.6,47.1,0,cracker_box,cups
n5_scene0059,5,7,1,0,1,38.9,38.9,1,cracker_box,cracker_box
n5_scene0059,7,14,3,0,3,1.4,1.5,0,cracker_box,cups
n5_scene0059,7,18,3,3,0,118.5,125.5,1,cracker_box,cracker_box
n5_scene0059,11,14,10,8,2,2.0,85.4,0,foam_brick,cups
n5_scene0059,5,14,2,1,1,31.0,64.9,0,cracker_box,cups
n5_scene0059,5,18,1,1,0,62.7,62.7,1,cracker_box,cracker_box
n5_scene0059,9,10,1,0,1,8.3,8.3,0,cups,cups
n5_scene0059,6,14,6,5,1,23.3,91.1,0,cups,cups
n5_scene0059,9,14,10,8,2,24.3,87.9,1,cups,cups
n5_scene0059,8,10,2,2,0,210.6,217.4,0,cracker_box,cups
n5_scene0059,8,13,2,2,0,221.1,258.8,0,cracker_box,racquetball
n5_scene0059,6,12,3,2,1,19.1,70.1,0,cups,cracker_box
n5_scene0059,12,14,9,7,2,16.0,190.6,0,cracker_box,cups
n5_scene0059,10,14,2,1,1,7.2,91.2,0,cups,cups
n5_scene0059,10,13,3,1,2,10.1,22.5,0,cups,racquetball
n5_scene0059,13,14,3,2,1,2.6,51.5,0,racquetball,cups
n5_scene0059,6,13,2,1,1,10.4,48.9,0,cups,racquetball
n5_scene0059,12,13,3,2,1,6.5,61.6,0,cracker_box,racquetball
n5_scene0059,2,13,1,1,0,62.8,62.8,1,racquetball,racquetball
n5_scene0059,8,9,3,3,0,203.1,204.3,0,cracker_box,cups
n5_scene0059,11,12,3,0,3,2.1,10.3,0,foam_brick,cracker_box
n5_scene0059,6,9,1,1,0,57.5,57.5,0,cups,cups
n5_scene0059,9,13,5,4,1,34.9,75.3,0,cups,racquetball
n5_scene0059,9,12,5,1,4,1.0,3.5,0,cups,cracker_box
n5_scene0059,6,7,1,0,1,5.1,5.1,0,cups,cracker_box
n5_scene0059,5,12,1,1,0,204.4,204.4,1,cracker_box,cracker_box
n5_scene0059,8,12,2,1,1,1.1,106.7,1,cracker_box,cracker_box
n5_scene0059,8,16,1,1,0,74.1,74.1,1,cracker_box,cracker_box
n5_scene0059,12,16,1,0,1,38.5,38.5,1,cracker_box,cracker_box
n5_scene0060,10,13,10,4,6,3.5,12.5,0,mini_soccer_ball,master_chef_can
n5_scene0060,1,10,9,7,2,6.9,118.9,0,master_chef_can,mini_soccer_ball
n5_scene0060,1,20,3,3,0,157.1,160.4,0,master_chef_can,gelatin_box
n5_scene0060,10,11,6,5,1,10.0,68.6,1,mini_soccer_ball,mini_soccer_ball
n5_scene0060,1,11,4,2,2,0.5,58.2,0,master_chef_can,mini_soccer_ball
n5_scene0060,1,12,2,2,0,73.4,130.9,0,master_chef_can,mini_soccer_ball
n5_scene0060,13,16,1,0,1,22.3,22.3,1,master_chef_can,master_chef_can
n5_scene0060,10,12,1,0,1,38.1,38.1,1,mini_soccer_ball,mini_soccer_ball
n5_scene0060,1,13,1,0,1,8.0,8.0,1,master_chef_can,master_chef_can
n5_scene0061,4,9,1,1,0,432.1,432.1,1,mustard_bottle,mustard_bottle
n5_scene0061,4,11,6,6,0,67.9,206.8,1,mustard_bottle,mustard_bottle
n5_scene0061,9,10,2,0,2,12.7,13.1,1,mustard_bottle,mustard_bottle
n5_scene0061,10,11,11,11,0,41.9,123.3,1,mustard_bottle,mustard_bottle
n5_scene0061,5,11,1,1,0,277.1,277.1,1,mustard_bottle,mustard_bottle
n5_scene0061,4,7,3,2,1,25.3,41.8,0,mustard_bottle,peach
n5_scene0061,3,11,1,0,1,10.5,10.5,1,mustard_bottle,mustard_bottle
n5_scene0061,8,9,1,1,0,245.2,245.2,0,large_clamp,mustard_bottle
n5_scene0061,4,14,1,1,0,157.4,157.4,0,mustard_bottle,sponge
n5_scene0061,8,10,5,3,2,38.4,41.6,0,large_clamp,mustard_bottle
n5_scene0061,8,11,5,4,1,29.5,56.6,0,large_clamp,mustard_bottle
n5_scene0061,7,10,2,2,0,69.2,119.0,0,peach,mustard_bottle
n5_scene0061,4,8,1,0,1,2.8,2.8,0,mustard_bottle,large_clamp
n5_scene0061,7,11,1,1,0,92.1,92.1,0,peach,mustard_bottle
occ3_scene0001,8,16,5,2,3,13.1,37.1,0,wood_block,bleach_cleanser
occ3_scene0001,7,16,3,3,0,75.9,126.8,0,peach,bleach_cleanser
occ3_scene0001,7,8,2,2,0,70.9,75.7,0,peach,wood_block
occ3_scene0001,13,14,4,0,4,5.6,22.2,1,bleach_cleanser,bleach_cleanser
occ3_scene0001,7,13,1,1,0,90.0,90.0,0,peach,bleach_cleanser
occ3_scene0001,1,16,2,1,1,35.8,46.1,0,wood_block,bleach_cleanser
occ3_scene0001,1,8,5,5,0,70.1,122.5,1,wood_block,wood_block
occ3_scene0001,1,7,3,3,0,75.7,123.8,0,wood_block,peach
occ3_scene0001,1,12,2,1,1,36.0,38.8,0,wood_block,bleach_cleanser
occ3_scene0001,8,13,6,6,0,50.8,71.2,0,wood_block,bleach_cleanser
occ3_scene0001,12,13,7,5,2,6.9,72.0,1,bleach_cleanser,bleach_cleanser
occ3_scene0001,12,16,2,0,2,9.0,10.0,1,bleach_cleanser,bleach_cleanser
occ3_scene0001,3,7,1,1,0,139.7,139.7,0,bleach_cleanser,peach
occ3_scene0001,8,12,2,2,0,85.1,91.3,0,wood_block,bleach_cleanser
occ3_scene0001,8,14,1,1,0,112.2,112.2,0,wood_block,bleach_cleanser
occ3_scene0001,3,13,1,1,0,62.3,62.3,1,bleach_cleanser,bleach_cleanser
occ3_scene0002,2,6,2,2,0,203.0,217.8,1,cups,cups
occ3_scene0002,5,6,7,4,3,1.4,69.2,0,apple,cups
occ3_scene0002,2,5,1,1,0,142.0,142.0,0,cups,apple
occ3_scene0003,9,12,6,3,3,33.9,39.9,0,plum,mustard_bottle
occ3_scene0003,3,9,3,3,0,40.2,45.0,0,mustard_bottle,plum
occ3_scene0003,2,5,1,1,0,149.3,149.3,0,mustard_bottle,baseball
occ3_scene0003,2,9,2,2,0,51.2,57.2,0,mustard_bottle,plum
occ3_scene0003,5,12,1,1,0,158.4,158.4,0,baseball,mustard_bottle
occ3_scene0003,5,9,1,1,0,119.3,119.3,0,baseball,plum
occ3_scene0003,9,11,1,1,0,48.3,48.3,0,plum,mustard_bottle
occ3_scene0004,6,12,2,2,0,148.9,150.0,0,pitcher_base,foam_brick
occ3_scene0004,5,6,5,4,1,26.1,86.8,1,pitcher_base,pitcher_base
occ3_scene0005,2,9,5,3,2,12.4,113.0,0,cups,mug
occ3_scene0005,9,10,3,3,0,56.9,67.6,0,mug,tennis_ball
occ3_scene0005,8,9,5,3,2,19.4,44.5,0,cups,mug
occ3_scene0005,2,8,4,1,3,4.4,11.9,1,cups,cups
occ3_scene0005,8,10,1,1,0,65.8,65.8,0,cups,tennis_ball
occ3_scene0006,2,13,1,1,0,91.0,91.0,0,baseball,cups
occ3_scene0006,2,9,1,1,0,93.7,93.7,0,baseball,cups
occ3_scene0006,4,5,2,2,0,109.4,121.5,0,cups,large_clamp
occ3_scene0006,2,4,2,2,0,98.4,102.9,0,baseball,cups
occ3_scene0006,2,5,2,2,0,59.7,70.5,0,baseball,large_clamp
occ3_scene0006,5,9,1,1,0,75.3,75.3,0,large_clamp,cups
occ3_scene0006,5,6,2,1,1,6.1,61.1,0,large_clamp,cups
occ3_scene0006,6,9,1,0,1,1.9,1.9,1,cups,cups
occ3_scene0006,4,6,1,0,1,20.0,20.0,1,cups,cups
occ3_scene0007,2,8,5,3,2,27.2,41.8,0,sponge,foam_brick
occ3_scene0007,8,10,2,2,0,122.2,125.3,0,foam_brick,padlock
occ3_scene0007,9,12,1,1,0,185.6,185.6,0,foam_brick,padlock
occ3_scene0008,7,8,5,0,5,3.4,5.7,1,scissors,scissors
occ3_scene0008,2,3,1,1,0,115.0,115.0,0,cups,scissors
occ3_scene0008,2,11,1,0,1,10.9,10.9,0,cups,scissors
occ3_scene0008,3,10,1,1,0,81.3,81.3,0,scissors,cups
occ3_scene0008,3,11,4,2,2,2.2,52.7,1,scissors,scissors
occ3_scene0008,8,10,3,3,0,70.1,73.0,0,scissors,cups
occ3_scene0008,8,11,7,0,7,1.5,11.1,1,scissors,scissors
occ3_scene0008,3,8,5,0,5,1.9,5.4,1,scissors,scissors
occ3_scene0008,4,10,1,1,0,68.9,68.9,0,scissors,cups
occ3_scene0008,4,11,1,1,0,46.9,46.9,1,scissors,scissors
occ3_scene0008,10,11,1,1,0,53.3,53.3,0,cups,scissors
occ3_scene0009,1,4,2,2,0,122.5,126.6,0,softball,gelatin_box
occ3_scene0009,1,3,1,1,0,132.9,132.9,0,softball,gelatin_box
occ3_scene0009,1,2,1,1,0,132.5,132.5,0,softball,gelatin_box
occ3_scene0010,7,10,12,7,5,0.7,84.3,0,large_marker,mustard_bottle
occ3_scene0010,9,10,6,6,0,63.8,133.2,1,mustard_bottle,mustard_bottle
occ3_scene0010,10,11,4,4,0,81.5,116.0,1,mustard_bottle,mustard_bottle
occ3_scene0010,4,10,2,2,0,106.6,127.8,1,mustard_bottle,mustard_bottle
occ3_scene0011,3,10,1,1,0,92.9,92.9,0,cups,pudding_box
occ3_scene0011,3,5,2,2,0,72.9,80.0,1,cups,cups
occ3_scene0011,5,10,2,2,0,61.2,81.4,0,cups,pudding_box
occ3_scene0011,3,9,3,3,0,93.1,101.2,0,cups,pudding_box
occ3_scene0011,5,9,5,5,0,58.2,93.5,0,cups,pudding_box
occ3_scene0011,5,6,1,0,1,19.5,19.5,1,cups,cups
occ3_scene0012,6,7,6,0,6,0.9,3.8,1,padlock,padlock
occ3_scene0012,2,3,1,1,0,75.2,75.2,0,strawberry,cups
occ3_scene0013,5,10,4,4,0,71.4,110.3,1,tomato_soup_can,tomato_soup_can
occ3_scene0013,5,6,2,2,0,141.9,154.7,0,tomato_soup_can,cups
occ3_scene0013,5,11,5,3,2,8.6,40.1,0,tomato_soup_can,golf_ball
occ3_scene0013,3,10,5,4,1,23.3,82.8,1,tomato_soup_can,tomato_soup_can
occ3_scene0013,3,6,1,1,0,137.8,137.8,0,tomato_soup_can,cups
occ3_scene0013,3,11,2,2,0,54.2,72.7,0,tomato_soup_can,golf_ball
occ3_scene0013,6,10,3,2,1,28.7,86.3,0,cups,tomato_soup_can
occ3_scene0013,8,10,10,4,6,0.7,25.7,0,cups,tomato_soup_can
occ3_scene0013,6,11,1,1,0,103.3,103.3,0,cups,golf_ball
occ3_scene0013,6,7,1,1,0,125.0,125.0,0,cups,tomato_soup_can
occ3_scene0013,7,10,1,0,1,27.4,27.4,1,tomato_soup_can,tomato_soup_can
occ3_scene0013,7,8,1,1,0,125.4,125.4,0,tomato_soup_can,cups
occ3_scene0013,7,11,1,1,0,77.5,77.5,0,tomato_soup_can,golf_ball
occ3_scene0013,5,8,1,1,0,142.4,142.4,0,tomato_soup_can,cups
occ3_scene0013,10,11,3,3,0,61.1,72.7,0,tomato_soup_can,golf_ball
occ3_scene0013,9,10,2,0,2,13.0,14.2,1,tomato_soup_can,tomato_soup_can
occ3_scene0014,11,15,2,0,2,10.0,10.8,1,mustard_bottle,mustard_bottle
occ3_scene0014,2,12,3,0,3,1.2,21.6,1,sugar_box,sugar_box
occ3_scene0014,2,10,4,1,3,1.4,7.9,1,sugar_box,sugar_box
occ3_scene0014,9,15,2,2,0,54.0,54.4,0,sugar_box,mustard_bottle
occ3_scene0014,10,15,2,2,0,54.4,73.9,0,sugar_box,mustard_bottle
occ3_scene0014,2,15,4,3,1,22.6,52.0,0,sugar_box,mustard_bottle
occ3_scene0014,15,17,3,3,0,139.9,157.9,1,mustard_bottle,mustard_bottle
occ3_scene0014,8,17,1,1,0,72.1,72.1,0,banana,mustard_bottle
occ3_scene0014,1,15,1,1,0,66.8,66.8,0,sugar_box,mustard_bottle
occ3_scene0014,9,17,1,0,1,32.3,32.3,0,sugar_box,mustard_bottle
occ3_scene0014,6,9,1,0,1,5.3,5.3,0,mustard_bottle,sugar_box
occ3_scene0014,2,17,2,2,0,40.5,116.2,0,sugar_box,mustard_bottle
occ3_scene0014,2,6,1,0,1,13.9,13.9,0,sugar_box,mustard_bottle
occ3_scene0014,6,17,1,0,1,31.0,31.0,1,mustard_bottle,mustard_bottle
occ3_scene0014,6,15,1,0,1,19.9,19.9,1,mustard_bottle,mustard_bottle
occ3_scene0014,1,2,1,0,1,10.7,10.7,1,sugar_box,sugar_box
occ3_scene0014,15,18,1,0,1,5.6,5.6,1,mustard_bottle,mustard_bottle
occ3_scene0014,5,15,1,0,1,32.7,32.7,1,mustard_bottle,mustard_bottle
occ3_scene0014,12,15,1,0,1,30.5,30.5,0,sugar_box,mustard_bottle
occ3_scene0014,2,5,1,0,1,28.1,28.1,0,sugar_box,mustard_bottle
occ3_scene0015,8,12,4,4,0,67.5,84.0,0,apple,padlock
occ3_scene0015,8,13,1,0,1,0.5,0.5,1,apple,apple
occ3_scene0016,12,16,1,0,1,8.2,8.2,1,bleach_cleanser,bleach_cleanser
occ3_scene0016,13,16,8,4,4,0.0,74.7,1,bleach_cleanser,bleach_cleanser
occ3_scene0016,13,20,2,0,2,7.9,9.4,1,bleach_cleanser,bleach_cleanser
occ3_scene0016,12,20,3,1,2,2.1,3.3,1,bleach_cleanser,bleach_cleanser
occ3_scene0016,12,13,3,0,3,8.5,14.2,1,bleach_cleanser,bleach_cleanser
occ3_scene0017,9,13,6,5,1,7.5,75.5,1,cracker_box,cracker_box
occ3_scene0017,5,13,2,0,2,4.0,13.5,1,cracker_box,cracker_box
occ3_scene0017,1,10,3,3,0,123.1,136.4,0,softball,cracker_box
occ3_scene0017,1,9,1,1,0,122.9,122.9,0,softball,cracker_box
occ3_scene0017,7,10,1,1,0,240.0,240.0,0,softball,cracker_box
occ3_scene0017,4,9,1,0,1,9.6,9.6,1,cracker_box,cracker_box
occ3_scene0017,4,7,1,1,0,203.2,203.2,0,cracker_box,softball
occ3_scene0017,9,19,2,0,2,5.5,7.7,1,cracker_box,cracker_box
occ3_scene0017,7,19,1,1,0,203.2,203.2,0,softball,cracker_box
occ3_scene0017,13,18,1,0,1,3.4,3.4,1,cracker_box,cracker_box
occ3_scene0017,1,5,1,1,0,136.0,136.0,0,softball,cracker_box
occ3_scene0017,5,19,1,1,0,250.2,250.2,1,cracker_box,cracker_box
occ3_scene0017,11,12,1,0,1,1.4,1.4,1,cracker_box,cracker_box
occ3_scene0017,12,19,1,1,0,158.1,158.1,1,cracker_box,cracker_box
occ3_scene0017,4,19,1,1,0,159.0,159.0,1,cracker_box,cracker_box
occ3_scene0017,17,19,1,1,0,267.2,267.2,0,golf_ball,cracker_box
occ3_scene0018,6,10,1,0,1,0.2,0.2,1,flat_screwdriver,flat_screwdriver
occ3_scene0018,5,7,1,1,0,80.7,80.7,0,peach,flat_screwdriver
occ3_scene0018,6,7,1,0,1,7.4,7.4,1,flat_screwdriver,flat_screwdriver
occ3_scene0019,3,8,5,4,1,4.9,72.1,0,softball,tuna_fish_can
occ3_scene0019,8,9,7,2,5,12.1,27.5,1,tuna_fish_can,tuna_fish_can
occ3_scene0019,7,8,2,1,1,13.0,52.7,0,padlock,tuna_fish_can
occ3_scene0019,1,8,4,4,0,120.3,126.2,0,softball,tuna_fish_can
occ3_scene0019,1,3,1,1,0,120.2,120.2,1,softball,softball
occ3_scene0019,1,7,1,1,0,122.0,122.0,0,softball,padlock
occ3_scene0020,9,11,1,1,0,166.6,166.6,0,orange,mini_soccer_ball
occ3_scene0020,4,6,1,1,0,164.7,164.7,0,mini_soccer_ball,wood_block
occ3_scene0020,4,12,1,1,0,2474.3,2474.3,0,mini_soccer_ball,wood_block
occ3_scene0020,6,11,3,3,0,133.9,158.5,0,wood_block,mini_soccer_ball
occ3_scene0020,11,12,2,2,0,149.8,158.0,0,mini_soccer_ball,wood_block
occ3_scene0020,1,6,1,1,0,248.7,248.7,0,mini_soccer_ball,wood_block
occ3_scene0020,1,11,1,0,1,33.4,33.4,1,mini_soccer_ball,mini_soccer_ball
occ3_scene0020,3,6,1,1,0,163.6,163.6,1,wood_block,wood_block
occ3_scene0020,3,12,2,0,2,24.4,27.9,1,wood_block,wood_block
occ3_scene0020,6,8,2,2,0,107.6,127.8,0,wood_block,orange
occ3_scene0020,8,11,1,1,0,136.7,136.7,0,orange,mini_soccer_ball
occ3_scene0020,5,6,1,0,1,5.3,5.3,1,wood_block,wood_block
occ3_scene0020,6,12,1,0,1,4.7,4.7,1,wood_block,wood_block
occ3_scene0020,5,12,3,0,3,8.0,8.6,1,wood_block,wood_block
occ3_scene0020,5,13,1,0,1,6.4,6.4,0,wood_block,mini_soccer_ball
occ3_scene0020,5,8,1,1,0,174.5,174.5,0,wood_block,orange
occ4_scene0001,8,9,10,6,4,11.6,43.9,1,master_chef_can,master_chef_can
occ4_scene0001,9,16,4,1,3,30.6,35.8,1,master_chef_can,master_chef_can
occ4_scene0001,2,9,2,0,2,8.5,23.0,0,cups,master_chef_can
occ4_scene0001,9,20,3,3,0,55.3,66.8,0,master_chef_can,strawberry
occ4_scene0001,2,20,1,1,0,53.7,53.7,0,cups,strawberry
occ4_scene0001,2,8,1,0,1,4.6,4.6,0,cups,master_chef_can
occ4_scene0001,2,16,1,1,0,61.8,61.8,0,cups,master_chef_can
occ4_scene0001,16,21,2,1,1,0.7,42.1,0,master_chef_can,cups
occ4_scene0001,8,16,3,2,1,39.4,49.2,1,master_chef_can,master_chef_can
occ4_scene0001,9,21,1,1,0,80.6,80.6,0,master_chef_can,cups
occ4_scene0002,3,13,2,1,1,29.8,58.8,0,spatula,mustard_bottle
occ4_scene0002,3,14,1,0,1,8.9,8.9,0,spatula,master_chef_can
occ4_scene0002,3,8,1,0,1,20.7,20.7,0,spatula,master_chef_can
occ4_scene0002,13,14,2,1,1,27.1,33.6,0,mustard_bottle,master_chef_can
occ4_scene0002,8,13,2,2,0,56.7,63.2,0,master_chef_can,mustard_bottle
occ4_scene0002,12,14,2,2,0,139.9,167.2,1,master_chef_can,master_chef_can
occ4_scene0002,14,15,2,2,0,145.1,171.8,0,master_chef_can,cups
occ4_scene0002,12,15,5,0,5,5.5,18.0,0,master_chef_can,cups
occ4_scene0002,12,13,2,2,0,51.9,62.6,0,master_chef_can,mustard_bottle
occ4_scene0002,3,12,5,4,1,26.4,79.2,0,spatula,master_chef_can
occ4_scene0002,3,11,6,6,0,59.8,328.2,0,spatula,mustard_bottle
occ4_scene0002,3,15,1,1,0,124.7,124.7,0,spatula,cups
occ4_scene0002,8,14,1,0,1,3.7,3.7,1,master_chef_can,master_chef_can
occ4_scene0002,2,12,5,5,0,60.3,81.9,1,master_chef_can,master_chef_can
occ4_scene0002,2,11,5,3,2,3.9,41.0,0,master_chef_can,mustard_bottle
occ4_scene0002,11,13,4,3,1,24.6,69.7,1,mustard_bottle,mustard_bottle
occ4_scene0002,8,12,6,1,5,21.4,28.4,1,master_chef_can,master_chef_can
occ4_scene0002,8,11,5,3,2,6.5,95.2,0,master_chef_can,mustard_bottle
occ4_scene0002,2,13,1,1,0,79.3,79.3,0,master_chef_can,mustard_bottle
occ4_scene0002,2,3,2,2,0,61.2,115.9,0,master_chef_can,spatula
occ4_scene0002,2,10,1,1,0,61.3,61.3,0,master_chef_can,spatula
occ4_scene0002,10,11,4,2,2,8.8,33.4,0,spatula,mustard_bottle
occ4_scene0002,8,15,2,1,1,13.1,47.5,0,master_chef_can,cups
occ4_scene0002,13,15,3,2,1,21.2,60.0,0,mustard_bottle,cups
occ4_scene0002,3,10,1,1,0,90.2,90.2,1,spatula,spatula
occ4_scene0002,11,12,1,0,1,26.4,26.4,0,mustard_bottle,master_chef_can
occ4_scene0002,6,11,1,0,1,27.3,27.3,0,cups,mustard_bottle
occ4_scene0003,9,21,2,2,0,119.9,134.7,0,bleach_cleanser,pudding_box
occ4_scene0003,12,14,3,0,3,2.5,7.4,1,bleach_cleanser,bleach_cleanser
occ4_scene0003,1,11,3,3,0,62.4,104.7,1,cups,cups
occ4_scene0003,6,21,1,1,0,127.0,127.0,0,bleach_cleanser,pudding_box
occ4_scene0003,17,21,1,1,0,100.8,100.8,0,bleach_cleanser,pudding_box
occ4_scene0003,1,21,1,1,0,98.9,98.9,0,cups,pudding_box
occ4_scene0003,11,21,3,3,0,90.2,107.5,0,cups,pudding_box
occ4_scene0003,8,12,3,0,3,7.2,13.6,1,bleach_cleanser,bleach_cleanser
occ4_scene0003,2,21,1,1,0,250.2,250.2,0,bleach_cleanser,pudding_box
occ4_scene0003,6,8,2,0,2,7.1,19.7,1,bleach_cleanser,bleach_cleanser
occ4_scene0003,1,10,2,2,0,57.0,61.8,0,cups,strawberry
occ4_scene0003,12,21,1,1,0,229.5,229.5,0,bleach_cleanser,pudding_box
occ4_scene0003,10,11,1,1,0,60.3,60.3,0,strawberry,cups
occ4_scene0003,14,21,1,1,0,260.2,260.2,0,bleach_cleanser,pudding_box
occ4_scene0003,7,20,1,1,0,209.1,209.1,0,bleach_cleanser,pudding_box
occ4_scene0003,12,20,1,1,0,237.1,237.1,0,bleach_cleanser,pudding_box
occ4_scene0003,6,20,1,1,0,151.0,151.0,0,bleach_cleanser,pudding_box
occ4_scene0003,11,20,1,1,0,57.9,57.9,0,cups,pudding_box
occ4_scene0004,6,10,2,1,1,26.4,43.1,0,gelatin_box,mug
occ4_scene0004,6,8,1,1,0,57.3,57.3,0,gelatin_box,pear
occ4_scene0004,2,8,1,1,0,67.1,67.1,0,gelatin_box,pear
occ4_scene0004,8,10,2,2,0,76.8,79.7,0,pear,mug
occ4_scene0005,3,6,4,3,1,26.2,75.4,1,cups,cups
occ4_scene0005,3,7,2,1,1,9.3,50.4,0,cups,cups
occ4_scene0005,6,9,4,2,2,22.2,60.9,1,cups,cups
occ4_scene0005,6,7,4,1,3,8.4,23.4,0,cups,cups
occ4_scene0005,7,9,4,1,3,28.1,31.8,0,cups,cups
occ4_scene0005,8,10,1,1,0,82.9,82.9,1,cups,cups
occ4_scene0006,9,12,4,3,1,33.0,67.1,0,cups,softball
occ4_scene0006,9,13,1,1,0,57.3,57.3,0,cups,cups
occ4_scene0006,1,9,4,4,0,42.5,69.6,0,softball,cups
occ4_scene0006,8,9,3,0,3,4.6,11.9,0,cups,cups
occ4_scene0006,8,12,4,3,1,8.6,74.4,0,cups,softball
occ4_scene0006,1,13,1,1,0,77.5,77.5,0,softball,cups
occ4_scene0006,1,8,3,3,0,68.2,81.2,0,softball,cups
occ4_scene0006,8,13,3,1,2,28.0,28.0,1,cups,cups
occ4_scene0006,7,12,1,1,0,204.7,204.7,0,cups,softball
occ4_scene0006,12,13,1,1,0,245.0,245.0,0,softball,cups
occ4_scene0006,4,12,5,4,1,31.9,144.1,0,padlock,softball
occ4_scene0006,4,13,1,1,0,263.1,263.1,0,padlock,cups
occ4_scene0006,4,8,4,1,3,1.8,5.4,0,padlock,cups
occ4_scene0006,4,9,1,0,1,29.6,29.6,0,padlock,cups
occ4_scene0006,9,14,1,1,0,53.1,53.1,0,cups,padlock
occ4_scene0006,1,10,1,0,1,29.0,29.0,0,softball,cups
occ4_scene0006,1,4,1,1,0,127.1,127.1,0,softball,padlock
occ4_scene0006,7,8,3,0,3,2.6,4.7,0,cups,cups
occ4_scene0006,3,6,2,0,2,5.2,7.0,1,padlock,padlock
occ4_scene0007,8,15,1,1,0,80.7,80.7,0,rubiks_cube,lemon
occ4_scene0007,5,15,1,1,0,76.7,76.7,0,rubiks_cube,lemon
occ4_scene0007,5,9,1,0,1,36.0,36.0,1,rubiks_cube,rubiks_cube
occ4_scene0007,5,12,1,0,1,8.9,8.9,1,rubiks_cube,rubiks_cube
occ4_scene0007,15,16,1,1,0,75.8,75.8,0,lemon,rubiks_cube
occ4_scene0007,9,16,1,0,1,1.5,1.5,1,rubiks_cube,rubiks_cube
occ4_scene0007,12,16,1,0,1,10.5,10.5,1,rubiks_cube,rubiks_cube
occ4_scene0007,9,15,1,1,0,72.5,72.5,0,rubiks_cube,lemon
occ4_scene0007,9,12,1,0,1,10.8,10.8,1,rubiks_cube,rubiks_cube
occ4_scene0007,7,12,1,0,1,16.8,16.8,1,rubiks_cube,rubiks_cube
occ4_scene0007,13,14,5,0,5,2.9,3.7,1,padlock,padlock
occ4_scene0007,4,14,2,2,0,280.3,346.2,0,cups,padlock
occ4_scene0007,4,15,1,0,1,5.7,5.7,0,cups,lemon
occ4_scene0007,16,18,2,1,1,28.3,67.4,0,rubiks_cube,cups
occ4_scene0007,14,16,2,0,2,33.7,33.9,0,padlock,rubiks_cube
occ4_scene0008,8,13,3,2,1,21.9,53.4,0,wood_block,golf_ball
occ4_scene0008,4,13,3,2,1,39.0,46.8,0,cups,golf_ball
occ4_scene0008,10,13,4,4,0,41.0,53.5,0,cups,golf_ball
occ4_scene0008,4,8,1,1,0,155.3,155.3,0,cups,wood_block
occ4_scene0008,8,10,2,2,0,138.1,143.9,0,wood_block,cups
occ4_scene0008,8,12,1,1,0,166.3,166.3,0,wood_block,cups
occ4_scene0008,7,10,1,1,0,149.5,149.5,0,wood_block,cups
occ4_scene0008,7,12,1,1,0,156.3,156.3,0,wood_block,cups
occ4_scene0008,7,13,1,1,0,56.3,56.3,0,wood_block,golf_ball
occ4_scene0008,8,15,1,0,1,6.5,6.5,1,wood_block,wood_block
occ4_scene0009,5,7,2,2,0,100.0,118.2,0,tomato_soup_can,bowl
occ4_scene0009,5,8,3,3,0,63.8,71.9,0,tomato_soup_can,bowl
occ4_scene0009,5,11,2,2,0,70.5,83.6,0,tomato_soup_can,bowl
occ4_scene0009,7,13,3,3,0,78.3,107.3,0,bowl,tomato_soup_can
occ4_scene0009,7,11,2,2,0,212.1,276.1,1,bowl,bowl
occ4_scene0009,8,9,1,1,0,57.3,57.3,0,bowl,tennis_ball
occ4_scene0009,5,9,4,4,0,46.0,63.8,0,tomato_soup_can,tennis_ball
occ4_scene0009,4,11,3,3,0,58.4,306.1,0,tomato_soup_can,bowl
occ4_scene0009,4,9,3,3,0,55.3,83.3,0,tomato_soup_can,tennis_ball
occ4_scene0009,9,13,3,3,0,48.9,55.3,0,tennis_ball,tomato_soup_can
occ4_scene0009,7,8,8,3,5,8.9,36.3,1,bowl,bowl
occ4_scene0009,3,9,2,2,0,65.6,79.9,0,tomato_soup_can,tennis_ball
occ4_scene0009,2,7,1,1,0,100.0,100.0,0,tomato_soup_can,bowl
occ4_scene0009,2,8,1,1,0,77.7,77.7,0,tomato_soup_can,bowl
occ4_scene0009,2,11,1,1,0,70.9,70.9,0,tomato_soup_can,bowl
occ4_scene0009,8,13,5,4,1,13.0,76.5,0,bowl,tomato_soup_can
occ4_scene0009,5,13,1,0,1,29.4,29.4,1,tomato_soup_can,tomato_soup_can
occ4_scene0009,4,8,2,1,1,18.0,49.5,0,tomato_soup_can,bowl
occ4_scene0009,3,8,1,1,0,77.0,77.0,0,tomato_soup_can,bowl
occ4_scene0010,13,14,2,2,0,52.5,70.9,0,peach,bleach_cleanser
occ4_scene0010,13,17,5,4,1,37.1,48.7,0,peach,cups
occ4_scene0010,16,21,1,0,1,10.0,10.0,1,bleach_cleanser,bleach_cleanser
occ4_scene0010,19,22,1,0,1,0.6,0.6,1,flat_screwdriver,flat_screwdriver
occ4_scene0010,13,16,2,1,1,38.5,51.1,0,peach,bleach_cleanser
occ4_scene0010,4,14,1,1,0,80.4,80.4,0,cups,bleach_cleanser
occ4_scene0010,4,13,2,2,0,51.7,57.4,0,cups,peach
occ4_scene0010,3,14,2,2,0,131.0,131.1,1,bleach_cleanser,bleach_cleanser
occ4_scene0010,3,4,3,3,0,174.0,275.6,0,bleach_cleanser,cups
occ4_scene0010,14,15,2,2,0,133.9,155.3,0,bleach_cleanser,flat_screwdriver
occ4_scene0010,15,22,1,0,1,8.8,8.8,1,flat_screwdriver,flat_screwdriver
occ4_scene0010,14,18,2,0,2,3.8,19.4,1,bleach_cleanser,bleach_cleanser
occ4_scene0010,3,16,1,1,0,93.5,93.5,1,bleach_cleanser,bleach_cleanser
occ4_scene0010,14,16,1,0,1,9.8,9.8,1,bleach_cleanser,bleach_cleanser
occ4_scene0010,16,17,1,0,1,30.4,30.4,0,bleach_cleanser,cups
occ4_scene0010,16,18,1,0,1,3.0,3.0,1,bleach_cleanser,bleach_cleanser
occ4_scene0010,4,17,1,1,0,65.6,65.6,1,cups,cups
occ4_scene0010,17,18,1,1,0,48.0,48.0,0,cups,bleach_cleanser
occ4_scene0011,8,9,6,4,2,21.4,149.5,0,pitcher_base,cups
occ4_scene0011,3,8,2,1,1,29.2,36.2,0,cups,pitcher_base
occ4_scene0011,8,10,5,4,1,39.3,144.1,0,pitcher_base,mug
occ4_scene0011,5,10,3,2,1,27.9,75.6,0,cups,mug
occ4_scene0011,3,9,1,1,0,88.2,88.2,0,cups,cups
occ4_scene0011,9,10,6,4,2,34.2,51.9,0,cups,mug
occ4_scene0011,3,10,1,1,0,49.8,49.8,0,cups,mug
occ4_scene0011,5,9,2,2,0,93.4,115.0,1,cups,cups
occ4_scene0011,5,8,2,2,0,150.5,159.2,0,cups,pitcher_base
occ4_scene0011,7,8,6,3,3,1.7,47.5,1,pitcher_base,pitcher_base
occ4_scene0011,7,9,2,1,1,21.5,76.2,0,pitcher_base,cups
occ4_scene0011,5,7,1,1,0,149.7,149.7,0,cups,pitcher_base
occ4_scene0011,7,10,2,2,0,143.5,171.9,0,pitcher_base,mug
occ4_scene0011,9,11,2,1,1,31.9,39.8,1,cups,cups
occ4_scene0011,5,11,1,0,1,21.4,21.4,1,cups,cups
occ4_scene0012,8,13,2,2,0,177.0,188.2,0,wood_block,cups
occ4_scene0012,3,6,1,1,0,160.8,160.8,0,wood_block,banana
occ4_scene0012,2,6,1,1,0,168.9,168.9,0,wood_block,banana
occ4_scene0012,4,8,1,1,0,230.9,230.9,0,cups,wood_block
occ4_scene0012,4,7,1,1,0,257.6,257.6,0,cups,wood_block
occ4_scene0012,7,8,2,0,2,3.1,3.6,1,wood_block,wood_block
occ4_scene0012,8,11,1,0,1,3.3,3.3,1,wood_block,wood_block
occ4_scene0012,7,11,1,0,1,4.9,4.9,1,wood_block,wood_block
occ4_scene0012,8,16,1,0,1,1.3,1.3,1,wood_block,wood_block
occ4_scene0012,7,16,4,0,4,3.3,5.8,1,wood_block,wood_block
occ4_scene0013,6,8,1,1,0,123.7,123.7,0,banana,cups
occ4_scene0013,6,16,1,1,0,123.4,123.4,0,banana,cups
occ4_scene0013,15,16,2,2,0,49.3,54.7,0,peach,cups
occ4_scene0014,10,12,3,3,0,58.9,98.5,0,racquetball,mustard_bottle
occ4_scene0014,13,14,1,0,1,1.5,1.5,1,spatula,spatula
occ4_scene0014,12,13,4,3,1,10.4,69.0,0,mustard_bottle,spatula
occ4_scene0014,5,13,4,4,0,316.2,438.7,1,spatula,spatula
occ4_scene0014,5,12,1,1,0,128.5,128.5,0,spatula,mustard_bottle
occ4_scene0014,5,9,1,1,0,760.9,760.9,0,spatula,mustard_bottle
occ4_scene0015,6,7,1,1,0,97.8,97.8,1,wood_block,wood_block
occ4_scene0015,7,10,2,2,0,91.4,112.4,0,wood_block,sugar_box
occ4_scene0015,2,7,1,1,0,136.5,136.5,0,sugar_box,wood_block
occ4_scene0015,6,16,1,1,0,114.7,114.7,0,wood_block,foam_brick
occ4_scene0015,1,16,4,1,3,22.5,29.8,0,banana,foam_brick
occ4_scene0015,2,3,2,0,2,11.0,15.0,1,sugar_box,sugar_box
occ4_scene0015,6,10,2,2,0,68.6,74.6,0,wood_block,sugar_box
occ4_scene0015,3,6,2,2,0,73.0,77.4,0,sugar_box,wood_block
occ4_scene0015,2,6,2,2,0,50.8,55.6,0,sugar_box,wood_block
occ4_scene0015,7,18,1,1,0,494.1,494.1,0,wood_block,sugar_box
occ4_scene0015,1,19,1,1,0,58.8,58.8,0,banana,foam_brick
occ4_scene0015,10,17,1,1,0,86.7,86.7,0,sugar_box,wood_block
occ4_scene0015,7,17,2,2,0,234.5,384.2,1,wood_block,wood_block
occ4_scene0015,3,17,1,1,0,87.9,87.9,0,sugar_box,wood_block
occ4_scene0015,2,17,1,1,0,76.6,76.6,0,sugar_box,wood_block
occ4_scene0015,6,17,1,0,1,18.8,18.8,1,wood_block,wood_block
occ4_scene0015,5,17,4,0,4,0.4,5.2,1,wood_block,wood_block
occ4_scene0015,17,18,4,4,0,578.6,640.9,0,wood_block,sugar_box
occ4_scene0015,4,10,1,1,0,66.1,66.1,1,sugar_box,sugar_box
occ4_scene0015,10,18,1,1,0,344.5,344.5,1,sugar_box,sugar_box
occ4_scene0015,7,8,1,1,0,111.9,111.9,0,wood_block,banana
occ4_scene0015,1,7,1,0,1,14.0,14.0,0,banana,wood_block
occ4_scene0015,8,18,1,1,0,437.2,437.2,0,banana,sugar_box
occ4_scene0015,4,17,2,2,0,100.6,111.1,0,sugar_box,wood_block
occ4_scene0015,4,18,1,1,0,56.5,56.5,1,sugar_box,sugar_box
occ4_scene0015,1,18,1,0,1,19.8,19.8,0,banana,sugar_box
occ4_scene0015,16,18,1,0,1,21.1,21.1,0,foam_brick,sugar_box
occ4_scene0015,5,10,1,1,0,83.4,83.4,0,wood_block,sugar_box
occ4_scene0015,12,18,1,0,1,6.2,6.2,0,banana,sugar_box
occ4_scene0015,12,16,1,0,1,6.5,6.5,0,banana,foam_brick
occ4_scene0015,2,4,1,1,0,42.9,42.9,1,sugar_box,sugar_box
occ4_scene0015,4,6,1,1,0,67.0,67.0,0,sugar_box,wood_block
occ4_scene0016,1,8,1,1,0,67.2,67.2,0,gelatin_box,plum
occ4_scene0016,1,7,1,0,1,39.1,39.1,0,gelatin_box,large_marker
occ4_scene0017,2,14,3,2,1,20.3,46.9,1,cups,cups
occ4_scene0017,2,12,2,1,1,14.5,52.7,1,cups,cups
occ4_scene0017,5,14,1,0,1,30.3,30.3,0,cups,cups
occ4_scene0017,5,12,1,1,0,122.9,122.9,0,cups,cups
occ4_scene0017,12,14,5,4,1,8.6,72.7,1,cups,cups
occ4_scene0017,10,12,1,0,1,6.8,6.8,0,mug,cups
occ4_scene0017,11,12,1,0,1,12.6,12.6,0,mug,cups
occ4_scene0017,2,13,1,1,0,41.8,41.8,1,cups,cups
occ4_scene0018,1,10,1,0,1,19.8,19.8,0,cups,cups
occ4_scene0018,1,7,3,3,0,104.4,126.1,0,cups,sponge
occ4_scene0018,1,2,4,0,4,6.9,9.5,1,cups,cups
occ4_scene0018,7,10,1,1,0,100.9,100.9,0,sponge,cups
occ4_scene0018,2,7,1,1,0,111.2,111.2,0,cups,sponge
occ4_scene0018,1,13,1,1,0,126.5,126.5,1,cups,cups
occ4_scene0018,2,11,1,1,0,105.5,105.5,1,cups,cups
occ4_scene0018,1,11,2,1,1,15.6,59.9,1,cups,cups
occ4_scene0018,7,11,1,1,0,109.9,109.9,0,sponge,cups
occ4_scene0019,8,9,1,1,0,62.4,62.4,0,apple,tomato_soup_can
occ4_scene0019,8,10,4,4,0,58.5,67.1,0,apple,tomato_soup_can
occ4_scene0020,5,11,2,2,0,54.3,63.0,0,tennis_ball,apple
occ4_scene0020,4,5,2,2,0,54.3,62.9,0,apple,tennis_ball
occ4_scene0020,2,4,2,2,0,92.0,92.9,0,gelatin_box,apple
occ5_scene0001,5,10,4,2,2,39.3,73.4,0,sponge,bleach_cleanser
occ5_scene0001,10,13,4,4,0,56.9,80.3,0,bleach_cleanser,medium_clamp
occ5_scene0001,1,5,2,0,2,3.2,6.5,0,bleach_cleanser,sponge
occ5_scene0001,5,6,3,3,0,57.0,98.9,0,sponge,pear
occ5_scene0001,5,14,4,0,4,11.5,12.5,0,sponge,bleach_cleanser
occ5_scene0001,5,13,3,3,0,63.4,71.5,0,sponge,medium_clamp
occ5_scene0001,10,12,3,2,1,10.0,71.4,1,bleach_cleanser,bleach_cleanser
occ5_scene0001,6,18,3,3,0,81.9,107.6,0,pear,pudding_box
occ5_scene0001,1,18,2,1,1,5.0,46.8,0,bleach_cleanser,pudding_box
occ5_scene0001,1,6,1,1,0,68.3,68.3,0,bleach_cleanser,pear
occ5_scene0001,1,13,2,2,0,57.3,104.2,0,bleach_cleanser,medium_clamp
occ5_scene0001,9,10,1,1,0,48.5,48.5,1,bleach_cleanser,bleach_cleanser
occ5_scene0001,9,13,2,1,1,22.5,47.4,0,bleach_cleanser,medium_clamp
occ5_scene0001,10,18,2,2,0,156.6,190.2,0,bleach_cleanser,pudding_box
occ5_scene0001,1,12,3,3,0,232.1,272.4,1,bleach_cleanser,bleach_cleanser
occ5_scene0001,12,14,6,0,6,3.0,15.1,1,bleach_cleanser,bleach_cleanser
occ5_scene0001,10,14,1,0,1,1.0,1.0,1,bleach_cleanser,bleach_cleanser
occ5_scene0001,10,11,1,1,0,237.3,237.3,0,bleach_cleanser,pudding_box
occ5_scene0001,14,18,1,1,0,222.4,222.4,0,bleach_cleanser,pudding_box
occ5_scene0001,11,14,1,1,0,233.8,233.8,0,pudding_box,bleach_cleanser
occ5_scene0001,9,14,1,0,1,13.4,13.4,1,bleach_cleanser,bleach_cleanser
occ5_scene0002,7,16,5,5,0,107.5,124.0,0,potted_meat_can,cups
occ5_scene0002,7,10,9,8,1,39.5,61.9,0,potted_meat_can,phillips_screwdriver
occ5_scene0002,6,16,3,3,0,117.4,122.2,1,cups,cups
occ5_scene0002,6,10,3,2,1,0.6,60.4,0,cups,phillips_screwdriver
occ5_scene0002,10,16,10,6,4,0.7,59.0,0,phillips_screwdriver,cups
occ5_scene0002,12,16,4,2,2,19.0,47.4,0,potted_meat_can,cups
occ5_scene0002,8,16,4,2,2,11.3,37.4,0,cups,cups
occ5_scene0002,12,15,6,1,5,7.2,16.1,1,potted_meat_can,potted_meat_can
occ5_scene0002,6,7,1,1,0,85.3,85.3,0,cups,potted_meat_can
occ5_scene0002,6,12,1,1,0,135.0,135.0,0,cups,potted_meat_can
occ5_scene0002,6,15,1,1,0,108.9,108.9,0,cups,potted_meat_can
occ5_scene0002,15,16,3,2,1,31.6,42.9,0,potted_meat_can,cups
occ5_scene0002,4,10,1,0,1,4.9,4.9,1,phillips_screwdriver,phillips_screwdriver
occ5_scene0002,5,15,2,0,2,4.6,14.5,1,potted_meat_can,potted_meat_can
occ5_scene0002,5,12,2,2,0,50.3,68.7,1,potted_meat_can,potted_meat_can
occ5_scene0002,10,12,4,0,4,1.9,3.5,0,phillips_screwdriver,potted_meat_can
occ5_scene0002,10,15,1,0,1,7.7,7.7,0,phillips_screwdriver,potted_meat_can
occ5_scene0002,1,15,1,0,1,1.5,1.5,1,potted_meat_can,potted_meat_can
occ5_scene0002,7,12,1,1,0,830.2,830.2,1,potted_meat_can,potted_meat_can
occ5_scene0003,1,6,1,1,0,66.9,66.9,0,potted_meat_can,cups
occ5_scene0003,2,11,1,1,0,102.0,102.0,0,gelatin_box,foam_brick
occ5_scene0003,1,14,2,2,0,52.2,59.5,0,potted_meat_can,cups
occ5_scene0003,1,2,1,1,0,78.0,78.0,0,potted_meat_can,gelatin_box
occ5_scene0003,1,13,2,0,2,23.3,27.5,0,potted_meat_can,pear
occ5_scene0003,5,6,1,1,0,41.0,41.0,0,potted_meat_can,cups
occ5_scene0003,2,6,2,2,0,101.3,103.9,0,gelatin_box,cups
occ5_scene0003,6,17,4,2,2,23.7,40.4,0,cups,potted_meat_can
occ5_scene0003,5,13,5,3,2,9.7,60.1,0,potted_meat_can,pear
occ5_scene0003,5,14,3,1,2,14.1,15.7,0,potted_meat_can,cups
occ5_scene0003,13,17,8,2,6,2.9,10.4,0,pear,potted_meat_can
occ5_scene0003,2,14,5,5,0,55.9,60.2,0,gelatin_box,cups
occ5_scene0003,14,17,7,5,2,18.7,51.3,0,cups,potted_meat_can
occ5_scene0003,6,16,1,1,0,58.7,58.7,0,cups,gelatin_box
occ5_scene0003,14,16,2,2,0,58.4,69.6,0,cups,gelatin_box
occ5_scene0003,7,17,1,0,1,0.1,0.1,0,cups,potted_meat_can
occ5_scene0003,7,13,2,0,2,4.9,9.9,0,cups,pear
occ5_scene0003,6,13,1,1,0,41.1,41.1,0,cups,pear
occ5_scene0003,13,14,3,0,3,4.6,8.6,0,pear,cups
occ5_scene0003,7,14,1,1,0,46.4,46.4,1,cups,cups
occ5_scene0003,5,10,3,3,0,175.8,345.5,0,potted_meat_can,foam_brick
occ5_scene0003,7,10,1,1,0,180.6,180.6,0,cups,foam_brick
occ5_scene0003,2,5,1,1,0,80.7,80.7,0,gelatin_box,potted_meat_can
occ5_scene0003,2,13,1,1,0,67.5,67.5,0,gelatin_box,pear
occ5_scene0003,6,14,1,0,1,36.1,36.1,1,cups,cups
occ5_scene0004,18,19,2,2,0,99.3,101.3,0,cups,mug
occ5_scene0005,3,24,3,2,1,23.9,103.8,1,bleach_cleanser,bleach_cleanser
occ5_scene0005,19,24,5,5,0,60.9,76.2,0,orange,bleach_cleanser
occ5_scene0005,1,24,1,0,1,31.9,31.9,0,cups,bleach_cleanser
occ5_scene0005,21,24,3,2,1,3.4,76.4,0,cups,bleach_cleanser
occ5_scene0005,3,22,1,0,1,12.4,12.4,1,bleach_cleanser,bleach_cleanser
occ5_scene0005,18,22,2,0,2,18.6,19.7,1,bleach_cleanser,bleach_cleanser
occ5_scene0005,19,22,2,2,0,50.2,59.7,0,orange,bleach_cleanser
occ5_scene0005,1,22,1,1,0,41.1,41.1,0,cups,bleach_cleanser
occ5_scene0005,21,22,2,1,1,19.6,82.9,0,cups,bleach_cleanser
occ5_scene0005,3,18,4,4,0,96.0,227.7,1,bleach_cleanser,bleach_cleanser
occ5_scene0005,3,19,4,2,2,12.4,47.3,0,bleach_cleanser,orange
occ5_scene0005,1,3,1,0,1,39.2,39.2,0,cups,bleach_cleanser
occ5_scene0005,7,19,1,1,0,86.4,86.4,0,cups,orange
occ5_scene0005,4,19,3,3,0,61.9,141.3,0,cups,orange
occ5_scene0005,19,20,7,4,3,0.5,48.8,0,orange,cups
occ5_scene0005,3,23,1,1,0,83.1,83.1,1,bleach_cleanser,bleach_cleanser
occ5_scene0005,19,23,2,2,0,90.4,102.4,0,orange,bleach_cleanser
occ5_scene0005,16,24,2,2,0,51.2,87.1,0,cups,bleach_cleanser
occ5_scene0005,3,4,2,2,0,116.2,212.1,0,bleach_cleanser,cups
occ5_scene0005,4,18,1,1,0,79.3,79.3,0,cups,bleach_cleanser
occ5_scene0005,4,16,2,2,0,82.7,283.4,0,cups,cups
occ5_scene0005,3,9,1,1,0,85.9,85.9,1,bleach_cleanser,bleach_cleanser
occ5_scene0005,9,19,1,1,0,40.7,40.7,0,bleach_cleanser,orange
occ5_scene0005,9,16,1,1,0,106.8,106.8,0,bleach_cleanser,cups
occ5_scene0005,9,21,1,1,0,62.8,62.8,0,bleach_cleanser,cups
occ5_scene0005,16,18,4,4,0,225.7,333.0,0,cups,bleach_cleanser
occ5_scene0005,16,19,1,0,1,23.7,23.7,0,cups,orange
occ5_scene0005,16,21,1,0,1,22.6,22.6,0,cups,cups
occ5_scene0005,4,20,2,2,0,179.7,187.8,1,cups,cups
occ5_scene0005,3,16,3,3,0,54.6,147.7,0,bleach_cleanser,cups
occ5_scene0005,3,20,3,1,2,13.1,30.3,0,bleach_cleanser,cups
occ5_scene0005,16,20,1,0,1,26.9,26.9,0,cups,cups
occ5_scene0005,20,21,3,2,1,3.2,143.3,1,cups,cups
occ5_scene0005,17,21,2,2,0,140.5,175.4,0,bleach_cleanser,cups
occ5_scene0005,18,24,2,2,0,135.8,156.0,1,bleach_cleanser,bleach_cleanser
occ5_scene0005,18,19,2,1,1,9.7,90.0,0,bleach_cleanser,orange
occ5_scene0005,2,20,1,1,0,127.3,127.3,0,bleach_cleanser,cups
occ5_scene0005,2,21,1,1,0,89.1,89.1,0,bleach_cleanser,cups
occ5_scene0005,2,19,1,1,0,181.4,181.4,0,bleach_cleanser,orange
occ5_scene0005,3,21,1,1,0,165.0,165.0,0,bleach_cleanser,cups
occ5_scene0005,17,20,2,2,0,213.5,215.7,0,bleach_cleanser,cups
occ5_scene0005,17,22,2,2,0,50.2,59.5,1,bleach_cleanser,bleach_cleanser
occ5_scene0005,20,24,1,1,0,211.5,211.5,0,cups,bleach_cleanser
occ5_scene0005,22,23,1,0,1,8.6,8.6,1,bleach_cleanser,bleach_cleanser
occ5_scene0005,17,18,2,0,2,0.6,12.5,1,bleach_cleanser,bleach_cleanser
occ5_scene0006,4,5,5,4,1,18.3,50.5,0,tomato_soup_can,baseball
occ5_scene0006,4,9,1,1,0,126.8,126.8,0,tomato_soup_can,racquetball
occ5_scene0006,4,11,1,1,0,180.5,180.5,0,tomato_soup_can,bowl
occ5_scene0006,4,10,1,1,0,44.9,44.9,0,tomato_soup_can,foam_brick
occ5_scene0006,5,9,1,1,0,42.2,42.2,0,baseball,racquetball
occ5_scene0006,5,10,1,1,0,84.2,84.2,0,baseball,foam_brick
occ5_scene0006,9,14,1,1,0,115.5,115.5,0,racquetball,tomato_soup_can
occ5_scene0006,9,10,1,1,0,55.3,55.3,0,racquetball,foam_brick
occ5_scene0006,11,14,3,2,1,37.5,161.3,0,bowl,tomato_soup_can
occ5_scene0006,10,14,1,0,1,21.7,21.7,0,foam_brick,tomato_soup_can
occ5_scene0006,6,12,3,2,1,36.5,142.6,0,bowl,foam_brick
occ5_scene0006,6,11,9,4,5,16.2,37.8,1,bowl,bowl
occ5_scene0006,2,6,1,1,0,63.2,63.2,0,tomato_soup_can,bowl
occ5_scene0006,4,6,1,1,0,54.5,54.5,0,tomato_soup_can,bowl
occ5_scene0006,2,12,2,1,1,25.1,53.2,0,tomato_soup_can,foam_brick
occ5_scene0006,2,13,5,5,0,48.0,264.5,0,tomato_soup_can,bowl
occ5_scene0006,4,14,2,2,0,78.9,81.6,1,tomato_soup_can,tomato_soup_can
occ5_scene0006,11,12,1,1,0,46.6,46.6,0,bowl,foam_brick
occ5_scene0006,2,11,2,1,1,30.8,65.7,0,tomato_soup_can,bowl
occ5_scene0006,4,15,1,1,0,100.0,100.0,0,tomato_soup_can,foam_brick
occ5_scene0006,14,15,1,1,0,81.0,81.0,0,tomato_soup_can,foam_brick
occ5_scene0006,11,15,1,1,0,58.5,58.5,0,bowl,foam_brick
occ5_scene0006,2,7,1,1,0,91.4,91.4,0,tomato_soup_can,foam_brick
occ5_scene0006,4,12,1,1,0,82.4,82.4,0,tomato_soup_can,foam_brick
occ5_scene0006,4,7,1,1,0,92.8,92.8,0,tomato_soup_can,foam_brick
occ5_scene0006,12,14,2,1,1,38.7,63.0,0,foam_brick,tomato_soup_can
occ5_scene0006,5,14,2,2,0,40.5,43.0,0,baseball,tomato_soup_can
occ5_scene0006,7,14,1,1,0,97.4,97.4,0,foam_brick,tomato_soup_can
occ5_scene0006,2,5,2,2,0,70.6,84.8,0,tomato_soup_can,baseball
occ5_scene0006,6,13,2,2,0,48.4,57.3,1,bowl,bowl
occ5_scene0006,12,13,2,2,0,116.7,127.1,0,foam_brick,bowl
occ5_scene0007,3,6,5,4,1,38.3,62.1,0,tomato_soup_can,orange
occ5_scene0007,3,4,2,1,1,38.6,39.3,0,tomato_soup_can,peach
occ5_scene0007,6,7,2,2,0,44.4,101.3,0,orange,tennis_ball
occ5_scene0007,3,7,2,2,0,123.7,130.5,0,tomato_soup_can,tennis_ball
occ5_scene0007,2,4,1,1,0,73.5,73.5,0,tomato_soup_can,peach
occ5_scene0007,1,6,6,4,2,11.4,48.6,0,tomato_soup_can,orange
occ5_scene0007,3,11,1,0,1,4.3,4.3,1,tomato_soup_can,tomato_soup_can
occ5_scene0007,7,11,1,1,0,116.4,116.4,0,tennis_ball,tomato_soup_can
occ5_scene0007,6,11,3,3,0,51.9,62.1,0,orange,tomato_soup_can
occ5_scene0007,1,8,1,1,0,48.1,48.1,0,tomato_soup_can,adjustable_wrench
occ5_scene0007,1,4,1,0,1,37.6,37.6,0,tomato_soup_can,peach
occ5_scene0008,11,16,4,4,0,69.2,104.0,1,cracker_box,cracker_box
occ5_scene0008,12,18,2,2,0,45.8,49.2,0,tennis_ball,foam_brick
occ5_scene0008,2,16,2,0,2,27.0,28.9,1,cracker_box,cracker_box
occ5_scene0008,8,9,1,0,1,15.2,15.2,1,cracker_box,cracker_box
occ5_scene0008,9,13,1,1,0,127.5,127.5,1,cracker_box,cracker_box
occ5_scene0008,8,11,1,0,1,4.3,4.3,1,cracker_box,cracker_box
occ5_scene0008,8,10,1,0,1,1.5,1.5,1,cracker_box,cracker_box
occ5_scene0008,8,18,2,2,0,125.8,146.8,0,cracker_box,foam_brick
occ5_scene0008,8,20,4,3,1,21.7,79.5,1,cracker_box,cracker_box
occ5_scene0008,14,15,1,0,1,0.3,0.3,1,cracker_box,cracker_box
occ5_scene0008,8,22,3,3,0,172.1,176.9,0,cracker_box,foam_brick
occ5_scene0008,2,11,1,0,1,7.6,7.6,1,cracker_box,cracker_box
occ5_scene0008,11,20,1,0,1,1.2,1.2,1,cracker_box,cracker_box
occ5_scene0008,2,20,2,2,0,43.9,873.9,1,cracker_box,cracker_box
occ5_scene0008,5,22,1,0,1,33.8,33.8,0,sponge,foam_brick
occ5_scene0008,3,20,2,2,0,105.2,208.4,1,cracker_box,cracker_box
occ5_scene0008,16,20,1,0,1,31.1,31.1,1,cracker_box,cracker_box
occ5_scene0008,11,22,1,1,0,165.2,165.2,0,cracker_box,foam_brick
occ5_scene0008,8,12,3,2,1,22.9,158.8,0,cracker_box,tennis_ball
occ5_scene0008,8,13,1,1,0,1768.4,1768.4,1,cracker_box,cracker_box
occ5_scene0008,12,22,1,1,0,68.4,68.4,0,tennis_ball,foam_brick
occ5_scene0008,3,12,2,1,1,11.1,47.5,0,cracker_box,tennis_ball
occ5_scene0008,18,20,1,1,0,90.8,90.8,0,foam_brick,cracker_box
occ5_scene0008,3,18,1,1,0,137.0,137.0,0,cracker_box,foam_brick
occ5_scene0008,19,20,1,1,0,444.7,444.7,0,foam_brick,cracker_box
occ5_scene0009,1,5,2,2,0,58.5,80.5,0,softball,wood_block
occ5_scene0009,5,7,1,1,0,142.3,142.3,0,wood_block,peach
occ5_scene0009,1,12,2,2,0,66.3,71.7,0,softball,cups
occ5_scene0009,7,12,5,4,1,37.3,46.1,0,peach,cups
occ5_scene0009,3,10,1,1,0,137.1,137.1,1,wood_block,wood_block
occ5_scene0009,10,15,1,0,1,7.1,7.1,1,wood_block,wood_block
occ5_scene0009,3,5,2,2,0,73.2,77.1,1,wood_block,wood_block
occ5_scene0009,5,15,5,3,2,0.9,95.3,1,wood_block,wood_block
occ5_scene0009,3,15,4,4,0,215.5,293.4,1,wood_block,wood_block
occ5_scene0009,3,4,2,2,0,55.9,293.7,0,wood_block,cups
occ5_scene0009,3,13,4,3,1,22.7,53.6,0,wood_block,cups
occ5_scene0009,1,4,1,1,0,89.6,89.6,0,softball,cups
occ5_scene0009,1,7,2,2,0,98.3,101.8,0,softball,peach
occ5_scene0009,1,13,1,1,0,86.2,86.2,0,softball,cups
occ5_scene0009,12,13,6,3,3,1.7,31.9,1,cups,cups
occ5_scene0009,2,15,2,2,0,86.0,100.0,1,wood_block,wood_block
occ5_scene0009,2,3,1,1,0,160.0,160.0,1,wood_block,wood_block
occ5_scene0009,4,15,1,1,0,512.8,512.8,0,cups,wood_block
occ5_scene0009,4,7,1,1,0,48.2,48.2,0,cups,peach
occ5_scene0009,14,15,4,3,1,32.9,50.7,0,phillips_screwdriver,wood_block
occ5_scene0009,3,7,1,0,1,13.3,13.3,0,wood_block,peach
occ5_scene0009,13,15,1,1,0,54.0,54.0,0,cups,wood_block
occ5_scene0009,13,14,2,0,2,3.0,6.8,0,cups,phillips_screwdriver
occ5_scene0010,7,9,2,2,0,79.5,87.0,0,wood_block,pear
occ5_scene0010,9,10,3,3,0,41.4,49.3,0,pear,cups
occ5_scene0010,7,10,3,3,0,60.6,68.9,0,wood_block,cups
occ5_scene0010,10,12,3,3,0,78.4,78.8,0,cups,wood_block
occ5_scene0010,9,15,1,1,0,92.6,92.6,0,pear,lemon
occ5_scene0010,6,7,1,0,1,4.7,4.7,1,wood_block,wood_block
occ5_scene0010,7,12,1,0,1,6.2,6.2,1,wood_block,wood_block
occ5_scene0010,6,12,5,0,5,4.1,6.1,1,wood_block,wood_block
occ5_scene0010,1,10,1,1,0,46.7,46.7,0,wood_block,cups
occ5_scene0011,1,20,1,1,0,226.5,226.5,0,softball,master_chef_can
occ5_scene0011,8,20,2,1,1,31.3,38.9,0,strawberry,master_chef_can
occ5_scene0011,4,9,8,1,7,0.8,14.4,1,master_chef_can,master_chef_can
occ5_scene0011,8,9,2,0,2,32.6,33.7,0,strawberry,master_chef_can
occ5_scene0011,1,4,1,1,0,200.3,200.3,0,softball,master_chef_can
occ5_scene0011,8,12,2,0,2,7.2,22.3,0,strawberry,potted_meat_can
occ5_scene0011,6,9,1,1,0,98.2,98.2,0,nine_hole_peg_test,master_chef_can
occ5_scene0011,5,9,2,2,0,78.9,94.0,0,nine_hole_peg_test,master_chef_can
occ5_scene0011,5,16,4,1,3,13.1,21.8,1,nine_hole_peg_test,nine_hole_peg_test
occ5_scene0011,12,20,4,3,1,9.5,94.9,0,potted_meat_can,master_chef_can
occ5_scene0011,5,12,1,1,0,100.9,100.9,0,nine_hole_peg_test,potted_meat_can
occ5_scene0011,5,6,1,0,1,14.6,14.6,1,nine_hole_peg_test,nine_hole_peg_test
occ5_scene0011,6,16,2,0,2,2.5,10.5,1,nine_hole_peg_test,nine_hole_peg_test
occ5_scene0011,9,16,2,2,0,60.3,142.0,0,master_chef_can,nine_hole_peg_test
occ5_scene0011,18,22,1,1,0,102.7,102.7,0,potted_meat_can,master_chef_can
occ5_scene0011,11,22,1,1,0,108.3,108.3,0,potted_meat_can,master_chef_can
occ5_scene0011,8,22,1,0,1,4.4,4.4,0,strawberry,master_chef_can
occ5_scene0011,9,18,1,1,0,87.1,87.1,0,master_chef_can,potted_meat_can
occ5_scene0011,9,12,4,2,2,12.7,49.6,0,master_chef_can,potted_meat_can
occ5_scene0011,4,18,2,2,0,86.0,94.1,0,master_chef_can,potted_meat_can
occ5_scene0011,4,11,2,2,0,68.7,75.1,0,master_chef_can,potted_meat_can
occ5_scene0011,8,18,1,0,1,19.8,19.8,0,strawberry,potted_meat_can
occ5_scene0011,12,18,3,3,0,52.8,61.3,1,potted_meat_can,potted_meat_can
occ5_scene0011,1,11,1,1,0,68.0,68.0,0,softball,potted_meat_can
occ5_scene0011,9,20,2,1,1,0.2,35.5,1,master_chef_can,master_chef_can
occ5_scene0011,16,20,1,1,0,76.0,76.0,0,nine_hole_peg_test,master_chef_can
occ5_scene0011,11,16,1,1,0,292.6,292.6,0,potted_meat_can,nine_hole_peg_test
occ5_scene0011,18,20,1,1,0,71.8,71.8,0,potted_meat_can,master_chef_can
occ5_scene0011,11,20,1,1,0,63.8,63.8,0,potted_meat_can,master_chef_can
occ5_scene0011,11,12,3,1,2,24.6,25.1,1,potted_meat_can,potted_meat_can
occ5_scene0011,9,21,1,1,0,84.1,84.1,0,master_chef_can,potted_meat_can
occ5_scene0011,8,21,1,1,0,74.9,74.9,0,strawberry,potted_meat_can
occ5_scene0011,9,11,1,0,1,22.1,22.1,0,master_chef_can,potted_meat_can
occ5_scene0011,8,11,1,1,0,65.8,65.8,0,strawberry,potted_meat_can
occ5_scene0011,4,8,1,1,0,62.0,62.0,0,master_chef_can,strawberry
occ5_scene0012,2,18,5,5,0,72.8,115.2,0,bleach_cleanser,master_chef_can
occ5_scene0012,15,18,2,2,0,58.8,93.5,0,bleach_cleanser,master_chef_can
occ5_scene0012,10,18,1,0,1,28.6,28.6,0,bleach_cleanser,master_chef_can
occ5_scene0012,2,9,1,1,0,84.9,84.9,0,bleach_cleanser,master_chef_can
occ5_scene0012,2,17,2,1,1,20.1,56.9,0,bleach_cleanser,cups
occ5_scene0012,2,24,1,0,1,0.6,0.6,0,bleach_cleanser,cups
occ5_scene0012,17,19,4,2,2,17.9,38.6,0,cups,foam_brick
occ5_scene0012,19,24,2,0,2,3.8,10.6,0,foam_brick,cups
occ5_scene0012,9,15,1,1,0,170.0,170.0,0,master_chef_can,bleach_cleanser
occ5_scene0012,13,18,6,4,2,4.9,69.1,1,master_chef_can,master_chef_can
occ5_scene0012,11,13,1,1,0,257.8,257.8,0,baseball,master_chef_can
occ5_scene0012,16,18,7,4,3,1.0,65.9,0,bleach_cleanser,master_chef_can
occ5_scene0012,11,16,2,2,0,175.8,176.2,0,baseball,bleach_cleanser
occ5_scene0012,11,18,2,2,0,175.0,202.5,0,baseball,master_chef_can
occ5_scene0012,18,25,6,3,3,3.3,44.0,1,master_chef_can,master_chef_can
occ5_scene0012,2,13,3,3,0,114.7,131.6,0,bleach_cleanser,master_chef_can
occ5_scene0012,13,24,1,1,0,145.7,145.7,0,master_chef_can,cups
occ5_scene0012,18,24,3,3,0,91.4,125.6,0,master_chef_can,cups
occ5_scene0012,2,6,1,1,0,152.7,152.7,0,bleach_cleanser,master_chef_can
occ5_scene0012,12,16,1,1,0,112.1,112.1,0,cups,bleach_cleanser
occ5_scene0012,16,25,2,2,0,135.3,192.8,0,bleach_cleanser,master_chef_can
occ5_scene0012,16,24,1,1,0,113.9,113.9,0,bleach_cleanser,cups
occ5_scene0012,12,18,2,2,0,46.1,93.0,0,cups,master_chef_can
occ5_scene0012,8,25,1,1,0,123.1,123.1,0,bleach_cleanser,master_chef_can
occ5_scene0012,1,16,1,1,0,139.2,139.2,0,master_chef_can,bleach_cleanser
occ5_scene0012,1,18,1,0,1,36.1,36.1,1,master_chef_can,master_chef_can
occ5_scene0012,1,15,1,1,0,147.7,147.7,0,master_chef_can,bleach_cleanser
occ5_scene0012,13,16,2,2,0,63.4,99.9,0,master_chef_can,bleach_cleanser
occ5_scene0012,13,19,2,2,0,94.5,105.2,0,master_chef_can,foam_brick
occ5_scene0012,13,17,2,2,0,125.1,127.6,0,master_chef_can,cups
occ5_scene0012,13,23,3,3,0,49.8,100.4,1,master_chef_can,master_chef_can
occ5_scene0012,13,25,2,2,0,147.4,229.0,1,master_chef_can,master_chef_can
occ5_scene0012,13,22,1,1,0,118.0,118.0,0,master_chef_can,foam_brick
occ5_scene0012,18,19,3,3,0,93.2,96.2,0,master_chef_can,foam_brick
occ5_scene0012,17,18,2,2,0,123.6,130.2,0,cups,master_chef_can
occ5_scene0012,18,23,5,4,1,3.5,105.1,1,master_chef_can,master_chef_can
occ5_scene0012,18,22,2,2,0,79.1,100.1,0,master_chef_can,foam_brick
occ5_scene0012,2,23,2,2,0,215.2,245.1,0,bleach_cleanser,master_chef_can
occ5_scene0012,19,23,5,5,0,95.4,97.8,0,foam_brick,master_chef_can
occ5_scene0012,7,18,1,0,1,3.6,3.6,1,master_chef_can,master_chef_can
occ5_scene0012,12,25,1,1,0,108.9,108.9,0,cups,master_chef_can
occ5_scene0012,2,19,1,1,0,111.2,111.2,0,bleach_cleanser,foam_brick
occ5_scene0012,2,25,1,1,0,71.9,71.9,0,bleach_cleanser,master_chef_can
occ5_scene0012,2,22,1,1,0,45.2,45.2,0,bleach_cleanser,foam_brick
occ5_scene0013,6,8,1,1,0,87.5,87.5,0,gelatin_box,tomato_soup_can
occ5_scene0013,8,11,3,3,0,92.7,111.3,0,tomato_soup_can,cups
occ5_scene0013,1,8,1,1,0,209.3,209.3,0,cups,tomato_soup_can
occ5_scene0013,8,14,4,3,1,28.0,93.0,1,tomato_soup_can,tomato_soup_can
occ5_scene0013,8,13,1,1,0,79.9,79.9,0,tomato_soup_can,potted_meat_can
occ5_scene0013,5,13,2,1,1,8.0,69.5,1,potted_meat_can,potted_meat_can
occ5_scene0013,1,11,4,3,1,36.4,56.9,0,cups,cups
occ5_scene0013,11,14,11,6,5,1.1,41.9,0,cups,tomato_soup_can
occ5_scene0013,1,14,6,4,2,5.1,87.5,0,cups,tomato_soup_can
occ5_scene0013,2,8,1,1,0,107.6,107.6,0,potted_meat_can,tomato_soup_can
occ5_scene0013,2,14,2,1,1,36.0,76.1,0,potted_meat_can,tomato_soup_can
occ5_scene0013,7,8,1,1,0,98.2,98.2,0,gelatin_box,tomato_soup_can
occ5_scene0013,8,15,1,1,0,59.0,59.0,0,tomato_soup_can,gelatin_box
occ5_scene0013,7,14,1,1,0,108.3,108.3,0,gelatin_box,tomato_soup_can
occ5_scene0013,13,14,4,1,3,2.7,20.0,0,potted_meat_can,tomato_soup_can
occ5_scene0013,7,9,1,1,0,80.2,80.2,0,gelatin_box,potted_meat_can
occ5_scene0013,9,13,3,2,1,10.7,44.2,1,potted_meat_can,potted_meat_can
occ5_scene0013,9,14,4,4,0,54.3,144.8,0,potted_meat_can,tomato_soup_can
occ5_scene0013,6,14,4,4,0,72.2,78.6,0,gelatin_box,tomato_soup_can
occ5_scene0013,1,6,1,1,0,137.6,137.6,0,cups,gelatin_box
occ5_scene0013,6,9,1,0,1,1.9,1.9,0,gelatin_box,potted_meat_can
occ5_scene0013,6,11,3,3,0,113.5,136.2,0,gelatin_box,cups
occ5_scene0013,1,2,1,1,0,320.4,320.4,0,cups,potted_meat_can
occ5_scene0013,2,6,1,1,0,57.3,57.3,0,potted_meat_can,gelatin_box
occ5_scene0013,2,9,1,1,0,289.5,289.5,1,potted_meat_can,potted_meat_can
occ5_scene0013,11,13,1,0,1,20.8,20.8,0,cups,potted_meat_can
occ5_scene0014,8,15,1,1,0,42.6,42.6,0,rubiks_cube,peach
occ5_scene0014,15,21,1,1,0,42.6,42.6,0,peach,rubiks_cube
occ5_scene0014,15,20,1,0,1,32.7,32.7,0,peach,rubiks_cube
occ5_scene0014,2,15,6,4,2,10.3,66.1,0,softball,peach
occ5_scene0014,20,22,1,0,1,15.0,15.0,1,rubiks_cube,rubiks_cube
occ5_scene0015,3,11,4,3,1,22.9,111.8,0,gelatin_box,bleach_cleanser
occ5_scene0015,11,14,10,5,5,0.9,120.9,1,bleach_cleanser,bleach_cleanser
occ5_scene0015,3,4,1,1,0,167.2,167.2,0,gelatin_box,cups
occ5_scene0015,15,16,5,0,5,1.9,3.9,1,bleach_cleanser,bleach_cleanser
occ5_scene0015,3,16,2,2,0,84.4,97.0,0,gelatin_box,bleach_cleanser
occ5_scene0015,3,13,1,1,0,167.4,167.4,0,gelatin_box,cups
occ5_scene0015,3,17,12,1,11,0.6,16.1,0,gelatin_box,large_marker
occ5_scene0015,14,17,11,6,5,0.7,42.9,0,bleach_cleanser,large_marker
occ5_scene0015,3,5,6,3,3,5.7,39.6,1,gelatin_box,gelatin_box
occ5_scene0015,5,15,7,6,1,3.9,301.2,0,gelatin_box,bleach_cleanser
occ5_scene0015,5,14,9,6,3,3.1,222.0,0,gelatin_box,bleach_cleanser
occ5_scene0015,3,21,1,1,0,106.2,106.2,0,gelatin_box,bleach_cleanser
occ5_scene0015,4,11,1,1,0,137.4,137.4,0,cups,bleach_cleanser
occ5_scene0015,11,13,3,3,0,137.6,164.1,0,bleach_cleanser,cups
occ5_scene0015,4,5,1,1,0,486.5,486.5,0,cups,gelatin_box
occ5_scene0015,4,15,1,1,0,203.1,203.1,0,cups,bleach_cleanser
occ5_scene0015,4,14,1,1,0,211.3,211.3,0,cups,bleach_cleanser
occ5_scene0015,14,15,7,5,2,0.5,187.7,1,bleach_cleanser,bleach_cleanser
occ5_scene0015,11,22,1,1,0,167.7,167.7,0,bleach_cleanser,cups
occ5_scene0015,5,17,3,1,2,5.0,25.3,0,gelatin_box,large_marker
occ5_scene0015,5,11,1,1,0,232.9,232.9,0,gelatin_box,bleach_cleanser
occ5_scene0015,5,10,1,1,0,232.7,232.7,0,gelatin_box,bleach_cleanser
occ5_scene0015,3,10,1,1,0,124.6,124.6,0,gelatin_box,bleach_cleanser
occ5_scene0015,10,14,1,1,0,40.3,40.3,1,bleach_cleanser,bleach_cleanser
occ5_scene0015,17,18,1,0,1,4.1,4.1,0,large_marker,pudding_box
occ5_scene0015,11,19,2,2,0,193.5,197.4,0,bleach_cleanser,pudding_box
occ5_scene0015,11,18,1,1,0,172.8,172.8,0,bleach_cleanser,pudding_box
occ5_scene0015,16,19,1,1,0,183.8,183.8,0,bleach_cleanser,pudding_box
occ5_scene0015,15,19,1,1,0,222.0,222.0,0,bleach_cleanser,pudding_box
occ5_scene0015,13,15,2,2,0,206.4,266.6,0,cups,bleach_cleanser
occ5_scene0015,13,14,2,2,0,237.9,245.7,0,cups,bleach_cleanser
occ5_scene0015,14,16,1,1,0,196.4,196.4,1,bleach_cleanser,bleach_cleanser
occ5_scene0015,11,15,1,1,0,194.0,194.0,1,bleach_cleanser,bleach_cleanser
occ5_scene0015,16,21,1,0,1,0.9,0.9,1,bleach_cleanser,bleach_cleanser
occ5_scene0017,3,6,2,2,0,44.4,50.0,0,gelatin_box,rubiks_cube
occ5_scene0017,3,10,4,4,0,43.5,62.4,0,gelatin_box,rubiks_cube
occ5_scene0017,3,8,1,1,0,92.9,92.9,0,gelatin_box,pear
occ5_scene0017,9,10,1,0,1,26.1,26.1,1,rubiks_cube,rubiks_cube
occ5_scene0017,3,15,1,1,0,85.6,85.6,0,gelatin_box,rubiks_cube
occ5_scene0017,2,15,1,1,0,91.2,91.2,0,gelatin_box,rubiks_cube
occ5_scene0017,3,16,1,1,0,80.8,80.8,0,gelatin_box,rubiks_cube
occ5_scene0017,2,16,1,1,0,95.0,95.0,0,gelatin_box,rubiks_cube
occ5_scene0017,9,16,1,0,1,3.0,3.0,1,rubiks_cube,rubiks_cube
occ5_scene0017,8,11,2,2,0,64.7,80.0,0,pear,cups
occ5_scene0017,2,6,2,2,0,84.5,84.8,0,gelatin_box,rubiks_cube
occ5_scene0017,10,15,2,0,2,5.7,5.7,1,rubiks_cube,rubiks_cube
occ5_scene0017,2,10,1,1,0,73.1,73.1,0,gelatin_box,rubiks_cube
occ5_scene0017,10,14,3,2,1,12.5,48.6,0,rubiks_cube,fork
occ5_scene0017,10,11,2,1,1,31.2,58.8,0,rubiks_cube,cups
occ5_scene0017,14,15,1,0,1,3.7,3.7,0,fork,rubiks_cube
occ5_scene0018,14,19,2,1,1,34.5,41.1,0,bleach_cleanser,strawberry
occ5_scene0018,14,18,2,1,1,26.2,61.8,0,bleach_cleanser,cups
occ5_scene0018,21,22,7,1,6,0.6,6.7,1,bleach_cleanser,bleach_cleanser
occ5_scene0018,7,20,1,1,0,133.1,133.1,0,cups,pear
occ5_scene0018,18,20,1,1,0,133.6,133.6,0,cups,pear
occ5_scene0018,14,22,1,1,0,99.6,99.6,1,bleach_cleanser,bleach_cleanser
occ5_scene0018,3,21,1,0,1,0.8,0.8,1,bleach_cleanser,bleach_cleanser
occ5_scene0018,3,19,1,1,0,42.5,42.5,0,bleach_cleanser,strawberry
occ5_scene0018,16,21,2,0,2,7.2,11.7,1,bleach_cleanser,bleach_cleanser
occ5_scene0018,19,21,1,1,0,151.1,151.1,0,strawberry,bleach_cleanser
occ5_scene0019,1,13,1,1,0,139.5,139.5,0,tomato_soup_can,pear
occ5_scene0020,10,18,2,2,0,118.4,128.2,0,cups,pudding_box
occ5_scene0020,11,18,1,1,0,133.1,133.1,0,mug,pudding_box
occ5_scene0020,1,18,1,1,0,96.9,96.9,0,cups,pudding_box
stack3_scene0002,1,12,1,1,0,83.8,83.8,1,potted_meat_can,potted_meat_can
stack3_scene0002,9,12,4,1,3,5.9,6.9,1,potted_meat_can,potted_meat_can
stack3_scene0002,1,9,1,0,1,10.6,10.6,1,potted_meat_can,potted_meat_can
stack3_scene0002,3,9,1,1,0,108.0,108.0,0,gelatin_box,potted_meat_can
stack3_scene0003,6,7,4,1,3,19.1,28.3,0,potted_meat_can,tennis_ball
stack3_scene0003,6,10,4,0,4,2.2,4.4,1,potted_meat_can,potted_meat_can
stack3_scene0003,1,6,1,0,1,11.5,11.5,1,potted_meat_can,potted_meat_can
stack3_scene0003,3,5,1,0,1,23.4,23.4,0,potted_meat_can,tennis_ball
stack3_scene0003,3,7,1,0,1,18.1,18.1,0,potted_meat_can,tennis_ball
stack3_scene0003,5,6,1,0,1,22.8,22.8,0,tennis_ball,potted_meat_can
stack3_scene0004,1,2,2,0,2,6.1,7.8,1,sugar_box,sugar_box
stack3_scene0004,1,11,2,0,2,1.9,6.5,1,sugar_box,sugar_box
stack3_scene0005,4,11,10,2,8,0.7,25.2,0,gelatin_box,foam_brick
stack3_scene0005,4,8,1,0,1,29.1,29.1,0,gelatin_box,foam_brick
stack3_scene0005,5,11,1,1,0,46.7,46.7,0,gelatin_box,foam_brick
stack3_scene0006,6,10,3,3,0,121.8,163.3,0,tomato_soup_can,bleach_cleanser
stack3_scene0006,3,10,1,1,0,163.7,163.7,0,tomato_soup_can,bleach_cleanser
stack3_scene0006,4,6,1,1,0,175.8,175.8,0,bleach_cleanser,tomato_soup_can
stack3_scene0006,3,4,1,1,0,176.1,176.1,0,tomato_soup_can,bleach_cleanser
stack3_scene0006,3,15,7,3,4,14.4,39.0,0,tomato_soup_can,tuna_fish_can
stack3_scene0006,4,9,1,0,1,9.0,9.0,1,bleach_cleanser,bleach_cleanser
stack3_scene0006,6,15,2,0,2,20.6,28.9,0,tomato_soup_can,tuna_fish_can
stack3_scene0006,6,13,5,4,1,0.1,179.2,0,tomato_soup_can,bleach_cleanser
stack3_scene0006,9,13,4,0,4,1.5,7.4,1,bleach_cleanser,bleach_cleanser
stack3_scene0006,6,9,1,1,0,189.2,189.2,0,tomato_soup_can,bleach_cleanser
stack3_scene0006,5,9,1,0,1,11.9,11.9,1,bleach_cleanser,bleach_cleanser
stack3_scene0006,2,4,1,0,1,0.4,0.4,1,bleach_cleanser,bleach_cleanser
stack3_scene0007,15,21,1,0,1,23.9,23.9,0,cups,cracker_box
stack3_scene0007,11,22,5,5,0,49.8,174.3,1,cracker_box,cracker_box
stack3_scene0007,5,11,1,0,1,11.8,11.8,1,cracker_box,cracker_box
stack3_scene0007,4,16,1,0,1,2.6,2.6,0,cups,cracker_box
stack3_scene0007,4,11,1,0,1,13.8,13.8,0,cups,cracker_box
stack3_scene0007,16,24,1,0,1,3.1,3.1,1,cracker_box,cracker_box
stack3_scene0007,11,24,2,0,2,2.3,8.3,1,cracker_box,cracker_box
stack3_scene0007,14,21,4,4,0,72.0,193.1,0,cups,cracker_box
stack3_scene0007,14,20,1,0,1,3.5,3.5,1,cups,cups
stack3_scene0007,11,16,1,0,1,0.6,0.6,1,cracker_box,cracker_box
stack3_scene0007,4,21,2,2,0,55.4,128.7,0,cups,cracker_box
stack3_scene0008,9,15,3,2,1,2.1,561.6,1,cups,cups
stack3_scene0009,5,7,1,0,1,5.3,5.3,1,potted_meat_can,potted_meat_can
stack3_scene0009,5,6,2,0,2,4.5,5.3,1,potted_meat_can,potted_meat_can
stack3_scene0009,5,10,1,1,0,44.3,44.3,1,potted_meat_can,potted_meat_can
stack3_scene0010,10,16,5,5,0,136.2,178.4,1,cracker_box,cracker_box
stack3_scene0010,9,16,1,0,1,17.0,17.0,1,cracker_box,cracker_box
stack3_scene0010,4,20,1,1,0,113.3,113.3,1,master_chef_can,master_chef_can
stack3_scene0010,20,21,1,0,1,18.9,18.9,1,master_chef_can,master_chef_can
stack3_scene0010,14,20,1,0,1,5.3,5.3,1,master_chef_can,master_chef_can
stack3_scene0010,3,6,2,2,0,128.7,135.5,0,master_chef_can,cracker_box
stack3_scene0010,6,20,2,2,0,131.7,145.8,0,cracker_box,master_chef_can
stack3_scene0010,20,22,5,0,5,8.4,11.3,1,master_chef_can,master_chef_can
stack3_scene0011,1,5,6,5,1,6.2,55.0,0,tomato_soup_can,flat_screwdriver
stack3_scene0011,5,12,9,6,3,14.8,78.9,0,flat_screwdriver,tomato_soup_can
stack3_scene0011,5,10,4,2,2,6.6,28.2,1,flat_screwdriver,flat_screwdriver
stack3_scene0011,10,12,1,0,1,18.3,18.3,0,flat_screwdriver,tomato_soup_can
stack3_scene0011,2,5,2,2,0,52.4,108.7,1,flat_screwdriver,flat_screwdriver
stack3_scene0013,4,11,10,2,8,14.0,26.2,0,foam_brick,sponge
stack3_scene0013,7,11,3,0,3,5.8,23.5,0,foam_brick,sponge
stack3_scene0013,1,6,1,1,0,90.3,90.3,0,foam_brick,phillips_screwdriver
stack3_scene0013,4,6,2,2,0,51.6,52.9,0,foam_brick,phillips_screwdriver
stack3_scene0013,6,11,1,1,0,44.8,44.8,0,phillips_screwdriver,sponge
stack3_scene0014,1,16,9,0,9,0.2,10.1,0,tomato_soup_can,master_chef_can
stack3_scene0014,9,16,2,0,2,7.9,11.3,1,master_chef_can,master_chef_can
stack3_scene0014,11,16,2,1,1,4.0,56.6,0,orange,master_chef_can
stack3_scene0014,1,3,2,0,2,8.2,19.9,1,tomato_soup_can,tomato_soup_can
stack3_scene0014,3,16,3,2,1,8.2,48.6,0,tomato_soup_can,master_chef_can
stack3_scene0014,15,16,5,4,1,39.7,84.8,0,tomato_soup_can,master_chef_can
stack3_scene0014,1,15,3,3,0,42.3,61.4,1,tomato_soup_can,tomato_soup_can
stack3_scene0014,3,15,1,1,0,150.2,150.2,1,tomato_soup_can,tomato_soup_can
stack3_scene0014,3,11,1,1,0,230.6,230.6,0,tomato_soup_can,orange
stack3_scene0014,11,15,1,1,0,202.9,202.9,0,orange,tomato_soup_can
stack3_scene0015,4,8,10,2,8,1.2,27.1,0,gelatin_box,foam_brick
stack3_scene0015,2,3,2,2,0,324.6,341.2,0,adjustable_wrench,foam_brick
stack3_scene0015,2,7,3,3,0,58.5,324.3,0,adjustable_wrench,foam_brick
stack3_scene0015,4,5,1,0,1,26.8,26.8,0,gelatin_box,foam_brick
stack3_scene0015,5,12,1,0,1,4.3,4.3,1,foam_brick,foam_brick
stack3_scene0015,4,12,1,0,1,17.7,17.7,0,gelatin_box,foam_brick
stack3_scene0015,2,10,1,0,1,1.9,1.9,1,adjustable_wrench,adjustable_wrench
stack3_scene0015,3,8,1,0,1,6.4,6.4,1,foam_brick,foam_brick
stack3_scene0016,6,13,9,4,5,11.5,37.2,0,tomato_soup_can,tuna_fish_can
stack3_scene0016,3,7,1,1,0,183.2,183.2,0,tomato_soup_can,pudding_box
stack3_scene0016,6,7,1,1,0,184.3,184.3,0,tomato_soup_can,pudding_box
stack3_scene0017,5,11,5,2,3,26.7,32.8,1,master_chef_can,master_chef_can
stack3_scene0017,2,5,1,1,0,60.8,60.8,0,baseball,master_chef_can
stack3_scene0017,3,5,1,0,1,27.9,27.9,0,tomato_soup_can,master_chef_can
stack3_scene0017,1,11,9,0,9,1.1,6.8,0,tomato_soup_can,master_chef_can
stack3_scene0017,2,11,2,2,0,62.4,81.3,0,baseball,master_chef_can
stack3_scene0017,11,14,6,4,2,20.5,78.5,0,master_chef_can,tomato_soup_can
stack3_scene0017,2,14,2,2,0,49.9,125.8,0,baseball,tomato_soup_can
stack3_scene0017,1,5,4,0,4,9.2,18.1,0,tomato_soup_can,master_chef_can
stack3_scene0017,4,5,2,0,2,25.0,27.7,0,tomato_soup_can,master_chef_can
stack3_scene0017,4,11,3,1,2,24.8,30.3,0,tomato_soup_can,master_chef_can
stack3_scene0017,4,14,2,2,0,93.0,110.2,1,tomato_soup_can,tomato_soup_can
stack3_scene0017,5,14,3,3,0,70.3,100.6,0,master_chef_can,tomato_soup_can
stack3_scene0017,1,14,3,3,0,41.3,41.5,1,tomato_soup_can,tomato_soup_can
stack3_scene0018,2,7,2,0,2,5.2,7.1,1,sugar_box,sugar_box
stack3_scene0018,2,12,6,0,6,0.6,10.6,1,sugar_box,sugar_box
stack3_scene0018,7,12,1,1,0,41.2,41.2,1,sugar_box,sugar_box
stack3_scene0019,8,9,6,0,6,0.6,6.5,0,wood_block,foam_brick
stack3_scene0019,8,13,3,3,0,94.4,140.6,0,wood_block,mug
stack3_scene0019,5,9,3,0,3,26.0,27.2,0,wood_block,foam_brick
stack3_scene0019,6,9,2,0,2,3.2,3.6,0,wood_block,foam_brick
stack3_scene0019,3,4,1,1,0,64.1,64.1,1,wood_block,wood_block
stack3_scene0019,1,4,1,0,1,13.1,13.1,1,wood_block,wood_block
stack3_scene0019,4,10,5,1,4,12.8,33.2,0,wood_block,foam_brick
stack3_scene0019,1,2,2,2,0,71.2,147.7,0,wood_block,mug
stack3_scene0019,1,13,1,1,0,223.7,223.7,0,wood_block,mug
stack3_scene0019,2,10,2,2,0,70.7,147.5,0,mug,foam_brick
stack3_scene0019,10,13,1,1,0,223.7,223.7,0,foam_brick,mug
stack3_scene0019,2,8,1,1,0,47.8,47.8,0,mug,wood_block
stack3_scene0019,2,13,1,1,0,203.3,203.3,1,mug,mug
stack3_scene0019,1,8,1,0,1,4.0,4.0,1,wood_block,wood_block
stack3_scene0019,8,10,2,1,1,5.2,47.2,0,wood_block,foam_brick
stack3_scene0019,1,12,2,0,2,5.7,6.5,0,wood_block,foam_brick
stack3_scene0019,1,10,1,0,1,8.8,8.8,0,wood_block,foam_brick
stack3_scene0019,12,13,4,2,2,0.8,53.6,0,foam_brick,mug
stack3_scene0019,10,12,4,3,1,19.2,84.5,1,foam_brick,foam_brick
stack3_scene0019,4,12,1,0,1,1.5,1.5,0,wood_block,foam_brick
stack3_scene0019,1,3,1,0,1,18.6,18.6,1,wood_block,wood_block
stack3_scene0019,3,10,1,0,1,4.3,4.3,0,wood_block,foam_brick
stack3_scene0020,7,11,3,0,3,8.5,9.0,1,tuna_fish_can,tuna_fish_can
stack3_scene0020,4,6,2,0,2,5.1,6.8,1,cups,cups
stack3_scene0020,6,10,1,0,1,8.6,8.6,1,cups,cups
stack4_scene0001,4,6,7,3,4,12.7,31.6,0,racquetball,wood_block
stack4_scene0001,5,6,1,1,0,85.8,85.8,1,wood_block,wood_block
stack4_scene0001,4,5,2,2,0,109.9,130.2,0,racquetball,wood_block
stack4_scene0001,4,10,1,1,0,235.8,235.8,0,racquetball,cups
stack4_scene0001,2,4,3,3,0,75.8,105.1,0,cups,racquetball
stack4_scene0001,6,10,1,1,0,202.7,202.7,0,wood_block,cups
stack4_scene0001,4,7,7,2,5,1.6,19.0,0,racquetball,wood_block
stack4_scene0001,5,12,1,0,1,3.6,3.6,1,wood_block,wood_block
stack4_scene0001,4,12,1,0,1,15.5,15.5,0,racquetball,wood_block
stack4_scene0001,5,7,2,1,1,37.4,39.6,1,wood_block,wood_block
stack4_scene0001,2,13,1,1,0,57.1,57.1,0,cups,wood_block
stack4_scene0001,4,13,1,0,1,8.2,8.2,0,racquetball,wood_block
stack4_scene0001,2,7,2,2,0,51.8,52.5,0,cups,wood_block
stack4_scene0001,2,8,1,1,0,150.3,150.3,0,cups,wood_block
stack4_scene0001,4,8,1,0,1,6.9,6.9,0,racquetball,wood_block
stack4_scene0001,7,11,1,0,1,20.2,20.2,0,wood_block,racquetball
stack4_scene0001,7,9,1,0,1,11.2,11.2,1,wood_block,wood_block
stack4_scene0001,2,9,1,1,0,73.9,73.9,0,cups,wood_block
stack4_scene0002,1,4,9,4,5,8.5,38.4,0,tomato_soup_can,tuna_fish_can
stack4_scene0002,4,10,1,1,0,40.4,40.4,0,tuna_fish_can,tomato_soup_can
stack4_scene0002,11,12,1,1,0,264.2,264.2,0,tomato_soup_can,knife
stack4_scene0002,9,11,1,1,0,264.6,264.6,0,knife,tomato_soup_can
stack4_scene0003,2,5,8,2,6,5.8,18.6,0,pudding_box,master_chef_can
stack4_scene0003,4,5,2,0,2,12.1,12.7,1,master_chef_can,master_chef_can
stack4_scene0003,2,17,4,2,2,24.1,48.7,0,pudding_box,master_chef_can
stack4_scene0003,7,17,4,4,0,64.4,123.9,0,apple,master_chef_can
stack4_scene0003,5,7,4,4,0,53.6,114.7,0,master_chef_can,apple
stack4_scene0003,5,13,1,0,1,28.9,28.9,0,master_chef_can,pudding_box
stack4_scene0003,3,7,3,1,2,25.6,31.1,1,apple,apple
stack4_scene0003,3,18,1,1,0,189.3,189.3,0,apple,master_chef_can
stack4_scene0003,2,18,1,1,0,76.2,76.2,0,pudding_box,master_chef_can
stack4_scene0003,3,17,1,1,0,185.4,185.4,0,apple,master_chef_can
stack4_scene0003,3,5,1,1,0,185.1,185.1,0,apple,master_chef_can
stack4_scene0003,5,17,1,1,0,105.2,105.2,1,master_chef_can,master_chef_can
stack4_scene0003,5,14,1,1,0,40.0,40.0,1,master_chef_can,master_chef_can
stack4_scene0003,7,19,1,1,0,95.2,95.2,1,apple,apple
stack4_scene0004,15,25,5,1,4,2.3,4.6,1,bleach_cleanser,bleach_cleanser
stack4_scene0004,9,22,1,0,1,32.7,32.7,0,wood_block,rubiks_cube
stack4_scene0004,15,18,3,1,2,7.6,9.3,1,bleach_cleanser,bleach_cleanser
stack4_scene0004,9,23,2,0,2,4.6,5.4,1,wood_block,wood_block
stack4_scene0004,23,25,1,0,1,6.0,6.0,0,wood_block,bleach_cleanser
stack4_scene0004,9,25,4,4,0,74.7,171.0,0,wood_block,bleach_cleanser
stack4_scene0004,22,25,4,1,3,8.3,15.3,0,rubiks_cube,bleach_cleanser
stack4_scene0004,6,9,1,0,1,11.0,11.0,1,wood_block,wood_block
stack4_scene0004,9,13,1,1,0,99.1,99.1,0,wood_block,bleach_cleanser
stack4_scene0004,13,25,1,0,1,26.5,26.5,1,bleach_cleanser,bleach_cleanser
stack4_scene0004,18,23,1,1,0,74.7,74.7,0,bleach_cleanser,wood_block
stack4_scene0004,9,15,2,1,1,12.0,80.8,0,wood_block,bleach_cleanser
stack4_scene0004,16,22,2,1,1,20.4,32.4,1,rubiks_cube,rubiks_cube
stack4_scene0004,10,23,1,1,0,129.0,129.0,1,wood_block,wood_block
stack4_scene0004,10,15,1,0,1,27.2,27.2,0,wood_block,bleach_cleanser
stack4_scene0004,10,25,2,1,1,8.0,25.6,0,wood_block,bleach_cleanser
stack4_scene0004,10,22,1,1,0,91.4,91.4,0,wood_block,rubiks_cube
stack4_scene0004,15,22,1,0,1,4.7,4.7,0,bleach_cleanser,rubiks_cube
stack4_scene0005,7,8,1,0,1,13.3,13.3,1,cups,cups
stack4_scene0006,3,19,1,1,0,177.0,177.0,0,cups,tomato_soup_can
stack4_scene0006,19,21,6,1,5,16.4,27.2,0,tomato_soup_can,gelatin_box
stack4_scene0006,16,19,1,1,0,177.4,177.4,0,cups,tomato_soup_can
stack4_scene0006,19,20,2,0,2,16.9,17.7,0,tomato_soup_can,gelatin_box
stack4_scene0006,13,16,1,1,0,68.3,68.3,1,cups,cups
stack4_scene0006,15,21,1,0,1,27.4,27.4,0,tomato_soup_can,gelatin_box
stack4_scene0007,11,16,5,0,5,17.6,27.8,0,sugar_box,sponge
stack4_scene0007,3,17,4,0,4,4.7,8.6,1,sugar_box,sugar_box
stack4_scene0007,16,17,6,1,5,3.5,17.5,0,sponge,sugar_box
stack4_scene0007,1,16,7,0,7,1.1,22.1,0,sugar_box,sponge
stack4_scene0007,6,11,1,1,0,204.8,204.8,0,tomato_soup_can,sugar_box
stack4_scene0007,3,6,1,1,0,202.8,202.8,0,sugar_box,tomato_soup_can
stack4_scene0007,2,16,1,0,1,3.2,3.2,0,sugar_box,sponge
stack4_scene0007,16,19,2,0,2,0.1,5.6,0,sponge,sugar_box
stack4_scene0007,10,16,1,0,1,24.4,24.4,0,sugar_box,sponge
stack4_scene0007,1,3,1,0,1,12.3,12.3,1,sugar_box,sugar_box
stack4_scene0007,11,22,1,1,0,275.7,275.7,0,sugar_box,lemon
stack4_scene0007,3,22,1,1,0,261.7,261.7,0,sugar_box,lemon
stack4_scene0007,3,16,1,1,0,46.9,46.9,0,sugar_box,sponge
stack4_scene0007,3,4,1,0,1,0.6,0.6,1,sugar_box,sugar_box
stack4_scene0007,4,5,1,1,0,52.5,52.5,0,sugar_box,sponge
stack4_scene0007,1,4,1,0,1,17.7,17.7,1,sugar_box,sugar_box
stack4_scene0007,1,5,1,1,0,45.7,45.7,0,sugar_box,sponge
stack4_scene0007,4,16,2,1,1,0.1,57.7,0,sugar_box,sponge
stack4_scene0007,13,16,1,1,0,76.5,76.5,0,sugar_box,sponge
stack4_scene0008,3,8,2,2,0,215.0,216.2,0,master_chef_can,orange
stack4_scene0008,7,9,3,0,3,3.5,14.3,1,master_chef_can,master_chef_can
stack4_scene0008,8,9,2,2,0,208.7,213.9,0,orange,master_chef_can
stack4_scene0008,7,8,1,1,0,197.7,197.7,0,master_chef_can,orange
stack4_scene0008,3,9,7,4,3,7.2,60.4,1,master_chef_can,master_chef_can
stack4_scene0008,9,12,1,0,1,18.1,18.1,0,master_chef_can,cups
stack4_scene0009,11,17,9,1,8,9.8,18.3,0,pudding_box,master_chef_can
stack4_scene0009,3,4,1,1,0,154.2,154.2,0,mustard_bottle,master_chef_can
stack4_scene0009,3,17,1,1,0,125.1,125.1,0,mustard_bottle,master_chef_can
stack4_scene0009,3,8,1,1,0,155.0,155.0,0,mustard_bottle,master_chef_can
stack4_scene0009,3,11,4,3,1,26.8,85.3,0,mustard_bottle,pudding_box
stack4_scene0009,4,16,2,2,0,145.0,146.9,0,master_chef_can,mustard_bottle
stack4_scene0009,16,17,3,3,0,143.5,151.2,0,mustard_bottle,master_chef_can
stack4_scene0009,8,16,1,1,0,147.4,147.4,0,master_chef_can,mustard_bottle
stack4_scene0009,11,16,3,3,0,128.5,147.6,0,pudding_box,mustard_bottle
stack4_scene0009,4,17,1,1,0,295.5,295.5,1,master_chef_can,master_chef_can
stack4_scene0009,9,17,1,1,0,52.7,52.7,1,master_chef_can,master_chef_can
stack4_scene0009,15,16,1,1,0,106.8,106.8,0,master_chef_can,mustard_bottle
stack4_scene0009,15,17,1,1,0,153.7,153.7,1,master_chef_can,master_chef_can
stack4_scene0009,3,19,1,1,0,201.9,201.9,1,mustard_bottle,mustard_bottle
stack4_scene0009,10,17,7,1,6,8.7,16.8,1,master_chef_can,master_chef_can
stack4_scene0009,4,11,5,4,1,27.1,55.7,0,master_chef_can,pudding_box
stack4_scene0009,5,12,1,0,1,1.8,1.8,1,knife,knife
stack4_scene0009,12,19,1,0,1,2.7,2.7,0,knife,mustard_bottle
stack4_scene0009,10,13,1,1,0,117.9,117.9,0,master_chef_can,pudding_box
stack4_scene0009,12,16,1,1,0,132.2,132.2,0,knife,mustard_bottle
stack4_scene0009,3,12,1,1,0,118.5,118.5,0,mustard_bottle,knife
stack4_scene0009,3,16,2,0,2,6.2,14.3,1,mustard_bottle,mustard_bottle
stack4_scene0009,5,16,1,0,1,6.2,6.2,0,knife,mustard_bottle
stack4_scene0009,5,10,1,1,0,86.7,86.7,0,knife,master_chef_can
stack4_scene0009,10,14,1,1,0,100.2,100.2,1,master_chef_can,master_chef_can
stack4_scene0009,3,5,1,1,0,1454.9,1454.9,0,mustard_bottle,knife
stack4_scene0010,14,18,5,2,3,3.0,29.2,0,tuna_fish_can,master_chef_can
stack4_scene0010,3,18,3,0,3,4.5,4.5,1,master_chef_can,master_chef_can
stack4_scene0010,3,15,1,1,0,136.5,136.5,0,master_chef_can,lemon
stack4_scene0010,11,18,1,0,1,7.0,7.0,1,master_chef_can,master_chef_can
stack4_scene0010,15,18,1,1,0,149.9,149.9,0,lemon,master_chef_can
stack4_scene0010,14,15,2,2,0,148.7,149.0,0,tuna_fish_can,lemon
stack4_scene0011,10,15,8,0,8,0.8,3.9,0,master_chef_can,tomato_soup_can
stack4_scene0011,2,10,2,0,2,27.7,33.5,0,tomato_soup_can,master_chef_can
stack4_scene0011,2,15,1,0,1,32.3,32.3,1,tomato_soup_can,tomato_soup_can
stack4_scene0011,4,10,1,1,0,153.7,153.7,0,peach,master_chef_can
stack4_scene0011,2,3,1,0,1,27.8,27.8,0,tomato_soup_can,master_chef_can
stack4_scene0011,3,10,1,1,0,51.1,51.1,1,master_chef_can,master_chef_can
stack4_scene0011,3,15,2,0,2,19.2,23.3,0,master_chef_can,tomato_soup_can
stack4_scene0011,12,15,1,0,1,7.4,7.4,1,tomato_soup_can,tomato_soup_can
stack4_scene0011,3,6,1,0,1,17.0,17.0,0,master_chef_can,peach
stack4_scene0011,10,13,1,0,1,10.4,10.4,0,master_chef_can,tomato_soup_can
stack4_scene0011,12,13,1,0,1,3.2,3.2,1,tomato_soup_can,tomato_soup_can
stack4_scene0011,6,13,1,0,1,12.7,12.7,0,peach,tomato_soup_can
stack4_scene0011,3,12,1,1,0,55.1,55.1,0,master_chef_can,tomato_soup_can
stack4_scene0011,10,12,1,1,0,55.8,55.8,0,master_chef_can,tomato_soup_can
stack4_scene0012,8,13,2,2,0,446.3,515.6,1,tomato_soup_can,tomato_soup_can
stack4_scene0012,8,16,1,1,0,40.3,40.3,0,tomato_soup_can,banana
stack4_scene0012,3,18,6,1,5,17.4,25.2,0,gelatin_box,tomato_soup_can
stack4_scene0012,8,18,1,1,0,583.5,583.5,1,tomato_soup_can,tomato_soup_can
stack4_scene0012,5,18,3,1,2,28.1,35.0,0,spoon,tomato_soup_can
stack4_scene0012,5,13,4,4,0,104.9,113.1,0,spoon,tomato_soup_can
stack4_scene0012,13,16,1,1,0,188.2,188.2,0,tomato_soup_can,banana
stack4_scene0012,3,4,3,1,2,21.0,37.6,0,gelatin_box,tomato_soup_can
stack4_scene0012,4,16,2,2,0,161.8,176.8,0,tomato_soup_can,banana
stack4_scene0012,16,18,1,1,0,158.3,158.3,0,banana,tomato_soup_can
stack4_scene0012,5,9,2,1,1,20.9,116.4,0,spoon,tomato_soup_can
stack4_scene0012,3,13,2,1,1,36.8,46.9,0,gelatin_box,tomato_soup_can
stack4_scene0012,9,18,2,0,2,9.5,10.1,1,tomato_soup_can,tomato_soup_can
stack4_scene0012,13,18,1,1,0,92.6,92.6,1,tomato_soup_can,tomato_soup_can
stack4_scene0012,9,16,1,1,0,142.1,142.1,0,tomato_soup_can,banana
stack4_scene0012,3,9,1,1,0,79.6,79.6,0,gelatin_box,tomato_soup_can
stack4_scene0012,4,9,1,1,0,66.9,66.9,1,tomato_soup_can,tomato_soup_can
stack4_scene0012,5,12,1,0,1,22.5,22.5,1,spoon,spoon
stack4_scene0013,4,10,3,3,0,107.7,118.7,0,cups,cracker_box
stack4_scene0013,10,13,7,7,0,108.2,181.3,0,cracker_box,pear
stack4_scene0013,4,13,2,2,0,59.1,88.6,0,cups,pear
stack4_scene0013,4,19,2,1,1,25.1,43.6,0,cups,cracker_box
stack4_scene0013,11,13,2,2,0,90.7,97.9,0,cracker_box,pear
stack4_scene0013,11,19,4,3,1,12.5,145.2,1,cracker_box,cracker_box
stack4_scene0013,12,13,5,2,3,6.0,22.0,0,cups,pear
stack4_scene0013,3,11,1,0,1,7.6,7.6,1,cracker_box,cracker_box
stack4_scene0013,11,18,1,1,0,54.3,54.3,1,cracker_box,cracker_box
stack4_scene0013,15,19,1,0,1,28.4,28.4,1,cracker_box,cracker_box
stack4_scene0013,10,12,1,1,0,199.0,199.0,0,cracker_box,cups
stack4_scene0014,4,14,5,4,1,3.5,75.9,1,sugar_box,sugar_box
stack4_scene0014,1,2,2,0,2,10.8,14.0,1,sugar_box,sugar_box
stack4_scene0014,13,14,3,3,0,168.4,170.6,0,pitcher_base,sugar_box
stack4_scene0014,2,13,3,3,0,151.9,159.6,0,sugar_box,pitcher_base
stack4_scene0014,9,13,2,1,1,12.0,99.8,0,sugar_box,pitcher_base
stack4_scene0014,4,13,2,2,0,83.3,125.2,0,sugar_box,pitcher_base
stack4_scene0014,10,13,1,1,0,60.3,60.3,0,sugar_box,pitcher_base
stack4_scene0014,4,9,2,2,0,86.8,88.8,1,sugar_box,sugar_box
stack4_scene0014,6,13,2,1,1,2.3,84.8,0,sugar_box,pitcher_base
stack4_scene0014,1,13,1,0,1,31.0,31.0,0,sugar_box,pitcher_base
stack4_scene0014,6,9,2,2,0,62.3,76.6,1,sugar_box,sugar_box
stack4_scene0014,2,14,4,0,4,9.9,21.1,1,sugar_box,sugar_box
stack4_scene0014,9,14,1,1,0,80.2,80.2,1,sugar_box,sugar_box
stack4_scene0014,8,9,1,0,1,14.4,14.4,0,rubiks_cube,sugar_box
stack4_scene0014,1,14,1,0,1,38.1,38.1,1,sugar_box,sugar_box
stack4_scene0014,6,14,2,2,0,67.6,91.4,1,sugar_box,sugar_box
stack4_scene0014,4,8,1,1,0,161.3,161.3,0,sugar_box,rubiks_cube
stack4_scene0014,8,14,1,1,0,160.5,160.5,0,rubiks_cube,sugar_box
stack4_scene0014,2,8,1,1,0,170.9,170.9,0,sugar_box,rubiks_cube
stack4_scene0014,13,15,1,1,0,239.5,239.5,1,pitcher_base,pitcher_base
stack4_scene0014,14,15,1,1,0,103.3,103.3,0,sugar_box,pitcher_base
stack4_scene0014,2,15,1,0,1,15.2,15.2,0,sugar_box,pitcher_base
stack4_scene0014,1,15,1,1,0,77.2,77.2,0,sugar_box,pitcher_base
stack4_scene0014,8,15,1,1,0,200.7,200.7,0,rubiks_cube,pitcher_base
stack4_scene0014,2,10,1,0,1,22.4,22.4,1,sugar_box,sugar_box
stack4_scene0014,3,14,1,0,1,4.9,4.9,1,sugar_box,sugar_box
stack4_scene0015,3,10,5,5,0,113.4,193.3,0,pudding_box,tomato_soup_can
stack4_scene0015,2,10,2,1,1,27.0,125.2,1,tomato_soup_can,tomato_soup_can
stack4_scene0015,3,8,1,0,1,1.5,1.5,0,pudding_box,padlock
stack4_scene0015,8,12,1,0,1,0.1,0.1,1,padlock,padlock
stack4_scene0016,3,14,2,2,0,96.6,107.0,0,banana,sugar_box
stack4_scene0016,1,2,2,0,2,3.8,5.4,1,sugar_box,sugar_box
stack4_scene0016,1,11,1,0,1,1.7,1.7,1,sugar_box,sugar_box
stack4_scene0016,1,14,1,0,1,5.8,5.8,1,sugar_box,sugar_box
stack4_scene0016,5,14,2,2,0,170.8,193.0,0,cups,sugar_box
stack4_scene0016,1,5,2,2,0,162.7,168.7,0,sugar_box,cups
stack4_scene0016,14,17,1,1,0,212.1,212.1,1,sugar_box,sugar_box
stack4_scene0016,6,14,1,1,0,197.8,197.8,0,cups,sugar_box
stack4_scene0016,1,17,1,0,1,39.7,39.7,1,sugar_box,sugar_box
stack4_scene0016,1,6,1,1,0,150.6,150.6,0,sugar_box,cups
stack4_scene0017,11,22,2,0,2,34.5,34.6,0,foam_brick,master_chef_can
stack4_scene0017,11,13,11,0,11,0.9,9.4,0,foam_brick,master_chef_can
stack4_scene0017,9,16,9,8,1,30.5,68.8,1,cracker_box,cracker_box
stack4_scene0017,6,26,1,1,0,200.6,200.6,0,cracker_box,master_chef_can
stack4_scene0017,11,26,1,0,1,8.6,8.6,0,foam_brick,master_chef_can
stack4_scene0017,9,26,1,1,0,191.6,191.6,0,cracker_box,master_chef_can
stack4_scene0017,16,26,2,1,1,35.1,97.8,0,cracker_box,master_chef_can
stack4_scene0017,6,13,2,2,0,199.3,206.4,0,cracker_box,master_chef_can
stack4_scene0017,6,11,4,4,0,175.5,192.0,0,cracker_box,foam_brick
stack4_scene0017,6,9,1,1,0,1194.0,1194.0,1,cracker_box,cracker_box
stack4_scene0017,3,6,1,1,0,213.9,213.9,0,master_chef_can,cracker_box
stack4_scene0017,6,16,1,1,0,42.6,42.6,1,cracker_box,cracker_box
stack4_scene0017,9,13,1,1,0,208.1,208.1,0,cracker_box,master_chef_can
stack4_scene0017,9,11,1,1,0,179.2,179.2,0,cracker_box,foam_brick
stack4_scene0017,11,16,1,1,0,157.5,157.5,0,foam_brick,cracker_box
stack4_scene0017,6,22,3,3,0,185.5,224.5,0,cracker_box,master_chef_can
stack4_scene0017,6,10,1,0,1,26.4,26.4,1,cracker_box,cracker_box
stack4_scene0017,10,22,1,1,0,191.6,191.6,0,cracker_box,master_chef_can
stack4_scene0017,18,22,6,6,0,203.4,430.5,0,cracker_box,master_chef_can
stack4_scene0017,10,13,1,1,0,196.4,196.4,0,cracker_box,master_chef_can
stack4_scene0017,9,10,1,0,1,6.3,6.3,1,cracker_box,cracker_box
stack4_scene0017,9,18,6,5,1,1.6,81.3,1,cracker_box,cracker_box
stack4_scene0017,10,11,1,1,0,187.0,187.0,0,cracker_box,foam_brick
stack4_scene0017,11,18,6,4,2,9.1,209.2,0,foam_brick,cracker_box
stack4_scene0017,10,18,1,0,1,7.0,7.0,1,cracker_box,cracker_box
stack4_scene0017,13,22,1,1,0,52.6,52.6,1,master_chef_can,master_chef_can
stack4_scene0017,16,22,1,1,0,463.3,463.3,0,cracker_box,master_chef_can
stack4_scene0017,16,18,1,1,0,272.7,272.7,1,cracker_box,cracker_box
stack4_scene0017,6,18,3,3,0,70.5,95.8,1,cracker_box,cracker_box
stack4_scene0017,11,20,2,0,2,12.9,16.9,0,foam_brick,master_chef_can
stack4_scene0017,7,18,1,0,1,3.3,3.3,1,cracker_box,cracker_box
stack4_scene0017,13,14,1,1,0,41.9,41.9,0,master_chef_can,foam_brick
stack4_scene0017,13,18,1,1,0,589.6,589.6,0,master_chef_can,cracker_box
stack4_scene0017,25,26,1,0,1,16.4,16.4,0,cracker_box,master_chef_can
stack4_scene0017,18,21,1,1,0,81.3,81.3,0,cracker_box,golf_ball
stack4_scene0018,3,21,2,2,0,166.2,168.0,0,tomato_soup_can,cracker_box
stack4_scene0018,20,21,2,2,0,160.7,165.2,0,tomato_soup_can,cracker_box
stack4_scene0018,21,22,1,1,0,242.8,242.8,1,cracker_box,cracker_box
stack4_scene0018,9,21,2,1,1,10.8,169.7,1,cracker_box,cracker_box
stack4_scene0018,10,21,1,1,0,171.0,171.0,1,cracker_box,cracker_box
stack4_scene0018,3,22,2,2,0,175.5,184.8,0,tomato_soup_can,cracker_box
stack4_scene0018,3,7,1,0,1,18.7,18.7,0,tomato_soup_can,tuna_fish_can
stack4_scene0018,3,10,2,2,0,160.2,169.1,0,tomato_soup_can,cracker_box
stack4_scene0018,9,13,1,1,0,144.7,144.7,0,cracker_box,foam_brick
stack4_scene0018,20,22,2,2,0,175.3,181.8,0,tomato_soup_can,cracker_box
stack4_scene0018,7,20,8,4,4,10.8,41.8,0,tuna_fish_can,tomato_soup_can
stack4_scene0018,10,20,1,1,0,160.3,160.3,0,cracker_box,tomato_soup_can
stack4_scene0018,10,22,6,6,0,55.9,133.7,1,cracker_box,cracker_box
stack4_scene0018,2,9,1,1,0,132.7,132.7,1,cracker_box,cracker_box
stack4_scene0018,8,21,1,1,0,91.5,91.5,0,foam_brick,cracker_box
stack4_scene0018,3,8,4,3,1,19.2,335.8,0,tomato_soup_can,foam_brick
stack4_scene0018,8,22,1,0,1,21.9,21.9,0,foam_brick,cracker_box
stack4_scene0018,11,21,1,1,0,141.5,141.5,0,tomato_soup_can,cracker_box
stack4_scene0018,3,9,1,1,0,459.9,459.9,0,tomato_soup_can,cracker_box
stack4_scene0018,7,11,1,0,1,35.0,35.0,0,tuna_fish_can,tomato_soup_can
stack4_scene0018,7,9,1,1,0,467.0,467.0,0,tuna_fish_can,cracker_box
stack4_scene0018,9,22,2,2,0,118.3,450.2,1,cracker_box,cracker_box
stack4_scene0018,8,13,1,0,1,9.0,9.0,1,foam_brick,foam_brick
stack4_scene0018,2,15,1,0,1,4.7,4.7,1,cracker_box,cracker_box
stack4_scene0018,2,6,1,0,1,12.4,12.4,1,cracker_box,cracker_box
stack4_scene0018,2,10,1,1,0,492.0,492.0,1,cracker_box,cracker_box
stack4_scene0018,6,22,1,0,1,7.3,7.3,1,cracker_box,cracker_box
stack4_scene0019,9,11,2,2,0,91.7,119.8,1,wood_block,wood_block
stack4_scene0019,10,12,3,1,2,8.6,28.5,1,wood_block,wood_block
stack4_scene0019,2,12,1,1,0,55.5,55.5,1,wood_block,wood_block
stack4_scene0019,9,10,2,0,2,10.4,16.9,1,wood_block,wood_block
stack4_scene0019,2,9,1,1,0,220.5,220.5,1,wood_block,wood_block
stack4_scene0019,7,9,1,1,0,79.0,79.0,0,medium_clamp,wood_block
stack4_scene0020,1,14,2,0,2,0.1,0.8,0,potted_meat_can,golf_ball
stack4_scene0020,10,14,8,3,5,0.1,19.9,0,potted_meat_can,golf_ball
stack4_scene0020,2,10,2,2,0,109.8,131.4,0,cups,potted_meat_can
stack4_scene0020,10,12,4,4,0,111.1,134.8,0,potted_meat_can,cups
stack4_scene0020,13,14,5,3,2,19.3,55.0,0,potted_meat_can,golf_ball
stack4_scene0020,12,14,3,3,0,123.2,128.7,0,cups,golf_ball
stack4_scene0020,4,14,4,2,2,7.2,32.8,1,golf_ball,golf_ball
stack4_scene0020,2,14,1,1,0,127.7,127.7,0,cups,golf_ball
stack4_scene0020,4,13,2,0,2,24.0,27.9,0,golf_ball,potted_meat_can
stack4_scene0020,11,14,4,0,4,4.4,7.1,0,potted_meat_can,golf_ball
stack5_scene0001,15,23,2,2,0,56.8,92.2,0,cracker_box,master_chef_can
stack5_scene0001,15,24,1,0,1,12.1,12.1,1,cracker_box,cracker_box
stack5_scene0001,14,23,2,2,0,58.5,87.2,0,cracker_box,master_chef_can
stack5_scene0001,14,24,6,4,2,2.9,58.8,1,cracker_box,cracker_box
stack5_scene0001,4,25,1,1,0,46.5,46.5,0,master_chef_can,cracker_box
stack5_scene0001,4,24,1,0,1,12.3,12.3,0,master_chef_can,cracker_box
stack5_scene0001,23,24,1,1,0,111.0,111.0,0,master_chef_can,cracker_box
stack5_scene0001,13,14,2,0,2,1.0,1.1,1,cracker_box,cracker_box
stack5_scene0001,13,24,2,0,2,11.5,11.5,1,cracker_box,cracker_box
stack5_scene0001,15,19,1,1,0,271.6,271.6,0,cracker_box,flat_screwdriver
stack5_scene0001,15,32,1,1,0,157.7,157.7,0,cracker_box,apple
stack5_scene0001,4,19,2,2,0,251.0,253.7,0,master_chef_can,flat_screwdriver
stack5_scene0001,22,30,2,0,2,9.3,11.2,1,master_chef_can,master_chef_can
stack5_scene0001,19,22,1,1,0,262.2,262.2,0,flat_screwdriver,master_chef_can
stack5_scene0001,14,32,1,1,0,151.0,151.0,0,cracker_box,apple
stack5_scene0001,4,15,2,2,0,52.5,98.1,0,master_chef_can,cracker_box
stack5_scene0001,15,20,1,1,0,4283.8,4283.8,1,cracker_box,cracker_box
stack5_scene0001,4,14,1,0,1,24.6,24.6,0,master_chef_can,cracker_box
stack5_scene0001,4,20,1,1,0,205.7,205.7,0,master_chef_can,cracker_box
stack5_scene0001,20,30,1,0,1,19.3,19.3,0,cracker_box,master_chef_can
stack5_scene0001,14,26,1,1,0,57.3,57.3,1,cracker_box,cracker_box
stack5_scene0001,3,15,2,1,1,11.8,83.2,1,cracker_box,cracker_box
stack5_scene0001,15,22,2,2,0,153.0,157.5,0,cracker_box,master_chef_can
stack5_scene0001,3,14,1,1,0,127.1,127.1,1,cracker_box,cracker_box
stack5_scene0001,14,25,1,0,1,14.9,14.9,1,cracker_box,cracker_box
stack5_scene0001,8,19,2,0,2,3.0,7.1,1,flat_screwdriver,flat_screwdriver
stack5_scene0001,22,23,1,0,1,13.5,13.5,1,master_chef_can,master_chef_can
stack5_scene0001,3,4,5,4,1,15.2,177.6,0,cracker_box,master_chef_can
stack5_scene0001,22,29,6,0,6,3.9,17.9,1,master_chef_can,master_chef_can
stack5_scene0001,3,29,1,1,0,222.5,222.5,0,cracker_box,master_chef_can
stack5_scene0001,19,29,1,1,0,222.6,222.6,0,flat_screwdriver,master_chef_can
stack5_scene0001,14,20,1,0,1,2.6,2.6,1,cracker_box,cracker_box
stack5_scene0001,3,31,1,1,0,223.5,223.5,0,cracker_box,apple
stack5_scene0001,3,19,2,1,1,9.1,143.0,0,cracker_box,flat_screwdriver
stack5_scene0001,4,31,1,1,0,172.3,172.3,0,master_chef_can,apple
stack5_scene0001,15,31,1,1,0,182.1,182.1,0,cracker_box,apple
stack5_scene0001,3,22,1,1,0,79.7,79.7,0,cracker_box,master_chef_can
stack5_scene0001,2,5,1,1,0,192.4,192.4,0,cracker_box,apple
stack5_scene0001,2,31,1,1,0,192.3,192.3,0,cracker_box,apple
stack5_scene0001,2,20,1,1,0,100.6,100.6,1,cracker_box,cracker_box
stack5_scene0001,20,31,2,0,2,16.2,16.8,0,cracker_box,apple
stack5_scene0002,1,12,2,2,0,259.3,338.1,0,master_chef_can,bleach_cleanser
stack5_scene0002,11,12,5,1,4,1.6,23.9,1,bleach_cleanser,bleach_cleanser
stack5_scene0002,13,14,7,5,2,3.5,110.6,1,master_chef_can,master_chef_can
stack5_scene0002,11,14,7,2,5,5.4,15.3,0,bleach_cleanser,master_chef_can
stack5_scene0002,2,13,1,1,0,247.8,247.8,0,cups,master_chef_can
stack5_scene0002,11,13,12,2,10,1.4,19.2,0,bleach_cleanser,master_chef_can
stack5_scene0002,13,16,1,0,1,22.6,22.6,1,master_chef_can,master_chef_can
stack5_scene0002,11,15,6,3,3,6.4,52.6,1,bleach_cleanser,bleach_cleanser
stack5_scene0002,1,13,5,5,0,66.1,97.3,1,master_chef_can,master_chef_can
stack5_scene0002,8,13,1,0,1,30.6,30.6,0,cups,master_chef_can
stack5_scene0002,1,11,7,3,4,3.9,18.8,0,master_chef_can,bleach_cleanser
stack5_scene0002,13,15,2,2,0,174.6,175.1,0,master_chef_can,bleach_cleanser
stack5_scene0002,6,13,1,1,0,178.2,178.2,0,bleach_cleanser,master_chef_can
stack5_scene0002,17,18,2,0,2,0.5,0.6,1,fork,fork
stack5_scene0002,7,15,1,0,1,18.5,18.5,1,bleach_cleanser,bleach_cleanser
stack5_scene0002,7,12,1,0,1,11.6,11.6,1,bleach_cleanser,bleach_cleanser
stack5_scene0002,1,15,1,1,0,194.0,194.0,0,master_chef_can,bleach_cleanser
stack5_scene0002,1,14,1,1,0,71.8,71.8,1,master_chef_can,master_chef_can
stack5_scene0002,1,6,1,0,1,23.8,23.8,0,master_chef_can,bleach_cleanser
stack5_scene0002,6,12,1,0,1,1.6,1.6,1,bleach_cleanser,bleach_cleanser
stack5_scene0002,12,13,1,0,1,34.8,34.8,0,bleach_cleanser,master_chef_can
stack5_scene0004,2,13,8,0,8,0.3,8.8,1,sugar_box,sugar_box
stack5_scene0004,12,13,3,3,0,167.8,179.5,0,large_clamp,sugar_box
stack5_scene0004,1,2,2,0,2,2.8,5.0,1,sugar_box,sugar_box
stack5_scene0004,1,12,1,1,0,192.1,192.1,0,sugar_box,large_clamp
stack5_scene0004,3,12,3,3,0,164.2,172.7,0,sugar_box,large_clamp
stack5_scene0004,2,12,3,3,0,202.7,208.1,0,sugar_box,large_clamp
stack5_scene0004,3,9,1,1,0,56.0,56.0,0,sugar_box,apple
stack5_scene0004,2,11,1,1,0,174.0,174.0,0,sugar_box,large_clamp
stack5_scene0004,12,14,1,0,1,6.1,6.1,1,large_clamp,large_clamp
stack5_scene0005,8,11,8,0,8,2.9,20.6,0,pudding_box,tuna_fish_can
stack5_scene0005,10,11,2,2,0,133.6,139.1,0,cups,tuna_fish_can
stack5_scene0005,10,14,7,3,4,14.6,27.1,1,cups,cups
stack5_scene0005,15,17,4,0,4,1.1,6.4,1,rubiks_cube,rubiks_cube
stack5_scene0005,6,8,2,2,0,107.4,114.9,0,rubiks_cube,pudding_box
stack5_scene0005,8,15,2,2,0,104.6,108.8,0,pudding_box,rubiks_cube
stack5_scene0005,8,14,7,4,3,3.9,50.5,0,pudding_box,cups
stack5_scene0005,16,17,1,0,1,2.8,2.8,1,rubiks_cube,rubiks_cube
stack5_scene0005,8,12,1,0,1,6.5,6.5,0,pudding_box,tuna_fish_can
stack5_scene0005,10,12,1,1,0,140.5,140.5,0,cups,tuna_fish_can
stack5_scene0005,12,14,1,0,1,21.7,21.7,0,tuna_fish_can,cups
stack5_scene0005,8,13,4,0,4,22.7,24.8,0,pudding_box,tuna_fish_can
stack5_scene0005,11,13,4,1,3,6.0,18.5,1,tuna_fish_can,tuna_fish_can
stack5_scene0005,13,14,3,1,2,13.0,19.2,0,tuna_fish_can,cups
stack5_scene0005,15,16,1,0,1,2.2,2.2,1,rubiks_cube,rubiks_cube
stack5_scene0005,11,14,2,0,2,25.3,25.6,0,tuna_fish_can,cups
stack5_scene0005,7,11,1,0,1,23.1,23.1,0,pudding_box,tuna_fish_can
stack5_scene0005,7,13,1,0,1,20.1,20.1,0,pudding_box,tuna_fish_can
stack5_scene0005,13,15,2,1,1,21.7,51.2,0,tuna_fish_can,rubiks_cube
stack5_scene0006,1,2,3,0,3,3.5,7.1,1,sugar_box,sugar_box
stack5_scene0006,6,10,2,2,0,164.6,187.6,0,sugar_box,tennis_ball
stack5_scene0006,10,14,5,5,0,71.0,151.9,0,tennis_ball,sugar_box
stack5_scene0006,6,8,3,2,1,12.3,113.9,0,sugar_box,bowl
stack5_scene0006,8,14,1,1,0,115.9,115.9,0,bowl,sugar_box
stack5_scene0006,2,14,1,0,1,6.4,6.4,1,sugar_box,sugar_box
stack5_scene0006,6,14,1,1,0,40.6,40.6,1,sugar_box,sugar_box
stack5_scene0006,2,6,1,0,1,14.4,14.4,1,sugar_box,sugar_box
stack5_scene0006,2,10,2,2,0,173.5,174.9,0,sugar_box,tennis_ball
stack5_scene0006,15,16,1,0,1,2.2,2.2,1,extra_large_clamp,extra_large_clamp
stack5_scene0007,1,2,1,1,0,120.4,120.4,0,cups,sugar_box
stack5_scene0007,1,19,1,0,1,24.5,24.5,0,cups,tuna_fish_can
stack5_scene0007,8,9,3,0,3,11.3,13.7,1,sugar_box,sugar_box
stack5_scene0007,8,10,4,0,4,13.4,16.8,1,sugar_box,sugar_box
stack5_scene0007,7,19,2,0,2,2.6,5.2,1,tuna_fish_can,tuna_fish_can
stack5_scene0007,2,13,1,1,0,276.1,276.1,0,sugar_box,apple
stack5_scene0007,2,18,2,2,0,71.3,120.9,1,sugar_box,sugar_box
stack5_scene0007,4,13,1,1,0,260.6,260.6,0,sugar_box,apple
stack5_scene0007,4,18,2,2,0,43.7,93.8,1,sugar_box,sugar_box
stack5_scene0007,8,13,1,1,0,260.5,260.5,0,sugar_box,apple
stack5_scene0007,8,18,6,1,5,11.2,14.9,1,sugar_box,sugar_box
stack5_scene0007,13,16,3,2,1,4.6,60.3,0,apple,cups
stack5_scene0007,9,10,1,0,1,7.2,7.2,1,sugar_box,sugar_box
stack5_scene0007,4,19,1,1,0,225.3,225.3,0,sugar_box,tuna_fish_can
stack5_scene0007,8,19,1,1,0,211.2,211.2,0,sugar_box,tuna_fish_can
stack5_scene0007,18,19,2,1,1,2.0,21.0,0,sugar_box,tuna_fish_can
stack5_scene0007,10,18,1,0,1,0.2,0.2,1,sugar_box,sugar_box
stack5_scene0008,2,3,1,1,0,62.5,62.5,1,tomato_soup_can,tomato_soup_can
stack5_scene0008,2,14,3,1,2,10.7,13.0,0,tomato_soup_can,tuna_fish_can
stack5_scene0008,2,17,1,1,0,125.4,125.4,0,tomato_soup_can,cups
stack5_scene0008,2,16,2,2,0,145.3,187.2,1,tomato_soup_can,tomato_soup_can
stack5_scene0008,2,6,1,0,1,14.0,14.0,0,tomato_soup_can,potted_meat_can
stack5_scene0008,2,11,1,1,0,163.4,163.4,0,tomato_soup_can,potted_meat_can
stack5_scene0008,3,4,1,1,0,112.4,112.4,1,tomato_soup_can,tomato_soup_can
stack5_scene0008,4,14,8,1,7,11.7,19.6,0,tomato_soup_can,tuna_fish_can
stack5_scene0008,4,16,5,4,1,6.8,88.4,1,tomato_soup_can,tomato_soup_can
stack5_scene0008,4,6,1,0,1,14.3,14.3,0,tomato_soup_can,potted_meat_can
stack5_scene0008,4,11,1,1,0,162.6,162.6,0,tomato_soup_can,potted_meat_can
stack5_scene0008,3,14,6,4,2,6.3,52.8,0,tomato_soup_can,tuna_fish_can
stack5_scene0008,3,16,6,5,1,20.1,93.6,1,tomato_soup_can,tomato_soup_can
stack5_scene0008,14,17,1,1,0,121.7,121.7,0,tuna_fish_can,cups
stack5_scene0008,16,17,9,9,0,54.7,111.9,0,tomato_soup_can,cups
stack5_scene0008,11,16,1,1,0,146.9,146.9,0,potted_meat_can,tomato_soup_can
stack5_scene0008,6,11,1,0,1,34.9,34.9,1,potted_meat_can,potted_meat_can
stack5_scene0008,14,15,6,1,5,18.7,31.2,0,tuna_fish_can,potted_meat_can
stack5_scene0008,14,16,4,2,2,11.2,33.4,0,tuna_fish_can,tomato_soup_can
stack5_scene0008,12,16,1,0,1,21.4,21.4,0,golf_ball,tomato_soup_can
stack5_scene0008,3,6,1,1,0,151.6,151.6,0,tomato_soup_can,potted_meat_can
stack5_scene0008,6,16,1,1,0,135.6,135.6,0,potted_meat_can,tomato_soup_can
stack5_scene0008,11,15,1,0,1,8.1,8.1,1,potted_meat_can,potted_meat_can
stack5_scene0008,15,16,2,2,0,41.4,93.1,0,potted_meat_can,tomato_soup_can
stack5_scene0008,5,15,1,0,1,2.5,2.5,1,potted_meat_can,potted_meat_can
stack5_scene0009,6,20,2,2,0,166.2,169.5,1,wood_block,wood_block
stack5_scene0009,10,20,1,1,0,129.6,129.6,0,potted_meat_can,wood_block
stack5_scene0009,12,20,1,1,0,134.0,134.0,0,potted_meat_can,wood_block
stack5_scene0009,6,15,2,2,0,111.7,148.4,1,wood_block,wood_block
stack5_scene0009,6,10,2,2,0,134.4,177.7,0,wood_block,potted_meat_can
stack5_scene0009,6,21,2,2,0,161.7,183.5,1,wood_block,wood_block
stack5_scene0009,1,12,1,0,1,13.5,13.5,1,potted_meat_can,potted_meat_can
stack5_scene0009,7,21,1,0,1,0.4,0.4,1,wood_block,wood_block
stack5_scene0009,10,12,3,1,2,16.8,33.6,1,potted_meat_can,potted_meat_can
stack5_scene0009,15,21,5,3,2,27.4,40.2,1,wood_block,wood_block
stack5_scene0009,10,21,2,2,0,175.0,175.1,0,potted_meat_can,wood_block
stack5_scene0009,6,7,1,1,0,96.8,96.8,1,wood_block,wood_block
stack5_scene0009,12,15,1,0,1,30.4,30.4,0,potted_meat_can,wood_block
stack5_scene0010,20,25,6,5,1,18.3,62.3,1,pitcher_base,pitcher_base
stack5_scene0010,18,20,2,1,1,15.6,119.3,0,fork,pitcher_base
stack5_scene0010,18,25,2,1,1,9.0,65.2,0,fork,pitcher_base
stack5_scene0010,1,13,1,0,1,14.0,14.0,1,potted_meat_can,potted_meat_can
stack5_scene0010,13,18,2,1,1,24.1,83.9,0,potted_meat_can,fork
stack5_scene0011,3,4,1,1,0,155.3,155.3,0,wood_block,foam_brick
stack5_scene0011,4,17,1,1,0,160.7,160.7,0,foam_brick,padlock
stack5_scene0011,3,13,3,2,1,39.3,154.5,0,wood_block,foam_brick
stack5_scene0011,7,13,8,1,7,20.3,27.5,0,sponge,foam_brick
stack5_scene0011,13,17,1,1,0,160.3,160.3,0,foam_brick,padlock
stack5_scene0011,5,6,1,1,0,63.0,63.0,1,wood_block,wood_block
stack5_scene0011,3,5,3,3,0,179.5,184.3,1,wood_block,wood_block
stack5_scene0011,5,15,2,2,0,195.9,217.5,0,wood_block,padlock
stack5_scene0011,5,12,1,1,0,167.3,167.3,0,wood_block,tennis_ball
stack5_scene0011,3,6,3,3,0,53.6,163.5,1,wood_block,wood_block
stack5_scene0011,6,15,2,2,0,64.2,144.6,0,wood_block,padlock
stack5_scene0011,6,12,1,1,0,146.3,146.3,0,wood_block,tennis_ball
stack5_scene0011,12,15,1,0,1,39.0,39.0,0,tennis_ball,padlock
stack5_scene0011,6,8,2,0,2,8.8,11.2,1,wood_block,wood_block
stack5_scene0011,6,7,1,1,0,218.1,218.1,0,wood_block,sponge
stack5_scene0011,5,13,2,2,0,179.9,188.7,0,wood_block,foam_brick
stack5_scene0011,5,7,1,1,0,201.3,201.3,0,wood_block,sponge
stack5_scene0011,11,12,1,0,1,8.4,8.4,1,tennis_ball,tennis_ball
stack5_scene0011,2,3,1,0,1,9.8,9.8,1,wood_block,wood_block
stack5_scene0011,2,8,1,1,0,140.2,140.2,1,wood_block,wood_block
stack5_scene0011,2,13,1,1,0,177.3,177.3,0,wood_block,foam_brick
stack5_scene0011,1,2,1,1,0,203.3,203.3,0,sponge,wood_block
stack5_scene0011,2,7,1,1,0,209.3,209.3,0,wood_block,sponge
stack5_scene0011,2,15,1,1,0,172.6,172.6,0,wood_block,padlock
stack5_scene0011,1,3,2,2,0,41.6,124.1,0,sponge,wood_block
stack5_scene0011,3,7,1,1,0,208.4,208.4,0,wood_block,sponge
stack5_scene0011,3,16,2,2,0,129.8,318.8,0,wood_block,foam_brick
stack5_scene0011,3,15,5,4,1,31.7,108.5,0,wood_block,padlock
stack5_scene0011,8,13,2,2,0,179.9,180.7,0,wood_block,foam_brick
stack5_scene0011,1,8,2,2,0,209.5,213.0,0,sponge,wood_block
stack5_scene0011,7,8,1,1,0,211.2,211.2,0,sponge,wood_block
stack5_scene0011,8,15,5,4,1,25.9,62.6,0,wood_block,padlock
stack5_scene0011,1,13,2,0,2,28.4,31.6,0,sponge,foam_brick
stack5_scene0011,13,15,2,2,0,56.3,69.2,0,foam_brick,padlock
stack5_scene0011,1,16,1,0,1,31.3,31.3,0,sponge,foam_brick
stack5_scene0011,1,15,2,0,2,28.1,31.4,0,sponge,padlock
stack5_scene0011,7,15,1,0,1,32.6,32.6,0,sponge,padlock
stack5_scene0011,15,17,6,0,6,2.2,4.7,1,padlock,padlock
stack5_scene0011,1,5,1,1,0,230.7,230.7,0,sponge,wood_block
stack5_scene0011,3,8,1,1,0,200.2,200.2,1,wood_block,wood_block
stack5_scene0013,2,3,5,0,5,3.0,6.4,1,sugar_box,sugar_box
stack5_scene0013,10,15,10,3,7,9.0,29.3,0,sponge,foam_brick
stack5_scene0013,6,15,1,1,0,86.9,86.9,0,sugar_box,foam_brick
stack5_scene0013,6,17,2,2,0,275.8,295.4,0,sugar_box,padlock
stack5_scene0013,11,15,2,2,0,172.8,173.0,0,sugar_box,foam_brick
stack5_scene0013,2,11,3,0,3,4.2,5.5,1,sugar_box,sugar_box
stack5_scene0013,3,15,2,2,0,171.8,173.0,0,sugar_box,foam_brick
stack5_scene0013,12,15,1,1,0,167.3,167.3,0,sugar_box,foam_brick
stack5_scene0013,10,12,1,1,0,54.9,54.9,0,sponge,sugar_box
stack5_scene0013,12,17,3,3,0,54.0,60.0,0,sugar_box,padlock
stack5_scene0013,2,17,1,1,0,102.0,102.0,0,sugar_box,padlock
stack5_scene0014,22,25,6,0,6,1.3,4.1,0,sugar_box,cracker_box
stack5_scene0014,23,25,2,1,1,20.2,94.1,1,cracker_box,cracker_box
stack5_scene0014,22,23,3,3,0,84.3,107.2,0,sugar_box,cracker_box
stack5_scene0014,12,21,7,5,2,8.3,146.0,1,cracker_box,cracker_box
stack5_scene0014,6,23,1,0,1,25.6,25.6,1,cracker_box,cracker_box
stack5_scene0014,6,12,2,1,1,18.4,32.6,1,cracker_box,cracker_box
stack5_scene0014,6,22,3,2,1,29.5,42.5,0,cracker_box,sugar_box
stack5_scene0014,6,9,1,1,0,129.8,129.8,0,cracker_box,baseball
stack5_scene0014,9,25,3,3,0,130.3,181.6,0,baseball,cracker_box
stack5_scene0014,9,21,1,1,0,129.4,129.4,0,baseball,cracker_box
stack5_scene0014,18,21,1,0,1,0.1,0.1,1,cracker_box,cracker_box
stack5_scene0014,24,25,2,0,2,2.5,7.5,0,sugar_box,cracker_box
stack5_scene0014,20,25,2,0,2,10.7,11.4,0,sugar_box,cracker_box
stack5_scene0014,13,25,1,1,0,83.8,83.8,1,cracker_box,cracker_box
stack5_scene0014,13,22,2,1,1,16.3,31.4,0,cracker_box,sugar_box
stack5_scene0014,6,26,3,1,2,4.1,24.8,1,cracker_box,cracker_box
stack5_scene0014,6,19,1,0,1,17.2,17.2,0,cracker_box,baseball
stack5_scene0014,6,13,2,1,1,14.4,53.5,1,cracker_box,cracker_box
stack5_scene0014,22,26,2,0,2,7.7,11.4,0,sugar_box,cracker_box
stack5_scene0014,24,26,2,1,1,12.1,29.0,0,sugar_box,cracker_box
stack5_scene0014,22,27,1,0,1,24.2,24.2,1,sugar_box,sugar_box
stack5_scene0014,19,22,1,0,1,13.2,13.2,0,baseball,sugar_box
stack5_scene0014,6,27,1,1,0,65.0,65.0,0,cracker_box,sugar_box
stack5_scene0014,23,26,1,1,0,140.3,140.3,1,cracker_box,cracker_box
stack5_scene0014,24,27,1,1,0,120.1,120.1,1,sugar_box,sugar_box
stack5_scene0014,12,24,1,1,0,57.8,57.8,0,cracker_box,sugar_box
stack5_scene0014,26,28,1,0,1,32.0,32.0,0,cracker_box,sugar_box
stack5_scene0014,12,28,1,1,0,40.6,40.6,0,cracker_box,sugar_box
stack5_scene0015,5,8,5,5,0,76.8,107.6,0,wood_block,bleach_cleanser
stack5_scene0015,5,24,6,2,4,3.6,23.2,1,wood_block,wood_block
stack5_scene0015,5,17,9,6,3,12.5,54.9,0,wood_block,bleach_cleanser
stack5_scene0015,5,10,2,1,1,31.9,88.2,0,wood_block,bleach_cleanser
stack5_scene0015,8,17,10,3,7,0.7,16.2,1,bleach_cleanser,bleach_cleanser
stack5_scene0015,8,10,2,2,0,173.9,197.4,1,bleach_cleanser,bleach_cleanser
stack5_scene0015,5,19,1,1,0,249.9,249.9,1,wood_block,wood_block
stack5_scene0015,5,13,2,2,0,103.0,107.0,0,wood_block,pear
stack5_scene0015,19,24,1,0,1,1.2,1.2,1,wood_block,wood_block
stack5_scene0015,12,13,1,0,1,11.3,11.3,0,tennis_ball,pear
stack5_scene0015,8,24,3,3,0,52.6,117.8,0,bleach_cleanser,wood_block
stack5_scene0015,12,26,1,1,0,142.2,142.2,0,tennis_ball,pear
stack5_scene0015,17,23,1,1,0,156.5,156.5,0,bleach_cleanser,wood_block
stack5_scene0015,17,18,1,0,1,24.3,24.3,1,bleach_cleanser,bleach_cleanser
stack5_scene0016,2,4,2,0,2,3.6,17.2,0,tomato_soup_can,wood_block
stack5_scene0016,13,16,5,5,0,105.9,195.1,0,mustard_bottle,wood_block
stack5_scene0016,2,13,3,2,1,5.3,108.7,0,tomato_soup_can,mustard_bottle
stack5_scene0016,3,4,9,1,8,0.2,4.1,0,tomato_soup_can,wood_block
stack5_scene0016,3,14,2,1,1,14.9,63.3,0,tomato_soup_can,wood_block
stack5_scene0016,13,14,1,0,1,7.3,7.3,0,mustard_bottle,wood_block
stack5_scene0016,3,13,6,6,0,87.4,208.8,0,tomato_soup_can,mustard_bottle
stack5_scene0016,4,16,4,3,1,4.5,62.8,1,wood_block,wood_block
stack5_scene0016,8,13,2,1,1,25.4,147.1,1,mustard_bottle,mustard_bottle
stack5_scene0016,4,13,1,1,0,252.5,252.5,0,wood_block,mustard_bottle
stack5_scene0016,16,18,1,1,0,74.6,74.6,0,wood_block,tomato_soup_can
stack5_scene0016,5,18,1,0,1,32.1,32.1,0,wood_block,tomato_soup_can
stack5_scene0016,5,13,1,0,1,22.0,22.0,0,wood_block,mustard_bottle
stack5_scene0017,7,14,2,2,0,41.0,47.4,1,master_chef_can,master_chef_can
stack5_scene0017,9,14,2,2,0,98.6,151.0,0,padlock,master_chef_can
stack5_scene0017,5,7,10,7,3,13.4,68.2,0,cups,master_chef_can
stack5_scene0017,7,9,5,5,0,124.4,200.1,0,master_chef_can,padlock
stack5_scene0017,2,7,3,3,0,44.5,70.4,0,sugar_box,master_chef_can
stack5_scene0017,1,7,3,3,0,86.9,122.9,0,sugar_box,master_chef_can
stack5_scene0017,1,2,1,0,1,1.9,1.9,1,sugar_box,sugar_box
stack5_scene0017,9,10,6,0,6,3.5,8.9,1,padlock,padlock
stack5_scene0017,7,15,1,1,0,185.0,185.0,0,master_chef_can,cups
stack5_scene0017,7,18,1,0,1,22.3,22.3,0,master_chef_can,sugar_box
stack5_scene0017,2,18,1,1,0,56.4,56.4,1,sugar_box,sugar_box
stack5_scene0017,5,9,2,2,0,173.2,186.2,0,cups,padlock
stack5_scene0017,7,8,1,0,1,3.1,3.1,1,master_chef_can,master_chef_can
stack5_scene0017,7,17,3,3,0,96.0,103.0,0,master_chef_can,sugar_box
stack5_scene0017,2,17,3,1,2,15.0,30.2,1,sugar_box,sugar_box
stack5_scene0017,5,17,1,1,0,134.7,134.7,0,cups,sugar_box
stack5_scene0017,5,14,1,1,0,44.9,44.9,0,cups,master_chef_can
stack5_scene0018,3,13,3,3,0,86.5,87.1,0,tomato_soup_can,golf_ball
stack5_scene0018,18,19,10,1,9,9.7,28.4,0,tomato_soup_can,gelatin_box
stack5_scene0018,13,18,1,1,0,84.9,84.9,0,golf_ball,tomato_soup_can
stack5_scene0018,13,14,3,3,0,203.9,293.9,0,golf_ball,rubiks_cube
stack5_scene0018,17,19,1,0,1,10.3,10.3,0,tomato_soup_can,gelatin_box
stack5_scene0018,13,15,2,0,2,13.5,19.4,0,golf_ball,rubiks_cube
stack5_scene0018,11,18,1,1,0,152.2,152.2,0,cups,tomato_soup_can
stack5_scene0018,11,12,1,1,0,127.3,127.3,0,cups,tomato_soup_can
stack5_scene0018,3,5,1,1,0,245.0,245.0,1,tomato_soup_can,tomato_soup_can
stack5_scene0018,5,13,4,3,1,38.3,137.1,0,tomato_soup_can,golf_ball
stack5_scene0018,10,14,1,0,1,4.1,4.1,1,rubiks_cube,rubiks_cube
stack5_scene0018,12,19,1,0,1,30.3,30.3,0,tomato_soup_can,gelatin_box
stack5_scene0018,11,13,2,2,0,81.6,103.6,0,cups,golf_ball
stack5_scene0018,4,13,1,1,0,83.8,83.8,1,golf_ball,golf_ball
stack5_scene0019,14,15,2,1,1,10.9,30.5,0,cracker_box,sugar_box
stack5_scene0019,14,30,7,5,2,6.1,113.3,1,cracker_box,cracker_box
stack5_scene0019,12,15,2,2,0,284.5,517.4,1,sugar_box,sugar_box
stack5_scene0019,11,30,7,7,0,51.7,114.5,1,cracker_box,cracker_box
stack5_scene0019,23,30,7,6,1,32.0,128.2,0,bowl,cracker_box
stack5_scene0019,4,12,2,1,1,33.8,41.7,0,cracker_box,sugar_box
stack5_scene0019,4,30,4,4,0,49.2,109.3,1,cracker_box,cracker_box
stack5_scene0019,14,25,4,2,2,3.1,92.4,1,cracker_box,cracker_box
stack5_scene0019,21,25,2,1,1,19.5,1093.6,0,orange,cracker_box
stack5_scene0019,3,4,3,2,1,33.1,270.0,1,cracker_box,cracker_box
stack5_scene0019,4,10,1,1,0,104.0,104.0,0,cracker_box,sugar_box
stack5_scene0019,4,21,2,2,0,59.1,73.3,0,cracker_box,orange
stack5_scene0019,4,25,3,2,1,35.2,90.0,1,cracker_box,cracker_box
stack5_scene0019,3,14,1,0,1,33.3,33.3,1,cracker_box,cracker_box
stack5_scene0019,10,14,2,1,1,3.4,54.0,0,sugar_box,cracker_box
stack5_scene0019,14,21,4,3,1,16.2,89.1,0,cracker_box,orange
stack5_scene0019,12,14,1,0,1,37.1,37.1,0,sugar_box,cracker_box
stack5_scene0019,3,10,2,1,1,11.9,85.9,0,cracker_box,sugar_box
stack5_scene0019,10,25,1,1,0,66.5,66.5,0,sugar_box,cracker_box
stack5_scene0019,10,30,1,0,1,23.6,23.6,0,sugar_box,cracker_box
stack5_scene0019,25,30,3,1,2,5.4,10.5,1,cracker_box,cracker_box
stack5_scene0019,14,16,4,3,1,7.2,53.5,0,cracker_box,sugar_box
stack5_scene0019,3,25,4,4,0,88.3,131.0,1,cracker_box,cracker_box
stack5_scene0019,11,25,2,0,2,4.2,17.0,1,cracker_box,cracker_box
stack5_scene0019,11,21,2,1,1,15.5,48.2,0,cracker_box,orange
stack5_scene0019,4,23,2,1,1,12.3,115.8,0,cracker_box,bowl
stack5_scene0019,13,14,2,2,0,45.2,47.7,0,sugar_box,cracker_box
stack5_scene0019,14,23,2,2,0,225.0,227.5,0,cracker_box,bowl
stack5_scene0019,3,15,1,1,0,373.0,373.0,0,cracker_box,sugar_box
stack5_scene0019,3,12,1,0,1,1.9,1.9,0,cracker_box,sugar_box
stack5_scene0019,16,27,2,2,0,53.0,76.8,0,sugar_box,cracker_box
stack5_scene0019,4,14,1,1,0,116.1,116.1,1,cracker_box,cracker_box
stack5_scene0019,2,14,1,1,0,81.0,81.0,0,sugar_box,cracker_box
stack5_scene0019,2,27,1,1,0,80.8,80.8,0,sugar_box,cracker_box
stack5_scene0019,1,14,2,1,1,24.0,49.7,0,sugar_box,cracker_box
stack5_scene0019,2,16,1,0,1,4.0,4.0,1,sugar_box,sugar_box
stack5_scene0019,16,30,1,0,1,33.5,33.5,0,sugar_box,cracker_box
stack5_scene0019,15,18,1,1,0,61.8,61.8,0,sugar_box,cracker_box
stack5_scene0019,18,25,1,0,1,33.8,33.8,1,cracker_box,cracker_box
stack5_scene0019,18,30,1,1,0,271.5,271.5,1,cracker_box,cracker_box
stack5_scene0019,15,23,2,0,2,9.8,11.5,0,sugar_box,bowl
stack5_scene0019,14,27,1,1,0,82.2,82.2,1,cracker_box,cracker_box
stack5_scene0019,10,23,2,0,2,1.2,7.7,0,sugar_box,bowl
stack5_scene0019,10,17,1,0,1,21.8,21.8,1,sugar_box,sugar_box
stack5_scene0019,10,15,1,0,1,10.5,10.5,1,sugar_box,sugar_box
stack5_scene0019,10,21,1,1,0,149.5,149.5,0,sugar_box,orange
stack5_scene0019,10,27,1,0,1,25.6,25.6,0,sugar_box,cracker_box
stack5_scene0019,3,21,1,1,0,199.9,199.9,0,cracker_box,orange
stack5_scene0019,3,30,2,1,1,11.1,64.1,1,cracker_box,cracker_box
stack5_scene0019,9,14,1,0,1,15.9,15.9,0,sugar_box,cracker_box
stack5_scene0020,7,16,2,2,0,81.3,91.9,0,pear,cups
stack5_scene0020,1,7,1,1,0,96.2,96.2,0,softball,pear
stack5_scene0020,1,8,1,1,0,136.7,136.7,0,softball,cups
stack5_scene0020,4,16,1,0,1,6.1,6.1,0,pudding_box,cups
stack5_scene0020,5,16,2,0,2,10.9,23.8,0,pudding_box,cups
stack5_scene0020,4,5,4,0,4,10.5,21.6,1,pudding_box,pudding_box
stack5_scene0020,5,10,5,0,5,0.4,10.5,0,pudding_box,tuna_fish_can
stack5_scene0020,1,18,1,1,0,157.4,157.4,0,softball,tuna_fish_can
stack5_scene0020,1,4,1,1,0,156.2,156.2,0,softball,pudding_box
stack5_scene0020,11,18,1,0,1,27.7,27.7,1,tuna_fish_can,tuna_fish_can
stack5_scene0020,4,11,1,0,1,33.4,33.4,0,pudding_box,tuna_fish_can
stack5_scene0020,5,18,3,0,3,13.4,23.1,0,pudding_box,tuna_fish_can
stack5_scene0020,4,18,1,0,1,28.3,28.3,0,pudding_box,tuna_fish_can
stack5_scene0020,4,9,1,0,1,21.1,21.1,0,pudding_box,tuna_fish_can
stack5_scene0020,5,9,1,0,1,0.2,0.2,0,pudding_box,tuna_fish_can
stack5_scene0020,10,16,1,0,1,15.7,15.7,0,tuna_fish_can,cups
stack5_scene0020,1,16,1,1,0,111.4,111.4,0,softball,cups
stack5_scene0020,10,18,1,0,1,17.5,17.5,1,tuna_fish_can,tuna_fish_can
stack5_scene0020,4,10,1,0,1,24.0,24.0,0,pudding_box,tuna_fish_can
stack5_scene0020,7,15,1,0,1,16.4,16.4,0,pear,tuna_fish_can
