scene,view,objA,objB,same,front_depth_diff_mm,rel_diff
occ3_scene0001,view_el30_az135,wood_block,peach,0,30.9,0.91
occ3_scene0001,view_el30_az135,bleach_cleanser,peach,0,22.6,0.7
occ3_scene0001,view_el30_az135,bleach_cleanser,bleach_cleanser,1,28.6,0.86
occ3_scene0001,view_el30_az135,peach,bleach_cleanser,0,62.3,3.42
occ3_scene0001,view_el30_az195,bleach_cleanser,bleach_cleanser,1,114.1,2.8
occ3_scene0001,view_el30_az195,bleach_cleanser,wood_block,0,54.4,0.89
occ3_scene0001,view_el30_az195,bleach_cleanser,peach,0,33.0,0.6
occ3_scene0001,view_el30_az195,bleach_cleanser,bleach_cleanser,1,86.2,1.82
occ3_scene0001,view_el30_az195,bleach_cleanser,wood_block,0,78.3,1.31
occ3_scene0001,view_el30_az195,wood_block,peach,0,14.8,0.38
occ3_scene0001,view_el30_az195,wood_block,bleach_cleanser,0,110.0,1.88
occ3_scene0001,view_el30_az195,bleach_cleanser,bleach_cleanser,1,14.5,0.42
occ3_scene0001,view_el30_az210,bleach_cleanser,wood_block,0,95.0,1.68
occ3_scene0001,view_el30_az210,bleach_cleanser,wood_block,0,81.4,1.56
occ3_scene0001,view_el30_az210,bleach_cleanser,bleach_cleanser,1,53.9,1.57
occ3_scene0001,view_el30_az210,wood_block,bleach_cleanser,0,119.8,2.32
occ3_scene0001,view_el30_az210,wood_block,bleach_cleanser,0,135.4,4.28
occ3_scene0001,view_el30_az210,bleach_cleanser,bleach_cleanser,1,15.6,0.46
occ3_scene0001,view_el30_az240,bleach_cleanser,wood_block,0,66.2,1.17
occ3_scene0001,view_el30_az240,bleach_cleanser,wood_block,0,34.1,0.89
occ3_scene0001,view_el30_az240,bleach_cleanser,peach,0,109.9,2.98
occ3_scene0001,view_el45_az135,bleach_cleanser,bleach_cleanser,1,51.2,1.34
occ3_scene0001,view_el45_az135,bleach_cleanser,bleach_cleanser,1,13.7,0.6
occ3_scene0001,view_el45_az225,bleach_cleanser,wood_block,0,47.0,0.72
occ3_scene0001,view_el45_az225,bleach_cleanser,wood_block,0,63.6,0.87
occ3_scene0001,view_el45_az225,bleach_cleanser,wood_block,0,32.2,0.61
occ3_scene0001,view_el45_az225,bleach_cleanser,peach,0,106.1,2.3
occ3_scene0001,view_el45_az225,bleach_cleanser,wood_block,0,47.1,0.72
occ3_scene0001,view_el45_az225,bleach_cleanser,wood_block,0,63.8,0.87
occ3_scene0001,view_el45_az225,bleach_cleanser,wood_block,0,32.4,0.61
occ3_scene0001,view_el45_az225,bleach_cleanser,peach,0,106.1,2.3
occ3_scene0001,view_el45_az225,bleach_cleanser,bleach_cleanser,1,8.7,0.17
occ3_scene0001,view_el45_az225,bleach_cleanser,wood_block,0,47.1,0.72
occ3_scene0001,view_el45_az225,bleach_cleanser,wood_block,0,63.8,0.87
occ3_scene0001,view_el45_az225,bleach_cleanser,wood_block,0,32.4,0.61
occ3_scene0001,view_el45_az225,bleach_cleanser,peach,0,106.1,2.3
occ3_scene0001,view_el45_az225,bleach_cleanser,bleach_cleanser,1,8.7,0.16
occ3_scene0001,view_el45_az225,wood_block,bleach_cleanser,0,29.7,0.55
occ3_scene0001,view_el45_az225,wood_block,bleach_cleanser,0,99.0,1.73
occ3_scene0001,view_el45_az225,wood_block,bleach_cleanser,0,115.5,2.23
occ3_scene0001,view_el45_az225,wood_block,bleach_cleanser,0,46.3,0.74
occ3_scene0001,view_el45_az225,wood_block,wood_block,1,32.2,0.63
occ3_scene0001,view_el45_az225,wood_block,bleach_cleanser,0,115.7,1.77
occ3_scene0001,view_el45_az225,wood_block,bleach_cleanser,0,84.3,1.88
occ3_scene0001,view_el45_az225,wood_block,bleach_cleanser,0,100.8,2.56
occ3_scene0001,view_el45_az225,bleach_cleanser,bleach_cleanser,1,16.2,0.3
occ3_scene0001,view_el60_az180,wood_block,wood_block,1,47.9,0.7
occ3_scene0001,view_el60_az180,bleach_cleanser,bleach_cleanser,1,82.6,1.02
occ3_scene0001,view_el60_az180,bleach_cleanser,bleach_cleanser,1,16.0,0.31
occ3_scene0001,view_el60_az195,wood_block,wood_block,1,78.9,0.84
occ3_scene0001,view_el60_az195,wood_block,bleach_cleanser,0,75.1,0.96
occ3_scene0001,view_el60_az195,wood_block,bleach_cleanser,0,15.9,0.31
occ3_scene0001,view_el60_az195,wood_block,bleach_cleanser,0,78.1,1.87
occ3_scene0001,view_el60_az195,wood_block,bleach_cleanser,0,29.1,0.33
occ3_scene0001,view_el60_az195,wood_block,bleach_cleanser,0,3.9,0.05
occ3_scene0001,view_el60_az195,wood_block,bleach_cleanser,0,83.7,0.98
occ3_scene0001,view_el60_az195,wood_block,bleach_cleanser,0,100.1,1.43
occ3_scene0001,view_el60_az195,bleach_cleanser,wood_block,0,24.8,0.34
occ3_scene0001,view_el60_az195,wood_block,wood_block,1,10.4,0.25
occ3_scene0001,view_el60_az195,bleach_cleanser,bleach_cleanser,1,79.8,0.84
occ3_scene0001,view_el60_az195,bleach_cleanser,bleach_cleanser,1,16.5,0.19
occ3_scene0001,view_el60_az195,bleach_cleanser,wood_block,0,79.3,1.14
occ3_scene0001,view_el60_az195,bleach_cleanser,wood_block,0,95.8,1.77
occ3_scene0001,view_el60_az255,wood_block,bleach_cleanser,0,17.3,0.19
occ3_scene0001,view_el60_az255,bleach_cleanser,wood_block,0,41.1,0.44
occ3_scene0001,view_el60_az255,wood_block,wood_block,1,44.3,0.67
occ3_scene0001,view_el60_az255,bleach_cleanser,bleach_cleanser,1,19.7,0.36
occ3_scene0001,view_el60_az255,bleach_cleanser,bleach_cleanser,1,19.6,0.49
occ3_scene0001,view_el75_az225,wood_block,wood_block,1,64.6,0.58
occ3_scene0001,view_el75_az225,wood_block,wood_block,1,85.0,0.86
occ3_scene0001,view_el75_az225,wood_block,bleach_cleanser,0,26.8,0.37
occ3_scene0001,view_el75_az225,wood_block,bleach_cleanser,0,34.6,0.33
occ3_scene0001,view_el75_az225,wood_block,bleach_cleanser,0,72.0,0.59
occ3_scene0001,view_el75_az225,wood_block,bleach_cleanser,0,107.8,1.93
occ3_scene0001,view_el75_az225,wood_block,bleach_cleanser,0,25.4,0.28
occ3_scene0001,view_el75_az225,bleach_cleanser,wood_block,0,56.7,0.69
occ3_scene0001,view_el90,wood_block,wood_block,1,0.1,0.0
occ3_scene0001,view_el90,wood_block,peach,0,150.1,4.62
occ3_scene0001,view_el90,wood_block,bleach_cleanser,0,5.0,0.09
occ3_scene0001,view_el90,wood_block,bleach_cleanser,0,30.0,0.57
occ3_scene0002,view_el30_az135,apple,plum,0,27.6,1.61
occ3_scene0002,view_el30_az135,cups,cups,1,9.7,0.43
occ3_scene0002,view_el30_az195,apple,plum,0,44.1,2.57
occ3_scene0002,view_el30_az195,cups,cups,1,13.1,0.59
occ3_scene0002,view_el30_az195,plum,apple,0,56.9,3.89
occ3_scene0002,view_el30_az210,apple,plum,0,40.4,2.41
occ3_scene0002,view_el30_az210,cups,cups,1,12.3,0.54
occ3_scene0002,view_el30_az210,plum,apple,0,49.8,3.38
occ3_scene0002,view_el30_az240,cups,apple,0,120.1,5.76
occ3_scene0002,view_el30_az240,cups,cups,1,8.3,0.37
occ3_scene0002,view_el30_az240,apple,cups,0,124.9,5.56
occ3_scene0002,view_el45_az135,cups,cups,1,12.3,0.48
occ3_scene0002,view_el45_az135,cups,cups,1,15.8,0.67
occ3_scene0002,view_el45_az225,apple,plum,0,21.9,1.2
occ3_scene0002,view_el60_az180,cups,cups,1,15.3,0.51
occ3_scene0002,view_el60_az195,cups,cups,1,14.8,0.51
occ3_scene0002,view_el60_az255,cups,cups,1,2.3,0.13
occ3_scene0003,view_el30_az195,mustard_bottle,plum,0,32.9,1.18
occ3_scene0003,view_el30_az195,mustard_bottle,mustard_bottle,1,27.1,0.66
occ3_scene0003,view_el30_az195,mustard_bottle,plum,0,37.1,1.37
occ3_scene0003,view_el30_az195,mustard_bottle,mustard_bottle,1,32.9,1.18
occ3_scene0003,view_el30_az195,mustard_bottle,mustard_bottle,1,28.4,0.74
occ3_scene0003,view_el30_az195,mustard_bottle,plum,0,48.5,1.7
occ3_scene0003,view_el30_az195,mustard_bottle,plum,0,26.0,1.1
occ3_scene0003,view_el30_az195,mustard_bottle,mustard_bottle,1,3.1,0.09
occ3_scene0003,view_el30_az195,mustard_bottle,mustard_bottle,1,3.1,0.09
occ3_scene0003,view_el30_az195,mustard_bottle,mustard_bottle,1,21.7,0.9
occ3_scene0003,view_el30_az195,mustard_bottle,mustard_bottle,1,5.6,0.23
occ3_scene0003,view_el30_az195,mustard_bottle,mustard_bottle,1,40.7,1.84
occ3_scene0003,view_el30_az210,mustard_bottle,plum,0,18.4,0.63
occ3_scene0003,view_el30_az210,mustard_bottle,plum,0,36.3,1.39
occ3_scene0003,view_el30_az210,mustard_bottle,mustard_bottle,1,37.2,1.45
occ3_scene0003,view_el30_az210,mustard_bottle,mustard_bottle,1,25.8,0.72
occ3_scene0003,view_el30_az210,mustard_bottle,plum,0,44.6,1.73
occ3_scene0003,view_el30_az210,mustard_bottle,plum,0,20.0,0.89
occ3_scene0003,view_el30_az210,mustard_bottle,mustard_bottle,1,3.0,0.1
occ3_scene0003,view_el30_az210,mustard_bottle,mustard_bottle,1,20.9,0.95
occ3_scene0003,view_el30_az210,mustard_bottle,mustard_bottle,1,3.4,0.16
occ3_scene0003,view_el30_az240,mustard_bottle,baseball,0,104.9,4.35
occ3_scene0003,view_el30_az240,mustard_bottle,plum,0,0.6,0.01
occ3_scene0003,view_el30_az240,mustard_bottle,baseball,0,121.4,3.99
occ3_scene0003,view_el30_az240,mustard_bottle,plum,0,13.7,0.49
occ3_scene0003,view_el30_az240,baseball,plum,0,107.7,6.53
occ3_scene0003,view_el30_az240,mustard_bottle,mustard_bottle,1,2.2,0.19
occ3_scene0003,view_el45_az135,mustard_bottle,mustard_bottle,1,45.1,1.03
occ3_scene0003,view_el45_az225,mustard_bottle,plum,0,7.1,0.19
occ3_scene0003,view_el45_az225,mustard_bottle,plum,0,2.6,0.07
occ3_scene0003,view_el45_az225,mustard_bottle,plum,0,17.8,0.57
occ3_scene0003,view_el45_az225,mustard_bottle,mustard_bottle,1,6.6,0.53
occ3_scene0003,view_el60_az180,mustard_bottle,plum,0,31.3,0.74
occ3_scene0003,view_el60_az180,mustard_bottle,plum,0,30.6,0.72
occ3_scene0003,view_el60_az180,mustard_bottle,plum,0,4.0,0.11
occ3_scene0003,view_el60_az180,mustard_bottle,mustard_bottle,1,13.0,0.31
occ3_scene0003,view_el60_az180,plum,mustard_bottle,0,16.3,0.85
occ3_scene0003,view_el60_az195,mustard_bottle,plum,0,22.3,0.51
occ3_scene0003,view_el60_az195,mustard_bottle,plum,0,25.7,0.6
occ3_scene0003,view_el60_az195,plum,mustard_bottle,0,17.3,0.85
occ3_scene0003,view_el60_az255,mustard_bottle,mustard_bottle,1,9.4,0.38
occ3_scene0003,view_el75_az225,mustard_bottle,mustard_bottle,1,61.9,2.57
occ3_scene0004,view_el30_az135,pitcher_base,pitcher_base,1,12.5,0.24
occ3_scene0004,view_el30_az240,pitcher_base,foam_brick,0,178.8,3.11
occ3_scene0004,view_el45_az135,pitcher_base,pitcher_base,1,66.8,1.15
occ3_scene0004,view_el45_az135,pitcher_base,pitcher_base,1,59.9,1.0
occ3_scene0004,view_el45_az135,pitcher_base,pitcher_base,1,0.8,0.01
occ3_scene0004,view_el45_az225,pitcher_base,foam_brick,0,177.2,2.95
occ3_scene0004,view_el45_az225,pitcher_base,pitcher_base,1,35.4,0.34
occ3_scene0004,view_el60_az180,pitcher_base,pitcher_base,1,151.5,2.25
occ3_scene0004,view_el60_az180,pitcher_base,pitcher_base,1,56.5,0.77
occ3_scene0004,view_el60_az180,pitcher_base,pitcher_base,1,64.1,0.79
occ3_scene0004,view_el60_az180,pitcher_base,pitcher_base,1,5.1,0.06
occ3_scene0004,view_el60_az180,pitcher_base,pitcher_base,1,59.0,1.06
occ3_scene0004,view_el60_az180,foam_brick,foam_brick,1,9.8,0.47
occ3_scene0004,view_el60_az195,pitcher_base,pitcher_base,1,133.4,1.74
occ3_scene0004,view_el60_az195,pitcher_base,pitcher_base,1,31.7,0.54
occ3_scene0004,view_el60_az195,pitcher_base,pitcher_base,1,58.2,0.63
occ3_scene0004,view_el60_az195,pitcher_base,pitcher_base,1,24.4,0.49
occ3_scene0004,view_el60_az195,pitcher_base,pitcher_base,1,37.5,0.71
occ3_scene0004,view_el60_az195,pitcher_base,pitcher_base,1,82.5,1.34
occ3_scene0004,view_el60_az255,pitcher_base,pitcher_base,1,77.3,0.68
occ3_scene0004,view_el60_az255,pitcher_base,pitcher_base,1,21.9,0.37
occ3_scene0004,view_el60_az255,pitcher_base,pitcher_base,1,26.7,0.24
occ3_scene0004,view_el60_az255,pitcher_base,pitcher_base,1,19.4,0.3
occ3_scene0004,view_el75_az105,pitcher_base,pitcher_base,1,181.0,2.85
occ3_scene0004,view_el75_az105,pitcher_base,pitcher_base,1,59.7,0.67
occ3_scene0004,view_el75_az105,pitcher_base,pitcher_base,1,69.1,0.74
occ3_scene0004,view_el75_az105,pitcher_base,pitcher_base,1,25.5,0.34
occ3_scene0004,view_el75_az105,pitcher_base,pitcher_base,1,43.6,0.46
occ3_scene0004,view_el75_az225,pitcher_base,pitcher_base,1,129.0,1.24
occ3_scene0004,view_el75_az225,pitcher_base,pitcher_base,1,23.1,0.41
occ3_scene0004,view_el75_az225,pitcher_base,pitcher_base,1,61.6,1.12
occ3_scene0004,view_el90,pitcher_base,pitcher_base,1,40.0,0.57
occ3_scene0005,view_el30_az135,mug,tennis_ball,0,62.3,2.84
occ3_scene0005,view_el30_az135,cups,cups,1,14.7,0.64
occ3_scene0005,view_el30_az195,mug,tennis_ball,0,56.6,2.78
occ3_scene0005,view_el30_az195,mug,tennis_ball,0,54.6,2.87
occ3_scene0005,view_el30_az195,cups,cups,1,14.2,0.65
occ3_scene0005,view_el30_az210,cups,mug,0,85.8,3.46
occ3_scene0005,view_el30_az210,cups,mug,0,84.9,3.73
occ3_scene0005,view_el30_az210,mug,cups,0,94.0,3.73
occ3_scene0005,view_el30_az210,mug,cups,0,93.1,4.01
occ3_scene0005,view_el30_az210,mug,mug,1,3.6,0.14
occ3_scene0005,view_el30_az210,cups,cups,1,12.5,0.55
occ3_scene0005,view_el30_az210,tennis_ball,tennis_ball,1,8.5,0.54
occ3_scene0005,view_el30_az240,cups,mug,0,101.0,3.44
occ3_scene0005,view_el30_az240,mug,cups,0,105.2,3.69
occ3_scene0005,view_el30_az240,cups,cups,1,8.0,0.39
occ3_scene0005,view_el30_az240,tennis_ball,tennis_ball,1,5.9,0.45
occ3_scene0005,view_el45_az135,mug,tennis_ball,0,49.6,2.34
occ3_scene0005,view_el45_az135,tennis_ball,mug,0,45.8,2.05
occ3_scene0005,view_el45_az135,mug,mug,1,6.9,0.28
occ3_scene0005,view_el45_az135,mug,mug,1,2.7,0.11
occ3_scene0005,view_el45_az135,cups,cups,1,16.2,0.62
occ3_scene0005,view_el45_az225,cups,mug,0,82.5,2.73
occ3_scene0005,view_el45_az225,mug,cups,0,87.0,2.79
occ3_scene0005,view_el45_az225,cups,cups,1,13.3,0.45
occ3_scene0005,view_el45_az225,tennis_ball,tennis_ball,1,8.1,0.44
occ3_scene0005,view_el60_az180,cups,cups,1,37.1,1.48
occ3_scene0005,view_el60_az195,cups,cups,1,37.2,1.52
occ3_scene0005,view_el60_az255,tennis_ball,tennis_ball,1,4.7,0.29
occ3_scene0005,view_el60_az255,tennis_ball,tennis_ball,1,10.5,0.64
occ3_scene0005,view_el60_az255,mug,mug,1,24.4,1.51
occ3_scene0005,view_el60_az255,tennis_ball,tennis_ball,1,5.3,0.34
occ3_scene0006,view_el30_az135,cups,large_clamp,0,116.9,6.65
occ3_scene0006,view_el30_az135,cups,baseball,0,95.9,1.54
occ3_scene0006,view_el30_az135,cups,large_clamp,0,127.7,5.89
occ3_scene0006,view_el30_az135,cups,large_clamp,0,128.5,5.88
occ3_scene0006,view_el30_az135,cups,baseball,0,105.7,5.59
occ3_scene0006,view_el30_az135,large_clamp,cups,0,128.0,5.71
occ3_scene0006,view_el30_az135,large_clamp,baseball,0,15.6,0.32
occ3_scene0006,view_el30_az135,large_clamp,cups,0,129.7,3.7
occ3_scene0006,view_el30_az135,cups,cups,1,1.1,0.05
occ3_scene0006,view_el30_az135,cups,large_clamp,0,129.1,5.62
occ3_scene0006,view_el30_az135,cups,baseball,0,106.3,5.31
occ3_scene0006,view_el30_az195,large_clamp,baseball,0,94.7,4.2
occ3_scene0006,view_el30_az195,large_clamp,large_clamp,1,34.9,0.85
occ3_scene0006,view_el30_az195,cups,cups,1,7.5,0.37
occ3_scene0006,view_el30_az195,baseball,large_clamp,0,62.7,1.52
occ3_scene0006,view_el30_az210,large_clamp,baseball,0,106.5,5.46
occ3_scene0006,view_el30_az240,large_clamp,cups,0,98.7,2.92
occ3_scene0006,view_el30_az240,large_clamp,cups,0,103.0,3.31
occ3_scene0006,view_el30_az240,cups,cups,1,14.3,0.72
occ3_scene0006,view_el45_az135,cups,large_clamp,0,114.4,4.48
occ3_scene0006,view_el45_az135,cups,baseball,0,91.2,4.5
occ3_scene0006,view_el45_az135,cups,cups,1,9.7,0.52
occ3_scene0006,view_el45_az135,cups,cups,1,24.7,1.26
occ3_scene0006,view_el45_az225,large_clamp,large_clamp,1,23.1,0.76
occ3_scene0006,view_el45_az225,cups,cups,1,13.9,0.61
occ3_scene0006,view_el60_az180,cups,cups,1,11.8,0.78
occ3_scene0006,view_el60_az195,large_clamp,large_clamp,1,29.5,1.6
occ3_scene0006,view_el60_az195,cups,cups,1,5.7,0.35
occ3_scene0006,view_el75_az225,large_clamp,large_clamp,1,15.6,1.11
occ3_scene0006,view_el75_az225,large_clamp,large_clamp,1,3.2,0.43
occ3_scene0006,view_el90,cups,cups,1,10.0,0.67
occ3_scene0007,view_el30_az135,sponge,foam_brick,0,65.7,2.59
occ3_scene0007,view_el30_az195,foam_brick,padlock,0,115.9,7.57
occ3_scene0007,view_el30_az195,foam_brick,padlock,0,114.5,7.9
occ3_scene0007,view_el30_az195,foam_brick,foam_brick,1,9.2,0.62
occ3_scene0007,view_el30_az195,foam_brick,padlock,0,122.3,8.17
occ3_scene0007,view_el30_az195,foam_brick,padlock,0,120.9,8.55
occ3_scene0007,view_el30_az195,padlock,padlock,1,8.6,0.72
occ3_scene0007,view_el30_az210,foam_brick,sponge,0,36.6,1.29
occ3_scene0007,view_el30_az210,foam_brick,sponge,0,41.7,1.82
occ3_scene0007,view_el30_az210,foam_brick,padlock,0,113.2,6.17
occ3_scene0007,view_el30_az210,sponge,foam_brick,0,36.5,1.7
occ3_scene0007,view_el30_az240,foam_brick,sponge,0,83.7,2.57
occ3_scene0007,view_el45_az225,foam_brick,sponge,0,62.6,2.37
occ3_scene0007,view_el60_az180,padlock,padlock,1,6.3,0.56
occ3_scene0007,view_el60_az195,padlock,padlock,1,3.6,0.45
occ3_scene0007,view_el60_az195,padlock,padlock,1,6.2,0.51
occ3_scene0007,view_el60_az255,sponge,foam_brick,0,78.1,3.38
occ3_scene0007,view_el60_az255,padlock,padlock,1,9.2,1.36
occ3_scene0007,view_el75_az105,padlock,padlock,1,2.1,0.22
occ3_scene0007,view_el90,padlock,padlock,1,0.0,0.0
occ3_scene0008,view_el30_az135,cups,cups,1,2.2,0.11
occ3_scene0008,view_el30_az195,scissors,scissors,1,58.2,2.58
occ3_scene0008,view_el30_az195,cups,cups,1,7.5,0.32
occ3_scene0008,view_el30_az210,cups,cups,1,6.6,0.27
occ3_scene0008,view_el30_az240,cups,scissors,0,89.6,4.38
occ3_scene0008,view_el30_az240,cups,scissors,0,83.3,4.27
occ3_scene0008,view_el30_az240,cups,scissors,0,100.5,4.0
occ3_scene0008,view_el30_az240,cups,scissors,0,112.6,2.55
occ3_scene0008,view_el30_az240,cups,cups,1,2.5,0.11
occ3_scene0008,view_el30_az240,cups,scissors,0,99.3,4.27
occ3_scene0008,view_el30_az240,cups,scissors,0,111.5,2.64
occ3_scene0008,view_el30_az240,cups,scissors,0,101.8,3.82
occ3_scene0008,view_el30_az240,cups,scissors,0,114.0,2.5
occ3_scene0008,view_el30_az240,scissors,scissors,1,20.5,0.55
occ3_scene0008,view_el45_az135,cups,cups,1,8.7,0.37
occ3_scene0008,view_el45_az135,cups,cups,1,11.8,0.52
occ3_scene0008,view_el45_az225,cups,scissors,0,84.7,2.63
occ3_scene0008,view_el45_az225,scissors,scissors,1,31.5,1.05
occ3_scene0008,view_el45_az225,scissors,scissors,1,30.0,1.05
occ3_scene0008,view_el60_az180,cups,cups,1,11.0,0.4
occ3_scene0008,view_el60_az180,cups,cups,1,21.0,1.01
occ3_scene0008,view_el60_az180,cups,cups,1,26.2,1.36
occ3_scene0008,view_el60_az195,scissors,scissors,1,22.2,1.43
occ3_scene0008,view_el60_az195,scissors,scissors,1,23.3,1.69
occ3_scene0008,view_el60_az195,scissors,scissors,1,26.0,1.7
occ3_scene0008,view_el60_az255,cups,scissors,0,95.6,3.51
occ3_scene0008,view_el60_az255,cups,scissors,0,109.8,3.18
occ3_scene0008,view_el60_az255,cups,scissors,0,101.7,4.02
occ3_scene0008,view_el60_az255,scissors,scissors,1,22.2,0.84
occ3_scene0008,view_el60_az255,scissors,scissors,1,14.2,0.83
occ3_scene0008,view_el60_az255,scissors,scissors,1,53.0,2.49
occ3_scene0008,view_el60_az255,cups,cups,1,21.3,0.78
occ3_scene0008,view_el75_az105,scissors,scissors,1,4.0,0.34
occ3_scene0008,view_el75_az105,scissors,scissors,1,6.5,0.59
occ3_scene0008,view_el75_az105,scissors,scissors,1,4.1,0.28
occ3_scene0008,view_el75_az105,scissors,scissors,1,1.2,0.08
occ3_scene0008,view_el75_az105,scissors,scissors,1,15.6,1.25
occ3_scene0008,view_el75_az225,scissors,scissors,1,17.9,1.24
occ3_scene0008,view_el75_az225,scissors,scissors,1,16.7,1.15
occ3_scene0008,view_el90,scissors,scissors,1,10.0,1.0
occ3_scene0008,view_el90,scissors,scissors,1,10.0,1.0
occ3_scene0008,view_el90,scissors,scissors,1,10.0,1.0
occ3_scene0008,view_el90,scissors,scissors,1,10.0,1.0
occ3_scene0008,view_el90,scissors,scissors,1,0.1,0.02
occ3_scene0009,view_el30_az210,softball,gelatin_box,0,129.3,6.55
occ3_scene0009,view_el30_az210,softball,gelatin_box,0,133.8,7.43
occ3_scene0009,view_el30_az240,softball,gelatin_box,0,152.2,6.47
occ3_scene0009,view_el45_az225,softball,gelatin_box,0,131.6,5.75
occ3_scene0010,view_el30_az135,mustard_bottle,mustard_bottle,1,31.1,1.2
occ3_scene0010,view_el30_az195,mustard_bottle,mustard_bottle,1,3.6,0.25
occ3_scene0010,view_el30_az240,mustard_bottle,mustard_bottle,1,1.9,0.1
occ3_scene0010,view_el45_az135,mustard_bottle,mustard_bottle,1,48.5,1.35
occ3_scene0010,view_el45_az225,mustard_bottle,mustard_bottle,1,3.5,0.18
occ3_scene0010,view_el60_az180,large_marker,large_marker,1,0.0,0.0
occ3_scene0010,view_el60_az195,mustard_bottle,mustard_bottle,1,18.8,0.43
occ3_scene0010,view_el60_az195,large_marker,large_marker,1,6.0,0.83
occ3_scene0010,view_el75_az225,mustard_bottle,mustard_bottle,1,66.7,2.56
occ3_scene0011,view_el30_az135,cups,pudding_box,0,95.2,4.53
occ3_scene0011,view_el30_az135,cups,cups,0,52.6,2.57
occ3_scene0011,view_el30_az135,pudding_box,cups,0,93.2,4.72
occ3_scene0011,view_el30_az135,pudding_box,cups,0,98.5,4.02
occ3_scene0011,view_el30_az135,cups,cups,0,50.7,2.64
occ3_scene0011,view_el30_az135,cups,cups,1,5.3,0.23
occ3_scene0011,view_el30_az135,cups,cups,0,55.9,2.34
occ3_scene0011,view_el30_az195,cups,pudding_box,0,101.6,4.37
occ3_scene0011,view_el30_az195,cups,pudding_box,0,116.6,5.33
occ3_scene0011,view_el30_az195,pudding_box,cups,0,99.8,4.48
occ3_scene0011,view_el30_az195,pudding_box,cups,0,105.2,4.43
occ3_scene0011,view_el30_az195,pudding_box,cups,0,116.9,4.77
occ3_scene0011,view_el30_az195,cups,cups,1,5.4,0.25
occ3_scene0011,view_el30_az195,cups,cups,1,0.8,0.04
occ3_scene0011,view_el30_az210,cups,pudding_box,0,117.1,5.44
occ3_scene0011,view_el30_az210,pudding_box,cups,0,119.4,5.1
occ3_scene0011,view_el30_az210,cups,cups,1,8.3,0.39
occ3_scene0011,view_el30_az210,cups,cups,1,4.1,0.21
occ3_scene0011,view_el30_az240,pudding_box,cups,0,96.6,4.34
occ3_scene0011,view_el30_az240,pudding_box,cups,0,101.6,4.3
occ3_scene0011,view_el30_az240,cups,cups,0,50.4,2.54
occ3_scene0011,view_el30_az240,cups,cups,0,48.0,2.6
occ3_scene0011,view_el30_az240,cups,cups,0,55.4,2.61
occ3_scene0011,view_el30_az240,cups,cups,1,7.4,0.39
occ3_scene0011,view_el45_az135,pudding_box,cups,0,87.2,3.84
occ3_scene0011,view_el45_az135,cups,cups,0,41.7,1.96
occ3_scene0011,view_el45_az135,cups,cups,1,11.2,0.49
occ3_scene0011,view_el45_az225,cups,cups,0,33.8,1.41
occ3_scene0011,view_el45_az225,cups,cups,0,37.5,1.63
occ3_scene0011,view_el60_az180,pudding_box,cups,0,79.8,3.59
occ3_scene0011,view_el60_az180,cups,cups,1,12.3,0.46
occ3_scene0011,view_el60_az195,pudding_box,cups,0,73.9,3.3
occ3_scene0011,view_el60_az195,cups,cups,1,12.1,0.44
occ3_scene0011,view_el60_az195,cups,cups,1,18.1,0.7
occ3_scene0011,view_el60_az255,cups,cups,0,31.6,1.41
occ3_scene0011,view_el60_az255,cups,cups,0,40.7,1.65
occ3_scene0011,view_el60_az255,cups,cups,1,20.8,0.98
occ3_scene0011,view_el75_az105,cups,cups,0,25.8,1.85
occ3_scene0012,view_el30_az135,cups,cups,1,6.4,0.3
occ3_scene0012,view_el30_az135,cups,cups,1,18.6,1.2
occ3_scene0012,view_el30_az135,padlock,padlock,1,1.1,0.08
occ3_scene0012,view_el30_az195,cups,cups,1,8.9,0.47
occ3_scene0012,view_el30_az195,padlock,padlock,1,6.4,0.56
occ3_scene0012,view_el30_az210,cups,cups,1,11.0,0.6
occ3_scene0012,view_el30_az240,cups,strawberry,0,64.5,4.27
occ3_scene0012,view_el45_az135,cups,cups,1,17.2,0.84
occ3_scene0012,view_el45_az135,padlock,padlock,1,1.0,0.07
occ3_scene0012,view_el45_az225,cups,cups,1,12.9,0.59
occ3_scene0012,view_el60_az180,padlock,padlock,1,3.0,0.37
occ3_scene0012,view_el60_az195,cups,cups,1,19.5,0.99
occ3_scene0012,view_el60_az195,cups,cups,1,0.5,0.05
occ3_scene0012,view_el60_az195,cups,cups,1,23.0,1.26
occ3_scene0012,view_el60_az195,padlock,padlock,1,4.5,0.59
occ3_scene0012,view_el75_az225,cups,cups,1,30.1,1.61
occ3_scene0012,view_el90,padlock,padlock,1,0.0,0.0
occ3_scene0013,view_el30_az135,tomato_soup_can,cups,0,140.3,5.8
occ3_scene0013,view_el30_az135,tomato_soup_can,cups,0,139.7,5.68
occ3_scene0013,view_el30_az135,tomato_soup_can,golf_ball,0,76.8,2.72
occ3_scene0013,view_el30_az135,tomato_soup_can,cups,0,131.4,4.92
occ3_scene0013,view_el30_az135,tomato_soup_can,cups,0,133.9,4.84
occ3_scene0013,view_el30_az135,tomato_soup_can,golf_ball,0,82.9,4.29
occ3_scene0013,view_el30_az135,tomato_soup_can,cups,0,143.0,5.77
occ3_scene0013,view_el30_az135,tomato_soup_can,cups,0,145.5,5.72
occ3_scene0013,view_el30_az195,tomato_soup_can,golf_ball,0,91.7,4.51
occ3_scene0013,view_el30_az195,tomato_soup_can,golf_ball,0,92.0,4.29
occ3_scene0013,view_el30_az195,cups,cups,1,5.5,0.26
occ3_scene0013,view_el30_az210,cups,cups,1,5.2,0.26
occ3_scene0013,view_el30_az240,cups,cups,1,6.4,0.31
occ3_scene0013,view_el45_az135,tomato_soup_can,cups,0,115.8,3.87
occ3_scene0013,view_el45_az135,tomato_soup_can,cups,0,118.1,3.96
occ3_scene0013,view_el45_az135,tomato_soup_can,golf_ball,0,77.7,3.11
occ3_scene0013,view_el45_az135,tomato_soup_can,cups,0,117.9,4.31
occ3_scene0013,view_el45_az135,tomato_soup_can,cups,0,120.2,4.41
occ3_scene0013,view_el45_az135,tomato_soup_can,golf_ball,0,81.8,3.51
occ3_scene0013,view_el45_az135,tomato_soup_can,tomato_soup_can,1,20.8,0.67
occ3_scene0013,view_el45_az135,tomato_soup_can,golf_ball,0,73.2,3.15
occ3_scene0013,view_el45_az135,cups,tomato_soup_can,0,130.2,5.51
occ3_scene0013,view_el45_az135,tomato_soup_can,cups,0,132.4,5.63
occ3_scene0013,view_el45_az135,tomato_soup_can,golf_ball,0,94.1,4.81
occ3_scene0013,view_el45_az135,cups,cups,1,2.7,0.13
occ3_scene0013,view_el45_az135,cups,cups,1,6.2,0.27
occ3_scene0013,view_el60_az180,tomato_soup_can,golf_ball,0,85.1,3.32
occ3_scene0013,view_el60_az180,tomato_soup_can,tomato_soup_can,1,25.8,0.78
occ3_scene0013,view_el60_az180,tomato_soup_can,golf_ball,0,93.8,5.09
occ3_scene0013,view_el60_az180,cups,cups,1,12.3,0.57
occ3_scene0013,view_el60_az195,tomato_soup_can,golf_ball,0,82.9,3.25
occ3_scene0013,view_el60_az195,tomato_soup_can,tomato_soup_can,1,27.5,0.86
occ3_scene0013,view_el60_az195,tomato_soup_can,golf_ball,0,93.1,4.78
occ3_scene0013,view_el60_az255,cups,cups,1,22.6,1.04
occ3_scene0013,view_el60_az255,cups,cups,1,22.9,1.3
occ3_scene0014,view_el30_az135,mustard_bottle,mustard_bottle,1,28.6,1.08
occ3_scene0014,view_el30_az135,sugar_box,sugar_box,1,13.6,0.54
occ3_scene0014,view_el30_az195,mustard_bottle,mustard_bottle,1,38.9,1.36
occ3_scene0014,view_el30_az195,sugar_box,sugar_box,1,45.7,1.63
occ3_scene0014,view_el30_az210,sugar_box,mustard_bottle,0,39.9,0.83
occ3_scene0014,view_el30_az210,mustard_bottle,sugar_box,0,60.3,1.47
occ3_scene0014,view_el30_az210,mustard_bottle,sugar_box,0,13.3,0.36
occ3_scene0014,view_el30_az210,sugar_box,sugar_box,1,47.0,1.49
occ3_scene0014,view_el30_az210,banana,banana,1,119.0,5.93
occ3_scene0014,view_el30_az240,mustard_bottle,sugar_box,0,47.8,0.87
occ3_scene0014,view_el30_az240,mustard_bottle,sugar_box,0,24.1,0.62
occ3_scene0014,view_el30_az240,mustard_bottle,sugar_box,0,87.6,1.97
occ3_scene0014,view_el30_az240,mustard_bottle,sugar_box,0,10.9,0.23
occ3_scene0014,view_el30_az240,sugar_box,mustard_bottle,0,86.2,2.2
occ3_scene0014,view_el30_az240,sugar_box,mustard_bottle,0,85.9,2.16
occ3_scene0014,view_el30_az240,sugar_box,sugar_box,1,63.5,1.56
occ3_scene0014,view_el30_az240,sugar_box,mustard_bottle,0,62.5,2.68
occ3_scene0014,view_el30_az240,sugar_box,mustard_bottle,0,62.1,2.61
occ3_scene0014,view_el30_az240,mustard_bottle,sugar_box,0,49.3,1.51
occ3_scene0014,view_el30_az240,sugar_box,mustard_bottle,0,49.0,1.47
occ3_scene0014,view_el30_az240,mustard_bottle,mustard_bottle,1,0.4,0.04
occ3_scene0014,view_el45_az135,mustard_bottle,mustard_bottle,1,42.8,1.17
occ3_scene0014,view_el45_az225,mustard_bottle,sugar_box,0,27.7,0.43
occ3_scene0014,view_el45_az225,mustard_bottle,sugar_box,0,5.5,0.12
occ3_scene0014,view_el45_az225,mustard_bottle,sugar_box,0,74.1,1.38
occ3_scene0014,view_el45_az225,mustard_bottle,sugar_box,0,18.2,0.3
occ3_scene0014,view_el45_az225,mustard_bottle,sugar_box,0,4.1,0.09
occ3_scene0014,view_el45_az225,mustard_bottle,mustard_bottle,1,60.7,1.77
occ3_scene0014,view_el45_az225,mustard_bottle,mustard_bottle,1,58.6,1.78
occ3_scene0014,view_el45_az225,sugar_box,sugar_box,1,68.6,1.77
occ3_scene0014,view_el45_az225,sugar_box,sugar_box,1,70.5,1.84
occ3_scene0014,view_el45_az225,mustard_bottle,mustard_bottle,1,5.6,0.52
occ3_scene0014,view_el60_az180,mustard_bottle,mustard_bottle,1,2.7,0.07
occ3_scene0014,view_el60_az195,sugar_box,sugar_box,1,74.3,1.82
occ3_scene0014,view_el60_az255,mustard_bottle,sugar_box,0,4.2,0.08
occ3_scene0014,view_el60_az255,mustard_bottle,sugar_box,0,17.8,0.27
occ3_scene0014,view_el60_az255,mustard_bottle,sugar_box,0,17.8,0.27
occ3_scene0014,view_el60_az255,sugar_box,mustard_bottle,0,49.4,1.58
occ3_scene0014,view_el60_az255,sugar_box,mustard_bottle,0,49.4,1.58
occ3_scene0014,view_el60_az255,sugar_box,sugar_box,1,22.2,0.5
occ3_scene0014,view_el60_az255,sugar_box,sugar_box,1,22.0,0.49
occ3_scene0014,view_el60_az255,sugar_box,mustard_bottle,0,55.6,1.66
occ3_scene0014,view_el60_az255,mustard_bottle,mustard_bottle,1,48.3,1.04
occ3_scene0014,view_el60_az255,mustard_bottle,mustard_bottle,1,44.4,0.92
occ3_scene0014,view_el75_az105,sugar_box,mustard_bottle,0,47.7,0.7
occ3_scene0014,view_el75_az225,sugar_box,sugar_box,1,22.5,0.21
occ3_scene0014,view_el75_az225,sugar_box,mustard_bottle,0,7.1,0.1
occ3_scene0014,view_el75_az225,mustard_bottle,sugar_box,0,51.2,0.83
occ3_scene0014,view_el75_az225,sugar_box,sugar_box,1,69.2,1.97
occ3_scene0014,view_el75_az225,sugar_box,sugar_box,1,73.8,1.85
occ3_scene0014,view_el75_az225,mustard_bottle,mustard_bottle,1,55.2,1.98
occ3_scene0015,view_el30_az195,apple,padlock,0,96.4,5.82
occ3_scene0015,view_el30_az240,apple,padlock,0,76.8,4.62
occ3_scene0015,view_el45_az225,apple,padlock,0,82.5,4.3
occ3_scene0015,view_el45_az225,apple,apple,1,4.2,0.21
occ3_scene0015,view_el60_az180,apple,padlock,0,70.1,3.94
occ3_scene0015,view_el60_az180,apple,padlock,0,67.1,3.95
occ3_scene0015,view_el60_az180,padlock,padlock,1,9.3,0.86
occ3_scene0015,view_el60_az195,apple,padlock,0,73.9,4.11
occ3_scene0015,view_el60_az255,padlock,padlock,1,7.4,0.69
occ3_scene0015,view_el75_az105,padlock,padlock,1,12.8,1.33
occ3_scene0015,view_el75_az225,apple,padlock,0,58.3,4.19
occ3_scene0015,view_el75_az225,apple,padlock,0,56.0,4.09
occ3_scene0015,view_el90,padlock,padlock,1,10.0,1.33
occ3_scene0015,view_el90,padlock,padlock,1,5.0,0.5
occ3_scene0016,view_el30_az135,bleach_cleanser,bleach_cleanser,1,23.0,0.9
occ3_scene0016,view_el30_az135,bleach_cleanser,bleach_cleanser,1,5.8,0.23
occ3_scene0016,view_el30_az195,bleach_cleanser,bleach_cleanser,1,45.7,0.56
occ3_scene0016,view_el30_az240,bleach_cleanser,bleach_cleanser,1,89.9,4.39
occ3_scene0016,view_el30_az240,bleach_cleanser,bleach_cleanser,1,24.8,0.85
occ3_scene0016,view_el45_az135,bleach_cleanser,bleach_cleanser,1,12.1,0.43
occ3_scene0016,view_el45_az225,bleach_cleanser,bleach_cleanser,1,23.5,0.99
occ3_scene0016,view_el60_az180,bleach_cleanser,bleach_cleanser,1,47.0,0.93
occ3_scene0016,view_el60_az180,bleach_cleanser,bleach_cleanser,1,57.9,1.2
occ3_scene0016,view_el60_az180,bleach_cleanser,bleach_cleanser,1,13.2,0.25
occ3_scene0016,view_el60_az180,bleach_cleanser,bleach_cleanser,1,16.0,0.87
occ3_scene0016,view_el60_az195,bleach_cleanser,bleach_cleanser,1,47.5,1.41
occ3_scene0016,view_el60_az195,bleach_cleanser,bleach_cleanser,1,14.6,0.81
occ3_scene0016,view_el75_az105,bleach_cleanser,bleach_cleanser,1,73.6,0.87
occ3_scene0016,view_el75_az225,bleach_cleanser,bleach_cleanser,1,30.3,0.51
occ3_scene0016,view_el75_az225,bleach_cleanser,bleach_cleanser,1,63.5,1.4
occ3_scene0016,view_el75_az225,bleach_cleanser,bleach_cleanser,1,23.2,1.08
occ3_scene0016,view_el75_az225,bleach_cleanser,bleach_cleanser,1,25.1,1.29
occ3_scene0016,view_el90,bleach_cleanser,bleach_cleanser,1,65.0,0.93
occ3_scene0016,view_el90,bleach_cleanser,bleach_cleanser,1,35.0,0.58
occ3_scene0017,view_el30_az135,cracker_box,cracker_box,1,55.7,1.61
occ3_scene0017,view_el30_az135,cracker_box,cracker_box,1,42.5,0.59
occ3_scene0017,view_el30_az135,cracker_box,cracker_box,1,14.7,0.29
occ3_scene0017,view_el30_az135,cracker_box,cracker_box,1,15.0,0.55
occ3_scene0017,view_el30_az195,cracker_box,softball,0,140.7,3.34
occ3_scene0017,view_el30_az195,cracker_box,cracker_box,1,4.5,0.08
occ3_scene0017,view_el30_az195,cracker_box,cracker_box,1,25.6,0.87
occ3_scene0017,view_el30_az195,cracker_box,softball,0,137.9,3.51
occ3_scene0017,view_el30_az195,cracker_box,cracker_box,1,4.5,0.39
occ3_scene0017,view_el30_az210,cracker_box,cracker_box,1,6.5,0.14
occ3_scene0017,view_el30_az240,cracker_box,softball,0,195.6,3.76
occ3_scene0017,view_el30_az240,cracker_box,softball,0,198.1,5.64
occ3_scene0017,view_el30_az240,cracker_box,cracker_box,1,2.1,0.05
occ3_scene0017,view_el30_az240,cracker_box,softball,0,181.9,6.18
occ3_scene0017,view_el30_az240,cracker_box,softball,0,184.1,6.56
occ3_scene0017,view_el30_az240,cracker_box,cracker_box,1,28.7,0.77
occ3_scene0017,view_el30_az240,cracker_box,cracker_box,1,7.9,0.18
occ3_scene0017,view_el30_az240,cracker_box,cracker_box,1,18.2,0.36
occ3_scene0017,view_el30_az240,cracker_box,cracker_box,1,24.0,0.79
occ3_scene0017,view_el30_az240,cracker_box,softball,0,205.9,5.98
occ3_scene0017,view_el30_az240,cracker_box,softball,0,208.1,6.24
occ3_scene0017,view_el45_az135,cracker_box,cracker_box,1,59.3,1.52
occ3_scene0017,view_el45_az135,cracker_box,cracker_box,1,47.0,0.58
occ3_scene0017,view_el45_az135,cracker_box,cracker_box,1,30.4,0.86
occ3_scene0017,view_el45_az135,cracker_box,cracker_box,1,27.7,0.34
occ3_scene0017,view_el45_az225,cracker_box,cracker_box,1,1.7,0.04
occ3_scene0017,view_el45_az225,cracker_box,cracker_box,1,5.4,0.17
occ3_scene0017,view_el45_az225,cracker_box,cracker_box,1,28.9,1.37
occ3_scene0017,view_el45_az225,cracker_box,cracker_box,1,36.4,1.98
occ3_scene0017,view_el60_az180,cracker_box,softball,0,116.1,1.9
occ3_scene0017,view_el60_az180,cracker_box,softball,0,116.1,1.9
occ3_scene0017,view_el60_az180,cracker_box,cracker_box,1,34.6,0.61
occ3_scene0017,view_el60_az195,cracker_box,softball,0,132.1,2.2
occ3_scene0017,view_el60_az195,cracker_box,cracker_box,1,26.8,0.48
occ3_scene0017,view_el60_az255,cracker_box,cracker_box,1,31.5,0.38
occ3_scene0017,view_el60_az255,cracker_box,cracker_box,1,38.8,1.79
occ3_scene0017,view_el60_az255,cracker_box,cracker_box,1,39.0,2.25
occ3_scene0017,view_el75_az225,cracker_box,golf_ball,0,180.0,6.07
occ3_scene0018,view_el30_az135,flat_screwdriver,flat_screwdriver,1,82.4,2.14
occ3_scene0018,view_el30_az135,flat_screwdriver,flat_screwdriver,1,35.9,2.21
occ3_scene0018,view_el30_az135,flat_screwdriver,flat_screwdriver,1,34.2,2.06
occ3_scene0018,view_el30_az135,flat_screwdriver,flat_screwdriver,1,56.2,2.62
occ3_scene0018,view_el30_az195,peach,plum,0,94.5,6.34
occ3_scene0018,view_el30_az210,peach,plum,0,91.4,6.2
occ3_scene0018,view_el30_az240,flat_screwdriver,plum,0,85.2,4.81
occ3_scene0018,view_el30_az240,flat_screwdriver,plum,0,82.6,5.51
occ3_scene0018,view_el45_az135,flat_screwdriver,flat_screwdriver,1,64.8,2.23
occ3_scene0018,view_el75_az105,flat_screwdriver,flat_screwdriver,1,10.7,1.14
occ3_scene0018,view_el90,flat_screwdriver,flat_screwdriver,1,20.0,2.67
occ3_scene0019,view_el30_az135,tuna_fish_can,tuna_fish_can,1,22.8,1.15
occ3_scene0019,view_el30_az195,softball,padlock,0,135.1,6.6
occ3_scene0019,view_el30_az195,softball,padlock,0,127.5,3.4
occ3_scene0019,view_el30_az195,softball,padlock,0,121.8,6.2
occ3_scene0019,view_el30_az195,softball,padlock,0,120.1,6.38
occ3_scene0019,view_el30_az195,tuna_fish_can,tuna_fish_can,1,20.9,1.04
occ3_scene0019,view_el30_az195,padlock,padlock,1,8.6,0.79
occ3_scene0019,view_el30_az210,softball,padlock,0,132.8,5.37
occ3_scene0019,view_el30_az240,softball,tuna_fish_can,0,120.4,4.38
occ3_scene0019,view_el30_az240,softball,tuna_fish_can,0,113.4,5.37
occ3_scene0019,view_el30_az240,softball,padlock,0,132.0,6.28
occ3_scene0019,view_el30_az240,tuna_fish_can,tuna_fish_can,1,16.6,0.71
occ3_scene0019,view_el45_az225,softball,padlock,0,123.7,6.64
occ3_scene0019,view_el45_az225,softball,padlock,0,122.7,6.41
occ3_scene0019,view_el45_az225,tuna_fish_can,tuna_fish_can,1,13.3,0.65
occ3_scene0019,view_el60_az180,padlock,padlock,1,4.5,0.38
occ3_scene0019,view_el90,padlock,padlock,1,0.0,0.0
occ3_scene0020,view_el30_az135,mini_soccer_ball,orange,0,168.1,6.53
occ3_scene0020,view_el30_az195,mini_soccer_ball,wood_block,0,132.9,2.36
occ3_scene0020,view_el30_az195,mini_soccer_ball,wood_block,0,75.1,1.02
occ3_scene0020,view_el30_az195,mini_soccer_ball,wood_block,0,113.7,2.12
occ3_scene0020,view_el30_az195,mini_soccer_ball,wood_block,0,125.1,2.29
occ3_scene0020,view_el30_az210,wood_block,wood_block,1,121.2,2.27
occ3_scene0020,view_el30_az210,wood_block,wood_block,1,96.8,1.34
occ3_scene0020,view_el30_az210,wood_block,mini_soccer_ball,0,116.8,2.47
occ3_scene0020,view_el30_az210,mini_soccer_ball,wood_block,0,129.8,2.55
occ3_scene0020,view_el30_az210,mini_soccer_ball,mini_soccer_ball,1,25.4,0.64
occ3_scene0020,view_el30_az240,wood_block,orange,0,61.4,1.63
occ3_scene0020,view_el45_az135,mini_soccer_ball,orange,0,135.5,5.0
occ3_scene0020,view_el45_az225,wood_block,mini_soccer_ball,0,72.9,1.32
occ3_scene0020,view_el60_az180,wood_block,wood_block,1,23.2,0.24
occ3_scene0020,view_el60_az180,wood_block,wood_block,1,60.9,0.99
occ3_scene0020,view_el60_az180,wood_block,wood_block,1,14.6,0.18
occ3_scene0020,view_el60_az180,mini_soccer_ball,mini_soccer_ball,1,3.2,0.07
occ3_scene0020,view_el60_az180,wood_block,wood_block,1,46.5,0.88
occ3_scene0020,view_el60_az195,mini_soccer_ball,mini_soccer_ball,1,11.6,0.31
occ3_scene0020,view_el60_az195,wood_block,wood_block,1,52.6,0.97
occ3_scene0020,view_el60_az255,wood_block,wood_block,1,60.9,0.96
occ3_scene0020,view_el60_az255,mini_soccer_ball,mini_soccer_ball,1,7.2,0.13
occ3_scene0020,view_el75_az105,wood_block,orange,0,152.3,3.2
occ3_scene0020,view_el75_az105,wood_block,orange,0,159.7,3.89
occ3_scene0020,view_el75_az225,wood_block,wood_block,1,52.1,0.8
occ3_scene0020,view_el75_az225,mini_soccer_ball,mini_soccer_ball,1,2.1,0.06
occ3_scene0020,view_el90,mini_soccer_ball,mini_soccer_ball,1,15.0,0.56
occ3_scene0020,view_el90,mini_soccer_ball,mini_soccer_ball,1,5.0,0.17
occ3_scene0020,view_el90,mini_soccer_ball,mini_soccer_ball,1,5.0,0.17
occ4_scene0001,view_el30_az135,master_chef_can,cups,0,87.1,1.38
occ4_scene0001,view_el30_az135,master_chef_can,master_chef_can,1,17.8,0.35
occ4_scene0001,view_el30_az135,master_chef_can,cups,0,82.1,1.21
occ4_scene0001,view_el30_az135,master_chef_can,master_chef_can,1,0.9,0.02
occ4_scene0001,view_el30_az135,master_chef_can,cups,0,99.9,1.6
occ4_scene0001,view_el30_az135,cups,master_chef_can,0,84.6,1.72
occ4_scene0001,view_el30_az195,master_chef_can,master_chef_can,1,19.2,0.52
occ4_scene0001,view_el30_az195,cups,strawberry,0,60.7,3.58
occ4_scene0001,view_el30_az195,cups,strawberry,0,57.4,3.63
occ4_scene0001,view_el30_az210,cups,strawberry,0,49.2,2.94
occ4_scene0001,view_el30_az210,cups,cups,1,4.2,0.19
occ4_scene0001,view_el30_az210,cups,strawberry,0,51.7,2.84
occ4_scene0001,view_el30_az240,master_chef_can,cups,0,42.8,1.47
occ4_scene0001,view_el30_az240,master_chef_can,cups,0,40.3,1.37
occ4_scene0001,view_el30_az240,master_chef_can,cups,0,45.7,1.58
occ4_scene0001,view_el30_az240,cups,master_chef_can,0,43.2,1.81
occ4_scene0001,view_el30_az240,master_chef_can,cups,0,46.1,1.95
occ4_scene0001,view_el30_az240,cups,cups,1,5.2,0.25
occ4_scene0001,view_el45_az135,master_chef_can,cups,0,87.0,2.06
occ4_scene0001,view_el45_az135,master_chef_can,master_chef_can,1,18.0,0.37
occ4_scene0001,view_el45_az135,master_chef_can,cups,0,77.1,1.86
occ4_scene0001,view_el45_az135,master_chef_can,master_chef_can,1,17.5,0.52
occ4_scene0001,view_el45_az135,master_chef_can,cups,0,94.9,2.36
occ4_scene0001,view_el45_az135,cups,master_chef_can,0,77.9,2.9
occ4_scene0001,view_el45_az225,master_chef_can,cups,0,8.2,0.22
occ4_scene0001,view_el45_az225,master_chef_can,cups,0,21.9,0.6
occ4_scene0001,view_el45_az225,master_chef_can,master_chef_can,1,26.6,0.62
occ4_scene0001,view_el45_az225,cups,cups,1,12.5,0.8
occ4_scene0001,view_el60_az180,master_chef_can,master_chef_can,1,26.3,0.56
occ4_scene0001,view_el60_az180,cups,strawberry,0,61.7,3.16
occ4_scene0001,view_el60_az195,master_chef_can,master_chef_can,1,26.7,0.64
occ4_scene0001,view_el60_az195,cups,strawberry,0,56.6,3.15
occ4_scene0001,view_el60_az255,master_chef_can,cups,0,6.2,0.18
occ4_scene0001,view_el60_az255,master_chef_can,master_chef_can,1,23.4,0.57
occ4_scene0001,view_el60_az255,cups,master_chef_can,0,22.4,0.65
occ4_scene0001,view_el75_az105,master_chef_can,cups,0,82.7,3.68
occ4_scene0001,view_el75_az105,master_chef_can,cups,0,73.4,2.31
occ4_scene0001,view_el75_az105,master_chef_can,master_chef_can,1,54.9,0.73
occ4_scene0001,view_el75_az105,master_chef_can,cups,0,83.1,4.01
occ4_scene0001,view_el75_az105,master_chef_can,master_chef_can,1,28.4,0.76
occ4_scene0001,view_el75_az225,master_chef_can,master_chef_can,1,31.5,0.89
occ4_scene0001,view_el90,master_chef_can,master_chef_can,1,100.0,2.35
occ4_scene0002,view_el30_az135,mustard_bottle,master_chef_can,0,9.8,0.14
occ4_scene0002,view_el30_az135,mustard_bottle,master_chef_can,0,56.0,0.72
occ4_scene0002,view_el30_az135,mustard_bottle,master_chef_can,0,5.9,0.08
occ4_scene0002,view_el30_az135,mustard_bottle,mustard_bottle,1,32.5,0.72
occ4_scene0002,view_el30_az135,mustard_bottle,master_chef_can,0,52.1,0.68
occ4_scene0002,view_el30_az135,master_chef_can,cups,0,171.1,2.97
occ4_scene0002,view_el30_az135,master_chef_can,mustard_bottle,0,38.9,0.59
occ4_scene0002,view_el30_az135,master_chef_can,cups,0,176.7,3.14
occ4_scene0002,view_el30_az135,master_chef_can,cups,0,161.7,3.03
occ4_scene0002,view_el30_az135,mustard_bottle,master_chef_can,0,85.2,1.2
occ4_scene0002,view_el30_az135,cups,cups,1,15.0,0.85
occ4_scene0002,view_el30_az195,mustard_bottle,master_chef_can,0,54.7,1.23
occ4_scene0002,view_el30_az195,master_chef_can,mustard_bottle,0,43.0,0.98
occ4_scene0002,view_el30_az195,spatula,spatula,1,112.1,3.22
occ4_scene0002,view_el30_az210,spatula,spatula,1,86.7,2.87
occ4_scene0002,view_el30_az210,cups,cups,1,19.0,1.17
occ4_scene0002,view_el30_az240,master_chef_can,cups,0,26.3,0.9
occ4_scene0002,view_el30_az240,master_chef_can,cups,0,21.9,0.78
occ4_scene0002,view_el30_az240,master_chef_can,cups,0,37.2,1.39
occ4_scene0002,view_el30_az240,master_chef_can,cups,0,42.6,1.75
occ4_scene0002,view_el30_az240,spatula,spatula,1,23.8,1.39
occ4_scene0002,view_el30_az240,cups,cups,1,15.4,0.93
occ4_scene0002,view_el30_az240,cups,cups,1,20.7,1.46
occ4_scene0002,view_el30_az240,mustard_bottle,mustard_bottle,1,1.6,0.1
occ4_scene0002,view_el45_az135,mustard_bottle,master_chef_can,0,41.9,0.6
occ4_scene0002,view_el45_az135,mustard_bottle,master_chef_can,0,51.0,1.02
occ4_scene0002,view_el45_az135,mustard_bottle,master_chef_can,0,10.2,0.14
occ4_scene0002,view_el45_az135,mustard_bottle,master_chef_can,0,33.8,0.49
occ4_scene0002,view_el45_az135,mustard_bottle,master_chef_can,0,18.3,0.25
occ4_scene0002,view_el45_az135,mustard_bottle,mustard_bottle,1,51.4,0.85
occ4_scene0002,view_el45_az135,master_chef_can,cups,0,120.3,2.42
occ4_scene0002,view_el45_az135,master_chef_can,mustard_bottle,0,85.2,1.34
occ4_scene0002,view_el45_az135,master_chef_can,cups,0,126.3,2.57
occ4_scene0002,view_el45_az135,master_chef_can,master_chef_can,1,62.3,1.12
occ4_scene0002,view_el45_az135,master_chef_can,mustard_bottle,0,94.3,2.16
occ4_scene0002,view_el45_az135,master_chef_can,cups,0,172.4,3.26
occ4_scene0002,view_el45_az135,master_chef_can,mustard_bottle,0,33.0,0.5
occ4_scene0002,view_el45_az135,master_chef_can,cups,0,178.5,3.41
occ4_scene0002,view_el45_az225,master_chef_can,master_chef_can,1,36.2,0.89
occ4_scene0002,view_el45_az225,spatula,spatula,1,49.8,1.9
occ4_scene0002,view_el45_az225,cups,cups,1,18.7,1.0
occ4_scene0002,view_el45_az225,mustard_bottle,mustard_bottle,1,3.1,0.23
occ4_scene0002,view_el60_az180,master_chef_can,mustard_bottle,0,49.5,0.77
occ4_scene0002,view_el60_az180,mustard_bottle,master_chef_can,0,69.0,1.02
occ4_scene0002,view_el60_az180,master_chef_can,master_chef_can,1,32.0,0.73
occ4_scene0002,view_el60_az180,spatula,spatula,1,77.0,2.19
occ4_scene0002,view_el60_az195,master_chef_can,master_chef_can,1,37.2,0.88
occ4_scene0002,view_el60_az195,master_chef_can,master_chef_can,1,37.7,0.9
occ4_scene0002,view_el60_az195,spatula,spatula,1,68.2,2.08
occ4_scene0002,view_el60_az195,spatula,spatula,1,68.2,2.07
occ4_scene0002,view_el60_az195,spatula,spatula,1,41.5,2.33
occ4_scene0002,view_el60_az195,spatula,spatula,1,42.0,2.37
occ4_scene0002,view_el60_az255,master_chef_can,cups,0,10.8,0.27
occ4_scene0002,view_el60_az255,spatula,spatula,1,3.3,0.25
occ4_scene0002,view_el60_az255,master_chef_can,master_chef_can,1,37.6,0.89
occ4_scene0002,view_el60_az255,master_chef_can,cups,0,12.3,0.32
occ4_scene0002,view_el60_az255,spatula,spatula,1,4.6,0.81
occ4_scene0002,view_el60_az255,mustard_bottle,mustard_bottle,1,9.3,0.5
occ4_scene0002,view_el75_az105,master_chef_can,spatula,0,127.8,3.23
occ4_scene0002,view_el75_az105,master_chef_can,cups,0,90.5,1.09
occ4_scene0002,view_el75_az105,master_chef_can,cups,0,100.6,4.14
occ4_scene0002,view_el75_az105,master_chef_can,mustard_bottle,0,33.0,0.79
occ4_scene0002,view_el75_az105,master_chef_can,cups,0,95.6,3.78
occ4_scene0002,view_el75_az105,master_chef_can,master_chef_can,1,39.9,1.18
occ4_scene0002,view_el75_az105,master_chef_can,cups,0,99.6,6.31
occ4_scene0002,view_el75_az105,mustard_bottle,master_chef_can,0,68.9,1.44
occ4_scene0002,view_el75_az105,spatula,spatula,1,16.4,1.04
occ4_scene0002,view_el75_az225,master_chef_can,master_chef_can,1,42.4,1.12
occ4_scene0002,view_el75_az225,spatula,spatula,1,16.5,1.03
occ4_scene0002,view_el75_az225,spatula,spatula,1,14.9,1.58
occ4_scene0002,view_el90,master_chef_can,master_chef_can,1,70.0,2.66
occ4_scene0002,view_el90,spatula,spatula,1,5.0,0.5
occ4_scene0002,view_el90,spatula,spatula,1,5.0,0.5
occ4_scene0002,view_el90,spatula,spatula,1,5.0,1.0
occ4_scene0002,view_el90,spatula,spatula,1,0.0,0.0
occ4_scene0003,view_el30_az195,bleach_cleanser,pudding_box,0,166.3,4.85
occ4_scene0003,view_el30_az195,cups,strawberry,0,37.9,2.09
occ4_scene0003,view_el30_az195,bleach_cleanser,pudding_box,0,153.5,5.56
occ4_scene0003,view_el30_az195,cups,cups,1,1.1,0.05
occ4_scene0003,view_el30_az195,bleach_cleanser,bleach_cleanser,1,7.8,0.3
occ4_scene0003,view_el30_az210,bleach_cleanser,pudding_box,0,150.0,4.53
occ4_scene0003,view_el30_az210,bleach_cleanser,pudding_box,0,142.7,4.65
occ4_scene0003,view_el30_az210,bleach_cleanser,pudding_box,0,137.1,4.95
occ4_scene0003,view_el30_az210,bleach_cleanser,pudding_box,0,129.8,5.13
occ4_scene0003,view_el30_az210,cups,pudding_box,0,82.5,4.03
occ4_scene0003,view_el30_az210,pudding_box,cups,0,81.3,4.14
occ4_scene0003,view_el30_az210,pudding_box,cups,0,85.0,3.77
occ4_scene0003,view_el30_az210,cups,cups,1,3.7,0.15
occ4_scene0003,view_el30_az240,cups,pudding_box,0,116.5,4.41
occ4_scene0003,view_el30_az240,pudding_box,cups,0,120.3,4.41
occ4_scene0003,view_el30_az240,pudding_box,cups,0,114.0,3.8
occ4_scene0003,view_el45_az135,bleach_cleanser,bleach_cleanser,1,45.3,1.36
occ4_scene0003,view_el45_az135,bleach_cleanser,bleach_cleanser,1,19.7,0.6
occ4_scene0003,view_el45_az225,cups,pudding_box,0,91.0,3.4
occ4_scene0003,view_el45_az225,cups,cups,1,19.8,0.97
occ4_scene0003,view_el60_az180,bleach_cleanser,pudding_box,0,181.9,2.54
occ4_scene0003,view_el60_az180,bleach_cleanser,pudding_box,0,179.1,2.72
occ4_scene0003,view_el60_az180,bleach_cleanser,bleach_cleanser,1,32.3,0.41
occ4_scene0003,view_el60_az180,bleach_cleanser,bleach_cleanser,1,81.4,0.94
occ4_scene0003,view_el60_az180,bleach_cleanser,bleach_cleanser,1,78.4,0.88
occ4_scene0003,view_el60_az180,bleach_cleanser,bleach_cleanser,1,6.3,0.09
occ4_scene0003,view_el60_az180,cups,strawberry,0,58.4,4.38
occ4_scene0003,view_el60_az180,bleach_cleanser,pudding_box,0,233.4,4.13
occ4_scene0003,view_el60_az180,cups,strawberry,0,43.7,2.26
occ4_scene0003,view_el60_az180,bleach_cleanser,pudding_box,0,230.4,3.92
occ4_scene0003,view_el60_az180,bleach_cleanser,bleach_cleanser,1,22.8,0.37
occ4_scene0003,view_el60_az180,pudding_box,bleach_cleanser,0,252.5,4.9
occ4_scene0003,view_el60_az195,bleach_cleanser,pudding_box,0,171.4,2.83
occ4_scene0003,view_el60_az195,bleach_cleanser,bleach_cleanser,1,10.2,0.14
occ4_scene0003,view_el60_az195,bleach_cleanser,bleach_cleanser,1,76.6,1.12
occ4_scene0003,view_el60_az195,cups,strawberry,0,51.6,4.11
occ4_scene0003,view_el60_az195,pudding_box,bleach_cleanser,0,139.6,3.1
occ4_scene0003,view_el60_az195,pudding_box,bleach_cleanser,0,226.4,5.36
occ4_scene0003,view_el60_az195,pudding_box,bleach_cleanser,0,247.3,10.96
occ4_scene0003,view_el60_az195,bleach_cleanser,bleach_cleanser,1,28.4,0.38
occ4_scene0003,view_el60_az195,bleach_cleanser,bleach_cleanser,1,22.8,0.64
occ4_scene0003,view_el60_az195,bleach_cleanser,bleach_cleanser,1,21.5,0.58
occ4_scene0003,view_el60_az255,pudding_box,cups,0,75.1,3.32
occ4_scene0003,view_el60_az255,bleach_cleanser,bleach_cleanser,1,16.2,0.62
occ4_scene0003,view_el60_az255,cups,cups,1,19.2,0.83
occ4_scene0003,view_el75_az105,cups,strawberry,0,45.7,3.71
occ4_scene0003,view_el75_az225,bleach_cleanser,bleach_cleanser,1,42.5,0.57
occ4_scene0003,view_el90,bleach_cleanser,bleach_cleanser,1,65.0,1.0
occ4_scene0004,view_el30_az135,gelatin_box,mug,0,132.2,2.27
occ4_scene0004,view_el30_az135,gelatin_box,pear,0,99.4,5.07
occ4_scene0004,view_el30_az135,gelatin_box,pear,0,89.6,4.32
occ4_scene0004,view_el30_az135,mug,pear,0,64.0,2.97
occ4_scene0004,view_el30_az195,mug,mug,1,1.1,0.04
occ4_scene0004,view_el30_az210,mug,mug,1,3.3,0.11
occ4_scene0004,view_el30_az240,mug,pear,0,84.0,3.74
occ4_scene0004,view_el45_az135,mug,pear,0,46.5,1.7
occ4_scene0004,view_el45_az225,mug,mug,1,1.9,0.07
occ4_scene0004,view_el45_az225,mug,mug,1,1.3,0.05
occ4_scene0004,view_el45_az225,mug,mug,1,7.7,0.27
occ4_scene0004,view_el60_az255,mug,mug,1,15.5,0.84
occ4_scene0004,view_el60_az255,mug,mug,1,13.9,0.58
occ4_scene0004,view_el60_az255,mug,mug,1,15.6,0.91
occ4_scene0004,view_el60_az255,mug,mug,1,14.5,0.61
occ4_scene0004,view_el75_az225,mug,mug,1,26.4,1.9
occ4_scene0005,view_el30_az135,cups,cups,0,52.3,2.63
occ4_scene0005,view_el30_az135,cups,cups,1,7.5,0.23
occ4_scene0005,view_el30_az135,cups,cups,1,4.4,0.23
occ4_scene0005,view_el30_az135,cups,cups,0,50.7,2.76
occ4_scene0005,view_el30_az135,cups,cups,0,55.1,2.57
occ4_scene0005,view_el30_az195,cups,cups,0,96.4,3.91
occ4_scene0005,view_el30_az195,cups,cups,1,7.8,0.25
occ4_scene0005,view_el30_az195,cups,cups,0,91.1,3.05
occ4_scene0005,view_el30_az195,cups,cups,0,37.4,1.92
occ4_scene0005,view_el30_az195,cups,cups,0,33.5,1.83
occ4_scene0005,view_el30_az195,cups,cups,0,45.7,2.39
occ4_scene0005,view_el30_az195,cups,cups,1,12.2,0.6
occ4_scene0005,view_el30_az210,cups,cups,0,103.8,4.39
occ4_scene0005,view_el30_az210,cups,cups,1,9.0,0.28
occ4_scene0005,view_el30_az210,cups,cups,0,98.0,3.39
occ4_scene0005,view_el30_az210,cups,cups,1,13.5,0.69
occ4_scene0005,view_el30_az240,cups,cups,0,101.7,3.95
occ4_scene0005,view_el30_az240,cups,cups,0,106.0,4.03
occ4_scene0005,view_el30_az240,cups,cups,1,9.6,0.29
occ4_scene0005,view_el30_az240,cups,cups,0,94.9,3.02
occ4_scene0005,view_el30_az240,cups,cups,0,99.2,3.1
occ4_scene0005,view_el45_az135,cups,cups,0,44.4,2.37
occ4_scene0005,view_el45_az135,cups,cups,1,9.8,0.47
occ4_scene0005,view_el45_az225,cups,cups,0,78.3,2.75
occ4_scene0005,view_el45_az225,cups,cups,0,89.4,3.47
occ4_scene0005,view_el60_az180,cups,cups,0,29.8,1.39
occ4_scene0005,view_el60_az180,cups,cups,1,6.7,0.24
occ4_scene0005,view_el60_az195,cups,cups,0,25.7,1.16
occ4_scene0005,view_el60_az195,cups,cups,1,27.4,1.65
occ4_scene0005,view_el60_az255,cups,cups,1,23.2,1.08
occ4_scene0005,view_el60_az255,cups,cups,1,30.9,1.86
occ4_scene0005,view_el75_az105,cups,cups,0,16.9,1.3
occ4_scene0006,view_el30_az135,softball,cups,0,101.6,1.64
occ4_scene0006,view_el30_az135,cups,cups,1,0.3,0.01
occ4_scene0006,view_el30_az195,softball,cups,0,69.4,2.83
occ4_scene0006,view_el30_az195,softball,cups,0,72.1,3.11
occ4_scene0006,view_el30_az195,cups,cups,1,8.6,0.41
occ4_scene0006,view_el30_az195,cups,cups,1,7.5,0.29
occ4_scene0006,view_el30_az210,softball,cups,0,81.9,3.36
occ4_scene0006,view_el30_az210,cups,cups,1,8.2,0.36
occ4_scene0006,view_el30_az240,softball,cups,0,125.1,5.33
occ4_scene0006,view_el30_az240,cups,padlock,0,147.8,6.87
occ4_scene0006,view_el30_az240,softball,cups,0,94.1,3.69
occ4_scene0006,view_el30_az240,cups,cups,1,7.8,0.29
occ4_scene0006,view_el30_az240,cups,padlock,0,153.7,6.11
occ4_scene0006,view_el45_az135,cups,padlock,0,106.2,5.05
occ4_scene0006,view_el45_az135,cups,padlock,0,106.2,5.15
occ4_scene0006,view_el45_az135,cups,padlock,0,102.7,4.83
occ4_scene0006,view_el45_az135,softball,cups,0,87.3,3.3
occ4_scene0006,view_el45_az135,softball,cups,0,76.9,1.47
occ4_scene0006,view_el45_az135,cups,cups,1,5.2,0.22
occ4_scene0006,view_el45_az135,cups,cups,1,20.8,1.1
occ4_scene0006,view_el45_az225,softball,cups,0,79.2,2.34
occ4_scene0006,view_el45_az225,softball,cups,0,80.0,2.6
occ4_scene0006,view_el45_az225,softball,padlock,0,133.9,7.11
occ4_scene0006,view_el45_az225,softball,cups,0,83.9,2.87
occ4_scene0006,view_el45_az225,softball,cups,0,84.7,3.24
occ4_scene0006,view_el45_az225,softball,padlock,0,122.4,6.28
occ4_scene0006,view_el45_az225,softball,padlock,0,121.4,6.47
occ4_scene0006,view_el45_az225,cups,cups,1,10.8,0.39
occ4_scene0006,view_el60_az180,cups,cups,1,14.8,0.6
occ4_scene0006,view_el60_az180,cups,cups,1,12.5,0.82
occ4_scene0006,view_el60_az180,cups,cups,1,13.2,0.86
occ4_scene0006,view_el60_az180,cups,cups,1,14.1,0.56
occ4_scene0006,view_el60_az180,cups,cups,1,28.5,1.21
occ4_scene0006,view_el60_az180,cups,cups,1,13.2,0.59
occ4_scene0006,view_el60_az180,padlock,padlock,1,6.3,0.62
occ4_scene0006,view_el60_az195,cups,cups,1,17.8,0.75
occ4_scene0006,view_el60_az195,cups,cups,1,0.1,0.01
occ4_scene0006,view_el60_az195,cups,cups,1,29.3,1.12
occ4_scene0006,view_el60_az195,cups,cups,1,16.4,0.71
occ4_scene0006,view_el60_az195,cups,cups,1,21.5,1.1
occ4_scene0006,view_el60_az255,cups,softball,0,70.5,2.5
occ4_scene0006,view_el60_az255,cups,cups,1,17.1,0.53
occ4_scene0006,view_el60_az255,cups,cups,1,17.8,0.55
occ4_scene0006,view_el60_az255,cups,cups,1,30.5,1.12
occ4_scene0006,view_el60_az255,cups,cups,1,28.0,1.3
occ4_scene0006,view_el75_az105,cups,cups,1,0.3,0.02
occ4_scene0006,view_el75_az105,cups,cups,1,0.3,0.02
occ4_scene0006,view_el90,cups,cups,1,5.0,0.4
occ4_scene0006,view_el90,padlock,padlock,1,0.0,0.01
occ4_scene0007,view_el30_az135,rubiks_cube,lemon,0,76.3,4.18
occ4_scene0007,view_el30_az135,rubiks_cube,lemon,0,80.4,4.01
occ4_scene0007,view_el30_az135,rubiks_cube,rubiks_cube,1,5.9,0.38
occ4_scene0007,view_el30_az135,rubiks_cube,rubiks_cube,1,3.4,0.23
occ4_scene0007,view_el30_az135,rubiks_cube,rubiks_cube,1,3.4,0.23
occ4_scene0007,view_el30_az135,rubiks_cube,rubiks_cube,1,2.2,0.15
occ4_scene0007,view_el30_az135,rubiks_cube,rubiks_cube,1,8.3,0.52
occ4_scene0007,view_el30_az135,cups,cups,1,14.7,0.58
occ4_scene0007,view_el30_az135,rubiks_cube,lemon,0,78.5,4.0
occ4_scene0007,view_el30_az135,rubiks_cube,rubiks_cube,1,9.2,0.45
occ4_scene0007,view_el30_az135,rubiks_cube,rubiks_cube,1,7.2,0.48
occ4_scene0007,view_el30_az135,rubiks_cube,rubiks_cube,1,6.4,0.41
occ4_scene0007,view_el30_az135,rubiks_cube,rubiks_cube,1,1.7,0.1
occ4_scene0007,view_el30_az135,lemon,rubiks_cube,0,82.1,3.41
occ4_scene0007,view_el30_az135,rubiks_cube,rubiks_cube,1,1.7,0.09
occ4_scene0007,view_el30_az135,rubiks_cube,rubiks_cube,1,1.7,0.09
occ4_scene0007,view_el30_az135,rubiks_cube,rubiks_cube,1,3.6,0.18
occ4_scene0007,view_el30_az135,rubiks_cube,rubiks_cube,1,12.2,1.17
occ4_scene0007,view_el30_az135,rubiks_cube,rubiks_cube,1,12.2,1.22
occ4_scene0007,view_el30_az135,rubiks_cube,rubiks_cube,1,2.5,0.25
occ4_scene0007,view_el30_az135,rubiks_cube,rubiks_cube,1,9.4,2.06
occ4_scene0007,view_el30_az135,rubiks_cube,rubiks_cube,1,9.4,2.06
occ4_scene0007,view_el30_az135,rubiks_cube,rubiks_cube,1,3.6,0.84
occ4_scene0007,view_el30_az135,rubiks_cube,rubiks_cube,1,9.4,2.19
occ4_scene0007,view_el30_az135,rubiks_cube,rubiks_cube,1,9.4,2.19
occ4_scene0007,view_el30_az135,rubiks_cube,rubiks_cube,1,3.6,0.9
occ4_scene0007,view_el30_az135,rubiks_cube,rubiks_cube,1,5.6,1.05
occ4_scene0007,view_el30_az135,rubiks_cube,rubiks_cube,1,9.4,2.19
occ4_scene0007,view_el30_az135,rubiks_cube,rubiks_cube,1,5.6,1.05
occ4_scene0007,view_el30_az135,rubiks_cube,rubiks_cube,1,9.4,2.19
occ4_scene0007,view_el30_az135,rubiks_cube,rubiks_cube,1,7.5,1.15
occ4_scene0007,view_el30_az135,rubiks_cube,rubiks_cube,1,6.1,0.9
occ4_scene0007,view_el30_az135,rubiks_cube,rubiks_cube,1,7.5,1.5
occ4_scene0007,view_el30_az135,rubiks_cube,rubiks_cube,1,3.6,0.9
occ4_scene0007,view_el30_az135,rubiks_cube,rubiks_cube,1,6.1,0.64
occ4_scene0007,view_el30_az135,rubiks_cube,rubiks_cube,1,7.5,0.76
occ4_scene0007,view_el30_az135,rubiks_cube,rubiks_cube,1,7.5,1.1
occ4_scene0007,view_el30_az135,rubiks_cube,rubiks_cube,1,6.1,1.22
occ4_scene0007,view_el30_az195,cups,cups,1,6.9,0.27
occ4_scene0007,view_el30_az195,padlock,padlock,1,5.6,0.45
occ4_scene0007,view_el30_az210,cups,cups,1,7.8,0.31
occ4_scene0007,view_el30_az240,cups,cups,1,1.1,0.05
occ4_scene0007,view_el45_az135,cups,cups,1,8.3,0.29
occ4_scene0007,view_el45_az135,cups,cups,1,9.8,0.35
occ4_scene0007,view_el45_az135,padlock,padlock,1,1.0,0.08
occ4_scene0007,view_el45_az225,cups,cups,1,10.8,0.41
occ4_scene0007,view_el60_az180,rubiks_cube,rubiks_cube,1,14.2,0.83
occ4_scene0007,view_el60_az180,cups,cups,1,34.6,1.56
occ4_scene0007,view_el60_az180,padlock,padlock,1,3.2,0.35
occ4_scene0007,view_el60_az195,rubiks_cube,rubiks_cube,1,12.7,0.77
occ4_scene0007,view_el60_az195,cups,cups,1,33.4,1.62
occ4_scene0007,view_el60_az195,padlock,padlock,1,4.2,0.48
occ4_scene0007,view_el60_az255,cups,cups,1,21.6,0.89
occ4_scene0007,view_el75_az105,cups,lemon,0,15.1,1.05
occ4_scene0007,view_el75_az225,padlock,padlock,1,3.7,0.64
occ4_scene0008,view_el30_az135,wood_block,golf_ball,0,1.5,0.05
occ4_scene0008,view_el30_az135,cups,cups,1,8.1,0.34
occ4_scene0008,view_el30_az195,cups,cups,1,20.6,0.89
occ4_scene0008,view_el30_az210,cups,golf_ball,0,25.5,1.36
occ4_scene0008,view_el30_az210,cups,cups,1,20.4,0.93
occ4_scene0008,view_el30_az210,cups,golf_ball,0,31.6,1.99
occ4_scene0008,view_el30_az240,wood_block,cups,0,154.0,3.58
occ4_scene0008,view_el30_az240,wood_block,cups,0,160.0,3.9
occ4_scene0008,view_el30_az240,wood_block,cups,0,148.1,3.67
occ4_scene0008,view_el30_az240,wood_block,golf_ball,0,118.6,3.16
occ4_scene0008,view_el30_az240,cups,golf_ball,0,35.5,1.93
occ4_scene0008,view_el30_az240,cups,golf_ball,0,41.5,2.54
occ4_scene0008,view_el45_az135,wood_block,golf_ball,0,34.6,0.83
occ4_scene0008,view_el45_az135,cups,cups,1,12.9,0.47
occ4_scene0008,view_el45_az225,wood_block,golf_ball,0,121.6,2.72
occ4_scene0008,view_el45_az225,cups,golf_ball,0,19.8,0.89
occ4_scene0008,view_el45_az225,cups,cups,1,16.4,0.57
occ4_scene0008,view_el45_az225,cups,golf_ball,0,29.4,1.55
occ4_scene0008,view_el60_az180,wood_block,wood_block,1,57.3,0.9
occ4_scene0008,view_el60_az180,cups,cups,1,38.3,1.72
occ4_scene0008,view_el60_az195,wood_block,wood_block,1,58.4,0.84
occ4_scene0008,view_el60_az255,wood_block,cups,0,162.9,2.74
occ4_scene0008,view_el60_az255,wood_block,cups,0,149.6,3.06
occ4_scene0008,view_el60_az255,wood_block,golf_ball,0,3.8,0.05
occ4_scene0008,view_el60_az255,wood_block,wood_block,1,37.4,0.45
occ4_scene0008,view_el60_az255,wood_block,cups,0,178.5,3.03
occ4_scene0008,view_el60_az255,wood_block,cups,0,165.1,3.41
occ4_scene0008,view_el60_az255,wood_block,golf_ball,0,19.3,0.28
occ4_scene0008,view_el60_az255,cups,cups,1,14.3,0.75
occ4_scene0008,view_el75_az105,cups,golf_ball,0,56.8,3.83
occ4_scene0008,view_el90,wood_block,wood_block,1,55.0,1.0
occ4_scene0009,view_el30_az135,tomato_soup_can,bowl,0,109.8,3.06
occ4_scene0009,view_el30_az135,tomato_soup_can,racquetball,0,74.0,1.46
occ4_scene0009,view_el30_az135,tomato_soup_can,bowl,0,103.5,4.35
occ4_scene0009,view_el30_az135,bowl,tomato_soup_can,0,117.7,3.32
occ4_scene0009,view_el30_az135,tennis_ball,racquetball,0,74.0,1.65
occ4_scene0009,view_el30_az135,bowl,bowl,1,68.2,1.81
occ4_scene0009,view_el30_az195,tomato_soup_can,tennis_ball,0,85.0,3.79
occ4_scene0009,view_el30_az195,tomato_soup_can,tennis_ball,0,85.0,3.79
occ4_scene0009,view_el30_az195,tomato_soup_can,tennis_ball,0,76.9,2.67
occ4_scene0009,view_el30_az195,tomato_soup_can,racquetball,0,82.5,2.23
occ4_scene0009,view_el30_az195,tomato_soup_can,tennis_ball,0,70.2,2.93
occ4_scene0009,view_el30_az195,tomato_soup_can,tennis_ball,0,70.2,2.93
occ4_scene0009,view_el30_az195,tomato_soup_can,tennis_ball,0,64.6,2.85
occ4_scene0009,view_el30_az195,tomato_soup_can,racquetball,0,76.6,3.42
occ4_scene0009,view_el30_az210,tomato_soup_can,tennis_ball,0,79.0,3.7
occ4_scene0009,view_el30_az210,tomato_soup_can,tennis_ball,0,79.0,3.7
occ4_scene0009,view_el30_az210,tomato_soup_can,tennis_ball,0,87.1,4.64
occ4_scene0009,view_el30_az210,bowl,bowl,1,12.7,0.44
occ4_scene0009,view_el30_az210,bowl,bowl,1,26.5,1.68
occ4_scene0009,view_el30_az240,bowl,racquetball,0,125.4,2.29
occ4_scene0009,view_el30_az240,tomato_soup_can,tennis_ball,0,96.5,4.36
occ4_scene0009,view_el30_az240,tomato_soup_can,tennis_ball,0,88.4,4.36
occ4_scene0009,view_el45_az135,bowl,tomato_soup_can,0,105.0,2.6
occ4_scene0009,view_el45_az135,bowl,tomato_soup_can,0,105.0,2.63
occ4_scene0009,view_el45_az135,bowl,tomato_soup_can,0,111.8,3.01
occ4_scene0009,view_el45_az135,tomato_soup_can,bowl,0,84.0,3.82
occ4_scene0009,view_el45_az135,tomato_soup_can,racquetball,0,73.5,2.88
occ4_scene0009,view_el45_az135,tomato_soup_can,bowl,0,84.0,3.9
occ4_scene0009,view_el45_az135,tomato_soup_can,racquetball,0,73.5,2.91
occ4_scene0009,view_el45_az135,tomato_soup_can,bowl,0,90.8,4.85
occ4_scene0009,view_el45_az135,tomato_soup_can,racquetball,0,80.3,3.57
occ4_scene0009,view_el45_az135,tomato_soup_can,racquetball,0,86.4,4.4
occ4_scene0009,view_el60_az180,tomato_soup_can,tennis_ball,0,51.6,1.78
occ4_scene0009,view_el60_az180,tomato_soup_can,racquetball,0,74.8,2.64
occ4_scene0009,view_el60_az180,tomato_soup_can,tennis_ball,0,57.6,2.64
occ4_scene0009,view_el60_az180,tomato_soup_can,tomato_soup_can,1,21.5,0.66
occ4_scene0009,view_el60_az180,tomato_soup_can,racquetball,0,80.8,3.82
occ4_scene0009,view_el60_az195,tomato_soup_can,tennis_ball,0,58.6,2.06
occ4_scene0009,view_el60_az195,tomato_soup_can,racquetball,0,72.7,2.73
occ4_scene0009,view_el60_az195,tomato_soup_can,tennis_ball,0,64.8,3.06
occ4_scene0009,view_el60_az195,tomato_soup_can,tomato_soup_can,1,24.6,0.82
occ4_scene0009,view_el60_az195,tomato_soup_can,racquetball,0,79.0,4.08
occ4_scene0009,view_el60_az255,tomato_soup_can,tennis_ball,0,84.6,3.07
occ4_scene0009,view_el60_az255,tomato_soup_can,tennis_ball,0,64.8,2.25
occ4_scene0009,view_el60_az255,tomato_soup_can,tennis_ball,0,56.4,2.02
occ4_scene0009,view_el75_az225,tomato_soup_can,tennis_ball,0,60.0,3.21
occ4_scene0010,view_el30_az135,bleach_cleanser,peach,0,53.5,1.6
occ4_scene0010,view_el30_az135,cups,peach,0,88.0,3.83
occ4_scene0010,view_el30_az135,bleach_cleanser,bleach_cleanser,1,25.8,0.94
occ4_scene0010,view_el30_az135,cups,peach,0,89.3,4.8
occ4_scene0010,view_el30_az135,flat_screwdriver,flat_screwdriver,1,35.9,2.23
occ4_scene0010,view_el30_az135,flat_screwdriver,flat_screwdriver,1,73.2,1.72
occ4_scene0010,view_el30_az135,flat_screwdriver,flat_screwdriver,1,35.4,2.35
occ4_scene0010,view_el30_az135,bleach_cleanser,peach,0,93.5,4.67
occ4_scene0010,view_el30_az135,flat_screwdriver,flat_screwdriver,1,49.5,1.9
occ4_scene0010,view_el30_az195,bleach_cleanser,cups,0,95.4,1.87
occ4_scene0010,view_el30_az195,bleach_cleanser,peach,0,48.3,1.5
occ4_scene0010,view_el30_az195,cups,peach,0,66.6,3.46
occ4_scene0010,view_el30_az195,cups,peach,0,55.8,2.55
occ4_scene0010,view_el30_az195,cups,cups,1,8.9,0.3
occ4_scene0010,view_el30_az195,cups,peach,0,49.0,1.75
occ4_scene0010,view_el30_az210,cups,cups,1,7.5,0.27
occ4_scene0010,view_el30_az210,bleach_cleanser,bleach_cleanser,1,5.7,0.23
occ4_scene0010,view_el30_az240,bleach_cleanser,flat_screwdriver,0,153.1,3.94
occ4_scene0010,view_el30_az240,bleach_cleanser,flat_screwdriver,0,148.5,4.53
occ4_scene0010,view_el30_az240,bleach_cleanser,flat_screwdriver,0,154.1,4.06
occ4_scene0010,view_el30_az240,bleach_cleanser,flat_screwdriver,0,149.6,4.55
occ4_scene0010,view_el30_az240,cups,cups,1,6.0,0.2
occ4_scene0010,view_el45_az135,cups,peach,0,66.9,3.07
occ4_scene0010,view_el45_az135,bleach_cleanser,bleach_cleanser,1,13.7,0.72
occ4_scene0010,view_el45_az135,flat_screwdriver,flat_screwdriver,1,60.8,1.91
occ4_scene0010,view_el45_az225,cups,cups,1,3.3,0.12
occ4_scene0010,view_el45_az225,cups,cups,1,26.5,0.88
occ4_scene0010,view_el45_az225,bleach_cleanser,bleach_cleanser,1,12.7,0.41
occ4_scene0010,view_el45_az225,cups,cups,1,34.6,1.17
occ4_scene0010,view_el60_az180,cups,peach,0,59.8,3.42
occ4_scene0010,view_el60_az180,cups,peach,0,46.0,2.28
occ4_scene0010,view_el60_az180,bleach_cleanser,bleach_cleanser,1,16.6,0.53
occ4_scene0010,view_el60_az180,flat_screwdriver,flat_screwdriver,1,23.2,1.46
occ4_scene0010,view_el60_az195,bleach_cleanser,bleach_cleanser,1,83.1,1.18
occ4_scene0010,view_el60_az195,cups,peach,0,39.3,1.91
occ4_scene0010,view_el60_az195,bleach_cleanser,bleach_cleanser,1,16.7,0.44
occ4_scene0010,view_el60_az195,cups,cups,1,10.0,0.36
occ4_scene0010,view_el60_az255,bleach_cleanser,flat_screwdriver,0,197.7,3.65
occ4_scene0010,view_el60_az255,bleach_cleanser,flat_screwdriver,0,172.1,3.28
occ4_scene0010,view_el60_az255,bleach_cleanser,flat_screwdriver,0,195.6,3.32
occ4_scene0010,view_el60_az255,bleach_cleanser,flat_screwdriver,0,165.2,2.81
occ4_scene0010,view_el60_az255,bleach_cleanser,bleach_cleanser,1,90.1,1.22
occ4_scene0010,view_el60_az255,bleach_cleanser,flat_screwdriver,0,160.1,2.88
occ4_scene0010,view_el60_az255,bleach_cleanser,bleach_cleanser,1,92.8,1.34
occ4_scene0010,view_el60_az255,bleach_cleanser,bleach_cleanser,1,22.2,0.44
occ4_scene0010,view_el60_az255,bleach_cleanser,bleach_cleanser,1,22.8,0.56
occ4_scene0010,view_el60_az255,cups,cups,1,22.5,1.12
occ4_scene0010,view_el60_az255,cups,cups,1,15.7,0.68
occ4_scene0010,view_el75_az105,bleach_cleanser,bleach_cleanser,1,25.8,0.85
occ4_scene0010,view_el75_az105,flat_screwdriver,flat_screwdriver,1,9.6,0.99
occ4_scene0010,view_el75_az225,bleach_cleanser,bleach_cleanser,1,88.3,1.05
occ4_scene0010,view_el90,flat_screwdriver,flat_screwdriver,1,15.1,3.0
occ4_scene0011,view_el30_az135,pitcher_base,pitcher_base,1,17.6,0.32
occ4_scene0011,view_el30_az135,pitcher_base,cups,0,141.6,1.69
occ4_scene0011,view_el30_az135,pitcher_base,cups,0,144.4,1.75
occ4_scene0011,view_el30_az135,pitcher_base,cups,0,136.6,1.5
occ4_scene0011,view_el30_az135,cups,mug,0,55.1,2.32
occ4_scene0011,view_el30_az135,mug,cups,0,57.6,2.71
occ4_scene0011,view_el30_az135,mug,cups,0,51.7,1.9
occ4_scene0011,view_el30_az135,cups,cups,1,5.9,0.24
occ4_scene0011,view_el30_az135,pitcher_base,cups,0,131.3,2.0
occ4_scene0011,view_el30_az135,pitcher_base,cups,0,134.1,2.07
occ4_scene0011,view_el30_az135,pitcher_base,cups,0,126.3,1.73
occ4_scene0011,view_el30_az135,cups,cups,1,7.8,0.08
occ4_scene0011,view_el30_az195,cups,mug,0,73.6,2.75
occ4_scene0011,view_el30_az195,cups,mug,0,78.9,2.91
occ4_scene0011,view_el30_az195,mug,cups,0,71.1,2.92
occ4_scene0011,view_el30_az195,mug,cups,0,78.6,2.7
occ4_scene0011,view_el30_az195,cups,mug,0,76.4,3.08
occ4_scene0011,view_el30_az195,cups,cups,1,7.5,0.3
occ4_scene0011,view_el30_az195,mug,cups,0,83.9,2.84
occ4_scene0011,view_el30_az195,mug,mug,1,10.8,0.44
occ4_scene0011,view_el30_az210,pitcher_base,mug,0,165.0,2.71
occ4_scene0011,view_el30_az210,pitcher_base,mug,0,172.5,3.03
occ4_scene0011,view_el30_az210,pitcher_base,cups,0,147.0,1.33
occ4_scene0011,view_el30_az210,pitcher_base,cups,0,150.2,1.39
occ4_scene0011,view_el30_az210,pitcher_base,cups,0,141.1,1.21
occ4_scene0011,view_el30_az210,cups,mug,0,52.9,1.82
occ4_scene0011,view_el30_az210,cups,mug,0,60.4,2.39
occ4_scene0011,view_el30_az210,mug,mug,1,14.8,0.15
occ4_scene0011,view_el30_az210,mug,cups,0,50.0,1.83
occ4_scene0011,view_el30_az210,mug,cups,0,60.1,1.95
occ4_scene0011,view_el30_az210,mug,cups,0,57.5,2.44
occ4_scene0011,view_el30_az210,mug,cups,0,67.7,2.5
occ4_scene0011,view_el30_az210,cups,cups,1,10.1,0.42
occ4_scene0011,view_el30_az210,cups,cups,1,9.3,0.07
occ4_scene0011,view_el30_az240,pitcher_base,cups,0,155.9,1.31
occ4_scene0011,view_el30_az240,pitcher_base,cups,0,164.0,2.83
occ4_scene0011,view_el30_az240,pitcher_base,cups,0,23.5,0.2
occ4_scene0011,view_el30_az240,cups,cups,1,12.2,0.74
occ4_scene0011,view_el30_az240,cups,cups,1,140.5,1.59
occ4_scene0011,view_el45_az135,pitcher_base,pitcher_base,1,12.5,0.23
occ4_scene0011,view_el45_az135,pitcher_base,cups,0,154.6,1.67
occ4_scene0011,view_el45_az135,pitcher_base,pitcher_base,1,61.3,0.91
occ4_scene0011,view_el45_az135,pitcher_base,pitcher_base,1,12.3,0.17
occ4_scene0011,view_el45_az135,cups,mug,0,41.9,1.71
occ4_scene0011,view_el45_az135,cups,mug,0,43.7,1.8
occ4_scene0011,view_el45_az135,pitcher_base,pitcher_base,1,49.0,1.01
occ4_scene0011,view_el45_az135,pitcher_base,pitcher_base,1,18.1,0.64
occ4_scene0011,view_el45_az135,pitcher_base,cups,0,141.3,1.84
occ4_scene0011,view_el45_az135,mug,mug,1,4.8,0.18
occ4_scene0011,view_el45_az225,pitcher_base,pitcher_base,1,40.3,0.48
occ4_scene0011,view_el45_az225,pitcher_base,cups,0,150.5,2.3
occ4_scene0011,view_el45_az225,pitcher_base,cups,0,141.4,2.28
occ4_scene0011,view_el45_az225,pitcher_base,cups,0,153.0,2.42
occ4_scene0011,view_el45_az225,pitcher_base,cups,0,146.8,2.23
occ4_scene0011,view_el45_az225,pitcher_base,pitcher_base,1,39.4,0.42
occ4_scene0011,view_el45_az225,pitcher_base,cups,0,133.9,2.09
occ4_scene0011,view_el45_az225,pitcher_base,cups,0,124.8,2.06
occ4_scene0011,view_el45_az225,pitcher_base,cups,0,136.4,2.21
occ4_scene0011,view_el45_az225,pitcher_base,cups,0,130.1,2.03
occ4_scene0011,view_el45_az225,pitcher_base,pitcher_base,1,66.9,0.49
occ4_scene0011,view_el45_az225,pitcher_base,pitcher_base,1,66.9,0.49
occ4_scene0011,view_el45_az225,pitcher_base,pitcher_base,1,106.7,0.82
occ4_scene0011,view_el45_az225,pitcher_base,pitcher_base,1,106.7,0.82
occ4_scene0011,view_el45_az225,cups,cups,1,6.2,0.21
occ4_scene0011,view_el60_az180,pitcher_base,pitcher_base,1,131.9,1.62
occ4_scene0011,view_el60_az180,pitcher_base,pitcher_base,1,42.1,0.63
occ4_scene0011,view_el60_az180,pitcher_base,pitcher_base,1,39.1,0.4
occ4_scene0011,view_el60_az180,pitcher_base,pitcher_base,1,42.8,0.63
occ4_scene0011,view_el60_az180,pitcher_base,pitcher_base,1,3.7,0.05
occ4_scene0011,view_el60_az180,cups,mug,0,42.5,1.58
occ4_scene0011,view_el60_az195,pitcher_base,pitcher_base,1,104.1,1.03
occ4_scene0011,view_el60_az195,pitcher_base,pitcher_base,1,27.3,0.41
occ4_scene0011,view_el60_az195,pitcher_base,pitcher_base,1,31.3,0.32
occ4_scene0011,view_el60_az195,pitcher_base,pitcher_base,1,32.0,0.46
occ4_scene0011,view_el60_az195,pitcher_base,pitcher_base,1,25.9,0.37
occ4_scene0011,view_el60_az195,pitcher_base,pitcher_base,1,63.0,1.07
occ4_scene0011,view_el60_az195,mug,cups,0,42.3,1.52
occ4_scene0011,view_el60_az255,pitcher_base,pitcher_base,1,104.7,0.97
occ4_scene0011,view_el60_az255,pitcher_base,mug,0,211.6,3.38
occ4_scene0011,view_el60_az255,pitcher_base,mug,0,208.1,2.84
occ4_scene0011,view_el60_az255,pitcher_base,pitcher_base,1,108.9,1.11
occ4_scene0011,view_el60_az255,pitcher_base,mug,0,200.2,3.0
occ4_scene0011,view_el60_az255,pitcher_base,pitcher_base,1,19.6,0.29
occ4_scene0011,view_el60_az255,pitcher_base,pitcher_base,1,26.8,0.26
occ4_scene0011,view_el60_az255,pitcher_base,mug,0,207.1,3.01
occ4_scene0011,view_el60_az255,pitcher_base,pitcher_base,1,26.5,0.38
occ4_scene0011,view_el60_az255,pitcher_base,pitcher_base,1,26.4,0.26
occ4_scene0011,view_el60_az255,pitcher_base,mug,0,206.8,2.98
occ4_scene0011,view_el60_az255,pitcher_base,pitcher_base,1,26.2,0.37
occ4_scene0011,view_el60_az255,mug,pitcher_base,0,180.6,6.39
occ4_scene0011,view_el60_az255,cups,cups,1,26.1,1.58
occ4_scene0011,view_el75_az105,pitcher_base,pitcher_base,1,57.6,0.63
occ4_scene0011,view_el75_az105,pitcher_base,pitcher_base,1,23.7,0.31
occ4_scene0011,view_el75_az105,mug,mug,1,27.2,2.59
occ4_scene0011,view_el75_az105,pitcher_base,pitcher_base,1,33.9,0.44
occ4_scene0011,view_el75_az105,cups,cups,1,4.9,0.38
occ4_scene0011,view_el75_az105,cups,cups,1,5.1,0.39
occ4_scene0011,view_el75_az225,pitcher_base,cups,0,168.5,3.0
occ4_scene0011,view_el75_az225,pitcher_base,pitcher_base,1,22.7,0.38
occ4_scene0011,view_el75_az225,mug,pitcher_base,0,162.5,6.67
occ4_scene0011,view_el75_az225,mug,mug,1,33.5,1.68
occ4_scene0011,view_el90,pitcher_base,pitcher_base,1,55.0,0.82
occ4_scene0011,view_el90,mug,cups,0,10.0,0.8
occ4_scene0012,view_el30_az135,wood_block,cups,0,214.5,5.25
occ4_scene0012,view_el30_az135,wood_block,cups,0,205.1,1.6
occ4_scene0012,view_el30_az195,wood_block,banana,0,92.3,2.2
occ4_scene0012,view_el30_az195,cups,cups,1,4.4,0.19
occ4_scene0012,view_el30_az210,wood_block,banana,0,96.5,1.75
occ4_scene0012,view_el30_az210,wood_block,banana,0,22.5,0.61
occ4_scene0012,view_el30_az210,banana,banana,1,113.4,3.62
occ4_scene0012,view_el30_az210,cups,cups,1,6.5,0.28
occ4_scene0012,view_el45_az135,wood_block,cups,0,210.9,4.07
occ4_scene0012,view_el45_az135,wood_block,cups,0,210.9,4.23
occ4_scene0012,view_el45_az135,wood_block,cups,0,212.8,3.99
occ4_scene0012,view_el45_az135,wood_block,cups,0,238.2,7.38
occ4_scene0012,view_el45_az135,wood_block,cups,0,240.1,7.09
occ4_scene0012,view_el45_az135,cups,cups,1,1.9,0.07
occ4_scene0012,view_el60_az180,wood_block,wood_block,1,49.8,0.76
occ4_scene0012,view_el60_az180,wood_block,wood_block,1,8.5,0.11
occ4_scene0012,view_el60_az180,wood_block,wood_block,1,41.5,0.7
occ4_scene0012,view_el60_az195,wood_block,wood_block,1,49.9,0.84
occ4_scene0012,view_el60_az195,wood_block,wood_block,1,2.1,0.03
occ4_scene0012,view_el60_az195,wood_block,wood_block,1,48.2,0.82
occ4_scene0012,view_el60_az255,wood_block,wood_block,1,57.0,0.97
occ4_scene0012,view_el75_az225,wood_block,wood_block,1,52.9,0.75
occ4_scene0012,view_el75_az225,cups,cups,1,8.0,0.3
occ4_scene0012,view_el90,wood_block,wood_block,1,44.9,0.86
occ4_scene0013,view_el30_az135,cups,banana,0,109.4,4.85
occ4_scene0013,view_el30_az135,banana,cups,0,106.9,4.36
occ4_scene0013,view_el30_az135,cups,cups,1,3.4,0.17
occ4_scene0013,view_el30_az195,cups,peach,0,56.0,2.41
occ4_scene0013,view_el30_az210,cups,peach,0,58.9,2.53
occ4_scene0013,view_el30_az210,peach,cups,0,58.7,2.87
occ4_scene0013,view_el45_az135,cups,cups,1,4.8,0.24
occ4_scene0013,view_el45_az225,cups,peach,0,46.9,1.78
occ4_scene0013,view_el60_az195,cups,peach,0,19.6,1.32
occ4_scene0013,view_el75_az225,banana,banana,1,152.3,4.39
occ4_scene0014,view_el30_az135,mustard_bottle,racquetball,0,90.2,3.04
occ4_scene0014,view_el30_az135,mustard_bottle,mustard_bottle,1,33.0,1.04
occ4_scene0014,view_el30_az135,spatula,spatula,1,108.3,2.62
occ4_scene0014,view_el30_az195,mustard_bottle,mustard_bottle,1,39.5,1.43
occ4_scene0014,view_el30_az210,mustard_bottle,mustard_bottle,1,41.7,1.59
occ4_scene0014,view_el30_az210,mustard_bottle,mustard_bottle,1,39.4,1.4
occ4_scene0014,view_el30_az210,mustard_bottle,mustard_bottle,1,46.9,1.92
occ4_scene0014,view_el30_az210,mustard_bottle,mustard_bottle,1,44.7,1.68
occ4_scene0014,view_el30_az210,spatula,spatula,1,87.2,2.84
occ4_scene0014,view_el30_az210,mustard_bottle,mustard_bottle,1,3.5,0.31
occ4_scene0014,view_el30_az240,mustard_bottle,racquetball,0,26.8,0.96
occ4_scene0014,view_el30_az240,spatula,spatula,1,22.8,1.32
occ4_scene0014,view_el30_az240,mustard_bottle,mustard_bottle,1,1.7,0.18
occ4_scene0014,view_el30_az240,mustard_bottle,mustard_bottle,1,1.0,0.14
occ4_scene0014,view_el45_az135,mustard_bottle,mustard_bottle,1,50.7,1.06
occ4_scene0014,view_el45_az135,spatula,spatula,1,94.7,2.58
occ4_scene0014,view_el45_az225,mustard_bottle,racquetball,0,4.1,0.11
occ4_scene0014,view_el45_az225,spatula,spatula,1,48.6,1.83
occ4_scene0014,view_el45_az225,mustard_bottle,mustard_bottle,1,6.6,0.44
occ4_scene0014,view_el60_az180,spatula,spatula,1,75.7,2.19
occ4_scene0014,view_el60_az180,spatula,spatula,1,43.7,2.41
occ4_scene0014,view_el60_az180,mustard_bottle,mustard_bottle,1,8.0,0.18
occ4_scene0014,view_el60_az195,spatula,spatula,1,65.5,2.03
occ4_scene0014,view_el60_az255,mustard_bottle,racquetball,0,14.5,0.34
occ4_scene0014,view_el60_az255,spatula,spatula,1,3.9,0.29
occ4_scene0014,view_el75_az105,mustard_bottle,racquetball,0,119.9,2.64
occ4_scene0014,view_el75_az105,mustard_bottle,racquetball,0,114.6,3.86
occ4_scene0014,view_el75_az105,spatula,spatula,1,15.7,1.0
occ4_scene0014,view_el75_az105,spatula,spatula,1,13.9,1.75
occ4_scene0014,view_el75_az225,spatula,spatula,1,13.5,1.59
occ4_scene0014,view_el75_az225,mustard_bottle,mustard_bottle,1,61.9,2.29
occ4_scene0014,view_el90,spatula,spatula,1,5.0,0.5
occ4_scene0015,view_el30_az135,wood_block,wood_block,1,39.6,0.73
occ4_scene0015,view_el30_az135,wood_block,foam_brick,0,5.1,0.11
occ4_scene0015,view_el30_az135,wood_block,sugar_box,0,102.4,1.83
occ4_scene0015,view_el30_az135,wood_block,banana,0,13.0,0.26
occ4_scene0015,view_el30_az135,wood_block,sugar_box,0,123.9,2.64
occ4_scene0015,view_el30_az135,wood_block,foam_brick,0,41.0,0.68
occ4_scene0015,view_el30_az135,wood_block,foam_brick,0,67.4,1.59
occ4_scene0015,view_el30_az135,foam_brick,banana,0,59.3,2.28
occ4_scene0015,view_el30_az135,sugar_box,sugar_box,1,28.4,1.2
occ4_scene0015,view_el30_az210,wood_block,sugar_box,0,44.7,0.86
occ4_scene0015,view_el30_az210,wood_block,sugar_box,0,72.0,1.89
occ4_scene0015,view_el30_az210,sugar_box,wood_block,0,48.0,0.93
occ4_scene0015,view_el30_az210,wood_block,sugar_box,0,75.3,2.02
occ4_scene0015,view_el30_az210,sugar_box,sugar_box,1,46.4,1.65
occ4_scene0015,view_el30_az210,banana,foam_brick,0,91.6,3.51
occ4_scene0015,view_el30_az240,sugar_box,wood_block,0,74.6,1.34
occ4_scene0015,view_el30_az240,wood_block,sugar_box,0,57.1,1.19
occ4_scene0015,view_el30_az240,wood_block,sugar_box,0,100.9,2.2
occ4_scene0015,view_el30_az240,wood_block,sugar_box,0,48.7,0.99
occ4_scene0015,view_el30_az240,sugar_box,sugar_box,1,43.8,1.3
occ4_scene0015,view_el30_az240,banana,foam_brick,0,120.6,2.92
occ4_scene0015,view_el45_az135,foam_brick,banana,0,52.3,2.19
occ4_scene0015,view_el45_az135,sugar_box,sugar_box,1,62.8,1.72
occ4_scene0015,view_el45_az135,sugar_box,sugar_box,1,39.5,1.48
occ4_scene0015,view_el45_az225,wood_block,sugar_box,0,45.6,0.65
occ4_scene0015,view_el45_az225,wood_block,sugar_box,0,73.1,1.43
occ4_scene0015,view_el45_az225,wood_block,sugar_box,0,13.0,0.22
occ4_scene0015,view_el45_az225,wood_block,sugar_box,0,8.1,0.14
occ4_scene0015,view_el45_az225,sugar_box,wood_block,0,51.6,0.73
occ4_scene0015,view_el45_az225,wood_block,sugar_box,0,79.1,1.52
occ4_scene0015,view_el45_az225,wood_block,sugar_box,0,19.0,0.32
occ4_scene0015,view_el45_az225,wood_block,sugar_box,0,14.2,0.24
occ4_scene0015,view_el45_az225,sugar_box,sugar_box,1,60.1,1.69
occ4_scene0015,view_el45_az225,banana,foam_brick,0,86.9,2.67
occ4_scene0015,view_el60_az180,wood_block,wood_block,1,59.0,0.8
occ4_scene0015,view_el60_az180,sugar_box,sugar_box,1,80.4,1.94
occ4_scene0015,view_el60_az180,wood_block,wood_block,1,48.1,0.92
occ4_scene0015,view_el60_az195,sugar_box,sugar_box,1,78.3,1.92
occ4_scene0015,view_el60_az195,wood_block,wood_block,1,53.0,0.94
occ4_scene0015,view_el60_az255,wood_block,sugar_box,0,30.8,0.44
occ4_scene0015,view_el60_az255,wood_block,sugar_box,0,46.4,0.92
occ4_scene0015,view_el60_az255,sugar_box,wood_block,0,43.8,0.51
occ4_scene0015,view_el60_az255,wood_block,sugar_box,0,59.4,0.91
occ4_scene0015,view_el60_az255,wood_block,wood_block,1,27.6,0.42
occ4_scene0015,view_el60_az255,sugar_box,sugar_box,1,66.8,1.68
occ4_scene0015,view_el60_az255,sugar_box,sugar_box,1,71.3,1.74
occ4_scene0015,view_el60_az255,banana,foam_brick,0,57.5,1.69
occ4_scene0015,view_el60_az255,banana,foam_brick,0,66.8,2.08
occ4_scene0015,view_el60_az255,foam_brick,foam_brick,1,16.0,0.79
occ4_scene0015,view_el75_az105,wood_block,sugar_box,0,55.4,0.8
occ4_scene0015,view_el75_az105,banana,foam_brick,0,47.2,2.87
occ4_scene0015,view_el75_az105,banana,foam_brick,0,49.1,3.31
occ4_scene0015,view_el75_az105,sugar_box,sugar_box,1,41.0,1.16
occ4_scene0015,view_el75_az105,sugar_box,sugar_box,1,63.1,2.39
occ4_scene0015,view_el75_az225,wood_block,sugar_box,0,11.4,0.14
occ4_scene0015,view_el75_az225,wood_block,wood_block,1,55.0,0.77
occ4_scene0015,view_el75_az225,sugar_box,wood_block,0,41.6,0.54
occ4_scene0016,view_el30_az135,gelatin_box,strawberry,0,83.2,4.67
occ4_scene0017,view_el30_az135,cups,mug,0,94.9,1.4
occ4_scene0017,view_el30_az135,cups,cups,1,6.7,0.27
occ4_scene0017,view_el30_az135,cups,mug,0,98.8,1.4
occ4_scene0017,view_el30_az135,cups,cups,1,10.3,0.42
occ4_scene0017,view_el30_az195,cups,mug,0,70.3,2.77
occ4_scene0017,view_el30_az195,cups,cups,0,76.1,2.82
occ4_scene0017,view_el30_az195,cups,cups,0,75.8,3.09
occ4_scene0017,view_el30_az210,cups,cups,0,24.1,0.42
occ4_scene0017,view_el30_az210,cups,cups,1,0.2,0.01
occ4_scene0017,view_el30_az210,mug,mug,1,5.3,0.22
occ4_scene0017,view_el30_az210,mug,mug,1,5.2,0.22
occ4_scene0017,view_el30_az210,cups,cups,0,23.4,0.39
occ4_scene0017,view_el30_az240,cups,cups,0,89.1,3.14
occ4_scene0017,view_el30_az240,cups,cups,0,86.9,3.21
occ4_scene0017,view_el45_az135,cups,mug,0,82.7,2.77
occ4_scene0017,view_el45_az225,cups,cups,0,74.1,2.4
occ4_scene0017,view_el45_az225,cups,cups,0,77.1,2.52
occ4_scene0017,view_el45_az225,cups,cups,1,7.9,0.29
occ4_scene0017,view_el45_az225,cups,cups,1,15.8,0.82
occ4_scene0017,view_el45_az225,mug,mug,1,3.3,0.13
occ4_scene0017,view_el45_az225,mug,mug,1,12.3,0.49
occ4_scene0017,view_el60_az180,cups,mug,0,55.7,2.17
occ4_scene0017,view_el60_az180,cups,cups,0,48.8,1.72
occ4_scene0017,view_el60_az195,cups,cups,0,57.2,2.05
occ4_scene0017,view_el60_az195,cups,cups,1,10.0,0.32
occ4_scene0017,view_el60_az255,cups,cups,0,58.1,2.03
occ4_scene0017,view_el60_az255,cups,cups,0,72.8,2.56
occ4_scene0017,view_el60_az255,mug,mug,1,11.8,0.45
occ4_scene0017,view_el60_az255,mug,mug,1,15.0,0.66
occ4_scene0017,view_el60_az255,mug,mug,1,18.6,0.79
occ4_scene0017,view_el60_az255,cups,cups,1,30.8,1.59
occ4_scene0017,view_el60_az255,cups,cups,1,20.0,0.77
occ4_scene0017,view_el75_az225,cups,cups,1,17.0,1.17
occ4_scene0017,view_el90,cups,cups,1,5.0,0.4
occ4_scene0018,view_el30_az135,cups,sponge,0,119.7,4.35
occ4_scene0018,view_el30_az135,cups,sponge,0,117.2,4.7
occ4_scene0018,view_el30_az135,cups,sponge,0,89.3,3.67
occ4_scene0018,view_el30_az135,cups,sponge,0,86.0,3.56
occ4_scene0018,view_el30_az135,cups,cups,1,10.1,0.78
occ4_scene0018,view_el30_az135,cups,cups,1,10.8,0.82
occ4_scene0018,view_el30_az135,sponge,cups,0,96.8,4.55
occ4_scene0018,view_el30_az135,sponge,cups,0,96.8,4.55
occ4_scene0018,view_el30_az195,cups,sponge,0,105.1,4.1
occ4_scene0018,view_el30_az195,cups,cups,0,97.8,4.54
occ4_scene0018,view_el30_az210,cups,cups,0,98.2,5.45
occ4_scene0018,view_el30_az210,cups,cups,1,7.7,0.32
occ4_scene0018,view_el30_az210,cups,cups,0,102.4,5.12
occ4_scene0018,view_el30_az240,cups,cups,0,93.2,4.56
occ4_scene0018,view_el30_az240,cups,cups,1,8.9,0.39
occ4_scene0018,view_el30_az240,cups,cups,0,100.1,4.57
occ4_scene0018,view_el45_az135,cups,sponge,0,121.4,4.7
occ4_scene0018,view_el45_az135,cups,sponge,0,121.4,4.74
occ4_scene0018,view_el45_az135,sponge,cups,0,97.9,4.32
occ4_scene0018,view_el45_az135,sponge,cups,0,97.9,4.33
occ4_scene0018,view_el45_az135,cups,cups,1,16.2,1.09
occ4_scene0018,view_el45_az225,cups,cups,0,86.9,3.76
occ4_scene0018,view_el45_az225,cups,cups,0,94.1,4.29
occ4_scene0018,view_el60_az180,cups,sponge,0,98.1,4.02
occ4_scene0018,view_el60_az195,cups,cups,1,14.5,0.55
occ4_scene0018,view_el60_az195,cups,cups,1,27.9,1.09
occ4_scene0019,view_el30_az135,tomato_soup_can,apple,0,52.9,2.18
occ4_scene0019,view_el30_az195,apple,tomato_soup_can,0,64.4,2.71
occ4_scene0019,view_el30_az195,apple,tomato_soup_can,0,72.8,3.06
occ4_scene0019,view_el30_az210,tomato_soup_can,apple,0,60.9,2.67
occ4_scene0019,view_el30_az210,apple,tomato_soup_can,0,70.4,3.35
occ4_scene0019,view_el45_az225,tomato_soup_can,apple,0,35.7,1.21
occ4_scene0019,view_el45_az225,tomato_soup_can,apple,0,27.6,1.06
occ4_scene0019,view_el60_az180,tomato_soup_can,apple,0,13.8,0.63
occ4_scene0019,view_el60_az180,tomato_soup_can,apple,0,30.0,1.03
occ4_scene0019,view_el60_az195,tomato_soup_can,apple,0,27.4,0.93
occ4_scene0020,view_el30_az135,apple,tennis_ball,0,84.1,1.57
occ4_scene0020,view_el30_az135,tennis_ball,apple,0,72.6,3.82
occ4_scene0020,view_el30_az135,apple,orange,0,89.9,4.4
occ4_scene0020,view_el30_az195,gelatin_box,apple,0,74.7,4.58
occ4_scene0020,view_el30_az210,gelatin_box,apple,0,78.2,4.21
occ4_scene0020,view_el30_az210,tennis_ball,tennis_ball,1,16.3,1.31
occ4_scene0020,view_el30_az210,tennis_ball,tennis_ball,1,11.0,0.71
occ4_scene0020,view_el30_az240,tennis_ball,tennis_ball,1,12.3,0.84
occ4_scene0020,view_el45_az135,apple,tennis_ball,0,72.9,1.64
occ4_scene0020,view_el45_az135,apple,tennis_ball,0,60.4,3.21
occ4_scene0020,view_el45_az135,apple,orange,0,72.7,3.7
occ4_scene0020,view_el45_az225,tennis_ball,tennis_ball,1,17.7,1.17
occ4_scene0020,view_el45_az225,tennis_ball,tennis_ball,1,15.6,0.93
occ5_scene0001,view_el30_az135,bleach_cleanser,medium_clamp,0,122.4,3.93
occ5_scene0001,view_el30_az135,bleach_cleanser,bleach_cleanser,1,24.2,0.86
occ5_scene0001,view_el30_az135,bleach_cleanser,medium_clamp,0,107.9,4.24
occ5_scene0001,view_el30_az135,pear,sponge,0,97.4,1.73
occ5_scene0001,view_el30_az195,bleach_cleanser,sponge,0,35.7,0.95
occ5_scene0001,view_el30_az195,bleach_cleanser,medium_clamp,0,172.8,2.07
occ5_scene0001,view_el30_az195,sponge,bleach_cleanser,0,70.5,4.11
occ5_scene0001,view_el30_az195,pudding_box,pear,0,99.5,3.43
occ5_scene0001,view_el30_az210,bleach_cleanser,medium_clamp,0,151.4,3.36
occ5_scene0001,view_el30_az210,bleach_cleanser,sponge,0,39.5,1.07
occ5_scene0001,view_el30_az210,bleach_cleanser,bleach_cleanser,1,29.8,0.68
occ5_scene0001,view_el30_az210,bleach_cleanser,bleach_cleanser,1,46.7,1.6
occ5_scene0001,view_el30_az210,bleach_cleanser,medium_clamp,0,125.2,2.28
occ5_scene0001,view_el30_az210,pudding_box,pudding_box,1,109.5,1.44
occ5_scene0001,view_el30_az210,pudding_box,pear,0,104.6,5.66
occ5_scene0001,view_el30_az210,sponge,bleach_cleanser,0,68.7,3.68
occ5_scene0001,view_el30_az210,pudding_box,pear,0,115.4,4.06
occ5_scene0001,view_el30_az210,bleach_cleanser,medium_clamp,0,111.0,2.42
occ5_scene0001,view_el30_az240,bleach_cleanser,pudding_box,0,134.3,3.46
occ5_scene0001,view_el30_az240,pudding_box,pear,0,124.1,5.01
occ5_scene0001,view_el45_az135,bleach_cleanser,medium_clamp,0,135.6,3.17
occ5_scene0001,view_el45_az135,bleach_cleanser,medium_clamp,0,114.0,3.47
occ5_scene0001,view_el45_az135,bleach_cleanser,bleach_cleanser,1,46.2,1.36
occ5_scene0001,view_el45_az135,pear,sponge,0,88.5,4.7
occ5_scene0001,view_el45_az135,bleach_cleanser,bleach_cleanser,1,13.7,0.68
occ5_scene0001,view_el45_az225,bleach_cleanser,medium_clamp,0,127.2,2.55
occ5_scene0001,view_el45_az225,bleach_cleanser,medium_clamp,0,107.4,2.78
occ5_scene0001,view_el45_az225,bleach_cleanser,bleach_cleanser,1,14.6,0.47
occ5_scene0001,view_el60_az180,bleach_cleanser,medium_clamp,0,173.4,1.45
occ5_scene0001,view_el60_az180,bleach_cleanser,bleach_cleanser,1,16.6,0.49
occ5_scene0001,view_el60_az195,bleach_cleanser,bleach_cleanser,1,88.2,1.19
occ5_scene0001,view_el60_az195,bleach_cleanser,bleach_cleanser,1,17.9,0.45
occ5_scene0001,view_el60_az255,bleach_cleanser,pudding_box,0,160.1,2.85
occ5_scene0001,view_el60_az255,bleach_cleanser,pudding_box,0,157.6,2.92
occ5_scene0001,view_el60_az255,pudding_box,bleach_cleanser,0,216.8,5.5
occ5_scene0001,view_el60_az255,bleach_cleanser,bleach_cleanser,1,22.6,0.51
occ5_scene0001,view_el60_az255,bleach_cleanser,pudding_box,0,214.4,5.76
occ5_scene0001,view_el60_az255,bleach_cleanser,bleach_cleanser,1,22.1,0.56
occ5_scene0001,view_el75_az105,sponge,pear,0,57.1,3.08
occ5_scene0001,view_el75_az105,bleach_cleanser,bleach_cleanser,1,26.6,0.82
occ5_scene0001,view_el75_az225,bleach_cleanser,medium_clamp,0,166.6,2.71
occ5_scene0001,view_el75_az225,bleach_cleanser,medium_clamp,0,165.7,2.62
occ5_scene0001,view_el75_az225,bleach_cleanser,bleach_cleanser,1,82.6,1.25
occ5_scene0001,view_el75_az225,bleach_cleanser,medium_clamp,0,162.7,2.65
occ5_scene0001,view_el75_az225,bleach_cleanser,medium_clamp,0,162.9,2.66
occ5_scene0001,view_el75_az225,bleach_cleanser,medium_clamp,0,171.9,2.76
occ5_scene0001,view_el75_az225,bleach_cleanser,bleach_cleanser,1,84.4,1.0
occ5_scene0001,view_el75_az225,bleach_cleanser,bleach_cleanser,1,21.2,0.24
occ5_scene0001,view_el75_az225,bleach_cleanser,medium_clamp,0,206.9,4.53
occ5_scene0001,view_el75_az225,bleach_cleanser,medium_clamp,0,206.0,4.72
occ5_scene0001,view_el75_az225,bleach_cleanser,medium_clamp,0,216.1,4.87
occ5_scene0001,view_el75_az225,bleach_cleanser,bleach_cleanser,1,34.0,0.62
occ5_scene0001,view_el90,bleach_cleanser,medium_clamp,0,165.0,3.0
occ5_scene0001,view_el90,bleach_cleanser,medium_clamp,0,160.0,2.91
occ5_scene0002,view_el30_az135,cups,phillips_screwdriver,0,96.3,6.07
occ5_scene0002,view_el30_az135,cups,phillips_screwdriver,0,96.3,6.02
occ5_scene0002,view_el30_az135,phillips_screwdriver,cups,0,99.6,5.92
occ5_scene0002,view_el30_az135,cups,cups,1,17.0,0.73
occ5_scene0002,view_el30_az135,cups,cups,1,25.6,1.92
occ5_scene0002,view_el30_az135,cups,cups,1,11.4,0.46
occ5_scene0002,view_el30_az135,cups,cups,1,17.0,1.08
occ5_scene0002,view_el30_az135,phillips_screwdriver,cups,0,99.6,5.87
occ5_scene0002,view_el30_az135,cups,cups,1,5.3,0.27
occ5_scene0002,view_el30_az195,cups,potted_meat_can,0,85.6,3.66
occ5_scene0002,view_el30_az195,cups,potted_meat_can,0,82.2,4.69
occ5_scene0002,view_el30_az195,potted_meat_can,cups,0,87.5,3.59
occ5_scene0002,view_el30_az195,cups,cups,1,2.8,0.13
occ5_scene0002,view_el30_az195,cups,cups,1,18.6,0.92
occ5_scene0002,view_el30_az195,cups,potted_meat_can,0,84.2,4.54
occ5_scene0002,view_el30_az195,potted_meat_can,potted_meat_can,1,12.6,0.5
occ5_scene0002,view_el30_az195,cups,cups,1,13.9,0.8
occ5_scene0002,view_el30_az210,cups,potted_meat_can,0,81.5,3.84
occ5_scene0002,view_el30_az210,cups,potted_meat_can,0,80.2,4.18
occ5_scene0002,view_el30_az210,potted_meat_can,cups,0,103.9,4.63
occ5_scene0002,view_el30_az210,potted_meat_can,cups,0,109.6,5.01
occ5_scene0002,view_el30_az210,potted_meat_can,cups,0,81.9,3.75
occ5_scene0002,view_el30_az210,cups,potted_meat_can,0,105.3,5.16
occ5_scene0002,view_el30_az210,cups,potted_meat_can,0,101.2,3.69
occ5_scene0002,view_el30_az210,cups,cups,1,1.0,0.05
occ5_scene0002,view_el30_az210,potted_meat_can,cups,0,111.0,5.59
occ5_scene0002,view_el30_az210,potted_meat_can,cups,0,80.5,4.07
occ5_scene0002,view_el30_az210,potted_meat_can,potted_meat_can,1,4.1,0.16
occ5_scene0002,view_el30_az210,cups,potted_meat_can,0,106.9,3.98
occ5_scene0002,view_el30_az210,cups,cups,1,12.8,0.66
occ5_scene0002,view_el30_az210,cups,cups,1,13.0,0.77
occ5_scene0002,view_el30_az210,phillips_screwdriver,phillips_screwdriver,1,32.7,1.41
occ5_scene0002,view_el30_az240,potted_meat_can,cups,0,92.6,4.43
occ5_scene0002,view_el30_az240,cups,phillips_screwdriver,0,177.6,6.37
occ5_scene0002,view_el30_az240,cups,phillips_screwdriver,0,178.2,6.53
occ5_scene0002,view_el30_az240,cups,phillips_screwdriver,0,148.1,1.75
occ5_scene0002,view_el30_az240,cups,potted_meat_can,0,94.8,4.2
occ5_scene0002,view_el30_az240,cups,cups,1,10.6,0.64
occ5_scene0002,view_el45_az135,cups,cups,1,19.7,0.72
occ5_scene0002,view_el45_az135,cups,cups,1,9.7,0.49
occ5_scene0002,view_el45_az225,potted_meat_can,cups,0,84.4,3.08
occ5_scene0002,view_el45_az225,potted_meat_can,cups,0,93.5,3.78
occ5_scene0002,view_el45_az225,cups,potted_meat_can,0,89.1,3.34
occ5_scene0002,view_el45_az225,potted_meat_can,potted_meat_can,1,7.7,0.31
occ5_scene0002,view_el45_az225,potted_meat_can,cups,0,98.3,4.08
occ5_scene0002,view_el45_az225,cups,cups,1,14.2,0.74
occ5_scene0002,view_el45_az225,cups,cups,1,16.6,0.85
occ5_scene0002,view_el60_az180,potted_meat_can,potted_meat_can,1,20.5,0.68
occ5_scene0002,view_el60_az180,potted_meat_can,potted_meat_can,1,12.1,0.44
occ5_scene0002,view_el60_az180,cups,cups,1,17.5,1.37
occ5_scene0002,view_el60_az180,phillips_screwdriver,phillips_screwdriver,1,15.0,1.29
occ5_scene0002,view_el60_az180,phillips_screwdriver,phillips_screwdriver,1,11.8,1.41
occ5_scene0002,view_el60_az195,potted_meat_can,potted_meat_can,1,14.8,0.51
occ5_scene0002,view_el60_az195,potted_meat_can,potted_meat_can,1,13.0,0.45
occ5_scene0002,view_el60_az195,cups,cups,1,12.7,0.47
occ5_scene0002,view_el60_az195,cups,cups,1,38.2,1.66
occ5_scene0002,view_el60_az195,cups,cups,1,38.2,1.66
occ5_scene0002,view_el60_az195,phillips_screwdriver,phillips_screwdriver,1,17.6,1.35
occ5_scene0002,view_el60_az195,cups,cups,1,13.4,1.25
occ5_scene0002,view_el60_az195,cups,cups,1,13.4,1.25
occ5_scene0002,view_el60_az195,cups,cups,1,20.0,0.92
occ5_scene0002,view_el60_az255,potted_meat_can,cups,0,58.0,2.19
occ5_scene0002,view_el60_az255,potted_meat_can,cups,0,71.3,2.62
occ5_scene0002,view_el60_az255,cups,cups,1,10.2,0.45
occ5_scene0002,view_el60_az255,cups,cups,1,12.0,0.66
occ5_scene0002,view_el60_az255,cups,cups,1,11.9,0.66
occ5_scene0002,view_el60_az255,cups,cups,1,29.2,1.35
occ5_scene0002,view_el60_az255,cups,cups,1,24.9,1.29
occ5_scene0002,view_el75_az105,potted_meat_can,potted_meat_can,1,31.4,1.33
occ5_scene0002,view_el75_az105,cups,cups,1,5.4,0.25
occ5_scene0002,view_el75_az105,phillips_screwdriver,phillips_screwdriver,1,4.6,0.49
occ5_scene0002,view_el75_az225,cups,cups,1,14.2,1.2
occ5_scene0002,view_el75_az225,phillips_screwdriver,phillips_screwdriver,1,5.9,0.69
occ5_scene0002,view_el75_az225,phillips_screwdriver,phillips_screwdriver,1,8.5,1.1
occ5_scene0002,view_el90,cups,cups,1,5.0,0.4
occ5_scene0002,view_el90,cups,cups,1,5.0,0.5
occ5_scene0002,view_el90,phillips_screwdriver,phillips_screwdriver,1,5.0,0.5
occ5_scene0002,view_el90,phillips_screwdriver,phillips_screwdriver,1,5.0,0.5
occ5_scene0003,view_el30_az135,foam_brick,potted_meat_can,0,153.4,2.33
occ5_scene0003,view_el30_az135,cups,potted_meat_can,0,81.6,2.92
occ5_scene0003,view_el30_az135,foam_brick,gelatin_box,0,103.8,4.75
occ5_scene0003,view_el30_az135,potted_meat_can,cups,0,80.4,3.23
occ5_scene0003,view_el30_az135,potted_meat_can,gelatin_box,0,66.8,2.64
occ5_scene0003,view_el30_az135,potted_meat_can,cups,0,84.3,2.48
occ5_scene0003,view_el30_az135,cups,cups,1,4.1,0.14
occ5_scene0003,view_el30_az195,cups,potted_meat_can,0,73.6,2.24
occ5_scene0003,view_el30_az195,cups,gelatin_box,0,108.1,5.66
occ5_scene0003,view_el30_az195,cups,potted_meat_can,0,68.3,3.18
occ5_scene0003,view_el30_az195,cups,cups,1,1.4,0.05
occ5_scene0003,view_el30_az195,cups,potted_meat_can,0,72.5,2.39
occ5_scene0003,view_el30_az195,cups,gelatin_box,0,107.3,6.42
occ5_scene0003,view_el30_az195,cups,potted_meat_can,0,67.5,3.54
occ5_scene0003,view_el30_az195,cups,potted_meat_can,0,74.2,1.96
occ5_scene0003,view_el30_az195,cups,gelatin_box,0,108.9,4.49
occ5_scene0003,view_el30_az195,cups,potted_meat_can,0,69.2,2.6
occ5_scene0003,view_el30_az195,potted_meat_can,potted_meat_can,1,16.4,0.55
occ5_scene0003,view_el30_az210,cups,potted_meat_can,0,74.7,2.34
occ5_scene0003,view_el30_az210,cups,gelatin_box,0,123.8,5.89
occ5_scene0003,view_el30_az210,cups,potted_meat_can,0,73.8,2.49
occ5_scene0003,view_el30_az210,cups,cups,1,2.0,0.07
occ5_scene0003,view_el30_az210,cups,gelatin_box,0,122.9,6.55
occ5_scene0003,view_el30_az210,potted_meat_can,cups,0,75.8,2.05
occ5_scene0003,view_el30_az210,cups,gelatin_box,0,125.0,4.79
occ5_scene0003,view_el30_az240,cups,potted_meat_can,0,62.0,1.0
occ5_scene0003,view_el30_az240,cups,pear,0,95.3,4.49
occ5_scene0003,view_el30_az240,cups,foam_brick,0,122.4,2.01
occ5_scene0003,view_el30_az240,cups,gelatin_box,0,146.3,2.27
occ5_scene0003,view_el30_az240,cups,potted_meat_can,0,48.2,1.92
occ5_scene0003,view_el30_az240,cups,pear,0,102.4,4.28
occ5_scene0003,view_el30_az240,cups,foam_brick,0,108.6,4.47
occ5_scene0003,view_el30_az240,cups,gelatin_box,0,132.3,2.39
occ5_scene0003,view_el30_az240,potted_meat_can,gelatin_box,0,81.7,1.41
occ5_scene0003,view_el30_az240,pear,cups,0,102.5,4.77
occ5_scene0003,view_el30_az240,cups,gelatin_box,0,127.0,2.1
occ5_scene0003,view_el45_az135,cups,potted_meat_can,0,63.1,2.13
occ5_scene0003,view_el45_az225,cups,potted_meat_can,0,50.0,1.66
occ5_scene0003,view_el45_az225,cups,gelatin_box,0,118.5,4.61
occ5_scene0003,view_el45_az225,potted_meat_can,cups,0,51.5,1.64
occ5_scene0003,view_el45_az225,cups,cups,1,4.6,0.16
occ5_scene0003,view_el45_az225,cups,gelatin_box,0,119.9,4.47
occ5_scene0003,view_el60_az180,cups,gelatin_box,0,70.8,3.33
occ5_scene0003,view_el60_az180,cups,potted_meat_can,0,46.3,1.79
occ5_scene0003,view_el60_az180,cups,potted_meat_can,0,43.7,1.74
occ5_scene0003,view_el60_az180,cups,potted_meat_can,0,41.8,1.82
occ5_scene0003,view_el60_az180,potted_meat_can,potted_meat_can,1,3.3,0.13
occ5_scene0003,view_el60_az180,potted_meat_can,potted_meat_can,1,5.2,0.23
occ5_scene0003,view_el60_az195,cups,potted_meat_can,0,44.6,1.7
occ5_scene0003,view_el60_az195,cups,gelatin_box,0,82.2,3.73
occ5_scene0003,view_el60_az195,cups,potted_meat_can,0,43.8,1.73
occ5_scene0003,view_el60_az195,cups,gelatin_box,0,85.8,4.57
occ5_scene0003,view_el60_az195,potted_meat_can,potted_meat_can,1,1.6,0.06
occ5_scene0003,view_el60_az255,potted_meat_can,gelatin_box,0,79.0,3.07
occ5_scene0003,view_el60_az255,cups,gelatin_box,0,81.8,3.4
occ5_scene0003,view_el60_az255,cups,cups,1,12.1,0.53
occ5_scene0003,view_el60_az255,potted_meat_can,gelatin_box,0,85.5,4.58
occ5_scene0003,view_el60_az255,potted_meat_can,potted_meat_can,1,24.3,0.94
occ5_scene0003,view_el60_az255,cups,cups,1,22.4,1.12
occ5_scene0003,view_el75_az105,potted_meat_can,potted_meat_can,1,26.0,1.18
occ5_scene0003,view_el75_az225,cups,gelatin_box,0,69.4,4.44
occ5_scene0003,view_el75_az225,cups,potted_meat_can,0,10.0,0.58
occ5_scene0003,view_el75_az225,cups,potted_meat_can,0,31.9,1.11
occ5_scene0003,view_el75_az225,gelatin_box,cups,0,65.2,3.36
occ5_scene0004,view_el30_az135,mug,cups,0,111.1,5.7
occ5_scene0004,view_el30_az195,mug,mug,1,3.1,0.1
occ5_scene0004,view_el45_az135,mug,cups,0,93.1,4.12
occ5_scene0004,view_el45_az135,mug,cups,0,100.8,4.46
occ5_scene0004,view_el45_az135,cups,cups,1,13.7,1.04
occ5_scene0004,view_el60_az195,mug,mug,1,40.0,2.31
occ5_scene0005,view_el30_az135,bleach_cleanser,peach,0,94.0,2.69
occ5_scene0005,view_el30_az135,bleach_cleanser,peach,0,94.2,2.78
occ5_scene0005,view_el30_az135,bleach_cleanser,cups,0,12.8,0.12
occ5_scene0005,view_el30_az135,bleach_cleanser,cups,0,20.3,0.18
occ5_scene0005,view_el30_az135,bleach_cleanser,peach,0,82.0,2.43
occ5_scene0005,view_el30_az135,bleach_cleanser,peach,0,82.3,2.56
occ5_scene0005,view_el30_az135,bleach_cleanser,bleach_cleanser,1,20.5,0.63
occ5_scene0005,view_el30_az135,bleach_cleanser,cups,0,1.1,0.01
occ5_scene0005,view_el30_az135,bleach_cleanser,cups,0,8.3,0.08
occ5_scene0005,view_el30_az135,cups,orange,0,57.3,3.01
occ5_scene0005,view_el30_az135,cups,orange,0,55.4,2.93
occ5_scene0005,view_el30_az135,cups,cups,1,5.8,0.3
occ5_scene0005,view_el30_az135,peach,cups,0,80.1,5.18
occ5_scene0005,view_el30_az135,orange,cups,0,61.5,3.07
occ5_scene0005,view_el30_az195,bleach_cleanser,orange,0,210.1,2.45
occ5_scene0005,view_el30_az195,bleach_cleanser,orange,0,222.7,5.95
occ5_scene0005,view_el30_az195,bleach_cleanser,peach,0,109.5,2.94
occ5_scene0005,view_el30_az195,cups,cups,1,0.3,0.01
occ5_scene0005,view_el30_az195,orange,bleach_cleanser,0,198.7,2.59
occ5_scene0005,view_el30_az195,bleach_cleanser,orange,0,211.5,7.45
occ5_scene0005,view_el30_az195,bleach_cleanser,peach,0,98.4,3.48
occ5_scene0005,view_el30_az195,bleach_cleanser,bleach_cleanser,1,6.1,0.23
occ5_scene0005,view_el30_az210,bleach_cleanser,peach,0,110.6,1.89
occ5_scene0005,view_el30_az210,bleach_cleanser,peach,0,97.9,2.86
occ5_scene0005,view_el30_az210,bleach_cleanser,cups,0,161.0,4.74
occ5_scene0005,view_el30_az210,bleach_cleanser,cups,0,163.5,4.93
occ5_scene0005,view_el30_az210,bleach_cleanser,cups,0,159.2,4.78
occ5_scene0005,view_el30_az210,bleach_cleanser,bleach_cleanser,1,10.2,0.24
occ5_scene0005,view_el30_az210,bleach_cleanser,bleach_cleanser,1,25.0,1.08
occ5_scene0005,view_el30_az210,cups,orange,0,149.1,6.1
occ5_scene0005,view_el30_az210,bleach_cleanser,peach,0,98.1,1.84
occ5_scene0005,view_el30_az210,bleach_cleanser,peach,0,85.4,2.95
occ5_scene0005,view_el30_az210,bleach_cleanser,cups,0,148.5,5.18
occ5_scene0005,view_el30_az210,bleach_cleanser,cups,0,151.0,5.42
occ5_scene0005,view_el30_az210,bleach_cleanser,cups,0,146.7,5.23
occ5_scene0005,view_el30_az210,cups,cups,1,1.7,0.05
occ5_scene0005,view_el30_az210,peach,orange,0,95.4,2.24
occ5_scene0005,view_el30_az210,cups,orange,0,150.3,5.09
occ5_scene0005,view_el30_az210,peach,cups,0,63.1,3.66
occ5_scene0005,view_el30_az210,peach,cups,0,65.6,3.98
occ5_scene0005,view_el30_az210,cups,cups,1,4.3,0.28
occ5_scene0005,view_el30_az240,cups,cups,0,135.0,3.02
occ5_scene0005,view_el30_az240,cups,cups,0,149.5,6.27
occ5_scene0005,view_el30_az240,cups,orange,0,153.6,6.67
occ5_scene0005,view_el30_az240,cups,cups,1,3.0,0.09
occ5_scene0005,view_el30_az240,cups,cups,0,137.2,2.68
occ5_scene0005,view_el30_az240,cups,cups,0,151.7,5.0
occ5_scene0005,view_el30_az240,cups,orange,0,155.8,5.28
occ5_scene0005,view_el30_az240,cups,peach,0,57.7,3.63
occ5_scene0005,view_el45_az135,bleach_cleanser,peach,0,100.9,2.18
occ5_scene0005,view_el45_az135,bleach_cleanser,cups,0,161.6,1.36
occ5_scene0005,view_el45_az135,bleach_cleanser,peach,0,85.3,2.42
occ5_scene0005,view_el45_az135,bleach_cleanser,bleach_cleanser,1,44.7,1.32
occ5_scene0005,view_el45_az135,bleach_cleanser,cups,0,146.2,1.33
occ5_scene0005,view_el45_az135,cups,orange,0,46.9,2.56
occ5_scene0005,view_el45_az135,bleach_cleanser,bleach_cleanser,1,28.7,0.77
occ5_scene0005,view_el45_az135,bleach_cleanser,cups,0,208.0,1.87
occ5_scene0005,view_el45_az135,cups,cups,1,14.8,0.72
occ5_scene0005,view_el45_az225,cups,cups,1,0.8,0.03
occ5_scene0005,view_el45_az225,cups,peach,0,51.0,2.43
occ5_scene0005,view_el60_az180,bleach_cleanser,orange,0,182.1,2.48
occ5_scene0005,view_el60_az180,bleach_cleanser,cups,0,138.8,1.77
occ5_scene0005,view_el60_az180,bleach_cleanser,peach,0,26.3,0.16
occ5_scene0005,view_el60_az180,bleach_cleanser,cups,0,146.5,2.36
occ5_scene0005,view_el60_az180,bleach_cleanser,peach,0,12.1,0.09
occ5_scene0005,view_el60_az180,bleach_cleanser,bleach_cleanser,1,80.3,0.83
occ5_scene0005,view_el60_az180,bleach_cleanser,cups,0,202.6,3.46
occ5_scene0005,view_el60_az180,bleach_cleanser,peach,0,44.0,0.34
occ5_scene0005,view_el60_az180,cups,cups,1,7.3,0.29
occ5_scene0005,view_el60_az180,orange,cups,0,38.5,2.21
occ5_scene0005,view_el60_az180,cups,bleach_cleanser,0,216.1,4.77
occ5_scene0005,view_el60_az180,cups,cups,1,12.3,0.54
occ5_scene0005,view_el60_az195,bleach_cleanser,cups,0,152.3,2.66
occ5_scene0005,view_el60_az195,bleach_cleanser,peach,0,120.3,1.91
occ5_scene0005,view_el60_az195,bleach_cleanser,bleach_cleanser,1,74.8,0.9
occ5_scene0005,view_el60_az195,bleach_cleanser,bleach_cleanser,1,7.1,0.11
occ5_scene0005,view_el60_az195,bleach_cleanser,cups,0,209.4,4.03
occ5_scene0005,view_el60_az195,bleach_cleanser,bleach_cleanser,1,18.3,0.25
occ5_scene0005,view_el60_az195,orange,cups,0,34.4,1.85
occ5_scene0005,view_el60_az195,cups,bleach_cleanser,0,223.6,6.27
occ5_scene0005,view_el60_az195,bleach_cleanser,peach,0,95.3,2.24
occ5_scene0005,view_el60_az195,cups,cups,1,7.8,0.35
occ5_scene0005,view_el60_az255,bleach_cleanser,bleach_cleanser,1,15.5,0.51
occ5_scene0005,view_el75_az105,bleach_cleanser,bleach_cleanser,1,48.8,0.49
occ5_scene0005,view_el75_az105,bleach_cleanser,bleach_cleanser,1,47.5,0.6
occ5_scene0005,view_el75_az225,bleach_cleanser,bleach_cleanser,1,38.5,0.67
occ5_scene0005,view_el75_az225,cups,cups,1,29.9,1.51
occ5_scene0005,view_el90,bleach_cleanser,bleach_cleanser,1,60.0,0.86
occ5_scene0006,view_el30_az135,tomato_soup_can,baseball,0,15.0,0.6
occ5_scene0006,view_el30_az135,tomato_soup_can,racquetball,0,160.3,6.76
occ5_scene0006,view_el30_az135,tomato_soup_can,racquetball,0,159.4,6.63
occ5_scene0006,view_el30_az135,tomato_soup_can,foam_brick,0,23.7,1.22
occ5_scene0006,view_el30_az135,baseball,racquetball,0,136.9,1.64
occ5_scene0006,view_el30_az135,baseball,foam_brick,0,11.2,0.21
occ5_scene0006,view_el30_az135,racquetball,tomato_soup_can,0,171.4,4.32
occ5_scene0006,view_el30_az135,racquetball,foam_brick,0,140.0,1.53
occ5_scene0006,view_el30_az135,tomato_soup_can,racquetball,0,172.8,9.0
occ5_scene0006,view_el30_az135,tomato_soup_can,foam_brick,0,39.5,0.72
occ5_scene0006,view_el30_az195,bowl,foam_brick,0,168.9,5.53
occ5_scene0006,view_el30_az195,bowl,racquetball,0,158.9,1.8
occ5_scene0006,view_el30_az195,tomato_soup_can,baseball,0,74.9,3.64
occ5_scene0006,view_el30_az210,bowl,foam_brick,0,168.8,2.12
occ5_scene0006,view_el30_az210,bowl,racquetball,0,157.9,7.09
occ5_scene0006,view_el30_az210,bowl,bowl,1,0.6,0.03
occ5_scene0006,view_el30_az240,bowl,tomato_soup_can,0,152.2,3.68
occ5_scene0006,view_el30_az240,bowl,tomato_soup_can,0,146.1,4.8
occ5_scene0006,view_el30_az240,bowl,foam_brick,0,157.6,5.6
occ5_scene0006,view_el30_az240,tomato_soup_can,foam_brick,0,5.4,0.15
occ5_scene0006,view_el30_az240,tomato_soup_can,baseball,0,82.4,3.93
occ5_scene0006,view_el30_az240,foam_brick,racquetball,0,47.9,2.63
occ5_scene0006,view_el30_az240,foam_brick,baseball,0,70.9,3.79
occ5_scene0006,view_el30_az240,foam_brick,racquetball,0,50.3,2.58
occ5_scene0006,view_el30_az240,racquetball,racquetball,1,6.4,0.5
occ5_scene0006,view_el45_az135,tomato_soup_can,racquetball,0,133.9,3.51
occ5_scene0006,view_el45_az135,tomato_soup_can,foam_brick,0,90.4,3.15
occ5_scene0006,view_el45_az135,tomato_soup_can,foam_brick,0,101.8,4.22
occ5_scene0006,view_el45_az135,foam_brick,racquetball,0,53.5,3.08
occ5_scene0006,view_el45_az225,tomato_soup_can,baseball,0,72.5,2.59
occ5_scene0006,view_el60_az180,tomato_soup_can,foam_brick,0,55.7,1.53
occ5_scene0006,view_el60_az180,tomato_soup_can,foam_brick,0,62.3,1.64
occ5_scene0006,view_el60_az180,tomato_soup_can,foam_brick,0,74.0,2.47
occ5_scene0006,view_el60_az180,tomato_soup_can,baseball,0,47.8,1.48
occ5_scene0006,view_el60_az180,tomato_soup_can,foam_brick,0,80.6,2.55
occ5_scene0006,view_el60_az180,foam_brick,tomato_soup_can,0,82.1,4.07
occ5_scene0006,view_el60_az180,tomato_soup_can,baseball,0,56.0,2.5
occ5_scene0006,view_el60_az180,tomato_soup_can,foam_brick,0,88.8,4.08
occ5_scene0006,view_el60_az195,tomato_soup_can,baseball,0,72.4,3.25
occ5_scene0006,view_el60_az195,tomato_soup_can,baseball,0,52.6,1.61
occ5_scene0006,view_el60_az255,tomato_soup_can,baseball,0,68.5,2.2
occ5_scene0006,view_el60_az255,tomato_soup_can,baseball,0,50.3,1.62
occ5_scene0006,view_el60_az255,bowl,bowl,1,13.7,0.69
occ5_scene0006,view_el75_az105,foam_brick,racquetball,0,44.1,4.49
occ5_scene0006,view_el75_az225,tomato_soup_can,baseball,0,47.6,1.68
occ5_scene0007,view_el30_az135,tomato_soup_can,orange,0,57.6,2.87
occ5_scene0007,view_el30_az195,tomato_soup_can,peach,0,78.0,3.17
occ5_scene0007,view_el30_az195,orange,tennis_ball,0,132.7,6.66
occ5_scene0007,view_el30_az210,tomato_soup_can,tennis_ball,0,111.8,4.77
occ5_scene0007,view_el30_az240,tomato_soup_can,peach,0,70.2,3.35
occ5_scene0007,view_el30_az240,tomato_soup_can,peach,0,69.8,3.32
occ5_scene0007,view_el45_az135,tomato_soup_can,orange,0,40.4,1.64
occ5_scene0007,view_el45_az135,orange,tomato_soup_can,0,50.0,2.05
occ5_scene0007,view_el45_az135,tomato_soup_can,tomato_soup_can,1,18.7,0.76
occ5_scene0007,view_el45_az225,tomato_soup_can,tennis_ball,0,107.0,3.73
occ5_scene0007,view_el45_az225,tomato_soup_can,tennis_ball,0,119.9,5.38
occ5_scene0007,view_el60_az180,tomato_soup_can,peach,0,51.8,1.63
occ5_scene0007,view_el60_az180,tomato_soup_can,peach,0,51.8,1.62
occ5_scene0007,view_el60_az195,tomato_soup_can,peach,0,78.7,2.77
occ5_scene0007,view_el60_az195,tomato_soup_can,peach,0,55.8,1.76
occ5_scene0007,view_el60_az195,tomato_soup_can,peach,0,66.0,2.96
occ5_scene0007,view_el60_az195,adjustable_wrench,adjustable_wrench,1,7.0,0.63
occ5_scene0007,view_el60_az255,tomato_soup_can,tennis_ball,0,80.7,2.58
occ5_scene0007,view_el60_az255,tomato_soup_can,orange,0,13.3,0.29
occ5_scene0007,view_el60_az255,tomato_soup_can,orange,0,17.4,0.43
occ5_scene0007,view_el60_az255,tomato_soup_can,tennis_ball,0,79.7,2.09
occ5_scene0007,view_el60_az255,tomato_soup_can,peach,0,58.8,1.99
occ5_scene0007,view_el60_az255,tennis_ball,tomato_soup_can,0,88.6,3.27
occ5_scene0007,view_el60_az255,tomato_soup_can,peach,0,67.8,3.65
occ5_scene0007,view_el60_az255,tennis_ball,peach,0,31.4,1.81
occ5_scene0007,view_el75_az225,tomato_soup_can,peach,0,74.2,3.2
occ5_scene0007,view_el75_az225,tomato_soup_can,peach,0,58.1,2.71
occ5_scene0008,view_el30_az135,cracker_box,cracker_box,1,61.2,1.86
occ5_scene0008,view_el30_az135,cracker_box,cracker_box,1,28.7,1.43
occ5_scene0008,view_el30_az135,foam_brick,tennis_ball,0,55.1,2.3
occ5_scene0008,view_el30_az135,cracker_box,cracker_box,1,45.6,2.28
occ5_scene0008,view_el30_az135,cracker_box,cracker_box,1,20.0,1.3
occ5_scene0008,view_el30_az135,cracker_box,cracker_box,1,14.4,0.96
occ5_scene0008,view_el30_az195,cracker_box,cracker_box,1,61.8,1.62
occ5_scene0008,view_el30_az195,cracker_box,tennis_ball,0,155.2,3.8
occ5_scene0008,view_el30_az195,cracker_box,cracker_box,1,47.6,1.34
occ5_scene0008,view_el30_az195,cracker_box,cracker_box,1,6.4,0.15
occ5_scene0008,view_el30_az195,cracker_box,cracker_box,1,41.2,1.16
occ5_scene0008,view_el30_az195,cracker_box,cracker_box,1,12.5,0.26
occ5_scene0008,view_el30_az195,cracker_box,cracker_box,1,3.3,0.59
occ5_scene0008,view_el30_az195,cracker_box,cracker_box,1,3.3,0.67
occ5_scene0008,view_el30_az210,cracker_box,foam_brick,0,174.9,4.06
occ5_scene0008,view_el30_az210,cracker_box,cracker_box,1,8.1,0.18
occ5_scene0008,view_el30_az210,cracker_box,foam_brick,0,163.3,5.25
occ5_scene0008,view_el30_az210,cracker_box,cracker_box,1,6.8,1.11
occ5_scene0008,view_el30_az210,cracker_box,cracker_box,1,8.3,1.39
occ5_scene0008,view_el30_az240,cracker_box,cracker_box,1,12.9,0.29
occ5_scene0008,view_el30_az240,cracker_box,cracker_box,1,29.9,0.74
occ5_scene0008,view_el30_az240,cracker_box,cracker_box,1,17.7,0.61
occ5_scene0008,view_el30_az240,cracker_box,cracker_box,1,16.8,0.37
occ5_scene0008,view_el30_az240,cracker_box,cracker_box,1,20.4,1.29
occ5_scene0008,view_el45_az135,foam_brick,tennis_ball,0,38.4,1.53
occ5_scene0008,view_el45_az135,cracker_box,cracker_box,1,64.1,1.55
occ5_scene0008,view_el45_az135,cracker_box,cracker_box,1,53.5,2.12
occ5_scene0008,view_el45_az135,cracker_box,cracker_box,1,35.4,1.76
occ5_scene0008,view_el45_az135,cracker_box,cracker_box,1,33.3,2.1
occ5_scene0008,view_el45_az135,cracker_box,cracker_box,1,20.8,1.64
occ5_scene0008,view_el45_az225,cracker_box,foam_brick,0,212.1,4.01
occ5_scene0008,view_el45_az225,cracker_box,cracker_box,1,3.2,0.07
occ5_scene0008,view_el45_az225,cracker_box,foam_brick,0,190.3,4.94
occ5_scene0008,view_el60_az180,cracker_box,tennis_ball,0,122.7,1.26
occ5_scene0008,view_el60_az180,cracker_box,cracker_box,1,34.6,0.59
occ5_scene0008,view_el60_az195,cracker_box,tennis_ball,0,136.0,1.07
occ5_scene0008,view_el60_az195,cracker_box,cracker_box,1,27.0,0.47
occ5_scene0008,view_el60_az255,cracker_box,tennis_ball,0,159.8,3.05
occ5_scene0008,view_el60_az255,cracker_box,foam_brick,0,191.3,2.58
occ5_scene0008,view_el60_az255,tennis_ball,foam_brick,0,39.1,0.89
occ5_scene0008,view_el75_az105,foam_brick,tennis_ball,0,29.9,2.81
occ5_scene0008,view_el75_az225,cracker_box,foam_brick,0,191.2,2.98
occ5_scene0008,view_el75_az225,cracker_box,tennis_ball,0,157.6,2.26
occ5_scene0008,view_el75_az225,cracker_box,foam_brick,0,178.8,3.5
occ5_scene0008,view_el75_az225,cracker_box,tennis_ball,0,157.0,2.93
occ5_scene0008,view_el75_az225,cracker_box,tennis_ball,0,147.3,2.96
occ5_scene0008,view_el75_az225,cracker_box,cracker_box,1,36.4,0.73
occ5_scene0009,view_el30_az135,wood_block,cups,0,131.7,3.44
occ5_scene0009,view_el30_az135,wood_block,softball,0,58.2,1.52
occ5_scene0009,view_el30_az135,wood_block,peach,0,74.4,2.06
occ5_scene0009,view_el30_az135,cups,softball,0,73.5,3.22
occ5_scene0009,view_el30_az135,cups,peach,0,57.3,2.79
occ5_scene0009,view_el30_az135,cups,peach,0,56.0,3.03
occ5_scene0009,view_el30_az195,wood_block,phillips_screwdriver,0,29.3,0.75
occ5_scene0009,view_el30_az195,wood_block,phillips_screwdriver,0,29.3,0.75
occ5_scene0009,view_el30_az195,wood_block,phillips_screwdriver,0,52.2,1.07
occ5_scene0009,view_el30_az195,wood_block,phillips_screwdriver,0,52.1,1.07
occ5_scene0009,view_el30_az195,softball,cups,0,54.4,1.2
occ5_scene0009,view_el30_az195,softball,cups,0,62.4,1.49
occ5_scene0009,view_el30_az195,cups,softball,0,68.0,2.71
occ5_scene0009,view_el30_az195,softball,peach,0,63.8,2.86
occ5_scene0009,view_el30_az195,softball,cups,0,76.1,3.52
occ5_scene0009,view_el30_az195,cups,cups,1,12.5,0.72
occ5_scene0009,view_el30_az210,wood_block,phillips_screwdriver,0,48.8,1.1
occ5_scene0009,view_el30_az210,wood_block,phillips_screwdriver,0,48.8,1.1
occ5_scene0009,view_el30_az210,wood_block,phillips_screwdriver,0,54.1,1.11
occ5_scene0009,view_el30_az210,wood_block,phillips_screwdriver,0,54.1,1.11
occ5_scene0009,view_el30_az210,softball,peach,0,66.1,2.82
occ5_scene0009,view_el30_az210,cups,cups,1,13.5,0.79
occ5_scene0009,view_el30_az240,cups,peach,0,37.1,1.95
occ5_scene0009,view_el30_az240,cups,peach,0,38.8,2.11
occ5_scene0009,view_el30_az240,cups,cups,1,8.8,0.43
occ5_scene0009,view_el30_az240,cups,cups,1,12.3,0.62
occ5_scene0009,view_el45_az135,softball,cups,0,55.8,2.38
occ5_scene0009,view_el45_az135,cups,peach,0,46.7,2.15
occ5_scene0009,view_el45_az135,cups,cups,1,10.2,0.43
occ5_scene0009,view_el45_az225,cups,peach,0,20.0,0.83
occ5_scene0009,view_el60_az180,wood_block,wood_block,1,54.1,0.83
occ5_scene0009,view_el60_az180,phillips_screwdriver,phillips_screwdriver,1,17.0,1.47
occ5_scene0009,view_el60_az195,wood_block,wood_block,1,51.7,0.97
occ5_scene0009,view_el60_az195,phillips_screwdriver,phillips_screwdriver,1,19.0,1.55
occ5_scene0009,view_el60_az255,wood_block,softball,0,117.4,1.97
occ5_scene0009,view_el60_az255,wood_block,wood_block,1,59.7,0.9
occ5_scene0009,view_el60_az255,cups,peach,0,14.6,0.48
occ5_scene0009,view_el60_az255,cups,peach,0,20.3,0.9
occ5_scene0009,view_el75_az105,wood_block,wood_block,1,32.4,0.47
occ5_scene0009,view_el75_az225,wood_block,wood_block,1,44.5,0.6
occ5_scene0009,view_el75_az225,wood_block,wood_block,1,52.3,0.71
occ5_scene0009,view_el75_az225,wood_block,wood_block,1,7.1,0.09
occ5_scene0009,view_el75_az225,cups,cups,1,22.3,0.92
occ5_scene0009,view_el75_az225,cups,cups,1,2.1,0.18
occ5_scene0009,view_el75_az225,phillips_screwdriver,phillips_screwdriver,1,6.8,0.79
occ5_scene0009,view_el75_az225,cups,cups,1,23.2,0.99
occ5_scene0009,view_el75_az225,phillips_screwdriver,phillips_screwdriver,1,7.3,0.95
occ5_scene0009,view_el90,wood_block,wood_block,1,35.0,0.56
occ5_scene0009,view_el90,phillips_screwdriver,phillips_screwdriver,1,5.0,0.5
occ5_scene0009,view_el90,phillips_screwdriver,phillips_screwdriver,1,5.0,0.67
occ5_scene0010,view_el30_az135,wood_block,lemon,0,37.4,0.99
occ5_scene0010,view_el30_az135,cups,cups,1,8.9,0.56
occ5_scene0010,view_el30_az195,wood_block,lemon,0,40.8,1.18
occ5_scene0010,view_el30_az195,pear,cups,0,78.3,3.49
occ5_scene0010,view_el30_az195,pear,cups,0,78.3,1.63
occ5_scene0010,view_el30_az195,cups,cups,1,0.6,0.01
occ5_scene0010,view_el30_az210,wood_block,pear,0,97.7,1.45
occ5_scene0010,view_el30_az210,wood_block,cups,0,24.7,0.7
occ5_scene0010,view_el30_az210,wood_block,pear,0,101.7,1.57
occ5_scene0010,view_el30_az210,wood_block,cups,0,28.7,0.87
occ5_scene0010,view_el30_az210,pear,cups,0,81.6,3.56
occ5_scene0010,view_el30_az240,wood_block,cups,0,37.1,1.05
occ5_scene0010,view_el30_az240,wood_block,cups,0,34.3,1.02
occ5_scene0010,view_el30_az240,wood_block,cups,0,47.1,1.32
occ5_scene0010,view_el30_az240,wood_block,cups,0,49.9,1.36
occ5_scene0010,view_el30_az240,pear,cups,0,83.1,4.3
occ5_scene0010,view_el30_az240,pear,cups,0,85.8,4.89
occ5_scene0010,view_el30_az240,cups,cups,1,12.8,0.71
occ5_scene0010,view_el30_az240,cups,cups,1,15.6,0.81
occ5_scene0010,view_el30_az240,lemon,lemon,1,12.5,1.06
occ5_scene0010,view_el45_az135,cups,cups,1,13.7,0.8
occ5_scene0010,view_el45_az225,wood_block,cups,0,3.3,0.07
occ5_scene0010,view_el45_az225,wood_block,cups,0,7.8,0.17
occ5_scene0010,view_el45_az225,pear,cups,0,72.9,3.39
occ5_scene0010,view_el45_az225,pear,cups,0,80.0,3.68
occ5_scene0010,view_el60_az180,wood_block,wood_block,1,54.1,0.91
occ5_scene0010,view_el60_az180,wood_block,wood_block,1,1.6,0.02
occ5_scene0010,view_el60_az180,wood_block,wood_block,1,52.9,0.97
occ5_scene0010,view_el60_az195,wood_block,wood_block,1,57.9,1.05
occ5_scene0010,view_el60_az255,wood_block,cups,0,38.7,0.7
occ5_scene0010,view_el60_az255,wood_block,wood_block,1,61.2,1.05
occ5_scene0010,view_el60_az255,wood_block,cups,0,8.1,0.14
occ5_scene0010,view_el75_az225,wood_block,wood_block,1,64.1,0.89
occ5_scene0010,view_el90,wood_block,wood_block,1,50.0,0.77
occ5_scene0011,view_el30_az135,master_chef_can,softball,0,83.2,0.89
occ5_scene0011,view_el30_az135,master_chef_can,softball,0,199.3,5.13
occ5_scene0011,view_el30_az135,master_chef_can,softball,0,199.8,5.27
occ5_scene0011,view_el30_az135,master_chef_can,strawberry,0,70.7,1.18
occ5_scene0011,view_el30_az135,master_chef_can,softball,0,188.4,1.92
occ5_scene0011,view_el30_az135,master_chef_can,softball,0,208.5,5.11
occ5_scene0011,view_el30_az135,master_chef_can,softball,0,209.3,5.24
occ5_scene0011,view_el30_az135,master_chef_can,strawberry,0,73.2,1.36
occ5_scene0011,view_el30_az135,master_chef_can,master_chef_can,1,24.4,0.43
occ5_scene0011,view_el30_az135,master_chef_can,softball,0,181.8,1.81
occ5_scene0011,view_el30_az135,master_chef_can,softball,0,201.5,4.64
occ5_scene0011,view_el30_az135,master_chef_can,strawberry,0,66.8,1.19
occ5_scene0011,view_el30_az135,master_chef_can,softball,0,206.2,2.17
occ5_scene0011,view_el30_az135,master_chef_can,softball,0,226.5,5.94
occ5_scene0011,view_el30_az135,master_chef_can,softball,0,227.3,6.13
occ5_scene0011,view_el30_az135,softball,master_chef_can,0,193.4,1.8
occ5_scene0011,view_el30_az135,master_chef_can,strawberry,0,78.4,1.24
occ5_scene0011,view_el30_az195,nine_hole_peg_test,potted_meat_can,0,122.9,3.54
occ5_scene0011,view_el30_az195,nine_hole_peg_test,potted_meat_can,0,125.9,4.3
occ5_scene0011,view_el30_az195,nine_hole_peg_test,potted_meat_can,0,119.5,3.06
occ5_scene0011,view_el30_az195,nine_hole_peg_test,potted_meat_can,0,122.6,3.65
occ5_scene0011,view_el30_az195,nine_hole_peg_test,nine_hole_peg_test,1,17.3,0.63
occ5_scene0011,view_el30_az195,potted_meat_can,potted_meat_can,1,12.0,0.45
occ5_scene0011,view_el30_az210,nine_hole_peg_test,potted_meat_can,0,145.9,4.17
occ5_scene0011,view_el30_az210,nine_hole_peg_test,potted_meat_can,0,139.5,5.18
occ5_scene0011,view_el30_az210,nine_hole_peg_test,potted_meat_can,0,141.6,3.37
occ5_scene0011,view_el30_az210,nine_hole_peg_test,nine_hole_peg_test,1,7.9,0.27
occ5_scene0011,view_el30_az210,nine_hole_peg_test,nine_hole_peg_test,1,8.4,0.3
occ5_scene0011,view_el30_az210,nine_hole_peg_test,potted_meat_can,0,135.2,3.98
occ5_scene0011,view_el30_az210,nine_hole_peg_test,nine_hole_peg_test,1,5.6,0.2
occ5_scene0011,view_el30_az210,nine_hole_peg_test,nine_hole_peg_test,1,2.3,0.31
occ5_scene0011,view_el30_az210,potted_meat_can,potted_meat_can,1,3.2,0.12
occ5_scene0011,view_el30_az240,nine_hole_peg_test,master_chef_can,0,107.7,2.59
occ5_scene0011,view_el30_az240,nine_hole_peg_test,potted_meat_can,0,139.0,4.12
occ5_scene0011,view_el30_az240,master_chef_can,strawberry,0,79.4,2.22
occ5_scene0011,view_el30_az240,potted_meat_can,strawberry,0,48.1,1.72
occ5_scene0011,view_el30_az240,nine_hole_peg_test,nine_hole_peg_test,1,32.8,0.91
occ5_scene0011,view_el30_az240,nine_hole_peg_test,nine_hole_peg_test,1,40.4,1.61
occ5_scene0011,view_el45_az135,master_chef_can,softball,0,170.5,2.48
occ5_scene0011,view_el45_az135,master_chef_can,softball,0,176.6,2.92
occ5_scene0011,view_el45_az135,master_chef_can,potted_meat_can,0,110.1,2.8
occ5_scene0011,view_el45_az135,master_chef_can,strawberry,0,78.8,1.16
occ5_scene0011,view_el45_az135,master_chef_can,master_chef_can,1,18.1,0.33
occ5_scene0011,view_el45_az135,master_chef_can,softball,0,161.8,2.47
occ5_scene0011,view_el45_az135,master_chef_can,strawberry,0,70.1,1.08
occ5_scene0011,view_el45_az135,master_chef_can,master_chef_can,1,6.1,0.17
occ5_scene0011,view_el45_az135,master_chef_can,softball,0,179.9,2.58
occ5_scene0011,view_el45_az135,master_chef_can,softball,0,186.0,3.03
occ5_scene0011,view_el45_az135,master_chef_can,potted_meat_can,0,119.5,2.96
occ5_scene0011,view_el45_az135,softball,strawberry,0,146.9,1.8
occ5_scene0011,view_el45_az135,softball,master_chef_can,0,171.4,3.37
occ5_scene0011,view_el45_az135,softball,potted_meat_can,0,73.3,3.42
occ5_scene0011,view_el45_az135,strawberry,master_chef_can,0,79.7,1.59
occ5_scene0011,view_el45_az225,master_chef_can,strawberry,0,85.4,1.76
occ5_scene0011,view_el45_az225,master_chef_can,master_chef_can,1,36.7,0.93
occ5_scene0011,view_el45_az225,master_chef_can,strawberry,0,69.6,1.54
occ5_scene0011,view_el45_az225,potted_meat_can,strawberry,0,28.9,0.75
occ5_scene0011,view_el45_az225,potted_meat_can,strawberry,0,43.3,1.2
occ5_scene0011,view_el60_az180,master_chef_can,potted_meat_can,0,86.2,1.97
occ5_scene0011,view_el60_az180,master_chef_can,potted_meat_can,0,83.0,1.88
occ5_scene0011,view_el60_az180,master_chef_can,potted_meat_can,0,91.5,2.11
occ5_scene0011,view_el60_az180,master_chef_can,master_chef_can,1,37.4,0.81
occ5_scene0011,view_el60_az180,master_chef_can,potted_meat_can,0,97.6,2.9
occ5_scene0011,view_el60_az180,master_chef_can,potted_meat_can,0,94.5,2.78
occ5_scene0011,view_el60_az180,master_chef_can,potted_meat_can,0,103.0,3.1
occ5_scene0011,view_el60_az180,potted_meat_can,potted_meat_can,1,7.3,0.24
occ5_scene0011,view_el60_az195,master_chef_can,master_chef_can,1,36.1,0.79
occ5_scene0011,view_el60_az195,potted_meat_can,potted_meat_can,1,17.2,0.54
occ5_scene0011,view_el60_az255,potted_meat_can,strawberry,0,44.3,1.4
occ5_scene0011,view_el60_az255,master_chef_can,master_chef_can,1,42.3,0.98
occ5_scene0011,view_el60_az255,master_chef_can,master_chef_can,1,45.3,1.06
occ5_scene0011,view_el60_az255,potted_meat_can,potted_meat_can,1,29.0,1.17
occ5_scene0011,view_el60_az255,potted_meat_can,strawberry,0,55.0,2.34
occ5_scene0011,view_el75_az105,master_chef_can,potted_meat_can,0,74.0,4.64
occ5_scene0011,view_el75_az105,master_chef_can,potted_meat_can,0,87.1,4.64
occ5_scene0011,view_el75_az225,master_chef_can,strawberry,0,92.6,2.04
occ5_scene0011,view_el75_az225,master_chef_can,master_chef_can,1,51.3,1.27
occ5_scene0011,view_el75_az225,master_chef_can,strawberry,0,100.7,3.41
occ5_scene0011,view_el90,nine_hole_peg_test,nine_hole_peg_test,1,15.0,1.0
occ5_scene0011,view_el90,master_chef_can,master_chef_can,1,102.5,2.83
occ5_scene0012,view_el30_az135,master_chef_can,bleach_cleanser,0,113.6,2.38
occ5_scene0012,view_el30_az135,master_chef_can,bleach_cleanser,0,99.4,2.75
occ5_scene0012,view_el30_az135,master_chef_can,bleach_cleanser,0,137.8,2.93
occ5_scene0012,view_el30_az135,bleach_cleanser,master_chef_can,0,129.2,2.94
occ5_scene0012,view_el30_az135,bleach_cleanser,master_chef_can,0,113.9,2.81
occ5_scene0012,view_el30_az135,foam_brick,cups,0,66.3,1.3
occ5_scene0012,view_el30_az135,foam_brick,cups,0,56.8,1.05
occ5_scene0012,view_el30_az135,bleach_cleanser,bleach_cleanser,1,38.4,1.02
occ5_scene0012,view_el30_az135,bleach_cleanser,master_chef_can,0,114.9,3.56
occ5_scene0012,view_el30_az135,bleach_cleanser,bleach_cleanser,1,19.8,0.95
occ5_scene0012,view_el30_az135,bleach_cleanser,bleach_cleanser,1,23.0,1.27
occ5_scene0012,view_el30_az135,foam_brick,cups,0,23.4,0.45
occ5_scene0012,view_el30_az135,foam_brick,cups,0,6.6,0.19
occ5_scene0012,view_el30_az135,bleach_cleanser,master_chef_can,0,153.3,3.55
occ5_scene0012,view_el30_az135,bleach_cleanser,master_chef_can,0,138.1,3.47
occ5_scene0012,view_el30_az195,master_chef_can,baseball,0,241.7,7.12
occ5_scene0012,view_el30_az195,master_chef_can,foam_brick,0,119.9,3.37
occ5_scene0012,view_el30_az195,bleach_cleanser,baseball,0,165.8,4.77
occ5_scene0012,view_el30_az195,master_chef_can,master_chef_can,1,18.1,0.38
occ5_scene0012,view_el30_az195,master_chef_can,foam_brick,0,114.8,3.27
occ5_scene0012,view_el30_az195,master_chef_can,baseball,0,254.4,8.08
occ5_scene0012,view_el30_az195,bleach_cleanser,bleach_cleanser,1,5.0,0.2
occ5_scene0012,view_el30_az210,master_chef_can,cups,0,138.1,4.17
occ5_scene0012,view_el30_az210,master_chef_can,cups,0,142.6,4.26
occ5_scene0012,view_el30_az210,master_chef_can,cups,0,134.7,4.45
occ5_scene0012,view_el30_az210,bleach_cleanser,baseball,0,167.0,4.78
occ5_scene0012,view_el30_az210,master_chef_can,master_chef_can,1,20.1,0.48
occ5_scene0012,view_el30_az210,master_chef_can,cups,0,131.7,4.0
occ5_scene0012,view_el30_az210,master_chef_can,cups,0,136.1,4.09
occ5_scene0012,view_el30_az210,master_chef_can,cups,0,128.2,4.26
occ5_scene0012,view_el30_az210,master_chef_can,cups,0,141.3,2.74
occ5_scene0012,view_el30_az210,master_chef_can,cups,0,145.8,2.81
occ5_scene0012,view_el30_az210,master_chef_can,cups,0,151.8,5.09
occ5_scene0012,view_el30_az210,master_chef_can,cups,0,148.4,5.49
occ5_scene0012,view_el30_az210,bleach_cleanser,bleach_cleanser,1,5.5,0.21
occ5_scene0012,view_el30_az210,cups,cups,1,7.8,0.45
occ5_scene0012,view_el30_az240,bleach_cleanser,cups,0,117.4,3.41
occ5_scene0012,view_el30_az240,bleach_cleanser,cups,0,118.3,3.69
occ5_scene0012,view_el30_az240,bleach_cleanser,baseball,0,149.0,4.76
occ5_scene0012,view_el30_az240,bleach_cleanser,bleach_cleanser,1,53.5,1.96
occ5_scene0012,view_el30_az240,bleach_cleanser,cups,0,112.5,2.9
occ5_scene0012,view_el30_az240,master_chef_can,foam_brick,0,117.4,4.04
occ5_scene0012,view_el30_az240,master_chef_can,master_chef_can,1,23.1,0.63
occ5_scene0012,view_el30_az240,master_chef_can,foam_brick,0,111.1,4.02
occ5_scene0012,view_el30_az240,bleach_cleanser,baseball,0,141.1,5.55
occ5_scene0012,view_el30_az240,cups,cups,1,5.8,0.26
occ5_scene0012,view_el45_az135,master_chef_can,bleach_cleanser,0,84.8,1.46
occ5_scene0012,view_el45_az135,master_chef_can,bleach_cleanser,0,115.1,2.09
occ5_scene0012,view_el45_az135,bleach_cleanser,master_chef_can,0,97.3,1.83
occ5_scene0012,view_el45_az135,master_chef_can,master_chef_can,1,24.1,0.5
occ5_scene0012,view_el45_az135,foam_brick,cups,0,59.8,2.76
occ5_scene0012,view_el45_az135,master_chef_can,bleach_cleanser,0,127.6,2.54
occ5_scene0012,view_el45_az135,foam_brick,cups,0,45.0,1.82
occ5_scene0012,view_el45_az135,foam_brick,cups,0,35.4,0.75
occ5_scene0012,view_el45_az135,cups,cups,1,10.4,0.24
occ5_scene0012,view_el45_az225,master_chef_can,master_chef_can,1,22.6,0.46
occ5_scene0012,view_el45_az225,bleach_cleanser,bleach_cleanser,1,12.1,0.38
occ5_scene0012,view_el60_az180,master_chef_can,bleach_cleanser,0,45.0,0.59
occ5_scene0012,view_el60_az180,master_chef_can,foam_brick,0,111.1,2.44
occ5_scene0012,view_el60_az180,master_chef_can,foam_brick,0,92.4,1.99
occ5_scene0012,view_el60_az180,master_chef_can,cups,0,121.1,3.28
occ5_scene0012,view_el60_az180,master_chef_can,foam_brick,0,112.8,3.0
occ5_scene0012,view_el60_az180,master_chef_can,bleach_cleanser,0,140.8,4.28
occ5_scene0012,view_el60_az180,bleach_cleanser,master_chef_can,0,51.8,0.73
occ5_scene0012,view_el60_az180,master_chef_can,foam_brick,0,117.9,2.95
occ5_scene0012,view_el60_az180,master_chef_can,master_chef_can,1,31.3,0.64
occ5_scene0012,view_el60_az180,master_chef_can,foam_brick,0,99.3,2.42
occ5_scene0012,view_el60_az180,master_chef_can,cups,0,127.9,4.07
occ5_scene0012,view_el60_az180,master_chef_can,foam_brick,0,119.6,3.74
occ5_scene0012,view_el60_az180,master_chef_can,bleach_cleanser,0,147.6,5.4
occ5_scene0012,view_el60_az180,foam_brick,cups,0,28.7,1.11
occ5_scene0012,view_el60_az180,bleach_cleanser,bleach_cleanser,1,19.2,0.47
occ5_scene0012,view_el60_az195,master_chef_can,cups,0,118.2,2.85
occ5_scene0012,view_el60_az195,master_chef_can,cups,0,124.5,3.46
occ5_scene0012,view_el60_az195,master_chef_can,foam_brick,0,95.8,1.98
occ5_scene0012,view_el60_az195,master_chef_can,cups,0,123.9,3.55
occ5_scene0012,view_el60_az195,master_chef_can,master_chef_can,1,27.5,0.59
occ5_scene0012,view_el60_az195,master_chef_can,cups,0,130.3,4.42
occ5_scene0012,view_el60_az195,master_chef_can,foam_brick,0,101.5,2.43
occ5_scene0012,view_el60_az195,bleach_cleanser,bleach_cleanser,1,82.1,1.06
occ5_scene0012,view_el60_az195,cups,foam_brick,0,28.8,0.96
occ5_scene0012,view_el60_az195,bleach_cleanser,bleach_cleanser,1,20.0,0.46
occ5_scene0012,view_el60_az255,bleach_cleanser,baseball,0,127.0,2.34
occ5_scene0012,view_el60_az255,bleach_cleanser,cups,0,129.7,2.22
occ5_scene0012,view_el60_az255,bleach_cleanser,bleach_cleanser,1,90.5,1.51
occ5_scene0012,view_el60_az255,bleach_cleanser,cups,0,131.6,2.42
occ5_scene0012,view_el60_az255,bleach_cleanser,bleach_cleanser,1,88.2,1.47
occ5_scene0012,view_el60_az255,bleach_cleanser,cups,0,130.1,1.01
occ5_scene0012,view_el60_az255,master_chef_can,foam_brick,0,97.7,2.17
occ5_scene0012,view_el60_az255,master_chef_can,master_chef_can,1,31.9,0.66
occ5_scene0012,view_el60_az255,master_chef_can,master_chef_can,1,32.5,0.59
occ5_scene0012,view_el60_az255,baseball,bleach_cleanser,0,180.8,4.54
occ5_scene0012,view_el60_az255,bleach_cleanser,cups,0,183.6,4.17
occ5_scene0012,view_el60_az255,bleach_cleanser,bleach_cleanser,1,26.5,0.48
occ5_scene0012,view_el60_az255,bleach_cleanser,cups,0,185.5,4.64
occ5_scene0012,view_el60_az255,bleach_cleanser,bleach_cleanser,1,28.2,0.64
occ5_scene0012,view_el75_az105,master_chef_can,master_chef_can,1,31.0,0.85
occ5_scene0012,view_el75_az105,bleach_cleanser,bleach_cleanser,1,92.7,1.36
occ5_scene0012,view_el75_az105,bleach_cleanser,bleach_cleanser,1,29.0,0.84
occ5_scene0012,view_el75_az225,master_chef_can,foam_brick,0,126.4,6.5
occ5_scene0012,view_el75_az225,master_chef_can,master_chef_can,1,37.9,0.52
occ5_scene0012,view_el75_az225,master_chef_can,foam_brick,0,126.4,2.63
occ5_scene0012,view_el75_az225,master_chef_can,foam_brick,0,103.2,3.51
occ5_scene0012,view_el75_az225,master_chef_can,master_chef_can,1,41.2,1.19
occ5_scene0012,view_el75_az225,master_chef_can,foam_brick,0,122.5,6.03
occ5_scene0012,view_el75_az225,bleach_cleanser,bleach_cleanser,1,83.1,0.98
occ5_scene0012,view_el75_az225,bleach_cleanser,bleach_cleanser,1,20.2,0.2
occ5_scene0013,view_el30_az135,tomato_soup_can,gelatin_box,0,74.3,2.67
occ5_scene0013,view_el30_az135,tomato_soup_can,cups,0,86.8,3.04
occ5_scene0013,view_el30_az135,tomato_soup_can,cups,0,185.6,7.01
occ5_scene0013,view_el30_az135,tomato_soup_can,cups,0,185.4,7.93
occ5_scene0013,view_el30_az135,cups,cups,0,98.8,4.05
occ5_scene0013,view_el30_az135,cups,tomato_soup_can,0,97.9,3.5
occ5_scene0013,view_el30_az135,cups,cups,0,98.5,4.63
occ5_scene0013,view_el30_az135,cups,tomato_soup_can,0,196.7,7.59
occ5_scene0013,view_el30_az135,tomato_soup_can,cups,0,196.4,8.61
occ5_scene0013,view_el30_az135,cups,cups,1,0.9,0.04
occ5_scene0013,view_el30_az195,tomato_soup_can,potted_meat_can,0,175.6,3.61
occ5_scene0013,view_el30_az195,tomato_soup_can,gelatin_box,0,101.4,4.58
occ5_scene0013,view_el30_az195,tomato_soup_can,gelatin_box,0,100.6,5.69
occ5_scene0013,view_el30_az195,cups,cups,0,76.9,3.12
occ5_scene0013,view_el30_az195,cups,cups,0,79.2,3.64
occ5_scene0013,view_el30_az195,cups,cups,0,84.4,3.21
occ5_scene0013,view_el30_az195,cups,cups,1,11.4,0.47
occ5_scene0013,view_el30_az195,potted_meat_can,gelatin_box,0,82.2,4.28
occ5_scene0013,view_el30_az195,cups,cups,0,86.7,3.7
occ5_scene0013,view_el30_az195,cups,cups,1,9.2,0.37
occ5_scene0013,view_el30_az195,potted_meat_can,gelatin_box,0,83.6,4.65
occ5_scene0013,view_el30_az195,potted_meat_can,potted_meat_can,1,5.0,0.18
occ5_scene0013,view_el30_az195,potted_meat_can,gelatin_box,0,80.6,4.78
occ5_scene0013,view_el30_az195,potted_meat_can,potted_meat_can,1,1.9,0.07
occ5_scene0013,view_el30_az210,tomato_soup_can,gelatin_box,0,93.2,3.93
occ5_scene0013,view_el30_az210,cups,gelatin_box,0,118.8,5.4
occ5_scene0013,view_el30_az210,potted_meat_can,gelatin_box,0,77.8,3.36
occ5_scene0013,view_el30_az210,tomato_soup_can,gelatin_box,0,84.5,4.26
occ5_scene0013,view_el30_az210,cups,cups,1,8.2,0.33
occ5_scene0013,view_el30_az210,cups,cups,1,11.5,0.47
occ5_scene0013,view_el30_az210,cups,gelatin_box,0,124.3,5.0
occ5_scene0013,view_el30_az240,cups,potted_meat_can,0,170.7,7.22
occ5_scene0013,view_el30_az240,cups,tomato_soup_can,0,71.6,2.73
occ5_scene0013,view_el30_az240,cups,gelatin_box,0,140.9,5.87
occ5_scene0013,view_el30_az240,potted_meat_can,cups,0,175.4,6.93
occ5_scene0013,view_el30_az240,cups,cups,1,7.3,0.31
occ5_scene0013,view_el45_az135,tomato_soup_can,gelatin_box,0,80.6,2.61
occ5_scene0013,view_el45_az135,tomato_soup_can,cups,0,79.6,2.42
occ5_scene0013,view_el45_az135,cups,cups,0,85.2,3.24
occ5_scene0013,view_el45_az135,cups,cups,0,90.6,3.44
occ5_scene0013,view_el45_az135,potted_meat_can,potted_meat_can,1,9.4,0.37
occ5_scene0013,view_el45_az135,cups,cups,1,7.9,0.32
occ5_scene0013,view_el45_az225,cups,gelatin_box,0,121.8,5.02
occ5_scene0013,view_el45_az225,tomato_soup_can,gelatin_box,0,86.0,3.15
occ5_scene0013,view_el45_az225,gelatin_box,tomato_soup_can,0,98.5,4.34
occ5_scene0013,view_el60_az180,tomato_soup_can,gelatin_box,0,107.9,3.41
occ5_scene0013,view_el60_az180,tomato_soup_can,gelatin_box,0,100.6,3.78
occ5_scene0013,view_el60_az180,gelatin_box,tomato_soup_can,0,106.3,5.25
occ5_scene0013,view_el60_az180,tomato_soup_can,tomato_soup_can,1,24.0,0.79
occ5_scene0013,view_el60_az180,potted_meat_can,potted_meat_can,1,10.8,0.38
occ5_scene0013,view_el60_az180,cups,cups,1,7.0,0.23
occ5_scene0013,view_el60_az195,tomato_soup_can,gelatin_box,0,99.6,3.83
occ5_scene0013,view_el60_az195,potted_meat_can,potted_meat_can,1,12.1,0.43
occ5_scene0013,view_el60_az255,cups,cups,1,19.2,0.75
occ5_scene0013,view_el60_az255,cups,cups,1,8.1,0.56
occ5_scene0013,view_el75_az105,cups,cups,1,15.6,0.63
occ5_scene0014,view_el30_az135,peach,rubiks_cube,0,79.6,4.37
occ5_scene0014,view_el30_az135,peach,rubiks_cube,0,79.6,4.37
occ5_scene0014,view_el30_az135,peach,rubiks_cube,0,92.7,7.16
occ5_scene0014,view_el30_az135,peach,rubiks_cube,0,1.4,0.09
occ5_scene0014,view_el30_az135,rubiks_cube,rubiks_cube,1,94.0,8.25
occ5_scene0014,view_el30_az195,softball,peach,0,60.8,2.51
occ5_scene0014,view_el30_az195,softball,peach,0,70.0,2.81
occ5_scene0014,view_el30_az210,softball,peach,0,55.7,3.29
occ5_scene0014,view_el30_az210,softball,peach,0,69.2,3.21
occ5_scene0014,view_el30_az210,rubiks_cube,rubiks_cube,1,0.5,0.08
occ5_scene0014,view_el30_az210,rubiks_cube,rubiks_cube,1,9.1,1.82
occ5_scene0014,view_el30_az210,rubiks_cube,rubiks_cube,1,7.5,0.22
occ5_scene0014,view_el30_az210,rubiks_cube,rubiks_cube,1,7.5,1.69
occ5_scene0014,view_el30_az210,rubiks_cube,rubiks_cube,1,0.6,0.17
occ5_scene0014,view_el30_az210,rubiks_cube,rubiks_cube,1,1.1,0.3
occ5_scene0014,view_el30_az240,softball,tennis_ball,0,88.1,4.56
occ5_scene0014,view_el30_az240,rubiks_cube,rubiks_cube,1,1.1,0.06
occ5_scene0014,view_el30_az240,rubiks_cube,rubiks_cube,1,10.9,0.58
occ5_scene0014,view_el30_az240,rubiks_cube,rubiks_cube,1,7.1,0.48
occ5_scene0014,view_el30_az240,rubiks_cube,rubiks_cube,1,7.5,0.24
occ5_scene0014,view_el30_az240,rubiks_cube,rubiks_cube,1,9.4,0.91
occ5_scene0014,view_el30_az240,rubiks_cube,rubiks_cube,1,8.2,1.16
occ5_scene0014,view_el30_az240,rubiks_cube,rubiks_cube,1,7.2,1.02
occ5_scene0014,view_el30_az240,rubiks_cube,rubiks_cube,1,6.9,0.21
occ5_scene0014,view_el30_az240,rubiks_cube,rubiks_cube,1,10.0,0.87
occ5_scene0014,view_el30_az240,rubiks_cube,rubiks_cube,1,7.5,0.9
occ5_scene0014,view_el30_az240,rubiks_cube,rubiks_cube,1,9.1,2.19
occ5_scene0014,view_el30_az240,rubiks_cube,rubiks_cube,1,6.4,1.71
occ5_scene0014,view_el45_az135,rubiks_cube,rubiks_cube,1,3.7,0.18
occ5_scene0014,view_el45_az225,softball,tennis_ball,0,81.9,3.61
occ5_scene0014,view_el60_az180,softball,tennis_ball,0,61.5,3.07
occ5_scene0014,view_el60_az180,rubiks_cube,rubiks_cube,1,6.2,0.25
occ5_scene0014,view_el60_az195,softball,tennis_ball,0,65.0,3.09
occ5_scene0014,view_el60_az195,softball,tennis_ball,0,62.4,2.82
occ5_scene0014,view_el60_az195,rubiks_cube,rubiks_cube,1,5.7,0.23
occ5_scene0014,view_el60_az255,softball,tennis_ball,0,70.6,3.85
occ5_scene0014,view_el60_az255,softball,tennis_ball,0,56.3,2.81
occ5_scene0014,view_el75_az225,softball,softball,1,25.2,1.52
occ5_scene0014,view_el75_az225,softball,tennis_ball,0,66.6,3.86
occ5_scene0015,view_el30_az135,bleach_cleanser,pudding_box,0,139.7,4.33
occ5_scene0015,view_el30_az135,cups,pudding_box,0,163.4,8.69
occ5_scene0015,view_el30_az135,bleach_cleanser,pudding_box,0,127.7,4.73
occ5_scene0015,view_el30_az135,bleach_cleanser,bleach_cleanser,1,23.9,0.85
occ5_scene0015,view_el30_az135,gelatin_box,large_marker,0,29.0,1.01
occ5_scene0015,view_el30_az135,cups,cups,1,2.2,0.1
occ5_scene0015,view_el30_az135,pudding_box,cups,0,161.4,7.43
occ5_scene0015,view_el30_az135,large_marker,gelatin_box,0,31.2,1.25
occ5_scene0015,view_el30_az195,bleach_cleanser,pudding_box,0,129.8,4.09
occ5_scene0015,view_el30_az195,gelatin_box,large_marker,0,67.7,4.02
occ5_scene0015,view_el30_az195,pudding_box,bleach_cleanser,0,114.0,4.99
occ5_scene0015,view_el30_az195,cups,cups,1,10.8,0.49
occ5_scene0015,view_el30_az210,bleach_cleanser,cups,0,123.4,3.34
occ5_scene0015,view_el30_az210,bleach_cleanser,cups,0,128.0,3.68
occ5_scene0015,view_el30_az210,bleach_cleanser,cups,0,111.7,3.08
occ5_scene0015,view_el30_az210,gelatin_box,large_marker,0,84.8,3.85
occ5_scene0015,view_el30_az210,cups,cups,1,16.4,0.75
occ5_scene0015,view_el30_az210,bleach_cleanser,bleach_cleanser,1,3.8,0.14
occ5_scene0015,view_el30_az240,bleach_cleanser,cups,0,147.5,5.35
occ5_scene0015,view_el30_az240,gelatin_box,large_marker,0,82.1,1.13
occ5_scene0015,view_el30_az240,gelatin_box,large_marker,0,110.0,1.72
occ5_scene0015,view_el45_az135,bleach_cleanser,pudding_box,0,149.2,3.22
occ5_scene0015,view_el45_az135,bleach_cleanser,pudding_box,0,149.2,3.22
occ5_scene0015,view_el45_az135,gelatin_box,large_marker,0,18.0,0.72
occ5_scene0015,view_el45_az135,gelatin_box,large_marker,0,10.5,0.53
occ5_scene0015,view_el45_az135,bleach_cleanser,pudding_box,0,130.5,3.53
occ5_scene0015,view_el45_az135,bleach_cleanser,bleach_cleanser,1,47.6,1.41
occ5_scene0015,view_el45_az135,bleach_cleanser,bleach_cleanser,1,14.3,0.63
occ5_scene0015,view_el45_az135,large_marker,gelatin_box,0,21.5,1.05
occ5_scene0015,view_el45_az135,large_marker,gelatin_box,0,14.0,0.9
occ5_scene0015,view_el45_az135,large_marker,large_marker,1,30.4,2.03
occ5_scene0015,view_el45_az225,bleach_cleanser,cups,0,134.7,2.54
occ5_scene0015,view_el45_az225,bleach_cleanser,cups,0,140.5,2.93
occ5_scene0015,view_el45_az225,gelatin_box,large_marker,0,82.5,3.65
occ5_scene0015,view_el45_az225,bleach_cleanser,bleach_cleanser,1,15.6,0.51
occ5_scene0015,view_el60_az180,bleach_cleanser,pudding_box,0,148.6,2.32
occ5_scene0015,view_el60_az180,bleach_cleanser,pudding_box,0,134.3,2.45
occ5_scene0015,view_el60_az180,bleach_cleanser,pudding_box,0,123.2,2.09
occ5_scene0015,view_el60_az180,bleach_cleanser,bleach_cleanser,1,83.4,1.0
occ5_scene0015,view_el60_az180,gelatin_box,large_marker,0,30.7,2.25
occ5_scene0015,view_el60_az180,gelatin_box,large_marker,0,30.7,2.25
occ5_scene0015,view_el60_az180,gelatin_box,large_marker,0,32.5,2.75
occ5_scene0015,view_el60_az180,pudding_box,bleach_cleanser,0,206.1,3.73
occ5_scene0015,view_el60_az180,bleach_cleanser,bleach_cleanser,1,21.0,0.32
occ5_scene0015,view_el60_az180,large_marker,large_marker,1,1.8,0.27
occ5_scene0015,view_el60_az195,bleach_cleanser,pudding_box,0,144.0,2.39
occ5_scene0015,view_el60_az195,bleach_cleanser,pudding_box,0,114.2,2.08
occ5_scene0015,view_el60_az195,bleach_cleanser,bleach_cleanser,1,86.8,1.15
occ5_scene0015,view_el60_az195,gelatin_box,large_marker,0,43.8,3.31
occ5_scene0015,view_el60_az195,pudding_box,bleach_cleanser,0,109.6,2.49
occ5_scene0015,view_el60_az195,bleach_cleanser,bleach_cleanser,1,18.1,0.37
occ5_scene0015,view_el60_az195,cups,cups,1,33.6,1.46
occ5_scene0015,view_el60_az255,bleach_cleanser,cups,0,144.4,2.53
occ5_scene0015,view_el60_az255,gelatin_box,large_marker,0,67.7,2.46
occ5_scene0015,view_el60_az255,gelatin_box,large_marker,0,70.9,3.25
occ5_scene0015,view_el60_az255,bleach_cleanser,bleach_cleanser,1,25.9,0.53
occ5_scene0015,view_el60_az255,bleach_cleanser,cups,0,193.1,5.43
occ5_scene0015,view_el60_az255,bleach_cleanser,cups,0,218.6,7.14
occ5_scene0015,view_el60_az255,bleach_cleanser,cups,0,220.5,11.14
occ5_scene0015,view_el75_az105,gelatin_box,large_marker,0,9.4,0.79
occ5_scene0015,view_el75_az105,gelatin_box,large_marker,0,5.2,0.36
occ5_scene0015,view_el75_az225,gelatin_box,large_marker,0,41.8,3.4
occ5_scene0015,view_el75_az225,bleach_cleanser,bleach_cleanser,1,84.7,0.97
occ5_scene0015,view_el75_az225,bleach_cleanser,bleach_cleanser,1,17.5,0.22
occ5_scene0015,view_el75_az225,cups,cups,1,19.7,1.47
occ5_scene0015,view_el90,gelatin_box,large_marker,0,15.1,1.51
occ5_scene0015,view_el90,gelatin_box,large_marker,0,15.1,1.51
occ5_scene0016,view_el30_az135,pear,orange,0,107.4,2.95
occ5_scene0016,view_el30_az135,pear,peach,0,70.1,4.99
occ5_scene0016,view_el30_az135,pear,orange,0,118.5,7.16
occ5_scene0016,view_el30_az135,pear,peach,0,57.6,3.95
occ5_scene0016,view_el30_az195,pear,peach,0,64.4,3.08
occ5_scene0016,view_el30_az210,pear,peach,0,61.4,3.67
occ5_scene0017,view_el30_az135,gelatin_box,rubiks_cube,0,91.0,1.54
occ5_scene0017,view_el30_az135,gelatin_box,rubiks_cube,0,93.5,1.53
occ5_scene0017,view_el30_az135,gelatin_box,pear,0,107.2,4.56
occ5_scene0017,view_el30_az135,gelatin_box,rubiks_cube,0,95.7,1.72
occ5_scene0017,view_el30_az135,rubiks_cube,gelatin_box,0,70.9,3.49
occ5_scene0017,view_el30_az135,gelatin_box,rubiks_cube,0,73.4,3.28
occ5_scene0017,view_el30_az135,gelatin_box,pear,0,97.7,5.53
occ5_scene0017,view_el30_az135,gelatin_box,rubiks_cube,0,75.7,4.46
occ5_scene0017,view_el30_az135,rubiks_cube,rubiks_cube,1,8.9,0.35
occ5_scene0017,view_el30_az135,rubiks_cube,rubiks_cube,1,2.5,0.13
occ5_scene0017,view_el30_az135,rubiks_cube,rubiks_cube,1,4.5,0.3
occ5_scene0017,view_el30_az135,rubiks_cube,rubiks_cube,1,0.9,0.06
occ5_scene0017,view_el30_az135,rubiks_cube,rubiks_cube,1,1.7,0.06
occ5_scene0017,view_el30_az135,rubiks_cube,rubiks_cube,1,7.8,0.44
occ5_scene0017,view_el30_az135,cups,cups,1,10.3,0.5
occ5_scene0017,view_el30_az135,fork,fork,1,67.4,2.62
occ5_scene0017,view_el30_az135,rubiks_cube,rubiks_cube,1,0.5,0.02
occ5_scene0017,view_el30_az135,rubiks_cube,rubiks_cube,1,7.0,0.4
occ5_scene0017,view_el30_az135,rubiks_cube,rubiks_cube,1,8.4,0.18
occ5_scene0017,view_el30_az135,rubiks_cube,rubiks_cube,1,3.3,0.41
occ5_scene0017,view_el30_az135,rubiks_cube,rubiks_cube,1,6.1,0.76
occ5_scene0017,view_el30_az135,rubiks_cube,rubiks_cube,1,3.6,0.84
occ5_scene0017,view_el30_az135,rubiks_cube,rubiks_cube,1,7.5,1.42
occ5_scene0017,view_el30_az135,rubiks_cube,rubiks_cube,1,5.0,0.15
occ5_scene0017,view_el30_az135,rubiks_cube,rubiks_cube,1,8.6,1.35
occ5_scene0017,view_el30_az135,rubiks_cube,rubiks_cube,1,9.4,3.08
occ5_scene0017,view_el30_az135,rubiks_cube,rubiks_cube,1,5.6,1.38
occ5_scene0017,view_el30_az135,rubiks_cube,rubiks_cube,1,10.0,0.81
occ5_scene0017,view_el30_az135,rubiks_cube,rubiks_cube,1,6.9,0.98
occ5_scene0017,view_el30_az135,rubiks_cube,rubiks_cube,1,6.1,2.0
occ5_scene0017,view_el30_az195,rubiks_cube,gelatin_box,0,85.0,6.11
occ5_scene0017,view_el30_az195,rubiks_cube,gelatin_box,0,90.6,8.04
occ5_scene0017,view_el30_az195,cups,cups,1,8.1,0.38
occ5_scene0017,view_el30_az195,gelatin_box,rubiks_cube,0,86.4,5.5
occ5_scene0017,view_el30_az195,rubiks_cube,gelatin_box,0,92.0,7.06
occ5_scene0017,view_el30_az195,rubiks_cube,rubiks_cube,1,4.5,0.12
occ5_scene0017,view_el30_az195,rubiks_cube,rubiks_cube,1,8.9,0.71
occ5_scene0017,view_el30_az195,fork,fork,1,92.0,2.88
occ5_scene0017,view_el30_az195,fork,fork,1,91.7,2.87
occ5_scene0017,view_el30_az195,rubiks_cube,rubiks_cube,1,12.0,2.51
occ5_scene0017,view_el30_az195,rubiks_cube,rubiks_cube,1,4.5,0.14
occ5_scene0017,view_el30_az195,rubiks_cube,rubiks_cube,1,4.5,1.07
occ5_scene0017,view_el30_az195,rubiks_cube,rubiks_cube,1,7.0,1.4
occ5_scene0017,view_el30_az210,pear,pear,1,110.1,1.91
occ5_scene0017,view_el30_az210,rubiks_cube,gelatin_box,0,72.6,4.48
occ5_scene0017,view_el30_az210,cups,cups,1,7.0,0.35
occ5_scene0017,view_el30_az210,fork,fork,1,82.0,2.82
occ5_scene0017,view_el30_az240,cups,pear,0,94.8,4.3
occ5_scene0017,view_el30_az240,cups,pear,0,92.9,4.68
occ5_scene0017,view_el45_az135,gelatin_box,rubiks_cube,0,87.6,1.86
occ5_scene0017,view_el45_az135,gelatin_box,pear,0,86.3,5.56
occ5_scene0017,view_el45_az135,rubiks_cube,gelatin_box,0,66.7,3.01
occ5_scene0017,view_el45_az135,cups,cups,1,8.9,0.39
occ5_scene0017,view_el45_az135,fork,fork,1,55.0,2.53
occ5_scene0017,view_el45_az225,cups,pear,0,76.8,3.31
occ5_scene0017,view_el45_az225,fork,fork,1,51.0,2.43
occ5_scene0017,view_el60_az180,gelatin_box,rubiks_cube,0,68.7,3.49
occ5_scene0017,view_el60_az180,gelatin_box,rubiks_cube,0,73.5,4.06
occ5_scene0017,view_el60_az180,rubiks_cube,gelatin_box,0,74.2,5.39
occ5_scene0017,view_el60_az180,rubiks_cube,rubiks_cube,1,12.8,0.76
occ5_scene0017,view_el60_az180,rubiks_cube,gelatin_box,0,79.0,6.49
occ5_scene0017,view_el60_az180,cups,cups,1,17.1,0.67
occ5_scene0017,view_el60_az180,cups,cups,1,29.6,1.43
occ5_scene0017,view_el60_az180,fork,fork,1,50.3,2.41
occ5_scene0017,view_el60_az195,gelatin_box,rubiks_cube,0,64.6,3.29
occ5_scene0017,view_el60_az195,gelatin_box,rubiks_cube,0,68.3,3.66
occ5_scene0017,view_el60_az195,rubiks_cube,gelatin_box,0,69.9,4.58
occ5_scene0017,view_el60_az195,cups,cups,1,17.4,0.7
occ5_scene0017,view_el60_az195,rubiks_cube,rubiks_cube,1,11.4,0.61
occ5_scene0017,view_el60_az195,rubiks_cube,gelatin_box,0,73.6,5.14
occ5_scene0017,view_el60_az195,cups,cups,1,28.4,1.36
occ5_scene0017,view_el60_az195,fork,fork,1,49.2,2.44
occ5_scene0017,view_el60_az255,cups,cups,1,22.9,0.86
occ5_scene0017,view_el60_az255,cups,cups,1,4.6,0.37
occ5_scene0017,view_el60_az255,fork,fork,1,10.0,1.41
occ5_scene0017,view_el75_az105,pear,pear,1,20.3,2.44
occ5_scene0017,view_el75_az105,fork,fork,1,3.8,0.78
occ5_scene0017,view_el75_az105,fork,fork,1,3.2,0.67
occ5_scene0017,view_el75_az225,fork,fork,1,16.2,1.88
occ5_scene0017,view_el75_az225,rubiks_cube,rubiks_cube,1,3.4,0.17
occ5_scene0017,view_el90,fork,fork,1,0.0,0.0
occ5_scene0018,view_el30_az135,bleach_cleanser,cups,0,0.8,0.01
occ5_scene0018,view_el30_az135,bleach_cleanser,strawberry,0,62.8,1.25
occ5_scene0018,view_el30_az135,bleach_cleanser,cups,0,3.0,0.03
occ5_scene0018,view_el30_az135,bleach_cleanser,bleach_cleanser,1,27.8,0.95
occ5_scene0018,view_el30_az135,bleach_cleanser,strawberry,0,52.6,1.12
occ5_scene0018,view_el30_az135,bleach_cleanser,strawberry,0,51.7,1.5
occ5_scene0018,view_el30_az195,cups,cups,1,10.6,0.52
occ5_scene0018,view_el30_az210,cups,pear,0,112.7,4.04
occ5_scene0018,view_el30_az210,pear,cups,0,116.9,4.46
occ5_scene0018,view_el30_az210,cups,cups,1,12.4,0.63
occ5_scene0018,view_el45_az135,bleach_cleanser,cups,0,129.1,1.72
occ5_scene0018,view_el45_az135,bleach_cleanser,cups,0,139.3,2.75
occ5_scene0018,view_el45_az135,bleach_cleanser,strawberry,0,70.3,1.2
occ5_scene0018,view_el45_az135,bleach_cleanser,cups,0,140.1,3.12
occ5_scene0018,view_el45_az135,bleach_cleanser,cups,0,111.1,1.66
occ5_scene0018,view_el45_az135,bleach_cleanser,strawberry,0,52.2,1.03
occ5_scene0018,view_el45_az135,cups,strawberry,0,107.1,2.74
occ5_scene0018,view_el45_az135,bleach_cleanser,bleach_cleanser,1,13.3,0.48
occ5_scene0018,view_el45_az225,bleach_cleanser,strawberry,0,126.3,3.3
occ5_scene0018,view_el45_az225,bleach_cleanser,bleach_cleanser,1,41.4,0.95
occ5_scene0018,view_el45_az225,bleach_cleanser,bleach_cleanser,1,34.9,1.61
occ5_scene0018,view_el45_az225,bleach_cleanser,bleach_cleanser,1,32.7,0.76
occ5_scene0018,view_el45_az225,bleach_cleanser,strawberry,0,97.6,2.64
occ5_scene0018,view_el45_az225,cups,cups,1,14.3,0.55
occ5_scene0018,view_el60_az180,bleach_cleanser,bleach_cleanser,1,37.6,0.97
occ5_scene0018,view_el60_az180,bleach_cleanser,bleach_cleanser,1,51.8,0.88
occ5_scene0018,view_el60_az180,bleach_cleanser,bleach_cleanser,1,6.8,0.17
occ5_scene0018,view_el60_az180,bleach_cleanser,bleach_cleanser,1,16.7,0.46
occ5_scene0018,view_el60_az180,cups,cups,1,5.7,0.34
occ5_scene0018,view_el60_az195,bleach_cleanser,strawberry,0,74.8,0.9
occ5_scene0018,view_el60_az195,bleach_cleanser,bleach_cleanser,1,47.7,0.93
occ5_scene0018,view_el60_az195,bleach_cleanser,bleach_cleanser,1,16.4,0.48
occ5_scene0018,view_el60_az195,bleach_cleanser,strawberry,0,38.8,0.61
occ5_scene0018,view_el60_az195,cups,cups,1,0.4,0.02
occ5_scene0018,view_el60_az255,cups,cups,1,19.9,1.01
occ5_scene0018,view_el75_az105,bleach_cleanser,cups,0,126.0,2.07
occ5_scene0018,view_el75_az105,bleach_cleanser,strawberry,0,130.9,2.17
occ5_scene0018,view_el75_az105,cups,bleach_cleanser,0,166.4,3.4
occ5_scene0018,view_el75_az105,bleach_cleanser,bleach_cleanser,1,27.2,0.28
occ5_scene0018,view_el75_az105,bleach_cleanser,strawberry,0,171.4,3.55
occ5_scene0018,view_el75_az105,cups,cups,1,8.7,1.28
occ5_scene0018,view_el75_az105,cups,cups,1,0.4,0.04
occ5_scene0018,view_el75_az225,bleach_cleanser,strawberry,0,120.4,2.19
occ5_scene0018,view_el75_az225,cups,cups,1,1.8,0.09
occ5_scene0018,view_el75_az225,bleach_cleanser,bleach_cleanser,1,15.2,0.21
occ5_scene0018,view_el75_az225,bleach_cleanser,bleach_cleanser,1,71.3,0.87
occ5_scene0018,view_el75_az225,bleach_cleanser,strawberry,0,91.7,2.65
occ5_scene0018,view_el75_az225,bleach_cleanser,bleach_cleanser,1,23.2,0.47
occ5_scene0018,view_el90,bleach_cleanser,strawberry,0,145.0,2.76
occ5_scene0019,view_el30_az135,pear,tomato_soup_can,0,100.5,3.2
occ5_scene0019,view_el30_az135,tomato_soup_can,pear,0,113.6,4.67
occ5_scene0019,view_el30_az195,spoon,spoon,1,85.0,3.23
occ5_scene0019,view_el30_az240,lemon,pear,0,48.4,2.75
occ5_scene0019,view_el30_az240,spoon,spoon,1,28.0,2.5
occ5_scene0019,view_el45_az135,spoon,spoon,1,37.5,2.01
occ5_scene0019,view_el45_az225,pear,lemon,0,34.8,1.86
occ5_scene0019,view_el45_az225,spoon,spoon,1,29.6,3.02
occ5_scene0019,view_el45_az225,spoon,spoon,1,15.0,1.87
occ5_scene0019,view_el60_az180,spoon,spoon,1,63.2,3.33
occ5_scene0019,view_el60_az255,pear,lemon,0,26.7,1.46
occ5_scene0019,view_el60_az255,spoon,spoon,1,2.1,0.23
occ5_scene0019,view_el60_az255,spoon,spoon,1,4.6,0.49
occ5_scene0019,view_el60_az255,spoon,spoon,1,1.0,0.2
occ5_scene0019,view_el75_az105,pear,pear,1,76.1,3.0
occ5_scene0019,view_el75_az105,pear,pear,1,62.1,1.38
occ5_scene0019,view_el75_az105,pear,lemon,0,17.5,0.36
occ5_scene0019,view_el75_az105,spoon,spoon,1,23.1,2.27
occ5_scene0019,view_el75_az225,spoon,spoon,1,10.3,1.08
occ5_scene0019,view_el75_az225,spoon,spoon,1,8.5,1.4
occ5_scene0019,view_el90,spoon,spoon,1,5.0,0.66
occ5_scene0020,view_el30_az135,mug,cups,0,171.2,6.31
occ5_scene0020,view_el30_az135,mug,medium_clamp,0,135.5,7.43
occ5_scene0020,view_el30_az195,cups,cups,1,16.1,0.77
occ5_scene0020,view_el30_az210,cups,pudding_box,0,130.9,6.81
occ5_scene0020,view_el30_az210,pudding_box,cups,0,139.3,7.16
occ5_scene0020,view_el30_az240,cups,pudding_box,0,133.4,4.92
occ5_scene0020,view_el30_az240,cups,medium_clamp,0,87.1,4.82
occ5_scene0020,view_el30_az240,mug,mug,1,48.9,1.99
occ5_scene0020,view_el30_az240,cups,pudding_box,0,134.3,5.0
occ5_scene0020,view_el30_az240,cups,medium_clamp,0,85.9,4.67
occ5_scene0020,view_el45_az135,mug,medium_clamp,0,122.6,4.87
occ5_scene0020,view_el45_az135,mug,medium_clamp,0,119.1,5.37
occ5_scene0020,view_el45_az225,cups,pudding_box,0,117.6,3.54
occ5_scene0020,view_el45_az225,cups,medium_clamp,0,80.9,2.79
occ5_scene0020,view_el45_az225,cups,pudding_box,0,124.1,4.75
occ5_scene0020,view_el45_az225,cups,medium_clamp,0,72.4,3.31
occ5_scene0020,view_el60_az180,mug,mug,1,37.6,2.4
occ5_scene0020,view_el60_az180,cups,cups,1,20.0,1.26
occ5_scene0020,view_el60_az195,mug,mug,1,39.4,2.02
occ5_scene0020,view_el60_az195,cups,cups,1,13.8,0.83
occ5_scene0020,view_el60_az255,cups,medium_clamp,0,89.3,4.71
occ5_scene0020,view_el60_az255,mug,mug,1,18.5,0.98
occ5_scene0020,view_el60_az255,mug,mug,1,19.0,1.01
occ5_scene0020,view_el60_az255,cups,cups,1,26.4,1.1
occ5_scene0020,view_el75_az105,cups,cups,1,7.7,0.68
stack3_scene0001,view_el30_az195,cups,cups,1,12.5,0.61
stack3_scene0001,view_el30_az210,cups,cups,1,15.9,0.73
stack3_scene0001,view_el45_az135,cups,cups,1,10.2,0.49
stack3_scene0001,view_el45_az225,cups,cups,1,15.8,0.63
stack3_scene0001,view_el60_az195,cups,cups,1,11.5,0.65
stack3_scene0002,view_el30_az135,potted_meat_can,gelatin_box,0,150.8,7.32
stack3_scene0002,view_el30_az135,potted_meat_can,gelatin_box,0,158.0,8.23
stack3_scene0002,view_el30_az195,potted_meat_can,potted_meat_can,1,9.7,0.42
stack3_scene0002,view_el45_az135,potted_meat_can,gelatin_box,0,137.0,4.69
stack3_scene0002,view_el45_az135,potted_meat_can,potted_meat_can,1,16.8,0.74
stack3_scene0002,view_el45_az135,gelatin_box,potted_meat_can,0,147.0,5.96
stack3_scene0002,view_el60_az180,potted_meat_can,potted_meat_can,1,22.1,0.79
stack3_scene0002,view_el60_az195,potted_meat_can,potted_meat_can,1,23.7,0.87
stack3_scene0002,view_el60_az195,potted_meat_can,potted_meat_can,1,22.3,0.8
stack3_scene0003,view_el30_az135,potted_meat_can,tennis_ball,0,143.6,7.07
stack3_scene0003,view_el30_az195,potted_meat_can,potted_meat_can,1,10.9,0.44
stack3_scene0003,view_el30_az240,tennis_ball,tennis_ball,1,2.4,0.14
stack3_scene0003,view_el45_az135,potted_meat_can,tennis_ball,0,121.2,5.01
stack3_scene0003,view_el45_az135,potted_meat_can,potted_meat_can,1,16.8,0.7
stack3_scene0003,view_el45_az135,potted_meat_can,tennis_ball,0,130.6,6.5
stack3_scene0003,view_el45_az225,tennis_ball,tennis_ball,1,13.3,0.82
stack3_scene0003,view_el60_az180,potted_meat_can,potted_meat_can,1,21.5,0.82
stack3_scene0003,view_el60_az195,potted_meat_can,potted_meat_can,1,26.1,1.03
stack3_scene0003,view_el60_az195,potted_meat_can,potted_meat_can,1,24.4,0.94
stack3_scene0003,view_el60_az255,potted_meat_can,potted_meat_can,1,29.5,1.32
stack3_scene0003,view_el60_az255,tennis_ball,tennis_ball,1,5.5,0.36
stack3_scene0004,view_el30_az135,sugar_box,sugar_box,1,12.5,0.48
stack3_scene0004,view_el30_az195,sugar_box,sugar_box,1,45.1,1.6
stack3_scene0004,view_el30_az210,sugar_box,sugar_box,1,42.9,1.44
stack3_scene0004,view_el30_az240,sugar_box,sugar_box,1,44.4,1.23
stack3_scene0004,view_el45_az135,sugar_box,sugar_box,1,64.9,1.85
stack3_scene0004,view_el45_az135,sugar_box,sugar_box,1,25.5,0.91
stack3_scene0004,view_el45_az135,sugar_box,sugar_box,1,40.2,1.39
stack3_scene0004,view_el45_az225,sugar_box,sugar_box,1,58.4,1.62
stack3_scene0004,view_el45_az225,sugar_box,sugar_box,1,63.0,1.81
stack3_scene0004,view_el60_az180,sugar_box,sugar_box,1,77.9,1.84
stack3_scene0004,view_el60_az195,sugar_box,sugar_box,1,77.9,1.95
stack3_scene0004,view_el60_az255,sugar_box,sugar_box,1,81.6,1.89
stack3_scene0004,view_el60_az255,sugar_box,sugar_box,1,75.5,1.77
stack3_scene0005,view_el30_az135,foam_brick,gelatin_box,0,12.5,0.57
stack3_scene0005,view_el30_az195,foam_brick,gelatin_box,0,11.4,0.86
stack3_scene0005,view_el30_az210,foam_brick,gelatin_box,0,14.1,0.79
stack3_scene0005,view_el30_az210,racquetball,racquetball,1,7.2,0.45
stack3_scene0005,view_el30_az240,foam_brick,gelatin_box,0,19.9,0.83
stack3_scene0005,view_el30_az240,racquetball,racquetball,1,0.5,0.02
stack3_scene0005,view_el45_az135,foam_brick,gelatin_box,0,23.4,1.22
stack3_scene0005,view_el45_az225,foam_brick,gelatin_box,0,28.3,1.45
stack3_scene0005,view_el45_az225,racquetball,racquetball,1,6.7,0.44
stack3_scene0005,view_el60_az180,foam_brick,gelatin_box,0,32.1,1.82
stack3_scene0005,view_el60_az180,foam_brick,gelatin_box,0,32.0,1.82
stack3_scene0005,view_el60_az195,foam_brick,gelatin_box,0,31.9,1.87
stack3_scene0005,view_el60_az255,foam_brick,gelatin_box,0,34.6,1.69
stack3_scene0005,view_el60_az255,gelatin_box,foam_brick,0,31.6,2.02
stack3_scene0005,view_el75_az105,foam_brick,gelatin_box,0,45.2,2.11
stack3_scene0005,view_el75_az225,foam_brick,gelatin_box,0,45.8,2.87
stack3_scene0006,view_el30_az135,bleach_cleanser,tomato_soup_can,0,100.0,2.41
stack3_scene0006,view_el30_az135,bleach_cleanser,tomato_soup_can,0,109.4,2.93
stack3_scene0006,view_el30_az135,tomato_soup_can,bleach_cleanser,0,112.2,3.3
stack3_scene0006,view_el30_az135,tomato_soup_can,bleach_cleanser,0,138.3,4.93
stack3_scene0006,view_el30_az135,tomato_soup_can,bleach_cleanser,0,121.6,4.07
stack3_scene0006,view_el30_az135,tomato_soup_can,tuna_fish_can,0,25.8,1.35
stack3_scene0006,view_el30_az135,tomato_soup_can,bleach_cleanser,0,147.7,6.18
stack3_scene0006,view_el30_az135,bleach_cleanser,bleach_cleanser,1,25.7,0.94
stack3_scene0006,view_el30_az195,tomato_soup_can,tuna_fish_can,0,36.2,1.57
stack3_scene0006,view_el30_az195,tomato_soup_can,tuna_fish_can,0,26.4,1.4
stack3_scene0006,view_el30_az195,tomato_soup_can,tuna_fish_can,0,19.2,1.12
stack3_scene0006,view_el30_az210,tomato_soup_can,tuna_fish_can,0,26.5,1.36
stack3_scene0006,view_el30_az210,bleach_cleanser,bleach_cleanser,1,7.8,0.3
stack3_scene0006,view_el30_az240,tomato_soup_can,tuna_fish_can,0,26.8,1.33
stack3_scene0006,view_el45_az135,bleach_cleanser,tomato_soup_can,0,70.1,1.14
stack3_scene0006,view_el45_az135,bleach_cleanser,tomato_soup_can,0,81.7,1.51
stack3_scene0006,view_el45_az135,bleach_cleanser,tomato_soup_can,0,74.6,1.38
stack3_scene0006,view_el45_az135,bleach_cleanser,tomato_soup_can,0,97.1,1.94
stack3_scene0006,view_el45_az135,tomato_soup_can,bleach_cleanser,0,88.0,1.8
stack3_scene0006,view_el45_az135,tomato_soup_can,bleach_cleanser,0,136.0,4.01
stack3_scene0006,view_el45_az135,tomato_soup_can,tuna_fish_can,0,44.3,1.81
stack3_scene0006,view_el45_az135,tomato_soup_can,bleach_cleanser,0,147.7,5.48
stack3_scene0006,view_el45_az135,bleach_cleanser,bleach_cleanser,1,48.1,1.45
stack3_scene0006,view_el45_az135,tomato_soup_can,tuna_fish_can,0,37.3,1.54
stack3_scene0006,view_el45_az135,tomato_soup_can,tomato_soup_can,1,21.8,0.72
stack3_scene0006,view_el45_az135,tomato_soup_can,bleach_cleanser,0,140.6,5.26
stack3_scene0006,view_el45_az225,tomato_soup_can,tuna_fish_can,0,48.0,1.86
stack3_scene0006,view_el45_az225,bleach_cleanser,bleach_cleanser,1,12.2,0.36
stack3_scene0006,view_el45_az225,bleach_cleanser,bleach_cleanser,1,13.7,0.39
stack3_scene0006,view_el60_az180,tomato_soup_can,tuna_fish_can,0,79.1,3.29
stack3_scene0006,view_el60_az180,tomato_soup_can,tuna_fish_can,0,64.8,2.34
stack3_scene0006,view_el60_az180,tomato_soup_can,tuna_fish_can,0,47.6,1.65
stack3_scene0006,view_el60_az180,bleach_cleanser,bleach_cleanser,1,19.6,0.76
stack3_scene0006,view_el60_az195,tomato_soup_can,tuna_fish_can,0,64.8,2.4
stack3_scene0006,view_el60_az195,bleach_cleanser,bleach_cleanser,1,17.8,0.48
stack3_scene0006,view_el60_az255,bleach_cleanser,bleach_cleanser,1,27.1,0.35
stack3_scene0006,view_el60_az255,bleach_cleanser,bleach_cleanser,1,31.5,0.44
stack3_scene0006,view_el75_az225,bleach_cleanser,bleach_cleanser,1,92.5,1.09
stack3_scene0006,view_el90,bleach_cleanser,bleach_cleanser,1,55.0,2.0
stack3_scene0007,view_el30_az135,cracker_box,cups,0,21.7,0.16
stack3_scene0007,view_el30_az135,cracker_box,cracker_box,1,55.1,1.54
stack3_scene0007,view_el30_az135,cracker_box,cracker_box,1,35.3,0.55
stack3_scene0007,view_el30_az135,cracker_box,cracker_box,1,43.6,0.63
stack3_scene0007,view_el30_az135,cracker_box,cracker_box,1,19.5,0.35
stack3_scene0007,view_el30_az135,cracker_box,cracker_box,1,29.2,0.86
stack3_scene0007,view_el30_az135,cracker_box,cracker_box,1,27.5,0.37
stack3_scene0007,view_el30_az135,cracker_box,cracker_box,1,19.8,0.35
stack3_scene0007,view_el30_az135,cracker_box,cracker_box,1,24.5,0.32
stack3_scene0007,view_el30_az135,cracker_box,cracker_box,1,17.5,0.31
stack3_scene0007,view_el30_az135,cracker_box,cracker_box,1,12.5,0.41
stack3_scene0007,view_el30_az195,cracker_box,cups,0,152.2,3.49
stack3_scene0007,view_el30_az195,cracker_box,cups,0,142.3,1.41
stack3_scene0007,view_el30_az195,cracker_box,cracker_box,1,6.1,0.16
stack3_scene0007,view_el30_az195,cracker_box,cracker_box,1,4.5,0.74
stack3_scene0007,view_el30_az195,cracker_box,cracker_box,1,3.3,0.69
stack3_scene0007,view_el30_az210,cracker_box,cups,0,134.0,3.25
stack3_scene0007,view_el30_az210,cracker_box,cracker_box,1,8.2,0.22
stack3_scene0007,view_el30_az210,cups,cracker_box,0,151.6,7.94
stack3_scene0007,view_el30_az240,cracker_box,cracker_box,1,37.5,1.08
stack3_scene0007,view_el30_az240,cracker_box,cracker_box,1,10.4,0.36
stack3_scene0007,view_el30_az240,cups,cups,1,14.4,0.78
stack3_scene0007,view_el30_az240,cracker_box,cracker_box,1,18.5,0.49
stack3_scene0007,view_el30_az240,cracker_box,cracker_box,1,27.4,1.7
stack3_scene0007,view_el45_az135,cracker_box,cracker_box,1,58.7,1.47
stack3_scene0007,view_el45_az135,cracker_box,cracker_box,1,33.3,0.44
stack3_scene0007,view_el45_az135,cracker_box,cracker_box,1,48.5,0.6
stack3_scene0007,view_el45_az135,cracker_box,cracker_box,1,27.2,0.34
stack3_scene0007,view_el45_az225,cracker_box,cracker_box,1,8.6,0.21
stack3_scene0007,view_el45_az225,cracker_box,cracker_box,1,1.2,0.04
stack3_scene0007,view_el45_az225,cracker_box,cracker_box,1,28.3,1.58
stack3_scene0007,view_el45_az225,cracker_box,cracker_box,1,37.9,2.08
stack3_scene0007,view_el60_az180,cracker_box,cups,0,165.6,3.2
stack3_scene0007,view_el60_az180,cracker_box,cracker_box,1,33.5,0.61
stack3_scene0007,view_el60_az195,cracker_box,cups,0,136.8,0.91
stack3_scene0007,view_el60_az195,cracker_box,cups,0,155.7,2.82
stack3_scene0007,view_el60_az195,cracker_box,cups,0,156.9,2.84
stack3_scene0007,view_el60_az195,cracker_box,cracker_box,1,25.2,0.5
stack3_scene0007,view_el60_az255,cracker_box,cracker_box,1,37.7,2.22
stack3_scene0007,view_el60_az255,cracker_box,cracker_box,1,42.0,2.3
stack3_scene0007,view_el75_az225,cups,cups,1,29.2,1.27
stack3_scene0008,view_el30_az135,cups,cups,1,11.7,0.54
stack3_scene0008,view_el45_az135,cups,cups,1,9.3,0.39
stack3_scene0008,view_el45_az135,cups,cups,1,14.8,0.6
stack3_scene0009,view_el45_az225,potted_meat_can,potted_meat_can,1,12.4,0.47
stack3_scene0009,view_el60_az180,potted_meat_can,potted_meat_can,1,21.5,0.83
stack3_scene0009,view_el60_az195,potted_meat_can,potted_meat_can,1,20.0,0.8
stack3_scene0010,view_el30_az135,cracker_box,cracker_box,1,55.7,1.37
stack3_scene0010,view_el30_az135,cracker_box,cracker_box,1,36.1,0.61
stack3_scene0010,view_el30_az135,cracker_box,cracker_box,1,18.1,1.13
stack3_scene0010,view_el30_az135,cracker_box,cracker_box,1,13.9,1.33
stack3_scene0010,view_el30_az195,cracker_box,cracker_box,1,5.6,0.15
stack3_scene0010,view_el30_az195,cracker_box,cracker_box,1,11.1,1.86
stack3_scene0010,view_el30_az195,cracker_box,cracker_box,1,3.1,0.59
stack3_scene0010,view_el30_az210,cracker_box,cracker_box,1,9.0,0.23
stack3_scene0010,view_el30_az240,master_chef_can,master_chef_can,1,46.2,1.46
stack3_scene0010,view_el30_az240,master_chef_can,master_chef_can,1,31.2,0.95
stack3_scene0010,view_el30_az240,master_chef_can,master_chef_can,1,32.5,1.65
stack3_scene0010,view_el30_az240,cracker_box,cracker_box,1,32.1,0.86
stack3_scene0010,view_el30_az240,cracker_box,cracker_box,1,9.7,0.34
stack3_scene0010,view_el30_az240,cracker_box,cracker_box,1,20.8,1.21
stack3_scene0010,view_el30_az240,cracker_box,cracker_box,1,27.0,1.73
stack3_scene0010,view_el45_az135,cracker_box,cracker_box,1,56.0,1.25
stack3_scene0010,view_el45_az225,cracker_box,cracker_box,1,7.7,0.18
stack3_scene0010,view_el45_az225,cracker_box,cracker_box,1,1.7,0.05
stack3_scene0010,view_el45_az225,cracker_box,cracker_box,1,27.4,1.45
stack3_scene0010,view_el45_az225,cracker_box,cracker_box,1,42.0,1.81
stack3_scene0010,view_el60_az180,cracker_box,master_chef_can,0,80.0,1.14
stack3_scene0010,view_el60_az180,cracker_box,master_chef_can,0,101.3,1.42
stack3_scene0010,view_el60_az180,master_chef_can,master_chef_can,1,33.8,0.84
stack3_scene0010,view_el60_az180,cracker_box,cracker_box,1,32.1,0.54
stack3_scene0010,view_el60_az195,master_chef_can,master_chef_can,1,36.5,0.91
stack3_scene0010,view_el60_az195,cracker_box,cracker_box,1,23.9,0.44
stack3_scene0010,view_el60_az255,master_chef_can,master_chef_can,1,39.3,0.99
stack3_scene0010,view_el60_az255,master_chef_can,master_chef_can,1,40.9,0.87
stack3_scene0010,view_el60_az255,cracker_box,cracker_box,1,34.6,1.69
stack3_scene0010,view_el60_az255,cracker_box,cracker_box,1,45.2,2.02
stack3_scene0010,view_el75_az105,cracker_box,master_chef_can,0,114.7,2.58
stack3_scene0010,view_el75_az105,cracker_box,master_chef_can,0,150.9,3.2
stack3_scene0010,view_el75_az105,master_chef_can,master_chef_can,1,42.9,1.19
stack3_scene0010,view_el75_az225,master_chef_can,master_chef_can,1,50.1,1.37
stack3_scene0010,view_el75_az225,master_chef_can,master_chef_can,1,50.8,1.39
stack3_scene0011,view_el30_az135,tomato_soup_can,tuna_fish_can,0,24.7,1.28
stack3_scene0011,view_el30_az135,flat_screwdriver,flat_screwdriver,1,48.2,1.62
stack3_scene0011,view_el30_az135,flat_screwdriver,flat_screwdriver,1,18.4,1.61
stack3_scene0011,view_el30_az195,tomato_soup_can,tuna_fish_can,0,26.4,1.41
stack3_scene0011,view_el30_az195,flat_screwdriver,flat_screwdriver,1,21.8,1.59
stack3_scene0011,view_el30_az210,tomato_soup_can,tuna_fish_can,0,26.0,1.28
stack3_scene0011,view_el30_az210,flat_screwdriver,flat_screwdriver,1,6.2,0.65
stack3_scene0011,view_el30_az210,flat_screwdriver,flat_screwdriver,1,7.6,0.73
stack3_scene0011,view_el30_az240,tomato_soup_can,tuna_fish_can,0,27.5,1.39
stack3_scene0011,view_el45_az135,tomato_soup_can,tuna_fish_can,0,43.8,1.68
stack3_scene0011,view_el45_az135,tomato_soup_can,tomato_soup_can,1,18.9,0.65
stack3_scene0011,view_el45_az135,tomato_soup_can,tuna_fish_can,0,34.9,1.39
stack3_scene0011,view_el45_az135,flat_screwdriver,flat_screwdriver,1,40.4,1.78
stack3_scene0011,view_el45_az225,tomato_soup_can,tuna_fish_can,0,47.0,1.78
stack3_scene0011,view_el45_az225,flat_screwdriver,flat_screwdriver,1,8.1,1.19
stack3_scene0011,view_el60_az180,tomato_soup_can,tuna_fish_can,0,64.8,2.39
stack3_scene0011,view_el60_az180,flat_screwdriver,flat_screwdriver,1,14.5,1.25
stack3_scene0011,view_el60_az195,tomato_soup_can,tuna_fish_can,0,66.4,2.36
stack3_scene0011,view_el60_az195,flat_screwdriver,flat_screwdriver,1,7.1,0.72
stack3_scene0011,view_el60_az255,tomato_soup_can,tuna_fish_can,0,64.7,2.19
stack3_scene0011,view_el60_az255,flat_screwdriver,flat_screwdriver,1,31.1,2.74
stack3_scene0011,view_el75_az105,flat_screwdriver,flat_screwdriver,1,3.5,0.47
stack3_scene0011,view_el90,flat_screwdriver,flat_screwdriver,1,10.0,1.34
stack3_scene0012,view_el30_az195,potted_meat_can,potted_meat_can,1,11.7,0.47
stack3_scene0012,view_el60_az180,potted_meat_can,potted_meat_can,1,24.0,0.88
stack3_scene0012,view_el60_az195,potted_meat_can,potted_meat_can,1,23.9,0.94
stack3_scene0012,view_el60_az195,potted_meat_can,potted_meat_can,1,25.6,0.98
stack3_scene0013,view_el30_az135,foam_brick,sponge,0,11.7,0.54
stack3_scene0013,view_el30_az195,foam_brick,sponge,0,15.0,0.88
stack3_scene0013,view_el30_az195,phillips_screwdriver,phillips_screwdriver,1,33.7,1.86
stack3_scene0013,view_el30_az210,foam_brick,sponge,0,15.0,0.71
stack3_scene0013,view_el30_az210,phillips_screwdriver,phillips_screwdriver,1,31.5,1.51
stack3_scene0013,view_el30_az240,foam_brick,phillips_screwdriver,0,230.6,8.86
stack3_scene0013,view_el30_az240,foam_brick,sponge,0,8.0,0.42
stack3_scene0013,view_el45_az135,foam_brick,sponge,0,21.2,1.06
stack3_scene0013,view_el45_az225,foam_brick,sponge,0,20.8,0.97
stack3_scene0013,view_el45_az225,phillips_screwdriver,phillips_screwdriver,1,23.4,1.61
stack3_scene0013,view_el60_az180,foam_brick,sponge,0,36.5,2.11
stack3_scene0013,view_el60_az180,sponge,foam_brick,0,35.3,2.2
stack3_scene0013,view_el60_az195,foam_brick,sponge,0,36.3,2.09
stack3_scene0013,view_el60_az195,sponge,foam_brick,0,35.3,2.13
stack3_scene0013,view_el60_az255,foam_brick,sponge,0,24.9,1.4
stack3_scene0013,view_el60_az255,sponge,foam_brick,0,17.0,1.13
stack3_scene0013,view_el75_az225,foam_brick,sponge,0,39.1,2.11
stack3_scene0014,view_el30_az135,master_chef_can,tomato_soup_can,0,47.2,1.32
stack3_scene0014,view_el30_az135,master_chef_can,master_chef_can,1,21.9,0.71
stack3_scene0014,view_el30_az135,master_chef_can,orange,0,4.8,0.18
stack3_scene0014,view_el30_az135,tomato_soup_can,master_chef_can,0,20.8,0.77
stack3_scene0014,view_el30_az135,master_chef_can,orange,0,2.2,0.18
stack3_scene0014,view_el30_az195,master_chef_can,tomato_soup_can,0,47.9,1.24
stack3_scene0014,view_el30_az195,master_chef_can,master_chef_can,1,25.9,0.8
stack3_scene0014,view_el30_az195,tomato_soup_can,master_chef_can,0,18.6,0.58
stack3_scene0014,view_el30_az210,master_chef_can,tomato_soup_can,0,48.2,1.31
stack3_scene0014,view_el30_az210,master_chef_can,master_chef_can,1,35.7,1.17
stack3_scene0014,view_el30_az210,tomato_soup_can,master_chef_can,0,20.7,0.78
stack3_scene0014,view_el30_az240,master_chef_can,tomato_soup_can,0,47.3,1.29
stack3_scene0014,view_el30_az240,master_chef_can,master_chef_can,1,35.1,1.06
stack3_scene0014,view_el30_az240,tomato_soup_can,master_chef_can,0,17.7,0.6
stack3_scene0014,view_el45_az135,master_chef_can,tomato_soup_can,0,66.7,1.38
stack3_scene0014,view_el45_az135,master_chef_can,master_chef_can,1,45.1,1.17
stack3_scene0014,view_el45_az135,tomato_soup_can,master_chef_can,0,34.9,1.17
stack3_scene0014,view_el45_az135,master_chef_can,master_chef_can,1,43.1,1.22
stack3_scene0014,view_el45_az135,master_chef_can,master_chef_can,1,2.5,0.07
stack3_scene0014,view_el45_az225,master_chef_can,tomato_soup_can,0,63.7,1.3
stack3_scene0014,view_el45_az225,master_chef_can,master_chef_can,1,37.0,0.95
stack3_scene0014,view_el45_az225,tomato_soup_can,master_chef_can,0,31.8,0.93
stack3_scene0014,view_el60_az180,tomato_soup_can,master_chef_can,0,69.9,1.2
stack3_scene0014,view_el60_az180,tomato_soup_can,master_chef_can,0,43.8,1.21
stack3_scene0014,view_el60_az180,master_chef_can,tomato_soup_can,0,55.8,0.86
stack3_scene0014,view_el60_az180,master_chef_can,master_chef_can,1,67.9,1.64
stack3_scene0014,view_el60_az180,master_chef_can,master_chef_can,1,54.5,1.39
stack3_scene0014,view_el60_az180,tomato_soup_can,tomato_soup_can,1,31.3,0.62
stack3_scene0014,view_el60_az180,tomato_soup_can,master_chef_can,0,29.6,0.69
stack3_scene0014,view_el60_az195,tomato_soup_can,master_chef_can,0,72.2,1.31
stack3_scene0014,view_el60_az195,tomato_soup_can,master_chef_can,0,46.6,1.28
stack3_scene0014,view_el60_az195,master_chef_can,master_chef_can,1,62.0,1.23
stack3_scene0014,view_el60_az195,master_chef_can,master_chef_can,1,50.7,1.26
stack3_scene0014,view_el60_az255,tomato_soup_can,master_chef_can,0,69.8,1.14
stack3_scene0014,view_el60_az255,tomato_soup_can,master_chef_can,0,40.7,1.1
stack3_scene0014,view_el60_az255,master_chef_can,master_chef_can,1,60.9,1.65
stack3_scene0014,view_el60_az255,master_chef_can,master_chef_can,1,55.5,1.44
stack3_scene0014,view_el75_az105,tomato_soup_can,orange,0,141.9,2.51
stack3_scene0014,view_el75_az105,tomato_soup_can,master_chef_can,0,76.8,1.23
stack3_scene0014,view_el75_az105,tomato_soup_can,master_chef_can,0,61.9,1.65
stack3_scene0014,view_el75_az105,tomato_soup_can,orange,0,190.9,4.91
stack3_scene0014,view_el75_az105,master_chef_can,master_chef_can,1,64.6,1.76
stack3_scene0014,view_el75_az225,tomato_soup_can,master_chef_can,0,78.2,1.64
stack3_scene0014,view_el75_az225,tomato_soup_can,tomato_soup_can,1,32.7,0.65
stack3_scene0014,view_el75_az225,master_chef_can,tomato_soup_can,0,54.9,1.61
stack3_scene0015,view_el30_az135,foam_brick,gelatin_box,0,15.0,0.74
stack3_scene0015,view_el30_az195,foam_brick,gelatin_box,0,15.9,1.29
stack3_scene0015,view_el30_az210,foam_brick,gelatin_box,0,15.6,0.94
stack3_scene0015,view_el30_az240,foam_brick,gelatin_box,0,18.8,0.85
stack3_scene0015,view_el45_az135,foam_brick,gelatin_box,0,24.7,1.3
stack3_scene0015,view_el45_az225,foam_brick,gelatin_box,0,26.8,1.31
stack3_scene0015,view_el60_az180,foam_brick,gelatin_box,0,36.3,2.16
stack3_scene0015,view_el60_az180,foam_brick,gelatin_box,0,35.1,1.83
stack3_scene0015,view_el60_az180,foam_brick,foam_brick,1,6.6,0.33
stack3_scene0015,view_el60_az180,gelatin_box,foam_brick,0,30.3,1.81
stack3_scene0015,view_el60_az195,foam_brick,gelatin_box,0,35.5,2.11
stack3_scene0015,view_el60_az255,foam_brick,gelatin_box,0,36.0,1.99
stack3_scene0015,view_el75_az105,foam_brick,gelatin_box,0,50.1,2.83
stack3_scene0015,view_el75_az225,foam_brick,foam_brick,1,25.1,1.84
stack3_scene0015,view_el75_az225,foam_brick,gelatin_box,0,41.6,2.31
stack3_scene0016,view_el30_az135,tomato_soup_can,tuna_fish_can,0,27.5,1.41
stack3_scene0016,view_el30_az195,tomato_soup_can,tuna_fish_can,0,27.3,1.37
stack3_scene0016,view_el30_az210,tomato_soup_can,tuna_fish_can,0,27.3,1.34
stack3_scene0016,view_el30_az240,tomato_soup_can,pudding_box,0,148.7,4.73
stack3_scene0016,view_el30_az240,tomato_soup_can,pudding_box,0,158.9,5.65
stack3_scene0016,view_el30_az240,tomato_soup_can,tuna_fish_can,0,26.1,1.16
stack3_scene0016,view_el45_az135,tomato_soup_can,tuna_fish_can,0,47.4,1.83
stack3_scene0016,view_el45_az135,tomato_soup_can,tuna_fish_can,0,38.5,1.55
stack3_scene0016,view_el45_az135,tomato_soup_can,tomato_soup_can,1,21.8,0.76
stack3_scene0016,view_el45_az225,tomato_soup_can,tuna_fish_can,0,46.6,1.72
stack3_scene0016,view_el60_az180,tomato_soup_can,tuna_fish_can,0,66.8,2.22
stack3_scene0016,view_el60_az195,tomato_soup_can,tuna_fish_can,0,68.0,2.38
stack3_scene0016,view_el60_az255,tomato_soup_can,tuna_fish_can,0,65.1,2.16
stack3_scene0017,view_el30_az135,master_chef_can,baseball,0,146.1,4.13
stack3_scene0017,view_el30_az135,master_chef_can,tomato_soup_can,0,47.9,1.3
stack3_scene0017,view_el30_az135,master_chef_can,tomato_soup_can,0,45.3,1.14
stack3_scene0017,view_el30_az135,master_chef_can,baseball,0,130.5,4.35
stack3_scene0017,view_el30_az135,master_chef_can,master_chef_can,1,30.3,0.99
stack3_scene0017,view_el30_az135,master_chef_can,master_chef_can,1,1.1,0.04
stack3_scene0017,view_el30_az135,tomato_soup_can,master_chef_can,0,17.0,0.55
stack3_scene0017,view_el30_az135,baseball,master_chef_can,0,128.6,7.29
stack3_scene0017,view_el30_az195,master_chef_can,tomato_soup_can,0,45.9,1.2
stack3_scene0017,view_el30_az195,master_chef_can,master_chef_can,1,21.9,0.76
stack3_scene0017,view_el30_az195,tomato_soup_can,master_chef_can,0,19.2,0.63
stack3_scene0017,view_el30_az210,master_chef_can,tomato_soup_can,0,44.8,1.2
stack3_scene0017,view_el30_az210,master_chef_can,tomato_soup_can,0,41.0,0.89
stack3_scene0017,view_el30_az210,master_chef_can,master_chef_can,1,25.6,0.73
stack3_scene0017,view_el30_az210,tomato_soup_can,master_chef_can,0,18.2,0.67
stack3_scene0017,view_el30_az210,tomato_soup_can,master_chef_can,0,14.4,0.41
stack3_scene0017,view_el30_az240,master_chef_can,tomato_soup_can,0,42.9,1.1
stack3_scene0017,view_el30_az240,master_chef_can,master_chef_can,1,28.3,0.74
stack3_scene0017,view_el30_az240,tomato_soup_can,master_chef_can,0,15.2,0.5
stack3_scene0017,view_el45_az135,master_chef_can,tomato_soup_can,0,65.3,1.32
stack3_scene0017,view_el45_az135,master_chef_can,master_chef_can,1,37.2,0.96
stack3_scene0017,view_el45_az135,master_chef_can,baseball,0,122.7,3.19
stack3_scene0017,view_el45_az135,tomato_soup_can,master_chef_can,0,32.4,1.06
stack3_scene0017,view_el45_az135,master_chef_can,baseball,0,155.5,7.89
stack3_scene0017,view_el45_az225,master_chef_can,tomato_soup_can,0,61.3,1.25
stack3_scene0017,view_el45_az225,master_chef_can,master_chef_can,1,34.8,0.81
stack3_scene0017,view_el45_az225,tomato_soup_can,master_chef_can,0,31.8,0.97
stack3_scene0017,view_el45_az225,master_chef_can,master_chef_can,1,41.6,1.04
stack3_scene0017,view_el60_az180,tomato_soup_can,master_chef_can,0,69.1,1.16
stack3_scene0017,view_el60_az180,tomato_soup_can,master_chef_can,0,44.5,1.17
stack3_scene0017,view_el60_az180,master_chef_can,tomato_soup_can,0,55.0,0.83
stack3_scene0017,view_el60_az180,master_chef_can,master_chef_can,1,54.9,1.22
stack3_scene0017,view_el60_az180,master_chef_can,master_chef_can,1,48.8,1.2
stack3_scene0017,view_el60_az180,tomato_soup_can,tomato_soup_can,1,31.3,0.61
stack3_scene0017,view_el60_az180,tomato_soup_can,master_chef_can,0,30.3,0.67
stack3_scene0017,view_el60_az195,tomato_soup_can,master_chef_can,0,70.4,1.21
stack3_scene0017,view_el60_az195,tomato_soup_can,master_chef_can,0,47.1,1.22
stack3_scene0017,view_el60_az195,master_chef_can,tomato_soup_can,0,54.8,0.84
stack3_scene0017,view_el60_az195,master_chef_can,master_chef_can,1,51.4,0.98
stack3_scene0017,view_el60_az195,master_chef_can,master_chef_can,1,46.9,1.1
stack3_scene0017,view_el60_az195,tomato_soup_can,tomato_soup_can,1,30.8,0.61
stack3_scene0017,view_el60_az195,tomato_soup_can,master_chef_can,0,31.6,0.69
stack3_scene0017,view_el60_az255,tomato_soup_can,master_chef_can,0,69.1,1.13
stack3_scene0017,view_el60_az255,tomato_soup_can,master_chef_can,0,40.8,1.1
stack3_scene0017,view_el60_az255,master_chef_can,master_chef_can,1,59.0,1.35
stack3_scene0017,view_el60_az255,master_chef_can,master_chef_can,1,51.5,1.28
stack3_scene0017,view_el75_az105,tomato_soup_can,master_chef_can,0,70.0,1.05
stack3_scene0017,view_el75_az105,tomato_soup_can,baseball,0,181.9,4.32
stack3_scene0017,view_el75_az225,tomato_soup_can,master_chef_can,0,76.8,1.57
stack3_scene0017,view_el75_az225,tomato_soup_can,tomato_soup_can,1,36.4,0.69
stack3_scene0017,view_el75_az225,master_chef_can,tomato_soup_can,0,52.2,1.53
stack3_scene0017,view_el75_az225,master_chef_can,master_chef_can,1,83.3,2.35
stack3_scene0018,view_el30_az135,sugar_box,sugar_box,1,18.9,0.73
stack3_scene0018,view_el30_az195,sugar_box,sugar_box,1,44.8,1.68
stack3_scene0018,view_el30_az210,sugar_box,sugar_box,1,45.2,1.55
stack3_scene0018,view_el30_az240,sugar_box,sugar_box,1,44.0,1.38
stack3_scene0018,view_el45_az135,sugar_box,sugar_box,1,62.8,1.65
stack3_scene0018,view_el45_az135,sugar_box,sugar_box,1,35.4,0.93
stack3_scene0018,view_el45_az135,sugar_box,sugar_box,1,30.3,1.05
stack3_scene0018,view_el45_az225,sugar_box,sugar_box,1,60.5,1.67
stack3_scene0018,view_el45_az225,sugar_box,sugar_box,1,66.6,1.89
stack3_scene0018,view_el60_az180,sugar_box,sugar_box,1,80.3,1.92
stack3_scene0018,view_el60_az195,sugar_box,sugar_box,1,77.9,1.86
stack3_scene0018,view_el60_az255,sugar_box,sugar_box,1,86.4,2.27
stack3_scene0019,view_el30_az135,wood_block,foam_brick,0,51.4,1.25
stack3_scene0019,view_el30_az135,wood_block,mug,0,184.4,4.74
stack3_scene0019,view_el30_az195,wood_block,foam_brick,0,43.9,1.24
stack3_scene0019,view_el30_az195,wood_block,foam_brick,0,53.4,1.28
stack3_scene0019,view_el30_az195,wood_block,foam_brick,0,52.0,1.37
stack3_scene0019,view_el30_az210,wood_block,foam_brick,0,37.7,1.08
stack3_scene0019,view_el30_az210,wood_block,foam_brick,0,55.4,1.3
stack3_scene0019,view_el30_az210,wood_block,foam_brick,0,58.2,1.37
stack3_scene0019,view_el30_az240,wood_block,foam_brick,0,38.9,0.97
stack3_scene0019,view_el30_az240,wood_block,foam_brick,0,54.1,1.23
stack3_scene0019,view_el45_az135,wood_block,foam_brick,0,169.1,1.36
stack3_scene0019,view_el45_az135,wood_block,mug,0,187.6,1.46
stack3_scene0019,view_el45_az135,wood_block,mug,0,196.0,3.59
stack3_scene0019,view_el45_az135,wood_block,foam_brick,0,61.2,0.82
stack3_scene0019,view_el45_az135,wood_block,foam_brick,0,66.3,1.34
stack3_scene0019,view_el45_az135,wood_block,mug,0,174.3,3.49
stack3_scene0019,view_el45_az135,wood_block,mug,0,180.1,4.0
stack3_scene0019,view_el45_az135,foam_brick,mug,0,238.3,2.28
stack3_scene0019,view_el45_az225,wood_block,foam_brick,0,69.6,1.31
stack3_scene0019,view_el60_az180,wood_block,wood_block,1,48.6,0.36
stack3_scene0019,view_el60_az180,wood_block,foam_brick,0,79.1,0.88
stack3_scene0019,view_el60_az180,wood_block,foam_brick,0,74.8,0.7
stack3_scene0019,view_el60_az180,foam_brick,mug,0,209.2,3.78
stack3_scene0019,view_el60_az180,foam_brick,mug,0,207.6,3.95
stack3_scene0019,view_el60_az180,foam_brick,mug,0,211.8,1.56
stack3_scene0019,view_el60_az180,foam_brick,foam_brick,1,11.0,0.15
stack3_scene0019,view_el60_az180,foam_brick,mug,0,215.9,4.99
stack3_scene0019,view_el60_az180,foam_brick,mug,0,214.2,5.3
stack3_scene0019,view_el60_az180,foam_brick,mug,0,204.9,2.82
stack3_scene0019,view_el60_az180,foam_brick,mug,0,207.4,1.35
stack3_scene0019,view_el60_az180,mug,mug,1,4.1,0.03
stack3_scene0019,view_el60_az195,wood_block,wood_block,1,51.5,0.46
stack3_scene0019,view_el60_az195,wood_block,foam_brick,0,89.1,1.3
stack3_scene0019,view_el60_az195,wood_block,mug,0,166.9,2.37
stack3_scene0019,view_el60_az195,wood_block,mug,0,134.3,1.94
stack3_scene0019,view_el60_az195,wood_block,mug,0,122.8,1.89
stack3_scene0019,view_el60_az195,wood_block,foam_brick,0,73.7,0.97
stack3_scene0019,view_el60_az195,wood_block,mug,0,134.7,2.03
stack3_scene0019,view_el60_az195,wood_block,foam_brick,0,77.9,1.14
stack3_scene0019,view_el60_az195,wood_block,foam_brick,0,70.1,0.72
stack3_scene0019,view_el60_az195,foam_brick,foam_brick,1,7.8,0.12
stack3_scene0019,view_el60_az255,wood_block,foam_brick,0,72.0,0.89
stack3_scene0019,view_el60_az255,wood_block,foam_brick,0,69.0,0.59
stack3_scene0019,view_el60_az255,wood_block,wood_block,1,78.7,1.27
stack3_scene0019,view_el60_az255,foam_brick,wood_block,0,17.7,0.43
stack3_scene0019,view_el60_az255,wood_block,foam_brick,0,14.6,0.19
stack3_scene0019,view_el75_az105,wood_block,foam_brick,0,46.4,0.5
stack3_scene0019,view_el75_az105,wood_block,foam_brick,0,36.1,0.26
stack3_scene0019,view_el75_az105,foam_brick,wood_block,0,80.3,0.88
stack3_scene0019,view_el75_az105,wood_block,foam_brick,0,70.0,0.51
stack3_scene0019,view_el75_az225,foam_brick,wood_block,0,17.5,0.39
stack3_scene0019,view_el75_az225,foam_brick,wood_block,0,41.9,0.62
stack3_scene0019,view_el75_az225,foam_brick,wood_block,0,9.2,0.19
stack3_scene0019,view_el90,foam_brick,wood_block,0,35.0,0.82
stack3_scene0019,view_el90,foam_brick,foam_brick,1,135.0,1.26
stack3_scene0019,view_el90,foam_brick,foam_brick,1,5.0,0.2
stack3_scene0019,view_el90,foam_brick,foam_brick,1,10.0,0.44
stack3_scene0020,view_el30_az135,cups,cups,1,10.8,0.41
stack3_scene0020,view_el30_az135,tuna_fish_can,tuna_fish_can,1,2.2,0.18
stack3_scene0020,view_el30_az135,tuna_fish_can,tuna_fish_can,1,1.4,0.12
stack3_scene0020,view_el30_az195,tuna_fish_can,tuna_fish_can,1,0.3,0.02
stack3_scene0020,view_el30_az210,cups,cups,1,21.7,0.97
stack3_scene0020,view_el30_az240,cups,cups,1,17.3,0.72
stack3_scene0020,view_el45_az135,tuna_fish_can,tuna_fish_can,1,4.6,0.4
stack3_scene0020,view_el45_az135,tuna_fish_can,tuna_fish_can,1,4.2,0.36
stack3_scene0020,view_el45_az225,cups,cups,1,20.8,0.73
stack3_scene0020,view_el60_az180,cups,cups,1,36.5,1.4
stack3_scene0020,view_el60_az180,cups,cups,1,45.8,2.35
stack3_scene0020,view_el60_az180,cups,cups,1,9.3,0.84
stack3_scene0020,view_el60_az195,cups,cups,1,41.4,1.77
stack3_scene0020,view_el60_az255,cups,cups,1,24.8,0.95
stack3_scene0020,view_el60_az255,cups,cups,1,25.1,0.99
stack4_scene0001,view_el30_az135,wood_block,racquetball,0,159.7,4.58
stack4_scene0001,view_el30_az135,cups,cups,1,13.3,0.46
stack4_scene0001,view_el30_az195,wood_block,racquetball,0,169.2,4.38
stack4_scene0001,view_el30_az195,wood_block,racquetball,0,164.4,4.45
stack4_scene0001,view_el30_az195,cups,cups,1,5.3,0.21
stack4_scene0001,view_el30_az210,cups,cups,1,2.0,0.08
stack4_scene0001,view_el30_az240,cups,cups,1,1.0,0.04
stack4_scene0001,view_el30_az240,racquetball,racquetball,1,11.9,0.95
stack4_scene0001,view_el45_az135,wood_block,cups,0,181.3,3.77
stack4_scene0001,view_el45_az135,wood_block,cups,0,181.2,3.55
stack4_scene0001,view_el45_az135,wood_block,racquetball,0,162.0,3.65
stack4_scene0001,view_el45_az135,cups,cups,1,1.8,0.07
stack4_scene0001,view_el45_az135,cups,cups,1,9.8,0.33
stack4_scene0001,view_el60_az180,wood_block,wood_block,1,7.4,0.07
stack4_scene0001,view_el60_az180,wood_block,wood_block,1,53.6,0.63
stack4_scene0001,view_el60_az180,wood_block,wood_block,1,25.1,0.32
stack4_scene0001,view_el60_az180,wood_block,wood_block,1,29.0,0.4
stack4_scene0001,view_el60_az195,wood_block,racquetball,0,165.7,2.96
stack4_scene0001,view_el60_az195,wood_block,wood_block,1,46.6,0.66
stack4_scene0001,view_el60_az195,wood_block,racquetball,0,196.1,4.84
stack4_scene0001,view_el60_az195,wood_block,racquetball,0,149.5,2.87
stack4_scene0001,view_el60_az195,cups,cups,1,12.6,0.49
stack4_scene0001,view_el60_az255,wood_block,wood_block,1,60.5,0.78
stack4_scene0001,view_el60_az255,cups,cups,1,12.7,0.6
stack4_scene0001,view_el60_az255,cups,cups,1,16.4,0.67
stack4_scene0001,view_el75_az225,wood_block,wood_block,1,54.6,0.8
stack4_scene0001,view_el75_az225,wood_block,wood_block,1,51.3,0.74
stack4_scene0002,view_el30_az135,tomato_soup_can,tuna_fish_can,0,23.9,1.19
stack4_scene0002,view_el30_az135,knife,knife,1,64.8,2.31
stack4_scene0002,view_el30_az195,tomato_soup_can,tuna_fish_can,0,28.1,1.39
stack4_scene0002,view_el30_az195,knife,knife,1,88.6,2.26
stack4_scene0002,view_el30_az210,tomato_soup_can,tuna_fish_can,0,26.7,1.22
stack4_scene0002,view_el30_az210,knife,knife,1,78.8,2.26
stack4_scene0002,view_el30_az240,tomato_soup_can,tuna_fish_can,0,26.5,1.34
stack4_scene0002,view_el45_az135,tomato_soup_can,tuna_fish_can,0,43.0,1.62
stack4_scene0002,view_el45_az135,tomato_soup_can,tuna_fish_can,0,33.5,1.32
stack4_scene0002,view_el45_az135,tomato_soup_can,tomato_soup_can,1,24.9,0.82
stack4_scene0002,view_el45_az135,knife,knife,1,49.5,2.42
stack4_scene0002,view_el45_az225,tomato_soup_can,tuna_fish_can,0,48.4,1.8
stack4_scene0002,view_el45_az225,knife,knife,1,50.0,2.47
stack4_scene0002,view_el60_az180,tomato_soup_can,tuna_fish_can,0,66.8,2.26
stack4_scene0002,view_el60_az180,tomato_soup_can,tomato_soup_can,1,28.3,0.94
stack4_scene0002,view_el60_az180,tomato_soup_can,tuna_fish_can,0,49.0,1.74
stack4_scene0002,view_el60_az180,knife,knife,1,48.8,2.34
stack4_scene0002,view_el60_az195,tomato_soup_can,tuna_fish_can,0,66.2,2.25
stack4_scene0002,view_el60_az195,knife,knife,1,46.4,2.23
stack4_scene0002,view_el60_az255,tomato_soup_can,tuna_fish_can,0,66.1,2.07
stack4_scene0002,view_el75_az105,tomato_soup_can,tuna_fish_can,0,97.5,4.03
stack4_scene0002,view_el75_az105,knife,knife,1,1.0,0.21
stack4_scene0002,view_el75_az105,knife,knife,1,1.0,0.21
stack4_scene0002,view_el75_az225,knife,knife,1,12.3,1.61
stack4_scene0002,view_el90,knife,knife,1,5.0,1.0
stack4_scene0003,view_el30_az135,master_chef_can,pudding_box,0,41.4,1.42
stack4_scene0003,view_el30_az195,master_chef_can,pudding_box,0,31.2,1.09
stack4_scene0003,view_el30_az210,master_chef_can,pudding_box,0,27.7,1.04
stack4_scene0003,view_el30_az210,master_chef_can,pudding_box,0,20.9,0.76
stack4_scene0003,view_el30_az210,master_chef_can,master_chef_can,1,31.3,0.85
stack4_scene0003,view_el30_az240,master_chef_can,pudding_box,0,35.4,1.03
stack4_scene0003,view_el30_az240,master_chef_can,apple,0,185.3,5.89
stack4_scene0003,view_el30_az240,master_chef_can,pudding_box,0,28.7,0.84
stack4_scene0003,view_el30_az240,master_chef_can,master_chef_can,1,29.2,0.83
stack4_scene0003,view_el30_az240,master_chef_can,apple,0,178.6,5.73
stack4_scene0003,view_el45_az135,master_chef_can,pudding_box,0,66.8,1.96
stack4_scene0003,view_el45_az135,master_chef_can,master_chef_can,1,30.6,0.71
stack4_scene0003,view_el45_az135,master_chef_can,pudding_box,0,54.1,1.59
stack4_scene0003,view_el45_az225,master_chef_can,pudding_box,0,56.6,1.63
stack4_scene0003,view_el45_az225,master_chef_can,master_chef_can,1,31.6,0.72
stack4_scene0003,view_el45_az225,master_chef_can,pudding_box,0,43.5,1.32
stack4_scene0003,view_el60_az180,master_chef_can,pudding_box,0,86.7,2.1
stack4_scene0003,view_el60_az180,master_chef_can,master_chef_can,1,36.8,0.8
stack4_scene0003,view_el60_az180,master_chef_can,pudding_box,0,64.3,1.65
stack4_scene0003,view_el60_az195,master_chef_can,pudding_box,0,100.6,2.86
stack4_scene0003,view_el60_az195,master_chef_can,pudding_box,0,83.6,2.22
stack4_scene0003,view_el60_az195,master_chef_can,pudding_box,0,71.7,2.0
stack4_scene0003,view_el60_az195,master_chef_can,master_chef_can,1,36.0,0.76
stack4_scene0003,view_el60_az195,master_chef_can,pudding_box,0,60.7,1.74
stack4_scene0003,view_el60_az195,master_chef_can,pudding_box,0,48.7,1.47
stack4_scene0003,view_el60_az255,master_chef_can,apple,0,163.5,3.27
stack4_scene0003,view_el60_az255,master_chef_can,pudding_box,0,90.0,1.87
stack4_scene0003,view_el60_az255,master_chef_can,apple,0,160.0,3.17
stack4_scene0003,view_el60_az255,master_chef_can,pudding_box,0,95.2,2.33
stack4_scene0003,view_el60_az255,master_chef_can,apple,0,167.4,4.02
stack4_scene0003,view_el60_az255,master_chef_can,pudding_box,0,82.7,1.99
stack4_scene0003,view_el60_az255,master_chef_can,master_chef_can,1,31.6,0.56
stack4_scene0003,view_el60_az255,master_chef_can,apple,0,177.4,5.0
stack4_scene0003,view_el60_az255,master_chef_can,pudding_box,0,61.3,1.57
stack4_scene0003,view_el75_az105,master_chef_can,master_chef_can,1,140.7,5.31
stack4_scene0003,view_el75_az105,master_chef_can,master_chef_can,1,71.7,1.28
stack4_scene0003,view_el75_az105,master_chef_can,master_chef_can,1,48.2,1.07
stack4_scene0003,view_el75_az225,master_chef_can,pudding_box,0,127.2,3.96
stack4_scene0003,view_el75_az225,master_chef_can,master_chef_can,1,44.2,1.09
stack4_scene0003,view_el75_az225,master_chef_can,master_chef_can,1,45.8,1.0
stack4_scene0003,view_el75_az225,master_chef_can,master_chef_can,1,0.9,0.01
stack4_scene0003,view_el75_az225,apple,apple,1,32.3,2.2
stack4_scene0003,view_el75_az225,master_chef_can,pudding_box,0,75.7,2.09
stack4_scene0003,view_el90,master_chef_can,pudding_box,0,130.0,2.48
stack4_scene0003,view_el90,master_chef_can,pudding_box,0,125.0,2.5
stack4_scene0003,view_el90,master_chef_can,pudding_box,0,135.0,1.86
stack4_scene0003,view_el90,apple,apple,1,20.0,1.6
stack4_scene0004,view_el30_az135,rubiks_cube,rubiks_cube,1,10.9,0.24
stack4_scene0004,view_el30_az135,rubiks_cube,rubiks_cube,1,6.4,0.33
stack4_scene0004,view_el30_az135,rubiks_cube,rubiks_cube,1,5.3,0.35
stack4_scene0004,view_el30_az135,rubiks_cube,rubiks_cube,1,4.7,0.24
stack4_scene0004,view_el30_az135,rubiks_cube,rubiks_cube,1,2.2,0.11
stack4_scene0004,view_el30_az135,bleach_cleanser,bleach_cleanser,1,4.4,0.18
stack4_scene0004,view_el30_az135,rubiks_cube,rubiks_cube,1,5.0,0.18
stack4_scene0004,view_el30_az135,rubiks_cube,rubiks_cube,1,5.6,0.17
stack4_scene0004,view_el30_az135,rubiks_cube,rubiks_cube,1,1.1,0.17
stack4_scene0004,view_el30_az135,rubiks_cube,rubiks_cube,1,6.9,1.02
stack4_scene0004,view_el30_az135,rubiks_cube,rubiks_cube,1,6.9,1.02
stack4_scene0004,view_el30_az135,rubiks_cube,rubiks_cube,1,6.9,2.5
stack4_scene0004,view_el30_az135,rubiks_cube,rubiks_cube,1,7.5,1.1
stack4_scene0004,view_el30_az135,rubiks_cube,rubiks_cube,1,1.1,0.37
stack4_scene0004,view_el30_az135,rubiks_cube,rubiks_cube,1,1.1,0.37
stack4_scene0004,view_el30_az135,rubiks_cube,rubiks_cube,1,6.9,0.59
stack4_scene0004,view_el30_az135,rubiks_cube,rubiks_cube,1,6.1,1.42
stack4_scene0004,view_el30_az135,rubiks_cube,rubiks_cube,1,5.6,0.49
stack4_scene0004,view_el30_az195,rubiks_cube,rubiks_cube,1,0.0,0.0
stack4_scene0004,view_el30_az195,rubiks_cube,rubiks_cube,1,5.6,0.78
stack4_scene0004,view_el30_az195,rubiks_cube,rubiks_cube,1,3.1,0.36
stack4_scene0004,view_el30_az195,rubiks_cube,rubiks_cube,1,0.5,0.07
stack4_scene0004,view_el30_az195,rubiks_cube,rubiks_cube,1,5.0,1.0
stack4_scene0004,view_el30_az195,rubiks_cube,rubiks_cube,1,10.6,2.11
stack4_scene0004,view_el30_az195,rubiks_cube,rubiks_cube,1,4.5,0.68
stack4_scene0004,view_el30_az195,rubiks_cube,rubiks_cube,1,9.5,2.06
stack4_scene0004,view_el30_az195,rubiks_cube,rubiks_cube,1,7.0,0.86
stack4_scene0004,view_el30_az195,rubiks_cube,rubiks_cube,1,3.9,0.85
stack4_scene0004,view_el30_az195,rubiks_cube,rubiks_cube,1,8.1,1.28
stack4_scene0004,view_el30_az195,rubiks_cube,rubiks_cube,1,3.1,0.85
stack4_scene0004,view_el30_az210,wood_block,bleach_cleanser,0,181.8,4.48
stack4_scene0004,view_el30_az210,wood_block,bleach_cleanser,0,193.2,2.16
stack4_scene0004,view_el30_az210,wood_block,wood_block,1,6.0,0.16
stack4_scene0004,view_el30_az210,wood_block,bleach_cleanser,0,184.6,4.25
stack4_scene0004,view_el30_az210,wood_block,bleach_cleanser,0,196.0,2.12
stack4_scene0004,view_el30_az210,bleach_cleanser,bleach_cleanser,1,11.4,0.12
stack4_scene0004,view_el45_az135,wood_block,wood_block,1,84.9,1.49
stack4_scene0004,view_el45_az135,bleach_cleanser,bleach_cleanser,1,75.3,1.33
stack4_scene0004,view_el45_az135,bleach_cleanser,bleach_cleanser,1,38.7,0.98
stack4_scene0004,view_el45_az135,bleach_cleanser,bleach_cleanser,1,10.8,0.34
stack4_scene0004,view_el45_az225,wood_block,wood_block,1,60.2,0.86
stack4_scene0004,view_el45_az225,wood_block,wood_block,1,49.7,0.85
stack4_scene0004,view_el45_az225,wood_block,bleach_cleanser,0,131.8,1.64
stack4_scene0004,view_el45_az225,wood_block,bleach_cleanser,0,92.1,1.76
stack4_scene0004,view_el45_az225,wood_block,bleach_cleanser,0,189.4,3.72
stack4_scene0004,view_el45_az225,wood_block,bleach_cleanser,0,136.2,5.07
stack4_scene0004,view_el60_az180,bleach_cleanser,bleach_cleanser,1,77.8,1.5
stack4_scene0004,view_el60_az180,bleach_cleanser,bleach_cleanser,1,74.6,1.43
stack4_scene0004,view_el60_az180,bleach_cleanser,bleach_cleanser,1,28.0,0.39
stack4_scene0004,view_el60_az180,bleach_cleanser,bleach_cleanser,1,26.5,1.15
stack4_scene0004,view_el60_az180,rubiks_cube,rubiks_cube,1,12.8,0.65
stack4_scene0004,view_el60_az180,bleach_cleanser,bleach_cleanser,1,23.3,1.0
stack4_scene0004,view_el60_az180,bleach_cleanser,bleach_cleanser,1,11.2,0.52
stack4_scene0004,view_el60_az195,rubiks_cube,rubiks_cube,1,26.0,1.21
stack4_scene0004,view_el60_az195,bleach_cleanser,bleach_cleanser,1,0.4,0.03
stack4_scene0004,view_el60_az255,wood_block,wood_block,1,109.6,1.42
stack4_scene0004,view_el75_az105,bleach_cleanser,bleach_cleanser,1,74.8,0.98
stack4_scene0004,view_el75_az225,wood_block,bleach_cleanser,0,110.7,1.34
stack4_scene0004,view_el75_az225,wood_block,bleach_cleanser,0,94.4,1.34
stack4_scene0004,view_el75_az225,wood_block,bleach_cleanser,0,148.2,1.54
stack4_scene0004,view_el75_az225,wood_block,bleach_cleanser,0,106.1,0.99
stack4_scene0004,view_el75_az225,wood_block,bleach_cleanser,0,89.8,0.94
stack4_scene0004,view_el75_az225,wood_block,bleach_cleanser,0,143.7,1.19
stack4_scene0004,view_el75_az225,bleach_cleanser,bleach_cleanser,1,53.9,0.83
stack4_scene0004,view_el75_az225,bleach_cleanser,bleach_cleanser,1,30.8,0.81
stack4_scene0004,view_el75_az225,bleach_cleanser,bleach_cleanser,1,24.1,0.52
stack4_scene0004,view_el75_az225,bleach_cleanser,bleach_cleanser,1,68.8,1.03
stack4_scene0004,view_el75_az225,rubiks_cube,rubiks_cube,1,9.4,0.47
stack4_scene0004,view_el90,bleach_cleanser,bleach_cleanser,1,80.0,0.97
stack4_scene0004,view_el90,bleach_cleanser,bleach_cleanser,1,30.0,0.6
stack4_scene0004,view_el90,bleach_cleanser,bleach_cleanser,1,35.0,0.42
stack4_scene0004,view_el90,rubiks_cube,rubiks_cube,1,25.0,1.43
stack4_scene0005,view_el30_az135,cups,cups,1,8.3,0.6
stack4_scene0005,view_el30_az135,fork,fork,1,62.3,2.42
stack4_scene0005,view_el30_az195,fork,fork,1,87.2,2.89
stack4_scene0005,view_el30_az195,cups,cups,1,13.9,1.05
stack4_scene0005,view_el30_az210,fork,fork,1,77.2,2.84
stack4_scene0005,view_el30_az240,cups,cups,1,13.1,0.89
stack4_scene0005,view_el30_az240,cups,cups,1,13.1,0.86
stack4_scene0005,view_el45_az135,cups,cups,1,13.7,0.84
stack4_scene0005,view_el45_az135,cups,cups,1,17.7,1.17
stack4_scene0005,view_el45_az135,fork,fork,1,50.0,2.7
stack4_scene0005,view_el45_az225,fork,fork,1,50.0,2.5
stack4_scene0005,view_el45_az225,cups,cups,1,16.2,0.93
stack4_scene0005,view_el60_az180,fork,fork,1,48.2,2.57
stack4_scene0005,view_el60_az195,fork,fork,1,46.4,2.47
stack4_scene0005,view_el60_az255,fork,fork,1,10.3,1.35
stack4_scene0005,view_el60_az255,fork,fork,1,7.7,1.3
stack4_scene0005,view_el60_az255,fork,fork,1,3.9,1.04
stack4_scene0005,view_el75_az225,fork,fork,1,15.1,2.02
stack4_scene0005,view_el90,fork,fork,1,5.0,1.0
stack4_scene0006,view_el30_az135,tomato_soup_can,cups,0,156.4,6.46
stack4_scene0006,view_el30_az135,tomato_soup_can,gelatin_box,0,22.5,0.99
stack4_scene0006,view_el30_az135,tomato_soup_can,cups,0,158.9,6.85
stack4_scene0006,view_el30_az135,tomato_soup_can,cups,0,151.1,6.32
stack4_scene0006,view_el30_az135,cups,tomato_soup_can,0,167.5,8.54
stack4_scene0006,view_el30_az135,cups,cups,1,7.8,0.39
stack4_scene0006,view_el30_az135,tomato_soup_can,cups,0,162.2,8.39
stack4_scene0006,view_el30_az195,tomato_soup_can,gelatin_box,0,24.8,1.35
stack4_scene0006,view_el30_az195,cups,cups,1,8.4,0.31
stack4_scene0006,view_el30_az210,tomato_soup_can,gelatin_box,0,25.1,1.23
stack4_scene0006,view_el30_az210,cups,cups,1,6.6,0.26
stack4_scene0006,view_el30_az240,tomato_soup_can,gelatin_box,0,25.8,1.07
stack4_scene0006,view_el30_az240,cups,cups,1,0.2,0.01
stack4_scene0006,view_el45_az135,tomato_soup_can,cups,0,147.1,4.79
stack4_scene0006,view_el45_az135,tomato_soup_can,gelatin_box,0,43.0,1.7
stack4_scene0006,view_el45_az135,tomato_soup_can,cups,0,153.9,5.25
stack4_scene0006,view_el45_az135,tomato_soup_can,gelatin_box,0,32.4,1.26
stack4_scene0006,view_el45_az135,tomato_soup_can,tomato_soup_can,1,21.0,0.76
stack4_scene0006,view_el45_az135,cups,tomato_soup_can,0,157.4,6.71
stack4_scene0006,view_el45_az135,tomato_soup_can,cups,0,164.3,7.44
stack4_scene0006,view_el45_az135,cups,cups,1,13.3,0.53
stack4_scene0006,view_el45_az225,tomato_soup_can,gelatin_box,0,66.6,2.58
stack4_scene0006,view_el45_az225,tomato_soup_can,gelatin_box,0,48.5,1.78
stack4_scene0006,view_el45_az225,tomato_soup_can,gelatin_box,0,30.8,1.36
stack4_scene0006,view_el45_az225,cups,cups,1,29.2,1.84
stack4_scene0006,view_el60_az180,tomato_soup_can,gelatin_box,0,66.6,2.61
stack4_scene0006,view_el60_az180,tomato_soup_can,gelatin_box,0,64.8,2.51
stack4_scene0006,view_el60_az180,tomato_soup_can,tomato_soup_can,1,27.6,0.92
stack4_scene0006,view_el60_az180,gelatin_box,tomato_soup_can,0,48.8,1.99
stack4_scene0006,view_el60_az180,cups,cups,1,12.8,0.5
stack4_scene0006,view_el60_az180,cups,cups,1,31.0,1.19
stack4_scene0006,view_el60_az195,tomato_soup_can,gelatin_box,0,78.0,1.88
stack4_scene0006,view_el60_az195,tomato_soup_can,gelatin_box,0,64.6,2.32
stack4_scene0006,view_el60_az195,cups,cups,1,9.3,0.41
stack4_scene0006,view_el60_az195,cups,cups,1,20.5,1.12
stack4_scene0006,view_el60_az195,cups,cups,1,29.7,1.15
stack4_scene0006,view_el60_az255,tomato_soup_can,gelatin_box,0,60.1,2.14
stack4_scene0006,view_el60_az255,cups,cups,1,17.4,0.89
stack4_scene0006,view_el75_az105,cups,cups,1,26.0,0.92
stack4_scene0006,view_el75_az225,tomato_soup_can,gelatin_box,0,95.0,4.72
stack4_scene0006,view_el75_az225,tomato_soup_can,gelatin_box,0,84.0,4.08
stack4_scene0006,view_el75_az225,tomato_soup_can,tomato_soup_can,1,52.4,2.57
stack4_scene0006,view_el75_az225,gelatin_box,tomato_soup_can,0,60.4,2.56
stack4_scene0006,view_el90,tomato_soup_can,gelatin_box,0,90.0,3.6
stack4_scene0006,view_el90,cups,cups,1,0.0,0.0
stack4_scene0007,view_el30_az135,sugar_box,sponge,0,38.3,1.17
stack4_scene0007,view_el30_az135,sugar_box,sugar_box,1,37.0,1.21
stack4_scene0007,view_el30_az135,sugar_box,sponge,0,25.0,0.92
stack4_scene0007,view_el30_az135,sugar_box,sugar_box,1,16.9,0.63
stack4_scene0007,view_el30_az135,sugar_box,sponge,0,22.8,0.92
stack4_scene0007,view_el30_az195,sugar_box,tomato_soup_can,0,171.4,4.43
stack4_scene0007,view_el30_az195,sugar_box,tomato_soup_can,0,177.9,4.97
stack4_scene0007,view_el30_az195,sugar_box,sponge,0,37.9,1.39
stack4_scene0007,view_el30_az195,sugar_box,tomato_soup_can,0,198.7,7.55
stack4_scene0007,view_el30_az195,sugar_box,sponge,0,18.9,0.81
stack4_scene0007,view_el30_az195,sugar_box,sponge,0,19.2,0.82
stack4_scene0007,view_el30_az210,sugar_box,sponge,0,57.0,1.79
stack4_scene0007,view_el30_az210,sugar_box,sponge,0,38.0,1.22
stack4_scene0007,view_el30_az210,sugar_box,sugar_box,1,39.3,1.14
stack4_scene0007,view_el30_az210,sugar_box,sponge,0,19.8,0.7
stack4_scene0007,view_el30_az210,sugar_box,sponge,0,18.6,0.62
stack4_scene0007,view_el30_az210,sponge,sugar_box,0,8.9,0.41
stack4_scene0007,view_el30_az240,sugar_box,lemon,0,214.1,6.83
stack4_scene0007,view_el30_az240,sugar_box,sponge,0,35.7,1.07
stack4_scene0007,view_el30_az240,sugar_box,sugar_box,1,36.1,0.98
stack4_scene0007,view_el30_az240,sugar_box,sponge,0,24.6,0.88
stack4_scene0007,view_el30_az240,sugar_box,sponge,0,18.5,0.84
stack4_scene0007,view_el30_az240,sponge,sugar_box,0,12.4,0.57
stack4_scene0007,view_el45_az135,sugar_box,sponge,0,78.6,2.26
stack4_scene0007,view_el45_az135,sugar_box,sponge,0,68.7,1.83
stack4_scene0007,view_el45_az135,sugar_box,sugar_box,1,52.4,1.54
stack4_scene0007,view_el45_az135,sugar_box,sugar_box,1,29.5,1.03
stack4_scene0007,view_el45_az135,sugar_box,sponge,0,43.9,1.51
stack4_scene0007,view_el45_az135,sugar_box,sponge,0,40.8,1.52
stack4_scene0007,view_el45_az225,sugar_box,sponge,0,69.9,1.89
stack4_scene0007,view_el45_az225,sugar_box,lemon,0,230.9,7.26
stack4_scene0007,view_el45_az225,sugar_box,sugar_box,1,48.1,1.36
stack4_scene0007,view_el45_az225,sugar_box,sugar_box,1,49.9,1.49
stack4_scene0007,view_el45_az225,sugar_box,lemon,0,247.8,12.08
stack4_scene0007,view_el45_az225,sugar_box,sponge,0,41.4,1.44
stack4_scene0007,view_el45_az225,sugar_box,sponge,0,39.5,1.46
stack4_scene0007,view_el45_az225,sponge,sugar_box,0,23.9,0.94
stack4_scene0007,view_el60_az180,sugar_box,sponge,0,100.6,2.36
stack4_scene0007,view_el60_az180,sugar_box,sugar_box,1,64.3,1.63
stack4_scene0007,view_el60_az180,sugar_box,sponge,0,58.1,1.81
stack4_scene0007,view_el60_az195,sugar_box,sponge,0,100.7,2.45
stack4_scene0007,view_el60_az195,sugar_box,sponge,0,55.9,1.92
stack4_scene0007,view_el60_az255,sugar_box,sponge,0,102.5,1.74
stack4_scene0007,view_el60_az255,sugar_box,sugar_box,1,34.9,0.62
stack4_scene0007,view_el60_az255,sugar_box,sugar_box,1,0.9,0.03
stack4_scene0007,view_el60_az255,sugar_box,sponge,0,83.2,1.24
stack4_scene0007,view_el60_az255,sponge,sugar_box,0,35.0,0.74
stack4_scene0007,view_el60_az255,sponge,sugar_box,0,94.9,2.04
stack4_scene0007,view_el60_az255,sponge,sugar_box,0,13.2,0.27
stack4_scene0007,view_el60_az255,sugar_box,sugar_box,1,64.4,1.65
stack4_scene0007,view_el75_az105,sugar_box,sponge,0,90.4,1.38
stack4_scene0007,view_el75_az105,sugar_box,sugar_box,1,1.3,0.06
stack4_scene0007,view_el75_az105,sponge,sugar_box,0,105.6,1.97
stack4_scene0007,view_el75_az105,sponge,sugar_box,0,53.1,0.79
stack4_scene0007,view_el75_az105,sugar_box,sugar_box,1,40.0,1.64
stack4_scene0007,view_el75_az225,sugar_box,sponge,0,132.7,2.63
stack4_scene0007,view_el90,sugar_box,sponge,0,100.0,1.55
stack4_scene0007,view_el90,sugar_box,sugar_box,1,55.0,2.2
stack4_scene0007,view_el90,sugar_box,sponge,0,100.0,1.54
stack4_scene0007,view_el90,sugar_box,sugar_box,1,55.0,2.15
stack4_scene0007,view_el90,sugar_box,sponge,0,100.0,1.6
stack4_scene0007,view_el90,sugar_box,sugar_box,1,40.0,1.23
stack4_scene0007,view_el90,sponge,sugar_box,0,105.0,1.95
stack4_scene0008,view_el30_az135,master_chef_can,orange,0,185.6,5.78
stack4_scene0008,view_el30_az135,master_chef_can,master_chef_can,1,28.0,0.88
stack4_scene0008,view_el30_az135,master_chef_can,master_chef_can,1,5.3,0.18
stack4_scene0008,view_el30_az135,master_chef_can,orange,0,178.1,5.6
stack4_scene0008,view_el30_az135,master_chef_can,master_chef_can,1,1.4,0.05
stack4_scene0008,view_el30_az135,cups,cups,1,3.9,0.16
stack4_scene0008,view_el30_az135,master_chef_can,orange,0,206.2,8.93
stack4_scene0008,view_el30_az135,orange,master_chef_can,0,177.8,9.2
stack4_scene0008,view_el30_az195,master_chef_can,cups,0,105.1,3.2
stack4_scene0008,view_el30_az195,master_chef_can,cups,0,104.2,2.81
stack4_scene0008,view_el30_az195,master_chef_can,cups,0,110.7,3.64
stack4_scene0008,view_el30_az195,master_chef_can,cups,0,109.8,3.18
stack4_scene0008,view_el30_az195,master_chef_can,master_chef_can,1,32.3,1.09
stack4_scene0008,view_el30_az195,cups,cups,1,1.8,0.06
stack4_scene0008,view_el30_az210,cups,cups,1,0.3,0.01
stack4_scene0008,view_el45_az135,master_chef_can,orange,0,173.3,4.72
stack4_scene0008,view_el45_az135,master_chef_can,master_chef_can,1,37.0,1.08
stack4_scene0008,view_el45_az135,master_chef_can,orange,0,193.7,9.63
stack4_scene0008,view_el45_az225,master_chef_can,master_chef_can,1,40.0,1.07
stack4_scene0008,view_el45_az225,cups,cups,1,17.9,0.79
stack4_scene0008,view_el45_az225,cups,cups,1,15.0,0.69
stack4_scene0008,view_el60_az180,master_chef_can,master_chef_can,1,43.1,1.02
stack4_scene0008,view_el60_az180,cups,cups,1,13.2,0.58
stack4_scene0008,view_el60_az180,cups,cups,1,14.3,0.68
stack4_scene0008,view_el60_az180,cups,cups,1,1.2,0.05
stack4_scene0008,view_el60_az195,master_chef_can,master_chef_can,1,42.6,1.02
stack4_scene0008,view_el60_az195,cups,cups,1,15.4,0.72
stack4_scene0008,view_el60_az255,master_chef_can,master_chef_can,1,43.5,1.03
stack4_scene0008,view_el60_az255,cups,cups,1,12.7,0.68
stack4_scene0008,view_el75_az225,master_chef_can,master_chef_can,1,60.3,1.68
stack4_scene0008,view_el75_az225,cups,cups,1,11.2,0.68
stack4_scene0008,view_el90,cups,cups,1,10.0,0.8
stack4_scene0008,view_el90,cups,cups,1,5.0,0.4
stack4_scene0009,view_el30_az135,master_chef_can,pudding_box,0,37.5,1.23
stack4_scene0009,view_el30_az135,mustard_bottle,knife,0,232.6,5.82
stack4_scene0009,view_el30_az135,mustard_bottle,knife,0,247.4,7.53
stack4_scene0009,view_el30_az135,mustard_bottle,knife,0,204.5,6.03
stack4_scene0009,view_el30_az135,mustard_bottle,mustard_bottle,1,38.9,1.41
stack4_scene0009,view_el30_az135,mustard_bottle,knife,0,232.4,5.84
stack4_scene0009,view_el30_az135,mustard_bottle,knife,0,204.2,6.12
stack4_scene0009,view_el30_az135,mustard_bottle,mustard_bottle,1,38.4,1.28
stack4_scene0009,view_el30_az135,mustard_bottle,knife,0,229.0,6.03
stack4_scene0009,view_el30_az135,mustard_bottle,knife,0,200.9,6.36
stack4_scene0009,view_el30_az135,knife,knife,1,42.9,1.79
stack4_scene0009,view_el30_az195,mustard_bottle,master_chef_can,0,115.1,2.5
stack4_scene0009,view_el30_az195,mustard_bottle,master_chef_can,0,116.2,2.66
stack4_scene0009,view_el30_az195,mustard_bottle,master_chef_can,0,110.1,2.0
stack4_scene0009,view_el30_az195,mustard_bottle,pudding_box,0,138.5,4.5
stack4_scene0009,view_el30_az195,mustard_bottle,master_chef_can,0,110.4,2.43
stack4_scene0009,view_el30_az195,mustard_bottle,master_chef_can,0,111.5,2.59
stack4_scene0009,view_el30_az195,mustard_bottle,mustard_bottle,1,8.2,0.18
stack4_scene0009,view_el30_az195,mustard_bottle,master_chef_can,0,105.4,1.94
stack4_scene0009,view_el30_az195,mustard_bottle,mustard_bottle,1,38.1,0.93
stack4_scene0009,view_el30_az195,mustard_bottle,mustard_bottle,1,36.3,1.02
stack4_scene0009,view_el30_az195,mustard_bottle,pudding_box,0,133.7,4.44
stack4_scene0009,view_el30_az195,master_chef_can,mustard_bottle,0,148.5,3.95
stack4_scene0009,view_el30_az195,master_chef_can,master_chef_can,1,23.9,0.7
stack4_scene0009,view_el30_az195,master_chef_can,mustard_bottle,0,149.6,4.25
stack4_scene0009,view_el30_az195,master_chef_can,pudding_box,0,22.8,0.94
stack4_scene0009,view_el30_az195,master_chef_can,mustard_bottle,0,143.5,3.08
stack4_scene0009,view_el30_az195,knife,knife,1,83.9,2.07
stack4_scene0009,view_el30_az210,mustard_bottle,master_chef_can,0,99.6,2.22
stack4_scene0009,view_el30_az210,mustard_bottle,master_chef_can,0,101.5,2.37
stack4_scene0009,view_el30_az210,master_chef_can,mustard_bottle,0,125.7,1.39
stack4_scene0009,view_el30_az210,master_chef_can,master_chef_can,1,135.6,4.32
stack4_scene0009,view_el30_az210,mustard_bottle,master_chef_can,0,127.7,1.44
stack4_scene0009,view_el30_az210,knife,knife,1,78.1,2.13
stack4_scene0009,view_el30_az240,mustard_bottle,master_chef_can,0,107.4,2.65
stack4_scene0009,view_el30_az240,mustard_bottle,pudding_box,0,140.8,4.0
stack4_scene0009,view_el30_az240,master_chef_can,pudding_box,0,33.4,1.02
stack4_scene0009,view_el30_az240,mustard_bottle,mustard_bottle,1,17.6,0.33
stack4_scene0009,view_el30_az240,mustard_bottle,mustard_bottle,1,11.6,0.37
stack4_scene0009,view_el30_az240,knife,knife,1,43.3,2.0
stack4_scene0009,view_el30_az240,mustard_bottle,mustard_bottle,1,4.1,0.15
stack4_scene0009,view_el45_az135,master_chef_can,pudding_box,0,61.1,1.7
stack4_scene0009,view_el45_az135,mustard_bottle,knife,0,200.1,4.41
stack4_scene0009,view_el45_az135,mustard_bottle,knife,0,226.9,5.54
stack4_scene0009,view_el45_az135,mustard_bottle,knife,0,186.3,5.12
stack4_scene0009,view_el45_az135,mustard_bottle,knife,0,214.0,4.75
stack4_scene0009,view_el45_az135,mustard_bottle,knife,0,192.2,5.15
stack4_scene0009,view_el45_az135,master_chef_can,master_chef_can,1,32.2,0.69
stack4_scene0009,view_el45_az135,master_chef_can,pudding_box,0,46.0,1.27
stack4_scene0009,view_el45_az135,mustard_bottle,knife,0,220.1,6.41
stack4_scene0009,view_el45_az135,mustard_bottle,knife,0,198.2,7.44
stack4_scene0009,view_el45_az135,knife,knife,1,35.4,2.02
stack4_scene0009,view_el45_az225,mustard_bottle,master_chef_can,0,87.1,1.61
stack4_scene0009,view_el45_az225,mustard_bottle,master_chef_can,0,101.9,1.98
stack4_scene0009,view_el45_az225,mustard_bottle,pudding_box,0,142.4,3.64
stack4_scene0009,view_el45_az225,master_chef_can,mustard_bottle,0,133.3,2.71
stack4_scene0009,view_el45_az225,master_chef_can,pudding_box,0,55.7,1.61
stack4_scene0009,view_el45_az225,master_chef_can,master_chef_can,1,32.6,0.82
stack4_scene0009,view_el45_az225,master_chef_can,mustard_bottle,0,148.0,3.18
stack4_scene0009,view_el45_az225,master_chef_can,pudding_box,0,40.6,1.25
stack4_scene0009,view_el45_az225,knife,knife,1,47.9,1.94
stack4_scene0009,view_el60_az180,master_chef_can,pudding_box,0,96.4,2.45
stack4_scene0009,view_el60_az180,master_chef_can,master_chef_can,1,34.9,0.68
stack4_scene0009,view_el60_az180,mustard_bottle,mustard_bottle,1,65.9,1.52
stack4_scene0009,view_el60_az180,master_chef_can,pudding_box,0,56.3,1.54
stack4_scene0009,view_el60_az180,knife,knife,1,45.7,2.03
stack4_scene0009,view_el60_az195,master_chef_can,pudding_box,0,99.3,2.67
stack4_scene0009,view_el60_az195,master_chef_can,pudding_box,0,80.8,2.12
stack4_scene0009,view_el60_az195,master_chef_can,master_chef_can,1,35.1,0.79
stack4_scene0009,view_el60_az195,master_chef_can,pudding_box,0,58.0,1.68
stack4_scene0009,view_el60_az195,knife,knife,1,44.2,1.99
stack4_scene0009,view_el60_az195,knife,knife,1,44.2,1.99
stack4_scene0009,view_el60_az255,master_chef_can,pudding_box,0,103.9,2.74
stack4_scene0009,view_el60_az255,master_chef_can,pudding_box,0,87.2,2.13
stack4_scene0009,view_el60_az255,master_chef_can,master_chef_can,1,36.0,0.78
stack4_scene0009,view_el60_az255,master_chef_can,pudding_box,0,64.9,1.6
stack4_scene0009,view_el60_az255,knife,knife,1,3.4,0.57
stack4_scene0009,view_el60_az255,knife,knife,1,6.6,1.1
stack4_scene0009,view_el75_az105,master_chef_can,master_chef_can,1,123.8,3.78
stack4_scene0009,view_el75_az105,master_chef_can,pudding_box,0,125.3,3.71
stack4_scene0009,view_el75_az225,master_chef_can,pudding_box,0,119.6,4.06
stack4_scene0009,view_el75_az225,master_chef_can,master_chef_can,1,46.7,1.19
stack4_scene0009,view_el75_az225,master_chef_can,master_chef_can,1,46.9,1.03
stack4_scene0009,view_el75_az225,master_chef_can,pudding_box,0,69.7,1.81
stack4_scene0009,view_el75_az225,knife,knife,1,13.0,1.7
stack4_scene0009,view_el90,master_chef_can,pudding_box,0,135.0,2.08
stack4_scene0009,view_el90,master_chef_can,pudding_box,0,135.0,6.96
stack4_scene0009,view_el90,knife,knife,1,5.0,1.0
stack4_scene0010,view_el30_az135,master_chef_can,master_chef_can,1,29.8,0.66
stack4_scene0010,view_el30_az135,tuna_fish_can,master_chef_can,0,8.1,0.18
stack4_scene0010,view_el30_az135,tuna_fish_can,tuna_fish_can,1,8.9,0.17
stack4_scene0010,view_el30_az135,tuna_fish_can,master_chef_can,0,9.7,0.16
stack4_scene0010,view_el30_az195,master_chef_can,tuna_fish_can,0,38.1,1.05
stack4_scene0010,view_el30_az195,master_chef_can,master_chef_can,1,36.8,0.95
stack4_scene0010,view_el30_az195,tuna_fish_can,master_chef_can,0,10.6,0.34
stack4_scene0010,view_el30_az210,master_chef_can,tuna_fish_can,0,40.9,1.19
stack4_scene0010,view_el30_az210,master_chef_can,master_chef_can,1,35.4,0.88
stack4_scene0010,view_el30_az210,tuna_fish_can,master_chef_can,0,7.5,0.24
stack4_scene0010,view_el30_az240,master_chef_can,lemon,0,144.4,4.85
stack4_scene0010,view_el30_az240,master_chef_can,tuna_fish_can,0,36.1,1.07
stack4_scene0010,view_el30_az240,master_chef_can,master_chef_can,1,28.5,0.87
stack4_scene0010,view_el30_az240,master_chef_can,lemon,0,135.0,5.18
stack4_scene0010,view_el30_az240,tuna_fish_can,master_chef_can,0,8.7,0.29
stack4_scene0010,view_el45_az135,master_chef_can,tuna_fish_can,0,43.6,0.98
stack4_scene0010,view_el45_az135,master_chef_can,tuna_fish_can,0,50.5,0.95
stack4_scene0010,view_el45_az135,master_chef_can,master_chef_can,1,39.1,1.16
stack4_scene0010,view_el45_az135,master_chef_can,master_chef_can,1,43.5,1.29
stack4_scene0010,view_el45_az135,master_chef_can,master_chef_can,1,3.5,0.1
stack4_scene0010,view_el45_az135,master_chef_can,master_chef_can,1,3.0,0.09
stack4_scene0010,view_el45_az135,tuna_fish_can,master_chef_can,0,6.2,0.25
stack4_scene0010,view_el45_az135,tuna_fish_can,tuna_fish_can,1,11.9,0.3
stack4_scene0010,view_el45_az135,tuna_fish_can,master_chef_can,0,13.1,0.39
stack4_scene0010,view_el45_az225,master_chef_can,master_chef_can,1,78.6,2.48
stack4_scene0010,view_el45_az225,master_chef_can,tuna_fish_can,0,45.1,0.98
stack4_scene0010,view_el45_az225,master_chef_can,master_chef_can,1,43.5,1.2
stack4_scene0010,view_el45_az225,master_chef_can,tuna_fish_can,0,49.5,0.93
stack4_scene0010,view_el45_az225,tuna_fish_can,master_chef_can,0,8.7,0.27
stack4_scene0010,view_el45_az225,tuna_fish_can,tuna_fish_can,1,3.1,0.15
stack4_scene0010,view_el45_az225,master_chef_can,tuna_fish_can,0,14.4,0.36
stack4_scene0010,view_el60_az180,tuna_fish_can,lemon,0,138.8,3.21
stack4_scene0010,view_el60_az180,master_chef_can,tuna_fish_can,0,41.8,0.77
stack4_scene0010,view_el60_az180,master_chef_can,tuna_fish_can,0,39.3,0.73
stack4_scene0010,view_el60_az180,master_chef_can,master_chef_can,1,45.0,1.03
stack4_scene0010,view_el60_az180,master_chef_can,tuna_fish_can,0,52.6,0.59
stack4_scene0010,view_el60_az180,tuna_fish_can,master_chef_can,0,7.8,0.26
stack4_scene0010,view_el60_az180,tuna_fish_can,tuna_fish_can,1,3.4,0.11
stack4_scene0010,view_el60_az180,tuna_fish_can,lemon,0,155.4,5.14
stack4_scene0010,view_el60_az180,tuna_fish_can,master_chef_can,0,6.5,0.22
stack4_scene0010,view_el60_az180,tuna_fish_can,tuna_fish_can,1,9.5,0.28
stack4_scene0010,view_el60_az180,tuna_fish_can,lemon,0,153.9,5.2
stack4_scene0010,view_el60_az180,master_chef_can,master_chef_can,1,52.0,1.51
stack4_scene0010,view_el60_az180,master_chef_can,tuna_fish_can,0,17.3,0.81
stack4_scene0010,view_el60_az180,master_chef_can,lemon,0,147.5,8.81
stack4_scene0010,view_el60_az195,tuna_fish_can,lemon,0,151.2,3.82
stack4_scene0010,view_el60_az195,master_chef_can,tuna_fish_can,0,39.9,0.83
stack4_scene0010,view_el60_az195,master_chef_can,tuna_fish_can,0,51.7,1.24
stack4_scene0010,view_el60_az195,tuna_fish_can,tuna_fish_can,1,9.6,0.35
stack4_scene0010,view_el60_az195,tuna_fish_can,lemon,0,165.4,7.23
stack4_scene0010,view_el60_az255,master_chef_can,tuna_fish_can,0,49.2,0.98
stack4_scene0010,view_el60_az255,master_chef_can,master_chef_can,1,59.9,1.46
stack4_scene0010,view_el60_az255,master_chef_can,tuna_fish_can,0,52.2,0.58
stack4_scene0010,view_el60_az255,tuna_fish_can,master_chef_can,0,8.8,0.31
stack4_scene0010,view_el60_az255,master_chef_can,master_chef_can,1,52.7,1.42
stack4_scene0010,view_el60_az255,master_chef_can,tuna_fish_can,0,12.2,0.17
stack4_scene0011,view_el30_az135,master_chef_can,tomato_soup_can,0,45.6,1.11
stack4_scene0011,view_el30_az135,master_chef_can,master_chef_can,1,33.3,1.09
stack4_scene0011,view_el30_az135,tomato_soup_can,master_chef_can,0,16.4,0.54
stack4_scene0011,view_el30_az195,master_chef_can,tomato_soup_can,0,42.8,1.66
stack4_scene0011,view_el30_az195,master_chef_can,tomato_soup_can,0,48.5,1.38
stack4_scene0011,view_el30_az195,master_chef_can,master_chef_can,1,28.7,0.86
stack4_scene0011,view_el30_az195,tomato_soup_can,master_chef_can,0,22.3,0.77
stack4_scene0011,view_el30_az210,master_chef_can,tomato_soup_can,0,47.6,1.33
stack4_scene0011,view_el30_az210,master_chef_can,master_chef_can,1,26.0,0.75
stack4_scene0011,view_el30_az210,tomato_soup_can,master_chef_can,0,21.9,0.77
stack4_scene0011,view_el30_az240,master_chef_can,tomato_soup_can,0,45.7,1.22
stack4_scene0011,view_el30_az240,master_chef_can,peach,0,147.4,5.0
stack4_scene0011,view_el30_az240,tomato_soup_can,master_chef_can,0,13.9,0.47
stack4_scene0011,view_el30_az240,master_chef_can,peach,0,150.0,6.98
stack4_scene0011,view_el45_az135,master_chef_can,tomato_soup_can,0,65.7,1.29
stack4_scene0011,view_el45_az135,master_chef_can,master_chef_can,1,45.1,1.21
stack4_scene0011,view_el45_az135,tomato_soup_can,master_chef_can,0,30.8,0.97
stack4_scene0011,view_el45_az225,master_chef_can,tomato_soup_can,0,68.2,1.4
stack4_scene0011,view_el45_az225,master_chef_can,master_chef_can,1,50.1,1.1
stack4_scene0011,view_el45_az225,master_chef_can,peach,0,127.2,3.37
stack4_scene0011,view_el45_az225,tomato_soup_can,master_chef_can,0,33.2,0.95
stack4_scene0011,view_el60_az180,master_chef_can,tomato_soup_can,0,83.4,1.48
stack4_scene0011,view_el60_az180,master_chef_can,tomato_soup_can,0,67.9,1.17
stack4_scene0011,view_el60_az180,master_chef_can,master_chef_can,1,58.6,1.36
stack4_scene0011,view_el60_az180,tomato_soup_can,master_chef_can,0,53.3,1.55
stack4_scene0011,view_el60_az180,master_chef_can,master_chef_can,1,50.6,1.39
stack4_scene0011,view_el60_az180,tomato_soup_can,tomato_soup_can,1,29.5,0.75
stack4_scene0011,view_el60_az180,tomato_soup_can,master_chef_can,0,37.8,1.05
stack4_scene0011,view_el60_az195,master_chef_can,tomato_soup_can,0,83.2,1.46
stack4_scene0011,view_el60_az195,tomato_soup_can,master_chef_can,0,54.5,1.47
stack4_scene0011,view_el60_az195,master_chef_can,master_chef_can,1,49.1,1.26
stack4_scene0011,view_el60_az255,tomato_soup_can,master_chef_can,0,81.1,1.28
stack4_scene0011,view_el60_az255,tomato_soup_can,master_chef_can,0,44.8,1.15
stack4_scene0011,view_el60_az255,tomato_soup_can,peach,0,3.5,0.1
stack4_scene0011,view_el60_az255,master_chef_can,tomato_soup_can,0,61.9,0.97
stack4_scene0011,view_el60_az255,master_chef_can,master_chef_can,1,55.2,1.38
stack4_scene0011,view_el60_az255,tomato_soup_can,tomato_soup_can,1,39.5,1.01
stack4_scene0011,view_el60_az255,tomato_soup_can,master_chef_can,0,25.5,0.65
stack4_scene0011,view_el60_az255,tomato_soup_can,peach,0,22.7,0.67
stack4_scene0011,view_el75_az105,tomato_soup_can,master_chef_can,0,76.3,1.34
stack4_scene0011,view_el75_az105,master_chef_can,tomato_soup_can,0,63.5,1.36
stack4_scene0011,view_el75_az225,tomato_soup_can,master_chef_can,0,86.1,1.5
stack4_scene0011,view_el75_az225,tomato_soup_can,master_chef_can,0,72.5,1.79
stack4_scene0011,view_el75_az225,master_chef_can,tomato_soup_can,0,63.0,1.27
stack4_scene0011,view_el75_az225,master_chef_can,master_chef_can,1,61.2,1.51
stack4_scene0011,view_el75_az225,master_chef_can,tomato_soup_can,0,49.5,1.52
stack4_scene0012,view_el30_az135,tomato_soup_can,gelatin_box,0,26.1,1.13
stack4_scene0012,view_el30_az195,tomato_soup_can,gelatin_box,0,27.2,1.46
stack4_scene0012,view_el30_az210,tomato_soup_can,gelatin_box,0,27.3,1.25
stack4_scene0012,view_el30_az240,tomato_soup_can,banana,0,195.5,5.49
stack4_scene0012,view_el30_az240,tomato_soup_can,gelatin_box,0,20.0,0.43
stack4_scene0012,view_el30_az240,tomato_soup_can,banana,0,194.5,3.8
stack4_scene0012,view_el30_az240,tomato_soup_can,gelatin_box,0,26.9,1.07
stack4_scene0012,view_el30_az240,tomato_soup_can,banana,0,172.0,4.43
stack4_scene0012,view_el30_az240,tomato_soup_can,gelatin_box,0,19.4,0.91
stack4_scene0012,view_el30_az240,tomato_soup_can,banana,0,164.5,4.71
stack4_scene0012,view_el45_az135,tomato_soup_can,spoon,0,230.3,6.29
stack4_scene0012,view_el45_az135,tomato_soup_can,gelatin_box,0,44.7,1.64
stack4_scene0012,view_el45_az135,tomato_soup_can,spoon,0,240.1,7.63
stack4_scene0012,view_el45_az135,tomato_soup_can,spoon,0,253.8,10.37
stack4_scene0012,view_el45_az225,tomato_soup_can,gelatin_box,0,49.5,1.73
stack4_scene0012,view_el45_az225,tomato_soup_can,gelatin_box,0,39.9,1.48
stack4_scene0012,view_el45_az225,tomato_soup_can,tomato_soup_can,1,23.9,0.83
stack4_scene0012,view_el45_az225,tomato_soup_can,gelatin_box,0,39.3,1.46
stack4_scene0012,view_el45_az225,tomato_soup_can,tomato_soup_can,1,24.5,0.86
stack4_scene0012,view_el60_az180,tomato_soup_can,tomato_soup_can,1,67.3,4.69
stack4_scene0012,view_el60_az180,tomato_soup_can,gelatin_box,0,64.8,2.37
stack4_scene0012,view_el60_az180,tomato_soup_can,tomato_soup_can,1,27.6,0.88
stack4_scene0012,view_el60_az180,tomato_soup_can,gelatin_box,0,48.3,1.84
stack4_scene0012,view_el60_az195,tomato_soup_can,gelatin_box,0,65.7,2.34
stack4_scene0012,view_el60_az195,spoon,spoon,1,56.3,3.35
stack4_scene0012,view_el60_az195,spoon,spoon,1,56.4,3.39
stack4_scene0012,view_el60_az255,tomato_soup_can,banana,0,172.5,2.89
stack4_scene0012,view_el60_az255,tomato_soup_can,gelatin_box,0,46.7,0.54
stack4_scene0012,view_el60_az255,tomato_soup_can,banana,0,192.0,3.78
stack4_scene0012,view_el60_az255,tomato_soup_can,gelatin_box,0,33.2,0.37
stack4_scene0012,view_el60_az255,tomato_soup_can,banana,0,168.1,3.86
stack4_scene0012,view_el60_az255,tomato_soup_can,gelatin_box,0,63.4,2.07
stack4_scene0012,view_el60_az255,tomato_soup_can,banana,0,179.4,5.51
stack4_scene0012,view_el60_az255,spoon,spoon,1,3.3,0.37
stack4_scene0012,view_el60_az255,spoon,spoon,1,1.3,0.15
stack4_scene0012,view_el60_az255,spoon,spoon,1,1.1,0.13
stack4_scene0012,view_el60_az255,spoon,spoon,1,3.5,0.4
stack4_scene0012,view_el75_az225,tomato_soup_can,gelatin_box,0,86.2,3.97
stack4_scene0012,view_el75_az225,tomato_soup_can,tomato_soup_can,1,57.3,3.51
stack4_scene0012,view_el75_az225,gelatin_box,tomato_soup_can,0,51.3,1.81
stack4_scene0012,view_el75_az225,spoon,spoon,1,11.9,1.57
stack4_scene0012,view_el75_az225,spoon,spoon,1,7.6,1.61
stack4_scene0012,view_el90,spoon,spoon,1,10.0,1.33
stack4_scene0012,view_el90,spoon,spoon,1,10.0,1.33
stack4_scene0013,view_el30_az135,cracker_box,pear,0,164.1,4.19
stack4_scene0013,view_el30_az135,cracker_box,cracker_box,1,56.2,1.47
stack4_scene0013,view_el30_az135,cracker_box,pear,0,125.8,5.26
stack4_scene0013,view_el30_az135,cups,cups,1,22.5,1.12
stack4_scene0013,view_el30_az135,cracker_box,cracker_box,1,39.5,0.59
stack4_scene0013,view_el30_az135,cracker_box,cracker_box,1,18.3,0.48
stack4_scene0013,view_el30_az135,cracker_box,cracker_box,1,13.6,0.99
stack4_scene0013,view_el30_az195,cracker_box,cracker_box,1,5.9,0.14
stack4_scene0013,view_el30_az195,cracker_box,cracker_box,1,5.6,0.73
stack4_scene0013,view_el30_az195,cracker_box,cracker_box,1,7.5,0.87
stack4_scene0013,view_el30_az210,cracker_box,cracker_box,1,8.9,0.23
stack4_scene0013,view_el30_az240,cracker_box,cups,0,212.8,4.89
stack4_scene0013,view_el30_az240,cracker_box,cups,0,205.8,5.05
stack4_scene0013,view_el30_az240,cracker_box,cracker_box,1,6.4,0.16
stack4_scene0013,view_el30_az240,cracker_box,cups,0,211.5,6.62
stack4_scene0013,view_el30_az240,cracker_box,cracker_box,1,33.7,0.92
stack4_scene0013,view_el30_az240,cracker_box,cracker_box,1,9.9,0.35
stack4_scene0013,view_el30_az240,cups,cracker_box,0,231.9,8.15
stack4_scene0013,view_el30_az240,cracker_box,cracker_box,1,16.8,0.65
stack4_scene0013,view_el30_az240,cracker_box,cracker_box,1,25.0,1.62
stack4_scene0013,view_el45_az135,cracker_box,pear,0,167.9,3.56
stack4_scene0013,view_el45_az135,cracker_box,cracker_box,1,58.6,1.38
stack4_scene0013,view_el45_az135,cracker_box,pear,0,116.8,3.94
stack4_scene0013,view_el45_az135,cups,cups,1,25.5,1.09
stack4_scene0013,view_el45_az135,cracker_box,cracker_box,1,49.1,0.62
stack4_scene0013,view_el45_az135,cracker_box,cracker_box,1,30.8,1.01
stack4_scene0013,view_el45_az135,cracker_box,cracker_box,1,26.2,0.34
stack4_scene0013,view_el45_az135,cracker_box,cracker_box,1,29.7,0.95
stack4_scene0013,view_el45_az135,cracker_box,cracker_box,1,27.2,0.35
stack4_scene0013,view_el45_az225,cracker_box,cups,0,225.9,5.26
stack4_scene0013,view_el45_az225,cracker_box,cracker_box,1,7.1,0.16
stack4_scene0013,view_el45_az225,cracker_box,cracker_box,1,1.9,0.06
stack4_scene0013,view_el45_az225,cracker_box,cracker_box,1,26.0,1.18
stack4_scene0013,view_el45_az225,cracker_box,cracker_box,1,37.0,1.94
stack4_scene0013,view_el60_az180,cracker_box,cups,0,142.6,2.37
stack4_scene0013,view_el60_az180,cracker_box,cups,0,127.6,2.21
stack4_scene0013,view_el60_az180,cracker_box,cracker_box,1,30.3,0.53
stack4_scene0013,view_el60_az195,cracker_box,cups,0,160.2,2.75
stack4_scene0013,view_el60_az195,cracker_box,cups,0,149.0,2.72
stack4_scene0013,view_el60_az195,cracker_box,cracker_box,1,23.3,0.43
stack4_scene0013,view_el60_az255,cups,cups,1,7.5,0.58
stack4_scene0013,view_el60_az255,cracker_box,cracker_box,1,35.9,1.98
stack4_scene0013,view_el60_az255,cracker_box,cracker_box,1,40.3,2.23
stack4_scene0013,view_el75_az105,cracker_box,pear,0,199.6,6.44
stack4_scene0013,view_el75_az105,cracker_box,pear,0,199.6,6.52
stack4_scene0013,view_el75_az105,cups,cups,1,13.2,0.72
stack4_scene0014,view_el30_az135,pitcher_base,pitcher_base,1,8.4,0.15
stack4_scene0014,view_el30_az135,sugar_box,sponge,0,54.0,1.64
stack4_scene0014,view_el30_az135,sugar_box,sponge,0,43.6,1.28
stack4_scene0014,view_el30_az135,sugar_box,sugar_box,1,20.0,0.8
stack4_scene0014,view_el30_az135,sugar_box,sponge,0,28.6,1.07
stack4_scene0014,view_el30_az195,pitcher_base,sugar_box,0,188.4,2.69
stack4_scene0014,view_el30_az195,pitcher_base,sugar_box,0,197.6,3.35
stack4_scene0014,view_el30_az195,pitcher_base,sugar_box,0,156.7,2.78
stack4_scene0014,view_el30_az195,pitcher_base,sponge,0,223.2,4.36
stack4_scene0014,view_el30_az195,sugar_box,sponge,0,25.6,1.18
stack4_scene0014,view_el30_az195,sugar_box,sponge,0,25.9,1.22
stack4_scene0014,view_el30_az210,pitcher_base,sponge,0,170.7,0.93
stack4_scene0014,view_el30_az210,pitcher_base,sponge,0,253.3,1.51
stack4_scene0014,view_el30_az210,pitcher_base,sugar_box,0,37.4,0.23
stack4_scene0014,view_el30_az210,pitcher_base,sponge,0,62.2,0.34
stack4_scene0014,view_el30_az210,pitcher_base,sugar_box,0,14.7,0.09
stack4_scene0014,view_el30_az240,pitcher_base,sugar_box,0,178.4,2.4
stack4_scene0014,view_el30_az240,pitcher_base,sugar_box,0,178.4,2.4
stack4_scene0014,view_el30_az240,pitcher_base,sugar_box,0,191.5,3.12
stack4_scene0014,view_el30_az240,pitcher_base,sugar_box,0,151.1,2.65
stack4_scene0014,view_el30_az240,pitcher_base,sugar_box,0,182.5,1.21
stack4_scene0014,view_el30_az240,pitcher_base,sponge,0,214.6,4.22
stack4_scene0014,view_el30_az240,sugar_box,pitcher_base,0,225.7,3.37
stack4_scene0014,view_el30_az240,sugar_box,pitcher_base,0,225.7,3.37
stack4_scene0014,view_el30_az240,pitcher_base,sugar_box,0,198.5,4.01
stack4_scene0014,view_el30_az240,sugar_box,sugar_box,1,40.4,1.39
stack4_scene0014,view_el30_az240,sugar_box,sponge,0,23.1,1.01
stack4_scene0014,view_el30_az240,sugar_box,sponge,0,32.1,0.29
stack4_scene0014,view_el30_az240,sponge,sugar_box,0,14.0,1.13
stack4_scene0014,view_el30_az240,rubiks_cube,rubiks_cube,1,12.3,1.79
stack4_scene0014,view_el45_az135,pitcher_base,pitcher_base,1,41.5,0.58
stack4_scene0014,view_el45_az135,sugar_box,sponge,0,81.0,2.1
stack4_scene0014,view_el45_az135,sugar_box,sponge,0,72.8,1.89
stack4_scene0014,view_el45_az135,pitcher_base,pitcher_base,1,48.4,0.97
stack4_scene0014,view_el45_az135,sugar_box,sugar_box,1,54.1,1.57
stack4_scene0014,view_el45_az135,sugar_box,sugar_box,1,29.3,1.01
stack4_scene0014,view_el45_az135,sugar_box,sponge,0,46.4,1.64
stack4_scene0014,view_el45_az135,sugar_box,sugar_box,1,45.8,1.49
stack4_scene0014,view_el45_az135,sugar_box,sponge,0,45.7,1.81
stack4_scene0014,view_el45_az225,pitcher_base,pitcher_base,1,49.9,0.5
stack4_scene0014,view_el45_az225,pitcher_base,sugar_box,0,142.0,2.26
stack4_scene0014,view_el45_az225,pitcher_base,sugar_box,0,140.4,2.24
stack4_scene0014,view_el45_az225,pitcher_base,pitcher_base,1,8.6,0.09
stack4_scene0014,view_el45_az225,pitcher_base,pitcher_base,1,85.6,0.61
stack4_scene0014,view_el45_az225,pitcher_base,pitcher_base,1,89.2,0.63
stack4_scene0014,view_el45_az225,pitcher_base,sugar_box,0,145.4,2.14
stack4_scene0014,view_el45_az225,pitcher_base,pitcher_base,1,88.4,0.6
stack4_scene0014,view_el45_az225,pitcher_base,pitcher_base,1,97.2,0.67
stack4_scene0014,view_el60_az180,pitcher_base,pitcher_base,1,100.9,1.18
stack4_scene0014,view_el60_az180,pitcher_base,pitcher_base,1,64.6,0.87
stack4_scene0014,view_el60_az180,pitcher_base,pitcher_base,1,31.9,0.34
stack4_scene0014,view_el60_az180,pitcher_base,pitcher_base,1,38.0,0.54
stack4_scene0014,view_el60_az180,sugar_box,sponge,0,92.1,1.61
stack4_scene0014,view_el60_az180,sugar_box,rubiks_cube,0,120.1,1.95
stack4_scene0014,view_el60_az180,sugar_box,sponge,0,106.7,2.13
stack4_scene0014,view_el60_az180,sugar_box,rubiks_cube,0,117.0,2.0
stack4_scene0014,view_el60_az180,sugar_box,rubiks_cube,0,133.8,2.69
stack4_scene0014,view_el60_az180,sugar_box,sponge,0,98.3,2.45
stack4_scene0014,view_el60_az180,sugar_box,rubiks_cube,0,130.6,2.79
stack4_scene0014,view_el60_az180,pitcher_base,pitcher_base,1,6.0,0.09
stack4_scene0014,view_el60_az180,sugar_box,sugar_box,1,66.8,1.83
stack4_scene0014,view_el60_az180,sugar_box,rubiks_cube,0,165.3,5.24
stack4_scene0014,view_el60_az180,sugar_box,rubiks_cube,0,162.1,5.67
stack4_scene0014,view_el60_az180,sugar_box,sponge,0,61.8,2.56
stack4_scene0014,view_el60_az180,sugar_box,sponge,0,61.8,2.63
stack4_scene0014,view_el60_az195,pitcher_base,sugar_box,0,166.3,1.68
stack4_scene0014,view_el60_az195,pitcher_base,pitcher_base,1,86.8,0.92
stack4_scene0014,view_el60_az195,pitcher_base,sugar_box,0,108.9,1.43
stack4_scene0014,view_el60_az195,pitcher_base,sugar_box,0,150.6,1.78
stack4_scene0014,view_el60_az195,pitcher_base,rubiks_cube,0,241.0,3.06
stack4_scene0014,view_el60_az195,pitcher_base,pitcher_base,1,7.6,0.09
stack4_scene0014,view_el60_az195,pitcher_base,pitcher_base,1,99.7,1.04
stack4_scene0014,view_el60_az195,pitcher_base,pitcher_base,1,25.3,0.37
stack4_scene0014,view_el60_az195,sugar_box,pitcher_base,0,129.6,2.16
stack4_scene0014,view_el60_az195,sugar_box,sugar_box,1,64.9,1.91
stack4_scene0014,view_el60_az255,pitcher_base,pitcher_base,1,35.0,0.45
stack4_scene0014,view_el60_az255,pitcher_base,pitcher_base,1,31.6,0.42
stack4_scene0014,view_el60_az255,sugar_box,sponge,0,112.4,1.74
stack4_scene0014,view_el60_az255,sugar_box,sponge,0,104.8,2.4
stack4_scene0014,view_el60_az255,sugar_box,sugar_box,1,65.1,1.71
stack4_scene0014,view_el60_az255,sugar_box,sponge,0,74.1,1.79
stack4_scene0014,view_el60_az255,sponge,sugar_box,0,33.6,1.69
stack4_scene0014,view_el75_az105,pitcher_base,pitcher_base,1,157.0,1.55
stack4_scene0014,view_el75_az105,pitcher_base,pitcher_base,1,57.3,0.64
stack4_scene0014,view_el75_az105,pitcher_base,pitcher_base,1,26.9,0.39
stack4_scene0014,view_el75_az105,sugar_box,sponge,0,152.5,3.87
stack4_scene0014,view_el75_az105,pitcher_base,pitcher_base,1,30.4,0.37
stack4_scene0014,view_el75_az105,pitcher_base,pitcher_base,1,16.2,0.26
stack4_scene0014,view_el75_az105,sugar_box,sponge,0,115.9,1.77
stack4_scene0014,view_el75_az105,sugar_box,sugar_box,1,36.9,0.84
stack4_scene0014,view_el75_az105,pitcher_base,pitcher_base,1,39.6,1.0
stack4_scene0014,view_el75_az105,sponge,sugar_box,0,83.9,1.66
stack4_scene0014,view_el75_az105,rubiks_cube,rubiks_cube,1,21.0,1.1
stack4_scene0014,view_el75_az225,pitcher_base,pitcher_base,1,28.6,0.47
stack4_scene0014,view_el75_az225,sugar_box,sponge,0,134.8,2.29
stack4_scene0014,view_el75_az225,sugar_box,sugar_box,1,59.1,1.44
stack4_scene0014,view_el75_az225,sugar_box,sugar_box,1,53.6,1.42
stack4_scene0014,view_el75_az225,sugar_box,sugar_box,1,86.5,1.87
stack4_scene0014,view_el75_az225,sugar_box,sponge,0,86.0,1.81
stack4_scene0014,view_el75_az225,rubiks_cube,rubiks_cube,1,15.0,0.65
stack4_scene0014,view_el75_az225,sponge,sugar_box,0,91.7,2.06
stack4_scene0014,view_el75_az225,sponge,sugar_box,0,58.6,1.1
stack4_scene0014,view_el90,pitcher_base,pitcher_base,1,65.1,1.09
stack4_scene0014,view_el90,pitcher_base,pitcher_base,1,85.0,1.1
stack4_scene0014,view_el90,pitcher_base,pitcher_base,1,40.1,0.7
stack4_scene0014,view_el90,pitcher_base,pitcher_base,1,30.0,0.5
stack4_scene0014,view_el90,pitcher_base,pitcher_base,1,40.0,0.61
stack4_scene0014,view_el90,pitcher_base,pitcher_base,1,30.0,0.5
stack4_scene0014,view_el90,sugar_box,sponge,0,25.0,0.43
stack4_scene0014,view_el90,pitcher_base,pitcher_base,1,10.0,0.22
stack4_scene0014,view_el90,pitcher_base,pitcher_base,1,0.0,0.0
stack4_scene0015,view_el45_az135,tomato_soup_can,pudding_box,0,278.6,1.9
stack4_scene0015,view_el60_az180,tomato_soup_can,tomato_soup_can,1,31.3,0.45
stack4_scene0015,view_el60_az195,tomato_soup_can,padlock,0,271.1,8.87
stack4_scene0015,view_el90,tomato_soup_can,tomato_soup_can,1,130.1,2.26
stack4_scene0015,view_el90,padlock,padlock,1,0.0,0.0
stack4_scene0016,view_el30_az135,sugar_box,banana,0,147.2,4.12
stack4_scene0016,view_el30_az135,sugar_box,sugar_box,1,13.6,0.46
stack4_scene0016,view_el30_az195,sugar_box,sugar_box,1,42.6,1.59
stack4_scene0016,view_el30_az210,sugar_box,sugar_box,1,41.8,1.56
stack4_scene0016,view_el30_az240,sugar_box,sugar_box,1,45.0,1.51
stack4_scene0016,view_el45_az135,sugar_box,banana,0,168.1,3.6
stack4_scene0016,view_el45_az135,sugar_box,banana,0,151.6,3.53
stack4_scene0016,view_el45_az135,sugar_box,sugar_box,1,60.1,1.57
stack4_scene0016,view_el45_az135,sugar_box,sugar_box,1,24.7,0.78
stack4_scene0016,view_el45_az135,sugar_box,sugar_box,1,42.4,1.33
stack4_scene0016,view_el45_az135,cups,cups,1,17.2,0.98
stack4_scene0016,view_el45_az225,sugar_box,cups,0,140.5,3.21
stack4_scene0016,view_el45_az225,sugar_box,sugar_box,1,59.1,1.75
stack4_scene0016,view_el45_az225,sugar_box,sugar_box,1,62.8,1.97
stack4_scene0016,view_el45_az225,sugar_box,cups,0,165.5,6.26
stack4_scene0016,view_el45_az225,sugar_box,cups,0,106.0,3.36
stack4_scene0016,view_el60_az180,sugar_box,cups,0,132.6,3.16
stack4_scene0016,view_el60_az180,sugar_box,cups,0,111.5,2.37
stack4_scene0016,view_el60_az180,sugar_box,cups,0,142.3,5.46
stack4_scene0016,view_el60_az195,sugar_box,cups,0,139.5,3.52
stack4_scene0016,view_el60_az195,sugar_box,sugar_box,1,74.2,1.87
stack4_scene0016,view_el60_az195,sugar_box,sugar_box,1,74.9,1.93
stack4_scene0016,view_el60_az195,sugar_box,cups,0,151.8,6.17
stack4_scene0016,view_el60_az255,sugar_box,sugar_box,1,86.8,2.48
stack4_scene0016,view_el75_az225,sugar_box,sugar_box,1,85.6,2.38
stack4_scene0017,view_el30_az135,master_chef_can,foam_brick,0,20.8,0.69
stack4_scene0017,view_el30_az135,master_chef_can,foam_brick,0,38.3,1.25
stack4_scene0017,view_el30_az135,master_chef_can,master_chef_can,1,30.3,0.97
stack4_scene0017,view_el30_az135,foam_brick,master_chef_can,0,7.5,0.3
stack4_scene0017,view_el30_az135,cracker_box,cracker_box,1,57.3,1.33
stack4_scene0017,view_el30_az195,master_chef_can,cracker_box,0,127.7,2.76
stack4_scene0017,view_el30_az195,master_chef_can,foam_brick,0,39.2,1.09
stack4_scene0017,view_el30_az195,master_chef_can,cracker_box,0,155.3,4.04
stack4_scene0017,view_el30_az195,master_chef_can,cracker_box,0,123.8,3.18
stack4_scene0017,view_el30_az195,master_chef_can,cracker_box,0,130.5,4.66
stack4_scene0017,view_el30_az195,master_chef_can,cracker_box,0,149.4,5.09
stack4_scene0017,view_el30_az195,cracker_box,master_chef_can,0,124.1,2.73
stack4_scene0017,view_el30_az195,cracker_box,foam_brick,0,164.5,4.46
stack4_scene0017,view_el30_az195,cracker_box,master_chef_can,0,129.7,3.25
stack4_scene0017,view_el30_az195,cracker_box,cracker_box,1,4.2,0.03
stack4_scene0017,view_el30_az195,cracker_box,master_chef_can,0,153.3,3.02
stack4_scene0017,view_el30_az195,cracker_box,cracker_box,1,5.0,0.06
stack4_scene0017,view_el30_az195,cracker_box,cracker_box,1,11.4,0.1
stack4_scene0017,view_el30_az195,master_chef_can,foam_brick,0,40.4,1.18
stack4_scene0017,view_el30_az195,master_chef_can,cracker_box,0,151.6,4.05
stack4_scene0017,view_el30_az195,master_chef_can,master_chef_can,1,20.3,0.57
stack4_scene0017,view_el30_az195,foam_brick,cracker_box,0,160.5,5.44
stack4_scene0017,view_el30_az195,foam_brick,master_chef_can,0,11.1,0.28
stack4_scene0017,view_el30_az195,foam_brick,cracker_box,0,167.2,9.02
stack4_scene0017,view_el30_az195,foam_brick,cracker_box,0,186.2,9.34
stack4_scene0017,view_el30_az195,cracker_box,master_chef_can,0,180.9,4.22
stack4_scene0017,view_el30_az195,cracker_box,cracker_box,1,26.2,1.21
stack4_scene0017,view_el30_az210,cracker_box,master_chef_can,0,132.0,2.39
stack4_scene0017,view_el30_az210,cracker_box,master_chef_can,0,119.5,2.34
stack4_scene0017,view_el30_az210,cracker_box,foam_brick,0,158.6,3.68
stack4_scene0017,view_el30_az210,cracker_box,cracker_box,1,130.4,1.16
stack4_scene0017,view_el30_az210,cracker_box,master_chef_can,0,150.8,3.29
stack4_scene0017,view_el30_az210,master_chef_can,foam_brick,0,18.2,0.55
stack4_scene0017,view_el30_az210,master_chef_can,cracker_box,0,128.9,3.01
stack4_scene0017,view_el30_az210,master_chef_can,cracker_box,0,159.5,4.74
stack4_scene0017,view_el30_az210,master_chef_can,foam_brick,0,39.1,1.12
stack4_scene0017,view_el30_az210,master_chef_can,cracker_box,0,116.4,3.0
stack4_scene0017,view_el30_az210,master_chef_can,master_chef_can,1,28.1,0.81
stack4_scene0017,view_el30_az210,cracker_box,cracker_box,1,17.7,0.47
stack4_scene0017,view_el30_az210,foam_brick,cracker_box,0,155.5,5.07
stack4_scene0017,view_el30_az210,foam_brick,master_chef_can,0,7.8,0.27
stack4_scene0017,view_el30_az210,foam_brick,cracker_box,0,186.1,8.66
stack4_scene0017,view_el30_az210,cracker_box,master_chef_can,0,147.7,4.42
stack4_scene0017,view_el30_az240,master_chef_can,foam_brick,0,41.7,1.28
stack4_scene0017,view_el30_az240,master_chef_can,master_chef_can,1,34.0,1.1
stack4_scene0017,view_el30_az240,cracker_box,cracker_box,1,1.9,0.04
stack4_scene0017,view_el30_az240,cracker_box,cracker_box,1,3.2,0.11
stack4_scene0017,view_el30_az240,foam_brick,master_chef_can,0,10.9,0.53
stack4_scene0017,view_el30_az240,cracker_box,cracker_box,1,19.0,1.58
stack4_scene0017,view_el30_az240,cracker_box,cracker_box,1,27.1,1.76
stack4_scene0017,view_el45_az135,master_chef_can,foam_brick,0,51.1,1.32
stack4_scene0017,view_el45_az135,master_chef_can,master_chef_can,1,28.5,0.77
stack4_scene0017,view_el45_az135,foam_brick,master_chef_can,0,15.2,0.64
stack4_scene0017,view_el45_az135,cracker_box,cracker_box,1,54.3,0.97
stack4_scene0017,view_el45_az135,cracker_box,cracker_box,1,27.2,0.61
stack4_scene0017,view_el45_az225,master_chef_can,foam_brick,0,51.6,1.19
stack4_scene0017,view_el45_az225,master_chef_can,master_chef_can,1,46.6,1.07
stack4_scene0017,view_el45_az225,foam_brick,master_chef_can,0,14.1,0.53
stack4_scene0017,view_el45_az225,cracker_box,cracker_box,1,12.5,0.23
stack4_scene0017,view_el60_az180,cracker_box,cracker_box,1,61.0,1.32
stack4_scene0017,view_el60_az180,cracker_box,master_chef_can,0,28.2,0.29
stack4_scene0017,view_el60_az180,cracker_box,foam_brick,0,106.5,1.74
stack4_scene0017,view_el60_az180,master_chef_can,foam_brick,0,58.4,1.13
stack4_scene0017,view_el60_az180,master_chef_can,foam_brick,0,56.8,0.64
stack4_scene0017,view_el60_az180,foam_brick,master_chef_can,0,22.0,0.79
stack4_scene0017,view_el60_az180,cracker_box,cracker_box,1,36.5,0.6
stack4_scene0017,view_el60_az180,master_chef_can,master_chef_can,1,53.8,1.38
stack4_scene0017,view_el60_az180,master_chef_can,foam_brick,0,20.3,0.31
stack4_scene0017,view_el60_az195,cracker_box,master_chef_can,0,77.5,0.93
stack4_scene0017,view_el60_az195,cracker_box,foam_brick,0,103.6,1.73
stack4_scene0017,view_el60_az195,master_chef_can,foam_brick,0,57.4,1.15
stack4_scene0017,view_el60_az195,master_chef_can,foam_brick,0,57.4,1.13
stack4_scene0017,view_el60_az195,foam_brick,master_chef_can,0,21.1,0.8
stack4_scene0017,view_el60_az195,cracker_box,cracker_box,1,29.0,0.48
stack4_scene0017,view_el60_az195,master_chef_can,master_chef_can,1,55.0,1.47
stack4_scene0017,view_el60_az195,master_chef_can,foam_brick,0,21.8,0.77
stack4_scene0017,view_el60_az255,master_chef_can,foam_brick,0,50.1,0.97
stack4_scene0017,view_el60_az255,master_chef_can,foam_brick,0,45.7,0.51
stack4_scene0017,view_el60_az255,foam_brick,master_chef_can,0,17.4,0.64
stack4_scene0017,view_el60_az255,master_chef_can,master_chef_can,1,56.5,1.45
stack4_scene0017,view_el60_az255,cracker_box,cracker_box,1,51.8,1.02
stack4_scene0017,view_el60_az255,cracker_box,cracker_box,1,68.3,0.55
stack4_scene0017,view_el60_az255,master_chef_can,foam_brick,0,13.0,0.2
stack4_scene0017,view_el75_az105,foam_brick,master_chef_can,0,37.5,0.78
stack4_scene0017,view_el75_az105,master_chef_can,foam_brick,0,32.3,0.83
stack4_scene0017,view_el75_az105,cracker_box,cracker_box,1,5.1,0.1
stack4_scene0017,view_el75_az105,cracker_box,cracker_box,1,17.9,1.06
stack4_scene0017,view_el75_az225,foam_brick,foam_brick,1,37.3,1.07
stack4_scene0017,view_el75_az225,foam_brick,foam_brick,1,16.1,0.95
stack4_scene0017,view_el75_az225,cracker_box,cracker_box,1,35.2,0.57
stack4_scene0017,view_el90,cracker_box,cracker_box,1,25.0,0.67
stack4_scene0017,view_el90,cracker_box,cracker_box,1,5.0,0.12
stack4_scene0018,view_el30_az135,cracker_box,tomato_soup_can,0,97.4,2.32
stack4_scene0018,view_el30_az135,cracker_box,tomato_soup_can,0,106.8,2.74
stack4_scene0018,view_el30_az135,cracker_box,cracker_box,1,111.9,3.13
stack4_scene0018,view_el30_az135,tomato_soup_can,cracker_box,0,89.7,2.91
stack4_scene0018,view_el30_az135,tomato_soup_can,tuna_fish_can,0,36.7,1.67
stack4_scene0018,view_el30_az135,tomato_soup_can,cracker_box,0,122.2,2.61
stack4_scene0018,view_el30_az135,tomato_soup_can,cracker_box,0,99.1,3.56
stack4_scene0018,view_el30_az135,tomato_soup_can,tuna_fish_can,0,25.8,1.22
stack4_scene0018,view_el30_az135,tomato_soup_can,cracker_box,0,131.6,3.0
stack4_scene0018,view_el30_az135,cracker_box,cracker_box,1,32.6,0.79
stack4_scene0018,view_el30_az135,cracker_box,cracker_box,1,25.3,1.62
stack4_scene0018,view_el30_az195,cracker_box,cracker_box,1,12.3,0.32
stack4_scene0018,view_el30_az195,tomato_soup_can,tuna_fish_can,0,27.9,1.44
stack4_scene0018,view_el30_az195,tomato_soup_can,tuna_fish_can,0,19.5,1.11
stack4_scene0018,view_el30_az195,cracker_box,cracker_box,1,4.7,0.43
stack4_scene0018,view_el30_az210,cracker_box,cracker_box,1,1.8,0.04
stack4_scene0018,view_el30_az210,tomato_soup_can,tuna_fish_can,0,28.5,1.49
stack4_scene0018,view_el30_az210,foam_brick,foam_brick,1,3.6,0.17
stack4_scene0018,view_el30_az210,cracker_box,cracker_box,1,8.6,0.77
stack4_scene0018,view_el30_az210,cracker_box,cracker_box,1,8.3,0.83
stack4_scene0018,view_el30_az240,cracker_box,cracker_box,1,2.2,0.05
stack4_scene0018,view_el30_az240,cracker_box,cracker_box,1,12.8,0.37
stack4_scene0018,view_el30_az240,tomato_soup_can,tuna_fish_can,0,27.0,1.3
stack4_scene0018,view_el30_az240,cracker_box,cracker_box,1,19.1,1.57
stack4_scene0018,view_el30_az240,cracker_box,cracker_box,1,26.4,2.04
stack4_scene0018,view_el45_az135,cracker_box,tomato_soup_can,0,68.0,1.16
stack4_scene0018,view_el45_az135,cracker_box,tomato_soup_can,0,80.1,1.53
stack4_scene0018,view_el45_az135,cracker_box,tomato_soup_can,0,90.4,1.95
stack4_scene0018,view_el45_az135,cracker_box,tomato_soup_can,0,92.9,2.09
stack4_scene0018,view_el45_az135,tomato_soup_can,cracker_box,0,113.2,2.0
stack4_scene0018,view_el45_az135,tomato_soup_can,cracker_box,0,133.5,4.07
stack4_scene0018,view_el45_az135,tomato_soup_can,cracker_box,0,125.2,2.5
stack4_scene0018,view_el45_az135,tomato_soup_can,tuna_fish_can,0,46.1,1.84
stack4_scene0018,view_el45_az135,tomato_soup_can,cracker_box,0,145.6,5.5
stack4_scene0018,view_el45_az135,cracker_box,cracker_box,1,50.6,0.97
stack4_scene0018,view_el45_az135,cracker_box,tomato_soup_can,0,135.6,3.07
stack4_scene0018,view_el45_az225,cracker_box,cracker_box,1,13.7,0.26
stack4_scene0018,view_el45_az225,tomato_soup_can,tuna_fish_can,0,48.8,1.84
stack4_scene0018,view_el60_az180,tomato_soup_can,tuna_fish_can,0,67.8,2.37
stack4_scene0018,view_el60_az180,cracker_box,cracker_box,1,36.0,0.62
stack4_scene0018,view_el60_az180,tomato_soup_can,tuna_fish_can,0,52.0,1.82
stack4_scene0018,view_el60_az195,cracker_box,cracker_box,1,30.0,0.52
stack4_scene0018,view_el60_az195,tomato_soup_can,tuna_fish_can,0,69.9,2.45
stack4_scene0018,view_el60_az255,tomato_soup_can,tuna_fish_can,0,68.0,2.28
stack4_scene0018,view_el60_az255,cracker_box,cracker_box,1,23.0,0.46
stack4_scene0018,view_el60_az255,cracker_box,cracker_box,1,29.9,0.36
stack4_scene0018,view_el60_az255,foam_brick,foam_brick,1,8.1,0.38
stack4_scene0018,view_el75_az105,cracker_box,cracker_box,1,18.8,0.54
stack4_scene0018,view_el75_az105,cracker_box,cracker_box,1,33.1,0.97
stack4_scene0018,view_el75_az105,cracker_box,cracker_box,1,15.0,0.32
stack4_scene0018,view_el75_az105,cracker_box,cracker_box,1,27.5,0.8
stack4_scene0018,view_el75_az105,cracker_box,cracker_box,1,28.2,0.84
stack4_scene0018,view_el75_az225,cracker_box,cracker_box,1,31.3,0.54
stack4_scene0018,view_el75_az225,cracker_box,cracker_box,1,67.6,1.37
stack4_scene0018,view_el75_az225,cracker_box,cracker_box,1,39.6,1.23
stack4_scene0018,view_el90,cracker_box,cracker_box,1,0.1,0.0
stack4_scene0019,view_el30_az135,wood_block,medium_clamp,0,250.7,1.76
stack4_scene0019,view_el45_az135,wood_block,medium_clamp,0,246.7,6.29
stack4_scene0019,view_el45_az225,wood_block,wood_block,1,53.9,1.01
stack4_scene0019,view_el60_az180,wood_block,wood_block,1,25.5,0.35
stack4_scene0019,view_el60_az180,wood_block,wood_block,1,54.1,0.72
stack4_scene0019,view_el60_az180,wood_block,wood_block,1,24.6,0.32
stack4_scene0019,view_el60_az180,wood_block,wood_block,1,29.6,0.44
stack4_scene0019,view_el60_az195,wood_block,wood_block,1,52.7,0.82
stack4_scene0019,view_el60_az195,wood_block,wood_block,1,4.0,0.05
stack4_scene0019,view_el60_az195,wood_block,wood_block,1,48.6,0.75
stack4_scene0019,view_el60_az255,wood_block,wood_block,1,61.2,0.86
stack4_scene0019,view_el75_az225,wood_block,wood_block,1,48.6,0.75
stack4_scene0020,view_el30_az135,cups,cups,1,8.6,0.37
stack4_scene0020,view_el30_az195,potted_meat_can,cups,0,127.3,6.01
stack4_scene0020,view_el30_az195,potted_meat_can,cups,0,131.8,6.22
stack4_scene0020,view_el30_az195,cups,potted_meat_can,0,132.3,5.31
stack4_scene0020,view_el30_az195,potted_meat_can,potted_meat_can,1,6.7,0.26
stack4_scene0020,view_el30_az195,cups,potted_meat_can,0,136.8,5.48
stack4_scene0020,view_el30_az195,cups,cups,1,11.7,0.62
stack4_scene0020,view_el30_az210,potted_meat_can,cups,0,129.3,5.43
stack4_scene0020,view_el30_az210,cups,potted_meat_can,0,136.4,5.24
stack4_scene0020,view_el30_az210,golf_ball,golf_ball,1,0.8,0.06
stack4_scene0020,view_el30_az240,potted_meat_can,cups,0,117.9,4.54
stack4_scene0020,view_el30_az240,cups,potted_meat_can,0,126.4,5.32
stack4_scene0020,view_el30_az240,golf_ball,golf_ball,1,2.1,0.14
stack4_scene0020,view_el45_az225,potted_meat_can,cups,0,110.4,3.93
stack4_scene0020,view_el45_az225,potted_meat_can,cups,0,116.2,4.23
stack4_scene0020,view_el45_az225,cups,potted_meat_can,0,118.9,5.12
stack4_scene0020,view_el45_az225,potted_meat_can,cups,0,124.7,5.52
stack4_scene0020,view_el45_az225,potted_meat_can,potted_meat_can,1,21.4,1.02
stack4_scene0020,view_el45_az225,cups,cups,1,8.7,0.4
stack4_scene0020,view_el45_az225,cups,cups,1,16.2,0.81
stack4_scene0020,view_el45_az225,golf_ball,golf_ball,1,6.0,0.5
stack4_scene0020,view_el60_az180,potted_meat_can,potted_meat_can,1,18.5,0.71
stack4_scene0020,view_el60_az180,cups,cups,1,27.8,1.25
stack4_scene0020,view_el60_az195,potted_meat_can,potted_meat_can,1,20.6,0.83
stack4_scene0020,view_el60_az195,cups,cups,1,6.0,0.45
stack4_scene0020,view_el60_az255,potted_meat_can,potted_meat_can,1,30.1,1.36
stack4_scene0020,view_el60_az255,cups,cups,1,13.7,1.17
stack4_scene0020,view_el60_az255,golf_ball,golf_ball,1,6.4,0.61
stack4_scene0020,view_el75_az105,cups,cups,1,6.9,0.74
stack4_scene0020,view_el75_az225,cups,cups,1,6.4,0.52
stack5_scene0001,view_el30_az135,cracker_box,master_chef_can,0,167.2,3.4
stack5_scene0001,view_el30_az135,cracker_box,master_chef_can,0,149.2,3.74
stack5_scene0001,view_el30_az135,cracker_box,cracker_box,1,55.9,1.51
stack5_scene0001,view_el30_az135,cracker_box,master_chef_can,0,128.3,3.74
stack5_scene0001,view_el30_az135,cracker_box,cracker_box,1,44.8,0.69
stack5_scene0001,view_el30_az135,cracker_box,cracker_box,1,17.0,0.43
stack5_scene0001,view_el30_az135,cracker_box,cracker_box,1,15.0,1.2
stack5_scene0001,view_el30_az135,flat_screwdriver,flat_screwdriver,1,31.7,1.88
stack5_scene0001,view_el30_az135,flat_screwdriver,flat_screwdriver,1,60.8,3.19
stack5_scene0001,view_el30_az195,cracker_box,flat_screwdriver,0,278.5,7.72
stack5_scene0001,view_el30_az195,cracker_box,cracker_box,1,7.0,0.17
stack5_scene0001,view_el30_az195,cracker_box,cracker_box,1,3.3,0.67
stack5_scene0001,view_el30_az210,cracker_box,flat_screwdriver,0,233.3,6.56
stack5_scene0001,view_el30_az210,cracker_box,apple,0,195.1,4.92
stack5_scene0001,view_el30_az210,master_chef_can,flat_screwdriver,0,240.8,8.54
stack5_scene0001,view_el30_az210,master_chef_can,master_chef_can,1,30.7,0.87
stack5_scene0001,view_el30_az210,master_chef_can,flat_screwdriver,0,234.1,8.99
stack5_scene0001,view_el30_az210,cracker_box,cracker_box,1,8.8,0.22
stack5_scene0001,view_el30_az210,cracker_box,apple,0,182.9,6.69
stack5_scene0001,view_el30_az240,master_chef_can,flat_screwdriver,0,219.8,1.57
stack5_scene0001,view_el30_az240,master_chef_can,master_chef_can,1,23.2,0.54
stack5_scene0001,view_el30_az240,master_chef_can,flat_screwdriver,0,5.6,0.17
stack5_scene0001,view_el30_az240,cracker_box,cracker_box,1,6.2,0.14
stack5_scene0001,view_el30_az240,cracker_box,cracker_box,1,32.5,0.9
stack5_scene0001,view_el30_az240,cracker_box,cracker_box,1,10.0,0.36
stack5_scene0001,view_el30_az240,cracker_box,cracker_box,1,18.5,0.64
stack5_scene0001,view_el30_az240,cracker_box,cracker_box,1,24.6,1.26
stack5_scene0001,view_el45_az135,cracker_box,master_chef_can,0,157.4,2.46
stack5_scene0001,view_el45_az135,cracker_box,master_chef_can,0,191.5,3.03
stack5_scene0001,view_el45_az135,cracker_box,master_chef_can,0,144.6,3.07
stack5_scene0001,view_el45_az135,cracker_box,cracker_box,1,60.0,1.48
stack5_scene0001,view_el45_az135,cracker_box,master_chef_can,0,93.5,2.33
stack5_scene0001,view_el45_az135,cracker_box,master_chef_can,0,107.7,2.46
stack5_scene0001,view_el45_az135,cracker_box,cracker_box,1,48.5,0.6
stack5_scene0001,view_el45_az135,master_chef_can,cracker_box,0,144.3,4.69
stack5_scene0001,view_el45_az135,flat_screwdriver,flat_screwdriver,1,61.5,1.96
stack5_scene0001,view_el45_az135,master_chef_can,master_chef_can,1,23.9,0.68
stack5_scene0001,view_el45_az135,master_chef_can,cracker_box,0,134.1,6.25
stack5_scene0001,view_el45_az225,master_chef_can,flat_screwdriver,0,221.6,6.32
stack5_scene0001,view_el45_az225,master_chef_can,flat_screwdriver,0,220.1,6.57
stack5_scene0001,view_el45_az225,master_chef_can,master_chef_can,1,30.1,0.65
stack5_scene0001,view_el45_az225,master_chef_can,flat_screwdriver,0,237.8,8.25
stack5_scene0001,view_el45_az225,master_chef_can,flat_screwdriver,0,236.3,8.66
stack5_scene0001,view_el45_az225,cracker_box,cracker_box,1,8.2,0.18
stack5_scene0001,view_el45_az225,cracker_box,cracker_box,1,1.0,0.03
stack5_scene0001,view_el45_az225,cracker_box,cracker_box,1,26.6,1.51
stack5_scene0001,view_el45_az225,cracker_box,cracker_box,1,35.4,1.5
stack5_scene0001,view_el60_az180,master_chef_can,master_chef_can,1,41.8,0.97
stack5_scene0001,view_el60_az180,cracker_box,cracker_box,1,29.2,0.51
stack5_scene0001,view_el60_az195,cracker_box,cracker_box,1,102.9,0.55
stack5_scene0001,view_el60_az195,cracker_box,flat_screwdriver,0,217.6,3.74
stack5_scene0001,view_el60_az195,cracker_box,apple,0,170.7,3.13
stack5_scene0001,view_el60_az195,cracker_box,flat_screwdriver,0,228.7,3.85
stack5_scene0001,view_el60_az195,cracker_box,flat_screwdriver,0,211.9,1.11
stack5_scene0001,view_el60_az195,cracker_box,apple,0,157.7,2.84
stack5_scene0001,view_el60_az195,cracker_box,flat_screwdriver,0,213.7,1.14
stack5_scene0001,view_el60_az195,cracker_box,apple,0,153.8,2.76
stack5_scene0001,view_el60_az195,master_chef_can,master_chef_can,1,41.2,0.95
stack5_scene0001,view_el60_az195,cracker_box,cracker_box,1,25.2,0.46
stack5_scene0001,view_el60_az255,master_chef_can,master_chef_can,1,43.2,0.9
stack5_scene0001,view_el60_az255,cracker_box,cracker_box,1,37.4,2.12
stack5_scene0001,view_el60_az255,cracker_box,cracker_box,1,40.3,1.81
stack5_scene0001,view_el75_az105,cracker_box,master_chef_can,0,116.4,2.36
stack5_scene0001,view_el75_az105,cracker_box,master_chef_can,0,148.7,2.82
stack5_scene0001,view_el75_az105,master_chef_can,master_chef_can,1,40.4,1.08
stack5_scene0001,view_el75_az105,flat_screwdriver,flat_screwdriver,1,9.8,0.94
stack5_scene0001,view_el75_az105,flat_screwdriver,flat_screwdriver,1,4.9,0.51
stack5_scene0001,view_el75_az225,cracker_box,apple,0,187.5,4.57
stack5_scene0001,view_el75_az225,cracker_box,apple,0,177.9,4.77
stack5_scene0001,view_el75_az225,cracker_box,apple,0,188.2,3.52
stack5_scene0001,view_el75_az225,master_chef_can,master_chef_can,1,58.4,1.47
stack5_scene0001,view_el75_az225,apple,apple,1,19.6,1.29
stack5_scene0001,view_el75_az225,flat_screwdriver,flat_screwdriver,1,2.1,0.31
stack5_scene0001,view_el90,master_chef_can,master_chef_can,1,60.1,1.85
stack5_scene0001,view_el90,apple,apple,1,20.0,1.6
stack5_scene0001,view_el90,flat_screwdriver,flat_screwdriver,1,5.1,0.67
stack5_scene0001,view_el90,flat_screwdriver,flat_screwdriver,1,15.1,2.01
stack5_scene0002,view_el30_az135,master_chef_can,master_chef_can,1,29.7,1.06
stack5_scene0002,view_el30_az135,cups,cups,1,3.4,0.14
stack5_scene0002,view_el30_az135,bleach_cleanser,bleach_cleanser,1,5.8,0.23
stack5_scene0002,view_el30_az135,fork,fork,1,67.4,2.5
stack5_scene0002,view_el30_az195,master_chef_can,master_chef_can,1,28.3,0.92
stack5_scene0002,view_el30_az195,cups,cups,1,7.2,0.27
stack5_scene0002,view_el30_az195,fork,fork,1,93.1,2.33
stack5_scene0002,view_el30_az210,fork,fork,1,80.7,2.22
stack5_scene0002,view_el30_az240,master_chef_can,bleach_cleanser,0,132.1,3.08
stack5_scene0002,view_el30_az240,master_chef_can,bleach_cleanser,0,141.3,4.0
stack5_scene0002,view_el30_az240,bleach_cleanser,master_chef_can,0,157.0,4.43
stack5_scene0002,view_el30_az240,bleach_cleanser,master_chef_can,0,166.2,5.96
stack5_scene0002,view_el30_az240,fork,fork,1,27.8,2.21
stack5_scene0002,view_el30_az240,fork,fork,1,23.8,2.04
stack5_scene0002,view_el30_az240,fork,fork,1,23.2,1.99
stack5_scene0002,view_el45_az135,master_chef_can,master_chef_can,1,37.6,1.11
stack5_scene0002,view_el45_az135,bleach_cleanser,bleach_cleanser,1,11.2,0.34
stack5_scene0002,view_el45_az135,cups,cups,1,3.3,0.13
stack5_scene0002,view_el45_az135,cups,cups,1,20.0,1.08
stack5_scene0002,view_el45_az135,cups,cups,1,16.2,0.91
stack5_scene0002,view_el45_az135,fork,fork,1,52.9,2.3
stack5_scene0002,view_el45_az225,master_chef_can,master_chef_can,1,37.4,0.93
stack5_scene0002,view_el45_az225,fork,fork,1,52.5,2.1
stack5_scene0002,view_el60_az180,bleach_cleanser,bleach_cleanser,1,83.2,1.51
stack5_scene0002,view_el60_az180,bleach_cleanser,bleach_cleanser,1,19.2,0.27
stack5_scene0002,view_el60_az180,master_chef_can,master_chef_can,1,43.8,1.08
stack5_scene0002,view_el60_az180,fork,fork,1,55.0,2.23
stack5_scene0002,view_el60_az180,bleach_cleanser,bleach_cleanser,1,28.3,1.07
stack5_scene0002,view_el60_az180,bleach_cleanser,bleach_cleanser,1,14.8,0.68
stack5_scene0002,view_el60_az195,bleach_cleanser,bleach_cleanser,1,21.0,0.3
stack5_scene0002,view_el60_az195,bleach_cleanser,bleach_cleanser,1,77.1,1.47
stack5_scene0002,view_el60_az195,master_chef_can,master_chef_can,1,43.0,1.06
stack5_scene0002,view_el60_az195,fork,fork,1,52.7,2.18
stack5_scene0002,view_el60_az195,bleach_cleanser,bleach_cleanser,1,13.6,0.71
stack5_scene0002,view_el60_az195,cups,cups,1,28.5,1.45
stack5_scene0002,view_el60_az255,bleach_cleanser,master_chef_can,0,77.4,1.03
stack5_scene0002,view_el60_az255,bleach_cleanser,master_chef_can,0,90.8,1.51
stack5_scene0002,view_el60_az255,master_chef_can,master_chef_can,1,42.7,0.97
stack5_scene0002,view_el60_az255,fork,fork,1,12.4,1.56
stack5_scene0002,view_el60_az255,fork,fork,1,6.6,1.35
stack5_scene0002,view_el75_az105,master_chef_can,master_chef_can,1,50.9,1.34
stack5_scene0002,view_el75_az105,bleach_cleanser,bleach_cleanser,1,78.9,1.02
stack5_scene0002,view_el75_az105,cups,cups,1,8.2,0.55
stack5_scene0002,view_el75_az225,bleach_cleanser,bleach_cleanser,1,16.1,0.2
stack5_scene0002,view_el75_az225,bleach_cleanser,bleach_cleanser,1,90.2,1.36
stack5_scene0002,view_el75_az225,bleach_cleanser,bleach_cleanser,1,20.9,0.27
stack5_scene0002,view_el75_az225,bleach_cleanser,bleach_cleanser,1,85.3,1.33
stack5_scene0002,view_el75_az225,bleach_cleanser,bleach_cleanser,1,18.4,0.55
stack5_scene0002,view_el75_az225,bleach_cleanser,bleach_cleanser,1,18.6,0.65
stack5_scene0002,view_el75_az225,fork,fork,1,19.2,1.91
stack5_scene0002,view_el75_az225,cups,cups,1,22.3,0.99
stack5_scene0002,view_el90,bleach_cleanser,bleach_cleanser,1,75.0,0.88
stack5_scene0002,view_el90,bleach_cleanser,bleach_cleanser,1,35.0,0.58
stack5_scene0002,view_el90,fork,fork,1,5.0,1.99
stack5_scene0004,view_el30_az135,sugar_box,large_clamp,0,160.0,1.3
stack5_scene0004,view_el30_az135,sugar_box,large_clamp,0,175.6,3.84
stack5_scene0004,view_el30_az135,sugar_box,sugar_box,1,43.4,1.32
stack5_scene0004,view_el30_az135,sugar_box,large_clamp,0,144.4,1.25
stack5_scene0004,view_el30_az135,sugar_box,large_clamp,0,160.0,4.26
stack5_scene0004,view_el30_az135,sugar_box,large_clamp,0,187.2,1.61
stack5_scene0004,view_el30_az135,sugar_box,sugar_box,1,14.7,0.55
stack5_scene0004,view_el30_az135,large_clamp,sugar_box,0,172.5,1.58
stack5_scene0004,view_el30_az135,large_clamp,sugar_box,0,188.1,6.01
stack5_scene0004,view_el30_az195,sugar_box,large_clamp,0,166.1,5.31
stack5_scene0004,view_el30_az195,sugar_box,sugar_box,1,41.8,1.57
stack5_scene0004,view_el30_az195,sugar_box,large_clamp,0,148.3,6.2
stack5_scene0004,view_el30_az210,sugar_box,large_clamp,0,140.4,4.5
stack5_scene0004,view_el30_az210,apple,strawberry,0,117.9,7.1
stack5_scene0004,view_el30_az210,sugar_box,sugar_box,1,44.1,1.54
stack5_scene0004,view_el30_az210,sugar_box,large_clamp,0,121.7,5.06
stack5_scene0004,view_el30_az240,apple,strawberry,0,129.8,6.14
stack5_scene0004,view_el30_az240,sugar_box,sugar_box,1,43.7,1.42
stack5_scene0004,view_el45_az135,sugar_box,large_clamp,0,179.2,3.53
stack5_scene0004,view_el45_az135,sugar_box,sugar_box,1,60.7,1.66
stack5_scene0004,view_el45_az135,sugar_box,large_clamp,0,209.6,6.23
stack5_scene0004,view_el45_az135,sugar_box,sugar_box,1,26.4,0.89
stack5_scene0004,view_el45_az225,apple,strawberry,0,119.3,7.19
stack5_scene0004,view_el45_az225,sugar_box,sugar_box,1,60.9,1.71
stack5_scene0004,view_el45_az225,sugar_box,sugar_box,1,64.9,1.93
stack5_scene0004,view_el45_az225,large_clamp,large_clamp,1,21.7,0.56
stack5_scene0004,view_el60_az180,sugar_box,sugar_box,1,193.8,4.02
stack5_scene0004,view_el60_az180,sugar_box,sugar_box,1,114.9,1.48
stack5_scene0004,view_el60_az180,sugar_box,large_clamp,0,172.5,3.02
stack5_scene0004,view_el60_az180,sugar_box,large_clamp,0,174.8,3.13
stack5_scene0004,view_el60_az180,sugar_box,large_clamp,0,202.8,5.5
stack5_scene0004,view_el60_az180,sugar_box,large_clamp,0,205.1,5.75
stack5_scene0004,view_el60_az180,sugar_box,sugar_box,1,73.6,1.82
stack5_scene0004,view_el60_az195,sugar_box,large_clamp,0,162.1,2.94
stack5_scene0004,view_el60_az195,sugar_box,large_clamp,0,190.6,5.64
stack5_scene0004,view_el60_az195,sugar_box,sugar_box,1,72.8,1.84
stack5_scene0004,view_el60_az195,sugar_box,sugar_box,1,74.6,1.92
stack5_scene0004,view_el60_az255,sugar_box,sugar_box,1,82.0,2.32
stack5_scene0004,view_el75_az225,large_clamp,large_clamp,1,18.3,1.07
stack5_scene0004,view_el90,large_clamp,large_clamp,1,5.0,1.96
stack5_scene0004,view_el90,large_clamp,large_clamp,1,14.9,2.96
stack5_scene0005,view_el30_az135,pudding_box,tuna_fish_can,0,10.8,0.48
stack5_scene0005,view_el30_az135,pudding_box,tuna_fish_can,0,13.3,0.96
stack5_scene0005,view_el30_az135,tuna_fish_can,cups,0,142.8,6.71
stack5_scene0005,view_el30_az135,tuna_fish_can,cups,0,145.3,6.74
stack5_scene0005,view_el30_az135,cups,cups,1,2.9,0.14
stack5_scene0005,view_el30_az135,cups,tuna_fish_can,0,139.4,5.96
stack5_scene0005,view_el30_az135,tuna_fish_can,tuna_fish_can,1,5.9,0.29
stack5_scene0005,view_el30_az135,tuna_fish_can,cups,0,141.9,6.0
stack5_scene0005,view_el30_az135,cups,cups,1,5.3,0.33
stack5_scene0005,view_el30_az135,rubiks_cube,rubiks_cube,1,4.7,0.16
stack5_scene0005,view_el30_az135,rubiks_cube,rubiks_cube,1,13.4,0.74
stack5_scene0005,view_el30_az135,rubiks_cube,rubiks_cube,1,9.7,0.25
stack5_scene0005,view_el30_az135,rubiks_cube,rubiks_cube,1,3.1,0.49
stack5_scene0005,view_el30_az135,rubiks_cube,rubiks_cube,1,5.6,0.85
stack5_scene0005,view_el30_az135,rubiks_cube,rubiks_cube,1,6.9,0.23
stack5_scene0005,view_el30_az135,rubiks_cube,rubiks_cube,1,10.0,2.0
stack5_scene0005,view_el30_az135,rubiks_cube,rubiks_cube,1,7.5,0.67
stack5_scene0005,view_el30_az135,rubiks_cube,rubiks_cube,1,7.5,1.15
stack5_scene0005,view_el30_az135,rubiks_cube,rubiks_cube,1,7.5,0.33
stack5_scene0005,view_el30_az135,rubiks_cube,rubiks_cube,1,5.0,0.11
stack5_scene0005,view_el30_az135,rubiks_cube,rubiks_cube,1,3.6,0.1
stack5_scene0005,view_el30_az135,rubiks_cube,rubiks_cube,1,10.6,1.62
stack5_scene0005,view_el30_az135,rubiks_cube,rubiks_cube,1,5.6,1.05
stack5_scene0005,view_el30_az135,rubiks_cube,rubiks_cube,1,6.1,1.22
stack5_scene0005,view_el30_az195,rubiks_cube,pudding_box,0,110.6,6.25
stack5_scene0005,view_el30_az195,tuna_fish_can,pudding_box,0,1.3,0.07
stack5_scene0005,view_el30_az195,tuna_fish_can,cups,0,151.6,6.22
stack5_scene0005,view_el30_az195,tuna_fish_can,pudding_box,0,7.0,0.41
stack5_scene0005,view_el30_az195,pudding_box,rubiks_cube,0,112.0,5.18
stack5_scene0005,view_el30_az195,pudding_box,tuna_fish_can,0,6.7,0.41
stack5_scene0005,view_el30_az195,rubiks_cube,rubiks_cube,1,7.0,0.4
stack5_scene0005,view_el30_az195,rubiks_cube,rubiks_cube,1,5.0,0.29
stack5_scene0005,view_el30_az195,rubiks_cube,rubiks_cube,1,0.6,0.02
stack5_scene0005,view_el30_az195,cups,tuna_fish_can,0,144.3,5.82
stack5_scene0005,view_el30_az195,tuna_fish_can,tuna_fish_can,1,13.1,0.56
stack5_scene0005,view_el30_az195,cups,cups,1,13.9,0.67
stack5_scene0005,view_el30_az195,tuna_fish_can,pudding_box,0,1.1,0.09
stack5_scene0005,view_el30_az195,rubiks_cube,rubiks_cube,1,3.9,0.5
stack5_scene0005,view_el30_az195,rubiks_cube,rubiks_cube,1,6.7,0.47
stack5_scene0005,view_el30_az195,rubiks_cube,rubiks_cube,1,2.0,0.35
stack5_scene0005,view_el30_az195,rubiks_cube,rubiks_cube,1,9.2,1.57
stack5_scene0005,view_el30_az195,rubiks_cube,rubiks_cube,1,8.6,1.63
stack5_scene0005,view_el30_az195,rubiks_cube,rubiks_cube,1,5.6,0.53
stack5_scene0005,view_el30_az195,rubiks_cube,rubiks_cube,1,2.8,0.16
stack5_scene0005,view_el30_az195,rubiks_cube,rubiks_cube,1,1.4,0.25
stack5_scene0005,view_el30_az195,rubiks_cube,rubiks_cube,1,5.8,0.54
stack5_scene0005,view_el30_az210,tuna_fish_can,rubiks_cube,0,122.6,6.76
stack5_scene0005,view_el30_az210,tuna_fish_can,rubiks_cube,0,123.9,5.71
stack5_scene0005,view_el30_az210,tuna_fish_can,cups,0,154.6,8.37
stack5_scene0005,view_el30_az210,tuna_fish_can,cups,0,156.7,9.04
stack5_scene0005,view_el30_az210,rubiks_cube,pudding_box,0,121.8,8.43
stack5_scene0005,view_el30_az210,tuna_fish_can,pudding_box,0,1.9,0.1
stack5_scene0005,view_el30_az210,tuna_fish_can,cups,0,153.5,6.4
stack5_scene0005,view_el30_az210,tuna_fish_can,cups,0,155.5,6.81
stack5_scene0005,view_el30_az210,tuna_fish_can,pudding_box,0,6.3,0.36
stack5_scene0005,view_el30_az210,rubiks_cube,pudding_box,0,123.1,6.83
stack5_scene0005,view_el30_az210,rubiks_cube,rubiks_cube,1,0.3,0.02
stack5_scene0005,view_el30_az210,rubiks_cube,rubiks_cube,1,3.0,0.2
stack5_scene0005,view_el30_az210,rubiks_cube,rubiks_cube,1,2.8,0.18
stack5_scene0005,view_el30_az210,cups,cups,1,5.3,0.28
stack5_scene0005,view_el30_az210,rubiks_cube,rubiks_cube,1,3.3,0.64
stack5_scene0005,view_el30_az210,rubiks_cube,rubiks_cube,1,9.1,1.33
stack5_scene0005,view_el30_az210,rubiks_cube,rubiks_cube,1,0.1,0.02
stack5_scene0005,view_el30_az210,rubiks_cube,rubiks_cube,1,9.7,2.39
stack5_scene0005,view_el30_az210,rubiks_cube,rubiks_cube,1,6.8,1.18
stack5_scene0005,view_el30_az210,rubiks_cube,rubiks_cube,1,2.7,0.56
stack5_scene0005,view_el30_az210,rubiks_cube,rubiks_cube,1,2.7,0.48
stack5_scene0005,view_el30_az240,pudding_box,tuna_fish_can,0,9.0,0.36
stack5_scene0005,view_el30_az240,pudding_box,tuna_fish_can,0,13.3,0.57
stack5_scene0005,view_el30_az240,tuna_fish_can,pudding_box,0,0.1,0.0
stack5_scene0005,view_el30_az240,rubiks_cube,rubiks_cube,1,9.4,0.52
stack5_scene0005,view_el30_az240,cups,cups,1,13.4,0.75
stack5_scene0005,view_el30_az240,tuna_fish_can,tuna_fish_can,1,8.3,0.37
stack5_scene0005,view_el30_az240,tuna_fish_can,pudding_box,0,4.3,0.26
stack5_scene0005,view_el45_az135,tuna_fish_can,pudding_box,0,14.3,0.65
stack5_scene0005,view_el45_az135,tuna_fish_can,pudding_box,0,6.8,0.34
stack5_scene0005,view_el45_az135,pudding_box,tuna_fish_can,0,9.7,0.41
stack5_scene0005,view_el45_az135,pudding_box,tuna_fish_can,0,18.1,1.4
stack5_scene0005,view_el45_az135,tuna_fish_can,tuna_fish_can,1,8.3,0.42
stack5_scene0005,view_el45_az135,cups,cups,1,7.7,0.36
stack5_scene0005,view_el45_az135,cups,cups,1,8.7,0.4
stack5_scene0005,view_el45_az135,rubiks_cube,rubiks_cube,1,2.2,0.12
stack5_scene0005,view_el45_az135,rubiks_cube,rubiks_cube,1,5.9,0.48
stack5_scene0005,view_el45_az135,rubiks_cube,rubiks_cube,1,9.4,0.72
stack5_scene0005,view_el45_az135,cups,cups,1,12.3,0.62
stack5_scene0005,view_el45_az135,cups,cups,1,15.8,0.77
stack5_scene0005,view_el45_az135,tuna_fish_can,pudding_box,0,10.6,0.96
stack5_scene0005,view_el45_az135,rubiks_cube,rubiks_cube,1,3.5,0.67
stack5_scene0005,view_el45_az135,rubiks_cube,rubiks_cube,1,10.6,1.76
stack5_scene0005,view_el45_az135,rubiks_cube,rubiks_cube,1,10.6,1.5
stack5_scene0005,view_el45_az135,rubiks_cube,rubiks_cube,1,14.1,1.81
stack5_scene0005,view_el45_az135,rubiks_cube,rubiks_cube,1,5.0,0.6
stack5_scene0005,view_el45_az135,rubiks_cube,rubiks_cube,1,5.0,0.64
stack5_scene0005,view_el45_az225,tuna_fish_can,pudding_box,0,9.9,0.41
stack5_scene0005,view_el45_az225,tuna_fish_can,pudding_box,0,1.2,0.06
stack5_scene0005,view_el45_az225,pudding_box,tuna_fish_can,0,5.0,0.19
stack5_scene0005,view_el45_az225,pudding_box,tuna_fish_can,0,18.3,1.05
stack5_scene0005,view_el45_az225,tuna_fish_can,tuna_fish_can,1,13.4,0.56
stack5_scene0005,view_el45_az225,tuna_fish_can,pudding_box,0,9.6,0.73
stack5_scene0005,view_el60_az180,tuna_fish_can,pudding_box,0,12.8,0.68
stack5_scene0005,view_el60_az180,tuna_fish_can,pudding_box,0,3.5,0.21
stack5_scene0005,view_el60_az180,tuna_fish_can,tuna_fish_can,1,4.8,0.31
stack5_scene0005,view_el60_az180,pudding_box,tuna_fish_can,0,24.2,1.77
stack5_scene0005,view_el60_az180,cups,cups,1,20.3,0.79
stack5_scene0005,view_el60_az180,cups,cups,1,22.1,0.9
stack5_scene0005,view_el60_az180,pudding_box,tuna_fish_can,0,12.3,0.87
stack5_scene0005,view_el60_az195,tuna_fish_can,pudding_box,0,10.2,0.57
stack5_scene0005,view_el60_az195,tuna_fish_can,tuna_fish_can,1,5.8,0.41
stack5_scene0005,view_el60_az195,tuna_fish_can,pudding_box,0,2.4,0.15
stack5_scene0005,view_el60_az195,pudding_box,tuna_fish_can,0,28.0,2.13
stack5_scene0005,view_el60_az195,tuna_fish_can,pudding_box,0,11.1,0.92
stack5_scene0005,view_el60_az255,tuna_fish_can,pudding_box,0,21.3,1.01
stack5_scene0005,view_el60_az255,tuna_fish_can,pudding_box,0,18.9,0.87
stack5_scene0005,view_el60_az255,pudding_box,tuna_fish_can,0,16.0,0.76
stack5_scene0005,view_el60_az255,pudding_box,tuna_fish_can,0,22.5,1.34
stack5_scene0005,view_el60_az255,pudding_box,tuna_fish_can,0,20.5,1.17
stack5_scene0005,view_el60_az255,cups,cups,1,29.5,1.3
stack5_scene0005,view_el75_az105,rubiks_cube,rubiks_cube,1,28.1,2.06
stack5_scene0005,view_el75_az105,rubiks_cube,rubiks_cube,1,13.5,0.92
stack5_scene0005,view_el75_az105,cups,cups,1,1.4,0.15
stack5_scene0005,view_el75_az105,rubiks_cube,rubiks_cube,1,12.5,0.62
stack5_scene0005,view_el75_az225,tuna_fish_can,pudding_box,0,21.0,1.24
stack5_scene0005,view_el75_az225,cups,cups,1,25.8,1.21
stack5_scene0005,view_el75_az225,cups,cups,1,5.5,0.43
stack5_scene0006,view_el30_az135,sugar_box,tennis_ball,0,119.9,3.83
stack5_scene0006,view_el30_az135,sugar_box,sugar_box,1,18.6,0.74
stack5_scene0006,view_el30_az135,extra_large_clamp,extra_large_clamp,1,51.8,1.8
stack5_scene0006,view_el30_az195,sugar_box,tennis_ball,0,153.0,5.7
stack5_scene0006,view_el30_az195,sugar_box,tennis_ball,0,136.3,4.08
stack5_scene0006,view_el30_az195,sugar_box,sugar_box,1,41.5,1.5
stack5_scene0006,view_el30_az195,sugar_box,tennis_ball,0,158.3,7.11
stack5_scene0006,view_el30_az210,sugar_box,tennis_ball,0,118.8,3.8
stack5_scene0006,view_el30_az210,sugar_box,sugar_box,1,41.4,1.4
stack5_scene0006,view_el30_az210,sugar_box,tennis_ball,0,102.7,4.05
stack5_scene0006,view_el30_az240,bowl,sugar_box,0,134.4,2.57
stack5_scene0006,view_el30_az240,bowl,sugar_box,0,152.5,3.44
stack5_scene0006,view_el30_az240,bowl,sugar_box,0,150.0,4.1
stack5_scene0006,view_el30_az240,sugar_box,sugar_box,1,39.8,1.23
stack5_scene0006,view_el30_az240,sugar_box,sugar_box,1,50.4,1.56
stack5_scene0006,view_el45_az135,sugar_box,tennis_ball,0,123.8,3.02
stack5_scene0006,view_el45_az135,sugar_box,sugar_box,1,61.7,1.71
stack5_scene0006,view_el45_az135,sugar_box,sugar_box,1,31.7,1.02
stack5_scene0006,view_el45_az135,sugar_box,tennis_ball,0,151.1,6.16
stack5_scene0006,view_el45_az135,sugar_box,sugar_box,1,32.2,1.1
stack5_scene0006,view_el45_az225,sugar_box,sugar_box,1,57.2,1.66
stack5_scene0006,view_el45_az225,sugar_box,sugar_box,1,61.2,1.74
stack5_scene0006,view_el45_az225,extra_large_clamp,extra_large_clamp,1,15.4,0.35
stack5_scene0006,view_el60_az180,sugar_box,tennis_ball,0,127.6,2.75
stack5_scene0006,view_el60_az180,sugar_box,sugar_box,1,75.4,1.81
stack5_scene0006,view_el60_az180,sugar_box,tennis_ball,0,158.0,6.3
stack5_scene0006,view_el60_az180,extra_large_clamp,extra_large_clamp,1,5.5,0.21
stack5_scene0006,view_el60_az195,sugar_box,tennis_ball,0,141.5,2.6
stack5_scene0006,view_el60_az195,sugar_box,tennis_ball,0,112.2,2.25
stack5_scene0006,view_el60_az195,sugar_box,tennis_ball,0,121.0,2.6
stack5_scene0006,view_el60_az195,sugar_box,tennis_ball,0,115.0,2.5
stack5_scene0006,view_el60_az195,sugar_box,sugar_box,1,75.9,1.9
stack5_scene0006,view_el60_az195,sugar_box,tennis_ball,0,149.6,5.56
stack5_scene0006,view_el60_az195,sugar_box,tennis_ball,0,143.6,5.44
stack5_scene0006,view_el60_az195,extra_large_clamp,extra_large_clamp,1,3.8,0.15
stack5_scene0006,view_el60_az255,sugar_box,sugar_box,1,81.8,2.01
stack5_scene0006,view_el60_az255,tennis_ball,tennis_ball,1,3.8,0.28
stack5_scene0006,view_el75_az105,extra_large_clamp,extra_large_clamp,1,3.5,0.43
stack5_scene0006,view_el75_az105,extra_large_clamp,extra_large_clamp,1,3.0,0.42
stack5_scene0006,view_el75_az105,extra_large_clamp,extra_large_clamp,1,16.6,1.48
stack5_scene0006,view_el75_az105,extra_large_clamp,extra_large_clamp,1,17.2,1.68
stack5_scene0006,view_el90,extra_large_clamp,extra_large_clamp,1,5.1,1.0
stack5_scene0006,view_el90,extra_large_clamp,extra_large_clamp,1,10.0,1.33
stack5_scene0007,view_el30_az135,sugar_box,sugar_box,1,39.7,1.5
stack5_scene0007,view_el30_az135,sugar_box,sugar_box,1,21.7,1.05
stack5_scene0007,view_el30_az135,cups,cups,1,13.1,0.59
stack5_scene0007,view_el30_az135,apple,tuna_fish_can,0,111.1,5.74
stack5_scene0007,view_el30_az135,apple,tuna_fish_can,0,109.4,6.05
stack5_scene0007,view_el30_az135,tuna_fish_can,tuna_fish_can,1,5.0,0.49
stack5_scene0007,view_el30_az135,tuna_fish_can,tuna_fish_can,1,6.4,0.87
stack5_scene0007,view_el30_az195,sugar_box,tuna_fish_can,0,181.1,5.65
stack5_scene0007,view_el30_az195,sugar_box,tuna_fish_can,0,179.4,6.02
stack5_scene0007,view_el30_az195,sugar_box,tuna_fish_can,0,201.7,7.43
stack5_scene0007,view_el30_az195,sugar_box,tuna_fish_can,0,200.0,8.02
stack5_scene0007,view_el30_az195,cups,cups,1,7.8,0.35
stack5_scene0007,view_el30_az195,tuna_fish_can,tuna_fish_can,1,6.7,0.44
stack5_scene0007,view_el30_az210,sugar_box,apple,0,226.6,5.81
stack5_scene0007,view_el30_az210,sugar_box,tuna_fish_can,0,211.5,6.72
stack5_scene0007,view_el30_az210,sugar_box,apple,0,223.9,6.24
stack5_scene0007,view_el30_az210,sugar_box,tuna_fish_can,0,208.6,6.25
stack5_scene0007,view_el30_az210,sugar_box,sugar_box,1,37.5,0.94
stack5_scene0007,view_el30_az210,sugar_box,apple,0,244.4,8.13
stack5_scene0007,view_el30_az210,sugar_box,tuna_fish_can,0,228.9,8.3
stack5_scene0007,view_el30_az210,sugar_box,tuna_fish_can,0,191.4,6.87
stack5_scene0007,view_el30_az210,cups,cups,1,5.9,0.26
stack5_scene0007,view_el30_az210,cups,cups,1,6.4,0.29
stack5_scene0007,view_el30_az240,sugar_box,sugar_box,1,34.7,0.85
stack5_scene0007,view_el30_az240,sugar_box,sugar_box,1,36.1,0.95
stack5_scene0007,view_el45_az135,sugar_box,sugar_box,1,57.8,1.86
stack5_scene0007,view_el45_az135,sugar_box,sugar_box,1,53.1,1.92
stack5_scene0007,view_el45_az135,sugar_box,sugar_box,1,33.9,1.41
stack5_scene0007,view_el45_az135,sugar_box,sugar_box,1,29.3,0.88
stack5_scene0007,view_el45_az225,sugar_box,tuna_fish_can,0,192.4,5.34
stack5_scene0007,view_el45_az225,sugar_box,sugar_box,1,42.4,1.07
stack5_scene0007,view_el45_az225,sugar_box,tuna_fish_can,0,209.7,7.49
stack5_scene0007,view_el45_az225,sugar_box,sugar_box,1,43.0,1.12
stack5_scene0007,view_el45_az225,cups,cups,1,2.7,0.11
stack5_scene0007,view_el60_az180,sugar_box,sugar_box,1,57.9,1.55
stack5_scene0007,view_el60_az180,sugar_box,sugar_box,1,32.6,1.19
stack5_scene0007,view_el60_az195,sugar_box,sugar_box,1,57.5,1.38
stack5_scene0007,view_el60_az255,sugar_box,sugar_box,1,10.8,0.34
stack5_scene0007,view_el60_az255,sugar_box,sugar_box,1,51.4,1.25
stack5_scene0007,view_el60_az255,sugar_box,sugar_box,1,0.6,0.02
stack5_scene0007,view_el60_az255,sugar_box,sugar_box,1,53.8,1.51
stack5_scene0007,view_el60_az255,cups,cups,1,5.1,0.19
stack5_scene0007,view_el75_az105,sugar_box,sugar_box,1,64.5,1.73
stack5_scene0007,view_el75_az105,sugar_box,sugar_box,1,47.7,1.89
stack5_scene0007,view_el75_az105,sugar_box,sugar_box,1,16.8,0.38
stack5_scene0007,view_el75_az225,cups,cups,1,13.1,0.5
stack5_scene0008,view_el30_az135,tomato_soup_can,cups,0,106.1,3.65
stack5_scene0008,view_el30_az135,tomato_soup_can,tuna_fish_can,0,30.0,1.12
stack5_scene0008,view_el30_az135,tomato_soup_can,cups,0,107.7,3.51
stack5_scene0008,view_el30_az135,tomato_soup_can,potted_meat_can,0,142.9,1.5
stack5_scene0008,view_el30_az135,tomato_soup_can,potted_meat_can,0,146.4,1.47
stack5_scene0008,view_el30_az135,tomato_soup_can,potted_meat_can,0,140.0,5.47
stack5_scene0008,view_el30_az135,tomato_soup_can,tuna_fish_can,0,23.9,1.07
stack5_scene0008,view_el30_az135,tomato_soup_can,potted_meat_can,0,151.3,1.65
stack5_scene0008,view_el30_az135,tomato_soup_can,potted_meat_can,0,155.0,1.61
stack5_scene0008,view_el30_az135,tomato_soup_can,potted_meat_can,0,148.6,6.58
stack5_scene0008,view_el30_az135,cups,tuna_fish_can,0,121.3,6.92
stack5_scene0008,view_el30_az135,tuna_fish_can,cups,0,123.0,6.4
stack5_scene0008,view_el30_az135,cups,cups,1,2.2,0.1
stack5_scene0008,view_el30_az135,potted_meat_can,tomato_soup_can,0,165.8,1.92
stack5_scene0008,view_el30_az135,tomato_soup_can,potted_meat_can,0,163.3,9.47
stack5_scene0008,view_el30_az135,potted_meat_can,potted_meat_can,1,6.4,0.07
stack5_scene0008,view_el30_az195,tomato_soup_can,tuna_fish_can,0,25.3,1.25
stack5_scene0008,view_el30_az195,tomato_soup_can,tuna_fish_can,0,18.9,1.01
stack5_scene0008,view_el30_az195,potted_meat_can,potted_meat_can,1,0.6,0.02
stack5_scene0008,view_el30_az195,cups,cups,1,0.5,0.03
stack5_scene0008,view_el30_az210,tomato_soup_can,tuna_fish_can,0,37.6,1.97
stack5_scene0008,view_el30_az210,tomato_soup_can,tuna_fish_can,0,26.1,1.34
stack5_scene0008,view_el30_az210,tomato_soup_can,tuna_fish_can,0,18.3,1.03
stack5_scene0008,view_el30_az210,cups,cups,1,3.9,0.2
stack5_scene0008,view_el30_az240,tomato_soup_can,tuna_fish_can,0,24.7,1.22
stack5_scene0008,view_el45_az135,tomato_soup_can,potted_meat_can,0,117.5,3.07
stack5_scene0008,view_el45_az135,tomato_soup_can,tuna_fish_can,0,51.0,2.02
stack5_scene0008,view_el45_az135,tomato_soup_can,potted_meat_can,0,128.1,3.94
stack5_scene0008,view_el45_az135,tomato_soup_can,tuna_fish_can,0,43.9,1.66
stack5_scene0008,view_el45_az135,tomato_soup_can,potted_meat_can,0,120.0,3.84
stack5_scene0008,view_el45_az135,tomato_soup_can,tomato_soup_can,1,18.9,0.62
stack5_scene0008,view_el45_az135,tomato_soup_can,tuna_fish_can,0,35.8,1.43
stack5_scene0008,view_el45_az135,potted_meat_can,tomato_soup_can,0,138.9,5.04
stack5_scene0008,view_el45_az225,tomato_soup_can,tuna_fish_can,0,60.0,2.91
stack5_scene0008,view_el45_az225,tomato_soup_can,tuna_fish_can,0,45.1,1.76
stack5_scene0008,view_el45_az225,potted_meat_can,potted_meat_can,1,12.9,0.46
stack5_scene0008,view_el60_az180,tomato_soup_can,tuna_fish_can,0,64.1,2.1
stack5_scene0008,view_el60_az180,potted_meat_can,potted_meat_can,1,15.8,0.57
stack5_scene0008,view_el60_az180,tomato_soup_can,tuna_fish_can,0,45.1,1.65
stack5_scene0008,view_el60_az195,tomato_soup_can,tuna_fish_can,0,64.4,2.35
stack5_scene0008,view_el60_az195,potted_meat_can,potted_meat_can,1,11.9,0.44
stack5_scene0008,view_el60_az255,tomato_soup_can,tuna_fish_can,0,62.9,2.15
stack5_scene0008,view_el60_az255,potted_meat_can,potted_meat_can,1,24.6,1.03
stack5_scene0008,view_el60_az255,potted_meat_can,potted_meat_can,1,26.4,1.14
stack5_scene0008,view_el60_az255,cups,cups,1,13.9,0.67
stack5_scene0008,view_el75_az105,potted_meat_can,potted_meat_can,1,29.8,1.35
stack5_scene0008,view_el75_az105,tomato_soup_can,tuna_fish_can,0,54.9,1.47
stack5_scene0008,view_el75_az225,tomato_soup_can,tuna_fish_can,0,65.8,2.07
stack5_scene0008,view_el75_az225,cups,cups,1,23.2,1.3
stack5_scene0009,view_el30_az135,potted_meat_can,knife,0,227.4,7.57
stack5_scene0009,view_el30_az135,potted_meat_can,knife,0,229.6,8.73
stack5_scene0009,view_el30_az135,potted_meat_can,knife,0,240.1,9.38
stack5_scene0009,view_el30_az195,wood_block,potted_meat_can,0,167.2,3.54
stack5_scene0009,view_el30_az195,wood_block,potted_meat_can,0,159.2,3.36
stack5_scene0009,view_el30_az195,knife,knife,1,96.7,2.34
stack5_scene0009,view_el45_az135,potted_meat_can,potted_meat_can,1,20.8,0.84
stack5_scene0009,view_el45_az135,potted_meat_can,knife,0,194.4,5.81
stack5_scene0009,view_el45_az135,potted_meat_can,knife,0,174.5,6.86
stack5_scene0009,view_el45_az135,knife,knife,1,43.9,1.95
stack5_scene0009,view_el45_az225,wood_block,wood_block,1,56.2,0.96
stack5_scene0009,view_el45_az225,potted_meat_can,potted_meat_can,1,26.8,1.54
stack5_scene0009,view_el45_az225,knife,knife,1,52.5,2.31
stack5_scene0009,view_el60_az180,wood_block,wood_block,1,83.4,1.3
stack5_scene0009,view_el60_az180,wood_block,potted_meat_can,0,152.9,2.04
stack5_scene0009,view_el60_az180,wood_block,potted_meat_can,0,171.6,3.31
stack5_scene0009,view_el60_az180,potted_meat_can,potted_meat_can,1,15.3,0.78
stack5_scene0009,view_el60_az180,knife,knife,1,48.2,2.11
stack5_scene0009,view_el60_az195,wood_block,potted_meat_can,0,155.4,2.59
stack5_scene0009,view_el60_az195,wood_block,potted_meat_can,0,175.3,3.11
stack5_scene0009,view_el60_az195,wood_block,wood_block,1,37.1,0.45
stack5_scene0009,view_el60_az195,wood_block,potted_meat_can,0,165.7,2.58
stack5_scene0009,view_el60_az195,wood_block,wood_block,1,15.6,0.19
stack5_scene0009,view_el60_az195,wood_block,potted_meat_can,0,185.6,3.07
stack5_scene0009,view_el60_az195,wood_block,wood_block,1,22.0,0.31
stack5_scene0009,view_el60_az195,potted_meat_can,potted_meat_can,1,28.5,1.15
stack5_scene0009,view_el60_az195,knife,knife,1,46.4,2.1
stack5_scene0009,view_el60_az255,wood_block,wood_block,1,113.2,1.06
stack5_scene0009,view_el60_az255,potted_meat_can,potted_meat_can,1,30.1,1.18
stack5_scene0009,view_el60_az255,knife,knife,1,9.8,1.59
stack5_scene0009,view_el75_az105,wood_block,wood_block,1,31.8,0.5
stack5_scene0009,view_el75_az105,wood_block,wood_block,1,48.3,0.7
stack5_scene0009,view_el75_az105,wood_block,wood_block,1,16.3,0.24
stack5_scene0009,view_el75_az225,wood_block,wood_block,1,49.9,0.68
stack5_scene0009,view_el75_az225,knife,knife,1,15.3,1.83
stack5_scene0009,view_el90,wood_block,wood_block,1,75.0,0.94
stack5_scene0009,view_el90,knife,knife,1,5.0,1.0
stack5_scene0010,view_el30_az135,fork,fork,1,61.8,2.27
stack5_scene0010,view_el30_az195,pitcher_base,pitcher_base,1,79.5,1.46
stack5_scene0010,view_el30_az195,fork,fork,1,93.7,2.91
stack5_scene0010,view_el45_az135,pitcher_base,pitcher_base,1,27.0,0.35
stack5_scene0010,view_el45_az135,potted_meat_can,potted_meat_can,1,20.2,0.8
stack5_scene0010,view_el45_az135,fork,fork,1,51.0,2.46
stack5_scene0010,view_el60_az180,pitcher_base,pitcher_base,1,142.4,2.07
stack5_scene0010,view_el60_az180,pitcher_base,pitcher_base,1,76.8,0.85
stack5_scene0010,view_el60_az180,pitcher_base,pitcher_base,1,62.8,0.85
stack5_scene0010,view_el60_az180,pitcher_base,pitcher_base,1,13.3,0.16
stack5_scene0010,view_el60_az180,pitcher_base,pitcher_base,1,76.1,1.49
stack5_scene0010,view_el60_az180,potted_meat_can,potted_meat_can,1,26.3,1.03
stack5_scene0010,view_el60_az180,fork,fork,1,53.2,2.55
stack5_scene0010,view_el60_az195,pitcher_base,pitcher_base,1,148.5,2.8
stack5_scene0010,view_el60_az195,pitcher_base,pitcher_base,1,76.2,1.22
stack5_scene0010,view_el60_az195,pitcher_base,pitcher_base,1,63.1,0.75
stack5_scene0010,view_el60_az195,pitcher_base,pitcher_base,1,0.8,0.01
stack5_scene0010,view_el60_az195,pitcher_base,pitcher_base,1,10.0,0.12
stack5_scene0010,view_el60_az195,pitcher_base,pitcher_base,1,63.9,1.03
stack5_scene0010,view_el60_az195,pitcher_base,pitcher_base,1,73.1,1.23
stack5_scene0010,view_el60_az195,potted_meat_can,potted_meat_can,1,23.2,0.99
stack5_scene0010,view_el60_az195,potted_meat_can,potted_meat_can,1,24.2,1.02
stack5_scene0010,view_el60_az195,fork,fork,1,51.5,2.61
stack5_scene0010,view_el60_az255,pitcher_base,pitcher_base,1,62.3,0.61
stack5_scene0010,view_el60_az255,pitcher_base,pitcher_base,1,15.6,0.24
stack5_scene0010,view_el60_az255,fork,fork,1,12.4,1.62
stack5_scene0010,view_el75_az105,pitcher_base,pitcher_base,1,7.9,0.08
stack5_scene0010,view_el75_az105,pitcher_base,pitcher_base,1,83.8,0.74
stack5_scene0010,view_el75_az105,pitcher_base,pitcher_base,1,48.1,0.54
stack5_scene0010,view_el75_az105,pitcher_base,pitcher_base,1,35.7,0.4
stack5_scene0010,view_el75_az225,pitcher_base,pitcher_base,1,153.3,1.75
stack5_scene0010,view_el75_az225,pitcher_base,pitcher_base,1,57.8,0.64
stack5_scene0010,view_el75_az225,pitcher_base,pitcher_base,1,31.5,0.46
stack5_scene0010,view_el75_az225,pitcher_base,pitcher_base,1,48.7,0.63
stack5_scene0010,view_el75_az225,fork,fork,1,16.9,2.17
stack5_scene0010,view_el90,pitcher_base,pitcher_base,1,180.0,1.68
stack5_scene0010,view_el90,pitcher_base,pitcher_base,1,50.1,0.54
stack5_scene0010,view_el90,pitcher_base,pitcher_base,1,70.0,0.76
stack5_scene0010,view_el90,pitcher_base,pitcher_base,1,40.0,0.44
stack5_scene0010,view_el90,pitcher_base,pitcher_base,1,30.0,0.31
stack5_scene0010,view_el90,fork,fork,1,0.0,0.0
stack5_scene0011,view_el30_az135,foam_brick,padlock,0,156.1,7.82
stack5_scene0011,view_el30_az135,foam_brick,padlock,0,154.7,8.18
stack5_scene0011,view_el30_az135,foam_brick,sponge,0,11.9,0.56
stack5_scene0011,view_el30_az135,foam_brick,padlock,0,158.1,8.24
stack5_scene0011,view_el30_az135,foam_brick,padlock,0,156.9,8.89
stack5_scene0011,view_el30_az210,wood_block,foam_brick,0,192.3,4.7
stack5_scene0011,view_el30_az210,wood_block,foam_brick,0,190.7,4.87
stack5_scene0011,view_el30_az210,wood_block,foam_brick,0,186.9,4.81
stack5_scene0011,view_el30_az210,wood_block,sponge,0,196.3,4.89
stack5_scene0011,view_el30_az210,wood_block,tennis_ball,0,336.2,9.74
stack5_scene0011,view_el30_az210,wood_block,foam_brick,0,184.2,4.38
stack5_scene0011,view_el30_az210,wood_block,foam_brick,0,182.6,4.52
stack5_scene0011,view_el30_az210,wood_block,foam_brick,0,178.8,4.46
stack5_scene0011,view_el30_az210,wood_block,sponge,0,188.3,4.56
stack5_scene0011,view_el30_az210,wood_block,tennis_ball,0,328.1,9.19
stack5_scene0011,view_el30_az210,foam_brick,sponge,0,9.4,0.58
stack5_scene0011,view_el30_az240,foam_brick,sponge,0,8.6,0.48
stack5_scene0011,view_el30_az240,tennis_ball,tennis_ball,1,13.3,1.05
stack5_scene0011,view_el45_az135,foam_brick,sponge,0,19.9,1.07
stack5_scene0011,view_el45_az225,wood_block,foam_brick,0,181.4,3.83
stack5_scene0011,view_el45_az225,wood_block,foam_brick,0,175.6,3.84
stack5_scene0011,view_el45_az225,wood_block,sponge,0,193.0,4.31
stack5_scene0011,view_el45_az225,wood_block,wood_block,1,45.9,0.73
stack5_scene0011,view_el45_az225,wood_block,foam_brick,0,160.4,3.07
stack5_scene0011,view_el45_az225,wood_block,foam_brick,0,154.6,3.05
stack5_scene0011,view_el45_az225,wood_block,sponge,0,172.0,3.46
stack5_scene0011,view_el45_az225,foam_brick,sponge,0,17.4,1.0
stack5_scene0011,view_el45_az225,tennis_ball,tennis_ball,1,16.6,1.34
stack5_scene0011,view_el60_az180,wood_block,foam_brick,0,178.2,3.4
stack5_scene0011,view_el60_az180,wood_block,sponge,0,208.4,4.01
stack5_scene0011,view_el60_az180,wood_block,sponge,0,212.7,4.36
stack5_scene0011,view_el60_az180,wood_block,foam_brick,0,179.1,3.4
stack5_scene0011,view_el60_az180,wood_block,foam_brick,0,179.4,3.66
stack5_scene0011,view_el60_az180,wood_block,sponge,0,208.4,4.1
stack5_scene0011,view_el60_az180,wood_block,sponge,0,211.6,4.35
stack5_scene0011,view_el60_az180,wood_block,foam_brick,0,180.6,3.69
stack5_scene0011,view_el60_az180,wood_block,wood_block,1,32.9,0.43
stack5_scene0011,view_el60_az180,wood_block,foam_brick,0,188.7,4.25
stack5_scene0011,view_el60_az180,wood_block,sponge,0,217.7,4.72
stack5_scene0011,view_el60_az180,wood_block,sponge,0,220.9,5.02
stack5_scene0011,view_el60_az180,wood_block,foam_brick,0,189.9,4.29
stack5_scene0011,view_el60_az180,foam_brick,sponge,0,33.5,2.0
stack5_scene0011,view_el60_az180,foam_brick,sponge,0,32.8,1.92
stack5_scene0011,view_el60_az180,sponge,foam_brick,0,31.0,1.7
stack5_scene0011,view_el60_az180,sponge,foam_brick,0,35.1,2.8
stack5_scene0011,view_el60_az180,sponge,foam_brick,0,31.0,1.82
stack5_scene0011,view_el60_az180,padlock,padlock,1,3.0,0.34
stack5_scene0011,view_el60_az180,padlock,padlock,1,5.0,0.41
stack5_scene0011,view_el60_az195,wood_block,foam_brick,0,188.3,3.56
stack5_scene0011,view_el60_az195,wood_block,foam_brick,0,184.0,3.9
stack5_scene0011,view_el60_az195,wood_block,foam_brick,0,185.4,3.88
stack5_scene0011,view_el60_az195,wood_block,sponge,0,216.6,4.38
stack5_scene0011,view_el60_az195,wood_block,foam_brick,0,196.8,3.76
stack5_scene0011,view_el60_az195,wood_block,foam_brick,0,192.4,4.13
stack5_scene0011,view_el60_az195,wood_block,foam_brick,0,193.8,4.11
stack5_scene0011,view_el60_az195,wood_block,sponge,0,225.0,4.6
stack5_scene0011,view_el60_az195,foam_brick,sponge,0,38.4,1.82
stack5_scene0011,view_el60_az195,foam_brick,sponge,0,33.4,1.89
stack5_scene0011,view_el60_az195,foam_brick,sponge,0,31.7,1.77
stack5_scene0011,view_el60_az195,padlock,padlock,1,0.2,0.03
stack5_scene0011,view_el60_az255,foam_brick,sponge,0,22.8,1.62
stack5_scene0011,view_el60_az255,padlock,padlock,1,4.8,0.74
stack5_scene0011,view_el60_az255,tennis_ball,tennis_ball,1,8.2,0.7
stack5_scene0011,view_el75_az105,wood_block,wood_block,1,9.7,0.13
stack5_scene0011,view_el75_az105,wood_block,wood_block,1,48.8,0.67
stack5_scene0011,view_el75_az105,wood_block,wood_block,1,15.4,0.25
stack5_scene0011,view_el75_az105,wood_block,wood_block,1,34.1,0.48
stack5_scene0011,view_el75_az105,foam_brick,foam_brick,1,28.6,1.37
stack5_scene0011,view_el75_az105,foam_brick,sponge,0,31.8,1.78
stack5_scene0011,view_el75_az105,padlock,padlock,1,0.2,0.02
stack5_scene0011,view_el75_az225,wood_block,wood_block,1,46.1,0.78
stack5_scene0011,view_el75_az225,foam_brick,sponge,0,37.7,2.26
stack5_scene0011,view_el75_az225,padlock,padlock,1,5.3,0.77
stack5_scene0011,view_el90,wood_block,wood_block,1,35.0,0.5
stack5_scene0011,view_el90,wood_block,wood_block,1,65.0,0.96
stack5_scene0011,view_el90,wood_block,wood_block,1,20.0,0.47
stack5_scene0011,view_el90,wood_block,wood_block,1,45.0,0.69
stack5_scene0011,view_el90,padlock,padlock,1,15.0,3.0
stack5_scene0011,view_el90,padlock,padlock,1,0.0,0.0
stack5_scene0012,view_el30_az135,phillips_screwdriver,phillips_screwdriver,1,8.4,0.9
stack5_scene0012,view_el30_az135,phillips_screwdriver,phillips_screwdriver,1,2.5,0.16
stack5_scene0012,view_el30_az135,phillips_screwdriver,phillips_screwdriver,1,8.6,0.56
stack5_scene0012,view_el30_az135,phillips_screwdriver,phillips_screwdriver,1,6.1,0.78
stack5_scene0012,view_el30_az195,orange,orange,1,22.0,1.36
stack5_scene0012,view_el30_az195,phillips_screwdriver,phillips_screwdriver,1,34.8,1.37
stack5_scene0012,view_el30_az210,phillips_screwdriver,phillips_screwdriver,1,40.5,1.76
stack5_scene0012,view_el30_az240,phillips_screwdriver,phillips_screwdriver,1,35.6,1.93
stack5_scene0012,view_el45_az135,phillips_screwdriver,phillips_screwdriver,1,5.0,0.63
stack5_scene0012,view_el45_az225,phillips_screwdriver,phillips_screwdriver,1,30.0,1.82
stack5_scene0012,view_el45_az225,phillips_screwdriver,phillips_screwdriver,1,25.4,1.57
stack5_scene0012,view_el60_az180,phillips_screwdriver,phillips_screwdriver,1,17.0,1.61
stack5_scene0012,view_el60_az180,phillips_screwdriver,phillips_screwdriver,1,15.7,1.4
stack5_scene0012,view_el60_az180,phillips_screwdriver,phillips_screwdriver,1,7.0,1.12
stack5_scene0012,view_el60_az180,phillips_screwdriver,phillips_screwdriver,1,11.8,1.27
stack5_scene0012,view_el60_az195,phillips_screwdriver,phillips_screwdriver,1,17.6,1.46
stack5_scene0012,view_el60_az255,orange,orange,1,15.0,0.98
stack5_scene0012,view_el60_az255,phillips_screwdriver,phillips_screwdriver,1,8.8,1.11
stack5_scene0012,view_el75_az225,orange,orange,1,17.5,1.29
stack5_scene0012,view_el75_az225,phillips_screwdriver,phillips_screwdriver,1,12.6,1.64
stack5_scene0013,view_el30_az135,sugar_box,sugar_box,1,20.6,1.01
stack5_scene0013,view_el30_az135,foam_brick,sponge,0,14.2,0.66
stack5_scene0013,view_el30_az135,padlock,padlock,1,0.3,0.02
stack5_scene0013,view_el30_az195,sugar_box,foam_brick,0,102.9,3.38
stack5_scene0013,view_el30_az195,sugar_box,foam_brick,0,108.2,3.58
stack5_scene0013,view_el30_az195,foam_brick,sugar_box,0,124.6,5.09
stack5_scene0013,view_el30_az195,foam_brick,sugar_box,0,124.1,5.06
stack5_scene0013,view_el30_az195,sugar_box,foam_brick,0,129.9,5.36
stack5_scene0013,view_el30_az195,sugar_box,sugar_box,1,37.6,1.55
stack5_scene0013,view_el30_az195,foam_brick,sugar_box,0,129.3,5.34
stack5_scene0013,view_el30_az195,foam_brick,sponge,0,13.4,0.79
stack5_scene0013,view_el30_az195,padlock,padlock,1,3.9,0.31
stack5_scene0013,view_el30_az210,sugar_box,foam_brick,0,101.9,3.09
stack5_scene0013,view_el30_az210,sugar_box,foam_brick,0,106.0,3.29
stack5_scene0013,view_el30_az210,foam_brick,sugar_box,0,123.1,4.39
stack5_scene0013,view_el30_az210,foam_brick,sugar_box,0,122.1,4.32
stack5_scene0013,view_el30_az210,sugar_box,foam_brick,0,127.2,4.66
stack5_scene0013,view_el30_az210,sugar_box,sugar_box,1,41.4,1.43
stack5_scene0013,view_el30_az210,foam_brick,sugar_box,0,126.2,4.59
stack5_scene0013,view_el30_az210,foam_brick,sponge,0,12.7,0.61
stack5_scene0013,view_el30_az240,foam_brick,sponge,0,33.3,0.4
stack5_scene0013,view_el45_az135,sugar_box,sugar_box,1,31.4,1.17
stack5_scene0013,view_el45_az135,foam_brick,sponge,0,20.9,1.18
stack5_scene0013,view_el45_az135,padlock,padlock,1,0.4,0.03
stack5_scene0013,view_el45_az225,sugar_box,sugar_box,1,57.2,1.56
stack5_scene0013,view_el45_az225,foam_brick,sponge,0,20.8,0.97
stack5_scene0013,view_el60_az180,sugar_box,sugar_box,1,73.4,1.95
stack5_scene0013,view_el60_az180,foam_brick,sponge,0,32.6,1.74
stack5_scene0013,view_el60_az180,sponge,foam_brick,0,32.1,1.75
stack5_scene0013,view_el60_az180,padlock,padlock,1,3.2,0.33
stack5_scene0013,view_el60_az195,foam_brick,sponge,0,31.0,1.61
stack5_scene0013,view_el60_az195,sponge,foam_brick,0,31.3,1.71
stack5_scene0013,view_el60_az195,padlock,padlock,1,4.3,0.48
stack5_scene0013,view_el60_az255,sugar_box,sugar_box,1,61.1,1.59
stack5_scene0013,view_el60_az255,sugar_box,sugar_box,1,55.8,1.52
stack5_scene0013,view_el60_az255,foam_brick,sponge,0,26.5,1.47
stack5_scene0013,view_el75_az105,sugar_box,sugar_box,1,52.9,1.22
stack5_scene0013,view_el75_az105,foam_brick,foam_brick,1,28.8,1.01
stack5_scene0013,view_el75_az225,sugar_box,sugar_box,1,71.5,1.79
stack5_scene0013,view_el75_az225,sugar_box,sugar_box,1,67.1,1.7
stack5_scene0013,view_el75_az225,foam_brick,sponge,0,38.2,1.95
stack5_scene0013,view_el90,sugar_box,sugar_box,1,40.0,1.0
stack5_scene0013,view_el90,padlock,padlock,1,0.0,0.0
stack5_scene0014,view_el30_az135,cracker_box,sugar_box,0,57.6,1.23
stack5_scene0014,view_el30_az135,cracker_box,cracker_box,1,61.7,1.5
stack5_scene0014,view_el30_az135,cracker_box,cracker_box,1,32.5,1.41
stack5_scene0014,view_el30_az135,cracker_box,cracker_box,1,40.6,2.0
stack5_scene0014,view_el30_az135,cracker_box,cracker_box,1,25.6,1.23
stack5_scene0014,view_el30_az135,cracker_box,cracker_box,1,15.8,0.93
stack5_scene0014,view_el30_az135,cracker_box,cracker_box,1,29.2,2.19
stack5_scene0014,view_el30_az135,cracker_box,cracker_box,1,24.5,1.28
stack5_scene0014,view_el30_az135,cracker_box,cracker_box,1,14.7,0.96
stack5_scene0014,view_el30_az135,cracker_box,cracker_box,1,17.2,1.57
stack5_scene0014,view_el30_az195,cracker_box,sugar_box,0,43.7,1.05
stack5_scene0014,view_el30_az195,cracker_box,baseball,0,171.1,3.46
stack5_scene0014,view_el30_az195,cracker_box,sugar_box,0,62.6,1.4
stack5_scene0014,view_el30_az195,cracker_box,sugar_box,0,64.9,1.44
stack5_scene0014,view_el30_az195,cracker_box,baseball,0,158.8,3.49
stack5_scene0014,view_el30_az195,cracker_box,cracker_box,1,7.0,0.18
stack5_scene0014,view_el30_az195,cracker_box,baseball,0,159.6,4.8
stack5_scene0014,view_el30_az195,cracker_box,cracker_box,1,8.5,1.02
stack5_scene0014,view_el30_az195,cracker_box,cracker_box,1,4.6,0.92
stack5_scene0014,view_el30_az210,cracker_box,sugar_box,0,54.2,1.18
stack5_scene0014,view_el30_az210,cracker_box,sugar_box,0,56.6,1.2
stack5_scene0014,view_el30_az210,cracker_box,sugar_box,0,34.9,0.9
stack5_scene0014,view_el30_az210,cracker_box,sugar_box,0,59.9,1.3
stack5_scene0014,view_el30_az210,cracker_box,cracker_box,1,7.4,0.19
stack5_scene0014,view_el30_az240,cracker_box,sugar_box,0,51.0,1.11
stack5_scene0014,view_el30_az240,cracker_box,sugar_box,0,56.3,1.18
stack5_scene0014,view_el30_az240,cracker_box,cracker_box,1,28.1,0.65
stack5_scene0014,view_el30_az240,cracker_box,cracker_box,1,16.6,0.62
stack5_scene0014,view_el30_az240,cracker_box,cracker_box,1,14.8,1.14
stack5_scene0014,view_el30_az240,cracker_box,cracker_box,1,25.8,2.03
stack5_scene0014,view_el45_az135,cracker_box,sugar_box,0,78.5,1.39
stack5_scene0014,view_el45_az135,cracker_box,sugar_box,0,76.2,1.36
stack5_scene0014,view_el45_az135,cracker_box,sugar_box,0,77.8,1.4
stack5_scene0014,view_el45_az135,cracker_box,cracker_box,1,62.3,1.25
stack5_scene0014,view_el45_az225,cracker_box,sugar_box,0,76.1,1.44
stack5_scene0014,view_el45_az225,cracker_box,sugar_box,0,73.6,1.31
stack5_scene0014,view_el45_az225,cracker_box,sugar_box,0,51.3,0.89
stack5_scene0014,view_el45_az225,cracker_box,sugar_box,0,77.0,1.38
stack5_scene0014,view_el45_az225,cracker_box,sugar_box,0,82.0,1.39
stack5_scene0014,view_el45_az225,cracker_box,sugar_box,0,70.3,1.26
stack5_scene0014,view_el45_az225,sugar_box,cracker_box,0,14.5,0.76
stack5_scene0014,view_el45_az225,cracker_box,cracker_box,1,4.4,0.09
stack5_scene0014,view_el45_az225,sugar_box,cracker_box,0,7.9,0.42
stack5_scene0014,view_el60_az180,cracker_box,sugar_box,0,92.8,1.31
stack5_scene0014,view_el60_az180,cracker_box,sugar_box,0,93.9,1.32
stack5_scene0014,view_el60_az180,cracker_box,baseball,0,126.3,1.99
stack5_scene0014,view_el60_az180,cracker_box,cracker_box,1,47.4,0.72
stack5_scene0014,view_el60_az180,sugar_box,cracker_box,0,48.5,1.74
stack5_scene0014,view_el60_az180,cracker_box,cracker_box,1,39.0,0.67
stack5_scene0014,view_el60_az195,cracker_box,sugar_box,0,92.1,1.32
stack5_scene0014,view_el60_az195,cracker_box,sugar_box,0,93.4,1.32
stack5_scene0014,view_el60_az195,cracker_box,baseball,0,142.8,2.3
stack5_scene0014,view_el60_az195,cracker_box,cracker_box,1,32.1,0.55
stack5_scene0014,view_el60_az255,sugar_box,cracker_box,0,64.8,0.86
stack5_scene0014,view_el60_az255,sugar_box,baseball,0,19.8,0.42
stack5_scene0014,view_el60_az255,sugar_box,cracker_box,0,23.6,0.19
stack5_scene0014,view_el60_az255,cracker_box,sugar_box,0,65.0,0.79
stack5_scene0014,view_el60_az255,cracker_box,sugar_box,0,46.2,0.39
stack5_scene0014,view_el60_az255,sugar_box,sugar_box,1,2.8,0.06
stack5_scene0014,view_el60_az255,sugar_box,baseball,0,20.0,0.37
stack5_scene0014,view_el60_az255,sugar_box,cracker_box,0,23.8,0.18
stack5_scene0014,view_el60_az255,sugar_box,cracker_box,0,5.0,0.03
stack5_scene0014,view_el60_az255,cracker_box,cracker_box,1,78.8,2.19
stack5_scene0014,view_el60_az255,cracker_box,cracker_box,1,33.8,2.2
stack5_scene0014,view_el60_az255,cracker_box,cracker_box,1,38.5,2.22
stack5_scene0014,view_el75_az105,sugar_box,sugar_box,1,37.1,0.63
stack5_scene0014,view_el75_az105,sugar_box,sugar_box,1,26.7,0.29
stack5_scene0014,view_el75_az105,sugar_box,cracker_box,0,64.8,0.97
stack5_scene0014,view_el75_az105,sugar_box,cracker_box,0,44.5,0.77
stack5_scene0014,view_el75_az225,sugar_box,cracker_box,0,66.2,0.78
stack5_scene0014,view_el75_az225,sugar_box,sugar_box,1,6.2,0.08
stack5_scene0014,view_el75_az225,sugar_box,cracker_box,0,81.6,0.93
stack5_scene0014,view_el75_az225,sugar_box,cracker_box,0,56.5,1.37
stack5_scene0014,view_el75_az225,sugar_box,sugar_box,1,1.8,0.02
stack5_scene0014,view_el75_az225,sugar_box,sugar_box,1,6.8,0.09
stack5_scene0014,view_el75_az225,cracker_box,sugar_box,0,67.3,0.86
stack5_scene0014,view_el75_az225,cracker_box,sugar_box,0,72.4,0.9
stack5_scene0014,view_el75_az225,sugar_box,cracker_box,0,82.8,1.01
stack5_scene0014,view_el75_az225,sugar_box,cracker_box,0,57.6,1.63
stack5_scene0014,view_el75_az225,sugar_box,cracker_box,0,62.7,1.69
stack5_scene0014,view_el75_az225,cracker_box,cracker_box,1,54.8,0.95
stack5_scene0014,view_el90,sugar_box,cracker_box,0,25.1,0.46
stack5_scene0014,view_el90,sugar_box,cracker_box,0,25.1,0.23
stack5_scene0014,view_el90,sugar_box,cracker_box,0,60.0,0.86
stack5_scene0015,view_el30_az135,bleach_cleanser,bleach_cleanser,1,30.0,1.1
stack5_scene0015,view_el30_az135,bleach_cleanser,bleach_cleanser,1,9.4,0.32
stack5_scene0015,view_el30_az210,wood_block,wood_block,1,6.7,0.18
stack5_scene0015,view_el30_az210,tennis_ball,tennis_ball,1,1.7,0.05
stack5_scene0015,view_el30_az210,tennis_ball,tennis_ball,1,3.6,0.2
stack5_scene0015,view_el30_az210,tennis_ball,tennis_ball,1,9.3,0.31
stack5_scene0015,view_el45_az135,wood_block,wood_block,1,80.4,1.72
stack5_scene0015,view_el45_az135,pear,tennis_ball,0,145.8,10.8
stack5_scene0015,view_el45_az135,bleach_cleanser,bleach_cleanser,1,14.8,0.39
stack5_scene0015,view_el45_az225,wood_block,wood_block,1,78.9,1.58
stack5_scene0015,view_el45_az225,pear,pear,1,8.3,0.47
stack5_scene0015,view_el45_az225,tennis_ball,tennis_ball,1,0.9,0.04
stack5_scene0015,view_el60_az180,bleach_cleanser,bleach_cleanser,1,17.7,0.22
stack5_scene0015,view_el60_az180,bleach_cleanser,bleach_cleanser,1,79.6,1.14
stack5_scene0015,view_el60_az180,bleach_cleanser,bleach_cleanser,1,26.5,0.47
stack5_scene0015,view_el60_az180,bleach_cleanser,bleach_cleanser,1,17.3,0.51
stack5_scene0015,view_el60_az195,bleach_cleanser,bleach_cleanser,1,7.1,0.09
stack5_scene0015,view_el60_az195,bleach_cleanser,bleach_cleanser,1,74.2,1.2
stack5_scene0015,view_el60_az195,bleach_cleanser,bleach_cleanser,1,25.7,0.76
stack5_scene0015,view_el60_az195,bleach_cleanser,bleach_cleanser,1,16.8,0.58
stack5_scene0015,view_el60_az255,wood_block,wood_block,1,107.1,2.59
stack5_scene0015,view_el60_az255,wood_block,bleach_cleanser,0,108.6,1.06
stack5_scene0015,view_el75_az225,bleach_cleanser,bleach_cleanser,1,23.2,0.76
stack5_scene0015,view_el75_az225,bleach_cleanser,bleach_cleanser,1,32.5,0.78
stack5_scene0015,view_el90,bleach_cleanser,bleach_cleanser,1,40.0,0.84
stack5_scene0016,view_el30_az135,wood_block,tomato_soup_can,0,58.9,1.47
stack5_scene0016,view_el30_az135,mustard_bottle,mustard_bottle,1,35.0,0.95
stack5_scene0016,view_el30_az135,fork,fork,1,64.8,2.79
stack5_scene0016,view_el30_az195,wood_block,tomato_soup_can,0,58.5,1.3
stack5_scene0016,view_el30_az195,fork,fork,1,90.0,2.85
stack5_scene0016,view_el30_az210,wood_block,tomato_soup_can,0,59.3,1.36
stack5_scene0016,view_el30_az210,wood_block,tomato_soup_can,0,60.1,1.4
stack5_scene0016,view_el30_az210,mustard_bottle,mustard_bottle,1,49.2,2.16
stack5_scene0016,view_el30_az210,mustard_bottle,mustard_bottle,1,48.0,1.96
stack5_scene0016,view_el30_az210,fork,fork,1,84.7,2.77
stack5_scene0016,view_el30_az210,mustard_bottle,mustard_bottle,1,2.5,0.21
stack5_scene0016,view_el30_az240,wood_block,tomato_soup_can,0,56.4,1.26
stack5_scene0016,view_el30_az240,mustard_bottle,mustard_bottle,1,0.3,0.05
stack5_scene0016,view_el45_az135,wood_block,tomato_soup_can,0,79.1,1.44
stack5_scene0016,view_el45_az135,tomato_soup_can,tomato_soup_can,1,14.1,0.39
stack5_scene0016,view_el45_az135,fork,fork,1,52.5,2.44
stack5_scene0016,view_el45_az135,fork,fork,1,53.5,2.64
stack5_scene0016,view_el45_az225,wood_block,tomato_soup_can,0,77.8,1.41
stack5_scene0016,view_el45_az225,fork,fork,1,55.4,2.77
stack5_scene0016,view_el45_az225,mustard_bottle,mustard_bottle,1,6.6,0.72
stack5_scene0016,view_el60_az180,wood_block,wood_block,1,48.1,1.08
stack5_scene0016,view_el60_az180,wood_block,tomato_soup_can,0,95.9,1.29
stack5_scene0016,view_el60_az180,fork,fork,1,54.3,2.49
stack5_scene0016,view_el60_az195,wood_block,tomato_soup_can,0,92.4,1.33
stack5_scene0016,view_el60_az195,fork,fork,1,51.2,2.49
stack5_scene0016,view_el60_az255,wood_block,wood_block,1,74.9,1.16
stack5_scene0016,view_el60_az255,wood_block,mustard_bottle,0,180.6,2.03
stack5_scene0016,view_el60_az255,wood_block,mustard_bottle,0,180.1,2.8
stack5_scene0016,view_el60_az255,wood_block,tomato_soup_can,0,89.8,1.19
stack5_scene0016,view_el60_az255,wood_block,mustard_bottle,0,134.9,1.55
stack5_scene0016,view_el60_az255,wood_block,tomato_soup_can,0,80.0,1.02
stack5_scene0016,view_el60_az255,tomato_soup_can,mustard_bottle,0,224.6,3.95
stack5_scene0016,view_el60_az255,tomato_soup_can,mustard_bottle,0,224.2,6.96
stack5_scene0016,view_el60_az255,mustard_bottle,tomato_soup_can,0,214.8,3.61
stack5_scene0016,view_el60_az255,mustard_bottle,tomato_soup_can,0,237.6,5.6
stack5_scene0016,view_el60_az255,tomato_soup_can,tomato_soup_can,1,22.8,0.67
stack5_scene0016,view_el75_az105,tomato_soup_can,wood_block,0,128.0,1.32
stack5_scene0016,view_el75_az105,tomato_soup_can,wood_block,0,91.0,1.19
stack5_scene0016,view_el75_az225,tomato_soup_can,wood_block,0,144.0,1.45
stack5_scene0016,view_el75_az225,tomato_soup_can,wood_block,0,82.1,1.31
stack5_scene0016,view_el75_az225,fork,fork,1,17.4,1.83
stack5_scene0016,view_el90,tomato_soup_can,wood_block,0,65.1,1.13
stack5_scene0016,view_el90,tomato_soup_can,wood_block,0,60.0,1.14
stack5_scene0016,view_el90,mustard_bottle,mustard_bottle,1,70.0,1.22
stack5_scene0016,view_el90,mustard_bottle,mustard_bottle,1,85.0,1.21
stack5_scene0016,view_el90,fork,fork,1,0.0,0.0
stack5_scene0017,view_el30_az135,master_chef_can,master_chef_can,1,26.1,0.8
stack5_scene0017,view_el30_az135,cups,padlock,0,172.8,9.41
stack5_scene0017,view_el30_az135,cups,cups,1,3.0,0.12
stack5_scene0017,view_el30_az195,master_chef_can,cups,0,121.0,3.7
stack5_scene0017,view_el30_az195,master_chef_can,sugar_box,0,101.7,2.26
stack5_scene0017,view_el30_az195,master_chef_can,cups,0,117.7,3.26
stack5_scene0017,view_el30_az195,master_chef_can,sugar_box,0,82.7,2.68
stack5_scene0017,view_el30_az195,master_chef_can,sugar_box,0,130.4,3.45
stack5_scene0017,view_el30_az195,master_chef_can,sugar_box,0,82.8,2.89
stack5_scene0017,view_el30_az195,sugar_box,master_chef_can,0,122.9,3.12
stack5_scene0017,view_el30_az195,sugar_box,master_chef_can,0,122.9,3.12
stack5_scene0017,view_el30_az195,cups,cups,1,6.4,0.25
stack5_scene0017,view_el30_az195,sugar_box,sugar_box,1,47.6,1.68
stack5_scene0017,view_el30_az195,sugar_box,master_chef_can,0,103.9,4.1
stack5_scene0017,view_el30_az195,sugar_box,master_chef_can,0,103.9,4.1
stack5_scene0017,view_el30_az195,sugar_box,master_chef_can,0,151.6,4.71
stack5_scene0017,view_el30_az195,sugar_box,master_chef_can,0,151.6,4.71
stack5_scene0017,view_el30_az195,master_chef_can,sugar_box,0,104.0,4.5
stack5_scene0017,view_el30_az195,master_chef_can,sugar_box,0,104.0,4.49
stack5_scene0017,view_el30_az195,padlock,padlock,1,4.7,0.51
stack5_scene0017,view_el30_az210,master_chef_can,cups,0,131.3,4.07
stack5_scene0017,view_el30_az210,master_chef_can,cups,0,128.3,3.74
stack5_scene0017,view_el30_az210,master_chef_can,sugar_box,0,103.1,2.3
stack5_scene0017,view_el30_az210,master_chef_can,sugar_box,0,153.6,4.09
stack5_scene0017,view_el30_az210,master_chef_can,sugar_box,0,154.6,4.13
stack5_scene0017,view_el30_az210,cups,cups,1,6.3,0.26
stack5_scene0017,view_el30_az210,sugar_box,master_chef_can,0,121.9,3.18
stack5_scene0017,view_el30_az210,sugar_box,master_chef_can,0,121.9,3.18
stack5_scene0017,view_el30_az210,sugar_box,sugar_box,1,58.8,1.83
stack5_scene0017,view_el30_az210,master_chef_can,sugar_box,0,172.3,5.54
stack5_scene0017,view_el30_az210,master_chef_can,sugar_box,0,173.4,5.6
stack5_scene0017,view_el30_az210,master_chef_can,sugar_box,0,172.3,5.54
stack5_scene0017,view_el30_az210,master_chef_can,sugar_box,0,173.4,5.6
stack5_scene0017,view_el30_az210,padlock,padlock,1,7.7,0.8
stack5_scene0017,view_el30_az210,padlock,padlock,1,19.2,2.79
stack5_scene0017,view_el30_az240,master_chef_can,sugar_box,0,90.2,2.35
stack5_scene0017,view_el30_az240,master_chef_can,sugar_box,0,88.6,2.75
stack5_scene0017,view_el30_az240,master_chef_can,sugar_box,0,125.8,1.65
stack5_scene0017,view_el30_az240,cups,cups,1,7.4,0.28
stack5_scene0017,view_el30_az240,sugar_box,master_chef_can,0,114.0,4.36
stack5_scene0017,view_el30_az240,sugar_box,master_chef_can,0,113.8,4.35
stack5_scene0017,view_el30_az240,sugar_box,master_chef_can,0,112.6,5.63
stack5_scene0017,view_el30_az240,sugar_box,master_chef_can,0,112.4,5.63
stack5_scene0017,view_el30_az240,sugar_box,sugar_box,1,36.7,0.56
stack5_scene0017,view_el30_az240,master_chef_can,sugar_box,0,149.3,2.33
stack5_scene0017,view_el30_az240,master_chef_can,sugar_box,0,149.1,2.33
stack5_scene0017,view_el45_az135,master_chef_can,master_chef_can,1,34.1,0.81
stack5_scene0017,view_el45_az135,master_chef_can,master_chef_can,1,9.6,0.27
stack5_scene0017,view_el45_az135,sugar_box,sugar_box,1,21.6,0.64
stack5_scene0017,view_el45_az225,master_chef_can,sugar_box,0,76.3,1.57
stack5_scene0017,view_el45_az225,master_chef_can,sugar_box,0,113.3,2.39
stack5_scene0017,view_el45_az225,sugar_box,master_chef_can,0,101.2,2.84
stack5_scene0017,view_el45_az225,sugar_box,sugar_box,1,38.7,0.51
stack5_scene0017,view_el45_az225,master_chef_can,sugar_box,0,138.3,4.01
stack5_scene0017,view_el45_az225,cups,cups,1,17.1,0.86
stack5_scene0017,view_el45_az225,padlock,padlock,1,8.5,0.9
stack5_scene0017,view_el60_az180,master_chef_can,sugar_box,0,48.0,0.71
stack5_scene0017,view_el60_az180,sugar_box,master_chef_can,0,58.7,1.07
stack5_scene0017,view_el60_az180,master_chef_can,master_chef_can,1,37.0,0.83
stack5_scene0017,view_el60_az180,padlock,padlock,1,3.8,0.39
stack5_scene0017,view_el60_az195,master_chef_can,sugar_box,0,51.4,0.81
stack5_scene0017,view_el60_az195,master_chef_can,sugar_box,0,99.4,1.86
stack5_scene0017,view_el60_az195,master_chef_can,sugar_box,0,105.7,1.98
stack5_scene0017,view_el60_az195,sugar_box,master_chef_can,0,64.4,1.3
stack5_scene0017,view_el60_az195,master_chef_can,master_chef_can,1,40.7,0.98
stack5_scene0017,view_el60_az195,master_chef_can,sugar_box,0,112.3,2.84
stack5_scene0017,view_el60_az195,master_chef_can,sugar_box,0,118.6,3.01
stack5_scene0017,view_el60_az195,sugar_box,sugar_box,1,69.8,1.86
stack5_scene0017,view_el60_az195,cups,cups,1,11.9,0.46
stack5_scene0017,view_el60_az195,padlock,padlock,1,2.6,0.44
stack5_scene0017,view_el60_az195,padlock,padlock,1,5.6,0.54
stack5_scene0017,view_el60_az255,master_chef_can,sugar_box,0,48.1,0.75
stack5_scene0017,view_el60_az255,master_chef_can,sugar_box,0,82.7,1.4
stack5_scene0017,view_el60_az255,master_chef_can,sugar_box,0,100.7,1.81
stack5_scene0017,view_el60_az255,sugar_box,master_chef_can,0,63.7,1.31
stack5_scene0017,view_el60_az255,master_chef_can,master_chef_can,1,44.0,1.02
stack5_scene0017,view_el60_az255,master_chef_can,sugar_box,0,98.3,2.24
stack5_scene0017,view_el60_az255,master_chef_can,sugar_box,0,116.3,2.87
stack5_scene0017,view_el60_az255,sugar_box,sugar_box,1,64.8,1.74
stack5_scene0017,view_el60_az255,sugar_box,sugar_box,1,70.1,1.81
stack5_scene0017,view_el60_az255,cups,cups,1,16.8,0.89
stack5_scene0017,view_el60_az255,padlock,padlock,1,8.4,1.14
stack5_scene0017,view_el75_az105,cups,cups,1,8.0,0.5
stack5_scene0017,view_el75_az105,cups,cups,1,24.8,1.11
stack5_scene0017,view_el75_az105,cups,cups,1,7.7,0.48
stack5_scene0017,view_el75_az225,master_chef_can,master_chef_can,1,12.4,0.17
stack5_scene0017,view_el75_az225,master_chef_can,master_chef_can,1,85.2,2.03
stack5_scene0017,view_el75_az225,master_chef_can,sugar_box,0,26.4,0.49
stack5_scene0017,view_el75_az225,master_chef_can,sugar_box,0,88.4,1.97
stack5_scene0017,view_el75_az225,sugar_box,sugar_box,1,78.3,1.85
stack5_scene0017,view_el75_az225,sugar_box,sugar_box,1,76.6,1.81
stack5_scene0017,view_el90,cups,cups,1,5.0,0.29
stack5_scene0018,view_el30_az135,tomato_soup_can,gelatin_box,0,25.6,0.98
stack5_scene0018,view_el30_az195,tomato_soup_can,gelatin_box,0,27.8,1.53
stack5_scene0018,view_el30_az195,tomato_soup_can,gelatin_box,0,18.7,1.37
stack5_scene0018,view_el30_az195,rubiks_cube,rubiks_cube,1,1.7,0.12
stack5_scene0018,view_el30_az195,rubiks_cube,rubiks_cube,1,1.7,0.11
stack5_scene0018,view_el30_az195,cups,cups,1,8.6,0.47
stack5_scene0018,view_el30_az195,rubiks_cube,rubiks_cube,1,1.4,0.27
stack5_scene0018,view_el30_az195,rubiks_cube,rubiks_cube,1,7.0,1.32
stack5_scene0018,view_el30_az195,rubiks_cube,rubiks_cube,1,7.0,1.02
stack5_scene0018,view_el30_az195,rubiks_cube,rubiks_cube,1,7.5,1.61
stack5_scene0018,view_el30_az210,tomato_soup_can,gelatin_box,0,29.1,1.42
stack5_scene0018,view_el30_az210,cups,cups,1,9.1,0.54
stack5_scene0018,view_el30_az210,rubiks_cube,rubiks_cube,1,1.5,0.1
stack5_scene0018,view_el30_az210,rubiks_cube,rubiks_cube,1,2.7,0.46
stack5_scene0018,view_el30_az210,rubiks_cube,rubiks_cube,1,3.5,0.48
stack5_scene0018,view_el30_az210,rubiks_cube,rubiks_cube,1,11.3,2.48
stack5_scene0018,view_el30_az210,rubiks_cube,rubiks_cube,1,9.7,1.75
stack5_scene0018,view_el30_az210,rubiks_cube,rubiks_cube,1,6.9,1.14
stack5_scene0018,view_el30_az210,rubiks_cube,rubiks_cube,1,0.8,0.24
stack5_scene0018,view_el30_az210,rubiks_cube,rubiks_cube,1,1.1,0.28
stack5_scene0018,view_el30_az240,tomato_soup_can,gelatin_box,0,29.8,1.22
stack5_scene0018,view_el30_az240,rubiks_cube,rubiks_cube,1,16.1,0.41
stack5_scene0018,view_el30_az240,rubiks_cube,rubiks_cube,1,8.6,0.72
stack5_scene0018,view_el30_az240,rubiks_cube,rubiks_cube,1,5.7,0.95
stack5_scene0018,view_el30_az240,rubiks_cube,rubiks_cube,1,5.0,0.15
stack5_scene0018,view_el30_az240,rubiks_cube,rubiks_cube,1,12.8,1.52
stack5_scene0018,view_el30_az240,rubiks_cube,rubiks_cube,1,10.0,2.03
stack5_scene0018,view_el30_az240,rubiks_cube,rubiks_cube,1,7.5,0.22
stack5_scene0018,view_el30_az240,rubiks_cube,rubiks_cube,1,8.2,0.13
stack5_scene0018,view_el30_az240,rubiks_cube,rubiks_cube,1,11.6,0.24
stack5_scene0018,view_el30_az240,rubiks_cube,rubiks_cube,1,6.3,0.29
stack5_scene0018,view_el30_az240,rubiks_cube,rubiks_cube,1,7.5,0.91
stack5_scene0018,view_el30_az240,rubiks_cube,rubiks_cube,1,10.3,1.91
stack5_scene0018,view_el45_az135,tomato_soup_can,gelatin_box,0,46.1,1.64
stack5_scene0018,view_el45_az135,tomato_soup_can,cups,0,135.1,4.62
stack5_scene0018,view_el45_az135,tomato_soup_can,cups,0,151.4,6.43
stack5_scene0018,view_el45_az225,tomato_soup_can,gelatin_box,0,49.1,1.72
stack5_scene0018,view_el45_az225,rubiks_cube,rubiks_cube,1,3.7,0.18
stack5_scene0018,view_el45_az225,rubiks_cube,rubiks_cube,1,10.6,1.46
stack5_scene0018,view_el60_az180,tomato_soup_can,gelatin_box,0,65.9,2.34
stack5_scene0018,view_el60_az180,rubiks_cube,rubiks_cube,1,14.1,0.67
stack5_scene0018,view_el60_az180,rubiks_cube,rubiks_cube,1,7.3,0.36
stack5_scene0018,view_el60_az180,cups,cups,1,19.1,0.85
stack5_scene0018,view_el60_az180,cups,cups,1,19.6,0.85
stack5_scene0018,view_el60_az180,rubiks_cube,rubiks_cube,1,6.8,0.31
stack5_scene0018,view_el60_az195,tomato_soup_can,gelatin_box,0,67.9,2.43
stack5_scene0018,view_el60_az255,tomato_soup_can,gelatin_box,0,65.8,2.19
stack5_scene0018,view_el75_az105,tomato_soup_can,gelatin_box,0,70.3,2.02
stack5_scene0018,view_el75_az225,tomato_soup_can,gelatin_box,0,89.2,3.45
stack5_scene0018,view_el75_az225,rubiks_cube,rubiks_cube,1,21.6,1.84
stack5_scene0018,view_el75_az225,cups,cups,1,23.9,1.13
stack5_scene0018,view_el75_az225,golf_ball,golf_ball,1,10.6,1.09
stack5_scene0018,view_el90,tomato_soup_can,tomato_soup_can,1,95.0,5.43
stack5_scene0018,view_el90,tomato_soup_can,tomato_soup_can,1,10.0,0.2
stack5_scene0019,view_el30_az135,cracker_box,sugar_box,0,24.8,0.41
stack5_scene0019,view_el30_az135,cracker_box,bowl,0,155.0,3.64
stack5_scene0019,view_el30_az135,cracker_box,cracker_box,1,42.6,0.75
stack5_scene0019,view_el30_az135,cracker_box,cracker_box,1,43.6,0.74
stack5_scene0019,view_el30_az135,cracker_box,cracker_box,1,17.5,0.56
stack5_scene0019,view_el30_az135,cracker_box,cracker_box,1,14.4,0.74
stack5_scene0019,view_el30_az195,cracker_box,bowl,0,217.0,5.47
stack5_scene0019,view_el30_az195,cracker_box,cracker_box,1,5.9,0.13
stack5_scene0019,view_el30_az195,sugar_box,bowl,0,206.8,1.98
stack5_scene0019,view_el30_az195,cracker_box,cracker_box,1,10.0,1.16
stack5_scene0019,view_el30_az210,cracker_box,sugar_box,0,166.3,3.71
stack5_scene0019,view_el30_az210,cracker_box,orange,0,116.5,3.06
stack5_scene0019,view_el30_az210,cracker_box,sugar_box,0,8.5,0.08
stack5_scene0019,view_el30_az210,cracker_box,sugar_box,0,8.7,0.2
stack5_scene0019,view_el30_az210,cracker_box,sugar_box,0,166.3,3.71
stack5_scene0019,view_el30_az210,cracker_box,orange,0,116.5,3.06
stack5_scene0019,view_el30_az210,cracker_box,sugar_box,0,8.5,0.08
stack5_scene0019,view_el30_az210,cracker_box,sugar_box,0,8.7,0.2
stack5_scene0019,view_el30_az210,cracker_box,cracker_box,1,6.7,0.17
stack5_scene0019,view_el30_az210,cracker_box,cracker_box,1,4.3,0.14
stack5_scene0019,view_el30_az210,sugar_box,bowl,0,34.7,1.08
stack5_scene0019,view_el30_az210,sugar_box,cracker_box,0,179.9,6.65
stack5_scene0019,view_el30_az210,sugar_box,bowl,0,27.6,0.71
stack5_scene0019,view_el30_az210,phillips_screwdriver,phillips_screwdriver,1,21.2,1.09
stack5_scene0019,view_el30_az210,cracker_box,cracker_box,1,17.7,1.07
stack5_scene0019,view_el30_az210,cracker_box,cracker_box,1,29.4,1.65
stack5_scene0019,view_el30_az240,cracker_box,orange,0,161.8,1.83
stack5_scene0019,view_el30_az240,cracker_box,sugar_box,0,48.0,1.1
stack5_scene0019,view_el30_az240,cracker_box,sugar_box,0,52.3,1.19
stack5_scene0019,view_el30_az240,cracker_box,orange,0,98.1,1.11
stack5_scene0019,view_el30_az240,cracker_box,cracker_box,1,0.7,0.02
stack5_scene0019,view_el30_az240,bowl,bowl,1,14.8,0.46
stack5_scene0019,view_el30_az240,cracker_box,cracker_box,1,9.6,0.28
stack5_scene0019,view_el30_az240,cracker_box,cracker_box,1,3.7,0.14
stack5_scene0019,view_el30_az240,phillips_screwdriver,phillips_screwdriver,1,19.8,1.23
stack5_scene0019,view_el30_az240,cracker_box,orange,0,80.5,1.05
stack5_scene0019,view_el30_az240,cracker_box,cracker_box,1,31.2,0.34
stack5_scene0019,view_el30_az240,cracker_box,cracker_box,1,17.2,0.59
stack5_scene0019,view_el30_az240,cracker_box,cracker_box,1,25.4,1.53
stack5_scene0019,view_el45_az135,cracker_box,bowl,0,161.6,3.45
stack5_scene0019,view_el45_az135,cracker_box,sugar_box,0,4.5,0.11
stack5_scene0019,view_el45_az135,cracker_box,sugar_box,0,6.1,0.15
stack5_scene0019,view_el45_az135,cracker_box,bowl,0,162.4,3.32
stack5_scene0019,view_el45_az135,cracker_box,cracker_box,1,36.5,0.98
stack5_scene0019,view_el45_az135,cracker_box,cracker_box,1,39.3,1.54
stack5_scene0019,view_el45_az135,cracker_box,cracker_box,1,36.8,1.49
stack5_scene0019,view_el45_az225,cracker_box,sugar_box,0,8.0,0.19
stack5_scene0019,view_el45_az225,cracker_box,bowl,0,168.3,3.35
stack5_scene0019,view_el45_az225,cracker_box,sugar_box,0,10.5,0.24
stack5_scene0019,view_el45_az225,cracker_box,orange,0,146.4,3.41
stack5_scene0019,view_el45_az225,sugar_box,cracker_box,0,55.2,3.66
stack5_scene0019,view_el45_az225,cracker_box,cracker_box,1,10.6,0.34
stack5_scene0019,view_el45_az225,cracker_box,orange,0,134.5,4.9
stack5_scene0019,view_el45_az225,phillips_screwdriver,phillips_screwdriver,1,25.4,1.26
stack5_scene0019,view_el45_az225,phillips_screwdriver,phillips_screwdriver,1,5.9,0.43
stack5_scene0019,view_el45_az225,cracker_box,cracker_box,1,24.3,1.29
stack5_scene0019,view_el45_az225,cracker_box,cracker_box,1,36.8,1.9
stack5_scene0019,view_el60_az180,sugar_box,cracker_box,0,203.1,4.88
stack5_scene0019,view_el60_az180,sugar_box,cracker_box,0,185.4,3.22
stack5_scene0019,view_el60_az180,sugar_box,cracker_box,0,209.9,8.0
stack5_scene0019,view_el60_az180,sugar_box,cracker_box,0,189.8,6.48
stack5_scene0019,view_el60_az180,cracker_box,sugar_box,0,179.8,3.18
stack5_scene0019,view_el60_az180,cracker_box,cracker_box,1,27.8,0.59
stack5_scene0019,view_el60_az195,sugar_box,cracker_box,0,170.6,1.19
stack5_scene0019,view_el60_az195,sugar_box,cracker_box,0,180.3,1.36
stack5_scene0019,view_el60_az195,sugar_box,bowl,0,4.1,0.03
stack5_scene0019,view_el60_az195,sugar_box,bowl,0,13.9,0.13
stack5_scene0019,view_el60_az195,sugar_box,cracker_box,0,210.9,2.05
stack5_scene0019,view_el60_az195,sugar_box,cracker_box,0,178.9,1.66
stack5_scene0019,view_el60_az195,cracker_box,sugar_box,0,165.1,1.18
stack5_scene0019,view_el60_az195,cracker_box,sugar_box,0,158.2,1.11
stack5_scene0019,view_el60_az195,cracker_box,bowl,0,196.8,3.34
stack5_scene0019,view_el60_az195,cracker_box,bowl,0,163.6,3.33
stack5_scene0019,view_el60_az195,cracker_box,sugar_box,0,174.8,1.35
stack5_scene0019,view_el60_az195,cracker_box,sugar_box,0,167.9,1.28
stack5_scene0019,view_el60_az195,cracker_box,bowl,0,184.4,3.09
stack5_scene0019,view_el60_az195,cracker_box,bowl,0,166.4,3.9
stack5_scene0019,view_el60_az195,sugar_box,sugar_box,1,60.2,0.55
stack5_scene0019,view_el60_az195,sugar_box,bowl,0,9.6,0.08
stack5_scene0019,view_el60_az195,sugar_box,bowl,0,8.4,0.08
stack5_scene0019,view_el60_az195,sugar_box,cracker_box,0,205.4,2.04
stack5_scene0019,view_el60_az195,sugar_box,cracker_box,0,173.4,1.64
stack5_scene0019,view_el60_az195,sugar_box,cracker_box,0,166.5,1.56
stack5_scene0019,view_el60_az195,cracker_box,cracker_box,1,21.5,0.46
stack5_scene0019,view_el60_az255,cracker_box,sugar_box,0,108.6,1.82
stack5_scene0019,view_el60_az255,cracker_box,orange,0,7.0,0.14
stack5_scene0019,view_el60_az255,sugar_box,bowl,0,25.0,0.64
stack5_scene0019,view_el60_az255,cracker_box,orange,0,14.0,0.43
stack5_scene0019,view_el60_az255,bowl,sugar_box,0,20.3,0.62
stack5_scene0019,view_el60_az255,sugar_box,sugar_box,1,27.7,0.66
stack5_scene0019,view_el60_az255,sugar_box,sugar_box,1,15.8,0.83
stack5_scene0019,view_el60_az255,phillips_screwdriver,phillips_screwdriver,1,15.3,1.13
stack5_scene0019,view_el60_az255,cracker_box,cracker_box,1,35.3,1.31
stack5_scene0019,view_el60_az255,cracker_box,cracker_box,1,28.6,1.44
stack5_scene0019,view_el75_az105,bowl,sugar_box,0,4.1,0.17
stack5_scene0019,view_el75_az105,bowl,sugar_box,0,21.2,0.37
stack5_scene0019,view_el75_az105,bowl,sugar_box,0,1.9,0.09
stack5_scene0019,view_el75_az105,bowl,sugar_box,0,4.1,0.29
stack5_scene0019,view_el75_az105,sugar_box,sugar_box,1,23.1,0.38
stack5_scene0019,view_el75_az225,sugar_box,cracker_box,0,11.2,0.26
stack5_scene0019,view_el75_az225,sugar_box,cracker_box,0,14.9,0.46
stack5_scene0019,view_el75_az225,sugar_box,orange,0,141.3,6.18
stack5_scene0019,view_el75_az225,sugar_box,cracker_box,0,29.7,1.47
stack5_scene0019,view_el75_az225,cracker_box,orange,0,169.6,6.37
stack5_scene0019,view_el75_az225,cracker_box,sugar_box,0,3.7,0.08
stack5_scene0019,view_el75_az225,cracker_box,orange,0,156.3,4.94
stack5_scene0019,view_el75_az225,cracker_box,sugar_box,0,7.3,0.21
stack5_scene0019,view_el75_az225,phillips_screwdriver,phillips_screwdriver,1,9.2,0.73
stack5_scene0019,view_el75_az225,sugar_box,cracker_box,0,22.1,0.98
stack5_scene0019,view_el75_az225,phillips_screwdriver,phillips_screwdriver,1,14.0,1.37
stack5_scene0019,view_el90,sugar_box,cracker_box,0,19.9,0.53
stack5_scene0019,view_el90,sugar_box,orange,0,130.1,5.78
stack5_scene0019,view_el90,sugar_box,cracker_box,0,20.0,0.5
stack5_scene0019,view_el90,sugar_box,orange,0,135.1,5.41
stack5_scene0019,view_el90,orange,orange,1,20.0,1.33
stack5_scene0019,view_el90,phillips_screwdriver,phillips_screwdriver,1,0.0,0.0
stack5_scene0019,view_el90,phillips_screwdriver,phillips_screwdriver,1,10.0,1.0
stack5_scene0020,view_el30_az135,softball,pear,0,86.0,3.62
stack5_scene0020,view_el30_az135,softball,pear,0,88.8,3.56
stack5_scene0020,view_el30_az135,pudding_box,tuna_fish_can,0,6.7,0.3
stack5_scene0020,view_el30_az135,tuna_fish_can,tuna_fish_can,1,17.0,0.99
stack5_scene0020,view_el30_az135,cups,cups,1,6.7,0.3
stack5_scene0020,view_el30_az195,softball,cups,0,119.1,3.82
stack5_scene0020,view_el30_az195,tuna_fish_can,pudding_box,0,6.7,0.28
stack5_scene0020,view_el30_az195,tuna_fish_can,pudding_box,0,13.7,0.65
stack5_scene0020,view_el30_az195,pudding_box,tuna_fish_can,0,4.7,0.31
stack5_scene0020,view_el30_az195,tuna_fish_can,tuna_fish_can,1,22.6,0.94
stack5_scene0020,view_el30_az195,tuna_fish_can,pudding_box,0,2.2,0.18
stack5_scene0020,view_el30_az210,tuna_fish_can,pudding_box,0,9.1,0.37
stack5_scene0020,view_el30_az210,tuna_fish_can,pudding_box,0,14.9,0.69
stack5_scene0020,view_el30_az240,softball,pudding_box,0,184.7,4.7
stack5_scene0020,view_el30_az240,softball,pudding_box,0,184.1,4.68
stack5_scene0020,view_el30_az240,cups,cups,1,1.7,0.07
stack5_scene0020,view_el30_az240,pudding_box,tuna_fish_can,0,1.9,0.06
stack5_scene0020,view_el30_az240,pudding_box,tuna_fish_can,0,2.0,0.06
stack5_scene0020,view_el45_az135,softball,pear,0,53.8,2.66
stack5_scene0020,view_el45_az135,tuna_fish_can,pudding_box,0,11.2,0.54
stack5_scene0020,view_el45_az135,tuna_fish_can,pudding_box,0,4.2,0.23
stack5_scene0020,view_el45_az135,pudding_box,tuna_fish_can,0,6.2,0.28
stack5_scene0020,view_el45_az135,pudding_box,tuna_fish_can,0,18.1,1.36
stack5_scene0020,view_el45_az135,tuna_fish_can,tuna_fish_can,1,11.9,0.7
stack5_scene0020,view_el45_az135,tuna_fish_can,pudding_box,0,11.0,1.05
stack5_scene0020,view_el45_az225,tuna_fish_can,pudding_box,0,0.1,0.0
stack5_scene0020,view_el45_az225,tuna_fish_can,pudding_box,0,12.7,0.64
stack5_scene0020,view_el45_az225,pudding_box,tuna_fish_can,0,4.6,0.24
stack5_scene0020,view_el45_az225,pudding_box,tuna_fish_can,0,19.3,1.06
stack5_scene0020,view_el45_az225,pear,pear,1,11.0,0.58
stack5_scene0020,view_el45_az225,tuna_fish_can,tuna_fish_can,1,22.9,1.39
stack5_scene0020,view_el45_az225,tuna_fish_can,tuna_fish_can,1,21.9,1.36
stack5_scene0020,view_el45_az225,tuna_fish_can,pudding_box,0,5.6,0.41
stack5_scene0020,view_el60_az180,tuna_fish_can,tuna_fish_can,1,16.5,1.18
stack5_scene0020,view_el60_az180,tuna_fish_can,pudding_box,0,10.3,0.52
stack5_scene0020,view_el60_az180,tuna_fish_can,tuna_fish_can,1,4.0,0.27
stack5_scene0020,view_el60_az180,tuna_fish_can,pudding_box,0,1.0,0.06
stack5_scene0020,view_el60_az180,pudding_box,tuna_fish_can,0,24.2,1.7
stack5_scene0020,view_el60_az180,tuna_fish_can,pudding_box,0,12.3,1.07
stack5_scene0020,view_el60_az195,tuna_fish_can,pudding_box,0,22.6,1.68
stack5_scene0020,view_el60_az195,tuna_fish_can,pudding_box,0,8.7,0.49
stack5_scene0020,view_el60_az195,tuna_fish_can,pudding_box,0,1.6,0.1
stack5_scene0020,view_el60_az255,tuna_fish_can,pudding_box,0,13.6,0.66
stack5_scene0020,view_el60_az255,tuna_fish_can,pudding_box,0,13.1,0.63
stack5_scene0020,view_el60_az255,pudding_box,tuna_fish_can,0,21.9,1.24
stack5_scene0020,view_el60_az255,pudding_box,tuna_fish_can,0,20.1,1.07
stack5_scene0020,view_el75_az105,tuna_fish_can,pudding_box,0,19.9,1.21
stack5_scene0020,view_el90,tuna_fish_can,pear,0,15.0,0.75
