{
  "timestamp": "20260403_030113_886792",
  "position_m": {
    "x": -0.35054505346818376,
    "y": 0.12669808434252,
    "z": 0.5677105534684729
  },
  "rotation_rpy_rad": {
    "roll": -6.777919516481267e-05,
    "pitch": 1.0707781684727555,
    "yaw": -0.05005748810670505
  },
  "rotation_rpy_deg": {
    "roll": -0.0038834618217372823,
    "pitch": 61.35106984823712,
    "yaw": -2.8680828015405133
  },
  "files": {
    "rgb": "rgb_20260403_030113_886792.png",
    "depth_visualization": "depth_20260403_030113_886792.png",
    "depth_raw_npy": "depth_20260403_030113_886792.npy"
  }
}