{
  "timestamp": "20260403_030340_121222",
  "position_m": {
    "x": -0.09447071334162142,
    "y": -0.4220716777999374,
    "z": 0.462676725087069
  },
  "rotation_rpy_rad": {
    "roll": 2.6664397103060926,
    "pitch": 0.6971986426565709,
    "yaw": 1.3660452306195046
  },
  "rotation_rpy_deg": {
    "roll": 152.77574172662497,
    "pitch": 39.946539706471164,
    "yaw": 78.26862633847283
  },
  "files": {
    "rgb": "rgb_20260403_030340_121222.png",
    "depth_visualization": "depth_20260403_030340_121222.png",
    "depth_raw_npy": "depth_20260403_030340_121222.npy"
  }
}