{
  "timestamp": "20260403_030303_665628",
  "position_m": {
    "x": -0.4856008055186253,
    "y": 0.3878708027899262,
    "z": 0.6331193245840652
  },
  "rotation_rpy_rad": {
    "roll": -1.8072454227080956,
    "pitch": 0.5580236739136627,
    "yaw": -0.34770463774058513
  },
  "rotation_rpy_deg": {
    "roll": -103.5475352655103,
    "pitch": 31.972401383637365,
    "yaw": -19.92200825966073
  },
  "files": {
    "rgb": "rgb_20260403_030303_665628.png",
    "depth_visualization": "depth_20260403_030303_665628.png",
    "depth_raw_npy": "depth_20260403_030303_665628.npy"
  }
}